districtNew,sectionNew,subsectionNew,landNumberNew,districtOld,sectionOld,subsectionOld,landNumberOld
平溪區,十分,,1,平溪區,十分寮,月桃寮,134-68
平溪區,十分,,10,平溪區,十分寮,月桃寮,134-40
平溪區,十分,,100,平溪區,十分寮,月桃寮,76-2
平溪區,十分,,1000,平溪區,十分寮,十分寮,331-25
平溪區,十分,,1001,平溪區,十分寮,十分寮,272-4
平溪區,十分,,1002,平溪區,十分寮,十分寮,173-65
平溪區,十分,,1003,平溪區,十分寮,十分寮,173-61
平溪區,十分,,1004,平溪區,十分寮,十分寮,331-45
平溪區,十分,,1005,平溪區,十分寮,十分寮,313-13
平溪區,十分,,1006,平溪區,十分寮,十分寮,173-74
平溪區,十分,,1007,平溪區,十分寮,十分寮,331-28
平溪區,十分,,1008,平溪區,十分寮,十分寮,173-60
平溪區,十分,,1009,平溪區,十分寮,十分寮,173-79
平溪區,十分,,101,平溪區,十分寮,新寮,347-22
平溪區,十分,,1010,平溪區,十分寮,十分寮,331-12
平溪區,十分,,1011,平溪區,十分寮,十分寮,173-72
平溪區,十分,,1012,平溪區,十分寮,十分寮,170
平溪區,十分,,1013,平溪區,十分寮,十分寮,331-16
平溪區,十分,,1014,平溪區,十分寮,十分寮,331-33
平溪區,十分,,1015,平溪區,十分寮,十分寮,105-22
平溪區,十分,,1016,平溪區,十分寮,十分寮,331-89
平溪區,十分,,1017,平溪區,十分寮,十分寮,173-100
平溪區,十分,,1018,平溪區,十分寮,十分寮,313-5
平溪區,十分,,1019,平溪區,十分寮,十分寮,339-3
平溪區,十分,,102,平溪區,十分寮,月桃寮,134-78
平溪區,十分,,1020,平溪區,十分寮,十分寮,312-3
平溪區,十分,,1021,平溪區,十分寮,十分寮,173-99
平溪區,十分,,1022,平溪區,十分寮,十分寮,173-37
平溪區,十分,,1023,平溪區,十分寮,十分寮,313-14
平溪區,十分,,1024,平溪區,十分寮,十分寮,173-80
平溪區,十分,,1025,平溪區,十分寮,十分寮,168-11
平溪區,十分,,1026,平溪區,十分寮,十分寮,173-56
平溪區,十分,,1027,平溪區,十分寮,十分寮,173-73
平溪區,十分,,1028,平溪區,十分寮,十分寮,312-2
平溪區,十分,,103,平溪區,十分寮,月桃寮,134-52
平溪區,十分,,1030,平溪區,十分寮,十分寮,173-38
平溪區,十分,,1031,平溪區,十分寮,十分寮,331-34
平溪區,十分,,1032,平溪區,十分寮,十分寮,173-77
平溪區,十分,,1033,平溪區,十分寮,十分寮,173-76
平溪區,十分,,1034,平溪區,十分寮,十分寮,331-32
平溪區,十分,,1035,平溪區,十分寮,十分寮,173-55
平溪區,十分,,1036,平溪區,十分寮,十分寮,331-100
平溪區,十分,,1037,平溪區,十分寮,十分寮,173-49
平溪區,十分,,1038,平溪區,十分寮,十分寮,331-99
平溪區,十分,,1039,平溪區,十分寮,十分寮,313-15
平溪區,十分,,104,平溪區,十分寮,月桃寮,146-3
平溪區,十分,,1040,平溪區,十分寮,十分寮,331-15
平溪區,十分,,1041,平溪區,十分寮,十分寮,312
平溪區,十分,,1042,平溪區,十分寮,十分寮,173-9
平溪區,十分,,1043,平溪區,十分寮,十分寮,173-75
平溪區,十分,,1044,平溪區,十分寮,十分寮,173-39
平溪區,十分,,1045,平溪區,十分寮,十分寮,310-5
平溪區,十分,,1046,平溪區,十分寮,十分寮,331-98
平溪區,十分,,1047,平溪區,十分寮,十分寮,173-44
平溪區,十分,,1048,平溪區,十分寮,十分寮,331-96
平溪區,十分,,1049,平溪區,十分寮,十分寮,339-2
平溪區,十分,,105,平溪區,十分寮,月桃寮,76-21
平溪區,十分,,1050,平溪區,十分寮,十分寮,331-76
平溪區,十分,,1051,平溪區,十分寮,十分寮,173-7
平溪區,十分,,1052,平溪區,十分寮,十分寮,105-19
平溪區,十分,,1053,平溪區,十分寮,十分寮,331-97
平溪區,十分,,1055,平溪區,十分寮,十分寮,173-45
平溪區,十分,,1056,平溪區,十分寮,十分寮,310-6
平溪區,十分,,1057,平溪區,十分寮,十分寮,627-1
平溪區,十分,,1058,平溪區,十分寮,十分寮,331-75
平溪區,十分,,1059,平溪區,十分寮,十分寮,173-47
平溪區,十分,,106,平溪區,十分寮,月桃寮,146-5
平溪區,十分,,1060,平溪區,十分寮,十分寮,331-78
平溪區,十分,,1061,平溪區,十分寮,十分寮,331-95
平溪區,十分,,1062,平溪區,十分寮,十分寮,272-8
平溪區,十分,,1063,平溪區,十分寮,十分寮,331-77
平溪區,十分,,1064,平溪區,十分寮,十分寮,335-6
平溪區,十分,,1065,平溪區,十分寮,十分寮,272-5
平溪區,十分,,1066,平溪區,十分寮,十分寮,170-10
平溪區,十分,,1067,平溪區,十分寮,十分寮,173-6
平溪區,十分,,1068,平溪區,十分寮,十分寮,105-26
平溪區,十分,,1069,平溪區,十分寮,十分寮,313-4
平溪區,十分,,107,平溪區,十分寮,月桃寮,76-19
平溪區,十分,,1070,平溪區,十分寮,十分寮,331-79
平溪區,十分,,1072,平溪區,十分寮,十分寮,313-9
平溪區,十分,,1073,平溪區,十分寮,十分寮,346
平溪區,十分,,1074,平溪區,十分寮,十分寮,173-40
平溪區,十分,,1075,平溪區,十分寮,十分寮,173-64
平溪區,十分,,1076,平溪區,十分寮,十分寮,169
平溪區,十分,,1077,平溪區,十分寮,十分寮,173-33
平溪區,十分,,1078,平溪區,十分寮,十分寮,173-41
平溪區,十分,,1079,平溪區,十分寮,十分寮,331-68
平溪區,十分,,108,平溪區,十分寮,月桃寮,146-4
平溪區,十分,,1080,平溪區,十分寮,十分寮,173-46
平溪區,十分,,1081,平溪區,十分寮,十分寮,173-34
平溪區,十分,,1082,平溪區,十分寮,十分寮,314-1
平溪區,十分,,1083,平溪區,十分寮,十分寮,272-7
平溪區,十分,,1084,平溪區,十分寮,十分寮,331-14
平溪區,十分,,1085,平溪區,十分寮,十分寮,331-8
平溪區,十分,,1086,平溪區,十分寮,十分寮,287
平溪區,十分,,1087,平溪區,十分寮,十分寮,173-42
平溪區,十分,,1088,平溪區,十分寮,十分寮,331-67
平溪區,十分,,109,平溪區,十分寮,月桃寮,76-24
平溪區,十分,,1090,平溪區,十分寮,十分寮,173-43
平溪區,十分,,1091,平溪區,十分寮,十分寮,331-69
平溪區,十分,,1092,平溪區,十分寮,十分寮,335-4
平溪區,十分,,1093,平溪區,十分寮,十分寮,331-87
平溪區,十分,,1094,平溪區,十分寮,十分寮,335-9
平溪區,十分,,1095,平溪區,十分寮,十分寮,331-70
平溪區,十分,,1096,平溪區,十分寮,十分寮,313-6
平溪區,十分,,1097,平溪區,十分寮,十分寮,335-10
平溪區,十分,,1098,平溪區,十分寮,十分寮,314
平溪區,十分,,1099,平溪區,十分寮,十分寮,331-73
平溪區,十分,,11,平溪區,十分寮,月桃寮,134-6
平溪區,十分,,110,平溪區,十分寮,月桃寮,76-9
平溪區,十分,,1100,平溪區,十分寮,十分寮,331-47
平溪區,十分,,1101,平溪區,十分寮,十分寮,331-64
平溪區,十分,,1102,平溪區,十分寮,十分寮,331-71
平溪區,十分,,1103,平溪區,十分寮,十分寮,331-5
平溪區,十分,,1104,平溪區,十分寮,十分寮,335
平溪區,十分,,1105,平溪區,十分寮,十分寮,331-72
平溪區,十分,,1106,平溪區,十分寮,十分寮,173-31
平溪區,十分,,1107,平溪區,十分寮,十分寮,169-1
平溪區,十分,,1108,平溪區,十分寮,十分寮,335-5
平溪區,十分,,1109,平溪區,十分寮,十分寮,331-65
平溪區,十分,,111,平溪區,十分寮,月桃寮,147-3
平溪區,十分,,1110,平溪區,十分寮,十分寮,331-83
平溪區,十分,,1111,平溪區,十分寮,十分寮,173-62
平溪區,十分,,1112,平溪區,十分寮,十分寮,337
平溪區,十分,,1113,平溪區,十分寮,十分寮,343-19
平溪區,十分,,1114,平溪區,十分寮,十分寮,173-63
平溪區,十分,,1115,平溪區,十分寮,十分寮,331-66
平溪區,十分,,1116,平溪區,十分寮,十分寮,337-19
平溪區,十分,,1117,平溪區,十分寮,十分寮,331-84
平溪區,十分,,1118,平溪區,十分寮,十分寮,343-20
平溪區,十分,,1119,平溪區,十分寮,十分寮,105-31
平溪區,十分,,112,平溪區,十分寮,月桃寮,144
平溪區,十分,,1120,平溪區,十分寮,十分寮,173-32
平溪區,十分,,1121,平溪區,十分寮,十分寮,343-17
平溪區,十分,,1122,平溪區,十分寮,十分寮,288-20
平溪區,十分,,1123,平溪區,十分寮,十分寮,310-7
平溪區,十分,,1124,平溪區,十分寮,十分寮,343-16
平溪區,十分,,1125,平溪區,十分寮,十分寮,286
平溪區,十分,,1126,平溪區,十分寮,十分寮,335-7
平溪區,十分,,1127,平溪區,十分寮,十分寮,343-18
平溪區,十分,,1128,平溪區,十分寮,十分寮,337-4
平溪區,十分,,1129,平溪區,十分寮,十分寮,337-21
平溪區,十分,,113,平溪區,十分寮,月桃寮,210-11
平溪區,十分,,1130,平溪區,十分寮,十分寮,337-20
平溪區,十分,,1131,平溪區,十分寮,十分寮,343-2
平溪區,十分,,1132,平溪區,十分寮,十分寮,335-3
平溪區,十分,,1133,平溪區,十分寮,十分寮,346-2
平溪區,十分,,1134,平溪區,十分寮,十分寮,331-57
平溪區,十分,,1135,平溪區,十分寮,十分寮,335-8
平溪區,十分,,1136,平溪區,十分寮,十分寮,335-1
平溪區,十分,,1137,平溪區,十分寮,十分寮,331-88
平溪區,十分,,1138,平溪區,十分寮,十分寮,331-6
平溪區,十分,,114,平溪區,十分寮,月桃寮,147-2
平溪區,十分,,1140,平溪區,十分寮,十分寮,331-62
平溪區,十分,,1141,平溪區,十分寮,十分寮,339
平溪區,十分,,1142,平溪區,十分寮,十分寮,331-80
平溪區,十分,,1143,平溪區,十分寮,十分寮,337-12
平溪區,十分,,1144,平溪區,十分寮,十分寮,352
平溪區,十分,,1145,平溪區,十分寮,十分寮,337-18
平溪區,十分,,1146,平溪區,十分寮,十分寮,169-2
平溪區,十分,,1147,平溪區,十分寮,十分寮,290
平溪區,十分,,1148,平溪區,十分寮,十分寮,337-17
平溪區,十分,,1149,平溪區,十分寮,十分寮,331-49
平溪區,十分,,1150,平溪區,十分寮,十分寮,342-11
平溪區,十分,,1151,平溪區,十分寮,十分寮,331-46
平溪區,十分,,1152,平溪區,十分寮,十分寮,337-8
平溪區,十分,,1153,平溪區,十分寮,十分寮,343-15
平溪區,十分,,1154,平溪區,十分寮,十分寮,337-9
平溪區,十分,,1155,平溪區,十分寮,十分寮,288-21
平溪區,十分,,1156,平溪區,十分寮,十分寮,331-50
平溪區,十分,,1157,平溪區,十分寮,十分寮,343
平溪區,十分,,1158,平溪區,十分寮,十分寮,331-48
平溪區,十分,,1159,平溪區,十分寮,十分寮,331-86
平溪區,十分,,116,平溪區,十分寮,月桃寮,148-3
平溪區,十分,,1160,平溪區,十分寮,十分寮,331-53
平溪區,十分,,1162,平溪區,十分寮,十分寮,331-52
平溪區,十分,,1163,平溪區,十分寮,十分寮,343-22
平溪區,十分,,1164,平溪區,十分寮,十分寮,272-6
平溪區,十分,,1165,平溪區,十分寮,十分寮,284
平溪區,十分,,1166,平溪區,十分寮,十分寮,331-54
平溪區,十分,,1167,平溪區,十分寮,十分寮,285
平溪區,十分,,1168,平溪區,十分寮,十分寮,331-51
平溪區,十分,,1169,平溪區,十分寮,十分寮,342
平溪區,十分,,117,平溪區,十分寮,月桃寮,76-6
平溪區,十分,,1170,平溪區,十分寮,十分寮,337-15
平溪區,十分,,1171,平溪區,十分寮,十分寮,337-1
平溪區,十分,,1172,平溪區,十分寮,十分寮,331-55
平溪區,十分,,1173,平溪區,十分寮,十分寮,288-1
平溪區,十分,,1174,平溪區,十分寮,十分寮,337-16
平溪區,十分,,1175,平溪區,十分寮,十分寮,337-10
平溪區,十分,,1176,平溪區,十分寮,十分寮,331-56
平溪區,十分,,1177,平溪區,十分寮,十分寮,331-7
平溪區,十分,,1178,平溪區,十分寮,十分寮,331-19
平溪區,十分,,1179,平溪區,十分寮,十分寮,280
平溪區,十分,,118,平溪區,十分寮,月桃寮,148-2
平溪區,十分,,1180,平溪區,十分寮,十分寮,337-11
平溪區,十分,,1181,平溪區,十分寮,十分寮,342-15
平溪區,十分,,1182,平溪區,十分寮,十分寮,343-21
平溪區,十分,,1184,平溪區,十分寮,十分寮,337-14
平溪區,十分,,1185,平溪區,十分寮,十分寮,347-1
平溪區,十分,,1186,平溪區,十分寮,十分寮,342-12
平溪區,十分,,1187,平溪區,十分寮,十分寮,337-7
平溪區,十分,,1188,平溪區,十分寮,十分寮,288
平溪區,十分,,1189,平溪區,十分寮,十分寮,331-18
平溪區,十分,,119,平溪區,十分寮,月桃寮,134-30
平溪區,十分,,1190,平溪區,十分寮,十分寮,337-6
平溪區,十分,,1191,平溪區,十分寮,十分寮,331-20
平溪區,十分,,1192,平溪區,十分寮,十分寮,281-1
平溪區,十分,,1193,平溪區,十分寮,十分寮,337-2
平溪區,十分,,1194,平溪區,十分寮,十分寮,342-16
平溪區,十分,,1195,平溪區,十分寮,十分寮,343-9
平溪區,十分,,1196,平溪區,十分寮,十分寮,337-5
平溪區,十分,,1197,平溪區,十分寮,十分寮,342-14
平溪區,十分,,1198,平溪區,十分寮,十分寮,337-3
平溪區,十分,,1199,平溪區,十分寮,十分寮,342-2
平溪區,十分,,12,平溪區,十分寮,月桃寮,134-19
平溪區,十分,,120,平溪區,十分寮,月桃寮,210-14
平溪區,十分,,1200,平溪區,十分寮,十分寮,288-3
平溪區,十分,,1201,平溪區,十分寮,十分寮,342-13
平溪區,十分,,1202,平溪區,十分寮,十分寮,347
平溪區,十分,,1203,平溪區,十分寮,十分寮,342-17
平溪區,十分,,1204,平溪區,十分寮,十分寮,347-2
平溪區,十分,,1205,平溪區,十分寮,十分寮,282
平溪區,十分,,1206,平溪區,十分寮,十分寮,331-61
平溪區,十分,,1207,平溪區,十分寮,十分寮,331-85
平溪區,十分,,1208,平溪區,十分寮,十分寮,331-60
平溪區,十分,,1209,平溪區,十分寮,十分寮,342-3
平溪區,十分,,121,平溪區,十分寮,月桃寮,148-4
平溪區,十分,,1210,平溪區,十分寮,十分寮,542
平溪區,十分,,1211,平溪區,十分寮,十分寮,331-10
平溪區,十分,,1212,平溪區,十分寮,十分寮,342-4
平溪區,十分,,1213,平溪區,十分寮,十分寮,343-10
平溪區,十分,,1214,平溪區,十分寮,十分寮,354
平溪區,十分,,1215,平溪區,十分寮,十分寮,331-59
平溪區,十分,,1217,平溪區,十分寮,十分寮,343-5
平溪區,十分,,1218,平溪區,十分寮,十分寮,343-7
平溪區,十分,,122,平溪區,十分寮,月桃寮,76
平溪區,十分,,1220,平溪區,十分寮,十分寮,343-28
平溪區,十分,,1221,平溪區,十分寮,十分寮,343-27
平溪區,十分,,1222,平溪區,十分寮,十分寮,288-2
平溪區,十分,,1223,平溪區,十分寮,十分寮,343-3
平溪區,十分,,1224,平溪區,十分寮,十分寮,343-29
平溪區,十分,,1225,平溪區,十分寮,十分寮,343-1
平溪區,十分,,1226,平溪區,十分寮,十分寮,343-8
平溪區,十分,,1227,平溪區,十分寮,十分寮,370-2
平溪區,十分,,1228,平溪區,十分寮,十分寮,343-30
平溪區,十分,,1229,平溪區,十分寮,十分寮,370-3
平溪區,十分,,123,平溪區,十分寮,月桃寮,147-4
平溪區,十分,,1230,平溪區,十分寮,十分寮,370
平溪區,十分,,1231,平溪區,十分寮,十分寮,343-33
平溪區,十分,,1232,平溪區,十分寮,十分寮,343-31
平溪區,十分,,1233,平溪區,十分寮,十分寮,343-39
平溪區,十分,,1234,平溪區,十分寮,十分寮,343-32
平溪區,十分,,1236,平溪區,十分寮,十分寮,288-19
平溪區,十分,,1237,平溪區,十分寮,十分寮,343-34
平溪區,十分,,1238,平溪區,十分寮,十分寮,370-9
平溪區,十分,,1239,平溪區,十分寮,十分寮,343-40
平溪區,十分,,124,平溪區,十分寮,月桃寮,76-20
平溪區,十分,,1240,平溪區,十分寮,十分寮,331-63
平溪區,十分,,1241,平溪區,十分寮,十分寮,343-23
平溪區,十分,,1242,平溪區,十分寮,十分寮,288-18
平溪區,十分,,1243,平溪區,十分寮,十分寮,343-41
平溪區,十分,,1244,平溪區,十分寮,十分寮,343-35
平溪區,十分,,1245,平溪區,十分寮,十分寮,357
平溪區,十分,,1246,平溪區,十分寮,十分寮,370-8
平溪區,十分,,1247,平溪區,十分寮,十分寮,288-17
平溪區,十分,,1248,平溪區,十分寮,十分寮,343-24
平溪區,十分,,1249,平溪區,十分寮,十分寮,347-6
平溪區,十分,,125,平溪區,十分寮,月桃寮,149
平溪區,十分,,1250,平溪區,十分寮,十分寮,343-42
平溪區,十分,,1251,平溪區,十分寮,十分寮,343-36
平溪區,十分,,1252,平溪區,十分寮,十分寮,288-16
平溪區,十分,,1253,平溪區,十分寮,十分寮,657
平溪區,十分,,1254,平溪區,十分寮,十分寮,370-11
平溪區,十分,,1255,平溪區,十分寮,十分寮,370-25
平溪區,十分,,1257,平溪區,十分寮,十分寮,343-43
平溪區,十分,,1258,平溪區,十分寮,十分寮,343-38
平溪區,十分,,1259,平溪區,十分寮,十分寮,370-23
平溪區,十分,,126,平溪區,十分寮,月桃寮,134-9
平溪區,十分,,1260,平溪區,十分寮,十分寮,370-26
平溪區,十分,,1261,平溪區,十分寮,十分寮,343-37
平溪區,十分,,1262,平溪區,十分寮,十分寮,370-29
平溪區,十分,,1263,平溪區,十分寮,十分寮,370-22
平溪區,十分,,1264,平溪區,十分寮,十分寮,343-26
平溪區,十分,,1265,平溪區,十分寮,十分寮,288-7
平溪區,十分,,1266,平溪區,十分寮,十分寮,370-17
平溪區,十分,,1267,平溪區,十分寮,十分寮,370-12
平溪區,十分,,1268,平溪區,十分寮,十分寮,370-21
平溪區,十分,,1269,平溪區,十分寮,十分寮,288-15
平溪區,十分,,127,平溪區,十分寮,月桃寮,149-2
平溪區,十分,,1270,平溪區,十分寮,十分寮,370-30
平溪區,十分,,1271,平溪區,十分寮,十分寮,288-23
平溪區,十分,,1272,平溪區,十分寮,十分寮,343-25
平溪區,十分,,1273,平溪區,十分寮,十分寮,370-20
平溪區,十分,,1274,平溪區,十分寮,十分寮,370-18
平溪區,十分,,1275,平溪區,十分寮,十分寮,347-5
平溪區,十分,,1276,平溪區,十分寮,十分寮,712
平溪區,十分,,1277,平溪區,十分寮,十分寮,288-4
平溪區,十分,,1278,平溪區,十分寮,十分寮,370-24
平溪區,十分,,1279,平溪區,十分寮,十分寮,370-27
平溪區,十分,,128,平溪區,十分寮,月桃寮,134-1
平溪區,十分,,1280,平溪區,十分寮,十分寮,370-31
平溪區,十分,,1281,平溪區,十分寮,十分寮,370-4
平溪區,十分,,1282,平溪區,十分寮,十分寮,370-19
平溪區,十分,,1283,平溪區,十分寮,十分寮,370-14
平溪區,十分,,1284,平溪區,十分寮,十分寮,288-14
平溪區,十分,,1285,平溪區,十分寮,十分寮,370-32
平溪區,十分,,1286,平溪區,十分寮,十分寮,370-15
平溪區,十分,,1287,平溪區,十分寮,十分寮,658
平溪區,十分,,1288,平溪區,十分寮,十分寮,370-16
平溪區,十分,,129,平溪區,十分寮,月桃寮,134-57
平溪區,十分,,1290,平溪區,十分寮,十分寮,370-7
平溪區,十分,,1291,平溪區,十分寮,十分寮,288-13
平溪區,十分,,1292,平溪區,十分寮,十分寮,288-6
平溪區,十分,,1293,平溪區,十分寮,十分寮,370-10
平溪區,十分,,1295,平溪區,十分寮,十分寮,370-13
平溪區,十分,,1297,平溪區,十分寮,十分寮,288-12
平溪區,十分,,1298,平溪區,十分寮,十分寮,358-2
平溪區,十分,,1299,平溪區,十分寮,十分寮,370-1
平溪區,十分,,13,平溪區,十分寮,月桃寮,134-75
平溪區,十分,,130,平溪區,十分寮,月桃寮,210-30
平溪區,十分,,1300,平溪區,十分寮,十分寮,358-44
平溪區,十分,,1301,平溪區,十分寮,十分寮,358-43
平溪區,十分,,1302,平溪區,十分寮,十分寮,370-33
平溪區,十分,,1303,平溪區,十分寮,十分寮,331-11
平溪區,十分,,1304,平溪區,十分寮,十分寮,358-34
平溪區,十分,,1305,平溪區,十分寮,十分寮,370-35
平溪區,十分,,1306,平溪區,十分寮,十分寮,288-11
平溪區,十分,,1308,平溪區,十分寮,十分寮,370-34
平溪區,十分,,1309,平溪區,十分寮,十分寮,370-28
平溪區,十分,,131,平溪區,十分寮,十分寮,1
平溪區,十分,,1310,平溪區,十分寮,十分寮,288-10
平溪區,十分,,1311,平溪區,十分寮,十分寮,545
平溪區,十分,,1313,平溪區,十分寮,十分寮,288-9
平溪區,十分,,1314,平溪區,十分寮,十分寮,358-16
平溪區,十分,,1315,平溪區,十分寮,十分寮,358-42
平溪區,十分,,1316,平溪區,十分寮,十分寮,288-8
平溪區,十分,,1317,平溪區,十分寮,十分寮,358-40
平溪區,十分,,1318,平溪區,十分寮,十分寮,544
平溪區,十分,,1319,平溪區,十分寮,十分寮,288-5
平溪區,十分,,132,平溪區,十分寮,十分寮,1-7
平溪區,十分,,1320,平溪區,十分寮,十分寮,358-41
平溪區,十分,,1321,平溪區,十分寮,十分寮,358-33
平溪區,十分,,1322,平溪區,十分寮,十分寮,545-1
平溪區,十分,,1323,平溪區,十分寮,十分寮,358-30
平溪區,十分,,1324,平溪區,十分寮,十分寮,358-29
平溪區,十分,,1325,平溪區,十分寮,十分寮,358-31
平溪區,十分,,1326,平溪區,十分寮,十分寮,358-28
平溪區,十分,,1327,平溪區,十分寮,十分寮,358-39
平溪區,十分,,1329,平溪區,十分寮,十分寮,358-27
平溪區,十分,,1330,平溪區,十分寮,十分寮,358-5
平溪區,十分,,1331,平溪區,十分寮,十分寮,358-20
平溪區,十分,,1332,平溪區,十分寮,十分寮,358-38
平溪區,十分,,1333,平溪區,十分寮,十分寮,358-26
平溪區,十分,,1334,平溪區,十分寮,十分寮,358-37
平溪區,十分,,1335,平溪區,十分寮,十分寮,358-25
平溪區,十分,,1336,平溪區,十分寮,十分寮,358-19
平溪區,十分,,1337,平溪區,十分寮,十分寮,358-36
平溪區,十分,,1338,平溪區,十分寮,十分寮,358-7
平溪區,十分,,1339,平溪區,十分寮,十分寮,358-35
平溪區,十分,,134,平溪區,十分寮,新寮,776-7
平溪區,十分,,1340,平溪區,十分寮,十分寮,358-45
平溪區,十分,,1341,平溪區,十分寮,十分寮,358-46
平溪區,十分,,1342,平溪區,十分寮,十分寮,358-48
平溪區,十分,,1343,平溪區,十分寮,十分寮,659
平溪區,十分,,1344,平溪區,十分寮,十分寮,358-47
平溪區,十分,,1346,平溪區,十分寮,十分寮,358-4
平溪區,十分,,1347,平溪區,十分寮,十分寮,358-6
平溪區,十分,,1348,平溪區,十分寮,十分寮,358-32
平溪區,十分,,135,平溪區,十分寮,十分寮,1-3
平溪區,十分,,1350,平溪區,十分寮,十分寮,358-24
平溪區,十分,,1351,平溪區,十分寮,十分寮,358-23
平溪區,十分,,1352,平溪區,十分寮,十分寮,358-22
平溪區,十分,,1353,平溪區,十分寮,十分寮,358-18
平溪區,十分,,1354,平溪區,十分寮,十分寮,659-1
平溪區,十分,,1355,平溪區,十分寮,十分寮,660-4
平溪區,十分,,1356,平溪區,十分寮,十分寮,660-6
平溪區,十分,,1357,平溪區,十分寮,十分寮,358-17
平溪區,十分,,1358,平溪區,十分寮,十分寮,660-3
平溪區,十分,,1359,平溪區,十分寮,十分寮,660-15
平溪區,十分,,136,平溪區,十分寮,月桃寮,210-34
平溪區,十分,,1360,平溪區,十分寮,十分寮,660-23
平溪區,十分,,1361,平溪區,十分寮,十分寮,660-12
平溪區,十分,,1362,平溪區,十分寮,十分寮,660-14
平溪區,十分,,1363,平溪區,十分寮,十分寮,660-5
平溪區,十分,,1364,平溪區,十分寮,十分寮,660-13
平溪區,十分,,1365,平溪區,十分寮,十分寮,358
平溪區,十分,,1366,平溪區,十分寮,十分寮,660-1
平溪區,十分,,1367,平溪區,十分寮,十分寮,660-7
平溪區,十分,,1368,平溪區,十分寮,十分寮,660-16
平溪區,十分,,1369,平溪區,十分寮,十分寮,660-8
平溪區,十分,,137,平溪區,十分寮,十分寮,1-6
平溪區,十分,,1370,平溪區,十分寮,十分寮,662-3
平溪區,十分,,1371,平溪區,十分寮,十分寮,660-19
平溪區,十分,,1372,平溪區,十分寮,十分寮,660-10
平溪區,十分,,1373,平溪區,十分寮,十分寮,660-2
平溪區,十分,,1374,平溪區,十分寮,十分寮,662-5
平溪區,十分,,1375,平溪區,十分寮,十分寮,660-9
平溪區,十分,,1376,平溪區,十分寮,十分寮,662-6
平溪區,十分,,1377,平溪區,十分寮,十分寮,662-4
平溪區,十分,,1378,平溪區,十分寮,十分寮,660-11
平溪區,十分,,1379,平溪區,十分寮,十分寮,662-7
平溪區,十分,,138,平溪區,十分寮,十分寮,1-2
平溪區,十分,,1380,平溪區,十分寮,十分寮,662-14
平溪區,十分,,1381,平溪區,十分寮,十分寮,662-9
平溪區,十分,,1382,平溪區,十分寮,十分寮,660
平溪區,十分,,1383,平溪區,十分寮,十分寮,662-10
平溪區,十分,,1384,平溪區,十分寮,十分寮,662
平溪區,十分,,1385,平溪區,十分寮,十分寮,662-15
平溪區,十分,,1386,平溪區,十分寮,十分寮,662-12
平溪區,十分,,1387,平溪區,十分寮,十分寮,662-8
平溪區,十分,,1388,平溪區,十分寮,十分寮,662-13
平溪區,十分,,1389,平溪區,十分寮,十分寮,661
平溪區,十分,,139,平溪區,十分寮,十分寮,578-2
平溪區,十分,,1390,平溪區,十分寮,十分寮,662-11
平溪區,十分,,1391,平溪區,十分寮,十分寮,663-8
平溪區,十分,,1392,平溪區,十分寮,十分寮,662-1
平溪區,十分,,1393,平溪區,十分寮,十分寮,663-9
平溪區,十分,,1394,平溪區,十分寮,十分寮,662-2
平溪區,十分,,1395,平溪區,十分寮,十分寮,663-6
平溪區,十分,,1396,平溪區,十分寮,十分寮,663-7
平溪區,十分,,1397,平溪區,十分寮,十分寮,663
平溪區,十分,,1398,平溪區,十分寮,十分寮,663-1
平溪區,十分,,1399,平溪區,十分寮,十分寮,668
平溪區,十分,,14,平溪區,十分寮,月桃寮,134-36
平溪區,十分,,140,平溪區,十分寮,月桃寮,134-79
平溪區,十分,,1400,平溪區,十分寮,十分寮,362-4
平溪區,十分,,1401,平溪區,十分寮,十分寮,663-2
平溪區,十分,,1402,平溪區,十分寮,十分寮,660-20
平溪區,十分,,1403,平溪區,十分寮,十分寮,660-22
平溪區,十分,,1404,平溪區,十分寮,十分寮,663-5
平溪區,十分,,1405,平溪區,十分寮,十分寮,660-21
平溪區,十分,,1406,平溪區,十分寮,十分寮,663-3
平溪區,十分,,1407,平溪區,十分寮,十分寮,362
平溪區,十分,,1408,平溪區,十分寮,十分寮,660-18
平溪區,十分,,1409,平溪區,十分寮,十分寮,663-4
平溪區,十分,,141,平溪區,十分寮,月桃寮,149-1
平溪區,十分,,1410,平溪區,十分寮,十分寮,362-2
平溪區,十分,,1411,平溪區,十分寮,十分寮,664
平溪區,十分,,1412,平溪區,十分寮,十分寮,666
平溪區,十分,,1413,平溪區,十分寮,十分寮,669
平溪區,十分,,1414,平溪區,十分寮,十分寮,672
平溪區,十分,,1415,平溪區,十分寮,十分寮,362-3
平溪區,十分,,1416,平溪區,十分寮,十分寮,410-1
平溪區,十分,,1417,平溪區,十分寮,十分寮,667
平溪區,十分,,1418,平溪區,十分寮,十分寮,671
平溪區,十分,,1419,平溪區,十分寮,十分寮,408-1
平溪區,十分,,142,平溪區,十分寮,十分寮,1-4
平溪區,十分,,1420,平溪區,十分寮,十分寮,676
平溪區,十分,,1421,平溪區,十分寮,十分寮,415
平溪區,十分,,1422,平溪區,十分寮,十分寮,666-2
平溪區,十分,,1423,平溪區,十分寮,十分寮,677-4
平溪區,十分,,1424,平溪區,十分寮,十分寮,407
平溪區,十分,,1425,平溪區,十分寮,十分寮,670
平溪區,十分,,1426,平溪區,十分寮,十分寮,558
平溪區,十分,,1427,平溪區,十分寮,十分寮,425
平溪區,十分,,1428,平溪區,十分寮,十分寮,667-2
平溪區,十分,,1429,平溪區,十分寮,十分寮,674
平溪區,十分,,143,平溪區,十分寮,十分寮,578-3
平溪區,十分,,1430,平溪區,十分寮,十分寮,673-2
平溪區,十分,,1431,平溪區,十分寮,十分寮,408-3
平溪區,十分,,1432,平溪區,十分寮,十分寮,427-2
平溪區,十分,,1433,平溪區,十分寮,十分寮,428-7
平溪區,十分,,1434,平溪區,十分寮,十分寮,416
平溪區,十分,,1435,平溪區,十分寮,十分寮,424
平溪區,十分,,1436,平溪區,十分寮,十分寮,673
平溪區,十分,,1437,平溪區,十分寮,十分寮,425-2
平溪區,十分,,1438,平溪區,十分寮,十分寮,427
平溪區,十分,,1439,平溪區,十分寮,十分寮,670-2
平溪區,十分,,1440,平溪區,十分寮,十分寮,675
平溪區,十分,,1442,平溪區,十分寮,十分寮,417
平溪區,十分,,1443,平溪區,十分寮,十分寮,427-4
平溪區,十分,,1444,平溪區,十分寮,十分寮,428-9
平溪區,十分,,1446,平溪區,十分寮,十分寮,427-5
平溪區,十分,,1447,平溪區,十分寮,十分寮,670-1
平溪區,十分,,1448,平溪區,十分寮,十分寮,423
平溪區,十分,,145,平溪區,十分寮,月桃寮,149-3
平溪區,十分,,1450,平溪區,十分寮,十分寮,422-1
平溪區,十分,,1451,平溪區,十分寮,十分寮,427-1
平溪區,十分,,1452,平溪區,十分寮,十分寮,408
平溪區,十分,,1453,平溪區,十分寮,十分寮,426
平溪區,十分,,1454,平溪區,十分寮,十分寮,422-5
平溪區,十分,,1455,平溪區,十分寮,十分寮,422-2
平溪區,十分,,1457,平溪區,十分寮,十分寮,678-2
平溪區,十分,,1458,平溪區,十分寮,十分寮,422
平溪區,十分,,1459,平溪區,十分寮,十分寮,421
平溪區,十分,,146,平溪區,十分寮,十分寮,1-8
平溪區,十分,,1460,平溪區,十分寮,十分寮,562
平溪區,十分,,1461,平溪區,十分寮,十分寮,422-3
平溪區,十分,,1462,平溪區,十分寮,十分寮,422-6
平溪區,十分,,1463,平溪區,十分寮,十分寮,428-1
平溪區,十分,,1464,平溪區,十分寮,十分寮,428-2
平溪區,十分,,1465,平溪區,十分寮,十分寮,434
平溪區,十分,,1466,平溪區,十分寮,十分寮,428
平溪區,十分,,147,平溪區,十分寮,十分寮,578-1
平溪區,十分,,1470,平溪區,十分寮,十分寮,607-15
平溪區,十分,,148,平溪區,十分寮,十分寮,81-11
平溪區,十分,,149,平溪區,十分寮,月桃寮,210-15
平溪區,十分,,15,平溪區,十分寮,月桃寮,134-41
平溪區,十分,,151,平溪區,十分寮,月桃寮,210-33
平溪區,十分,,152,平溪區,十分寮,新寮,776-3
平溪區,十分,,153,平溪區,十分寮,十分寮,89-6
平溪區,十分,,154,平溪區,十分寮,十分寮,81-6
平溪區,十分,,155,平溪區,十分寮,十分寮,83-2
平溪區,十分,,156,平溪區,十分寮,十分寮,582-2
平溪區,十分,,157,平溪區,十分寮,十分寮,81-12
平溪區,十分,,158,平溪區,十分寮,十分寮,579-27
平溪區,十分,,159,平溪區,十分寮,十分寮,83
平溪區,十分,,16,平溪區,十分寮,月桃寮,128-26
平溪區,十分,,160,平溪區,十分寮,新寮,776-6
平溪區,十分,,161,平溪區,十分寮,十分寮,81-8
平溪區,十分,,163,平溪區,十分寮,十分寮,87
平溪區,十分,,164,平溪區,十分寮,月桃寮,134-83
平溪區,十分,,165,平溪區,十分寮,十分寮,81-10
平溪區,十分,,166,平溪區,十分寮,月桃寮,134-2
平溪區,十分,,167,平溪區,十分寮,新寮,776-5
平溪區,十分,,168,平溪區,十分寮,十分寮,81-5
平溪區,十分,,169,平溪區,十分寮,月桃寮,154
平溪區,十分,,17,平溪區,十分寮,月桃寮,134-11
平溪區,十分,,170,平溪區,十分寮,十分寮,584-3
平溪區,十分,,171,平溪區,十分寮,十分寮,579-9
平溪區,十分,,172,平溪區,十分寮,十分寮,582-1
平溪區,十分,,173,平溪區,十分寮,月桃寮,134-45
平溪區,十分,,174,平溪區,十分寮,月桃寮,134-10
平溪區,十分,,175,平溪區,十分寮,月桃寮,173-1
平溪區,十分,,176,平溪區,十分寮,月桃寮,210-17
平溪區,十分,,177,平溪區,十分寮,月桃寮,210-35
平溪區,十分,,178,平溪區,十分寮,十分寮,81-3
平溪區,十分,,179,平溪區,十分寮,十分寮,89-7
平溪區,十分,,18,平溪區,十分寮,月桃寮,134-61
平溪區,十分,,180,平溪區,十分寮,月桃寮,210-5
平溪區,十分,,181,平溪區,十分寮,月桃寮,173
平溪區,十分,,182,平溪區,十分寮,十分寮,89-12
平溪區,十分,,183,平溪區,十分寮,月桃寮,210-6
平溪區,十分,,184,平溪區,十分寮,月桃寮,134-80
平溪區,十分,,185,平溪區,十分寮,十分寮,584-4
平溪區,十分,,186,平溪區,十分寮,十分寮,583
平溪區,十分,,187,平溪區,十分寮,十分寮,584
平溪區,十分,,188,平溪區,十分寮,十分寮,584-2
平溪區,十分,,189,平溪區,十分寮,月桃寮,154-1
平溪區,十分,,19,平溪區,十分寮,月桃寮,134-74
平溪區,十分,,190,平溪區,十分寮,月桃寮,154-2
平溪區,十分,,191,平溪區,十分寮,月桃寮,210-7
平溪區,十分,,192,平溪區,十分寮,十分寮,56-1
平溪區,十分,,193,平溪區,十分寮,月桃寮,154-3
平溪區,十分,,194,平溪區,十分寮,月桃寮,154-4
平溪區,十分,,195,平溪區,十分寮,月桃寮,210-32
平溪區,十分,,196,平溪區,十分寮,月桃寮,134-58
平溪區,十分,,197,平溪區,十分寮,月桃寮,154-14
平溪區,十分,,198,平溪區,十分寮,月桃寮,210-21
平溪區,十分,,199,平溪區,十分寮,月桃寮,154-15
平溪區,十分,,2,平溪區,十分寮,月桃寮,128-27
平溪區,十分,,20,平溪區,十分寮,月桃寮,134-67
平溪區,十分,,200,平溪區,十分寮,月桃寮,210-37
平溪區,十分,,201,平溪區,十分寮,月桃寮,210-22
平溪區,十分,,202,平溪區,十分寮,月桃寮,134-49
平溪區,十分,,203,平溪區,十分寮,月桃寮,210-18
平溪區,十分,,204,平溪區,十分寮,月桃寮,210-9
平溪區,十分,,205,平溪區,十分寮,月桃寮,210-8
平溪區,十分,,206,平溪區,十分寮,月桃寮,154-12
平溪區,十分,,207,平溪區,十分寮,月桃寮,134-84
平溪區,十分,,208,平溪區,十分寮,月桃寮,210-26
平溪區,十分,,209,平溪區,十分寮,月桃寮,210-23
平溪區,十分,,21,平溪區,十分寮,月桃寮,134-20
平溪區,十分,,210,平溪區,十分寮,月桃寮,210-25
平溪區,十分,,211,平溪區,十分寮,十分寮,581-1
平溪區,十分,,212,平溪區,十分寮,十分寮,581
平溪區,十分,,213,平溪區,十分寮,月桃寮,154-10
平溪區,十分,,214,平溪區,十分寮,月桃寮,210-28
平溪區,十分,,215,平溪區,十分寮,月桃寮,210-27
平溪區,十分,,216,平溪區,十分寮,十分寮,89
平溪區,十分,,217,平溪區,十分寮,月桃寮,154-13
平溪區,十分,,218,平溪區,十分寮,月桃寮,210-19
平溪區,十分,,219,平溪區,十分寮,月桃寮,134-59
平溪區,十分,,22,平溪區,十分寮,月桃寮,134-18
平溪區,十分,,221,平溪區,十分寮,十分寮,579-25
平溪區,十分,,224,平溪區,十分寮,月桃寮,210-20
平溪區,十分,,225,平溪區,十分寮,月桃寮,134-60
平溪區,十分,,226,平溪區,十分寮,月桃寮,154-8
平溪區,十分,,227,平溪區,十分寮,月桃寮,154-11
平溪區,十分,,228,平溪區,十分寮,月桃寮,154-9
平溪區,十分,,229,平溪區,十分寮,月桃寮,154-7
平溪區,十分,,23,平溪區,十分寮,月桃寮,134-53
平溪區,十分,,231,平溪區,十分寮,十分寮,579-26
平溪區,十分,,232,平溪區,十分寮,月桃寮,154-5
平溪區,十分,,233,平溪區,十分寮,月桃寮,154-6
平溪區,十分,,234,平溪區,十分寮,月桃寮,151-32
平溪區,十分,,235,平溪區,十分寮,月桃寮,154-16
平溪區,十分,,236,平溪區,十分寮,十分寮,526-23
平溪區,十分,,237,平溪區,十分寮,十分寮,526-38
平溪區,十分,,238,平溪區,十分寮,月桃寮,151-33
平溪區,十分,,24,平溪區,十分寮,月桃寮,134-85
平溪區,十分,,240,平溪區,十分寮,月桃寮,210-36
平溪區,十分,,241,平溪區,十分寮,十分寮,526-8
平溪區,十分,,243,平溪區,十分寮,十分寮,89-10
平溪區,十分,,244,平溪區,十分寮,月桃寮,151
平溪區,十分,,245,平溪區,十分寮,月桃寮,151-23
平溪區,十分,,246,平溪區,十分寮,十分寮,89-8
平溪區,十分,,247,平溪區,十分寮,月桃寮,151-11
平溪區,十分,,249,平溪區,十分寮,月桃寮,151-12
平溪區,十分,,25,平溪區,十分寮,月桃寮,134-28
平溪區,十分,,250,平溪區,十分寮,十分寮,526-2
平溪區,十分,,253,平溪區,十分寮,十分寮,526-30
平溪區,十分,,254,平溪區,十分寮,十分寮,526-29
平溪區,十分,,255,平溪區,十分寮,十分寮,53
平溪區,十分,,257,平溪區,十分寮,月桃寮,151-2
平溪區,十分,,258,平溪區,十分寮,十分寮,89-1
平溪區,十分,,259,平溪區,十分寮,月桃寮,151-31
平溪區,十分,,26,平溪區,十分寮,月桃寮,134-63
平溪區,十分,,262,平溪區,十分寮,月桃寮,151-13
平溪區,十分,,263,平溪區,十分寮,月桃寮,151-18
平溪區,十分,,264,平溪區,十分寮,十分寮,526-7
平溪區,十分,,265,平溪區,十分寮,月桃寮,151-19
平溪區,十分,,266,平溪區,十分寮,十分寮,526-27
平溪區,十分,,267,平溪區,十分寮,月桃寮,151-3
平溪區,十分,,268,平溪區,十分寮,月桃寮,151-15
平溪區,十分,,269,平溪區,十分寮,月桃寮,151-25
平溪區,十分,,27,平溪區,十分寮,月桃寮,134-42
平溪區,十分,,270,平溪區,十分寮,十分寮,526-37
平溪區,十分,,271,平溪區,十分寮,十分寮,580
平溪區,十分,,273,平溪區,十分寮,十分寮,53-1
平溪區,十分,,275,平溪區,十分寮,十分寮,526-9
平溪區,十分,,276,平溪區,十分寮,月桃寮,151-24
平溪區,十分,,277,平溪區,十分寮,十分寮,526-20
平溪區,十分,,278,平溪區,十分寮,十分寮,526-21
平溪區,十分,,279,平溪區,十分寮,十分寮,580-1
平溪區,十分,,28,平溪區,十分寮,月桃寮,134-86
平溪區,十分,,280,平溪區,十分寮,十分寮,59-2
平溪區,十分,,281,平溪區,十分寮,十分寮,526-3
平溪區,十分,,282,平溪區,十分寮,月桃寮,151-10
平溪區,十分,,283,平溪區,十分寮,十分寮,526-45
平溪區,十分,,284,平溪區,十分寮,十分寮,579-24
平溪區,十分,,285,平溪區,十分寮,十分寮,526-19
平溪區,十分,,286,平溪區,十分寮,月桃寮,151-34
平溪區,十分,,287,平溪區,十分寮,十分寮,579-10
平溪區,十分,,288,平溪區,十分寮,十分寮,526-22
平溪區,十分,,289,平溪區,十分寮,十分寮,526-10
平溪區,十分,,29,平溪區,十分寮,月桃寮,136-4
平溪區,十分,,290,平溪區,十分寮,月桃寮,151-14
平溪區,十分,,291,平溪區,十分寮,十分寮,526-36
平溪區,十分,,292,平溪區,十分寮,十分寮,526-34
平溪區,十分,,293,平溪區,十分寮,十分寮,89-9
平溪區,十分,,294,平溪區,十分寮,月桃寮,151-28
平溪區,十分,,295,平溪區,十分寮,十分寮,579-11
平溪區,十分,,296,平溪區,十分寮,十分寮,526-11
平溪區,十分,,297,平溪區,十分寮,十分寮,526-35
平溪區,十分,,298,平溪區,十分寮,月桃寮,151-30
平溪區,十分,,299,平溪區,十分寮,月桃寮,151-9
平溪區,十分,,3,平溪區,十分寮,月桃寮,128-24
平溪區,十分,,30,平溪區,十分寮,月桃寮,134-77
平溪區,十分,,300,平溪區,十分寮,月桃寮,151-20
平溪區,十分,,301,平溪區,十分寮,十分寮,526-31
平溪區,十分,,302,平溪區,十分寮,月桃寮,151-27
平溪區,十分,,303,平溪區,十分寮,十分寮,58
平溪區,十分,,304,平溪區,十分寮,十分寮,59-4
平溪區,十分,,305,平溪區,十分寮,十分寮,526-32
平溪區,十分,,306,平溪區,十分寮,月桃寮,151-4
平溪區,十分,,307,平溪區,十分寮,十分寮,579-5
平溪區,十分,,308,平溪區,十分寮,月桃寮,151-22
平溪區,十分,,309,平溪區,十分寮,十分寮,89-2
平溪區,十分,,31,平溪區,十分寮,月桃寮,132
平溪區,十分,,310,平溪區,十分寮,十分寮,89-11
平溪區,十分,,311,平溪區,十分寮,十分寮,58-1
平溪區,十分,,312,平溪區,十分寮,十分寮,579-14
平溪區,十分,,313,平溪區,十分寮,十分寮,579-23
平溪區,十分,,314,平溪區,十分寮,十分寮,526-4
平溪區,十分,,315,平溪區,十分寮,十分寮,579-28
平溪區,十分,,316,平溪區,十分寮,十分寮,579-15
平溪區,十分,,317,平溪區,十分寮,月桃寮,151-8
平溪區,十分,,318,平溪區,十分寮,月桃寮,151-26
平溪區,十分,,319,平溪區,十分寮,月桃寮,151-16
平溪區,十分,,32,平溪區,十分寮,月桃寮,134-73
平溪區,十分,,320,平溪區,十分寮,十分寮,89-4
平溪區,十分,,321,平溪區,十分寮,月桃寮,151-21
平溪區,十分,,322,平溪區,十分寮,月桃寮,151-29
平溪區,十分,,323,平溪區,十分寮,十分寮,526-33
平溪區,十分,,325,平溪區,十分寮,十分寮,526-12
平溪區,十分,,326,平溪區,十分寮,十分寮,41-9
平溪區,十分,,327,平溪區,十分寮,月桃寮,151-5
平溪區,十分,,328,平溪區,十分寮,十分寮,41-8
平溪區,十分,,329,平溪區,十分寮,十分寮,89-3
平溪區,十分,,33,平溪區,十分寮,月桃寮,132-1
平溪區,十分,,330,平溪區,十分寮,十分寮,41-7
平溪區,十分,,331,平溪區,十分寮,十分寮,89-5
平溪區,十分,,332,平溪區,十分寮,月桃寮,151-1
平溪區,十分,,333,平溪區,十分寮,十分寮,59-1
平溪區,十分,,334,平溪區,十分寮,十分寮,56
平溪區,十分,,335,平溪區,十分寮,月桃寮,151-17
平溪區,十分,,336,平溪區,十分寮,十分寮,579-12
平溪區,十分,,337,平溪區,十分寮,十分寮,73-28
平溪區,十分,,338,平溪區,十分寮,月桃寮,151-7
平溪區,十分,,339,平溪區,十分寮,十分寮,579-29
平溪區,十分,,34,平溪區,十分寮,月桃寮,134-51
平溪區,十分,,341,平溪區,十分寮,十分寮,526-13
平溪區,十分,,342,平溪區,十分寮,十分寮,73-6
平溪區,十分,,343,平溪區,十分寮,十分寮,602-2
平溪區,十分,,344,平溪區,十分寮,十分寮,41-3
平溪區,十分,,345,平溪區,十分寮,十分寮,579-6
平溪區,十分,,346,平溪區,十分寮,十分寮,579-20
平溪區,十分,,347,平溪區,十分寮,十分寮,604
平溪區,十分,,348,平溪區,十分寮,十分寮,73-29
平溪區,十分,,349,平溪區,十分寮,十分寮,579-3
平溪區,十分,,35,平溪區,十分寮,月桃寮,136-2
平溪區,十分,,350,平溪區,十分寮,十分寮,49-4
平溪區,十分,,351,平溪區,十分寮,十分寮,59
平溪區,十分,,352,平溪區,十分寮,十分寮,41-4
平溪區,十分,,353,平溪區,十分寮,十分寮,41-5
平溪區,十分,,354,平溪區,十分寮,十分寮,526-18
平溪區,十分,,355,平溪區,十分寮,十分寮,579-7
平溪區,十分,,356,平溪區,十分寮,十分寮,526-5
平溪區,十分,,357,平溪區,十分寮,十分寮,526
平溪區,十分,,358,平溪區,十分寮,十分寮,524
平溪區,十分,,359,平溪區,十分寮,十分寮,526-26
平溪區,十分,,36,平溪區,十分寮,月桃寮,134-3
平溪區,十分,,360,平溪區,十分寮,十分寮,80
平溪區,十分,,361,平溪區,十分寮,十分寮,526-25
平溪區,十分,,362,平溪區,十分寮,十分寮,526-40
平溪區,十分,,363,平溪區,十分寮,十分寮,78-1
平溪區,十分,,364,平溪區,十分寮,十分寮,526-28
平溪區,十分,,365,平溪區,十分寮,十分寮,602-3
平溪區,十分,,366,平溪區,十分寮,十分寮,526-39
平溪區,十分,,367,平溪區,十分寮,十分寮,135-1
平溪區,十分,,368,平溪區,十分寮,十分寮,526-42
平溪區,十分,,369,平溪區,十分寮,十分寮,579
平溪區,十分,,37,平溪區,十分寮,月桃寮,134-27
平溪區,十分,,370,平溪區,十分寮,十分寮,78
平溪區,十分,,371,平溪區,十分寮,十分寮,134-1
平溪區,十分,,372,平溪區,十分寮,十分寮,73-27
平溪區,十分,,373,平溪區,十分寮,十分寮,96-1
平溪區,十分,,374,平溪區,十分寮,十分寮,69-1
平溪區,十分,,375,平溪區,十分寮,十分寮,79
平溪區,十分,,376,平溪區,十分寮,十分寮,73-14
平溪區,十分,,377,平溪區,十分寮,十分寮,134
平溪區,十分,,378,平溪區,十分寮,十分寮,135
平溪區,十分,,379,平溪區,十分寮,十分寮,579-16
平溪區,十分,,38,平溪區,十分寮,月桃寮,134-72
平溪區,十分,,380,平溪區,十分寮,十分寮,59-3
平溪區,十分,,381,平溪區,十分寮,十分寮,579-19
平溪區,十分,,382,平溪區,十分寮,十分寮,526-15
平溪區,十分,,383,平溪區,十分寮,十分寮,135-2
平溪區,十分,,384,平溪區,十分寮,十分寮,73-7
平溪區,十分,,385,平溪區,十分寮,十分寮,579-17
平溪區,十分,,386,平溪區,十分寮,十分寮,611-1
平溪區,十分,,387,平溪區,十分寮,十分寮,602-4
平溪區,十分,,388,平溪區,十分寮,十分寮,69
平溪區,十分,,389,平溪區,十分寮,十分寮,78-2
平溪區,十分,,39,平溪區,十分寮,月桃寮,136-7
平溪區,十分,,390,平溪區,十分寮,十分寮,611-2
平溪區,十分,,391,平溪區,十分寮,十分寮,526-41
平溪區,十分,,392,平溪區,十分寮,十分寮,579-22
平溪區,十分,,393,平溪區,十分寮,十分寮,137
平溪區,十分,,394,平溪區,十分寮,十分寮,579-21
平溪區,十分,,395,平溪區,十分寮,十分寮,579-18
平溪區,十分,,396,平溪區,十分寮,十分寮,579-13
平溪區,十分,,397,平溪區,十分寮,十分寮,605
平溪區,十分,,398,平溪區,十分寮,十分寮,526-43
平溪區,十分,,399,平溪區,十分寮,十分寮,73-26
平溪區,十分,,4,平溪區,十分寮,月桃寮,134-66
平溪區,十分,,40,平溪區,十分寮,月桃寮,134-7
平溪區,十分,,400,平溪區,十分寮,十分寮,526-16
平溪區,十分,,401,平溪區,十分寮,十分寮,69-11
平溪區,十分,,402,平溪區,十分寮,十分寮,69-10
平溪區,十分,,403,平溪區,十分寮,十分寮,74-7
平溪區,十分,,404,平溪區,十分寮,十分寮,74-16
平溪區,十分,,405,平溪區,十分寮,十分寮,532-10
平溪區,十分,,406,平溪區,十分寮,十分寮,532-9
平溪區,十分,,407,平溪區,十分寮,十分寮,74-5
平溪區,十分,,408,平溪區,十分寮,十分寮,71
平溪區,十分,,409,平溪區,十分寮,十分寮,526-14
平溪區,十分,,41,平溪區,十分寮,月桃寮,134-69
平溪區,十分,,410,平溪區,十分寮,十分寮,610-9
平溪區,十分,,411,平溪區,十分寮,十分寮,606
平溪區,十分,,412,平溪區,十分寮,十分寮,49-3
平溪區,十分,,413,平溪區,十分寮,十分寮,74
平溪區,十分,,414,平溪區,十分寮,十分寮,74-4
平溪區,十分,,415,平溪區,十分寮,十分寮,74-1
平溪區,十分,,416,平溪區,十分寮,十分寮,96
平溪區,十分,,417,平溪區,十分寮,十分寮,74-2
平溪區,十分,,418,平溪區,十分寮,十分寮,69-2
平溪區,十分,,419,平溪區,十分寮,十分寮,612-1
平溪區,十分,,42,平溪區,十分寮,月桃寮,136-1
平溪區,十分,,420,平溪區,十分寮,十分寮,526-24
平溪區,十分,,421,平溪區,十分寮,十分寮,74-17
平溪區,十分,,422,平溪區,十分寮,十分寮,74-8
平溪區,十分,,424,平溪區,十分寮,十分寮,74-12
平溪區,十分,,425,平溪區,十分寮,十分寮,579-2
平溪區,十分,,426,平溪區,十分寮,十分寮,526-17
平溪區,十分,,427,平溪區,十分寮,十分寮,579-30
平溪區,十分,,428,平溪區,十分寮,十分寮,73-8
平溪區,十分,,429,平溪區,十分寮,十分寮,49-5
平溪區,十分,,43,平溪區,十分寮,月桃寮,134
平溪區,十分,,430,平溪區,十分寮,十分寮,73-15
平溪區,十分,,431,平溪區,十分寮,十分寮,74-13
平溪區,十分,,432,平溪區,十分寮,十分寮,526-44
平溪區,十分,,433,平溪區,十分寮,十分寮,579-8
平溪區,十分,,434,平溪區,十分寮,十分寮,74-9
平溪區,十分,,435,平溪區,十分寮,十分寮,74-10
平溪區,十分,,436,平溪區,十分寮,十分寮,96-3
平溪區,十分,,437,平溪區,十分寮,十分寮,74-14
平溪區,十分,,438,平溪區,十分寮,十分寮,73-35
平溪區,十分,,439,平溪區,十分寮,十分寮,140
平溪區,十分,,44,平溪區,十分寮,月桃寮,136-6
平溪區,十分,,440,平溪區,十分寮,十分寮,96-2
平溪區,十分,,441,平溪區,十分寮,十分寮,74-11
平溪區,十分,,442,平溪區,十分寮,十分寮,69-6
平溪區,十分,,443,平溪區,十分寮,十分寮,96-4
平溪區,十分,,444,平溪區,十分寮,十分寮,74-6
平溪區,十分,,445,平溪區,十分寮,十分寮,73
平溪區,十分,,446,平溪區,十分寮,十分寮,74-15
平溪區,十分,,447,平溪區,十分寮,十分寮,69-5
平溪區,十分,,448,平溪區,十分寮,十分寮,74-3
平溪區,十分,,449,平溪區,十分寮,十分寮,69-9
平溪區,十分,,45,平溪區,十分寮,月桃寮,133-1
平溪區,十分,,450,平溪區,十分寮,十分寮,73-3
平溪區,十分,,451,平溪區,十分寮,十分寮,97-9
平溪區,十分,,452,平溪區,十分寮,十分寮,97-67
平溪區,十分,,453,平溪區,十分寮,十分寮,69-3
平溪區,十分,,454,平溪區,十分寮,十分寮,118
平溪區,十分,,455,平溪區,十分寮,十分寮,49-6
平溪區,十分,,456,平溪區,十分寮,十分寮,612-2
平溪區,十分,,457,平溪區,十分寮,十分寮,97-68
平溪區,十分,,458,平溪區,十分寮,十分寮,532-8
平溪區,十分,,459,平溪區,十分寮,十分寮,69-7
平溪區,十分,,46,平溪區,十分寮,月桃寮,128-23
平溪區,十分,,460,平溪區,十分寮,十分寮,607-7
平溪區,十分,,461,平溪區,十分寮,十分寮,532-7
平溪區,十分,,462,平溪區,十分寮,十分寮,73-5
平溪區,十分,,463,平溪區,十分寮,十分寮,69-8
平溪區,十分,,464,平溪區,十分寮,十分寮,69-4
平溪區,十分,,465,平溪區,十分寮,十分寮,73-1
平溪區,十分,,466,平溪區,十分寮,十分寮,97-25
平溪區,十分,,467,平溪區,十分寮,十分寮,97-11
平溪區,十分,,469,平溪區,十分寮,十分寮,97-66
平溪區,十分,,47,平溪區,十分寮,月桃寮,133-2
平溪區,十分,,470,平溪區,十分寮,十分寮,73-4
平溪區,十分,,472,平溪區,十分寮,十分寮,73-23
平溪區,十分,,473,平溪區,十分寮,十分寮,520
平溪區,十分,,474,平溪區,十分寮,十分寮,118-1
平溪區,十分,,475,平溪區,十分寮,十分寮,73-9
平溪區,十分,,476,平溪區,十分寮,十分寮,613-1
平溪區,十分,,477,平溪區,十分寮,十分寮,122
平溪區,十分,,478,平溪區,十分寮,十分寮,610-7
平溪區,十分,,479,平溪區,十分寮,十分寮,73-22
平溪區,十分,,48,平溪區,十分寮,月桃寮,134-22
平溪區,十分,,480,平溪區,十分寮,十分寮,118-4
平溪區,十分,,481,平溪區,十分寮,十分寮,73-36
平溪區,十分,,482,平溪區,十分寮,十分寮,118-2
平溪區,十分,,483,平溪區,十分寮,十分寮,73-17
平溪區,十分,,484,平溪區,十分寮,十分寮,610-6
平溪區,十分,,485,平溪區,十分寮,十分寮,73-19
平溪區,十分,,486,平溪區,十分寮,十分寮,118-3
平溪區,十分,,487,平溪區,十分寮,十分寮,73-21
平溪區,十分,,488,平溪區,十分寮,十分寮,73-16
平溪區,十分,,489,平溪區,十分寮,十分寮,72
平溪區,十分,,49,平溪區,十分寮,月桃寮,134-15
平溪區,十分,,490,平溪區,十分寮,十分寮,97-26
平溪區,十分,,491,平溪區,十分寮,十分寮,73-2
平溪區,十分,,492,平溪區,十分寮,十分寮,73-20
平溪區,十分,,493,平溪區,十分寮,十分寮,73-18
平溪區,十分,,494,平溪區,十分寮,十分寮,97-10
平溪區,十分,,495,平溪區,十分寮,十分寮,612-3
平溪區,十分,,496,平溪區,十分寮,十分寮,97-27
平溪區,十分,,497,平溪區,十分寮,十分寮,610-4
平溪區,十分,,498,平溪區,十分寮,十分寮,72-4
平溪區,十分,,499,平溪區,十分寮,十分寮,72-8
平溪區,十分,,5,平溪區,十分寮,月桃寮,134-32
平溪區,十分,,50,平溪區,十分寮,月桃寮,134-43
平溪區,十分,,500,平溪區,十分寮,十分寮,607-2
平溪區,十分,,501,平溪區,十分寮,十分寮,72-1
平溪區,十分,,502,平溪區,十分寮,十分寮,72-5
平溪區,十分,,503,平溪區,十分寮,十分寮,72-7
平溪區,十分,,504,平溪區,十分寮,十分寮,72-2
平溪區,十分,,505,平溪區,十分寮,十分寮,122-3
平溪區,十分,,506,平溪區,十分寮,十分寮,607
平溪區,十分,,507,平溪區,十分寮,十分寮,72-3
平溪區,十分,,508,平溪區,十分寮,十分寮,73-30
平溪區,十分,,509,平溪區,十分寮,十分寮,122-4
平溪區,十分,,51,平溪區,十分寮,月桃寮,128-21
平溪區,十分,,510,平溪區,十分寮,十分寮,607-11
平溪區,十分,,511,平溪區,十分寮,十分寮,114-15
平溪區,十分,,512,平溪區,十分寮,十分寮,114-4
平溪區,十分,,513,平溪區,十分寮,十分寮,114-16
平溪區,十分,,514,平溪區,十分寮,十分寮,194
平溪區,十分,,515,平溪區,十分寮,十分寮,114
平溪區,十分,,516,平溪區,十分寮,十分寮,73-25
平溪區,十分,,517,平溪區,十分寮,十分寮,607-9
平溪區,十分,,518,平溪區,十分寮,十分寮,112-2
平溪區,十分,,519,平溪區,十分寮,十分寮,114-2
平溪區,十分,,52,平溪區,十分寮,月桃寮,133-3
平溪區,十分,,520,平溪區,十分寮,十分寮,612-5
平溪區,十分,,521,平溪區,十分寮,十分寮,97-12
平溪區,十分,,522,平溪區,十分寮,十分寮,141
平溪區,十分,,523,平溪區,十分寮,十分寮,122-5
平溪區,十分,,524,平溪區,十分寮,十分寮,607-10
平溪區,十分,,525,平溪區,十分寮,十分寮,72-6
平溪區,十分,,526,平溪區,十分寮,十分寮,73-10
平溪區,十分,,527,平溪區,十分寮,十分寮,114-3
平溪區,十分,,528,平溪區,十分寮,十分寮,108-2
平溪區,十分,,529,平溪區,十分寮,十分寮,114-1
平溪區,十分,,53,平溪區,十分寮,月桃寮,136-5
平溪區,十分,,530,平溪區,十分寮,十分寮,114-10
平溪區,十分,,531,平溪區,十分寮,十分寮,114-7
平溪區,十分,,532,平溪區,十分寮,十分寮,610-2
平溪區,十分,,533,平溪區,十分寮,十分寮,114-11
平溪區,十分,,534,平溪區,十分寮,十分寮,113-3
平溪區,十分,,535,平溪區,十分寮,十分寮,114-8
平溪區,十分,,536,平溪區,十分寮,十分寮,108-7
平溪區,十分,,537,平溪區,十分寮,十分寮,113-6
平溪區,十分,,538,平溪區,十分寮,十分寮,108-3
平溪區,十分,,539,平溪區,十分寮,十分寮,141-1
平溪區,十分,,54,平溪區,十分寮,月桃寮,134-17
平溪區,十分,,540,平溪區,十分寮,十分寮,97-61
平溪區,十分,,541,平溪區,十分寮,十分寮,113
平溪區,十分,,542,平溪區,十分寮,十分寮,97-65
平溪區,十分,,543,平溪區,十分寮,十分寮,113-2
平溪區,十分,,544,平溪區,十分寮,十分寮,108-4
平溪區,十分,,545,平溪區,十分寮,十分寮,73-31
平溪區,十分,,546,平溪區,十分寮,十分寮,114-12
平溪區,十分,,547,平溪區,十分寮,十分寮,114-9
平溪區,十分,,548,平溪區,十分寮,十分寮,609
平溪區,十分,,549,平溪區,十分寮,十分寮,607-12
平溪區,十分,,55,平溪區,十分寮,月桃寮,133
平溪區,十分,,550,平溪區,十分寮,十分寮,607-3
平溪區,十分,,551,平溪區,十分寮,十分寮,607-4
平溪區,十分,,552,平溪區,十分寮,十分寮,113-5
平溪區,十分,,553,平溪區,十分寮,十分寮,114-13
平溪區,十分,,554,平溪區,十分寮,十分寮,114-5
平溪區,十分,,555,平溪區,十分寮,十分寮,114-6
平溪區,十分,,556,平溪區,十分寮,十分寮,112
平溪區,十分,,557,平溪區,十分寮,十分寮,73-32
平溪區,十分,,558,平溪區,十分寮,十分寮,114-14
平溪區,十分,,56,平溪區,十分寮,月桃寮,134-64
平溪區,十分,,560,平溪區,十分寮,十分寮,97-52
平溪區,十分,,561,平溪區,十分寮,十分寮,113-4
平溪區,十分,,562,平溪區,十分寮,十分寮,108-8
平溪區,十分,,564,平溪區,十分寮,十分寮,105-27
平溪區,十分,,565,平溪區,十分寮,十分寮,608-1
平溪區,十分,,566,平溪區,十分寮,十分寮,105-11
平溪區,十分,,567,平溪區,十分寮,十分寮,97-57
平溪區,十分,,568,平溪區,十分寮,十分寮,607-8
平溪區,十分,,569,平溪區,十分寮,十分寮,108-9
平溪區,十分,,57,平溪區,十分寮,月桃寮,134-70
平溪區,十分,,570,平溪區,十分寮,十分寮,97-3
平溪區,十分,,571,平溪區,十分寮,十分寮,97
平溪區,十分,,572,平溪區,十分寮,十分寮,97-18
平溪區,十分,,573,平溪區,十分寮,十分寮,112-1
平溪區,十分,,574,平溪區,十分寮,十分寮,112-3
平溪區,十分,,575,平溪區,十分寮,十分寮,111
平溪區,十分,,576,平溪區,十分寮,十分寮,97-7
平溪區,十分,,577,平溪區,十分寮,十分寮,532-6
平溪區,十分,,578,平溪區,十分寮,十分寮,607-13
平溪區,十分,,579,平溪區,十分寮,十分寮,97-35
平溪區,十分,,58,平溪區,十分寮,新寮,766-3
平溪區,十分,,580,平溪區,十分寮,十分寮,105-18
平溪區,十分,,581,平溪區,十分寮,十分寮,533-7
平溪區,十分,,582,平溪區,十分寮,十分寮,97-2
平溪區,十分,,584,平溪區,十分寮,十分寮,533-6
平溪區,十分,,585,平溪區,十分寮,十分寮,97-15
平溪區,十分,,586,平溪區,十分寮,十分寮,144
平溪區,十分,,587,平溪區,十分寮,十分寮,97-23
平溪區,十分,,588,平溪區,十分寮,十分寮,73-33
平溪區,十分,,589,平溪區,十分寮,十分寮,105-28
平溪區,十分,,59,平溪區,十分寮,月桃寮,134-55
平溪區,十分,,590,平溪區,十分寮,十分寮,105-30
平溪區,十分,,591,平溪區,十分寮,十分寮,610
平溪區,十分,,592,平溪區,十分寮,十分寮,105-29
平溪區,十分,,593,平溪區,十分寮,十分寮,208-7
平溪區,十分,,594,平溪區,十分寮,十分寮,105-12
平溪區,十分,,595,平溪區,十分寮,十分寮,97-24
平溪區,十分,,596,平溪區,十分寮,十分寮,97-70
平溪區,十分,,597,平溪區,十分寮,十分寮,97-16
平溪區,十分,,598,平溪區,十分寮,十分寮,533-8
平溪區,十分,,599,平溪區,十分寮,十分寮,73-24
平溪區,十分,,6,平溪區,十分寮,月桃寮,134-54
平溪區,十分,,60,平溪區,十分寮,月桃寮,134-82
平溪區,十分,,600,平溪區,十分寮,十分寮,208-3
平溪區,十分,,601,平溪區,十分寮,十分寮,97-8
平溪區,十分,,602,平溪區,十分寮,十分寮,97-58
平溪區,十分,,603,平溪區,十分寮,十分寮,97-55
平溪區,十分,,604,平溪區,十分寮,十分寮,108-10
平溪區,十分,,605,平溪區,十分寮,十分寮,144-1
平溪區,十分,,606,平溪區,十分寮,十分寮,533-5
平溪區,十分,,607,平溪區,十分寮,十分寮,105-7
平溪區,十分,,608,平溪區,十分寮,十分寮,97-62
平溪區,十分,,609,平溪區,十分寮,十分寮,97-6
平溪區,十分,,61,平溪區,十分寮,月桃寮,134-4
平溪區,十分,,610,平溪區,十分寮,十分寮,208-4
平溪區,十分,,611,平溪區,十分寮,十分寮,97-59
平溪區,十分,,612,平溪區,十分寮,十分寮,208-8
平溪區,十分,,613,平溪區,十分寮,十分寮,97-60
平溪區,十分,,614,平溪區,十分寮,十分寮,105-6
平溪區,十分,,615,平溪區,十分寮,十分寮,73-11
平溪區,十分,,616,平溪區,十分寮,十分寮,108-1
平溪區,十分,,617,平溪區,十分寮,十分寮,208-5
平溪區,十分,,618,平溪區,十分寮,十分寮,607-14
平溪區,十分,,619,平溪區,十分寮,十分寮,105-13
平溪區,十分,,62,平溪區,十分寮,月桃寮,134-14
平溪區,十分,,620,平溪區,十分寮,十分寮,73-34
平溪區,十分,,621,平溪區,十分寮,十分寮,108
平溪區,十分,,622,平溪區,十分寮,十分寮,108-6
平溪區,十分,,623,平溪區,十分寮,十分寮,605-1
平溪區,十分,,624,平溪區,十分寮,十分寮,97-17
平溪區,十分,,625,平溪區,十分寮,十分寮,206-2
平溪區,十分,,627,平溪區,十分寮,十分寮,97-54
平溪區,十分,,628,平溪區,十分寮,十分寮,608
平溪區,十分,,629,平溪區,十分寮,十分寮,97-1
平溪區,十分,,63,平溪區,十分寮,月桃寮,134-35
平溪區,十分,,630,平溪區,十分寮,十分寮,97-56
平溪區,十分,,631,平溪區,十分寮,十分寮,73-38
平溪區,十分,,632,平溪區,十分寮,十分寮,97-34
平溪區,十分,,633,平溪區,十分寮,十分寮,206-3
平溪區,十分,,635,平溪區,十分寮,十分寮,97-63
平溪區,十分,,636,平溪區,十分寮,十分寮,73-39
平溪區,十分,,638,平溪區,十分寮,十分寮,73-13
平溪區,十分,,639,平溪區,十分寮,十分寮,105-3
平溪區,十分,,64,平溪區,十分寮,月桃寮,134-23
平溪區,十分,,640,平溪區,十分寮,十分寮,97-4
平溪區,十分,,641,平溪區,十分寮,十分寮,193-2
平溪區,十分,,642,平溪區,十分寮,十分寮,531
平溪區,十分,,643,平溪區,十分寮,十分寮,304-5
平溪區,十分,,644,平溪區,十分寮,十分寮,97-53
平溪區,十分,,645,平溪區,十分寮,十分寮,97-22
平溪區,十分,,646,平溪區,十分寮,十分寮,73-37
平溪區,十分,,647,平溪區,十分寮,十分寮,97-69
平溪區,十分,,648,平溪區,十分寮,十分寮,608-2
平溪區,十分,,649,平溪區,十分寮,十分寮,105-14
平溪區,十分,,65,平溪區,十分寮,月桃寮,134-29
平溪區,十分,,650,平溪區,十分寮,十分寮,605-2
平溪區,十分,,651,平溪區,十分寮,十分寮,97-64
平溪區,十分,,652,平溪區,十分寮,十分寮,97-20
平溪區,十分,,653,平溪區,十分寮,十分寮,155
平溪區,十分,,654,平溪區,十分寮,十分寮,206-1
平溪區,十分,,655,平溪區,十分寮,十分寮,607-5
平溪區,十分,,656,平溪區,十分寮,十分寮,163-14
平溪區,十分,,657,平溪區,十分寮,十分寮,73-12
平溪區,十分,,658,平溪區,十分寮,十分寮,97-13
平溪區,十分,,659,平溪區,十分寮,十分寮,159-1
平溪區,十分,,66,平溪區,十分寮,月桃寮,134-12
平溪區,十分,,660,平溪區,十分寮,十分寮,610-1
平溪區,十分,,661,平溪區,十分寮,十分寮,97-37
平溪區,十分,,662,平溪區,十分寮,十分寮,155-1
平溪區,十分,,663,平溪區,十分寮,十分寮,97-21
平溪區,十分,,664,平溪區,十分寮,十分寮,193
平溪區,十分,,665,平溪區,十分寮,十分寮,163-24
平溪區,十分,,666,平溪區,十分寮,十分寮,163-13
平溪區,十分,,667,平溪區,十分寮,十分寮,97-28
平溪區,十分,,669,平溪區,十分寮,十分寮,97-44
平溪區,十分,,67,平溪區,十分寮,月桃寮,134-33
平溪區,十分,,670,平溪區,十分寮,十分寮,206
平溪區,十分,,671,平溪區,十分寮,十分寮,607-6
平溪區,十分,,672,平溪區,十分寮,十分寮,97-43
平溪區,十分,,673,平溪區,十分寮,十分寮,155-2
平溪區,十分,,674,平溪區,十分寮,十分寮,304-1
平溪區,十分,,675,平溪區,十分寮,十分寮,304-6
平溪區,十分,,676,平溪區,十分寮,十分寮,159
平溪區,十分,,677,平溪區,十分寮,十分寮,97-38
平溪區,十分,,678,平溪區,十分寮,十分寮,163-22
平溪區,十分,,679,平溪區,十分寮,十分寮,206-5
平溪區,十分,,68,平溪區,十分寮,月桃寮,134-26
平溪區,十分,,680,平溪區,十分寮,十分寮,163-4
平溪區,十分,,681,平溪區,十分寮,十分寮,108-5
平溪區,十分,,682,平溪區,十分寮,十分寮,272-1
平溪區,十分,,683,平溪區,十分寮,十分寮,528
平溪區,十分,,684,平溪區,十分寮,十分寮,97-36
平溪區,十分,,685,平溪區,十分寮,十分寮,97-39
平溪區,十分,,686,平溪區,十分寮,十分寮,97-45
平溪區,十分,,687,平溪區,十分寮,十分寮,97-5
平溪區,十分,,688,平溪區,十分寮,十分寮,306-3
平溪區,十分,,689,平溪區,十分寮,十分寮,97-47
平溪區,十分,,69,平溪區,十分寮,月桃寮,134-16
平溪區,十分,,690,平溪區,十分寮,十分寮,168-5
平溪區,十分,,691,平溪區,十分寮,十分寮,163-23
平溪區,十分,,692,平溪區,十分寮,十分寮,97-29
平溪區,十分,,693,平溪區,十分寮,十分寮,97-46
平溪區,十分,,694,平溪區,十分寮,十分寮,97-40
平溪區,十分,,695,平溪區,十分寮,十分寮,163-7
平溪區,十分,,697,平溪區,十分寮,十分寮,163-19
平溪區,十分,,698,平溪區,十分寮,十分寮,145
平溪區,十分,,699,平溪區,十分寮,十分寮,163-12
平溪區,十分,,7,平溪區,十分寮,月桃寮,134-48
平溪區,十分,,70,平溪區,十分寮,月桃寮,134-21
平溪區,十分,,700,平溪區,十分寮,十分寮,206-6
平溪區,十分,,702,平溪區,十分寮,十分寮,168-4
平溪區,十分,,703,平溪區,十分寮,十分寮,163-8
平溪區,十分,,704,平溪區,十分寮,十分寮,163-11
平溪區,十分,,705,平溪區,十分寮,十分寮,206-7
平溪區,十分,,706,平溪區,十分寮,十分寮,97-41
平溪區,十分,,707,平溪區,十分寮,十分寮,304-9
平溪區,十分,,708,平溪區,十分寮,十分寮,306-1
平溪區,十分,,709,平溪區,十分寮,十分寮,97-42
平溪區,十分,,71,平溪區,十分寮,月桃寮,134-65
平溪區,十分,,710,平溪區,十分寮,十分寮,163-9
平溪區,十分,,711,平溪區,十分寮,十分寮,148
平溪區,十分,,712,平溪區,十分寮,十分寮,162-1
平溪區,十分,,713,平溪區,十分寮,十分寮,193-1
平溪區,十分,,714,平溪區,十分寮,十分寮,163-20
平溪區,十分,,715,平溪區,十分寮,十分寮,97-19
平溪區,十分,,716,平溪區,十分寮,十分寮,105-8
平溪區,十分,,717,平溪區,十分寮,十分寮,304-10
平溪區,十分,,718,平溪區,十分寮,十分寮,97-48
平溪區,十分,,719,平溪區,十分寮,十分寮,148-2
平溪區,十分,,72,平溪區,十分寮,新寮,776-8
平溪區,十分,,720,平溪區,十分寮,十分寮,147-2
平溪區,十分,,721,平溪區,十分寮,十分寮,162-2
平溪區,十分,,722,平溪區,十分寮,十分寮,105-5
平溪區,十分,,723,平溪區,十分寮,十分寮,163-1
平溪區,十分,,724,平溪區,十分寮,十分寮,197
平溪區,十分,,725,平溪區,十分寮,十分寮,528-1
平溪區,十分,,726,平溪區,十分寮,十分寮,148-1
平溪區,十分,,727,平溪區,十分寮,十分寮,105-4
平溪區,十分,,728,平溪區,十分寮,十分寮,145-1
平溪區,十分,,729,平溪區,十分寮,十分寮,193-3
平溪區,十分,,73,平溪區,十分寮,月桃寮,76-11
平溪區,十分,,730,平溪區,十分寮,十分寮,147
平溪區,十分,,731,平溪區,十分寮,十分寮,310-3
平溪區,十分,,732,平溪區,十分寮,十分寮,193-4
平溪區,十分,,733,平溪區,十分寮,十分寮,304-7
平溪區,十分,,734,平溪區,十分寮,十分寮,97-14
平溪區,十分,,736,平溪區,十分寮,十分寮,145-2
平溪區,十分,,737,平溪區,十分寮,十分寮,197-3
平溪區,十分,,738,平溪區,十分寮,十分寮,168-7
平溪區,十分,,739,平溪區,十分寮,十分寮,310-2
平溪區,十分,,74,平溪區,十分寮,月桃寮,76-23
平溪區,十分,,740,平溪區,十分寮,十分寮,304-17
平溪區,十分,,741,平溪區,十分寮,十分寮,147-1
平溪區,十分,,742,平溪區,十分寮,十分寮,97-33
平溪區,十分,,744,平溪區,十分寮,十分寮,168-8
平溪區,十分,,745,平溪區,十分寮,十分寮,97-31
平溪區,十分,,746,平溪區,十分寮,十分寮,306
平溪區,十分,,747,平溪區,十分寮,十分寮,197-1
平溪區,十分,,748,平溪區,十分寮,十分寮,146
平溪區,十分,,749,平溪區,十分寮,十分寮,163-17
平溪區,十分,,75,平溪區,十分寮,月桃寮,76-3
平溪區,十分,,750,平溪區,十分寮,十分寮,97-30
平溪區,十分,,751,平溪區,十分寮,十分寮,192
平溪區,十分,,752,平溪區,十分寮,十分寮,306-7
平溪區,十分,,753,平溪區,十分寮,十分寮,105-9
平溪區,十分,,754,平溪區,十分寮,十分寮,168-13
平溪區,十分,,755,平溪區,十分寮,十分寮,168-6
平溪區,十分,,756,平溪區,十分寮,十分寮,308-1
平溪區,十分,,757,平溪區,十分寮,十分寮,304-11
平溪區,十分,,758,平溪區,十分寮,十分寮,163-18
平溪區,十分,,759,平溪區,十分寮,十分寮,306-2
平溪區,十分,,760,平溪區,十分寮,十分寮,306-5
平溪區,十分,,762,平溪區,十分寮,十分寮,308-2
平溪區,十分,,763,平溪區,十分寮,十分寮,105-17
平溪區,十分,,764,平溪區,十分寮,十分寮,163-3
平溪區,十分,,766,平溪區,十分寮,十分寮,304-12
平溪區,十分,,767,平溪區,十分寮,十分寮,105-24
平溪區,十分,,768,平溪區,十分寮,十分寮,308-3
平溪區,十分,,769,平溪區,十分寮,十分寮,306-4
平溪區,十分,,77,平溪區,十分寮,月桃寮,76-15
平溪區,十分,,770,平溪區,十分寮,十分寮,202
平溪區,十分,,772,平溪區,十分寮,十分寮,192-1
平溪區,十分,,773,平溪區,十分寮,十分寮,105-25
平溪區,十分,,774,平溪區,十分寮,十分寮,97-49
平溪區,十分,,775,平溪區,十分寮,十分寮,146-2
平溪區,十分,,776,平溪區,十分寮,十分寮,308-4
平溪區,十分,,777,平溪區,十分寮,十分寮,304-13
平溪區,十分,,778,平溪區,十分寮,十分寮,168-1
平溪區,十分,,779,平溪區,十分寮,十分寮,306-6
平溪區,十分,,78,平溪區,十分寮,月桃寮,76-18
平溪區,十分,,781,平溪區,十分寮,十分寮,308-5
平溪區,十分,,783,平溪區,十分寮,十分寮,168-9
平溪區,十分,,784,平溪區,十分寮,十分寮,163-15
平溪區,十分,,785,平溪區,十分寮,十分寮,197-2
平溪區,十分,,786,平溪區,十分寮,十分寮,192-2
平溪區,十分,,787,平溪區,十分寮,十分寮,163-5
平溪區,十分,,788,平溪區,十分寮,十分寮,308-6
平溪區,十分,,789,平溪區,十分寮,十分寮,310-1
平溪區,十分,,79,平溪區,十分寮,月桃寮,134-34
平溪區,十分,,790,平溪區,十分寮,十分寮,185
平溪區,十分,,791,平溪區,十分寮,十分寮,97-50
平溪區,十分,,792,平溪區,十分寮,十分寮,190
平溪區,十分,,793,平溪區,十分寮,十分寮,170-1
平溪區,十分,,794,平溪區,十分寮,十分寮,306-8
平溪區,十分,,795,平溪區,十分寮,十分寮,163-16
平溪區,十分,,796,平溪區,十分寮,十分寮,308
平溪區,十分,,797,平溪區,十分寮,十分寮,190-7
平溪區,十分,,798,平溪區,十分寮,十分寮,308-7
平溪區,十分,,799,平溪區,十分寮,十分寮,295
平溪區,十分,,8,平溪區,十分寮,月桃寮,128-22
平溪區,十分,,80,平溪區,十分寮,月桃寮,134-13
平溪區,十分,,800,平溪區,十分寮,十分寮,190-8
平溪區,十分,,801,平溪區,十分寮,十分寮,170-14
平溪區,十分,,802,平溪區,十分寮,十分寮,97-51
平溪區,十分,,803,平溪區,十分寮,十分寮,190-9
平溪區,十分,,804,平溪區,十分寮,十分寮,190-10
平溪區,十分,,805,平溪區,十分寮,十分寮,173-82
平溪區,十分,,807,平溪區,十分寮,十分寮,308-8
平溪區,十分,,808,平溪區,十分寮,十分寮,190-11
平溪區,十分,,809,平溪區,十分寮,十分寮,105-15
平溪區,十分,,81,平溪區,十分寮,月桃寮,143-2
平溪區,十分,,810,平溪區,十分寮,十分寮,304-18
平溪區,十分,,811,平溪區,十分寮,十分寮,173-84
平溪區,十分,,812,平溪區,十分寮,十分寮,170-9
平溪區,十分,,813,平溪區,十分寮,十分寮,97-32
平溪區,十分,,814,平溪區,十分寮,十分寮,190-12
平溪區,十分,,815,平溪區,十分寮,十分寮,170-5
平溪區,十分,,816,平溪區,十分寮,十分寮,105-16
平溪區,十分,,817,平溪區,十分寮,十分寮,173-85
平溪區,十分,,818,平溪區,十分寮,十分寮,163-21
平溪區,十分,,819,平溪區,十分寮,十分寮,173-86
平溪區,十分,,82,平溪區,十分寮,月桃寮,76-16
平溪區,十分,,820,平溪區,十分寮,十分寮,190-13
平溪區,十分,,821,平溪區,十分寮,十分寮,173-87
平溪區,十分,,822,平溪區,十分寮,十分寮,190-14
平溪區,十分,,823,平溪區,十分寮,十分寮,308-9
平溪區,十分,,824,平溪區,十分寮,十分寮,187-30
平溪區,十分,,825,平溪區,十分寮,十分寮,304-16
平溪區,十分,,826,平溪區,十分寮,十分寮,170-6
平溪區,十分,,827,平溪區,十分寮,十分寮,190-15
平溪區,十分,,828,平溪區,十分寮,十分寮,173-88
平溪區,十分,,829,平溪區,十分寮,十分寮,173-21
平溪區,十分,,830,平溪區,十分寮,十分寮,187-1
平溪區,十分,,831,平溪區,十分寮,十分寮,190-16
平溪區,十分,,832,平溪區,十分寮,十分寮,308-13
平溪區,十分,,833,平溪區,十分寮,十分寮,173-89
平溪區,十分,,834,平溪區,十分寮,十分寮,173-22
平溪區,十分,,835,平溪區,十分寮,十分寮,170-7
平溪區,十分,,836,平溪區,十分寮,十分寮,105-23
平溪區,十分,,837,平溪區,十分寮,十分寮,163-6
平溪區,十分,,838,平溪區,十分寮,十分寮,173-90
平溪區,十分,,839,平溪區,十分寮,十分寮,308-10
平溪區,十分,,84,平溪區,十分寮,月桃寮,76-25
平溪區,十分,,841,平溪區,十分寮,十分寮,173-83
平溪區,十分,,842,平溪區,十分寮,十分寮,191
平溪區,十分,,843,平溪區,十分寮,十分寮,310
平溪區,十分,,844,平溪區,十分寮,十分寮,170-8
平溪區,十分,,845,平溪區,十分寮,十分寮,170-15
平溪區,十分,,846,平溪區,十分寮,十分寮,173-91
平溪區,十分,,847,平溪區,十分寮,十分寮,170-3
平溪區,十分,,848,平溪區,十分寮,十分寮,304
平溪區,十分,,849,平溪區,十分寮,十分寮,190-6
平溪區,十分,,85,平溪區,十分寮,月桃寮,76-12
平溪區,十分,,850,平溪區,十分寮,十分寮,105-21
平溪區,十分,,851,平溪區,十分寮,十分寮,173-23
平溪區,十分,,852,平溪區,十分寮,十分寮,308-17
平溪區,十分,,853,平溪區,十分寮,十分寮,173-92
平溪區,十分,,854,平溪區,十分寮,十分寮,187-2
平溪區,十分,,855,平溪區,十分寮,十分寮,190-1
平溪區,十分,,856,平溪區,十分寮,十分寮,308-11
平溪區,十分,,857,平溪區,十分寮,十分寮,173-24
平溪區,十分,,858,平溪區,十分寮,十分寮,173-93
平溪區,十分,,859,平溪區,十分寮,十分寮,187-15
平溪區,十分,,86,平溪區,十分寮,月桃寮,76-28
平溪區,十分,,860,平溪區,十分寮,十分寮,187-31
平溪區,十分,,861,平溪區,十分寮,十分寮,308-18
平溪區,十分,,862,平溪區,十分寮,十分寮,308-16
平溪區,十分,,863,平溪區,十分寮,十分寮,187-3
平溪區,十分,,864,平溪區,十分寮,十分寮,190-5
平溪區,十分,,865,平溪區,十分寮,十分寮,168-2
平溪區,十分,,866,平溪區,十分寮,十分寮,308-19
平溪區,十分,,867,平溪區,十分寮,十分寮,187
平溪區,十分,,868,平溪區,十分寮,十分寮,173-25
平溪區,十分,,869,平溪區,十分寮,十分寮,173-20
平溪區,十分,,87,平溪區,十分寮,月桃寮,76-30
平溪區,十分,,870,平溪區,十分寮,十分寮,173-94
平溪區,十分,,871,平溪區,十分寮,十分寮,170-2
平溪區,十分,,872,平溪區,十分寮,十分寮,190-3
平溪區,十分,,873,平溪區,十分寮,十分寮,308-15
平溪區,十分,,874,平溪區,十分寮,十分寮,173-30
平溪區,十分,,876,平溪區,十分寮,十分寮,168-12
平溪區,十分,,877,平溪區,十分寮,十分寮,313-8
平溪區,十分,,878,平溪區,十分寮,十分寮,170-11
平溪區,十分,,879,平溪區,十分寮,十分寮,187-18
平溪區,十分,,88,平溪區,十分寮,月桃寮,134-62
平溪區,十分,,880,平溪區,十分寮,十分寮,187-4
平溪區,十分,,881,平溪區,十分寮,十分寮,312-1
平溪區,十分,,882,平溪區,十分寮,十分寮,173-29
平溪區,十分,,883,平溪區,十分寮,十分寮,308-12
平溪區,十分,,884,平溪區,十分寮,十分寮,190-2
平溪區,十分,,885,平溪區,十分寮,十分寮,173-26
平溪區,十分,,886,平溪區,十分寮,十分寮,173-1
平溪區,十分,,887,平溪區,十分寮,十分寮,187-17
平溪區,十分,,888,平溪區,十分寮,十分寮,190-4
平溪區,十分,,889,平溪區,十分寮,十分寮,173-17
平溪區,十分,,89,平溪區,十分寮,月桃寮,76-29
平溪區,十分,,890,平溪區,十分寮,十分寮,173-27
平溪區,十分,,891,平溪區,十分寮,十分寮,105
平溪區,十分,,892,平溪區,十分寮,十分寮,168-3
平溪區,十分,,893,平溪區,十分寮,十分寮,276
平溪區,十分,,894,平溪區,十分寮,十分寮,173-11
平溪區,十分,,895,平溪區,十分寮,十分寮,187-19
平溪區,十分,,896,平溪區,十分寮,十分寮,304-2
平溪區,十分,,897,平溪區,十分寮,十分寮,173-16
平溪區,十分,,898,平溪區,十分寮,十分寮,170-4
平溪區,十分,,899,平溪區,十分寮,十分寮,187-16
平溪區,十分,,9,平溪區,十分寮,月桃寮,134-76
平溪區,十分,,90,平溪區,十分寮,月桃寮,76-8
平溪區,十分,,900,平溪區,十分寮,十分寮,173-28
平溪區,十分,,901,平溪區,十分寮,十分寮,187-25
平溪區,十分,,902,平溪區,十分寮,十分寮,173-12
平溪區,十分,,903,平溪區,十分寮,十分寮,331-38
平溪區,十分,,904,平溪區,十分寮,十分寮,173-67
平溪區,十分,,905,平溪區,十分寮,十分寮,331-39
平溪區,十分,,906,平溪區,十分寮,十分寮,187-27
平溪區,十分,,907,平溪區,十分寮,十分寮,173-19
平溪區,十分,,908,平溪區,十分寮,十分寮,173-15
平溪區,十分,,909,平溪區,十分寮,十分寮,173-18
平溪區,十分,,910,平溪區,十分寮,十分寮,173-13
平溪區,十分,,911,平溪區,十分寮,十分寮,168-10
平溪區,十分,,912,平溪區,十分寮,十分寮,187-6
平溪區,十分,,913,平溪區,十分寮,十分寮,170-12
平溪區,十分,,914,平溪區,十分寮,十分寮,187-29
平溪區,十分,,915,平溪區,十分寮,十分寮,272
平溪區,十分,,916,平溪區,十分寮,十分寮,187-20
平溪區,十分,,917,平溪區,十分寮,十分寮,331-35
平溪區,十分,,918,平溪區,十分寮,十分寮,313-1
平溪區,十分,,919,平溪區,十分寮,十分寮,309
平溪區,十分,,920,平溪區,十分寮,十分寮,105-1
平溪區,十分,,921,平溪區,十分寮,十分寮,331-37
平溪區,十分,,922,平溪區,十分寮,十分寮,187-21
平溪區,十分,,923,平溪區,十分寮,十分寮,331-40
平溪區,十分,,925,平溪區,十分寮,十分寮,173-68
平溪區,十分,,926,平溪區,十分寮,十分寮,187-26
平溪區,十分,,927,平溪區,十分寮,十分寮,173-14
平溪區,十分,,928,平溪區,十分寮,十分寮,187-28
平溪區,十分,,929,平溪區,十分寮,十分寮,170-13
平溪區,十分,,93,平溪區,十分寮,月桃寮,76-26
平溪區,十分,,930,平溪區,十分寮,十分寮,331-82
平溪區,十分,,931,平溪區,十分寮,十分寮,173-4
平溪區,十分,,932,平溪區,十分寮,十分寮,187-7
平溪區,十分,,933,平溪區,十分寮,十分寮,105-10
平溪區,十分,,934,平溪區,十分寮,十分寮,187-24
平溪區,十分,,935,平溪區,十分寮,十分寮,173
平溪區,十分,,936,平溪區,十分寮,十分寮,187-22
平溪區,十分,,937,平溪區,十分寮,十分寮,313-16
平溪區,十分,,938,平溪區,十分寮,十分寮,173-36
平溪區,十分,,939,平溪區,十分寮,十分寮,304-8
平溪區,十分,,94,平溪區,十分寮,月桃寮,210-24
平溪區,十分,,940,平溪區,十分寮,十分寮,187-8
平溪區,十分,,941,平溪區,十分寮,十分寮,331-21
平溪區,十分,,942,平溪區,十分寮,十分寮,173-95
平溪區,十分,,943,平溪區,十分寮,十分寮,187-23
平溪區,十分,,944,平溪區,十分寮,十分寮,310-4
平溪區,十分,,945,平溪區,十分寮,十分寮,313-17
平溪區,十分,,946,平溪區,十分寮,十分寮,274
平溪區,十分,,947,平溪區,十分寮,十分寮,187-9
平溪區,十分,,948,平溪區,十分寮,十分寮,173-96
平溪區,十分,,949,平溪區,十分寮,十分寮,331-22
平溪區,十分,,95,平溪區,十分寮,新寮,776-1
平溪區,十分,,950,平溪區,十分寮,十分寮,313-2
平溪區,十分,,951,平溪區,十分寮,十分寮,187-5
平溪區,十分,,952,平溪區,十分寮,十分寮,187-10
平溪區,十分,,953,平溪區,十分寮,十分寮,173-53
平溪區,十分,,954,平溪區,十分寮,十分寮,173-35
平溪區,十分,,955,平溪區,十分寮,十分寮,313-10
平溪區,十分,,956,平溪區,十分寮,十分寮,272-2
平溪區,十分,,957,平溪區,十分寮,十分寮,187-32
平溪區,十分,,958,平溪區,十分寮,十分寮,173-103
平溪區,十分,,959,平溪區,十分寮,十分寮,331-36
平溪區,十分,,96,平溪區,十分寮,月桃寮,210-3
平溪區,十分,,960,平溪區,十分寮,十分寮,173-52
平溪區,十分,,961,平溪區,十分寮,十分寮,173-97
平溪區,十分,,962,平溪區,十分寮,十分寮,168
平溪區,十分,,963,平溪區,十分寮,十分寮,187-12
平溪區,十分,,964,平溪區,十分寮,十分寮,331-24
平溪區,十分,,965,平溪區,十分寮,十分寮,331-23
平溪區,十分,,966,平溪區,十分寮,十分寮,105-20
平溪區,十分,,967,平溪區,十分寮,十分寮,313-11
平溪區,十分,,968,平溪區,十分寮,十分寮,272-3
平溪區,十分,,969,平溪區,十分寮,十分寮,173-51
平溪區,十分,,97,平溪區,十分寮,月桃寮,210-38
平溪區,十分,,970,平溪區,十分寮,十分寮,187-13
平溪區,十分,,971,平溪區,十分寮,十分寮,187-14
平溪區,十分,,972,平溪區,十分寮,十分寮,331-1
平溪區,十分,,973,平溪區,十分寮,十分寮,173-101
平溪區,十分,,974,平溪區,十分寮,十分寮,275
平溪區,十分,,975,平溪區,十分寮,十分寮,173-59
平溪區,十分,,976,平溪區,十分寮,十分寮,173-66
平溪區,十分,,977,平溪區,十分寮,十分寮,187-11
平溪區,十分,,978,平溪區,十分寮,十分寮,173-5
平溪區,十分,,979,平溪區,十分寮,十分寮,331-41
平溪區,十分,,98,平溪區,十分寮,月桃寮,134-47
平溪區,十分,,980,平溪區,十分寮,十分寮,313-12
平溪區,十分,,981,平溪區,十分寮,十分寮,331-30
平溪區,十分,,982,平溪區,十分寮,十分寮,173-102
平溪區,十分,,983,平溪區,十分寮,十分寮,331-43
平溪區,十分,,984,平溪區,十分寮,十分寮,331-42
平溪區,十分,,985,平溪區,十分寮,十分寮,173-54
平溪區,十分,,986,平溪區,十分寮,十分寮,173-71
平溪區,十分,,987,平溪區,十分寮,十分寮,173-58
平溪區,十分,,988,平溪區,十分寮,十分寮,173-2
平溪區,十分,,989,平溪區,十分寮,十分寮,173-50
平溪區,十分,,99,平溪區,十分寮,月桃寮,134-38
平溪區,十分,,990,平溪區,十分寮,十分寮,173-70
平溪區,十分,,991,平溪區,十分寮,十分寮,331-26
平溪區,十分,,992,平溪區,十分寮,十分寮,173-98
平溪區,十分,,993,平溪區,十分寮,十分寮,173-57
平溪區,十分,,994,平溪區,十分寮,十分寮,331-31
平溪區,十分,,995,平溪區,十分寮,十分寮,173-69
平溪區,十分,,996,平溪區,十分寮,十分寮,331-27
平溪區,十分,,997,平溪區,十分寮,十分寮,173-78
平溪區,十分,,998,平溪區,十分寮,十分寮,331-44
平溪區,十分,,999,平溪區,十分寮,十分寮,173-8
平溪區,南山一,,1,平溪區,十分寮,六分,162-39
平溪區,南山一,,10,平溪區,十分寮,六分,162-20
平溪區,南山一,,100,平溪區,十分寮,六分,78-16
平溪區,南山一,,101,平溪區,十分寮,六分,171-99
平溪區,南山一,,102,平溪區,十分寮,六分,78-46
平溪區,南山一,,103,平溪區,十分寮,六分,165-10
平溪區,南山一,,104,平溪區,十分寮,六分,165-23
平溪區,南山一,,105,平溪區,十分寮,六分,78-48
平溪區,南山一,,106,平溪區,十分寮,六分,163-6
平溪區,南山一,,107,平溪區,十分寮,六分,166-27
平溪區,南山一,,108,平溪區,十分寮,六分,166-67
平溪區,南山一,,109,平溪區,十分寮,六分,53-3
平溪區,南山一,,11,平溪區,十分寮,六分,162-15
平溪區,南山一,,110,平溪區,十分寮,六分,162-38
平溪區,南山一,,111,平溪區,十分寮,六分,78-38
平溪區,南山一,,112,平溪區,十分寮,六分,63-11
平溪區,南山一,,113,平溪區,十分寮,六分,165-3
平溪區,南山一,,114,平溪區,十分寮,六分,78-9
平溪區,南山一,,115,平溪區,十分寮,六分,78-39
平溪區,南山一,,116,平溪區,十分寮,六分,78-8
平溪區,南山一,,117,平溪區,十分寮,六分,162-7
平溪區,南山一,,118,平溪區,十分寮,六分,166-22
平溪區,南山一,,119,平溪區,十分寮,六分,166-72
平溪區,南山一,,12,平溪區,十分寮,六分,40-1
平溪區,南山一,,120,平溪區,十分寮,六分,171-98
平溪區,南山一,,121,平溪區,十分寮,六分,165-24
平溪區,南山一,,122,平溪區,十分寮,六分,163-7
平溪區,南山一,,123,平溪區,十分寮,六分,165-9
平溪區,南山一,,124,平溪區,十分寮,六分,78-51
平溪區,南山一,,125,平溪區,十分寮,六分,78-42
平溪區,南山一,,126,平溪區,十分寮,六分,78-35
平溪區,南山一,,127,平溪區,十分寮,六分,166-20
平溪區,南山一,,128,平溪區,十分寮,六分,161-2
平溪區,南山一,,129,平溪區,十分寮,六分,166-60
平溪區,南山一,,13,平溪區,十分寮,六分,40-3
平溪區,南山一,,130,平溪區,十分寮,六分,166-23
平溪區,南山一,,131,平溪區,十分寮,六分,60-2
平溪區,南山一,,132,平溪區,十分寮,六分,53-7
平溪區,南山一,,133,平溪區,十分寮,六分,165-25
平溪區,南山一,,134,平溪區,十分寮,六分,78-40
平溪區,南山一,,135,平溪區,十分寮,六分,78-36
平溪區,南山一,,136,平溪區,十分寮,六分,165-13
平溪區,南山一,,137,平溪區,十分寮,六分,166-32
平溪區,南山一,,138,平溪區,十分寮,六分,53-5
平溪區,南山一,,139,平溪區,十分寮,六分,63-13
平溪區,南山一,,140,平溪區,十分寮,六分,162-18
平溪區,南山一,,141,平溪區,十分寮,六分,165-4
平溪區,南山一,,142,平溪區,十分寮,六分,53-8
平溪區,南山一,,143,平溪區,十分寮,六分,78
平溪區,南山一,,144,平溪區,十分寮,六分,78-29
平溪區,南山一,,145,平溪區,十分寮,六分,163-8
平溪區,南山一,,146,平溪區,十分寮,六分,162-17
平溪區,南山一,,147,平溪區,十分寮,六分,171-27
平溪區,南山一,,148,平溪區,十分寮,六分,171-108
平溪區,南山一,,149,平溪區,十分寮,六分,165-16
平溪區,南山一,,15,平溪區,十分寮,六分,162-25
平溪區,南山一,,150,平溪區,十分寮,六分,63-12
平溪區,南山一,,151,平溪區,十分寮,六分,78-2
平溪區,南山一,,152,平溪區,十分寮,六分,166-73
平溪區,南山一,,153,平溪區,十分寮,六分,166-31
平溪區,南山一,,154,平溪區,十分寮,六分,43-4
平溪區,南山一,,155,平溪區,十分寮,六分,78-30
平溪區,南山一,,156,平溪區,十分寮,六分,161-1
平溪區,南山一,,157,平溪區,十分寮,六分,53-6
平溪區,南山一,,158,平溪區,十分寮,六分,164-2
平溪區,南山一,,159,平溪區,十分寮,六分,166-40
平溪區,南山一,,16,平溪區,十分寮,六分,162-4
平溪區,南山一,,160,平溪區,十分寮,六分,165-29
平溪區,南山一,,161,平溪區,十分寮,六分,171-33
平溪區,南山一,,162,平溪區,十分寮,六分,60-1
平溪區,南山一,,163,平溪區,十分寮,六分,165-12
平溪區,南山一,,164,平溪區,十分寮,六分,164-3
平溪區,南山一,,165,平溪區,十分寮,六分,165-14
平溪區,南山一,,166,平溪區,十分寮,六分,165-28
平溪區,南山一,,167,平溪區,十分寮,六分,166-81
平溪區,南山一,,168,平溪區,十分寮,六分,78-31
平溪區,南山一,,169,平溪區,十分寮,六分,63-14
平溪區,南山一,,17,平溪區,十分寮,六分,37-2
平溪區,南山一,,170,平溪區,十分寮,六分,165-15
平溪區,南山一,,171,平溪區,十分寮,六分,78-49
平溪區,南山一,,172,平溪區,十分寮,六分,165-27
平溪區,南山一,,173,平溪區,十分寮,六分,53-9
平溪區,南山一,,174,平溪區,十分寮,六分,166-62
平溪區,南山一,,175,平溪區,十分寮,六分,165-26
平溪區,南山一,,176,平溪區,十分寮,六分,57-2
平溪區,南山一,,177,平溪區,十分寮,六分,57-1
平溪區,南山一,,178,平溪區,十分寮,六分,77-4
平溪區,南山一,,179,平溪區,十分寮,六分,162-19
平溪區,南山一,,18,平溪區,十分寮,六分,37-1
平溪區,南山一,,180,平溪區,十分寮,六分,171
平溪區,南山一,,181,平溪區,十分寮,六分,166-78
平溪區,南山一,,182,平溪區,十分寮,六分,57-3
平溪區,南山一,,183,平溪區,十分寮,六分,78-33
平溪區,南山一,,184,平溪區,十分寮,六分,166-41
平溪區,南山一,,185,平溪區,十分寮,六分,171-41
平溪區,南山一,,186,平溪區,十分寮,六分,171-91
平溪區,南山一,,187,平溪區,十分寮,六分,78-6
平溪區,南山一,,188,平溪區,十分寮,六分,171-92
平溪區,南山一,,189,平溪區,十分寮,六分,166-35
平溪區,南山一,,19,平溪區,十分寮,六分,41
平溪區,南山一,,190,平溪區,十分寮,六分,78-34
平溪區,南山一,,191,平溪區,十分寮,六分,78-10
平溪區,南山一,,192,平溪區,十分寮,六分,165-8
平溪區,南山一,,193,平溪區,十分寮,六分,171-111
平溪區,南山一,,194,平溪區,十分寮,六分,78-12
平溪區,南山一,,195,平溪區,十分寮,六分,166-82
平溪區,南山一,,196,平溪區,十分寮,六分,171-9
平溪區,南山一,,197,平溪區,十分寮,六分,171-90
平溪區,南山一,,198,平溪區,十分寮,六分,171-42
平溪區,南山一,,199,平溪區,十分寮,六分,165-19
平溪區,南山一,,2,平溪區,十分寮,六分,162-10
平溪區,南山一,,20,平溪區,十分寮,六分,162-1
平溪區,南山一,,200,平溪區,十分寮,六分,171-96
平溪區,南山一,,201,平溪區,十分寮,六分,78-7
平溪區,南山一,,202,平溪區,十分寮,六分,162-8
平溪區,南山一,,203,平溪區,十分寮,六分,171-89
平溪區,南山一,,204,平溪區,十分寮,六分,63-1
平溪區,南山一,,205,平溪區,十分寮,六分,171-115
平溪區,南山一,,206,平溪區,十分寮,六分,78-32
平溪區,南山一,,207,平溪區,十分寮,六分,166-24
平溪區,南山一,,208,平溪區,十分寮,六分,166-7
平溪區,南山一,,209,平溪區,十分寮,六分,171-116
平溪區,南山一,,21,平溪區,十分寮,六分,36-4
平溪區,南山一,,210,平溪區,十分寮,六分,171-87
平溪區,南山一,,211,平溪區,十分寮,六分,171-95
平溪區,南山一,,212,平溪區,十分寮,六分,166-34
平溪區,南山一,,213,平溪區,十分寮,六分,171-88
平溪區,南山一,,214,平溪區,十分寮,六分,166
平溪區,南山一,,215,平溪區,十分寮,六分,171-86
平溪區,南山一,,216,平溪區,十分寮,六分,78-5
平溪區,南山一,,217,平溪區,十分寮,六分,78-37
平溪區,南山一,,218,平溪區,十分寮,六分,171-8
平溪區,南山一,,219,平溪區,十分寮,六分,171-94
平溪區,南山一,,22,平溪區,十分寮,六分,162-31
平溪區,南山一,,220,平溪區,十分寮,六分,171-39
平溪區,南山一,,221,平溪區,十分寮,六分,77-1
平溪區,南山一,,222,平溪區,十分寮,六分,78-11
平溪區,南山一,,223,平溪區,十分寮,六分,65-1
平溪區,南山一,,224,平溪區,十分寮,六分,171-93
平溪區,南山一,,225,平溪區,十分寮,六分,164-1
平溪區,南山一,,226,平溪區,十分寮,六分,166-44
平溪區,南山一,,227,平溪區,十分寮,六分,171-37
平溪區,南山一,,228,平溪區,十分寮,六分,77-5
平溪區,南山一,,229,平溪區,十分寮,六分,166-52
平溪區,南山一,,23,平溪區,十分寮,六分,161
平溪區,南山一,,230,平溪區,十分寮,六分,78-13
平溪區,南山一,,231,平溪區,十分寮,六分,166-83
平溪區,南山一,,232,平溪區,十分寮,六分,166-57
平溪區,南山一,,233,平溪區,十分寮,六分,165-5
平溪區,南山一,,234,平溪區,十分寮,六分,166-58
平溪區,南山一,,235,平溪區,十分寮,六分,63-10
平溪區,南山一,,236,平溪區,十分寮,六分,171-7
平溪區,南山一,,237,平溪區,十分寮,六分,171-113
平溪區,南山一,,238,平溪區,十分寮,六分,171-38
平溪區,南山一,,239,平溪區,十分寮,六分,166-12
平溪區,南山一,,24,平溪區,十分寮,六分,162-2
平溪區,南山一,,240,平溪區,十分寮,六分,166-45
平溪區,南山一,,241,平溪區,十分寮,六分,78-41
平溪區,南山一,,242,平溪區,十分寮,六分,171-117
平溪區,南山一,,243,平溪區,十分寮,六分,78-14
平溪區,南山一,,244,平溪區,十分寮,六分,166-30
平溪區,南山一,,245,平溪區,十分寮,六分,171-112
平溪區,南山一,,246,平溪區,十分寮,六分,178-3
平溪區,南山一,,247,平溪區,十分寮,六分,166-13
平溪區,南山一,,248,平溪區,十分寮,六分,166-9
平溪區,南山一,,249,平溪區,十分寮,六分,77
平溪區,南山一,,25,平溪區,十分寮,六分,36-3
平溪區,南山一,,250,平溪區,十分寮,六分,81-30
平溪區,南山一,,251,平溪區,十分寮,六分,166-53
平溪區,南山一,,252,平溪區,十分寮,六分,166-79
平溪區,南山一,,253,平溪區,十分寮,六分,171-36
平溪區,南山一,,254,平溪區,十分寮,六分,171-97
平溪區,南山一,,255,平溪區,十分寮,六分,65-2
平溪區,南山一,,256,平溪區,十分寮,六分,166-6
平溪區,南山一,,257,平溪區,十分寮,六分,166-80
平溪區,南山一,,258,平溪區,十分寮,六分,166-14
平溪區,南山一,,259,平溪區,十分寮,六分,166-61
平溪區,南山一,,26,平溪區,十分寮,六分,162-23
平溪區,南山一,,260,平溪區,十分寮,六分,81-11
平溪區,南山一,,261,平溪區,十分寮,六分,178
平溪區,南山一,,262,平溪區,十分寮,六分,166-49
平溪區,南山一,,263,平溪區,十分寮,六分,166-46
平溪區,南山一,,264,平溪區,十分寮,六分,164-4
平溪區,南山一,,265,平溪區,十分寮,六分,166-33
平溪區,南山一,,266,平溪區,十分寮,六分,166-5
平溪區,南山一,,267,平溪區,十分寮,六分,166-10
平溪區,南山一,,269,平溪區,十分寮,六分,166-15
平溪區,南山一,,27,平溪區,十分寮,六分,166-74
平溪區,南山一,,270,平溪區,十分寮,六分,171-15
平溪區,南山一,,271,平溪區,十分寮,六分,81-31
平溪區,南山一,,272,平溪區,十分寮,六分,166-4
平溪區,南山一,,273,平溪區,十分寮,六分,171-66
平溪區,南山一,,274,平溪區,十分寮,六分,81-12
平溪區,南山一,,275,平溪區,十分寮,六分,81-32
平溪區,南山一,,276,平溪區,十分寮,六分,166-18
平溪區,南山一,,277,平溪區,十分寮,六分,77-3
平溪區,南山一,,278,平溪區,十分寮,六分,178-4
平溪區,南山一,,279,平溪區,十分寮,六分,171-44
平溪區,南山一,,28,平溪區,十分寮,六分,166-69
平溪區,南山一,,280,平溪區,十分寮,六分,81-33
平溪區,南山一,,281,平溪區,十分寮,六分,77-2
平溪區,南山一,,282,平溪區,十分寮,六分,171-65
平溪區,南山一,,283,平溪區,十分寮,六分,166-16
平溪區,南山一,,284,平溪區,十分寮,六分,82-3
平溪區,南山一,,285,平溪區,十分寮,六分,165-11
平溪區,南山一,,287,平溪區,十分寮,六分,171-67
平溪區,南山一,,29,平溪區,十分寮,六分,166-36
平溪區,南山一,,290,平溪區,十分寮,六分,171-50
平溪區,南山一,,291,平溪區,十分寮,六分,171-16
平溪區,南山一,,292,平溪區,十分寮,六分,179
平溪區,南山一,,293,平溪區,十分寮,六分,165-7
平溪區,南山一,,294,平溪區,十分寮,六分,171-28
平溪區,南山一,,295,平溪區,十分寮,六分,165-6
平溪區,南山一,,296,平溪區,十分寮,六分,166-50
平溪區,南山一,,297,平溪區,十分寮,六分,171-109
平溪區,南山一,,298,平溪區,十分寮,六分,171-11
平溪區,南山一,,299,平溪區,十分寮,六分,81-18
平溪區,南山一,,3,平溪區,十分寮,六分,162-30
平溪區,南山一,,30,平溪區,十分寮,六分,166-70
平溪區,南山一,,300,平溪區,十分寮,六分,82-1
平溪區,南山一,,301,平溪區,十分寮,六分,81-34
平溪區,南山一,,302,平溪區,十分寮,六分,81-35
平溪區,南山一,,303,平溪區,十分寮,六分,180
平溪區,南山一,,304,平溪區,十分寮,六分,166-51
平溪區,南山一,,305,平溪區,十分寮,六分,171-69
平溪區,南山一,,306,平溪區,十分寮,六分,171-40
平溪區,南山一,,308,平溪區,十分寮,六分,171-68
平溪區,南山一,,309,平溪區,十分寮,六分,171-13
平溪區,南山一,,31,平溪區,十分寮,六分,166-26
平溪區,南山一,,310,平溪區,十分寮,六分,166-54
平溪區,南山一,,312,平溪區,十分寮,六分,166-28
平溪區,南山一,,314,平溪區,十分寮,六分,166-29
平溪區,南山一,,315,平溪區,十分寮,六分,81-47
平溪區,南山一,,316,平溪區,十分寮,六分,81-41
平溪區,南山一,,317,平溪區,十分寮,六分,81-43
平溪區,南山一,,318,平溪區,十分寮,六分,171-110
平溪區,南山一,,32,平溪區,十分寮,六分,166-19
平溪區,南山一,,320,平溪區,十分寮,六分,171-52
平溪區,南山一,,321,平溪區,十分寮,六分,69-1
平溪區,南山一,,322,平溪區,十分寮,六分,171-72
平溪區,南山一,,323,平溪區,十分寮,六分,171-35
平溪區,南山一,,324,平溪區,十分寮,六分,171-70
平溪區,南山一,,325,平溪區,十分寮,六分,81-23
平溪區,南山一,,326,平溪區,十分寮,六分,171-74
平溪區,南山一,,327,平溪區,十分寮,六分,171-53
平溪區,南山一,,328,平溪區,十分寮,六分,81-6
平溪區,南山一,,329,平溪區,十分寮,六分,81-17
平溪區,南山一,,33,平溪區,十分寮,六分,166-63
平溪區,南山一,,331,平溪區,十分寮,六分,171-71
平溪區,南山一,,332,平溪區,十分寮,六分,81-19
平溪區,南山一,,333,平溪區,十分寮,六分,171-51
平溪區,南山一,,334,平溪區,十分寮,六分,171-73
平溪區,南山一,,335,平溪區,十分寮,六分,165-17
平溪區,南山一,,336,平溪區,十分寮,六分,147-1
平溪區,南山一,,337,平溪區,十分寮,六分,69-2
平溪區,南山一,,338,平溪區,十分寮,六分,76-1
平溪區,南山一,,339,平溪區,十分寮,六分,81-21
平溪區,南山一,,34,平溪區,十分寮,六分,166-59
平溪區,南山一,,340,平溪區,十分寮,六分,171-43
平溪區,南山一,,341,平溪區,十分寮,六分,76-2
平溪區,南山一,,342,平溪區,十分寮,六分,171-29
平溪區,南山一,,343,平溪區,十分寮,六分,81-20
平溪區,南山一,,344,平溪區,十分寮,六分,165-18
平溪區,南山一,,345,平溪區,十分寮,六分,81-13
平溪區,南山一,,346,平溪區,十分寮,六分,76-3
平溪區,南山一,,347,平溪區,十分寮,六分,81
平溪區,南山一,,348,平溪區,十分寮,六分,171-45
平溪區,南山一,,349,平溪區,十分寮,六分,171-46
平溪區,南山一,,35,平溪區,十分寮,六分,162-35
平溪區,南山一,,351,平溪區,十分寮,六分,89
平溪區,南山一,,352,平溪區,十分寮,六分,81-8
平溪區,南山一,,353,平溪區,十分寮,六分,171-1
平溪區,南山一,,354,平溪區,十分寮,六分,81-3
平溪區,南山一,,355,平溪區,十分寮,六分,171-17
平溪區,南山一,,356,平溪區,十分寮,六分,81-37
平溪區,南山一,,357,平溪區,十分寮,六分,81-5
平溪區,南山一,,358,平溪區,十分寮,六分,81-4
平溪區,南山一,,359,平溪區,十分寮,六分,81-22
平溪區,南山一,,36,平溪區,十分寮,六分,162-11
平溪區,南山一,,360,平溪區,十分寮,六分,81-1
平溪區,南山一,,361,平溪區,十分寮,六分,171-47
平溪區,南山一,,362,平溪區,十分寮,南山坪,28-25
平溪區,南山一,,363,平溪區,十分寮,六分,171-18
平溪區,南山一,,364,平溪區,十分寮,六分,171-21
平溪區,南山一,,365,平溪區,十分寮,南山坪,28-26
平溪區,南山一,,366,平溪區,十分寮,六分,88
平溪區,南山一,,367,平溪區,十分寮,六分,171-101
平溪區,南山一,,368,平溪區,十分寮,六分,81-7
平溪區,南山一,,369,平溪區,十分寮,南山坪,28-35
平溪區,南山一,,37,平溪區,十分寮,六分,166-76
平溪區,南山一,,370,平溪區,十分寮,六分,90-1
平溪區,南山一,,371,平溪區,十分寮,六分,171-19
平溪區,南山一,,372,平溪區,十分寮,六分,171-56
平溪區,南山一,,373,平溪區,十分寮,六分,171-57
平溪區,南山一,,374,平溪區,十分寮,六分,171-58
平溪區,南山一,,375,平溪區,十分寮,六分,171-114
平溪區,南山一,,376,平溪區,十分寮,南山坪,28-22
平溪區,南山一,,377,平溪區,十分寮,六分,171-59
平溪區,南山一,,378,平溪區,十分寮,六分,81-16
平溪區,南山一,,379,平溪區,十分寮,六分,81-9
平溪區,南山一,,38,平溪區,十分寮,六分,166-71
平溪區,南山一,,380,平溪區,十分寮,六分,171-119
平溪區,南山一,,382,平溪區,十分寮,六分,88-1
平溪區,南山一,,383,平溪區,十分寮,南山坪,28-9
平溪區,南山一,,384,平溪區,十分寮,六分,81-2
平溪區,南山一,,385,平溪區,十分寮,六分,90
平溪區,南山一,,386,平溪區,十分寮,六分,171-20
平溪區,南山一,,387,平溪區,十分寮,六分,171-102
平溪區,南山一,,388,平溪區,十分寮,南山坪,28-30
平溪區,南山一,,389,平溪區,十分寮,六分,171-48
平溪區,南山一,,39,平溪區,十分寮,六分,166-75
平溪區,南山一,,390,平溪區,十分寮,六分,81-39
平溪區,南山一,,391,平溪區,十分寮,南山坪,28-8
平溪區,南山一,,392,平溪區,十分寮,六分,81-10
平溪區,南山一,,393,平溪區,十分寮,六分,81-38
平溪區,南山一,,394,平溪區,十分寮,六分,81-15
平溪區,南山一,,395,平溪區,十分寮,六分,81-40
平溪區,南山一,,396,平溪區,十分寮,六分,171-25
平溪區,南山一,,397,平溪區,十分寮,六分,92-1
平溪區,南山一,,398,平溪區,十分寮,南山坪,234-9
平溪區,南山一,,399,平溪區,十分寮,六分,171-106
平溪區,南山一,,4,平溪區,十分寮,六分,160-9
平溪區,南山一,,40,平溪區,十分寮,六分,166-37
平溪區,南山一,,400,平溪區,十分寮,南山坪,28-37
平溪區,南山一,,401,平溪區,十分寮,南山坪,28-38
平溪區,南山一,,402,平溪區,十分寮,南山坪,28-32
平溪區,南山一,,404,平溪區,十分寮,六分,81-14
平溪區,南山一,,405,平溪區,十分寮,南山坪,28-36
平溪區,南山一,,406,平溪區,十分寮,南山坪,234-18
平溪區,南山一,,407,平溪區,十分寮,南山坪,28-27
平溪區,南山一,,408,平溪區,十分寮,南山坪,28-31
平溪區,南山一,,409,平溪區,十分寮,南山坪,234-2
平溪區,南山一,,41,平溪區,十分寮,六分,166-77
平溪區,南山一,,410,平溪區,十分寮,南山坪,234-19
平溪區,南山一,,411,平溪區,十分寮,南山坪,234-10
平溪區,南山一,,412,平溪區,十分寮,南山坪,235-16
平溪區,南山一,,413,平溪區,十分寮,南山坪,28-41
平溪區,南山一,,414,平溪區,十分寮,南山坪,28-40
平溪區,南山一,,415,平溪區,十分寮,南山坪,28-39
平溪區,南山一,,416,平溪區,十分寮,南山坪,28-23
平溪區,南山一,,417,平溪區,十分寮,六分,92-2
平溪區,南山一,,418,平溪區,十分寮,南山坪,28-42
平溪區,南山一,,419,平溪區,十分寮,六分,171-24
平溪區,南山一,,420,平溪區,十分寮,南山坪,28-33
平溪區,南山一,,421,平溪區,十分寮,六分,171-60
平溪區,南山一,,422,平溪區,十分寮,南山坪,235-19
平溪區,南山一,,424,平溪區,十分寮,南山坪,234-20
平溪區,南山一,,425,平溪區,十分寮,六分,171-22
平溪區,南山一,,426,平溪區,十分寮,南山坪,28-28
平溪區,南山一,,427,平溪區,十分寮,六分,171-104
平溪區,南山一,,43,平溪區,十分寮,六分,42
平溪區,南山一,,430,平溪區,十分寮,六分,166-11
平溪區,南山一,,431,平溪區,十分寮,六分,171-14
平溪區,南山一,,432,平溪區,十分寮,六分,171-103
平溪區,南山一,,433,平溪區,十分寮,六分,167-1
平溪區,南山一,,434,平溪區,十分寮,南山坪,28-24
平溪區,南山一,,435,平溪區,十分寮,六分,167
平溪區,南山一,,436,平溪區,十分寮,六分,91
平溪區,南山一,,437,平溪區,十分寮,六分,171-61
平溪區,南山一,,438,平溪區,十分寮,六分,171-107
平溪區,南山一,,439,平溪區,十分寮,南山坪,235-4
平溪區,南山一,,44,平溪區,十分寮,六分,163
平溪區,南山一,,441,平溪區,十分寮,六分,171-23
平溪區,南山一,,442,平溪區,十分寮,南山坪,234-12
平溪區,南山一,,443,平溪區,十分寮,六分,171-26
平溪區,南山一,,444,平溪區,十分寮,六分,91-1
平溪區,南山一,,445,平溪區,十分寮,六分,168-1
平溪區,南山一,,446,平溪區,十分寮,南山坪,234-11
平溪區,南山一,,447,平溪區,十分寮,南山坪,28-34
平溪區,南山一,,449,平溪區,十分寮,六分,168-3
平溪區,南山一,,45,平溪區,十分寮,六分,162-12
平溪區,南山一,,452,平溪區,十分寮,六分,167-4
平溪區,南山一,,453,平溪區,十分寮,南山坪,234-13
平溪區,南山一,,454,平溪區,十分寮,六分,168
平溪區,南山一,,455,平溪區,十分寮,南山坪,235-17
平溪區,南山一,,456,平溪區,十分寮,南山坪,234-6
平溪區,南山一,,457,平溪區,十分寮,六分,168-4
平溪區,南山一,,459,平溪區,十分寮,南山坪,28-2
平溪區,南山一,,46,平溪區,十分寮,六分,63
平溪區,南山一,,461,平溪區,十分寮,六分,168-2
平溪區,南山一,,462,平溪區,十分寮,六分,167-2
平溪區,南山一,,463,平溪區,十分寮,南山坪,235-12
平溪區,南山一,,464,平溪區,十分寮,六分,167-6
平溪區,南山一,,465,平溪區,十分寮,六分,171-105
平溪區,南山一,,466,平溪區,十分寮,六分,171-31
平溪區,南山一,,467,平溪區,十分寮,六分,167-3
平溪區,南山一,,468,平溪區,十分寮,南山坪,235-18
平溪區,南山一,,469,平溪區,十分寮,六分,167-5
平溪區,南山一,,47,平溪區,十分寮,六分,63-5
平溪區,南山一,,470,平溪區,十分寮,南山坪,234-7
平溪區,南山一,,472,平溪區,十分寮,南山坪,242-20
平溪區,南山一,,474,平溪區,十分寮,六分,171-32
平溪區,南山一,,475,平溪區,十分寮,南山坪,7-7
平溪區,南山一,,476,平溪區,十分寮,六分,171-62
平溪區,南山一,,477,平溪區,十分寮,南山坪,235-13
平溪區,南山一,,48,平溪區,十分寮,六分,166-38
平溪區,南山一,,481,平溪區,十分寮,南山坪,28-18
平溪區,南山一,,482,平溪區,十分寮,南山坪,242-1
平溪區,南山一,,483,平溪區,十分寮,南山坪,7-8
平溪區,南山一,,484,平溪區,十分寮,南山坪,234-1
平溪區,南山一,,485,平溪區,十分寮,南山坪,6-4
平溪區,南山一,,486,平溪區,十分寮,南山坪,242-2
平溪區,南山一,,487,平溪區,十分寮,南山坪,235-3
平溪區,南山一,,488,平溪區,十分寮,南山坪,373
平溪區,南山一,,489,平溪區,十分寮,南山坪,6-1
平溪區,南山一,,49,平溪區,十分寮,六分,43-1
平溪區,南山一,,491,平溪區,十分寮,南山坪,242-21
平溪區,南山一,,492,平溪區,十分寮,南山坪,7-14
平溪區,南山一,,493,平溪區,十分寮,南山坪,242-15
平溪區,南山一,,495,平溪區,十分寮,南山坪,7-13
平溪區,南山一,,496,平溪區,十分寮,南山坪,7
平溪區,南山一,,497,平溪區,十分寮,南山坪,235-14
平溪區,南山一,,498,平溪區,十分寮,南山坪,3-9
平溪區,南山一,,5,平溪區,十分寮,六分,162-22
平溪區,南山一,,50,平溪區,十分寮,六分,53
平溪區,南山一,,501,平溪區,十分寮,南山坪,6
平溪區,南山一,,502,平溪區,十分寮,南山坪,28-55
平溪區,南山一,,503,平溪區,十分寮,南山坪,242-3
平溪區,南山一,,504,平溪區,十分寮,南山坪,5-1
平溪區,南山一,,505,平溪區,十分寮,南山坪,28-15
平溪區,南山一,,506,平溪區,十分寮,南山坪,28-54
平溪區,南山一,,507,平溪區,十分寮,南山坪,7-12
平溪區,南山一,,509,平溪區,十分寮,南山坪,6-3
平溪區,南山一,,510,平溪區,十分寮,南山坪,6-5
平溪區,南山一,,511,平溪區,十分寮,南山坪,235-20
平溪區,南山一,,512,平溪區,十分寮,南山坪,7-6
平溪區,南山一,,513,平溪區,十分寮,南山坪,6-2
平溪區,南山一,,514,平溪區,十分寮,南山坪,7-9
平溪區,南山一,,515,平溪區,十分寮,南山坪,5-4
平溪區,南山一,,516,平溪區,十分寮,南山坪,7-4
平溪區,南山一,,517,平溪區,十分寮,南山坪,3-10
平溪區,南山一,,519,平溪區,十分寮,南山坪,28-16
平溪區,南山一,,52,平溪區,十分寮,六分,63-6
平溪區,南山一,,520,平溪區,十分寮,南山坪,3-3
平溪區,南山一,,521,平溪區,十分寮,南山坪,2-3
平溪區,南山一,,523,平溪區,十分寮,南山坪,7-2
平溪區,南山一,,524,平溪區,十分寮,南山坪,7-5
平溪區,南山一,,525,平溪區,十分寮,南山坪,242-6
平溪區,南山一,,526,平溪區,十分寮,南山坪,242-16
平溪區,南山一,,527,平溪區,十分寮,南山坪,5-2
平溪區,南山一,,528,平溪區,十分寮,南山坪,2-1
平溪區,南山一,,53,平溪區,十分寮,六分,63-7
平溪區,南山一,,530,平溪區,十分寮,南山坪,235-1
平溪區,南山一,,531,平溪區,十分寮,南山坪,7-11
平溪區,南山一,,532,平溪區,十分寮,南山坪,235-2
平溪區,南山一,,533,平溪區,十分寮,南山坪,243
平溪區,南山一,,534,平溪區,十分寮,南山坪,374
平溪區,南山一,,535,平溪區,十分寮,南山坪,242-18
平溪區,南山一,,536,平溪區,十分寮,南山坪,5-3
平溪區,南山一,,537,平溪區,十分寮,南山坪,235-15
平溪區,南山一,,538,平溪區,十分寮,南山坪,7-10
平溪區,南山一,,539,平溪區,十分寮,南山坪,7-1
平溪區,南山一,,54,平溪區,十分寮,六分,163-3
平溪區,南山一,,540,平溪區,十分寮,南山坪,28-53
平溪區,南山一,,541,平溪區,十分寮,南山坪,2-4
平溪區,南山一,,542,平溪區,十分寮,南山坪,235
平溪區,南山一,,543,平溪區,十分寮,南山坪,242-19
平溪區,南山一,,544,平溪區,十分寮,南山坪,28-52
平溪區,南山一,,545,平溪區,十分寮,南山坪,2-2
平溪區,南山一,,546,平溪區,十分寮,南山坪,235-7
平溪區,南山一,,548,平溪區,十分寮,南山坪,7-3
平溪區,南山一,,549,平溪區,十分寮,南山坪,3-6
平溪區,南山一,,55,平溪區,十分寮,六分,166-64
平溪區,南山一,,550,平溪區,十分寮,南山坪,28-1
平溪區,南山一,,551,平溪區,十分寮,南山坪,375
平溪區,南山一,,552,平溪區,十分寮,南山坪,235-8
平溪區,南山一,,553,平溪區,十分寮,南山坪,3-2
平溪區,南山一,,556,平溪區,十分寮,南山坪,8-1
平溪區,南山一,,557,平溪區,十分寮,南山坪,376
平溪區,南山一,,558,平溪區,十分寮,南山坪,235-5
平溪區,南山一,,56,平溪區,十分寮,六分,163-9
平溪區,南山一,,560,平溪區,十分寮,南山坪,28-51
平溪區,南山一,,561,平溪區,十分寮,南山坪,242-17
平溪區,南山一,,562,平溪區,十分寮,南山坪,235-9
平溪區,南山一,,563,平溪區,十分寮,南山坪,234-15
平溪區,南山一,,564,平溪區,十分寮,南山坪,3-8
平溪區,南山一,,565,平溪區,十分寮,南山坪,372-1
平溪區,南山一,,566,平溪區,十分寮,南山坪,372
平溪區,南山一,,567,平溪區,十分寮,南山坪,28-17
平溪區,南山一,,568,平溪區,十分寮,南山坪,242-4
平溪區,南山一,,569,平溪區,十分寮,南山坪,242-14
平溪區,南山一,,57,平溪區,十分寮,六分,63-4
平溪區,南山一,,570,平溪區,十分寮,南山坪,3-7
平溪區,南山一,,571,平溪區,十分寮,南山坪,235-6
平溪區,南山一,,572,平溪區,十分寮,南山坪,235-10
平溪區,南山一,,573,平溪區,十分寮,南山坪,3
平溪區,南山一,,575,平溪區,十分寮,南山坪,5
平溪區,南山一,,576,平溪區,十分寮,南山坪,3-4
平溪區,南山一,,577,平溪區,十分寮,南山坪,234-8
平溪區,南山一,,578,平溪區,十分寮,南山坪,3-5
平溪區,南山一,,579,平溪區,十分寮,南山坪,3-1
平溪區,南山一,,58,平溪區,十分寮,六分,162-5
平溪區,南山一,,580,平溪區,十分寮,南山坪,234-21
平溪區,南山一,,581,平溪區,十分寮,南山坪,234-17
平溪區,南山一,,582,平溪區,十分寮,南山坪,28-10
平溪區,南山一,,583,平溪區,十分寮,南山坪,235-11
平溪區,南山一,,584,平溪區,十分寮,南山坪,242-13
平溪區,南山一,,585,平溪區,十分寮,南山坪,28-50
平溪區,南山一,,586,平溪區,十分寮,南山坪,28-11
平溪區,南山一,,587,平溪區,十分寮,南山坪,8
平溪區,南山一,,588,平溪區,十分寮,南山坪,242-12
平溪區,南山一,,589,平溪區,十分寮,南山坪,28-49
平溪區,南山一,,59,平溪區,十分寮,六分,166-8
平溪區,南山一,,590,平溪區,十分寮,南山坪,8-2
平溪區,南山一,,591,平溪區,十分寮,南山坪,234-4
平溪區,南山一,,592,平溪區,十分寮,南山坪,234-16
平溪區,南山一,,593,平溪區,十分寮,南山坪,28-12
平溪區,南山一,,595,平溪區,十分寮,南山坪,242-9
平溪區,南山一,,596,平溪區,十分寮,南山坪,242-8
平溪區,南山一,,597,平溪區,十分寮,南山坪,8-3
平溪區,南山一,,598,平溪區,十分寮,南山坪,242-11
平溪區,南山一,,599,平溪區,十分寮,南山坪,234-14
平溪區,南山一,,6,平溪區,十分寮,六分,160-8
平溪區,南山一,,60,平溪區,十分寮,六分,162-26
平溪區,南山一,,600,平溪區,十分寮,南山坪,234-22
平溪區,南山一,,601,平溪區,十分寮,南山坪,242-10
平溪區,南山一,,602,平溪區,十分寮,南山坪,234
平溪區,南山一,,603,平溪區,十分寮,南山坪,28
平溪區,南山一,,604,平溪區,十分寮,南山坪,27
平溪區,南山一,,605,平溪區,十分寮,南山坪,242-7
平溪區,南山一,,606,平溪區,十分寮,南山坪,242-5
平溪區,南山一,,607,平溪區,十分寮,南山坪,28-47
平溪區,南山一,,608,平溪區,十分寮,南山坪,10
平溪區,南山一,,61,平溪區,十分寮,六分,166-25
平溪區,南山一,,610,平溪區,十分寮,南山坪,9
平溪區,南山一,,611,平溪區,十分寮,南山坪,234-25
平溪區,南山一,,612,平溪區,十分寮,南山坪,3-11
平溪區,南山一,,613,平溪區,十分寮,南山坪,9-1
平溪區,南山一,,614,平溪區,十分寮,南山坪,230-4
平溪區,南山一,,615,平溪區,十分寮,南山坪,28-48
平溪區,南山一,,616,平溪區,十分寮,南山坪,12-4
平溪區,南山一,,617,平溪區,十分寮,南山坪,12-1
平溪區,南山一,,618,平溪區,十分寮,南山坪,12
平溪區,南山一,,619,平溪區,十分寮,南山坪,234-23
平溪區,南山一,,62,平溪區,十分寮,六分,163-10
平溪區,南山一,,620,平溪區,十分寮,南山坪,234-3
平溪區,南山一,,621,平溪區,十分寮,南山坪,234-24
平溪區,南山一,,622,平溪區,十分寮,南山坪,28-13
平溪區,南山一,,623,平溪區,十分寮,南山坪,236
平溪區,南山一,,624,平溪區,十分寮,南山坪,234-5
平溪區,南山一,,625,平溪區,十分寮,南山坪,244-1
平溪區,南山一,,626,平溪區,十分寮,南山坪,30
平溪區,南山一,,627,平溪區,十分寮,南山坪,28-43
平溪區,南山一,,628,平溪區,十分寮,南山坪,230
平溪區,南山一,,629,平溪區,十分寮,南山坪,28-3
平溪區,南山一,,63,平溪區,十分寮,六分,162-36
平溪區,南山一,,630,平溪區,十分寮,南山坪,29-1
平溪區,南山一,,631,平溪區,十分寮,南山坪,13
平溪區,南山一,,632,平溪區,十分寮,南山坪,28-4
平溪區,南山一,,633,平溪區,十分寮,南山坪,28-5
平溪區,南山一,,634,平溪區,十分寮,南山坪,28-14
平溪區,南山一,,635,平溪區,十分寮,南山坪,28-46
平溪區,南山一,,636,平溪區,十分寮,南山坪,230-3
平溪區,南山一,,637,平溪區,十分寮,南山坪,230-2
平溪區,南山一,,638,平溪區,十分寮,南山坪,234-26
平溪區,南山一,,639,平溪區,十分寮,南山坪,230-5
平溪區,南山一,,64,平溪區,十分寮,六分,43-3
平溪區,南山一,,640,平溪區,十分寮,南山坪,28-45
平溪區,南山一,,641,平溪區,十分寮,南山坪,11
平溪區,南山一,,642,平溪區,十分寮,南山坪,230-1
平溪區,南山一,,643,平溪區,十分寮,南山坪,26-7
平溪區,南山一,,644,平溪區,十分寮,南山坪,28-19
平溪區,南山一,,645,平溪區,十分寮,南山坪,28-44
平溪區,南山一,,646,平溪區,十分寮,南山坪,29
平溪區,南山一,,647,平溪區,十分寮,南山坪,14-1
平溪區,南山一,,648,平溪區,十分寮,南山坪,28-20
平溪區,南山一,,65,平溪區,十分寮,六分,63-3
平溪區,南山一,,650,平溪區,十分寮,南山坪,26-12
平溪區,南山一,,651,平溪區,十分寮,南山坪,250-2
平溪區,南山一,,654,平溪區,十分寮,南山坪,26-1
平溪區,南山一,,655,平溪區,十分寮,南山坪,26-10
平溪區,南山一,,656,平溪區,十分寮,南山坪,14
平溪區,南山一,,657,平溪區,十分寮,南山坪,26-16
平溪區,南山一,,658,平溪區,十分寮,南山坪,12-2
平溪區,南山一,,659,平溪區,十分寮,南山坪,26-8
平溪區,南山一,,66,平溪區,十分寮,六分,166-2
平溪區,南山一,,660,平溪區,十分寮,南山坪,16
平溪區,南山一,,661,平溪區,十分寮,南山坪,26-11
平溪區,南山一,,662,平溪區,十分寮,南山坪,26-3
平溪區,南山一,,663,平溪區,十分寮,南山坪,15-3
平溪區,南山一,,664,平溪區,十分寮,南山坪,12-3
平溪區,南山一,,665,平溪區,十分寮,南山坪,26-2
平溪區,南山一,,666,平溪區,十分寮,南山坪,26-4
平溪區,南山一,,667,平溪區,十分寮,南山坪,232-1
平溪區,南山一,,668,平溪區,十分寮,南山坪,232
平溪區,南山一,,669,平溪區,十分寮,南山坪,28-6
平溪區,南山一,,67,平溪區,十分寮,六分,60
平溪區,南山一,,670,平溪區,十分寮,南山坪,16-2
平溪區,南山一,,671,平溪區,十分寮,南山坪,15-7
平溪區,南山一,,672,平溪區,十分寮,南山坪,15
平溪區,南山一,,673,平溪區,十分寮,南山坪,16-1
平溪區,南山一,,674,平溪區,十分寮,南山坪,16-4
平溪區,南山一,,675,平溪區,十分寮,南山坪,16-3
平溪區,南山一,,676,平溪區,十分寮,南山坪,17
平溪區,南山一,,677,平溪區,十分寮,南山坪,15-8
平溪區,南山一,,678,平溪區,十分寮,南山坪,15-9
平溪區,南山一,,679,平溪區,十分寮,南山坪,15-4
平溪區,南山一,,68,平溪區,十分寮,六分,163-4
平溪區,南山一,,680,平溪區,十分寮,南山坪,15-10
平溪區,南山一,,681,平溪區,十分寮,南山坪,26-14
平溪區,南山一,,682,平溪區,十分寮,南山坪,233-1
平溪區,南山一,,683,平溪區,十分寮,南山坪,29-2
平溪區,南山一,,684,平溪區,十分寮,南山坪,233
平溪區,南山一,,685,平溪區,十分寮,南山坪,15-11
平溪區,南山一,,686,平溪區,十分寮,南山坪,15-5
平溪區,南山一,,687,平溪區,十分寮,南山坪,15-1
平溪區,南山一,,688,平溪區,十分寮,南山坪,26
平溪區,南山一,,689,平溪區,十分寮,南山坪,26-13
平溪區,南山一,,69,平溪區,十分寮,六分,166-68
平溪區,南山一,,690,平溪區,十分寮,南山坪,26-9
平溪區,南山一,,691,平溪區,十分寮,南山坪,26-5
平溪區,南山一,,692,平溪區,十分寮,南山坪,15-2
平溪區,南山一,,693,平溪區,十分寮,南山坪,15-6
平溪區,南山一,,694,平溪區,十分寮,南山坪,17-2
平溪區,南山一,,695,平溪區,十分寮,南山坪,26-15
平溪區,南山一,,696,平溪區,十分寮,南山坪,26-6
平溪區,南山一,,698,平溪區,十分寮,南山坪,28-21
平溪區,南山一,,699,平溪區,十分寮,南山坪,21-10
平溪區,南山一,,7,平溪區,十分寮,六分,162
平溪區,南山一,,70,平溪區,十分寮,六分,163-11
平溪區,南山一,,700,平溪區,十分寮,南山坪,28-56
平溪區,南山一,,701,平溪區,十分寮,南山坪,254-1
平溪區,南山一,,702,平溪區,十分寮,南山坪,17-3
平溪區,南山一,,703,平溪區,十分寮,南山坪,21-1
平溪區,南山一,,704,平溪區,十分寮,南山坪,25-5
平溪區,南山一,,705,平溪區,十分寮,南山坪,21-5
平溪區,南山一,,706,平溪區,十分寮,南山坪,17-5
平溪區,南山一,,707,平溪區,十分寮,南山坪,21-24
平溪區,南山一,,708,平溪區,十分寮,南山坪,28-57
平溪區,南山一,,709,平溪區,十分寮,南山坪,21-3
平溪區,南山一,,710,平溪區,十分寮,南山坪,25
平溪區,南山一,,711,平溪區,十分寮,南山坪,21
平溪區,南山一,,712,平溪區,十分寮,南山坪,21-21
平溪區,南山一,,713,平溪區,十分寮,南山坪,21-20
平溪區,南山一,,714,平溪區,十分寮,南山坪,21-4
平溪區,南山一,,715,平溪區,十分寮,南山坪,25-2
平溪區,南山一,,717,平溪區,十分寮,南山坪,28-7
平溪區,南山一,,718,平溪區,十分寮,南山坪,25-6
平溪區,南山一,,719,平溪區,十分寮,南山坪,21-13
平溪區,南山一,,72,平溪區,十分寮,六分,163-5
平溪區,南山一,,720,平溪區,十分寮,南山坪,21-17
平溪區,南山一,,721,平溪區,十分寮,南山坪,21-19
平溪區,南山一,,722,平溪區,十分寮,南山坪,28-29
平溪區,南山一,,723,平溪區,十分寮,南山坪,21-25
平溪區,南山一,,724,平溪區,十分寮,南山坪,21-11
平溪區,南山一,,725,平溪區,十分寮,南山坪,21-18
平溪區,南山一,,726,平溪區,十分寮,南山坪,28-58
平溪區,南山一,,727,平溪區,十分寮,南山坪,21-6
平溪區,南山一,,728,平溪區,十分寮,南山坪,21-15
平溪區,南山一,,729,平溪區,十分寮,南山坪,21-12
平溪區,南山一,,73,平溪區,十分寮,六分,63-15
平溪區,南山一,,730,平溪區,十分寮,南山坪,21-14
平溪區,南山一,,731,平溪區,十分寮,南山坪,21-2
平溪區,南山一,,732,平溪區,十分寮,南山坪,21-23
平溪區,南山一,,733,平溪區,十分寮,南山坪,21-7
平溪區,南山一,,734,平溪區,十分寮,南山坪,17-4
平溪區,南山一,,735,平溪區,十分寮,南山坪,25-11
平溪區,南山一,,736,平溪區,十分寮,南山坪,25-13
平溪區,南山一,,737,平溪區,十分寮,南山坪,255-3
平溪區,南山一,,738,平溪區,十分寮,南山坪,23-12
平溪區,南山一,,739,平溪區,十分寮,南山坪,25-3
平溪區,南山一,,74,平溪區,十分寮,六分,162-28
平溪區,南山一,,740,平溪區,十分寮,南山坪,25-12
平溪區,南山一,,741,平溪區,十分寮,南山坪,25-15
平溪區,南山一,,742,平溪區,十分寮,南山坪,25-9
平溪區,南山一,,743,平溪區,十分寮,南山坪,238-2
平溪區,南山一,,744,平溪區,十分寮,南山坪,25-1
平溪區,南山一,,745,平溪區,十分寮,南山坪,17-1
平溪區,南山一,,746,平溪區,十分寮,南山坪,25-7
平溪區,南山一,,747,平溪區,十分寮,南山坪,25-14
平溪區,南山一,,748,平溪區,十分寮,南山坪,25-10
平溪區,南山一,,75,平溪區,十分寮,六分,162-27
平溪區,南山一,,750,平溪區,十分寮,南山坪,25-8
平溪區,南山一,,751,平溪區,十分寮,南山坪,25-4
平溪區,南山一,,752,平溪區,十分寮,南山坪,23-25
平溪區,南山一,,753,平溪區,十分寮,南山坪,23-26
平溪區,南山一,,754,平溪區,十分寮,南山坪,23-9
平溪區,南山一,,755,平溪區,十分寮,南山坪,238-1
平溪區,南山一,,756,平溪區,十分寮,南山坪,238-5
平溪區,南山一,,758,平溪區,十分寮,南山坪,23-27
平溪區,南山一,,759,平溪區,十分寮,南山坪,20
平溪區,南山一,,760,平溪區,十分寮,南山坪,238
平溪區,南山一,,761,平溪區,十分寮,南山坪,23-7
平溪區,南山一,,762,平溪區,十分寮,南山坪,23-20
平溪區,南山一,,763,平溪區,十分寮,南山坪,23-29
平溪區,南山一,,764,平溪區,十分寮,南山坪,23
平溪區,南山一,,765,平溪區,十分寮,南山坪,20-2
平溪區,南山一,,766,平溪區,十分寮,南山坪,20-1
平溪區,南山一,,767,平溪區,十分寮,南山坪,256-6
平溪區,南山一,,77,平溪區,十分寮,六分,53-1
平溪區,南山一,,770,平溪區,十分寮,南山坪,23-35
平溪區,南山一,,771,平溪區,十分寮,南山坪,23-36
平溪區,南山一,,772,平溪區,十分寮,南山坪,23-28
平溪區,南山一,,773,平溪區,十分寮,南山坪,23-21
平溪區,南山一,,774,平溪區,十分寮,南山坪,23-14
平溪區,南山一,,775,平溪區,十分寮,南山坪,256-4
平溪區,南山一,,777,平溪區,十分寮,南山坪,23-3
平溪區,南山一,,778,平溪區,十分寮,南山坪,23-8
平溪區,南山一,,779,平溪區,十分寮,南山坪,21-8
平溪區,南山一,,78,平溪區,十分寮,六分,162-32
平溪區,南山一,,780,平溪區,十分寮,南山坪,23-10
平溪區,南山一,,781,平溪區,十分寮,南山坪,22-1
平溪區,南山一,,782,平溪區,十分寮,南山坪,22-6
平溪區,南山一,,783,平溪區,十分寮,南山坪,23-15
平溪區,南山一,,784,平溪區,十分寮,南山坪,256-3
平溪區,南山一,,785,平溪區,十分寮,南山坪,22
平溪區,南山一,,786,平溪區,十分寮,南山坪,21-22
平溪區,南山一,,787,平溪區,十分寮,南山坪,23-11
平溪區,南山一,,788,平溪區,十分寮,南山坪,256-2
平溪區,南山一,,789,平溪區,十分寮,南山坪,256-1
平溪區,南山一,,79,平溪區,十分寮,六分,63-8
平溪區,南山一,,790,平溪區,十分寮,南山坪,21-9
平溪區,南山一,,791,平溪區,十分寮,南山坪,22-2
平溪區,南山一,,792,平溪區,十分寮,南山坪,22-7
平溪區,南山一,,793,平溪區,十分寮,南山坪,22-3
平溪區,南山一,,795,平溪區,十分寮,南山坪,22-5
平溪區,南山一,,796,平溪區,十分寮,南山坪,22-8
平溪區,南山一,,797,平溪區,十分寮,南山坪,22-9
平溪區,南山一,,798,平溪區,十分寮,南山坪,23-31
平溪區,南山一,,8,平溪區,十分寮,六分,160-7
平溪區,南山一,,80,平溪區,十分寮,六分,171-100
平溪區,南山一,,800,平溪區,十分寮,南山坪,23-32
平溪區,南山一,,802,平溪區,十分寮,南山坪,23-22
平溪區,南山一,,803,平溪區,十分寮,南山坪,23-37
平溪區,南山一,,804,平溪區,十分寮,南山坪,23-4
平溪區,南山一,,805,平溪區,十分寮,南山坪,23-30
平溪區,南山一,,806,平溪區,十分寮,南山坪,23-39
平溪區,南山一,,807,平溪區,十分寮,南山坪,23-23
平溪區,南山一,,808,平溪區,十分寮,南山坪,238-6
平溪區,南山一,,809,平溪區,十分寮,南山坪,23-34
平溪區,南山一,,81,平溪區,十分寮,六分,162-3
平溪區,南山一,,810,平溪區,十分寮,南山坪,22-4
平溪區,南山一,,811,平溪區,十分寮,南山坪,23-42
平溪區,南山一,,813,平溪區,十分寮,南山坪,23-18
平溪區,南山一,,814,平溪區,十分寮,南山坪,23-19
平溪區,南山一,,815,平溪區,十分寮,南山坪,23-24
平溪區,南山一,,816,平溪區,十分寮,南山坪,275-12
平溪區,南山一,,817,平溪區,十分寮,南山坪,23-17
平溪區,南山一,,818,平溪區,十分寮,南山坪,23-40
平溪區,南山一,,819,平溪區,十分寮,南山坪,275-4
平溪區,南山一,,82,平溪區,十分寮,六分,78-15
平溪區,南山一,,820,平溪區,十分寮,南山坪,23-38
平溪區,南山一,,821,平溪區,十分寮,南山坪,275-14
平溪區,南山一,,823,平溪區,十分寮,南山坪,23-33
平溪區,南山一,,824,平溪區,十分寮,南山坪,257-1
平溪區,南山一,,825,平溪區,十分寮,南山坪,275
平溪區,南山一,,826,平溪區,十分寮,南山坪,238-7
平溪區,南山一,,829,平溪區,十分寮,南山坪,275-11
平溪區,南山一,,83,平溪區,十分寮,六分,166-65
平溪區,南山一,,830,平溪區,十分寮,南山坪,23-41
平溪區,南山一,,832,平溪區,十分寮,南山坪,31-5
平溪區,南山一,,833,平溪區,十分寮,南山坪,275-5
平溪區,南山一,,834,平溪區,十分寮,南山坪,23-13
平溪區,南山一,,835,平溪區,十分寮,南山坪,275-6
平溪區,南山一,,836,平溪區,十分寮,南山坪,23-1
平溪區,南山一,,838,平溪區,十分寮,南山坪,275-13
平溪區,南山一,,839,平溪區,十分寮,南山坪,275-2
平溪區,南山一,,84,平溪區,十分寮,六分,166-21
平溪區,南山一,,840,平溪區,十分寮,南山坪,275-9
平溪區,南山一,,842,平溪區,十分寮,南山坪,275-10
平溪區,南山一,,843,平溪區,十分寮,南山坪,275-3
平溪區,南山一,,844,平溪區,十分寮,南山坪,275-1
平溪區,南山一,,845,平溪區,十分寮,南山坪,274-1
平溪區,南山一,,846,平溪區,十分寮,南山坪,275-8
平溪區,南山一,,85,平溪區,十分寮,六分,166-66
平溪區,南山一,,86,平溪區,十分寮,六分,162-42
平溪區,南山一,,87,平溪區,十分寮,六分,78-45
平溪區,南山一,,88,平溪區,十分寮,六分,53-2
平溪區,南山一,,89,平溪區,十分寮,六分,162-33
平溪區,南山一,,9,平溪區,十分寮,六分,162-34
平溪區,南山一,,90,平溪區,十分寮,六分,163-2
平溪區,南山一,,91,平溪區,十分寮,六分,162-37
平溪區,南山一,,92,平溪區,十分寮,六分,78-44
平溪區,南山一,,93,平溪區,十分寮,六分,162-6
平溪區,南山一,,94,平溪區,十分寮,六分,166-39
平溪區,南山一,,95,平溪區,十分寮,六分,78-43
平溪區,南山一,,96,平溪區,十分寮,六分,78-47
平溪區,南山一,,97,平溪區,十分寮,六分,63-9
平溪區,南山一,,98,平溪區,十分寮,六分,165-2
平溪區,南山一,,99,平溪區,十分寮,六分,78-50
平溪區,南山二,,1,平溪區,十分寮,南山坪,334-6
平溪區,南山二,,100,平溪區,十分寮,南山坪,99
平溪區,南山二,,101,平溪區,十分寮,南山坪,99-1
平溪區,南山二,,102,平溪區,十分寮,南山坪,100
平溪區,南山二,,103,平溪區,十分寮,南山坪,100-1
平溪區,南山二,,104,平溪區,十分寮,南山坪,101-4
平溪區,南山二,,105,平溪區,十分寮,南山坪,101-5
平溪區,南山二,,106,平溪區,十分寮,南山坪,101
平溪區,南山二,,107,平溪區,十分寮,南山坪,107
平溪區,南山二,,108,平溪區,十分寮,南山坪,109
平溪區,南山二,,109,平溪區,十分寮,南山坪,101-1
平溪區,南山二,,110,平溪區,十分寮,南山坪,101-2
平溪區,南山二,,111,平溪區,十分寮,南山坪,101-6
平溪區,南山二,,112,平溪區,十分寮,南山坪,101-3
平溪區,南山二,,113,平溪區,十分寮,南山坪,143-4
平溪區,南山二,,114,平溪區,十分寮,南山坪,143-6
平溪區,南山二,,115,平溪區,十分寮,南山坪,143-1
平溪區,南山二,,116,平溪區,十分寮,南山坪,143-2
平溪區,南山二,,117,平溪區,十分寮,南山坪,142
平溪區,南山二,,118,平溪區,十分寮,南山坪,140
平溪區,南山二,,119,平溪區,十分寮,南山坪,129-1
平溪區,南山二,,120,平溪區,十分寮,南山坪,143
平溪區,南山二,,121,平溪區,十分寮,南山坪,143-5
平溪區,南山二,,122,平溪區,十分寮,南山坪,143-3
平溪區,南山二,,123,平溪區,十分寮,南山坪,144-1
平溪區,南山二,,124,平溪區,十分寮,南山坪,144
平溪區,南山二,,125,平溪區,十分寮,南山坪,145-1
平溪區,南山二,,126,平溪區,十分寮,南山坪,145-3
平溪區,南山二,,127,平溪區,十分寮,南山坪,145-4
平溪區,南山二,,128,平溪區,十分寮,南山坪,145-5
平溪區,南山二,,129,平溪區,十分寮,南山坪,145-6
平溪區,南山二,,130,平溪區,十分寮,南山坪,129-8
平溪區,南山二,,131,平溪區,十分寮,南山坪,145-2
平溪區,南山二,,132,平溪區,十分寮,南山坪,129
平溪區,南山二,,133,平溪區,十分寮,南山坪,129-7
平溪區,南山二,,134,平溪區,十分寮,南山坪,129-6
平溪區,南山二,,135,平溪區,十分寮,南山坪,145
平溪區,南山二,,136,平溪區,十分寮,南山坪,154-3
平溪區,南山二,,137,平溪區,十分寮,南山坪,150
平溪區,南山二,,138,平溪區,十分寮,南山坪,154-2
平溪區,南山二,,139,平溪區,十分寮,南山坪,154-1
平溪區,南山二,,14,平溪區,十分寮,南山坪,97-1
平溪區,南山二,,140,平溪區,十分寮,南山坪,149-2
平溪區,南山二,,141,平溪區,十分寮,南山坪,149-4
平溪區,南山二,,142,平溪區,十分寮,南山坪,149-7
平溪區,南山二,,143,平溪區,十分寮,南山坪,149-6
平溪區,南山二,,144,平溪區,十分寮,南山坪,149
平溪區,南山二,,145,平溪區,十分寮,南山坪,149-1
平溪區,南山二,,146,平溪區,十分寮,南山坪,148
平溪區,南山二,,147,平溪區,十分寮,南山坪,129-5
平溪區,南山二,,148,平溪區,十分寮,南山坪,129-3
平溪區,南山二,,149,平溪區,十分寮,南山坪,129-4
平溪區,南山二,,150,平溪區,十分寮,南山坪,131
平溪區,南山二,,151,平溪區,十分寮,南山坪,133
平溪區,南山二,,152,平溪區,十分寮,南山坪,134
平溪區,南山二,,153,平溪區,十分寮,南山坪,129-2
平溪區,南山二,,154,平溪區,十分寮,南山坪,344
平溪區,南山二,,155,平溪區,十分寮,南山坪,149-5
平溪區,南山二,,156,平溪區,十分寮,南山坪,149-3
平溪區,南山二,,157,平溪區,十分寮,南山坪,344-6
平溪區,南山二,,158,平溪區,十分寮,南山坪,344-5
平溪區,南山二,,159,平溪區,十分寮,南山坪,154-5
平溪區,南山二,,160,平溪區,十分寮,南山坪,154-8
平溪區,南山二,,161,平溪區,十分寮,南山坪,154
平溪區,南山二,,162,平溪區,十分寮,南山坪,151
平溪區,南山二,,163,平溪區,十分寮,南山坪,152
平溪區,南山二,,164,平溪區,十分寮,南山坪,157
平溪區,南山二,,165,平溪區,十分寮,南山坪,158
平溪區,南山二,,166,平溪區,十分寮,南山坪,154-4
平溪區,南山二,,167,平溪區,十分寮,南山坪,154-10
平溪區,南山二,,168,平溪區,十分寮,南山坪,344-3
平溪區,南山二,,169,平溪區,十分寮,南山坪,158-1
平溪區,南山二,,17,平溪區,十分寮,南山坪,96-7
平溪區,南山二,,170,平溪區,十分寮,南山坪,158-4
平溪區,南山二,,171,平溪區,十分寮,南山坪,158-3
平溪區,南山二,,172,平溪區,十分寮,南山坪,158-2
平溪區,南山二,,173,平溪區,十分寮,南山坪,344-7
平溪區,南山二,,174,平溪區,十分寮,南山坪,344-4
平溪區,南山二,,175,平溪區,十分寮,南山坪,159
平溪區,南山二,,176,平溪區,十分寮,南山坪,344-2
平溪區,南山二,,177,平溪區,十分寮,南山坪,159-1
平溪區,南山二,,178,平溪區,十分寮,南山坪,160-1
平溪區,南山二,,179,平溪區,十分寮,南山坪,160-3
平溪區,南山二,,18,平溪區,十分寮,南山坪,96-54
平溪區,南山二,,180,平溪區,十分寮,南山坪,160
平溪區,南山二,,181,平溪區,十分寮,南山坪,172-1
平溪區,南山二,,182,平溪區,十分寮,南山坪,172-4
平溪區,南山二,,183,平溪區,十分寮,南山坪,172-3
平溪區,南山二,,184,平溪區,十分寮,南山坪,172-2
平溪區,南山二,,185,平溪區,十分寮,南山坪,156
平溪區,南山二,,186,平溪區,十分寮,南山坪,167-2
平溪區,南山二,,187,平溪區,十分寮,南山坪,161-5
平溪區,南山二,,188,平溪區,十分寮,南山坪,161-8
平溪區,南山二,,189,平溪區,十分寮,南山坪,161-4
平溪區,南山二,,19,平溪區,十分寮,南山坪,96-57
平溪區,南山二,,190,平溪區,十分寮,南山坪,161-9
平溪區,南山二,,191,平溪區,十分寮,南山坪,160-4
平溪區,南山二,,192,平溪區,十分寮,南山坪,160-2
平溪區,南山二,,193,平溪區,十分寮,南山坪,163
平溪區,南山二,,194,平溪區,十分寮,南山坪,162-1
平溪區,南山二,,195,平溪區,十分寮,南山坪,161
平溪區,南山二,,196,平溪區,十分寮,南山坪,161-3
平溪區,南山二,,197,平溪區,十分寮,南山坪,161-6
平溪區,南山二,,198,平溪區,十分寮,南山坪,161-2
平溪區,南山二,,199,平溪區,十分寮,南山坪,161-7
平溪區,南山二,,20,平溪區,十分寮,南山坪,96-6
平溪區,南山二,,200,平溪區,十分寮,南山坪,161-1
平溪區,南山二,,201,平溪區,十分寮,南山坪,162
平溪區,南山二,,202,平溪區,十分寮,南山坪,164
平溪區,南山二,,203,平溪區,十分寮,南山坪,165
平溪區,南山二,,204,平溪區,十分寮,南山坪,169
平溪區,南山二,,205,平溪區,十分寮,南山坪,166
平溪區,南山二,,206,平溪區,十分寮,南山坪,167
平溪區,南山二,,207,平溪區,十分寮,南山坪,167-3
平溪區,南山二,,208,平溪區,十分寮,南山坪,167-1
平溪區,南山二,,209,平溪區,十分寮,南山坪,167-4
平溪區,南山二,,21,平溪區,十分寮,南山坪,96-59
平溪區,南山二,,210,平溪區,十分寮,南山坪,172
平溪區,南山二,,211,平溪區,十分寮,南山坪,172-11
平溪區,南山二,,212,平溪區,十分寮,南山坪,172-9
平溪區,南山二,,213,平溪區,十分寮,南山坪,171-3
平溪區,南山二,,214,平溪區,十分寮,南山坪,171-4
平溪區,南山二,,215,平溪區,十分寮,南山坪,171
平溪區,南山二,,216,平溪區,十分寮,南山坪,170
平溪區,南山二,,217,平溪區,十分寮,南山坪,171-1
平溪區,南山二,,218,平溪區,十分寮,南山坪,129-9
平溪區,南山二,,219,平溪區,十分寮,南山坪,154-7
平溪區,南山二,,22,平溪區,十分寮,南山坪,96-58
平溪區,南山二,,220,平溪區,十分寮,南山坪,154-11
平溪區,南山二,,221,平溪區,十分寮,南山坪,171-2
平溪區,南山二,,222,平溪區,十分寮,南山坪,346-6
平溪區,南山二,,223,平溪區,十分寮,南山坪,346-8
平溪區,南山二,,224,平溪區,十分寮,南山坪,173-4
平溪區,南山二,,225,平溪區,十分寮,南山坪,172-8
平溪區,南山二,,226,平溪區,十分寮,南山坪,172-7
平溪區,南山二,,227,平溪區,十分寮,南山坪,173-1
平溪區,南山二,,228,平溪區,十分寮,南山坪,173-3
平溪區,南山二,,229,平溪區,十分寮,南山坪,346-5
平溪區,南山二,,23,平溪區,十分寮,南山坪,96-1
平溪區,南山二,,230,平溪區,十分寮,南山坪,346-7
平溪區,南山二,,232,平溪區,十分寮,南山坪,172-5
平溪區,南山二,,233,平溪區,十分寮,南山坪,172-10
平溪區,南山二,,234,平溪區,十分寮,南山坪,96-56
平溪區,南山二,,235,平溪區,十分寮,南山坪,97
平溪區,南山二,,236,平溪區,十分寮,南山坪,154-6
平溪區,南山二,,237,平溪區,十分寮,南山坪,154-9
平溪區,南山二,,238,平溪區,十分寮,南山坪,172-6
平溪區,南山二,,239,平溪區,十分寮,南山坪,173-2
平溪區,南山二,,24,平溪區,十分寮,南山坪,96-2
平溪區,南山二,,25,平溪區,十分寮,南山坪,95
平溪區,南山二,,26,平溪區,十分寮,南山坪,96-55
平溪區,南山二,,27,平溪區,十分寮,南山坪,96-8
平溪區,南山二,,28,平溪區,十分寮,南山坪,96-53
平溪區,南山二,,29,平溪區,十分寮,南山坪,96-10
平溪區,南山二,,30,平溪區,十分寮,南山坪,97-2
平溪區,南山二,,31,平溪區,十分寮,南山坪,96-5
平溪區,南山二,,32,平溪區,十分寮,南山坪,96-52
平溪區,南山二,,33,平溪區,十分寮,南山坪,96-9
平溪區,南山二,,34,平溪區,十分寮,南山坪,96-3
平溪區,南山二,,35,平溪區,十分寮,南山坪,96-11
平溪區,南山二,,36,平溪區,十分寮,南山坪,96-15
平溪區,南山二,,37,平溪區,十分寮,南山坪,96-12
平溪區,南山二,,38,平溪區,十分寮,南山坪,96-16
平溪區,南山二,,39,平溪區,十分寮,南山坪,96-17
平溪區,南山二,,4,平溪區,十分寮,南山坪,334-4
平溪區,南山二,,40,平溪區,十分寮,南山坪,96-13
平溪區,南山二,,41,平溪區,十分寮,南山坪,96-14
平溪區,南山二,,42,平溪區,十分寮,南山坪,96-18
平溪區,南山二,,43,平溪區,十分寮,南山坪,96-51
平溪區,南山二,,44,平溪區,十分寮,南山坪,96-50
平溪區,南山二,,45,平溪區,十分寮,南山坪,96-47
平溪區,南山二,,46,平溪區,十分寮,南山坪,96-19
平溪區,南山二,,47,平溪區,十分寮,南山坪,96-20
平溪區,南山二,,48,平溪區,十分寮,南山坪,96-21
平溪區,南山二,,49,平溪區,十分寮,南山坪,96-46
平溪區,南山二,,5,平溪區,十分寮,南山坪,334-8
平溪區,南山二,,50,平溪區,十分寮,南山坪,96-49
平溪區,南山二,,51,平溪區,十分寮,南山坪,96-48
平溪區,南山二,,52,平溪區,十分寮,南山坪,96-45
平溪區,南山二,,53,平溪區,十分寮,南山坪,96-22
平溪區,南山二,,54,平溪區,十分寮,南山坪,96-23
平溪區,南山二,,55,平溪區,十分寮,南山坪,96-44
平溪區,南山二,,56,平溪區,十分寮,南山坪,96-4
平溪區,南山二,,57,平溪區,十分寮,南山坪,96-24
平溪區,南山二,,58,平溪區,十分寮,南山坪,96-25
平溪區,南山二,,59,平溪區,十分寮,南山坪,96-43
平溪區,南山二,,6,平溪區,十分寮,南山坪,334-5
平溪區,南山二,,60,平溪區,十分寮,南山坪,96-42
平溪區,南山二,,61,平溪區,十分寮,南山坪,96-36
平溪區,南山二,,62,平溪區,十分寮,南山坪,96-26
平溪區,南山二,,63,平溪區,十分寮,南山坪,96-27
平溪區,南山二,,64,平溪區,十分寮,南山坪,96-28
平溪區,南山二,,65,平溪區,十分寮,南山坪,96-41
平溪區,南山二,,66,平溪區,十分寮,南山坪,96-40
平溪區,南山二,,67,平溪區,十分寮,南山坪,96-29
平溪區,南山二,,68,平溪區,十分寮,南山坪,96-30
平溪區,南山二,,69,平溪區,十分寮,南山坪,96-39
平溪區,南山二,,7,平溪區,十分寮,南山坪,334-7
平溪區,南山二,,70,平溪區,十分寮,南山坪,96-38
平溪區,南山二,,71,平溪區,十分寮,南山坪,96-31
平溪區,南山二,,72,平溪區,十分寮,南山坪,96-32
平溪區,南山二,,73,平溪區,十分寮,南山坪,96-37
平溪區,南山二,,74,平溪區,十分寮,南山坪,96-33
平溪區,南山二,,75,平溪區,十分寮,南山坪,96-34
平溪區,南山二,,76,平溪區,十分寮,南山坪,96-35
平溪區,南山二,,77,平溪區,十分寮,南山坪,96
平溪區,南山二,,78,平溪區,十分寮,南山坪,97-3
平溪區,南山二,,79,平溪區,十分寮,南山坪,104-1
平溪區,南山二,,8,平溪區,十分寮,南山坪,334-12
平溪區,南山二,,80,平溪區,十分寮,南山坪,104-5
平溪區,南山二,,81,平溪區,十分寮,南山坪,104
平溪區,南山二,,82,平溪區,十分寮,南山坪,106-1
平溪區,南山二,,83,平溪區,十分寮,南山坪,105
平溪區,南山二,,84,平溪區,十分寮,南山坪,104-2
平溪區,南山二,,85,平溪區,十分寮,南山坪,104-6
平溪區,南山二,,86,平溪區,十分寮,南山坪,104-7
平溪區,南山二,,87,平溪區,十分寮,南山坪,104-3
平溪區,南山二,,88,平溪區,十分寮,南山坪,98
平溪區,南山二,,89,平溪區,十分寮,南山坪,98-1
平溪區,南山二,,9,平溪區,十分寮,南山坪,334-3
平溪區,南山二,,90,平溪區,十分寮,南山坪,104-4
平溪區,南山二,,91,平溪區,十分寮,南山坪,106-4
平溪區,南山二,,92,平溪區,十分寮,南山坪,106-3
平溪區,南山二,,93,平溪區,十分寮,南山坪,106-2
平溪區,南山二,,94,平溪區,十分寮,南山坪,106
平溪區,南山二,,95,平溪區,十分寮,南山坪,103-3
平溪區,南山二,,96,平溪區,十分寮,南山坪,103-2
平溪區,南山二,,97,平溪區,十分寮,南山坪,103
平溪區,南山二,,98,平溪區,十分寮,南山坪,103-4
平溪區,南山二,,99,平溪區,十分寮,南山坪,103-1
平溪區,平溪,,10,平溪區,石底,平溪子,197
平溪區,平溪,,100,平溪區,石底,平溪子,105
平溪區,平溪,,101,平溪區,石底,平溪子,105-11
平溪區,平溪,,102,平溪區,石底,平溪子,105-29
平溪區,平溪,,103,平溪區,石底,平溪子,105-15
平溪區,平溪,,104,平溪區,石底,平溪子,105-2
平溪區,平溪,,105,平溪區,石底,平溪子,156
平溪區,平溪,,106,平溪區,石底,平溪子,103-11
平溪區,平溪,,107,平溪區,石底,平溪子,106
平溪區,平溪,,108,平溪區,石底,平溪子,105-4
平溪區,平溪,,109,平溪區,石底,平溪子,105-18
平溪區,平溪,,11,平溪區,石底,平溪子,102-7
平溪區,平溪,,110,平溪區,石底,柴橋坑,71-3
平溪區,平溪,,111,平溪區,石底,柴橋坑,71-2
平溪區,平溪,,112,平溪區,石底,柴橋坑,54-5
平溪區,平溪,,113,平溪區,石底,柴橋坑,71-7
平溪區,平溪,,114,平溪區,石底,柴橋坑,54-1
平溪區,平溪,,115,平溪區,石底,柴橋坑,71-4
平溪區,平溪,,116,平溪區,石底,柴橋坑,54-6
平溪區,平溪,,117,平溪區,石底,柴橋坑,71-5
平溪區,平溪,,118,平溪區,石底,柴橋坑,54-7
平溪區,平溪,,119,平溪區,石底,柴橋坑,71-6
平溪區,平溪,,12,平溪區,石底,平溪子,102-10
平溪區,平溪,,120,平溪區,石底,柴橋坑,70-54
平溪區,平溪,,121,平溪區,石底,柴橋坑,70-53
平溪區,平溪,,122,平溪區,石底,柴橋坑,70-18
平溪區,平溪,,123,平溪區,石底,柴橋坑,70-65
平溪區,平溪,,124,平溪區,石底,柴橋坑,70-24
平溪區,平溪,,125,平溪區,石底,柴橋坑,70-23
平溪區,平溪,,126,平溪區,石底,柴橋坑,70-22
平溪區,平溪,,127,平溪區,石底,柴橋坑,70-21
平溪區,平溪,,128,平溪區,石底,柴橋坑,70-20
平溪區,平溪,,129,平溪區,石底,柴橋坑,70-19
平溪區,平溪,,13,平溪區,石底,平溪子,102-8
平溪區,平溪,,130,平溪區,石底,柴橋坑,70-55
平溪區,平溪,,131,平溪區,石底,柴橋坑,70-62
平溪區,平溪,,132,平溪區,石底,柴橋坑,70-52
平溪區,平溪,,133,平溪區,石底,柴橋坑,70-66
平溪區,平溪,,134,平溪區,石底,柴橋坑,70-67
平溪區,平溪,,135,平溪區,石底,柴橋坑,70-60
平溪區,平溪,,136,平溪區,石底,柴橋坑,70-25
平溪區,平溪,,137,平溪區,石底,柴橋坑,70-6
平溪區,平溪,,138,平溪區,石底,柴橋坑,70-26
平溪區,平溪,,139,平溪區,石底,柴橋坑,70-27
平溪區,平溪,,14,平溪區,石底,平溪子,102-1
平溪區,平溪,,140,平溪區,石底,柴橋坑,70-28
平溪區,平溪,,141,平溪區,石底,柴橋坑,70-64
平溪區,平溪,,142,平溪區,石底,柴橋坑,70-59
平溪區,平溪,,143,平溪區,石底,柴橋坑,70-77
平溪區,平溪,,144,平溪區,石底,柴橋坑,62-31
平溪區,平溪,,145,平溪區,石底,柴橋坑,70-50
平溪區,平溪,,146,平溪區,石底,柴橋坑,70-29
平溪區,平溪,,147,平溪區,石底,柴橋坑,62-25
平溪區,平溪,,148,平溪區,石底,平溪子,108-5
平溪區,平溪,,149,平溪區,石底,平溪子,107-5
平溪區,平溪,,15,平溪區,石底,平溪子,102
平溪區,平溪,,150,平溪區,石底,平溪子,105-25
平溪區,平溪,,151,平溪區,石底,平溪子,107-6
平溪區,平溪,,152,平溪區,石底,平溪子,105-30
平溪區,平溪,,153,平溪區,石底,平溪子,105-5
平溪區,平溪,,154,平溪區,石底,平溪子,105-9
平溪區,平溪,,155,平溪區,石底,平溪子,107-1
平溪區,平溪,,156,平溪區,石底,平溪子,107-7
平溪區,平溪,,157,平溪區,石底,平溪子,107-4
平溪區,平溪,,158,平溪區,石底,平溪子,107-8
平溪區,平溪,,159,平溪區,石底,平溪子,107-10
平溪區,平溪,,16,平溪區,石底,平溪子,101
平溪區,平溪,,160,平溪區,石底,平溪子,107-9
平溪區,平溪,,161,平溪區,石底,平溪子,200
平溪區,平溪,,162,平溪區,石底,平溪子,105-8
平溪區,平溪,,163,平溪區,石底,平溪子,105-21
平溪區,平溪,,164,平溪區,石底,平溪子,105-22
平溪區,平溪,,165,平溪區,石底,平溪子,152
平溪區,平溪,,167,平溪區,石底,平溪子,153
平溪區,平溪,,168,平溪區,石底,平溪子,107-3
平溪區,平溪,,169,平溪區,石底,平溪子,107-2
平溪區,平溪,,17,平溪區,石底,平溪子,196
平溪區,平溪,,170,平溪區,石底,平溪子,109-1
平溪區,平溪,,171,平溪區,石底,平溪子,109-5
平溪區,平溪,,172,平溪區,石底,平溪子,108-3
平溪區,平溪,,173,平溪區,石底,平溪子,108-4
平溪區,平溪,,174,平溪區,石底,平溪子,107
平溪區,平溪,,175,平溪區,石底,平溪子,108-1
平溪區,平溪,,176,平溪區,石底,平溪子,108-23
平溪區,平溪,,177,平溪區,石底,平溪子,108-22
平溪區,平溪,,178,平溪區,石底,平溪子,108
平溪區,平溪,,179,平溪區,石底,平溪子,108-2
平溪區,平溪,,18,平溪區,石底,平溪子,101-5
平溪區,平溪,,180,平溪區,石底,平溪子,108-26
平溪區,平溪,,181,平溪區,石底,柴橋坑,62-27
平溪區,平溪,,182,平溪區,石底,柴橋坑,62-32
平溪區,平溪,,183,平溪區,石底,柴橋坑,62-19
平溪區,平溪,,184,平溪區,石底,柴橋坑,62-5
平溪區,平溪,,185,平溪區,石底,柴橋坑,62-20
平溪區,平溪,,186,平溪區,石底,柴橋坑,62-23
平溪區,平溪,,187,平溪區,石底,柴橋坑,62-18
平溪區,平溪,,188,平溪區,石底,柴橋坑,69-10
平溪區,平溪,,189,平溪區,石底,柴橋坑,69-18
平溪區,平溪,,19,平溪區,石底,平溪子,101-10
平溪區,平溪,,190,平溪區,石底,柴橋坑,62-30
平溪區,平溪,,191,平溪區,石底,柴橋坑,62-29
平溪區,平溪,,192,平溪區,石底,柴橋坑,62-22
平溪區,平溪,,193,平溪區,石底,柴橋坑,69-13
平溪區,平溪,,194,平溪區,石底,柴橋坑,69-16
平溪區,平溪,,195,平溪區,石底,柴橋坑,62-28
平溪區,平溪,,196,平溪區,石底,柴橋坑,62-21
平溪區,平溪,,197,平溪區,石底,柴橋坑,69-6
平溪區,平溪,,198,平溪區,石底,柴橋坑,69-8
平溪區,平溪,,199,平溪區,石底,柴橋坑,69-7
平溪區,平溪,,2,平溪區,石底,平溪子,191-1
平溪區,平溪,,20,平溪區,石底,平溪子,101-9
平溪區,平溪,,200,平溪區,石底,柴橋坑,70-3
平溪區,平溪,,201,平溪區,石底,柴橋坑,70-11
平溪區,平溪,,202,平溪區,石底,柴橋坑,70-12
平溪區,平溪,,203,平溪區,石底,柴橋坑,62-26
平溪區,平溪,,204,平溪區,石底,柴橋坑,70-4
平溪區,平溪,,205,平溪區,石底,柴橋坑,70-58
平溪區,平溪,,206,平溪區,石底,柴橋坑,70-68
平溪區,平溪,,207,平溪區,石底,柴橋坑,70-30
平溪區,平溪,,208,平溪區,石底,柴橋坑,70-7
平溪區,平溪,,209,平溪區,石底,柴橋坑,70-10
平溪區,平溪,,21,平溪區,石底,平溪子,101-4
平溪區,平溪,,210,平溪區,石底,柴橋坑,69-14
平溪區,平溪,,211,平溪區,石底,柴橋坑,69-12
平溪區,平溪,,212,平溪區,石底,柴橋坑,70-51
平溪區,平溪,,213,平溪區,石底,柴橋坑,70-31
平溪區,平溪,,214,平溪區,石底,柴橋坑,70-69
平溪區,平溪,,215,平溪區,石底,柴橋坑,70-70
平溪區,平溪,,216,平溪區,石底,柴橋坑,70-32
平溪區,平溪,,217,平溪區,石底,柴橋坑,70-37
平溪區,平溪,,218,平溪區,石底,柴橋坑,70-38
平溪區,平溪,,219,平溪區,石底,柴橋坑,70-71
平溪區,平溪,,22,平溪區,石底,平溪子,101-8
平溪區,平溪,,220,平溪區,石底,柴橋坑,70-33
平溪區,平溪,,221,平溪區,石底,柴橋坑,70-72
平溪區,平溪,,222,平溪區,石底,柴橋坑,70-34
平溪區,平溪,,223,平溪區,石底,柴橋坑,70-39
平溪區,平溪,,224,平溪區,石底,柴橋坑,70-40
平溪區,平溪,,226,平溪區,石底,柴橋坑,70-35
平溪區,平溪,,227,平溪區,石底,柴橋坑,70-73
平溪區,平溪,,228,平溪區,石底,柴橋坑,70-74
平溪區,平溪,,229,平溪區,石底,柴橋坑,70-36
平溪區,平溪,,23,平溪區,石底,平溪子,101-3
平溪區,平溪,,230,平溪區,石底,柴橋坑,70-13
平溪區,平溪,,231,平溪區,石底,柴橋坑,70-41
平溪區,平溪,,232,平溪區,石底,柴橋坑,69
平溪區,平溪,,233,平溪區,石底,柴橋坑,69-9
平溪區,平溪,,234,平溪區,石底,柴橋坑,69-19
平溪區,平溪,,235,平溪區,石底,柴橋坑,69-11
平溪區,平溪,,236,平溪區,石底,柴橋坑,69-17
平溪區,平溪,,237,平溪區,石底,柴橋坑,70-15
平溪區,平溪,,238,平溪區,石底,柴橋坑,70-76
平溪區,平溪,,239,平溪區,石底,柴橋坑,70-49
平溪區,平溪,,24,平溪區,石底,平溪子,101-2
平溪區,平溪,,240,平溪區,石底,柴橋坑,70-48
平溪區,平溪,,241,平溪區,石底,柴橋坑,70-47
平溪區,平溪,,242,平溪區,石底,柴橋坑,70-9
平溪區,平溪,,243,平溪區,石底,柴橋坑,70-46
平溪區,平溪,,244,平溪區,石底,柴橋坑,70-45
平溪區,平溪,,245,平溪區,石底,柴橋坑,70-2
平溪區,平溪,,246,平溪區,石底,柴橋坑,70-44
平溪區,平溪,,247,平溪區,石底,柴橋坑,70-43
平溪區,平溪,,248,平溪區,石底,柴橋坑,70-42
平溪區,平溪,,25,平溪區,石底,平溪子,101-7
平溪區,平溪,,250,平溪區,石底,柴橋坑,70-75
平溪區,平溪,,251,平溪區,石底,平溪子,108-30
平溪區,平溪,,252,平溪區,石底,平溪子,108-31
平溪區,平溪,,253,平溪區,石底,平溪子,108-14
平溪區,平溪,,254,平溪區,石底,平溪子,108-12
平溪區,平溪,,255,平溪區,石底,平溪子,108-13
平溪區,平溪,,256,平溪區,石底,平溪子,108-10
平溪區,平溪,,257,平溪區,石底,平溪子,108-27
平溪區,平溪,,258,平溪區,石底,平溪子,108-28
平溪區,平溪,,259,平溪區,石底,平溪子,108-8
平溪區,平溪,,26,平溪區,石底,平溪子,101-11
平溪區,平溪,,260,平溪區,石底,平溪子,201
平溪區,平溪,,261,平溪區,石底,平溪子,109-12
平溪區,平溪,,262,平溪區,石底,平溪子,109-11
平溪區,平溪,,263,平溪區,石底,平溪子,109-4
平溪區,平溪,,264,平溪區,石底,平溪子,109-6
平溪區,平溪,,265,平溪區,石底,平溪子,109-3
平溪區,平溪,,266,平溪區,石底,平溪子,109-7
平溪區,平溪,,267,平溪區,石底,平溪子,109-10
平溪區,平溪,,268,平溪區,石底,平溪子,109-9
平溪區,平溪,,269,平溪區,石底,平溪子,111-8
平溪區,平溪,,27,平溪區,石底,平溪子,121-17
平溪區,平溪,,270,平溪區,石底,平溪子,108-21
平溪區,平溪,,271,平溪區,石底,平溪子,108-15
平溪區,平溪,,272,平溪區,石底,平溪子,108-16
平溪區,平溪,,273,平溪區,石底,平溪子,108-17
平溪區,平溪,,274,平溪區,石底,平溪子,111-9
平溪區,平溪,,275,平溪區,石底,平溪子,111-10
平溪區,平溪,,276,平溪區,石底,平溪子,108-18
平溪區,平溪,,277,平溪區,石底,平溪子,108-19
平溪區,平溪,,278,平溪區,石底,平溪子,111-1
平溪區,平溪,,279,平溪區,石底,平溪子,111-11
平溪區,平溪,,28,平溪區,石底,平溪子,108-7
平溪區,平溪,,280,平溪區,石底,平溪子,111-12
平溪區,平溪,,281,平溪區,石底,平溪子,108-20
平溪區,平溪,,282,平溪區,石底,平溪子,108-11
平溪區,平溪,,283,平溪區,石底,平溪子,108-29
平溪區,平溪,,284,平溪區,石底,平溪子,111-7
平溪區,平溪,,285,平溪區,石底,平溪子,111-14
平溪區,平溪,,286,平溪區,石底,平溪子,111-13
平溪區,平溪,,287,平溪區,石底,平溪子,111-6
平溪區,平溪,,288,平溪區,石底,平溪子,111-4
平溪區,平溪,,289,平溪區,石底,平溪子,110-4
平溪區,平溪,,29,平溪區,石底,柴橋坑,104-6
平溪區,平溪,,290,平溪區,石底,平溪子,110-7
平溪區,平溪,,291,平溪區,石底,平溪子,110
平溪區,平溪,,292,平溪區,石底,平溪子,109-2
平溪區,平溪,,293,平溪區,石底,平溪子,109-8
平溪區,平溪,,294,平溪區,石底,平溪子,110-1
平溪區,平溪,,295,平溪區,石底,平溪子,110-5
平溪區,平溪,,296,平溪區,石底,平溪子,110-6
平溪區,平溪,,297,平溪區,石底,平溪子,111
平溪區,平溪,,298,平溪區,石底,平溪子,110-3
平溪區,平溪,,299,平溪區,石底,平溪子,111-3
平溪區,平溪,,3,平溪區,石底,平溪子,176
平溪區,平溪,,30,平溪區,石底,柴橋坑,104-5
平溪區,平溪,,300,平溪區,石底,平溪子,111-2
平溪區,平溪,,301,平溪區,石底,平溪子,111-5
平溪區,平溪,,302,平溪區,石底,平溪子,104-7
平溪區,平溪,,303,平溪區,石底,平溪子,108-6
平溪區,平溪,,304,平溪區,石底,平溪子,104-6
平溪區,平溪,,305,平溪區,石底,平溪子,108-9
平溪區,平溪,,306,平溪區,石底,平溪子,102-6
平溪區,平溪,,307,平溪區,石底,平溪子,101-1
平溪區,平溪,,308,平溪區,石底,柴橋坑,69-15
平溪區,平溪,,309,平溪區,石底,平溪子,102-12
平溪區,平溪,,31,平溪區,石底,平溪子,108-24
平溪區,平溪,,32,平溪區,石底,柴橋坑,70-57
平溪區,平溪,,33,平溪區,石底,柴橋坑,70-56
平溪區,平溪,,34,平溪區,石底,柴橋坑,70
平溪區,平溪,,35,平溪區,石底,柴橋坑,70-63
平溪區,平溪,,36,平溪區,石底,柴橋坑,70-14
平溪區,平溪,,37,平溪區,石底,平溪子,108-25
平溪區,平溪,,38,平溪區,石底,平溪子,105-23
平溪區,平溪,,39,平溪區,石底,平溪子,101-6
平溪區,平溪,,4,平溪區,石底,平溪子,93-3
平溪區,平溪,,40,平溪區,石底,平溪子,102-5
平溪區,平溪,,41,平溪區,石底,平溪子,102-14
平溪區,平溪,,42,平溪區,石底,平溪子,105-27
平溪區,平溪,,43,平溪區,石底,平溪子,105-24
平溪區,平溪,,44,平溪區,石底,平溪子,105-16
平溪區,平溪,,45,平溪區,石底,平溪子,102-13
平溪區,平溪,,46,平溪區,石底,平溪子,105-6
平溪區,平溪,,47,平溪區,石底,平溪子,105-3
平溪區,平溪,,48,平溪區,石底,平溪子,105-32
平溪區,平溪,,49,平溪區,石底,平溪子,105-7
平溪區,平溪,,5,平溪區,石底,平溪子,197-1
平溪區,平溪,,50,平溪區,石底,平溪子,105-20
平溪區,平溪,,51,平溪區,石底,平溪子,105-35
平溪區,平溪,,52,平溪區,石底,平溪子,105-19
平溪區,平溪,,53,平溪區,石底,平溪子,104-4
平溪區,平溪,,54,平溪區,石底,平溪子,104-1
平溪區,平溪,,55,平溪區,石底,平溪子,104-5
平溪區,平溪,,56,平溪區,石底,平溪子,104-2
平溪區,平溪,,57,平溪區,石底,平溪子,103-6
平溪區,平溪,,58,平溪區,石底,平溪子,103-5
平溪區,平溪,,59,平溪區,石底,平溪子,103-12
平溪區,平溪,,6,平溪區,石底,平溪子,93-1
平溪區,平溪,,60,平溪區,石底,平溪子,103-2
平溪區,平溪,,61,平溪區,石底,平溪子,103-1
平溪區,平溪,,62,平溪區,石底,平溪子,103-3
平溪區,平溪,,63,平溪區,石底,平溪子,102-9
平溪區,平溪,,64,平溪區,石底,平溪子,102-4
平溪區,平溪,,65,平溪區,石底,平溪子,102-11
平溪區,平溪,,66,平溪區,石底,平溪子,102-3
平溪區,平溪,,67,平溪區,石底,平溪子,102-15
平溪區,平溪,,68,平溪區,石底,平溪子,102-16
平溪區,平溪,,69,平溪區,石底,平溪子,102-2
平溪區,平溪,,7,平溪區,石底,平溪子,154
平溪區,平溪,,70,平溪區,石底,平溪子,102-17
平溪區,平溪,,71,平溪區,石底,平溪子,155
平溪區,平溪,,72,平溪區,石底,平溪子,93-6
平溪區,平溪,,73,平溪區,石底,平溪子,199
平溪區,平溪,,74,平溪區,石底,平溪子,103-8
平溪區,平溪,,75,平溪區,石底,平溪子,103-13
平溪區,平溪,,76,平溪區,石底,平溪子,103-4
平溪區,平溪,,77,平溪區,石底,平溪子,103
平溪區,平溪,,78,平溪區,石底,平溪子,103-14
平溪區,平溪,,79,平溪區,石底,平溪子,103-7
平溪區,平溪,,8,平溪區,石底,平溪子,93-5
平溪區,平溪,,80,平溪區,石底,平溪子,103-10
平溪區,平溪,,81,平溪區,石底,平溪子,103-9
平溪區,平溪,,82,平溪區,石底,平溪子,104-3
平溪區,平溪,,83,平溪區,石底,平溪子,104-9
平溪區,平溪,,84,平溪區,石底,平溪子,151
平溪區,平溪,,85,平溪區,石底,平溪子,104
平溪區,平溪,,86,平溪區,石底,平溪子,104-11
平溪區,平溪,,87,平溪區,石底,平溪子,105-31
平溪區,平溪,,88,平溪區,石底,平溪子,105-1
平溪區,平溪,,89,平溪區,石底,平溪子,104-10
平溪區,平溪,,9,平溪區,石底,平溪子,93-4
平溪區,平溪,,90,平溪區,石底,平溪子,104-8
平溪區,平溪,,91,平溪區,石底,平溪子,105-12
平溪區,平溪,,92,平溪區,石底,平溪子,105-13
平溪區,平溪,,93,平溪區,石底,平溪子,105-10
平溪區,平溪,,94,平溪區,石底,平溪子,105-14
平溪區,平溪,,95,平溪區,石底,平溪子,105-34
平溪區,平溪,,96,平溪區,石底,平溪子,105-33
平溪區,平溪,,97,平溪區,石底,平溪子,105-28
平溪區,平溪,,98,平溪區,石底,平溪子,105-17
平溪區,平溪,,99,平溪區,石底,平溪子,105-26
平溪區,東平,,10,平溪區,石底,東勢格,262-8
平溪區,東平,,100,平溪區,石底,竿蓁坑,208-6
平溪區,東平,,101,平溪區,石底,竿蓁坑,208-4
平溪區,東平,,102,平溪區,石底,竿蓁坑,208-21
平溪區,東平,,11,平溪區,石底,東勢格,262-7
平溪區,東平,,113,平溪區,石底,竿蓁坑,208-5
平溪區,東平,,118,平溪區,石底,竿蓁坑,257-3
平溪區,東平,,119,平溪區,石底,竿蓁坑,257-2
平溪區,東平,,12,平溪區,石底,竿蓁坑,39-5
平溪區,東平,,120,平溪區,石底,竿蓁坑,257-1
平溪區,東平,,121,平溪區,石底,竿蓁坑,212-5
平溪區,東平,,128,平溪區,石底,竿蓁坑,212-7
平溪區,東平,,129,平溪區,石底,竿蓁坑,212-6
平溪區,東平,,13,平溪區,石底,竿蓁坑,147-10
平溪區,東平,,130,平溪區,石底,竿蓁坑,212-2
平溪區,東平,,131,平溪區,石底,竿蓁坑,212-8
平溪區,東平,,132,平溪區,石底,竿蓁坑,211
平溪區,東平,,133,平溪區,石底,竿蓁坑,212
平溪區,東平,,14,平溪區,石底,竿蓁坑,147-9
平溪區,東平,,140,平溪區,石底,竿蓁坑,208-11
平溪區,東平,,142,平溪區,石底,竿蓁坑,212-4
平溪區,東平,,143,平溪區,石底,竿蓁坑,212-3
平溪區,東平,,16,平溪區,石底,竿蓁坑,149-6
平溪區,東平,,21,平溪區,石底,竿蓁坑,158-2
平溪區,東平,,22,平溪區,石底,竿蓁坑,158-3
平溪區,東平,,23,平溪區,石底,竿蓁坑,158-4
平溪區,東平,,24,平溪區,石底,竿蓁坑,158-5
平溪區,東平,,25,平溪區,石底,竿蓁坑,158-7
平溪區,東平,,26,平溪區,石底,竿蓁坑,158-8
平溪區,東平,,27,平溪區,石底,竿蓁坑,158-9
平溪區,東平,,28,平溪區,石底,竿蓁坑,158-10
平溪區,東平,,3,平溪區,石底,東勢格,280-1
平溪區,東平,,30,平溪區,石底,竿蓁坑,181-2
平溪區,東平,,32,平溪區,石底,竿蓁坑,181-1
平溪區,東平,,33,平溪區,石底,竿蓁坑,181-3
平溪區,東平,,34,平溪區,石底,竿蓁坑,181-4
平溪區,東平,,36,平溪區,石底,竿蓁坑,194-6
平溪區,東平,,38,平溪區,石底,竿蓁坑,183-4
平溪區,東平,,4,平溪區,石底,東勢格,262-2
平溪區,東平,,41,平溪區,石底,竿蓁坑,193-8
平溪區,東平,,43,平溪區,石底,竿蓁坑,193-7
平溪區,東平,,44,平溪區,石底,竿蓁坑,193-6
平溪區,東平,,45,平溪區,石底,竿蓁坑,193-5
平溪區,東平,,46,平溪區,石底,竿蓁坑,193-4
平溪區,東平,,47,平溪區,石底,竿蓁坑,193-3
平溪區,東平,,48,平溪區,石底,竿蓁坑,193-9
平溪區,東平,,49,平溪區,石底,竿蓁坑,193-2
平溪區,東平,,5,平溪區,石底,東勢格,262-3
平溪區,東平,,50,平溪區,石底,竿蓁坑,193-1
平溪區,東平,,55,平溪區,石底,竿蓁坑,198-19
平溪區,東平,,56,平溪區,石底,竿蓁坑,198-20
平溪區,東平,,57,平溪區,石底,竿蓁坑,198-25
平溪區,東平,,59,平溪區,石底,竿蓁坑,198-21
平溪區,東平,,6,平溪區,石底,東勢格,262-4
平溪區,東平,,61,平溪區,石底,竿蓁坑,198-26
平溪區,東平,,62,平溪區,石底,竿蓁坑,198-22
平溪區,東平,,64,平溪區,石底,竿蓁坑,198-24
平溪區,東平,,65,平溪區,石底,竿蓁坑,198-23
平溪區,東平,,66,平溪區,石底,竿蓁坑,192-11
平溪區,東平,,69,平溪區,石底,竿蓁坑,210-1
平溪區,東平,,7,平溪區,石底,東勢格,262-5
平溪區,東平,,71,平溪區,石底,竿蓁坑,208-1
平溪區,東平,,72,平溪區,石底,竿蓁坑,208-20
平溪區,東平,,73,平溪區,石底,竿蓁坑,208-19
平溪區,東平,,75,平溪區,石底,竿蓁坑,208-2
平溪區,東平,,76,平溪區,石底,竿蓁坑,208-7
平溪區,東平,,77,平溪區,石底,竿蓁坑,208-8
平溪區,東平,,78,平溪區,石底,竿蓁坑,208-25
平溪區,東平,,79,平溪區,石底,竿蓁坑,208-18
平溪區,東平,,80,平溪區,石底,竿蓁坑,208-9
平溪區,東平,,81,平溪區,石底,竿蓁坑,208-16
平溪區,東平,,82,平溪區,石底,竿蓁坑,208-3
平溪區,東平,,83,平溪區,石底,竿蓁坑,208-17
平溪區,東平,,85,平溪區,石底,竿蓁坑,208-15
平溪區,東平,,86,平溪區,石底,竿蓁坑,208-10
平溪區,東平,,88,平溪區,石底,竿蓁坑,208-12
平溪區,東平,,89,平溪區,石底,竿蓁坑,208-22
平溪區,東平,,9,平溪區,石底,東勢格,262-6
平溪區,東平,,90,平溪區,石底,竿蓁坑,208-23
平溪區,東平,,91,平溪區,石底,竿蓁坑,208-24
平溪區,東平,,95,平溪區,石底,竿蓁坑,208-14
平溪區,東平,,96,平溪區,石底,竿蓁坑,208-13
平溪區,白石,,1,平溪區,石底,白石腳,1-11
平溪區,白石,,10,平溪區,石底,白石腳,1-9
平溪區,白石,,100,平溪區,石底,白石腳,7-3
平溪區,白石,,101,平溪區,石底,白石腳,10-7
平溪區,白石,,102,平溪區,石底,白石腳,8-5
平溪區,白石,,103,平溪區,石底,白石腳,6-5
平溪區,白石,,104,平溪區,石底,白石腳,130
平溪區,白石,,105,平溪區,石底,白石腳,131
平溪區,白石,,106,平溪區,石底,白石腳,6-2
平溪區,白石,,107,平溪區,石底,白石腳,6-6
平溪區,白石,,108,平溪區,石底,白石腳,6-4
平溪區,白石,,109,平溪區,石底,白石腳,6-3
平溪區,白石,,11,平溪區,石底,白石腳,1-13
平溪區,白石,,110,平溪區,石底,白石腳,8-4
平溪區,白石,,111,平溪區,石底,白石腳,10-8
平溪區,白石,,112,平溪區,石底,白石腳,10-5
平溪區,白石,,113,平溪區,石底,白石腳,7-2
平溪區,白石,,114,平溪區,石底,白石腳,9-18
平溪區,白石,,115,平溪區,石底,白石腳,9-9
平溪區,白石,,116,平溪區,石底,白石腳,9-2
平溪區,白石,,117,平溪區,石底,白石腳,11-5
平溪區,白石,,118,平溪區,石底,白石腳,11
平溪區,白石,,119,平溪區,石底,白石腳,11-15
平溪區,白石,,12,平溪區,石底,白石腳,1-14
平溪區,白石,,120,平溪區,石底,白石腳,11-16
平溪區,白石,,121,平溪區,石底,白石腳,11-6
平溪區,白石,,122,平溪區,石底,白石腳,20-3
平溪區,白石,,123,平溪區,石底,白石腳,20-1
平溪區,白石,,124,平溪區,石底,白石腳,11-9
平溪區,白石,,125,平溪區,石底,白石腳,11-13
平溪區,白石,,126,平溪區,石底,白石腳,11-4
平溪區,白石,,127,平溪區,石底,白石腳,11-8
平溪區,白石,,128,平溪區,石底,白石腳,11-10
平溪區,白石,,129,平溪區,石底,白石腳,13
平溪區,白石,,13,平溪區,石底,白石腳,154-2
平溪區,白石,,130,平溪區,石底,白石腳,14-2
平溪區,白石,,131,平溪區,石底,白石腳,11-7
平溪區,白石,,132,平溪區,石底,白石腳,16
平溪區,白石,,133,平溪區,石底,白石腳,16-4
平溪區,白石,,134,平溪區,石底,白石腳,16-1
平溪區,白石,,135,平溪區,石底,白石腳,26-9
平溪區,白石,,136,平溪區,石底,白石腳,26-10
平溪區,白石,,137,平溪區,石底,白石腳,16-5
平溪區,白石,,138,平溪區,石底,白石腳,16-2
平溪區,白石,,139,平溪區,石底,白石腳,16-3
平溪區,白石,,14,平溪區,石底,白石腳,1-16
平溪區,白石,,140,平溪區,石底,白石腳,27-31
平溪區,白石,,141,平溪區,石底,白石腳,27-28
平溪區,白石,,142,平溪區,石底,白石腳,22-11
平溪區,白石,,143,平溪區,石底,白石腳,172
平溪區,白石,,144,平溪區,石底,白石腳,22-12
平溪區,白石,,145,平溪區,石底,白石腳,27-32
平溪區,白石,,146,平溪區,石底,白石腳,22-10
平溪區,白石,,147,平溪區,石底,白石腳,22-9
平溪區,白石,,148,平溪區,石底,白石腳,22-6
平溪區,白石,,149,平溪區,石底,白石腳,22-5
平溪區,白石,,15,平溪區,石底,白石腳,1-5
平溪區,白石,,150,平溪區,石底,白石腳,22-4
平溪區,白石,,151,平溪區,石底,白石腳,21
平溪區,白石,,152,平溪區,石底,白石腳,21-2
平溪區,白石,,153,平溪區,石底,白石腳,21-1
平溪區,白石,,154,平溪區,石底,白石腳,21-3
平溪區,白石,,155,平溪區,石底,白石腳,20-2
平溪區,白石,,156,平溪區,石底,白石腳,20
平溪區,白石,,157,平溪區,石底,白石腳,19
平溪區,白石,,158,平溪區,石底,白石腳,19-2
平溪區,白石,,159,平溪區,石底,白石腳,19-1
平溪區,白石,,16,平溪區,石底,白石腳,1-6
平溪區,白石,,160,平溪區,石底,白石腳,18
平溪區,白石,,161,平溪區,石底,白石腳,18-2
平溪區,白石,,162,平溪區,石底,白石腳,18-1
平溪區,白石,,163,平溪區,石底,白石腳,17
平溪區,白石,,164,平溪區,石底,白石腳,17-1
平溪區,白石,,165,平溪區,石底,白石腳,128
平溪區,白石,,166,平溪區,石底,白石腳,8
平溪區,白石,,167,平溪區,石底,白石腳,8-1
平溪區,白石,,168,平溪區,石底,白石腳,8-6
平溪區,白石,,169,平溪區,石底,白石腳,8-9
平溪區,白石,,17,平溪區,石底,白石腳,1-17
平溪區,白石,,170,平溪區,石底,白石腳,8-8
平溪區,白石,,171,平溪區,石底,白石腳,8-7
平溪區,白石,,172,平溪區,石底,白石腳,8-2
平溪區,白石,,173,平溪區,石底,白石腳,8-3
平溪區,白石,,174,平溪區,石底,白石腳,10-4
平溪區,白石,,175,平溪區,石底,白石腳,10-9
平溪區,白石,,176,平溪區,石底,白石腳,6
平溪區,白石,,177,平溪區,石底,白石腳,6-1
平溪區,白石,,178,平溪區,石底,白石腳,6-9
平溪區,白石,,179,平溪區,石底,白石腳,6-10
平溪區,白石,,18,平溪區,石底,白石腳,1
平溪區,白石,,180,平溪區,石底,白石腳,129
平溪區,白石,,181,平溪區,石底,白石腳,18-3
平溪區,白石,,182,平溪區,石底,白石腳,22-8
平溪區,白石,,183,平溪區,石底,白石腳,22-7
平溪區,白石,,184,平溪區,石底,白石腳,6-8
平溪區,白石,,185,平溪區,石底,白石腳,5
平溪區,白石,,186,平溪區,石底,白石腳,6-7
平溪區,白石,,187,平溪區,石底,白石腳,5-1
平溪區,白石,,188,平溪區,石底,白石腳,5-2
平溪區,白石,,189,平溪區,石底,白石腳,23-1
平溪區,白石,,19,平溪區,石底,白石腳,1-8
平溪區,白石,,190,平溪區,石底,白石腳,24-1
平溪區,白石,,192,平溪區,石底,白石腳,22
平溪區,白石,,193,平溪區,石底,白石腳,22-2
平溪區,白石,,194,平溪區,石底,白石腳,22-3
平溪區,白石,,195,平溪區,石底,白石腳,134
平溪區,白石,,196,平溪區,石底,白石腳,154
平溪區,白石,,197,平溪區,石底,白石腳,142
平溪區,白石,,198,平溪區,石底,白石腳,31-2
平溪區,白石,,199,平溪區,石底,白石腳,27-30
平溪區,白石,,2,平溪區,石底,白石腳,1-10
平溪區,白石,,20,平溪區,石底,白石腳,2-1
平溪區,白石,,200,平溪區,石底,白石腳,27-26
平溪區,白石,,201,平溪區,石底,白石腳,27-34
平溪區,白石,,202,平溪區,石底,白石腳,27-1
平溪區,白石,,203,平溪區,石底,白石腳,26-7
平溪區,白石,,204,平溪區,石底,白石腳,26-13
平溪區,白石,,205,平溪區,石底,白石腳,28-7
平溪區,白石,,206,平溪區,石底,白石腳,27
平溪區,白石,,207,平溪區,石底,白石腳,27-18
平溪區,白石,,208,平溪區,石底,白石腳,27-19
平溪區,白石,,209,平溪區,石底,白石腳,27-2
平溪區,白石,,21,平溪區,石底,白石腳,2
平溪區,白石,,210,平溪區,石底,白石腳,27-35
平溪區,白石,,211,平溪區,石底,白石腳,27-14
平溪區,白石,,212,平溪區,石底,白石腳,27-9
平溪區,白石,,213,平溪區,石底,白石腳,27-7
平溪區,白石,,214,平溪區,石底,白石腳,27-27
平溪區,白石,,215,平溪區,石底,白石腳,27-21
平溪區,白石,,216,平溪區,石底,白石腳,27-29
平溪區,白石,,217,平溪區,石底,白石腳,27-13
平溪區,白石,,218,平溪區,石底,白石腳,30-2
平溪區,白石,,219,平溪區,石底,白石腳,27-24
平溪區,白石,,22,平溪區,石底,白石腳,1-7
平溪區,白石,,220,平溪區,石底,白石腳,27-8
平溪區,白石,,221,平溪區,石底,白石腳,27-15
平溪區,白石,,222,平溪區,石底,白石腳,27-33
平溪區,白石,,223,平溪區,石底,白石腳,27-25
平溪區,白石,,224,平溪區,石底,白石腳,27-12
平溪區,白石,,225,平溪區,石底,白石腳,27-5
平溪區,白石,,226,平溪區,石底,白石腳,27-6
平溪區,白石,,227,平溪區,石底,白石腳,27-38
平溪區,白石,,228,平溪區,石底,白石腳,27-4
平溪區,白石,,229,平溪區,石底,白石腳,27-10
平溪區,白石,,23,平溪區,石底,白石腳,1-15
平溪區,白石,,230,平溪區,石底,白石腳,27-3
平溪區,白石,,231,平溪區,石底,白石腳,27-17
平溪區,白石,,232,平溪區,石底,白石腳,27-20
平溪區,白石,,233,平溪區,石底,白石腳,27-36
平溪區,白石,,234,平溪區,石底,白石腳,27-37
平溪區,白石,,235,平溪區,石底,白石腳,28-14
平溪區,白石,,236,平溪區,石底,白石腳,28-23
平溪區,白石,,237,平溪區,石底,白石腳,27-16
平溪區,白石,,238,平溪區,石底,白石腳,27-11
平溪區,白石,,239,平溪區,石底,白石腳,28-10
平溪區,白石,,24,平溪區,石底,白石腳,3-3
平溪區,白石,,240,平溪區,石底,白石腳,28-17
平溪區,白石,,241,平溪區,石底,白石腳,28-19
平溪區,白石,,242,平溪區,石底,白石腳,28-13
平溪區,白石,,243,平溪區,石底,白石腳,28-5
平溪區,白石,,244,平溪區,石底,白石腳,135
平溪區,白石,,245,平溪區,石底,白石腳,28-6
平溪區,白石,,246,平溪區,石底,白石腳,28-8
平溪區,白石,,247,平溪區,石底,白石腳,30-6
平溪區,白石,,248,平溪區,石底,白石腳,138
平溪區,白石,,249,平溪區,石底,白石腳,30-1
平溪區,白石,,25,平溪區,石底,白石腳,3-4
平溪區,白石,,250,平溪區,石底,白石腳,30-3
平溪區,白石,,251,平溪區,石底,白石腳,27-23
平溪區,白石,,252,平溪區,石底,白石腳,30-4
平溪區,白石,,253,平溪區,石底,白石腳,137
平溪區,白石,,254,平溪區,石底,白石腳,30-11
平溪區,白石,,255,平溪區,石底,白石腳,30-8
平溪區,白石,,256,平溪區,石底,白石腳,30
平溪區,白石,,257,平溪區,石底,白石腳,141
平溪區,白石,,258,平溪區,石底,白石腳,30-9
平溪區,白石,,259,平溪區,石底,白石腳,30-10
平溪區,白石,,26,平溪區,石底,白石腳,3
平溪區,白石,,261,平溪區,石底,白石腳,136
平溪區,白石,,262,平溪區,石底,白石腳,30-5
平溪區,白石,,263,平溪區,石底,白石腳,30-12
平溪區,白石,,264,平溪區,石底,白石腳,30-7
平溪區,白石,,265,平溪區,石底,白石腳,30-13
平溪區,白石,,266,平溪區,石底,白石腳,27-22
平溪區,白石,,267,平溪區,石底,白石腳,28-11
平溪區,白石,,268,平溪區,石底,白石腳,28-22
平溪區,白石,,269,平溪區,石底,白石腳,28-20
平溪區,白石,,27,平溪區,石底,白石腳,5-3
平溪區,白石,,270,平溪區,石底,白石腳,28-12
平溪區,白石,,271,平溪區,石底,白石腳,36-23
平溪區,白石,,272,平溪區,石底,白石腳,36-10
平溪區,白石,,273,平溪區,石底,白石腳,36-5
平溪區,白石,,274,平溪區,石底,白石腳,36-3
平溪區,白石,,275,平溪區,石底,白石腳,36-19
平溪區,白石,,276,平溪區,石底,白石腳,36-4
平溪區,白石,,277,平溪區,石底,白石腳,36-20
平溪區,白石,,278,平溪區,石底,白石腳,28-1
平溪區,白石,,279,平溪區,石底,白石腳,28-15
平溪區,白石,,28,平溪區,石底,白石腳,5-4
平溪區,白石,,280,平溪區,石底,白石腳,28-18
平溪區,白石,,281,平溪區,石底,白石腳,28-9
平溪區,白石,,282,平溪區,石底,白石腳,28-21
平溪區,白石,,283,平溪區,石底,白石腳,36-26
平溪區,白石,,284,平溪區,石底,白石腳,36-13
平溪區,白石,,285,平溪區,石底,白石腳,139
平溪區,白石,,286,平溪區,石底,白石腳,140
平溪區,白石,,287,平溪區,石底,白石腳,36-14
平溪區,白石,,288,平溪區,石底,白石腳,36-27
平溪區,白石,,289,平溪區,石底,白石腳,36-15
平溪區,白石,,29,平溪區,石底,白石腳,3-5
平溪區,白石,,290,平溪區,石底,白石腳,37-5
平溪區,白石,,291,平溪區,石底,白石腳,37-2
平溪區,白石,,292,平溪區,石底,白石腳,37-18
平溪區,白石,,293,平溪區,石底,白石腳,37-10
平溪區,白石,,294,平溪區,石底,白石腳,37-23
平溪區,白石,,295,平溪區,石底,白石腳,37-25
平溪區,白石,,296,平溪區,石底,白石腳,37-13
平溪區,白石,,297,平溪區,石底,白石腳,37-1
平溪區,白石,,298,平溪區,石底,白石腳,37
平溪區,白石,,299,平溪區,石底,白石腳,37-9
平溪區,白石,,3,平溪區,石底,白石腳,1-2
平溪區,白石,,30,平溪區,石底,白石腳,3-1
平溪區,白石,,300,平溪區,石底,白石腳,37-21
平溪區,白石,,301,平溪區,石底,白石腳,37-22
平溪區,白石,,302,平溪區,石底,白石腳,37-17
平溪區,白石,,303,平溪區,石底,白石腳,37-3
平溪區,白石,,304,平溪區,石底,白石腳,42-4
平溪區,白石,,305,平溪區,石底,白石腳,37-14
平溪區,白石,,306,平溪區,石底,白石腳,37-15
平溪區,白石,,307,平溪區,石底,白石腳,36
平溪區,白石,,308,平溪區,石底,白石腳,36-12
平溪區,白石,,309,平溪區,石底,白石腳,31-33
平溪區,白石,,31,平溪區,石底,白石腳,4
平溪區,白石,,310,平溪區,石底,白石腳,31-58
平溪區,白石,,311,平溪區,石底,白石腳,36-6
平溪區,白石,,312,平溪區,石底,白石腳,28-2
平溪區,白石,,313,平溪區,石底,白石腳,28-16
平溪區,白石,,314,平溪區,石底,白石腳,36-25
平溪區,白石,,315,平溪區,石底,白石腳,28-3
平溪區,白石,,316,平溪區,石底,白石腳,36-11
平溪區,白石,,317,平溪區,石底,白石腳,36-21
平溪區,白石,,318,平溪區,石底,白石腳,36-16
平溪區,白石,,319,平溪區,石底,白石腳,36-28
平溪區,白石,,32,平溪區,石底,白石腳,4-2
平溪區,白石,,320,平溪區,石底,白石腳,36-24
平溪區,白石,,321,平溪區,石底,白石腳,31-32
平溪區,白石,,322,平溪區,石底,白石腳,31-5
平溪區,白石,,323,平溪區,石底,白石腳,31-48
平溪區,白石,,324,平溪區,石底,白石腳,31-55
平溪區,白石,,325,平溪區,石底,白石腳,31-34
平溪區,白石,,326,平溪區,石底,白石腳,31-56
平溪區,白石,,327,平溪區,石底,白石腳,31-49
平溪區,白石,,328,平溪區,石底,白石腳,31-57
平溪區,白石,,329,平溪區,石底,白石腳,31-39
平溪區,白石,,33,平溪區,石底,白石腳,4-1
平溪區,白石,,330,平溪區,石底,白石腳,31-51
平溪區,白石,,331,平溪區,石底,白石腳,31-14
平溪區,白石,,332,平溪區,石底,白石腳,31-36
平溪區,白石,,333,平溪區,石底,白石腳,31-60
平溪區,白石,,334,平溪區,石底,白石腳,31-52
平溪區,白石,,335,平溪區,石底,白石腳,31-50
平溪區,白石,,336,平溪區,石底,白石腳,31-19
平溪區,白石,,337,平溪區,石底,白石腳,31-61
平溪區,白石,,338,平溪區,石底,白石腳,31-45
平溪區,白石,,339,平溪區,石底,白石腳,31-35
平溪區,白石,,34,平溪區,石底,白石腳,3-7
平溪區,白石,,340,平溪區,石底,白石腳,31-15
平溪區,白石,,341,平溪區,石底,白石腳,31-37
平溪區,白石,,342,平溪區,石底,白石腳,31-46
平溪區,白石,,343,平溪區,石底,白石腳,31-64
平溪區,白石,,344,平溪區,石底,白石腳,31-59
平溪區,白石,,345,平溪區,石底,白石腳,31-40
平溪區,白石,,346,平溪區,石底,白石腳,31-44
平溪區,白石,,347,平溪區,石底,白石腳,31-17
平溪區,白石,,348,平溪區,石底,白石腳,31-42
平溪區,白石,,349,平溪區,石底,白石腳,31-3
平溪區,白石,,35,平溪區,石底,白石腳,3-6
平溪區,白石,,350,平溪區,石底,白石腳,31-16
平溪區,白石,,351,平溪區,石底,白石腳,31-62
平溪區,白石,,352,平溪區,石底,白石腳,31-53
平溪區,白石,,353,平溪區,石底,白石腳,31-47
平溪區,白石,,354,平溪區,石底,白石腳,31-4
平溪區,白石,,355,平溪區,石底,白石腳,31-27
平溪區,白石,,356,平溪區,石底,白石腳,31-20
平溪區,白石,,357,平溪區,石底,白石腳,31-21
平溪區,白石,,358,平溪區,石底,白石腳,31-18
平溪區,白石,,359,平溪區,石底,白石腳,31-13
平溪區,白石,,36,平溪區,石底,白石腳,3-2
平溪區,白石,,360,平溪區,石底,白石腳,31-43
平溪區,白石,,361,平溪區,石底,白石腳,31-63
平溪區,白石,,362,平溪區,石底,白石腳,31-23
平溪區,白石,,363,平溪區,石底,白石腳,31-54
平溪區,白石,,364,平溪區,石底,白石腳,31-22
平溪區,白石,,365,平溪區,石底,白石腳,36-18
平溪區,白石,,366,平溪區,石底,白石腳,31-38
平溪區,白石,,367,平溪區,石底,白石腳,31-31
平溪區,白石,,368,平溪區,石底,白石腳,31-41
平溪區,白石,,369,平溪區,石底,白石腳,31-30
平溪區,白石,,37,平溪區,石底,白石腳,10-18
平溪區,白石,,370,平溪區,石底,白石腳,31-29
平溪區,白石,,371,平溪區,石底,白石腳,31-8
平溪區,白石,,372,平溪區,石底,白石腳,31-6
平溪區,白石,,373,平溪區,石底,白石腳,31-7
平溪區,白石,,374,平溪區,石底,白石腳,31-28
平溪區,白石,,375,平溪區,石底,白石腳,31-9
平溪區,白石,,376,平溪區,石底,白石腳,31-26
平溪區,白石,,377,平溪區,石底,白石腳,117
平溪區,白石,,378,平溪區,石底,白石腳,31
平溪區,白石,,379,平溪區,石底,白石腳,31-25
平溪區,白石,,38,平溪區,石底,白石腳,10-2
平溪區,白石,,380,平溪區,石底,白石腳,31-1
平溪區,白石,,381,平溪區,石底,白石腳,31-24
平溪區,白石,,382,平溪區,石底,白石腳,31-10
平溪區,白石,,383,平溪區,石底,白石腳,31-11
平溪區,白石,,384,平溪區,石底,白石腳,36-7
平溪區,白石,,385,平溪區,石底,白石腳,36-9
平溪區,白石,,386,平溪區,石底,白石腳,32
平溪區,白石,,387,平溪區,石底,白石腳,31-12
平溪區,白石,,389,平溪區,石底,白石腳,33-2
平溪區,白石,,39,平溪區,石底,白石腳,10-15
平溪區,白石,,390,平溪區,石底,白石腳,33-1
平溪區,白石,,391,平溪區,石底,白石腳,33
平溪區,白石,,393,平溪區,石底,白石腳,125-1
平溪區,白石,,394,平溪區,石底,白石腳,34
平溪區,白石,,395,平溪區,石底,白石腳,37-19
平溪區,白石,,396,平溪區,石底,白石腳,37-11
平溪區,白石,,397,平溪區,石底,白石腳,37-24
平溪區,白石,,398,平溪區,石底,白石腳,37-20
平溪區,白石,,399,平溪區,石底,白石腳,37-12
平溪區,白石,,4,平溪區,石底,白石腳,1-20
平溪區,白石,,40,平溪區,石底,白石腳,10-1
平溪區,白石,,400,平溪區,石底,白石腳,42-3
平溪區,白石,,401,平溪區,石底,白石腳,42
平溪區,白石,,402,平溪區,石底,白石腳,37-6
平溪區,白石,,403,平溪區,石底,白石腳,37-7
平溪區,白石,,404,平溪區,石底,白石腳,43-12
平溪區,白石,,405,平溪區,石底,白石腳,43-10
平溪區,白石,,406,平溪區,石底,白石腳,43-6
平溪區,白石,,407,平溪區,石底,白石腳,37-8
平溪區,白石,,408,平溪區,石底,白石腳,43-8
平溪區,白石,,409,平溪區,石底,白石腳,43-7
平溪區,白石,,41,平溪區,石底,白石腳,10-12
平溪區,白石,,410,平溪區,石底,白石腳,146
平溪區,白石,,411,平溪區,石底,白石腳,43
平溪區,白石,,412,平溪區,石底,白石腳,36-2
平溪區,白石,,413,平溪區,石底,白石腳,36-1
平溪區,白石,,414,平溪區,石底,白石腳,40-3
平溪區,白石,,415,平溪區,石底,白石腳,40-2
平溪區,白石,,416,平溪區,石底,白石腳,40
平溪區,白石,,417,平溪區,石底,白石腳,41
平溪區,白石,,418,平溪區,石底,白石腳,42-8
平溪區,白石,,419,平溪區,石底,白石腳,46-2
平溪區,白石,,42,平溪區,石底,白石腳,10-6
平溪區,白石,,420,平溪區,石底,白石腳,46-5
平溪區,白石,,421,平溪區,石底,白石腳,42-5
平溪區,白石,,422,平溪區,石底,白石腳,38
平溪區,白石,,423,平溪區,石底,白石腳,38-1
平溪區,白石,,424,平溪區,石底,白石腳,36-22
平溪區,白石,,425,平溪區,石底,白石腳,36-29
平溪區,白石,,426,平溪區,石底,白石腳,36-17
平溪區,白石,,427,平溪區,石底,白石腳,36-8
平溪區,白石,,428,平溪區,石底,白石腳,38-40
平溪區,白石,,429,平溪區,石底,白石腳,38-25
平溪區,白石,,43,平溪區,石底,白石腳,10-13
平溪區,白石,,430,平溪區,石底,白石腳,38-28
平溪區,白石,,431,平溪區,石底,白石腳,38-34
平溪區,白石,,432,平溪區,石底,白石腳,38-32
平溪區,白石,,433,平溪區,石底,白石腳,38-33
平溪區,白石,,434,平溪區,石底,白石腳,38-2
平溪區,白石,,435,平溪區,石底,白石腳,38-42
平溪區,白石,,436,平溪區,石底,白石腳,38-43
平溪區,白石,,437,平溪區,石底,白石腳,38-41
平溪區,白石,,438,平溪區,石底,白石腳,38-27
平溪區,白石,,439,平溪區,石底,白石腳,38-36
平溪區,白石,,44,平溪區,石底,白石腳,10-3
平溪區,白石,,440,平溪區,石底,白石腳,38-35
平溪區,白石,,441,平溪區,石底,白石腳,38-37
平溪區,白石,,442,平溪區,石底,白石腳,38-39
平溪區,白石,,443,平溪區,石底,白石腳,38-38
平溪區,白石,,444,平溪區,石底,白石腳,38-31
平溪區,白石,,445,平溪區,石底,白石腳,38-23
平溪區,白石,,446,平溪區,石底,白石腳,38-24
平溪區,白石,,447,平溪區,石底,白石腳,38-29
平溪區,白石,,448,平溪區,石底,白石腳,40-4
平溪區,白石,,449,平溪區,石底,白石腳,38-30
平溪區,白石,,45,平溪區,石底,白石腳,10
平溪區,白石,,450,平溪區,石底,白石腳,38-3
平溪區,白石,,451,平溪區,石底,白石腳,35-1
平溪區,白石,,452,平溪區,石底,白石腳,35-2
平溪區,白石,,453,平溪區,石底,白石腳,38-26
平溪區,白石,,454,平溪區,石底,白石腳,35
平溪區,白石,,455,平溪區,石底,白石腳,38-9
平溪區,白石,,456,平溪區,石底,白石腳,38-11
平溪區,白石,,457,平溪區,石底,白石腳,38-6
平溪區,白石,,458,平溪區,石底,白石腳,38-5
平溪區,白石,,459,平溪區,石底,白石腳,38-4
平溪區,白石,,46,平溪區,石底,白石腳,10-11
平溪區,白石,,460,平溪區,石底,白石腳,38-7
平溪區,白石,,461,平溪區,石底,白石腳,38-12
平溪區,白石,,462,平溪區,石底,白石腳,38-10
平溪區,白石,,463,平溪區,石底,白石腳,38-8
平溪區,白石,,464,平溪區,石底,白石腳,40-5
平溪區,白石,,465,平溪區,石底,白石腳,40-1
平溪區,白石,,466,平溪區,石底,白石腳,41-2
平溪區,白石,,467,平溪區,石底,白石腳,41-1
平溪區,白石,,468,平溪區,石底,白石腳,44-2
平溪區,白石,,469,平溪區,石底,白石腳,44-6
平溪區,白石,,47,平溪區,石底,白石腳,10-14
平溪區,白石,,470,平溪區,石底,白石腳,44-1
平溪區,白石,,471,平溪區,石底,白石腳,46-6
平溪區,白石,,472,平溪區,石底,白石腳,46-1
平溪區,白石,,473,平溪區,石底,白石腳,44-3
平溪區,白石,,474,平溪區,石底,白石腳,44
平溪區,白石,,475,平溪區,石底,白石腳,45-2
平溪區,白石,,476,平溪區,石底,白石腳,44-4
平溪區,白石,,477,平溪區,石底,白石腳,44-5
平溪區,白石,,478,平溪區,石底,白石腳,35-3
平溪區,白石,,479,平溪區,石底,白石腳,45
平溪區,白石,,48,平溪區,石底,白石腳,10-10
平溪區,白石,,480,平溪區,石底,白石腳,35-4
平溪區,白石,,481,平溪區,石底,白石腳,46-4
平溪區,白石,,482,平溪區,石底,白石腳,46-3
平溪區,白石,,483,平溪區,石底,白石腳,46
平溪區,白石,,484,平溪區,石底,白石腳,45-1
平溪區,白石,,485,平溪區,石底,白石腳,35-5
平溪區,白石,,486,平溪區,石底,白石腳,145
平溪區,白石,,487,平溪區,石底,白石腳,125-2
平溪區,白石,,488,平溪區,石底,白石腳,37-4
平溪區,白石,,489,平溪區,石底,白石腳,37-16
平溪區,白石,,49,平溪區,石底,白石腳,10-19
平溪區,白石,,490,平溪區,石底,白石腳,48-26
平溪區,白石,,491,平溪區,石底,白石腳,48-1
平溪區,白石,,492,平溪區,石底,白石腳,48-33
平溪區,白石,,493,平溪區,石底,白石腳,43-9
平溪區,白石,,494,平溪區,石底,白石腳,43-1
平溪區,白石,,495,平溪區,石底,白石腳,43-13
平溪區,白石,,496,平溪區,石底,白石腳,43-14
平溪區,白石,,497,平溪區,石底,白石腳,43-2
平溪區,白石,,498,平溪區,石底,白石腳,43-3
平溪區,白石,,499,平溪區,石底,白石腳,43-15
平溪區,白石,,5,平溪區,石底,白石腳,1-12
平溪區,白石,,50,平溪區,石底,白石腳,9-4
平溪區,白石,,500,平溪區,石底,白石腳,43-5
平溪區,白石,,501,平溪區,石底,白石腳,48-32
平溪區,白石,,502,平溪區,石底,白石腳,48-27
平溪區,白石,,503,平溪區,石底,白石腳,48-28
平溪區,白石,,504,平溪區,石底,白石腳,150
平溪區,白石,,505,平溪區,石底,白石腳,48-12
平溪區,白石,,506,平溪區,石底,白石腳,43-4
平溪區,白石,,507,平溪區,石底,白石腳,48-29
平溪區,白石,,508,平溪區,石底,白石腳,43-11
平溪區,白石,,509,平溪區,石底,白石腳,43-16
平溪區,白石,,51,平溪區,石底,白石腳,9-15
平溪區,白石,,510,平溪區,石底,白石腳,42-1
平溪區,白石,,511,平溪區,石底,白石腳,42-10
平溪區,白石,,512,平溪區,石底,白石腳,48-31
平溪區,白石,,513,平溪區,石底,白石腳,48-30
平溪區,白石,,514,平溪區,石底,白石腳,48-19
平溪區,白石,,515,平溪區,石底,白石腳,48-2
平溪區,白石,,516,平溪區,石底,白石腳,48-34
平溪區,白石,,517,平溪區,石底,白石腳,48-20
平溪區,白石,,518,平溪區,石底,白石腳,42-2
平溪區,白石,,519,平溪區,石底,白石腳,42-6
平溪區,白石,,52,平溪區,石底,白石腳,9-3
平溪區,白石,,520,平溪區,石底,白石腳,47-1
平溪區,白石,,521,平溪區,石底,白石腳,42-7
平溪區,白石,,522,平溪區,石底,白石腳,48-21
平溪區,白石,,523,平溪區,石底,白石腳,47
平溪區,白石,,524,平溪區,石底,白石腳,35-6
平溪區,白石,,525,平溪區,石底,白石腳,42-9
平溪區,白石,,526,平溪區,石底,白石腳,48-25
平溪區,白石,,527,平溪區,石底,白石腳,48-3
平溪區,白石,,528,平溪區,石底,白石腳,48-22
平溪區,白石,,529,平溪區,石底,白石腳,48
平溪區,白石,,53,平溪區,石底,白石腳,10-20
平溪區,白石,,530,平溪區,石底,白石腳,48-23
平溪區,白石,,531,平溪區,石底,白石腳,48-24
平溪區,白石,,532,平溪區,石底,白石腳,50-3
平溪區,白石,,533,平溪區,石底,白石腳,50-4
平溪區,白石,,534,平溪區,石底,白石腳,50-5
平溪區,白石,,535,平溪區,石底,白石腳,49-3
平溪區,白石,,536,平溪區,石底,白石腳,49-4
平溪區,白石,,537,平溪區,石底,白石腳,50-11
平溪區,白石,,538,平溪區,石底,白石腳,50
平溪區,白石,,539,平溪區,石底,白石腳,49
平溪區,白石,,54,平溪區,石底,白石腳,7
平溪區,白石,,540,平溪區,石底,白石腳,50-6
平溪區,白石,,541,平溪區,石底,白石腳,50-7
平溪區,白石,,542,平溪區,石底,白石腳,49-1
平溪區,白石,,543,平溪區,石底,白石腳,49-2
平溪區,白石,,544,平溪區,石底,白石腳,50-8
平溪區,白石,,545,平溪區,石底,白石腳,50-10
平溪區,白石,,546,平溪區,石底,白石腳,50-9
平溪區,白石,,547,平溪區,石底,白石腳,48-35
平溪區,白石,,548,平溪區,石底,白石腳,48-36
平溪區,白石,,549,平溪區,石底,白石腳,48-4
平溪區,白石,,55,平溪區,石底,白石腳,132
平溪區,白石,,550,平溪區,石底,白石腳,48-15
平溪區,白石,,551,平溪區,石底,白石腳,48-9
平溪區,白石,,552,平溪區,石底,白石腳,48-37
平溪區,白石,,553,平溪區,石底,白石腳,48-8
平溪區,白石,,554,平溪區,石底,白石腳,101-18
平溪區,白石,,555,平溪區,石底,白石腳,101-17
平溪區,白石,,556,平溪區,石底,白石腳,101-48
平溪區,白石,,557,平溪區,石底,白石腳,48-13
平溪區,白石,,558,平溪區,石底,白石腳,48-39
平溪區,白石,,559,平溪區,石底,白石腳,48-16
平溪區,白石,,56,平溪區,石底,白石腳,9-6
平溪區,白石,,560,平溪區,石底,白石腳,48-7
平溪區,白石,,561,平溪區,石底,白石腳,48-18
平溪區,白石,,562,平溪區,石底,白石腳,48-14
平溪區,白石,,563,平溪區,石底,白石腳,48-17
平溪區,白石,,564,平溪區,石底,白石腳,48-5
平溪區,白石,,565,平溪區,石底,白石腳,48-6
平溪區,白石,,566,平溪區,石底,白石腳,48-10
平溪區,白石,,567,平溪區,石底,白石腳,151
平溪區,白石,,568,平溪區,石底,白石腳,50-2
平溪區,白石,,569,平溪區,石底,白石腳,50-1
平溪區,白石,,57,平溪區,石底,白石腳,9-17
平溪區,白石,,570,平溪區,石底,白石腳,153
平溪區,白石,,571,平溪區,石底,白石腳,152
平溪區,白石,,572,平溪區,石底,白石腳,115
平溪區,白石,,573,平溪區,石底,白石腳,115-1
平溪區,白石,,574,平溪區,石底,白石腳,115-8
平溪區,白石,,575,平溪區,石底,白石腳,115-9
平溪區,白石,,576,平溪區,石底,白石腳,115-2
平溪區,白石,,577,平溪區,石底,白石腳,115-3
平溪區,白石,,578,平溪區,石底,白石腳,115-4
平溪區,白石,,579,平溪區,石底,白石腳,52
平溪區,白石,,58,平溪區,石底,白石腳,9-16
平溪區,白石,,580,平溪區,石底,白石腳,149
平溪區,白石,,581,平溪區,石底,白石腳,148
平溪區,白石,,583,平溪區,石底,白石腳,147
平溪區,白石,,584,平溪區,石底,白石腳,51-3
平溪區,白石,,585,平溪區,石底,白石腳,51-1
平溪區,白石,,586,平溪區,石底,白石腳,51
平溪區,白石,,587,平溪區,石底,白石腳,155
平溪區,白石,,588,平溪區,石底,白石腳,115-6
平溪區,白石,,589,平溪區,石底,白石腳,116
平溪區,白石,,59,平溪區,石底,白石腳,9-5
平溪區,白石,,590,平溪區,石底,白石腳,115-5
平溪區,白石,,591,平溪區,石底,白石腳,51-2
平溪區,白石,,592,平溪區,石底,白石腳,115-7
平溪區,白石,,593,平溪區,石底,白石腳,157
平溪區,白石,,595,平溪區,石底,白石腳,114-1
平溪區,白石,,596,平溪區,石底,白石腳,114
平溪區,白石,,597,平溪區,石底,白石腳,113-1
平溪區,白石,,598,平溪區,石底,白石腳,113-2
平溪區,白石,,599,平溪區,石底,白石腳,113
平溪區,白石,,6,平溪區,石底,白石腳,1-19
平溪區,白石,,60,平溪區,石底,白石腳,9
平溪區,白石,,600,平溪區,石底,白石腳,158
平溪區,白石,,601,平溪區,石底,白石腳,112
平溪區,白石,,602,平溪區,石底,白石腳,63-19
平溪區,白石,,603,平溪區,石底,白石腳,63-38
平溪區,白石,,604,平溪區,石底,白石腳,63-27
平溪區,白石,,605,平溪區,石底,白石腳,63-2
平溪區,白石,,606,平溪區,石底,白石腳,63-39
平溪區,白石,,607,平溪區,石底,白石腳,63-4
平溪區,白石,,608,平溪區,石底,白石腳,63-29
平溪區,白石,,609,平溪區,石底,白石腳,63-18
平溪區,白石,,61,平溪區,石底,白石腳,9-13
平溪區,白石,,610,平溪區,石底,白石腳,159
平溪區,白石,,611,平溪區,石底,白石腳,63-25
平溪區,白石,,612,平溪區,石底,白石腳,63-28
平溪區,白石,,613,平溪區,石底,白石腳,53-5
平溪區,白石,,614,平溪區,石底,白石腳,53-16
平溪區,白石,,615,平溪區,石底,白石腳,53-17
平溪區,白石,,616,平溪區,石底,白石腳,53-10
平溪區,白石,,617,平溪區,石底,白石腳,63-26
平溪區,白石,,618,平溪區,石底,白石腳,63-20
平溪區,白石,,619,平溪區,石底,白石腳,63-37
平溪區,白石,,62,平溪區,石底,白石腳,10-16
平溪區,白石,,620,平溪區,石底,白石腳,53-18
平溪區,白石,,621,平溪區,石底,白石腳,160
平溪區,白石,,622,平溪區,石底,白石腳,53-15
平溪區,白石,,623,平溪區,石底,白石腳,63-21
平溪區,白石,,624,平溪區,石底,白石腳,63-36
平溪區,白石,,625,平溪區,石底,白石腳,110
平溪區,白石,,626,平溪區,石底,白石腳,63-30
平溪區,白石,,627,平溪區,石底,白石腳,53-6
平溪區,白石,,628,平溪區,石底,白石腳,53-11
平溪區,白石,,629,平溪區,石底,白石腳,53-2
平溪區,白石,,63,平溪區,石底,白石腳,9-12
平溪區,白石,,630,平溪區,石底,白石腳,53-25
平溪區,白石,,631,平溪區,石底,白石腳,53-3
平溪區,白石,,632,平溪區,石底,白石腳,161
平溪區,白石,,633,平溪區,石底,白石腳,53-13
平溪區,白石,,634,平溪區,石底,白石腳,53-4
平溪區,白石,,635,平溪區,石底,白石腳,53-19
平溪區,白石,,636,平溪區,石底,白石腳,53-12
平溪區,白石,,637,平溪區,石底,白石腳,63-40
平溪區,白石,,638,平溪區,石底,白石腳,63-1
平溪區,白石,,639,平溪區,石底,白石腳,63-17
平溪區,白石,,64,平溪區,石底,白石腳,10-17
平溪區,白石,,640,平溪區,石底,白石腳,63-31
平溪區,白石,,641,平溪區,石底,白石腳,63-5
平溪區,白石,,642,平溪區,石底,白石腳,58-2
平溪區,白石,,643,平溪區,石底,白石腳,58-3
平溪區,白石,,644,平溪區,石底,白石腳,125-3
平溪區,白石,,645,平溪區,石底,白石腳,57
平溪區,白石,,646,平溪區,石底,白石腳,58
平溪區,白石,,647,平溪區,石底,白石腳,58-1
平溪區,白石,,649,平溪區,石底,白石腳,165-1
平溪區,白石,,65,平溪區,石底,白石腳,9-14
平溪區,白石,,650,平溪區,石底,白石腳,162
平溪區,白石,,651,平溪區,石底,白石腳,54-6
平溪區,白石,,652,平溪區,石底,白石腳,54
平溪區,白石,,653,平溪區,石底,白石腳,54-15
平溪區,白石,,654,平溪區,石底,白石腳,54-19
平溪區,白石,,655,平溪區,石底,白石腳,54-18
平溪區,白石,,656,平溪區,石底,白石腳,54-5
平溪區,白石,,657,平溪區,石底,白石腳,54-17
平溪區,白石,,658,平溪區,石底,白石腳,54-16
平溪區,白石,,659,平溪區,石底,白石腳,54-14
平溪區,白石,,66,平溪區,石底,白石腳,14
平溪區,白石,,660,平溪區,石底,白石腳,54-7
平溪區,白石,,661,平溪區,石底,白石腳,54-1
平溪區,白石,,662,平溪區,石底,白石腳,54-13
平溪區,白石,,663,平溪區,石底,白石腳,54-4
平溪區,白石,,664,平溪區,石底,白石腳,54-3
平溪區,白石,,665,平溪區,石底,白石腳,54-12
平溪區,白石,,666,平溪區,石底,白石腳,56-1
平溪區,白石,,668,平溪區,石底,白石腳,171
平溪區,白石,,669,平溪區,石底,白石腳,56
平溪區,白石,,67,平溪區,石底,白石腳,14-13
平溪區,白石,,670,平溪區,石底,白石腳,55
平溪區,白石,,671,平溪區,石底,白石腳,173
平溪區,白石,,672,平溪區,石底,白石腳,56-6
平溪區,白石,,673,平溪區,石底,白石腳,56-4
平溪區,白石,,674,平溪區,石底,白石腳,56-5
平溪區,白石,,675,平溪區,石底,白石腳,53-20
平溪區,白石,,676,平溪區,石底,白石腳,53-9
平溪區,白石,,677,平溪區,石底,白石腳,53-14
平溪區,白石,,678,平溪區,石底,白石腳,163
平溪區,白石,,679,平溪區,石底,白石腳,54-8
平溪區,白石,,68,平溪區,石底,白石腳,9-11
平溪區,白石,,680,平溪區,石底,白石腳,53-23
平溪區,白石,,681,平溪區,石底,白石腳,53-22
平溪區,白石,,682,平溪區,石底,白石腳,53-21
平溪區,白石,,683,平溪區,石底,白石腳,53-7
平溪區,白石,,684,平溪區,石底,白石腳,53
平溪區,白石,,685,平溪區,石底,白石腳,53-1
平溪區,白石,,686,平溪區,石底,白石腳,53-8
平溪區,白石,,687,平溪區,石底,白石腳,53-24
平溪區,白石,,688,平溪區,石底,白石腳,54-11
平溪區,白石,,689,平溪區,石底,白石腳,54-2
平溪區,白石,,69,平溪區,石底,白石腳,133
平溪區,白石,,690,平溪區,石底,白石腳,111
平溪區,白石,,691,平溪區,石底,白石腳,63
平溪區,白石,,692,平溪區,石底,白石腳,63-23
平溪區,白石,,693,平溪區,石底,白石腳,63-35
平溪區,白石,,694,平溪區,石底,白石腳,63-15
平溪區,白石,,695,平溪區,石底,白石腳,63-22
平溪區,白石,,696,平溪區,石底,白石腳,63-32
平溪區,白石,,697,平溪區,石底,白石腳,63-6
平溪區,白石,,698,平溪區,石底,白石腳,63-33
平溪區,白石,,699,平溪區,石底,白石腳,63-34
平溪區,白石,,7,平溪區,石底,白石腳,1-4
平溪區,白石,,70,平溪區,石底,白石腳,14-6
平溪區,白石,,700,平溪區,石底,白石腳,63-14
平溪區,白石,,701,平溪區,石底,白石腳,63-7
平溪區,白石,,702,平溪區,石底,白石腳,63-10
平溪區,白石,,703,平溪區,石底,白石腳,63-24
平溪區,白石,,704,平溪區,石底,白石腳,102
平溪區,白石,,705,平溪區,石底,白石腳,48-11
平溪區,白石,,706,平溪區,石底,白石腳,48-38
平溪區,白石,,707,平溪區,石底,白石腳,101-20
平溪區,白石,,708,平溪區,石底,白石腳,101-9
平溪區,白石,,709,平溪區,石底,白石腳,101-21
平溪區,白石,,71,平溪區,石底,白石腳,14-9
平溪區,白石,,710,平溪區,石底,白石腳,101-2
平溪區,白石,,711,平溪區,石底,白石腳,101-19
平溪區,白石,,712,平溪區,石底,白石腳,101-22
平溪區,白石,,713,平溪區,石底,白石腳,64-7
平溪區,白石,,714,平溪區,石底,白石腳,64-10
平溪區,白石,,715,平溪區,石底,白石腳,64-13
平溪區,白石,,716,平溪區,石底,白石腳,64-16
平溪區,白石,,717,平溪區,石底,白石腳,64-11
平溪區,白石,,718,平溪區,石底,白石腳,64-14
平溪區,白石,,719,平溪區,石底,白石腳,101-3
平溪區,白石,,72,平溪區,石底,白石腳,14-8
平溪區,白石,,720,平溪區,石底,白石腳,64
平溪區,白石,,721,平溪區,石底,白石腳,64-4
平溪區,白石,,722,平溪區,石底,白石腳,64-12
平溪區,白石,,723,平溪區,石底,白石腳,64-3
平溪區,白石,,724,平溪區,石底,白石腳,64-6
平溪區,白石,,725,平溪區,石底,白石腳,64-1
平溪區,白石,,726,平溪區,石底,白石腳,64-2
平溪區,白石,,727,平溪區,石底,白石腳,64-9
平溪區,白石,,728,平溪區,石底,白石腳,64-15
平溪區,白石,,729,平溪區,石底,白石腳,65-5
平溪區,白石,,73,平溪區,石底,白石腳,15
平溪區,白石,,730,平溪區,石底,白石腳,65-1
平溪區,白石,,731,平溪區,石底,白石腳,65
平溪區,白石,,732,平溪區,石底,白石腳,65-8
平溪區,白石,,733,平溪區,石底,白石腳,65-6
平溪區,白石,,734,平溪區,石底,白石腳,65-4
平溪區,白石,,735,平溪區,石底,白石腳,65-7
平溪區,白石,,736,平溪區,石底,白石腳,65-2
平溪區,白石,,737,平溪區,石底,白石腳,101-16
平溪區,白石,,738,平溪區,石底,白石腳,101-30
平溪區,白石,,739,平溪區,石底,白石腳,101-23
平溪區,白石,,74,平溪區,石底,白石腳,14-11
平溪區,白石,,740,平溪區,石底,白石腳,101-29
平溪區,白石,,741,平溪區,石底,白石腳,101-24
平溪區,白石,,742,平溪區,石底,白石腳,101-32
平溪區,白石,,743,平溪區,石底,白石腳,101-36
平溪區,白石,,744,平溪區,石底,白石腳,101-33
平溪區,白石,,745,平溪區,石底,白石腳,101-10
平溪區,白石,,746,平溪區,石底,白石腳,101-34
平溪區,白石,,747,平溪區,石底,白石腳,101-37
平溪區,白石,,748,平溪區,石底,白石腳,101-38
平溪區,白石,,749,平溪區,石底,白石腳,101-39
平溪區,白石,,75,平溪區,石底,白石腳,14-14
平溪區,白石,,750,平溪區,石底,白石腳,101-35
平溪區,白石,,751,平溪區,石底,白石腳,101-28
平溪區,白石,,752,平溪區,石底,白石腳,101-25
平溪區,白石,,753,平溪區,石底,白石腳,101-31
平溪區,白石,,754,平溪區,石底,白石腳,101-26
平溪區,白石,,755,平溪區,石底,白石腳,101-27
平溪區,白石,,756,平溪區,石底,白石腳,101-6
平溪區,白石,,757,平溪區,石底,白石腳,101
平溪區,白石,,758,平溪區,石底,白石腳,101-5
平溪區,白石,,759,平溪區,石底,白石腳,64-5
平溪區,白石,,76,平溪區,石底,白石腳,14-12
平溪區,白石,,760,平溪區,石底,白石腳,101-4
平溪區,白石,,761,平溪區,石底,白石腳,101-7
平溪區,白石,,762,平溪區,石底,白石腳,101-1
平溪區,白石,,763,平溪區,石底,白石腳,101-11
平溪區,白石,,764,平溪區,石底,白石腳,101-14
平溪區,白石,,765,平溪區,石底,白石腳,101-12
平溪區,白石,,766,平溪區,石底,白石腳,101-13
平溪區,白石,,767,平溪區,石底,白石腳,101-41
平溪區,白石,,768,平溪區,石底,白石腳,156
平溪區,白石,,769,平溪區,石底,白石腳,67-5
平溪區,白石,,77,平溪區,石底,白石腳,14-15
平溪區,白石,,770,平溪區,石底,白石腳,67-3
平溪區,白石,,771,平溪區,石底,白石腳,67-6
平溪區,白石,,772,平溪區,石底,白石腳,67-25
平溪區,白石,,773,平溪區,石底,白石腳,67-27
平溪區,白石,,774,平溪區,石底,白石腳,67-7
平溪區,白石,,775,平溪區,石底,白石腳,67-28
平溪區,白石,,776,平溪區,石底,白石腳,67-26
平溪區,白石,,777,平溪區,石底,白石腳,67-33
平溪區,白石,,778,平溪區,石底,白石腳,67-31
平溪區,白石,,779,平溪區,石底,白石腳,67-32
平溪區,白石,,78,平溪區,石底,白石腳,26
平溪區,白石,,780,平溪區,石底,白石腳,67-29
平溪區,白石,,781,平溪區,石底,白石腳,67-34
平溪區,白石,,782,平溪區,石底,白石腳,67-30
平溪區,白石,,783,平溪區,石底,白石腳,102-1
平溪區,白石,,784,平溪區,石底,白石腳,67-12
平溪區,白石,,785,平溪區,石底,白石腳,67-11
平溪區,白石,,786,平溪區,石底,白石腳,101-42
平溪區,白石,,787,平溪區,石底,白石腳,67-14
平溪區,白石,,788,平溪區,石底,白石腳,101-43
平溪區,白石,,789,平溪區,石底,白石腳,67-15
平溪區,白石,,79,平溪區,石底,白石腳,26-4
平溪區,白石,,790,平溪區,石底,白石腳,101-40
平溪區,白石,,791,平溪區,石底,白石腳,67-23
平溪區,白石,,792,平溪區,石底,白石腳,67-16
平溪區,白石,,793,平溪區,石底,白石腳,67-1
平溪區,白石,,794,平溪區,石底,白石腳,67-17
平溪區,白石,,795,平溪區,石底,白石腳,67-2
平溪區,白石,,796,平溪區,石底,白石腳,67
平溪區,白石,,797,平溪區,石底,白石腳,67-24
平溪區,白石,,798,平溪區,石底,白石腳,67-18
平溪區,白石,,799,平溪區,石底,白石腳,68
平溪區,白石,,8,平溪區,石底,白石腳,1-1
平溪區,白石,,80,平溪區,石底,白石腳,26-6
平溪區,白石,,800,平溪區,石底,白石腳,67-19
平溪區,白石,,801,平溪區,石底,白石腳,69
平溪區,白石,,802,平溪區,石底,白石腳,101-44
平溪區,白石,,803,平溪區,石底,白石腳,65-9
平溪區,白石,,804,平溪區,石底,白石腳,67-22
平溪區,白石,,805,平溪區,石底,白石腳,65-3
平溪區,白石,,806,平溪區,石底,白石腳,66-1
平溪區,白石,,807,平溪區,石底,白石腳,66-21
平溪區,白石,,808,平溪區,石底,白石腳,66-4
平溪區,白石,,809,平溪區,石底,白石腳,66
平溪區,白石,,81,平溪區,石底,白石腳,26-8
平溪區,白石,,810,平溪區,石底,白石腳,64-8
平溪區,白石,,811,平溪區,石底,白石腳,66-3
平溪區,白石,,812,平溪區,石底,白石腳,66-5
平溪區,白石,,813,平溪區,石底,白石腳,65-10
平溪區,白石,,814,平溪區,石底,白石腳,66-2
平溪區,白石,,815,平溪區,石底,白石腳,66-6
平溪區,白石,,816,平溪區,石底,白石腳,66-8
平溪區,白石,,817,平溪區,石底,白石腳,66-13
平溪區,白石,,818,平溪區,石底,白石腳,66-15
平溪區,白石,,819,平溪區,石底,白石腳,72-13
平溪區,白石,,82,平溪區,石底,白石腳,26-12
平溪區,白石,,820,平溪區,石底,白石腳,66-14
平溪區,白石,,821,平溪區,石底,白石腳,66-16
平溪區,白石,,822,平溪區,石底,白石腳,72-14
平溪區,白石,,823,平溪區,石底,白石腳,66-17
平溪區,白石,,824,平溪區,石底,白石腳,72-15
平溪區,白石,,825,平溪區,石底,白石腳,66-9
平溪區,白石,,826,平溪區,石底,白石腳,66-11
平溪區,白石,,827,平溪區,石底,白石腳,72-11
平溪區,白石,,828,平溪區,石底,白石腳,71-2
平溪區,白石,,829,平溪區,石底,白石腳,72-4
平溪區,白石,,83,平溪區,石底,白石腳,26-5
平溪區,白石,,830,平溪區,石底,白石腳,67-4
平溪區,白石,,831,平溪區,石底,白石腳,72-12
平溪區,白石,,832,平溪區,石底,白石腳,71
平溪區,白石,,833,平溪區,石底,白石腳,70-1
平溪區,白石,,834,平溪區,石底,白石腳,70-2
平溪區,白石,,835,平溪區,石底,白石腳,174
平溪區,白石,,836,平溪區,石底,白石腳,70
平溪區,白石,,837,平溪區,石底,白石腳,67-9
平溪區,白石,,838,平溪區,石底,白石腳,72-1
平溪區,白石,,839,平溪區,石底,白石腳,72-7
平溪區,白石,,84,平溪區,石底,白石腳,14-4
平溪區,白石,,840,平溪區,石底,白石腳,67-8
平溪區,白石,,841,平溪區,石底,白石腳,67-10
平溪區,白石,,842,平溪區,石底,白石腳,72-6
平溪區,白石,,843,平溪區,石底,白石腳,72-2
平溪區,白石,,844,平溪區,石底,白石腳,71-1
平溪區,白石,,845,平溪區,石底,白石腳,72-3
平溪區,白石,,846,平溪區,石底,白石腳,72-5
平溪區,白石,,847,平溪區,石底,白石腳,72-16
平溪區,白石,,848,平溪區,石底,白石腳,72
平溪區,白石,,849,平溪區,石底,白石腳,66-10
平溪區,白石,,85,平溪區,石底,白石腳,14-3
平溪區,白石,,850,平溪區,石底,白石腳,66-12
平溪區,白石,,851,平溪區,石底,白石腳,72-10
平溪區,白石,,852,平溪區,石底,白石腳,100-2
平溪區,白石,,853,平溪區,石底,白石腳,100-4
平溪區,白石,,854,平溪區,石底,白石腳,100-7
平溪區,白石,,855,平溪區,石底,白石腳,100-5
平溪區,白石,,856,平溪區,石底,白石腳,100-9
平溪區,白石,,857,平溪區,石底,白石腳,100
平溪區,白石,,858,平溪區,石底,白石腳,100-3
平溪區,白石,,859,平溪區,石底,白石腳,66-7
平溪區,白石,,86,平溪區,石底,白石腳,26-11
平溪區,白石,,860,平溪區,石底,白石腳,97-21
平溪區,白石,,861,平溪區,石底,白石腳,97-22
平溪區,白石,,862,平溪區,石底,白石腳,74-3
平溪區,白石,,863,平溪區,石底,白石腳,97-20
平溪區,白石,,864,平溪區,石底,白石腳,75-1
平溪區,白石,,865,平溪區,石底,白石腳,97-19
平溪區,白石,,866,平溪區,石底,白石腳,75
平溪區,白石,,867,平溪區,石底,白石腳,74-1
平溪區,白石,,868,平溪區,石底,白石腳,97-18
平溪區,白石,,869,平溪區,石底,白石腳,97-23
平溪區,白石,,87,平溪區,石底,白石腳,14-5
平溪區,白石,,870,平溪區,石底,白石腳,97-24
平溪區,白石,,871,平溪區,石底,白石腳,97-25
平溪區,白石,,872,平溪區,石底,白石腳,97-15
平溪區,白石,,873,平溪區,石底,白石腳,97-17
平溪區,白石,,874,平溪區,石底,白石腳,100-1
平溪區,白石,,875,平溪區,石底,白石腳,97-5
平溪區,白石,,876,平溪區,石底,白石腳,99
平溪區,白石,,877,平溪區,石底,白石腳,97-1
平溪區,白石,,878,平溪區,石底,白石腳,97-2
平溪區,白石,,879,平溪區,石底,白石腳,97-7
平溪區,白石,,88,平溪區,石底,白石腳,14-1
平溪區,白石,,880,平溪區,石底,白石腳,96-8
平溪區,白石,,881,平溪區,石底,白石腳,96-6
平溪區,白石,,882,平溪區,石底,白石腳,97-11
平溪區,白石,,883,平溪區,石底,白石腳,99-1
平溪區,白石,,884,平溪區,石底,白石腳,97-8
平溪區,白石,,885,平溪區,石底,白石腳,97-9
平溪區,白石,,886,平溪區,石底,白石腳,96-7
平溪區,白石,,887,平溪區,石底,白石腳,97-16
平溪區,白石,,888,平溪區,石底,白石腳,97-12
平溪區,白石,,889,平溪區,石底,白石腳,97-6
平溪區,白石,,89,平溪區,石底,白石腳,14-7
平溪區,白石,,890,平溪區,石底,白石腳,98-3
平溪區,白石,,891,平溪區,石底,白石腳,77-4
平溪區,白石,,892,平溪區,石底,白石腳,77-1
平溪區,白石,,893,平溪區,石底,白石腳,72-9
平溪區,白石,,894,平溪區,石底,白石腳,74
平溪區,白石,,895,平溪區,石底,白石腳,77-2
平溪區,白石,,896,平溪區,石底,白石腳,77
平溪區,白石,,897,平溪區,石底,白石腳,77-3
平溪區,白石,,898,平溪區,石底,白石腳,98-2
平溪區,白石,,899,平溪區,石底,白石腳,77-5
平溪區,白石,,9,平溪區,石底,白石腳,1-3
平溪區,白石,,90,平溪區,石底,白石腳,14-10
平溪區,白石,,900,平溪區,石底,白石腳,79-5
平溪區,白石,,901,平溪區,石底,白石腳,74-2
平溪區,白石,,902,平溪區,石底,白石腳,98-10
平溪區,白石,,903,平溪區,石底,白石腳,97-4
平溪區,白石,,904,平溪區,石底,白石腳,98
平溪區,白石,,905,平溪區,石底,白石腳,98-4
平溪區,白石,,906,平溪區,石底,白石腳,72-8
平溪區,白石,,907,平溪區,石底,白石腳,73-3
平溪區,白石,,908,平溪區,石底,白石腳,79-6
平溪區,白石,,909,平溪區,石底,白石腳,79-3
平溪區,白石,,91,平溪區,石底,白石腳,11-3
平溪區,白石,,910,平溪區,石底,白石腳,79-2
平溪區,白石,,911,平溪區,石底,白石腳,97-13
平溪區,白石,,912,平溪區,石底,白石腳,97
平溪區,白石,,913,平溪區,石底,白石腳,98-5
平溪區,白石,,914,平溪區,石底,白石腳,98-1
平溪區,白石,,915,平溪區,石底,白石腳,98-9
平溪區,白石,,916,平溪區,石底,白石腳,79-1
平溪區,白石,,917,平溪區,石底,白石腳,79-7
平溪區,白石,,918,平溪區,石底,白石腳,79
平溪區,白石,,919,平溪區,石底,白石腳,98-8
平溪區,白石,,92,平溪區,石底,白石腳,9-10
平溪區,白石,,920,平溪區,石底,白石腳,73
平溪區,白石,,921,平溪區,石底,白石腳,73-1
平溪區,白石,,922,平溪區,石底,白石腳,79-4
平溪區,白石,,923,平溪區,石底,白石腳,79-8
平溪區,白石,,924,平溪區,石底,白石腳,79-9
平溪區,白石,,925,平溪區,石底,白石腳,79-10
平溪區,白石,,926,平溪區,石底,白石腳,73-2
平溪區,白石,,927,平溪區,石底,白石腳,182
平溪區,白石,,928,平溪區,石底,白石腳,80
平溪區,白石,,929,平溪區,石底,白石腳,98-6
平溪區,白石,,93,平溪區,石底,白石腳,9-1
平溪區,白石,,930,平溪區,石底,白石腳,98-7
平溪區,白石,,931,平溪區,石底,白石腳,100-8
平溪區,白石,,932,平溪區,石底,白石腳,101-47
平溪區,白石,,933,平溪區,石底,白石腳,100-6
平溪區,白石,,94,平溪區,石底,白石腳,11-2
平溪區,白石,,95,平溪區,石底,白石腳,11-1
平溪區,白石,,96,平溪區,石底,白石腳,9-7
平溪區,白石,,97,平溪區,石底,白石腳,9-8
平溪區,白石,,98,平溪區,石底,白石腳,7-4
平溪區,白石,,99,平溪區,石底,白石腳,7-1
平溪區,石底,平溪子,105-21,平溪區,平溪,,163
平溪區,石底,平溪子,200,平溪區,平溪,,161
平溪區,石底一,,1,平溪區,石底,石底,69-1
平溪區,石底一,,10,平溪區,石底,石底,133-9
平溪區,石底一,,100,平溪區,石底,石底,136-4
平溪區,石底一,,101,平溪區,石底,石底,136-5
平溪區,石底一,,102,平溪區,石底,石底,136-8
平溪區,石底一,,103,平溪區,石底,石底,84-13
平溪區,石底一,,104,平溪區,石底,石底,137
平溪區,石底一,,105,平溪區,石底,石底,139-5
平溪區,石底一,,106,平溪區,石底,石底,136-9
平溪區,石底一,,107,平溪區,石底,石底,139-2
平溪區,石底一,,108,平溪區,石底,石底,137-1
平溪區,石底一,,109,平溪區,石底,石底,139-1
平溪區,石底一,,11,平溪區,石底,石底,133-7
平溪區,石底一,,110,平溪區,石底,石底,136-7
平溪區,石底一,,111,平溪區,石底,石底,86-18
平溪區,石底一,,112,平溪區,石底,石底,139
平溪區,石底一,,113,平溪區,石底,石底,139-4
平溪區,石底一,,114,平溪區,石底,石底,138
平溪區,石底一,,115,平溪區,石底,石底,138-1
平溪區,石底一,,116,平溪區,石底,石底,73-5
平溪區,石底一,,117,平溪區,石底,石底,73-3
平溪區,石底一,,118,平溪區,石底,石底,73-4
平溪區,石底一,,119,平溪區,石底,石底,87-25
平溪區,石底一,,12,平溪區,石底,石底,133-6
平溪區,石底一,,120,平溪區,石底,石底,87-16
平溪區,石底一,,121,平溪區,石底,石底,87-9
平溪區,石底一,,122,平溪區,石底,石底,87-10
平溪區,石底一,,123,平溪區,石底,石底,87-4
平溪區,石底一,,124,平溪區,石底,石底,87-11
平溪區,石底一,,125,平溪區,石底,石底,85
平溪區,石底一,,126,平溪區,石底,石底,87-12
平溪區,石底一,,127,平溪區,石底,石底,87-17
平溪區,石底一,,128,平溪區,石底,石底,85-3
平溪區,石底一,,129,平溪區,石底,石底,85-1
平溪區,石底一,,13,平溪區,石底,石底,133-5
平溪區,石底一,,130,平溪區,石底,石底,85-4
平溪區,石底一,,131,平溪區,石底,石底,85-9
平溪區,石底一,,132,平溪區,石底,石底,85-2
平溪區,石底一,,133,平溪區,石底,石底,85-5
平溪區,石底一,,134,平溪區,石底,石底,87-5
平溪區,石底一,,135,平溪區,石底,石底,87-6
平溪區,石底一,,136,平溪區,石底,石笋尖,61-15
平溪區,石底一,,137,平溪區,石底,石笋尖,61-13
平溪區,石底一,,138,平溪區,石底,石笋尖,61-14
平溪區,石底一,,139,平溪區,石底,石笋尖,55-1
平溪區,石底一,,14,平溪區,石底,石底,134-10
平溪區,石底一,,140,平溪區,石底,石笋尖,55-14
平溪區,石底一,,141,平溪區,石底,石笋尖,131
平溪區,石底一,,142,平溪區,石底,石笋尖,75
平溪區,石底一,,143,平溪區,石底,石笋尖,67
平溪區,石底一,,144,平溪區,石底,石笋尖,66
平溪區,石底一,,145,平溪區,石底,石笋尖,68
平溪區,石底一,,146,平溪區,石底,石笋尖,58
平溪區,石底一,,147,平溪區,石底,石笋尖,58-5
平溪區,石底一,,148,平溪區,石底,石笋尖,58-4
平溪區,石底一,,149,平溪區,石底,石笋尖,58-20
平溪區,石底一,,15,平溪區,石底,石底,134-11
平溪區,石底一,,150,平溪區,石底,石笋尖,113
平溪區,石底一,,151,平溪區,石底,石笋尖,58-3
平溪區,石底一,,152,平溪區,石底,石笋尖,58-2
平溪區,石底一,,153,平溪區,石底,石笋尖,58-22
平溪區,石底一,,154,平溪區,石底,石笋尖,58-21
平溪區,石底一,,155,平溪區,石底,石笋尖,58-18
平溪區,石底一,,156,平溪區,石底,石笋尖,58-19
平溪區,石底一,,157,平溪區,石底,石笋尖,57-61
平溪區,石底一,,158,平溪區,石底,石笋尖,57-106
平溪區,石底一,,159,平溪區,石底,石笋尖,57-145
平溪區,石底一,,16,平溪區,石底,石底,133-8
平溪區,石底一,,160,平溪區,石底,石笋尖,73
平溪區,石底一,,161,平溪區,石底,石笋尖,57-154
平溪區,石底一,,162,平溪區,石底,石笋尖,57-153
平溪區,石底一,,163,平溪區,石底,石笋尖,74
平溪區,石底一,,164,平溪區,石底,石笋尖,57-116
平溪區,石底一,,165,平溪區,石底,石笋尖,130
平溪區,石底一,,166,平溪區,石底,石笋尖,57-16
平溪區,石底一,,167,平溪區,石底,石笋尖,57-105
平溪區,石底一,,168,平溪區,石底,石笋尖,57-115
平溪區,石底一,,169,平溪區,石底,石笋尖,57-107
平溪區,石底一,,17,平溪區,石底,石底,134-2
平溪區,石底一,,170,平溪區,石底,石笋尖,57-104
平溪區,石底一,,171,平溪區,石底,石笋尖,57-5
平溪區,石底一,,172,平溪區,石底,石笋尖,57-103
平溪區,石底一,,173,平溪區,石底,石笋尖,57-31
平溪區,石底一,,174,平溪區,石底,石笋尖,57-84
平溪區,石底一,,175,平溪區,石底,石笋尖,57-112
平溪區,石底一,,176,平溪區,石底,石笋尖,57-99
平溪區,石底一,,177,平溪區,石底,石笋尖,57-152
平溪區,石底一,,178,平溪區,石底,石笋尖,57-102
平溪區,石底一,,179,平溪區,石底,石笋尖,57-148
平溪區,石底一,,18,平溪區,石底,石底,132
平溪區,石底一,,180,平溪區,石底,石笋尖,57-122
平溪區,石底一,,181,平溪區,石底,石笋尖,57-143
平溪區,石底一,,182,平溪區,石底,石笋尖,57-151
平溪區,石底一,,183,平溪區,石底,石笋尖,57-108
平溪區,石底一,,184,平溪區,石底,石笋尖,57-135
平溪區,石底一,,185,平溪區,石底,石笋尖,72
平溪區,石底一,,186,平溪區,石底,石笋尖,57-62
平溪區,石底一,,187,平溪區,石底,石笋尖,112
平溪區,石底一,,188,平溪區,石底,石笋尖,57-57
平溪區,石底一,,189,平溪區,石底,石笋尖,57-56
平溪區,石底一,,19,平溪區,石底,石底,68-1
平溪區,石底一,,190,平溪區,石底,石笋尖,57-12
平溪區,石底一,,191,平溪區,石底,石笋尖,57-58
平溪區,石底一,,192,平溪區,石底,石笋尖,57-54
平溪區,石底一,,193,平溪區,石底,石笋尖,57-48
平溪區,石底一,,194,平溪區,石底,石笋尖,57-47
平溪區,石底一,,195,平溪區,石底,石笋尖,57-17
平溪區,石底一,,196,平溪區,石底,石笋尖,57-126
平溪區,石底一,,197,平溪區,石底,石笋尖,57-50
平溪區,石底一,,198,平溪區,石底,石笋尖,57-51
平溪區,石底一,,199,平溪區,石底,石笋尖,57-53
平溪區,石底一,,2,平溪區,石底,石底,69
平溪區,石底一,,20,平溪區,石底,石底,68-2
平溪區,石底一,,200,平溪區,石底,石笋尖,57-6
平溪區,石底一,,201,平溪區,石底,石笋尖,57-63
平溪區,石底一,,202,平溪區,石底,石笋尖,57-64
平溪區,石底一,,203,平溪區,石底,石笋尖,57-19
平溪區,石底一,,204,平溪區,石底,石笋尖,57-65
平溪區,石底一,,205,平溪區,石底,石笋尖,57-20
平溪區,石底一,,206,平溪區,石底,石笋尖,57-21
平溪區,石底一,,207,平溪區,石底,石笋尖,57-22
平溪區,石底一,,208,平溪區,石底,石笋尖,57-23
平溪區,石底一,,209,平溪區,石底,石笋尖,57-29
平溪區,石底一,,21,平溪區,石底,石底,68-3
平溪區,石底一,,210,平溪區,石底,石笋尖,57-80
平溪區,石底一,,211,平溪區,石底,石笋尖,57-28
平溪區,石底一,,212,平溪區,石底,石笋尖,57-79
平溪區,石底一,,213,平溪區,石底,石笋尖,57-27
平溪區,石底一,,214,平溪區,石底,石笋尖,57-70
平溪區,石底一,,215,平溪區,石底,石笋尖,57-78
平溪區,石底一,,216,平溪區,石底,石笋尖,57-26
平溪區,石底一,,217,平溪區,石底,石笋尖,57-69
平溪區,石底一,,218,平溪區,石底,石笋尖,57-77
平溪區,石底一,,219,平溪區,石底,石笋尖,57-25
平溪區,石底一,,22,平溪區,石底,石底,133-1
平溪區,石底一,,220,平溪區,石底,石笋尖,57-68
平溪區,石底一,,221,平溪區,石底,石笋尖,57-76
平溪區,石底一,,222,平溪區,石底,石笋尖,57-24
平溪區,石底一,,223,平溪區,石底,石笋尖,57-133
平溪區,石底一,,224,平溪區,石底,石笋尖,57-134
平溪區,石底一,,225,平溪區,石底,石笋尖,57-132
平溪區,石底一,,226,平溪區,石底,石笋尖,57-141
平溪區,石底一,,227,平溪區,石底,石笋尖,57-142
平溪區,石底一,,228,平溪區,石底,石笋尖,57-97
平溪區,石底一,,229,平溪區,石底,石笋尖,57-101
平溪區,石底一,,23,平溪區,石底,石底,134
平溪區,石底一,,230,平溪區,石底,石笋尖,57-98
平溪區,石底一,,231,平溪區,石底,石笋尖,57-100
平溪區,石底一,,232,平溪區,石底,石笋尖,57-96
平溪區,石底一,,233,平溪區,石底,石笋尖,57-83
平溪區,石底一,,234,平溪區,石底,石笋尖,57-82
平溪區,石底一,,235,平溪區,石底,石笋尖,57-85
平溪區,石底一,,236,平溪區,石底,石笋尖,57-94
平溪區,石底一,,237,平溪區,石底,石笋尖,57-2
平溪區,石底一,,238,平溪區,石底,石笋尖,57-81
平溪區,石底一,,239,平溪區,石底,石笋尖,57-95
平溪區,石底一,,24,平溪區,石底,石底,71-1
平溪區,石底一,,240,平溪區,石底,石笋尖,57-140
平溪區,石底一,,241,平溪區,石底,石笋尖,57-131
平溪區,石底一,,242,平溪區,石底,石笋尖,57-49
平溪區,石底一,,243,平溪區,石底,石笋尖,57-40
平溪區,石底一,,244,平溪區,石底,石笋尖,57-41
平溪區,石底一,,245,平溪區,石底,石笋尖,57
平溪區,石底一,,246,平溪區,石底,石笋尖,55-4
平溪區,石底一,,247,平溪區,石底,石笋尖,56-4
平溪區,石底一,,248,平溪區,石底,石笋尖,56-9
平溪區,石底一,,249,平溪區,石底,石笋尖,56-11
平溪區,石底一,,25,平溪區,石底,石底,71-7
平溪區,石底一,,250,平溪區,石底,石笋尖,56-8
平溪區,石底一,,251,平溪區,石底,石笋尖,57-43
平溪區,石底一,,252,平溪區,石底,石笋尖,108
平溪區,石底一,,253,平溪區,石底,石笋尖,106
平溪區,石底一,,254,平溪區,石底,石笋尖,107
平溪區,石底一,,255,平溪區,石底,石笋尖,57-39
平溪區,石底一,,256,平溪區,石底,石笋尖,57-130
平溪區,石底一,,257,平溪區,石底,石笋尖,57-111
平溪區,石底一,,258,平溪區,石底,石笋尖,57-147
平溪區,石底一,,259,平溪區,石底,石笋尖,57-110
平溪區,石底一,,26,平溪區,石底,石底,69-9
平溪區,石底一,,260,平溪區,石底,石笋尖,57-114
平溪區,石底一,,261,平溪區,石底,石笋尖,57-150
平溪區,石底一,,262,平溪區,石底,石笋尖,57-7
平溪區,石底一,,263,平溪區,石底,石笋尖,57-123
平溪區,石底一,,264,平溪區,石底,石笋尖,57-139
平溪區,石底一,,265,平溪區,石底,石笋尖,57-93
平溪區,石底一,,266,平溪區,石底,石笋尖,90
平溪區,石底一,,267,平溪區,石底,石笋尖,71
平溪區,石底一,,268,平溪區,石底,石笋尖,57-149
平溪區,石底一,,269,平溪區,石底,石笋尖,57-113
平溪區,石底一,,27,平溪區,石底,石底,134-1
平溪區,石底一,,270,平溪區,石底,石笋尖,57-92
平溪區,石底一,,271,平溪區,石底,石笋尖,57-124
平溪區,石底一,,272,平溪區,石底,石笋尖,57-8
平溪區,石底一,,273,平溪區,石底,石笋尖,56
平溪區,石底一,,274,平溪區,石底,石笋尖,56-1
平溪區,石底一,,275,平溪區,石底,石笋尖,56-10
平溪區,石底一,,276,平溪區,石底,石笋尖,55-3
平溪區,石底一,,277,平溪區,石底,石笋尖,53-2
平溪區,石底一,,278,平溪區,石底,石笋尖,128-1
平溪區,石底一,,279,平溪區,石底,石笋尖,55
平溪區,石底一,,28,平溪區,石底,石底,71-8
平溪區,石底一,,281,平溪區,石底,石笋尖,54
平溪區,石底一,,282,平溪區,石底,石笋尖,129-1
平溪區,石底一,,283,平溪區,石底,石笋尖,52-2
平溪區,石底一,,284,平溪區,石底,石笋尖,47-2
平溪區,石底一,,285,平溪區,石底,石笋尖,48-1
平溪區,石底一,,286,平溪區,石底,石笋尖,133-1
平溪區,石底一,,287,平溪區,石底,石笋尖,47-9
平溪區,石底一,,288,平溪區,石底,石笋尖,49-1
平溪區,石底一,,289,平溪區,石底,石笋尖,50-8
平溪區,石底一,,29,平溪區,石底,石底,69-5
平溪區,石底一,,290,平溪區,石底,石笋尖,50-5
平溪區,石底一,,291,平溪區,石底,石笋尖,50-6
平溪區,石底一,,292,平溪區,石底,石笋尖,34-6
平溪區,石底一,,293,平溪區,石底,石笋尖,34-10
平溪區,石底一,,294,平溪區,石底,石笋尖,34-8
平溪區,石底一,,295,平溪區,石底,石笋尖,34-5
平溪區,石底一,,296,平溪區,石底,石笋尖,34-4
平溪區,石底一,,297,平溪區,石底,石笋尖,33-1
平溪區,石底一,,298,平溪區,石底,石笋尖,32-1
平溪區,石底一,,299,平溪區,石底,石笋尖,34-1
平溪區,石底一,,3,平溪區,石底,石底,69-11
平溪區,石底一,,30,平溪區,石底,石底,69-6
平溪區,石底一,,300,平溪區,石底,石笋尖,34-11
平溪區,石底一,,301,平溪區,石底,石笋尖,34-29
平溪區,石底一,,302,平溪區,石底,石笋尖,34-30
平溪區,石底一,,303,平溪區,石底,石笋尖,34-31
平溪區,石底一,,304,平溪區,石底,石笋尖,35-12
平溪區,石底一,,305,平溪區,石底,石笋尖,35-10
平溪區,石底一,,306,平溪區,石底,石笋尖,35-1
平溪區,石底一,,307,平溪區,石底,石笋尖,35-11
平溪區,石底一,,308,平溪區,石底,石笋尖,35
平溪區,石底一,,309,平溪區,石底,石笋尖,34-28
平溪區,石底一,,31,平溪區,石底,石底,69-12
平溪區,石底一,,310,平溪區,石底,石笋尖,35-14
平溪區,石底一,,311,平溪區,石底,石笋尖,35-2
平溪區,石底一,,312,平溪區,石底,石笋尖,34-27
平溪區,石底一,,313,平溪區,石底,石笋尖,34-15
平溪區,石底一,,314,平溪區,石底,石笋尖,34-14
平溪區,石底一,,315,平溪區,石底,石笋尖,34-16
平溪區,石底一,,316,平溪區,石底,石笋尖,34-12
平溪區,石底一,,317,平溪區,石底,石笋尖,50-7
平溪區,石底一,,318,平溪區,石底,石笋尖,50-9
平溪區,石底一,,319,平溪區,石底,石笋尖,30-4
平溪區,石底一,,32,平溪區,石底,石底,73-7
平溪區,石底一,,320,平溪區,石底,石笋尖,30-5
平溪區,石底一,,321,平溪區,石底,石笋尖,31-4
平溪區,石底一,,322,平溪區,石底,石笋尖,31-5
平溪區,石底一,,323,平溪區,石底,石笋尖,31-6
平溪區,石底一,,324,平溪區,石底,石笋尖,34-26
平溪區,石底一,,325,平溪區,石底,石笋尖,34-23
平溪區,石底一,,326,平溪區,石底,石笋尖,31
平溪區,石底一,,327,平溪區,石底,石笋尖,31-1
平溪區,石底一,,328,平溪區,石底,石笋尖,27
平溪區,石底一,,329,平溪區,石底,石笋尖,27-1
平溪區,石底一,,33,平溪區,石底,石底,73-15
平溪區,石底一,,330,平溪區,石底,石笋尖,25-4
平溪區,石底一,,331,平溪區,石底,石笋尖,25-7
平溪區,石底一,,332,平溪區,石底,石笋尖,34-24
平溪區,石底一,,333,平溪區,石底,石笋尖,25-5
平溪區,石底一,,334,平溪區,石底,石笋尖,34-25
平溪區,石底一,,335,平溪區,石底,石笋尖,25-6
平溪區,石底一,,336,平溪區,石底,石笋尖,25-1
平溪區,石底一,,337,平溪區,石底,石笋尖,34-21
平溪區,石底一,,338,平溪區,石底,石笋尖,34-22
平溪區,石底一,,339,平溪區,石底,石笋尖,26-6
平溪區,石底一,,34,平溪區,石底,石底,69-3
平溪區,石底一,,340,平溪區,石底,石笋尖,26-5
平溪區,石底一,,341,平溪區,石底,石笋尖,26
平溪區,石底一,,342,平溪區,石底,石笋尖,26-3
平溪區,石底一,,343,平溪區,石底,石笋尖,34-19
平溪區,石底一,,344,平溪區,石底,石笋尖,34-20
平溪區,石底一,,345,平溪區,石底,石笋尖,25-2
平溪區,石底一,,346,平溪區,石底,石笋尖,34-18
平溪區,石底一,,347,平溪區,石底,石笋尖,26-4
平溪區,石底一,,348,平溪區,石底,石笋尖,34-13
平溪區,石底一,,349,平溪區,石底,石笋尖,24-2
平溪區,石底一,,35,平溪區,石底,石底,73-16
平溪區,石底一,,350,平溪區,石底,石笋尖,24
平溪區,石底一,,351,平溪區,石底,石笋尖,23-1
平溪區,石底一,,352,平溪區,石底,石笋尖,34-17
平溪區,石底一,,353,平溪區,石底,石笋尖,25-3
平溪區,石底一,,354,平溪區,石底,石笋尖,132
平溪區,石底一,,355,平溪區,石底,石笋尖,47-12
平溪區,石底一,,356,平溪區,石底,石笋尖,99
平溪區,石底一,,357,平溪區,石底,石笋尖,36-1
平溪區,石底一,,358,平溪區,石底,石笋尖,63
平溪區,石底一,,359,平溪區,石底,石笋尖,62
平溪區,石底一,,36,平溪區,石底,石底,73-12
平溪區,石底一,,360,平溪區,石底,石笋尖,64
平溪區,石底一,,361,平溪區,石底,石笋尖,65
平溪區,石底一,,362,平溪區,石底,石笋尖,35-9
平溪區,石底一,,363,平溪區,石底,石笋尖,35-3
平溪區,石底一,,364,平溪區,石底,石笋尖,35-4
平溪區,石底一,,365,平溪區,石底,石笋尖,35-5
平溪區,石底一,,366,平溪區,石底,石笋尖,35-15
平溪區,石底一,,367,平溪區,石底,石笋尖,47-11
平溪區,石底一,,368,平溪區,石底,石笋尖,47
平溪區,石底一,,369,平溪區,石底,石笋尖,36-11
平溪區,石底一,,37,平溪區,石底,石底,73-14
平溪區,石底一,,370,平溪區,石底,石笋尖,36-2
平溪區,石底一,,371,平溪區,石底,石笋尖,34
平溪區,石底一,,372,平溪區,石底,石笋尖,34-3
平溪區,石底一,,373,平溪區,石底,石笋尖,101
平溪區,石底一,,374,平溪區,石底,石笋尖,102
平溪區,石底一,,375,平溪區,石底,石笋尖,47-1
平溪區,石底一,,376,平溪區,石底,石笋尖,47-7
平溪區,石底一,,377,平溪區,石底,石笋尖,47-4
平溪區,石底一,,378,平溪區,石底,石笋尖,103
平溪區,石底一,,379,平溪區,石底,石笋尖,47-10
平溪區,石底一,,380,平溪區,石底,石笋尖,55-18
平溪區,石底一,,381,平溪區,石底,石笋尖,56-17
平溪區,石底一,,382,平溪區,石底,石笋尖,69
平溪區,石底一,,383,平溪區,石底,石笋尖,56-36
平溪區,石底一,,384,平溪區,石底,石笋尖,56-22
平溪區,石底一,,385,平溪區,石底,石笋尖,56-21
平溪區,石底一,,386,平溪區,石底,石笋尖,55-21
平溪區,石底一,,387,平溪區,石底,石笋尖,55-23
平溪區,石底一,,388,平溪區,石底,石笋尖,55-19
平溪區,石底一,,389,平溪區,石底,石笋尖,70
平溪區,石底一,,39,平溪區,石底,石底,73-13
平溪區,石底一,,390,平溪區,石底,石笋尖,97
平溪區,石底一,,391,平溪區,石底,石笋尖,105
平溪區,石底一,,392,平溪區,石底,石笋尖,55-13
平溪區,石底一,,393,平溪區,石底,石笋尖,56-12
平溪區,石底一,,394,平溪區,石底,石笋尖,56-7
平溪區,石底一,,395,平溪區,石底,石笋尖,56-23
平溪區,石底一,,396,平溪區,石底,石笋尖,56-33
平溪區,石底一,,397,平溪區,石底,石笋尖,56-35
平溪區,石底一,,398,平溪區,石底,石笋尖,56-30
平溪區,石底一,,399,平溪區,石底,石笋尖,56-6
平溪區,石底一,,4,平溪區,石底,石底,69-2
平溪區,石底一,,40,平溪區,石底,石底,73-9
平溪區,石底一,,400,平溪區,石底,石笋尖,56-28
平溪區,石底一,,401,平溪區,石底,石笋尖,56-27
平溪區,石底一,,402,平溪區,石底,冬瓜寮坑,1-17
平溪區,石底一,,403,平溪區,石底,石笋尖,56-29
平溪區,石底一,,404,平溪區,石底,石笋尖,56-14
平溪區,石底一,,405,平溪區,石底,石笋尖,56-31
平溪區,石底一,,406,平溪區,石底,石笋尖,56-32
平溪區,石底一,,407,平溪區,石底,石笋尖,56-18
平溪區,石底一,,408,平溪區,石底,石笋尖,56-24
平溪區,石底一,,409,平溪區,石底,石笋尖,56-13
平溪區,石底一,,41,平溪區,石底,石底,73-8
平溪區,石底一,,410,平溪區,石底,石笋尖,56-25
平溪區,石底一,,411,平溪區,石底,石笋尖,57-45
平溪區,石底一,,412,平溪區,石底,石笋尖,57-44
平溪區,石底一,,413,平溪區,石底,石笋尖,55-5
平溪區,石底一,,414,平溪區,石底,石笋尖,55-20
平溪區,石底一,,415,平溪區,石底,石笋尖,55-6
平溪區,石底一,,416,平溪區,石底,石笋尖,57-32
平溪區,石底一,,417,平溪區,石底,石笋尖,56-34
平溪區,石底一,,418,平溪區,石底,石笋尖,57-128
平溪區,石底一,,419,平溪區,石底,石笋尖,57-14
平溪區,石底一,,42,平溪區,石底,石底,73-17
平溪區,石底一,,420,平溪區,石底,石笋尖,57-91
平溪區,石底一,,421,平溪區,石底,石笋尖,56-16
平溪區,石底一,,422,平溪區,石底,石笋尖,57-73
平溪區,石底一,,423,平溪區,石底,石笋尖,57-121
平溪區,石底一,,424,平溪區,石底,石笋尖,57-120
平溪區,石底一,,425,平溪區,石底,石笋尖,57-72
平溪區,石底一,,426,平溪區,石底,石笋尖,57-119
平溪區,石底一,,427,平溪區,石底,石笋尖,57-137
平溪區,石底一,,428,平溪區,石底,石笋尖,57-90
平溪區,石底一,,429,平溪區,石底,石笋尖,57-118
平溪區,石底一,,43,平溪區,石底,石底,73-18
平溪區,石底一,,430,平溪區,石底,石笋尖,55-22
平溪區,石底一,,431,平溪區,石底,石笋尖,55-7
平溪區,石底一,,432,平溪區,石底,石笋尖,57-89
平溪區,石底一,,433,平溪區,石底,石笋尖,57-129
平溪區,石底一,,434,平溪區,石底,石笋尖,57-33
平溪區,石底一,,435,平溪區,石底,石笋尖,57-117
平溪區,石底一,,436,平溪區,石底,石笋尖,57-30
平溪區,石底一,,437,平溪區,石底,石笋尖,57-127
平溪區,石底一,,438,平溪區,石底,石笋尖,57-88
平溪區,石底一,,439,平溪區,石底,石笋尖,55-9
平溪區,石底一,,44,平溪區,石底,石底,73-6
平溪區,石底一,,440,平溪區,石底,石笋尖,57-36
平溪區,石底一,,441,平溪區,石底,石笋尖,57-138
平溪區,石底一,,442,平溪區,石底,石笋尖,57-87
平溪區,石底一,,443,平溪區,石底,石笋尖,57-34
平溪區,石底一,,444,平溪區,石底,石笋尖,57-35
平溪區,石底一,,445,平溪區,石底,石笋尖,57-109
平溪區,石底一,,446,平溪區,石底,石笋尖,57-9
平溪區,石底一,,447,平溪區,石底,石笋尖,57-125
平溪區,石底一,,448,平溪區,石底,石笋尖,57-86
平溪區,石底一,,449,平溪區,石底,石笋尖,55-10
平溪區,石底一,,45,平溪區,石底,石底,73-10
平溪區,石底一,,450,平溪區,石底,石笋尖,57-37
平溪區,石底一,,451,平溪區,石底,石笋尖,57-146
平溪區,石底一,,452,平溪區,石底,石笋尖,57-136
平溪區,石底一,,453,平溪區,石底,石笋尖,57-71
平溪區,石底一,,454,平溪區,石底,石笋尖,59-8
平溪區,石底一,,455,平溪區,石底,石笋尖,58-7
平溪區,石底一,,456,平溪區,石底,石笋尖,59
平溪區,石底一,,457,平溪區,石底,石笋尖,59-9
平溪區,石底一,,458,平溪區,石底,石笋尖,59-2
平溪區,石底一,,459,平溪區,石底,石底,87-33
平溪區,石底一,,46,平溪區,石底,石底,69-7
平溪區,石底一,,460,平溪區,石底,石底,87-15
平溪區,石底一,,461,平溪區,石底,石底,87-14
平溪區,石底一,,462,平溪區,石底,石笋尖,59-1
平溪區,石底一,,463,平溪區,石底,石底,87-23
平溪區,石底一,,464,平溪區,石底,石笋尖,59-5
平溪區,石底一,,465,平溪區,石底,石笋尖,59-16
平溪區,石底一,,466,平溪區,石底,石笋尖,59-13
平溪區,石底一,,467,平溪區,石底,石笋尖,58-8
平溪區,石底一,,468,平溪區,石底,石笋尖,59-20
平溪區,石底一,,469,平溪區,石底,石笋尖,59-18
平溪區,石底一,,47,平溪區,石底,石底,69-8
平溪區,石底一,,470,平溪區,石底,石笋尖,58-11
平溪區,石底一,,471,平溪區,石底,石笋尖,58-15
平溪區,石底一,,472,平溪區,石底,石笋尖,58-27
平溪區,石底一,,473,平溪區,石底,石笋尖,58-24
平溪區,石底一,,474,平溪區,石底,石笋尖,109
平溪區,石底一,,475,平溪區,石底,石笋尖,57-38
平溪區,石底一,,476,平溪區,石底,石笋尖,55-11
平溪區,石底一,,477,平溪區,石底,石笋尖,55-16
平溪區,石底一,,478,平溪區,石底,石笋尖,58-16
平溪區,石底一,,479,平溪區,石底,石笋尖,58-6
平溪區,石底一,,48,平溪區,石底,石底,69-4
平溪區,石底一,,480,平溪區,石底,石笋尖,58-23
平溪區,石底一,,481,平溪區,石底,石笋尖,58-1
平溪區,石底一,,482,平溪區,石底,石笋尖,58-26
平溪區,石底一,,483,平溪區,石底,石笋尖,58-13
平溪區,石底一,,484,平溪區,石底,石笋尖,58-12
平溪區,石底一,,485,平溪區,石底,石笋尖,55-15
平溪區,石底一,,486,平溪區,石底,石笋尖,58-17
平溪區,石底一,,487,平溪區,石底,石笋尖,58-9
平溪區,石底一,,488,平溪區,石底,石笋尖,58-10
平溪區,石底一,,489,平溪區,石底,石笋尖,59-14
平溪區,石底一,,49,平溪區,石底,石底,70-2
平溪區,石底一,,490,平溪區,石底,石笋尖,59-6
平溪區,石底一,,491,平溪區,石底,石笋尖,61-9
平溪區,石底一,,492,平溪區,石底,石笋尖,61-10
平溪區,石底一,,493,平溪區,石底,石笋尖,59-17
平溪區,石底一,,494,平溪區,石底,石笋尖,61-11
平溪區,石底一,,495,平溪區,石底,石笋尖,61-8
平溪區,石底一,,496,平溪區,石底,石笋尖,59-7
平溪區,石底一,,497,平溪區,石底,石笋尖,59-15
平溪區,石底一,,498,平溪區,石底,石底,87-31
平溪區,石底一,,499,平溪區,石底,石底,87-29
平溪區,石底一,,5,平溪區,石底,石底,69-10
平溪區,石底一,,50,平溪區,石底,石底,71-5
平溪區,石底一,,500,平溪區,石底,石底,87-2
平溪區,石底一,,501,平溪區,石底,石底,87-30
平溪區,石底一,,502,平溪區,石底,石底,87-7
平溪區,石底一,,503,平溪區,石底,石笋尖,61-36
平溪區,石底一,,504,平溪區,石底,石笋尖,61-17
平溪區,石底一,,505,平溪區,石底,石笋尖,61-7
平溪區,石底一,,506,平溪區,石底,石笋尖,61-41
平溪區,石底一,,507,平溪區,石底,石笋尖,61-16
平溪區,石底一,,508,平溪區,石底,石笋尖,61-5
平溪區,石底一,,509,平溪區,石底,石笋尖,61-6
平溪區,石底一,,51,平溪區,石底,石底,71-6
平溪區,石底一,,510,平溪區,石底,石笋尖,61-28
平溪區,石底一,,511,平溪區,石底,石笋尖,61
平溪區,石底一,,512,平溪區,石底,石笋尖,61-18
平溪區,石底一,,513,平溪區,石底,石笋尖,61-2
平溪區,石底一,,514,平溪區,石底,石笋尖,61-31
平溪區,石底一,,515,平溪區,石底,石笋尖,61-19
平溪區,石底一,,516,平溪區,石底,石笋尖,61-20
平溪區,石底一,,517,平溪區,石底,石笋尖,61-29
平溪區,石底一,,518,平溪區,石底,石笋尖,61-30
平溪區,石底一,,519,平溪區,石底,石笋尖,61-3
平溪區,石底一,,52,平溪區,石底,石底,134-3
平溪區,石底一,,520,平溪區,石底,石笋尖,61-21
平溪區,石底一,,521,平溪區,石底,石笋尖,61-40
平溪區,石底一,,522,平溪區,石底,石笋尖,61-39
平溪區,石底一,,523,平溪區,石底,石笋尖,61-22
平溪區,石底一,,524,平溪區,石底,石笋尖,61-23
平溪區,石底一,,525,平溪區,石底,石笋尖,61-26
平溪區,石底一,,526,平溪區,石底,石笋尖,61-38
平溪區,石底一,,527,平溪區,石底,石笋尖,61-37
平溪區,石底一,,528,平溪區,石底,石笋尖,61-27
平溪區,石底一,,529,平溪區,石底,石笋尖,61-24
平溪區,石底一,,53,平溪區,石底,石底,136-1
平溪區,石底一,,530,平溪區,石底,石笋尖,61-33
平溪區,石底一,,531,平溪區,石底,石笋尖,61-25
平溪區,石底一,,532,平溪區,石底,石笋尖,61-32
平溪區,石底一,,533,平溪區,石底,石笋尖,61-1
平溪區,石底一,,534,平溪區,石底,石笋尖,61-35
平溪區,石底一,,535,平溪區,石底,石底,87-32
平溪區,石底一,,536,平溪區,石底,石底,87
平溪區,石底一,,537,平溪區,石底,石底,87-1
平溪區,石底一,,538,平溪區,石底,石底,87-8
平溪區,石底一,,539,平溪區,石底,石底,86-5
平溪區,石底一,,54,平溪區,石底,石底,136
平溪區,石底一,,540,平溪區,石底,石底,84-2
平溪區,石底一,,541,平溪區,石底,石底,86-13
平溪區,石底一,,542,平溪區,石底,石底,84-3
平溪區,石底一,,543,平溪區,石底,石底,83-1
平溪區,石底一,,544,平溪區,石底,石底,82-1
平溪區,石底一,,545,平溪區,石底,石底,83-2
平溪區,石底一,,546,平溪區,石底,石底,82-2
平溪區,石底一,,547,平溪區,石底,石底,81-3
平溪區,石底一,,548,平溪區,石底,石底,81-2
平溪區,石底一,,549,平溪區,石底,石底,81-4
平溪區,石底一,,55,平溪區,石底,石底,134-8
平溪區,石底一,,550,平溪區,石底,石底,141-1
平溪區,石底一,,551,平溪區,石底,石底,141
平溪區,石底一,,552,平溪區,石底,石底,86-15
平溪區,石底一,,553,平溪區,石底,石底,84-1
平溪區,石底一,,554,平溪區,石底,石底,81-5
平溪區,石底一,,555,平溪區,石底,石底,81-1
平溪區,石底一,,556,平溪區,石底,石底,81-6
平溪區,石底一,,557,平溪區,石底,石底,82
平溪區,石底一,,558,平溪區,石底,石底,83-3
平溪區,石底一,,559,平溪區,石底,石底,83
平溪區,石底一,,56,平溪區,石底,石底,135-1
平溪區,石底一,,560,平溪區,石底,石底,84-9
平溪區,石底一,,561,平溪區,石底,石底,84-8
平溪區,石底一,,562,平溪區,石底,石底,84-7
平溪區,石底一,,563,平溪區,石底,石底,84-6
平溪區,石底一,,564,平溪區,石底,石底,86-41
平溪區,石底一,,565,平溪區,石底,石底,84-5
平溪區,石底一,,566,平溪區,石底,石底,86-42
平溪區,石底一,,567,平溪區,石底,石底,84
平溪區,石底一,,568,平溪區,石底,石底,86-43
平溪區,石底一,,569,平溪區,石底,石底,86-48
平溪區,石底一,,57,平溪區,石底,石底,134-4
平溪區,石底一,,570,平溪區,石底,石底,86-12
平溪區,石底一,,571,平溪區,石底,石底,84-12
平溪區,石底一,,572,平溪區,石底,石底,84-11
平溪區,石底一,,573,平溪區,石底,石底,84-4
平溪區,石底一,,574,平溪區,石底,石底,84-10
平溪區,石底一,,575,平溪區,石底,石底,86-49
平溪區,石底一,,576,平溪區,石底,石底,86-47
平溪區,石底一,,577,平溪區,石底,石底,86-44
平溪區,石底一,,578,平溪區,石底,石底,86-45
平溪區,石底一,,579,平溪區,石底,石底,86-46
平溪區,石底一,,58,平溪區,石底,石底,71-3
平溪區,石底一,,580,平溪區,石底,石底,86-61
平溪區,石底一,,581,平溪區,石底,石底,86-38
平溪區,石底一,,582,平溪區,石底,石底,86-34
平溪區,石底一,,583,平溪區,石底,石底,86-35
平溪區,石底一,,584,平溪區,石底,石底,86-37
平溪區,石底一,,585,平溪區,石底,石底,86-36
平溪區,石底一,,586,平溪區,石底,石底,86-33
平溪區,石底一,,587,平溪區,石底,石底,87-27
平溪區,石底一,,588,平溪區,石底,石底,86-32
平溪區,石底一,,589,平溪區,石底,石底,86-31
平溪區,石底一,,59,平溪區,石底,石底,71
平溪區,石底一,,590,平溪區,石底,石底,87-28
平溪區,石底一,,591,平溪區,石底,石底,87-3
平溪區,石底一,,592,平溪區,石底,石底,86-30
平溪區,石底一,,593,平溪區,石底,石底,86-29
平溪區,石底一,,594,平溪區,石底,石底,86-53
平溪區,石底一,,595,平溪區,石底,石底,86-52
平溪區,石底一,,596,平溪區,石底,石底,86-28
平溪區,石底一,,597,平溪區,石底,石底,86-27
平溪區,石底一,,598,平溪區,石底,石底,86-4
平溪區,石底一,,599,平溪區,石底,石底,86-14
平溪區,石底一,,60,平溪區,石底,石底,72
平溪區,石底一,,600,平溪區,石底,石底,86
平溪區,石底一,,601,平溪區,石底,石底,86-55
平溪區,石底一,,602,平溪區,石底,石底,86-56
平溪區,石底一,,603,平溪區,石底,石底,86-25
平溪區,石底一,,604,平溪區,石底,石底,86-6
平溪區,石底一,,605,平溪區,石底,石底,86-24
平溪區,石底一,,606,平溪區,石底,石底,86-22
平溪區,石底一,,607,平溪區,石底,石底,86-7
平溪區,石底一,,608,平溪區,石底,石底,86-23
平溪區,石底一,,609,平溪區,石底,石底,86-57
平溪區,石底一,,61,平溪區,石底,石底,72-4
平溪區,石底一,,610,平溪區,石底,石底,86-16
平溪區,石底一,,611,平溪區,石底,石底,86-8
平溪區,石底一,,612,平溪區,石底,石底,86-21
平溪區,石底一,,613,平溪區,石底,石底,86-20
平溪區,石底一,,614,平溪區,石底,石底,86-9
平溪區,石底一,,615,平溪區,石底,石底,141-2
平溪區,石底一,,616,平溪區,石底,石底,141-4
平溪區,石底一,,617,平溪區,石底,石底,86-10
平溪區,石底一,,618,平溪區,石底,石底,86-19
平溪區,石底一,,619,平溪區,石底,石底,86-54
平溪區,石底一,,62,平溪區,石底,石底,71-2
平溪區,石底一,,620,平溪區,石底,石底,86-11
平溪區,石底一,,621,平溪區,石底,石底,86-62
平溪區,石底一,,622,平溪區,石底,石底,86-63
平溪區,石底一,,623,平溪區,石底,石底,141-8
平溪區,石底一,,624,平溪區,石底,石底,86-64
平溪區,石底一,,625,平溪區,石底,石底,141-7
平溪區,石底一,,626,平溪區,石底,石底,86-65
平溪區,石底一,,627,平溪區,石底,石底,86-60
平溪區,石底一,,628,平溪區,石底,石底,141-6
平溪區,石底一,,629,平溪區,石底,石底,86-59
平溪區,石底一,,63,平溪區,石底,石底,72-5
平溪區,石底一,,630,平溪區,石底,石底,86-58
平溪區,石底一,,632,平溪區,石底,石底,141-5
平溪區,石底一,,633,平溪區,石底,石底,86-17
平溪區,石底一,,635,平溪區,石底,石底,86-1
平溪區,石底一,,636,平溪區,石底,石底,86-66
平溪區,石底一,,637,平溪區,石底,石底,88-9
平溪區,石底一,,638,平溪區,石底,石底,88-8
平溪區,石底一,,639,平溪區,石底,石底,86-67
平溪區,石底一,,64,平溪區,石底,石底,70
平溪區,石底一,,640,平溪區,石底,石底,88-7
平溪區,石底一,,641,平溪區,石底,石底,86-68
平溪區,石底一,,642,平溪區,石底,石底,86-69
平溪區,石底一,,643,平溪區,石底,石底,89-7
平溪區,石底一,,644,平溪區,石底,石底,89-11
平溪區,石底一,,645,平溪區,石底,石底,89-6
平溪區,石底一,,646,平溪區,石底,石底,88-6
平溪區,石底一,,647,平溪區,石底,石底,88-5
平溪區,石底一,,648,平溪區,石底,石底,89-5
平溪區,石底一,,649,平溪區,石底,石底,89-10
平溪區,石底一,,65,平溪區,石底,石底,70-9
平溪區,石底一,,650,平溪區,石底,石底,89-9
平溪區,石底一,,651,平溪區,石底,石底,89-4
平溪區,石底一,,652,平溪區,石底,石底,88-4
平溪區,石底一,,653,平溪區,石底,石底,88-3
平溪區,石底一,,654,平溪區,石底,石底,89-3
平溪區,石底一,,655,平溪區,石底,石底,89-8
平溪區,石底一,,656,平溪區,石底,石底,89-2
平溪區,石底一,,657,平溪區,石底,石底,89
平溪區,石底一,,658,平溪區,石底,石底,89-1
平溪區,石底一,,659,平溪區,石底,石底,88
平溪區,石底一,,66,平溪區,石底,石底,70-10
平溪區,石底一,,660,平溪區,石底,石底,88-2
平溪區,石底一,,662,平溪區,石底,石底,88-12
平溪區,石底一,,663,平溪區,石底,石底,88-1
平溪區,石底一,,664,平溪區,石底,石底,88-10
平溪區,石底一,,665,平溪區,石底,石底,87-19
平溪區,石底一,,666,平溪區,石底,石底,87-18
平溪區,石底一,,667,平溪區,石底,石底,87-20
平溪區,石底一,,668,平溪區,石底,石底,87-22
平溪區,石底一,,669,平溪區,石底,石底,87-24
平溪區,石底一,,67,平溪區,石底,石底,70-8
平溪區,石底一,,670,平溪區,石底,石底,87-21
平溪區,石底一,,671,平溪區,石底,石底,84-14
平溪區,石底一,,672,平溪區,石底,石底,88-13
平溪區,石底一,,673,平溪區,石底,石底,90-26
平溪區,石底一,,674,平溪區,石底,石底,90-18
平溪區,石底一,,675,平溪區,石底,石底,90-17
平溪區,石底一,,676,平溪區,石底,石底,90-15
平溪區,石底一,,677,平溪區,石底,石底,90-24
平溪區,石底一,,678,平溪區,石底,石底,90-8
平溪區,石底一,,679,平溪區,石底,石底,90-7
平溪區,石底一,,68,平溪區,石底,石底,70-7
平溪區,石底一,,680,平溪區,石底,石底,90-11
平溪區,石底一,,681,平溪區,石底,石底,90-13
平溪區,石底一,,682,平溪區,石底,石底,88-11
平溪區,石底一,,683,平溪區,石底,石底,90-5
平溪區,石底一,,685,平溪區,石底,石底,90-4
平溪區,石底一,,686,平溪區,石底,石底,90-12
平溪區,石底一,,687,平溪區,石底,石底,90-10
平溪區,石底一,,688,平溪區,石底,石底,90-1
平溪區,石底一,,689,平溪區,石底,石底,90
平溪區,石底一,,69,平溪區,石底,石底,70-14
平溪區,石底一,,691,平溪區,石底,石底,91-1
平溪區,石底一,,692,平溪區,石底,石底,91
平溪區,石底一,,693,平溪區,石底,石底,90-9
平溪區,石底一,,694,平溪區,石底,石底,90-6
平溪區,石底一,,695,平溪區,石底,石底,91-2
平溪區,石底一,,696,平溪區,石底,石底,91-7
平溪區,石底一,,697,平溪區,石底,石底,90-14
平溪區,石底一,,698,平溪區,石底,石底,90-3
平溪區,石底一,,699,平溪區,石底,石底,90-29
平溪區,石底一,,7,平溪區,石底,石底,133-3
平溪區,石底一,,70,平溪區,石底,石底,70-11
平溪區,石底一,,700,平溪區,石底,石底,90-2
平溪區,石底一,,701,平溪區,石底,石底,90-16
平溪區,石底一,,702,平溪區,石底,石底,90-20
平溪區,石底一,,703,平溪區,石底,石底,90-30
平溪區,石底一,,704,平溪區,石底,石底,90-19
平溪區,石底一,,705,平溪區,石底,石笋尖,59-11
平溪區,石底一,,706,平溪區,石底,石笋尖,59-10
平溪區,石底一,,707,平溪區,石底,石笋尖,59-3
平溪區,石底一,,708,平溪區,石底,石笋尖,57-74
平溪區,石底一,,709,平溪區,石底,石笋尖,59-12
平溪區,石底一,,71,平溪區,石底,石底,70-13
平溪區,石底一,,710,平溪區,石底,石底,90-33
平溪區,石底一,,711,平溪區,石底,石笋尖,59-4
平溪區,石底一,,712,平溪區,石底,石底,90-32
平溪區,石底一,,713,平溪區,石底,石底,90-31
平溪區,石底一,,714,平溪區,石底,石底,90-34
平溪區,石底一,,715,平溪區,石底,石底,90-25
平溪區,石底一,,716,平溪區,石底,石底,91-6
平溪區,石底一,,717,平溪區,石底,石底,91-5
平溪區,石底一,,718,平溪區,石底,石底,90-27
平溪區,石底一,,719,平溪區,石底,石底,90-28
平溪區,石底一,,72,平溪區,石底,石底,73-11
平溪區,石底一,,720,平溪區,石底,石底,90-21
平溪區,石底一,,721,平溪區,石底,冬瓜寮坑,1-24
平溪區,石底一,,722,平溪區,石底,冬瓜寮坑,1-9
平溪區,石底一,,723,平溪區,石底,冬瓜寮坑,1-10
平溪區,石底一,,724,平溪區,石底,冬瓜寮坑,1-26
平溪區,石底一,,725,平溪區,石底,冬瓜寮坑,1-27
平溪區,石底一,,726,平溪區,石底,冬瓜寮坑,1-32
平溪區,石底一,,727,平溪區,石底,冬瓜寮坑,1-31
平溪區,石底一,,728,平溪區,石底,冬瓜寮坑,1-23
平溪區,石底一,,729,平溪區,石底,冬瓜寮坑,1-4
平溪區,石底一,,73,平溪區,石底,石底,73-1
平溪區,石底一,,730,平溪區,石底,冬瓜寮坑,3-42
平溪區,石底一,,731,平溪區,石底,石底,96-6
平溪區,石底一,,732,平溪區,石底,石底,96
平溪區,石底一,,733,平溪區,石底,石底,96-5
平溪區,石底一,,734,平溪區,石底,石底,96-4
平溪區,石底一,,735,平溪區,石底,石底,96-3
平溪區,石底一,,736,平溪區,石底,石底,90-23
平溪區,石底一,,737,平溪區,石底,石底,90-22
平溪區,石底一,,738,平溪區,石底,石底,91-4
平溪區,石底一,,739,平溪區,石底,石底,91-3
平溪區,石底一,,74,平溪區,石底,石底,73
平溪區,石底一,,741,平溪區,石底,石底,92-1
平溪區,石底一,,742,平溪區,石底,石底,92-2
平溪區,石底一,,743,平溪區,石底,石底,93-3
平溪區,石底一,,744,平溪區,石底,石底,93-4
平溪區,石底一,,745,平溪區,石底,石底,93-2
平溪區,石底一,,746,平溪區,石底,石底,93-7
平溪區,石底一,,748,平溪區,石底,石底,93-8
平溪區,石底一,,75,平溪區,石底,石底,73-2
平溪區,石底一,,750,平溪區,石底,石底,93-6
平溪區,石底一,,752,平溪區,石底,石底,93-12
平溪區,石底一,,754,平溪區,石底,石底,94
平溪區,石底一,,755,平溪區,石底,石底,95-2
平溪區,石底一,,756,平溪區,石底,石底,95-4
平溪區,石底一,,757,平溪區,石底,石底,95
平溪區,石底一,,758,平溪區,石底,石底,95-5
平溪區,石底一,,759,平溪區,石底,石底,95-6
平溪區,石底一,,76,平溪區,石底,石底,70-6
平溪區,石底一,,760,平溪區,石底,石底,142
平溪區,石底一,,761,平溪區,石底,石底,95-1
平溪區,石底一,,762,平溪區,石底,石底,95-3
平溪區,石底一,,763,平溪區,石底,石底,97-17
平溪區,石底一,,764,平溪區,石底,石底,97-29
平溪區,石底一,,765,平溪區,石底,石底,97-30
平溪區,石底一,,766,平溪區,石底,石底,143
平溪區,石底一,,767,平溪區,石底,石底,97
平溪區,石底一,,768,平溪區,石底,石底,97-13
平溪區,石底一,,769,平溪區,石底,石底,97-14
平溪區,石底一,,77,平溪區,石底,石底,70-1
平溪區,石底一,,770,平溪區,石底,石底,97-5
平溪區,石底一,,771,平溪區,石底,石底,97-12
平溪區,石底一,,772,平溪區,石底,石底,97-11
平溪區,石底一,,773,平溪區,石底,石底,97-8
平溪區,石底一,,774,平溪區,石底,石底,97-2
平溪區,石底一,,775,平溪區,石底,石底,97-35
平溪區,石底一,,776,平溪區,石底,石底,97-36
平溪區,石底一,,777,平溪區,石底,石底,97-20
平溪區,石底一,,778,平溪區,石底,石底,97-21
平溪區,石底一,,779,平溪區,石底,石底,97-38
平溪區,石底一,,78,平溪區,石底,石底,70-5
平溪區,石底一,,780,平溪區,石底,石底,97-33
平溪區,石底一,,781,平溪區,石底,石底,97-22
平溪區,石底一,,782,平溪區,石底,石底,97-15
平溪區,石底一,,783,平溪區,石底,石底,97-16
平溪區,石底一,,784,平溪區,石底,石底,97-10
平溪區,石底一,,785,平溪區,石底,石底,97-9
平溪區,石底一,,786,平溪區,石底,石底,97-4
平溪區,石底一,,787,平溪區,石底,石底,97-28
平溪區,石底一,,788,平溪區,石底,石底,97-23
平溪區,石底一,,789,平溪區,石底,石底,97-19
平溪區,石底一,,79,平溪區,石底,石底,70-4
平溪區,石底一,,790,平溪區,石底,石底,96-1
平溪區,石底一,,791,平溪區,石底,冬瓜寮坑,3-15
平溪區,石底一,,792,平溪區,石底,冬瓜寮坑,1-28
平溪區,石底一,,793,平溪區,石底,冬瓜寮坑,1-13
平溪區,石底一,,794,平溪區,石底,冬瓜寮坑,1-33
平溪區,石底一,,795,平溪區,石底,冬瓜寮坑,1-34
平溪區,石底一,,796,平溪區,石底,冬瓜寮坑,1-14
平溪區,石底一,,797,平溪區,石底,石笋尖,104
平溪區,石底一,,798,平溪區,石底,石笋尖,47-5
平溪區,石底一,,799,平溪區,石底,石笋尖,47-6
平溪區,石底一,,8,平溪區,石底,石底,133
平溪區,石底一,,80,平溪區,石底,石底,70-3
平溪區,石底一,,800,平溪區,石底,石笋尖,36-6
平溪區,石底一,,801,平溪區,石底,石笋尖,36-5
平溪區,石底一,,802,平溪區,石底,石笋尖,36-14
平溪區,石底一,,803,平溪區,石底,石笋尖,46-9
平溪區,石底一,,804,平溪區,石底,石笋尖,46-12
平溪區,石底一,,805,平溪區,石底,石笋尖,46-5
平溪區,石底一,,806,平溪區,石底,石笋尖,46-8
平溪區,石底一,,807,平溪區,石底,石笋尖,36-7
平溪區,石底一,,808,平溪區,石底,石笋尖,46-10
平溪區,石底一,,809,平溪區,石底,石笋尖,46-11
平溪區,石底一,,81,平溪區,石底,石底,72-1
平溪區,石底一,,810,平溪區,石底,石笋尖,36-8
平溪區,石底一,,811,平溪區,石底,石笋尖,46-7
平溪區,石底一,,812,平溪區,石底,石笋尖,46
平溪區,石底一,,813,平溪區,石底,石笋尖,46-3
平溪區,石底一,,814,平溪區,石底,石笋尖,46-2
平溪區,石底一,,815,平溪區,石底,石笋尖,46-4
平溪區,石底一,,816,平溪區,石底,石笋尖,36-15
平溪區,石底一,,817,平溪區,石底,石笋尖,36-16
平溪區,石底一,,818,平溪區,石底,石笋尖,44-4
平溪區,石底一,,819,平溪區,石底,石笋尖,46-1
平溪區,石底一,,82,平溪區,石底,石底,72-3
平溪區,石底一,,820,平溪區,石底,石笋尖,36
平溪區,石底一,,821,平溪區,石底,石笋尖,36-9
平溪區,石底一,,822,平溪區,石底,石笋尖,44-5
平溪區,石底一,,823,平溪區,石底,石笋尖,36-10
平溪區,石底一,,824,平溪區,石底,石笋尖,36-3
平溪區,石底一,,825,平溪區,石底,石笋尖,44
平溪區,石底一,,826,平溪區,石底,石笋尖,44-3
平溪區,石底一,,827,平溪區,石底,石笋尖,36-17
平溪區,石底一,,828,平溪區,石底,石笋尖,43
平溪區,石底一,,829,平溪區,石底,石笋尖,42
平溪區,石底一,,83,平溪區,石底,石底,72-2
平溪區,石底一,,830,平溪區,石底,石笋尖,42-1
平溪區,石底一,,831,平溪區,石底,石笋尖,42-3
平溪區,石底一,,832,平溪區,石底,石笋尖,42-2
平溪區,石底一,,833,平溪區,石底,石笋尖,44-1
平溪區,石底一,,834,平溪區,石底,石笋尖,44-6
平溪區,石底一,,835,平溪區,石底,石笋尖,44-2
平溪區,石底一,,836,平溪區,石底,冬瓜寮坑,1-11
平溪區,石底一,,837,平溪區,石底,冬瓜寮坑,1-21
平溪區,石底一,,838,平溪區,石底,冬瓜寮坑,1-25
平溪區,石底一,,839,平溪區,石底,冬瓜寮坑,1-36
平溪區,石底一,,84,平溪區,石底,石底,134-5
平溪區,石底一,,840,平溪區,石底,冬瓜寮坑,1-29
平溪區,石底一,,841,平溪區,石底,冬瓜寮坑,1-3
平溪區,石底一,,842,平溪區,石底,冬瓜寮坑,1-20
平溪區,石底一,,843,平溪區,石底,冬瓜寮坑,1-35
平溪區,石底一,,844,平溪區,石底,冬瓜寮坑,1-19
平溪區,石底一,,845,平溪區,石底,冬瓜寮坑,1-12
平溪區,石底一,,846,平溪區,石底,冬瓜寮坑,3-22
平溪區,石底一,,847,平溪區,石底,冬瓜寮坑,1-5
平溪區,石底一,,848,平溪區,石底,石底,97-1
平溪區,石底一,,849,平溪區,石底,石底,97-26
平溪區,石底一,,85,平溪區,石底,石底,134-6
平溪區,石底一,,850,平溪區,石底,石底,97-27
平溪區,石底一,,851,平溪區,石底,石底,97-32
平溪區,石底一,,852,平溪區,石底,石底,97-7
平溪區,石底一,,853,平溪區,石底,石底,97-6
平溪區,石底一,,854,平溪區,石底,石底,97-24
平溪區,石底一,,855,平溪區,石底,石底,97-34
平溪區,石底一,,856,平溪區,石底,石底,97-31
平溪區,石底一,,857,平溪區,石底,石底,97-3
平溪區,石底一,,858,平溪區,石底,冬瓜寮坑,57
平溪區,石底一,,859,平溪區,石底,冬瓜寮坑,4-5
平溪區,石底一,,86,平溪區,石底,石底,74-1
平溪區,石底一,,860,平溪區,石底,冬瓜寮坑,4-4
平溪區,石底一,,863,平溪區,石底,冬瓜寮坑,84
平溪區,石底一,,864,平溪區,石底,冬瓜寮坑,7-6
平溪區,石底一,,865,平溪區,石底,冬瓜寮坑,83
平溪區,石底一,,866,平溪區,石底,冬瓜寮坑,4-1
平溪區,石底一,,867,平溪區,石底,冬瓜寮坑,5
平溪區,石底一,,868,平溪區,石底,冬瓜寮坑,4
平溪區,石底一,,869,平溪區,石底,冬瓜寮坑,4-3
平溪區,石底一,,87,平溪區,石底,石底,74
平溪區,石底一,,870,平溪區,石底,冬瓜寮坑,4-2
平溪區,石底一,,871,平溪區,石底,冬瓜寮坑,3-30
平溪區,石底一,,872,平溪區,石底,冬瓜寮坑,3-5
平溪區,石底一,,873,平溪區,石底,冬瓜寮坑,3-14
平溪區,石底一,,874,平溪區,石底,冬瓜寮坑,3-24
平溪區,石底一,,875,平溪區,石底,冬瓜寮坑,3-25
平溪區,石底一,,876,平溪區,石底,冬瓜寮坑,3-4
平溪區,石底一,,877,平溪區,石底,冬瓜寮坑,3-11
平溪區,石底一,,878,平溪區,石底,冬瓜寮坑,3-41
平溪區,石底一,,879,平溪區,石底,冬瓜寮坑,3
平溪區,石底一,,88,平溪區,石底,石底,71-4
平溪區,石底一,,880,平溪區,石底,冬瓜寮坑,3-13
平溪區,石底一,,881,平溪區,石底,冬瓜寮坑,1
平溪區,石底一,,882,平溪區,石底,冬瓜寮坑,3-36
平溪區,石底一,,883,平溪區,石底,冬瓜寮坑,1-2
平溪區,石底一,,884,平溪區,石底,冬瓜寮坑,1-16
平溪區,石底一,,885,平溪區,石底,冬瓜寮坑,1-22
平溪區,石底一,,886,平溪區,石底,冬瓜寮坑,1-30
平溪區,石底一,,887,平溪區,石底,冬瓜寮坑,1-37
平溪區,石底一,,888,平溪區,石底,冬瓜寮坑,3-47
平溪區,石底一,,889,平溪區,石底,冬瓜寮坑,1-18
平溪區,石底一,,89,平溪區,石底,石底,75-2
平溪區,石底一,,890,平溪區,石底,冬瓜寮坑,3-43
平溪區,石底一,,891,平溪區,石底,冬瓜寮坑,3-2
平溪區,石底一,,892,平溪區,石底,冬瓜寮坑,2
平溪區,石底一,,893,平溪區,石底,冬瓜寮坑,3-26
平溪區,石底一,,894,平溪區,石底,冬瓜寮坑,56
平溪區,石底一,,895,平溪區,石底,冬瓜寮坑,3-38
平溪區,石底一,,896,平溪區,石底,冬瓜寮坑,1-15
平溪區,石底一,,897,平溪區,石底,冬瓜寮坑,3-23
平溪區,石底一,,898,平溪區,石底,冬瓜寮坑,3-39
平溪區,石底一,,899,平溪區,石底,冬瓜寮坑,3-27
平溪區,石底一,,9,平溪區,石底,石底,133-4
平溪區,石底一,,90,平溪區,石底,石底,76
平溪區,石底一,,900,平溪區,石底,冬瓜寮坑,3-40
平溪區,石底一,,901,平溪區,石底,冬瓜寮坑,3-18
平溪區,石底一,,902,平溪區,石底,冬瓜寮坑,3-19
平溪區,石底一,,903,平溪區,石底,冬瓜寮坑,3-31
平溪區,石底一,,904,平溪區,石底,冬瓜寮坑,3-45
平溪區,石底一,,905,平溪區,石底,冬瓜寮坑,3-44
平溪區,石底一,,906,平溪區,石底,冬瓜寮坑,3-34
平溪區,石底一,,907,平溪區,石底,冬瓜寮坑,3-46
平溪區,石底一,,908,平溪區,石底,冬瓜寮坑,3-35
平溪區,石底一,,909,平溪區,石底,冬瓜寮坑,3-32
平溪區,石底一,,91,平溪區,石底,石底,75-3
平溪區,石底一,,910,平溪區,石底,冬瓜寮坑,3-20
平溪區,石底一,,911,平溪區,石底,冬瓜寮坑,3-33
平溪區,石底一,,912,平溪區,石底,冬瓜寮坑,3-21
平溪區,石底一,,913,平溪區,石底,冬瓜寮坑,3-7
平溪區,石底一,,914,平溪區,石底,冬瓜寮坑,3-12
平溪區,石底一,,916,平溪區,石底,冬瓜寮坑,3-17
平溪區,石底一,,917,平溪區,石底,冬瓜寮坑,59
平溪區,石底一,,918,平溪區,石底,冬瓜寮坑,58
平溪區,石底一,,919,平溪區,石底,冬瓜寮坑,6
平溪區,石底一,,92,平溪區,石底,石底,76-1
平溪區,石底一,,920,平溪區,石底,冬瓜寮坑,3-3
平溪區,石底一,,921,平溪區,石底,冬瓜寮坑,3-6
平溪區,石底一,,923,平溪區,石底,冬瓜寮坑,82
平溪區,石底一,,924,平溪區,石底,冬瓜寮坑,20-1
平溪區,石底一,,925,平溪區,石底,冬瓜寮坑,20
平溪區,石底一,,926,平溪區,石底,冬瓜寮坑,60
平溪區,石底一,,927,平溪區,石底,冬瓜寮坑,7-7
平溪區,石底一,,928,平溪區,石底,冬瓜寮坑,7
平溪區,石底一,,929,平溪區,石底,冬瓜寮坑,7-8
平溪區,石底一,,93,平溪區,石底,石底,75-1
平溪區,石底一,,930,平溪區,石底,冬瓜寮坑,21-2
平溪區,石底一,,931,平溪區,石底,冬瓜寮坑,86-1
平溪區,石底一,,932,平溪區,石底,冬瓜寮坑,17-10
平溪區,石底一,,933,平溪區,石底,石笋尖,36-12
平溪區,石底一,,934,平溪區,石底,石笋尖,35-16
平溪區,石底一,,935,平溪區,石底,石笋尖,36-4
平溪區,石底一,,936,平溪區,石底,石笋尖,36-13
平溪區,石底一,,937,平溪區,石底,石笋尖,57-52
平溪區,石底一,,938,平溪區,石底,石底,86-26
平溪區,石底一,,939,平溪區,石底,冬瓜寮坑,22-3
平溪區,石底一,,94,平溪區,石底,石底,75
平溪區,石底一,,940,平溪區,石底,石笋尖,55-17
平溪區,石底一,,941,平溪區,石底,石笋尖,110
平溪區,石底一,,942,平溪區,石底,石笋尖,111
平溪區,石底一,,943,平溪區,石底,石笋尖,58-25
平溪區,石底一,,944,平溪區,石底,石笋尖,55-12
平溪區,石底一,,945,平溪區,石底,石底,87-13
平溪區,石底一,,946,平溪區,石底,石底,77-1
平溪區,石底一,,947,平溪區,石底,石底,97-25
平溪區,石底一,,948,平溪區,石底,石底,133-2
平溪區,石底一,,949,平溪區,石底,石底,134-9
平溪區,石底一,,95,平溪區,石底,石底,136-2
平溪區,石底一,,950,平溪區,石底,石笋尖,46-6
平溪區,石底一,,951,平溪區,石底,石底,97-18
平溪區,石底一,,952,平溪區,石底,石笋尖,57-60
平溪區,石底一,,953,平溪區,石底,石底,141-9
平溪區,石底一,,954,平溪區,石底,石笋尖,56-15
平溪區,石底一,,955,平溪區,石底,石笋尖,57-42
平溪區,石底一,,956,平溪區,石底,石笋尖,55-8
平溪區,石底一,,957,平溪區,石底,石笋尖,59-19
平溪區,石底一,,958,平溪區,石底,石笋尖,57-55
平溪區,石底一,,959,平溪區,石底,石笋尖,35-13
平溪區,石底一,,96,平溪區,石底,石底,136-3
平溪區,石底一,,960,平溪區,石底,石底,81
平溪區,石底一,,961,平溪區,石底,石底,87-26
平溪區,石底一,,962,平溪區,石底,石笋尖,57-46
平溪區,石底一,,963,平溪區,石底,石笋尖,56-26
平溪區,石底一,,964,平溪區,石底,石笋尖,57-59
平溪區,石底一,,965,平溪區,石底,石笋尖,57-144
平溪區,石底一,,966,平溪區,石底,石笋尖,25
平溪區,石底一,,967,平溪區,石底,石笋尖,58-14
平溪區,石底一,,968,平溪區,石底,石笋尖,47-3
平溪區,石底一,,969,平溪區,石底,石底,70-12
平溪區,石底一,,97,平溪區,石底,石底,77-3
平溪區,石底一,,970,平溪區,石底,石笋尖,57-18
平溪區,石底一,,98,平溪區,石底,石底,77-2
平溪區,石底一,,99,平溪區,石底,石底,77
平溪區,菁桐,,1,平溪區,石底,菁桐坑,86
平溪區,菁桐,,100,平溪區,石底,菁桐坑,12-3
平溪區,菁桐,,101,平溪區,石底,菁桐坑,12-12
平溪區,菁桐,,102,平溪區,石底,菁桐坑,12-2
平溪區,菁桐,,103,平溪區,石底,菁桐坑,12-1
平溪區,菁桐,,104,平溪區,石底,菁桐坑,12-17
平溪區,菁桐,,105,平溪區,石底,菁桐坑,12-16
平溪區,菁桐,,106,平溪區,石底,菁桐坑,54-6
平溪區,菁桐,,107,平溪區,石底,菁桐坑,54-13
平溪區,菁桐,,108,平溪區,石底,菁桐坑,54-4
平溪區,菁桐,,109,平溪區,石底,菁桐坑,54-3
平溪區,菁桐,,11,平溪區,石底,菁桐坑,60
平溪區,菁桐,,110,平溪區,石底,菁桐坑,48-7
平溪區,菁桐,,111,平溪區,石底,菁桐坑,48-6
平溪區,菁桐,,112,平溪區,石底,菁桐坑,12-13
平溪區,菁桐,,113,平溪區,石底,菁桐坑,12-14
平溪區,菁桐,,114,平溪區,石底,菁桐坑,16-2
平溪區,菁桐,,115,平溪區,石底,菁桐坑,48-5
平溪區,菁桐,,116,平溪區,石底,菁桐坑,48-8
平溪區,菁桐,,117,平溪區,石底,菁桐坑,17-1
平溪區,菁桐,,118,平溪區,石底,菁桐坑,17-5
平溪區,菁桐,,119,平溪區,石底,菁桐坑,48-51
平溪區,菁桐,,12,平溪區,石底,菁桐坑,61-6
平溪區,菁桐,,120,平溪區,石底,菁桐坑,52
平溪區,菁桐,,121,平溪區,石底,菁桐坑,48-30
平溪區,菁桐,,122,平溪區,石底,菁桐坑,52-2
平溪區,菁桐,,123,平溪區,石底,菁桐坑,52-6
平溪區,菁桐,,124,平溪區,石底,菁桐坑,52-8
平溪區,菁桐,,125,平溪區,石底,菁桐坑,52-7
平溪區,菁桐,,126,平溪區,石底,菁桐坑,52-1
平溪區,菁桐,,127,平溪區,石底,菁桐坑,53
平溪區,菁桐,,128,平溪區,石底,菁桐坑,48-19
平溪區,菁桐,,129,平溪區,石底,菁桐坑,52-4
平溪區,菁桐,,13,平溪區,石底,菁桐坑,61-13
平溪區,菁桐,,130,平溪區,石底,菁桐坑,52-5
平溪區,菁桐,,131,平溪區,石底,菁桐坑,52-3
平溪區,菁桐,,132,平溪區,石底,菁桐坑,53-1
平溪區,菁桐,,133,平溪區,石底,菁桐坑,48-52
平溪區,菁桐,,134,平溪區,石底,菁桐坑,51
平溪區,菁桐,,135,平溪區,石底,菁桐坑,51-3
平溪區,菁桐,,136,平溪區,石底,菁桐坑,51-1
平溪區,菁桐,,137,平溪區,石底,菁桐坑,50-2
平溪區,菁桐,,138,平溪區,石底,菁桐坑,51-6
平溪區,菁桐,,139,平溪區,石底,菁桐坑,51-5
平溪區,菁桐,,140,平溪區,石底,菁桐坑,51-4
平溪區,菁桐,,141,平溪區,石底,菁桐坑,51-2
平溪區,菁桐,,142,平溪區,石底,菁桐坑,50-6
平溪區,菁桐,,143,平溪區,石底,菁桐坑,48-102
平溪區,菁桐,,144,平溪區,石底,菁桐坑,50
平溪區,菁桐,,145,平溪區,石底,菁桐坑,50-5
平溪區,菁桐,,146,平溪區,石底,菁桐坑,50-9
平溪區,菁桐,,147,平溪區,石底,菁桐坑,50-1
平溪區,菁桐,,148,平溪區,石底,菁桐坑,48-17
平溪區,菁桐,,149,平溪區,石底,菁桐坑,46-11
平溪區,菁桐,,15,平溪區,石底,菁桐坑,59-3
平溪區,菁桐,,150,平溪區,石底,菁桐坑,47
平溪區,菁桐,,151,平溪區,石底,菁桐坑,48-105
平溪區,菁桐,,152,平溪區,石底,菁桐坑,50-7
平溪區,菁桐,,153,平溪區,石底,菁桐坑,50-8
平溪區,菁桐,,154,平溪區,石底,菁桐坑,50-3
平溪區,菁桐,,155,平溪區,石底,菁桐坑,50-4
平溪區,菁桐,,156,平溪區,石底,菁桐坑,48-106
平溪區,菁桐,,157,平溪區,石底,菁桐坑,48-23
平溪區,菁桐,,158,平溪區,石底,菁桐坑,48-50
平溪區,菁桐,,159,平溪區,石底,菁桐坑,48-71
平溪區,菁桐,,16,平溪區,石底,菁桐坑,59-17
平溪區,菁桐,,160,平溪區,石底,菁桐坑,48-4
平溪區,菁桐,,161,平溪區,石底,菁桐坑,48-29
平溪區,菁桐,,162,平溪區,石底,菁桐坑,48-49
平溪區,菁桐,,163,平溪區,石底,菁桐坑,48-84
平溪區,菁桐,,164,平溪區,石底,菁桐坑,48-46
平溪區,菁桐,,165,平溪區,石底,菁桐坑,48-80
平溪區,菁桐,,166,平溪區,石底,菁桐坑,48-81
平溪區,菁桐,,167,平溪區,石底,菁桐坑,48-82
平溪區,菁桐,,168,平溪區,石底,菁桐坑,48-9
平溪區,菁桐,,169,平溪區,石底,菁桐坑,48-22
平溪區,菁桐,,17,平溪區,石底,菁桐坑,65-1
平溪區,菁桐,,170,平溪區,石底,菁桐坑,48-83
平溪區,菁桐,,171,平溪區,石底,菁桐坑,48-45
平溪區,菁桐,,172,平溪區,石底,菁桐坑,48-31
平溪區,菁桐,,173,平溪區,石底,菁桐坑,48-42
平溪區,菁桐,,174,平溪區,石底,菁桐坑,48-41
平溪區,菁桐,,175,平溪區,石底,菁桐坑,48-90
平溪區,菁桐,,176,平溪區,石底,菁桐坑,48-32
平溪區,菁桐,,177,平溪區,石底,菁桐坑,48-43
平溪區,菁桐,,178,平溪區,石底,菁桐坑,48-3
平溪區,菁桐,,179,平溪區,石底,菁桐坑,48-44
平溪區,菁桐,,18,平溪區,石底,菁桐坑,65
平溪區,菁桐,,180,平溪區,石底,菁桐坑,48-39
平溪區,菁桐,,181,平溪區,石底,菁桐坑,48-33
平溪區,菁桐,,182,平溪區,石底,菁桐坑,48-28
平溪區,菁桐,,183,平溪區,石底,菁桐坑,48-40
平溪區,菁桐,,184,平溪區,石底,菁桐坑,48-70
平溪區,菁桐,,185,平溪區,石底,菁桐坑,48-1
平溪區,菁桐,,186,平溪區,石底,菁桐坑,48-47
平溪區,菁桐,,187,平溪區,石底,菁桐坑,48-72
平溪區,菁桐,,188,平溪區,石底,菁桐坑,48-78
平溪區,菁桐,,189,平溪區,石底,菁桐坑,48-73
平溪區,菁桐,,19,平溪區,石底,菁桐坑,90
平溪區,菁桐,,190,平溪區,石底,菁桐坑,48-48
平溪區,菁桐,,191,平溪區,石底,菁桐坑,48-89
平溪區,菁桐,,192,平溪區,石底,菁桐坑,48-98
平溪區,菁桐,,193,平溪區,石底,菁桐坑,48-118
平溪區,菁桐,,194,平溪區,石底,菁桐坑,48-99
平溪區,菁桐,,195,平溪區,石底,菁桐坑,48-54
平溪區,菁桐,,196,平溪區,石底,菁桐坑,48-53
平溪區,菁桐,,197,平溪區,石底,菁桐坑,48-34
平溪區,菁桐,,198,平溪區,石底,菁桐坑,48-35
平溪區,菁桐,,199,平溪區,石底,菁桐坑,48-100
平溪區,菁桐,,2,平溪區,石底,菁桐坑,61-4
平溪區,菁桐,,20,平溪區,石底,菁桐坑,59-53
平溪區,菁桐,,200,平溪區,石底,菁桐坑,48-2
平溪區,菁桐,,201,平溪區,石底,菁桐坑,48-57
平溪區,菁桐,,202,平溪區,石底,菁桐坑,48-56
平溪區,菁桐,,203,平溪區,石底,菁桐坑,48-75
平溪區,菁桐,,204,平溪區,石底,菁桐坑,48-74
平溪區,菁桐,,205,平溪區,石底,菁桐坑,48-93
平溪區,菁桐,,206,平溪區,石底,菁桐坑,48-94
平溪區,菁桐,,207,平溪區,石底,菁桐坑,48-10
平溪區,菁桐,,208,平溪區,石底,菁桐坑,48-77
平溪區,菁桐,,209,平溪區,石底,菁桐坑,48-55
平溪區,菁桐,,21,平溪區,石底,菁桐坑,59-13
平溪區,菁桐,,210,平溪區,石底,菁桐坑,48-87
平溪區,菁桐,,211,平溪區,石底,菁桐坑,48-95
平溪區,菁桐,,212,平溪區,石底,菁桐坑,48-96
平溪區,菁桐,,213,平溪區,石底,菁桐坑,48-117
平溪區,菁桐,,214,平溪區,石底,菁桐坑,48-97
平溪區,菁桐,,215,平溪區,石底,菁桐坑,48-37
平溪區,菁桐,,216,平溪區,石底,菁桐坑,48-92
平溪區,菁桐,,217,平溪區,石底,菁桐坑,48-38
平溪區,菁桐,,218,平溪區,石底,菁桐坑,48-111
平溪區,菁桐,,219,平溪區,石底,菁桐坑,48-69
平溪區,菁桐,,22,平溪區,石底,菁桐坑,61-16
平溪區,菁桐,,220,平溪區,石底,菁桐坑,48-36
平溪區,菁桐,,221,平溪區,石底,菁桐坑,48-112
平溪區,菁桐,,222,平溪區,石底,菁桐坑,48-110
平溪區,菁桐,,223,平溪區,石底,菁桐坑,48-66
平溪區,菁桐,,224,平溪區,石底,菁桐坑,82-1
平溪區,菁桐,,225,平溪區,石底,菁桐坑,12-7
平溪區,菁桐,,226,平溪區,石底,菁桐坑,10-1
平溪區,菁桐,,227,平溪區,石底,菁桐坑,16-3
平溪區,菁桐,,228,平溪區,石底,菁桐坑,16-1
平溪區,菁桐,,229,平溪區,石底,菁桐坑,16
平溪區,菁桐,,23,平溪區,石底,菁桐坑,61-40
平溪區,菁桐,,230,平溪區,石底,菁桐坑,16-4
平溪區,菁桐,,231,平溪區,石底,菁桐坑,10-5
平溪區,菁桐,,232,平溪區,石底,菁桐坑,11
平溪區,菁桐,,233,平溪區,石底,菁桐坑,11-1
平溪區,菁桐,,234,平溪區,石底,菁桐坑,10-3
平溪區,菁桐,,235,平溪區,石底,菁桐坑,10-4
平溪區,菁桐,,236,平溪區,石底,菁桐坑,10
平溪區,菁桐,,237,平溪區,石底,菁桐坑,84
平溪區,菁桐,,238,平溪區,石底,菁桐坑,10-2
平溪區,菁桐,,239,平溪區,石底,菁桐坑,8-3
平溪區,菁桐,,24,平溪區,石底,菁桐坑,59-14
平溪區,菁桐,,240,平溪區,石底,菁桐坑,8-4
平溪區,菁桐,,241,平溪區,石底,菁桐坑,9
平溪區,菁桐,,242,平溪區,石底,菁桐坑,9-1
平溪區,菁桐,,243,平溪區,石底,菁桐坑,11-5
平溪區,菁桐,,244,平溪區,石底,菁桐坑,11-9
平溪區,菁桐,,245,平溪區,石底,菁桐坑,11-17
平溪區,菁桐,,246,平溪區,石底,菁桐坑,11-10
平溪區,菁桐,,247,平溪區,石底,菁桐坑,10-6
平溪區,菁桐,,248,平溪區,石底,菁桐坑,11-11
平溪區,菁桐,,249,平溪區,石底,菁桐坑,17
平溪區,菁桐,,25,平溪區,石底,菁桐坑,61-41
平溪區,菁桐,,250,平溪區,石底,菁桐坑,18-1
平溪區,菁桐,,251,平溪區,石底,菁桐坑,18
平溪區,菁桐,,252,平溪區,石底,菁桐坑,11-14
平溪區,菁桐,,253,平溪區,石底,菁桐坑,18-2
平溪區,菁桐,,254,平溪區,石底,菁桐坑,11-7
平溪區,菁桐,,255,平溪區,石底,菁桐坑,11-6
平溪區,菁桐,,256,平溪區,石底,菁桐坑,11-12
平溪區,菁桐,,257,平溪區,石底,菁桐坑,11-13
平溪區,菁桐,,258,平溪區,石底,菁桐坑,11-8
平溪區,菁桐,,259,平溪區,石底,菁桐坑,11-2
平溪區,菁桐,,26,平溪區,石底,菁桐坑,59-23
平溪區,菁桐,,260,平溪區,石底,菁桐坑,11-15
平溪區,菁桐,,261,平溪區,石底,菁桐坑,17-4
平溪區,菁桐,,262,平溪區,石底,菁桐坑,17-13
平溪區,菁桐,,263,平溪區,石底,菁桐坑,17-12
平溪區,菁桐,,264,平溪區,石底,菁桐坑,17-2
平溪區,菁桐,,265,平溪區,石底,菁桐坑,11-16
平溪區,菁桐,,266,平溪區,石底,菁桐坑,24-7
平溪區,菁桐,,267,平溪區,石底,菁桐坑,11-18
平溪區,菁桐,,268,平溪區,石底,菁桐坑,24-11
平溪區,菁桐,,269,平溪區,石底,菁桐坑,24
平溪區,菁桐,,27,平溪區,石底,菁桐坑,61-17
平溪區,菁桐,,270,平溪區,石底,菁桐坑,74
平溪區,菁桐,,271,平溪區,石底,菁桐坑,26-2
平溪區,菁桐,,272,平溪區,石底,菁桐坑,26
平溪區,菁桐,,273,平溪區,石底,菁桐坑,73
平溪區,菁桐,,274,平溪區,石底,菁桐坑,24-1
平溪區,菁桐,,275,平溪區,石底,菁桐坑,24-2
平溪區,菁桐,,276,平溪區,石底,菁桐坑,24-9
平溪區,菁桐,,277,平溪區,石底,菁桐坑,24-10
平溪區,菁桐,,278,平溪區,石底,菁桐坑,43-35
平溪區,菁桐,,279,平溪區,石底,菁桐坑,43-59
平溪區,菁桐,,28,平溪區,石底,菁桐坑,61-39
平溪區,菁桐,,280,平溪區,石底,菁桐坑,11-4
平溪區,菁桐,,281,平溪區,石底,菁桐坑,11-3
平溪區,菁桐,,282,平溪區,石底,菁桐坑,43-58
平溪區,菁桐,,283,平溪區,石底,菁桐坑,17-9
平溪區,菁桐,,284,平溪區,石底,菁桐坑,17-8
平溪區,菁桐,,285,平溪區,石底,菁桐坑,17-14
平溪區,菁桐,,286,平溪區,石底,菁桐坑,43-57
平溪區,菁桐,,287,平溪區,石底,菁桐坑,43-56
平溪區,菁桐,,288,平溪區,石底,菁桐坑,43-83
平溪區,菁桐,,289,平溪區,石底,菁桐坑,43-82
平溪區,菁桐,,29,平溪區,石底,菁桐坑,85
平溪區,菁桐,,290,平溪區,石底,菁桐坑,17-6
平溪區,菁桐,,291,平溪區,石底,菁桐坑,17-3
平溪區,菁桐,,292,平溪區,石底,菁桐坑,17-10
平溪區,菁桐,,293,平溪區,石底,菁桐坑,43-60
平溪區,菁桐,,294,平溪區,石底,菁桐坑,43-84
平溪區,菁桐,,295,平溪區,石底,菁桐坑,43-55
平溪區,菁桐,,296,平溪區,石底,菁桐坑,43-39
平溪區,菁桐,,297,平溪區,石底,菁桐坑,43-92
平溪區,菁桐,,298,平溪區,石底,菁桐坑,43-16
平溪區,菁桐,,299,平溪區,石底,菁桐坑,43-4
平溪區,菁桐,,3,平溪區,石底,菁桐坑,61-5
平溪區,菁桐,,30,平溪區,石底,菁桐坑,55-5
平溪區,菁桐,,300,平溪區,石底,菁桐坑,43-15
平溪區,菁桐,,301,平溪區,石底,菁桐坑,43-13
平溪區,菁桐,,302,平溪區,石底,菁桐坑,43-3
平溪區,菁桐,,303,平溪區,石底,菁桐坑,43-14
平溪區,菁桐,,304,平溪區,石底,菁桐坑,43-5
平溪區,菁桐,,305,平溪區,石底,菁桐坑,43-17
平溪區,菁桐,,306,平溪區,石底,菁桐坑,43-40
平溪區,菁桐,,307,平溪區,石底,菁桐坑,43-53
平溪區,菁桐,,308,平溪區,石底,菁桐坑,43-51
平溪區,菁桐,,309,平溪區,石底,菁桐坑,43-54
平溪區,菁桐,,31,平溪區,石底,菁桐坑,55-10
平溪區,菁桐,,310,平溪區,石底,菁桐坑,43-42
平溪區,菁桐,,311,平溪區,石底,菁桐坑,43-86
平溪區,菁桐,,312,平溪區,石底,菁桐坑,43-64
平溪區,菁桐,,313,平溪區,石底,菁桐坑,43-93
平溪區,菁桐,,314,平溪區,石底,菁桐坑,43-63
平溪區,菁桐,,315,平溪區,石底,菁桐坑,43-65
平溪區,菁桐,,316,平溪區,石底,菁桐坑,43-85
平溪區,菁桐,,317,平溪區,石底,菁桐坑,43-91
平溪區,菁桐,,318,平溪區,石底,菁桐坑,43-50
平溪區,菁桐,,319,平溪區,石底,菁桐坑,43-41
平溪區,菁桐,,32,平溪區,石底,菁桐坑,55-19
平溪區,菁桐,,320,平溪區,石底,菁桐坑,43-52
平溪區,菁桐,,321,平溪區,石底,菁桐坑,43-43
平溪區,菁桐,,322,平溪區,石底,菁桐坑,43-44
平溪區,菁桐,,323,平溪區,石底,菁桐坑,43-2
平溪區,菁桐,,324,平溪區,石底,菁桐坑,89
平溪區,菁桐,,325,平溪區,石底,菁桐坑,35-1
平溪區,菁桐,,326,平溪區,石底,菁桐坑,35-2
平溪區,菁桐,,327,平溪區,石底,菁桐坑,35-16
平溪區,菁桐,,328,平溪區,石底,菁桐坑,35-17
平溪區,菁桐,,329,平溪區,石底,菁桐坑,35-18
平溪區,菁桐,,33,平溪區,石底,菁桐坑,55-7
平溪區,菁桐,,330,平溪區,石底,菁桐坑,35-19
平溪區,菁桐,,331,平溪區,石底,菁桐坑,35-9
平溪區,菁桐,,332,平溪區,石底,菁桐坑,35-3
平溪區,菁桐,,333,平溪區,石底,菁桐坑,89-2
平溪區,菁桐,,334,平溪區,石底,菁桐坑,35-12
平溪區,菁桐,,335,平溪區,石底,菁桐坑,17-7
平溪區,菁桐,,336,平溪區,石底,菁桐坑,17-11
平溪區,菁桐,,337,平溪區,石底,菁桐坑,39-2
平溪區,菁桐,,338,平溪區,石底,菁桐坑,39-5
平溪區,菁桐,,339,平溪區,石底,菁桐坑,39-3
平溪區,菁桐,,34,平溪區,石底,菁桐坑,55-11
平溪區,菁桐,,340,平溪區,石底,菁桐坑,36-6
平溪區,菁桐,,341,平溪區,石底,菁桐坑,36-7
平溪區,菁桐,,342,平溪區,石底,菁桐坑,36-10
平溪區,菁桐,,343,平溪區,石底,菁桐坑,36-13
平溪區,菁桐,,344,平溪區,石底,菁桐坑,36-9
平溪區,菁桐,,345,平溪區,石底,菁桐坑,39-1
平溪區,菁桐,,346,平溪區,石底,菁桐坑,36-11
平溪區,菁桐,,347,平溪區,石底,菁桐坑,36-12
平溪區,菁桐,,348,平溪區,石底,菁桐坑,36-3
平溪區,菁桐,,349,平溪區,石底,菁桐坑,36
平溪區,菁桐,,35,平溪區,石底,菁桐坑,55-6
平溪區,菁桐,,350,平溪區,石底,菁桐坑,36-2
平溪區,菁桐,,351,平溪區,石底,菁桐坑,36-4
平溪區,菁桐,,352,平溪區,石底,菁桐坑,38-20
平溪區,菁桐,,353,平溪區,石底,菁桐坑,38-16
平溪區,菁桐,,354,平溪區,石底,菁桐坑,36-1
平溪區,菁桐,,355,平溪區,石底,菁桐坑,36-14
平溪區,菁桐,,356,平溪區,石底,菁桐坑,36-5
平溪區,菁桐,,357,平溪區,石底,菁桐坑,39
平溪區,菁桐,,358,平溪區,石底,菁桐坑,39-4
平溪區,菁桐,,359,平溪區,石底,菁桐坑,38-2
平溪區,菁桐,,36,平溪區,石底,菁桐坑,55-12
平溪區,菁桐,,360,平溪區,石底,菁桐坑,38-6
平溪區,菁桐,,361,平溪區,石底,菁桐坑,38-5
平溪區,菁桐,,362,平溪區,石底,菁桐坑,38-9
平溪區,菁桐,,363,平溪區,石底,菁桐坑,38-7
平溪區,菁桐,,364,平溪區,石底,菁桐坑,38-8
平溪區,菁桐,,365,平溪區,石底,菁桐坑,38-10
平溪區,菁桐,,366,平溪區,石底,菁桐坑,38-3
平溪區,菁桐,,367,平溪區,石底,菁桐坑,38-30
平溪區,菁桐,,368,平溪區,石底,菁桐坑,38-31
平溪區,菁桐,,369,平溪區,石底,菁桐坑,38-4
平溪區,菁桐,,37,平溪區,石底,菁桐坑,55-13
平溪區,菁桐,,370,平溪區,石底,菁桐坑,38-32
平溪區,菁桐,,371,平溪區,石底,菁桐坑,38-24
平溪區,菁桐,,372,平溪區,石底,菁桐坑,38-23
平溪區,菁桐,,373,平溪區,石底,菁桐坑,38-33
平溪區,菁桐,,374,平溪區,石底,菁桐坑,38-11
平溪區,菁桐,,375,平溪區,石底,菁桐坑,38-22
平溪區,菁桐,,376,平溪區,石底,菁桐坑,43-31
平溪區,菁桐,,377,平溪區,石底,菁桐坑,36-8
平溪區,菁桐,,378,平溪區,石底,菁桐坑,38-13
平溪區,菁桐,,379,平溪區,石底,菁桐坑,38-40
平溪區,菁桐,,38,平溪區,石底,菁桐坑,55-4
平溪區,菁桐,,380,平溪區,石底,菁桐坑,38-39
平溪區,菁桐,,381,平溪區,石底,菁桐坑,38-18
平溪區,菁桐,,382,平溪區,石底,菁桐坑,38-1
平溪區,菁桐,,383,平溪區,石底,菁桐坑,38-21
平溪區,菁桐,,384,平溪區,石底,菁桐坑,38-19
平溪區,菁桐,,385,平溪區,石底,菁桐坑,38-29
平溪區,菁桐,,386,平溪區,石底,菁桐坑,38-25
平溪區,菁桐,,387,平溪區,石底,菁桐坑,38-26
平溪區,菁桐,,388,平溪區,石底,菁桐坑,38-27
平溪區,菁桐,,389,平溪區,石底,菁桐坑,38-14
平溪區,菁桐,,39,平溪區,石底,菁桐坑,61-42
平溪區,菁桐,,390,平溪區,石底,菁桐坑,38-36
平溪區,菁桐,,391,平溪區,石底,菁桐坑,38-38
平溪區,菁桐,,392,平溪區,石底,菁桐坑,38-37
平溪區,菁桐,,393,平溪區,石底,菁桐坑,38-15
平溪區,菁桐,,394,平溪區,石底,菁桐坑,38-17
平溪區,菁桐,,395,平溪區,石底,菁桐坑,38-28
平溪區,菁桐,,396,平溪區,石底,菁桐坑,38-12
平溪區,菁桐,,397,平溪區,石底,菁桐坑,38-41
平溪區,菁桐,,398,平溪區,石底,菁桐坑,38-34
平溪區,菁桐,,399,平溪區,石底,菁桐坑,40
平溪區,菁桐,,4,平溪區,石底,菁桐坑,61-19
平溪區,菁桐,,40,平溪區,石底,菁桐坑,61-43
平溪區,菁桐,,400,平溪區,石底,菁桐坑,41-1
平溪區,菁桐,,401,平溪區,石底,菁桐坑,41
平溪區,菁桐,,402,平溪區,石底,菁桐坑,43-61
平溪區,菁桐,,403,平溪區,石底,菁桐坑,43-66
平溪區,菁桐,,404,平溪區,石底,菁桐坑,94
平溪區,菁桐,,405,平溪區,石底,菁桐坑,95
平溪區,菁桐,,406,平溪區,石底,菁桐坑,43-10
平溪區,菁桐,,407,平溪區,石底,菁桐坑,38-35
平溪區,菁桐,,408,平溪區,石底,菁桐坑,43-7
平溪區,菁桐,,409,平溪區,石底,菁桐坑,43-1
平溪區,菁桐,,41,平溪區,石底,菁桐坑,55-1
平溪區,菁桐,,410,平溪區,石底,菁桐坑,43-24
平溪區,菁桐,,411,平溪區,石底,菁桐坑,43-8
平溪區,菁桐,,412,平溪區,石底,菁桐坑,43-36
平溪區,菁桐,,413,平溪區,石底,菁桐坑,43-25
平溪區,菁桐,,414,平溪區,石底,菁桐坑,43-67
平溪區,菁桐,,415,平溪區,石底,菁桐坑,43-12
平溪區,菁桐,,416,平溪區,石底,菁桐坑,43-37
平溪區,菁桐,,417,平溪區,石底,菁桐坑,43-11
平溪區,菁桐,,418,平溪區,石底,菁桐坑,43-71
平溪區,菁桐,,419,平溪區,石底,菁桐坑,43-23
平溪區,菁桐,,42,平溪區,石底,菁桐坑,55-20
平溪區,菁桐,,420,平溪區,石底,菁桐坑,43-9
平溪區,菁桐,,421,平溪區,石底,菁桐坑,43-70
平溪區,菁桐,,422,平溪區,石底,菁桐坑,43-69
平溪區,菁桐,,423,平溪區,石底,菁桐坑,43-38
平溪區,菁桐,,424,平溪區,石底,菁桐坑,43-68
平溪區,菁桐,,425,平溪區,石底,菁桐坑,43-21
平溪區,菁桐,,426,平溪區,石底,菁桐坑,43-33
平溪區,菁桐,,427,平溪區,石底,菁桐坑,43-32
平溪區,菁桐,,428,平溪區,石底,菁桐坑,43-22
平溪區,菁桐,,429,平溪區,石底,菁桐坑,43-19
平溪區,菁桐,,43,平溪區,石底,菁桐坑,55-17
平溪區,菁桐,,430,平溪區,石底,菁桐坑,43-18
平溪區,菁桐,,431,平溪區,石底,菁桐坑,43-62
平溪區,菁桐,,432,平溪區,石底,菁桐坑,43-29
平溪區,菁桐,,433,平溪區,石底,菁桐坑,43-75
平溪區,菁桐,,434,平溪區,石底,菁桐坑,43-26
平溪區,菁桐,,435,平溪區,石底,菁桐坑,43-74
平溪區,菁桐,,436,平溪區,石底,菁桐坑,43-20
平溪區,菁桐,,437,平溪區,石底,菁桐坑,43-34
平溪區,菁桐,,438,平溪區,石底,菁桐坑,43
平溪區,菁桐,,439,平溪區,石底,菁桐坑,43-72
平溪區,菁桐,,44,平溪區,石底,菁桐坑,61-44
平溪區,菁桐,,440,平溪區,石底,菁桐坑,43-76
平溪區,菁桐,,441,平溪區,石底,菁桐坑,43-27
平溪區,菁桐,,442,平溪區,石底,菁桐坑,43-30
平溪區,菁桐,,443,平溪區,石底,菁桐坑,43-73
平溪區,菁桐,,444,平溪區,石底,菁桐坑,43-46
平溪區,菁桐,,445,平溪區,石底,菁桐坑,43-28
平溪區,菁桐,,446,平溪區,石底,菁桐坑,43-87
平溪區,菁桐,,447,平溪區,石底,菁桐坑,43-77
平溪區,菁桐,,448,平溪區,石底,菁桐坑,43-6
平溪區,菁桐,,449,平溪區,石底,菁桐坑,43-79
平溪區,菁桐,,45,平溪區,石底,菁桐坑,55-14
平溪區,菁桐,,450,平溪區,石底,菁桐坑,42-1
平溪區,菁桐,,451,平溪區,石底,菁桐坑,43-81
平溪區,菁桐,,452,平溪區,石底,菁桐坑,43-78
平溪區,菁桐,,453,平溪區,石底,菁桐坑,42
平溪區,菁桐,,454,平溪區,石底,菁桐坑,42-2
平溪區,菁桐,,455,平溪區,石底,菁桐坑,43-80
平溪區,菁桐,,456,平溪區,石底,菁桐坑,43-47
平溪區,菁桐,,457,平溪區,石底,菁桐坑,43-89
平溪區,菁桐,,458,平溪區,石底,菁桐坑,44-12
平溪區,菁桐,,459,平溪區,石底,菁桐坑,44-2
平溪區,菁桐,,46,平溪區,石底,菁桐坑,55-21
平溪區,菁桐,,460,平溪區,石底,菁桐坑,44-3
平溪區,菁桐,,461,平溪區,石底,菁桐坑,43-90
平溪區,菁桐,,462,平溪區,石底,菁桐坑,43-48
平溪區,菁桐,,463,平溪區,石底,菁桐坑,44-8
平溪區,菁桐,,464,平溪區,石底,菁桐坑,44-10
平溪區,菁桐,,465,平溪區,石底,菁桐坑,44
平溪區,菁桐,,466,平溪區,石底,菁桐坑,44-1
平溪區,菁桐,,467,平溪區,石底,菁桐坑,43-49
平溪區,菁桐,,468,平溪區,石底,菁桐坑,44-4
平溪區,菁桐,,469,平溪區,石底,菁桐坑,44-7
平溪區,菁桐,,47,平溪區,石底,菁桐坑,55-22
平溪區,菁桐,,470,平溪區,石底,菁桐坑,44-9
平溪區,菁桐,,471,平溪區,石底,菁桐坑,44-11
平溪區,菁桐,,472,平溪區,石底,菁桐坑,43-88
平溪區,菁桐,,473,平溪區,石底,菁桐坑,44-5
平溪區,菁桐,,474,平溪區,石底,菁桐坑,44-6
平溪區,菁桐,,475,平溪區,石底,菁桐坑,43-45
平溪區,菁桐,,476,平溪區,石底,菁桐坑,48-91
平溪區,菁桐,,477,平溪區,石底,菁桐坑,48-88
平溪區,菁桐,,478,平溪區,石底,菁桐坑,48-60
平溪區,菁桐,,479,平溪區,石底,菁桐坑,48-86
平溪區,菁桐,,48,平溪區,石底,菁桐坑,55
平溪區,菁桐,,480,平溪區,石底,菁桐坑,48-58
平溪區,菁桐,,481,平溪區,石底,菁桐坑,48-59
平溪區,菁桐,,482,平溪區,石底,菁桐坑,48-27
平溪區,菁桐,,483,平溪區,石底,菁桐坑,48-26
平溪區,菁桐,,484,平溪區,石底,菁桐坑,48-61
平溪區,菁桐,,485,平溪區,石底,菁桐坑,48-20
平溪區,菁桐,,486,平溪區,石底,菁桐坑,48-62
平溪區,菁桐,,487,平溪區,石底,菁桐坑,48-25
平溪區,菁桐,,488,平溪區,石底,菁桐坑,48-24
平溪區,菁桐,,489,平溪區,石底,菁桐坑,48-109
平溪區,菁桐,,49,平溪區,石底,菁桐坑,61-28
平溪區,菁桐,,490,平溪區,石底,菁桐坑,48-68
平溪區,菁桐,,491,平溪區,石底,菁桐坑,48-67
平溪區,菁桐,,492,平溪區,石底,菁桐坑,48-21
平溪區,菁桐,,493,平溪區,石底,菁桐坑,45-5
平溪區,菁桐,,494,平溪區,石底,菁桐坑,48-85
平溪區,菁桐,,495,平溪區,石底,菁桐坑,48-64
平溪區,菁桐,,496,平溪區,石底,菁桐坑,87
平溪區,菁桐,,497,平溪區,石底,菁桐坑,45-3
平溪區,菁桐,,498,平溪區,石底,菁桐坑,48-63
平溪區,菁桐,,499,平溪區,石底,菁桐坑,48-116
平溪區,菁桐,,5,平溪區,石底,菁桐坑,77
平溪區,菁桐,,50,平溪區,石底,菁桐坑,61-18
平溪區,菁桐,,500,平溪區,石底,菁桐坑,45-8
平溪區,菁桐,,501,平溪區,石底,菁桐坑,48-115
平溪區,菁桐,,502,平溪區,石底,菁桐坑,45-7
平溪區,菁桐,,503,平溪區,石底,菁桐坑,45-6
平溪區,菁桐,,504,平溪區,石底,菁桐坑,45
平溪區,菁桐,,505,平溪區,石底,菁桐坑,45-4
平溪區,菁桐,,506,平溪區,石底,菁桐坑,45-1
平溪區,菁桐,,507,平溪區,石底,菁桐坑,45-2
平溪區,菁桐,,508,平溪區,石底,菁桐坑,56
平溪區,菁桐,,509,平溪區,石底,菁桐坑,56-11
平溪區,菁桐,,51,平溪區,石底,菁桐坑,57-7
平溪區,菁桐,,510,平溪區,石底,菁桐坑,56-35
平溪區,菁桐,,511,平溪區,石底,菁桐坑,56-12
平溪區,菁桐,,512,平溪區,石底,菁桐坑,56-9
平溪區,菁桐,,513,平溪區,石底,菁桐坑,56-36
平溪區,菁桐,,514,平溪區,石底,菁桐坑,56-39
平溪區,菁桐,,515,平溪區,石底,菁桐坑,56-34
平溪區,菁桐,,516,平溪區,石底,菁桐坑,56-37
平溪區,菁桐,,517,平溪區,石底,菁桐坑,56-20
平溪區,菁桐,,518,平溪區,石底,菁桐坑,56-33
平溪區,菁桐,,519,平溪區,石底,菁桐坑,56-13
平溪區,菁桐,,52,平溪區,石底,菁桐坑,57-5
平溪區,菁桐,,520,平溪區,石底,菁桐坑,47-3
平溪區,菁桐,,521,平溪區,石底,菁桐坑,47-4
平溪區,菁桐,,522,平溪區,石底,菁桐坑,47-1
平溪區,菁桐,,523,平溪區,石底,菁桐坑,47-2
平溪區,菁桐,,524,平溪區,石底,菁桐坑,56-50
平溪區,菁桐,,525,平溪區,石底,菁桐坑,46-29
平溪區,菁桐,,526,平溪區,石底,菁桐坑,46-30
平溪區,菁桐,,527,平溪區,石底,菁桐坑,46-21
平溪區,菁桐,,528,平溪區,石底,菁桐坑,46-36
平溪區,菁桐,,529,平溪區,石底,菁桐坑,46-6
平溪區,菁桐,,53,平溪區,石底,菁桐坑,57-19
平溪區,菁桐,,530,平溪區,石底,菁桐坑,56-21
平溪區,菁桐,,531,平溪區,石底,菁桐坑,56-3
平溪區,菁桐,,532,平溪區,石底,菁桐坑,48-65
平溪區,菁桐,,533,平溪區,石底,菁桐坑,48-11
平溪區,菁桐,,534,平溪區,石底,菁桐坑,56-10
平溪區,菁桐,,535,平溪區,石底,菁桐坑,46-32
平溪區,菁桐,,536,平溪區,石底,菁桐坑,46-13
平溪區,菁桐,,537,平溪區,石底,菁桐坑,46-25
平溪區,菁桐,,538,平溪區,石底,菁桐坑,48-108
平溪區,菁桐,,539,平溪區,石底,菁桐坑,46-20
平溪區,菁桐,,54,平溪區,石底,菁桐坑,57-6
平溪區,菁桐,,540,平溪區,石底,菁桐坑,46-12
平溪區,菁桐,,541,平溪區,石底,菁桐坑,46-35
平溪區,菁桐,,542,平溪區,石底,菁桐坑,46-37
平溪區,菁桐,,543,平溪區,石底,菁桐坑,46-28
平溪區,菁桐,,544,平溪區,石底,菁桐坑,46-31
平溪區,菁桐,,545,平溪區,石底,菁桐坑,46-19
平溪區,菁桐,,546,平溪區,石底,菁桐坑,46-34
平溪區,菁桐,,547,平溪區,石底,菁桐坑,46-18
平溪區,菁桐,,548,平溪區,石底,菁桐坑,46-15
平溪區,菁桐,,549,平溪區,石底,菁桐坑,46-33
平溪區,菁桐,,55,平溪區,石底,菁桐坑,57-21
平溪區,菁桐,,550,平溪區,石底,菁桐坑,46-14
平溪區,菁桐,,551,平溪區,石底,菁桐坑,46-16
平溪區,菁桐,,552,平溪區,石底,菁桐坑,46-17
平溪區,菁桐,,554,平溪區,石底,菁桐坑,56-32
平溪區,菁桐,,555,平溪區,石底,菁桐坑,56-53
平溪區,菁桐,,556,平溪區,石底,菁桐坑,56-7
平溪區,菁桐,,557,平溪區,石底,菁桐坑,56-23
平溪區,菁桐,,558,平溪區,石底,菁桐坑,46-22
平溪區,菁桐,,559,平溪區,石底,菁桐坑,46-23
平溪區,菁桐,,56,平溪區,石底,菁桐坑,55-2
平溪區,菁桐,,560,平溪區,石底,菁桐坑,46-2
平溪區,菁桐,,561,平溪區,石底,菁桐坑,56-52
平溪區,菁桐,,562,平溪區,石底,菁桐坑,56-51
平溪區,菁桐,,563,平溪區,石底,菁桐坑,56-29
平溪區,菁桐,,564,平溪區,石底,菁桐坑,56-22
平溪區,菁桐,,565,平溪區,石底,菁桐坑,56-47
平溪區,菁桐,,566,平溪區,石底,菁桐坑,56-46
平溪區,菁桐,,567,平溪區,石底,菁桐坑,56-14
平溪區,菁桐,,568,平溪區,石底,菁桐坑,56-42
平溪區,菁桐,,569,平溪區,石底,菁桐坑,56-31
平溪區,菁桐,,57,平溪區,石底,菁桐坑,55-8
平溪區,菁桐,,570,平溪區,石底,菁桐坑,56-30
平溪區,菁桐,,571,平溪區,石底,菁桐坑,46-38
平溪區,菁桐,,572,平溪區,石底,菁桐坑,46
平溪區,菁桐,,573,平溪區,石底,菁桐坑,46-7
平溪區,菁桐,,574,平溪區,石底,菁桐坑,46-3
平溪區,菁桐,,575,平溪區,石底,菁桐坑,46-4
平溪區,菁桐,,576,平溪區,石底,菁桐坑,46-42
平溪區,菁桐,,577,平溪區,石底,菁桐坑,46-39
平溪區,菁桐,,578,平溪區,石底,菁桐坑,56-58
平溪區,菁桐,,579,平溪區,石底,菁桐坑,56-57
平溪區,菁桐,,58,平溪區,石底,菁桐坑,55-23
平溪區,菁桐,,580,平溪區,石底,菁桐坑,56-63
平溪區,菁桐,,581,平溪區,石底,菁桐坑,56-24
平溪區,菁桐,,582,平溪區,石底,菁桐坑,56-61
平溪區,菁桐,,583,平溪區,石底,菁桐坑,56-62
平溪區,菁桐,,584,平溪區,石底,菁桐坑,56-56
平溪區,菁桐,,585,平溪區,石底,菁桐坑,46-40
平溪區,菁桐,,586,平溪區,石底,菁桐坑,46-41
平溪區,菁桐,,587,平溪區,石底,菁桐坑,46-27
平溪區,菁桐,,588,平溪區,石底,菁桐坑,56-48
平溪區,菁桐,,589,平溪區,石底,菁桐坑,56-8
平溪區,菁桐,,59,平溪區,石底,菁桐坑,55-15
平溪區,菁桐,,590,平溪區,石底,菁桐坑,56-15
平溪區,菁桐,,591,平溪區,石底,菁桐坑,56-43
平溪區,菁桐,,592,平溪區,石底,菁桐坑,56-1
平溪區,菁桐,,593,平溪區,石底,菁桐坑,48-113
平溪區,菁桐,,594,平溪區,石底,菁桐坑,48-15
平溪區,菁桐,,595,平溪區,石底,菁桐坑,56-25
平溪區,菁桐,,596,平溪區,石底,菁桐坑,46-24
平溪區,菁桐,,597,平溪區,石底,菁桐坑,46-43
平溪區,菁桐,,598,平溪區,石底,菁桐坑,48-114
平溪區,菁桐,,599,平溪區,石底,菁桐坑,48-14
平溪區,菁桐,,6,平溪區,石底,菁桐坑,78
平溪區,菁桐,,60,平溪區,石底,菁桐坑,54-11
平溪區,菁桐,,600,平溪區,石底,菁桐坑,46-26
平溪區,菁桐,,601,平溪區,石底,菁桐坑,46-5
平溪區,菁桐,,602,平溪區,石底,菁桐坑,57-25
平溪區,菁桐,,603,平溪區,石底,菁桐坑,57
平溪區,菁桐,,604,平溪區,石底,菁桐坑,57-18
平溪區,菁桐,,605,平溪區,石底,菁桐坑,57-17
平溪區,菁桐,,606,平溪區,石底,菁桐坑,48-79
平溪區,菁桐,,607,平溪區,石底,菁桐坑,56-16
平溪區,菁桐,,608,平溪區,石底,菁桐坑,56-40
平溪區,菁桐,,609,平溪區,石底,菁桐坑,56-49
平溪區,菁桐,,61,平溪區,石底,菁桐坑,54-8
平溪區,菁桐,,610,平溪區,石底,菁桐坑,56-45
平溪區,菁桐,,611,平溪區,石底,菁桐坑,56-17
平溪區,菁桐,,612,平溪區,石底,菁桐坑,56-55
平溪區,菁桐,,613,平溪區,石底,菁桐坑,56-19
平溪區,菁桐,,614,平溪區,石底,菁桐坑,56-44
平溪區,菁桐,,615,平溪區,石底,菁桐坑,56-4
平溪區,菁桐,,616,平溪區,石底,菁桐坑,56-28
平溪區,菁桐,,617,平溪區,石底,菁桐坑,56-60
平溪區,菁桐,,618,平溪區,石底,菁桐坑,56-27
平溪區,菁桐,,619,平溪區,石底,菁桐坑,57-16
平溪區,菁桐,,62,平溪區,石底,菁桐坑,54-2
平溪區,菁桐,,620,平溪區,石底,菁桐坑,57-2
平溪區,菁桐,,621,平溪區,石底,菁桐坑,56-5
平溪區,菁桐,,622,平溪區,石底,菁桐坑,56-41
平溪區,菁桐,,623,平溪區,石底,菁桐坑,56-6
平溪區,菁桐,,624,平溪區,石底,菁桐坑,56-18
平溪區,菁桐,,625,平溪區,石底,菁桐坑,56-2
平溪區,菁桐,,626,平溪區,石底,菁桐坑,56-54
平溪區,菁桐,,627,平溪區,石底,菁桐坑,56-59
平溪區,菁桐,,628,平溪區,石底,菁桐坑,57-24
平溪區,菁桐,,629,平溪區,石底,菁桐坑,57-9
平溪區,菁桐,,63,平溪區,石底,菁桐坑,54-10
平溪區,菁桐,,630,平溪區,石底,菁桐坑,57-29
平溪區,菁桐,,631,平溪區,石底,菁桐坑,57-23
平溪區,菁桐,,632,平溪區,石底,菁桐坑,57-28
平溪區,菁桐,,633,平溪區,石底,菁桐坑,57-8
平溪區,菁桐,,634,平溪區,石底,菁桐坑,57-26
平溪區,菁桐,,635,平溪區,石底,菁桐坑,57-22
平溪區,菁桐,,636,平溪區,石底,菁桐坑,57-15
平溪區,菁桐,,637,平溪區,石底,菁桐坑,57-27
平溪區,菁桐,,638,平溪區,石底,菁桐坑,57-20
平溪區,菁桐,,639,平溪區,石底,菁桐坑,57-10
平溪區,菁桐,,64,平溪區,石底,菁桐坑,54-14
平溪區,菁桐,,640,平溪區,石底,菁桐坑,59-59
平溪區,菁桐,,641,平溪區,石底,菁桐坑,59-91
平溪區,菁桐,,642,平溪區,石底,菁桐坑,59-27
平溪區,菁桐,,643,平溪區,石底,菁桐坑,59-22
平溪區,菁桐,,644,平溪區,石底,菁桐坑,59-58
平溪區,菁桐,,645,平溪區,石底,菁桐坑,59-63
平溪區,菁桐,,646,平溪區,石底,菁桐坑,59-62
平溪區,菁桐,,647,平溪區,石底,菁桐坑,59-24
平溪區,菁桐,,648,平溪區,石底,菁桐坑,59-8
平溪區,菁桐,,649,平溪區,石底,菁桐坑,59-60
平溪區,菁桐,,65,平溪區,石底,菁桐坑,54-15
平溪區,菁桐,,650,平溪區,石底,菁桐坑,59-61
平溪區,菁桐,,651,平溪區,石底,菁桐坑,59-48
平溪區,菁桐,,652,平溪區,石底,菁桐坑,59-46
平溪區,菁桐,,653,平溪區,石底,菁桐坑,59-49
平溪區,菁桐,,654,平溪區,石底,菁桐坑,59-64
平溪區,菁桐,,655,平溪區,石底,菁桐坑,59-40
平溪區,菁桐,,656,平溪區,石底,菁桐坑,59-47
平溪區,菁桐,,657,平溪區,石底,菁桐坑,59-25
平溪區,菁桐,,658,平溪區,石底,菁桐坑,59-55
平溪區,菁桐,,659,平溪區,石底,菁桐坑,59-26
平溪區,菁桐,,66,平溪區,石底,菁桐坑,54-16
平溪區,菁桐,,660,平溪區,石底,菁桐坑,59-84
平溪區,菁桐,,661,平溪區,石底,菁桐坑,59-54
平溪區,菁桐,,662,平溪區,石底,菁桐坑,59-56
平溪區,菁桐,,663,平溪區,石底,菁桐坑,59-41
平溪區,菁桐,,664,平溪區,石底,菁桐坑,59-29
平溪區,菁桐,,665,平溪區,石底,菁桐坑,59-30
平溪區,菁桐,,666,平溪區,石底,菁桐坑,59-32
平溪區,菁桐,,667,平溪區,石底,菁桐坑,59-7
平溪區,菁桐,,668,平溪區,石底,菁桐坑,59-87
平溪區,菁桐,,669,平溪區,石底,菁桐坑,59-50
平溪區,菁桐,,67,平溪區,石底,菁桐坑,55-24
平溪區,菁桐,,670,平溪區,石底,菁桐坑,58
平溪區,菁桐,,671,平溪區,石底,菁桐坑,58-6
平溪區,菁桐,,672,平溪區,石底,菁桐坑,59-57
平溪區,菁桐,,673,平溪區,石底,菁桐坑,64
平溪區,菁桐,,674,平溪區,石底,菁桐坑,59-88
平溪區,菁桐,,675,平溪區,石底,菁桐坑,59-90
平溪區,菁桐,,676,平溪區,石底,菁桐坑,59-51
平溪區,菁桐,,677,平溪區,石底,菁桐坑,58-7
平溪區,菁桐,,678,平溪區,石底,菁桐坑,59-52
平溪區,菁桐,,679,平溪區,石底,菁桐坑,59-89
平溪區,菁桐,,68,平溪區,石底,菁桐坑,54-23
平溪區,菁桐,,680,平溪區,石底,菁桐坑,63
平溪區,菁桐,,681,平溪區,石底,菁桐坑,59-35
平溪區,菁桐,,682,平溪區,石底,菁桐坑,59-82
平溪區,菁桐,,683,平溪區,石底,菁桐坑,59-83
平溪區,菁桐,,684,平溪區,石底,菁桐坑,59-79
平溪區,菁桐,,685,平溪區,石底,菁桐坑,58-5
平溪區,菁桐,,686,平溪區,石底,菁桐坑,59-74
平溪區,菁桐,,687,平溪區,石底,菁桐坑,59-75
平溪區,菁桐,,688,平溪區,石底,菁桐坑,59-76
平溪區,菁桐,,689,平溪區,石底,菁桐坑,59-77
平溪區,菁桐,,69,平溪區,石底,菁桐坑,54-24
平溪區,菁桐,,690,平溪區,石底,菁桐坑,59-78
平溪區,菁桐,,691,平溪區,石底,菁桐坑,58-4
平溪區,菁桐,,692,平溪區,石底,菁桐坑,59-12
平溪區,菁桐,,693,平溪區,石底,菁桐坑,59-67
平溪區,菁桐,,694,平溪區,石底,菁桐坑,59-66
平溪區,菁桐,,695,平溪區,石底,菁桐坑,59-73
平溪區,菁桐,,696,平溪區,石底,菁桐坑,59-72
平溪區,菁桐,,697,平溪區,石底,菁桐坑,59-71
平溪區,菁桐,,698,平溪區,石底,菁桐坑,59-65
平溪區,菁桐,,699,平溪區,石底,菁桐坑,59-70
平溪區,菁桐,,7,平溪區,石底,菁桐坑,79
平溪區,菁桐,,70,平溪區,石底,菁桐坑,54-9
平溪區,菁桐,,700,平溪區,石底,菁桐坑,59-69
平溪區,菁桐,,701,平溪區,石底,菁桐坑,59-5
平溪區,菁桐,,702,平溪區,石底,菁桐坑,59-68
平溪區,菁桐,,703,平溪區,石底,菁桐坑,59-21
平溪區,菁桐,,704,平溪區,石底,菁桐坑,59-42
平溪區,菁桐,,705,平溪區,石底,菁桐坑,59-37
平溪區,菁桐,,706,平溪區,石底,菁桐坑,59-4
平溪區,菁桐,,707,平溪區,石底,菁桐坑,59-45
平溪區,菁桐,,708,平溪區,石底,菁桐坑,61-32
平溪區,菁桐,,709,平溪區,石底,菁桐坑,59-38
平溪區,菁桐,,71,平溪區,石底,菁桐坑,54-22
平溪區,菁桐,,710,平溪區,石底,菁桐坑,59-44
平溪區,菁桐,,711,平溪區,石底,菁桐坑,59-86
平溪區,菁桐,,712,平溪區,石底,菁桐坑,59-43
平溪區,菁桐,,713,平溪區,石底,菁桐坑,61-54
平溪區,菁桐,,714,平溪區,石底,菁桐坑,61-57
平溪區,菁桐,,715,平溪區,石底,菁桐坑,61-33
平溪區,菁桐,,716,平溪區,石底,菁桐坑,61-20
平溪區,菁桐,,717,平溪區,石底,菁桐坑,61-48
平溪區,菁桐,,718,平溪區,石底,菁桐坑,61-9
平溪區,菁桐,,719,平溪區,石底,菁桐坑,61-56
平溪區,菁桐,,72,平溪區,石底,菁桐坑,54-17
平溪區,菁桐,,720,平溪區,石底,菁桐坑,61-31
平溪區,菁桐,,721,平溪區,石底,菁桐坑,59-85
平溪區,菁桐,,722,平溪區,石底,菁桐坑,61-29
平溪區,菁桐,,723,平溪區,石底,菁桐坑,61-55
平溪區,菁桐,,724,平溪區,石底,菁桐坑,61-49
平溪區,菁桐,,725,平溪區,石底,菁桐坑,61-30
平溪區,菁桐,,726,平溪區,石底,菁桐坑,61-27
平溪區,菁桐,,727,平溪區,石底,菁桐坑,61-21
平溪區,菁桐,,728,平溪區,石底,菁桐坑,61-34
平溪區,菁桐,,729,平溪區,石底,菁桐坑,61-47
平溪區,菁桐,,73,平溪區,石底,菁桐坑,54-18
平溪區,菁桐,,730,平溪區,石底,菁桐坑,61-58
平溪區,菁桐,,731,平溪區,石底,菁桐坑,61-35
平溪區,菁桐,,732,平溪區,石底,菁桐坑,61-12
平溪區,菁桐,,733,平溪區,石底,菁桐坑,61-59
平溪區,菁桐,,734,平溪區,石底,菁桐坑,61-36
平溪區,菁桐,,735,平溪區,石底,菁桐坑,61-53
平溪區,菁桐,,736,平溪區,石底,菁桐坑,61-26
平溪區,菁桐,,737,平溪區,石底,菁桐坑,63-1
平溪區,菁桐,,738,平溪區,石底,菁桐坑,61-25
平溪區,菁桐,,739,平溪區,石底,菁桐坑,61-52
平溪區,菁桐,,74,平溪區,石底,菁桐坑,54-7
平溪區,菁桐,,740,平溪區,石底,菁桐坑,61-37
平溪區,菁桐,,741,平溪區,石底,菁桐坑,61-2
平溪區,菁桐,,742,平溪區,石底,菁桐坑,61-45
平溪區,菁桐,,743,平溪區,石底,菁桐坑,61-3
平溪區,菁桐,,744,平溪區,石底,菁桐坑,61-22
平溪區,菁桐,,745,平溪區,石底,菁桐坑,61-24
平溪區,菁桐,,746,平溪區,石底,菁桐坑,61-51
平溪區,菁桐,,747,平溪區,石底,菁桐坑,61-38
平溪區,菁桐,,748,平溪區,石底,菁桐坑,61-7
平溪區,菁桐,,749,平溪區,石底,菁桐坑,61-46
平溪區,菁桐,,75,平溪區,石底,菁桐坑,54-19
平溪區,菁桐,,750,平溪區,石底,菁桐坑,61-23
平溪區,菁桐,,751,平溪區,石底,菁桐坑,61-50
平溪區,菁桐,,752,平溪區,石底,菁桐坑,48-101
平溪區,菁桐,,753,平溪區,石底,菁桐坑,59-39
平溪區,菁桐,,76,平溪區,石底,菁桐坑,54-12
平溪區,菁桐,,77,平溪區,石底,菁桐坑,48-107
平溪區,菁桐,,78,平溪區,石底,菁桐坑,48-16
平溪區,菁桐,,79,平溪區,石底,菁桐坑,54-20
平溪區,菁桐,,8,平溪區,石底,菁桐坑,76
平溪區,菁桐,,80,平溪區,石底,菁桐坑,54-1
平溪區,菁桐,,81,平溪區,石底,菁桐坑,54-21
平溪區,菁桐,,82,平溪區,石底,菁桐坑,54-5
平溪區,菁桐,,83,平溪區,石底,菁桐坑,48-76
平溪區,菁桐,,84,平溪區,石底,菁桐坑,48-103
平溪區,菁桐,,85,平溪區,石底,菁桐坑,48-104
平溪區,菁桐,,86,平溪區,石底,菁桐坑,48-18
平溪區,菁桐,,87,平溪區,石底,菁桐坑,54
平溪區,菁桐,,88,平溪區,石底,菁桐坑,13-17
平溪區,菁桐,,89,平溪區,石底,菁桐坑,13-15
平溪區,菁桐,,9,平溪區,石底,菁桐坑,61
平溪區,菁桐,,90,平溪區,石底,菁桐坑,13-16
平溪區,菁桐,,91,平溪區,石底,菁桐坑,13-14
平溪區,菁桐,,92,平溪區,石底,菁桐坑,12-8
平溪區,菁桐,,93,平溪區,石底,菁桐坑,12-6
平溪區,菁桐,,94,平溪區,石底,菁桐坑,12-5
平溪區,菁桐,,95,平溪區,石底,菁桐坑,12-10
平溪區,菁桐,,96,平溪區,石底,菁桐坑,12-4
平溪區,菁桐,,97,平溪區,石底,菁桐坑,12-9
平溪區,菁桐,,98,平溪區,石底,菁桐坑,12-11
平溪區,菁桐,,99,平溪區,石底,菁桐坑,12
