districtNew,sectionNew,subsectionNew,landNumberNew,districtOld,sectionOld,subsectionOld,landNumberOld
三芝區,古庄,,1,三芝區,舊小基隆,四棧橋,85
三芝區,古庄,,10,三芝區,舊小基隆,四棧橋,85-4
三芝區,古庄,,100,三芝區,舊小基隆,茂興店,108-1
三芝區,古庄,,1000,三芝區,舊小基隆,四棧橋,75-10
三芝區,古庄,,1001,三芝區,舊小基隆,四棧橋,75-19
三芝區,古庄,,1002,三芝區,舊小基隆,四棧橋,75-13
三芝區,古庄,,1003,三芝區,舊小基隆,四棧橋,76-5
三芝區,古庄,,1004,三芝區,舊小基隆,四棧橋,76-7
三芝區,古庄,,1005,三芝區,舊小基隆,四棧橋,76-3
三芝區,古庄,,1006,三芝區,舊小基隆,四棧橋,75-1
三芝區,古庄,,1007,三芝區,舊小基隆,四棧橋,75-6
三芝區,古庄,,1008,三芝區,舊小基隆,四棧橋,73-13
三芝區,古庄,,1009,三芝區,舊小基隆,四棧橋,72-6
三芝區,古庄,,101,三芝區,舊小基隆,茂興店,85-1
三芝區,古庄,,1010,三芝區,舊小基隆,四棧橋,72-1
三芝區,古庄,,1011,三芝區,舊小基隆,四棧橋,69-2
三芝區,古庄,,1012,三芝區,舊小基隆,四棧橋,69-14
三芝區,古庄,,1013,三芝區,舊小基隆,四棧橋,69-15
三芝區,古庄,,1014,三芝區,舊小基隆,四棧橋,51-3
三芝區,古庄,,1015,三芝區,舊小基隆,四棧橋,71
三芝區,古庄,,1016,三芝區,舊小基隆,四棧橋,71-6
三芝區,古庄,,1017,三芝區,舊小基隆,四棧橋,71-33
三芝區,古庄,,1018,三芝區,舊小基隆,四棧橋,71-32
三芝區,古庄,,1019,三芝區,舊小基隆,四棧橋,71-12
三芝區,古庄,,102,三芝區,舊小基隆,茂興店,83-9
三芝區,古庄,,1020,三芝區,舊小基隆,四棧橋,71-31
三芝區,古庄,,1021,三芝區,舊小基隆,四棧橋,71-34
三芝區,古庄,,1022,三芝區,舊小基隆,四棧橋,71-35
三芝區,古庄,,1023,三芝區,舊小基隆,四棧橋,71-5
三芝區,古庄,,1024,三芝區,舊小基隆,四棧橋,81-9
三芝區,古庄,,1025,三芝區,舊小基隆,四棧橋,81-19
三芝區,古庄,,1026,三芝區,舊小基隆,四棧橋,74
三芝區,古庄,,1027,三芝區,舊小基隆,四棧橋,73
三芝區,古庄,,1028,三芝區,舊小基隆,四棧橋,73-2
三芝區,古庄,,1029,三芝區,舊小基隆,四棧橋,73-10
三芝區,古庄,,103,三芝區,舊小基隆,茂興店,83-2
三芝區,古庄,,1030,三芝區,舊小基隆,四棧橋,73-9
三芝區,古庄,,1031,三芝區,舊小基隆,四棧橋,73-7
三芝區,古庄,,1032,三芝區,舊小基隆,四棧橋,73-11
三芝區,古庄,,1033,三芝區,舊小基隆,四棧橋,71-4
三芝區,古庄,,1034,三芝區,舊小基隆,四棧橋,71-13
三芝區,古庄,,1035,三芝區,舊小基隆,四棧橋,71-15
三芝區,古庄,,1036,三芝區,舊小基隆,四棧橋,71-26
三芝區,古庄,,1037,三芝區,舊小基隆,四棧橋,73-1
三芝區,古庄,,1038,三芝區,舊小基隆,四棧橋,73-6
三芝區,古庄,,1039,三芝區,舊小基隆,四棧橋,73-8
三芝區,古庄,,104,三芝區,舊小基隆,茂興店,83-3
三芝區,古庄,,1040,三芝區,舊小基隆,四棧橋,73-12
三芝區,古庄,,1041,三芝區,舊小基隆,四棧橋,73-5
三芝區,古庄,,1042,三芝區,舊小基隆,四棧橋,71-28
三芝區,古庄,,1043,三芝區,舊小基隆,四棧橋,73-4
三芝區,古庄,,1044,三芝區,舊小基隆,四棧橋,71-27
三芝區,古庄,,1045,三芝區,舊小基隆,四棧橋,71-36
三芝區,古庄,,1046,三芝區,舊小基隆,四棧橋,71-20
三芝區,古庄,,1047,三芝區,舊小基隆,四棧橋,50-6
三芝區,古庄,,1048,三芝區,舊小基隆,四棧橋,50-30
三芝區,古庄,,1049,三芝區,舊小基隆,四棧橋,50-25
三芝區,古庄,,105,三芝區,舊小基隆,茂興店,93-2
三芝區,古庄,,1050,三芝區,舊小基隆,四棧橋,51-5
三芝區,古庄,,1051,三芝區,舊小基隆,四棧橋,52-5
三芝區,古庄,,1052,三芝區,舊小基隆,四棧橋,52-31
三芝區,古庄,,1053,三芝區,舊小基隆,四棧橋,51-2
三芝區,古庄,,1054,三芝區,舊小基隆,四棧橋,51-1
三芝區,古庄,,1055,三芝區,舊小基隆,四棧橋,51-9
三芝區,古庄,,1056,三芝區,舊小基隆,四棧橋,71-11
三芝區,古庄,,1057,三芝區,舊小基隆,四棧橋,71-2
三芝區,古庄,,1058,三芝區,舊小基隆,四棧橋,71-16
三芝區,古庄,,1059,三芝區,舊小基隆,四棧橋,71-17
三芝區,古庄,,106,三芝區,舊小基隆,茂興店,93-1
三芝區,古庄,,1060,三芝區,舊小基隆,四棧橋,71-18
三芝區,古庄,,1061,三芝區,舊小基隆,四棧橋,71-21
三芝區,古庄,,1062,三芝區,舊小基隆,四棧橋,71-22
三芝區,古庄,,1063,三芝區,舊小基隆,四棧橋,71-37
三芝區,古庄,,1064,三芝區,舊小基隆,四棧橋,71-7
三芝區,古庄,,1065,三芝區,舊小基隆,四棧橋,71-38
三芝區,古庄,,1066,三芝區,舊小基隆,四棧橋,71-23
三芝區,古庄,,1067,三芝區,舊小基隆,四棧橋,71-8
三芝區,古庄,,1068,三芝區,舊小基隆,四棧橋,71-19
三芝區,古庄,,1069,三芝區,舊小基隆,四棧橋,71-9
三芝區,古庄,,107,三芝區,舊小基隆,茂興店,95
三芝區,古庄,,1070,三芝區,舊小基隆,四棧橋,71-24
三芝區,古庄,,1071,三芝區,舊小基隆,四棧橋,71-25
三芝區,古庄,,1072,三芝區,舊小基隆,四棧橋,71-10
三芝區,古庄,,1073,三芝區,舊小基隆,四棧橋,71-14
三芝區,古庄,,1074,三芝區,舊小基隆,四棧橋,71-29
三芝區,古庄,,1075,三芝區,舊小基隆,四棧橋,73-3
三芝區,古庄,,1076,三芝區,舊小基隆,四棧橋,81-1
三芝區,古庄,,1077,三芝區,舊小基隆,四棧橋,81-47
三芝區,古庄,,1078,三芝區,舊小基隆,四棧橋,81-38
三芝區,古庄,,1079,三芝區,舊小基隆,四棧橋,81-6
三芝區,古庄,,108,三芝區,舊小基隆,茂興店,101-3
三芝區,古庄,,1080,三芝區,舊小基隆,四棧橋,81-5
三芝區,古庄,,1081,三芝區,舊小基隆,四棧橋,81-14
三芝區,古庄,,1082,三芝區,舊小基隆,四棧橋,71-30
三芝區,古庄,,1083,三芝區,舊小基隆,四棧橋,81-10
三芝區,古庄,,1084,三芝區,舊小基隆,四棧橋,81-12
三芝區,古庄,,1085,三芝區,舊小基隆,四棧橋,82
三芝區,古庄,,1086,三芝區,舊小基隆,四棧橋,82-1
三芝區,古庄,,1087,三芝區,舊小基隆,四棧橋,81-37
三芝區,古庄,,1088,三芝區,舊小基隆,四棧橋,81-13
三芝區,古庄,,1089,三芝區,舊小基隆,四棧橋,79-4
三芝區,古庄,,109,三芝區,舊小基隆,茂興店,102-1
三芝區,古庄,,1090,三芝區,舊小基隆,四棧橋,79-13
三芝區,古庄,,1091,三芝區,舊小基隆,四棧橋,79-5
三芝區,古庄,,1092,三芝區,舊小基隆,四棧橋,79-11
三芝區,古庄,,1093,三芝區,舊小基隆,四棧橋,79-12
三芝區,古庄,,1094,三芝區,舊小基隆,四棧橋,77-1
三芝區,古庄,,1095,三芝區,舊小基隆,四棧橋,79-10
三芝區,古庄,,1096,三芝區,舊小基隆,四棧橋,79-7
三芝區,古庄,,1097,三芝區,舊小基隆,四棧橋,79
三芝區,古庄,,1098,三芝區,舊小基隆,四棧橋,81-8
三芝區,古庄,,1099,三芝區,舊小基隆,四棧橋,81-48
三芝區,古庄,,11,三芝區,舊小基隆,四棧橋,24
三芝區,古庄,,110,三芝區,舊小基隆,茂興店,97
三芝區,古庄,,1100,三芝區,舊小基隆,四棧橋,81-41
三芝區,古庄,,1101,三芝區,舊小基隆,四棧橋,81-20
三芝區,古庄,,1102,三芝區,舊小基隆,四棧橋,81-7
三芝區,古庄,,1103,三芝區,舊小基隆,四棧橋,81-39
三芝區,古庄,,1104,三芝區,舊小基隆,四棧橋,81-42
三芝區,古庄,,1105,三芝區,舊小基隆,四棧橋,81-43
三芝區,古庄,,1106,三芝區,舊小基隆,四棧橋,81-44
三芝區,古庄,,1107,三芝區,舊小基隆,四棧橋,81-45
三芝區,古庄,,1108,三芝區,舊小基隆,四棧橋,81-46
三芝區,古庄,,1109,三芝區,舊小基隆,四棧橋,79-8
三芝區,古庄,,111,三芝區,舊小基隆,茂興店,90
三芝區,古庄,,1110,三芝區,舊小基隆,四棧橋,79-9
三芝區,古庄,,1111,三芝區,舊小基隆,四棧橋,79-6
三芝區,古庄,,1112,三芝區,舊小基隆,四棧橋,79-16
三芝區,古庄,,1113,三芝區,舊小基隆,四棧橋,81-3
三芝區,古庄,,1114,三芝區,舊小基隆,四棧橋,81-15
三芝區,古庄,,1115,三芝區,舊小基隆,四棧橋,81-17
三芝區,古庄,,1116,三芝區,舊小基隆,四棧橋,83
三芝區,古庄,,1117,三芝區,舊小基隆,四棧橋,81-11
三芝區,古庄,,1118,三芝區,舊小基隆,四棧橋,81-16
三芝區,古庄,,1119,三芝區,舊小基隆,四棧橋,81-50
三芝區,古庄,,112,三芝區,舊小基隆,茂興店,91
三芝區,古庄,,1120,三芝區,舊小基隆,四棧橋,80
三芝區,古庄,,1121,三芝區,舊小基隆,四棧橋,81
三芝區,古庄,,1122,三芝區,舊小基隆,四棧橋,79-15
三芝區,古庄,,1123,三芝區,舊小基隆,山豬堀,4
三芝區,古庄,,1124,三芝區,舊小基隆,山豬堀,5
三芝區,古庄,,1125,三芝區,舊小基隆,四棧橋,77-39
三芝區,古庄,,1126,三芝區,舊小基隆,四棧橋,77-32
三芝區,古庄,,1127,三芝區,舊小基隆,四棧橋,77-22
三芝區,古庄,,1128,三芝區,舊小基隆,四棧橋,77-30
三芝區,古庄,,1129,三芝區,舊小基隆,四棧橋,77-3
三芝區,古庄,,113,三芝區,舊小基隆,茂興店,91-1
三芝區,古庄,,1130,三芝區,舊小基隆,四棧橋,77-40
三芝區,古庄,,1131,三芝區,舊小基隆,山豬堀,1-29
三芝區,古庄,,1132,三芝區,舊小基隆,山豬堀,1-3
三芝區,古庄,,1133,三芝區,舊小基隆,山豬堀,1-23
三芝區,古庄,,1134,三芝區,舊小基隆,山豬堀,1-26
三芝區,古庄,,1135,三芝區,舊小基隆,山豬堀,1-30
三芝區,古庄,,1136,三芝區,舊小基隆,山豬堀,1-25
三芝區,古庄,,1137,三芝區,舊小基隆,山豬堀,1-21
三芝區,古庄,,1138,三芝區,舊小基隆,山豬堀,1-7
三芝區,古庄,,1139,三芝區,舊小基隆,山豬堀,1-17
三芝區,古庄,,114,三芝區,舊小基隆,茂興店,92
三芝區,古庄,,1140,三芝區,舊小基隆,山豬堀,1-18
三芝區,古庄,,1141,三芝區,舊小基隆,山豬堀,1-19
三芝區,古庄,,1142,三芝區,舊小基隆,四棧橋,77-24
三芝區,古庄,,1143,三芝區,舊小基隆,四棧橋,77-23
三芝區,古庄,,1144,三芝區,舊小基隆,四棧橋,77-38
三芝區,古庄,,1145,三芝區,舊小基隆,四棧橋,77-37
三芝區,古庄,,1146,三芝區,舊小基隆,四棧橋,77-16
三芝區,古庄,,1147,三芝區,舊小基隆,四棧橋,77-17
三芝區,古庄,,1148,三芝區,舊小基隆,四棧橋,77-31
三芝區,古庄,,1149,三芝區,舊小基隆,山豬堀,1-16
三芝區,古庄,,115,三芝區,舊小基隆,茂興店,83-5
三芝區,古庄,,1150,三芝區,舊小基隆,山豬堀,1-8
三芝區,古庄,,1151,三芝區,舊小基隆,山豬堀,1-4
三芝區,古庄,,1152,三芝區,舊小基隆,山豬堀,1-5
三芝區,古庄,,1153,三芝區,舊小基隆,山豬堀,1-12
三芝區,古庄,,1154,三芝區,舊小基隆,山豬堀,1-9
三芝區,古庄,,1155,三芝區,舊小基隆,山豬堀,1-14
三芝區,古庄,,1156,三芝區,舊小基隆,山豬堀,1-2
三芝區,古庄,,1157,三芝區,舊小基隆,山豬堀,1-28
三芝區,古庄,,1158,三芝區,舊小基隆,山豬堀,1-27
三芝區,古庄,,1159,三芝區,舊小基隆,山豬堀,1-20
三芝區,古庄,,116,三芝區,舊小基隆,茂興店,83-6
三芝區,古庄,,1160,三芝區,舊小基隆,山豬堀,1-10
三芝區,古庄,,1161,三芝區,舊小基隆,山豬堀,1-15
三芝區,古庄,,1162,三芝區,舊小基隆,山豬堀,1-6
三芝區,古庄,,1163,三芝區,舊小基隆,山豬堀,1-1
三芝區,古庄,,1164,三芝區,舊小基隆,山豬堀,2
三芝區,古庄,,1165,三芝區,舊小基隆,四棧橋,78
三芝區,古庄,,1166,三芝區,舊小基隆,山豬堀,3-2
三芝區,古庄,,1167,三芝區,舊小基隆,山豬堀,46-4
三芝區,古庄,,1168,三芝區,舊小基隆,山豬堀,2-1
三芝區,古庄,,1169,三芝區,舊小基隆,山豬堀,33
三芝區,古庄,,117,三芝區,舊小基隆,茂興店,83-1
三芝區,古庄,,1170,三芝區,舊小基隆,山豬堀,34-4
三芝區,古庄,,1171,三芝區,舊小基隆,山豬堀,38
三芝區,古庄,,1172,三芝區,舊小基隆,山豬堀,1-24
三芝區,古庄,,1173,三芝區,舊小基隆,山豬堀,35-31
三芝區,古庄,,1174,三芝區,舊小基隆,山豬堀,35-1
三芝區,古庄,,1175,三芝區,舊小基隆,山豬堀,35-8
三芝區,古庄,,1176,三芝區,舊小基隆,山豬堀,35-34
三芝區,古庄,,1177,三芝區,舊小基隆,山豬堀,35-33
三芝區,古庄,,1178,三芝區,舊小基隆,山豬堀,35-32
三芝區,古庄,,1179,三芝區,舊小基隆,山豬堀,35-44
三芝區,古庄,,118,三芝區,舊小基隆,茂興店,83-4
三芝區,古庄,,1180,三芝區,舊小基隆,山豬堀,35-30
三芝區,古庄,,1181,三芝區,舊小基隆,山豬堀,35-24
三芝區,古庄,,1182,三芝區,舊小基隆,山豬堀,35-45
三芝區,古庄,,1183,三芝區,舊小基隆,山豬堀,35-23
三芝區,古庄,,1184,三芝區,舊小基隆,山豬堀,35-22
三芝區,古庄,,1185,三芝區,舊小基隆,山豬堀,35-27
三芝區,古庄,,1186,三芝區,舊小基隆,山豬堀,36-2
三芝區,古庄,,1187,三芝區,舊小基隆,山豬堀,34-8
三芝區,古庄,,1188,三芝區,舊小基隆,山豬堀,35-28
三芝區,古庄,,1189,三芝區,舊小基隆,山豬堀,34-3
三芝區,古庄,,119,三芝區,舊小基隆,茂興店,86
三芝區,古庄,,1190,三芝區,舊小基隆,山豬堀,35-5
三芝區,古庄,,1191,三芝區,舊小基隆,山豬堀,34-9
三芝區,古庄,,1192,三芝區,舊小基隆,山豬堀,34-10
三芝區,古庄,,1193,三芝區,舊小基隆,山豬堀,1-11
三芝區,古庄,,1194,三芝區,舊小基隆,山豬堀,34-13
三芝區,古庄,,1195,三芝區,舊小基隆,山豬堀,34-5
三芝區,古庄,,1196,三芝區,舊小基隆,山豬堀,34-11
三芝區,古庄,,1197,三芝區,舊小基隆,山豬堀,34-12
三芝區,古庄,,1198,三芝區,舊小基隆,山豬堀,36-5
三芝區,古庄,,1199,三芝區,舊小基隆,山豬堀,35-7
三芝區,古庄,,12,三芝區,舊小基隆,四棧橋,10-1
三芝區,古庄,,120,三芝區,舊小基隆,茂興店,83-8
三芝區,古庄,,1200,三芝區,舊小基隆,山豬堀,35-15
三芝區,古庄,,1201,三芝區,舊小基隆,山豬堀,36-7
三芝區,古庄,,1202,三芝區,舊小基隆,山豬堀,1-22
三芝區,古庄,,1203,三芝區,舊小基隆,山豬堀,35-38
三芝區,古庄,,1204,三芝區,舊小基隆,山豬堀,35-25
三芝區,古庄,,1205,三芝區,舊小基隆,山豬堀,35-9
三芝區,古庄,,1206,三芝區,舊小基隆,山豬堀,35-26
三芝區,古庄,,1207,三芝區,舊小基隆,山豬堀,35-29
三芝區,古庄,,1208,三芝區,舊小基隆,山豬堀,36-4
三芝區,古庄,,1209,三芝區,舊小基隆,山豬堀,34-2
三芝區,古庄,,121,三芝區,舊小基隆,茂興店,84
三芝區,古庄,,1210,三芝區,舊小基隆,山豬堀,34-7
三芝區,古庄,,1211,三芝區,舊小基隆,山豬堀,36-6
三芝區,古庄,,1212,三芝區,舊小基隆,山豬堀,36-3
三芝區,古庄,,1213,三芝區,舊小基隆,山豬堀,1-13
三芝區,古庄,,1214,三芝區,舊小基隆,山豬堀,35-16
三芝區,古庄,,1215,三芝區,舊小基隆,山豬堀,35-41
三芝區,古庄,,1216,三芝區,舊小基隆,山豬堀,35-39
三芝區,古庄,,1217,三芝區,舊小基隆,山豬堀,35-40
三芝區,古庄,,1218,三芝區,舊小基隆,山豬堀,35-12
三芝區,古庄,,1219,三芝區,舊小基隆,山豬堀,35-10
三芝區,古庄,,122,三芝區,舊小基隆,茂興店,84-2
三芝區,古庄,,1220,三芝區,舊小基隆,山豬堀,35-14
三芝區,古庄,,1221,三芝區,舊小基隆,山豬堀,35-11
三芝區,古庄,,1222,三芝區,舊小基隆,山豬堀,34-6
三芝區,古庄,,1223,三芝區,舊小基隆,山豬堀,34-1
三芝區,古庄,,1224,三芝區,舊小基隆,山豬堀,35-13
三芝區,古庄,,1225,三芝區,舊小基隆,山豬堀,35-42
三芝區,古庄,,1226,三芝區,舊小基隆,山豬堀,35-20
三芝區,古庄,,1227,三芝區,舊小基隆,山豬堀,35-43
三芝區,古庄,,1228,三芝區,舊小基隆,山豬堀,35-21
三芝區,古庄,,1229,三芝區,舊小基隆,山豬堀,35-46
三芝區,古庄,,123,三芝區,舊小基隆,茂興店,82-4
三芝區,古庄,,1230,三芝區,舊小基隆,山豬堀,35-36
三芝區,古庄,,1231,三芝區,舊小基隆,山豬堀,35-2
三芝區,古庄,,1232,三芝區,舊小基隆,山豬堀,35-37
三芝區,古庄,,1233,三芝區,舊小基隆,山豬堀,61-2
三芝區,古庄,,1234,三芝區,舊小基隆,山豬堀,61
三芝區,古庄,,1235,三芝區,舊小基隆,山豬堀,57-2
三芝區,古庄,,1236,三芝區,舊小基隆,山豬堀,57-1
三芝區,古庄,,1237,三芝區,舊小基隆,山豬堀,57
三芝區,古庄,,1238,三芝區,舊小基隆,山豬堀,35-18
三芝區,古庄,,1239,三芝區,舊小基隆,山豬堀,35-47
三芝區,古庄,,124,三芝區,舊小基隆,茂興店,82
三芝區,古庄,,1240,三芝區,舊小基隆,山豬堀,35-6
三芝區,古庄,,1241,三芝區,舊小基隆,山豬堀,35-35
三芝區,古庄,,1242,三芝區,舊小基隆,山豬堀,35-19
三芝區,古庄,,1243,三芝區,舊小基隆,山豬堀,38-10
三芝區,古庄,,1244,三芝區,舊小基隆,山豬堀,38-5
三芝區,古庄,,1245,三芝區,舊小基隆,山豬堀,39-7
三芝區,古庄,,1246,三芝區,舊小基隆,山豬堀,39-6
三芝區,古庄,,1247,三芝區,舊小基隆,山豬堀,38-9
三芝區,古庄,,1248,三芝區,舊小基隆,山豬堀,39-4
三芝區,古庄,,1249,三芝區,舊小基隆,山豬堀,39
三芝區,古庄,,125,三芝區,舊小基隆,茂興店,83-7
三芝區,古庄,,1250,三芝區,舊小基隆,山豬堀,39-2
三芝區,古庄,,1251,三芝區,舊小基隆,山豬堀,38-1
三芝區,古庄,,1252,三芝區,舊小基隆,山豬堀,38-12
三芝區,古庄,,1253,三芝區,舊小基隆,山豬堀,38-3
三芝區,古庄,,1254,三芝區,舊小基隆,山豬堀,38-2
三芝區,古庄,,1255,三芝區,舊小基隆,山豬堀,37-1
三芝區,古庄,,1256,三芝區,舊小基隆,山豬堀,37
三芝區,古庄,,1257,三芝區,舊小基隆,山豬堀,38-4
三芝區,古庄,,1258,三芝區,舊小基隆,山豬堀,38-14
三芝區,古庄,,1259,三芝區,舊小基隆,山豬堀,46-1
三芝區,古庄,,126,三芝區,舊小基隆,茂興店,110
三芝區,古庄,,1260,三芝區,舊小基隆,山豬堀,39-3
三芝區,古庄,,1261,三芝區,舊小基隆,山豬堀,46
三芝區,古庄,,1262,三芝區,舊小基隆,山豬堀,26-2
三芝區,古庄,,1263,三芝區,舊小基隆,山豬堀,3
三芝區,古庄,,1264,三芝區,舊小基隆,山豬堀,32
三芝區,古庄,,1265,三芝區,舊小基隆,山豬堀,32-2
三芝區,古庄,,1266,三芝區,舊小基隆,山豬堀,3-1
三芝區,古庄,,1267,三芝區,舊小基隆,山豬堀,26-4
三芝區,古庄,,1268,三芝區,舊小基隆,山豬堀,8-1
三芝區,古庄,,1269,三芝區,舊小基隆,山豬堀,8
三芝區,古庄,,127,三芝區,舊小基隆,茂興店,83-10
三芝區,古庄,,1270,三芝區,舊小基隆,山豬堀,7-1
三芝區,古庄,,1271,三芝區,舊小基隆,山豬堀,6-1
三芝區,古庄,,1272,三芝區,舊小基隆,山豬堀,6
三芝區,古庄,,1273,三芝區,舊小基隆,山豬堀,7
三芝區,古庄,,1274,三芝區,舊小基隆,山豬堀,10
三芝區,古庄,,1275,三芝區,舊小基隆,山豬堀,9
三芝區,古庄,,1276,三芝區,舊小基隆,山豬堀,26-1
三芝區,古庄,,1277,三芝區,舊小基隆,山豬堀,30
三芝區,古庄,,1278,三芝區,舊小基隆,山豬堀,28
三芝區,古庄,,1279,三芝區,舊小基隆,山豬堀,31
三芝區,古庄,,128,三芝區,舊小基隆,茂興店,83-12
三芝區,古庄,,1280,三芝區,舊小基隆,山豬堀,32-3
三芝區,古庄,,1281,三芝區,舊小基隆,山豬堀,32-4
三芝區,古庄,,1282,三芝區,舊小基隆,山豬堀,32-5
三芝區,古庄,,1283,三芝區,舊小基隆,山豬堀,39-5
三芝區,古庄,,1284,三芝區,舊小基隆,山豬堀,40-2
三芝區,古庄,,1285,三芝區,舊小基隆,山豬堀,27
三芝區,古庄,,1286,三芝區,舊小基隆,山豬堀,32-1
三芝區,古庄,,1287,三芝區,舊小基隆,山豬堀,28-1
三芝區,古庄,,1288,三芝區,舊小基隆,山豬堀,28-2
三芝區,古庄,,1289,三芝區,舊小基隆,山豬堀,28-3
三芝區,古庄,,129,三芝區,舊小基隆,茂興店,85
三芝區,古庄,,1290,三芝區,舊小基隆,山豬堀,28-4
三芝區,古庄,,1291,三芝區,舊小基隆,山豬堀,28-5
三芝區,古庄,,1292,三芝區,舊小基隆,山豬堀,28-6
三芝區,古庄,,1293,三芝區,舊小基隆,山豬堀,27-1
三芝區,古庄,,1294,三芝區,舊小基隆,山豬堀,26-3
三芝區,古庄,,1295,三芝區,舊小基隆,山豬堀,14
三芝區,古庄,,1296,三芝區,舊小基隆,山豬堀,13
三芝區,古庄,,1297,三芝區,舊小基隆,山豬堀,12
三芝區,古庄,,1298,三芝區,舊小基隆,山豬堀,17-2
三芝區,古庄,,1299,三芝區,舊小基隆,山豬堀,15
三芝區,古庄,,13,三芝區,舊小基隆,四棧橋,10
三芝區,古庄,,130,三芝區,舊小基隆,茂興店,83
三芝區,古庄,,1300,三芝區,舊小基隆,山豬堀,26
三芝區,古庄,,1301,三芝區,舊小基隆,山豬堀,41
三芝區,古庄,,1302,三芝區,舊小基隆,山豬堀,40
三芝區,古庄,,1303,三芝區,舊小基隆,四棧橋,81-21
三芝區,古庄,,1304,三芝區,舊小基隆,四棧橋,81-22
三芝區,古庄,,1305,三芝區,舊小基隆,四棧橋,81-2
三芝區,古庄,,1306,三芝區,舊小基隆,四棧橋,81-34
三芝區,古庄,,1307,三芝區,舊小基隆,四棧橋,84
三芝區,古庄,,1308,三芝區,舊小基隆,四棧橋,81-49
三芝區,古庄,,1309,三芝區,舊小基隆,四棧橋,81-35
三芝區,古庄,,131,三芝區,舊小基隆,四棧橋,9-1
三芝區,古庄,,1310,三芝區,舊小基隆,四棧橋,81-36
三芝區,古庄,,1311,三芝區,舊小基隆,山豬堀,11
三芝區,古庄,,1312,三芝區,舊小基隆,四棧橋,81-32
三芝區,古庄,,1313,三芝區,舊小基隆,四棧橋,81-33
三芝區,古庄,,1314,三芝區,舊小基隆,四棧橋,81-29
三芝區,古庄,,1315,三芝區,舊小基隆,四棧橋,81-28
三芝區,古庄,,1316,三芝區,舊小基隆,四棧橋,81-27
三芝區,古庄,,1317,三芝區,舊小基隆,四棧橋,81-26
三芝區,古庄,,1318,三芝區,舊小基隆,四棧橋,81-24
三芝區,古庄,,1319,三芝區,舊小基隆,四棧橋,81-23
三芝區,古庄,,132,三芝區,舊小基隆,四棧橋,3-4
三芝區,古庄,,1320,三芝區,舊小基隆,四棧橋,81-30
三芝區,古庄,,1321,三芝區,舊小基隆,四棧橋,81-31
三芝區,古庄,,1322,三芝區,舊小基隆,山豬堀,19
三芝區,古庄,,1323,三芝區,舊小基隆,山豬堀,19-1
三芝區,古庄,,1324,三芝區,舊小基隆,山豬堀,17-1
三芝區,古庄,,1325,三芝區,舊小基隆,山豬堀,17
三芝區,古庄,,1326,三芝區,舊小基隆,山豬堀,22
三芝區,古庄,,1327,三芝區,舊小基隆,山豬堀,21
三芝區,古庄,,1328,三芝區,舊小基隆,山豬堀,19-4
三芝區,古庄,,1329,三芝區,舊小基隆,山豬堀,19-2
三芝區,古庄,,133,三芝區,舊小基隆,四棧橋,3-1
三芝區,古庄,,1330,三芝區,舊小基隆,山豬堀,19-3
三芝區,古庄,,1331,三芝區,舊小基隆,山豬堀,16
三芝區,古庄,,1332,三芝區,舊小基隆,山豬堀,15-4
三芝區,古庄,,1333,三芝區,舊小基隆,山豬堀,15-2
三芝區,古庄,,1334,三芝區,舊小基隆,山豬堀,15-3
三芝區,古庄,,1335,三芝區,舊小基隆,山豬堀,25
三芝區,古庄,,1336,三芝區,舊小基隆,山豬堀,24
三芝區,古庄,,1337,三芝區,舊小基隆,山豬堀,23
三芝區,古庄,,1338,三芝區,舊小基隆,山豬堀,15-1
三芝區,古庄,,1339,三芝區,舊小基隆,山豬堀,42
三芝區,古庄,,134,三芝區,舊小基隆,四棧橋,5
三芝區,古庄,,1340,三芝區,舊小基隆,山豬堀,46-2
三芝區,古庄,,1341,三芝區,舊小基隆,山豬堀,46-3
三芝區,古庄,,1342,三芝區,舊小基隆,山豬堀,38-8
三芝區,古庄,,1343,三芝區,舊小基隆,山豬堀,63-1
三芝區,古庄,,1344,三芝區,舊小基隆,山豬堀,56-2
三芝區,古庄,,1345,三芝區,舊小基隆,山豬堀,47-4
三芝區,古庄,,1346,三芝區,舊小基隆,山豬堀,48
三芝區,古庄,,1347,三芝區,舊小基隆,山豬堀,47-1
三芝區,古庄,,1348,三芝區,舊小基隆,山豬堀,47
三芝區,古庄,,1349,三芝區,舊小基隆,山豬堀,47-2
三芝區,古庄,,135,三芝區,舊小基隆,四棧橋,5-6
三芝區,古庄,,1350,三芝區,舊小基隆,山豬堀,40-1
三芝區,古庄,,1351,三芝區,舊小基隆,山豬堀,45-1
三芝區,古庄,,1352,三芝區,舊小基隆,山豬堀,47-3
三芝區,古庄,,1353,三芝區,舊小基隆,山豬堀,45
三芝區,古庄,,1354,三芝區,舊小基隆,山豬堀,76
三芝區,古庄,,1355,三芝區,舊小基隆,山豬堀,58
三芝區,古庄,,1356,三芝區,舊小基隆,山豬堀,59
三芝區,古庄,,1357,三芝區,舊小基隆,山豬堀,60
三芝區,古庄,,1358,三芝區,舊小基隆,山豬堀,56-1
三芝區,古庄,,1359,三芝區,舊小基隆,山豬堀,56-3
三芝區,古庄,,136,三芝區,舊小基隆,四棧橋,5-1
三芝區,古庄,,1360,三芝區,舊小基隆,山豬堀,56-10
三芝區,古庄,,1361,三芝區,舊小基隆,山豬堀,56-11
三芝區,古庄,,1362,三芝區,舊小基隆,山豬堀,56-12
三芝區,古庄,,1363,三芝區,舊小基隆,山豬堀,56-4
三芝區,古庄,,1364,三芝區,舊小基隆,山豬堀,62
三芝區,古庄,,1365,三芝區,舊小基隆,山豬堀,56-15
三芝區,古庄,,1366,三芝區,舊小基隆,山豬堀,56-13
三芝區,古庄,,1367,三芝區,舊小基隆,山豬堀,56-17
三芝區,古庄,,1368,三芝區,舊小基隆,山豬堀,56
三芝區,古庄,,1369,三芝區,舊小基隆,山豬堀,53
三芝區,古庄,,137,三芝區,舊小基隆,四棧橋,4
三芝區,古庄,,1370,三芝區,舊小基隆,山豬堀,56-9
三芝區,古庄,,1371,三芝區,舊小基隆,山豬堀,56-14
三芝區,古庄,,1372,三芝區,舊小基隆,山豬堀,66-2
三芝區,古庄,,1373,三芝區,舊小基隆,山豬堀,66-1
三芝區,古庄,,1374,三芝區,舊小基隆,山豬堀,56-5
三芝區,古庄,,1375,三芝區,舊小基隆,山豬堀,64-7
三芝區,古庄,,1376,三芝區,舊小基隆,山豬堀,64-6
三芝區,古庄,,1377,三芝區,舊小基隆,山豬堀,61-1
三芝區,古庄,,1378,三芝區,舊小基隆,山豬堀,63
三芝區,古庄,,1379,三芝區,舊小基隆,山豬堀,62-1
三芝區,古庄,,138,三芝區,舊小基隆,四棧橋,9
三芝區,古庄,,1380,三芝區,舊小基隆,山豬堀,56-16
三芝區,古庄,,1381,三芝區,舊小基隆,山豬堀,64
三芝區,古庄,,1382,三芝區,舊小基隆,山豬堀,64-1
三芝區,古庄,,1383,三芝區,舊小基隆,山豬堀,64-2
三芝區,古庄,,1384,三芝區,舊小基隆,山豬堀,64-3
三芝區,古庄,,1385,三芝區,舊小基隆,山豬堀,64-4
三芝區,古庄,,1386,三芝區,舊小基隆,山豬堀,64-12
三芝區,古庄,,1387,三芝區,舊小基隆,山豬堀,64-8
三芝區,古庄,,1388,三芝區,舊小基隆,山豬堀,74
三芝區,古庄,,1389,三芝區,舊小基隆,山豬堀,74-2
三芝區,古庄,,139,三芝區,舊小基隆,四棧橋,6-1
三芝區,古庄,,1390,三芝區,舊小基隆,山豬堀,77
三芝區,古庄,,1391,三芝區,舊小基隆,山豬堀,64-9
三芝區,古庄,,1392,三芝區,舊小基隆,山豬堀,64-10
三芝區,古庄,,1393,三芝區,舊小基隆,山豬堀,64-5
三芝區,古庄,,1394,三芝區,舊小基隆,山豬堀,64-11
三芝區,古庄,,1395,三芝區,舊小基隆,山豬堀,95-1
三芝區,古庄,,1396,三芝區,舊小基隆,山豬堀,72-1
三芝區,古庄,,1397,三芝區,舊小基隆,山豬堀,72-2
三芝區,古庄,,1398,三芝區,舊小基隆,山豬堀,72
三芝區,古庄,,1399,三芝區,舊小基隆,山豬堀,96
三芝區,古庄,,14,三芝區,舊小基隆,四棧橋,10-2
三芝區,古庄,,140,三芝區,舊小基隆,四棧橋,8-1
三芝區,古庄,,1400,三芝區,舊小基隆,山豬堀,73-1
三芝區,古庄,,1401,三芝區,舊小基隆,山豬堀,96-4
三芝區,古庄,,1402,三芝區,舊小基隆,山豬堀,73
三芝區,古庄,,1403,三芝區,舊小基隆,山豬堀,65
三芝區,古庄,,1404,三芝區,舊小基隆,山豬堀,65-1
三芝區,古庄,,1405,三芝區,舊小基隆,山豬堀,67-1
三芝區,古庄,,1406,三芝區,舊小基隆,山豬堀,69
三芝區,古庄,,1407,三芝區,舊小基隆,山豬堀,67
三芝區,古庄,,1408,三芝區,舊小基隆,山豬堀,78-1
三芝區,古庄,,1409,三芝區,舊小基隆,山豬堀,86
三芝區,古庄,,141,三芝區,舊小基隆,四棧橋,8-2
三芝區,古庄,,1410,三芝區,舊小基隆,山豬堀,85
三芝區,古庄,,1411,三芝區,舊小基隆,山豬堀,86-1
三芝區,古庄,,1412,三芝區,舊小基隆,山豬堀,87
三芝區,古庄,,1413,三芝區,舊小基隆,山豬堀,74-3
三芝區,古庄,,1414,三芝區,舊小基隆,山豬堀,92
三芝區,古庄,,1415,三芝區,舊小基隆,山豬堀,96-3
三芝區,古庄,,1416,三芝區,舊小基隆,山豬堀,96-2
三芝區,古庄,,1417,三芝區,舊小基隆,山豬堀,96-5
三芝區,古庄,,1418,三芝區,舊小基隆,山豬堀,103-10
三芝區,古庄,,1419,三芝區,舊小基隆,山豬堀,103-19
三芝區,古庄,,142,三芝區,舊小基隆,四棧橋,7-3
三芝區,古庄,,1420,三芝區,舊小基隆,山豬堀,92-3
三芝區,古庄,,1421,三芝區,舊小基隆,山豬堀,98
三芝區,古庄,,1422,三芝區,舊小基隆,山豬堀,112-1
三芝區,古庄,,1423,三芝區,舊小基隆,山豬堀,96-1
三芝區,古庄,,1424,三芝區,舊小基隆,山豬堀,114-4
三芝區,古庄,,1425,三芝區,舊小基隆,山豬堀,114-7
三芝區,古庄,,1426,三芝區,舊小基隆,山豬堀,114-3
三芝區,古庄,,1427,三芝區,舊小基隆,山豬堀,114-2
三芝區,古庄,,1428,三芝區,舊小基隆,山豬堀,114
三芝區,古庄,,1429,三芝區,舊小基隆,山豬堀,114-6
三芝區,古庄,,143,三芝區,舊小基隆,四棧橋,7-2
三芝區,古庄,,1430,三芝區,舊小基隆,山豬堀,112
三芝區,古庄,,1431,三芝區,舊小基隆,山豬堀,105
三芝區,古庄,,1432,三芝區,舊小基隆,山豬堀,113
三芝區,古庄,,1433,三芝區,舊小基隆,山豬堀,114-1
三芝區,古庄,,1434,三芝區,舊小基隆,山豬堀,114-5
三芝區,古庄,,1435,三芝區,舊小基隆,山豬堀,112-2
三芝區,古庄,,1436,三芝區,舊小基隆,山豬堀,111-1
三芝區,古庄,,1437,三芝區,舊小基隆,山豬堀,107-3
三芝區,古庄,,1438,三芝區,舊小基隆,山豬堀,107
三芝區,古庄,,1439,三芝區,舊小基隆,山豬堀,103-17
三芝區,古庄,,144,三芝區,舊小基隆,四棧橋,7-1
三芝區,古庄,,1440,三芝區,舊小基隆,山豬堀,92-7
三芝區,古庄,,1441,三芝區,舊小基隆,山豬堀,103
三芝區,古庄,,1442,三芝區,舊小基隆,山豬堀,103-3
三芝區,古庄,,1443,三芝區,舊小基隆,山豬堀,107-1
三芝區,古庄,,1444,三芝區,舊小基隆,山豬堀,108-1
三芝區,古庄,,1445,三芝區,舊小基隆,山豬堀,108-2
三芝區,古庄,,1446,三芝區,舊小基隆,山豬堀,103-1
三芝區,古庄,,1447,三芝區,舊小基隆,山豬堀,92-9
三芝區,古庄,,1448,三芝區,舊小基隆,山豬堀,109-5
三芝區,古庄,,1449,三芝區,舊小基隆,山豬堀,109-8
三芝區,古庄,,145,三芝區,舊小基隆,四棧橋,7
三芝區,古庄,,1450,三芝區,舊小基隆,山豬堀,109-4
三芝區,古庄,,1451,三芝區,舊小基隆,山豬堀,108-3
三芝區,古庄,,1452,三芝區,舊小基隆,山豬堀,107-2
三芝區,古庄,,1453,三芝區,舊小基隆,山豬堀,108
三芝區,古庄,,1454,三芝區,舊小基隆,山豬堀,109-3
三芝區,古庄,,1455,三芝區,舊小基隆,山豬堀,109-2
三芝區,古庄,,1456,三芝區,舊小基隆,山豬堀,109-6
三芝區,古庄,,1457,三芝區,舊小基隆,山豬堀,109
三芝區,古庄,,1458,三芝區,舊小基隆,山豬堀,102
三芝區,古庄,,1459,三芝區,舊小基隆,山豬堀,101
三芝區,古庄,,146,三芝區,舊小基隆,四棧橋,7-4
三芝區,古庄,,1460,三芝區,舊小基隆,山豬堀,101-1
三芝區,古庄,,1461,三芝區,舊小基隆,山豬堀,109-1
三芝區,古庄,,1462,三芝區,舊小基隆,山豬堀,86-4
三芝區,古庄,,1463,三芝區,舊小基隆,山豬堀,92-10
三芝區,古庄,,1464,三芝區,舊小基隆,山豬堀,92-11
三芝區,古庄,,1465,三芝區,舊小基隆,山豬堀,92-12
三芝區,古庄,,1466,三芝區,舊小基隆,四棧橋,52-28
三芝區,古庄,,1467,三芝區,舊小基隆,四棧橋,55-36
三芝區,古庄,,1468,三芝區,舊小基隆,四棧橋,63-2
三芝區,古庄,,1469,三芝區,舊小基隆,四棧橋,6
三芝區,古庄,,147,三芝區,舊小基隆,四棧橋,6-3
三芝區,古庄,,1470,三芝區,舊小基隆,茂興店,78-1
三芝區,古庄,,1471,三芝區,舊小基隆,茂興店,79-3
三芝區,古庄,,1472,三芝區,舊小基隆,茂興店,79-6
三芝區,古庄,,148,三芝區,舊小基隆,四棧橋,5-2
三芝區,古庄,,149,三芝區,舊小基隆,四棧橋,5-7
三芝區,古庄,,15,三芝區,舊小基隆,四棧橋,9-5
三芝區,古庄,,150,三芝區,舊小基隆,四棧橋,5-3
三芝區,古庄,,151,三芝區,舊小基隆,四棧橋,55-11
三芝區,古庄,,152,三芝區,舊小基隆,四棧橋,55-12
三芝區,古庄,,153,三芝區,舊小基隆,四棧橋,53-9
三芝區,古庄,,154,三芝區,舊小基隆,四棧橋,6-5
三芝區,古庄,,155,三芝區,舊小基隆,四棧橋,6-4
三芝區,古庄,,156,三芝區,舊小基隆,四棧橋,6-8
三芝區,古庄,,157,三芝區,舊小基隆,四棧橋,12-1
三芝區,古庄,,158,三芝區,舊小基隆,四棧橋,12-2
三芝區,古庄,,159,三芝區,舊小基隆,四棧橋,6-2
三芝區,古庄,,16,三芝區,舊小基隆,四棧橋,9-3
三芝區,古庄,,160,三芝區,舊小基隆,四棧橋,12-3
三芝區,古庄,,161,三芝區,舊小基隆,茂興店,83-11
三芝區,古庄,,162,三芝區,舊小基隆,茂興店,81-1
三芝區,古庄,,163,三芝區,舊小基隆,茂興店,81
三芝區,古庄,,164,三芝區,舊小基隆,茂興店,77-1
三芝區,古庄,,165,三芝區,舊小基隆,茂興店,78-2
三芝區,古庄,,166,三芝區,舊小基隆,茂興店,79
三芝區,古庄,,167,三芝區,舊小基隆,茂興店,80
三芝區,古庄,,168,三芝區,舊小基隆,茂興店,80-2
三芝區,古庄,,169,三芝區,舊小基隆,茂興店,80-1
三芝區,古庄,,17,三芝區,舊小基隆,四棧橋,9-4
三芝區,古庄,,170,三芝區,舊小基隆,茂興店,82-5
三芝區,古庄,,171,三芝區,舊小基隆,四棧橋,55-28
三芝區,古庄,,172,三芝區,舊小基隆,四棧橋,55-24
三芝區,古庄,,173,三芝區,舊小基隆,茂興店,79-2
三芝區,古庄,,174,三芝區,舊小基隆,茂興店,79-4
三芝區,古庄,,175,三芝區,舊小基隆,茂興店,79-5
三芝區,古庄,,176,三芝區,舊小基隆,茂興店,79-1
三芝區,古庄,,177,三芝區,舊小基隆,茂興店,77
三芝區,古庄,,178,三芝區,舊小基隆,茂興店,76
三芝區,古庄,,179,三芝區,舊小基隆,茂興店,76-15
三芝區,古庄,,18,三芝區,舊小基隆,四棧橋,9-2
三芝區,古庄,,180,三芝區,舊小基隆,茂興店,67-8
三芝區,古庄,,181,三芝區,舊小基隆,茂興店,78
三芝區,古庄,,182,三芝區,舊小基隆,茂興店,78-3
三芝區,古庄,,183,三芝區,舊小基隆,茂興店,78-4
三芝區,古庄,,184,三芝區,舊小基隆,茂興店,67-19
三芝區,古庄,,185,三芝區,舊小基隆,茂興店,67-10
三芝區,古庄,,186,三芝區,舊小基隆,四棧橋,55-25
三芝區,古庄,,187,三芝區,舊小基隆,四棧橋,55
三芝區,古庄,,188,三芝區,舊小基隆,四棧橋,55-13
三芝區,古庄,,189,三芝區,舊小基隆,四棧橋,55-27
三芝區,古庄,,19,三芝區,舊小基隆,四棧橋,3
三芝區,古庄,,190,三芝區,舊小基隆,四棧橋,55-72
三芝區,古庄,,191,三芝區,舊小基隆,四棧橋,55-26
三芝區,古庄,,192,三芝區,舊小基隆,四棧橋,55-31
三芝區,古庄,,193,三芝區,舊小基隆,茂興店,78-5
三芝區,古庄,,194,三芝區,舊小基隆,茂興店,67-22
三芝區,古庄,,195,三芝區,舊小基隆,茂興店,67-18
三芝區,古庄,,196,三芝區,舊小基隆,茂興店,67-1
三芝區,古庄,,197,三芝區,舊小基隆,茂興店,89
三芝區,古庄,,198,三芝區,舊小基隆,茂興店,88-2
三芝區,古庄,,199,三芝區,舊小基隆,茂興店,88-3
三芝區,古庄,,2,三芝區,舊小基隆,四棧橋,85-3
三芝區,古庄,,20,三芝區,舊小基隆,四棧橋,8-3
三芝區,古庄,,200,三芝區,舊小基隆,茂興店,87
三芝區,古庄,,201,三芝區,舊小基隆,茂興店,88
三芝區,古庄,,202,三芝區,舊小基隆,茂興店,82-2
三芝區,古庄,,203,三芝區,舊小基隆,茂興店,76-13
三芝區,古庄,,204,三芝區,舊小基隆,茂興店,82-1
三芝區,古庄,,205,三芝區,舊小基隆,茂興店,14-1
三芝區,古庄,,206,三芝區,舊小基隆,茂興店,14
三芝區,古庄,,207,三芝區,舊小基隆,茂興店,13-2
三芝區,古庄,,208,三芝區,舊小基隆,茂興店,17-3
三芝區,古庄,,209,三芝區,舊小基隆,茂興店,16
三芝區,古庄,,21,三芝區,舊小基隆,四棧橋,8
三芝區,古庄,,210,三芝區,舊小基隆,茂興店,17
三芝區,古庄,,211,三芝區,舊小基隆,茂興店,76-14
三芝區,古庄,,212,三芝區,舊小基隆,茂興店,76-6
三芝區,古庄,,213,三芝區,舊小基隆,茂興店,98-1
三芝區,古庄,,214,三芝區,舊小基隆,茂興店,98-3
三芝區,古庄,,215,三芝區,舊小基隆,茂興店,98-2
三芝區,古庄,,216,三芝區,舊小基隆,茂興店,99
三芝區,古庄,,217,三芝區,舊小基隆,茂興店,10-12
三芝區,古庄,,218,三芝區,舊小基隆,茂興店,10-11
三芝區,古庄,,219,三芝區,舊小基隆,茂興店,10-1
三芝區,古庄,,22,三芝區,舊小基隆,四棧橋,6-9
三芝區,古庄,,220,三芝區,舊小基隆,茂興店,88-1
三芝區,古庄,,221,三芝區,舊小基隆,茂興店,88-4
三芝區,古庄,,222,三芝區,舊小基隆,茂興店,13-9
三芝區,古庄,,223,三芝區,舊小基隆,茂興店,13-10
三芝區,古庄,,224,三芝區,舊小基隆,茂興店,12-1
三芝區,古庄,,225,三芝區,舊小基隆,茂興店,88-6
三芝區,古庄,,226,三芝區,舊小基隆,茂興店,97-2
三芝區,古庄,,227,三芝區,舊小基隆,茂興店,10-4
三芝區,古庄,,228,三芝區,舊小基隆,茂興店,10-9
三芝區,古庄,,229,三芝區,舊小基隆,茂興店,10-8
三芝區,古庄,,23,三芝區,舊小基隆,四棧橋,11
三芝區,古庄,,230,三芝區,舊小基隆,茂興店,17-4
三芝區,古庄,,231,三芝區,舊小基隆,茂興店,10-3
三芝區,古庄,,232,三芝區,舊小基隆,茂興店,10-7
三芝區,古庄,,233,三芝區,舊小基隆,茂興店,16-3
三芝區,古庄,,234,三芝區,舊小基隆,茂興店,17-7
三芝區,古庄,,235,三芝區,舊小基隆,茂興店,13-7
三芝區,古庄,,236,三芝區,舊小基隆,茂興店,12-9
三芝區,古庄,,237,三芝區,舊小基隆,茂興店,10-13
三芝區,古庄,,238,三芝區,舊小基隆,茂興店,10
三芝區,古庄,,239,三芝區,舊小基隆,茂興店,10-10
三芝區,古庄,,24,三芝區,舊小基隆,四棧橋,11-1
三芝區,古庄,,240,三芝區,舊小基隆,茂興店,12-11
三芝區,古庄,,241,三芝區,舊小基隆,茂興店,12-10
三芝區,古庄,,242,三芝區,舊小基隆,茂興店,13-1
三芝區,古庄,,243,三芝區,舊小基隆,茂興店,13-4
三芝區,古庄,,244,三芝區,舊小基隆,茂興店,12-8
三芝區,古庄,,245,三芝區,舊小基隆,茂興店,12-4
三芝區,古庄,,246,三芝區,舊小基隆,茂興店,13-6
三芝區,古庄,,247,三芝區,舊小基隆,茂興店,13-8
三芝區,古庄,,248,三芝區,舊小基隆,茂興店,16-2
三芝區,古庄,,249,三芝區,舊小基隆,茂興店,16-4
三芝區,古庄,,25,三芝區,舊小基隆,四棧橋,18-2
三芝區,古庄,,250,三芝區,舊小基隆,茂興店,17-6
三芝區,古庄,,251,三芝區,舊小基隆,茂興店,17-1
三芝區,古庄,,252,三芝區,舊小基隆,茂興店,16-1
三芝區,古庄,,253,三芝區,舊小基隆,茂興店,13-5
三芝區,古庄,,254,三芝區,舊小基隆,茂興店,13
三芝區,古庄,,255,三芝區,舊小基隆,茂興店,12
三芝區,古庄,,256,三芝區,舊小基隆,茂興店,12-3
三芝區,古庄,,257,三芝區,舊小基隆,茂興店,11-1
三芝區,古庄,,258,三芝區,舊小基隆,茂興店,11
三芝區,古庄,,259,三芝區,舊小基隆,茂興店,12-5
三芝區,古庄,,26,三芝區,舊小基隆,四棧橋,23
三芝區,古庄,,260,三芝區,舊小基隆,茂興店,10-6
三芝區,古庄,,261,三芝區,舊小基隆,茂興店,9
三芝區,古庄,,262,三芝區,舊小基隆,茂興店,10-14
三芝區,古庄,,263,三芝區,舊小基隆,茂興店,9-1
三芝區,古庄,,264,三芝區,舊小基隆,茂興店,9-2
三芝區,古庄,,265,三芝區,舊小基隆,茂興店,10-2
三芝區,古庄,,266,三芝區,舊小基隆,茂興店,12-6
三芝區,古庄,,267,三芝區,舊小基隆,茂興店,74
三芝區,古庄,,268,三芝區,舊小基隆,茂興店,74-1
三芝區,古庄,,269,三芝區,舊小基隆,茂興店,73
三芝區,古庄,,27,三芝區,舊小基隆,四棧橋,23-2
三芝區,古庄,,270,三芝區,舊小基隆,茂興店,20
三芝區,古庄,,271,三芝區,舊小基隆,茂興店,20-7
三芝區,古庄,,272,三芝區,舊小基隆,茂興店,18
三芝區,古庄,,273,三芝區,舊小基隆,茂興店,20-3
三芝區,古庄,,274,三芝區,舊小基隆,茂興店,20-2
三芝區,古庄,,275,三芝區,舊小基隆,茂興店,10-15
三芝區,古庄,,276,三芝區,舊小基隆,茂興店,10-16
三芝區,古庄,,277,三芝區,舊小基隆,茂興店,20-1
三芝區,古庄,,278,三芝區,舊小基隆,茂興店,20-8
三芝區,古庄,,279,三芝區,舊小基隆,茂興店,72-1
三芝區,古庄,,28,三芝區,舊小基隆,四棧橋,18-6
三芝區,古庄,,280,三芝區,舊小基隆,茂興店,61
三芝區,古庄,,281,三芝區,舊小基隆,茂興店,20-4
三芝區,古庄,,282,三芝區,舊小基隆,茂興店,19
三芝區,古庄,,283,三芝區,舊小基隆,茂興店,22-2
三芝區,古庄,,284,三芝區,舊小基隆,茂興店,20-9
三芝區,古庄,,285,三芝區,舊小基隆,茂興店,20-10
三芝區,古庄,,286,三芝區,舊小基隆,茂興店,22
三芝區,古庄,,287,三芝區,舊小基隆,茂興店,10-5
三芝區,古庄,,288,三芝區,舊小基隆,茂興店,10-17
三芝區,古庄,,289,三芝區,舊小基隆,茂興店,8
三芝區,古庄,,29,三芝區,舊小基隆,四棧橋,18-1
三芝區,古庄,,290,三芝區,舊小基隆,茂興店,6
三芝區,古庄,,291,三芝區,舊小基隆,茂興店,7
三芝區,古庄,,292,三芝區,舊小基隆,茂興店,67-20
三芝區,古庄,,293,三芝區,舊小基隆,茂興店,76-3
三芝區,古庄,,294,三芝區,舊小基隆,茂興店,76-7
三芝區,古庄,,295,三芝區,舊小基隆,茂興店,76-8
三芝區,古庄,,296,三芝區,舊小基隆,茂興店,15
三芝區,古庄,,297,三芝區,舊小基隆,茂興店,17-5
三芝區,古庄,,298,三芝區,舊小基隆,茂興店,15-1
三芝區,古庄,,299,三芝區,舊小基隆,茂興店,76-27
三芝區,古庄,,3,三芝區,舊小基隆,四棧橋,85-1
三芝區,古庄,,30,三芝區,舊小基隆,四棧橋,18-3
三芝區,古庄,,300,三芝區,舊小基隆,茂興店,76-20
三芝區,古庄,,301,三芝區,舊小基隆,茂興店,76-22
三芝區,古庄,,302,三芝區,舊小基隆,茂興店,76-23
三芝區,古庄,,303,三芝區,舊小基隆,茂興店,76-9
三芝區,古庄,,304,三芝區,舊小基隆,茂興店,76-21
三芝區,古庄,,305,三芝區,舊小基隆,茂興店,76-19
三芝區,古庄,,306,三芝區,舊小基隆,茂興店,76-4
三芝區,古庄,,307,三芝區,舊小基隆,茂興店,76-16
三芝區,古庄,,308,三芝區,舊小基隆,茂興店,76-28
三芝區,古庄,,309,三芝區,舊小基隆,茂興店,67-12
三芝區,古庄,,31,三芝區,舊小基隆,四棧橋,18
三芝區,古庄,,310,三芝區,舊小基隆,茂興店,67-4
三芝區,古庄,,311,三芝區,舊小基隆,茂興店,67-14
三芝區,古庄,,312,三芝區,舊小基隆,茂興店,67-23
三芝區,古庄,,313,三芝區,舊小基隆,茂興店,67-9
三芝區,古庄,,314,三芝區,舊小基隆,茂興店,67-21
三芝區,古庄,,315,三芝區,舊小基隆,茂興店,66-5
三芝區,古庄,,316,三芝區,舊小基隆,茂興店,67-3
三芝區,古庄,,317,三芝區,舊小基隆,茂興店,67-11
三芝區,古庄,,318,三芝區,舊小基隆,茂興店,68-4
三芝區,古庄,,319,三芝區,舊小基隆,茂興店,68-3
三芝區,古庄,,32,三芝區,舊小基隆,四棧橋,16-3
三芝區,古庄,,320,三芝區,舊小基隆,茂興店,88-5
三芝區,古庄,,321,三芝區,舊小基隆,茂興店,76-5
三芝區,古庄,,322,三芝區,舊小基隆,茂興店,17-2
三芝區,古庄,,323,三芝區,舊小基隆,茂興店,74-2
三芝區,古庄,,324,三芝區,舊小基隆,茂興店,76-24
三芝區,古庄,,325,三芝區,舊小基隆,茂興店,76-18
三芝區,古庄,,326,三芝區,舊小基隆,茂興店,76-25
三芝區,古庄,,327,三芝區,舊小基隆,茂興店,76-17
三芝區,古庄,,328,三芝區,舊小基隆,茂興店,76-26
三芝區,古庄,,329,三芝區,舊小基隆,茂興店,66-9
三芝區,古庄,,33,三芝區,舊小基隆,四棧橋,12-4
三芝區,古庄,,330,三芝區,舊小基隆,茂興店,66-4
三芝區,古庄,,331,三芝區,舊小基隆,茂興店,67-16
三芝區,古庄,,332,三芝區,舊小基隆,茂興店,67-13
三芝區,古庄,,333,三芝區,舊小基隆,茂興店,67-25
三芝區,古庄,,334,三芝區,舊小基隆,茂興店,67-24
三芝區,古庄,,335,三芝區,舊小基隆,茂興店,67
三芝區,古庄,,336,三芝區,舊小基隆,茂興店,67-5
三芝區,古庄,,337,三芝區,舊小基隆,茂興店,68-2
三芝區,古庄,,338,三芝區,舊小基隆,茂興店,68-1
三芝區,古庄,,339,三芝區,舊小基隆,茂興店,76-12
三芝區,古庄,,34,三芝區,舊小基隆,四棧橋,3-6
三芝區,古庄,,340,三芝區,舊小基隆,茂興店,69
三芝區,古庄,,341,三芝區,舊小基隆,茂興店,76-1
三芝區,古庄,,342,三芝區,舊小基隆,茂興店,76-11
三芝區,古庄,,343,三芝區,舊小基隆,茂興店,76-10
三芝區,古庄,,344,三芝區,舊小基隆,茂興店,75
三芝區,古庄,,345,三芝區,舊小基隆,茂興店,72-3
三芝區,古庄,,346,三芝區,舊小基隆,茂興店,72
三芝區,古庄,,347,三芝區,舊小基隆,茂興店,68
三芝區,古庄,,348,三芝區,舊小基隆,茂興店,66-2
三芝區,古庄,,349,三芝區,舊小基隆,茂興店,67-6
三芝區,古庄,,35,三芝區,舊小基隆,四棧橋,2-2
三芝區,古庄,,350,三芝區,舊小基隆,茂興店,67-26
三芝區,古庄,,351,三芝區,舊小基隆,四棧橋,55-38
三芝區,古庄,,352,三芝區,舊小基隆,四棧橋,55-1
三芝區,古庄,,353,三芝區,舊小基隆,茂興店,72-2
三芝區,古庄,,354,三芝區,舊小基隆,茂興店,70
三芝區,古庄,,355,三芝區,舊小基隆,茂興店,71-2
三芝區,古庄,,356,三芝區,舊小基隆,茂興店,71
三芝區,古庄,,357,三芝區,舊小基隆,四棧橋,53
三芝區,古庄,,358,三芝區,舊小基隆,四棧橋,54
三芝區,古庄,,359,三芝區,舊小基隆,四棧橋,55-50
三芝區,古庄,,36,三芝區,舊小基隆,茂興店,112-6
三芝區,古庄,,360,三芝區,舊小基隆,四棧橋,55-81
三芝區,古庄,,361,三芝區,舊小基隆,四棧橋,55-74
三芝區,古庄,,362,三芝區,舊小基隆,四棧橋,55-20
三芝區,古庄,,363,三芝區,舊小基隆,四棧橋,55-32
三芝區,古庄,,364,三芝區,舊小基隆,茂興店,67-17
三芝區,古庄,,365,三芝區,舊小基隆,四棧橋,55-91
三芝區,古庄,,366,三芝區,舊小基隆,四棧橋,55-94
三芝區,古庄,,367,三芝區,舊小基隆,四棧橋,55-93
三芝區,古庄,,368,三芝區,舊小基隆,四棧橋,55-19
三芝區,古庄,,369,三芝區,舊小基隆,四棧橋,55-95
三芝區,古庄,,37,三芝區,舊小基隆,茂興店,112-7
三芝區,古庄,,370,三芝區,舊小基隆,四棧橋,55-97
三芝區,古庄,,371,三芝區,舊小基隆,四棧橋,55-71
三芝區,古庄,,372,三芝區,舊小基隆,四棧橋,55-82
三芝區,古庄,,373,三芝區,舊小基隆,四棧橋,55-48
三芝區,古庄,,374,三芝區,舊小基隆,四棧橋,53-15
三芝區,古庄,,375,三芝區,舊小基隆,四棧橋,53-4
三芝區,古庄,,376,三芝區,舊小基隆,四棧橋,55-16
三芝區,古庄,,377,三芝區,舊小基隆,四棧橋,55-51
三芝區,古庄,,378,三芝區,舊小基隆,四棧橋,55-17
三芝區,古庄,,379,三芝區,舊小基隆,四棧橋,55-59
三芝區,古庄,,38,三芝區,舊小基隆,茂興店,112-4
三芝區,古庄,,380,三芝區,舊小基隆,四棧橋,55-62
三芝區,古庄,,381,三芝區,舊小基隆,四棧橋,55-61
三芝區,古庄,,382,三芝區,舊小基隆,四棧橋,55-39
三芝區,古庄,,383,三芝區,舊小基隆,四棧橋,55-9
三芝區,古庄,,384,三芝區,舊小基隆,四棧橋,55-41
三芝區,古庄,,385,三芝區,舊小基隆,四棧橋,55-42
三芝區,古庄,,386,三芝區,舊小基隆,四棧橋,55-35
三芝區,古庄,,387,三芝區,舊小基隆,四棧橋,55-69
三芝區,古庄,,388,三芝區,舊小基隆,四棧橋,55-65
三芝區,古庄,,389,三芝區,舊小基隆,四棧橋,55-54
三芝區,古庄,,39,三芝區,舊小基隆,四棧橋,2-3
三芝區,古庄,,390,三芝區,舊小基隆,四棧橋,55-68
三芝區,古庄,,391,三芝區,舊小基隆,四棧橋,55-66
三芝區,古庄,,392,三芝區,舊小基隆,四棧橋,55-55
三芝區,古庄,,393,三芝區,舊小基隆,四棧橋,55-67
三芝區,古庄,,394,三芝區,舊小基隆,四棧橋,55-58
三芝區,古庄,,395,三芝區,舊小基隆,四棧橋,55-64
三芝區,古庄,,396,三芝區,舊小基隆,四棧橋,55-46
三芝區,古庄,,397,三芝區,舊小基隆,四棧橋,53-14
三芝區,古庄,,398,三芝區,舊小基隆,四棧橋,53-13
三芝區,古庄,,399,三芝區,舊小基隆,四棧橋,53-5
三芝區,古庄,,4,三芝區,舊小基隆,四棧橋,85-2
三芝區,古庄,,40,三芝區,舊小基隆,四棧橋,2-5
三芝區,古庄,,400,三芝區,舊小基隆,四棧橋,53-6
三芝區,古庄,,401,三芝區,舊小基隆,四棧橋,53-17
三芝區,古庄,,402,三芝區,舊小基隆,四棧橋,45-7
三芝區,古庄,,403,三芝區,舊小基隆,四棧橋,45-6
三芝區,古庄,,404,三芝區,舊小基隆,四棧橋,45-5
三芝區,古庄,,405,三芝區,舊小基隆,四棧橋,48-10
三芝區,古庄,,406,三芝區,舊小基隆,四棧橋,48-17
三芝區,古庄,,407,三芝區,舊小基隆,四棧橋,45-15
三芝區,古庄,,408,三芝區,舊小基隆,四棧橋,48-8
三芝區,古庄,,409,三芝區,舊小基隆,四棧橋,45-1
三芝區,古庄,,41,三芝區,舊小基隆,四棧橋,3-5
三芝區,古庄,,410,三芝區,舊小基隆,四棧橋,45-16
三芝區,古庄,,411,三芝區,舊小基隆,四棧橋,53-21
三芝區,古庄,,412,三芝區,舊小基隆,四棧橋,48-6
三芝區,古庄,,413,三芝區,舊小基隆,四棧橋,48-2
三芝區,古庄,,414,三芝區,舊小基隆,四棧橋,48-7
三芝區,古庄,,415,三芝區,舊小基隆,四棧橋,53-19
三芝區,古庄,,416,三芝區,舊小基隆,四棧橋,53-11
三芝區,古庄,,417,三芝區,舊小基隆,四棧橋,53-12
三芝區,古庄,,418,三芝區,舊小基隆,四棧橋,53-2
三芝區,古庄,,419,三芝區,舊小基隆,四棧橋,53-18
三芝區,古庄,,42,三芝區,舊小基隆,四棧橋,2-1
三芝區,古庄,,420,三芝區,舊小基隆,四棧橋,55-8
三芝區,古庄,,421,三芝區,舊小基隆,四棧橋,55-56
三芝區,古庄,,422,三芝區,舊小基隆,四棧橋,55-40
三芝區,古庄,,423,三芝區,舊小基隆,四棧橋,55-10
三芝區,古庄,,424,三芝區,舊小基隆,四棧橋,55-57
三芝區,古庄,,425,三芝區,舊小基隆,四棧橋,55-2
三芝區,古庄,,426,三芝區,舊小基隆,四棧橋,55-63
三芝區,古庄,,427,三芝區,舊小基隆,四棧橋,55-60
三芝區,古庄,,428,三芝區,舊小基隆,四棧橋,55-23
三芝區,古庄,,429,三芝區,舊小基隆,四棧橋,53-1
三芝區,古庄,,43,三芝區,舊小基隆,四棧橋,2
三芝區,古庄,,430,三芝區,舊小基隆,四棧橋,48-16
三芝區,古庄,,431,三芝區,舊小基隆,四棧橋,53-20
三芝區,古庄,,432,三芝區,舊小基隆,四棧橋,16
三芝區,古庄,,433,三芝區,舊小基隆,四棧橋,15
三芝區,古庄,,434,三芝區,舊小基隆,四棧橋,12
三芝區,古庄,,435,三芝區,舊小基隆,四棧橋,14
三芝區,古庄,,436,三芝區,舊小基隆,四棧橋,13
三芝區,古庄,,437,三芝區,舊小基隆,四棧橋,53-10
三芝區,古庄,,438,三芝區,舊小基隆,四棧橋,53-3
三芝區,古庄,,439,三芝區,舊小基隆,四棧橋,6-7
三芝區,古庄,,44,三芝區,舊小基隆,四棧橋,3-2
三芝區,古庄,,440,三芝區,舊小基隆,四棧橋,6-6
三芝區,古庄,,441,三芝區,舊小基隆,四棧橋,12-5
三芝區,古庄,,442,三芝區,舊小基隆,四棧橋,13-1
三芝區,古庄,,443,三芝區,舊小基隆,四棧橋,14-1
三芝區,古庄,,444,三芝區,舊小基隆,四棧橋,15-1
三芝區,古庄,,445,三芝區,舊小基隆,四棧橋,16-2
三芝區,古庄,,446,三芝區,舊小基隆,四棧橋,19
三芝區,古庄,,447,三芝區,舊小基隆,四棧橋,16-1
三芝區,古庄,,448,三芝區,舊小基隆,四棧橋,42
三芝區,古庄,,449,三芝區,舊小基隆,四棧橋,43-2
三芝區,古庄,,45,三芝區,舊小基隆,四棧橋,3-3
三芝區,古庄,,450,三芝區,舊小基隆,四棧橋,43-1
三芝區,古庄,,451,三芝區,舊小基隆,四棧橋,43
三芝區,古庄,,452,三芝區,舊小基隆,四棧橋,40-1
三芝區,古庄,,453,三芝區,舊小基隆,四棧橋,44-4
三芝區,古庄,,454,三芝區,舊小基隆,四棧橋,44
三芝區,古庄,,455,三芝區,舊小基隆,四棧橋,14-2
三芝區,古庄,,456,三芝區,舊小基隆,四棧橋,44-10
三芝區,古庄,,457,三芝區,舊小基隆,四棧橋,44-3
三芝區,古庄,,458,三芝區,舊小基隆,四棧橋,45-4
三芝區,古庄,,459,三芝區,舊小基隆,四棧橋,45-9
三芝區,古庄,,46,三芝區,舊小基隆,四棧橋,2-4
三芝區,古庄,,460,三芝區,舊小基隆,四棧橋,45-17
三芝區,古庄,,461,三芝區,舊小基隆,四棧橋,45-3
三芝區,古庄,,462,三芝區,舊小基隆,四棧橋,45-2
三芝區,古庄,,463,三芝區,舊小基隆,四棧橋,45-8
三芝區,古庄,,464,三芝區,舊小基隆,四棧橋,53-16
三芝區,古庄,,465,三芝區,舊小基隆,四棧橋,45
三芝區,古庄,,466,三芝區,舊小基隆,四棧橋,45-14
三芝區,古庄,,467,三芝區,舊小基隆,四棧橋,45-13
三芝區,古庄,,468,三芝區,舊小基隆,四棧橋,44-6
三芝區,古庄,,469,三芝區,舊小基隆,四棧橋,44-8
三芝區,古庄,,47,三芝區,舊小基隆,四棧橋,2-6
三芝區,古庄,,470,三芝區,舊小基隆,四棧橋,44-11
三芝區,古庄,,471,三芝區,舊小基隆,四棧橋,44-12
三芝區,古庄,,472,三芝區,舊小基隆,四棧橋,44-5
三芝區,古庄,,473,三芝區,舊小基隆,四棧橋,41
三芝區,古庄,,474,三芝區,舊小基隆,四棧橋,21-1
三芝區,古庄,,475,三芝區,舊小基隆,四棧橋,21
三芝區,古庄,,476,三芝區,舊小基隆,四棧橋,37-1
三芝區,古庄,,477,三芝區,舊小基隆,四棧橋,37
三芝區,古庄,,478,三芝區,舊小基隆,四棧橋,38
三芝區,古庄,,479,三芝區,舊小基隆,四棧橋,36
三芝區,古庄,,48,三芝區,舊小基隆,四棧橋,1
三芝區,古庄,,480,三芝區,舊小基隆,四棧橋,39-2
三芝區,古庄,,481,三芝區,舊小基隆,四棧橋,39
三芝區,古庄,,482,三芝區,舊小基隆,四棧橋,39-1
三芝區,古庄,,483,三芝區,舊小基隆,四棧橋,38-1
三芝區,古庄,,484,三芝區,舊小基隆,四棧橋,40
三芝區,古庄,,485,三芝區,舊小基隆,四棧橋,44-2
三芝區,古庄,,486,三芝區,舊小基隆,四棧橋,44-14
三芝區,古庄,,487,三芝區,舊小基隆,四棧橋,44-13
三芝區,古庄,,488,三芝區,舊小基隆,四棧橋,44-15
三芝區,古庄,,489,三芝區,舊小基隆,四棧橋,44-7
三芝區,古庄,,49,三芝區,舊小基隆,茂興店,82-6
三芝區,古庄,,490,三芝區,舊小基隆,四棧橋,45-11
三芝區,古庄,,491,三芝區,舊小基隆,四棧橋,45-12
三芝區,古庄,,492,三芝區,舊小基隆,四棧橋,44-1
三芝區,古庄,,493,三芝區,舊小基隆,四棧橋,48-5
三芝區,古庄,,494,三芝區,舊小基隆,四棧橋,48-1
三芝區,古庄,,495,三芝區,舊小基隆,四棧橋,44-16
三芝區,古庄,,496,三芝區,舊小基隆,四棧橋,48-4
三芝區,古庄,,497,三芝區,舊小基隆,四棧橋,34
三芝區,古庄,,498,三芝區,舊小基隆,四棧橋,26-20
三芝區,古庄,,499,三芝區,舊小基隆,四棧橋,23-3
三芝區,古庄,,5,三芝區,舊小基隆,四棧橋,26-18
三芝區,古庄,,50,三芝區,舊小基隆,四棧橋,1-1
三芝區,古庄,,500,三芝區,舊小基隆,四棧橋,18-5
三芝區,古庄,,501,三芝區,舊小基隆,四棧橋,18-4
三芝區,古庄,,502,三芝區,舊小基隆,四棧橋,17
三芝區,古庄,,503,三芝區,舊小基隆,四棧橋,20
三芝區,古庄,,504,三芝區,舊小基隆,四棧橋,20-1
三芝區,古庄,,505,三芝區,舊小基隆,四棧橋,23-1
三芝區,古庄,,506,三芝區,舊小基隆,四棧橋,23-6
三芝區,古庄,,507,三芝區,舊小基隆,四棧橋,26-11
三芝區,古庄,,508,三芝區,舊小基隆,四棧橋,26-7
三芝區,古庄,,509,三芝區,舊小基隆,四棧橋,26-17
三芝區,古庄,,51,三芝區,舊小基隆,茂興店,82-3
三芝區,古庄,,510,三芝區,舊小基隆,四棧橋,26-5
三芝區,古庄,,511,三芝區,舊小基隆,四棧橋,25-1
三芝區,古庄,,512,三芝區,舊小基隆,四棧橋,26-6
三芝區,古庄,,513,三芝區,舊小基隆,四棧橋,26
三芝區,古庄,,514,三芝區,舊小基隆,四棧橋,23-5
三芝區,古庄,,515,三芝區,舊小基隆,四棧橋,22
三芝區,古庄,,516,三芝區,舊小基隆,四棧橋,23-4
三芝區,古庄,,517,三芝區,舊小基隆,四棧橋,28
三芝區,古庄,,518,三芝區,舊小基隆,四棧橋,26-15
三芝區,古庄,,519,三芝區,舊小基隆,四棧橋,26-19
三芝區,古庄,,52,三芝區,舊小基隆,茂興店,84-3
三芝區,古庄,,520,三芝區,舊小基隆,四棧橋,26-8
三芝區,古庄,,521,三芝區,舊小基隆,四棧橋,26-9
三芝區,古庄,,522,三芝區,舊小基隆,四棧橋,26-13
三芝區,古庄,,523,三芝區,舊小基隆,四棧橋,26-16
三芝區,古庄,,524,三芝區,舊小基隆,四棧橋,26-22
三芝區,古庄,,525,三芝區,舊小基隆,四棧橋,26-3
三芝區,古庄,,526,三芝區,舊小基隆,四棧橋,28-5
三芝區,古庄,,527,三芝區,舊小基隆,四棧橋,28-1
三芝區,古庄,,528,三芝區,舊小基隆,四棧橋,28-2
三芝區,古庄,,529,三芝區,舊小基隆,四棧橋,28-4
三芝區,古庄,,53,三芝區,舊小基隆,茂興店,84-1
三芝區,古庄,,530,三芝區,舊小基隆,四棧橋,28-3
三芝區,古庄,,531,三芝區,舊小基隆,四棧橋,29-10
三芝區,古庄,,532,三芝區,舊小基隆,四棧橋,26-12
三芝區,古庄,,533,三芝區,舊小基隆,四棧橋,26-2
三芝區,古庄,,534,三芝區,舊小基隆,四棧橋,27
三芝區,古庄,,535,三芝區,舊小基隆,四棧橋,27-1
三芝區,古庄,,536,三芝區,舊小基隆,四棧橋,26-14
三芝區,古庄,,537,三芝區,舊小基隆,四棧橋,26-21
三芝區,古庄,,538,三芝區,舊小基隆,四棧橋,26-4
三芝區,古庄,,539,三芝區,舊小基隆,四棧橋,28-6
三芝區,古庄,,54,三芝區,舊小基隆,茂興店,112-5
三芝區,古庄,,540,三芝區,舊小基隆,四棧橋,29-11
三芝區,古庄,,541,三芝區,舊小基隆,四棧橋,31-1
三芝區,古庄,,542,三芝區,舊小基隆,四棧橋,29
三芝區,古庄,,543,三芝區,舊小基隆,四棧橋,29-1
三芝區,古庄,,544,三芝區,舊小基隆,四棧橋,29-14
三芝區,古庄,,545,三芝區,舊小基隆,四棧橋,29-4
三芝區,古庄,,546,三芝區,舊小基隆,四棧橋,29-22
三芝區,古庄,,547,三芝區,舊小基隆,四棧橋,29-3
三芝區,古庄,,548,三芝區,舊小基隆,四棧橋,29-2
三芝區,古庄,,549,三芝區,舊小基隆,四棧橋,29-16
三芝區,古庄,,55,三芝區,舊小基隆,茂興店,112-3
三芝區,古庄,,550,三芝區,舊小基隆,四棧橋,29-6
三芝區,古庄,,551,三芝區,舊小基隆,四棧橋,29-7
三芝區,古庄,,552,三芝區,舊小基隆,四棧橋,29-19
三芝區,古庄,,553,三芝區,舊小基隆,四棧橋,29-13
三芝區,古庄,,554,三芝區,舊小基隆,四棧橋,29-18
三芝區,古庄,,555,三芝區,舊小基隆,四棧橋,29-17
三芝區,古庄,,556,三芝區,舊小基隆,四棧橋,29-21
三芝區,古庄,,557,三芝區,舊小基隆,四棧橋,29-9
三芝區,古庄,,558,三芝區,舊小基隆,四棧橋,29-8
三芝區,古庄,,559,三芝區,舊小基隆,四棧橋,31-8
三芝區,古庄,,56,三芝區,舊小基隆,茂興店,112-2
三芝區,古庄,,560,三芝區,舊小基隆,四棧橋,31-3
三芝區,古庄,,561,三芝區,舊小基隆,四棧橋,29-5
三芝區,古庄,,562,三芝區,舊小基隆,四棧橋,29-20
三芝區,古庄,,563,三芝區,舊小基隆,四棧橋,29-15
三芝區,古庄,,564,三芝區,舊小基隆,四棧橋,31-26
三芝區,古庄,,565,三芝區,舊小基隆,四棧橋,31-28
三芝區,古庄,,566,三芝區,舊小基隆,四棧橋,31-9
三芝區,古庄,,567,三芝區,舊小基隆,四棧橋,30
三芝區,古庄,,568,三芝區,舊小基隆,四棧橋,35
三芝區,古庄,,569,三芝區,舊小基隆,四棧橋,33-1
三芝區,古庄,,57,三芝區,舊小基隆,茂興店,112
三芝區,古庄,,570,三芝區,舊小基隆,四棧橋,48-14
三芝區,古庄,,571,三芝區,舊小基隆,四棧橋,48-13
三芝區,古庄,,572,三芝區,舊小基隆,四棧橋,48-15
三芝區,古庄,,573,三芝區,舊小基隆,四棧橋,48-11
三芝區,古庄,,574,三芝區,舊小基隆,四棧橋,48-12
三芝區,古庄,,575,三芝區,舊小基隆,四棧橋,48-3
三芝區,古庄,,576,三芝區,舊小基隆,四棧橋,33-6
三芝區,古庄,,577,三芝區,舊小基隆,四棧橋,33-5
三芝區,古庄,,578,三芝區,舊小基隆,四棧橋,33-9
三芝區,古庄,,579,三芝區,舊小基隆,四棧橋,33-2
三芝區,古庄,,58,三芝區,舊小基隆,茂興店,106
三芝區,古庄,,580,三芝區,舊小基隆,四棧橋,37-2
三芝區,古庄,,581,三芝區,舊小基隆,四棧橋,35-3
三芝區,古庄,,582,三芝區,舊小基隆,四棧橋,29-12
三芝區,古庄,,583,三芝區,舊小基隆,四棧橋,31-23
三芝區,古庄,,584,三芝區,舊小基隆,四棧橋,31-22
三芝區,古庄,,585,三芝區,舊小基隆,四棧橋,31-30
三芝區,古庄,,586,三芝區,舊小基隆,四棧橋,31-18
三芝區,古庄,,587,三芝區,舊小基隆,四棧橋,31-12
三芝區,古庄,,588,三芝區,舊小基隆,四棧橋,31-10
三芝區,古庄,,589,三芝區,舊小基隆,四棧橋,31-6
三芝區,古庄,,59,三芝區,舊小基隆,茂興店,111-2
三芝區,古庄,,590,三芝區,舊小基隆,四棧橋,31-14
三芝區,古庄,,591,三芝區,舊小基隆,四棧橋,35-1
三芝區,古庄,,592,三芝區,舊小基隆,四棧橋,35-2
三芝區,古庄,,593,三芝區,舊小基隆,四棧橋,33-7
三芝區,古庄,,594,三芝區,舊小基隆,四棧橋,33-3
三芝區,古庄,,595,三芝區,舊小基隆,四棧橋,48
三芝區,古庄,,596,三芝區,舊小基隆,四棧橋,33
三芝區,古庄,,597,三芝區,舊小基隆,四棧橋,33-8
三芝區,古庄,,598,三芝區,舊小基隆,四棧橋,33-4
三芝區,古庄,,599,三芝區,舊小基隆,四棧橋,31-20
三芝區,古庄,,6,三芝區,舊小基隆,四棧橋,26-1
三芝區,古庄,,60,三芝區,舊小基隆,茂興店,111-1
三芝區,古庄,,600,三芝區,舊小基隆,四棧橋,31-7
三芝區,古庄,,601,三芝區,舊小基隆,四棧橋,31-16
三芝區,古庄,,602,三芝區,舊小基隆,四棧橋,31-13
三芝區,古庄,,603,三芝區,舊小基隆,四棧橋,31-27
三芝區,古庄,,604,三芝區,舊小基隆,四棧橋,31-29
三芝區,古庄,,605,三芝區,舊小基隆,四棧橋,50-43
三芝區,古庄,,606,三芝區,舊小基隆,四棧橋,50-29
三芝區,古庄,,607,三芝區,舊小基隆,四棧橋,31-4
三芝區,古庄,,608,三芝區,舊小基隆,四棧橋,31-11
三芝區,古庄,,609,三芝區,舊小基隆,四棧橋,31-17
三芝區,古庄,,61,三芝區,舊小基隆,茂興店,111
三芝區,古庄,,610,三芝區,舊小基隆,四棧橋,31-19
三芝區,古庄,,611,三芝區,舊小基隆,四棧橋,31-24
三芝區,古庄,,612,三芝區,舊小基隆,四棧橋,31-2
三芝區,古庄,,613,三芝區,舊小基隆,四棧橋,31-25
三芝區,古庄,,614,三芝區,舊小基隆,四棧橋,33-10
三芝區,古庄,,615,三芝區,舊小基隆,四棧橋,31-15
三芝區,古庄,,616,三芝區,舊小基隆,四棧橋,32
三芝區,古庄,,617,三芝區,舊小基隆,四棧橋,49
三芝區,古庄,,618,三芝區,舊小基隆,四棧橋,52-7
三芝區,古庄,,619,三芝區,舊小基隆,四棧橋,52-6
三芝區,古庄,,62,三芝區,舊小基隆,茂興店,112-1
三芝區,古庄,,620,三芝區,舊小基隆,四棧橋,49-1
三芝區,古庄,,621,三芝區,舊小基隆,四棧橋,50-1
三芝區,古庄,,622,三芝區,舊小基隆,四棧橋,50-31
三芝區,古庄,,623,三芝區,舊小基隆,四棧橋,31-5
三芝區,古庄,,624,三芝區,舊小基隆,四棧橋,50-14
三芝區,古庄,,625,三芝區,舊小基隆,四棧橋,50-21
三芝區,古庄,,626,三芝區,舊小基隆,四棧橋,50-20
三芝區,古庄,,627,三芝區,舊小基隆,四棧橋,50-13
三芝區,古庄,,628,三芝區,舊小基隆,四棧橋,50-8
三芝區,古庄,,629,三芝區,舊小基隆,四棧橋,50-11
三芝區,古庄,,63,三芝區,舊小基隆,茂興店,105
三芝區,古庄,,630,三芝區,舊小基隆,四棧橋,50-10
三芝區,古庄,,631,三芝區,舊小基隆,四棧橋,50-26
三芝區,古庄,,632,三芝區,舊小基隆,四棧橋,50-40
三芝區,古庄,,633,三芝區,舊小基隆,四棧橋,50-39
三芝區,古庄,,634,三芝區,舊小基隆,四棧橋,50-9
三芝區,古庄,,635,三芝區,舊小基隆,四棧橋,50-3
三芝區,古庄,,636,三芝區,舊小基隆,四棧橋,50-38
三芝區,古庄,,637,三芝區,舊小基隆,四棧橋,50-36
三芝區,古庄,,638,三芝區,舊小基隆,四棧橋,50-18
三芝區,古庄,,639,三芝區,舊小基隆,四棧橋,50-19
三芝區,古庄,,64,三芝區,舊小基隆,茂興店,105-4
三芝區,古庄,,640,三芝區,舊小基隆,四棧橋,52-8
三芝區,古庄,,641,三芝區,舊小基隆,四棧橋,52-32
三芝區,古庄,,642,三芝區,舊小基隆,四棧橋,52-1
三芝區,古庄,,643,三芝區,舊小基隆,四棧橋,52-25
三芝區,古庄,,644,三芝區,舊小基隆,四棧橋,52-13
三芝區,古庄,,645,三芝區,舊小基隆,四棧橋,52-26
三芝區,古庄,,646,三芝區,舊小基隆,四棧橋,52-14
三芝區,古庄,,647,三芝區,舊小基隆,四棧橋,52-27
三芝區,古庄,,648,三芝區,舊小基隆,四棧橋,52-15
三芝區,古庄,,649,三芝區,舊小基隆,四棧橋,52-4
三芝區,古庄,,65,三芝區,舊小基隆,茂興店,105-2
三芝區,古庄,,650,三芝區,舊小基隆,四棧橋,31-21
三芝區,古庄,,651,三芝區,舊小基隆,四棧橋,50-17
三芝區,古庄,,652,三芝區,舊小基隆,四棧橋,50-24
三芝區,古庄,,653,三芝區,舊小基隆,四棧橋,50-2
三芝區,古庄,,654,三芝區,舊小基隆,四棧橋,51-6
三芝區,古庄,,655,三芝區,舊小基隆,四棧橋,50-32
三芝區,古庄,,656,三芝區,舊小基隆,四棧橋,50-34
三芝區,古庄,,657,三芝區,舊小基隆,四棧橋,50-16
三芝區,古庄,,658,三芝區,舊小基隆,四棧橋,50-22
三芝區,古庄,,659,三芝區,舊小基隆,四棧橋,50-23
三芝區,古庄,,66,三芝區,舊小基隆,茂興店,105-1
三芝區,古庄,,660,三芝區,舊小基隆,四棧橋,50-15
三芝區,古庄,,661,三芝區,舊小基隆,四棧橋,50-33
三芝區,古庄,,662,三芝區,舊小基隆,四棧橋,50-35
三芝區,古庄,,663,三芝區,舊小基隆,四棧橋,50-37
三芝區,古庄,,664,三芝區,舊小基隆,四棧橋,50-7
三芝區,古庄,,665,三芝區,舊小基隆,四棧橋,50-12
三芝區,古庄,,666,三芝區,舊小基隆,四棧橋,50-28
三芝區,古庄,,667,三芝區,舊小基隆,四棧橋,50-27
三芝區,古庄,,668,三芝區,舊小基隆,四棧橋,50-42
三芝區,古庄,,669,三芝區,舊小基隆,四棧橋,50-41
三芝區,古庄,,67,三芝區,舊小基隆,茂興店,107
三芝區,古庄,,670,三芝區,舊小基隆,四棧橋,50-5
三芝區,古庄,,671,三芝區,舊小基隆,四棧橋,50-4
三芝區,古庄,,672,三芝區,舊小基隆,四棧橋,47
三芝區,古庄,,673,三芝區,舊小基隆,四棧橋,55-22
三芝區,古庄,,674,三芝區,舊小基隆,四棧橋,55-83
三芝區,古庄,,675,三芝區,舊小基隆,茂興店,66-10
三芝區,古庄,,676,三芝區,舊小基隆,四棧橋,55-86
三芝區,古庄,,677,三芝區,舊小基隆,四棧橋,56-1
三芝區,古庄,,678,三芝區,舊小基隆,四棧橋,53-7
三芝區,古庄,,679,三芝區,舊小基隆,四棧橋,52-10
三芝區,古庄,,68,三芝區,舊小基隆,茂興店,104
三芝區,古庄,,680,三芝區,舊小基隆,四棧橋,52-12
三芝區,古庄,,681,三芝區,舊小基隆,四棧橋,52-11
三芝區,古庄,,682,三芝區,舊小基隆,四棧橋,48-9
三芝區,古庄,,683,三芝區,舊小基隆,四棧橋,53-8
三芝區,古庄,,684,三芝區,舊小基隆,四棧橋,55-6
三芝區,古庄,,685,三芝區,舊小基隆,四棧橋,55-78
三芝區,古庄,,686,三芝區,舊小基隆,四棧橋,55-21
三芝區,古庄,,687,三芝區,舊小基隆,四棧橋,61-1
三芝區,古庄,,688,三芝區,舊小基隆,四棧橋,52-20
三芝區,古庄,,689,三芝區,舊小基隆,四棧橋,62
三芝區,古庄,,69,三芝區,舊小基隆,茂興店,103-3
三芝區,古庄,,690,三芝區,舊小基隆,四棧橋,66-1
三芝區,古庄,,691,三芝區,舊小基隆,四棧橋,63-1
三芝區,古庄,,692,三芝區,舊小基隆,四棧橋,65
三芝區,古庄,,693,三芝區,舊小基隆,四棧橋,63
三芝區,古庄,,694,三芝區,舊小基隆,茂興店,66-16
三芝區,古庄,,695,三芝區,舊小基隆,茂興店,66-6
三芝區,古庄,,696,三芝區,舊小基隆,茂興店,71-1
三芝區,古庄,,697,三芝區,舊小基隆,茂興店,61-2
三芝區,古庄,,698,三芝區,舊小基隆,茂興店,72-4
三芝區,古庄,,699,三芝區,舊小基隆,茂興店,66-1
三芝區,古庄,,7,三芝區,舊小基隆,四棧橋,25-2
三芝區,古庄,,70,三芝區,舊小基隆,茂興店,103-2
三芝區,古庄,,700,三芝區,舊小基隆,茂興店,66-7
三芝區,古庄,,701,三芝區,舊小基隆,茂興店,66-3
三芝區,古庄,,702,三芝區,舊小基隆,茂興店,67-7
三芝區,古庄,,703,三芝區,舊小基隆,茂興店,66-18
三芝區,古庄,,704,三芝區,舊小基隆,茂興店,66-11
三芝區,古庄,,705,三芝區,舊小基隆,四棧橋,55-5
三芝區,古庄,,706,三芝區,舊小基隆,四棧橋,55-3
三芝區,古庄,,707,三芝區,舊小基隆,四棧橋,55-88
三芝區,古庄,,708,三芝區,舊小基隆,四棧橋,55-84
三芝區,古庄,,709,三芝區,舊小基隆,四棧橋,55-7
三芝區,古庄,,71,三芝區,舊小基隆,茂興店,105-3
三芝區,古庄,,710,三芝區,舊小基隆,茂興店,66-8
三芝區,古庄,,711,三芝區,舊小基隆,茂興店,66
三芝區,古庄,,712,三芝區,舊小基隆,茂興店,65-7
三芝區,古庄,,713,三芝區,舊小基隆,茂興店,62-4
三芝區,古庄,,714,三芝區,舊小基隆,茂興店,62
三芝區,古庄,,715,三芝區,舊小基隆,茂興店,62-7
三芝區,古庄,,716,三芝區,舊小基隆,茂興店,62-10
三芝區,古庄,,717,三芝區,舊小基隆,茂興店,65
三芝區,古庄,,718,三芝區,舊小基隆,茂興店,65-8
三芝區,古庄,,719,三芝區,舊小基隆,茂興店,65-9
三芝區,古庄,,72,三芝區,舊小基隆,茂興店,105-6
三芝區,古庄,,720,三芝區,舊小基隆,茂興店,66-19
三芝區,古庄,,721,三芝區,舊小基隆,茂興店,66-14
三芝區,古庄,,722,三芝區,舊小基隆,茂興店,66-15
三芝區,古庄,,723,三芝區,舊小基隆,茂興店,66-12
三芝區,古庄,,724,三芝區,舊小基隆,茂興店,66-13
三芝區,古庄,,725,三芝區,舊小基隆,四棧橋,58
三芝區,古庄,,726,三芝區,舊小基隆,四棧橋,55-4
三芝區,古庄,,727,三芝區,舊小基隆,四棧橋,55-85
三芝區,古庄,,728,三芝區,舊小基隆,四棧橋,55-87
三芝區,古庄,,729,三芝區,舊小基隆,四棧橋,56
三芝區,古庄,,73,三芝區,舊小基隆,茂興店,105-5
三芝區,古庄,,730,三芝區,舊小基隆,四棧橋,57
三芝區,古庄,,731,三芝區,舊小基隆,茂興店,61-1
三芝區,古庄,,732,三芝區,舊小基隆,茂興店,61-3
三芝區,古庄,,733,三芝區,舊小基隆,茂興店,20-11
三芝區,古庄,,734,三芝區,舊小基隆,茂興店,20-5
三芝區,古庄,,735,三芝區,舊小基隆,茂興店,20-6
三芝區,古庄,,736,三芝區,舊小基隆,茂興店,21
三芝區,古庄,,737,三芝區,舊小基隆,茂興店,60
三芝區,古庄,,738,三芝區,舊小基隆,茂興店,62-6
三芝區,古庄,,739,三芝區,舊小基隆,茂興店,62-2
三芝區,古庄,,74,三芝區,舊小基隆,茂興店,105-8
三芝區,古庄,,740,三芝區,舊小基隆,茂興店,62-3
三芝區,古庄,,741,三芝區,舊小基隆,茂興店,62-1
三芝區,古庄,,742,三芝區,舊小基隆,茂興店,56
三芝區,古庄,,743,三芝區,舊小基隆,茂興店,55-4
三芝區,古庄,,744,三芝區,舊小基隆,茂興店,57
三芝區,古庄,,745,三芝區,舊小基隆,茂興店,58-1
三芝區,古庄,,746,三芝區,舊小基隆,茂興店,58
三芝區,古庄,,747,三芝區,舊小基隆,茂興店,59
三芝區,古庄,,748,三芝區,舊小基隆,茂興店,35-2
三芝區,古庄,,749,三芝區,舊小基隆,茂興店,36
三芝區,古庄,,75,三芝區,舊小基隆,茂興店,105-10
三芝區,古庄,,750,三芝區,舊小基隆,茂興店,46
三芝區,古庄,,751,三芝區,舊小基隆,茂興店,47
三芝區,古庄,,752,三芝區,舊小基隆,茂興店,24
三芝區,古庄,,753,三芝區,舊小基隆,茂興店,22-1
三芝區,古庄,,754,三芝區,舊小基隆,茂興店,4-5
三芝區,古庄,,755,三芝區,舊小基隆,茂興店,6-1
三芝區,古庄,,756,三芝區,舊小基隆,茂興店,4-6
三芝區,古庄,,757,三芝區,舊小基隆,茂興店,25-1
三芝區,古庄,,758,三芝區,舊小基隆,茂興店,25
三芝區,古庄,,759,三芝區,舊小基隆,茂興店,23
三芝區,古庄,,76,三芝區,舊小基隆,茂興店,105-7
三芝區,古庄,,760,三芝區,舊小基隆,茂興店,22-3
三芝區,古庄,,761,三芝區,舊小基隆,茂興店,26
三芝區,古庄,,762,三芝區,舊小基隆,茂興店,27
三芝區,古庄,,763,三芝區,舊小基隆,茂興店,28
三芝區,古庄,,764,三芝區,舊小基隆,茂興店,29
三芝區,古庄,,765,三芝區,舊小基隆,茂興店,26-1
三芝區,古庄,,766,三芝區,舊小基隆,茂興店,31-3
三芝區,古庄,,767,三芝區,舊小基隆,茂興店,31-6
三芝區,古庄,,768,三芝區,舊小基隆,茂興店,5-1
三芝區,古庄,,769,三芝區,舊小基隆,茂興店,5
三芝區,古庄,,77,三芝區,舊小基隆,茂興店,105-9
三芝區,古庄,,770,三芝區,舊小基隆,茂興店,4-7
三芝區,古庄,,771,三芝區,舊小基隆,茂興店,4-8
三芝區,古庄,,772,三芝區,舊小基隆,茂興店,30
三芝區,古庄,,773,三芝區,舊小基隆,茂興店,31-8
三芝區,古庄,,774,三芝區,舊小基隆,茂興店,31-9
三芝區,古庄,,775,三芝區,舊小基隆,茂興店,31-4
三芝區,古庄,,776,三芝區,舊小基隆,茂興店,31-10
三芝區,古庄,,777,三芝區,舊小基隆,茂興店,31-11
三芝區,古庄,,778,三芝區,舊小基隆,茂興店,34
三芝區,古庄,,779,三芝區,舊小基隆,茂興店,35
三芝區,古庄,,78,三芝區,舊小基隆,茂興店,103-1
三芝區,古庄,,780,三芝區,舊小基隆,茂興店,35-3
三芝區,古庄,,781,三芝區,舊小基隆,茂興店,35-1
三芝區,古庄,,782,三芝區,舊小基隆,茂興店,37
三芝區,古庄,,783,三芝區,舊小基隆,茂興店,38
三芝區,古庄,,784,三芝區,舊小基隆,茂興店,40
三芝區,古庄,,785,三芝區,舊小基隆,茂興店,39
三芝區,古庄,,786,三芝區,舊小基隆,茂興店,41
三芝區,古庄,,787,三芝區,舊小基隆,茂興店,41-1
三芝區,古庄,,788,三芝區,舊小基隆,茂興店,34-1
三芝區,古庄,,789,三芝區,舊小基隆,茂興店,31-12
三芝區,古庄,,79,三芝區,舊小基隆,茂興店,103
三芝區,古庄,,790,三芝區,舊小基隆,茂興店,31
三芝區,古庄,,791,三芝區,舊小基隆,茂興店,4-4
三芝區,古庄,,792,三芝區,舊小基隆,茂興店,4-9
三芝區,古庄,,793,三芝區,舊小基隆,茂興店,4-10
三芝區,古庄,,794,三芝區,舊小基隆,茂興店,4
三芝區,古庄,,795,三芝區,舊小基隆,茂興店,4-3
三芝區,古庄,,796,三芝區,舊小基隆,茂興店,31-1
三芝區,古庄,,797,三芝區,舊小基隆,茂興店,31-5
三芝區,古庄,,798,三芝區,舊小基隆,茂興店,31-2
三芝區,古庄,,799,三芝區,舊小基隆,茂興店,2-2
三芝區,古庄,,8,三芝區,舊小基隆,四棧橋,25
三芝區,古庄,,80,三芝區,舊小基隆,茂興店,101-7
三芝區,古庄,,800,三芝區,舊小基隆,茂興店,4-2
三芝區,古庄,,801,三芝區,舊小基隆,茂興店,3-1
三芝區,古庄,,802,三芝區,舊小基隆,茂興店,3
三芝區,古庄,,803,三芝區,舊小基隆,茂興店,4-1
三芝區,古庄,,804,三芝區,舊小基隆,茂興店,2-1
三芝區,古庄,,805,三芝區,舊小基隆,茂興店,2
三芝區,古庄,,806,三芝區,舊小基隆,茂興店,2-3
三芝區,古庄,,807,三芝區,舊小基隆,茂興店,1
三芝區,古庄,,808,三芝區,舊小基隆,茂興店,1-1
三芝區,古庄,,809,三芝區,舊小基隆,茂興店,1-2
三芝區,古庄,,81,三芝區,舊小基隆,茂興店,101-8
三芝區,古庄,,810,三芝區,舊小基隆,茂興店,31-7
三芝區,古庄,,811,三芝區,舊小基隆,茂興店,48-1
三芝區,古庄,,812,三芝區,舊小基隆,茂興店,46-1
三芝區,古庄,,813,三芝區,舊小基隆,茂興店,45
三芝區,古庄,,814,三芝區,舊小基隆,茂興店,45-1
三芝區,古庄,,815,三芝區,舊小基隆,茂興店,43-3
三芝區,古庄,,816,三芝區,舊小基隆,茂興店,43-2
三芝區,古庄,,817,三芝區,舊小基隆,茂興店,43-1
三芝區,古庄,,818,三芝區,舊小基隆,茂興店,42
三芝區,古庄,,819,三芝區,舊小基隆,茂興店,32
三芝區,古庄,,82,三芝區,舊小基隆,茂興店,101
三芝區,古庄,,820,三芝區,舊小基隆,茂興店,33
三芝區,古庄,,821,三芝區,舊小基隆,茂興店,44
三芝區,古庄,,822,三芝區,舊小基隆,茂興店,44-1
三芝區,古庄,,823,三芝區,舊小基隆,茂興店,49
三芝區,古庄,,824,三芝區,舊小基隆,茂興店,49-1
三芝區,古庄,,825,三芝區,舊小基隆,茂興店,48
三芝區,古庄,,826,三芝區,舊小基隆,茂興店,51-3
三芝區,古庄,,827,三芝區,舊小基隆,茂興店,51-4
三芝區,古庄,,828,三芝區,舊小基隆,茂興店,62-8
三芝區,古庄,,829,三芝區,舊小基隆,茂興店,63
三芝區,古庄,,83,三芝區,舊小基隆,茂興店,101-2
三芝區,古庄,,830,三芝區,舊小基隆,茂興店,55
三芝區,古庄,,831,三芝區,舊小基隆,茂興店,55-3
三芝區,古庄,,832,三芝區,舊小基隆,茂興店,51
三芝區,古庄,,833,三芝區,舊小基隆,茂興店,50
三芝區,古庄,,834,三芝區,舊小基隆,茂興店,62-9
三芝區,古庄,,835,三芝區,舊小基隆,茂興店,62-12
三芝區,古庄,,836,三芝區,舊小基隆,茂興店,62-11
三芝區,古庄,,837,三芝區,舊小基隆,茂興店,64
三芝區,古庄,,838,三芝區,舊小基隆,茂興店,55-2
三芝區,古庄,,839,三芝區,舊小基隆,四棧橋,58-1
三芝區,古庄,,84,三芝區,舊小基隆,茂興店,101-4
三芝區,古庄,,840,三芝區,舊小基隆,四棧橋,58-3
三芝區,古庄,,841,三芝區,舊小基隆,茂興店,51-5
三芝區,古庄,,842,三芝區,舊小基隆,茂興店,54-1
三芝區,古庄,,843,三芝區,舊小基隆,茂興店,54
三芝區,古庄,,844,三芝區,舊小基隆,茂興店,55-5
三芝區,古庄,,845,三芝區,舊小基隆,茂興店,55-1
三芝區,古庄,,846,三芝區,舊小基隆,茂興店,55-8
三芝區,古庄,,847,三芝區,舊小基隆,茂興店,51-2
三芝區,古庄,,848,三芝區,舊小基隆,茂興店,51-1
三芝區,古庄,,849,三芝區,舊小基隆,茂興店,55-7
三芝區,古庄,,85,三芝區,舊小基隆,茂興店,101-5
三芝區,古庄,,850,三芝區,舊小基隆,茂興店,55-6
三芝區,古庄,,851,三芝區,舊小基隆,四棧橋,58-21
三芝區,古庄,,852,三芝區,舊小基隆,四棧橋,58-22
三芝區,古庄,,853,三芝區,舊小基隆,四棧橋,58-20
三芝區,古庄,,854,三芝區,舊小基隆,四棧橋,58-2
三芝區,古庄,,855,三芝區,舊小基隆,四棧橋,58-12
三芝區,古庄,,856,三芝區,舊小基隆,四棧橋,61-14
三芝區,古庄,,857,三芝區,舊小基隆,四棧橋,61-27
三芝區,古庄,,858,三芝區,舊小基隆,四棧橋,58-13
三芝區,古庄,,859,三芝區,舊小基隆,四棧橋,58-10
三芝區,古庄,,86,三芝區,舊小基隆,茂興店,101-1
三芝區,古庄,,860,三芝區,舊小基隆,四棧橋,58-7
三芝區,古庄,,861,三芝區,舊小基隆,四棧橋,58-24
三芝區,古庄,,862,三芝區,舊小基隆,四棧橋,58-4
三芝區,古庄,,863,三芝區,舊小基隆,茂興店,53
三芝區,古庄,,864,三芝區,舊小基隆,茂興店,52-1
三芝區,古庄,,865,三芝區,舊小基隆,茂興店,53-1
三芝區,古庄,,866,三芝區,舊小基隆,茂興店,55-9
三芝區,古庄,,867,三芝區,舊小基隆,茂興店,52
三芝區,古庄,,868,三芝區,舊小基隆,茂興店,55-10
三芝區,古庄,,869,三芝區,舊小基隆,四棧橋,58-8
三芝區,古庄,,87,三芝區,舊小基隆,茂興店,97-1
三芝區,古庄,,870,三芝區,舊小基隆,四棧橋,77-4
三芝區,古庄,,871,三芝區,舊小基隆,四棧橋,77-26
三芝區,古庄,,872,三芝區,舊小基隆,四棧橋,77-25
三芝區,古庄,,873,三芝區,舊小基隆,四棧橋,77-27
三芝區,古庄,,874,三芝區,舊小基隆,四棧橋,58-5
三芝區,古庄,,875,三芝區,舊小基隆,四棧橋,77-7
三芝區,古庄,,876,三芝區,舊小基隆,四棧橋,77-6
三芝區,古庄,,877,三芝區,舊小基隆,四棧橋,77-29
三芝區,古庄,,878,三芝區,舊小基隆,四棧橋,77-8
三芝區,古庄,,879,三芝區,舊小基隆,四棧橋,77-21
三芝區,古庄,,88,三芝區,舊小基隆,茂興店,96
三芝區,古庄,,880,三芝區,舊小基隆,四棧橋,77-33
三芝區,古庄,,881,三芝區,舊小基隆,四棧橋,61-21
三芝區,古庄,,882,三芝區,舊小基隆,四棧橋,57-1
三芝區,古庄,,883,三芝區,舊小基隆,四棧橋,58-26
三芝區,古庄,,884,三芝區,舊小基隆,四棧橋,58-25
三芝區,古庄,,885,三芝區,舊小基隆,四棧橋,58-14
三芝區,古庄,,886,三芝區,舊小基隆,四棧橋,58-17
三芝區,古庄,,887,三芝區,舊小基隆,茂興店,64-3
三芝區,古庄,,888,三芝區,舊小基隆,茂興店,66-17
三芝區,古庄,,889,三芝區,舊小基隆,茂興店,64-2
三芝區,古庄,,89,三芝區,舊小基隆,茂興店,101-6
三芝區,古庄,,890,三芝區,舊小基隆,茂興店,64-1
三芝區,古庄,,891,三芝區,舊小基隆,茂興店,55-11
三芝區,古庄,,892,三芝區,舊小基隆,四棧橋,58-23
三芝區,古庄,,893,三芝區,舊小基隆,四棧橋,58-16
三芝區,古庄,,894,三芝區,舊小基隆,四棧橋,58-19
三芝區,古庄,,895,三芝區,舊小基隆,四棧橋,58-18
三芝區,古庄,,896,三芝區,舊小基隆,四棧橋,58-15
三芝區,古庄,,897,三芝區,舊小基隆,四棧橋,58-27
三芝區,古庄,,898,三芝區,舊小基隆,四棧橋,61-9
三芝區,古庄,,899,三芝區,舊小基隆,四棧橋,61-33
三芝區,古庄,,9,三芝區,舊小基隆,四棧橋,26-10
三芝區,古庄,,90,三芝區,舊小基隆,茂興店,98-4
三芝區,古庄,,900,三芝區,舊小基隆,四棧橋,69-1
三芝區,古庄,,901,三芝區,舊小基隆,四棧橋,77-5
三芝區,古庄,,902,三芝區,舊小基隆,四棧橋,75-2
三芝區,古庄,,903,三芝區,舊小基隆,四棧橋,75-18
三芝區,古庄,,904,三芝區,舊小基隆,四棧橋,75-5
三芝區,古庄,,905,三芝區,舊小基隆,四棧橋,77-36
三芝區,古庄,,906,三芝區,舊小基隆,四棧橋,61-30
三芝區,古庄,,907,三芝區,舊小基隆,四棧橋,61-29
三芝區,古庄,,908,三芝區,舊小基隆,四棧橋,58-6
三芝區,古庄,,909,三芝區,舊小基隆,四棧橋,61-10
三芝區,古庄,,91,三芝區,舊小基隆,茂興店,98
三芝區,古庄,,910,三芝區,舊小基隆,四棧橋,58-11
三芝區,古庄,,911,三芝區,舊小基隆,四棧橋,58-9
三芝區,古庄,,912,三芝區,舊小基隆,四棧橋,61-25
三芝區,古庄,,913,三芝區,舊小基隆,四棧橋,61-13
三芝區,古庄,,914,三芝區,舊小基隆,四棧橋,61-7
三芝區,古庄,,915,三芝區,舊小基隆,四棧橋,61-12
三芝區,古庄,,916,三芝區,舊小基隆,四棧橋,77-11
三芝區,古庄,,917,三芝區,舊小基隆,四棧橋,77-12
三芝區,古庄,,918,三芝區,舊小基隆,四棧橋,77-19
三芝區,古庄,,919,三芝區,舊小基隆,四棧橋,77-2
三芝區,古庄,,92,三芝區,舊小基隆,茂興店,106-1
三芝區,古庄,,920,三芝區,舊小基隆,四棧橋,77-10
三芝區,古庄,,921,三芝區,舊小基隆,四棧橋,61-26
三芝區,古庄,,922,三芝區,舊小基隆,四棧橋,77-13
三芝區,古庄,,923,三芝區,舊小基隆,四棧橋,61-11
三芝區,古庄,,924,三芝區,舊小基隆,四棧橋,61-8
三芝區,古庄,,925,三芝區,舊小基隆,四棧橋,77-18
三芝區,古庄,,926,三芝區,舊小基隆,四棧橋,75-7
三芝區,古庄,,927,三芝區,舊小基隆,四棧橋,75-17
三芝區,古庄,,928,三芝區,舊小基隆,四棧橋,69-10
三芝區,古庄,,929,三芝區,舊小基隆,四棧橋,75-9
三芝區,古庄,,93,三芝區,舊小基隆,茂興店,102-2
三芝區,古庄,,930,三芝區,舊小基隆,四棧橋,76-2
三芝區,古庄,,931,三芝區,舊小基隆,四棧橋,76-4
三芝區,古庄,,932,三芝區,舊小基隆,四棧橋,76-6
三芝區,古庄,,933,三芝區,舊小基隆,四棧橋,75-16
三芝區,古庄,,934,三芝區,舊小基隆,四棧橋,75-15
三芝區,古庄,,935,三芝區,舊小基隆,四棧橋,75-8
三芝區,古庄,,936,三芝區,舊小基隆,四棧橋,77-34
三芝區,古庄,,937,三芝區,舊小基隆,四棧橋,77-20
三芝區,古庄,,938,三芝區,舊小基隆,四棧橋,77-9
三芝區,古庄,,939,三芝區,舊小基隆,四棧橋,61-6
三芝區,古庄,,94,三芝區,舊小基隆,茂興店,102-3
三芝區,古庄,,940,三芝區,舊小基隆,四棧橋,61-16
三芝區,古庄,,941,三芝區,舊小基隆,四棧橋,61-23
三芝區,古庄,,942,三芝區,舊小基隆,四棧橋,61-24
三芝區,古庄,,943,三芝區,舊小基隆,四棧橋,61-20
三芝區,古庄,,944,三芝區,舊小基隆,四棧橋,61-4
三芝區,古庄,,945,三芝區,舊小基隆,四棧橋,61-5
三芝區,古庄,,946,三芝區,舊小基隆,四棧橋,61-15
三芝區,古庄,,947,三芝區,舊小基隆,四棧橋,61-22
三芝區,古庄,,948,三芝區,舊小基隆,四棧橋,77-15
三芝區,古庄,,949,三芝區,舊小基隆,四棧橋,61-3
三芝區,古庄,,95,三芝區,舊小基隆,茂興店,102
三芝區,古庄,,950,三芝區,舊小基隆,四棧橋,61-2
三芝區,古庄,,951,三芝區,舊小基隆,四棧橋,79-1
三芝區,古庄,,952,三芝區,舊小基隆,四棧橋,75-11
三芝區,古庄,,953,三芝區,舊小基隆,四棧橋,76-1
三芝區,古庄,,954,三芝區,舊小基隆,四棧橋,75-22
三芝區,古庄,,955,三芝區,舊小基隆,四棧橋,75-21
三芝區,古庄,,956,三芝區,舊小基隆,四棧橋,79-2
三芝區,古庄,,957,三芝區,舊小基隆,四棧橋,79-3
三芝區,古庄,,958,三芝區,舊小基隆,四棧橋,79-14
三芝區,古庄,,959,三芝區,舊小基隆,四棧橋,52-9
三芝區,古庄,,96,三芝區,舊小基隆,茂興店,94-1
三芝區,古庄,,960,三芝區,舊小基隆,四棧橋,66
三芝區,古庄,,961,三芝區,舊小基隆,四棧橋,68
三芝區,古庄,,962,三芝區,舊小基隆,四棧橋,67
三芝區,古庄,,963,三芝區,舊小基隆,四棧橋,64
三芝區,古庄,,964,三芝區,舊小基隆,四棧橋,64-2
三芝區,古庄,,965,三芝區,舊小基隆,四棧橋,63-4
三芝區,古庄,,966,三芝區,舊小基隆,四棧橋,69-4
三芝區,古庄,,967,三芝區,舊小基隆,四棧橋,69-13
三芝區,古庄,,968,三芝區,舊小基隆,四棧橋,52-21
三芝區,古庄,,969,三芝區,舊小基隆,四棧橋,52-22
三芝區,古庄,,97,三芝區,舊小基隆,茂興店,94
三芝區,古庄,,970,三芝區,舊小基隆,四棧橋,52-23
三芝區,古庄,,971,三芝區,舊小基隆,四棧橋,52-24
三芝區,古庄,,972,三芝區,舊小基隆,四棧橋,52-17
三芝區,古庄,,973,三芝區,舊小基隆,四棧橋,52-16
三芝區,古庄,,974,三芝區,舊小基隆,四棧橋,52-18
三芝區,古庄,,975,三芝區,舊小基隆,四棧橋,52-19
三芝區,古庄,,976,三芝區,舊小基隆,四棧橋,69-9
三芝區,古庄,,977,三芝區,舊小基隆,四棧橋,63-3
三芝區,古庄,,978,三芝區,舊小基隆,四棧橋,69-5
三芝區,古庄,,979,三芝區,舊小基隆,四棧橋,69-6
三芝區,古庄,,98,三芝區,舊小基隆,茂興店,93
三芝區,古庄,,980,三芝區,舊小基隆,四棧橋,64-1
三芝區,古庄,,981,三芝區,舊小基隆,四棧橋,69-8
三芝區,古庄,,982,三芝區,舊小基隆,四棧橋,69-11
三芝區,古庄,,983,三芝區,舊小基隆,四棧橋,77-28
三芝區,古庄,,984,三芝區,舊小基隆,四棧橋,77-35
三芝區,古庄,,985,三芝區,舊小基隆,四棧橋,75-14
三芝區,古庄,,986,三芝區,舊小基隆,四棧橋,77-14
三芝區,古庄,,987,三芝區,舊小基隆,四棧橋,69-7
三芝區,古庄,,988,三芝區,舊小基隆,四棧橋,52-3
三芝區,古庄,,989,三芝區,舊小基隆,四棧橋,51-4
三芝區,古庄,,99,三芝區,舊小基隆,茂興店,108
三芝區,古庄,,990,三芝區,舊小基隆,四棧橋,51-8
三芝區,古庄,,991,三芝區,舊小基隆,四棧橋,51-7
三芝區,古庄,,992,三芝區,舊小基隆,四棧橋,69-12
三芝區,古庄,,993,三芝區,舊小基隆,四棧橋,69-3
三芝區,古庄,,994,三芝區,舊小基隆,四棧橋,72-5
三芝區,古庄,,995,三芝區,舊小基隆,四棧橋,72-3
三芝區,古庄,,996,三芝區,舊小基隆,四棧橋,72-2
三芝區,古庄,,997,三芝區,舊小基隆,四棧橋,72-4
三芝區,古庄,,998,三芝區,舊小基隆,四棧橋,75-20
三芝區,古庄,,999,三芝區,舊小基隆,四棧橋,75-12
三芝區,土地公埔,埔尾,165-3,三芝區,土地公埔,埔尾,165-2
三芝區,埔坪,,1,三芝區,舊小基隆,埔頭,149-1
三芝區,埔坪,,10,三芝區,舊小基隆,埔頭,174-73
三芝區,埔坪,,100,三芝區,舊小基隆,埔頭,174-81
三芝區,埔坪,,1000,三芝區,新小基隆,埔頭坑,85-130
三芝區,埔坪,,1001,三芝區,新小基隆,埔頭坑,85-131
三芝區,埔坪,,1002,三芝區,新小基隆,埔頭坑,85-132
三芝區,埔坪,,1003,三芝區,新小基隆,埔頭坑,85-133
三芝區,埔坪,,1004,三芝區,新小基隆,埔頭坑,85-134
三芝區,埔坪,,1005,三芝區,新小基隆,埔頭坑,85-135
三芝區,埔坪,,1006,三芝區,新小基隆,埔頭坑,85-136
三芝區,埔坪,,1007,三芝區,新小基隆,埔頭坑,85-138
三芝區,埔坪,,1008,三芝區,新小基隆,埔頭坑,85-139
三芝區,埔坪,,1009,三芝區,新小基隆,埔頭坑,85-140
三芝區,埔坪,,101,三芝區,舊小基隆,埔頭,143-5
三芝區,埔坪,,1010,三芝區,新小基隆,埔頭坑,85-141
三芝區,埔坪,,1011,三芝區,新小基隆,埔頭坑,85-137
三芝區,埔坪,,1012,三芝區,新小基隆,埔頭坑,85-143
三芝區,埔坪,,1013,三芝區,新小基隆,埔頭坑,85-6
三芝區,埔坪,,1014,三芝區,新小基隆,埔頭坑,81-50
三芝區,埔坪,,1015,三芝區,新小基隆,埔頭坑,81-49
三芝區,埔坪,,1016,三芝區,新小基隆,埔頭坑,81-11
三芝區,埔坪,,1017,三芝區,新小基隆,埔頭坑,85-33
三芝區,埔坪,,1018,三芝區,新小基隆,埔頭坑,85-56
三芝區,埔坪,,1019,三芝區,新小基隆,埔頭坑,85-1
三芝區,埔坪,,102,三芝區,舊小基隆,埔頭,142-9
三芝區,埔坪,,1020,三芝區,新小基隆,埔頭坑,85-46
三芝區,埔坪,,1021,三芝區,新小基隆,埔頭坑,85-52
三芝區,埔坪,,1022,三芝區,新小基隆,埔頭坑,84
三芝區,埔坪,,1023,三芝區,新小基隆,埔頭坑,81-7
三芝區,埔坪,,1024,三芝區,新小基隆,埔頭坑,81-6
三芝區,埔坪,,1025,三芝區,新小基隆,埔頭坑,81-9
三芝區,埔坪,,1026,三芝區,新小基隆,埔頭坑,81-8
三芝區,埔坪,,1027,三芝區,新小基隆,埔頭坑,83
三芝區,埔坪,,1028,三芝區,新小基隆,埔頭坑,81-5
三芝區,埔坪,,1029,三芝區,新小基隆,埔頭坑,81-44
三芝區,埔坪,,103,三芝區,舊小基隆,埔頭,141
三芝區,埔坪,,1030,三芝區,新小基隆,埔頭坑,81-93
三芝區,埔坪,,1031,三芝區,新小基隆,埔頭坑,81-86
三芝區,埔坪,,1032,三芝區,新小基隆,埔頭坑,82-4
三芝區,埔坪,,1033,三芝區,新小基隆,埔頭坑,82-3
三芝區,埔坪,,1034,三芝區,新小基隆,埔頭坑,82
三芝區,埔坪,,1035,三芝區,新小基隆,埔頭坑,83-4
三芝區,埔坪,,1036,三芝區,新小基隆,埔頭坑,83-21
三芝區,埔坪,,1037,三芝區,新小基隆,埔頭坑,83-3
三芝區,埔坪,,1038,三芝區,新小基隆,埔頭坑,83-6
三芝區,埔坪,,1039,三芝區,新小基隆,埔頭坑,83-2
三芝區,埔坪,,104,三芝區,舊小基隆,埔頭,142-12
三芝區,埔坪,,1040,三芝區,新小基隆,埔頭坑,83-1
三芝區,埔坪,,1041,三芝區,新小基隆,埔頭坑,83-8
三芝區,埔坪,,1042,三芝區,新小基隆,埔頭坑,83-9
三芝區,埔坪,,1043,三芝區,新小基隆,埔頭坑,81-52
三芝區,埔坪,,1044,三芝區,新小基隆,埔頭坑,84-5
三芝區,埔坪,,1045,三芝區,新小基隆,埔頭坑,85-26
三芝區,埔坪,,1047,三芝區,新小基隆,埔頭坑,85-27
三芝區,埔坪,,1048,三芝區,新小基隆,埔頭坑,84-6
三芝區,埔坪,,1049,三芝區,新小基隆,埔頭坑,84-1
三芝區,埔坪,,105,三芝區,舊小基隆,埔頭,142-20
三芝區,埔坪,,1050,三芝區,新小基隆,埔頭坑,83-10
三芝區,埔坪,,1051,三芝區,新小基隆,埔頭坑,83-15
三芝區,埔坪,,1052,三芝區,新小基隆,埔頭坑,83-17
三芝區,埔坪,,1053,三芝區,新小基隆,埔頭坑,83-12
三芝區,埔坪,,1054,三芝區,新小基隆,埔頭坑,83-11
三芝區,埔坪,,1055,三芝區,新小基隆,埔頭坑,83-18
三芝區,埔坪,,1056,三芝區,新小基隆,埔頭坑,84-19
三芝區,埔坪,,1057,三芝區,新小基隆,埔頭坑,84-18
三芝區,埔坪,,1058,三芝區,新小基隆,埔頭坑,84-7
三芝區,埔坪,,1059,三芝區,新小基隆,埔頭坑,84-10
三芝區,埔坪,,106,三芝區,舊小基隆,埔頭,142-16
三芝區,埔坪,,1060,三芝區,新小基隆,埔頭坑,84-2
三芝區,埔坪,,1061,三芝區,新小基隆,埔頭坑,84-4
三芝區,埔坪,,1062,三芝區,新小基隆,埔頭坑,84-26
三芝區,埔坪,,1063,三芝區,新小基隆,埔頭坑,84-8
三芝區,埔坪,,1064,三芝區,新小基隆,埔頭坑,84-13
三芝區,埔坪,,1065,三芝區,新小基隆,埔頭坑,85-28
三芝區,埔坪,,1066,三芝區,新小基隆,埔頭坑,84-9
三芝區,埔坪,,1067,三芝區,新小基隆,埔頭坑,85-63
三芝區,埔坪,,1068,三芝區,新小基隆,埔頭坑,85-155
三芝區,埔坪,,1069,三芝區,新小基隆,埔頭坑,85-154
三芝區,埔坪,,107,三芝區,舊小基隆,埔頭,142-7
三芝區,埔坪,,1070,三芝區,新小基隆,埔頭坑,85-184
三芝區,埔坪,,1071,三芝區,新小基隆,埔頭坑,43-16
三芝區,埔坪,,1072,三芝區,新小基隆,埔頭坑,45-4
三芝區,埔坪,,1073,三芝區,新小基隆,埔頭坑,45-14
三芝區,埔坪,,1074,三芝區,新小基隆,埔頭坑,44-38
三芝區,埔坪,,1075,三芝區,新小基隆,埔頭坑,44-28
三芝區,埔坪,,1076,三芝區,新小基隆,埔頭坑,44-27
三芝區,埔坪,,1077,三芝區,新小基隆,埔頭坑,44-26
三芝區,埔坪,,1078,三芝區,新小基隆,埔頭坑,44-25
三芝區,埔坪,,1079,三芝區,新小基隆,埔頭坑,45-13
三芝區,埔坪,,108,三芝區,舊小基隆,埔頭,142-8
三芝區,埔坪,,1080,三芝區,新小基隆,埔頭坑,44-24
三芝區,埔坪,,1081,三芝區,新小基隆,埔頭坑,45-12
三芝區,埔坪,,1082,三芝區,新小基隆,埔頭坑,44-23
三芝區,埔坪,,1083,三芝區,新小基隆,埔頭坑,45-9
三芝區,埔坪,,1084,三芝區,新小基隆,埔頭坑,45-11
三芝區,埔坪,,1085,三芝區,新小基隆,埔頭坑,44-22
三芝區,埔坪,,1086,三芝區,新小基隆,埔頭坑,44-31
三芝區,埔坪,,1087,三芝區,新小基隆,埔頭坑,45-8
三芝區,埔坪,,1088,三芝區,新小基隆,埔頭坑,45-10
三芝區,埔坪,,1089,三芝區,新小基隆,埔頭坑,44-21
三芝區,埔坪,,109,三芝區,舊小基隆,埔頭,142-34
三芝區,埔坪,,1090,三芝區,新小基隆,埔頭坑,44-13
三芝區,埔坪,,1091,三芝區,新小基隆,埔頭坑,44-17
三芝區,埔坪,,1092,三芝區,新小基隆,埔頭坑,44-20
三芝區,埔坪,,1093,三芝區,新小基隆,埔頭坑,44-14
三芝區,埔坪,,1094,三芝區,新小基隆,埔頭坑,44-30
三芝區,埔坪,,1095,三芝區,新小基隆,埔頭坑,85-148
三芝區,埔坪,,1096,三芝區,新小基隆,埔頭坑,44-29
三芝區,埔坪,,1097,三芝區,新小基隆,埔頭坑,48-3
三芝區,埔坪,,1098,三芝區,新小基隆,埔頭坑,85-47
三芝區,埔坪,,1099,三芝區,新小基隆,埔頭坑,85-51
三芝區,埔坪,,11,三芝區,舊小基隆,埔頭,113-27
三芝區,埔坪,,1100,三芝區,新小基隆,埔頭坑,85-152
三芝區,埔坪,,1101,三芝區,新小基隆,埔頭坑,85-149
三芝區,埔坪,,1102,三芝區,新小基隆,埔頭坑,85-48
三芝區,埔坪,,1103,三芝區,新小基隆,埔頭坑,85-160
三芝區,埔坪,,1104,三芝區,新小基隆,埔頭坑,85-159
三芝區,埔坪,,1105,三芝區,新小基隆,埔頭坑,85-161
三芝區,埔坪,,1106,三芝區,新小基隆,埔頭坑,85-62
三芝區,埔坪,,1107,三芝區,新小基隆,埔頭坑,85-163
三芝區,埔坪,,1108,三芝區,新小基隆,埔頭坑,85-164
三芝區,埔坪,,1109,三芝區,新小基隆,埔頭坑,47-2
三芝區,埔坪,,111,三芝區,舊小基隆,埔頭,142-6
三芝區,埔坪,,1110,三芝區,新小基隆,埔頭坑,85-17
三芝區,埔坪,,1111,三芝區,新小基隆,埔頭坑,47-1
三芝區,埔坪,,1112,三芝區,新小基隆,埔頭坑,84-15
三芝區,埔坪,,1113,三芝區,新小基隆,埔頭坑,84-33
三芝區,埔坪,,1114,三芝區,新小基隆,埔頭坑,84-32
三芝區,埔坪,,1115,三芝區,新小基隆,埔頭坑,84-24
三芝區,埔坪,,1116,三芝區,新小基隆,埔頭坑,84-21
三芝區,埔坪,,1117,三芝區,新小基隆,埔頭坑,84-12
三芝區,埔坪,,1118,三芝區,新小基隆,埔頭坑,83-13
三芝區,埔坪,,1119,三芝區,新小基隆,埔頭坑,44-18
三芝區,埔坪,,112,三芝區,舊小基隆,埔頭,142-5
三芝區,埔坪,,1120,三芝區,新小基隆,埔頭坑,44-33
三芝區,埔坪,,1121,三芝區,新小基隆,埔頭坑,44-3
三芝區,埔坪,,1122,三芝區,新小基隆,埔頭坑,44-8
三芝區,埔坪,,1123,三芝區,新小基隆,埔頭坑,45-3
三芝區,埔坪,,1124,三芝區,新小基隆,埔頭坑,48-1
三芝區,埔坪,,1125,三芝區,新小基隆,埔頭坑,48-4
三芝區,埔坪,,1126,三芝區,新小基隆,埔頭坑,85-49
三芝區,埔坪,,1127,三芝區,新小基隆,埔頭坑,85-13
三芝區,埔坪,,1128,三芝區,新小基隆,埔頭坑,85-162
三芝區,埔坪,,1129,三芝區,新小基隆,埔頭坑,85-178
三芝區,埔坪,,113,三芝區,舊小基隆,埔頭,142-4
三芝區,埔坪,,1130,三芝區,新小基隆,埔頭坑,85-181
三芝區,埔坪,,1131,三芝區,新小基隆,埔頭坑,85-180
三芝區,埔坪,,1132,三芝區,新小基隆,埔頭坑,85-179
三芝區,埔坪,,1133,三芝區,新小基隆,埔頭坑,85-182
三芝區,埔坪,,1134,三芝區,新小基隆,埔頭坑,85-183
三芝區,埔坪,,1135,三芝區,新小基隆,埔頭坑,85-14
三芝區,埔坪,,1136,三芝區,新小基隆,埔頭坑,85-171
三芝區,埔坪,,1137,三芝區,新小基隆,埔頭坑,85-172
三芝區,埔坪,,1138,三芝區,新小基隆,埔頭坑,85-173
三芝區,埔坪,,1139,三芝區,新小基隆,埔頭坑,85-174
三芝區,埔坪,,114,三芝區,舊小基隆,埔頭,142-1
三芝區,埔坪,,1140,三芝區,新小基隆,埔頭坑,85-175
三芝區,埔坪,,1141,三芝區,新小基隆,埔頭坑,85-176
三芝區,埔坪,,1142,三芝區,新小基隆,埔頭坑,85-177
三芝區,埔坪,,1143,三芝區,新小基隆,埔頭坑,85-15
三芝區,埔坪,,1144,三芝區,新小基隆,埔頭坑,48-2
三芝區,埔坪,,1145,三芝區,新小基隆,埔頭坑,44-1
三芝區,埔坪,,1146,三芝區,新小基隆,埔頭坑,43-5
三芝區,埔坪,,1147,三芝區,新小基隆,埔頭坑,43-14
三芝區,埔坪,,1148,三芝區,新小基隆,埔頭坑,42-21
三芝區,埔坪,,1149,三芝區,新小基隆,埔頭坑,42-5
三芝區,埔坪,,115,三芝區,舊小基隆,埔頭,142-3
三芝區,埔坪,,1150,三芝區,新小基隆,埔頭坑,42-8
三芝區,埔坪,,1151,三芝區,新小基隆,埔頭坑,42-17
三芝區,埔坪,,1152,三芝區,新小基隆,埔頭坑,40-2
三芝區,埔坪,,1153,三芝區,新小基隆,埔頭坑,41
三芝區,埔坪,,1154,三芝區,新小基隆,埔頭坑,44-36
三芝區,埔坪,,1155,三芝區,新小基隆,埔頭坑,44-5
三芝區,埔坪,,1156,三芝區,新小基隆,埔頭坑,44-37
三芝區,埔坪,,1157,三芝區,新小基隆,埔頭坑,44-2
三芝區,埔坪,,1158,三芝區,新小基隆,埔頭坑,44-9
三芝區,埔坪,,1159,三芝區,新小基隆,埔頭坑,45
三芝區,埔坪,,116,三芝區,舊小基隆,埔頭,142-2
三芝區,埔坪,,1160,三芝區,新小基隆,埔頭坑,48
三芝區,埔坪,,1161,三芝區,新小基隆,埔頭坑,47
三芝區,埔坪,,1162,三芝區,新小基隆,埔頭坑,44-10
三芝區,埔坪,,1163,三芝區,新小基隆,埔頭坑,44-34
三芝區,埔坪,,1164,三芝區,新小基隆,埔頭坑,38-2
三芝區,埔坪,,1165,三芝區,新小基隆,埔頭坑,41-1
三芝區,埔坪,,1166,三芝區,新小基隆,埔頭坑,40
三芝區,埔坪,,1167,三芝區,新小基隆,埔頭坑,35-4
三芝區,埔坪,,1168,三芝區,新小基隆,埔頭坑,35-1
三芝區,埔坪,,1169,三芝區,新小基隆,埔頭坑,35-6
三芝區,埔坪,,117,三芝區,舊小基隆,埔頭,142
三芝區,埔坪,,1170,三芝區,新小基隆,埔頭坑,35-7
三芝區,埔坪,,1171,三芝區,新小基隆,埔頭坑,35-14
三芝區,埔坪,,1172,三芝區,新小基隆,埔頭坑,35
三芝區,埔坪,,1173,三芝區,新小基隆,埔頭坑,35-13
三芝區,埔坪,,1174,三芝區,新小基隆,埔頭坑,35-11
三芝區,埔坪,,1175,三芝區,新小基隆,埔頭坑,35-24
三芝區,埔坪,,1176,三芝區,新小基隆,埔頭坑,35-25
三芝區,埔坪,,1177,三芝區,新小基隆,埔頭坑,35-2
三芝區,埔坪,,1178,三芝區,新小基隆,埔頭坑,36
三芝區,埔坪,,1179,三芝區,新小基隆,埔頭坑,36-6
三芝區,埔坪,,118,三芝區,舊小基隆,埔頭,142-10
三芝區,埔坪,,1180,三芝區,新小基隆,埔頭坑,35-5
三芝區,埔坪,,1181,三芝區,新小基隆,埔頭坑,40-1
三芝區,埔坪,,1182,三芝區,新小基隆,埔頭坑,36-8
三芝區,埔坪,,1183,三芝區,新小基隆,埔頭坑,36-9
三芝區,埔坪,,1184,三芝區,新小基隆,埔頭坑,39-4
三芝區,埔坪,,1185,三芝區,新小基隆,埔頭坑,39-3
三芝區,埔坪,,1186,三芝區,新小基隆,埔頭坑,39-6
三芝區,埔坪,,1187,三芝區,新小基隆,埔頭坑,36-14
三芝區,埔坪,,1188,三芝區,新小基隆,埔頭坑,36-37
三芝區,埔坪,,1189,三芝區,新小基隆,埔頭坑,36-1
三芝區,埔坪,,119,三芝區,舊小基隆,埔頭,142-11
三芝區,埔坪,,1190,三芝區,新小基隆,埔頭坑,35-18
三芝區,埔坪,,1191,三芝區,新小基隆,埔頭坑,36-2
三芝區,埔坪,,1192,三芝區,新小基隆,埔頭坑,36-3
三芝區,埔坪,,1193,三芝區,新小基隆,埔頭坑,36-20
三芝區,埔坪,,1194,三芝區,新小基隆,埔頭坑,36-7
三芝區,埔坪,,1195,三芝區,新小基隆,埔頭坑,36-5
三芝區,埔坪,,1196,三芝區,新小基隆,埔頭坑,36-17
三芝區,埔坪,,1197,三芝區,新小基隆,埔頭坑,36-16
三芝區,埔坪,,1198,三芝區,新小基隆,埔頭坑,36-15
三芝區,埔坪,,1199,三芝區,新小基隆,埔頭坑,36-13
三芝區,埔坪,,12,三芝區,舊小基隆,埔頭,166
三芝區,埔坪,,120,三芝區,舊小基隆,埔頭,142-25
三芝區,埔坪,,1200,三芝區,新小基隆,埔頭坑,36-11
三芝區,埔坪,,1201,三芝區,新小基隆,埔頭坑,36-10
三芝區,埔坪,,1202,三芝區,新小基隆,埔頭坑,39-2
三芝區,埔坪,,1203,三芝區,新小基隆,埔頭坑,39-7
三芝區,埔坪,,1204,三芝區,新小基隆,埔頭坑,39
三芝區,埔坪,,1205,三芝區,新小基隆,埔頭坑,39-1
三芝區,埔坪,,1206,三芝區,新小基隆,埔頭坑,36-4
三芝區,埔坪,,1207,三芝區,新小基隆,埔頭坑,36-21
三芝區,埔坪,,1208,三芝區,新小基隆,埔頭坑,36-12
三芝區,埔坪,,1209,三芝區,新小基隆,埔頭坑,36-36
三芝區,埔坪,,121,三芝區,舊小基隆,埔頭,142-26
三芝區,埔坪,,1210,三芝區,新小基隆,埔頭坑,36-19
三芝區,埔坪,,1211,三芝區,新小基隆,埔頭坑,37
三芝區,埔坪,,1212,三芝區,新小基隆,埔頭坑,38
三芝區,埔坪,,1213,三芝區,新小基隆,埔頭坑,44-11
三芝區,埔坪,,1214,三芝區,新小基隆,埔頭坑,44-35
三芝區,埔坪,,1215,三芝區,新小基隆,埔頭坑,47-3
三芝區,埔坪,,1216,三芝區,新小基隆,埔頭坑,85-54
三芝區,埔坪,,1217,三芝區,新小基隆,埔頭坑,85-57
三芝區,埔坪,,1218,三芝區,新小基隆,埔頭坑,84-16
三芝區,埔坪,,1219,三芝區,新小基隆,埔頭坑,84-3
三芝區,埔坪,,122,三芝區,舊小基隆,埔頭,142-27
三芝區,埔坪,,1220,三芝區,新小基隆,埔頭坑,84-25
三芝區,埔坪,,1221,三芝區,新小基隆,埔頭坑,86-1
三芝區,埔坪,,1222,三芝區,新小基隆,埔頭坑,86
三芝區,埔坪,,1223,三芝區,新小基隆,埔頭坑,86-2
三芝區,埔坪,,1224,三芝區,新小基隆,埔頭坑,84-22
三芝區,埔坪,,1225,三芝區,新小基隆,埔頭坑,83-14
三芝區,埔坪,,1226,三芝區,新小基隆,埔頭坑,88-1
三芝區,埔坪,,1227,三芝區,新小基隆,埔頭坑,87-3
三芝區,埔坪,,1228,三芝區,新小基隆,埔頭坑,88-3
三芝區,埔坪,,1229,三芝區,新小基隆,埔頭坑,88-10
三芝區,埔坪,,123,三芝區,舊小基隆,埔頭,141-2
三芝區,埔坪,,1230,三芝區,新小基隆,埔頭坑,87
三芝區,埔坪,,1231,三芝區,新小基隆,埔頭坑,87-1
三芝區,埔坪,,1232,三芝區,新小基隆,埔頭坑,87-2
三芝區,埔坪,,1233,三芝區,新小基隆,埔頭坑,88-2
三芝區,埔坪,,1234,三芝區,新小基隆,埔頭坑,89
三芝區,埔坪,,1235,三芝區,新小基隆,埔頭坑,92-6
三芝區,埔坪,,1236,三芝區,新小基隆,埔頭坑,89-11
三芝區,埔坪,,1237,三芝區,新小基隆,埔頭坑,89-12
三芝區,埔坪,,1238,三芝區,新小基隆,埔頭坑,89-16
三芝區,埔坪,,1239,三芝區,新小基隆,埔頭坑,89-13
三芝區,埔坪,,124,三芝區,舊小基隆,埔頭,141-1
三芝區,埔坪,,1240,三芝區,新小基隆,埔頭坑,89-14
三芝區,埔坪,,1241,三芝區,新小基隆,埔頭坑,89-15
三芝區,埔坪,,1242,三芝區,新小基隆,埔頭坑,91-4
三芝區,埔坪,,1243,三芝區,新小基隆,埔頭坑,92-7
三芝區,埔坪,,1244,三芝區,新小基隆,埔頭坑,92
三芝區,埔坪,,1245,三芝區,新小基隆,埔頭坑,91
三芝區,埔坪,,1246,三芝區,新小基隆,埔頭坑,91-3
三芝區,埔坪,,1247,三芝區,新小基隆,埔頭坑,91-2
三芝區,埔坪,,1248,三芝區,新小基隆,埔頭坑,91-1
三芝區,埔坪,,1249,三芝區,新小基隆,埔頭坑,93-2
三芝區,埔坪,,125,三芝區,舊小基隆,埔頭,140
三芝區,埔坪,,1250,三芝區,新小基隆,埔頭坑,93-21
三芝區,埔坪,,1251,三芝區,新小基隆,埔頭坑,93-96
三芝區,埔坪,,1252,三芝區,新小基隆,埔頭坑,93-92
三芝區,埔坪,,1253,三芝區,新小基隆,埔頭坑,93-95
三芝區,埔坪,,1254,三芝區,新小基隆,埔頭坑,93-94
三芝區,埔坪,,1255,三芝區,新小基隆,埔頭坑,93-56
三芝區,埔坪,,1256,三芝區,新小基隆,埔頭坑,93-55
三芝區,埔坪,,1257,三芝區,新小基隆,埔頭坑,44-12
三芝區,埔坪,,1258,三芝區,新小基隆,埔頭坑,44
三芝區,埔坪,,1259,三芝區,新小基隆,埔頭坑,38-1
三芝區,埔坪,,126,三芝區,舊小基隆,埔頭,142-33
三芝區,埔坪,,1260,三芝區,新小基隆,埔頭坑,39-5
三芝區,埔坪,,1261,三芝區,新小基隆,埔頭坑,93
三芝區,埔坪,,1262,三芝區,新小基隆,埔頭坑,93-54
三芝區,埔坪,,1263,三芝區,新小基隆,埔頭坑,93-59
三芝區,埔坪,,1264,三芝區,新小基隆,埔頭坑,93-58
三芝區,埔坪,,1265,三芝區,新小基隆,埔頭坑,93-1
三芝區,埔坪,,1266,三芝區,新小基隆,埔頭坑,93-10
三芝區,埔坪,,1267,三芝區,新小基隆,埔頭坑,93-88
三芝區,埔坪,,1268,三芝區,新小基隆,埔頭坑,93-87
三芝區,埔坪,,1269,三芝區,新小基隆,埔頭坑,93-91
三芝區,埔坪,,127,三芝區,舊小基隆,埔頭,138-1
三芝區,埔坪,,1270,三芝區,新小基隆,埔頭坑,93-89
三芝區,埔坪,,1271,三芝區,新小基隆,埔頭坑,93-90
三芝區,埔坪,,1272,三芝區,新小基隆,埔頭坑,93-11
三芝區,埔坪,,1273,三芝區,新小基隆,埔頭坑,93-13
三芝區,埔坪,,1274,三芝區,新小基隆,埔頭坑,93-14
三芝區,埔坪,,1275,三芝區,新小基隆,埔頭坑,93-36
三芝區,埔坪,,1276,三芝區,新小基隆,埔頭坑,93-16
三芝區,埔坪,,1277,三芝區,新小基隆,埔頭坑,93-17
三芝區,埔坪,,1278,三芝區,新小基隆,埔頭坑,94-1
三芝區,埔坪,,1279,三芝區,新小基隆,埔頭坑,93-78
三芝區,埔坪,,128,三芝區,舊小基隆,埔頭,138-2
三芝區,埔坪,,1280,三芝區,新小基隆,埔頭坑,93-79
三芝區,埔坪,,1281,三芝區,新小基隆,埔頭坑,93-39
三芝區,埔坪,,1282,三芝區,新小基隆,埔頭坑,93-80
三芝區,埔坪,,1283,三芝區,新小基隆,埔頭坑,93-3
三芝區,埔坪,,1284,三芝區,新小基隆,埔頭坑,93-4
三芝區,埔坪,,1286,三芝區,新小基隆,埔頭坑,34
三芝區,埔坪,,1287,三芝區,新小基隆,埔頭坑,93-5
三芝區,埔坪,,1288,三芝區,新小基隆,埔頭坑,33-9
三芝區,埔坪,,1289,三芝區,新小基隆,埔頭坑,33-8
三芝區,埔坪,,129,三芝區,舊小基隆,埔頭,139
三芝區,埔坪,,1290,三芝區,新小基隆,埔頭坑,33-1
三芝區,埔坪,,1291,三芝區,新小基隆,埔頭坑,33
三芝區,埔坪,,1292,三芝區,新小基隆,埔頭坑,33-2
三芝區,埔坪,,1293,三芝區,新小基隆,埔頭坑,33-4
三芝區,埔坪,,1294,三芝區,新小基隆,埔頭坑,33-5
三芝區,埔坪,,1295,三芝區,新小基隆,埔頭坑,33-3
三芝區,埔坪,,1296,三芝區,新小基隆,埔頭坑,33-6
三芝區,埔坪,,1297,三芝區,新小基隆,埔頭坑,33-7
三芝區,埔坪,,1298,三芝區,新小基隆,埔頭坑,93-7
三芝區,埔坪,,1299,三芝區,新小基隆,埔頭坑,93-6
三芝區,埔坪,,13,三芝區,舊小基隆,埔頭,168
三芝區,埔坪,,130,三芝區,舊小基隆,埔頭,139-1
三芝區,埔坪,,1300,三芝區,新小基隆,埔頭坑,93-28
三芝區,埔坪,,1301,三芝區,新小基隆,埔頭坑,92-3
三芝區,埔坪,,1302,三芝區,新小基隆,埔頭坑,89-9
三芝區,埔坪,,1303,三芝區,新小基隆,埔頭坑,93-27
三芝區,埔坪,,1304,三芝區,新小基隆,埔頭坑,93-22
三芝區,埔坪,,1305,三芝區,新小基隆,埔頭坑,93-50
三芝區,埔坪,,1306,三芝區,新小基隆,埔頭坑,93-51
三芝區,埔坪,,1307,三芝區,新小基隆,埔頭坑,93-44
三芝區,埔坪,,1308,三芝區,新小基隆,埔頭坑,93-46
三芝區,埔坪,,1309,三芝區,新小基隆,埔頭坑,93-81
三芝區,埔坪,,131,三芝區,舊小基隆,埔頭,135-11
三芝區,埔坪,,1310,三芝區,新小基隆,埔頭坑,93-8
三芝區,埔坪,,1311,三芝區,新小基隆,埔頭坑,93-48
三芝區,埔坪,,1312,三芝區,新小基隆,埔頭坑,93-82
三芝區,埔坪,,1313,三芝區,新小基隆,埔頭坑,93-68
三芝區,埔坪,,1314,三芝區,新小基隆,埔頭坑,93-45
三芝區,埔坪,,1315,三芝區,新小基隆,埔頭坑,93-72
三芝區,埔坪,,1316,三芝區,新小基隆,埔頭坑,93-69
三芝區,埔坪,,1317,三芝區,新小基隆,埔頭坑,93-38
三芝區,埔坪,,1318,三芝區,新小基隆,埔頭坑,93-43
三芝區,埔坪,,1319,三芝區,新小基隆,埔頭坑,93-19
三芝區,埔坪,,132,三芝區,舊小基隆,埔頭,137-4
三芝區,埔坪,,1320,三芝區,新小基隆,埔頭坑,93-42
三芝區,埔坪,,1321,三芝區,新小基隆,埔頭坑,93-40
三芝區,埔坪,,1322,三芝區,新小基隆,埔頭坑,93-30
三芝區,埔坪,,1323,三芝區,新小基隆,埔頭坑,93-93
三芝區,埔坪,,1324,三芝區,新小基隆,埔頭坑,93-33
三芝區,埔坪,,1325,三芝區,新小基隆,埔頭坑,93-37
三芝區,埔坪,,1326,三芝區,新小基隆,埔頭坑,93-31
三芝區,埔坪,,1327,三芝區,新小基隆,埔頭坑,94-2
三芝區,埔坪,,1329,三芝區,新小基隆,埔頭坑,93-29
三芝區,埔坪,,133,三芝區,舊小基隆,埔頭,137-5
三芝區,埔坪,,1330,三芝區,新小基隆,埔頭坑,93-34
三芝區,埔坪,,1331,三芝區,新小基隆,埔頭坑,93-35
三芝區,埔坪,,1332,三芝區,新小基隆,埔頭坑,93-62
三芝區,埔坪,,1333,三芝區,新小基隆,埔頭坑,93-63
三芝區,埔坪,,1334,三芝區,新小基隆,埔頭坑,93-15
三芝區,埔坪,,1335,三芝區,新小基隆,埔頭坑,93-60
三芝區,埔坪,,1336,三芝區,新小基隆,埔頭坑,93-61
三芝區,埔坪,,1337,三芝區,新小基隆,埔頭坑,94
三芝區,埔坪,,1338,三芝區,新小基隆,埔頭坑,93-77
三芝區,埔坪,,1339,三芝區,新小基隆,埔頭坑,93-76
三芝區,埔坪,,134,三芝區,舊小基隆,埔頭,137-6
三芝區,埔坪,,1340,三芝區,新小基隆,埔頭坑,93-32
三芝區,埔坪,,1341,三芝區,新小基隆,埔頭坑,93-18
三芝區,埔坪,,1342,三芝區,新小基隆,埔頭坑,93-65
三芝區,埔坪,,1343,三芝區,新小基隆,埔頭坑,93-66
三芝區,埔坪,,1344,三芝區,新小基隆,埔頭坑,93-64
三芝區,埔坪,,1345,三芝區,新小基隆,埔頭坑,93-23
三芝區,埔坪,,1347,三芝區,新小基隆,埔頭坑,93-70
三芝區,埔坪,,1348,三芝區,新小基隆,埔頭坑,93-25
三芝區,埔坪,,1349,三芝區,新小基隆,埔頭坑,93-67
三芝區,埔坪,,135,三芝區,舊小基隆,埔頭,137-7
三芝區,埔坪,,1350,三芝區,新小基隆,埔頭坑,93-24
三芝區,埔坪,,1351,三芝區,新小基隆,埔頭坑,93-71
三芝區,埔坪,,1352,三芝區,新小基隆,埔頭坑,98-1
三芝區,埔坪,,1353,三芝區,新小基隆,埔頭坑,98-2
三芝區,埔坪,,1354,三芝區,新小基隆,埔頭坑,93-9
三芝區,埔坪,,1355,三芝區,新小基隆,埔頭坑,98
三芝區,埔坪,,1356,三芝區,新小基隆,埔頭坑,98-29
三芝區,埔坪,,1357,三芝區,新小基隆,埔頭坑,98-4
三芝區,埔坪,,1358,三芝區,新小基隆,埔頭坑,98-22
三芝區,埔坪,,1359,三芝區,新小基隆,埔頭坑,98-30
三芝區,埔坪,,136,三芝區,舊小基隆,埔頭,137-3
三芝區,埔坪,,1360,三芝區,新小基隆,埔頭坑,98-27
三芝區,埔坪,,1361,三芝區,新小基隆,埔頭坑,98-21
三芝區,埔坪,,1362,三芝區,新小基隆,埔頭坑,98-20
三芝區,埔坪,,1363,三芝區,新小基隆,埔頭坑,98-19
三芝區,埔坪,,1364,三芝區,新小基隆,埔頭坑,98-24
三芝區,埔坪,,1365,三芝區,新小基隆,埔頭坑,98-7
三芝區,埔坪,,1366,三芝區,新小基隆,埔頭坑,98-31
三芝區,埔坪,,1367,三芝區,新小基隆,埔頭坑,98-5
三芝區,埔坪,,1368,三芝區,新小基隆,埔頭坑,98-6
三芝區,埔坪,,1369,三芝區,新小基隆,埔頭坑,98-8
三芝區,埔坪,,137,三芝區,舊小基隆,埔頭,136-4
三芝區,埔坪,,1370,三芝區,新小基隆,埔頭坑,98-28
三芝區,埔坪,,1371,三芝區,新小基隆,埔頭坑,98-25
三芝區,埔坪,,1372,三芝區,新小基隆,埔頭坑,98-18
三芝區,埔坪,,1373,三芝區,新小基隆,埔頭坑,98-17
三芝區,埔坪,,1374,三芝區,新小基隆,埔頭坑,98-16
三芝區,埔坪,,1375,三芝區,新小基隆,埔頭坑,98-15
三芝區,埔坪,,1376,三芝區,新小基隆,埔頭坑,98-14
三芝區,埔坪,,1377,三芝區,新小基隆,埔頭坑,98-9
三芝區,埔坪,,1378,三芝區,新小基隆,埔頭坑,98-13
三芝區,埔坪,,1379,三芝區,新小基隆,埔頭坑,98-12
三芝區,埔坪,,138,三芝區,舊小基隆,埔頭,136-3
三芝區,埔坪,,1380,三芝區,新小基隆,埔頭坑,98-11
三芝區,埔坪,,1381,三芝區,新小基隆,埔頭坑,98-10
三芝區,埔坪,,1382,三芝區,新小基隆,埔頭坑,97
三芝區,埔坪,,1383,三芝區,新小基隆,埔頭坑,95-1
三芝區,埔坪,,1384,三芝區,新小基隆,埔頭坑,95-2
三芝區,埔坪,,1385,三芝區,新小基隆,埔頭坑,96-1
三芝區,埔坪,,1386,三芝區,新小基隆,埔頭坑,96
三芝區,埔坪,,1387,三芝區,新小基隆,埔頭坑,96-5
三芝區,埔坪,,1388,三芝區,新小基隆,埔頭坑,95-5
三芝區,埔坪,,1389,三芝區,新小基隆,埔頭坑,95
三芝區,埔坪,,139,三芝區,舊小基隆,埔頭,136-2
三芝區,埔坪,,1390,三芝區,新小基隆,埔頭坑,95-6
三芝區,埔坪,,1391,三芝區,新小基隆,埔頭坑,95-3
三芝區,埔坪,,1392,三芝區,新小基隆,埔頭坑,95-4
三芝區,埔坪,,1393,三芝區,新小基隆,埔頭坑,96-4
三芝區,埔坪,,1394,三芝區,新小基隆,埔頭坑,96-9
三芝區,埔坪,,1395,三芝區,新小基隆,埔頭坑,96-2
三芝區,埔坪,,1396,三芝區,新小基隆,埔頭坑,96-8
三芝區,埔坪,,1398,三芝區,新小基隆,埔頭坑,96-6
三芝區,埔坪,,1399,三芝區,新小基隆,埔頭坑,96-7
三芝區,埔坪,,14,三芝區,舊小基隆,埔頭,169
三芝區,埔坪,,140,三芝區,舊小基隆,埔頭,136
三芝區,埔坪,,1400,三芝區,新小基隆,埔頭坑,100
三芝區,埔坪,,1401,三芝區,新小基隆,埔頭坑,96-3
三芝區,埔坪,,1402,三芝區,新小基隆,埔頭坑,101-5
三芝區,埔坪,,1403,三芝區,新小基隆,埔頭坑,101-4
三芝區,埔坪,,1404,三芝區,新小基隆,埔頭坑,189
三芝區,埔坪,,1406,三芝區,新小基隆,埔頭坑,101-11
三芝區,埔坪,,1407,三芝區,新小基隆,埔頭坑,101-7
三芝區,埔坪,,1408,三芝區,新小基隆,埔頭坑,101-6
三芝區,埔坪,,1409,三芝區,新小基隆,埔頭坑,101-2
三芝區,埔坪,,141,三芝區,舊小基隆,埔頭,136-8
三芝區,埔坪,,1410,三芝區,新小基隆,埔頭坑,101-3
三芝區,埔坪,,1411,三芝區,新小基隆,埔頭坑,101-10
三芝區,埔坪,,1412,三芝區,新小基隆,埔頭坑,101-8
三芝區,埔坪,,1413,三芝區,新小基隆,埔頭坑,102
三芝區,埔坪,,1414,三芝區,新小基隆,埔頭坑,101-9
三芝區,埔坪,,1415,三芝區,新小基隆,埔頭坑,102-1
三芝區,埔坪,,1416,三芝區,新小基隆,埔頭坑,102-2
三芝區,埔坪,,1417,三芝區,新小基隆,埔頭坑,101-1
三芝區,埔坪,,1418,三芝區,新小基隆,埔頭坑,101
三芝區,埔坪,,142,三芝區,新小基隆,埔頭坑,78-21
三芝區,埔坪,,1422,三芝區,新小基隆,埔頭坑,104-1
三芝區,埔坪,,1423,三芝區,新小基隆,埔頭坑,104
三芝區,埔坪,,1424,三芝區,新小基隆,埔頭坑,104-2
三芝區,埔坪,,1425,三芝區,新小基隆,埔頭坑,99
三芝區,埔坪,,1426,三芝區,新小基隆,埔頭坑,103
三芝區,埔坪,,1427,三芝區,新小基隆,埔頭坑,104-3
三芝區,埔坪,,1428,三芝區,新小基隆,埔頭坑,104-4
三芝區,埔坪,,1429,三芝區,新小基隆,埔頭坑,105
三芝區,埔坪,,143,三芝區,新小基隆,埔頭坑,78-97
三芝區,埔坪,,1430,三芝區,新小基隆,埔頭坑,107
三芝區,埔坪,,1431,三芝區,新小基隆,埔頭坑,106
三芝區,埔坪,,1432,三芝區,新小基隆,埔頭坑,111
三芝區,埔坪,,1433,三芝區,新小基隆,埔頭坑,179-7
三芝區,埔坪,,1434,三芝區,新小基隆,埔頭坑,179-11
三芝區,埔坪,,1436,三芝區,新小基隆,埔頭坑,114-3
三芝區,埔坪,,1437,三芝區,新小基隆,埔頭坑,114-2
三芝區,埔坪,,1438,三芝區,新小基隆,埔頭坑,114
三芝區,埔坪,,144,三芝區,新小基隆,埔頭坑,78-22
三芝區,埔坪,,1440,三芝區,新小基隆,埔頭坑,112-2
三芝區,埔坪,,1441,三芝區,新小基隆,埔頭坑,112
三芝區,埔坪,,1442,三芝區,新小基隆,埔頭坑,112-1
三芝區,埔坪,,1443,三芝區,新小基隆,埔頭坑,112-3
三芝區,埔坪,,1444,三芝區,新小基隆,埔頭坑,113
三芝區,埔坪,,1445,三芝區,新小基隆,埔頭坑,113-2
三芝區,埔坪,,1446,三芝區,新小基隆,埔頭坑,113-3
三芝區,埔坪,,1447,三芝區,新小基隆,埔頭坑,113-1
三芝區,埔坪,,1448,三芝區,新小基隆,埔頭坑,115-1
三芝區,埔坪,,1449,三芝區,新小基隆,埔頭坑,115
三芝區,埔坪,,145,三芝區,新小基隆,埔頭坑,78-33
三芝區,埔坪,,1451,三芝區,新小基隆,埔頭坑,114-1
三芝區,埔坪,,1452,三芝區,新小基隆,埔頭坑,108
三芝區,埔坪,,1453,三芝區,新小基隆,埔頭坑,108-1
三芝區,埔坪,,1454,三芝區,新小基隆,埔頭坑,109
三芝區,埔坪,,1455,三芝區,新小基隆,埔頭坑,116
三芝區,埔坪,,1456,三芝區,新小基隆,埔頭坑,179-14
三芝區,埔坪,,1457,三芝區,新小基隆,埔頭坑,179-10
三芝區,埔坪,,1458,三芝區,新小基隆,埔頭坑,179-9
三芝區,埔坪,,1459,三芝區,新小基隆,埔頭坑,179
三芝區,埔坪,,146,三芝區,新小基隆,埔頭坑,78-26
三芝區,埔坪,,1460,三芝區,新小基隆,埔頭坑,179-13
三芝區,埔坪,,1461,三芝區,新小基隆,埔頭坑,218
三芝區,埔坪,,1462,三芝區,新小基隆,埔頭坑,179-8
三芝區,埔坪,,1464,三芝區,新小基隆,埔頭坑,182-1
三芝區,埔坪,,1466,三芝區,新小基隆,埔頭坑,183
三芝區,埔坪,,1467,三芝區,新小基隆,埔頭坑,179-3
三芝區,埔坪,,1468,三芝區,新小基隆,埔頭坑,182
三芝區,埔坪,,1469,三芝區,新小基隆,埔頭坑,181
三芝區,埔坪,,147,三芝區,新小基隆,埔頭坑,78-81
三芝區,埔坪,,1470,三芝區,新小基隆,埔頭坑,180
三芝區,埔坪,,1473,三芝區,新小基隆,埔頭坑,179-4
三芝區,埔坪,,1475,三芝區,新小基隆,埔頭坑,179-5
三芝區,埔坪,,1476,三芝區,新小基隆,埔頭坑,179-2
三芝區,埔坪,,1478,三芝區,新小基隆,埔頭坑,117
三芝區,埔坪,,1479,三芝區,新小基隆,埔頭坑,118
三芝區,埔坪,,148,三芝區,新小基隆,埔頭坑,78-25
三芝區,埔坪,,1480,三芝區,新小基隆,埔頭坑,121
三芝區,埔坪,,1481,三芝區,新小基隆,埔頭坑,110
三芝區,埔坪,,1482,三芝區,新小基隆,埔頭坑,124-1
三芝區,埔坪,,1483,三芝區,新小基隆,埔頭坑,124
三芝區,埔坪,,1484,三芝區,新小基隆,埔頭坑,125
三芝區,埔坪,,1485,三芝區,新小基隆,埔頭坑,126
三芝區,埔坪,,1486,三芝區,新小基隆,埔頭坑,123
三芝區,埔坪,,1487,三芝區,新小基隆,埔頭坑,123-1
三芝區,埔坪,,1488,三芝區,新小基隆,埔頭坑,123-2
三芝區,埔坪,,1489,三芝區,新小基隆,埔頭坑,122
三芝區,埔坪,,149,三芝區,新小基隆,埔頭坑,78-72
三芝區,埔坪,,1490,三芝區,新小基隆,埔頭坑,120
三芝區,埔坪,,1491,三芝區,新小基隆,埔頭坑,119
三芝區,埔坪,,1493,三芝區,新小基隆,埔頭坑,179-12
三芝區,埔坪,,1494,三芝區,新小基隆,埔頭坑,179-6
三芝區,埔坪,,1495,三芝區,新小基隆,埔頭坑,179-1
三芝區,埔坪,,1498,三芝區,新小基隆,埔頭坑,177-2
三芝區,埔坪,,1499,三芝區,新小基隆,埔頭坑,178
三芝區,埔坪,,15,三芝區,舊小基隆,埔頭,170
三芝區,埔坪,,150,三芝區,新小基隆,埔頭坑,78-73
三芝區,埔坪,,1500,三芝區,新小基隆,埔頭坑,177-1
三芝區,埔坪,,1502,三芝區,新小基隆,埔頭坑,177-4
三芝區,埔坪,,1504,三芝區,新小基隆,埔頭坑,177
三芝區,埔坪,,1505,三芝區,新小基隆,埔頭坑,128
三芝區,埔坪,,1506,三芝區,新小基隆,埔頭坑,127
三芝區,埔坪,,1507,三芝區,新小基隆,埔頭坑,129
三芝區,埔坪,,1508,三芝區,新小基隆,埔頭坑,130
三芝區,埔坪,,1509,三芝區,新小基隆,埔頭坑,131
三芝區,埔坪,,151,三芝區,新小基隆,埔頭坑,78-4
三芝區,埔坪,,1511,三芝區,新小基隆,埔頭坑,176
三芝區,埔坪,,1512,三芝區,新小基隆,埔頭坑,175
三芝區,埔坪,,1513,三芝區,新小基隆,埔頭坑,174
三芝區,埔坪,,1514,三芝區,新小基隆,埔頭坑,174-1
三芝區,埔坪,,1515,三芝區,新小基隆,埔頭坑,164-1
三芝區,埔坪,,1516,三芝區,新小基隆,埔頭坑,173
三芝區,埔坪,,1517,三芝區,新小基隆,埔頭坑,171-2
三芝區,埔坪,,1518,三芝區,新小基隆,埔頭坑,132
三芝區,埔坪,,1519,三芝區,新小基隆,埔頭坑,133
三芝區,埔坪,,152,三芝區,新小基隆,埔頭坑,78-59
三芝區,埔坪,,1521,三芝區,新小基隆,埔頭坑,171-1
三芝區,埔坪,,1522,三芝區,新小基隆,埔頭坑,172
三芝區,埔坪,,1523,三芝區,新小基隆,埔頭坑,170
三芝區,埔坪,,1524,三芝區,新小基隆,埔頭坑,171
三芝區,埔坪,,1525,三芝區,新小基隆,埔頭坑,168-1
三芝區,埔坪,,153,三芝區,新小基隆,埔頭坑,78-6
三芝區,埔坪,,1530,三芝區,新小基隆,埔頭坑,164-2
三芝區,埔坪,,1531,三芝區,新小基隆,埔頭坑,164
三芝區,埔坪,,1532,三芝區,新小基隆,埔頭坑,163
三芝區,埔坪,,1533,三芝區,新小基隆,埔頭坑,165
三芝區,埔坪,,1534,三芝區,新小基隆,埔頭坑,168
三芝區,埔坪,,1535,三芝區,新小基隆,埔頭坑,167
三芝區,埔坪,,1536,三芝區,新小基隆,埔頭坑,166
三芝區,埔坪,,1537,三芝區,新小基隆,埔頭坑,169
三芝區,埔坪,,1539,三芝區,新小基隆,埔頭坑,165-3
三芝區,埔坪,,154,三芝區,新小基隆,埔頭坑,78-7
三芝區,埔坪,,1540,三芝區,新小基隆,埔頭坑,165-2
三芝區,埔坪,,1541,三芝區,新小基隆,埔頭坑,165-1
三芝區,埔坪,,1542,三芝區,新小基隆,埔頭坑,135
三芝區,埔坪,,1543,三芝區,新小基隆,埔頭坑,134
三芝區,埔坪,,1544,三芝區,新小基隆,埔頭坑,138
三芝區,埔坪,,1545,三芝區,新小基隆,埔頭坑,137-1
三芝區,埔坪,,1546,三芝區,新小基隆,埔頭坑,137-2
三芝區,埔坪,,1547,三芝區,新小基隆,埔頭坑,136
三芝區,埔坪,,1549,三芝區,新小基隆,埔頭坑,142
三芝區,埔坪,,155,三芝區,新小基隆,埔頭坑,78-5
三芝區,埔坪,,1552,三芝區,新小基隆,埔頭坑,162
三芝區,埔坪,,1554,三芝區,新小基隆,埔頭坑,145
三芝區,埔坪,,1555,三芝區,新小基隆,埔頭坑,142-2
三芝區,埔坪,,1556,三芝區,新小基隆,埔頭坑,142-1
三芝區,埔坪,,1557,三芝區,新小基隆,埔頭坑,143
三芝區,埔坪,,1558,三芝區,新小基隆,埔頭坑,144
三芝區,埔坪,,1559,三芝區,新小基隆,埔頭坑,141-2
三芝區,埔坪,,156,三芝區,新小基隆,埔頭坑,78-15
三芝區,埔坪,,1560,三芝區,新小基隆,埔頭坑,141-1
三芝區,埔坪,,1561,三芝區,新小基隆,埔頭坑,137
三芝區,埔坪,,1562,三芝區,新小基隆,埔頭坑,137-3
三芝區,埔坪,,1563,三芝區,新小基隆,埔頭坑,140-1
三芝區,埔坪,,1564,三芝區,新小基隆,埔頭坑,141-3
三芝區,埔坪,,1565,三芝區,新小基隆,埔頭坑,141
三芝區,埔坪,,1567,三芝區,新小基隆,埔頭坑,140
三芝區,埔坪,,1568,三芝區,新小基隆,埔頭坑,137-5
三芝區,埔坪,,1569,三芝區,新小基隆,埔頭坑,137-4
三芝區,埔坪,,157,三芝區,新小基隆,埔頭坑,78-8
三芝區,埔坪,,1570,三芝區,新小基隆,埔頭坑,139
三芝區,埔坪,,1571,三芝區,新小基隆,埔頭坑,138-1
三芝區,埔坪,,1572,三芝區,新小基隆,埔頭坑,139-3
三芝區,埔坪,,158,三芝區,新小基隆,埔頭坑,78-9
三芝區,埔坪,,159,三芝區,新小基隆,埔頭坑,78-10
三芝區,埔坪,,16,三芝區,舊小基隆,埔頭,171
三芝區,埔坪,,160,三芝區,新小基隆,埔頭坑,78-11
三芝區,埔坪,,161,三芝區,新小基隆,埔頭坑,78-12
三芝區,埔坪,,162,三芝區,新小基隆,埔頭坑,78-13
三芝區,埔坪,,163,三芝區,新小基隆,埔頭坑,78-71
三芝區,埔坪,,164,三芝區,新小基隆,埔頭坑,78-27
三芝區,埔坪,,165,三芝區,新小基隆,埔頭坑,78-28
三芝區,埔坪,,166,三芝區,新小基隆,埔頭坑,78-29
三芝區,埔坪,,167,三芝區,新小基隆,埔頭坑,78-30
三芝區,埔坪,,168,三芝區,新小基隆,埔頭坑,78-31
三芝區,埔坪,,169,三芝區,新小基隆,埔頭坑,78-32
三芝區,埔坪,,17,三芝區,舊小基隆,埔頭,172
三芝區,埔坪,,170,三芝區,新小基隆,埔頭坑,78-60
三芝區,埔坪,,171,三芝區,新小基隆,埔頭坑,78-61
三芝區,埔坪,,172,三芝區,新小基隆,埔頭坑,78-62
三芝區,埔坪,,173,三芝區,新小基隆,埔頭坑,78-63
三芝區,埔坪,,174,三芝區,新小基隆,埔頭坑,78-64
三芝區,埔坪,,175,三芝區,新小基隆,埔頭坑,78-70
三芝區,埔坪,,176,三芝區,新小基隆,埔頭坑,78-65
三芝區,埔坪,,177,三芝區,新小基隆,埔頭坑,78-66
三芝區,埔坪,,178,三芝區,新小基隆,埔頭坑,78-67
三芝區,埔坪,,179,三芝區,新小基隆,埔頭坑,78-68
三芝區,埔坪,,18,三芝區,舊小基隆,埔頭,173-9
三芝區,埔坪,,180,三芝區,新小基隆,埔頭坑,78-69
三芝區,埔坪,,181,三芝區,新小基隆,埔頭坑,78-74
三芝區,埔坪,,182,三芝區,新小基隆,埔頭坑,78-75
三芝區,埔坪,,183,三芝區,新小基隆,埔頭坑,78-76
三芝區,埔坪,,184,三芝區,新小基隆,埔頭坑,78-77
三芝區,埔坪,,185,三芝區,新小基隆,埔頭坑,78-78
三芝區,埔坪,,186,三芝區,新小基隆,埔頭坑,78-24
三芝區,埔坪,,187,三芝區,新小基隆,埔頭坑,81-23
三芝區,埔坪,,188,三芝區,新小基隆,埔頭坑,78-101
三芝區,埔坪,,189,三芝區,新小基隆,埔頭坑,78-51
三芝區,埔坪,,19,三芝區,舊小基隆,埔頭,173
三芝區,埔坪,,190,三芝區,新小基隆,埔頭坑,78-35
三芝區,埔坪,,191,三芝區,新小基隆,埔頭坑,78-36
三芝區,埔坪,,192,三芝區,新小基隆,埔頭坑,78-37
三芝區,埔坪,,193,三芝區,新小基隆,埔頭坑,78-82
三芝區,埔坪,,194,三芝區,新小基隆,埔頭坑,78-38
三芝區,埔坪,,195,三芝區,新小基隆,埔頭坑,78-39
三芝區,埔坪,,196,三芝區,新小基隆,埔頭坑,78-83
三芝區,埔坪,,197,三芝區,新小基隆,埔頭坑,78-40
三芝區,埔坪,,198,三芝區,新小基隆,埔頭坑,78-41
三芝區,埔坪,,199,三芝區,新小基隆,埔頭坑,78-42
三芝區,埔坪,,2,三芝區,舊小基隆,埔頭,165-3
三芝區,埔坪,,20,三芝區,舊小基隆,埔頭,167-1
三芝區,埔坪,,200,三芝區,新小基隆,埔頭坑,78-43
三芝區,埔坪,,201,三芝區,新小基隆,埔頭坑,78-54
三芝區,埔坪,,202,三芝區,新小基隆,埔頭坑,78-44
三芝區,埔坪,,203,三芝區,新小基隆,埔頭坑,78-93
三芝區,埔坪,,204,三芝區,新小基隆,埔頭坑,78-55
三芝區,埔坪,,205,三芝區,新小基隆,埔頭坑,78-52
三芝區,埔坪,,206,三芝區,新小基隆,埔頭坑,79-4
三芝區,埔坪,,207,三芝區,新小基隆,埔頭坑,79-6
三芝區,埔坪,,208,三芝區,新小基隆,埔頭坑,78-45
三芝區,埔坪,,209,三芝區,新小基隆,埔頭坑,78-89
三芝區,埔坪,,21,三芝區,舊小基隆,埔頭,167
三芝區,埔坪,,210,三芝區,新小基隆,埔頭坑,78-88
三芝區,埔坪,,211,三芝區,新小基隆,埔頭坑,78-56
三芝區,埔坪,,212,三芝區,新小基隆,埔頭坑,78
三芝區,埔坪,,213,三芝區,新小基隆,埔頭坑,79-11
三芝區,埔坪,,214,三芝區,新小基隆,埔頭坑,79-12
三芝區,埔坪,,215,三芝區,新小基隆,埔頭坑,79-9
三芝區,埔坪,,216,三芝區,新小基隆,埔頭坑,79-5
三芝區,埔坪,,217,三芝區,新小基隆,埔頭坑,79-13
三芝區,埔坪,,218,三芝區,新小基隆,埔頭坑,79-14
三芝區,埔坪,,219,三芝區,新小基隆,埔頭坑,78-48
三芝區,埔坪,,22,三芝區,舊小基隆,埔頭,167-3
三芝區,埔坪,,220,三芝區,新小基隆,埔頭坑,78-92
三芝區,埔坪,,221,三芝區,新小基隆,埔頭坑,78-91
三芝區,埔坪,,222,三芝區,新小基隆,埔頭坑,78-90
三芝區,埔坪,,223,三芝區,新小基隆,埔頭坑,78-46
三芝區,埔坪,,224,三芝區,新小基隆,埔頭坑,81-214
三芝區,埔坪,,225,三芝區,新小基隆,埔頭坑,81-204
三芝區,埔坪,,226,三芝區,新小基隆,埔頭坑,81-70
三芝區,埔坪,,227,三芝區,新小基隆,埔頭坑,79-18
三芝區,埔坪,,228,三芝區,新小基隆,埔頭坑,81-202
三芝區,埔坪,,229,三芝區,新小基隆,埔頭坑,81-203
三芝區,埔坪,,23,三芝區,舊小基隆,埔頭,167-4
三芝區,埔坪,,230,三芝區,新小基隆,埔頭坑,81-205
三芝區,埔坪,,231,三芝區,新小基隆,埔頭坑,81-2
三芝區,埔坪,,232,三芝區,新小基隆,埔頭坑,81-57
三芝區,埔坪,,233,三芝區,新小基隆,埔頭坑,81-87
三芝區,埔坪,,234,三芝區,新小基隆,埔頭坑,78-57
三芝區,埔坪,,235,三芝區,新小基隆,埔頭坑,81-56
三芝區,埔坪,,236,三芝區,新小基隆,埔頭坑,81-12
三芝區,埔坪,,237,三芝區,新小基隆,埔頭坑,81-128
三芝區,埔坪,,238,三芝區,新小基隆,埔頭坑,81-1
三芝區,埔坪,,239,三芝區,新小基隆,埔頭坑,81-36
三芝區,埔坪,,24,三芝區,舊小基隆,埔頭,167-2
三芝區,埔坪,,241,三芝區,新小基隆,埔頭坑,78-16
三芝區,埔坪,,242,三芝區,新小基隆,埔頭坑,78-17
三芝區,埔坪,,244,三芝區,新小基隆,埔頭坑,81-13
三芝區,埔坪,,245,三芝區,舊小基隆,埔頭,142-29
三芝區,埔坪,,246,三芝區,新小基隆,埔頭坑,78-18
三芝區,埔坪,,247,三芝區,新小基隆,埔頭坑,81-14
三芝區,埔坪,,248,三芝區,新小基隆,埔頭坑,81-61
三芝區,埔坪,,249,三芝區,新小基隆,埔頭坑,81-132
三芝區,埔坪,,25,三芝區,舊小基隆,埔頭,174-9
三芝區,埔坪,,250,三芝區,新小基隆,埔頭坑,81-131
三芝區,埔坪,,251,三芝區,新小基隆,埔頭坑,81-62
三芝區,埔坪,,252,三芝區,新小基隆,埔頭坑,81-188
三芝區,埔坪,,253,三芝區,新小基隆,埔頭坑,81-189
三芝區,埔坪,,254,三芝區,新小基隆,埔頭坑,81-190
三芝區,埔坪,,255,三芝區,新小基隆,埔頭坑,81-191
三芝區,埔坪,,256,三芝區,新小基隆,埔頭坑,81-130
三芝區,埔坪,,257,三芝區,新小基隆,埔頭坑,81-129
三芝區,埔坪,,258,三芝區,新小基隆,埔頭坑,81-15
三芝區,埔坪,,259,三芝區,新小基隆,埔頭坑,81-192
三芝區,埔坪,,26,三芝區,舊小基隆,埔頭,174-16
三芝區,埔坪,,260,三芝區,新小基隆,埔頭坑,81-193
三芝區,埔坪,,261,三芝區,新小基隆,埔頭坑,81-194
三芝區,埔坪,,262,三芝區,新小基隆,埔頭坑,81-195
三芝區,埔坪,,263,三芝區,新小基隆,埔頭坑,81-196
三芝區,埔坪,,264,三芝區,新小基隆,埔頭坑,81-197
三芝區,埔坪,,265,三芝區,新小基隆,埔頭坑,81-198
三芝區,埔坪,,266,三芝區,新小基隆,埔頭坑,81-210
三芝區,埔坪,,267,三芝區,新小基隆,埔頭坑,81-63
三芝區,埔坪,,268,三芝區,新小基隆,埔頭坑,81-26
三芝區,埔坪,,269,三芝區,新小基隆,埔頭坑,81-27
三芝區,埔坪,,27,三芝區,舊小基隆,埔頭,174-8
三芝區,埔坪,,270,三芝區,新小基隆,埔頭坑,81-10
三芝區,埔坪,,271,三芝區,新小基隆,埔頭坑,81-133
三芝區,埔坪,,272,三芝區,新小基隆,埔頭坑,81-29
三芝區,埔坪,,273,三芝區,新小基隆,埔頭坑,81-125
三芝區,埔坪,,274,三芝區,新小基隆,埔頭坑,81-30
三芝區,埔坪,,275,三芝區,新小基隆,埔頭坑,81-126
三芝區,埔坪,,276,三芝區,新小基隆,埔頭坑,81-31
三芝區,埔坪,,277,三芝區,新小基隆,埔頭坑,81-127
三芝區,埔坪,,278,三芝區,新小基隆,埔頭坑,81-32
三芝區,埔坪,,279,三芝區,新小基隆,埔頭坑,81-33
三芝區,埔坪,,28,三芝區,舊小基隆,埔頭,174-7
三芝區,埔坪,,280,三芝區,新小基隆,埔頭坑,81-34
三芝區,埔坪,,281,三芝區,新小基隆,埔頭坑,81-35
三芝區,埔坪,,282,三芝區,新小基隆,埔頭坑,81-207
三芝區,埔坪,,283,三芝區,舊小基隆,埔頭,142-31
三芝區,埔坪,,284,三芝區,新小基隆,埔頭坑,81-22
三芝區,埔坪,,285,三芝區,舊小基隆,埔頭,174-3
三芝區,埔坪,,286,三芝區,舊小基隆,埔頭,174-19
三芝區,埔坪,,287,三芝區,舊小基隆,埔頭,174-79
三芝區,埔坪,,289,三芝區,舊小基隆,埔頭,189-8
三芝區,埔坪,,29,三芝區,舊小基隆,埔頭,174-6
三芝區,埔坪,,292,三芝區,舊小基隆,埔頭,189-1
三芝區,埔坪,,293,三芝區,舊小基隆,埔頭,189-10
三芝區,埔坪,,294,三芝區,舊小基隆,埔頭,189-11
三芝區,埔坪,,295,三芝區,舊小基隆,埔頭,189-12
三芝區,埔坪,,296,三芝區,舊小基隆,埔頭,189-13
三芝區,埔坪,,297,三芝區,舊小基隆,埔頭,234-1
三芝區,埔坪,,298,三芝區,舊小基隆,埔頭,229-3
三芝區,埔坪,,299,三芝區,舊小基隆,埔頭,229-4
三芝區,埔坪,,3,三芝區,舊小基隆,埔頭,113-41
三芝區,埔坪,,30,三芝區,舊小基隆,埔頭,174-80
三芝區,埔坪,,300,三芝區,舊小基隆,埔頭,229-5
三芝區,埔坪,,301,三芝區,舊小基隆,埔頭,229-6
三芝區,埔坪,,302,三芝區,舊小基隆,埔頭,229
三芝區,埔坪,,303,三芝區,舊小基隆,埔頭,229-7
三芝區,埔坪,,304,三芝區,舊小基隆,埔頭,234-4
三芝區,埔坪,,305,三芝區,舊小基隆,埔頭,190-6
三芝區,埔坪,,306,三芝區,舊小基隆,埔頭,190-7
三芝區,埔坪,,307,三芝區,舊小基隆,埔頭,187-2
三芝區,埔坪,,308,三芝區,舊小基隆,埔頭,187-1
三芝區,埔坪,,309,三芝區,舊小基隆,埔頭,189-14
三芝區,埔坪,,31,三芝區,舊小基隆,埔頭,174-5
三芝區,埔坪,,310,三芝區,舊小基隆,埔頭,189
三芝區,埔坪,,311,三芝區,舊小基隆,埔頭,189-2
三芝區,埔坪,,312,三芝區,舊小基隆,埔頭,191-23
三芝區,埔坪,,313,三芝區,舊小基隆,埔頭,189-3
三芝區,埔坪,,314,三芝區,舊小基隆,埔頭,191-24
三芝區,埔坪,,315,三芝區,舊小基隆,埔頭,189-4
三芝區,埔坪,,316,三芝區,舊小基隆,埔頭,189-5
三芝區,埔坪,,317,三芝區,舊小基隆,埔頭,189-6
三芝區,埔坪,,318,三芝區,舊小基隆,埔頭,189-7
三芝區,埔坪,,319,三芝區,舊小基隆,埔頭,190-1
三芝區,埔坪,,32,三芝區,舊小基隆,埔頭,174-4
三芝區,埔坪,,320,三芝區,舊小基隆,埔頭,190-8
三芝區,埔坪,,321,三芝區,舊小基隆,埔頭,189-9
三芝區,埔坪,,322,三芝區,舊小基隆,埔頭,190-3
三芝區,埔坪,,323,三芝區,舊小基隆,埔頭,190-5
三芝區,埔坪,,324,三芝區,舊小基隆,埔頭,191-1
三芝區,埔坪,,325,三芝區,舊小基隆,埔頭,191-2
三芝區,埔坪,,326,三芝區,舊小基隆,埔頭,191-6
三芝區,埔坪,,327,三芝區,舊小基隆,埔頭,191-7
三芝區,埔坪,,328,三芝區,舊小基隆,埔頭,191-8
三芝區,埔坪,,329,三芝區,舊小基隆,埔頭,191-3
三芝區,埔坪,,33,三芝區,舊小基隆,埔頭,174-1
三芝區,埔坪,,330,三芝區,舊小基隆,埔頭,191-26
三芝區,埔坪,,331,三芝區,舊小基隆,埔頭,194-17
三芝區,埔坪,,332,三芝區,舊小基隆,埔頭,184-7
三芝區,埔坪,,333,三芝區,舊小基隆,埔頭,191
三芝區,埔坪,,334,三芝區,舊小基隆,埔頭,184-1
三芝區,埔坪,,335,三芝區,舊小基隆,埔頭,184-5
三芝區,埔坪,,336,三芝區,舊小基隆,埔頭,184-6
三芝區,埔坪,,337,三芝區,舊小基隆,埔頭,185-1
三芝區,埔坪,,338,三芝區,舊小基隆,埔頭,184-2
三芝區,埔坪,,339,三芝區,舊小基隆,埔頭,184-3
三芝區,埔坪,,34,三芝區,舊小基隆,埔頭,174-98
三芝區,埔坪,,340,三芝區,舊小基隆,埔頭,188-1
三芝區,埔坪,,341,三芝區,舊小基隆,埔頭,194-87
三芝區,埔坪,,342,三芝區,舊小基隆,埔頭,194-16
三芝區,埔坪,,343,三芝區,舊小基隆,埔頭,191-16
三芝區,埔坪,,344,三芝區,舊小基隆,埔頭,191-18
三芝區,埔坪,,345,三芝區,舊小基隆,埔頭,191-19
三芝區,埔坪,,346,三芝區,舊小基隆,埔頭,184
三芝區,埔坪,,347,三芝區,舊小基隆,埔頭,184-8
三芝區,埔坪,,348,三芝區,舊小基隆,埔頭,184-9
三芝區,埔坪,,349,三芝區,舊小基隆,埔頭,184-10
三芝區,埔坪,,35,三芝區,舊小基隆,埔頭,174-2
三芝區,埔坪,,350,三芝區,舊小基隆,埔頭,194-86
三芝區,埔坪,,351,三芝區,舊小基隆,埔頭,194-4
三芝區,埔坪,,352,三芝區,舊小基隆,埔頭,194-18
三芝區,埔坪,,353,三芝區,舊小基隆,埔頭,194-19
三芝區,埔坪,,354,三芝區,舊小基隆,埔頭,191-17
三芝區,埔坪,,355,三芝區,舊小基隆,埔頭,194-82
三芝區,埔坪,,356,三芝區,舊小基隆,埔頭,191-21
三芝區,埔坪,,357,三芝區,舊小基隆,埔頭,194-6
三芝區,埔坪,,358,三芝區,舊小基隆,埔頭,194-81
三芝區,埔坪,,359,三芝區,舊小基隆,埔頭,194-23
三芝區,埔坪,,36,三芝區,舊小基隆,埔頭,174-97
三芝區,埔坪,,360,三芝區,舊小基隆,埔頭,194-24
三芝區,埔坪,,361,三芝區,舊小基隆,埔頭,194-21
三芝區,埔坪,,362,三芝區,舊小基隆,埔頭,194-20
三芝區,埔坪,,363,三芝區,舊小基隆,埔頭,184-11
三芝區,埔坪,,364,三芝區,舊小基隆,埔頭,184-12
三芝區,埔坪,,365,三芝區,舊小基隆,埔頭,183
三芝區,埔坪,,366,三芝區,舊小基隆,埔頭,183-4
三芝區,埔坪,,367,三芝區,舊小基隆,埔頭,183-5
三芝區,埔坪,,368,三芝區,舊小基隆,埔頭,184-13
三芝區,埔坪,,369,三芝區,舊小基隆,埔頭,183-6
三芝區,埔坪,,37,三芝區,舊小基隆,埔頭,167-5
三芝區,埔坪,,370,三芝區,舊小基隆,埔頭,182-5
三芝區,埔坪,,371,三芝區,舊小基隆,埔頭,184-14
三芝區,埔坪,,372,三芝區,舊小基隆,埔頭,182-6
三芝區,埔坪,,373,三芝區,舊小基隆,埔頭,183-1
三芝區,埔坪,,374,三芝區,舊小基隆,埔頭,184-15
三芝區,埔坪,,375,三芝區,舊小基隆,埔頭,111-40
三芝區,埔坪,,376,三芝區,舊小基隆,埔頭,183-7
三芝區,埔坪,,377,三芝區,舊小基隆,埔頭,184-16
三芝區,埔坪,,378,三芝區,舊小基隆,埔頭,111-13
三芝區,埔坪,,379,三芝區,舊小基隆,埔頭,183-8
三芝區,埔坪,,38,三芝區,舊小基隆,埔頭,173-1
三芝區,埔坪,,380,三芝區,舊小基隆,埔頭,184-17
三芝區,埔坪,,381,三芝區,舊小基隆,埔頭,194-80
三芝區,埔坪,,382,三芝區,舊小基隆,埔頭,194-22
三芝區,埔坪,,383,三芝區,舊小基隆,埔頭,194-85
三芝區,埔坪,,384,三芝區,舊小基隆,埔頭,194-75
三芝區,埔坪,,385,三芝區,舊小基隆,埔頭,194-79
三芝區,埔坪,,386,三芝區,舊小基隆,埔頭,194-74
三芝區,埔坪,,387,三芝區,舊小基隆,埔頭,194-73
三芝區,埔坪,,388,三芝區,舊小基隆,埔頭,194-72
三芝區,埔坪,,389,三芝區,舊小基隆,埔頭,194-83
三芝區,埔坪,,39,三芝區,舊小基隆,埔頭,174-87
三芝區,埔坪,,390,三芝區,舊小基隆,埔頭,194-84
三芝區,埔坪,,391,三芝區,舊小基隆,埔頭,194-71
三芝區,埔坪,,392,三芝區,舊小基隆,埔頭,193-5
三芝區,埔坪,,393,三芝區,舊小基隆,埔頭,193-4
三芝區,埔坪,,394,三芝區,舊小基隆,埔頭,194-70
三芝區,埔坪,,395,三芝區,舊小基隆,埔頭,194-69
三芝區,埔坪,,396,三芝區,舊小基隆,埔頭,193-3
三芝區,埔坪,,397,三芝區,舊小基隆,埔頭,193-2
三芝區,埔坪,,398,三芝區,舊小基隆,埔頭,194-68
三芝區,埔坪,,399,三芝區,舊小基隆,埔頭,194-52
三芝區,埔坪,,4,三芝區,舊小基隆,埔頭,174-74
三芝區,埔坪,,40,三芝區,舊小基隆,埔頭,174-86
三芝區,埔坪,,400,三芝區,舊小基隆,埔頭,194-67
三芝區,埔坪,,401,三芝區,舊小基隆,埔頭,194-51
三芝區,埔坪,,402,三芝區,舊小基隆,埔頭,194-50
三芝區,埔坪,,403,三芝區,舊小基隆,埔頭,194-49
三芝區,埔坪,,404,三芝區,舊小基隆,埔頭,194-48
三芝區,埔坪,,405,三芝區,舊小基隆,埔頭,194-3
三芝區,埔坪,,406,三芝區,舊小基隆,埔頭,193
三芝區,埔坪,,407,三芝區,舊小基隆,埔頭,194-1
三芝區,埔坪,,408,三芝區,舊小基隆,埔頭,192-20
三芝區,埔坪,,409,三芝區,舊小基隆,埔頭,192-28
三芝區,埔坪,,41,三芝區,舊小基隆,埔頭,173-2
三芝區,埔坪,,410,三芝區,舊小基隆,埔頭,194-76
三芝區,埔坪,,411,三芝區,舊小基隆,埔頭,193-10
三芝區,埔坪,,412,三芝區,舊小基隆,埔頭,194-61
三芝區,埔坪,,413,三芝區,舊小基隆,埔頭,194-60
三芝區,埔坪,,414,三芝區,舊小基隆,埔頭,193-9
三芝區,埔坪,,415,三芝區,舊小基隆,埔頭,194-77
三芝區,埔坪,,416,三芝區,舊小基隆,埔頭,194-78
三芝區,埔坪,,417,三芝區,舊小基隆,埔頭,193-8
三芝區,埔坪,,418,三芝區,舊小基隆,埔頭,194-59
三芝區,埔坪,,419,三芝區,舊小基隆,埔頭,193-7
三芝區,埔坪,,42,三芝區,舊小基隆,埔頭,173-6
三芝區,埔坪,,420,三芝區,舊小基隆,埔頭,194-58
三芝區,埔坪,,421,三芝區,舊小基隆,埔頭,194-57
三芝區,埔坪,,422,三芝區,舊小基隆,埔頭,193-6
三芝區,埔坪,,423,三芝區,舊小基隆,埔頭,194-56
三芝區,埔坪,,424,三芝區,舊小基隆,埔頭,194-55
三芝區,埔坪,,425,三芝區,舊小基隆,埔頭,194-54
三芝區,埔坪,,426,三芝區,舊小基隆,埔頭,194-53
三芝區,埔坪,,427,三芝區,舊小基隆,埔頭,194-47
三芝區,埔坪,,428,三芝區,舊小基隆,埔頭,194-63
三芝區,埔坪,,429,三芝區,舊小基隆,埔頭,194-62
三芝區,埔坪,,43,三芝區,舊小基隆,埔頭,173-3
三芝區,埔坪,,430,三芝區,舊小基隆,埔頭,194-46
三芝區,埔坪,,431,三芝區,舊小基隆,埔頭,194-13
三芝區,埔坪,,432,三芝區,舊小基隆,埔頭,194-45
三芝區,埔坪,,433,三芝區,舊小基隆,埔頭,194-64
三芝區,埔坪,,435,三芝區,舊小基隆,埔頭,199-5
三芝區,埔坪,,436,三芝區,舊小基隆,埔頭,200-6
三芝區,埔坪,,437,三芝區,舊小基隆,埔頭,199-14
三芝區,埔坪,,438,三芝區,舊小基隆,埔頭,199-15
三芝區,埔坪,,439,三芝區,舊小基隆,埔頭,200-10
三芝區,埔坪,,44,三芝區,舊小基隆,埔頭,173-7
三芝區,埔坪,,440,三芝區,舊小基隆,埔頭,200-2
三芝區,埔坪,,441,三芝區,舊小基隆,埔頭,199-8
三芝區,埔坪,,442,三芝區,舊小基隆,埔頭,200
三芝區,埔坪,,443,三芝區,舊小基隆,埔頭,200-8
三芝區,埔坪,,444,三芝區,舊小基隆,埔頭,200-1
三芝區,埔坪,,445,三芝區,舊小基隆,埔頭,199-12
三芝區,埔坪,,446,三芝區,舊小基隆,埔頭,200-7
三芝區,埔坪,,447,三芝區,舊小基隆,埔頭,200-9
三芝區,埔坪,,448,三芝區,舊小基隆,埔頭,199-16
三芝區,埔坪,,449,三芝區,舊小基隆,埔頭,199-3
三芝區,埔坪,,45,三芝區,舊小基隆,埔頭,173-5
三芝區,埔坪,,450,三芝區,舊小基隆,埔頭,199-7
三芝區,埔坪,,451,三芝區,舊小基隆,埔頭,200-3
三芝區,埔坪,,452,三芝區,舊小基隆,埔頭,200-4
三芝區,埔坪,,453,三芝區,舊小基隆,埔頭,199-4
三芝區,埔坪,,454,三芝區,舊小基隆,埔頭,199-1
三芝區,埔坪,,455,三芝區,舊小基隆,埔頭,200-5
三芝區,埔坪,,456,三芝區,舊小基隆,埔頭,199-2
三芝區,埔坪,,457,三芝區,舊小基隆,埔頭,198-10
三芝區,埔坪,,458,三芝區,舊小基隆,埔頭,198-7
三芝區,埔坪,,459,三芝區,舊小基隆,埔頭,206-4
三芝區,埔坪,,46,三芝區,舊小基隆,埔頭,173-8
三芝區,埔坪,,460,三芝區,舊小基隆,埔頭,204
三芝區,埔坪,,461,三芝區,舊小基隆,埔頭,202-8
三芝區,埔坪,,462,三芝區,舊小基隆,埔頭,204-4
三芝區,埔坪,,463,三芝區,舊小基隆,埔頭,204-3
三芝區,埔坪,,464,三芝區,舊小基隆,埔頭,202-2
三芝區,埔坪,,465,三芝區,舊小基隆,埔頭,202-6
三芝區,埔坪,,466,三芝區,舊小基隆,埔頭,202-7
三芝區,埔坪,,467,三芝區,舊小基隆,埔頭,202-26
三芝區,埔坪,,468,三芝區,舊小基隆,埔頭,199-10
三芝區,埔坪,,469,三芝區,舊小基隆,埔頭,199-9
三芝區,埔坪,,47,三芝區,舊小基隆,埔頭,174-95
三芝區,埔坪,,470,三芝區,舊小基隆,埔頭,201-1
三芝區,埔坪,,471,三芝區,舊小基隆,埔頭,202-5
三芝區,埔坪,,472,三芝區,舊小基隆,埔頭,201
三芝區,埔坪,,473,三芝區,舊小基隆,埔頭,202
三芝區,埔坪,,474,三芝區,舊小基隆,埔頭,199-6
三芝區,埔坪,,475,三芝區,舊小基隆,埔頭,202-11
三芝區,埔坪,,476,三芝區,舊小基隆,埔頭,193-1
三芝區,埔坪,,477,三芝區,舊小基隆,埔頭,192-36
三芝區,埔坪,,478,三芝區,舊小基隆,埔頭,192-35
三芝區,埔坪,,479,三芝區,舊小基隆,埔頭,192-30
三芝區,埔坪,,48,三芝區,舊小基隆,埔頭,174-85
三芝區,埔坪,,480,三芝區,舊小基隆,埔頭,192-19
三芝區,埔坪,,481,三芝區,舊小基隆,埔頭,194-7
三芝區,埔坪,,482,三芝區,舊小基隆,埔頭,194-5
三芝區,埔坪,,483,三芝區,舊小基隆,埔頭,191-15
三芝區,埔坪,,484,三芝區,舊小基隆,埔頭,192-29
三芝區,埔坪,,485,三芝區,舊小基隆,埔頭,192-18
三芝區,埔坪,,486,三芝區,舊小基隆,埔頭,194
三芝區,埔坪,,487,三芝區,舊小基隆,埔頭,191-11
三芝區,埔坪,,488,三芝區,舊小基隆,埔頭,191-27
三芝區,埔坪,,489,三芝區,舊小基隆,埔頭,191-14
三芝區,埔坪,,49,三芝區,舊小基隆,埔頭,174
三芝區,埔坪,,490,三芝區,舊小基隆,埔頭,192-17
三芝區,埔坪,,491,三芝區,舊小基隆,埔頭,192-34
三芝區,埔坪,,492,三芝區,舊小基隆,埔頭,202-12
三芝區,埔坪,,493,三芝區,舊小基隆,埔頭,204-13
三芝區,埔坪,,494,三芝區,舊小基隆,埔頭,206-5
三芝區,埔坪,,495,三芝區,舊小基隆,埔頭,202-33
三芝區,埔坪,,496,三芝區,舊小基隆,埔頭,202-18
三芝區,埔坪,,497,三芝區,舊小基隆,埔頭,204-6
三芝區,埔坪,,498,三芝區,舊小基隆,埔頭,202-32
三芝區,埔坪,,499,三芝區,舊小基隆,埔頭,202-13
三芝區,埔坪,,5,三芝區,舊小基隆,埔頭,174-75
三芝區,埔坪,,50,三芝區,舊小基隆,埔頭,174-38
三芝區,埔坪,,500,三芝區,舊小基隆,埔頭,202-29
三芝區,埔坪,,501,三芝區,舊小基隆,埔頭,204-7
三芝區,埔坪,,502,三芝區,舊小基隆,埔頭,202-30
三芝區,埔坪,,503,三芝區,舊小基隆,埔頭,202-31
三芝區,埔坪,,504,三芝區,舊小基隆,埔頭,202-35
三芝區,埔坪,,505,三芝區,舊小基隆,埔頭,202-20
三芝區,埔坪,,506,三芝區,舊小基隆,埔頭,202-34
三芝區,埔坪,,507,三芝區,舊小基隆,埔頭,202-1
三芝區,埔坪,,508,三芝區,舊小基隆,埔頭,202-10
三芝區,埔坪,,509,三芝區,舊小基隆,埔頭,202-21
三芝區,埔坪,,51,三芝區,舊小基隆,埔頭,174-24
三芝區,埔坪,,510,三芝區,舊小基隆,埔頭,192-32
三芝區,埔坪,,511,三芝區,舊小基隆,埔頭,202-25
三芝區,埔坪,,512,三芝區,舊小基隆,埔頭,192-25
三芝區,埔坪,,513,三芝區,舊小基隆,埔頭,204-17
三芝區,埔坪,,514,三芝區,舊小基隆,埔頭,204-14
三芝區,埔坪,,515,三芝區,舊小基隆,埔頭,202-16
三芝區,埔坪,,516,三芝區,舊小基隆,埔頭,202-28
三芝區,埔坪,,517,三芝區,舊小基隆,埔頭,202-14
三芝區,埔坪,,518,三芝區,舊小基隆,埔頭,202-19
三芝區,埔坪,,519,三芝區,舊小基隆,埔頭,202-24
三芝區,埔坪,,52,三芝區,舊小基隆,埔頭,174-25
三芝區,埔坪,,520,三芝區,舊小基隆,埔頭,192-22
三芝區,埔坪,,521,三芝區,舊小基隆,埔頭,202-9
三芝區,埔坪,,522,三芝區,舊小基隆,埔頭,202-22
三芝區,埔坪,,523,三芝區,舊小基隆,埔頭,192-33
三芝區,埔坪,,524,三芝區,舊小基隆,埔頭,192-7
三芝區,埔坪,,525,三芝區,舊小基隆,埔頭,192-27
三芝區,埔坪,,526,三芝區,舊小基隆,埔頭,192-6
三芝區,埔坪,,527,三芝區,舊小基隆,埔頭,192-16
三芝區,埔坪,,528,三芝區,舊小基隆,埔頭,192-10
三芝區,埔坪,,529,三芝區,舊小基隆,埔頭,192-21
三芝區,埔坪,,53,三芝區,舊小基隆,埔頭,174-26
三芝區,埔坪,,530,三芝區,舊小基隆,埔頭,192-9
三芝區,埔坪,,531,三芝區,舊小基隆,埔頭,192-26
三芝區,埔坪,,532,三芝區,舊小基隆,埔頭,192-15
三芝區,埔坪,,533,三芝區,舊小基隆,埔頭,191-12
三芝區,埔坪,,534,三芝區,舊小基隆,埔頭,191-25
三芝區,埔坪,,535,三芝區,舊小基隆,埔頭,191-9
三芝區,埔坪,,536,三芝區,舊小基隆,埔頭,190-4
三芝區,埔坪,,537,三芝區,舊小基隆,埔頭,192
三芝區,埔坪,,538,三芝區,舊小基隆,埔頭,190-9
三芝區,埔坪,,539,三芝區,舊小基隆,埔頭,191-10
三芝區,埔坪,,54,三芝區,舊小基隆,埔頭,174-49
三芝區,埔坪,,540,三芝區,舊小基隆,埔頭,190-2
三芝區,埔坪,,541,三芝區,舊小基隆,埔頭,192-23
三芝區,埔坪,,542,三芝區,舊小基隆,埔頭,192-13
三芝區,埔坪,,543,三芝區,舊小基隆,埔頭,234-5
三芝區,埔坪,,544,三芝區,舊小基隆,埔頭,229-31
三芝區,埔坪,,545,三芝區,舊小基隆,埔頭,229-29
三芝區,埔坪,,546,三芝區,舊小基隆,埔頭,229-28
三芝區,埔坪,,547,三芝區,舊小基隆,埔頭,229-27
三芝區,埔坪,,548,三芝區,舊小基隆,埔頭,229-26
三芝區,埔坪,,549,三芝區,舊小基隆,埔頭,229-8
三芝區,埔坪,,55,三芝區,舊小基隆,埔頭,174-43
三芝區,埔坪,,550,三芝區,舊小基隆,埔頭,229-25
三芝區,埔坪,,551,三芝區,舊小基隆,埔頭,229-24
三芝區,埔坪,,552,三芝區,舊小基隆,埔頭,229-23
三芝區,埔坪,,553,三芝區,舊小基隆,埔頭,229-22
三芝區,埔坪,,554,三芝區,舊小基隆,埔頭,229-21
三芝區,埔坪,,555,三芝區,舊小基隆,埔頭,229-20
三芝區,埔坪,,556,三芝區,舊小基隆,埔頭,229-17
三芝區,埔坪,,557,三芝區,舊小基隆,埔頭,229-18
三芝區,埔坪,,558,三芝區,舊小基隆,埔頭,229-19
三芝區,埔坪,,559,三芝區,舊小基隆,埔頭,229-16
三芝區,埔坪,,56,三芝區,舊小基隆,埔頭,174-41
三芝區,埔坪,,560,三芝區,舊小基隆,埔頭,192-11
三芝區,埔坪,,561,三芝區,舊小基隆,埔頭,229-15
三芝區,埔坪,,562,三芝區,舊小基隆,埔頭,192-12
三芝區,埔坪,,563,三芝區,舊小基隆,埔頭,234-6
三芝區,埔坪,,564,三芝區,舊小基隆,埔頭,229-9
三芝區,埔坪,,565,三芝區,舊小基隆,埔頭,229-34
三芝區,埔坪,,566,三芝區,舊小基隆,埔頭,230-14
三芝區,埔坪,,567,三芝區,舊小基隆,埔頭,229-10
三芝區,埔坪,,568,三芝區,舊小基隆,埔頭,234-7
三芝區,埔坪,,569,三芝區,舊小基隆,埔頭,192-2
三芝區,埔坪,,57,三芝區,舊小基隆,埔頭,174-44
三芝區,埔坪,,570,三芝區,舊小基隆,埔頭,202-23
三芝區,埔坪,,571,三芝區,舊小基隆,埔頭,202-4
三芝區,埔坪,,572,三芝區,舊小基隆,埔頭,203-12
三芝區,埔坪,,573,三芝區,舊小基隆,埔頭,203-13
三芝區,埔坪,,574,三芝區,舊小基隆,埔頭,203-14
三芝區,埔坪,,575,三芝區,舊小基隆,埔頭,203-15
三芝區,埔坪,,576,三芝區,舊小基隆,埔頭,203
三芝區,埔坪,,577,三芝區,舊小基隆,埔頭,203-4
三芝區,埔坪,,578,三芝區,舊小基隆,埔頭,203-16
三芝區,埔坪,,579,三芝區,舊小基隆,埔頭,203-5
三芝區,埔坪,,58,三芝區,舊小基隆,埔頭,174-45
三芝區,埔坪,,580,三芝區,舊小基隆,埔頭,203-17
三芝區,埔坪,,581,三芝區,舊小基隆,埔頭,203-6
三芝區,埔坪,,582,三芝區,舊小基隆,埔頭,203-18
三芝區,埔坪,,583,三芝區,舊小基隆,埔頭,203-7
三芝區,埔坪,,584,三芝區,舊小基隆,埔頭,203-8
三芝區,埔坪,,585,三芝區,舊小基隆,埔頭,203-9
三芝區,埔坪,,586,三芝區,舊小基隆,埔頭,203-10
三芝區,埔坪,,587,三芝區,舊小基隆,埔頭,203-19
三芝區,埔坪,,588,三芝區,舊小基隆,埔頭,203-20
三芝區,埔坪,,589,三芝區,舊小基隆,埔頭,203-21
三芝區,埔坪,,59,三芝區,舊小基隆,埔頭,174-92
三芝區,埔坪,,590,三芝區,舊小基隆,埔頭,203-22
三芝區,埔坪,,591,三芝區,舊小基隆,埔頭,204-16
三芝區,埔坪,,592,三芝區,舊小基隆,埔頭,203-11
三芝區,埔坪,,593,三芝區,舊小基隆,埔頭,212-1
三芝區,埔坪,,594,三芝區,舊小基隆,埔頭,212-6
三芝區,埔坪,,595,三芝區,舊小基隆,埔頭,217-1
三芝區,埔坪,,597,三芝區,舊小基隆,埔頭,222-1
三芝區,埔坪,,598,三芝區,舊小基隆,埔頭,204-11
三芝區,埔坪,,599,三芝區,舊小基隆,埔頭,204-26
三芝區,埔坪,,6,三芝區,舊小基隆,埔頭,174-76
三芝區,埔坪,,60,三芝區,舊小基隆,埔頭,174-46
三芝區,埔坪,,600,三芝區,舊小基隆,埔頭,228-4
三芝區,埔坪,,601,三芝區,舊小基隆,埔頭,192-4
三芝區,埔坪,,602,三芝區,舊小基隆,埔頭,229-36
三芝區,埔坪,,603,三芝區,舊小基隆,埔頭,230-33
三芝區,埔坪,,604,三芝區,舊小基隆,埔頭,229-14
三芝區,埔坪,,605,三芝區,舊小基隆,埔頭,229-2
三芝區,埔坪,,606,三芝區,舊小基隆,埔頭,230-26
三芝區,埔坪,,607,三芝區,舊小基隆,埔頭,230-12
三芝區,埔坪,,608,三芝區,舊小基隆,埔頭,230-22
三芝區,埔坪,,609,三芝區,舊小基隆,埔頭,230-23
三芝區,埔坪,,61,三芝區,舊小基隆,埔頭,174-93
三芝區,埔坪,,610,三芝區,舊小基隆,埔頭,229-1
三芝區,埔坪,,611,三芝區,新小基隆,埔頭坑,83-5
三芝區,埔坪,,612,三芝區,舊小基隆,埔頭,230-10
三芝區,埔坪,,613,三芝區,新小基隆,埔頭坑,81-206
三芝區,埔坪,,614,三芝區,舊小基隆,埔頭,230-13
三芝區,埔坪,,615,三芝區,舊小基隆,埔頭,230-32
三芝區,埔坪,,616,三芝區,舊小基隆,埔頭,229-13
三芝區,埔坪,,617,三芝區,舊小基隆,埔頭,229-12
三芝區,埔坪,,618,三芝區,新小基隆,埔頭坑,81-16
三芝區,埔坪,,619,三芝區,新小基隆,埔頭坑,81-42
三芝區,埔坪,,62,三芝區,舊小基隆,埔頭,174-47
三芝區,埔坪,,620,三芝區,新小基隆,埔頭坑,81-58
三芝區,埔坪,,621,三芝區,新小基隆,埔頭坑,81-88
三芝區,埔坪,,622,三芝區,新小基隆,埔頭坑,81-209
三芝區,埔坪,,623,三芝區,新小基隆,埔頭坑,81-20
三芝區,埔坪,,624,三芝區,新小基隆,埔頭坑,81-19
三芝區,埔坪,,625,三芝區,新小基隆,埔頭坑,81-18
三芝區,埔坪,,626,三芝區,新小基隆,埔頭坑,81-24
三芝區,埔坪,,627,三芝區,新小基隆,埔頭坑,81-25
三芝區,埔坪,,628,三芝區,新小基隆,埔頭坑,81-169
三芝區,埔坪,,629,三芝區,新小基隆,埔頭坑,81-95
三芝區,埔坪,,63,三芝區,舊小基隆,埔頭,174-94
三芝區,埔坪,,630,三芝區,新小基隆,埔頭坑,81-94
三芝區,埔坪,,631,三芝區,新小基隆,埔頭坑,81-96
三芝區,埔坪,,632,三芝區,新小基隆,埔頭坑,81-28
三芝區,埔坪,,633,三芝區,新小基隆,埔頭坑,81-64
三芝區,埔坪,,634,三芝區,新小基隆,埔頭坑,81-91
三芝區,埔坪,,635,三芝區,新小基隆,埔頭坑,81-65
三芝區,埔坪,,636,三芝區,新小基隆,埔頭坑,81-41
三芝區,埔坪,,637,三芝區,新小基隆,埔頭坑,81-199
三芝區,埔坪,,638,三芝區,新小基隆,埔頭坑,81-201
三芝區,埔坪,,639,三芝區,新小基隆,埔頭坑,81-3
三芝區,埔坪,,64,三芝區,舊小基隆,埔頭,174-91
三芝區,埔坪,,640,三芝區,新小基隆,埔頭坑,81-200
三芝區,埔坪,,641,三芝區,新小基隆,埔頭坑,82-2
三芝區,埔坪,,642,三芝區,新小基隆,埔頭坑,81-84
三芝區,埔坪,,643,三芝區,新小基隆,埔頭坑,81-120
三芝區,埔坪,,644,三芝區,新小基隆,埔頭坑,81-119
三芝區,埔坪,,645,三芝區,新小基隆,埔頭坑,81-118
三芝區,埔坪,,646,三芝區,新小基隆,埔頭坑,81-114
三芝區,埔坪,,647,三芝區,新小基隆,埔頭坑,81-113
三芝區,埔坪,,648,三芝區,新小基隆,埔頭坑,81-117
三芝區,埔坪,,649,三芝區,新小基隆,埔頭坑,81-112
三芝區,埔坪,,65,三芝區,舊小基隆,埔頭,174-28
三芝區,埔坪,,650,三芝區,新小基隆,埔頭坑,81-124
三芝區,埔坪,,651,三芝區,新小基隆,埔頭坑,81-111
三芝區,埔坪,,652,三芝區,新小基隆,埔頭坑,81-213
三芝區,埔坪,,653,三芝區,新小基隆,埔頭坑,81-211
三芝區,埔坪,,654,三芝區,新小基隆,埔頭坑,81-89
三芝區,埔坪,,655,三芝區,新小基隆,埔頭坑,81-110
三芝區,埔坪,,656,三芝區,新小基隆,埔頭坑,81-116
三芝區,埔坪,,657,三芝區,新小基隆,埔頭坑,81-115
三芝區,埔坪,,658,三芝區,新小基隆,埔頭坑,81-109
三芝區,埔坪,,659,三芝區,新小基隆,埔頭坑,81-108
三芝區,埔坪,,66,三芝區,舊小基隆,埔頭,174-52
三芝區,埔坪,,660,三芝區,新小基隆,埔頭坑,81-170
三芝區,埔坪,,661,三芝區,新小基隆,埔頭坑,81-39
三芝區,埔坪,,662,三芝區,新小基隆,埔頭坑,81-165
三芝區,埔坪,,663,三芝區,新小基隆,埔頭坑,81-164
三芝區,埔坪,,664,三芝區,新小基隆,埔頭坑,81-167
三芝區,埔坪,,665,三芝區,新小基隆,埔頭坑,81-60
三芝區,埔坪,,666,三芝區,新小基隆,埔頭坑,81-168
三芝區,埔坪,,667,三芝區,新小基隆,埔頭坑,81-162
三芝區,埔坪,,668,三芝區,新小基隆,埔頭坑,81-171
三芝區,埔坪,,669,三芝區,新小基隆,埔頭坑,81-59
三芝區,埔坪,,67,三芝區,舊小基隆,埔頭,174-51
三芝區,埔坪,,670,三芝區,新小基隆,埔頭坑,81-172
三芝區,埔坪,,671,三芝區,新小基隆,埔頭坑,81-163
三芝區,埔坪,,672,三芝區,新小基隆,埔頭坑,81-107
三芝區,埔坪,,673,三芝區,新小基隆,埔頭坑,81-98
三芝區,埔坪,,674,三芝區,新小基隆,埔頭坑,81-97
三芝區,埔坪,,675,三芝區,新小基隆,埔頭坑,81-38
三芝區,埔坪,,676,三芝區,新小基隆,埔頭坑,81-90
三芝區,埔坪,,677,三芝區,新小基隆,埔頭坑,81-71
三芝區,埔坪,,678,三芝區,新小基隆,埔頭坑,81-145
三芝區,埔坪,,679,三芝區,新小基隆,埔頭坑,81-144
三芝區,埔坪,,68,三芝區,舊小基隆,埔頭,174-29
三芝區,埔坪,,680,三芝區,新小基隆,埔頭坑,81-143
三芝區,埔坪,,681,三芝區,新小基隆,埔頭坑,81-142
三芝區,埔坪,,682,三芝區,新小基隆,埔頭坑,81-141
三芝區,埔坪,,683,三芝區,新小基隆,埔頭坑,81-45
三芝區,埔坪,,684,三芝區,新小基隆,埔頭坑,81-139
三芝區,埔坪,,685,三芝區,新小基隆,埔頭坑,81-140
三芝區,埔坪,,686,三芝區,新小基隆,埔頭坑,81-106
三芝區,埔坪,,687,三芝區,新小基隆,埔頭坑,81-122
三芝區,埔坪,,688,三芝區,新小基隆,埔頭坑,81-105
三芝區,埔坪,,689,三芝區,新小基隆,埔頭坑,81-104
三芝區,埔坪,,69,三芝區,舊小基隆,埔頭,174-30
三芝區,埔坪,,690,三芝區,新小基隆,埔頭坑,81-103
三芝區,埔坪,,691,三芝區,新小基隆,埔頭坑,81-102
三芝區,埔坪,,692,三芝區,新小基隆,埔頭坑,81-101
三芝區,埔坪,,693,三芝區,新小基隆,埔頭坑,81-100
三芝區,埔坪,,694,三芝區,新小基隆,埔頭坑,81-99
三芝區,埔坪,,695,三芝區,新小基隆,埔頭坑,81-37
三芝區,埔坪,,696,三芝區,新小基隆,埔頭坑,81-69
三芝區,埔坪,,697,三芝區,新小基隆,埔頭坑,81-46
三芝區,埔坪,,698,三芝區,新小基隆,埔頭坑,80-5
三芝區,埔坪,,699,三芝區,新小基隆,埔頭坑,79
三芝區,埔坪,,7,三芝區,舊小基隆,埔頭,174-77
三芝區,埔坪,,70,三芝區,舊小基隆,埔頭,174-84
三芝區,埔坪,,700,三芝區,新小基隆,埔頭坑,79-15
三芝區,埔坪,,701,三芝區,新小基隆,埔頭坑,79-16
三芝區,埔坪,,702,三芝區,新小基隆,埔頭坑,81-21
三芝區,埔坪,,703,三芝區,新小基隆,埔頭坑,81-134
三芝區,埔坪,,704,三芝區,新小基隆,埔頭坑,81-135
三芝區,埔坪,,705,三芝區,新小基隆,埔頭坑,81-136
三芝區,埔坪,,706,三芝區,新小基隆,埔頭坑,81-137
三芝區,埔坪,,707,三芝區,新小基隆,埔頭坑,81-138
三芝區,埔坪,,708,三芝區,新小基隆,埔頭坑,81-4
三芝區,埔坪,,709,三芝區,新小基隆,埔頭坑,81-156
三芝區,埔坪,,71,三芝區,舊小基隆,埔頭,174-71
三芝區,埔坪,,710,三芝區,新小基隆,埔頭坑,81-155
三芝區,埔坪,,711,三芝區,新小基隆,埔頭坑,81-157
三芝區,埔坪,,712,三芝區,新小基隆,埔頭坑,81-158
三芝區,埔坪,,713,三芝區,新小基隆,埔頭坑,81-152
三芝區,埔坪,,714,三芝區,新小基隆,埔頭坑,81-153
三芝區,埔坪,,715,三芝區,新小基隆,埔頭坑,81-154
三芝區,埔坪,,716,三芝區,新小基隆,埔頭坑,81-151
三芝區,埔坪,,717,三芝區,新小基隆,埔頭坑,81-146
三芝區,埔坪,,718,三芝區,新小基隆,埔頭坑,81-147
三芝區,埔坪,,719,三芝區,新小基隆,埔頭坑,81-148
三芝區,埔坪,,72,三芝區,舊小基隆,埔頭,174-54
三芝區,埔坪,,720,三芝區,新小基隆,埔頭坑,81-149
三芝區,埔坪,,721,三芝區,新小基隆,埔頭坑,81-150
三芝區,埔坪,,722,三芝區,新小基隆,埔頭坑,85-2
三芝區,埔坪,,723,三芝區,新小基隆,埔頭坑,85-109
三芝區,埔坪,,724,三芝區,新小基隆,埔頭坑,85-108
三芝區,埔坪,,725,三芝區,新小基隆,埔頭坑,85-105
三芝區,埔坪,,726,三芝區,新小基隆,埔頭坑,85-115
三芝區,埔坪,,727,三芝區,新小基隆,埔頭坑,85-107
三芝區,埔坪,,728,三芝區,新小基隆,埔頭坑,85-106
三芝區,埔坪,,729,三芝區,新小基隆,埔頭坑,85-114
三芝區,埔坪,,73,三芝區,舊小基隆,埔頭,174-32
三芝區,埔坪,,730,三芝區,新小基隆,埔頭坑,85-4
三芝區,埔坪,,731,三芝區,新小基隆,埔頭坑,80-59
三芝區,埔坪,,732,三芝區,新小基隆,埔頭坑,80-58
三芝區,埔坪,,733,三芝區,新小基隆,埔頭坑,80-57
三芝區,埔坪,,734,三芝區,新小基隆,埔頭坑,80-56
三芝區,埔坪,,735,三芝區,新小基隆,埔頭坑,85-113
三芝區,埔坪,,736,三芝區,新小基隆,埔頭坑,85-112
三芝區,埔坪,,737,三芝區,新小基隆,埔頭坑,85-20
三芝區,埔坪,,738,三芝區,新小基隆,埔頭坑,85-125
三芝區,埔坪,,739,三芝區,新小基隆,埔頭坑,85-18
三芝區,埔坪,,74,三芝區,舊小基隆,埔頭,174-33
三芝區,埔坪,,740,三芝區,新小基隆,埔頭坑,85-128
三芝區,埔坪,,741,三芝區,新小基隆,埔頭坑,85-111
三芝區,埔坪,,742,三芝區,新小基隆,埔頭坑,85-110
三芝區,埔坪,,743,三芝區,新小基隆,埔頭坑,85-118
三芝區,埔坪,,744,三芝區,新小基隆,埔頭坑,85-127
三芝區,埔坪,,745,三芝區,新小基隆,埔頭坑,85
三芝區,埔坪,,746,三芝區,新小基隆,埔頭坑,85-119
三芝區,埔坪,,747,三芝區,新小基隆,埔頭坑,85-117
三芝區,埔坪,,748,三芝區,新小基隆,埔頭坑,85-23
三芝區,埔坪,,749,三芝區,新小基隆,埔頭坑,85-116
三芝區,埔坪,,75,三芝區,舊小基隆,埔頭,174-55
三芝區,埔坪,,750,三芝區,新小基隆,埔頭坑,85-22
三芝區,埔坪,,751,三芝區,新小基隆,埔頭坑,85-123
三芝區,埔坪,,752,三芝區,新小基隆,埔頭坑,85-21
三芝區,埔坪,,753,三芝區,新小基隆,埔頭坑,85-126
三芝區,埔坪,,754,三芝區,新小基隆,埔頭坑,85-124
三芝區,埔坪,,755,三芝區,新小基隆,埔頭坑,85-122
三芝區,埔坪,,756,三芝區,新小基隆,埔頭坑,85-121
三芝區,埔坪,,757,三芝區,新小基隆,埔頭坑,80-25
三芝區,埔坪,,758,三芝區,新小基隆,埔頭坑,85-120
三芝區,埔坪,,759,三芝區,新小基隆,埔頭坑,80-9
三芝區,埔坪,,76,三芝區,舊小基隆,埔頭,174-31
三芝區,埔坪,,760,三芝區,新小基隆,埔頭坑,80-55
三芝區,埔坪,,761,三芝區,新小基隆,埔頭坑,80-32
三芝區,埔坪,,762,三芝區,新小基隆,埔頭坑,80-60
三芝區,埔坪,,763,三芝區,新小基隆,埔頭坑,80-61
三芝區,埔坪,,764,三芝區,新小基隆,埔頭坑,80-62
三芝區,埔坪,,765,三芝區,新小基隆,埔頭坑,80-63
三芝區,埔坪,,766,三芝區,新小基隆,埔頭坑,80-64
三芝區,埔坪,,767,三芝區,新小基隆,埔頭坑,80
三芝區,埔坪,,768,三芝區,新小基隆,埔頭坑,80-65
三芝區,埔坪,,769,三芝區,新小基隆,埔頭坑,80-3
三芝區,埔坪,,77,三芝區,舊小基隆,埔頭,174-56
三芝區,埔坪,,770,三芝區,新小基隆,埔頭坑,80-13
三芝區,埔坪,,771,三芝區,新小基隆,埔頭坑,80-69
三芝區,埔坪,,772,三芝區,新小基隆,埔頭坑,80-68
三芝區,埔坪,,773,三芝區,新小基隆,埔頭坑,80-27
三芝區,埔坪,,774,三芝區,新小基隆,埔頭坑,80-15
三芝區,埔坪,,775,三芝區,新小基隆,埔頭坑,80-47
三芝區,埔坪,,776,三芝區,新小基隆,埔頭坑,80-16
三芝區,埔坪,,777,三芝區,新小基隆,埔頭坑,80-48
三芝區,埔坪,,778,三芝區,新小基隆,埔頭坑,80-49
三芝區,埔坪,,779,三芝區,新小基隆,埔頭坑,80-17
三芝區,埔坪,,78,三芝區,舊小基隆,埔頭,174-36
三芝區,埔坪,,780,三芝區,新小基隆,埔頭坑,80-4
三芝區,埔坪,,781,三芝區,新小基隆,埔頭坑,80-70
三芝區,埔坪,,782,三芝區,新小基隆,埔頭坑,80-8
三芝區,埔坪,,783,三芝區,新小基隆,埔頭坑,80-26
三芝區,埔坪,,784,三芝區,新小基隆,埔頭坑,80-7
三芝區,埔坪,,785,三芝區,新小基隆,埔頭坑,80-30
三芝區,埔坪,,786,三芝區,新小基隆,埔頭坑,80-6
三芝區,埔坪,,787,三芝區,新小基隆,埔頭坑,80-20
三芝區,埔坪,,788,三芝區,新小基隆,埔頭坑,80-21
三芝區,埔坪,,789,三芝區,新小基隆,埔頭坑,80-22
三芝區,埔坪,,79,三芝區,舊小基隆,埔頭,174-53
三芝區,埔坪,,790,三芝區,新小基隆,埔頭坑,80-23
三芝區,埔坪,,791,三芝區,新小基隆,埔頭坑,80-24
三芝區,埔坪,,792,三芝區,新小基隆,埔頭坑,80-31
三芝區,埔坪,,793,三芝區,新小基隆,埔頭坑,80-28
三芝區,埔坪,,794,三芝區,新小基隆,埔頭坑,85-59
三芝區,埔坪,,795,三芝區,新小基隆,埔頭坑,85-185
三芝區,埔坪,,796,三芝區,新小基隆,埔頭坑,85-34
三芝區,埔坪,,797,三芝區,新小基隆,埔頭坑,85-30
三芝區,埔坪,,798,三芝區,新小基隆,埔頭坑,81-208
三芝區,埔坪,,799,三芝區,新小基隆,埔頭坑,81-43
三芝區,埔坪,,8,三芝區,舊小基隆,埔頭,174-78
三芝區,埔坪,,80,三芝區,舊小基隆,埔頭,174-34
三芝區,埔坪,,800,三芝區,舊小基隆,埔頭,230-1
三芝區,埔坪,,801,三芝區,舊小基隆,埔頭,230-17
三芝區,埔坪,,802,三芝區,舊小基隆,埔頭,230-24
三芝區,埔坪,,803,三芝區,舊小基隆,埔頭,230-8
三芝區,埔坪,,804,三芝區,舊小基隆,埔頭,230-31
三芝區,埔坪,,805,三芝區,舊小基隆,埔頭,230-7
三芝區,埔坪,,806,三芝區,舊小基隆,埔頭,230
三芝區,埔坪,,807,三芝區,舊小基隆,埔頭,230-28
三芝區,埔坪,,808,三芝區,舊小基隆,埔頭,230-29
三芝區,埔坪,,809,三芝區,舊小基隆,埔頭,234-3
三芝區,埔坪,,81,三芝區,舊小基隆,埔頭,174-35
三芝區,埔坪,,810,三芝區,舊小基隆,埔頭,228
三芝區,埔坪,,811,三芝區,舊小基隆,埔頭,226
三芝區,埔坪,,812,三芝區,舊小基隆,埔頭,224
三芝區,埔坪,,813,三芝區,舊小基隆,埔頭,222
三芝區,埔坪,,814,三芝區,舊小基隆,埔頭,224-3
三芝區,埔坪,,815,三芝區,舊小基隆,埔頭,217
三芝區,埔坪,,816,三芝區,舊小基隆,埔頭,221-1
三芝區,埔坪,,817,三芝區,舊小基隆,埔頭,218
三芝區,埔坪,,818,三芝區,舊小基隆,埔頭,218-6
三芝區,埔坪,,819,三芝區,舊小基隆,埔頭,218-5
三芝區,埔坪,,82,三芝區,舊小基隆,埔頭,174-10
三芝區,埔坪,,820,三芝區,舊小基隆,埔頭,218-4
三芝區,埔坪,,821,三芝區,舊小基隆,埔頭,215
三芝區,埔坪,,822,三芝區,舊小基隆,埔頭,212-2
三芝區,埔坪,,823,三芝區,舊小基隆,埔頭,212-8
三芝區,埔坪,,824,三芝區,舊小基隆,埔頭,221-5
三芝區,埔坪,,825,三芝區,舊小基隆,埔頭,218-7
三芝區,埔坪,,826,三芝區,舊小基隆,埔頭,219-1
三芝區,埔坪,,827,三芝區,舊小基隆,埔頭,221-7
三芝區,埔坪,,828,三芝區,舊小基隆,埔頭,218-1
三芝區,埔坪,,829,三芝區,舊小基隆,埔頭,219
三芝區,埔坪,,83,三芝區,舊小基隆,埔頭,174-20
三芝區,埔坪,,830,三芝區,舊小基隆,埔頭,220
三芝區,埔坪,,831,三芝區,舊小基隆,埔頭,221-2
三芝區,埔坪,,832,三芝區,舊小基隆,埔頭,221
三芝區,埔坪,,833,三芝區,舊小基隆,埔頭,236-3
三芝區,埔坪,,834,三芝區,舊小基隆,埔頭,236
三芝區,埔坪,,835,三芝區,舊小基隆,埔頭,228-3
三芝區,埔坪,,836,三芝區,舊小基隆,埔頭,236-4
三芝區,埔坪,,837,三芝區,舊小基隆,埔頭,227
三芝區,埔坪,,838,三芝區,舊小基隆,埔頭,221-6
三芝區,埔坪,,839,三芝區,舊小基隆,埔頭,221-3
三芝區,埔坪,,84,三芝區,舊小基隆,埔頭,174-21
三芝區,埔坪,,840,三芝區,舊小基隆,埔頭,237
三芝區,埔坪,,841,三芝區,舊小基隆,埔頭,238
三芝區,埔坪,,842,三芝區,舊小基隆,埔頭,239
三芝區,埔坪,,843,三芝區,舊小基隆,埔頭,240
三芝區,埔坪,,844,三芝區,舊小基隆,埔頭,240-2
三芝區,埔坪,,845,三芝區,舊小基隆,埔頭,221-4
三芝區,埔坪,,846,三芝區,舊小基隆,埔頭,240-1
三芝區,埔坪,,847,三芝區,舊小基隆,埔頭,240-3
三芝區,埔坪,,848,三芝區,舊小基隆,埔頭,236-1
三芝區,埔坪,,849,三芝區,舊小基隆,埔頭,241
三芝區,埔坪,,85,三芝區,舊小基隆,埔頭,174-11
三芝區,埔坪,,850,三芝區,舊小基隆,埔頭,235
三芝區,埔坪,,851,三芝區,舊小基隆,埔頭,236-2
三芝區,埔坪,,852,三芝區,舊小基隆,埔頭,241-1
三芝區,埔坪,,853,三芝區,舊小基隆,埔頭,242
三芝區,埔坪,,854,三芝區,舊小基隆,埔頭,234
三芝區,埔坪,,855,三芝區,舊小基隆,埔頭,233
三芝區,埔坪,,856,三芝區,舊小基隆,埔頭,250-1
三芝區,埔坪,,857,三芝區,舊小基隆,埔頭,230-30
三芝區,埔坪,,858,三芝區,舊小基隆,埔頭,230-3
三芝區,埔坪,,859,三芝區,舊小基隆,埔頭,245-2
三芝區,埔坪,,86,三芝區,舊小基隆,埔頭,174-12
三芝區,埔坪,,860,三芝區,舊小基隆,埔頭,231
三芝區,埔坪,,861,三芝區,舊小基隆,埔頭,231-1
三芝區,埔坪,,862,三芝區,舊小基隆,埔頭,231-2
三芝區,埔坪,,863,三芝區,舊小基隆,埔頭,230-4
三芝區,埔坪,,864,三芝區,舊小基隆,埔頭,247-6
三芝區,埔坪,,865,三芝區,舊小基隆,埔頭,232
三芝區,埔坪,,866,三芝區,舊小基隆,埔頭,244
三芝區,埔坪,,867,三芝區,舊小基隆,埔頭,244-1
三芝區,埔坪,,868,三芝區,舊小基隆,埔頭,244-2
三芝區,埔坪,,869,三芝區,舊小基隆,埔頭,244-3
三芝區,埔坪,,87,三芝區,舊小基隆,埔頭,174-13
三芝區,埔坪,,870,三芝區,舊小基隆,埔頭,242-4
三芝區,埔坪,,871,三芝區,舊小基隆,埔頭,242-5
三芝區,埔坪,,872,三芝區,舊小基隆,埔頭,242-6
三芝區,埔坪,,873,三芝區,舊小基隆,埔頭,242-1
三芝區,埔坪,,874,三芝區,舊小基隆,埔頭,243-1
三芝區,埔坪,,875,三芝區,舊小基隆,埔頭,243-2
三芝區,埔坪,,876,三芝區,舊小基隆,埔頭,243
三芝區,埔坪,,877,三芝區,舊小基隆,埔頭,248
三芝區,埔坪,,878,三芝區,舊小基隆,埔頭,248-4
三芝區,埔坪,,879,三芝區,舊小基隆,埔頭,248-2
三芝區,埔坪,,88,三芝區,舊小基隆,埔頭,174-14
三芝區,埔坪,,880,三芝區,舊小基隆,埔頭,242-7
三芝區,埔坪,,881,三芝區,舊小基隆,埔頭,242-3
三芝區,埔坪,,882,三芝區,舊小基隆,埔頭,249-5
三芝區,埔坪,,883,三芝區,舊小基隆,埔頭,249-4
三芝區,埔坪,,884,三芝區,舊小基隆,埔頭,249-10
三芝區,埔坪,,885,三芝區,舊小基隆,埔頭,221-10
三芝區,埔坪,,886,三芝區,舊小基隆,埔頭,221-11
三芝區,埔坪,,887,三芝區,舊小基隆,埔頭,242-8
三芝區,埔坪,,888,三芝區,舊小基隆,埔頭,249-11
三芝區,埔坪,,889,三芝區,舊小基隆,埔頭,221-9
三芝區,埔坪,,89,三芝區,舊小基隆,埔頭,174-39
三芝區,埔坪,,890,三芝區,舊小基隆,埔頭,221-8
三芝區,埔坪,,891,三芝區,舊小基隆,埔頭,249-3
三芝區,埔坪,,892,三芝區,舊小基隆,埔頭,248-1
三芝區,埔坪,,893,三芝區,舊小基隆,埔頭,249
三芝區,埔坪,,894,三芝區,舊小基隆,埔頭,249-7
三芝區,埔坪,,895,三芝區,舊小基隆,埔頭,249-8
三芝區,埔坪,,896,三芝區,舊小基隆,埔頭,249-6
三芝區,埔坪,,897,三芝區,舊小基隆,埔頭,249-9
三芝區,埔坪,,898,三芝區,舊小基隆,埔頭,249-2
三芝區,埔坪,,899,三芝區,舊小基隆,埔頭,250-4
三芝區,埔坪,,9,三芝區,舊小基隆,埔頭,174-82
三芝區,埔坪,,90,三芝區,舊小基隆,埔頭,174-57
三芝區,埔坪,,900,三芝區,舊小基隆,埔頭,250-14
三芝區,埔坪,,901,三芝區,舊小基隆,埔頭,250-13
三芝區,埔坪,,902,三芝區,舊小基隆,埔頭,250-10
三芝區,埔坪,,903,三芝區,舊小基隆,埔頭,250
三芝區,埔坪,,904,三芝區,舊小基隆,埔頭,250-7
三芝區,埔坪,,905,三芝區,舊小基隆,埔頭,250-8
三芝區,埔坪,,906,三芝區,舊小基隆,埔頭,250-12
三芝區,埔坪,,907,三芝區,舊小基隆,埔頭,249-12
三芝區,埔坪,,908,三芝區,舊小基隆,埔頭,250-5
三芝區,埔坪,,909,三芝區,舊小基隆,埔頭,250-11
三芝區,埔坪,,91,三芝區,舊小基隆,埔頭,174-37
三芝區,埔坪,,910,三芝區,舊小基隆,埔頭,247-17
三芝區,埔坪,,911,三芝區,舊小基隆,埔頭,247-18
三芝區,埔坪,,912,三芝區,舊小基隆,埔頭,247
三芝區,埔坪,,913,三芝區,舊小基隆,埔頭,247-4
三芝區,埔坪,,914,三芝區,舊小基隆,埔頭,247-5
三芝區,埔坪,,915,三芝區,舊小基隆,埔頭,245
三芝區,埔坪,,916,三芝區,舊小基隆,埔頭,247-3
三芝區,埔坪,,917,三芝區,舊小基隆,埔頭,247-2
三芝區,埔坪,,918,三芝區,舊小基隆,埔頭,230-16
三芝區,埔坪,,919,三芝區,新小基隆,埔頭坑,88-9
三芝區,埔坪,,92,三芝區,舊小基隆,埔頭,174-42
三芝區,埔坪,,920,三芝區,舊小基隆,埔頭,247-19
三芝區,埔坪,,921,三芝區,舊小基隆,埔頭,247-20
三芝區,埔坪,,922,三芝區,舊小基隆,埔頭,246-1
三芝區,埔坪,,923,三芝區,舊小基隆,埔頭,246
三芝區,埔坪,,924,三芝區,新小基隆,埔頭坑,89-8
三芝區,埔坪,,925,三芝區,新小基隆,埔頭坑,89-7
三芝區,埔坪,,926,三芝區,新小基隆,埔頭坑,89-3
三芝區,埔坪,,927,三芝區,新小基隆,埔頭坑,89-6
三芝區,埔坪,,928,三芝區,新小基隆,埔頭坑,92-1
三芝區,埔坪,,929,三芝區,新小基隆,埔頭坑,88-4
三芝區,埔坪,,93,三芝區,舊小基隆,埔頭,174-17
三芝區,埔坪,,930,三芝區,新小基隆,埔頭坑,89-10
三芝區,埔坪,,931,三芝區,新小基隆,埔頭坑,83-22
三芝區,埔坪,,932,三芝區,舊小基隆,埔頭,230-11
三芝區,埔坪,,933,三芝區,新小基隆,埔頭坑,85-25
三芝區,埔坪,,934,三芝區,新小基隆,埔頭坑,85-72
三芝區,埔坪,,935,三芝區,新小基隆,埔頭坑,85-73
三芝區,埔坪,,936,三芝區,新小基隆,埔頭坑,85-74
三芝區,埔坪,,937,三芝區,新小基隆,埔頭坑,85-75
三芝區,埔坪,,938,三芝區,新小基隆,埔頭坑,85-76
三芝區,埔坪,,939,三芝區,新小基隆,埔頭坑,85-77
三芝區,埔坪,,94,三芝區,舊小基隆,埔頭,174-58
三芝區,埔坪,,940,三芝區,新小基隆,埔頭坑,85-78
三芝區,埔坪,,941,三芝區,新小基隆,埔頭坑,85-86
三芝區,埔坪,,942,三芝區,新小基隆,埔頭坑,85-87
三芝區,埔坪,,943,三芝區,新小基隆,埔頭坑,85-88
三芝區,埔坪,,944,三芝區,新小基隆,埔頭坑,85-85
三芝區,埔坪,,945,三芝區,新小基隆,埔頭坑,85-84
三芝區,埔坪,,946,三芝區,新小基隆,埔頭坑,85-83
三芝區,埔坪,,947,三芝區,新小基隆,埔頭坑,85-82
三芝區,埔坪,,948,三芝區,新小基隆,埔頭坑,85-81
三芝區,埔坪,,949,三芝區,新小基隆,埔頭坑,85-89
三芝區,埔坪,,95,三芝區,舊小基隆,埔頭,174-90
三芝區,埔坪,,950,三芝區,新小基隆,埔頭坑,85-68
三芝區,埔坪,,951,三芝區,新小基隆,埔頭坑,85-90
三芝區,埔坪,,952,三芝區,新小基隆,埔頭坑,85-91
三芝區,埔坪,,953,三芝區,新小基隆,埔頭坑,85-104
三芝區,埔坪,,954,三芝區,新小基隆,埔頭坑,85-92
三芝區,埔坪,,955,三芝區,新小基隆,埔頭坑,85-94
三芝區,埔坪,,956,三芝區,新小基隆,埔頭坑,85-71
三芝區,埔坪,,957,三芝區,新小基隆,埔頭坑,85-95
三芝區,埔坪,,958,三芝區,新小基隆,埔頭坑,85-70
三芝區,埔坪,,959,三芝區,新小基隆,埔頭坑,85-96
三芝區,埔坪,,96,三芝區,舊小基隆,埔頭,174-18
三芝區,埔坪,,960,三芝區,新小基隆,埔頭坑,85-97
三芝區,埔坪,,961,三芝區,新小基隆,埔頭坑,85-69
三芝區,埔坪,,962,三芝區,新小基隆,埔頭坑,85-67
三芝區,埔坪,,963,三芝區,新小基隆,埔頭坑,85-98
三芝區,埔坪,,964,三芝區,新小基隆,埔頭坑,85-99
三芝區,埔坪,,965,三芝區,新小基隆,埔頭坑,85-66
三芝區,埔坪,,966,三芝區,新小基隆,埔頭坑,85-100
三芝區,埔坪,,967,三芝區,新小基隆,埔頭坑,85-101
三芝區,埔坪,,968,三芝區,新小基隆,埔頭坑,85-19
三芝區,埔坪,,969,三芝區,新小基隆,埔頭坑,85-31
三芝區,埔坪,,97,三芝區,舊小基隆,埔頭,174-40
三芝區,埔坪,,970,三芝區,新小基隆,埔頭坑,85-3
三芝區,埔坪,,971,三芝區,新小基隆,埔頭坑,85-16
三芝區,埔坪,,972,三芝區,新小基隆,埔頭坑,85-158
三芝區,埔坪,,973,三芝區,新小基隆,埔頭坑,85-157
三芝區,埔坪,,974,三芝區,新小基隆,埔頭坑,81-47
三芝區,埔坪,,975,三芝區,新小基隆,埔頭坑,81-173
三芝區,埔坪,,976,三芝區,新小基隆,埔頭坑,81-161
三芝區,埔坪,,977,三芝區,新小基隆,埔頭坑,81-160
三芝區,埔坪,,978,三芝區,新小基隆,埔頭坑,81-159
三芝區,埔坪,,979,三芝區,新小基隆,埔頭坑,81-55
三芝區,埔坪,,98,三芝區,舊小基隆,埔頭,174-59
三芝區,埔坪,,980,三芝區,新小基隆,埔頭坑,81-215
三芝區,埔坪,,981,三芝區,新小基隆,埔頭坑,81-54
三芝區,埔坪,,982,三芝區,新小基隆,埔頭坑,81-48
三芝區,埔坪,,983,三芝區,新小基隆,埔頭坑,85-32
三芝區,埔坪,,984,三芝區,新小基隆,埔頭坑,85-55
三芝區,埔坪,,985,三芝區,新小基隆,埔頭坑,85-5
三芝區,埔坪,,986,三芝區,新小基隆,埔頭坑,85-44
三芝區,埔坪,,987,三芝區,新小基隆,埔頭坑,85-45
三芝區,埔坪,,988,三芝區,新小基隆,埔頭坑,85-147
三芝區,埔坪,,989,三芝區,新小基隆,埔頭坑,85-39
三芝區,埔坪,,99,三芝區,舊小基隆,埔頭,174-60
三芝區,埔坪,,990,三芝區,新小基隆,埔頭坑,85-41
三芝區,埔坪,,991,三芝區,新小基隆,埔頭坑,85-42
三芝區,埔坪,,992,三芝區,新小基隆,埔頭坑,85-142
三芝區,埔坪,,993,三芝區,新小基隆,埔頭坑,85-146
三芝區,埔坪,,994,三芝區,新小基隆,埔頭坑,85-43
三芝區,埔坪,,995,三芝區,新小基隆,埔頭坑,85-37
三芝區,埔坪,,996,三芝區,新小基隆,埔頭坑,85-36
三芝區,埔坪,,997,三芝區,新小基隆,埔頭坑,85-145
三芝區,埔坪,,998,三芝區,新小基隆,埔頭坑,85-38
三芝區,埔坪,,999,三芝區,新小基隆,埔頭坑,85-129
三芝區,埔頭,,1,三芝區,舊小基隆,埔頭,61-5
三芝區,埔頭,,10,三芝區,舊小基隆,埔頭,63-3
三芝區,埔頭,,100,三芝區,舊小基隆,埔頭,77-11
三芝區,埔頭,,1000,三芝區,舊小基隆,埔頭,206-12
三芝區,埔頭,,1001,三芝區,舊小基隆,埔頭,206-11
三芝區,埔頭,,1002,三芝區,舊小基隆,埔頭,206-7
三芝區,埔頭,,1003,三芝區,舊小基隆,埔頭,208
三芝區,埔頭,,1004,三芝區,舊小基隆,埔頭,210
三芝區,埔頭,,1005,三芝區,舊小基隆,埔頭,210-3
三芝區,埔頭,,1006,三芝區,舊小基隆,埔頭,210-1
三芝區,埔頭,,1007,三芝區,舊小基隆,埔頭,209-4
三芝區,埔頭,,1008,三芝區,舊小基隆,埔頭,209-1
三芝區,埔頭,,1009,三芝區,舊小基隆,埔頭,210-5
三芝區,埔頭,,101,三芝區,舊小基隆,埔頭,77-9
三芝區,埔頭,,1010,三芝區,舊小基隆,埔頭,209-7
三芝區,埔頭,,1011,三芝區,舊小基隆,埔頭,210-6
三芝區,埔頭,,1012,三芝區,舊小基隆,埔頭,209-3
三芝區,埔頭,,1013,三芝區,舊小基隆,埔頭,209
三芝區,埔頭,,1014,三芝區,舊小基隆,埔頭,209-6
三芝區,埔頭,,1015,三芝區,舊小基隆,埔頭,210-2
三芝區,埔頭,,1016,三芝區,舊小基隆,埔頭,209-5
三芝區,埔頭,,1017,三芝區,舊小基隆,埔頭,209-8
三芝區,埔頭,,1018,三芝區,舊小基隆,埔頭,209-2
三芝區,埔頭,,1019,三芝區,舊小基隆,埔頭,210-7
三芝區,埔頭,,102,三芝區,舊小基隆,埔頭,77-4
三芝區,埔頭,,1020,三芝區,舊小基隆,埔頭,212-7
三芝區,埔頭,,1021,三芝區,舊小基隆,埔頭,212-4
三芝區,埔頭,,1022,三芝區,舊小基隆,埔頭,212-10
三芝區,埔頭,,1023,三芝區,舊小基隆,埔頭,212
三芝區,埔頭,,1024,三芝區,舊小基隆,埔頭,212-9
三芝區,埔頭,,1025,三芝區,舊小基隆,埔頭,212-12
三芝區,埔頭,,1026,三芝區,舊小基隆,埔頭,212-11
三芝區,埔頭,,1027,三芝區,舊小基隆,埔頭,214
三芝區,埔頭,,1028,三芝區,舊小基隆,埔頭,215-2
三芝區,埔頭,,1029,三芝區,舊小基隆,埔頭,216
三芝區,埔頭,,103,三芝區,舊小基隆,埔頭,76
三芝區,埔頭,,1030,三芝區,舊小基隆,埔頭,211-1
三芝區,埔頭,,1031,三芝區,舊小基隆,埔頭,216-1
三芝區,埔頭,,1032,三芝區,舊小基隆,埔頭,211
三芝區,埔頭,,1033,三芝區,舊小基隆,埔頭,206-8
三芝區,埔頭,,1034,三芝區,舊小基隆,埔頭,208-2
三芝區,埔頭,,1035,三芝區,舊小基隆,埔頭,77-6
三芝區,埔頭,,1036,三芝區,舊小基隆,埔頭,91-39
三芝區,埔頭,,1037,三芝區,舊小基隆,埔頭,91-23
三芝區,埔頭,,1038,三芝區,舊小基隆,埔頭,91-29
三芝區,埔頭,,1039,三芝區,舊小基隆,埔頭,86-15
三芝區,埔頭,,104,三芝區,舊小基隆,埔頭,76-2
三芝區,埔頭,,1040,三芝區,舊小基隆,埔頭,86-9
三芝區,埔頭,,1041,三芝區,舊小基隆,埔頭,99-8
三芝區,埔頭,,1042,三芝區,舊小基隆,埔頭,99-1
三芝區,埔頭,,1043,三芝區,舊小基隆,埔頭,99-6
三芝區,埔頭,,1044,三芝區,舊小基隆,埔頭,103-3
三芝區,埔頭,,1045,三芝區,舊小基隆,埔頭,105-2
三芝區,埔頭,,1046,三芝區,舊小基隆,埔頭,103-15
三芝區,埔頭,,1047,三芝區,舊小基隆,埔頭,198-11
三芝區,埔頭,,1048,三芝區,舊小基隆,埔頭,94
三芝區,埔頭,,1049,三芝區,舊小基隆,埔頭,77-3
三芝區,埔頭,,105,三芝區,舊小基隆,埔頭,76-1
三芝區,埔頭,,1050,三芝區,舊小基隆,埔頭,94-2
三芝區,埔頭,,1051,三芝區,舊小基隆,埔頭,95
三芝區,埔頭,,1052,三芝區,舊小基隆,埔頭,94-8
三芝區,埔頭,,1053,三芝區,舊小基隆,埔頭,91-43
三芝區,埔頭,,1054,三芝區,舊小基隆,埔頭,91-34
三芝區,埔頭,,1055,三芝區,舊小基隆,埔頭,91-28
三芝區,埔頭,,1056,三芝區,舊小基隆,埔頭,91-11
三芝區,埔頭,,1057,三芝區,舊小基隆,埔頭,91-26
三芝區,埔頭,,1058,三芝區,舊小基隆,埔頭,95-6
三芝區,埔頭,,1059,三芝區,舊小基隆,埔頭,95-1
三芝區,埔頭,,106,三芝區,舊小基隆,埔頭,48-3
三芝區,埔頭,,1060,三芝區,舊小基隆,埔頭,95-2
三芝區,埔頭,,1061,三芝區,舊小基隆,埔頭,96-16
三芝區,埔頭,,1062,三芝區,舊小基隆,埔頭,96-17
三芝區,埔頭,,1063,三芝區,舊小基隆,埔頭,95-5
三芝區,埔頭,,1064,三芝區,舊小基隆,埔頭,96
三芝區,埔頭,,1065,三芝區,舊小基隆,埔頭,95-4
三芝區,埔頭,,1066,三芝區,舊小基隆,埔頭,96-13
三芝區,埔頭,,1067,三芝區,舊小基隆,埔頭,96-6
三芝區,埔頭,,1068,三芝區,舊小基隆,埔頭,91-24
三芝區,埔頭,,1069,三芝區,舊小基隆,埔頭,96-11
三芝區,埔頭,,107,三芝區,舊小基隆,埔頭,48-2
三芝區,埔頭,,1070,三芝區,舊小基隆,埔頭,91-27
三芝區,埔頭,,1071,三芝區,舊小基隆,埔頭,96-4
三芝區,埔頭,,1072,三芝區,舊小基隆,埔頭,96-12
三芝區,埔頭,,1073,三芝區,舊小基隆,埔頭,96-3
三芝區,埔頭,,1074,三芝區,舊小基隆,埔頭,96-9
三芝區,埔頭,,1075,三芝區,舊小基隆,埔頭,91-17
三芝區,埔頭,,1076,三芝區,舊小基隆,埔頭,91-18
三芝區,埔頭,,1077,三芝區,舊小基隆,埔頭,91-25
三芝區,埔頭,,1078,三芝區,舊小基隆,埔頭,96-14
三芝區,埔頭,,1079,三芝區,舊小基隆,埔頭,91-10
三芝區,埔頭,,108,三芝區,舊小基隆,埔頭,52-1
三芝區,埔頭,,1080,三芝區,舊小基隆,埔頭,96-5
三芝區,埔頭,,1081,三芝區,舊小基隆,埔頭,96-10
三芝區,埔頭,,1082,三芝區,舊小基隆,埔頭,96-7
三芝區,埔頭,,1083,三芝區,舊小基隆,埔頭,96-15
三芝區,埔頭,,1084,三芝區,舊小基隆,埔頭,96-1
三芝區,埔頭,,1085,三芝區,舊小基隆,埔頭,92-1
三芝區,埔頭,,1086,三芝區,舊小基隆,埔頭,92
三芝區,埔頭,,1087,三芝區,舊小基隆,埔頭,92-2
三芝區,埔頭,,1088,三芝區,舊小基隆,埔頭,93
三芝區,埔頭,,1089,三芝區,舊小基隆,埔頭,91-3
三芝區,埔頭,,109,三芝區,舊小基隆,埔頭,35-5
三芝區,埔頭,,1090,三芝區,舊小基隆,埔頭,91-33
三芝區,埔頭,,1091,三芝區,舊小基隆,埔頭,93-4
三芝區,埔頭,,1092,三芝區,舊小基隆,埔頭,91-42
三芝區,埔頭,,1093,三芝區,舊小基隆,埔頭,93-5
三芝區,埔頭,,1094,三芝區,舊小基隆,埔頭,93-3
三芝區,埔頭,,1095,三芝區,舊小基隆,埔頭,93-1
三芝區,埔頭,,1096,三芝區,舊小基隆,埔頭,93-2
三芝區,埔頭,,1097,三芝區,舊小基隆,埔頭,91-19
三芝區,埔頭,,1098,三芝區,舊小基隆,埔頭,91-20
三芝區,埔頭,,1099,三芝區,舊小基隆,埔頭,99-9
三芝區,埔頭,,11,三芝區,舊小基隆,埔頭,63
三芝區,埔頭,,110,三芝區,舊小基隆,埔頭,35-7
三芝區,埔頭,,1100,三芝區,舊小基隆,埔頭,86-20
三芝區,埔頭,,1101,三芝區,舊小基隆,埔頭,86-10
三芝區,埔頭,,1102,三芝區,舊小基隆,埔頭,91-41
三芝區,埔頭,,1103,三芝區,舊小基隆,埔頭,91-4
三芝區,埔頭,,1104,三芝區,舊小基隆,埔頭,98-8
三芝區,埔頭,,1105,三芝區,舊小基隆,埔頭,99
三芝區,埔頭,,1106,三芝區,舊小基隆,埔頭,99-11
三芝區,埔頭,,1107,三芝區,舊小基隆,埔頭,107
三芝區,埔頭,,1108,三芝區,舊小基隆,埔頭,108-65
三芝區,埔頭,,1109,三芝區,舊小基隆,埔頭,108-21
三芝區,埔頭,,111,三芝區,舊小基隆,埔頭,35-2
三芝區,埔頭,,1110,三芝區,舊小基隆,埔頭,108-2
三芝區,埔頭,,1111,三芝區,舊小基隆,埔頭,98-11
三芝區,埔頭,,1112,三芝區,舊小基隆,埔頭,98-10
三芝區,埔頭,,1113,三芝區,舊小基隆,埔頭,98
三芝區,埔頭,,1114,三芝區,舊小基隆,埔頭,98-2
三芝區,埔頭,,1115,三芝區,舊小基隆,埔頭,98-3
三芝區,埔頭,,1116,三芝區,舊小基隆,埔頭,98-12
三芝區,埔頭,,1117,三芝區,舊小基隆,埔頭,98-13
三芝區,埔頭,,1118,三芝區,舊小基隆,埔頭,98-6
三芝區,埔頭,,1119,三芝區,舊小基隆,埔頭,108-22
三芝區,埔頭,,112,三芝區,舊小基隆,埔頭,35-8
三芝區,埔頭,,1120,三芝區,舊小基隆,埔頭,98-9
三芝區,埔頭,,1121,三芝區,舊小基隆,埔頭,108-64
三芝區,埔頭,,1122,三芝區,舊小基隆,埔頭,108-7
三芝區,埔頭,,1123,三芝區,舊小基隆,埔頭,108-63
三芝區,埔頭,,1124,三芝區,舊小基隆,埔頭,98-1
三芝區,埔頭,,1125,三芝區,舊小基隆,埔頭,97-6
三芝區,埔頭,,1126,三芝區,舊小基隆,埔頭,97-7
三芝區,埔頭,,1127,三芝區,舊小基隆,埔頭,98-5
三芝區,埔頭,,1128,三芝區,舊小基隆,埔頭,109-10
三芝區,埔頭,,1129,三芝區,舊小基隆,埔頭,109-4
三芝區,埔頭,,113,三芝區,舊小基隆,埔頭,34
三芝區,埔頭,,1130,三芝區,舊小基隆,埔頭,108-19
三芝區,埔頭,,1131,三芝區,舊小基隆,埔頭,98-4
三芝區,埔頭,,1132,三芝區,舊小基隆,埔頭,97-1
三芝區,埔頭,,1133,三芝區,舊小基隆,埔頭,109-1
三芝區,埔頭,,1134,三芝區,舊小基隆,埔頭,109-11
三芝區,埔頭,,1135,三芝區,舊小基隆,埔頭,108-39
三芝區,埔頭,,1136,三芝區,舊小基隆,埔頭,109-16
三芝區,埔頭,,1137,三芝區,舊小基隆,埔頭,108-20
三芝區,埔頭,,1138,三芝區,舊小基隆,埔頭,97-11
三芝區,埔頭,,1139,三芝區,舊小基隆,埔頭,97-2
三芝區,埔頭,,114,三芝區,舊小基隆,埔頭,34-1
三芝區,埔頭,,1140,三芝區,舊小基隆,埔頭,97-5
三芝區,埔頭,,1141,三芝區,舊小基隆,埔頭,97-10
三芝區,埔頭,,1142,三芝區,舊小基隆,埔頭,43-3
三芝區,埔頭,,1143,三芝區,舊小基隆,埔頭,43-1
三芝區,埔頭,,1144,三芝區,舊小基隆,埔頭,43-88
三芝區,埔頭,,1145,三芝區,舊小基隆,埔頭,43-89
三芝區,埔頭,,1146,三芝區,舊小基隆,埔頭,97-9
三芝區,埔頭,,1147,三芝區,舊小基隆,埔頭,97-8
三芝區,埔頭,,1148,三芝區,舊小基隆,埔頭,98-7
三芝區,埔頭,,1149,三芝區,舊小基隆,埔頭,97-4
三芝區,埔頭,,115,三芝區,舊小基隆,埔頭,34-2
三芝區,埔頭,,1150,三芝區,舊小基隆,埔頭,97-3
三芝區,埔頭,,1151,三芝區,舊小基隆,埔頭,97
三芝區,埔頭,,1152,三芝區,舊小基隆,埔頭,96-2
三芝區,埔頭,,1153,三芝區,舊小基隆,埔頭,96-8
三芝區,埔頭,,1154,三芝區,舊小基隆,埔頭,43-23
三芝區,埔頭,,1155,三芝區,舊小基隆,埔頭,43-22
三芝區,埔頭,,1156,三芝區,舊小基隆,埔頭,43-20
三芝區,埔頭,,1157,三芝區,舊小基隆,埔頭,43-21
三芝區,埔頭,,1158,三芝區,舊小基隆,埔頭,43-12
三芝區,埔頭,,1159,三芝區,舊小基隆,埔頭,43-24
三芝區,埔頭,,116,三芝區,舊小基隆,埔頭,34-3
三芝區,埔頭,,1160,三芝區,舊小基隆,埔頭,47-11
三芝區,埔頭,,1161,三芝區,舊小基隆,埔頭,45-3
三芝區,埔頭,,1162,三芝區,舊小基隆,埔頭,45-2
三芝區,埔頭,,1163,三芝區,舊小基隆,埔頭,45
三芝區,埔頭,,1164,三芝區,舊小基隆,埔頭,45-1
三芝區,埔頭,,1165,三芝區,舊小基隆,埔頭,47-5
三芝區,埔頭,,1166,三芝區,舊小基隆,埔頭,47-6
三芝區,埔頭,,1167,三芝區,舊小基隆,埔頭,47-1
三芝區,埔頭,,1168,三芝區,舊小基隆,埔頭,47-9
三芝區,埔頭,,1169,三芝區,舊小基隆,埔頭,47-10
三芝區,埔頭,,117,三芝區,舊小基隆,埔頭,33
三芝區,埔頭,,1170,三芝區,舊小基隆,埔頭,40-76
三芝區,埔頭,,1171,三芝區,舊小基隆,埔頭,40-31
三芝區,埔頭,,1172,三芝區,舊小基隆,埔頭,40-30
三芝區,埔頭,,1173,三芝區,舊小基隆,埔頭,40-29
三芝區,埔頭,,1174,三芝區,舊小基隆,埔頭,40-28
三芝區,埔頭,,1175,三芝區,舊小基隆,埔頭,40-27
三芝區,埔頭,,1176,三芝區,舊小基隆,埔頭,40-26
三芝區,埔頭,,1177,三芝區,舊小基隆,埔頭,40-18
三芝區,埔頭,,1178,三芝區,舊小基隆,埔頭,40-17
三芝區,埔頭,,1179,三芝區,舊小基隆,埔頭,49-11
三芝區,埔頭,,118,三芝區,舊小基隆,埔頭,32-1
三芝區,埔頭,,1180,三芝區,舊小基隆,埔頭,40-16
三芝區,埔頭,,1181,三芝區,舊小基隆,埔頭,49-10
三芝區,埔頭,,1182,三芝區,舊小基隆,埔頭,40-15
三芝區,埔頭,,1183,三芝區,舊小基隆,埔頭,49-9
三芝區,埔頭,,1184,三芝區,舊小基隆,埔頭,40-14
三芝區,埔頭,,1185,三芝區,舊小基隆,埔頭,49-8
三芝區,埔頭,,1186,三芝區,舊小基隆,埔頭,40-13
三芝區,埔頭,,1187,三芝區,舊小基隆,埔頭,40-12
三芝區,埔頭,,1188,三芝區,舊小基隆,埔頭,44
三芝區,埔頭,,1189,三芝區,舊小基隆,埔頭,43-29
三芝區,埔頭,,119,三芝區,舊小基隆,埔頭,32-8
三芝區,埔頭,,1190,三芝區,舊小基隆,埔頭,44-1
三芝區,埔頭,,1191,三芝區,舊小基隆,埔頭,44-2
三芝區,埔頭,,1192,三芝區,舊小基隆,埔頭,43
三芝區,埔頭,,1193,三芝區,舊小基隆,埔頭,43-30
三芝區,埔頭,,1194,三芝區,舊小基隆,埔頭,43-28
三芝區,埔頭,,1195,三芝區,舊小基隆,埔頭,43-19
三芝區,埔頭,,1196,三芝區,舊小基隆,埔頭,43-84
三芝區,埔頭,,1197,三芝區,舊小基隆,埔頭,43-85
三芝區,埔頭,,1198,三芝區,舊小基隆,埔頭,43-26
三芝區,埔頭,,1199,三芝區,舊小基隆,埔頭,40-37
三芝區,埔頭,,12,三芝區,舊小基隆,埔頭,63-1
三芝區,埔頭,,120,三芝區,舊小基隆,埔頭,35-1
三芝區,埔頭,,1200,三芝區,舊小基隆,埔頭,40-36
三芝區,埔頭,,1201,三芝區,舊小基隆,埔頭,40-35
三芝區,埔頭,,1202,三芝區,舊小基隆,埔頭,40-34
三芝區,埔頭,,1203,三芝區,舊小基隆,埔頭,40-52
三芝區,埔頭,,1204,三芝區,舊小基隆,埔頭,40-22
三芝區,埔頭,,1205,三芝區,舊小基隆,埔頭,40-21
三芝區,埔頭,,1206,三芝區,舊小基隆,埔頭,40-20
三芝區,埔頭,,1207,三芝區,舊小基隆,埔頭,40-64
三芝區,埔頭,,1208,三芝區,舊小基隆,埔頭,40-63
三芝區,埔頭,,1209,三芝區,舊小基隆,埔頭,40-23
三芝區,埔頭,,121,三芝區,舊小基隆,埔頭,35-6
三芝區,埔頭,,1210,三芝區,舊小基隆,埔頭,40-25
三芝區,埔頭,,1211,三芝區,舊小基隆,埔頭,40-57
三芝區,埔頭,,1212,三芝區,舊小基隆,埔頭,40-19
三芝區,埔頭,,1213,三芝區,舊小基隆,埔頭,40-82
三芝區,埔頭,,1214,三芝區,舊小基隆,埔頭,43-27
三芝區,埔頭,,1215,三芝區,舊小基隆,埔頭,43-36
三芝區,埔頭,,1216,三芝區,舊小基隆,埔頭,43-44
三芝區,埔頭,,1217,三芝區,舊小基隆,埔頭,43-57
三芝區,埔頭,,1218,三芝區,舊小基隆,埔頭,43-48
三芝區,埔頭,,1219,三芝區,舊小基隆,埔頭,43-58
三芝區,埔頭,,122,三芝區,舊小基隆,埔頭,32-3
三芝區,埔頭,,1220,三芝區,舊小基隆,埔頭,43-49
三芝區,埔頭,,1221,三芝區,舊小基隆,埔頭,43-59
三芝區,埔頭,,1222,三芝區,舊小基隆,埔頭,43-50
三芝區,埔頭,,1223,三芝區,舊小基隆,埔頭,43-60
三芝區,埔頭,,1224,三芝區,舊小基隆,埔頭,43-51
三芝區,埔頭,,1225,三芝區,舊小基隆,埔頭,43-61
三芝區,埔頭,,1226,三芝區,舊小基隆,埔頭,43-52
三芝區,埔頭,,1227,三芝區,舊小基隆,埔頭,43-62
三芝區,埔頭,,1228,三芝區,舊小基隆,埔頭,43-53
三芝區,埔頭,,1229,三芝區,舊小基隆,埔頭,43-63
三芝區,埔頭,,123,三芝區,舊小基隆,埔頭,35-13
三芝區,埔頭,,1230,三芝區,舊小基隆,埔頭,43-54
三芝區,埔頭,,1231,三芝區,舊小基隆,埔頭,43-64
三芝區,埔頭,,1232,三芝區,舊小基隆,埔頭,43-55
三芝區,埔頭,,1233,三芝區,舊小基隆,埔頭,43-45
三芝區,埔頭,,1234,三芝區,舊小基隆,埔頭,43-46
三芝區,埔頭,,1235,三芝區,舊小基隆,埔頭,43-77
三芝區,埔頭,,1236,三芝區,舊小基隆,埔頭,43-76
三芝區,埔頭,,1237,三芝區,舊小基隆,埔頭,43-75
三芝區,埔頭,,1238,三芝區,舊小基隆,埔頭,43-74
三芝區,埔頭,,1239,三芝區,舊小基隆,埔頭,43-73
三芝區,埔頭,,124,三芝區,舊小基隆,埔頭,35-9
三芝區,埔頭,,1240,三芝區,舊小基隆,埔頭,43-72
三芝區,埔頭,,1241,三芝區,舊小基隆,埔頭,43-71
三芝區,埔頭,,1242,三芝區,舊小基隆,埔頭,43-70
三芝區,埔頭,,1243,三芝區,舊小基隆,埔頭,43-69
三芝區,埔頭,,1244,三芝區,舊小基隆,埔頭,43-68
三芝區,埔頭,,1245,三芝區,舊小基隆,埔頭,43-67
三芝區,埔頭,,1246,三芝區,舊小基隆,埔頭,43-66
三芝區,埔頭,,1247,三芝區,舊小基隆,埔頭,43-17
三芝區,埔頭,,1248,三芝區,舊小基隆,埔頭,39-16
三芝區,埔頭,,1249,三芝區,舊小基隆,埔頭,40-80
三芝區,埔頭,,125,三芝區,舊小基隆,埔頭,35-3
三芝區,埔頭,,1250,三芝區,舊小基隆,埔頭,40-56
三芝區,埔頭,,1251,三芝區,舊小基隆,埔頭,40-77
三芝區,埔頭,,1252,三芝區,舊小基隆,埔頭,43-25
三芝區,埔頭,,1253,三芝區,舊小基隆,埔頭,43-14
三芝區,埔頭,,1254,三芝區,舊小基隆,埔頭,43-40
三芝區,埔頭,,1255,三芝區,舊小基隆,埔頭,43-97
三芝區,埔頭,,1256,三芝區,舊小基隆,埔頭,43-4
三芝區,埔頭,,1257,三芝區,舊小基隆,埔頭,165-7
三芝區,埔頭,,1258,三芝區,舊小基隆,埔頭,165-8
三芝區,埔頭,,1259,三芝區,舊小基隆,埔頭,42-4
三芝區,埔頭,,126,三芝區,舊小基隆,埔頭,35
三芝區,埔頭,,1260,三芝區,舊小基隆,埔頭,115-22
三芝區,埔頭,,1261,三芝區,舊小基隆,埔頭,165-6
三芝區,埔頭,,1262,三芝區,舊小基隆,埔頭,113-5
三芝區,埔頭,,1263,三芝區,舊小基隆,埔頭,113-38
三芝區,埔頭,,1264,三芝區,舊小基隆,埔頭,113-39
三芝區,埔頭,,1265,三芝區,舊小基隆,埔頭,113-33
三芝區,埔頭,,1266,三芝區,舊小基隆,埔頭,39-24
三芝區,埔頭,,1267,三芝區,舊小基隆,埔頭,39-12
三芝區,埔頭,,1268,三芝區,舊小基隆,埔頭,39-5
三芝區,埔頭,,1269,三芝區,舊小基隆,埔頭,17-5
三芝區,埔頭,,127,三芝區,舊小基隆,埔頭,32
三芝區,埔頭,,1270,三芝區,舊小基隆,埔頭,17
三芝區,埔頭,,1271,三芝區,舊小基隆,埔頭,16-10
三芝區,埔頭,,1272,三芝區,舊小基隆,埔頭,39-32
三芝區,埔頭,,1273,三芝區,舊小基隆,埔頭,40-75
三芝區,埔頭,,1274,三芝區,舊小基隆,埔頭,40-1
三芝區,埔頭,,1275,三芝區,舊小基隆,埔頭,40-61
三芝區,埔頭,,1276,三芝區,舊小基隆,埔頭,40-59
三芝區,埔頭,,1277,三芝區,舊小基隆,埔頭,39-25
三芝區,埔頭,,1278,三芝區,舊小基隆,埔頭,17-21
三芝區,埔頭,,1279,三芝區,舊小基隆,埔頭,40-62
三芝區,埔頭,,128,三芝區,舊小基隆,埔頭,32-2
三芝區,埔頭,,1280,三芝區,舊小基隆,埔頭,40-65
三芝區,埔頭,,1281,三芝區,舊小基隆,埔頭,40-55
三芝區,埔頭,,1282,三芝區,舊小基隆,埔頭,43-34
三芝區,埔頭,,1283,三芝區,舊小基隆,埔頭,40-72
三芝區,埔頭,,1284,三芝區,舊小基隆,埔頭,40-69
三芝區,埔頭,,1285,三芝區,舊小基隆,埔頭,40-67
三芝區,埔頭,,1286,三芝區,舊小基隆,埔頭,40-66
三芝區,埔頭,,1287,三芝區,舊小基隆,埔頭,43-37
三芝區,埔頭,,1288,三芝區,舊小基隆,埔頭,43-65
三芝區,埔頭,,1289,三芝區,舊小基隆,埔頭,43-15
三芝區,埔頭,,129,三芝區,舊小基隆,埔頭,32-4
三芝區,埔頭,,1290,三芝區,舊小基隆,埔頭,43-80
三芝區,埔頭,,1291,三芝區,舊小基隆,埔頭,40-71
三芝區,埔頭,,1292,三芝區,舊小基隆,埔頭,40-4
三芝區,埔頭,,1293,三芝區,舊小基隆,埔頭,40-68
三芝區,埔頭,,1294,三芝區,舊小基隆,埔頭,40-70
三芝區,埔頭,,1295,三芝區,舊小基隆,埔頭,40-10
三芝區,埔頭,,1296,三芝區,舊小基隆,埔頭,40-7
三芝區,埔頭,,1297,三芝區,舊小基隆,埔頭,42-3
三芝區,埔頭,,1298,三芝區,舊小基隆,埔頭,42-9
三芝區,埔頭,,1299,三芝區,舊小基隆,埔頭,42-2
三芝區,埔頭,,13,三芝區,舊小基隆,埔頭,63-9
三芝區,埔頭,,130,三芝區,舊小基隆,埔頭,32-7
三芝區,埔頭,,1300,三芝區,舊小基隆,埔頭,43-41
三芝區,埔頭,,1301,三芝區,舊小基隆,埔頭,43-90
三芝區,埔頭,,1302,三芝區,舊小基隆,埔頭,115-26
三芝區,埔頭,,1303,三芝區,舊小基隆,埔頭,115-1
三芝區,埔頭,,1304,三芝區,舊小基隆,埔頭,115-20
三芝區,埔頭,,1305,三芝區,舊小基隆,埔頭,165-5
三芝區,埔頭,,1306,三芝區,舊小基隆,埔頭,116-1
三芝區,埔頭,,1307,三芝區,舊小基隆,埔頭,115-16
三芝區,埔頭,,1308,三芝區,舊小基隆,埔頭,115-9
三芝區,埔頭,,1309,三芝區,舊小基隆,埔頭,115-8
三芝區,埔頭,,131,三芝區,舊小基隆,埔頭,32-5
三芝區,埔頭,,1310,三芝區,舊小基隆,埔頭,115-7
三芝區,埔頭,,1311,三芝區,舊小基隆,埔頭,115-17
三芝區,埔頭,,1312,三芝區,舊小基隆,埔頭,115
三芝區,埔頭,,1313,三芝區,舊小基隆,埔頭,115-5
三芝區,埔頭,,1314,三芝區,舊小基隆,埔頭,115-10
三芝區,埔頭,,1315,三芝區,舊小基隆,埔頭,42-6
三芝區,埔頭,,1316,三芝區,舊小基隆,埔頭,42-5
三芝區,埔頭,,1317,三芝區,舊小基隆,埔頭,115-4
三芝區,埔頭,,1318,三芝區,舊小基隆,埔頭,115-3
三芝區,埔頭,,1319,三芝區,舊小基隆,埔頭,42-1
三芝區,埔頭,,132,三芝區,舊小基隆,埔頭,36-3
三芝區,埔頭,,1320,三芝區,舊小基隆,埔頭,40-9
三芝區,埔頭,,1321,三芝區,舊小基隆,埔頭,40-8
三芝區,埔頭,,1322,三芝區,舊小基隆,埔頭,16-3
三芝區,埔頭,,1323,三芝區,舊小基隆,埔頭,39-13
三芝區,埔頭,,1324,三芝區,舊小基隆,埔頭,16-7
三芝區,埔頭,,1325,三芝區,舊小基隆,埔頭,39-14
三芝區,埔頭,,1326,三芝區,舊小基隆,埔頭,16-2
三芝區,埔頭,,1327,三芝區,舊小基隆,埔頭,39-6
三芝區,埔頭,,1328,三芝區,舊小基隆,埔頭,40-81
三芝區,埔頭,,1329,三芝區,舊小基隆,埔頭,16-1
三芝區,埔頭,,1330,三芝區,舊小基隆,埔頭,16-8
三芝區,埔頭,,1331,三芝區,舊小基隆,埔頭,16-16
三芝區,埔頭,,1332,三芝區,舊小基隆,埔頭,16-17
三芝區,埔頭,,1333,三芝區,舊小基隆,埔頭,16-25
三芝區,埔頭,,1334,三芝區,舊小基隆,埔頭,16-26
三芝區,埔頭,,1335,三芝區,舊小基隆,埔頭,16-27
三芝區,埔頭,,1336,三芝區,舊小基隆,埔頭,16-24
三芝區,埔頭,,1338,三芝區,舊小基隆,埔頭,15-11
三芝區,埔頭,,1339,三芝區,舊小基隆,埔頭,15-13
三芝區,埔頭,,1340,三芝區,舊小基隆,埔頭,15-2
三芝區,埔頭,,1341,三芝區,舊小基隆,埔頭,121-11
三芝區,埔頭,,1342,三芝區,舊小基隆,埔頭,121-1
三芝區,埔頭,,1343,三芝區,舊小基隆,埔頭,121-10
三芝區,埔頭,,1344,三芝區,舊小基隆,埔頭,122-6
三芝區,埔頭,,1345,三芝區,舊小基隆,埔頭,15-5
三芝區,埔頭,,1346,三芝區,舊小基隆,埔頭,122
三芝區,埔頭,,1347,三芝區,舊小基隆,埔頭,119-2
三芝區,埔頭,,1348,三芝區,舊小基隆,埔頭,119-1
三芝區,埔頭,,1349,三芝區,舊小基隆,埔頭,15-12
三芝區,埔頭,,135,三芝區,舊小基隆,埔頭,17-25
三芝區,埔頭,,1350,三芝區,舊小基隆,埔頭,119-3
三芝區,埔頭,,1352,三芝區,舊小基隆,埔頭,39-4
三芝區,埔頭,,1353,三芝區,舊小基隆,埔頭,16-22
三芝區,埔頭,,1354,三芝區,舊小基隆,埔頭,16-21
三芝區,埔頭,,1355,三芝區,舊小基隆,埔頭,39-18
三芝區,埔頭,,1356,三芝區,舊小基隆,埔頭,16-20
三芝區,埔頭,,1357,三芝區,舊小基隆,埔頭,39-2
三芝區,埔頭,,1358,三芝區,舊小基隆,埔頭,39-34
三芝區,埔頭,,1359,三芝區,舊小基隆,埔頭,16-19
三芝區,埔頭,,1360,三芝區,舊小基隆,埔頭,16-18
三芝區,埔頭,,1361,三芝區,舊小基隆,埔頭,16
三芝區,埔頭,,1362,三芝區,舊小基隆,埔頭,120-9
三芝區,埔頭,,1363,三芝區,舊小基隆,埔頭,121-9
三芝區,埔頭,,1364,三芝區,舊小基隆,埔頭,121-7
三芝區,埔頭,,1365,三芝區,舊小基隆,埔頭,39-7
三芝區,埔頭,,1366,三芝區,舊小基隆,埔頭,42-7
三芝區,埔頭,,1367,三芝區,舊小基隆,埔頭,39-26
三芝區,埔頭,,1368,三芝區,舊小基隆,埔頭,119-4
三芝區,埔頭,,1369,三芝區,舊小基隆,埔頭,119-7
三芝區,埔頭,,137,三芝區,舊小基隆,埔頭,32-6
三芝區,埔頭,,1370,三芝區,舊小基隆,埔頭,116
三芝區,埔頭,,1371,三芝區,舊小基隆,埔頭,115-6
三芝區,埔頭,,1372,三芝區,舊小基隆,埔頭,115-21
三芝區,埔頭,,1373,三芝區,舊小基隆,埔頭,43-16
三芝區,埔頭,,1374,三芝區,舊小基隆,埔頭,43-31
三芝區,埔頭,,1375,三芝區,舊小基隆,埔頭,43-81
三芝區,埔頭,,1376,三芝區,舊小基隆,埔頭,43-18
三芝區,埔頭,,1377,三芝區,舊小基隆,埔頭,43-35
三芝區,埔頭,,1378,三芝區,舊小基隆,埔頭,43-47
三芝區,埔頭,,1379,三芝區,舊小基隆,埔頭,43-13
三芝區,埔頭,,138,三芝區,舊小基隆,埔頭,19-12
三芝區,埔頭,,1380,三芝區,舊小基隆,埔頭,43-56
三芝區,埔頭,,1381,三芝區,舊小基隆,埔頭,43-2
三芝區,埔頭,,1382,三芝區,舊小基隆,埔頭,43-83
三芝區,埔頭,,1383,三芝區,舊小基隆,埔頭,43-5
三芝區,埔頭,,1384,三芝區,舊小基隆,埔頭,43-91
三芝區,埔頭,,1385,三芝區,舊小基隆,埔頭,43-6
三芝區,埔頭,,1386,三芝區,舊小基隆,埔頭,43-92
三芝區,埔頭,,1387,三芝區,舊小基隆,埔頭,43-7
三芝區,埔頭,,1388,三芝區,舊小基隆,埔頭,43-93
三芝區,埔頭,,1389,三芝區,舊小基隆,埔頭,43-8
三芝區,埔頭,,139,三芝區,舊小基隆,埔頭,19-4
三芝區,埔頭,,1390,三芝區,舊小基隆,埔頭,43-94
三芝區,埔頭,,1391,三芝區,舊小基隆,埔頭,43-9
三芝區,埔頭,,1392,三芝區,舊小基隆,埔頭,113-10
三芝區,埔頭,,1393,三芝區,舊小基隆,埔頭,43-98
三芝區,埔頭,,1394,三芝區,舊小基隆,埔頭,113-49
三芝區,埔頭,,1395,三芝區,舊小基隆,埔頭,43-95
三芝區,埔頭,,1396,三芝區,舊小基隆,埔頭,113-34
三芝區,埔頭,,1397,三芝區,舊小基隆,埔頭,43-10
三芝區,埔頭,,1398,三芝區,舊小基隆,埔頭,43-99
三芝區,埔頭,,1399,三芝區,舊小基隆,埔頭,43-96
三芝區,埔頭,,14,三芝區,舊小基隆,埔頭,63-8
三芝區,埔頭,,140,三芝區,舊小基隆,埔頭,19-3
三芝區,埔頭,,1400,三芝區,舊小基隆,埔頭,113-13
三芝區,埔頭,,1401,三芝區,舊小基隆,埔頭,113-50
三芝區,埔頭,,1402,三芝區,舊小基隆,埔頭,113-35
三芝區,埔頭,,1403,三芝區,舊小基隆,埔頭,113-14
三芝區,埔頭,,1404,三芝區,舊小基隆,埔頭,113-51
三芝區,埔頭,,1405,三芝區,舊小基隆,埔頭,113-36
三芝區,埔頭,,1406,三芝區,舊小基隆,埔頭,113-15
三芝區,埔頭,,1407,三芝區,舊小基隆,埔頭,113-102
三芝區,埔頭,,1408,三芝區,舊小基隆,埔頭,113-37
三芝區,埔頭,,1409,三芝區,舊小基隆,埔頭,113-26
三芝區,埔頭,,1410,三芝區,舊小基隆,埔頭,113-2
三芝區,埔頭,,1411,三芝區,舊小基隆,埔頭,113-16
三芝區,埔頭,,1412,三芝區,舊小基隆,埔頭,113-43
三芝區,埔頭,,1413,三芝區,舊小基隆,埔頭,113-17
三芝區,埔頭,,1414,三芝區,舊小基隆,埔頭,113-44
三芝區,埔頭,,1415,三芝區,舊小基隆,埔頭,113-18
三芝區,埔頭,,1416,三芝區,舊小基隆,埔頭,113-45
三芝區,埔頭,,1417,三芝區,舊小基隆,埔頭,113-25
三芝區,埔頭,,1418,三芝區,舊小基隆,埔頭,113-20
三芝區,埔頭,,1419,三芝區,舊小基隆,埔頭,113-31
三芝區,埔頭,,1420,三芝區,舊小基隆,埔頭,113-46
三芝區,埔頭,,1421,三芝區,舊小基隆,埔頭,113-19
三芝區,埔頭,,1422,三芝區,舊小基隆,埔頭,113-23
三芝區,埔頭,,1423,三芝區,舊小基隆,埔頭,113-47
三芝區,埔頭,,1424,三芝區,舊小基隆,埔頭,113-22
三芝區,埔頭,,1425,三芝區,舊小基隆,埔頭,113-29
三芝區,埔頭,,1426,三芝區,舊小基隆,埔頭,113-3
三芝區,埔頭,,1427,三芝區,舊小基隆,埔頭,113-54
三芝區,埔頭,,1428,三芝區,舊小基隆,埔頭,113-53
三芝區,埔頭,,1429,三芝區,舊小基隆,埔頭,113-30
三芝區,埔頭,,143,三芝區,舊小基隆,埔頭,27-8
三芝區,埔頭,,1430,三芝區,舊小基隆,埔頭,113-48
三芝區,埔頭,,1431,三芝區,舊小基隆,埔頭,113-1
三芝區,埔頭,,1432,三芝區,舊小基隆,埔頭,113-52
三芝區,埔頭,,1433,三芝區,舊小基隆,埔頭,113-24
三芝區,埔頭,,1434,三芝區,舊小基隆,埔頭,113-4
三芝區,埔頭,,1435,三芝區,舊小基隆,埔頭,113-8
三芝區,埔頭,,1436,三芝區,舊小基隆,埔頭,113-28
三芝區,埔頭,,1437,三芝區,舊小基隆,埔頭,43-82
三芝區,埔頭,,1438,三芝區,舊小基隆,埔頭,108-11
三芝區,埔頭,,1439,三芝區,舊小基隆,埔頭,107-5
三芝區,埔頭,,144,三芝區,舊小基隆,埔頭,31-1
三芝區,埔頭,,1440,三芝區,舊小基隆,埔頭,107-1
三芝區,埔頭,,1441,三芝區,舊小基隆,埔頭,107-3
三芝區,埔頭,,1442,三芝區,舊小基隆,埔頭,103-4
三芝區,埔頭,,1443,三芝區,舊小基隆,埔頭,107-2
三芝區,埔頭,,1444,三芝區,舊小基隆,埔頭,103-19
三芝區,埔頭,,1445,三芝區,舊小基隆,埔頭,103-18
三芝區,埔頭,,1446,三芝區,舊小基隆,埔頭,105-22
三芝區,埔頭,,1447,三芝區,舊小基隆,埔頭,105-3
三芝區,埔頭,,1448,三芝區,舊小基隆,埔頭,106
三芝區,埔頭,,1449,三芝區,舊小基隆,埔頭,105-1
三芝區,埔頭,,145,三芝區,舊小基隆,埔頭,31
三芝區,埔頭,,1450,三芝區,舊小基隆,埔頭,105-24
三芝區,埔頭,,1451,三芝區,舊小基隆,埔頭,107-6
三芝區,埔頭,,1452,三芝區,舊小基隆,埔頭,108-8
三芝區,埔頭,,1453,三芝區,舊小基隆,埔頭,105-21
三芝區,埔頭,,1454,三芝區,舊小基隆,埔頭,105-20
三芝區,埔頭,,1455,三芝區,舊小基隆,埔頭,105-19
三芝區,埔頭,,1456,三芝區,舊小基隆,埔頭,197
三芝區,埔頭,,1457,三芝區,舊小基隆,埔頭,105-23
三芝區,埔頭,,1458,三芝區,舊小基隆,埔頭,105-13
三芝區,埔頭,,1459,三芝區,舊小基隆,埔頭,103-12
三芝區,埔頭,,146,三芝區,舊小基隆,埔頭,30-6
三芝區,埔頭,,1460,三芝區,舊小基隆,埔頭,197-1
三芝區,埔頭,,1461,三芝區,舊小基隆,埔頭,197-2
三芝區,埔頭,,1462,三芝區,舊小基隆,埔頭,105-12
三芝區,埔頭,,1463,三芝區,舊小基隆,埔頭,198-13
三芝區,埔頭,,1464,三芝區,舊小基隆,埔頭,103-11
三芝區,埔頭,,1465,三芝區,舊小基隆,埔頭,198-14
三芝區,埔頭,,1466,三芝區,舊小基隆,埔頭,198-6
三芝區,埔頭,,1467,三芝區,舊小基隆,埔頭,198-4
三芝區,埔頭,,1468,三芝區,舊小基隆,埔頭,197-3
三芝區,埔頭,,1469,三芝區,舊小基隆,埔頭,105-7
三芝區,埔頭,,1470,三芝區,舊小基隆,埔頭,105-16
三芝區,埔頭,,1471,三芝區,舊小基隆,埔頭,108-40
三芝區,埔頭,,1472,三芝區,舊小基隆,埔頭,109-13
三芝區,埔頭,,1473,三芝區,舊小基隆,埔頭,109-3
三芝區,埔頭,,1474,三芝區,舊小基隆,埔頭,109-18
三芝區,埔頭,,1475,三芝區,舊小基隆,埔頭,109
三芝區,埔頭,,1476,三芝區,舊小基隆,埔頭,109-6
三芝區,埔頭,,1477,三芝區,舊小基隆,埔頭,110-1
三芝區,埔頭,,1478,三芝區,舊小基隆,埔頭,108-25
三芝區,埔頭,,1479,三芝區,舊小基隆,埔頭,108-75
三芝區,埔頭,,148,三芝區,舊小基隆,埔頭,30-2
三芝區,埔頭,,1480,三芝區,舊小基隆,埔頭,108-76
三芝區,埔頭,,1481,三芝區,舊小基隆,埔頭,108-24
三芝區,埔頭,,1482,三芝區,舊小基隆,埔頭,108-26
三芝區,埔頭,,1483,三芝區,舊小基隆,埔頭,108-37
三芝區,埔頭,,1484,三芝區,舊小基隆,埔頭,108-35
三芝區,埔頭,,1485,三芝區,舊小基隆,埔頭,108-28
三芝區,埔頭,,1486,三芝區,舊小基隆,埔頭,108-66
三芝區,埔頭,,1487,三芝區,舊小基隆,埔頭,108-9
三芝區,埔頭,,1488,三芝區,舊小基隆,埔頭,195-3
三芝區,埔頭,,1489,三芝區,舊小基隆,埔頭,195
三芝區,埔頭,,149,三芝區,舊小基隆,埔頭,27
三芝區,埔頭,,1490,三芝區,舊小基隆,埔頭,108-31
三芝區,埔頭,,1491,三芝區,舊小基隆,埔頭,108-34
三芝區,埔頭,,1492,三芝區,舊小基隆,埔頭,108-32
三芝區,埔頭,,1493,三芝區,舊小基隆,埔頭,108-29
三芝區,埔頭,,1494,三芝區,舊小基隆,埔頭,108-33
三芝區,埔頭,,1495,三芝區,舊小基隆,埔頭,105-17
三芝區,埔頭,,1496,三芝區,舊小基隆,埔頭,105-8
三芝區,埔頭,,1497,三芝區,舊小基隆,埔頭,198-8
三芝區,埔頭,,1498,三芝區,舊小基隆,埔頭,108-30
三芝區,埔頭,,1499,三芝區,舊小基隆,埔頭,194-11
三芝區,埔頭,,15,三芝區,舊小基隆,埔頭,64-2
三芝區,埔頭,,150,三芝區,舊小基隆,埔頭,30-3
三芝區,埔頭,,1500,三芝區,舊小基隆,埔頭,194-88
三芝區,埔頭,,1501,三芝區,舊小基隆,埔頭,194-8
三芝區,埔頭,,1502,三芝區,舊小基隆,埔頭,198-1
三芝區,埔頭,,1503,三芝區,舊小基隆,埔頭,199-17
三芝區,埔頭,,1504,三芝區,舊小基隆,埔頭,198-2
三芝區,埔頭,,1505,三芝區,舊小基隆,埔頭,199
三芝區,埔頭,,1506,三芝區,舊小基隆,埔頭,105-11
三芝區,埔頭,,1507,三芝區,舊小基隆,埔頭,198
三芝區,埔頭,,1508,三芝區,舊小基隆,埔頭,198-9
三芝區,埔頭,,1509,三芝區,舊小基隆,埔頭,194-9
三芝區,埔頭,,151,三芝區,舊小基隆,埔頭,27-5
三芝區,埔頭,,1510,三芝區,舊小基隆,埔頭,194-94
三芝區,埔頭,,1511,三芝區,舊小基隆,埔頭,199-11
三芝區,埔頭,,1512,三芝區,舊小基隆,埔頭,194-14
三芝區,埔頭,,1513,三芝區,舊小基隆,埔頭,195-2
三芝區,埔頭,,1514,三芝區,舊小基隆,埔頭,110
三芝區,埔頭,,1515,三芝區,舊小基隆,埔頭,108-27
三芝區,埔頭,,1516,三芝區,舊小基隆,埔頭,108-73
三芝區,埔頭,,1517,三芝區,舊小基隆,埔頭,108-62
三芝區,埔頭,,1518,三芝區,舊小基隆,埔頭,108-43
三芝區,埔頭,,1519,三芝區,舊小基隆,埔頭,112
三芝區,埔頭,,152,三芝區,舊小基隆,埔頭,27-11
三芝區,埔頭,,1520,三芝區,舊小基隆,埔頭,108-74
三芝區,埔頭,,1521,三芝區,舊小基隆,埔頭,108-3
三芝區,埔頭,,1522,三芝區,舊小基隆,埔頭,108-47
三芝區,埔頭,,1523,三芝區,舊小基隆,埔頭,108-4
三芝區,埔頭,,1524,三芝區,舊小基隆,埔頭,108
三芝區,埔頭,,1525,三芝區,舊小基隆,埔頭,108-48
三芝區,埔頭,,1526,三芝區,舊小基隆,埔頭,108-6
三芝區,埔頭,,1527,三芝區,舊小基隆,埔頭,108-5
三芝區,埔頭,,1528,三芝區,舊小基隆,埔頭,108-59
三芝區,埔頭,,1529,三芝區,舊小基隆,埔頭,108-58
三芝區,埔頭,,153,三芝區,舊小基隆,埔頭,27-12
三芝區,埔頭,,1530,三芝區,舊小基隆,埔頭,108-1
三芝區,埔頭,,1531,三芝區,舊小基隆,埔頭,108-50
三芝區,埔頭,,1532,三芝區,舊小基隆,埔頭,108-10
三芝區,埔頭,,1533,三芝區,舊小基隆,埔頭,108-52
三芝區,埔頭,,1534,三芝區,舊小基隆,埔頭,108-51
三芝區,埔頭,,1535,三芝區,舊小基隆,埔頭,108-61
三芝區,埔頭,,1536,三芝區,舊小基隆,埔頭,108-17
三芝區,埔頭,,1537,三芝區,舊小基隆,埔頭,108-57
三芝區,埔頭,,1538,三芝區,舊小基隆,埔頭,108-18
三芝區,埔頭,,1539,三芝區,舊小基隆,埔頭,108-56
三芝區,埔頭,,154,三芝區,舊小基隆,埔頭,27-6
三芝區,埔頭,,1540,三芝區,舊小基隆,埔頭,108-13
三芝區,埔頭,,1541,三芝區,舊小基隆,埔頭,108-60
三芝區,埔頭,,1542,三芝區,舊小基隆,埔頭,108-14
三芝區,埔頭,,1543,三芝區,舊小基隆,埔頭,108-54
三芝區,埔頭,,1544,三芝區,舊小基隆,埔頭,108-12
三芝區,埔頭,,1545,三芝區,舊小基隆,埔頭,108-15
三芝區,埔頭,,1546,三芝區,舊小基隆,埔頭,108-53
三芝區,埔頭,,1547,三芝區,舊小基隆,埔頭,111-15
三芝區,埔頭,,1548,三芝區,舊小基隆,埔頭,108-42
三芝區,埔頭,,1549,三芝區,舊小基隆,埔頭,108-44
三芝區,埔頭,,155,三芝區,舊小基隆,埔頭,27-7
三芝區,埔頭,,1550,三芝區,舊小基隆,埔頭,108-41
三芝區,埔頭,,1551,三芝區,舊小基隆,埔頭,108-45
三芝區,埔頭,,1552,三芝區,舊小基隆,埔頭,111-16
三芝區,埔頭,,1553,三芝區,舊小基隆,埔頭,108-49
三芝區,埔頭,,1554,三芝區,舊小基隆,埔頭,111-19
三芝區,埔頭,,1555,三芝區,舊小基隆,埔頭,108-16
三芝區,埔頭,,1556,三芝區,舊小基隆,埔頭,111-7
三芝區,埔頭,,1557,三芝區,舊小基隆,埔頭,108-36
三芝區,埔頭,,1558,三芝區,舊小基隆,埔頭,108-67
三芝區,埔頭,,1559,三芝區,舊小基隆,埔頭,111
三芝區,埔頭,,156,三芝區,舊小基隆,埔頭,27-10
三芝區,埔頭,,1560,三芝區,舊小基隆,埔頭,194-89
三芝區,埔頭,,1561,三芝區,舊小基隆,埔頭,194-10
三芝區,埔頭,,1562,三芝區,舊小基隆,埔頭,194-90
三芝區,埔頭,,1563,三芝區,舊小基隆,埔頭,111-18
三芝區,埔頭,,1564,三芝區,舊小基隆,埔頭,111-8
三芝區,埔頭,,1565,三芝區,舊小基隆,埔頭,111-10
三芝區,埔頭,,1566,三芝區,舊小基隆,埔頭,111-9
三芝區,埔頭,,1567,三芝區,舊小基隆,埔頭,111-28
三芝區,埔頭,,1568,三芝區,舊小基隆,埔頭,111-27
三芝區,埔頭,,1569,三芝區,舊小基隆,埔頭,175-4
三芝區,埔頭,,157,三芝區,舊小基隆,埔頭,25
三芝區,埔頭,,1570,三芝區,舊小基隆,埔頭,111-26
三芝區,埔頭,,1571,三芝區,舊小基隆,埔頭,175-6
三芝區,埔頭,,1572,三芝區,舊小基隆,埔頭,175-5
三芝區,埔頭,,1573,三芝區,舊小基隆,埔頭,111-29
三芝區,埔頭,,1574,三芝區,舊小基隆,埔頭,111-30
三芝區,埔頭,,1575,三芝區,舊小基隆,埔頭,111-4
三芝區,埔頭,,1576,三芝區,舊小基隆,埔頭,111-5
三芝區,埔頭,,1577,三芝區,舊小基隆,埔頭,111-6
三芝區,埔頭,,1578,三芝區,舊小基隆,埔頭,111-2
三芝區,埔頭,,1579,三芝區,舊小基隆,埔頭,111-1
三芝區,埔頭,,158,三芝區,舊小基隆,埔頭,25-1
三芝區,埔頭,,1580,三芝區,舊小基隆,埔頭,111-31
三芝區,埔頭,,1581,三芝區,舊小基隆,埔頭,175-1
三芝區,埔頭,,1582,三芝區,舊小基隆,埔頭,181-1
三芝區,埔頭,,1583,三芝區,舊小基隆,埔頭,186-1
三芝區,埔頭,,1584,三芝區,舊小基隆,埔頭,187-3
三芝區,埔頭,,1585,三芝區,舊小基隆,埔頭,175-3
三芝區,埔頭,,1586,三芝區,舊小基隆,埔頭,111-25
三芝區,埔頭,,1587,三芝區,舊小基隆,埔頭,111-24
三芝區,埔頭,,1588,三芝區,舊小基隆,埔頭,175-2
三芝區,埔頭,,1589,三芝區,舊小基隆,埔頭,175
三芝區,埔頭,,159,三芝區,舊小基隆,埔頭,24
三芝區,埔頭,,1590,三芝區,舊小基隆,埔頭,111-23
三芝區,埔頭,,1591,三芝區,舊小基隆,埔頭,181-2
三芝區,埔頭,,1592,三芝區,舊小基隆,埔頭,175-7
三芝區,埔頭,,1593,三芝區,舊小基隆,埔頭,111-22
三芝區,埔頭,,1594,三芝區,舊小基隆,埔頭,181-3
三芝區,埔頭,,1595,三芝區,舊小基隆,埔頭,175-8
三芝區,埔頭,,1596,三芝區,舊小基隆,埔頭,111-21
三芝區,埔頭,,1597,三芝區,舊小基隆,埔頭,181-4
三芝區,埔頭,,1598,三芝區,舊小基隆,埔頭,181-5
三芝區,埔頭,,1599,三芝區,舊小基隆,埔頭,181-6
三芝區,埔頭,,16,三芝區,舊小基隆,埔頭,61-2
三芝區,埔頭,,160,三芝區,舊小基隆,埔頭,22
三芝區,埔頭,,1600,三芝區,舊小基隆,埔頭,186-2
三芝區,埔頭,,1601,三芝區,舊小基隆,埔頭,186-3
三芝區,埔頭,,1602,三芝區,舊小基隆,埔頭,181-7
三芝區,埔頭,,1603,三芝區,舊小基隆,埔頭,181
三芝區,埔頭,,1604,三芝區,舊小基隆,埔頭,186-4
三芝區,埔頭,,1605,三芝區,舊小基隆,埔頭,181-8
三芝區,埔頭,,1606,三芝區,舊小基隆,埔頭,186
三芝區,埔頭,,1607,三芝區,舊小基隆,埔頭,181-9
三芝區,埔頭,,1608,三芝區,舊小基隆,埔頭,186-5
三芝區,埔頭,,1609,三芝區,舊小基隆,埔頭,181-15
三芝區,埔頭,,161,三芝區,舊小基隆,埔頭,23
三芝區,埔頭,,1610,三芝區,舊小基隆,埔頭,186-6
三芝區,埔頭,,1611,三芝區,舊小基隆,埔頭,181-16
三芝區,埔頭,,1612,三芝區,舊小基隆,埔頭,186-7
三芝區,埔頭,,1613,三芝區,舊小基隆,埔頭,186-8
三芝區,埔頭,,1614,三芝區,舊小基隆,埔頭,186-9
三芝區,埔頭,,1615,三芝區,舊小基隆,埔頭,181-17
三芝區,埔頭,,1616,三芝區,舊小基隆,埔頭,181-10
三芝區,埔頭,,1617,三芝區,舊小基隆,埔頭,187-7
三芝區,埔頭,,1618,三芝區,舊小基隆,埔頭,182-3
三芝區,埔頭,,1619,三芝區,舊小基隆,埔頭,111-14
三芝區,埔頭,,162,三芝區,舊小基隆,埔頭,22-4
三芝區,埔頭,,1620,三芝區,舊小基隆,埔頭,181-11
三芝區,埔頭,,1621,三芝區,舊小基隆,埔頭,178-1
三芝區,埔頭,,1622,三芝區,舊小基隆,埔頭,182-2
三芝區,埔頭,,1623,三芝區,舊小基隆,埔頭,111-32
三芝區,埔頭,,1624,三芝區,舊小基隆,埔頭,111-33
三芝區,埔頭,,1625,三芝區,舊小基隆,埔頭,111-34
三芝區,埔頭,,1626,三芝區,舊小基隆,埔頭,111-35
三芝區,埔頭,,1627,三芝區,舊小基隆,埔頭,111-36
三芝區,埔頭,,1628,三芝區,舊小基隆,埔頭,111-37
三芝區,埔頭,,1629,三芝區,舊小基隆,埔頭,111-38
三芝區,埔頭,,163,三芝區,舊小基隆,埔頭,27-4
三芝區,埔頭,,1630,三芝區,舊小基隆,埔頭,111-39
三芝區,埔頭,,1631,三芝區,舊小基隆,埔頭,111-41
三芝區,埔頭,,1632,三芝區,舊小基隆,埔頭,111-55
三芝區,埔頭,,1633,三芝區,舊小基隆,埔頭,111-42
三芝區,埔頭,,1634,三芝區,舊小基隆,埔頭,111-56
三芝區,埔頭,,1635,三芝區,舊小基隆,埔頭,111-43
三芝區,埔頭,,1636,三芝區,舊小基隆,埔頭,181-12
三芝區,埔頭,,1637,三芝區,舊小基隆,埔頭,178-3
三芝區,埔頭,,1638,三芝區,舊小基隆,埔頭,178
三芝區,埔頭,,1639,三芝區,舊小基隆,埔頭,182
三芝區,埔頭,,164,三芝區,舊小基隆,埔頭,27-9
三芝區,埔頭,,1640,三芝區,舊小基隆,埔頭,181-13
三芝區,埔頭,,1641,三芝區,舊小基隆,埔頭,178-2
三芝區,埔頭,,1642,三芝區,舊小基隆,埔頭,182-7
三芝區,埔頭,,1643,三芝區,舊小基隆,埔頭,181-14
三芝區,埔頭,,1644,三芝區,舊小基隆,埔頭,111-45
三芝區,埔頭,,1645,三芝區,舊小基隆,埔頭,178-4
三芝區,埔頭,,1646,三芝區,舊小基隆,埔頭,182-8
三芝區,埔頭,,1647,三芝區,舊小基隆,埔頭,111-44
三芝區,埔頭,,1648,三芝區,舊小基隆,埔頭,178-5
三芝區,埔頭,,1649,三芝區,舊小基隆,埔頭,182-9
三芝區,埔頭,,165,三芝區,舊小基隆,埔頭,26
三芝區,埔頭,,1650,三芝區,舊小基隆,埔頭,111-46
三芝區,埔頭,,1651,三芝區,舊小基隆,埔頭,178-6
三芝區,埔頭,,1652,三芝區,舊小基隆,埔頭,111-47
三芝區,埔頭,,1653,三芝區,舊小基隆,埔頭,182-10
三芝區,埔頭,,1654,三芝區,舊小基隆,埔頭,111-48
三芝區,埔頭,,1655,三芝區,舊小基隆,埔頭,178-7
三芝區,埔頭,,1656,三芝區,舊小基隆,埔頭,182-1
三芝區,埔頭,,1657,三芝區,舊小基隆,埔頭,111-49
三芝區,埔頭,,1658,三芝區,舊小基隆,埔頭,182-11
三芝區,埔頭,,1659,三芝區,舊小基隆,埔頭,111-50
三芝區,埔頭,,166,三芝區,舊小基隆,埔頭,27-3
三芝區,埔頭,,1660,三芝區,舊小基隆,埔頭,182-12
三芝區,埔頭,,1661,三芝區,舊小基隆,埔頭,111-51
三芝區,埔頭,,1662,三芝區,舊小基隆,埔頭,111-52
三芝區,埔頭,,1663,三芝區,舊小基隆,埔頭,111-53
三芝區,埔頭,,1664,三芝區,舊小基隆,埔頭,182-4
三芝區,埔頭,,1665,三芝區,舊小基隆,埔頭,111-57
三芝區,埔頭,,1666,三芝區,舊小基隆,埔頭,194-95
三芝區,埔頭,,1667,三芝區,舊小基隆,埔頭,111-20
三芝區,埔頭,,1668,三芝區,舊小基隆,埔頭,111-12
三芝區,埔頭,,1669,三芝區,舊小基隆,埔頭,111-3
三芝區,埔頭,,167,三芝區,舊小基隆,埔頭,27-1
三芝區,埔頭,,1670,三芝區,舊小基隆,埔頭,111-11
三芝區,埔頭,,1671,三芝區,舊小基隆,埔頭,111-54
三芝區,埔頭,,1672,三芝區,舊小基隆,埔頭,111-17
三芝區,埔頭,,1673,三芝區,舊小基隆,埔頭,194-91
三芝區,埔頭,,1674,三芝區,舊小基隆,埔頭,194-92
三芝區,埔頭,,1675,三芝區,舊小基隆,埔頭,194-28
三芝區,埔頭,,1676,三芝區,舊小基隆,埔頭,194-27
三芝區,埔頭,,1677,三芝區,舊小基隆,埔頭,194-26
三芝區,埔頭,,1678,三芝區,舊小基隆,埔頭,194-65
三芝區,埔頭,,1679,三芝區,舊小基隆,埔頭,194-66
三芝區,埔頭,,168,三芝區,舊小基隆,埔頭,29-1
三芝區,埔頭,,1680,三芝區,舊小基隆,埔頭,194-25
三芝區,埔頭,,1681,三芝區,舊小基隆,埔頭,194-2
三芝區,埔頭,,1682,三芝區,舊小基隆,埔頭,194-41
三芝區,埔頭,,1683,三芝區,舊小基隆,埔頭,194-42
三芝區,埔頭,,1684,三芝區,舊小基隆,埔頭,194-43
三芝區,埔頭,,1685,三芝區,舊小基隆,埔頭,194-44
三芝區,埔頭,,1686,三芝區,舊小基隆,埔頭,194-40
三芝區,埔頭,,1687,三芝區,舊小基隆,埔頭,194-39
三芝區,埔頭,,1688,三芝區,舊小基隆,埔頭,194-38
三芝區,埔頭,,1689,三芝區,舊小基隆,埔頭,194-37
三芝區,埔頭,,169,三芝區,舊小基隆,埔頭,29
三芝區,埔頭,,1690,三芝區,舊小基隆,埔頭,194-36
三芝區,埔頭,,1691,三芝區,舊小基隆,埔頭,194-35
三芝區,埔頭,,1692,三芝區,舊小基隆,埔頭,194-29
三芝區,埔頭,,1693,三芝區,舊小基隆,埔頭,194-30
三芝區,埔頭,,1694,三芝區,舊小基隆,埔頭,194-31
三芝區,埔頭,,1695,三芝區,舊小基隆,埔頭,194-32
三芝區,埔頭,,1696,三芝區,舊小基隆,埔頭,194-33
三芝區,埔頭,,1697,三芝區,舊小基隆,埔頭,194-34
三芝區,埔頭,,17,三芝區,舊小基隆,埔頭,65-11
三芝區,埔頭,,170,三芝區,舊小基隆,埔頭,28
三芝區,埔頭,,171,三芝區,舊小基隆,埔頭,27-2
三芝區,埔頭,,173,三芝區,舊小基隆,埔頭,4
三芝區,埔頭,,174,三芝區,舊小基隆,埔頭,5-3
三芝區,埔頭,,175,三芝區,舊小基隆,埔頭,5
三芝區,埔頭,,176,三芝區,舊小基隆,埔頭,5-14
三芝區,埔頭,,177,三芝區,舊小基隆,埔頭,5-1
三芝區,埔頭,,178,三芝區,舊小基隆,埔頭,7
三芝區,埔頭,,179,三芝區,舊小基隆,埔頭,7-1
三芝區,埔頭,,18,三芝區,舊小基隆,埔頭,65-1
三芝區,埔頭,,180,三芝區,舊小基隆,埔頭,8-3
三芝區,埔頭,,181,三芝區,舊小基隆,埔頭,8-2
三芝區,埔頭,,182,三芝區,舊小基隆,埔頭,8-4
三芝區,埔頭,,183,三芝區,舊小基隆,埔頭,5-2
三芝區,埔頭,,184,三芝區,舊小基隆,埔頭,8
三芝區,埔頭,,185,三芝區,舊小基隆,埔頭,8-1
三芝區,埔頭,,186,三芝區,舊小基隆,埔頭,11-5
三芝區,埔頭,,187,三芝區,舊小基隆,埔頭,11-4
三芝區,埔頭,,188,三芝區,舊小基隆,埔頭,11-1
三芝區,埔頭,,189,三芝區,舊小基隆,埔頭,11-3
三芝區,埔頭,,19,三芝區,舊小基隆,埔頭,65-12
三芝區,埔頭,,190,三芝區,舊小基隆,埔頭,10
三芝區,埔頭,,191,三芝區,舊小基隆,埔頭,11-2
三芝區,埔頭,,192,三芝區,舊小基隆,埔頭,11
三芝區,埔頭,,193,三芝區,舊小基隆,埔頭,9
三芝區,埔頭,,194,三芝區,舊小基隆,埔頭,10-1
三芝區,埔頭,,195,三芝區,舊小基隆,埔頭,9-1
三芝區,埔頭,,196,三芝區,舊小基隆,埔頭,3
三芝區,埔頭,,197,三芝區,舊小基隆,埔頭,2
三芝區,埔頭,,198,三芝區,舊小基隆,埔頭,1-1
三芝區,埔頭,,199,三芝區,新小基隆,埔頭坑,70-3
三芝區,埔頭,,2,三芝區,舊小基隆,埔頭,61
三芝區,埔頭,,20,三芝區,舊小基隆,埔頭,65-7
三芝區,埔頭,,200,三芝區,新小基隆,埔頭坑,70
三芝區,埔頭,,201,三芝區,新小基隆,埔頭坑,70-4
三芝區,埔頭,,202,三芝區,舊小基隆,埔頭,1
三芝區,埔頭,,203,三芝區,舊小基隆,埔頭,12-1
三芝區,埔頭,,204,三芝區,舊小基隆,埔頭,12-2
三芝區,埔頭,,205,三芝區,舊小基隆,埔頭,12
三芝區,埔頭,,206,三芝區,舊小基隆,埔頭,13-13
三芝區,埔頭,,207,三芝區,舊小基隆,埔頭,7-2
三芝區,埔頭,,208,三芝區,新小基隆,埔頭坑,72-66
三芝區,埔頭,,209,三芝區,新小基隆,埔頭坑,72-5
三芝區,埔頭,,21,三芝區,舊小基隆,埔頭,64
三芝區,埔頭,,210,三芝區,新小基隆,埔頭坑,72-10
三芝區,埔頭,,212,三芝區,新小基隆,埔頭坑,72
三芝區,埔頭,,213,三芝區,新小基隆,埔頭坑,72-11
三芝區,埔頭,,214,三芝區,新小基隆,埔頭坑,71-1
三芝區,埔頭,,215,三芝區,新小基隆,埔頭坑,71
三芝區,埔頭,,216,三芝區,新小基隆,埔頭坑,71-3
三芝區,埔頭,,217,三芝區,新小基隆,埔頭坑,70-2
三芝區,埔頭,,218,三芝區,新小基隆,埔頭坑,72-55
三芝區,埔頭,,219,三芝區,新小基隆,埔頭坑,72-54
三芝區,埔頭,,22,三芝區,舊小基隆,埔頭,65-8
三芝區,埔頭,,220,三芝區,新小基隆,埔頭坑,68-16
三芝區,埔頭,,221,三芝區,新小基隆,埔頭坑,71-2
三芝區,埔頭,,222,三芝區,新小基隆,埔頭坑,69
三芝區,埔頭,,223,三芝區,新小基隆,埔頭坑,68-5
三芝區,埔頭,,224,三芝區,新小基隆,埔頭坑,68-8
三芝區,埔頭,,225,三芝區,新小基隆,埔頭坑,68-4
三芝區,埔頭,,226,三芝區,新小基隆,埔頭坑,68-9
三芝區,埔頭,,227,三芝區,新小基隆,埔頭坑,68-10
三芝區,埔頭,,228,三芝區,新小基隆,埔頭坑,68-12
三芝區,埔頭,,229,三芝區,新小基隆,埔頭坑,68-7
三芝區,埔頭,,23,三芝區,舊小基隆,埔頭,64-1
三芝區,埔頭,,230,三芝區,新小基隆,埔頭坑,68-11
三芝區,埔頭,,231,三芝區,新小基隆,埔頭坑,68
三芝區,埔頭,,232,三芝區,新小基隆,埔頭坑,68-14
三芝區,埔頭,,233,三芝區,新小基隆,埔頭坑,68-15
三芝區,埔頭,,234,三芝區,新小基隆,埔頭坑,68-2
三芝區,埔頭,,235,三芝區,新小基隆,埔頭坑,68-17
三芝區,埔頭,,236,三芝區,新小基隆,埔頭坑,68-18
三芝區,埔頭,,237,三芝區,新小基隆,埔頭坑,68-19
三芝區,埔頭,,238,三芝區,新小基隆,埔頭坑,60-1
三芝區,埔頭,,239,三芝區,新小基隆,埔頭坑,73-73
三芝區,埔頭,,24,三芝區,舊小基隆,埔頭,64-3
三芝區,埔頭,,240,三芝區,新小基隆,埔頭坑,73-91
三芝區,埔頭,,241,三芝區,新小基隆,埔頭坑,73-21
三芝區,埔頭,,242,三芝區,新小基隆,埔頭坑,73-9
三芝區,埔頭,,243,三芝區,新小基隆,埔頭坑,73-24
三芝區,埔頭,,244,三芝區,新小基隆,埔頭坑,73-8
三芝區,埔頭,,245,三芝區,新小基隆,埔頭坑,73-25
三芝區,埔頭,,246,三芝區,新小基隆,埔頭坑,73-12
三芝區,埔頭,,247,三芝區,新小基隆,埔頭坑,73-28
三芝區,埔頭,,248,三芝區,新小基隆,埔頭坑,73-1
三芝區,埔頭,,249,三芝區,新小基隆,埔頭坑,73-30
三芝區,埔頭,,25,三芝區,舊小基隆,埔頭,64-4
三芝區,埔頭,,250,三芝區,新小基隆,埔頭坑,73-20
三芝區,埔頭,,251,三芝區,新小基隆,埔頭坑,73-29
三芝區,埔頭,,252,三芝區,新小基隆,埔頭坑,73-87
三芝區,埔頭,,253,三芝區,新小基隆,埔頭坑,73-90
三芝區,埔頭,,254,三芝區,新小基隆,埔頭坑,74-3
三芝區,埔頭,,255,三芝區,新小基隆,埔頭坑,74-11
三芝區,埔頭,,256,三芝區,新小基隆,埔頭坑,58-17
三芝區,埔頭,,257,三芝區,新小基隆,埔頭坑,58
三芝區,埔頭,,258,三芝區,新小基隆,埔頭坑,58-18
三芝區,埔頭,,259,三芝區,新小基隆,埔頭坑,58-4
三芝區,埔頭,,26,三芝區,舊小基隆,埔頭,64-6
三芝區,埔頭,,260,三芝區,新小基隆,埔頭坑,59-1
三芝區,埔頭,,261,三芝區,新小基隆,埔頭坑,56-1
三芝區,埔頭,,262,三芝區,新小基隆,埔頭坑,61-1
三芝區,埔頭,,263,三芝區,新小基隆,埔頭坑,67-3
三芝區,埔頭,,264,三芝區,新小基隆,埔頭坑,67-1
三芝區,埔頭,,265,三芝區,新小基隆,埔頭坑,62
三芝區,埔頭,,266,三芝區,新小基隆,埔頭坑,60
三芝區,埔頭,,267,三芝區,新小基隆,埔頭坑,62-1
三芝區,埔頭,,268,三芝區,新小基隆,埔頭坑,68-1
三芝區,埔頭,,269,三芝區,新小基隆,埔頭坑,67-2
三芝區,埔頭,,27,三芝區,舊小基隆,埔頭,64-7
三芝區,埔頭,,270,三芝區,新小基隆,埔頭坑,67
三芝區,埔頭,,271,三芝區,新小基隆,埔頭坑,66-4
三芝區,埔頭,,272,三芝區,新小基隆,埔頭坑,66
三芝區,埔頭,,273,三芝區,新小基隆,埔頭坑,67-4
三芝區,埔頭,,274,三芝區,新小基隆,埔頭坑,65
三芝區,埔頭,,275,三芝區,新小基隆,埔頭坑,64-1
三芝區,埔頭,,276,三芝區,新小基隆,埔頭坑,64
三芝區,埔頭,,277,三芝區,新小基隆,埔頭坑,63
三芝區,埔頭,,278,三芝區,新小基隆,埔頭坑,6
三芝區,埔頭,,279,三芝區,新小基隆,埔頭坑,6-7
三芝區,埔頭,,28,三芝區,舊小基隆,埔頭,64-5
三芝區,埔頭,,280,三芝區,新小基隆,埔頭坑,5-4
三芝區,埔頭,,281,三芝區,新小基隆,埔頭坑,5-3
三芝區,埔頭,,282,三芝區,新小基隆,埔頭坑,5-2
三芝區,埔頭,,283,三芝區,新小基隆,埔頭坑,5-8
三芝區,埔頭,,284,三芝區,新小基隆,埔頭坑,5
三芝區,埔頭,,285,三芝區,新小基隆,埔頭坑,3
三芝區,埔頭,,286,三芝區,新小基隆,埔頭坑,3-8
三芝區,埔頭,,287,三芝區,新小基隆,埔頭坑,3-2
三芝區,埔頭,,288,三芝區,新小基隆,埔頭坑,3-7
三芝區,埔頭,,289,三芝區,新小基隆,埔頭坑,3-9
三芝區,埔頭,,29,三芝區,舊小基隆,埔頭,64-9
三芝區,埔頭,,290,三芝區,新小基隆,埔頭坑,3-10
三芝區,埔頭,,291,三芝區,新小基隆,埔頭坑,2
三芝區,埔頭,,292,三芝區,新小基隆,埔頭坑,1-5
三芝區,埔頭,,293,三芝區,新小基隆,埔頭坑,7-26
三芝區,埔頭,,294,三芝區,新小基隆,埔頭坑,1-1
三芝區,埔頭,,295,三芝區,新小基隆,埔頭坑,1-3
三芝區,埔頭,,296,三芝區,新小基隆,埔頭坑,1-2
三芝區,埔頭,,297,三芝區,新小基隆,埔頭坑,2-2
三芝區,埔頭,,298,三芝區,新小基隆,埔頭坑,2-7
三芝區,埔頭,,299,三芝區,新小基隆,埔頭坑,2-1
三芝區,埔頭,,3,三芝區,舊小基隆,埔頭,61-4
三芝區,埔頭,,30,三芝區,舊小基隆,埔頭,64-10
三芝區,埔頭,,300,三芝區,新小基隆,埔頭坑,2-6
三芝區,埔頭,,301,三芝區,新小基隆,埔頭坑,2-3
三芝區,埔頭,,302,三芝區,新小基隆,埔頭坑,2-4
三芝區,埔頭,,303,三芝區,新小基隆,埔頭坑,2-5
三芝區,埔頭,,304,三芝區,新小基隆,埔頭坑,3-17
三芝區,埔頭,,305,三芝區,新小基隆,埔頭坑,3-18
三芝區,埔頭,,306,三芝區,新小基隆,埔頭坑,3-3
三芝區,埔頭,,307,三芝區,新小基隆,埔頭坑,3-20
三芝區,埔頭,,308,三芝區,新小基隆,埔頭坑,3-19
三芝區,埔頭,,309,三芝區,新小基隆,埔頭坑,3-11
三芝區,埔頭,,31,三芝區,舊小基隆,埔頭,64-11
三芝區,埔頭,,310,三芝區,新小基隆,埔頭坑,3-4
三芝區,埔頭,,311,三芝區,新小基隆,埔頭坑,3-5
三芝區,埔頭,,312,三芝區,新小基隆,埔頭坑,3-16
三芝區,埔頭,,313,三芝區,新小基隆,埔頭坑,7-29
三芝區,埔頭,,314,三芝區,新小基隆,埔頭坑,3-21
三芝區,埔頭,,315,三芝區,新小基隆,埔頭坑,7-28
三芝區,埔頭,,316,三芝區,新小基隆,埔頭坑,3-15
三芝區,埔頭,,317,三芝區,新小基隆,埔頭坑,3-6
三芝區,埔頭,,318,三芝區,新小基隆,埔頭坑,3-14
三芝區,埔頭,,319,三芝區,新小基隆,埔頭坑,3-12
三芝區,埔頭,,32,三芝區,舊小基隆,埔頭,64-8
三芝區,埔頭,,320,三芝區,新小基隆,埔頭坑,3-22
三芝區,埔頭,,321,三芝區,新小基隆,埔頭坑,3-23
三芝區,埔頭,,322,三芝區,新小基隆,埔頭坑,3-13
三芝區,埔頭,,323,三芝區,新小基隆,埔頭坑,5-18
三芝區,埔頭,,324,三芝區,新小基隆,埔頭坑,5-11
三芝區,埔頭,,325,三芝區,新小基隆,埔頭坑,5-21
三芝區,埔頭,,326,三芝區,新小基隆,埔頭坑,5-6
三芝區,埔頭,,327,三芝區,新小基隆,埔頭坑,4-4
三芝區,埔頭,,328,三芝區,新小基隆,埔頭坑,4-2
三芝區,埔頭,,329,三芝區,新小基隆,埔頭坑,4-5
三芝區,埔頭,,33,三芝區,舊小基隆,埔頭,65
三芝區,埔頭,,330,三芝區,新小基隆,埔頭坑,5-23
三芝區,埔頭,,331,三芝區,新小基隆,埔頭坑,4-6
三芝區,埔頭,,332,三芝區,新小基隆,埔頭坑,4-3
三芝區,埔頭,,333,三芝區,新小基隆,埔頭坑,5-10
三芝區,埔頭,,334,三芝區,新小基隆,埔頭坑,5-24
三芝區,埔頭,,335,三芝區,新小基隆,埔頭坑,5-13
三芝區,埔頭,,336,三芝區,新小基隆,埔頭坑,5-26
三芝區,埔頭,,337,三芝區,新小基隆,埔頭坑,7-32
三芝區,埔頭,,338,三芝區,新小基隆,埔頭坑,5-7
三芝區,埔頭,,339,三芝區,新小基隆,埔頭坑,5-22
三芝區,埔頭,,34,三芝區,舊小基隆,埔頭,65-6
三芝區,埔頭,,340,三芝區,新小基隆,埔頭坑,5-9
三芝區,埔頭,,341,三芝區,新小基隆,埔頭坑,5-16
三芝區,埔頭,,342,三芝區,新小基隆,埔頭坑,5-17
三芝區,埔頭,,343,三芝區,新小基隆,埔頭坑,5-12
三芝區,埔頭,,344,三芝區,新小基隆,埔頭坑,5-19
三芝區,埔頭,,345,三芝區,新小基隆,埔頭坑,5-20
三芝區,埔頭,,346,三芝區,新小基隆,埔頭坑,5-15
三芝區,埔頭,,347,三芝區,新小基隆,埔頭坑,5-14
三芝區,埔頭,,348,三芝區,新小基隆,埔頭坑,5-25
三芝區,埔頭,,349,三芝區,新小基隆,埔頭坑,5-5
三芝區,埔頭,,35,三芝區,舊小基隆,埔頭,65-9
三芝區,埔頭,,350,三芝區,新小基隆,埔頭坑,6-18
三芝區,埔頭,,351,三芝區,新小基隆,埔頭坑,6-4
三芝區,埔頭,,352,三芝區,新小基隆,埔頭坑,6-17
三芝區,埔頭,,353,三芝區,新小基隆,埔頭坑,6-11
三芝區,埔頭,,354,三芝區,新小基隆,埔頭坑,6-10
三芝區,埔頭,,355,三芝區,新小基隆,埔頭坑,6-15
三芝區,埔頭,,356,三芝區,新小基隆,埔頭坑,6-19
三芝區,埔頭,,357,三芝區,新小基隆,埔頭坑,6-13
三芝區,埔頭,,358,三芝區,新小基隆,埔頭坑,6-9
三芝區,埔頭,,359,三芝區,新小基隆,埔頭坑,6-16
三芝區,埔頭,,36,三芝區,舊小基隆,埔頭,65-4
三芝區,埔頭,,360,三芝區,新小基隆,埔頭坑,6-5
三芝區,埔頭,,361,三芝區,新小基隆,埔頭坑,6-8
三芝區,埔頭,,362,三芝區,新小基隆,埔頭坑,6-14
三芝區,埔頭,,363,三芝區,新小基隆,埔頭坑,63-1
三芝區,埔頭,,364,三芝區,新小基隆,埔頭坑,65-5
三芝區,埔頭,,365,三芝區,新小基隆,埔頭坑,65-3
三芝區,埔頭,,366,三芝區,新小基隆,埔頭坑,65-1
三芝區,埔頭,,367,三芝區,新小基隆,埔頭坑,66-1
三芝區,埔頭,,368,三芝區,新小基隆,埔頭坑,66-2
三芝區,埔頭,,369,三芝區,新小基隆,埔頭坑,66-3
三芝區,埔頭,,37,三芝區,舊小基隆,埔頭,65-13
三芝區,埔頭,,370,三芝區,新小基隆,埔頭坑,7-22
三芝區,埔頭,,371,三芝區,新小基隆,埔頭坑,7-10
三芝區,埔頭,,372,三芝區,新小基隆,埔頭坑,7-23
三芝區,埔頭,,373,三芝區,新小基隆,埔頭坑,7-30
三芝區,埔頭,,374,三芝區,新小基隆,埔頭坑,65-4
三芝區,埔頭,,375,三芝區,新小基隆,埔頭坑,65-2
三芝區,埔頭,,376,三芝區,新小基隆,埔頭坑,67-8
三芝區,埔頭,,377,三芝區,新小基隆,埔頭坑,67-6
三芝區,埔頭,,378,三芝區,新小基隆,埔頭坑,67-5
三芝區,埔頭,,379,三芝區,新小基隆,埔頭坑,10-10
三芝區,埔頭,,38,三芝區,舊小基隆,埔頭,65-10
三芝區,埔頭,,380,三芝區,新小基隆,埔頭坑,61-7
三芝區,埔頭,,381,三芝區,新小基隆,埔頭坑,61-9
三芝區,埔頭,,382,三芝區,新小基隆,埔頭坑,61-10
三芝區,埔頭,,383,三芝區,新小基隆,埔頭坑,61-11
三芝區,埔頭,,384,三芝區,新小基隆,埔頭坑,61-13
三芝區,埔頭,,385,三芝區,新小基隆,埔頭坑,61-8
三芝區,埔頭,,386,三芝區,新小基隆,埔頭坑,61-5
三芝區,埔頭,,387,三芝區,新小基隆,埔頭坑,61-12
三芝區,埔頭,,388,三芝區,新小基隆,埔頭坑,61-6
三芝區,埔頭,,389,三芝區,新小基隆,埔頭坑,56-41
三芝區,埔頭,,39,三芝區,舊小基隆,埔頭,65-5
三芝區,埔頭,,390,三芝區,新小基隆,埔頭坑,56-10
三芝區,埔頭,,391,三芝區,新小基隆,埔頭坑,56-8
三芝區,埔頭,,392,三芝區,新小基隆,埔頭坑,59-11
三芝區,埔頭,,393,三芝區,新小基隆,埔頭坑,59-5
三芝區,埔頭,,394,三芝區,新小基隆,埔頭坑,59-4
三芝區,埔頭,,395,三芝區,新小基隆,埔頭坑,58-21
三芝區,埔頭,,396,三芝區,新小基隆,埔頭坑,58-5
三芝區,埔頭,,397,三芝區,新小基隆,埔頭坑,58-8
三芝區,埔頭,,398,三芝區,新小基隆,埔頭坑,58-6
三芝區,埔頭,,399,三芝區,新小基隆,埔頭坑,58-22
三芝區,埔頭,,4,三芝區,舊小基隆,埔頭,61-3
三芝區,埔頭,,40,三芝區,舊小基隆,埔頭,68-1
三芝區,埔頭,,400,三芝區,新小基隆,埔頭坑,58-20
三芝區,埔頭,,401,三芝區,新小基隆,埔頭坑,58-23
三芝區,埔頭,,402,三芝區,新小基隆,埔頭坑,58-9
三芝區,埔頭,,403,三芝區,新小基隆,埔頭坑,58-24
三芝區,埔頭,,404,三芝區,新小基隆,埔頭坑,58-19
三芝區,埔頭,,405,三芝區,新小基隆,埔頭坑,58-2
三芝區,埔頭,,406,三芝區,新小基隆,埔頭坑,58-10
三芝區,埔頭,,407,三芝區,新小基隆,埔頭坑,67-7
三芝區,埔頭,,408,三芝區,新小基隆,埔頭坑,56-7
三芝區,埔頭,,409,三芝區,新小基隆,埔頭坑,56-11
三芝區,埔頭,,41,三芝區,舊小基隆,埔頭,68
三芝區,埔頭,,410,三芝區,新小基隆,埔頭坑,56-42
三芝區,埔頭,,411,三芝區,新小基隆,埔頭坑,56-3
三芝區,埔頭,,412,三芝區,新小基隆,埔頭坑,59-3
三芝區,埔頭,,413,三芝區,新小基隆,埔頭坑,59-2
三芝區,埔頭,,414,三芝區,新小基隆,埔頭坑,58-7
三芝區,埔頭,,415,三芝區,新小基隆,埔頭坑,58-11
三芝區,埔頭,,416,三芝區,新小基隆,埔頭坑,58-3
三芝區,埔頭,,417,三芝區,新小基隆,埔頭坑,57-6
三芝區,埔頭,,418,三芝區,新小基隆,埔頭坑,57-2
三芝區,埔頭,,419,三芝區,新小基隆,埔頭坑,58-26
三芝區,埔頭,,42,三芝區,舊小基隆,埔頭,68-4
三芝區,埔頭,,420,三芝區,新小基隆,埔頭坑,58-25
三芝區,埔頭,,421,三芝區,新小基隆,埔頭坑,59-13
三芝區,埔頭,,422,三芝區,新小基隆,埔頭坑,57-1
三芝區,埔頭,,423,三芝區,新小基隆,埔頭坑,74-51
三芝區,埔頭,,424,三芝區,新小基隆,埔頭坑,74-52
三芝區,埔頭,,425,三芝區,新小基隆,埔頭坑,74-14
三芝區,埔頭,,426,三芝區,新小基隆,埔頭坑,74-53
三芝區,埔頭,,427,三芝區,新小基隆,埔頭坑,74-9
三芝區,埔頭,,428,三芝區,新小基隆,埔頭坑,74-50
三芝區,埔頭,,429,三芝區,新小基隆,埔頭坑,74-28
三芝區,埔頭,,43,三芝區,舊小基隆,埔頭,68-5
三芝區,埔頭,,430,三芝區,新小基隆,埔頭坑,74-4
三芝區,埔頭,,431,三芝區,新小基隆,埔頭坑,74-29
三芝區,埔頭,,432,三芝區,新小基隆,埔頭坑,74-10
三芝區,埔頭,,433,三芝區,新小基隆,埔頭坑,74-40
三芝區,埔頭,,434,三芝區,新小基隆,埔頭坑,74-54
三芝區,埔頭,,435,三芝區,新小基隆,埔頭坑,74-2
三芝區,埔頭,,436,三芝區,新小基隆,埔頭坑,74-5
三芝區,埔頭,,437,三芝區,新小基隆,埔頭坑,74-13
三芝區,埔頭,,438,三芝區,新小基隆,埔頭坑,60-2
三芝區,埔頭,,439,三芝區,新小基隆,埔頭坑,73-76
三芝區,埔頭,,44,三芝區,舊小基隆,埔頭,69-21
三芝區,埔頭,,440,三芝區,新小基隆,埔頭坑,73-77
三芝區,埔頭,,441,三芝區,新小基隆,埔頭坑,73-78
三芝區,埔頭,,442,三芝區,新小基隆,埔頭坑,73-75
三芝區,埔頭,,443,三芝區,新小基隆,埔頭坑,73-79
三芝區,埔頭,,444,三芝區,新小基隆,埔頭坑,73-80
三芝區,埔頭,,445,三芝區,新小基隆,埔頭坑,73-81
三芝區,埔頭,,446,三芝區,新小基隆,埔頭坑,73-82
三芝區,埔頭,,447,三芝區,新小基隆,埔頭坑,73-83
三芝區,埔頭,,448,三芝區,新小基隆,埔頭坑,73-92
三芝區,埔頭,,449,三芝區,新小基隆,埔頭坑,72-58
三芝區,埔頭,,45,三芝區,舊小基隆,埔頭,69-7
三芝區,埔頭,,450,三芝區,新小基隆,埔頭坑,72-59
三芝區,埔頭,,451,三芝區,新小基隆,埔頭坑,72-61
三芝區,埔頭,,452,三芝區,新小基隆,埔頭坑,72-60
三芝區,埔頭,,453,三芝區,新小基隆,埔頭坑,72-62
三芝區,埔頭,,454,三芝區,新小基隆,埔頭坑,72-65
三芝區,埔頭,,455,三芝區,舊小基隆,埔頭,13-17
三芝區,埔頭,,456,三芝區,舊小基隆,埔頭,7-4
三芝區,埔頭,,457,三芝區,舊小基隆,埔頭,7-3
三芝區,埔頭,,458,三芝區,舊小基隆,埔頭,6-2
三芝區,埔頭,,459,三芝區,舊小基隆,埔頭,5-10
三芝區,埔頭,,46,三芝區,舊小基隆,埔頭,69-6
三芝區,埔頭,,460,三芝區,舊小基隆,埔頭,251
三芝區,埔頭,,461,三芝區,舊小基隆,埔頭,22-2
三芝區,埔頭,,462,三芝區,舊小基隆,埔頭,23-1
三芝區,埔頭,,463,三芝區,舊小基隆,埔頭,252
三芝區,埔頭,,464,三芝區,舊小基隆,埔頭,19-8
三芝區,埔頭,,465,三芝區,舊小基隆,埔頭,19-10
三芝區,埔頭,,466,三芝區,舊小基隆,埔頭,19-11
三芝區,埔頭,,467,三芝區,舊小基隆,埔頭,19-9
三芝區,埔頭,,468,三芝區,舊小基隆,埔頭,17-24
三芝區,埔頭,,469,三芝區,舊小基隆,埔頭,253
三芝區,埔頭,,47,三芝區,舊小基隆,埔頭,69-1
三芝區,埔頭,,470,三芝區,舊小基隆,埔頭,37-15
三芝區,埔頭,,471,三芝區,舊小基隆,埔頭,36-1
三芝區,埔頭,,472,三芝區,舊小基隆,埔頭,35-10
三芝區,埔頭,,473,三芝區,舊小基隆,埔頭,36-2
三芝區,埔頭,,474,三芝區,舊小基隆,埔頭,37-14
三芝區,埔頭,,475,三芝區,舊小基隆,埔頭,35-11
三芝區,埔頭,,476,三芝區,舊小基隆,埔頭,35-12
三芝區,埔頭,,477,三芝區,舊小基隆,埔頭,52-2
三芝區,埔頭,,478,三芝區,舊小基隆,埔頭,37-16
三芝區,埔頭,,479,三芝區,舊小基隆,埔頭,50-9
三芝區,埔頭,,48,三芝區,舊小基隆,埔頭,63-2
三芝區,埔頭,,480,三芝區,舊小基隆,埔頭,48-6
三芝區,埔頭,,481,三芝區,舊小基隆,埔頭,48-7
三芝區,埔頭,,482,三芝區,舊小基隆,埔頭,74-1
三芝區,埔頭,,483,三芝區,舊小基隆,埔頭,47-14
三芝區,埔頭,,484,三芝區,舊小基隆,埔頭,75-4
三芝區,埔頭,,485,三芝區,舊小基隆,埔頭,47-7
三芝區,埔頭,,486,三芝區,舊小基隆,埔頭,47-4
三芝區,埔頭,,487,三芝區,舊小基隆,埔頭,75-3
三芝區,埔頭,,488,三芝區,舊小基隆,埔頭,75-2
三芝區,埔頭,,489,三芝區,舊小基隆,埔頭,77-23
三芝區,埔頭,,49,三芝區,舊小基隆,埔頭,60
三芝區,埔頭,,490,三芝區,舊小基隆,埔頭,77-13
三芝區,埔頭,,491,三芝區,舊小基隆,埔頭,77-5
三芝區,埔頭,,492,三芝區,舊小基隆,埔頭,77-18
三芝區,埔頭,,493,三芝區,舊小基隆,埔頭,94-3
三芝區,埔頭,,494,三芝區,舊小基隆,埔頭,94-5
三芝區,埔頭,,495,三芝區,舊小基隆,埔頭,47-3
三芝區,埔頭,,496,三芝區,舊小基隆,埔頭,74-2
三芝區,埔頭,,497,三芝區,舊小基隆,埔頭,77-27
三芝區,埔頭,,498,三芝區,舊小基隆,埔頭,77-12
三芝區,埔頭,,499,三芝區,舊小基隆,埔頭,77-8
三芝區,埔頭,,5,三芝區,舊小基隆,埔頭,63-5
三芝區,埔頭,,50,三芝區,舊小基隆,埔頭,70-5
三芝區,埔頭,,500,三芝區,舊小基隆,埔頭,77-28
三芝區,埔頭,,501,三芝區,舊小基隆,埔頭,77-7
三芝區,埔頭,,502,三芝區,舊小基隆,埔頭,77-15
三芝區,埔頭,,503,三芝區,舊小基隆,埔頭,77-2
三芝區,埔頭,,504,三芝區,舊小基隆,埔頭,77-24
三芝區,埔頭,,505,三芝區,舊小基隆,埔頭,77-26
三芝區,埔頭,,506,三芝區,舊小基隆,埔頭,77-19
三芝區,埔頭,,507,三芝區,舊小基隆,埔頭,91-47
三芝區,埔頭,,508,三芝區,舊小基隆,埔頭,91-30
三芝區,埔頭,,509,三芝區,舊小基隆,埔頭,91-5
三芝區,埔頭,,51,三芝區,舊小基隆,埔頭,59
三芝區,埔頭,,510,三芝區,舊小基隆,埔頭,91-38
三芝區,埔頭,,511,三芝區,舊小基隆,埔頭,91-32
三芝區,埔頭,,512,三芝區,舊小基隆,埔頭,91-46
三芝區,埔頭,,513,三芝區,舊小基隆,埔頭,91-31
三芝區,埔頭,,514,三芝區,舊小基隆,埔頭,88-2
三芝區,埔頭,,515,三芝區,舊小基隆,埔頭,91-48
三芝區,埔頭,,516,三芝區,舊小基隆,埔頭,79-1
三芝區,埔頭,,517,三芝區,舊小基隆,埔頭,79-2
三芝區,埔頭,,518,三芝區,舊小基隆,埔頭,59-2
三芝區,埔頭,,519,三芝區,舊小基隆,埔頭,80-17
三芝區,埔頭,,52,三芝區,舊小基隆,埔頭,70-3
三芝區,埔頭,,520,三芝區,舊小基隆,埔頭,80-9
三芝區,埔頭,,521,三芝區,舊小基隆,埔頭,80-4
三芝區,埔頭,,522,三芝區,舊小基隆,埔頭,80-21
三芝區,埔頭,,523,三芝區,舊小基隆,埔頭,80-11
三芝區,埔頭,,524,三芝區,舊小基隆,埔頭,80-16
三芝區,埔頭,,525,三芝區,舊小基隆,埔頭,80-18
三芝區,埔頭,,526,三芝區,舊小基隆,埔頭,80-19
三芝區,埔頭,,527,三芝區,舊小基隆,埔頭,80-10
三芝區,埔頭,,528,三芝區,舊小基隆,埔頭,80-20
三芝區,埔頭,,529,三芝區,舊小基隆,埔頭,70-8
三芝區,埔頭,,53,三芝區,舊小基隆,埔頭,70-15
三芝區,埔頭,,530,三芝區,舊小基隆,埔頭,70-14
三芝區,埔頭,,531,三芝區,舊小基隆,埔頭,69-20
三芝區,埔頭,,532,三芝區,舊小基隆,埔頭,69-22
三芝區,埔頭,,533,三芝區,舊小基隆,埔頭,70-13
三芝區,埔頭,,534,三芝區,舊小基隆,埔頭,70-9
三芝區,埔頭,,535,三芝區,舊小基隆,埔頭,70-6
三芝區,埔頭,,536,三芝區,舊小基隆,埔頭,69-4
三芝區,埔頭,,537,三芝區,舊小基隆,埔頭,70-7
三芝區,埔頭,,538,三芝區,舊小基隆,埔頭,70-4
三芝區,埔頭,,539,三芝區,舊小基隆,埔頭,70-10
三芝區,埔頭,,54,三芝區,舊小基隆,埔頭,67-2
三芝區,埔頭,,540,三芝區,舊小基隆,埔頭,69-8
三芝區,埔頭,,541,三芝區,舊小基隆,埔頭,69-13
三芝區,埔頭,,542,三芝區,舊小基隆,埔頭,69-10
三芝區,埔頭,,543,三芝區,舊小基隆,埔頭,69-3
三芝區,埔頭,,544,三芝區,舊小基隆,埔頭,69-18
三芝區,埔頭,,545,三芝區,舊小基隆,埔頭,69-12
三芝區,埔頭,,546,三芝區,舊小基隆,埔頭,69-11
三芝區,埔頭,,547,三芝區,舊小基隆,埔頭,69-23
三芝區,埔頭,,548,三芝區,舊小基隆,埔頭,69-9
三芝區,埔頭,,549,三芝區,舊小基隆,埔頭,69-14
三芝區,埔頭,,55,三芝區,舊小基隆,埔頭,70-1
三芝區,埔頭,,550,三芝區,舊小基隆,埔頭,69-17
三芝區,埔頭,,551,三芝區,舊小基隆,埔頭,69-5
三芝區,埔頭,,552,三芝區,舊小基隆,埔頭,67-12
三芝區,埔頭,,553,三芝區,舊小基隆,埔頭,70-12
三芝區,埔頭,,554,三芝區,舊小基隆,埔頭,69-24
三芝區,埔頭,,555,三芝區,舊小基隆,埔頭,67-13
三芝區,埔頭,,556,三芝區,舊小基隆,埔頭,67-9
三芝區,埔頭,,557,三芝區,舊小基隆,埔頭,67-4
三芝區,埔頭,,558,三芝區,舊小基隆,埔頭,67-10
三芝區,埔頭,,559,三芝區,舊小基隆,埔頭,66-11
三芝區,埔頭,,56,三芝區,舊小基隆,埔頭,80-1
三芝區,埔頭,,560,三芝區,舊小基隆,埔頭,66-4
三芝區,埔頭,,561,三芝區,舊小基隆,埔頭,70-11
三芝區,埔頭,,562,三芝區,舊小基隆,埔頭,66-5
三芝區,埔頭,,563,三芝區,舊小基隆,埔頭,66-12
三芝區,埔頭,,564,三芝區,舊小基隆,埔頭,68-2
三芝區,埔頭,,565,三芝區,舊小基隆,埔頭,67-14
三芝區,埔頭,,566,三芝區,舊小基隆,埔頭,68-3
三芝區,埔頭,,567,三芝區,舊小基隆,埔頭,67-11
三芝區,埔頭,,568,三芝區,舊小基隆,埔頭,67-5
三芝區,埔頭,,569,三芝區,舊小基隆,埔頭,67-8
三芝區,埔頭,,57,三芝區,舊小基隆,埔頭,79
三芝區,埔頭,,570,三芝區,舊小基隆,埔頭,67-6
三芝區,埔頭,,571,三芝區,舊小基隆,埔頭,67-3
三芝區,埔頭,,572,三芝區,舊小基隆,埔頭,66-9
三芝區,埔頭,,573,三芝區,舊小基隆,埔頭,66-10
三芝區,埔頭,,574,三芝區,舊小基隆,埔頭,66-2
三芝區,埔頭,,575,三芝區,舊小基隆,埔頭,66-6
三芝區,埔頭,,576,三芝區,舊小基隆,埔頭,65-2
三芝區,埔頭,,577,三芝區,舊小基隆,埔頭,47-15
三芝區,埔頭,,578,三芝區,舊小基隆,埔頭,74-3
三芝區,埔頭,,579,三芝區,舊小基隆,埔頭,48-8
三芝區,埔頭,,58,三芝區,舊小基隆,埔頭,78
三芝區,埔頭,,580,三芝區,舊小基隆,埔頭,48-5
三芝區,埔頭,,581,三芝區,舊小基隆,埔頭,50-3
三芝區,埔頭,,582,三芝區,舊小基隆,埔頭,50-6
三芝區,埔頭,,583,三芝區,舊小基隆,埔頭,37-7
三芝區,埔頭,,584,三芝區,舊小基隆,埔頭,36-4
三芝區,埔頭,,585,三芝區,舊小基隆,埔頭,36-5
三芝區,埔頭,,586,三芝區,舊小基隆,埔頭,36
三芝區,埔頭,,587,三芝區,舊小基隆,埔頭,17-7
三芝區,埔頭,,589,三芝區,舊小基隆,埔頭,37-1
三芝區,埔頭,,59,三芝區,舊小基隆,埔頭,59-1
三芝區,埔頭,,590,三芝區,舊小基隆,埔頭,37-12
三芝區,埔頭,,591,三芝區,舊小基隆,埔頭,37-13
三芝區,埔頭,,592,三芝區,舊小基隆,埔頭,37-6
三芝區,埔頭,,593,三芝區,舊小基隆,埔頭,37-5
三芝區,埔頭,,594,三芝區,舊小基隆,埔頭,37-2
三芝區,埔頭,,595,三芝區,舊小基隆,埔頭,37-11
三芝區,埔頭,,596,三芝區,舊小基隆,埔頭,38-2
三芝區,埔頭,,597,三芝區,舊小基隆,埔頭,37-4
三芝區,埔頭,,599,三芝區,舊小基隆,埔頭,40-79
三芝區,埔頭,,6,三芝區,舊小基隆,埔頭,63-6
三芝區,埔頭,,60,三芝區,舊小基隆,埔頭,71
三芝區,埔頭,,600,三芝區,舊小基隆,埔頭,37-3
三芝區,埔頭,,601,三芝區,舊小基隆,埔頭,38-5
三芝區,埔頭,,602,三芝區,舊小基隆,埔頭,38-1
三芝區,埔頭,,603,三芝區,舊小基隆,埔頭,39-33
三芝區,埔頭,,604,三芝區,舊小基隆,埔頭,17-9
三芝區,埔頭,,605,三芝區,舊小基隆,埔頭,17-2
三芝區,埔頭,,606,三芝區,舊小基隆,埔頭,17-8
三芝區,埔頭,,607,三芝區,舊小基隆,埔頭,17-14
三芝區,埔頭,,608,三芝區,舊小基隆,埔頭,17-16
三芝區,埔頭,,609,三芝區,舊小基隆,埔頭,17-10
三芝區,埔頭,,61,三芝區,舊小基隆,埔頭,72-2
三芝區,埔頭,,610,三芝區,舊小基隆,埔頭,17-11
三芝區,埔頭,,611,三芝區,舊小基隆,埔頭,17-12
三芝區,埔頭,,612,三芝區,舊小基隆,埔頭,17-22
三芝區,埔頭,,613,三芝區,舊小基隆,埔頭,18-2
三芝區,埔頭,,614,三芝區,舊小基隆,埔頭,18
三芝區,埔頭,,615,三芝區,舊小基隆,埔頭,18-5
三芝區,埔頭,,616,三芝區,舊小基隆,埔頭,19-6
三芝區,埔頭,,617,三芝區,舊小基隆,埔頭,19-1
三芝區,埔頭,,619,三芝區,舊小基隆,埔頭,19-5
三芝區,埔頭,,62,三芝區,舊小基隆,埔頭,72
三芝區,埔頭,,621,三芝區,舊小基隆,埔頭,19-2
三芝區,埔頭,,622,三芝區,舊小基隆,埔頭,22-3
三芝區,埔頭,,624,三芝區,舊小基隆,埔頭,22-1
三芝區,埔頭,,625,三芝區,舊小基隆,埔頭,20
三芝區,埔頭,,627,三芝區,舊小基隆,埔頭,16-14
三芝區,埔頭,,628,三芝區,舊小基隆,埔頭,16-15
三芝區,埔頭,,629,三芝區,舊小基隆,埔頭,16-23
三芝區,埔頭,,63,三芝區,舊小基隆,埔頭,72-1
三芝區,埔頭,,630,三芝區,舊小基隆,埔頭,17-1
三芝區,埔頭,,631,三芝區,舊小基隆,埔頭,18-3
三芝區,埔頭,,632,三芝區,舊小基隆,埔頭,18-4
三芝區,埔頭,,633,三芝區,舊小基隆,埔頭,19
三芝區,埔頭,,634,三芝區,舊小基隆,埔頭,19-7
三芝區,埔頭,,635,三芝區,舊小基隆,埔頭,5-7
三芝區,埔頭,,636,三芝區,舊小基隆,埔頭,15
三芝區,埔頭,,637,三芝區,舊小基隆,埔頭,5-9
三芝區,埔頭,,638,三芝區,舊小基隆,埔頭,13-18
三芝區,埔頭,,639,三芝區,舊小基隆,埔頭,13-1
三芝區,埔頭,,64,三芝區,舊小基隆,埔頭,77-10
三芝區,埔頭,,640,三芝區,舊小基隆,埔頭,14
三芝區,埔頭,,641,三芝區,舊小基隆,埔頭,15-4
三芝區,埔頭,,642,三芝區,舊小基隆,埔頭,14-6
三芝區,埔頭,,643,三芝區,舊小基隆,埔頭,15-3
三芝區,埔頭,,644,三芝區,舊小基隆,埔頭,5-11
三芝區,埔頭,,645,三芝區,舊小基隆,埔頭,5-6
三芝區,埔頭,,646,三芝區,舊小基隆,埔頭,6-1
三芝區,埔頭,,647,三芝區,舊小基隆,埔頭,6
三芝區,埔頭,,648,三芝區,舊小基隆,埔頭,13-16
三芝區,埔頭,,649,三芝區,舊小基隆,埔頭,7-5
三芝區,埔頭,,65,三芝區,舊小基隆,埔頭,91-2
三芝區,埔頭,,650,三芝區,舊小基隆,埔頭,13-19
三芝區,埔頭,,651,三芝區,舊小基隆,埔頭,13
三芝區,埔頭,,652,三芝區,舊小基隆,埔頭,13-12
三芝區,埔頭,,653,三芝區,舊小基隆,埔頭,13-11
三芝區,埔頭,,654,三芝區,舊小基隆,埔頭,13-10
三芝區,埔頭,,655,三芝區,新小基隆,埔頭坑,72-56
三芝區,埔頭,,656,三芝區,新小基隆,埔頭坑,72-67
三芝區,埔頭,,657,三芝區,新小基隆,埔頭坑,72-64
三芝區,埔頭,,658,三芝區,新小基隆,埔頭坑,72-3
三芝區,埔頭,,659,三芝區,新小基隆,埔頭坑,72-68
三芝區,埔頭,,66,三芝區,舊小基隆,埔頭,77-29
三芝區,埔頭,,660,三芝區,新小基隆,埔頭坑,72-57
三芝區,埔頭,,661,三芝區,新小基隆,埔頭坑,72-69
三芝區,埔頭,,662,三芝區,新小基隆,埔頭坑,72-6
三芝區,埔頭,,663,三芝區,新小基隆,埔頭坑,72-7
三芝區,埔頭,,664,三芝區,新小基隆,埔頭坑,72-8
三芝區,埔頭,,665,三芝區,新小基隆,埔頭坑,72-9
三芝區,埔頭,,666,三芝區,新小基隆,埔頭坑,72-70
三芝區,埔頭,,667,三芝區,新小基隆,埔頭坑,72-2
三芝區,埔頭,,668,三芝區,新小基隆,埔頭坑,72-47
三芝區,埔頭,,669,三芝區,新小基隆,埔頭坑,72-48
三芝區,埔頭,,67,三芝區,舊小基隆,埔頭,77-1
三芝區,埔頭,,670,三芝區,新小基隆,埔頭坑,72-49
三芝區,埔頭,,671,三芝區,新小基隆,埔頭坑,72-50
三芝區,埔頭,,672,三芝區,新小基隆,埔頭坑,72-51
三芝區,埔頭,,673,三芝區,新小基隆,埔頭坑,72-52
三芝區,埔頭,,674,三芝區,新小基隆,埔頭坑,72-53
三芝區,埔頭,,675,三芝區,新小基隆,埔頭坑,72-1
三芝區,埔頭,,676,三芝區,新小基隆,埔頭坑,73-74
三芝區,埔頭,,677,三芝區,新小基隆,埔頭坑,72-45
三芝區,埔頭,,678,三芝區,新小基隆,埔頭坑,72-46
三芝區,埔頭,,679,三芝區,新小基隆,埔頭坑,72-34
三芝區,埔頭,,68,三芝區,舊小基隆,埔頭,74-5
三芝區,埔頭,,680,三芝區,新小基隆,埔頭坑,72-35
三芝區,埔頭,,681,三芝區,新小基隆,埔頭坑,72-33
三芝區,埔頭,,682,三芝區,新小基隆,埔頭坑,72-32
三芝區,埔頭,,683,三芝區,新小基隆,埔頭坑,72-24
三芝區,埔頭,,684,三芝區,新小基隆,埔頭坑,72-23
三芝區,埔頭,,685,三芝區,新小基隆,埔頭坑,72-22
三芝區,埔頭,,686,三芝區,新小基隆,埔頭坑,72-21
三芝區,埔頭,,687,三芝區,新小基隆,埔頭坑,72-31
三芝區,埔頭,,688,三芝區,新小基隆,埔頭坑,72-30
三芝區,埔頭,,689,三芝區,新小基隆,埔頭坑,72-29
三芝區,埔頭,,69,三芝區,舊小基隆,埔頭,72-3
三芝區,埔頭,,690,三芝區,新小基隆,埔頭坑,72-63
三芝區,埔頭,,691,三芝區,新小基隆,埔頭坑,72-20
三芝區,埔頭,,692,三芝區,新小基隆,埔頭坑,72-19
三芝區,埔頭,,693,三芝區,新小基隆,埔頭坑,72-18
三芝區,埔頭,,694,三芝區,新小基隆,埔頭坑,72-17
三芝區,埔頭,,695,三芝區,新小基隆,埔頭坑,72-16
三芝區,埔頭,,696,三芝區,新小基隆,埔頭坑,72-15
三芝區,埔頭,,697,三芝區,新小基隆,埔頭坑,72-14
三芝區,埔頭,,698,三芝區,新小基隆,埔頭坑,72-13
三芝區,埔頭,,699,三芝區,新小基隆,埔頭坑,72-12
三芝區,埔頭,,7,三芝區,舊小基隆,埔頭,63-7
三芝區,埔頭,,70,三芝區,舊小基隆,埔頭,58
三芝區,埔頭,,700,三芝區,新小基隆,埔頭坑,72-27
三芝區,埔頭,,701,三芝區,新小基隆,埔頭坑,72-26
三芝區,埔頭,,702,三芝區,新小基隆,埔頭坑,72-25
三芝區,埔頭,,703,三芝區,新小基隆,埔頭坑,72-40
三芝區,埔頭,,704,三芝區,新小基隆,埔頭坑,72-39
三芝區,埔頭,,705,三芝區,新小基隆,埔頭坑,72-38
三芝區,埔頭,,706,三芝區,新小基隆,埔頭坑,72-37
三芝區,埔頭,,707,三芝區,新小基隆,埔頭坑,72-36
三芝區,埔頭,,708,三芝區,新小基隆,埔頭坑,72-41
三芝區,埔頭,,709,三芝區,新小基隆,埔頭坑,72-42
三芝區,埔頭,,71,三芝區,舊小基隆,埔頭,57-2
三芝區,埔頭,,710,三芝區,新小基隆,埔頭坑,72-43
三芝區,埔頭,,711,三芝區,新小基隆,埔頭坑,72-44
三芝區,埔頭,,712,三芝區,新小基隆,埔頭坑,73-93
三芝區,埔頭,,713,三芝區,新小基隆,埔頭坑,73-84
三芝區,埔頭,,714,三芝區,新小基隆,埔頭坑,73-2
三芝區,埔頭,,715,三芝區,新小基隆,埔頭坑,73-54
三芝區,埔頭,,716,三芝區,新小基隆,埔頭坑,73
三芝區,埔頭,,717,三芝區,新小基隆,埔頭坑,73-51
三芝區,埔頭,,718,三芝區,新小基隆,埔頭坑,73-3
三芝區,埔頭,,719,三芝區,新小基隆,埔頭坑,73-52
三芝區,埔頭,,72,三芝區,舊小基隆,埔頭,57-1
三芝區,埔頭,,720,三芝區,新小基隆,埔頭坑,73-41
三芝區,埔頭,,721,三芝區,新小基隆,埔頭坑,73-40
三芝區,埔頭,,722,三芝區,新小基隆,埔頭坑,73-39
三芝區,埔頭,,723,三芝區,新小基隆,埔頭坑,73-38
三芝區,埔頭,,724,三芝區,新小基隆,埔頭坑,73-37
三芝區,埔頭,,725,三芝區,新小基隆,埔頭坑,73-36
三芝區,埔頭,,726,三芝區,新小基隆,埔頭坑,73-35
三芝區,埔頭,,727,三芝區,新小基隆,埔頭坑,73-43
三芝區,埔頭,,728,三芝區,新小基隆,埔頭坑,73-42
三芝區,埔頭,,729,三芝區,新小基隆,埔頭坑,73-34
三芝區,埔頭,,73,三芝區,舊小基隆,埔頭,57
三芝區,埔頭,,730,三芝區,新小基隆,埔頭坑,73-47
三芝區,埔頭,,731,三芝區,新小基隆,埔頭坑,73-44
三芝區,埔頭,,732,三芝區,新小基隆,埔頭坑,73-105
三芝區,埔頭,,733,三芝區,新小基隆,埔頭坑,73-45
三芝區,埔頭,,734,三芝區,新小基隆,埔頭坑,73-71
三芝區,埔頭,,735,三芝區,新小基隆,埔頭坑,73-70
三芝區,埔頭,,736,三芝區,新小基隆,埔頭坑,73-53
三芝區,埔頭,,737,三芝區,新小基隆,埔頭坑,73-69
三芝區,埔頭,,738,三芝區,新小基隆,埔頭坑,73-56
三芝區,埔頭,,739,三芝區,新小基隆,埔頭坑,73-58
三芝區,埔頭,,74,三芝區,舊小基隆,埔頭,56
三芝區,埔頭,,740,三芝區,新小基隆,埔頭坑,73-59
三芝區,埔頭,,741,三芝區,新小基隆,埔頭坑,73-60
三芝區,埔頭,,742,三芝區,新小基隆,埔頭坑,73-85
三芝區,埔頭,,743,三芝區,新小基隆,埔頭坑,73-32
三芝區,埔頭,,744,三芝區,新小基隆,埔頭坑,73-33
三芝區,埔頭,,745,三芝區,新小基隆,埔頭坑,73-86
三芝區,埔頭,,746,三芝區,新小基隆,埔頭坑,73-88
三芝區,埔頭,,747,三芝區,新小基隆,埔頭坑,73-67
三芝區,埔頭,,748,三芝區,新小基隆,埔頭坑,73-66
三芝區,埔頭,,749,三芝區,新小基隆,埔頭坑,73-68
三芝區,埔頭,,75,三芝區,舊小基隆,埔頭,73
三芝區,埔頭,,750,三芝區,新小基隆,埔頭坑,73-11
三芝區,埔頭,,751,三芝區,新小基隆,埔頭坑,73-26
三芝區,埔頭,,752,三芝區,新小基隆,埔頭坑,73-61
三芝區,埔頭,,753,三芝區,新小基隆,埔頭坑,73-62
三芝區,埔頭,,754,三芝區,新小基隆,埔頭坑,73-63
三芝區,埔頭,,755,三芝區,新小基隆,埔頭坑,73-64
三芝區,埔頭,,756,三芝區,新小基隆,埔頭坑,73-65
三芝區,埔頭,,757,三芝區,新小基隆,埔頭坑,73-27
三芝區,埔頭,,758,三芝區,新小基隆,埔頭坑,73-89
三芝區,埔頭,,759,三芝區,新小基隆,埔頭坑,73-13
三芝區,埔頭,,76,三芝區,舊小基隆,埔頭,73-3
三芝區,埔頭,,760,三芝區,新小基隆,埔頭坑,60-3
三芝區,埔頭,,761,三芝區,新小基隆,埔頭坑,74-47
三芝區,埔頭,,762,三芝區,新小基隆,埔頭坑,74-46
三芝區,埔頭,,763,三芝區,新小基隆,埔頭坑,74-30
三芝區,埔頭,,764,三芝區,新小基隆,埔頭坑,74-60
三芝區,埔頭,,765,三芝區,新小基隆,埔頭坑,73-14
三芝區,埔頭,,766,三芝區,新小基隆,埔頭坑,74-15
三芝區,埔頭,,767,三芝區,新小基隆,埔頭坑,74-16
三芝區,埔頭,,768,三芝區,新小基隆,埔頭坑,73-6
三芝區,埔頭,,769,三芝區,新小基隆,埔頭坑,76-214
三芝區,埔頭,,77,三芝區,舊小基隆,埔頭,73-2
三芝區,埔頭,,770,三芝區,新小基隆,埔頭坑,76-474
三芝區,埔頭,,771,三芝區,新小基隆,埔頭坑,76-475
三芝區,埔頭,,772,三芝區,新小基隆,埔頭坑,76-255
三芝區,埔頭,,773,三芝區,新小基隆,埔頭坑,76-256
三芝區,埔頭,,774,三芝區,新小基隆,埔頭坑,76-257
三芝區,埔頭,,775,三芝區,新小基隆,埔頭坑,76-258
三芝區,埔頭,,776,三芝區,新小基隆,埔頭坑,76-29
三芝區,埔頭,,777,三芝區,新小基隆,埔頭坑,76-473
三芝區,埔頭,,778,三芝區,新小基隆,埔頭坑,78-100
三芝區,埔頭,,779,三芝區,舊小基隆,埔頭,120-16
三芝區,埔頭,,78,三芝區,舊小基隆,埔頭,73-1
三芝區,埔頭,,780,三芝區,舊小基隆,埔頭,14-3
三芝區,埔頭,,781,三芝區,舊小基隆,埔頭,120-3
三芝區,埔頭,,782,三芝區,舊小基隆,埔頭,120-7
三芝區,埔頭,,783,三芝區,舊小基隆,埔頭,14-5
三芝區,埔頭,,784,三芝區,舊小基隆,埔頭,14-8
三芝區,埔頭,,785,三芝區,舊小基隆,埔頭,15-1
三芝區,埔頭,,786,三芝區,舊小基隆,埔頭,15-8
三芝區,埔頭,,787,三芝區,舊小基隆,埔頭,17-20
三芝區,埔頭,,788,三芝區,舊小基隆,埔頭,16-4
三芝區,埔頭,,789,三芝區,舊小基隆,埔頭,17-19
三芝區,埔頭,,79,三芝區,舊小基隆,埔頭,73-5
三芝區,埔頭,,790,三芝區,舊小基隆,埔頭,17-3
三芝區,埔頭,,791,三芝區,舊小基隆,埔頭,37-10
三芝區,埔頭,,792,三芝區,舊小基隆,埔頭,40-73
三芝區,埔頭,,793,三芝區,舊小基隆,埔頭,37-9
三芝區,埔頭,,794,三芝區,舊小基隆,埔頭,47-12
三芝區,埔頭,,795,三芝區,舊小基隆,埔頭,48-4
三芝區,埔頭,,796,三芝區,舊小基隆,埔頭,40-6
三芝區,埔頭,,797,三芝區,舊小基隆,埔頭,40-5
三芝區,埔頭,,798,三芝區,舊小基隆,埔頭,40-2
三芝區,埔頭,,799,三芝區,舊小基隆,埔頭,17-13
三芝區,埔頭,,8,三芝區,舊小基隆,埔頭,62
三芝區,埔頭,,80,三芝區,舊小基隆,埔頭,73-6
三芝區,埔頭,,800,三芝區,舊小基隆,埔頭,47-8
三芝區,埔頭,,801,三芝區,舊小基隆,埔頭,77-20
三芝區,埔頭,,802,三芝區,舊小基隆,埔頭,65-3
三芝區,埔頭,,804,三芝區,舊小基隆,埔頭,66-14
三芝區,埔頭,,805,三芝區,舊小基隆,埔頭,66-7
三芝區,埔頭,,806,三芝區,舊小基隆,埔頭,66-8
三芝區,埔頭,,807,三芝區,舊小基隆,埔頭,67-7
三芝區,埔頭,,808,三芝區,舊小基隆,埔頭,83-1
三芝區,埔頭,,809,三芝區,舊小基隆,埔頭,83-3
三芝區,埔頭,,81,三芝區,舊小基隆,埔頭,55-2
三芝區,埔頭,,810,三芝區,舊小基隆,埔頭,83-2
三芝區,埔頭,,811,三芝區,舊小基隆,埔頭,66-13
三芝區,埔頭,,812,三芝區,舊小基隆,埔頭,66-1
三芝區,埔頭,,813,三芝區,舊小基隆,埔頭,66-3
三芝區,埔頭,,814,三芝區,舊小基隆,埔頭,67-15
三芝區,埔頭,,815,三芝區,舊小基隆,埔頭,67-16
三芝區,埔頭,,816,三芝區,舊小基隆,埔頭,67-1
三芝區,埔頭,,817,三芝區,舊小基隆,埔頭,81
三芝區,埔頭,,818,三芝區,舊小基隆,埔頭,82
三芝區,埔頭,,819,三芝區,舊小基隆,埔頭,82-1
三芝區,埔頭,,82,三芝區,舊小基隆,埔頭,55
三芝區,埔頭,,820,三芝區,舊小基隆,埔頭,83
三芝區,埔頭,,821,三芝區,舊小基隆,埔頭,69-19
三芝區,埔頭,,822,三芝區,舊小基隆,埔頭,69-16
三芝區,埔頭,,823,三芝區,舊小基隆,埔頭,69-26
三芝區,埔頭,,824,三芝區,舊小基隆,埔頭,69-27
三芝區,埔頭,,825,三芝區,舊小基隆,埔頭,69-15
三芝區,埔頭,,826,三芝區,舊小基隆,埔頭,69-2
三芝區,埔頭,,827,三芝區,舊小基隆,埔頭,69-28
三芝區,埔頭,,828,三芝區,舊小基隆,埔頭,69-29
三芝區,埔頭,,829,三芝區,舊小基隆,埔頭,69-25
三芝區,埔頭,,83,三芝區,舊小基隆,埔頭,55-1
三芝區,埔頭,,830,三芝區,舊小基隆,埔頭,70-2
三芝區,埔頭,,831,三芝區,舊小基隆,埔頭,80-2
三芝區,埔頭,,832,三芝區,舊小基隆,埔頭,80-3
三芝區,埔頭,,833,三芝區,舊小基隆,埔頭,80-22
三芝區,埔頭,,834,三芝區,舊小基隆,埔頭,80-5
三芝區,埔頭,,835,三芝區,舊小基隆,埔頭,80-23
三芝區,埔頭,,836,三芝區,舊小基隆,埔頭,80-7
三芝區,埔頭,,837,三芝區,舊小基隆,埔頭,80-15
三芝區,埔頭,,838,三芝區,舊小基隆,埔頭,89-2
三芝區,埔頭,,839,三芝區,舊小基隆,埔頭,89-1
三芝區,埔頭,,84,三芝區,舊小基隆,埔頭,55-3
三芝區,埔頭,,840,三芝區,舊小基隆,埔頭,89
三芝區,埔頭,,841,三芝區,舊小基隆,埔頭,88-3
三芝區,埔頭,,842,三芝區,舊小基隆,埔頭,88-4
三芝區,埔頭,,843,三芝區,舊小基隆,埔頭,88
三芝區,埔頭,,844,三芝區,舊小基隆,埔頭,90-4
三芝區,埔頭,,845,三芝區,舊小基隆,埔頭,90
三芝區,埔頭,,846,三芝區,舊小基隆,埔頭,88-1
三芝區,埔頭,,847,三芝區,舊小基隆,埔頭,87-2
三芝區,埔頭,,848,三芝區,舊小基隆,埔頭,87-1
三芝區,埔頭,,849,三芝區,舊小基隆,埔頭,87
三芝區,埔頭,,85,三芝區,舊小基隆,埔頭,54-2
三芝區,埔頭,,850,三芝區,舊小基隆,埔頭,91-6
三芝區,埔頭,,851,三芝區,舊小基隆,埔頭,86-18
三芝區,埔頭,,852,三芝區,舊小基隆,埔頭,86-14
三芝區,埔頭,,853,三芝區,舊小基隆,埔頭,86-31
三芝區,埔頭,,854,三芝區,舊小基隆,埔頭,86-4
三芝區,埔頭,,855,三芝區,舊小基隆,埔頭,84
三芝區,埔頭,,856,三芝區,舊小基隆,埔頭,84-5
三芝區,埔頭,,857,三芝區,舊小基隆,埔頭,84-7
三芝區,埔頭,,858,三芝區,舊小基隆,埔頭,84-6
三芝區,埔頭,,859,三芝區,舊小基隆,埔頭,84-2
三芝區,埔頭,,86,三芝區,舊小基隆,埔頭,54-1
三芝區,埔頭,,860,三芝區,舊小基隆,埔頭,84-4
三芝區,埔頭,,861,三芝區,舊小基隆,埔頭,84-3
三芝區,埔頭,,862,三芝區,舊小基隆,埔頭,77-14
三芝區,埔頭,,863,三芝區,舊小基隆,埔頭,94-4
三芝區,埔頭,,864,三芝區,舊小基隆,埔頭,91-49
三芝區,埔頭,,865,三芝區,舊小基隆,埔頭,91-14
三芝區,埔頭,,866,三芝區,舊小基隆,埔頭,91-13
三芝區,埔頭,,867,三芝區,舊小基隆,埔頭,91-12
三芝區,埔頭,,868,三芝區,舊小基隆,埔頭,90-1
三芝區,埔頭,,869,三芝區,舊小基隆,埔頭,90-2
三芝區,埔頭,,87,三芝區,舊小基隆,埔頭,54
三芝區,埔頭,,870,三芝區,舊小基隆,埔頭,90-3
三芝區,埔頭,,871,三芝區,舊小基隆,埔頭,91-7
三芝區,埔頭,,872,三芝區,舊小基隆,埔頭,91-21
三芝區,埔頭,,873,三芝區,舊小基隆,埔頭,91-9
三芝區,埔頭,,874,三芝區,舊小基隆,埔頭,86
三芝區,埔頭,,875,三芝區,舊小基隆,埔頭,86-30
三芝區,埔頭,,876,三芝區,舊小基隆,埔頭,86-3
三芝區,埔頭,,877,三芝區,舊小基隆,埔頭,86-5
三芝區,埔頭,,878,三芝區,舊小基隆,埔頭,86-22
三芝區,埔頭,,879,三芝區,舊小基隆,埔頭,86-23
三芝區,埔頭,,88,三芝區,舊小基隆,埔頭,54-3
三芝區,埔頭,,880,三芝區,舊小基隆,埔頭,86-6
三芝區,埔頭,,881,三芝區,舊小基隆,埔頭,86-13
三芝區,埔頭,,882,三芝區,舊小基隆,埔頭,86-8
三芝區,埔頭,,883,三芝區,舊小基隆,埔頭,86-28
三芝區,埔頭,,884,三芝區,舊小基隆,埔頭,86-12
三芝區,埔頭,,885,三芝區,舊小基隆,埔頭,86-24
三芝區,埔頭,,886,三芝區,舊小基隆,埔頭,86-11
三芝區,埔頭,,887,三芝區,舊小基隆,埔頭,86-27
三芝區,埔頭,,888,三芝區,舊小基隆,埔頭,91-40
三芝區,埔頭,,889,三芝區,舊小基隆,埔頭,91-22
三芝區,埔頭,,89,三芝區,舊小基隆,埔頭,54-4
三芝區,埔頭,,890,三芝區,舊小基隆,埔頭,86-32
三芝區,埔頭,,891,三芝區,舊小基隆,埔頭,86-17
三芝區,埔頭,,892,三芝區,舊小基隆,埔頭,86-21
三芝區,埔頭,,893,三芝區,舊小基隆,埔頭,86-2
三芝區,埔頭,,894,三芝區,舊小基隆,埔頭,86-25
三芝區,埔頭,,895,三芝區,舊小基隆,埔頭,86-1
三芝區,埔頭,,896,三芝區,舊小基隆,埔頭,86-16
三芝區,埔頭,,897,三芝區,舊小基隆,埔頭,99-2
三芝區,埔頭,,898,三芝區,舊小基隆,埔頭,100
三芝區,埔頭,,899,三芝區,舊小基隆,埔頭,101
三芝區,埔頭,,9,三芝區,舊小基隆,埔頭,63-4
三芝區,埔頭,,90,三芝區,舊小基隆,埔頭,53-4
三芝區,埔頭,,900,三芝區,舊小基隆,埔頭,100-2
三芝區,埔頭,,901,三芝區,舊小基隆,埔頭,99-3
三芝區,埔頭,,902,三芝區,舊小基隆,埔頭,102
三芝區,埔頭,,903,三芝區,舊小基隆,埔頭,101-1
三芝區,埔頭,,904,三芝區,舊小基隆,埔頭,103-13
三芝區,埔頭,,905,三芝區,舊小基隆,埔頭,103-45
三芝區,埔頭,,907,三芝區,舊小基隆,埔頭,103-32
三芝區,埔頭,,908,三芝區,舊小基隆,埔頭,103-31
三芝區,埔頭,,909,三芝區,舊小基隆,埔頭,99-7
三芝區,埔頭,,91,三芝區,舊小基隆,埔頭,53-2
三芝區,埔頭,,910,三芝區,舊小基隆,埔頭,103-20
三芝區,埔頭,,911,三芝區,舊小基隆,埔頭,103-6
三芝區,埔頭,,912,三芝區,舊小基隆,埔頭,103-5
三芝區,埔頭,,913,三芝區,舊小基隆,埔頭,103-26
三芝區,埔頭,,914,三芝區,舊小基隆,埔頭,103-25
三芝區,埔頭,,915,三芝區,舊小基隆,埔頭,103-24
三芝區,埔頭,,916,三芝區,舊小基隆,埔頭,103-23
三芝區,埔頭,,917,三芝區,舊小基隆,埔頭,103-22
三芝區,埔頭,,918,三芝區,舊小基隆,埔頭,103-21
三芝區,埔頭,,919,三芝區,舊小基隆,埔頭,103-42
三芝區,埔頭,,92,三芝區,舊小基隆,埔頭,53-3
三芝區,埔頭,,920,三芝區,舊小基隆,埔頭,103-2
三芝區,埔頭,,921,三芝區,舊小基隆,埔頭,103-49
三芝區,埔頭,,922,三芝區,舊小基隆,埔頭,103-33
三芝區,埔頭,,923,三芝區,舊小基隆,埔頭,103-37
三芝區,埔頭,,924,三芝區,舊小基隆,埔頭,103-34
三芝區,埔頭,,925,三芝區,舊小基隆,埔頭,103-29
三芝區,埔頭,,926,三芝區,舊小基隆,埔頭,103-30
三芝區,埔頭,,927,三芝區,舊小基隆,埔頭,105-4
三芝區,埔頭,,928,三芝區,舊小基隆,埔頭,104
三芝區,埔頭,,929,三芝區,舊小基隆,埔頭,103-28
三芝區,埔頭,,93,三芝區,舊小基隆,埔頭,53-1
三芝區,埔頭,,930,三芝區,舊小基隆,埔頭,103-35
三芝區,埔頭,,931,三芝區,舊小基隆,埔頭,103-36
三芝區,埔頭,,932,三芝區,舊小基隆,埔頭,103-27
三芝區,埔頭,,933,三芝區,舊小基隆,埔頭,105-6
三芝區,埔頭,,934,三芝區,舊小基隆,埔頭,103-48
三芝區,埔頭,,935,三芝區,舊小基隆,埔頭,103-1
三芝區,埔頭,,936,三芝區,舊小基隆,埔頭,103-43
三芝區,埔頭,,937,三芝區,舊小基隆,埔頭,103-44
三芝區,埔頭,,938,三芝區,舊小基隆,埔頭,103-47
三芝區,埔頭,,939,三芝區,舊小基隆,埔頭,103-14
三芝區,埔頭,,94,三芝區,舊小基隆,埔頭,73-4
三芝區,埔頭,,940,三芝區,舊小基隆,埔頭,103-46
三芝區,埔頭,,941,三芝區,舊小基隆,埔頭,105-5
三芝區,埔頭,,942,三芝區,舊小基隆,埔頭,103
三芝區,埔頭,,943,三芝區,舊小基隆,埔頭,103-38
三芝區,埔頭,,944,三芝區,舊小基隆,埔頭,103-39
三芝區,埔頭,,945,三芝區,舊小基隆,埔頭,103-50
三芝區,埔頭,,946,三芝區,舊小基隆,埔頭,103-40
三芝區,埔頭,,947,三芝區,舊小基隆,埔頭,103-51
三芝區,埔頭,,948,三芝區,舊小基隆,埔頭,103-41
三芝區,埔頭,,949,三芝區,舊小基隆,埔頭,103-53
三芝區,埔頭,,95,三芝區,舊小基隆,埔頭,53
三芝區,埔頭,,950,三芝區,舊小基隆,埔頭,103-52
三芝區,埔頭,,951,三芝區,舊小基隆,埔頭,103-54
三芝區,埔頭,,952,三芝區,舊小基隆,埔頭,210-4
三芝區,埔頭,,953,三芝區,舊小基隆,埔頭,105
三芝區,埔頭,,954,三芝區,舊小基隆,埔頭,104-1
三芝區,埔頭,,955,三芝區,舊小基隆,埔頭,105-25
三芝區,埔頭,,956,三芝區,舊小基隆,埔頭,103-7
三芝區,埔頭,,957,三芝區,舊小基隆,埔頭,105-26
三芝區,埔頭,,958,三芝區,舊小基隆,埔頭,105-27
三芝區,埔頭,,959,三芝區,舊小基隆,埔頭,103-8
三芝區,埔頭,,96,三芝區,舊小基隆,埔頭,51
三芝區,埔頭,,960,三芝區,舊小基隆,埔頭,103-9
三芝區,埔頭,,961,三芝區,舊小基隆,埔頭,103-10
三芝區,埔頭,,962,三芝區,舊小基隆,埔頭,103-17
三芝區,埔頭,,963,三芝區,舊小基隆,埔頭,198-12
三芝區,埔頭,,964,三芝區,舊小基隆,埔頭,103-16
三芝區,埔頭,,965,三芝區,舊小基隆,埔頭,198-5
三芝區,埔頭,,966,三芝區,舊小基隆,埔頭,206-6
三芝區,埔頭,,967,三芝區,舊小基隆,埔頭,207-6
三芝區,埔頭,,968,三芝區,舊小基隆,埔頭,207-5
三芝區,埔頭,,969,三芝區,舊小基隆,埔頭,207-1
三芝區,埔頭,,97,三芝區,舊小基隆,埔頭,51-1
三芝區,埔頭,,970,三芝區,舊小基隆,埔頭,206-2
三芝區,埔頭,,971,三芝區,舊小基隆,埔頭,207-2
三芝區,埔頭,,972,三芝區,舊小基隆,埔頭,207-7
三芝區,埔頭,,973,三芝區,舊小基隆,埔頭,207
三芝區,埔頭,,974,三芝區,舊小基隆,埔頭,206-1
三芝區,埔頭,,975,三芝區,舊小基隆,埔頭,206-10
三芝區,埔頭,,976,三芝區,舊小基隆,埔頭,206-9
三芝區,埔頭,,977,三芝區,舊小基隆,埔頭,206
三芝區,埔頭,,978,三芝區,舊小基隆,埔頭,205
三芝區,埔頭,,979,三芝區,舊小基隆,埔頭,205-1
三芝區,埔頭,,98,三芝區,舊小基隆,埔頭,74-4
三芝區,埔頭,,980,三芝區,舊小基隆,埔頭,204-20
三芝區,埔頭,,981,三芝區,舊小基隆,埔頭,204-18
三芝區,埔頭,,982,三芝區,舊小基隆,埔頭,204-27
三芝區,埔頭,,983,三芝區,舊小基隆,埔頭,204-25
三芝區,埔頭,,984,三芝區,舊小基隆,埔頭,204-24
三芝區,埔頭,,985,三芝區,舊小基隆,埔頭,204-5
三芝區,埔頭,,986,三芝區,舊小基隆,埔頭,208-1
三芝區,埔頭,,987,三芝區,舊小基隆,埔頭,204-10
三芝區,埔頭,,988,三芝區,舊小基隆,埔頭,211-2
三芝區,埔頭,,989,三芝區,舊小基隆,埔頭,211-3
三芝區,埔頭,,99,三芝區,舊小基隆,埔頭,74
三芝區,埔頭,,990,三芝區,舊小基隆,埔頭,204-15
三芝區,埔頭,,991,三芝區,舊小基隆,埔頭,211-5
三芝區,埔頭,,992,三芝區,舊小基隆,埔頭,211-4
三芝區,埔頭,,993,三芝區,舊小基隆,埔頭,211-6
三芝區,埔頭,,994,三芝區,舊小基隆,埔頭,204-23
三芝區,埔頭,,995,三芝區,舊小基隆,埔頭,204-22
三芝區,埔頭,,996,三芝區,舊小基隆,埔頭,204-21
三芝區,埔頭,,997,三芝區,舊小基隆,埔頭,204-9
三芝區,埔頭,,998,三芝區,舊小基隆,埔頭,223-2
三芝區,埔頭,,999,三芝區,舊小基隆,埔頭,223
三芝區,大坑,,1,三芝區,新小基隆,新庄子,31-1
三芝區,大坑,,10,三芝區,新小基隆,新庄子,33-47
三芝區,大坑,,100,三芝區,新小基隆,新庄子,62-4
三芝區,大坑,,1000,三芝區,新小基隆,大坑,204-1
三芝區,大坑,,1001,三芝區,新小基隆,大坑,204
三芝區,大坑,,1002,三芝區,新小基隆,大坑,205
三芝區,大坑,,1003,三芝區,新小基隆,大坑,205-1
三芝區,大坑,,1004,三芝區,新小基隆,大坑,206
三芝區,大坑,,1005,三芝區,新小基隆,大坑,210-1
三芝區,大坑,,1006,三芝區,新小基隆,大坑,207-1
三芝區,大坑,,1007,三芝區,新小基隆,大坑,207-2
三芝區,大坑,,1008,三芝區,新小基隆,大坑,207
三芝區,大坑,,1009,三芝區,新小基隆,大坑,207-3
三芝區,大坑,,101,三芝區,新小基隆,新庄子,62-12
三芝區,大坑,,1010,三芝區,新小基隆,大坑,212
三芝區,大坑,,1011,三芝區,新小基隆,大坑,210-3
三芝區,大坑,,1012,三芝區,新小基隆,大坑,210-2
三芝區,大坑,,1013,三芝區,新小基隆,大坑,211
三芝區,大坑,,1014,三芝區,新小基隆,大坑,210-4
三芝區,大坑,,1015,三芝區,新小基隆,大坑,209-1
三芝區,大坑,,1016,三芝區,新小基隆,大坑,209
三芝區,大坑,,1017,三芝區,新小基隆,大坑,226
三芝區,大坑,,1018,三芝區,新小基隆,大坑,223-1
三芝區,大坑,,1019,三芝區,新小基隆,大坑,223
三芝區,大坑,,102,三芝區,新小基隆,新庄子,43-20
三芝區,大坑,,1020,三芝區,新小基隆,大坑,208
三芝區,大坑,,1021,三芝區,新小基隆,大坑,210
三芝區,大坑,,1022,三芝區,新小基隆,大坑,213
三芝區,大坑,,1023,三芝區,新小基隆,大坑,214
三芝區,大坑,,1024,三芝區,新小基隆,大坑,215
三芝區,大坑,,1025,三芝區,新小基隆,大坑,195-8
三芝區,大坑,,1026,三芝區,新小基隆,大坑,217-2
三芝區,大坑,,1027,三芝區,新小基隆,大坑,218-1
三芝區,大坑,,1028,三芝區,新小基隆,大坑,218
三芝區,大坑,,1029,三芝區,新小基隆,大坑,219-1
三芝區,大坑,,103,三芝區,新小基隆,新庄子,62-5
三芝區,大坑,,1030,三芝區,新小基隆,大坑,217-1
三芝區,大坑,,1031,三芝區,新小基隆,大坑,215-1
三芝區,大坑,,1032,三芝區,新小基隆,大坑,216-1
三芝區,大坑,,1033,三芝區,新小基隆,大坑,216
三芝區,大坑,,1034,三芝區,新小基隆,大坑,219-2
三芝區,大坑,,1035,三芝區,新小基隆,大坑,219
三芝區,大坑,,1036,三芝區,新小基隆,大坑,220
三芝區,大坑,,1037,三芝區,新小基隆,大坑,252-13
三芝區,大坑,,1038,三芝區,新小基隆,大坑,221
三芝區,大坑,,1039,三芝區,新小基隆,大坑,222
三芝區,大坑,,104,三芝區,新小基隆,新庄子,43-5
三芝區,大坑,,1040,三芝區,新小基隆,大坑,222-1
三芝區,大坑,,1041,三芝區,新小基隆,大坑,223-2
三芝區,大坑,,1042,三芝區,新小基隆,大坑,222-2
三芝區,大坑,,1043,三芝區,新小基隆,大坑,237-2
三芝區,大坑,,1044,三芝區,新小基隆,大坑,236-1
三芝區,大坑,,1045,三芝區,新小基隆,大坑,236
三芝區,大坑,,1046,三芝區,新小基隆,大坑,235
三芝區,大坑,,1047,三芝區,新小基隆,大坑,224
三芝區,大坑,,1048,三芝區,新小基隆,大坑,225
三芝區,大坑,,1049,三芝區,新小基隆,大坑,231
三芝區,大坑,,105,三芝區,新小基隆,新庄子,43-16
三芝區,大坑,,1050,三芝區,新小基隆,大坑,234-4
三芝區,大坑,,1051,三芝區,新小基隆,大坑,233-2
三芝區,大坑,,1052,三芝區,新小基隆,大坑,233
三芝區,大坑,,1053,三芝區,新小基隆,大坑,232
三芝區,大坑,,1054,三芝區,新小基隆,大坑,229
三芝區,大坑,,1055,三芝區,新小基隆,大坑,227
三芝區,大坑,,1056,三芝區,新小基隆,大坑,228
三芝區,大坑,,1057,三芝區,新小基隆,大坑,234-3
三芝區,大坑,,1058,三芝區,新小基隆,大坑,234
三芝區,大坑,,1059,三芝區,新小基隆,大坑,52-1
三芝區,大坑,,106,三芝區,新小基隆,新庄子,43-2
三芝區,大坑,,1060,三芝區,新小基隆,大坑,51-1
三芝區,大坑,,1061,三芝區,新小基隆,大坑,47
三芝區,大坑,,1062,三芝區,新小基隆,大坑,50-1
三芝區,大坑,,1063,三芝區,新小基隆,大坑,53
三芝區,大坑,,1064,三芝區,新小基隆,大坑,49
三芝區,大坑,,1065,三芝區,新小基隆,大坑,48
三芝區,大坑,,1066,三芝區,新小基隆,大坑,59
三芝區,大坑,,1067,三芝區,新小基隆,大坑,50
三芝區,大坑,,1068,三芝區,新小基隆,大坑,59-1
三芝區,大坑,,1069,三芝區,新小基隆,大坑,59-2
三芝區,大坑,,107,三芝區,新小基隆,新庄子,43-21
三芝區,大坑,,1070,三芝區,新小基隆,大坑,60
三芝區,大坑,,1071,三芝區,新小基隆,大坑,58
三芝區,大坑,,1072,三芝區,新小基隆,大坑,56
三芝區,大坑,,1073,三芝區,新小基隆,大坑,57
三芝區,大坑,,1074,三芝區,新小基隆,大坑,55-1
三芝區,大坑,,1075,三芝區,新小基隆,大坑,55
三芝區,大坑,,1076,三芝區,新小基隆,大坑,54
三芝區,大坑,,1077,三芝區,新小基隆,大坑,54-1
三芝區,大坑,,1078,三芝區,新小基隆,大坑,93
三芝區,大坑,,1079,三芝區,新小基隆,大坑,95
三芝區,大坑,,108,三芝區,新小基隆,新庄子,43-22
三芝區,大坑,,1080,三芝區,新小基隆,大坑,94
三芝區,大坑,,1081,三芝區,新小基隆,大坑,92
三芝區,大坑,,1082,三芝區,新小基隆,大坑,92-9
三芝區,大坑,,1083,三芝區,新小基隆,大坑,91
三芝區,大坑,,1084,三芝區,新小基隆,大坑,90
三芝區,大坑,,1085,三芝區,新小基隆,大坑,60-1
三芝區,大坑,,1086,三芝區,新小基隆,大坑,56-1
三芝區,大坑,,1087,三芝區,新小基隆,大坑,56-2
三芝區,大坑,,1088,三芝區,新小基隆,大坑,60-2
三芝區,大坑,,1089,三芝區,新小基隆,大坑,61
三芝區,大坑,,109,三芝區,新小基隆,新庄子,62-9
三芝區,大坑,,1090,三芝區,新小基隆,大坑,62
三芝區,大坑,,1091,三芝區,新小基隆,大坑,68-1
三芝區,大坑,,1092,三芝區,新小基隆,大坑,68
三芝區,大坑,,1093,三芝區,新小基隆,大坑,67
三芝區,大坑,,1094,三芝區,新小基隆,大坑,69
三芝區,大坑,,1095,三芝區,新小基隆,大坑,64
三芝區,大坑,,1096,三芝區,新小基隆,大坑,65-2
三芝區,大坑,,1097,三芝區,新小基隆,大坑,65-3
三芝區,大坑,,1098,三芝區,新小基隆,大坑,85
三芝區,大坑,,1099,三芝區,新小基隆,大坑,85-1
三芝區,大坑,,11,三芝區,新小基隆,新庄子,33-42
三芝區,大坑,,110,三芝區,新小基隆,新庄子,43-10
三芝區,大坑,,1100,三芝區,新小基隆,大坑,85-2
三芝區,大坑,,1101,三芝區,新小基隆,大坑,84-9
三芝區,大坑,,1102,三芝區,新小基隆,大坑,86
三芝區,大坑,,1103,三芝區,新小基隆,大坑,87
三芝區,大坑,,1104,三芝區,新小基隆,大坑,88
三芝區,大坑,,1105,三芝區,新小基隆,大坑,92-2
三芝區,大坑,,1106,三芝區,新小基隆,大坑,65-1
三芝區,大坑,,1107,三芝區,新小基隆,大坑,65
三芝區,大坑,,1108,三芝區,新小基隆,大坑,89
三芝區,大坑,,1109,三芝區,新小基隆,大坑,89-1
三芝區,大坑,,111,三芝區,新小基隆,新庄子,43-11
三芝區,大坑,,1110,三芝區,新小基隆,大坑,92-7
三芝區,大坑,,1111,三芝區,新小基隆,大坑,92-8
三芝區,大坑,,1112,三芝區,新小基隆,大坑,92-6
三芝區,大坑,,1113,三芝區,新小基隆,大坑,92-17
三芝區,大坑,,1114,三芝區,新小基隆,大坑,84-10
三芝區,大坑,,1115,三芝區,新小基隆,大坑,84-11
三芝區,大坑,,1116,三芝區,新小基隆,大坑,100-1
三芝區,大坑,,1117,三芝區,新小基隆,大坑,102
三芝區,大坑,,1118,三芝區,新小基隆,大坑,101-2
三芝區,大坑,,1119,三芝區,新小基隆,大坑,101-1
三芝區,大坑,,112,三芝區,新小基隆,新庄子,43-25
三芝區,大坑,,1120,三芝區,新小基隆,大坑,99-6
三芝區,大坑,,1121,三芝區,新小基隆,大坑,100-3
三芝區,大坑,,1122,三芝區,新小基隆,大坑,100-2
三芝區,大坑,,1123,三芝區,新小基隆,大坑,99-7
三芝區,大坑,,1124,三芝區,新小基隆,大坑,99-2
三芝區,大坑,,1125,三芝區,新小基隆,大坑,105-1
三芝區,大坑,,1126,三芝區,新小基隆,大坑,105-2
三芝區,大坑,,1127,三芝區,新小基隆,大坑,106
三芝區,大坑,,1128,三芝區,新小基隆,大坑,99-5
三芝區,大坑,,1129,三芝區,新小基隆,大坑,99-4
三芝區,大坑,,113,三芝區,新小基隆,新庄子,43-12
三芝區,大坑,,1130,三芝區,新小基隆,大坑,99-3
三芝區,大坑,,1131,三芝區,新小基隆,大坑,99-1
三芝區,大坑,,1132,三芝區,新小基隆,大坑,92-10
三芝區,大坑,,1133,三芝區,新小基隆,大坑,96
三芝區,大坑,,1134,三芝區,新小基隆,大坑,92-11
三芝區,大坑,,1135,三芝區,新小基隆,大坑,92-13
三芝區,大坑,,1136,三芝區,新小基隆,大坑,92-1
三芝區,大坑,,1137,三芝區,新小基隆,大坑,92-4
三芝區,大坑,,1138,三芝區,新小基隆,大坑,92-16
三芝區,大坑,,1139,三芝區,新小基隆,大坑,92-15
三芝區,大坑,,114,三芝區,新小基隆,新庄子,43-6
三芝區,大坑,,1140,三芝區,新小基隆,大坑,92-3
三芝區,大坑,,1141,三芝區,新小基隆,大坑,92-14
三芝區,大坑,,1142,三芝區,新小基隆,大坑,98-1
三芝區,大坑,,1143,三芝區,新小基隆,大坑,98
三芝區,大坑,,1144,三芝區,新小基隆,大坑,97
三芝區,大坑,,1145,三芝區,新小基隆,大坑,98-2
三芝區,大坑,,1146,三芝區,新小基隆,大坑,92-5
三芝區,大坑,,1147,三芝區,新小基隆,大坑,245-2
三芝區,大坑,,1148,三芝區,新小基隆,大坑,245-1
三芝區,大坑,,1149,三芝區,新小基隆,大坑,245
三芝區,大坑,,115,三芝區,新小基隆,新庄子,41-5
三芝區,大坑,,1150,三芝區,新小基隆,大坑,244
三芝區,大坑,,1151,三芝區,新小基隆,大坑,243-2
三芝區,大坑,,1152,三芝區,新小基隆,大坑,243-1
三芝區,大坑,,1153,三芝區,新小基隆,大坑,243
三芝區,大坑,,1154,三芝區,新小基隆,大坑,234-1
三芝區,大坑,,1155,三芝區,新小基隆,大坑,239-5
三芝區,大坑,,1156,三芝區,新小基隆,大坑,239-4
三芝區,大坑,,1157,三芝區,新小基隆,大坑,234-2
三芝區,大坑,,1158,三芝區,新小基隆,大坑,239-3
三芝區,大坑,,1159,三芝區,新小基隆,大坑,239
三芝區,大坑,,116,三芝區,新小基隆,新庄子,41-2
三芝區,大坑,,1160,三芝區,新小基隆,大坑,242
三芝區,大坑,,1161,三芝區,新小基隆,大坑,246
三芝區,大坑,,1162,三芝區,新小基隆,大坑,241
三芝區,大坑,,1163,三芝區,新小基隆,大坑,240
三芝區,大坑,,1164,三芝區,新小基隆,大坑,247
三芝區,大坑,,1165,三芝區,新小基隆,大坑,240-1
三芝區,大坑,,1166,三芝區,新小基隆,大坑,239-6
三芝區,大坑,,1167,三芝區,新小基隆,大坑,239-2
三芝區,大坑,,1168,三芝區,新小基隆,大坑,239-1
三芝區,大坑,,1169,三芝區,新小基隆,大坑,252-6
三芝區,大坑,,117,三芝區,新小基隆,新庄子,40-10
三芝區,大坑,,1170,三芝區,新小基隆,大坑,252-17
三芝區,大坑,,1171,三芝區,新小基隆,大坑,252-1
三芝區,大坑,,1172,三芝區,新小基隆,大坑,252-3
三芝區,大坑,,1173,三芝區,新小基隆,大坑,252-7
三芝區,大坑,,1174,三芝區,新小基隆,大坑,252-47
三芝區,大坑,,1175,三芝區,新小基隆,大坑,252-46
三芝區,大坑,,1176,三芝區,新小基隆,大坑,252-43
三芝區,大坑,,1177,三芝區,新小基隆,大坑,252-42
三芝區,大坑,,1178,三芝區,新小基隆,大坑,252-16
三芝區,大坑,,1179,三芝區,新小基隆,大坑,252-15
三芝區,大坑,,118,三芝區,新小基隆,新庄子,41-3
三芝區,大坑,,1180,三芝區,新小基隆,大坑,252-14
三芝區,大坑,,1181,三芝區,新小基隆,大坑,252-28
三芝區,大坑,,1182,三芝區,新小基隆,大坑,252-11
三芝區,大坑,,1183,三芝區,新小基隆,大坑,238-1
三芝區,大坑,,1184,三芝區,新小基隆,大坑,238-3
三芝區,大坑,,1185,三芝區,新小基隆,大坑,238-2
三芝區,大坑,,1186,三芝區,新小基隆,大坑,238
三芝區,大坑,,1187,三芝區,新小基隆,大坑,237
三芝區,大坑,,1188,三芝區,新小基隆,大坑,237-1
三芝區,大坑,,1189,三芝區,新小基隆,大坑,252-53
三芝區,大坑,,119,三芝區,新小基隆,新庄子,41-6
三芝區,大坑,,1190,三芝區,新小基隆,大坑,252-52
三芝區,大坑,,1191,三芝區,新小基隆,大坑,252-54
三芝區,大坑,,1192,三芝區,新小基隆,大坑,252-12
三芝區,大坑,,1193,三芝區,新小基隆,大坑,252-30
三芝區,大坑,,1194,三芝區,新小基隆,大坑,252-41
三芝區,大坑,,1195,三芝區,新小基隆,大坑,252-10
三芝區,大坑,,1196,三芝區,新小基隆,大坑,252-40
三芝區,大坑,,1197,三芝區,新小基隆,大坑,248-1
三芝區,大坑,,1198,三芝區,新小基隆,大坑,248
三芝區,大坑,,1199,三芝區,新小基隆,大坑,250
三芝區,大坑,,12,三芝區,新小基隆,新庄子,33-21
三芝區,大坑,,120,三芝區,新小基隆,新庄子,42-1
三芝區,大坑,,1200,三芝區,新小基隆,大坑,249
三芝區,大坑,,1201,三芝區,新小基隆,大坑,250-1
三芝區,大坑,,1202,三芝區,新小基隆,大坑,252-38
三芝區,大坑,,1203,三芝區,新小基隆,大坑,251
三芝區,大坑,,1204,三芝區,新小基隆,大坑,252-35
三芝區,大坑,,1205,三芝區,新小基隆,大坑,252-36
三芝區,大坑,,1206,三芝區,新小基隆,大坑,252-2
三芝區,大坑,,1207,三芝區,新小基隆,大坑,252-49
三芝區,大坑,,1208,三芝區,新小基隆,大坑,252-48
三芝區,大坑,,1209,三芝區,新小基隆,大坑,252-50
三芝區,大坑,,121,三芝區,新小基隆,新庄子,41-7
三芝區,大坑,,1210,三芝區,新小基隆,大坑,252-51
三芝區,大坑,,1211,三芝區,新小基隆,大坑,252-19
三芝區,大坑,,1212,三芝區,新小基隆,大坑,261-1
三芝區,大坑,,1213,三芝區,新小基隆,大坑,252-18
三芝區,大坑,,1214,三芝區,新小基隆,大坑,261-2
三芝區,大坑,,1215,三芝區,新小基隆,大坑,252-21
三芝區,大坑,,1216,三芝區,新小基隆,大坑,261-5
三芝區,大坑,,1217,三芝區,新小基隆,大坑,252-20
三芝區,大坑,,1218,三芝區,新小基隆,大坑,253
三芝區,大坑,,1219,三芝區,新小基隆,大坑,252
三芝區,大坑,,122,三芝區,新小基隆,新庄子,41
三芝區,大坑,,1220,三芝區,新小基隆,大坑,254-1
三芝區,大坑,,1221,三芝區,新小基隆,大坑,254
三芝區,大坑,,1222,三芝區,新小基隆,大坑,257
三芝區,大坑,,1223,三芝區,新小基隆,大坑,255
三芝區,大坑,,1224,三芝區,新小基隆,大坑,256
三芝區,大坑,,1225,三芝區,新小基隆,大坑,105
三芝區,大坑,,1226,三芝區,新小基隆,大坑,103
三芝區,大坑,,1227,三芝區,新小基隆,大坑,104
三芝區,大坑,,1228,三芝區,新小基隆,大坑,84-8
三芝區,大坑,,1229,三芝區,新小基隆,大坑,84-7
三芝區,大坑,,123,三芝區,新小基隆,新庄子,42-2
三芝區,大坑,,1230,三芝區,新小基隆,大坑,84-20
三芝區,大坑,,1231,三芝區,新小基隆,大坑,107
三芝區,大坑,,1232,三芝區,新小基隆,大坑,107-1
三芝區,大坑,,1233,三芝區,新小基隆,大坑,108
三芝區,大坑,,1234,三芝區,新小基隆,大坑,108-1
三芝區,大坑,,1235,三芝區,新小基隆,大坑,109
三芝區,大坑,,1236,三芝區,新小基隆,大坑,110
三芝區,大坑,,1237,三芝區,新小基隆,大坑,84-13
三芝區,大坑,,1238,三芝區,新小基隆,大坑,84-19
三芝區,大坑,,1239,三芝區,新小基隆,大坑,84-15
三芝區,大坑,,124,三芝區,新小基隆,新庄子,42-4
三芝區,大坑,,1240,三芝區,新小基隆,大坑,84-6
三芝區,大坑,,1241,三芝區,新小基隆,大坑,84-21
三芝區,大坑,,1242,三芝區,新小基隆,大坑,84-14
三芝區,大坑,,1243,三芝區,新小基隆,大坑,84-16
三芝區,大坑,,1244,三芝區,新小基隆,大坑,84-5
三芝區,大坑,,1245,三芝區,新小基隆,大坑,111
三芝區,大坑,,1246,三芝區,新小基隆,大坑,84-17
三芝區,大坑,,1247,三芝區,新小基隆,大坑,84-4
三芝區,大坑,,1248,三芝區,新小基隆,大坑,70
三芝區,大坑,,1249,三芝區,新小基隆,大坑,71
三芝區,大坑,,125,三芝區,新小基隆,新庄子,43-7
三芝區,大坑,,1250,三芝區,新小基隆,大坑,72
三芝區,大坑,,1251,三芝區,新小基隆,大坑,73-2
三芝區,大坑,,1252,三芝區,新小基隆,大坑,75-1
三芝區,大坑,,1253,三芝區,新小基隆,大坑,75-2
三芝區,大坑,,1254,三芝區,新小基隆,大坑,73
三芝區,大坑,,1255,三芝區,新小基隆,大坑,73-1
三芝區,大坑,,1256,三芝區,新小基隆,大坑,84-18
三芝區,大坑,,1257,三芝區,新小基隆,大坑,84
三芝區,大坑,,1258,三芝區,新小基隆,大坑,76
三芝區,大坑,,1259,三芝區,新小基隆,大坑,76-1
三芝區,大坑,,126,三芝區,新小基隆,新庄子,42
三芝區,大坑,,1260,三芝區,新小基隆,大坑,75
三芝區,大坑,,1261,三芝區,新小基隆,大坑,74
三芝區,大坑,,1262,三芝區,新小基隆,大坑,73-4
三芝區,大坑,,1263,三芝區,新小基隆,大坑,73-3
三芝區,大坑,,1264,三芝區,新小基隆,大坑,74-1
三芝區,大坑,,1265,三芝區,新小基隆,大坑,78
三芝區,大坑,,1266,三芝區,新小基隆,大坑,77-1
三芝區,大坑,,1267,三芝區,新小基隆,大坑,78-3
三芝區,大坑,,1268,三芝區,新小基隆,大坑,77
三芝區,大坑,,1269,三芝區,新小基隆,大坑,83
三芝區,大坑,,127,三芝區,新小基隆,新庄子,42-5
三芝區,大坑,,1270,三芝區,新小基隆,大坑,82
三芝區,大坑,,1271,三芝區,新小基隆,大坑,82-1
三芝區,大坑,,1272,三芝區,新小基隆,大坑,81
三芝區,大坑,,1273,三芝區,新小基隆,大坑,79-3
三芝區,大坑,,1274,三芝區,新小基隆,大坑,79-4
三芝區,大坑,,1275,三芝區,新小基隆,大坑,79-5
三芝區,大坑,,1276,三芝區,新小基隆,大坑,79-2
三芝區,大坑,,1277,三芝區,新小基隆,大坑,79
三芝區,大坑,,1278,三芝區,新小基隆,大坑,79-1
三芝區,大坑,,1279,三芝區,新小基隆,大坑,78-1
三芝區,大坑,,128,三芝區,新小基隆,新庄子,42-6
三芝區,大坑,,1280,三芝區,新小基隆,大坑,80
三芝區,大坑,,1281,三芝區,新小基隆,大坑,78-5
三芝區,大坑,,1282,三芝區,新小基隆,大坑,78-6
三芝區,大坑,,1283,三芝區,新小基隆,大坑,78-7
三芝區,大坑,,1284,三芝區,新小基隆,大坑,78-2
三芝區,大坑,,1285,三芝區,新小基隆,大坑,319-6
三芝區,大坑,,1286,三芝區,新小基隆,大坑,320
三芝區,大坑,,1287,三芝區,新小基隆,大坑,319
三芝區,大坑,,1288,三芝區,新小基隆,大坑,319-3
三芝區,大坑,,1289,三芝區,新小基隆,大坑,319-2
三芝區,大坑,,129,三芝區,新小基隆,新庄子,63
三芝區,大坑,,1290,三芝區,新小基隆,大坑,317-2
三芝區,大坑,,1291,三芝區,新小基隆,大坑,319-1
三芝區,大坑,,1292,三芝區,新小基隆,大坑,317-1
三芝區,大坑,,1293,三芝區,新小基隆,大坑,309
三芝區,大坑,,1294,三芝區,新小基隆,大坑,310
三芝區,大坑,,1295,三芝區,新小基隆,大坑,317
三芝區,大坑,,1296,三芝區,新小基隆,大坑,311
三芝區,大坑,,1297,三芝區,新小基隆,大坑,319-4
三芝區,大坑,,1298,三芝區,新小基隆,大坑,319-7
三芝區,大坑,,1299,三芝區,新小基隆,大坑,319-5
三芝區,大坑,,13,三芝區,新小基隆,新庄子,33-39
三芝區,大坑,,130,三芝區,新小基隆,新庄子,38
三芝區,大坑,,1300,三芝區,新小基隆,大坑,319-8
三芝區,大坑,,1301,三芝區,新小基隆,大坑,318
三芝區,大坑,,1302,三芝區,新小基隆,大坑,318-1
三芝區,大坑,,1303,三芝區,新小基隆,大坑,126-1
三芝區,大坑,,1304,三芝區,新小基隆,大坑,312
三芝區,大坑,,1305,三芝區,新小基隆,大坑,313
三芝區,大坑,,1306,三芝區,新小基隆,大坑,314
三芝區,大坑,,1307,三芝區,新小基隆,大坑,315
三芝區,大坑,,1308,三芝區,新小基隆,大坑,316
三芝區,大坑,,1309,三芝區,新小基隆,大坑,316-2
三芝區,大坑,,131,三芝區,新小基隆,新庄子,64
三芝區,大坑,,1310,三芝區,新小基隆,大坑,316-1
三芝區,大坑,,1311,三芝區,新小基隆,大坑,316-3
三芝區,大坑,,1312,三芝區,新小基隆,大坑,316-4
三芝區,大坑,,1313,三芝區,新小基隆,大坑,316-5
三芝區,大坑,,1314,三芝區,新小基隆,大坑,123
三芝區,大坑,,1315,三芝區,新小基隆,大坑,123-4
三芝區,大坑,,1316,三芝區,新小基隆,大坑,123-6
三芝區,大坑,,1317,三芝區,新小基隆,大坑,123-3
三芝區,大坑,,1318,三芝區,新小基隆,大坑,123-7
三芝區,大坑,,1319,三芝區,新小基隆,大坑,125
三芝區,大坑,,132,三芝區,新小基隆,新庄子,40-3
三芝區,大坑,,1320,三芝區,新小基隆,大坑,124
三芝區,大坑,,1321,三芝區,新小基隆,大坑,319-9
三芝區,大坑,,1322,三芝區,新小基隆,大坑,81-1
三芝區,大坑,,1323,三芝區,新小基隆,大坑,122
三芝區,大坑,,1324,三芝區,新小基隆,大坑,122-2
三芝區,大坑,,1325,三芝區,新小基隆,大坑,122-1
三芝區,大坑,,1326,三芝區,新小基隆,大坑,84-12
三芝區,大坑,,1327,三芝區,新小基隆,大坑,84-2
三芝區,大坑,,1328,三芝區,新小基隆,大坑,121
三芝區,大坑,,1329,三芝區,新小基隆,大坑,120
三芝區,大坑,,133,三芝區,新小基隆,新庄子,40-2
三芝區,大坑,,1330,三芝區,新小基隆,大坑,84-1
三芝區,大坑,,1331,三芝區,新小基隆,大坑,118-2
三芝區,大坑,,1332,三芝區,新小基隆,大坑,119
三芝區,大坑,,1333,三芝區,新小基隆,大坑,118-1
三芝區,大坑,,1334,三芝區,新小基隆,大坑,118
三芝區,大坑,,1335,三芝區,新小基隆,大坑,84-3
三芝區,大坑,,1336,三芝區,新小基隆,大坑,113
三芝區,大坑,,1337,三芝區,新小基隆,大坑,114
三芝區,大坑,,1338,三芝區,新小基隆,大坑,115
三芝區,大坑,,1339,三芝區,新小基隆,大坑,117-1
三芝區,大坑,,134,三芝區,新小基隆,新庄子,33-1
三芝區,大坑,,1340,三芝區,新小基隆,大坑,117
三芝區,大坑,,1341,三芝區,新小基隆,大坑,112
三芝區,大坑,,1342,三芝區,新小基隆,大坑,259
三芝區,大坑,,1343,三芝區,新小基隆,大坑,252-34
三芝區,大坑,,1344,三芝區,新小基隆,大坑,258
三芝區,大坑,,1345,三芝區,新小基隆,大坑,252-33
三芝區,大坑,,1346,三芝區,新小基隆,大坑,252-22
三芝區,大坑,,1347,三芝區,新小基隆,大坑,116
三芝區,大坑,,1348,三芝區,新小基隆,大坑,260
三芝區,大坑,,1349,三芝區,新小基隆,大坑,265
三芝區,大坑,,135,三芝區,新小基隆,新庄子,39-1
三芝區,大坑,,1350,三芝區,新小基隆,大坑,261
三芝區,大坑,,1351,三芝區,新小基隆,大坑,261-4
三芝區,大坑,,1352,三芝區,新小基隆,大坑,263
三芝區,大坑,,1353,三芝區,新小基隆,大坑,252-32
三芝區,大坑,,1354,三芝區,新小基隆,大坑,262
三芝區,大坑,,1355,三芝區,新小基隆,大坑,264
三芝區,大坑,,1356,三芝區,新小基隆,大坑,252-37
三芝區,大坑,,1357,三芝區,新小基隆,大坑,252-23
三芝區,大坑,,1358,三芝區,新小基隆,大坑,261-3
三芝區,大坑,,1359,三芝區,新小基隆,大坑,266-4
三芝區,大坑,,136,三芝區,新小基隆,新庄子,35-1
三芝區,大坑,,1360,三芝區,新小基隆,大坑,266
三芝區,大坑,,1361,三芝區,新小基隆,大坑,252-24
三芝區,大坑,,1362,三芝區,新小基隆,大坑,252-4
三芝區,大坑,,1363,三芝區,新小基隆,大坑,252-31
三芝區,大坑,,1364,三芝區,新小基隆,大坑,266-1
三芝區,大坑,,1365,三芝區,新小基隆,大坑,266-5
三芝區,大坑,,1366,三芝區,新小基隆,大坑,252-39
三芝區,大坑,,1367,三芝區,新小基隆,大坑,266-3
三芝區,大坑,,1368,三芝區,新小基隆,大坑,266-2
三芝區,大坑,,1369,三芝區,新小基隆,大坑,252-25
三芝區,大坑,,137,三芝區,新小基隆,新庄子,33-6
三芝區,大坑,,1370,三芝區,新小基隆,大坑,267
三芝區,大坑,,1371,三芝區,新小基隆,大坑,270
三芝區,大坑,,1372,三芝區,新小基隆,大坑,269
三芝區,大坑,,1373,三芝區,新小基隆,大坑,268
三芝區,大坑,,1374,三芝區,新小基隆,大坑,268-1
三芝區,大坑,,1375,三芝區,新小基隆,大坑,134
三芝區,大坑,,1376,三芝區,新小基隆,大坑,135
三芝區,大坑,,1377,三芝區,新小基隆,大坑,134-1
三芝區,大坑,,1378,三芝區,新小基隆,大坑,134-2
三芝區,大坑,,1379,三芝區,新小基隆,大坑,133
三芝區,大坑,,138,三芝區,新小基隆,新庄子,34
三芝區,大坑,,1380,三芝區,新小基隆,大坑,132-1
三芝區,大坑,,1381,三芝區,新小基隆,大坑,132
三芝區,大坑,,1382,三芝區,新小基隆,大坑,128
三芝區,大坑,,1383,三芝區,新小基隆,大坑,128-1
三芝區,大坑,,1384,三芝區,新小基隆,大坑,131
三芝區,大坑,,1385,三芝區,新小基隆,大坑,129
三芝區,大坑,,1386,三芝區,新小基隆,大坑,130
三芝區,大坑,,1387,三芝區,新小基隆,大坑,127
三芝區,大坑,,1388,三芝區,新小基隆,大坑,137
三芝區,大坑,,1389,三芝區,新小基隆,大坑,140
三芝區,大坑,,139,三芝區,新小基隆,新庄子,33-7
三芝區,大坑,,1390,三芝區,新小基隆,大坑,137-2
三芝區,大坑,,1391,三芝區,新小基隆,大坑,142-1
三芝區,大坑,,1392,三芝區,新小基隆,大坑,142
三芝區,大坑,,1393,三芝區,新小基隆,大坑,141
三芝區,大坑,,1394,三芝區,新小基隆,大坑,138
三芝區,大坑,,1395,三芝區,新小基隆,大坑,145
三芝區,大坑,,1396,三芝區,新小基隆,大坑,149
三芝區,大坑,,1397,三芝區,新小基隆,大坑,149-1
三芝區,大坑,,1398,三芝區,新小基隆,大坑,149-2
三芝區,大坑,,1399,三芝區,新小基隆,大坑,148
三芝區,大坑,,14,三芝區,新小基隆,新庄子,33-9
三芝區,大坑,,140,三芝區,新小基隆,新庄子,33-15
三芝區,大坑,,1400,三芝區,新小基隆,大坑,150-2
三芝區,大坑,,1401,三芝區,新小基隆,大坑,148-1
三芝區,大坑,,1402,三芝區,新小基隆,大坑,150
三芝區,大坑,,1403,三芝區,新小基隆,大坑,151
三芝區,大坑,,1404,三芝區,新小基隆,大坑,152
三芝區,大坑,,1405,三芝區,新小基隆,大坑,150-1
三芝區,大坑,,1406,三芝區,新小基隆,大坑,308
三芝區,大坑,,1407,三芝區,新小基隆,大坑,306
三芝區,大坑,,1408,三芝區,新小基隆,大坑,307
三芝區,大坑,,1409,三芝區,新小基隆,大坑,143
三芝區,大坑,,141,三芝區,新小基隆,新庄子,33-19
三芝區,大坑,,1410,三芝區,新小基隆,大坑,305-1
三芝區,大坑,,1411,三芝區,新小基隆,大坑,305
三芝區,大坑,,1412,三芝區,新小基隆,大坑,304
三芝區,大坑,,1413,三芝區,新小基隆,大坑,303-1
三芝區,大坑,,1414,三芝區,新小基隆,大坑,303
三芝區,大坑,,1415,三芝區,新小基隆,大坑,144
三芝區,大坑,,1416,三芝區,新小基隆,大坑,301
三芝區,大坑,,1417,三芝區,新小基隆,大坑,302
三芝區,大坑,,1418,三芝區,新小基隆,大坑,300
三芝區,大坑,,1419,三芝區,新小基隆,大坑,299
三芝區,大坑,,142,三芝區,新小基隆,新庄子,33-25
三芝區,大坑,,1420,三芝區,新小基隆,大坑,298
三芝區,大坑,,1421,三芝區,新小基隆,大坑,297
三芝區,大坑,,1422,三芝區,新小基隆,大坑,146
三芝區,大坑,,1423,三芝區,新小基隆,大坑,146-1
三芝區,大坑,,1424,三芝區,新小基隆,大坑,296
三芝區,大坑,,1425,三芝區,新小基隆,大坑,147
三芝區,大坑,,1426,三芝區,新小基隆,大坑,158-2
三芝區,大坑,,1427,三芝區,新小基隆,大坑,158-1
三芝區,大坑,,1428,三芝區,新小基隆,大坑,295
三芝區,大坑,,1429,三芝區,新小基隆,大坑,157
三芝區,大坑,,143,三芝區,新小基隆,新庄子,33-20
三芝區,大坑,,1430,三芝區,新小基隆,大坑,158
三芝區,大坑,,1431,三芝區,新小基隆,大坑,154
三芝區,大坑,,1432,三芝區,新小基隆,大坑,156
三芝區,大坑,,1433,三芝區,新小基隆,大坑,153-1
三芝區,大坑,,1434,三芝區,新小基隆,大坑,153
三芝區,大坑,,1435,三芝區,新小基隆,大坑,252-9
三芝區,大坑,,1436,三芝區,新小基隆,大坑,252-27
三芝區,大坑,,1437,三芝區,新小基隆,大坑,272
三芝區,大坑,,1438,三芝區,新小基隆,大坑,272-1
三芝區,大坑,,1439,三芝區,新小基隆,大坑,252-26
三芝區,大坑,,144,三芝區,新小基隆,新庄子,33-24
三芝區,大坑,,1440,三芝區,新小基隆,大坑,271
三芝區,大坑,,1441,三芝區,新小基隆,大坑,252-8
三芝區,大坑,,1442,三芝區,新小基隆,大坑,271-1
三芝區,大坑,,1443,三芝區,新小基隆,大坑,293
三芝區,大坑,,1444,三芝區,新小基隆,大坑,293-1
三芝區,大坑,,1445,三芝區,新小基隆,大坑,271-2
三芝區,大坑,,1446,三芝區,新小基隆,大坑,287
三芝區,大坑,,1447,三芝區,新小基隆,大坑,271-3
三芝區,大坑,,1448,三芝區,新小基隆,大坑,280-1
三芝區,大坑,,1449,三芝區,新小基隆,大坑,280-7
三芝區,大坑,,145,三芝區,新小基隆,新庄子,33-23
三芝區,大坑,,1450,三芝區,新小基隆,大坑,280-8
三芝區,大坑,,1451,三芝區,新小基隆,大坑,280-6
三芝區,大坑,,1452,三芝區,新小基隆,大坑,272-2
三芝區,大坑,,1453,三芝區,新小基隆,大坑,274
三芝區,大坑,,1454,三芝區,新小基隆,大坑,273
三芝區,大坑,,1455,三芝區,新小基隆,大坑,275
三芝區,大坑,,1456,三芝區,新小基隆,大坑,275-1
三芝區,大坑,,1457,三芝區,新小基隆,大坑,276
三芝區,大坑,,1458,三芝區,新小基隆,大坑,277
三芝區,大坑,,1459,三芝區,新小基隆,大坑,277-3
三芝區,大坑,,146,三芝區,新小基隆,新庄子,33-26
三芝區,大坑,,1460,三芝區,新小基隆,大坑,277-1
三芝區,大坑,,1461,三芝區,新小基隆,大坑,277-2
三芝區,大坑,,1462,三芝區,新小基隆,大坑,278
三芝區,大坑,,1463,三芝區,新小基隆,大坑,278-1
三芝區,大坑,,1464,三芝區,新小基隆,大坑,279
三芝區,大坑,,1465,三芝區,新小基隆,大坑,279-1
三芝區,大坑,,1466,三芝區,新小基隆,大坑,288
三芝區,大坑,,1467,三芝區,新小基隆,大坑,282
三芝區,大坑,,1468,三芝區,新小基隆,大坑,163-4
三芝區,大坑,,1469,三芝區,新小基隆,大坑,282-1
三芝區,大坑,,147,三芝區,新小基隆,新庄子,33-27
三芝區,大坑,,1470,三芝區,新小基隆,大坑,283
三芝區,大坑,,1471,三芝區,新小基隆,大坑,286
三芝區,大坑,,1472,三芝區,新小基隆,大坑,284
三芝區,大坑,,1473,三芝區,新小基隆,大坑,284-1
三芝區,大坑,,1474,三芝區,新小基隆,大坑,285
三芝區,大坑,,1475,三芝區,新小基隆,大坑,289
三芝區,大坑,,1476,三芝區,新小基隆,大坑,156-1
三芝區,大坑,,1477,三芝區,新小基隆,大坑,159-2
三芝區,大坑,,1478,三芝區,新小基隆,大坑,159
三芝區,大坑,,1479,三芝區,新小基隆,大坑,159-1
三芝區,大坑,,148,三芝區,新小基隆,新庄子,33-28
三芝區,大坑,,1480,三芝區,新小基隆,大坑,160
三芝區,大坑,,1481,三芝區,新小基隆,大坑,295-2
三芝區,大坑,,1482,三芝區,新小基隆,大坑,161
三芝區,大坑,,1483,三芝區,新小基隆,大坑,295-1
三芝區,大坑,,1484,三芝區,新小基隆,大坑,162
三芝區,大坑,,1485,三芝區,新小基隆,大坑,295-3
三芝區,大坑,,1486,三芝區,新小基隆,大坑,295-4
三芝區,大坑,,1487,三芝區,新小基隆,大坑,295-6
三芝區,大坑,,1488,三芝區,新小基隆,大坑,295-5
三芝區,大坑,,1489,三芝區,新小基隆,大坑,294
三芝區,大坑,,149,三芝區,新小基隆,新庄子,33-18
三芝區,大坑,,1490,三芝區,新小基隆,大坑,294-1
三芝區,大坑,,1491,三芝區,新小基隆,大坑,294-2
三芝區,大坑,,1492,三芝區,新小基隆,大坑,290-5
三芝區,大坑,,1493,三芝區,新小基隆,大坑,290-4
三芝區,大坑,,1494,三芝區,新小基隆,大坑,290-1
三芝區,大坑,,1495,三芝區,新小基隆,大坑,290-2
三芝區,大坑,,1496,三芝區,新小基隆,大坑,163
三芝區,大坑,,1497,三芝區,新小基隆,大坑,292
三芝區,大坑,,1498,三芝區,新小基隆,大坑,163-1
三芝區,大坑,,1499,三芝區,新小基隆,大坑,290-3
三芝區,大坑,,15,三芝區,新小基隆,新庄子,33-10
三芝區,大坑,,150,三芝區,新小基隆,新庄子,67-2
三芝區,大坑,,1500,三芝區,新小基隆,大坑,163-2
三芝區,大坑,,1501,三芝區,新小基隆,大坑,291
三芝區,大坑,,1502,三芝區,新小基隆,大坑,290
三芝區,大坑,,1503,三芝區,新小基隆,大坑,163-3
三芝區,大坑,,1504,三芝區,新小基隆,大坑,163-7
三芝區,大坑,,1505,三芝區,新小基隆,大坑,163-10
三芝區,大坑,,1506,三芝區,新小基隆,大坑,163-9
三芝區,大坑,,1507,三芝區,新小基隆,大坑,163-5
三芝區,大坑,,1508,三芝區,新小基隆,大坑,280-4
三芝區,大坑,,1509,三芝區,新小基隆,大坑,280-2
三芝區,大坑,,151,三芝區,新小基隆,新庄子,67-1
三芝區,大坑,,1510,三芝區,新小基隆,大坑,163-6
三芝區,大坑,,1511,三芝區,新小基隆,大坑,163-8
三芝區,大坑,,1512,三芝區,新小基隆,大坑,280-5
三芝區,大坑,,1513,三芝區,新小基隆,大坑,281
三芝區,大坑,,1514,三芝區,新小基隆,大坑,280-3
三芝區,大坑,,1515,三芝區,新小基隆,大坑,281-2
三芝區,大坑,,1516,三芝區,新小基隆,大坑,281-1
三芝區,大坑,,1517,三芝區,新小基隆,大坑,288-1
三芝區,大坑,,1518,三芝區,新小基隆,大坑,293-2
三芝區,大坑,,1519,三芝區,新小基隆,大坑,123-5
三芝區,大坑,,152,三芝區,新小基隆,新庄子,67-3
三芝區,大坑,,1520,三芝區,新小基隆,大坑,126
三芝區,大坑,,1521,三芝區,新小基隆,大坑,126-2
三芝區,大坑,,1522,三芝區,新小基隆,大坑,70-1
三芝區,大坑,,1523,三芝區,新小基隆,新庄子,43-18
三芝區,大坑,,1524,三芝區,新小基隆,新庄子,140-21
三芝區,大坑,,1525,三芝區,新小基隆,新庄子,140-20
三芝區,大坑,,1526,三芝區,新小基隆,新庄子,140-19
三芝區,大坑,,1527,三芝區,新小基隆,新庄子,56-14
三芝區,大坑,,1528,三芝區,新小基隆,新庄子,69
三芝區,大坑,,153,三芝區,新小基隆,新庄子,66
三芝區,大坑,,154,三芝區,新小基隆,新庄子,67-4
三芝區,大坑,,155,三芝區,新小基隆,新庄子,67
三芝區,大坑,,156,三芝區,新小基隆,新庄子,68
三芝區,大坑,,157,三芝區,新小基隆,新庄子,71
三芝區,大坑,,158,三芝區,新小基隆,新庄子,70
三芝區,大坑,,159,三芝區,新小基隆,新庄子,70-1
三芝區,大坑,,16,三芝區,新小基隆,新庄子,33-44
三芝區,大坑,,160,三芝區,新小基隆,新庄子,70-3
三芝區,大坑,,161,三芝區,新小基隆,新庄子,70-4
三芝區,大坑,,162,三芝區,新小基隆,新庄子,70-5
三芝區,大坑,,163,三芝區,新小基隆,新庄子,72-1
三芝區,大坑,,164,三芝區,新小基隆,新庄子,73-1
三芝區,大坑,,165,三芝區,新小基隆,新庄子,72-3
三芝區,大坑,,166,三芝區,新小基隆,新庄子,72-2
三芝區,大坑,,167,三芝區,新小基隆,新庄子,70-2
三芝區,大坑,,168,三芝區,新小基隆,新庄子,100
三芝區,大坑,,169,三芝區,新小基隆,新庄子,100-1
三芝區,大坑,,17,三芝區,新小基隆,新庄子,33-12
三芝區,大坑,,170,三芝區,新小基隆,新庄子,99-4
三芝區,大坑,,171,三芝區,新小基隆,新庄子,99-3
三芝區,大坑,,172,三芝區,新小基隆,新庄子,97-1
三芝區,大坑,,173,三芝區,新小基隆,新庄子,97
三芝區,大坑,,174,三芝區,新小基隆,新庄子,95
三芝區,大坑,,175,三芝區,新小基隆,新庄子,95-1
三芝區,大坑,,176,三芝區,新小基隆,新庄子,96-1
三芝區,大坑,,177,三芝區,新小基隆,新庄子,96
三芝區,大坑,,178,三芝區,新小基隆,新庄子,96-3
三芝區,大坑,,179,三芝區,新小基隆,新庄子,98
三芝區,大坑,,18,三芝區,新小基隆,新庄子,33-40
三芝區,大坑,,180,三芝區,新小基隆,新庄子,92-3
三芝區,大坑,,181,三芝區,新小基隆,新庄子,92-4
三芝區,大坑,,182,三芝區,新小基隆,新庄子,94-2
三芝區,大坑,,183,三芝區,新小基隆,新庄子,92-6
三芝區,大坑,,184,三芝區,新小基隆,新庄子,92-5
三芝區,大坑,,185,三芝區,新小基隆,新庄子,94
三芝區,大坑,,186,三芝區,新小基隆,新庄子,93-3
三芝區,大坑,,187,三芝區,新小基隆,新庄子,93-2
三芝區,大坑,,188,三芝區,新小基隆,新庄子,93
三芝區,大坑,,189,三芝區,新小基隆,新庄子,93-1
三芝區,大坑,,19,三芝區,新小基隆,新庄子,33-50
三芝區,大坑,,190,三芝區,新小基隆,新庄子,94-1
三芝區,大坑,,191,三芝區,新小基隆,新庄子,92-1
三芝區,大坑,,192,三芝區,新小基隆,新庄子,90-2
三芝區,大坑,,193,三芝區,新小基隆,新庄子,72
三芝區,大坑,,194,三芝區,新小基隆,新庄子,73-8
三芝區,大坑,,195,三芝區,新小基隆,新庄子,73-9
三芝區,大坑,,196,三芝區,新小基隆,新庄子,73-5
三芝區,大坑,,197,三芝區,新小基隆,新庄子,73-4
三芝區,大坑,,198,三芝區,新小基隆,新庄子,73-3
三芝區,大坑,,199,三芝區,新小基隆,新庄子,73
三芝區,大坑,,2,三芝區,新小基隆,新庄子,33-8
三芝區,大坑,,20,三芝區,新小基隆,新庄子,33-48
三芝區,大坑,,200,三芝區,新小基隆,新庄子,73-6
三芝區,大坑,,201,三芝區,新小基隆,新庄子,73-7
三芝區,大坑,,202,三芝區,新小基隆,新庄子,90-1
三芝區,大坑,,203,三芝區,新小基隆,新庄子,90-4
三芝區,大坑,,204,三芝區,新小基隆,新庄子,90-3
三芝區,大坑,,205,三芝區,新小基隆,新庄子,90
三芝區,大坑,,206,三芝區,新小基隆,新庄子,92
三芝區,大坑,,207,三芝區,新小基隆,新庄子,91-7
三芝區,大坑,,208,三芝區,新小基隆,新庄子,91-14
三芝區,大坑,,209,三芝區,新小基隆,新庄子,90-5
三芝區,大坑,,21,三芝區,新小基隆,新庄子,33-49
三芝區,大坑,,210,三芝區,新小基隆,新庄子,73-2
三芝區,大坑,,211,三芝區,新小基隆,新庄子,63-1
三芝區,大坑,,212,三芝區,新小基隆,新庄子,74-1
三芝區,大坑,,213,三芝區,新小基隆,新庄子,62-8
三芝區,大坑,,214,三芝區,新小基隆,新庄子,62-7
三芝區,大坑,,215,三芝區,新小基隆,新庄子,88-1
三芝區,大坑,,216,三芝區,新小基隆,新庄子,74
三芝區,大坑,,217,三芝區,新小基隆,新庄子,75
三芝區,大坑,,218,三芝區,新小基隆,新庄子,76
三芝區,大坑,,219,三芝區,新小基隆,新庄子,43-24
三芝區,大坑,,22,三芝區,新小基隆,新庄子,33-46
三芝區,大坑,,220,三芝區,新小基隆,新庄子,43-23
三芝區,大坑,,221,三芝區,新小基隆,新庄子,61
三芝區,大坑,,222,三芝區,新小基隆,新庄子,56-3
三芝區,大坑,,223,三芝區,新小基隆,新庄子,77
三芝區,大坑,,224,三芝區,新小基隆,新庄子,78
三芝區,大坑,,225,三芝區,新小基隆,新庄子,82
三芝區,大坑,,226,三芝區,新小基隆,新庄子,60
三芝區,大坑,,227,三芝區,新小基隆,新庄子,58
三芝區,大坑,,228,三芝區,新小基隆,新庄子,59
三芝區,大坑,,229,三芝區,新小基隆,新庄子,57
三芝區,大坑,,23,三芝區,新小基隆,新庄子,33-14
三芝區,大坑,,230,三芝區,新小基隆,新庄子,56-13
三芝區,大坑,,231,三芝區,新小基隆,新庄子,144-7
三芝區,大坑,,232,三芝區,新小基隆,新庄子,144-6
三芝區,大坑,,233,三芝區,新小基隆,新庄子,56-8
三芝區,大坑,,234,三芝區,新小基隆,新庄子,56-9
三芝區,大坑,,235,三芝區,新小基隆,新庄子,56-17
三芝區,大坑,,236,三芝區,新小基隆,新庄子,53-3
三芝區,大坑,,237,三芝區,新小基隆,新庄子,56-7
三芝區,大坑,,238,三芝區,新小基隆,新庄子,56-1
三芝區,大坑,,239,三芝區,新小基隆,新庄子,56-6
三芝區,大坑,,24,三芝區,新小基隆,新庄子,33-22
三芝區,大坑,,240,三芝區,新小基隆,新庄子,56-18
三芝區,大坑,,241,三芝區,新小基隆,新庄子,56-19
三芝區,大坑,,242,三芝區,新小基隆,新庄子,53-2
三芝區,大坑,,243,三芝區,新小基隆,新庄子,53-1
三芝區,大坑,,244,三芝區,新小基隆,新庄子,57-2
三芝區,大坑,,245,三芝區,新小基隆,新庄子,57-1
三芝區,大坑,,246,三芝區,新小基隆,新庄子,145-1
三芝區,大坑,,247,三芝區,新小基隆,新庄子,144-2
三芝區,大坑,,248,三芝區,新小基隆,新庄子,144-10
三芝區,大坑,,249,三芝區,新小基隆,新庄子,144-11
三芝區,大坑,,25,三芝區,新小基隆,新庄子,33-29
三芝區,大坑,,250,三芝區,新小基隆,新庄子,144
三芝區,大坑,,251,三芝區,新小基隆,新庄子,144-12
三芝區,大坑,,252,三芝區,新小基隆,新庄子,138-11
三芝區,大坑,,253,三芝區,新小基隆,新庄子,138-10
三芝區,大坑,,254,三芝區,新小基隆,新庄子,144-5
三芝區,大坑,,255,三芝區,新小基隆,新庄子,144-9
三芝區,大坑,,256,三芝區,新小基隆,新庄子,144-8
三芝區,大坑,,257,三芝區,新小基隆,新庄子,142-2
三芝區,大坑,,258,三芝區,新小基隆,新庄子,147-1
三芝區,大坑,,259,三芝區,新小基隆,新庄子,144-13
三芝區,大坑,,26,三芝區,新小基隆,新庄子,33-2
三芝區,大坑,,260,三芝區,新小基隆,新庄子,144-14
三芝區,大坑,,261,三芝區,新小基隆,新庄子,144-3
三芝區,大坑,,262,三芝區,新小基隆,新庄子,144-4
三芝區,大坑,,263,三芝區,新小基隆,新庄子,56-22
三芝區,大坑,,264,三芝區,新小基隆,新庄子,144-15
三芝區,大坑,,265,三芝區,新小基隆,新庄子,144-1
三芝區,大坑,,266,三芝區,新小基隆,新庄子,143
三芝區,大坑,,267,三芝區,新小基隆,新庄子,142-1
三芝區,大坑,,268,三芝區,新小基隆,新庄子,142-3
三芝區,大坑,,269,三芝區,新小基隆,新庄子,148-24
三芝區,大坑,,27,三芝區,新小基隆,新庄子,33-31
三芝區,大坑,,270,三芝區,新小基隆,新庄子,148-18
三芝區,大坑,,271,三芝區,新小基隆,新庄子,148-14
三芝區,大坑,,272,三芝區,新小基隆,新庄子,148-17
三芝區,大坑,,273,三芝區,新小基隆,新庄子,148-19
三芝區,大坑,,274,三芝區,新小基隆,新庄子,148-20
三芝區,大坑,,275,三芝區,新小基隆,新庄子,148-15
三芝區,大坑,,276,三芝區,新小基隆,新庄子,148-8
三芝區,大坑,,277,三芝區,新小基隆,新庄子,142
三芝區,大坑,,278,三芝區,新小基隆,新庄子,148-6
三芝區,大坑,,279,三芝區,新小基隆,新庄子,148-7
三芝區,大坑,,28,三芝區,新小基隆,新庄子,33-32
三芝區,大坑,,280,三芝區,新小基隆,新庄子,148-1
三芝區,大坑,,281,三芝區,新小基隆,新庄子,148-9
三芝區,大坑,,282,三芝區,新小基隆,新庄子,148-23
三芝區,大坑,,283,三芝區,新小基隆,新庄子,148-22
三芝區,大坑,,284,三芝區,新小基隆,新庄子,141-18
三芝區,大坑,,285,三芝區,新小基隆,新庄子,148-16
三芝區,大坑,,286,三芝區,新小基隆,新庄子,217-3
三芝區,大坑,,287,三芝區,新小基隆,新庄子,217-1
三芝區,大坑,,288,三芝區,新小基隆,新庄子,213-23
三芝區,大坑,,289,三芝區,新小基隆,新庄子,213-19
三芝區,大坑,,29,三芝區,新小基隆,新庄子,33-33
三芝區,大坑,,290,三芝區,新小基隆,新庄子,141-6
三芝區,大坑,,291,三芝區,新小基隆,新庄子,141-12
三芝區,大坑,,292,三芝區,新小基隆,新庄子,148-5
三芝區,大坑,,293,三芝區,新小基隆,新庄子,141-16
三芝區,大坑,,294,三芝區,新小基隆,新庄子,141-13
三芝區,大坑,,295,三芝區,新小基隆,新庄子,217
三芝區,大坑,,296,三芝區,新小基隆,新庄子,213-20
三芝區,大坑,,297,三芝區,新小基隆,新庄子,141-17
三芝區,大坑,,298,三芝區,新小基隆,新庄子,141-15
三芝區,大坑,,299,三芝區,新小基隆,新庄子,141-23
三芝區,大坑,,3,三芝區,新小基隆,新庄子,31-3
三芝區,大坑,,30,三芝區,新小基隆,新庄子,33-34
三芝區,大坑,,300,三芝區,新小基隆,新庄子,141-24
三芝區,大坑,,301,三芝區,新小基隆,新庄子,141-7
三芝區,大坑,,302,三芝區,新小基隆,新庄子,140-15
三芝區,大坑,,303,三芝區,新小基隆,新庄子,141-9
三芝區,大坑,,304,三芝區,新小基隆,新庄子,141-21
三芝區,大坑,,305,三芝區,新小基隆,新庄子,141-3
三芝區,大坑,,306,三芝區,新小基隆,新庄子,141-8
三芝區,大坑,,307,三芝區,新小基隆,新庄子,141-19
三芝區,大坑,,308,三芝區,新小基隆,新庄子,140-26
三芝區,大坑,,309,三芝區,新小基隆,新庄子,140-13
三芝區,大坑,,31,三芝區,新小基隆,新庄子,33-35
三芝區,大坑,,310,三芝區,新小基隆,新庄子,140-27
三芝區,大坑,,311,三芝區,新小基隆,新庄子,140-11
三芝區,大坑,,312,三芝區,新小基隆,新庄子,140-25
三芝區,大坑,,313,三芝區,新小基隆,新庄子,141-22
三芝區,大坑,,314,三芝區,新小基隆,新庄子,141-11
三芝區,大坑,,315,三芝區,新小基隆,新庄子,141-20
三芝區,大坑,,316,三芝區,新小基隆,新庄子,141-1
三芝區,大坑,,317,三芝區,新小基隆,新庄子,141-5
三芝區,大坑,,318,三芝區,新小基隆,新庄子,141-10
三芝區,大坑,,319,三芝區,新小基隆,新庄子,141-4
三芝區,大坑,,32,三芝區,新小基隆,新庄子,33-37
三芝區,大坑,,320,三芝區,新小基隆,新庄子,140-10
三芝區,大坑,,321,三芝區,新小基隆,新庄子,140-1
三芝區,大坑,,322,三芝區,新小基隆,新庄子,140-24
三芝區,大坑,,323,三芝區,新小基隆,新庄子,140-3
三芝區,大坑,,324,三芝區,新小基隆,新庄子,140-22
三芝區,大坑,,325,三芝區,新小基隆,新庄子,140-8
三芝區,大坑,,326,三芝區,新小基隆,新庄子,140-9
三芝區,大坑,,327,三芝區,新小基隆,新庄子,138-7
三芝區,大坑,,328,三芝區,新小基隆,新庄子,138-13
三芝區,大坑,,329,三芝區,新小基隆,新庄子,140-23
三芝區,大坑,,33,三芝區,新小基隆,新庄子,33-36
三芝區,大坑,,330,三芝區,新小基隆,新庄子,140-4
三芝區,大坑,,331,三芝區,新小基隆,新庄子,138-4
三芝區,大坑,,332,三芝區,新小基隆,新庄子,140-14
三芝區,大坑,,333,三芝區,新小基隆,新庄子,140-5
三芝區,大坑,,334,三芝區,新小基隆,新庄子,139
三芝區,大坑,,335,三芝區,新小基隆,新庄子,138-6
三芝區,大坑,,336,三芝區,新小基隆,新庄子,138-5
三芝區,大坑,,337,三芝區,新小基隆,新庄子,56-12
三芝區,大坑,,338,三芝區,新小基隆,新庄子,138-3
三芝區,大坑,,339,三芝區,新小基隆,新庄子,138-9
三芝區,大坑,,34,三芝區,新小基隆,新庄子,33-16
三芝區,大坑,,340,三芝區,新小基隆,新庄子,138-12
三芝區,大坑,,341,三芝區,新小基隆,新庄子,138-2
三芝區,大坑,,342,三芝區,新小基隆,新庄子,138
三芝區,大坑,,343,三芝區,新小基隆,新庄子,137-4
三芝區,大坑,,344,三芝區,新小基隆,新庄子,137
三芝區,大坑,,345,三芝區,新小基隆,新庄子,137-6
三芝區,大坑,,346,三芝區,新小基隆,新庄子,138-8
三芝區,大坑,,347,三芝區,新小基隆,新庄子,82-15
三芝區,大坑,,348,三芝區,新小基隆,新庄子,137-1
三芝區,大坑,,349,三芝區,新小基隆,新庄子,137-2
三芝區,大坑,,35,三芝區,新小基隆,新庄子,37-26
三芝區,大坑,,350,三芝區,新小基隆,新庄子,82-2
三芝區,大坑,,351,三芝區,新小基隆,新庄子,81
三芝區,大坑,,352,三芝區,新小基隆,新庄子,80
三芝區,大坑,,353,三芝區,新小基隆,新庄子,82-6
三芝區,大坑,,354,三芝區,新小基隆,新庄子,79-1
三芝區,大坑,,355,三芝區,新小基隆,新庄子,79
三芝區,大坑,,356,三芝區,新小基隆,新庄子,82-10
三芝區,大坑,,357,三芝區,新小基隆,新庄子,82-1
三芝區,大坑,,358,三芝區,新小基隆,新庄子,82-9
三芝區,大坑,,359,三芝區,新小基隆,新庄子,83
三芝區,大坑,,36,三芝區,新小基隆,新庄子,37-27
三芝區,大坑,,360,三芝區,新小基隆,新庄子,84
三芝區,大坑,,361,三芝區,新小基隆,新庄子,84-1
三芝區,大坑,,362,三芝區,新小基隆,新庄子,82-8
三芝區,大坑,,363,三芝區,新小基隆,新庄子,82-7
三芝區,大坑,,364,三芝區,新小基隆,新庄子,85
三芝區,大坑,,365,三芝區,新小基隆,新庄子,82-4
三芝區,大坑,,366,三芝區,新小基隆,新庄子,87
三芝區,大坑,,367,三芝區,新小基隆,新庄子,88
三芝區,大坑,,368,三芝區,新小基隆,新庄子,89
三芝區,大坑,,369,三芝區,新小基隆,新庄子,82-5
三芝區,大坑,,37,三芝區,新小基隆,新庄子,37-28
三芝區,大坑,,370,三芝區,新小基隆,新庄子,89-1
三芝區,大坑,,371,三芝區,新小基隆,新庄子,91-10
三芝區,大坑,,372,三芝區,新小基隆,新庄子,101
三芝區,大坑,,373,三芝區,新小基隆,新庄子,99
三芝區,大坑,,374,三芝區,新小基隆,新庄子,99-10
三芝區,大坑,,375,三芝區,新小基隆,新庄子,99-1
三芝區,大坑,,376,三芝區,新小基隆,新庄子,99-9
三芝區,大坑,,377,三芝區,新小基隆,新庄子,99-2
三芝區,大坑,,378,三芝區,新小基隆,新庄子,109-4
三芝區,大坑,,379,三芝區,新小基隆,新庄子,109-3
三芝區,大坑,,38,三芝區,新小基隆,新庄子,37-29
三芝區,大坑,,380,三芝區,新小基隆,新庄子,114-3
三芝區,大坑,,381,三芝區,新小基隆,新庄子,109-5
三芝區,大坑,,382,三芝區,新小基隆,新庄子,111
三芝區,大坑,,383,三芝區,新小基隆,新庄子,92-2
三芝區,大坑,,384,三芝區,新小基隆,新庄子,114-1
三芝區,大坑,,385,三芝區,新小基隆,新庄子,115-1
三芝區,大坑,,386,三芝區,新小基隆,新庄子,115
三芝區,大坑,,387,三芝區,新小基隆,新庄子,114
三芝區,大坑,,388,三芝區,新小基隆,新庄子,114-2
三芝區,大坑,,389,三芝區,新小基隆,新庄子,112
三芝區,大坑,,39,三芝區,新小基隆,新庄子,37-30
三芝區,大坑,,390,三芝區,新小基隆,新庄子,113
三芝區,大坑,,391,三芝區,新小基隆,新庄子,92-8
三芝區,大坑,,392,三芝區,新小基隆,新庄子,92-13
三芝區,大坑,,393,三芝區,新小基隆,新庄子,109-2
三芝區,大坑,,394,三芝區,新小基隆,新庄子,118
三芝區,大坑,,395,三芝區,新小基隆,新庄子,118-1
三芝區,大坑,,396,三芝區,新小基隆,新庄子,117
三芝區,大坑,,397,三芝區,新小基隆,新庄子,116-2
三芝區,大坑,,398,三芝區,新小基隆,新庄子,116
三芝區,大坑,,399,三芝區,新小基隆,新庄子,116-1
三芝區,大坑,,4,三芝區,新小基隆,新庄子,31-2
三芝區,大坑,,40,三芝區,新小基隆,新庄子,37-32
三芝區,大坑,,400,三芝區,新小基隆,新庄子,92-9
三芝區,大坑,,401,三芝區,新小基隆,新庄子,92-11
三芝區,大坑,,402,三芝區,新小基隆,新庄子,92-12
三芝區,大坑,,403,三芝區,新小基隆,新庄子,92-7
三芝區,大坑,,404,三芝區,新小基隆,新庄子,91-1
三芝區,大坑,,405,三芝區,新小基隆,新庄子,91-15
三芝區,大坑,,406,三芝區,新小基隆,新庄子,91-16
三芝區,大坑,,407,三芝區,新小基隆,新庄子,91-6
三芝區,大坑,,408,三芝區,新小基隆,新庄子,91-11
三芝區,大坑,,409,三芝區,新小基隆,新庄子,91-5
三芝區,大坑,,41,三芝區,新小基隆,新庄子,37-31
三芝區,大坑,,410,三芝區,新小基隆,新庄子,91-12
三芝區,大坑,,411,三芝區,新小基隆,新庄子,91-4
三芝區,大坑,,412,三芝區,新小基隆,新庄子,91-13
三芝區,大坑,,413,三芝區,新小基隆,新庄子,91-17
三芝區,大坑,,414,三芝區,新小基隆,新庄子,91-18
三芝區,大坑,,415,三芝區,新小基隆,新庄子,91-2
三芝區,大坑,,416,三芝區,新小基隆,新庄子,91-20
三芝區,大坑,,417,三芝區,新小基隆,新庄子,91
三芝區,大坑,,418,三芝區,新小基隆,新庄子,91-9
三芝區,大坑,,419,三芝區,新小基隆,新庄子,91-3
三芝區,大坑,,42,三芝區,新小基隆,新庄子,37-39
三芝區,大坑,,420,三芝區,新小基隆,新庄子,91-19
三芝區,大坑,,421,三芝區,新小基隆,新庄子,91-8
三芝區,大坑,,422,三芝區,新小基隆,新庄子,82-16
三芝區,大坑,,423,三芝區,新小基隆,新庄子,82-11
三芝區,大坑,,424,三芝區,新小基隆,新庄子,86
三芝區,大坑,,425,三芝區,新小基隆,新庄子,82-13
三芝區,大坑,,426,三芝區,新小基隆,新庄子,82-17
三芝區,大坑,,427,三芝區,新小基隆,新庄子,82-18
三芝區,大坑,,428,三芝區,新小基隆,新庄子,82-19
三芝區,大坑,,429,三芝區,新小基隆,新庄子,82-20
三芝區,大坑,,43,三芝區,新小基隆,新庄子,37-38
三芝區,大坑,,430,三芝區,新小基隆,新庄子,82-21
三芝區,大坑,,431,三芝區,新小基隆,新庄子,82-22
三芝區,大坑,,432,三芝區,新小基隆,新庄子,82-36
三芝區,大坑,,433,三芝區,新小基隆,新庄子,82-23
三芝區,大坑,,434,三芝區,新小基隆,新庄子,82-37
三芝區,大坑,,435,三芝區,新小基隆,新庄子,82-24
三芝區,大坑,,436,三芝區,新小基隆,新庄子,82-3
三芝區,大坑,,437,三芝區,新小基隆,新庄子,82-35
三芝區,大坑,,438,三芝區,新小基隆,新庄子,82-34
三芝區,大坑,,439,三芝區,新小基隆,新庄子,82-33
三芝區,大坑,,44,三芝區,新小基隆,新庄子,37-6
三芝區,大坑,,440,三芝區,新小基隆,新庄子,82-32
三芝區,大坑,,441,三芝區,新小基隆,新庄子,82-31
三芝區,大坑,,442,三芝區,新小基隆,新庄子,82-30
三芝區,大坑,,443,三芝區,新小基隆,新庄子,82-29
三芝區,大坑,,444,三芝區,新小基隆,新庄子,82-26
三芝區,大坑,,445,三芝區,新小基隆,新庄子,82-25
三芝區,大坑,,446,三芝區,新小基隆,新庄子,82-38
三芝區,大坑,,447,三芝區,新小基隆,新庄子,82-40
三芝區,大坑,,448,三芝區,新小基隆,新庄子,82-27
三芝區,大坑,,449,三芝區,新小基隆,新庄子,82-28
三芝區,大坑,,45,三芝區,新小基隆,新庄子,37
三芝區,大坑,,450,三芝區,新小基隆,新庄子,82-39
三芝區,大坑,,451,三芝區,新小基隆,新庄子,82-42
三芝區,大坑,,452,三芝區,新小基隆,新庄子,124-1
三芝區,大坑,,453,三芝區,新小基隆,新庄子,124-2
三芝區,大坑,,454,三芝區,新小基隆,新庄子,124
三芝區,大坑,,455,三芝區,新小基隆,新庄子,124-3
三芝區,大坑,,456,三芝區,新小基隆,新庄子,124-4
三芝區,大坑,,457,三芝區,新小基隆,新庄子,124-5
三芝區,大坑,,458,三芝區,新小基隆,新庄子,137-7
三芝區,大坑,,459,三芝區,新小基隆,新庄子,82-14
三芝區,大坑,,46,三芝區,新小基隆,新庄子,37-35
三芝區,大坑,,460,三芝區,新小基隆,新庄子,137-3
三芝區,大坑,,461,三芝區,新小基隆,新庄子,136-3
三芝區,大坑,,462,三芝區,新小基隆,新庄子,136-1
三芝區,大坑,,463,三芝區,新小基隆,新庄子,133-2
三芝區,大坑,,464,三芝區,新小基隆,新庄子,133-1
三芝區,大坑,,465,三芝區,新小基隆,新庄子,137-5
三芝區,大坑,,466,三芝區,新小基隆,新庄子,136-2
三芝區,大坑,,467,三芝區,新小基隆,新庄子,126-1
三芝區,大坑,,468,三芝區,新小基隆,新庄子,136
三芝區,大坑,,469,三芝區,新小基隆,新庄子,135
三芝區,大坑,,47,三芝區,新小基隆,新庄子,37-25
三芝區,大坑,,470,三芝區,新小基隆,新庄子,138-1
三芝區,大坑,,471,三芝區,新小基隆,新庄子,132
三芝區,大坑,,472,三芝區,新小基隆,新庄子,132-1
三芝區,大坑,,473,三芝區,新小基隆,新庄子,134-1
三芝區,大坑,,474,三芝區,新小基隆,新庄子,140
三芝區,大坑,,475,三芝區,新小基隆,新庄子,140-16
三芝區,大坑,,476,三芝區,新小基隆,新庄子,140-17
三芝區,大坑,,477,三芝區,新小基隆,新庄子,140-18
三芝區,大坑,,478,三芝區,新小基隆,新庄子,131
三芝區,大坑,,479,三芝區,新小基隆,新庄子,131-5
三芝區,大坑,,48,三芝區,新小基隆,新庄子,37-24
三芝區,大坑,,480,三芝區,新小基隆,新庄子,131-4
三芝區,大坑,,481,三芝區,新小基隆,新庄子,140-6
三芝區,大坑,,482,三芝區,新小基隆,新庄子,131-2
三芝區,大坑,,483,三芝區,新小基隆,新庄子,131-1
三芝區,大坑,,484,三芝區,新小基隆,新庄子,141
三芝區,大坑,,485,三芝區,新小基隆,新庄子,140-7
三芝區,大坑,,486,三芝區,新小基隆,新庄子,226
三芝區,大坑,,487,三芝區,新小基隆,新庄子,226-1
三芝區,大坑,,488,三芝區,新小基隆,新庄子,226-2
三芝區,大坑,,489,三芝區,新小基隆,新庄子,227
三芝區,大坑,,49,三芝區,新小基隆,新庄子,37-23
三芝區,大坑,,490,三芝區,新小基隆,新庄子,220-11
三芝區,大坑,,491,三芝區,新小基隆,新庄子,218
三芝區,大坑,,492,三芝區,新小基隆,新庄子,218-9
三芝區,大坑,,493,三芝區,新小基隆,新庄子,218-2
三芝區,大坑,,494,三芝區,新小基隆,新庄子,236
三芝區,大坑,,495,三芝區,新小基隆,新庄子,236-1
三芝區,大坑,,496,三芝區,新小基隆,新庄子,218-6
三芝區,大坑,,497,三芝區,新小基隆,新庄子,218-1
三芝區,大坑,,498,三芝區,新小基隆,新庄子,218-10
三芝區,大坑,,499,三芝區,新小基隆,新庄子,218-4
三芝區,大坑,,5,三芝區,新小基隆,新庄子,33-38
三芝區,大坑,,50,三芝區,新小基隆,新庄子,37-22
三芝區,大坑,,500,三芝區,新小基隆,新庄子,218-11
三芝區,大坑,,501,三芝區,新小基隆,新庄子,218-3
三芝區,大坑,,502,三芝區,新小基隆,新庄子,220-3
三芝區,大坑,,503,三芝區,新小基隆,新庄子,220-14
三芝區,大坑,,504,三芝區,新小基隆,新庄子,220-2
三芝區,大坑,,505,三芝區,新小基隆,新庄子,220-15
三芝區,大坑,,506,三芝區,新小基隆,新庄子,220-4
三芝區,大坑,,507,三芝區,新小基隆,新庄子,218-13
三芝區,大坑,,508,三芝區,新小基隆,新庄子,220-16
三芝區,大坑,,509,三芝區,新小基隆,新庄子,218-5
三芝區,大坑,,51,三芝區,新小基隆,新庄子,37-21
三芝區,大坑,,510,三芝區,新小基隆,新庄子,220-13
三芝區,大坑,,511,三芝區,新小基隆,新庄子,220-5
三芝區,大坑,,512,三芝區,新小基隆,新庄子,218-12
三芝區,大坑,,513,三芝區,新小基隆,新庄子,219-2
三芝區,大坑,,514,三芝區,新小基隆,新庄子,219-3
三芝區,大坑,,515,三芝區,新小基隆,新庄子,219-4
三芝區,大坑,,516,三芝區,新小基隆,新庄子,219-5
三芝區,大坑,,517,三芝區,新小基隆,新庄子,219
三芝區,大坑,,518,三芝區,新小基隆,新庄子,219-1
三芝區,大坑,,519,三芝區,新小基隆,新庄子,219-6
三芝區,大坑,,52,三芝區,新小基隆,新庄子,37-20
三芝區,大坑,,520,三芝區,新小基隆,新庄子,219-7
三芝區,大坑,,521,三芝區,新小基隆,新庄子,218-14
三芝區,大坑,,522,三芝區,新小基隆,新庄子,218-7
三芝區,大坑,,523,三芝區,新小基隆,新庄子,225
三芝區,大坑,,524,三芝區,新小基隆,新庄子,220-10
三芝區,大坑,,525,三芝區,新小基隆,新庄子,220-6
三芝區,大坑,,526,三芝區,新小基隆,新庄子,213-16
三芝區,大坑,,527,三芝區,新小基隆,新庄子,213-21
三芝區,大坑,,528,三芝區,新小基隆,新庄子,213-17
三芝區,大坑,,529,三芝區,新小基隆,新庄子,213-18
三芝區,大坑,,53,三芝區,新小基隆,新庄子,37-19
三芝區,大坑,,530,三芝區,新小基隆,新庄子,213-22
三芝區,大坑,,531,三芝區,新小基隆,新庄子,213-12
三芝區,大坑,,532,三芝區,新小基隆,新庄子,218-8
三芝區,大坑,,533,三芝區,新小基隆,新庄子,213-13
三芝區,大坑,,534,三芝區,新小基隆,新庄子,213-14
三芝區,大坑,,535,三芝區,新小基隆,新庄子,213-15
三芝區,大坑,,536,三芝區,新小基隆,新庄子,213-2
三芝區,大坑,,537,三芝區,新小基隆,新庄子,220-7
三芝區,大坑,,538,三芝區,新小基隆,新庄子,221
三芝區,大坑,,539,三芝區,新小基隆,新庄子,220
三芝區,大坑,,54,三芝區,新小基隆,新庄子,37-18
三芝區,大坑,,540,三芝區,新小基隆,新庄子,220-8
三芝區,大坑,,541,三芝區,新小基隆,新庄子,220-1
三芝區,大坑,,542,三芝區,新小基隆,新庄子,220-9
三芝區,大坑,,543,三芝區,新小基隆,新庄子,222
三芝區,大坑,,544,三芝區,新小基隆,新庄子,222-1
三芝區,大坑,,545,三芝區,新小基隆,新庄子,223
三芝區,大坑,,546,三芝區,新小基隆,新庄子,224
三芝區,大坑,,547,三芝區,新小基隆,新庄子,220-12
三芝區,大坑,,548,三芝區,新小基隆,新庄子,227-1
三芝區,大坑,,549,三芝區,新小基隆,新庄子,227-2
三芝區,大坑,,55,三芝區,新小基隆,新庄子,37-17
三芝區,大坑,,550,三芝區,新小基隆,新庄子,228-9
三芝區,大坑,,551,三芝區,新小基隆,新庄子,228-8
三芝區,大坑,,552,三芝區,新小基隆,新庄子,228-1
三芝區,大坑,,553,三芝區,新小基隆,新庄子,228
三芝區,大坑,,554,三芝區,新小基隆,新庄子,228-6
三芝區,大坑,,555,三芝區,新小基隆,新庄子,228-7
三芝區,大坑,,556,三芝區,新小基隆,新庄子,229
三芝區,大坑,,557,三芝區,新小基隆,新庄子,230
三芝區,大坑,,558,三芝區,新小基隆,新庄子,231-1
三芝區,大坑,,559,三芝區,新小基隆,新庄子,231-2
三芝區,大坑,,56,三芝區,新小基隆,新庄子,37-16
三芝區,大坑,,560,三芝區,新小基隆,新庄子,228-2
三芝區,大坑,,561,三芝區,新小基隆,新庄子,228-3
三芝區,大坑,,562,三芝區,新小基隆,新庄子,232-1
三芝區,大坑,,563,三芝區,新小基隆,新庄子,228-4
三芝區,大坑,,564,三芝區,新小基隆,新庄子,228-5
三芝區,大坑,,565,三芝區,新小基隆,新庄子,232-2
三芝區,大坑,,566,三芝區,新小基隆,新庄子,232-3
三芝區,大坑,,567,三芝區,新小基隆,大坑,164
三芝區,大坑,,568,三芝區,新小基隆,新庄子,232-5
三芝區,大坑,,569,三芝區,新小基隆,大坑,165
三芝區,大坑,,57,三芝區,新小基隆,新庄子,37-15
三芝區,大坑,,570,三芝區,新小基隆,新庄子,232-4
三芝區,大坑,,571,三芝區,新小基隆,新庄子,234-1
三芝區,大坑,,572,三芝區,新小基隆,新庄子,234
三芝區,大坑,,573,三芝區,新小基隆,新庄子,233
三芝區,大坑,,574,三芝區,新小基隆,大坑,166
三芝區,大坑,,575,三芝區,新小基隆,新庄子,232
三芝區,大坑,,576,三芝區,新小基隆,新庄子,130-1
三芝區,大坑,,577,三芝區,新小基隆,新庄子,130
三芝區,大坑,,578,三芝區,新小基隆,新庄子,129
三芝區,大坑,,579,三芝區,新小基隆,新庄子,134
三芝區,大坑,,58,三芝區,新小基隆,新庄子,37-14
三芝區,大坑,,580,三芝區,新小基隆,新庄子,130-2
三芝區,大坑,,581,三芝區,新小基隆,新庄子,128-2
三芝區,大坑,,582,三芝區,新小基隆,新庄子,128-8
三芝區,大坑,,583,三芝區,新小基隆,新庄子,128
三芝區,大坑,,584,三芝區,新小基隆,新庄子,128-7
三芝區,大坑,,585,三芝區,新小基隆,新庄子,128-1
三芝區,大坑,,586,三芝區,新小基隆,新庄子,128-5
三芝區,大坑,,587,三芝區,新小基隆,新庄子,128-3
三芝區,大坑,,588,三芝區,新小基隆,新庄子,128-4
三芝區,大坑,,589,三芝區,新小基隆,新庄子,126-11
三芝區,大坑,,59,三芝區,新小基隆,新庄子,37-40
三芝區,大坑,,590,三芝區,新小基隆,新庄子,126-8
三芝區,大坑,,591,三芝區,新小基隆,新庄子,126-7
三芝區,大坑,,592,三芝區,新小基隆,新庄子,126-5
三芝區,大坑,,593,三芝區,新小基隆,新庄子,126-2
三芝區,大坑,,594,三芝區,新小基隆,新庄子,126-6
三芝區,大坑,,595,三芝區,新小基隆,新庄子,126-3
三芝區,大坑,,596,三芝區,新小基隆,新庄子,126-9
三芝區,大坑,,597,三芝區,新小基隆,新庄子,126-10
三芝區,大坑,,598,三芝區,新小基隆,新庄子,126-4
三芝區,大坑,,599,三芝區,新小基隆,新庄子,127-2
三芝區,大坑,,6,三芝區,新小基隆,新庄子,33-11
三芝區,大坑,,60,三芝區,新小基隆,新庄子,37-34
三芝區,大坑,,600,三芝區,新小基隆,新庄子,128-6
三芝區,大坑,,601,三芝區,新小基隆,新庄子,127-4
三芝區,大坑,,602,三芝區,新小基隆,新庄子,127-3
三芝區,大坑,,603,三芝區,新小基隆,新庄子,127
三芝區,大坑,,604,三芝區,新小基隆,新庄子,127-1
三芝區,大坑,,605,三芝區,新小基隆,新庄子,126
三芝區,大坑,,606,三芝區,新小基隆,新庄子,125
三芝區,大坑,,607,三芝區,新小基隆,大坑,1-1
三芝區,大坑,,608,三芝區,新小基隆,大坑,1
三芝區,大坑,,609,三芝區,新小基隆,大坑,2
三芝區,大坑,,61,三芝區,新小基隆,新庄子,37-33
三芝區,大坑,,610,三芝區,新小基隆,大坑,3-4
三芝區,大坑,,611,三芝區,新小基隆,大坑,3
三芝區,大坑,,612,三芝區,新小基隆,大坑,4
三芝區,大坑,,613,三芝區,新小基隆,大坑,3-1
三芝區,大坑,,614,三芝區,新小基隆,大坑,4-2
三芝區,大坑,,615,三芝區,新小基隆,大坑,3-3
三芝區,大坑,,616,三芝區,新小基隆,大坑,169
三芝區,大坑,,617,三芝區,新小基隆,大坑,169-5
三芝區,大坑,,618,三芝區,新小基隆,新庄子,231
三芝區,大坑,,619,三芝區,新小基隆,大坑,167
三芝區,大坑,,62,三芝區,新小基隆,新庄子,37-13
三芝區,大坑,,620,三芝區,新小基隆,大坑,168
三芝區,大坑,,621,三芝區,新小基隆,大坑,177
三芝區,大坑,,622,三芝區,新小基隆,大坑,321
三芝區,大坑,,623,三芝區,新小基隆,大坑,179
三芝區,大坑,,624,三芝區,新小基隆,大坑,180
三芝區,大坑,,625,三芝區,新小基隆,新庄子,123-7
三芝區,大坑,,626,三芝區,新小基隆,新庄子,123-6
三芝區,大坑,,627,三芝區,新小基隆,新庄子,123-164
三芝區,大坑,,628,三芝區,新小基隆,新庄子,123-165
三芝區,大坑,,629,三芝區,新小基隆,新庄子,123-166
三芝區,大坑,,63,三芝區,新小基隆,新庄子,37-37
三芝區,大坑,,630,三芝區,新小基隆,新庄子,123-167
三芝區,大坑,,631,三芝區,新小基隆,新庄子,123-168
三芝區,大坑,,632,三芝區,新小基隆,新庄子,123-169
三芝區,大坑,,633,三芝區,新小基隆,新庄子,123-170
三芝區,大坑,,634,三芝區,新小基隆,新庄子,123-4
三芝區,大坑,,635,三芝區,新小基隆,大坑,2-1
三芝區,大坑,,636,三芝區,新小基隆,大坑,6
三芝區,大坑,,637,三芝區,新小基隆,大坑,7
三芝區,大坑,,638,三芝區,新小基隆,大坑,13-2
三芝區,大坑,,639,三芝區,新小基隆,大坑,13
三芝區,大坑,,64,三芝區,新小基隆,新庄子,37-12
三芝區,大坑,,640,三芝區,新小基隆,大坑,12
三芝區,大坑,,641,三芝區,新小基隆,大坑,11
三芝區,大坑,,642,三芝區,新小基隆,大坑,14
三芝區,大坑,,643,三芝區,新小基隆,大坑,13-1
三芝區,大坑,,644,三芝區,新小基隆,大坑,8
三芝區,大坑,,645,三芝區,新小基隆,大坑,9
三芝區,大坑,,646,三芝區,新小基隆,大坑,15
三芝區,大坑,,647,三芝區,新小基隆,大坑,15-1
三芝區,大坑,,648,三芝區,新小基隆,新庄子,123-1
三芝區,大坑,,649,三芝區,新小基隆,新庄子,123-172
三芝區,大坑,,65,三芝區,新小基隆,新庄子,37-36
三芝區,大坑,,650,三芝區,新小基隆,新庄子,123-3
三芝區,大坑,,651,三芝區,新小基隆,新庄子,123-171
三芝區,大坑,,652,三芝區,新小基隆,新庄子,123-137
三芝區,大坑,,653,三芝區,新小基隆,新庄子,123-8
三芝區,大坑,,654,三芝區,新小基隆,新庄子,123-136
三芝區,大坑,,655,三芝區,新小基隆,新庄子,123-135
三芝區,大坑,,656,三芝區,新小基隆,新庄子,123-131
三芝區,大坑,,657,三芝區,新小基隆,新庄子,123-132
三芝區,大坑,,658,三芝區,新小基隆,新庄子,123-133
三芝區,大坑,,659,三芝區,新小基隆,新庄子,123-134
三芝區,大坑,,66,三芝區,新小基隆,新庄子,37-8
三芝區,大坑,,660,三芝區,新小基隆,新庄子,123-130
三芝區,大坑,,661,三芝區,新小基隆,新庄子,123-129
三芝區,大坑,,662,三芝區,新小基隆,新庄子,123-128
三芝區,大坑,,663,三芝區,新小基隆,新庄子,123-127
三芝區,大坑,,664,三芝區,新小基隆,新庄子,123-126
三芝區,大坑,,665,三芝區,新小基隆,新庄子,123-121
三芝區,大坑,,666,三芝區,新小基隆,新庄子,123-122
三芝區,大坑,,667,三芝區,新小基隆,新庄子,123-123
三芝區,大坑,,668,三芝區,新小基隆,新庄子,123-124
三芝區,大坑,,669,三芝區,新小基隆,新庄子,123-125
三芝區,大坑,,67,三芝區,新小基隆,新庄子,37-11
三芝區,大坑,,670,三芝區,新小基隆,新庄子,123-141
三芝區,大坑,,671,三芝區,新小基隆,新庄子,123-120
三芝區,大坑,,672,三芝區,新小基隆,新庄子,123-119
三芝區,大坑,,673,三芝區,新小基隆,新庄子,123-118
三芝區,大坑,,674,三芝區,新小基隆,新庄子,123-117
三芝區,大坑,,675,三芝區,新小基隆,新庄子,123-116
三芝區,大坑,,676,三芝區,新小基隆,新庄子,123-138
三芝區,大坑,,677,三芝區,新小基隆,新庄子,123-89
三芝區,大坑,,678,三芝區,新小基隆,新庄子,123-90
三芝區,大坑,,679,三芝區,新小基隆,新庄子,123-91
三芝區,大坑,,68,三芝區,新小基隆,新庄子,37-10
三芝區,大坑,,680,三芝區,新小基隆,新庄子,123-92
三芝區,大坑,,681,三芝區,新小基隆,新庄子,123-93
三芝區,大坑,,682,三芝區,新小基隆,新庄子,123-94
三芝區,大坑,,683,三芝區,新小基隆,新庄子,123-95
三芝區,大坑,,684,三芝區,新小基隆,新庄子,123-96
三芝區,大坑,,685,三芝區,新小基隆,新庄子,123-97
三芝區,大坑,,686,三芝區,新小基隆,新庄子,123-98
三芝區,大坑,,687,三芝區,新小基隆,新庄子,123-99
三芝區,大坑,,688,三芝區,新小基隆,新庄子,123-100
三芝區,大坑,,689,三芝區,新小基隆,新庄子,123-101
三芝區,大坑,,69,三芝區,新小基隆,新庄子,36-1
三芝區,大坑,,690,三芝區,新小基隆,新庄子,123-102
三芝區,大坑,,691,三芝區,新小基隆,新庄子,123-103
三芝區,大坑,,692,三芝區,新小基隆,新庄子,123-104
三芝區,大坑,,693,三芝區,新小基隆,新庄子,123-105
三芝區,大坑,,694,三芝區,新小基隆,新庄子,123-106
三芝區,大坑,,695,三芝區,新小基隆,新庄子,123-107
三芝區,大坑,,696,三芝區,新小基隆,新庄子,123-108
三芝區,大坑,,697,三芝區,新小基隆,新庄子,123-109
三芝區,大坑,,698,三芝區,新小基隆,新庄子,123-115
三芝區,大坑,,699,三芝區,新小基隆,新庄子,123-114
三芝區,大坑,,7,三芝區,新小基隆,新庄子,41-4
三芝區,大坑,,70,三芝區,新小基隆,新庄子,35
三芝區,大坑,,700,三芝區,新小基隆,新庄子,123-113
三芝區,大坑,,701,三芝區,新小基隆,新庄子,123-112
三芝區,大坑,,702,三芝區,新小基隆,新庄子,123-111
三芝區,大坑,,703,三芝區,新小基隆,新庄子,123-110
三芝區,大坑,,704,三芝區,新小基隆,新庄子,123-174
三芝區,大坑,,705,三芝區,新小基隆,新庄子,123-173
三芝區,大坑,,706,三芝區,新小基隆,新庄子,123-5
三芝區,大坑,,707,三芝區,新小基隆,新庄子,122
三芝區,大坑,,708,三芝區,新小基隆,新庄子,123-87
三芝區,大坑,,709,三芝區,新小基隆,新庄子,123
三芝區,大坑,,71,三芝區,新小基隆,新庄子,37-1
三芝區,大坑,,710,三芝區,新小基隆,新庄子,123-83
三芝區,大坑,,711,三芝區,新小基隆,新庄子,123-84
三芝區,大坑,,712,三芝區,新小基隆,新庄子,123-85
三芝區,大坑,,713,三芝區,新小基隆,新庄子,123-86
三芝區,大坑,,714,三芝區,新小基隆,新庄子,123-82
三芝區,大坑,,715,三芝區,新小基隆,新庄子,123-81
三芝區,大坑,,716,三芝區,新小基隆,新庄子,123-80
三芝區,大坑,,717,三芝區,新小基隆,新庄子,123-79
三芝區,大坑,,718,三芝區,新小基隆,新庄子,123-78
三芝區,大坑,,719,三芝區,新小基隆,新庄子,123-68
三芝區,大坑,,72,三芝區,新小基隆,新庄子,37-7
三芝區,大坑,,720,三芝區,新小基隆,新庄子,123-69
三芝區,大坑,,721,三芝區,新小基隆,新庄子,123-162
三芝區,大坑,,722,三芝區,新小基隆,新庄子,123-70
三芝區,大坑,,723,三芝區,新小基隆,新庄子,123-71
三芝區,大坑,,724,三芝區,新小基隆,新庄子,123-72
三芝區,大坑,,725,三芝區,新小基隆,新庄子,123-73
三芝區,大坑,,726,三芝區,新小基隆,新庄子,123-140
三芝區,大坑,,727,三芝區,新小基隆,新庄子,123-74
三芝區,大坑,,728,三芝區,新小基隆,新庄子,123-75
三芝區,大坑,,729,三芝區,新小基隆,新庄子,123-76
三芝區,大坑,,73,三芝區,新小基隆,新庄子,37-2
三芝區,大坑,,730,三芝區,新小基隆,新庄子,123-77
三芝區,大坑,,731,三芝區,新小基隆,新庄子,123-142
三芝區,大坑,,732,三芝區,新小基隆,新庄子,123-67
三芝區,大坑,,733,三芝區,新小基隆,新庄子,123-66
三芝區,大坑,,734,三芝區,新小基隆,新庄子,123-65
三芝區,大坑,,735,三芝區,新小基隆,新庄子,123-64
三芝區,大坑,,736,三芝區,新小基隆,新庄子,123-63
三芝區,大坑,,737,三芝區,新小基隆,新庄子,123-61
三芝區,大坑,,738,三芝區,新小基隆,新庄子,123-175
三芝區,大坑,,739,三芝區,新小基隆,新庄子,123-60
三芝區,大坑,,74,三芝區,新小基隆,新庄子,33-43
三芝區,大坑,,740,三芝區,新小基隆,新庄子,123-59
三芝區,大坑,,741,三芝區,新小基隆,新庄子,123-58
三芝區,大坑,,742,三芝區,新小基隆,新庄子,123-139
三芝區,大坑,,743,三芝區,新小基隆,新庄子,123-45
三芝區,大坑,,744,三芝區,新小基隆,新庄子,123-46
三芝區,大坑,,745,三芝區,新小基隆,新庄子,123-47
三芝區,大坑,,746,三芝區,新小基隆,新庄子,123-48
三芝區,大坑,,747,三芝區,新小基隆,新庄子,123-49
三芝區,大坑,,748,三芝區,新小基隆,新庄子,123-50
三芝區,大坑,,749,三芝區,新小基隆,新庄子,123-51
三芝區,大坑,,75,三芝區,新小基隆,新庄子,40-8
三芝區,大坑,,750,三芝區,新小基隆,新庄子,123-52
三芝區,大坑,,751,三芝區,新小基隆,新庄子,123-53
三芝區,大坑,,752,三芝區,新小基隆,新庄子,123-54
三芝區,大坑,,753,三芝區,新小基隆,新庄子,123-55
三芝區,大坑,,754,三芝區,新小基隆,新庄子,123-56
三芝區,大坑,,755,三芝區,新小基隆,新庄子,123-57
三芝區,大坑,,756,三芝區,新小基隆,新庄子,123-44
三芝區,大坑,,757,三芝區,新小基隆,新庄子,123-161
三芝區,大坑,,758,三芝區,新小基隆,新庄子,123-43
三芝區,大坑,,759,三芝區,新小基隆,新庄子,123-42
三芝區,大坑,,76,三芝區,新小基隆,新庄子,40-11
三芝區,大坑,,760,三芝區,新小基隆,新庄子,123-160
三芝區,大坑,,761,三芝區,新小基隆,新庄子,123-41
三芝區,大坑,,762,三芝區,新小基隆,新庄子,123-40
三芝區,大坑,,763,三芝區,新小基隆,新庄子,123-159
三芝區,大坑,,764,三芝區,新小基隆,新庄子,123-39
三芝區,大坑,,765,三芝區,新小基隆,新庄子,123-38
三芝區,大坑,,766,三芝區,新小基隆,新庄子,123-158
三芝區,大坑,,767,三芝區,新小基隆,新庄子,123-37
三芝區,大坑,,768,三芝區,新小基隆,新庄子,123-36
三芝區,大坑,,769,三芝區,新小基隆,新庄子,123-35
三芝區,大坑,,77,三芝區,新小基隆,新庄子,37-9
三芝區,大坑,,770,三芝區,新小基隆,新庄子,123-152
三芝區,大坑,,771,三芝區,新小基隆,新庄子,123-34
三芝區,大坑,,772,三芝區,新小基隆,新庄子,123-33
三芝區,大坑,,773,三芝區,新小基隆,新庄子,123-32
三芝區,大坑,,774,三芝區,新小基隆,新庄子,123-31
三芝區,大坑,,775,三芝區,新小基隆,新庄子,123-30
三芝區,大坑,,776,三芝區,新小基隆,新庄子,123-29
三芝區,大坑,,777,三芝區,新小基隆,新庄子,123-28
三芝區,大坑,,778,三芝區,新小基隆,新庄子,123-177
三芝區,大坑,,779,三芝區,新小基隆,新庄子,123-9
三芝區,大坑,,78,三芝區,新小基隆,新庄子,39
三芝區,大坑,,780,三芝區,新小基隆,新庄子,123-176
三芝區,大坑,,781,三芝區,新小基隆,新庄子,123-10
三芝區,大坑,,782,三芝區,新小基隆,新庄子,123-11
三芝區,大坑,,783,三芝區,新小基隆,新庄子,123-143
三芝區,大坑,,784,三芝區,新小基隆,新庄子,123-12
三芝區,大坑,,785,三芝區,新小基隆,新庄子,123-13
三芝區,大坑,,786,三芝區,新小基隆,新庄子,123-14
三芝區,大坑,,787,三芝區,新小基隆,新庄子,123-144
三芝區,大坑,,788,三芝區,新小基隆,新庄子,123-15
三芝區,大坑,,789,三芝區,新小基隆,新庄子,123-16
三芝區,大坑,,79,三芝區,新小基隆,新庄子,37-4
三芝區,大坑,,790,三芝區,新小基隆,新庄子,123-145
三芝區,大坑,,791,三芝區,新小基隆,新庄子,123-17
三芝區,大坑,,792,三芝區,新小基隆,新庄子,123-18
三芝區,大坑,,793,三芝區,新小基隆,新庄子,123-19
三芝區,大坑,,794,三芝區,新小基隆,新庄子,123-147
三芝區,大坑,,795,三芝區,新小基隆,新庄子,123-20
三芝區,大坑,,796,三芝區,新小基隆,新庄子,123-148
三芝區,大坑,,797,三芝區,新小基隆,新庄子,123-21
三芝區,大坑,,798,三芝區,新小基隆,新庄子,123-22
三芝區,大坑,,799,三芝區,新小基隆,新庄子,123-23
三芝區,大坑,,8,三芝區,新小基隆,新庄子,33-41
三芝區,大坑,,80,三芝區,新小基隆,新庄子,33-13
三芝區,大坑,,800,三芝區,新小基隆,新庄子,123-27
三芝區,大坑,,801,三芝區,新小基隆,新庄子,123-24
三芝區,大坑,,802,三芝區,新小基隆,新庄子,123-25
三芝區,大坑,,803,三芝區,新小基隆,新庄子,123-26
三芝區,大坑,,804,三芝區,新小基隆,新庄子,109
三芝區,大坑,,805,三芝區,新小基隆,新庄子,119
三芝區,大坑,,806,三芝區,新小基隆,新庄子,119-2
三芝區,大坑,,807,三芝區,新小基隆,新庄子,110
三芝區,大坑,,808,三芝區,新小基隆,新庄子,109-22
三芝區,大坑,,809,三芝區,新小基隆,新庄子,109-23
三芝區,大坑,,81,三芝區,新小基隆,新庄子,33-5
三芝區,大坑,,810,三芝區,新小基隆,新庄子,120
三芝區,大坑,,811,三芝區,新小基隆,新庄子,121-1
三芝區,大坑,,812,三芝區,新小基隆,新庄子,109-10
三芝區,大坑,,813,三芝區,新小基隆,新庄子,109-12
三芝區,大坑,,814,三芝區,新小基隆,新庄子,109-11
三芝區,大坑,,815,三芝區,新小基隆,新庄子,121
三芝區,大坑,,816,三芝區,新小基隆,新庄子,109-33
三芝區,大坑,,817,三芝區,新小基隆,新庄子,109-9
三芝區,大坑,,818,三芝區,新小基隆,新庄子,109-18
三芝區,大坑,,819,三芝區,新小基隆,新庄子,109-26
三芝區,大坑,,82,三芝區,新小基隆,新庄子,40-7
三芝區,大坑,,820,三芝區,新小基隆,新庄子,109-28
三芝區,大坑,,821,三芝區,新小基隆,新庄子,109-19
三芝區,大坑,,822,三芝區,新小基隆,新庄子,109-25
三芝區,大坑,,823,三芝區,新小基隆,新庄子,109-21
三芝區,大坑,,824,三芝區,新小基隆,新庄子,109-15
三芝區,大坑,,825,三芝區,新小基隆,新庄子,109-29
三芝區,大坑,,826,三芝區,新小基隆,新庄子,109-16
三芝區,大坑,,827,三芝區,新小基隆,新庄子,109-27
三芝區,大坑,,828,三芝區,新小基隆,新庄子,109-20
三芝區,大坑,,829,三芝區,新小基隆,新庄子,109-17
三芝區,大坑,,83,三芝區,新小基隆,新庄子,40-9
三芝區,大坑,,830,三芝區,新小基隆,新庄子,109-14
三芝區,大坑,,831,三芝區,新小基隆,新庄子,109-24
三芝區,大坑,,832,三芝區,新小基隆,新庄子,109-6
三芝區,大坑,,833,三芝區,新小基隆,新庄子,109-7
三芝區,大坑,,834,三芝區,新小基隆,新庄子,109-8
三芝區,大坑,,835,三芝區,新小基隆,新庄子,109-1
三芝區,大坑,,836,三芝區,新小基隆,新庄子,109-13
三芝區,大坑,,837,三芝區,新小基隆,新庄子,101-1
三芝區,大坑,,838,三芝區,新小基隆,新庄子,102
三芝區,大坑,,839,三芝區,新小基隆,新庄子,103
三芝區,大坑,,84,三芝區,新小基隆,新庄子,56-20
三芝區,大坑,,840,三芝區,新小基隆,新庄子,104
三芝區,大坑,,841,三芝區,新小基隆,新庄子,106
三芝區,大坑,,842,三芝區,新小基隆,新庄子,106-1
三芝區,大坑,,843,三芝區,新小基隆,新庄子,106-7
三芝區,大坑,,844,三芝區,新小基隆,新庄子,103-2
三芝區,大坑,,845,三芝區,新小基隆,新庄子,105
三芝區,大坑,,846,三芝區,新小基隆,新庄子,105-2
三芝區,大坑,,847,三芝區,新小基隆,新庄子,106-2
三芝區,大坑,,848,三芝區,新小基隆,新庄子,106-11
三芝區,大坑,,849,三芝區,新小基隆,新庄子,106-3
三芝區,大坑,,85,三芝區,新小基隆,新庄子,56-15
三芝區,大坑,,850,三芝區,新小基隆,新庄子,106-9
三芝區,大坑,,851,三芝區,新小基隆,新庄子,106-6
三芝區,大坑,,852,三芝區,新小基隆,新庄子,105-1
三芝區,大坑,,853,三芝區,新小基隆,新庄子,106-10
三芝區,大坑,,854,三芝區,新小基隆,新庄子,106-5
三芝區,大坑,,855,三芝區,新小基隆,新庄子,106-8
三芝區,大坑,,856,三芝區,新小基隆,新庄子,106-12
三芝區,大坑,,857,三芝區,新小基隆,新庄子,107-1
三芝區,大坑,,858,三芝區,新小基隆,新庄子,109-30
三芝區,大坑,,859,三芝區,新小基隆,新庄子,107
三芝區,大坑,,86,三芝區,新小基隆,新庄子,56-10
三芝區,大坑,,860,三芝區,新小基隆,新庄子,109-31
三芝區,大坑,,861,三芝區,新小基隆,新庄子,109-32
三芝區,大坑,,862,三芝區,新小基隆,新庄子,108
三芝區,大坑,,863,三芝區,新小基隆,新庄子,123-163
三芝區,大坑,,864,三芝區,新小基隆,大坑,46
三芝區,大坑,,865,三芝區,新小基隆,大坑,44
三芝區,大坑,,866,三芝區,新小基隆,大坑,45
三芝區,大坑,,867,三芝區,新小基隆,大坑,40-1
三芝區,大坑,,868,三芝區,新小基隆,大坑,40-3
三芝區,大坑,,869,三芝區,新小基隆,大坑,40
三芝區,大坑,,87,三芝區,新小基隆,新庄子,56-21
三芝區,大坑,,870,三芝區,新小基隆,大坑,42
三芝區,大坑,,871,三芝區,新小基隆,大坑,43
三芝區,大坑,,872,三芝區,新小基隆,大坑,41
三芝區,大坑,,873,三芝區,新小基隆,大坑,30-3
三芝區,大坑,,874,三芝區,新小基隆,大坑,33
三芝區,大坑,,875,三芝區,新小基隆,大坑,28
三芝區,大坑,,876,三芝區,新小基隆,大坑,29
三芝區,大坑,,877,三芝區,新小基隆,大坑,30
三芝區,大坑,,878,三芝區,新小基隆,大坑,30-2
三芝區,大坑,,879,三芝區,新小基隆,大坑,33-1
三芝區,大坑,,88,三芝區,新小基隆,新庄子,62-10
三芝區,大坑,,880,三芝區,新小基隆,大坑,30-1
三芝區,大坑,,881,三芝區,新小基隆,大坑,34
三芝區,大坑,,882,三芝區,新小基隆,大坑,18-1
三芝區,大坑,,883,三芝區,新小基隆,大坑,18-2
三芝區,大坑,,884,三芝區,新小基隆,大坑,27-1
三芝區,大坑,,885,三芝區,新小基隆,大坑,27
三芝區,大坑,,886,三芝區,新小基隆,大坑,26
三芝區,大坑,,887,三芝區,新小基隆,大坑,35
三芝區,大坑,,888,三芝區,新小基隆,大坑,18-3
三芝區,大坑,,889,三芝區,新小基隆,大坑,322
三芝區,大坑,,89,三芝區,新小基隆,新庄子,62-6
三芝區,大坑,,890,三芝區,新小基隆,大坑,17-1
三芝區,大坑,,891,三芝區,新小基隆,大坑,17
三芝區,大坑,,892,三芝區,新小基隆,大坑,16
三芝區,大坑,,893,三芝區,新小基隆,大坑,18
三芝區,大坑,,894,三芝區,新小基隆,大坑,22
三芝區,大坑,,895,三芝區,新小基隆,大坑,21
三芝區,大坑,,896,三芝區,新小基隆,大坑,22-1
三芝區,大坑,,897,三芝區,新小基隆,大坑,23-2
三芝區,大坑,,898,三芝區,新小基隆,大坑,23
三芝區,大坑,,899,三芝區,新小基隆,大坑,25
三芝區,大坑,,9,三芝區,新小基隆,新庄子,33-17
三芝區,大坑,,90,三芝區,新小基隆,新庄子,43-14
三芝區,大坑,,900,三芝區,新小基隆,大坑,23-1
三芝區,大坑,,901,三芝區,新小基隆,大坑,24
三芝區,大坑,,902,三芝區,新小基隆,大坑,15-2
三芝區,大坑,,903,三芝區,新小基隆,大坑,198
三芝區,大坑,,904,三芝區,新小基隆,大坑,189-1
三芝區,大坑,,905,三芝區,新小基隆,大坑,189-2
三芝區,大坑,,906,三芝區,新小基隆,大坑,191
三芝區,大坑,,907,三芝區,新小基隆,大坑,191-1
三芝區,大坑,,908,三芝區,新小基隆,大坑,190
三芝區,大坑,,909,三芝區,新小基隆,大坑,189
三芝區,大坑,,91,三芝區,新小基隆,新庄子,43-4
三芝區,大坑,,910,三芝區,新小基隆,大坑,188
三芝區,大坑,,911,三芝區,新小基隆,大坑,192
三芝區,大坑,,912,三芝區,新小基隆,大坑,192-1
三芝區,大坑,,913,三芝區,新小基隆,大坑,185-5
三芝區,大坑,,914,三芝區,新小基隆,大坑,185-7
三芝區,大坑,,915,三芝區,新小基隆,大坑,185-3
三芝區,大坑,,916,三芝區,新小基隆,大坑,185-4
三芝區,大坑,,917,三芝區,新小基隆,大坑,187-1
三芝區,大坑,,918,三芝區,新小基隆,大坑,187-6
三芝區,大坑,,919,三芝區,新小基隆,大坑,187-5
三芝區,大坑,,92,三芝區,新小基隆,新庄子,43-17
三芝區,大坑,,920,三芝區,新小基隆,大坑,187-3
三芝區,大坑,,921,三芝區,新小基隆,大坑,187-4
三芝區,大坑,,922,三芝區,新小基隆,大坑,185-9
三芝區,大坑,,923,三芝區,新小基隆,大坑,185-6
三芝區,大坑,,924,三芝區,新小基隆,大坑,185
三芝區,大坑,,925,三芝區,新小基隆,大坑,185-2
三芝區,大坑,,926,三芝區,新小基隆,大坑,186
三芝區,大坑,,927,三芝區,新小基隆,大坑,186-1
三芝區,大坑,,928,三芝區,新小基隆,大坑,185-1
三芝區,大坑,,929,三芝區,新小基隆,大坑,185-12
三芝區,大坑,,93,三芝區,新小基隆,新庄子,43-15
三芝區,大坑,,930,三芝區,新小基隆,大坑,185-11
三芝區,大坑,,931,三芝區,新小基隆,大坑,185-10
三芝區,大坑,,932,三芝區,新小基隆,大坑,182-1
三芝區,大坑,,933,三芝區,新小基隆,大坑,182
三芝區,大坑,,934,三芝區,新小基隆,大坑,175
三芝區,大坑,,935,三芝區,新小基隆,大坑,176
三芝區,大坑,,936,三芝區,新小基隆,大坑,184
三芝區,大坑,,937,三芝區,新小基隆,大坑,182-2
三芝區,大坑,,938,三芝區,新小基隆,大坑,182-3
三芝區,大坑,,939,三芝區,新小基隆,大坑,182-4
三芝區,大坑,,94,三芝區,新小基隆,新庄子,56-11
三芝區,大坑,,940,三芝區,新小基隆,大坑,174
三芝區,大坑,,941,三芝區,新小基隆,大坑,181
三芝區,大坑,,942,三芝區,新小基隆,大坑,173
三芝區,大坑,,943,三芝區,新小基隆,大坑,172
三芝區,大坑,,944,三芝區,新小基隆,大坑,168-3
三芝區,大坑,,945,三芝區,新小基隆,大坑,187-2
三芝區,大坑,,946,三芝區,新小基隆,大坑,187
三芝區,大坑,,947,三芝區,新小基隆,大坑,192-2
三芝區,大坑,,948,三芝區,新小基隆,大坑,192-6
三芝區,大坑,,949,三芝區,新小基隆,大坑,192-3
三芝區,大坑,,95,三芝區,新小基隆,新庄子,56-16
三芝區,大坑,,950,三芝區,新小基隆,大坑,192-4
三芝區,大坑,,951,三芝區,新小基隆,大坑,192-5
三芝區,大坑,,952,三芝區,新小基隆,大坑,193-3
三芝區,大坑,,953,三芝區,新小基隆,大坑,193
三芝區,大坑,,954,三芝區,新小基隆,大坑,193-7
三芝區,大坑,,955,三芝區,新小基隆,大坑,193-8
三芝區,大坑,,956,三芝區,新小基隆,大坑,193-1
三芝區,大坑,,957,三芝區,新小基隆,大坑,193-9
三芝區,大坑,,958,三芝區,新小基隆,大坑,193-11
三芝區,大坑,,959,三芝區,新小基隆,大坑,193-10
三芝區,大坑,,96,三芝區,新小基隆,新庄子,56-2
三芝區,大坑,,960,三芝區,新小基隆,大坑,193-4
三芝區,大坑,,961,三芝區,新小基隆,大坑,193-5
三芝區,大坑,,962,三芝區,新小基隆,大坑,193-6
三芝區,大坑,,963,三芝區,新小基隆,大坑,193-2
三芝區,大坑,,964,三芝區,新小基隆,大坑,193-12
三芝區,大坑,,965,三芝區,新小基隆,大坑,193-13
三芝區,大坑,,966,三芝區,新小基隆,大坑,193-14
三芝區,大坑,,967,三芝區,新小基隆,大坑,252-5
三芝區,大坑,,968,三芝區,新小基隆,大坑,252-29
三芝區,大坑,,969,三芝區,新小基隆,大坑,195-3
三芝區,大坑,,97,三芝區,新小基隆,新庄子,62-11
三芝區,大坑,,970,三芝區,新小基隆,大坑,195-9
三芝區,大坑,,971,三芝區,新小基隆,大坑,195-1
三芝區,大坑,,972,三芝區,新小基隆,大坑,195-5
三芝區,大坑,,973,三芝區,新小基隆,大坑,195-6
三芝區,大坑,,974,三芝區,新小基隆,大坑,195-2
三芝區,大坑,,975,三芝區,新小基隆,大坑,195-7
三芝區,大坑,,976,三芝區,新小基隆,大坑,217-3
三芝區,大坑,,977,三芝區,新小基隆,大坑,217
三芝區,大坑,,978,三芝區,新小基隆,大坑,196-1
三芝區,大坑,,979,三芝區,新小基隆,大坑,195-4
三芝區,大坑,,98,三芝區,新小基隆,新庄子,62-1
三芝區,大坑,,980,三芝區,新小基隆,大坑,195
三芝區,大坑,,981,三芝區,新小基隆,大坑,194-2
三芝區,大坑,,982,三芝區,新小基隆,大坑,194-1
三芝區,大坑,,983,三芝區,新小基隆,大坑,194
三芝區,大坑,,984,三芝區,新小基隆,大坑,197
三芝區,大坑,,985,三芝區,新小基隆,大坑,196-2
三芝區,大坑,,986,三芝區,新小基隆,大坑,196-3
三芝區,大坑,,987,三芝區,新小基隆,大坑,196
三芝區,大坑,,988,三芝區,新小基隆,大坑,202-1
三芝區,大坑,,989,三芝區,新小基隆,大坑,202
三芝區,大坑,,99,三芝區,新小基隆,新庄子,62-3
三芝區,大坑,,990,三芝區,新小基隆,大坑,36
三芝區,大坑,,991,三芝區,新小基隆,大坑,32
三芝區,大坑,,992,三芝區,新小基隆,大坑,40-2
三芝區,大坑,,993,三芝區,新小基隆,大坑,39
三芝區,大坑,,994,三芝區,新小基隆,大坑,38
三芝區,大坑,,995,三芝區,新小基隆,大坑,37
三芝區,大坑,,996,三芝區,新小基隆,大坑,51
三芝區,大坑,,997,三芝區,新小基隆,大坑,52
三芝區,大坑,,998,三芝區,新小基隆,大坑,203-1
三芝區,大坑,,999,三芝區,新小基隆,大坑,203
三芝區,大屯,,1,三芝區,北新庄子,龜子山,12-10
三芝區,大屯,,10,三芝區,北新庄子,龜子山,12-15
三芝區,大屯,,100,三芝區,北新庄子,龜子山,21-17
三芝區,大屯,,1000,三芝區,北新庄子,楓子林,30-3
三芝區,大屯,,1001,三芝區,北新庄子,楓子林,30
三芝區,大屯,,1002,三芝區,北新庄子,楓子林,30-6
三芝區,大屯,,1003,三芝區,北新庄子,楓子林,35
三芝區,大屯,,1004,三芝區,北新庄子,楓子林,33
三芝區,大屯,,1005,三芝區,北新庄子,楓子林,33-8
三芝區,大屯,,1006,三芝區,北新庄子,楓子林,36-1
三芝區,大屯,,1007,三芝區,北新庄子,楓子林,36
三芝區,大屯,,1008,三芝區,北新庄子,楓子林,30-4
三芝區,大屯,,1009,三芝區,北新庄子,楓子林,30-5
三芝區,大屯,,101,三芝區,北新庄子,龜子山,21-16
三芝區,大屯,,1010,三芝區,北新庄子,楓子林,37
三芝區,大屯,,1011,三芝區,北新庄子,楓子林,30-1
三芝區,大屯,,1012,三芝區,北新庄子,楓子林,33-11
三芝區,大屯,,1013,三芝區,北新庄子,楓子林,33-9
三芝區,大屯,,1014,三芝區,北新庄子,楓子林,33-14
三芝區,大屯,,1015,三芝區,北新庄子,楓子林,33-17
三芝區,大屯,,1016,三芝區,北新庄子,楓子林,33-16
三芝區,大屯,,1017,三芝區,北新庄子,楓子林,33-15
三芝區,大屯,,1018,三芝區,北新庄子,楓子林,33-18
三芝區,大屯,,1019,三芝區,北新庄子,楓子林,33-19
三芝區,大屯,,102,三芝區,北新庄子,龜子山,21-10
三芝區,大屯,,1020,三芝區,北新庄子,楓子林,33-20
三芝區,大屯,,1021,三芝區,北新庄子,楓子林,33-1
三芝區,大屯,,1022,三芝區,北新庄子,楓子林,33-22
三芝區,大屯,,1023,三芝區,北新庄子,楓子林,33-21
三芝區,大屯,,1024,三芝區,北新庄子,楓子林,33-6
三芝區,大屯,,1025,三芝區,北新庄子,楓子林,33-7
三芝區,大屯,,1026,三芝區,北新庄子,楓子林,33-10
三芝區,大屯,,1027,三芝區,北新庄子,楓子林,33-13
三芝區,大屯,,1028,三芝區,北新庄子,楓子林,33-23
三芝區,大屯,,1029,三芝區,北新庄子,楓子林,76-4
三芝區,大屯,,103,三芝區,北新庄子,龜子山,21-11
三芝區,大屯,,1030,三芝區,北新庄子,楓子林,76-15
三芝區,大屯,,1031,三芝區,北新庄子,楓子林,76-14
三芝區,大屯,,1032,三芝區,北新庄子,楓子林,76-7
三芝區,大屯,,1033,三芝區,北新庄子,楓子林,76-16
三芝區,大屯,,1034,三芝區,北新庄子,楓子林,76-11
三芝區,大屯,,1035,三芝區,北新庄子,楓子林,76-13
三芝區,大屯,,1036,三芝區,北新庄子,楓子林,76-8
三芝區,大屯,,1037,三芝區,北新庄子,楓子林,76
三芝區,大屯,,1038,三芝區,北新庄子,楓子林,76-6
三芝區,大屯,,1039,三芝區,北新庄子,楓子林,77
三芝區,大屯,,104,三芝區,北新庄子,龜子山,269-5
三芝區,大屯,,1040,三芝區,北新庄子,楓子林,77-1
三芝區,大屯,,1041,三芝區,北新庄子,楓子林,76-3
三芝區,大屯,,1042,三芝區,北新庄子,楓子林,76-18
三芝區,大屯,,1043,三芝區,北新庄子,楓子林,76-12
三芝區,大屯,,1044,三芝區,北新庄子,楓子林,33-2
三芝區,大屯,,1045,三芝區,北新庄子,楓子林,76-17
三芝區,大屯,,1046,三芝區,北新庄子,楓子林,76-2
三芝區,大屯,,1047,三芝區,北新庄子,楓子林,76-9
三芝區,大屯,,1048,三芝區,北新庄子,楓子林,76-1
三芝區,大屯,,1049,三芝區,北新庄子,楓子林,76-5
三芝區,大屯,,105,三芝區,北新庄子,龜子山,21-15
三芝區,大屯,,1050,三芝區,北新庄子,楓子林,76-10
三芝區,大屯,,1051,三芝區,北新庄子,楓子林,74-9
三芝區,大屯,,1052,三芝區,北新庄子,楓子林,74-10
三芝區,大屯,,1053,三芝區,北新庄子,楓子林,74-7
三芝區,大屯,,1054,三芝區,北新庄子,楓子林,33-5
三芝區,大屯,,1055,三芝區,北新庄子,楓子林,74-6
三芝區,大屯,,1056,三芝區,北新庄子,楓子林,74-12
三芝區,大屯,,1057,三芝區,北新庄子,楓子林,74-13
三芝區,大屯,,1058,三芝區,北新庄子,楓子林,74-14
三芝區,大屯,,1059,三芝區,北新庄子,楓子林,75
三芝區,大屯,,106,三芝區,北新庄子,龜子山,21-14
三芝區,大屯,,1060,三芝區,北新庄子,楓子林,74-11
三芝區,大屯,,1061,三芝區,北新庄子,楓子林,74-16
三芝區,大屯,,1062,三芝區,北新庄子,楓子林,74-15
三芝區,大屯,,1063,三芝區,北新庄子,楓子林,74-22
三芝區,大屯,,1064,三芝區,北新庄子,楓子林,74-24
三芝區,大屯,,1065,三芝區,北新庄子,楓子林,74-2
三芝區,大屯,,1066,三芝區,北新庄子,楓子林,74-23
三芝區,大屯,,1067,三芝區,北新庄子,楓子林,74-19
三芝區,大屯,,1068,三芝區,北新庄子,楓子林,74-20
三芝區,大屯,,1069,三芝區,北新庄子,楓子林,74-21
三芝區,大屯,,107,三芝區,北新庄子,龜子山,176
三芝區,大屯,,1070,三芝區,北新庄子,楓子林,74-8
三芝區,大屯,,1071,三芝區,北新庄子,楓子林,74
三芝區,大屯,,1072,三芝區,北新庄子,楓子林,74-4
三芝區,大屯,,1073,三芝區,北新庄子,楓子林,33-3
三芝區,大屯,,1074,三芝區,北新庄子,楓子林,74-3
三芝區,大屯,,1075,三芝區,北新庄子,楓子林,33-4
三芝區,大屯,,1076,三芝區,北新庄子,楓子林,78-22
三芝區,大屯,,1077,三芝區,北新庄子,楓子林,78-6
三芝區,大屯,,1078,三芝區,北新庄子,楓子林,78-7
三芝區,大屯,,1079,三芝區,北新庄子,楓子林,78-8
三芝區,大屯,,108,三芝區,北新庄子,龜子山,176-1
三芝區,大屯,,1080,三芝區,北新庄子,楓子林,78-11
三芝區,大屯,,1081,三芝區,北新庄子,楓子林,78-10
三芝區,大屯,,1082,三芝區,北新庄子,楓子林,79
三芝區,大屯,,1083,三芝區,北新庄子,楓子林,78-21
三芝區,大屯,,1084,三芝區,北新庄子,楓子林,79-6
三芝區,大屯,,1085,三芝區,北新庄子,楓子林,79-2
三芝區,大屯,,1086,三芝區,北新庄子,楓子林,79-1
三芝區,大屯,,1087,三芝區,北新庄子,楓子林,78
三芝區,大屯,,1088,三芝區,北新庄子,楓子林,78-4
三芝區,大屯,,1089,三芝區,北新庄子,楓子林,78-18
三芝區,大屯,,109,三芝區,北新庄子,龜子山,176-2
三芝區,大屯,,1090,三芝區,北新庄子,楓子林,78-3
三芝區,大屯,,1091,三芝區,北新庄子,楓子林,78-1
三芝區,大屯,,1092,三芝區,北新庄子,楓子林,78-5
三芝區,大屯,,1093,三芝區,北新庄子,楓子林,78-17
三芝區,大屯,,1094,三芝區,北新庄子,楓子林,78-16
三芝區,大屯,,1095,三芝區,北新庄子,楓子林,78-19
三芝區,大屯,,1096,三芝區,北新庄子,楓子林,78-20
三芝區,大屯,,1097,三芝區,北新庄子,楓子林,79-3
三芝區,大屯,,1098,三芝區,北新庄子,楓子林,78-15
三芝區,大屯,,1099,三芝區,北新庄子,楓子林,79-4
三芝區,大屯,,11,三芝區,北新庄子,龜子山,12
三芝區,大屯,,110,三芝區,北新庄子,龜子山,177
三芝區,大屯,,1100,三芝區,北新庄子,楓子林,78-12
三芝區,大屯,,1101,三芝區,北新庄子,楓子林,78-13
三芝區,大屯,,1102,三芝區,北新庄子,楓子林,78-2
三芝區,大屯,,1103,三芝區,北新庄子,楓子林,78-14
三芝區,大屯,,1104,三芝區,北新庄子,楓子林,79-5
三芝區,大屯,,1105,三芝區,北新庄子,龜子山,18-3
三芝區,大屯,,1106,三芝區,北新庄子,龜子山,43-47
三芝區,大屯,,1107,三芝區,北新庄子,龜子山,62-2
三芝區,大屯,,1108,三芝區,北新庄子,楓子林,66-1
三芝區,大屯,,111,三芝區,北新庄子,龜子山,178
三芝區,大屯,,112,三芝區,北新庄子,龜子山,183-4
三芝區,大屯,,113,三芝區,北新庄子,龜子山,176-3
三芝區,大屯,,114,三芝區,北新庄子,龜子山,269-3
三芝區,大屯,,115,三芝區,北新庄子,龜子山,176-4
三芝區,大屯,,116,三芝區,北新庄子,龜子山,181
三芝區,大屯,,117,三芝區,北新庄子,龜子山,180
三芝區,大屯,,118,三芝區,北新庄子,龜子山,170
三芝區,大屯,,119,三芝區,北新庄子,龜子山,157
三芝區,大屯,,12,三芝區,北新庄子,龜子山,12-17
三芝區,大屯,,120,三芝區,北新庄子,龜子山,171
三芝區,大屯,,121,三芝區,北新庄子,龜子山,172
三芝區,大屯,,122,三芝區,北新庄子,龜子山,170-1
三芝區,大屯,,123,三芝區,北新庄子,龜子山,165
三芝區,大屯,,124,三芝區,北新庄子,龜子山,267-2
三芝區,大屯,,125,三芝區,北新庄子,龜子山,167
三芝區,大屯,,126,三芝區,北新庄子,龜子山,168
三芝區,大屯,,127,三芝區,北新庄子,龜子山,173
三芝區,大屯,,128,三芝區,北新庄子,龜子山,174
三芝區,大屯,,129,三芝區,北新庄子,龜子山,175
三芝區,大屯,,13,三芝區,北新庄子,龜子山,12-18
三芝區,大屯,,130,三芝區,北新庄子,龜子山,170-2
三芝區,大屯,,131,三芝區,北新庄子,龜子山,170-5
三芝區,大屯,,132,三芝區,北新庄子,龜子山,170-4
三芝區,大屯,,133,三芝區,北新庄子,龜子山,170-3
三芝區,大屯,,134,三芝區,北新庄子,龜子山,267-3
三芝區,大屯,,135,三芝區,北新庄子,龜子山,169
三芝區,大屯,,136,三芝區,北新庄子,龜子山,163
三芝區,大屯,,137,三芝區,北新庄子,龜子山,166
三芝區,大屯,,138,三芝區,北新庄子,龜子山,164
三芝區,大屯,,139,三芝區,北新庄子,龜子山,158
三芝區,大屯,,14,三芝區,北新庄子,龜子山,280-1
三芝區,大屯,,140,三芝區,北新庄子,龜子山,155-1
三芝區,大屯,,141,三芝區,北新庄子,龜子山,155
三芝區,大屯,,142,三芝區,北新庄子,龜子山,155-5
三芝區,大屯,,143,三芝區,北新庄子,龜子山,155-4
三芝區,大屯,,144,三芝區,北新庄子,龜子山,155-3
三芝區,大屯,,145,三芝區,北新庄子,龜子山,155-2
三芝區,大屯,,146,三芝區,北新庄子,龜子山,159-1
三芝區,大屯,,147,三芝區,北新庄子,龜子山,162-2
三芝區,大屯,,148,三芝區,北新庄子,龜子山,162-1
三芝區,大屯,,149,三芝區,北新庄子,龜子山,162
三芝區,大屯,,15,三芝區,北新庄子,龜子山,12-1
三芝區,大屯,,150,三芝區,北新庄子,龜子山,161
三芝區,大屯,,151,三芝區,北新庄子,龜子山,160
三芝區,大屯,,152,三芝區,北新庄子,龜子山,162-3
三芝區,大屯,,153,三芝區,北新庄子,龜子山,162-4
三芝區,大屯,,154,三芝區,北新庄子,龜子山,159
三芝區,大屯,,155,三芝區,北新庄子,龜子山,27
三芝區,大屯,,156,三芝區,北新庄子,龜子山,27-3
三芝區,大屯,,157,三芝區,北新庄子,龜子山,27-1
三芝區,大屯,,158,三芝區,北新庄子,龜子山,9-14
三芝區,大屯,,159,三芝區,北新庄子,龜子山,9-4
三芝區,大屯,,16,三芝區,北新庄子,龜子山,284-3
三芝區,大屯,,160,三芝區,北新庄子,龜子山,9-18
三芝區,大屯,,161,三芝區,北新庄子,龜子山,8-2
三芝區,大屯,,162,三芝區,北新庄子,龜子山,8-1
三芝區,大屯,,163,三芝區,北新庄子,龜子山,8
三芝區,大屯,,164,三芝區,北新庄子,龜子山,4-6
三芝區,大屯,,165,三芝區,北新庄子,龜子山,7-24
三芝區,大屯,,166,三芝區,北新庄子,龜子山,7-23
三芝區,大屯,,167,三芝區,北新庄子,龜子山,7-7
三芝區,大屯,,168,三芝區,北新庄子,龜子山,9-5
三芝區,大屯,,169,三芝區,北新庄子,龜子山,9-10
三芝區,大屯,,17,三芝區,北新庄子,龜子山,284-2
三芝區,大屯,,170,三芝區,北新庄子,龜子山,9-3
三芝區,大屯,,171,三芝區,北新庄子,龜子山,9-1
三芝區,大屯,,172,三芝區,北新庄子,龜子山,7-4
三芝區,大屯,,173,三芝區,北新庄子,龜子山,9-15
三芝區,大屯,,174,三芝區,北新庄子,龜子山,47-1
三芝區,大屯,,175,三芝區,北新庄子,龜子山,9-17
三芝區,大屯,,176,三芝區,北新庄子,龜子山,9-2
三芝區,大屯,,177,三芝區,北新庄子,龜子山,7-18
三芝區,大屯,,178,三芝區,北新庄子,龜子山,7-2
三芝區,大屯,,179,三芝區,北新庄子,龜子山,7-17
三芝區,大屯,,18,三芝區,北新庄子,龜子山,12-4
三芝區,大屯,,180,三芝區,北新庄子,龜子山,7-16
三芝區,大屯,,181,三芝區,北新庄子,龜子山,7-3
三芝區,大屯,,182,三芝區,北新庄子,龜子山,7-5
三芝區,大屯,,183,三芝區,北新庄子,龜子山,27-4
三芝區,大屯,,184,三芝區,北新庄子,龜子山,150-6
三芝區,大屯,,185,三芝區,北新庄子,龜子山,27-5
三芝區,大屯,,186,三芝區,北新庄子,龜子山,27-2
三芝區,大屯,,187,三芝區,北新庄子,龜子山,183-3
三芝區,大屯,,188,三芝區,北新庄子,龜子山,183-2
三芝區,大屯,,189,三芝區,北新庄子,龜子山,182
三芝區,大屯,,19,三芝區,北新庄子,龜子山,12-12
三芝區,大屯,,190,三芝區,北新庄子,龜子山,193-2
三芝區,大屯,,191,三芝區,北新庄子,龜子山,183-5
三芝區,大屯,,192,三芝區,北新庄子,龜子山,185
三芝區,大屯,,193,三芝區,北新庄子,龜子山,185-1
三芝區,大屯,,194,三芝區,北新庄子,龜子山,183-1
三芝區,大屯,,195,三芝區,北新庄子,龜子山,186-2
三芝區,大屯,,196,三芝區,北新庄子,龜子山,186
三芝區,大屯,,197,三芝區,北新庄子,龜子山,189-7
三芝區,大屯,,198,三芝區,北新庄子,龜子山,189-4
三芝區,大屯,,199,三芝區,北新庄子,龜子山,189-6
三芝區,大屯,,2,三芝區,北新庄子,龜子山,12-2
三芝區,大屯,,20,三芝區,北新庄子,龜子山,12-19
三芝區,大屯,,200,三芝區,北新庄子,龜子山,189-5
三芝區,大屯,,201,三芝區,北新庄子,龜子山,189
三芝區,大屯,,202,三芝區,北新庄子,龜子山,184
三芝區,大屯,,203,三芝區,北新庄子,龜子山,183
三芝區,大屯,,204,三芝區,北新庄子,龜子山,150-7
三芝區,大屯,,205,三芝區,北新庄子,龜子山,192
三芝區,大屯,,206,三芝區,北新庄子,龜子山,192-1
三芝區,大屯,,207,三芝區,北新庄子,龜子山,192-2
三芝區,大屯,,208,三芝區,北新庄子,龜子山,191
三芝區,大屯,,209,三芝區,北新庄子,龜子山,190-1
三芝區,大屯,,21,三芝區,北新庄子,龜子山,11-1
三芝區,大屯,,210,三芝區,北新庄子,龜子山,190
三芝區,大屯,,211,三芝區,北新庄子,龜子山,206
三芝區,大屯,,212,三芝區,北新庄子,龜子山,189-3
三芝區,大屯,,213,三芝區,北新庄子,龜子山,187
三芝區,大屯,,214,三芝區,北新庄子,龜子山,189-2
三芝區,大屯,,215,三芝區,北新庄子,龜子山,187-1
三芝區,大屯,,216,三芝區,北新庄子,龜子山,188
三芝區,大屯,,217,三芝區,北新庄子,龜子山,193
三芝區,大屯,,218,三芝區,北新庄子,龜子山,193-3
三芝區,大屯,,219,三芝區,北新庄子,龜子山,193-1
三芝區,大屯,,22,三芝區,北新庄子,龜子山,11
三芝區,大屯,,220,三芝區,北新庄子,龜子山,194
三芝區,大屯,,221,三芝區,北新庄子,龜子山,194-1
三芝區,大屯,,222,三芝區,北新庄子,龜子山,193-4
三芝區,大屯,,223,三芝區,北新庄子,龜子山,195
三芝區,大屯,,224,三芝區,北新庄子,龜子山,150-1
三芝區,大屯,,225,三芝區,北新庄子,龜子山,151-5
三芝區,大屯,,226,三芝區,北新庄子,龜子山,154
三芝區,大屯,,227,三芝區,北新庄子,龜子山,151-6
三芝區,大屯,,228,三芝區,北新庄子,龜子山,154-1
三芝區,大屯,,229,三芝區,北新庄子,龜子山,151-7
三芝區,大屯,,23,三芝區,北新庄子,龜子山,11-4
三芝區,大屯,,230,三芝區,北新庄子,龜子山,150-4
三芝區,大屯,,231,三芝區,北新庄子,龜子山,150-3
三芝區,大屯,,232,三芝區,北新庄子,龜子山,151-4
三芝區,大屯,,233,三芝區,北新庄子,龜子山,150-5
三芝區,大屯,,234,三芝區,北新庄子,龜子山,265-3
三芝區,大屯,,235,三芝區,北新庄子,龜子山,150-2
三芝區,大屯,,236,三芝區,北新庄子,龜子山,150
三芝區,大屯,,237,三芝區,北新庄子,龜子山,30-8
三芝區,大屯,,238,三芝區,北新庄子,龜子山,30-7
三芝區,大屯,,239,三芝區,北新庄子,龜子山,30
三芝區,大屯,,24,三芝區,北新庄子,龜子山,279-1
三芝區,大屯,,240,三芝區,北新庄子,龜子山,30-4
三芝區,大屯,,241,三芝區,北新庄子,龜子山,30-2
三芝區,大屯,,242,三芝區,北新庄子,龜子山,28
三芝區,大屯,,243,三芝區,北新庄子,龜子山,30-6
三芝區,大屯,,244,三芝區,北新庄子,龜子山,117-4
三芝區,大屯,,245,三芝區,北新庄子,龜子山,29
三芝區,大屯,,246,三芝區,北新庄子,龜子山,29-1
三芝區,大屯,,247,三芝區,北新庄子,龜子山,28-1
三芝區,大屯,,248,三芝區,北新庄子,龜子山,30-3
三芝區,大屯,,249,三芝區,北新庄子,龜子山,33-4
三芝區,大屯,,25,三芝區,北新庄子,龜子山,12-6
三芝區,大屯,,250,三芝區,北新庄子,龜子山,33
三芝區,大屯,,251,三芝區,北新庄子,龜子山,33-2
三芝區,大屯,,252,三芝區,北新庄子,龜子山,33-3
三芝區,大屯,,253,三芝區,北新庄子,龜子山,47
三芝區,大屯,,254,三芝區,北新庄子,龜子山,117-3
三芝區,大屯,,255,三芝區,北新庄子,龜子山,32-3
三芝區,大屯,,256,三芝區,北新庄子,龜子山,32-2
三芝區,大屯,,257,三芝區,北新庄子,龜子山,32-5
三芝區,大屯,,258,三芝區,北新庄子,龜子山,32-1
三芝區,大屯,,259,三芝區,北新庄子,龜子山,32
三芝區,大屯,,26,三芝區,北新庄子,龜子山,12-5
三芝區,大屯,,260,三芝區,北新庄子,龜子山,31
三芝區,大屯,,261,三芝區,北新庄子,龜子山,30-1
三芝區,大屯,,262,三芝區,北新庄子,龜子山,32-6
三芝區,大屯,,263,三芝區,北新庄子,龜子山,32-4
三芝區,大屯,,264,三芝區,北新庄子,龜子山,114-2
三芝區,大屯,,265,三芝區,北新庄子,龜子山,198-9
三芝區,大屯,,266,三芝區,北新庄子,龜子山,198-7
三芝區,大屯,,267,三芝區,北新庄子,龜子山,198-5
三芝區,大屯,,268,三芝區,北新庄子,龜子山,203-4
三芝區,大屯,,269,三芝區,北新庄子,龜子山,204
三芝區,大屯,,27,三芝區,北新庄子,龜子山,12-13
三芝區,大屯,,270,三芝區,北新庄子,龜子山,203-2
三芝區,大屯,,271,三芝區,北新庄子,龜子山,198
三芝區,大屯,,272,三芝區,北新庄子,龜子山,198-6
三芝區,大屯,,273,三芝區,北新庄子,龜子山,198-4
三芝區,大屯,,274,三芝區,北新庄子,龜子山,114-1
三芝區,大屯,,275,三芝區,北新庄子,龜子山,198-2
三芝區,大屯,,276,三芝區,北新庄子,龜子山,202
三芝區,大屯,,277,三芝區,北新庄子,龜子山,199-2
三芝區,大屯,,278,三芝區,北新庄子,龜子山,199-1
三芝區,大屯,,279,三芝區,北新庄子,龜子山,198-3
三芝區,大屯,,28,三芝區,北新庄子,龜子山,12-8
三芝區,大屯,,280,三芝區,北新庄子,龜子山,199-3
三芝區,大屯,,281,三芝區,北新庄子,龜子山,199
三芝區,大屯,,282,三芝區,北新庄子,龜子山,196
三芝區,大屯,,283,三芝區,北新庄子,龜子山,198-10
三芝區,大屯,,284,三芝區,北新庄子,龜子山,113-2
三芝區,大屯,,285,三芝區,北新庄子,龜子山,200
三芝區,大屯,,286,三芝區,北新庄子,龜子山,201
三芝區,大屯,,287,三芝區,北新庄子,龜子山,198-1
三芝區,大屯,,288,三芝區,北新庄子,龜子山,198-8
三芝區,大屯,,289,三芝區,北新庄子,龜子山,147-5
三芝區,大屯,,29,三芝區,北新庄子,龜子山,12-7
三芝區,大屯,,290,三芝區,北新庄子,龜子山,145-1
三芝區,大屯,,291,三芝區,北新庄子,龜子山,145
三芝區,大屯,,292,三芝區,北新庄子,龜子山,145-2
三芝區,大屯,,293,三芝區,北新庄子,龜子山,145-3
三芝區,大屯,,294,三芝區,北新庄子,龜子山,113-1
三芝區,大屯,,295,三芝區,北新庄子,龜子山,147-2
三芝區,大屯,,296,三芝區,北新庄子,龜子山,146
三芝區,大屯,,297,三芝區,北新庄子,龜子山,140
三芝區,大屯,,298,三芝區,北新庄子,龜子山,141
三芝區,大屯,,299,三芝區,北新庄子,龜子山,141-1
三芝區,大屯,,3,三芝區,北新庄子,龜子山,12-3
三芝區,大屯,,30,三芝區,北新庄子,龜子山,12-14
三芝區,大屯,,300,三芝區,北新庄子,龜子山,223
三芝區,大屯,,301,三芝區,北新庄子,龜子山,197
三芝區,大屯,,302,三芝區,北新庄子,龜子山,222
三芝區,大屯,,303,三芝區,北新庄子,龜子山,219-3
三芝區,大屯,,304,三芝區,北新庄子,龜子山,69-14
三芝區,大屯,,305,三芝區,北新庄子,龜子山,219-2
三芝區,大屯,,306,三芝區,北新庄子,龜子山,220
三芝區,大屯,,307,三芝區,北新庄子,龜子山,219
三芝區,大屯,,308,三芝區,北新庄子,龜子山,219-1
三芝區,大屯,,309,三芝區,北新庄子,龜子山,203
三芝區,大屯,,31,三芝區,北新庄子,龜子山,10
三芝區,大屯,,310,三芝區,北新庄子,龜子山,203-6
三芝區,大屯,,311,三芝區,北新庄子,龜子山,203-7
三芝區,大屯,,312,三芝區,北新庄子,龜子山,208
三芝區,大屯,,313,三芝區,北新庄子,龜子山,209
三芝區,大屯,,314,三芝區,北新庄子,龜子山,137-1
三芝區,大屯,,315,三芝區,北新庄子,龜子山,205
三芝區,大屯,,316,三芝區,北新庄子,龜子山,207
三芝區,大屯,,317,三芝區,北新庄子,龜子山,210
三芝區,大屯,,318,三芝區,北新庄子,龜子山,212
三芝區,大屯,,319,三芝區,北新庄子,龜子山,212-1
三芝區,大屯,,32,三芝區,北新庄子,龜子山,12-9
三芝區,大屯,,320,三芝區,北新庄子,龜子山,203-1
三芝區,大屯,,321,三芝區,北新庄子,龜子山,214-2
三芝區,大屯,,322,三芝區,北新庄子,龜子山,214-1
三芝區,大屯,,323,三芝區,北新庄子,龜子山,214
三芝區,大屯,,324,三芝區,北新庄子,龜子山,136-1
三芝區,大屯,,325,三芝區,北新庄子,龜子山,217-2
三芝區,大屯,,326,三芝區,北新庄子,龜子山,217-1
三芝區,大屯,,327,三芝區,北新庄子,龜子山,217
三芝區,大屯,,328,三芝區,北新庄子,龜子山,218
三芝區,大屯,,329,三芝區,北新庄子,龜子山,218-2
三芝區,大屯,,33,三芝區,北新庄子,龜子山,10-2
三芝區,大屯,,330,三芝區,北新庄子,龜子山,225-3
三芝區,大屯,,331,三芝區,北新庄子,龜子山,225-2
三芝區,大屯,,332,三芝區,北新庄子,龜子山,224
三芝區,大屯,,333,三芝區,北新庄子,龜子山,225-1
三芝區,大屯,,334,三芝區,北新庄子,龜子山,225
三芝區,大屯,,335,三芝區,北新庄子,龜子山,144
三芝區,大屯,,336,三芝區,北新庄子,龜子山,143
三芝區,大屯,,337,三芝區,北新庄子,龜子山,142
三芝區,大屯,,338,三芝區,北新庄子,龜子山,139
三芝區,大屯,,339,三芝區,北新庄子,龜子山,137
三芝區,大屯,,34,三芝區,北新庄子,龜子山,279-4
三芝區,大屯,,340,三芝區,北新庄子,龜子山,149-1
三芝區,大屯,,341,三芝區,北新庄子,龜子山,149
三芝區,大屯,,342,三芝區,北新庄子,龜子山,51-4
三芝區,大屯,,343,三芝區,北新庄子,龜子山,51-1
三芝區,大屯,,344,三芝區,北新庄子,龜子山,66-1
三芝區,大屯,,345,三芝區,北新庄子,龜子山,51
三芝區,大屯,,346,三芝區,北新庄子,龜子山,51-2
三芝區,大屯,,347,三芝區,北新庄子,龜子山,50
三芝區,大屯,,348,三芝區,北新庄子,龜子山,52
三芝區,大屯,,349,三芝區,北新庄子,龜子山,53
三芝區,大屯,,35,三芝區,北新庄子,龜子山,281-1
三芝區,大屯,,350,三芝區,北新庄子,龜子山,49
三芝區,大屯,,351,三芝區,北新庄子,龜子山,48
三芝區,大屯,,352,三芝區,北新庄子,龜子山,54
三芝區,大屯,,353,三芝區,北新庄子,龜子山,54-2
三芝區,大屯,,354,三芝區,北新庄子,龜子山,54-1
三芝區,大屯,,355,三芝區,北新庄子,龜子山,58
三芝區,大屯,,356,三芝區,北新庄子,龜子山,58-1
三芝區,大屯,,357,三芝區,北新庄子,龜子山,59-1
三芝區,大屯,,358,三芝區,北新庄子,龜子山,56
三芝區,大屯,,359,三芝區,北新庄子,龜子山,57-2
三芝區,大屯,,36,三芝區,北新庄子,龜子山,11-2
三芝區,大屯,,360,三芝區,北新庄子,龜子山,59
三芝區,大屯,,361,三芝區,北新庄子,龜子山,59-3
三芝區,大屯,,362,三芝區,北新庄子,龜子山,59-2
三芝區,大屯,,363,三芝區,北新庄子,龜子山,62
三芝區,大屯,,364,三芝區,北新庄子,龜子山,69-2
三芝區,大屯,,365,三芝區,北新庄子,龜子山,62-6
三芝區,大屯,,366,三芝區,北新庄子,龜子山,60
三芝區,大屯,,367,三芝區,北新庄子,龜子山,62-7
三芝區,大屯,,368,三芝區,北新庄子,龜子山,62-8
三芝區,大屯,,369,三芝區,北新庄子,龜子山,63
三芝區,大屯,,37,三芝區,北新庄子,龜子山,10-1
三芝區,大屯,,370,三芝區,北新庄子,龜子山,62-5
三芝區,大屯,,371,三芝區,北新庄子,龜子山,63-4
三芝區,大屯,,372,三芝區,北新庄子,龜子山,67
三芝區,大屯,,373,三芝區,北新庄子,龜子山,66
三芝區,大屯,,374,三芝區,北新庄子,龜子山,69-16
三芝區,大屯,,375,三芝區,北新庄子,龜子山,65
三芝區,大屯,,376,三芝區,北新庄子,龜子山,61-1
三芝區,大屯,,377,三芝區,北新庄子,龜子山,43-26
三芝區,大屯,,378,三芝區,北新庄子,龜子山,61-2
三芝區,大屯,,379,三芝區,北新庄子,龜子山,61-3
三芝區,大屯,,38,三芝區,北新庄子,龜子山,14-2
三芝區,大屯,,380,三芝區,北新庄子,龜子山,61
三芝區,大屯,,381,三芝區,北新庄子,龜子山,61-4
三芝區,大屯,,382,三芝區,北新庄子,龜子山,43-25
三芝區,大屯,,383,三芝區,北新庄子,龜子山,43-10
三芝區,大屯,,384,三芝區,北新庄子,龜子山,43-34
三芝區,大屯,,385,三芝區,北新庄子,龜子山,43-2
三芝區,大屯,,386,三芝區,北新庄子,龜子山,43-37
三芝區,大屯,,387,三芝區,北新庄子,龜子山,43-35
三芝區,大屯,,388,三芝區,北新庄子,龜子山,43-8
三芝區,大屯,,389,三芝區,北新庄子,龜子山,43-14
三芝區,大屯,,39,三芝區,北新庄子,龜子山,14-1
三芝區,大屯,,390,三芝區,北新庄子,龜子山,43-27
三芝區,大屯,,391,三芝區,北新庄子,龜子山,43-9
三芝區,大屯,,392,三芝區,北新庄子,龜子山,43-7
三芝區,大屯,,393,三芝區,北新庄子,龜子山,43-24
三芝區,大屯,,394,三芝區,北新庄子,龜子山,43-12
三芝區,大屯,,395,三芝區,北新庄子,龜子山,43-23
三芝區,大屯,,396,三芝區,北新庄子,龜子山,43-6
三芝區,大屯,,397,三芝區,北新庄子,龜子山,43-5
三芝區,大屯,,398,三芝區,北新庄子,龜子山,43-33
三芝區,大屯,,399,三芝區,北新庄子,龜子山,69-15
三芝區,大屯,,4,三芝區,北新庄子,龜子山,280-3
三芝區,大屯,,40,三芝區,北新庄子,龜子山,278-11
三芝區,大屯,,400,三芝區,北新庄子,龜子山,43-45
三芝區,大屯,,401,三芝區,北新庄子,龜子山,43-15
三芝區,大屯,,402,三芝區,北新庄子,龜子山,43-32
三芝區,大屯,,403,三芝區,北新庄子,龜子山,43-16
三芝區,大屯,,404,三芝區,北新庄子,龜子山,43-36
三芝區,大屯,,405,三芝區,北新庄子,龜子山,43-38
三芝區,大屯,,406,三芝區,北新庄子,龜子山,43-18
三芝區,大屯,,407,三芝區,北新庄子,龜子山,43-46
三芝區,大屯,,408,三芝區,北新庄子,龜子山,44-5
三芝區,大屯,,409,三芝區,北新庄子,龜子山,44-10
三芝區,大屯,,41,三芝區,北新庄子,龜子山,278-4
三芝區,大屯,,410,三芝區,北新庄子,龜子山,40-4
三芝區,大屯,,411,三芝區,北新庄子,龜子山,37-1
三芝區,大屯,,412,三芝區,北新庄子,龜子山,40-3
三芝區,大屯,,413,三芝區,北新庄子,龜子山,40-5
三芝區,大屯,,414,三芝區,北新庄子,龜子山,44-8
三芝區,大屯,,415,三芝區,北新庄子,龜子山,40-39
三芝區,大屯,,416,三芝區,北新庄子,龜子山,40-37
三芝區,大屯,,417,三芝區,北新庄子,龜子山,40-2
三芝區,大屯,,418,三芝區,北新庄子,龜子山,40-1
三芝區,大屯,,419,三芝區,北新庄子,龜子山,39
三芝區,大屯,,42,三芝區,北新庄子,龜子山,278-12
三芝區,大屯,,420,三芝區,北新庄子,龜子山,38
三芝區,大屯,,421,三芝區,北新庄子,龜子山,37
三芝區,大屯,,422,三芝區,北新庄子,龜子山,37-2
三芝區,大屯,,423,三芝區,北新庄子,龜子山,33-1
三芝區,大屯,,424,三芝區,北新庄子,龜子山,44-4
三芝區,大屯,,425,三芝區,北新庄子,龜子山,34
三芝區,大屯,,426,三芝區,北新庄子,龜子山,35
三芝區,大屯,,427,三芝區,北新庄子,龜子山,36
三芝區,大屯,,428,三芝區,北新庄子,龜子山,40
三芝區,大屯,,429,三芝區,北新庄子,龜子山,41
三芝區,大屯,,43,三芝區,北新庄子,龜子山,278-13
三芝區,大屯,,430,三芝區,北新庄子,龜子山,40-38
三芝區,大屯,,431,三芝區,北新庄子,龜子山,40-29
三芝區,大屯,,432,三芝區,北新庄子,龜子山,40-21
三芝區,大屯,,433,三芝區,北新庄子,龜子山,40-10
三芝區,大屯,,434,三芝區,北新庄子,龜子山,43-40
三芝區,大屯,,435,三芝區,北新庄子,龜子山,40-14
三芝區,大屯,,436,三芝區,北新庄子,龜子山,40-25
三芝區,大屯,,437,三芝區,北新庄子,龜子山,40-24
三芝區,大屯,,438,三芝區,北新庄子,龜子山,43-30
三芝區,大屯,,439,三芝區,北新庄子,龜子山,43-44
三芝區,大屯,,44,三芝區,北新庄子,龜子山,278-14
三芝區,大屯,,440,三芝區,北新庄子,龜子山,43-20
三芝區,大屯,,441,三芝區,北新庄子,龜子山,43-42
三芝區,大屯,,442,三芝區,北新庄子,龜子山,43-22
三芝區,大屯,,443,三芝區,北新庄子,龜子山,43-43
三芝區,大屯,,444,三芝區,北新庄子,龜子山,40-23
三芝區,大屯,,445,三芝區,北新庄子,龜子山,40-13
三芝區,大屯,,446,三芝區,北新庄子,龜子山,40-26
三芝區,大屯,,447,三芝區,北新庄子,龜子山,40-28
三芝區,大屯,,448,三芝區,北新庄子,龜子山,40-12
三芝區,大屯,,449,三芝區,北新庄子,龜子山,40-27
三芝區,大屯,,45,三芝區,北新庄子,龜子山,278-15
三芝區,大屯,,450,三芝區,北新庄子,龜子山,40-22
三芝區,大屯,,451,三芝區,北新庄子,龜子山,40-11
三芝區,大屯,,452,三芝區,北新庄子,龜子山,40-9
三芝區,大屯,,453,三芝區,北新庄子,龜子山,40-19
三芝區,大屯,,454,三芝區,北新庄子,龜子山,40-8
三芝區,大屯,,455,三芝區,北新庄子,龜子山,40-18
三芝區,大屯,,456,三芝區,北新庄子,龜子山,42
三芝區,大屯,,457,三芝區,北新庄子,龜子山,41-1
三芝區,大屯,,458,三芝區,北新庄子,龜子山,43
三芝區,大屯,,459,三芝區,北新庄子,龜子山,43-21
三芝區,大屯,,46,三芝區,北新庄子,龜子山,278-16
三芝區,大屯,,460,三芝區,北新庄子,龜子山,43-41
三芝區,大屯,,461,三芝區,北新庄子,龜子山,44-3
三芝區,大屯,,462,三芝區,北新庄子,龜子山,44-9
三芝區,大屯,,463,三芝區,北新庄子,龜子山,43-39
三芝區,大屯,,464,三芝區,北新庄子,龜子山,287
三芝區,大屯,,465,三芝區,北新庄子,龜子山,43-31
三芝區,大屯,,466,三芝區,北新庄子,龜子山,44-6
三芝區,大屯,,467,三芝區,北新庄子,龜子山,44
三芝區,大屯,,468,三芝區,北新庄子,龜子山,44-1
三芝區,大屯,,469,三芝區,北新庄子,龜子山,44-2
三芝區,大屯,,47,三芝區,北新庄子,龜子山,277-13
三芝區,大屯,,470,三芝區,北新庄子,龜子山,43-29
三芝區,大屯,,471,三芝區,北新庄子,龜子山,44-7
三芝區,大屯,,472,三芝區,北新庄子,龜子山,43-52
三芝區,大屯,,473,三芝區,北新庄子,龜子山,43-28
三芝區,大屯,,474,三芝區,北新庄子,龜子山,45
三芝區,大屯,,475,三芝區,北新庄子,龜子山,45-1
三芝區,大屯,,476,三芝區,北新庄子,龜子山,43-3
三芝區,大屯,,477,三芝區,北新庄子,龜子山,43-51
三芝區,大屯,,478,三芝區,北新庄子,龜子山,43-11
三芝區,大屯,,479,三芝區,北新庄子,龜子山,45-5
三芝區,大屯,,48,三芝區,北新庄子,龜子山,277-4
三芝區,大屯,,480,三芝區,北新庄子,龜子山,46
三芝區,大屯,,481,三芝區,北新庄子,龜子山,46-1
三芝區,大屯,,482,三芝區,北新庄子,龜子山,45-6
三芝區,大屯,,483,三芝區,北新庄子,龜子山,43-50
三芝區,大屯,,484,三芝區,北新庄子,龜子山,43-53
三芝區,大屯,,485,三芝區,北新庄子,龜子山,43-48
三芝區,大屯,,486,三芝區,北新庄子,龜子山,43-49
三芝區,大屯,,487,三芝區,北新庄子,龜子山,231
三芝區,大屯,,488,三芝區,北新庄子,龜子山,232
三芝區,大屯,,489,三芝區,北新庄子,龜子山,7-8
三芝區,大屯,,49,三芝區,北新庄子,龜子山,277-14
三芝區,大屯,,490,三芝區,北新庄子,龜子山,2-39
三芝區,大屯,,491,三芝區,北新庄子,龜子山,2
三芝區,大屯,,492,三芝區,北新庄子,龜子山,4-4
三芝區,大屯,,493,三芝區,北新庄子,龜子山,4-5
三芝區,大屯,,494,三芝區,北新庄子,龜子山,4-3
三芝區,大屯,,495,三芝區,北新庄子,龜子山,7-12
三芝區,大屯,,496,三芝區,北新庄子,龜子山,5-1
三芝區,大屯,,497,三芝區,北新庄子,龜子山,6-1
三芝區,大屯,,498,三芝區,北新庄子,龜子山,286-3
三芝區,大屯,,499,三芝區,北新庄子,龜子山,6-4
三芝區,大屯,,5,三芝區,北新庄子,龜子山,12-11
三芝區,大屯,,50,三芝區,北新庄子,龜子山,14
三芝區,大屯,,500,三芝區,北新庄子,龜子山,4-7
三芝區,大屯,,501,三芝區,北新庄子,龜子山,6
三芝區,大屯,,502,三芝區,北新庄子,龜子山,7-15
三芝區,大屯,,503,三芝區,北新庄子,龜子山,286-2
三芝區,大屯,,504,三芝區,北新庄子,龜子山,284-27
三芝區,大屯,,505,三芝區,北新庄子,龜子山,7-11
三芝區,大屯,,506,三芝區,北新庄子,龜子山,2-56
三芝區,大屯,,507,三芝區,北新庄子,龜子山,285-7
三芝區,大屯,,508,三芝區,北新庄子,龜子山,1-1
三芝區,大屯,,509,三芝區,北新庄子,龜子山,1
三芝區,大屯,,51,三芝區,北新庄子,龜子山,18-7
三芝區,大屯,,510,三芝區,北新庄子,龜子山,5-4
三芝區,大屯,,511,三芝區,北新庄子,龜子山,1-2
三芝區,大屯,,512,三芝區,北新庄子,龜子山,5
三芝區,大屯,,513,三芝區,北新庄子,龜子山,5-2
三芝區,大屯,,514,三芝區,北新庄子,龜子山,5-3
三芝區,大屯,,515,三芝區,北新庄子,龜子山,284-12
三芝區,大屯,,516,三芝區,北新庄子,龜子山,285-1
三芝區,大屯,,517,三芝區,北新庄子,龜子山,285-8
三芝區,大屯,,518,三芝區,北新庄子,龜子山,284-26
三芝區,大屯,,519,三芝區,北新庄子,龜子山,285-13
三芝區,大屯,,52,三芝區,北新庄子,龜子山,15
三芝區,大屯,,520,三芝區,北新庄子,龜子山,284-25
三芝區,大屯,,521,三芝區,北新庄子,龜子山,284-13
三芝區,大屯,,522,三芝區,北新庄子,龜子山,284-10
三芝區,大屯,,523,三芝區,北新庄子,龜子山,284-17
三芝區,大屯,,524,三芝區,北新庄子,龜子山,284
三芝區,大屯,,525,三芝區,北新庄子,龜子山,283
三芝區,大屯,,526,三芝區,北新庄子,龜子山,284-21
三芝區,大屯,,527,三芝區,北新庄子,龜子山,284-15
三芝區,大屯,,528,三芝區,北新庄子,龜子山,284-14
三芝區,大屯,,529,三芝區,北新庄子,龜子山,284-23
三芝區,大屯,,53,三芝區,北新庄子,龜子山,17-2
三芝區,大屯,,530,三芝區,北新庄子,龜子山,284-16
三芝區,大屯,,531,三芝區,北新庄子,龜子山,284-20
三芝區,大屯,,532,三芝區,北新庄子,龜子山,284-22
三芝區,大屯,,533,三芝區,北新庄子,龜子山,284-9
三芝區,大屯,,534,三芝區,北新庄子,龜子山,284-1
三芝區,大屯,,535,三芝區,北新庄子,龜子山,284-18
三芝區,大屯,,536,三芝區,北新庄子,龜子山,284-11
三芝區,大屯,,537,三芝區,北新庄子,龜子山,284-24
三芝區,大屯,,538,三芝區,北新庄子,龜子山,284-19
三芝區,大屯,,539,三芝區,北新庄子,龜子山,284-28
三芝區,大屯,,54,三芝區,北新庄子,龜子山,275-2
三芝區,大屯,,540,三芝區,北新庄子,龜子山,285-12
三芝區,大屯,,541,三芝區,北新庄子,龜子山,285-6
三芝區,大屯,,542,三芝區,北新庄子,龜子山,285-11
三芝區,大屯,,543,三芝區,北新庄子,龜子山,285-3
三芝區,大屯,,544,三芝區,北新庄子,龜子山,284-5
三芝區,大屯,,545,三芝區,北新庄子,龜子山,7-14
三芝區,大屯,,546,三芝區,北新庄子,龜子山,7-13
三芝區,大屯,,547,三芝區,北新庄子,龜子山,284-4
三芝區,大屯,,548,三芝區,北新庄子,龜子山,4-9
三芝區,大屯,,549,三芝區,北新庄子,龜子山,4-10
三芝區,大屯,,55,三芝區,北新庄子,龜子山,16-2
三芝區,大屯,,550,三芝區,北新庄子,龜子山,7-6
三芝區,大屯,,551,三芝區,北新庄子,龜子山,7-21
三芝區,大屯,,552,三芝區,北新庄子,龜子山,7-22
三芝區,大屯,,553,三芝區,北新庄子,龜子山,7-20
三芝區,大屯,,554,三芝區,北新庄子,龜子山,7
三芝區,大屯,,555,三芝區,北新庄子,龜子山,2-5
三芝區,大屯,,556,三芝區,北新庄子,龜子山,285-2
三芝區,大屯,,557,三芝區,北新庄子,龜子山,285-10
三芝區,大屯,,558,三芝區,北新庄子,龜子山,285-4
三芝區,大屯,,559,三芝區,北新庄子,龜子山,285-9
三芝區,大屯,,56,三芝區,北新庄子,龜子山,21-4
三芝區,大屯,,560,三芝區,北新庄子,龜子山,285-5
三芝區,大屯,,561,三芝區,北新庄子,龜子山,4-8
三芝區,大屯,,562,三芝區,北新庄子,龜子山,2-37
三芝區,大屯,,563,三芝區,北新庄子,龜子山,2-2
三芝區,大屯,,564,三芝區,北新庄子,龜子山,2-44
三芝區,大屯,,565,三芝區,北新庄子,龜子山,2-4
三芝區,大屯,,566,三芝區,北新庄子,龜子山,6-3
三芝區,大屯,,567,三芝區,北新庄子,龜子山,2-32
三芝區,大屯,,568,三芝區,北新庄子,龜子山,2-31
三芝區,大屯,,569,三芝區,北新庄子,龜子山,2-43
三芝區,大屯,,57,三芝區,北新庄子,龜子山,25
三芝區,大屯,,570,三芝區,北新庄子,龜子山,2-51
三芝區,大屯,,571,三芝區,北新庄子,龜子山,2-42
三芝區,大屯,,572,三芝區,北新庄子,龜子山,2-53
三芝區,大屯,,573,三芝區,北新庄子,龜子山,2-40
三芝區,大屯,,574,三芝區,北新庄子,龜子山,2-41
三芝區,大屯,,575,三芝區,北新庄子,龜子山,2-17
三芝區,大屯,,576,三芝區,北新庄子,龜子山,2-28
三芝區,大屯,,577,三芝區,北新庄子,龜子山,2-52
三芝區,大屯,,578,三芝區,北新庄子,龜子山,2-45
三芝區,大屯,,579,三芝區,北新庄子,龜子山,2-49
三芝區,大屯,,58,三芝區,北新庄子,龜子山,16-1
三芝區,大屯,,580,三芝區,北新庄子,龜子山,2-6
三芝區,大屯,,581,三芝區,北新庄子,龜子山,2-54
三芝區,大屯,,582,三芝區,北新庄子,龜子山,2-48
三芝區,大屯,,583,三芝區,北新庄子,龜子山,2-47
三芝區,大屯,,584,三芝區,北新庄子,龜子山,2-36
三芝區,大屯,,585,三芝區,北新庄子,龜子山,2-55
三芝區,大屯,,586,三芝區,北新庄子,龜子山,2-46
三芝區,大屯,,587,三芝區,北新庄子,龜子山,2-50
三芝區,大屯,,588,三芝區,北新庄子,龜子山,2-38
三芝區,大屯,,589,三芝區,北新庄子,龜子山,2-10
三芝區,大屯,,59,三芝區,北新庄子,龜子山,17-5
三芝區,大屯,,590,三芝區,北新庄子,龜子山,2-30
三芝區,大屯,,591,三芝區,北新庄子,龜子山,7-19
三芝區,大屯,,592,三芝區,北新庄子,龜子山,2-29
三芝區,大屯,,593,三芝區,北新庄子,龜子山,2-7
三芝區,大屯,,594,三芝區,北新庄子,龜子山,2-8
三芝區,大屯,,595,三芝區,北新庄子,龜子山,2-13
三芝區,大屯,,596,三芝區,北新庄子,龜子山,2-57
三芝區,大屯,,597,三芝區,北新庄子,龜子山,2-9
三芝區,大屯,,598,三芝區,北新庄子,龜子山,2-3
三芝區,大屯,,599,三芝區,北新庄子,龜子山,2-26
三芝區,大屯,,6,三芝區,北新庄子,龜子山,12-22
三芝區,大屯,,60,三芝區,北新庄子,龜子山,17-3
三芝區,大屯,,600,三芝區,北新庄子,龜子山,2-27
三芝區,大屯,,601,三芝區,北新庄子,龜子山,7-9
三芝區,大屯,,602,三芝區,北新庄子,龜子山,43-1
三芝區,大屯,,603,三芝區,北新庄子,龜子山,43-19
三芝區,大屯,,604,三芝區,北新庄子,龜子山,43-17
三芝區,大屯,,605,三芝區,北新庄子,龜子山,43-13
三芝區,大屯,,606,三芝區,北新庄子,龜子山,69-3
三芝區,大屯,,607,三芝區,北新庄子,龜子山,69-1
三芝區,大屯,,608,三芝區,北新庄子,龜子山,69-5
三芝區,大屯,,609,三芝區,北新庄子,龜子山,69
三芝區,大屯,,61,三芝區,北新庄子,龜子山,17-1
三芝區,大屯,,610,三芝區,北新庄子,龜子山,69-13
三芝區,大屯,,611,三芝區,北新庄子,龜子山,69-4
三芝區,大屯,,612,三芝區,北新庄子,龜子山,69-6
三芝區,大屯,,613,三芝區,北新庄子,龜子山,69-7
三芝區,大屯,,614,三芝區,北新庄子,龜子山,69-9
三芝區,大屯,,615,三芝區,北新庄子,龜子山,69-10
三芝區,大屯,,616,三芝區,北新庄子,龜子山,69-11
三芝區,大屯,,617,三芝區,北新庄子,龜子山,68
三芝區,大屯,,618,三芝區,北新庄子,龜子山,69-8
三芝區,大屯,,619,三芝區,北新庄子,龜子山,69-12
三芝區,大屯,,62,三芝區,北新庄子,龜子山,18-1
三芝區,大屯,,620,三芝區,北新庄子,龜子山,71
三芝區,大屯,,621,三芝區,北新庄子,龜子山,72
三芝區,大屯,,622,三芝區,北新庄子,龜子山,72-1
三芝區,大屯,,623,三芝區,北新庄子,龜子山,72-2
三芝區,大屯,,624,三芝區,北新庄子,龜子山,74
三芝區,大屯,,625,三芝區,北新庄子,龜子山,72-3
三芝區,大屯,,626,三芝區,北新庄子,龜子山,77
三芝區,大屯,,627,三芝區,北新庄子,龜子山,76
三芝區,大屯,,628,三芝區,北新庄子,龜子山,78
三芝區,大屯,,629,三芝區,北新庄子,龜子山,79
三芝區,大屯,,63,三芝區,北新庄子,龜子山,18-9
三芝區,大屯,,630,三芝區,北新庄子,龜子山,76-1
三芝區,大屯,,631,三芝區,北新庄子,龜子山,81
三芝區,大屯,,632,三芝區,北新庄子,龜子山,80-1
三芝區,大屯,,633,三芝區,北新庄子,龜子山,80
三芝區,大屯,,634,三芝區,北新庄子,龜子山,84
三芝區,大屯,,635,三芝區,北新庄子,龜子山,82
三芝區,大屯,,636,三芝區,北新庄子,龜子山,85
三芝區,大屯,,637,三芝區,北新庄子,龜子山,85-2
三芝區,大屯,,638,三芝區,北新庄子,龜子山,85-1
三芝區,大屯,,639,三芝區,北新庄子,龜子山,86
三芝區,大屯,,64,三芝區,北新庄子,龜子山,275-4
三芝區,大屯,,640,三芝區,北新庄子,龜子山,87
三芝區,大屯,,641,三芝區,北新庄子,龜子山,88
三芝區,大屯,,642,三芝區,北新庄子,龜子山,89
三芝區,大屯,,643,三芝區,北新庄子,龜子山,96
三芝區,大屯,,644,三芝區,北新庄子,龜子山,85-3
三芝區,大屯,,645,三芝區,北新庄子,龜子山,97
三芝區,大屯,,646,三芝區,北新庄子,龜子山,97-3
三芝區,大屯,,647,三芝區,北新庄子,龜子山,97-4
三芝區,大屯,,648,三芝區,北新庄子,龜子山,73-1
三芝區,大屯,,649,三芝區,北新庄子,龜子山,97-1
三芝區,大屯,,65,三芝區,北新庄子,龜子山,18-6
三芝區,大屯,,650,三芝區,北新庄子,龜子山,98
三芝區,大屯,,651,三芝區,北新庄子,龜子山,97-2
三芝區,大屯,,652,三芝區,北新庄子,龜子山,101
三芝區,大屯,,653,三芝區,北新庄子,龜子山,103
三芝區,大屯,,654,三芝區,北新庄子,龜子山,108-1
三芝區,大屯,,655,三芝區,北新庄子,龜子山,104
三芝區,大屯,,656,三芝區,北新庄子,龜子山,105
三芝區,大屯,,657,三芝區,北新庄子,龜子山,73
三芝區,大屯,,658,三芝區,北新庄子,龜子山,107
三芝區,大屯,,659,三芝區,北新庄子,龜子山,108
三芝區,大屯,,66,三芝區,北新庄子,龜子山,18-12
三芝區,大屯,,660,三芝區,北新庄子,龜子山,109
三芝區,大屯,,661,三芝區,北新庄子,龜子山,110-2
三芝區,大屯,,662,三芝區,北新庄子,龜子山,110-4
三芝區,大屯,,663,三芝區,北新庄子,龜子山,110-5
三芝區,大屯,,664,三芝區,北新庄子,龜子山,109-1
三芝區,大屯,,665,三芝區,北新庄子,龜子山,110-1
三芝區,大屯,,666,三芝區,北新庄子,龜子山,110-3
三芝區,大屯,,667,三芝區,北新庄子,龜子山,110-6
三芝區,大屯,,668,三芝區,北新庄子,龜子山,100
三芝區,大屯,,669,三芝區,北新庄子,龜子山,99
三芝區,大屯,,67,三芝區,北新庄子,龜子山,18-11
三芝區,大屯,,670,三芝區,北新庄子,龜子山,95
三芝區,大屯,,671,三芝區,北新庄子,龜子山,94
三芝區,大屯,,672,三芝區,北新庄子,龜子山,91
三芝區,大屯,,673,三芝區,北新庄子,龜子山,90
三芝區,大屯,,674,三芝區,北新庄子,龜子山,128-1
三芝區,大屯,,675,三芝區,北新庄子,龜子山,136
三芝區,大屯,,676,三芝區,北新庄子,龜子山,135
三芝區,大屯,,677,三芝區,北新庄子,龜子山,230
三芝區,大屯,,678,三芝區,北新庄子,龜子山,230-1
三芝區,大屯,,679,三芝區,北新庄子,龜子山,227
三芝區,大屯,,68,三芝區,北新庄子,龜子山,18-4
三芝區,大屯,,680,三芝區,北新庄子,龜子山,227-1
三芝區,大屯,,681,三芝區,北新庄子,龜子山,227-2
三芝區,大屯,,682,三芝區,北新庄子,龜子山,227-3
三芝區,大屯,,683,三芝區,北新庄子,龜子山,228
三芝區,大屯,,684,三芝區,北新庄子,龜子山,216
三芝區,大屯,,685,三芝區,北新庄子,龜子山,213-2
三芝區,大屯,,686,三芝區,北新庄子,龜子山,213-1
三芝區,大屯,,687,三芝區,北新庄子,龜子山,213
三芝區,大屯,,688,三芝區,北新庄子,龜子山,189-1
三芝區,大屯,,689,三芝區,北新庄子,楓子林,1-2
三芝區,大屯,,69,三芝區,北新庄子,龜子山,18-10
三芝區,大屯,,690,三芝區,北新庄子,楓子林,1-1
三芝區,大屯,,691,三芝區,北新庄子,楓子林,1
三芝區,大屯,,692,三芝區,北新庄子,楓子林,2-2
三芝區,大屯,,693,三芝區,北新庄子,楓子林,2-1
三芝區,大屯,,694,三芝區,北新庄子,楓子林,5-1
三芝區,大屯,,695,三芝區,北新庄子,楓子林,2
三芝區,大屯,,696,三芝區,北新庄子,楓子林,4
三芝區,大屯,,697,三芝區,北新庄子,楓子林,5
三芝區,大屯,,698,三芝區,北新庄子,楓子林,5-3
三芝區,大屯,,699,三芝區,北新庄子,楓子林,5-4
三芝區,大屯,,7,三芝區,北新庄子,龜子山,12-21
三芝區,大屯,,70,三芝區,北新庄子,龜子山,19-2
三芝區,大屯,,700,三芝區,北新庄子,楓子林,5-2
三芝區,大屯,,701,三芝區,北新庄子,楓子林,8-7
三芝區,大屯,,702,三芝區,北新庄子,楓子林,8-9
三芝區,大屯,,703,三芝區,北新庄子,楓子林,8-6
三芝區,大屯,,704,三芝區,北新庄子,楓子林,17-1
三芝區,大屯,,705,三芝區,北新庄子,楓子林,8-1
三芝區,大屯,,706,三芝區,北新庄子,楓子林,8-14
三芝區,大屯,,707,三芝區,北新庄子,楓子林,8-8
三芝區,大屯,,708,三芝區,北新庄子,楓子林,9
三芝區,大屯,,709,三芝區,北新庄子,楓子林,11
三芝區,大屯,,71,三芝區,北新庄子,龜子山,21-20
三芝區,大屯,,710,三芝區,北新庄子,楓子林,12
三芝區,大屯,,711,三芝區,北新庄子,楓子林,13
三芝區,大屯,,712,三芝區,北新庄子,楓子林,14
三芝區,大屯,,713,三芝區,北新庄子,楓子林,8-5
三芝區,大屯,,714,三芝區,北新庄子,楓子林,63-1
三芝區,大屯,,715,三芝區,北新庄子,楓子林,8
三芝區,大屯,,716,三芝區,北新庄子,楓子林,8-11
三芝區,大屯,,717,三芝區,北新庄子,楓子林,8-3
三芝區,大屯,,718,三芝區,北新庄子,楓子林,8-10
三芝區,大屯,,719,三芝區,北新庄子,楓子林,8-2
三芝區,大屯,,72,三芝區,北新庄子,龜子山,24
三芝區,大屯,,720,三芝區,北新庄子,楓子林,8-4
三芝區,大屯,,721,三芝區,北新庄子,楓子林,15
三芝區,大屯,,722,三芝區,北新庄子,楓子林,16
三芝區,大屯,,723,三芝區,北新庄子,楓子林,17
三芝區,大屯,,724,三芝區,北新庄子,楓子林,19-3
三芝區,大屯,,725,三芝區,北新庄子,楓子林,19-4
三芝區,大屯,,726,三芝區,北新庄子,楓子林,25
三芝區,大屯,,727,三芝區,北新庄子,楓子林,19
三芝區,大屯,,728,三芝區,北新庄子,楓子林,42
三芝區,大屯,,729,三芝區,北新庄子,楓子林,45-3
三芝區,大屯,,73,三芝區,北新庄子,龜子山,26-1
三芝區,大屯,,730,三芝區,北新庄子,楓子林,47
三芝區,大屯,,731,三芝區,北新庄子,龜子山,215
三芝區,大屯,,732,三芝區,北新庄子,龜子山,215-1
三芝區,大屯,,733,三芝區,北新庄子,楓子林,49
三芝區,大屯,,734,三芝區,北新庄子,楓子林,45
三芝區,大屯,,735,三芝區,北新庄子,楓子林,45-4
三芝區,大屯,,736,三芝區,北新庄子,楓子林,46
三芝區,大屯,,737,三芝區,北新庄子,楓子林,50-8
三芝區,大屯,,738,三芝區,北新庄子,楓子林,50-2
三芝區,大屯,,739,三芝區,北新庄子,楓子林,49-3
三芝區,大屯,,74,三芝區,北新庄子,龜子山,270-3
三芝區,大屯,,740,三芝區,北新庄子,楓子林,49-4
三芝區,大屯,,741,三芝區,北新庄子,龜子山,234-1
三芝區,大屯,,742,三芝區,北新庄子,龜子山,234
三芝區,大屯,,743,三芝區,北新庄子,龜子山,235
三芝區,大屯,,744,三芝區,北新庄子,龜子山,273-6
三芝區,大屯,,745,三芝區,北新庄子,龜子山,234-3
三芝區,大屯,,746,三芝區,北新庄子,龜子山,234-2
三芝區,大屯,,747,三芝區,北新庄子,龜子山,234-4
三芝區,大屯,,748,三芝區,北新庄子,龜子山,238
三芝區,大屯,,749,三芝區,北新庄子,龜子山,234-5
三芝區,大屯,,75,三芝區,北新庄子,龜子山,26-2
三芝區,大屯,,750,三芝區,北新庄子,龜子山,238-2
三芝區,大屯,,751,三芝區,北新庄子,龜子山,240-1
三芝區,大屯,,752,三芝區,北新庄子,龜子山,238-1
三芝區,大屯,,753,三芝區,北新庄子,龜子山,237-1
三芝區,大屯,,754,三芝區,北新庄子,龜子山,236-1
三芝區,大屯,,755,三芝區,北新庄子,楓子林,48
三芝區,大屯,,756,三芝區,北新庄子,楓子林,50-4
三芝區,大屯,,757,三芝區,北新庄子,楓子林,56-2
三芝區,大屯,,758,三芝區,北新庄子,楓子林,56-6
三芝區,大屯,,759,三芝區,北新庄子,楓子林,56
三芝區,大屯,,76,三芝區,北新庄子,龜子山,23-1
三芝區,大屯,,760,三芝區,北新庄子,楓子林,48-1
三芝區,大屯,,761,三芝區,北新庄子,楓子林,56-5
三芝區,大屯,,762,三芝區,北新庄子,楓子林,48-2
三芝區,大屯,,763,三芝區,北新庄子,楓子林,48-3
三芝區,大屯,,764,三芝區,北新庄子,楓子林,55
三芝區,大屯,,765,三芝區,北新庄子,楓子林,48-5
三芝區,大屯,,766,三芝區,北新庄子,楓子林,54
三芝區,大屯,,767,三芝區,北新庄子,楓子林,54-1
三芝區,大屯,,768,三芝區,北新庄子,楓子林,50
三芝區,大屯,,769,三芝區,北新庄子,楓子林,50-3
三芝區,大屯,,77,三芝區,北新庄子,龜子山,22-2
三芝區,大屯,,770,三芝區,北新庄子,楓子林,58
三芝區,大屯,,771,三芝區,北新庄子,楓子林,56-4
三芝區,大屯,,772,三芝區,北新庄子,楓子林,57
三芝區,大屯,,773,三芝區,北新庄子,楓子林,57-4
三芝區,大屯,,774,三芝區,北新庄子,楓子林,59-2
三芝區,大屯,,775,三芝區,北新庄子,楓子林,59-10
三芝區,大屯,,776,三芝區,北新庄子,楓子林,59-11
三芝區,大屯,,777,三芝區,北新庄子,楓子林,59-8
三芝區,大屯,,778,三芝區,北新庄子,楓子林,57-3
三芝區,大屯,,779,三芝區,北新庄子,楓子林,57-2
三芝區,大屯,,78,三芝區,北新庄子,龜子山,22-5
三芝區,大屯,,780,三芝區,北新庄子,楓子林,59-7
三芝區,大屯,,781,三芝區,北新庄子,楓子林,59-4
三芝區,大屯,,782,三芝區,北新庄子,楓子林,57-1
三芝區,大屯,,783,三芝區,北新庄子,楓子林,59
三芝區,大屯,,784,三芝區,北新庄子,龜子山,241
三芝區,大屯,,785,三芝區,北新庄子,龜子山,242
三芝區,大屯,,786,三芝區,北新庄子,龜子山,239
三芝區,大屯,,787,三芝區,北新庄子,楓子林,59-6
三芝區,大屯,,788,三芝區,北新庄子,楓子林,29-3
三芝區,大屯,,789,三芝區,北新庄子,楓子林,19-2
三芝區,大屯,,79,三芝區,北新庄子,龜子山,20-9
三芝區,大屯,,790,三芝區,北新庄子,楓子林,19-1
三芝區,大屯,,791,三芝區,北新庄子,楓子林,19-7
三芝區,大屯,,792,三芝區,北新庄子,楓子林,19-6
三芝區,大屯,,793,三芝區,北新庄子,楓子林,19-5
三芝區,大屯,,794,三芝區,北新庄子,楓子林,59-13
三芝區,大屯,,795,三芝區,北新庄子,楓子林,59-5
三芝區,大屯,,796,三芝區,北新庄子,楓子林,59-12
三芝區,大屯,,797,三芝區,北新庄子,楓子林,59-1
三芝區,大屯,,798,三芝區,北新庄子,楓子林,59-3
三芝區,大屯,,799,三芝區,北新庄子,龜子山,132
三芝區,大屯,,8,三芝區,北新庄子,龜子山,12-20
三芝區,大屯,,80,三芝區,北新庄子,龜子山,19-3
三芝區,大屯,,800,三芝區,北新庄子,龜子山,134
三芝區,大屯,,801,三芝區,北新庄子,龜子山,129
三芝區,大屯,,802,三芝區,北新庄子,龜子山,128
三芝區,大屯,,803,三芝區,北新庄子,龜子山,125
三芝區,大屯,,804,三芝區,北新庄子,龜子山,127
三芝區,大屯,,805,三芝區,北新庄子,龜子山,131
三芝區,大屯,,806,三芝區,北新庄子,龜子山,130
三芝區,大屯,,807,三芝區,北新庄子,龜子山,131-1
三芝區,大屯,,808,三芝區,北新庄子,龜子山,243-2
三芝區,大屯,,809,三芝區,北新庄子,龜子山,244
三芝區,大屯,,81,三芝區,北新庄子,龜子山,20-10
三芝區,大屯,,810,三芝區,北新庄子,龜子山,243-1
三芝區,大屯,,811,三芝區,北新庄子,龜子山,243
三芝區,大屯,,812,三芝區,北新庄子,龜子山,121-6
三芝區,大屯,,813,三芝區,北新庄子,龜子山,121
三芝區,大屯,,814,三芝區,北新庄子,龜子山,121-8
三芝區,大屯,,815,三芝區,北新庄子,龜子山,121-7
三芝區,大屯,,816,三芝區,北新庄子,龜子山,110
三芝區,大屯,,817,三芝區,北新庄子,龜子山,112-1
三芝區,大屯,,818,三芝區,北新庄子,龜子山,112-2
三芝區,大屯,,819,三芝區,北新庄子,龜子山,113
三芝區,大屯,,82,三芝區,北新庄子,龜子山,20-4
三芝區,大屯,,820,三芝區,北新庄子,龜子山,119-1
三芝區,大屯,,821,三芝區,北新庄子,龜子山,120-1
三芝區,大屯,,822,三芝區,北新庄子,龜子山,120
三芝區,大屯,,823,三芝區,北新庄子,龜子山,121-1
三芝區,大屯,,824,三芝區,北新庄子,龜子山,120-10
三芝區,大屯,,825,三芝區,北新庄子,龜子山,120-2
三芝區,大屯,,826,三芝區,北新庄子,龜子山,120-3
三芝區,大屯,,827,三芝區,北新庄子,龜子山,120-9
三芝區,大屯,,828,三芝區,北新庄子,龜子山,120-4
三芝區,大屯,,829,三芝區,北新庄子,龜子山,120-8
三芝區,大屯,,83,三芝區,北新庄子,龜子山,19-4
三芝區,大屯,,830,三芝區,北新庄子,龜子山,120-11
三芝區,大屯,,831,三芝區,北新庄子,龜子山,120-7
三芝區,大屯,,832,三芝區,北新庄子,龜子山,120-12
三芝區,大屯,,833,三芝區,北新庄子,龜子山,120-6
三芝區,大屯,,834,三芝區,北新庄子,龜子山,120-5
三芝區,大屯,,835,三芝區,北新庄子,龜子山,119
三芝區,大屯,,836,三芝區,北新庄子,龜子山,119-7
三芝區,大屯,,837,三芝區,北新庄子,龜子山,119-6
三芝區,大屯,,838,三芝區,北新庄子,龜子山,119-5
三芝區,大屯,,839,三芝區,北新庄子,龜子山,119-3
三芝區,大屯,,84,三芝區,北新庄子,龜子山,270-1
三芝區,大屯,,840,三芝區,北新庄子,龜子山,119-2
三芝區,大屯,,841,三芝區,北新庄子,龜子山,119-4
三芝區,大屯,,842,三芝區,北新庄子,龜子山,115
三芝區,大屯,,843,三芝區,北新庄子,龜子山,116
三芝區,大屯,,844,三芝區,北新庄子,龜子山,117-1
三芝區,大屯,,845,三芝區,北新庄子,龜子山,117
三芝區,大屯,,846,三芝區,北新庄子,龜子山,114
三芝區,大屯,,847,三芝區,北新庄子,龜子山,117-2
三芝區,大屯,,848,三芝區,北新庄子,龜子山,118
三芝區,大屯,,849,三芝區,北新庄子,龜子山,122
三芝區,大屯,,85,三芝區,北新庄子,龜子山,20-6
三芝區,大屯,,850,三芝區,北新庄子,龜子山,121-4
三芝區,大屯,,851,三芝區,北新庄子,龜子山,123
三芝區,大屯,,852,三芝區,北新庄子,龜子山,123-1
三芝區,大屯,,853,三芝區,北新庄子,龜子山,121-3
三芝區,大屯,,854,三芝區,北新庄子,龜子山,124
三芝區,大屯,,855,三芝區,北新庄子,龜子山,247
三芝區,大屯,,856,三芝區,北新庄子,龜子山,247-1
三芝區,大屯,,857,三芝區,北新庄子,龜子山,247-2
三芝區,大屯,,858,三芝區,北新庄子,龜子山,247-3
三芝區,大屯,,859,三芝區,北新庄子,龜子山,247-4
三芝區,大屯,,86,三芝區,北新庄子,龜子山,21-1
三芝區,大屯,,860,三芝區,北新庄子,龜子山,247-5
三芝區,大屯,,861,三芝區,北新庄子,龜子山,246
三芝區,大屯,,862,三芝區,北新庄子,龜子山,247-6
三芝區,大屯,,863,三芝區,北新庄子,龜子山,262
三芝區,大屯,,864,三芝區,北新庄子,龜子山,263
三芝區,大屯,,865,三芝區,北新庄子,龜子山,264
三芝區,大屯,,866,三芝區,北新庄子,龜子山,265
三芝區,大屯,,867,三芝區,北新庄子,龜子山,265-1
三芝區,大屯,,868,三芝區,北新庄子,龜子山,265-2
三芝區,大屯,,869,三芝區,北新庄子,龜子山,267-1
三芝區,大屯,,87,三芝區,北新庄子,龜子山,22-4
三芝區,大屯,,870,三芝區,北新庄子,龜子山,267
三芝區,大屯,,871,三芝區,北新庄子,龜子山,268
三芝區,大屯,,872,三芝區,北新庄子,龜子山,261
三芝區,大屯,,873,三芝區,北新庄子,龜子山,269
三芝區,大屯,,874,三芝區,北新庄子,龜子山,269-1
三芝區,大屯,,875,三芝區,北新庄子,龜子山,269-6
三芝區,大屯,,876,三芝區,北新庄子,龜子山,269-7
三芝區,大屯,,877,三芝區,北新庄子,龜子山,260
三芝區,大屯,,878,三芝區,北新庄子,龜子山,259
三芝區,大屯,,879,三芝區,北新庄子,龜子山,255
三芝區,大屯,,88,三芝區,北新庄子,龜子山,22-3
三芝區,大屯,,880,三芝區,北新庄子,龜子山,256
三芝區,大屯,,881,三芝區,北新庄子,龜子山,248-2
三芝區,大屯,,882,三芝區,北新庄子,龜子山,247-8
三芝區,大屯,,883,三芝區,北新庄子,龜子山,248-1
三芝區,大屯,,884,三芝區,北新庄子,龜子山,247-7
三芝區,大屯,,885,三芝區,北新庄子,龜子山,248
三芝區,大屯,,886,三芝區,北新庄子,龜子山,250-1
三芝區,大屯,,887,三芝區,北新庄子,龜子山,249
三芝區,大屯,,888,三芝區,北新庄子,龜子山,249-1
三芝區,大屯,,889,三芝區,北新庄子,龜子山,249-2
三芝區,大屯,,89,三芝區,北新庄子,龜子山,22-1
三芝區,大屯,,890,三芝區,北新庄子,龜子山,250
三芝區,大屯,,891,三芝區,北新庄子,龜子山,251
三芝區,大屯,,892,三芝區,北新庄子,龜子山,254
三芝區,大屯,,893,三芝區,北新庄子,龜子山,258
三芝區,大屯,,894,三芝區,北新庄子,龜子山,257
三芝區,大屯,,895,三芝區,北新庄子,龜子山,270
三芝區,大屯,,896,三芝區,北新庄子,龜子山,270-2
三芝區,大屯,,897,三芝區,北新庄子,龜子山,275-1
三芝區,大屯,,898,三芝區,北新庄子,龜子山,275-3
三芝區,大屯,,899,三芝區,北新庄子,龜子山,273-4
三芝區,大屯,,9,三芝區,北新庄子,龜子山,12-16
三芝區,大屯,,90,三芝區,北新庄子,龜子山,21-2
三芝區,大屯,,900,三芝區,北新庄子,龜子山,277-3
三芝區,大屯,,901,三芝區,北新庄子,龜子山,277-7
三芝區,大屯,,902,三芝區,北新庄子,龜子山,277-2
三芝區,大屯,,903,三芝區,北新庄子,龜子山,277-6
三芝區,大屯,,904,三芝區,北新庄子,龜子山,277-5
三芝區,大屯,,905,三芝區,北新庄子,龜子山,277-10
三芝區,大屯,,906,三芝區,北新庄子,龜子山,277-11
三芝區,大屯,,907,三芝區,北新庄子,龜子山,277-12
三芝區,大屯,,908,三芝區,北新庄子,龜子山,277-1
三芝區,大屯,,909,三芝區,北新庄子,龜子山,277
三芝區,大屯,,91,三芝區,北新庄子,龜子山,21-13
三芝區,大屯,,910,三芝區,北新庄子,龜子山,276
三芝區,大屯,,911,三芝區,北新庄子,龜子山,273-5
三芝區,大屯,,912,三芝區,北新庄子,龜子山,271-2
三芝區,大屯,,913,三芝區,北新庄子,龜子山,271-1
三芝區,大屯,,914,三芝區,北新庄子,龜子山,271
三芝區,大屯,,915,三芝區,北新庄子,龜子山,271-4
三芝區,大屯,,916,三芝區,北新庄子,龜子山,271-5
三芝區,大屯,,917,三芝區,北新庄子,龜子山,253
三芝區,大屯,,918,三芝區,北新庄子,龜子山,278-3
三芝區,大屯,,919,三芝區,北新庄子,龜子山,278
三芝區,大屯,,92,三芝區,北新庄子,龜子山,21-12
三芝區,大屯,,920,三芝區,北新庄子,龜子山,278-2
三芝區,大屯,,921,三芝區,北新庄子,龜子山,278-1
三芝區,大屯,,922,三芝區,北新庄子,龜子山,279-2
三芝區,大屯,,923,三芝區,北新庄子,龜子山,279-3
三芝區,大屯,,924,三芝區,北新庄子,龜子山,280-2
三芝區,大屯,,925,三芝區,北新庄子,龜子山,280
三芝區,大屯,,926,三芝區,北新庄子,龜子山,279
三芝區,大屯,,927,三芝區,北新庄子,龜子山,278-5
三芝區,大屯,,928,三芝區,北新庄子,龜子山,278-6
三芝區,大屯,,929,三芝區,北新庄子,龜子山,278-7
三芝區,大屯,,93,三芝區,北新庄子,龜子山,21-21
三芝區,大屯,,930,三芝區,北新庄子,龜子山,278-8
三芝區,大屯,,931,三芝區,北新庄子,龜子山,278-9
三芝區,大屯,,932,三芝區,北新庄子,龜子山,278-10
三芝區,大屯,,933,三芝區,北新庄子,楓子林,60-1
三芝區,大屯,,934,三芝區,北新庄子,楓子林,60-2
三芝區,大屯,,935,三芝區,北新庄子,楓子林,62
三芝區,大屯,,936,三芝區,北新庄子,楓子林,53
三芝區,大屯,,937,三芝區,北新庄子,楓子林,62-1
三芝區,大屯,,938,三芝區,北新庄子,楓子林,63
三芝區,大屯,,939,三芝區,北新庄子,楓子林,61
三芝區,大屯,,94,三芝區,北新庄子,龜子山,269-4
三芝區,大屯,,940,三芝區,北新庄子,楓子林,61-2
三芝區,大屯,,941,三芝區,北新庄子,楓子林,64
三芝區,大屯,,942,三芝區,北新庄子,楓子林,61-3
三芝區,大屯,,943,三芝區,北新庄子,楓子林,61-6
三芝區,大屯,,944,三芝區,北新庄子,楓子林,62-2
三芝區,大屯,,945,三芝區,北新庄子,楓子林,61-4
三芝區,大屯,,946,三芝區,北新庄子,楓子林,64-1
三芝區,大屯,,947,三芝區,北新庄子,楓子林,61-5
三芝區,大屯,,948,三芝區,北新庄子,楓子林,61-7
三芝區,大屯,,949,三芝區,北新庄子,楓子林,65
三芝區,大屯,,95,三芝區,北新庄子,龜子山,21-22
三芝區,大屯,,950,三芝區,北新庄子,楓子林,61-8
三芝區,大屯,,951,三芝區,北新庄子,楓子林,61-1
三芝區,大屯,,952,三芝區,北新庄子,楓子林,62-3
三芝區,大屯,,953,三芝區,北新庄子,楓子林,60
三芝區,大屯,,954,三芝區,北新庄子,楓子林,66-9
三芝區,大屯,,955,三芝區,北新庄子,楓子林,66-3
三芝區,大屯,,956,三芝區,北新庄子,楓子林,66-5
三芝區,大屯,,957,三芝區,北新庄子,楓子林,66-14
三芝區,大屯,,958,三芝區,北新庄子,楓子林,66-15
三芝區,大屯,,959,三芝區,北新庄子,楓子林,66-4
三芝區,大屯,,96,三芝區,北新庄子,龜子山,21-23
三芝區,大屯,,960,三芝區,北新庄子,楓子林,66-13
三芝區,大屯,,961,三芝區,北新庄子,楓子林,68-1
三芝區,大屯,,962,三芝區,北新庄子,楓子林,71-9
三芝區,大屯,,963,三芝區,北新庄子,楓子林,68
三芝區,大屯,,964,三芝區,北新庄子,楓子林,66-6
三芝區,大屯,,965,三芝區,北新庄子,楓子林,66-11
三芝區,大屯,,966,三芝區,北新庄子,楓子林,67
三芝區,大屯,,967,三芝區,北新庄子,楓子林,71-10
三芝區,大屯,,968,三芝區,北新庄子,楓子林,71
三芝區,大屯,,969,三芝區,北新庄子,楓子林,70
三芝區,大屯,,97,三芝區,北新庄子,龜子山,21-9
三芝區,大屯,,970,三芝區,北新庄子,楓子林,69
三芝區,大屯,,971,三芝區,北新庄子,楓子林,66-8
三芝區,大屯,,972,三芝區,北新庄子,楓子林,66-7
三芝區,大屯,,973,三芝區,北新庄子,楓子林,66
三芝區,大屯,,974,三芝區,北新庄子,楓子林,71-11
三芝區,大屯,,975,三芝區,北新庄子,楓子林,71-2
三芝區,大屯,,976,三芝區,北新庄子,楓子林,66-10
三芝區,大屯,,977,三芝區,北新庄子,楓子林,66-2
三芝區,大屯,,978,三芝區,北新庄子,楓子林,71-1
三芝區,大屯,,979,三芝區,北新庄子,楓子林,72
三芝區,大屯,,98,三芝區,北新庄子,龜子山,21-8
三芝區,大屯,,980,三芝區,北新庄子,楓子林,71-7
三芝區,大屯,,981,三芝區,北新庄子,楓子林,71-6
三芝區,大屯,,982,三芝區,北新庄子,楓子林,73
三芝區,大屯,,983,三芝區,北新庄子,楓子林,72-1
三芝區,大屯,,984,三芝區,北新庄子,楓子林,71-3
三芝區,大屯,,985,三芝區,北新庄子,楓子林,73-1
三芝區,大屯,,986,三芝區,北新庄子,楓子林,73-2
三芝區,大屯,,987,三芝區,北新庄子,楓子林,73-3
三芝區,大屯,,988,三芝區,北新庄子,楓子林,71-4
三芝區,大屯,,989,三芝區,北新庄子,楓子林,71-12
三芝區,大屯,,99,三芝區,北新庄子,龜子山,21-7
三芝區,大屯,,990,三芝區,北新庄子,楓子林,51-2
三芝區,大屯,,991,三芝區,北新庄子,楓子林,66-12
三芝區,大屯,,992,三芝區,北新庄子,楓子林,51-1
三芝區,大屯,,993,三芝區,北新庄子,楓子林,51
三芝區,大屯,,994,三芝區,北新庄子,楓子林,74-5
三芝區,大屯,,995,三芝區,北新庄子,楓子林,37-2
三芝區,大屯,,996,三芝區,北新庄子,楓子林,37-3
三芝區,大屯,,997,三芝區,北新庄子,楓子林,37-1
三芝區,大屯,,998,三芝區,北新庄子,楓子林,30-7
三芝區,大屯,,999,三芝區,北新庄子,楓子林,30-2
三芝區,大湖,,1,三芝區,後厝,北勢子,114-3
三芝區,大湖,,10,三芝區,後厝,北勢子,114-50
三芝區,大湖,,100,三芝區,後厝,北勢子,212
三芝區,大湖,,1000,三芝區,後厝,北勢子,226-35
三芝區,大湖,,1001,三芝區,後厝,北勢子,226-36
三芝區,大湖,,1002,三芝區,後厝,北勢子,226-40
三芝區,大湖,,1003,三芝區,後厝,北勢子,226-43
三芝區,大湖,,1004,三芝區,後厝,土地公坑,40-61
三芝區,大湖,,1005,三芝區,後厝,土地公坑,40-42
三芝區,大湖,,1006,三芝區,後厝,北勢子,226-63
三芝區,大湖,,1007,三芝區,後厝,北勢子,226-64
三芝區,大湖,,1008,三芝區,後厝,北勢子,226-44
三芝區,大湖,,1009,三芝區,後厝,土地公坑,40-38
三芝區,大湖,,101,三芝區,後厝,北勢子,185-2
三芝區,大湖,,1010,三芝區,後厝,北勢子,226-46
三芝區,大湖,,1011,三芝區,後厝,土地公坑,40-54
三芝區,大湖,,1012,三芝區,後厝,土地公坑,40-35
三芝區,大湖,,1013,三芝區,後厝,土地公坑,40-36
三芝區,大湖,,1014,三芝區,後厝,土地公坑,40-37
三芝區,大湖,,1015,三芝區,後厝,土地公坑,40-40
三芝區,大湖,,1016,三芝區,後厝,土地公坑,40-41
三芝區,大湖,,1017,三芝區,後厝,土地公坑,40-43
三芝區,大湖,,1018,三芝區,後厝,土地公坑,40-59
三芝區,大湖,,1019,三芝區,後厝,北勢子,226-41
三芝區,大湖,,102,三芝區,後厝,北勢子,213
三芝區,大湖,,1020,三芝區,後厝,土地公坑,60-1
三芝區,大湖,,1021,三芝區,後厝,土地公坑,40-60
三芝區,大湖,,1022,三芝區,後厝,北勢子,225-11
三芝區,大湖,,1023,三芝區,後厝,北勢子,226-38
三芝區,大湖,,1024,三芝區,後厝,北勢子,225-10
三芝區,大湖,,1025,三芝區,後厝,北勢子,226-37
三芝區,大湖,,1026,三芝區,後厝,北勢子,225-9
三芝區,大湖,,1027,三芝區,後厝,北勢子,226-34
三芝區,大湖,,1028,三芝區,後厝,北勢子,225-8
三芝區,大湖,,1029,三芝區,後厝,土地公坑,60-71
三芝區,大湖,,103,三芝區,後厝,北勢子,214-1
三芝區,大湖,,1030,三芝區,後厝,北勢子,226-62
三芝區,大湖,,1031,三芝區,後厝,北勢子,222
三芝區,大湖,,1032,三芝區,後厝,土地公坑,67-1
三芝區,大湖,,1033,三芝區,後厝,土地公坑,65
三芝區,大湖,,1034,三芝區,後厝,土地公坑,64-1
三芝區,大湖,,1035,三芝區,後厝,土地公坑,64
三芝區,大湖,,1036,三芝區,後厝,土地公坑,58-1
三芝區,大湖,,1037,三芝區,後厝,土地公坑,57-1
三芝區,大湖,,1038,三芝區,後厝,土地公坑,55-5
三芝區,大湖,,1039,三芝區,後厝,土地公坑,55-4
三芝區,大湖,,104,三芝區,後厝,北勢子,213-1
三芝區,大湖,,1040,三芝區,後厝,土地公坑,55-3
三芝區,大湖,,1041,三芝區,後厝,土地公坑,55-2
三芝區,大湖,,1042,三芝區,後厝,土地公坑,67
三芝區,大湖,,1044,三芝區,後厝,土地公坑,74
三芝區,大湖,,1045,三芝區,後厝,土地公坑,75
三芝區,大湖,,1046,三芝區,後厝,土地公坑,76
三芝區,大湖,,1047,三芝區,後厝,土地公坑,77-3
三芝區,大湖,,1048,三芝區,後厝,土地公坑,77-4
三芝區,大湖,,1049,三芝區,後厝,土地公坑,89-1
三芝區,大湖,,1050,三芝區,後厝,土地公坑,91
三芝區,大湖,,1051,三芝區,後厝,土地公坑,90
三芝區,大湖,,1052,三芝區,後厝,土地公坑,89
三芝區,大湖,,1053,三芝區,後厝,土地公坑,88
三芝區,大湖,,1054,三芝區,後厝,土地公坑,77-1
三芝區,大湖,,1055,三芝區,後厝,土地公坑,87
三芝區,大湖,,1057,三芝區,後厝,土地公坑,84-1
三芝區,大湖,,1059,三芝區,後厝,土地公坑,76-1
三芝區,大湖,,106,三芝區,後厝,北勢子,159-1
三芝區,大湖,,1060,三芝區,後厝,土地公坑,55-9
三芝區,大湖,,1061,三芝區,後厝,土地公坑,77-2
三芝區,大湖,,1062,三芝區,後厝,土地公坑,77
三芝區,大湖,,1063,三芝區,後厝,土地公坑,85
三芝區,大湖,,1064,三芝區,後厝,土地公坑,84
三芝區,大湖,,1065,三芝區,後厝,土地公坑,82
三芝區,大湖,,1066,三芝區,後厝,土地公坑,83
三芝區,大湖,,1067,三芝區,後厝,土地公坑,81
三芝區,大湖,,1068,三芝區,後厝,土地公坑,92
三芝區,大湖,,1069,三芝區,後厝,土地公坑,94
三芝區,大湖,,107,三芝區,後厝,北勢子,159
三芝區,大湖,,1070,三芝區,後厝,土地公坑,94-1
三芝區,大湖,,1071,三芝區,後厝,土地公坑,80
三芝區,大湖,,1072,三芝區,後厝,土地公坑,93
三芝區,大湖,,1074,三芝區,後厝,土地公坑,98
三芝區,大湖,,1075,三芝區,後厝,土地公坑,58
三芝區,大湖,,1076,三芝區,後厝,土地公坑,55-6
三芝區,大湖,,1077,三芝區,後厝,土地公坑,55-11
三芝區,大湖,,1078,三芝區,後厝,土地公坑,56-2
三芝區,大湖,,1079,三芝區,後厝,土地公坑,55-7
三芝區,大湖,,1080,三芝區,後厝,土地公坑,56-1
三芝區,大湖,,1081,三芝區,後厝,土地公坑,55-8
三芝區,大湖,,1082,三芝區,後厝,土地公坑,56
三芝區,大湖,,1083,三芝區,後厝,土地公坑,55
三芝區,大湖,,1084,三芝區,後厝,土地公坑,55-10
三芝區,大湖,,1086,三芝區,後厝,土地公坑,52
三芝區,大湖,,1087,三芝區,後厝,土地公坑,54-4
三芝區,大湖,,1088,三芝區,後厝,土地公坑,54-5
三芝區,大湖,,1089,三芝區,後厝,土地公坑,54-3
三芝區,大湖,,109,三芝區,後厝,北勢子,140-1
三芝區,大湖,,1090,三芝區,後厝,土地公坑,54-1
三芝區,大湖,,1091,三芝區,後厝,土地公坑,53
三芝區,大湖,,1092,三芝區,後厝,土地公坑,54-2
三芝區,大湖,,1093,三芝區,後厝,土地公坑,54
三芝區,大湖,,1094,三芝區,後厝,土地公坑,53-1
三芝區,大湖,,1095,三芝區,後厝,土地公坑,53-2
三芝區,大湖,,1096,三芝區,後厝,土地公坑,53-3
三芝區,大湖,,1097,三芝區,後厝,土地公坑,26
三芝區,大湖,,1098,三芝區,後厝,土地公坑,16-45
三芝區,大湖,,1099,三芝區,後厝,土地公坑,16-80
三芝區,大湖,,11,三芝區,後厝,北勢子,114-49
三芝區,大湖,,110,三芝區,後厝,北勢子,141
三芝區,大湖,,1100,三芝區,後厝,土地公坑,16-81
三芝區,大湖,,1101,三芝區,後厝,土地公坑,26-2
三芝區,大湖,,1102,三芝區,後厝,土地公坑,27
三芝區,大湖,,1103,三芝區,後厝,土地公坑,16-43
三芝區,大湖,,1104,三芝區,後厝,土地公坑,52-1
三芝區,大湖,,1105,三芝區,後厝,土地公坑,16-44
三芝區,大湖,,1106,三芝區,後厝,土地公坑,27-1
三芝區,大湖,,1107,三芝區,後厝,土地公坑,16-42
三芝區,大湖,,1108,三芝區,後厝,土地公坑,16-47
三芝區,大湖,,1109,三芝區,後厝,土地公坑,16-10
三芝區,大湖,,111,三芝區,後厝,北勢子,156
三芝區,大湖,,1110,三芝區,後厝,土地公坑,26-1
三芝區,大湖,,1111,三芝區,後厝,土地公坑,18-1
三芝區,大湖,,1112,三芝區,後厝,土地公坑,16-46
三芝區,大湖,,1113,三芝區,後厝,土地公坑,25-2
三芝區,大湖,,1114,三芝區,後厝,土地公坑,25-1
三芝區,大湖,,1115,三芝區,後厝,土地公坑,16-82
三芝區,大湖,,1116,三芝區,後厝,土地公坑,25-3
三芝區,大湖,,1117,三芝區,後厝,土地公坑,16-41
三芝區,大湖,,1118,三芝區,後厝,土地公坑,23-1
三芝區,大湖,,1119,三芝區,後厝,土地公坑,16-39
三芝區,大湖,,112,三芝區,後厝,北勢子,154-1
三芝區,大湖,,1120,三芝區,後厝,土地公坑,16-36
三芝區,大湖,,1121,三芝區,後厝,土地公坑,16-38
三芝區,大湖,,1122,三芝區,後厝,土地公坑,16-7
三芝區,大湖,,1123,三芝區,後厝,土地公坑,18
三芝區,大湖,,1124,三芝區,後厝,土地公坑,16-37
三芝區,大湖,,1125,三芝區,後厝,土地公坑,16-122
三芝區,大湖,,1126,三芝區,後厝,土地公坑,16-123
三芝區,大湖,,1127,三芝區,後厝,土地公坑,16-124
三芝區,大湖,,1128,三芝區,後厝,土地公坑,22-1
三芝區,大湖,,1129,三芝區,後厝,土地公坑,22
三芝區,大湖,,113,三芝區,後厝,北勢子,155-1
三芝區,大湖,,1130,三芝區,後厝,土地公坑,16-69
三芝區,大湖,,1131,三芝區,後厝,土地公坑,16-70
三芝區,大湖,,1132,三芝區,後厝,土地公坑,16-4
三芝區,大湖,,1133,三芝區,後厝,土地公坑,16-40
三芝區,大湖,,1134,三芝區,後厝,土地公坑,16-79
三芝區,大湖,,1136,三芝區,後厝,土地公坑,19
三芝區,大湖,,1137,三芝區,後厝,土地公坑,102
三芝區,大湖,,1138,三芝區,後厝,土地公坑,100-2
三芝區,大湖,,1139,三芝區,後厝,土地公坑,100-1
三芝區,大湖,,114,三芝區,後厝,北勢子,142
三芝區,大湖,,1140,三芝區,後厝,土地公坑,99
三芝區,大湖,,1141,三芝區,後厝,土地公坑,100
三芝區,大湖,,1143,三芝區,後厝,土地公坑,67-7
三芝區,大湖,,1145,三芝區,後厝,土地公坑,91-1
三芝區,大湖,,1146,三芝區,後厝,土地公坑,93-1
三芝區,大湖,,1147,三芝區,後厝,土地公坑,95
三芝區,大湖,,1148,三芝區,後厝,土地公坑,97-1
三芝區,大湖,,1149,三芝區,後厝,土地公坑,97
三芝區,大湖,,115,三芝區,後厝,北勢子,149-1
三芝區,大湖,,1150,三芝區,後厝,土地公坑,96
三芝區,大湖,,1151,三芝區,後厝,土地公坑,93-2
三芝區,大湖,,1152,三芝區,後厝,土地公坑,113
三芝區,大湖,,1153,三芝區,後厝,土地公坑,110
三芝區,大湖,,1154,三芝區,後厝,土地公坑,111-1
三芝區,大湖,,1155,三芝區,後厝,土地公坑,114
三芝區,大湖,,1156,三芝區,後厝,土地公坑,111
三芝區,大湖,,1157,三芝區,後厝,土地公坑,113-1
三芝區,大湖,,1158,三芝區,後厝,土地公坑,108
三芝區,大湖,,1159,三芝區,後厝,土地公坑,109
三芝區,大湖,,116,三芝區,後厝,北勢子,153
三芝區,大湖,,1160,三芝區,後厝,土地公坑,101-1
三芝區,大湖,,1161,三芝區,後厝,土地公坑,101
三芝區,大湖,,1162,三芝區,後厝,土地公坑,104-1
三芝區,大湖,,1163,三芝區,後厝,土地公坑,104-15
三芝區,大湖,,1164,三芝區,後厝,土地公坑,104-16
三芝區,大湖,,1165,三芝區,後厝,土地公坑,104-17
三芝區,大湖,,1166,三芝區,後厝,土地公坑,104-18
三芝區,大湖,,1167,三芝區,後厝,土地公坑,104-19
三芝區,大湖,,1168,三芝區,後厝,土地公坑,107-1
三芝區,大湖,,1169,三芝區,後厝,土地公坑,114-2
三芝區,大湖,,117,三芝區,後厝,北勢子,153-2
三芝區,大湖,,1170,三芝區,後厝,土地公坑,114-3
三芝區,大湖,,1171,三芝區,後厝,土地公坑,104-13
三芝區,大湖,,1172,三芝區,後厝,土地公坑,104-12
三芝區,大湖,,1173,三芝區,後厝,土地公坑,104-2
三芝區,大湖,,1174,三芝區,後厝,土地公坑,104
三芝區,大湖,,1175,三芝區,後厝,土地公坑,104-3
三芝區,大湖,,1176,三芝區,後厝,土地公坑,104-4
三芝區,大湖,,1177,三芝區,後厝,土地公坑,104-6
三芝區,大湖,,1178,三芝區,後厝,土地公坑,104-5
三芝區,大湖,,1179,三芝區,後厝,土地公坑,104-7
三芝區,大湖,,118,三芝區,後厝,陽住坑,135-1
三芝區,大湖,,1180,三芝區,後厝,土地公坑,104-8
三芝區,大湖,,1181,三芝區,後厝,土地公坑,104-10
三芝區,大湖,,1182,三芝區,後厝,土地公坑,104-9
三芝區,大湖,,1183,三芝區,後厝,土地公坑,106-1
三芝區,大湖,,1184,三芝區,後厝,土地公坑,104-11
三芝區,大湖,,1185,三芝區,後厝,土地公坑,104-14
三芝區,大湖,,1186,三芝區,後厝,土地公坑,106
三芝區,大湖,,1187,三芝區,後厝,土地公坑,105
三芝區,大湖,,1188,三芝區,後厝,土地公坑,107
三芝區,大湖,,1189,三芝區,後厝,土地公坑,31-2
三芝區,大湖,,1190,三芝區,後厝,土地公坑,3-13
三芝區,大湖,,1191,三芝區,後厝,土地公坑,47
三芝區,大湖,,1192,三芝區,後厝,土地公坑,49-1
三芝區,大湖,,1193,三芝區,後厝,土地公坑,12-13
三芝區,大湖,,1194,三芝區,後厝,土地公坑,12-24
三芝區,大湖,,1195,三芝區,後厝,土地公坑,37-10
三芝區,大湖,,1196,三芝區,後厝,土地公坑,36-1
三芝區,大湖,,1197,三芝區,後厝,土地公坑,45
三芝區,大湖,,1198,三芝區,後厝,北勢子,202-54
三芝區,大湖,,1199,三芝區,後厝,北勢子,202-1
三芝區,大湖,,12,三芝區,後厝,北勢子,114-48
三芝區,大湖,,1200,三芝區,後厝,北勢子,203
三芝區,大湖,,1201,三芝區,後厝,北勢子,203-2
三芝區,大湖,,1202,三芝區,後厝,北勢子,216-25
三芝區,大湖,,1203,三芝區,後厝,土地公坑,10-36
三芝區,大湖,,1204,三芝區,後厝,土地公坑,5-4
三芝區,大湖,,1205,三芝區,後厝,土地公坑,5-3
三芝區,大湖,,1206,三芝區,後厝,北勢子,196-1
三芝區,大湖,,1207,三芝區,後厝,土地公坑,5-65
三芝區,大湖,,1208,三芝區,後厝,北勢子,226-42
三芝區,大湖,,1209,三芝區,後厝,土地公坑,174
三芝區,大湖,,121,三芝區,後厝,北勢子,154
三芝區,大湖,,1210,三芝區,後厝,土地公坑,128-51
三芝區,大湖,,1211,三芝區,後厝,土地公坑,128-49
三芝區,大湖,,1212,三芝區,後厝,土地公坑,169
三芝區,大湖,,1213,三芝區,後厝,土地公坑,169-1
三芝區,大湖,,1214,三芝區,後厝,土地公坑,128-50
三芝區,大湖,,1215,三芝區,後厝,土地公坑,128-56
三芝區,大湖,,1216,三芝區,後厝,土地公坑,128-10
三芝區,大湖,,1217,三芝區,後厝,土地公坑,173
三芝區,大湖,,1218,三芝區,後厝,土地公坑,129-17
三芝區,大湖,,1219,三芝區,後厝,土地公坑,129-5
三芝區,大湖,,122,三芝區,後厝,北勢子,155
三芝區,大湖,,1220,三芝區,後厝,土地公坑,128-57
三芝區,大湖,,1221,三芝區,後厝,土地公坑,128-2
三芝區,大湖,,1222,三芝區,後厝,土地公坑,128-11
三芝區,大湖,,1223,三芝區,後厝,土地公坑,128-12
三芝區,大湖,,1224,三芝區,後厝,土地公坑,128-13
三芝區,大湖,,1225,三芝區,後厝,土地公坑,128-14
三芝區,大湖,,1226,三芝區,後厝,土地公坑,128-15
三芝區,大湖,,1227,三芝區,後厝,土地公坑,128-16
三芝區,大湖,,1228,三芝區,後厝,土地公坑,128-17
三芝區,大湖,,1229,三芝區,後厝,土地公坑,128-18
三芝區,大湖,,123,三芝區,後厝,北勢子,154-2
三芝區,大湖,,1230,三芝區,後厝,土地公坑,128-19
三芝區,大湖,,1231,三芝區,後厝,土地公坑,128-20
三芝區,大湖,,1232,三芝區,後厝,土地公坑,128-26
三芝區,大湖,,1233,三芝區,後厝,土地公坑,128-21
三芝區,大湖,,1234,三芝區,後厝,土地公坑,128-22
三芝區,大湖,,1235,三芝區,後厝,土地公坑,128-23
三芝區,大湖,,1236,三芝區,後厝,土地公坑,128-24
三芝區,大湖,,1237,三芝區,後厝,土地公坑,128-25
三芝區,大湖,,1238,三芝區,後厝,土地公坑,129-1
三芝區,大湖,,1239,三芝區,後厝,土地公坑,129-18
三芝區,大湖,,124,三芝區,後厝,北勢子,157-1
三芝區,大湖,,1240,三芝區,後厝,土地公坑,129-12
三芝區,大湖,,1241,三芝區,後厝,土地公坑,129-13
三芝區,大湖,,1242,三芝區,後厝,土地公坑,129-14
三芝區,大湖,,1243,三芝區,後厝,土地公坑,129-15
三芝區,大湖,,1244,三芝區,後厝,土地公坑,129-16
三芝區,大湖,,1245,三芝區,後厝,土地公坑,129-4
三芝區,大湖,,1246,三芝區,後厝,土地公坑,132-4
三芝區,大湖,,1247,三芝區,後厝,土地公坑,132-3
三芝區,大湖,,1248,三芝區,後厝,土地公坑,132-1
三芝區,大湖,,1249,三芝區,後厝,土地公坑,131-9
三芝區,大湖,,125,三芝區,後厝,北勢子,157
三芝區,大湖,,1250,三芝區,後厝,土地公坑,131-5
三芝區,大湖,,1251,三芝區,後厝,土地公坑,131-32
三芝區,大湖,,1252,三芝區,後厝,土地公坑,131-4
三芝區,大湖,,1254,三芝區,後厝,土地公坑,131-1
三芝區,大湖,,1255,三芝區,後厝,土地公坑,167-4
三芝區,大湖,,1256,三芝區,後厝,土地公坑,167-18
三芝區,大湖,,1257,三芝區,後厝,土地公坑,167-17
三芝區,大湖,,1259,三芝區,後厝,土地公坑,167-16
三芝區,大湖,,1260,三芝區,後厝,土地公坑,167-19
三芝區,大湖,,1261,三芝區,後厝,土地公坑,167-1
三芝區,大湖,,1262,三芝區,後厝,土地公坑,167-20
三芝區,大湖,,1263,三芝區,後厝,土地公坑,167-14
三芝區,大湖,,1264,三芝區,後厝,土地公坑,167-15
三芝區,大湖,,1265,三芝區,後厝,土地公坑,167-12
三芝區,大湖,,1266,三芝區,後厝,土地公坑,167-13
三芝區,大湖,,1267,三芝區,後厝,土地公坑,167-29
三芝區,大湖,,1268,三芝區,後厝,土地公坑,167-26
三芝區,大湖,,1269,三芝區,後厝,土地公坑,167-22
三芝區,大湖,,127,三芝區,後厝,北勢子,159-2
三芝區,大湖,,1270,三芝區,後厝,土地公坑,167-7
三芝區,大湖,,1271,三芝區,後厝,土地公坑,167-21
三芝區,大湖,,1272,三芝區,後厝,土地公坑,167-8
三芝區,大湖,,1273,三芝區,後厝,土地公坑,167-28
三芝區,大湖,,1274,三芝區,後厝,土地公坑,167-6
三芝區,大湖,,1275,三芝區,後厝,土地公坑,167-27
三芝區,大湖,,1276,三芝區,後厝,土地公坑,167-23
三芝區,大湖,,1277,三芝區,後厝,土地公坑,167-5
三芝區,大湖,,1278,三芝區,後厝,土地公坑,131-34
三芝區,大湖,,1279,三芝區,後厝,土地公坑,131-8
三芝區,大湖,,128,三芝區,後厝,北勢子,213-2
三芝區,大湖,,1280,三芝區,後厝,土地公坑,132-6
三芝區,大湖,,1281,三芝區,後厝,土地公坑,132-2
三芝區,大湖,,1282,三芝區,後厝,土地公坑,132-8
三芝區,大湖,,1283,三芝區,後厝,土地公坑,132-5
三芝區,大湖,,1284,三芝區,後厝,土地公坑,131-7
三芝區,大湖,,1285,三芝區,後厝,土地公坑,131-36
三芝區,大湖,,1286,三芝區,後厝,土地公坑,138-10
三芝區,大湖,,1287,三芝區,後厝,土地公坑,138-5
三芝區,大湖,,1288,三芝區,後厝,土地公坑,138-2
三芝區,大湖,,1289,三芝區,後厝,土地公坑,138-12
三芝區,大湖,,129,三芝區,後厝,北勢子,215-1
三芝區,大湖,,1290,三芝區,後厝,土地公坑,138-7
三芝區,大湖,,1291,三芝區,後厝,土地公坑,138-9
三芝區,大湖,,1292,三芝區,後厝,土地公坑,138-13
三芝區,大湖,,1293,三芝區,後厝,土地公坑,138-4
三芝區,大湖,,1294,三芝區,後厝,土地公坑,138-11
三芝區,大湖,,1295,三芝區,後厝,土地公坑,131-35
三芝區,大湖,,1296,三芝區,後厝,土地公坑,131-6
三芝區,大湖,,1297,三芝區,後厝,土地公坑,132-7
三芝區,大湖,,1298,三芝區,後厝,土地公坑,129-9
三芝區,大湖,,1299,三芝區,後厝,土地公坑,129-8
三芝區,大湖,,13,三芝區,後厝,北勢子,114-47
三芝區,大湖,,130,三芝區,後厝,北勢子,215-2
三芝區,大湖,,1300,三芝區,後厝,土地公坑,129-3
三芝區,大湖,,1301,三芝區,後厝,土地公坑,131-38
三芝區,大湖,,1302,三芝區,後厝,土地公坑,125-192
三芝區,大湖,,1303,三芝區,後厝,土地公坑,140-7
三芝區,大湖,,1304,三芝區,後厝,土地公坑,140-6
三芝區,大湖,,1305,三芝區,後厝,土地公坑,129-11
三芝區,大湖,,1306,三芝區,後厝,土地公坑,129-2
三芝區,大湖,,1307,三芝區,後厝,土地公坑,139-1
三芝區,大湖,,1308,三芝區,後厝,土地公坑,125-191
三芝區,大湖,,1309,三芝區,後厝,土地公坑,125-190
三芝區,大湖,,131,三芝區,後厝,北勢子,215-4
三芝區,大湖,,1310,三芝區,後厝,土地公坑,125-189
三芝區,大湖,,1311,三芝區,後厝,土地公坑,125-188
三芝區,大湖,,1312,三芝區,後厝,土地公坑,140-5
三芝區,大湖,,1313,三芝區,後厝,土地公坑,129-7
三芝區,大湖,,1314,三芝區,後厝,土地公坑,129-6
三芝區,大湖,,1315,三芝區,後厝,土地公坑,140-4
三芝區,大湖,,1316,三芝區,後厝,土地公坑,140-3
三芝區,大湖,,1317,三芝區,後厝,土地公坑,126-7
三芝區,大湖,,1318,三芝區,後厝,土地公坑,126-8
三芝區,大湖,,1319,三芝區,後厝,土地公坑,126-10
三芝區,大湖,,132,三芝區,後厝,北勢子,215-3
三芝區,大湖,,1320,三芝區,後厝,土地公坑,126-9
三芝區,大湖,,1321,三芝區,後厝,土地公坑,126-3
三芝區,大湖,,1322,三芝區,後厝,土地公坑,129-10
三芝區,大湖,,1323,三芝區,後厝,土地公坑,127-3
三芝區,大湖,,1324,三芝區,後厝,土地公坑,127-6
三芝區,大湖,,1325,三芝區,後厝,土地公坑,128-30
三芝區,大湖,,1326,三芝區,後厝,土地公坑,128-6
三芝區,大湖,,1327,三芝區,後厝,土地公坑,128-32
三芝區,大湖,,1328,三芝區,後厝,土地公坑,128-48
三芝區,大湖,,1329,三芝區,後厝,土地公坑,16-52
三芝區,大湖,,133,三芝區,後厝,北勢子,215
三芝區,大湖,,1330,三芝區,後厝,土地公坑,16-75
三芝區,大湖,,1332,三芝區,後厝,土地公坑,17
三芝區,大湖,,1333,三芝區,後厝,土地公坑,17-4
三芝區,大湖,,1334,三芝區,後厝,土地公坑,17-2
三芝區,大湖,,1335,三芝區,後厝,土地公坑,16-91
三芝區,大湖,,1336,三芝區,後厝,土地公坑,17-3
三芝區,大湖,,1337,三芝區,後厝,土地公坑,17-1
三芝區,大湖,,1338,三芝區,後厝,土地公坑,128-1
三芝區,大湖,,1339,三芝區,後厝,土地公坑,127-2
三芝區,大湖,,1340,三芝區,後厝,土地公坑,127-7
三芝區,大湖,,1341,三芝區,後厝,土地公坑,128-52
三芝區,大湖,,1342,三芝區,後厝,土地公坑,126-2
三芝區,大湖,,1343,三芝區,後厝,土地公坑,127-8
三芝區,大湖,,1345,三芝區,後厝,土地公坑,128-53
三芝區,大湖,,1346,三芝區,後厝,土地公坑,126-6
三芝區,大湖,,1347,三芝區,後厝,土地公坑,127-4
三芝區,大湖,,1348,三芝區,後厝,土地公坑,126-5
三芝區,大湖,,1349,三芝區,後厝,土地公坑,127-5
三芝區,大湖,,135,三芝區,後厝,北勢子,183-1
三芝區,大湖,,1350,三芝區,後厝,土地公坑,128-27
三芝區,大湖,,1351,三芝區,後厝,土地公坑,128-28
三芝區,大湖,,1353,三芝區,後厝,土地公坑,126
三芝區,大湖,,1354,三芝區,後厝,土地公坑,126-11
三芝區,大湖,,1355,三芝區,後厝,土地公坑,127
三芝區,大湖,,1356,三芝區,後厝,土地公坑,128-9
三芝區,大湖,,1357,三芝區,後厝,土地公坑,128-29
三芝區,大湖,,1358,三芝區,後厝,土地公坑,128-55
三芝區,大湖,,1359,三芝區,後厝,土地公坑,128-54
三芝區,大湖,,136,三芝區,後厝,北勢子,183
三芝區,大湖,,1360,三芝區,後厝,土地公坑,127-1
三芝區,大湖,,1362,三芝區,後厝,土地公坑,126-4
三芝區,大湖,,1363,三芝區,後厝,土地公坑,125-1
三芝區,大湖,,1364,三芝區,後厝,土地公坑,125-106
三芝區,大湖,,1365,三芝區,後厝,土地公坑,125-124
三芝區,大湖,,1366,三芝區,後厝,土地公坑,125-125
三芝區,大湖,,1367,三芝區,後厝,土地公坑,125-126
三芝區,大湖,,1368,三芝區,後厝,土地公坑,125-120
三芝區,大湖,,1369,三芝區,後厝,土地公坑,125-119
三芝區,大湖,,1370,三芝區,後厝,土地公坑,125-129
三芝區,大湖,,1371,三芝區,後厝,土地公坑,125-110
三芝區,大湖,,1372,三芝區,後厝,土地公坑,131-37
三芝區,大湖,,1373,三芝區,後厝,土地公坑,131-2
三芝區,大湖,,1374,三芝區,後厝,土地公坑,138-3
三芝區,大湖,,1375,三芝區,後厝,土地公坑,136-2
三芝區,大湖,,1376,三芝區,後厝,土地公坑,133
三芝區,大湖,,1377,三芝區,後厝,土地公坑,133-1
三芝區,大湖,,1378,三芝區,後厝,土地公坑,131-3
三芝區,大湖,,1379,三芝區,後厝,土地公坑,133-2
三芝區,大湖,,1380,三芝區,後厝,土地公坑,167-3
三芝區,大湖,,1381,三芝區,後厝,土地公坑,167-10
三芝區,大湖,,1382,三芝區,後厝,土地公坑,167-11
三芝區,大湖,,1383,三芝區,後厝,土地公坑,161-60
三芝區,大湖,,1384,三芝區,後厝,土地公坑,161-26
三芝區,大湖,,1385,三芝區,後厝,土地公坑,161-27
三芝區,大湖,,1386,三芝區,後厝,土地公坑,161-61
三芝區,大湖,,1387,三芝區,後厝,土地公坑,166-3
三芝區,大湖,,1388,三芝區,後厝,土地公坑,161
三芝區,大湖,,1389,三芝區,後厝,土地公坑,166
三芝區,大湖,,1390,三芝區,後厝,土地公坑,166-2
三芝區,大湖,,1391,三芝區,後厝,土地公坑,166-4
三芝區,大湖,,1392,三芝區,後厝,土地公坑,166-1
三芝區,大湖,,1393,三芝區,後厝,土地公坑,164-1
三芝區,大湖,,1394,三芝區,後厝,土地公坑,161-3
三芝區,大湖,,1395,三芝區,後厝,土地公坑,161-2
三芝區,大湖,,1396,三芝區,後厝,土地公坑,161-4
三芝區,大湖,,1397,三芝區,後厝,土地公坑,161-5
三芝區,大湖,,1398,三芝區,後厝,土地公坑,161-6
三芝區,大湖,,1399,三芝區,後厝,土地公坑,161-7
三芝區,大湖,,14,三芝區,後厝,北勢子,114-12
三芝區,大湖,,140,三芝區,後厝,土地公坑,168
三芝區,大湖,,1400,三芝區,後厝,土地公坑,161-8
三芝區,大湖,,1401,三芝區,後厝,土地公坑,161-9
三芝區,大湖,,1402,三芝區,後厝,土地公坑,161-10
三芝區,大湖,,1403,三芝區,後厝,土地公坑,161-11
三芝區,大湖,,1404,三芝區,後厝,土地公坑,161-12
三芝區,大湖,,1405,三芝區,後厝,土地公坑,161-13
三芝區,大湖,,1406,三芝區,後厝,土地公坑,161-14
三芝區,大湖,,1407,三芝區,後厝,土地公坑,161-15
三芝區,大湖,,1408,三芝區,後厝,土地公坑,161-16
三芝區,大湖,,1409,三芝區,後厝,土地公坑,161-17
三芝區,大湖,,141,三芝區,後厝,土地公坑,2-8
三芝區,大湖,,1410,三芝區,後厝,土地公坑,161-18
三芝區,大湖,,1411,三芝區,後厝,土地公坑,161-19
三芝區,大湖,,1412,三芝區,後厝,土地公坑,161-20
三芝區,大湖,,1413,三芝區,後厝,土地公坑,161-21
三芝區,大湖,,1414,三芝區,後厝,土地公坑,161-22
三芝區,大湖,,1415,三芝區,後厝,土地公坑,161-23
三芝區,大湖,,1416,三芝區,後厝,土地公坑,161-24
三芝區,大湖,,1417,三芝區,後厝,土地公坑,161-25
三芝區,大湖,,1418,三芝區,後厝,土地公坑,161-85
三芝區,大湖,,1419,三芝區,後厝,土地公坑,161-84
三芝區,大湖,,142,三芝區,後厝,土地公坑,2-9
三芝區,大湖,,1420,三芝區,後厝,土地公坑,161-83
三芝區,大湖,,1421,三芝區,後厝,土地公坑,161-82
三芝區,大湖,,1422,三芝區,後厝,土地公坑,161-81
三芝區,大湖,,1423,三芝區,後厝,土地公坑,161-80
三芝區,大湖,,1424,三芝區,後厝,土地公坑,161-79
三芝區,大湖,,1425,三芝區,後厝,土地公坑,161-78
三芝區,大湖,,1426,三芝區,後厝,土地公坑,161-77
三芝區,大湖,,1427,三芝區,後厝,土地公坑,161-76
三芝區,大湖,,1428,三芝區,後厝,土地公坑,161-75
三芝區,大湖,,1429,三芝區,後厝,土地公坑,161-74
三芝區,大湖,,143,三芝區,後厝,土地公坑,2-10
三芝區,大湖,,1430,三芝區,後厝,土地公坑,161-73
三芝區,大湖,,1431,三芝區,後厝,土地公坑,161-72
三芝區,大湖,,1432,三芝區,後厝,土地公坑,161-71
三芝區,大湖,,1433,三芝區,後厝,土地公坑,161-70
三芝區,大湖,,1434,三芝區,後厝,土地公坑,161-69
三芝區,大湖,,1435,三芝區,後厝,土地公坑,161-68
三芝區,大湖,,1436,三芝區,後厝,土地公坑,161-67
三芝區,大湖,,1437,三芝區,後厝,土地公坑,161-66
三芝區,大湖,,1438,三芝區,後厝,土地公坑,161-65
三芝區,大湖,,1439,三芝區,後厝,土地公坑,161-64
三芝區,大湖,,144,三芝區,後厝,土地公坑,2-15
三芝區,大湖,,145,三芝區,後厝,土地公坑,2-6
三芝區,大湖,,1454,三芝區,後厝,土地公坑,161-63
三芝區,大湖,,1455,三芝區,後厝,土地公坑,161-62
三芝區,大湖,,1456,三芝區,後厝,土地公坑,161-29
三芝區,大湖,,1457,三芝區,後厝,土地公坑,161-39
三芝區,大湖,,1458,三芝區,後厝,土地公坑,161-40
三芝區,大湖,,1459,三芝區,後厝,土地公坑,161-41
三芝區,大湖,,146,三芝區,後厝,土地公坑,172
三芝區,大湖,,1460,三芝區,後厝,土地公坑,161-42
三芝區,大湖,,1461,三芝區,後厝,土地公坑,161-43
三芝區,大湖,,1462,三芝區,後厝,土地公坑,161-44
三芝區,大湖,,1463,三芝區,後厝,土地公坑,161-45
三芝區,大湖,,1464,三芝區,後厝,土地公坑,161-46
三芝區,大湖,,1465,三芝區,後厝,土地公坑,161-47
三芝區,大湖,,1466,三芝區,後厝,土地公坑,161-30
三芝區,大湖,,1467,三芝區,後厝,土地公坑,161-48
三芝區,大湖,,1468,三芝區,後厝,土地公坑,161-49
三芝區,大湖,,1469,三芝區,後厝,土地公坑,161-50
三芝區,大湖,,147,三芝區,後厝,土地公坑,2-7
三芝區,大湖,,1470,三芝區,後厝,土地公坑,161-51
三芝區,大湖,,1471,三芝區,後厝,土地公坑,161-52
三芝區,大湖,,1472,三芝區,後厝,土地公坑,161-53
三芝區,大湖,,1473,三芝區,後厝,土地公坑,161-54
三芝區,大湖,,1474,三芝區,後厝,土地公坑,161-55
三芝區,大湖,,1475,三芝區,後厝,土地公坑,161-56
三芝區,大湖,,1476,三芝區,後厝,土地公坑,161-57
三芝區,大湖,,1477,三芝區,後厝,土地公坑,161-58
三芝區,大湖,,1478,三芝區,後厝,土地公坑,161-59
三芝區,大湖,,1479,三芝區,後厝,土地公坑,161-28
三芝區,大湖,,148,三芝區,後厝,土地公坑,16-29
三芝區,大湖,,1480,三芝區,後厝,土地公坑,161-38
三芝區,大湖,,1481,三芝區,後厝,土地公坑,161-37
三芝區,大湖,,1482,三芝區,後厝,土地公坑,161-31
三芝區,大湖,,1483,三芝區,後厝,土地公坑,161-36
三芝區,大湖,,1484,三芝區,後厝,土地公坑,161-32
三芝區,大湖,,1485,三芝區,後厝,土地公坑,161-35
三芝區,大湖,,1486,三芝區,後厝,土地公坑,161-33
三芝區,大湖,,1487,三芝區,後厝,土地公坑,161-34
三芝區,大湖,,1488,三芝區,後厝,土地公坑,134
三芝區,大湖,,1489,三芝區,後厝,土地公坑,136
三芝區,大湖,,149,三芝區,後厝,土地公坑,2-11
三芝區,大湖,,1490,三芝區,後厝,土地公坑,136-1
三芝區,大湖,,1491,三芝區,後厝,土地公坑,137
三芝區,大湖,,1492,三芝區,後厝,土地公坑,144
三芝區,大湖,,1493,三芝區,後厝,土地公坑,135
三芝區,大湖,,1494,三芝區,後厝,土地公坑,161-1
三芝區,大湖,,1495,三芝區,後厝,土地公坑,158-1
三芝區,大湖,,1496,三芝區,後厝,土地公坑,158
三芝區,大湖,,1497,三芝區,後厝,土地公坑,157
三芝區,大湖,,1498,三芝區,後厝,土地公坑,171
三芝區,大湖,,1499,三芝區,後厝,土地公坑,146
三芝區,大湖,,15,三芝區,後厝,北勢子,116
三芝區,大湖,,150,三芝區,後厝,土地公坑,1-5
三芝區,大湖,,1500,三芝區,後厝,土地公坑,145
三芝區,大湖,,1501,三芝區,後厝,土地公坑,147-1
三芝區,大湖,,1502,三芝區,後厝,土地公坑,147
三芝區,大湖,,1503,三芝區,後厝,土地公坑,143
三芝區,大湖,,1504,三芝區,後厝,土地公坑,143-1
三芝區,大湖,,1505,三芝區,後厝,土地公坑,143-2
三芝區,大湖,,1506,三芝區,後厝,土地公坑,143-3
三芝區,大湖,,1507,三芝區,後厝,土地公坑,143-4
三芝區,大湖,,1508,三芝區,後厝,土地公坑,125-193
三芝區,大湖,,1509,三芝區,後厝,土地公坑,125-160
三芝區,大湖,,151,三芝區,後厝,土地公坑,1-9
三芝區,大湖,,1510,三芝區,後厝,土地公坑,125-147
三芝區,大湖,,1511,三芝區,後厝,土地公坑,125-139
三芝區,大湖,,1512,三芝區,後厝,土地公坑,125-141
三芝區,大湖,,1513,三芝區,後厝,土地公坑,125-142
三芝區,大湖,,1514,三芝區,後厝,土地公坑,125-11
三芝區,大湖,,1515,三芝區,後厝,土地公坑,125-150
三芝區,大湖,,1516,三芝區,後厝,土地公坑,125-17
三芝區,大湖,,1517,三芝區,後厝,土地公坑,125-113
三芝區,大湖,,1518,三芝區,後厝,土地公坑,125-112
三芝區,大湖,,1519,三芝區,後厝,土地公坑,125-185
三芝區,大湖,,152,三芝區,後厝,土地公坑,1-10
三芝區,大湖,,1520,三芝區,後厝,土地公坑,125-187
三芝區,大湖,,1521,三芝區,後厝,土地公坑,125-4
三芝區,大湖,,1522,三芝區,後厝,土地公坑,125-186
三芝區,大湖,,1523,三芝區,後厝,土地公坑,125
三芝區,大湖,,1524,三芝區,後厝,土地公坑,125-166
三芝區,大湖,,1525,三芝區,後厝,土地公坑,125-169
三芝區,大湖,,1526,三芝區,後厝,土地公坑,125-170
三芝區,大湖,,1527,三芝區,後厝,土地公坑,125-173
三芝區,大湖,,1528,三芝區,後厝,土地公坑,125-174
三芝區,大湖,,1529,三芝區,後厝,土地公坑,125-177
三芝區,大湖,,153,三芝區,後厝,土地公坑,1-13
三芝區,大湖,,1530,三芝區,後厝,土地公坑,125-178
三芝區,大湖,,1531,三芝區,後厝,土地公坑,125-181
三芝區,大湖,,1532,三芝區,後厝,土地公坑,125-182
三芝區,大湖,,1533,三芝區,後厝,土地公坑,125-183
三芝區,大湖,,1534,三芝區,後厝,土地公坑,125-184
三芝區,大湖,,1535,三芝區,後厝,土地公坑,125-180
三芝區,大湖,,1536,三芝區,後厝,土地公坑,125-179
三芝區,大湖,,1537,三芝區,後厝,土地公坑,125-176
三芝區,大湖,,1538,三芝區,後厝,土地公坑,125-175
三芝區,大湖,,1539,三芝區,後厝,土地公坑,125-172
三芝區,大湖,,154,三芝區,後厝,土地公坑,1-11
三芝區,大湖,,1540,三芝區,後厝,土地公坑,125-171
三芝區,大湖,,1541,三芝區,後厝,土地公坑,125-168
三芝區,大湖,,1542,三芝區,後厝,土地公坑,125-167
三芝區,大湖,,1543,三芝區,後厝,土地公坑,125-164
三芝區,大湖,,1544,三芝區,後厝,土地公坑,125-161
三芝區,大湖,,1545,三芝區,後厝,土地公坑,125-158
三芝區,大湖,,1546,三芝區,後厝,土地公坑,125-155
三芝區,大湖,,1547,三芝區,後厝,土地公坑,125-156
三芝區,大湖,,1548,三芝區,後厝,土地公坑,175
三芝區,大湖,,1549,三芝區,後厝,土地公坑,125-24
三芝區,大湖,,155,三芝區,後厝,土地公坑,1-17
三芝區,大湖,,1550,三芝區,後厝,土地公坑,125-157
三芝區,大湖,,1551,三芝區,後厝,土地公坑,125-35
三芝區,大湖,,1552,三芝區,後厝,土地公坑,125-162
三芝區,大湖,,1553,三芝區,後厝,土地公坑,125-36
三芝區,大湖,,1554,三芝區,後厝,土地公坑,125-163
三芝區,大湖,,1555,三芝區,後厝,土地公坑,125-47
三芝區,大湖,,1556,三芝區,後厝,土地公坑,125-48
三芝區,大湖,,1557,三芝區,後厝,土地公坑,125-59
三芝區,大湖,,1558,三芝區,後厝,土地公坑,125-60
三芝區,大湖,,1559,三芝區,後厝,土地公坑,125-74
三芝區,大湖,,156,三芝區,後厝,土地公坑,1-22
三芝區,大湖,,1560,三芝區,後厝,土地公坑,125-75
三芝區,大湖,,1561,三芝區,後厝,土地公坑,125-81
三芝區,大湖,,1562,三芝區,後厝,土地公坑,125-82
三芝區,大湖,,1563,三芝區,後厝,土地公坑,125-91
三芝區,大湖,,1564,三芝區,後厝,土地公坑,125-92
三芝區,大湖,,1565,三芝區,後厝,土地公坑,125-83
三芝區,大湖,,1566,三芝區,後厝,土地公坑,125-94
三芝區,大湖,,1567,三芝區,後厝,土地公坑,125-101
三芝區,大湖,,1568,三芝區,後厝,土地公坑,125-89
三芝區,大湖,,1569,三芝區,後厝,土地公坑,125-84
三芝區,大湖,,157,三芝區,後厝,土地公坑,1-18
三芝區,大湖,,1570,三芝區,後厝,土地公坑,125-80
三芝區,大湖,,1571,三芝區,後厝,土地公坑,125-72
三芝區,大湖,,1572,三芝區,後厝,土地公坑,125-73
三芝區,大湖,,1573,三芝區,後厝,土地公坑,125-61
三芝區,大湖,,1574,三芝區,後厝,土地公坑,125-58
三芝區,大湖,,1575,三芝區,後厝,土地公坑,125-49
三芝區,大湖,,1576,三芝區,後厝,土地公坑,125-46
三芝區,大湖,,1577,三芝區,後厝,土地公坑,125-37
三芝區,大湖,,1578,三芝區,後厝,土地公坑,125-34
三芝區,大湖,,1579,三芝區,後厝,土地公坑,125-25
三芝區,大湖,,158,三芝區,後厝,土地公坑,1-23
三芝區,大湖,,1580,三芝區,後厝,土地公坑,125-26
三芝區,大湖,,1581,三芝區,後厝,土地公坑,125-194
三芝區,大湖,,1582,三芝區,後厝,土地公坑,125-195
三芝區,大湖,,1583,三芝區,後厝,土地公坑,125-33
三芝區,大湖,,1584,三芝區,後厝,土地公坑,125-38
三芝區,大湖,,1585,三芝區,後厝,土地公坑,125-45
三芝區,大湖,,1586,三芝區,後厝,土地公坑,125-50
三芝區,大湖,,1587,三芝區,後厝,土地公坑,125-57
三芝區,大湖,,1588,三芝區,後厝,土地公坑,125-62
三芝區,大湖,,1589,三芝區,後厝,土地公坑,125-70
三芝區,大湖,,159,三芝區,後厝,土地公坑,1-2
三芝區,大湖,,1590,三芝區,後厝,土地公坑,125-71
三芝區,大湖,,1591,三芝區,後厝,土地公坑,125-79
三芝區,大湖,,1592,三芝區,後厝,土地公坑,125-85
三芝區,大湖,,1593,三芝區,後厝,土地公坑,125-88
三芝區,大湖,,1594,三芝區,後厝,土地公坑,125-96
三芝區,大湖,,1595,三芝區,後厝,土地公坑,125-97
三芝區,大湖,,1596,三芝區,後厝,土地公坑,152
三芝區,大湖,,1597,三芝區,後厝,土地公坑,152-1
三芝區,大湖,,1598,三芝區,後厝,土地公坑,152-2
三芝區,大湖,,1599,三芝區,後厝,土地公坑,152-3
三芝區,大湖,,160,三芝區,後厝,土地公坑,1-27
三芝區,大湖,,1600,三芝區,後厝,土地公坑,152-4
三芝區,大湖,,1601,三芝區,後厝,土地公坑,154
三芝區,大湖,,1602,三芝區,後厝,土地公坑,153
三芝區,大湖,,1603,三芝區,後厝,土地公坑,147-2
三芝區,大湖,,1604,三芝區,後厝,土地公坑,155
三芝區,大湖,,1605,三芝區,後厝,土地公坑,117
三芝區,大湖,,1606,三芝區,後厝,土地公坑,118
三芝區,大湖,,1607,三芝區,後厝,土地公坑,120-6
三芝區,大湖,,1608,三芝區,後厝,土地公坑,119
三芝區,大湖,,1609,三芝區,後厝,土地公坑,119-2
三芝區,大湖,,161,三芝區,後厝,土地公坑,1-1
三芝區,大湖,,1610,三芝區,後厝,土地公坑,119-4
三芝區,大湖,,1611,三芝區,後厝,土地公坑,120
三芝區,大湖,,1612,三芝區,後厝,土地公坑,120-3
三芝區,大湖,,1613,三芝區,後厝,土地公坑,120-1
三芝區,大湖,,1614,三芝區,後厝,土地公坑,120-4
三芝區,大湖,,1615,三芝區,後厝,土地公坑,120-5
三芝區,大湖,,1616,三芝區,後厝,土地公坑,121
三芝區,大湖,,1617,三芝區,後厝,土地公坑,125-99
三芝區,大湖,,1618,三芝區,後厝,土地公坑,125-98
三芝區,大湖,,1619,三芝區,後厝,土地公坑,125-87
三芝區,大湖,,162,三芝區,後厝,土地公坑,1-6
三芝區,大湖,,1620,三芝區,後厝,土地公坑,125-86
三芝區,大湖,,1621,三芝區,後厝,土地公坑,125-66
三芝區,大湖,,1622,三芝區,後厝,土地公坑,125-63
三芝區,大湖,,1623,三芝區,後厝,土地公坑,125-51
三芝區,大湖,,1624,三芝區,後厝,土地公坑,125-39
三芝區,大湖,,1625,三芝區,後厝,土地公坑,125-19
三芝區,大湖,,1626,三芝區,後厝,土地公坑,122-18
三芝區,大湖,,1627,三芝區,後厝,土地公坑,122-137
三芝區,大湖,,1628,三芝區,後厝,土地公坑,125-14
三芝區,大湖,,1629,三芝區,後厝,土地公坑,125-13
三芝區,大湖,,163,三芝區,後厝,土地公坑,1-12
三芝區,大湖,,1630,三芝區,後厝,土地公坑,122-8
三芝區,大湖,,1631,三芝區,後厝,土地公坑,125-7
三芝區,大湖,,1632,三芝區,後厝,土地公坑,122-2
三芝區,大湖,,1633,三芝區,後厝,土地公坑,122-4
三芝區,大湖,,1634,三芝區,後厝,土地公坑,122-6
三芝區,大湖,,1635,三芝區,後厝,土地公坑,122-9
三芝區,大湖,,1636,三芝區,後厝,土地公坑,122-138
三芝區,大湖,,1637,三芝區,後厝,土地公坑,122-17
三芝區,大湖,,1638,三芝區,後厝,土地公坑,122-140
三芝區,大湖,,1639,三芝區,後厝,土地公坑,125-29
三芝區,大湖,,164,三芝區,後厝,土地公坑,1-7
三芝區,大湖,,1640,三芝區,後厝,土地公坑,122-20
三芝區,大湖,,1641,三芝區,後厝,土地公坑,125-30
三芝區,大湖,,1642,三芝區,後厝,土地公坑,122-19
三芝區,大湖,,1643,三芝區,後厝,土地公坑,125-41
三芝區,大湖,,1644,三芝區,後厝,土地公坑,125-42
三芝區,大湖,,1645,三芝區,後厝,土地公坑,122-39
三芝區,大湖,,1646,三芝區,後厝,土地公坑,122-38
三芝區,大湖,,1647,三芝區,後厝,土地公坑,122-59
三芝區,大湖,,1648,三芝區,後厝,土地公坑,122-60
三芝區,大湖,,1649,三芝區,後厝,土地公坑,125-53
三芝區,大湖,,165,三芝區,後厝,土地公坑,1-8
三芝區,大湖,,1650,三芝區,後厝,土地公坑,125-54
三芝區,大湖,,1651,三芝區,後厝,土地公坑,122-88
三芝區,大湖,,1652,三芝區,後厝,土地公坑,122-87
三芝區,大湖,,1653,三芝區,後厝,土地公坑,122-90
三芝區,大湖,,1654,三芝區,後厝,土地公坑,122-89
三芝區,大湖,,1655,三芝區,後厝,土地公坑,125-76
三芝區,大湖,,1656,三芝區,後厝,土地公坑,122-110
三芝區,大湖,,1657,三芝區,後厝,土地公坑,122-109
三芝區,大湖,,1658,三芝區,後厝,土地公坑,122-112
三芝區,大湖,,1659,三芝區,後厝,土地公坑,122-111
三芝區,大湖,,166,三芝區,後厝,土地公坑,12-12
三芝區,大湖,,1660,三芝區,後厝,土地公坑,122-134
三芝區,大湖,,1661,三芝區,後厝,土地公坑,122-133
三芝區,大湖,,1662,三芝區,後厝,土地公坑,122-132
三芝區,大湖,,1663,三芝區,後厝,土地公坑,122-131
三芝區,大湖,,1664,三芝區,後厝,土地公坑,122-108
三芝區,大湖,,1665,三芝區,後厝,土地公坑,122-91
三芝區,大湖,,1666,三芝區,後厝,土地公坑,122-86
三芝區,大湖,,1667,三芝區,後厝,土地公坑,122-61
三芝區,大湖,,1668,三芝區,後厝,土地公坑,122-58
三芝區,大湖,,1669,三芝區,後厝,土地公坑,122-40
三芝區,大湖,,167,三芝區,後厝,土地公坑,176
三芝區,大湖,,1670,三芝區,後厝,土地公坑,122-145
三芝區,大湖,,1671,三芝區,後厝,土地公坑,122-36
三芝區,大湖,,1672,三芝區,後厝,土地公坑,122-141
三芝區,大湖,,1673,三芝區,後厝,土地公坑,122-21
三芝區,大湖,,1674,三芝區,後厝,土地公坑,122-16
三芝區,大湖,,1675,三芝區,後厝,土地公坑,122-10
三芝區,大湖,,1676,三芝區,後厝,土地公坑,122-7
三芝區,大湖,,1677,三芝區,後厝,土地公坑,122-5
三芝區,大湖,,1678,三芝區,後厝,土地公坑,122-3
三芝區,大湖,,1679,三芝區,後厝,土地公坑,122-135
三芝區,大湖,,168,三芝區,後厝,土地公坑,12-6
三芝區,大湖,,1680,三芝區,後厝,土地公坑,122-136
三芝區,大湖,,1681,三芝區,後厝,土地公坑,119-1
三芝區,大湖,,1682,三芝區,後厝,土地公坑,122-12
三芝區,大湖,,1683,三芝區,後厝,土地公坑,122-139
三芝區,大湖,,1684,三芝區,後厝,土地公坑,122-11
三芝區,大湖,,1685,三芝區,後厝,土地公坑,122-13
三芝區,大湖,,1686,三芝區,後厝,土地公坑,122-14
三芝區,大湖,,1687,三芝區,後厝,土地公坑,122-15
三芝區,大湖,,1688,三芝區,後厝,土地公坑,122-37
三芝區,大湖,,1689,三芝區,後厝,土地公坑,122-25
三芝區,大湖,,169,三芝區,後厝,土地公坑,12-15
三芝區,大湖,,1690,三芝區,後厝,土地公坑,122-26
三芝區,大湖,,1691,三芝區,後厝,土地公坑,122-27
三芝區,大湖,,1692,三芝區,後厝,土地公坑,122-142
三芝區,大湖,,1693,三芝區,後厝,土地公坑,122-24
三芝區,大湖,,1694,三芝區,後厝,土地公坑,122-23
三芝區,大湖,,1695,三芝區,後厝,土地公坑,122-22
三芝區,大湖,,1696,三芝區,後厝,土地公坑,122-35
三芝區,大湖,,1697,三芝區,後厝,土地公坑,122-34
三芝區,大湖,,1698,三芝區,後厝,土地公坑,122-33
三芝區,大湖,,1699,三芝區,後厝,土地公坑,122-41
三芝區,大湖,,17,三芝區,後厝,北勢子,117-2
三芝區,大湖,,170,三芝區,後厝,土地公坑,10-13
三芝區,大湖,,1700,三芝區,後厝,土地公坑,122-85
三芝區,大湖,,1701,三芝區,後厝,土地公坑,122-92
三芝區,大湖,,1702,三芝區,後厝,土地公坑,122-107
三芝區,大湖,,1703,三芝區,後厝,土地公坑,122-113
三芝區,大湖,,1704,三芝區,後厝,土地公坑,122-130
三芝區,大湖,,1705,三芝區,後厝,土地公坑,122-129
三芝區,大湖,,1706,三芝區,後厝,土地公坑,122
三芝區,大湖,,1707,三芝區,後厝,土地公坑,122-106
三芝區,大湖,,1708,三芝區,後厝,土地公坑,122-93
三芝區,大湖,,1709,三芝區,後厝,土地公坑,122-84
三芝區,大湖,,171,三芝區,後厝,土地公坑,12-16
三芝區,大湖,,1710,三芝區,後厝,土地公坑,122-156
三芝區,大湖,,1711,三芝區,後厝,土地公坑,122-157
三芝區,大湖,,1712,三芝區,後厝,土地公坑,122-165
三芝區,大湖,,1713,三芝區,後厝,土地公坑,122-105
三芝區,大湖,,1714,三芝區,後厝,土地公坑,122-94
三芝區,大湖,,1715,三芝區,後厝,土地公坑,122-83
三芝區,大湖,,1716,三芝區,後厝,土地公坑,122-167
三芝區,大湖,,1717,三芝區,後厝,土地公坑,122-168
三芝區,大湖,,1718,三芝區,後厝,土地公坑,122-43
三芝區,大湖,,1719,三芝區,後厝,土地公坑,122-32
三芝區,大湖,,172,三芝區,後厝,土地公坑,12-8
三芝區,大湖,,1720,三芝區,後厝,土地公坑,122-31
三芝區,大湖,,1721,三芝區,後厝,土地公坑,122-30
三芝區,大湖,,1722,三芝區,後厝,土地公坑,122-29
三芝區,大湖,,1723,三芝區,後厝,土地公坑,122-28
三芝區,大湖,,1724,三芝區,後厝,土地公坑,122-143
三芝區,大湖,,1725,三芝區,後厝,土地公坑,122-144
三芝區,大湖,,1726,三芝區,後厝,土地公坑,122-48
三芝區,大湖,,1727,三芝區,後厝,土地公坑,122-47
三芝區,大湖,,1728,三芝區,後厝,土地公坑,122-46
三芝區,大湖,,1729,三芝區,後厝,土地公坑,122-147
三芝區,大湖,,173,三芝區,後厝,土地公坑,10-4
三芝區,大湖,,1730,三芝區,後厝,土地公坑,122-146
三芝區,大湖,,1731,三芝區,後厝,土地公坑,122-45
三芝區,大湖,,1732,三芝區,後厝,土地公坑,122-44
三芝區,大湖,,1733,三芝區,後厝,土地公坑,122-49
三芝區,大湖,,1734,三芝區,後厝,土地公坑,122-50
三芝區,大湖,,1735,三芝區,後厝,土地公坑,122-51
三芝區,大湖,,1736,三芝區,後厝,土地公坑,122-52
三芝區,大湖,,1737,三芝區,後厝,土地公坑,122-53
三芝區,大湖,,1738,三芝區,後厝,土地公坑,122-55
三芝區,大湖,,1739,三芝區,後厝,土地公坑,122-64
三芝區,大湖,,174,三芝區,後厝,土地公坑,10-14
三芝區,大湖,,1740,三芝區,後厝,土地公坑,122-155
三芝區,大湖,,1741,三芝區,後厝,土地公坑,122-158
三芝區,大湖,,1742,三芝區,後厝,土地公坑,122-164
三芝區,大湖,,1743,三芝區,後厝,土地公坑,122-104
三芝區,大湖,,1744,三芝區,後厝,土地公坑,122-95
三芝區,大湖,,1745,三芝區,後厝,土地公坑,122-82
三芝區,大湖,,1746,三芝區,後厝,土地公坑,122-163
三芝區,大湖,,1747,三芝區,後厝,土地公坑,122-159
三芝區,大湖,,1748,三芝區,後厝,土地公坑,122-154
三芝區,大湖,,1749,三芝區,後厝,土地公坑,122-65
三芝區,大湖,,175,三芝區,後厝,土地公坑,12-9
三芝區,大湖,,1750,三芝區,後厝,土地公坑,122-54
三芝區,大湖,,1751,三芝區,後厝,土地公坑,122-151
三芝區,大湖,,1752,三芝區,後厝,土地公坑,122-150
三芝區,大湖,,1753,三芝區,後厝,土地公坑,122-149
三芝區,大湖,,1754,三芝區,後厝,土地公坑,122-148
三芝區,大湖,,1755,三芝區,後厝,土地公坑,122-71
三芝區,大湖,,1756,三芝區,後厝,土地公坑,122-69
三芝區,大湖,,1757,三芝區,後厝,土地公坑,122-70
三芝區,大湖,,1758,三芝區,後厝,土地公坑,122-68
三芝區,大湖,,1759,三芝區,後厝,土地公坑,122-67
三芝區,大湖,,176,三芝區,後厝,土地公坑,12-10
三芝區,大湖,,1760,三芝區,後厝,土地公坑,122-66
三芝區,大湖,,1761,三芝區,後厝,土地公坑,122-81
三芝區,大湖,,1762,三芝區,後厝,土地公坑,122-96
三芝區,大湖,,1763,三芝區,後厝,土地公坑,122-103
三芝區,大湖,,1764,三芝區,後厝,土地公坑,122-162
三芝區,大湖,,1765,三芝區,後厝,土地公坑,122-160
三芝區,大湖,,1766,三芝區,後厝,土地公坑,122-153
三芝區,大湖,,1767,三芝區,後厝,土地公坑,122-80
三芝區,大湖,,1768,三芝區,後厝,土地公坑,122-97
三芝區,大湖,,1769,三芝區,後厝,土地公坑,122-102
三芝區,大湖,,177,三芝區,後厝,土地公坑,10-15
三芝區,大湖,,1770,三芝區,後厝,土地公坑,122-101
三芝區,大湖,,1771,三芝區,後厝,土地公坑,122-98
三芝區,大湖,,1772,三芝區,後厝,土地公坑,122-79
三芝區,大湖,,1773,三芝區,後厝,土地公坑,122-74
三芝區,大湖,,1774,三芝區,後厝,土地公坑,122-73
三芝區,大湖,,1775,三芝區,後厝,土地公坑,122-72
三芝區,大湖,,1776,三芝區,後厝,土地公坑,122-75
三芝區,大湖,,1777,三芝區,後厝,土地公坑,122-76
三芝區,大湖,,1778,三芝區,後厝,土地公坑,122-77
三芝區,大湖,,1779,三芝區,後厝,土地公坑,122-78
三芝區,大湖,,178,三芝區,後厝,土地公坑,12-11
三芝區,大湖,,1780,三芝區,後厝,土地公坑,122-152
三芝區,大湖,,1781,三芝區,後厝,土地公坑,122-99
三芝區,大湖,,1782,三芝區,後厝,土地公坑,102-7
三芝區,大湖,,1783,三芝區,後厝,土地公坑,102-4
三芝區,大湖,,1784,三芝區,後厝,土地公坑,102-1
三芝區,大湖,,1785,三芝區,後厝,土地公坑,102-2
三芝區,大湖,,1786,三芝區,後厝,土地公坑,102-5
三芝區,大湖,,1787,三芝區,後厝,土地公坑,102-8
三芝區,大湖,,1788,三芝區,後厝,土地公坑,102-9
三芝區,大湖,,1789,三芝區,後厝,土地公坑,102-6
三芝區,大湖,,179,三芝區,後厝,土地公坑,12-27
三芝區,大湖,,1790,三芝區,後厝,土地公坑,102-3
三芝區,大湖,,1791,三芝區,後厝,土地公坑,102-10
三芝區,大湖,,1792,三芝區,後厝,土地公坑,122-119
三芝區,大湖,,1793,三芝區,後厝,土地公坑,114-1
三芝區,大湖,,1794,三芝區,後厝,土地公坑,115-5
三芝區,大湖,,1795,三芝區,後厝,土地公坑,115-4
三芝區,大湖,,1796,三芝區,後厝,土地公坑,115-3
三芝區,大湖,,1797,三芝區,後厝,土地公坑,115-2
三芝區,大湖,,1798,三芝區,後厝,土地公坑,115
三芝區,大湖,,1799,三芝區,後厝,土地公坑,160-4
三芝區,大湖,,18,三芝區,後厝,北勢子,117
三芝區,大湖,,180,三芝區,後厝,土地公坑,12-29
三芝區,大湖,,1800,三芝區,後厝,土地公坑,160
三芝區,大湖,,1801,三芝區,後厝,土地公坑,160-3
三芝區,大湖,,1802,三芝區,後厝,土地公坑,160-2
三芝區,大湖,,1803,三芝區,後厝,土地公坑,160-1
三芝區,大湖,,1804,三芝區,後厝,土地公坑,159
三芝區,大湖,,1805,三芝區,後厝,土地公坑,128-31
三芝區,大湖,,1806,三芝區,後厝,土地公坑,128-33
三芝區,大湖,,1807,三芝區,後厝,土地公坑,128-34
三芝區,大湖,,1808,三芝區,後厝,土地公坑,128-35
三芝區,大湖,,1809,三芝區,後厝,土地公坑,128-36
三芝區,大湖,,181,三芝區,後厝,土地公坑,12-30
三芝區,大湖,,1810,三芝區,後厝,土地公坑,128-37
三芝區,大湖,,1811,三芝區,後厝,土地公坑,128-38
三芝區,大湖,,1812,三芝區,後厝,土地公坑,128-39
三芝區,大湖,,1813,三芝區,後厝,土地公坑,128-40
三芝區,大湖,,1814,三芝區,後厝,土地公坑,128-41
三芝區,大湖,,1815,三芝區,後厝,土地公坑,128-42
三芝區,大湖,,1816,三芝區,後厝,土地公坑,128-43
三芝區,大湖,,1817,三芝區,後厝,土地公坑,128-44
三芝區,大湖,,1818,三芝區,後厝,土地公坑,128-45
三芝區,大湖,,1819,三芝區,後厝,土地公坑,128-46
三芝區,大湖,,182,三芝區,後厝,土地公坑,12-31
三芝區,大湖,,1820,三芝區,後厝,土地公坑,128-47
三芝區,大湖,,1821,三芝區,後厝,土地公坑,128-5
三芝區,大湖,,1822,三芝區,後厝,土地公坑,128-4
三芝區,大湖,,1823,三芝區,後厝,土地公坑,138-8
三芝區,大湖,,1824,三芝區,後厝,土地公坑,138-1
三芝區,大湖,,1825,三芝區,後厝,土地公坑,138-6
三芝區,大湖,,1826,三芝區,後厝,土地公坑,167-24
三芝區,大湖,,1827,三芝區,後厝,土地公坑,167-25
三芝區,大湖,,1828,三芝區,後厝,土地公坑,161-86
三芝區,大湖,,1829,三芝區,後厝,土地公坑,125-111
三芝區,大湖,,183,三芝區,後厝,土地公坑,12-32
三芝區,大湖,,184,三芝區,後厝,土地公坑,12-26
三芝區,大湖,,185,三芝區,後厝,土地公坑,12-28
三芝區,大湖,,186,三芝區,後厝,土地公坑,12-37
三芝區,大湖,,187,三芝區,後厝,土地公坑,12-36
三芝區,大湖,,188,三芝區,後厝,土地公坑,12-35
三芝區,大湖,,189,三芝區,後厝,土地公坑,12-34
三芝區,大湖,,190,三芝區,後厝,土地公坑,12-33
三芝區,大湖,,191,三芝區,後厝,土地公坑,12-7
三芝區,大湖,,192,三芝區,後厝,土地公坑,12-38
三芝區,大湖,,193,三芝區,後厝,土地公坑,12-39
三芝區,大湖,,194,三芝區,後厝,土地公坑,12
三芝區,大湖,,195,三芝區,後厝,土地公坑,12-40
三芝區,大湖,,196,三芝區,後厝,土地公坑,3-7
三芝區,大湖,,197,三芝區,後厝,土地公坑,2
三芝區,大湖,,199,三芝區,後厝,土地公坑,3-2
三芝區,大湖,,2,三芝區,後厝,北勢子,114-14
三芝區,大湖,,20,三芝區,後厝,北勢子,167-3
三芝區,大湖,,200,三芝區,後厝,土地公坑,4
三芝區,大湖,,201,三芝區,後厝,土地公坑,3-1
三芝區,大湖,,202,三芝區,後厝,土地公坑,3
三芝區,大湖,,203,三芝區,後厝,土地公坑,4-1
三芝區,大湖,,205,三芝區,後厝,土地公坑,5-103
三芝區,大湖,,206,三芝區,後厝,土地公坑,6
三芝區,大湖,,207,三芝區,後厝,北勢子,193-3
三芝區,大湖,,208,三芝區,後厝,北勢子,193
三芝區,大湖,,209,三芝區,後厝,土地公坑,5
三芝區,大湖,,21,三芝區,後厝,北勢子,167-2
三芝區,大湖,,210,三芝區,後厝,土地公坑,5-101
三芝區,大湖,,211,三芝區,後厝,北勢子,194
三芝區,大湖,,212,三芝區,後厝,土地公坑,5-102
三芝區,大湖,,213,三芝區,後厝,北勢子,200
三芝區,大湖,,214,三芝區,後厝,北勢子,234
三芝區,大湖,,215,三芝區,後厝,北勢子,233
三芝區,大湖,,216,三芝區,後厝,北勢子,230-2
三芝區,大湖,,217,三芝區,後厝,土地公坑,5-104
三芝區,大湖,,218,三芝區,後厝,北勢子,197-1
三芝區,大湖,,219,三芝區,後厝,北勢子,194-2
三芝區,大湖,,22,三芝區,後厝,北勢子,167-1
三芝區,大湖,,220,三芝區,後厝,北勢子,195-1
三芝區,大湖,,221,三芝區,後厝,北勢子,193-1
三芝區,大湖,,222,三芝區,後厝,北勢子,203-1
三芝區,大湖,,223,三芝區,後厝,北勢子,195
三芝區,大湖,,224,三芝區,後厝,北勢子,196
三芝區,大湖,,225,三芝區,後厝,北勢子,197
三芝區,大湖,,226,三芝區,後厝,北勢子,198
三芝區,大湖,,227,三芝區,後厝,土地公坑,1-15
三芝區,大湖,,228,三芝區,後厝,土地公坑,1-19
三芝區,大湖,,229,三芝區,後厝,土地公坑,1-20
三芝區,大湖,,23,三芝區,後厝,北勢子,167
三芝區,大湖,,230,三芝區,後厝,土地公坑,1-21
三芝區,大湖,,231,三芝區,後厝,土地公坑,1-24
三芝區,大湖,,232,三芝區,後厝,土地公坑,1-4
三芝區,大湖,,233,三芝區,後厝,土地公坑,12-1
三芝區,大湖,,234,三芝區,後厝,土地公坑,12-22
三芝區,大湖,,235,三芝區,後厝,土地公坑,12-18
三芝區,大湖,,236,三芝區,後厝,土地公坑,12-25
三芝區,大湖,,237,三芝區,後厝,土地公坑,10-39
三芝區,大湖,,238,三芝區,後厝,土地公坑,10-8
三芝區,大湖,,239,三芝區,後厝,土地公坑,10-37
三芝區,大湖,,24,三芝區,後厝,北勢子,167-4
三芝區,大湖,,240,三芝區,後厝,土地公坑,10-40
三芝區,大湖,,241,三芝區,後厝,土地公坑,10-41
三芝區,大湖,,242,三芝區,後厝,土地公坑,12-21
三芝區,大湖,,243,三芝區,後厝,土地公坑,11-1
三芝區,大湖,,244,三芝區,後厝,土地公坑,12-20
三芝區,大湖,,245,三芝區,後厝,土地公坑,12-19
三芝區,大湖,,246,三芝區,後厝,土地公坑,12-2
三芝區,大湖,,247,三芝區,後厝,土地公坑,1-14
三芝區,大湖,,248,三芝區,後厝,土地公坑,1-3
三芝區,大湖,,249,三芝區,後厝,土地公坑,1-16
三芝區,大湖,,250,三芝區,後厝,土地公坑,12-17
三芝區,大湖,,251,三芝區,後厝,土地公坑,12-23
三芝區,大湖,,252,三芝區,後厝,土地公坑,12-3
三芝區,大湖,,253,三芝區,後厝,土地公坑,2-12
三芝區,大湖,,254,三芝區,後厝,土地公坑,2-13
三芝區,大湖,,255,三芝區,後厝,土地公坑,16-78
三芝區,大湖,,256,三芝區,後厝,土地公坑,16-108
三芝區,大湖,,257,三芝區,後厝,土地公坑,16-107
三芝區,大湖,,258,三芝區,後厝,土地公坑,16-76
三芝區,大湖,,259,三芝區,後厝,土地公坑,16-117
三芝區,大湖,,26,三芝區,後厝,北勢子,124-2
三芝區,大湖,,260,三芝區,後厝,土地公坑,16-94
三芝區,大湖,,261,三芝區,後厝,土地公坑,16-93
三芝區,大湖,,262,三芝區,後厝,土地公坑,16-92
三芝區,大湖,,263,三芝區,後厝,土地公坑,16-116
三芝區,大湖,,264,三芝區,後厝,土地公坑,16-101
三芝區,大湖,,265,三芝區,後厝,土地公坑,16-109
三芝區,大湖,,266,三芝區,後厝,土地公坑,16-87
三芝區,大湖,,267,三芝區,後厝,土地公坑,16-77
三芝區,大湖,,268,三芝區,後厝,土地公坑,10-35
三芝區,大湖,,269,三芝區,後厝,土地公坑,10-9
三芝區,大湖,,27,三芝區,後厝,北勢子,124-1
三芝區,大湖,,270,三芝區,後厝,土地公坑,10-10
三芝區,大湖,,271,三芝區,後厝,土地公坑,10-28
三芝區,大湖,,272,三芝區,後厝,土地公坑,10-50
三芝區,大湖,,273,三芝區,後厝,土地公坑,10-3
三芝區,大湖,,274,三芝區,後厝,土地公坑,10-27
三芝區,大湖,,275,三芝區,後厝,土地公坑,16-88
三芝區,大湖,,276,三芝區,後厝,土地公坑,16-110
三芝區,大湖,,277,三芝區,後厝,土地公坑,16-118
三芝區,大湖,,278,三芝區,後厝,土地公坑,16-99
三芝區,大湖,,279,三芝區,後厝,土地公坑,16-100
三芝區,大湖,,28,三芝區,後厝,北勢子,124
三芝區,大湖,,280,三芝區,後厝,土地公坑,10-21
三芝區,大湖,,281,三芝區,後厝,土地公坑,10-20
三芝區,大湖,,282,三芝區,後厝,土地公坑,10-29
三芝區,大湖,,283,三芝區,後厝,土地公坑,10-51
三芝區,大湖,,284,三芝區,後厝,土地公坑,10-45
三芝區,大湖,,285,三芝區,後厝,土地公坑,10-46
三芝區,大湖,,286,三芝區,後厝,土地公坑,10-47
三芝區,大湖,,287,三芝區,後厝,土地公坑,10-22
三芝區,大湖,,288,三芝區,後厝,土地公坑,16-102
三芝區,大湖,,289,三芝區,後厝,土地公坑,10-23
三芝區,大湖,,29,三芝區,後厝,北勢子,122-1
三芝區,大湖,,290,三芝區,後厝,土地公坑,10-24
三芝區,大湖,,291,三芝區,後厝,土地公坑,16-95
三芝區,大湖,,292,三芝區,後厝,土地公坑,16-112
三芝區,大湖,,293,三芝區,後厝,土地公坑,16-119
三芝區,大湖,,294,三芝區,後厝,土地公坑,16-28
三芝區,大湖,,295,三芝區,後厝,土地公坑,16-111
三芝區,大湖,,296,三芝區,後厝,土地公坑,16-90
三芝區,大湖,,297,三芝區,後厝,土地公坑,10-25
三芝區,大湖,,298,三芝區,後厝,土地公坑,16-27
三芝區,大湖,,299,三芝區,後厝,土地公坑,10-26
三芝區,大湖,,3,三芝區,後厝,北勢子,114-55
三芝區,大湖,,30,三芝區,後厝,北勢子,121-1
三芝區,大湖,,300,三芝區,後厝,土地公坑,16-26
三芝區,大湖,,301,三芝區,後厝,土地公坑,10-48
三芝區,大湖,,302,三芝區,後厝,土地公坑,10-49
三芝區,大湖,,303,三芝區,後厝,土地公坑,16-103
三芝區,大湖,,304,三芝區,後厝,土地公坑,16-96
三芝區,大湖,,305,三芝區,後厝,土地公坑,16-114
三芝區,大湖,,306,三芝區,後厝,土地公坑,16-97
三芝區,大湖,,307,三芝區,後厝,土地公坑,16-104
三芝區,大湖,,308,三芝區,後厝,土地公坑,16-113
三芝區,大湖,,309,三芝區,後厝,土地公坑,16-89
三芝區,大湖,,31,三芝區,後厝,北勢子,123
三芝區,大湖,,310,三芝區,後厝,土地公坑,16-105
三芝區,大湖,,311,三芝區,後厝,土地公坑,16-25
三芝區,大湖,,312,三芝區,後厝,土地公坑,16-24
三芝區,大湖,,313,三芝區,後厝,土地公坑,16-23
三芝區,大湖,,314,三芝區,後厝,土地公坑,16-22
三芝區,大湖,,315,三芝區,後厝,土地公坑,16-21
三芝區,大湖,,316,三芝區,後厝,土地公坑,16-20
三芝區,大湖,,317,三芝區,後厝,土地公坑,16-19
三芝區,大湖,,318,三芝區,後厝,土地公坑,16-18
三芝區,大湖,,319,三芝區,後厝,土地公坑,16-17
三芝區,大湖,,32,三芝區,後厝,北勢子,131
三芝區,大湖,,320,三芝區,後厝,土地公坑,16-16
三芝區,大湖,,321,三芝區,後厝,土地公坑,16-15
三芝區,大湖,,322,三芝區,後厝,土地公坑,16-14
三芝區,大湖,,323,三芝區,後厝,土地公坑,16-35
三芝區,大湖,,324,三芝區,後厝,土地公坑,16-34
三芝區,大湖,,325,三芝區,後厝,土地公坑,16-33
三芝區,大湖,,326,三芝區,後厝,土地公坑,16-32
三芝區,大湖,,327,三芝區,後厝,土地公坑,16-31
三芝區,大湖,,328,三芝區,後厝,土地公坑,16-30
三芝區,大湖,,329,三芝區,後厝,土地公坑,16-2
三芝區,大湖,,33,三芝區,後厝,北勢子,126
三芝區,大湖,,330,三芝區,後厝,土地公坑,16-115
三芝區,大湖,,331,三芝區,後厝,土地公坑,16-121
三芝區,大湖,,332,三芝區,後厝,土地公坑,16-120
三芝區,大湖,,333,三芝區,後厝,土地公坑,16-106
三芝區,大湖,,334,三芝區,後厝,土地公坑,16-98
三芝區,大湖,,335,三芝區,後厝,土地公坑,16-50
三芝區,大湖,,336,三芝區,後厝,土地公坑,16-63
三芝區,大湖,,337,三芝區,後厝,土地公坑,16-64
三芝區,大湖,,338,三芝區,後厝,土地公坑,16-65
三芝區,大湖,,339,三芝區,後厝,土地公坑,16-66
三芝區,大湖,,34,三芝區,後厝,北勢子,125
三芝區,大湖,,340,三芝區,後厝,土地公坑,16-67
三芝區,大湖,,341,三芝區,後厝,土地公坑,16-68
三芝區,大湖,,342,三芝區,後厝,土地公坑,16-53
三芝區,大湖,,343,三芝區,後厝,土地公坑,16-54
三芝區,大湖,,344,三芝區,後厝,土地公坑,16-55
三芝區,大湖,,345,三芝區,後厝,土地公坑,16-56
三芝區,大湖,,346,三芝區,後厝,土地公坑,16-57
三芝區,大湖,,347,三芝區,後厝,土地公坑,16-58
三芝區,大湖,,348,三芝區,後厝,土地公坑,16-59
三芝區,大湖,,349,三芝區,後厝,土地公坑,16-60
三芝區,大湖,,35,三芝區,後厝,北勢子,166
三芝區,大湖,,350,三芝區,後厝,土地公坑,16-61
三芝區,大湖,,351,三芝區,後厝,土地公坑,16-62
三芝區,大湖,,352,三芝區,後厝,土地公坑,16-8
三芝區,大湖,,353,三芝區,後厝,土地公坑,16-9
三芝區,大湖,,354,三芝區,後厝,土地公坑,16-51
三芝區,大湖,,355,三芝區,後厝,土地公坑,16-3
三芝區,大湖,,356,三芝區,後厝,土地公坑,16-83
三芝區,大湖,,357,三芝區,後厝,土地公坑,16-84
三芝區,大湖,,358,三芝區,後厝,土地公坑,16-85
三芝區,大湖,,359,三芝區,後厝,土地公坑,16-86
三芝區,大湖,,36,三芝區,後厝,北勢子,166-1
三芝區,大湖,,360,三芝區,後厝,土地公坑,10-1
三芝區,大湖,,361,三芝區,後厝,土地公坑,10-5
三芝區,大湖,,362,三芝區,後厝,土地公坑,10-33
三芝區,大湖,,363,三芝區,後厝,土地公坑,10-54
三芝區,大湖,,364,三芝區,後厝,土地公坑,10-53
三芝區,大湖,,365,三芝區,後厝,土地公坑,10-32
三芝區,大湖,,366,三芝區,後厝,土地公坑,10-38
三芝區,大湖,,367,三芝區,後厝,土地公坑,10-11
三芝區,大湖,,368,三芝區,後厝,土地公坑,10-34
三芝區,大湖,,369,三芝區,後厝,土地公坑,13-2
三芝區,大湖,,37,三芝區,後厝,北勢子,166-2
三芝區,大湖,,370,三芝區,後厝,土地公坑,13
三芝區,大湖,,371,三芝區,後厝,土地公坑,13-1
三芝區,大湖,,372,三芝區,後厝,土地公坑,10-31
三芝區,大湖,,373,三芝區,後厝,土地公坑,10-16
三芝區,大湖,,374,三芝區,後厝,土地公坑,10-30
三芝區,大湖,,375,三芝區,後厝,土地公坑,10-52
三芝區,大湖,,376,三芝區,後厝,土地公坑,10-17
三芝區,大湖,,377,三芝區,後厝,土地公坑,10-18
三芝區,大湖,,378,三芝區,後厝,土地公坑,10-19
三芝區,大湖,,379,三芝區,後厝,土地公坑,10-42
三芝區,大湖,,380,三芝區,後厝,土地公坑,10-43
三芝區,大湖,,381,三芝區,後厝,土地公坑,10-44
三芝區,大湖,,382,三芝區,後厝,土地公坑,12-41
三芝區,大湖,,383,三芝區,後厝,土地公坑,12-14
三芝區,大湖,,384,三芝區,後厝,土地公坑,3-9
三芝區,大湖,,385,三芝區,後厝,土地公坑,3-8
三芝區,大湖,,386,三芝區,後厝,土地公坑,3-6
三芝區,大湖,,387,三芝區,後厝,土地公坑,3-5
三芝區,大湖,,388,三芝區,後厝,土地公坑,5-2
三芝區,大湖,,389,三芝區,後厝,土地公坑,5-67
三芝區,大湖,,39,三芝區,後厝,北勢子,168-1
三芝區,大湖,,390,三芝區,後厝,土地公坑,3-4
三芝區,大湖,,391,三芝區,後厝,土地公坑,5-1
三芝區,大湖,,392,三芝區,後厝,土地公坑,5-68
三芝區,大湖,,393,三芝區,後厝,土地公坑,5-5
三芝區,大湖,,394,三芝區,後厝,土地公坑,5-64
三芝區,大湖,,395,三芝區,後厝,土地公坑,5-66
三芝區,大湖,,396,三芝區,後厝,土地公坑,3-10
三芝區,大湖,,397,三芝區,後厝,土地公坑,14
三芝區,大湖,,398,三芝區,後厝,土地公坑,5-6
三芝區,大湖,,399,三芝區,後厝,土地公坑,3-11
三芝區,大湖,,4,三芝區,後厝,北勢子,114-54
三芝區,大湖,,40,三芝區,後厝,北勢子,168
三芝區,大湖,,400,三芝區,後厝,土地公坑,3-12
三芝區,大湖,,401,三芝區,後厝,土地公坑,14-1
三芝區,大湖,,402,三芝區,後厝,土地公坑,10-7
三芝區,大湖,,403,三芝區,後厝,土地公坑,10-12
三芝區,大湖,,404,三芝區,後厝,土地公坑,10-6
三芝區,大湖,,405,三芝區,後厝,土地公坑,15
三芝區,大湖,,406,三芝區,後厝,土地公坑,16-6
三芝區,大湖,,407,三芝區,後厝,土地公坑,23
三芝區,大湖,,408,三芝區,後厝,土地公坑,29
三芝區,大湖,,409,三芝區,後厝,土地公坑,29-9
三芝區,大湖,,41,三芝區,後厝,北勢子,169
三芝區,大湖,,410,三芝區,後厝,土地公坑,34
三芝區,大湖,,411,三芝區,後厝,土地公坑,34-1
三芝區,大湖,,412,三芝區,後厝,土地公坑,34-2
三芝區,大湖,,413,三芝區,後厝,土地公坑,34-3
三芝區,大湖,,414,三芝區,後厝,土地公坑,34-4
三芝區,大湖,,415,三芝區,後厝,土地公坑,35
三芝區,大湖,,416,三芝區,後厝,土地公坑,5-87
三芝區,大湖,,417,三芝區,後厝,土地公坑,34-5
三芝區,大湖,,418,三芝區,後厝,土地公坑,3-15
三芝區,大湖,,419,三芝區,後厝,土地公坑,33
三芝區,大湖,,42,三芝區,後厝,北勢子,170
三芝區,大湖,,420,三芝區,後厝,土地公坑,3-14
三芝區,大湖,,421,三芝區,後厝,土地公坑,31-7
三芝區,大湖,,422,三芝區,後厝,土地公坑,31-4
三芝區,大湖,,423,三芝區,後厝,土地公坑,31-16
三芝區,大湖,,424,三芝區,後厝,土地公坑,29-19
三芝區,大湖,,425,三芝區,後厝,土地公坑,31-17
三芝區,大湖,,426,三芝區,後厝,土地公坑,31-67
三芝區,大湖,,427,三芝區,後厝,土地公坑,31-9
三芝區,大湖,,428,三芝區,後厝,土地公坑,29-2
三芝區,大湖,,429,三芝區,後厝,土地公坑,31-5
三芝區,大湖,,43,三芝區,後厝,北勢子,171
三芝區,大湖,,430,三芝區,後厝,土地公坑,51
三芝區,大湖,,431,三芝區,後厝,土地公坑,31
三芝區,大湖,,432,三芝區,後厝,土地公坑,31-1
三芝區,大湖,,433,三芝區,後厝,土地公坑,31-8
三芝區,大湖,,435,三芝區,後厝,土地公坑,44
三芝區,大湖,,436,三芝區,後厝,土地公坑,42
三芝區,大湖,,437,三芝區,後厝,土地公坑,42-1
三芝區,大湖,,438,三芝區,後厝,土地公坑,39
三芝區,大湖,,439,三芝區,後厝,土地公坑,39-7
三芝區,大湖,,440,三芝區,後厝,土地公坑,3-17
三芝區,大湖,,441,三芝區,後厝,土地公坑,3-25
三芝區,大湖,,443,三芝區,後厝,土地公坑,67-6
三芝區,大湖,,444,三芝區,後厝,土地公坑,67-5
三芝區,大湖,,445,三芝區,後厝,土地公坑,67-4
三芝區,大湖,,446,三芝區,後厝,土地公坑,67-3
三芝區,大湖,,447,三芝區,後厝,土地公坑,67-2
三芝區,大湖,,45,三芝區,後厝,北勢子,172
三芝區,大湖,,451,三芝區,後厝,土地公坑,37-7
三芝區,大湖,,452,三芝區,後厝,土地公坑,37-8
三芝區,大湖,,453,三芝區,後厝,土地公坑,5-69
三芝區,大湖,,454,三芝區,後厝,土地公坑,5-70
三芝區,大湖,,455,三芝區,後厝,土地公坑,36-2
三芝區,大湖,,456,三芝區,後厝,土地公坑,37-9
三芝區,大湖,,457,三芝區,後厝,土地公坑,36-3
三芝區,大湖,,458,三芝區,後厝,土地公坑,5-71
三芝區,大湖,,459,三芝區,後厝,土地公坑,36-4
三芝區,大湖,,46,三芝區,後厝,北勢子,173
三芝區,大湖,,460,三芝區,後厝,土地公坑,5-72
三芝區,大湖,,461,三芝區,後厝,土地公坑,36-5
三芝區,大湖,,462,三芝區,後厝,土地公坑,5-73
三芝區,大湖,,463,三芝區,後厝,土地公坑,5-74
三芝區,大湖,,464,三芝區,後厝,土地公坑,36-6
三芝區,大湖,,465,三芝區,後厝,土地公坑,36-7
三芝區,大湖,,466,三芝區,後厝,土地公坑,36-8
三芝區,大湖,,467,三芝區,後厝,土地公坑,5-75
三芝區,大湖,,468,三芝區,後厝,土地公坑,36-9
三芝區,大湖,,469,三芝區,後厝,土地公坑,5-76
三芝區,大湖,,47,三芝區,後厝,北勢子,174
三芝區,大湖,,470,三芝區,後厝,土地公坑,36-10
三芝區,大湖,,471,三芝區,後厝,土地公坑,36-11
三芝區,大湖,,472,三芝區,後厝,土地公坑,5-77
三芝區,大湖,,473,三芝區,後厝,土地公坑,36-12
三芝區,大湖,,474,三芝區,後厝,土地公坑,5-78
三芝區,大湖,,475,三芝區,後厝,土地公坑,5-79
三芝區,大湖,,476,三芝區,後厝,土地公坑,36-13
三芝區,大湖,,477,三芝區,後厝,土地公坑,5-80
三芝區,大湖,,478,三芝區,後厝,土地公坑,36-14
三芝區,大湖,,479,三芝區,後厝,土地公坑,5-81
三芝區,大湖,,48,三芝區,後厝,北勢子,175
三芝區,大湖,,480,三芝區,後厝,土地公坑,36-15
三芝區,大湖,,481,三芝區,後厝,土地公坑,5-82
三芝區,大湖,,482,三芝區,後厝,土地公坑,5-83
三芝區,大湖,,483,三芝區,後厝,土地公坑,5-84
三芝區,大湖,,484,三芝區,後厝,土地公坑,38-4
三芝區,大湖,,485,三芝區,後厝,土地公坑,5-85
三芝區,大湖,,486,三芝區,後厝,土地公坑,38-3
三芝區,大湖,,487,三芝區,後厝,土地公坑,5-92
三芝區,大湖,,488,三芝區,後厝,土地公坑,38-6
三芝區,大湖,,489,三芝區,後厝,土地公坑,38-5
三芝區,大湖,,49,三芝區,後厝,北勢子,176
三芝區,大湖,,490,三芝區,後厝,土地公坑,38-2
三芝區,大湖,,491,三芝區,後厝,土地公坑,5-86
三芝區,大湖,,492,三芝區,後厝,土地公坑,5-88
三芝區,大湖,,493,三芝區,後厝,土地公坑,5-89
三芝區,大湖,,494,三芝區,後厝,土地公坑,38-1
三芝區,大湖,,495,三芝區,後厝,土地公坑,5-90
三芝區,大湖,,496,三芝區,後厝,土地公坑,39-51
三芝區,大湖,,497,三芝區,後厝,土地公坑,39-11
三芝區,大湖,,498,三芝區,後厝,土地公坑,39-10
三芝區,大湖,,499,三芝區,後厝,土地公坑,39-9
三芝區,大湖,,5,三芝區,後厝,北勢子,114-53
三芝區,大湖,,50,三芝區,後厝,北勢子,177
三芝區,大湖,,500,三芝區,後厝,土地公坑,39-8
三芝區,大湖,,501,三芝區,後厝,土地公坑,39-42
三芝區,大湖,,502,三芝區,後厝,土地公坑,3-24
三芝區,大湖,,503,三芝區,後厝,土地公坑,3-26
三芝區,大湖,,504,三芝區,後厝,土地公坑,39-41
三芝區,大湖,,505,三芝區,後厝,土地公坑,36-20
三芝區,大湖,,506,三芝區,後厝,土地公坑,36-21
三芝區,大湖,,507,三芝區,後厝,土地公坑,36-19
三芝區,大湖,,508,三芝區,後厝,土地公坑,36-18
三芝區,大湖,,509,三芝區,後厝,土地公坑,36-17
三芝區,大湖,,51,三芝區,後厝,北勢子,178
三芝區,大湖,,510,三芝區,後厝,土地公坑,5-93
三芝區,大湖,,511,三芝區,後厝,土地公坑,36-16
三芝區,大湖,,512,三芝區,後厝,土地公坑,5-94
三芝區,大湖,,513,三芝區,後厝,土地公坑,37-5
三芝區,大湖,,514,三芝區,後厝,土地公坑,5-95
三芝區,大湖,,515,三芝區,後厝,土地公坑,37-4
三芝區,大湖,,516,三芝區,後厝,土地公坑,5-96
三芝區,大湖,,517,三芝區,後厝,土地公坑,37-3
三芝區,大湖,,518,三芝區,後厝,土地公坑,5-97
三芝區,大湖,,519,三芝區,後厝,土地公坑,37-2
三芝區,大湖,,520,三芝區,後厝,土地公坑,5-98
三芝區,大湖,,521,三芝區,後厝,土地公坑,37-1
三芝區,大湖,,522,三芝區,後厝,土地公坑,5-99
三芝區,大湖,,523,三芝區,後厝,土地公坑,37
三芝區,大湖,,524,三芝區,後厝,土地公坑,39-1
三芝區,大湖,,525,三芝區,後厝,土地公坑,39-12
三芝區,大湖,,526,三芝區,後厝,土地公坑,39-15
三芝區,大湖,,527,三芝區,後厝,土地公坑,39-14
三芝區,大湖,,528,三芝區,後厝,土地公坑,39-13
三芝區,大湖,,529,三芝區,後厝,土地公坑,39-2
三芝區,大湖,,53,三芝區,後厝,北勢子,191
三芝區,大湖,,530,三芝區,後厝,土地公坑,36
三芝區,大湖,,531,三芝區,後厝,土地公坑,5-91
三芝區,大湖,,532,三芝區,後厝,土地公坑,39-43
三芝區,大湖,,533,三芝區,後厝,北勢子,229-14
三芝區,大湖,,534,三芝區,後厝,北勢子,203-7
三芝區,大湖,,535,三芝區,後厝,北勢子,229-13
三芝區,大湖,,536,三芝區,後厝,北勢子,232
三芝區,大湖,,537,三芝區,後厝,北勢子,229-12
三芝區,大湖,,538,三芝區,後厝,北勢子,229-7
三芝區,大湖,,539,三芝區,後厝,北勢子,229-11
三芝區,大湖,,54,三芝區,後厝,北勢子,192
三芝區,大湖,,540,三芝區,後厝,北勢子,229-6
三芝區,大湖,,541,三芝區,後厝,北勢子,229-8
三芝區,大湖,,542,三芝區,後厝,北勢子,229-10
三芝區,大湖,,543,三芝區,後厝,北勢子,202-18
三芝區,大湖,,544,三芝區,後厝,北勢子,228-4
三芝區,大湖,,545,三芝區,後厝,北勢子,202-19
三芝區,大湖,,546,三芝區,後厝,北勢子,202-20
三芝區,大湖,,547,三芝區,後厝,北勢子,229-9
三芝區,大湖,,548,三芝區,後厝,北勢子,229-36
三芝區,大湖,,549,三芝區,後厝,北勢子,229-5
三芝區,大湖,,55,三芝區,後厝,北勢子,190
三芝區,大湖,,550,三芝區,後厝,北勢子,202-39
三芝區,大湖,,551,三芝區,後厝,北勢子,202-24
三芝區,大湖,,552,三芝區,後厝,北勢子,202-38
三芝區,大湖,,553,三芝區,後厝,北勢子,202-23
三芝區,大湖,,554,三芝區,後厝,北勢子,202-37
三芝區,大湖,,555,三芝區,後厝,北勢子,202-36
三芝區,大湖,,556,三芝區,後厝,北勢子,203-5
三芝區,大湖,,557,三芝區,後厝,北勢子,199-1
三芝區,大湖,,558,三芝區,後厝,北勢子,199-2
三芝區,大湖,,559,三芝區,後厝,北勢子,199-3
三芝區,大湖,,56,三芝區,後厝,北勢子,189
三芝區,大湖,,560,三芝區,後厝,北勢子,199-4
三芝區,大湖,,561,三芝區,後厝,北勢子,198-4
三芝區,大湖,,562,三芝區,後厝,北勢子,198-3
三芝區,大湖,,563,三芝區,後厝,北勢子,199-6
三芝區,大湖,,564,三芝區,後厝,北勢子,198-2
三芝區,大湖,,565,三芝區,後厝,北勢子,199-7
三芝區,大湖,,566,三芝區,後厝,北勢子,198-1
三芝區,大湖,,567,三芝區,後厝,北勢子,203-6
三芝區,大湖,,568,三芝區,後厝,北勢子,203-4
三芝區,大湖,,569,三芝區,後厝,北勢子,202-34
三芝區,大湖,,57,三芝區,後厝,北勢子,192-1
三芝區,大湖,,570,三芝區,後厝,北勢子,202-35
三芝區,大湖,,571,三芝區,後厝,北勢子,202-33
三芝區,大湖,,572,三芝區,後厝,北勢子,198-5
三芝區,大湖,,573,三芝區,後厝,北勢子,198-6
三芝區,大湖,,574,三芝區,後厝,北勢子,199-8
三芝區,大湖,,575,三芝區,後厝,北勢子,199-5
三芝區,大湖,,576,三芝區,後厝,北勢子,199
三芝區,大湖,,577,三芝區,後厝,北勢子,202-32
三芝區,大湖,,578,三芝區,後厝,北勢子,202-31
三芝區,大湖,,579,三芝區,後厝,北勢子,202-30
三芝區,大湖,,58,三芝區,後厝,北勢子,192-2
三芝區,大湖,,580,三芝區,後厝,北勢子,202-29
三芝區,大湖,,581,三芝區,後厝,北勢子,202-44
三芝區,大湖,,582,三芝區,後厝,北勢子,202-28
三芝區,大湖,,583,三芝區,後厝,北勢子,202-43
三芝區,大湖,,584,三芝區,後厝,北勢子,202-74
三芝區,大湖,,585,三芝區,後厝,北勢子,202-42
三芝區,大湖,,586,三芝區,後厝,北勢子,202-73
三芝區,大湖,,587,三芝區,後厝,北勢子,202-41
三芝區,大湖,,588,三芝區,後厝,北勢子,202-66
三芝區,大湖,,589,三芝區,後厝,北勢子,202-65
三芝區,大湖,,59,三芝區,後厝,北勢子,188-1
三芝區,大湖,,590,三芝區,後厝,北勢子,202-64
三芝區,大湖,,591,三芝區,後厝,北勢子,202-63
三芝區,大湖,,592,三芝區,後厝,北勢子,207-1
三芝區,大湖,,593,三芝區,後厝,北勢子,207-7
三芝區,大湖,,594,三芝區,後厝,北勢子,207-3
三芝區,大湖,,595,三芝區,後厝,北勢子,207-6
三芝區,大湖,,596,三芝區,後厝,北勢子,207-4
三芝區,大湖,,597,三芝區,後厝,北勢子,207-5
三芝區,大湖,,598,三芝區,後厝,北勢子,206
三芝區,大湖,,599,三芝區,後厝,北勢子,207-2
三芝區,大湖,,6,三芝區,後厝,北勢子,114-52
三芝區,大湖,,60,三芝區,後厝,北勢子,188
三芝區,大湖,,600,三芝區,後厝,北勢子,227
三芝區,大湖,,601,三芝區,後厝,北勢子,207-29
三芝區,大湖,,602,三芝區,後厝,北勢子,227-1
三芝區,大湖,,603,三芝區,後厝,北勢子,207-14
三芝區,大湖,,604,三芝區,後厝,北勢子,207
三芝區,大湖,,605,三芝區,後厝,北勢子,207-13
三芝區,大湖,,606,三芝區,後厝,北勢子,207-15
三芝區,大湖,,607,三芝區,後厝,北勢子,207-12
三芝區,大湖,,608,三芝區,後厝,北勢子,207-16
三芝區,大湖,,609,三芝區,後厝,北勢子,207-11
三芝區,大湖,,61,三芝區,後厝,北勢子,185-1
三芝區,大湖,,610,三芝區,後厝,北勢子,207-17
三芝區,大湖,,611,三芝區,後厝,北勢子,207-10
三芝區,大湖,,612,三芝區,後厝,北勢子,207-18
三芝區,大湖,,613,三芝區,後厝,北勢子,207-9
三芝區,大湖,,614,三芝區,後厝,北勢子,207-19
三芝區,大湖,,615,三芝區,後厝,北勢子,207-8
三芝區,大湖,,616,三芝區,後厝,北勢子,207-20
三芝區,大湖,,617,三芝區,後厝,北勢子,202-71
三芝區,大湖,,618,三芝區,後厝,北勢子,207-21
三芝區,大湖,,619,三芝區,後厝,北勢子,202-70
三芝區,大湖,,62,三芝區,後厝,北勢子,187
三芝區,大湖,,620,三芝區,後厝,北勢子,202-67
三芝區,大湖,,621,三芝區,後厝,北勢子,202-62
三芝區,大湖,,622,三芝區,後厝,北勢子,202-45
三芝區,大湖,,623,三芝區,後厝,北勢子,202-68
三芝區,大湖,,624,三芝區,後厝,北勢子,202-61
三芝區,大湖,,625,三芝區,後厝,北勢子,202-46
三芝區,大湖,,626,三芝區,後厝,北勢子,207-22
三芝區,大湖,,627,三芝區,後厝,北勢子,202-69
三芝區,大湖,,628,三芝區,後厝,北勢子,208
三芝區,大湖,,629,三芝區,後厝,北勢子,202-60
三芝區,大湖,,63,三芝區,後厝,北勢子,186
三芝區,大湖,,630,三芝區,後厝,北勢子,202-58
三芝區,大湖,,631,三芝區,後厝,北勢子,202-47
三芝區,大湖,,632,三芝區,後厝,北勢子,202-59
三芝區,大湖,,633,三芝區,後厝,北勢子,202-57
三芝區,大湖,,634,三芝區,後厝,北勢子,202-48
三芝區,大湖,,635,三芝區,後厝,北勢子,202-56
三芝區,大湖,,636,三芝區,後厝,北勢子,202-49
三芝區,大湖,,637,三芝區,後厝,北勢子,202-55
三芝區,大湖,,638,三芝區,後厝,北勢子,202-50
三芝區,大湖,,639,三芝區,後厝,北勢子,202-4
三芝區,大湖,,640,三芝區,後厝,北勢子,202-51
三芝區,大湖,,641,三芝區,後厝,北勢子,202-40
三芝區,大湖,,642,三芝區,後厝,北勢子,202-52
三芝區,大湖,,643,三芝區,後厝,北勢子,202-77
三芝區,大湖,,644,三芝區,後厝,北勢子,202-2
三芝區,大湖,,645,三芝區,後厝,北勢子,202-76
三芝區,大湖,,646,三芝區,後厝,北勢子,202-75
三芝區,大湖,,647,三芝區,後厝,北勢子,202-25
三芝區,大湖,,648,三芝區,後厝,北勢子,202-26
三芝區,大湖,,649,三芝區,後厝,北勢子,202-53
三芝區,大湖,,65,三芝區,後厝,北勢子,180
三芝區,大湖,,650,三芝區,後厝,北勢子,202-3
三芝區,大湖,,651,三芝區,後厝,北勢子,209-4
三芝區,大湖,,652,三芝區,後厝,北勢子,227-11
三芝區,大湖,,653,三芝區,後厝,北勢子,227-12
三芝區,大湖,,654,三芝區,後厝,北勢子,207-28
三芝區,大湖,,655,三芝區,後厝,北勢子,207-27
三芝區,大湖,,656,三芝區,後厝,北勢子,227-13
三芝區,大湖,,657,三芝區,後厝,北勢子,208-11
三芝區,大湖,,658,三芝區,後厝,北勢子,207-26
三芝區,大湖,,659,三芝區,後厝,北勢子,208-7
三芝區,大湖,,66,三芝區,後厝,北勢子,179-1
三芝區,大湖,,660,三芝區,後厝,北勢子,207-25
三芝區,大湖,,661,三芝區,後厝,北勢子,208-6
三芝區,大湖,,662,三芝區,後厝,北勢子,209-7
三芝區,大湖,,663,三芝區,後厝,北勢子,209
三芝區,大湖,,664,三芝區,後厝,北勢子,208-4
三芝區,大湖,,665,三芝區,後厝,北勢子,208-2
三芝區,大湖,,666,三芝區,後厝,北勢子,209-3
三芝區,大湖,,667,三芝區,後厝,北勢子,209-5
三芝區,大湖,,668,三芝區,後厝,北勢子,229-4
三芝區,大湖,,669,三芝區,後厝,北勢子,229-22
三芝區,大湖,,670,三芝區,後厝,北勢子,229-23
三芝區,大湖,,671,三芝區,後厝,北勢子,229-25
三芝區,大湖,,672,三芝區,後厝,北勢子,229-26
三芝區,大湖,,673,三芝區,後厝,北勢子,202-5
三芝區,大湖,,674,三芝區,後厝,北勢子,202-78
三芝區,大湖,,675,三芝區,後厝,北勢子,229-27
三芝區,大湖,,676,三芝區,後厝,北勢子,229-29
三芝區,大湖,,677,三芝區,後厝,北勢子,229-33
三芝區,大湖,,678,三芝區,後厝,北勢子,227-21
三芝區,大湖,,679,三芝區,後厝,北勢子,227-22
三芝區,大湖,,68,三芝區,後厝,北勢子,161-2
三芝區,大湖,,680,三芝區,後厝,北勢子,227-23
三芝區,大湖,,681,三芝區,後厝,北勢子,227-18
三芝區,大湖,,682,三芝區,後厝,北勢子,210-5
三芝區,大湖,,683,三芝區,後厝,北勢子,210-6
三芝區,大湖,,684,三芝區,後厝,北勢子,227-19
三芝區,大湖,,685,三芝區,後厝,北勢子,210-7
三芝區,大湖,,686,三芝區,後厝,北勢子,229-35
三芝區,大湖,,687,三芝區,後厝,北勢子,229-28
三芝區,大湖,,688,三芝區,後厝,北勢子,229-21
三芝區,大湖,,689,三芝區,後厝,北勢子,209-6
三芝區,大湖,,69,三芝區,後厝,北勢子,161
三芝區,大湖,,690,三芝區,後厝,北勢子,208-8
三芝區,大湖,,691,三芝區,後厝,北勢子,229-19
三芝區,大湖,,692,三芝區,後厝,北勢子,209-9
三芝區,大湖,,693,三芝區,後厝,北勢子,208-9
三芝區,大湖,,694,三芝區,後厝,北勢子,208-10
三芝區,大湖,,695,三芝區,後厝,北勢子,210-1
三芝區,大湖,,696,三芝區,後厝,北勢子,227-15
三芝區,大湖,,697,三芝區,後厝,北勢子,227-16
三芝區,大湖,,698,三芝區,後厝,北勢子,210-2
三芝區,大湖,,699,三芝區,後厝,北勢子,210-3
三芝區,大湖,,7,三芝區,後厝,北勢子,114-51
三芝區,大湖,,70,三芝區,後厝,北勢子,165
三芝區,大湖,,700,三芝區,後厝,北勢子,227-17
三芝區,大湖,,701,三芝區,後厝,北勢子,227-24
三芝區,大湖,,702,三芝區,後厝,北勢子,227-25
三芝區,大湖,,703,三芝區,後厝,北勢子,227-26
三芝區,大湖,,704,三芝區,後厝,北勢子,227-27
三芝區,大湖,,705,三芝區,後厝,北勢子,229-32
三芝區,大湖,,706,三芝區,後厝,北勢子,228-10
三芝區,大湖,,707,三芝區,後厝,北勢子,228-7
三芝區,大湖,,708,三芝區,後厝,北勢子,202-6
三芝區,大湖,,709,三芝區,後厝,北勢子,202-7
三芝區,大湖,,71,三芝區,後厝,北勢子,164
三芝區,大湖,,710,三芝區,後厝,北勢子,202-8
三芝區,大湖,,711,三芝區,後厝,北勢子,202-9
三芝區,大湖,,712,三芝區,後厝,北勢子,202-10
三芝區,大湖,,713,三芝區,後厝,北勢子,202-13
三芝區,大湖,,714,三芝區,後厝,北勢子,202-12
三芝區,大湖,,715,三芝區,後厝,北勢子,202-11
三芝區,大湖,,716,三芝區,後厝,北勢子,228-6
三芝區,大湖,,717,三芝區,後厝,北勢子,228-5
三芝區,大湖,,718,三芝區,後厝,北勢子,228-3
三芝區,大湖,,719,三芝區,後厝,北勢子,227-28
三芝區,大湖,,72,三芝區,後厝,北勢子,163
三芝區,大湖,,720,三芝區,後厝,北勢子,227-29
三芝區,大湖,,721,三芝區,後厝,北勢子,227-30
三芝區,大湖,,722,三芝區,後厝,北勢子,227-31
三芝區,大湖,,723,三芝區,後厝,北勢子,227-32
三芝區,大湖,,724,三芝區,後厝,北勢子,227-35
三芝區,大湖,,725,三芝區,後厝,北勢子,227-36
三芝區,大湖,,726,三芝區,後厝,北勢子,227-39
三芝區,大湖,,727,三芝區,後厝,北勢子,228-2
三芝區,大湖,,728,三芝區,後厝,北勢子,228-1
三芝區,大湖,,729,三芝區,後厝,北勢子,228
三芝區,大湖,,73,三芝區,後厝,北勢子,162
三芝區,大湖,,730,三芝區,後厝,土地公坑,39-49
三芝區,大湖,,731,三芝區,後厝,北勢子,202-14
三芝區,大湖,,732,三芝區,後厝,土地公坑,39-45
三芝區,大湖,,733,三芝區,後厝,北勢子,202-15
三芝區,大湖,,734,三芝區,後厝,土地公坑,39-48
三芝區,大湖,,735,三芝區,後厝,土地公坑,39-19
三芝區,大湖,,736,三芝區,後厝,北勢子,202-16
三芝區,大湖,,737,三芝區,後厝,北勢子,202-27
三芝區,大湖,,738,三芝區,後厝,北勢子,229-17
三芝區,大湖,,739,三芝區,後厝,土地公坑,39-44
三芝區,大湖,,74,三芝區,後厝,北勢子,127
三芝區,大湖,,740,三芝區,後厝,土地公坑,39-16
三芝區,大湖,,741,三芝區,後厝,土地公坑,39-17
三芝區,大湖,,742,三芝區,後厝,土地公坑,39-18
三芝區,大湖,,743,三芝區,後厝,土地公坑,39-20
三芝區,大湖,,744,三芝區,後厝,北勢子,228-13
三芝區,大湖,,745,三芝區,後厝,土地公坑,40-4
三芝區,大湖,,746,三芝區,後厝,土地公坑,40-44
三芝區,大湖,,747,三芝區,後厝,北勢子,228-12
三芝區,大湖,,748,三芝區,後厝,土地公坑,40-5
三芝區,大湖,,749,三芝區,後厝,土地公坑,40-45
三芝區,大湖,,75,三芝區,後厝,北勢子,126-1
三芝區,大湖,,750,三芝區,後厝,北勢子,228-8
三芝區,大湖,,751,三芝區,後厝,北勢子,227-38
三芝區,大湖,,752,三芝區,後厝,土地公坑,40-6
三芝區,大湖,,753,三芝區,後厝,土地公坑,40-46
三芝區,大湖,,754,三芝區,後厝,北勢子,227-37
三芝區,大湖,,755,三芝區,後厝,土地公坑,40-7
三芝區,大湖,,756,三芝區,後厝,土地公坑,40-47
三芝區,大湖,,757,三芝區,後厝,北勢子,227-34
三芝區,大湖,,758,三芝區,後厝,土地公坑,40-18
三芝區,大湖,,759,三芝區,後厝,土地公坑,40-48
三芝區,大湖,,76,三芝區,後厝,北勢子,128
三芝區,大湖,,760,三芝區,後厝,北勢子,226-56
三芝區,大湖,,761,三芝區,後厝,土地公坑,40-2
三芝區,大湖,,762,三芝區,後厝,土地公坑,40-16
三芝區,大湖,,763,三芝區,後厝,土地公坑,40-15
三芝區,大湖,,764,三芝區,後厝,土地公坑,40-10
三芝區,大湖,,765,三芝區,後厝,土地公坑,40-9
三芝區,大湖,,766,三芝區,後厝,土地公坑,39-27
三芝區,大湖,,767,三芝區,後厝,土地公坑,39-5
三芝區,大湖,,768,三芝區,後厝,土地公坑,39-21
三芝區,大湖,,769,三芝區,後厝,土地公坑,39-22
三芝區,大湖,,77,三芝區,後厝,北勢子,130-1
三芝區,大湖,,770,三芝區,後厝,土地公坑,39-23
三芝區,大湖,,771,三芝區,後厝,土地公坑,39-24
三芝區,大湖,,772,三芝區,後厝,土地公坑,41
三芝區,大湖,,773,三芝區,後厝,土地公坑,41-1
三芝區,大湖,,774,三芝區,後厝,土地公坑,40-49
三芝區,大湖,,775,三芝區,後厝,土地公坑,41-2
三芝區,大湖,,776,三芝區,後厝,土地公坑,39-25
三芝區,大湖,,777,三芝區,後厝,土地公坑,39-6
三芝區,大湖,,778,三芝區,後厝,土地公坑,39-26
三芝區,大湖,,779,三芝區,後厝,土地公坑,40-11
三芝區,大湖,,78,三芝區,後厝,北勢子,130-2
三芝區,大湖,,780,三芝區,後厝,土地公坑,39-28
三芝區,大湖,,781,三芝區,後厝,土地公坑,39-29
三芝區,大湖,,782,三芝區,後厝,土地公坑,39-30
三芝區,大湖,,783,三芝區,後厝,土地公坑,39-32
三芝區,大湖,,784,三芝區,後厝,土地公坑,39-31
三芝區,大湖,,785,三芝區,後厝,土地公坑,40-17
三芝區,大湖,,786,三芝區,後厝,土地公坑,39-33
三芝區,大湖,,787,三芝區,後厝,土地公坑,40-21
三芝區,大湖,,788,三芝區,後厝,土地公坑,40-20
三芝區,大湖,,789,三芝區,後厝,土地公坑,40-19
三芝區,大湖,,79,三芝區,後厝,北勢子,129-5
三芝區,大湖,,790,三芝區,後厝,土地公坑,40-24
三芝區,大湖,,791,三芝區,後厝,土地公坑,40-23
三芝區,大湖,,792,三芝區,後厝,土地公坑,40-26
三芝區,大湖,,793,三芝區,後厝,土地公坑,40-32
三芝區,大湖,,794,三芝區,後厝,土地公坑,40-27
三芝區,大湖,,795,三芝區,後厝,土地公坑,40-31
三芝區,大湖,,796,三芝區,後厝,土地公坑,40-28
三芝區,大湖,,797,三芝區,後厝,土地公坑,40-52
三芝區,大湖,,798,三芝區,後厝,北勢子,226-47
三芝區,大湖,,799,三芝區,後厝,土地公坑,40-29
三芝區,大湖,,8,三芝區,後厝,北勢子,114-100
三芝區,大湖,,80,三芝區,後厝,北勢子,129-2
三芝區,大湖,,800,三芝區,後厝,土地公坑,40-30
三芝區,大湖,,801,三芝區,後厝,土地公坑,40-51
三芝區,大湖,,802,三芝區,後厝,土地公坑,40-50
三芝區,大湖,,803,三芝區,後厝,土地公坑,40-25
三芝區,大湖,,804,三芝區,後厝,土地公坑,40-53
三芝區,大湖,,805,三芝區,後厝,北勢子,219
三芝區,大湖,,806,三芝區,後厝,北勢子,226-53
三芝區,大湖,,807,三芝區,後厝,北勢子,226-6
三芝區,大湖,,808,三芝區,後厝,北勢子,227-40
三芝區,大湖,,809,三芝區,後厝,北勢子,227-41
三芝區,大湖,,81,三芝區,後厝,北勢子,128-2
三芝區,大湖,,810,三芝區,後厝,北勢子,227-42
三芝區,大湖,,811,三芝區,後厝,北勢子,227-43
三芝區,大湖,,812,三芝區,後厝,北勢子,226-10
三芝區,大湖,,813,三芝區,後厝,北勢子,226-11
三芝區,大湖,,814,三芝區,後厝,北勢子,227-44
三芝區,大湖,,815,三芝區,後厝,北勢子,226-12
三芝區,大湖,,816,三芝區,後厝,北勢子,226-13
三芝區,大湖,,817,三芝區,後厝,北勢子,226-14
三芝區,大湖,,818,三芝區,後厝,北勢子,226-7
三芝區,大湖,,819,三芝區,後厝,北勢子,219-21
三芝區,大湖,,82,三芝區,後厝,北勢子,128-1
三芝區,大湖,,820,三芝區,後厝,北勢子,219-20
三芝區,大湖,,821,三芝區,後厝,北勢子,226-8
三芝區,大湖,,822,三芝區,後厝,北勢子,226-9
三芝區,大湖,,823,三芝區,後厝,北勢子,226-5
三芝區,大湖,,824,三芝區,後厝,北勢子,219-7
三芝區,大湖,,825,三芝區,後厝,北勢子,227-3
三芝區,大湖,,826,三芝區,後厝,北勢子,219-26
三芝區,大湖,,827,三芝區,後厝,北勢子,218-17
三芝區,大湖,,828,三芝區,後厝,北勢子,217-3
三芝區,大湖,,829,三芝區,後厝,北勢子,219-16
三芝區,大湖,,830,三芝區,後厝,北勢子,219-15
三芝區,大湖,,831,三芝區,後厝,北勢子,218-16
三芝區,大湖,,832,三芝區,後厝,北勢子,217-4
三芝區,大湖,,833,三芝區,後厝,北勢子,211-6
三芝區,大湖,,834,三芝區,後厝,北勢子,218-36
三芝區,大湖,,835,三芝區,後厝,北勢子,219-2
三芝區,大湖,,836,三芝區,後厝,北勢子,219-25
三芝區,大湖,,837,三芝區,後厝,北勢子,219-3
三芝區,大湖,,838,三芝區,後厝,北勢子,227-5
三芝區,大湖,,839,三芝區,後厝,北勢子,227-49
三芝區,大湖,,84,三芝區,後厝,北勢子,128-3
三芝區,大湖,,840,三芝區,後厝,北勢子,211-5
三芝區,大湖,,841,三芝區,後厝,北勢子,211-3
三芝區,大湖,,842,三芝區,後厝,北勢子,211-4
三芝區,大湖,,843,三芝區,後厝,北勢子,227-47
三芝區,大湖,,844,三芝區,後厝,北勢子,227-7
三芝區,大湖,,845,三芝區,後厝,北勢子,227-48
三芝區,大湖,,846,三芝區,後厝,北勢子,227-6
三芝區,大湖,,847,三芝區,後厝,北勢子,227-8
三芝區,大湖,,848,三芝區,後厝,北勢子,211-2
三芝區,大湖,,849,三芝區,後厝,北勢子,211-1
三芝區,大湖,,85,三芝區,後厝,北勢子,161-1
三芝區,大湖,,850,三芝區,後厝,北勢子,211
三芝區,大湖,,851,三芝區,後厝,北勢子,217
三芝區,大湖,,852,三芝區,後厝,北勢子,217-1
三芝區,大湖,,853,三芝區,後厝,北勢子,218-12
三芝區,大湖,,854,三芝區,後厝,北勢子,218-13
三芝區,大湖,,855,三芝區,後厝,北勢子,218-3
三芝區,大湖,,856,三芝區,後厝,北勢子,218-11
三芝區,大湖,,857,三芝區,後厝,北勢子,218-2
三芝區,大湖,,858,三芝區,後厝,北勢子,216
三芝區,大湖,,859,三芝區,後厝,北勢子,218-8
三芝區,大湖,,86,三芝區,後厝,北勢子,139
三芝區,大湖,,860,三芝區,後厝,北勢子,218
三芝區,大湖,,861,三芝區,後厝,北勢子,218-18
三芝區,大湖,,862,三芝區,後厝,北勢子,218-6
三芝區,大湖,,863,三芝區,後厝,北勢子,218-10
三芝區,大湖,,864,三芝區,後厝,北勢子,218-7
三芝區,大湖,,865,三芝區,後厝,北勢子,216-2
三芝區,大湖,,866,三芝區,後厝,北勢子,218-20
三芝區,大湖,,867,三芝區,後厝,北勢子,216-3
三芝區,大湖,,868,三芝區,後厝,北勢子,218-22
三芝區,大湖,,869,三芝區,後厝,北勢子,216-4
三芝區,大湖,,87,三芝區,後厝,北勢子,140
三芝區,大湖,,870,三芝區,後厝,北勢子,216-6
三芝區,大湖,,871,三芝區,後厝,北勢子,216-7
三芝區,大湖,,872,三芝區,後厝,北勢子,218-27
三芝區,大湖,,873,三芝區,後厝,北勢子,216-9
三芝區,大湖,,874,三芝區,後厝,北勢子,216-8
三芝區,大湖,,875,三芝區,後厝,北勢子,216-26
三芝區,大湖,,876,三芝區,後厝,北勢子,221
三芝區,大湖,,877,三芝區,後厝,北勢子,216-13
三芝區,大湖,,878,三芝區,後厝,北勢子,216-22
三芝區,大湖,,879,三芝區,後厝,北勢子,216-23
三芝區,大湖,,88,三芝區,後厝,北勢子,138-3
三芝區,大湖,,880,三芝區,後厝,土地公坑,39-47
三芝區,大湖,,881,三芝區,後厝,土地公坑,39-63
三芝區,大湖,,882,三芝區,後厝,北勢子,216-24
三芝區,大湖,,883,三芝區,後厝,土地公坑,39-64
三芝區,大湖,,884,三芝區,後厝,土地公坑,3-23
三芝區,大湖,,885,三芝區,後厝,土地公坑,39-65
三芝區,大湖,,886,三芝區,後厝,土地公坑,60-6
三芝區,大湖,,887,三芝區,後厝,土地公坑,60-5
三芝區,大湖,,888,三芝區,後厝,土地公坑,60-4
三芝區,大湖,,889,三芝區,後厝,土地公坑,3-22
三芝區,大湖,,89,三芝區,後厝,北勢子,160
三芝區,大湖,,890,三芝區,後厝,土地公坑,60-3
三芝區,大湖,,891,三芝區,後厝,土地公坑,3-21
三芝區,大湖,,892,三芝區,後厝,土地公坑,39-39
三芝區,大湖,,893,三芝區,後厝,土地公坑,60-2
三芝區,大湖,,894,三芝區,後厝,土地公坑,3-20
三芝區,大湖,,895,三芝區,後厝,土地公坑,39-38
三芝區,大湖,,896,三芝區,後厝,土地公坑,3-19
三芝區,大湖,,897,三芝區,後厝,土地公坑,40-33
三芝區,大湖,,898,三芝區,後厝,土地公坑,60-57
三芝區,大湖,,899,三芝區,後厝,土地公坑,39-36
三芝區,大湖,,9,三芝區,後厝,北勢子,114-56
三芝區,大湖,,900,三芝區,後厝,土地公坑,60
三芝區,大湖,,901,三芝區,後厝,土地公坑,60-56
三芝區,大湖,,902,三芝區,後厝,土地公坑,3-18
三芝區,大湖,,903,三芝區,後厝,土地公坑,39-35
三芝區,大湖,,904,三芝區,後厝,土地公坑,60-55
三芝區,大湖,,905,三芝區,後厝,土地公坑,3-16
三芝區,大湖,,906,三芝區,後厝,土地公坑,39-34
三芝區,大湖,,907,三芝區,後厝,土地公坑,60-54
三芝區,大湖,,908,三芝區,後厝,土地公坑,60-53
三芝區,大湖,,909,三芝區,後厝,土地公坑,60-52
三芝區,大湖,,91,三芝區,後厝,北勢子,181
三芝區,大湖,,910,三芝區,後厝,土地公坑,59-1
三芝區,大湖,,911,三芝區,後厝,土地公坑,59
三芝區,大湖,,912,三芝區,後厝,土地公坑,59-3
三芝區,大湖,,913,三芝區,後厝,土地公坑,59-4
三芝區,大湖,,914,三芝區,後厝,土地公坑,60-47
三芝區,大湖,,915,三芝區,後厝,土地公坑,60-49
三芝區,大湖,,916,三芝區,後厝,土地公坑,60-51
三芝區,大湖,,917,三芝區,後厝,土地公坑,60-50
三芝區,大湖,,918,三芝區,後厝,土地公坑,60-48
三芝區,大湖,,919,三芝區,後厝,土地公坑,60-46
三芝區,大湖,,920,三芝區,後厝,土地公坑,59-5
三芝區,大湖,,921,三芝區,後厝,土地公坑,59-6
三芝區,大湖,,922,三芝區,後厝,土地公坑,60-45
三芝區,大湖,,923,三芝區,後厝,土地公坑,60-44
三芝區,大湖,,924,三芝區,後厝,土地公坑,60-43
三芝區,大湖,,925,三芝區,後厝,土地公坑,60-42
三芝區,大湖,,926,三芝區,後厝,土地公坑,60-41
三芝區,大湖,,927,三芝區,後厝,土地公坑,60-40
三芝區,大湖,,928,三芝區,後厝,土地公坑,60-39
三芝區,大湖,,929,三芝區,後厝,土地公坑,60-38
三芝區,大湖,,93,三芝區,後厝,北勢子,182
三芝區,大湖,,930,三芝區,後厝,土地公坑,60-37
三芝區,大湖,,931,三芝區,後厝,土地公坑,60-36
三芝區,大湖,,932,三芝區,後厝,土地公坑,60-35
三芝區,大湖,,933,三芝區,後厝,土地公坑,60-34
三芝區,大湖,,934,三芝區,後厝,土地公坑,60-33
三芝區,大湖,,935,三芝區,後厝,土地公坑,61-7
三芝區,大湖,,936,三芝區,後厝,土地公坑,61-6
三芝區,大湖,,937,三芝區,後厝,土地公坑,61-5
三芝區,大湖,,938,三芝區,後厝,土地公坑,61-4
三芝區,大湖,,939,三芝區,後厝,土地公坑,61-3
三芝區,大湖,,940,三芝區,後厝,土地公坑,60-82
三芝區,大湖,,941,三芝區,後厝,土地公坑,60-69
三芝區,大湖,,942,三芝區,後厝,土地公坑,60-68
三芝區,大湖,,943,三芝區,後厝,土地公坑,60-66
三芝區,大湖,,944,三芝區,後厝,土地公坑,60-65
三芝區,大湖,,945,三芝區,後厝,土地公坑,60-62
三芝區,大湖,,946,三芝區,後厝,土地公坑,60-61
三芝區,大湖,,947,三芝區,後厝,土地公坑,60-58
三芝區,大湖,,948,三芝區,後厝,土地公坑,60-59
三芝區,大湖,,949,三芝區,後厝,土地公坑,60-60
三芝區,大湖,,95,三芝區,後厝,北勢子,184
三芝區,大湖,,950,三芝區,後厝,土地公坑,60-63
三芝區,大湖,,951,三芝區,後厝,土地公坑,60-64
三芝區,大湖,,952,三芝區,後厝,土地公坑,60-67
三芝區,大湖,,953,三芝區,後厝,土地公坑,46
三芝區,大湖,,954,三芝區,後厝,土地公坑,48
三芝區,大湖,,955,三芝區,後厝,土地公坑,49
三芝區,大湖,,956,三芝區,後厝,土地公坑,50
三芝區,大湖,,957,三芝區,後厝,北勢子,226-24
三芝區,大湖,,958,三芝區,後厝,北勢子,226-25
三芝區,大湖,,959,三芝區,後厝,北勢子,226-26
三芝區,大湖,,96,三芝區,後厝,北勢子,185-3
三芝區,大湖,,960,三芝區,後厝,北勢子,226-23
三芝區,大湖,,961,三芝區,後厝,北勢子,226-52
三芝區,大湖,,962,三芝區,後厝,北勢子,226-49
三芝區,大湖,,963,三芝區,後厝,北勢子,226-48
三芝區,大湖,,964,三芝區,後厝,北勢子,226-50
三芝區,大湖,,965,三芝區,後厝,北勢子,226-51
三芝區,大湖,,966,三芝區,後厝,北勢子,218-5
三芝區,大湖,,967,三芝區,後厝,北勢子,219-27
三芝區,大湖,,968,三芝區,後厝,北勢子,219-6
三芝區,大湖,,969,三芝區,後厝,北勢子,219-22
三芝區,大湖,,97,三芝區,後厝,北勢子,204
三芝區,大湖,,970,三芝區,後厝,北勢子,226-16
三芝區,大湖,,971,三芝區,後厝,北勢子,226-15
三芝區,大湖,,972,三芝區,後厝,北勢子,226-20
三芝區,大湖,,973,三芝區,後厝,北勢子,218-35
三芝區,大湖,,974,三芝區,後厝,北勢子,226-18
三芝區,大湖,,975,三芝區,後厝,北勢子,226-57
三芝區,大湖,,976,三芝區,後厝,北勢子,218-34
三芝區,大湖,,977,三芝區,後厝,北勢子,218-33
三芝區,大湖,,978,三芝區,後厝,北勢子,226-58
三芝區,大湖,,979,三芝區,後厝,北勢子,219-8
三芝區,大湖,,98,三芝區,後厝,北勢子,205
三芝區,大湖,,980,三芝區,後厝,北勢子,226-19
三芝區,大湖,,981,三芝區,後厝,北勢子,219-1
三芝區,大湖,,982,三芝區,後厝,北勢子,226-21
三芝區,大湖,,983,三芝區,後厝,北勢子,226-59
三芝區,大湖,,984,三芝區,後厝,北勢子,218-32
三芝區,大湖,,985,三芝區,後厝,北勢子,218-31
三芝區,大湖,,986,三芝區,後厝,北勢子,226-60
三芝區,大湖,,987,三芝區,後厝,北勢子,219-14
三芝區,大湖,,988,三芝區,後厝,北勢子,218-30
三芝區,大湖,,989,三芝區,後厝,北勢子,226-61
三芝區,大湖,,99,三芝區,後厝,北勢子,203-3
三芝區,大湖,,990,三芝區,後厝,北勢子,219-13
三芝區,大湖,,991,三芝區,後厝,北勢子,219-10
三芝區,大湖,,992,三芝區,後厝,北勢子,219-12
三芝區,大湖,,993,三芝區,後厝,北勢子,226-28
三芝區,大湖,,994,三芝區,後厝,北勢子,225-5
三芝區,大湖,,995,三芝區,後厝,北勢子,225-6
三芝區,大湖,,996,三芝區,後厝,北勢子,225-7
三芝區,大湖,,997,三芝區,後厝,北勢子,226-32
三芝區,大湖,,998,三芝區,後厝,北勢子,226-4
三芝區,大湖,,999,三芝區,後厝,北勢子,225-1
三芝區,巴拉卡,,1,三芝區,北新庄子,田心子,316-3
三芝區,巴拉卡,,10,三芝區,北新庄子,田心子,317-10
三芝區,巴拉卡,,100,三芝區,北新庄子,車埕,479
三芝區,巴拉卡,,1000,三芝區,北新庄子,車埕,746-2
三芝區,巴拉卡,,1001,三芝區,北新庄子,車埕,747
三芝區,巴拉卡,,1002,三芝區,北新庄子,車埕,748
三芝區,巴拉卡,,1003,三芝區,北新庄子,車埕,748-1
三芝區,巴拉卡,,1004,三芝區,北新庄子,車埕,824-5
三芝區,巴拉卡,,1005,三芝區,北新庄子,車埕,748-2
三芝區,巴拉卡,,1006,三芝區,北新庄子,車埕,748-3
三芝區,巴拉卡,,1007,三芝區,北新庄子,車埕,748-4
三芝區,巴拉卡,,1008,三芝區,北新庄子,車埕,748-5
三芝區,巴拉卡,,1009,三芝區,北新庄子,車埕,749
三芝區,巴拉卡,,101,三芝區,北新庄子,車埕,517
三芝區,巴拉卡,,1010,三芝區,北新庄子,車埕,749-1
三芝區,巴拉卡,,1011,三芝區,北新庄子,車埕,750-2
三芝區,巴拉卡,,1012,三芝區,北新庄子,車埕,752-1
三芝區,巴拉卡,,1013,三芝區,北新庄子,車埕,752-2
三芝區,巴拉卡,,1014,三芝區,北新庄子,車埕,824-6
三芝區,巴拉卡,,1015,三芝區,北新庄子,車埕,756-1
三芝區,巴拉卡,,1016,三芝區,北新庄子,車埕,756-2
三芝區,巴拉卡,,1017,三芝區,北新庄子,車埕,757-1
三芝區,巴拉卡,,1018,三芝區,北新庄子,車埕,757-4
三芝區,巴拉卡,,1019,三芝區,北新庄子,車埕,757-6
三芝區,巴拉卡,,102,三芝區,北新庄子,車埕,517-1
三芝區,巴拉卡,,1020,三芝區,北新庄子,車埕,757-7
三芝區,巴拉卡,,1021,三芝區,北新庄子,車埕,759-1
三芝區,巴拉卡,,1022,三芝區,北新庄子,車埕,759-7
三芝區,巴拉卡,,1023,三芝區,北新庄子,車埕,759-9
三芝區,巴拉卡,,1024,三芝區,北新庄子,車埕,824-7
三芝區,巴拉卡,,1025,三芝區,北新庄子,車埕,759-10
三芝區,巴拉卡,,1026,三芝區,北新庄子,車埕,759-11
三芝區,巴拉卡,,1027,三芝區,北新庄子,車埕,761-2
三芝區,巴拉卡,,1028,三芝區,北新庄子,車埕,761-3
三芝區,巴拉卡,,1029,三芝區,北新庄子,車埕,761-5
三芝區,巴拉卡,,103,三芝區,北新庄子,車埕,517-2
三芝區,巴拉卡,,1030,三芝區,北新庄子,車埕,761-11
三芝區,巴拉卡,,1031,三芝區,北新庄子,車埕,761-12
三芝區,巴拉卡,,1032,三芝區,北新庄子,車埕,761-14
三芝區,巴拉卡,,1033,三芝區,北新庄子,車埕,761-16
三芝區,巴拉卡,,1034,三芝區,北新庄子,車埕,761-18
三芝區,巴拉卡,,1035,三芝區,北新庄子,車埕,761-24
三芝區,巴拉卡,,1036,三芝區,北新庄子,車埕,761-25
三芝區,巴拉卡,,1037,三芝區,北新庄子,車埕,762-8
三芝區,巴拉卡,,1038,三芝區,北新庄子,車埕,762-9
三芝區,巴拉卡,,1039,三芝區,北新庄子,車埕,763-1
三芝區,巴拉卡,,104,三芝區,北新庄子,車埕,527-25
三芝區,巴拉卡,,1040,三芝區,北新庄子,車埕,763-3
三芝區,巴拉卡,,1041,三芝區,北新庄子,車埕,763-5
三芝區,巴拉卡,,1042,三芝區,北新庄子,車埕,763-12
三芝區,巴拉卡,,1043,三芝區,北新庄子,車埕,766-1
三芝區,巴拉卡,,1044,三芝區,北新庄子,車埕,824-8
三芝區,巴拉卡,,1045,三芝區,北新庄子,車埕,766-2
三芝區,巴拉卡,,1046,三芝區,北新庄子,車埕,766-4
三芝區,巴拉卡,,1047,三芝區,北新庄子,車埕,766-5
三芝區,巴拉卡,,1048,三芝區,北新庄子,車埕,766-8
三芝區,巴拉卡,,1049,三芝區,北新庄子,車埕,766-9
三芝區,巴拉卡,,105,三芝區,北新庄子,車埕,517-3
三芝區,巴拉卡,,1050,三芝區,北新庄子,車埕,766-11
三芝區,巴拉卡,,1051,三芝區,北新庄子,車埕,766-12
三芝區,巴拉卡,,1052,三芝區,北新庄子,車埕,767-1
三芝區,巴拉卡,,1053,三芝區,北新庄子,車埕,767-2
三芝區,巴拉卡,,1054,三芝區,北新庄子,車埕,824-9
三芝區,巴拉卡,,1055,三芝區,北新庄子,車埕,767-10
三芝區,巴拉卡,,1056,三芝區,北新庄子,車埕,767-11
三芝區,巴拉卡,,1057,三芝區,北新庄子,車埕,768
三芝區,巴拉卡,,1058,三芝區,北新庄子,車埕,768-1
三芝區,巴拉卡,,1059,三芝區,北新庄子,車埕,768-2
三芝區,巴拉卡,,106,三芝區,北新庄子,車埕,517-4
三芝區,巴拉卡,,1060,三芝區,北新庄子,車埕,768-3
三芝區,巴拉卡,,1061,三芝區,北新庄子,車埕,768-4
三芝區,巴拉卡,,1062,三芝區,北新庄子,車埕,768-7
三芝區,巴拉卡,,1063,三芝區,北新庄子,車埕,769
三芝區,巴拉卡,,1064,三芝區,北新庄子,車埕,769-1
三芝區,巴拉卡,,1065,三芝區,北新庄子,車埕,769-6
三芝區,巴拉卡,,1066,三芝區,北新庄子,車埕,769-8
三芝區,巴拉卡,,1067,三芝區,北新庄子,車埕,769-10
三芝區,巴拉卡,,1068,三芝區,北新庄子,車埕,769-12
三芝區,巴拉卡,,1069,三芝區,北新庄子,車埕,769-13
三芝區,巴拉卡,,107,三芝區,北新庄子,車埕,517-5
三芝區,巴拉卡,,1070,三芝區,北新庄子,車埕,770
三芝區,巴拉卡,,1071,三芝區,北新庄子,車埕,771
三芝區,巴拉卡,,1072,三芝區,北新庄子,車埕,771-1
三芝區,巴拉卡,,1073,三芝區,北新庄子,車埕,771-2
三芝區,巴拉卡,,1074,三芝區,北新庄子,車埕,824-10
三芝區,巴拉卡,,1075,三芝區,北新庄子,車埕,771-3
三芝區,巴拉卡,,1076,三芝區,北新庄子,車埕,771-4
三芝區,巴拉卡,,1077,三芝區,北新庄子,車埕,771-5
三芝區,巴拉卡,,1078,三芝區,北新庄子,車埕,771-6
三芝區,巴拉卡,,1079,三芝區,北新庄子,車埕,771-7
三芝區,巴拉卡,,108,三芝區,北新庄子,車埕,518
三芝區,巴拉卡,,1080,三芝區,北新庄子,車埕,771-8
三芝區,巴拉卡,,1081,三芝區,北新庄子,車埕,771-9
三芝區,巴拉卡,,1082,三芝區,北新庄子,車埕,772
三芝區,巴拉卡,,1083,三芝區,北新庄子,車埕,772-1
三芝區,巴拉卡,,1084,三芝區,北新庄子,車埕,824-11
三芝區,巴拉卡,,1085,三芝區,北新庄子,車埕,772-2
三芝區,巴拉卡,,1086,三芝區,北新庄子,車埕,772-3
三芝區,巴拉卡,,1087,三芝區,北新庄子,車埕,774
三芝區,巴拉卡,,1088,三芝區,北新庄子,車埕,775
三芝區,巴拉卡,,1089,三芝區,北新庄子,車埕,775-1
三芝區,巴拉卡,,109,三芝區,北新庄子,車埕,518-1
三芝區,巴拉卡,,1090,三芝區,北新庄子,車埕,775-2
三芝區,巴拉卡,,1091,三芝區,北新庄子,車埕,775-3
三芝區,巴拉卡,,1092,三芝區,北新庄子,車埕,775-4
三芝區,巴拉卡,,1093,三芝區,北新庄子,車埕,775-5
三芝區,巴拉卡,,1094,三芝區,北新庄子,車埕,775-6
三芝區,巴拉卡,,1095,三芝區,北新庄子,車埕,775-7
三芝區,巴拉卡,,1096,三芝區,北新庄子,車埕,775-8
三芝區,巴拉卡,,1097,三芝區,北新庄子,車埕,775-9
三芝區,巴拉卡,,1098,三芝區,北新庄子,車埕,775-10
三芝區,巴拉卡,,1099,三芝區,北新庄子,車埕,775-11
三芝區,巴拉卡,,11,三芝區,北新庄子,田心子,317-11
三芝區,巴拉卡,,110,三芝區,北新庄子,車埕,518-2
三芝區,巴拉卡,,1100,三芝區,北新庄子,車埕,775-12
三芝區,巴拉卡,,1101,三芝區,北新庄子,車埕,776
三芝區,巴拉卡,,1102,三芝區,北新庄子,車埕,776-1
三芝區,巴拉卡,,1103,三芝區,北新庄子,車埕,776-2
三芝區,巴拉卡,,1104,三芝區,北新庄子,車埕,826
三芝區,巴拉卡,,1105,三芝區,北新庄子,車埕,776-3
三芝區,巴拉卡,,1106,三芝區,北新庄子,車埕,776-4
三芝區,巴拉卡,,1107,三芝區,北新庄子,車埕,776-5
三芝區,巴拉卡,,1108,三芝區,北新庄子,車埕,776-6
三芝區,巴拉卡,,1109,三芝區,北新庄子,車埕,776-11
三芝區,巴拉卡,,111,三芝區,北新庄子,車埕,518-3
三芝區,巴拉卡,,1110,三芝區,北新庄子,車埕,777
三芝區,巴拉卡,,1111,三芝區,北新庄子,車埕,778
三芝區,巴拉卡,,1112,三芝區,北新庄子,車埕,778-1
三芝區,巴拉卡,,1113,三芝區,北新庄子,車埕,778-2
三芝區,巴拉卡,,1114,三芝區,北新庄子,車埕,826-1
三芝區,巴拉卡,,1115,三芝區,北新庄子,車埕,778-3
三芝區,巴拉卡,,1116,三芝區,北新庄子,車埕,778-4
三芝區,巴拉卡,,1117,三芝區,北新庄子,車埕,778-5
三芝區,巴拉卡,,1118,三芝區,北新庄子,車埕,778-6
三芝區,巴拉卡,,1119,三芝區,北新庄子,車埕,779
三芝區,巴拉卡,,112,三芝區,北新庄子,車埕,518-4
三芝區,巴拉卡,,1120,三芝區,北新庄子,車埕,779-1
三芝區,巴拉卡,,1121,三芝區,北新庄子,車埕,779-2
三芝區,巴拉卡,,1122,三芝區,北新庄子,車埕,779-3
三芝區,巴拉卡,,1123,三芝區,北新庄子,車埕,779-4
三芝區,巴拉卡,,1124,三芝區,北新庄子,車埕,827
三芝區,巴拉卡,,1125,三芝區,北新庄子,車埕,779-5
三芝區,巴拉卡,,1126,三芝區,北新庄子,車埕,780
三芝區,巴拉卡,,1127,三芝區,北新庄子,車埕,780-1
三芝區,巴拉卡,,1128,三芝區,北新庄子,車埕,780-2
三芝區,巴拉卡,,1129,三芝區,北新庄子,車埕,780-3
三芝區,巴拉卡,,113,三芝區,北新庄子,車埕,519
三芝區,巴拉卡,,1130,三芝區,北新庄子,車埕,780-4
三芝區,巴拉卡,,1131,三芝區,北新庄子,車埕,780-5
三芝區,巴拉卡,,1132,三芝區,北新庄子,車埕,780-6
三芝區,巴拉卡,,1133,三芝區,北新庄子,車埕,780-7
三芝區,巴拉卡,,1134,三芝區,北新庄子,車埕,780-8
三芝區,巴拉卡,,1135,三芝區,北新庄子,車埕,781
三芝區,巴拉卡,,1136,三芝區,北新庄子,車埕,781-1
三芝區,巴拉卡,,1137,三芝區,北新庄子,車埕,781-2
三芝區,巴拉卡,,1138,三芝區,北新庄子,車埕,782
三芝區,巴拉卡,,1139,三芝區,北新庄子,車埕,782-2
三芝區,巴拉卡,,114,三芝區,北新庄子,車埕,528-29
三芝區,巴拉卡,,1140,三芝區,北新庄子,車埕,782-3
三芝區,巴拉卡,,1141,三芝區,北新庄子,車埕,782-4
三芝區,巴拉卡,,1142,三芝區,北新庄子,車埕,783
三芝區,巴拉卡,,1143,三芝區,北新庄子,車埕,783-1
三芝區,巴拉卡,,1144,三芝區,北新庄子,車埕,827-1
三芝區,巴拉卡,,1145,三芝區,北新庄子,車埕,783-4
三芝區,巴拉卡,,1146,三芝區,北新庄子,車埕,784
三芝區,巴拉卡,,1147,三芝區,北新庄子,車埕,785
三芝區,巴拉卡,,1148,三芝區,北新庄子,車埕,786
三芝區,巴拉卡,,1149,三芝區,北新庄子,車埕,786-1
三芝區,巴拉卡,,115,三芝區,北新庄子,車埕,522
三芝區,巴拉卡,,1150,三芝區,北新庄子,車埕,786-2
三芝區,巴拉卡,,1151,三芝區,北新庄子,車埕,786-3
三芝區,巴拉卡,,1152,三芝區,北新庄子,車埕,786-4
三芝區,巴拉卡,,1153,三芝區,北新庄子,車埕,786-5
三芝區,巴拉卡,,1154,三芝區,北新庄子,車埕,827-2
三芝區,巴拉卡,,1155,三芝區,北新庄子,車埕,787
三芝區,巴拉卡,,1156,三芝區,北新庄子,車埕,787-1
三芝區,巴拉卡,,1157,三芝區,北新庄子,車埕,787-2
三芝區,巴拉卡,,1158,三芝區,北新庄子,車埕,787-3
三芝區,巴拉卡,,1159,三芝區,北新庄子,車埕,787-4
三芝區,巴拉卡,,116,三芝區,北新庄子,車埕,522-7
三芝區,巴拉卡,,1160,三芝區,北新庄子,車埕,787-5
三芝區,巴拉卡,,1161,三芝區,北新庄子,車埕,788
三芝區,巴拉卡,,1162,三芝區,北新庄子,車埕,789
三芝區,巴拉卡,,1163,三芝區,北新庄子,車埕,789-1
三芝區,巴拉卡,,1164,三芝區,北新庄子,車埕,789-4
三芝區,巴拉卡,,1165,三芝區,北新庄子,車埕,789-5
三芝區,巴拉卡,,1166,三芝區,北新庄子,車埕,789-6
三芝區,巴拉卡,,1167,三芝區,北新庄子,車埕,789-7
三芝區,巴拉卡,,1168,三芝區,北新庄子,車埕,789-8
三芝區,巴拉卡,,1169,三芝區,北新庄子,車埕,789-9
三芝區,巴拉卡,,117,三芝區,北新庄子,車埕,523
三芝區,巴拉卡,,1170,三芝區,北新庄子,車埕,789-10
三芝區,巴拉卡,,1171,三芝區,北新庄子,車埕,789-11
三芝區,巴拉卡,,1172,三芝區,北新庄子,車埕,789-12
三芝區,巴拉卡,,1173,三芝區,北新庄子,車埕,789-13
三芝區,巴拉卡,,1174,三芝區,北新庄子,車埕,827-3
三芝區,巴拉卡,,1175,三芝區,北新庄子,車埕,790
三芝區,巴拉卡,,1176,三芝區,北新庄子,車埕,791
三芝區,巴拉卡,,1177,三芝區,北新庄子,車埕,792
三芝區,巴拉卡,,1178,三芝區,北新庄子,車埕,792-1
三芝區,巴拉卡,,1179,三芝區,北新庄子,車埕,792-2
三芝區,巴拉卡,,118,三芝區,北新庄子,車埕,523-2
三芝區,巴拉卡,,1180,三芝區,北新庄子,車埕,792-3
三芝區,巴拉卡,,1181,三芝區,北新庄子,車埕,793
三芝區,巴拉卡,,1182,三芝區,北新庄子,車埕,793-1
三芝區,巴拉卡,,1183,三芝區,北新庄子,車埕,793-2
三芝區,巴拉卡,,1184,三芝區,北新庄子,車埕,827-4
三芝區,巴拉卡,,1185,三芝區,北新庄子,車埕,793-3
三芝區,巴拉卡,,1186,三芝區,北新庄子,車埕,793-4
三芝區,巴拉卡,,1187,三芝區,北新庄子,車埕,794-2
三芝區,巴拉卡,,1188,三芝區,北新庄子,車埕,796
三芝區,巴拉卡,,1189,三芝區,北新庄子,車埕,797
三芝區,巴拉卡,,119,三芝區,北新庄子,車埕,523-3
三芝區,巴拉卡,,1190,三芝區,北新庄子,車埕,798
三芝區,巴拉卡,,1191,三芝區,北新庄子,車埕,799
三芝區,巴拉卡,,1192,三芝區,北新庄子,車埕,800
三芝區,巴拉卡,,1193,三芝區,北新庄子,車埕,801
三芝區,巴拉卡,,1194,三芝區,北新庄子,車埕,802
三芝區,巴拉卡,,1195,三芝區,北新庄子,車埕,803
三芝區,巴拉卡,,1196,三芝區,北新庄子,車埕,804
三芝區,巴拉卡,,1197,三芝區,北新庄子,車埕,805
三芝區,巴拉卡,,1198,三芝區,北新庄子,車埕,806
三芝區,巴拉卡,,1199,三芝區,北新庄子,車埕,807
三芝區,巴拉卡,,12,三芝區,北新庄子,田心子,317-12
三芝區,巴拉卡,,120,三芝區,北新庄子,車埕,523-4
三芝區,巴拉卡,,1200,三芝區,北新庄子,車埕,808
三芝區,巴拉卡,,1201,三芝區,北新庄子,車埕,809
三芝區,巴拉卡,,1202,三芝區,北新庄子,車埕,810
三芝區,巴拉卡,,1203,三芝區,北新庄子,車埕,810-1
三芝區,巴拉卡,,1204,三芝區,北新庄子,車埕,827-5
三芝區,巴拉卡,,1205,三芝區,北新庄子,車埕,810-2
三芝區,巴拉卡,,1206,三芝區,北新庄子,車埕,811
三芝區,巴拉卡,,1207,三芝區,北新庄子,車埕,811-1
三芝區,巴拉卡,,1208,三芝區,北新庄子,車埕,811-2
三芝區,巴拉卡,,1209,三芝區,北新庄子,車埕,812
三芝區,巴拉卡,,121,三芝區,北新庄子,車埕,523-6
三芝區,巴拉卡,,1210,三芝區,北新庄子,車埕,813
三芝區,巴拉卡,,1211,三芝區,北新庄子,車埕,814
三芝區,巴拉卡,,1212,三芝區,北新庄子,車埕,815
三芝區,巴拉卡,,1213,三芝區,北新庄子,車埕,816
三芝區,巴拉卡,,1214,三芝區,北新庄子,車埕,827-6
三芝區,巴拉卡,,1215,三芝區,北新庄子,車埕,817
三芝區,巴拉卡,,1216,三芝區,北新庄子,車埕,818
三芝區,巴拉卡,,1217,三芝區,北新庄子,車埕,819
三芝區,巴拉卡,,1218,三芝區,北新庄子,車埕,820
三芝區,巴拉卡,,1219,三芝區,北新庄子,車埕,821
三芝區,巴拉卡,,122,三芝區,北新庄子,車埕,523-8
三芝區,巴拉卡,,1220,三芝區,北新庄子,車埕,822
三芝區,巴拉卡,,1221,三芝區,北新庄子,車埕,823
三芝區,巴拉卡,,1222,三芝區,北新庄子,車埕,824
三芝區,巴拉卡,,1223,三芝區,北新庄子,車埕,824-1
三芝區,巴拉卡,,1224,三芝區,北新庄子,車埕,827-7
三芝區,巴拉卡,,1225,三芝區,北新庄子,車埕,824-2
三芝區,巴拉卡,,1226,三芝區,北新庄子,車埕,824-3
三芝區,巴拉卡,,1227,三芝區,北新庄子,車埕,824-4
三芝區,巴拉卡,,1228,三芝區,北新庄子,車埕,825
三芝區,巴拉卡,,1229,三芝區,北新庄子,車埕,825-1
三芝區,巴拉卡,,123,三芝區,北新庄子,車埕,523-86
三芝區,巴拉卡,,1230,三芝區,北新庄子,車埕,825-2
三芝區,巴拉卡,,124,三芝區,北新庄子,車埕,528-30
三芝區,巴拉卡,,125,三芝區,北新庄子,車埕,526
三芝區,巴拉卡,,126,三芝區,北新庄子,車埕,526-40
三芝區,巴拉卡,,127,三芝區,北新庄子,車埕,527-1
三芝區,巴拉卡,,128,三芝區,北新庄子,車埕,527-6
三芝區,巴拉卡,,129,三芝區,北新庄子,車埕,527-11
三芝區,巴拉卡,,13,三芝區,北新庄子,田心子,317-13
三芝區,巴拉卡,,130,三芝區,北新庄子,車埕,527-15
三芝區,巴拉卡,,131,三芝區,北新庄子,車埕,527-16
三芝區,巴拉卡,,132,三芝區,北新庄子,車埕,527-17
三芝區,巴拉卡,,133,三芝區,北新庄子,車埕,527-20
三芝區,巴拉卡,,134,三芝區,北新庄子,車埕,527-21
三芝區,巴拉卡,,135,三芝區,北新庄子,車埕,527-22
三芝區,巴拉卡,,136,三芝區,北新庄子,車埕,536-5
三芝區,巴拉卡,,137,三芝區,北新庄子,車埕,527-5
三芝區,巴拉卡,,138,三芝區,北新庄子,車埕,527-23
三芝區,巴拉卡,,139,三芝區,北新庄子,車埕,527-4
三芝區,巴拉卡,,14,三芝區,北新庄子,車埕,437-1
三芝區,巴拉卡,,140,三芝區,北新庄子,車埕,527-24
三芝區,巴拉卡,,141,三芝區,北新庄子,車埕,527-3
三芝區,巴拉卡,,142,三芝區,北新庄子,車埕,526-35
三芝區,巴拉卡,,143,三芝區,北新庄子,車埕,527-18
三芝區,巴拉卡,,144,三芝區,北新庄子,車埕,528-31
三芝區,巴拉卡,,145,三芝區,北新庄子,車埕,527-2
三芝區,巴拉卡,,146,三芝區,北新庄子,車埕,527-19
三芝區,巴拉卡,,147,三芝區,北新庄子,車埕,523-80
三芝區,巴拉卡,,148,三芝區,北新庄子,車埕,525-6
三芝區,巴拉卡,,149,三芝區,北新庄子,車埕,526-36
三芝區,巴拉卡,,15,三芝區,北新庄子,田心子,317-14
三芝區,巴拉卡,,150,三芝區,北新庄子,車埕,527
三芝區,巴拉卡,,151,三芝區,北新庄子,車埕,523-79
三芝區,巴拉卡,,152,三芝區,北新庄子,車埕,525-7
三芝區,巴拉卡,,153,三芝區,北新庄子,車埕,526-37
三芝區,巴拉卡,,154,三芝區,北新庄子,車埕,528-32
三芝區,巴拉卡,,155,三芝區,北新庄子,車埕,523-78
三芝區,巴拉卡,,156,三芝區,北新庄子,車埕,523-81
三芝區,巴拉卡,,157,三芝區,北新庄子,車埕,523-82
三芝區,巴拉卡,,158,三芝區,北新庄子,車埕,525-5
三芝區,巴拉卡,,159,三芝區,北新庄子,車埕,526-34
三芝區,巴拉卡,,16,三芝區,北新庄子,田心子,317-15
三芝區,巴拉卡,,160,三芝區,北新庄子,車埕,523-83
三芝區,巴拉卡,,161,三芝區,北新庄子,車埕,525-4
三芝區,巴拉卡,,162,三芝區,北新庄子,車埕,526-33
三芝區,巴拉卡,,163,三芝區,北新庄子,車埕,527-7
三芝區,巴拉卡,,164,三芝區,北新庄子,車埕,523-84
三芝區,巴拉卡,,165,三芝區,北新庄子,車埕,525-3
三芝區,巴拉卡,,166,三芝區,北新庄子,車埕,526-38
三芝區,巴拉卡,,167,三芝區,北新庄子,車埕,527-8
三芝區,巴拉卡,,168,三芝區,北新庄子,車埕,523-85
三芝區,巴拉卡,,169,三芝區,北新庄子,車埕,525-1
三芝區,巴拉卡,,17,三芝區,北新庄子,田心子,317-16
三芝區,巴拉卡,,170,三芝區,北新庄子,車埕,526-32
三芝區,巴拉卡,,171,三芝區,北新庄子,車埕,527-9
三芝區,巴拉卡,,172,三芝區,北新庄子,車埕,526-31
三芝區,巴拉卡,,173,三芝區,北新庄子,車埕,527-10
三芝區,巴拉卡,,174,三芝區,北新庄子,車埕,528-33
三芝區,巴拉卡,,175,三芝區,北新庄子,車埕,523-77
三芝區,巴拉卡,,176,三芝區,北新庄子,車埕,523-74
三芝區,巴拉卡,,177,三芝區,北新庄子,車埕,523-72
三芝區,巴拉卡,,178,三芝區,北新庄子,車埕,523-70
三芝區,巴拉卡,,179,三芝區,北新庄子,車埕,523-68
三芝區,巴拉卡,,18,三芝區,北新庄子,田心子,317-17
三芝區,巴拉卡,,180,三芝區,北新庄子,車埕,523-66
三芝區,巴拉卡,,181,三芝區,北新庄子,車埕,523-65
三芝區,巴拉卡,,182,三芝區,北新庄子,車埕,524-3
三芝區,巴拉卡,,183,三芝區,北新庄子,車埕,526-18
三芝區,巴拉卡,,184,三芝區,北新庄子,車埕,528-34
三芝區,巴拉卡,,185,三芝區,北新庄子,車埕,526-19
三芝區,巴拉卡,,186,三芝區,北新庄子,車埕,526-22
三芝區,巴拉卡,,187,三芝區,北新庄子,車埕,526-23
三芝區,巴拉卡,,188,三芝區,北新庄子,車埕,526-26
三芝區,巴拉卡,,189,三芝區,北新庄子,車埕,526-27
三芝區,巴拉卡,,19,三芝區,北新庄子,田心子,317-18
三芝區,巴拉卡,,190,三芝區,北新庄子,車埕,527-12
三芝區,巴拉卡,,191,三芝區,北新庄子,車埕,526-30
三芝區,巴拉卡,,192,三芝區,北新庄子,車埕,527-13
三芝區,巴拉卡,,193,三芝區,北新庄子,車埕,527-14
三芝區,巴拉卡,,194,三芝區,北新庄子,車埕,523-76
三芝區,巴拉卡,,195,三芝區,北新庄子,車埕,523-75
三芝區,巴拉卡,,196,三芝區,北新庄子,車埕,523-73
三芝區,巴拉卡,,197,三芝區,北新庄子,車埕,523-71
三芝區,巴拉卡,,198,三芝區,北新庄子,車埕,523-69
三芝區,巴拉卡,,199,三芝區,北新庄子,車埕,523-67
三芝區,巴拉卡,,2,三芝區,北新庄子,田心子,317-1
三芝區,巴拉卡,,20,三芝區,北新庄子,田心子,317-19
三芝區,巴拉卡,,200,三芝區,北新庄子,車埕,523-64
三芝區,巴拉卡,,201,三芝區,北新庄子,車埕,523-63
三芝區,巴拉卡,,202,三芝區,北新庄子,車埕,524-6
三芝區,巴拉卡,,203,三芝區,北新庄子,車埕,526-17
三芝區,巴拉卡,,204,三芝區,北新庄子,車埕,528-35
三芝區,巴拉卡,,205,三芝區,北新庄子,車埕,526-20
三芝區,巴拉卡,,206,三芝區,北新庄子,車埕,526-21
三芝區,巴拉卡,,207,三芝區,北新庄子,車埕,526-24
三芝區,巴拉卡,,208,三芝區,北新庄子,車埕,526-25
三芝區,巴拉卡,,209,三芝區,北新庄子,車埕,526-28
三芝區,巴拉卡,,21,三芝區,北新庄子,田心子,317-20
三芝區,巴拉卡,,210,三芝區,北新庄子,車埕,526-29
三芝區,巴拉卡,,211,三芝區,北新庄子,車埕,536-14
三芝區,巴拉卡,,212,三芝區,北新庄子,車埕,689-1
三芝區,巴拉卡,,213,三芝區,北新庄子,車埕,689-14
三芝區,巴拉卡,,214,三芝區,北新庄子,車埕,528-36
三芝區,巴拉卡,,215,三芝區,北新庄子,車埕,526-39
三芝區,巴拉卡,,216,三芝區,北新庄子,車埕,689-9
三芝區,巴拉卡,,217,三芝區,北新庄子,車埕,689-13
三芝區,巴拉卡,,218,三芝區,北新庄子,車埕,689-11
三芝區,巴拉卡,,219,三芝區,北新庄子,車埕,523-49
三芝區,巴拉卡,,22,三芝區,北新庄子,田心子,317-21
三芝區,巴拉卡,,220,三芝區,北新庄子,車埕,523-50
三芝區,巴拉卡,,221,三芝區,北新庄子,車埕,523-53
三芝區,巴拉卡,,222,三芝區,北新庄子,車埕,523-54
三芝區,巴拉卡,,223,三芝區,北新庄子,車埕,523-57
三芝區,巴拉卡,,224,三芝區,北新庄子,車埕,528-37
三芝區,巴拉卡,,225,三芝區,北新庄子,車埕,523-58
三芝區,巴拉卡,,226,三芝區,北新庄子,車埕,523-61
三芝區,巴拉卡,,227,三芝區,北新庄子,車埕,523-62
三芝區,巴拉卡,,228,三芝區,北新庄子,車埕,524-7
三芝區,巴拉卡,,229,三芝區,北新庄子,車埕,526-15
三芝區,巴拉卡,,23,三芝區,北新庄子,田心子,317-22
三芝區,巴拉卡,,230,三芝區,北新庄子,車埕,526-14
三芝區,巴拉卡,,231,三芝區,北新庄子,車埕,523-48
三芝區,巴拉卡,,232,三芝區,北新庄子,車埕,523-51
三芝區,巴拉卡,,233,三芝區,北新庄子,車埕,523-52
三芝區,巴拉卡,,234,三芝區,北新庄子,車埕,523-55
三芝區,巴拉卡,,235,三芝區,北新庄子,車埕,523-56
三芝區,巴拉卡,,236,三芝區,北新庄子,車埕,523-59
三芝區,巴拉卡,,237,三芝區,北新庄子,車埕,523-60
三芝區,巴拉卡,,238,三芝區,北新庄子,車埕,524-9
三芝區,巴拉卡,,239,三芝區,北新庄子,車埕,526-11
三芝區,巴拉卡,,24,三芝區,北新庄子,車埕,437-2
三芝區,巴拉卡,,240,三芝區,北新庄子,車埕,526-12
三芝區,巴拉卡,,241,三芝區,北新庄子,車埕,524-8
三芝區,巴拉卡,,242,三芝區,北新庄子,車埕,526-13
三芝區,巴拉卡,,243,三芝區,北新庄子,車埕,526-10
三芝區,巴拉卡,,244,三芝區,北新庄子,車埕,528-38
三芝區,巴拉卡,,245,三芝區,北新庄子,車埕,526-41
三芝區,巴拉卡,,246,三芝區,北新庄子,車埕,523-32
三芝區,巴拉卡,,247,三芝區,北新庄子,車埕,523-34
三芝區,巴拉卡,,248,三芝區,北新庄子,車埕,523-35
三芝區,巴拉卡,,249,三芝區,北新庄子,車埕,523-37
三芝區,巴拉卡,,25,三芝區,北新庄子,田心子,317-23
三芝區,巴拉卡,,250,三芝區,北新庄子,車埕,523-44
三芝區,巴拉卡,,251,三芝區,北新庄子,車埕,523-45
三芝區,巴拉卡,,252,三芝區,北新庄子,車埕,523-91
三芝區,巴拉卡,,253,三芝區,北新庄子,車埕,523-47
三芝區,巴拉卡,,254,三芝區,北新庄子,車埕,528-39
三芝區,巴拉卡,,255,三芝區,北新庄子,車埕,523-46
三芝區,巴拉卡,,256,三芝區,北新庄子,車埕,523-1
三芝區,巴拉卡,,257,三芝區,北新庄子,車埕,526-4
三芝區,巴拉卡,,258,三芝區,北新庄子,車埕,523-90
三芝區,巴拉卡,,259,三芝區,北新庄子,車埕,526-5
三芝區,巴拉卡,,26,三芝區,北新庄子,田心子,317-24
三芝區,巴拉卡,,260,三芝區,北新庄子,車埕,526-6
三芝區,巴拉卡,,261,三芝區,北新庄子,車埕,526-3
三芝區,巴拉卡,,262,三芝區,北新庄子,車埕,526-2
三芝區,巴拉卡,,263,三芝區,北新庄子,車埕,526-1
三芝區,巴拉卡,,264,三芝區,北新庄子,車埕,526-8
三芝區,巴拉卡,,265,三芝區,北新庄子,車埕,526-9
三芝區,巴拉卡,,266,三芝區,北新庄子,車埕,536-15
三芝區,巴拉卡,,267,三芝區,北新庄子,車埕,536-2
三芝區,巴拉卡,,268,三芝區,北新庄子,車埕,536-10
三芝區,巴拉卡,,269,三芝區,北新庄子,車埕,689-4
三芝區,巴拉卡,,27,三芝區,北新庄子,田心子,317-25
三芝區,巴拉卡,,270,三芝區,北新庄子,車埕,689-5
三芝區,巴拉卡,,271,三芝區,北新庄子,車埕,689-6
三芝區,巴拉卡,,272,三芝區,北新庄子,車埕,689-7
三芝區,巴拉卡,,273,三芝區,北新庄子,車埕,690-1
三芝區,巴拉卡,,274,三芝區,北新庄子,車埕,528-40
三芝區,巴拉卡,,275,三芝區,北新庄子,車埕,523-30
三芝區,巴拉卡,,276,三芝區,北新庄子,車埕,523-27
三芝區,巴拉卡,,277,三芝區,北新庄子,車埕,523-26
三芝區,巴拉卡,,278,三芝區,北新庄子,車埕,523-28
三芝區,巴拉卡,,279,三芝區,北新庄子,車埕,523-29
三芝區,巴拉卡,,28,三芝區,北新庄子,田心子,317-37
三芝區,巴拉卡,,280,三芝區,北新庄子,車埕,523-25
三芝區,巴拉卡,,281,三芝區,北新庄子,車埕,523-24
三芝區,巴拉卡,,282,三芝區,北新庄子,車埕,523-23
三芝區,巴拉卡,,283,三芝區,北新庄子,車埕,523-22
三芝區,巴拉卡,,284,三芝區,北新庄子,車埕,528-41
三芝區,巴拉卡,,285,三芝區,北新庄子,車埕,523-21
三芝區,巴拉卡,,286,三芝區,北新庄子,車埕,523-20
三芝區,巴拉卡,,287,三芝區,北新庄子,車埕,523-19
三芝區,巴拉卡,,288,三芝區,北新庄子,車埕,523-18
三芝區,巴拉卡,,289,三芝區,北新庄子,車埕,523-17
三芝區,巴拉卡,,29,三芝區,北新庄子,田心子,317-38
三芝區,巴拉卡,,290,三芝區,北新庄子,車埕,523-16
三芝區,巴拉卡,,291,三芝區,北新庄子,車埕,523-95
三芝區,巴拉卡,,292,三芝區,北新庄子,車埕,523-15
三芝區,巴拉卡,,293,三芝區,北新庄子,車埕,523-14
三芝區,巴拉卡,,294,三芝區,北新庄子,車埕,523-13
三芝區,巴拉卡,,295,三芝區,北新庄子,車埕,523-12
三芝區,巴拉卡,,296,三芝區,北新庄子,車埕,522-8
三芝區,巴拉卡,,297,三芝區,北新庄子,車埕,523-10
三芝區,巴拉卡,,298,三芝區,北新庄子,車埕,522-9
三芝區,巴拉卡,,299,三芝區,北新庄子,車埕,522-6
三芝區,巴拉卡,,3,三芝區,北新庄子,田心子,317-2
三芝區,巴拉卡,,30,三芝區,北新庄子,田心子,317-26
三芝區,巴拉卡,,300,三芝區,北新庄子,車埕,523-94
三芝區,巴拉卡,,301,三芝區,北新庄子,車埕,522-5
三芝區,巴拉卡,,302,三芝區,北新庄子,車埕,522-1
三芝區,巴拉卡,,303,三芝區,北新庄子,車埕,523-31
三芝區,巴拉卡,,304,三芝區,北新庄子,車埕,528-42
三芝區,巴拉卡,,305,三芝區,北新庄子,車埕,523-33
三芝區,巴拉卡,,306,三芝區,北新庄子,車埕,523-36
三芝區,巴拉卡,,307,三芝區,北新庄子,車埕,523-38
三芝區,巴拉卡,,308,三芝區,北新庄子,車埕,522-2
三芝區,巴拉卡,,309,三芝區,北新庄子,車埕,522-3
三芝區,巴拉卡,,31,三芝區,北新庄子,田心子,318-1
三芝區,巴拉卡,,310,三芝區,北新庄子,車埕,523-93
三芝區,巴拉卡,,311,三芝區,北新庄子,車埕,523-87
三芝區,巴拉卡,,312,三芝區,北新庄子,車埕,523-39
三芝區,巴拉卡,,313,三芝區,北新庄子,車埕,522-4
三芝區,巴拉卡,,314,三芝區,北新庄子,車埕,528-43
三芝區,巴拉卡,,315,三芝區,北新庄子,車埕,523-92
三芝區,巴拉卡,,316,三芝區,北新庄子,車埕,523-40
三芝區,巴拉卡,,317,三芝區,北新庄子,車埕,523-41
三芝區,巴拉卡,,318,三芝區,北新庄子,車埕,523-89
三芝區,巴拉卡,,319,三芝區,北新庄子,車埕,523-42
三芝區,巴拉卡,,32,三芝區,北新庄子,田心子,318
三芝區,巴拉卡,,320,三芝區,北新庄子,車埕,523-43
三芝區,巴拉卡,,321,三芝區,北新庄子,車埕,536-13
三芝區,巴拉卡,,322,三芝區,北新庄子,車埕,536-3
三芝區,巴拉卡,,323,三芝區,北新庄子,車埕,536-11
三芝區,巴拉卡,,324,三芝區,北新庄子,車埕,528-44
三芝區,巴拉卡,,325,三芝區,北新庄子,車埕,536-16
三芝區,巴拉卡,,326,三芝區,北新庄子,車埕,536-6
三芝區,巴拉卡,,327,三芝區,北新庄子,車埕,689-12
三芝區,巴拉卡,,328,三芝區,北新庄子,車埕,689-16
三芝區,巴拉卡,,329,三芝區,北新庄子,車埕,689-10
三芝區,巴拉卡,,33,三芝區,北新庄子,田心子,318-2
三芝區,巴拉卡,,330,三芝區,北新庄子,車埕,689-15
三芝區,巴拉卡,,331,三芝區,北新庄子,車埕,692-2
三芝區,巴拉卡,,332,三芝區,北新庄子,車埕,536-8
三芝區,巴拉卡,,333,三芝區,北新庄子,車埕,536-9
三芝區,巴拉卡,,334,三芝區,北新庄子,車埕,689-3
三芝區,巴拉卡,,335,三芝區,北新庄子,車埕,536-4
三芝區,巴拉卡,,336,三芝區,北新庄子,車埕,536-12
三芝區,巴拉卡,,337,三芝區,北新庄子,車埕,526-7
三芝區,巴拉卡,,338,三芝區,北新庄子,車埕,536-1
三芝區,巴拉卡,,339,三芝區,北新庄子,車埕,536-18
三芝區,巴拉卡,,34,三芝區,北新庄子,田心子,318-3
三芝區,巴拉卡,,340,三芝區,北新庄子,車埕,536-17
三芝區,巴拉卡,,341,三芝區,北新庄子,車埕,689
三芝區,巴拉卡,,342,三芝區,北新庄子,車埕,689-17
三芝區,巴拉卡,,343,三芝區,北新庄子,車埕,689-18
三芝區,巴拉卡,,344,三芝區,北新庄子,車埕,529-2
三芝區,巴拉卡,,345,三芝區,北新庄子,車埕,689-19
三芝區,巴拉卡,,346,三芝區,北新庄子,車埕,690
三芝區,巴拉卡,,347,三芝區,北新庄子,車埕,690-2
三芝區,巴拉卡,,348,三芝區,北新庄子,車埕,690-3
三芝區,巴拉卡,,349,三芝區,北新庄子,車埕,528-3
三芝區,巴拉卡,,35,三芝區,北新庄子,田心子,318-4
三芝區,巴拉卡,,350,三芝區,北新庄子,車埕,528-4
三芝區,巴拉卡,,351,三芝區,北新庄子,車埕,528-5
三芝區,巴拉卡,,352,三芝區,北新庄子,車埕,528-6
三芝區,巴拉卡,,353,三芝區,北新庄子,車埕,528-7
三芝區,巴拉卡,,354,三芝區,北新庄子,車埕,536-7
三芝區,巴拉卡,,355,三芝區,北新庄子,車埕,529-1
三芝區,巴拉卡,,356,三芝區,北新庄子,車埕,537
三芝區,巴拉卡,,357,三芝區,北新庄子,車埕,537-1
三芝區,巴拉卡,,358,三芝區,北新庄子,車埕,537-2
三芝區,巴拉卡,,359,三芝區,北新庄子,車埕,537-3
三芝區,巴拉卡,,36,三芝區,北新庄子,田心子,318-5
三芝區,巴拉卡,,360,三芝區,北新庄子,車埕,537-4
三芝區,巴拉卡,,361,三芝區,北新庄子,車埕,537-5
三芝區,巴拉卡,,362,三芝區,北新庄子,車埕,537-6
三芝區,巴拉卡,,363,三芝區,北新庄子,車埕,538
三芝區,巴拉卡,,364,三芝區,北新庄子,車埕,539
三芝區,巴拉卡,,365,三芝區,北新庄子,車埕,553
三芝區,巴拉卡,,366,三芝區,北新庄子,車埕,554
三芝區,巴拉卡,,367,三芝區,北新庄子,車埕,557
三芝區,巴拉卡,,368,三芝區,北新庄子,車埕,558
三芝區,巴拉卡,,369,三芝區,北新庄子,車埕,559
三芝區,巴拉卡,,37,三芝區,北新庄子,田心子,319
三芝區,巴拉卡,,370,三芝區,北新庄子,車埕,561
三芝區,巴拉卡,,371,三芝區,北新庄子,車埕,563
三芝區,巴拉卡,,372,三芝區,北新庄子,車埕,568
三芝區,巴拉卡,,373,三芝區,北新庄子,車埕,569
三芝區,巴拉卡,,374,三芝區,北新庄子,車埕,569-2
三芝區,巴拉卡,,375,三芝區,北新庄子,車埕,569-1
三芝區,巴拉卡,,376,三芝區,北新庄子,車埕,570
三芝區,巴拉卡,,377,三芝區,北新庄子,車埕,571
三芝區,巴拉卡,,378,三芝區,北新庄子,車埕,572
三芝區,巴拉卡,,379,三芝區,北新庄子,車埕,573
三芝區,巴拉卡,,38,三芝區,北新庄子,田心子,321
三芝區,巴拉卡,,380,三芝區,北新庄子,車埕,575
三芝區,巴拉卡,,381,三芝區,北新庄子,車埕,576
三芝區,巴拉卡,,382,三芝區,北新庄子,車埕,576-1
三芝區,巴拉卡,,383,三芝區,北新庄子,車埕,576-2
三芝區,巴拉卡,,384,三芝區,北新庄子,車埕,569-3
三芝區,巴拉卡,,385,三芝區,北新庄子,車埕,576-3
三芝區,巴拉卡,,386,三芝區,北新庄子,車埕,577
三芝區,巴拉卡,,387,三芝區,北新庄子,車埕,577-1
三芝區,巴拉卡,,388,三芝區,北新庄子,車埕,578
三芝區,巴拉卡,,389,三芝區,北新庄子,車埕,579
三芝區,巴拉卡,,39,三芝區,北新庄子,田心子,320
三芝區,巴拉卡,,390,三芝區,北新庄子,車埕,580
三芝區,巴拉卡,,391,三芝區,北新庄子,車埕,581
三芝區,巴拉卡,,392,三芝區,北新庄子,車埕,582
三芝區,巴拉卡,,393,三芝區,北新庄子,車埕,583
三芝區,巴拉卡,,394,三芝區,北新庄子,車埕,584
三芝區,巴拉卡,,395,三芝區,北新庄子,車埕,586
三芝區,巴拉卡,,396,三芝區,北新庄子,車埕,587
三芝區,巴拉卡,,397,三芝區,北新庄子,車埕,588
三芝區,巴拉卡,,398,三芝區,北新庄子,車埕,589
三芝區,巴拉卡,,399,三芝區,北新庄子,車埕,590
三芝區,巴拉卡,,4,三芝區,北新庄子,車埕,397-2
三芝區,巴拉卡,,40,三芝區,北新庄子,田心子,321-2
三芝區,巴拉卡,,400,三芝區,北新庄子,車埕,591
三芝區,巴拉卡,,401,三芝區,北新庄子,車埕,593
三芝區,巴拉卡,,402,三芝區,北新庄子,車埕,593-1
三芝區,巴拉卡,,403,三芝區,北新庄子,車埕,594
三芝區,巴拉卡,,404,三芝區,北新庄子,車埕,569-4
三芝區,巴拉卡,,405,三芝區,北新庄子,車埕,596
三芝區,巴拉卡,,406,三芝區,北新庄子,車埕,597
三芝區,巴拉卡,,407,三芝區,北新庄子,車埕,599
三芝區,巴拉卡,,408,三芝區,北新庄子,車埕,604
三芝區,巴拉卡,,409,三芝區,北新庄子,車埕,604-2
三芝區,巴拉卡,,41,三芝區,北新庄子,田心子,345-2
三芝區,巴拉卡,,410,三芝區,北新庄子,車埕,605
三芝區,巴拉卡,,411,三芝區,北新庄子,車埕,605-1
三芝區,巴拉卡,,412,三芝區,北新庄子,車埕,606
三芝區,巴拉卡,,413,三芝區,北新庄子,車埕,608
三芝區,巴拉卡,,414,三芝區,北新庄子,車埕,596-1
三芝區,巴拉卡,,415,三芝區,北新庄子,車埕,608-1
三芝區,巴拉卡,,416,三芝區,北新庄子,車埕,610
三芝區,巴拉卡,,417,三芝區,北新庄子,車埕,610-1
三芝區,巴拉卡,,418,三芝區,北新庄子,車埕,610-2
三芝區,巴拉卡,,419,三芝區,北新庄子,車埕,610-3
三芝區,巴拉卡,,42,三芝區,北新庄子,車埕,397
三芝區,巴拉卡,,420,三芝區,北新庄子,車埕,610-6
三芝區,巴拉卡,,421,三芝區,北新庄子,車埕,612
三芝區,巴拉卡,,422,三芝區,北新庄子,車埕,613
三芝區,巴拉卡,,423,三芝區,北新庄子,車埕,614
三芝區,巴拉卡,,424,三芝區,北新庄子,車埕,604-3
三芝區,巴拉卡,,425,三芝區,北新庄子,車埕,614-1
三芝區,巴拉卡,,426,三芝區,北新庄子,車埕,615
三芝區,巴拉卡,,427,三芝區,北新庄子,車埕,615-1
三芝區,巴拉卡,,428,三芝區,北新庄子,車埕,615-2
三芝區,巴拉卡,,429,三芝區,北新庄子,車埕,616
三芝區,巴拉卡,,43,三芝區,北新庄子,車埕,419
三芝區,巴拉卡,,430,三芝區,北新庄子,車埕,618
三芝區,巴拉卡,,431,三芝區,北新庄子,車埕,618-1
三芝區,巴拉卡,,432,三芝區,北新庄子,車埕,619
三芝區,巴拉卡,,433,三芝區,北新庄子,車埕,620
三芝區,巴拉卡,,434,三芝區,北新庄子,車埕,621
三芝區,巴拉卡,,435,三芝區,北新庄子,車埕,621-1
三芝區,巴拉卡,,436,三芝區,北新庄子,車埕,622
三芝區,巴拉卡,,437,三芝區,北新庄子,車埕,622-1
三芝區,巴拉卡,,438,三芝區,北新庄子,車埕,622-2
三芝區,巴拉卡,,439,三芝區,北新庄子,車埕,622-3
三芝區,巴拉卡,,44,三芝區,北新庄子,車埕,523-7
三芝區,巴拉卡,,440,三芝區,北新庄子,車埕,622-4
三芝區,巴拉卡,,441,三芝區,北新庄子,車埕,623
三芝區,巴拉卡,,442,三芝區,北新庄子,車埕,624
三芝區,巴拉卡,,443,三芝區,北新庄子,車埕,625
三芝區,巴拉卡,,444,三芝區,北新庄子,車埕,610-4
三芝區,巴拉卡,,445,三芝區,北新庄子,車埕,626
三芝區,巴拉卡,,446,三芝區,北新庄子,車埕,626-1
三芝區,巴拉卡,,447,三芝區,北新庄子,車埕,626-2
三芝區,巴拉卡,,448,三芝區,北新庄子,車埕,610-5
三芝區,巴拉卡,,449,三芝區,北新庄子,車埕,626-3
三芝區,巴拉卡,,45,三芝區,北新庄子,車埕,420
三芝區,巴拉卡,,450,三芝區,北新庄子,車埕,626-4
三芝區,巴拉卡,,451,三芝區,北新庄子,車埕,626-5
三芝區,巴拉卡,,452,三芝區,北新庄子,車埕,627
三芝區,巴拉卡,,453,三芝區,北新庄子,車埕,628
三芝區,巴拉卡,,454,三芝區,北新庄子,車埕,626-6
三芝區,巴拉卡,,455,三芝區,北新庄子,車埕,628-1
三芝區,巴拉卡,,456,三芝區,北新庄子,車埕,628-2
三芝區,巴拉卡,,457,三芝區,北新庄子,車埕,628-7
三芝區,巴拉卡,,458,三芝區,北新庄子,車埕,629
三芝區,巴拉卡,,459,三芝區,北新庄子,車埕,629-1
三芝區,巴拉卡,,46,三芝區,北新庄子,車埕,421
三芝區,巴拉卡,,460,三芝區,北新庄子,車埕,630
三芝區,巴拉卡,,461,三芝區,北新庄子,車埕,630-1
三芝區,巴拉卡,,462,三芝區,北新庄子,車埕,630-2
三芝區,巴拉卡,,463,三芝區,北新庄子,車埕,630-3
三芝區,巴拉卡,,464,三芝區,北新庄子,車埕,631
三芝區,巴拉卡,,465,三芝區,北新庄子,車埕,631-1
三芝區,巴拉卡,,466,三芝區,北新庄子,車埕,632
三芝區,巴拉卡,,467,三芝區,北新庄子,車埕,633
三芝區,巴拉卡,,468,三芝區,北新庄子,車埕,634
三芝區,巴拉卡,,469,三芝區,北新庄子,車埕,635
三芝區,巴拉卡,,47,三芝區,北新庄子,車埕,422
三芝區,巴拉卡,,470,三芝區,北新庄子,車埕,636
三芝區,巴拉卡,,471,三芝區,北新庄子,車埕,637
三芝區,巴拉卡,,472,三芝區,北新庄子,車埕,638
三芝區,巴拉卡,,473,三芝區,北新庄子,車埕,640
三芝區,巴拉卡,,474,三芝區,北新庄子,車埕,627-3
三芝區,巴拉卡,,475,三芝區,北新庄子,車埕,640-1
三芝區,巴拉卡,,476,三芝區,北新庄子,車埕,641
三芝區,巴拉卡,,477,三芝區,北新庄子,車埕,641-1
三芝區,巴拉卡,,478,三芝區,北新庄子,車埕,641-2
三芝區,巴拉卡,,479,三芝區,北新庄子,車埕,642
三芝區,巴拉卡,,48,三芝區,北新庄子,車埕,423
三芝區,巴拉卡,,480,三芝區,北新庄子,車埕,643
三芝區,巴拉卡,,481,三芝區,北新庄子,車埕,644
三芝區,巴拉卡,,482,三芝區,北新庄子,車埕,644-1
三芝區,巴拉卡,,483,三芝區,北新庄子,車埕,644-3
三芝區,巴拉卡,,484,三芝區,北新庄子,車埕,627-4
三芝區,巴拉卡,,485,三芝區,北新庄子,車埕,644-4
三芝區,巴拉卡,,486,三芝區,北新庄子,車埕,647
三芝區,巴拉卡,,487,三芝區,北新庄子,車埕,648
三芝區,巴拉卡,,488,三芝區,北新庄子,車埕,648-1
三芝區,巴拉卡,,489,三芝區,北新庄子,車埕,649
三芝區,巴拉卡,,49,三芝區,北新庄子,車埕,424
三芝區,巴拉卡,,490,三芝區,北新庄子,車埕,650
三芝區,巴拉卡,,491,三芝區,北新庄子,車埕,651
三芝區,巴拉卡,,492,三芝區,北新庄子,車埕,651-1
三芝區,巴拉卡,,493,三芝區,北新庄子,車埕,652
三芝區,巴拉卡,,494,三芝區,北新庄子,車埕,654-1
三芝區,巴拉卡,,495,三芝區,北新庄子,車埕,655
三芝區,巴拉卡,,496,三芝區,北新庄子,車埕,656
三芝區,巴拉卡,,497,三芝區,北新庄子,車埕,656-1
三芝區,巴拉卡,,498,三芝區,北新庄子,車埕,656-2
三芝區,巴拉卡,,499,三芝區,北新庄子,車埕,658
三芝區,巴拉卡,,5,三芝區,北新庄子,田心子,317-5
三芝區,巴拉卡,,50,三芝區,北新庄子,車埕,426
三芝區,巴拉卡,,500,三芝區,北新庄子,車埕,659
三芝區,巴拉卡,,501,三芝區,北新庄子,車埕,660
三芝區,巴拉卡,,502,三芝區,北新庄子,車埕,661
三芝區,巴拉卡,,503,三芝區,北新庄子,車埕,661-2
三芝區,巴拉卡,,504,三芝區,北新庄子,車埕,628-3
三芝區,巴拉卡,,505,三芝區,北新庄子,車埕,663
三芝區,巴拉卡,,506,三芝區,北新庄子,車埕,664
三芝區,巴拉卡,,507,三芝區,北新庄子,車埕,667
三芝區,巴拉卡,,508,三芝區,北新庄子,車埕,668
三芝區,巴拉卡,,509,三芝區,北新庄子,車埕,668-1
三芝區,巴拉卡,,51,三芝區,北新庄子,車埕,426-1
三芝區,巴拉卡,,510,三芝區,北新庄子,車埕,668-2
三芝區,巴拉卡,,511,三芝區,北新庄子,車埕,668-3
三芝區,巴拉卡,,512,三芝區,北新庄子,車埕,668-4
三芝區,巴拉卡,,513,三芝區,北新庄子,車埕,669
三芝區,巴拉卡,,514,三芝區,北新庄子,車埕,628-4
三芝區,巴拉卡,,515,三芝區,北新庄子,車埕,670
三芝區,巴拉卡,,516,三芝區,北新庄子,車埕,671
三芝區,巴拉卡,,517,三芝區,北新庄子,車埕,672
三芝區,巴拉卡,,518,三芝區,北新庄子,車埕,674
三芝區,巴拉卡,,519,三芝區,北新庄子,車埕,676
三芝區,巴拉卡,,52,三芝區,北新庄子,車埕,426-2
三芝區,巴拉卡,,520,三芝區,北新庄子,車埕,676-4
三芝區,巴拉卡,,521,三芝區,北新庄子,車埕,676-5
三芝區,巴拉卡,,522,三芝區,北新庄子,車埕,676-6
三芝區,巴拉卡,,523,三芝區,北新庄子,車埕,676-7
三芝區,巴拉卡,,524,三芝區,北新庄子,車埕,628-5
三芝區,巴拉卡,,525,三芝區,北新庄子,車埕,676-8
三芝區,巴拉卡,,526,三芝區,北新庄子,車埕,676-9
三芝區,巴拉卡,,527,三芝區,北新庄子,車埕,676-10
三芝區,巴拉卡,,528,三芝區,北新庄子,車埕,676-11
三芝區,巴拉卡,,529,三芝區,北新庄子,車埕,676-12
三芝區,巴拉卡,,53,三芝區,北新庄子,車埕,428
三芝區,巴拉卡,,530,三芝區,北新庄子,車埕,676-13
三芝區,巴拉卡,,531,三芝區,北新庄子,車埕,676-14
三芝區,巴拉卡,,532,三芝區,北新庄子,車埕,676-15
三芝區,巴拉卡,,533,三芝區,北新庄子,車埕,676-16
三芝區,巴拉卡,,534,三芝區,北新庄子,車埕,676-17
三芝區,巴拉卡,,535,三芝區,北新庄子,車埕,676-18
三芝區,巴拉卡,,536,三芝區,北新庄子,車埕,676-19
三芝區,巴拉卡,,537,三芝區,北新庄子,車埕,676-20
三芝區,巴拉卡,,538,三芝區,北新庄子,車埕,676-21
三芝區,巴拉卡,,539,三芝區,北新庄子,車埕,676-22
三芝區,巴拉卡,,54,三芝區,北新庄子,車埕,524-4
三芝區,巴拉卡,,540,三芝區,北新庄子,車埕,676-23
三芝區,巴拉卡,,541,三芝區,北新庄子,車埕,676-24
三芝區,巴拉卡,,542,三芝區,北新庄子,車埕,676-25
三芝區,巴拉卡,,543,三芝區,北新庄子,車埕,676-26
三芝區,巴拉卡,,544,三芝區,北新庄子,車埕,628-6
三芝區,巴拉卡,,545,三芝區,北新庄子,車埕,676-27
三芝區,巴拉卡,,546,三芝區,北新庄子,車埕,676-28
三芝區,巴拉卡,,547,三芝區,北新庄子,車埕,676-29
三芝區,巴拉卡,,548,三芝區,北新庄子,車埕,676-30
三芝區,巴拉卡,,549,三芝區,北新庄子,車埕,676-31
三芝區,巴拉卡,,55,三芝區,北新庄子,車埕,432
三芝區,巴拉卡,,550,三芝區,北新庄子,車埕,676-32
三芝區,巴拉卡,,551,三芝區,北新庄子,車埕,676-33
三芝區,巴拉卡,,552,三芝區,北新庄子,車埕,676-34
三芝區,巴拉卡,,553,三芝區,北新庄子,車埕,676-35
三芝區,巴拉卡,,554,三芝區,北新庄子,車埕,630-4
三芝區,巴拉卡,,555,三芝區,北新庄子,車埕,676-36
三芝區,巴拉卡,,556,三芝區,北新庄子,車埕,676-37
三芝區,巴拉卡,,557,三芝區,北新庄子,車埕,676-38
三芝區,巴拉卡,,558,三芝區,北新庄子,車埕,676-39
三芝區,巴拉卡,,559,三芝區,北新庄子,車埕,676-40
三芝區,巴拉卡,,56,三芝區,北新庄子,車埕,433
三芝區,巴拉卡,,560,三芝區,北新庄子,車埕,676-41
三芝區,巴拉卡,,561,三芝區,北新庄子,車埕,676-42
三芝區,巴拉卡,,562,三芝區,北新庄子,車埕,676-43
三芝區,巴拉卡,,563,三芝區,北新庄子,車埕,676-44
三芝區,巴拉卡,,564,三芝區,北新庄子,車埕,676-45
三芝區,巴拉卡,,565,三芝區,北新庄子,車埕,676-46
三芝區,巴拉卡,,566,三芝區,北新庄子,車埕,676-47
三芝區,巴拉卡,,567,三芝區,北新庄子,車埕,676-48
三芝區,巴拉卡,,568,三芝區,北新庄子,車埕,676-49
三芝區,巴拉卡,,569,三芝區,北新庄子,車埕,676-50
三芝區,巴拉卡,,57,三芝區,北新庄子,車埕,433-1
三芝區,巴拉卡,,570,三芝區,北新庄子,車埕,676-51
三芝區,巴拉卡,,571,三芝區,北新庄子,車埕,676-52
三芝區,巴拉卡,,572,三芝區,北新庄子,車埕,676-53
三芝區,巴拉卡,,573,三芝區,北新庄子,車埕,676-54
三芝區,巴拉卡,,574,三芝區,北新庄子,車埕,630-5
三芝區,巴拉卡,,575,三芝區,北新庄子,車埕,676-55
三芝區,巴拉卡,,576,三芝區,北新庄子,車埕,676-56
三芝區,巴拉卡,,577,三芝區,北新庄子,車埕,676-57
三芝區,巴拉卡,,578,三芝區,北新庄子,車埕,676-58
三芝區,巴拉卡,,579,三芝區,北新庄子,車埕,676-59
三芝區,巴拉卡,,58,三芝區,北新庄子,車埕,436
三芝區,巴拉卡,,580,三芝區,北新庄子,車埕,676-60
三芝區,巴拉卡,,581,三芝區,北新庄子,車埕,676-61
三芝區,巴拉卡,,582,三芝區,北新庄子,車埕,676-62
三芝區,巴拉卡,,583,三芝區,北新庄子,車埕,676-63
三芝區,巴拉卡,,584,三芝區,北新庄子,車埕,637-1
三芝區,巴拉卡,,585,三芝區,北新庄子,車埕,676-64
三芝區,巴拉卡,,586,三芝區,北新庄子,車埕,676-65
三芝區,巴拉卡,,587,三芝區,北新庄子,車埕,676-66
三芝區,巴拉卡,,588,三芝區,北新庄子,車埕,676-67
三芝區,巴拉卡,,589,三芝區,北新庄子,車埕,678
三芝區,巴拉卡,,59,三芝區,北新庄子,車埕,437
三芝區,巴拉卡,,590,三芝區,北新庄子,車埕,681
三芝區,巴拉卡,,591,三芝區,北新庄子,車埕,682
三芝區,巴拉卡,,592,三芝區,北新庄子,車埕,683
三芝區,巴拉卡,,593,三芝區,北新庄子,車埕,684
三芝區,巴拉卡,,594,三芝區,北新庄子,車埕,528-8
三芝區,巴拉卡,,595,三芝區,北新庄子,車埕,528-9
三芝區,巴拉卡,,596,三芝區,北新庄子,車埕,528-10
三芝區,巴拉卡,,597,三芝區,北新庄子,車埕,528-11
三芝區,巴拉卡,,598,三芝區,北新庄子,車埕,528-12
三芝區,巴拉卡,,599,三芝區,北新庄子,車埕,528-13
三芝區,巴拉卡,,6,三芝區,北新庄子,田心子,317-6
三芝區,巴拉卡,,60,三芝區,北新庄子,車埕,438
三芝區,巴拉卡,,600,三芝區,北新庄子,車埕,528-16
三芝區,巴拉卡,,601,三芝區,北新庄子,車埕,528-17
三芝區,巴拉卡,,602,三芝區,北新庄子,車埕,528-18
三芝區,巴拉卡,,603,三芝區,北新庄子,車埕,528-1
三芝區,巴拉卡,,604,三芝區,北新庄子,車埕,641-4
三芝區,巴拉卡,,605,三芝區,北新庄子,車埕,528-19
三芝區,巴拉卡,,606,三芝區,北新庄子,車埕,528-20
三芝區,巴拉卡,,607,三芝區,北新庄子,車埕,528-21
三芝區,巴拉卡,,608,三芝區,北新庄子,車埕,528-22
三芝區,巴拉卡,,609,三芝區,北新庄子,車埕,528-45
三芝區,巴拉卡,,61,三芝區,北新庄子,車埕,439
三芝區,巴拉卡,,610,三芝區,北新庄子,車埕,528-23
三芝區,巴拉卡,,611,三芝區,北新庄子,車埕,528-24
三芝區,巴拉卡,,612,三芝區,北新庄子,車埕,528-46
三芝區,巴拉卡,,613,三芝區,北新庄子,車埕,528-25
三芝區,巴拉卡,,614,三芝區,北新庄子,車埕,644-2
三芝區,巴拉卡,,615,三芝區,北新庄子,車埕,528-26
三芝區,巴拉卡,,616,三芝區,北新庄子,車埕,528-27
三芝區,巴拉卡,,617,三芝區,北新庄子,車埕,528-28
三芝區,巴拉卡,,618,三芝區,北新庄子,車埕,528-2
三芝區,巴拉卡,,619,三芝區,北新庄子,車埕,692
三芝區,巴拉卡,,62,三芝區,北新庄子,車埕,441
三芝區,巴拉卡,,620,三芝區,北新庄子,車埕,692-3
三芝區,巴拉卡,,621,三芝區,北新庄子,車埕,692-4
三芝區,巴拉卡,,622,三芝區,北新庄子,車埕,692-5
三芝區,巴拉卡,,623,三芝區,北新庄子,車埕,692-6
三芝區,巴拉卡,,624,三芝區,北新庄子,車埕,644-5
三芝區,巴拉卡,,625,三芝區,北新庄子,車埕,692-7
三芝區,巴拉卡,,626,三芝區,北新庄子,車埕,694
三芝區,巴拉卡,,627,三芝區,北新庄子,車埕,696
三芝區,巴拉卡,,628,三芝區,北新庄子,車埕,697
三芝區,巴拉卡,,629,三芝區,北新庄子,車埕,697-1
三芝區,巴拉卡,,63,三芝區,北新庄子,車埕,442
三芝區,巴拉卡,,630,三芝區,北新庄子,車埕,697-5
三芝區,巴拉卡,,631,三芝區,北新庄子,車埕,698-1
三芝區,巴拉卡,,632,三芝區,北新庄子,車埕,699
三芝區,巴拉卡,,633,三芝區,北新庄子,車埕,700
三芝區,巴拉卡,,634,三芝區,北新庄子,車埕,701
三芝區,巴拉卡,,635,三芝區,北新庄子,車埕,701-1
三芝區,巴拉卡,,636,三芝區,北新庄子,車埕,701-2
三芝區,巴拉卡,,637,三芝區,北新庄子,車埕,702
三芝區,巴拉卡,,638,三芝區,北新庄子,車埕,702-1
三芝區,巴拉卡,,639,三芝區,北新庄子,車埕,702-2
三芝區,巴拉卡,,64,三芝區,北新庄子,車埕,443
三芝區,巴拉卡,,640,三芝區,北新庄子,車埕,702-3
三芝區,巴拉卡,,641,三芝區,北新庄子,車埕,702-4
三芝區,巴拉卡,,642,三芝區,北新庄子,車埕,703
三芝區,巴拉卡,,643,三芝區,北新庄子,車埕,704
三芝區,巴拉卡,,644,三芝區,北新庄子,車埕,689-2
三芝區,巴拉卡,,645,三芝區,北新庄子,車埕,704-1
三芝區,巴拉卡,,646,三芝區,北新庄子,車埕,704-2
三芝區,巴拉卡,,647,三芝區,北新庄子,車埕,705
三芝區,巴拉卡,,648,三芝區,北新庄子,車埕,705-1
三芝區,巴拉卡,,649,三芝區,北新庄子,車埕,705-2
三芝區,巴拉卡,,65,三芝區,北新庄子,車埕,445
三芝區,巴拉卡,,650,三芝區,北新庄子,車埕,705-3
三芝區,巴拉卡,,651,三芝區,北新庄子,車埕,706
三芝區,巴拉卡,,652,三芝區,北新庄子,車埕,706-1
三芝區,巴拉卡,,653,三芝區,北新庄子,車埕,707
三芝區,巴拉卡,,654,三芝區,北新庄子,車埕,697-2
三芝區,巴拉卡,,655,三芝區,北新庄子,車埕,707-1
三芝區,巴拉卡,,656,三芝區,北新庄子,車埕,708
三芝區,巴拉卡,,657,三芝區,北新庄子,車埕,708-1
三芝區,巴拉卡,,658,三芝區,北新庄子,車埕,709
三芝區,巴拉卡,,659,三芝區,北新庄子,車埕,709-1
三芝區,巴拉卡,,66,三芝區,北新庄子,車埕,446
三芝區,巴拉卡,,660,三芝區,北新庄子,車埕,709-2
三芝區,巴拉卡,,661,三芝區,北新庄子,車埕,710
三芝區,巴拉卡,,662,三芝區,北新庄子,車埕,711
三芝區,巴拉卡,,663,三芝區,北新庄子,車埕,712
三芝區,巴拉卡,,664,三芝區,北新庄子,車埕,712-1
三芝區,巴拉卡,,665,三芝區,北新庄子,車埕,712-2
三芝區,巴拉卡,,666,三芝區,北新庄子,車埕,712-3
三芝區,巴拉卡,,667,三芝區,北新庄子,車埕,712-4
三芝區,巴拉卡,,668,三芝區,北新庄子,車埕,712-5
三芝區,巴拉卡,,669,三芝區,北新庄子,車埕,712-6
三芝區,巴拉卡,,67,三芝區,北新庄子,車埕,447
三芝區,巴拉卡,,670,三芝區,北新庄子,車埕,712-7
三芝區,巴拉卡,,671,三芝區,北新庄子,車埕,712-8
三芝區,巴拉卡,,672,三芝區,北新庄子,車埕,712-9
三芝區,巴拉卡,,673,三芝區,北新庄子,車埕,712-10
三芝區,巴拉卡,,674,三芝區,北新庄子,車埕,713-26
三芝區,巴拉卡,,675,三芝區,北新庄子,車埕,712-11
三芝區,巴拉卡,,676,三芝區,北新庄子,車埕,712-12
三芝區,巴拉卡,,677,三芝區,北新庄子,車埕,712-13
三芝區,巴拉卡,,678,三芝區,北新庄子,車埕,712-14
三芝區,巴拉卡,,679,三芝區,北新庄子,車埕,712-15
三芝區,巴拉卡,,68,三芝區,北新庄子,車埕,448
三芝區,巴拉卡,,680,三芝區,北新庄子,車埕,712-16
三芝區,巴拉卡,,681,三芝區,北新庄子,車埕,712-17
三芝區,巴拉卡,,682,三芝區,北新庄子,車埕,712-18
三芝區,巴拉卡,,683,三芝區,北新庄子,車埕,712-19
三芝區,巴拉卡,,684,三芝區,北新庄子,車埕,713-27
三芝區,巴拉卡,,685,三芝區,北新庄子,車埕,712-20
三芝區,巴拉卡,,686,三芝區,北新庄子,車埕,712-21
三芝區,巴拉卡,,687,三芝區,北新庄子,車埕,712-22
三芝區,巴拉卡,,688,三芝區,北新庄子,車埕,712-23
三芝區,巴拉卡,,689,三芝區,北新庄子,車埕,712-24
三芝區,巴拉卡,,69,三芝區,北新庄子,車埕,448-1
三芝區,巴拉卡,,690,三芝區,北新庄子,車埕,712-25
三芝區,巴拉卡,,691,三芝區,北新庄子,車埕,712-26
三芝區,巴拉卡,,692,三芝區,北新庄子,車埕,713
三芝區,巴拉卡,,693,三芝區,北新庄子,車埕,713-1
三芝區,巴拉卡,,694,三芝區,北新庄子,車埕,713-2
三芝區,巴拉卡,,695,三芝區,北新庄子,車埕,713-3
三芝區,巴拉卡,,696,三芝區,北新庄子,車埕,713-4
三芝區,巴拉卡,,697,三芝區,北新庄子,車埕,713-5
三芝區,巴拉卡,,698,三芝區,北新庄子,車埕,713-6
三芝區,巴拉卡,,699,三芝區,北新庄子,車埕,713-7
三芝區,巴拉卡,,7,三芝區,北新庄子,田心子,317-7
三芝區,巴拉卡,,70,三芝區,北新庄子,車埕,448-2
三芝區,巴拉卡,,700,三芝區,北新庄子,車埕,713-8
三芝區,巴拉卡,,701,三芝區,北新庄子,車埕,713-9
三芝區,巴拉卡,,702,三芝區,北新庄子,車埕,713-10
三芝區,巴拉卡,,703,三芝區,北新庄子,車埕,713-11
三芝區,巴拉卡,,704,三芝區,北新庄子,車埕,713-28
三芝區,巴拉卡,,705,三芝區,北新庄子,車埕,713-12
三芝區,巴拉卡,,706,三芝區,北新庄子,車埕,713-13
三芝區,巴拉卡,,707,三芝區,北新庄子,車埕,713-14
三芝區,巴拉卡,,708,三芝區,北新庄子,車埕,713-15
三芝區,巴拉卡,,709,三芝區,北新庄子,車埕,713-16
三芝區,巴拉卡,,71,三芝區,北新庄子,車埕,449
三芝區,巴拉卡,,710,三芝區,北新庄子,車埕,713-17
三芝區,巴拉卡,,711,三芝區,北新庄子,車埕,713-18
三芝區,巴拉卡,,712,三芝區,北新庄子,車埕,713-19
三芝區,巴拉卡,,713,三芝區,北新庄子,車埕,713-20
三芝區,巴拉卡,,714,三芝區,北新庄子,車埕,713-29
三芝區,巴拉卡,,715,三芝區,北新庄子,車埕,713-21
三芝區,巴拉卡,,716,三芝區,北新庄子,車埕,714
三芝區,巴拉卡,,717,三芝區,北新庄子,車埕,714-1
三芝區,巴拉卡,,718,三芝區,北新庄子,車埕,714-2
三芝區,巴拉卡,,719,三芝區,北新庄子,車埕,714-3
三芝區,巴拉卡,,72,三芝區,北新庄子,車埕,450
三芝區,巴拉卡,,720,三芝區,北新庄子,車埕,714-4
三芝區,巴拉卡,,721,三芝區,北新庄子,車埕,714-6
三芝區,巴拉卡,,722,三芝區,北新庄子,車埕,714-7
三芝區,巴拉卡,,723,三芝區,北新庄子,車埕,714-8
三芝區,巴拉卡,,724,三芝區,北新庄子,車埕,714-5
三芝區,巴拉卡,,725,三芝區,北新庄子,車埕,714-9
三芝區,巴拉卡,,726,三芝區,北新庄子,車埕,714-10
三芝區,巴拉卡,,727,三芝區,北新庄子,車埕,714-11
三芝區,巴拉卡,,728,三芝區,北新庄子,車埕,714-12
三芝區,巴拉卡,,729,三芝區,北新庄子,車埕,714-13
三芝區,巴拉卡,,73,三芝區,北新庄子,車埕,450-1
三芝區,巴拉卡,,730,三芝區,北新庄子,車埕,714-14
三芝區,巴拉卡,,731,三芝區,北新庄子,車埕,714-15
三芝區,巴拉卡,,732,三芝區,北新庄子,車埕,714-16
三芝區,巴拉卡,,733,三芝區,北新庄子,車埕,714-17
三芝區,巴拉卡,,734,三芝區,北新庄子,車埕,714-18
三芝區,巴拉卡,,735,三芝區,北新庄子,車埕,714-19
三芝區,巴拉卡,,736,三芝區,北新庄子,車埕,714-20
三芝區,巴拉卡,,737,三芝區,北新庄子,車埕,714-21
三芝區,巴拉卡,,738,三芝區,北新庄子,車埕,714-22
三芝區,巴拉卡,,739,三芝區,北新庄子,車埕,714-23
三芝區,巴拉卡,,74,三芝區,北新庄子,車埕,524-5
三芝區,巴拉卡,,740,三芝區,北新庄子,車埕,714-24
三芝區,巴拉卡,,741,三芝區,北新庄子,車埕,714-25
三芝區,巴拉卡,,742,三芝區,北新庄子,車埕,715
三芝區,巴拉卡,,743,三芝區,北新庄子,車埕,715-1
三芝區,巴拉卡,,744,三芝區,北新庄子,車埕,714-26
三芝區,巴拉卡,,745,三芝區,北新庄子,車埕,716
三芝區,巴拉卡,,746,三芝區,北新庄子,車埕,716-2
三芝區,巴拉卡,,747,三芝區,北新庄子,車埕,716-3
三芝區,巴拉卡,,748,三芝區,北新庄子,車埕,716-1
三芝區,巴拉卡,,749,三芝區,北新庄子,車埕,716-4
三芝區,巴拉卡,,75,三芝區,北新庄子,車埕,451
三芝區,巴拉卡,,750,三芝區,北新庄子,車埕,716-5
三芝區,巴拉卡,,751,三芝區,北新庄子,車埕,716-6
三芝區,巴拉卡,,752,三芝區,北新庄子,車埕,716-7
三芝區,巴拉卡,,753,三芝區,北新庄子,車埕,716-8
三芝區,巴拉卡,,754,三芝區,北新庄子,車埕,716-10
三芝區,巴拉卡,,755,三芝區,北新庄子,車埕,716-9
三芝區,巴拉卡,,756,三芝區,北新庄子,車埕,716-12
三芝區,巴拉卡,,757,三芝區,北新庄子,車埕,716-13
三芝區,巴拉卡,,758,三芝區,北新庄子,車埕,716-14
三芝區,巴拉卡,,759,三芝區,北新庄子,車埕,717
三芝區,巴拉卡,,76,三芝區,北新庄子,車埕,451-1
三芝區,巴拉卡,,760,三芝區,北新庄子,車埕,717-1
三芝區,巴拉卡,,761,三芝區,北新庄子,車埕,717-2
三芝區,巴拉卡,,762,三芝區,北新庄子,車埕,717-3
三芝區,巴拉卡,,763,三芝區,北新庄子,車埕,717-4
三芝區,巴拉卡,,764,三芝區,北新庄子,車埕,717-5
三芝區,巴拉卡,,765,三芝區,北新庄子,車埕,717-6
三芝區,巴拉卡,,766,三芝區,北新庄子,車埕,717-7
三芝區,巴拉卡,,767,三芝區,北新庄子,車埕,717-8
三芝區,巴拉卡,,768,三芝區,北新庄子,車埕,717-9
三芝區,巴拉卡,,769,三芝區,北新庄子,車埕,717-10
三芝區,巴拉卡,,77,三芝區,北新庄子,車埕,451-2
三芝區,巴拉卡,,770,三芝區,北新庄子,車埕,717-11
三芝區,巴拉卡,,771,三芝區,北新庄子,車埕,717-12
三芝區,巴拉卡,,772,三芝區,北新庄子,車埕,717-13
三芝區,巴拉卡,,773,三芝區,北新庄子,車埕,717-14
三芝區,巴拉卡,,774,三芝區,北新庄子,車埕,716-11
三芝區,巴拉卡,,775,三芝區,北新庄子,車埕,717-15
三芝區,巴拉卡,,776,三芝區,北新庄子,車埕,717-16
三芝區,巴拉卡,,777,三芝區,北新庄子,車埕,717-17
三芝區,巴拉卡,,778,三芝區,北新庄子,車埕,717-18
三芝區,巴拉卡,,779,三芝區,北新庄子,車埕,718
三芝區,巴拉卡,,78,三芝區,北新庄子,車埕,451-3
三芝區,巴拉卡,,780,三芝區,北新庄子,車埕,718-1
三芝區,巴拉卡,,781,三芝區,北新庄子,車埕,718-2
三芝區,巴拉卡,,782,三芝區,北新庄子,車埕,719
三芝區,巴拉卡,,783,三芝區,北新庄子,車埕,719-1
三芝區,巴拉卡,,784,三芝區,北新庄子,車埕,723-2
三芝區,巴拉卡,,785,三芝區,北新庄子,車埕,720
三芝區,巴拉卡,,786,三芝區,北新庄子,車埕,720-1
三芝區,巴拉卡,,787,三芝區,北新庄子,車埕,720-2
三芝區,巴拉卡,,788,三芝區,北新庄子,車埕,720-3
三芝區,巴拉卡,,789,三芝區,北新庄子,車埕,720-4
三芝區,巴拉卡,,79,三芝區,北新庄子,車埕,452
三芝區,巴拉卡,,790,三芝區,北新庄子,車埕,720-5
三芝區,巴拉卡,,791,三芝區,北新庄子,車埕,720-6
三芝區,巴拉卡,,792,三芝區,北新庄子,車埕,720-7
三芝區,巴拉卡,,793,三芝區,北新庄子,車埕,720-8
三芝區,巴拉卡,,794,三芝區,北新庄子,車埕,720-9
三芝區,巴拉卡,,795,三芝區,北新庄子,車埕,720-10
三芝區,巴拉卡,,796,三芝區,北新庄子,車埕,720-11
三芝區,巴拉卡,,797,三芝區,北新庄子,車埕,720-12
三芝區,巴拉卡,,798,三芝區,北新庄子,車埕,720-13
三芝區,巴拉卡,,799,三芝區,北新庄子,車埕,720-14
三芝區,巴拉卡,,8,三芝區,北新庄子,田心子,317-8
三芝區,巴拉卡,,80,三芝區,北新庄子,車埕,453
三芝區,巴拉卡,,800,三芝區,北新庄子,車埕,720-15
三芝區,巴拉卡,,801,三芝區,北新庄子,車埕,720-16
三芝區,巴拉卡,,802,三芝區,北新庄子,車埕,720-17
三芝區,巴拉卡,,803,三芝區,北新庄子,車埕,720-18
三芝區,巴拉卡,,804,三芝區,北新庄子,車埕,724-3
三芝區,巴拉卡,,805,三芝區,北新庄子,車埕,720-19
三芝區,巴拉卡,,806,三芝區,北新庄子,車埕,720-20
三芝區,巴拉卡,,807,三芝區,北新庄子,車埕,720-21
三芝區,巴拉卡,,808,三芝區,北新庄子,車埕,720-22
三芝區,巴拉卡,,809,三芝區,北新庄子,車埕,720-23
三芝區,巴拉卡,,81,三芝區,北新庄子,車埕,454
三芝區,巴拉卡,,810,三芝區,北新庄子,車埕,720-24
三芝區,巴拉卡,,811,三芝區,北新庄子,車埕,720-25
三芝區,巴拉卡,,812,三芝區,北新庄子,車埕,720-26
三芝區,巴拉卡,,813,三芝區,北新庄子,車埕,721
三芝區,巴拉卡,,814,三芝區,北新庄子,車埕,724-4
三芝區,巴拉卡,,815,三芝區,北新庄子,車埕,721-1
三芝區,巴拉卡,,816,三芝區,北新庄子,車埕,722
三芝區,巴拉卡,,817,三芝區,北新庄子,車埕,722-1
三芝區,巴拉卡,,818,三芝區,北新庄子,車埕,722-2
三芝區,巴拉卡,,819,三芝區,北新庄子,車埕,722-3
三芝區,巴拉卡,,82,三芝區,北新庄子,車埕,454-1
三芝區,巴拉卡,,820,三芝區,北新庄子,車埕,722-4
三芝區,巴拉卡,,821,三芝區,北新庄子,車埕,722-5
三芝區,巴拉卡,,822,三芝區,北新庄子,車埕,722-6
三芝區,巴拉卡,,823,三芝區,北新庄子,車埕,722-7
三芝區,巴拉卡,,824,三芝區,北新庄子,車埕,726-3
三芝區,巴拉卡,,825,三芝區,北新庄子,車埕,722-8
三芝區,巴拉卡,,826,三芝區,北新庄子,車埕,723
三芝區,巴拉卡,,827,三芝區,北新庄子,車埕,723-1
三芝區,巴拉卡,,828,三芝區,北新庄子,車埕,724
三芝區,巴拉卡,,829,三芝區,北新庄子,車埕,725
三芝區,巴拉卡,,83,三芝區,北新庄子,車埕,455
三芝區,巴拉卡,,830,三芝區,北新庄子,車埕,725-1
三芝區,巴拉卡,,831,三芝區,北新庄子,車埕,725-2
三芝區,巴拉卡,,832,三芝區,北新庄子,車埕,725-3
三芝區,巴拉卡,,833,三芝區,北新庄子,車埕,725-4
三芝區,巴拉卡,,834,三芝區,北新庄子,車埕,725-5
三芝區,巴拉卡,,835,三芝區,北新庄子,車埕,725-6
三芝區,巴拉卡,,836,三芝區,北新庄子,車埕,726-1
三芝區,巴拉卡,,837,三芝區,北新庄子,車埕,726-2
三芝區,巴拉卡,,838,三芝區,北新庄子,車埕,727
三芝區,巴拉卡,,839,三芝區,北新庄子,車埕,727-1
三芝區,巴拉卡,,84,三芝區,北新庄子,車埕,525-2
三芝區,巴拉卡,,840,三芝區,北新庄子,車埕,727-2
三芝區,巴拉卡,,841,三芝區,北新庄子,車埕,727-3
三芝區,巴拉卡,,842,三芝區,北新庄子,車埕,727-4
三芝區,巴拉卡,,843,三芝區,北新庄子,車埕,728
三芝區,巴拉卡,,844,三芝區,北新庄子,車埕,735-1
三芝區,巴拉卡,,845,三芝區,北新庄子,車埕,728-1
三芝區,巴拉卡,,846,三芝區,北新庄子,車埕,728-2
三芝區,巴拉卡,,847,三芝區,北新庄子,車埕,728-3
三芝區,巴拉卡,,848,三芝區,北新庄子,車埕,728-4
三芝區,巴拉卡,,849,三芝區,北新庄子,車埕,728-5
三芝區,巴拉卡,,85,三芝區,北新庄子,車埕,456
三芝區,巴拉卡,,850,三芝區,北新庄子,車埕,728-7
三芝區,巴拉卡,,851,三芝區,北新庄子,車埕,728-8
三芝區,巴拉卡,,852,三芝區,北新庄子,車埕,728-9
三芝區,巴拉卡,,853,三芝區,北新庄子,車埕,728-11
三芝區,巴拉卡,,854,三芝區,北新庄子,車埕,736-3
三芝區,巴拉卡,,855,三芝區,北新庄子,車埕,728-12
三芝區,巴拉卡,,856,三芝區,北新庄子,車埕,728-13
三芝區,巴拉卡,,857,三芝區,北新庄子,車埕,728-14
三芝區,巴拉卡,,858,三芝區,北新庄子,車埕,728-15
三芝區,巴拉卡,,859,三芝區,北新庄子,車埕,728-16
三芝區,巴拉卡,,86,三芝區,北新庄子,車埕,457
三芝區,巴拉卡,,860,三芝區,北新庄子,車埕,728-17
三芝區,巴拉卡,,861,三芝區,北新庄子,車埕,728-18
三芝區,巴拉卡,,862,三芝區,北新庄子,車埕,728-19
三芝區,巴拉卡,,863,三芝區,北新庄子,車埕,728-20
三芝區,巴拉卡,,864,三芝區,北新庄子,車埕,728-21
三芝區,巴拉卡,,865,三芝區,北新庄子,車埕,728-22
三芝區,巴拉卡,,866,三芝區,北新庄子,車埕,728-24
三芝區,巴拉卡,,867,三芝區,北新庄子,車埕,728-25
三芝區,巴拉卡,,868,三芝區,北新庄子,車埕,733-8
三芝區,巴拉卡,,869,三芝區,北新庄子,車埕,733-9
三芝區,巴拉卡,,87,三芝區,北新庄子,車埕,458
三芝區,巴拉卡,,870,三芝區,北新庄子,車埕,728-28
三芝區,巴拉卡,,871,三芝區,北新庄子,車埕,728-29
三芝區,巴拉卡,,872,三芝區,北新庄子,車埕,728-34
三芝區,巴拉卡,,873,三芝區,北新庄子,車埕,728-30
三芝區,巴拉卡,,874,三芝區,北新庄子,車埕,743-26
三芝區,巴拉卡,,875,三芝區,北新庄子,車埕,728-35
三芝區,巴拉卡,,876,三芝區,北新庄子,車埕,728-10
三芝區,巴拉卡,,877,三芝區,北新庄子,車埕,728-31
三芝區,巴拉卡,,878,三芝區,北新庄子,車埕,728-32
三芝區,巴拉卡,,879,三芝區,北新庄子,車埕,728-33
三芝區,巴拉卡,,88,三芝區,北新庄子,車埕,459
三芝區,巴拉卡,,880,三芝區,北新庄子,車埕,728-36
三芝區,巴拉卡,,881,三芝區,北新庄子,車埕,729
三芝區,巴拉卡,,882,三芝區,北新庄子,車埕,729-1
三芝區,巴拉卡,,883,三芝區,北新庄子,車埕,729-2
三芝區,巴拉卡,,884,三芝區,北新庄子,車埕,747-1
三芝區,巴拉卡,,885,三芝區,北新庄子,車埕,729-3
三芝區,巴拉卡,,886,三芝區,北新庄子,車埕,729-4
三芝區,巴拉卡,,887,三芝區,北新庄子,車埕,729-5
三芝區,巴拉卡,,888,三芝區,北新庄子,車埕,729-6
三芝區,巴拉卡,,889,三芝區,北新庄子,車埕,729-8
三芝區,巴拉卡,,89,三芝區,北新庄子,車埕,460
三芝區,巴拉卡,,890,三芝區,北新庄子,車埕,729-7
三芝區,巴拉卡,,891,三芝區,北新庄子,車埕,730
三芝區,巴拉卡,,892,三芝區,北新庄子,車埕,730-1
三芝區,巴拉卡,,893,三芝區,北新庄子,車埕,730-2
三芝區,巴拉卡,,894,三芝區,北新庄子,車埕,730-3
三芝區,巴拉卡,,895,三芝區,北新庄子,車埕,730-4
三芝區,巴拉卡,,896,三芝區,北新庄子,車埕,731
三芝區,巴拉卡,,897,三芝區,北新庄子,車埕,731-1
三芝區,巴拉卡,,898,三芝區,北新庄子,車埕,731-2
三芝區,巴拉卡,,899,三芝區,北新庄子,車埕,732-1
三芝區,巴拉卡,,9,三芝區,北新庄子,田心子,317-9
三芝區,巴拉卡,,90,三芝區,北新庄子,車埕,461
三芝區,巴拉卡,,900,三芝區,北新庄子,車埕,732-2
三芝區,巴拉卡,,901,三芝區,北新庄子,車埕,732-3
三芝區,巴拉卡,,902,三芝區,北新庄子,車埕,733
三芝區,巴拉卡,,903,三芝區,北新庄子,車埕,733-2
三芝區,巴拉卡,,904,三芝區,北新庄子,車埕,749-3
三芝區,巴拉卡,,905,三芝區,北新庄子,車埕,733-3
三芝區,巴拉卡,,906,三芝區,北新庄子,車埕,733-4
三芝區,巴拉卡,,907,三芝區,北新庄子,車埕,733-5
三芝區,巴拉卡,,908,三芝區,北新庄子,車埕,733-7
三芝區,巴拉卡,,909,三芝區,北新庄子,車埕,733-10
三芝區,巴拉卡,,91,三芝區,北新庄子,車埕,463
三芝區,巴拉卡,,910,三芝區,北新庄子,車埕,733-11
三芝區,巴拉卡,,911,三芝區,北新庄子,車埕,733-12
三芝區,巴拉卡,,912,三芝區,北新庄子,車埕,733-13
三芝區,巴拉卡,,913,三芝區,北新庄子,車埕,728-26
三芝區,巴拉卡,,914,三芝區,北新庄子,車埕,757-8
三芝區,巴拉卡,,915,三芝區,北新庄子,車埕,728-27
三芝區,巴拉卡,,916,三芝區,北新庄子,車埕,733-14
三芝區,巴拉卡,,917,三芝區,北新庄子,車埕,733-15
三芝區,巴拉卡,,918,三芝區,北新庄子,車埕,733-17
三芝區,巴拉卡,,919,三芝區,北新庄子,車埕,733-18
三芝區,巴拉卡,,92,三芝區,北新庄子,車埕,464
三芝區,巴拉卡,,920,三芝區,北新庄子,車埕,733-19
三芝區,巴拉卡,,921,三芝區,北新庄子,車埕,733-20
三芝區,巴拉卡,,922,三芝區,北新庄子,車埕,734
三芝區,巴拉卡,,923,三芝區,北新庄子,車埕,734-4
三芝區,巴拉卡,,924,三芝區,北新庄子,車埕,773
三芝區,巴拉卡,,925,三芝區,北新庄子,車埕,734-5
三芝區,巴拉卡,,926,三芝區,北新庄子,車埕,734-6
三芝區,巴拉卡,,927,三芝區,北新庄子,車埕,734-7
三芝區,巴拉卡,,928,三芝區,北新庄子,車埕,734-8
三芝區,巴拉卡,,929,三芝區,北新庄子,車埕,735
三芝區,巴拉卡,,93,三芝區,北新庄子,車埕,466
三芝區,巴拉卡,,930,三芝區,北新庄子,車埕,736
三芝區,巴拉卡,,931,三芝區,北新庄子,車埕,736-1
三芝區,巴拉卡,,932,三芝區,北新庄子,車埕,736-2
三芝區,巴拉卡,,933,三芝區,北新庄子,車埕,737-1
三芝區,巴拉卡,,934,三芝區,北新庄子,車埕,737-2
三芝區,巴拉卡,,935,三芝區,北新庄子,車埕,737-3
三芝區,巴拉卡,,936,三芝區,北新庄子,車埕,737-5
三芝區,巴拉卡,,937,三芝區,北新庄子,車埕,740-2
三芝區,巴拉卡,,938,三芝區,北新庄子,車埕,741
三芝區,巴拉卡,,939,三芝區,北新庄子,車埕,741-1
三芝區,巴拉卡,,94,三芝區,北新庄子,車埕,467
三芝區,巴拉卡,,940,三芝區,北新庄子,車埕,741-5
三芝區,巴拉卡,,941,三芝區,北新庄子,車埕,741-6
三芝區,巴拉卡,,942,三芝區,北新庄子,車埕,741-7
三芝區,巴拉卡,,943,三芝區,北新庄子,車埕,741-11
三芝區,巴拉卡,,944,三芝區,北新庄子,車埕,782-1
三芝區,巴拉卡,,945,三芝區,北新庄子,車埕,742
三芝區,巴拉卡,,946,三芝區,北新庄子,車埕,742-1
三芝區,巴拉卡,,947,三芝區,北新庄子,車埕,743
三芝區,巴拉卡,,948,三芝區,北新庄子,車埕,743-1
三芝區,巴拉卡,,949,三芝區,北新庄子,車埕,743-2
三芝區,巴拉卡,,95,三芝區,北新庄子,車埕,468
三芝區,巴拉卡,,950,三芝區,北新庄子,車埕,743-3
三芝區,巴拉卡,,951,三芝區,北新庄子,車埕,743-4
三芝區,巴拉卡,,952,三芝區,北新庄子,車埕,743-5
三芝區,巴拉卡,,953,三芝區,北新庄子,車埕,743-6
三芝區,巴拉卡,,954,三芝區,北新庄子,車埕,783-2
三芝區,巴拉卡,,955,三芝區,北新庄子,車埕,743-7
三芝區,巴拉卡,,956,三芝區,北新庄子,車埕,743-8
三芝區,巴拉卡,,957,三芝區,北新庄子,車埕,743-9
三芝區,巴拉卡,,958,三芝區,北新庄子,車埕,743-10
三芝區,巴拉卡,,959,三芝區,北新庄子,車埕,743-14
三芝區,巴拉卡,,96,三芝區,北新庄子,車埕,469
三芝區,巴拉卡,,960,三芝區,北新庄子,車埕,743-15
三芝區,巴拉卡,,961,三芝區,北新庄子,車埕,743-16
三芝區,巴拉卡,,962,三芝區,北新庄子,車埕,743-17
三芝區,巴拉卡,,963,三芝區,北新庄子,車埕,743-18
三芝區,巴拉卡,,964,三芝區,北新庄子,車埕,743-19
三芝區,巴拉卡,,965,三芝區,北新庄子,車埕,743-20
三芝區,巴拉卡,,966,三芝區,北新庄子,車埕,743-21
三芝區,巴拉卡,,967,三芝區,北新庄子,車埕,743-22
三芝區,巴拉卡,,968,三芝區,北新庄子,車埕,743-23
三芝區,巴拉卡,,969,三芝區,北新庄子,車埕,743-24
三芝區,巴拉卡,,97,三芝區,北新庄子,車埕,470
三芝區,巴拉卡,,970,三芝區,北新庄子,車埕,743-25
三芝區,巴拉卡,,971,三芝區,北新庄子,車埕,743-27
三芝區,巴拉卡,,972,三芝區,北新庄子,車埕,743-28
三芝區,巴拉卡,,973,三芝區,北新庄子,車埕,744
三芝區,巴拉卡,,974,三芝區,北新庄子,車埕,794
三芝區,巴拉卡,,975,三芝區,北新庄子,車埕,744-3
三芝區,巴拉卡,,976,三芝區,北新庄子,車埕,744-4
三芝區,巴拉卡,,977,三芝區,北新庄子,車埕,744-5
三芝區,巴拉卡,,978,三芝區,北新庄子,車埕,794-1
三芝區,巴拉卡,,979,三芝區,北新庄子,車埕,744-6
三芝區,巴拉卡,,98,三芝區,北新庄子,車埕,471
三芝區,巴拉卡,,980,三芝區,北新庄子,車埕,744-7
三芝區,巴拉卡,,981,三芝區,北新庄子,車埕,744-8
三芝區,巴拉卡,,982,三芝區,北新庄子,車埕,744-9
三芝區,巴拉卡,,983,三芝區,北新庄子,車埕,744-10
三芝區,巴拉卡,,984,三芝區,北新庄子,車埕,795
三芝區,巴拉卡,,985,三芝區,北新庄子,車埕,745
三芝區,巴拉卡,,986,三芝區,北新庄子,車埕,745-1
三芝區,巴拉卡,,987,三芝區,北新庄子,車埕,822-1
三芝區,巴拉卡,,988,三芝區,北新庄子,車埕,745-2
三芝區,巴拉卡,,989,三芝區,北新庄子,車埕,745-3
三芝區,巴拉卡,,99,三芝區,北新庄子,車埕,475
三芝區,巴拉卡,,990,三芝區,北新庄子,車埕,745-4
三芝區,巴拉卡,,991,三芝區,北新庄子,車埕,745-5
三芝區,巴拉卡,,992,三芝區,北新庄子,車埕,745-6
三芝區,巴拉卡,,993,三芝區,北新庄子,車埕,745-7
三芝區,巴拉卡,,994,三芝區,北新庄子,車埕,745-8
三芝區,巴拉卡,,995,三芝區,北新庄子,車埕,745-9
三芝區,巴拉卡,,996,三芝區,北新庄子,車埕,745-10
三芝區,巴拉卡,,997,三芝區,北新庄子,車埕,745-11
三芝區,巴拉卡,,998,三芝區,北新庄子,車埕,746
三芝區,巴拉卡,,999,三芝區,北新庄子,車埕,746-1
三芝區,新庄,,1,三芝區,新小基隆,新庄子,1-53
三芝區,新庄,,10,三芝區,新小基隆,新庄子,1-43
三芝區,新庄,,100,三芝區,新小基隆,新庄子,2-20
三芝區,新庄,,1000,三芝區,新小基隆,蕃社後,48-12
三芝區,新庄,,1001,三芝區,新小基隆,蕃社後,49
三芝區,新庄,,1002,三芝區,新小基隆,蕃社後,49-4
三芝區,新庄,,1003,三芝區,新小基隆,蕃社後,49-15
三芝區,新庄,,1004,三芝區,新小基隆,蕃社後,49-18
三芝區,新庄,,1005,三芝區,新小基隆,蕃社後,48-14
三芝區,新庄,,1006,三芝區,新小基隆,蕃社後,48-1
三芝區,新庄,,1007,三芝區,新小基隆,蕃社後,64-9
三芝區,新庄,,1008,三芝區,新小基隆,蕃社後,64-21
三芝區,新庄,,1009,三芝區,新小基隆,蕃社後,64-16
三芝區,新庄,,101,三芝區,新小基隆,新庄子,1-33
三芝區,新庄,,1010,三芝區,新小基隆,蕃社後,64-5
三芝區,新庄,,1011,三芝區,新小基隆,蕃社後,64-20
三芝區,新庄,,1012,三芝區,新小基隆,蕃社後,59-4
三芝區,新庄,,1013,三芝區,新小基隆,蕃社後,49-20
三芝區,新庄,,1014,三芝區,新小基隆,蕃社後,51-6
三芝區,新庄,,1015,三芝區,新小基隆,蕃社後,51
三芝區,新庄,,1016,三芝區,新小基隆,蕃社後,49-5
三芝區,新庄,,1017,三芝區,新小基隆,蕃社後,49-10
三芝區,新庄,,1018,三芝區,新小基隆,蕃社後,48-20
三芝區,新庄,,1019,三芝區,新小基隆,蕃社後,48-19
三芝區,新庄,,102,三芝區,新小基隆,新庄子,2-14
三芝區,新庄,,1020,三芝區,新小基隆,蕃社後,48-18
三芝區,新庄,,1021,三芝區,新小基隆,蕃社後,48-4
三芝區,新庄,,1022,三芝區,新小基隆,蕃社後,48-3
三芝區,新庄,,1023,三芝區,新小基隆,蕃社後,45-4
三芝區,新庄,,1024,三芝區,新小基隆,蕃社後,45-5
三芝區,新庄,,1025,三芝區,新小基隆,蕃社後,45-10
三芝區,新庄,,1026,三芝區,新小基隆,蕃社後,46-2
三芝區,新庄,,1027,三芝區,新小基隆,蕃社後,46-1
三芝區,新庄,,1028,三芝區,新小基隆,蕃社後,46-3
三芝區,新庄,,1029,三芝區,新小基隆,蕃社後,45-15
三芝區,新庄,,103,三芝區,新小基隆,新庄子,2-16
三芝區,新庄,,1030,三芝區,新小基隆,蕃社後,45-9
三芝區,新庄,,1031,三芝區,新小基隆,蕃社後,45-14
三芝區,新庄,,1032,三芝區,新小基隆,蕃社後,45-13
三芝區,新庄,,1033,三芝區,新小基隆,蕃社後,45-6
三芝區,新庄,,1034,三芝區,新小基隆,蕃社後,45-19
三芝區,新庄,,1035,三芝區,新小基隆,蕃社後,45-18
三芝區,新庄,,1036,三芝區,新小基隆,蕃社後,47-11
三芝區,新庄,,1037,三芝區,新小基隆,蕃社後,47-1
三芝區,新庄,,1038,三芝區,新小基隆,蕃社後,48-17
三芝區,新庄,,1039,三芝區,新小基隆,蕃社後,48
三芝區,新庄,,104,三芝區,新小基隆,新庄子,2-18
三芝區,新庄,,1040,三芝區,新小基隆,蕃社後,48-13
三芝區,新庄,,1041,三芝區,新小基隆,蕃社後,43-1
三芝區,新庄,,1042,三芝區,新小基隆,蕃社後,43-5
三芝區,新庄,,1043,三芝區,新小基隆,蕃社後,43-10
三芝區,新庄,,1044,三芝區,新小基隆,蕃社後,43-8
三芝區,新庄,,1045,三芝區,新小基隆,蕃社後,28-15
三芝區,新庄,,1046,三芝區,新小基隆,蕃社後,28-3
三芝區,新庄,,1047,三芝區,新小基隆,蕃社後,28-16
三芝區,新庄,,1048,三芝區,新小基隆,蕃社後,28-19
三芝區,新庄,,1049,三芝區,新小基隆,蕃社後,28-14
三芝區,新庄,,105,三芝區,新小基隆,新庄子,2-17
三芝區,新庄,,1050,三芝區,新小基隆,蕃社後,28-2
三芝區,新庄,,1051,三芝區,新小基隆,蕃社後,27
三芝區,新庄,,1052,三芝區,新小基隆,蕃社後,28-26
三芝區,新庄,,1053,三芝區,新小基隆,蕃社後,28
三芝區,新庄,,1054,三芝區,新小基隆,蕃社後,28-6
三芝區,新庄,,1055,三芝區,新小基隆,蕃社後,28-20
三芝區,新庄,,1056,三芝區,新小基隆,蕃社後,28-4
三芝區,新庄,,1057,三芝區,新小基隆,蕃社後,28-13
三芝區,新庄,,1058,三芝區,新小基隆,蕃社後,28-12
三芝區,新庄,,1059,三芝區,新小基隆,蕃社後,28-18
三芝區,新庄,,106,三芝區,新小基隆,新庄子,2-9
三芝區,新庄,,1060,三芝區,新小基隆,蕃社後,29-7
三芝區,新庄,,1061,三芝區,新小基隆,蕃社後,29-8
三芝區,新庄,,1062,三芝區,新小基隆,蕃社後,29-9
三芝區,新庄,,1063,三芝區,新小基隆,蕃社後,29-15
三芝區,新庄,,1064,三芝區,新小基隆,蕃社後,29-18
三芝區,新庄,,1065,三芝區,新小基隆,蕃社後,29-2
三芝區,新庄,,1066,三芝區,新小基隆,蕃社後,28-17
三芝區,新庄,,1067,三芝區,新小基隆,蕃社後,29-17
三芝區,新庄,,1068,三芝區,新小基隆,蕃社後,29-14
三芝區,新庄,,1069,三芝區,新小基隆,蕃社後,29-6
三芝區,新庄,,107,三芝區,新小基隆,新庄子,2-11
三芝區,新庄,,1070,三芝區,新小基隆,蕃社後,29-19
三芝區,新庄,,1071,三芝區,新小基隆,蕃社後,29-12
三芝區,新庄,,1072,三芝區,新小基隆,蕃社後,30-2
三芝區,新庄,,1073,三芝區,新小基隆,蕃社後,30-5
三芝區,新庄,,1074,三芝區,新小基隆,蕃社後,30
三芝區,新庄,,1075,三芝區,新小基隆,蕃社後,29
三芝區,新庄,,1076,三芝區,新小基隆,蕃社後,30-3
三芝區,新庄,,1077,三芝區,新小基隆,蕃社後,30-7
三芝區,新庄,,1078,三芝區,新小基隆,蕃社後,28-25
三芝區,新庄,,1079,三芝區,新小基隆,蕃社後,29-11
三芝區,新庄,,108,三芝區,新小基隆,新庄子,2-10
三芝區,新庄,,1080,三芝區,新小基隆,蕃社後,29-16
三芝區,新庄,,1081,三芝區,新小基隆,蕃社後,30-6
三芝區,新庄,,1082,三芝區,新小基隆,蕃社後,30-8
三芝區,新庄,,1083,三芝區,新小基隆,新庄子,204-1
三芝區,新庄,,1084,三芝區,新小基隆,新庄子,205-5
三芝區,新庄,,1085,三芝區,新小基隆,新庄子,205-7
三芝區,新庄,,1086,三芝區,新小基隆,新庄子,205-6
三芝區,新庄,,1087,三芝區,新小基隆,新庄子,205-3
三芝區,新庄,,1088,三芝區,新小基隆,新庄子,205-2
三芝區,新庄,,1089,三芝區,新小基隆,新庄子,205-12
三芝區,新庄,,109,三芝區,新小基隆,新庄子,2-8
三芝區,新庄,,1090,三芝區,新小基隆,新庄子,205-13
三芝區,新庄,,1091,三芝區,新小基隆,新庄子,205-14
三芝區,新庄,,1092,三芝區,新小基隆,新庄子,205
三芝區,新庄,,1093,三芝區,新小基隆,新庄子,205-11
三芝區,新庄,,1094,三芝區,新小基隆,新庄子,205-4
三芝區,新庄,,1095,三芝區,新小基隆,新庄子,207
三芝區,新庄,,1096,三芝區,新小基隆,新庄子,208
三芝區,新庄,,1097,三芝區,新小基隆,新庄子,215-8
三芝區,新庄,,1098,三芝區,新小基隆,新庄子,215-7
三芝區,新庄,,1099,三芝區,新小基隆,新庄子,215
三芝區,新庄,,11,三芝區,新小基隆,新庄子,1-38
三芝區,新庄,,110,三芝區,新小基隆,新庄子,2-6
三芝區,新庄,,1100,三芝區,新小基隆,新庄子,215-6
三芝區,新庄,,1101,三芝區,新小基隆,新庄子,215-4
三芝區,新庄,,1102,三芝區,新小基隆,新庄子,215-5
三芝區,新庄,,1103,三芝區,新小基隆,新庄子,216
三芝區,新庄,,1104,三芝區,新小基隆,新庄子,215-2
三芝區,新庄,,1105,三芝區,新小基隆,新庄子,215-3
三芝區,新庄,,1106,三芝區,新小基隆,新庄子,148-21
三芝區,新庄,,1107,三芝區,新小基隆,新庄子,217-2
三芝區,新庄,,1108,三芝區,新小基隆,新庄子,213
三芝區,新庄,,1109,三芝區,新小基隆,新庄子,213-34
三芝區,新庄,,111,三芝區,新小基隆,新庄子,2-7
三芝區,新庄,,1110,三芝區,新小基隆,新庄子,213-33
三芝區,新庄,,1111,三芝區,新小基隆,新庄子,213-32
三芝區,新庄,,1112,三芝區,新小基隆,新庄子,213-9
三芝區,新庄,,1113,三芝區,新小基隆,新庄子,213-31
三芝區,新庄,,1114,三芝區,新小基隆,新庄子,213-30
三芝區,新庄,,1115,三芝區,新小基隆,新庄子,213-29
三芝區,新庄,,1116,三芝區,新小基隆,新庄子,213-1
三芝區,新庄,,1117,三芝區,新小基隆,新庄子,214-1
三芝區,新庄,,1118,三芝區,新小基隆,新庄子,214-5
三芝區,新庄,,1119,三芝區,新小基隆,新庄子,214-6
三芝區,新庄,,112,三芝區,新小基隆,新庄子,2-15
三芝區,新庄,,1120,三芝區,新小基隆,新庄子,214-7
三芝區,新庄,,1121,三芝區,新小基隆,新庄子,215-1
三芝區,新庄,,1122,三芝區,新小基隆,新庄子,209-1
三芝區,新庄,,1123,三芝區,新小基隆,新庄子,208-1
三芝區,新庄,,1124,三芝區,新小基隆,新庄子,206
三芝區,新庄,,1125,三芝區,新小基隆,新庄子,205-10
三芝區,新庄,,1126,三芝區,新小基隆,新庄子,209-5
三芝區,新庄,,1127,三芝區,新小基隆,新庄子,209-3
三芝區,新庄,,1128,三芝區,新小基隆,新庄子,209-2
三芝區,新庄,,1129,三芝區,新小基隆,新庄子,209-6
三芝區,新庄,,113,三芝區,新小基隆,新庄子,2-13
三芝區,新庄,,1130,三芝區,新小基隆,新庄子,209-4
三芝區,新庄,,1131,三芝區,新小基隆,新庄子,209
三芝區,新庄,,1132,三芝區,新小基隆,新庄子,210
三芝區,新庄,,1133,三芝區,新小基隆,新庄子,211
三芝區,新庄,,1134,三芝區,新小基隆,新庄子,212-4
三芝區,新庄,,1135,三芝區,新小基隆,新庄子,212-3
三芝區,新庄,,1136,三芝區,新小基隆,新庄子,212-2
三芝區,新庄,,1137,三芝區,新小基隆,新庄子,212
三芝區,新庄,,1138,三芝區,新小基隆,新庄子,214-14
三芝區,新庄,,1139,三芝區,新小基隆,新庄子,214-13
三芝區,新庄,,114,三芝區,新小基隆,新庄子,2-5
三芝區,新庄,,1140,三芝區,新小基隆,新庄子,214
三芝區,新庄,,1141,三芝區,新小基隆,新庄子,214-9
三芝區,新庄,,1142,三芝區,新小基隆,新庄子,214-10
三芝區,新庄,,1143,三芝區,新小基隆,新庄子,214-3
三芝區,新庄,,1144,三芝區,新小基隆,新庄子,214-12
三芝區,新庄,,1145,三芝區,新小基隆,新庄子,214-11
三芝區,新庄,,1146,三芝區,新小基隆,新庄子,214-4
三芝區,新庄,,1147,三芝區,新小基隆,新庄子,214-8
三芝區,新庄,,1148,三芝區,新小基隆,新庄子,214-15
三芝區,新庄,,1149,三芝區,新小基隆,新庄子,214-2
三芝區,新庄,,115,三芝區,新小基隆,新庄子,2-4
三芝區,新庄,,1150,三芝區,新小基隆,新庄子,212-5
三芝區,新庄,,1151,三芝區,新小基隆,新庄子,212-1
三芝區,新庄,,1152,三芝區,新小基隆,新庄子,212-6
三芝區,新庄,,1153,三芝區,新小基隆,新庄子,213-4
三芝區,新庄,,1154,三芝區,新小基隆,新庄子,213-24
三芝區,新庄,,1155,三芝區,新小基隆,新庄子,213-25
三芝區,新庄,,1156,三芝區,新小基隆,新庄子,213-26
三芝區,新庄,,1157,三芝區,新小基隆,新庄子,213-3
三芝區,新庄,,1158,三芝區,新小基隆,新庄子,213-27
三芝區,新庄,,1159,三芝區,新小基隆,新庄子,213-28
三芝區,新庄,,116,三芝區,新小基隆,新庄子,1-31
三芝區,新庄,,1160,三芝區,新小基隆,新庄子,213-5
三芝區,新庄,,1161,三芝區,新小基隆,新庄子,213-6
三芝區,新庄,,1162,三芝區,新小基隆,新庄子,213-7
三芝區,新庄,,1163,三芝區,新小基隆,新庄子,213-8
三芝區,新庄,,1164,三芝區,新小基隆,蕃社後,35-15
三芝區,新庄,,1165,三芝區,新小基隆,蕃社後,35-10
三芝區,新庄,,1166,三芝區,新小基隆,蕃社後,35-9
三芝區,新庄,,1167,三芝區,新小基隆,蕃社後,35-7
三芝區,新庄,,1168,三芝區,新小基隆,蕃社後,35-2
三芝區,新庄,,1169,三芝區,新小基隆,蕃社後,35-5
三芝區,新庄,,117,三芝區,新小基隆,新庄子,1-30
三芝區,新庄,,1170,三芝區,新小基隆,蕃社後,35-11
三芝區,新庄,,1171,三芝區,新小基隆,蕃社後,35-12
三芝區,新庄,,1172,三芝區,新小基隆,蕃社後,35-6
三芝區,新庄,,1173,三芝區,新小基隆,蕃社後,37-27
三芝區,新庄,,1174,三芝區,新小基隆,蕃社後,37-25
三芝區,新庄,,1175,三芝區,新小基隆,蕃社後,37-26
三芝區,新庄,,1176,三芝區,新小基隆,蕃社後,37
三芝區,新庄,,1177,三芝區,新小基隆,蕃社後,37-16
三芝區,新庄,,1178,三芝區,新小基隆,蕃社後,36
三芝區,新庄,,1179,三芝區,新小基隆,蕃社後,37-1
三芝區,新庄,,118,三芝區,新小基隆,新庄子,1-32
三芝區,新庄,,1180,三芝區,新小基隆,蕃社後,37-29
三芝區,新庄,,1181,三芝區,新小基隆,蕃社後,37-28
三芝區,新庄,,1182,三芝區,新小基隆,蕃社後,37-22
三芝區,新庄,,1183,三芝區,新小基隆,蕃社後,37-19
三芝區,新庄,,1184,三芝區,新小基隆,蕃社後,37-17
三芝區,新庄,,1185,三芝區,新小基隆,蕃社後,37-18
三芝區,新庄,,1186,三芝區,新小基隆,蕃社後,37-14
三芝區,新庄,,1187,三芝區,新小基隆,蕃社後,37-6
三芝區,新庄,,1188,三芝區,新小基隆,蕃社後,37-5
三芝區,新庄,,1189,三芝區,新小基隆,蕃社後,37-15
三芝區,新庄,,119,三芝區,新小基隆,新庄子,1-29
三芝區,新庄,,1190,三芝區,新小基隆,蕃社後,37-4
三芝區,新庄,,1191,三芝區,新小基隆,蕃社後,35-20
三芝區,新庄,,1192,三芝區,新小基隆,蕃社後,35-19
三芝區,新庄,,1193,三芝區,新小基隆,蕃社後,35-21
三芝區,新庄,,1194,三芝區,新小基隆,蕃社後,37-12
三芝區,新庄,,1195,三芝區,新小基隆,蕃社後,35-1
三芝區,新庄,,1196,三芝區,新小基隆,蕃社後,35-22
三芝區,新庄,,1197,三芝區,新小基隆,蕃社後,35-14
三芝區,新庄,,1198,三芝區,新小基隆,蕃社後,35-4
三芝區,新庄,,1199,三芝區,新小基隆,蕃社後,35-8
三芝區,新庄,,12,三芝區,新小基隆,新庄子,1-37
三芝區,新庄,,120,三芝區,新小基隆,新庄子,1-28
三芝區,新庄,,1200,三芝區,新小基隆,蕃社後,35-13
三芝區,新庄,,1201,三芝區,新小基隆,蕃社後,35-3
三芝區,新庄,,1202,三芝區,新小基隆,蕃社後,37-3
三芝區,新庄,,1203,三芝區,新小基隆,蕃社後,37-24
三芝區,新庄,,1204,三芝區,新小基隆,蕃社後,35
三芝區,新庄,,1205,三芝區,新小基隆,蕃社後,37-11
三芝區,新庄,,1206,三芝區,新小基隆,蕃社後,37-2
三芝區,新庄,,1207,三芝區,新小基隆,蕃社後,37-20
三芝區,新庄,,1208,三芝區,新小基隆,蕃社後,37-13
三芝區,新庄,,1209,三芝區,新小基隆,蕃社後,37-30
三芝區,新庄,,121,三芝區,新小基隆,新庄子,1-26
三芝區,新庄,,1210,三芝區,新小基隆,蕃社後,34-18
三芝區,新庄,,1211,三芝區,新小基隆,蕃社後,37-7
三芝區,新庄,,1212,三芝區,新小基隆,蕃社後,34-4
三芝區,新庄,,1213,三芝區,新小基隆,蕃社後,37-21
三芝區,新庄,,1214,三芝區,新小基隆,蕃社後,37-8
三芝區,新庄,,1215,三芝區,新小基隆,蕃社後,37-9
三芝區,新庄,,1216,三芝區,新小基隆,蕃社後,37-10
三芝區,新庄,,1217,三芝區,新小基隆,蕃社後,34-1
三芝區,新庄,,1218,三芝區,新小基隆,蕃社後,34-21
三芝區,新庄,,1219,三芝區,新小基隆,蕃社後,34-15
三芝區,新庄,,122,三芝區,新小基隆,新庄子,2-2
三芝區,新庄,,1220,三芝區,新小基隆,蕃社後,34-17
三芝區,新庄,,1221,三芝區,新小基隆,蕃社後,34-22
三芝區,新庄,,1222,三芝區,新小基隆,蕃社後,34
三芝區,新庄,,1223,三芝區,新小基隆,蕃社後,34-33
三芝區,新庄,,1224,三芝區,新小基隆,蕃社後,33-1
三芝區,新庄,,1225,三芝區,新小基隆,蕃社後,34-14
三芝區,新庄,,1226,三芝區,新小基隆,蕃社後,34-12
三芝區,新庄,,1227,三芝區,新小基隆,蕃社後,34-9
三芝區,新庄,,1228,三芝區,新小基隆,蕃社後,34-2
三芝區,新庄,,1229,三芝區,新小基隆,蕃社後,34-8
三芝區,新庄,,123,三芝區,新小基隆,新庄子,2
三芝區,新庄,,1230,三芝區,新小基隆,蕃社後,34-13
三芝區,新庄,,1231,三芝區,新小基隆,蕃社後,34-34
三芝區,新庄,,1232,三芝區,新小基隆,蕃社後,34-32
三芝區,新庄,,1233,三芝區,新小基隆,蕃社後,34-31
三芝區,新庄,,1234,三芝區,新小基隆,蕃社後,34-30
三芝區,新庄,,1235,三芝區,新小基隆,蕃社後,34-7
三芝區,新庄,,1236,三芝區,新小基隆,蕃社後,34-29
三芝區,新庄,,1237,三芝區,新小基隆,蕃社後,34-28
三芝區,新庄,,1238,三芝區,新小基隆,蕃社後,34-27
三芝區,新庄,,1239,三芝區,新小基隆,蕃社後,34-26
三芝區,新庄,,124,三芝區,新小基隆,新庄子,2-3
三芝區,新庄,,1240,三芝區,新小基隆,蕃社後,34-25
三芝區,新庄,,1241,三芝區,新小基隆,蕃社後,33
三芝區,新庄,,1242,三芝區,新小基隆,蕃社後,29-5
三芝區,新庄,,1243,三芝區,新小基隆,蕃社後,32
三芝區,新庄,,1244,三芝區,新小基隆,蕃社後,31-3
三芝區,新庄,,1245,三芝區,新小基隆,蕃社後,30-12
三芝區,新庄,,1246,三芝區,新小基隆,蕃社後,30-13
三芝區,新庄,,1247,三芝區,新小基隆,蕃社後,31-2
三芝區,新庄,,1248,三芝區,新小基隆,蕃社後,29-3
三芝區,新庄,,1249,三芝區,新小基隆,蕃社後,31-1
三芝區,新庄,,125,三芝區,新小基隆,新庄子,2-12
三芝區,新庄,,1250,三芝區,新小基隆,蕃社後,31
三芝區,新庄,,1251,三芝區,新小基隆,蕃社後,30-11
三芝區,新庄,,1252,三芝區,新小基隆,蕃社後,30-10
三芝區,新庄,,1253,三芝區,新小基隆,蕃社後,30-9
三芝區,新庄,,1254,三芝區,新小基隆,蕃社後,30-1
三芝區,新庄,,1255,三芝區,新小基隆,蕃社後,30-4
三芝區,新庄,,1256,三芝區,新小基隆,蕃社後,29-10
三芝區,新庄,,1257,三芝區,新小基隆,蕃社後,28-24
三芝區,新庄,,1258,三芝區,新小基隆,蕃社後,34-10
三芝區,新庄,,1259,三芝區,新小基隆,蕃社後,29-1
三芝區,新庄,,126,三芝區,新小基隆,新庄子,5-4
三芝區,新庄,,1260,三芝區,新小基隆,蕃社後,29-13
三芝區,新庄,,1261,三芝區,新小基隆,蕃社後,28-7
三芝區,新庄,,1262,三芝區,新小基隆,蕃社後,28-27
三芝區,新庄,,1263,三芝區,新小基隆,蕃社後,28-9
三芝區,新庄,,1264,三芝區,新小基隆,蕃社後,28-22
三芝區,新庄,,1265,三芝區,新小基隆,蕃社後,28-21
三芝區,新庄,,1266,三芝區,新小基隆,蕃社後,43-9
三芝區,新庄,,1267,三芝區,新小基隆,蕃社後,43-4
三芝區,新庄,,1268,三芝區,新小基隆,蕃社後,44
三芝區,新庄,,1269,三芝區,新小基隆,蕃社後,28-8
三芝區,新庄,,127,三芝區,新小基隆,新庄子,5-8
三芝區,新庄,,1270,三芝區,新小基隆,蕃社後,28-1
三芝區,新庄,,1271,三芝區,新小基隆,蕃社後,34-3
三芝區,新庄,,1272,三芝區,新小基隆,蕃社後,34-6
三芝區,新庄,,1273,三芝區,新小基隆,蕃社後,34-23
三芝區,新庄,,1274,三芝區,新小基隆,蕃社後,34-11
三芝區,新庄,,1275,三芝區,新小基隆,蕃社後,34-24
三芝區,新庄,,1276,三芝區,新小基隆,蕃社後,43
三芝區,新庄,,1277,三芝區,新小基隆,蕃社後,43-2
三芝區,新庄,,1278,三芝區,新小基隆,蕃社後,43-7
三芝區,新庄,,1279,三芝區,新小基隆,蕃社後,51-5
三芝區,新庄,,128,三芝區,新小基隆,新庄子,3
三芝區,新庄,,1280,三芝區,新小基隆,蕃社後,51-13
三芝區,新庄,,1281,三芝區,新小基隆,蕃社後,51-14
三芝區,新庄,,1282,三芝區,新小基隆,蕃社後,45-3
三芝區,新庄,,1283,三芝區,新小基隆,蕃社後,49-14
三芝區,新庄,,1284,三芝區,新小基隆,蕃社後,51-4
三芝區,新庄,,1285,三芝區,新小基隆,蕃社後,51-9
三芝區,新庄,,1286,三芝區,新小基隆,蕃社後,51-8
三芝區,新庄,,1287,三芝區,新小基隆,蕃社後,51-10
三芝區,新庄,,1288,三芝區,新小基隆,蕃社後,51-11
三芝區,新庄,,1289,三芝區,新小基隆,蕃社後,51-12
三芝區,新庄,,129,三芝區,新小基隆,新庄子,5-1
三芝區,新庄,,1290,三芝區,新小基隆,蕃社後,49-22
三芝區,新庄,,1291,三芝區,新小基隆,蕃社後,51-7
三芝區,新庄,,1292,三芝區,新小基隆,蕃社後,51-1
三芝區,新庄,,1293,三芝區,新小基隆,蕃社後,51-2
三芝區,新庄,,1294,三芝區,新小基隆,蕃社後,51-3
三芝區,新庄,,1295,三芝區,新小基隆,蕃社後,43-3
三芝區,新庄,,1296,三芝區,新小基隆,蕃社後,52-2
三芝區,新庄,,1297,三芝區,新小基隆,蕃社後,42-1
三芝區,新庄,,1298,三芝區,新小基隆,蕃社後,42-5
三芝區,新庄,,1299,三芝區,新小基隆,蕃社後,42
三芝區,新庄,,13,三芝區,新小基隆,新庄子,1-42
三芝區,新庄,,130,三芝區,新小基隆,新庄子,4
三芝區,新庄,,1300,三芝區,新小基隆,蕃社後,42-3
三芝區,新庄,,1301,三芝區,新小基隆,蕃社後,42-4
三芝區,新庄,,1302,三芝區,新小基隆,蕃社後,41-3
三芝區,新庄,,1303,三芝區,新小基隆,蕃社後,42-2
三芝區,新庄,,1304,三芝區,新小基隆,蕃社後,41-2
三芝區,新庄,,1305,三芝區,新小基隆,蕃社後,41-1
三芝區,新庄,,1306,三芝區,新小基隆,蕃社後,41
三芝區,新庄,,1307,三芝區,新小基隆,蕃社後,38
三芝區,新庄,,1308,三芝區,新小基隆,蕃社後,38-1
三芝區,新庄,,1309,三芝區,新小基隆,蕃社後,40-1
三芝區,新庄,,131,三芝區,新小基隆,新庄子,4-1
三芝區,新庄,,1310,三芝區,新小基隆,蕃社後,39
三芝區,新庄,,1311,三芝區,新小基隆,蕃社後,39-1
三芝區,新庄,,1312,三芝區,新小基隆,蕃社後,39-2
三芝區,新庄,,1313,三芝區,新小基隆,蕃社後,39-3
三芝區,新庄,,1314,三芝區,新小基隆,蕃社後,40
三芝區,新庄,,1315,三芝區,新小基隆,蕃社後,54-2
三芝區,新庄,,1316,三芝區,新小基隆,蕃社後,55
三芝區,新庄,,1317,三芝區,新小基隆,蕃社後,54-1
三芝區,新庄,,1318,三芝區,新小基隆,蕃社後,54-4
三芝區,新庄,,1319,三芝區,新小基隆,蕃社後,54
三芝區,新庄,,132,三芝區,新小基隆,新庄子,5-6
三芝區,新庄,,1320,三芝區,新小基隆,蕃社後,54-3
三芝區,新庄,,1321,三芝區,新小基隆,蕃社後,54-9
三芝區,新庄,,1322,三芝區,新小基隆,蕃社後,52-1
三芝區,新庄,,1323,三芝區,新小基隆,蕃社後,53
三芝區,新庄,,1324,三芝區,新小基隆,蕃社後,50
三芝區,新庄,,1325,三芝區,新小基隆,蕃社後,50-15
三芝區,新庄,,1326,三芝區,新小基隆,蕃社後,50-13
三芝區,新庄,,1327,三芝區,新小基隆,蕃社後,50-14
三芝區,新庄,,1328,三芝區,新小基隆,蕃社後,50-5
三芝區,新庄,,1329,三芝區,新小基隆,蕃社後,52
三芝區,新庄,,133,三芝區,新小基隆,新庄子,5
三芝區,新庄,,1330,三芝區,新小基隆,蕃社後,50-12
三芝區,新庄,,1331,三芝區,新小基隆,蕃社後,50-11
三芝區,新庄,,1332,三芝區,新小基隆,蕃社後,50-2
三芝區,新庄,,1333,三芝區,新小基隆,蕃社後,50-3
三芝區,新庄,,1334,三芝區,新小基隆,蕃社後,50-4
三芝區,新庄,,1335,三芝區,新小基隆,蕃社後,50-8
三芝區,新庄,,1336,三芝區,新小基隆,蕃社後,50-9
三芝區,新庄,,1337,三芝區,新小基隆,蕃社後,50-10
三芝區,新庄,,1338,三芝區,新小基隆,蕃社後,50-6
三芝區,新庄,,1339,三芝區,新小基隆,蕃社後,49-11
三芝區,新庄,,134,三芝區,新小基隆,新庄子,9
三芝區,新庄,,1340,三芝區,新小基隆,蕃社後,49-16
三芝區,新庄,,1341,三芝區,新小基隆,蕃社後,59-15
三芝區,新庄,,1342,三芝區,新小基隆,蕃社後,48-7
三芝區,新庄,,1343,三芝區,新小基隆,蕃社後,49-12
三芝區,新庄,,1344,三芝區,新小基隆,蕃社後,48-6
三芝區,新庄,,1345,三芝區,新小基隆,蕃社後,49-2
三芝區,新庄,,1346,三芝區,新小基隆,蕃社後,48-15
三芝區,新庄,,1347,三芝區,新小基隆,蕃社後,49-1
三芝區,新庄,,1348,三芝區,新小基隆,蕃社後,59-36
三芝區,新庄,,1349,三芝區,新小基隆,蕃社後,48-2
三芝區,新庄,,135,三芝區,新小基隆,新庄子,9-2
三芝區,新庄,,1350,三芝區,新小基隆,蕃社後,59-8
三芝區,新庄,,1351,三芝區,新小基隆,蕃社後,59-14
三芝區,新庄,,1352,三芝區,新小基隆,蕃社後,59
三芝區,新庄,,1353,三芝區,新小基隆,蕃社後,59-27
三芝區,新庄,,1354,三芝區,新小基隆,蕃社後,59-28
三芝區,新庄,,1355,三芝區,新小基隆,蕃社後,59-29
三芝區,新庄,,1356,三芝區,新小基隆,蕃社後,59-31
三芝區,新庄,,1357,三芝區,新小基隆,蕃社後,59-30
三芝區,新庄,,1358,三芝區,新小基隆,蕃社後,50-1
三芝區,新庄,,1359,三芝區,新小基隆,蕃社後,59-7
三芝區,新庄,,136,三芝區,新小基隆,新庄子,10
三芝區,新庄,,1360,三芝區,新小基隆,蕃社後,59-24
三芝區,新庄,,1361,三芝區,新小基隆,蕃社後,59-23
三芝區,新庄,,1362,三芝區,新小基隆,蕃社後,59-20
三芝區,新庄,,1363,三芝區,新小基隆,蕃社後,59-25
三芝區,新庄,,1364,三芝區,新小基隆,蕃社後,59-26
三芝區,新庄,,1365,三芝區,新小基隆,蕃社後,59-37
三芝區,新庄,,1366,三芝區,新小基隆,蕃社後,59-40
三芝區,新庄,,1367,三芝區,新小基隆,蕃社後,59-21
三芝區,新庄,,1368,三芝區,新小基隆,蕃社後,59-9
三芝區,新庄,,1369,三芝區,新小基隆,蕃社後,59-11
三芝區,新庄,,137,三芝區,新小基隆,新庄子,10-3
三芝區,新庄,,1370,三芝區,新小基隆,蕃社後,59-38
三芝區,新庄,,1371,三芝區,新小基隆,蕃社後,59-22
三芝區,新庄,,1372,三芝區,新小基隆,蕃社後,59-10
三芝區,新庄,,1373,三芝區,新小基隆,蕃社後,59-33
三芝區,新庄,,1374,三芝區,新小基隆,蕃社後,59-34
三芝區,新庄,,1375,三芝區,新小基隆,蕃社後,59-32
三芝區,新庄,,1376,三芝區,新小基隆,蕃社後,59-35
三芝區,新庄,,1377,三芝區,新小基隆,蕃社後,59-19
三芝區,新庄,,1378,三芝區,新小基隆,蕃社後,59-17
三芝區,新庄,,1379,三芝區,新小基隆,蕃社後,59-16
三芝區,新庄,,138,三芝區,新小基隆,新庄子,10-4
三芝區,新庄,,1380,三芝區,新小基隆,蕃社後,64-22
三芝區,新庄,,1381,三芝區,新小基隆,蕃社後,64-13
三芝區,新庄,,1382,三芝區,新小基隆,蕃社後,64-4
三芝區,新庄,,1383,三芝區,新小基隆,蕃社後,64-10
三芝區,新庄,,1384,三芝區,新小基隆,蕃社後,64-17
三芝區,新庄,,1385,三芝區,新小基隆,蕃社後,64-6
三芝區,新庄,,1386,三芝區,新小基隆,蕃社後,64
三芝區,新庄,,1387,三芝區,新小基隆,蕃社後,64-11
三芝區,新庄,,1388,三芝區,新小基隆,蕃社後,64-12
三芝區,新庄,,1389,三芝區,新小基隆,蕃社後,64-18
三芝區,新庄,,139,三芝區,新小基隆,新庄子,9-3
三芝區,新庄,,1390,三芝區,新小基隆,蕃社後,64-7
三芝區,新庄,,1391,三芝區,新小基隆,蕃社後,64-24
三芝區,新庄,,1392,三芝區,新小基隆,蕃社後,62
三芝區,新庄,,1393,三芝區,新小基隆,蕃社後,64-23
三芝區,新庄,,1394,三芝區,新小基隆,蕃社後,60-2
三芝區,新庄,,1395,三芝區,新小基隆,蕃社後,60-3
三芝區,新庄,,1396,三芝區,新小基隆,蕃社後,60-4
三芝區,新庄,,1397,三芝區,新小基隆,蕃社後,59-1
三芝區,新庄,,1398,三芝區,新小基隆,蕃社後,59-12
三芝區,新庄,,1399,三芝區,新小基隆,蕃社後,59-18
三芝區,新庄,,14,三芝區,新小基隆,新庄子,1-36
三芝區,新庄,,140,三芝區,新小基隆,新庄子,25
三芝區,新庄,,1400,三芝區,新小基隆,蕃社後,59-39
三芝區,新庄,,1401,三芝區,新小基隆,蕃社後,59-2
三芝區,新庄,,1402,三芝區,新小基隆,蕃社後,59-5
三芝區,新庄,,1403,三芝區,新小基隆,蕃社後,60
三芝區,新庄,,1404,三芝區,新小基隆,蕃社後,60-1
三芝區,新庄,,1405,三芝區,新小基隆,蕃社後,61
三芝區,新庄,,1406,三芝區,新小基隆,蕃社後,59-6
三芝區,新庄,,1407,三芝區,新小基隆,蕃社後,59-3
三芝區,新庄,,1408,三芝區,新小基隆,蕃社後,57
三芝區,新庄,,1409,三芝區,新小基隆,蕃社後,58
三芝區,新庄,,141,三芝區,新小基隆,新庄子,5-10
三芝區,新庄,,1410,三芝區,新小基隆,蕃社後,57-1
三芝區,新庄,,1411,三芝區,新小基隆,蕃社後,54-8
三芝區,新庄,,1412,三芝區,新小基隆,蕃社後,56-2
三芝區,新庄,,1413,三芝區,新小基隆,蕃社後,58-2
三芝區,新庄,,1414,三芝區,新小基隆,蕃社後,56-4
三芝區,新庄,,1415,三芝區,新小基隆,蕃社後,56-1
三芝區,新庄,,1416,三芝區,舊小基隆,舊庄,3-6
三芝區,新庄,,1417,三芝區,新小基隆,蕃社後,56-3
三芝區,新庄,,1418,三芝區,新小基隆,蕃社後,56
三芝區,新庄,,1419,三芝區,舊小基隆,舊庄,2-2
三芝區,新庄,,142,三芝區,新小基隆,新庄子,5-11
三芝區,新庄,,1420,三芝區,舊小基隆,舊庄,1
三芝區,新庄,,1421,三芝區,舊小基隆,舊庄,18-6
三芝區,新庄,,1422,三芝區,舊小基隆,舊庄,20-1
三芝區,新庄,,1423,三芝區,舊小基隆,舊庄,18-9
三芝區,新庄,,1424,三芝區,舊小基隆,舊庄,19-1
三芝區,新庄,,1425,三芝區,舊小基隆,舊庄,19
三芝區,新庄,,1426,三芝區,舊小基隆,舊庄,20
三芝區,新庄,,1427,三芝區,舊小基隆,舊庄,20-2
三芝區,新庄,,1428,三芝區,舊小基隆,舊庄,18-5
三芝區,新庄,,1429,三芝區,舊小基隆,舊庄,2
三芝區,新庄,,143,三芝區,新小基隆,新庄子,5-3
三芝區,新庄,,1430,三芝區,舊小基隆,舊庄,3
三芝區,新庄,,1431,三芝區,舊小基隆,舊庄,20-3
三芝區,新庄,,1432,三芝區,舊小基隆,舊庄,20-4
三芝區,新庄,,1433,三芝區,舊小基隆,舊庄,18-10
三芝區,新庄,,1434,三芝區,舊小基隆,舊庄,18
三芝區,新庄,,1435,三芝區,舊小基隆,舊庄,18-3
三芝區,新庄,,1436,三芝區,舊小基隆,舊庄,2-5
三芝區,新庄,,1437,三芝區,舊小基隆,舊庄,4-2
三芝區,新庄,,1438,三芝區,舊小基隆,舊庄,4-1
三芝區,新庄,,1439,三芝區,舊小基隆,舊庄,3-4
三芝區,新庄,,144,三芝區,新小基隆,新庄子,5-9
三芝區,新庄,,1440,三芝區,舊小基隆,舊庄,3-1
三芝區,新庄,,1441,三芝區,舊小基隆,舊庄,18-4
三芝區,新庄,,1442,三芝區,舊小基隆,舊庄,18-11
三芝區,新庄,,1443,三芝區,舊小基隆,舊庄,18-8
三芝區,新庄,,1444,三芝區,舊小基隆,舊庄,18-7
三芝區,新庄,,1445,三芝區,舊小基隆,舊庄,18-1
三芝區,新庄,,1446,三芝區,舊小基隆,舊庄,2-1
三芝區,新庄,,1447,三芝區,舊小基隆,舊庄,2-4
三芝區,新庄,,1448,三芝區,舊小基隆,舊庄,4
三芝區,新庄,,1449,三芝區,舊小基隆,舊庄,4-3
三芝區,新庄,,145,三芝區,新小基隆,新庄子,7
三芝區,新庄,,1450,三芝區,舊小基隆,舊庄,4-4
三芝區,新庄,,1451,三芝區,舊小基隆,舊庄,4-5
三芝區,新庄,,1452,三芝區,舊小基隆,舊庄,3-3
三芝區,新庄,,1453,三芝區,舊小基隆,舊庄,3-8
三芝區,新庄,,1454,三芝區,舊小基隆,舊庄,3-2
三芝區,新庄,,1455,三芝區,新小基隆,蕃社後,73-10
三芝區,新庄,,1456,三芝區,新小基隆,蕃社後,72-5
三芝區,新庄,,1457,三芝區,新小基隆,蕃社後,72-1
三芝區,新庄,,1458,三芝區,新小基隆,蕃社後,72-9
三芝區,新庄,,1459,三芝區,新小基隆,蕃社後,71-15
三芝區,新庄,,146,三芝區,新小基隆,新庄子,5-12
三芝區,新庄,,1460,三芝區,新小基隆,蕃社後,73-7
三芝區,新庄,,1461,三芝區,新小基隆,蕃社後,73-6
三芝區,新庄,,1462,三芝區,新小基隆,蕃社後,73-9
三芝區,新庄,,1463,三芝區,舊小基隆,舊庄,3-5
三芝區,新庄,,1464,三芝區,新小基隆,蕃社後,73-5
三芝區,新庄,,1465,三芝區,新小基隆,蕃社後,71-14
三芝區,新庄,,1466,三芝區,新小基隆,蕃社後,71-16
三芝區,新庄,,1467,三芝區,新小基隆,蕃社後,71-17
三芝區,新庄,,1468,三芝區,新小基隆,蕃社後,71-13
三芝區,新庄,,1469,三芝區,新小基隆,蕃社後,71-31
三芝區,新庄,,147,三芝區,新小基隆,新庄子,6
三芝區,新庄,,1470,三芝區,新小基隆,蕃社後,71-18
三芝區,新庄,,1471,三芝區,新小基隆,蕃社後,71-32
三芝區,新庄,,1472,三芝區,新小基隆,蕃社後,72-12
三芝區,新庄,,1473,三芝區,新小基隆,蕃社後,71-3
三芝區,新庄,,1474,三芝區,新小基隆,蕃社後,71-7
三芝區,新庄,,1475,三芝區,新小基隆,蕃社後,71-22
三芝區,新庄,,1476,三芝區,新小基隆,蕃社後,71-21
三芝區,新庄,,1477,三芝區,新小基隆,蕃社後,71-19
三芝區,新庄,,1478,三芝區,新小基隆,蕃社後,71-1
三芝區,新庄,,1479,三芝區,新小基隆,蕃社後,71-8
三芝區,新庄,,148,三芝區,新小基隆,新庄子,5-2
三芝區,新庄,,1480,三芝區,新小基隆,蕃社後,72-21
三芝區,新庄,,1481,三芝區,新小基隆,蕃社後,73-3
三芝區,新庄,,1482,三芝區,新小基隆,蕃社後,73-4
三芝區,新庄,,1483,三芝區,新小基隆,蕃社後,73
三芝區,新庄,,1484,三芝區,新小基隆,蕃社後,73-2
三芝區,新庄,,1485,三芝區,新小基隆,蕃社後,72-10
三芝區,新庄,,1486,三芝區,新小基隆,蕃社後,72-6
三芝區,新庄,,1487,三芝區,新小基隆,蕃社後,73-1
三芝區,新庄,,1488,三芝區,舊小基隆,舊庄,3-7
三芝區,新庄,,1489,三芝區,舊小基隆,舊庄,2-3
三芝區,新庄,,149,三芝區,新小基隆,新庄子,5-7
三芝區,新庄,,1490,三芝區,舊小基隆,舊庄,7-2
三芝區,新庄,,1491,三芝區,舊小基隆,舊庄,6-2
三芝區,新庄,,1492,三芝區,舊小基隆,舊庄,16-5
三芝區,新庄,,1493,三芝區,舊小基隆,舊庄,6-6
三芝區,新庄,,1494,三芝區,舊小基隆,舊庄,6-4
三芝區,新庄,,1495,三芝區,舊小基隆,舊庄,7-6
三芝區,新庄,,1496,三芝區,舊小基隆,舊庄,7-1
三芝區,新庄,,1497,三芝區,舊小基隆,舊庄,6
三芝區,新庄,,1498,三芝區,舊小基隆,舊庄,6-3
三芝區,新庄,,1499,三芝區,舊小基隆,舊庄,5
三芝區,新庄,,15,三芝區,新小基隆,新庄子,1-1
三芝區,新庄,,150,三芝區,新小基隆,新庄子,31
三芝區,新庄,,1500,三芝區,舊小基隆,舊庄,17-2
三芝區,新庄,,1501,三芝區,舊小基隆,舊庄,17-6
三芝區,新庄,,1502,三芝區,舊小基隆,舊庄,16-4
三芝區,新庄,,1503,三芝區,舊小基隆,舊庄,16
三芝區,新庄,,1504,三芝區,舊小基隆,舊庄,16-7
三芝區,新庄,,1505,三芝區,舊小基隆,舊庄,16-2
三芝區,新庄,,1506,三芝區,舊小基隆,舊庄,17-4
三芝區,新庄,,1507,三芝區,舊小基隆,舊庄,17-5
三芝區,新庄,,1508,三芝區,舊小基隆,舊庄,17
三芝區,新庄,,1509,三芝區,舊小基隆,舊庄,33-2
三芝區,新庄,,151,三芝區,新小基隆,新庄子,30
三芝區,新庄,,1510,三芝區,舊小基隆,舊庄,34-13
三芝區,新庄,,1511,三芝區,舊小基隆,舊庄,34-14
三芝區,新庄,,1512,三芝區,舊小基隆,舊庄,34-8
三芝區,新庄,,1513,三芝區,舊小基隆,舊庄,33-1
三芝區,新庄,,1514,三芝區,舊小基隆,舊庄,33-4
三芝區,新庄,,1515,三芝區,舊小基隆,舊庄,36-1
三芝區,新庄,,1516,三芝區,舊小基隆,舊庄,33-3
三芝區,新庄,,1517,三芝區,舊小基隆,舊庄,50-2
三芝區,新庄,,1518,三芝區,舊小基隆,舊庄,54-14
三芝區,新庄,,1519,三芝區,舊小基隆,舊庄,33
三芝區,新庄,,152,三芝區,新小基隆,新庄子,31-4
三芝區,新庄,,1520,三芝區,舊小基隆,舊庄,33-6
三芝區,新庄,,1521,三芝區,舊小基隆,舊庄,33-5
三芝區,新庄,,1522,三芝區,舊小基隆,舊庄,34-17
三芝區,新庄,,1523,三芝區,舊小基隆,舊庄,34-18
三芝區,新庄,,1524,三芝區,舊小基隆,舊庄,34
三芝區,新庄,,1525,三芝區,舊小基隆,舊庄,34-10
三芝區,新庄,,1526,三芝區,舊小基隆,舊庄,34-15
三芝區,新庄,,1527,三芝區,舊小基隆,舊庄,34-16
三芝區,新庄,,1528,三芝區,舊小基隆,舊庄,34-5
三芝區,新庄,,1529,三芝區,舊小基隆,舊庄,34-4
三芝區,新庄,,153,三芝區,新小基隆,新庄子,33
三芝區,新庄,,1530,三芝區,舊小基隆,舊庄,34-9
三芝區,新庄,,1531,三芝區,舊小基隆,舊庄,31-15
三芝區,新庄,,1532,三芝區,舊小基隆,舊庄,23-9
三芝區,新庄,,1533,三芝區,舊小基隆,舊庄,23-10
三芝區,新庄,,1534,三芝區,舊小基隆,舊庄,31-13
三芝區,新庄,,1535,三芝區,舊小基隆,舊庄,31-12
三芝區,新庄,,1536,三芝區,舊小基隆,舊庄,31-1
三芝區,新庄,,1537,三芝區,舊小基隆,舊庄,31-2
三芝區,新庄,,1538,三芝區,舊小基隆,舊庄,31-16
三芝區,新庄,,1539,三芝區,舊小基隆,舊庄,30
三芝區,新庄,,154,三芝區,新小基隆,新庄子,28-4
三芝區,新庄,,1540,三芝區,舊小基隆,舊庄,30-1
三芝區,新庄,,1541,三芝區,舊小基隆,舊庄,31-5
三芝區,新庄,,1542,三芝區,舊小基隆,舊庄,29
三芝區,新庄,,1543,三芝區,舊小基隆,舊庄,31-14
三芝區,新庄,,1544,三芝區,舊小基隆,舊庄,31-6
三芝區,新庄,,1545,三芝區,舊小基隆,舊庄,31-7
三芝區,新庄,,1546,三芝區,舊小基隆,舊庄,31-8
三芝區,新庄,,1547,三芝區,舊小基隆,舊庄,31-9
三芝區,新庄,,1548,三芝區,舊小基隆,舊庄,31
三芝區,新庄,,1549,三芝區,舊小基隆,舊庄,31-10
三芝區,新庄,,155,三芝區,新小基隆,新庄子,8-1
三芝區,新庄,,1550,三芝區,舊小基隆,舊庄,23-8
三芝區,新庄,,1551,三芝區,舊小基隆,舊庄,23
三芝區,新庄,,1552,三芝區,舊小基隆,舊庄,24-6
三芝區,新庄,,1553,三芝區,舊小基隆,舊庄,24-3
三芝區,新庄,,1554,三芝區,舊小基隆,舊庄,24-7
三芝區,新庄,,1555,三芝區,舊小基隆,舊庄,24-4
三芝區,新庄,,1556,三芝區,舊小基隆,舊庄,26-1
三芝區,新庄,,1557,三芝區,舊小基隆,舊庄,26
三芝區,新庄,,1558,三芝區,舊小基隆,舊庄,22
三芝區,新庄,,1559,三芝區,舊小基隆,舊庄,22-2
三芝區,新庄,,156,三芝區,新小基隆,新庄子,31-5
三芝區,新庄,,1560,三芝區,舊小基隆,舊庄,22-1
三芝區,新庄,,1561,三芝區,舊小基隆,舊庄,23-4
三芝區,新庄,,1562,三芝區,舊小基隆,舊庄,23-3
三芝區,新庄,,1563,三芝區,舊小基隆,舊庄,23-5
三芝區,新庄,,1564,三芝區,舊小基隆,舊庄,21
三芝區,新庄,,1565,三芝區,舊小基隆,舊庄,23-2
三芝區,新庄,,1566,三芝區,舊小基隆,舊庄,23-7
三芝區,新庄,,1567,三芝區,舊小基隆,舊庄,24-1
三芝區,新庄,,1568,三芝區,舊小基隆,舊庄,23-6
三芝區,新庄,,1569,三芝區,舊小基隆,舊庄,55-1
三芝區,新庄,,157,三芝區,新小基隆,新庄子,8
三芝區,新庄,,1570,三芝區,舊小基隆,舊庄,55-2
三芝區,新庄,,1571,三芝區,舊小基隆,舊庄,54-12
三芝區,新庄,,1572,三芝區,舊小基隆,舊庄,54-10
三芝區,新庄,,1573,三芝區,舊小基隆,舊庄,50-3
三芝區,新庄,,1574,三芝區,舊小基隆,舊庄,50
三芝區,新庄,,1575,三芝區,舊小基隆,舊庄,50-1
三芝區,新庄,,1576,三芝區,舊小基隆,舊庄,68-10
三芝區,新庄,,1577,三芝區,舊小基隆,舊庄,47-4
三芝區,新庄,,1578,三芝區,舊小基隆,舊庄,47-1
三芝區,新庄,,1579,三芝區,舊小基隆,舊庄,49-12
三芝區,新庄,,158,三芝區,新小基隆,新庄子,28
三芝區,新庄,,1580,三芝區,舊小基隆,舊庄,54-13
三芝區,新庄,,1581,三芝區,舊小基隆,舊庄,49-2
三芝區,新庄,,1582,三芝區,舊小基隆,舊庄,54-4
三芝區,新庄,,1583,三芝區,舊小基隆,舊庄,49-6
三芝區,新庄,,1584,三芝區,舊小基隆,舊庄,49-11
三芝區,新庄,,1585,三芝區,舊小基隆,舊庄,49-4
三芝區,新庄,,1586,三芝區,舊小基隆,舊庄,49-7
三芝區,新庄,,1587,三芝區,舊小基隆,舊庄,48-5
三芝區,新庄,,1588,三芝區,舊小基隆,舊庄,48-1
三芝區,新庄,,1589,三芝區,舊小基隆,舊庄,49-13
三芝區,新庄,,159,三芝區,新小基隆,新庄子,28-5
三芝區,新庄,,1590,三芝區,舊小基隆,舊庄,49-5
三芝區,新庄,,1591,三芝區,舊小基隆,舊庄,48-3
三芝區,新庄,,1592,三芝區,舊小基隆,舊庄,66-2
三芝區,新庄,,1593,三芝區,舊小基隆,舊庄,66-6
三芝區,新庄,,1594,三芝區,舊小基隆,舊庄,64-3
三芝區,新庄,,1595,三芝區,舊小基隆,舊庄,64-2
三芝區,新庄,,1596,三芝區,舊小基隆,舊庄,66-1
三芝區,新庄,,1597,三芝區,舊小基隆,舊庄,66-3
三芝區,新庄,,1598,三芝區,舊小基隆,舊庄,66-7
三芝區,新庄,,1599,三芝區,舊小基隆,舊庄,68-14
三芝區,新庄,,16,三芝區,新小基隆,新庄子,1-41
三芝區,新庄,,160,三芝區,新小基隆,新庄子,33-51
三芝區,新庄,,1600,三芝區,舊小基隆,舊庄,68-5
三芝區,新庄,,1601,三芝區,舊小基隆,舊庄,68-28
三芝區,新庄,,1602,三芝區,舊小基隆,舊庄,68-29
三芝區,新庄,,1603,三芝區,舊小基隆,舊庄,68-31
三芝區,新庄,,1604,三芝區,舊小基隆,舊庄,68-27
三芝區,新庄,,1605,三芝區,舊小基隆,舊庄,68-26
三芝區,新庄,,1606,三芝區,舊小基隆,舊庄,68-30
三芝區,新庄,,1607,三芝區,舊小基隆,舊庄,68-33
三芝區,新庄,,1608,三芝區,舊小基隆,舊庄,68-32
三芝區,新庄,,1609,三芝區,舊小基隆,舊庄,68-7
三芝區,新庄,,161,三芝區,新小基隆,新庄子,33-30
三芝區,新庄,,1610,三芝區,舊小基隆,舊庄,68-15
三芝區,新庄,,1611,三芝區,舊小基隆,舊庄,68-2
三芝區,新庄,,1612,三芝區,舊小基隆,舊庄,83-4
三芝區,新庄,,1613,三芝區,舊小基隆,舊庄,82-12
三芝區,新庄,,1614,三芝區,舊小基隆,舊庄,82-4
三芝區,新庄,,1615,三芝區,舊小基隆,舊庄,72-17
三芝區,新庄,,1616,三芝區,舊小基隆,舊庄,82-14
三芝區,新庄,,1617,三芝區,舊小基隆,舊庄,72-16
三芝區,新庄,,1618,三芝區,舊小基隆,舊庄,82-1
三芝區,新庄,,1619,三芝區,舊小基隆,舊庄,72-12
三芝區,新庄,,162,三芝區,新小基隆,新庄子,33-52
三芝區,新庄,,1620,三芝區,舊小基隆,舊庄,72
三芝區,新庄,,1621,三芝區,舊小基隆,舊庄,72-1
三芝區,新庄,,1622,三芝區,舊小基隆,舊庄,72-2
三芝區,新庄,,1623,三芝區,舊小基隆,舊庄,72-3
三芝區,新庄,,1624,三芝區,舊小基隆,舊庄,72-4
三芝區,新庄,,1625,三芝區,舊小基隆,舊庄,72-5
三芝區,新庄,,1626,三芝區,舊小基隆,舊庄,73
三芝區,新庄,,1627,三芝區,舊小基隆,舊庄,68-20
三芝區,新庄,,1628,三芝區,舊小基隆,舊庄,68-21
三芝區,新庄,,1629,三芝區,舊小基隆,舊庄,68-22
三芝區,新庄,,163,三芝區,新小基隆,新庄子,28-6
三芝區,新庄,,1630,三芝區,舊小基隆,舊庄,68-4
三芝區,新庄,,1631,三芝區,舊小基隆,舊庄,68-18
三芝區,新庄,,1632,三芝區,舊小基隆,舊庄,65
三芝區,新庄,,1633,三芝區,舊小基隆,舊庄,64-9
三芝區,新庄,,1634,三芝區,舊小基隆,舊庄,49-14
三芝區,新庄,,1635,三芝區,舊小基隆,舊庄,49-15
三芝區,新庄,,1636,三芝區,舊小基隆,舊庄,64-1
三芝區,新庄,,1637,三芝區,舊小基隆,舊庄,64-7
三芝區,新庄,,1638,三芝區,舊小基隆,舊庄,64-8
三芝區,新庄,,1639,三芝區,舊小基隆,舊庄,64-6
三芝區,新庄,,164,三芝區,新小基隆,新庄子,28-7
三芝區,新庄,,1640,三芝區,舊小基隆,舊庄,64-5
三芝區,新庄,,1641,三芝區,舊小基隆,舊庄,64
三芝區,新庄,,1642,三芝區,舊小基隆,舊庄,54-11
三芝區,新庄,,1643,三芝區,舊小基隆,舊庄,49-9
三芝區,新庄,,1644,三芝區,舊小基隆,舊庄,49
三芝區,新庄,,1645,三芝區,舊小基隆,舊庄,54-25
三芝區,新庄,,1646,三芝區,舊小基隆,舊庄,54-3
三芝區,新庄,,1647,三芝區,舊小基隆,舊庄,51-1
三芝區,新庄,,1648,三芝區,舊小基隆,舊庄,51-2
三芝區,新庄,,1649,三芝區,舊小基隆,舊庄,54-2
三芝區,新庄,,165,三芝區,新小基隆,新庄子,28-1
三芝區,新庄,,1650,三芝區,舊小基隆,舊庄,64-4
三芝區,新庄,,1651,三芝區,舊小基隆,舊庄,63-1
三芝區,新庄,,1652,三芝區,舊小基隆,舊庄,63
三芝區,新庄,,1653,三芝區,舊小基隆,舊庄,68-11
三芝區,新庄,,1654,三芝區,舊小基隆,舊庄,67
三芝區,新庄,,1655,三芝區,舊小基隆,舊庄,68-23
三芝區,新庄,,1656,三芝區,舊小基隆,舊庄,72-8
三芝區,新庄,,1657,三芝區,舊小基隆,舊庄,72-7
三芝區,新庄,,1658,三芝區,舊小基隆,舊庄,72-6
三芝區,新庄,,1659,三芝區,舊小基隆,舊庄,72-19
三芝區,新庄,,166,三芝區,新小基隆,新庄子,28-2
三芝區,新庄,,1660,三芝區,舊小基隆,舊庄,72-20
三芝區,新庄,,1661,三芝區,舊小基隆,舊庄,72-14
三芝區,新庄,,1662,三芝區,舊小基隆,舊庄,72-9
三芝區,新庄,,1663,三芝區,舊小基隆,舊庄,71-1
三芝區,新庄,,1664,三芝區,舊小基隆,舊庄,71
三芝區,新庄,,1665,三芝區,舊小基隆,舊庄,72-18
三芝區,新庄,,1666,三芝區,舊小基隆,舊庄,70
三芝區,新庄,,1667,三芝區,舊小基隆,舊庄,69
三芝區,新庄,,1668,三芝區,舊小基隆,舊庄,62
三芝區,新庄,,1669,三芝區,舊小基隆,舊庄,52-1
三芝區,新庄,,167,三芝區,新小基隆,新庄子,28-9
三芝區,新庄,,1670,三芝區,舊小基隆,舊庄,54-6
三芝區,新庄,,1671,三芝區,舊小基隆,舊庄,54-5
三芝區,新庄,,1672,三芝區,舊小基隆,舊庄,53
三芝區,新庄,,1673,三芝區,舊小基隆,舊庄,52-2
三芝區,新庄,,1674,三芝區,舊小基隆,舊庄,52
三芝區,新庄,,1675,三芝區,舊小基隆,舊庄,68
三芝區,新庄,,1676,三芝區,舊小基隆,舊庄,72-11
三芝區,新庄,,1677,三芝區,舊小基隆,舊庄,72-10
三芝區,新庄,,1678,三芝區,舊小基隆,舊庄,72-15
三芝區,新庄,,1679,三芝區,舊小基隆,舊庄,59
三芝區,新庄,,168,三芝區,新小基隆,新庄子,28-8
三芝區,新庄,,1680,三芝區,舊小基隆,舊庄,58
三芝區,新庄,,1681,三芝區,舊小基隆,舊庄,60
三芝區,新庄,,1682,三芝區,舊小基隆,舊庄,58-1
三芝區,新庄,,1683,三芝區,舊小基隆,舊庄,54
三芝區,新庄,,1684,三芝區,舊小基隆,舊庄,54-15
三芝區,新庄,,1685,三芝區,舊小基隆,舊庄,54-16
三芝區,新庄,,1686,三芝區,舊小基隆,舊庄,54-1
三芝區,新庄,,1687,三芝區,舊小基隆,舊庄,54-8
三芝區,新庄,,1688,三芝區,舊小基隆,舊庄,55
三芝區,新庄,,1689,三芝區,舊小基隆,舊庄,54-19
三芝區,新庄,,169,三芝區,新小基隆,新庄子,28-11
三芝區,新庄,,1690,三芝區,舊小基隆,舊庄,54-22
三芝區,新庄,,1691,三芝區,舊小基隆,舊庄,54-23
三芝區,新庄,,1692,三芝區,舊小基隆,舊庄,54-7
三芝區,新庄,,1693,三芝區,舊小基隆,舊庄,54-24
三芝區,新庄,,1694,三芝區,舊小基隆,舊庄,54-21
三芝區,新庄,,1695,三芝區,舊小基隆,舊庄,56-3
三芝區,新庄,,1696,三芝區,舊小基隆,舊庄,56-2
三芝區,新庄,,1697,三芝區,舊小基隆,舊庄,56-1
三芝區,新庄,,1698,三芝區,舊小基隆,舊庄,56
三芝區,新庄,,1699,三芝區,舊小基隆,舊庄,54-17
三芝區,新庄,,17,三芝區,新小基隆,新庄子,1-44
三芝區,新庄,,170,三芝區,新小基隆,新庄子,28-10
三芝區,新庄,,1700,三芝區,舊小基隆,舊庄,57-1
三芝區,新庄,,1701,三芝區,舊小基隆,舊庄,57-7
三芝區,新庄,,1702,三芝區,舊小基隆,舊庄,54-18
三芝區,新庄,,1703,三芝區,舊小基隆,舊庄,57
三芝區,新庄,,1704,三芝區,舊小基隆,舊庄,57-8
三芝區,新庄,,1705,三芝區,舊小基隆,舊庄,57-9
三芝區,新庄,,1706,三芝區,舊小基隆,舊庄,54-9
三芝區,新庄,,1707,三芝區,舊小基隆,舊庄,57-5
三芝區,新庄,,1708,三芝區,舊小基隆,舊庄,57-4
三芝區,新庄,,1709,三芝區,舊小基隆,舊庄,57-6
三芝區,新庄,,171,三芝區,新小基隆,新庄子,28-3
三芝區,新庄,,1710,三芝區,新小基隆,新庄子,147
三芝區,新庄,,1711,三芝區,新小基隆,新庄子,51-3
三芝區,新庄,,1712,三芝區,新小基隆,新庄子,10-7
三芝區,新庄,,1713,三芝區,新小基隆,新庄子,10-6
三芝區,新庄,,1714,三芝區,新小基隆,新庄子,10-5
三芝區,新庄,,1715,三芝區,新小基隆,新庄子,16
三芝區,新庄,,1716,三芝區,新小基隆,新庄子,2-19
三芝區,新庄,,1717,三芝區,新小基隆,新庄子,1-27
三芝區,新庄,,1718,三芝區,新小基隆,新庄子,1-12
三芝區,新庄,,1719,三芝區,新小基隆,蕃社後,17-7
三芝區,新庄,,172,三芝區,新小基隆,新庄子,26
三芝區,新庄,,1720,三芝區,新小基隆,蕃社後,18-13
三芝區,新庄,,1721,三芝區,新小基隆,新庄子,1-6
三芝區,新庄,,1722,三芝區,新小基隆,新庄子,1-49
三芝區,新庄,,1723,三芝區,新小基隆,蕃社後,28-11
三芝區,新庄,,1724,三芝區,新小基隆,蕃社後,43-6
三芝區,新庄,,1725,三芝區,新小基隆,蕃社後,28-23
三芝區,新庄,,1726,三芝區,舊小基隆,舊庄,31-4
三芝區,新庄,,1727,三芝區,新小基隆,蕃社後,34-5
三芝區,新庄,,1728,三芝區,新小基隆,新庄子,44-1
三芝區,新庄,,1729,三芝區,新小基隆,新庄子,44-5
三芝區,新庄,,173,三芝區,新小基隆,新庄子,27
三芝區,新庄,,1730,三芝區,新小基隆,蕃社後,49-19
三芝區,新庄,,1731,三芝區,新小基隆,蕃社後,50-7
三芝區,新庄,,1732,三芝區,新小基隆,蕃社後,54-7
三芝區,新庄,,1733,三芝區,新小基隆,蕃社後,64-19
三芝區,新庄,,1734,三芝區,新小基隆,蕃社後,71-27
三芝區,新庄,,1735,三芝區,舊小基隆,舊庄,72-13
三芝區,新庄,,1736,三芝區,新小基隆,蕃社後,82-3
三芝區,新庄,,1737,三芝區,舊小基隆,舊庄,105-16
三芝區,新庄,,1738,三芝區,新小基隆,新庄子,154-7
三芝區,新庄,,1739,三芝區,新小基隆,新庄子,173-3
三芝區,新庄,,174,三芝區,新小基隆,新庄子,27-1
三芝區,新庄,,1740,三芝區,新小基隆,新庄子,173-7
三芝區,新庄,,1741,三芝區,新小基隆,新庄子,177-1
三芝區,新庄,,1742,三芝區,新小基隆,新庄子,180
三芝區,新庄,,1743,三芝區,新小基隆,新庄子,179-3
三芝區,新庄,,1744,三芝區,新小基隆,新庄子,179-1
三芝區,新庄,,1745,三芝區,新小基隆,新庄子,179
三芝區,新庄,,1746,三芝區,新小基隆,新庄子,194-2
三芝區,新庄,,1747,三芝區,新小基隆,新庄子,203-3
三芝區,新庄,,1748,三芝區,新小基隆,新庄子,205-9
三芝區,新庄,,175,三芝區,新小基隆,新庄子,27-2
三芝區,新庄,,176,三芝區,新小基隆,新庄子,40-1
三芝區,新庄,,177,三芝區,新小基隆,新庄子,41-1
三芝區,新庄,,178,三芝區,新小基隆,新庄子,43
三芝區,新庄,,179,三芝區,新小基隆,新庄子,43-9
三芝區,新庄,,18,三芝區,新小基隆,新庄子,1-8
三芝區,新庄,,180,三芝區,新小基隆,新庄子,43-8
三芝區,新庄,,181,三芝區,新小基隆,新庄子,43-3
三芝區,新庄,,182,三芝區,新小基隆,新庄子,25-3
三芝區,新庄,,183,三芝區,新小基隆,新庄子,25-2
三芝區,新庄,,184,三芝區,新小基隆,新庄子,25-1
三芝區,新庄,,185,三芝區,新小基隆,新庄子,14
三芝區,新庄,,186,三芝區,新小基隆,新庄子,24
三芝區,新庄,,187,三芝區,新小基隆,新庄子,24-4
三芝區,新庄,,188,三芝區,新小基隆,新庄子,24-5
三芝區,新庄,,189,三芝區,新小基隆,新庄子,24-6
三芝區,新庄,,19,三芝區,新小基隆,新庄子,1-35
三芝區,新庄,,190,三芝區,新小基隆,新庄子,62
三芝區,新庄,,191,三芝區,新小基隆,新庄子,44
三芝區,新庄,,192,三芝區,新小基隆,新庄子,44-2
三芝區,新庄,,193,三芝區,新小基隆,新庄子,44-3
三芝區,新庄,,194,三芝區,新小基隆,新庄子,45
三芝區,新庄,,195,三芝區,新小基隆,新庄子,44-4
三芝區,新庄,,196,三芝區,新小基隆,新庄子,46-2
三芝區,新庄,,197,三芝區,新小基隆,新庄子,50-2
三芝區,新庄,,198,三芝區,新小基隆,新庄子,50-1
三芝區,新庄,,199,三芝區,新小基隆,新庄子,46-1
三芝區,新庄,,2,三芝區,新小基隆,新庄子,1-5
三芝區,新庄,,20,三芝區,新小基隆,新庄子,1-21
三芝區,新庄,,200,三芝區,新小基隆,新庄子,47
三芝區,新庄,,201,三芝區,新小基隆,新庄子,47-1
三芝區,新庄,,202,三芝區,新小基隆,新庄子,46
三芝區,新庄,,203,三芝區,新小基隆,新庄子,48
三芝區,新庄,,204,三芝區,新小基隆,新庄子,56
三芝區,新庄,,205,三芝區,新小基隆,新庄子,55-1
三芝區,新庄,,206,三芝區,新小基隆,新庄子,55
三芝區,新庄,,207,三芝區,新小基隆,新庄子,49
三芝區,新庄,,208,三芝區,新小基隆,新庄子,51-2
三芝區,新庄,,209,三芝區,新小基隆,新庄子,50
三芝區,新庄,,21,三芝區,新小基隆,新庄子,1-22
三芝區,新庄,,210,三芝區,新小基隆,新庄子,51
三芝區,新庄,,211,三芝區,新小基隆,新庄子,51-1
三芝區,新庄,,212,三芝區,新小基隆,新庄子,52
三芝區,新庄,,213,三芝區,新小基隆,新庄子,55-2
三芝區,新庄,,214,三芝區,新小基隆,新庄子,56-4
三芝區,新庄,,215,三芝區,新小基隆,新庄子,53
三芝區,新庄,,216,三芝區,新小基隆,新庄子,54
三芝區,新庄,,217,三芝區,新小基隆,新庄子,56-5
三芝區,新庄,,218,三芝區,新小基隆,新庄子,145
三芝區,新庄,,219,三芝區,新小基隆,新庄子,146
三芝區,新庄,,22,三芝區,新小基隆,新庄子,1-23
三芝區,新庄,,220,三芝區,新小基隆,新庄子,162
三芝區,新庄,,221,三芝區,新小基隆,新庄子,163
三芝區,新庄,,222,三芝區,新小基隆,新庄子,164
三芝區,新庄,,223,三芝區,新小基隆,新庄子,164-1
三芝區,新庄,,224,三芝區,新小基隆,新庄子,165
三芝區,新庄,,225,三芝區,新小基隆,新庄子,166
三芝區,新庄,,226,三芝區,新小基隆,新庄子,167
三芝區,新庄,,227,三芝區,新小基隆,新庄子,174-6
三芝區,新庄,,228,三芝區,新小基隆,新庄子,174-5
三芝區,新庄,,229,三芝區,新小基隆,新庄子,174-11
三芝區,新庄,,23,三芝區,新小基隆,新庄子,1-24
三芝區,新庄,,230,三芝區,新小基隆,新庄子,174-9
三芝區,新庄,,231,三芝區,新小基隆,新庄子,174-1
三芝區,新庄,,232,三芝區,新小基隆,新庄子,174-4
三芝區,新庄,,233,三芝區,新小基隆,新庄子,174-8
三芝區,新庄,,234,三芝區,新小基隆,新庄子,175-1
三芝區,新庄,,235,三芝區,新小基隆,新庄子,177-3
三芝區,新庄,,236,三芝區,新小基隆,新庄子,24-1
三芝區,新庄,,237,三芝區,新小基隆,新庄子,175
三芝區,新庄,,238,三芝區,新小基隆,新庄子,176
三芝區,新庄,,239,三芝區,新小基隆,新庄子,174-2
三芝區,新庄,,24,三芝區,新小基隆,新庄子,1-25
三芝區,新庄,,240,三芝區,新小基隆,新庄子,173-9
三芝區,新庄,,241,三芝區,新小基隆,新庄子,173-8
三芝區,新庄,,242,三芝區,新小基隆,新庄子,177
三芝區,新庄,,243,三芝區,新小基隆,新庄子,24-3
三芝區,新庄,,244,三芝區,新小基隆,新庄子,174
三芝區,新庄,,245,三芝區,新小基隆,新庄子,173-4
三芝區,新庄,,246,三芝區,新小基隆,新庄子,173-13
三芝區,新庄,,247,三芝區,新小基隆,新庄子,173-1
三芝區,新庄,,248,三芝區,新小基隆,新庄子,173-16
三芝區,新庄,,249,三芝區,新小基隆,新庄子,174-7
三芝區,新庄,,25,三芝區,新小基隆,新庄子,1-10
三芝區,新庄,,250,三芝區,新小基隆,新庄子,174-3
三芝區,新庄,,251,三芝區,新小基隆,新庄子,173-14
三芝區,新庄,,252,三芝區,新小基隆,新庄子,174-10
三芝區,新庄,,253,三芝區,新小基隆,新庄子,171-1
三芝區,新庄,,254,三芝區,新小基隆,新庄子,171
三芝區,新庄,,255,三芝區,新小基隆,新庄子,168-1
三芝區,新庄,,256,三芝區,新小基隆,新庄子,168
三芝區,新庄,,257,三芝區,新小基隆,新庄子,170-1
三芝區,新庄,,258,三芝區,新小基隆,新庄子,170
三芝區,新庄,,259,三芝區,新小基隆,新庄子,169
三芝區,新庄,,26,三芝區,新小基隆,新庄子,1-19
三芝區,新庄,,260,三芝區,新小基隆,新庄子,157-1
三芝區,新庄,,261,三芝區,新小基隆,新庄子,155-2
三芝區,新庄,,262,三芝區,新小基隆,新庄子,155-1
三芝區,新庄,,263,三芝區,新小基隆,新庄子,155
三芝區,新庄,,264,三芝區,新小基隆,新庄子,156
三芝區,新庄,,265,三芝區,新小基隆,新庄子,157
三芝區,新庄,,266,三芝區,新小基隆,新庄子,158-3
三芝區,新庄,,267,三芝區,新小基隆,新庄子,158
三芝區,新庄,,268,三芝區,新小基隆,新庄子,158-1
三芝區,新庄,,269,三芝區,新小基隆,新庄子,158-2
三芝區,新庄,,27,三芝區,新小基隆,新庄子,1-4
三芝區,新庄,,270,三芝區,新小基隆,新庄子,159
三芝區,新庄,,271,三芝區,新小基隆,新庄子,160-1
三芝區,新庄,,272,三芝區,新小基隆,新庄子,160
三芝區,新庄,,273,三芝區,新小基隆,新庄子,161
三芝區,新庄,,274,三芝區,新小基隆,新庄子,154-2
三芝區,新庄,,275,三芝區,新小基隆,新庄子,154-3
三芝區,新庄,,276,三芝區,新小基隆,新庄子,153-2
三芝區,新庄,,277,三芝區,新小基隆,新庄子,152-2
三芝區,新庄,,278,三芝區,新小基隆,新庄子,154-4
三芝區,新庄,,279,三芝區,新小基隆,新庄子,149-1
三芝區,新庄,,28,三芝區,新小基隆,新庄子,1-20
三芝區,新庄,,280,三芝區,新小基隆,新庄子,148-30
三芝區,新庄,,281,三芝區,新小基隆,新庄子,148-12
三芝區,新庄,,282,三芝區,新小基隆,新庄子,148-13
三芝區,新庄,,283,三芝區,新小基隆,新庄子,148-10
三芝區,新庄,,284,三芝區,新小基隆,新庄子,148-4
三芝區,新庄,,285,三芝區,新小基隆,新庄子,148
三芝區,新庄,,286,三芝區,新小基隆,新庄子,148-25
三芝區,新庄,,287,三芝區,新小基隆,新庄子,148-26
三芝區,新庄,,288,三芝區,新小基隆,新庄子,148-27
三芝區,新庄,,289,三芝區,新小基隆,新庄子,148-28
三芝區,新庄,,29,三芝區,新小基隆,新庄子,1-50
三芝區,新庄,,290,三芝區,新小基隆,新庄子,148-29
三芝區,新庄,,291,三芝區,新小基隆,新庄子,149-3
三芝區,新庄,,292,三芝區,新小基隆,新庄子,150-2
三芝區,新庄,,293,三芝區,新小基隆,新庄子,150-1
三芝區,新庄,,294,三芝區,新小基隆,新庄子,150
三芝區,新庄,,295,三芝區,新小基隆,新庄子,151
三芝區,新庄,,296,三芝區,新小基隆,新庄子,151-1
三芝區,新庄,,297,三芝區,新小基隆,新庄子,152
三芝區,新庄,,298,三芝區,新小基隆,新庄子,152-1
三芝區,新庄,,299,三芝區,新小基隆,新庄子,153-1
三芝區,新庄,,3,三芝區,新小基隆,新庄子,1-13
三芝區,新庄,,30,三芝區,新小基隆,新庄子,1-52
三芝區,新庄,,300,三芝區,新小基隆,新庄子,153
三芝區,新庄,,301,三芝區,新小基隆,新庄子,154
三芝區,新庄,,302,三芝區,新小基隆,新庄子,154-11
三芝區,新庄,,303,三芝區,新小基隆,新庄子,154-8
三芝區,新庄,,304,三芝區,新小基隆,新庄子,172-2
三芝區,新庄,,305,三芝區,新小基隆,新庄子,154-5
三芝區,新庄,,306,三芝區,新小基隆,新庄子,154-6
三芝區,新庄,,307,三芝區,新小基隆,新庄子,154-1
三芝區,新庄,,308,三芝區,新小基隆,新庄子,154-10
三芝區,新庄,,309,三芝區,新小基隆,新庄子,154-9
三芝區,新庄,,31,三芝區,新小基隆,新庄子,1-51
三芝區,新庄,,310,三芝區,新小基隆,新庄子,172-3
三芝區,新庄,,311,三芝區,新小基隆,新庄子,172-5
三芝區,新庄,,312,三芝區,新小基隆,新庄子,172-8
三芝區,新庄,,313,三芝區,新小基隆,新庄子,172-1
三芝區,新庄,,314,三芝區,新小基隆,新庄子,172-4
三芝區,新庄,,315,三芝區,新小基隆,新庄子,173-2
三芝區,新庄,,316,三芝區,新小基隆,新庄子,172-7
三芝區,新庄,,317,三芝區,新小基隆,新庄子,173-15
三芝區,新庄,,318,三芝區,新小基隆,新庄子,172
三芝區,新庄,,319,三芝區,新小基隆,新庄子,172-6
三芝區,新庄,,32,三芝區,新小基隆,新庄子,1-48
三芝區,新庄,,320,三芝區,新小基隆,新庄子,173
三芝區,新庄,,321,三芝區,新小基隆,新庄子,173-6
三芝區,新庄,,322,三芝區,新小基隆,新庄子,173-12
三芝區,新庄,,323,三芝區,新小基隆,新庄子,173-17
三芝區,新庄,,324,三芝區,新小基隆,新庄子,173-10
三芝區,新庄,,325,三芝區,新小基隆,新庄子,173-11
三芝區,新庄,,326,三芝區,新小基隆,新庄子,180-1
三芝區,新庄,,327,三芝區,新小基隆,新庄子,180-2
三芝區,新庄,,328,三芝區,新小基隆,新庄子,181
三芝區,新庄,,329,三芝區,新小基隆,新庄子,191
三芝區,新庄,,33,三芝區,新小基隆,新庄子,1-47
三芝區,新庄,,330,三芝區,新小基隆,新庄子,192
三芝區,新庄,,331,三芝區,新小基隆,新庄子,193
三芝區,新庄,,332,三芝區,新小基隆,新庄子,193-1
三芝區,新庄,,333,三芝區,新小基隆,新庄子,197
三芝區,新庄,,334,三芝區,新小基隆,新庄子,194-5
三芝區,新庄,,335,三芝區,新小基隆,新庄子,196
三芝區,新庄,,336,三芝區,新小基隆,新庄子,197-1
三芝區,新庄,,337,三芝區,新小基隆,新庄子,205-8
三芝區,新庄,,338,三芝區,新小基隆,新庄子,205-15
三芝區,新庄,,339,三芝區,新小基隆,新庄子,205-1
三芝區,新庄,,34,三芝區,新小基隆,新庄子,187-5
三芝區,新庄,,340,三芝區,新小基隆,新庄子,203-8
三芝區,新庄,,341,三芝區,新小基隆,新庄子,203
三芝區,新庄,,342,三芝區,新小基隆,新庄子,198
三芝區,新庄,,343,三芝區,新小基隆,新庄子,199
三芝區,新庄,,344,三芝區,新小基隆,新庄子,195
三芝區,新庄,,345,三芝區,新小基隆,新庄子,194-7
三芝區,新庄,,346,三芝區,新小基隆,新庄子,194-6
三芝區,新庄,,347,三芝區,新小基隆,新庄子,194
三芝區,新庄,,348,三芝區,新小基隆,新庄子,194-4
三芝區,新庄,,349,三芝區,新小基隆,新庄子,194-3
三芝區,新庄,,35,三芝區,新小基隆,新庄子,1-46
三芝區,新庄,,350,三芝區,新小基隆,新庄子,200
三芝區,新庄,,351,三芝區,新小基隆,新庄子,200-4
三芝區,新庄,,352,三芝區,新小基隆,新庄子,200-5
三芝區,新庄,,353,三芝區,新小基隆,新庄子,200-2
三芝區,新庄,,354,三芝區,新小基隆,新庄子,200-6
三芝區,新庄,,355,三芝區,新小基隆,新庄子,200-3
三芝區,新庄,,356,三芝區,新小基隆,新庄子,202-1
三芝區,新庄,,357,三芝區,新小基隆,新庄子,202
三芝區,新庄,,358,三芝區,新小基隆,新庄子,203-1
三芝區,新庄,,359,三芝區,新小基隆,新庄子,203-9
三芝區,新庄,,36,三芝區,新小基隆,新庄子,1-45
三芝區,新庄,,360,三芝區,新小基隆,新庄子,203-11
三芝區,新庄,,361,三芝區,新小基隆,新庄子,203-4
三芝區,新庄,,362,三芝區,新小基隆,新庄子,203-13
三芝區,新庄,,363,三芝區,新小基隆,新庄子,203-16
三芝區,新庄,,364,三芝區,新小基隆,新庄子,203-17
三芝區,新庄,,365,三芝區,新小基隆,新庄子,203-14
三芝區,新庄,,366,三芝區,新小基隆,新庄子,203-15
三芝區,新庄,,367,三芝區,新小基隆,新庄子,203-18
三芝區,新庄,,368,三芝區,新小基隆,新庄子,203-7
三芝區,新庄,,369,三芝區,新小基隆,新庄子,203-2
三芝區,新庄,,37,三芝區,新小基隆,新庄子,1-18
三芝區,新庄,,370,三芝區,新小基隆,新庄子,203-5
三芝區,新庄,,371,三芝區,新小基隆,新庄子,203-12
三芝區,新庄,,372,三芝區,新小基隆,新庄子,203-10
三芝區,新庄,,373,三芝區,新小基隆,新庄子,203-6
三芝區,新庄,,374,三芝區,新小基隆,蕃社後,23-4
三芝區,新庄,,375,三芝區,新小基隆,蕃社後,23-7
三芝區,新庄,,376,三芝區,新小基隆,蕃社後,23-3
三芝區,新庄,,377,三芝區,新小基隆,蕃社後,23-5
三芝區,新庄,,378,三芝區,新小基隆,蕃社後,23
三芝區,新庄,,379,三芝區,新小基隆,蕃社後,23-6
三芝區,新庄,,38,三芝區,新小基隆,新庄子,1-54
三芝區,新庄,,380,三芝區,新小基隆,蕃社後,17-5
三芝區,新庄,,381,三芝區,新小基隆,蕃社後,23-8
三芝區,新庄,,382,三芝區,新小基隆,蕃社後,17-2
三芝區,新庄,,383,三芝區,新小基隆,蕃社後,17-1
三芝區,新庄,,384,三芝區,新小基隆,蕃社後,17-4
三芝區,新庄,,385,三芝區,新小基隆,蕃社後,18
三芝區,新庄,,386,三芝區,新小基隆,蕃社後,17-6
三芝區,新庄,,387,三芝區,新小基隆,蕃社後,18-10
三芝區,新庄,,388,三芝區,新小基隆,蕃社後,18-22
三芝區,新庄,,389,三芝區,新小基隆,蕃社後,18-12
三芝區,新庄,,39,三芝區,新小基隆,新庄子,1-55
三芝區,新庄,,390,三芝區,新小基隆,蕃社後,18-21
三芝區,新庄,,391,三芝區,新小基隆,蕃社後,18-7
三芝區,新庄,,392,三芝區,新小基隆,蕃社後,18-8
三芝區,新庄,,393,三芝區,新小基隆,蕃社後,18-35
三芝區,新庄,,394,三芝區,新小基隆,蕃社後,18-36
三芝區,新庄,,395,三芝區,新小基隆,蕃社後,18-33
三芝區,新庄,,396,三芝區,新小基隆,蕃社後,18-34
三芝區,新庄,,397,三芝區,新小基隆,蕃社後,18-37
三芝區,新庄,,398,三芝區,新小基隆,蕃社後,18-11
三芝區,新庄,,399,三芝區,新小基隆,蕃社後,18-38
三芝區,新庄,,4,三芝區,新小基隆,新庄子,1-3
三芝區,新庄,,40,三芝區,新小基隆,新庄子,1-11
三芝區,新庄,,400,三芝區,新小基隆,蕃社後,18-32
三芝區,新庄,,401,三芝區,新小基隆,蕃社後,18-31
三芝區,新庄,,402,三芝區,新小基隆,蕃社後,18-39
三芝區,新庄,,403,三芝區,新小基隆,蕃社後,18-40
三芝區,新庄,,404,三芝區,新小基隆,蕃社後,18-30
三芝區,新庄,,405,三芝區,新小基隆,蕃社後,18-29
三芝區,新庄,,406,三芝區,新小基隆,蕃社後,18-41
三芝區,新庄,,407,三芝區,新小基隆,蕃社後,18-42
三芝區,新庄,,408,三芝區,新小基隆,蕃社後,18-28
三芝區,新庄,,409,三芝區,新小基隆,蕃社後,18-27
三芝區,新庄,,41,三芝區,新小基隆,新庄子,1-15
三芝區,新庄,,410,三芝區,新小基隆,蕃社後,18-43
三芝區,新庄,,411,三芝區,新小基隆,蕃社後,18-26
三芝區,新庄,,412,三芝區,新小基隆,蕃社後,18-25
三芝區,新庄,,413,三芝區,新小基隆,蕃社後,18-24
三芝區,新庄,,414,三芝區,新小基隆,蕃社後,18-23
三芝區,新庄,,415,三芝區,新小基隆,蕃社後,18-2
三芝區,新庄,,416,三芝區,新小基隆,蕃社後,18-3
三芝區,新庄,,417,三芝區,新小基隆,蕃社後,18-45
三芝區,新庄,,418,三芝區,新小基隆,蕃社後,18-44
三芝區,新庄,,419,三芝區,新小基隆,蕃社後,18-4
三芝區,新庄,,42,三芝區,新小基隆,新庄子,1-14
三芝區,新庄,,420,三芝區,新小基隆,蕃社後,1
三芝區,新庄,,421,三芝區,新小基隆,蕃社後,1-1
三芝區,新庄,,422,三芝區,新小基隆,蕃社後,1-2
三芝區,新庄,,423,三芝區,新小基隆,蕃社後,6-9
三芝區,新庄,,424,三芝區,新小基隆,蕃社後,6-1
三芝區,新庄,,425,三芝區,新小基隆,蕃社後,85
三芝區,新庄,,426,三芝區,新小基隆,蕃社後,91
三芝區,新庄,,427,三芝區,新小基隆,蕃社後,90-2
三芝區,新庄,,428,三芝區,新小基隆,蕃社後,90
三芝區,新庄,,429,三芝區,新小基隆,蕃社後,90-1
三芝區,新庄,,43,三芝區,新小基隆,新庄子,1-16
三芝區,新庄,,430,三芝區,新小基隆,蕃社後,87
三芝區,新庄,,431,三芝區,新小基隆,蕃社後,86-1
三芝區,新庄,,432,三芝區,新小基隆,蕃社後,86
三芝區,新庄,,433,三芝區,新小基隆,蕃社後,6-3
三芝區,新庄,,434,三芝區,新小基隆,蕃社後,6-4
三芝區,新庄,,435,三芝區,新小基隆,蕃社後,6-5
三芝區,新庄,,436,三芝區,新小基隆,蕃社後,6-6
三芝區,新庄,,437,三芝區,新小基隆,蕃社後,3-1
三芝區,新庄,,438,三芝區,新小基隆,蕃社後,3
三芝區,新庄,,439,三芝區,新小基隆,蕃社後,2
三芝區,新庄,,44,三芝區,新小基隆,新庄子,1-17
三芝區,新庄,,440,三芝區,新小基隆,蕃社後,18-14
三芝區,新庄,,441,三芝區,新小基隆,蕃社後,16-10
三芝區,新庄,,442,三芝區,新小基隆,蕃社後,18-6
三芝區,新庄,,443,三芝區,新小基隆,蕃社後,18-20
三芝區,新庄,,444,三芝區,新小基隆,蕃社後,1-3
三芝區,新庄,,445,三芝區,新小基隆,蕃社後,18-19
三芝區,新庄,,446,三芝區,新小基隆,蕃社後,18-1
三芝區,新庄,,447,三芝區,新小基隆,蕃社後,17-3
三芝區,新庄,,448,三芝區,新小基隆,蕃社後,16-2
三芝區,新庄,,449,三芝區,新小基隆,蕃社後,16-3
三芝區,新庄,,45,三芝區,新小基隆,新庄子,186-2
三芝區,新庄,,450,三芝區,新小基隆,蕃社後,16-9
三芝區,新庄,,451,三芝區,新小基隆,蕃社後,16-8
三芝區,新庄,,452,三芝區,新小基隆,蕃社後,16-5
三芝區,新庄,,453,三芝區,新小基隆,蕃社後,17
三芝區,新庄,,454,三芝區,新小基隆,蕃社後,18-15
三芝區,新庄,,455,三芝區,新小基隆,蕃社後,18-5
三芝區,新庄,,456,三芝區,新小基隆,蕃社後,17-8
三芝區,新庄,,457,三芝區,新小基隆,蕃社後,16-6
三芝區,新庄,,458,三芝區,新小基隆,蕃社後,16-4
三芝區,新庄,,459,三芝區,新小基隆,蕃社後,16-1
三芝區,新庄,,46,三芝區,新小基隆,新庄子,186-4
三芝區,新庄,,460,三芝區,新小基隆,蕃社後,15-1
三芝區,新庄,,461,三芝區,新小基隆,蕃社後,15
三芝區,新庄,,462,三芝區,新小基隆,蕃社後,15-2
三芝區,新庄,,463,三芝區,新小基隆,蕃社後,16-7
三芝區,新庄,,464,三芝區,新小基隆,蕃社後,20-6
三芝區,新庄,,465,三芝區,新小基隆,蕃社後,20-5
三芝區,新庄,,466,三芝區,新小基隆,蕃社後,20-4
三芝區,新庄,,467,三芝區,新小基隆,蕃社後,20-1
三芝區,新庄,,468,三芝區,新小基隆,蕃社後,19-1
三芝區,新庄,,469,三芝區,新小基隆,蕃社後,19
三芝區,新庄,,47,三芝區,新小基隆,新庄子,187
三芝區,新庄,,470,三芝區,新小基隆,蕃社後,20-3
三芝區,新庄,,471,三芝區,新小基隆,蕃社後,20-2
三芝區,新庄,,472,三芝區,新小基隆,蕃社後,20
三芝區,新庄,,473,三芝區,新小基隆,蕃社後,21
三芝區,新庄,,474,三芝區,新小基隆,蕃社後,21-1
三芝區,新庄,,475,三芝區,新小基隆,蕃社後,22
三芝區,新庄,,476,三芝區,新小基隆,蕃社後,23-2
三芝區,新庄,,477,三芝區,新小基隆,蕃社後,23-1
三芝區,新庄,,478,三芝區,新小基隆,蕃社後,24
三芝區,新庄,,479,三芝區,新小基隆,蕃社後,24-1
三芝區,新庄,,48,三芝區,新小基隆,新庄子,187-1
三芝區,新庄,,480,三芝區,新小基隆,蕃社後,24-2
三芝區,新庄,,481,三芝區,新小基隆,蕃社後,25-2
三芝區,新庄,,482,三芝區,新小基隆,蕃社後,25-3
三芝區,新庄,,483,三芝區,新小基隆,蕃社後,25
三芝區,新庄,,484,三芝區,新小基隆,蕃社後,25-4
三芝區,新庄,,485,三芝區,新小基隆,蕃社後,25-5
三芝區,新庄,,486,三芝區,新小基隆,蕃社後,25-1
三芝區,新庄,,487,三芝區,新小基隆,蕃社後,28-10
三芝區,新庄,,488,三芝區,新小基隆,蕃社後,26
三芝區,新庄,,489,三芝區,新小基隆,蕃社後,26-1
三芝區,新庄,,49,三芝區,新小基隆,新庄子,188
三芝區,新庄,,490,三芝區,新小基隆,蕃社後,45-12
三芝區,新庄,,491,三芝區,新小基隆,蕃社後,45-11
三芝區,新庄,,492,三芝區,新小基隆,蕃社後,45-8
三芝區,新庄,,493,三芝區,新小基隆,蕃社後,45-1
三芝區,新庄,,494,三芝區,新小基隆,蕃社後,45-16
三芝區,新庄,,495,三芝區,新小基隆,蕃社後,45-17
三芝區,新庄,,496,三芝區,新小基隆,蕃社後,13-1
三芝區,新庄,,497,三芝區,新小基隆,蕃社後,16
三芝區,新庄,,498,三芝區,新小基隆,蕃社後,14
三芝區,新庄,,499,三芝區,新小基隆,蕃社後,14-2
三芝區,新庄,,5,三芝區,新小基隆,新庄子,1-2
三芝區,新庄,,50,三芝區,新小基隆,新庄子,188-1
三芝區,新庄,,500,三芝區,新小基隆,蕃社後,14-1
三芝區,新庄,,501,三芝區,新小基隆,蕃社後,4
三芝區,新庄,,502,三芝區,新小基隆,蕃社後,6-8
三芝區,新庄,,503,三芝區,新小基隆,蕃社後,6-2
三芝區,新庄,,504,三芝區,新小基隆,蕃社後,6-7
三芝區,新庄,,505,三芝區,新小基隆,蕃社後,87-2
三芝區,新庄,,506,三芝區,新小基隆,蕃社後,87-1
三芝區,新庄,,507,三芝區,新小基隆,蕃社後,89
三芝區,新庄,,508,三芝區,新小基隆,蕃社後,89-1
三芝區,新庄,,509,三芝區,新小基隆,蕃社後,88
三芝區,新庄,,51,三芝區,新小基隆,新庄子,187-2
三芝區,新庄,,510,三芝區,新小基隆,蕃社後,6-12
三芝區,新庄,,511,三芝區,新小基隆,蕃社後,9-4
三芝區,新庄,,512,三芝區,新小基隆,蕃社後,9
三芝區,新庄,,513,三芝區,新小基隆,蕃社後,9-5
三芝區,新庄,,514,三芝區,新小基隆,蕃社後,9-6
三芝區,新庄,,515,三芝區,新小基隆,蕃社後,9-7
三芝區,新庄,,516,三芝區,新小基隆,蕃社後,9-8
三芝區,新庄,,517,三芝區,新小基隆,蕃社後,9-1
三芝區,新庄,,518,三芝區,新小基隆,蕃社後,8-1
三芝區,新庄,,519,三芝區,新小基隆,蕃社後,7-1
三芝區,新庄,,52,三芝區,新小基隆,新庄子,187-3
三芝區,新庄,,520,三芝區,新小基隆,蕃社後,7
三芝區,新庄,,521,三芝區,新小基隆,蕃社後,8-2
三芝區,新庄,,522,三芝區,新小基隆,蕃社後,8
三芝區,新庄,,523,三芝區,新小基隆,蕃社後,6
三芝區,新庄,,524,三芝區,新小基隆,蕃社後,6-13
三芝區,新庄,,525,三芝區,新小基隆,蕃社後,6-14
三芝區,新庄,,526,三芝區,新小基隆,蕃社後,6-11
三芝區,新庄,,527,三芝區,新小基隆,蕃社後,5
三芝區,新庄,,528,三芝區,新小基隆,蕃社後,6-10
三芝區,新庄,,529,三芝區,新小基隆,蕃社後,6-15
三芝區,新庄,,53,三芝區,新小基隆,新庄子,189-1
三芝區,新庄,,530,三芝區,新小基隆,蕃社後,5-1
三芝區,新庄,,531,三芝區,新小基隆,蕃社後,13
三芝區,新庄,,532,三芝區,新小基隆,蕃社後,13-3
三芝區,新庄,,533,三芝區,新小基隆,蕃社後,13-4
三芝區,新庄,,534,三芝區,新小基隆,蕃社後,13-5
三芝區,新庄,,535,三芝區,新小基隆,蕃社後,13-2
三芝區,新庄,,536,三芝區,新小基隆,蕃社後,12-5
三芝區,新庄,,537,三芝區,新小基隆,蕃社後,12
三芝區,新庄,,538,三芝區,新小基隆,蕃社後,12-4
三芝區,新庄,,539,三芝區,新小基隆,蕃社後,11-2
三芝區,新庄,,54,三芝區,新小基隆,新庄子,189
三芝區,新庄,,540,三芝區,新小基隆,蕃社後,12-1
三芝區,新庄,,541,三芝區,新小基隆,蕃社後,11-1
三芝區,新庄,,542,三芝區,新小基隆,蕃社後,12-2
三芝區,新庄,,543,三芝區,新小基隆,蕃社後,11-3
三芝區,新庄,,544,三芝區,新小基隆,蕃社後,12-3
三芝區,新庄,,545,三芝區,新小基隆,蕃社後,9-2
三芝區,新庄,,546,三芝區,新小基隆,蕃社後,9-3
三芝區,新庄,,547,三芝區,新小基隆,蕃社後,11
三芝區,新庄,,548,三芝區,新小基隆,蕃社後,10
三芝區,新庄,,549,三芝區,新小基隆,蕃社後,10-1
三芝區,新庄,,55,三芝區,新小基隆,新庄子,186-1
三芝區,新庄,,550,三芝區,新小基隆,蕃社後,83-2
三芝區,新庄,,551,三芝區,新小基隆,蕃社後,83-1
三芝區,新庄,,552,三芝區,新小基隆,蕃社後,82-4
三芝區,新庄,,553,三芝區,新小基隆,蕃社後,82-2
三芝區,新庄,,554,三芝區,新小基隆,蕃社後,82-5
三芝區,新庄,,555,三芝區,新小基隆,蕃社後,82
三芝區,新庄,,556,三芝區,新小基隆,蕃社後,82-1
三芝區,新庄,,557,三芝區,新小基隆,蕃社後,81-2
三芝區,新庄,,558,三芝區,新小基隆,蕃社後,83
三芝區,新庄,,559,三芝區,新小基隆,蕃社後,81-12
三芝區,新庄,,56,三芝區,新小基隆,新庄子,186-5
三芝區,新庄,,560,三芝區,新小基隆,蕃社後,81-13
三芝區,新庄,,561,三芝區,新小基隆,蕃社後,81-5
三芝區,新庄,,562,三芝區,新小基隆,蕃社後,84-4
三芝區,新庄,,563,三芝區,新小基隆,蕃社後,84-22
三芝區,新庄,,564,三芝區,新小基隆,蕃社後,84-5
三芝區,新庄,,565,三芝區,新小基隆,蕃社後,81-9
三芝區,新庄,,566,三芝區,新小基隆,蕃社後,84-21
三芝區,新庄,,567,三芝區,新小基隆,蕃社後,84-20
三芝區,新庄,,568,三芝區,新小基隆,蕃社後,81-11
三芝區,新庄,,569,三芝區,新小基隆,蕃社後,81-8
三芝區,新庄,,57,三芝區,新小基隆,新庄子,186
三芝區,新庄,,570,三芝區,新小基隆,蕃社後,84-19
三芝區,新庄,,571,三芝區,新小基隆,蕃社後,84-17
三芝區,新庄,,572,三芝區,新小基隆,蕃社後,84-18
三芝區,新庄,,573,三芝區,新小基隆,蕃社後,84-16
三芝區,新庄,,574,三芝區,新小基隆,蕃社後,84-7
三芝區,新庄,,575,三芝區,新小基隆,蕃社後,84-8
三芝區,新庄,,576,三芝區,新小基隆,蕃社後,81-10
三芝區,新庄,,577,三芝區,新小基隆,蕃社後,81-1
三芝區,新庄,,578,三芝區,新小基隆,蕃社後,84-30
三芝區,新庄,,579,三芝區,新小基隆,蕃社後,84-33
三芝區,新庄,,58,三芝區,新小基隆,新庄子,186-3
三芝區,新庄,,580,三芝區,新小基隆,蕃社後,84-12
三芝區,新庄,,581,三芝區,新小基隆,蕃社後,84-52
三芝區,新庄,,582,三芝區,新小基隆,蕃社後,84-10
三芝區,新庄,,583,三芝區,新小基隆,蕃社後,81-14
三芝區,新庄,,584,三芝區,新小基隆,蕃社後,84-9
三芝區,新庄,,585,三芝區,新小基隆,蕃社後,84-53
三芝區,新庄,,586,三芝區,新小基隆,蕃社後,84-6
三芝區,新庄,,587,三芝區,新小基隆,蕃社後,84-15
三芝區,新庄,,588,三芝區,新小基隆,蕃社後,84-39
三芝區,新庄,,589,三芝區,新小基隆,蕃社後,84-51
三芝區,新庄,,59,三芝區,新小基隆,新庄子,185
三芝區,新庄,,590,三芝區,新小基隆,蕃社後,84-1
三芝區,新庄,,591,三芝區,新小基隆,蕃社後,84-32
三芝區,新庄,,592,三芝區,新小基隆,蕃社後,84-43
三芝區,新庄,,593,三芝區,新小基隆,蕃社後,84-36
三芝區,新庄,,594,三芝區,新小基隆,蕃社後,84-2
三芝區,新庄,,595,三芝區,新小基隆,蕃社後,84-40
三芝區,新庄,,596,三芝區,新小基隆,蕃社後,84-35
三芝區,新庄,,597,三芝區,新小基隆,蕃社後,84-50
三芝區,新庄,,598,三芝區,新小基隆,蕃社後,84-49
三芝區,新庄,,599,三芝區,新小基隆,蕃社後,84-47
三芝區,新庄,,6,三芝區,新小基隆,新庄子,1-7
三芝區,新庄,,60,三芝區,新小基隆,新庄子,185-1
三芝區,新庄,,600,三芝區,新小基隆,蕃社後,84-48
三芝區,新庄,,601,三芝區,新小基隆,蕃社後,84-46
三芝區,新庄,,602,三芝區,新小基隆,蕃社後,84
三芝區,新庄,,603,三芝區,舊小基隆,舊庄,101-3
三芝區,新庄,,604,三芝區,新小基隆,蕃社後,84-31
三芝區,新庄,,605,三芝區,新小基隆,蕃社後,84-13
三芝區,新庄,,606,三芝區,舊小基隆,舊庄,99-2
三芝區,新庄,,607,三芝區,舊小基隆,舊庄,99-3
三芝區,新庄,,608,三芝區,新小基隆,蕃社後,84-14
三芝區,新庄,,609,三芝區,新小基隆,蕃社後,84-11
三芝區,新庄,,61,三芝區,新小基隆,新庄子,183-3
三芝區,新庄,,610,三芝區,舊小基隆,舊庄,99-1
三芝區,新庄,,611,三芝區,新小基隆,蕃社後,81-7
三芝區,新庄,,612,三芝區,新小基隆,蕃社後,80
三芝區,新庄,,613,三芝區,新小基隆,蕃社後,80-4
三芝區,新庄,,614,三芝區,新小基隆,蕃社後,80-6
三芝區,新庄,,615,三芝區,新小基隆,蕃社後,80-7
三芝區,新庄,,616,三芝區,新小基隆,蕃社後,79-1
三芝區,新庄,,617,三芝區,新小基隆,蕃社後,80-8
三芝區,新庄,,618,三芝區,新小基隆,蕃社後,80-2
三芝區,新庄,,619,三芝區,新小基隆,蕃社後,80-1
三芝區,新庄,,62,三芝區,新小基隆,新庄子,183-1
三芝區,新庄,,620,三芝區,新小基隆,蕃社後,81
三芝區,新庄,,621,三芝區,新小基隆,蕃社後,81-4
三芝區,新庄,,622,三芝區,新小基隆,蕃社後,67-12
三芝區,新庄,,623,三芝區,新小基隆,蕃社後,81-3
三芝區,新庄,,624,三芝區,新小基隆,蕃社後,67-2
三芝區,新庄,,625,三芝區,新小基隆,蕃社後,80-3
三芝區,新庄,,626,三芝區,新小基隆,蕃社後,80-5
三芝區,新庄,,627,三芝區,舊小基隆,舊庄,9-1
三芝區,新庄,,628,三芝區,舊小基隆,舊庄,99-4
三芝區,新庄,,629,三芝區,舊小基隆,舊庄,98-1
三芝區,新庄,,63,三芝區,新小基隆,新庄子,11-1
三芝區,新庄,,630,三芝區,舊小基隆,舊庄,96-1
三芝區,新庄,,631,三芝區,舊小基隆,舊庄,96
三芝區,新庄,,632,三芝區,舊小基隆,舊庄,9-2
三芝區,新庄,,633,三芝區,舊小基隆,舊庄,99
三芝區,新庄,,634,三芝區,舊小基隆,舊庄,100
三芝區,新庄,,635,三芝區,舊小基隆,舊庄,100-1
三芝區,新庄,,636,三芝區,舊小基隆,舊庄,100-2
三芝區,新庄,,637,三芝區,舊小基隆,舊庄,101-1
三芝區,新庄,,638,三芝區,舊小基隆,舊庄,101-2
三芝區,新庄,,639,三芝區,舊小基隆,舊庄,102-1
三芝區,新庄,,64,三芝區,新小基隆,新庄子,183-4
三芝區,新庄,,640,三芝區,舊小基隆,舊庄,102
三芝區,新庄,,641,三芝區,舊小基隆,舊庄,103-1
三芝區,新庄,,642,三芝區,舊小基隆,舊庄,102-4
三芝區,新庄,,643,三芝區,舊小基隆,舊庄,103-20
三芝區,新庄,,644,三芝區,舊小基隆,舊庄,103-19
三芝區,新庄,,645,三芝區,舊小基隆,舊庄,103-18
三芝區,新庄,,646,三芝區,舊小基隆,舊庄,103-17
三芝區,新庄,,647,三芝區,舊小基隆,舊庄,103-16
三芝區,新庄,,648,三芝區,舊小基隆,舊庄,103-15
三芝區,新庄,,649,三芝區,舊小基隆,舊庄,103-14
三芝區,新庄,,65,三芝區,新小基隆,新庄子,183-2
三芝區,新庄,,650,三芝區,舊小基隆,舊庄,103-5
三芝區,新庄,,651,三芝區,舊小基隆,舊庄,103-4
三芝區,新庄,,652,三芝區,舊小基隆,舊庄,103-9
三芝區,新庄,,653,三芝區,舊小基隆,舊庄,103-3
三芝區,新庄,,654,三芝區,舊小基隆,舊庄,103
三芝區,新庄,,655,三芝區,舊小基隆,舊庄,103-7
三芝區,新庄,,656,三芝區,舊小基隆,舊庄,103-8
三芝區,新庄,,657,三芝區,舊小基隆,舊庄,103-6
三芝區,新庄,,658,三芝區,舊小基隆,舊庄,92-3
三芝區,新庄,,659,三芝區,舊小基隆,舊庄,92-2
三芝區,新庄,,66,三芝區,新小基隆,新庄子,182-3
三芝區,新庄,,660,三芝區,舊小基隆,舊庄,91-2
三芝區,新庄,,661,三芝區,舊小基隆,舊庄,92-1
三芝區,新庄,,662,三芝區,舊小基隆,舊庄,91-1
三芝區,新庄,,663,三芝區,舊小基隆,舊庄,93
三芝區,新庄,,664,三芝區,舊小基隆,舊庄,94
三芝區,新庄,,665,三芝區,舊小基隆,舊庄,94-1
三芝區,新庄,,666,三芝區,舊小基隆,舊庄,94-2
三芝區,新庄,,667,三芝區,舊小基隆,舊庄,95
三芝區,新庄,,668,三芝區,舊小基隆,舊庄,91
三芝區,新庄,,669,三芝區,舊小基隆,舊庄,91-8
三芝區,新庄,,67,三芝區,新小基隆,新庄子,182
三芝區,新庄,,670,三芝區,舊小基隆,舊庄,92-6
三芝區,新庄,,671,三芝區,舊小基隆,舊庄,92-5
三芝區,新庄,,672,三芝區,舊小基隆,舊庄,92
三芝區,新庄,,673,三芝區,舊小基隆,舊庄,91-13
三芝區,新庄,,674,三芝區,舊小基隆,舊庄,91-3
三芝區,新庄,,675,三芝區,舊小基隆,舊庄,91-14
三芝區,新庄,,676,三芝區,舊小基隆,舊庄,91-6
三芝區,新庄,,677,三芝區,舊小基隆,舊庄,91-7
三芝區,新庄,,678,三芝區,舊小基隆,舊庄,91-11
三芝區,新庄,,679,三芝區,舊小基隆,舊庄,91-4
三芝區,新庄,,68,三芝區,新小基隆,新庄子,181-1
三芝區,新庄,,680,三芝區,舊小基隆,舊庄,39
三芝區,新庄,,681,三芝區,舊小基隆,舊庄,91-5
三芝區,新庄,,682,三芝區,舊小基隆,舊庄,90-1
三芝區,新庄,,683,三芝區,舊小基隆,舊庄,90-13
三芝區,新庄,,684,三芝區,舊小基隆,舊庄,90-12
三芝區,新庄,,685,三芝區,舊小基隆,舊庄,90-8
三芝區,新庄,,686,三芝區,舊小基隆,舊庄,90-5
三芝區,新庄,,687,三芝區,舊小基隆,舊庄,90
三芝區,新庄,,688,三芝區,舊小基隆,舊庄,104
三芝區,新庄,,689,三芝區,舊小基隆,舊庄,105-1
三芝區,新庄,,69,三芝區,新小基隆,新庄子,181-5
三芝區,新庄,,690,三芝區,舊小基隆,舊庄,105-4
三芝區,新庄,,691,三芝區,舊小基隆,舊庄,106
三芝區,新庄,,692,三芝區,舊小基隆,舊庄,106-3
三芝區,新庄,,693,三芝區,舊小基隆,舊庄,106-5
三芝區,新庄,,694,三芝區,舊小基隆,舊庄,106-2
三芝區,新庄,,695,三芝區,舊小基隆,舊庄,106-6
三芝區,新庄,,696,三芝區,舊小基隆,舊庄,106-4
三芝區,新庄,,697,三芝區,舊小基隆,舊庄,106-1
三芝區,新庄,,698,三芝區,舊小基隆,舊庄,105-11
三芝區,新庄,,699,三芝區,舊小基隆,舊庄,105
三芝區,新庄,,7,三芝區,新小基隆,新庄子,1
三芝區,新庄,,70,三芝區,新小基隆,新庄子,184
三芝區,新庄,,700,三芝區,舊小基隆,舊庄,105-9
三芝區,新庄,,701,三芝區,舊小基隆,舊庄,105-14
三芝區,新庄,,702,三芝區,舊小基隆,舊庄,105-15
三芝區,新庄,,703,三芝區,舊小基隆,舊庄,105-13
三芝區,新庄,,704,三芝區,舊小基隆,舊庄,105-12
三芝區,新庄,,705,三芝區,舊小基隆,舊庄,88-5
三芝區,新庄,,706,三芝區,舊小基隆,舊庄,88-3
三芝區,新庄,,707,三芝區,舊小基隆,舊庄,88-4
三芝區,新庄,,708,三芝區,舊小基隆,舊庄,105-5
三芝區,新庄,,709,三芝區,舊小基隆,舊庄,105-10
三芝區,新庄,,71,三芝區,新小基隆,新庄子,190
三芝區,新庄,,710,三芝區,舊小基隆,舊庄,88-6
三芝區,新庄,,711,三芝區,舊小基隆,舊庄,88
三芝區,新庄,,712,三芝區,舊小基隆,舊庄,88-1
三芝區,新庄,,713,三芝區,舊小基隆,舊庄,89
三芝區,新庄,,714,三芝區,舊小基隆,舊庄,89-1
三芝區,新庄,,715,三芝區,舊小基隆,舊庄,89-2
三芝區,新庄,,716,三芝區,舊小基隆,舊庄,89-3
三芝區,新庄,,717,三芝區,舊小基隆,舊庄,88-2
三芝區,新庄,,718,三芝區,舊小基隆,舊庄,89-4
三芝區,新庄,,719,三芝區,舊小基隆,舊庄,90-15
三芝區,新庄,,72,三芝區,新小基隆,新庄子,190-1
三芝區,新庄,,720,三芝區,舊小基隆,舊庄,90-7
三芝區,新庄,,721,三芝區,舊小基隆,舊庄,89-5
三芝區,新庄,,722,三芝區,舊小基隆,舊庄,87
三芝區,新庄,,723,三芝區,舊小基隆,舊庄,86
三芝區,新庄,,724,三芝區,舊小基隆,舊庄,85
三芝區,新庄,,725,三芝區,舊小基隆,舊庄,89-7
三芝區,新庄,,726,三芝區,舊小基隆,舊庄,89-6
三芝區,新庄,,727,三芝區,舊小基隆,舊庄,84-1
三芝區,新庄,,728,三芝區,舊小基隆,舊庄,103-2
三芝區,新庄,,729,三芝區,舊小基隆,舊庄,89-8
三芝區,新庄,,73,三芝區,新小基隆,新庄子,179-2
三芝區,新庄,,730,三芝區,舊小基隆,舊庄,90-16
三芝區,新庄,,731,三芝區,舊小基隆,舊庄,90-4
三芝區,新庄,,732,三芝區,舊小基隆,舊庄,90-3
三芝區,新庄,,733,三芝區,舊小基隆,舊庄,90-11
三芝區,新庄,,734,三芝區,舊小基隆,舊庄,83
三芝區,新庄,,735,三芝區,舊小基隆,舊庄,83-3
三芝區,新庄,,736,三芝區,舊小基隆,舊庄,83-1
三芝區,新庄,,737,三芝區,舊小基隆,舊庄,84
三芝區,新庄,,738,三芝區,舊小基隆,舊庄,79
三芝區,新庄,,739,三芝區,舊小基隆,舊庄,90-2
三芝區,新庄,,74,三芝區,新小基隆,新庄子,177-2
三芝區,新庄,,740,三芝區,舊小基隆,舊庄,42-1
三芝區,新庄,,741,三芝區,舊小基隆,舊庄,42
三芝區,新庄,,742,三芝區,舊小基隆,舊庄,78
三芝區,新庄,,743,三芝區,舊小基隆,舊庄,80
三芝區,新庄,,744,三芝區,舊小基隆,舊庄,82-5
三芝區,新庄,,745,三芝區,舊小基隆,舊庄,82-6
三芝區,新庄,,746,三芝區,舊小基隆,舊庄,82-2
三芝區,新庄,,747,三芝區,舊小基隆,舊庄,82-3
三芝區,新庄,,748,三芝區,舊小基隆,舊庄,82-10
三芝區,新庄,,749,三芝區,舊小基隆,舊庄,82-9
三芝區,新庄,,75,三芝區,新小基隆,新庄子,181-2
三芝區,新庄,,750,三芝區,舊小基隆,舊庄,82-8
三芝區,新庄,,751,三芝區,舊小基隆,舊庄,81
三芝區,新庄,,752,三芝區,舊小基隆,舊庄,82-18
三芝區,新庄,,753,三芝區,舊小基隆,舊庄,82-7
三芝區,新庄,,754,三芝區,舊小基隆,舊庄,83-2
三芝區,新庄,,755,三芝區,舊小基隆,舊庄,74-1
三芝區,新庄,,756,三芝區,舊小基隆,舊庄,82-15
三芝區,新庄,,757,三芝區,舊小基隆,舊庄,68-25
三芝區,新庄,,758,三芝區,舊小基隆,舊庄,74-2
三芝區,新庄,,759,三芝區,舊小基隆,舊庄,68-24
三芝區,新庄,,76,三芝區,新小基隆,新庄子,178
三芝區,新庄,,760,三芝區,舊小基隆,舊庄,68-19
三芝區,新庄,,761,三芝區,舊小基隆,舊庄,68-12
三芝區,新庄,,762,三芝區,舊小基隆,舊庄,74
三芝區,新庄,,763,三芝區,舊小基隆,舊庄,68-6
三芝區,新庄,,764,三芝區,舊小基隆,舊庄,74-6
三芝區,新庄,,765,三芝區,舊小基隆,舊庄,75
三芝區,新庄,,766,三芝區,舊小基隆,舊庄,76
三芝區,新庄,,767,三芝區,舊小基隆,舊庄,80-1
三芝區,新庄,,768,三芝區,舊小基隆,舊庄,77
三芝區,新庄,,769,三芝區,舊小基隆,舊庄,78-2
三芝區,新庄,,77,三芝區,新小基隆,新庄子,181-3
三芝區,新庄,,770,三芝區,舊小基隆,舊庄,78-1
三芝區,新庄,,771,三芝區,舊小基隆,舊庄,43-21
三芝區,新庄,,772,三芝區,舊小基隆,舊庄,43-15
三芝區,新庄,,773,三芝區,舊小基隆,舊庄,90-6
三芝區,新庄,,774,三芝區,舊小基隆,舊庄,43-4
三芝區,新庄,,775,三芝區,舊小基隆,舊庄,43-3
三芝區,新庄,,776,三芝區,舊小基隆,舊庄,43-17
三芝區,新庄,,777,三芝區,舊小基隆,舊庄,43-23
三芝區,新庄,,778,三芝區,舊小基隆,舊庄,43-26
三芝區,新庄,,779,三芝區,舊小基隆,舊庄,43-22
三芝區,新庄,,78,三芝區,新小基隆,新庄子,181-4
三芝區,新庄,,780,三芝區,舊小基隆,舊庄,43-19
三芝區,新庄,,781,三芝區,舊小基隆,舊庄,43-27
三芝區,新庄,,782,三芝區,舊小基隆,舊庄,44
三芝區,新庄,,783,三芝區,舊小基隆,舊庄,43-14
三芝區,新庄,,784,三芝區,舊小基隆,舊庄,43-20
三芝區,新庄,,785,三芝區,舊小基隆,舊庄,43-13
三芝區,新庄,,786,三芝區,舊小基隆,舊庄,68-9
三芝區,新庄,,787,三芝區,舊小基隆,舊庄,68-3
三芝區,新庄,,788,三芝區,舊小基隆,舊庄,68-13
三芝區,新庄,,789,三芝區,舊小基隆,舊庄,68-17
三芝區,新庄,,79,三芝區,新小基隆,新庄子,178-1
三芝區,新庄,,790,三芝區,舊小基隆,舊庄,66-5
三芝區,新庄,,791,三芝區,舊小基隆,舊庄,66
三芝區,新庄,,792,三芝區,舊小基隆,舊庄,48-4
三芝區,新庄,,793,三芝區,舊小基隆,舊庄,46-7
三芝區,新庄,,794,三芝區,舊小基隆,舊庄,49-8
三芝區,新庄,,795,三芝區,舊小基隆,舊庄,46-6
三芝區,新庄,,796,三芝區,舊小基隆,舊庄,49-10
三芝區,新庄,,797,三芝區,舊小基隆,舊庄,48-2
三芝區,新庄,,798,三芝區,舊小基隆,舊庄,49-3
三芝區,新庄,,799,三芝區,舊小基隆,舊庄,47-3
三芝區,新庄,,8,三芝區,新小基隆,新庄子,1-40
三芝區,新庄,,80,三芝區,新小基隆,新庄子,182-2
三芝區,新庄,,800,三芝區,舊小基隆,舊庄,47-6
三芝區,新庄,,801,三芝區,舊小基隆,舊庄,46-5
三芝區,新庄,,802,三芝區,舊小基隆,舊庄,47-5
三芝區,新庄,,803,三芝區,舊小基隆,舊庄,43-1
三芝區,新庄,,804,三芝區,舊小基隆,舊庄,43
三芝區,新庄,,805,三芝區,舊小基隆,舊庄,45
三芝區,新庄,,806,三芝區,舊小基隆,舊庄,46-2
三芝區,新庄,,807,三芝區,舊小基隆,舊庄,46
三芝區,新庄,,808,三芝區,舊小基隆,舊庄,46-3
三芝區,新庄,,809,三芝區,舊小基隆,舊庄,46-1
三芝區,新庄,,81,三芝區,新小基隆,新庄子,182-1
三芝區,新庄,,810,三芝區,舊小基隆,舊庄,46-4
三芝區,新庄,,811,三芝區,舊小基隆,舊庄,34-7
三芝區,新庄,,812,三芝區,舊小基隆,舊庄,34-12
三芝區,新庄,,813,三芝區,舊小基隆,舊庄,34-2
三芝區,新庄,,814,三芝區,舊小基隆,舊庄,16-6
三芝區,新庄,,815,三芝區,舊小基隆,舊庄,37
三芝區,新庄,,816,三芝區,舊小基隆,舊庄,38-6
三芝區,新庄,,817,三芝區,舊小基隆,舊庄,38-5
三芝區,新庄,,818,三芝區,舊小基隆,舊庄,43-5
三芝區,新庄,,819,三芝區,舊小基隆,舊庄,38-4
三芝區,新庄,,82,三芝區,新小基隆,新庄子,24-2
三芝區,新庄,,820,三芝區,舊小基隆,舊庄,41
三芝區,新庄,,821,三芝區,舊小基隆,舊庄,38-3
三芝區,新庄,,822,三芝區,舊小基隆,舊庄,38-1
三芝區,新庄,,823,三芝區,舊小基隆,舊庄,38-2
三芝區,新庄,,824,三芝區,舊小基隆,舊庄,38
三芝區,新庄,,825,三芝區,舊小基隆,舊庄,40-4
三芝區,新庄,,826,三芝區,舊小基隆,舊庄,40-3
三芝區,新庄,,827,三芝區,舊小基隆,舊庄,40-2
三芝區,新庄,,828,三芝區,舊小基隆,舊庄,40-1
三芝區,新庄,,829,三芝區,舊小基隆,舊庄,40
三芝區,新庄,,83,三芝區,新小基隆,新庄子,22
三芝區,新庄,,830,三芝區,舊小基隆,舊庄,40-7
三芝區,新庄,,831,三芝區,舊小基隆,舊庄,40-5
三芝區,新庄,,832,三芝區,舊小基隆,舊庄,15-1
三芝區,新庄,,833,三芝區,舊小基隆,舊庄,15
三芝區,新庄,,834,三芝區,舊小基隆,舊庄,36
三芝區,新庄,,835,三芝區,舊小基隆,舊庄,36-3
三芝區,新庄,,836,三芝區,舊小基隆,舊庄,36-2
三芝區,新庄,,837,三芝區,舊小基隆,舊庄,35-1
三芝區,新庄,,838,三芝區,舊小基隆,舊庄,35-2
三芝區,新庄,,839,三芝區,舊小基隆,舊庄,35
三芝區,新庄,,84,三芝區,新小基隆,新庄子,14-1
三芝區,新庄,,840,三芝區,舊小基隆,舊庄,34-6
三芝區,新庄,,841,三芝區,舊小基隆,舊庄,34-11
三芝區,新庄,,842,三芝區,舊小基隆,舊庄,34-1
三芝區,新庄,,843,三芝區,舊小基隆,舊庄,17-3
三芝區,新庄,,844,三芝區,舊小基隆,舊庄,17-1
三芝區,新庄,,845,三芝區,舊小基隆,舊庄,16-3
三芝區,新庄,,846,三芝區,舊小基隆,舊庄,16-8
三芝區,新庄,,847,三芝區,舊小基隆,舊庄,16-1
三芝區,新庄,,848,三芝區,舊小基隆,舊庄,16-9
三芝區,新庄,,849,三芝區,舊小基隆,舊庄,6-5
三芝區,新庄,,85,三芝區,新小基隆,新庄子,14-2
三芝區,新庄,,850,三芝區,舊小基隆,舊庄,6-1
三芝區,新庄,,851,三芝區,舊小基隆,舊庄,11-2
三芝區,新庄,,852,三芝區,舊小基隆,舊庄,9-9
三芝區,新庄,,853,三芝區,舊小基隆,舊庄,9-10
三芝區,新庄,,854,三芝區,舊小基隆,舊庄,9-8
三芝區,新庄,,855,三芝區,舊小基隆,舊庄,9-7
三芝區,新庄,,856,三芝區,舊小基隆,舊庄,14
三芝區,新庄,,857,三芝區,舊小基隆,舊庄,9-6
三芝區,新庄,,858,三芝區,舊小基隆,舊庄,13
三芝區,新庄,,859,三芝區,舊小基隆,舊庄,9-4
三芝區,新庄,,86,三芝區,新小基隆,新庄子,14-3
三芝區,新庄,,860,三芝區,舊小基隆,舊庄,9-5
三芝區,新庄,,861,三芝區,舊小基隆,舊庄,12
三芝區,新庄,,862,三芝區,舊小基隆,舊庄,9
三芝區,新庄,,863,三芝區,舊小基隆,舊庄,9-3
三芝區,新庄,,864,三芝區,舊小基隆,舊庄,8
三芝區,新庄,,865,三芝區,新小基隆,蕃社後,77
三芝區,新庄,,866,三芝區,新小基隆,蕃社後,79
三芝區,新庄,,867,三芝區,新小基隆,蕃社後,78-1
三芝區,新庄,,868,三芝區,新小基隆,蕃社後,76
三芝區,新庄,,869,三芝區,新小基隆,蕃社後,78
三芝區,新庄,,87,三芝區,新小基隆,新庄子,14-4
三芝區,新庄,,870,三芝區,新小基隆,蕃社後,75-1
三芝區,新庄,,871,三芝區,新小基隆,蕃社後,75
三芝區,新庄,,872,三芝區,新小基隆,蕃社後,71
三芝區,新庄,,873,三芝區,舊小基隆,舊庄,7
三芝區,新庄,,874,三芝區,舊小基隆,舊庄,11-1
三芝區,新庄,,875,三芝區,舊小基隆,舊庄,7-3
三芝區,新庄,,876,三芝區,舊小基隆,舊庄,7-5
三芝區,新庄,,877,三芝區,舊小基隆,舊庄,7-7
三芝區,新庄,,878,三芝區,新小基隆,蕃社後,74-3
三芝區,新庄,,879,三芝區,新小基隆,蕃社後,74
三芝區,新庄,,88,三芝區,新小基隆,新庄子,14-5
三芝區,新庄,,880,三芝區,新小基隆,蕃社後,74-4
三芝區,新庄,,881,三芝區,新小基隆,蕃社後,75-2
三芝區,新庄,,882,三芝區,舊小基隆,舊庄,7-4
三芝區,新庄,,883,三芝區,新小基隆,蕃社後,75-3
三芝區,新庄,,884,三芝區,新小基隆,蕃社後,72
三芝區,新庄,,885,三芝區,新小基隆,蕃社後,71-11
三芝區,新庄,,886,三芝區,新小基隆,蕃社後,71-26
三芝區,新庄,,887,三芝區,新小基隆,蕃社後,72-20
三芝區,新庄,,888,三芝區,新小基隆,蕃社後,72-19
三芝區,新庄,,889,三芝區,新小基隆,蕃社後,72-18
三芝區,新庄,,89,三芝區,新小基隆,新庄子,12
三芝區,新庄,,890,三芝區,新小基隆,蕃社後,72-17
三芝區,新庄,,891,三芝區,新小基隆,蕃社後,72-14
三芝區,新庄,,892,三芝區,新小基隆,蕃社後,74-2
三芝區,新庄,,893,三芝區,新小基隆,蕃社後,74-1
三芝區,新庄,,894,三芝區,新小基隆,蕃社後,72-11
三芝區,新庄,,895,三芝區,新小基隆,蕃社後,72-15
三芝區,新庄,,896,三芝區,新小基隆,蕃社後,72-16
三芝區,新庄,,897,三芝區,新小基隆,蕃社後,72-22
三芝區,新庄,,898,三芝區,新小基隆,蕃社後,71-2
三芝區,新庄,,899,三芝區,新小基隆,蕃社後,71-10
三芝區,新庄,,9,三芝區,新小基隆,新庄子,1-39
三芝區,新庄,,90,三芝區,新小基隆,新庄子,13
三芝區,新庄,,900,三芝區,新小基隆,蕃社後,71-5
三芝區,新庄,,901,三芝區,新小基隆,蕃社後,71-20
三芝區,新庄,,902,三芝區,新小基隆,蕃社後,71-23
三芝區,新庄,,903,三芝區,新小基隆,蕃社後,71-9
三芝區,新庄,,904,三芝區,新小基隆,蕃社後,71-4
三芝區,新庄,,905,三芝區,新小基隆,蕃社後,67-15
三芝區,新庄,,906,三芝區,新小基隆,蕃社後,67-14
三芝區,新庄,,907,三芝區,新小基隆,蕃社後,71-29
三芝區,新庄,,908,三芝區,新小基隆,蕃社後,71-28
三芝區,新庄,,909,三芝區,新小基隆,蕃社後,71-12
三芝區,新庄,,91,三芝區,新小基隆,新庄子,11
三芝區,新庄,,910,三芝區,新小基隆,蕃社後,70
三芝區,新庄,,911,三芝區,新小基隆,蕃社後,71-25
三芝區,新庄,,912,三芝區,新小基隆,蕃社後,71-24
三芝區,新庄,,913,三芝區,新小基隆,蕃社後,67-17
三芝區,新庄,,914,三芝區,新小基隆,蕃社後,67-8
三芝區,新庄,,915,三芝區,新小基隆,蕃社後,67-9
三芝區,新庄,,916,三芝區,新小基隆,蕃社後,67-16
三芝區,新庄,,917,三芝區,新小基隆,蕃社後,67-3
三芝區,新庄,,918,三芝區,新小基隆,蕃社後,67-18
三芝區,新庄,,919,三芝區,新小基隆,蕃社後,67-19
三芝區,新庄,,92,三芝區,新小基隆,新庄子,183
三芝區,新庄,,920,三芝區,新小基隆,蕃社後,67-20
三芝區,新庄,,921,三芝區,新小基隆,蕃社後,67-10
三芝區,新庄,,922,三芝區,新小基隆,蕃社後,69-1
三芝區,新庄,,923,三芝區,新小基隆,蕃社後,69-3
三芝區,新庄,,924,三芝區,新小基隆,蕃社後,69-2
三芝區,新庄,,925,三芝區,新小基隆,蕃社後,64-3
三芝區,新庄,,926,三芝區,新小基隆,蕃社後,64-14
三芝區,新庄,,927,三芝區,新小基隆,蕃社後,64-26
三芝區,新庄,,928,三芝區,新小基隆,蕃社後,64-25
三芝區,新庄,,929,三芝區,新小基隆,蕃社後,64-35
三芝區,新庄,,93,三芝區,新小基隆,新庄子,2-1
三芝區,新庄,,930,三芝區,新小基隆,蕃社後,64-32
三芝區,新庄,,931,三芝區,新小基隆,蕃社後,64-1
三芝區,新庄,,932,三芝區,新小基隆,蕃社後,64-8
三芝區,新庄,,933,三芝區,新小基隆,蕃社後,64-15
三芝區,新庄,,934,三芝區,新小基隆,蕃社後,64-30
三芝區,新庄,,935,三芝區,新小基隆,蕃社後,63-1
三芝區,新庄,,936,三芝區,新小基隆,蕃社後,63
三芝區,新庄,,937,三芝區,新小基隆,蕃社後,63-14
三芝區,新庄,,938,三芝區,新小基隆,蕃社後,63-8
三芝區,新庄,,939,三芝區,新小基隆,蕃社後,63-7
三芝區,新庄,,94,三芝區,新小基隆,新庄子,2-24
三芝區,新庄,,940,三芝區,新小基隆,蕃社後,63-2
三芝區,新庄,,941,三芝區,新小基隆,蕃社後,63-3
三芝區,新庄,,942,三芝區,新小基隆,蕃社後,63-4
三芝區,新庄,,943,三芝區,新小基隆,蕃社後,64-28
三芝區,新庄,,944,三芝區,新小基隆,蕃社後,64-27
三芝區,新庄,,945,三芝區,新小基隆,蕃社後,64-34
三芝區,新庄,,946,三芝區,新小基隆,蕃社後,66-1
三芝區,新庄,,947,三芝區,新小基隆,蕃社後,67
三芝區,新庄,,948,三芝區,新小基隆,蕃社後,68
三芝區,新庄,,949,三芝區,新小基隆,蕃社後,67-4
三芝區,新庄,,95,三芝區,新小基隆,新庄子,2-23
三芝區,新庄,,950,三芝區,新小基隆,蕃社後,69
三芝區,新庄,,951,三芝區,新小基隆,蕃社後,67-13
三芝區,新庄,,952,三芝區,新小基隆,蕃社後,67-1
三芝區,新庄,,953,三芝區,新小基隆,蕃社後,67-11
三芝區,新庄,,954,三芝區,新小基隆,蕃社後,66-2
三芝區,新庄,,955,三芝區,新小基隆,蕃社後,66-3
三芝區,新庄,,956,三芝區,新小基隆,蕃社後,66
三芝區,新庄,,957,三芝區,新小基隆,蕃社後,67-25
三芝區,新庄,,958,三芝區,新小基隆,蕃社後,67-24
三芝區,新庄,,959,三芝區,新小基隆,蕃社後,67-23
三芝區,新庄,,96,三芝區,新小基隆,新庄子,2-22
三芝區,新庄,,960,三芝區,新小基隆,蕃社後,67-5
三芝區,新庄,,961,三芝區,新小基隆,蕃社後,67-22
三芝區,新庄,,962,三芝區,新小基隆,蕃社後,67-21
三芝區,新庄,,963,三芝區,新小基隆,蕃社後,67-7
三芝區,新庄,,964,三芝區,新小基隆,蕃社後,67-28
三芝區,新庄,,965,三芝區,新小基隆,蕃社後,67-27
三芝區,新庄,,966,三芝區,新小基隆,蕃社後,67-26
三芝區,新庄,,967,三芝區,新小基隆,蕃社後,67-6
三芝區,新庄,,968,三芝區,新小基隆,蕃社後,47-4
三芝區,新庄,,969,三芝區,新小基隆,蕃社後,65-1
三芝區,新庄,,97,三芝區,新小基隆,新庄子,2-21
三芝區,新庄,,970,三芝區,新小基隆,蕃社後,47-5
三芝區,新庄,,971,三芝區,新小基隆,蕃社後,47-2
三芝區,新庄,,972,三芝區,新小基隆,蕃社後,47-3
三芝區,新庄,,973,三芝區,新小基隆,蕃社後,47-10
三芝區,新庄,,974,三芝區,新小基隆,蕃社後,47-9
三芝區,新庄,,975,三芝區,新小基隆,蕃社後,45-7
三芝區,新庄,,976,三芝區,新小基隆,蕃社後,47
三芝區,新庄,,977,三芝區,新小基隆,蕃社後,46-7
三芝區,新庄,,978,三芝區,新小基隆,蕃社後,47-8
三芝區,新庄,,979,三芝區,新小基隆,蕃社後,46-6
三芝區,新庄,,98,三芝區,新小基隆,新庄子,1-9
三芝區,新庄,,980,三芝區,新小基隆,蕃社後,46-5
三芝區,新庄,,981,三芝區,新小基隆,蕃社後,48-9
三芝區,新庄,,982,三芝區,新小基隆,蕃社後,48-11
三芝區,新庄,,983,三芝區,新小基隆,蕃社後,48-5
三芝區,新庄,,984,三芝區,新小基隆,蕃社後,65
三芝區,新庄,,985,三芝區,新小基隆,蕃社後,64-29
三芝區,新庄,,986,三芝區,新小基隆,蕃社後,47-6
三芝區,新庄,,987,三芝區,新小基隆,蕃社後,48-21
三芝區,新庄,,988,三芝區,新小基隆,蕃社後,48-10
三芝區,新庄,,989,三芝區,新小基隆,蕃社後,48-8
三芝區,新庄,,99,三芝區,新小基隆,新庄子,1-34
三芝區,新庄,,990,三芝區,新小基隆,蕃社後,47-7
三芝區,新庄,,991,三芝區,新小基隆,蕃社後,49-6
三芝區,新庄,,992,三芝區,新小基隆,蕃社後,49-13
三芝區,新庄,,993,三芝區,新小基隆,蕃社後,49-3
三芝區,新庄,,994,三芝區,新小基隆,蕃社後,49-7
三芝區,新庄,,995,三芝區,新小基隆,蕃社後,49-8
三芝區,新庄,,996,三芝區,新小基隆,蕃社後,49-9
三芝區,新庄,,997,三芝區,新小基隆,蕃社後,49-21
三芝區,新庄,,998,三芝區,新小基隆,蕃社後,49-17
三芝區,新庄,,999,三芝區,新小基隆,蕃社後,48-16
三芝區,榆林,,1,三芝區,後厝,陽住坑,1
三芝區,榆林,,10,三芝區,後厝,陽住坑,52-3
三芝區,榆林,,100,三芝區,後厝,陽住坑,58
三芝區,榆林,,1000,三芝區,錫板,番婆林,33
三芝區,榆林,,1001,三芝區,錫板,番婆林,33-1
三芝區,榆林,,1002,三芝區,錫板,番婆林,34
三芝區,榆林,,1003,三芝區,錫板,番婆林,36
三芝區,榆林,,1004,三芝區,錫板,番婆林,38
三芝區,榆林,,1005,三芝區,錫板,番婆林,38-1
三芝區,榆林,,1006,三芝區,錫板,番婆林,38-2
三芝區,榆林,,1007,三芝區,錫板,番婆林,38-5
三芝區,榆林,,1008,三芝區,錫板,番婆林,40
三芝區,榆林,,1009,三芝區,錫板,番婆林,41
三芝區,榆林,,101,三芝區,後厝,陽住坑,59
三芝區,榆林,,1010,三芝區,錫板,番婆林,42
三芝區,榆林,,1011,三芝區,錫板,番婆林,43
三芝區,榆林,,1012,三芝區,錫板,番婆林,44
三芝區,榆林,,1013,三芝區,錫板,番婆林,45
三芝區,榆林,,1014,三芝區,錫板,番婆林,45-1
三芝區,榆林,,1015,三芝區,錫板,番婆林,46
三芝區,榆林,,1016,三芝區,錫板,番婆林,46-1
三芝區,榆林,,1017,三芝區,錫板,番婆林,47
三芝區,榆林,,1018,三芝區,錫板,番婆林,47-1
三芝區,榆林,,1019,三芝區,錫板,番婆林,47-2
三芝區,榆林,,102,三芝區,後厝,陽住坑,60
三芝區,榆林,,1020,三芝區,錫板,番婆林,47-3
三芝區,榆林,,1021,三芝區,錫板,番婆林,48
三芝區,榆林,,1022,三芝區,錫板,番婆林,49
三芝區,榆林,,1023,三芝區,錫板,番婆林,50
三芝區,榆林,,1024,三芝區,錫板,番婆林,50-1
三芝區,榆林,,1025,三芝區,錫板,番婆林,51
三芝區,榆林,,1026,三芝區,錫板,番婆林,51-1
三芝區,榆林,,1027,三芝區,錫板,番婆林,52
三芝區,榆林,,1028,三芝區,錫板,番婆林,52-1
三芝區,榆林,,1029,三芝區,錫板,番婆林,53
三芝區,榆林,,103,三芝區,後厝,陽住坑,61
三芝區,榆林,,1030,三芝區,錫板,番婆林,54
三芝區,榆林,,1031,三芝區,錫板,番婆林,55
三芝區,榆林,,1032,三芝區,錫板,番婆林,56
三芝區,榆林,,1033,三芝區,錫板,番婆林,56-1
三芝區,榆林,,1034,三芝區,錫板,番婆林,58
三芝區,榆林,,1035,三芝區,錫板,番婆林,59
三芝區,榆林,,1036,三芝區,錫板,番婆林,59-1
三芝區,榆林,,1037,三芝區,錫板,番婆林,59-2
三芝區,榆林,,1038,三芝區,錫板,番婆林,59-3
三芝區,榆林,,1039,三芝區,錫板,番婆林,60
三芝區,榆林,,104,三芝區,後厝,陽住坑,62
三芝區,榆林,,1040,三芝區,錫板,番婆林,60-1
三芝區,榆林,,1041,三芝區,錫板,番婆林,61
三芝區,榆林,,1042,三芝區,錫板,番婆林,61-1
三芝區,榆林,,1043,三芝區,錫板,番婆林,61-2
三芝區,榆林,,1044,三芝區,錫板,番婆林,62
三芝區,榆林,,1045,三芝區,錫板,番婆林,62-1
三芝區,榆林,,1046,三芝區,錫板,番婆林,62-2
三芝區,榆林,,1047,三芝區,錫板,番婆林,64
三芝區,榆林,,1048,三芝區,錫板,番婆林,64-1
三芝區,榆林,,1049,三芝區,錫板,番婆林,64-2
三芝區,榆林,,105,三芝區,後厝,陽住坑,63
三芝區,榆林,,1050,三芝區,錫板,番婆林,65
三芝區,榆林,,1051,三芝區,錫板,番婆林,66
三芝區,榆林,,1052,三芝區,錫板,番婆林,66-1
三芝區,榆林,,1053,三芝區,錫板,番婆林,67
三芝區,榆林,,1054,三芝區,錫板,番婆林,68
三芝區,榆林,,1055,三芝區,錫板,番婆林,68-1
三芝區,榆林,,1056,三芝區,錫板,番婆林,69
三芝區,榆林,,1057,三芝區,錫板,番婆林,70
三芝區,榆林,,1058,三芝區,錫板,番婆林,71
三芝區,榆林,,1059,三芝區,錫板,番婆林,72
三芝區,榆林,,106,三芝區,後厝,陽住坑,64
三芝區,榆林,,1060,三芝區,錫板,番婆林,73
三芝區,榆林,,1061,三芝區,錫板,番婆林,74
三芝區,榆林,,1062,三芝區,錫板,番婆林,74-1
三芝區,榆林,,1063,三芝區,錫板,番婆林,75
三芝區,榆林,,1064,三芝區,錫板,番婆林,76
三芝區,榆林,,1065,三芝區,錫板,番婆林,77
三芝區,榆林,,1066,三芝區,錫板,番婆林,77-1
三芝區,榆林,,1067,三芝區,錫板,番婆林,81
三芝區,榆林,,1068,三芝區,錫板,番婆林,81-1
三芝區,榆林,,1069,三芝區,錫板,番婆林,81-2
三芝區,榆林,,107,三芝區,後厝,陽住坑,65
三芝區,榆林,,1070,三芝區,錫板,番婆林,81-3
三芝區,榆林,,1071,三芝區,錫板,番婆林,85
三芝區,榆林,,1072,三芝區,錫板,番婆林,86
三芝區,榆林,,1073,三芝區,錫板,番婆林,87
三芝區,榆林,,1074,三芝區,錫板,番婆林,88
三芝區,榆林,,1075,三芝區,錫板,番婆林,89
三芝區,榆林,,1076,三芝區,錫板,番婆林,89-1
三芝區,榆林,,1077,三芝區,錫板,番婆林,90
三芝區,榆林,,1078,三芝區,錫板,番婆林,91
三芝區,榆林,,1079,三芝區,錫板,番婆林,92
三芝區,榆林,,108,三芝區,後厝,陽住坑,66
三芝區,榆林,,1080,三芝區,錫板,番婆林,93
三芝區,榆林,,1081,三芝區,錫板,番婆林,93-1
三芝區,榆林,,1082,三芝區,錫板,番婆林,93-2
三芝區,榆林,,1083,三芝區,錫板,番婆林,93-3
三芝區,榆林,,1084,三芝區,錫板,番婆林,93-4
三芝區,榆林,,1085,三芝區,錫板,番婆林,93-5
三芝區,榆林,,1086,三芝區,錫板,番婆林,94
三芝區,榆林,,1087,三芝區,錫板,番婆林,95
三芝區,榆林,,1088,三芝區,錫板,番婆林,97
三芝區,榆林,,1089,三芝區,錫板,番婆林,97-1
三芝區,榆林,,109,三芝區,後厝,陽住坑,67
三芝區,榆林,,1090,三芝區,錫板,番婆林,98
三芝區,榆林,,1091,三芝區,錫板,番婆林,98-1
三芝區,榆林,,1092,三芝區,錫板,番婆林,99
三芝區,榆林,,1093,三芝區,錫板,番婆林,99-2
三芝區,榆林,,1094,三芝區,錫板,番婆林,99-4
三芝區,榆林,,1095,三芝區,錫板,番婆林,99-6
三芝區,榆林,,1096,三芝區,錫板,番婆林,99-9
三芝區,榆林,,1097,三芝區,錫板,番婆林,103
三芝區,榆林,,1098,三芝區,錫板,番婆林,104
三芝區,榆林,,1099,三芝區,錫板,番婆林,105
三芝區,榆林,,11,三芝區,後厝,陽住坑,52-4
三芝區,榆林,,110,三芝區,後厝,陽住坑,68
三芝區,榆林,,1100,三芝區,錫板,番婆林,106
三芝區,榆林,,1101,三芝區,錫板,番婆林,106-1
三芝區,榆林,,1102,三芝區,錫板,番婆林,107
三芝區,榆林,,1103,三芝區,錫板,番婆林,107-1
三芝區,榆林,,1104,三芝區,錫板,番婆林,108
三芝區,榆林,,1105,三芝區,錫板,番婆林,108-1
三芝區,榆林,,1106,三芝區,錫板,番婆林,109
三芝區,榆林,,1107,三芝區,錫板,番婆林,109-1
三芝區,榆林,,1108,三芝區,錫板,番婆林,109-2
三芝區,榆林,,1109,三芝區,錫板,番婆林,110
三芝區,榆林,,111,三芝區,後厝,陽住坑,69
三芝區,榆林,,1110,三芝區,錫板,番婆林,111
三芝區,榆林,,1111,三芝區,錫板,番婆林,112
三芝區,榆林,,1112,三芝區,錫板,番婆林,113
三芝區,榆林,,1113,三芝區,錫板,番婆林,113-1
三芝區,榆林,,1114,三芝區,錫板,番婆林,113-2
三芝區,榆林,,1115,三芝區,錫板,番婆林,113-3
三芝區,榆林,,1116,三芝區,錫板,番婆林,115
三芝區,榆林,,1117,三芝區,錫板,番婆林,117
三芝區,榆林,,1118,三芝區,錫板,番婆林,117-1
三芝區,榆林,,1119,三芝區,錫板,番婆林,117-2
三芝區,榆林,,112,三芝區,後厝,陽住坑,70
三芝區,榆林,,1120,三芝區,錫板,番婆林,117-3
三芝區,榆林,,1121,三芝區,錫板,番婆林,118
三芝區,榆林,,1122,三芝區,錫板,番婆林,119
三芝區,榆林,,1123,三芝區,錫板,番婆林,120
三芝區,榆林,,1124,三芝區,錫板,番婆林,120-1
三芝區,榆林,,1125,三芝區,錫板,番婆林,120-2
三芝區,榆林,,1126,三芝區,錫板,番婆林,120-3
三芝區,榆林,,1127,三芝區,錫板,番婆林,120-4
三芝區,榆林,,1128,三芝區,錫板,番婆林,121
三芝區,榆林,,1129,三芝區,錫板,番婆林,122
三芝區,榆林,,113,三芝區,後厝,陽住坑,70-1
三芝區,榆林,,1130,三芝區,錫板,番婆林,123
三芝區,榆林,,1131,三芝區,錫板,番婆林,124
三芝區,榆林,,1132,三芝區,錫板,番婆林,125
三芝區,榆林,,1133,三芝區,錫板,番婆林,126
三芝區,榆林,,1134,三芝區,錫板,番婆林,126-1
三芝區,榆林,,1135,三芝區,錫板,番婆林,126-2
三芝區,榆林,,1136,三芝區,錫板,番婆林,126-3
三芝區,榆林,,1137,三芝區,錫板,番婆林,127
三芝區,榆林,,1138,三芝區,錫板,番婆林,127-1
三芝區,榆林,,1139,三芝區,錫板,番婆林,127-2
三芝區,榆林,,114,三芝區,後厝,陽住坑,70-2
三芝區,榆林,,1140,三芝區,錫板,番婆林,127-3
三芝區,榆林,,1141,三芝區,錫板,番婆林,128
三芝區,榆林,,1142,三芝區,錫板,番婆林,128-1
三芝區,榆林,,1143,三芝區,錫板,番婆林,129
三芝區,榆林,,1144,三芝區,錫板,番婆林,129-1
三芝區,榆林,,1145,三芝區,錫板,番婆林,129-2
三芝區,榆林,,1146,三芝區,錫板,番婆林,130
三芝區,榆林,,1147,三芝區,錫板,番婆林,131
三芝區,榆林,,1148,三芝區,錫板,番婆林,131-1
三芝區,榆林,,1149,三芝區,錫板,番婆林,131-2
三芝區,榆林,,115,三芝區,後厝,陽住坑,70-3
三芝區,榆林,,1150,三芝區,錫板,番婆林,132
三芝區,榆林,,1151,三芝區,錫板,番婆林,132-1
三芝區,榆林,,1152,三芝區,錫板,番婆林,133
三芝區,榆林,,1153,三芝區,錫板,番婆林,134
三芝區,榆林,,1154,三芝區,錫板,番婆林,135
三芝區,榆林,,1155,三芝區,錫板,番婆林,136
三芝區,榆林,,1156,三芝區,錫板,番婆林,137
三芝區,榆林,,1157,三芝區,錫板,番婆林,138
三芝區,榆林,,1158,三芝區,錫板,番婆林,139
三芝區,榆林,,1159,三芝區,錫板,番婆林,139-1
三芝區,榆林,,116,三芝區,後厝,陽住坑,70-4
三芝區,榆林,,1160,三芝區,錫板,番婆林,140
三芝區,榆林,,1161,三芝區,錫板,番婆林,140-2
三芝區,榆林,,1162,三芝區,錫板,番婆林,141
三芝區,榆林,,1163,三芝區,錫板,番婆林,142
三芝區,榆林,,1164,三芝區,錫板,番婆林,142-1
三芝區,榆林,,1165,三芝區,錫板,番婆林,142-2
三芝區,榆林,,1166,三芝區,錫板,番婆林,143
三芝區,榆林,,1167,三芝區,錫板,番婆林,143-1
三芝區,榆林,,1168,三芝區,錫板,番婆林,144
三芝區,榆林,,1169,三芝區,錫板,番婆林,144-1
三芝區,榆林,,117,三芝區,後厝,陽住坑,71
三芝區,榆林,,1170,三芝區,錫板,番婆林,145
三芝區,榆林,,1171,三芝區,錫板,番婆林,145-1
三芝區,榆林,,1172,三芝區,錫板,番婆林,146
三芝區,榆林,,1173,三芝區,錫板,番婆林,146-1
三芝區,榆林,,1174,三芝區,錫板,番婆林,146-2
三芝區,榆林,,1175,三芝區,錫板,番婆林,146-3
三芝區,榆林,,1176,三芝區,錫板,番婆林,146-4
三芝區,榆林,,1177,三芝區,錫板,番婆林,146-5
三芝區,榆林,,1178,三芝區,錫板,番婆林,147
三芝區,榆林,,1179,三芝區,錫板,番婆林,147-1
三芝區,榆林,,118,三芝區,後厝,陽住坑,78
三芝區,榆林,,1180,三芝區,錫板,番婆林,148
三芝區,榆林,,1181,三芝區,錫板,番婆林,149
三芝區,榆林,,1182,三芝區,錫板,番婆林,150
三芝區,榆林,,1183,三芝區,錫板,番婆林,151
三芝區,榆林,,1184,三芝區,錫板,番婆林,152
三芝區,榆林,,1185,三芝區,錫板,番婆林,153
三芝區,榆林,,1186,三芝區,錫板,番婆林,154
三芝區,榆林,,1187,三芝區,錫板,番婆林,155
三芝區,榆林,,1188,三芝區,錫板,番婆林,156
三芝區,榆林,,1189,三芝區,錫板,番婆林,157
三芝區,榆林,,119,三芝區,後厝,陽住坑,78-1
三芝區,榆林,,1190,三芝區,錫板,番婆林,158
三芝區,榆林,,1191,三芝區,錫板,番婆林,159
三芝區,榆林,,1192,三芝區,錫板,番婆林,159-1
三芝區,榆林,,1193,三芝區,錫板,番婆林,160
三芝區,榆林,,1194,三芝區,錫板,番婆林,160-1
三芝區,榆林,,1195,三芝區,錫板,番婆林,161
三芝區,榆林,,1196,三芝區,錫板,番婆林,161-1
三芝區,榆林,,1197,三芝區,錫板,番婆林,161-2
三芝區,榆林,,1198,三芝區,錫板,番婆林,161-3
三芝區,榆林,,1199,三芝區,錫板,番婆林,162
三芝區,榆林,,12,三芝區,後厝,陽住坑,52-5
三芝區,榆林,,120,三芝區,後厝,陽住坑,79
三芝區,榆林,,1200,三芝區,錫板,番婆林,163
三芝區,榆林,,1201,三芝區,錫板,番婆林,163-1
三芝區,榆林,,1202,三芝區,錫板,番婆林,164
三芝區,榆林,,1203,三芝區,錫板,番婆林,165
三芝區,榆林,,1204,三芝區,錫板,番婆林,166
三芝區,榆林,,1205,三芝區,錫板,番婆林,166-1
三芝區,榆林,,1206,三芝區,錫板,番婆林,167
三芝區,榆林,,1207,三芝區,錫板,番婆林,167-1
三芝區,榆林,,1208,三芝區,錫板,番婆林,167-2
三芝區,榆林,,1209,三芝區,錫板,番婆林,167-3
三芝區,榆林,,121,三芝區,後厝,陽住坑,79-2
三芝區,榆林,,1210,三芝區,錫板,番婆林,167-4
三芝區,榆林,,1211,三芝區,錫板,番婆林,167-5
三芝區,榆林,,1212,三芝區,錫板,番婆林,167-6
三芝區,榆林,,1213,三芝區,錫板,番婆林,167-7
三芝區,榆林,,1214,三芝區,錫板,番婆林,168
三芝區,榆林,,1215,三芝區,錫板,番婆林,168-1
三芝區,榆林,,1216,三芝區,錫板,番婆林,169
三芝區,榆林,,1217,三芝區,錫板,番婆林,170
三芝區,榆林,,1218,三芝區,錫板,番婆林,170-1
三芝區,榆林,,1219,三芝區,錫板,番婆林,170-2
三芝區,榆林,,122,三芝區,後厝,陽住坑,79-3
三芝區,榆林,,1220,三芝區,錫板,番婆林,171
三芝區,榆林,,1221,三芝區,錫板,番婆林,172
三芝區,榆林,,123,三芝區,後厝,陽住坑,80
三芝區,榆林,,124,三芝區,後厝,陽住坑,81
三芝區,榆林,,125,三芝區,後厝,陽住坑,81-1
三芝區,榆林,,126,三芝區,後厝,陽住坑,81-2
三芝區,榆林,,127,三芝區,後厝,陽住坑,81-3
三芝區,榆林,,128,三芝區,後厝,陽住坑,82
三芝區,榆林,,129,三芝區,後厝,陽住坑,83
三芝區,榆林,,13,三芝區,後厝,陽住坑,52-6
三芝區,榆林,,130,三芝區,後厝,陽住坑,85
三芝區,榆林,,131,三芝區,後厝,陽住坑,100
三芝區,榆林,,132,三芝區,後厝,陽住坑,101
三芝區,榆林,,133,三芝區,後厝,陽住坑,101-2
三芝區,榆林,,134,三芝區,後厝,陽住坑,102
三芝區,榆林,,135,三芝區,後厝,陽住坑,134
三芝區,榆林,,136,三芝區,後厝,陽住坑,134-1
三芝區,榆林,,137,三芝區,後厝,陽住坑,134-2
三芝區,榆林,,138,三芝區,後厝,陽住坑,134-3
三芝區,榆林,,139,三芝區,後厝,陽住坑,135-2
三芝區,榆林,,14,三芝區,後厝,陽住坑,52-7
三芝區,榆林,,140,三芝區,後厝,陽住坑,251
三芝區,榆林,,141,三芝區,後厝,陽住坑,2
三芝區,榆林,,142,三芝區,後厝,陽住坑,21-2
三芝區,榆林,,146,三芝區,後厝,陽住坑,52-9
三芝區,榆林,,147,三芝區,後厝,陽住坑,52-10
三芝區,榆林,,148,三芝區,後厝,陽住坑,52-12
三芝區,榆林,,149,三芝區,後厝,陽住坑,53
三芝區,榆林,,15,三芝區,後厝,陽住坑,52-8
三芝區,榆林,,150,三芝區,後厝,陽住坑,79-1
三芝區,榆林,,151,三芝區,後厝,陽住坑,84
三芝區,榆林,,152,三芝區,後厝,陽住坑,86
三芝區,榆林,,153,三芝區,後厝,陽住坑,87
三芝區,榆林,,154,三芝區,後厝,陽住坑,89
三芝區,榆林,,155,三芝區,後厝,陽住坑,91-10
三芝區,榆林,,156,三芝區,後厝,陽住坑,91-11
三芝區,榆林,,157,三芝區,後厝,陽住坑,91-12
三芝區,榆林,,158,三芝區,後厝,陽住坑,91-13
三芝區,榆林,,159,三芝區,後厝,陽住坑,91-14
三芝區,榆林,,16,三芝區,後厝,陽住坑,87-1
三芝區,榆林,,160,三芝區,後厝,陽住坑,91-15
三芝區,榆林,,161,三芝區,後厝,陽住坑,91-16
三芝區,榆林,,162,三芝區,後厝,陽住坑,91-17
三芝區,榆林,,163,三芝區,後厝,陽住坑,91-18
三芝區,榆林,,164,三芝區,後厝,陽住坑,93-2
三芝區,榆林,,165,三芝區,後厝,陽住坑,94
三芝區,榆林,,166,三芝區,後厝,陽住坑,95
三芝區,榆林,,167,三芝區,後厝,陽住坑,96
三芝區,榆林,,168,三芝區,後厝,陽住坑,96-1
三芝區,榆林,,169,三芝區,後厝,陽住坑,97
三芝區,榆林,,17,三芝區,後厝,陽住坑,88
三芝區,榆林,,170,三芝區,後厝,陽住坑,98
三芝區,榆林,,171,三芝區,後厝,陽住坑,99
三芝區,榆林,,172,三芝區,後厝,陽住坑,99-1
三芝區,榆林,,173,三芝區,後厝,陽住坑,102-1
三芝區,榆林,,174,三芝區,後厝,陽住坑,103
三芝區,榆林,,175,三芝區,後厝,陽住坑,103-1
三芝區,榆林,,176,三芝區,後厝,陽住坑,103-2
三芝區,榆林,,177,三芝區,後厝,陽住坑,103-3
三芝區,榆林,,178,三芝區,後厝,陽住坑,104
三芝區,榆林,,179,三芝區,後厝,陽住坑,104-1
三芝區,榆林,,18,三芝區,後厝,陽住坑,90
三芝區,榆林,,180,三芝區,後厝,陽住坑,105
三芝區,榆林,,181,三芝區,後厝,陽住坑,105-1
三芝區,榆林,,182,三芝區,後厝,陽住坑,106
三芝區,榆林,,183,三芝區,後厝,陽住坑,106-1
三芝區,榆林,,184,三芝區,後厝,陽住坑,107
三芝區,榆林,,185,三芝區,後厝,陽住坑,107-1
三芝區,榆林,,186,三芝區,後厝,陽住坑,108
三芝區,榆林,,187,三芝區,後厝,陽住坑,108-1
三芝區,榆林,,188,三芝區,後厝,陽住坑,108-2
三芝區,榆林,,189,三芝區,後厝,陽住坑,108-3
三芝區,榆林,,19,三芝區,後厝,陽住坑,91
三芝區,榆林,,190,三芝區,後厝,陽住坑,108-4
三芝區,榆林,,191,三芝區,後厝,陽住坑,108-5
三芝區,榆林,,192,三芝區,後厝,陽住坑,108-6
三芝區,榆林,,193,三芝區,後厝,陽住坑,109-1
三芝區,榆林,,194,三芝區,後厝,陽住坑,109-2
三芝區,榆林,,195,三芝區,後厝,陽住坑,110-1
三芝區,榆林,,196,三芝區,後厝,陽住坑,111
三芝區,榆林,,197,三芝區,後厝,陽住坑,111-1
三芝區,榆林,,198,三芝區,後厝,陽住坑,120-3
三芝區,榆林,,2,三芝區,後厝,陽住坑,1-1
三芝區,榆林,,20,三芝區,後厝,陽住坑,5
三芝區,榆林,,202,三芝區,錫板,番婆林,3-5
三芝區,榆林,,203,三芝區,錫板,番婆林,3-6
三芝區,榆林,,204,三芝區,錫板,番婆林,3-7
三芝區,榆林,,205,三芝區,錫板,番婆林,3-8
三芝區,榆林,,206,三芝區,錫板,番婆林,3-9
三芝區,榆林,,207,三芝區,錫板,番婆林,3-10
三芝區,榆林,,208,三芝區,錫板,番婆林,4
三芝區,榆林,,209,三芝區,錫板,番婆林,4-1
三芝區,榆林,,21,三芝區,後厝,陽住坑,7
三芝區,榆林,,210,三芝區,錫板,番婆林,4-4
三芝區,榆林,,211,三芝區,錫板,番婆林,4-5
三芝區,榆林,,212,三芝區,錫板,番婆林,4-6
三芝區,榆林,,213,三芝區,錫板,番婆林,4-7
三芝區,榆林,,214,三芝區,錫板,番婆林,4-8
三芝區,榆林,,215,三芝區,錫板,番婆林,4-9
三芝區,榆林,,216,三芝區,錫板,番婆林,4-10
三芝區,榆林,,217,三芝區,錫板,番婆林,4-11
三芝區,榆林,,218,三芝區,錫板,番婆林,4-12
三芝區,榆林,,219,三芝區,錫板,番婆林,4-13
三芝區,榆林,,22,三芝區,後厝,陽住坑,4
三芝區,榆林,,220,三芝區,錫板,番婆林,4-14
三芝區,榆林,,221,三芝區,錫板,番婆林,4-15
三芝區,榆林,,222,三芝區,錫板,番婆林,6
三芝區,榆林,,223,三芝區,錫板,番婆林,9
三芝區,榆林,,224,三芝區,錫板,番婆林,9-1
三芝區,榆林,,225,三芝區,錫板,番婆林,9-2
三芝區,榆林,,226,三芝區,錫板,番婆林,9-3
三芝區,榆林,,227,三芝區,錫板,番婆林,9-4
三芝區,榆林,,228,三芝區,錫板,番婆林,9-5
三芝區,榆林,,229,三芝區,錫板,番婆林,9-6
三芝區,榆林,,23,三芝區,後厝,陽住坑,4-1
三芝區,榆林,,230,三芝區,錫板,番婆林,10
三芝區,榆林,,231,三芝區,錫板,番婆林,11
三芝區,榆林,,232,三芝區,錫板,番婆林,12
三芝區,榆林,,233,三芝區,錫板,番婆林,12-1
三芝區,榆林,,234,三芝區,錫板,番婆林,12-3
三芝區,榆林,,235,三芝區,錫板,番婆林,12-4
三芝區,榆林,,236,三芝區,錫板,番婆林,12-5
三芝區,榆林,,237,三芝區,錫板,番婆林,12-6
三芝區,榆林,,238,三芝區,錫板,番婆林,13
三芝區,榆林,,239,三芝區,錫板,番婆林,14
三芝區,榆林,,24,三芝區,後厝,陽住坑,4-2
三芝區,榆林,,240,三芝區,錫板,番婆林,14-1
三芝區,榆林,,241,三芝區,錫板,番婆林,14-3
三芝區,榆林,,242,三芝區,錫板,番婆林,14-4
三芝區,榆林,,243,三芝區,錫板,番婆林,14-5
三芝區,榆林,,244,三芝區,錫板,番婆林,14-6
三芝區,榆林,,245,三芝區,錫板,番婆林,14-7
三芝區,榆林,,246,三芝區,錫板,番婆林,15-1
三芝區,榆林,,247,三芝區,錫板,番婆林,15-2
三芝區,榆林,,248,三芝區,錫板,番婆林,15-3
三芝區,榆林,,249,三芝區,錫板,番婆林,15-6
三芝區,榆林,,25,三芝區,後厝,陽住坑,6
三芝區,榆林,,250,三芝區,錫板,番婆林,15-7
三芝區,榆林,,251,三芝區,錫板,番婆林,17-3
三芝區,榆林,,252,三芝區,錫板,番婆林,17-4
三芝區,榆林,,253,三芝區,錫板,番婆林,21
三芝區,榆林,,254,三芝區,錫板,番婆林,21-3
三芝區,榆林,,256,三芝區,錫板,番婆林,15
三芝區,榆林,,257,三芝區,錫板,番婆林,15-4
三芝區,榆林,,258,三芝區,錫板,番婆林,15-5
三芝區,榆林,,259,三芝區,錫板,番婆林,15-8
三芝區,榆林,,26,三芝區,後厝,陽住坑,6-1
三芝區,榆林,,260,三芝區,錫板,番婆林,15-9
三芝區,榆林,,261,三芝區,錫板,番婆林,15-10
三芝區,榆林,,262,三芝區,錫板,番婆林,17
三芝區,榆林,,263,三芝區,錫板,番婆林,21-1
三芝區,榆林,,264,三芝區,錫板,番婆林,21-2
三芝區,榆林,,265,三芝區,錫板,番婆林,26-1
三芝區,榆林,,266,三芝區,錫板,番婆林,27
三芝區,榆林,,268,三芝區,錫板,番婆林,1
三芝區,榆林,,269,三芝區,錫板,番婆林,1-1
三芝區,榆林,,27,三芝區,後厝,陽住坑,8
三芝區,榆林,,270,三芝區,錫板,番婆林,1-2
三芝區,榆林,,271,三芝區,錫板,番婆林,1-3
三芝區,榆林,,272,三芝區,錫板,番婆林,2
三芝區,榆林,,273,三芝區,錫板,番婆林,3
三芝區,榆林,,274,三芝區,錫板,番婆林,3-3
三芝區,榆林,,275,三芝區,錫板,番婆林,3-4
三芝區,榆林,,276,三芝區,錫板,番婆林,4-2
三芝區,榆林,,277,三芝區,錫板,番婆林,4-3
三芝區,榆林,,278,三芝區,錫板,番婆林,7
三芝區,榆林,,28,三芝區,後厝,陽住坑,9
三芝區,榆林,,280,三芝區,錫板,海尾,40
三芝區,榆林,,281,三芝區,錫板,海尾,40-1
三芝區,榆林,,282,三芝區,錫板,海尾,40-2
三芝區,榆林,,283,三芝區,錫板,海尾,40-4
三芝區,榆林,,284,三芝區,錫板,海尾,41
三芝區,榆林,,285,三芝區,錫板,海尾,42
三芝區,榆林,,286,三芝區,錫板,海尾,43
三芝區,榆林,,287,三芝區,錫板,海尾,43-1
三芝區,榆林,,288,三芝區,錫板,海尾,44
三芝區,榆林,,289,三芝區,錫板,海尾,45
三芝區,榆林,,29,三芝區,後厝,陽住坑,10
三芝區,榆林,,290,三芝區,錫板,海尾,45-1
三芝區,榆林,,291,三芝區,錫板,海尾,46-3
三芝區,榆林,,292,三芝區,錫板,海尾,48-1
三芝區,榆林,,293,三芝區,錫板,海尾,117
三芝區,榆林,,294,三芝區,錫板,海尾,117-1
三芝區,榆林,,295,三芝區,錫板,海尾,118
三芝區,榆林,,296,三芝區,錫板,海尾,118-1
三芝區,榆林,,297,三芝區,錫板,海尾,118-2
三芝區,榆林,,298,三芝區,錫板,海尾,119
三芝區,榆林,,299,三芝區,錫板,海尾,119-1
三芝區,榆林,,3,三芝區,後厝,陽住坑,1-2
三芝區,榆林,,30,三芝區,後厝,陽住坑,11
三芝區,榆林,,300,三芝區,錫板,海尾,119-3
三芝區,榆林,,301,三芝區,錫板,海尾,119-5
三芝區,榆林,,302,三芝區,錫板,海尾,119-6
三芝區,榆林,,303,三芝區,錫板,海尾,120
三芝區,榆林,,304,三芝區,錫板,海尾,120-2
三芝區,榆林,,305,三芝區,錫板,海尾,120-3
三芝區,榆林,,306,三芝區,錫板,海尾,120-4
三芝區,榆林,,307,三芝區,錫板,海尾,121
三芝區,榆林,,308,三芝區,錫板,海尾,122
三芝區,榆林,,309,三芝區,錫板,海尾,123
三芝區,榆林,,31,三芝區,後厝,陽住坑,12
三芝區,榆林,,310,三芝區,錫板,海尾,124
三芝區,榆林,,311,三芝區,錫板,海尾,124-1
三芝區,榆林,,312,三芝區,錫板,海尾,125
三芝區,榆林,,313,三芝區,錫板,海尾,125-2
三芝區,榆林,,314,三芝區,錫板,海尾,125-3
三芝區,榆林,,315,三芝區,錫板,海尾,126
三芝區,榆林,,316,三芝區,錫板,海尾,126-1
三芝區,榆林,,317,三芝區,錫板,海尾,127-1
三芝區,榆林,,318,三芝區,錫板,海尾,127-3
三芝區,榆林,,319,三芝區,錫板,海尾,127-7
三芝區,榆林,,32,三芝區,後厝,陽住坑,12-1
三芝區,榆林,,320,三芝區,錫板,海尾,127-8
三芝區,榆林,,321,三芝區,錫板,海尾,127-9
三芝區,榆林,,322,三芝區,錫板,海尾,129
三芝區,榆林,,323,三芝區,錫板,海尾,131
三芝區,榆林,,324,三芝區,錫板,海尾,133
三芝區,榆林,,325,三芝區,錫板,海尾,133-1
三芝區,榆林,,326,三芝區,錫板,海尾,133-2
三芝區,榆林,,327,三芝區,錫板,海尾,133-3
三芝區,榆林,,328,三芝區,錫板,海尾,134
三芝區,榆林,,329,三芝區,錫板,海尾,134-1
三芝區,榆林,,33,三芝區,後厝,陽住坑,13
三芝區,榆林,,330,三芝區,錫板,海尾,134-2
三芝區,榆林,,331,三芝區,錫板,海尾,134-5
三芝區,榆林,,332,三芝區,錫板,海尾,134-6
三芝區,榆林,,335,三芝區,錫板,海尾,130
三芝區,榆林,,336,三芝區,錫板,海尾,132
三芝區,榆林,,337,三芝區,錫板,海尾,23-1
三芝區,榆林,,338,三芝區,錫板,海尾,23-2
三芝區,榆林,,339,三芝區,錫板,海尾,24
三芝區,榆林,,34,三芝區,後厝,陽住坑,14
三芝區,榆林,,340,三芝區,錫板,海尾,24-1
三芝區,榆林,,341,三芝區,錫板,海尾,24-2
三芝區,榆林,,342,三芝區,錫板,海尾,24-3
三芝區,榆林,,343,三芝區,錫板,海尾,26
三芝區,榆林,,344,三芝區,錫板,海尾,26-1
三芝區,榆林,,345,三芝區,錫板,海尾,26-2
三芝區,榆林,,346,三芝區,錫板,海尾,26-3
三芝區,榆林,,347,三芝區,錫板,海尾,26-4
三芝區,榆林,,348,三芝區,錫板,海尾,26-5
三芝區,榆林,,349,三芝區,錫板,海尾,27
三芝區,榆林,,35,三芝區,後厝,陽住坑,15
三芝區,榆林,,350,三芝區,錫板,海尾,28
三芝區,榆林,,351,三芝區,錫板,海尾,28-1
三芝區,榆林,,352,三芝區,錫板,海尾,28-2
三芝區,榆林,,353,三芝區,錫板,海尾,30-2
三芝區,榆林,,354,三芝區,錫板,海尾,30-3
三芝區,榆林,,355,三芝區,錫板,海尾,30-4
三芝區,榆林,,356,三芝區,錫板,海尾,30-5
三芝區,榆林,,357,三芝區,錫板,海尾,30-6
三芝區,榆林,,358,三芝區,錫板,海尾,30-7
三芝區,榆林,,359,三芝區,錫板,海尾,32-1
三芝區,榆林,,36,三芝區,後厝,陽住坑,16
三芝區,榆林,,360,三芝區,錫板,海尾,32-2
三芝區,榆林,,361,三芝區,錫板,海尾,32-3
三芝區,榆林,,362,三芝區,錫板,海尾,33-3
三芝區,榆林,,363,三芝區,錫板,海尾,35
三芝區,榆林,,364,三芝區,錫板,海尾,35-1
三芝區,榆林,,365,三芝區,錫板,海尾,35-2
三芝區,榆林,,366,三芝區,錫板,海尾,36
三芝區,榆林,,367,三芝區,錫板,海尾,36-1
三芝區,榆林,,368,三芝區,錫板,海尾,37
三芝區,榆林,,369,三芝區,錫板,海尾,38
三芝區,榆林,,37,三芝區,後厝,陽住坑,17
三芝區,榆林,,370,三芝區,錫板,海尾,38-1
三芝區,榆林,,371,三芝區,錫板,海尾,39
三芝區,榆林,,372,三芝區,錫板,海尾,39-1
三芝區,榆林,,373,三芝區,錫板,海尾,39-2
三芝區,榆林,,374,三芝區,錫板,海尾,46
三芝區,榆林,,375,三芝區,錫板,海尾,46-2
三芝區,榆林,,376,三芝區,錫板,海尾,48-2
三芝區,榆林,,377,三芝區,錫板,海尾,48-3
三芝區,榆林,,378,三芝區,錫板,海尾,48-4
三芝區,榆林,,379,三芝區,錫板,海尾,48-5
三芝區,榆林,,38,三芝區,後厝,陽住坑,18
三芝區,榆林,,380,三芝區,錫板,海尾,48-6
三芝區,榆林,,381,三芝區,錫板,海尾,48-7
三芝區,榆林,,382,三芝區,錫板,海尾,48-8
三芝區,榆林,,383,三芝區,錫板,海尾,48-9
三芝區,榆林,,386,三芝區,後厝,北勢子,5
三芝區,榆林,,387,三芝區,後厝,北勢子,9
三芝區,榆林,,388,三芝區,後厝,北勢子,10-1
三芝區,榆林,,389,三芝區,後厝,北勢子,11
三芝區,榆林,,39,三芝區,後厝,陽住坑,18-1
三芝區,榆林,,390,三芝區,後厝,北勢子,11-1
三芝區,榆林,,391,三芝區,後厝,北勢子,11-2
三芝區,榆林,,392,三芝區,後厝,北勢子,13
三芝區,榆林,,393,三芝區,後厝,北勢子,14
三芝區,榆林,,394,三芝區,後厝,北勢子,15
三芝區,榆林,,395,三芝區,後厝,北勢子,16
三芝區,榆林,,396,三芝區,後厝,北勢子,17
三芝區,榆林,,397,三芝區,後厝,北勢子,18
三芝區,榆林,,398,三芝區,後厝,北勢子,19
三芝區,榆林,,399,三芝區,後厝,北勢子,20
三芝區,榆林,,40,三芝區,後厝,陽住坑,19
三芝區,榆林,,400,三芝區,後厝,北勢子,21
三芝區,榆林,,401,三芝區,後厝,北勢子,22
三芝區,榆林,,402,三芝區,後厝,北勢子,23
三芝區,榆林,,403,三芝區,後厝,北勢子,24
三芝區,榆林,,404,三芝區,後厝,北勢子,25
三芝區,榆林,,405,三芝區,後厝,北勢子,25-1
三芝區,榆林,,406,三芝區,後厝,北勢子,25-2
三芝區,榆林,,407,三芝區,後厝,北勢子,26
三芝區,榆林,,408,三芝區,後厝,北勢子,26-1
三芝區,榆林,,409,三芝區,後厝,北勢子,26-2
三芝區,榆林,,41,三芝區,後厝,陽住坑,20
三芝區,榆林,,410,三芝區,後厝,北勢子,26-5
三芝區,榆林,,411,三芝區,後厝,北勢子,26-6
三芝區,榆林,,412,三芝區,後厝,北勢子,26-7
三芝區,榆林,,413,三芝區,後厝,北勢子,26-8
三芝區,榆林,,414,三芝區,後厝,北勢子,27
三芝區,榆林,,415,三芝區,後厝,北勢子,27-1
三芝區,榆林,,416,三芝區,後厝,北勢子,28
三芝區,榆林,,417,三芝區,後厝,北勢子,29
三芝區,榆林,,418,三芝區,後厝,北勢子,30-1
三芝區,榆林,,419,三芝區,後厝,北勢子,30-4
三芝區,榆林,,42,三芝區,後厝,陽住坑,21
三芝區,榆林,,420,三芝區,後厝,北勢子,30-8
三芝區,榆林,,421,三芝區,後厝,北勢子,30-9
三芝區,榆林,,422,三芝區,後厝,北勢子,36
三芝區,榆林,,423,三芝區,後厝,北勢子,47
三芝區,榆林,,424,三芝區,後厝,北勢子,47-1
三芝區,榆林,,425,三芝區,後厝,北勢子,67
三芝區,榆林,,426,三芝區,後厝,北勢子,67-1
三芝區,榆林,,427,三芝區,後厝,北勢子,67-2
三芝區,榆林,,428,三芝區,後厝,北勢子,67-3
三芝區,榆林,,429,三芝區,後厝,北勢子,67-4
三芝區,榆林,,43,三芝區,後厝,陽住坑,21-1
三芝區,榆林,,430,三芝區,後厝,北勢子,68
三芝區,榆林,,431,三芝區,後厝,北勢子,69
三芝區,榆林,,432,三芝區,後厝,北勢子,69-1
三芝區,榆林,,433,三芝區,後厝,北勢子,70
三芝區,榆林,,434,三芝區,後厝,北勢子,74
三芝區,榆林,,435,三芝區,後厝,北勢子,76
三芝區,榆林,,436,三芝區,後厝,北勢子,77
三芝區,榆林,,437,三芝區,後厝,北勢子,78
三芝區,榆林,,438,三芝區,後厝,北勢子,78-1
三芝區,榆林,,439,三芝區,後厝,北勢子,79
三芝區,榆林,,440,三芝區,後厝,北勢子,79-1
三芝區,榆林,,441,三芝區,後厝,北勢子,79-2
三芝區,榆林,,442,三芝區,後厝,北勢子,80
三芝區,榆林,,443,三芝區,後厝,北勢子,80-1
三芝區,榆林,,445,三芝區,後厝,北勢子,80-3
三芝區,榆林,,446,三芝區,後厝,北勢子,80-4
三芝區,榆林,,447,三芝區,後厝,北勢子,81-1
三芝區,榆林,,448,三芝區,後厝,北勢子,81-2
三芝區,榆林,,449,三芝區,後厝,北勢子,81-4
三芝區,榆林,,45,三芝區,後厝,陽住坑,21-3
三芝區,榆林,,450,三芝區,後厝,北勢子,82
三芝區,榆林,,451,三芝區,後厝,北勢子,82-2
三芝區,榆林,,452,三芝區,後厝,北勢子,82-3
三芝區,榆林,,453,三芝區,後厝,北勢子,82-4
三芝區,榆林,,454,三芝區,後厝,北勢子,82-5
三芝區,榆林,,455,三芝區,後厝,北勢子,82-6
三芝區,榆林,,456,三芝區,後厝,北勢子,83-3
三芝區,榆林,,457,三芝區,後厝,北勢子,83-4
三芝區,榆林,,458,三芝區,後厝,北勢子,85
三芝區,榆林,,459,三芝區,後厝,北勢子,85-1
三芝區,榆林,,46,三芝區,後厝,陽住坑,22
三芝區,榆林,,460,三芝區,後厝,北勢子,85-2
三芝區,榆林,,461,三芝區,後厝,北勢子,85-3
三芝區,榆林,,462,三芝區,後厝,北勢子,85-4
三芝區,榆林,,463,三芝區,後厝,北勢子,85-5
三芝區,榆林,,464,三芝區,後厝,北勢子,85-6
三芝區,榆林,,465,三芝區,後厝,北勢子,85-10
三芝區,榆林,,466,三芝區,後厝,北勢子,85-12
三芝區,榆林,,467,三芝區,後厝,北勢子,85-13
三芝區,榆林,,468,三芝區,後厝,北勢子,85-14
三芝區,榆林,,469,三芝區,後厝,北勢子,88-2
三芝區,榆林,,47,三芝區,錫板,海尾,47
三芝區,榆林,,470,三芝區,後厝,北勢子,90
三芝區,榆林,,471,三芝區,後厝,北勢子,90-2
三芝區,榆林,,472,三芝區,後厝,北勢子,90-3
三芝區,榆林,,473,三芝區,後厝,北勢子,80-2
三芝區,榆林,,475,三芝區,後厝,北勢子,1
三芝區,榆林,,476,三芝區,後厝,北勢子,2
三芝區,榆林,,477,三芝區,後厝,北勢子,3
三芝區,榆林,,478,三芝區,後厝,北勢子,4
三芝區,榆林,,479,三芝區,後厝,北勢子,6
三芝區,榆林,,48,三芝區,後厝,陽住坑,23
三芝區,榆林,,480,三芝區,後厝,北勢子,6-1
三芝區,榆林,,481,三芝區,後厝,北勢子,7
三芝區,榆林,,482,三芝區,後厝,北勢子,8
三芝區,榆林,,483,三芝區,後厝,北勢子,12
三芝區,榆林,,484,三芝區,後厝,北勢子,26-3
三芝區,榆林,,485,三芝區,後厝,北勢子,26-4
三芝區,榆林,,486,三芝區,後厝,北勢子,30-2
三芝區,榆林,,487,三芝區,後厝,北勢子,30-3
三芝區,榆林,,488,三芝區,後厝,北勢子,32
三芝區,榆林,,489,三芝區,後厝,北勢子,33
三芝區,榆林,,49,三芝區,後厝,陽住坑,23-1
三芝區,榆林,,490,三芝區,後厝,北勢子,36-9
三芝區,榆林,,491,三芝區,後厝,北勢子,36-10
三芝區,榆林,,492,三芝區,後厝,北勢子,36-11
三芝區,榆林,,493,三芝區,後厝,北勢子,36-12
三芝區,榆林,,494,三芝區,後厝,北勢子,36-13
三芝區,榆林,,495,三芝區,後厝,北勢子,37
三芝區,榆林,,496,三芝區,後厝,北勢子,38
三芝區,榆林,,497,三芝區,後厝,北勢子,39
三芝區,榆林,,498,三芝區,後厝,北勢子,42
三芝區,榆林,,499,三芝區,後厝,北勢子,43
三芝區,榆林,,5,三芝區,後厝,陽住坑,3
三芝區,榆林,,50,三芝區,後厝,陽住坑,23-2
三芝區,榆林,,500,三芝區,後厝,北勢子,43-1
三芝區,榆林,,501,三芝區,後厝,北勢子,43-2
三芝區,榆林,,502,三芝區,後厝,北勢子,43-3
三芝區,榆林,,503,三芝區,後厝,北勢子,45
三芝區,榆林,,504,三芝區,後厝,北勢子,45-1
三芝區,榆林,,505,三芝區,後厝,北勢子,45-2
三芝區,榆林,,506,三芝區,後厝,北勢子,45-3
三芝區,榆林,,507,三芝區,後厝,北勢子,45-4
三芝區,榆林,,508,三芝區,後厝,北勢子,45-5
三芝區,榆林,,509,三芝區,後厝,北勢子,45-6
三芝區,榆林,,51,三芝區,後厝,陽住坑,24
三芝區,榆林,,510,三芝區,後厝,北勢子,45-7
三芝區,榆林,,511,三芝區,後厝,北勢子,45-8
三芝區,榆林,,512,三芝區,後厝,北勢子,45-9
三芝區,榆林,,513,三芝區,後厝,北勢子,45-10
三芝區,榆林,,514,三芝區,後厝,北勢子,45-11
三芝區,榆林,,515,三芝區,後厝,北勢子,45-12
三芝區,榆林,,516,三芝區,後厝,北勢子,45-13
三芝區,榆林,,517,三芝區,後厝,北勢子,48
三芝區,榆林,,518,三芝區,後厝,北勢子,48-1
三芝區,榆林,,519,三芝區,後厝,北勢子,50
三芝區,榆林,,52,三芝區,後厝,陽住坑,24-1
三芝區,榆林,,520,三芝區,後厝,北勢子,50-1
三芝區,榆林,,521,三芝區,後厝,北勢子,50-2
三芝區,榆林,,522,三芝區,後厝,北勢子,50-3
三芝區,榆林,,523,三芝區,後厝,北勢子,50-4
三芝區,榆林,,524,三芝區,後厝,北勢子,50-5
三芝區,榆林,,525,三芝區,後厝,北勢子,51
三芝區,榆林,,526,三芝區,後厝,北勢子,51-1
三芝區,榆林,,527,三芝區,後厝,北勢子,51-2
三芝區,榆林,,528,三芝區,後厝,北勢子,51-3
三芝區,榆林,,529,三芝區,後厝,北勢子,52
三芝區,榆林,,53,三芝區,後厝,陽住坑,25
三芝區,榆林,,530,三芝區,後厝,北勢子,52-1
三芝區,榆林,,531,三芝區,後厝,北勢子,52-2
三芝區,榆林,,532,三芝區,後厝,北勢子,52-3
三芝區,榆林,,533,三芝區,後厝,北勢子,53
三芝區,榆林,,534,三芝區,後厝,北勢子,53-1
三芝區,榆林,,535,三芝區,後厝,北勢子,53-2
三芝區,榆林,,536,三芝區,後厝,北勢子,53-3
三芝區,榆林,,537,三芝區,後厝,北勢子,54
三芝區,榆林,,538,三芝區,後厝,北勢子,54-1
三芝區,榆林,,539,三芝區,後厝,北勢子,54-2
三芝區,榆林,,54,三芝區,後厝,陽住坑,26
三芝區,榆林,,540,三芝區,後厝,北勢子,54-3
三芝區,榆林,,541,三芝區,後厝,北勢子,54-4
三芝區,榆林,,542,三芝區,後厝,北勢子,57
三芝區,榆林,,543,三芝區,後厝,北勢子,57-1
三芝區,榆林,,544,三芝區,後厝,北勢子,58
三芝區,榆林,,545,三芝區,後厝,北勢子,59
三芝區,榆林,,546,三芝區,後厝,北勢子,60
三芝區,榆林,,547,三芝區,後厝,北勢子,61
三芝區,榆林,,548,三芝區,後厝,北勢子,62
三芝區,榆林,,549,三芝區,後厝,北勢子,63
三芝區,榆林,,55,三芝區,後厝,陽住坑,27
三芝區,榆林,,550,三芝區,後厝,北勢子,63-1
三芝區,榆林,,551,三芝區,後厝,北勢子,63-2
三芝區,榆林,,552,三芝區,後厝,北勢子,65
三芝區,榆林,,553,三芝區,後厝,北勢子,66
三芝區,榆林,,554,三芝區,後厝,北勢子,66-1
三芝區,榆林,,555,三芝區,後厝,北勢子,66-2
三芝區,榆林,,556,三芝區,後厝,北勢子,66-3
三芝區,榆林,,557,三芝區,後厝,北勢子,66-4
三芝區,榆林,,558,三芝區,後厝,北勢子,66-5
三芝區,榆林,,559,三芝區,後厝,北勢子,70-1
三芝區,榆林,,56,三芝區,後厝,陽住坑,28
三芝區,榆林,,560,三芝區,後厝,北勢子,70-2
三芝區,榆林,,561,三芝區,後厝,北勢子,70-3
三芝區,榆林,,562,三芝區,後厝,北勢子,70-4
三芝區,榆林,,563,三芝區,後厝,北勢子,71
三芝區,榆林,,564,三芝區,後厝,北勢子,71-1
三芝區,榆林,,565,三芝區,後厝,北勢子,72
三芝區,榆林,,566,三芝區,後厝,北勢子,88
三芝區,榆林,,567,三芝區,後厝,北勢子,89
三芝區,榆林,,568,三芝區,後厝,北勢子,89-1
三芝區,榆林,,569,三芝區,後厝,北勢子,90-1
三芝區,榆林,,57,三芝區,後厝,陽住坑,29
三芝區,榆林,,570,三芝區,後厝,北勢子,90-4
三芝區,榆林,,571,三芝區,後厝,北勢子,91
三芝區,榆林,,572,三芝區,後厝,北勢子,91-1
三芝區,榆林,,573,三芝區,後厝,北勢子,92
三芝區,榆林,,574,三芝區,後厝,北勢子,93
三芝區,榆林,,575,三芝區,後厝,北勢子,94
三芝區,榆林,,576,三芝區,後厝,北勢子,95
三芝區,榆林,,577,三芝區,後厝,北勢子,99
三芝區,榆林,,578,三芝區,後厝,北勢子,99-1
三芝區,榆林,,579,三芝區,後厝,北勢子,99-2
三芝區,榆林,,58,三芝區,後厝,陽住坑,30
三芝區,榆林,,580,三芝區,後厝,北勢子,100
三芝區,榆林,,581,三芝區,後厝,北勢子,134
三芝區,榆林,,582,三芝區,後厝,北勢子,138-4
三芝區,榆林,,583,三芝區,後厝,北勢子,138-5
三芝區,榆林,,584,三芝區,後厝,北勢子,138-6
三芝區,榆林,,585,三芝區,後厝,北勢子,138-7
三芝區,榆林,,586,三芝區,後厝,北勢子,140-2
三芝區,榆林,,587,三芝區,後厝,北勢子,141-1
三芝區,榆林,,588,三芝區,後厝,北勢子,142-1
三芝區,榆林,,589,三芝區,後厝,北勢子,144
三芝區,榆林,,59,三芝區,後厝,陽住坑,30-1
三芝區,榆林,,590,三芝區,後厝,北勢子,144-1
三芝區,榆林,,591,三芝區,後厝,北勢子,144-2
三芝區,榆林,,592,三芝區,後厝,北勢子,145
三芝區,榆林,,593,三芝區,後厝,北勢子,147
三芝區,榆林,,594,三芝區,後厝,北勢子,148
三芝區,榆林,,595,三芝區,後厝,北勢子,149
三芝區,榆林,,596,三芝區,後厝,北勢子,149-2
三芝區,榆林,,597,三芝區,後厝,北勢子,150
三芝區,榆林,,598,三芝區,後厝,北勢子,150-1
三芝區,榆林,,599,三芝區,後厝,北勢子,151
三芝區,榆林,,6,三芝區,後厝,陽住坑,4-3
三芝區,榆林,,60,三芝區,後厝,陽住坑,30-2
三芝區,榆林,,600,三芝區,後厝,北勢子,153-1
三芝區,榆林,,605,三芝區,後厝,北勢子,81
三芝區,榆林,,606,三芝區,後厝,北勢子,81-3
三芝區,榆林,,607,三芝區,後厝,北勢子,81-5
三芝區,榆林,,608,三芝區,後厝,北勢子,82-1
三芝區,榆林,,609,三芝區,後厝,北勢子,83
三芝區,榆林,,61,三芝區,後厝,陽住坑,31
三芝區,榆林,,610,三芝區,後厝,北勢子,83-1
三芝區,榆林,,611,三芝區,後厝,北勢子,83-2
三芝區,榆林,,612,三芝區,後厝,北勢子,84
三芝區,榆林,,613,三芝區,後厝,北勢子,85-7
三芝區,榆林,,614,三芝區,後厝,北勢子,85-8
三芝區,榆林,,615,三芝區,後厝,北勢子,85-9
三芝區,榆林,,616,三芝區,後厝,北勢子,85-11
三芝區,榆林,,617,三芝區,後厝,北勢子,101
三芝區,榆林,,618,三芝區,後厝,北勢子,101-1
三芝區,榆林,,619,三芝區,後厝,北勢子,103
三芝區,榆林,,62,三芝區,後厝,陽住坑,31-1
三芝區,榆林,,620,三芝區,後厝,北勢子,104
三芝區,榆林,,621,三芝區,後厝,北勢子,104-1
三芝區,榆林,,622,三芝區,後厝,北勢子,104-2
三芝區,榆林,,623,三芝區,後厝,北勢子,104-3
三芝區,榆林,,624,三芝區,後厝,北勢子,104-4
三芝區,榆林,,625,三芝區,後厝,北勢子,104-5
三芝區,榆林,,626,三芝區,後厝,北勢子,105
三芝區,榆林,,627,三芝區,後厝,北勢子,105-1
三芝區,榆林,,628,三芝區,後厝,北勢子,105-2
三芝區,榆林,,629,三芝區,後厝,北勢子,107
三芝區,榆林,,63,三芝區,後厝,陽住坑,31-2
三芝區,榆林,,630,三芝區,後厝,北勢子,108
三芝區,榆林,,631,三芝區,後厝,北勢子,108-1
三芝區,榆林,,632,三芝區,後厝,北勢子,108-2
三芝區,榆林,,633,三芝區,後厝,北勢子,108-3
三芝區,榆林,,634,三芝區,後厝,北勢子,108-4
三芝區,榆林,,635,三芝區,後厝,北勢子,109-1
三芝區,榆林,,636,三芝區,後厝,北勢子,109-2
三芝區,榆林,,637,三芝區,後厝,北勢子,109-3
三芝區,榆林,,638,三芝區,後厝,北勢子,109-4
三芝區,榆林,,639,三芝區,後厝,北勢子,109-5
三芝區,榆林,,64,三芝區,後厝,陽住坑,31-3
三芝區,榆林,,640,三芝區,後厝,北勢子,109-6
三芝區,榆林,,641,三芝區,後厝,北勢子,109-7
三芝區,榆林,,642,三芝區,後厝,北勢子,109-8
三芝區,榆林,,643,三芝區,後厝,北勢子,109-9
三芝區,榆林,,644,三芝區,後厝,北勢子,109-10
三芝區,榆林,,645,三芝區,後厝,北勢子,109-11
三芝區,榆林,,646,三芝區,後厝,北勢子,109-12
三芝區,榆林,,647,三芝區,後厝,北勢子,109-13
三芝區,榆林,,648,三芝區,後厝,北勢子,109-14
三芝區,榆林,,649,三芝區,後厝,北勢子,111-2
三芝區,榆林,,65,三芝區,後厝,陽住坑,32
三芝區,榆林,,650,三芝區,後厝,北勢子,111-3
三芝區,榆林,,651,三芝區,後厝,北勢子,111-4
三芝區,榆林,,652,三芝區,後厝,北勢子,111-5
三芝區,榆林,,653,三芝區,後厝,北勢子,111-7
三芝區,榆林,,654,三芝區,後厝,北勢子,111-8
三芝區,榆林,,655,三芝區,後厝,北勢子,111-9
三芝區,榆林,,656,三芝區,後厝,北勢子,111-10
三芝區,榆林,,657,三芝區,後厝,北勢子,111-11
三芝區,榆林,,658,三芝區,後厝,北勢子,111-12
三芝區,榆林,,659,三芝區,後厝,北勢子,111-13
三芝區,榆林,,66,三芝區,後厝,陽住坑,33
三芝區,榆林,,660,三芝區,後厝,北勢子,111-14
三芝區,榆林,,661,三芝區,後厝,北勢子,111-15
三芝區,榆林,,662,三芝區,後厝,北勢子,111-16
三芝區,榆林,,663,三芝區,後厝,北勢子,111-17
三芝區,榆林,,664,三芝區,後厝,北勢子,111-18
三芝區,榆林,,665,三芝區,後厝,北勢子,111-19
三芝區,榆林,,666,三芝區,後厝,北勢子,111-20
三芝區,榆林,,667,三芝區,後厝,北勢子,112
三芝區,榆林,,668,三芝區,後厝,北勢子,112-1
三芝區,榆林,,669,三芝區,後厝,北勢子,112-2
三芝區,榆林,,67,三芝區,後厝,陽住坑,34
三芝區,榆林,,670,三芝區,後厝,北勢子,113
三芝區,榆林,,671,三芝區,後厝,北勢子,113-1
三芝區,榆林,,672,三芝區,後厝,北勢子,113-2
三芝區,榆林,,673,三芝區,後厝,北勢子,113-3
三芝區,榆林,,674,三芝區,後厝,北勢子,114-2
三芝區,榆林,,675,三芝區,後厝,北勢子,114-4
三芝區,榆林,,676,三芝區,後厝,北勢子,114-6
三芝區,榆林,,677,三芝區,後厝,北勢子,114-7
三芝區,榆林,,678,三芝區,後厝,北勢子,114-8
三芝區,榆林,,679,三芝區,後厝,北勢子,114-11
三芝區,榆林,,68,三芝區,後厝,陽住坑,35
三芝區,榆林,,680,三芝區,後厝,北勢子,114-15
三芝區,榆林,,681,三芝區,後厝,北勢子,114-16
三芝區,榆林,,682,三芝區,後厝,北勢子,114-17
三芝區,榆林,,683,三芝區,後厝,北勢子,114-18
三芝區,榆林,,684,三芝區,後厝,北勢子,114-19
三芝區,榆林,,685,三芝區,後厝,北勢子,114-20
三芝區,榆林,,686,三芝區,後厝,北勢子,114-21
三芝區,榆林,,687,三芝區,後厝,北勢子,114-22
三芝區,榆林,,688,三芝區,後厝,北勢子,114-23
三芝區,榆林,,689,三芝區,後厝,北勢子,114-24
三芝區,榆林,,69,三芝區,後厝,陽住坑,36
三芝區,榆林,,690,三芝區,後厝,北勢子,114-25
三芝區,榆林,,691,三芝區,後厝,北勢子,114-26
三芝區,榆林,,692,三芝區,後厝,北勢子,114-27
三芝區,榆林,,693,三芝區,後厝,北勢子,114-28
三芝區,榆林,,694,三芝區,後厝,北勢子,114-29
三芝區,榆林,,695,三芝區,後厝,北勢子,114-30
三芝區,榆林,,696,三芝區,後厝,北勢子,114-31
三芝區,榆林,,697,三芝區,後厝,北勢子,114-32
三芝區,榆林,,698,三芝區,後厝,北勢子,114-33
三芝區,榆林,,699,三芝區,後厝,北勢子,114-34
三芝區,榆林,,7,三芝區,後厝,陽住坑,4-4
三芝區,榆林,,70,三芝區,後厝,陽住坑,37
三芝區,榆林,,700,三芝區,後厝,北勢子,114-35
三芝區,榆林,,701,三芝區,後厝,北勢子,114-36
三芝區,榆林,,702,三芝區,後厝,北勢子,114-37
三芝區,榆林,,703,三芝區,後厝,北勢子,114-38
三芝區,榆林,,704,三芝區,後厝,北勢子,114-39
三芝區,榆林,,705,三芝區,後厝,北勢子,114-40
三芝區,榆林,,706,三芝區,後厝,北勢子,114-41
三芝區,榆林,,707,三芝區,後厝,北勢子,114-43
三芝區,榆林,,708,三芝區,後厝,北勢子,114-44
三芝區,榆林,,709,三芝區,後厝,北勢子,114-45
三芝區,榆林,,71,三芝區,後厝,陽住坑,38
三芝區,榆林,,710,三芝區,後厝,北勢子,114-57
三芝區,榆林,,711,三芝區,後厝,北勢子,114-58
三芝區,榆林,,712,三芝區,後厝,北勢子,114-59
三芝區,榆林,,713,三芝區,後厝,北勢子,114-60
三芝區,榆林,,714,三芝區,後厝,北勢子,114-61
三芝區,榆林,,715,三芝區,後厝,北勢子,114-62
三芝區,榆林,,716,三芝區,後厝,北勢子,114-63
三芝區,榆林,,717,三芝區,後厝,北勢子,114-64
三芝區,榆林,,718,三芝區,後厝,北勢子,114-65
三芝區,榆林,,719,三芝區,後厝,北勢子,114-66
三芝區,榆林,,72,三芝區,後厝,陽住坑,39
三芝區,榆林,,720,三芝區,後厝,北勢子,114-67
三芝區,榆林,,721,三芝區,後厝,北勢子,114-68
三芝區,榆林,,722,三芝區,後厝,北勢子,114-69
三芝區,榆林,,723,三芝區,後厝,北勢子,114-70
三芝區,榆林,,724,三芝區,後厝,北勢子,114-71
三芝區,榆林,,725,三芝區,後厝,北勢子,114-72
三芝區,榆林,,726,三芝區,後厝,北勢子,114-73
三芝區,榆林,,727,三芝區,後厝,北勢子,114-74
三芝區,榆林,,728,三芝區,後厝,北勢子,114-75
三芝區,榆林,,729,三芝區,後厝,北勢子,114-76
三芝區,榆林,,73,三芝區,後厝,陽住坑,39-1
三芝區,榆林,,730,三芝區,後厝,北勢子,114-77
三芝區,榆林,,731,三芝區,後厝,北勢子,114-78
三芝區,榆林,,732,三芝區,後厝,北勢子,114-79
三芝區,榆林,,733,三芝區,後厝,北勢子,114-80
三芝區,榆林,,734,三芝區,後厝,北勢子,114-81
三芝區,榆林,,735,三芝區,後厝,北勢子,114-82
三芝區,榆林,,736,三芝區,後厝,北勢子,114-83
三芝區,榆林,,737,三芝區,後厝,北勢子,114-84
三芝區,榆林,,738,三芝區,後厝,北勢子,114-85
三芝區,榆林,,739,三芝區,後厝,北勢子,114-86
三芝區,榆林,,74,三芝區,後厝,陽住坑,40
三芝區,榆林,,740,三芝區,後厝,北勢子,114-87
三芝區,榆林,,741,三芝區,後厝,北勢子,114-88
三芝區,榆林,,742,三芝區,後厝,北勢子,114-89
三芝區,榆林,,743,三芝區,後厝,北勢子,114-90
三芝區,榆林,,744,三芝區,後厝,北勢子,114-91
三芝區,榆林,,745,三芝區,後厝,北勢子,114-92
三芝區,榆林,,746,三芝區,後厝,北勢子,114-93
三芝區,榆林,,747,三芝區,後厝,北勢子,114-94
三芝區,榆林,,748,三芝區,後厝,北勢子,114-95
三芝區,榆林,,749,三芝區,後厝,北勢子,114-96
三芝區,榆林,,75,三芝區,後厝,陽住坑,41
三芝區,榆林,,750,三芝區,後厝,北勢子,114-97
三芝區,榆林,,751,三芝區,後厝,北勢子,114-99
三芝區,榆林,,752,三芝區,後厝,北勢子,114-102
三芝區,榆林,,753,三芝區,後厝,北勢子,114-103
三芝區,榆林,,754,三芝區,後厝,北勢子,114-104
三芝區,榆林,,755,三芝區,後厝,北勢子,114-105
三芝區,榆林,,756,三芝區,後厝,北勢子,115
三芝區,榆林,,757,三芝區,後厝,北勢子,115-1
三芝區,榆林,,758,三芝區,後厝,北勢子,116-1
三芝區,榆林,,759,三芝區,後厝,北勢子,116-2
三芝區,榆林,,76,三芝區,後厝,陽住坑,41-1
三芝區,榆林,,760,三芝區,後厝,北勢子,117-1
三芝區,榆林,,761,三芝區,後厝,北勢子,118
三芝區,榆林,,762,三芝區,後厝,北勢子,118-1
三芝區,榆林,,763,三芝區,後厝,北勢子,119
三芝區,榆林,,764,三芝區,後厝,北勢子,119-1
三芝區,榆林,,765,三芝區,後厝,北勢子,120
三芝區,榆林,,766,三芝區,後厝,北勢子,121
三芝區,榆林,,767,三芝區,後厝,北勢子,235
三芝區,榆林,,768,三芝區,後厝,北勢子,235-1
三芝區,榆林,,769,三芝區,後厝,北勢子,235-2
三芝區,榆林,,77,三芝區,後厝,陽住坑,42
三芝區,榆林,,770,三芝區,後厝,北勢子,236
三芝區,榆林,,771,三芝區,後厝,北勢子,236-1
三芝區,榆林,,772,三芝區,後厝,北勢子,236-2
三芝區,榆林,,773,三芝區,後厝,北勢子,236-3
三芝區,榆林,,774,三芝區,後厝,北勢子,236-4
三芝區,榆林,,775,三芝區,後厝,北勢子,237
三芝區,榆林,,776,三芝區,後厝,北勢子,238
三芝區,榆林,,777,三芝區,後厝,北勢子,239
三芝區,榆林,,778,三芝區,後厝,北勢子,240
三芝區,榆林,,779,三芝區,後厝,北勢子,241
三芝區,榆林,,78,三芝區,後厝,陽住坑,42-1
三芝區,榆林,,782,三芝區,後厝,北勢子,88-1
三芝區,榆林,,783,三芝區,後厝,北勢子,88-3
三芝區,榆林,,784,三芝區,後厝,北勢子,97
三芝區,榆林,,785,三芝區,後厝,北勢子,98
三芝區,榆林,,786,三芝區,後厝,北勢子,98-1
三芝區,榆林,,787,三芝區,後厝,北勢子,121-2
三芝區,榆林,,788,三芝區,後厝,北勢子,122
三芝區,榆林,,789,三芝區,後厝,北勢子,122-2
三芝區,榆林,,79,三芝區,後厝,陽住坑,42-2
三芝區,榆林,,790,三芝區,後厝,北勢子,122-3
三芝區,榆林,,791,三芝區,後厝,北勢子,123-1
三芝區,榆林,,792,三芝區,後厝,北勢子,123-2
三芝區,榆林,,793,三芝區,後厝,北勢子,124-3
三芝區,榆林,,794,三芝區,後厝,北勢子,129
三芝區,榆林,,795,三芝區,後厝,北勢子,129-1
三芝區,榆林,,796,三芝區,後厝,北勢子,129-3
三芝區,榆林,,797,三芝區,後厝,北勢子,129-4
三芝區,榆林,,798,三芝區,後厝,北勢子,129-6
三芝區,榆林,,799,三芝區,後厝,北勢子,130
三芝區,榆林,,8,三芝區,後厝,陽住坑,52-1
三芝區,榆林,,80,三芝區,後厝,陽住坑,43
三芝區,榆林,,800,三芝區,後厝,北勢子,130-3
三芝區,榆林,,801,三芝區,後厝,北勢子,131-1
三芝區,榆林,,802,三芝區,後厝,北勢子,131-2
三芝區,榆林,,803,三芝區,後厝,北勢子,132
三芝區,榆林,,804,三芝區,後厝,北勢子,132-1
三芝區,榆林,,805,三芝區,後厝,北勢子,132-2
三芝區,榆林,,806,三芝區,後厝,北勢子,132-3
三芝區,榆林,,807,三芝區,後厝,北勢子,132-4
三芝區,榆林,,808,三芝區,後厝,北勢子,132-5
三芝區,榆林,,809,三芝區,後厝,北勢子,132-6
三芝區,榆林,,81,三芝區,後厝,陽住坑,43-1
三芝區,榆林,,810,三芝區,後厝,北勢子,132-7
三芝區,榆林,,811,三芝區,後厝,北勢子,132-8
三芝區,榆林,,812,三芝區,後厝,北勢子,132-9
三芝區,榆林,,813,三芝區,後厝,北勢子,133-1
三芝區,榆林,,814,三芝區,後厝,北勢子,134-1
三芝區,榆林,,815,三芝區,後厝,北勢子,135
三芝區,榆林,,816,三芝區,後厝,北勢子,136
三芝區,榆林,,817,三芝區,後厝,北勢子,137
三芝區,榆林,,818,三芝區,後厝,北勢子,137-1
三芝區,榆林,,819,三芝區,後厝,北勢子,137-2
三芝區,榆林,,82,三芝區,後厝,陽住坑,43-2
三芝區,榆林,,820,三芝區,後厝,北勢子,137-3
三芝區,榆林,,821,三芝區,後厝,北勢子,137-4
三芝區,榆林,,822,三芝區,後厝,北勢子,138
三芝區,榆林,,823,三芝區,後厝,北勢子,138-1
三芝區,榆林,,824,三芝區,後厝,北勢子,138-2
三芝區,榆林,,83,三芝區,後厝,陽住坑,43-3
三芝區,榆林,,830,三芝區,錫板,海尾,46-1
三芝區,榆林,,834,三芝區,錫板,海尾,186
三芝區,榆林,,837,三芝區,後厝,陽住坑,65-1
三芝區,榆林,,838,三芝區,後厝,陽住坑,65-2
三芝區,榆林,,839,三芝區,後厝,陽住坑,65-3
三芝區,榆林,,84,三芝區,後厝,陽住坑,43-4
三芝區,榆林,,840,三芝區,後厝,陽住坑,65-4
三芝區,榆林,,841,三芝區,後厝,陽住坑,65-5
三芝區,榆林,,843,三芝區,後厝,陽住坑,55-1
三芝區,榆林,,844,三芝區,後厝,陽住坑,55-2
三芝區,榆林,,845,三芝區,後厝,陽住坑,55-3
三芝區,榆林,,846,三芝區,後厝,陽住坑,55-4
三芝區,榆林,,847,三芝區,後厝,陽住坑,55-5
三芝區,榆林,,848,三芝區,後厝,陽住坑,55-6
三芝區,榆林,,85,三芝區,後厝,陽住坑,43-5
三芝區,榆林,,86,三芝區,後厝,陽住坑,45
三芝區,榆林,,87,三芝區,後厝,陽住坑,46
三芝區,榆林,,871,三芝區,後厝,陽住坑,112-1
三芝區,榆林,,872,三芝區,後厝,陽住坑,117-3
三芝區,榆林,,873,三芝區,後厝,陽住坑,117-4
三芝區,榆林,,874,三芝區,後厝,陽住坑,117-5
三芝區,榆林,,875,三芝區,後厝,陽住坑,117-7
三芝區,榆林,,876,三芝區,後厝,陽住坑,117-10
三芝區,榆林,,877,三芝區,後厝,陽住坑,120-2
三芝區,榆林,,878,三芝區,後厝,陽住坑,121-2
三芝區,榆林,,879,三芝區,後厝,陽住坑,127-1
三芝區,榆林,,88,三芝區,後厝,陽住坑,47
三芝區,榆林,,880,三芝區,後厝,陽住坑,129-1
三芝區,榆林,,881,三芝區,後厝,陽住坑,133-1
三芝區,榆林,,882,三芝區,後厝,陽住坑,136-3
三芝區,榆林,,883,三芝區,後厝,番子崙,1
三芝區,榆林,,884,三芝區,後厝,番子崙,2
三芝區,榆林,,885,三芝區,後厝,番子崙,3
三芝區,榆林,,886,三芝區,後厝,番子崙,4
三芝區,榆林,,887,三芝區,後厝,番子崙,5
三芝區,榆林,,888,三芝區,後厝,番子崙,6
三芝區,榆林,,889,三芝區,後厝,番子崙,7
三芝區,榆林,,89,三芝區,後厝,陽住坑,48
三芝區,榆林,,890,三芝區,後厝,番子崙,8
三芝區,榆林,,891,三芝區,後厝,番子崙,9
三芝區,榆林,,892,三芝區,後厝,番子崙,10
三芝區,榆林,,893,三芝區,後厝,番子崙,10-1
三芝區,榆林,,894,三芝區,後厝,番子崙,10-2
三芝區,榆林,,895,三芝區,後厝,番子崙,11-1
三芝區,榆林,,896,三芝區,後厝,番子崙,13
三芝區,榆林,,897,三芝區,後厝,番子崙,14
三芝區,榆林,,898,三芝區,後厝,番子崙,15
三芝區,榆林,,899,三芝區,後厝,番子崙,15-1
三芝區,榆林,,9,三芝區,後厝,陽住坑,52-2
三芝區,榆林,,90,三芝區,後厝,陽住坑,50
三芝區,榆林,,900,三芝區,後厝,番子崙,16
三芝區,榆林,,901,三芝區,後厝,番子崙,17
三芝區,榆林,,902,三芝區,後厝,番子崙,18
三芝區,榆林,,903,三芝區,後厝,番子崙,18-1
三芝區,榆林,,904,三芝區,後厝,番子崙,20
三芝區,榆林,,905,三芝區,後厝,番子崙,21
三芝區,榆林,,906,三芝區,後厝,番子崙,22
三芝區,榆林,,907,三芝區,後厝,番子崙,23
三芝區,榆林,,908,三芝區,後厝,番子崙,23-6
三芝區,榆林,,909,三芝區,後厝,番子崙,23-7
三芝區,榆林,,91,三芝區,後厝,陽住坑,51
三芝區,榆林,,910,三芝區,後厝,番子崙,23-8
三芝區,榆林,,911,三芝區,後厝,番子崙,23-9
三芝區,榆林,,912,三芝區,後厝,番子崙,23-10
三芝區,榆林,,913,三芝區,後厝,番子崙,23-11
三芝區,榆林,,914,三芝區,後厝,番子崙,23-12
三芝區,榆林,,915,三芝區,後厝,番子崙,23-13
三芝區,榆林,,916,三芝區,後厝,番子崙,23-14
三芝區,榆林,,917,三芝區,後厝,番子崙,23-15
三芝區,榆林,,918,三芝區,後厝,番子崙,25
三芝區,榆林,,919,三芝區,後厝,番子崙,25-3
三芝區,榆林,,92,三芝區,後厝,陽住坑,52
三芝區,榆林,,920,三芝區,後厝,番子崙,25-4
三芝區,榆林,,921,三芝區,後厝,番子崙,25-5
三芝區,榆林,,922,三芝區,後厝,番子崙,25-6
三芝區,榆林,,923,三芝區,後厝,番子崙,25-7
三芝區,榆林,,924,三芝區,後厝,番子崙,26
三芝區,榆林,,925,三芝區,後厝,番子崙,26-1
三芝區,榆林,,926,三芝區,後厝,番子崙,27
三芝區,榆林,,927,三芝區,後厝,番子崙,28
三芝區,榆林,,928,三芝區,後厝,番子崙,29
三芝區,榆林,,929,三芝區,後厝,番子崙,30
三芝區,榆林,,93,三芝區,後厝,陽住坑,52-11
三芝區,榆林,,930,三芝區,後厝,番子崙,31
三芝區,榆林,,931,三芝區,後厝,番子崙,32
三芝區,榆林,,932,三芝區,後厝,番子崙,32-1
三芝區,榆林,,933,三芝區,後厝,番子崙,32-2
三芝區,榆林,,934,三芝區,後厝,番子崙,33-1
三芝區,榆林,,935,三芝區,後厝,番子崙,43-5
三芝區,榆林,,936,三芝區,後厝,番子崙,43-6
三芝區,榆林,,937,三芝區,後厝,番子崙,43-7
三芝區,榆林,,938,三芝區,後厝,番子崙,43-8
三芝區,榆林,,939,三芝區,後厝,番子崙,43-9
三芝區,榆林,,94,三芝區,後厝,陽住坑,52-13
三芝區,榆林,,940,三芝區,後厝,番子崙,44
三芝區,榆林,,941,三芝區,後厝,番子崙,44-1
三芝區,榆林,,942,三芝區,後厝,番子崙,45
三芝區,榆林,,943,三芝區,後厝,番子崙,45-1
三芝區,榆林,,944,三芝區,後厝,番子崙,45-2
三芝區,榆林,,945,三芝區,後厝,番子崙,46
三芝區,榆林,,946,三芝區,後厝,番子崙,48
三芝區,榆林,,947,三芝區,後厝,番子崙,48-1
三芝區,榆林,,948,三芝區,後厝,番子崙,49
三芝區,榆林,,949,三芝區,後厝,番子崙,49-1
三芝區,榆林,,95,三芝區,後厝,陽住坑,53-1
三芝區,榆林,,950,三芝區,後厝,番子崙,49-4
三芝區,榆林,,951,三芝區,後厝,番子崙,49-5
三芝區,榆林,,952,三芝區,後厝,番子崙,49-6
三芝區,榆林,,953,三芝區,後厝,番子崙,49-7
三芝區,榆林,,954,三芝區,後厝,番子崙,49-9
三芝區,榆林,,955,三芝區,後厝,番子崙,49-11
三芝區,榆林,,956,三芝區,後厝,番子崙,49-12
三芝區,榆林,,957,三芝區,後厝,番子崙,51-1
三芝區,榆林,,958,三芝區,後厝,番子崙,105-1
三芝區,榆林,,959,三芝區,後厝,番子崙,106-2
三芝區,榆林,,96,三芝區,後厝,陽住坑,53-2
三芝區,榆林,,960,三芝區,後厝,番子崙,107
三芝區,榆林,,961,三芝區,後厝,番子崙,107-1
三芝區,榆林,,962,三芝區,後厝,番子崙,109
三芝區,榆林,,963,三芝區,後厝,番子崙,109-2
三芝區,榆林,,964,三芝區,後厝,番子崙,120-1
三芝區,榆林,,965,三芝區,後厝,番子崙,120-2
三芝區,榆林,,966,三芝區,後厝,番子崙,121-1
三芝區,榆林,,967,三芝區,後厝,番子崙,121-2
三芝區,榆林,,968,三芝區,後厝,番子崙,124-1
三芝區,榆林,,969,三芝區,後厝,番子崙,125-3
三芝區,榆林,,97,三芝區,後厝,陽住坑,54
三芝區,榆林,,970,三芝區,後厝,番子崙,126-2
三芝區,榆林,,971,三芝區,後厝,番子崙,126-3
三芝區,榆林,,972,三芝區,後厝,番子崙,129-2
三芝區,榆林,,973,三芝區,後厝,番子崙,129-3
三芝區,榆林,,974,三芝區,後厝,番子崙,131-2
三芝區,榆林,,975,三芝區,後厝,番子崙,131-3
三芝區,榆林,,976,三芝區,後厝,番子崙,134-1
三芝區,榆林,,977,三芝區,後厝,番子崙,141-1
三芝區,榆林,,978,三芝區,後厝,番子崙,142-1
三芝區,榆林,,979,三芝區,後厝,番子崙,142-2
三芝區,榆林,,98,三芝區,後厝,陽住坑,54-1
三芝區,榆林,,980,三芝區,後厝,番子崙,143-3
三芝區,榆林,,981,三芝區,後厝,番子崙,143-4
三芝區,榆林,,982,三芝區,後厝,番子崙,144-1
三芝區,榆林,,983,三芝區,後厝,番子崙,144-2
三芝區,榆林,,984,三芝區,後厝,番子崙,146-1
三芝區,榆林,,989,三芝區,錫板,番婆林,28
三芝區,榆林,,99,三芝區,後厝,陽住坑,55
三芝區,榆林,,990,三芝區,錫板,番婆林,28-1
三芝區,榆林,,991,三芝區,錫板,番婆林,29
三芝區,榆林,,992,三芝區,錫板,番婆林,29-1
三芝區,榆林,,993,三芝區,錫板,番婆林,29-2
三芝區,榆林,,994,三芝區,錫板,番婆林,29-3
三芝區,榆林,,995,三芝區,錫板,番婆林,29-4
三芝區,榆林,,996,三芝區,錫板,番婆林,30
三芝區,榆林,,997,三芝區,錫板,番婆林,31
三芝區,榆林,,998,三芝區,錫板,番婆林,32
三芝區,榆林,,999,三芝區,錫板,番婆林,32-1
三芝區,橫山,,1,三芝區,新小基隆,橫山,1
三芝區,橫山,,10,三芝區,新小基隆,橫山,6
三芝區,橫山,,100,三芝區,新小基隆,橫山,72-2
三芝區,橫山,,1000,三芝區,新小基隆,橫山,249-5
三芝區,橫山,,1001,三芝區,新小基隆,橫山,249-4
三芝區,橫山,,1002,三芝區,新小基隆,橫山,249-1
三芝區,橫山,,1003,三芝區,新小基隆,橫山,249-2
三芝區,橫山,,1004,三芝區,新小基隆,橫山,249-9
三芝區,橫山,,1005,三芝區,新小基隆,橫山,249-6
三芝區,橫山,,1006,三芝區,新小基隆,橫山,249
三芝區,橫山,,1007,三芝區,新小基隆,橫山,249-8
三芝區,橫山,,1008,三芝區,新小基隆,橫山,247-1
三芝區,橫山,,1009,三芝區,新小基隆,橫山,247-2
三芝區,橫山,,101,三芝區,新小基隆,橫山,7-2
三芝區,橫山,,1010,三芝區,新小基隆,橫山,248
三芝區,橫山,,1011,三芝區,新小基隆,橫山,252-1
三芝區,橫山,,1012,三芝區,新小基隆,橫山,252
三芝區,橫山,,1013,三芝區,新小基隆,橫山,247
三芝區,橫山,,1014,三芝區,新小基隆,橫山,249-7
三芝區,橫山,,1015,三芝區,新小基隆,橫山,236
三芝區,橫山,,1016,三芝區,新小基隆,橫山,235
三芝區,橫山,,1017,三芝區,新小基隆,橫山,234-1
三芝區,橫山,,1018,三芝區,新小基隆,橫山,234-2
三芝區,橫山,,1019,三芝區,新小基隆,橫山,234-3
三芝區,橫山,,102,三芝區,新小基隆,橫山,7-7
三芝區,橫山,,1020,三芝區,新小基隆,橫山,234-4
三芝區,橫山,,1021,三芝區,新小基隆,橫山,234-5
三芝區,橫山,,1022,三芝區,新小基隆,橫山,234-6
三芝區,橫山,,1023,三芝區,新小基隆,橫山,229-7
三芝區,橫山,,1024,三芝區,新小基隆,橫山,233-1
三芝區,橫山,,1025,三芝區,新小基隆,橫山,234
三芝區,橫山,,1026,三芝區,新小基隆,橫山,232
三芝區,橫山,,1027,三芝區,新小基隆,橫山,233
三芝區,橫山,,1028,三芝區,新小基隆,橫山,242-3
三芝區,橫山,,1029,三芝區,新小基隆,橫山,231
三芝區,橫山,,103,三芝區,新小基隆,橫山,7-6
三芝區,橫山,,1030,三芝區,新小基隆,橫山,213
三芝區,橫山,,1031,三芝區,新小基隆,橫山,230
三芝區,橫山,,1032,三芝區,新小基隆,橫山,229
三芝區,橫山,,1033,三芝區,新小基隆,橫山,229-1
三芝區,橫山,,1034,三芝區,新小基隆,橫山,214-3
三芝區,橫山,,1035,三芝區,新小基隆,橫山,229-8
三芝區,橫山,,1036,三芝區,新小基隆,橫山,229-2
三芝區,橫山,,1037,三芝區,新小基隆,橫山,229-3
三芝區,橫山,,1038,三芝區,新小基隆,橫山,229-5
三芝區,橫山,,1039,三芝區,新小基隆,橫山,227-1
三芝區,橫山,,104,三芝區,新小基隆,橫山,7-5
三芝區,橫山,,1040,三芝區,新小基隆,橫山,214-2
三芝區,橫山,,1041,三芝區,新小基隆,橫山,213-1
三芝區,橫山,,1042,三芝區,新小基隆,橫山,229-6
三芝區,橫山,,1043,三芝區,新小基隆,橫山,229-4
三芝區,橫山,,1044,三芝區,新小基隆,橫山,215-5
三芝區,橫山,,1045,三芝區,新小基隆,橫山,214
三芝區,橫山,,1046,三芝區,新小基隆,橫山,214-1
三芝區,橫山,,1047,三芝區,新小基隆,橫山,227
三芝區,橫山,,1048,三芝區,新小基隆,橫山,228
三芝區,橫山,,1049,三芝區,新小基隆,橫山,228-1
三芝區,橫山,,105,三芝區,新小基隆,橫山,7-4
三芝區,橫山,,1050,三芝區,新小基隆,橫山,228-2
三芝區,橫山,,1051,三芝區,新小基隆,橫山,218-4
三芝區,橫山,,1052,三芝區,新小基隆,橫山,218-3
三芝區,橫山,,1053,三芝區,新小基隆,橫山,218
三芝區,橫山,,1054,三芝區,新小基隆,橫山,216-1
三芝區,橫山,,1055,三芝區,新小基隆,橫山,217-5
三芝區,橫山,,1056,三芝區,新小基隆,橫山,217-4
三芝區,橫山,,1057,三芝區,新小基隆,橫山,217-3
三芝區,橫山,,1058,三芝區,新小基隆,橫山,217-2
三芝區,橫山,,1059,三芝區,新小基隆,橫山,217-1
三芝區,橫山,,106,三芝區,新小基隆,橫山,7-3
三芝區,橫山,,1060,三芝區,新小基隆,橫山,217
三芝區,橫山,,1061,三芝區,新小基隆,橫山,216-2
三芝區,橫山,,1062,三芝區,新小基隆,橫山,215-1
三芝區,橫山,,1063,三芝區,新小基隆,橫山,216-5
三芝區,橫山,,1064,三芝區,新小基隆,橫山,216-4
三芝區,橫山,,1065,三芝區,新小基隆,橫山,215-3
三芝區,橫山,,1066,三芝區,新小基隆,橫山,215-4
三芝區,橫山,,1067,三芝區,新小基隆,橫山,215
三芝區,橫山,,1068,三芝區,新小基隆,橫山,212-1
三芝區,橫山,,1069,三芝區,新小基隆,橫山,212
三芝區,橫山,,107,三芝區,新小基隆,橫山,7-8
三芝區,橫山,,1070,三芝區,新小基隆,橫山,209-7
三芝區,橫山,,1071,三芝區,新小基隆,橫山,209-6
三芝區,橫山,,1072,三芝區,新小基隆,橫山,209-10
三芝區,橫山,,1073,三芝區,新小基隆,橫山,210-1
三芝區,橫山,,1074,三芝區,新小基隆,橫山,210-2
三芝區,橫山,,1075,三芝區,新小基隆,橫山,211
三芝區,橫山,,1076,三芝區,新小基隆,橫山,215-7
三芝區,橫山,,1077,三芝區,新小基隆,橫山,210-3
三芝區,橫山,,1078,三芝區,新小基隆,橫山,209-9
三芝區,橫山,,1079,三芝區,新小基隆,橫山,209-11
三芝區,橫山,,108,三芝區,新小基隆,橫山,7
三芝區,橫山,,1080,三芝區,新小基隆,橫山,215-9
三芝區,橫山,,1081,三芝區,新小基隆,橫山,215-6
三芝區,橫山,,1082,三芝區,新小基隆,橫山,215-8
三芝區,橫山,,1083,三芝區,新小基隆,橫山,209
三芝區,橫山,,1084,三芝區,新小基隆,橫山,209-4
三芝區,橫山,,1085,三芝區,新小基隆,橫山,215-2
三芝區,橫山,,1086,三芝區,新小基隆,橫山,215-10
三芝區,橫山,,1087,三芝區,新小基隆,橫山,215-11
三芝區,橫山,,1088,三芝區,新小基隆,橫山,215-12
三芝區,橫山,,1089,三芝區,新小基隆,橫山,215-13
三芝區,橫山,,109,三芝區,新小基隆,橫山,7-1
三芝區,橫山,,1090,三芝區,新小基隆,橫山,216
三芝區,橫山,,1091,三芝區,新小基隆,橫山,216-18
三芝區,橫山,,1092,三芝區,新小基隆,橫山,216-19
三芝區,橫山,,1093,三芝區,新小基隆,橫山,216-17
三芝區,橫山,,1094,三芝區,新小基隆,橫山,216-7
三芝區,橫山,,1095,三芝區,新小基隆,橫山,216-6
三芝區,橫山,,1096,三芝區,新小基隆,橫山,216-3
三芝區,橫山,,1097,三芝區,新小基隆,橫山,216-8
三芝區,橫山,,1098,三芝區,新小基隆,橫山,216-16
三芝區,橫山,,1099,三芝區,新小基隆,橫山,216-9
三芝區,橫山,,11,三芝區,新小基隆,橫山,6-3
三芝區,橫山,,110,三芝區,新小基隆,橫山,8-5
三芝區,橫山,,1100,三芝區,新小基隆,橫山,216-10
三芝區,橫山,,1101,三芝區,新小基隆,橫山,219
三芝區,橫山,,1102,三芝區,新小基隆,橫山,220
三芝區,橫山,,1103,三芝區,新小基隆,橫山,216-14
三芝區,橫山,,1104,三芝區,新小基隆,橫山,216-15
三芝區,橫山,,1105,三芝區,新小基隆,橫山,216-11
三芝區,橫山,,1106,三芝區,新小基隆,橫山,216-13
三芝區,橫山,,1107,三芝區,新小基隆,橫山,216-12
三芝區,橫山,,1108,三芝區,新小基隆,橫山,121-4
三芝區,橫山,,1109,三芝區,新小基隆,橫山,121-3
三芝區,橫山,,111,三芝區,新小基隆,橫山,8-4
三芝區,橫山,,1110,三芝區,新小基隆,橫山,121
三芝區,橫山,,1111,三芝區,新小基隆,橫山,199-1
三芝區,橫山,,1112,三芝區,新小基隆,橫山,199
三芝區,橫山,,1113,三芝區,新小基隆,橫山,137-2
三芝區,橫山,,1114,三芝區,新小基隆,橫山,137-1
三芝區,橫山,,1115,三芝區,新小基隆,橫山,137
三芝區,橫山,,1116,三芝區,新小基隆,橫山,132-1
三芝區,橫山,,1117,三芝區,新小基隆,橫山,132
三芝區,橫山,,1118,三芝區,新小基隆,橫山,131
三芝區,橫山,,1119,三芝區,新小基隆,橫山,138-4
三芝區,橫山,,112,三芝區,新小基隆,橫山,8
三芝區,橫山,,1120,三芝區,新小基隆,橫山,138-3
三芝區,橫山,,1121,三芝區,新小基隆,橫山,138
三芝區,橫山,,1122,三芝區,新小基隆,橫山,136-1
三芝區,橫山,,1123,三芝區,新小基隆,橫山,136
三芝區,橫山,,1124,三芝區,新小基隆,橫山,138-2
三芝區,橫山,,1125,三芝區,新小基隆,橫山,138-1
三芝區,橫山,,1126,三芝區,新小基隆,橫山,139
三芝區,橫山,,1127,三芝區,新小基隆,橫山,139-1
三芝區,橫山,,1128,三芝區,新小基隆,橫山,142
三芝區,橫山,,1129,三芝區,新小基隆,橫山,140
三芝區,橫山,,113,三芝區,新小基隆,橫山,8-1
三芝區,橫山,,1130,三芝區,新小基隆,橫山,140-1
三芝區,橫山,,1131,三芝區,新小基隆,橫山,126-7
三芝區,橫山,,1132,三芝區,新小基隆,橫山,126-3
三芝區,橫山,,1133,三芝區,新小基隆,橫山,135-1
三芝區,橫山,,1134,三芝區,新小基隆,橫山,142-1
三芝區,橫山,,1135,三芝區,新小基隆,橫山,139-2
三芝區,橫山,,1136,三芝區,新小基隆,橫山,135
三芝區,橫山,,1137,三芝區,新小基隆,橫山,134
三芝區,橫山,,1138,三芝區,新小基隆,橫山,133
三芝區,橫山,,1139,三芝區,新小基隆,橫山,133-1
三芝區,橫山,,114,三芝區,新小基隆,橫山,8-2
三芝區,橫山,,1140,三芝區,新小基隆,橫山,133-2
三芝區,橫山,,1141,三芝區,新小基隆,橫山,129
三芝區,橫山,,1142,三芝區,新小基隆,橫山,128-1
三芝區,橫山,,1143,三芝區,新小基隆,橫山,128
三芝區,橫山,,1144,三芝區,新小基隆,橫山,134-1
三芝區,橫山,,1145,三芝區,新小基隆,橫山,126-4
三芝區,橫山,,1146,三芝區,新小基隆,橫山,126-6
三芝區,橫山,,1147,三芝區,新小基隆,橫山,126-1
三芝區,橫山,,1148,三芝區,新小基隆,橫山,125-1
三芝區,橫山,,1149,三芝區,新小基隆,橫山,125-2
三芝區,橫山,,115,三芝區,新小基隆,橫山,9-3
三芝區,橫山,,1150,三芝區,新小基隆,橫山,141
三芝區,橫山,,1151,三芝區,新小基隆,橫山,141-1
三芝區,橫山,,1152,三芝區,新小基隆,橫山,143-1
三芝區,橫山,,1153,三芝區,新小基隆,橫山,143
三芝區,橫山,,1154,三芝區,新小基隆,橫山,145
三芝區,橫山,,1155,三芝區,新小基隆,橫山,145-1
三芝區,橫山,,1156,三芝區,新小基隆,橫山,144-1
三芝區,橫山,,1157,三芝區,新小基隆,橫山,144-2
三芝區,橫山,,1158,三芝區,新小基隆,橫山,144
三芝區,橫山,,1159,三芝區,新小基隆,橫山,144-5
三芝區,橫山,,116,三芝區,新小基隆,橫山,9-5
三芝區,橫山,,1160,三芝區,新小基隆,橫山,144-4
三芝區,橫山,,1161,三芝區,新小基隆,橫山,144-8
三芝區,橫山,,1162,三芝區,新小基隆,橫山,109-8
三芝區,橫山,,1163,三芝區,新小基隆,橫山,109
三芝區,橫山,,1164,三芝區,新小基隆,橫山,108-6
三芝區,橫山,,1165,三芝區,新小基隆,橫山,108-3
三芝區,橫山,,1166,三芝區,新小基隆,橫山,108-8
三芝區,橫山,,1167,三芝區,新小基隆,橫山,108-2
三芝區,橫山,,1168,三芝區,新小基隆,橫山,108
三芝區,橫山,,1169,三芝區,新小基隆,橫山,108-7
三芝區,橫山,,117,三芝區,新小基隆,橫山,9-4
三芝區,橫山,,1170,三芝區,新小基隆,橫山,108-1
三芝區,橫山,,1171,三芝區,新小基隆,橫山,275
三芝區,橫山,,1172,三芝區,新小基隆,橫山,275-1
三芝區,橫山,,1173,三芝區,新小基隆,橫山,275-2
三芝區,橫山,,1174,三芝區,新小基隆,橫山,107
三芝區,橫山,,1175,三芝區,新小基隆,橫山,106-1
三芝區,橫山,,1176,三芝區,新小基隆,橫山,276-3
三芝區,橫山,,1177,三芝區,新小基隆,橫山,114-1
三芝區,橫山,,1178,三芝區,新小基隆,橫山,114-7
三芝區,橫山,,1179,三芝區,新小基隆,橫山,114-8
三芝區,橫山,,118,三芝區,新小基隆,橫山,9
三芝區,橫山,,1180,三芝區,新小基隆,橫山,276-10
三芝區,橫山,,1181,三芝區,新小基隆,橫山,276
三芝區,橫山,,1182,三芝區,新小基隆,橫山,276-11
三芝區,橫山,,1183,三芝區,新小基隆,橫山,276-12
三芝區,橫山,,1184,三芝區,新小基隆,橫山,276-13
三芝區,橫山,,1185,三芝區,新小基隆,橫山,276-14
三芝區,橫山,,1186,三芝區,新小基隆,橫山,276-15
三芝區,橫山,,1187,三芝區,新小基隆,橫山,277-6
三芝區,橫山,,1188,三芝區,新小基隆,橫山,277-7
三芝區,橫山,,1189,三芝區,新小基隆,橫山,277-8
三芝區,橫山,,119,三芝區,新小基隆,橫山,9-1
三芝區,橫山,,1190,三芝區,新小基隆,橫山,277
三芝區,橫山,,1191,三芝區,新小基隆,橫山,277-3
三芝區,橫山,,1192,三芝區,新小基隆,橫山,277-4
三芝區,橫山,,1193,三芝區,新小基隆,橫山,277-9
三芝區,橫山,,1194,三芝區,新小基隆,橫山,277-5
三芝區,橫山,,1195,三芝區,新小基隆,橫山,278
三芝區,橫山,,1196,三芝區,新小基隆,橫山,278-8
三芝區,橫山,,1197,三芝區,新小基隆,橫山,278-9
三芝區,橫山,,1198,三芝區,新小基隆,橫山,278-4
三芝區,橫山,,1199,三芝區,新小基隆,橫山,278-7
三芝區,橫山,,12,三芝區,新小基隆,橫山,6-4
三芝區,橫山,,120,三芝區,新小基隆,橫山,5-3
三芝區,橫山,,1200,三芝區,新小基隆,橫山,278-6
三芝區,橫山,,1201,三芝區,新小基隆,橫山,278-2
三芝區,橫山,,1202,三芝區,新小基隆,橫山,278-3
三芝區,橫山,,1203,三芝區,新小基隆,橫山,278-1
三芝區,橫山,,1204,三芝區,新小基隆,橫山,277-10
三芝區,橫山,,1205,三芝區,新小基隆,橫山,277-2
三芝區,橫山,,1206,三芝區,新小基隆,橫山,276-2
三芝區,橫山,,1207,三芝區,新小基隆,橫山,115
三芝區,橫山,,1208,三芝區,新小基隆,橫山,115-1
三芝區,橫山,,1209,三芝區,新小基隆,橫山,276-1
三芝區,橫山,,121,三芝區,新小基隆,橫山,5-7
三芝區,橫山,,1210,三芝區,新小基隆,橫山,114-9
三芝區,橫山,,1211,三芝區,新小基隆,橫山,114-5
三芝區,橫山,,1212,三芝區,新小基隆,橫山,114-6
三芝區,橫山,,1213,三芝區,新小基隆,橫山,114
三芝區,橫山,,1214,三芝區,新小基隆,橫山,114-4
三芝區,橫山,,1215,三芝區,新小基隆,橫山,114-2
三芝區,橫山,,1216,三芝區,新小基隆,橫山,110
三芝區,橫山,,1217,三芝區,新小基隆,橫山,110-4
三芝區,橫山,,1218,三芝區,新小基隆,橫山,109-6
三芝區,橫山,,1219,三芝區,新小基隆,橫山,144-9
三芝區,橫山,,122,三芝區,新小基隆,橫山,5-9
三芝區,橫山,,1220,三芝區,新小基隆,橫山,109-5
三芝區,橫山,,1221,三芝區,新小基隆,橫山,110-2
三芝區,橫山,,1222,三芝區,新小基隆,橫山,110-3
三芝區,橫山,,1223,三芝區,新小基隆,橫山,110-5
三芝區,橫山,,1224,三芝區,新小基隆,橫山,110-6
三芝區,橫山,,1225,三芝區,新小基隆,橫山,110-1
三芝區,橫山,,1226,三芝區,新小基隆,橫山,114-3
三芝區,橫山,,1227,三芝區,新小基隆,橫山,111
三芝區,橫山,,1228,三芝區,新小基隆,橫山,109-4
三芝區,橫山,,1229,三芝區,新小基隆,橫山,109-3
三芝區,橫山,,123,三芝區,新小基隆,橫山,5-6
三芝區,橫山,,1230,三芝區,新小基隆,橫山,111-1
三芝區,橫山,,1231,三芝區,新小基隆,橫山,125
三芝區,橫山,,1232,三芝區,新小基隆,橫山,126
三芝區,橫山,,1233,三芝區,新小基隆,橫山,127
三芝區,橫山,,1234,三芝區,新小基隆,橫山,127-1
三芝區,橫山,,1235,三芝區,新小基隆,橫山,112
三芝區,橫山,,1236,三芝區,新小基隆,橫山,116-2
三芝區,橫山,,1237,三芝區,新小基隆,橫山,116
三芝區,橫山,,1238,三芝區,新小基隆,橫山,116-1
三芝區,橫山,,1239,三芝區,新小基隆,橫山,116-3
三芝區,橫山,,124,三芝區,新小基隆,橫山,5-4
三芝區,橫山,,1240,三芝區,新小基隆,橫山,116-4
三芝區,橫山,,1241,三芝區,新小基隆,橫山,122
三芝區,橫山,,1242,三芝區,新小基隆,橫山,122-1
三芝區,橫山,,1243,三芝區,新小基隆,橫山,123
三芝區,橫山,,1244,三芝區,新小基隆,橫山,130
三芝區,橫山,,1245,三芝區,新小基隆,橫山,121-6
三芝區,橫山,,1246,三芝區,新小基隆,橫山,121-5
三芝區,橫山,,1247,三芝區,新小基隆,橫山,121-2
三芝區,橫山,,1248,三芝區,新小基隆,橫山,121-1
三芝區,橫山,,1249,三芝區,新小基隆,橫山,220-2
三芝區,橫山,,125,三芝區,新小基隆,橫山,5-8
三芝區,橫山,,1250,三芝區,新小基隆,橫山,120
三芝區,橫山,,1251,三芝區,新小基隆,橫山,221
三芝區,橫山,,1252,三芝區,新小基隆,橫山,222
三芝區,橫山,,1253,三芝區,新小基隆,橫山,226
三芝區,橫山,,1254,三芝區,新小基隆,橫山,225
三芝區,橫山,,1255,三芝區,新小基隆,橫山,224
三芝區,橫山,,1256,三芝區,新小基隆,橫山,223
三芝區,橫山,,1257,三芝區,新小基隆,橫山,225-1
三芝區,橫山,,1258,三芝區,新小基隆,橫山,119
三芝區,橫山,,1259,三芝區,新小基隆,橫山,118
三芝區,橫山,,126,三芝區,新小基隆,橫山,3
三芝區,橫山,,1260,三芝區,新小基隆,橫山,117
三芝區,橫山,,1261,三芝區,新小基隆,橫山,117-1
三芝區,橫山,,1262,三芝區,新小基隆,橫山,118-1
三芝區,橫山,,1263,三芝區,新小基隆,橫山,279-2
三芝區,橫山,,1264,三芝區,新小基隆,橫山,279-1
三芝區,橫山,,1265,三芝區,新小基隆,橫山,279
三芝區,橫山,,1266,三芝區,新小基隆,橫山,279-9
三芝區,橫山,,1267,三芝區,新小基隆,橫山,279-10
三芝區,橫山,,1268,三芝區,新小基隆,橫山,279-11
三芝區,橫山,,1269,三芝區,新小基隆,橫山,279-12
三芝區,橫山,,127,三芝區,新小基隆,橫山,4
三芝區,橫山,,1270,三芝區,新小基隆,橫山,279-6
三芝區,橫山,,1271,三芝區,新小基隆,橫山,279-7
三芝區,橫山,,1272,三芝區,新小基隆,橫山,279-3
三芝區,橫山,,1273,三芝區,新小基隆,橫山,279-5
三芝區,橫山,,1274,三芝區,新小基隆,橫山,279-4
三芝區,橫山,,1275,三芝區,新小基隆,橫山,194-8
三芝區,橫山,,1276,三芝區,新小基隆,橫山,194-7
三芝區,橫山,,1277,三芝區,新小基隆,橫山,126-5
三芝區,橫山,,1278,三芝區,新小基隆,橫山,29-6
三芝區,橫山,,1279,三芝區,新小基隆,橫山,24-6
三芝區,橫山,,128,三芝區,新小基隆,橫山,4-1
三芝區,橫山,,1280,三芝區,新小基隆,橫山,22-2
三芝區,橫山,,1281,三芝區,新小基隆,橫山,8-3
三芝區,橫山,,1282,三芝區,新小基隆,橫山,16-4
三芝區,橫山,,1283,三芝區,新小基隆,橫山,25-8
三芝區,橫山,,1284,三芝區,新小基隆,橫山,25-11
三芝區,橫山,,1285,三芝區,新小基隆,橫山,29-5
三芝區,橫山,,1286,三芝區,新小基隆,橫山,38-2
三芝區,橫山,,1287,三芝區,新小基隆,橫山,43-2
三芝區,橫山,,1288,三芝區,新小基隆,橫山,48-7
三芝區,橫山,,1289,三芝區,新小基隆,橫山,62-10
三芝區,橫山,,129,三芝區,新小基隆,橫山,4-2
三芝區,橫山,,1290,三芝區,新小基隆,橫山,62-16
三芝區,橫山,,1291,三芝區,新小基隆,橫山,62-31
三芝區,橫山,,1292,三芝區,新小基隆,橫山,109-7
三芝區,橫山,,1293,三芝區,新小基隆,橫山,113
三芝區,橫山,,1294,三芝區,新小基隆,橫山,124
三芝區,橫山,,1295,三芝區,新小基隆,橫山,153-23
三芝區,橫山,,1296,三芝區,新小基隆,橫山,153-32
三芝區,橫山,,1297,三芝區,新小基隆,橫山,158-17
三芝區,橫山,,1298,三芝區,新小基隆,橫山,181-3
三芝區,橫山,,1299,三芝區,新小基隆,橫山,184-13
三芝區,橫山,,13,三芝區,新小基隆,橫山,81
三芝區,橫山,,130,三芝區,新小基隆,橫山,4-4
三芝區,橫山,,1300,三芝區,新小基隆,橫山,196-7
三芝區,橫山,,1301,三芝區,新小基隆,橫山,231-1
三芝區,橫山,,1302,三芝區,新小基隆,橫山,255-4
三芝區,橫山,,1303,三芝區,新小基隆,橫山,277-1
三芝區,橫山,,131,三芝區,新小基隆,橫山,4-3
三芝區,橫山,,132,三芝區,新小基隆,橫山,262
三芝區,橫山,,133,三芝區,新小基隆,橫山,263
三芝區,橫山,,134,三芝區,新小基隆,橫山,264
三芝區,橫山,,135,三芝區,新小基隆,橫山,265
三芝區,橫山,,136,三芝區,新小基隆,橫山,266
三芝區,橫山,,137,三芝區,新小基隆,橫山,267
三芝區,橫山,,138,三芝區,新小基隆,橫山,269
三芝區,橫山,,139,三芝區,新小基隆,橫山,12
三芝區,橫山,,14,三芝區,新小基隆,橫山,82
三芝區,橫山,,140,三芝區,新小基隆,橫山,10
三芝區,橫山,,141,三芝區,新小基隆,橫山,12-1
三芝區,橫山,,142,三芝區,新小基隆,橫山,268
三芝區,橫山,,143,三芝區,新小基隆,橫山,13-1
三芝區,橫山,,144,三芝區,新小基隆,橫山,13
三芝區,橫山,,145,三芝區,新小基隆,橫山,13-3
三芝區,橫山,,146,三芝區,新小基隆,橫山,13-4
三芝區,橫山,,147,三芝區,新小基隆,橫山,13-5
三芝區,橫山,,148,三芝區,新小基隆,橫山,48-1
三芝區,橫山,,149,三芝區,新小基隆,橫山,48-4
三芝區,橫山,,15,三芝區,新小基隆,橫山,83-1
三芝區,橫山,,150,三芝區,新小基隆,橫山,48-5
三芝區,橫山,,151,三芝區,新小基隆,橫山,9-2
三芝區,橫山,,152,三芝區,新小基隆,橫山,48
三芝區,橫山,,153,三芝區,新小基隆,橫山,48-2
三芝區,橫山,,154,三芝區,新小基隆,橫山,49
三芝區,橫山,,155,三芝區,新小基隆,橫山,50
三芝區,橫山,,156,三芝區,新小基隆,橫山,51-1
三芝區,橫山,,157,三芝區,新小基隆,橫山,51
三芝區,橫山,,158,三芝區,新小基隆,橫山,51-2
三芝區,橫山,,159,三芝區,新小基隆,橫山,51-5
三芝區,橫山,,16,三芝區,新小基隆,橫山,83-2
三芝區,橫山,,160,三芝區,新小基隆,橫山,51-3
三芝區,橫山,,161,三芝區,新小基隆,橫山,51-4
三芝區,橫山,,162,三芝區,新小基隆,橫山,48-3
三芝區,橫山,,163,三芝區,新小基隆,橫山,48-8
三芝區,橫山,,164,三芝區,新小基隆,橫山,48-6
三芝區,橫山,,165,三芝區,新小基隆,橫山,47-1
三芝區,橫山,,166,三芝區,新小基隆,橫山,47-2
三芝區,橫山,,167,三芝區,新小基隆,橫山,47-8
三芝區,橫山,,168,三芝區,新小基隆,橫山,47-6
三芝區,橫山,,169,三芝區,新小基隆,橫山,47-9
三芝區,橫山,,17,三芝區,新小基隆,橫山,83-4
三芝區,橫山,,170,三芝區,新小基隆,橫山,46-2
三芝區,橫山,,171,三芝區,新小基隆,橫山,46-1
三芝區,橫山,,172,三芝區,新小基隆,橫山,47-5
三芝區,橫山,,173,三芝區,新小基隆,橫山,47
三芝區,橫山,,174,三芝區,新小基隆,橫山,47-4
三芝區,橫山,,175,三芝區,新小基隆,橫山,47-3
三芝區,橫山,,176,三芝區,新小基隆,橫山,47-7
三芝區,橫山,,177,三芝區,新小基隆,橫山,46
三芝區,橫山,,178,三芝區,新小基隆,橫山,45-1
三芝區,橫山,,179,三芝區,新小基隆,橫山,45
三芝區,橫山,,18,三芝區,新小基隆,橫山,83-5
三芝區,橫山,,180,三芝區,新小基隆,橫山,45-5
三芝區,橫山,,181,三芝區,新小基隆,橫山,45-4
三芝區,橫山,,182,三芝區,新小基隆,橫山,53
三芝區,橫山,,183,三芝區,新小基隆,橫山,53-7
三芝區,橫山,,184,三芝區,新小基隆,橫山,53-8
三芝區,橫山,,185,三芝區,新小基隆,橫山,53-9
三芝區,橫山,,186,三芝區,新小基隆,橫山,53-10
三芝區,橫山,,187,三芝區,新小基隆,橫山,53-11
三芝區,橫山,,188,三芝區,新小基隆,橫山,53-12
三芝區,橫山,,189,三芝區,新小基隆,橫山,53-5
三芝區,橫山,,19,三芝區,新小基隆,橫山,83-6
三芝區,橫山,,190,三芝區,新小基隆,橫山,53-1
三芝區,橫山,,191,三芝區,新小基隆,橫山,53-6
三芝區,橫山,,192,三芝區,新小基隆,橫山,53-4
三芝區,橫山,,193,三芝區,新小基隆,橫山,56
三芝區,橫山,,194,三芝區,新小基隆,橫山,55
三芝區,橫山,,195,三芝區,新小基隆,橫山,57-2
三芝區,橫山,,196,三芝區,新小基隆,橫山,57-5
三芝區,橫山,,197,三芝區,新小基隆,橫山,53-3
三芝區,橫山,,198,三芝區,新小基隆,橫山,54
三芝區,橫山,,199,三芝區,新小基隆,橫山,59-1
三芝區,橫山,,2,三芝區,新小基隆,橫山,1-1
三芝區,橫山,,20,三芝區,新小基隆,橫山,83-3
三芝區,橫山,,200,三芝區,新小基隆,橫山,57-1
三芝區,橫山,,201,三芝區,新小基隆,橫山,63-2
三芝區,橫山,,202,三芝區,新小基隆,橫山,62-3
三芝區,橫山,,203,三芝區,新小基隆,橫山,62-40
三芝區,橫山,,204,三芝區,新小基隆,橫山,62-39
三芝區,橫山,,205,三芝區,新小基隆,橫山,62-51
三芝區,橫山,,206,三芝區,新小基隆,橫山,62-41
三芝區,橫山,,207,三芝區,新小基隆,橫山,63-7
三芝區,橫山,,208,三芝區,新小基隆,橫山,63-1
三芝區,橫山,,209,三芝區,新小基隆,橫山,62-6
三芝區,橫山,,21,三芝區,新小基隆,橫山,85-1
三芝區,橫山,,210,三芝區,新小基隆,橫山,62-33
三芝區,橫山,,211,三芝區,新小基隆,橫山,62-19
三芝區,橫山,,212,三芝區,新小基隆,橫山,62-17
三芝區,橫山,,213,三芝區,新小基隆,橫山,62-24
三芝區,橫山,,214,三芝區,新小基隆,橫山,62-21
三芝區,橫山,,215,三芝區,新小基隆,橫山,62-22
三芝區,橫山,,216,三芝區,新小基隆,橫山,62-12
三芝區,橫山,,217,三芝區,新小基隆,橫山,62-20
三芝區,橫山,,218,三芝區,新小基隆,橫山,62-11
三芝區,橫山,,219,三芝區,新小基隆,橫山,62-50
三芝區,橫山,,22,三芝區,新小基隆,橫山,85
三芝區,橫山,,220,三芝區,新小基隆,橫山,62-49
三芝區,橫山,,221,三芝區,新小基隆,橫山,62-48
三芝區,橫山,,222,三芝區,新小基隆,橫山,62-43
三芝區,橫山,,223,三芝區,新小基隆,橫山,62-4
三芝區,橫山,,224,三芝區,新小基隆,橫山,62-26
三芝區,橫山,,225,三芝區,新小基隆,橫山,62-25
三芝區,橫山,,226,三芝區,新小基隆,橫山,62-9
三芝區,橫山,,227,三芝區,新小基隆,橫山,62-30
三芝區,橫山,,228,三芝區,新小基隆,橫山,62-42
三芝區,橫山,,229,三芝區,新小基隆,橫山,62
三芝區,橫山,,23,三芝區,新小基隆,橫山,84-2
三芝區,橫山,,230,三芝區,新小基隆,橫山,62-44
三芝區,橫山,,231,三芝區,新小基隆,橫山,62-47
三芝區,橫山,,232,三芝區,新小基隆,橫山,62-46
三芝區,橫山,,233,三芝區,新小基隆,橫山,62-45
三芝區,橫山,,234,三芝區,新小基隆,橫山,62-23
三芝區,橫山,,235,三芝區,新小基隆,橫山,62-13
三芝區,橫山,,236,三芝區,新小基隆,橫山,62-29
三芝區,橫山,,237,三芝區,新小基隆,橫山,62-28
三芝區,橫山,,238,三芝區,新小基隆,橫山,62-27
三芝區,橫山,,239,三芝區,新小基隆,橫山,62-14
三芝區,橫山,,24,三芝區,新小基隆,橫山,84-1
三芝區,橫山,,240,三芝區,新小基隆,橫山,62-34
三芝區,橫山,,241,三芝區,新小基隆,橫山,62-18
三芝區,橫山,,242,三芝區,新小基隆,橫山,97-6
三芝區,橫山,,243,三芝區,新小基隆,橫山,97-5
三芝區,橫山,,244,三芝區,新小基隆,橫山,97-7
三芝區,橫山,,245,三芝區,新小基隆,橫山,97-4
三芝區,橫山,,246,三芝區,新小基隆,橫山,97-22
三芝區,橫山,,247,三芝區,新小基隆,橫山,97-21
三芝區,橫山,,248,三芝區,新小基隆,橫山,97-20
三芝區,橫山,,249,三芝區,新小基隆,橫山,97-19
三芝區,橫山,,25,三芝區,新小基隆,橫山,84
三芝區,橫山,,250,三芝區,新小基隆,橫山,97-23
三芝區,橫山,,251,三芝區,新小基隆,橫山,97-24
三芝區,橫山,,252,三芝區,新小基隆,橫山,97-18
三芝區,橫山,,253,三芝區,新小基隆,橫山,97-17
三芝區,橫山,,254,三芝區,新小基隆,橫山,97-16
三芝區,橫山,,255,三芝區,新小基隆,橫山,97-3
三芝區,橫山,,256,三芝區,新小基隆,橫山,97-2
三芝區,橫山,,257,三芝區,新小基隆,橫山,97-10
三芝區,橫山,,258,三芝區,新小基隆,橫山,97-11
三芝區,橫山,,259,三芝區,新小基隆,橫山,97-25
三芝區,橫山,,26,三芝區,新小基隆,橫山,80-1
三芝區,橫山,,260,三芝區,新小基隆,橫山,97-27
三芝區,橫山,,261,三芝區,新小基隆,橫山,97-1
三芝區,橫山,,262,三芝區,新小基隆,橫山,97-12
三芝區,橫山,,263,三芝區,新小基隆,橫山,97-13
三芝區,橫山,,264,三芝區,新小基隆,橫山,97-15
三芝區,橫山,,265,三芝區,新小基隆,橫山,97-14
三芝區,橫山,,266,三芝區,新小基隆,橫山,96
三芝區,橫山,,267,三芝區,新小基隆,橫山,96-7
三芝區,橫山,,268,三芝區,新小基隆,橫山,96-2
三芝區,橫山,,269,三芝區,新小基隆,橫山,96-4
三芝區,橫山,,27,三芝區,新小基隆,橫山,80
三芝區,橫山,,270,三芝區,新小基隆,橫山,96-5
三芝區,橫山,,271,三芝區,新小基隆,橫山,96-6
三芝區,橫山,,272,三芝區,新小基隆,橫山,91-6
三芝區,橫山,,273,三芝區,新小基隆,橫山,95
三芝區,橫山,,274,三芝區,新小基隆,橫山,95-1
三芝區,橫山,,275,三芝區,新小基隆,橫山,95-2
三芝區,橫山,,276,三芝區,新小基隆,橫山,94
三芝區,橫山,,277,三芝區,新小基隆,橫山,96-3
三芝區,橫山,,278,三芝區,新小基隆,橫山,162
三芝區,橫山,,279,三芝區,新小基隆,橫山,161-2
三芝區,橫山,,28,三芝區,新小基隆,橫山,79
三芝區,橫山,,280,三芝區,新小基隆,橫山,163
三芝區,橫山,,281,三芝區,新小基隆,橫山,164
三芝區,橫山,,282,三芝區,新小基隆,橫山,165-16
三芝區,橫山,,283,三芝區,新小基隆,橫山,165-15
三芝區,橫山,,284,三芝區,新小基隆,橫山,165
三芝區,橫山,,285,三芝區,新小基隆,橫山,165-3
三芝區,橫山,,286,三芝區,新小基隆,橫山,165-17
三芝區,橫山,,287,三芝區,新小基隆,橫山,165-4
三芝區,橫山,,288,三芝區,新小基隆,橫山,165-5
三芝區,橫山,,289,三芝區,新小基隆,橫山,165-1
三芝區,橫山,,29,三芝區,新小基隆,橫山,78-1
三芝區,橫山,,290,三芝區,新小基隆,橫山,165-7
三芝區,橫山,,291,三芝區,新小基隆,橫山,165-2
三芝區,橫山,,292,三芝區,新小基隆,橫山,165-6
三芝區,橫山,,293,三芝區,新小基隆,橫山,165-13
三芝區,橫山,,294,三芝區,新小基隆,橫山,165-10
三芝區,橫山,,295,三芝區,新小基隆,橫山,165-12
三芝區,橫山,,296,三芝區,新小基隆,橫山,165-11
三芝區,橫山,,297,三芝區,新小基隆,橫山,174-5
三芝區,橫山,,298,三芝區,新小基隆,橫山,166
三芝區,橫山,,299,三芝區,新小基隆,橫山,167
三芝區,橫山,,3,三芝區,新小基隆,橫山,2
三芝區,橫山,,30,三芝區,新小基隆,橫山,78
三芝區,橫山,,300,三芝區,新小基隆,橫山,169
三芝區,橫山,,301,三芝區,新小基隆,橫山,168
三芝區,橫山,,302,三芝區,新小基隆,橫山,170
三芝區,橫山,,303,三芝區,新小基隆,橫山,170-1
三芝區,橫山,,304,三芝區,新小基隆,橫山,170-2
三芝區,橫山,,305,三芝區,新小基隆,橫山,171
三芝區,橫山,,306,三芝區,新小基隆,橫山,173-2
三芝區,橫山,,307,三芝區,新小基隆,橫山,173-1
三芝區,橫山,,308,三芝區,新小基隆,橫山,173
三芝區,橫山,,309,三芝區,新小基隆,橫山,174
三芝區,橫山,,31,三芝區,新小基隆,橫山,77
三芝區,橫山,,310,三芝區,新小基隆,橫山,177-2
三芝區,橫山,,311,三芝區,新小基隆,橫山,165-9
三芝區,橫山,,312,三芝區,新小基隆,橫山,165-8
三芝區,橫山,,313,三芝區,新小基隆,橫山,177-11
三芝區,橫山,,314,三芝區,新小基隆,橫山,177-6
三芝區,橫山,,315,三芝區,新小基隆,橫山,177-10
三芝區,橫山,,316,三芝區,新小基隆,橫山,174-1
三芝區,橫山,,317,三芝區,新小基隆,橫山,177-8
三芝區,橫山,,318,三芝區,新小基隆,橫山,177-9
三芝區,橫山,,319,三芝區,新小基隆,橫山,177-12
三芝區,橫山,,32,三芝區,新小基隆,橫山,67
三芝區,橫山,,320,三芝區,新小基隆,橫山,175-4
三芝區,橫山,,321,三芝區,新小基隆,橫山,175-5
三芝區,橫山,,322,三芝區,新小基隆,橫山,161-8
三芝區,橫山,,323,三芝區,新小基隆,橫山,161-7
三芝區,橫山,,324,三芝區,新小基隆,橫山,161-9
三芝區,橫山,,325,三芝區,新小基隆,橫山,161-10
三芝區,橫山,,326,三芝區,新小基隆,橫山,161-3
三芝區,橫山,,327,三芝區,新小基隆,橫山,161-4
三芝區,橫山,,328,三芝區,新小基隆,橫山,159
三芝區,橫山,,329,三芝區,新小基隆,橫山,159-2
三芝區,橫山,,33,三芝區,新小基隆,橫山,68-1
三芝區,橫山,,330,三芝區,新小基隆,橫山,161
三芝區,橫山,,331,三芝區,新小基隆,橫山,161-1
三芝區,橫山,,332,三芝區,新小基隆,橫山,161-5
三芝區,橫山,,333,三芝區,新小基隆,橫山,161-11
三芝區,橫山,,334,三芝區,新小基隆,橫山,175
三芝區,橫山,,335,三芝區,新小基隆,橫山,177
三芝區,橫山,,336,三芝區,新小基隆,橫山,177-1
三芝區,橫山,,337,三芝區,新小基隆,橫山,175-1
三芝區,橫山,,338,三芝區,新小基隆,橫山,177-3
三芝區,橫山,,339,三芝區,新小基隆,橫山,175-3
三芝區,橫山,,34,三芝區,新小基隆,橫山,68-2
三芝區,橫山,,340,三芝區,新小基隆,橫山,174-2
三芝區,橫山,,341,三芝區,新小基隆,橫山,177-4
三芝區,橫山,,342,三芝區,新小基隆,橫山,175-2
三芝區,橫山,,343,三芝區,新小基隆,橫山,177-5
三芝區,橫山,,344,三芝區,新小基隆,橫山,177-7
三芝區,橫山,,345,三芝區,新小基隆,橫山,176
三芝區,橫山,,346,三芝區,新小基隆,橫山,153-8
三芝區,橫山,,347,三芝區,新小基隆,橫山,153-9
三芝區,橫山,,348,三芝區,新小基隆,橫山,153-19
三芝區,橫山,,349,三芝區,新小基隆,橫山,153-30
三芝區,橫山,,35,三芝區,新小基隆,橫山,68
三芝區,橫山,,350,三芝區,新小基隆,橫山,153-18
三芝區,橫山,,351,三芝區,新小基隆,橫山,153-3
三芝區,橫山,,352,三芝區,新小基隆,橫山,180
三芝區,橫山,,353,三芝區,新小基隆,橫山,182-3
三芝區,橫山,,354,三芝區,新小基隆,橫山,153-21
三芝區,橫山,,355,三芝區,新小基隆,橫山,153-20
三芝區,橫山,,356,三芝區,新小基隆,橫山,153-5
三芝區,橫山,,357,三芝區,新小基隆,橫山,153-17
三芝區,橫山,,358,三芝區,新小基隆,橫山,153-26
三芝區,橫山,,359,三芝區,新小基隆,橫山,153-27
三芝區,橫山,,36,三芝區,新小基隆,橫山,69
三芝區,橫山,,360,三芝區,新小基隆,橫山,153-28
三芝區,橫山,,361,三芝區,新小基隆,橫山,153-29
三芝區,橫山,,362,三芝區,新小基隆,橫山,153-31
三芝區,橫山,,363,三芝區,新小基隆,橫山,153-22
三芝區,橫山,,364,三芝區,新小基隆,橫山,153-24
三芝區,橫山,,365,三芝區,新小基隆,橫山,153-14
三芝區,橫山,,366,三芝區,新小基隆,橫山,153-1
三芝區,橫山,,367,三芝區,新小基隆,橫山,153-11
三芝區,橫山,,368,三芝區,新小基隆,橫山,153-12
三芝區,橫山,,369,三芝區,新小基隆,橫山,153-4
三芝區,橫山,,37,三芝區,新小基隆,橫山,89
三芝區,橫山,,370,三芝區,新小基隆,橫山,153-6
三芝區,橫山,,371,三芝區,新小基隆,橫山,153-7
三芝區,橫山,,372,三芝區,新小基隆,橫山,184-3
三芝區,橫山,,373,三芝區,新小基隆,橫山,182
三芝區,橫山,,374,三芝區,新小基隆,橫山,182-5
三芝區,橫山,,375,三芝區,新小基隆,橫山,182-4
三芝區,橫山,,376,三芝區,新小基隆,橫山,182-2
三芝區,橫山,,377,三芝區,新小基隆,橫山,182-6
三芝區,橫山,,378,三芝區,新小基隆,橫山,182-1
三芝區,橫山,,379,三芝區,新小基隆,橫山,183
三芝區,橫山,,38,三芝區,新小基隆,橫山,90-12
三芝區,橫山,,380,三芝區,新小基隆,橫山,183-2
三芝區,橫山,,381,三芝區,新小基隆,橫山,183-1
三芝區,橫山,,382,三芝區,新小基隆,橫山,153-25
三芝區,橫山,,383,三芝區,新小基隆,橫山,153-16
三芝區,橫山,,384,三芝區,新小基隆,橫山,153-33
三芝區,橫山,,385,三芝區,新小基隆,橫山,153-15
三芝區,橫山,,386,三芝區,新小基隆,橫山,184-27
三芝區,橫山,,387,三芝區,新小基隆,橫山,184-16
三芝區,橫山,,388,三芝區,新小基隆,橫山,184-28
三芝區,橫山,,389,三芝區,新小基隆,橫山,184-26
三芝區,橫山,,39,三芝區,新小基隆,橫山,88
三芝區,橫山,,390,三芝區,新小基隆,橫山,184-12
三芝區,橫山,,391,三芝區,新小基隆,橫山,184-15
三芝區,橫山,,392,三芝區,新小基隆,橫山,184-25
三芝區,橫山,,393,三芝區,新小基隆,橫山,184-24
三芝區,橫山,,394,三芝區,新小基隆,橫山,184-14
三芝區,橫山,,395,三芝區,新小基隆,橫山,184-23
三芝區,橫山,,396,三芝區,新小基隆,橫山,184-21
三芝區,橫山,,397,三芝區,新小基隆,橫山,184-10
三芝區,橫山,,398,三芝區,新小基隆,橫山,184-20
三芝區,橫山,,399,三芝區,新小基隆,橫山,184-29
三芝區,橫山,,4,三芝區,新小基隆,橫山,5
三芝區,橫山,,40,三芝區,新小基隆,橫山,88-1
三芝區,橫山,,400,三芝區,新小基隆,橫山,184
三芝區,橫山,,401,三芝區,新小基隆,橫山,184-7
三芝區,橫山,,402,三芝區,新小基隆,橫山,184-39
三芝區,橫山,,403,三芝區,新小基隆,橫山,184-9
三芝區,橫山,,404,三芝區,新小基隆,橫山,184-8
三芝區,橫山,,405,三芝區,新小基隆,橫山,153
三芝區,橫山,,406,三芝區,新小基隆,橫山,185-2
三芝區,橫山,,407,三芝區,新小基隆,橫山,185-3
三芝區,橫山,,408,三芝區,新小基隆,橫山,185-1
三芝區,橫山,,409,三芝區,新小基隆,橫山,185-4
三芝區,橫山,,41,三芝區,新小基隆,橫山,90-2
三芝區,橫山,,410,三芝區,新小基隆,橫山,185
三芝區,橫山,,411,三芝區,新小基隆,橫山,184-37
三芝區,橫山,,412,三芝區,新小基隆,橫山,191-1
三芝區,橫山,,413,三芝區,新小基隆,橫山,191-4
三芝區,橫山,,414,三芝區,新小基隆,橫山,191-3
三芝區,橫山,,415,三芝區,新小基隆,橫山,192-4
三芝區,橫山,,416,三芝區,新小基隆,橫山,192-5
三芝區,橫山,,417,三芝區,新小基隆,橫山,192-2
三芝區,橫山,,418,三芝區,新小基隆,橫山,192-6
三芝區,橫山,,419,三芝區,新小基隆,橫山,192-1
三芝區,橫山,,42,三芝區,新小基隆,橫山,88-2
三芝區,橫山,,420,三芝區,新小基隆,橫山,192
三芝區,橫山,,421,三芝區,新小基隆,橫山,186
三芝區,橫山,,422,三芝區,新小基隆,橫山,186-2
三芝區,橫山,,423,三芝區,新小基隆,橫山,186-1
三芝區,橫山,,424,三芝區,新小基隆,橫山,193
三芝區,橫山,,425,三芝區,新小基隆,橫山,189
三芝區,橫山,,426,三芝區,新小基隆,橫山,188
三芝區,橫山,,427,三芝區,新小基隆,橫山,172-3
三芝區,橫山,,428,三芝區,新小基隆,橫山,172-2
三芝區,橫山,,429,三芝區,新小基隆,橫山,172
三芝區,橫山,,43,三芝區,新小基隆,橫山,91-3
三芝區,橫山,,430,三芝區,新小基隆,橫山,172-1
三芝區,橫山,,431,三芝區,新小基隆,橫山,172-4
三芝區,橫山,,432,三芝區,新小基隆,橫山,194-5
三芝區,橫山,,433,三芝區,新小基隆,橫山,194
三芝區,橫山,,434,三芝區,新小基隆,橫山,195-2
三芝區,橫山,,435,三芝區,新小基隆,橫山,195-1
三芝區,橫山,,436,三芝區,新小基隆,橫山,196-2
三芝區,橫山,,437,三芝區,新小基隆,橫山,196-10
三芝區,橫山,,438,三芝區,新小基隆,橫山,196-11
三芝區,橫山,,439,三芝區,新小基隆,橫山,194-6
三芝區,橫山,,44,三芝區,新小基隆,橫山,169-1
三芝區,橫山,,440,三芝區,新小基隆,橫山,194-1
三芝區,橫山,,441,三芝區,新小基隆,橫山,194-2
三芝區,橫山,,442,三芝區,新小基隆,橫山,194-10
三芝區,橫山,,443,三芝區,新小基隆,橫山,194-13
三芝區,橫山,,444,三芝區,新小基隆,橫山,194-12
三芝區,橫山,,445,三芝區,新小基隆,橫山,194-9
三芝區,橫山,,446,三芝區,新小基隆,橫山,194-11
三芝區,橫山,,447,三芝區,新小基隆,橫山,196-13
三芝區,橫山,,448,三芝區,新小基隆,橫山,196-12
三芝區,橫山,,449,三芝區,新小基隆,橫山,196-4
三芝區,橫山,,45,三芝區,新小基隆,橫山,86
三芝區,橫山,,450,三芝區,新小基隆,橫山,196-5
三芝區,橫山,,451,三芝區,新小基隆,橫山,194-19
三芝區,橫山,,452,三芝區,新小基隆,橫山,194-18
三芝區,橫山,,453,三芝區,新小基隆,橫山,194-17
三芝區,橫山,,454,三芝區,新小基隆,橫山,194-16
三芝區,橫山,,455,三芝區,新小基隆,橫山,194-15
三芝區,橫山,,456,三芝區,新小基隆,橫山,194-14
三芝區,橫山,,457,三芝區,新小基隆,橫山,194-3
三芝區,橫山,,458,三芝區,新小基隆,橫山,184-2
三芝區,橫山,,459,三芝區,新小基隆,橫山,184-17
三芝區,橫山,,46,三芝區,新小基隆,橫山,91-2
三芝區,橫山,,460,三芝區,新小基隆,橫山,184-18
三芝區,橫山,,461,三芝區,新小基隆,橫山,184-19
三芝區,橫山,,462,三芝區,新小基隆,橫山,184-22
三芝區,橫山,,463,三芝區,新小基隆,橫山,184-1
三芝區,橫山,,464,三芝區,新小基隆,橫山,194-4
三芝區,橫山,,465,三芝區,新小基隆,橫山,184-11
三芝區,橫山,,466,三芝區,新小基隆,橫山,184-6
三芝區,橫山,,467,三芝區,新小基隆,橫山,184-5
三芝區,橫山,,468,三芝區,新小基隆,橫山,184-36
三芝區,橫山,,469,三芝區,新小基隆,橫山,184-30
三芝區,橫山,,47,三芝區,新小基隆,橫山,91-7
三芝區,橫山,,470,三芝區,新小基隆,橫山,184-4
三芝區,橫山,,471,三芝區,新小基隆,橫山,196-6
三芝區,橫山,,472,三芝區,新小基隆,橫山,153-10
三芝區,橫山,,473,三芝區,新小基隆,橫山,153-13
三芝區,橫山,,474,三芝區,新小基隆,橫山,98-9
三芝區,橫山,,475,三芝區,新小基隆,橫山,184-38
三芝區,橫山,,476,三芝區,新小基隆,橫山,181-5
三芝區,橫山,,477,三芝區,新小基隆,橫山,181-7
三芝區,橫山,,478,三芝區,新小基隆,橫山,181
三芝區,橫山,,479,三芝區,新小基隆,橫山,153-2
三芝區,橫山,,48,三芝區,新小基隆,橫山,91-8
三芝區,橫山,,480,三芝區,新小基隆,橫山,155
三芝區,橫山,,481,三芝區,新小基隆,橫山,154-1
三芝區,橫山,,482,三芝區,新小基隆,橫山,154
三芝區,橫山,,483,三芝區,新小基隆,橫山,157-1
三芝區,橫山,,484,三芝區,新小基隆,橫山,157-3
三芝區,橫山,,485,三芝區,新小基隆,橫山,157-2
三芝區,橫山,,486,三芝區,新小基隆,橫山,158
三芝區,橫山,,487,三芝區,新小基隆,橫山,157
三芝區,橫山,,488,三芝區,新小基隆,橫山,158-9
三芝區,橫山,,489,三芝區,新小基隆,橫山,158-14
三芝區,橫山,,49,三芝區,新小基隆,橫山,92
三芝區,橫山,,490,三芝區,新小基隆,橫山,158-15
三芝區,橫山,,491,三芝區,新小基隆,橫山,158-16
三芝區,橫山,,492,三芝區,新小基隆,橫山,158-2
三芝區,橫山,,493,三芝區,新小基隆,橫山,104-5
三芝區,橫山,,494,三芝區,新小基隆,橫山,158-8
三芝區,橫山,,495,三芝區,新小基隆,橫山,158-21
三芝區,橫山,,496,三芝區,新小基隆,橫山,158-20
三芝區,橫山,,497,三芝區,新小基隆,橫山,158-10
三芝區,橫山,,498,三芝區,新小基隆,橫山,98-8
三芝區,橫山,,499,三芝區,新小基隆,橫山,98-5
三芝區,橫山,,5,三芝區,新小基隆,橫山,5-1
三芝區,橫山,,50,三芝區,新小基隆,橫山,92-2
三芝區,橫山,,500,三芝區,新小基隆,橫山,98
三芝區,橫山,,501,三芝區,新小基隆,橫山,158-11
三芝區,橫山,,502,三芝區,新小基隆,橫山,158-19
三芝區,橫山,,503,三芝區,新小基隆,橫山,158-18
三芝區,橫山,,504,三芝區,新小基隆,橫山,156
三芝區,橫山,,505,三芝區,新小基隆,橫山,158-13
三芝區,橫山,,506,三芝區,新小基隆,橫山,158-12
三芝區,橫山,,507,三芝區,新小基隆,橫山,158-3
三芝區,橫山,,508,三芝區,新小基隆,橫山,98-1
三芝區,橫山,,509,三芝區,新小基隆,橫山,98-4
三芝區,橫山,,51,三芝區,新小基隆,橫山,92-1
三芝區,橫山,,510,三芝區,新小基隆,橫山,158-4
三芝區,橫山,,511,三芝區,新小基隆,橫山,98-3
三芝區,橫山,,512,三芝區,新小基隆,橫山,98-2
三芝區,橫山,,513,三芝區,新小基隆,橫山,99
三芝區,橫山,,514,三芝區,新小基隆,橫山,99-1
三芝區,橫山,,515,三芝區,新小基隆,橫山,98-7
三芝區,橫山,,516,三芝區,新小基隆,橫山,98-11
三芝區,橫山,,517,三芝區,新小基隆,橫山,98-6
三芝區,橫山,,518,三芝區,新小基隆,橫山,100
三芝區,橫山,,519,三芝區,新小基隆,橫山,100-2
三芝區,橫山,,52,三芝區,新小基隆,橫山,91-4
三芝區,橫山,,520,三芝區,新小基隆,橫山,100-3
三芝區,橫山,,521,三芝區,新小基隆,橫山,100-4
三芝區,橫山,,522,三芝區,新小基隆,橫山,100-5
三芝區,橫山,,523,三芝區,新小基隆,橫山,100-6
三芝區,橫山,,524,三芝區,新小基隆,橫山,100-1
三芝區,橫山,,525,三芝區,新小基隆,橫山,61-6
三芝區,橫山,,526,三芝區,新小基隆,橫山,61-7
三芝區,橫山,,527,三芝區,新小基隆,橫山,61-5
三芝區,橫山,,528,三芝區,新小基隆,橫山,61-4
三芝區,橫山,,529,三芝區,新小基隆,橫山,61-3
三芝區,橫山,,53,三芝區,新小基隆,橫山,93
三芝區,橫山,,530,三芝區,新小基隆,橫山,61-2
三芝區,橫山,,531,三芝區,新小基隆,橫山,61
三芝區,橫山,,532,三芝區,新小基隆,橫山,60-1
三芝區,橫山,,533,三芝區,新小基隆,橫山,60-5
三芝區,橫山,,534,三芝區,新小基隆,橫山,60-4
三芝區,橫山,,535,三芝區,新小基隆,橫山,60-3
三芝區,橫山,,536,三芝區,新小基隆,橫山,60
三芝區,橫山,,537,三芝區,新小基隆,橫山,59-6
三芝區,橫山,,538,三芝區,新小基隆,橫山,59
三芝區,橫山,,539,三芝區,新小基隆,橫山,63
三芝區,橫山,,54,三芝區,新小基隆,橫山,91-1
三芝區,橫山,,540,三芝區,新小基隆,橫山,63-8
三芝區,橫山,,541,三芝區,新小基隆,橫山,62-15
三芝區,橫山,,542,三芝區,新小基隆,橫山,62-32
三芝區,橫山,,543,三芝區,新小基隆,橫山,63-3
三芝區,橫山,,544,三芝區,新小基隆,橫山,63-6
三芝區,橫山,,545,三芝區,新小基隆,橫山,62-7
三芝區,橫山,,546,三芝區,新小基隆,橫山,62-8
三芝區,橫山,,547,三芝區,新小基隆,橫山,63-4
三芝區,橫山,,548,三芝區,新小基隆,橫山,63-5
三芝區,橫山,,549,三芝區,新小基隆,橫山,59-4
三芝區,橫山,,55,三芝區,新小基隆,橫山,91
三芝區,橫山,,550,三芝區,新小基隆,橫山,59-2
三芝區,橫山,,551,三芝區,新小基隆,橫山,59-5
三芝區,橫山,,552,三芝區,新小基隆,橫山,57-6
三芝區,橫山,,553,三芝區,新小基隆,橫山,57-15
三芝區,橫山,,554,三芝區,新小基隆,橫山,57-7
三芝區,橫山,,555,三芝區,新小基隆,橫山,57-13
三芝區,橫山,,556,三芝區,新小基隆,橫山,57-17
三芝區,橫山,,557,三芝區,新小基隆,橫山,57-16
三芝區,橫山,,558,三芝區,新小基隆,橫山,57-18
三芝區,橫山,,559,三芝區,新小基隆,橫山,57-8
三芝區,橫山,,56,三芝區,新小基隆,橫山,91-5
三芝區,橫山,,560,三芝區,新小基隆,橫山,57
三芝區,橫山,,561,三芝區,新小基隆,橫山,57-19
三芝區,橫山,,562,三芝區,新小基隆,橫山,57-3
三芝區,橫山,,563,三芝區,新小基隆,橫山,57-9
三芝區,橫山,,564,三芝區,新小基隆,橫山,57-14
三芝區,橫山,,565,三芝區,新小基隆,橫山,57-10
三芝區,橫山,,566,三芝區,新小基隆,橫山,57-11
三芝區,橫山,,567,三芝區,新小基隆,橫山,58
三芝區,橫山,,568,三芝區,新小基隆,橫山,57-21
三芝區,橫山,,569,三芝區,新小基隆,橫山,57-22
三芝區,橫山,,57,三芝區,新小基隆,橫山,90-9
三芝區,橫山,,570,三芝區,新小基隆,橫山,58-1
三芝區,橫山,,571,三芝區,新小基隆,橫山,58-2
三芝區,橫山,,572,三芝區,新小基隆,橫山,58-3
三芝區,橫山,,573,三芝區,新小基隆,橫山,57-24
三芝區,橫山,,574,三芝區,新小基隆,橫山,57-28
三芝區,橫山,,575,三芝區,新小基隆,橫山,57-23
三芝區,橫山,,576,三芝區,新小基隆,橫山,57-26
三芝區,橫山,,577,三芝區,新小基隆,橫山,57-27
三芝區,橫山,,578,三芝區,新小基隆,橫山,57-12
三芝區,橫山,,579,三芝區,新小基隆,橫山,57-4
三芝區,橫山,,58,三芝區,新小基隆,橫山,90-8
三芝區,橫山,,580,三芝區,新小基隆,橫山,40-4
三芝區,橫山,,581,三芝區,新小基隆,橫山,41
三芝區,橫山,,582,三芝區,新小基隆,橫山,44
三芝區,橫山,,583,三芝區,新小基隆,橫山,45-2
三芝區,橫山,,584,三芝區,新小基隆,橫山,45-3
三芝區,橫山,,585,三芝區,新小基隆,橫山,14-4
三芝區,橫山,,586,三芝區,新小基隆,橫山,14
三芝區,橫山,,587,三芝區,新小基隆,橫山,14-2
三芝區,橫山,,588,三芝區,新小基隆,橫山,13-2
三芝區,橫山,,589,三芝區,新小基隆,橫山,271
三芝區,橫山,,59,三芝區,新小基隆,橫山,90-7
三芝區,橫山,,590,三芝區,新小基隆,橫山,19
三芝區,橫山,,591,三芝區,新小基隆,橫山,20
三芝區,橫山,,592,三芝區,新小基隆,橫山,21
三芝區,橫山,,593,三芝區,新小基隆,橫山,270
三芝區,橫山,,594,三芝區,新小基隆,橫山,22-1
三芝區,橫山,,595,三芝區,新小基隆,橫山,22
三芝區,橫山,,596,三芝區,新小基隆,橫山,18
三芝區,橫山,,597,三芝區,新小基隆,橫山,23-1
三芝區,橫山,,598,三芝區,新小基隆,橫山,23
三芝區,橫山,,599,三芝區,新小基隆,橫山,24
三芝區,橫山,,6,三芝區,新小基隆,橫山,5-5
三芝區,橫山,,60,三芝區,新小基隆,橫山,90-6
三芝區,橫山,,600,三芝區,新小基隆,橫山,24-1
三芝區,橫山,,601,三芝區,新小基隆,橫山,24-2
三芝區,橫山,,602,三芝區,新小基隆,橫山,16-2
三芝區,橫山,,603,三芝區,新小基隆,橫山,16
三芝區,橫山,,604,三芝區,新小基隆,橫山,17
三芝區,橫山,,605,三芝區,新小基隆,橫山,15
三芝區,橫山,,606,三芝區,新小基隆,橫山,15-4
三芝區,橫山,,607,三芝區,新小基隆,橫山,15-2
三芝區,橫山,,608,三芝區,新小基隆,橫山,15-3
三芝區,橫山,,609,三芝區,新小基隆,橫山,43-4
三芝區,橫山,,61,三芝區,新小基隆,橫山,90-5
三芝區,橫山,,610,三芝區,新小基隆,橫山,43-7
三芝區,橫山,,611,三芝區,新小基隆,橫山,43-6
三芝區,橫山,,612,三芝區,新小基隆,橫山,43-5
三芝區,橫山,,613,三芝區,新小基隆,橫山,43
三芝區,橫山,,614,三芝區,新小基隆,橫山,42
三芝區,橫山,,615,三芝區,新小基隆,橫山,40-1
三芝區,橫山,,616,三芝區,新小基隆,橫山,40
三芝區,橫山,,617,三芝區,新小基隆,橫山,40-3
三芝區,橫山,,618,三芝區,新小基隆,橫山,37
三芝區,橫山,,619,三芝區,新小基隆,橫山,37-6
三芝區,橫山,,62,三芝區,新小基隆,橫山,90-4
三芝區,橫山,,620,三芝區,新小基隆,橫山,39
三芝區,橫山,,621,三芝區,新小基隆,橫山,39-2
三芝區,橫山,,622,三芝區,新小基隆,橫山,38
三芝區,橫山,,623,三芝區,新小基隆,橫山,38-1
三芝區,橫山,,624,三芝區,新小基隆,橫山,39-1
三芝區,橫山,,625,三芝區,新小基隆,橫山,37-8
三芝區,橫山,,626,三芝區,新小基隆,橫山,37-9
三芝區,橫山,,627,三芝區,新小基隆,橫山,37-5
三芝區,橫山,,628,三芝區,新小基隆,橫山,37-2
三芝區,橫山,,629,三芝區,新小基隆,橫山,36
三芝區,橫山,,63,三芝區,新小基隆,橫山,90-3
三芝區,橫山,,630,三芝區,新小基隆,橫山,37-3
三芝區,橫山,,631,三芝區,新小基隆,橫山,37-4
三芝區,橫山,,632,三芝區,新小基隆,橫山,35
三芝區,橫山,,633,三芝區,新小基隆,橫山,37-1
三芝區,橫山,,634,三芝區,新小基隆,橫山,34
三芝區,橫山,,635,三芝區,新小基隆,橫山,34-1
三芝區,橫山,,636,三芝區,新小基隆,橫山,34-2
三芝區,橫山,,637,三芝區,新小基隆,橫山,34-3
三芝區,橫山,,638,三芝區,新小基隆,橫山,34-4
三芝區,橫山,,639,三芝區,新小基隆,橫山,34-5
三芝區,橫山,,64,三芝區,新小基隆,橫山,90
三芝區,橫山,,640,三芝區,新小基隆,橫山,34-6
三芝區,橫山,,641,三芝區,新小基隆,橫山,33
三芝區,橫山,,642,三芝區,新小基隆,橫山,33-5
三芝區,橫山,,643,三芝區,新小基隆,橫山,33-4
三芝區,橫山,,644,三芝區,新小基隆,橫山,33-3
三芝區,橫山,,645,三芝區,新小基隆,橫山,33-2
三芝區,橫山,,646,三芝區,新小基隆,橫山,43-3
三芝區,橫山,,647,三芝區,新小基隆,橫山,32-2
三芝區,橫山,,648,三芝區,新小基隆,橫山,32-1
三芝區,橫山,,649,三芝區,新小基隆,橫山,32
三芝區,橫山,,65,三芝區,新小基隆,橫山,66
三芝區,橫山,,650,三芝區,新小基隆,橫山,33-1
三芝區,橫山,,651,三芝區,新小基隆,橫山,16-3
三芝區,橫山,,652,三芝區,新小基隆,橫山,32-3
三芝區,橫山,,653,三芝區,新小基隆,橫山,32-4
三芝區,橫山,,654,三芝區,新小基隆,橫山,16-6
三芝區,橫山,,655,三芝區,新小基隆,橫山,24-7
三芝區,橫山,,656,三芝區,新小基隆,橫山,30-1
三芝區,橫山,,657,三芝區,新小基隆,橫山,30
三芝區,橫山,,658,三芝區,新小基隆,橫山,30-5
三芝區,橫山,,659,三芝區,新小基隆,橫山,24-4
三芝區,橫山,,66,三芝區,新小基隆,橫山,90-11
三芝區,橫山,,660,三芝區,新小基隆,橫山,24-8
三芝區,橫山,,661,三芝區,新小基隆,橫山,24-3
三芝區,橫山,,662,三芝區,新小基隆,橫山,24-5
三芝區,橫山,,663,三芝區,新小基隆,橫山,30-3
三芝區,橫山,,664,三芝區,新小基隆,橫山,30-2
三芝區,橫山,,665,三芝區,新小基隆,橫山,24-10
三芝區,橫山,,666,三芝區,新小基隆,橫山,285
三芝區,橫山,,667,三芝區,新小基隆,橫山,30-4
三芝區,橫山,,668,三芝區,新小基隆,橫山,25
三芝區,橫山,,669,三芝區,新小基隆,橫山,29-2
三芝區,橫山,,67,三芝區,新小基隆,橫山,90-13
三芝區,橫山,,670,三芝區,新小基隆,橫山,29-4
三芝區,橫山,,671,三芝區,新小基隆,橫山,29-3
三芝區,橫山,,672,三芝區,新小基隆,橫山,25-5
三芝區,橫山,,673,三芝區,新小基隆,橫山,25-7
三芝區,橫山,,674,三芝區,新小基隆,橫山,25-9
三芝區,橫山,,675,三芝區,新小基隆,橫山,25-3
三芝區,橫山,,676,三芝區,新小基隆,橫山,25-4
三芝區,橫山,,677,三芝區,新小基隆,橫山,25-12
三芝區,橫山,,678,三芝區,新小基隆,橫山,25-10
三芝區,橫山,,679,三芝區,新小基隆,橫山,25-13
三芝區,橫山,,68,三芝區,新小基隆,橫山,90-10
三芝區,橫山,,680,三芝區,新小基隆,橫山,26
三芝區,橫山,,681,三芝區,新小基隆,橫山,287-2
三芝區,橫山,,682,三芝區,新小基隆,橫山,287-1
三芝區,橫山,,683,三芝區,新小基隆,橫山,288
三芝區,橫山,,684,三芝區,新小基隆,橫山,288-1
三芝區,橫山,,685,三芝區,新小基隆,橫山,26-1
三芝區,橫山,,686,三芝區,新小基隆,橫山,26-2
三芝區,橫山,,687,三芝區,新小基隆,橫山,26-3
三芝區,橫山,,688,三芝區,新小基隆,橫山,278-5
三芝區,橫山,,689,三芝區,新小基隆,橫山,291
三芝區,橫山,,69,三芝區,新小基隆,橫山,97-9
三芝區,橫山,,690,三芝區,新小基隆,橫山,290-2
三芝區,橫山,,691,三芝區,新小基隆,橫山,290-1
三芝區,橫山,,692,三芝區,新小基隆,橫山,290
三芝區,橫山,,693,三芝區,新小基隆,橫山,290-3
三芝區,橫山,,694,三芝區,新小基隆,橫山,290-4
三芝區,橫山,,695,三芝區,新小基隆,橫山,27
三芝區,橫山,,696,三芝區,新小基隆,橫山,289
三芝區,橫山,,697,三芝區,新小基隆,橫山,288-2
三芝區,橫山,,698,三芝區,新小基隆,橫山,286
三芝區,橫山,,699,三芝區,新小基隆,橫山,287
三芝區,橫山,,7,三芝區,新小基隆,橫山,5-2
三芝區,橫山,,70,三芝區,新小基隆,橫山,96-8
三芝區,橫山,,700,三芝區,新小基隆,橫山,286-1
三芝區,橫山,,701,三芝區,新小基隆,橫山,25-1
三芝區,橫山,,702,三芝區,新小基隆,橫山,285-4
三芝區,橫山,,703,三芝區,新小基隆,橫山,29
三芝區,橫山,,704,三芝區,新小基隆,橫山,29-1
三芝區,橫山,,705,三芝區,新小基隆,橫山,25-2
三芝區,橫山,,706,三芝區,新小基隆,橫山,285-3
三芝區,橫山,,707,三芝區,新小基隆,橫山,28
三芝區,橫山,,708,三芝區,新小基隆,橫山,285-1
三芝區,橫山,,709,三芝區,新小基隆,橫山,285-2
三芝區,橫山,,71,三芝區,新小基隆,橫山,96-1
三芝區,橫山,,710,三芝區,新小基隆,橫山,25-6
三芝區,橫山,,711,三芝區,新小基隆,橫山,283
三芝區,橫山,,712,三芝區,新小基隆,橫山,284
三芝區,橫山,,713,三芝區,新小基隆,橫山,31
三芝區,橫山,,714,三芝區,新小基隆,橫山,282
三芝區,橫山,,715,三芝區,新小基隆,橫山,31-3
三芝區,橫山,,716,三芝區,新小基隆,橫山,31-4
三芝區,橫山,,717,三芝區,新小基隆,橫山,31-5
三芝區,橫山,,718,三芝區,新小基隆,橫山,281
三芝區,橫山,,719,三芝區,新小基隆,橫山,280
三芝區,橫山,,72,三芝區,新小基隆,橫山,96-9
三芝區,橫山,,720,三芝區,新小基隆,橫山,272
三芝區,橫山,,721,三芝區,新小基隆,橫山,272-1
三芝區,橫山,,722,三芝區,新小基隆,橫山,272-2
三芝區,橫山,,723,三芝區,新小基隆,橫山,272-3
三芝區,橫山,,724,三芝區,新小基隆,橫山,272-4
三芝區,橫山,,725,三芝區,新小基隆,橫山,31-1
三芝區,橫山,,726,三芝區,新小基隆,橫山,31-2
三芝區,橫山,,727,三芝區,新小基隆,橫山,31-7
三芝區,橫山,,728,三芝區,新小基隆,橫山,31-8
三芝區,橫山,,729,三芝區,新小基隆,橫山,31-9
三芝區,橫山,,73,三芝區,新小基隆,橫山,97
三芝區,橫山,,730,三芝區,新小基隆,橫山,273
三芝區,橫山,,731,三芝區,新小基隆,橫山,274
三芝區,橫山,,732,三芝區,新小基隆,橫山,274-4
三芝區,橫山,,733,三芝區,新小基隆,橫山,274-5
三芝區,橫山,,734,三芝區,新小基隆,橫山,274-6
三芝區,橫山,,735,三芝區,新小基隆,橫山,274-7
三芝區,橫山,,736,三芝區,新小基隆,橫山,274-8
三芝區,橫山,,737,三芝區,新小基隆,橫山,274-9
三芝區,橫山,,738,三芝區,新小基隆,橫山,274-10
三芝區,橫山,,739,三芝區,新小基隆,橫山,274-11
三芝區,橫山,,74,三芝區,新小基隆,橫山,97-26
三芝區,橫山,,740,三芝區,新小基隆,橫山,274-12
三芝區,橫山,,741,三芝區,新小基隆,橫山,274-13
三芝區,橫山,,742,三芝區,新小基隆,橫山,274-14
三芝區,橫山,,743,三芝區,新小基隆,橫山,274-15
三芝區,橫山,,744,三芝區,新小基隆,橫山,274-16
三芝區,橫山,,745,三芝區,新小基隆,橫山,274-17
三芝區,橫山,,746,三芝區,新小基隆,橫山,274-18
三芝區,橫山,,747,三芝區,新小基隆,橫山,274-19
三芝區,橫山,,748,三芝區,新小基隆,橫山,274-20
三芝區,橫山,,749,三芝區,新小基隆,橫山,274-21
三芝區,橫山,,75,三芝區,新小基隆,橫山,97-8
三芝區,橫山,,750,三芝區,新小基隆,橫山,274-22
三芝區,橫山,,751,三芝區,新小基隆,橫山,274-23
三芝區,橫山,,752,三芝區,新小基隆,橫山,274-24
三芝區,橫山,,753,三芝區,新小基隆,橫山,274-25
三芝區,橫山,,754,三芝區,新小基隆,橫山,274-26
三芝區,橫山,,755,三芝區,新小基隆,橫山,274-27
三芝區,橫山,,756,三芝區,新小基隆,橫山,274-28
三芝區,橫山,,757,三芝區,新小基隆,橫山,274-29
三芝區,橫山,,758,三芝區,新小基隆,橫山,274-30
三芝區,橫山,,759,三芝區,新小基隆,橫山,274-31
三芝區,橫山,,76,三芝區,新小基隆,橫山,62-35
三芝區,橫山,,760,三芝區,新小基隆,橫山,274-32
三芝區,橫山,,761,三芝區,新小基隆,橫山,274-33
三芝區,橫山,,762,三芝區,新小基隆,橫山,274-34
三芝區,橫山,,763,三芝區,新小基隆,橫山,274-35
三芝區,橫山,,764,三芝區,新小基隆,橫山,274-36
三芝區,橫山,,765,三芝區,新小基隆,橫山,274-37
三芝區,橫山,,766,三芝區,新小基隆,橫山,274-38
三芝區,橫山,,767,三芝區,新小基隆,橫山,274-39
三芝區,橫山,,768,三芝區,新小基隆,橫山,274-40
三芝區,橫山,,769,三芝區,新小基隆,橫山,274-41
三芝區,橫山,,77,三芝區,新小基隆,橫山,62-5
三芝區,橫山,,770,三芝區,新小基隆,橫山,274-42
三芝區,橫山,,771,三芝區,新小基隆,橫山,274-43
三芝區,橫山,,772,三芝區,新小基隆,橫山,274-44
三芝區,橫山,,773,三芝區,新小基隆,橫山,274-45
三芝區,橫山,,774,三芝區,新小基隆,橫山,274-46
三芝區,橫山,,775,三芝區,新小基隆,橫山,274-47
三芝區,橫山,,776,三芝區,新小基隆,橫山,274-48
三芝區,橫山,,777,三芝區,新小基隆,橫山,274-49
三芝區,橫山,,778,三芝區,新小基隆,橫山,274-50
三芝區,橫山,,779,三芝區,新小基隆,橫山,274-51
三芝區,橫山,,78,三芝區,新小基隆,橫山,64
三芝區,橫山,,780,三芝區,新小基隆,橫山,274-52
三芝區,橫山,,781,三芝區,新小基隆,橫山,274-53
三芝區,橫山,,782,三芝區,新小基隆,橫山,274-54
三芝區,橫山,,783,三芝區,新小基隆,橫山,274-55
三芝區,橫山,,784,三芝區,新小基隆,橫山,274-56
三芝區,橫山,,785,三芝區,新小基隆,橫山,274-57
三芝區,橫山,,786,三芝區,新小基隆,橫山,274-58
三芝區,橫山,,787,三芝區,新小基隆,橫山,274-59
三芝區,橫山,,788,三芝區,新小基隆,橫山,274-60
三芝區,橫山,,789,三芝區,新小基隆,橫山,274-61
三芝區,橫山,,79,三芝區,新小基隆,橫山,64-1
三芝區,橫山,,790,三芝區,新小基隆,橫山,274-62
三芝區,橫山,,791,三芝區,新小基隆,橫山,274-63
三芝區,橫山,,792,三芝區,新小基隆,橫山,274-64
三芝區,橫山,,793,三芝區,新小基隆,橫山,274-65
三芝區,橫山,,794,三芝區,新小基隆,橫山,274-66
三芝區,橫山,,795,三芝區,新小基隆,橫山,274-67
三芝區,橫山,,796,三芝區,新小基隆,橫山,274-68
三芝區,橫山,,797,三芝區,新小基隆,橫山,274-69
三芝區,橫山,,798,三芝區,新小基隆,橫山,274-70
三芝區,橫山,,799,三芝區,新小基隆,橫山,274-71
三芝區,橫山,,8,三芝區,新小基隆,橫山,6-2
三芝區,橫山,,80,三芝區,新小基隆,橫山,65-1
三芝區,橫山,,800,三芝區,新小基隆,橫山,274-72
三芝區,橫山,,801,三芝區,新小基隆,橫山,274-73
三芝區,橫山,,802,三芝區,新小基隆,橫山,274-74
三芝區,橫山,,803,三芝區,新小基隆,橫山,274-75
三芝區,橫山,,804,三芝區,新小基隆,橫山,274-76
三芝區,橫山,,805,三芝區,新小基隆,橫山,274-77
三芝區,橫山,,806,三芝區,新小基隆,橫山,274-78
三芝區,橫山,,807,三芝區,新小基隆,橫山,274-79
三芝區,橫山,,808,三芝區,新小基隆,橫山,274-80
三芝區,橫山,,809,三芝區,新小基隆,橫山,274-81
三芝區,橫山,,81,三芝區,新小基隆,橫山,62-36
三芝區,橫山,,810,三芝區,新小基隆,橫山,274-82
三芝區,橫山,,811,三芝區,新小基隆,橫山,274-83
三芝區,橫山,,812,三芝區,新小基隆,橫山,274-84
三芝區,橫山,,813,三芝區,新小基隆,橫山,274-85
三芝區,橫山,,814,三芝區,新小基隆,橫山,274-86
三芝區,橫山,,815,三芝區,新小基隆,橫山,274-87
三芝區,橫山,,816,三芝區,新小基隆,橫山,274-88
三芝區,橫山,,817,三芝區,新小基隆,橫山,274-89
三芝區,橫山,,818,三芝區,新小基隆,橫山,274-90
三芝區,橫山,,819,三芝區,新小基隆,橫山,274-91
三芝區,橫山,,82,三芝區,新小基隆,橫山,62-37
三芝區,橫山,,820,三芝區,新小基隆,橫山,274-92
三芝區,橫山,,821,三芝區,新小基隆,橫山,274-93
三芝區,橫山,,822,三芝區,新小基隆,橫山,274-94
三芝區,橫山,,823,三芝區,新小基隆,橫山,274-95
三芝區,橫山,,824,三芝區,新小基隆,橫山,274-96
三芝區,橫山,,825,三芝區,新小基隆,橫山,274-97
三芝區,橫山,,826,三芝區,新小基隆,橫山,274-98
三芝區,橫山,,827,三芝區,新小基隆,橫山,274-99
三芝區,橫山,,828,三芝區,新小基隆,橫山,274-100
三芝區,橫山,,829,三芝區,新小基隆,橫山,274-101
三芝區,橫山,,83,三芝區,新小基隆,橫山,65
三芝區,橫山,,830,三芝區,新小基隆,橫山,274-102
三芝區,橫山,,831,三芝區,新小基隆,橫山,274-1
三芝區,橫山,,832,三芝區,新小基隆,橫山,106
三芝區,橫山,,833,三芝區,新小基隆,橫山,274-3
三芝區,橫山,,834,三芝區,新小基隆,橫山,274-2
三芝區,橫山,,835,三芝區,新小基隆,橫山,105-1
三芝區,橫山,,836,三芝區,新小基隆,橫山,105
三芝區,橫山,,837,三芝區,新小基隆,橫山,104
三芝區,橫山,,838,三芝區,新小基隆,橫山,104-7
三芝區,橫山,,839,三芝區,新小基隆,橫山,105-2
三芝區,橫山,,84,三芝區,新小基隆,橫山,72-1
三芝區,橫山,,840,三芝區,新小基隆,橫山,101-1
三芝區,橫山,,841,三芝區,新小基隆,橫山,101
三芝區,橫山,,842,三芝區,新小基隆,橫山,101-2
三芝區,橫山,,843,三芝區,新小基隆,橫山,102
三芝區,橫山,,844,三芝區,新小基隆,橫山,103
三芝區,橫山,,845,三芝區,新小基隆,橫山,158-5
三芝區,橫山,,846,三芝區,新小基隆,橫山,158-6
三芝區,橫山,,847,三芝區,新小基隆,橫山,104-4
三芝區,橫山,,848,三芝區,新小基隆,橫山,104-6
三芝區,橫山,,849,三芝區,新小基隆,橫山,158-7
三芝區,橫山,,85,三芝區,新小基隆,橫山,72
三芝區,橫山,,850,三芝區,新小基隆,橫山,104-3
三芝區,橫山,,851,三芝區,新小基隆,橫山,104-2
三芝區,橫山,,852,三芝區,新小基隆,橫山,104-1
三芝區,橫山,,853,三芝區,新小基隆,橫山,104-8
三芝區,橫山,,854,三芝區,新小基隆,橫山,146-1
三芝區,橫山,,855,三芝區,新小基隆,橫山,108-4
三芝區,橫山,,856,三芝區,新小基隆,橫山,146
三芝區,橫山,,857,三芝區,新小基隆,橫山,147
三芝區,橫山,,858,三芝區,新小基隆,橫山,149
三芝區,橫山,,859,三芝區,新小基隆,橫山,148
三芝區,橫山,,86,三芝區,新小基隆,橫山,70-1
三芝區,橫山,,860,三芝區,新小基隆,橫山,149-1
三芝區,橫山,,861,三芝區,新小基隆,橫山,150
三芝區,橫山,,862,三芝區,新小基隆,橫山,151
三芝區,橫山,,863,三芝區,新小基隆,橫山,181-4
三芝區,橫山,,864,三芝區,新小基隆,橫山,181-1
三芝區,橫山,,865,三芝區,新小基隆,橫山,181-6
三芝區,橫山,,866,三芝區,新小基隆,橫山,152
三芝區,橫山,,867,三芝區,新小基隆,橫山,196-9
三芝區,橫山,,868,三芝區,新小基隆,橫山,152-1
三芝區,橫山,,869,三芝區,新小基隆,橫山,196-8
三芝區,橫山,,87,三芝區,新小基隆,橫山,70
三芝區,橫山,,870,三芝區,新小基隆,橫山,181-2
三芝區,橫山,,871,三芝區,新小基隆,橫山,196-17
三芝區,橫山,,872,三芝區,新小基隆,橫山,196-16
三芝區,橫山,,873,三芝區,新小基隆,橫山,196-3
三芝區,橫山,,874,三芝區,新小基隆,橫山,197-1
三芝區,橫山,,875,三芝區,新小基隆,橫山,197
三芝區,橫山,,876,三芝區,新小基隆,橫山,196-15
三芝區,橫山,,877,三芝區,新小基隆,橫山,196-14
三芝區,橫山,,878,三芝區,新小基隆,橫山,196
三芝區,橫山,,879,三芝區,新小基隆,橫山,196-1
三芝區,橫山,,88,三芝區,新小基隆,橫山,71
三芝區,橫山,,880,三芝區,新小基隆,橫山,198
三芝區,橫山,,881,三芝區,新小基隆,橫山,200
三芝區,橫山,,882,三芝區,新小基隆,橫山,209-1
三芝區,橫山,,883,三芝區,新小基隆,橫山,201
三芝區,橫山,,884,三芝區,新小基隆,橫山,209-8
三芝區,橫山,,885,三芝區,新小基隆,橫山,209-2
三芝區,橫山,,886,三芝區,新小基隆,橫山,202-3
三芝區,橫山,,887,三芝區,新小基隆,橫山,202-2
三芝區,橫山,,888,三芝區,新小基隆,橫山,209-3
三芝區,橫山,,889,三芝區,新小基隆,橫山,202-1
三芝區,橫山,,89,三芝區,新小基隆,橫山,76
三芝區,橫山,,890,三芝區,新小基隆,橫山,202-4
三芝區,橫山,,891,三芝區,新小基隆,橫山,202
三芝區,橫山,,892,三芝區,新小基隆,橫山,203-1
三芝區,橫山,,893,三芝區,新小基隆,橫山,203-2
三芝區,橫山,,894,三芝區,新小基隆,橫山,204-7
三芝區,橫山,,895,三芝區,新小基隆,橫山,204-6
三芝區,橫山,,896,三芝區,新小基隆,橫山,204-5
三芝區,橫山,,897,三芝區,新小基隆,橫山,204-4
三芝區,橫山,,898,三芝區,新小基隆,橫山,204-3
三芝區,橫山,,899,三芝區,新小基隆,橫山,204-2
三芝區,橫山,,9,三芝區,新小基隆,橫山,6-1
三芝區,橫山,,90,三芝區,新小基隆,橫山,52
三芝區,橫山,,900,三芝區,新小基隆,橫山,204
三芝區,橫山,,901,三芝區,新小基隆,橫山,210-6
三芝區,橫山,,902,三芝區,新小基隆,橫山,210-5
三芝區,橫山,,903,三芝區,新小基隆,橫山,210-4
三芝區,橫山,,904,三芝區,新小基隆,橫山,210
三芝區,橫山,,905,三芝區,新小基隆,橫山,205
三芝區,橫山,,906,三芝區,新小基隆,橫山,205-2
三芝區,橫山,,907,三芝區,新小基隆,橫山,205-3
三芝區,橫山,,908,三芝區,新小基隆,橫山,206
三芝區,橫山,,909,三芝區,新小基隆,橫山,206-2
三芝區,橫山,,91,三芝區,新小基隆,橫山,52-3
三芝區,橫山,,910,三芝區,新小基隆,橫山,206-1
三芝區,橫山,,911,三芝區,新小基隆,橫山,206-3
三芝區,橫山,,912,三芝區,新小基隆,橫山,240
三芝區,橫山,,913,三芝區,新小基隆,橫山,241-2
三芝區,橫山,,914,三芝區,新小基隆,橫山,240-1
三芝區,橫山,,915,三芝區,新小基隆,橫山,241
三芝區,橫山,,916,三芝區,新小基隆,橫山,241-1
三芝區,橫山,,917,三芝區,新小基隆,橫山,238
三芝區,橫山,,918,三芝區,新小基隆,橫山,239-1
三芝區,橫山,,919,三芝區,新小基隆,橫山,239
三芝區,橫山,,92,三芝區,新小基隆,橫山,75
三芝區,橫山,,920,三芝區,新小基隆,橫山,237-1
三芝區,橫山,,921,三芝區,新小基隆,橫山,237-4
三芝區,橫山,,922,三芝區,新小基隆,橫山,237-3
三芝區,橫山,,923,三芝區,新小基隆,橫山,237-2
三芝區,橫山,,924,三芝區,新小基隆,橫山,242
三芝區,橫山,,925,三芝區,新小基隆,橫山,242-2
三芝區,橫山,,926,三芝區,新小基隆,橫山,242-4
三芝區,橫山,,927,三芝區,新小基隆,橫山,242-1
三芝區,橫山,,928,三芝區,新小基隆,橫山,243
三芝區,橫山,,929,三芝區,新小基隆,橫山,237
三芝區,橫山,,93,三芝區,新小基隆,橫山,74
三芝區,橫山,,930,三芝區,新小基隆,橫山,244
三芝區,橫山,,931,三芝區,新小基隆,橫山,244-1
三芝區,橫山,,932,三芝區,新小基隆,橫山,246
三芝區,橫山,,933,三芝區,新小基隆,橫山,244-6
三芝區,橫山,,934,三芝區,新小基隆,橫山,244-13
三芝區,橫山,,935,三芝區,新小基隆,橫山,245
三芝區,橫山,,936,三芝區,新小基隆,橫山,244-11
三芝區,橫山,,937,三芝區,新小基隆,橫山,244-2
三芝區,橫山,,938,三芝區,新小基隆,橫山,244-4
三芝區,橫山,,939,三芝區,新小基隆,橫山,244-14
三芝區,橫山,,94,三芝區,新小基隆,橫山,73
三芝區,橫山,,940,三芝區,新小基隆,橫山,244-10
三芝區,橫山,,941,三芝區,新小基隆,橫山,244-9
三芝區,橫山,,942,三芝區,新小基隆,橫山,244-3
三芝區,橫山,,943,三芝區,新小基隆,橫山,252-23
三芝區,橫山,,944,三芝區,新小基隆,橫山,252-3
三芝區,橫山,,945,三芝區,新小基隆,橫山,253
三芝區,橫山,,946,三芝區,新小基隆,橫山,254
三芝區,橫山,,947,三芝區,新小基隆,橫山,252-13
三芝區,橫山,,948,三芝區,新小基隆,橫山,252-20
三芝區,橫山,,949,三芝區,新小基隆,橫山,252-21
三芝區,橫山,,95,三芝區,新小基隆,橫山,52-4
三芝區,橫山,,950,三芝區,新小基隆,橫山,252-22
三芝區,橫山,,951,三芝區,新小基隆,橫山,252-14
三芝區,橫山,,952,三芝區,新小基隆,橫山,252-7
三芝區,橫山,,953,三芝區,新小基隆,橫山,252-2
三芝區,橫山,,954,三芝區,新小基隆,橫山,252-8
三芝區,橫山,,955,三芝區,新小基隆,橫山,252-4
三芝區,橫山,,956,三芝區,新小基隆,橫山,252-9
三芝區,橫山,,957,三芝區,新小基隆,橫山,252-11
三芝區,橫山,,958,三芝區,新小基隆,橫山,252-5
三芝區,橫山,,959,三芝區,新小基隆,橫山,252-6
三芝區,橫山,,96,三芝區,新小基隆,橫山,52-6
三芝區,橫山,,960,三芝區,新小基隆,橫山,255-3
三芝區,橫山,,961,三芝區,新小基隆,橫山,255-2
三芝區,橫山,,962,三芝區,新小基隆,橫山,252-15
三芝區,橫山,,963,三芝區,新小基隆,橫山,252-12
三芝區,橫山,,964,三芝區,新小基隆,橫山,255
三芝區,橫山,,965,三芝區,新小基隆,橫山,255-1
三芝區,橫山,,966,三芝區,新小基隆,橫山,255-9
三芝區,橫山,,967,三芝區,新小基隆,橫山,255-5
三芝區,橫山,,968,三芝區,新小基隆,橫山,255-6
三芝區,橫山,,969,三芝區,新小基隆,橫山,255-7
三芝區,橫山,,97,三芝區,新小基隆,橫山,52-5
三芝區,橫山,,970,三芝區,新小基隆,橫山,256-1
三芝區,橫山,,971,三芝區,新小基隆,橫山,256
三芝區,橫山,,972,三芝區,新小基隆,橫山,259-1
三芝區,橫山,,973,三芝區,新小基隆,橫山,259
三芝區,橫山,,974,三芝區,新小基隆,橫山,261
三芝區,橫山,,975,三芝區,新小基隆,橫山,261-1
三芝區,橫山,,976,三芝區,新小基隆,橫山,260
三芝區,橫山,,977,三芝區,新小基隆,橫山,251-5
三芝區,橫山,,978,三芝區,新小基隆,橫山,251-2
三芝區,橫山,,979,三芝區,新小基隆,橫山,258-1
三芝區,橫山,,98,三芝區,新小基隆,橫山,52-2
三芝區,橫山,,980,三芝區,新小基隆,橫山,258
三芝區,橫山,,981,三芝區,新小基隆,橫山,257-1
三芝區,橫山,,982,三芝區,新小基隆,橫山,257
三芝區,橫山,,983,三芝區,新小基隆,橫山,257-2
三芝區,橫山,,984,三芝區,新小基隆,橫山,257-3
三芝區,橫山,,985,三芝區,新小基隆,橫山,249-3
三芝區,橫山,,986,三芝區,新小基隆,橫山,249-11
三芝區,橫山,,987,三芝區,新小基隆,橫山,249-12
三芝區,橫山,,988,三芝區,新小基隆,橫山,249-13
三芝區,橫山,,989,三芝區,新小基隆,橫山,249-14
三芝區,橫山,,99,三芝區,新小基隆,橫山,52-1
三芝區,橫山,,990,三芝區,新小基隆,橫山,249-10
三芝區,橫山,,991,三芝區,新小基隆,橫山,251-3
三芝區,橫山,,992,三芝區,新小基隆,橫山,251-1
三芝區,橫山,,993,三芝區,新小基隆,橫山,251
三芝區,橫山,,994,三芝區,新小基隆,橫山,251-4
三芝區,橫山,,995,三芝區,新小基隆,橫山,252-10
三芝區,橫山,,996,三芝區,新小基隆,橫山,255-8
三芝區,橫山,,997,三芝區,新小基隆,橫山,250
三芝區,橫山,,998,三芝區,新小基隆,橫山,250-1
三芝區,橫山,,999,三芝區,新小基隆,橫山,250-2
三芝區,田心,,1,三芝區,北新庄子,楓子林,80
三芝區,田心,,10,三芝區,北新庄子,楓子林,82-3
三芝區,田心,,100,三芝區,北新庄子,楓子林,102-9
三芝區,田心,,1000,三芝區,北新庄子,田心子,176-13
三芝區,田心,,1001,三芝區,北新庄子,田心子,176-14
三芝區,田心,,1002,三芝區,北新庄子,田心子,179
三芝區,田心,,1003,三芝區,北新庄子,田心子,180
三芝區,田心,,1004,三芝區,北新庄子,田心子,170-10
三芝區,田心,,1005,三芝區,北新庄子,田心子,181
三芝區,田心,,1006,三芝區,北新庄子,田心子,181-1
三芝區,田心,,1007,三芝區,北新庄子,田心子,183
三芝區,田心,,1008,三芝區,北新庄子,田心子,183-1
三芝區,田心,,1009,三芝區,北新庄子,田心子,183-2
三芝區,田心,,101,三芝區,北新庄子,楓子林,102-10
三芝區,田心,,1010,三芝區,北新庄子,田心子,184
三芝區,田心,,1011,三芝區,北新庄子,田心子,184-1
三芝區,田心,,1012,三芝區,北新庄子,田心子,184-2
三芝區,田心,,1013,三芝區,北新庄子,田心子,184-3
三芝區,田心,,1014,三芝區,北新庄子,田心子,171-1
三芝區,田心,,1015,三芝區,北新庄子,田心子,184-4
三芝區,田心,,1016,三芝區,北新庄子,田心子,184-5
三芝區,田心,,1017,三芝區,北新庄子,田心子,184-6
三芝區,田心,,1018,三芝區,北新庄子,田心子,184-7
三芝區,田心,,1019,三芝區,北新庄子,田心子,184-8
三芝區,田心,,102,三芝區,北新庄子,楓子林,102-14
三芝區,田心,,1020,三芝區,北新庄子,田心子,184-9
三芝區,田心,,1021,三芝區,北新庄子,田心子,184-10
三芝區,田心,,1022,三芝區,北新庄子,田心子,184-11
三芝區,田心,,1023,三芝區,北新庄子,田心子,184-12
三芝區,田心,,1024,三芝區,北新庄子,田心子,173-2
三芝區,田心,,1025,三芝區,北新庄子,田心子,184-13
三芝區,田心,,1026,三芝區,北新庄子,田心子,184-14
三芝區,田心,,1027,三芝區,北新庄子,田心子,184-15
三芝區,田心,,1028,三芝區,北新庄子,田心子,184-16
三芝區,田心,,1029,三芝區,北新庄子,田心子,184-17
三芝區,田心,,103,三芝區,北新庄子,楓子林,102-15
三芝區,田心,,1030,三芝區,北新庄子,田心子,184-18
三芝區,田心,,1031,三芝區,北新庄子,田心子,184-19
三芝區,田心,,1032,三芝區,北新庄子,田心子,184-20
三芝區,田心,,1033,三芝區,北新庄子,田心子,184-21
三芝區,田心,,1034,三芝區,北新庄子,田心子,174-4
三芝區,田心,,1035,三芝區,北新庄子,田心子,184-22
三芝區,田心,,1036,三芝區,北新庄子,田心子,184-23
三芝區,田心,,1037,三芝區,北新庄子,田心子,184-24
三芝區,田心,,1038,三芝區,北新庄子,田心子,184-25
三芝區,田心,,1039,三芝區,北新庄子,田心子,184-26
三芝區,田心,,104,三芝區,北新庄子,楓子林,169-10
三芝區,田心,,1040,三芝區,北新庄子,田心子,184-27
三芝區,田心,,1041,三芝區,北新庄子,田心子,184-28
三芝區,田心,,1042,三芝區,北新庄子,田心子,184-29
三芝區,田心,,1043,三芝區,北新庄子,田心子,184-30
三芝區,田心,,1044,三芝區,北新庄子,田心子,174-5
三芝區,田心,,1045,三芝區,北新庄子,田心子,185
三芝區,田心,,1046,三芝區,北新庄子,田心子,185-1
三芝區,田心,,1047,三芝區,北新庄子,田心子,186
三芝區,田心,,1048,三芝區,北新庄子,田心子,188
三芝區,田心,,1049,三芝區,北新庄子,田心子,189
三芝區,田心,,105,三芝區,北新庄子,楓子林,102-16
三芝區,田心,,1050,三芝區,北新庄子,田心子,190
三芝區,田心,,1051,三芝區,北新庄子,田心子,191
三芝區,田心,,1052,三芝區,北新庄子,田心子,191-1
三芝區,田心,,1053,三芝區,北新庄子,田心子,191-2
三芝區,田心,,1054,三芝區,北新庄子,田心子,174-6
三芝區,田心,,1055,三芝區,北新庄子,田心子,191-3
三芝區,田心,,1056,三芝區,北新庄子,田心子,191-4
三芝區,田心,,1057,三芝區,北新庄子,田心子,192
三芝區,田心,,1058,三芝區,北新庄子,田心子,192-1
三芝區,田心,,1059,三芝區,北新庄子,田心子,192-2
三芝區,田心,,106,三芝區,北新庄子,楓子林,103
三芝區,田心,,1060,三芝區,北新庄子,田心子,192-3
三芝區,田心,,1061,三芝區,北新庄子,田心子,192-4
三芝區,田心,,1062,三芝區,北新庄子,田心子,193-1
三芝區,田心,,1063,三芝區,北新庄子,田心子,193-2
三芝區,田心,,1064,三芝區,北新庄子,田心子,175-4
三芝區,田心,,1065,三芝區,北新庄子,田心子,193-4
三芝區,田心,,1066,三芝區,北新庄子,田心子,194-1
三芝區,田心,,1067,三芝區,北新庄子,田心子,194-2
三芝區,田心,,1068,三芝區,北新庄子,田心子,194-3
三芝區,田心,,1069,三芝區,北新庄子,田心子,194-4
三芝區,田心,,107,三芝區,北新庄子,楓子林,104
三芝區,田心,,1070,三芝區,北新庄子,田心子,194-6
三芝區,田心,,1071,三芝區,北新庄子,田心子,194-7
三芝區,田心,,1072,三芝區,北新庄子,田心子,195
三芝區,田心,,1073,三芝區,北新庄子,田心子,195-1
三芝區,田心,,1074,三芝區,北新庄子,田心子,175-5
三芝區,田心,,1075,三芝區,北新庄子,田心子,195-2
三芝區,田心,,1076,三芝區,北新庄子,田心子,195-3
三芝區,田心,,1077,三芝區,北新庄子,田心子,197
三芝區,田心,,1078,三芝區,北新庄子,田心子,175-6
三芝區,田心,,1079,三芝區,北新庄子,田心子,197-1
三芝區,田心,,108,三芝區,北新庄子,楓子林,104-1
三芝區,田心,,1080,三芝區,北新庄子,田心子,199
三芝區,田心,,1081,三芝區,北新庄子,田心子,199-1
三芝區,田心,,1082,三芝區,北新庄子,田心子,199-2
三芝區,田心,,1083,三芝區,北新庄子,田心子,199-4
三芝區,田心,,1084,三芝區,北新庄子,田心子,175-7
三芝區,田心,,1085,三芝區,北新庄子,田心子,199-5
三芝區,田心,,1086,三芝區,北新庄子,田心子,199-9
三芝區,田心,,1087,三芝區,北新庄子,田心子,191-5
三芝區,田心,,1088,三芝區,北新庄子,田心子,199-10
三芝區,田心,,1089,三芝區,北新庄子,田心子,199-11
三芝區,田心,,109,三芝區,北新庄子,楓子林,104-3
三芝區,田心,,1090,三芝區,北新庄子,田心子,200
三芝區,田心,,1091,三芝區,北新庄子,田心子,200-1
三芝區,田心,,1092,三芝區,北新庄子,田心子,200-4
三芝區,田心,,1093,三芝區,北新庄子,田心子,200-5
三芝區,田心,,1094,三芝區,北新庄子,田心子,191-6
三芝區,田心,,1095,三芝區,北新庄子,田心子,200-6
三芝區,田心,,1096,三芝區,北新庄子,田心子,202
三芝區,田心,,1097,三芝區,北新庄子,田心子,202-1
三芝區,田心,,1098,三芝區,北新庄子,田心子,203
三芝區,田心,,1099,三芝區,北新庄子,田心子,203-1
三芝區,田心,,11,三芝區,北新庄子,楓子林,82-4
三芝區,田心,,110,三芝區,北新庄子,楓子林,104-4
三芝區,田心,,1100,三芝區,北新庄子,田心子,204
三芝區,田心,,1101,三芝區,北新庄子,田心子,205
三芝區,田心,,1102,三芝區,北新庄子,田心子,205-1
三芝區,田心,,1103,三芝區,北新庄子,田心子,206
三芝區,田心,,1104,三芝區,北新庄子,田心子,192-5
三芝區,田心,,1105,三芝區,北新庄子,田心子,207
三芝區,田心,,1106,三芝區,北新庄子,田心子,209
三芝區,田心,,1107,三芝區,北新庄子,田心子,209-3
三芝區,田心,,1108,三芝區,北新庄子,田心子,209-4
三芝區,田心,,1109,三芝區,北新庄子,田心子,209-5
三芝區,田心,,111,三芝區,北新庄子,楓子林,104-5
三芝區,田心,,1110,三芝區,北新庄子,田心子,209-6
三芝區,田心,,1111,三芝區,北新庄子,田心子,209-7
三芝區,田心,,1112,三芝區,北新庄子,田心子,209-8
三芝區,田心,,1113,三芝區,北新庄子,田心子,209-9
三芝區,田心,,1114,三芝區,北新庄子,田心子,192-6
三芝區,田心,,1115,三芝區,北新庄子,田心子,209-10
三芝區,田心,,1116,三芝區,北新庄子,田心子,209-11
三芝區,田心,,1117,三芝區,北新庄子,田心子,210
三芝區,田心,,1118,三芝區,北新庄子,田心子,211-1
三芝區,田心,,1119,三芝區,北新庄子,田心子,211-2
三芝區,田心,,112,三芝區,北新庄子,楓子林,105
三芝區,田心,,1120,三芝區,北新庄子,田心子,211-5
三芝區,田心,,1121,三芝區,北新庄子,田心子,211-6
三芝區,田心,,1122,三芝區,北新庄子,田心子,211-7
三芝區,田心,,1123,三芝區,北新庄子,田心子,211-8
三芝區,田心,,1124,三芝區,北新庄子,田心子,193-3
三芝區,田心,,1125,三芝區,北新庄子,田心子,211-9
三芝區,田心,,1126,三芝區,北新庄子,田心子,211-10
三芝區,田心,,1127,三芝區,北新庄子,田心子,211-14
三芝區,田心,,1128,三芝區,北新庄子,田心子,211-15
三芝區,田心,,1129,三芝區,北新庄子,田心子,211-16
三芝區,田心,,113,三芝區,北新庄子,楓子林,105-1
三芝區,田心,,1130,三芝區,北新庄子,田心子,211-17
三芝區,田心,,1131,三芝區,北新庄子,田心子,211-18
三芝區,田心,,1132,三芝區,北新庄子,田心子,211-19
三芝區,田心,,1133,三芝區,北新庄子,田心子,211-20
三芝區,田心,,1134,三芝區,北新庄子,田心子,193-5
三芝區,田心,,1135,三芝區,北新庄子,田心子,212
三芝區,田心,,1136,三芝區,北新庄子,田心子,213
三芝區,田心,,1137,三芝區,北新庄子,田心子,213-1
三芝區,田心,,1138,三芝區,北新庄子,田心子,213-2
三芝區,田心,,1139,三芝區,北新庄子,田心子,213-5
三芝區,田心,,114,三芝區,北新庄子,楓子林,169-11
三芝區,田心,,1140,三芝區,北新庄子,田心子,213-7
三芝區,田心,,1141,三芝區,北新庄子,田心子,213-9
三芝區,田心,,1142,三芝區,北新庄子,田心子,213-13
三芝區,田心,,1143,三芝區,北新庄子,田心子,213-14
三芝區,田心,,1144,三芝區,北新庄子,田心子,194-5
三芝區,田心,,1145,三芝區,北新庄子,田心子,213-15
三芝區,田心,,1146,三芝區,北新庄子,田心子,214
三芝區,田心,,1147,三芝區,北新庄子,田心子,215
三芝區,田心,,1148,三芝區,北新庄子,楓子林,210-3
三芝區,田心,,1149,三芝區,北新庄子,楓子林,210-7
三芝區,田心,,115,三芝區,北新庄子,楓子林,106
三芝區,田心,,1150,三芝區,北新庄子,楓子林,210-8
三芝區,田心,,1151,三芝區,北新庄子,楓子林,211-4
三芝區,田心,,1152,三芝區,北新庄子,田心子,10
三芝區,田心,,1153,三芝區,北新庄子,田心子,10-1
三芝區,田心,,1154,三芝區,北新庄子,田心子,194-8
三芝區,田心,,1155,三芝區,北新庄子,田心子,11
三芝區,田心,,1156,三芝區,北新庄子,田心子,11-1
三芝區,田心,,1157,三芝區,北新庄子,田心子,11-2
三芝區,田心,,1158,三芝區,北新庄子,田心子,11-3
三芝區,田心,,1159,三芝區,北新庄子,田心子,11-4
三芝區,田心,,116,三芝區,北新庄子,楓子林,107
三芝區,田心,,1160,三芝區,北新庄子,田心子,11-5
三芝區,田心,,1161,三芝區,北新庄子,田心子,11-6
三芝區,田心,,1162,三芝區,北新庄子,田心子,11-7
三芝區,田心,,1163,三芝區,北新庄子,田心子,11-8
三芝區,田心,,1164,三芝區,北新庄子,田心子,194-9
三芝區,田心,,1165,三芝區,北新庄子,田心子,12
三芝區,田心,,1166,三芝區,北新庄子,田心子,13
三芝區,田心,,1167,三芝區,北新庄子,田心子,15
三芝區,田心,,1168,三芝區,北新庄子,田心子,15-1
三芝區,田心,,1169,三芝區,北新庄子,田心子,15-2
三芝區,田心,,117,三芝區,北新庄子,楓子林,108
三芝區,田心,,1170,三芝區,北新庄子,田心子,15-3
三芝區,田心,,1171,三芝區,北新庄子,田心子,15-5
三芝區,田心,,1172,三芝區,北新庄子,田心子,197-2
三芝區,田心,,1173,三芝區,北新庄子,田心子,199-3
三芝區,田心,,1174,三芝區,北新庄子,田心子,199-6
三芝區,田心,,1175,三芝區,北新庄子,田心子,199-7
三芝區,田心,,1176,三芝區,北新庄子,田心子,199-8
三芝區,田心,,1177,三芝區,北新庄子,田心子,200-2
三芝區,田心,,1178,三芝區,北新庄子,田心子,200-3
三芝區,田心,,1179,三芝區,北新庄子,田心子,202-2
三芝區,田心,,118,三芝區,北新庄子,楓子林,108-1
三芝區,田心,,119,三芝區,北新庄子,楓子林,109
三芝區,田心,,12,三芝區,北新庄子,楓子林,82-5
三芝區,田心,,120,三芝區,北新庄子,楓子林,109-1
三芝區,田心,,121,三芝區,北新庄子,楓子林,109-2
三芝區,田心,,122,三芝區,北新庄子,楓子林,109-3
三芝區,田心,,123,三芝區,北新庄子,楓子林,109-4
三芝區,田心,,124,三芝區,北新庄子,楓子林,169-12
三芝區,田心,,125,三芝區,北新庄子,楓子林,109-5
三芝區,田心,,126,三芝區,北新庄子,楓子林,110
三芝區,田心,,127,三芝區,北新庄子,楓子林,111
三芝區,田心,,128,三芝區,北新庄子,楓子林,111-1
三芝區,田心,,129,三芝區,北新庄子,楓子林,111-2
三芝區,田心,,13,三芝區,北新庄子,楓子林,83
三芝區,田心,,130,三芝區,北新庄子,楓子林,111-3
三芝區,田心,,131,三芝區,北新庄子,楓子林,112
三芝區,田心,,132,三芝區,北新庄子,楓子林,113
三芝區,田心,,133,三芝區,北新庄子,楓子林,113-1
三芝區,田心,,134,三芝區,北新庄子,楓子林,170-3
三芝區,田心,,135,三芝區,北新庄子,楓子林,113-2
三芝區,田心,,136,三芝區,北新庄子,楓子林,113-3
三芝區,田心,,137,三芝區,北新庄子,楓子林,113-4
三芝區,田心,,138,三芝區,北新庄子,楓子林,113-5
三芝區,田心,,139,三芝區,北新庄子,楓子林,114
三芝區,田心,,14,三芝區,北新庄子,楓子林,157-1
三芝區,田心,,140,三芝區,北新庄子,楓子林,115
三芝區,田心,,141,三芝區,北新庄子,楓子林,116
三芝區,田心,,142,三芝區,北新庄子,楓子林,116-1
三芝區,田心,,143,三芝區,北新庄子,楓子林,117
三芝區,田心,,144,三芝區,北新庄子,楓子林,170-4
三芝區,田心,,145,三芝區,北新庄子,楓子林,118
三芝區,田心,,146,三芝區,北新庄子,楓子林,118-1
三芝區,田心,,147,三芝區,北新庄子,楓子林,118-2
三芝區,田心,,148,三芝區,北新庄子,楓子林,118-3
三芝區,田心,,149,三芝區,北新庄子,楓子林,119
三芝區,田心,,15,三芝區,北新庄子,楓子林,84
三芝區,田心,,150,三芝區,北新庄子,楓子林,119-1
三芝區,田心,,151,三芝區,北新庄子,楓子林,120
三芝區,田心,,152,三芝區,北新庄子,楓子林,121
三芝區,田心,,153,三芝區,北新庄子,楓子林,122
三芝區,田心,,154,三芝區,北新庄子,楓子林,170-5
三芝區,田心,,155,三芝區,北新庄子,楓子林,123
三芝區,田心,,156,三芝區,北新庄子,楓子林,123-1
三芝區,田心,,157,三芝區,北新庄子,楓子林,124
三芝區,田心,,158,三芝區,北新庄子,楓子林,124-1
三芝區,田心,,159,三芝區,北新庄子,楓子林,124-2
三芝區,田心,,16,三芝區,北新庄子,楓子林,85
三芝區,田心,,160,三芝區,北新庄子,楓子林,124-3
三芝區,田心,,161,三芝區,北新庄子,楓子林,125
三芝區,田心,,162,三芝區,北新庄子,楓子林,125-1
三芝區,田心,,163,三芝區,北新庄子,楓子林,126
三芝區,田心,,164,三芝區,北新庄子,楓子林,175-3
三芝區,田心,,165,三芝區,北新庄子,楓子林,126-1
三芝區,田心,,166,三芝區,北新庄子,楓子林,127
三芝區,田心,,167,三芝區,北新庄子,楓子林,127-1
三芝區,田心,,168,三芝區,北新庄子,楓子林,127-2
三芝區,田心,,169,三芝區,北新庄子,楓子林,127-3
三芝區,田心,,17,三芝區,北新庄子,楓子林,85-1
三芝區,田心,,170,三芝區,北新庄子,楓子林,127-4
三芝區,田心,,171,三芝區,北新庄子,楓子林,128
三芝區,田心,,172,三芝區,北新庄子,楓子林,130
三芝區,田心,,173,三芝區,北新庄子,楓子林,131
三芝區,田心,,174,三芝區,北新庄子,楓子林,175-4
三芝區,田心,,175,三芝區,北新庄子,楓子林,132
三芝區,田心,,176,三芝區,北新庄子,楓子林,132-1
三芝區,田心,,177,三芝區,北新庄子,楓子林,133
三芝區,田心,,178,三芝區,北新庄子,楓子林,188-12
三芝區,田心,,179,三芝區,北新庄子,楓子林,133-1
三芝區,田心,,18,三芝區,北新庄子,楓子林,86
三芝區,田心,,180,三芝區,北新庄子,楓子林,134
三芝區,田心,,181,三芝區,北新庄子,楓子林,134-1
三芝區,田心,,182,三芝區,北新庄子,楓子林,135
三芝區,田心,,183,三芝區,北新庄子,楓子林,136
三芝區,田心,,184,三芝區,北新庄子,楓子林,191-3
三芝區,田心,,185,三芝區,北新庄子,楓子林,137
三芝區,田心,,186,三芝區,北新庄子,楓子林,138
三芝區,田心,,187,三芝區,北新庄子,楓子林,191-4
三芝區,田心,,188,三芝區,北新庄子,楓子林,139
三芝區,田心,,189,三芝區,北新庄子,楓子林,141
三芝區,田心,,19,三芝區,北新庄子,楓子林,87
三芝區,田心,,190,三芝區,北新庄子,楓子林,141-1
三芝區,田心,,191,三芝區,北新庄子,楓子林,141-2
三芝區,田心,,192,三芝區,北新庄子,楓子林,141-3
三芝區,田心,,193,三芝區,北新庄子,楓子林,143
三芝區,田心,,194,三芝區,北新庄子,楓子林,191-15
三芝區,田心,,195,三芝區,北新庄子,楓子林,144
三芝區,田心,,196,三芝區,北新庄子,楓子林,145
三芝區,田心,,197,三芝區,北新庄子,楓子林,146
三芝區,田心,,198,三芝區,北新庄子,楓子林,147
三芝區,田心,,199,三芝區,北新庄子,楓子林,148
三芝區,田心,,2,三芝區,北新庄子,楓子林,80-1
三芝區,田心,,20,三芝區,北新庄子,楓子林,88
三芝區,田心,,200,三芝區,北新庄子,楓子林,149
三芝區,田心,,201,三芝區,北新庄子,楓子林,150
三芝區,田心,,202,三芝區,北新庄子,楓子林,150-1
三芝區,田心,,203,三芝區,北新庄子,楓子林,150-2
三芝區,田心,,204,三芝區,北新庄子,楓子林,191-16
三芝區,田心,,205,三芝區,北新庄子,楓子林,150-3
三芝區,田心,,206,三芝區,北新庄子,楓子林,150-4
三芝區,田心,,207,三芝區,北新庄子,楓子林,151
三芝區,田心,,208,三芝區,北新庄子,楓子林,153
三芝區,田心,,209,三芝區,北新庄子,楓子林,153-1
三芝區,田心,,21,三芝區,北新庄子,楓子林,88-1
三芝區,田心,,210,三芝區,北新庄子,楓子林,154
三芝區,田心,,211,三芝區,北新庄子,楓子林,155
三芝區,田心,,212,三芝區,北新庄子,楓子林,156
三芝區,田心,,213,三芝區,北新庄子,楓子林,156-1
三芝區,田心,,214,三芝區,北新庄子,楓子林,191-17
三芝區,田心,,215,三芝區,北新庄子,楓子林,157
三芝區,田心,,216,三芝區,北新庄子,楓子林,158-1
三芝區,田心,,217,三芝區,北新庄子,楓子林,158-3
三芝區,田心,,218,三芝區,北新庄子,楓子林,158-5
三芝區,田心,,219,三芝區,北新庄子,楓子林,161
三芝區,田心,,22,三芝區,北新庄子,楓子林,89
三芝區,田心,,220,三芝區,北新庄子,楓子林,164
三芝區,田心,,221,三芝區,北新庄子,楓子林,165
三芝區,田心,,222,三芝區,北新庄子,楓子林,166
三芝區,田心,,223,三芝區,北新庄子,楓子林,167
三芝區,田心,,224,三芝區,北新庄子,楓子林,191-18
三芝區,田心,,225,三芝區,北新庄子,楓子林,168-1
三芝區,田心,,226,三芝區,北新庄子,楓子林,168-2
三芝區,田心,,227,三芝區,北新庄子,楓子林,168-3
三芝區,田心,,228,三芝區,北新庄子,楓子林,168-4
三芝區,田心,,229,三芝區,北新庄子,楓子林,169
三芝區,田心,,23,三芝區,北新庄子,楓子林,89-1
三芝區,田心,,230,三芝區,北新庄子,楓子林,169-2
三芝區,田心,,231,三芝區,北新庄子,楓子林,169-4
三芝區,田心,,232,三芝區,北新庄子,楓子林,169-6
三芝區,田心,,233,三芝區,北新庄子,楓子林,170
三芝區,田心,,234,三芝區,北新庄子,楓子林,191-19
三芝區,田心,,235,三芝區,北新庄子,楓子林,170-1
三芝區,田心,,236,三芝區,北新庄子,楓子林,170-2
三芝區,田心,,237,三芝區,北新庄子,楓子林,172
三芝區,田心,,238,三芝區,北新庄子,楓子林,173
三芝區,田心,,239,三芝區,北新庄子,楓子林,174
三芝區,田心,,24,三芝區,北新庄子,楓子林,157-2
三芝區,田心,,240,三芝區,北新庄子,楓子林,174-1
三芝區,田心,,241,三芝區,北新庄子,楓子林,175
三芝區,田心,,242,三芝區,北新庄子,楓子林,175-1
三芝區,田心,,243,三芝區,北新庄子,楓子林,175-2
三芝區,田心,,244,三芝區,北新庄子,楓子林,191-20
三芝區,田心,,245,三芝區,北新庄子,楓子林,176
三芝區,田心,,246,三芝區,北新庄子,楓子林,177
三芝區,田心,,247,三芝區,北新庄子,楓子林,177-1
三芝區,田心,,248,三芝區,北新庄子,楓子林,179
三芝區,田心,,249,三芝區,北新庄子,楓子林,179-2
三芝區,田心,,25,三芝區,北新庄子,楓子林,90
三芝區,田心,,250,三芝區,北新庄子,楓子林,180
三芝區,田心,,251,三芝區,北新庄子,楓子林,180-1
三芝區,田心,,252,三芝區,北新庄子,楓子林,181
三芝區,田心,,253,三芝區,北新庄子,楓子林,182
三芝區,田心,,254,三芝區,北新庄子,楓子林,191-21
三芝區,田心,,255,三芝區,北新庄子,楓子林,182-1
三芝區,田心,,256,三芝區,北新庄子,楓子林,183
三芝區,田心,,257,三芝區,北新庄子,楓子林,183-1
三芝區,田心,,258,三芝區,北新庄子,楓子林,183-2
三芝區,田心,,259,三芝區,北新庄子,楓子林,184
三芝區,田心,,26,三芝區,北新庄子,楓子林,91
三芝區,田心,,260,三芝區,北新庄子,楓子林,184-1
三芝區,田心,,261,三芝區,北新庄子,楓子林,184-2
三芝區,田心,,262,三芝區,北新庄子,楓子林,185
三芝區,田心,,263,三芝區,北新庄子,楓子林,185-1
三芝區,田心,,264,三芝區,北新庄子,楓子林,191-22
三芝區,田心,,265,三芝區,北新庄子,楓子林,186
三芝區,田心,,266,三芝區,北新庄子,楓子林,187
三芝區,田心,,267,三芝區,北新庄子,楓子林,188
三芝區,田心,,268,三芝區,北新庄子,楓子林,188-1
三芝區,田心,,269,三芝區,北新庄子,楓子林,188-2
三芝區,田心,,27,三芝區,北新庄子,楓子林,91-1
三芝區,田心,,270,三芝區,北新庄子,楓子林,188-3
三芝區,田心,,271,三芝區,北新庄子,楓子林,188-9
三芝區,田心,,272,三芝區,北新庄子,楓子林,188-10
三芝區,田心,,273,三芝區,北新庄子,楓子林,188-15
三芝區,田心,,274,三芝區,北新庄子,楓子林,191-23
三芝區,田心,,275,三芝區,北新庄子,楓子林,188-16
三芝區,田心,,276,三芝區,北新庄子,楓子林,189
三芝區,田心,,277,三芝區,北新庄子,楓子林,191
三芝區,田心,,278,三芝區,北新庄子,田心子,1
三芝區,田心,,279,三芝區,北新庄子,楓子林,191-5
三芝區,田心,,28,三芝區,北新庄子,楓子林,91-2
三芝區,田心,,280,三芝區,北新庄子,楓子林,191-6
三芝區,田心,,281,三芝區,北新庄子,楓子林,191-7
三芝區,田心,,282,三芝區,北新庄子,楓子林,191-8
三芝區,田心,,283,三芝區,北新庄子,楓子林,191-9
三芝區,田心,,284,三芝區,北新庄子,田心子,1-1
三芝區,田心,,285,三芝區,北新庄子,楓子林,191-10
三芝區,田心,,286,三芝區,北新庄子,楓子林,191-11
三芝區,田心,,287,三芝區,北新庄子,田心子,1-2
三芝區,田心,,288,三芝區,北新庄子,楓子林,191-12
三芝區,田心,,289,三芝區,北新庄子,楓子林,191-13
三芝區,田心,,29,三芝區,北新庄子,楓子林,91-3
三芝區,田心,,290,三芝區,北新庄子,楓子林,191-14
三芝區,田心,,291,三芝區,北新庄子,楓子林,192
三芝區,田心,,292,三芝區,北新庄子,楓子林,192-1
三芝區,田心,,293,三芝區,北新庄子,楓子林,192-2
三芝區,田心,,294,三芝區,北新庄子,田心子,3-2
三芝區,田心,,295,三芝區,北新庄子,楓子林,193
三芝區,田心,,296,三芝區,北新庄子,楓子林,193-1
三芝區,田心,,297,三芝區,北新庄子,楓子林,194
三芝區,田心,,298,三芝區,北新庄子,楓子林,194-1
三芝區,田心,,299,三芝區,北新庄子,楓子林,194-2
三芝區,田心,,3,三芝區,北新庄子,楓子林,81
三芝區,田心,,30,三芝區,北新庄子,楓子林,91-4
三芝區,田心,,300,三芝區,北新庄子,楓子林,195
三芝區,田心,,301,三芝區,北新庄子,楓子林,195-1
三芝區,田心,,302,三芝區,北新庄子,楓子林,196-1
三芝區,田心,,303,三芝區,北新庄子,楓子林,196-2
三芝區,田心,,304,三芝區,北新庄子,田心子,3-3
三芝區,田心,,305,三芝區,北新庄子,楓子林,197
三芝區,田心,,306,三芝區,北新庄子,楓子林,197-1
三芝區,田心,,307,三芝區,北新庄子,楓子林,198
三芝區,田心,,308,三芝區,北新庄子,楓子林,199
三芝區,田心,,309,三芝區,北新庄子,楓子林,199-1
三芝區,田心,,31,三芝區,北新庄子,楓子林,91-5
三芝區,田心,,310,三芝區,北新庄子,楓子林,200
三芝區,田心,,311,三芝區,北新庄子,楓子林,200-1
三芝區,田心,,312,三芝區,北新庄子,楓子林,201
三芝區,田心,,313,三芝區,北新庄子,楓子林,203-1
三芝區,田心,,314,三芝區,北新庄子,田心子,3-9
三芝區,田心,,315,三芝區,北新庄子,楓子林,203-2
三芝區,田心,,316,三芝區,北新庄子,楓子林,203-3
三芝區,田心,,317,三芝區,北新庄子,楓子林,203-4
三芝區,田心,,318,三芝區,北新庄子,楓子林,203-5
三芝區,田心,,319,三芝區,北新庄子,楓子林,203-6
三芝區,田心,,32,三芝區,北新庄子,楓子林,91-6
三芝區,田心,,320,三芝區,北新庄子,楓子林,203-7
三芝區,田心,,321,三芝區,北新庄子,楓子林,203-8
三芝區,田心,,322,三芝區,北新庄子,楓子林,203-9
三芝區,田心,,323,三芝區,北新庄子,楓子林,203-10
三芝區,田心,,324,三芝區,北新庄子,田心子,3-10
三芝區,田心,,325,三芝區,北新庄子,楓子林,204
三芝區,田心,,326,三芝區,北新庄子,楓子林,205
三芝區,田心,,327,三芝區,北新庄子,楓子林,206
三芝區,田心,,328,三芝區,北新庄子,楓子林,207
三芝區,田心,,329,三芝區,北新庄子,楓子林,207-1
三芝區,田心,,33,三芝區,北新庄子,楓子林,91-7
三芝區,田心,,330,三芝區,北新庄子,楓子林,208
三芝區,田心,,331,三芝區,北新庄子,楓子林,209-2
三芝區,田心,,332,三芝區,北新庄子,楓子林,209-3
三芝區,田心,,333,三芝區,北新庄子,楓子林,209-4
三芝區,田心,,334,三芝區,北新庄子,田心子,3-11
三芝區,田心,,335,三芝區,北新庄子,楓子林,209-5
三芝區,田心,,336,三芝區,北新庄子,楓子林,209-6
三芝區,田心,,337,三芝區,北新庄子,楓子林,209-7
三芝區,田心,,338,三芝區,北新庄子,楓子林,209-8
三芝區,田心,,339,三芝區,北新庄子,楓子林,209-9
三芝區,田心,,34,三芝區,北新庄子,楓子林,158-4
三芝區,田心,,340,三芝區,北新庄子,楓子林,209-10
三芝區,田心,,341,三芝區,北新庄子,楓子林,209-11
三芝區,田心,,342,三芝區,北新庄子,楓子林,209-12
三芝區,田心,,343,三芝區,北新庄子,楓子林,209-13
三芝區,田心,,344,三芝區,北新庄子,田心子,3-12
三芝區,田心,,345,三芝區,北新庄子,楓子林,209-14
三芝區,田心,,346,三芝區,北新庄子,楓子林,209-15
三芝區,田心,,347,三芝區,北新庄子,楓子林,209-16
三芝區,田心,,348,三芝區,北新庄子,楓子林,209-17
三芝區,田心,,349,三芝區,北新庄子,楓子林,209-18
三芝區,田心,,35,三芝區,北新庄子,楓子林,92
三芝區,田心,,350,三芝區,北新庄子,楓子林,209-19
三芝區,田心,,351,三芝區,北新庄子,楓子林,209-20
三芝區,田心,,352,三芝區,北新庄子,楓子林,209-21
三芝區,田心,,353,三芝區,北新庄子,楓子林,209-22
三芝區,田心,,354,三芝區,北新庄子,田心子,3-13
三芝區,田心,,355,三芝區,北新庄子,楓子林,209-23
三芝區,田心,,356,三芝區,北新庄子,楓子林,209-24
三芝區,田心,,357,三芝區,北新庄子,楓子林,209-25
三芝區,田心,,358,三芝區,北新庄子,楓子林,209-26
三芝區,田心,,359,三芝區,北新庄子,楓子林,209-27
三芝區,田心,,36,三芝區,北新庄子,楓子林,93
三芝區,田心,,360,三芝區,北新庄子,楓子林,209-30
三芝區,田心,,361,三芝區,北新庄子,楓子林,209-31
三芝區,田心,,362,三芝區,北新庄子,楓子林,209-32
三芝區,田心,,363,三芝區,北新庄子,楓子林,209-33
三芝區,田心,,364,三芝區,北新庄子,田心子,3-14
三芝區,田心,,365,三芝區,北新庄子,楓子林,210
三芝區,田心,,366,三芝區,北新庄子,楓子林,210-2
三芝區,田心,,367,三芝區,北新庄子,楓子林,210-5
三芝區,田心,,368,三芝區,北新庄子,楓子林,210-6
三芝區,田心,,369,三芝區,北新庄子,楓子林,210-9
三芝區,田心,,37,三芝區,北新庄子,楓子林,94
三芝區,田心,,370,三芝區,北新庄子,楓子林,210-11
三芝區,田心,,371,三芝區,北新庄子,楓子林,211
三芝區,田心,,372,三芝區,北新庄子,楓子林,211-1
三芝區,田心,,373,三芝區,北新庄子,楓子林,211-2
三芝區,田心,,374,三芝區,北新庄子,田心子,3-15
三芝區,田心,,375,三芝區,北新庄子,楓子林,211-3
三芝區,田心,,376,三芝區,北新庄子,楓子林,211-5
三芝區,田心,,377,三芝區,北新庄子,楓子林,211-6
三芝區,田心,,378,三芝區,北新庄子,田心子,3-16
三芝區,田心,,379,三芝區,北新庄子,楓子林,212
三芝區,田心,,38,三芝區,北新庄子,楓子林,94-1
三芝區,田心,,380,三芝區,北新庄子,楓子林,213
三芝區,田心,,381,三芝區,北新庄子,楓子林,214
三芝區,田心,,382,三芝區,北新庄子,楓子林,214-1
三芝區,田心,,383,三芝區,北新庄子,楓子林,214-2
三芝區,田心,,384,三芝區,北新庄子,田心子,3-17
三芝區,田心,,385,三芝區,北新庄子,楓子林,215
三芝區,田心,,386,三芝區,北新庄子,楓子林,215-1
三芝區,田心,,387,三芝區,北新庄子,田心子,3-18
三芝區,田心,,388,三芝區,北新庄子,楓子林,216
三芝區,田心,,389,三芝區,北新庄子,楓子林,217
三芝區,田心,,39,三芝區,北新庄子,楓子林,94-2
三芝區,田心,,390,三芝區,北新庄子,楓子林,217-1
三芝區,田心,,391,三芝區,北新庄子,楓子林,218
三芝區,田心,,392,三芝區,北新庄子,楓子林,218-1
三芝區,田心,,393,三芝區,北新庄子,楓子林,218-2
三芝區,田心,,394,三芝區,北新庄子,田心子,4
三芝區,田心,,395,三芝區,北新庄子,楓子林,218-3
三芝區,田心,,396,三芝區,北新庄子,楓子林,218-5
三芝區,田心,,397,三芝區,北新庄子,楓子林,218-6
三芝區,田心,,398,三芝區,北新庄子,楓子林,219
三芝區,田心,,399,三芝區,北新庄子,楓子林,219-1
三芝區,田心,,4,三芝區,北新庄子,楓子林,129
三芝區,田心,,40,三芝區,北新庄子,楓子林,158-6
三芝區,田心,,400,三芝區,北新庄子,楓子林,219-2
三芝區,田心,,401,三芝區,北新庄子,楓子林,220
三芝區,田心,,402,三芝區,北新庄子,楓子林,221
三芝區,田心,,403,三芝區,北新庄子,楓子林,222
三芝區,田心,,404,三芝區,北新庄子,田心子,4-1
三芝區,田心,,405,三芝區,北新庄子,楓子林,223
三芝區,田心,,406,三芝區,北新庄子,楓子林,224
三芝區,田心,,407,三芝區,北新庄子,楓子林,224-1
三芝區,田心,,408,三芝區,北新庄子,楓子林,225
三芝區,田心,,409,三芝區,北新庄子,楓子林,226
三芝區,田心,,41,三芝區,北新庄子,楓子林,158-7
三芝區,田心,,410,三芝區,北新庄子,楓子林,227
三芝區,田心,,411,三芝區,北新庄子,楓子林,227-2
三芝區,田心,,412,三芝區,北新庄子,楓子林,227-3
三芝區,田心,,413,三芝區,北新庄子,楓子林,227-4
三芝區,田心,,414,三芝區,北新庄子,田心子,22-1
三芝區,田心,,415,三芝區,北新庄子,楓子林,227-6
三芝區,田心,,416,三芝區,北新庄子,楓子林,227-7
三芝區,田心,,417,三芝區,北新庄子,楓子林,227-8
三芝區,田心,,418,三芝區,北新庄子,楓子林,227-9
三芝區,田心,,419,三芝區,北新庄子,楓子林,227-10
三芝區,田心,,42,三芝區,北新庄子,楓子林,161-1
三芝區,田心,,420,三芝區,北新庄子,楓子林,228
三芝區,田心,,421,三芝區,北新庄子,楓子林,228-1
三芝區,田心,,422,三芝區,北新庄子,楓子林,228-2
三芝區,田心,,423,三芝區,北新庄子,楓子林,228-3
三芝區,田心,,424,三芝區,北新庄子,田心子,4-2
三芝區,田心,,425,三芝區,北新庄子,楓子林,228-4
三芝區,田心,,426,三芝區,北新庄子,楓子林,228-7
三芝區,田心,,427,三芝區,北新庄子,楓子林,228-8
三芝區,田心,,428,三芝區,北新庄子,楓子林,228-9
三芝區,田心,,429,三芝區,北新庄子,楓子林,228-13
三芝區,田心,,43,三芝區,北新庄子,楓子林,164-1
三芝區,田心,,430,三芝區,北新庄子,楓子林,228-14
三芝區,田心,,431,三芝區,北新庄子,楓子林,228-15
三芝區,田心,,432,三芝區,北新庄子,楓子林,228-16
三芝區,田心,,433,三芝區,北新庄子,楓子林,228-17
三芝區,田心,,434,三芝區,北新庄子,田心子,4-3
三芝區,田心,,435,三芝區,北新庄子,楓子林,229
三芝區,田心,,436,三芝區,北新庄子,楓子林,229-2
三芝區,田心,,437,三芝區,北新庄子,楓子林,229-4
三芝區,田心,,438,三芝區,北新庄子,楓子林,229-5
三芝區,田心,,439,三芝區,北新庄子,楓子林,230
三芝區,田心,,44,三芝區,北新庄子,楓子林,164-2
三芝區,田心,,440,三芝區,北新庄子,田心子,4-4
三芝區,田心,,441,三芝區,北新庄子,田心子,4-5
三芝區,田心,,442,三芝區,北新庄子,田心子,5
三芝區,田心,,443,三芝區,北新庄子,田心子,5-1
三芝區,田心,,444,三芝區,北新庄子,田心子,24-1
三芝區,田心,,445,三芝區,北新庄子,田心子,5-2
三芝區,田心,,446,三芝區,北新庄子,田心子,6
三芝區,田心,,447,三芝區,北新庄子,田心子,7
三芝區,田心,,448,三芝區,北新庄子,田心子,9
三芝區,田心,,449,三芝區,北新庄子,田心子,14-4
三芝區,田心,,45,三芝區,北新庄子,楓子林,165-1
三芝區,田心,,450,三芝區,北新庄子,楓子林,230-1
三芝區,田心,,451,三芝區,北新庄子,楓子林,231
三芝區,田心,,452,三芝區,北新庄子,楓子林,231-1
三芝區,田心,,453,三芝區,北新庄子,楓子林,231-2
三芝區,田心,,454,三芝區,北新庄子,田心子,14-5
三芝區,田心,,455,三芝區,北新庄子,楓子林,232
三芝區,田心,,456,三芝區,北新庄子,楓子林,232-1
三芝區,田心,,457,三芝區,北新庄子,楓子林,232-2
三芝區,田心,,458,三芝區,北新庄子,楓子林,233
三芝區,田心,,459,三芝區,北新庄子,楓子林,233-1
三芝區,田心,,46,三芝區,北新庄子,楓子林,165-2
三芝區,田心,,460,三芝區,北新庄子,楓子林,233-2
三芝區,田心,,461,三芝區,北新庄子,楓子林,233-3
三芝區,田心,,462,三芝區,北新庄子,楓子林,233-5
三芝區,田心,,463,三芝區,北新庄子,楓子林,233-6
三芝區,田心,,464,三芝區,北新庄子,田心子,15-4
三芝區,田心,,465,三芝區,北新庄子,楓子林,233-7
三芝區,田心,,466,三芝區,北新庄子,楓子林,233-10
三芝區,田心,,467,三芝區,北新庄子,楓子林,233-11
三芝區,田心,,468,三芝區,北新庄子,楓子林,233-12
三芝區,田心,,469,三芝區,北新庄子,楓子林,233-13
三芝區,田心,,47,三芝區,北新庄子,楓子林,166-1
三芝區,田心,,470,三芝區,北新庄子,楓子林,233-15
三芝區,田心,,471,三芝區,北新庄子,楓子林,233-16
三芝區,田心,,472,三芝區,北新庄子,楓子林,233-17
三芝區,田心,,473,三芝區,北新庄子,楓子林,234
三芝區,田心,,474,三芝區,北新庄子,田心子,15-6
三芝區,田心,,475,三芝區,北新庄子,楓子林,235
三芝區,田心,,476,三芝區,北新庄子,楓子林,235-1
三芝區,田心,,477,三芝區,北新庄子,楓子林,235-2
三芝區,田心,,478,三芝區,北新庄子,田心子,16-3
三芝區,田心,,479,三芝區,北新庄子,楓子林,236
三芝區,田心,,48,三芝區,北新庄子,楓子林,166-2
三芝區,田心,,480,三芝區,北新庄子,楓子林,237
三芝區,田心,,481,三芝區,北新庄子,楓子林,237-1
三芝區,田心,,482,三芝區,北新庄子,楓子林,238
三芝區,田心,,483,三芝區,北新庄子,楓子林,239
三芝區,田心,,484,三芝區,北新庄子,田心子,16-4
三芝區,田心,,485,三芝區,北新庄子,楓子林,239-1
三芝區,田心,,486,三芝區,北新庄子,楓子林,240
三芝區,田心,,487,三芝區,北新庄子,田心子,17-2
三芝區,田心,,488,三芝區,北新庄子,楓子林,241
三芝區,田心,,489,三芝區,北新庄子,楓子林,241-1
三芝區,田心,,49,三芝區,北新庄子,楓子林,167-1
三芝區,田心,,490,三芝區,北新庄子,田心子,2
三芝區,田心,,491,三芝區,北新庄子,田心子,2-1
三芝區,田心,,492,三芝區,北新庄子,田心子,2-2
三芝區,田心,,493,三芝區,北新庄子,田心子,2-3
三芝區,田心,,494,三芝區,北新庄子,田心子,17-3
三芝區,田心,,495,三芝區,北新庄子,田心子,3
三芝區,田心,,496,三芝區,北新庄子,田心子,3-1
三芝區,田心,,497,三芝區,北新庄子,田心子,3-4
三芝區,田心,,498,三芝區,北新庄子,田心子,3-5
三芝區,田心,,499,三芝區,北新庄子,田心子,3-6
三芝區,田心,,5,三芝區,北新庄子,楓子林,81-1
三芝區,田心,,50,三芝區,北新庄子,楓子林,94-3
三芝區,田心,,500,三芝區,北新庄子,田心子,3-7
三芝區,田心,,501,三芝區,北新庄子,田心子,3-8
三芝區,田心,,502,三芝區,北新庄子,田心子,8
三芝區,田心,,503,三芝區,北新庄子,田心子,9-1
三芝區,田心,,504,三芝區,北新庄子,田心子,17-4
三芝區,田心,,505,三芝區,北新庄子,田心子,14
三芝區,田心,,506,三芝區,北新庄子,田心子,14-1
三芝區,田心,,507,三芝區,北新庄子,田心子,14-2
三芝區,田心,,508,三芝區,北新庄子,田心子,14-3
三芝區,田心,,509,三芝區,北新庄子,田心子,16
三芝區,田心,,51,三芝區,北新庄子,楓子林,94-5
三芝區,田心,,510,三芝區,北新庄子,田心子,16-1
三芝區,田心,,511,三芝區,北新庄子,田心子,16-2
三芝區,田心,,512,三芝區,北新庄子,田心子,17
三芝區,田心,,513,三芝區,北新庄子,田心子,17-1
三芝區,田心,,514,三芝區,北新庄子,田心子,17-5
三芝區,田心,,515,三芝區,北新庄子,田心子,18
三芝區,田心,,516,三芝區,北新庄子,田心子,19
三芝區,田心,,517,三芝區,北新庄子,田心子,20
三芝區,田心,,518,三芝區,北新庄子,田心子,21-1
三芝區,田心,,519,三芝區,北新庄子,田心子,22
三芝區,田心,,52,三芝區,北新庄子,楓子林,94-6
三芝區,田心,,520,三芝區,北新庄子,田心子,22-2
三芝區,田心,,521,三芝區,北新庄子,田心子,22-3
三芝區,田心,,522,三芝區,北新庄子,田心子,22-4
三芝區,田心,,523,三芝區,北新庄子,田心子,23
三芝區,田心,,524,三芝區,北新庄子,田心子,20-1
三芝區,田心,,525,三芝區,北新庄子,田心子,24
三芝區,田心,,526,三芝區,北新庄子,田心子,25-1
三芝區,田心,,527,三芝區,北新庄子,田心子,25-2
三芝區,田心,,528,三芝區,北新庄子,田心子,25-6
三芝區,田心,,529,三芝區,北新庄子,田心子,25-7
三芝區,田心,,53,三芝區,北新庄子,楓子林,94-7
三芝區,田心,,530,三芝區,北新庄子,田心子,25-10
三芝區,田心,,531,三芝區,北新庄子,田心子,25-12
三芝區,田心,,532,三芝區,北新庄子,田心子,26
三芝區,田心,,533,三芝區,北新庄子,田心子,26-1
三芝區,田心,,534,三芝區,北新庄子,田心子,20-2
三芝區,田心,,535,三芝區,北新庄子,田心子,26-2
三芝區,田心,,536,三芝區,北新庄子,田心子,26-3
三芝區,田心,,537,三芝區,北新庄子,田心子,27
三芝區,田心,,538,三芝區,北新庄子,田心子,28
三芝區,田心,,539,三芝區,北新庄子,田心子,28-1
三芝區,田心,,54,三芝區,北新庄子,楓子林,167-2
三芝區,田心,,540,三芝區,北新庄子,田心子,28-2
三芝區,田心,,541,三芝區,北新庄子,田心子,28-3
三芝區,田心,,542,三芝區,北新庄子,田心子,28-4
三芝區,田心,,543,三芝區,北新庄子,田心子,28-5
三芝區,田心,,544,三芝區,北新庄子,田心子,20-3
三芝區,田心,,545,三芝區,北新庄子,田心子,28-6
三芝區,田心,,546,三芝區,北新庄子,田心子,29
三芝區,田心,,547,三芝區,北新庄子,田心子,29-1
三芝區,田心,,548,三芝區,北新庄子,田心子,30
三芝區,田心,,549,三芝區,北新庄子,田心子,30-1
三芝區,田心,,55,三芝區,北新庄子,楓子林,95
三芝區,田心,,550,三芝區,北新庄子,田心子,30-2
三芝區,田心,,551,三芝區,北新庄子,田心子,30-3
三芝區,田心,,552,三芝區,北新庄子,田心子,30-4
三芝區,田心,,553,三芝區,北新庄子,田心子,30-5
三芝區,田心,,554,三芝區,北新庄子,楓子林,210-4
三芝區,田心,,555,三芝區,北新庄子,田心子,33
三芝區,田心,,556,三芝區,北新庄子,田心子,33-1
三芝區,田心,,557,三芝區,北新庄子,田心子,33-2
三芝區,田心,,558,三芝區,北新庄子,田心子,33-3
三芝區,田心,,559,三芝區,北新庄子,田心子,33-4
三芝區,田心,,56,三芝區,北新庄子,楓子林,95-1
三芝區,田心,,560,三芝區,北新庄子,田心子,33-5
三芝區,田心,,561,三芝區,北新庄子,田心子,33-6
三芝區,田心,,562,三芝區,北新庄子,田心子,33-7
三芝區,田心,,563,三芝區,北新庄子,田心子,33-8
三芝區,田心,,564,三芝區,北新庄子,田心子,22-5
三芝區,田心,,565,三芝區,北新庄子,田心子,33-9
三芝區,田心,,566,三芝區,北新庄子,田心子,33-10
三芝區,田心,,567,三芝區,北新庄子,田心子,33-11
三芝區,田心,,568,三芝區,北新庄子,田心子,33-16
三芝區,田心,,569,三芝區,北新庄子,田心子,33-17
三芝區,田心,,57,三芝區,北新庄子,楓子林,95-2
三芝區,田心,,570,三芝區,北新庄子,田心子,33-18
三芝區,田心,,571,三芝區,北新庄子,田心子,33-19
三芝區,田心,,572,三芝區,北新庄子,田心子,33-20
三芝區,田心,,573,三芝區,北新庄子,田心子,33-21
三芝區,田心,,574,三芝區,北新庄子,田心子,22-6
三芝區,田心,,575,三芝區,北新庄子,田心子,33-22
三芝區,田心,,576,三芝區,北新庄子,田心子,33-23
三芝區,田心,,577,三芝區,北新庄子,田心子,33-24
三芝區,田心,,578,三芝區,北新庄子,田心子,22-7
三芝區,田心,,579,三芝區,北新庄子,田心子,33-25
三芝區,田心,,58,三芝區,北新庄子,楓子林,95-3
三芝區,田心,,580,三芝區,北新庄子,田心子,33-26
三芝區,田心,,581,三芝區,北新庄子,田心子,33-27
三芝區,田心,,582,三芝區,北新庄子,田心子,33-28
三芝區,田心,,583,三芝區,北新庄子,田心子,33-30
三芝區,田心,,584,三芝區,北新庄子,楓子林,210-10
三芝區,田心,,585,三芝區,北新庄子,田心子,34
三芝區,田心,,586,三芝區,北新庄子,田心子,34-2
三芝區,田心,,587,三芝區,北新庄子,田心子,24-2
三芝區,田心,,588,三芝區,北新庄子,田心子,34-3
三芝區,田心,,589,三芝區,北新庄子,田心子,34-4
三芝區,田心,,59,三芝區,北新庄子,楓子林,96
三芝區,田心,,590,三芝區,北新庄子,田心子,35
三芝區,田心,,591,三芝區,北新庄子,田心子,36
三芝區,田心,,592,三芝區,北新庄子,田心子,37
三芝區,田心,,593,三芝區,北新庄子,田心子,37-2
三芝區,田心,,594,三芝區,北新庄子,田心子,25
三芝區,田心,,595,三芝區,北新庄子,田心子,37-3
三芝區,田心,,596,三芝區,北新庄子,田心子,37-4
三芝區,田心,,597,三芝區,北新庄子,田心子,38
三芝區,田心,,598,三芝區,北新庄子,田心子,38-1
三芝區,田心,,599,三芝區,北新庄子,田心子,38-2
三芝區,田心,,6,三芝區,北新庄子,楓子林,81-2
三芝區,田心,,60,三芝區,北新庄子,楓子林,96-1
三芝區,田心,,600,三芝區,北新庄子,田心子,39
三芝區,田心,,601,三芝區,北新庄子,田心子,39-1
三芝區,田心,,602,三芝區,北新庄子,田心子,39-2
三芝區,田心,,603,三芝區,北新庄子,田心子,40
三芝區,田心,,604,三芝區,北新庄子,田心子,25-3
三芝區,田心,,605,三芝區,北新庄子,田心子,41
三芝區,田心,,606,三芝區,北新庄子,田心子,41-1
三芝區,田心,,607,三芝區,北新庄子,田心子,41-2
三芝區,田心,,608,三芝區,北新庄子,田心子,43
三芝區,田心,,609,三芝區,北新庄子,田心子,43-1
三芝區,田心,,61,三芝區,北新庄子,楓子林,96-2
三芝區,田心,,610,三芝區,北新庄子,田心子,43-2
三芝區,田心,,611,三芝區,北新庄子,田心子,44-1
三芝區,田心,,612,三芝區,北新庄子,田心子,46
三芝區,田心,,613,三芝區,北新庄子,田心子,46-1
三芝區,田心,,614,三芝區,北新庄子,田心子,25-4
三芝區,田心,,615,三芝區,北新庄子,田心子,46-2
三芝區,田心,,616,三芝區,北新庄子,田心子,46-3
三芝區,田心,,617,三芝區,北新庄子,田心子,47
三芝區,田心,,618,三芝區,北新庄子,田心子,47-1
三芝區,田心,,619,三芝區,北新庄子,田心子,47-2
三芝區,田心,,62,三芝區,北新庄子,楓子林,96-3
三芝區,田心,,620,三芝區,北新庄子,田心子,47-3
三芝區,田心,,621,三芝區,北新庄子,田心子,47-4
三芝區,田心,,622,三芝區,北新庄子,田心子,47-5
三芝區,田心,,623,三芝區,北新庄子,田心子,47-6
三芝區,田心,,624,三芝區,北新庄子,田心子,25-5
三芝區,田心,,625,三芝區,北新庄子,田心子,47-7
三芝區,田心,,626,三芝區,北新庄子,田心子,47-8
三芝區,田心,,627,三芝區,北新庄子,田心子,48
三芝區,田心,,628,三芝區,北新庄子,田心子,48-1
三芝區,田心,,629,三芝區,北新庄子,田心子,49
三芝區,田心,,63,三芝區,北新庄子,楓子林,96-4
三芝區,田心,,630,三芝區,北新庄子,田心子,50
三芝區,田心,,631,三芝區,北新庄子,田心子,50-1
三芝區,田心,,632,三芝區,北新庄子,田心子,50-2
三芝區,田心,,633,三芝區,北新庄子,田心子,50-3
三芝區,田心,,634,三芝區,北新庄子,田心子,25-8
三芝區,田心,,635,三芝區,北新庄子,田心子,51
三芝區,田心,,636,三芝區,北新庄子,田心子,52
三芝區,田心,,637,三芝區,北新庄子,田心子,53
三芝區,田心,,638,三芝區,北新庄子,田心子,54
三芝區,田心,,639,三芝區,北新庄子,田心子,55
三芝區,田心,,64,三芝區,北新庄子,楓子林,169-1
三芝區,田心,,640,三芝區,北新庄子,田心子,56
三芝區,田心,,641,三芝區,北新庄子,田心子,56-1
三芝區,田心,,642,三芝區,北新庄子,田心子,57
三芝區,田心,,643,三芝區,北新庄子,田心子,57-5
三芝區,田心,,644,三芝區,北新庄子,田心子,25-9
三芝區,田心,,645,三芝區,北新庄子,田心子,57-6
三芝區,田心,,646,三芝區,北新庄子,田心子,57-7
三芝區,田心,,647,三芝區,北新庄子,田心子,57-8
三芝區,田心,,648,三芝區,北新庄子,田心子,57-9
三芝區,田心,,649,三芝區,北新庄子,田心子,57-12
三芝區,田心,,65,三芝區,北新庄子,楓子林,97-1
三芝區,田心,,650,三芝區,北新庄子,田心子,58
三芝區,田心,,651,三芝區,北新庄子,田心子,58-1
三芝區,田心,,652,三芝區,北新庄子,田心子,58-2
三芝區,田心,,653,三芝區,北新庄子,田心子,59
三芝區,田心,,654,三芝區,北新庄子,田心子,25-11
三芝區,田心,,655,三芝區,北新庄子,田心子,59-1
三芝區,田心,,656,三芝區,北新庄子,田心子,60
三芝區,田心,,657,三芝區,北新庄子,田心子,60-1
三芝區,田心,,658,三芝區,北新庄子,田心子,60-2
三芝區,田心,,659,三芝區,北新庄子,田心子,60-3
三芝區,田心,,66,三芝區,北新庄子,楓子林,97-2
三芝區,田心,,660,三芝區,北新庄子,田心子,60-4
三芝區,田心,,661,三芝區,北新庄子,田心子,60-5
三芝區,田心,,662,三芝區,北新庄子,田心子,60-6
三芝區,田心,,663,三芝區,北新庄子,田心子,60-7
三芝區,田心,,664,三芝區,北新庄子,田心子,25-13
三芝區,田心,,665,三芝區,北新庄子,田心子,60-8
三芝區,田心,,666,三芝區,北新庄子,田心子,60-9
三芝區,田心,,667,三芝區,北新庄子,田心子,60-10
三芝區,田心,,668,三芝區,北新庄子,田心子,60-11
三芝區,田心,,669,三芝區,北新庄子,田心子,60-12
三芝區,田心,,67,三芝區,北新庄子,楓子林,97-4
三芝區,田心,,670,三芝區,北新庄子,田心子,61
三芝區,田心,,671,三芝區,北新庄子,田心子,61-1
三芝區,田心,,672,三芝區,北新庄子,田心子,61-2
三芝區,田心,,673,三芝區,北新庄子,田心子,63
三芝區,田心,,674,三芝區,北新庄子,田心子,25-14
三芝區,田心,,675,三芝區,北新庄子,田心子,63-1
三芝區,田心,,676,三芝區,北新庄子,田心子,63-2
三芝區,田心,,677,三芝區,北新庄子,田心子,63-3
三芝區,田心,,678,三芝區,北新庄子,田心子,25-15
三芝區,田心,,679,三芝區,北新庄子,田心子,63-4
三芝區,田心,,68,三芝區,北新庄子,楓子林,97-8
三芝區,田心,,680,三芝區,北新庄子,田心子,63-5
三芝區,田心,,681,三芝區,北新庄子,田心子,63-6
三芝區,田心,,682,三芝區,北新庄子,田心子,63-7
三芝區,田心,,683,三芝區,北新庄子,田心子,64
三芝區,田心,,684,三芝區,北新庄子,田心子,25-16
三芝區,田心,,685,三芝區,北新庄子,田心子,64-1
三芝區,田心,,686,三芝區,北新庄子,田心子,64-2
三芝區,田心,,687,三芝區,北新庄子,田心子,25-17
三芝區,田心,,688,三芝區,北新庄子,田心子,64-3
三芝區,田心,,689,三芝區,北新庄子,田心子,64-4
三芝區,田心,,69,三芝區,北新庄子,楓子林,97-9
三芝區,田心,,690,三芝區,北新庄子,田心子,64-5
三芝區,田心,,691,三芝區,北新庄子,田心子,65
三芝區,田心,,692,三芝區,北新庄子,田心子,65-1
三芝區,田心,,693,三芝區,北新庄子,田心子,65-2
三芝區,田心,,694,三芝區,北新庄子,田心子,25-18
三芝區,田心,,695,三芝區,北新庄子,田心子,65-3
三芝區,田心,,696,三芝區,北新庄子,田心子,65-4
三芝區,田心,,697,三芝區,北新庄子,田心子,65-5
三芝區,田心,,698,三芝區,北新庄子,田心子,65-6
三芝區,田心,,699,三芝區,北新庄子,田心子,65-7
三芝區,田心,,7,三芝區,北新庄子,楓子林,82
三芝區,田心,,70,三芝區,北新庄子,楓子林,97-10
三芝區,田心,,700,三芝區,北新庄子,田心子,65-8
三芝區,田心,,701,三芝區,北新庄子,田心子,65-9
三芝區,田心,,702,三芝區,北新庄子,田心子,65-10
三芝區,田心,,703,三芝區,北新庄子,田心子,65-11
三芝區,田心,,704,三芝區,北新庄子,田心子,25-19
三芝區,田心,,705,三芝區,北新庄子,田心子,66
三芝區,田心,,706,三芝區,北新庄子,田心子,66-1
三芝區,田心,,707,三芝區,北新庄子,田心子,66-2
三芝區,田心,,708,三芝區,北新庄子,田心子,66-3
三芝區,田心,,709,三芝區,北新庄子,田心子,66-4
三芝區,田心,,71,三芝區,北新庄子,楓子林,98
三芝區,田心,,710,三芝區,北新庄子,田心子,66-5
三芝區,田心,,711,三芝區,北新庄子,田心子,66-6
三芝區,田心,,712,三芝區,北新庄子,田心子,66-7
三芝區,田心,,713,三芝區,北新庄子,田心子,66-8
三芝區,田心,,714,三芝區,北新庄子,田心子,25-20
三芝區,田心,,715,三芝區,北新庄子,田心子,67
三芝區,田心,,716,三芝區,北新庄子,田心子,67-1
三芝區,田心,,717,三芝區,北新庄子,田心子,67-2
三芝區,田心,,718,三芝區,北新庄子,田心子,67-3
三芝區,田心,,719,三芝區,北新庄子,田心子,67-5
三芝區,田心,,72,三芝區,北新庄子,楓子林,98-1
三芝區,田心,,720,三芝區,北新庄子,田心子,67-6
三芝區,田心,,721,三芝區,北新庄子,田心子,67-7
三芝區,田心,,722,三芝區,北新庄子,田心子,67-8
三芝區,田心,,723,三芝區,北新庄子,田心子,68
三芝區,田心,,724,三芝區,北新庄子,田心子,26-4
三芝區,田心,,725,三芝區,北新庄子,田心子,68-1
三芝區,田心,,726,三芝區,北新庄子,田心子,69
三芝區,田心,,727,三芝區,北新庄子,田心子,70
三芝區,田心,,728,三芝區,北新庄子,田心子,70-1
三芝區,田心,,729,三芝區,北新庄子,田心子,70-2
三芝區,田心,,73,三芝區,北新庄子,楓子林,98-2
三芝區,田心,,730,三芝區,北新庄子,田心子,70-3
三芝區,田心,,731,三芝區,北新庄子,田心子,70-4
三芝區,田心,,732,三芝區,北新庄子,田心子,76
三芝區,田心,,733,三芝區,北新庄子,田心子,76-1
三芝區,田心,,734,三芝區,北新庄子,田心子,26-5
三芝區,田心,,735,三芝區,北新庄子,田心子,80
三芝區,田心,,736,三芝區,北新庄子,田心子,80-1
三芝區,田心,,737,三芝區,北新庄子,田心子,80-2
三芝區,田心,,738,三芝區,北新庄子,田心子,80-3
三芝區,田心,,739,三芝區,北新庄子,田心子,80-4
三芝區,田心,,74,三芝區,北新庄子,楓子林,169-3
三芝區,田心,,740,三芝區,北新庄子,田心子,80-5
三芝區,田心,,741,三芝區,北新庄子,田心子,80-6
三芝區,田心,,742,三芝區,北新庄子,田心子,81
三芝區,田心,,743,三芝區,北新庄子,田心子,81-1
三芝區,田心,,744,三芝區,北新庄子,田心子,26-6
三芝區,田心,,745,三芝區,北新庄子,田心子,81-2
三芝區,田心,,746,三芝區,北新庄子,田心子,82
三芝區,田心,,747,三芝區,北新庄子,田心子,83
三芝區,田心,,748,三芝區,北新庄子,田心子,82-1
三芝區,田心,,749,三芝區,北新庄子,田心子,83-1
三芝區,田心,,75,三芝區,北新庄子,楓子林,98-3
三芝區,田心,,750,三芝區,北新庄子,田心子,84
三芝區,田心,,751,三芝區,北新庄子,田心子,85
三芝區,田心,,752,三芝區,北新庄子,田心子,86
三芝區,田心,,753,三芝區,北新庄子,田心子,87
三芝區,田心,,754,三芝區,北新庄子,田心子,87-1
三芝區,田心,,755,三芝區,北新庄子,田心子,88
三芝區,田心,,756,三芝區,北新庄子,田心子,88-1
三芝區,田心,,757,三芝區,北新庄子,田心子,89
三芝區,田心,,758,三芝區,北新庄子,田心子,89-1
三芝區,田心,,759,三芝區,北新庄子,田心子,90
三芝區,田心,,76,三芝區,北新庄子,楓子林,98-4
三芝區,田心,,760,三芝區,北新庄子,田心子,90-1
三芝區,田心,,761,三芝區,北新庄子,田心子,90-2
三芝區,田心,,762,三芝區,北新庄子,田心子,90-3
三芝區,田心,,763,三芝區,北新庄子,田心子,90-4
三芝區,田心,,764,三芝區,北新庄子,田心子,126-1
三芝區,田心,,765,三芝區,北新庄子,田心子,90-5
三芝區,田心,,766,三芝區,北新庄子,田心子,90-6
三芝區,田心,,767,三芝區,北新庄子,田心子,90-7
三芝區,田心,,768,三芝區,北新庄子,田心子,90-8
三芝區,田心,,769,三芝區,北新庄子,田心子,90-9
三芝區,田心,,77,三芝區,北新庄子,楓子林,98-5
三芝區,田心,,770,三芝區,北新庄子,田心子,90-10
三芝區,田心,,771,三芝區,北新庄子,田心子,90-11
三芝區,田心,,772,三芝區,北新庄子,田心子,90-12
三芝區,田心,,773,三芝區,北新庄子,田心子,90-13
三芝區,田心,,774,三芝區,北新庄子,田心子,126-2
三芝區,田心,,775,三芝區,北新庄子,田心子,90-14
三芝區,田心,,776,三芝區,北新庄子,田心子,90-15
三芝區,田心,,777,三芝區,北新庄子,田心子,91
三芝區,田心,,778,三芝區,北新庄子,田心子,127-2
三芝區,田心,,779,三芝區,北新庄子,田心子,91-1
三芝區,田心,,78,三芝區,北新庄子,楓子林,169-5
三芝區,田心,,780,三芝區,北新庄子,田心子,92
三芝區,田心,,781,三芝區,北新庄子,田心子,92-1
三芝區,田心,,782,三芝區,北新庄子,田心子,93
三芝區,田心,,783,三芝區,北新庄子,田心子,93-1
三芝區,田心,,784,三芝區,北新庄子,田心子,128-2
三芝區,田心,,785,三芝區,北新庄子,田心子,94
三芝區,田心,,786,三芝區,北新庄子,田心子,95
三芝區,田心,,787,三芝區,北新庄子,田心子,128-3
三芝區,田心,,788,三芝區,北新庄子,田心子,96
三芝區,田心,,789,三芝區,北新庄子,田心子,96-1
三芝區,田心,,79,三芝區,北新庄子,楓子林,98-6
三芝區,田心,,790,三芝區,北新庄子,田心子,97
三芝區,田心,,791,三芝區,北新庄子,田心子,98
三芝區,田心,,792,三芝區,北新庄子,田心子,98-1
三芝區,田心,,793,三芝區,北新庄子,田心子,98-2
三芝區,田心,,794,三芝區,北新庄子,田心子,129-2
三芝區,田心,,795,三芝區,北新庄子,田心子,98-5
三芝區,田心,,796,三芝區,北新庄子,田心子,99
三芝區,田心,,797,三芝區,北新庄子,田心子,99-1
三芝區,田心,,798,三芝區,北新庄子,田心子,99-2
三芝區,田心,,799,三芝區,北新庄子,田心子,99-3
三芝區,田心,,8,三芝區,北新庄子,楓子林,82-1
三芝區,田心,,80,三芝區,北新庄子,楓子林,98-7
三芝區,田心,,800,三芝區,北新庄子,田心子,100
三芝區,田心,,801,三芝區,北新庄子,田心子,100-1
三芝區,田心,,802,三芝區,北新庄子,田心子,100-2
三芝區,田心,,803,三芝區,北新庄子,田心子,100-3
三芝區,田心,,804,三芝區,北新庄子,田心子,130-1
三芝區,田心,,805,三芝區,北新庄子,田心子,100-5
三芝區,田心,,806,三芝區,北新庄子,田心子,100-6
三芝區,田心,,807,三芝區,北新庄子,田心子,100-7
三芝區,田心,,808,三芝區,北新庄子,田心子,101
三芝區,田心,,809,三芝區,北新庄子,田心子,101-1
三芝區,田心,,81,三芝區,北新庄子,楓子林,98-8
三芝區,田心,,810,三芝區,北新庄子,田心子,101-2
三芝區,田心,,811,三芝區,北新庄子,田心子,101-3
三芝區,田心,,812,三芝區,北新庄子,田心子,101-4
三芝區,田心,,813,三芝區,北新庄子,田心子,102
三芝區,田心,,814,三芝區,北新庄子,田心子,131-6
三芝區,田心,,815,三芝區,北新庄子,田心子,103
三芝區,田心,,816,三芝區,北新庄子,田心子,103-1
三芝區,田心,,817,三芝區,北新庄子,田心子,103-2
三芝區,田心,,818,三芝區,北新庄子,田心子,103-3
三芝區,田心,,819,三芝區,北新庄子,田心子,103-4
三芝區,田心,,82,三芝區,北新庄子,楓子林,98-9
三芝區,田心,,820,三芝區,北新庄子,田心子,103-5
三芝區,田心,,821,三芝區,北新庄子,田心子,103-7
三芝區,田心,,822,三芝區,北新庄子,田心子,103-8
三芝區,田心,,823,三芝區,北新庄子,田心子,103-9
三芝區,田心,,824,三芝區,北新庄子,田心子,131-7
三芝區,田心,,825,三芝區,北新庄子,田心子,103-10
三芝區,田心,,826,三芝區,北新庄子,田心子,103-11
三芝區,田心,,827,三芝區,北新庄子,田心子,103-12
三芝區,田心,,828,三芝區,北新庄子,田心子,103-13
三芝區,田心,,829,三芝區,北新庄子,田心子,103-14
三芝區,田心,,83,三芝區,北新庄子,楓子林,98-10
三芝區,田心,,830,三芝區,北新庄子,田心子,104
三芝區,田心,,831,三芝區,北新庄子,田心子,105
三芝區,田心,,832,三芝區,北新庄子,田心子,106
三芝區,田心,,833,三芝區,北新庄子,田心子,108
三芝區,田心,,834,三芝區,北新庄子,田心子,134
三芝區,田心,,835,三芝區,北新庄子,田心子,108-1
三芝區,田心,,836,三芝區,北新庄子,田心子,109
三芝區,田心,,837,三芝區,北新庄子,田心子,109-1
三芝區,田心,,838,三芝區,北新庄子,田心子,109-2
三芝區,田心,,839,三芝區,北新庄子,田心子,109-3
三芝區,田心,,84,三芝區,北新庄子,楓子林,169-7
三芝區,田心,,840,三芝區,北新庄子,田心子,109-4
三芝區,田心,,841,三芝區,北新庄子,田心子,110
三芝區,田心,,842,三芝區,北新庄子,田心子,110-1
三芝區,田心,,843,三芝區,北新庄子,田心子,110-2
三芝區,田心,,844,三芝區,北新庄子,田心子,162-1
三芝區,田心,,845,三芝區,北新庄子,田心子,112
三芝區,田心,,846,三芝區,北新庄子,田心子,113
三芝區,田心,,847,三芝區,北新庄子,田心子,114
三芝區,田心,,848,三芝區,北新庄子,田心子,115
三芝區,田心,,849,三芝區,北新庄子,田心子,116
三芝區,田心,,85,三芝區,北新庄子,楓子林,99
三芝區,田心,,850,三芝區,北新庄子,田心子,118
三芝區,田心,,851,三芝區,北新庄子,田心子,119
三芝區,田心,,852,三芝區,北新庄子,田心子,120
三芝區,田心,,853,三芝區,北新庄子,田心子,121
三芝區,田心,,854,三芝區,北新庄子,田心子,163-3
三芝區,田心,,855,三芝區,北新庄子,田心子,121-1
三芝區,田心,,856,三芝區,北新庄子,田心子,121-2
三芝區,田心,,857,三芝區,北新庄子,田心子,121-3
三芝區,田心,,858,三芝區,北新庄子,田心子,121-4
三芝區,田心,,859,三芝區,北新庄子,田心子,121-5
三芝區,田心,,86,三芝區,北新庄子,楓子林,100
三芝區,田心,,860,三芝區,北新庄子,田心子,121-6
三芝區,田心,,861,三芝區,北新庄子,田心子,121-7
三芝區,田心,,862,三芝區,北新庄子,田心子,121-8
三芝區,田心,,863,三芝區,北新庄子,田心子,121-9
三芝區,田心,,864,三芝區,北新庄子,田心子,163-4
三芝區,田心,,865,三芝區,北新庄子,田心子,121-10
三芝區,田心,,866,三芝區,北新庄子,田心子,121-11
三芝區,田心,,867,三芝區,北新庄子,田心子,121-12
三芝區,田心,,868,三芝區,北新庄子,田心子,121-13
三芝區,田心,,869,三芝區,北新庄子,田心子,121-14
三芝區,田心,,87,三芝區,北新庄子,楓子林,169-8
三芝區,田心,,870,三芝區,北新庄子,田心子,121-15
三芝區,田心,,871,三芝區,北新庄子,田心子,131-4
三芝區,田心,,872,三芝區,北新庄子,田心子,131-5
三芝區,田心,,873,三芝區,北新庄子,田心子,132
三芝區,田心,,874,三芝區,北新庄子,田心子,164-1
三芝區,田心,,875,三芝區,北新庄子,田心子,133
三芝區,田心,,876,三芝區,北新庄子,田心子,133-1
三芝區,田心,,877,三芝區,北新庄子,田心子,133-2
三芝區,田心,,878,三芝區,北新庄子,田心子,165-1
三芝區,田心,,879,三芝區,北新庄子,田心子,133-3
三芝區,田心,,88,三芝區,北新庄子,楓子林,100-1
三芝區,田心,,880,三芝區,北新庄子,田心子,121-16
三芝區,田心,,881,三芝區,北新庄子,田心子,122
三芝區,田心,,882,三芝區,北新庄子,田心子,124
三芝區,田心,,883,三芝區,北新庄子,田心子,124-1
三芝區,田心,,884,三芝區,北新庄子,田心子,165-2
三芝區,田心,,885,三芝區,北新庄子,田心子,124-2
三芝區,田心,,886,三芝區,北新庄子,田心子,124-3
三芝區,田心,,887,三芝區,北新庄子,田心子,165-3
三芝區,田心,,888,三芝區,北新庄子,田心子,127-1
三芝區,田心,,889,三芝區,北新庄子,田心子,127
三芝區,田心,,89,三芝區,北新庄子,楓子林,100-2
三芝區,田心,,890,三芝區,北新庄子,田心子,126
三芝區,田心,,891,三芝區,北新庄子,田心子,128
三芝區,田心,,892,三芝區,北新庄子,田心子,128-1
三芝區,田心,,893,三芝區,北新庄子,田心子,129
三芝區,田心,,894,三芝區,北新庄子,田心子,166-2
三芝區,田心,,895,三芝區,北新庄子,田心子,129-1
三芝區,田心,,896,三芝區,北新庄子,田心子,131
三芝區,田心,,897,三芝區,北新庄子,田心子,131-1
三芝區,田心,,898,三芝區,北新庄子,田心子,131-2
三芝區,田心,,899,三芝區,北新庄子,田心子,131-3
三芝區,田心,,9,三芝區,北新庄子,楓子林,82-2
三芝區,田心,,90,三芝區,北新庄子,楓子林,100-3
三芝區,田心,,900,三芝區,北新庄子,田心子,133-4
三芝區,田心,,901,三芝區,北新庄子,田心子,135
三芝區,田心,,902,三芝區,北新庄子,田心子,136
三芝區,田心,,903,三芝區,北新庄子,田心子,136-1
三芝區,田心,,904,三芝區,北新庄子,田心子,166-4
三芝區,田心,,905,三芝區,北新庄子,田心子,136-2
三芝區,田心,,906,三芝區,北新庄子,田心子,136-3
三芝區,田心,,907,三芝區,北新庄子,田心子,136-4
三芝區,田心,,908,三芝區,北新庄子,田心子,136-5
三芝區,田心,,909,三芝區,北新庄子,田心子,137
三芝區,田心,,91,三芝區,北新庄子,楓子林,101
三芝區,田心,,910,三芝區,北新庄子,田心子,138
三芝區,田心,,911,三芝區,北新庄子,田心子,139
三芝區,田心,,912,三芝區,北新庄子,田心子,139-1
三芝區,田心,,913,三芝區,北新庄子,田心子,139-2
三芝區,田心,,914,三芝區,北新庄子,田心子,167-3
三芝區,田心,,915,三芝區,北新庄子,田心子,139-3
三芝區,田心,,916,三芝區,北新庄子,田心子,140
三芝區,田心,,917,三芝區,北新庄子,田心子,141
三芝區,田心,,918,三芝區,北新庄子,田心子,143
三芝區,田心,,919,三芝區,北新庄子,田心子,143-1
三芝區,田心,,92,三芝區,北新庄子,楓子林,102
三芝區,田心,,920,三芝區,北新庄子,田心子,144
三芝區,田心,,921,三芝區,北新庄子,田心子,145
三芝區,田心,,922,三芝區,北新庄子,田心子,145-1
三芝區,田心,,923,三芝區,北新庄子,田心子,149
三芝區,田心,,924,三芝區,北新庄子,田心子,167-4
三芝區,田心,,925,三芝區,北新庄子,田心子,150
三芝區,田心,,926,三芝區,北新庄子,田心子,150-1
三芝區,田心,,927,三芝區,北新庄子,田心子,150-2
三芝區,田心,,928,三芝區,北新庄子,田心子,150-3
三芝區,田心,,929,三芝區,北新庄子,田心子,150-4
三芝區,田心,,93,三芝區,北新庄子,楓子林,102-1
三芝區,田心,,930,三芝區,北新庄子,田心子,150-5
三芝區,田心,,931,三芝區,北新庄子,田心子,151
三芝區,田心,,932,三芝區,北新庄子,田心子,152
三芝區,田心,,933,三芝區,北新庄子,田心子,153
三芝區,田心,,934,三芝區,北新庄子,田心子,167-5
三芝區,田心,,935,三芝區,北新庄子,田心子,154
三芝區,田心,,936,三芝區,北新庄子,田心子,156
三芝區,田心,,937,三芝區,北新庄子,田心子,156-1
三芝區,田心,,938,三芝區,北新庄子,田心子,157
三芝區,田心,,939,三芝區,北新庄子,田心子,158
三芝區,田心,,94,三芝區,北新庄子,楓子林,169-9
三芝區,田心,,940,三芝區,北新庄子,田心子,159
三芝區,田心,,941,三芝區,北新庄子,田心子,160
三芝區,田心,,942,三芝區,北新庄子,田心子,161
三芝區,田心,,943,三芝區,北新庄子,田心子,162
三芝區,田心,,944,三芝區,北新庄子,田心子,168-2
三芝區,田心,,945,三芝區,北新庄子,田心子,163
三芝區,田心,,946,三芝區,北新庄子,田心子,163-1
三芝區,田心,,947,三芝區,北新庄子,田心子,163-2
三芝區,田心,,948,三芝區,北新庄子,田心子,164
三芝區,田心,,949,三芝區,北新庄子,田心子,165
三芝區,田心,,95,三芝區,北新庄子,楓子林,102-2
三芝區,田心,,950,三芝區,北新庄子,田心子,166
三芝區,田心,,951,三芝區,北新庄子,田心子,166-1
三芝區,田心,,952,三芝區,北新庄子,田心子,166-3
三芝區,田心,,953,三芝區,北新庄子,田心子,167
三芝區,田心,,954,三芝區,北新庄子,田心子,168-3
三芝區,田心,,955,三芝區,北新庄子,田心子,167-1
三芝區,田心,,956,三芝區,北新庄子,田心子,167-2
三芝區,田心,,957,三芝區,北新庄子,田心子,168
三芝區,田心,,958,三芝區,北新庄子,田心子,168-1
三芝區,田心,,959,三芝區,北新庄子,田心子,169
三芝區,田心,,96,三芝區,北新庄子,楓子林,102-4
三芝區,田心,,960,三芝區,北新庄子,田心子,169-1
三芝區,田心,,961,三芝區,北新庄子,田心子,169-2
三芝區,田心,,962,三芝區,北新庄子,田心子,170
三芝區,田心,,963,三芝區,北新庄子,田心子,170-1
三芝區,田心,,964,三芝區,北新庄子,田心子,169-3
三芝區,田心,,965,三芝區,北新庄子,田心子,170-2
三芝區,田心,,966,三芝區,北新庄子,田心子,170-4
三芝區,田心,,967,三芝區,北新庄子,田心子,170-5
三芝區,田心,,968,三芝區,北新庄子,田心子,170-6
三芝區,田心,,969,三芝區,北新庄子,田心子,170-9
三芝區,田心,,97,三芝區,北新庄子,楓子林,102-5
三芝區,田心,,970,三芝區,北新庄子,田心子,171
三芝區,田心,,971,三芝區,北新庄子,田心子,172
三芝區,田心,,972,三芝區,北新庄子,田心子,173
三芝區,田心,,973,三芝區,北新庄子,田心子,173-1
三芝區,田心,,974,三芝區,北新庄子,田心子,169-4
三芝區,田心,,975,三芝區,北新庄子,田心子,174
三芝區,田心,,976,三芝區,北新庄子,田心子,174-1
三芝區,田心,,977,三芝區,北新庄子,田心子,174-2
三芝區,田心,,978,三芝區,北新庄子,田心子,169-5
三芝區,田心,,979,三芝區,北新庄子,田心子,174-3
三芝區,田心,,98,三芝區,北新庄子,楓子林,102-7
三芝區,田心,,980,三芝區,北新庄子,田心子,175
三芝區,田心,,981,三芝區,北新庄子,田心子,175-1
三芝區,田心,,982,三芝區,北新庄子,田心子,175-2
三芝區,田心,,983,三芝區,北新庄子,田心子,175-3
三芝區,田心,,984,三芝區,北新庄子,田心子,170-3
三芝區,田心,,985,三芝區,北新庄子,田心子,176
三芝區,田心,,986,三芝區,北新庄子,田心子,176-1
三芝區,田心,,987,三芝區,北新庄子,田心子,170-7
三芝區,田心,,988,三芝區,北新庄子,田心子,176-2
三芝區,田心,,989,三芝區,北新庄子,田心子,176-3
三芝區,田心,,99,三芝區,北新庄子,楓子林,102-8
三芝區,田心,,990,三芝區,北新庄子,田心子,176-4
三芝區,田心,,991,三芝區,北新庄子,田心子,176-5
三芝區,田心,,992,三芝區,北新庄子,田心子,176-6
三芝區,田心,,993,三芝區,北新庄子,田心子,176-7
三芝區,田心,,994,三芝區,北新庄子,田心子,170-8
三芝區,田心,,995,三芝區,北新庄子,田心子,176-8
三芝區,田心,,996,三芝區,北新庄子,田心子,176-9
三芝區,田心,,997,三芝區,北新庄子,田心子,176-10
三芝區,田心,,998,三芝區,北新庄子,田心子,176-11
三芝區,田心,,999,三芝區,北新庄子,田心子,176-12
三芝區,福海,,1,三芝區,錫板,南勢岡,3-6
三芝區,福海,,10,三芝區,錫板,南勢岡,22-1
三芝區,福海,,100,三芝區,錫板,南勢岡,6-13
三芝區,福海,,1000,三芝區,錫板,山豬堀,113
三芝區,福海,,1001,三芝區,錫板,山豬堀,114-1
三芝區,福海,,1002,三芝區,錫板,山豬堀,114
三芝區,福海,,1003,三芝區,錫板,山豬堀,115
三芝區,福海,,1004,三芝區,錫板,山豬堀,112
三芝區,福海,,1005,三芝區,錫板,山豬堀,72
三芝區,福海,,1006,三芝區,錫板,山豬堀,75
三芝區,福海,,1007,三芝區,錫板,山豬堀,75-1
三芝區,福海,,1008,三芝區,錫板,山豬堀,75-2
三芝區,福海,,1009,三芝區,錫板,山豬堀,75-3
三芝區,福海,,101,三芝區,錫板,南勢岡,6-5
三芝區,福海,,1010,三芝區,錫板,山豬堀,75-4
三芝區,福海,,1011,三芝區,錫板,山豬堀,110-1
三芝區,福海,,1012,三芝區,錫板,山豬堀,116
三芝區,福海,,1013,三芝區,錫板,山豬堀,116-1
三芝區,福海,,1014,三芝區,錫板,山豬堀,117
三芝區,福海,,1015,三芝區,錫板,山豬堀,118
三芝區,福海,,1016,三芝區,錫板,山豬堀,106-1
三芝區,福海,,1017,三芝區,錫板,山豬堀,106-2
三芝區,福海,,1018,三芝區,錫板,山豬堀,108
三芝區,福海,,1019,三芝區,錫板,山豬堀,107
三芝區,福海,,102,三芝區,錫板,南勢岡,6-1
三芝區,福海,,1020,三芝區,錫板,山豬堀,106
三芝區,福海,,1021,三芝區,錫板,山豬堀,80
三芝區,福海,,1022,三芝區,錫板,山豬堀,79-3
三芝區,福海,,1023,三芝區,錫板,山豬堀,79-2
三芝區,福海,,1024,三芝區,錫板,山豬堀,79
三芝區,福海,,1025,三芝區,錫板,山豬堀,89
三芝區,福海,,1026,三芝區,錫板,山豬堀,79-1
三芝區,福海,,1027,三芝區,錫板,山豬堀,109
三芝區,福海,,1028,三芝區,錫板,山豬堀,102
三芝區,福海,,1029,三芝區,錫板,山豬堀,103
三芝區,福海,,103,三芝區,錫板,南勢岡,5-2
三芝區,福海,,1030,三芝區,錫板,山豬堀,104
三芝區,福海,,1031,三芝區,錫板,山豬堀,101
三芝區,福海,,1032,三芝區,錫板,山豬堀,105
三芝區,福海,,1033,三芝區,錫板,山豬堀,99-3
三芝區,福海,,1034,三芝區,錫板,山豬堀,146
三芝區,福海,,1035,三芝區,錫板,山豬堀,99-1
三芝區,福海,,1036,三芝區,錫板,山豬堀,97
三芝區,福海,,1037,三芝區,錫板,山豬堀,147
三芝區,福海,,1038,三芝區,錫板,山豬堀,96
三芝區,福海,,1039,三芝區,錫板,山豬堀,94-1
三芝區,福海,,104,三芝區,錫板,南勢岡,4-1
三芝區,福海,,1040,三芝區,錫板,山豬堀,94
三芝區,福海,,1041,三芝區,錫板,山豬堀,94-17
三芝區,福海,,1042,三芝區,錫板,山豬堀,94-4
三芝區,福海,,1043,三芝區,錫板,山豬堀,94-5
三芝區,福海,,1045,三芝區,錫板,山豬堀,94-7
三芝區,福海,,1046,三芝區,錫板,山豬堀,94-8
三芝區,福海,,1047,三芝區,錫板,山豬堀,94-9
三芝區,福海,,1048,三芝區,錫板,山豬堀,94-10
三芝區,福海,,1049,三芝區,錫板,山豬堀,94-11
三芝區,福海,,105,三芝區,錫板,南勢岡,40
三芝區,福海,,1050,三芝區,錫板,山豬堀,94-12
三芝區,福海,,1051,三芝區,錫板,山豬堀,94-2
三芝區,福海,,1052,三芝區,錫板,山豬堀,155-1
三芝區,福海,,1053,三芝區,錫板,山豬堀,94-13
三芝區,福海,,1054,三芝區,錫板,山豬堀,94-14
三芝區,福海,,1055,三芝區,錫板,山豬堀,94-15
三芝區,福海,,1056,三芝區,錫板,山豬堀,94-16
三芝區,福海,,1057,三芝區,錫板,山豬堀,154-1
三芝區,福海,,1058,三芝區,錫板,山豬堀,153
三芝區,福海,,1059,三芝區,錫板,山豬堀,145
三芝區,福海,,106,三芝區,錫板,南勢岡,40-3
三芝區,福海,,1060,三芝區,錫板,山豬堀,145-2
三芝區,福海,,1061,三芝區,錫板,山豬堀,145-1
三芝區,福海,,1062,三芝區,錫板,山豬堀,99
三芝區,福海,,1063,三芝區,錫板,山豬堀,99-2
三芝區,福海,,1064,三芝區,錫板,山豬堀,140-2
三芝區,福海,,1065,三芝區,錫板,山豬堀,118-1
三芝區,福海,,1066,三芝區,錫板,山豬堀,118-3
三芝區,福海,,1067,三芝區,錫板,山豬堀,118-2
三芝區,福海,,1068,三芝區,錫板,山豬堀,118-4
三芝區,福海,,1069,三芝區,錫板,山豬堀,121
三芝區,福海,,107,三芝區,錫板,南勢岡,40-2
三芝區,福海,,1070,三芝區,錫板,山豬堀,122
三芝區,福海,,1071,三芝區,錫板,山豬堀,124
三芝區,福海,,1072,三芝區,錫板,山豬堀,126
三芝區,福海,,1073,三芝區,錫板,山豬堀,125
三芝區,福海,,1074,三芝區,錫板,山豬堀,131
三芝區,福海,,1076,三芝區,錫板,山豬堀,132-1
三芝區,福海,,1077,三芝區,錫板,山豬堀,120
三芝區,福海,,1078,三芝區,錫板,山豬堀,140
三芝區,福海,,1079,三芝區,錫板,山豬堀,143
三芝區,福海,,108,三芝區,錫板,南勢岡,4-2
三芝區,福海,,1080,三芝區,錫板,山豬堀,144
三芝區,福海,,1081,三芝區,錫板,山豬堀,142
三芝區,福海,,1082,三芝區,錫板,山豬堀,143-1
三芝區,福海,,1083,三芝區,錫板,山豬堀,162-3
三芝區,福海,,1084,三芝區,錫板,山豬堀,162-1
三芝區,福海,,1085,三芝區,錫板,山豬堀,159
三芝區,福海,,1086,三芝區,錫板,山豬堀,158
三芝區,福海,,1087,三芝區,錫板,山豬堀,156
三芝區,福海,,1088,三芝區,錫板,山豬堀,156-1
三芝區,福海,,1089,三芝區,錫板,山豬堀,160-3
三芝區,福海,,109,三芝區,錫板,南勢岡,40-1
三芝區,福海,,1090,三芝區,錫板,山豬堀,160-2
三芝區,福海,,1091,三芝區,錫板,山豬堀,160
三芝區,福海,,1092,三芝區,錫板,山豬堀,160-1
三芝區,福海,,1093,三芝區,錫板,山豬堀,162
三芝區,福海,,1094,三芝區,錫板,山豬堀,161
三芝區,福海,,1095,三芝區,錫板,山豬堀,162-2
三芝區,福海,,1096,三芝區,錫板,山豬堀,164
三芝區,福海,,1097,三芝區,錫板,山豬堀,141-3
三芝區,福海,,1098,三芝區,錫板,山豬堀,141-2
三芝區,福海,,1099,三芝區,錫板,山豬堀,141-1
三芝區,福海,,11,三芝區,錫板,南勢岡,22-5
三芝區,福海,,110,三芝區,錫板,南勢岡,39
三芝區,福海,,1100,三芝區,錫板,山豬堀,140-3
三芝區,福海,,1101,三芝區,錫板,山豬堀,132-2
三芝區,福海,,1102,三芝區,錫板,山豬堀,132
三芝區,福海,,1103,三芝區,錫板,山豬堀,128-4
三芝區,福海,,1104,三芝區,錫板,山豬堀,130
三芝區,福海,,1105,三芝區,錫板,山豬堀,128-2
三芝區,福海,,1106,三芝區,錫板,山豬堀,128-1
三芝區,福海,,1107,三芝區,錫板,山豬堀,128
三芝區,福海,,1108,三芝區,錫板,山豬堀,130-1
三芝區,福海,,1109,三芝區,錫板,山豬堀,135
三芝區,福海,,111,三芝區,錫板,南勢岡,39-1
三芝區,福海,,1110,三芝區,錫板,山豬堀,132-3
三芝區,福海,,1111,三芝區,錫板,山豬堀,132-4
三芝區,福海,,1112,三芝區,錫板,山豬堀,132-5
三芝區,福海,,1113,三芝區,錫板,山豬堀,132-6
三芝區,福海,,1114,三芝區,錫板,山豬堀,132-7
三芝區,福海,,1115,三芝區,錫板,山豬堀,139
三芝區,福海,,1116,三芝區,錫板,山豬堀,139-1
三芝區,福海,,1117,三芝區,錫板,山豬堀,140-1
三芝區,福海,,1118,三芝區,錫板,山豬堀,141
三芝區,福海,,1119,三芝區,錫板,山豬堀,162-5
三芝區,福海,,112,三芝區,錫板,南勢岡,38
三芝區,福海,,1120,三芝區,錫板,山豬堀,162-4
三芝區,福海,,1121,三芝區,錫板,山豬堀,169
三芝區,福海,,1122,三芝區,錫板,山豬堀,168
三芝區,福海,,1123,三芝區,錫板,山豬堀,166
三芝區,福海,,1124,三芝區,錫板,山豬堀,166-1
三芝區,福海,,1125,三芝區,錫板,山豬堀,165
三芝區,福海,,113,三芝區,錫板,南勢岡,38-1
三芝區,福海,,114,三芝區,錫板,南勢岡,38-2
三芝區,福海,,115,三芝區,錫板,南勢岡,38-3
三芝區,福海,,116,三芝區,錫板,南勢岡,37
三芝區,福海,,117,三芝區,錫板,南勢岡,37-1
三芝區,福海,,118,三芝區,錫板,南勢岡,37-2
三芝區,福海,,119,三芝區,錫板,南勢岡,7-8
三芝區,福海,,12,三芝區,錫板,南勢岡,91
三芝區,福海,,120,三芝區,錫板,南勢岡,6-8
三芝區,福海,,121,三芝區,錫板,南勢岡,7-19
三芝區,福海,,122,三芝區,錫板,南勢岡,42-20
三芝區,福海,,123,三芝區,錫板,南勢岡,7-9
三芝區,福海,,124,三芝區,錫板,南勢岡,6-7
三芝區,福海,,125,三芝區,錫板,南勢岡,7-6
三芝區,福海,,126,三芝區,錫板,南勢岡,29
三芝區,福海,,127,三芝區,錫板,南勢岡,29-2
三芝區,福海,,128,三芝區,錫板,南勢岡,29-1
三芝區,福海,,129,三芝區,錫板,南勢岡,29-3
三芝區,福海,,130,三芝區,錫板,南勢岡,27-1
三芝區,福海,,131,三芝區,錫板,南勢岡,27
三芝區,福海,,132,三芝區,錫板,南勢岡,16-1
三芝區,福海,,133,三芝區,錫板,南勢岡,15
三芝區,福海,,134,三芝區,錫板,南勢岡,18-1
三芝區,福海,,135,三芝區,錫板,南勢岡,13-1
三芝區,福海,,136,三芝區,錫板,南勢岡,13-3
三芝區,福海,,137,三芝區,錫板,南勢岡,13-2
三芝區,福海,,138,三芝區,錫板,南勢岡,14-6
三芝區,福海,,139,三芝區,錫板,南勢岡,14-7
三芝區,福海,,14,三芝區,錫板,南勢岡,1-2
三芝區,福海,,140,三芝區,錫板,南勢岡,14-2
三芝區,福海,,141,三芝區,錫板,南勢岡,17-1
三芝區,福海,,142,三芝區,錫板,南勢岡,14-4
三芝區,福海,,143,三芝區,錫板,南勢岡,14-5
三芝區,福海,,144,三芝區,錫板,南勢岡,14-8
三芝區,福海,,145,三芝區,錫板,南勢岡,22-17
三芝區,福海,,146,三芝區,錫板,南勢岡,22-64
三芝區,福海,,147,三芝區,錫板,南勢岡,12-2
三芝區,福海,,148,三芝區,錫板,南勢岡,22-63
三芝區,福海,,149,三芝區,錫板,南勢岡,22-61
三芝區,福海,,15,三芝區,錫板,南勢岡,1-4
三芝區,福海,,150,三芝區,錫板,南勢岡,22-62
三芝區,福海,,151,三芝區,錫板,南勢岡,22-60
三芝區,福海,,152,三芝區,錫板,南勢岡,21-3
三芝區,福海,,153,三芝區,錫板,南勢岡,23-2
三芝區,福海,,154,三芝區,錫板,南勢岡,21-2
三芝區,福海,,155,三芝區,錫板,南勢岡,19-1
三芝區,福海,,156,三芝區,錫板,南勢岡,19-2
三芝區,福海,,157,三芝區,錫板,南勢岡,18-12
三芝區,福海,,158,三芝區,錫板,南勢岡,17-3
三芝區,福海,,159,三芝區,錫板,南勢岡,18-6
三芝區,福海,,16,三芝區,錫板,南勢岡,3-1
三芝區,福海,,160,三芝區,錫板,南勢岡,17-2
三芝區,福海,,161,三芝區,錫板,南勢岡,18-11
三芝區,福海,,162,三芝區,錫板,南勢岡,18-7
三芝區,福海,,163,三芝區,錫板,南勢岡,17-4
三芝區,福海,,164,三芝區,錫板,南勢岡,18-4
三芝區,福海,,165,三芝區,錫板,南勢岡,22-20
三芝區,福海,,166,三芝區,錫板,南勢岡,22-57
三芝區,福海,,167,三芝區,錫板,南勢岡,22-4
三芝區,福海,,168,三芝區,錫板,南勢岡,22-58
三芝區,福海,,169,三芝區,錫板,南勢岡,22-54
三芝區,福海,,17,三芝區,錫板,南勢岡,8
三芝區,福海,,170,三芝區,錫板,南勢岡,22-53
三芝區,福海,,171,三芝區,錫板,南勢岡,22-59
三芝區,福海,,172,三芝區,錫板,南勢岡,22-19
三芝區,福海,,173,三芝區,錫板,南勢岡,22-18
三芝區,福海,,174,三芝區,錫板,南勢岡,22-55
三芝區,福海,,175,三芝區,錫板,南勢岡,22-56
三芝區,福海,,176,三芝區,錫板,南勢岡,22-68
三芝區,福海,,177,三芝區,錫板,南勢岡,22-65
三芝區,福海,,178,三芝區,錫板,南勢岡,22-12
三芝區,福海,,179,三芝區,錫板,南勢岡,12-1
三芝區,福海,,18,三芝區,錫板,南勢岡,3-8
三芝區,福海,,180,三芝區,錫板,南勢岡,8-20
三芝區,福海,,181,三芝區,錫板,南勢岡,8-18
三芝區,福海,,182,三芝區,錫板,南勢岡,22-10
三芝區,福海,,183,三芝區,錫板,南勢岡,22-8
三芝區,福海,,184,三芝區,錫板,南勢岡,22-3
三芝區,福海,,185,三芝區,錫板,南勢岡,21-1
三芝區,福海,,186,三芝區,錫板,南勢岡,23-1
三芝區,福海,,187,三芝區,錫板,南勢岡,19
三芝區,福海,,188,三芝區,錫板,南勢岡,18-5
三芝區,福海,,189,三芝區,錫板,南勢岡,17
三芝區,福海,,19,三芝區,錫板,南勢岡,3-7
三芝區,福海,,190,三芝區,錫板,南勢岡,16
三芝區,福海,,191,三芝區,錫板,南勢岡,18-8
三芝區,福海,,192,三芝區,錫板,南勢岡,18-13
三芝區,福海,,193,三芝區,錫板,南勢岡,24-2
三芝區,福海,,194,三芝區,錫板,南勢岡,20
三芝區,福海,,195,三芝區,錫板,南勢岡,18-10
三芝區,福海,,196,三芝區,錫板,南勢岡,24-1
三芝區,福海,,197,三芝區,錫板,南勢岡,24-3
三芝區,福海,,198,三芝區,錫板,南勢岡,24-7
三芝區,福海,,199,三芝區,錫板,南勢岡,24-4
三芝區,福海,,2,三芝區,錫板,南勢岡,3-4
三芝區,福海,,20,三芝區,錫板,南勢岡,3-5
三芝區,福海,,200,三芝區,錫板,南勢岡,24
三芝區,福海,,201,三芝區,錫板,南勢岡,24-5
三芝區,福海,,202,三芝區,錫板,南勢岡,24-6
三芝區,福海,,203,三芝區,錫板,南勢岡,25
三芝區,福海,,204,三芝區,錫板,南勢岡,26
三芝區,福海,,205,三芝區,錫板,南勢岡,25-2
三芝區,福海,,206,三芝區,錫板,南勢岡,34-8
三芝區,福海,,207,三芝區,錫板,南勢岡,35-2
三芝區,福海,,208,三芝區,錫板,南勢岡,34-7
三芝區,福海,,209,三芝區,錫板,南勢岡,34-6
三芝區,福海,,21,三芝區,錫板,南勢岡,3-12
三芝區,福海,,210,三芝區,錫板,南勢岡,25-3
三芝區,福海,,211,三芝區,錫板,南勢岡,25-1
三芝區,福海,,212,三芝區,錫板,南勢岡,34-1
三芝區,福海,,213,三芝區,錫板,南勢岡,34-4
三芝區,福海,,214,三芝區,錫板,南勢岡,32
三芝區,福海,,215,三芝區,錫板,南勢岡,34-5
三芝區,福海,,216,三芝區,錫板,南勢岡,31
三芝區,福海,,217,三芝區,錫板,南勢岡,36-1
三芝區,福海,,218,三芝區,錫板,南勢岡,33
三芝區,福海,,219,三芝區,錫板,南勢岡,36
三芝區,福海,,22,三芝區,錫板,南勢岡,3-13
三芝區,福海,,220,三芝區,錫板,南勢岡,7-4
三芝區,福海,,221,三芝區,錫板,南勢岡,47
三芝區,福海,,222,三芝區,錫板,南勢岡,46-4
三芝區,福海,,223,三芝區,錫板,南勢岡,46-1
三芝區,福海,,224,三芝區,錫板,南勢岡,50-1
三芝區,福海,,225,三芝區,錫板,南勢岡,46-7
三芝區,福海,,226,三芝區,錫板,南勢岡,41-19
三芝區,福海,,227,三芝區,錫板,南勢岡,41-3
三芝區,福海,,228,三芝區,錫板,南勢岡,41-7
三芝區,福海,,229,三芝區,錫板,南勢岡,41-4
三芝區,福海,,23,三芝區,錫板,南勢岡,3-11
三芝區,福海,,230,三芝區,錫板,南勢岡,41
三芝區,福海,,231,三芝區,錫板,南勢岡,40-5
三芝區,福海,,232,三芝區,錫板,南勢岡,41-25
三芝區,福海,,233,三芝區,錫板,南勢岡,40-4
三芝區,福海,,234,三芝區,錫板,南勢岡,41-24
三芝區,福海,,235,三芝區,錫板,南勢岡,41-21
三芝區,福海,,236,三芝區,錫板,南勢岡,42-12
三芝區,福海,,237,三芝區,錫板,南勢岡,42-11
三芝區,福海,,238,三芝區,錫板,南勢岡,42-21
三芝區,福海,,239,三芝區,錫板,南勢岡,42-22
三芝區,福海,,24,三芝區,錫板,南勢岡,3-14
三芝區,福海,,240,三芝區,錫板,南勢岡,42-1
三芝區,福海,,241,三芝區,錫板,南勢岡,42-2
三芝區,福海,,242,三芝區,錫板,南勢岡,42-10
三芝區,福海,,243,三芝區,錫板,南勢岡,41-22
三芝區,福海,,244,三芝區,錫板,南勢岡,47-1
三芝區,福海,,245,三芝區,錫板,南勢岡,41-23
三芝區,福海,,246,三芝區,錫板,南勢岡,41-5
三芝區,福海,,247,三芝區,錫板,南勢岡,42-19
三芝區,福海,,248,三芝區,錫板,南勢岡,42-18
三芝區,福海,,249,三芝區,錫板,南勢岡,42-9
三芝區,福海,,25,三芝區,錫板,南勢岡,3-9
三芝區,福海,,250,三芝區,錫板,南勢岡,42-3
三芝區,福海,,251,三芝區,錫板,南勢岡,42-4
三芝區,福海,,252,三芝區,錫板,南勢岡,42-8
三芝區,福海,,253,三芝區,錫板,南勢岡,42-17
三芝區,福海,,254,三芝區,錫板,南勢岡,42-16
三芝區,福海,,255,三芝區,錫板,南勢岡,42
三芝區,福海,,256,三芝區,錫板,南勢岡,42-5
三芝區,福海,,257,三芝區,錫板,南勢岡,42-6
三芝區,福海,,258,三芝區,錫板,南勢岡,42-13
三芝區,福海,,259,三芝區,錫板,南勢岡,41-6
三芝區,福海,,26,三芝區,錫板,南勢岡,8-16
三芝區,福海,,260,三芝區,錫板,南勢岡,44-1
三芝區,福海,,261,三芝區,錫板,南勢岡,44
三芝區,福海,,262,三芝區,錫板,南勢岡,42-15
三芝區,福海,,263,三芝區,錫板,南勢岡,42-14
三芝區,福海,,264,三芝區,錫板,南勢岡,42-7
三芝區,福海,,265,三芝區,錫板,南勢岡,63-1
三芝區,福海,,266,三芝區,錫板,南勢岡,63
三芝區,福海,,267,三芝區,錫板,南勢岡,62-4
三芝區,福海,,268,三芝區,錫板,南勢岡,41-20
三芝區,福海,,269,三芝區,錫板,南勢岡,44-2
三芝區,福海,,27,三芝區,錫板,南勢岡,8-6
三芝區,福海,,270,三芝區,錫板,南勢岡,41-8
三芝區,福海,,271,三芝區,錫板,南勢岡,46-2
三芝區,福海,,272,三芝區,錫板,南勢岡,46-5
三芝區,福海,,273,三芝區,錫板,南勢岡,50-2
三芝區,福海,,274,三芝區,錫板,南勢岡,36-2
三芝區,福海,,275,三芝區,錫板,南勢岡,36-3
三芝區,福海,,276,三芝區,錫板,南勢岡,51
三芝區,福海,,277,三芝區,錫板,南勢岡,36-4
三芝區,福海,,278,三芝區,錫板,南勢岡,36-5
三芝區,福海,,279,三芝區,錫板,南勢岡,36-6
三芝區,福海,,28,三芝區,錫板,南勢岡,6-2
三芝區,福海,,280,三芝區,錫板,南勢岡,35
三芝區,福海,,281,三芝區,錫板,海尾,1-1
三芝區,福海,,282,三芝區,錫板,海尾,3-3
三芝區,福海,,283,三芝區,錫板,海尾,3-8
三芝區,福海,,284,三芝區,錫板,海尾,3-2
三芝區,福海,,285,三芝區,錫板,海尾,3-1
三芝區,福海,,286,三芝區,錫板,海尾,3-17
三芝區,福海,,287,三芝區,錫板,海尾,3-16
三芝區,福海,,288,三芝區,錫板,海尾,7-1
三芝區,福海,,289,三芝區,錫板,海尾,3-12
三芝區,福海,,29,三芝區,錫板,南勢岡,8-5
三芝區,福海,,290,三芝區,錫板,海尾,2-1
三芝區,福海,,291,三芝區,錫板,海尾,2
三芝區,福海,,292,三芝區,錫板,海尾,1
三芝區,福海,,293,三芝區,錫板,南勢岡,34
三芝區,福海,,294,三芝區,錫板,南勢岡,34-2
三芝區,福海,,295,三芝區,錫板,南勢岡,34-3
三芝區,福海,,296,三芝區,錫板,南勢岡,34-9
三芝區,福海,,297,三芝區,錫板,南勢岡,53
三芝區,福海,,298,三芝區,錫板,南勢岡,52
三芝區,福海,,299,三芝區,錫板,南勢岡,57
三芝區,福海,,3,三芝區,錫板,南勢岡,1-1
三芝區,福海,,30,三芝區,錫板,南勢岡,7-7
三芝區,福海,,300,三芝區,錫板,南勢岡,50
三芝區,福海,,301,三芝區,錫板,南勢岡,50-3
三芝區,福海,,302,三芝區,錫板,南勢岡,50-5
三芝區,福海,,303,三芝區,錫板,南勢岡,50-6
三芝區,福海,,304,三芝區,錫板,南勢岡,46
三芝區,福海,,305,三芝區,錫板,南勢岡,46-3
三芝區,福海,,306,三芝區,錫板,南勢岡,41-1
三芝區,福海,,307,三芝區,錫板,南勢岡,41-9
三芝區,福海,,308,三芝區,錫板,南勢岡,41-10
三芝區,福海,,309,三芝區,錫板,南勢岡,41-17
三芝區,福海,,31,三芝區,錫板,南勢岡,7-10
三芝區,福海,,310,三芝區,錫板,南勢岡,41-18
三芝區,福海,,311,三芝區,錫板,南勢岡,41-13
三芝區,福海,,312,三芝區,錫板,南勢岡,41-15
三芝區,福海,,313,三芝區,錫板,南勢岡,41-16
三芝區,福海,,314,三芝區,錫板,南勢岡,41-11
三芝區,福海,,315,三芝區,錫板,南勢岡,45-3
三芝區,福海,,316,三芝區,錫板,南勢岡,64-2
三芝區,福海,,317,三芝區,錫板,南勢岡,64-1
三芝區,福海,,318,三芝區,錫板,南勢岡,64
三芝區,福海,,319,三芝區,錫板,南勢岡,62-1
三芝區,福海,,32,三芝區,錫板,南勢岡,7-3
三芝區,福海,,320,三芝區,錫板,南勢岡,45-2
三芝區,福海,,321,三芝區,錫板,南勢岡,62-5
三芝區,福海,,322,三芝區,錫板,南勢岡,62-17
三芝區,福海,,323,三芝區,錫板,南勢岡,62-2
三芝區,福海,,324,三芝區,錫板,南勢岡,65
三芝區,福海,,325,三芝區,錫板,南勢岡,62-18
三芝區,福海,,326,三芝區,錫板,南勢岡,62
三芝區,福海,,327,三芝區,錫板,南勢岡,62-19
三芝區,福海,,328,三芝區,錫板,南勢岡,41-12
三芝區,福海,,329,三芝區,錫板,南勢岡,62-9
三芝區,福海,,33,三芝區,錫板,南勢岡,8-10
三芝區,福海,,330,三芝區,錫板,南勢岡,62-10
三芝區,福海,,331,三芝區,錫板,南勢岡,62-11
三芝區,福海,,332,三芝區,錫板,南勢岡,62-12
三芝區,福海,,333,三芝區,錫板,南勢岡,62-3
三芝區,福海,,334,三芝區,錫板,南勢岡,66
三芝區,福海,,335,三芝區,錫板,南勢岡,66-1
三芝區,福海,,336,三芝區,錫板,南勢岡,62-7
三芝區,福海,,337,三芝區,錫板,南勢岡,62-13
三芝區,福海,,338,三芝區,錫板,南勢岡,62-16
三芝區,福海,,339,三芝區,錫板,南勢岡,69
三芝區,福海,,34,三芝區,錫板,南勢岡,8-9
三芝區,福海,,340,三芝區,錫板,南勢岡,69-5
三芝區,福海,,341,三芝區,錫板,南勢岡,41-14
三芝區,福海,,342,三芝區,錫板,南勢岡,73
三芝區,福海,,343,三芝區,錫板,南勢岡,72
三芝區,福海,,344,三芝區,錫板,海尾,71-1
三芝區,福海,,345,三芝區,錫板,南勢岡,71-2
三芝區,福海,,346,三芝區,錫板,南勢岡,75
三芝區,福海,,347,三芝區,錫板,南勢岡,74
三芝區,福海,,348,三芝區,錫板,南勢岡,75-1
三芝區,福海,,349,三芝區,錫板,南勢岡,45-1
三芝區,福海,,35,三芝區,錫板,南勢岡,8-8
三芝區,福海,,350,三芝區,錫板,南勢岡,50-7
三芝區,福海,,351,三芝區,錫板,南勢岡,50-4
三芝區,福海,,352,三芝區,錫板,南勢岡,58
三芝區,福海,,353,三芝區,錫板,南勢岡,76
三芝區,福海,,354,三芝區,錫板,南勢岡,56
三芝區,福海,,355,三芝區,錫板,南勢岡,54
三芝區,福海,,356,三芝區,錫板,南勢岡,34-11
三芝區,福海,,357,三芝區,錫板,南勢岡,35-1
三芝區,福海,,358,三芝區,錫板,南勢岡,55
三芝區,福海,,359,三芝區,錫板,南勢岡,35-6
三芝區,福海,,36,三芝區,錫板,南勢岡,8-7
三芝區,福海,,360,三芝區,錫板,南勢岡,34-10
三芝區,福海,,361,三芝區,錫板,南勢岡,35-7
三芝區,福海,,362,三芝區,錫板,南勢岡,35-5
三芝區,福海,,363,三芝區,錫板,南勢岡,35-4
三芝區,福海,,364,三芝區,錫板,南勢岡,35-3
三芝區,福海,,365,三芝區,錫板,海尾,62
三芝區,福海,,366,三芝區,錫板,海尾,3-9
三芝區,福海,,367,三芝區,錫板,海尾,3-6
三芝區,福海,,368,三芝區,錫板,海尾,7-2
三芝區,福海,,369,三芝區,錫板,海尾,7
三芝區,福海,,37,三芝區,錫板,南勢岡,8-11
三芝區,福海,,370,三芝區,錫板,海尾,6-1
三芝區,福海,,371,三芝區,錫板,海尾,3-7
三芝區,福海,,372,三芝區,錫板,海尾,3-13
三芝區,福海,,373,三芝區,錫板,海尾,3-14
三芝區,福海,,374,三芝區,錫板,海尾,3-15
三芝區,福海,,375,三芝區,錫板,海尾,6-7
三芝區,福海,,376,三芝區,錫板,海尾,6-8
三芝區,福海,,377,三芝區,錫板,海尾,6-6
三芝區,福海,,378,三芝區,錫板,海尾,6-15
三芝區,福海,,379,三芝區,錫板,海尾,6-9
三芝區,福海,,38,三芝區,錫板,南勢岡,22-66
三芝區,福海,,380,三芝區,錫板,海尾,6-10
三芝區,福海,,381,三芝區,錫板,海尾,6-16
三芝區,福海,,382,三芝區,錫板,海尾,6-17
三芝區,福海,,383,三芝區,錫板,海尾,6-11
三芝區,福海,,384,三芝區,錫板,海尾,6-12
三芝區,福海,,385,三芝區,錫板,海尾,6-13
三芝區,福海,,386,三芝區,錫板,海尾,6-18
三芝區,福海,,387,三芝區,錫板,海尾,6-19
三芝區,福海,,388,三芝區,錫板,海尾,6-14
三芝區,福海,,389,三芝區,錫板,海尾,6-20
三芝區,福海,,39,三芝區,錫板,南勢岡,22-6
三芝區,福海,,390,三芝區,錫板,海尾,6-5
三芝區,福海,,391,三芝區,錫板,海尾,6-4
三芝區,福海,,392,三芝區,錫板,海尾,5
三芝區,福海,,393,三芝區,錫板,海尾,5-4
三芝區,福海,,394,三芝區,錫板,海尾,4
三芝區,福海,,395,三芝區,錫板,海尾,59-3
三芝區,福海,,396,三芝區,錫板,海尾,59-9
三芝區,福海,,397,三芝區,錫板,海尾,59-1
三芝區,福海,,398,三芝區,錫板,海尾,59-8
三芝區,福海,,399,三芝區,錫板,海尾,61-2
三芝區,福海,,4,三芝區,錫板,南勢岡,1-3
三芝區,福海,,40,三芝區,錫板,南勢岡,22-69
三芝區,福海,,400,三芝區,錫板,海尾,60-2
三芝區,福海,,401,三芝區,錫板,海尾,60
三芝區,福海,,402,三芝區,錫板,海尾,61-1
三芝區,福海,,403,三芝區,錫板,海尾,60-1
三芝區,福海,,404,三芝區,錫板,海尾,61
三芝區,福海,,405,三芝區,錫板,海尾,59-6
三芝區,福海,,406,三芝區,錫板,海尾,59-5
三芝區,福海,,407,三芝區,錫板,海尾,59-4
三芝區,福海,,408,三芝區,錫板,海尾,59
三芝區,福海,,409,三芝區,錫板,海尾,63
三芝區,福海,,41,三芝區,錫板,南勢岡,22-11
三芝區,福海,,410,三芝區,錫板,海尾,64
三芝區,福海,,411,三芝區,錫板,海尾,64-2
三芝區,福海,,412,三芝區,錫板,海尾,64-1
三芝區,福海,,413,三芝區,錫板,海尾,67-7
三芝區,福海,,414,三芝區,錫板,海尾,65-3
三芝區,福海,,415,三芝區,錫板,海尾,65
三芝區,福海,,416,三芝區,錫板,海尾,65-5
三芝區,福海,,417,三芝區,錫板,海尾,65-4
三芝區,福海,,418,三芝區,錫板,海尾,68-1
三芝區,福海,,419,三芝區,錫板,海尾,65-20
三芝區,福海,,42,三芝區,錫板,南勢岡,22-7
三芝區,福海,,420,三芝區,錫板,海尾,65-1
三芝區,福海,,421,三芝區,錫板,海尾,68-2
三芝區,福海,,422,三芝區,錫板,海尾,65-19
三芝區,福海,,423,三芝區,錫板,海尾,67-8
三芝區,福海,,424,三芝區,錫板,海尾,65-6
三芝區,福海,,425,三芝區,錫板,海尾,65-7
三芝區,福海,,426,三芝區,錫板,海尾,65-8
三芝區,福海,,427,三芝區,錫板,海尾,68-4
三芝區,福海,,428,三芝區,錫板,海尾,65-9
三芝區,福海,,429,三芝區,錫板,海尾,65-10
三芝區,福海,,43,三芝區,錫板,南勢岡,22-67
三芝區,福海,,430,三芝區,錫板,海尾,65-13
三芝區,福海,,431,三芝區,錫板,海尾,65-12
三芝區,福海,,432,三芝區,錫板,海尾,65-14
三芝區,福海,,433,三芝區,錫板,海尾,65-11
三芝區,福海,,434,三芝區,錫板,海尾,65-15
三芝區,福海,,435,三芝區,錫板,海尾,65-2
三芝區,福海,,436,三芝區,錫板,海尾,66
三芝區,福海,,437,三芝區,錫板,海尾,66-1
三芝區,福海,,438,三芝區,錫板,海尾,65-16
三芝區,福海,,439,三芝區,錫板,海尾,66-5
三芝區,福海,,44,三芝區,錫板,南勢岡,12-5
三芝區,福海,,440,三芝區,錫板,海尾,66-4
三芝區,福海,,441,三芝區,錫板,海尾,67-3
三芝區,福海,,442,三芝區,錫板,海尾,65-17
三芝區,福海,,443,三芝區,錫板,海尾,68-3
三芝區,福海,,444,三芝區,錫板,海尾,65-18
三芝區,福海,,445,三芝區,錫板,海尾,67
三芝區,福海,,446,三芝區,錫板,海尾,67-4
三芝區,福海,,447,三芝區,錫板,海尾,67-6
三芝區,福海,,448,三芝區,錫板,海尾,67-5
三芝區,福海,,449,三芝區,錫板,海尾,68
三芝區,福海,,45,三芝區,錫板,南勢岡,8-19
三芝區,福海,,450,三芝區,錫板,海尾,3-10
三芝區,福海,,451,三芝區,錫板,海尾,3-11
三芝區,福海,,452,三芝區,錫板,海尾,6-21
三芝區,福海,,453,三芝區,錫板,海尾,6-22
三芝區,福海,,454,三芝區,錫板,海尾,6-23
三芝區,福海,,455,三芝區,錫板,海尾,6-24
三芝區,福海,,456,三芝區,錫板,海尾,6-25
三芝區,福海,,457,三芝區,錫板,海尾,6-26
三芝區,福海,,458,三芝區,錫板,海尾,6-27
三芝區,福海,,459,三芝區,錫板,海尾,6-28
三芝區,福海,,46,三芝區,錫板,南勢岡,8-17
三芝區,福海,,460,三芝區,錫板,海尾,6-29
三芝區,福海,,461,三芝區,錫板,海尾,6-30
三芝區,福海,,462,三芝區,錫板,海尾,6-2
三芝區,福海,,463,三芝區,錫板,海尾,3-4
三芝區,福海,,464,三芝區,錫板,海尾,50-3
三芝區,福海,,465,三芝區,錫板,海尾,13-2
三芝區,福海,,466,三芝區,錫板,海尾,12-5
三芝區,福海,,467,三芝區,錫板,海尾,12-6
三芝區,福海,,468,三芝區,錫板,海尾,12
三芝區,福海,,469,三芝區,錫板,海尾,12-1
三芝區,福海,,47,三芝區,錫板,南勢岡,8-2
三芝區,福海,,470,三芝區,錫板,海尾,188
三芝區,福海,,471,三芝區,錫板,海尾,187
三芝區,福海,,472,三芝區,錫板,海尾,12-3
三芝區,福海,,473,三芝區,錫板,海尾,12-4
三芝區,福海,,474,三芝區,錫板,海尾,12-8
三芝區,福海,,475,三芝區,錫板,海尾,10
三芝區,福海,,476,三芝區,錫板,海尾,8-3
三芝區,福海,,477,三芝區,錫板,海尾,10-1
三芝區,福海,,478,三芝區,錫板,海尾,9-3
三芝區,福海,,479,三芝區,錫板,海尾,10-15
三芝區,福海,,48,三芝區,錫板,南勢岡,12-3
三芝區,福海,,480,三芝區,錫板,海尾,9-8
三芝區,福海,,481,三芝區,錫板,海尾,9-7
三芝區,福海,,482,三芝區,錫板,海尾,9-6
三芝區,福海,,483,三芝區,錫板,海尾,10-18
三芝區,福海,,484,三芝區,錫板,海尾,9-2
三芝區,福海,,485,三芝區,錫板,海尾,9-9
三芝區,福海,,486,三芝區,錫板,海尾,9-10
三芝區,福海,,487,三芝區,錫板,海尾,9-11
三芝區,福海,,488,三芝區,錫板,海尾,10-10
三芝區,福海,,489,三芝區,錫板,海尾,10-14
三芝區,福海,,49,三芝區,錫板,南勢岡,12-4
三芝區,福海,,490,三芝區,錫板,海尾,10-13
三芝區,福海,,491,三芝區,錫板,海尾,10-12
三芝區,福海,,492,三芝區,錫板,海尾,10-11
三芝區,福海,,493,三芝區,錫板,海尾,10-2
三芝區,福海,,494,三芝區,錫板,海尾,10-17
三芝區,福海,,495,三芝區,錫板,海尾,10-16
三芝區,福海,,496,三芝區,錫板,海尾,10-9
三芝區,福海,,497,三芝區,錫板,海尾,10-5
三芝區,福海,,498,三芝區,錫板,海尾,10-4
三芝區,福海,,499,三芝區,錫板,海尾,10-3
三芝區,福海,,5,三芝區,錫板,南勢岡,1
三芝區,福海,,50,三芝區,錫板,南勢岡,8-12
三芝區,福海,,500,三芝區,錫板,海尾,10-8
三芝區,福海,,501,三芝區,錫板,海尾,15
三芝區,福海,,502,三芝區,錫板,海尾,15-1
三芝區,福海,,503,三芝區,錫板,海尾,16
三芝區,福海,,504,三芝區,錫板,海尾,17
三芝區,福海,,505,三芝區,錫板,海尾,19
三芝區,福海,,506,三芝區,錫板,海尾,19-2
三芝區,福海,,507,三芝區,錫板,海尾,19-1
三芝區,福海,,508,三芝區,錫板,海尾,19-3
三芝區,福海,,509,三芝區,錫板,海尾,17-1
三芝區,福海,,51,三芝區,錫板,南勢岡,8-13
三芝區,福海,,510,三芝區,錫板,海尾,16-1
三芝區,福海,,511,三芝區,錫板,海尾,18
三芝區,福海,,512,三芝區,錫板,海尾,18-2
三芝區,福海,,513,三芝區,錫板,海尾,18-1
三芝區,福海,,514,三芝區,錫板,海尾,50-1
三芝區,福海,,515,三芝區,錫板,海尾,50-5
三芝區,福海,,516,三芝區,錫板,海尾,50-4
三芝區,福海,,517,三芝區,錫板,海尾,50-2
三芝區,福海,,519,三芝區,錫板,海尾,22-3
三芝區,福海,,52,三芝區,錫板,南勢岡,8-14
三芝區,福海,,520,三芝區,錫板,海尾,6-3
三芝區,福海,,521,三芝區,錫板,海尾,5-3
三芝區,福海,,522,三芝區,錫板,海尾,5-2
三芝區,福海,,523,三芝區,錫板,海尾,4-1
三芝區,福海,,524,三芝區,錫板,海尾,51-1
三芝區,福海,,525,三芝區,錫板,海尾,22-2
三芝區,福海,,526,三芝區,錫板,海尾,3-5
三芝區,福海,,527,三芝區,錫板,海尾,56-1
三芝區,福海,,529,三芝區,錫板,海尾,22-24
三芝區,福海,,53,三芝區,錫板,南勢岡,8-15
三芝區,福海,,530,三芝區,錫板,海尾,22-17
三芝區,福海,,531,三芝區,錫板,海尾,22-23
三芝區,福海,,532,三芝區,錫板,海尾,22-22
三芝區,福海,,533,三芝區,錫板,海尾,22-20
三芝區,福海,,534,三芝區,錫板,海尾,22-21
三芝區,福海,,535,三芝區,錫板,海尾,22-16
三芝區,福海,,536,三芝區,錫板,海尾,22-19
三芝區,福海,,537,三芝區,錫板,海尾,22-15
三芝區,福海,,538,三芝區,錫板,海尾,50
三芝區,福海,,539,三芝區,錫板,海尾,20-8
三芝區,福海,,54,三芝區,錫板,南勢岡,7-27
三芝區,福海,,540,三芝區,錫板,海尾,20-10
三芝區,福海,,541,三芝區,錫板,海尾,20-4
三芝區,福海,,542,三芝區,錫板,海尾,20-11
三芝區,福海,,543,三芝區,錫板,海尾,20-5
三芝區,福海,,544,三芝區,錫板,海尾,20-12
三芝區,福海,,545,三芝區,錫板,海尾,20-7
三芝區,福海,,546,三芝區,錫板,海尾,20-2
三芝區,福海,,547,三芝區,錫板,海尾,20-9
三芝區,福海,,548,三芝區,錫板,海尾,20-3
三芝區,福海,,549,三芝區,錫板,海尾,20-6
三芝區,福海,,55,三芝區,錫板,南勢岡,7-31
三芝區,福海,,550,三芝區,錫板,海尾,22-8
三芝區,福海,,551,三芝區,錫板,海尾,21-1
三芝區,福海,,552,三芝區,錫板,海尾,21-3
三芝區,福海,,553,三芝區,錫板,海尾,21-2
三芝區,福海,,554,三芝區,錫板,海尾,21-4
三芝區,福海,,555,三芝區,錫板,海尾,50-6
三芝區,福海,,556,三芝區,錫板,海尾,22-14
三芝區,福海,,557,三芝區,錫板,海尾,22-18
三芝區,福海,,558,三芝區,錫板,海尾,22
三芝區,福海,,559,三芝區,錫板,海尾,22-25
三芝區,福海,,56,三芝區,錫板,南勢岡,7-30
三芝區,福海,,560,三芝區,錫板,海尾,22-26
三芝區,福海,,561,三芝區,錫板,海尾,22-27
三芝區,福海,,563,三芝區,錫板,海尾,58
三芝區,福海,,564,三芝區,錫板,海尾,59-2
三芝區,福海,,566,三芝區,錫板,海尾,58-7
三芝區,福海,,567,三芝區,錫板,海尾,58-6
三芝區,福海,,568,三芝區,錫板,海尾,58-1
三芝區,福海,,569,三芝區,錫板,海尾,58-24
三芝區,福海,,57,三芝區,錫板,南勢岡,6-10
三芝區,福海,,570,三芝區,錫板,海尾,58-28
三芝區,福海,,571,三芝區,錫板,海尾,58-4
三芝區,福海,,572,三芝區,錫板,海尾,58-23
三芝區,福海,,573,三芝區,錫板,海尾,58-26
三芝區,福海,,574,三芝區,錫板,海尾,58-22
三芝區,福海,,575,三芝區,錫板,海尾,58-21
三芝區,福海,,576,三芝區,錫板,海尾,58-20
三芝區,福海,,577,三芝區,錫板,海尾,58-2
三芝區,福海,,578,三芝區,錫板,海尾,58-10
三芝區,福海,,579,三芝區,錫板,海尾,58-9
三芝區,福海,,58,三芝區,錫板,南勢岡,8-4
三芝區,福海,,580,三芝區,錫板,海尾,58-19
三芝區,福海,,581,三芝區,錫板,海尾,58-18
三芝區,福海,,582,三芝區,錫板,海尾,58-8
三芝區,福海,,583,三芝區,錫板,海尾,108
三芝區,福海,,584,三芝區,錫板,海尾,108-2
三芝區,福海,,585,三芝區,錫板,海尾,108-1
三芝區,福海,,586,三芝區,錫板,海尾,22-1
三芝區,福海,,587,三芝區,錫板,海尾,22-7
三芝區,福海,,588,三芝區,錫板,海尾,54-2
三芝區,福海,,589,三芝區,錫板,海尾,54-1
三芝區,福海,,59,三芝區,錫板,南勢岡,6-3
三芝區,福海,,590,三芝區,錫板,海尾,22-6
三芝區,福海,,591,三芝區,錫板,海尾,22-10
三芝區,福海,,592,三芝區,錫板,海尾,22-9
三芝區,福海,,593,三芝區,錫板,海尾,22-11
三芝區,福海,,594,三芝區,錫板,海尾,22-12
三芝區,福海,,595,三芝區,錫板,海尾,22-13
三芝區,福海,,597,三芝區,錫板,海尾,109-30
三芝區,福海,,598,三芝區,錫板,海尾,109-33
三芝區,福海,,599,三芝區,錫板,海尾,109-31
三芝區,福海,,60,三芝區,錫板,南勢岡,7-16
三芝區,福海,,600,三芝區,錫板,海尾,109-29
三芝區,福海,,601,三芝區,錫板,海尾,109-28
三芝區,福海,,603,三芝區,錫板,海尾,107-1
三芝區,福海,,604,三芝區,錫板,海尾,107-3
三芝區,福海,,605,三芝區,錫板,海尾,107-5
三芝區,福海,,606,三芝區,錫板,海尾,107
三芝區,福海,,607,三芝區,錫板,海尾,107-4
三芝區,福海,,608,三芝區,錫板,海尾,106-2
三芝區,福海,,609,三芝區,錫板,海尾,106
三芝區,福海,,61,三芝區,錫板,南勢岡,7-15
三芝區,福海,,610,三芝區,錫板,海尾,106-1
三芝區,福海,,611,三芝區,錫板,海尾,104
三芝區,福海,,612,三芝區,錫板,海尾,102
三芝區,福海,,613,三芝區,錫板,海尾,103
三芝區,福海,,614,三芝區,錫板,海尾,104-1
三芝區,福海,,615,三芝區,錫板,海尾,66-3
三芝區,福海,,616,三芝區,錫板,海尾,103-1
三芝區,福海,,617,三芝區,錫板,海尾,66-2
三芝區,福海,,618,三芝區,錫板,海尾,98-2
三芝區,福海,,619,三芝區,錫板,海尾,98
三芝區,福海,,62,三芝區,錫板,南勢岡,7-14
三芝區,福海,,620,三芝區,錫板,海尾,98-1
三芝區,福海,,621,三芝區,錫板,海尾,99
三芝區,福海,,622,三芝區,錫板,海尾,99-1
三芝區,福海,,623,三芝區,錫板,海尾,101
三芝區,福海,,624,三芝區,錫板,海尾,109-17
三芝區,福海,,625,三芝區,錫板,海尾,109-18
三芝區,福海,,626,三芝區,錫板,海尾,110
三芝區,福海,,627,三芝區,錫板,海尾,109-21
三芝區,福海,,628,三芝區,錫板,海尾,109-25
三芝區,福海,,629,三芝區,錫板,海尾,109-26
三芝區,福海,,63,三芝區,錫板,南勢岡,7-13
三芝區,福海,,630,三芝區,錫板,海尾,109-27
三芝區,福海,,631,三芝區,錫板,海尾,109-24
三芝區,福海,,632,三芝區,錫板,海尾,109-23
三芝區,福海,,633,三芝區,錫板,海尾,109-22
三芝區,福海,,634,三芝區,錫板,海尾,111
三芝區,福海,,635,三芝區,錫板,海尾,109-34
三芝區,福海,,636,三芝區,錫板,海尾,109-20
三芝區,福海,,637,三芝區,錫板,海尾,109-19
三芝區,福海,,638,三芝區,錫板,海尾,113
三芝區,福海,,639,三芝區,錫板,海尾,114-3
三芝區,福海,,64,三芝區,錫板,南勢岡,7-12
三芝區,福海,,640,三芝區,錫板,海尾,109
三芝區,福海,,641,三芝區,錫板,海尾,112
三芝區,福海,,642,三芝區,錫板,海尾,114-2
三芝區,福海,,643,三芝區,錫板,海尾,114-4
三芝區,福海,,645,三芝區,錫板,海尾,85
三芝區,福海,,646,三芝區,錫板,海尾,86
三芝區,福海,,647,三芝區,錫板,海尾,84-1
三芝區,福海,,648,三芝區,錫板,海尾,84
三芝區,福海,,649,三芝區,錫板,海尾,115
三芝區,福海,,65,三芝區,錫板,南勢岡,8-3
三芝區,福海,,650,三芝區,錫板,海尾,114
三芝區,福海,,651,三芝區,錫板,海尾,97
三芝區,福海,,653,三芝區,錫板,海尾,67-2
三芝區,福海,,654,三芝區,錫板,海尾,67-1
三芝區,福海,,655,三芝區,錫板,海尾,97-1
三芝區,福海,,656,三芝區,錫板,海尾,96-1
三芝區,福海,,657,三芝區,錫板,海尾,96
三芝區,福海,,658,三芝區,錫板,海尾,70-2
三芝區,福海,,659,三芝區,錫板,海尾,70-1
三芝區,福海,,66,三芝區,錫板,南勢岡,7-24
三芝區,福海,,660,三芝區,錫板,海尾,70
三芝區,福海,,661,三芝區,錫板,海尾,65-21
三芝區,福海,,662,三芝區,錫板,海尾,69
三芝區,福海,,663,三芝區,錫板,海尾,191
三芝區,福海,,665,三芝區,錫板,海尾,71
三芝區,福海,,666,三芝區,錫板,海尾,71-2
三芝區,福海,,667,三芝區,錫板,南勢岡,71-3
三芝區,福海,,668,三芝區,錫板,海尾,71-3
三芝區,福海,,669,三芝區,錫板,海尾,71-4
三芝區,福海,,67,三芝區,錫板,南勢岡,4-3
三芝區,福海,,670,三芝區,錫板,海尾,95
三芝區,福海,,671,三芝區,錫板,海尾,95-1
三芝區,福海,,672,三芝區,錫板,海尾,94
三芝區,福海,,673,三芝區,錫板,海尾,93
三芝區,福海,,674,三芝區,錫板,海尾,92-1
三芝區,福海,,675,三芝區,錫板,海尾,92
三芝區,福海,,676,三芝區,錫板,海尾,87
三芝區,福海,,677,三芝區,錫板,海尾,89
三芝區,福海,,678,三芝區,錫板,海尾,72-2
三芝區,福海,,679,三芝區,錫板,海尾,72-4
三芝區,福海,,68,三芝區,錫板,南勢岡,3-10
三芝區,福海,,680,三芝區,錫板,海尾,72-6
三芝區,福海,,681,三芝區,錫板,海尾,72-3
三芝區,福海,,682,三芝區,錫板,海尾,72-5
三芝區,福海,,683,三芝區,錫板,海尾,72
三芝區,福海,,684,三芝區,錫板,海尾,72-1
三芝區,福海,,685,三芝區,錫板,南勢岡,75-7
三芝區,福海,,686,三芝區,錫板,南勢岡,75-3
三芝區,福海,,687,三芝區,錫板,南勢岡,75-6
三芝區,福海,,688,三芝區,錫板,南勢岡,75-5
三芝區,福海,,689,三芝區,錫板,南勢岡,75-2
三芝區,福海,,69,三芝區,錫板,南勢岡,4
三芝區,福海,,690,三芝區,錫板,南勢岡,75-4
三芝區,福海,,691,三芝區,錫板,南勢岡,71
三芝區,福海,,692,三芝區,錫板,南勢岡,68
三芝區,福海,,693,三芝區,錫板,南勢岡,71-1
三芝區,福海,,694,三芝區,錫板,南勢岡,70
三芝區,福海,,695,三芝區,錫板,南勢岡,67
三芝區,福海,,696,三芝區,錫板,南勢岡,68-1
三芝區,福海,,697,三芝區,錫板,南勢岡,83
三芝區,福海,,699,三芝區,錫板,山豬堀,2-8
三芝區,福海,,7,三芝區,錫板,南勢岡,22-15
三芝區,福海,,70,三芝區,錫板,南勢岡,3-2
三芝區,福海,,700,三芝區,錫板,山豬堀,1-3
三芝區,福海,,701,三芝區,錫板,山豬堀,2-7
三芝區,福海,,702,三芝區,錫板,山豬堀,3
三芝區,福海,,704,三芝區,錫板,山豬堀,4
三芝區,福海,,706,三芝區,錫板,山豬堀,6-1
三芝區,福海,,707,三芝區,錫板,山豬堀,5
三芝區,福海,,708,三芝區,錫板,山豬堀,6-2
三芝區,福海,,709,三芝區,錫板,山豬堀,7
三芝區,福海,,71,三芝區,錫板,南勢岡,4-7
三芝區,福海,,710,三芝區,錫板,山豬堀,6-3
三芝區,福海,,711,三芝區,錫板,山豬堀,6-4
三芝區,福海,,712,三芝區,錫板,山豬堀,6
三芝區,福海,,714,三芝區,錫板,山豬堀,11
三芝區,福海,,715,三芝區,錫板,山豬堀,15-1
三芝區,福海,,716,三芝區,錫板,山豬堀,15
三芝區,福海,,717,三芝區,錫板,山豬堀,9
三芝區,福海,,718,三芝區,錫板,山豬堀,14
三芝區,福海,,719,三芝區,錫板,山豬堀,21
三芝區,福海,,72,三芝區,錫板,南勢岡,4-5
三芝區,福海,,720,三芝區,錫板,山豬堀,9-3
三芝區,福海,,721,三芝區,錫板,山豬堀,22
三芝區,福海,,722,三芝區,錫板,山豬堀,25
三芝區,福海,,723,三芝區,錫板,山豬堀,25-2
三芝區,福海,,724,三芝區,錫板,山豬堀,25-1
三芝區,福海,,725,三芝區,錫板,山豬堀,24
三芝區,福海,,726,三芝區,錫板,山豬堀,23
三芝區,福海,,727,三芝區,錫板,山豬堀,37
三芝區,福海,,728,三芝區,錫板,山豬堀,25-3
三芝區,福海,,729,三芝區,錫板,山豬堀,26
三芝區,福海,,73,三芝區,錫板,南勢岡,4-6
三芝區,福海,,731,三芝區,錫板,山豬堀,27
三芝區,福海,,732,三芝區,錫板,山豬堀,28
三芝區,福海,,733,三芝區,錫板,山豬堀,2
三芝區,福海,,734,三芝區,錫板,山豬堀,2-2
三芝區,福海,,735,三芝區,錫板,山豬堀,2-3
三芝區,福海,,736,三芝區,錫板,山豬堀,2-1
三芝區,福海,,737,三芝區,錫板,山豬堀,2-4
三芝區,福海,,738,三芝區,錫板,山豬堀,2-5
三芝區,福海,,739,三芝區,錫板,山豬堀,2-6
三芝區,福海,,74,三芝區,錫板,南勢岡,4-4
三芝區,福海,,740,三芝區,錫板,山豬堀,1-2
三芝區,福海,,741,三芝區,錫板,山豬堀,1-1
三芝區,福海,,742,三芝區,錫板,山豬堀,1
三芝區,福海,,743,三芝區,錫板,南勢岡,89
三芝區,福海,,745,三芝區,錫板,南勢岡,86
三芝區,福海,,746,三芝區,錫板,南勢岡,85
三芝區,福海,,747,三芝區,錫板,南勢岡,79-1
三芝區,福海,,748,三芝區,錫板,南勢岡,84
三芝區,福海,,749,三芝區,錫板,南勢岡,81
三芝區,福海,,75,三芝區,錫板,南勢岡,5-5
三芝區,福海,,750,三芝區,錫板,南勢岡,79-4
三芝區,福海,,751,三芝區,錫板,南勢岡,80
三芝區,福海,,752,三芝區,錫板,南勢岡,79-2
三芝區,福海,,753,三芝區,錫板,南勢岡,81-1
三芝區,福海,,754,三芝區,錫板,南勢岡,79-6
三芝區,福海,,756,三芝區,錫板,海尾,190
三芝區,福海,,757,三芝區,錫板,南勢岡,80-1
三芝區,福海,,758,三芝區,錫板,南勢岡,79-3
三芝區,福海,,76,三芝區,錫板,南勢岡,5-7
三芝區,福海,,760,三芝區,錫板,南勢岡,79-5
三芝區,福海,,761,三芝區,錫板,南勢岡,78
三芝區,福海,,762,三芝區,錫板,南勢岡,78-1
三芝區,福海,,763,三芝區,錫板,南勢岡,77
三芝區,福海,,764,三芝區,錫板,海尾,142-3
三芝區,福海,,765,三芝區,錫板,海尾,142-2
三芝區,福海,,766,三芝區,錫板,海尾,140-3
三芝區,福海,,767,三芝區,錫板,海尾,140-2
三芝區,福海,,768,三芝區,錫板,海尾,75
三芝區,福海,,769,三芝區,錫板,海尾,75-1
三芝區,福海,,77,三芝區,錫板,南勢岡,6-4
三芝區,福海,,770,三芝區,錫板,海尾,76-3
三芝區,福海,,771,三芝區,錫板,海尾,76-2
三芝區,福海,,772,三芝區,錫板,海尾,74
三芝區,福海,,773,三芝區,錫板,海尾,74-1
三芝區,福海,,774,三芝區,錫板,海尾,73
三芝區,福海,,775,三芝區,錫板,海尾,73-2
三芝區,福海,,776,三芝區,錫板,海尾,73-4
三芝區,福海,,777,三芝區,錫板,海尾,73-1
三芝區,福海,,778,三芝區,錫板,海尾,73-3
三芝區,福海,,779,三芝區,錫板,海尾,74-2
三芝區,福海,,78,三芝區,錫板,南勢岡,6-9
三芝區,福海,,780,三芝區,錫板,海尾,76
三芝區,福海,,781,三芝區,錫板,海尾,76-1
三芝區,福海,,782,三芝區,錫板,海尾,75-2
三芝區,福海,,783,三芝區,錫板,海尾,140-1
三芝區,福海,,784,三芝區,錫板,海尾,140
三芝區,福海,,785,三芝區,錫板,海尾,141
三芝區,福海,,786,三芝區,錫板,海尾,141-1
三芝區,福海,,787,三芝區,錫板,海尾,141-2
三芝區,福海,,788,三芝區,錫板,海尾,141-3
三芝區,福海,,789,三芝區,錫板,海尾,141-4
三芝區,福海,,79,三芝區,錫板,南勢岡,6-11
三芝區,福海,,790,三芝區,錫板,海尾,141-5
三芝區,福海,,791,三芝區,錫板,海尾,145
三芝區,福海,,792,三芝區,錫板,海尾,141-6
三芝區,福海,,793,三芝區,錫板,海尾,141-7
三芝區,福海,,794,三芝區,錫板,海尾,146
三芝區,福海,,795,三芝區,錫板,海尾,141-8
三芝區,福海,,796,三芝區,錫板,海尾,144-3
三芝區,福海,,797,三芝區,錫板,南勢岡,87-1
三芝區,福海,,798,三芝區,錫板,南勢岡,87
三芝區,福海,,799,三芝區,錫板,南勢岡,79
三芝區,福海,,8,三芝區,錫板,南勢岡,22-14
三芝區,福海,,80,三芝區,錫板,南勢岡,6-12
三芝區,福海,,801,三芝區,錫板,山豬堀,29
三芝區,福海,,802,三芝區,錫板,山豬堀,30-1
三芝區,福海,,803,三芝區,錫板,山豬堀,30
三芝區,福海,,804,三芝區,錫板,山豬堀,30-2
三芝區,福海,,807,三芝區,錫板,山豬堀,34
三芝區,福海,,808,三芝區,錫板,山豬堀,36
三芝區,福海,,809,三芝區,錫板,山豬堀,33
三芝區,福海,,81,三芝區,錫板,南勢岡,7-17
三芝區,福海,,810,三芝區,錫板,山豬堀,32
三芝區,福海,,811,三芝區,錫板,山豬堀,39-3
三芝區,福海,,812,三芝區,錫板,山豬堀,38-1
三芝區,福海,,813,三芝區,錫板,山豬堀,40-1
三芝區,福海,,814,三芝區,錫板,山豬堀,39
三芝區,福海,,815,三芝區,錫板,山豬堀,38
三芝區,福海,,816,三芝區,錫板,山豬堀,43
三芝區,福海,,817,三芝區,錫板,山豬堀,44
三芝區,福海,,818,三芝區,錫板,山豬堀,45
三芝區,福海,,819,三芝區,錫板,山豬堀,45-1
三芝區,福海,,82,三芝區,錫板,南勢岡,7-26
三芝區,福海,,820,三芝區,錫板,山豬堀,42-1
三芝區,福海,,821,三芝區,錫板,山豬堀,42
三芝區,福海,,822,三芝區,錫板,山豬堀,44-1
三芝區,福海,,823,三芝區,錫板,山豬堀,40
三芝區,福海,,824,三芝區,錫板,山豬堀,39-1
三芝區,福海,,825,三芝區,錫板,山豬堀,48
三芝區,福海,,826,三芝區,錫板,山豬堀,48-1
三芝區,福海,,827,三芝區,錫板,山豬堀,84
三芝區,福海,,828,三芝區,錫板,山豬堀,50
三芝區,福海,,829,三芝區,錫板,山豬堀,50-1
三芝區,福海,,83,三芝區,錫板,南勢岡,7-25
三芝區,福海,,830,三芝區,錫板,山豬堀,47
三芝區,福海,,831,三芝區,錫板,山豬堀,47-1
三芝區,福海,,832,三芝區,錫板,山豬堀,31
三芝區,福海,,833,三芝區,錫板,山豬堀,31-1
三芝區,福海,,834,三芝區,錫板,南勢岡,89-1
三芝區,福海,,835,三芝區,錫板,南勢岡,88
三芝區,福海,,836,三芝區,錫板,南勢岡,79-9
三芝區,福海,,837,三芝區,錫板,南勢岡,88-2
三芝區,福海,,838,三芝區,錫板,南勢岡,90
三芝區,福海,,839,三芝區,錫板,南勢岡,90-3
三芝區,福海,,84,三芝區,錫板,南勢岡,7-29
三芝區,福海,,840,三芝區,錫板,南勢岡,90-2
三芝區,福海,,841,三芝區,錫板,南勢岡,90-1
三芝區,福海,,842,三芝區,錫板,南勢岡,88-1
三芝區,福海,,843,三芝區,錫板,南勢岡,79-8
三芝區,福海,,845,三芝區,錫板,南勢岡,79-7
三芝區,福海,,846,三芝區,錫板,海尾,171-5
三芝區,福海,,847,三芝區,錫板,海尾,171-4
三芝區,福海,,848,三芝區,錫板,海尾,172-1
三芝區,福海,,849,三芝區,錫板,海尾,173-2
三芝區,福海,,85,三芝區,錫板,南勢岡,7-28
三芝區,福海,,850,三芝區,錫板,海尾,173-1
三芝區,福海,,851,三芝區,錫板,海尾,173
三芝區,福海,,852,三芝區,錫板,海尾,170
三芝區,福海,,853,三芝區,錫板,海尾,170-1
三芝區,福海,,854,三芝區,錫板,海尾,171-8
三芝區,福海,,855,三芝區,錫板,海尾,172
三芝區,福海,,856,三芝區,錫板,海尾,171
三芝區,福海,,857,三芝區,錫板,海尾,171-6
三芝區,福海,,858,三芝區,錫板,海尾,171-7
三芝區,福海,,86,三芝區,錫板,南勢岡,5-4
三芝區,福海,,861,三芝區,錫板,海尾,141-9
三芝區,福海,,862,三芝區,錫板,海尾,147-1
三芝區,福海,,863,三芝區,錫板,海尾,148-4
三芝區,福海,,864,三芝區,錫板,海尾,148-2
三芝區,福海,,865,三芝區,錫板,海尾,148-3
三芝區,福海,,866,三芝區,錫板,海尾,148-5
三芝區,福海,,869,三芝區,錫板,海尾,148-7
三芝區,福海,,87,三芝區,錫板,南勢岡,5-6
三芝區,福海,,870,三芝區,錫板,海尾,148-6
三芝區,福海,,871,三芝區,錫板,海尾,148
三芝區,福海,,872,三芝區,錫板,海尾,139
三芝區,福海,,873,三芝區,錫板,海尾,77
三芝區,福海,,874,三芝區,錫板,海尾,78-1
三芝區,福海,,875,三芝區,錫板,海尾,78
三芝區,福海,,876,三芝區,錫板,海尾,83-1
三芝區,福海,,877,三芝區,錫板,海尾,114-1
三芝區,福海,,878,三芝區,錫板,海尾,116
三芝區,福海,,879,三芝區,錫板,海尾,116-1
三芝區,福海,,88,三芝區,錫板,南勢岡,5-3
三芝區,福海,,881,三芝區,錫板,海尾,83
三芝區,福海,,882,三芝區,錫板,海尾,83-2
三芝區,福海,,883,三芝區,錫板,海尾,83-3
三芝區,福海,,884,三芝區,錫板,海尾,78-2
三芝區,福海,,885,三芝區,錫板,海尾,137-1
三芝區,福海,,886,三芝區,錫板,海尾,136-3
三芝區,福海,,887,三芝區,錫板,海尾,136-4
三芝區,福海,,888,三芝區,錫板,海尾,151
三芝區,福海,,889,三芝區,錫板,海尾,151-1
三芝區,福海,,89,三芝區,錫板,南勢岡,7-5
三芝區,福海,,890,三芝區,錫板,海尾,152-1
三芝區,福海,,891,三芝區,錫板,海尾,150
三芝區,福海,,892,三芝區,錫板,海尾,149
三芝區,福海,,894,三芝區,錫板,海尾,153-1
三芝區,福海,,895,三芝區,錫板,海尾,153-5
三芝區,福海,,896,三芝區,錫板,海尾,153-2
三芝區,福海,,897,三芝區,錫板,海尾,153-3
三芝區,福海,,898,三芝區,錫板,海尾,153-4
三芝區,福海,,899,三芝區,錫板,海尾,152
三芝區,福海,,9,三芝區,錫板,南勢岡,22-16
三芝區,福海,,90,三芝區,錫板,南勢岡,7-18
三芝區,福海,,901,三芝區,錫板,海尾,154
三芝區,福海,,902,三芝區,錫板,海尾,154-1
三芝區,福海,,904,三芝區,錫板,海尾,153-6
三芝區,福海,,905,三芝區,錫板,海尾,153
三芝區,福海,,906,三芝區,錫板,海尾,153-8
三芝區,福海,,907,三芝區,錫板,海尾,153-7
三芝區,福海,,908,三芝區,錫板,海尾,155
三芝區,福海,,909,三芝區,錫板,海尾,155-12
三芝區,福海,,91,三芝區,錫板,南勢岡,7-2
三芝區,福海,,910,三芝區,錫板,海尾,155-2
三芝區,福海,,911,三芝區,錫板,海尾,155-13
三芝區,福海,,912,三芝區,錫板,海尾,155-4
三芝區,福海,,913,三芝區,錫板,海尾,155-3
三芝區,福海,,914,三芝區,錫板,海尾,155-5
三芝區,福海,,915,三芝區,錫板,海尾,155-6
三芝區,福海,,916,三芝區,錫板,海尾,155-1
三芝區,福海,,917,三芝區,錫板,海尾,156-2
三芝區,福海,,918,三芝區,錫板,海尾,156-1
三芝區,福海,,919,三芝區,錫板,海尾,157
三芝區,福海,,92,三芝區,錫板,南勢岡,28-2
三芝區,福海,,920,三芝區,錫板,海尾,155-11
三芝區,福海,,921,三芝區,錫板,海尾,155-7
三芝區,福海,,922,三芝區,錫板,海尾,155-8
三芝區,福海,,923,三芝區,錫板,海尾,155-9
三芝區,福海,,924,三芝區,錫板,海尾,159
三芝區,福海,,925,三芝區,錫板,海尾,159-1
三芝區,福海,,926,三芝區,錫板,海尾,160
三芝區,福海,,928,三芝區,錫板,海尾,158-1
三芝區,福海,,929,三芝區,錫板,海尾,158
三芝區,福海,,93,三芝區,錫板,南勢岡,7-23
三芝區,福海,,930,三芝區,錫板,海尾,161
三芝區,福海,,931,三芝區,錫板,海尾,161-1
三芝區,福海,,932,三芝區,錫板,海尾,161-2
三芝區,福海,,933,三芝區,錫板,海尾,155-10
三芝區,福海,,934,三芝區,錫板,海尾,167
三芝區,福海,,935,三芝區,錫板,海尾,168
三芝區,福海,,936,三芝區,錫板,海尾,166
三芝區,福海,,937,三芝區,錫板,海尾,165
三芝區,福海,,938,三芝區,錫板,海尾,169
三芝區,福海,,939,三芝區,錫板,海尾,165-1
三芝區,福海,,94,三芝區,錫板,南勢岡,28-1
三芝區,福海,,940,三芝區,錫板,海尾,178
三芝區,福海,,941,三芝區,錫板,海尾,177
三芝區,福海,,943,三芝區,錫板,海尾,176-1
三芝區,福海,,945,三芝區,錫板,海尾,175
三芝區,福海,,946,三芝區,錫板,海尾,174
三芝區,福海,,947,三芝區,錫板,海尾,184-1
三芝區,福海,,948,三芝區,錫板,海尾,184
三芝區,福海,,949,三芝區,錫板,海尾,176
三芝區,福海,,95,三芝區,錫板,南勢岡,28
三芝區,福海,,950,三芝區,錫板,海尾,183-1
三芝區,福海,,951,三芝區,錫板,海尾,183
三芝區,福海,,952,三芝區,錫板,海尾,182
三芝區,福海,,953,三芝區,錫板,海尾,180-1
三芝區,福海,,954,三芝區,錫板,海尾,180
三芝區,福海,,955,三芝區,錫板,海尾,181
三芝區,福海,,956,三芝區,錫板,海尾,181-1
三芝區,福海,,957,三芝區,錫板,海尾,179
三芝區,福海,,958,三芝區,錫板,海尾,179-1
三芝區,福海,,959,三芝區,錫板,海尾,164
三芝區,福海,,96,三芝區,錫板,南勢岡,28-3
三芝區,福海,,960,三芝區,錫板,海尾,164-1
三芝區,福海,,962,三芝區,錫板,海尾,163
三芝區,福海,,963,三芝區,錫板,海尾,162
三芝區,福海,,964,三芝區,錫板,海尾,162-3
三芝區,福海,,965,三芝區,錫板,海尾,162-4
三芝區,福海,,966,三芝區,錫板,海尾,162-2
三芝區,福海,,967,三芝區,錫板,山豬堀,94-6
三芝區,福海,,968,三芝區,錫板,山豬堀,93-1
三芝區,福海,,969,三芝區,錫板,山豬堀,94-3
三芝區,福海,,97,三芝區,錫板,南勢岡,7-22
三芝區,福海,,970,三芝區,錫板,山豬堀,93
三芝區,福海,,971,三芝區,錫板,山豬堀,91
三芝區,福海,,972,三芝區,錫板,山豬堀,92
三芝區,福海,,973,三芝區,錫板,山豬堀,90
三芝區,福海,,974,三芝區,錫板,山豬堀,88
三芝區,福海,,975,三芝區,錫板,山豬堀,87-1
三芝區,福海,,976,三芝區,錫板,山豬堀,87
三芝區,福海,,977,三芝區,錫板,山豬堀,85
三芝區,福海,,978,三芝區,錫板,山豬堀,82
三芝區,福海,,979,三芝區,錫板,山豬堀,81
三芝區,福海,,98,三芝區,錫板,南勢岡,7-21
三芝區,福海,,980,三芝區,錫板,山豬堀,83
三芝區,福海,,982,三芝區,錫板,山豬堀,74
三芝區,福海,,983,三芝區,錫板,山豬堀,73
三芝區,福海,,984,三芝區,錫板,山豬堀,55
三芝區,福海,,985,三芝區,錫板,山豬堀,65-1
三芝區,福海,,986,三芝區,錫板,山豬堀,56
三芝區,福海,,987,三芝區,錫板,山豬堀,65
三芝區,福海,,988,三芝區,錫板,山豬堀,57
三芝區,福海,,989,三芝區,錫板,山豬堀,63
三芝區,福海,,99,三芝區,錫板,南勢岡,7-20
三芝區,福海,,990,三芝區,錫板,山豬堀,65-2
三芝區,福海,,991,三芝區,錫板,山豬堀,55-1
三芝區,福海,,992,三芝區,錫板,山豬堀,66-2
三芝區,福海,,993,三芝區,錫板,山豬堀,66-1
三芝區,福海,,994,三芝區,錫板,山豬堀,66
三芝區,福海,,995,三芝區,錫板,山豬堀,67
三芝區,福海,,996,三芝區,錫板,山豬堀,67-1
三芝區,福海,,997,三芝區,錫板,山豬堀,67-2
三芝區,福海,,998,三芝區,錫板,山豬堀,67-3
三芝區,福海,,999,三芝區,錫板,山豬堀,67-4
三芝區,芝柏,,10,三芝區,新小基隆,陳厝坑,137-1
三芝區,芝柏,,100,三芝區,新小基隆,埔頭坑,19
三芝區,芝柏,,1000,三芝區,新小基隆,埔頭坑,215
三芝區,芝柏,,1001,三芝區,新小基隆,埔頭坑,217-11
三芝區,芝柏,,1002,三芝區,新小基隆,埔頭坑,217-8
三芝區,芝柏,,1003,三芝區,新小基隆,埔頭坑,217-7
三芝區,芝柏,,1004,三芝區,新小基隆,埔頭坑,217-6
三芝區,芝柏,,1005,三芝區,新小基隆,埔頭坑,217
三芝區,芝柏,,1007,三芝區,新小基隆,埔頭坑,214-6
三芝區,芝柏,,1008,三芝區,新小基隆,埔頭坑,214-13
三芝區,芝柏,,101,三芝區,新小基隆,陳厝坑,136-1
三芝區,芝柏,,1010,三芝區,新小基隆,埔頭坑,219
三芝區,芝柏,,1013,三芝區,新小基隆,埔頭坑,217-3
三芝區,芝柏,,1014,三芝區,新小基隆,埔頭坑,222
三芝區,芝柏,,1015,三芝區,新小基隆,埔頭坑,220
三芝區,芝柏,,1016,三芝區,新小基隆,埔頭坑,217-10
三芝區,芝柏,,1017,三芝區,新小基隆,埔頭坑,222-3
三芝區,芝柏,,1018,三芝區,新小基隆,埔頭坑,217-9
三芝區,芝柏,,1019,三芝區,新小基隆,埔頭坑,217-4
三芝區,芝柏,,102,三芝區,新小基隆,陳厝坑,136
三芝區,芝柏,,1020,三芝區,新小基隆,埔頭坑,217-5
三芝區,芝柏,,1021,三芝區,新小基隆,埔頭坑,221
三芝區,芝柏,,1022,三芝區,新小基隆,埔頭坑,219-1
三芝區,芝柏,,1023,三芝區,新小基隆,埔頭坑,219-2
三芝區,芝柏,,1025,三芝區,新小基隆,埔頭坑,219-5
三芝區,芝柏,,1026,三芝區,新小基隆,埔頭坑,219-4
三芝區,芝柏,,1027,三芝區,新小基隆,埔頭坑,219-7
三芝區,芝柏,,1029,三芝區,新小基隆,埔頭坑,219-6
三芝區,芝柏,,1030,三芝區,新小基隆,埔頭坑,222-7
三芝區,芝柏,,1031,三芝區,新小基隆,埔頭坑,222-2
三芝區,芝柏,,1032,三芝區,新小基隆,埔頭坑,222-8
三芝區,芝柏,,1033,三芝區,新小基隆,埔頭坑,222-4
三芝區,芝柏,,1034,三芝區,新小基隆,埔頭坑,222-5
三芝區,芝柏,,1036,三芝區,新小基隆,埔頭坑,222-9
三芝區,芝柏,,1037,三芝區,新小基隆,埔頭坑,222-1
三芝區,芝柏,,1038,三芝區,新小基隆,陳厝坑,52-9
三芝區,芝柏,,104,三芝區,新小基隆,陳厝坑,117
三芝區,芝柏,,1040,三芝區,新小基隆,埔頭坑,222-6
三芝區,芝柏,,1041,三芝區,新小基隆,埔頭坑,226
三芝區,芝柏,,1042,三芝區,新小基隆,埔頭坑,226-1
三芝區,芝柏,,1043,三芝區,新小基隆,埔頭坑,227
三芝區,芝柏,,1044,三芝區,新小基隆,埔頭坑,226-6
三芝區,芝柏,,1045,三芝區,新小基隆,埔頭坑,232-2
三芝區,芝柏,,1046,三芝區,新小基隆,埔頭坑,233
三芝區,芝柏,,1047,三芝區,新小基隆,埔頭坑,232
三芝區,芝柏,,1048,三芝區,新小基隆,埔頭坑,232-3
三芝區,芝柏,,105,三芝區,新小基隆,陳厝坑,118
三芝區,芝柏,,1051,三芝區,新小基隆,埔頭坑,226-5
三芝區,芝柏,,1052,三芝區,新小基隆,埔頭坑,228-1
三芝區,芝柏,,1053,三芝區,新小基隆,埔頭坑,228
三芝區,芝柏,,1054,三芝區,新小基隆,埔頭坑,230-5
三芝區,芝柏,,1055,三芝區,新小基隆,埔頭坑,230-1
三芝區,芝柏,,1056,三芝區,新小基隆,埔頭坑,229
三芝區,芝柏,,1057,三芝區,新小基隆,埔頭坑,230
三芝區,芝柏,,1058,三芝區,新小基隆,埔頭坑,231-3
三芝區,芝柏,,1059,三芝區,新小基隆,埔頭坑,231-4
三芝區,芝柏,,106,三芝區,新小基隆,陳厝坑,121
三芝區,芝柏,,1060,三芝區,新小基隆,埔頭坑,231-2
三芝區,芝柏,,1061,三芝區,新小基隆,埔頭坑,231
三芝區,芝柏,,1062,三芝區,新小基隆,埔頭坑,230-2
三芝區,芝柏,,1063,三芝區,新小基隆,埔頭坑,238
三芝區,芝柏,,1064,三芝區,新小基隆,埔頭坑,230-9
三芝區,芝柏,,1065,三芝區,新小基隆,陳厝坑,44-11
三芝區,芝柏,,1067,三芝區,新小基隆,埔頭坑,230-8
三芝區,芝柏,,1069,三芝區,新小基隆,陳厝坑,44-10
三芝區,芝柏,,1071,三芝區,新小基隆,陳厝坑,44-16
三芝區,芝柏,,1072,三芝區,新小基隆,埔頭坑,230-3
三芝區,芝柏,,1073,三芝區,新小基隆,埔頭坑,235
三芝區,芝柏,,1074,三芝區,新小基隆,埔頭坑,234
三芝區,芝柏,,1075,三芝區,新小基隆,埔頭坑,234-1
三芝區,芝柏,,1078,三芝區,新小基隆,埔頭坑,236-1
三芝區,芝柏,,1079,三芝區,新小基隆,埔頭坑,236
三芝區,芝柏,,108,三芝區,新小基隆,陳厝坑,135
三芝區,芝柏,,1080,三芝區,新小基隆,埔頭坑,237
三芝區,芝柏,,1082,三芝區,新小基隆,埔頭坑,239
三芝區,芝柏,,1083,三芝區,新小基隆,埔頭坑,240
三芝區,芝柏,,1084,三芝區,新小基隆,埔頭坑,231-1
三芝區,芝柏,,1085,三芝區,新小基隆,埔頭坑,230-4
三芝區,芝柏,,1086,三芝區,新小基隆,埔頭坑,241
三芝區,芝柏,,1087,三芝區,新小基隆,埔頭坑,244
三芝區,芝柏,,1088,三芝區,新小基隆,埔頭坑,242-3
三芝區,芝柏,,1089,三芝區,新小基隆,埔頭坑,242-2
三芝區,芝柏,,1090,三芝區,新小基隆,埔頭坑,163-2
三芝區,芝柏,,1091,三芝區,新小基隆,埔頭坑,163-1
三芝區,芝柏,,1092,三芝區,新小基隆,埔頭坑,162-1
三芝區,芝柏,,1096,三芝區,新小基隆,埔頭坑,242-1
三芝區,芝柏,,1097,三芝區,新小基隆,埔頭坑,242-4
三芝區,芝柏,,1098,三芝區,新小基隆,埔頭坑,246
三芝區,芝柏,,1099,三芝區,新小基隆,埔頭坑,247
三芝區,芝柏,,11,三芝區,新小基隆,陳厝坑,112
三芝區,芝柏,,110,三芝區,新小基隆,埔頭坑,22-4
三芝區,芝柏,,1102,三芝區,新小基隆,埔頭坑,246-1
三芝區,芝柏,,1103,三芝區,新小基隆,埔頭坑,249
三芝區,芝柏,,1104,三芝區,新小基隆,埔頭坑,245-1
三芝區,芝柏,,1105,三芝區,新小基隆,埔頭坑,245-3
三芝區,芝柏,,1106,三芝區,新小基隆,陳厝坑,43-45
三芝區,芝柏,,1108,三芝區,新小基隆,陳厝坑,43-44
三芝區,芝柏,,1109,三芝區,新小基隆,埔頭坑,245-4
三芝區,芝柏,,111,三芝區,新小基隆,埔頭坑,21-2
三芝區,芝柏,,1110,三芝區,新小基隆,埔頭坑,245-5
三芝區,芝柏,,1111,三芝區,新小基隆,埔頭坑,245-2
三芝區,芝柏,,1113,三芝區,新小基隆,埔頭坑,245
三芝區,芝柏,,1114,三芝區,新小基隆,埔頭坑,243
三芝區,芝柏,,1115,三芝區,新小基隆,埔頭坑,243-1
三芝區,芝柏,,1117,三芝區,新小基隆,埔頭坑,242
三芝區,芝柏,,1118,三芝區,新小基隆,陳厝坑,44-9
三芝區,芝柏,,1119,三芝區,新小基隆,埔頭坑,230-6
三芝區,芝柏,,112,三芝區,新小基隆,埔頭坑,22-2
三芝區,芝柏,,1121,三芝區,新小基隆,陳厝坑,43-38
三芝區,芝柏,,1124,三芝區,新小基隆,埔頭坑,230-7
三芝區,芝柏,,1125,三芝區,新小基隆,埔頭坑,250-8
三芝區,芝柏,,1126,三芝區,新小基隆,埔頭坑,250-14
三芝區,芝柏,,1127,三芝區,新小基隆,陳厝坑,43-36
三芝區,芝柏,,1128,三芝區,新小基隆,陳厝坑,43-37
三芝區,芝柏,,113,三芝區,新小基隆,埔頭坑,43-9
三芝區,芝柏,,1131,三芝區,新小基隆,埔頭坑,250-15
三芝區,芝柏,,1132,三芝區,新小基隆,埔頭坑,250-5
三芝區,芝柏,,1133,三芝區,新小基隆,陳厝坑,43-35
三芝區,芝柏,,1134,三芝區,新小基隆,陳厝坑,43-46
三芝區,芝柏,,1136,三芝區,新小基隆,陳厝坑,43-47
三芝區,芝柏,,1137,三芝區,新小基隆,埔頭坑,256-2
三芝區,芝柏,,1138,三芝區,新小基隆,埔頭坑,256-35
三芝區,芝柏,,1139,三芝區,新小基隆,埔頭坑,256-74
三芝區,芝柏,,114,三芝區,新小基隆,埔頭坑,43-11
三芝區,芝柏,,1140,三芝區,新小基隆,埔頭坑,250-3
三芝區,芝柏,,1141,三芝區,新小基隆,埔頭坑,250-27
三芝區,芝柏,,1142,三芝區,新小基隆,埔頭坑,252
三芝區,芝柏,,1143,三芝區,新小基隆,埔頭坑,256-115
三芝區,芝柏,,1144,三芝區,新小基隆,埔頭坑,256-116
三芝區,芝柏,,1145,三芝區,新小基隆,埔頭坑,256-114
三芝區,芝柏,,1146,三芝區,新小基隆,埔頭坑,256-34
三芝區,芝柏,,1147,三芝區,新小基隆,埔頭坑,256-3
三芝區,芝柏,,1149,三芝區,新小基隆,埔頭坑,256-31
三芝區,芝柏,,115,三芝區,新小基隆,埔頭坑,43-6
三芝區,芝柏,,1150,三芝區,新小基隆,埔頭坑,256-4
三芝區,芝柏,,1151,三芝區,新小基隆,埔頭坑,256-6
三芝區,芝柏,,1152,三芝區,新小基隆,埔頭坑,256-118
三芝區,芝柏,,1153,三芝區,新小基隆,埔頭坑,256-121
三芝區,芝柏,,1154,三芝區,新小基隆,埔頭坑,256-33
三芝區,芝柏,,1155,三芝區,新小基隆,埔頭坑,256
三芝區,芝柏,,1156,三芝區,新小基隆,埔頭坑,255
三芝區,芝柏,,1157,三芝區,新小基隆,埔頭坑,255-1
三芝區,芝柏,,1158,三芝區,新小基隆,埔頭坑,257
三芝區,芝柏,,1159,三芝區,新小基隆,埔頭坑,256-94
三芝區,芝柏,,116,三芝區,新小基隆,埔頭坑,43-2
三芝區,芝柏,,1160,三芝區,新小基隆,埔頭坑,256-128
三芝區,芝柏,,1161,三芝區,新小基隆,埔頭坑,256-93
三芝區,芝柏,,1162,三芝區,新小基隆,埔頭坑,256-92
三芝區,芝柏,,1163,三芝區,新小基隆,埔頭坑,256-153
三芝區,芝柏,,1164,三芝區,新小基隆,埔頭坑,256-147
三芝區,芝柏,,1165,三芝區,新小基隆,埔頭坑,256-20
三芝區,芝柏,,1166,三芝區,新小基隆,埔頭坑,256-154
三芝區,芝柏,,1167,三芝區,新小基隆,埔頭坑,256-68
三芝區,芝柏,,1168,三芝區,新小基隆,埔頭坑,256-69
三芝區,芝柏,,1169,三芝區,新小基隆,埔頭坑,256-77
三芝區,芝柏,,117,三芝區,新小基隆,埔頭坑,42-9
三芝區,芝柏,,1170,三芝區,新小基隆,埔頭坑,256-122
三芝區,芝柏,,1171,三芝區,新小基隆,埔頭坑,256-137
三芝區,芝柏,,1172,三芝區,新小基隆,埔頭坑,253-5
三芝區,芝柏,,1173,三芝區,新小基隆,埔頭坑,248-4
三芝區,芝柏,,1174,三芝區,新小基隆,埔頭坑,250
三芝區,芝柏,,1175,三芝區,新小基隆,埔頭坑,248-2
三芝區,芝柏,,1176,三芝區,新小基隆,埔頭坑,248
三芝區,芝柏,,1177,三芝區,新小基隆,埔頭坑,248-3
三芝區,芝柏,,1178,三芝區,新小基隆,埔頭坑,163-3
三芝區,芝柏,,1179,三芝區,新小基隆,埔頭坑,158-4
三芝區,芝柏,,118,三芝區,新小基隆,埔頭坑,43-12
三芝區,芝柏,,1180,三芝區,新小基隆,埔頭坑,160
三芝區,芝柏,,1181,三芝區,新小基隆,埔頭坑,161
三芝區,芝柏,,1182,三芝區,新小基隆,埔頭坑,161-1
三芝區,芝柏,,1183,三芝區,新小基隆,埔頭坑,145-1
三芝區,芝柏,,1185,三芝區,新小基隆,埔頭坑,158-9
三芝區,芝柏,,1186,三芝區,新小基隆,埔頭坑,158-7
三芝區,芝柏,,1187,三芝區,新小基隆,埔頭坑,146
三芝區,芝柏,,1189,三芝區,新小基隆,埔頭坑,147-7
三芝區,芝柏,,119,三芝區,新小基隆,埔頭坑,42-3
三芝區,芝柏,,1190,三芝區,新小基隆,埔頭坑,159
三芝區,芝柏,,1191,三芝區,新小基隆,埔頭坑,147-6
三芝區,芝柏,,1192,三芝區,新小基隆,埔頭坑,147-5
三芝區,芝柏,,1193,三芝區,新小基隆,埔頭坑,147-9
三芝區,芝柏,,1194,三芝區,新小基隆,埔頭坑,147-10
三芝區,芝柏,,1195,三芝區,新小基隆,埔頭坑,147-11
三芝區,芝柏,,1197,三芝區,新小基隆,埔頭坑,147-2
三芝區,芝柏,,1198,三芝區,新小基隆,埔頭坑,147-3
三芝區,芝柏,,1199,三芝區,新小基隆,埔頭坑,148
三芝區,芝柏,,12,三芝區,新小基隆,陳厝坑,112-1
三芝區,芝柏,,120,三芝區,新小基隆,埔頭坑,42-4
三芝區,芝柏,,1201,三芝區,新小基隆,埔頭坑,149-1
三芝區,芝柏,,1202,三芝區,新小基隆,埔頭坑,149
三芝區,芝柏,,1204,三芝區,新小基隆,埔頭坑,139-1
三芝區,芝柏,,1205,三芝區,新小基隆,埔頭坑,139-2
三芝區,芝柏,,1206,三芝區,新小基隆,埔頭坑,149-3
三芝區,芝柏,,1207,三芝區,新小基隆,埔頭坑,149-2
三芝區,芝柏,,1208,三芝區,新小基隆,埔頭坑,148-1
三芝區,芝柏,,1209,三芝區,新小基隆,埔頭坑,149-4
三芝區,芝柏,,121,三芝區,新小基隆,埔頭坑,35-16
三芝區,芝柏,,1210,三芝區,新小基隆,埔頭坑,152-1
三芝區,芝柏,,1211,三芝區,新小基隆,埔頭坑,152
三芝區,芝柏,,1213,三芝區,新小基隆,埔頭坑,153
三芝區,芝柏,,1214,三芝區,新小基隆,埔頭坑,153-1
三芝區,芝柏,,1216,三芝區,新小基隆,埔頭坑,151
三芝區,芝柏,,1217,三芝區,新小基隆,埔頭坑,256-12
三芝區,芝柏,,1219,三芝區,新小基隆,埔頭坑,155
三芝區,芝柏,,122,三芝區,新小基隆,埔頭坑,35-8
三芝區,芝柏,,1220,三芝區,新小基隆,埔頭坑,154
三芝區,芝柏,,1223,三芝區,新小基隆,埔頭坑,147-1
三芝區,芝柏,,1224,三芝區,新小基隆,埔頭坑,158-16
三芝區,芝柏,,1225,三芝區,新小基隆,埔頭坑,158-17
三芝區,芝柏,,1226,三芝區,新小基隆,埔頭坑,158-18
三芝區,芝柏,,1227,三芝區,新小基隆,埔頭坑,158-15
三芝區,芝柏,,1228,三芝區,新小基隆,埔頭坑,158-14
三芝區,芝柏,,1229,三芝區,新小基隆,埔頭坑,156
三芝區,芝柏,,123,三芝區,新小基隆,埔頭坑,35-15
三芝區,芝柏,,1230,三芝區,新小基隆,埔頭坑,157
三芝區,芝柏,,1231,三芝區,新小基隆,埔頭坑,158
三芝區,芝柏,,1232,三芝區,新小基隆,埔頭坑,158-13
三芝區,芝柏,,1233,三芝區,新小基隆,埔頭坑,158-12
三芝區,芝柏,,1234,三芝區,新小基隆,埔頭坑,158-1
三芝區,芝柏,,1237,三芝區,新小基隆,埔頭坑,158-8
三芝區,芝柏,,1239,三芝區,新小基隆,埔頭坑,256-17
三芝區,芝柏,,124,三芝區,新小基隆,埔頭坑,42-15
三芝區,芝柏,,1241,三芝區,新小基隆,埔頭坑,256-11
三芝區,芝柏,,1242,三芝區,新小基隆,埔頭坑,256-10
三芝區,芝柏,,1243,三芝區,新小基隆,埔頭坑,256-9
三芝區,芝柏,,1244,三芝區,新小基隆,埔頭坑,256-19
三芝區,芝柏,,1245,三芝區,新小基隆,埔頭坑,158-11
三芝區,芝柏,,1246,三芝區,新小基隆,埔頭坑,158-10
三芝區,芝柏,,1247,三芝區,新小基隆,埔頭坑,158-2
三芝區,芝柏,,1248,三芝區,新小基隆,埔頭坑,158-19
三芝區,芝柏,,1249,三芝區,新小基隆,埔頭坑,158-20
三芝區,芝柏,,125,三芝區,新小基隆,埔頭坑,42-24
三芝區,芝柏,,1250,三芝區,新小基隆,埔頭坑,147-8
三芝區,芝柏,,1251,三芝區,新小基隆,埔頭坑,147-4
三芝區,芝柏,,1252,三芝區,新小基隆,埔頭坑,147
三芝區,芝柏,,1253,三芝區,新小基隆,埔頭坑,158-6
三芝區,芝柏,,1254,三芝區,新小基隆,埔頭坑,256-7
三芝區,芝柏,,1255,三芝區,新小基隆,埔頭坑,256-158
三芝區,芝柏,,1256,三芝區,新小基隆,埔頭坑,256-18
三芝區,芝柏,,1257,三芝區,新小基隆,埔頭坑,256-13
三芝區,芝柏,,1258,三芝區,新小基隆,埔頭坑,256-55
三芝區,芝柏,,1259,三芝區,新小基隆,埔頭坑,256-71
三芝區,芝柏,,126,三芝區,新小基隆,埔頭坑,42-19
三芝區,芝柏,,1260,三芝區,新小基隆,埔頭坑,256-64
三芝區,芝柏,,1261,三芝區,新小基隆,埔頭坑,256-73
三芝區,芝柏,,1262,三芝區,新小基隆,埔頭坑,256-67
三芝區,芝柏,,1263,三芝區,新小基隆,埔頭坑,256-51
三芝區,芝柏,,1264,三芝區,新小基隆,埔頭坑,256-50
三芝區,芝柏,,1265,三芝區,新小基隆,埔頭坑,256-49
三芝區,芝柏,,1266,三芝區,新小基隆,埔頭坑,256-48
三芝區,芝柏,,1267,三芝區,新小基隆,埔頭坑,256-47
三芝區,芝柏,,1268,三芝區,新小基隆,埔頭坑,256-46
三芝區,芝柏,,1269,三芝區,新小基隆,埔頭坑,256-40
三芝區,芝柏,,127,三芝區,新小基隆,埔頭坑,42-7
三芝區,芝柏,,1270,三芝區,新小基隆,埔頭坑,256-44
三芝區,芝柏,,1271,三芝區,新小基隆,埔頭坑,256-45
三芝區,芝柏,,1272,三芝區,新小基隆,埔頭坑,256-63
三芝區,芝柏,,1273,三芝區,新小基隆,埔頭坑,256-42
三芝區,芝柏,,1274,三芝區,新小基隆,埔頭坑,256-39
三芝區,芝柏,,1275,三芝區,新小基隆,埔頭坑,256-38
三芝區,芝柏,,1276,三芝區,新小基隆,埔頭坑,256-66
三芝區,芝柏,,1277,三芝區,新小基隆,埔頭坑,256-65
三芝區,芝柏,,1278,三芝區,新小基隆,埔頭坑,256-5
三芝區,芝柏,,1279,三芝區,新小基隆,埔頭坑,256-27
三芝區,芝柏,,128,三芝區,新小基隆,埔頭坑,35-3
三芝區,芝柏,,1280,三芝區,新小基隆,埔頭坑,256-37
三芝區,芝柏,,1281,三芝區,新小基隆,埔頭坑,256-30
三芝區,芝柏,,1282,三芝區,新小基隆,埔頭坑,256-29
三芝區,芝柏,,1283,三芝區,新小基隆,埔頭坑,256-14
三芝區,芝柏,,1284,三芝區,新小基隆,埔頭坑,256-26
三芝區,芝柏,,1285,三芝區,新小基隆,埔頭坑,256-28
三芝區,芝柏,,1286,三芝區,新小基隆,埔頭坑,220-1
三芝區,芝柏,,1287,三芝區,新小基隆,埔頭坑,220-2
三芝區,芝柏,,1288,三芝區,新小基隆,埔頭坑,220-3
三芝區,芝柏,,1289,三芝區,新小基隆,埔頭坑,220-4
三芝區,芝柏,,129,三芝區,新小基隆,埔頭坑,42-6
三芝區,芝柏,,1290,三芝區,新小基隆,埔頭坑,220-5
三芝區,芝柏,,13,三芝區,新小基隆,陳厝坑,137-6
三芝區,芝柏,,130,三芝區,新小基隆,埔頭坑,42-2
三芝區,芝柏,,131,三芝區,新小基隆,埔頭坑,42-1
三芝區,芝柏,,132,三芝區,新小基隆,埔頭坑,42-23
三芝區,芝柏,,133,三芝區,新小基隆,埔頭坑,42-22
三芝區,芝柏,,134,三芝區,新小基隆,埔頭坑,42
三芝區,芝柏,,135,三芝區,新小基隆,埔頭坑,42-10
三芝區,芝柏,,136,三芝區,新小基隆,埔頭坑,27-8
三芝區,芝柏,,137,三芝區,新小基隆,埔頭坑,22-3
三芝區,芝柏,,138,三芝區,新小基隆,埔頭坑,22
三芝區,芝柏,,139,三芝區,新小基隆,埔頭坑,22-6
三芝區,芝柏,,140,三芝區,新小基隆,埔頭坑,22-5
三芝區,芝柏,,141,三芝區,新小基隆,埔頭坑,23
三芝區,芝柏,,142,三芝區,新小基隆,埔頭坑,22-1
三芝區,芝柏,,144,三芝區,新小基隆,埔頭坑,23-2
三芝區,芝柏,,145,三芝區,新小基隆,埔頭坑,27-1
三芝區,芝柏,,146,三芝區,新小基隆,埔頭坑,27
三芝區,芝柏,,147,三芝區,新小基隆,埔頭坑,23-1
三芝區,芝柏,,148,三芝區,新小基隆,埔頭坑,21-1
三芝區,芝柏,,149,三芝區,新小基隆,埔頭坑,21
三芝區,芝柏,,15,三芝區,新小基隆,陳厝坑,107-6
三芝區,芝柏,,151,三芝區,新小基隆,埔頭坑,27-4
三芝區,芝柏,,152,三芝區,新小基隆,埔頭坑,27-5
三芝區,芝柏,,153,三芝區,新小基隆,埔頭坑,27-6
三芝區,芝柏,,154,三芝區,新小基隆,埔頭坑,28-2
三芝區,芝柏,,155,三芝區,新小基隆,埔頭坑,29
三芝區,芝柏,,156,三芝區,新小基隆,埔頭坑,27-2
三芝區,芝柏,,159,三芝區,新小基隆,埔頭坑,26-3
三芝區,芝柏,,16,三芝區,新小基隆,陳厝坑,107-7
三芝區,芝柏,,160,三芝區,新小基隆,埔頭坑,26-1
三芝區,芝柏,,161,三芝區,新小基隆,埔頭坑,26
三芝區,芝柏,,162,三芝區,新小基隆,埔頭坑,26-2
三芝區,芝柏,,163,三芝區,新小基隆,埔頭坑,25
三芝區,芝柏,,164,三芝區,新小基隆,埔頭坑,24
三芝區,芝柏,,165,三芝區,新小基隆,埔頭坑,20
三芝區,芝柏,,166,三芝區,新小基隆,埔頭坑,20-1
三芝區,芝柏,,167,三芝區,新小基隆,埔頭坑,21-3
三芝區,芝柏,,168,三芝區,新小基隆,陳厝坑,133-10
三芝區,芝柏,,169,三芝區,新小基隆,陳厝坑,133-8
三芝區,芝柏,,17,三芝區,新小基隆,陳厝坑,107-1
三芝區,芝柏,,170,三芝區,新小基隆,陳厝坑,133-9
三芝區,芝柏,,171,三芝區,新小基隆,陳厝坑,133
三芝區,芝柏,,172,三芝區,新小基隆,陳厝坑,133-6
三芝區,芝柏,,173,三芝區,新小基隆,陳厝坑,133-5
三芝區,芝柏,,174,三芝區,新小基隆,陳厝坑,133-7
三芝區,芝柏,,175,三芝區,新小基隆,陳厝坑,134-3
三芝區,芝柏,,176,三芝區,新小基隆,陳厝坑,133-4
三芝區,芝柏,,177,三芝區,新小基隆,陳厝坑,133-1
三芝區,芝柏,,178,三芝區,新小基隆,陳厝坑,134-2
三芝區,芝柏,,179,三芝區,新小基隆,陳厝坑,134
三芝區,芝柏,,18,三芝區,新小基隆,陳厝坑,107-9
三芝區,芝柏,,181,三芝區,新小基隆,陳厝坑,119
三芝區,芝柏,,182,三芝區,新小基隆,陳厝坑,120
三芝區,芝柏,,183,三芝區,新小基隆,陳厝坑,121-12
三芝區,芝柏,,184,三芝區,新小基隆,陳厝坑,121-13
三芝區,芝柏,,185,三芝區,新小基隆,陳厝坑,121-14
三芝區,芝柏,,186,三芝區,新小基隆,陳厝坑,121-15
三芝區,芝柏,,187,三芝區,新小基隆,陳厝坑,121-16
三芝區,芝柏,,188,三芝區,新小基隆,陳厝坑,121-17
三芝區,芝柏,,189,三芝區,新小基隆,陳厝坑,121-23
三芝區,芝柏,,19,三芝區,新小基隆,陳厝坑,107
三芝區,芝柏,,190,三芝區,新小基隆,陳厝坑,121-24
三芝區,芝柏,,191,三芝區,新小基隆,陳厝坑,121-28
三芝區,芝柏,,192,三芝區,新小基隆,陳厝坑,121-29
三芝區,芝柏,,193,三芝區,新小基隆,陳厝坑,121-34
三芝區,芝柏,,194,三芝區,新小基隆,陳厝坑,121-35
三芝區,芝柏,,195,三芝區,新小基隆,陳厝坑,121-36
三芝區,芝柏,,196,三芝區,新小基隆,陳厝坑,121-44
三芝區,芝柏,,197,三芝區,新小基隆,陳厝坑,121-45
三芝區,芝柏,,198,三芝區,新小基隆,陳厝坑,121-48
三芝區,芝柏,,199,三芝區,新小基隆,陳厝坑,121-49
三芝區,芝柏,,2,三芝區,新小基隆,陳厝坑,137
三芝區,芝柏,,20,三芝區,新小基隆,陳厝坑,107-2
三芝區,芝柏,,200,三芝區,新小基隆,陳厝坑,121-52
三芝區,芝柏,,201,三芝區,新小基隆,陳厝坑,121-53
三芝區,芝柏,,202,三芝區,新小基隆,陳厝坑,121-57
三芝區,芝柏,,203,三芝區,新小基隆,陳厝坑,121-58
三芝區,芝柏,,204,三芝區,新小基隆,陳厝坑,121-61
三芝區,芝柏,,205,三芝區,新小基隆,陳厝坑,121-64
三芝區,芝柏,,206,三芝區,新小基隆,陳厝坑,121-67
三芝區,芝柏,,207,三芝區,新小基隆,陳厝坑,121-68
三芝區,芝柏,,208,三芝區,新小基隆,陳厝坑,121-72
三芝區,芝柏,,209,三芝區,新小基隆,陳厝坑,121-73
三芝區,芝柏,,21,三芝區,新小基隆,陳厝坑,107-10
三芝區,芝柏,,210,三芝區,新小基隆,陳厝坑,121-142
三芝區,芝柏,,211,三芝區,新小基隆,陳厝坑,121-78
三芝區,芝柏,,212,三芝區,新小基隆,陳厝坑,121-141
三芝區,芝柏,,213,三芝區,新小基隆,陳厝坑,121-79
三芝區,芝柏,,214,三芝區,新小基隆,陳厝坑,121-140
三芝區,芝柏,,215,三芝區,新小基隆,陳厝坑,121-80
三芝區,芝柏,,216,三芝區,新小基隆,陳厝坑,121-135
三芝區,芝柏,,217,三芝區,新小基隆,陳厝坑,121-134
三芝區,芝柏,,218,三芝區,新小基隆,陳厝坑,121-1
三芝區,芝柏,,219,三芝區,新小基隆,陳厝坑,121-136
三芝區,芝柏,,22,三芝區,新小基隆,陳厝坑,107-8
三芝區,芝柏,,220,三芝區,新小基隆,陳厝坑,121-139
三芝區,芝柏,,221,三芝區,新小基隆,陳厝坑,121-147
三芝區,芝柏,,222,三芝區,新小基隆,陳厝坑,121-150
三芝區,芝柏,,223,三芝區,新小基隆,陳厝坑,121-77
三芝區,芝柏,,224,三芝區,新小基隆,陳厝坑,121-146
三芝區,芝柏,,225,三芝區,新小基隆,陳厝坑,121-151
三芝區,芝柏,,226,三芝區,新小基隆,陳厝坑,121-76
三芝區,芝柏,,227,三芝區,新小基隆,陳厝坑,121-145
三芝區,芝柏,,228,三芝區,新小基隆,陳厝坑,121-154
三芝區,芝柏,,229,三芝區,新小基隆,陳厝坑,121-75
三芝區,芝柏,,23,三芝區,新小基隆,陳厝坑,137-7
三芝區,芝柏,,230,三芝區,新小基隆,陳厝坑,121-144
三芝區,芝柏,,231,三芝區,新小基隆,陳厝坑,121-74
三芝區,芝柏,,232,三芝區,新小基隆,陳厝坑,121-158
三芝區,芝柏,,233,三芝區,新小基隆,陳厝坑,121-71
三芝區,芝柏,,234,三芝區,新小基隆,陳厝坑,121-70
三芝區,芝柏,,235,三芝區,新小基隆,陳厝坑,121-162
三芝區,芝柏,,236,三芝區,新小基隆,陳厝坑,121-69
三芝區,芝柏,,237,三芝區,新小基隆,陳厝坑,121-163
三芝區,芝柏,,238,三芝區,新小基隆,陳厝坑,121-66
三芝區,芝柏,,239,三芝區,新小基隆,陳厝坑,121-166
三芝區,芝柏,,24,三芝區,新小基隆,陳厝坑,137-8
三芝區,芝柏,,240,三芝區,新小基隆,陳厝坑,121-65
三芝區,芝柏,,241,三芝區,新小基隆,陳厝坑,121-167
三芝區,芝柏,,242,三芝區,新小基隆,陳厝坑,121-63
三芝區,芝柏,,243,三芝區,新小基隆,陳厝坑,121-62
三芝區,芝柏,,244,三芝區,新小基隆,陳厝坑,121-171
三芝區,芝柏,,245,三芝區,新小基隆,陳厝坑,121-60
三芝區,芝柏,,246,三芝區,新小基隆,陳厝坑,121-174
三芝區,芝柏,,247,三芝區,新小基隆,陳厝坑,121-59
三芝區,芝柏,,248,三芝區,新小基隆,陳厝坑,121-56
三芝區,芝柏,,249,三芝區,新小基隆,陳厝坑,121-55
三芝區,芝柏,,25,三芝區,新小基隆,陳厝坑,137-2
三芝區,芝柏,,250,三芝區,新小基隆,陳厝坑,121-178
三芝區,芝柏,,251,三芝區,新小基隆,陳厝坑,121-54
三芝區,芝柏,,252,三芝區,新小基隆,陳厝坑,121-51
三芝區,芝柏,,253,三芝區,新小基隆,陳厝坑,121-50
三芝區,芝柏,,254,三芝區,新小基隆,陳厝坑,121-182
三芝區,芝柏,,255,三芝區,新小基隆,陳厝坑,121-47
三芝區,芝柏,,256,三芝區,新小基隆,陳厝坑,121-186
三芝區,芝柏,,257,三芝區,新小基隆,陳厝坑,121-46
三芝區,芝柏,,258,三芝區,新小基隆,陳厝坑,121-189
三芝區,芝柏,,259,三芝區,新小基隆,陳厝坑,121-43
三芝區,芝柏,,26,三芝區,新小基隆,陳厝坑,111
三芝區,芝柏,,260,三芝區,新小基隆,陳厝坑,121-42
三芝區,芝柏,,261,三芝區,新小基隆,陳厝坑,121-190
三芝區,芝柏,,262,三芝區,新小基隆,陳厝坑,121-40
三芝區,芝柏,,263,三芝區,新小基隆,陳厝坑,121-37
三芝區,芝柏,,264,三芝區,新小基隆,陳厝坑,121-33
三芝區,芝柏,,265,三芝區,新小基隆,陳厝坑,121-30
三芝區,芝柏,,266,三芝區,新小基隆,陳厝坑,121-27
三芝區,芝柏,,267,三芝區,新小基隆,陳厝坑,121-25
三芝區,芝柏,,268,三芝區,新小基隆,陳厝坑,121-22
三芝區,芝柏,,269,三芝區,新小基隆,陳厝坑,121-18
三芝區,芝柏,,27,三芝區,新小基隆,陳厝坑,111-1
三芝區,芝柏,,270,三芝區,新小基隆,陳厝坑,121-19
三芝區,芝柏,,271,三芝區,新小基隆,陳厝坑,121-199
三芝區,芝柏,,272,三芝區,新小基隆,陳厝坑,110-72
三芝區,芝柏,,273,三芝區,新小基隆,陳厝坑,121-20
三芝區,芝柏,,274,三芝區,新小基隆,陳厝坑,121-198
三芝區,芝柏,,275,三芝區,新小基隆,陳厝坑,110-73
三芝區,芝柏,,276,三芝區,新小基隆,陳厝坑,110-74
三芝區,芝柏,,277,三芝區,新小基隆,陳厝坑,121-197
三芝區,芝柏,,278,三芝區,新小基隆,陳厝坑,121-21
三芝區,芝柏,,279,三芝區,新小基隆,陳厝坑,121-26
三芝區,芝柏,,280,三芝區,新小基隆,陳厝坑,121-196
三芝區,芝柏,,281,三芝區,新小基隆,陳厝坑,121-31
三芝區,芝柏,,282,三芝區,新小基隆,陳厝坑,121-195
三芝區,芝柏,,283,三芝區,新小基隆,陳厝坑,121-32
三芝區,芝柏,,284,三芝區,新小基隆,陳厝坑,121-194
三芝區,芝柏,,285,三芝區,新小基隆,陳厝坑,121-38
三芝區,芝柏,,286,三芝區,新小基隆,陳厝坑,121-193
三芝區,芝柏,,287,三芝區,新小基隆,陳厝坑,121-39
三芝區,芝柏,,288,三芝區,新小基隆,陳厝坑,121-41
三芝區,芝柏,,289,三芝區,新小基隆,陳厝坑,121-191
三芝區,芝柏,,29,三芝區,新小基隆,陳厝坑,109
三芝區,芝柏,,290,三芝區,新小基隆,陳厝坑,121-188
三芝區,芝柏,,291,三芝區,新小基隆,陳厝坑,121-187
三芝區,芝柏,,292,三芝區,新小基隆,陳厝坑,121-184
三芝區,芝柏,,293,三芝區,新小基隆,陳厝坑,121-183
三芝區,芝柏,,294,三芝區,新小基隆,陳厝坑,121-180
三芝區,芝柏,,295,三芝區,新小基隆,陳厝坑,121-202
三芝區,芝柏,,296,三芝區,新小基隆,陳厝坑,121-177
三芝區,芝柏,,297,三芝區,新小基隆,陳厝坑,121-176
三芝區,芝柏,,298,三芝區,新小基隆,陳厝坑,121-173
三芝區,芝柏,,299,三芝區,新小基隆,陳厝坑,121-172
三芝區,芝柏,,3,三芝區,新小基隆,陳厝坑,137-3
三芝區,芝柏,,300,三芝區,新小基隆,陳厝坑,121-169
三芝區,芝柏,,301,三芝區,新小基隆,陳厝坑,121-168
三芝區,芝柏,,302,三芝區,新小基隆,陳厝坑,121-165
三芝區,芝柏,,303,三芝區,新小基隆,陳厝坑,121-164
三芝區,芝柏,,304,三芝區,新小基隆,陳厝坑,121-161
三芝區,芝柏,,305,三芝區,新小基隆,陳厝坑,121-160
三芝區,芝柏,,306,三芝區,新小基隆,陳厝坑,121-157
三芝區,芝柏,,307,三芝區,新小基隆,陳厝坑,121-156
三芝區,芝柏,,308,三芝區,新小基隆,陳厝坑,121-153
三芝區,芝柏,,309,三芝區,新小基隆,陳厝坑,121-152
三芝區,芝柏,,310,三芝區,新小基隆,陳厝坑,121-149
三芝區,芝柏,,311,三芝區,新小基隆,陳厝坑,121-148
三芝區,芝柏,,312,三芝區,新小基隆,陳厝坑,121-138
三芝區,芝柏,,313,三芝區,新小基隆,陳厝坑,121-137
三芝區,芝柏,,314,三芝區,新小基隆,陳厝坑,110-16
三芝區,芝柏,,315,三芝區,新小基隆,陳厝坑,110-17
三芝區,芝柏,,316,三芝區,新小基隆,陳厝坑,110-18
三芝區,芝柏,,317,三芝區,新小基隆,陳厝坑,110-19
三芝區,芝柏,,318,三芝區,新小基隆,陳厝坑,110-20
三芝區,芝柏,,319,三芝區,新小基隆,陳厝坑,110-21
三芝區,芝柏,,32,三芝區,新小基隆,陳厝坑,101-2
三芝區,芝柏,,320,三芝區,新小基隆,陳厝坑,110-22
三芝區,芝柏,,321,三芝區,新小基隆,陳厝坑,110-23
三芝區,芝柏,,322,三芝區,新小基隆,陳厝坑,110-25
三芝區,芝柏,,323,三芝區,新小基隆,陳厝坑,110-26
三芝區,芝柏,,324,三芝區,新小基隆,陳厝坑,110-27
三芝區,芝柏,,325,三芝區,新小基隆,陳厝坑,110-28
三芝區,芝柏,,326,三芝區,新小基隆,陳厝坑,110-29
三芝區,芝柏,,327,三芝區,新小基隆,陳厝坑,110-30
三芝區,芝柏,,328,三芝區,新小基隆,陳厝坑,110-31
三芝區,芝柏,,329,三芝區,新小基隆,陳厝坑,110
三芝區,芝柏,,33,三芝區,新小基隆,陳厝坑,107-11
三芝區,芝柏,,330,三芝區,新小基隆,陳厝坑,110-51
三芝區,芝柏,,331,三芝區,新小基隆,陳厝坑,110-50
三芝區,芝柏,,332,三芝區,新小基隆,陳厝坑,110-49
三芝區,芝柏,,333,三芝區,新小基隆,陳厝坑,110-48
三芝區,芝柏,,334,三芝區,新小基隆,陳厝坑,110-47
三芝區,芝柏,,335,三芝區,新小基隆,陳厝坑,110-46
三芝區,芝柏,,336,三芝區,新小基隆,陳厝坑,110-45
三芝區,芝柏,,337,三芝區,新小基隆,陳厝坑,110-44
三芝區,芝柏,,338,三芝區,新小基隆,陳厝坑,110-43
三芝區,芝柏,,339,三芝區,新小基隆,陳厝坑,110-42
三芝區,芝柏,,34,三芝區,新小基隆,陳厝坑,107-3
三芝區,芝柏,,340,三芝區,新小基隆,陳厝坑,110-41
三芝區,芝柏,,341,三芝區,新小基隆,陳厝坑,110-40
三芝區,芝柏,,342,三芝區,新小基隆,陳厝坑,110-39
三芝區,芝柏,,343,三芝區,新小基隆,陳厝坑,110-38
三芝區,芝柏,,344,三芝區,新小基隆,陳厝坑,110-37
三芝區,芝柏,,345,三芝區,新小基隆,陳厝坑,110-36
三芝區,芝柏,,346,三芝區,新小基隆,陳厝坑,110-35
三芝區,芝柏,,347,三芝區,新小基隆,陳厝坑,110-34
三芝區,芝柏,,348,三芝區,新小基隆,陳厝坑,110-33
三芝區,芝柏,,349,三芝區,新小基隆,陳厝坑,110-32
三芝區,芝柏,,35,三芝區,新小基隆,陳厝坑,108
三芝區,芝柏,,350,三芝區,新小基隆,陳厝坑,110-71
三芝區,芝柏,,351,三芝區,新小基隆,陳厝坑,110-70
三芝區,芝柏,,352,三芝區,新小基隆,陳厝坑,110-69
三芝區,芝柏,,353,三芝區,新小基隆,陳厝坑,110-68
三芝區,芝柏,,354,三芝區,新小基隆,陳厝坑,110-67
三芝區,芝柏,,355,三芝區,新小基隆,陳厝坑,110-66
三芝區,芝柏,,356,三芝區,新小基隆,陳厝坑,110-65
三芝區,芝柏,,357,三芝區,新小基隆,陳厝坑,110-64
三芝區,芝柏,,358,三芝區,新小基隆,陳厝坑,110-63
三芝區,芝柏,,359,三芝區,新小基隆,陳厝坑,110-62
三芝區,芝柏,,36,三芝區,新小基隆,陳厝坑,108-1
三芝區,芝柏,,360,三芝區,新小基隆,陳厝坑,110-61
三芝區,芝柏,,361,三芝區,新小基隆,陳厝坑,110-60
三芝區,芝柏,,362,三芝區,新小基隆,陳厝坑,110-59
三芝區,芝柏,,363,三芝區,新小基隆,陳厝坑,110-58
三芝區,芝柏,,364,三芝區,新小基隆,陳厝坑,110-57
三芝區,芝柏,,365,三芝區,新小基隆,陳厝坑,110-56
三芝區,芝柏,,366,三芝區,新小基隆,陳厝坑,110-55
三芝區,芝柏,,367,三芝區,新小基隆,陳厝坑,110-54
三芝區,芝柏,,368,三芝區,新小基隆,陳厝坑,110-53
三芝區,芝柏,,369,三芝區,新小基隆,陳厝坑,110-52
三芝區,芝柏,,37,三芝區,新小基隆,陳厝坑,107-4
三芝區,芝柏,,370,三芝區,新小基隆,陳厝坑,121-81
三芝區,芝柏,,371,三芝區,新小基隆,陳厝坑,121-83
三芝區,芝柏,,372,三芝區,新小基隆,陳厝坑,121-82
三芝區,芝柏,,373,三芝區,新小基隆,陳厝坑,121-200
三芝區,芝柏,,374,三芝區,新小基隆,陳厝坑,110-75
三芝區,芝柏,,375,三芝區,新小基隆,陳厝坑,110-76
三芝區,芝柏,,376,三芝區,新小基隆,陳厝坑,110-77
三芝區,芝柏,,377,三芝區,新小基隆,陳厝坑,110-78
三芝區,芝柏,,378,三芝區,新小基隆,陳厝坑,110-79
三芝區,芝柏,,379,三芝區,新小基隆,陳厝坑,110-80
三芝區,芝柏,,38,三芝區,新小基隆,陳厝坑,109-3
三芝區,芝柏,,380,三芝區,新小基隆,陳厝坑,110-81
三芝區,芝柏,,381,三芝區,新小基隆,陳厝坑,110-82
三芝區,芝柏,,382,三芝區,新小基隆,陳厝坑,110-83
三芝區,芝柏,,383,三芝區,新小基隆,陳厝坑,110-84
三芝區,芝柏,,384,三芝區,新小基隆,陳厝坑,121-85
三芝區,芝柏,,385,三芝區,新小基隆,陳厝坑,121-84
三芝區,芝柏,,386,三芝區,新小基隆,陳厝坑,110-97
三芝區,芝柏,,387,三芝區,新小基隆,陳厝坑,110-96
三芝區,芝柏,,388,三芝區,新小基隆,陳厝坑,110-95
三芝區,芝柏,,389,三芝區,新小基隆,陳厝坑,110-94
三芝區,芝柏,,390,三芝區,新小基隆,陳厝坑,110-93
三芝區,芝柏,,391,三芝區,新小基隆,陳厝坑,110-92
三芝區,芝柏,,392,三芝區,新小基隆,陳厝坑,110-91
三芝區,芝柏,,393,三芝區,新小基隆,陳厝坑,110-90
三芝區,芝柏,,394,三芝區,新小基隆,陳厝坑,110-89
三芝區,芝柏,,395,三芝區,新小基隆,陳厝坑,110-88
三芝區,芝柏,,396,三芝區,新小基隆,陳厝坑,110-87
三芝區,芝柏,,397,三芝區,新小基隆,陳厝坑,110-86
三芝區,芝柏,,398,三芝區,新小基隆,陳厝坑,110-85
三芝區,芝柏,,399,三芝區,新小基隆,陳厝坑,121-86
三芝區,芝柏,,4,三芝區,新小基隆,陳厝坑,137-4
三芝區,芝柏,,40,三芝區,新小基隆,陳厝坑,109-1
三芝區,芝柏,,400,三芝區,新小基隆,陳厝坑,110-98
三芝區,芝柏,,401,三芝區,新小基隆,陳厝坑,110-99
三芝區,芝柏,,402,三芝區,新小基隆,陳厝坑,110-100
三芝區,芝柏,,403,三芝區,新小基隆,陳厝坑,110-101
三芝區,芝柏,,404,三芝區,新小基隆,陳厝坑,110-102
三芝區,芝柏,,405,三芝區,新小基隆,陳厝坑,110-103
三芝區,芝柏,,406,三芝區,新小基隆,陳厝坑,110-104
三芝區,芝柏,,407,三芝區,新小基隆,陳厝坑,110-105
三芝區,芝柏,,408,三芝區,新小基隆,陳厝坑,110-106
三芝區,芝柏,,409,三芝區,新小基隆,陳厝坑,110-107
三芝區,芝柏,,41,三芝區,新小基隆,陳厝坑,109-6
三芝區,芝柏,,410,三芝區,新小基隆,陳厝坑,110-108
三芝區,芝柏,,411,三芝區,新小基隆,陳厝坑,110-109
三芝區,芝柏,,412,三芝區,新小基隆,陳厝坑,121-89
三芝區,芝柏,,413,三芝區,新小基隆,陳厝坑,110-116
三芝區,芝柏,,414,三芝區,新小基隆,陳厝坑,110-115
三芝區,芝柏,,415,三芝區,新小基隆,陳厝坑,110-114
三芝區,芝柏,,416,三芝區,新小基隆,陳厝坑,110-113
三芝區,芝柏,,417,三芝區,新小基隆,陳厝坑,110-112
三芝區,芝柏,,418,三芝區,新小基隆,陳厝坑,110-111
三芝區,芝柏,,419,三芝區,新小基隆,陳厝坑,110-110
三芝區,芝柏,,42,三芝區,新小基隆,陳厝坑,109-7
三芝區,芝柏,,420,三芝區,新小基隆,陳厝坑,121-91
三芝區,芝柏,,421,三芝區,新小基隆,陳厝坑,121-92
三芝區,芝柏,,422,三芝區,新小基隆,陳厝坑,110-117
三芝區,芝柏,,423,三芝區,新小基隆,陳厝坑,110-118
三芝區,芝柏,,424,三芝區,新小基隆,陳厝坑,110-119
三芝區,芝柏,,425,三芝區,新小基隆,陳厝坑,110-120
三芝區,芝柏,,426,三芝區,新小基隆,陳厝坑,110-121
三芝區,芝柏,,427,三芝區,新小基隆,陳厝坑,121-93
三芝區,芝柏,,428,三芝區,新小基隆,陳厝坑,121-94
三芝區,芝柏,,429,三芝區,新小基隆,陳厝坑,121-95
三芝區,芝柏,,43,三芝區,新小基隆,陳厝坑,116
三芝區,芝柏,,430,三芝區,新小基隆,陳厝坑,110-124
三芝區,芝柏,,431,三芝區,新小基隆,陳厝坑,121-96
三芝區,芝柏,,432,三芝區,新小基隆,陳厝坑,110-123
三芝區,芝柏,,433,三芝區,新小基隆,陳厝坑,121-97
三芝區,芝柏,,434,三芝區,新小基隆,陳厝坑,110-122
三芝區,芝柏,,435,三芝區,新小基隆,陳厝坑,121-102
三芝區,芝柏,,436,三芝區,新小基隆,陳厝坑,121-101
三芝區,芝柏,,437,三芝區,新小基隆,陳厝坑,121-100
三芝區,芝柏,,438,三芝區,新小基隆,陳厝坑,121-99
三芝區,芝柏,,439,三芝區,新小基隆,陳厝坑,121-98
三芝區,芝柏,,44,三芝區,新小基隆,陳厝坑,116-1
三芝區,芝柏,,441,三芝區,新小基隆,陳厝坑,85-3
三芝區,芝柏,,449,三芝區,新小基隆,陳厝坑,109-2
三芝區,芝柏,,45,三芝區,新小基隆,陳厝坑,116-2
三芝區,芝柏,,450,三芝區,新小基隆,陳厝坑,87-1
三芝區,芝柏,,451,三芝區,新小基隆,陳厝坑,107-5
三芝區,芝柏,,452,三芝區,新小基隆,陳厝坑,110-1
三芝區,芝柏,,453,三芝區,新小基隆,陳厝坑,87
三芝區,芝柏,,454,三芝區,新小基隆,陳厝坑,85-4
三芝區,芝柏,,455,三芝區,新小基隆,陳厝坑,85
三芝區,芝柏,,456,三芝區,新小基隆,陳厝坑,85-5
三芝區,芝柏,,457,三芝區,新小基隆,陳厝坑,121-2
三芝區,芝柏,,458,三芝區,新小基隆,陳厝坑,123
三芝區,芝柏,,459,三芝區,新小基隆,陳厝坑,121-133
三芝區,芝柏,,46,三芝區,新小基隆,陳厝坑,116-3
三芝區,芝柏,,460,三芝區,新小基隆,陳厝坑,122
三芝區,芝柏,,461,三芝區,新小基隆,陳厝坑,121-206
三芝區,芝柏,,462,三芝區,新小基隆,陳厝坑,121-203
三芝區,芝柏,,463,三芝區,新小基隆,陳厝坑,121-205
三芝區,芝柏,,464,三芝區,新小基隆,陳厝坑,121-103
三芝區,芝柏,,465,三芝區,新小基隆,陳厝坑,121-104
三芝區,芝柏,,466,三芝區,新小基隆,陳厝坑,121-105
三芝區,芝柏,,467,三芝區,新小基隆,陳厝坑,121-106
三芝區,芝柏,,468,三芝區,新小基隆,陳厝坑,121-109
三芝區,芝柏,,469,三芝區,新小基隆,陳厝坑,121-110
三芝區,芝柏,,47,三芝區,新小基隆,陳厝坑,115
三芝區,芝柏,,470,三芝區,新小基隆,陳厝坑,121-113
三芝區,芝柏,,471,三芝區,新小基隆,陳厝坑,121-114
三芝區,芝柏,,472,三芝區,新小基隆,陳厝坑,121-117
三芝區,芝柏,,473,三芝區,新小基隆,陳厝坑,121-118
三芝區,芝柏,,474,三芝區,新小基隆,陳厝坑,121-121
三芝區,芝柏,,475,三芝區,新小基隆,陳厝坑,121-122
三芝區,芝柏,,476,三芝區,新小基隆,陳厝坑,121-125
三芝區,芝柏,,477,三芝區,新小基隆,陳厝坑,121-126
三芝區,芝柏,,478,三芝區,新小基隆,陳厝坑,121-129
三芝區,芝柏,,479,三芝區,新小基隆,陳厝坑,121-132
三芝區,芝柏,,48,三芝區,新小基隆,陳厝坑,116-18
三芝區,芝柏,,480,三芝區,新小基隆,陳厝坑,121-131
三芝區,芝柏,,481,三芝區,新小基隆,陳厝坑,121-130
三芝區,芝柏,,482,三芝區,新小基隆,陳厝坑,121-128
三芝區,芝柏,,483,三芝區,新小基隆,陳厝坑,121-127
三芝區,芝柏,,484,三芝區,新小基隆,陳厝坑,121-124
三芝區,芝柏,,485,三芝區,新小基隆,陳厝坑,121-123
三芝區,芝柏,,486,三芝區,新小基隆,陳厝坑,121-120
三芝區,芝柏,,487,三芝區,新小基隆,陳厝坑,121-119
三芝區,芝柏,,488,三芝區,新小基隆,陳厝坑,121-116
三芝區,芝柏,,489,三芝區,新小基隆,陳厝坑,121-115
三芝區,芝柏,,49,三芝區,新小基隆,陳厝坑,118-2
三芝區,芝柏,,490,三芝區,新小基隆,陳厝坑,121-112
三芝區,芝柏,,491,三芝區,新小基隆,陳厝坑,121-111
三芝區,芝柏,,492,三芝區,新小基隆,陳厝坑,121-108
三芝區,芝柏,,493,三芝區,新小基隆,陳厝坑,121-107
三芝區,芝柏,,494,三芝區,新小基隆,埔頭坑,35-20
三芝區,芝柏,,50,三芝區,新小基隆,陳厝坑,118-1
三芝區,芝柏,,502,三芝區,新小基隆,埔頭坑,35-23
三芝區,芝柏,,503,三芝區,新小基隆,埔頭坑,35-22
三芝區,芝柏,,504,三芝區,新小基隆,埔頭坑,35-21
三芝區,芝柏,,505,三芝區,新小基隆,埔頭坑,35-19
三芝區,芝柏,,506,三芝區,新小基隆,埔頭坑,32-17
三芝區,芝柏,,507,三芝區,新小基隆,埔頭坑,27-7
三芝區,芝柏,,508,三芝區,新小基隆,埔頭坑,27-3
三芝區,芝柏,,509,三芝區,新小基隆,埔頭坑,32-15
三芝區,芝柏,,51,三芝區,新小基隆,陳厝坑,116-6
三芝區,芝柏,,510,三芝區,新小基隆,埔頭坑,32-2
三芝區,芝柏,,511,三芝區,新小基隆,埔頭坑,32-14
三芝區,芝柏,,512,三芝區,新小基隆,埔頭坑,28-1
三芝區,芝柏,,513,三芝區,新小基隆,埔頭坑,28
三芝區,芝柏,,514,三芝區,新小基隆,埔頭坑,28-3
三芝區,芝柏,,515,三芝區,新小基隆,埔頭坑,32-10
三芝區,芝柏,,516,三芝區,新小基隆,埔頭坑,32-13
三芝區,芝柏,,517,三芝區,新小基隆,埔頭坑,32-3
三芝區,芝柏,,519,三芝區,新小基隆,埔頭坑,29-1
三芝區,芝柏,,52,三芝區,新小基隆,陳厝坑,116-7
三芝區,芝柏,,520,三芝區,新小基隆,埔頭坑,32-4
三芝區,芝柏,,521,三芝區,新小基隆,埔頭坑,32-5
三芝區,芝柏,,522,三芝區,新小基隆,埔頭坑,30-7
三芝區,芝柏,,523,三芝區,新小基隆,埔頭坑,32-1
三芝區,芝柏,,524,三芝區,新小基隆,埔頭坑,32-18
三芝區,芝柏,,525,三芝區,新小基隆,埔頭坑,32-16
三芝區,芝柏,,526,三芝區,新小基隆,埔頭坑,35-17
三芝區,芝柏,,527,三芝區,新小基隆,埔頭坑,32-8
三芝區,芝柏,,528,三芝區,新小基隆,埔頭坑,32-6
三芝區,芝柏,,53,三芝區,新小基隆,陳厝坑,110-2
三芝區,芝柏,,530,三芝區,新小基隆,埔頭坑,31-2
三芝區,芝柏,,531,三芝區,新小基隆,埔頭坑,30-6
三芝區,芝柏,,532,三芝區,新小基隆,埔頭坑,31-1
三芝區,芝柏,,533,三芝區,新小基隆,埔頭坑,30-22
三芝區,芝柏,,534,三芝區,新小基隆,埔頭坑,30-8
三芝區,芝柏,,535,三芝區,新小基隆,埔頭坑,30-4
三芝區,芝柏,,536,三芝區,新小基隆,埔頭坑,30-19
三芝區,芝柏,,537,三芝區,新小基隆,埔頭坑,30-18
三芝區,芝柏,,538,三芝區,新小基隆,埔頭坑,30-13
三芝區,芝柏,,539,三芝區,新小基隆,埔頭坑,30-15
三芝區,芝柏,,54,三芝區,新小基隆,陳厝坑,110-3
三芝區,芝柏,,540,三芝區,新小基隆,埔頭坑,30-14
三芝區,芝柏,,541,三芝區,新小基隆,埔頭坑,30-12
三芝區,芝柏,,542,三芝區,新小基隆,埔頭坑,30-11
三芝區,芝柏,,543,三芝區,新小基隆,埔頭坑,30-10
三芝區,芝柏,,544,三芝區,新小基隆,埔頭坑,30-9
三芝區,芝柏,,545,三芝區,新小基隆,埔頭坑,30-21
三芝區,芝柏,,546,三芝區,新小基隆,埔頭坑,30-5
三芝區,芝柏,,547,三芝區,新小基隆,埔頭坑,30-20
三芝區,芝柏,,55,三芝區,新小基隆,陳厝坑,110-4
三芝區,芝柏,,550,三芝區,新小基隆,埔頭坑,26-4
三芝區,芝柏,,551,三芝區,新小基隆,埔頭坑,26-5
三芝區,芝柏,,552,三芝區,新小基隆,埔頭坑,26-6
三芝區,芝柏,,553,三芝區,新小基隆,陳厝坑,132-3
三芝區,芝柏,,554,三芝區,新小基隆,陳厝坑,133-3
三芝區,芝柏,,556,三芝區,新小基隆,陳厝坑,132-2
三芝區,芝柏,,557,三芝區,新小基隆,陳厝坑,132-6
三芝區,芝柏,,558,三芝區,新小基隆,陳厝坑,132-7
三芝區,芝柏,,559,三芝區,新小基隆,陳厝坑,132-1
三芝區,芝柏,,56,三芝區,新小基隆,陳厝坑,110-8
三芝區,芝柏,,560,三芝區,新小基隆,陳厝坑,128-2
三芝區,芝柏,,561,三芝區,新小基隆,陳厝坑,128-3
三芝區,芝柏,,563,三芝區,新小基隆,陳厝坑,128-1
三芝區,芝柏,,564,三芝區,新小基隆,陳厝坑,134-1
三芝區,芝柏,,565,三芝區,新小基隆,陳厝坑,133-2
三芝區,芝柏,,567,三芝區,新小基隆,陳厝坑,123-1
三芝區,芝柏,,568,三芝區,新小基隆,陳厝坑,121-5
三芝區,芝柏,,569,三芝區,新小基隆,陳厝坑,125-1
三芝區,芝柏,,57,三芝區,新小基隆,陳厝坑,110-10
三芝區,芝柏,,571,三芝區,新小基隆,陳厝坑,121-4
三芝區,芝柏,,572,三芝區,新小基隆,陳厝坑,121-3
三芝區,芝柏,,573,三芝區,新小基隆,陳厝坑,124-1
三芝區,芝柏,,575,三芝區,新小基隆,陳厝坑,121-6
三芝區,芝柏,,576,三芝區,新小基隆,陳厝坑,126-5
三芝區,芝柏,,577,三芝區,新小基隆,陳厝坑,125
三芝區,芝柏,,578,三芝區,新小基隆,陳厝坑,127-2
三芝區,芝柏,,579,三芝區,新小基隆,陳厝坑,127-4
三芝區,芝柏,,58,三芝區,新小基隆,陳厝坑,110-13
三芝區,芝柏,,580,三芝區,新小基隆,陳厝坑,127-3
三芝區,芝柏,,581,三芝區,新小基隆,陳厝坑,126
三芝區,芝柏,,582,三芝區,新小基隆,陳厝坑,126-2
三芝區,芝柏,,583,三芝區,新小基隆,陳厝坑,124
三芝區,芝柏,,585,三芝區,新小基隆,陳厝坑,126-3
三芝區,芝柏,,586,三芝區,新小基隆,陳厝坑,126-1
三芝區,芝柏,,587,三芝區,新小基隆,陳厝坑,126-4
三芝區,芝柏,,588,三芝區,新小基隆,陳厝坑,84-4
三芝區,芝柏,,59,三芝區,新小基隆,陳厝坑,110-14
三芝區,芝柏,,590,三芝區,新小基隆,陳厝坑,85-2
三芝區,芝柏,,591,三芝區,新小基隆,陳厝坑,84-3
三芝區,芝柏,,592,三芝區,新小基隆,陳厝坑,86-3
三芝區,芝柏,,593,三芝區,新小基隆,陳厝坑,80-11
三芝區,芝柏,,594,三芝區,新小基隆,陳厝坑,80-6
三芝區,芝柏,,595,三芝區,新小基隆,陳厝坑,80-9
三芝區,芝柏,,596,三芝區,新小基隆,陳厝坑,84-6
三芝區,芝柏,,597,三芝區,新小基隆,陳厝坑,84
三芝區,芝柏,,598,三芝區,新小基隆,陳厝坑,86-2
三芝區,芝柏,,599,三芝區,新小基隆,陳厝坑,86-4
三芝區,芝柏,,60,三芝區,新小基隆,陳厝坑,121-10
三芝區,芝柏,,600,三芝區,新小基隆,陳厝坑,84-7
三芝區,芝柏,,601,三芝區,新小基隆,陳厝坑,88-3
三芝區,芝柏,,602,三芝區,新小基隆,陳厝坑,75-7
三芝區,芝柏,,603,三芝區,新小基隆,陳厝坑,75
三芝區,芝柏,,604,三芝區,新小基隆,陳厝坑,88-2
三芝區,芝柏,,605,三芝區,新小基隆,陳厝坑,75-8
三芝區,芝柏,,606,三芝區,新小基隆,陳厝坑,75-14
三芝區,芝柏,,607,三芝區,新小基隆,陳厝坑,75-13
三芝區,芝柏,,608,三芝區,新小基隆,陳厝坑,75-12
三芝區,芝柏,,609,三芝區,新小基隆,陳厝坑,75-15
三芝區,芝柏,,61,三芝區,新小基隆,陳厝坑,110-15
三芝區,芝柏,,610,三芝區,新小基隆,陳厝坑,75-16
三芝區,芝柏,,611,三芝區,新小基隆,陳厝坑,75-11
三芝區,芝柏,,612,三芝區,新小基隆,陳厝坑,74-1
三芝區,芝柏,,613,三芝區,新小基隆,陳厝坑,75-19
三芝區,芝柏,,614,三芝區,新小基隆,陳厝坑,75-6
三芝區,芝柏,,615,三芝區,新小基隆,陳厝坑,74-2
三芝區,芝柏,,616,三芝區,新小基隆,陳厝坑,63-8
三芝區,芝柏,,617,三芝區,新小基隆,陳厝坑,63-7
三芝區,芝柏,,618,三芝區,新小基隆,陳厝坑,63-14
三芝區,芝柏,,619,三芝區,新小基隆,陳厝坑,63-12
三芝區,芝柏,,62,三芝區,新小基隆,陳厝坑,121-11
三芝區,芝柏,,621,三芝區,新小基隆,陳厝坑,63-11
三芝區,芝柏,,622,三芝區,新小基隆,陳厝坑,63-5
三芝區,芝柏,,626,三芝區,新小基隆,陳厝坑,62-3
三芝區,芝柏,,627,三芝區,新小基隆,陳厝坑,62
三芝區,芝柏,,629,三芝區,新小基隆,陳厝坑,62-1
三芝區,芝柏,,63,三芝區,新小基隆,陳厝坑,116-5
三芝區,芝柏,,630,三芝區,新小基隆,陳厝坑,62-2
三芝區,芝柏,,632,三芝區,新小基隆,陳厝坑,63-21
三芝區,芝柏,,634,三芝區,新小基隆,陳厝坑,63-2
三芝區,芝柏,,635,三芝區,新小基隆,陳厝坑,63-16
三芝區,芝柏,,636,三芝區,新小基隆,陳厝坑,63
三芝區,芝柏,,637,三芝區,新小基隆,陳厝坑,60-5
三芝區,芝柏,,638,三芝區,新小基隆,陳厝坑,60-12
三芝區,芝柏,,639,三芝區,新小基隆,陳厝坑,60-17
三芝區,芝柏,,64,三芝區,新小基隆,陳厝坑,116-8
三芝區,芝柏,,640,三芝區,新小基隆,陳厝坑,60-16
三芝區,芝柏,,641,三芝區,新小基隆,陳厝坑,60-13
三芝區,芝柏,,642,三芝區,新小基隆,陳厝坑,60-14
三芝區,芝柏,,643,三芝區,新小基隆,陳厝坑,60-15
三芝區,芝柏,,644,三芝區,新小基隆,陳厝坑,60-18
三芝區,芝柏,,645,三芝區,新小基隆,陳厝坑,60-10
三芝區,芝柏,,646,三芝區,新小基隆,陳厝坑,60-11
三芝區,芝柏,,647,三芝區,新小基隆,陳厝坑,75-9
三芝區,芝柏,,648,三芝區,新小基隆,陳厝坑,75-18
三芝區,芝柏,,649,三芝區,新小基隆,陳厝坑,75-17
三芝區,芝柏,,65,三芝區,新小基隆,陳厝坑,116-11
三芝區,芝柏,,650,三芝區,新小基隆,陳厝坑,76-8
三芝區,芝柏,,651,三芝區,新小基隆,陳厝坑,75-10
三芝區,芝柏,,652,三芝區,新小基隆,陳厝坑,84-9
三芝區,芝柏,,653,三芝區,新小基隆,陳厝坑,84-8
三芝區,芝柏,,654,三芝區,新小基隆,陳厝坑,84-2
三芝區,芝柏,,655,三芝區,新小基隆,陳厝坑,75-1
三芝區,芝柏,,656,三芝區,新小基隆,陳厝坑,76-2
三芝區,芝柏,,657,三芝區,新小基隆,陳厝坑,76-4
三芝區,芝柏,,658,三芝區,新小基隆,陳厝坑,76-7
三芝區,芝柏,,659,三芝區,新小基隆,陳厝坑,76-11
三芝區,芝柏,,66,三芝區,新小基隆,陳厝坑,116-12
三芝區,芝柏,,660,三芝區,新小基隆,陳厝坑,76-10
三芝區,芝柏,,661,三芝區,新小基隆,陳厝坑,76-3
三芝區,芝柏,,662,三芝區,新小基隆,陳厝坑,76-9
三芝區,芝柏,,663,三芝區,新小基隆,陳厝坑,76-6
三芝區,芝柏,,664,三芝區,新小基隆,陳厝坑,76-1
三芝區,芝柏,,665,三芝區,新小基隆,陳厝坑,76-5
三芝區,芝柏,,666,三芝區,新小基隆,陳厝坑,75-29
三芝區,芝柏,,667,三芝區,新小基隆,陳厝坑,76
三芝區,芝柏,,668,三芝區,新小基隆,陳厝坑,75-27
三芝區,芝柏,,669,三芝區,新小基隆,陳厝坑,75-20
三芝區,芝柏,,67,三芝區,新小基隆,陳厝坑,110-5
三芝區,芝柏,,670,三芝區,新小基隆,陳厝坑,84-1
三芝區,芝柏,,671,三芝區,新小基隆,陳厝坑,80-5
三芝區,芝柏,,672,三芝區,新小基隆,陳厝坑,80-15
三芝區,芝柏,,673,三芝區,新小基隆,陳厝坑,80-16
三芝區,芝柏,,674,三芝區,新小基隆,陳厝坑,80-22
三芝區,芝柏,,675,三芝區,新小基隆,陳厝坑,80-7
三芝區,芝柏,,676,三芝區,新小基隆,陳厝坑,80-8
三芝區,芝柏,,677,三芝區,新小基隆,陳厝坑,126-7
三芝區,芝柏,,678,三芝區,新小基隆,陳厝坑,80-19
三芝區,芝柏,,679,三芝區,新小基隆,陳厝坑,80-20
三芝區,芝柏,,68,三芝區,新小基隆,陳厝坑,116-13
三芝區,芝柏,,680,三芝區,新小基隆,陳厝坑,80-21
三芝區,芝柏,,681,三芝區,新小基隆,陳厝坑,80-10
三芝區,芝柏,,682,三芝區,新小基隆,陳厝坑,126-6
三芝區,芝柏,,683,三芝區,新小基隆,陳厝坑,80-4
三芝區,芝柏,,684,三芝區,新小基隆,陳厝坑,82
三芝區,芝柏,,685,三芝區,新小基隆,陳厝坑,81-1
三芝區,芝柏,,686,三芝區,新小基隆,陳厝坑,80-12
三芝區,芝柏,,687,三芝區,新小基隆,陳厝坑,80-17
三芝區,芝柏,,688,三芝區,新小基隆,陳厝坑,80-18
三芝區,芝柏,,689,三芝區,新小基隆,陳厝坑,80-1
三芝區,芝柏,,69,三芝區,新小基隆,陳厝坑,110-6
三芝區,芝柏,,690,三芝區,新小基隆,陳厝坑,80-13
三芝區,芝柏,,691,三芝區,新小基隆,陳厝坑,80-14
三芝區,芝柏,,692,三芝區,新小基隆,陳厝坑,83-1
三芝區,芝柏,,693,三芝區,新小基隆,陳厝坑,80
三芝區,芝柏,,694,三芝區,新小基隆,陳厝坑,80-2
三芝區,芝柏,,695,三芝區,新小基隆,陳厝坑,77-4
三芝區,芝柏,,696,三芝區,新小基隆,陳厝坑,77-8
三芝區,芝柏,,697,三芝區,新小基隆,陳厝坑,77-33
三芝區,芝柏,,698,三芝區,新小基隆,陳厝坑,79-12
三芝區,芝柏,,699,三芝區,新小基隆,陳厝坑,79-11
三芝區,芝柏,,7,三芝區,新小基隆,陳厝坑,106
三芝區,芝柏,,70,三芝區,新小基隆,陳厝坑,116-14
三芝區,芝柏,,700,三芝區,新小基隆,陳厝坑,79
三芝區,芝柏,,701,三芝區,新小基隆,陳厝坑,81
三芝區,芝柏,,702,三芝區,新小基隆,陳厝坑,127
三芝區,芝柏,,703,三芝區,新小基隆,陳厝坑,127-1
三芝區,芝柏,,705,三芝區,新小基隆,陳厝坑,128
三芝區,芝柏,,706,三芝區,新小基隆,陳厝坑,132
三芝區,芝柏,,707,三芝區,新小基隆,陳厝坑,130-4
三芝區,芝柏,,708,三芝區,新小基隆,陳厝坑,130-3
三芝區,芝柏,,709,三芝區,新小基隆,陳厝坑,130-5
三芝區,芝柏,,71,三芝區,新小基隆,陳厝坑,118-5
三芝區,芝柏,,710,三芝區,新小基隆,陳厝坑,131
三芝區,芝柏,,712,三芝區,新小基隆,陳厝坑,131-6
三芝區,芝柏,,713,三芝區,新小基隆,陳厝坑,131-7
三芝區,芝柏,,714,三芝區,新小基隆,陳厝坑,131-8
三芝區,芝柏,,716,三芝區,新小基隆,陳厝坑,130-1
三芝區,芝柏,,717,三芝區,新小基隆,陳厝坑,129
三芝區,芝柏,,719,三芝區,新小基隆,陳厝坑,130
三芝區,芝柏,,72,三芝區,新小基隆,陳厝坑,110-7
三芝區,芝柏,,720,三芝區,新小基隆,陳厝坑,131-2
三芝區,芝柏,,721,三芝區,新小基隆,陳厝坑,130-2
三芝區,芝柏,,722,三芝區,新小基隆,陳厝坑,130-6
三芝區,芝柏,,723,三芝區,新小基隆,陳厝坑,130-7
三芝區,芝柏,,724,三芝區,新小基隆,陳厝坑,130-18
三芝區,芝柏,,725,三芝區,新小基隆,陳厝坑,132-4
三芝區,芝柏,,726,三芝區,新小基隆,埔頭坑,30-24
三芝區,芝柏,,727,三芝區,新小基隆,埔頭坑,30-17
三芝區,芝柏,,729,三芝區,新小基隆,埔頭坑,30-23
三芝區,芝柏,,73,三芝區,新小基隆,陳厝坑,118-6
三芝區,芝柏,,730,三芝區,新小基隆,埔頭坑,30-3
三芝區,芝柏,,731,三芝區,新小基隆,陳厝坑,132-5
三芝區,芝柏,,732,三芝區,新小基隆,埔頭坑,30-1
三芝區,芝柏,,733,三芝區,新小基隆,埔頭坑,30-2
三芝區,芝柏,,734,三芝區,新小基隆,埔頭坑,30-16
三芝區,芝柏,,735,三芝區,新小基隆,埔頭坑,30
三芝區,芝柏,,736,三芝區,新小基隆,埔頭坑,31
三芝區,芝柏,,737,三芝區,新小基隆,埔頭坑,32
三芝區,芝柏,,739,三芝區,新小基隆,埔頭坑,32-11
三芝區,芝柏,,74,三芝區,新小基隆,陳厝坑,110-9
三芝區,芝柏,,740,三芝區,新小基隆,埔頭坑,32-7
三芝區,芝柏,,741,三芝區,新小基隆,埔頭坑,32-9
三芝區,芝柏,,743,三芝區,新小基隆,埔頭坑,193
三芝區,芝柏,,746,三芝區,新小基隆,埔頭坑,194
三芝區,芝柏,,747,三芝區,新小基隆,埔頭坑,195
三芝區,芝柏,,748,三芝區,新小基隆,埔頭坑,195-2
三芝區,芝柏,,75,三芝區,新小基隆,陳厝坑,110-11
三芝區,芝柏,,750,三芝區,新小基隆,埔頭坑,195-1
三芝區,芝柏,,751,三芝區,新小基隆,埔頭坑,195-4
三芝區,芝柏,,753,三芝區,新小基隆,陳厝坑,131-3
三芝區,芝柏,,754,三芝區,新小基隆,陳厝坑,130-17
三芝區,芝柏,,755,三芝區,新小基隆,埔頭坑,195-3
三芝區,芝柏,,756,三芝區,新小基隆,埔頭坑,192
三芝區,芝柏,,758,三芝區,新小基隆,埔頭坑,197
三芝區,芝柏,,759,三芝區,新小基隆,埔頭坑,197-3
三芝區,芝柏,,76,三芝區,新小基隆,陳厝坑,110-12
三芝區,芝柏,,760,三芝區,新小基隆,埔頭坑,198
三芝區,芝柏,,761,三芝區,新小基隆,埔頭坑,197-1
三芝區,芝柏,,762,三芝區,新小基隆,埔頭坑,196
三芝區,芝柏,,763,三芝區,新小基隆,埔頭坑,197-4
三芝區,芝柏,,764,三芝區,新小基隆,陳厝坑,130-11
三芝區,芝柏,,765,三芝區,新小基隆,陳厝坑,130-10
三芝區,芝柏,,766,三芝區,新小基隆,陳厝坑,130-12
三芝區,芝柏,,767,三芝區,新小基隆,埔頭坑,199-3
三芝區,芝柏,,768,三芝區,新小基隆,埔頭坑,199-1
三芝區,芝柏,,769,三芝區,新小基隆,埔頭坑,199-2
三芝區,芝柏,,77,三芝區,新小基隆,陳厝坑,121-9
三芝區,芝柏,,770,三芝區,新小基隆,埔頭坑,199
三芝區,芝柏,,772,三芝區,新小基隆,埔頭坑,191
三芝區,芝柏,,773,三芝區,新小基隆,埔頭坑,191-1
三芝區,芝柏,,774,三芝區,新小基隆,埔頭坑,191-2
三芝區,芝柏,,775,三芝區,新小基隆,埔頭坑,191-3
三芝區,芝柏,,776,三芝區,新小基隆,埔頭坑,191-5
三芝區,芝柏,,777,三芝區,新小基隆,埔頭坑,191-4
三芝區,芝柏,,778,三芝區,新小基隆,埔頭坑,191-6
三芝區,芝柏,,779,三芝區,新小基隆,埔頭坑,191-7
三芝區,芝柏,,78,三芝區,新小基隆,陳厝坑,121-8
三芝區,芝柏,,780,三芝區,新小基隆,埔頭坑,190-2
三芝區,芝柏,,782,三芝區,新小基隆,埔頭坑,190-1
三芝區,芝柏,,783,三芝區,新小基隆,埔頭坑,200
三芝區,芝柏,,784,三芝區,新小基隆,埔頭坑,190
三芝區,芝柏,,785,三芝區,新小基隆,埔頭坑,200-1
三芝區,芝柏,,786,三芝區,新小基隆,埔頭坑,200-6
三芝區,芝柏,,787,三芝區,新小基隆,埔頭坑,200-5
三芝區,芝柏,,788,三芝區,新小基隆,埔頭坑,201
三芝區,芝柏,,789,三芝區,新小基隆,埔頭坑,202-1
三芝區,芝柏,,79,三芝區,新小基隆,陳厝坑,121-7
三芝區,芝柏,,790,三芝區,新小基隆,埔頭坑,202
三芝區,芝柏,,791,三芝區,新小基隆,埔頭坑,200-3
三芝區,芝柏,,792,三芝區,新小基隆,埔頭坑,200-10
三芝區,芝柏,,793,三芝區,新小基隆,埔頭坑,200-9
三芝區,芝柏,,794,三芝區,新小基隆,埔頭坑,200-8
三芝區,芝柏,,796,三芝區,新小基隆,陳厝坑,131-4
三芝區,芝柏,,797,三芝區,新小基隆,陳厝坑,130-13
三芝區,芝柏,,798,三芝區,新小基隆,陳厝坑,130-14
三芝區,芝柏,,799,三芝區,新小基隆,陳厝坑,79-1
三芝區,芝柏,,8,三芝區,新小基隆,埔頭坑,14-7
三芝區,芝柏,,80,三芝區,新小基隆,陳厝坑,118-11
三芝區,芝柏,,800,三芝區,新小基隆,陳厝坑,79-5
三芝區,芝柏,,801,三芝區,新小基隆,陳厝坑,130-15
三芝區,芝柏,,802,三芝區,新小基隆,陳厝坑,130-16
三芝區,芝柏,,804,三芝區,新小基隆,陳厝坑,79-2
三芝區,芝柏,,805,三芝區,新小基隆,陳厝坑,79-4
三芝區,芝柏,,806,三芝區,新小基隆,陳厝坑,79-7
三芝區,芝柏,,807,三芝區,新小基隆,陳厝坑,79-3
三芝區,芝柏,,808,三芝區,新小基隆,陳厝坑,131-5
三芝區,芝柏,,809,三芝區,新小基隆,陳厝坑,79-6
三芝區,芝柏,,81,三芝區,新小基隆,陳厝坑,118-10
三芝區,芝柏,,810,三芝區,新小基隆,陳厝坑,77-9
三芝區,芝柏,,811,三芝區,新小基隆,陳厝坑,77-19
三芝區,芝柏,,812,三芝區,新小基隆,陳厝坑,77-2
三芝區,芝柏,,813,三芝區,新小基隆,陳厝坑,77-7
三芝區,芝柏,,814,三芝區,新小基隆,陳厝坑,79-10
三芝區,芝柏,,815,三芝區,新小基隆,陳厝坑,77-34
三芝區,芝柏,,817,三芝區,新小基隆,陳厝坑,77-18
三芝區,芝柏,,818,三芝區,新小基隆,陳厝坑,79-8
三芝區,芝柏,,819,三芝區,新小基隆,陳厝坑,77-44
三芝區,芝柏,,82,三芝區,新小基隆,陳厝坑,118-8
三芝區,芝柏,,820,三芝區,新小基隆,陳厝坑,77-17
三芝區,芝柏,,821,三芝區,新小基隆,陳厝坑,77-45
三芝區,芝柏,,822,三芝區,新小基隆,陳厝坑,77-46
三芝區,芝柏,,825,三芝區,新小基隆,埔頭坑,200-7
三芝區,芝柏,,826,三芝區,新小基隆,陳厝坑,77-14
三芝區,芝柏,,827,三芝區,新小基隆,陳厝坑,75-26
三芝區,芝柏,,828,三芝區,新小基隆,陳厝坑,75-21
三芝區,芝柏,,829,三芝區,新小基隆,陳厝坑,75-23
三芝區,芝柏,,83,三芝區,新小基隆,陳厝坑,118-7
三芝區,芝柏,,830,三芝區,新小基隆,陳厝坑,75-24
三芝區,芝柏,,831,三芝區,新小基隆,陳厝坑,75-28
三芝區,芝柏,,832,三芝區,新小基隆,陳厝坑,75-25
三芝區,芝柏,,833,三芝區,新小基隆,陳厝坑,77-3
三芝區,芝柏,,834,三芝區,新小基隆,陳厝坑,77-20
三芝區,芝柏,,835,三芝區,新小基隆,陳厝坑,77-21
三芝區,芝柏,,836,三芝區,新小基隆,陳厝坑,77-22
三芝區,芝柏,,837,三芝區,新小基隆,陳厝坑,77-23
三芝區,芝柏,,838,三芝區,新小基隆,陳厝坑,77-24
三芝區,芝柏,,839,三芝區,新小基隆,陳厝坑,77-16
三芝區,芝柏,,84,三芝區,新小基隆,陳厝坑,116-15
三芝區,芝柏,,840,三芝區,新小基隆,陳厝坑,77-10
三芝區,芝柏,,841,三芝區,新小基隆,陳厝坑,78-1
三芝區,芝柏,,843,三芝區,新小基隆,陳厝坑,77-1
三芝區,芝柏,,844,三芝區,新小基隆,陳厝坑,78
三芝區,芝柏,,845,三芝區,新小基隆,陳厝坑,77-6
三芝區,芝柏,,846,三芝區,新小基隆,陳厝坑,77-31
三芝區,芝柏,,847,三芝區,新小基隆,陳厝坑,77
三芝區,芝柏,,848,三芝區,新小基隆,陳厝坑,77-32
三芝區,芝柏,,849,三芝區,新小基隆,陳厝坑,77-25
三芝區,芝柏,,85,三芝區,新小基隆,陳厝坑,116-16
三芝區,芝柏,,850,三芝區,新小基隆,陳厝坑,77-26
三芝區,芝柏,,851,三芝區,新小基隆,陳厝坑,77-27
三芝區,芝柏,,852,三芝區,新小基隆,陳厝坑,77-28
三芝區,芝柏,,853,三芝區,新小基隆,陳厝坑,77-29
三芝區,芝柏,,854,三芝區,新小基隆,陳厝坑,77-43
三芝區,芝柏,,855,三芝區,新小基隆,陳厝坑,77-30
三芝區,芝柏,,856,三芝區,新小基隆,陳厝坑,52-7
三芝區,芝柏,,857,三芝區,新小基隆,陳厝坑,52-22
三芝區,芝柏,,858,三芝區,新小基隆,陳厝坑,52-25
三芝區,芝柏,,859,三芝區,新小基隆,陳厝坑,52-14
三芝區,芝柏,,86,三芝區,新小基隆,陳厝坑,116-17
三芝區,芝柏,,860,三芝區,新小基隆,陳厝坑,60-4
三芝區,芝柏,,861,三芝區,新小基隆,陳厝坑,60-9
三芝區,芝柏,,862,三芝區,新小基隆,陳厝坑,61-4
三芝區,芝柏,,863,三芝區,新小基隆,陳厝坑,61-5
三芝區,芝柏,,865,三芝區,新小基隆,陳厝坑,61-6
三芝區,芝柏,,866,三芝區,新小基隆,陳厝坑,61-2
三芝區,芝柏,,867,三芝區,新小基隆,陳厝坑,61-8
三芝區,芝柏,,868,三芝區,新小基隆,陳厝坑,61-1
三芝區,芝柏,,869,三芝區,新小基隆,陳厝坑,61-3
三芝區,芝柏,,87,三芝區,新小基隆,陳厝坑,116-10
三芝區,芝柏,,871,三芝區,新小基隆,陳厝坑,61-9
三芝區,芝柏,,873,三芝區,新小基隆,陳厝坑,61
三芝區,芝柏,,874,三芝區,新小基隆,陳厝坑,60-8
三芝區,芝柏,,875,三芝區,新小基隆,陳厝坑,60-2
三芝區,芝柏,,876,三芝區,新小基隆,陳厝坑,60-3
三芝區,芝柏,,877,三芝區,新小基隆,陳厝坑,60-7
三芝區,芝柏,,879,三芝區,新小基隆,陳厝坑,60-6
三芝區,芝柏,,88,三芝區,新小基隆,陳厝坑,116-9
三芝區,芝柏,,880,三芝區,新小基隆,陳厝坑,60
三芝區,芝柏,,881,三芝區,新小基隆,陳厝坑,60-1
三芝區,芝柏,,882,三芝區,新小基隆,陳厝坑,59
三芝區,芝柏,,885,三芝區,新小基隆,陳厝坑,59-2
三芝區,芝柏,,886,三芝區,新小基隆,陳厝坑,59-1
三芝區,芝柏,,889,三芝區,新小基隆,陳厝坑,52-15
三芝區,芝柏,,89,三芝區,新小基隆,陳厝坑,115-1
三芝區,芝柏,,890,三芝區,新小基隆,陳厝坑,52-16
三芝區,芝柏,,891,三芝區,新小基隆,陳厝坑,52-17
三芝區,芝柏,,892,三芝區,新小基隆,陳厝坑,77-12
三芝區,芝柏,,894,三芝區,新小基隆,陳厝坑,52-10
三芝區,芝柏,,895,三芝區,新小基隆,埔頭坑,219-8
三芝區,芝柏,,896,三芝區,新小基隆,埔頭坑,219-9
三芝區,芝柏,,897,三芝區,新小基隆,埔頭坑,212-2
三芝區,芝柏,,898,三芝區,新小基隆,埔頭坑,212-4
三芝區,芝柏,,899,三芝區,新小基隆,埔頭坑,212-5
三芝區,芝柏,,9,三芝區,新小基隆,陳厝坑,137-5
三芝區,芝柏,,90,三芝區,新小基隆,陳厝坑,116-4
三芝區,芝柏,,900,三芝區,新小基隆,陳厝坑,77-11
三芝區,芝柏,,901,三芝區,新小基隆,埔頭坑,207-4
三芝區,芝柏,,902,三芝區,新小基隆,陳厝坑,77-13
三芝區,芝柏,,904,三芝區,新小基隆,埔頭坑,207-5
三芝區,芝柏,,905,三芝區,新小基隆,陳厝坑,77-15
三芝區,芝柏,,906,三芝區,新小基隆,埔頭坑,207-6
三芝區,芝柏,,907,三芝區,新小基隆,埔頭坑,204-8
三芝區,芝柏,,908,三芝區,新小基隆,埔頭坑,200-2
三芝區,芝柏,,909,三芝區,新小基隆,埔頭坑,204-12
三芝區,芝柏,,91,三芝區,新小基隆,埔頭坑,14-8
三芝區,芝柏,,910,三芝區,新小基隆,埔頭坑,204-13
三芝區,芝柏,,911,三芝區,新小基隆,埔頭坑,204-14
三芝區,芝柏,,912,三芝區,新小基隆,埔頭坑,204-1
三芝區,芝柏,,914,三芝區,新小基隆,埔頭坑,202-4
三芝區,芝柏,,915,三芝區,新小基隆,埔頭坑,202-3
三芝區,芝柏,,916,三芝區,新小基隆,埔頭坑,202-2
三芝區,芝柏,,917,三芝區,新小基隆,埔頭坑,186-4
三芝區,芝柏,,919,三芝區,新小基隆,埔頭坑,186-3
三芝區,芝柏,,92,三芝區,新小基隆,埔頭坑,18-1
三芝區,芝柏,,921,三芝區,新小基隆,埔頭坑,203
三芝區,芝柏,,922,三芝區,新小基隆,埔頭坑,200-4
三芝區,芝柏,,923,三芝區,新小基隆,埔頭坑,204-4
三芝區,芝柏,,925,三芝區,新小基隆,埔頭坑,185
三芝區,芝柏,,926,三芝區,新小基隆,埔頭坑,186
三芝區,芝柏,,927,三芝區,新小基隆,埔頭坑,187-1
三芝區,芝柏,,929,三芝區,新小基隆,埔頭坑,188-1
三芝區,芝柏,,93,三芝區,新小基隆,埔頭坑,18
三芝區,芝柏,,931,三芝區,新小基隆,埔頭坑,188
三芝區,芝柏,,934,三芝區,新小基隆,埔頭坑,187
三芝區,芝柏,,935,三芝區,新小基隆,埔頭坑,187-2
三芝區,芝柏,,936,三芝區,新小基隆,埔頭坑,186-2
三芝區,芝柏,,937,三芝區,新小基隆,埔頭坑,186-1
三芝區,芝柏,,939,三芝區,新小基隆,埔頭坑,184
三芝區,芝柏,,944,三芝區,新小基隆,埔頭坑,214-3
三芝區,芝柏,,945,三芝區,新小基隆,埔頭坑,214
三芝區,芝柏,,946,三芝區,新小基隆,埔頭坑,214-7
三芝區,芝柏,,947,三芝區,新小基隆,埔頭坑,214-4
三芝區,芝柏,,949,三芝區,新小基隆,埔頭坑,214-1
三芝區,芝柏,,95,三芝區,新小基隆,陳厝坑,113
三芝區,芝柏,,951,三芝區,新小基隆,埔頭坑,213-1
三芝區,芝柏,,952,三芝區,新小基隆,埔頭坑,212
三芝區,芝柏,,954,三芝區,新小基隆,埔頭坑,205
三芝區,芝柏,,955,三芝區,新小基隆,埔頭坑,206
三芝區,芝柏,,956,三芝區,新小基隆,埔頭坑,204
三芝區,芝柏,,957,三芝區,新小基隆,埔頭坑,204-3
三芝區,芝柏,,958,三芝區,新小基隆,埔頭坑,207-7
三芝區,芝柏,,959,三芝區,新小基隆,埔頭坑,207
三芝區,芝柏,,96,三芝區,新小基隆,陳厝坑,113-1
三芝區,芝柏,,960,三芝區,新小基隆,埔頭坑,210
三芝區,芝柏,,961,三芝區,新小基隆,埔頭坑,211
三芝區,芝柏,,962,三芝區,新小基隆,埔頭坑,209
三芝區,芝柏,,963,三芝區,新小基隆,埔頭坑,209-1
三芝區,芝柏,,964,三芝區,新小基隆,埔頭坑,208-2
三芝區,芝柏,,965,三芝區,新小基隆,埔頭坑,208
三芝區,芝柏,,966,三芝區,新小基隆,埔頭坑,207-1
三芝區,芝柏,,967,三芝區,新小基隆,埔頭坑,207-16
三芝區,芝柏,,968,三芝區,新小基隆,埔頭坑,205-1
三芝區,芝柏,,97,三芝區,新小基隆,陳厝坑,113-2
三芝區,芝柏,,970,三芝區,新小基隆,埔頭坑,207-15
三芝區,芝柏,,971,三芝區,新小基隆,埔頭坑,207-14
三芝區,芝柏,,972,三芝區,新小基隆,埔頭坑,207-13
三芝區,芝柏,,973,三芝區,新小基隆,埔頭坑,207-12
三芝區,芝柏,,974,三芝區,新小基隆,埔頭坑,207-11
三芝區,芝柏,,975,三芝區,新小基隆,埔頭坑,207-10
三芝區,芝柏,,976,三芝區,新小基隆,埔頭坑,207-8
三芝區,芝柏,,977,三芝區,新小基隆,埔頭坑,207-9
三芝區,芝柏,,978,三芝區,新小基隆,埔頭坑,212-1
三芝區,芝柏,,979,三芝區,新小基隆,埔頭坑,212-3
三芝區,芝柏,,98,三芝區,新小基隆,陳厝坑,114
三芝區,芝柏,,980,三芝區,新小基隆,埔頭坑,213
三芝區,芝柏,,981,三芝區,新小基隆,埔頭坑,214-2
三芝區,芝柏,,983,三芝區,新小基隆,埔頭坑,214-8
三芝區,芝柏,,984,三芝區,新小基隆,埔頭坑,214-9
三芝區,芝柏,,985,三芝區,新小基隆,埔頭坑,214-12
三芝區,芝柏,,986,三芝區,新小基隆,埔頭坑,214-11
三芝區,芝柏,,987,三芝區,新小基隆,埔頭坑,214-10
三芝區,芝柏,,989,三芝區,新小基隆,埔頭坑,219-10
三芝區,芝柏,,99,三芝區,新小基隆,埔頭坑,19-1
三芝區,芝柏,,990,三芝區,新小基隆,埔頭坑,219-3
三芝區,芝柏,,991,三芝區,新小基隆,埔頭坑,217-1
三芝區,芝柏,,992,三芝區,新小基隆,埔頭坑,216
三芝區,芝柏,,993,三芝區,新小基隆,埔頭坑,215-3
三芝區,芝柏,,994,三芝區,新小基隆,埔頭坑,215-2
三芝區,芝柏,,995,三芝區,新小基隆,埔頭坑,215-5
三芝區,芝柏,,997,三芝區,新小基隆,埔頭坑,214-14
三芝區,芝柏,,998,三芝區,新小基隆,埔頭坑,215-1
三芝區,芝柏,,999,三芝區,新小基隆,埔頭坑,215-4
三芝區,芝蘭,,1,三芝區,後厝,番子崙,143
三芝區,芝蘭,,10,三芝區,後厝,番子崙,136
三芝區,芝蘭,,1003,三芝區,後厝,大片頭,46
三芝區,芝蘭,,1004,三芝區,後厝,大片頭,47-4
三芝區,芝蘭,,1005,三芝區,後厝,大片頭,47-5
三芝區,芝蘭,,1006,三芝區,後厝,大片頭,47-6
三芝區,芝蘭,,1007,三芝區,後厝,大片頭,47-7
三芝區,芝蘭,,1008,三芝區,後厝,大片頭,47-8
三芝區,芝蘭,,1009,三芝區,後厝,大片頭,47
三芝區,芝蘭,,101,三芝區,後厝,番子崙,114
三芝區,芝蘭,,1010,三芝區,後厝,大片頭,47-1
三芝區,芝蘭,,1011,三芝區,後厝,大片頭,47-2
三芝區,芝蘭,,1012,三芝區,後厝,大片頭,47-3
三芝區,芝蘭,,1013,三芝區,後厝,大片頭,45
三芝區,芝蘭,,1015,三芝區,後厝,大片頭,44
三芝區,芝蘭,,1019,三芝區,後厝,大片頭,8
三芝區,芝蘭,,102,三芝區,後厝,番子崙,113
三芝區,芝蘭,,1020,三芝區,後厝,大片頭,10
三芝區,芝蘭,,1022,三芝區,後厝,大片頭,21-1
三芝區,芝蘭,,1023,三芝區,後厝,大片頭,8-1
三芝區,芝蘭,,1024,三芝區,後厝,大片頭,19
三芝區,芝蘭,,1025,三芝區,後厝,大片頭,20-1
三芝區,芝蘭,,1026,三芝區,後厝,大片頭,18-4
三芝區,芝蘭,,1027,三芝區,後厝,大片頭,18-5
三芝區,芝蘭,,1028,三芝區,後厝,大片頭,10-1
三芝區,芝蘭,,1029,三芝區,後厝,大片頭,13
三芝區,芝蘭,,103,三芝區,後厝,番子崙,114-1
三芝區,芝蘭,,1030,三芝區,後厝,大片頭,15
三芝區,芝蘭,,1031,三芝區,後厝,大片頭,15-1
三芝區,芝蘭,,1033,三芝區,後厝,大片頭,16
三芝區,芝蘭,,1034,三芝區,後厝,大片頭,18-1
三芝區,芝蘭,,1035,三芝區,後厝,大片頭,20
三芝區,芝蘭,,1036,三芝區,後厝,大片頭,21
三芝區,芝蘭,,1037,三芝區,後厝,大片頭,18-3
三芝區,芝蘭,,1038,三芝區,後厝,土地公坑,162
三芝區,芝蘭,,1039,三芝區,後厝,大片頭,18-2
三芝區,芝蘭,,1040,三芝區,後厝,大片頭,23
三芝區,芝蘭,,1041,三芝區,後厝,大片頭,18
三芝區,芝蘭,,1044,三芝區,後厝,大片頭,33
三芝區,芝蘭,,1045,三芝區,後厝,大片頭,33-1
三芝區,芝蘭,,1046,三芝區,後厝,大片頭,43
三芝區,芝蘭,,1047,三芝區,後厝,大片頭,43-1
三芝區,芝蘭,,1048,三芝區,後厝,大片頭,43-3
三芝區,芝蘭,,105,三芝區,後厝,番子崙,110-3
三芝區,芝蘭,,1052,三芝區,後厝,大片頭,52
三芝區,芝蘭,,1053,三芝區,後厝,大片頭,52-1
三芝區,芝蘭,,1054,三芝區,後厝,大片頭,55-1
三芝區,芝蘭,,1055,三芝區,後厝,大片頭,55
三芝區,芝蘭,,1059,三芝區,後厝,大片頭,40-4
三芝區,芝蘭,,106,三芝區,後厝,番子崙,110-2
三芝區,芝蘭,,1060,三芝區,後厝,大片頭,40-1
三芝區,芝蘭,,1061,三芝區,後厝,大片頭,37-1
三芝區,芝蘭,,1062,三芝區,後厝,大片頭,35
三芝區,芝蘭,,1063,三芝區,後厝,大片頭,34-1
三芝區,芝蘭,,1064,三芝區,後厝,大片頭,34
三芝區,芝蘭,,1065,三芝區,後厝,大片頭,37
三芝區,芝蘭,,1066,三芝區,後厝,大片頭,32
三芝區,芝蘭,,1067,三芝區,後厝,大片頭,31-1
三芝區,芝蘭,,1068,三芝區,後厝,大片頭,31-4
三芝區,芝蘭,,1069,三芝區,後厝,大片頭,31-3
三芝區,芝蘭,,107,三芝區,後厝,番子崙,110
三芝區,芝蘭,,1070,三芝區,後厝,大片頭,31-2
三芝區,芝蘭,,1071,三芝區,後厝,大片頭,24-2
三芝區,芝蘭,,1072,三芝區,後厝,大片頭,24
三芝區,芝蘭,,1073,三芝區,後厝,大片頭,24-1
三芝區,芝蘭,,1074,三芝區,後厝,大片頭,29
三芝區,芝蘭,,1075,三芝區,後厝,大片頭,24-3
三芝區,芝蘭,,1076,三芝區,後厝,大片頭,25
三芝區,芝蘭,,1077,三芝區,後厝,大片頭,27-1
三芝區,芝蘭,,1078,三芝區,後厝,大片頭,90-3
三芝區,芝蘭,,1079,三芝區,後厝,大片頭,27-2
三芝區,芝蘭,,1080,三芝區,後厝,大片頭,28-1
三芝區,芝蘭,,1082,三芝區,後厝,大片頭,87-3
三芝區,芝蘭,,1083,三芝區,後厝,大片頭,90-8
三芝區,芝蘭,,1084,三芝區,後厝,大片頭,26-4
三芝區,芝蘭,,1085,三芝區,後厝,大片頭,26
三芝區,芝蘭,,1086,三芝區,後厝,大片頭,26-1
三芝區,芝蘭,,1087,三芝區,後厝,大片頭,26-5
三芝區,芝蘭,,1088,三芝區,後厝,大片頭,26-2
三芝區,芝蘭,,1089,三芝區,後厝,大片頭,26-3
三芝區,芝蘭,,109,三芝區,後厝,番子崙,109-1
三芝區,芝蘭,,1090,三芝區,後厝,大片頭,87-5
三芝區,芝蘭,,1091,三芝區,後厝,大片頭,28-2
三芝區,芝蘭,,1092,三芝區,後厝,大片頭,28-3
三芝區,芝蘭,,1093,三芝區,後厝,大片頭,27-5
三芝區,芝蘭,,1094,三芝區,後厝,大片頭,27-6
三芝區,芝蘭,,1095,三芝區,後厝,大片頭,24-4
三芝區,芝蘭,,1096,三芝區,後厝,大片頭,31
三芝區,芝蘭,,1097,三芝區,後厝,大片頭,30
三芝區,芝蘭,,1098,三芝區,後厝,大片頭,27-3
三芝區,芝蘭,,1099,三芝區,後厝,大片頭,38-1
三芝區,芝蘭,,11,三芝區,後厝,番子崙,138-1
三芝區,芝蘭,,110,三芝區,後厝,番子崙,110-1
三芝區,芝蘭,,1100,三芝區,後厝,大片頭,38-3
三芝區,芝蘭,,1101,三芝區,後厝,大片頭,38-9
三芝區,芝蘭,,1102,三芝區,後厝,大片頭,27-7
三芝區,芝蘭,,1103,三芝區,後厝,大片頭,27-4
三芝區,芝蘭,,1104,三芝區,後厝,大片頭,38-2
三芝區,芝蘭,,1105,三芝區,後厝,大片頭,38-8
三芝區,芝蘭,,1106,三芝區,後厝,大片頭,38-6
三芝區,芝蘭,,1107,三芝區,後厝,大片頭,38
三芝區,芝蘭,,1108,三芝區,後厝,大片頭,39-11
三芝區,芝蘭,,1109,三芝區,後厝,大片頭,38-5
三芝區,芝蘭,,111,三芝區,後厝,番子崙,111
三芝區,芝蘭,,1110,三芝區,後厝,大片頭,39-10
三芝區,芝蘭,,1111,三芝區,後厝,大片頭,39-9
三芝區,芝蘭,,1112,三芝區,後厝,大片頭,38-4
三芝區,芝蘭,,1113,三芝區,後厝,大片頭,39-12
三芝區,芝蘭,,1114,三芝區,後厝,大片頭,39-13
三芝區,芝蘭,,1115,三芝區,後厝,大片頭,38-7
三芝區,芝蘭,,1116,三芝區,後厝,大片頭,39-2
三芝區,芝蘭,,1117,三芝區,後厝,大片頭,38-10
三芝區,芝蘭,,1118,三芝區,後厝,大片頭,40-9
三芝區,芝蘭,,1119,三芝區,後厝,大片頭,40-2
三芝區,芝蘭,,112,三芝區,後厝,番子崙,101
三芝區,芝蘭,,1120,三芝區,後厝,大片頭,40-25
三芝區,芝蘭,,1121,三芝區,後厝,大片頭,40-26
三芝區,芝蘭,,1122,三芝區,後厝,大片頭,40-6
三芝區,芝蘭,,1123,三芝區,後厝,大片頭,40-7
三芝區,芝蘭,,1124,三芝區,後厝,大片頭,40-12
三芝區,芝蘭,,1125,三芝區,後厝,大片頭,40-13
三芝區,芝蘭,,1126,三芝區,後厝,大片頭,40-14
三芝區,芝蘭,,1127,三芝區,後厝,大片頭,42-5
三芝區,芝蘭,,1128,三芝區,後厝,大片頭,42-3
三芝區,芝蘭,,1129,三芝區,後厝,大片頭,40-24
三芝區,芝蘭,,113,三芝區,後厝,番子崙,106
三芝區,芝蘭,,1130,三芝區,後厝,大片頭,40-23
三芝區,芝蘭,,1131,三芝區,後厝,大片頭,40-22
三芝區,芝蘭,,1132,三芝區,後厝,大片頭,40-19
三芝區,芝蘭,,1133,三芝區,後厝,大片頭,40-5
三芝區,芝蘭,,1134,三芝區,後厝,大片頭,40-21
三芝區,芝蘭,,1135,三芝區,後厝,大片頭,42
三芝區,芝蘭,,1136,三芝區,後厝,大片頭,42-4
三芝區,芝蘭,,1137,三芝區,後厝,大片頭,42-1
三芝區,芝蘭,,1138,三芝區,後厝,大片頭,41-1
三芝區,芝蘭,,1139,三芝區,後厝,大片頭,40-18
三芝區,芝蘭,,114,三芝區,後厝,番子崙,106-3
三芝區,芝蘭,,1140,三芝區,後厝,大片頭,40-27
三芝區,芝蘭,,1141,三芝區,後厝,大片頭,40-3
三芝區,芝蘭,,1142,三芝區,後厝,大片頭,40-15
三芝區,芝蘭,,1143,三芝區,後厝,大片頭,40-10
三芝區,芝蘭,,1144,三芝區,後厝,大片頭,40-11
三芝區,芝蘭,,1145,三芝區,後厝,大片頭,40-17
三芝區,芝蘭,,1146,三芝區,後厝,大片頭,41-2
三芝區,芝蘭,,1148,三芝區,後厝,大片頭,40-16
三芝區,芝蘭,,1149,三芝區,後厝,大片頭,41-7
三芝區,芝蘭,,115,三芝區,後厝,番子崙,105
三芝區,芝蘭,,1150,三芝區,後厝,大片頭,42-2
三芝區,芝蘭,,1151,三芝區,後厝,大片頭,41-3
三芝區,芝蘭,,1152,三芝區,後厝,大片頭,41-4
三芝區,芝蘭,,1153,三芝區,後厝,大片頭,41-5
三芝區,芝蘭,,1155,三芝區,後厝,大片頭,56
三芝區,芝蘭,,1156,三芝區,後厝,大片頭,54
三芝區,芝蘭,,1157,三芝區,後厝,大片頭,54-1
三芝區,芝蘭,,1158,三芝區,後厝,大片頭,53
三芝區,芝蘭,,1159,三芝區,後厝,大片頭,54-2
三芝區,芝蘭,,116,三芝區,後厝,番子崙,104-1
三芝區,芝蘭,,1161,三芝區,後厝,大片頭,59-15
三芝區,芝蘭,,1162,三芝區,後厝,大片頭,59
三芝區,芝蘭,,1163,三芝區,後厝,大片頭,59-1
三芝區,芝蘭,,1164,三芝區,後厝,大片頭,59-9
三芝區,芝蘭,,1165,三芝區,後厝,大片頭,61-6
三芝區,芝蘭,,1166,三芝區,後厝,大片頭,61-5
三芝區,芝蘭,,1167,三芝區,後厝,大片頭,61-4
三芝區,芝蘭,,1168,三芝區,後厝,大片頭,61
三芝區,芝蘭,,1169,三芝區,後厝,大片頭,61-3
三芝區,芝蘭,,117,三芝區,後厝,番子崙,104
三芝區,芝蘭,,1170,三芝區,後厝,大片頭,61-2
三芝區,芝蘭,,1171,三芝區,後厝,大片頭,59-13
三芝區,芝蘭,,1172,三芝區,後厝,大片頭,60
三芝區,芝蘭,,1173,三芝區,後厝,大片頭,59-5
三芝區,芝蘭,,1174,三芝區,後厝,大片頭,59-14
三芝區,芝蘭,,1175,三芝區,後厝,大片頭,59-10
三芝區,芝蘭,,1176,三芝區,後厝,大片頭,59-7
三芝區,芝蘭,,1177,三芝區,後厝,大片頭,59-11
三芝區,芝蘭,,1178,三芝區,後厝,大片頭,59-12
三芝區,芝蘭,,1179,三芝區,後厝,大片頭,59-16
三芝區,芝蘭,,118,三芝區,後厝,番子崙,103-1
三芝區,芝蘭,,1180,三芝區,後厝,大片頭,59-6
三芝區,芝蘭,,1181,三芝區,後厝,大片頭,59-17
三芝區,芝蘭,,1183,三芝區,後厝,大片頭,58
三芝區,芝蘭,,1184,三芝區,後厝,大片頭,57
三芝區,芝蘭,,1189,三芝區,後厝,大片頭,61-1
三芝區,芝蘭,,119,三芝區,後厝,番子崙,106-1
三芝區,芝蘭,,1190,三芝區,後厝,大片頭,62
三芝區,芝蘭,,1194,三芝區,後厝,大片頭,63
三芝區,芝蘭,,1196,三芝區,後厝,大片頭,65-5
三芝區,芝蘭,,1197,三芝區,後厝,大片頭,64-1
三芝區,芝蘭,,1198,三芝區,後厝,大片頭,64-2
三芝區,芝蘭,,1199,三芝區,後厝,大片頭,64
三芝區,芝蘭,,12,三芝區,後厝,番子崙,137-1
三芝區,芝蘭,,120,三芝區,後厝,番子崙,103
三芝區,芝蘭,,1200,三芝區,後厝,大片頭,65-4
三芝區,芝蘭,,1203,三芝區,後厝,大片頭,65-1
三芝區,芝蘭,,1204,三芝區,後厝,大片頭,65-6
三芝區,芝蘭,,1205,三芝區,後厝,大片頭,65-2
三芝區,芝蘭,,1208,三芝區,後厝,大片頭,66
三芝區,芝蘭,,121,三芝區,後厝,番子崙,102
三芝區,芝蘭,,1210,三芝區,後厝,大片頭,66-1
三芝區,芝蘭,,1212,三芝區,後厝,大片頭,67
三芝區,芝蘭,,1213,三芝區,後厝,大片頭,67-1
三芝區,芝蘭,,1214,三芝區,後厝,大片頭,68-2
三芝區,芝蘭,,1215,三芝區,後厝,大片頭,68-3
三芝區,芝蘭,,1216,三芝區,後厝,大片頭,68-4
三芝區,芝蘭,,1217,三芝區,後厝,大片頭,68-5
三芝區,芝蘭,,1220,三芝區,後厝,大片頭,68-9
三芝區,芝蘭,,1221,三芝區,後厝,大片頭,68-6
三芝區,芝蘭,,1222,三芝區,後厝,大片頭,69
三芝區,芝蘭,,1223,三芝區,後厝,大片頭,70
三芝區,芝蘭,,1226,三芝區,後厝,大片頭,68-8
三芝區,芝蘭,,1227,三芝區,後厝,大片頭,68-10
三芝區,芝蘭,,1228,三芝區,後厝,大片頭,68-1
三芝區,芝蘭,,1229,三芝區,後厝,大片頭,68
三芝區,芝蘭,,123,三芝區,後厝,番子崙,112
三芝區,芝蘭,,1231,三芝區,後厝,大片頭,74
三芝區,芝蘭,,1232,三芝區,後厝,大片頭,73
三芝區,芝蘭,,1233,三芝區,後厝,大片頭,72
三芝區,芝蘭,,1234,三芝區,後厝,大片頭,71
三芝區,芝蘭,,1236,三芝區,後厝,大片頭,77
三芝區,芝蘭,,1237,三芝區,後厝,大片頭,76-46
三芝區,芝蘭,,1238,三芝區,後厝,大片頭,76-47
三芝區,芝蘭,,1239,三芝區,後厝,大片頭,76-48
三芝區,芝蘭,,124,三芝區,後厝,番子崙,162
三芝區,芝蘭,,1240,三芝區,後厝,大片頭,76-49
三芝區,芝蘭,,1241,三芝區,後厝,大片頭,75
三芝區,芝蘭,,1242,三芝區,後厝,大片頭,41-6
三芝區,芝蘭,,1243,三芝區,後厝,大片頭,41-8
三芝區,芝蘭,,1244,三芝區,後厝,大片頭,41-9
三芝區,芝蘭,,1245,三芝區,後厝,大片頭,41-10
三芝區,芝蘭,,1246,三芝區,後厝,大片頭,41-11
三芝區,芝蘭,,1248,三芝區,後厝,大片頭,78-1
三芝區,芝蘭,,1249,三芝區,後厝,大片頭,76-34
三芝區,芝蘭,,125,三芝區,後厝,番子崙,163
三芝區,芝蘭,,1250,三芝區,後厝,大片頭,76-33
三芝區,芝蘭,,1251,三芝區,後厝,大片頭,76-1
三芝區,芝蘭,,1252,三芝區,後厝,大片頭,76-37
三芝區,芝蘭,,1253,三芝區,後厝,大片頭,76-36
三芝區,芝蘭,,1254,三芝區,後厝,大片頭,76-35
三芝區,芝蘭,,1255,三芝區,後厝,大片頭,76-17
三芝區,芝蘭,,1256,三芝區,後厝,大片頭,76-16
三芝區,芝蘭,,1257,三芝區,後厝,大片頭,76-13
三芝區,芝蘭,,1258,三芝區,後厝,大片頭,76-38
三芝區,芝蘭,,1259,三芝區,後厝,大片頭,76-39
三芝區,芝蘭,,1260,三芝區,後厝,大片頭,76-40
三芝區,芝蘭,,1261,三芝區,後厝,大片頭,76-41
三芝區,芝蘭,,1262,三芝區,後厝,大片頭,76-42
三芝區,芝蘭,,1263,三芝區,後厝,大片頭,76-43
三芝區,芝蘭,,1264,三芝區,後厝,大片頭,76-44
三芝區,芝蘭,,1265,三芝區,後厝,大片頭,76-45
三芝區,芝蘭,,1266,三芝區,後厝,大片頭,76-7
三芝區,芝蘭,,1269,三芝區,後厝,大片頭,76-50
三芝區,芝蘭,,127,三芝區,後厝,番子崙,99
三芝區,芝蘭,,1270,三芝區,後厝,大片頭,76-6
三芝區,芝蘭,,1271,三芝區,後厝,大片頭,76-12
三芝區,芝蘭,,1272,三芝區,後厝,大片頭,76-5
三芝區,芝蘭,,1273,三芝區,後厝,大片頭,76-4
三芝區,芝蘭,,1274,三芝區,後厝,大片頭,76-51
三芝區,芝蘭,,1275,三芝區,後厝,大片頭,76-15
三芝區,芝蘭,,1276,三芝區,後厝,大片頭,76-14
三芝區,芝蘭,,1277,三芝區,後厝,大片頭,76-19
三芝區,芝蘭,,1278,三芝區,後厝,大片頭,76-18
三芝區,芝蘭,,1279,三芝區,後厝,大片頭,76-32
三芝區,芝蘭,,128,三芝區,後厝,番子崙,100
三芝區,芝蘭,,1280,三芝區,後厝,大片頭,76-31
三芝區,芝蘭,,1281,三芝區,後厝,大片頭,76-29
三芝區,芝蘭,,1282,三芝區,後厝,大片頭,76-30
三芝區,芝蘭,,1283,三芝區,後厝,大片頭,76-28
三芝區,芝蘭,,1284,三芝區,後厝,大片頭,76-27
三芝區,芝蘭,,1285,三芝區,後厝,大片頭,76-26
三芝區,芝蘭,,1286,三芝區,後厝,大片頭,76-25
三芝區,芝蘭,,1287,三芝區,後厝,大片頭,76-24
三芝區,芝蘭,,1288,三芝區,後厝,大片頭,76-23
三芝區,芝蘭,,1289,三芝區,後厝,大片頭,76-22
三芝區,芝蘭,,129,三芝區,後厝,番子崙,98
三芝區,芝蘭,,1290,三芝區,後厝,大片頭,76-21
三芝區,芝蘭,,1291,三芝區,後厝,大片頭,76-20
三芝區,芝蘭,,1292,三芝區,後厝,大片頭,76-2
三芝區,芝蘭,,1293,三芝區,後厝,大片頭,76-3
三芝區,芝蘭,,1296,三芝區,後厝,大片頭,80-1
三芝區,芝蘭,,1297,三芝區,後厝,大片頭,79
三芝區,芝蘭,,1298,三芝區,後厝,大片頭,80-18
三芝區,芝蘭,,1299,三芝區,後厝,大片頭,80-12
三芝區,芝蘭,,13,三芝區,後厝,番子崙,139-3
三芝區,芝蘭,,130,三芝區,後厝,番子崙,97
三芝區,芝蘭,,1306,三芝區,後厝,大片頭,103-5
三芝區,芝蘭,,1307,三芝區,後厝,大片頭,103-7
三芝區,芝蘭,,1308,三芝區,後厝,大片頭,80-6
三芝區,芝蘭,,1309,三芝區,後厝,大片頭,80-15
三芝區,芝蘭,,131,三芝區,後厝,番子崙,96
三芝區,芝蘭,,1310,三芝區,後厝,大片頭,80-5
三芝區,芝蘭,,1311,三芝區,後厝,大片頭,80-16
三芝區,芝蘭,,1312,三芝區,後厝,大片頭,80-4
三芝區,芝蘭,,1313,三芝區,後厝,大片頭,80-17
三芝區,芝蘭,,1314,三芝區,後厝,大片頭,80-23
三芝區,芝蘭,,1315,三芝區,後厝,大片頭,103-9
三芝區,芝蘭,,1316,三芝區,後厝,大片頭,103-8
三芝區,芝蘭,,1317,三芝區,後厝,大片頭,103-2
三芝區,芝蘭,,1318,三芝區,後厝,大片頭,103-3
三芝區,芝蘭,,1319,三芝區,後厝,大片頭,103-1
三芝區,芝蘭,,1320,三芝區,後厝,大片頭,80-7
三芝區,芝蘭,,1321,三芝區,後厝,大片頭,102
三芝區,芝蘭,,1322,三芝區,後厝,大片頭,103-4
三芝區,芝蘭,,1323,三芝區,後厝,大片頭,103
三芝區,芝蘭,,1324,三芝區,後厝,大片頭,103-6
三芝區,芝蘭,,1325,三芝區,後厝,大片頭,80-13
三芝區,芝蘭,,1326,三芝區,後厝,大片頭,80-8
三芝區,芝蘭,,1327,三芝區,後厝,大片頭,80-14
三芝區,芝蘭,,1328,三芝區,後厝,大片頭,80-9
三芝區,芝蘭,,1329,三芝區,後厝,大片頭,80-27
三芝區,芝蘭,,133,三芝區,後厝,番子崙,60
三芝區,芝蘭,,1330,三芝區,後厝,大片頭,80-28
三芝區,芝蘭,,1331,三芝區,後厝,大片頭,80-24
三芝區,芝蘭,,1332,三芝區,後厝,大片頭,80-26
三芝區,芝蘭,,1333,三芝區,後厝,大片頭,80-3
三芝區,芝蘭,,1334,三芝區,後厝,大片頭,80-19
三芝區,芝蘭,,1335,三芝區,後厝,大片頭,78-2
三芝區,芝蘭,,1336,三芝區,後厝,大片頭,80-22
三芝區,芝蘭,,1337,三芝區,後厝,大片頭,78-3
三芝區,芝蘭,,1338,三芝區,後厝,大片頭,80-2
三芝區,芝蘭,,1339,三芝區,後厝,大片頭,80-20
三芝區,芝蘭,,134,三芝區,後厝,番子崙,61
三芝區,芝蘭,,1340,三芝區,後厝,大片頭,80-21
三芝區,芝蘭,,1341,三芝區,後厝,大片頭,81-13
三芝區,芝蘭,,1343,三芝區,後厝,大片頭,101
三芝區,芝蘭,,1344,三芝區,後厝,大片頭,98
三芝區,芝蘭,,1345,三芝區,後厝,大片頭,100-3
三芝區,芝蘭,,1346,三芝區,後厝,大片頭,100-2
三芝區,芝蘭,,1347,三芝區,後厝,大片頭,100-1
三芝區,芝蘭,,1348,三芝區,後厝,大片頭,100
三芝區,芝蘭,,1349,三芝區,後厝,大片頭,100-4
三芝區,芝蘭,,1350,三芝區,後厝,大片頭,100-9
三芝區,芝蘭,,1351,三芝區,後厝,大片頭,100-8
三芝區,芝蘭,,1352,三芝區,後厝,大片頭,100-7
三芝區,芝蘭,,1353,三芝區,後厝,大片頭,100-6
三芝區,芝蘭,,1354,三芝區,後厝,大片頭,100-5
三芝區,芝蘭,,1355,三芝區,後厝,大片頭,101-1
三芝區,芝蘭,,1356,三芝區,後厝,大片頭,101-2
三芝區,芝蘭,,1357,三芝區,後厝,大片頭,81-7
三芝區,芝蘭,,1358,三芝區,後厝,大片頭,81-12
三芝區,芝蘭,,1359,三芝區,後厝,大片頭,81-4
三芝區,芝蘭,,1360,三芝區,後厝,大片頭,81-11
三芝區,芝蘭,,1361,三芝區,後厝,大片頭,81-3
三芝區,芝蘭,,1362,三芝區,後厝,大片頭,81-9
三芝區,芝蘭,,1363,三芝區,後厝,大片頭,81-2
三芝區,芝蘭,,1364,三芝區,後厝,大片頭,81-14
三芝區,芝蘭,,1365,三芝區,後厝,大片頭,81-15
三芝區,芝蘭,,1366,三芝區,後厝,大片頭,81-10
三芝區,芝蘭,,1367,三芝區,後厝,大片頭,81-5
三芝區,芝蘭,,1368,三芝區,後厝,大片頭,81-8
三芝區,芝蘭,,1369,三芝區,後厝,大片頭,81-1
三芝區,芝蘭,,1370,三芝區,後厝,大片頭,81-6
三芝區,芝蘭,,1371,三芝區,後厝,大片頭,83
三芝區,芝蘭,,1372,三芝區,後厝,大片頭,101-3
三芝區,芝蘭,,1373,三芝區,後厝,大片頭,101-4
三芝區,芝蘭,,1374,三芝區,後厝,大片頭,101-5
三芝區,芝蘭,,1375,三芝區,後厝,大片頭,101-6
三芝區,芝蘭,,1376,三芝區,後厝,大片頭,99-1
三芝區,芝蘭,,1377,三芝區,後厝,大片頭,86-1
三芝區,芝蘭,,1378,三芝區,後厝,大片頭,86-9
三芝區,芝蘭,,1379,三芝區,後厝,大片頭,86-2
三芝區,芝蘭,,138,三芝區,後厝,番子崙,33-2
三芝區,芝蘭,,1380,三芝區,後厝,大片頭,85-1
三芝區,芝蘭,,1381,三芝區,後厝,大片頭,86-7
三芝區,芝蘭,,1382,三芝區,後厝,大片頭,85-2
三芝區,芝蘭,,1383,三芝區,後厝,大片頭,86-3
三芝區,芝蘭,,1384,三芝區,後厝,大片頭,86-8
三芝區,芝蘭,,1385,三芝區,後厝,大片頭,91-5
三芝區,芝蘭,,1386,三芝區,後厝,大片頭,86-5
三芝區,芝蘭,,1387,三芝區,後厝,大片頭,91-4
三芝區,芝蘭,,1388,三芝區,後厝,大片頭,91-6
三芝區,芝蘭,,1389,三芝區,後厝,大片頭,86-6
三芝區,芝蘭,,139,三芝區,後厝,番子崙,33-3
三芝區,芝蘭,,1390,三芝區,後厝,大片頭,87-7
三芝區,芝蘭,,1391,三芝區,後厝,大片頭,87-11
三芝區,芝蘭,,1392,三芝區,後厝,大片頭,87-9
三芝區,芝蘭,,1393,三芝區,後厝,大片頭,87-6
三芝區,芝蘭,,1394,三芝區,後厝,大片頭,40-8
三芝區,芝蘭,,1395,三芝區,後厝,大片頭,87-8
三芝區,芝蘭,,1397,三芝區,後厝,大片頭,90-4
三芝區,芝蘭,,1398,三芝區,後厝,大片頭,90-10
三芝區,芝蘭,,1399,三芝區,後厝,大片頭,90-6
三芝區,芝蘭,,14,三芝區,後厝,番子崙,139-2
三芝區,芝蘭,,140,三芝區,後厝,番子崙,34
三芝區,芝蘭,,1400,三芝區,後厝,大片頭,90-5
三芝區,芝蘭,,1401,三芝區,後厝,大片頭,90-9
三芝區,芝蘭,,1402,三芝區,後厝,大片頭,90-7
三芝區,芝蘭,,1403,三芝區,後厝,大片頭,90-1
三芝區,芝蘭,,1404,三芝區,後厝,大片頭,87-4
三芝區,芝蘭,,1405,三芝區,後厝,大片頭,87-10
三芝區,芝蘭,,1406,三芝區,後厝,大片頭,91-3
三芝區,芝蘭,,1407,三芝區,後厝,大片頭,91
三芝區,芝蘭,,1408,三芝區,後厝,大片頭,84-4
三芝區,芝蘭,,1409,三芝區,後厝,大片頭,84-3
三芝區,芝蘭,,141,三芝區,後厝,番子崙,33
三芝區,芝蘭,,1410,三芝區,後厝,大片頭,96
三芝區,芝蘭,,1411,三芝區,後厝,大片頭,96-1
三芝區,芝蘭,,1412,三芝區,後厝,大片頭,96-2
三芝區,芝蘭,,1413,三芝區,後厝,大片頭,97-2
三芝區,芝蘭,,1414,三芝區,後厝,大片頭,97-1
三芝區,芝蘭,,1415,三芝區,後厝,大片頭,97
三芝區,芝蘭,,1416,三芝區,後厝,大片頭,95
三芝區,芝蘭,,1417,三芝區,後厝,大片頭,94
三芝區,芝蘭,,1418,三芝區,後厝,大片頭,93
三芝區,芝蘭,,1419,三芝區,後厝,大片頭,92
三芝區,芝蘭,,142,三芝區,後厝,番子崙,43-1
三芝區,芝蘭,,1420,三芝區,後厝,大片頭,91-2
三芝區,芝蘭,,1421,三芝區,後厝,大片頭,91-1
三芝區,芝蘭,,1422,三芝區,後厝,大片頭,104-26
三芝區,芝蘭,,1423,三芝區,後厝,大片頭,104
三芝區,芝蘭,,1424,三芝區,後厝,大片頭,104-25
三芝區,芝蘭,,1425,三芝區,後厝,大片頭,105
三芝區,芝蘭,,1426,三芝區,後厝,大片頭,105-7
三芝區,芝蘭,,1427,三芝區,後厝,大片頭,104-24
三芝區,芝蘭,,1428,三芝區,後厝,大片頭,105-5
三芝區,芝蘭,,1429,三芝區,後厝,大片頭,105-8
三芝區,芝蘭,,143,三芝區,後厝,番子崙,37
三芝區,芝蘭,,1430,三芝區,後厝,大片頭,134
三芝區,芝蘭,,1431,三芝區,後厝,大片頭,104-7
三芝區,芝蘭,,1432,三芝區,後厝,大片頭,157
三芝區,芝蘭,,1433,三芝區,後厝,大片頭,158
三芝區,芝蘭,,1434,三芝區,後厝,大片頭,104-8
三芝區,芝蘭,,1435,三芝區,後厝,大片頭,133-4
三芝區,芝蘭,,1436,三芝區,後厝,大片頭,133
三芝區,芝蘭,,1437,三芝區,後厝,大片頭,133-2
三芝區,芝蘭,,1438,三芝區,後厝,大片頭,133-1
三芝區,芝蘭,,1439,三芝區,後厝,大片頭,104-11
三芝區,芝蘭,,144,三芝區,後厝,番子崙,36-1
三芝區,芝蘭,,1440,三芝區,後厝,大片頭,135
三芝區,芝蘭,,1441,三芝區,後厝,大片頭,132
三芝區,芝蘭,,1442,三芝區,後厝,大片頭,132-1
三芝區,芝蘭,,1443,三芝區,後厝,大片頭,131
三芝區,芝蘭,,1444,三芝區,後厝,大片頭,131-2
三芝區,芝蘭,,1445,三芝區,後厝,大片頭,133-3
三芝區,芝蘭,,1446,三芝區,後厝,大片頭,105-13
三芝區,芝蘭,,1447,三芝區,後厝,大片頭,105-12
三芝區,芝蘭,,1448,三芝區,後厝,大片頭,131-1
三芝區,芝蘭,,1449,三芝區,後厝,大片頭,129
三芝區,芝蘭,,145,三芝區,後厝,番子崙,35
三芝區,芝蘭,,1450,三芝區,後厝,大片頭,130
三芝區,芝蘭,,1451,三芝區,後厝,大片頭,107-2
三芝區,芝蘭,,1452,三芝區,後厝,大片頭,107-1
三芝區,芝蘭,,1453,三芝區,後厝,大片頭,105-14
三芝區,芝蘭,,1454,三芝區,後厝,大片頭,105-3
三芝區,芝蘭,,1455,三芝區,後厝,大片頭,105-16
三芝區,芝蘭,,1456,三芝區,後厝,大片頭,105-17
三芝區,芝蘭,,1457,三芝區,後厝,大片頭,107-4
三芝區,芝蘭,,1458,三芝區,後厝,大片頭,107-6
三芝區,芝蘭,,1459,三芝區,後厝,大片頭,105-10
三芝區,芝蘭,,146,三芝區,後厝,番子崙,36
三芝區,芝蘭,,1460,三芝區,後厝,大片頭,107
三芝區,芝蘭,,1461,三芝區,後厝,大片頭,107-5
三芝區,芝蘭,,1462,三芝區,後厝,大片頭,105-9
三芝區,芝蘭,,1463,三芝區,後厝,大片頭,104-12
三芝區,芝蘭,,1464,三芝區,後厝,大片頭,104-41
三芝區,芝蘭,,1465,三芝區,後厝,大片頭,104-38
三芝區,芝蘭,,1466,三芝區,後厝,大片頭,104-39
三芝區,芝蘭,,1467,三芝區,後厝,大片頭,98-4
三芝區,芝蘭,,1468,三芝區,後厝,大片頭,98-2
三芝區,芝蘭,,1469,三芝區,後厝,大片頭,99
三芝區,芝蘭,,147,三芝區,後厝,番子崙,38
三芝區,芝蘭,,1470,三芝區,後厝,大片頭,98-6
三芝區,芝蘭,,1471,三芝區,後厝,大片頭,98-5
三芝區,芝蘭,,1472,三芝區,後厝,大片頭,98-1
三芝區,芝蘭,,1473,三芝區,後厝,大片頭,98-7
三芝區,芝蘭,,1474,三芝區,後厝,大片頭,98-8
三芝區,芝蘭,,1475,三芝區,後厝,大片頭,98-3
三芝區,芝蘭,,1476,三芝區,後厝,大片頭,104-36
三芝區,芝蘭,,1477,三芝區,後厝,大片頭,104-3
三芝區,芝蘭,,1478,三芝區,後厝,大片頭,104-34
三芝區,芝蘭,,1479,三芝區,後厝,大片頭,104-15
三芝區,芝蘭,,148,三芝區,後厝,番子崙,39
三芝區,芝蘭,,1480,三芝區,後厝,大片頭,104-33
三芝區,芝蘭,,1481,三芝區,後厝,大片頭,104-1
三芝區,芝蘭,,1482,三芝區,後厝,大片頭,104-27
三芝區,芝蘭,,1483,三芝區,後厝,大片頭,104-28
三芝區,芝蘭,,1484,三芝區,後厝,大片頭,105-11
三芝區,芝蘭,,1485,三芝區,後厝,大片頭,105-15
三芝區,芝蘭,,1486,三芝區,後厝,大片頭,107-3
三芝區,芝蘭,,1487,三芝區,後厝,大片頭,108-1
三芝區,芝蘭,,1488,三芝區,後厝,大片頭,108
三芝區,芝蘭,,1489,三芝區,後厝,大片頭,109-1
三芝區,芝蘭,,149,三芝區,後厝,番子崙,39-1
三芝區,芝蘭,,1490,三芝區,後厝,大片頭,109
三芝區,芝蘭,,1491,三芝區,後厝,大片頭,111
三芝區,芝蘭,,1492,三芝區,後厝,大片頭,135-4
三芝區,芝蘭,,1493,三芝區,後厝,大片頭,128
三芝區,芝蘭,,1494,三芝區,後厝,大片頭,127
三芝區,芝蘭,,1495,三芝區,後厝,大片頭,126
三芝區,芝蘭,,1496,三芝區,後厝,大片頭,112
三芝區,芝蘭,,1497,三芝區,後厝,大片頭,121-1
三芝區,芝蘭,,1498,三芝區,後厝,大片頭,113
三芝區,芝蘭,,1499,三芝區,後厝,大片頭,104-6
三芝區,芝蘭,,15,三芝區,後厝,番子崙,139-1
三芝區,芝蘭,,150,三芝區,後厝,番子崙,40
三芝區,芝蘭,,1500,三芝區,後厝,大片頭,104-4
三芝區,芝蘭,,1501,三芝區,後厝,大片頭,104-2
三芝區,芝蘭,,1502,三芝區,後厝,大片頭,104-31
三芝區,芝蘭,,1503,三芝區,後厝,大片頭,110
三芝區,芝蘭,,1504,三芝區,後厝,大片頭,110-1
三芝區,芝蘭,,1505,三芝區,後厝,大片頭,104-30
三芝區,芝蘭,,1506,三芝區,後厝,大片頭,104-29
三芝區,芝蘭,,1507,三芝區,後厝,大片頭,104-32
三芝區,芝蘭,,1508,三芝區,後厝,大片頭,121-5
三芝區,芝蘭,,1509,三芝區,後厝,大片頭,116-1
三芝區,芝蘭,,151,三芝區,後厝,番子崙,43-11
三芝區,芝蘭,,1510,三芝區,後厝,大片頭,116
三芝區,芝蘭,,1511,三芝區,後厝,大片頭,104-37
三芝區,芝蘭,,1512,三芝區,後厝,大片頭,115
三芝區,芝蘭,,1513,三芝區,後厝,大片頭,104-52
三芝區,芝蘭,,1514,三芝區,後厝,大片頭,104-53
三芝區,芝蘭,,1515,三芝區,後厝,大片頭,104-40
三芝區,芝蘭,,1516,三芝區,後厝,大片頭,104-5
三芝區,芝蘭,,1519,三芝區,後厝,大片頭,104-21
三芝區,芝蘭,,152,三芝區,後厝,番子崙,43-10
三芝區,芝蘭,,1520,三芝區,後厝,大片頭,104-23
三芝區,芝蘭,,1521,三芝區,後厝,大片頭,104-48
三芝區,芝蘭,,1522,三芝區,後厝,大片頭,104-50
三芝區,芝蘭,,1523,三芝區,後厝,大片頭,104-51
三芝區,芝蘭,,1524,三芝區,後厝,大片頭,104-49
三芝區,芝蘭,,1525,三芝區,後厝,大片頭,104-44
三芝區,芝蘭,,1526,三芝區,後厝,大片頭,104-35
三芝區,芝蘭,,1527,三芝區,後厝,大片頭,104-47
三芝區,芝蘭,,1528,三芝區,後厝,大片頭,104-22
三芝區,芝蘭,,1529,三芝區,後厝,大片頭,104-46
三芝區,芝蘭,,153,三芝區,後厝,番子崙,43
三芝區,芝蘭,,1530,三芝區,後厝,大片頭,104-45
三芝區,芝蘭,,1531,三芝區,後厝,大片頭,104-20
三芝區,芝蘭,,1532,三芝區,後厝,大片頭,104-43
三芝區,芝蘭,,1535,三芝區,後厝,大片頭,117
三芝區,芝蘭,,1537,三芝區,後厝,大片頭,104-42
三芝區,芝蘭,,1538,三芝區,後厝,大片頭,104-19
三芝區,芝蘭,,1539,三芝區,後厝,大片頭,116-3
三芝區,芝蘭,,154,三芝區,後厝,番子崙,42
三芝區,芝蘭,,1540,三芝區,後厝,大片頭,116-2
三芝區,芝蘭,,1541,三芝區,後厝,大片頭,121-7
三芝區,芝蘭,,1542,三芝區,後厝,大片頭,122
三芝區,芝蘭,,1543,三芝區,後厝,大片頭,123
三芝區,芝蘭,,1544,三芝區,後厝,大片頭,125
三芝區,芝蘭,,1545,三芝區,後厝,大片頭,136
三芝區,芝蘭,,1546,三芝區,後厝,大片頭,137
三芝區,芝蘭,,1547,三芝區,後厝,大片頭,156
三芝區,芝蘭,,1548,三芝區,後厝,大片頭,138-2
三芝區,芝蘭,,1549,三芝區,後厝,大片頭,140
三芝區,芝蘭,,155,三芝區,後厝,番子崙,43-3
三芝區,芝蘭,,1550,三芝區,後厝,大片頭,139
三芝區,芝蘭,,1551,三芝區,後厝,大片頭,124
三芝區,芝蘭,,1552,三芝區,後厝,大片頭,121-6
三芝區,芝蘭,,1553,三芝區,後厝,大片頭,121-2
三芝區,芝蘭,,1554,三芝區,後厝,大片頭,121-9
三芝區,芝蘭,,1555,三芝區,後厝,大片頭,121-8
三芝區,芝蘭,,1556,三芝區,後厝,大片頭,120
三芝區,芝蘭,,1558,三芝區,後厝,大片頭,118
三芝區,芝蘭,,1559,三芝區,後厝,大片頭,119-2
三芝區,芝蘭,,156,三芝區,後厝,番子崙,49-10
三芝區,芝蘭,,1560,三芝區,後厝,大片頭,142-2
三芝區,芝蘭,,1561,三芝區,後厝,大片頭,143
三芝區,芝蘭,,1562,三芝區,後厝,大片頭,143-1
三芝區,芝蘭,,1563,三芝區,後厝,大片頭,142-3
三芝區,芝蘭,,1564,三芝區,後厝,大片頭,142-4
三芝區,芝蘭,,1567,三芝區,後厝,大片頭,144-1
三芝區,芝蘭,,1568,三芝區,後厝,大片頭,142
三芝區,芝蘭,,1569,三芝區,後厝,大片頭,142-1
三芝區,芝蘭,,157,三芝區,後厝,番子崙,51
三芝區,芝蘭,,1570,三芝區,後厝,大片頭,121-4
三芝區,芝蘭,,1571,三芝區,後厝,大片頭,121-3
三芝區,芝蘭,,1572,三芝區,後厝,大片頭,141-2
三芝區,芝蘭,,1573,三芝區,後厝,大片頭,141-4
三芝區,芝蘭,,1574,三芝區,後厝,大片頭,121
三芝區,芝蘭,,1575,三芝區,後厝,大片頭,141-5
三芝區,芝蘭,,1576,三芝區,後厝,大片頭,141-1
三芝區,芝蘭,,1577,三芝區,後厝,大片頭,141-3
三芝區,芝蘭,,1578,三芝區,後厝,大片頭,141
三芝區,芝蘭,,1579,三芝區,後厝,大片頭,151
三芝區,芝蘭,,158,三芝區,後厝,番子崙,49-8
三芝區,芝蘭,,1580,三芝區,後厝,大片頭,150-1
三芝區,芝蘭,,1581,三芝區,後厝,大片頭,150-2
三芝區,芝蘭,,1582,三芝區,後厝,大片頭,138
三芝區,芝蘭,,1583,三芝區,後厝,大片頭,138-1
三芝區,芝蘭,,1584,三芝區,後厝,大片頭,156-1
三芝區,芝蘭,,1585,三芝區,後厝,大片頭,156-2
三芝區,芝蘭,,1586,三芝區,後厝,大片頭,155
三芝區,芝蘭,,1587,三芝區,後厝,大片頭,154
三芝區,芝蘭,,1588,三芝區,後厝,大片頭,153
三芝區,芝蘭,,1589,三芝區,後厝,大片頭,135-2
三芝區,芝蘭,,159,三芝區,後厝,番子崙,49-2
三芝區,芝蘭,,1590,三芝區,後厝,大片頭,149
三芝區,芝蘭,,1591,三芝區,後厝,大片頭,150
三芝區,芝蘭,,1592,三芝區,後厝,大片頭,149-1
三芝區,芝蘭,,1593,三芝區,後厝,大片頭,148-1
三芝區,芝蘭,,1594,三芝區,後厝,大片頭,147-1
三芝區,芝蘭,,1595,三芝區,後厝,大片頭,148-3
三芝區,芝蘭,,1596,三芝區,後厝,大片頭,135-3
三芝區,芝蘭,,1597,三芝區,後厝,大片頭,160
三芝區,芝蘭,,1598,三芝區,後厝,大片頭,135-1
三芝區,芝蘭,,1599,三芝區,後厝,大片頭,159
三芝區,芝蘭,,16,三芝區,後厝,番子崙,137
三芝區,芝蘭,,160,三芝區,後厝,番子崙,49-3
三芝區,芝蘭,,1600,三芝區,後厝,大片頭,148-2
三芝區,芝蘭,,161,三芝區,後厝,番子崙,52-1
三芝區,芝蘭,,162,三芝區,後厝,番子崙,52
三芝區,芝蘭,,163,三芝區,後厝,番子崙,53
三芝區,芝蘭,,166,三芝區,後厝,番子崙,52-3
三芝區,芝蘭,,167,三芝區,後厝,番子崙,52-2
三芝區,芝蘭,,168,三芝區,後厝,番子崙,50
三芝區,芝蘭,,169,三芝區,後厝,番子崙,41
三芝區,芝蘭,,17,三芝區,後厝,番子崙,138
三芝區,芝蘭,,170,三芝區,後厝,番子崙,41-1
三芝區,芝蘭,,172,三芝區,後厝,番子崙,59-1
三芝區,芝蘭,,173,三芝區,後厝,番子崙,59
三芝區,芝蘭,,174,三芝區,後厝,番子崙,58
三芝區,芝蘭,,175,三芝區,後厝,番子崙,57
三芝區,芝蘭,,176,三芝區,後厝,番子崙,56
三芝區,芝蘭,,177,三芝區,後厝,番子崙,56-1
三芝區,芝蘭,,178,三芝區,後厝,番子崙,55
三芝區,芝蘭,,179,三芝區,後厝,番子崙,67-1
三芝區,芝蘭,,18,三芝區,後厝,番子崙,139
三芝區,芝蘭,,180,三芝區,後厝,番子崙,67
三芝區,芝蘭,,181,三芝區,後厝,番子崙,68
三芝區,芝蘭,,182,三芝區,後厝,番子崙,69
三芝區,芝蘭,,183,三芝區,後厝,番子崙,70
三芝區,芝蘭,,184,三芝區,後厝,番子崙,66-1
三芝區,芝蘭,,185,三芝區,後厝,番子崙,63-7
三芝區,芝蘭,,186,三芝區,後厝,番子崙,66
三芝區,芝蘭,,187,三芝區,後厝,番子崙,63-3
三芝區,芝蘭,,188,三芝區,後厝,番子崙,63-2
三芝區,芝蘭,,19,三芝區,後厝,番子崙,147-7
三芝區,芝蘭,,191,三芝區,後厝,番子崙,62
三芝區,芝蘭,,192,三芝區,後厝,番子崙,63-13
三芝區,芝蘭,,193,三芝區,後厝,番子崙,64
三芝區,芝蘭,,194,三芝區,後厝,番子崙,65
三芝區,芝蘭,,195,三芝區,後厝,番子崙,63-4
三芝區,芝蘭,,196,三芝區,後厝,番子崙,63-10
三芝區,芝蘭,,197,三芝區,後厝,番子崙,63-9
三芝區,芝蘭,,198,三芝區,後厝,番子崙,90
三芝區,芝蘭,,199,三芝區,後厝,番子崙,90-1
三芝區,芝蘭,,2,三芝區,後厝,番子崙,143-1
三芝區,芝蘭,,20,三芝區,後厝,番子崙,147-8
三芝區,芝蘭,,201,三芝區,後厝,番子崙,63-1
三芝區,芝蘭,,202,三芝區,後厝,番子崙,63-8
三芝區,芝蘭,,204,三芝區,後厝,番子崙,95
三芝區,芝蘭,,206,三芝區,後厝,番子崙,94
三芝區,芝蘭,,208,三芝區,後厝,番子崙,166
三芝區,芝蘭,,21,三芝區,後厝,番子崙,147-9
三芝區,芝蘭,,211,三芝區,後厝,番子崙,164
三芝區,芝蘭,,212,三芝區,後厝,番子崙,165
三芝區,芝蘭,,213,三芝區,後厝,番子崙,165-1
三芝區,芝蘭,,214,三芝區,後厝,番子崙,165-2
三芝區,芝蘭,,215,三芝區,後厝,番子崙,165-3
三芝區,芝蘭,,216,三芝區,後厝,番子崙,168
三芝區,芝蘭,,217,三芝區,後厝,番子崙,167
三芝區,芝蘭,,218,三芝區,後厝,番子崙,169-1
三芝區,芝蘭,,219,三芝區,後厝,番子崙,169
三芝區,芝蘭,,22,三芝區,後厝,番子崙,147-10
三芝區,芝蘭,,220,三芝區,後厝,番子崙,154
三芝區,芝蘭,,222,三芝區,後厝,番子崙,170
三芝區,芝蘭,,224,三芝區,後厝,番子崙,80
三芝區,芝蘭,,225,三芝區,後厝,番子崙,78
三芝區,芝蘭,,226,三芝區,後厝,番子崙,82
三芝區,芝蘭,,229,三芝區,後厝,番子崙,83-1
三芝區,芝蘭,,23,三芝區,後厝,番子崙,147-2
三芝區,芝蘭,,230,三芝區,後厝,番子崙,83-3
三芝區,芝蘭,,231,三芝區,後厝,番子崙,83-5
三芝區,芝蘭,,232,三芝區,後厝,番子崙,93
三芝區,芝蘭,,233,三芝區,後厝,番子崙,91
三芝區,芝蘭,,234,三芝區,後厝,番子崙,92
三芝區,芝蘭,,235,三芝區,後厝,番子崙,83-2
三芝區,芝蘭,,237,三芝區,後厝,番子崙,83
三芝區,芝蘭,,238,三芝區,後厝,番子崙,88
三芝區,芝蘭,,239,三芝區,後厝,番子崙,89
三芝區,芝蘭,,24,三芝區,後厝,番子崙,150-1
三芝區,芝蘭,,240,三芝區,後厝,番子崙,87
三芝區,芝蘭,,242,三芝區,後厝,番子崙,86
三芝區,芝蘭,,243,三芝區,後厝,番子崙,85-1
三芝區,芝蘭,,244,三芝區,後厝,番子崙,84
三芝區,芝蘭,,245,三芝區,後厝,番子崙,84-1
三芝區,芝蘭,,246,三芝區,後厝,番子崙,63-14
三芝區,芝蘭,,247,三芝區,後厝,番子崙,63
三芝區,芝蘭,,248,三芝區,後厝,番子崙,71
三芝區,芝蘭,,249,三芝區,後厝,番子崙,72
三芝區,芝蘭,,25,三芝區,後厝,番子崙,150-2
三芝區,芝蘭,,251,三芝區,後厝,番子崙,73
三芝區,芝蘭,,252,三芝區,後厝,番子崙,73-1
三芝區,芝蘭,,253,三芝區,後厝,番子崙,75
三芝區,芝蘭,,254,三芝區,後厝,番子崙,76
三芝區,芝蘭,,256,三芝區,後厝,番子崙,77
三芝區,芝蘭,,257,三芝區,後厝,番子崙,77-1
三芝區,芝蘭,,258,三芝區,後厝,番子崙,77-2
三芝區,芝蘭,,259,三芝區,後厝,番子崙,77-3
三芝區,芝蘭,,26,三芝區,後厝,番子崙,147-5
三芝區,芝蘭,,260,三芝區,後厝,番子崙,77-4
三芝區,芝蘭,,261,三芝區,後厝,番子崙,77-5
三芝區,芝蘭,,262,三芝區,後厝,番子崙,77-6
三芝區,芝蘭,,263,三芝區,後厝,番子崙,77-7
三芝區,芝蘭,,264,三芝區,後厝,番子崙,77-8
三芝區,芝蘭,,265,三芝區,後厝,番子崙,77-9
三芝區,芝蘭,,266,三芝區,後厝,番子崙,77-10
三芝區,芝蘭,,267,三芝區,後厝,番子崙,77-11
三芝區,芝蘭,,268,三芝區,後厝,番子崙,77-12
三芝區,芝蘭,,269,三芝區,後厝,番子崙,77-13
三芝區,芝蘭,,27,三芝區,後厝,番子崙,147-6
三芝區,芝蘭,,270,三芝區,後厝,番子崙,77-14
三芝區,芝蘭,,271,三芝區,後厝,番子崙,77-15
三芝區,芝蘭,,272,三芝區,後厝,番子崙,77-16
三芝區,芝蘭,,273,三芝區,後厝,番子崙,77-17
三芝區,芝蘭,,274,三芝區,後厝,番子崙,77-18
三芝區,芝蘭,,275,三芝區,後厝,番子崙,77-19
三芝區,芝蘭,,278,三芝區,後厝,陽住坑,231
三芝區,芝蘭,,279,三芝區,後厝,陽住坑,232-6
三芝區,芝蘭,,28,三芝區,後厝,番子崙,147-1
三芝區,芝蘭,,280,三芝區,後厝,陽住坑,231-1
三芝區,芝蘭,,281,三芝區,後厝,陽住坑,232
三芝區,芝蘭,,282,三芝區,後厝,陽住坑,232-1
三芝區,芝蘭,,283,三芝區,後厝,陽住坑,232-2
三芝區,芝蘭,,284,三芝區,後厝,陽住坑,232-3
三芝區,芝蘭,,285,三芝區,後厝,陽住坑,232-4
三芝區,芝蘭,,286,三芝區,後厝,陽住坑,232-5
三芝區,芝蘭,,288,三芝區,後厝,陽住坑,230
三芝區,芝蘭,,289,三芝區,後厝,陽住坑,229
三芝區,芝蘭,,29,三芝區,後厝,番子崙,150-4
三芝區,芝蘭,,290,三芝區,後厝,陽住坑,228
三芝區,芝蘭,,291,三芝區,後厝,陽住坑,199-2
三芝區,芝蘭,,292,三芝區,後厝,陽住坑,199
三芝區,芝蘭,,293,三芝區,後厝,陽住坑,199-1
三芝區,芝蘭,,295,三芝區,後厝,陽住坑,198
三芝區,芝蘭,,296,三芝區,後厝,陽住坑,197
三芝區,芝蘭,,297,三芝區,後厝,陽住坑,196
三芝區,芝蘭,,298,三芝區,後厝,陽住坑,195-1
三芝區,芝蘭,,299,三芝區,後厝,陽住坑,195
三芝區,芝蘭,,3,三芝區,後厝,番子崙,143-2
三芝區,芝蘭,,30,三芝區,後厝,番子崙,151-3
三芝區,芝蘭,,300,三芝區,後厝,陽住坑,193-4
三芝區,芝蘭,,301,三芝區,後厝,陽住坑,193-2
三芝區,芝蘭,,302,三芝區,後厝,陽住坑,193-3
三芝區,芝蘭,,303,三芝區,後厝,陽住坑,193
三芝區,芝蘭,,304,三芝區,後厝,陽住坑,192-1
三芝區,芝蘭,,305,三芝區,後厝,陽住坑,193-1
三芝區,芝蘭,,306,三芝區,後厝,陽住坑,191
三芝區,芝蘭,,307,三芝區,後厝,陽住坑,177-1
三芝區,芝蘭,,308,三芝區,後厝,陽住坑,176-1
三芝區,芝蘭,,309,三芝區,後厝,陽住坑,176
三芝區,芝蘭,,31,三芝區,後厝,番子崙,150-3
三芝區,芝蘭,,310,三芝區,後厝,陽住坑,177
三芝區,芝蘭,,311,三芝區,後厝,陽住坑,179-1
三芝區,芝蘭,,312,三芝區,後厝,陽住坑,179
三芝區,芝蘭,,313,三芝區,後厝,陽住坑,178
三芝區,芝蘭,,314,三芝區,後厝,陽住坑,180
三芝區,芝蘭,,315,三芝區,後厝,陽住坑,175
三芝區,芝蘭,,316,三芝區,後厝,陽住坑,172-1
三芝區,芝蘭,,317,三芝區,後厝,番子崙,54-1
三芝區,芝蘭,,318,三芝區,後厝,番子崙,54
三芝區,芝蘭,,319,三芝區,後厝,陽住坑,170
三芝區,芝蘭,,32,三芝區,後厝,番子崙,147-4
三芝區,芝蘭,,321,三芝區,後厝,陽住坑,118
三芝區,芝蘭,,322,三芝區,後厝,陽住坑,114
三芝區,芝蘭,,323,三芝區,後厝,陽住坑,112
三芝區,芝蘭,,324,三芝區,後厝,陽住坑,115
三芝區,芝蘭,,325,三芝區,後厝,陽住坑,116
三芝區,芝蘭,,326,三芝區,後厝,陽住坑,117
三芝區,芝蘭,,327,三芝區,後厝,陽住坑,117-8
三芝區,芝蘭,,328,三芝區,後厝,陽住坑,117-6
三芝區,芝蘭,,329,三芝區,後厝,陽住坑,117-1
三芝區,芝蘭,,33,三芝區,後厝,番子崙,135-3
三芝區,芝蘭,,330,三芝區,後厝,陽住坑,117-9
三芝區,芝蘭,,331,三芝區,後厝,陽住坑,117-2
三芝區,芝蘭,,332,三芝區,後厝,陽住坑,120
三芝區,芝蘭,,334,三芝區,後厝,陽住坑,120-1
三芝區,芝蘭,,335,三芝區,後厝,陽住坑,127
三芝區,芝蘭,,336,三芝區,後厝,陽住坑,121
三芝區,芝蘭,,337,三芝區,後厝,陽住坑,124
三芝區,芝蘭,,338,三芝區,後厝,陽住坑,123
三芝區,芝蘭,,339,三芝區,後厝,陽住坑,122-1
三芝區,芝蘭,,34,三芝區,後厝,番子崙,135-2
三芝區,芝蘭,,340,三芝區,後厝,陽住坑,122
三芝區,芝蘭,,341,三芝區,後厝,陽住坑,121-1
三芝區,芝蘭,,342,三芝區,後厝,陽住坑,119-1
三芝區,芝蘭,,343,三芝區,後厝,陽住坑,119
三芝區,芝蘭,,344,三芝區,後厝,陽住坑,118-1
三芝區,芝蘭,,346,三芝區,後厝,陽住坑,170-2
三芝區,芝蘭,,347,三芝區,後厝,陽住坑,170-1
三芝區,芝蘭,,348,三芝區,後厝,陽住坑,168
三芝區,芝蘭,,349,三芝區,後厝,陽住坑,172
三芝區,芝蘭,,35,三芝區,後厝,番子崙,136-1
三芝區,芝蘭,,350,三芝區,後厝,陽住坑,171
三芝區,芝蘭,,351,三芝區,後厝,陽住坑,173-1
三芝區,芝蘭,,352,三芝區,後厝,陽住坑,173
三芝區,芝蘭,,353,三芝區,後厝,陽住坑,172-2
三芝區,芝蘭,,354,三芝區,後厝,陽住坑,174
三芝區,芝蘭,,355,三芝區,後厝,陽住坑,181
三芝區,芝蘭,,356,三芝區,後厝,陽住坑,182
三芝區,芝蘭,,357,三芝區,後厝,陽住坑,190
三芝區,芝蘭,,358,三芝區,後厝,陽住坑,189
三芝區,芝蘭,,359,三芝區,後厝,陽住坑,188
三芝區,芝蘭,,36,三芝區,後厝,番子崙,134
三芝區,芝蘭,,360,三芝區,後厝,陽住坑,188-1
三芝區,芝蘭,,361,三芝區,後厝,陽住坑,186
三芝區,芝蘭,,362,三芝區,後厝,陽住坑,187
三芝區,芝蘭,,363,三芝區,後厝,陽住坑,152
三芝區,芝蘭,,364,三芝區,後厝,陽住坑,153
三芝區,芝蘭,,365,三芝區,後厝,陽住坑,185
三芝區,芝蘭,,366,三芝區,後厝,陽住坑,184-1
三芝區,芝蘭,,367,三芝區,後厝,陽住坑,184
三芝區,芝蘭,,368,三芝區,後厝,陽住坑,183
三芝區,芝蘭,,369,三芝區,後厝,陽住坑,156-2
三芝區,芝蘭,,37,三芝區,後厝,番子崙,133
三芝區,芝蘭,,370,三芝區,後厝,陽住坑,157
三芝區,芝蘭,,371,三芝區,後厝,陽住坑,156-1
三芝區,芝蘭,,372,三芝區,後厝,陽住坑,156
三芝區,芝蘭,,373,三芝區,後厝,陽住坑,155
三芝區,芝蘭,,374,三芝區,後厝,陽住坑,154
三芝區,芝蘭,,376,三芝區,後厝,陽住坑,150
三芝區,芝蘭,,377,三芝區,後厝,陽住坑,151
三芝區,芝蘭,,378,三芝區,後厝,陽住坑,149-1
三芝區,芝蘭,,379,三芝區,後厝,陽住坑,149
三芝區,芝蘭,,38,三芝區,後厝,番子崙,135
三芝區,芝蘭,,380,三芝區,後厝,陽住坑,148
三芝區,芝蘭,,382,三芝區,後厝,陽住坑,160
三芝區,芝蘭,,383,三芝區,後厝,陽住坑,159
三芝區,芝蘭,,384,三芝區,後厝,陽住坑,158
三芝區,芝蘭,,385,三芝區,後厝,陽住坑,158-1
三芝區,芝蘭,,386,三芝區,後厝,陽住坑,167
三芝區,芝蘭,,387,三芝區,後厝,陽住坑,166
三芝區,芝蘭,,388,三芝區,後厝,陽住坑,165
三芝區,芝蘭,,389,三芝區,後厝,陽住坑,164
三芝區,芝蘭,,39,三芝區,後厝,番子崙,147
三芝區,芝蘭,,390,三芝區,後厝,陽住坑,163
三芝區,芝蘭,,392,三芝區,後厝,陽住坑,161
三芝區,芝蘭,,393,三芝區,後厝,陽住坑,162
三芝區,芝蘭,,396,三芝區,後厝,陽住坑,126
三芝區,芝蘭,,397,三芝區,後厝,陽住坑,125
三芝區,芝蘭,,398,三芝區,後厝,陽住坑,128
三芝區,芝蘭,,399,三芝區,後厝,陽住坑,129
三芝區,芝蘭,,4,三芝區,後厝,番子崙,144
三芝區,芝蘭,,40,三芝區,後厝,番子崙,135-1
三芝區,芝蘭,,400,三芝區,後厝,陽住坑,133
三芝區,芝蘭,,401,三芝區,後厝,陽住坑,132
三芝區,芝蘭,,402,三芝區,後厝,陽住坑,131
三芝區,芝蘭,,403,三芝區,後厝,陽住坑,125-1
三芝區,芝蘭,,405,三芝區,後厝,陽住坑,139
三芝區,芝蘭,,406,三芝區,後厝,陽住坑,136
三芝區,芝蘭,,407,三芝區,後厝,陽住坑,138
三芝區,芝蘭,,408,三芝區,後厝,陽住坑,136-4
三芝區,芝蘭,,409,三芝區,後厝,陽住坑,136-5
三芝區,芝蘭,,41,三芝區,後厝,番子崙,147-3
三芝區,芝蘭,,410,三芝區,後厝,陽住坑,136-1
三芝區,芝蘭,,411,三芝區,後厝,陽住坑,139-2
三芝區,芝蘭,,412,三芝區,後厝,陽住坑,139-3
三芝區,芝蘭,,413,三芝區,後厝,陽住坑,139-1
三芝區,芝蘭,,416,三芝區,後厝,陽住坑,218
三芝區,芝蘭,,417,三芝區,後厝,陽住坑,218-1
三芝區,芝蘭,,418,三芝區,後厝,陽住坑,219
三芝區,芝蘭,,419,三芝區,後厝,陽住坑,220
三芝區,芝蘭,,42,三芝區,後厝,番子崙,150
三芝區,芝蘭,,421,三芝區,後厝,陽住坑,217-1
三芝區,芝蘭,,422,三芝區,後厝,陽住坑,217-3
三芝區,芝蘭,,423,三芝區,後厝,陽住坑,217-2
三芝區,芝蘭,,424,三芝區,後厝,陽住坑,217
三芝區,芝蘭,,425,三芝區,後厝,陽住坑,213-2
三芝區,芝蘭,,426,三芝區,後厝,陽住坑,213-1
三芝區,芝蘭,,427,三芝區,後厝,陽住坑,214
三芝區,芝蘭,,428,三芝區,後厝,陽住坑,213
三芝區,芝蘭,,429,三芝區,後厝,陽住坑,216
三芝區,芝蘭,,430,三芝區,後厝,陽住坑,215-2
三芝區,芝蘭,,431,三芝區,後厝,陽住坑,215
三芝區,芝蘭,,432,三芝區,後厝,陽住坑,215-3
三芝區,芝蘭,,433,三芝區,後厝,陽住坑,215-4
三芝區,芝蘭,,434,三芝區,後厝,陽住坑,215-7
三芝區,芝蘭,,435,三芝區,後厝,陽住坑,215-6
三芝區,芝蘭,,436,三芝區,後厝,陽住坑,215-5
三芝區,芝蘭,,437,三芝區,後厝,陽住坑,215-8
三芝區,芝蘭,,438,三芝區,後厝,陽住坑,215-9
三芝區,芝蘭,,439,三芝區,後厝,陽住坑,215-10
三芝區,芝蘭,,44,三芝區,後厝,番子崙,131
三芝區,芝蘭,,440,三芝區,後厝,陽住坑,215-11
三芝區,芝蘭,,441,三芝區,後厝,陽住坑,215-12
三芝區,芝蘭,,444,三芝區,後厝,陽住坑,140
三芝區,芝蘭,,445,三芝區,後厝,陽住坑,141
三芝區,芝蘭,,446,三芝區,後厝,陽住坑,142
三芝區,芝蘭,,447,三芝區,後厝,陽住坑,144
三芝區,芝蘭,,448,三芝區,後厝,陽住坑,143
三芝區,芝蘭,,449,三芝區,後厝,陽住坑,145
三芝區,芝蘭,,45,三芝區,後厝,番子崙,132
三芝區,芝蘭,,450,三芝區,後厝,陽住坑,212-5
三芝區,芝蘭,,451,三芝區,後厝,陽住坑,212-4
三芝區,芝蘭,,452,三芝區,後厝,陽住坑,212-3
三芝區,芝蘭,,453,三芝區,後厝,陽住坑,212-1
三芝區,芝蘭,,454,三芝區,後厝,陽住坑,212-2
三芝區,芝蘭,,455,三芝區,後厝,陽住坑,221
三芝區,芝蘭,,456,三芝區,後厝,陽住坑,222
三芝區,芝蘭,,458,三芝區,後厝,陽住坑,221-3
三芝區,芝蘭,,459,三芝區,後厝,陽住坑,221-1
三芝區,芝蘭,,46,三芝區,後厝,番子崙,131-1
三芝區,芝蘭,,460,三芝區,後厝,陽住坑,210-2
三芝區,芝蘭,,461,三芝區,後厝,陽住坑,223
三芝區,芝蘭,,462,三芝區,後厝,陽住坑,223-1
三芝區,芝蘭,,463,三芝區,後厝,陽住坑,208
三芝區,芝蘭,,464,三芝區,後厝,陽住坑,209
三芝區,芝蘭,,465,三芝區,後厝,陽住坑,207
三芝區,芝蘭,,466,三芝區,後厝,陽住坑,210
三芝區,芝蘭,,468,三芝區,後厝,陽住坑,147-3
三芝區,芝蘭,,469,三芝區,後厝,陽住坑,146-15
三芝區,芝蘭,,47,三芝區,後厝,番子崙,129-1
三芝區,芝蘭,,470,三芝區,後厝,陽住坑,146-14
三芝區,芝蘭,,471,三芝區,後厝,陽住坑,147-2
三芝區,芝蘭,,472,三芝區,後厝,陽住坑,147
三芝區,芝蘭,,473,三芝區,後厝,陽住坑,146-13
三芝區,芝蘭,,474,三芝區,後厝,陽住坑,210-1
三芝區,芝蘭,,475,三芝區,後厝,陽住坑,211
三芝區,芝蘭,,476,三芝區,後厝,陽住坑,146-5
三芝區,芝蘭,,477,三芝區,後厝,陽住坑,146-6
三芝區,芝蘭,,478,三芝區,後厝,陽住坑,146-4
三芝區,芝蘭,,479,三芝區,後厝,陽住坑,146
三芝區,芝蘭,,48,三芝區,後厝,番子崙,130
三芝區,芝蘭,,480,三芝區,後厝,陽住坑,146-3
三芝區,芝蘭,,481,三芝區,後厝,陽住坑,146-1
三芝區,芝蘭,,482,三芝區,後厝,陽住坑,146-2
三芝區,芝蘭,,483,三芝區,後厝,陽住坑,146-7
三芝區,芝蘭,,484,三芝區,後厝,陽住坑,146-10
三芝區,芝蘭,,485,三芝區,後厝,陽住坑,146-11
三芝區,芝蘭,,486,三芝區,後厝,陽住坑,146-8
三芝區,芝蘭,,487,三芝區,後厝,陽住坑,146-9
三芝區,芝蘭,,488,三芝區,後厝,陽住坑,146-12
三芝區,芝蘭,,489,三芝區,後厝,陽住坑,146-16
三芝區,芝蘭,,49,三芝區,後厝,番子崙,129
三芝區,芝蘭,,490,三芝區,後厝,陽住坑,146-19
三芝區,芝蘭,,491,三芝區,後厝,陽住坑,146-18
三芝區,芝蘭,,492,三芝區,後厝,陽住坑,146-17
三芝區,芝蘭,,493,三芝區,後厝,陽住坑,146-20
三芝區,芝蘭,,494,三芝區,後厝,陽住坑,146-21
三芝區,芝蘭,,497,三芝區,後厝,陽住坑,204
三芝區,芝蘭,,498,三芝區,後厝,陽住坑,203
三芝區,芝蘭,,499,三芝區,後厝,陽住坑,206
三芝區,芝蘭,,5,三芝區,後厝,番子崙,142
三芝區,芝蘭,,50,三芝區,後厝,番子崙,128
三芝區,芝蘭,,500,三芝區,後厝,陽住坑,205
三芝區,芝蘭,,501,三芝區,後厝,陽住坑,225
三芝區,芝蘭,,502,三芝區,後厝,陽住坑,225-1
三芝區,芝蘭,,503,三芝區,後厝,陽住坑,225-2
三芝區,芝蘭,,504,三芝區,後厝,陽住坑,225-3
三芝區,芝蘭,,505,三芝區,後厝,陽住坑,225-4
三芝區,芝蘭,,506,三芝區,後厝,陽住坑,225-5
三芝區,芝蘭,,507,三芝區,後厝,陽住坑,225-6
三芝區,芝蘭,,508,三芝區,後厝,陽住坑,225-7
三芝區,芝蘭,,509,三芝區,後厝,陽住坑,225-8
三芝區,芝蘭,,51,三芝區,後厝,番子崙,151-1
三芝區,芝蘭,,510,三芝區,後厝,陽住坑,203-1
三芝區,芝蘭,,511,三芝區,後厝,陽住坑,225-9
三芝區,芝蘭,,512,三芝區,後厝,陽住坑,202
三芝區,芝蘭,,513,三芝區,後厝,陽住坑,202-1
三芝區,芝蘭,,514,三芝區,後厝,陽住坑,201
三芝區,芝蘭,,515,三芝區,後厝,陽住坑,201-1
三芝區,芝蘭,,516,三芝區,後厝,陽住坑,202-2
三芝區,芝蘭,,517,三芝區,後厝,陽住坑,225-12
三芝區,芝蘭,,518,三芝區,後厝,陽住坑,225-11
三芝區,芝蘭,,519,三芝區,後厝,陽住坑,225-10
三芝區,芝蘭,,520,三芝區,後厝,陽住坑,225-13
三芝區,芝蘭,,521,三芝區,後厝,陽住坑,200-3
三芝區,芝蘭,,522,三芝區,後厝,陽住坑,201-2
三芝區,芝蘭,,523,三芝區,後厝,陽住坑,200-1
三芝區,芝蘭,,524,三芝區,後厝,陽住坑,200-2
三芝區,芝蘭,,525,三芝區,後厝,陽住坑,201-3
三芝區,芝蘭,,527,三芝區,後厝,陽住坑,201-4
三芝區,芝蘭,,528,三芝區,後厝,陽住坑,200
三芝區,芝蘭,,529,三芝區,後厝,陽住坑,227
三芝區,芝蘭,,53,三芝區,後厝,番子崙,151
三芝區,芝蘭,,530,三芝區,後厝,陽住坑,226
三芝區,芝蘭,,531,三芝區,後厝,陽住坑,233
三芝區,芝蘭,,532,三芝區,後厝,陽住坑,234
三芝區,芝蘭,,533,三芝區,後厝,陽住坑,234-1
三芝區,芝蘭,,534,三芝區,後厝,陽住坑,233-1
三芝區,芝蘭,,535,三芝區,後厝,陽住坑,233-2
三芝區,芝蘭,,536,三芝區,後厝,陽住坑,235-5
三芝區,芝蘭,,537,三芝區,後厝,陽住坑,235-4
三芝區,芝蘭,,538,三芝區,後厝,陽住坑,235
三芝區,芝蘭,,54,三芝區,後厝,番子崙,151-2
三芝區,芝蘭,,540,三芝區,後厝,陽住坑,235-1
三芝區,芝蘭,,541,三芝區,後厝,陽住坑,235-2
三芝區,芝蘭,,542,三芝區,後厝,陽住坑,235-3
三芝區,芝蘭,,543,三芝區,後厝,陽住坑,236
三芝區,芝蘭,,544,三芝區,後厝,陽住坑,237-3
三芝區,芝蘭,,545,三芝區,後厝,陽住坑,237-4
三芝區,芝蘭,,546,三芝區,後厝,陽住坑,237
三芝區,芝蘭,,549,三芝區,後厝,陽住坑,238-2
三芝區,芝蘭,,55,三芝區,後厝,番子崙,152-1
三芝區,芝蘭,,550,三芝區,後厝,陽住坑,238-1
三芝區,芝蘭,,551,三芝區,後厝,陽住坑,238
三芝區,芝蘭,,552,三芝區,後厝,陽住坑,238-3
三芝區,芝蘭,,553,三芝區,後厝,陽住坑,244
三芝區,芝蘭,,554,三芝區,後厝,陽住坑,242
三芝區,芝蘭,,555,三芝區,後厝,陽住坑,239
三芝區,芝蘭,,556,三芝區,後厝,陽住坑,240
三芝區,芝蘭,,557,三芝區,後厝,陽住坑,241
三芝區,芝蘭,,558,三芝區,後厝,陽住坑,242-4
三芝區,芝蘭,,559,三芝區,後厝,陽住坑,242-1
三芝區,芝蘭,,56,三芝區,後厝,番子崙,157-3
三芝區,芝蘭,,560,三芝區,後厝,陽住坑,247
三芝區,芝蘭,,561,三芝區,後厝,陽住坑,243
三芝區,芝蘭,,562,三芝區,後厝,陽住坑,242-3
三芝區,芝蘭,,563,三芝區,後厝,陽住坑,244-1
三芝區,芝蘭,,564,三芝區,後厝,陽住坑,249
三芝區,芝蘭,,565,三芝區,後厝,陽住坑,245
三芝區,芝蘭,,566,三芝區,後厝,陽住坑,250
三芝區,芝蘭,,568,三芝區,後厝,土地公坑,69-64
三芝區,芝蘭,,569,三芝區,後厝,土地公坑,69-1
三芝區,芝蘭,,57,三芝區,後厝,番子崙,153-1
三芝區,芝蘭,,570,三芝區,後厝,土地公坑,69-3
三芝區,芝蘭,,571,三芝區,後厝,土地公坑,69-2
三芝區,芝蘭,,572,三芝區,後厝,土地公坑,69-4
三芝區,芝蘭,,573,三芝區,後厝,土地公坑,69-5
三芝區,芝蘭,,574,三芝區,後厝,土地公坑,69-6
三芝區,芝蘭,,575,三芝區,後厝,土地公坑,69-7
三芝區,芝蘭,,576,三芝區,後厝,土地公坑,69-8
三芝區,芝蘭,,577,三芝區,後厝,土地公坑,69-9
三芝區,芝蘭,,578,三芝區,後厝,土地公坑,69-10
三芝區,芝蘭,,579,三芝區,後厝,土地公坑,69-11
三芝區,芝蘭,,58,三芝區,後厝,番子崙,153
三芝區,芝蘭,,580,三芝區,後厝,土地公坑,69-12
三芝區,芝蘭,,581,三芝區,後厝,土地公坑,69-13
三芝區,芝蘭,,582,三芝區,後厝,土地公坑,69-14
三芝區,芝蘭,,583,三芝區,後厝,土地公坑,69-15
三芝區,芝蘭,,584,三芝區,後厝,土地公坑,69-16
三芝區,芝蘭,,585,三芝區,後厝,土地公坑,69-17
三芝區,芝蘭,,586,三芝區,後厝,土地公坑,69-18
三芝區,芝蘭,,587,三芝區,後厝,土地公坑,69-19
三芝區,芝蘭,,588,三芝區,後厝,土地公坑,69-20
三芝區,芝蘭,,589,三芝區,後厝,土地公坑,69-21
三芝區,芝蘭,,59,三芝區,後厝,番子崙,153-2
三芝區,芝蘭,,590,三芝區,後厝,土地公坑,69-22
三芝區,芝蘭,,591,三芝區,後厝,土地公坑,69-23
三芝區,芝蘭,,592,三芝區,後厝,土地公坑,69-24
三芝區,芝蘭,,593,三芝區,後厝,土地公坑,69-63
三芝區,芝蘭,,594,三芝區,後厝,土地公坑,69-25
三芝區,芝蘭,,595,三芝區,後厝,土地公坑,69-26
三芝區,芝蘭,,596,三芝區,後厝,土地公坑,69-27
三芝區,芝蘭,,597,三芝區,後厝,土地公坑,69
三芝區,芝蘭,,598,三芝區,後厝,土地公坑,69-66
三芝區,芝蘭,,599,三芝區,後厝,土地公坑,70
三芝區,芝蘭,,6,三芝區,後厝,番子崙,145
三芝區,芝蘭,,60,三芝區,後厝,番子崙,169-2
三芝區,芝蘭,,600,三芝區,後厝,土地公坑,69-28
三芝區,芝蘭,,601,三芝區,後厝,土地公坑,69-29
三芝區,芝蘭,,602,三芝區,後厝,土地公坑,69-30
三芝區,芝蘭,,603,三芝區,後厝,土地公坑,69-31
三芝區,芝蘭,,604,三芝區,後厝,土地公坑,69-32
三芝區,芝蘭,,605,三芝區,後厝,土地公坑,69-33
三芝區,芝蘭,,606,三芝區,後厝,土地公坑,69-37
三芝區,芝蘭,,607,三芝區,後厝,土地公坑,69-36
三芝區,芝蘭,,608,三芝區,後厝,土地公坑,69-35
三芝區,芝蘭,,609,三芝區,後厝,土地公坑,69-34
三芝區,芝蘭,,61,三芝區,後厝,番子崙,155
三芝區,芝蘭,,610,三芝區,後厝,土地公坑,69-42
三芝區,芝蘭,,611,三芝區,後厝,土地公坑,69-41
三芝區,芝蘭,,612,三芝區,後厝,土地公坑,69-40
三芝區,芝蘭,,613,三芝區,後厝,土地公坑,69-39
三芝區,芝蘭,,614,三芝區,後厝,土地公坑,69-38
三芝區,芝蘭,,615,三芝區,後厝,土地公坑,69-48
三芝區,芝蘭,,616,三芝區,後厝,土地公坑,69-47
三芝區,芝蘭,,617,三芝區,後厝,土地公坑,69-46
三芝區,芝蘭,,618,三芝區,後厝,土地公坑,69-45
三芝區,芝蘭,,619,三芝區,後厝,土地公坑,69-44
三芝區,芝蘭,,62,三芝區,後厝,番子崙,155-2
三芝區,芝蘭,,620,三芝區,後厝,土地公坑,69-43
三芝區,芝蘭,,621,三芝區,後厝,土地公坑,69-55
三芝區,芝蘭,,622,三芝區,後厝,土地公坑,69-54
三芝區,芝蘭,,623,三芝區,後厝,土地公坑,69-53
三芝區,芝蘭,,624,三芝區,後厝,土地公坑,69-52
三芝區,芝蘭,,625,三芝區,後厝,土地公坑,69-51
三芝區,芝蘭,,626,三芝區,後厝,土地公坑,69-50
三芝區,芝蘭,,627,三芝區,後厝,土地公坑,69-49
三芝區,芝蘭,,628,三芝區,後厝,土地公坑,69-62
三芝區,芝蘭,,629,三芝區,後厝,土地公坑,69-61
三芝區,芝蘭,,63,三芝區,後厝,番子崙,169-3
三芝區,芝蘭,,630,三芝區,後厝,土地公坑,69-60
三芝區,芝蘭,,631,三芝區,後厝,土地公坑,69-59
三芝區,芝蘭,,632,三芝區,後厝,土地公坑,69-58
三芝區,芝蘭,,633,三芝區,後厝,土地公坑,69-57
三芝區,芝蘭,,634,三芝區,後厝,土地公坑,69-56
三芝區,芝蘭,,635,三芝區,後厝,土地公坑,69-65
三芝區,芝蘭,,636,三芝區,後厝,土地公坑,73
三芝區,芝蘭,,639,三芝區,後厝,番社後,51
三芝區,芝蘭,,64,三芝區,後厝,番子崙,155-1
三芝區,芝蘭,,640,三芝區,後厝,番社後,50
三芝區,芝蘭,,641,三芝區,後厝,番社後,49
三芝區,芝蘭,,642,三芝區,後厝,番社後,48
三芝區,芝蘭,,643,三芝區,後厝,番社後,46
三芝區,芝蘭,,644,三芝區,後厝,番社後,47
三芝區,芝蘭,,645,三芝區,後厝,番社後,47-1
三芝區,芝蘭,,646,三芝區,後厝,番社後,47-2
三芝區,芝蘭,,647,三芝區,後厝,番社後,46-1
三芝區,芝蘭,,648,三芝區,後厝,番社後,43
三芝區,芝蘭,,649,三芝區,後厝,番社後,44-1
三芝區,芝蘭,,650,三芝區,後厝,番社後,44
三芝區,芝蘭,,651,三芝區,後厝,番社後,31
三芝區,芝蘭,,652,三芝區,後厝,番社後,31-8
三芝區,芝蘭,,653,三芝區,後厝,番社後,40-1
三芝區,芝蘭,,654,三芝區,後厝,番社後,40
三芝區,芝蘭,,655,三芝區,後厝,番社後,31-5
三芝區,芝蘭,,656,三芝區,後厝,番社後,31-9
三芝區,芝蘭,,657,三芝區,後厝,番社後,41
三芝區,芝蘭,,658,三芝區,後厝,番社後,31-7
三芝區,芝蘭,,659,三芝區,後厝,番社後,42
三芝區,芝蘭,,66,三芝區,後厝,番子崙,156-1
三芝區,芝蘭,,660,三芝區,後厝,番社後,31-6
三芝區,芝蘭,,661,三芝區,後厝,番社後,31-10
三芝區,芝蘭,,662,三芝區,後厝,番社後,31-11
三芝區,芝蘭,,663,三芝區,後厝,番社後,31-12
三芝區,芝蘭,,664,三芝區,後厝,番社後,31-13
三芝區,芝蘭,,665,三芝區,後厝,番社後,39
三芝區,芝蘭,,666,三芝區,後厝,番社後,31-14
三芝區,芝蘭,,667,三芝區,後厝,番社後,31-15
三芝區,芝蘭,,668,三芝區,後厝,番社後,31-1
三芝區,芝蘭,,669,三芝區,後厝,番社後,31-25
三芝區,芝蘭,,67,三芝區,後厝,番子崙,156-2
三芝區,芝蘭,,670,三芝區,後厝,番社後,31-16
三芝區,芝蘭,,671,三芝區,後厝,番社後,31-17
三芝區,芝蘭,,672,三芝區,後厝,番社後,31-18
三芝區,芝蘭,,673,三芝區,後厝,番社後,31-19
三芝區,芝蘭,,674,三芝區,後厝,番社後,31-20
三芝區,芝蘭,,675,三芝區,後厝,番社後,30
三芝區,芝蘭,,676,三芝區,後厝,番社後,30-1
三芝區,芝蘭,,677,三芝區,後厝,番社後,31-21
三芝區,芝蘭,,678,三芝區,後厝,番社後,29-1
三芝區,芝蘭,,679,三芝區,後厝,番社後,29
三芝區,芝蘭,,68,三芝區,後厝,番子崙,156
三芝區,芝蘭,,680,三芝區,後厝,番社後,31-22
三芝區,芝蘭,,681,三芝區,後厝,番社後,26-8
三芝區,芝蘭,,682,三芝區,後厝,番社後,26-1
三芝區,芝蘭,,683,三芝區,後厝,番社後,31-23
三芝區,芝蘭,,684,三芝區,後厝,番社後,28
三芝區,芝蘭,,685,三芝區,後厝,番社後,27
三芝區,芝蘭,,686,三芝區,後厝,番社後,26
三芝區,芝蘭,,687,三芝區,後厝,番社後,26-2
三芝區,芝蘭,,688,三芝區,後厝,番社後,27-1
三芝區,芝蘭,,689,三芝區,後厝,番社後,28-1
三芝區,芝蘭,,69,三芝區,後厝,番子崙,158
三芝區,芝蘭,,690,三芝區,後厝,番社後,28-2
三芝區,芝蘭,,691,三芝區,後厝,番社後,27-2
三芝區,芝蘭,,692,三芝區,後厝,番社後,26-3
三芝區,芝蘭,,693,三芝區,後厝,番社後,26-4
三芝區,芝蘭,,694,三芝區,後厝,番社後,27-3
三芝區,芝蘭,,695,三芝區,後厝,番社後,28-3
三芝區,芝蘭,,696,三芝區,後厝,番社後,28-4
三芝區,芝蘭,,697,三芝區,後厝,番社後,26-5
三芝區,芝蘭,,698,三芝區,後厝,番社後,26-6
三芝區,芝蘭,,699,三芝區,後厝,番社後,28-5
三芝區,芝蘭,,7,三芝區,後厝,番子崙,146
三芝區,芝蘭,,70,三芝區,後厝,番子崙,158-2
三芝區,芝蘭,,700,三芝區,後厝,番社後,28-6
三芝區,芝蘭,,701,三芝區,後厝,番社後,26-7
三芝區,芝蘭,,703,三芝區,後厝,番社後,20
三芝區,芝蘭,,704,三芝區,後厝,番社後,20-1
三芝區,芝蘭,,705,三芝區,後厝,番社後,21
三芝區,芝蘭,,707,三芝區,後厝,番社後,19
三芝區,芝蘭,,708,三芝區,後厝,番社後,18
三芝區,芝蘭,,709,三芝區,後厝,番社後,15-2
三芝區,芝蘭,,71,三芝區,後厝,番子崙,158-4
三芝區,芝蘭,,710,三芝區,後厝,番社後,15-8
三芝區,芝蘭,,711,三芝區,後厝,番社後,14
三芝區,芝蘭,,712,三芝區,後厝,番社後,13
三芝區,芝蘭,,713,三芝區,後厝,番社後,11-1
三芝區,芝蘭,,714,三芝區,後厝,番社後,11
三芝區,芝蘭,,715,三芝區,後厝,番社後,12-1
三芝區,芝蘭,,716,三芝區,後厝,番社後,12-3
三芝區,芝蘭,,717,三芝區,後厝,番社後,12-2
三芝區,芝蘭,,718,三芝區,後厝,番社後,9-2
三芝區,芝蘭,,72,三芝區,後厝,番子崙,157-1
三芝區,芝蘭,,720,三芝區,後厝,番社後,9-1
三芝區,芝蘭,,721,三芝區,後厝,番社後,9
三芝區,芝蘭,,722,三芝區,後厝,番社後,7
三芝區,芝蘭,,724,三芝區,後厝,番社後,93
三芝區,芝蘭,,726,三芝區,後厝,番社後,6
三芝區,芝蘭,,727,三芝區,後厝,番社後,6-1
三芝區,芝蘭,,728,三芝區,後厝,番社後,5
三芝區,芝蘭,,729,三芝區,後厝,番社後,5-1
三芝區,芝蘭,,73,三芝區,後厝,番子崙,158-3
三芝區,芝蘭,,730,三芝區,後厝,番社後,4-2
三芝區,芝蘭,,731,三芝區,後厝,番社後,4
三芝區,芝蘭,,732,三芝區,後厝,番社後,2
三芝區,芝蘭,,733,三芝區,後厝,番社後,2-2
三芝區,芝蘭,,734,三芝區,後厝,番社後,2-3
三芝區,芝蘭,,735,三芝區,後厝,番社後,2-4
三芝區,芝蘭,,736,三芝區,後厝,番社後,2-5
三芝區,芝蘭,,737,三芝區,後厝,番社後,2-6
三芝區,芝蘭,,738,三芝區,後厝,番社後,2-7
三芝區,芝蘭,,739,三芝區,後厝,番社後,2-8
三芝區,芝蘭,,74,三芝區,後厝,番子崙,157-2
三芝區,芝蘭,,740,三芝區,後厝,番社後,2-1
三芝區,芝蘭,,741,三芝區,後厝,番社後,1
三芝區,芝蘭,,744,三芝區,後厝,番社後,8
三芝區,芝蘭,,745,三芝區,後厝,番社後,10
三芝區,芝蘭,,746,三芝區,後厝,番社後,10-1
三芝區,芝蘭,,747,三芝區,後厝,番社後,12
三芝區,芝蘭,,748,三芝區,後厝,番社後,16
三芝區,芝蘭,,75,三芝區,後厝,番子崙,157-5
三芝區,芝蘭,,751,三芝區,後厝,番社後,17
三芝區,芝蘭,,752,三芝區,後厝,番社後,15-1
三芝區,芝蘭,,753,三芝區,後厝,番社後,15
三芝區,芝蘭,,754,三芝區,後厝,番社後,15-3
三芝區,芝蘭,,755,三芝區,後厝,番社後,15-4
三芝區,芝蘭,,756,三芝區,後厝,番社後,15-5
三芝區,芝蘭,,757,三芝區,後厝,番社後,15-6
三芝區,芝蘭,,758,三芝區,後厝,番社後,17-1
三芝區,芝蘭,,76,三芝區,後厝,番子崙,152-2
三芝區,芝蘭,,761,三芝區,後厝,番社後,23
三芝區,芝蘭,,762,三芝區,後厝,番社後,22
三芝區,芝蘭,,763,三芝區,後厝,番社後,24
三芝區,芝蘭,,764,三芝區,後厝,番社後,25-5
三芝區,芝蘭,,765,三芝區,後厝,番社後,25-3
三芝區,芝蘭,,766,三芝區,後厝,番社後,25-6
三芝區,芝蘭,,767,三芝區,後厝,番社後,25-7
三芝區,芝蘭,,768,三芝區,後厝,番社後,25-2
三芝區,芝蘭,,769,三芝區,後厝,番社後,25-4
三芝區,芝蘭,,77,三芝區,後厝,番子崙,157
三芝區,芝蘭,,770,三芝區,後厝,番社後,25
三芝區,芝蘭,,772,三芝區,後厝,番社後,25-1
三芝區,芝蘭,,773,三芝區,後厝,番社後,32
三芝區,芝蘭,,774,三芝區,後厝,番社後,31-24
三芝區,芝蘭,,775,三芝區,後厝,番社後,31-2
三芝區,芝蘭,,776,三芝區,後厝,番社後,33
三芝區,芝蘭,,777,三芝區,後厝,番社後,35
三芝區,芝蘭,,778,三芝區,後厝,番社後,37
三芝區,芝蘭,,779,三芝區,後厝,番社後,31-4
三芝區,芝蘭,,78,三芝區,後厝,番子崙,157-4
三芝區,芝蘭,,780,三芝區,後厝,番社後,31-3
三芝區,芝蘭,,781,三芝區,後厝,番社後,38
三芝區,芝蘭,,782,三芝區,後厝,番社後,71
三芝區,芝蘭,,785,三芝區,後厝,番社後,34
三芝區,芝蘭,,786,三芝區,後厝,番社後,36
三芝區,芝蘭,,787,三芝區,後厝,番社後,73
三芝區,芝蘭,,788,三芝區,後厝,番社後,72
三芝區,芝蘭,,79,三芝區,後厝,番子崙,152
三芝區,芝蘭,,791,三芝區,後厝,番社後,75
三芝區,芝蘭,,792,三芝區,後厝,番社後,68-3
三芝區,芝蘭,,793,三芝區,後厝,番社後,67-1
三芝區,芝蘭,,794,三芝區,後厝,番社後,67
三芝區,芝蘭,,796,三芝區,後厝,番社後,69
三芝區,芝蘭,,797,三芝區,後厝,番社後,70
三芝區,芝蘭,,8,三芝區,後厝,番子崙,141
三芝區,芝蘭,,802,三芝區,後厝,番社後,68-2
三芝區,芝蘭,,803,三芝區,後厝,番社後,68-1
三芝區,芝蘭,,804,三芝區,後厝,番社後,66
三芝區,芝蘭,,805,三芝區,後厝,番社後,68
三芝區,芝蘭,,806,三芝區,後厝,番社後,68-4
三芝區,芝蘭,,807,三芝區,後厝,番社後,64-2
三芝區,芝蘭,,808,三芝區,後厝,番社後,76
三芝區,芝蘭,,809,三芝區,後厝,番社後,77
三芝區,芝蘭,,81,三芝區,後厝,番子崙,127
三芝區,芝蘭,,810,三芝區,後厝,番社後,78
三芝區,芝蘭,,811,三芝區,後厝,番社後,81-1
三芝區,芝蘭,,812,三芝區,後厝,番社後,81
三芝區,芝蘭,,813,三芝區,後厝,番社後,79
三芝區,芝蘭,,814,三芝區,後厝,番社後,86-1
三芝區,芝蘭,,815,三芝區,後厝,番社後,86-4
三芝區,芝蘭,,816,三芝區,後厝,番社後,80
三芝區,芝蘭,,817,三芝區,後厝,番社後,64
三芝區,芝蘭,,818,三芝區,後厝,番社後,65
三芝區,芝蘭,,819,三芝區,後厝,番社後,64-1
三芝區,芝蘭,,82,三芝區,後厝,番子崙,126-1
三芝區,芝蘭,,821,三芝區,後厝,番社後,63
三芝區,芝蘭,,823,三芝區,後厝,番社後,62-1
三芝區,芝蘭,,824,三芝區,後厝,番社後,54
三芝區,芝蘭,,825,三芝區,後厝,番社後,53
三芝區,芝蘭,,827,三芝區,後厝,番社後,52-1
三芝區,芝蘭,,828,三芝區,後厝,番社後,52
三芝區,芝蘭,,829,三芝區,後厝,番社後,55-1
三芝區,芝蘭,,83,三芝區,後厝,番子崙,126
三芝區,芝蘭,,830,三芝區,後厝,番社後,55
三芝區,芝蘭,,832,三芝區,後厝,番社後,56
三芝區,芝蘭,,833,三芝區,後厝,番社後,57-5
三芝區,芝蘭,,835,三芝區,後厝,番社後,57-3
三芝區,芝蘭,,836,三芝區,後厝,番社後,57-4
三芝區,芝蘭,,837,三芝區,後厝,番社後,57-8
三芝區,芝蘭,,838,三芝區,後厝,番社後,57-9
三芝區,芝蘭,,839,三芝區,後厝,番社後,57-1
三芝區,芝蘭,,840,三芝區,後厝,番社後,58
三芝區,芝蘭,,841,三芝區,後厝,番社後,58-1
三芝區,芝蘭,,842,三芝區,後厝,番社後,59-1
三芝區,芝蘭,,843,三芝區,後厝,番社後,59
三芝區,芝蘭,,844,三芝區,後厝,番社後,57
三芝區,芝蘭,,846,三芝區,後厝,番社後,57-7
三芝區,芝蘭,,847,三芝區,後厝,番社後,60-4
三芝區,芝蘭,,848,三芝區,後厝,番社後,60
三芝區,芝蘭,,849,三芝區,後厝,番社後,62
三芝區,芝蘭,,85,三芝區,後厝,番子崙,125-2
三芝區,芝蘭,,850,三芝區,後厝,番社後,61
三芝區,芝蘭,,851,三芝區,後厝,番社後,60-2
三芝區,芝蘭,,853,三芝區,後厝,番社後,60-1
三芝區,芝蘭,,855,三芝區,後厝,番社後,86
三芝區,芝蘭,,856,三芝區,後厝,番社後,86-24
三芝區,芝蘭,,857,三芝區,後厝,番社後,86-33
三芝區,芝蘭,,858,三芝區,後厝,番社後,86-25
三芝區,芝蘭,,86,三芝區,後厝,番子崙,125-1
三芝區,芝蘭,,861,三芝區,後厝,番社後,86-28
三芝區,芝蘭,,862,三芝區,後厝,番社後,86-27
三芝區,芝蘭,,863,三芝區,後厝,番社後,86-34
三芝區,芝蘭,,864,三芝區,後厝,番社後,81-5
三芝區,芝蘭,,865,三芝區,後厝,番社後,82
三芝區,芝蘭,,866,三芝區,後厝,番社後,84
三芝區,芝蘭,,867,三芝區,後厝,番社後,83-1
三芝區,芝蘭,,868,三芝區,後厝,番社後,81-11
三芝區,芝蘭,,87,三芝區,後厝,番子崙,125
三芝區,芝蘭,,870,三芝區,後厝,番社後,83-5
三芝區,芝蘭,,871,三芝區,後厝,番社後,83-2
三芝區,芝蘭,,872,三芝區,後厝,番社後,83-3
三芝區,芝蘭,,873,三芝區,後厝,番社後,83
三芝區,芝蘭,,874,三芝區,後厝,番社後,83-4
三芝區,芝蘭,,875,三芝區,後厝,番社後,83-6
三芝區,芝蘭,,876,三芝區,後厝,番社後,81-9
三芝區,芝蘭,,877,三芝區,後厝,番社後,81-2
三芝區,芝蘭,,878,三芝區,後厝,番社後,81-10
三芝區,芝蘭,,879,三芝區,後厝,番社後,81-12
三芝區,芝蘭,,88,三芝區,後厝,番子崙,124
三芝區,芝蘭,,881,三芝區,後厝,番社後,86-6
三芝區,芝蘭,,882,三芝區,後厝,番社後,81-8
三芝區,芝蘭,,883,三芝區,後厝,番社後,81-3
三芝區,芝蘭,,884,三芝區,後厝,番社後,84-2
三芝區,芝蘭,,885,三芝區,後厝,番社後,84-1
三芝區,芝蘭,,886,三芝區,後厝,番社後,86-10
三芝區,芝蘭,,887,三芝區,後厝,番社後,81-4
三芝區,芝蘭,,888,三芝區,後厝,番社後,81-7
三芝區,芝蘭,,889,三芝區,後厝,番社後,86-21
三芝區,芝蘭,,89,三芝區,後厝,番子崙,123
三芝區,芝蘭,,890,三芝區,後厝,番社後,86-20
三芝區,芝蘭,,891,三芝區,後厝,番社後,86-19
三芝區,芝蘭,,892,三芝區,後厝,番社後,86-11
三芝區,芝蘭,,893,三芝區,後厝,番社後,86-9
三芝區,芝蘭,,894,三芝區,後厝,番社後,86-8
三芝區,芝蘭,,895,三芝區,後厝,番社後,86-7
三芝區,芝蘭,,897,三芝區,後厝,番社後,60-3
三芝區,芝蘭,,898,三芝區,後厝,番社後,57-6
三芝區,芝蘭,,899,三芝區,後厝,番社後,86-14
三芝區,芝蘭,,9,三芝區,後厝,番子崙,136-2
三芝區,芝蘭,,90,三芝區,後厝,番子崙,121
三芝區,芝蘭,,900,三芝區,後厝,番社後,86-39
三芝區,芝蘭,,901,三芝區,後厝,番社後,86-36
三芝區,芝蘭,,902,三芝區,後厝,番社後,86-35
三芝區,芝蘭,,903,三芝區,後厝,番社後,86-13
三芝區,芝蘭,,904,三芝區,後厝,番社後,86-3
三芝區,芝蘭,,905,三芝區,後厝,番社後,86-12
三芝區,芝蘭,,906,三芝區,後厝,番社後,86-32
三芝區,芝蘭,,907,三芝區,後厝,番社後,86-15
三芝區,芝蘭,,908,三芝區,後厝,番社後,86-16
三芝區,芝蘭,,909,三芝區,後厝,番社後,86-5
三芝區,芝蘭,,91,三芝區,後厝,番子崙,122
三芝區,芝蘭,,910,三芝區,後厝,番社後,81-6
三芝區,芝蘭,,911,三芝區,後厝,番社後,86-29
三芝區,芝蘭,,912,三芝區,後厝,番社後,86-18
三芝區,芝蘭,,913,三芝區,後厝,番社後,86-22
三芝區,芝蘭,,914,三芝區,後厝,番社後,86-23
三芝區,芝蘭,,916,三芝區,後厝,番社後,86-17
三芝區,芝蘭,,917,三芝區,後厝,番社後,88
三芝區,芝蘭,,918,三芝區,後厝,番社後,86-38
三芝區,芝蘭,,919,三芝區,後厝,番社後,86-37
三芝區,芝蘭,,92,三芝區,後厝,番子崙,116
三芝區,芝蘭,,920,三芝區,後厝,番社後,87
三芝區,芝蘭,,924,三芝區,後厝,番社後,89
三芝區,芝蘭,,925,三芝區,後厝,番社後,89-2
三芝區,芝蘭,,927,三芝區,後厝,番社後,89-1
三芝區,芝蘭,,928,三芝區,後厝,番社後,90
三芝區,芝蘭,,929,三芝區,後厝,番社後,92
三芝區,芝蘭,,93,三芝區,後厝,番子崙,120
三芝區,芝蘭,,930,三芝區,後厝,番社後,91
三芝區,芝蘭,,932,三芝區,後厝,大片頭,49-5
三芝區,芝蘭,,933,三芝區,後厝,大片頭,48-1
三芝區,芝蘭,,934,三芝區,後厝,大片頭,48-2
三芝區,芝蘭,,935,三芝區,後厝,大片頭,49-4
三芝區,芝蘭,,936,三芝區,後厝,大片頭,48-12
三芝區,芝蘭,,937,三芝區,後厝,大片頭,48-3
三芝區,芝蘭,,938,三芝區,後厝,大片頭,48-4
三芝區,芝蘭,,939,三芝區,後厝,大片頭,48-11
三芝區,芝蘭,,94,三芝區,後厝,番子崙,117
三芝區,芝蘭,,940,三芝區,後厝,大片頭,49
三芝區,芝蘭,,941,三芝區,後厝,大片頭,51-14
三芝區,芝蘭,,942,三芝區,後厝,大片頭,48-10
三芝區,芝蘭,,943,三芝區,後厝,大片頭,48-5
三芝區,芝蘭,,944,三芝區,後厝,大片頭,48-6
三芝區,芝蘭,,945,三芝區,後厝,大片頭,48-13
三芝區,芝蘭,,946,三芝區,後厝,大片頭,48-9
三芝區,芝蘭,,947,三芝區,後厝,大片頭,50
三芝區,芝蘭,,948,三芝區,後厝,大片頭,51-12
三芝區,芝蘭,,949,三芝區,後厝,大片頭,51-11
三芝區,芝蘭,,95,三芝區,後厝,番子崙,118
三芝區,芝蘭,,950,三芝區,後厝,大片頭,51-23
三芝區,芝蘭,,951,三芝區,後厝,大片頭,51-22
三芝區,芝蘭,,952,三芝區,後厝,大片頭,48-8
三芝區,芝蘭,,953,三芝區,後厝,大片頭,48-7
三芝區,芝蘭,,954,三芝區,後厝,大片頭,51-4
三芝區,芝蘭,,955,三芝區,後厝,大片頭,48
三芝區,芝蘭,,956,三芝區,後厝,大片頭,51
三芝區,芝蘭,,957,三芝區,後厝,大片頭,51-3
三芝區,芝蘭,,958,三芝區,後厝,大片頭,51-9
三芝區,芝蘭,,959,三芝區,後厝,大片頭,51-10
三芝區,芝蘭,,96,三芝區,後厝,番子崙,117-1
三芝區,芝蘭,,960,三芝區,後厝,大片頭,51-5
三芝區,芝蘭,,961,三芝區,後厝,大片頭,51-8
三芝區,芝蘭,,962,三芝區,後厝,大片頭,51-2
三芝區,芝蘭,,963,三芝區,後厝,大片頭,51-1
三芝區,芝蘭,,964,三芝區,後厝,大片頭,51-7
三芝區,芝蘭,,965,三芝區,後厝,大片頭,51-6
三芝區,芝蘭,,967,三芝區,後厝,大片頭,1-4
三芝區,芝蘭,,968,三芝區,後厝,大片頭,2-3
三芝區,芝蘭,,969,三芝區,後厝,大片頭,2-2
三芝區,芝蘭,,97,三芝區,後厝,番子崙,119
三芝區,芝蘭,,970,三芝區,後厝,大片頭,2-1
三芝區,芝蘭,,971,三芝區,後厝,大片頭,2
三芝區,芝蘭,,972,三芝區,後厝,大片頭,3
三芝區,芝蘭,,973,三芝區,後厝,大片頭,3-1
三芝區,芝蘭,,974,三芝區,後厝,大片頭,3-2
三芝區,芝蘭,,975,三芝區,後厝,大片頭,4-1
三芝區,芝蘭,,976,三芝區,後厝,大片頭,4
三芝區,芝蘭,,977,三芝區,後厝,大片頭,4-2
三芝區,芝蘭,,978,三芝區,後厝,大片頭,1-1
三芝區,芝蘭,,979,三芝區,後厝,大片頭,1-3
三芝區,芝蘭,,98,三芝區,後厝,番子崙,115
三芝區,芝蘭,,980,三芝區,後厝,大片頭,1-2
三芝區,芝蘭,,981,三芝區,後厝,大片頭,1
三芝區,芝蘭,,982,三芝區,後厝,大片頭,1-5
三芝區,芝蘭,,985,三芝區,後厝,大片頭,5
三芝區,芝蘭,,986,三芝區,後厝,大片頭,5-10
三芝區,芝蘭,,987,三芝區,後厝,大片頭,5-8
三芝區,芝蘭,,988,三芝區,後厝,大片頭,5-4
三芝區,芝蘭,,989,三芝區,後厝,大片頭,5-5
三芝區,芝蘭,,99,三芝區,後厝,番子崙,158-1
三芝區,芝蘭,,990,三芝區,後厝,大片頭,6-1
三芝區,芝蘭,,991,三芝區,後厝,大片頭,7
三芝區,芝蘭,,993,三芝區,後厝,大片頭,6
三芝區,芝蘭,,995,三芝區,後厝,大片頭,5-3
三芝區,芝蘭,,997,三芝區,後厝,大片頭,5-6
三芝區,茂長,,1,三芝區,新小基隆,陳厝坑,1-6
三芝區,茂長,,10,三芝區,新小基隆,陳厝坑,1-5
三芝區,茂長,,100,三芝區,新小基隆,陳厝坑,12-5
三芝區,茂長,,1000,三芝區,新小基隆,埔頭坑,76-446
三芝區,茂長,,1001,三芝區,新小基隆,埔頭坑,76-288
三芝區,茂長,,1002,三芝區,新小基隆,埔頭坑,76-407
三芝區,茂長,,1003,三芝區,新小基隆,埔頭坑,76-442
三芝區,茂長,,1004,三芝區,新小基隆,埔頭坑,76-95
三芝區,茂長,,1005,三芝區,新小基隆,埔頭坑,76-20
三芝區,茂長,,1006,三芝區,新小基隆,埔頭坑,76-78
三芝區,茂長,,1007,三芝區,新小基隆,埔頭坑,76-81
三芝區,茂長,,1008,三芝區,新小基隆,埔頭坑,76-82
三芝區,茂長,,1009,三芝區,新小基隆,埔頭坑,76-10
三芝區,茂長,,101,三芝區,新小基隆,陳厝坑,12-2
三芝區,茂長,,1010,三芝區,舊小基隆,埔頭,127-9
三芝區,茂長,,1011,三芝區,舊小基隆,埔頭,126
三芝區,茂長,,1012,三芝區,舊小基隆,埔頭,126-1
三芝區,茂長,,1013,三芝區,舊小基隆,埔頭,135-8
三芝區,茂長,,1014,三芝區,舊小基隆,埔頭,123-1
三芝區,茂長,,1015,三芝區,舊小基隆,埔頭,125
三芝區,茂長,,1016,三芝區,舊小基隆,埔頭,124
三芝區,茂長,,1017,三芝區,舊小基隆,埔頭,123
三芝區,茂長,,1018,三芝區,舊小基隆,埔頭,120-15
三芝區,茂長,,1019,三芝區,舊小基隆,埔頭,118-3
三芝區,茂長,,1020,三芝區,舊小基隆,埔頭,118-4
三芝區,茂長,,1021,三芝區,舊小基隆,埔頭,115-14
三芝區,茂長,,1022,三芝區,舊小基隆,埔頭,118
三芝區,茂長,,1023,三芝區,舊小基隆,埔頭,121-2
三芝區,茂長,,1024,三芝區,舊小基隆,埔頭,121-17
三芝區,茂長,,1025,三芝區,舊小基隆,埔頭,121-12
三芝區,茂長,,1026,三芝區,舊小基隆,埔頭,121-13
三芝區,茂長,,1027,三芝區,舊小基隆,埔頭,121-8
三芝區,茂長,,1028,三芝區,舊小基隆,埔頭,121-15
三芝區,茂長,,1029,三芝區,舊小基隆,埔頭,121-14
三芝區,茂長,,103,三芝區,新小基隆,陳厝坑,10-3
三芝區,茂長,,1030,三芝區,舊小基隆,埔頭,120-1
三芝區,茂長,,1031,三芝區,舊小基隆,埔頭,120-4
三芝區,茂長,,1032,三芝區,舊小基隆,埔頭,120-5
三芝區,茂長,,1033,三芝區,舊小基隆,埔頭,120-14
三芝區,茂長,,1034,三芝區,新小基隆,埔頭坑,78-96
三芝區,茂長,,1035,三芝區,舊小基隆,埔頭,115-15
三芝區,茂長,,1036,三芝區,舊小基隆,埔頭,115-19
三芝區,茂長,,1037,三芝區,舊小基隆,埔頭,165-4
三芝區,茂長,,1038,三芝區,舊小基隆,埔頭,163
三芝區,茂長,,1039,三芝區,舊小基隆,埔頭,163-1
三芝區,茂長,,104,三芝區,新小基隆,陳厝坑,10-4
三芝區,茂長,,1040,三芝區,舊小基隆,埔頭,164-2
三芝區,茂長,,1041,三芝區,舊小基隆,埔頭,164
三芝區,茂長,,1042,三芝區,舊小基隆,埔頭,165-1
三芝區,茂長,,1043,三芝區,舊小基隆,埔頭,157-1
三芝區,茂長,,1044,三芝區,舊小基隆,埔頭,158
三芝區,茂長,,1045,三芝區,舊小基隆,埔頭,160-1
三芝區,茂長,,1046,三芝區,舊小基隆,埔頭,161-10
三芝區,茂長,,1047,三芝區,舊小基隆,埔頭,161-9
三芝區,茂長,,1048,三芝區,舊小基隆,埔頭,161-11
三芝區,茂長,,1049,三芝區,舊小基隆,埔頭,161-8
三芝區,茂長,,1050,三芝區,舊小基隆,埔頭,161-7
三芝區,茂長,,1051,三芝區,舊小基隆,埔頭,161-3
三芝區,茂長,,1052,三芝區,舊小基隆,埔頭,161-1
三芝區,茂長,,1053,三芝區,舊小基隆,埔頭,162-1
三芝區,茂長,,1054,三芝區,舊小基隆,埔頭,162-7
三芝區,茂長,,1055,三芝區,舊小基隆,埔頭,162-10
三芝區,茂長,,1056,三芝區,舊小基隆,埔頭,162-9
三芝區,茂長,,1057,三芝區,舊小基隆,埔頭,162-8
三芝區,茂長,,1058,三芝區,舊小基隆,埔頭,162-2
三芝區,茂長,,1059,三芝區,舊小基隆,埔頭,162-3
三芝區,茂長,,1060,三芝區,舊小基隆,埔頭,162-4
三芝區,茂長,,1061,三芝區,舊小基隆,埔頭,162-5
三芝區,茂長,,1062,三芝區,舊小基隆,埔頭,162-6
三芝區,茂長,,1063,三芝區,舊小基隆,埔頭,162
三芝區,茂長,,1064,三芝區,舊小基隆,埔頭,161
三芝區,茂長,,1065,三芝區,舊小基隆,埔頭,161-6
三芝區,茂長,,1066,三芝區,舊小基隆,埔頭,161-4
三芝區,茂長,,1067,三芝區,舊小基隆,埔頭,161-5
三芝區,茂長,,1068,三芝區,舊小基隆,埔頭,160
三芝區,茂長,,1069,三芝區,舊小基隆,埔頭,159
三芝區,茂長,,107,三芝區,新小基隆,陳厝坑,99
三芝區,茂長,,1070,三芝區,舊小基隆,埔頭,159-1
三芝區,茂長,,1071,三芝區,舊小基隆,埔頭,155
三芝區,茂長,,1072,三芝區,舊小基隆,埔頭,155-1
三芝區,茂長,,1073,三芝區,舊小基隆,埔頭,156-6
三芝區,茂長,,1074,三芝區,舊小基隆,埔頭,156-5
三芝區,茂長,,1075,三芝區,舊小基隆,埔頭,156-4
三芝區,茂長,,1076,三芝區,舊小基隆,埔頭,157
三芝區,茂長,,1077,三芝區,舊小基隆,埔頭,165
三芝區,茂長,,1078,三芝區,舊小基隆,埔頭,156
三芝區,茂長,,1079,三芝區,舊小基隆,埔頭,156-1
三芝區,茂長,,108,三芝區,新小基隆,陳厝坑,98
三芝區,茂長,,1080,三芝區,舊小基隆,埔頭,156-2
三芝區,茂長,,1081,三芝區,舊小基隆,埔頭,156-3
三芝區,茂長,,1082,三芝區,舊小基隆,埔頭,156-7
三芝區,茂長,,1083,三芝區,舊小基隆,埔頭,153
三芝區,茂長,,1084,三芝區,舊小基隆,埔頭,154
三芝區,茂長,,1085,三芝區,舊小基隆,埔頭,155-3
三芝區,茂長,,1086,三芝區,舊小基隆,埔頭,155-2
三芝區,茂長,,1087,三芝區,舊小基隆,埔頭,151
三芝區,茂長,,1088,三芝區,舊小基隆,埔頭,150
三芝區,茂長,,1089,三芝區,舊小基隆,埔頭,149
三芝區,茂長,,109,三芝區,新小基隆,陳厝坑,100-10
三芝區,茂長,,1090,三芝區,舊小基隆,埔頭,117
三芝區,茂長,,1091,三芝區,舊小基隆,埔頭,143-1
三芝區,茂長,,1092,三芝區,舊小基隆,埔頭,124-2
三芝區,茂長,,1093,三芝區,舊小基隆,埔頭,125-3
三芝區,茂長,,1094,三芝區,舊小基隆,埔頭,125-4
三芝區,茂長,,1095,三芝區,舊小基隆,埔頭,125-5
三芝區,茂長,,1096,三芝區,舊小基隆,埔頭,125-2
三芝區,茂長,,1097,三芝區,舊小基隆,埔頭,128-20
三芝區,茂長,,1098,三芝區,舊小基隆,埔頭,128-13
三芝區,茂長,,1099,三芝區,舊小基隆,埔頭,128-2
三芝區,茂長,,11,三芝區,新小基隆,陳厝坑,2
三芝區,茂長,,110,三芝區,新小基隆,陳厝坑,100-9
三芝區,茂長,,1100,三芝區,舊小基隆,埔頭,128-21
三芝區,茂長,,1101,三芝區,舊小基隆,埔頭,128-3
三芝區,茂長,,1102,三芝區,舊小基隆,埔頭,128-4
三芝區,茂長,,1103,三芝區,舊小基隆,埔頭,128-5
三芝區,茂長,,1104,三芝區,舊小基隆,埔頭,128-14
三芝區,茂長,,1105,三芝區,舊小基隆,埔頭,126-2
三芝區,茂長,,1106,三芝區,舊小基隆,埔頭,127
三芝區,茂長,,1107,三芝區,舊小基隆,埔頭,127-7
三芝區,茂長,,1108,三芝區,舊小基隆,埔頭,127-8
三芝區,茂長,,1109,三芝區,舊小基隆,埔頭,127-3
三芝區,茂長,,111,三芝區,新小基隆,陳厝坑,100-7
三芝區,茂長,,1110,三芝區,舊小基隆,埔頭,128
三芝區,茂長,,1111,三芝區,舊小基隆,埔頭,131
三芝區,茂長,,1112,三芝區,舊小基隆,埔頭,128-16
三芝區,茂長,,1113,三芝區,舊小基隆,埔頭,128-15
三芝區,茂長,,1114,三芝區,舊小基隆,埔頭,130
三芝區,茂長,,1115,三芝區,舊小基隆,埔頭,128-10
三芝區,茂長,,1116,三芝區,舊小基隆,埔頭,142-30
三芝區,茂長,,1117,三芝區,舊小基隆,埔頭,148
三芝區,茂長,,1118,三芝區,舊小基隆,埔頭,147
三芝區,茂長,,1119,三芝區,舊小基隆,埔頭,146-1
三芝區,茂長,,112,三芝區,新小基隆,陳厝坑,100-14
三芝區,茂長,,1120,三芝區,舊小基隆,埔頭,146
三芝區,茂長,,1121,三芝區,舊小基隆,埔頭,145
三芝區,茂長,,1122,三芝區,舊小基隆,埔頭,144
三芝區,茂長,,1123,三芝區,舊小基隆,埔頭,143-2
三芝區,茂長,,1124,三芝區,舊小基隆,埔頭,143
三芝區,茂長,,1125,三芝區,舊小基隆,埔頭,128-9
三芝區,茂長,,1126,三芝區,舊小基隆,埔頭,129
三芝區,茂長,,1127,三芝區,舊小基隆,埔頭,129-1
三芝區,茂長,,1128,三芝區,舊小基隆,埔頭,128-7
三芝區,茂長,,1129,三芝區,舊小基隆,埔頭,128-19
三芝區,茂長,,113,三芝區,新小基隆,陳厝坑,100-11
三芝區,茂長,,1130,三芝區,舊小基隆,埔頭,128-18
三芝區,茂長,,1131,三芝區,舊小基隆,埔頭,128-17
三芝區,茂長,,1132,三芝區,舊小基隆,埔頭,128-6
三芝區,茂長,,1133,三芝區,舊小基隆,埔頭,132
三芝區,茂長,,1134,三芝區,舊小基隆,埔頭,128-8
三芝區,茂長,,1135,三芝區,舊小基隆,埔頭,135-10
三芝區,茂長,,1136,三芝區,舊小基隆,埔頭,135-2
三芝區,茂長,,1137,三芝區,舊小基隆,埔頭,133
三芝區,茂長,,1138,三芝區,舊小基隆,埔頭,133-1
三芝區,茂長,,1139,三芝區,舊小基隆,埔頭,133-2
三芝區,茂長,,114,三芝區,新小基隆,陳厝坑,100-13
三芝區,茂長,,1140,三芝區,舊小基隆,埔頭,134
三芝區,茂長,,1141,三芝區,舊小基隆,埔頭,135-6
三芝區,茂長,,1142,三芝區,舊小基隆,埔頭,134-1
三芝區,茂長,,1143,三芝區,舊小基隆,埔頭,135-5
三芝區,茂長,,1144,三芝區,舊小基隆,埔頭,135-4
三芝區,茂長,,1145,三芝區,舊小基隆,埔頭,135-3
三芝區,茂長,,1146,三芝區,舊小基隆,埔頭,135
三芝區,茂長,,1147,三芝區,舊小基隆,埔頭,142-32
三芝區,茂長,,1148,三芝區,舊小基隆,埔頭,138
三芝區,茂長,,1149,三芝區,舊小基隆,埔頭,135-7
三芝區,茂長,,115,三芝區,新小基隆,埔頭坑,7-13
三芝區,茂長,,1150,三芝區,舊小基隆,埔頭,137-1
三芝區,茂長,,1151,三芝區,舊小基隆,埔頭,137
三芝區,茂長,,1152,三芝區,舊小基隆,埔頭,137-2
三芝區,茂長,,1153,三芝區,舊小基隆,埔頭,137-8
三芝區,茂長,,1154,三芝區,舊小基隆,埔頭,136-5
三芝區,茂長,,1155,三芝區,舊小基隆,埔頭,136-6
三芝區,茂長,,1156,三芝區,舊小基隆,埔頭,136-7
三芝區,茂長,,1157,三芝區,舊小基隆,埔頭,136-1
三芝區,茂長,,1158,三芝區,舊小基隆,埔頭,127-1
三芝區,茂長,,1159,三芝區,舊小基隆,埔頭,135-9
三芝區,茂長,,116,三芝區,新小基隆,埔頭坑,8-8
三芝區,茂長,,1160,三芝區,舊小基隆,埔頭,127-4
三芝區,茂長,,1161,三芝區,舊小基隆,埔頭,127-5
三芝區,茂長,,1162,三芝區,舊小基隆,埔頭,127-11
三芝區,茂長,,1163,三芝區,舊小基隆,埔頭,127-10
三芝區,茂長,,1164,三芝區,舊小基隆,埔頭,127-6
三芝區,茂長,,1165,三芝區,新小基隆,埔頭坑,78-85
三芝區,茂長,,1166,三芝區,新小基隆,埔頭坑,78-1
三芝區,茂長,,1167,三芝區,新小基隆,埔頭坑,76-290
三芝區,茂長,,1168,三芝區,新小基隆,埔頭坑,76-289
三芝區,茂長,,1169,三芝區,新小基隆,埔頭坑,76-8
三芝區,茂長,,117,三芝區,新小基隆,埔頭坑,8-7
三芝區,茂長,,1170,三芝區,新小基隆,埔頭坑,76-292
三芝區,茂長,,1171,三芝區,新小基隆,埔頭坑,76-7
三芝區,茂長,,1172,三芝區,新小基隆,埔頭坑,76-452
三芝區,茂長,,1173,三芝區,新小基隆,埔頭坑,76-453
三芝區,茂長,,1174,三芝區,新小基隆,埔頭坑,76-454
三芝區,茂長,,1175,三芝區,新小基隆,埔頭坑,78-58
三芝區,茂長,,1176,三芝區,新小基隆,埔頭坑,78-50
三芝區,茂長,,1177,三芝區,新小基隆,埔頭坑,78-20
三芝區,茂長,,1178,三芝區,新小基隆,埔頭坑,78-98
三芝區,茂長,,1179,三芝區,新小基隆,埔頭坑,76-297
三芝區,茂長,,118,三芝區,新小基隆,埔頭坑,8-4
三芝區,茂長,,1180,三芝區,新小基隆,埔頭坑,76-5
三芝區,茂長,,1181,三芝區,新小基隆,埔頭坑,76-296
三芝區,茂長,,1182,三芝區,新小基隆,埔頭坑,78-2
三芝區,茂長,,1183,三芝區,新小基隆,埔頭坑,78-53
三芝區,茂長,,1184,三芝區,新小基隆,埔頭坑,78-3
三芝區,茂長,,1185,三芝區,新小基隆,埔頭坑,79-3
三芝區,茂長,,1186,三芝區,新小基隆,埔頭坑,79-7
三芝區,茂長,,1187,三芝區,新小基隆,埔頭坑,79-1
三芝區,茂長,,1188,三芝區,新小基隆,埔頭坑,79-8
三芝區,茂長,,1189,三芝區,新小基隆,埔頭坑,80-2
三芝區,茂長,,119,三芝區,新小基隆,埔頭坑,8
三芝區,茂長,,1190,三芝區,新小基隆,埔頭坑,77-5
三芝區,茂長,,1191,三芝區,新小基隆,埔頭坑,80-50
三芝區,茂長,,1192,三芝區,新小基隆,埔頭坑,80-34
三芝區,茂長,,1193,三芝區,新小基隆,埔頭坑,80-1
三芝區,茂長,,1194,三芝區,新小基隆,埔頭坑,80-66
三芝區,茂長,,1195,三芝區,新小基隆,埔頭坑,49-21
三芝區,茂長,,1196,三芝區,新小基隆,埔頭坑,49-1
三芝區,茂長,,1197,三芝區,新小基隆,埔頭坑,80-36
三芝區,茂長,,1198,三芝區,新小基隆,埔頭坑,85-64
三芝區,茂長,,1199,三芝區,新小基隆,埔頭坑,85-58
三芝區,茂長,,12,三芝區,新小基隆,陳厝坑,2-12
三芝區,茂長,,120,三芝區,新小基隆,埔頭坑,8-3
三芝區,茂長,,1200,三芝區,新小基隆,埔頭坑,85-186
三芝區,茂長,,1201,三芝區,新小基隆,埔頭坑,85-24
三芝區,茂長,,1202,三芝區,新小基隆,埔頭坑,85-9
三芝區,茂長,,1204,三芝區,新小基隆,埔頭坑,85-10
三芝區,茂長,,1206,三芝區,新小基隆,埔頭坑,85-7
三芝區,茂長,,1207,三芝區,新小基隆,埔頭坑,85-11
三芝區,茂長,,1208,三芝區,新小基隆,埔頭坑,85-144
三芝區,茂長,,1209,三芝區,新小基隆,埔頭坑,49-54
三芝區,茂長,,121,三芝區,新小基隆,埔頭坑,8-1
三芝區,茂長,,1210,三芝區,新小基隆,埔頭坑,49-40
三芝區,茂長,,1211,三芝區,新小基隆,埔頭坑,49-42
三芝區,茂長,,1212,三芝區,新小基隆,埔頭坑,49-43
三芝區,茂長,,1213,三芝區,新小基隆,埔頭坑,49-44
三芝區,茂長,,1214,三芝區,新小基隆,埔頭坑,49-45
三芝區,茂長,,1215,三芝區,新小基隆,埔頭坑,49-46
三芝區,茂長,,1216,三芝區,新小基隆,埔頭坑,49-47
三芝區,茂長,,1217,三芝區,新小基隆,埔頭坑,49-48
三芝區,茂長,,1218,三芝區,新小基隆,埔頭坑,49-49
三芝區,茂長,,1219,三芝區,新小基隆,埔頭坑,49-50
三芝區,茂長,,122,三芝區,新小基隆,埔頭坑,8-2
三芝區,茂長,,1220,三芝區,新小基隆,埔頭坑,49-51
三芝區,茂長,,1221,三芝區,新小基隆,埔頭坑,49-52
三芝區,茂長,,1222,三芝區,新小基隆,埔頭坑,49-53
三芝區,茂長,,1223,三芝區,新小基隆,埔頭坑,49-39
三芝區,茂長,,1224,三芝區,新小基隆,埔頭坑,49-25
三芝區,茂長,,1225,三芝區,新小基隆,埔頭坑,49-24
三芝區,茂長,,1226,三芝區,新小基隆,埔頭坑,49-23
三芝區,茂長,,1227,三芝區,新小基隆,埔頭坑,49-20
三芝區,茂長,,1228,三芝區,新小基隆,埔頭坑,49-19
三芝區,茂長,,1229,三芝區,新小基隆,埔頭坑,49-31
三芝區,茂長,,123,三芝區,新小基隆,埔頭坑,8-6
三芝區,茂長,,1230,三芝區,新小基隆,埔頭坑,49-30
三芝區,茂長,,1231,三芝區,新小基隆,埔頭坑,49-29
三芝區,茂長,,1232,三芝區,新小基隆,埔頭坑,49-28
三芝區,茂長,,1233,三芝區,新小基隆,埔頭坑,49-106
三芝區,茂長,,1234,三芝區,新小基隆,埔頭坑,49-88
三芝區,茂長,,1235,三芝區,新小基隆,埔頭坑,49-90
三芝區,茂長,,1236,三芝區,新小基隆,埔頭坑,49-16
三芝區,茂長,,1237,三芝區,新小基隆,埔頭坑,49-119
三芝區,茂長,,1238,三芝區,新小基隆,埔頭坑,49-118
三芝區,茂長,,1239,三芝區,新小基隆,埔頭坑,49-120
三芝區,茂長,,124,三芝區,新小基隆,埔頭坑,8-5
三芝區,茂長,,1240,三芝區,新小基隆,埔頭坑,49-121
三芝區,茂長,,1241,三芝區,新小基隆,埔頭坑,49-122
三芝區,茂長,,1242,三芝區,新小基隆,埔頭坑,49-123
三芝區,茂長,,1243,三芝區,新小基隆,埔頭坑,49-124
三芝區,茂長,,1244,三芝區,新小基隆,埔頭坑,49-125
三芝區,茂長,,1245,三芝區,新小基隆,埔頭坑,49-126
三芝區,茂長,,1246,三芝區,新小基隆,埔頭坑,49-127
三芝區,茂長,,1247,三芝區,新小基隆,埔頭坑,49-128
三芝區,茂長,,1248,三芝區,新小基隆,埔頭坑,49-129
三芝區,茂長,,1249,三芝區,新小基隆,埔頭坑,49-130
三芝區,茂長,,125,三芝區,新小基隆,埔頭坑,7-19
三芝區,茂長,,1250,三芝區,新小基隆,埔頭坑,49-138
三芝區,茂長,,1251,三芝區,新小基隆,埔頭坑,49-3
三芝區,茂長,,1252,三芝區,新小基隆,埔頭坑,49-117
三芝區,茂長,,1253,三芝區,新小基隆,埔頭坑,49-116
三芝區,茂長,,1254,三芝區,新小基隆,埔頭坑,49-115
三芝區,茂長,,1255,三芝區,新小基隆,埔頭坑,49-114
三芝區,茂長,,1256,三芝區,新小基隆,埔頭坑,49-113
三芝區,茂長,,1257,三芝區,新小基隆,埔頭坑,49-112
三芝區,茂長,,1258,三芝區,新小基隆,埔頭坑,49-111
三芝區,茂長,,1259,三芝區,新小基隆,埔頭坑,49-110
三芝區,茂長,,126,三芝區,新小基隆,埔頭坑,7-18
三芝區,茂長,,1260,三芝區,新小基隆,埔頭坑,49-109
三芝區,茂長,,1261,三芝區,新小基隆,埔頭坑,51-13
三芝區,茂長,,1262,三芝區,新小基隆,埔頭坑,51-5
三芝區,茂長,,1263,三芝區,新小基隆,埔頭坑,51-6
三芝區,茂長,,1264,三芝區,新小基隆,埔頭坑,51-7
三芝區,茂長,,1265,三芝區,新小基隆,埔頭坑,51-11
三芝區,茂長,,1266,三芝區,新小基隆,埔頭坑,50-15
三芝區,茂長,,1267,三芝區,新小基隆,埔頭坑,50-16
三芝區,茂長,,1268,三芝區,新小基隆,埔頭坑,49-132
三芝區,茂長,,1269,三芝區,新小基隆,埔頭坑,49-131
三芝區,茂長,,127,三芝區,新小基隆,埔頭坑,6-1
三芝區,茂長,,1270,三芝區,新小基隆,埔頭坑,49-79
三芝區,茂長,,1271,三芝區,新小基隆,埔頭坑,49
三芝區,茂長,,1272,三芝區,新小基隆,埔頭坑,49-4
三芝區,茂長,,1273,三芝區,新小基隆,埔頭坑,49-87
三芝區,茂長,,1274,三芝區,新小基隆,埔頭坑,49-41
三芝區,茂長,,1275,三芝區,新小基隆,埔頭坑,49-32
三芝區,茂長,,1276,三芝區,新小基隆,埔頭坑,49-33
三芝區,茂長,,1277,三芝區,新小基隆,埔頭坑,49-34
三芝區,茂長,,1278,三芝區,新小基隆,埔頭坑,49-35
三芝區,茂長,,1279,三芝區,新小基隆,埔頭坑,49-36
三芝區,茂長,,128,三芝區,新小基隆,埔頭坑,6-6
三芝區,茂長,,1280,三芝區,新小基隆,埔頭坑,49-37
三芝區,茂長,,1281,三芝區,新小基隆,埔頭坑,49-38
三芝區,茂長,,1283,三芝區,新小基隆,埔頭坑,49-5
三芝區,茂長,,1284,三芝區,新小基隆,埔頭坑,17-18
三芝區,茂長,,1285,三芝區,新小基隆,埔頭坑,49-133
三芝區,茂長,,1287,三芝區,新小基隆,埔頭坑,17-17
三芝區,茂長,,1288,三芝區,新小基隆,埔頭坑,17-55
三芝區,茂長,,1289,三芝區,新小基隆,埔頭坑,17-22
三芝區,茂長,,129,三芝區,新小基隆,埔頭坑,61-2
三芝區,茂長,,1290,三芝區,新小基隆,埔頭坑,17-23
三芝區,茂長,,1291,三芝區,新小基隆,埔頭坑,17-24
三芝區,茂長,,1292,三芝區,新小基隆,埔頭坑,17-25
三芝區,茂長,,1293,三芝區,新小基隆,埔頭坑,17-26
三芝區,茂長,,1294,三芝區,新小基隆,埔頭坑,17-27
三芝區,茂長,,1295,三芝區,新小基隆,埔頭坑,17-28
三芝區,茂長,,1296,三芝區,新小基隆,埔頭坑,17-29
三芝區,茂長,,1297,三芝區,新小基隆,埔頭坑,17-30
三芝區,茂長,,1298,三芝區,新小基隆,埔頭坑,17-35
三芝區,茂長,,1299,三芝區,新小基隆,埔頭坑,17-36
三芝區,茂長,,13,三芝區,新小基隆,陳厝坑,3-10
三芝區,茂長,,130,三芝區,新小基隆,埔頭坑,61-14
三芝區,茂長,,1300,三芝區,新小基隆,埔頭坑,17-37
三芝區,茂長,,1301,三芝區,新小基隆,埔頭坑,17-4
三芝區,茂長,,1302,三芝區,新小基隆,埔頭坑,17-42
三芝區,茂長,,1303,三芝區,新小基隆,埔頭坑,17-43
三芝區,茂長,,1304,三芝區,新小基隆,埔頭坑,17-44
三芝區,茂長,,1305,三芝區,新小基隆,埔頭坑,17-45
三芝區,茂長,,1306,三芝區,新小基隆,埔頭坑,17-46
三芝區,茂長,,1307,三芝區,新小基隆,埔頭坑,17-47
三芝區,茂長,,1308,三芝區,新小基隆,埔頭坑,17-31
三芝區,茂長,,1309,三芝區,新小基隆,埔頭坑,17-32
三芝區,茂長,,131,三芝區,新小基隆,埔頭坑,61
三芝區,茂長,,1310,三芝區,新小基隆,埔頭坑,17-33
三芝區,茂長,,1311,三芝區,新小基隆,埔頭坑,17-21
三芝區,茂長,,1312,三芝區,新小基隆,埔頭坑,43-10
三芝區,茂長,,1313,三芝區,新小基隆,埔頭坑,17-34
三芝區,茂長,,1314,三芝區,新小基隆,埔頭坑,43-1
三芝區,茂長,,1315,三芝區,新小基隆,埔頭坑,43
三芝區,茂長,,1316,三芝區,新小基隆,埔頭坑,17-19
三芝區,茂長,,1317,三芝區,新小基隆,埔頭坑,17-14
三芝區,茂長,,1318,三芝區,新小基隆,埔頭坑,17-5
三芝區,茂長,,1319,三芝區,新小基隆,埔頭坑,17-1
三芝區,茂長,,132,三芝區,新小基隆,埔頭坑,61-4
三芝區,茂長,,1320,三芝區,新小基隆,埔頭坑,17-8
三芝區,茂長,,1321,三芝區,新小基隆,埔頭坑,17-13
三芝區,茂長,,1322,三芝區,新小基隆,埔頭坑,17-15
三芝區,茂長,,1323,三芝區,新小基隆,埔頭坑,17-2
三芝區,茂長,,1324,三芝區,新小基隆,埔頭坑,17-16
三芝區,茂長,,1325,三芝區,新小基隆,埔頭坑,17-20
三芝區,茂長,,1326,三芝區,新小基隆,埔頭坑,45-6
三芝區,茂長,,1327,三芝區,新小基隆,埔頭坑,45-2
三芝區,茂長,,1328,三芝區,新小基隆,埔頭坑,44-15
三芝區,茂長,,1329,三芝區,新小基隆,埔頭坑,44-6
三芝區,茂長,,133,三芝區,新小基隆,埔頭坑,56-44
三芝區,茂長,,1330,三芝區,新小基隆,埔頭坑,44-19
三芝區,茂長,,1331,三芝區,新小基隆,埔頭坑,44-7
三芝區,茂長,,1332,三芝區,新小基隆,埔頭坑,44-16
三芝區,茂長,,1333,三芝區,新小基隆,埔頭坑,43-15
三芝區,茂長,,1334,三芝區,新小基隆,陳厝坑,63-9
三芝區,茂長,,1335,三芝區,新小基隆,陳厝坑,63-10
三芝區,茂長,,1336,三芝區,新小基隆,陳厝坑,63-15
三芝區,茂長,,1338,三芝區,新小基隆,陳厝坑,63-3
三芝區,茂長,,1339,三芝區,新小基隆,陳厝坑,64-4
三芝區,茂長,,134,三芝區,新小基隆,埔頭坑,56-5
三芝區,茂長,,1340,三芝區,新小基隆,陳厝坑,64-3
三芝區,茂長,,1341,三芝區,新小基隆,陳厝坑,65-4
三芝區,茂長,,1342,三芝區,新小基隆,陳厝坑,65-3
三芝區,茂長,,1343,三芝區,新小基隆,陳厝坑,66
三芝區,茂長,,1344,三芝區,新小基隆,陳厝坑,65-11
三芝區,茂長,,1345,三芝區,新小基隆,陳厝坑,65-5
三芝區,茂長,,1347,三芝區,新小基隆,陳厝坑,65
三芝區,茂長,,1348,三芝區,新小基隆,陳厝坑,68-4
三芝區,茂長,,1349,三芝區,新小基隆,陳厝坑,68-8
三芝區,茂長,,135,三芝區,新小基隆,埔頭坑,56-4
三芝區,茂長,,1350,三芝區,新小基隆,陳厝坑,68-7
三芝區,茂長,,1351,三芝區,新小基隆,陳厝坑,68
三芝區,茂長,,1352,三芝區,新小基隆,陳厝坑,22-1
三芝區,茂長,,1355,三芝區,新小基隆,陳厝坑,23-10
三芝區,茂長,,1356,三芝區,新小基隆,陳厝坑,23-9
三芝區,茂長,,1357,三芝區,新小基隆,陳厝坑,22
三芝區,茂長,,1358,三芝區,新小基隆,陳厝坑,22-2
三芝區,茂長,,1359,三芝區,新小基隆,陳厝坑,23-11
三芝區,茂長,,136,三芝區,新小基隆,埔頭坑,10-7
三芝區,茂長,,1360,三芝區,新小基隆,陳厝坑,23-1
三芝區,茂長,,1361,三芝區,新小基隆,陳厝坑,23
三芝區,茂長,,1363,三芝區,新小基隆,陳厝坑,68-3
三芝區,茂長,,1364,三芝區,新小基隆,陳厝坑,68-2
三芝區,茂長,,1365,三芝區,新小基隆,陳厝坑,68-9
三芝區,茂長,,1366,三芝區,新小基隆,陳厝坑,65-1
三芝區,茂長,,1367,三芝區,新小基隆,陳厝坑,65-10
三芝區,茂長,,1368,三芝區,新小基隆,陳厝坑,65-6
三芝區,茂長,,1369,三芝區,新小基隆,陳厝坑,65-7
三芝區,茂長,,137,三芝區,新小基隆,埔頭坑,56-15
三芝區,茂長,,1370,三芝區,新小基隆,陳厝坑,64
三芝區,茂長,,1371,三芝區,新小基隆,陳厝坑,64-1
三芝區,茂長,,1372,三芝區,新小基隆,陳厝坑,64-2
三芝區,茂長,,1373,三芝區,新小基隆,陳厝坑,63-13
三芝區,茂長,,1374,三芝區,新小基隆,陳厝坑,63-19
三芝區,茂長,,1376,三芝區,新小基隆,陳厝坑,63-6
三芝區,茂長,,1377,三芝區,新小基隆,陳厝坑,63-18
三芝區,茂長,,1378,三芝區,新小基隆,陳厝坑,63-17
三芝區,茂長,,138,三芝區,新小基隆,埔頭坑,56-2
三芝區,茂長,,1380,三芝區,新小基隆,陳厝坑,63-20
三芝區,茂長,,1381,三芝區,新小基隆,陳厝坑,65-2
三芝區,茂長,,1382,三芝區,新小基隆,陳厝坑,65-12
三芝區,茂長,,1383,三芝區,新小基隆,陳厝坑,65-13
三芝區,茂長,,1385,三芝區,新小基隆,陳厝坑,68-1
三芝區,茂長,,1387,三芝區,新小基隆,陳厝坑,63-4
三芝區,茂長,,1389,三芝區,新小基隆,陳厝坑,24-7
三芝區,茂長,,139,三芝區,新小基隆,埔頭坑,56-34
三芝區,茂長,,1390,三芝區,新小基隆,陳厝坑,24-2
三芝區,茂長,,1392,三芝區,新小基隆,陳厝坑,24
三芝區,茂長,,1394,三芝區,新小基隆,陳厝坑,23-4
三芝區,茂長,,1395,三芝區,新小基隆,陳厝坑,23-5
三芝區,茂長,,1396,三芝區,新小基隆,陳厝坑,23-2
三芝區,茂長,,1398,三芝區,新小基隆,陳厝坑,23-6
三芝區,茂長,,14,三芝區,新小基隆,陳厝坑,3-6
三芝區,茂長,,140,三芝區,新小基隆,埔頭坑,56-18
三芝區,茂長,,1400,三芝區,新小基隆,陳厝坑,23-7
三芝區,茂長,,1401,三芝區,新小基隆,陳厝坑,23-8
三芝區,茂長,,1402,三芝區,新小基隆,陳厝坑,27-28
三芝區,茂長,,1403,三芝區,新小基隆,陳厝坑,27-27
三芝區,茂長,,1404,三芝區,新小基隆,陳厝坑,27-29
三芝區,茂長,,1405,三芝區,新小基隆,陳厝坑,24-3
三芝區,茂長,,1406,三芝區,新小基隆,陳厝坑,24-6
三芝區,茂長,,1407,三芝區,新小基隆,陳厝坑,24-5
三芝區,茂長,,1408,三芝區,新小基隆,陳厝坑,24-1
三芝區,茂長,,1409,三芝區,新小基隆,陳厝坑,24-4
三芝區,茂長,,141,三芝區,新小基隆,埔頭坑,56-19
三芝區,茂長,,1410,三芝區,新小基隆,陳厝坑,27-31
三芝區,茂長,,1411,三芝區,新小基隆,陳厝坑,27-30
三芝區,茂長,,1412,三芝區,新小基隆,陳厝坑,27-20
三芝區,茂長,,1413,三芝區,新小基隆,陳厝坑,26-1
三芝區,茂長,,1414,三芝區,新小基隆,陳厝坑,26-5
三芝區,茂長,,1415,三芝區,新小基隆,陳厝坑,25
三芝區,茂長,,1416,三芝區,新小基隆,陳厝坑,26
三芝區,茂長,,1417,三芝區,新小基隆,陳厝坑,27-11
三芝區,茂長,,1418,三芝區,新小基隆,陳厝坑,23-3
三芝區,茂長,,1419,三芝區,新小基隆,陳厝坑,27-24
三芝區,茂長,,142,三芝區,新小基隆,埔頭坑,10-8
三芝區,茂長,,1420,三芝區,新小基隆,陳厝坑,27-1
三芝區,茂長,,1421,三芝區,新小基隆,陳厝坑,27-2
三芝區,茂長,,1422,三芝區,新小基隆,陳厝坑,26-4
三芝區,茂長,,1423,三芝區,新小基隆,陳厝坑,26-8
三芝區,茂長,,1424,三芝區,新小基隆,陳厝坑,26-3
三芝區,茂長,,1426,三芝區,新小基隆,陳厝坑,26-6
三芝區,茂長,,1427,三芝區,新小基隆,陳厝坑,26-9
三芝區,茂長,,1428,三芝區,新小基隆,陳厝坑,26-7
三芝區,茂長,,1429,三芝區,新小基隆,陳厝坑,27
三芝區,茂長,,143,三芝區,新小基隆,埔頭坑,10-5
三芝區,茂長,,1430,三芝區,新小基隆,陳厝坑,27-6
三芝區,茂長,,1431,三芝區,新小基隆,陳厝坑,27-12
三芝區,茂長,,1432,三芝區,新小基隆,陳厝坑,27-3
三芝區,茂長,,1433,三芝區,新小基隆,陳厝坑,27-4
三芝區,茂長,,1434,三芝區,新小基隆,陳厝坑,27-5
三芝區,茂長,,1435,三芝區,新小基隆,陳厝坑,27-13
三芝區,茂長,,1436,三芝區,新小基隆,陳厝坑,27-35
三芝區,茂長,,1437,三芝區,新小基隆,陳厝坑,27-36
三芝區,茂長,,1438,三芝區,新小基隆,陳厝坑,27-37
三芝區,茂長,,144,三芝區,新小基隆,埔頭坑,10-3
三芝區,茂長,,1440,三芝區,新小基隆,陳厝坑,26-2
三芝區,茂長,,1441,三芝區,新小基隆,陳厝坑,27-7
三芝區,茂長,,1443,三芝區,新小基隆,陳厝坑,27-8
三芝區,茂長,,1445,三芝區,新小基隆,陳厝坑,28
三芝區,茂長,,1446,三芝區,新小基隆,陳厝坑,27-14
三芝區,茂長,,1447,三芝區,新小基隆,陳厝坑,27-21
三芝區,茂長,,1448,三芝區,新小基隆,陳厝坑,27-15
三芝區,茂長,,1449,三芝區,新小基隆,陳厝坑,27-22
三芝區,茂長,,145,三芝區,新小基隆,埔頭坑,10-9
三芝區,茂長,,1451,三芝區,新小基隆,陳厝坑,29-2
三芝區,茂長,,1452,三芝區,新小基隆,陳厝坑,29
三芝區,茂長,,1453,三芝區,新小基隆,陳厝坑,30
三芝區,茂長,,1454,三芝區,新小基隆,陳厝坑,29-1
三芝區,茂長,,1455,三芝區,新小基隆,陳厝坑,27-16
三芝區,茂長,,1456,三芝區,新小基隆,陳厝坑,31
三芝區,茂長,,1457,三芝區,新小基隆,陳厝坑,31-3
三芝區,茂長,,1458,三芝區,新小基隆,陳厝坑,31-4
三芝區,茂長,,1459,三芝區,新小基隆,陳厝坑,31-5
三芝區,茂長,,146,三芝區,新小基隆,埔頭坑,6-12
三芝區,茂長,,1460,三芝區,新小基隆,陳厝坑,27-45
三芝區,茂長,,1461,三芝區,新小基隆,陳厝坑,32
三芝區,茂長,,1462,三芝區,新小基隆,陳厝坑,32-1
三芝區,茂長,,1464,三芝區,新小基隆,陳厝坑,34
三芝區,茂長,,1465,三芝區,新小基隆,陳厝坑,33
三芝區,茂長,,1468,三芝區,新小基隆,陳厝坑,27-17
三芝區,茂長,,1469,三芝區,新小基隆,陳厝坑,27-23
三芝區,茂長,,147,三芝區,新小基隆,埔頭坑,6-3
三芝區,茂長,,1471,三芝區,新小基隆,陳厝坑,34-2
三芝區,茂長,,1472,三芝區,新小基隆,陳厝坑,34-1
三芝區,茂長,,1473,三芝區,新小基隆,陳厝坑,58-15
三芝區,茂長,,1474,三芝區,新小基隆,陳厝坑,58
三芝區,茂長,,1475,三芝區,新小基隆,陳厝坑,57
三芝區,茂長,,1476,三芝區,新小基隆,陳厝坑,58-4
三芝區,茂長,,1477,三芝區,新小基隆,陳厝坑,58-10
三芝區,茂長,,1478,三芝區,新小基隆,陳厝坑,58-9
三芝區,茂長,,1479,三芝區,新小基隆,陳厝坑,58-1
三芝區,茂長,,148,三芝區,新小基隆,埔頭坑,7-9
三芝區,茂長,,1480,三芝區,新小基隆,陳厝坑,58-2
三芝區,茂長,,1481,三芝區,新小基隆,陳厝坑,58-11
三芝區,茂長,,1482,三芝區,新小基隆,陳厝坑,58-12
三芝區,茂長,,1483,三芝區,新小基隆,陳厝坑,58-14
三芝區,茂長,,1484,三芝區,新小基隆,陳厝坑,58-13
三芝區,茂長,,1485,三芝區,新小基隆,陳厝坑,58-7
三芝區,茂長,,1486,三芝區,新小基隆,陳厝坑,58-5
三芝區,茂長,,1487,三芝區,新小基隆,陳厝坑,58-6
三芝區,茂長,,1488,三芝區,新小基隆,陳厝坑,58-8
三芝區,茂長,,1489,三芝區,新小基隆,陳厝坑,58-3
三芝區,茂長,,149,三芝區,新小基隆,埔頭坑,7-4
三芝區,茂長,,1490,三芝區,新小基隆,陳厝坑,56-3
三芝區,茂長,,1491,三芝區,新小基隆,陳厝坑,55
三芝區,茂長,,1492,三芝區,新小基隆,陳厝坑,55-1
三芝區,茂長,,1493,三芝區,新小基隆,陳厝坑,55-2
三芝區,茂長,,1495,三芝區,新小基隆,陳厝坑,55-3
三芝區,茂長,,1496,三芝區,新小基隆,陳厝坑,55-4
三芝區,茂長,,1497,三芝區,新小基隆,陳厝坑,56
三芝區,茂長,,1498,三芝區,新小基隆,陳厝坑,56-4
三芝區,茂長,,1499,三芝區,新小基隆,陳厝坑,56-1
三芝區,茂長,,15,三芝區,新小基隆,陳厝坑,3-7
三芝區,茂長,,150,三芝區,新小基隆,埔頭坑,10
三芝區,茂長,,1500,三芝區,新小基隆,陳厝坑,56-2
三芝區,茂長,,1502,三芝區,新小基隆,陳厝坑,36-3
三芝區,茂長,,1503,三芝區,新小基隆,陳厝坑,36-2
三芝區,茂長,,1505,三芝區,新小基隆,陳厝坑,27-9
三芝區,茂長,,1508,三芝區,新小基隆,陳厝坑,36
三芝區,茂長,,1509,三芝區,新小基隆,陳厝坑,27-26
三芝區,茂長,,151,三芝區,新小基隆,埔頭坑,11-3
三芝區,茂長,,1510,三芝區,新小基隆,陳厝坑,35
三芝區,茂長,,1511,三芝區,新小基隆,陳厝坑,35-1
三芝區,茂長,,1512,三芝區,新小基隆,陳厝坑,35-2
三芝區,茂長,,1513,三芝區,新小基隆,陳厝坑,35-3
三芝區,茂長,,1514,三芝區,新小基隆,陳厝坑,27-18
三芝區,茂長,,1515,三芝區,新小基隆,陳厝坑,27-38
三芝區,茂長,,1516,三芝區,新小基隆,陳厝坑,27-42
三芝區,茂長,,1517,三芝區,新小基隆,陳厝坑,27-34
三芝區,茂長,,1519,三芝區,新小基隆,陳厝坑,27-43
三芝區,茂長,,152,三芝區,新小基隆,埔頭坑,11-19
三芝區,茂長,,1520,三芝區,新小基隆,陳厝坑,27-39
三芝區,茂長,,1521,三芝區,新小基隆,陳厝坑,36-4
三芝區,茂長,,1522,三芝區,新小基隆,陳厝坑,27-40
三芝區,茂長,,1523,三芝區,新小基隆,陳厝坑,27-41
三芝區,茂長,,1524,三芝區,新小基隆,陳厝坑,27-44
三芝區,茂長,,1525,三芝區,新小基隆,陳厝坑,27-25
三芝區,茂長,,1526,三芝區,新小基隆,陳厝坑,27-10
三芝區,茂長,,1527,三芝區,新小基隆,陳厝坑,52-4
三芝區,茂長,,1528,三芝區,新小基隆,陳厝坑,52-18
三芝區,茂長,,153,三芝區,新小基隆,埔頭坑,11-14
三芝區,茂長,,1530,三芝區,新小基隆,陳厝坑,52-6
三芝區,茂長,,1531,三芝區,新小基隆,陳厝坑,52-8
三芝區,茂長,,1532,三芝區,新小基隆,陳厝坑,54
三芝區,茂長,,1534,三芝區,新小基隆,陳厝坑,53
三芝區,茂長,,1535,三芝區,新小基隆,陳厝坑,38
三芝區,茂長,,1536,三芝區,新小基隆,陳厝坑,37-3
三芝區,茂長,,1538,三芝區,新小基隆,陳厝坑,37
三芝區,茂長,,1539,三芝區,新小基隆,陳厝坑,37-2
三芝區,茂長,,154,三芝區,新小基隆,埔頭坑,10-4
三芝區,茂長,,1540,三芝區,新小基隆,陳厝坑,37-4
三芝區,茂長,,1541,三芝區,新小基隆,陳厝坑,37-1
三芝區,茂長,,1542,三芝區,新小基隆,陳厝坑,39
三芝區,茂長,,1543,三芝區,新小基隆,陳厝坑,39-1
三芝區,茂長,,1544,三芝區,新小基隆,陳厝坑,41-1
三芝區,茂長,,1545,三芝區,新小基隆,陳厝坑,41-2
三芝區,茂長,,1546,三芝區,新小基隆,陳厝坑,41
三芝區,茂長,,1547,三芝區,新小基隆,陳厝坑,41-4
三芝區,茂長,,1549,三芝區,新小基隆,陳厝坑,40
三芝區,茂長,,155,三芝區,新小基隆,埔頭坑,11-9
三芝區,茂長,,1551,三芝區,新小基隆,陳厝坑,38-1
三芝區,茂長,,1552,三芝區,新小基隆,陳厝坑,49
三芝區,茂長,,1553,三芝區,新小基隆,陳厝坑,47-3
三芝區,茂長,,1555,三芝區,新小基隆,陳厝坑,47-9
三芝區,茂長,,1556,三芝區,新小基隆,陳厝坑,48-5
三芝區,茂長,,1557,三芝區,新小基隆,陳厝坑,48-3
三芝區,茂長,,1558,三芝區,新小基隆,陳厝坑,48-1
三芝區,茂長,,156,三芝區,新小基隆,埔頭坑,11-4
三芝區,茂長,,1560,三芝區,新小基隆,陳厝坑,48-4
三芝區,茂長,,1561,三芝區,新小基隆,陳厝坑,50
三芝區,茂長,,1562,三芝區,新小基隆,陳厝坑,51
三芝區,茂長,,1564,三芝區,新小基隆,陳厝坑,50-1
三芝區,茂長,,1565,三芝區,新小基隆,陳厝坑,48-2
三芝區,茂長,,1566,三芝區,新小基隆,陳厝坑,48
三芝區,茂長,,1568,三芝區,新小基隆,陳厝坑,52
三芝區,茂長,,1569,三芝區,新小基隆,陳厝坑,52-1
三芝區,茂長,,157,三芝區,新小基隆,埔頭坑,10-2
三芝區,茂長,,1570,三芝區,新小基隆,陳厝坑,52-26
三芝區,茂長,,1571,三芝區,新小基隆,陳厝坑,52-2
三芝區,茂長,,1572,三芝區,新小基隆,陳厝坑,52-5
三芝區,茂長,,1573,三芝區,新小基隆,陳厝坑,52-11
三芝區,茂長,,1574,三芝區,新小基隆,陳厝坑,52-24
三芝區,茂長,,1575,三芝區,新小基隆,陳厝坑,52-13
三芝區,茂長,,1576,三芝區,新小基隆,陳厝坑,52-3
三芝區,茂長,,1577,三芝區,新小基隆,陳厝坑,44-7
三芝區,茂長,,1578,三芝區,新小基隆,陳厝坑,44-6
三芝區,茂長,,1579,三芝區,新小基隆,陳厝坑,44-5
三芝區,茂長,,158,三芝區,新小基隆,埔頭坑,14-1
三芝區,茂長,,1580,三芝區,新小基隆,陳厝坑,44-2
三芝區,茂長,,1582,三芝區,新小基隆,陳厝坑,47
三芝區,茂長,,1583,三芝區,新小基隆,陳厝坑,47-1
三芝區,茂長,,1584,三芝區,新小基隆,陳厝坑,47-4
三芝區,茂長,,1586,三芝區,新小基隆,陳厝坑,46
三芝區,茂長,,1587,三芝區,新小基隆,陳厝坑,47-5
三芝區,茂長,,1589,三芝區,新小基隆,陳厝坑,47-7
三芝區,茂長,,159,三芝區,新小基隆,埔頭坑,14-4
三芝區,茂長,,1591,三芝區,新小基隆,陳厝坑,47-8
三芝區,茂長,,1592,三芝區,新小基隆,陳厝坑,42
三芝區,茂長,,1593,三芝區,新小基隆,陳厝坑,42-4
三芝區,茂長,,1594,三芝區,新小基隆,陳厝坑,42-3
三芝區,茂長,,1595,三芝區,新小基隆,陳厝坑,42-2
三芝區,茂長,,1596,三芝區,新小基隆,陳厝坑,42-1
三芝區,茂長,,1598,三芝區,新小基隆,陳厝坑,43-28
三芝區,茂長,,1599,三芝區,新小基隆,陳厝坑,43-27
三芝區,茂長,,160,三芝區,新小基隆,埔頭坑,14
三芝區,茂長,,1600,三芝區,新小基隆,陳厝坑,41-3
三芝區,茂長,,1601,三芝區,新小基隆,陳厝坑,43-1
三芝區,茂長,,1603,三芝區,新小基隆,陳厝坑,43-15
三芝區,茂長,,1604,三芝區,新小基隆,陳厝坑,43-13
三芝區,茂長,,1605,三芝區,新小基隆,陳厝坑,43-12
三芝區,茂長,,1606,三芝區,新小基隆,陳厝坑,43-18
三芝區,茂長,,1607,三芝區,新小基隆,陳厝坑,43-19
三芝區,茂長,,1608,三芝區,新小基隆,陳厝坑,43-16
三芝區,茂長,,1609,三芝區,新小基隆,陳厝坑,43-17
三芝區,茂長,,161,三芝區,新小基隆,陳厝坑,138
三芝區,茂長,,1610,三芝區,新小基隆,陳厝坑,43-14
三芝區,茂長,,1611,三芝區,新小基隆,陳厝坑,43-32
三芝區,茂長,,1612,三芝區,新小基隆,陳厝坑,43-31
三芝區,茂長,,1613,三芝區,新小基隆,陳厝坑,43-33
三芝區,茂長,,1614,三芝區,新小基隆,陳厝坑,43-7
三芝區,茂長,,1615,三芝區,新小基隆,陳厝坑,43
三芝區,茂長,,1616,三芝區,新小基隆,陳厝坑,43-11
三芝區,茂長,,1617,三芝區,新小基隆,陳厝坑,43-10
三芝區,茂長,,1618,三芝區,新小基隆,陳厝坑,43-30
三芝區,茂長,,1620,三芝區,新小基隆,陳厝坑,47-6
三芝區,茂長,,1622,三芝區,新小基隆,陳厝坑,47-2
三芝區,茂長,,1623,三芝區,新小基隆,陳厝坑,45-2
三芝區,茂長,,1624,三芝區,新小基隆,陳厝坑,45-3
三芝區,茂長,,1625,三芝區,新小基隆,陳厝坑,45-5
三芝區,茂長,,1626,三芝區,新小基隆,陳厝坑,44-4
三芝區,茂長,,1629,三芝區,新小基隆,陳厝坑,44-20
三芝區,茂長,,163,三芝區,新小基隆,陳厝坑,105-2
三芝區,茂長,,1630,三芝區,新小基隆,陳厝坑,44-21
三芝區,茂長,,1631,三芝區,新小基隆,陳厝坑,44-14
三芝區,茂長,,1632,三芝區,新小基隆,陳厝坑,44-22
三芝區,茂長,,1633,三芝區,新小基隆,陳厝坑,44-19
三芝區,茂長,,1634,三芝區,新小基隆,陳厝坑,44-18
三芝區,茂長,,1635,三芝區,新小基隆,陳厝坑,44-17
三芝區,茂長,,1636,三芝區,新小基隆,陳厝坑,44-1
三芝區,茂長,,1637,三芝區,新小基隆,陳厝坑,44
三芝區,茂長,,1638,三芝區,新小基隆,陳厝坑,45-1
三芝區,茂長,,1639,三芝區,新小基隆,陳厝坑,44-12
三芝區,茂長,,164,三芝區,新小基隆,陳厝坑,105
三芝區,茂長,,1640,三芝區,新小基隆,陳厝坑,44-3
三芝區,茂長,,1641,三芝區,新小基隆,陳厝坑,45-4
三芝區,茂長,,1642,三芝區,新小基隆,陳厝坑,45
三芝區,茂長,,1643,三芝區,新小基隆,陳厝坑,45-6
三芝區,茂長,,1645,三芝區,新小基隆,陳厝坑,43-48
三芝區,茂長,,1646,三芝區,新小基隆,陳厝坑,43-29
三芝區,茂長,,1647,三芝區,新小基隆,陳厝坑,43-34
三芝區,茂長,,1648,三芝區,新小基隆,陳厝坑,43-9
三芝區,茂長,,1649,三芝區,新小基隆,陳厝坑,43-8
三芝區,茂長,,165,三芝區,新小基隆,陳厝坑,105-1
三芝區,茂長,,1650,三芝區,新小基隆,陳厝坑,43-20
三芝區,茂長,,1651,三芝區,新小基隆,陳厝坑,43-21
三芝區,茂長,,1652,三芝區,新小基隆,陳厝坑,43-22
三芝區,茂長,,1653,三芝區,新小基隆,陳厝坑,43-24
三芝區,茂長,,1654,三芝區,新小基隆,陳厝坑,43-26
三芝區,茂長,,1655,三芝區,新小基隆,陳厝坑,43-23
三芝區,茂長,,1656,三芝區,新小基隆,陳厝坑,43-25
三芝區,茂長,,1657,三芝區,新小基隆,陳厝坑,43-51
三芝區,茂長,,1658,三芝區,新小基隆,陳厝坑,43-50
三芝區,茂長,,1659,三芝區,新小基隆,陳厝坑,43-49
三芝區,茂長,,166,三芝區,新小基隆,陳厝坑,105-3
三芝區,茂長,,1660,三芝區,新小基隆,陳厝坑,43-53
三芝區,茂長,,1661,三芝區,新小基隆,陳厝坑,43-62
三芝區,茂長,,1662,三芝區,新小基隆,陳厝坑,43-2
三芝區,茂長,,1663,三芝區,新小基隆,陳厝坑,44-13
三芝區,茂長,,1664,三芝區,新小基隆,陳厝坑,44-15
三芝區,茂長,,1666,三芝區,新小基隆,陳厝坑,43-61
三芝區,茂長,,1668,三芝區,新小基隆,陳厝坑,43-63
三芝區,茂長,,1669,三芝區,新小基隆,陳厝坑,43-60
三芝區,茂長,,167,三芝區,新小基隆,陳厝坑,101-1
三芝區,茂長,,1670,三芝區,新小基隆,陳厝坑,43-59
三芝區,茂長,,1671,三芝區,新小基隆,埔頭坑,250-10
三芝區,茂長,,1672,三芝區,新小基隆,埔頭坑,250-28
三芝區,茂長,,1674,三芝區,新小基隆,陳厝坑,43-41
三芝區,茂長,,1675,三芝區,新小基隆,陳厝坑,43-40
三芝區,茂長,,1676,三芝區,新小基隆,陳厝坑,43-39
三芝區,茂長,,1677,三芝區,新小基隆,陳厝坑,43-4
三芝區,茂長,,1678,三芝區,新小基隆,陳厝坑,43-43
三芝區,茂長,,1679,三芝區,新小基隆,陳厝坑,43-52
三芝區,茂長,,168,三芝區,新小基隆,陳厝坑,91
三芝區,茂長,,1680,三芝區,新小基隆,陳厝坑,43-54
三芝區,茂長,,1681,三芝區,新小基隆,陳厝坑,43-42
三芝區,茂長,,1683,三芝區,新小基隆,陳厝坑,43-58
三芝區,茂長,,1684,三芝區,新小基隆,埔頭坑,250-6
三芝區,茂長,,1686,三芝區,新小基隆,陳厝坑,43-57
三芝區,茂長,,1687,三芝區,新小基隆,陳厝坑,43-3
三芝區,茂長,,169,三芝區,新小基隆,陳厝坑,104-3
三芝區,茂長,,1690,三芝區,新小基隆,陳厝坑,43-56
三芝區,茂長,,1691,三芝區,新小基隆,陳厝坑,43-55
三芝區,茂長,,17,三芝區,新小基隆,陳厝坑,1
三芝區,茂長,,170,三芝區,新小基隆,陳厝坑,104
三芝區,茂長,,171,三芝區,新小基隆,陳厝坑,104-1
三芝區,茂長,,172,三芝區,新小基隆,陳厝坑,101
三芝區,茂長,,173,三芝區,新小基隆,陳厝坑,101-3
三芝區,茂長,,174,三芝區,新小基隆,陳厝坑,91-18
三芝區,茂長,,175,三芝區,新小基隆,陳厝坑,91-17
三芝區,茂長,,176,三芝區,新小基隆,陳厝坑,91-7
三芝區,茂長,,177,三芝區,新小基隆,陳厝坑,100-1
三芝區,茂長,,178,三芝區,新小基隆,陳厝坑,100-4
三芝區,茂長,,179,三芝區,新小基隆,陳厝坑,100-5
三芝區,茂長,,18,三芝區,新小基隆,陳厝坑,2-10
三芝區,茂長,,180,三芝區,新小基隆,陳厝坑,100
三芝區,茂長,,181,三芝區,新小基隆,陳厝坑,100-2
三芝區,茂長,,182,三芝區,新小基隆,陳厝坑,100-3
三芝區,茂長,,183,三芝區,新小基隆,陳厝坑,95-6
三芝區,茂長,,184,三芝區,新小基隆,陳厝坑,95
三芝區,茂長,,185,三芝區,新小基隆,陳厝坑,97
三芝區,茂長,,186,三芝區,新小基隆,陳厝坑,97-1
三芝區,茂長,,188,三芝區,新小基隆,陳厝坑,13
三芝區,茂長,,189,三芝區,新小基隆,陳厝坑,15-2
三芝區,茂長,,19,三芝區,新小基隆,陳厝坑,3-5
三芝區,茂長,,190,三芝區,新小基隆,陳厝坑,15
三芝區,茂長,,191,三芝區,新小基隆,陳厝坑,15-1
三芝區,茂長,,192,三芝區,新小基隆,陳厝坑,16-1
三芝區,茂長,,194,三芝區,新小基隆,陳厝坑,16-3
三芝區,茂長,,196,三芝區,新小基隆,陳厝坑,17
三芝區,茂長,,197,三芝區,新小基隆,陳厝坑,16-4
三芝區,茂長,,198,三芝區,新小基隆,陳厝坑,16-2
三芝區,茂長,,199,三芝區,新小基隆,陳厝坑,16-5
三芝區,茂長,,2,三芝區,新小基隆,陳厝坑,2-2
三芝區,茂長,,20,三芝區,新小基隆,陳厝坑,1-2
三芝區,茂長,,200,三芝區,新小基隆,陳厝坑,18-2
三芝區,茂長,,202,三芝區,新小基隆,陳厝坑,18-1
三芝區,茂長,,203,三芝區,新小基隆,陳厝坑,19-2
三芝區,茂長,,205,三芝區,新小基隆,陳厝坑,94-4
三芝區,茂長,,208,三芝區,新小基隆,陳厝坑,96
三芝區,茂長,,209,三芝區,新小基隆,陳厝坑,96-2
三芝區,茂長,,21,三芝區,新小基隆,陳厝坑,1-1
三芝區,茂長,,210,三芝區,新小基隆,陳厝坑,96-1
三芝區,茂長,,211,三芝區,新小基隆,陳厝坑,95-5
三芝區,茂長,,212,三芝區,新小基隆,陳厝坑,95-4
三芝區,茂長,,213,三芝區,新小基隆,陳厝坑,95-3
三芝區,茂長,,214,三芝區,新小基隆,陳厝坑,95-2
三芝區,茂長,,215,三芝區,新小基隆,陳厝坑,95-1
三芝區,茂長,,217,三芝區,新小基隆,陳厝坑,91-23
三芝區,茂長,,218,三芝區,新小基隆,陳厝坑,91-22
三芝區,茂長,,219,三芝區,新小基隆,陳厝坑,91-21
三芝區,茂長,,22,三芝區,新小基隆,陳厝坑,2-4
三芝區,茂長,,220,三芝區,新小基隆,陳厝坑,91-20
三芝區,茂長,,221,三芝區,新小基隆,陳厝坑,104-2
三芝區,茂長,,222,三芝區,新小基隆,陳厝坑,103
三芝區,茂長,,223,三芝區,新小基隆,陳厝坑,91-4
三芝區,茂長,,224,三芝區,新小基隆,陳厝坑,103-2
三芝區,茂長,,225,三芝區,新小基隆,陳厝坑,103-1
三芝區,茂長,,226,三芝區,新小基隆,陳厝坑,91-9
三芝區,茂長,,227,三芝區,新小基隆,陳厝坑,102
三芝區,茂長,,228,三芝區,新小基隆,陳厝坑,102-1
三芝區,茂長,,229,三芝區,新小基隆,陳厝坑,91-27
三芝區,茂長,,23,三芝區,新小基隆,陳厝坑,2-5
三芝區,茂長,,230,三芝區,新小基隆,陳厝坑,91-3
三芝區,茂長,,231,三芝區,新小基隆,陳厝坑,91-11
三芝區,茂長,,232,三芝區,新小基隆,陳厝坑,91-1
三芝區,茂長,,233,三芝區,新小基隆,陳厝坑,91-6
三芝區,茂長,,234,三芝區,新小基隆,陳厝坑,91-2
三芝區,茂長,,235,三芝區,新小基隆,陳厝坑,92
三芝區,茂長,,236,三芝區,新小基隆,陳厝坑,91-10
三芝區,茂長,,237,三芝區,新小基隆,陳厝坑,91-26
三芝區,茂長,,238,三芝區,新小基隆,陳厝坑,91-16
三芝區,茂長,,239,三芝區,新小基隆,陳厝坑,93
三芝區,茂長,,240,三芝區,新小基隆,陳厝坑,93-1
三芝區,茂長,,241,三芝區,新小基隆,陳厝坑,94-1
三芝區,茂長,,242,三芝區,新小基隆,陳厝坑,94-2
三芝區,茂長,,244,三芝區,新小基隆,陳厝坑,94-3
三芝區,茂長,,246,三芝區,新小基隆,陳厝坑,19-1
三芝區,茂長,,249,三芝區,新小基隆,陳厝坑,21
三芝區,茂長,,25,三芝區,新小基隆,陳厝坑,3-13
三芝區,茂長,,250,三芝區,新小基隆,陳厝坑,21-1
三芝區,茂長,,252,三芝區,新小基隆,陳厝坑,20
三芝區,茂長,,254,三芝區,新小基隆,陳厝坑,69
三芝區,茂長,,257,三芝區,新小基隆,陳厝坑,70
三芝區,茂長,,258,三芝區,新小基隆,陳厝坑,71
三芝區,茂長,,259,三芝區,新小基隆,陳厝坑,72-1
三芝區,茂長,,26,三芝區,新小基隆,陳厝坑,3-12
三芝區,茂長,,260,三芝區,新小基隆,陳厝坑,72-2
三芝區,茂長,,261,三芝區,新小基隆,陳厝坑,72-3
三芝區,茂長,,262,三芝區,新小基隆,陳厝坑,72
三芝區,茂長,,263,三芝區,新小基隆,陳厝坑,71-2
三芝區,茂長,,264,三芝區,新小基隆,陳厝坑,71-4
三芝區,茂長,,265,三芝區,新小基隆,陳厝坑,71-3
三芝區,茂長,,266,三芝區,新小基隆,陳厝坑,71-5
三芝區,茂長,,267,三芝區,新小基隆,陳厝坑,73
三芝區,茂長,,268,三芝區,新小基隆,陳厝坑,71-1
三芝區,茂長,,27,三芝區,新小基隆,陳厝坑,3-11
三芝區,茂長,,270,三芝區,新小基隆,陳厝坑,91-5
三芝區,茂長,,271,三芝區,新小基隆,陳厝坑,91-25
三芝區,茂長,,272,三芝區,新小基隆,陳厝坑,91-12
三芝區,茂長,,275,三芝區,新小基隆,陳厝坑,74
三芝區,茂長,,276,三芝區,新小基隆,陳厝坑,88-5
三芝區,茂長,,277,三芝區,新小基隆,陳厝坑,88-1
三芝區,茂長,,278,三芝區,新小基隆,陳厝坑,88-8
三芝區,茂長,,279,三芝區,新小基隆,陳厝坑,74-3
三芝區,茂長,,28,三芝區,新小基隆,陳厝坑,3
三芝區,茂長,,280,三芝區,新小基隆,陳厝坑,90
三芝區,茂長,,281,三芝區,新小基隆,陳厝坑,88-15
三芝區,茂長,,282,三芝區,新小基隆,陳厝坑,88-14
三芝區,茂長,,283,三芝區,新小基隆,陳厝坑,88-13
三芝區,茂長,,284,三芝區,新小基隆,陳厝坑,88-4
三芝區,茂長,,285,三芝區,新小基隆,陳厝坑,89
三芝區,茂長,,286,三芝區,新小基隆,陳厝坑,88
三芝區,茂長,,287,三芝區,新小基隆,陳厝坑,88-11
三芝區,茂長,,288,三芝區,新小基隆,陳厝坑,88-9
三芝區,茂長,,289,三芝區,新小基隆,陳厝坑,88-6
三芝區,茂長,,29,三芝區,新小基隆,陳厝坑,3-8
三芝區,茂長,,290,三芝區,新小基隆,陳厝坑,88-7
三芝區,茂長,,291,三芝區,新小基隆,陳厝坑,88-10
三芝區,茂長,,292,三芝區,新小基隆,陳厝坑,88-12
三芝區,茂長,,293,三芝區,新小基隆,陳厝坑,86-9
三芝區,茂長,,294,三芝區,新小基隆,陳厝坑,86-8
三芝區,茂長,,295,三芝區,新小基隆,陳厝坑,86-10
三芝區,茂長,,296,三芝區,新小基隆,陳厝坑,86-7
三芝區,茂長,,297,三芝區,新小基隆,陳厝坑,86
三芝區,茂長,,298,三芝區,新小基隆,埔頭坑,14-5
三芝區,茂長,,299,三芝區,新小基隆,埔頭坑,14-6
三芝區,茂長,,3,三芝區,新小基隆,陳厝坑,2-8
三芝區,茂長,,30,三芝區,新小基隆,埔頭坑,1
三芝區,茂長,,300,三芝區,新小基隆,埔頭坑,14-2
三芝區,茂長,,301,三芝區,新小基隆,埔頭坑,14-3
三芝區,茂長,,302,三芝區,新小基隆,埔頭坑,15
三芝區,茂長,,303,三芝區,新小基隆,埔頭坑,11-16
三芝區,茂長,,304,三芝區,新小基隆,埔頭坑,11-17
三芝區,茂長,,305,三芝區,新小基隆,埔頭坑,11-18
三芝區,茂長,,306,三芝區,新小基隆,埔頭坑,11-15
三芝區,茂長,,307,三芝區,新小基隆,埔頭坑,11-11
三芝區,茂長,,308,三芝區,新小基隆,埔頭坑,11-20
三芝區,茂長,,309,三芝區,新小基隆,埔頭坑,11
三芝區,茂長,,31,三芝區,新小基隆,埔頭坑,1-6
三芝區,茂長,,310,三芝區,新小基隆,埔頭坑,11-5
三芝區,茂長,,311,三芝區,新小基隆,埔頭坑,13-1
三芝區,茂長,,312,三芝區,新小基隆,埔頭坑,12
三芝區,茂長,,313,三芝區,新小基隆,埔頭坑,13-4
三芝區,茂長,,314,三芝區,新小基隆,埔頭坑,13-6
三芝區,茂長,,315,三芝區,新小基隆,埔頭坑,13-3
三芝區,茂長,,316,三芝區,新小基隆,埔頭坑,13-7
三芝區,茂長,,317,三芝區,新小基隆,埔頭坑,13-5
三芝區,茂長,,318,三芝區,新小基隆,埔頭坑,56-12
三芝區,茂長,,319,三芝區,新小基隆,埔頭坑,56-43
三芝區,茂長,,32,三芝區,新小基隆,埔頭坑,1-4
三芝區,茂長,,320,三芝區,新小基隆,埔頭坑,59-7
三芝區,茂長,,321,三芝區,新小基隆,埔頭坑,59-6
三芝區,茂長,,322,三芝區,新小基隆,埔頭坑,58-12
三芝區,茂長,,323,三芝區,新小基隆,埔頭坑,58-13
三芝區,茂長,,324,三芝區,新小基隆,埔頭坑,57-9
三芝區,茂長,,325,三芝區,新小基隆,埔頭坑,57-10
三芝區,茂長,,326,三芝區,新小基隆,埔頭坑,74-32
三芝區,茂長,,327,三芝區,新小基隆,埔頭坑,74-31
三芝區,茂長,,328,三芝區,新小基隆,埔頭坑,74-44
三芝區,茂長,,329,三芝區,新小基隆,埔頭坑,56-13
三芝區,茂長,,33,三芝區,新小基隆,埔頭坑,7-8
三芝區,茂長,,330,三芝區,新小基隆,埔頭坑,59-8
三芝區,茂長,,331,三芝區,新小基隆,埔頭坑,59
三芝區,茂長,,332,三芝區,新小基隆,埔頭坑,58-1
三芝區,茂長,,333,三芝區,新小基隆,埔頭坑,57-4
三芝區,茂長,,334,三芝區,新小基隆,埔頭坑,57-7
三芝區,茂長,,335,三芝區,新小基隆,埔頭坑,56-16
三芝區,茂長,,336,三芝區,新小基隆,埔頭坑,56-14
三芝區,茂長,,337,三芝區,新小基隆,埔頭坑,58-15
三芝區,茂長,,338,三芝區,新小基隆,埔頭坑,57-5
三芝區,茂長,,339,三芝區,新小基隆,埔頭坑,57-8
三芝區,茂長,,34,三芝區,新小基隆,埔頭坑,3-24
三芝區,茂長,,340,三芝區,新小基隆,埔頭坑,56-17
三芝區,茂長,,341,三芝區,新小基隆,埔頭坑,58-16
三芝區,茂長,,342,三芝區,新小基隆,埔頭坑,57
三芝區,茂長,,343,三芝區,新小基隆,埔頭坑,56-20
三芝區,茂長,,344,三芝區,新小基隆,埔頭坑,10-6
三芝區,茂長,,345,三芝區,新小基隆,埔頭坑,11-10
三芝區,茂長,,346,三芝區,新小基隆,埔頭坑,56-29
三芝區,茂長,,347,三芝區,新小基隆,埔頭坑,56-28
三芝區,茂長,,348,三芝區,新小基隆,埔頭坑,56-9
三芝區,茂長,,349,三芝區,新小基隆,埔頭坑,56-23
三芝區,茂長,,35,三芝區,新小基隆,埔頭坑,7-1
三芝區,茂長,,350,三芝區,新小基隆,埔頭坑,56-22
三芝區,茂長,,351,三芝區,新小基隆,埔頭坑,56-21
三芝區,茂長,,352,三芝區,新小基隆,埔頭坑,56-6
三芝區,茂長,,353,三芝區,新小基隆,埔頭坑,56-36
三芝區,茂長,,354,三芝區,新小基隆,埔頭坑,56
三芝區,茂長,,355,三芝區,新小基隆,埔頭坑,56-25
三芝區,茂長,,356,三芝區,新小基隆,埔頭坑,74-8
三芝區,茂長,,357,三芝區,新小基隆,埔頭坑,56-26
三芝區,茂長,,358,三芝區,新小基隆,埔頭坑,56-45
三芝區,茂長,,359,三芝區,新小基隆,埔頭坑,56-46
三芝區,茂長,,36,三芝區,新小基隆,埔頭坑,3-1
三芝區,茂長,,360,三芝區,新小基隆,埔頭坑,56-47
三芝區,茂長,,361,三芝區,新小基隆,埔頭坑,55-2
三芝區,茂長,,362,三芝區,新小基隆,埔頭坑,11-22
三芝區,茂長,,363,三芝區,新小基隆,埔頭坑,11-23
三芝區,茂長,,364,三芝區,新小基隆,埔頭坑,11-21
三芝區,茂長,,365,三芝區,新小基隆,埔頭坑,56-48
三芝區,茂長,,366,三芝區,新小基隆,埔頭坑,56-49
三芝區,茂長,,367,三芝區,新小基隆,埔頭坑,56-50
三芝區,茂長,,368,三芝區,新小基隆,埔頭坑,56-51
三芝區,茂長,,369,三芝區,新小基隆,埔頭坑,56-52
三芝區,茂長,,37,三芝區,新小基隆,埔頭坑,4
三芝區,茂長,,370,三芝區,新小基隆,埔頭坑,56-53
三芝區,茂長,,371,三芝區,新小基隆,埔頭坑,56-24
三芝區,茂長,,372,三芝區,新小基隆,埔頭坑,56-37
三芝區,茂長,,373,三芝區,新小基隆,埔頭坑,56-27
三芝區,茂長,,374,三芝區,新小基隆,埔頭坑,53-22
三芝區,茂長,,375,三芝區,新小基隆,埔頭坑,53-28
三芝區,茂長,,376,三芝區,新小基隆,埔頭坑,53-40
三芝區,茂長,,377,三芝區,新小基隆,埔頭坑,53-41
三芝區,茂長,,378,三芝區,新小基隆,埔頭坑,53-42
三芝區,茂長,,379,三芝區,新小基隆,埔頭坑,53-43
三芝區,茂長,,38,三芝區,新小基隆,埔頭坑,7-31
三芝區,茂長,,380,三芝區,新小基隆,埔頭坑,53-44
三芝區,茂長,,381,三芝區,新小基隆,埔頭坑,53-45
三芝區,茂長,,382,三芝區,新小基隆,埔頭坑,53-46
三芝區,茂長,,383,三芝區,新小基隆,埔頭坑,53-63
三芝區,茂長,,384,三芝區,新小基隆,埔頭坑,53-64
三芝區,茂長,,385,三芝區,新小基隆,埔頭坑,53-65
三芝區,茂長,,386,三芝區,新小基隆,埔頭坑,53-66
三芝區,茂長,,387,三芝區,新小基隆,埔頭坑,53-67
三芝區,茂長,,388,三芝區,新小基隆,埔頭坑,53-68
三芝區,茂長,,389,三芝區,新小基隆,埔頭坑,53-62
三芝區,茂長,,39,三芝區,新小基隆,埔頭坑,7-7
三芝區,茂長,,390,三芝區,新小基隆,埔頭坑,53-61
三芝區,茂長,,391,三芝區,新小基隆,埔頭坑,53-60
三芝區,茂長,,392,三芝區,新小基隆,埔頭坑,53-59
三芝區,茂長,,393,三芝區,新小基隆,埔頭坑,53-58
三芝區,茂長,,394,三芝區,新小基隆,埔頭坑,53-57
三芝區,茂長,,395,三芝區,新小基隆,埔頭坑,53-56
三芝區,茂長,,396,三芝區,新小基隆,埔頭坑,53-55
三芝區,茂長,,397,三芝區,新小基隆,埔頭坑,53-54
三芝區,茂長,,398,三芝區,新小基隆,埔頭坑,53-53
三芝區,茂長,,399,三芝區,新小基隆,埔頭坑,53-39
三芝區,茂長,,4,三芝區,新小基隆,陳厝坑,2-9
三芝區,茂長,,40,三芝區,新小基隆,埔頭坑,7-24
三芝區,茂長,,400,三芝區,新小基隆,埔頭坑,53-38
三芝區,茂長,,401,三芝區,新小基隆,埔頭坑,53-37
三芝區,茂長,,402,三芝區,新小基隆,埔頭坑,53-36
三芝區,茂長,,403,三芝區,新小基隆,埔頭坑,53-35
三芝區,茂長,,404,三芝區,新小基隆,埔頭坑,53-34
三芝區,茂長,,405,三芝區,新小基隆,埔頭坑,53-29
三芝區,茂長,,406,三芝區,新小基隆,埔頭坑,53-30
三芝區,茂長,,407,三芝區,新小基隆,埔頭坑,53-31
三芝區,茂長,,408,三芝區,新小基隆,埔頭坑,53-32
三芝區,茂長,,409,三芝區,新小基隆,埔頭坑,53-33
三芝區,茂長,,41,三芝區,新小基隆,陳厝坑,3-9
三芝區,茂長,,410,三芝區,新小基隆,埔頭坑,53-47
三芝區,茂長,,411,三芝區,新小基隆,埔頭坑,53-48
三芝區,茂長,,412,三芝區,新小基隆,埔頭坑,53-49
三芝區,茂長,,413,三芝區,新小基隆,埔頭坑,53-50
三芝區,茂長,,414,三芝區,新小基隆,埔頭坑,53-51
三芝區,茂長,,415,三芝區,新小基隆,埔頭坑,53-52
三芝區,茂長,,416,三芝區,新小基隆,埔頭坑,53-27
三芝區,茂長,,417,三芝區,新小基隆,埔頭坑,53-26
三芝區,茂長,,418,三芝區,新小基隆,埔頭坑,53-25
三芝區,茂長,,419,三芝區,新小基隆,埔頭坑,53-24
三芝區,茂長,,42,三芝區,新小基隆,陳厝坑,1-4
三芝區,茂長,,420,三芝區,新小基隆,埔頭坑,53-23
三芝區,茂長,,421,三芝區,新小基隆,埔頭坑,53
三芝區,茂長,,422,三芝區,新小基隆,埔頭坑,53-10
三芝區,茂長,,423,三芝區,新小基隆,埔頭坑,53-17
三芝區,茂長,,424,三芝區,新小基隆,埔頭坑,53-15
三芝區,茂長,,425,三芝區,新小基隆,埔頭坑,74-42
三芝區,茂長,,426,三芝區,新小基隆,埔頭坑,74-33
三芝區,茂長,,427,三芝區,新小基隆,埔頭坑,53-1
三芝區,茂長,,428,三芝區,新小基隆,埔頭坑,56-35
三芝區,茂長,,429,三芝區,新小基隆,埔頭坑,57-11
三芝區,茂長,,430,三芝區,新小基隆,埔頭坑,74-55
三芝區,茂長,,431,三芝區,新小基隆,埔頭坑,74-43
三芝區,茂長,,432,三芝區,新小基隆,埔頭坑,74-19
三芝區,茂長,,433,三芝區,新小基隆,埔頭坑,74-41
三芝區,茂長,,434,三芝區,新小基隆,埔頭坑,74-45
三芝區,茂長,,435,三芝區,新小基隆,埔頭坑,74-17
三芝區,茂長,,436,三芝區,新小基隆,埔頭坑,74-61
三芝區,茂長,,437,三芝區,新小基隆,埔頭坑,74-18
三芝區,茂長,,438,三芝區,新小基隆,埔頭坑,74
三芝區,茂長,,439,三芝區,新小基隆,埔頭坑,75-3
三芝區,茂長,,44,三芝區,新小基隆,陳厝坑,4
三芝區,茂長,,440,三芝區,新小基隆,埔頭坑,74-26
三芝區,茂長,,441,三芝區,新小基隆,埔頭坑,74-23
三芝區,茂長,,442,三芝區,新小基隆,埔頭坑,74-22
三芝區,茂長,,443,三芝區,新小基隆,埔頭坑,74-20
三芝區,茂長,,444,三芝區,新小基隆,埔頭坑,76-211
三芝區,茂長,,445,三芝區,新小基隆,埔頭坑,53-8
三芝區,茂長,,446,三芝區,新小基隆,埔頭坑,53-20
三芝區,茂長,,447,三芝區,新小基隆,埔頭坑,74-56
三芝區,茂長,,448,三芝區,新小基隆,埔頭坑,76-470
三芝區,茂長,,449,三芝區,新小基隆,埔頭坑,74-57
三芝區,茂長,,45,三芝區,新小基隆,陳厝坑,5-3
三芝區,茂長,,450,三芝區,新小基隆,埔頭坑,74-58
三芝區,茂長,,451,三芝區,新小基隆,埔頭坑,76-471
三芝區,茂長,,452,三芝區,新小基隆,埔頭坑,76-352
三芝區,茂長,,453,三芝區,新小基隆,埔頭坑,76-351
三芝區,茂長,,454,三芝區,新小基隆,埔頭坑,76-350
三芝區,茂長,,455,三芝區,新小基隆,埔頭坑,76-349
三芝區,茂長,,456,三芝區,新小基隆,埔頭坑,76-299
三芝區,茂長,,457,三芝區,新小基隆,埔頭坑,76-200
三芝區,茂長,,458,三芝區,新小基隆,埔頭坑,76-198
三芝區,茂長,,459,三芝區,新小基隆,埔頭坑,76-197
三芝區,茂長,,46,三芝區,新小基隆,陳厝坑,5
三芝區,茂長,,460,三芝區,新小基隆,埔頭坑,76-201
三芝區,茂長,,461,三芝區,新小基隆,埔頭坑,76-202
三芝區,茂長,,462,三芝區,新小基隆,埔頭坑,76-196
三芝區,茂長,,463,三芝區,新小基隆,埔頭坑,76-195
三芝區,茂長,,464,三芝區,新小基隆,埔頭坑,76-203
三芝區,茂長,,465,三芝區,新小基隆,埔頭坑,76-309
三芝區,茂長,,466,三芝區,新小基隆,埔頭坑,74-24
三芝區,茂長,,467,三芝區,新小基隆,埔頭坑,74-27
三芝區,茂長,,468,三芝區,新小基隆,埔頭坑,75-10
三芝區,茂長,,469,三芝區,新小基隆,埔頭坑,75-9
三芝區,茂長,,470,三芝區,新小基隆,埔頭坑,75-8
三芝區,茂長,,471,三芝區,新小基隆,埔頭坑,75-7
三芝區,茂長,,472,三芝區,新小基隆,埔頭坑,75-11
三芝區,茂長,,473,三芝區,新小基隆,埔頭坑,75-12
三芝區,茂長,,474,三芝區,新小基隆,埔頭坑,75-13
三芝區,茂長,,475,三芝區,新小基隆,埔頭坑,75-14
三芝區,茂長,,476,三芝區,新小基隆,埔頭坑,75
三芝區,茂長,,477,三芝區,新小基隆,埔頭坑,76-451
三芝區,茂長,,478,三芝區,新小基隆,埔頭坑,76-450
三芝區,茂長,,479,三芝區,新小基隆,埔頭坑,76-449
三芝區,茂長,,48,三芝區,新小基隆,陳厝坑,5-1
三芝區,茂長,,480,三芝區,新小基隆,埔頭坑,76-448
三芝區,茂長,,481,三芝區,新小基隆,埔頭坑,76-148
三芝區,茂長,,482,三芝區,新小基隆,埔頭坑,76-50
三芝區,茂長,,483,三芝區,新小基隆,埔頭坑,76-51
三芝區,茂長,,484,三芝區,新小基隆,埔頭坑,76-153
三芝區,茂長,,485,三芝區,新小基隆,埔頭坑,76-52
三芝區,茂長,,486,三芝區,新小基隆,埔頭坑,76-319
三芝區,茂長,,487,三芝區,新小基隆,埔頭坑,76-171
三芝區,茂長,,488,三芝區,新小基隆,埔頭坑,76-172
三芝區,茂長,,489,三芝區,新小基隆,埔頭坑,76-170
三芝區,茂長,,49,三芝區,新小基隆,陳厝坑,5-4
三芝區,茂長,,490,三芝區,新小基隆,埔頭坑,76-169
三芝區,茂長,,491,三芝區,新小基隆,埔頭坑,76-168
三芝區,茂長,,492,三芝區,新小基隆,埔頭坑,76-167
三芝區,茂長,,493,三芝區,新小基隆,埔頭坑,76-166
三芝區,茂長,,494,三芝區,新小基隆,埔頭坑,76-165
三芝區,茂長,,495,三芝區,新小基隆,埔頭坑,76-164
三芝區,茂長,,496,三芝區,新小基隆,埔頭坑,76-179
三芝區,茂長,,497,三芝區,新小基隆,埔頭坑,76-178
三芝區,茂長,,498,三芝區,新小基隆,埔頭坑,76-177
三芝區,茂長,,499,三芝區,新小基隆,埔頭坑,76-176
三芝區,茂長,,5,三芝區,新小基隆,陳厝坑,2-13
三芝區,茂長,,500,三芝區,新小基隆,埔頭坑,76-175
三芝區,茂長,,501,三芝區,新小基隆,埔頭坑,76-174
三芝區,茂長,,502,三芝區,新小基隆,埔頭坑,76-173
三芝區,茂長,,503,三芝區,新小基隆,埔頭坑,76-187
三芝區,茂長,,504,三芝區,新小基隆,埔頭坑,76-186
三芝區,茂長,,505,三芝區,新小基隆,埔頭坑,76-185
三芝區,茂長,,506,三芝區,新小基隆,埔頭坑,76-184
三芝區,茂長,,507,三芝區,新小基隆,埔頭坑,76-183
三芝區,茂長,,508,三芝區,新小基隆,埔頭坑,76-182
三芝區,茂長,,509,三芝區,新小基隆,埔頭坑,76-181
三芝區,茂長,,51,三芝區,新小基隆,埔頭坑,7-6
三芝區,茂長,,510,三芝區,新小基隆,埔頭坑,76-180
三芝區,茂長,,511,三芝區,新小基隆,埔頭坑,76-459
三芝區,茂長,,512,三芝區,新小基隆,埔頭坑,76-34
三芝區,茂長,,513,三芝區,新小基隆,埔頭坑,76-348
三芝區,茂長,,514,三芝區,新小基隆,埔頭坑,76-152
三芝區,茂長,,515,三芝區,新小基隆,埔頭坑,76-35
三芝區,茂長,,516,三芝區,新小基隆,埔頭坑,76-53
三芝區,茂長,,517,三芝區,新小基隆,埔頭坑,76-39
三芝區,茂長,,518,三芝區,新小基隆,埔頭坑,76-40
三芝區,茂長,,519,三芝區,新小基隆,埔頭坑,76-227
三芝區,茂長,,52,三芝區,新小基隆,埔頭坑,7-25
三芝區,茂長,,520,三芝區,新小基隆,埔頭坑,76-229
三芝區,茂長,,521,三芝區,新小基隆,埔頭坑,76-42
三芝區,茂長,,522,三芝區,新小基隆,埔頭坑,76-43
三芝區,茂長,,523,三芝區,新小基隆,埔頭坑,76-230
三芝區,茂長,,524,三芝區,新小基隆,埔頭坑,76-233
三芝區,茂長,,525,三芝區,新小基隆,埔頭坑,76-232
三芝區,茂長,,526,三芝區,新小基隆,埔頭坑,76-135
三芝區,茂長,,527,三芝區,新小基隆,埔頭坑,76-231
三芝區,茂長,,528,三芝區,新小基隆,埔頭坑,76-234
三芝區,茂長,,529,三芝區,新小基隆,埔頭坑,76-131
三芝區,茂長,,53,三芝區,新小基隆,埔頭坑,7-3
三芝區,茂長,,530,三芝區,新小基隆,埔頭坑,76-397
三芝區,茂長,,531,三芝區,新小基隆,埔頭坑,76-235
三芝區,茂長,,532,三芝區,新小基隆,埔頭坑,76-308
三芝區,茂長,,533,三芝區,新小基隆,埔頭坑,76-236
三芝區,茂長,,534,三芝區,新小基隆,埔頭坑,76-59
三芝區,茂長,,535,三芝區,新小基隆,埔頭坑,76-199
三芝區,茂長,,536,三芝區,新小基隆,埔頭坑,76-366
三芝區,茂長,,537,三芝區,新小基隆,埔頭坑,76-357
三芝區,茂長,,538,三芝區,新小基隆,埔頭坑,76-331
三芝區,茂長,,539,三芝區,新小基隆,埔頭坑,76-356
三芝區,茂長,,54,三芝區,新小基隆,埔頭坑,4-1
三芝區,茂長,,540,三芝區,新小基隆,埔頭坑,76-354
三芝區,茂長,,541,三芝區,新小基隆,埔頭坑,76-364
三芝區,茂長,,542,三芝區,新小基隆,埔頭坑,76-363
三芝區,茂長,,543,三芝區,新小基隆,埔頭坑,76-355
三芝區,茂長,,544,三芝區,新小基隆,埔頭坑,76-365
三芝區,茂長,,545,三芝區,新小基隆,埔頭坑,76-212
三芝區,茂長,,546,三芝區,新小基隆,埔頭坑,76-369
三芝區,茂長,,547,三芝區,新小基隆,埔頭坑,76-368
三芝區,茂長,,548,三芝區,新小基隆,埔頭坑,76-367
三芝區,茂長,,549,三芝區,新小基隆,埔頭坑,76-376
三芝區,茂長,,55,三芝區,新小基隆,埔頭坑,7
三芝區,茂長,,550,三芝區,新小基隆,埔頭坑,76-213
三芝區,茂長,,551,三芝區,新小基隆,埔頭坑,76-377
三芝區,茂長,,552,三芝區,新小基隆,埔頭坑,76-210
三芝區,茂長,,553,三芝區,新小基隆,埔頭坑,76-188
三芝區,茂長,,554,三芝區,新小基隆,埔頭坑,76-189
三芝區,茂長,,555,三芝區,新小基隆,埔頭坑,76-209
三芝區,茂長,,556,三芝區,新小基隆,埔頭坑,76-208
三芝區,茂長,,557,三芝區,新小基隆,埔頭坑,76-190
三芝區,茂長,,558,三芝區,新小基隆,埔頭坑,76-191
三芝區,茂長,,559,三芝區,新小基隆,埔頭坑,76-207
三芝區,茂長,,56,三芝區,新小基隆,埔頭坑,7-14
三芝區,茂長,,560,三芝區,新小基隆,埔頭坑,76-206
三芝區,茂長,,561,三芝區,新小基隆,埔頭坑,76-192
三芝區,茂長,,562,三芝區,新小基隆,埔頭坑,76-193
三芝區,茂長,,563,三芝區,新小基隆,埔頭坑,76-205
三芝區,茂長,,564,三芝區,新小基隆,埔頭坑,76-204
三芝區,茂長,,565,三芝區,新小基隆,埔頭坑,76-194
三芝區,茂長,,566,三芝區,新小基隆,埔頭坑,76-311
三芝區,茂長,,567,三芝區,新小基隆,埔頭坑,76-312
三芝區,茂長,,568,三芝區,新小基隆,埔頭坑,76-313
三芝區,茂長,,569,三芝區,新小基隆,埔頭坑,76-314
三芝區,茂長,,57,三芝區,新小基隆,埔頭坑,7-17
三芝區,茂長,,570,三芝區,新小基隆,埔頭坑,76-315
三芝區,茂長,,571,三芝區,新小基隆,埔頭坑,76-316
三芝區,茂長,,572,三芝區,新小基隆,埔頭坑,76-317
三芝區,茂長,,573,三芝區,新小基隆,埔頭坑,76-318
三芝區,茂長,,574,三芝區,新小基隆,埔頭坑,76-327
三芝區,茂長,,575,三芝區,新小基隆,埔頭坑,76-326
三芝區,茂長,,576,三芝區,新小基隆,埔頭坑,76-325
三芝區,茂長,,577,三芝區,新小基隆,埔頭坑,76-324
三芝區,茂長,,578,三芝區,新小基隆,埔頭坑,76-323
三芝區,茂長,,579,三芝區,新小基隆,埔頭坑,76-322
三芝區,茂長,,58,三芝區,新小基隆,埔頭坑,7-16
三芝區,茂長,,580,三芝區,新小基隆,埔頭坑,76-321
三芝區,茂長,,581,三芝區,新小基隆,埔頭坑,76-320
三芝區,茂長,,582,三芝區,新小基隆,埔頭坑,76-426
三芝區,茂長,,583,三芝區,新小基隆,埔頭坑,76-427
三芝區,茂長,,584,三芝區,新小基隆,埔頭坑,76-428
三芝區,茂長,,585,三芝區,新小基隆,埔頭坑,76-429
三芝區,茂長,,586,三芝區,新小基隆,埔頭坑,76-430
三芝區,茂長,,587,三芝區,新小基隆,埔頭坑,76-411
三芝區,茂長,,588,三芝區,新小基隆,埔頭坑,76-412
三芝區,茂長,,589,三芝區,新小基隆,埔頭坑,76-413
三芝區,茂長,,59,三芝區,新小基隆,埔頭坑,7-15
三芝區,茂長,,590,三芝區,新小基隆,埔頭坑,76-414
三芝區,茂長,,591,三芝區,新小基隆,埔頭坑,76-415
三芝區,茂長,,592,三芝區,新小基隆,埔頭坑,76-425
三芝區,茂長,,593,三芝區,新小基隆,埔頭坑,76-424
三芝區,茂長,,594,三芝區,新小基隆,埔頭坑,76-423
三芝區,茂長,,595,三芝區,新小基隆,埔頭坑,76-422
三芝區,茂長,,596,三芝區,新小基隆,埔頭坑,76-421
三芝區,茂長,,597,三芝區,新小基隆,埔頭坑,76-420
三芝區,茂長,,598,三芝區,新小基隆,埔頭坑,76-419
三芝區,茂長,,599,三芝區,新小基隆,埔頭坑,76-418
三芝區,茂長,,6,三芝區,新小基隆,陳厝坑,2-3
三芝區,茂長,,60,三芝區,新小基隆,埔頭坑,7-11
三芝區,茂長,,600,三芝區,新小基隆,埔頭坑,76-417
三芝區,茂長,,601,三芝區,新小基隆,埔頭坑,76-416
三芝區,茂長,,602,三芝區,新小基隆,埔頭坑,76-300
三芝區,茂長,,603,三芝區,新小基隆,埔頭坑,74-38
三芝區,茂長,,604,三芝區,新小基隆,埔頭坑,74-59
三芝區,茂長,,605,三芝區,新小基隆,埔頭坑,74-37
三芝區,茂長,,606,三芝區,新小基隆,埔頭坑,74-39
三芝區,茂長,,607,三芝區,新小基隆,埔頭坑,76-378
三芝區,茂長,,608,三芝區,新小基隆,埔頭坑,76-379
三芝區,茂長,,609,三芝區,新小基隆,埔頭坑,76-380
三芝區,茂長,,61,三芝區,新小基隆,埔頭坑,7-20
三芝區,茂長,,610,三芝區,新小基隆,埔頭坑,76-381
三芝區,茂長,,611,三芝區,新小基隆,埔頭坑,76-387
三芝區,茂長,,612,三芝區,新小基隆,埔頭坑,76-386
三芝區,茂長,,613,三芝區,新小基隆,埔頭坑,76-385
三芝區,茂長,,614,三芝區,新小基隆,埔頭坑,76-384
三芝區,茂長,,615,三芝區,新小基隆,埔頭坑,76-383
三芝區,茂長,,616,三芝區,新小基隆,埔頭坑,76-382
三芝區,茂長,,617,三芝區,新小基隆,埔頭坑,76-398
三芝區,茂長,,618,三芝區,新小基隆,埔頭坑,76-456
三芝區,茂長,,619,三芝區,新小基隆,埔頭坑,76-388
三芝區,茂長,,62,三芝區,新小基隆,埔頭坑,7-12
三芝區,茂長,,620,三芝區,新小基隆,埔頭坑,76-404
三芝區,茂長,,621,三芝區,新小基隆,埔頭坑,76-403
三芝區,茂長,,622,三芝區,新小基隆,埔頭坑,76-389
三芝區,茂長,,623,三芝區,新小基隆,埔頭坑,76-390
三芝區,茂長,,624,三芝區,新小基隆,埔頭坑,76-402
三芝區,茂長,,625,三芝區,新小基隆,埔頭坑,76-401
三芝區,茂長,,626,三芝區,新小基隆,埔頭坑,76-391
三芝區,茂長,,627,三芝區,新小基隆,埔頭坑,76-392
三芝區,茂長,,628,三芝區,新小基隆,埔頭坑,76-400
三芝區,茂長,,629,三芝區,新小基隆,埔頭坑,76-399
三芝區,茂長,,63,三芝區,新小基隆,埔頭坑,7-21
三芝區,茂長,,630,三芝區,新小基隆,埔頭坑,76-393
三芝區,茂長,,631,三芝區,新小基隆,埔頭坑,76-394
三芝區,茂長,,632,三芝區,新小基隆,埔頭坑,76-375
三芝區,茂長,,633,三芝區,新小基隆,埔頭坑,76-374
三芝區,茂長,,634,三芝區,新小基隆,埔頭坑,76-362
三芝區,茂長,,635,三芝區,新小基隆,埔頭坑,76-361
三芝區,茂長,,636,三芝區,新小基隆,埔頭坑,76-373
三芝區,茂長,,637,三芝區,新小基隆,埔頭坑,76-360
三芝區,茂長,,638,三芝區,新小基隆,埔頭坑,76-447
三芝區,茂長,,639,三芝區,新小基隆,埔頭坑,76-9
三芝區,茂長,,64,三芝區,新小基隆,埔頭坑,7-27
三芝區,茂長,,640,三芝區,新小基隆,埔頭坑,76-358
三芝區,茂長,,641,三芝區,新小基隆,埔頭坑,76-371
三芝區,茂長,,642,三芝區,新小基隆,埔頭坑,76-370
三芝區,茂長,,643,三芝區,新小基隆,埔頭坑,76-359
三芝區,茂長,,644,三芝區,新小基隆,埔頭坑,76-372
三芝區,茂長,,645,三芝區,新小基隆,埔頭坑,76-334
三芝區,茂長,,646,三芝區,新小基隆,埔頭坑,76-330
三芝區,茂長,,647,三芝區,新小基隆,埔頭坑,76-329
三芝區,茂長,,648,三芝區,新小基隆,埔頭坑,76-333
三芝區,茂長,,649,三芝區,新小基隆,埔頭坑,76-332
三芝區,茂長,,65,三芝區,新小基隆,陳厝坑,140-1
三芝區,茂長,,650,三芝區,新小基隆,埔頭坑,76-328
三芝區,茂長,,651,三芝區,新小基隆,埔頭坑,76-44
三芝區,茂長,,652,三芝區,新小基隆,埔頭坑,76-55
三芝區,茂長,,653,三芝區,新小基隆,埔頭坑,76-45
三芝區,茂長,,654,三芝區,新小基隆,埔頭坑,76-54
三芝區,茂長,,655,三芝區,新小基隆,埔頭坑,76-163
三芝區,茂長,,656,三芝區,新小基隆,埔頭坑,76-47
三芝區,茂長,,657,三芝區,新小基隆,埔頭坑,76-17
三芝區,茂長,,658,三芝區,新小基隆,埔頭坑,76-48
三芝區,茂長,,659,三芝區,新小基隆,埔頭坑,76-56
三芝區,茂長,,66,三芝區,新小基隆,陳厝坑,140-2
三芝區,茂長,,660,三芝區,新小基隆,埔頭坑,76-57
三芝區,茂長,,661,三芝區,新小基隆,埔頭坑,76-58
三芝區,茂長,,662,三芝區,新小基隆,埔頭坑,76-49
三芝區,茂長,,663,三芝區,新小基隆,埔頭坑,76-105
三芝區,茂長,,664,三芝區,新小基隆,埔頭坑,76-113
三芝區,茂長,,665,三芝區,新小基隆,埔頭坑,76-114
三芝區,茂長,,666,三芝區,新小基隆,埔頭坑,76-252
三芝區,茂長,,667,三芝區,新小基隆,埔頭坑,76-121
三芝區,茂長,,668,三芝區,新小基隆,埔頭坑,76-118
三芝區,茂長,,669,三芝區,新小基隆,埔頭坑,76-405
三芝區,茂長,,67,三芝區,新小基隆,陳厝坑,140
三芝區,茂長,,670,三芝區,新小基隆,埔頭坑,76-338
三芝區,茂長,,671,三芝區,新小基隆,埔頭坑,76-339
三芝區,茂長,,672,三芝區,新小基隆,埔頭坑,76-343
三芝區,茂長,,673,三芝區,新小基隆,埔頭坑,76-337
三芝區,茂長,,674,三芝區,新小基隆,埔頭坑,76-340
三芝區,茂長,,675,三芝區,新小基隆,埔頭坑,76-344
三芝區,茂長,,676,三芝區,新小基隆,埔頭坑,76-341
三芝區,茂長,,677,三芝區,新小基隆,埔頭坑,76-396
三芝區,茂長,,678,三芝區,新小基隆,埔頭坑,53-11
三芝區,茂長,,679,三芝區,新小基隆,埔頭坑,53-19
三芝區,茂長,,680,三芝區,新小基隆,埔頭坑,53-7
三芝區,茂長,,681,三芝區,新小基隆,埔頭坑,55-3
三芝區,茂長,,682,三芝區,新小基隆,埔頭坑,55
三芝區,茂長,,683,三芝區,新小基隆,埔頭坑,55-6
三芝區,茂長,,684,三芝區,新小基隆,埔頭坑,55-1
三芝區,茂長,,685,三芝區,新小基隆,埔頭坑,56-31
三芝區,茂長,,686,三芝區,新小基隆,埔頭坑,56-56
三芝區,茂長,,687,三芝區,新小基隆,埔頭坑,56-54
三芝區,茂長,,688,三芝區,新小基隆,埔頭坑,56-57
三芝區,茂長,,689,三芝區,新小基隆,埔頭坑,56-58
三芝區,茂長,,690,三芝區,新小基隆,埔頭坑,56-55
三芝區,茂長,,691,三芝區,新小基隆,埔頭坑,13
三芝區,茂長,,692,三芝區,新小基隆,埔頭坑,15-4
三芝區,茂長,,693,三芝區,新小基隆,埔頭坑,55-5
三芝區,茂長,,694,三芝區,新小基隆,埔頭坑,50-21
三芝區,茂長,,695,三芝區,新小基隆,埔頭坑,16
三芝區,茂長,,696,三芝區,新小基隆,埔頭坑,16-2
三芝區,茂長,,697,三芝區,新小基隆,埔頭坑,16-1
三芝區,茂長,,698,三芝區,新小基隆,埔頭坑,17
三芝區,茂長,,699,三芝區,新小基隆,埔頭坑,17-9
三芝區,茂長,,7,三芝區,新小基隆,陳厝坑,2-11
三芝區,茂長,,700,三芝區,新小基隆,埔頭坑,15-1
三芝區,茂長,,701,三芝區,新小基隆,埔頭坑,15-3
三芝區,茂長,,702,三芝區,新小基隆,埔頭坑,50-6
三芝區,茂長,,703,三芝區,新小基隆,埔頭坑,50-5
三芝區,茂長,,704,三芝區,新小基隆,埔頭坑,17-53
三芝區,茂長,,705,三芝區,新小基隆,埔頭坑,15-2
三芝區,茂長,,706,三芝區,新小基隆,埔頭坑,17-60
三芝區,茂長,,707,三芝區,新小基隆,埔頭坑,17-6
三芝區,茂長,,708,三芝區,新小基隆,埔頭坑,17-57
三芝區,茂長,,709,三芝區,新小基隆,埔頭坑,17-56
三芝區,茂長,,71,三芝區,新小基隆,陳厝坑,5-2
三芝區,茂長,,710,三芝區,新小基隆,埔頭坑,17-3
三芝區,茂長,,711,三芝區,新小基隆,埔頭坑,17-52
三芝區,茂長,,712,三芝區,新小基隆,埔頭坑,17-51
三芝區,茂長,,713,三芝區,新小基隆,埔頭坑,17-12
三芝區,茂長,,714,三芝區,新小基隆,埔頭坑,17-11
三芝區,茂長,,715,三芝區,新小基隆,埔頭坑,50-25
三芝區,茂長,,716,三芝區,新小基隆,埔頭坑,50
三芝區,茂長,,717,三芝區,新小基隆,埔頭坑,50-22
三芝區,茂長,,718,三芝區,新小基隆,埔頭坑,50-10
三芝區,茂長,,719,三芝區,新小基隆,埔頭坑,53-21
三芝區,茂長,,720,三芝區,新小基隆,埔頭坑,53-3
三芝區,茂長,,721,三芝區,新小基隆,埔頭坑,53-13
三芝區,茂長,,722,三芝區,新小基隆,埔頭坑,54-6
三芝區,茂長,,723,三芝區,新小基隆,埔頭坑,54-8
三芝區,茂長,,724,三芝區,新小基隆,埔頭坑,50-4
三芝區,茂長,,725,三芝區,新小基隆,埔頭坑,50-9
三芝區,茂長,,726,三芝區,新小基隆,埔頭坑,52
三芝區,茂長,,727,三芝區,新小基隆,埔頭坑,50-19
三芝區,茂長,,728,三芝區,新小基隆,埔頭坑,50-11
三芝區,茂長,,729,三芝區,新小基隆,埔頭坑,50-12
三芝區,茂長,,73,三芝區,新小基隆,陳厝坑,6
三芝區,茂長,,730,三芝區,新小基隆,埔頭坑,50-27
三芝區,茂長,,731,三芝區,新小基隆,埔頭坑,50-38
三芝區,茂長,,732,三芝區,新小基隆,埔頭坑,50-13
三芝區,茂長,,733,三芝區,新小基隆,埔頭坑,50-26
三芝區,茂長,,734,三芝區,新小基隆,埔頭坑,50-30
三芝區,茂長,,735,三芝區,新小基隆,埔頭坑,50-14
三芝區,茂長,,736,三芝區,新小基隆,埔頭坑,50-29
三芝區,茂長,,737,三芝區,新小基隆,埔頭坑,50-8
三芝區,茂長,,738,三芝區,新小基隆,埔頭坑,52-1
三芝區,茂長,,739,三芝區,新小基隆,埔頭坑,74-34
三芝區,茂長,,740,三芝區,新小基隆,埔頭坑,76-302
三芝區,茂長,,741,三芝區,新小基隆,埔頭坑,76-431
三芝區,茂長,,742,三芝區,新小基隆,埔頭坑,76-432
三芝區,茂長,,743,三芝區,新小基隆,埔頭坑,74-7
三芝區,茂長,,744,三芝區,新小基隆,埔頭坑,50-7
三芝區,茂長,,745,三芝區,新小基隆,埔頭坑,50-2
三芝區,茂長,,746,三芝區,新小基隆,埔頭坑,50-23
三芝區,茂長,,747,三芝區,新小基隆,埔頭坑,77-3
三芝區,茂長,,748,三芝區,新小基隆,埔頭坑,77-81
三芝區,茂長,,749,三芝區,新小基隆,埔頭坑,77-59
三芝區,茂長,,750,三芝區,新小基隆,埔頭坑,77-82
三芝區,茂長,,751,三芝區,新小基隆,埔頭坑,77-83
三芝區,茂長,,752,三芝區,新小基隆,埔頭坑,77-84
三芝區,茂長,,753,三芝區,新小基隆,埔頭坑,77-85
三芝區,茂長,,754,三芝區,新小基隆,埔頭坑,77-88
三芝區,茂長,,755,三芝區,新小基隆,埔頭坑,77-86
三芝區,茂長,,756,三芝區,新小基隆,埔頭坑,77-35
三芝區,茂長,,757,三芝區,新小基隆,埔頭坑,77-46
三芝區,茂長,,758,三芝區,新小基隆,埔頭坑,77-58
三芝區,茂長,,759,三芝區,新小基隆,埔頭坑,77-64
三芝區,茂長,,76,三芝區,新小基隆,陳厝坑,6-1
三芝區,茂長,,760,三芝區,新小基隆,埔頭坑,77-47
三芝區,茂長,,761,三芝區,新小基隆,埔頭坑,77-34
三芝區,茂長,,762,三芝區,新小基隆,埔頭坑,77-63
三芝區,茂長,,763,三芝區,新小基隆,埔頭坑,77-77
三芝區,茂長,,764,三芝區,新小基隆,埔頭坑,77-78
三芝區,茂長,,765,三芝區,新小基隆,埔頭坑,77-79
三芝區,茂長,,766,三芝區,新小基隆,埔頭坑,77-80
三芝區,茂長,,767,三芝區,新小基隆,埔頭坑,77-95
三芝區,茂長,,768,三芝區,新小基隆,埔頭坑,77-17
三芝區,茂長,,769,三芝區,新小基隆,埔頭坑,77-94
三芝區,茂長,,770,三芝區,新小基隆,埔頭坑,77-75
三芝區,茂長,,771,三芝區,新小基隆,埔頭坑,77-49
三芝區,茂長,,772,三芝區,新小基隆,埔頭坑,77-18
三芝區,茂長,,773,三芝區,新小基隆,埔頭坑,77-70
三芝區,茂長,,774,三芝區,新小基隆,埔頭坑,77-19
三芝區,茂長,,775,三芝區,新小基隆,埔頭坑,77-72
三芝區,茂長,,776,三芝區,新小基隆,埔頭坑,77-73
三芝區,茂長,,777,三芝區,新小基隆,埔頭坑,77-20
三芝區,茂長,,778,三芝區,新小基隆,埔頭坑,77-48
三芝區,茂長,,779,三芝區,新小基隆,埔頭坑,77-22
三芝區,茂長,,780,三芝區,新小基隆,埔頭坑,77-54
三芝區,茂長,,781,三芝區,新小基隆,埔頭坑,77-51
三芝區,茂長,,782,三芝區,新小基隆,埔頭坑,77-91
三芝區,茂長,,783,三芝區,新小基隆,埔頭坑,50-24
三芝區,茂長,,784,三芝區,新小基隆,埔頭坑,50-36
三芝區,茂長,,785,三芝區,新小基隆,埔頭坑,50-17
三芝區,茂長,,786,三芝區,新小基隆,埔頭坑,50-18
三芝區,茂長,,787,三芝區,新小基隆,埔頭坑,77-93
三芝區,茂長,,788,三芝區,新小基隆,埔頭坑,77-32
三芝區,茂長,,789,三芝區,新小基隆,埔頭坑,77-23
三芝區,茂長,,790,三芝區,新小基隆,埔頭坑,77-24
三芝區,茂長,,791,三芝區,新小基隆,埔頭坑,77-25
三芝區,茂長,,792,三芝區,新小基隆,埔頭坑,77-10
三芝區,茂長,,793,三芝區,新小基隆,埔頭坑,77-11
三芝區,茂長,,794,三芝區,新小基隆,埔頭坑,77-12
三芝區,茂長,,795,三芝區,新小基隆,埔頭坑,77-13
三芝區,茂長,,796,三芝區,新小基隆,埔頭坑,77-69
三芝區,茂長,,797,三芝區,新小基隆,埔頭坑,77-92
三芝區,茂長,,798,三芝區,新小基隆,埔頭坑,77-14
三芝區,茂長,,799,三芝區,新小基隆,埔頭坑,77-52
三芝區,茂長,,8,三芝區,新小基隆,陳厝坑,1-3
三芝區,茂長,,80,三芝區,新小基隆,陳厝坑,6-2
三芝區,茂長,,800,三芝區,新小基隆,埔頭坑,77-53
三芝區,茂長,,801,三芝區,新小基隆,埔頭坑,77-15
三芝區,茂長,,802,三芝區,新小基隆,埔頭坑,77-42
三芝區,茂長,,803,三芝區,新小基隆,埔頭坑,77-41
三芝區,茂長,,804,三芝區,新小基隆,埔頭坑,77-16
三芝區,茂長,,805,三芝區,新小基隆,埔頭坑,77-2
三芝區,茂長,,806,三芝區,新小基隆,埔頭坑,77-6
三芝區,茂長,,807,三芝區,新小基隆,埔頭坑,77-7
三芝區,茂長,,808,三芝區,新小基隆,埔頭坑,77-8
三芝區,茂長,,809,三芝區,新小基隆,埔頭坑,77-9
三芝區,茂長,,81,三芝區,新小基隆,陳厝坑,7
三芝區,茂長,,810,三芝區,新小基隆,埔頭坑,50-37
三芝區,茂長,,811,三芝區,新小基隆,埔頭坑,51-3
三芝區,茂長,,812,三芝區,新小基隆,埔頭坑,51-2
三芝區,茂長,,813,三芝區,新小基隆,埔頭坑,51
三芝區,茂長,,814,三芝區,新小基隆,埔頭坑,51-1
三芝區,茂長,,815,三芝區,新小基隆,埔頭坑,49-2
三芝區,茂長,,816,三芝區,新小基隆,埔頭坑,49-108
三芝區,茂長,,817,三芝區,新小基隆,埔頭坑,51-10
三芝區,茂長,,818,三芝區,新小基隆,埔頭坑,51-8
三芝區,茂長,,819,三芝區,新小基隆,埔頭坑,49-81
三芝區,茂長,,82,三芝區,新小基隆,陳厝坑,8
三芝區,茂長,,820,三芝區,新小基隆,埔頭坑,51-9
三芝區,茂長,,821,三芝區,新小基隆,埔頭坑,51-12
三芝區,茂長,,822,三芝區,新小基隆,埔頭坑,51-4
三芝區,茂長,,823,三芝區,新小基隆,埔頭坑,49-80
三芝區,茂長,,824,三芝區,新小基隆,埔頭坑,49-82
三芝區,茂長,,825,三芝區,新小基隆,埔頭坑,49-94
三芝區,茂長,,826,三芝區,新小基隆,埔頭坑,49-95
三芝區,茂長,,827,三芝區,新小基隆,埔頭坑,49-96
三芝區,茂長,,828,三芝區,新小基隆,埔頭坑,49-97
三芝區,茂長,,829,三芝區,新小基隆,埔頭坑,49-105
三芝區,茂長,,830,三芝區,新小基隆,埔頭坑,49-18
三芝區,茂長,,831,三芝區,新小基隆,埔頭坑,49-15
三芝區,茂長,,832,三芝區,新小基隆,埔頭坑,49-84
三芝區,茂長,,833,三芝區,新小基隆,埔頭坑,49-8
三芝區,茂長,,834,三芝區,新小基隆,埔頭坑,49-85
三芝區,茂長,,835,三芝區,新小基隆,埔頭坑,49-9
三芝區,茂長,,836,三芝區,新小基隆,埔頭坑,49-10
三芝區,茂長,,837,三芝區,新小基隆,埔頭坑,49-11
三芝區,茂長,,838,三芝區,新小基隆,埔頭坑,49-137
三芝區,茂長,,839,三芝區,新小基隆,埔頭坑,49-136
三芝區,茂長,,84,三芝區,新小基隆,陳厝坑,11
三芝區,茂長,,840,三芝區,新小基隆,埔頭坑,49-12
三芝區,茂長,,841,三芝區,新小基隆,埔頭坑,49-13
三芝區,茂長,,842,三芝區,新小基隆,埔頭坑,49-135
三芝區,茂長,,843,三芝區,新小基隆,埔頭坑,49-134
三芝區,茂長,,844,三芝區,新小基隆,埔頭坑,49-14
三芝區,茂長,,845,三芝區,新小基隆,埔頭坑,49-83
三芝區,茂長,,846,三芝區,新小基隆,埔頭坑,49-6
三芝區,茂長,,847,三芝區,新小基隆,埔頭坑,49-7
三芝區,茂長,,848,三芝區,新小基隆,埔頭坑,76-4
三芝區,茂長,,849,三芝區,新小基隆,埔頭坑,76-298
三芝區,茂長,,850,三芝區,新小基隆,埔頭坑,76-458
三芝區,茂長,,851,三芝區,新小基隆,埔頭坑,78-99
三芝區,茂長,,852,三芝區,新小基隆,埔頭坑,79-2
三芝區,茂長,,853,三芝區,新小基隆,埔頭坑,76-295
三芝區,茂長,,854,三芝區,新小基隆,埔頭坑,78-94
三芝區,茂長,,855,三芝區,新小基隆,埔頭坑,76-3
三芝區,茂長,,856,三芝區,新小基隆,埔頭坑,77-56
三芝區,茂長,,857,三芝區,新小基隆,埔頭坑,77-33
三芝區,茂長,,858,三芝區,新小基隆,埔頭坑,77
三芝區,茂長,,859,三芝區,新小基隆,埔頭坑,76-2
三芝區,茂長,,86,三芝區,新小基隆,陳厝坑,8-1
三芝區,茂長,,860,三芝區,新小基隆,埔頭坑,76-293
三芝區,茂長,,861,三芝區,新小基隆,埔頭坑,76-36
三芝區,茂長,,862,三芝區,新小基隆,埔頭坑,76-103
三芝區,茂長,,863,三芝區,新小基隆,埔頭坑,77-31
三芝區,茂長,,864,三芝區,新小基隆,埔頭坑,77-30
三芝區,茂長,,865,三芝區,新小基隆,埔頭坑,77-29
三芝區,茂長,,866,三芝區,新小基隆,埔頭坑,77-28
三芝區,茂長,,867,三芝區,新小基隆,埔頭坑,77-27
三芝區,茂長,,868,三芝區,新小基隆,埔頭坑,76-336
三芝區,茂長,,869,三芝區,新小基隆,埔頭坑,76-104
三芝區,茂長,,87,三芝區,新小基隆,陳厝坑,8-2
三芝區,茂長,,870,三芝區,新小基隆,埔頭坑,76-136
三芝區,茂長,,871,三芝區,新小基隆,埔頭坑,76-125
三芝區,茂長,,872,三芝區,新小基隆,埔頭坑,76-102
三芝區,茂長,,873,三芝區,新小基隆,埔頭坑,76-287
三芝區,茂長,,874,三芝區,新小基隆,埔頭坑,77-36
三芝區,茂長,,875,三芝區,新小基隆,埔頭坑,77-38
三芝區,茂長,,876,三芝區,新小基隆,埔頭坑,76-19
三芝區,茂長,,877,三芝區,新小基隆,埔頭坑,77-55
三芝區,茂長,,878,三芝區,新小基隆,埔頭坑,76-38
三芝區,茂長,,879,三芝區,新小基隆,埔頭坑,77-45
三芝區,茂長,,880,三芝區,新小基隆,埔頭坑,77-37
三芝區,茂長,,881,三芝區,新小基隆,埔頭坑,76-41
三芝區,茂長,,882,三芝區,新小基隆,埔頭坑,76-37
三芝區,茂長,,883,三芝區,新小基隆,埔頭坑,76-91
三芝區,茂長,,884,三芝區,新小基隆,埔頭坑,76-127
三芝區,茂長,,885,三芝區,新小基隆,埔頭坑,76-22
三芝區,茂長,,886,三芝區,新小基隆,埔頭坑,76-120
三芝區,茂長,,887,三芝區,新小基隆,埔頭坑,76-129
三芝區,茂長,,888,三芝區,新小基隆,埔頭坑,76-286
三芝區,茂長,,889,三芝區,新小基隆,埔頭坑,76-23
三芝區,茂長,,890,三芝區,新小基隆,埔頭坑,76-116
三芝區,茂長,,891,三芝區,新小基隆,埔頭坑,76-128
三芝區,茂長,,892,三芝區,新小基隆,埔頭坑,76-126
三芝區,茂長,,893,三芝區,新小基隆,埔頭坑,76-130
三芝區,茂長,,894,三芝區,新小基隆,埔頭坑,76-123
三芝區,茂長,,895,三芝區,新小基隆,埔頭坑,76-122
三芝區,茂長,,896,三芝區,新小基隆,埔頭坑,76-94
三芝區,茂長,,897,三芝區,新小基隆,埔頭坑,76-70
三芝區,茂長,,898,三芝區,新小基隆,埔頭坑,76-69
三芝區,茂長,,899,三芝區,新小基隆,埔頭坑,76-68
三芝區,茂長,,9,三芝區,新小基隆,陳厝坑,2-1
三芝區,茂長,,90,三芝區,新小基隆,陳厝坑,9
三芝區,茂長,,900,三芝區,新小基隆,埔頭坑,76-67
三芝區,茂長,,901,三芝區,新小基隆,埔頭坑,76-66
三芝區,茂長,,902,三芝區,新小基隆,埔頭坑,76-83
三芝區,茂長,,903,三芝區,新小基隆,埔頭坑,76-460
三芝區,茂長,,904,三芝區,新小基隆,埔頭坑,76-468
三芝區,茂長,,905,三芝區,新小基隆,埔頭坑,76-65
三芝區,茂長,,906,三芝區,新小基隆,埔頭坑,76-64
三芝區,茂長,,907,三芝區,新小基隆,埔頭坑,76-63
三芝區,茂長,,908,三芝區,新小基隆,埔頭坑,76-62
三芝區,茂長,,909,三芝區,新小基隆,埔頭坑,76-61
三芝區,茂長,,91,三芝區,新小基隆,陳厝坑,10
三芝區,茂長,,910,三芝區,新小基隆,埔頭坑,76-18
三芝區,茂長,,911,三芝區,新小基隆,埔頭坑,76-307
三芝區,茂長,,912,三芝區,新小基隆,埔頭坑,76-133
三芝區,茂長,,913,三芝區,新小基隆,埔頭坑,76-132
三芝區,茂長,,914,三芝區,新小基隆,埔頭坑,76-112
三芝區,茂長,,915,三芝區,新小基隆,埔頭坑,76-111
三芝區,茂長,,916,三芝區,新小基隆,埔頭坑,76-110
三芝區,茂長,,917,三芝區,新小基隆,埔頭坑,76-272
三芝區,茂長,,918,三芝區,新小基隆,埔頭坑,76-109
三芝區,茂長,,919,三芝區,新小基隆,埔頭坑,76-108
三芝區,茂長,,92,三芝區,新小基隆,陳厝坑,12-1
三芝區,茂長,,920,三芝區,新小基隆,埔頭坑,76-271
三芝區,茂長,,921,三芝區,新小基隆,埔頭坑,76-270
三芝區,茂長,,922,三芝區,新小基隆,埔頭坑,76-101
三芝區,茂長,,923,三芝區,新小基隆,埔頭坑,76-76
三芝區,茂長,,924,三芝區,新小基隆,埔頭坑,76-75
三芝區,茂長,,925,三芝區,新小基隆,埔頭坑,76-74
三芝區,茂長,,926,三芝區,新小基隆,埔頭坑,76-73
三芝區,茂長,,927,三芝區,新小基隆,埔頭坑,76-72
三芝區,茂長,,928,三芝區,新小基隆,埔頭坑,76-71
三芝區,茂長,,929,三芝區,新小基隆,埔頭坑,76-264
三芝區,茂長,,93,三芝區,新小基隆,陳厝坑,12-3
三芝區,茂長,,930,三芝區,新小基隆,埔頭坑,76-265
三芝區,茂長,,931,三芝區,新小基隆,埔頭坑,76-266
三芝區,茂長,,932,三芝區,新小基隆,埔頭坑,76-267
三芝區,茂長,,933,三芝區,新小基隆,埔頭坑,76-268
三芝區,茂長,,934,三芝區,新小基隆,埔頭坑,76-269
三芝區,茂長,,935,三芝區,新小基隆,埔頭坑,76-467
三芝區,茂長,,936,三芝區,新小基隆,埔頭坑,76-462
三芝區,茂長,,937,三芝區,新小基隆,埔頭坑,76-463
三芝區,茂長,,938,三芝區,新小基隆,埔頭坑,76-273
三芝區,茂長,,939,三芝區,新小基隆,埔頭坑,76-274
三芝區,茂長,,94,三芝區,新小基隆,陳厝坑,12
三芝區,茂長,,940,三芝區,新小基隆,埔頭坑,76-275
三芝區,茂長,,941,三芝區,新小基隆,埔頭坑,76-305
三芝區,茂長,,942,三芝區,新小基隆,埔頭坑,76-306
三芝區,茂長,,943,三芝區,新小基隆,埔頭坑,76-464
三芝區,茂長,,944,三芝區,新小基隆,埔頭坑,76-223
三芝區,茂長,,945,三芝區,新小基隆,埔頭坑,76-222
三芝區,茂長,,946,三芝區,新小基隆,埔頭坑,76-21
三芝區,茂長,,947,三芝區,新小基隆,埔頭坑,76-254
三芝區,茂長,,948,三芝區,新小基隆,埔頭坑,76-98
三芝區,茂長,,949,三芝區,新小基隆,埔頭坑,76-150
三芝區,茂長,,950,三芝區,新小基隆,埔頭坑,76-261
三芝區,茂長,,951,三芝區,新小基隆,埔頭坑,76-263
三芝區,茂長,,952,三芝區,新小基隆,埔頭坑,76-106
三芝區,茂長,,953,三芝區,新小基隆,埔頭坑,76-151
三芝區,茂長,,954,三芝區,新小基隆,埔頭坑,76-260
三芝區,茂長,,955,三芝區,新小基隆,埔頭坑,76-259
三芝區,茂長,,956,三芝區,新小基隆,埔頭坑,76-24
三芝區,茂長,,957,三芝區,新小基隆,埔頭坑,76-25
三芝區,茂長,,958,三芝區,新小基隆,埔頭坑,76-26
三芝區,茂長,,959,三芝區,新小基隆,埔頭坑,76-27
三芝區,茂長,,96,三芝區,新小基隆,陳厝坑,10-2
三芝區,茂長,,960,三芝區,新小基隆,埔頭坑,76-28
三芝區,茂長,,961,三芝區,新小基隆,埔頭坑,76-99
三芝區,茂長,,962,三芝區,新小基隆,埔頭坑,76-100
三芝區,茂長,,963,三芝區,新小基隆,埔頭坑,76-408
三芝區,茂長,,964,三芝區,新小基隆,埔頭坑,76-409
三芝區,茂長,,965,三芝區,新小基隆,埔頭坑,76-410
三芝區,茂長,,966,三芝區,新小基隆,埔頭坑,76-60
三芝區,茂長,,967,三芝區,新小基隆,埔頭坑,76-159
三芝區,茂長,,968,三芝區,新小基隆,埔頭坑,76-158
三芝區,茂長,,969,三芝區,新小基隆,埔頭坑,76-395
三芝區,茂長,,97,三芝區,新小基隆,陳厝坑,10-1
三芝區,茂長,,970,三芝區,新小基隆,埔頭坑,76-107
三芝區,茂長,,971,三芝區,新小基隆,埔頭坑,76-147
三芝區,茂長,,972,三芝區,新小基隆,埔頭坑,76-137
三芝區,茂長,,973,三芝區,新小基隆,埔頭坑,76-138
三芝區,茂長,,974,三芝區,新小基隆,埔頭坑,76-144
三芝區,茂長,,975,三芝區,新小基隆,埔頭坑,76-276
三芝區,茂長,,976,三芝區,新小基隆,埔頭坑,76-277
三芝區,茂長,,977,三芝區,新小基隆,埔頭坑,76-406
三芝區,茂長,,978,三芝區,新小基隆,埔頭坑,76-472
三芝區,茂長,,979,三芝區,新小基隆,埔頭坑,76-154
三芝區,茂長,,980,三芝區,新小基隆,埔頭坑,76-157
三芝區,茂長,,981,三芝區,新小基隆,埔頭坑,76-160
三芝區,茂長,,982,三芝區,新小基隆,埔頭坑,76-161
三芝區,茂長,,983,三芝區,新小基隆,埔頭坑,76-156
三芝區,茂長,,984,三芝區,新小基隆,埔頭坑,76-162
三芝區,茂長,,985,三芝區,新小基隆,埔頭坑,76-155
三芝區,茂長,,986,三芝區,新小基隆,埔頭坑,76-280
三芝區,茂長,,987,三芝區,新小基隆,埔頭坑,76-282
三芝區,茂長,,988,三芝區,新小基隆,埔頭坑,76
三芝區,茂長,,989,三芝區,新小基隆,埔頭坑,76-434
三芝區,茂長,,99,三芝區,新小基隆,陳厝坑,12-4
三芝區,茂長,,990,三芝區,新小基隆,埔頭坑,76-435
三芝區,茂長,,991,三芝區,新小基隆,埔頭坑,76-436
三芝區,茂長,,992,三芝區,新小基隆,埔頭坑,76-437
三芝區,茂長,,993,三芝區,新小基隆,埔頭坑,76-438
三芝區,茂長,,994,三芝區,新小基隆,埔頭坑,76-443
三芝區,茂長,,995,三芝區,新小基隆,埔頭坑,76-444
三芝區,茂長,,996,三芝區,新小基隆,埔頭坑,76-439
三芝區,茂長,,997,三芝區,新小基隆,埔頭坑,76-440
三芝區,茂長,,998,三芝區,新小基隆,埔頭坑,76-445
三芝區,茂長,,999,三芝區,新小基隆,埔頭坑,76-441
三芝區,車埕,,1,三芝區,北新庄子,店子,171
三芝區,車埕,,10,三芝區,北新庄子,店子,173-3
三芝區,車埕,,100,三芝區,北新庄子,店子,206-1
三芝區,車埕,,1000,三芝區,北新庄子,田心子,254
三芝區,車埕,,1001,三芝區,北新庄子,田心子,254-1
三芝區,車埕,,1002,三芝區,北新庄子,田心子,254-2
三芝區,車埕,,1003,三芝區,北新庄子,田心子,254-3
三芝區,車埕,,1004,三芝區,北新庄子,田心子,254-4
三芝區,車埕,,1005,三芝區,北新庄子,田心子,254-5
三芝區,車埕,,1006,三芝區,北新庄子,田心子,254-6
三芝區,車埕,,1007,三芝區,北新庄子,田心子,254-7
三芝區,車埕,,1008,三芝區,北新庄子,田心子,254-8
三芝區,車埕,,1009,三芝區,北新庄子,田心子,254-9
三芝區,車埕,,101,三芝區,北新庄子,店子,207
三芝區,車埕,,1010,三芝區,北新庄子,田心子,255
三芝區,車埕,,1011,三芝區,北新庄子,田心子,256
三芝區,車埕,,1012,三芝區,北新庄子,田心子,257
三芝區,車埕,,1013,三芝區,北新庄子,田心子,258
三芝區,車埕,,1014,三芝區,北新庄子,田心子,258-1
三芝區,車埕,,1015,三芝區,北新庄子,田心子,258-2
三芝區,車埕,,1016,三芝區,北新庄子,田心子,258-3
三芝區,車埕,,1017,三芝區,北新庄子,田心子,259
三芝區,車埕,,1018,三芝區,北新庄子,田心子,260
三芝區,車埕,,1019,三芝區,北新庄子,田心子,261
三芝區,車埕,,102,三芝區,北新庄子,店子,207-1
三芝區,車埕,,1020,三芝區,北新庄子,田心子,262
三芝區,車埕,,1021,三芝區,北新庄子,田心子,263
三芝區,車埕,,1022,三芝區,北新庄子,田心子,265
三芝區,車埕,,1023,三芝區,北新庄子,田心子,265-1
三芝區,車埕,,1024,三芝區,北新庄子,田心子,265-2
三芝區,車埕,,1025,三芝區,北新庄子,田心子,266
三芝區,車埕,,1026,三芝區,北新庄子,田心子,268
三芝區,車埕,,1027,三芝區,北新庄子,田心子,269
三芝區,車埕,,1028,三芝區,北新庄子,田心子,270
三芝區,車埕,,1029,三芝區,北新庄子,田心子,271
三芝區,車埕,,103,三芝區,北新庄子,店子,208
三芝區,車埕,,1030,三芝區,北新庄子,田心子,272
三芝區,車埕,,1031,三芝區,北新庄子,田心子,273
三芝區,車埕,,1032,三芝區,北新庄子,田心子,273-1
三芝區,車埕,,1033,三芝區,北新庄子,田心子,273-2
三芝區,車埕,,1034,三芝區,北新庄子,田心子,274
三芝區,車埕,,1035,三芝區,北新庄子,田心子,274-1
三芝區,車埕,,1036,三芝區,北新庄子,田心子,274-2
三芝區,車埕,,1037,三芝區,北新庄子,田心子,274-3
三芝區,車埕,,1038,三芝區,北新庄子,田心子,274-4
三芝區,車埕,,1039,三芝區,北新庄子,田心子,274-5
三芝區,車埕,,104,三芝區,北新庄子,店子,208-1
三芝區,車埕,,1040,三芝區,北新庄子,田心子,274-6
三芝區,車埕,,1041,三芝區,北新庄子,田心子,274-7
三芝區,車埕,,1042,三芝區,北新庄子,田心子,274-8
三芝區,車埕,,1043,三芝區,北新庄子,田心子,275
三芝區,車埕,,1044,三芝區,北新庄子,田心子,276
三芝區,車埕,,1045,三芝區,北新庄子,田心子,279
三芝區,車埕,,1046,三芝區,北新庄子,田心子,280
三芝區,車埕,,1047,三芝區,北新庄子,田心子,281
三芝區,車埕,,1048,三芝區,北新庄子,田心子,281-1
三芝區,車埕,,1049,三芝區,北新庄子,田心子,282
三芝區,車埕,,105,三芝區,北新庄子,店子,209
三芝區,車埕,,1050,三芝區,北新庄子,田心子,283
三芝區,車埕,,1051,三芝區,北新庄子,田心子,284
三芝區,車埕,,1052,三芝區,北新庄子,田心子,285
三芝區,車埕,,1053,三芝區,北新庄子,田心子,286
三芝區,車埕,,1054,三芝區,北新庄子,田心子,287
三芝區,車埕,,1055,三芝區,北新庄子,田心子,288
三芝區,車埕,,1056,三芝區,北新庄子,田心子,289
三芝區,車埕,,1057,三芝區,北新庄子,田心子,290
三芝區,車埕,,1058,三芝區,北新庄子,田心子,291
三芝區,車埕,,1059,三芝區,北新庄子,田心子,292
三芝區,車埕,,106,三芝區,北新庄子,店子,209-1
三芝區,車埕,,1060,三芝區,北新庄子,田心子,293
三芝區,車埕,,1061,三芝區,北新庄子,田心子,294
三芝區,車埕,,1062,三芝區,北新庄子,田心子,294-1
三芝區,車埕,,1063,三芝區,北新庄子,田心子,294-2
三芝區,車埕,,1064,三芝區,北新庄子,田心子,294-3
三芝區,車埕,,1065,三芝區,北新庄子,田心子,294-4
三芝區,車埕,,1066,三芝區,北新庄子,田心子,294-5
三芝區,車埕,,1067,三芝區,北新庄子,田心子,295
三芝區,車埕,,1068,三芝區,北新庄子,田心子,295-1
三芝區,車埕,,1069,三芝區,北新庄子,田心子,295-2
三芝區,車埕,,107,三芝區,北新庄子,店子,210
三芝區,車埕,,1070,三芝區,北新庄子,田心子,295-3
三芝區,車埕,,1071,三芝區,北新庄子,田心子,296
三芝區,車埕,,1072,三芝區,北新庄子,田心子,297
三芝區,車埕,,1073,三芝區,北新庄子,田心子,297-1
三芝區,車埕,,1074,三芝區,北新庄子,田心子,298
三芝區,車埕,,1075,三芝區,北新庄子,田心子,298-1
三芝區,車埕,,1076,三芝區,北新庄子,田心子,298-2
三芝區,車埕,,1077,三芝區,北新庄子,田心子,298-3
三芝區,車埕,,1078,三芝區,北新庄子,田心子,298-4
三芝區,車埕,,1079,三芝區,北新庄子,田心子,298-5
三芝區,車埕,,108,三芝區,北新庄子,店子,210-1
三芝區,車埕,,1080,三芝區,北新庄子,田心子,298-6
三芝區,車埕,,1081,三芝區,北新庄子,田心子,298-7
三芝區,車埕,,1082,三芝區,北新庄子,田心子,298-8
三芝區,車埕,,1083,三芝區,北新庄子,田心子,298-9
三芝區,車埕,,1084,三芝區,北新庄子,田心子,298-10
三芝區,車埕,,1085,三芝區,北新庄子,田心子,298-11
三芝區,車埕,,1086,三芝區,北新庄子,田心子,298-12
三芝區,車埕,,1087,三芝區,北新庄子,田心子,298-13
三芝區,車埕,,1088,三芝區,北新庄子,田心子,298-14
三芝區,車埕,,1089,三芝區,北新庄子,田心子,298-15
三芝區,車埕,,109,三芝區,北新庄子,店子,211
三芝區,車埕,,1090,三芝區,北新庄子,田心子,298-16
三芝區,車埕,,1091,三芝區,北新庄子,田心子,298-17
三芝區,車埕,,1092,三芝區,北新庄子,田心子,298-18
三芝區,車埕,,1093,三芝區,北新庄子,田心子,298-19
三芝區,車埕,,1094,三芝區,北新庄子,田心子,298-20
三芝區,車埕,,1095,三芝區,北新庄子,田心子,298-21
三芝區,車埕,,1096,三芝區,北新庄子,田心子,298-22
三芝區,車埕,,1097,三芝區,北新庄子,田心子,298-23
三芝區,車埕,,1098,三芝區,北新庄子,田心子,299
三芝區,車埕,,1099,三芝區,北新庄子,田心子,300
三芝區,車埕,,11,三芝區,北新庄子,店子,173-4
三芝區,車埕,,110,三芝區,北新庄子,店子,211-1
三芝區,車埕,,1100,三芝區,北新庄子,田心子,301
三芝區,車埕,,1101,三芝區,北新庄子,田心子,302
三芝區,車埕,,1102,三芝區,北新庄子,田心子,302-1
三芝區,車埕,,1103,三芝區,北新庄子,田心子,303
三芝區,車埕,,1104,三芝區,北新庄子,田心子,304
三芝區,車埕,,1105,三芝區,北新庄子,田心子,305
三芝區,車埕,,1106,三芝區,北新庄子,田心子,306
三芝區,車埕,,1107,三芝區,北新庄子,田心子,308
三芝區,車埕,,1108,三芝區,北新庄子,田心子,309
三芝區,車埕,,1109,三芝區,北新庄子,田心子,309-1
三芝區,車埕,,111,三芝區,北新庄子,店子,212
三芝區,車埕,,1110,三芝區,北新庄子,田心子,310
三芝區,車埕,,1111,三芝區,北新庄子,田心子,310-1
三芝區,車埕,,1112,三芝區,北新庄子,田心子,310-2
三芝區,車埕,,1113,三芝區,北新庄子,田心子,310-3
三芝區,車埕,,1114,三芝區,北新庄子,田心子,311
三芝區,車埕,,1115,三芝區,北新庄子,田心子,311-1
三芝區,車埕,,1116,三芝區,北新庄子,田心子,312
三芝區,車埕,,1117,三芝區,北新庄子,田心子,312-1
三芝區,車埕,,1118,三芝區,北新庄子,田心子,312-2
三芝區,車埕,,1119,三芝區,北新庄子,田心子,312-3
三芝區,車埕,,112,三芝區,北新庄子,店子,212-1
三芝區,車埕,,1120,三芝區,北新庄子,田心子,312-4
三芝區,車埕,,1121,三芝區,北新庄子,田心子,313
三芝區,車埕,,1122,三芝區,北新庄子,田心子,314
三芝區,車埕,,1123,三芝區,北新庄子,田心子,315
三芝區,車埕,,1124,三芝區,北新庄子,田心子,315-1
三芝區,車埕,,1125,三芝區,北新庄子,田心子,315-2
三芝區,車埕,,1126,三芝區,北新庄子,田心子,315-3
三芝區,車埕,,1127,三芝區,北新庄子,田心子,315-4
三芝區,車埕,,1128,三芝區,北新庄子,田心子,315-5
三芝區,車埕,,1129,三芝區,北新庄子,田心子,315-6
三芝區,車埕,,113,三芝區,北新庄子,店子,213
三芝區,車埕,,1130,三芝區,北新庄子,田心子,315-7
三芝區,車埕,,1131,三芝區,北新庄子,田心子,315-8
三芝區,車埕,,1132,三芝區,北新庄子,田心子,315-9
三芝區,車埕,,1133,三芝區,北新庄子,田心子,315-10
三芝區,車埕,,1134,三芝區,北新庄子,田心子,316
三芝區,車埕,,1135,三芝區,北新庄子,田心子,316-1
三芝區,車埕,,1136,三芝區,北新庄子,田心子,316-2
三芝區,車埕,,1137,三芝區,北新庄子,田心子,316-4
三芝區,車埕,,1138,三芝區,北新庄子,田心子,316-5
三芝區,車埕,,1139,三芝區,北新庄子,田心子,316-6
三芝區,車埕,,114,三芝區,北新庄子,店子,213-1
三芝區,車埕,,1140,三芝區,北新庄子,田心子,317
三芝區,車埕,,1141,三芝區,北新庄子,田心子,317-3
三芝區,車埕,,1142,三芝區,北新庄子,田心子,317-4
三芝區,車埕,,1143,三芝區,北新庄子,田心子,317-31
三芝區,車埕,,1144,三芝區,北新庄子,田心子,317-32
三芝區,車埕,,1145,三芝區,北新庄子,田心子,317-33
三芝區,車埕,,1146,三芝區,北新庄子,田心子,317-34
三芝區,車埕,,1147,三芝區,北新庄子,田心子,317-35
三芝區,車埕,,1148,三芝區,北新庄子,田心子,317-36
三芝區,車埕,,1149,三芝區,北新庄子,田心子,318-6
三芝區,車埕,,115,三芝區,北新庄子,店子,214
三芝區,車埕,,1150,三芝區,北新庄子,田心子,320-1
三芝區,車埕,,1151,三芝區,北新庄子,田心子,320-2
三芝區,車埕,,1152,三芝區,北新庄子,田心子,320-3
三芝區,車埕,,1153,三芝區,北新庄子,田心子,320-4
三芝區,車埕,,1154,三芝區,北新庄子,田心子,320-5
三芝區,車埕,,1155,三芝區,北新庄子,田心子,321-1
三芝區,車埕,,1156,三芝區,北新庄子,田心子,321-3
三芝區,車埕,,1157,三芝區,北新庄子,田心子,321-4
三芝區,車埕,,1158,三芝區,北新庄子,田心子,321-5
三芝區,車埕,,1159,三芝區,北新庄子,田心子,321-6
三芝區,車埕,,116,三芝區,北新庄子,店子,214-1
三芝區,車埕,,1160,三芝區,北新庄子,田心子,321-7
三芝區,車埕,,1161,三芝區,北新庄子,田心子,321-8
三芝區,車埕,,1162,三芝區,北新庄子,田心子,321-9
三芝區,車埕,,1163,三芝區,北新庄子,田心子,322
三芝區,車埕,,1164,三芝區,北新庄子,田心子,322-1
三芝區,車埕,,1165,三芝區,北新庄子,田心子,322-2
三芝區,車埕,,1166,三芝區,北新庄子,田心子,323
三芝區,車埕,,1167,三芝區,北新庄子,田心子,323-1
三芝區,車埕,,1168,三芝區,北新庄子,田心子,323-2
三芝區,車埕,,1169,三芝區,北新庄子,田心子,324
三芝區,車埕,,117,三芝區,北新庄子,店子,215
三芝區,車埕,,1170,三芝區,北新庄子,田心子,324-1
三芝區,車埕,,1171,三芝區,北新庄子,田心子,324-2
三芝區,車埕,,1172,三芝區,北新庄子,田心子,324-3
三芝區,車埕,,1173,三芝區,北新庄子,田心子,325
三芝區,車埕,,1174,三芝區,北新庄子,田心子,325-1
三芝區,車埕,,1175,三芝區,北新庄子,田心子,325-2
三芝區,車埕,,1176,三芝區,北新庄子,田心子,325-3
三芝區,車埕,,1177,三芝區,北新庄子,田心子,325-4
三芝區,車埕,,1178,三芝區,北新庄子,田心子,326
三芝區,車埕,,1179,三芝區,北新庄子,田心子,327
三芝區,車埕,,118,三芝區,北新庄子,店子,215-1
三芝區,車埕,,1180,三芝區,北新庄子,田心子,328
三芝區,車埕,,1181,三芝區,北新庄子,田心子,330
三芝區,車埕,,1182,三芝區,北新庄子,田心子,331
三芝區,車埕,,1183,三芝區,北新庄子,田心子,332
三芝區,車埕,,1184,三芝區,北新庄子,田心子,333
三芝區,車埕,,1185,三芝區,北新庄子,田心子,334
三芝區,車埕,,1186,三芝區,北新庄子,田心子,335
三芝區,車埕,,1187,三芝區,北新庄子,田心子,337
三芝區,車埕,,1188,三芝區,北新庄子,田心子,338
三芝區,車埕,,1189,三芝區,北新庄子,田心子,338-1
三芝區,車埕,,119,三芝區,北新庄子,店子,216
三芝區,車埕,,1190,三芝區,北新庄子,田心子,339
三芝區,車埕,,1191,三芝區,北新庄子,田心子,342
三芝區,車埕,,1192,三芝區,北新庄子,田心子,343
三芝區,車埕,,1193,三芝區,北新庄子,田心子,343-1
三芝區,車埕,,1194,三芝區,北新庄子,田心子,343-2
三芝區,車埕,,1195,三芝區,北新庄子,田心子,343-8
三芝區,車埕,,1196,三芝區,北新庄子,田心子,344
三芝區,車埕,,1197,三芝區,北新庄子,田心子,345
三芝區,車埕,,1198,三芝區,北新庄子,田心子,345-1
三芝區,車埕,,1199,三芝區,北新庄子,田心子,345-3
三芝區,車埕,,12,三芝區,北新庄子,店子,173-5
三芝區,車埕,,120,三芝區,北新庄子,店子,216-1
三芝區,車埕,,1200,三芝區,北新庄子,田心子,347
三芝區,車埕,,1201,三芝區,北新庄子,田心子,348
三芝區,車埕,,1202,三芝區,北新庄子,田心子,349
三芝區,車埕,,1203,三芝區,北新庄子,田心子,349-1
三芝區,車埕,,1204,三芝區,北新庄子,田心子,349-2
三芝區,車埕,,1205,三芝區,北新庄子,田心子,349-3
三芝區,車埕,,1206,三芝區,北新庄子,田心子,349-4
三芝區,車埕,,1207,三芝區,北新庄子,田心子,349-5
三芝區,車埕,,1208,三芝區,北新庄子,田心子,349-6
三芝區,車埕,,1209,三芝區,北新庄子,田心子,349-7
三芝區,車埕,,121,三芝區,北新庄子,店子,217
三芝區,車埕,,1210,三芝區,北新庄子,田心子,349-8
三芝區,車埕,,1211,三芝區,北新庄子,田心子,349-9
三芝區,車埕,,1212,三芝區,北新庄子,田心子,350
三芝區,車埕,,1213,三芝區,北新庄子,田心子,351
三芝區,車埕,,1214,三芝區,北新庄子,田心子,352
三芝區,車埕,,1215,三芝區,北新庄子,田心子,353
三芝區,車埕,,1216,三芝區,北新庄子,田心子,354
三芝區,車埕,,1217,三芝區,北新庄子,田心子,357
三芝區,車埕,,1218,三芝區,北新庄子,田心子,358
三芝區,車埕,,1219,三芝區,北新庄子,田心子,358-1
三芝區,車埕,,122,三芝區,北新庄子,店子,217-1
三芝區,車埕,,1220,三芝區,北新庄子,田心子,359
三芝區,車埕,,1221,三芝區,北新庄子,田心子,359-1
三芝區,車埕,,1222,三芝區,北新庄子,田心子,360
三芝區,車埕,,1223,三芝區,北新庄子,田心子,361
三芝區,車埕,,1224,三芝區,北新庄子,田心子,362
三芝區,車埕,,123,三芝區,北新庄子,店子,218
三芝區,車埕,,124,三芝區,北新庄子,店子,218-1
三芝區,車埕,,125,三芝區,北新庄子,店子,219
三芝區,車埕,,126,三芝區,北新庄子,店子,219-1
三芝區,車埕,,127,三芝區,北新庄子,店子,219-2
三芝區,車埕,,128,三芝區,北新庄子,店子,220
三芝區,車埕,,129,三芝區,北新庄子,店子,220-1
三芝區,車埕,,13,三芝區,北新庄子,店子,173-6
三芝區,車埕,,130,三芝區,北新庄子,店子,221
三芝區,車埕,,131,三芝區,北新庄子,店子,222
三芝區,車埕,,132,三芝區,北新庄子,店子,222-1
三芝區,車埕,,133,三芝區,北新庄子,店子,223
三芝區,車埕,,134,三芝區,北新庄子,店子,223-1
三芝區,車埕,,135,三芝區,北新庄子,店子,224
三芝區,車埕,,136,三芝區,北新庄子,店子,224-1
三芝區,車埕,,137,三芝區,北新庄子,店子,224-2
三芝區,車埕,,138,三芝區,北新庄子,店子,224-3
三芝區,車埕,,139,三芝區,北新庄子,店子,225
三芝區,車埕,,14,三芝區,北新庄子,店子,173-7
三芝區,車埕,,140,三芝區,北新庄子,店子,225-1
三芝區,車埕,,141,三芝區,北新庄子,店子,225-2
三芝區,車埕,,142,三芝區,北新庄子,店子,226
三芝區,車埕,,143,三芝區,北新庄子,店子,227
三芝區,車埕,,144,三芝區,北新庄子,店子,227-1
三芝區,車埕,,145,三芝區,北新庄子,店子,227-2
三芝區,車埕,,146,三芝區,北新庄子,店子,227-3
三芝區,車埕,,147,三芝區,北新庄子,店子,227-4
三芝區,車埕,,148,三芝區,北新庄子,店子,227-5
三芝區,車埕,,149,三芝區,北新庄子,店子,227-6
三芝區,車埕,,15,三芝區,北新庄子,店子,173-8
三芝區,車埕,,150,三芝區,北新庄子,店子,228
三芝區,車埕,,151,三芝區,北新庄子,店子,229
三芝區,車埕,,152,三芝區,北新庄子,店子,231
三芝區,車埕,,153,三芝區,北新庄子,店子,234
三芝區,車埕,,154,三芝區,北新庄子,店子,235
三芝區,車埕,,155,三芝區,北新庄子,店子,236
三芝區,車埕,,156,三芝區,北新庄子,店子,237
三芝區,車埕,,157,三芝區,北新庄子,店子,238
三芝區,車埕,,158,三芝區,北新庄子,店子,239
三芝區,車埕,,159,三芝區,北新庄子,店子,240
三芝區,車埕,,16,三芝區,北新庄子,店子,174
三芝區,車埕,,160,三芝區,北新庄子,店子,241
三芝區,車埕,,161,三芝區,北新庄子,店子,242
三芝區,車埕,,162,三芝區,北新庄子,店子,243
三芝區,車埕,,163,三芝區,北新庄子,店子,245
三芝區,車埕,,164,三芝區,北新庄子,店子,246
三芝區,車埕,,165,三芝區,北新庄子,店子,246-1
三芝區,車埕,,166,三芝區,北新庄子,店子,248
三芝區,車埕,,167,三芝區,北新庄子,店子,249
三芝區,車埕,,168,三芝區,北新庄子,店子,250
三芝區,車埕,,169,三芝區,北新庄子,店子,250-1
三芝區,車埕,,17,三芝區,北新庄子,店子,174-1
三芝區,車埕,,170,三芝區,北新庄子,店子,251
三芝區,車埕,,171,三芝區,北新庄子,店子,252
三芝區,車埕,,172,三芝區,北新庄子,店子,252-1
三芝區,車埕,,173,三芝區,北新庄子,店子,253
三芝區,車埕,,174,三芝區,北新庄子,店子,254
三芝區,車埕,,175,三芝區,北新庄子,店子,256
三芝區,車埕,,176,三芝區,北新庄子,店子,257
三芝區,車埕,,177,三芝區,北新庄子,店子,258
三芝區,車埕,,178,三芝區,北新庄子,店子,259
三芝區,車埕,,179,三芝區,北新庄子,店子,260
三芝區,車埕,,18,三芝區,北新庄子,店子,174-2
三芝區,車埕,,180,三芝區,北新庄子,店子,261
三芝區,車埕,,181,三芝區,北新庄子,店子,262
三芝區,車埕,,182,三芝區,北新庄子,店子,264
三芝區,車埕,,183,三芝區,北新庄子,店子,264-1
三芝區,車埕,,184,三芝區,北新庄子,店子,265
三芝區,車埕,,185,三芝區,北新庄子,店子,266
三芝區,車埕,,186,三芝區,北新庄子,店子,267
三芝區,車埕,,187,三芝區,北新庄子,店子,268
三芝區,車埕,,188,三芝區,北新庄子,店子,268-1
三芝區,車埕,,189,三芝區,北新庄子,店子,268-2
三芝區,車埕,,19,三芝區,北新庄子,店子,174-3
三芝區,車埕,,190,三芝區,北新庄子,店子,268-3
三芝區,車埕,,191,三芝區,北新庄子,店子,268-4
三芝區,車埕,,192,三芝區,北新庄子,店子,268-5
三芝區,車埕,,193,三芝區,北新庄子,店子,269
三芝區,車埕,,194,三芝區,北新庄子,店子,269-2
三芝區,車埕,,195,三芝區,北新庄子,店子,269-3
三芝區,車埕,,196,三芝區,北新庄子,店子,269-4
三芝區,車埕,,197,三芝區,北新庄子,店子,270
三芝區,車埕,,198,三芝區,北新庄子,店子,270-3
三芝區,車埕,,199,三芝區,北新庄子,店子,272
三芝區,車埕,,2,三芝區,北新庄子,店子,171-1
三芝區,車埕,,20,三芝區,北新庄子,店子,174-4
三芝區,車埕,,200,三芝區,北新庄子,店子,272-1
三芝區,車埕,,201,三芝區,北新庄子,店子,272-2
三芝區,車埕,,202,三芝區,北新庄子,店子,272-3
三芝區,車埕,,203,三芝區,北新庄子,店子,272-4
三芝區,車埕,,204,三芝區,北新庄子,店子,272-5
三芝區,車埕,,205,三芝區,北新庄子,店子,273
三芝區,車埕,,206,三芝區,北新庄子,店子,273-1
三芝區,車埕,,207,三芝區,北新庄子,店子,275
三芝區,車埕,,208,三芝區,北新庄子,店子,276
三芝區,車埕,,209,三芝區,北新庄子,店子,276-1
三芝區,車埕,,21,三芝區,北新庄子,店子,174-5
三芝區,車埕,,210,三芝區,北新庄子,店子,276-2
三芝區,車埕,,211,三芝區,北新庄子,店子,276-3
三芝區,車埕,,212,三芝區,北新庄子,店子,276-4
三芝區,車埕,,213,三芝區,北新庄子,店子,277
三芝區,車埕,,214,三芝區,北新庄子,店子,277-1
三芝區,車埕,,215,三芝區,北新庄子,店子,279-1
三芝區,車埕,,216,三芝區,北新庄子,店子,280
三芝區,車埕,,217,三芝區,北新庄子,店子,280-1
三芝區,車埕,,218,三芝區,北新庄子,店子,281
三芝區,車埕,,219,三芝區,北新庄子,店子,281-1
三芝區,車埕,,22,三芝區,北新庄子,店子,175
三芝區,車埕,,220,三芝區,北新庄子,店子,282
三芝區,車埕,,221,三芝區,北新庄子,店子,282-1
三芝區,車埕,,222,三芝區,北新庄子,店子,282-2
三芝區,車埕,,223,三芝區,北新庄子,店子,282-3
三芝區,車埕,,224,三芝區,北新庄子,店子,282-4
三芝區,車埕,,225,三芝區,北新庄子,店子,282-5
三芝區,車埕,,226,三芝區,北新庄子,店子,282-6
三芝區,車埕,,227,三芝區,北新庄子,店子,283
三芝區,車埕,,228,三芝區,北新庄子,店子,283-1
三芝區,車埕,,229,三芝區,北新庄子,店子,283-2
三芝區,車埕,,23,三芝區,北新庄子,店子,175-1
三芝區,車埕,,230,三芝區,北新庄子,店子,284
三芝區,車埕,,231,三芝區,北新庄子,車埕,1
三芝區,車埕,,232,三芝區,北新庄子,車埕,3
三芝區,車埕,,233,三芝區,北新庄子,車埕,3-3
三芝區,車埕,,234,三芝區,北新庄子,車埕,4
三芝區,車埕,,235,三芝區,北新庄子,車埕,5
三芝區,車埕,,236,三芝區,北新庄子,車埕,5-1
三芝區,車埕,,237,三芝區,北新庄子,車埕,5-2
三芝區,車埕,,238,三芝區,北新庄子,車埕,5-3
三芝區,車埕,,239,三芝區,北新庄子,車埕,5-4
三芝區,車埕,,24,三芝區,北新庄子,店子,175-2
三芝區,車埕,,240,三芝區,北新庄子,車埕,6
三芝區,車埕,,241,三芝區,北新庄子,車埕,8-1
三芝區,車埕,,242,三芝區,北新庄子,車埕,9
三芝區,車埕,,243,三芝區,北新庄子,車埕,9-1
三芝區,車埕,,244,三芝區,北新庄子,車埕,9-2
三芝區,車埕,,245,三芝區,北新庄子,車埕,10
三芝區,車埕,,246,三芝區,北新庄子,車埕,10-1
三芝區,車埕,,247,三芝區,北新庄子,車埕,12
三芝區,車埕,,248,三芝區,北新庄子,車埕,12-2
三芝區,車埕,,249,三芝區,北新庄子,車埕,12-4
三芝區,車埕,,25,三芝區,北新庄子,店子,175-3
三芝區,車埕,,250,三芝區,北新庄子,車埕,12-5
三芝區,車埕,,251,三芝區,北新庄子,車埕,13
三芝區,車埕,,252,三芝區,北新庄子,車埕,13-2
三芝區,車埕,,253,三芝區,北新庄子,車埕,16
三芝區,車埕,,254,三芝區,北新庄子,車埕,16-2
三芝區,車埕,,255,三芝區,北新庄子,車埕,17
三芝區,車埕,,256,三芝區,北新庄子,車埕,17-1
三芝區,車埕,,257,三芝區,北新庄子,車埕,18
三芝區,車埕,,258,三芝區,北新庄子,車埕,18-1
三芝區,車埕,,259,三芝區,北新庄子,車埕,19
三芝區,車埕,,26,三芝區,北新庄子,店子,175-4
三芝區,車埕,,260,三芝區,北新庄子,車埕,19-1
三芝區,車埕,,261,三芝區,北新庄子,車埕,20
三芝區,車埕,,262,三芝區,北新庄子,車埕,21
三芝區,車埕,,263,三芝區,北新庄子,車埕,23
三芝區,車埕,,264,三芝區,北新庄子,車埕,24
三芝區,車埕,,265,三芝區,北新庄子,車埕,26
三芝區,車埕,,266,三芝區,北新庄子,車埕,30
三芝區,車埕,,267,三芝區,北新庄子,車埕,31
三芝區,車埕,,268,三芝區,北新庄子,車埕,31-1
三芝區,車埕,,269,三芝區,北新庄子,車埕,32
三芝區,車埕,,27,三芝區,北新庄子,店子,175-5
三芝區,車埕,,270,三芝區,北新庄子,車埕,33
三芝區,車埕,,271,三芝區,北新庄子,車埕,36
三芝區,車埕,,272,三芝區,北新庄子,車埕,37
三芝區,車埕,,273,三芝區,北新庄子,車埕,38
三芝區,車埕,,274,三芝區,北新庄子,車埕,39
三芝區,車埕,,275,三芝區,北新庄子,車埕,41
三芝區,車埕,,276,三芝區,北新庄子,車埕,42
三芝區,車埕,,277,三芝區,北新庄子,車埕,43
三芝區,車埕,,278,三芝區,北新庄子,車埕,44
三芝區,車埕,,279,三芝區,北新庄子,車埕,45
三芝區,車埕,,28,三芝區,北新庄子,店子,176
三芝區,車埕,,280,三芝區,北新庄子,車埕,46
三芝區,車埕,,281,三芝區,北新庄子,車埕,46-1
三芝區,車埕,,282,三芝區,北新庄子,車埕,48
三芝區,車埕,,283,三芝區,北新庄子,車埕,50
三芝區,車埕,,284,三芝區,北新庄子,車埕,51
三芝區,車埕,,285,三芝區,北新庄子,車埕,53
三芝區,車埕,,286,三芝區,北新庄子,車埕,54
三芝區,車埕,,287,三芝區,北新庄子,車埕,55
三芝區,車埕,,288,三芝區,北新庄子,車埕,56
三芝區,車埕,,289,三芝區,北新庄子,車埕,57
三芝區,車埕,,29,三芝區,北新庄子,店子,177
三芝區,車埕,,290,三芝區,北新庄子,車埕,57-1
三芝區,車埕,,291,三芝區,北新庄子,車埕,58
三芝區,車埕,,292,三芝區,北新庄子,車埕,58-1
三芝區,車埕,,293,三芝區,北新庄子,車埕,58-2
三芝區,車埕,,294,三芝區,北新庄子,車埕,58-3
三芝區,車埕,,295,三芝區,北新庄子,車埕,58-4
三芝區,車埕,,296,三芝區,北新庄子,車埕,59-1
三芝區,車埕,,297,三芝區,北新庄子,車埕,60
三芝區,車埕,,298,三芝區,北新庄子,車埕,61
三芝區,車埕,,299,三芝區,北新庄子,車埕,61-1
三芝區,車埕,,3,三芝區,北新庄子,店子,171-2
三芝區,車埕,,30,三芝區,北新庄子,店子,178
三芝區,車埕,,300,三芝區,北新庄子,車埕,61-2
三芝區,車埕,,301,三芝區,北新庄子,車埕,62
三芝區,車埕,,302,三芝區,北新庄子,車埕,63
三芝區,車埕,,303,三芝區,北新庄子,車埕,63-1
三芝區,車埕,,304,三芝區,北新庄子,車埕,63-2
三芝區,車埕,,305,三芝區,北新庄子,車埕,65
三芝區,車埕,,306,三芝區,北新庄子,車埕,66
三芝區,車埕,,307,三芝區,北新庄子,車埕,67
三芝區,車埕,,308,三芝區,北新庄子,車埕,68
三芝區,車埕,,309,三芝區,北新庄子,車埕,69
三芝區,車埕,,31,三芝區,北新庄子,店子,178-1
三芝區,車埕,,310,三芝區,北新庄子,車埕,72
三芝區,車埕,,311,三芝區,北新庄子,車埕,73
三芝區,車埕,,312,三芝區,北新庄子,車埕,77
三芝區,車埕,,313,三芝區,北新庄子,車埕,78
三芝區,車埕,,314,三芝區,北新庄子,車埕,78-1
三芝區,車埕,,315,三芝區,北新庄子,車埕,81
三芝區,車埕,,316,三芝區,北新庄子,車埕,82
三芝區,車埕,,317,三芝區,北新庄子,車埕,84
三芝區,車埕,,318,三芝區,北新庄子,車埕,84-1
三芝區,車埕,,319,三芝區,北新庄子,車埕,85
三芝區,車埕,,32,三芝區,北新庄子,店子,178-2
三芝區,車埕,,320,三芝區,北新庄子,車埕,87
三芝區,車埕,,321,三芝區,北新庄子,車埕,88
三芝區,車埕,,322,三芝區,北新庄子,車埕,89
三芝區,車埕,,323,三芝區,北新庄子,車埕,90
三芝區,車埕,,324,三芝區,北新庄子,車埕,90-1
三芝區,車埕,,325,三芝區,北新庄子,車埕,90-2
三芝區,車埕,,326,三芝區,北新庄子,車埕,90-3
三芝區,車埕,,327,三芝區,北新庄子,車埕,91
三芝區,車埕,,328,三芝區,北新庄子,車埕,92-1
三芝區,車埕,,329,三芝區,北新庄子,車埕,92-2
三芝區,車埕,,33,三芝區,北新庄子,店子,178-3
三芝區,車埕,,330,三芝區,北新庄子,車埕,93
三芝區,車埕,,331,三芝區,北新庄子,車埕,94
三芝區,車埕,,332,三芝區,北新庄子,車埕,95
三芝區,車埕,,333,三芝區,北新庄子,車埕,96
三芝區,車埕,,334,三芝區,北新庄子,車埕,97
三芝區,車埕,,335,三芝區,北新庄子,車埕,98-1
三芝區,車埕,,336,三芝區,北新庄子,車埕,98-2
三芝區,車埕,,337,三芝區,北新庄子,車埕,98-3
三芝區,車埕,,338,三芝區,北新庄子,車埕,99
三芝區,車埕,,339,三芝區,北新庄子,車埕,100
三芝區,車埕,,34,三芝區,北新庄子,店子,178-4
三芝區,車埕,,340,三芝區,北新庄子,車埕,100-1
三芝區,車埕,,341,三芝區,北新庄子,車埕,101-1
三芝區,車埕,,342,三芝區,北新庄子,車埕,101-2
三芝區,車埕,,343,三芝區,北新庄子,車埕,101-3
三芝區,車埕,,344,三芝區,北新庄子,車埕,102-1
三芝區,車埕,,345,三芝區,北新庄子,車埕,102-2
三芝區,車埕,,346,三芝區,北新庄子,車埕,103-2
三芝區,車埕,,347,三芝區,北新庄子,車埕,104
三芝區,車埕,,348,三芝區,北新庄子,車埕,104-1
三芝區,車埕,,349,三芝區,北新庄子,車埕,105
三芝區,車埕,,35,三芝區,北新庄子,店子,178-5
三芝區,車埕,,350,三芝區,北新庄子,車埕,106
三芝區,車埕,,351,三芝區,北新庄子,車埕,107
三芝區,車埕,,352,三芝區,北新庄子,車埕,108
三芝區,車埕,,353,三芝區,北新庄子,車埕,109
三芝區,車埕,,354,三芝區,北新庄子,車埕,109-1
三芝區,車埕,,355,三芝區,北新庄子,車埕,111
三芝區,車埕,,356,三芝區,北新庄子,車埕,111-1
三芝區,車埕,,357,三芝區,北新庄子,車埕,111-2
三芝區,車埕,,358,三芝區,北新庄子,車埕,111-3
三芝區,車埕,,359,三芝區,北新庄子,車埕,112-1
三芝區,車埕,,36,三芝區,北新庄子,店子,178-6
三芝區,車埕,,360,三芝區,北新庄子,車埕,112-2
三芝區,車埕,,361,三芝區,北新庄子,車埕,113
三芝區,車埕,,362,三芝區,北新庄子,車埕,113-1
三芝區,車埕,,363,三芝區,北新庄子,車埕,113-2
三芝區,車埕,,364,三芝區,北新庄子,車埕,113-3
三芝區,車埕,,365,三芝區,北新庄子,車埕,114
三芝區,車埕,,366,三芝區,北新庄子,車埕,116
三芝區,車埕,,367,三芝區,北新庄子,車埕,117
三芝區,車埕,,368,三芝區,北新庄子,車埕,118-1
三芝區,車埕,,369,三芝區,北新庄子,車埕,118-2
三芝區,車埕,,37,三芝區,北新庄子,店子,178-7
三芝區,車埕,,370,三芝區,北新庄子,車埕,119
三芝區,車埕,,371,三芝區,北新庄子,車埕,121
三芝區,車埕,,372,三芝區,北新庄子,車埕,123
三芝區,車埕,,373,三芝區,北新庄子,車埕,124
三芝區,車埕,,374,三芝區,北新庄子,車埕,125
三芝區,車埕,,375,三芝區,北新庄子,車埕,126
三芝區,車埕,,376,三芝區,北新庄子,車埕,127
三芝區,車埕,,377,三芝區,北新庄子,車埕,128
三芝區,車埕,,378,三芝區,北新庄子,車埕,129
三芝區,車埕,,379,三芝區,北新庄子,車埕,130
三芝區,車埕,,38,三芝區,北新庄子,店子,178-8
三芝區,車埕,,380,三芝區,北新庄子,車埕,130-1
三芝區,車埕,,381,三芝區,北新庄子,車埕,131
三芝區,車埕,,382,三芝區,北新庄子,車埕,132
三芝區,車埕,,383,三芝區,北新庄子,車埕,133
三芝區,車埕,,384,三芝區,北新庄子,車埕,135-1
三芝區,車埕,,385,三芝區,北新庄子,車埕,135-2
三芝區,車埕,,386,三芝區,北新庄子,車埕,135-3
三芝區,車埕,,387,三芝區,北新庄子,車埕,136
三芝區,車埕,,388,三芝區,北新庄子,車埕,137
三芝區,車埕,,389,三芝區,北新庄子,車埕,137-1
三芝區,車埕,,39,三芝區,北新庄子,店子,178-9
三芝區,車埕,,390,三芝區,北新庄子,車埕,137-2
三芝區,車埕,,391,三芝區,北新庄子,車埕,137-3
三芝區,車埕,,392,三芝區,北新庄子,車埕,138
三芝區,車埕,,393,三芝區,北新庄子,車埕,138-1
三芝區,車埕,,394,三芝區,北新庄子,車埕,139
三芝區,車埕,,395,三芝區,北新庄子,車埕,140
三芝區,車埕,,396,三芝區,北新庄子,車埕,141
三芝區,車埕,,397,三芝區,北新庄子,車埕,142
三芝區,車埕,,398,三芝區,北新庄子,車埕,143
三芝區,車埕,,399,三芝區,北新庄子,車埕,144
三芝區,車埕,,4,三芝區,北新庄子,店子,171-3
三芝區,車埕,,40,三芝區,北新庄子,店子,178-10
三芝區,車埕,,400,三芝區,北新庄子,車埕,144-1
三芝區,車埕,,401,三芝區,北新庄子,車埕,145
三芝區,車埕,,402,三芝區,北新庄子,車埕,146
三芝區,車埕,,403,三芝區,北新庄子,車埕,147
三芝區,車埕,,404,三芝區,北新庄子,車埕,147-1
三芝區,車埕,,405,三芝區,北新庄子,車埕,147-2
三芝區,車埕,,406,三芝區,北新庄子,車埕,148
三芝區,車埕,,407,三芝區,北新庄子,車埕,149
三芝區,車埕,,408,三芝區,北新庄子,車埕,150
三芝區,車埕,,409,三芝區,北新庄子,車埕,151
三芝區,車埕,,41,三芝區,北新庄子,店子,178-11
三芝區,車埕,,410,三芝區,北新庄子,車埕,151-1
三芝區,車埕,,411,三芝區,北新庄子,車埕,151-2
三芝區,車埕,,412,三芝區,北新庄子,車埕,151-3
三芝區,車埕,,413,三芝區,北新庄子,車埕,151-4
三芝區,車埕,,414,三芝區,北新庄子,車埕,152
三芝區,車埕,,415,三芝區,北新庄子,車埕,154
三芝區,車埕,,416,三芝區,北新庄子,車埕,155
三芝區,車埕,,417,三芝區,北新庄子,車埕,156
三芝區,車埕,,418,三芝區,北新庄子,車埕,156-2
三芝區,車埕,,419,三芝區,北新庄子,車埕,156-3
三芝區,車埕,,42,三芝區,北新庄子,店子,178-12
三芝區,車埕,,420,三芝區,北新庄子,車埕,156-4
三芝區,車埕,,421,三芝區,北新庄子,車埕,156-5
三芝區,車埕,,422,三芝區,北新庄子,車埕,157
三芝區,車埕,,423,三芝區,北新庄子,車埕,158
三芝區,車埕,,424,三芝區,北新庄子,車埕,160
三芝區,車埕,,425,三芝區,北新庄子,車埕,161
三芝區,車埕,,426,三芝區,北新庄子,車埕,162
三芝區,車埕,,427,三芝區,北新庄子,車埕,163
三芝區,車埕,,428,三芝區,北新庄子,車埕,164
三芝區,車埕,,429,三芝區,北新庄子,車埕,164-1
三芝區,車埕,,43,三芝區,北新庄子,店子,179
三芝區,車埕,,430,三芝區,北新庄子,車埕,164-2
三芝區,車埕,,431,三芝區,北新庄子,車埕,164-3
三芝區,車埕,,432,三芝區,北新庄子,車埕,165
三芝區,車埕,,433,三芝區,北新庄子,車埕,166
三芝區,車埕,,434,三芝區,北新庄子,車埕,167
三芝區,車埕,,435,三芝區,北新庄子,車埕,168
三芝區,車埕,,436,三芝區,北新庄子,車埕,168-1
三芝區,車埕,,437,三芝區,北新庄子,車埕,168-2
三芝區,車埕,,438,三芝區,北新庄子,車埕,169
三芝區,車埕,,439,三芝區,北新庄子,車埕,169-1
三芝區,車埕,,44,三芝區,北新庄子,店子,179-1
三芝區,車埕,,440,三芝區,北新庄子,車埕,169-2
三芝區,車埕,,441,三芝區,北新庄子,車埕,169-3
三芝區,車埕,,442,三芝區,北新庄子,車埕,170
三芝區,車埕,,443,三芝區,北新庄子,車埕,171
三芝區,車埕,,444,三芝區,北新庄子,車埕,171-1
三芝區,車埕,,445,三芝區,北新庄子,車埕,172
三芝區,車埕,,446,三芝區,北新庄子,車埕,172-1
三芝區,車埕,,447,三芝區,北新庄子,車埕,173
三芝區,車埕,,448,三芝區,北新庄子,車埕,174
三芝區,車埕,,449,三芝區,北新庄子,車埕,175
三芝區,車埕,,45,三芝區,北新庄子,店子,179-2
三芝區,車埕,,450,三芝區,北新庄子,車埕,175-1
三芝區,車埕,,451,三芝區,北新庄子,車埕,175-2
三芝區,車埕,,452,三芝區,北新庄子,車埕,175-4
三芝區,車埕,,453,三芝區,北新庄子,車埕,175-5
三芝區,車埕,,454,三芝區,北新庄子,車埕,175-6
三芝區,車埕,,455,三芝區,北新庄子,車埕,175-7
三芝區,車埕,,456,三芝區,北新庄子,車埕,175-9
三芝區,車埕,,457,三芝區,北新庄子,車埕,175-11
三芝區,車埕,,458,三芝區,北新庄子,車埕,175-12
三芝區,車埕,,459,三芝區,北新庄子,車埕,175-13
三芝區,車埕,,46,三芝區,北新庄子,店子,179-3
三芝區,車埕,,460,三芝區,北新庄子,車埕,175-14
三芝區,車埕,,461,三芝區,北新庄子,車埕,176
三芝區,車埕,,462,三芝區,北新庄子,車埕,176-1
三芝區,車埕,,463,三芝區,北新庄子,車埕,176-2
三芝區,車埕,,464,三芝區,北新庄子,車埕,177
三芝區,車埕,,465,三芝區,北新庄子,車埕,178
三芝區,車埕,,466,三芝區,北新庄子,車埕,178-1
三芝區,車埕,,467,三芝區,北新庄子,車埕,179
三芝區,車埕,,468,三芝區,北新庄子,車埕,179-1
三芝區,車埕,,469,三芝區,北新庄子,車埕,179-2
三芝區,車埕,,47,三芝區,北新庄子,店子,179-4
三芝區,車埕,,470,三芝區,北新庄子,車埕,179-3
三芝區,車埕,,471,三芝區,北新庄子,車埕,180
三芝區,車埕,,472,三芝區,北新庄子,車埕,181
三芝區,車埕,,473,三芝區,北新庄子,車埕,181-1
三芝區,車埕,,474,三芝區,北新庄子,車埕,182
三芝區,車埕,,475,三芝區,北新庄子,車埕,182-1
三芝區,車埕,,476,三芝區,北新庄子,車埕,182-3
三芝區,車埕,,477,三芝區,北新庄子,車埕,183
三芝區,車埕,,478,三芝區,北新庄子,車埕,183-1
三芝區,車埕,,479,三芝區,北新庄子,車埕,183-2
三芝區,車埕,,48,三芝區,北新庄子,店子,179-5
三芝區,車埕,,480,三芝區,北新庄子,車埕,183-3
三芝區,車埕,,481,三芝區,北新庄子,車埕,183-4
三芝區,車埕,,482,三芝區,北新庄子,車埕,183-5
三芝區,車埕,,483,三芝區,北新庄子,車埕,183-6
三芝區,車埕,,484,三芝區,北新庄子,車埕,183-7
三芝區,車埕,,485,三芝區,北新庄子,車埕,183-8
三芝區,車埕,,486,三芝區,北新庄子,車埕,184
三芝區,車埕,,487,三芝區,北新庄子,車埕,184-1
三芝區,車埕,,488,三芝區,北新庄子,車埕,185
三芝區,車埕,,489,三芝區,北新庄子,車埕,187
三芝區,車埕,,49,三芝區,北新庄子,店子,179-6
三芝區,車埕,,490,三芝區,北新庄子,車埕,187-1
三芝區,車埕,,491,三芝區,北新庄子,車埕,187-2
三芝區,車埕,,492,三芝區,北新庄子,車埕,187-3
三芝區,車埕,,493,三芝區,北新庄子,車埕,188
三芝區,車埕,,494,三芝區,北新庄子,車埕,189
三芝區,車埕,,495,三芝區,北新庄子,車埕,190
三芝區,車埕,,496,三芝區,北新庄子,車埕,191
三芝區,車埕,,497,三芝區,北新庄子,車埕,191-1
三芝區,車埕,,498,三芝區,北新庄子,車埕,191-2
三芝區,車埕,,499,三芝區,北新庄子,車埕,192
三芝區,車埕,,5,三芝區,北新庄子,店子,171-4
三芝區,車埕,,50,三芝區,北新庄子,店子,180
三芝區,車埕,,500,三芝區,北新庄子,車埕,193
三芝區,車埕,,501,三芝區,北新庄子,車埕,193-1
三芝區,車埕,,502,三芝區,北新庄子,車埕,193-3
三芝區,車埕,,503,三芝區,北新庄子,車埕,193-4
三芝區,車埕,,504,三芝區,北新庄子,車埕,193-5
三芝區,車埕,,505,三芝區,北新庄子,車埕,194
三芝區,車埕,,506,三芝區,北新庄子,車埕,194-1
三芝區,車埕,,507,三芝區,北新庄子,車埕,195
三芝區,車埕,,508,三芝區,北新庄子,車埕,196
三芝區,車埕,,509,三芝區,北新庄子,車埕,196-1
三芝區,車埕,,51,三芝區,北新庄子,店子,181
三芝區,車埕,,510,三芝區,北新庄子,車埕,196-2
三芝區,車埕,,511,三芝區,北新庄子,車埕,196-3
三芝區,車埕,,512,三芝區,北新庄子,車埕,198
三芝區,車埕,,513,三芝區,北新庄子,車埕,199
三芝區,車埕,,514,三芝區,北新庄子,車埕,199-1
三芝區,車埕,,515,三芝區,北新庄子,車埕,201
三芝區,車埕,,516,三芝區,北新庄子,車埕,202
三芝區,車埕,,517,三芝區,北新庄子,車埕,202-1
三芝區,車埕,,518,三芝區,北新庄子,車埕,202-2
三芝區,車埕,,519,三芝區,北新庄子,車埕,202-3
三芝區,車埕,,52,三芝區,北新庄子,店子,183
三芝區,車埕,,520,三芝區,北新庄子,車埕,202-4
三芝區,車埕,,521,三芝區,北新庄子,車埕,202-5
三芝區,車埕,,522,三芝區,北新庄子,車埕,203
三芝區,車埕,,523,三芝區,北新庄子,車埕,204
三芝區,車埕,,524,三芝區,北新庄子,車埕,205
三芝區,車埕,,525,三芝區,北新庄子,車埕,205-4
三芝區,車埕,,526,三芝區,北新庄子,車埕,205-5
三芝區,車埕,,527,三芝區,北新庄子,車埕,205-6
三芝區,車埕,,528,三芝區,北新庄子,車埕,207
三芝區,車埕,,529,三芝區,北新庄子,車埕,207-1
三芝區,車埕,,53,三芝區,北新庄子,店子,183-1
三芝區,車埕,,530,三芝區,北新庄子,車埕,211
三芝區,車埕,,531,三芝區,北新庄子,車埕,213
三芝區,車埕,,532,三芝區,北新庄子,車埕,213-1
三芝區,車埕,,533,三芝區,北新庄子,車埕,214
三芝區,車埕,,534,三芝區,北新庄子,車埕,215
三芝區,車埕,,535,三芝區,北新庄子,車埕,216
三芝區,車埕,,536,三芝區,北新庄子,車埕,219
三芝區,車埕,,537,三芝區,北新庄子,車埕,220
三芝區,車埕,,538,三芝區,北新庄子,車埕,221
三芝區,車埕,,539,三芝區,北新庄子,車埕,222
三芝區,車埕,,54,三芝區,北新庄子,店子,184
三芝區,車埕,,540,三芝區,北新庄子,車埕,223
三芝區,車埕,,541,三芝區,北新庄子,車埕,224
三芝區,車埕,,542,三芝區,北新庄子,車埕,225
三芝區,車埕,,543,三芝區,北新庄子,車埕,225-1
三芝區,車埕,,544,三芝區,北新庄子,車埕,226
三芝區,車埕,,545,三芝區,北新庄子,車埕,227
三芝區,車埕,,546,三芝區,北新庄子,車埕,228
三芝區,車埕,,547,三芝區,北新庄子,車埕,228-1
三芝區,車埕,,548,三芝區,北新庄子,車埕,229
三芝區,車埕,,549,三芝區,北新庄子,車埕,230
三芝區,車埕,,55,三芝區,北新庄子,店子,185
三芝區,車埕,,550,三芝區,北新庄子,車埕,231
三芝區,車埕,,551,三芝區,北新庄子,車埕,231-1
三芝區,車埕,,552,三芝區,北新庄子,車埕,232
三芝區,車埕,,553,三芝區,北新庄子,車埕,233
三芝區,車埕,,554,三芝區,北新庄子,車埕,235
三芝區,車埕,,555,三芝區,北新庄子,車埕,236
三芝區,車埕,,556,三芝區,北新庄子,車埕,236-1
三芝區,車埕,,557,三芝區,北新庄子,車埕,236-2
三芝區,車埕,,558,三芝區,北新庄子,車埕,237
三芝區,車埕,,559,三芝區,北新庄子,車埕,239
三芝區,車埕,,56,三芝區,北新庄子,店子,186
三芝區,車埕,,560,三芝區,北新庄子,車埕,240
三芝區,車埕,,561,三芝區,北新庄子,車埕,240-1
三芝區,車埕,,562,三芝區,北新庄子,車埕,241
三芝區,車埕,,563,三芝區,北新庄子,車埕,242
三芝區,車埕,,564,三芝區,北新庄子,車埕,243
三芝區,車埕,,565,三芝區,北新庄子,車埕,244
三芝區,車埕,,566,三芝區,北新庄子,車埕,245
三芝區,車埕,,567,三芝區,北新庄子,車埕,246
三芝區,車埕,,568,三芝區,北新庄子,車埕,247
三芝區,車埕,,569,三芝區,北新庄子,車埕,249
三芝區,車埕,,57,三芝區,北新庄子,店子,186-1
三芝區,車埕,,570,三芝區,北新庄子,車埕,250
三芝區,車埕,,571,三芝區,北新庄子,車埕,254
三芝區,車埕,,572,三芝區,北新庄子,車埕,256
三芝區,車埕,,573,三芝區,北新庄子,車埕,257
三芝區,車埕,,574,三芝區,北新庄子,車埕,258
三芝區,車埕,,575,三芝區,北新庄子,車埕,259
三芝區,車埕,,576,三芝區,北新庄子,車埕,259-1
三芝區,車埕,,577,三芝區,北新庄子,車埕,259-2
三芝區,車埕,,578,三芝區,北新庄子,車埕,260
三芝區,車埕,,579,三芝區,北新庄子,車埕,261
三芝區,車埕,,58,三芝區,北新庄子,店子,187
三芝區,車埕,,580,三芝區,北新庄子,車埕,262
三芝區,車埕,,581,三芝區,北新庄子,車埕,263
三芝區,車埕,,582,三芝區,北新庄子,車埕,266
三芝區,車埕,,583,三芝區,北新庄子,車埕,267
三芝區,車埕,,584,三芝區,北新庄子,車埕,274
三芝區,車埕,,585,三芝區,北新庄子,車埕,275
三芝區,車埕,,586,三芝區,北新庄子,車埕,277
三芝區,車埕,,587,三芝區,北新庄子,車埕,278
三芝區,車埕,,588,三芝區,北新庄子,車埕,280
三芝區,車埕,,589,三芝區,北新庄子,車埕,281
三芝區,車埕,,59,三芝區,北新庄子,店子,187-1
三芝區,車埕,,590,三芝區,北新庄子,車埕,281-1
三芝區,車埕,,591,三芝區,北新庄子,車埕,282
三芝區,車埕,,592,三芝區,北新庄子,車埕,283
三芝區,車埕,,593,三芝區,北新庄子,車埕,283-1
三芝區,車埕,,594,三芝區,北新庄子,車埕,283-2
三芝區,車埕,,595,三芝區,北新庄子,車埕,285
三芝區,車埕,,596,三芝區,北新庄子,車埕,289
三芝區,車埕,,597,三芝區,北新庄子,車埕,290
三芝區,車埕,,598,三芝區,北新庄子,車埕,291
三芝區,車埕,,599,三芝區,北新庄子,車埕,291-1
三芝區,車埕,,6,三芝區,北新庄子,店子,172
三芝區,車埕,,60,三芝區,北新庄子,店子,188
三芝區,車埕,,600,三芝區,北新庄子,車埕,293
三芝區,車埕,,601,三芝區,北新庄子,車埕,294
三芝區,車埕,,602,三芝區,北新庄子,車埕,295
三芝區,車埕,,603,三芝區,北新庄子,車埕,296
三芝區,車埕,,604,三芝區,北新庄子,車埕,298
三芝區,車埕,,605,三芝區,北新庄子,車埕,299
三芝區,車埕,,606,三芝區,北新庄子,車埕,300
三芝區,車埕,,607,三芝區,北新庄子,車埕,301
三芝區,車埕,,608,三芝區,北新庄子,車埕,303
三芝區,車埕,,609,三芝區,北新庄子,車埕,304
三芝區,車埕,,61,三芝區,北新庄子,店子,189
三芝區,車埕,,610,三芝區,北新庄子,車埕,305
三芝區,車埕,,611,三芝區,北新庄子,車埕,306
三芝區,車埕,,612,三芝區,北新庄子,車埕,307
三芝區,車埕,,613,三芝區,北新庄子,車埕,308
三芝區,車埕,,614,三芝區,北新庄子,車埕,309
三芝區,車埕,,615,三芝區,北新庄子,車埕,309-1
三芝區,車埕,,616,三芝區,北新庄子,車埕,310
三芝區,車埕,,617,三芝區,北新庄子,車埕,311
三芝區,車埕,,618,三芝區,北新庄子,車埕,313
三芝區,車埕,,619,三芝區,北新庄子,車埕,314
三芝區,車埕,,62,三芝區,北新庄子,店子,190
三芝區,車埕,,620,三芝區,北新庄子,車埕,315
三芝區,車埕,,621,三芝區,北新庄子,車埕,316
三芝區,車埕,,622,三芝區,北新庄子,車埕,317
三芝區,車埕,,623,三芝區,北新庄子,車埕,318
三芝區,車埕,,624,三芝區,北新庄子,車埕,319
三芝區,車埕,,625,三芝區,北新庄子,車埕,320
三芝區,車埕,,626,三芝區,北新庄子,車埕,321
三芝區,車埕,,627,三芝區,北新庄子,車埕,322
三芝區,車埕,,628,三芝區,北新庄子,車埕,323
三芝區,車埕,,629,三芝區,北新庄子,車埕,324
三芝區,車埕,,63,三芝區,北新庄子,店子,190-1
三芝區,車埕,,630,三芝區,北新庄子,車埕,325
三芝區,車埕,,631,三芝區,北新庄子,車埕,326
三芝區,車埕,,632,三芝區,北新庄子,車埕,327
三芝區,車埕,,633,三芝區,北新庄子,車埕,328
三芝區,車埕,,634,三芝區,北新庄子,車埕,329
三芝區,車埕,,635,三芝區,北新庄子,車埕,330
三芝區,車埕,,636,三芝區,北新庄子,車埕,331
三芝區,車埕,,637,三芝區,北新庄子,車埕,332
三芝區,車埕,,638,三芝區,北新庄子,車埕,332-1
三芝區,車埕,,639,三芝區,北新庄子,車埕,334
三芝區,車埕,,64,三芝區,北新庄子,店子,191
三芝區,車埕,,640,三芝區,北新庄子,車埕,335
三芝區,車埕,,641,三芝區,北新庄子,車埕,337
三芝區,車埕,,642,三芝區,北新庄子,車埕,338
三芝區,車埕,,643,三芝區,北新庄子,車埕,339
三芝區,車埕,,644,三芝區,北新庄子,車埕,341
三芝區,車埕,,645,三芝區,北新庄子,車埕,342
三芝區,車埕,,646,三芝區,北新庄子,車埕,343
三芝區,車埕,,647,三芝區,北新庄子,車埕,344
三芝區,車埕,,648,三芝區,北新庄子,車埕,345
三芝區,車埕,,649,三芝區,北新庄子,車埕,346
三芝區,車埕,,65,三芝區,北新庄子,店子,192
三芝區,車埕,,650,三芝區,北新庄子,車埕,347
三芝區,車埕,,651,三芝區,北新庄子,車埕,348
三芝區,車埕,,652,三芝區,北新庄子,車埕,348-1
三芝區,車埕,,653,三芝區,北新庄子,車埕,348-2
三芝區,車埕,,654,三芝區,北新庄子,車埕,348-3
三芝區,車埕,,655,三芝區,北新庄子,車埕,348-4
三芝區,車埕,,656,三芝區,北新庄子,車埕,352-1
三芝區,車埕,,657,三芝區,北新庄子,車埕,353
三芝區,車埕,,658,三芝區,北新庄子,車埕,355
三芝區,車埕,,659,三芝區,北新庄子,車埕,357-1
三芝區,車埕,,66,三芝區,北新庄子,店子,192-1
三芝區,車埕,,660,三芝區,北新庄子,車埕,358
三芝區,車埕,,661,三芝區,北新庄子,車埕,359
三芝區,車埕,,662,三芝區,北新庄子,車埕,361-1
三芝區,車埕,,663,三芝區,北新庄子,車埕,363
三芝區,車埕,,664,三芝區,北新庄子,車埕,366
三芝區,車埕,,665,三芝區,北新庄子,車埕,367
三芝區,車埕,,666,三芝區,北新庄子,車埕,369
三芝區,車埕,,667,三芝區,北新庄子,車埕,370
三芝區,車埕,,668,三芝區,北新庄子,車埕,371
三芝區,車埕,,669,三芝區,北新庄子,車埕,373
三芝區,車埕,,67,三芝區,北新庄子,店子,193
三芝區,車埕,,670,三芝區,北新庄子,車埕,374
三芝區,車埕,,671,三芝區,北新庄子,車埕,375
三芝區,車埕,,672,三芝區,北新庄子,車埕,376
三芝區,車埕,,673,三芝區,北新庄子,車埕,377
三芝區,車埕,,674,三芝區,北新庄子,車埕,378
三芝區,車埕,,675,三芝區,北新庄子,車埕,379
三芝區,車埕,,676,三芝區,北新庄子,車埕,381
三芝區,車埕,,677,三芝區,北新庄子,車埕,383
三芝區,車埕,,678,三芝區,北新庄子,車埕,384
三芝區,車埕,,679,三芝區,北新庄子,車埕,385
三芝區,車埕,,68,三芝區,北新庄子,店子,194
三芝區,車埕,,680,三芝區,北新庄子,車埕,386
三芝區,車埕,,681,三芝區,北新庄子,車埕,386-1
三芝區,車埕,,682,三芝區,北新庄子,車埕,386-3
三芝區,車埕,,683,三芝區,北新庄子,車埕,395
三芝區,車埕,,684,三芝區,北新庄子,車埕,395-1
三芝區,車埕,,685,三芝區,北新庄子,車埕,397-1
三芝區,車埕,,686,三芝區,北新庄子,車埕,399
三芝區,車埕,,687,三芝區,北新庄子,車埕,401
三芝區,車埕,,688,三芝區,北新庄子,車埕,402
三芝區,車埕,,689,三芝區,北新庄子,車埕,403
三芝區,車埕,,69,三芝區,北新庄子,店子,195
三芝區,車埕,,690,三芝區,北新庄子,車埕,405
三芝區,車埕,,691,三芝區,北新庄子,車埕,406
三芝區,車埕,,692,三芝區,北新庄子,車埕,407
三芝區,車埕,,693,三芝區,北新庄子,車埕,407-1
三芝區,車埕,,694,三芝區,北新庄子,車埕,407-2
三芝區,車埕,,695,三芝區,北新庄子,車埕,408
三芝區,車埕,,696,三芝區,北新庄子,車埕,409
三芝區,車埕,,697,三芝區,北新庄子,車埕,411
三芝區,車埕,,698,三芝區,北新庄子,車埕,413
三芝區,車埕,,699,三芝區,北新庄子,車埕,414
三芝區,車埕,,7,三芝區,北新庄子,店子,173
三芝區,車埕,,70,三芝區,北新庄子,店子,199
三芝區,車埕,,700,三芝區,北新庄子,車埕,414-1
三芝區,車埕,,701,三芝區,北新庄子,車埕,415
三芝區,車埕,,702,三芝區,北新庄子,車埕,416
三芝區,車埕,,703,三芝區,北新庄子,車埕,480
三芝區,車埕,,704,三芝區,北新庄子,車埕,481
三芝區,車埕,,705,三芝區,北新庄子,車埕,483
三芝區,車埕,,706,三芝區,北新庄子,車埕,484
三芝區,車埕,,707,三芝區,北新庄子,車埕,485
三芝區,車埕,,708,三芝區,北新庄子,車埕,486
三芝區,車埕,,709,三芝區,北新庄子,車埕,489
三芝區,車埕,,71,三芝區,北新庄子,店子,199-1
三芝區,車埕,,710,三芝區,北新庄子,車埕,490
三芝區,車埕,,711,三芝區,北新庄子,車埕,491
三芝區,車埕,,712,三芝區,北新庄子,車埕,491-1
三芝區,車埕,,713,三芝區,北新庄子,車埕,492
三芝區,車埕,,714,三芝區,北新庄子,車埕,492-1
三芝區,車埕,,715,三芝區,北新庄子,車埕,492-2
三芝區,車埕,,716,三芝區,北新庄子,車埕,493
三芝區,車埕,,717,三芝區,北新庄子,車埕,493-1
三芝區,車埕,,718,三芝區,北新庄子,車埕,493-2
三芝區,車埕,,719,三芝區,北新庄子,車埕,493-3
三芝區,車埕,,72,三芝區,北新庄子,店子,199-2
三芝區,車埕,,720,三芝區,北新庄子,車埕,493-4
三芝區,車埕,,721,三芝區,北新庄子,車埕,493-5
三芝區,車埕,,722,三芝區,北新庄子,車埕,493-6
三芝區,車埕,,723,三芝區,北新庄子,車埕,493-7
三芝區,車埕,,724,三芝區,北新庄子,車埕,493-8
三芝區,車埕,,725,三芝區,北新庄子,車埕,493-9
三芝區,車埕,,726,三芝區,北新庄子,車埕,493-10
三芝區,車埕,,727,三芝區,北新庄子,車埕,493-11
三芝區,車埕,,728,三芝區,北新庄子,車埕,493-12
三芝區,車埕,,729,三芝區,北新庄子,車埕,493-13
三芝區,車埕,,73,三芝區,北新庄子,店子,200
三芝區,車埕,,730,三芝區,北新庄子,車埕,493-14
三芝區,車埕,,731,三芝區,北新庄子,車埕,493-15
三芝區,車埕,,732,三芝區,北新庄子,車埕,493-16
三芝區,車埕,,733,三芝區,北新庄子,車埕,493-17
三芝區,車埕,,734,三芝區,北新庄子,車埕,493-18
三芝區,車埕,,735,三芝區,北新庄子,車埕,493-19
三芝區,車埕,,736,三芝區,北新庄子,車埕,493-20
三芝區,車埕,,737,三芝區,北新庄子,車埕,493-21
三芝區,車埕,,738,三芝區,北新庄子,車埕,493-22
三芝區,車埕,,739,三芝區,北新庄子,車埕,493-23
三芝區,車埕,,74,三芝區,北新庄子,店子,200-1
三芝區,車埕,,740,三芝區,北新庄子,車埕,493-24
三芝區,車埕,,741,三芝區,北新庄子,車埕,493-25
三芝區,車埕,,742,三芝區,北新庄子,車埕,493-26
三芝區,車埕,,743,三芝區,北新庄子,車埕,493-27
三芝區,車埕,,744,三芝區,北新庄子,車埕,493-28
三芝區,車埕,,745,三芝區,北新庄子,車埕,493-29
三芝區,車埕,,746,三芝區,北新庄子,車埕,493-30
三芝區,車埕,,747,三芝區,北新庄子,車埕,494
三芝區,車埕,,748,三芝區,北新庄子,車埕,495
三芝區,車埕,,749,三芝區,北新庄子,車埕,496
三芝區,車埕,,75,三芝區,北新庄子,店子,200-2
三芝區,車埕,,750,三芝區,北新庄子,車埕,497
三芝區,車埕,,751,三芝區,北新庄子,車埕,499
三芝區,車埕,,752,三芝區,北新庄子,車埕,500
三芝區,車埕,,753,三芝區,北新庄子,車埕,502
三芝區,車埕,,754,三芝區,北新庄子,車埕,502-1
三芝區,車埕,,755,三芝區,北新庄子,車埕,503
三芝區,車埕,,756,三芝區,北新庄子,車埕,504
三芝區,車埕,,757,三芝區,北新庄子,車埕,505
三芝區,車埕,,758,三芝區,北新庄子,車埕,505-1
三芝區,車埕,,759,三芝區,北新庄子,車埕,506
三芝區,車埕,,76,三芝區,北新庄子,店子,201
三芝區,車埕,,760,三芝區,北新庄子,車埕,507
三芝區,車埕,,761,三芝區,北新庄子,車埕,508
三芝區,車埕,,762,三芝區,北新庄子,車埕,509
三芝區,車埕,,763,三芝區,北新庄子,車埕,510
三芝區,車埕,,764,三芝區,北新庄子,車埕,513
三芝區,車埕,,765,三芝區,北新庄子,車埕,515
三芝區,車埕,,766,三芝區,北新庄子,車埕,516
三芝區,車埕,,767,三芝區,北新庄子,車埕,516-1
三芝區,車埕,,768,三芝區,北新庄子,車埕,516-2
三芝區,車埕,,769,三芝區,北新庄子,車埕,520
三芝區,車埕,,77,三芝區,北新庄子,店子,201-1
三芝區,車埕,,770,三芝區,北新庄子,車埕,520-1
三芝區,車埕,,771,三芝區,北新庄子,車埕,521
三芝區,車埕,,772,三芝區,北新庄子,車埕,540
三芝區,車埕,,773,三芝區,北新庄子,車埕,541
三芝區,車埕,,774,三芝區,北新庄子,車埕,542
三芝區,車埕,,775,三芝區,北新庄子,車埕,543
三芝區,車埕,,776,三芝區,北新庄子,車埕,545
三芝區,車埕,,777,三芝區,北新庄子,車埕,545-1
三芝區,車埕,,778,三芝區,北新庄子,車埕,545-2
三芝區,車埕,,779,三芝區,北新庄子,車埕,545-3
三芝區,車埕,,78,三芝區,北新庄子,店子,201-2
三芝區,車埕,,780,三芝區,北新庄子,車埕,545-4
三芝區,車埕,,781,三芝區,北新庄子,車埕,545-5
三芝區,車埕,,782,三芝區,北新庄子,車埕,545-6
三芝區,車埕,,783,三芝區,北新庄子,車埕,545-7
三芝區,車埕,,784,三芝區,北新庄子,車埕,545-8
三芝區,車埕,,785,三芝區,北新庄子,車埕,545-9
三芝區,車埕,,786,三芝區,北新庄子,車埕,546
三芝區,車埕,,787,三芝區,北新庄子,車埕,547
三芝區,車埕,,788,三芝區,北新庄子,車埕,548
三芝區,車埕,,789,三芝區,北新庄子,車埕,549
三芝區,車埕,,79,三芝區,北新庄子,店子,201-3
三芝區,車埕,,790,三芝區,北新庄子,車埕,555
三芝區,車埕,,791,三芝區,北新庄子,車埕,556
三芝區,車埕,,792,三芝區,北新庄子,車埕,737
三芝區,車埕,,793,三芝區,北新庄子,車埕,737-4
三芝區,車埕,,794,三芝區,北新庄子,車埕,738
三芝區,車埕,,795,三芝區,北新庄子,車埕,738-1
三芝區,車埕,,796,三芝區,北新庄子,車埕,738-2
三芝區,車埕,,797,三芝區,北新庄子,車埕,739
三芝區,車埕,,798,三芝區,北新庄子,車埕,739-2
三芝區,車埕,,799,三芝區,北新庄子,車埕,739-3
三芝區,車埕,,8,三芝區,北新庄子,店子,173-1
三芝區,車埕,,80,三芝區,北新庄子,店子,201-4
三芝區,車埕,,800,三芝區,北新庄子,車埕,740
三芝區,車埕,,801,三芝區,北新庄子,車埕,740-1
三芝區,車埕,,802,三芝區,北新庄子,車埕,740-3
三芝區,車埕,,803,三芝區,北新庄子,車埕,741-2
三芝區,車埕,,804,三芝區,北新庄子,車埕,749-2
三芝區,車埕,,805,三芝區,北新庄子,車埕,750
三芝區,車埕,,806,三芝區,北新庄子,車埕,750-1
三芝區,車埕,,807,三芝區,北新庄子,車埕,750-3
三芝區,車埕,,808,三芝區,北新庄子,車埕,751
三芝區,車埕,,809,三芝區,北新庄子,車埕,751-1
三芝區,車埕,,81,三芝區,北新庄子,店子,201-5
三芝區,車埕,,810,三芝區,北新庄子,車埕,751-2
三芝區,車埕,,811,三芝區,北新庄子,車埕,752
三芝區,車埕,,812,三芝區,北新庄子,車埕,753
三芝區,車埕,,813,三芝區,北新庄子,車埕,754
三芝區,車埕,,814,三芝區,北新庄子,車埕,755
三芝區,車埕,,815,三芝區,北新庄子,車埕,756
三芝區,車埕,,816,三芝區,北新庄子,車埕,756-3
三芝區,車埕,,817,三芝區,北新庄子,車埕,757
三芝區,車埕,,818,三芝區,北新庄子,車埕,757-2
三芝區,車埕,,819,三芝區,北新庄子,車埕,757-3
三芝區,車埕,,82,三芝區,北新庄子,店子,201-6
三芝區,車埕,,820,三芝區,北新庄子,車埕,757-5
三芝區,車埕,,821,三芝區,北新庄子,車埕,757-9
三芝區,車埕,,822,三芝區,北新庄子,車埕,759
三芝區,車埕,,823,三芝區,北新庄子,車埕,759-2
三芝區,車埕,,824,三芝區,北新庄子,車埕,759-3
三芝區,車埕,,825,三芝區,北新庄子,車埕,759-4
三芝區,車埕,,826,三芝區,北新庄子,車埕,759-5
三芝區,車埕,,827,三芝區,北新庄子,車埕,759-6
三芝區,車埕,,828,三芝區,北新庄子,車埕,759-8
三芝區,車埕,,829,三芝區,北新庄子,車埕,759-12
三芝區,車埕,,83,三芝區,北新庄子,店子,201-7
三芝區,車埕,,830,三芝區,北新庄子,車埕,759-13
三芝區,車埕,,831,三芝區,北新庄子,車埕,760
三芝區,車埕,,832,三芝區,北新庄子,車埕,760-1
三芝區,車埕,,833,三芝區,北新庄子,車埕,760-3
三芝區,車埕,,834,三芝區,北新庄子,車埕,760-5
三芝區,車埕,,835,三芝區,北新庄子,車埕,760-7
三芝區,車埕,,836,三芝區,北新庄子,車埕,760-9
三芝區,車埕,,837,三芝區,北新庄子,車埕,760-10
三芝區,車埕,,838,三芝區,北新庄子,車埕,760-11
三芝區,車埕,,839,三芝區,北新庄子,車埕,761
三芝區,車埕,,84,三芝區,北新庄子,店子,201-8
三芝區,車埕,,840,三芝區,北新庄子,車埕,761-1
三芝區,車埕,,841,三芝區,北新庄子,車埕,761-4
三芝區,車埕,,842,三芝區,北新庄子,車埕,761-6
三芝區,車埕,,843,三芝區,北新庄子,車埕,761-7
三芝區,車埕,,844,三芝區,北新庄子,車埕,761-8
三芝區,車埕,,845,三芝區,北新庄子,車埕,761-13
三芝區,車埕,,846,三芝區,北新庄子,車埕,761-15
三芝區,車埕,,847,三芝區,北新庄子,車埕,761-19
三芝區,車埕,,848,三芝區,北新庄子,車埕,761-20
三芝區,車埕,,849,三芝區,北新庄子,車埕,761-21
三芝區,車埕,,85,三芝區,北新庄子,店子,201-9
三芝區,車埕,,850,三芝區,北新庄子,車埕,761-22
三芝區,車埕,,851,三芝區,北新庄子,車埕,761-23
三芝區,車埕,,852,三芝區,北新庄子,車埕,762
三芝區,車埕,,853,三芝區,北新庄子,車埕,762-1
三芝區,車埕,,854,三芝區,北新庄子,車埕,762-2
三芝區,車埕,,855,三芝區,北新庄子,車埕,762-3
三芝區,車埕,,856,三芝區,北新庄子,車埕,762-4
三芝區,車埕,,857,三芝區,北新庄子,車埕,762-6
三芝區,車埕,,858,三芝區,北新庄子,車埕,762-7
三芝區,車埕,,859,三芝區,北新庄子,車埕,762-13
三芝區,車埕,,86,三芝區,北新庄子,店子,201-10
三芝區,車埕,,860,三芝區,北新庄子,車埕,762-14
三芝區,車埕,,861,三芝區,北新庄子,車埕,762-15
三芝區,車埕,,862,三芝區,北新庄子,車埕,763
三芝區,車埕,,863,三芝區,北新庄子,車埕,763-4
三芝區,車埕,,864,三芝區,北新庄子,車埕,763-6
三芝區,車埕,,865,三芝區,北新庄子,車埕,763-7
三芝區,車埕,,866,三芝區,北新庄子,車埕,763-8
三芝區,車埕,,867,三芝區,北新庄子,車埕,763-9
三芝區,車埕,,868,三芝區,北新庄子,車埕,763-11
三芝區,車埕,,869,三芝區,北新庄子,車埕,763-13
三芝區,車埕,,87,三芝區,北新庄子,店子,201-11
三芝區,車埕,,870,三芝區,北新庄子,車埕,765
三芝區,車埕,,871,三芝區,北新庄子,車埕,766
三芝區,車埕,,872,三芝區,北新庄子,車埕,766-3
三芝區,車埕,,873,三芝區,北新庄子,車埕,766-6
三芝區,車埕,,874,三芝區,北新庄子,車埕,766-7
三芝區,車埕,,875,三芝區,北新庄子,車埕,766-10
三芝區,車埕,,876,三芝區,北新庄子,車埕,767
三芝區,車埕,,877,三芝區,北新庄子,車埕,767-14
三芝區,車埕,,878,三芝區,北新庄子,車埕,767-15
三芝區,車埕,,879,三芝區,北新庄子,車埕,767-16
三芝區,車埕,,88,三芝區,北新庄子,店子,201-12
三芝區,車埕,,880,三芝區,北新庄子,車埕,767-17
三芝區,車埕,,881,三芝區,北新庄子,車埕,767-18
三芝區,車埕,,882,三芝區,北新庄子,車埕,768-5
三芝區,車埕,,883,三芝區,北新庄子,車埕,768-6
三芝區,車埕,,884,三芝區,北新庄子,車埕,768-8
三芝區,車埕,,885,三芝區,北新庄子,車埕,768-9
三芝區,車埕,,886,三芝區,北新庄子,車埕,768-10
三芝區,車埕,,887,三芝區,北新庄子,車埕,769-2
三芝區,車埕,,888,三芝區,北新庄子,車埕,769-3
三芝區,車埕,,889,三芝區,北新庄子,車埕,769-4
三芝區,車埕,,89,三芝區,北新庄子,店子,201-13
三芝區,車埕,,890,三芝區,北新庄子,車埕,769-5
三芝區,車埕,,891,三芝區,北新庄子,車埕,769-7
三芝區,車埕,,892,三芝區,北新庄子,車埕,769-9
三芝區,車埕,,893,三芝區,北新庄子,車埕,769-11
三芝區,車埕,,894,三芝區,北新庄子,車埕,769-14
三芝區,車埕,,895,三芝區,北新庄子,車埕,828
三芝區,車埕,,896,三芝區,北新庄子,車埕,829
三芝區,車埕,,897,三芝區,北新庄子,車埕,830
三芝區,車埕,,898,三芝區,北新庄子,車埕,831
三芝區,車埕,,899,三芝區,北新庄子,田心子,173-3
三芝區,車埕,,9,三芝區,北新庄子,店子,173-2
三芝區,車埕,,90,三芝區,北新庄子,店子,201-14
三芝區,車埕,,900,三芝區,北新庄子,田心子,209-1
三芝區,車埕,,901,三芝區,北新庄子,田心子,209-2
三芝區,車埕,,902,三芝區,北新庄子,田心子,211-3
三芝區,車埕,,903,三芝區,北新庄子,田心子,211-4
三芝區,車埕,,904,三芝區,北新庄子,田心子,213-3
三芝區,車埕,,905,三芝區,北新庄子,田心子,213-4
三芝區,車埕,,906,三芝區,北新庄子,田心子,216
三芝區,車埕,,907,三芝區,北新庄子,田心子,216-1
三芝區,車埕,,908,三芝區,北新庄子,田心子,216-2
三芝區,車埕,,909,三芝區,北新庄子,田心子,216-3
三芝區,車埕,,91,三芝區,北新庄子,店子,201-15
三芝區,車埕,,910,三芝區,北新庄子,田心子,216-4
三芝區,車埕,,911,三芝區,北新庄子,田心子,218
三芝區,車埕,,912,三芝區,北新庄子,田心子,218-1
三芝區,車埕,,913,三芝區,北新庄子,田心子,218-2
三芝區,車埕,,914,三芝區,北新庄子,田心子,218-3
三芝區,車埕,,915,三芝區,北新庄子,田心子,218-4
三芝區,車埕,,916,三芝區,北新庄子,田心子,218-5
三芝區,車埕,,917,三芝區,北新庄子,田心子,218-6
三芝區,車埕,,918,三芝區,北新庄子,田心子,218-7
三芝區,車埕,,919,三芝區,北新庄子,田心子,218-8
三芝區,車埕,,92,三芝區,北新庄子,店子,201-16
三芝區,車埕,,920,三芝區,北新庄子,田心子,218-9
三芝區,車埕,,921,三芝區,北新庄子,田心子,218-10
三芝區,車埕,,922,三芝區,北新庄子,田心子,218-11
三芝區,車埕,,923,三芝區,北新庄子,田心子,218-12
三芝區,車埕,,924,三芝區,北新庄子,田心子,219
三芝區,車埕,,925,三芝區,北新庄子,田心子,220
三芝區,車埕,,926,三芝區,北新庄子,田心子,222
三芝區,車埕,,927,三芝區,北新庄子,田心子,223
三芝區,車埕,,928,三芝區,北新庄子,田心子,224
三芝區,車埕,,929,三芝區,北新庄子,田心子,224-1
三芝區,車埕,,93,三芝區,北新庄子,店子,201-17
三芝區,車埕,,930,三芝區,北新庄子,田心子,225
三芝區,車埕,,931,三芝區,北新庄子,田心子,225-1
三芝區,車埕,,932,三芝區,北新庄子,田心子,225-2
三芝區,車埕,,933,三芝區,北新庄子,田心子,225-3
三芝區,車埕,,934,三芝區,北新庄子,田心子,225-4
三芝區,車埕,,935,三芝區,北新庄子,田心子,225-5
三芝區,車埕,,936,三芝區,北新庄子,田心子,225-6
三芝區,車埕,,937,三芝區,北新庄子,田心子,225-7
三芝區,車埕,,938,三芝區,北新庄子,田心子,225-8
三芝區,車埕,,939,三芝區,北新庄子,田心子,228-1
三芝區,車埕,,94,三芝區,北新庄子,店子,201-18
三芝區,車埕,,940,三芝區,北新庄子,田心子,229
三芝區,車埕,,941,三芝區,北新庄子,田心子,229-1
三芝區,車埕,,942,三芝區,北新庄子,田心子,230
三芝區,車埕,,943,三芝區,北新庄子,田心子,231
三芝區,車埕,,944,三芝區,北新庄子,田心子,231-1
三芝區,車埕,,945,三芝區,北新庄子,田心子,232
三芝區,車埕,,946,三芝區,北新庄子,田心子,232-2
三芝區,車埕,,947,三芝區,北新庄子,田心子,233
三芝區,車埕,,948,三芝區,北新庄子,田心子,233-1
三芝區,車埕,,949,三芝區,北新庄子,田心子,233-2
三芝區,車埕,,95,三芝區,北新庄子,店子,201-19
三芝區,車埕,,950,三芝區,北新庄子,田心子,234
三芝區,車埕,,951,三芝區,北新庄子,田心子,236
三芝區,車埕,,952,三芝區,北新庄子,田心子,239
三芝區,車埕,,953,三芝區,北新庄子,田心子,239-1
三芝區,車埕,,954,三芝區,北新庄子,田心子,240
三芝區,車埕,,955,三芝區,北新庄子,田心子,240-1
三芝區,車埕,,956,三芝區,北新庄子,田心子,240-2
三芝區,車埕,,957,三芝區,北新庄子,田心子,240-3
三芝區,車埕,,958,三芝區,北新庄子,田心子,241
三芝區,車埕,,959,三芝區,北新庄子,田心子,241-1
三芝區,車埕,,96,三芝區,北新庄子,店子,201-20
三芝區,車埕,,960,三芝區,北新庄子,田心子,242
三芝區,車埕,,961,三芝區,北新庄子,田心子,243
三芝區,車埕,,962,三芝區,北新庄子,田心子,244
三芝區,車埕,,963,三芝區,北新庄子,田心子,245
三芝區,車埕,,964,三芝區,北新庄子,田心子,247
三芝區,車埕,,965,三芝區,北新庄子,田心子,247-1
三芝區,車埕,,966,三芝區,北新庄子,田心子,247-2
三芝區,車埕,,967,三芝區,北新庄子,田心子,247-3
三芝區,車埕,,968,三芝區,北新庄子,田心子,248
三芝區,車埕,,969,三芝區,北新庄子,田心子,248-1
三芝區,車埕,,97,三芝區,北新庄子,店子,203-1
三芝區,車埕,,970,三芝區,北新庄子,田心子,248-2
三芝區,車埕,,971,三芝區,北新庄子,田心子,249
三芝區,車埕,,972,三芝區,北新庄子,田心子,249-1
三芝區,車埕,,973,三芝區,北新庄子,田心子,249-2
三芝區,車埕,,974,三芝區,北新庄子,田心子,249-3
三芝區,車埕,,975,三芝區,北新庄子,田心子,249-4
三芝區,車埕,,976,三芝區,北新庄子,田心子,249-5
三芝區,車埕,,977,三芝區,北新庄子,田心子,249-6
三芝區,車埕,,978,三芝區,北新庄子,田心子,249-7
三芝區,車埕,,979,三芝區,北新庄子,田心子,249-8
三芝區,車埕,,98,三芝區,北新庄子,店子,205
三芝區,車埕,,980,三芝區,北新庄子,田心子,249-9
三芝區,車埕,,981,三芝區,北新庄子,田心子,249-10
三芝區,車埕,,982,三芝區,北新庄子,田心子,249-11
三芝區,車埕,,983,三芝區,北新庄子,田心子,249-12
三芝區,車埕,,984,三芝區,北新庄子,田心子,250
三芝區,車埕,,985,三芝區,北新庄子,田心子,252
三芝區,車埕,,986,三芝區,北新庄子,田心子,252-1
三芝區,車埕,,987,三芝區,北新庄子,田心子,252-2
三芝區,車埕,,988,三芝區,北新庄子,田心子,252-3
三芝區,車埕,,989,三芝區,北新庄子,田心子,252-4
三芝區,車埕,,99,三芝區,北新庄子,店子,206
三芝區,車埕,,990,三芝區,北新庄子,田心子,252-5
三芝區,車埕,,991,三芝區,北新庄子,田心子,252-6
三芝區,車埕,,992,三芝區,北新庄子,田心子,252-7
三芝區,車埕,,993,三芝區,北新庄子,田心子,253
三芝區,車埕,,994,三芝區,北新庄子,田心子,253-1
三芝區,車埕,,995,三芝區,北新庄子,田心子,253-2
三芝區,車埕,,996,三芝區,北新庄子,田心子,253-3
三芝區,車埕,,997,三芝區,北新庄子,田心子,253-4
三芝區,車埕,,998,三芝區,北新庄子,田心子,253-5
三芝區,車埕,,999,三芝區,北新庄子,田心子,253-6
