districtNew,sectionNew,subsectionNew,landNumberNew,districtOld,sectionOld,subsectionOld,landNumberOld
深坑區,土庫岳,,1,深坑區,土庫,土庫尖,1-4
深坑區,土庫岳,,10,深坑區,土庫,土庫尖,12-1
深坑區,土庫岳,,100,深坑區,土庫,土庫尖,94-1
深坑區,土庫岳,,101,深坑區,土庫,土庫尖,94-4
深坑區,土庫岳,,102,深坑區,土庫,土庫尖,94-3
深坑區,土庫岳,,103,深坑區,土庫,土庫尖,94-2
深坑區,土庫岳,,104,深坑區,土庫,土庫尖,50-2
深坑區,土庫岳,,105,深坑區,土庫,土庫尖,50-1
深坑區,土庫岳,,106,深坑區,土庫,土庫尖,50
深坑區,土庫岳,,107,深坑區,土庫,土庫尖,49
深坑區,土庫岳,,108,深坑區,土庫,土庫尖,24-1
深坑區,土庫岳,,109,深坑區,土庫,土庫尖,48
深坑區,土庫岳,,11,深坑區,土庫,土庫尖,12-3
深坑區,土庫岳,,110,深坑區,土庫,土庫尖,24-3
深坑區,土庫岳,,111,深坑區,土庫,土庫尖,47
深坑區,土庫岳,,112,深坑區,土庫,土庫尖,24-5
深坑區,土庫岳,,113,深坑區,土庫,土庫尖,23
深坑區,土庫岳,,114,深坑區,土庫,土庫尖,24-4
深坑區,土庫岳,,115,深坑區,土庫,土庫尖,24
深坑區,土庫岳,,116,深坑區,土庫,土庫尖,25
深坑區,土庫岳,,117,深坑區,土庫,土庫尖,23-1
深坑區,土庫岳,,118,深坑區,土庫,土庫尖,189-1
深坑區,土庫岳,,119,深坑區,土庫,土庫尖,26-5
深坑區,土庫岳,,12,深坑區,土庫,土庫尖,12-4
深坑區,土庫岳,,120,深坑區,土庫,土庫尖,26-4
深坑區,土庫岳,,121,深坑區,土庫,土庫尖,189-2
深坑區,土庫岳,,122,深坑區,土庫,土庫尖,26-6
深坑區,土庫岳,,123,深坑區,土庫,土庫尖,189
深坑區,土庫岳,,124,深坑區,土庫,土庫尖,23-3
深坑區,土庫岳,,125,深坑區,土庫,土庫尖,26-1
深坑區,土庫岳,,126,深坑區,土庫,土庫尖,26-3
深坑區,土庫岳,,127,深坑區,土庫,土庫尖,26
深坑區,土庫岳,,128,深坑區,土庫,土庫尖,26-2
深坑區,土庫岳,,129,深坑區,土庫,土庫尖,27-2
深坑區,土庫岳,,13,深坑區,土庫,土庫尖,12-5
深坑區,土庫岳,,130,深坑區,土庫,土庫尖,191
深坑區,土庫岳,,131,深坑區,土庫,土庫尖,27-3
深坑區,土庫岳,,132,深坑區,土庫,土庫尖,190
深坑區,土庫岳,,133,深坑區,土庫,土庫尖,8
深坑區,土庫岳,,134,深坑區,土庫,土庫尖,4-4
深坑區,土庫岳,,135,深坑區,土庫,土庫尖,4-3
深坑區,土庫岳,,136,深坑區,土庫,土庫尖,4
深坑區,土庫岳,,138,深坑區,土庫,土庫尖,6
深坑區,土庫岳,,139,深坑區,土庫,土庫尖,7-2
深坑區,土庫岳,,14,深坑區,土庫,土庫尖,12-2
深坑區,土庫岳,,140,深坑區,土庫,土庫尖,4-1
深坑區,土庫岳,,141,深坑區,土庫,土庫尖,3
深坑區,土庫岳,,142,深坑區,土庫,土庫尖,1-1
深坑區,土庫岳,,143,深坑區,土庫,土庫尖,1-8
深坑區,土庫岳,,144,深坑區,土庫,土庫尖,3-2
深坑區,土庫岳,,145,深坑區,土庫,土庫尖,3-1
深坑區,土庫岳,,147,深坑區,土庫,土庫尖,4-2
深坑區,土庫岳,,148,深坑區,土庫,大坪,46
深坑區,土庫岳,,149,深坑區,土庫,大坪,1-2
深坑區,土庫岳,,15,深坑區,土庫,土庫尖,12
深坑區,土庫岳,,150,深坑區,土庫,大坪,47
深坑區,土庫岳,,152,深坑區,土庫,大坪,1-14
深坑區,土庫岳,,153,深坑區,土庫,大坪,105
深坑區,土庫岳,,154,深坑區,土庫,大坪,108
深坑區,土庫岳,,156,深坑區,土庫,大坪,1-15
深坑區,土庫岳,,157,深坑區,土庫,大坪,109
深坑區,土庫岳,,158,深坑區,土庫,大坪,110
深坑區,土庫岳,,159,深坑區,土庫,大坪,111
深坑區,土庫岳,,16,深坑區,土庫,土庫尖,168
深坑區,土庫岳,,160,深坑區,土庫,土庫尖,29-4
深坑區,土庫岳,,161,深坑區,土庫,土庫尖,29-5
深坑區,土庫岳,,162,深坑區,土庫,土庫尖,192
深坑區,土庫岳,,163,深坑區,土庫,土庫尖,193
深坑區,土庫岳,,164,深坑區,土庫,土庫尖,27-1
深坑區,土庫岳,,165,深坑區,土庫,土庫尖,194
深坑區,土庫岳,,166,深坑區,土庫,土庫尖,27-5
深坑區,土庫岳,,167,深坑區,土庫,土庫尖,27-4
深坑區,土庫岳,,168,深坑區,土庫,土庫尖,27
深坑區,土庫岳,,169,深坑區,土庫,土庫尖,188
深坑區,土庫岳,,17,深坑區,土庫,土庫尖,13
深坑區,土庫岳,,170,深坑區,土庫,土庫尖,187
深坑區,土庫岳,,171,深坑區,土庫,土庫尖,36
深坑區,土庫岳,,173,深坑區,土庫,土庫尖,186
深坑區,土庫岳,,174,深坑區,土庫,土庫尖,37
深坑區,土庫岳,,175,深坑區,土庫,土庫尖,185
深坑區,土庫岳,,176,深坑區,土庫,土庫尖,184
深坑區,土庫岳,,177,深坑區,土庫,土庫尖,183
深坑區,土庫岳,,178,深坑區,土庫,土庫尖,47-1
深坑區,土庫岳,,179,深坑區,土庫,土庫尖,48-1
深坑區,土庫岳,,18,深坑區,土庫,土庫尖,169
深坑區,土庫岳,,180,深坑區,土庫,土庫尖,48-2
深坑區,土庫岳,,181,深坑區,土庫,土庫尖,49-1
深坑區,土庫岳,,182,深坑區,土庫,土庫尖,38
深坑區,土庫岳,,183,深坑區,土庫,土庫尖,38-1
深坑區,土庫岳,,184,深坑區,土庫,土庫尖,43
深坑區,土庫岳,,185,深坑區,土庫,土庫尖,46-1
深坑區,土庫岳,,186,深坑區,土庫,土庫尖,182
深坑區,土庫岳,,187,深坑區,土庫,土庫尖,44
深坑區,土庫岳,,188,深坑區,土庫,土庫尖,44-1
深坑區,土庫岳,,189,深坑區,土庫,土庫尖,45
深坑區,土庫岳,,19,深坑區,土庫,土庫尖,170
深坑區,土庫岳,,190,深坑區,土庫,土庫尖,181
深坑區,土庫岳,,192,深坑區,土庫,土庫尖,97-1
深坑區,土庫岳,,193,深坑區,土庫,土庫尖,180
深坑區,土庫岳,,194,深坑區,土庫,土庫尖,91
深坑區,土庫岳,,195,深坑區,土庫,土庫尖,91-1
深坑區,土庫岳,,196,深坑區,土庫,土庫尖,81-2
深坑區,土庫岳,,197,深坑區,土庫,土庫尖,81-1
深坑區,土庫岳,,198,深坑區,土庫,土庫尖,80
深坑區,土庫岳,,199,深坑區,土庫,土庫尖,71
深坑區,土庫岳,,2,深坑區,土庫,土庫尖,1-3
深坑區,土庫岳,,20,深坑區,土庫,土庫尖,7
深坑區,土庫岳,,200,深坑區,土庫,土庫尖,72
深坑區,土庫岳,,201,深坑區,土庫,土庫尖,74-3
深坑區,土庫岳,,202,深坑區,土庫,大坪,1-1
深坑區,土庫岳,,203,深坑區,土庫,大坪,48
深坑區,土庫岳,,204,深坑區,土庫,大坪,49
深坑區,土庫岳,,205,深坑區,土庫,大坪,54
深坑區,土庫岳,,206,深坑區,土庫,大坪,56
深坑區,土庫岳,,207,深坑區,土庫,大坪,57
深坑區,土庫岳,,208,深坑區,土庫,大坪,58
深坑區,土庫岳,,209,深坑區,土庫,大坪,59
深坑區,土庫岳,,21,深坑區,土庫,土庫尖,171
深坑區,土庫岳,,210,深坑區,土庫,大坪,2-4
深坑區,土庫岳,,211,深坑區,土庫,大坪,2-2
深坑區,土庫岳,,212,深坑區,土庫,大坪,60
深坑區,土庫岳,,213,深坑區,土庫,大坪,2-3
深坑區,土庫岳,,214,深坑區,土庫,大坪,61
深坑區,土庫岳,,215,深坑區,土庫,大坪,63
深坑區,土庫岳,,216,深坑區,土庫,大坪,2-1
深坑區,土庫岳,,217,深坑區,土庫,大坪,62
深坑區,土庫岳,,218,深坑區,土庫,大坪,2-5
深坑區,土庫岳,,219,深坑區,土庫,大坪,53
深坑區,土庫岳,,22,深坑區,土庫,土庫尖,10
深坑區,土庫岳,,220,深坑區,土庫,大坪,52
深坑區,土庫岳,,221,深坑區,土庫,大坪,55
深坑區,土庫岳,,222,深坑區,土庫,大坪,1
深坑區,土庫岳,,224,深坑區,土庫,大坪,50
深坑區,土庫岳,,225,深坑區,土庫,大坪,51
深坑區,土庫岳,,226,深坑區,土庫,大坪,2
深坑區,土庫岳,,228,深坑區,土庫,大坪,104
深坑區,土庫岳,,229,深坑區,土庫,大坪,106
深坑區,土庫岳,,23,深坑區,土庫,土庫尖,11
深坑區,土庫岳,,230,深坑區,土庫,大坪,107
深坑區,土庫岳,,231,深坑區,土庫,大坪,112
深坑區,土庫岳,,232,深坑區,土庫,大坪,113
深坑區,土庫岳,,233,深坑區,土庫,大坪,1-5
深坑區,土庫岳,,234,深坑區,土庫,土庫尖,29-2
深坑區,土庫岳,,235,深坑區,土庫,土庫尖,196
深坑區,土庫岳,,236,深坑區,土庫,土庫尖,195
深坑區,土庫岳,,237,深坑區,土庫,土庫尖,29-1
深坑區,土庫岳,,238,深坑區,土庫,土庫尖,29-8
深坑區,土庫岳,,239,深坑區,土庫,土庫尖,29-6
深坑區,土庫岳,,24,深坑區,土庫,土庫尖,18
深坑區,土庫岳,,240,深坑區,土庫,土庫尖,28-1
深坑區,土庫岳,,241,深坑區,土庫,土庫尖,28-3
深坑區,土庫岳,,242,深坑區,土庫,土庫尖,34-1
深坑區,土庫岳,,243,深坑區,土庫,土庫尖,34
深坑區,土庫岳,,244,深坑區,土庫,土庫尖,28-2
深坑區,土庫岳,,245,深坑區,土庫,土庫尖,159-1
深坑區,土庫岳,,246,深坑區,土庫,土庫尖,199
深坑區,土庫岳,,247,深坑區,土庫,土庫尖,29
深坑區,土庫岳,,248,深坑區,土庫,土庫尖,30
深坑區,土庫岳,,249,深坑區,土庫,土庫尖,29-7
深坑區,土庫岳,,25,深坑區,土庫,土庫尖,19
深坑區,土庫岳,,250,深坑區,土庫,土庫尖,29-3
深坑區,土庫岳,,251,深坑區,土庫,土庫尖,197
深坑區,土庫岳,,252,深坑區,土庫,土庫尖,198
深坑區,土庫岳,,253,深坑區,土庫,大坪,1-3
深坑區,土庫岳,,254,深坑區,土庫,大坪,101
深坑區,土庫岳,,255,深坑區,土庫,大坪,100
深坑區,土庫岳,,256,深坑區,土庫,大坪,1-4
深坑區,土庫岳,,257,深坑區,土庫,大坪,1-6
深坑區,土庫岳,,258,深坑區,土庫,大坪,1-7
深坑區,土庫岳,,259,深坑區,土庫,大坪,114
深坑區,土庫岳,,260,深坑區,土庫,大坪,115
深坑區,土庫岳,,261,深坑區,土庫,大坪,123
深坑區,土庫岳,,262,深坑區,土庫,大坪,12-6
深坑區,土庫岳,,263,深坑區,土庫,大坪,124
深坑區,土庫岳,,264,深坑區,土庫,大坪,122
深坑區,土庫岳,,265,深坑區,土庫,大坪,103
深坑區,土庫岳,,266,深坑區,土庫,大坪,96
深坑區,土庫岳,,267,深坑區,土庫,大坪,95
深坑區,土庫岳,,268,深坑區,土庫,大坪,90
深坑區,土庫岳,,269,深坑區,土庫,大坪,2-6
深坑區,土庫岳,,27,深坑區,土庫,土庫尖,20
深坑區,土庫岳,,270,深坑區,土庫,大坪,89
深坑區,土庫岳,,271,深坑區,土庫,大坪,91
深坑區,土庫岳,,272,深坑區,土庫,大坪,94
深坑區,土庫岳,,273,深坑區,土庫,大坪,97
深坑區,土庫岳,,274,深坑區,土庫,大坪,102
深坑區,土庫岳,,275,深坑區,土庫,大坪,98
深坑區,土庫岳,,276,深坑區,土庫,大坪,93
深坑區,土庫岳,,277,深坑區,土庫,大坪,92
深坑區,土庫岳,,278,深坑區,土庫,大坪,87
深坑區,土庫岳,,279,深坑區,土庫,大坪,1-12
深坑區,土庫岳,,28,深坑區,土庫,土庫尖,167
深坑區,土庫岳,,280,深坑區,土庫,大坪,88
深坑區,土庫岳,,281,深坑區,土庫,大坪,85
深坑區,土庫岳,,282,深坑區,土庫,大坪,86
深坑區,土庫岳,,283,深坑區,土庫,大坪,1-13
深坑區,土庫岳,,284,深坑區,土庫,大坪,1-9
深坑區,土庫岳,,285,深坑區,土庫,大坪,99
深坑區,土庫岳,,286,深坑區,土庫,大坪,1-8
深坑區,土庫岳,,287,深坑區,土庫,大坪,116
深坑區,土庫岳,,288,深坑區,土庫,大坪,1-10
深坑區,土庫岳,,289,深坑區,土庫,大坪,117
深坑區,土庫岳,,29,深坑區,土庫,土庫尖,23-2
深坑區,土庫岳,,290,深坑區,土庫,大坪,117-1
深坑區,土庫岳,,291,深坑區,土庫,大坪,1-11
深坑區,土庫岳,,292,深坑區,土庫,大坪,118
深坑區,土庫岳,,293,深坑區,土庫,大坪,121
深坑區,土庫岳,,294,深坑區,土庫,大坪,12-5
深坑區,土庫岳,,295,深坑區,土庫,大坪,120
深坑區,土庫岳,,296,深坑區,土庫,大坪,12-4
深坑區,土庫岳,,297,深坑區,土庫,大坪,126
深坑區,土庫岳,,298,深坑區,土庫,大坪,119-1
深坑區,土庫岳,,299,深坑區,土庫,大坪,119
深坑區,土庫岳,,3,深坑區,土庫,土庫尖,1
深坑區,土庫岳,,30,深坑區,土庫,土庫尖,172
深坑區,土庫岳,,300,深坑區,土庫,大坪,12-3
深坑區,土庫岳,,301,深坑區,土庫,大坪,127
深坑區,土庫岳,,302,深坑區,土庫,大坪,73
深坑區,土庫岳,,303,深坑區,土庫,大坪,74
深坑區,土庫岳,,304,深坑區,土庫,大坪,2-7
深坑區,土庫岳,,305,深坑區,土庫,大坪,75
深坑區,土庫岳,,306,深坑區,土庫,大坪,76
深坑區,土庫岳,,307,深坑區,土庫,大坪,76-1
深坑區,土庫岳,,308,深坑區,土庫,大坪,76-3
深坑區,土庫岳,,309,深坑區,土庫,大坪,76-2
深坑區,土庫岳,,31,深坑區,土庫,土庫尖,24-2
深坑區,土庫岳,,310,深坑區,土庫,大坪,76-4
深坑區,土庫岳,,311,深坑區,土庫,大坪,76-5
深坑區,土庫岳,,312,深坑區,土庫,大坪,76-6
深坑區,土庫岳,,313,深坑區,土庫,大坪,76-7
深坑區,土庫岳,,314,深坑區,土庫,大坪,76-8
深坑區,土庫岳,,315,深坑區,土庫,大坪,76-9
深坑區,土庫岳,,316,深坑區,土庫,大坪,84
深坑區,土庫岳,,317,深坑區,土庫,大坪,83
深坑區,土庫岳,,318,深坑區,土庫,大坪,11-1
深坑區,土庫岳,,319,深坑區,土庫,大坪,77
深坑區,土庫岳,,320,深坑區,土庫,大坪,78
深坑區,土庫岳,,321,深坑區,土庫,大坪,79
深坑區,土庫岳,,322,深坑區,土庫,大坪,80
深坑區,土庫岳,,323,深坑區,土庫,大坪,81
深坑區,土庫岳,,324,深坑區,土庫,大坪,82
深坑區,土庫岳,,325,深坑區,土庫,大坪,11-2
深坑區,土庫岳,,326,深坑區,土庫,大坪,12
深坑區,土庫岳,,327,深坑區,土庫,大坪,12-1
深坑區,土庫岳,,328,深坑區,土庫,大坪,128
深坑區,土庫岳,,329,深坑區,土庫,大坪,12-2
深坑區,土庫岳,,33,深坑區,土庫,土庫尖,173
深坑區,土庫岳,,330,深坑區,土庫,大坪,129
深坑區,土庫岳,,331,深坑區,土庫,大坪,130
深坑區,土庫岳,,332,深坑區,土庫,大坪,125
深坑區,土庫岳,,333,深坑區,土庫,大坪,125-1
深坑區,土庫岳,,334,深坑區,土庫,土庫尖,255
深坑區,土庫岳,,335,深坑區,土庫,土庫尖,254
深坑區,土庫岳,,336,深坑區,土庫,大坪,72
深坑區,土庫岳,,337,深坑區,土庫,大坪,71
深坑區,土庫岳,,338,深坑區,土庫,大坪,3-3
深坑區,土庫岳,,339,深坑區,土庫,大坪,3-4
深坑區,土庫岳,,34,深坑區,土庫,土庫尖,174
深坑區,土庫岳,,340,深坑區,土庫,大坪,3-1
深坑區,土庫岳,,341,深坑區,土庫,大坪,3-2
深坑區,土庫岳,,342,深坑區,土庫,大坪,4-1
深坑區,土庫岳,,344,深坑區,土庫,大坪,3-5
深坑區,土庫岳,,345,深坑區,土庫,大坪,3-6
深坑區,土庫岳,,346,深坑區,土庫,大坪,64
深坑區,土庫岳,,347,深坑區,土庫,大坪,65
深坑區,土庫岳,,348,深坑區,土庫,大坪,5-10
深坑區,土庫岳,,349,深坑區,土庫,大坪,5-9
深坑區,土庫岳,,35,深坑區,土庫,土庫尖,175
深坑區,土庫岳,,350,深坑區,土庫,大坪,66
深坑區,土庫岳,,351,深坑區,土庫,大坪,66-1
深坑區,土庫岳,,352,深坑區,土庫,大坪,5-8
深坑區,土庫岳,,353,深坑區,土庫,大坪,70
深坑區,土庫岳,,354,深坑區,土庫,大坪,67
深坑區,土庫岳,,355,深坑區,土庫,大坪,69
深坑區,土庫岳,,356,深坑區,土庫,大坪,5-1
深坑區,土庫岳,,357,深坑區,土庫,大坪,5-2
深坑區,土庫岳,,358,深坑區,土庫,大坪,5-3
深坑區,土庫岳,,359,深坑區,土庫,大坪,68
深坑區,土庫岳,,36,深坑區,土庫,土庫尖,176
深坑區,土庫岳,,360,深坑區,土庫,大坪,7
深坑區,土庫岳,,361,深坑區,土庫,大坪,5-5
深坑區,土庫岳,,362,深坑區,土庫,大坪,5-6
深坑區,土庫岳,,363,深坑區,土庫,大坪,7-1
深坑區,土庫岳,,364,深坑區,土庫,大坪,20-1
深坑區,土庫岳,,365,深坑區,土庫,大坪,5-7
深坑區,土庫岳,,367,深坑區,土庫,大坪,6-3
深坑區,土庫岳,,368,深坑區,土庫,大坪,8-1
深坑區,土庫岳,,369,深坑區,土庫,大坪,6-5
深坑區,土庫岳,,37,深坑區,土庫,土庫尖,51-8
深坑區,土庫岳,,370,深坑區,土庫,大坪,6-4
深坑區,土庫岳,,371,深坑區,土庫,大坪,8
深坑區,土庫岳,,372,深坑區,土庫,大坪,19-1
深坑區,土庫岳,,373,深坑區,土庫,大坪,19-2
深坑區,土庫岳,,374,深坑區,土庫,大坪,19-3
深坑區,土庫岳,,375,深坑區,土庫,大坪,4-2
深坑區,土庫岳,,376,深坑區,土庫,大坪,13
深坑區,土庫岳,,377,深坑區,土庫,大坪,9-6
深坑區,土庫岳,,378,深坑區,土庫,大坪,9-5
深坑區,土庫岳,,379,深坑區,土庫,大坪,9-1
深坑區,土庫岳,,38,深坑區,土庫,土庫尖,177
深坑區,土庫岳,,380,深坑區,土庫,大坪,9-2
深坑區,土庫岳,,381,深坑區,土庫,大坪,9-3
深坑區,土庫岳,,382,深坑區,土庫,大坪,9-4
深坑區,土庫岳,,383,深坑區,土庫,大坪,10-3
深坑區,土庫岳,,384,深坑區,土庫,大坪,10-2
深坑區,土庫岳,,385,深坑區,土庫,大坪,10-1
深坑區,土庫岳,,387,深坑區,土庫,大坪,17-4
深坑區,土庫岳,,389,深坑區,土庫,大坪,14-3
深坑區,土庫岳,,39,深坑區,土庫,土庫尖,178
深坑區,土庫岳,,390,深坑區,土庫,大坪,132
深坑區,土庫岳,,391,深坑區,土庫,大坪,133
深坑區,土庫岳,,392,深坑區,土庫,大坪,14-1
深坑區,土庫岳,,393,深坑區,土庫,大坪,14-2
深坑區,土庫岳,,394,深坑區,土庫,大坪,131
深坑區,土庫岳,,395,深坑區,土庫,大坪,15-1
深坑區,土庫岳,,396,深坑區,土庫,大坪,15-2
深坑區,土庫岳,,397,深坑區,土庫,大坪,15-4
深坑區,土庫岳,,398,深坑區,土庫,大坪,15-6
深坑區,土庫岳,,399,深坑區,土庫,大坪,15-5
深坑區,土庫岳,,4,深坑區,土庫,土庫尖,2-1
深坑區,土庫岳,,40,深坑區,土庫,土庫尖,53-2
深坑區,土庫岳,,400,深坑區,土庫,大坪,15
深坑區,土庫岳,,401,深坑區,土庫,大坪,134
深坑區,土庫岳,,402,深坑區,土庫,大坪,17-2
深坑區,土庫岳,,403,深坑區,土庫,大坪,16
深坑區,土庫岳,,404,深坑區,土庫,大坪,17-5
深坑區,土庫岳,,405,深坑區,土庫,大坪,17-1
深坑區,土庫岳,,407,深坑區,土庫,大坪,18
深坑區,土庫岳,,409,深坑區,土庫,大坪,21-1
深坑區,土庫岳,,41,深坑區,土庫,土庫尖,53
深坑區,土庫岳,,410,深坑區,土庫,大坪,20-4
深坑區,土庫岳,,411,深坑區,土庫,大坪,20-3
深坑區,土庫岳,,412,深坑區,土庫,大坪,20-2
深坑區,土庫岳,,414,深坑區,土庫,大坪,21-3
深坑區,土庫岳,,415,深坑區,土庫,大坪,145
深坑區,土庫岳,,416,深坑區,土庫,大坪,144
深坑區,土庫岳,,417,深坑區,土庫,大坪,146
深坑區,土庫岳,,418,深坑區,土庫,大坪,21-4
深坑區,土庫岳,,419,深坑區,土庫,大坪,143
深坑區,土庫岳,,42,深坑區,土庫,土庫尖,51
深坑區,土庫岳,,420,深坑區,土庫,大坪,21-5
深坑區,土庫岳,,421,深坑區,土庫,大坪,141
深坑區,土庫岳,,422,深坑區,土庫,大坪,142
深坑區,土庫岳,,423,深坑區,土庫,大坪,22-1
深坑區,土庫岳,,424,深坑區,土庫,大坪,21-6
深坑區,土庫岳,,425,深坑區,土庫,大坪,22-2
深坑區,土庫岳,,426,深坑區,土庫,大坪,24
深坑區,土庫岳,,427,深坑區,土庫,大坪,23
深坑區,土庫岳,,428,深坑區,土庫,大坪,25
深坑區,土庫岳,,429,深坑區,土庫,大坪,32-1
深坑區,土庫岳,,43,深坑區,土庫,土庫尖,51-4
深坑區,土庫岳,,430,深坑區,土庫,大坪,32-2
深坑區,土庫岳,,431,深坑區,土庫,大坪,137
深坑區,土庫岳,,432,深坑區,土庫,大坪,32-3
深坑區,土庫岳,,433,深坑區,土庫,大坪,138
深坑區,土庫岳,,434,深坑區,土庫,大坪,140-2
深坑區,土庫岳,,435,深坑區,土庫,大坪,140-1
深坑區,土庫岳,,436,深坑區,土庫,大坪,140
深坑區,土庫岳,,437,深坑區,土庫,大坪,139
深坑區,土庫岳,,438,深坑區,土庫,大坪,17-6
深坑區,土庫岳,,439,深坑區,土庫,大坪,135
深坑區,土庫岳,,44,深坑區,土庫,土庫尖,1-2
深坑區,土庫岳,,440,深坑區,土庫,大坪,15-3
深坑區,土庫岳,,441,深坑區,土庫,大坪,26
深坑區,土庫岳,,442,深坑區,土庫,大坪,26-3
深坑區,土庫岳,,443,深坑區,土庫,大坪,26-2
深坑區,土庫岳,,444,深坑區,土庫,大坪,137-2
深坑區,土庫岳,,445,深坑區,土庫,大坪,31-3
深坑區,土庫岳,,446,深坑區,土庫,大坪,31-2
深坑區,土庫岳,,447,深坑區,土庫,大坪,31-1
深坑區,土庫岳,,448,深坑區,土庫,大坪,32
深坑區,土庫岳,,449,深坑區,土庫,大坪,31-5
深坑區,土庫岳,,45,深坑區,土庫,土庫尖,56
深坑區,土庫岳,,450,深坑區,土庫,大坪,31
深坑區,土庫岳,,452,深坑區,土庫,大坪,30
深坑區,土庫岳,,453,深坑區,土庫,大坪,29
深坑區,土庫岳,,454,深坑區,土庫,大坪,137-3
深坑區,土庫岳,,455,深坑區,土庫,大坪,137-4
深坑區,土庫岳,,456,深坑區,土庫,大坪,28-1
深坑區,土庫岳,,457,深坑區,土庫,大坪,28-2
深坑區,土庫岳,,458,深坑區,土庫,大坪,28-5
深坑區,土庫岳,,459,深坑區,土庫,大坪,28-4
深坑區,土庫岳,,46,深坑區,土庫,土庫尖,51-7
深坑區,土庫岳,,460,深坑區,土庫,大坪,137-1
深坑區,土庫岳,,461,深坑區,土庫,大坪,26-1
深坑區,土庫岳,,462,深坑區,土庫,大坪,28
深坑區,土庫岳,,463,深坑區,土庫,大坪,27
深坑區,土庫岳,,465,深坑區,土庫,大坪,15-18
深坑區,土庫岳,,466,深坑區,土庫,大坪,136
深坑區,土庫岳,,467,深坑區,土庫,大坪,15-10
深坑區,土庫岳,,468,深坑區,土庫,大坪,15-9
深坑區,土庫岳,,469,深坑區,土庫,大坪,15-11
深坑區,土庫岳,,47,深坑區,土庫,土庫尖,51-2
深坑區,土庫岳,,472,深坑區,土庫,大坪,15-19
深坑區,土庫岳,,473,深坑區,土庫,大坪,15-20
深坑區,土庫岳,,475,深坑區,土庫,大坪,15-12
深坑區,土庫岳,,476,深坑區,土庫,大坪,15-17
深坑區,土庫岳,,477,深坑區,土庫,大坪,15-8
深坑區,土庫岳,,478,深坑區,土庫,大坪,15-7
深坑區,土庫岳,,479,深坑區,土庫,大坪,15-13
深坑區,土庫岳,,48,深坑區,土庫,土庫尖,51-3
深坑區,土庫岳,,480,深坑區,土庫,大坪,15-16
深坑區,土庫岳,,481,深坑區,土庫,大坪,15-15
深坑區,土庫岳,,482,深坑區,土庫,土庫尖,259
深坑區,土庫岳,,483,深坑區,土庫,土庫尖,109-5
深坑區,土庫岳,,484,深坑區,土庫,土庫尖,256
深坑區,土庫岳,,485,深坑區,土庫,土庫尖,258
深坑區,土庫岳,,486,深坑區,土庫,土庫尖,257
深坑區,土庫岳,,487,深坑區,土庫,土庫尖,109-3
深坑區,土庫岳,,488,深坑區,土庫,土庫尖,109-4
深坑區,土庫岳,,489,深坑區,土庫,土庫尖,31-2
深坑區,土庫岳,,49,深坑區,土庫,土庫尖,65-5
深坑區,土庫岳,,490,深坑區,土庫,土庫尖,31-3
深坑區,土庫岳,,491,深坑區,土庫,土庫尖,31-1
深坑區,土庫岳,,492,深坑區,土庫,土庫尖,159
深坑區,土庫岳,,493,深坑區,土庫,土庫尖,200
深坑區,土庫岳,,494,深坑區,土庫,土庫尖,31
深坑區,土庫岳,,495,深坑區,土庫,土庫尖,32
深坑區,土庫岳,,496,深坑區,土庫,土庫尖,33
深坑區,土庫岳,,497,深坑區,土庫,土庫尖,202
深坑區,土庫岳,,498,深坑區,土庫,土庫尖,35
深坑區,土庫岳,,499,深坑區,土庫,土庫尖,40
深坑區,土庫岳,,5,深坑區,土庫,土庫尖,2
深坑區,土庫岳,,50,深坑區,土庫,土庫尖,51-6
深坑區,土庫岳,,500,深坑區,土庫,土庫尖,41
深坑區,土庫岳,,501,深坑區,土庫,土庫尖,201
深坑區,土庫岳,,502,深坑區,土庫,土庫尖,203
深坑區,土庫岳,,503,深坑區,土庫,土庫尖,104-3
深坑區,土庫岳,,504,深坑區,土庫,土庫尖,104-4
深坑區,土庫岳,,505,深坑區,土庫,土庫尖,204
深坑區,土庫岳,,506,深坑區,土庫,土庫尖,206-1
深坑區,土庫岳,,507,深坑區,土庫,土庫尖,161
深坑區,土庫岳,,508,深坑區,土庫,土庫尖,160
深坑區,土庫岳,,509,深坑區,土庫,土庫尖,205-1
深坑區,土庫岳,,51,深坑區,土庫,土庫尖,51-5
深坑區,土庫岳,,510,深坑區,土庫,土庫尖,160-1
深坑區,土庫岳,,511,深坑區,土庫,土庫尖,206
深坑區,土庫岳,,512,深坑區,土庫,土庫尖,160-2
深坑區,土庫岳,,513,深坑區,土庫,土庫尖,205
深坑區,土庫岳,,514,深坑區,土庫,土庫尖,98
深坑區,土庫岳,,516,深坑區,土庫,土庫尖,98-1
深坑區,土庫岳,,518,深坑區,土庫,土庫尖,98-2
深坑區,土庫岳,,519,深坑區,土庫,土庫尖,98-3
深坑區,土庫岳,,52,深坑區,土庫,土庫尖,65-4
深坑區,土庫岳,,520,深坑區,土庫,土庫尖,99
深坑區,土庫岳,,521,深坑區,土庫,土庫尖,99-1
深坑區,土庫岳,,522,深坑區,土庫,土庫尖,102
深坑區,土庫岳,,523,深坑區,土庫,土庫尖,215
深坑區,土庫岳,,524,深坑區,土庫,土庫尖,101-1
深坑區,土庫岳,,525,深坑區,土庫,土庫尖,215-1
深坑區,土庫岳,,526,深坑區,土庫,土庫尖,101
深坑區,土庫岳,,527,深坑區,土庫,土庫尖,100
深坑區,土庫岳,,528,深坑區,土庫,土庫尖,88
深坑區,土庫岳,,529,深坑區,土庫,土庫尖,89-2
深坑區,土庫岳,,53,深坑區,土庫,土庫尖,65-7
深坑區,土庫岳,,530,深坑區,土庫,土庫尖,89-1
深坑區,土庫岳,,531,深坑區,土庫,土庫尖,89
深坑區,土庫岳,,532,深坑區,土庫,土庫尖,90
深坑區,土庫岳,,533,深坑區,土庫,土庫尖,87
深坑區,土庫岳,,534,深坑區,土庫,土庫尖,85
深坑區,土庫岳,,535,深坑區,土庫,土庫尖,84
深坑區,土庫岳,,536,深坑區,土庫,土庫尖,83
深坑區,土庫岳,,537,深坑區,土庫,土庫尖,83-1
深坑區,土庫岳,,538,深坑區,土庫,土庫尖,217-3
深坑區,土庫岳,,539,深坑區,土庫,土庫尖,219
深坑區,土庫岳,,54,深坑區,土庫,土庫尖,51-1
深坑區,土庫岳,,540,深坑區,土庫,土庫尖,78-1
深坑區,土庫岳,,541,深坑區,土庫,土庫尖,78
深坑區,土庫岳,,542,深坑區,土庫,土庫尖,218
深坑區,土庫岳,,543,深坑區,土庫,土庫尖,74-2
深坑區,土庫岳,,544,深坑區,土庫,土庫尖,74-1
深坑區,土庫岳,,545,深坑區,土庫,土庫尖,74
深坑區,土庫岳,,546,深坑區,土庫,土庫尖,158-1
深坑區,土庫岳,,547,深坑區,土庫,土庫尖,158
深坑區,土庫岳,,548,深坑區,土庫,土庫尖,253
深坑區,土庫岳,,549,深坑區,土庫,土庫尖,104-5
深坑區,土庫岳,,55,深坑區,土庫,土庫尖,65-6
深坑區,土庫岳,,550,深坑區,土庫,土庫尖,104-2
深坑區,土庫岳,,551,深坑區,土庫,土庫尖,104-1
深坑區,土庫岳,,552,深坑區,土庫,土庫尖,104-6
深坑區,土庫岳,,553,深坑區,土庫,土庫尖,104
深坑區,土庫岳,,554,深坑區,土庫,土庫尖,104-7
深坑區,土庫岳,,555,深坑區,土庫,土庫尖,104-10
深坑區,土庫岳,,556,深坑區,土庫,土庫尖,104-11
深坑區,土庫岳,,557,深坑區,土庫,土庫尖,104-9
深坑區,土庫岳,,558,深坑區,土庫,土庫尖,104-8
深坑區,土庫岳,,559,深坑區,土庫,土庫尖,207-2
深坑區,土庫岳,,56,深坑區,土庫,土庫尖,65-2
深坑區,土庫岳,,560,深坑區,土庫,土庫尖,207-1
深坑區,土庫岳,,561,深坑區,土庫,土庫尖,207
深坑區,土庫岳,,562,深坑區,土庫,土庫尖,105
深坑區,土庫岳,,563,深坑區,土庫,土庫尖,208
深坑區,土庫岳,,564,深坑區,土庫,土庫尖,106
深坑區,土庫岳,,565,深坑區,土庫,土庫尖,106-1
深坑區,土庫岳,,566,深坑區,土庫,土庫尖,209
深坑區,土庫岳,,567,深坑區,土庫,土庫尖,209-1
深坑區,土庫岳,,568,深坑區,土庫,土庫尖,209-2
深坑區,土庫岳,,569,深坑區,土庫,土庫尖,209-3
深坑區,土庫岳,,57,深坑區,土庫,土庫尖,65-3
深坑區,土庫岳,,570,深坑區,土庫,土庫尖,209-6
深坑區,土庫岳,,571,深坑區,土庫,土庫尖,209-4
深坑區,土庫岳,,572,深坑區,土庫,土庫尖,209-5
深坑區,土庫岳,,573,深坑區,土庫,土庫尖,209-7
深坑區,土庫岳,,574,深坑區,土庫,土庫尖,209-8
深坑區,土庫岳,,575,深坑區,土庫,土庫尖,215-2
深坑區,土庫岳,,576,深坑區,土庫,土庫尖,214
深坑區,土庫岳,,577,深坑區,土庫,土庫尖,102-2
深坑區,土庫岳,,578,深坑區,土庫,土庫尖,212
深坑區,土庫岳,,579,深坑區,土庫,土庫尖,213
深坑區,土庫岳,,58,深坑區,土庫,土庫尖,65-1
深坑區,土庫岳,,580,深坑區,土庫,土庫尖,216
深坑區,土庫岳,,581,深坑區,土庫,土庫尖,217-1
深坑區,土庫岳,,582,深坑區,土庫,土庫尖,83-2
深坑區,土庫岳,,583,深坑區,土庫,土庫尖,157-7
深坑區,土庫岳,,584,深坑區,土庫,土庫尖,157-8
深坑區,土庫岳,,585,深坑區,土庫,土庫尖,157-1
深坑區,土庫岳,,586,深坑區,土庫,土庫尖,157
深坑區,土庫岳,,587,深坑區,土庫,土庫尖,157-2
深坑區,土庫岳,,588,深坑區,土庫,土庫尖,221
深坑區,土庫岳,,589,深坑區,土庫,土庫尖,220
深坑區,土庫岳,,59,深坑區,土庫,土庫尖,64
深坑區,土庫岳,,590,深坑區,土庫,土庫尖,157-3
深坑區,土庫岳,,591,深坑區,土庫,土庫尖,157-4
深坑區,土庫岳,,592,深坑區,土庫,土庫尖,157-5
深坑區,土庫岳,,593,深坑區,土庫,土庫尖,222
深坑區,土庫岳,,594,深坑區,土庫,土庫尖,157-6
深坑區,土庫岳,,595,深坑區,土庫,土庫尖,217
深坑區,土庫岳,,596,深坑區,土庫,土庫尖,217-2
深坑區,土庫岳,,597,深坑區,土庫,土庫尖,211
深坑區,土庫岳,,598,深坑區,土庫,土庫尖,108-9
深坑區,土庫岳,,599,深坑區,土庫,土庫尖,108-8
深坑區,土庫岳,,6,深坑區,土庫,土庫尖,1-9
深坑區,土庫岳,,60,深坑區,土庫,土庫尖,65
深坑區,土庫岳,,600,深坑區,土庫,土庫尖,210
深坑區,土庫岳,,601,深坑區,土庫,土庫尖,108-11
深坑區,土庫岳,,602,深坑區,土庫,土庫尖,251-1
深坑區,土庫岳,,603,深坑區,土庫,土庫尖,108-2
深坑區,土庫岳,,604,深坑區,土庫,土庫尖,108-1
深坑區,土庫岳,,605,深坑區,土庫,土庫尖,108-10
深坑區,土庫岳,,606,深坑區,土庫,土庫尖,108
深坑區,土庫岳,,607,深坑區,土庫,土庫尖,251-2
深坑區,土庫岳,,608,深坑區,土庫,土庫尖,251
深坑區,土庫岳,,609,深坑區,土庫,土庫尖,251-3
深坑區,土庫岳,,61,深坑區,土庫,土庫尖,63
深坑區,土庫岳,,610,深坑區,土庫,土庫尖,251-4
深坑區,土庫岳,,611,深坑區,土庫,土庫尖,250-2
深坑區,土庫岳,,612,深坑區,土庫,土庫尖,250-1
深坑區,土庫岳,,613,深坑區,土庫,土庫尖,250
深坑區,土庫岳,,614,深坑區,土庫,土庫尖,249
深坑區,土庫岳,,615,深坑區,土庫,土庫尖,249-1
深坑區,土庫岳,,616,深坑區,土庫,土庫尖,249-2
深坑區,土庫岳,,617,深坑區,土庫,土庫尖,108-12
深坑區,土庫岳,,618,深坑區,土庫,土庫尖,252
深坑區,土庫岳,,619,深坑區,土庫,土庫尖,112-1
深坑區,土庫岳,,62,深坑區,土庫,土庫尖,66
深坑區,土庫岳,,620,深坑區,土庫,土庫尖,109-2
深坑區,土庫岳,,621,深坑區,土庫,土庫尖,109-1
深坑區,土庫岳,,622,深坑區,土庫,土庫尖,109
深坑區,土庫岳,,623,深坑區,土庫,土庫尖,110
深坑區,土庫岳,,624,深坑區,土庫,土庫尖,247
深坑區,土庫岳,,625,深坑區,土庫,土庫尖,118
深坑區,土庫岳,,627,深坑區,土庫,土庫尖,248
深坑區,土庫岳,,628,深坑區,土庫,土庫尖,108-3
深坑區,土庫岳,,629,深坑區,土庫,土庫尖,119
深坑區,土庫岳,,63,深坑區,土庫,土庫尖,68
深坑區,土庫岳,,630,深坑區,土庫,土庫尖,166
深坑區,土庫岳,,631,深坑區,土庫,土庫尖,121
深坑區,土庫岳,,632,深坑區,土庫,土庫尖,119-4
深坑區,土庫岳,,633,深坑區,土庫,土庫尖,119-6
深坑區,土庫岳,,634,深坑區,土庫,土庫尖,119-2
深坑區,土庫岳,,635,深坑區,土庫,土庫尖,119-5
深坑區,土庫岳,,637,深坑區,土庫,土庫尖,248-1
深坑區,土庫岳,,638,深坑區,土庫,土庫尖,108-4
深坑區,土庫岳,,639,深坑區,土庫,土庫尖,108-14
深坑區,土庫岳,,64,深坑區,土庫,土庫尖,69
深坑區,土庫岳,,640,深坑區,土庫,土庫尖,108-13
深坑區,土庫岳,,641,深坑區,土庫,土庫尖,108-15
深坑區,土庫岳,,642,深坑區,土庫,土庫尖,108-5
深坑區,土庫岳,,643,深坑區,土庫,土庫尖,108-6
深坑區,土庫岳,,644,深坑區,土庫,土庫尖,108-7
深坑區,土庫岳,,645,深坑區,土庫,土庫尖,223
深坑區,土庫岳,,646,深坑區,土庫,土庫尖,224
深坑區,土庫岳,,647,深坑區,土庫,土庫尖,228
深坑區,土庫岳,,648,深坑區,土庫,土庫尖,225
深坑區,土庫岳,,649,深坑區,土庫,土庫尖,227
深坑區,土庫岳,,65,深坑區,土庫,土庫尖,70
深坑區,土庫岳,,650,深坑區,土庫,土庫尖,226
深坑區,土庫岳,,651,深坑區,土庫,土庫尖,131-8
深坑區,土庫岳,,652,深坑區,土庫,土庫尖,131-9
深坑區,土庫岳,,653,深坑區,土庫,土庫尖,131-10
深坑區,土庫岳,,654,深坑區,土庫,土庫尖,131-7
深坑區,土庫岳,,655,深坑區,土庫,土庫尖,229
深坑區,土庫岳,,656,深坑區,土庫,土庫尖,263-1
深坑區,土庫岳,,657,深坑區,土庫,土庫尖,263
深坑區,土庫岳,,658,深坑區,土庫,土庫尖,264
深坑區,土庫岳,,659,深坑區,土庫,土庫尖,165-4
深坑區,土庫岳,,66,深坑區,土庫,土庫尖,70-1
深坑區,土庫岳,,660,深坑區,土庫,土庫尖,113-7
深坑區,土庫岳,,661,深坑區,土庫,土庫尖,262
深坑區,土庫岳,,662,深坑區,土庫,大坪,15-14
深坑區,土庫岳,,663,深坑區,土庫,土庫尖,113-9
深坑區,土庫岳,,664,深坑區,土庫,土庫尖,113-3
深坑區,土庫岳,,665,深坑區,土庫,土庫尖,113-2
深坑區,土庫岳,,666,深坑區,土庫,土庫尖,113-1
深坑區,土庫岳,,667,深坑區,土庫,土庫尖,112
深坑區,土庫岳,,668,深坑區,土庫,土庫尖,112-3
深坑區,土庫岳,,669,深坑區,土庫,土庫尖,112-5
深坑區,土庫岳,,67,深坑區,土庫,土庫尖,70-2
深坑區,土庫岳,,670,深坑區,土庫,土庫尖,111
深坑區,土庫岳,,671,深坑區,土庫,土庫尖,246
深坑區,土庫岳,,672,深坑區,土庫,土庫尖,245
深坑區,土庫岳,,673,深坑區,土庫,土庫尖,112-2
深坑區,土庫岳,,674,深坑區,土庫,土庫尖,112-4
深坑區,土庫岳,,675,深坑區,土庫,土庫尖,116
深坑區,土庫岳,,676,深坑區,土庫,土庫尖,113
深坑區,土庫岳,,677,深坑區,土庫,土庫尖,244
深坑區,土庫岳,,678,深坑區,土庫,土庫尖,114
深坑區,土庫岳,,679,深坑區,土庫,土庫尖,115
深坑區,土庫岳,,680,深坑區,土庫,土庫尖,243
深坑區,土庫岳,,681,深坑區,土庫,土庫尖,116-1
深坑區,土庫岳,,682,深坑區,土庫,土庫尖,122
深坑區,土庫岳,,683,深坑區,土庫,土庫尖,123
深坑區,土庫岳,,684,深坑區,土庫,土庫尖,123-1
深坑區,土庫岳,,685,深坑區,土庫,土庫尖,162
深坑區,土庫岳,,686,深坑區,土庫,土庫尖,163
深坑區,土庫岳,,687,深坑區,土庫,土庫尖,123-2
深坑區,土庫岳,,688,深坑區,土庫,土庫尖,123-3
深坑區,土庫岳,,689,深坑區,土庫,土庫尖,123-4
深坑區,土庫岳,,690,深坑區,土庫,土庫尖,125-1
深坑區,土庫岳,,691,深坑區,土庫,土庫尖,125
深坑區,土庫岳,,692,深坑區,土庫,土庫尖,164
深坑區,土庫岳,,693,深坑區,土庫,土庫尖,126
深坑區,土庫岳,,694,深坑區,土庫,土庫尖,233
深坑區,土庫岳,,695,深坑區,土庫,土庫尖,260
深坑區,土庫岳,,696,深坑區,土庫,土庫尖,261
深坑區,土庫岳,,697,深坑區,土庫,土庫尖,113-4
深坑區,土庫岳,,698,深坑區,土庫,土庫尖,266
深坑區,土庫岳,,699,深坑區,土庫,土庫尖,267
深坑區,土庫岳,,7,深坑區,土庫,土庫尖,7-3
深坑區,土庫岳,,70,深坑區,土庫,土庫尖,73
深坑區,土庫岳,,700,深坑區,土庫,土庫尖,113-5
深坑區,土庫岳,,701,深坑區,土庫,土庫尖,113-8
深坑區,土庫岳,,702,深坑區,土庫,土庫尖,113-6
深坑區,土庫岳,,703,深坑區,土庫,土庫尖,265
深坑區,土庫岳,,704,深坑區,土庫,土庫尖,165-7
深坑區,土庫岳,,705,深坑區,土庫,土庫尖,165-3
深坑區,土庫岳,,706,深坑區,土庫,土庫尖,267-2
深坑區,土庫岳,,707,深坑區,土庫,土庫尖,165-6
深坑區,土庫岳,,708,深坑區,土庫,土庫尖,165-2
深坑區,土庫岳,,709,深坑區,土庫,土庫尖,165-1
深坑區,土庫岳,,71,深坑區,土庫,土庫尖,73-1
深坑區,土庫岳,,710,深坑區,土庫,土庫尖,165-5
深坑區,土庫岳,,711,深坑區,土庫,土庫尖,165
深坑區,土庫岳,,712,深坑區,土庫,土庫尖,135-6
深坑區,土庫岳,,713,深坑區,土庫,土庫尖,135-3
深坑區,土庫岳,,714,深坑區,土庫,土庫尖,267-1
深坑區,土庫岳,,715,深坑區,土庫,土庫尖,242
深坑區,土庫岳,,716,深坑區,土庫,土庫尖,136
深坑區,土庫岳,,717,深坑區,土庫,土庫尖,127-1
深坑區,土庫岳,,718,深坑區,土庫,土庫尖,127
深坑區,土庫岳,,719,深坑區,土庫,土庫尖,127-2
深坑區,土庫岳,,720,深坑區,土庫,土庫尖,127-3
深坑區,土庫岳,,721,深坑區,土庫,土庫尖,241
深坑區,土庫岳,,722,深坑區,土庫,土庫尖,128
深坑區,土庫岳,,723,深坑區,土庫,土庫尖,129
深坑區,土庫岳,,724,深坑區,土庫,土庫尖,136-1
深坑區,土庫岳,,725,深坑區,土庫,土庫尖,135-4
深坑區,土庫岳,,726,深坑區,土庫,土庫尖,135-5
深坑區,土庫岳,,727,深坑區,土庫,土庫尖,239-1
深坑區,土庫岳,,728,深坑區,土庫,土庫尖,239
深坑區,土庫岳,,729,深坑區,土庫,土庫尖,135-1
深坑區,土庫岳,,730,深坑區,土庫,土庫尖,242-1
深坑區,土庫岳,,731,深坑區,土庫,土庫尖,242-2
深坑區,土庫岳,,732,深坑區,土庫,土庫尖,240
深坑區,土庫岳,,733,深坑區,土庫,土庫尖,238
深坑區,土庫岳,,734,深坑區,土庫,土庫尖,237
深坑區,土庫岳,,735,深坑區,土庫,土庫尖,134
深坑區,土庫岳,,736,深坑區,土庫,土庫尖,236
深坑區,土庫岳,,737,深坑區,土庫,土庫尖,133
深坑區,土庫岳,,738,深坑區,土庫,土庫尖,235
深坑區,土庫岳,,739,深坑區,土庫,土庫尖,131
深坑區,土庫岳,,740,深坑區,土庫,土庫尖,132
深坑區,土庫岳,,741,深坑區,土庫,土庫尖,119-3
深坑區,土庫岳,,742,深坑區,土庫,土庫尖,248-2
深坑區,土庫岳,,743,深坑區,土庫,土庫尖,119-1
深坑區,土庫岳,,744,深坑區,土庫,土庫尖,120-1
深坑區,土庫岳,,745,深坑區,土庫,土庫尖,120-2
深坑區,土庫岳,,746,深坑區,土庫,土庫尖,131-5
深坑區,土庫岳,,747,深坑區,土庫,土庫尖,131-6
深坑區,土庫岳,,748,深坑區,土庫,土庫尖,131-4
深坑區,土庫岳,,749,深坑區,土庫,土庫尖,234
深坑區,土庫岳,,75,深坑區,土庫,土庫尖,277
深坑區,土庫岳,,750,深坑區,土庫,土庫尖,131-3
深坑區,土庫岳,,751,深坑區,土庫,土庫尖,131-1
深坑區,土庫岳,,752,深坑區,土庫,土庫尖,131-2
深坑區,土庫岳,,753,深坑區,土庫,土庫尖,232-1
深坑區,土庫岳,,754,深坑區,土庫,土庫尖,231
深坑區,土庫岳,,755,深坑區,土庫,土庫尖,131-11
深坑區,土庫岳,,757,深坑區,土庫,土庫尖,232
深坑區,土庫岳,,758,深坑區,土庫,土庫尖,230
深坑區,土庫岳,,759,深坑區,土庫,土庫尖,131-12
深坑區,土庫岳,,761,深坑區,土庫,土庫尖,131-13
深坑區,土庫岳,,763,深坑區,土庫,土庫尖,137
深坑區,土庫岳,,764,深坑區,土庫,土庫尖,137-1
深坑區,土庫岳,,765,深坑區,土庫,土庫尖,137-2
深坑區,土庫岳,,766,深坑區,土庫,土庫尖,137-3
深坑區,土庫岳,,767,深坑區,土庫,土庫尖,135-7
深坑區,土庫岳,,768,深坑區,土庫,土庫尖,135
深坑區,土庫岳,,769,深坑區,土庫,土庫尖,137-4
深坑區,土庫岳,,77,深坑區,土庫,土庫尖,62
深坑區,土庫岳,,770,深坑區,土庫,土庫尖,141
深坑區,土庫岳,,771,深坑區,土庫,土庫尖,142
深坑區,土庫岳,,772,深坑區,土庫,土庫尖,144
深坑區,土庫岳,,773,深坑區,土庫,土庫尖,143
深坑區,土庫岳,,774,深坑區,土庫,土庫尖,143-1
深坑區,土庫岳,,775,深坑區,土庫,土庫尖,143-2
深坑區,土庫岳,,776,深坑區,土庫,土庫尖,268
深坑區,土庫岳,,777,深坑區,土庫,土庫尖,269
深坑區,土庫岳,,778,深坑區,土庫,土庫尖,270
深坑區,土庫岳,,779,深坑區,土庫,土庫尖,143-3
深坑區,土庫岳,,78,深坑區,土庫,土庫尖,61
深坑區,土庫岳,,781,深坑區,土庫,土庫尖,271
深坑區,土庫岳,,782,深坑區,土庫,土庫尖,138-1
深坑區,土庫岳,,783,深坑區,土庫,土庫尖,140-1
深坑區,土庫岳,,784,深坑區,土庫,土庫尖,137-5
深坑區,土庫岳,,785,深坑區,土庫,土庫尖,137-6
深坑區,土庫岳,,786,深坑區,土庫,土庫尖,144-1
深坑區,土庫岳,,788,深坑區,土庫,土庫尖,146
深坑區,土庫岳,,789,深坑區,土庫,土庫尖,146-1
深坑區,土庫岳,,79,深坑區,土庫,土庫尖,59
深坑區,土庫岳,,790,深坑區,土庫,土庫尖,148-1
深坑區,土庫岳,,791,深坑區,土庫,土庫尖,148
深坑區,土庫岳,,792,深坑區,土庫,土庫尖,148-2
深坑區,土庫岳,,793,深坑區,土庫,土庫尖,148-3
深坑區,土庫岳,,794,深坑區,土庫,土庫尖,276
深坑區,土庫岳,,795,深坑區,土庫,土庫尖,150
深坑區,土庫岳,,796,深坑區,土庫,土庫尖,151
深坑區,土庫岳,,797,深坑區,土庫,土庫尖,153-1
深坑區,土庫岳,,798,深坑區,土庫,土庫尖,152-1
深坑區,土庫岳,,799,深坑區,土庫,土庫尖,152
深坑區,土庫岳,,8,深坑區,土庫,土庫尖,7-1
深坑區,土庫岳,,800,深坑區,土庫,土庫尖,156
深坑區,土庫岳,,801,深坑區,土庫,土庫尖,155
深坑區,土庫岳,,802,深坑區,土庫,土庫尖,275
深坑區,土庫岳,,803,深坑區,土庫,土庫尖,153
深坑區,土庫岳,,804,深坑區,土庫,土庫尖,273
深坑區,土庫岳,,805,深坑區,土庫,土庫尖,272
深坑區,土庫岳,,806,深坑區,土庫,土庫尖,274
深坑區,土庫岳,,807,深坑區,土庫,土庫尖,190-1
深坑區,土庫岳,,808,深坑區,土庫,土庫尖,190-2
深坑區,土庫岳,,809,深坑區,土庫,土庫尖,190-3
深坑區,土庫岳,,82,深坑區,土庫,土庫尖,57-1
深坑區,土庫岳,,83,深坑區,土庫,土庫尖,58
深坑區,土庫岳,,84,深坑區,土庫,土庫尖,57
深坑區,土庫岳,,85,深坑區,土庫,土庫尖,58-1
深坑區,土庫岳,,86,深坑區,土庫,土庫尖,60
深坑區,土庫岳,,87,深坑區,土庫,土庫尖,60-1
深坑區,土庫岳,,88,深坑區,土庫,土庫尖,57-2
深坑區,土庫岳,,89,深坑區,土庫,土庫尖,179-2
深坑區,土庫岳,,9,深坑區,土庫,土庫尖,7-4
深坑區,土庫岳,,90,深坑區,土庫,土庫尖,93
深坑區,土庫岳,,91,深坑區,土庫,土庫尖,179
深坑區,土庫岳,,92,深坑區,土庫,土庫尖,53-1
深坑區,土庫岳,,93,深坑區,土庫,土庫尖,179-1
深坑區,土庫岳,,94,深坑區,土庫,土庫尖,94-5
深坑區,土庫岳,,97,深坑區,土庫,土庫尖,95
深坑區,土庫岳,,98,深坑區,土庫,土庫尖,92
深坑區,埔新,,1,深坑區,深坑子,草地頭,15-34
深坑區,埔新,,10,深坑區,深坑子,草地頭,15-41
深坑區,埔新,,100,深坑區,深坑子,新埤內,100-2
深坑區,埔新,,1000,深坑區,深坑子,深坑子,201-4
深坑區,埔新,,1001,深坑區,深坑子,深坑子,200
深坑區,埔新,,1002,深坑區,深坑子,深坑子,202
深坑區,埔新,,1003,深坑區,深坑子,深坑子,202-3
深坑區,埔新,,1004,深坑區,深坑子,深坑子,207-1
深坑區,埔新,,1005,深坑區,深坑子,深坑子,207-5
深坑區,埔新,,1006,深坑區,深坑子,深坑子,207-4
深坑區,埔新,,1007,深坑區,深坑子,深坑子,207-3
深坑區,埔新,,1008,深坑區,深坑子,深坑子,208
深坑區,埔新,,1009,深坑區,深坑子,深坑子,207-9
深坑區,埔新,,101,深坑區,深坑子,新埤內,100-1
深坑區,埔新,,1010,深坑區,深坑子,深坑子,209-19
深坑區,埔新,,1011,深坑區,深坑子,深坑子,208-1
深坑區,埔新,,1012,深坑區,深坑子,深坑,41-5
深坑區,埔新,,1013,深坑區,深坑子,深坑,41-1
深坑區,埔新,,1014,深坑區,深坑子,深坑,41
深坑區,埔新,,1015,深坑區,深坑子,深坑子,201-7
深坑區,埔新,,1016,深坑區,深坑子,深坑子,201-3
深坑區,埔新,,1017,深坑區,深坑子,深坑,15-2
深坑區,埔新,,1018,深坑區,深坑子,深坑子,201-5
深坑區,埔新,,1019,深坑區,深坑子,深坑子,199-1
深坑區,埔新,,102,深坑區,深坑子,深坑子,1-12
深坑區,埔新,,1020,深坑區,深坑子,深坑子,198-2
深坑區,埔新,,1021,深坑區,深坑子,深坑子,201-2
深坑區,埔新,,1022,深坑區,深坑子,深坑,15-4
深坑區,埔新,,1023,深坑區,深坑子,深坑子,198-8
深坑區,埔新,,1024,深坑區,深坑子,深坑子,198-1
深坑區,埔新,,1025,深坑區,深坑子,深坑子,198-10
深坑區,埔新,,1026,深坑區,深坑子,深坑子,198-6
深坑區,埔新,,1027,深坑區,深坑子,深坑子,229
深坑區,埔新,,1028,深坑區,深坑子,深坑,1-4
深坑區,埔新,,1029,深坑區,深坑子,深坑,20-1
深坑區,埔新,,103,深坑區,深坑子,深坑子,1-6
深坑區,埔新,,1030,深坑區,深坑子,深坑,1-3
深坑區,埔新,,1031,深坑區,深坑子,深坑,15-8
深坑區,埔新,,1032,深坑區,深坑子,深坑,15-9
深坑區,埔新,,1033,深坑區,深坑子,深坑,8-1
深坑區,埔新,,1034,深坑區,深坑子,深坑,13
深坑區,埔新,,1035,深坑區,深坑子,深坑,13-1
深坑區,埔新,,1036,深坑區,深坑子,深坑,13-4
深坑區,埔新,,1037,深坑區,深坑子,深坑,15-5
深坑區,埔新,,1038,深坑區,深坑子,深坑,14
深坑區,埔新,,1039,深坑區,深坑子,深坑,21-1
深坑區,埔新,,104,深坑區,深坑子,深坑子,1-1
深坑區,埔新,,1040,深坑區,深坑子,深坑,25-1
深坑區,埔新,,1041,深坑區,深坑子,深坑子,198-9
深坑區,埔新,,1042,深坑區,深坑子,深坑子,198-3
深坑區,埔新,,1043,深坑區,深坑子,深坑,15-7
深坑區,埔新,,1044,深坑區,深坑子,深坑,12
深坑區,埔新,,1045,深坑區,深坑子,深坑,17
深坑區,埔新,,1046,深坑區,深坑子,深坑,15-3
深坑區,埔新,,1047,深坑區,深坑子,深坑,15-1
深坑區,埔新,,1048,深坑區,深坑子,深坑,11
深坑區,埔新,,1049,深坑區,深坑子,深坑,8
深坑區,埔新,,105,深坑區,深坑子,新埤內,45-2
深坑區,埔新,,1050,深坑區,深坑子,深坑,9
深坑區,埔新,,1051,深坑區,深坑子,深坑,10
深坑區,埔新,,1052,深坑區,深坑子,深坑,15
深坑區,埔新,,1053,深坑區,深坑子,深坑,24-1
深坑區,埔新,,1054,深坑區,深坑子,深坑,26-8
深坑區,埔新,,1055,深坑區,深坑子,深坑,29-1
深坑區,埔新,,1056,深坑區,深坑子,深坑,32-1
深坑區,埔新,,1057,深坑區,深坑子,深坑,7-1
深坑區,埔新,,1058,深坑區,深坑子,深坑,15-6
深坑區,埔新,,1059,深坑區,深坑子,深坑,20
深坑區,埔新,,106,深坑區,深坑子,新埤內,45-4
深坑區,埔新,,1060,深坑區,深坑子,深坑,24
深坑區,埔新,,1061,深坑區,深坑子,深坑,23
深坑區,埔新,,1062,深坑區,深坑子,深坑,23-1
深坑區,埔新,,1063,深坑區,深坑子,深坑,26-1
深坑區,埔新,,1064,深坑區,深坑子,深坑,36-1
深坑區,埔新,,1065,深坑區,深坑子,深坑,30
深坑區,埔新,,1066,深坑區,深坑子,深坑,30-1
深坑區,埔新,,1067,深坑區,深坑子,深坑,31
深坑區,埔新,,1068,深坑區,深坑子,深坑,39-3
深坑區,埔新,,1069,深坑區,深坑子,深坑,31-1
深坑區,埔新,,107,深坑區,深坑子,深坑子,2-3
深坑區,埔新,,1070,深坑區,深坑子,深坑,32
深坑區,埔新,,1071,深坑區,深坑子,深坑,33
深坑區,埔新,,1072,深坑區,深坑子,深坑,49-12
深坑區,埔新,,1073,深坑區,深坑子,深坑,42-1
深坑區,埔新,,1074,深坑區,深坑子,深坑,43-1
深坑區,埔新,,1075,深坑區,深坑子,深坑,48-1
深坑區,埔新,,1076,深坑區,深坑子,深坑,44-1
深坑區,埔新,,1077,深坑區,深坑子,深坑,49-6
深坑區,埔新,,1078,深坑區,深坑子,深坑,33-1
深坑區,埔新,,1079,深坑區,深坑子,深坑,34
深坑區,埔新,,108,深坑區,深坑子,深坑子,1-2
深坑區,埔新,,1080,深坑區,深坑子,深坑,34-1
深坑區,埔新,,1081,深坑區,深坑子,深坑,45-1
深坑區,埔新,,1082,深坑區,深坑子,深坑,35-1
深坑區,埔新,,1083,深坑區,深坑子,深坑,40
深坑區,埔新,,1084,深坑區,深坑子,深坑,40-1
深坑區,埔新,,1085,深坑區,深坑子,深坑,41-3
深坑區,埔新,,1086,深坑區,深坑子,深坑,41-2
深坑區,埔新,,1087,深坑區,深坑子,深坑,46
深坑區,埔新,,1088,深坑區,深坑子,深坑,46-1
深坑區,埔新,,1089,深坑區,深坑子,深坑,47-1
深坑區,埔新,,109,深坑區,深坑子,深坑子,1-7
深坑區,埔新,,1090,深坑區,深坑子,深坑子,201-8
深坑區,埔新,,1091,深坑區,深坑子,深坑子,201-1
深坑區,埔新,,1092,深坑區,深坑子,深坑,41-4
深坑區,埔新,,1093,深坑區,深坑子,深坑,47
深坑區,埔新,,1094,深坑區,深坑子,深坑,50-2
深坑區,埔新,,1095,深坑區,深坑子,深坑,50
深坑區,埔新,,1096,深坑區,深坑子,深坑,51
深坑區,埔新,,1097,深坑區,深坑子,深坑,50-1
深坑區,埔新,,1098,深坑區,深坑子,深坑,54-1
深坑區,埔新,,1099,深坑區,深坑子,深坑,56-5
深坑區,埔新,,11,深坑區,深坑子,草地頭,15-42
深坑區,埔新,,110,深坑區,深坑子,深坑子,1-13
深坑區,埔新,,1100,深坑區,深坑子,深坑,56-6
深坑區,埔新,,1101,深坑區,深坑子,深坑,56-7
深坑區,埔新,,1102,深坑區,深坑子,深坑,61-1
深坑區,埔新,,1103,深坑區,深坑子,深坑,62-1
深坑區,埔新,,1104,深坑區,深坑子,深坑,66-1
深坑區,埔新,,1105,深坑區,深坑子,深坑,68-1
深坑區,埔新,,1106,深坑區,深坑子,深坑,71-1
深坑區,埔新,,1107,深坑區,深坑子,深坑,72-1
深坑區,埔新,,1108,深坑區,深坑子,深坑,76-1
深坑區,埔新,,1109,深坑區,深坑子,深坑,77-1
深坑區,埔新,,111,深坑區,深坑子,深坑子,2-2
深坑區,埔新,,1110,深坑區,深坑子,深坑,79
深坑區,埔新,,1111,深坑區,深坑子,深坑,80-1
深坑區,埔新,,1112,深坑區,深坑子,深坑,82-1
深坑區,埔新,,1113,深坑區,深坑子,深坑,50-3
深坑區,埔新,,1114,深坑區,深坑子,深坑子,208-2
深坑區,埔新,,1115,深坑區,深坑子,深坑子,208-3
深坑區,埔新,,1116,深坑區,深坑子,深坑,52
深坑區,埔新,,1117,深坑區,深坑子,深坑,51-1
深坑區,埔新,,1118,深坑區,深坑子,深坑,52-1
深坑區,埔新,,1119,深坑區,深坑子,深坑,91-2
深坑區,埔新,,112,深坑區,深坑子,深坑子,230
深坑區,埔新,,1120,深坑區,深坑子,深坑,57-1
深坑區,埔新,,1121,深坑區,深坑子,深坑,57
深坑區,埔新,,1122,深坑區,深坑子,深坑,58
深坑區,埔新,,1123,深坑區,深坑子,深坑,58-1
深坑區,埔新,,1124,深坑區,深坑子,深坑,59
深坑區,埔新,,1125,深坑區,深坑子,深坑,59-1
深坑區,埔新,,1126,深坑區,深坑子,深坑,64
深坑區,埔新,,1127,深坑區,深坑子,深坑,60
深坑區,埔新,,1128,深坑區,深坑子,深坑,60-1
深坑區,埔新,,1129,深坑區,深坑子,深坑,63-1
深坑區,埔新,,113,深坑區,深坑子,深坑子,231-2
深坑區,埔新,,1130,深坑區,深坑子,深坑,65-1
深坑區,埔新,,1131,深坑區,深坑子,深坑,65
深坑區,埔新,,1132,深坑區,深坑子,深坑子,209-1
深坑區,埔新,,1133,深坑區,深坑子,深坑,69
深坑區,埔新,,1134,深坑區,深坑子,深坑,69-1
深坑區,埔新,,1135,深坑區,深坑子,深坑,70-1
深坑區,埔新,,1136,深坑區,深坑子,深坑,70
深坑區,埔新,,1137,深坑區,深坑子,深坑子,209-11
深坑區,埔新,,1138,深坑區,深坑子,深坑子,209-10
深坑區,埔新,,1139,深坑區,深坑子,深坑子,209-9
深坑區,埔新,,114,深坑區,深坑子,深坑子,230-3
深坑區,埔新,,1140,深坑區,深坑子,深坑,73
深坑區,埔新,,1141,深坑區,深坑子,深坑,73-1
深坑區,埔新,,1142,深坑區,深坑子,深坑,74-1
深坑區,埔新,,1143,深坑區,深坑子,深坑,74
深坑區,埔新,,1144,深坑區,深坑子,深坑子,209-8
深坑區,埔新,,1145,深坑區,深坑子,深坑子,209-7
深坑區,埔新,,1146,深坑區,深坑子,深坑,75
深坑區,埔新,,1147,深坑區,深坑子,深坑,75-1
深坑區,埔新,,1148,深坑區,深坑子,深坑,78-1
深坑區,埔新,,1149,深坑區,深坑子,深坑,78
深坑區,埔新,,115,深坑區,深坑子,深坑子,230-1
深坑區,埔新,,1150,深坑區,深坑子,深坑子,210-17
深坑區,埔新,,1151,深坑區,深坑子,深坑子,210-20
深坑區,埔新,,1152,深坑區,深坑子,深坑子,210-21
深坑區,埔新,,1153,深坑區,深坑子,深坑子,209-6
深坑區,埔新,,1154,深坑區,深坑子,深坑子,209-5
深坑區,埔新,,1155,深坑區,深坑子,深坑子,207-14
深坑區,埔新,,1156,深坑區,深坑子,深坑子,207-13
深坑區,埔新,,1157,深坑區,深坑子,深坑子,209-12
深坑區,埔新,,1158,深坑區,深坑子,深坑子,209-20
深坑區,埔新,,1159,深坑區,深坑子,深坑子,209-15
深坑區,埔新,,116,深坑區,深坑子,深坑子,232-1
深坑區,埔新,,1160,深坑區,深坑子,深坑子,209-18
深坑區,埔新,,1161,深坑區,深坑子,深坑子,209-17
深坑區,埔新,,1162,深坑區,深坑子,深坑子,209-16
深坑區,埔新,,1163,深坑區,深坑子,深坑子,209-14
深坑區,埔新,,1164,深坑區,深坑子,深坑子,209-4
深坑區,埔新,,1165,深坑區,深坑子,深坑子,209
深坑區,埔新,,1166,深坑區,深坑子,深坑子,209-3
深坑區,埔新,,1167,深坑區,深坑子,深坑,88-4
深坑區,埔新,,1168,深坑區,深坑子,深坑子,209-2
深坑區,埔新,,1169,深坑區,深坑子,深坑,87
深坑區,埔新,,117,深坑區,深坑子,深坑子,2-4
深坑區,埔新,,1170,深坑區,深坑子,深坑,84
深坑區,埔新,,1171,深坑區,深坑子,深坑,88
深坑區,埔新,,1172,深坑區,深坑子,深坑,88-2
深坑區,埔新,,1173,深坑區,深坑子,深坑,83
深坑區,埔新,,1174,深坑區,深坑子,深坑,83-1
深坑區,埔新,,1175,深坑區,深坑子,深坑,79-1
深坑區,埔新,,1176,深坑區,深坑子,深坑,84-1
深坑區,埔新,,1177,深坑區,深坑子,深坑,87-2
深坑區,埔新,,1178,深坑區,深坑子,深坑子,212-3
深坑區,埔新,,1179,深坑區,深坑子,深坑,87-1
深坑區,埔新,,118,深坑區,深坑子,深坑子,231
深坑區,埔新,,1180,深坑區,深坑子,深坑子,209-13
深坑區,埔新,,1181,深坑區,深坑子,深坑子,209-21
深坑區,埔新,,1182,深坑區,深坑子,深坑,89-1
深坑區,埔新,,1183,深坑區,深坑子,深坑子,210-18
深坑區,埔新,,1184,深坑區,深坑子,深坑子,210-7
深坑區,埔新,,1185,深坑區,深坑子,深坑子,210-19
深坑區,埔新,,1186,深坑區,深坑子,深坑子,210-8
深坑區,埔新,,1187,深坑區,深坑子,深坑,88-1
深坑區,埔新,,1188,深坑區,深坑子,深坑,89
深坑區,埔新,,1189,深坑區,深坑子,深坑,88-3
深坑區,埔新,,119,深坑區,深坑子,深坑子,3-1
深坑區,埔新,,1190,深坑區,深坑子,深坑,88-5
深坑區,埔新,,1191,深坑區,深坑子,深坑,88-6
深坑區,埔新,,1192,深坑區,深坑子,深坑,86
深坑區,埔新,,1193,深坑區,深坑子,深坑,93-3
深坑區,埔新,,1194,深坑區,深坑子,深坑,91
深坑區,埔新,,1195,深坑區,深坑子,深坑,94
深坑區,埔新,,1196,深坑區,深坑子,深坑,97
深坑區,埔新,,1197,深坑區,深坑子,深坑,93-2
深坑區,埔新,,1198,深坑區,深坑子,深坑,93-1
深坑區,埔新,,1199,深坑區,深坑子,深坑,92
深坑區,埔新,,12,深坑區,深坑子,草地頭,1-8
深坑區,埔新,,120,深坑區,深坑子,深坑子,3
深坑區,埔新,,1200,深坑區,深坑子,深坑,81
深坑區,埔新,,1201,深坑區,深坑子,深坑,81-2
深坑區,埔新,,1202,深坑區,深坑子,深坑,95-3
深坑區,埔新,,1203,深坑區,深坑子,深坑,95-6
深坑區,埔新,,1204,深坑區,深坑子,深坑,95-8
深坑區,埔新,,1205,深坑區,深坑子,深坑,49-11
深坑區,埔新,,1206,深坑區,深坑子,深坑,49-15
深坑區,埔新,,1207,深坑區,深坑子,深坑子,167-3
深坑區,埔新,,1208,深坑區,深坑子,深坑子,167-4
深坑區,埔新,,1209,深坑區,深坑子,深坑,49-16
深坑區,埔新,,121,深坑區,深坑子,深坑子,3-3
深坑區,埔新,,1210,深坑區,深坑子,深坑,95-5
深坑區,埔新,,1211,深坑區,深坑子,深坑,95-9
深坑區,埔新,,1212,深坑區,深坑子,深坑,95-4
深坑區,埔新,,1213,深坑區,深坑子,深坑,95-1
深坑區,埔新,,1214,深坑區,深坑子,深坑,95-2
深坑區,埔新,,1215,深坑區,深坑子,深坑,95
深坑區,埔新,,1216,深坑區,深坑子,深坑,95-7
深坑區,埔新,,1217,深坑區,深坑子,深坑,96
深坑區,埔新,,1218,深坑區,深坑子,深坑,115-1
深坑區,埔新,,1219,深坑區,深坑子,深坑,115-3
深坑區,埔新,,122,深坑區,深坑子,深坑子,230-2
深坑區,埔新,,1220,深坑區,深坑子,深坑,115-7
深坑區,埔新,,1221,深坑區,深坑子,深坑,115-6
深坑區,埔新,,1222,深坑區,深坑子,深坑,115-4
深坑區,埔新,,1223,深坑區,深坑子,深坑,115-5
深坑區,埔新,,1224,深坑區,深坑子,深坑,114
深坑區,埔新,,1225,深坑區,深坑子,深坑,114-1
深坑區,埔新,,1226,深坑區,深坑子,深坑,115-8
深坑區,埔新,,1227,深坑區,深坑子,深坑,115-9
深坑區,埔新,,1228,深坑區,深坑子,深坑,90-1
深坑區,埔新,,1229,深坑區,深坑子,深坑,99-1
深坑區,埔新,,123,深坑區,深坑子,深坑子,3-2
深坑區,埔新,,1230,深坑區,深坑子,深坑,100-1
深坑區,埔新,,1231,深坑區,深坑子,深坑,101-1
深坑區,埔新,,1232,深坑區,深坑子,深坑,102-1
深坑區,埔新,,1233,深坑區,深坑子,深坑,103-1
深坑區,埔新,,1234,深坑區,深坑子,深坑,104-1
深坑區,埔新,,1235,深坑區,深坑子,深坑,105-1
深坑區,埔新,,1236,深坑區,深坑子,深坑,106-1
深坑區,埔新,,1237,深坑區,深坑子,深坑,107-1
深坑區,埔新,,1238,深坑區,深坑子,深坑,108-1
深坑區,埔新,,1239,深坑區,深坑子,深坑,109-1
深坑區,埔新,,124,深坑區,深坑子,深坑子,4
深坑區,埔新,,1240,深坑區,深坑子,深坑,110-1
深坑區,埔新,,1241,深坑區,深坑子,深坑,111-2
深坑區,埔新,,1242,深坑區,深坑子,深坑,111-3
深坑區,埔新,,1243,深坑區,深坑子,深坑,112-1
深坑區,埔新,,1244,深坑區,深坑子,深坑,113-2
深坑區,埔新,,1245,深坑區,深坑子,深坑,113-5
深坑區,埔新,,1246,深坑區,深坑子,深坑,113-3
深坑區,埔新,,1247,深坑區,深坑子,深坑子,211-2
深坑區,埔新,,1248,深坑區,深坑子,深坑子,211
深坑區,埔新,,1249,深坑區,深坑子,深坑,113
深坑區,埔新,,125,深坑區,深坑子,深坑子,4-1
深坑區,埔新,,1250,深坑區,深坑子,深坑,113-4
深坑區,埔新,,1251,深坑區,深坑子,深坑,113-1
深坑區,埔新,,1252,深坑區,深坑子,深坑,112
深坑區,埔新,,1253,深坑區,深坑子,深坑,111-4
深坑區,埔新,,1254,深坑區,深坑子,深坑,111-1
深坑區,埔新,,1255,深坑區,深坑子,深坑,111
深坑區,埔新,,1256,深坑區,深坑子,深坑,110
深坑區,埔新,,1257,深坑區,深坑子,深坑,105
深坑區,埔新,,1258,深坑區,深坑子,深坑,104
深坑區,埔新,,1259,深坑區,深坑子,深坑,103
深坑區,埔新,,126,深坑區,深坑子,深坑子,2
深坑區,埔新,,1260,深坑區,深坑子,深坑,102
深坑區,埔新,,1261,深坑區,深坑子,深坑,101
深坑區,埔新,,1262,深坑區,深坑子,深坑,100
深坑區,埔新,,1263,深坑區,深坑子,深坑,99
深坑區,埔新,,1264,深坑區,深坑子,深坑,90
深坑區,埔新,,1265,深坑區,深坑子,深坑子,210
深坑區,埔新,,1266,深坑區,深坑子,深坑子,212-4
深坑區,埔新,,1267,深坑區,深坑子,深坑子,212-14
深坑區,埔新,,1268,深坑區,深坑子,深坑子,210-9
深坑區,埔新,,1269,深坑區,深坑子,深坑子,210-10
深坑區,埔新,,127,深坑區,深坑子,深坑子,2-1
深坑區,埔新,,1270,深坑區,深坑子,深坑子,210-1
深坑區,埔新,,1271,深坑區,深坑子,深坑子,210-11
深坑區,埔新,,1272,深坑區,深坑子,深坑子,210-12
深坑區,埔新,,1273,深坑區,深坑子,深坑子,210-13
深坑區,埔新,,1274,深坑區,深坑子,深坑子,210-14
深坑區,埔新,,1275,深坑區,深坑子,深坑子,210-15
深坑區,埔新,,1276,深坑區,深坑子,深坑子,212-2
深坑區,埔新,,1277,深坑區,深坑子,深坑,109
深坑區,埔新,,1278,深坑區,深坑子,深坑子,210-2
深坑區,埔新,,1279,深坑區,深坑子,深坑子,210-5
深坑區,埔新,,128,深坑區,深坑子,深坑子,7-12
深坑區,埔新,,1280,深坑區,深坑子,深坑子,210-6
深坑區,埔新,,1281,深坑區,深坑子,深坑子,211-4
深坑區,埔新,,1282,深坑區,深坑子,深坑子,212-13
深坑區,埔新,,1283,深坑區,深坑子,深坑子,212-12
深坑區,埔新,,1284,深坑區,深坑子,深坑子,212-11
深坑區,埔新,,1285,深坑區,深坑子,深坑子,212-1
深坑區,埔新,,1286,深坑區,深坑子,深坑子,212-10
深坑區,埔新,,1287,深坑區,深坑子,深坑子,212-7
深坑區,埔新,,1288,深坑區,深坑子,深坑子,212-9
深坑區,埔新,,1289,深坑區,深坑子,深坑子,212
深坑區,埔新,,129,深坑區,深坑子,深坑子,7-15
深坑區,埔新,,1290,深坑區,深坑子,深坑子,212-8
深坑區,埔新,,1291,深坑區,深坑子,深坑子,207-15
深坑區,埔新,,1292,深坑區,深坑子,深坑子,207-11
深坑區,埔新,,1293,深坑區,深坑子,深坑子,177-43
深坑區,埔新,,1294,深坑區,深坑子,深坑子,207-8
深坑區,埔新,,1295,深坑區,深坑子,深坑子,207-10
深坑區,埔新,,1296,深坑區,深坑子,深坑子,207-7
深坑區,埔新,,1297,深坑區,深坑子,深坑子,207-6
深坑區,埔新,,1298,深坑區,深坑子,深坑子,202-2
深坑區,埔新,,1299,深坑區,深坑子,深坑子,201-9
深坑區,埔新,,13,深坑區,深坑子,草地頭,1-1
深坑區,埔新,,130,深坑區,深坑子,深坑子,7-16
深坑區,埔新,,1300,深坑區,深坑子,深坑子,201-6
深坑區,埔新,,1301,深坑區,深坑子,深坑子,177-24
深坑區,埔新,,1302,深坑區,深坑子,深坑子,177-3
深坑區,埔新,,1303,深坑區,深坑子,深坑子,177-49
深坑區,埔新,,1304,深坑區,深坑子,深坑子,177-46
深坑區,埔新,,1305,深坑區,深坑子,深坑子,177-33
深坑區,埔新,,1306,深坑區,深坑子,深坑子,177-41
深坑區,埔新,,1307,深坑區,深坑子,深坑子,177-10
深坑區,埔新,,1308,深坑區,深坑子,深坑子,177-8
深坑區,埔新,,1309,深坑區,深坑子,深坑子,177-23
深坑區,埔新,,131,深坑區,深坑子,深坑子,6-2
深坑區,埔新,,1310,深坑區,深坑子,深坑子,177-13
深坑區,埔新,,1311,深坑區,深坑子,深坑子,177
深坑區,埔新,,1312,深坑區,深坑子,深坑子,221-4
深坑區,埔新,,1313,深坑區,深坑子,深坑子,177-11
深坑區,埔新,,1314,深坑區,深坑子,深坑子,177-42
深坑區,埔新,,1315,深坑區,深坑子,深坑子,221-3
深坑區,埔新,,1316,深坑區,深坑子,深坑子,177-2
深坑區,埔新,,1317,深坑區,深坑子,深坑子,266-1
深坑區,埔新,,1318,深坑區,深坑子,深坑子,270-1
深坑區,埔新,,1319,深坑區,深坑子,深坑子,177-1
深坑區,埔新,,132,深坑區,深坑子,深坑子,7-8
深坑區,埔新,,1320,深坑區,深坑子,深坑子,221
深坑區,埔新,,1321,深坑區,深坑子,深坑子,271-1
深坑區,埔新,,1322,深坑區,深坑子,深坑子,193-7
深坑區,埔新,,1323,深坑區,深坑子,深坑子,275-1
深坑區,埔新,,1324,深坑區,深坑子,深坑子,272
深坑區,埔新,,1325,深坑區,深坑子,深坑子,221-2
深坑區,埔新,,1326,深坑區,深坑子,深坑子,273-1
深坑區,埔新,,1327,深坑區,深坑子,深坑子,221-6
深坑區,埔新,,1328,深坑區,深坑子,深坑子,177-44
深坑區,埔新,,1329,深坑區,深坑子,深坑子,177-45
深坑區,埔新,,133,深坑區,深坑子,深坑子,7-11
深坑區,埔新,,1330,深坑區,深坑子,深坑子,177-60
深坑區,埔新,,1331,深坑區,深坑子,深坑子,177-61
深坑區,埔新,,1332,深坑區,深坑子,深坑子,177-62
深坑區,埔新,,1333,深坑區,深坑子,深坑子,204-2
深坑區,埔新,,1334,深坑區,深坑子,深坑子,221-5
深坑區,埔新,,1335,深坑區,深坑子,深坑子,204
深坑區,埔新,,1336,深坑區,深坑子,深坑子,221-1
深坑區,埔新,,1337,深坑區,深坑子,深坑子,279
深坑區,埔新,,1338,深坑區,深坑子,深坑子,204-1
深坑區,埔新,,1339,深坑區,深坑子,深坑子,278
深坑區,埔新,,134,深坑區,深坑子,深坑子,7-2
深坑區,埔新,,1340,深坑區,深坑子,深坑子,277-1
深坑區,埔新,,1341,深坑區,深坑子,深坑子,206-14
深坑區,埔新,,1341,深坑區,深坑子,深坑子,206-3
深坑區,埔新,,1342,深坑區,深坑子,深坑子,206-9
深坑區,埔新,,1343,深坑區,深坑子,深坑子,206-7
深坑區,埔新,,1344,深坑區,深坑子,深坑子,206-4
深坑區,埔新,,1345,深坑區,深坑子,深坑子,206-2
深坑區,埔新,,1346,深坑區,深坑子,深坑子,280
深坑區,埔新,,1347,深坑區,深坑子,深坑子,280-1
深坑區,埔新,,1348,深坑區,深坑子,深坑子,281
深坑區,埔新,,1349,深坑區,深坑子,深坑子,282
深坑區,埔新,,135,深坑區,深坑子,深坑子,7-4
深坑區,埔新,,1350,深坑區,深坑子,深坑子,206
深坑區,埔新,,1351,深坑區,深坑子,深坑子,206-8
深坑區,埔新,,1352,深坑區,深坑子,深坑子,282-1
深坑區,埔新,,1353,深坑區,深坑子,深坑子,279-1
深坑區,埔新,,1354,深坑區,深坑子,深坑子,205-1
深坑區,埔新,,1355,深坑區,深坑子,深坑子,206-12
深坑區,埔新,,1356,深坑區,深坑子,深坑子,205-3
深坑區,埔新,,1357,深坑區,深坑子,深坑子,205
深坑區,埔新,,1358,深坑區,深坑子,深坑子,211-1
深坑區,埔新,,1359,深坑區,深坑子,深坑子,211-3
深坑區,埔新,,136,深坑區,深坑子,深坑子,7-13
深坑區,埔新,,1360,深坑區,深坑子,深坑子,206-11
深坑區,埔新,,1361,深坑區,深坑子,深坑子,219
深坑區,埔新,,1362,深坑區,深坑子,深坑子,218-5
深坑區,埔新,,1363,深坑區,深坑子,深坑子,219-1
深坑區,埔新,,1364,深坑區,深坑子,深坑子,214-1
深坑區,埔新,,1365,深坑區,深坑子,深坑子,206-20
深坑區,埔新,,1366,深坑區,深坑子,深坑子,212-6
深坑區,埔新,,1367,深坑區,深坑子,深坑子,212-5
深坑區,埔新,,1368,深坑區,深坑子,深坑子,206-17
深坑區,埔新,,1369,深坑區,深坑子,深坑子,213-1
深坑區,埔新,,137,深坑區,深坑子,深坑子,7-14
深坑區,埔新,,1370,深坑區,深坑子,深坑子,214-2
深坑區,埔新,,1371,深坑區,深坑子,深坑子,214-3
深坑區,埔新,,1372,深坑區,深坑子,深坑子,214-4
深坑區,埔新,,1373,深坑區,深坑子,深坑子,214-5
深坑區,埔新,,1374,深坑區,深坑子,深坑子,225-8
深坑區,埔新,,1375,深坑區,深坑子,深坑子,214-6
深坑區,埔新,,1376,深坑區,深坑子,深坑子,217-1
深坑區,埔新,,1377,深坑區,深坑子,深坑子,218-11
深坑區,埔新,,1378,深坑區,深坑子,深坑子,217-4
深坑區,埔新,,1379,深坑區,深坑子,深坑子,217-3
深坑區,埔新,,138,深坑區,深坑子,深坑子,9-5
深坑區,埔新,,1380,深坑區,深坑子,深坑子,217-8
深坑區,埔新,,1381,深坑區,深坑子,深坑子,218-10
深坑區,埔新,,1382,深坑區,深坑子,深坑子,218-12
深坑區,埔新,,1383,深坑區,深坑子,深坑子,217-7
深坑區,埔新,,1385,深坑區,深坑子,深坑子,217-6
深坑區,埔新,,1386,深坑區,深坑子,深坑子,217-9
深坑區,埔新,,1387,深坑區,深坑子,深坑子,217-5
深坑區,埔新,,1388,深坑區,深坑子,深坑子,218-4
深坑區,埔新,,1389,深坑區,深坑子,深坑子,218-17
深坑區,埔新,,139,深坑區,深坑子,深坑子,7-5
深坑區,埔新,,1390,深坑區,深坑子,深坑子,218-16
深坑區,埔新,,1391,深坑區,深坑子,深坑子,217-2
深坑區,埔新,,1392,深坑區,深坑子,深坑子,217
深坑區,埔新,,1393,深坑區,深坑子,深坑子,218
深坑區,埔新,,1394,深坑區,深坑子,深坑子,218-2
深坑區,埔新,,1395,深坑區,深坑子,深坑子,218-14
深坑區,埔新,,1396,深坑區,深坑子,深坑子,218-13
深坑區,埔新,,1397,深坑區,深坑子,深坑子,218-3
深坑區,埔新,,1398,深坑區,深坑子,深坑子,218-9
深坑區,埔新,,1399,深坑區,深坑子,深坑子,218-1
深坑區,埔新,,14,深坑區,深坑子,草地頭,1-20
深坑區,埔新,,140,深坑區,深坑子,深坑子,11-7
深坑區,埔新,,1400,深坑區,深坑子,深坑子,218-8
深坑區,埔新,,1401,深坑區,深坑子,深坑子,218-6
深坑區,埔新,,1402,深坑區,深坑子,深坑子,218-7
深坑區,埔新,,1403,深坑區,深坑子,深坑子,227-5
深坑區,埔新,,1404,深坑區,深坑子,深坑子,225-10
深坑區,埔新,,1405,深坑區,深坑子,深坑子,218-15
深坑區,埔新,,1406,深坑區,萬順寮,圳古後,19-1
深坑區,埔新,,1407,深坑區,萬順寮,圳古後,19-5
深坑區,埔新,,1408,深坑區,深坑子,深坑子,227-3
深坑區,埔新,,1409,深坑區,深坑子,深坑子,225-9
深坑區,埔新,,141,深坑區,深坑子,深坑子,24-11
深坑區,埔新,,1410,深坑區,萬順寮,圳古後,25-4
深坑區,埔新,,1411,深坑區,萬順寮,圳古後,25
深坑區,埔新,,1412,深坑區,深坑子,深坑子,225-3
深坑區,埔新,,1413,深坑區,深坑子,深坑子,227-1
深坑區,埔新,,1414,深坑區,深坑子,深坑子,225-11
深坑區,埔新,,1415,深坑區,深坑子,深坑子,225-12
深坑區,埔新,,1416,深坑區,深坑子,深坑子,227-2
深坑區,埔新,,1417,深坑區,深坑子,深坑子,227-6
深坑區,埔新,,1418,深坑區,深坑子,深坑子,227-4
深坑區,埔新,,1419,深坑區,深坑子,深坑子,225-6
深坑區,埔新,,142,深坑區,深坑子,深坑子,24-6
深坑區,埔新,,1420,深坑區,深坑子,深坑子,227
深坑區,埔新,,1421,深坑區,深坑子,深坑子,214-7
深坑區,埔新,,1422,深坑區,深坑子,深坑子,214-8
深坑區,埔新,,1423,深坑區,深坑子,深坑子,225-7
深坑區,埔新,,1424,深坑區,深坑子,深坑子,214-9
深坑區,埔新,,1425,深坑區,深坑子,深坑子,214-10
深坑區,埔新,,1426,深坑區,深坑子,深坑子,214-11
深坑區,埔新,,1427,深坑區,深坑子,深坑子,213
深坑區,埔新,,1428,深坑區,深坑子,深坑子,214-12
深坑區,埔新,,1429,深坑區,深坑子,深坑子,206-16
深坑區,埔新,,143,深坑區,深坑子,深坑子,9-4
深坑區,埔新,,1430,深坑區,深坑子,深坑子,206-18
深坑區,埔新,,1431,深坑區,深坑子,深坑子,206-6
深坑區,埔新,,1432,深坑區,深坑子,深坑子,226-1
深坑區,埔新,,1433,深坑區,深坑子,深坑子,225-1
深坑區,埔新,,1434,深坑區,深坑子,深坑子,225-4
深坑區,埔新,,1435,深坑區,深坑子,深坑子,225-2
深坑區,埔新,,1436,深坑區,萬順寮,圳古後,25-2
深坑區,埔新,,1437,深坑區,萬順寮,圳古後,25-1
深坑區,埔新,,1438,深坑區,萬順寮,圳古後,25-3
深坑區,埔新,,1439,深坑區,萬順寮,圳古後,14-2
深坑區,埔新,,144,深坑區,深坑子,深坑子,11-14
深坑區,埔新,,1440,深坑區,萬順寮,圳古後,2-2
深坑區,埔新,,1441,深坑區,萬順寮,圳古後,4-2
深坑區,埔新,,1442,深坑區,萬順寮,圳古後,2-1
深坑區,埔新,,1443,深坑區,萬順寮,圳古後,33-1
深坑區,埔新,,1444,深坑區,萬順寮,圳古後,26-1
深坑區,埔新,,1445,深坑區,深坑子,深坑子,206-5
深坑區,埔新,,1446,深坑區,深坑子,草地頭,15-44
深坑區,埔新,,1447,深坑區,深坑子,深坑子,210-22
深坑區,埔新,,1448,深坑區,深坑子,深坑子,210-23
深坑區,埔新,,145,深坑區,深坑子,深坑子,24
深坑區,埔新,,146,深坑區,深坑子,深坑子,24-10
深坑區,埔新,,147,深坑區,深坑子,深坑子,23-2
深坑區,埔新,,148,深坑區,深坑子,深坑子,23-1
深坑區,埔新,,149,深坑區,深坑子,深坑子,11-8
深坑區,埔新,,15,深坑區,深坑子,草地頭,1-21
深坑區,埔新,,150,深坑區,深坑子,深坑子,9-3
深坑區,埔新,,151,深坑區,深坑子,深坑子,11-5
深坑區,埔新,,154,深坑區,深坑子,深坑子,11-13
深坑區,埔新,,155,深坑區,深坑子,深坑子,11-12
深坑區,埔新,,158,深坑區,深坑子,深坑子,24-7
深坑區,埔新,,159,深坑區,深坑子,深坑子,24-9
深坑區,埔新,,16,深坑區,深坑子,草地頭,1-15
深坑區,埔新,,160,深坑區,深坑子,深坑子,24-1
深坑區,埔新,,161,深坑區,深坑子,深坑子,24-8
深坑區,埔新,,162,深坑區,深坑子,深坑子,39-17
深坑區,埔新,,163,深坑區,深坑子,深坑子,24-5
深坑區,埔新,,164,深坑區,深坑子,深坑子,26
深坑區,埔新,,165,深坑區,深坑子,深坑子,25
深坑區,埔新,,166,深坑區,深坑子,深坑子,28-2
深坑區,埔新,,167,深坑區,深坑子,深坑子,39-18
深坑區,埔新,,168,深坑區,深坑子,深坑子,39-11
深坑區,埔新,,169,深坑區,深坑子,深坑子,26-3
深坑區,埔新,,17,深坑區,深坑子,草地頭,2-1
深坑區,埔新,,170,深坑區,深坑子,深坑子,25-1
深坑區,埔新,,171,深坑區,深坑子,深坑子,26-1
深坑區,埔新,,172,深坑區,深坑子,深坑子,26-2
深坑區,埔新,,173,深坑區,深坑子,深坑子,25-2
深坑區,埔新,,174,深坑區,深坑子,深坑子,27
深坑區,埔新,,175,深坑區,深坑子,深坑子,28
深坑區,埔新,,176,深坑區,深坑子,深坑子,28-1
深坑區,埔新,,177,深坑區,深坑子,深坑子,29
深坑區,埔新,,178,深坑區,深坑子,深坑子,28-3
深坑區,埔新,,179,深坑區,深坑子,深坑子,39-4
深坑區,埔新,,18,深坑區,深坑子,草地頭,1-12
深坑區,埔新,,180,深坑區,深坑子,深坑子,39-20
深坑區,埔新,,181,深坑區,深坑子,深坑子,39-14
深坑區,埔新,,182,深坑區,深坑子,深坑子,39-3
深坑區,埔新,,183,深坑區,深坑子,深坑子,39-19
深坑區,埔新,,184,深坑區,深坑子,深坑子,7-10
深坑區,埔新,,185,深坑區,深坑子,深坑子,39-13
深坑區,埔新,,186,深坑區,深坑子,深坑子,39
深坑區,埔新,,187,深坑區,深坑子,深坑子,39-5
深坑區,埔新,,188,深坑區,深坑子,深坑子,24-4
深坑區,埔新,,189,深坑區,深坑子,深坑子,24-3
深坑區,埔新,,19,深坑區,深坑子,草地頭,12-1
深坑區,埔新,,190,深坑區,深坑子,深坑子,39-10
深坑區,埔新,,191,深坑區,深坑子,深坑子,16-3
深坑區,埔新,,192,深坑區,深坑子,深坑子,23
深坑區,埔新,,193,深坑區,深坑子,深坑子,21-7
深坑區,埔新,,194,深坑區,深坑子,深坑子,21-6
深坑區,埔新,,195,深坑區,深坑子,深坑子,21-21
深坑區,埔新,,196,深坑區,深坑子,深坑子,21-1
深坑區,埔新,,197,深坑區,深坑子,深坑子,21
深坑區,埔新,,198,深坑區,深坑子,深坑子,16
深坑區,埔新,,199,深坑區,深坑子,深坑子,7-9
深坑區,埔新,,2,深坑區,深坑子,草地頭,15-36
深坑區,埔新,,20,深坑區,深坑子,草地頭,12-2
深坑區,埔新,,200,深坑區,深坑子,深坑子,16-5
深坑區,埔新,,201,深坑區,深坑子,深坑子,19-3
深坑區,埔新,,202,深坑區,深坑子,深坑子,18
深坑區,埔新,,203,深坑區,深坑子,深坑子,17
深坑區,埔新,,204,深坑區,深坑子,深坑子,6-8
深坑區,埔新,,205,深坑區,深坑子,深坑子,7
深坑區,埔新,,206,深坑區,深坑子,深坑子,7-7
深坑區,埔新,,207,深坑區,深坑子,深坑子,16-4
深坑區,埔新,,208,深坑區,深坑子,深坑子,16-1
深坑區,埔新,,209,深坑區,深坑子,深坑子,17-1
深坑區,埔新,,21,深坑區,深坑子,草地頭,12
深坑區,埔新,,210,深坑區,深坑子,深坑子,17-2
深坑區,埔新,,211,深坑區,深坑子,深坑子,16-2
深坑區,埔新,,212,深坑區,深坑子,深坑子,6-6
深坑區,埔新,,213,深坑區,深坑子,深坑子,7-3
深坑區,埔新,,214,深坑區,深坑子,深坑子,6-4
深坑區,埔新,,215,深坑區,深坑子,深坑子,6-5
深坑區,埔新,,216,深坑區,深坑子,深坑子,50-4
深坑區,埔新,,217,深坑區,深坑子,深坑子,6
深坑區,埔新,,218,深坑區,深坑子,深坑子,51-2
深坑區,埔新,,219,深坑區,深坑子,深坑子,5-3
深坑區,埔新,,22,深坑區,深坑子,草地頭,1-6
深坑區,埔新,,220,深坑區,深坑子,深坑子,5-4
深坑區,埔新,,221,深坑區,深坑子,深坑子,224-1
深坑區,埔新,,222,深坑區,深坑子,深坑子,5-1
深坑區,埔新,,223,深坑區,深坑子,深坑子,5-2
深坑區,埔新,,224,深坑區,深坑子,深坑子,3-4
深坑區,埔新,,225,深坑區,深坑子,深坑子,224
深坑區,埔新,,226,深坑區,深坑子,深坑子,231-3
深坑區,埔新,,227,深坑區,深坑子,深坑子,232-2
深坑區,埔新,,228,深坑區,深坑子,深坑子,233-1
深坑區,埔新,,229,深坑區,深坑子,深坑子,234-1
深坑區,埔新,,23,深坑區,深坑子,草地頭,2
深坑區,埔新,,230,深坑區,深坑子,深坑子,53-1
深坑區,埔新,,231,深坑區,深坑子,深坑子,52
深坑區,埔新,,232,深坑區,深坑子,深坑子,52-10
深坑區,埔新,,233,深坑區,深坑子,深坑子,52-15
深坑區,埔新,,234,深坑區,深坑子,深坑子,233-2
深坑區,埔新,,235,深坑區,深坑子,深坑子,232-3
深坑區,埔新,,236,深坑區,深坑子,深坑子,231-4
深坑區,埔新,,237,深坑區,深坑子,深坑子,231-5
深坑區,埔新,,238,深坑區,深坑子,深坑子,52-12
深坑區,埔新,,239,深坑區,深坑子,深坑子,52-8
深坑區,埔新,,24,深坑區,深坑子,草地頭,1
深坑區,埔新,,240,深坑區,深坑子,深坑子,51-1
深坑區,埔新,,241,深坑區,深坑子,深坑子,50-3
深坑區,埔新,,242,深坑區,深坑子,深坑子,51
深坑區,埔新,,243,深坑區,深坑子,深坑子,50-1
深坑區,埔新,,244,深坑區,深坑子,深坑子,19-2
深坑區,埔新,,245,深坑區,深坑子,深坑子,49-20
深坑區,埔新,,246,深坑區,深坑子,深坑子,49-6
深坑區,埔新,,247,深坑區,深坑子,深坑子,39-16
深坑區,埔新,,248,深坑區,深坑子,深坑子,49-5
深坑區,埔新,,249,深坑區,深坑子,深坑子,19-1
深坑區,埔新,,25,深坑區,深坑子,草地頭,1-7
深坑區,埔新,,250,深坑區,深坑子,深坑子,19
深坑區,埔新,,251,深坑區,深坑子,深坑子,49-4
深坑區,埔新,,252,深坑區,深坑子,深坑子,21-10
深坑區,埔新,,253,深坑區,深坑子,深坑子,48-1
深坑區,埔新,,254,深坑區,深坑子,深坑子,20-2
深坑區,埔新,,255,深坑區,深坑子,深坑子,20-3
深坑區,埔新,,256,深坑區,深坑子,深坑子,48-2
深坑區,埔新,,257,深坑區,深坑子,深坑子,20-1
深坑區,埔新,,258,深坑區,深坑子,深坑子,47-1
深坑區,埔新,,259,深坑區,深坑子,深坑子,21-19
深坑區,埔新,,26,深坑區,深坑子,草地頭,8
深坑區,埔新,,260,深坑區,深坑子,深坑子,46-1
深坑區,埔新,,261,深坑區,深坑子,深坑子,21-14
深坑區,埔新,,262,深坑區,深坑子,深坑子,21-23
深坑區,埔新,,263,深坑區,深坑子,深坑子,21-24
深坑區,埔新,,264,深坑區,深坑子,深坑子,21-22
深坑區,埔新,,265,深坑區,深坑子,深坑子,71-2
深坑區,埔新,,266,深坑區,深坑子,深坑子,57-1
深坑區,埔新,,267,深坑區,深坑子,深坑子,37-2
深坑區,埔新,,268,深坑區,深坑子,深坑子,37-4
深坑區,埔新,,269,深坑區,深坑子,深坑子,78-6
深坑區,埔新,,27,深坑區,深坑子,草地頭,16
深坑區,埔新,,270,深坑區,深坑子,深坑子,78-5
深坑區,埔新,,271,深坑區,深坑子,深坑子,72-2
深坑區,埔新,,272,深坑區,深坑子,深坑子,37-1
深坑區,埔新,,273,深坑區,深坑子,深坑子,37
深坑區,埔新,,274,深坑區,深坑子,深坑子,36
深坑區,埔新,,275,深坑區,深坑子,深坑子,30
深坑區,埔新,,276,深坑區,深坑子,深坑子,31
深坑區,埔新,,277,深坑區,深坑子,深坑子,31-3
深坑區,埔新,,278,深坑區,深坑子,深坑子,31-4
深坑區,埔新,,279,深坑區,深坑子,深坑子,31-1
深坑區,埔新,,28,深坑區,深坑子,草地頭,1-3
深坑區,埔新,,280,深坑區,深坑子,深坑子,34
深坑區,埔新,,281,深坑區,深坑子,深坑子,32-2
深坑區,埔新,,282,深坑區,深坑子,深坑子,31-2
深坑區,埔新,,283,深坑區,深坑子,深坑子,33
深坑區,埔新,,284,深坑區,深坑子,深坑子,32-1
深坑區,埔新,,285,深坑區,深坑子,深坑子,71-1
深坑區,埔新,,286,深坑區,深坑子,深坑子,38-1
深坑區,埔新,,287,深坑區,深坑子,深坑子,32
深坑區,埔新,,288,深坑區,深坑子,深坑子,71
深坑區,埔新,,289,深坑區,深坑子,深坑子,35
深坑區,埔新,,29,深坑區,深坑子,草地頭,7
深坑區,埔新,,290,深坑區,深坑子,深坑子,33-1
深坑區,埔新,,291,深坑區,深坑子,深坑子,71-3
深坑區,埔新,,292,深坑區,深坑子,深坑子,38-2
深坑區,埔新,,293,深坑區,深坑子,深坑子,41-4
深坑區,埔新,,294,深坑區,深坑子,深坑子,41-5
深坑區,埔新,,295,深坑區,深坑子,深坑子,65-5
深坑區,埔新,,296,深坑區,深坑子,深坑子,32-3
深坑區,埔新,,297,深坑區,深坑子,深坑子,70-3
深坑區,埔新,,298,深坑區,深坑子,深坑子,65-4
深坑區,埔新,,299,深坑區,深坑子,深坑子,65-7
深坑區,埔新,,3,深坑區,深坑子,新埤內,46-5
深坑區,埔新,,30,深坑區,深坑子,草地頭,1-4
深坑區,埔新,,300,深坑區,深坑子,深坑子,65-6
深坑區,埔新,,301,深坑區,深坑子,深坑子,41-3
深坑區,埔新,,302,深坑區,深坑子,深坑子,38-4
深坑區,埔新,,303,深坑區,深坑子,深坑子,38-5
深坑區,埔新,,304,深坑區,深坑子,深坑子,38-3
深坑區,埔新,,305,深坑區,深坑子,深坑子,40
深坑區,埔新,,306,深坑區,深坑子,深坑子,40-2
深坑區,埔新,,307,深坑區,深坑子,深坑子,40-3
深坑區,埔新,,308,深坑區,深坑子,深坑子,41-1
深坑區,埔新,,309,深坑區,深坑子,深坑子,21-9
深坑區,埔新,,31,深坑區,深坑子,草地頭,13-4
深坑區,埔新,,310,深坑區,深坑子,深坑子,41-2
深坑區,埔新,,311,深坑區,深坑子,深坑子,21-17
深坑區,埔新,,312,深坑區,深坑子,深坑子,21-18
深坑區,埔新,,313,深坑區,深坑子,深坑子,21-11
深坑區,埔新,,314,深坑區,深坑子,深坑子,41-7
深坑區,埔新,,315,深坑區,深坑子,深坑子,64-1
深坑區,埔新,,316,深坑區,深坑子,深坑子,65-1
深坑區,埔新,,317,深坑區,深坑子,深坑子,65
深坑區,埔新,,318,深坑區,深坑子,深坑子,41
深坑區,埔新,,319,深坑區,深坑子,深坑子,63-2
深坑區,埔新,,32,深坑區,深坑子,草地頭,13-2
深坑區,埔新,,320,深坑區,深坑子,深坑子,66
深坑區,埔新,,321,深坑區,深坑子,深坑子,63-6
深坑區,埔新,,322,深坑區,深坑子,深坑子,63-7
深坑區,埔新,,323,深坑區,深坑子,深坑子,21-16
深坑區,埔新,,324,深坑區,深坑子,深坑子,21-12
深坑區,埔新,,325,深坑區,深坑子,深坑子,21-3
深坑區,埔新,,326,深坑區,深坑子,深坑子,63-3
深坑區,埔新,,327,深坑區,深坑子,深坑子,44
深坑區,埔新,,328,深坑區,深坑子,深坑子,21-20
深坑區,埔新,,329,深坑區,深坑子,深坑子,46
深坑區,埔新,,33,深坑區,深坑子,草地頭,13-3
深坑區,埔新,,330,深坑區,深坑子,深坑子,45
深坑區,埔新,,331,深坑區,深坑子,深坑子,61-4
深坑區,埔新,,332,深坑區,深坑子,深坑子,47-6
深坑區,埔新,,333,深坑區,深坑子,深坑子,47
深坑區,埔新,,334,深坑區,深坑子,深坑子,20
深坑區,埔新,,335,深坑區,深坑子,深坑子,48
深坑區,埔新,,336,深坑區,深坑子,深坑子,59-4
深坑區,埔新,,337,深坑區,深坑子,深坑子,49-3
深坑區,埔新,,338,深坑區,深坑子,深坑子,47-5
深坑區,埔新,,339,深坑區,深坑子,深坑子,60
深坑區,埔新,,34,深坑區,深坑子,深坑子,1-10
深坑區,埔新,,340,深坑區,深坑子,深坑子,60-7
深坑區,埔新,,341,深坑區,深坑子,深坑子,61-2
深坑區,埔新,,342,深坑區,深坑子,深坑子,60-1
深坑區,埔新,,343,深坑區,深坑子,深坑子,47-3
深坑區,埔新,,344,深坑區,深坑子,深坑子,49-11
深坑區,埔新,,345,深坑區,深坑子,深坑子,49-10
深坑區,埔新,,346,深坑區,深坑子,深坑子,49-9
深坑區,埔新,,347,深坑區,深坑子,深坑子,49-8
深坑區,埔新,,348,深坑區,深坑子,深坑子,49-1
深坑區,埔新,,349,深坑區,深坑子,深坑子,49-12
深坑區,埔新,,35,深坑區,深坑子,草地頭,13
深坑區,埔新,,350,深坑區,深坑子,深坑子,49-13
深坑區,埔新,,351,深坑區,深坑子,深坑子,49-15
深坑區,埔新,,352,深坑區,深坑子,深坑子,49-14
深坑區,埔新,,353,深坑區,深坑子,深坑子,49-16
深坑區,埔新,,354,深坑區,深坑子,深坑子,49-17
深坑區,埔新,,355,深坑區,深坑子,深坑子,50
深坑區,埔新,,356,深坑區,深坑子,深坑子,58
深坑區,埔新,,357,深坑區,深坑子,深坑子,49-2
深坑區,埔新,,358,深坑區,深坑子,深坑子,59-7
深坑區,埔新,,359,深坑區,深坑子,深坑子,59
深坑區,埔新,,36,深坑區,深坑子,草地頭,1-2
深坑區,埔新,,360,深坑區,深坑子,深坑子,59-2
深坑區,埔新,,361,深坑區,深坑子,深坑子,59-3
深坑區,埔新,,362,深坑區,深坑子,深坑子,60-2
深坑區,埔新,,363,深坑區,深坑子,深坑子,60-4
深坑區,埔新,,364,深坑區,深坑子,深坑子,60-5
深坑區,埔新,,365,深坑區,深坑子,深坑子,59-5
深坑區,埔新,,366,深坑區,深坑子,深坑子,59-1
深坑區,埔新,,367,深坑區,深坑子,深坑子,50-2
深坑區,埔新,,368,深坑區,深坑子,深坑子,52-11
深坑區,埔新,,369,深坑區,深坑子,深坑子,52-16
深坑區,埔新,,37,深坑區,深坑子,深坑子,1-9
深坑區,埔新,,370,深坑區,深坑子,深坑子,52-17
深坑區,埔新,,371,深坑區,深坑子,深坑子,52-18
深坑區,埔新,,372,深坑區,深坑子,深坑子,52-19
深坑區,埔新,,373,深坑區,深坑子,深坑子,52-13
深坑區,埔新,,374,深坑區,深坑子,深坑子,52-20
深坑區,埔新,,375,深坑區,深坑子,深坑子,52-21
深坑區,埔新,,376,深坑區,深坑子,深坑子,52-22
深坑區,埔新,,377,深坑區,深坑子,深坑子,52-23
深坑區,埔新,,378,深坑區,深坑子,深坑子,52-24
深坑區,埔新,,379,深坑區,深坑子,深坑子,52-25
深坑區,埔新,,38,深坑區,深坑子,深坑子,11-11
深坑區,埔新,,380,深坑區,深坑子,深坑子,57-7
深坑區,埔新,,381,深坑區,深坑子,深坑子,52-14
深坑區,埔新,,382,深坑區,深坑子,深坑子,52-27
深坑區,埔新,,383,深坑區,深坑子,深坑子,243-2
深坑區,埔新,,384,深坑區,深坑子,深坑子,52-26
深坑區,埔新,,385,深坑區,深坑子,深坑子,56
深坑區,埔新,,386,深坑區,深坑子,深坑子,57-4
深坑區,埔新,,387,深坑區,深坑子,深坑子,243-1
深坑區,埔新,,388,深坑區,深坑子,深坑子,244-1
深坑區,埔新,,389,深坑區,深坑子,深坑子,57
深坑區,埔新,,39,深坑區,深坑子,深坑子,1-4
深坑區,埔新,,390,深坑區,深坑子,深坑子,245-1
深坑區,埔新,,391,深坑區,深坑子,深坑子,246-2
深坑區,埔新,,392,深坑區,深坑子,深坑子,246-1
深坑區,埔新,,393,深坑區,深坑子,深坑子,93-10
深坑區,埔新,,394,深坑區,深坑子,深坑子,93-5
深坑區,埔新,,395,深坑區,深坑子,深坑子,93-6
深坑區,埔新,,396,深坑區,深坑子,深坑子,93
深坑區,埔新,,397,深坑區,深坑子,深坑子,245-2
深坑區,埔新,,398,深坑區,深坑子,深坑子,93-7
深坑區,埔新,,399,深坑區,深坑子,深坑子,57-3
深坑區,埔新,,4,深坑區,深坑子,草地頭,15-26
深坑區,埔新,,40,深坑區,深坑子,深坑子,1-11
深坑區,埔新,,400,深坑區,深坑子,深坑子,58-1
深坑區,埔新,,401,深坑區,深坑子,深坑子,93-9
深坑區,埔新,,402,深坑區,深坑子,深坑子,91-1
深坑區,埔新,,403,深坑區,深坑子,深坑子,92-4
深坑區,埔新,,404,深坑區,深坑子,深坑子,92
深坑區,埔新,,405,深坑區,深坑子,深坑子,91
深坑區,埔新,,406,深坑區,深坑子,深坑子,90
深坑區,埔新,,407,深坑區,深坑子,深坑子,89-2
深坑區,埔新,,408,深坑區,深坑子,深坑子,90-3
深坑區,埔新,,409,深坑區,深坑子,深坑子,90-2
深坑區,埔新,,41,深坑區,深坑子,草地頭,1-5
深坑區,埔新,,410,深坑區,深坑子,深坑子,90-4
深坑區,埔新,,411,深坑區,深坑子,深坑子,89-1
深坑區,埔新,,412,深坑區,深坑子,深坑子,89
深坑區,埔新,,413,深坑區,深坑子,深坑子,90-6
深坑區,埔新,,414,深坑區,深坑子,深坑子,60-8
深坑區,埔新,,415,深坑區,深坑子,深坑子,60-3
深坑區,埔新,,416,深坑區,深坑子,深坑子,90-7
深坑區,埔新,,417,深坑區,深坑子,深坑子,89-3
深坑區,埔新,,418,深坑區,深坑子,深坑子,47-2
深坑區,埔新,,419,深坑區,深坑子,深坑子,61-1
深坑區,埔新,,420,深坑區,深坑子,深坑子,62-1
深坑區,埔新,,421,深坑區,深坑子,深坑子,62
深坑區,埔新,,422,深坑區,深坑子,深坑子,61
深坑區,埔新,,423,深坑區,深坑子,深坑子,80
深坑區,埔新,,424,深坑區,深坑子,深坑子,63-1
深坑區,埔新,,425,深坑區,深坑子,深坑子,63-4
深坑區,埔新,,426,深坑區,深坑子,深坑子,67-1
深坑區,埔新,,427,深坑區,深坑子,深坑子,62-2
深坑區,埔新,,428,深坑區,深坑子,深坑子,80-11
深坑區,埔新,,429,深坑區,深坑子,深坑子,85-19
深坑區,埔新,,43,深坑區,深坑子,深坑子,11-4
深坑區,埔新,,430,深坑區,深坑子,深坑子,85-6
深坑區,埔新,,431,深坑區,深坑子,深坑子,85-11
深坑區,埔新,,432,深坑區,深坑子,深坑子,85-13
深坑區,埔新,,433,深坑區,深坑子,深坑子,85-15
深坑區,埔新,,434,深坑區,深坑子,深坑子,63
深坑區,埔新,,435,深坑區,深坑子,深坑子,78-4
深坑區,埔新,,436,深坑區,深坑子,深坑子,63-8
深坑區,埔新,,437,深坑區,深坑子,深坑子,77-4
深坑區,埔新,,438,深坑區,深坑子,深坑子,66-1
深坑區,埔新,,439,深坑區,深坑子,深坑子,66-2
深坑區,埔新,,44,深坑區,深坑子,深坑子,11-10
深坑區,埔新,,440,深坑區,深坑子,深坑子,65-3
深坑區,埔新,,441,深坑區,深坑子,深坑子,67-3
深坑區,埔新,,442,深坑區,深坑子,深坑子,67
深坑區,埔新,,443,深坑區,深坑子,深坑子,80-20
深坑區,埔新,,444,深坑區,深坑子,深坑子,85-7
深坑區,埔新,,445,深坑區,深坑子,深坑子,85-3
深坑區,埔新,,446,深坑區,深坑子,深坑子,85-4
深坑區,埔新,,447,深坑區,深坑子,深坑子,85-5
深坑區,埔新,,448,深坑區,深坑子,深坑子,87-45
深坑區,埔新,,449,深坑區,深坑子,深坑子,87-44
深坑區,埔新,,45,深坑區,深坑子,深坑子,9-1
深坑區,埔新,,450,深坑區,深坑子,深坑子,87-13
深坑區,埔新,,451,深坑區,深坑子,深坑子,88-3
深坑區,埔新,,452,深坑區,深坑子,深坑子,87-43
深坑區,埔新,,453,深坑區,深坑子,深坑子,87-42
深坑區,埔新,,454,深坑區,深坑子,深坑子,85-17
深坑區,埔新,,455,深坑區,深坑子,深坑子,80-19
深坑區,埔新,,456,深坑區,深坑子,深坑子,80-18
深坑區,埔新,,457,深坑區,深坑子,深坑子,80-9
深坑區,埔新,,458,深坑區,深坑子,深坑子,80-8
深坑區,埔新,,459,深坑區,深坑子,深坑子,79
深坑區,埔新,,46,深坑區,深坑子,深坑子,11-9
深坑區,埔新,,460,深坑區,深坑子,深坑子,69
深坑區,埔新,,461,深坑區,深坑子,深坑子,78-7
深坑區,埔新,,462,深坑區,深坑子,深坑子,70
深坑區,埔新,,463,深坑區,深坑子,深坑子,78-8
深坑區,埔新,,464,深坑區,深坑子,深坑子,78-2
深坑區,埔新,,465,深坑區,深坑子,深坑子,72-1
深坑區,埔新,,466,深坑區,深坑子,深坑子,73-1
深坑區,埔新,,467,深坑區,深坑子,深坑子,73
深坑區,埔新,,468,深坑區,深坑子,深坑子,74
深坑區,埔新,,469,深坑區,深坑子,深坑子,77-3
深坑區,埔新,,47,深坑區,深坑子,深坑子,11-6
深坑區,埔新,,470,深坑區,深坑子,深坑子,77-2
深坑區,埔新,,471,深坑區,深坑子,深坑子,77-1
深坑區,埔新,,472,深坑區,深坑子,深坑子,77
深坑區,埔新,,473,深坑區,深坑子,深坑子,78-3
深坑區,埔新,,474,深坑區,深坑子,深坑子,81
深坑區,埔新,,475,深坑區,深坑子,深坑子,82
深坑區,埔新,,476,深坑區,深坑子,深坑子,82-1
深坑區,埔新,,477,深坑區,深坑子,深坑子,75-2
深坑區,埔新,,478,深坑區,深坑子,深坑子,80-2
深坑區,埔新,,479,深坑區,深坑子,深坑子,85-2
深坑區,埔新,,48,深坑區,深坑子,深坑子,11-1
深坑區,埔新,,480,深坑區,深坑子,深坑子,80-13
深坑區,埔新,,481,深坑區,深坑子,深坑子,80-1
深坑區,埔新,,482,深坑區,深坑子,深坑子,80-14
深坑區,埔新,,483,深坑區,深坑子,深坑子,87-4
深坑區,埔新,,484,深坑區,深坑子,深坑子,87-5
深坑區,埔新,,485,深坑區,深坑子,深坑子,104-1
深坑區,埔新,,486,深坑區,深坑子,深坑子,87-1
深坑區,埔新,,487,深坑區,深坑子,深坑子,75-1
深坑區,埔新,,488,深坑區,深坑子,深坑子,76-2
深坑區,埔新,,489,深坑區,深坑子,深坑子,75
深坑區,埔新,,49,深坑區,深坑子,深坑子,11-3
深坑區,埔新,,490,深坑區,深坑子,深坑子,110-1
深坑區,埔新,,491,深坑區,深坑子,深坑子,107
深坑區,埔新,,492,深坑區,深坑子,深坑子,107-1
深坑區,埔新,,493,深坑區,深坑子,深坑子,106
深坑區,埔新,,494,深坑區,深坑子,深坑子,105
深坑區,埔新,,495,深坑區,深坑子,深坑子,104-9
深坑區,埔新,,496,深坑區,深坑子,深坑子,104-8
深坑區,埔新,,497,深坑區,深坑子,深坑子,104-3
深坑區,埔新,,498,深坑區,深坑子,深坑子,115
深坑區,埔新,,499,深坑區,深坑子,深坑子,108
深坑區,埔新,,5,深坑區,深坑子,草地頭,15-35
深坑區,埔新,,50,深坑區,深坑子,深坑子,11
深坑區,埔新,,500,深坑區,深坑子,深坑子,150
深坑區,埔新,,501,深坑區,深坑子,深坑子,149-13
深坑區,埔新,,502,深坑區,深坑子,深坑子,118-1
深坑區,埔新,,503,深坑區,深坑子,深坑子,118-2
深坑區,埔新,,504,深坑區,深坑子,深坑子,118
深坑區,埔新,,505,深坑區,深坑子,深坑子,104-4
深坑區,埔新,,506,深坑區,深坑子,深坑子,104-11
深坑區,埔新,,507,深坑區,深坑子,深坑子,128-1
深坑區,埔新,,508,深坑區,深坑子,深坑子,116-1
深坑區,埔新,,509,深坑區,深坑子,深坑子,128-25
深坑區,埔新,,510,深坑區,深坑子,深坑子,126-1
深坑區,埔新,,511,深坑區,深坑子,深坑子,149-12
深坑區,埔新,,512,深坑區,深坑子,深坑子,149-7
深坑區,埔新,,513,深坑區,深坑子,深坑子,127-1
深坑區,埔新,,514,深坑區,深坑子,深坑子,149-8
深坑區,埔新,,515,深坑區,深坑子,深坑子,128-26
深坑區,埔新,,516,深坑區,深坑子,深坑子,148-1
深坑區,埔新,,517,深坑區,深坑子,深坑子,128-28
深坑區,埔新,,518,深坑區,深坑子,深坑子,128-27
深坑區,埔新,,519,深坑區,深坑子,深坑子,148-2
深坑區,埔新,,52,深坑區,深坑子,深坑子,7-6
深坑區,埔新,,520,深坑區,深坑子,深坑子,149-14
深坑區,埔新,,521,深坑區,深坑子,深坑子,149-1
深坑區,埔新,,522,深坑區,深坑子,深坑子,148-3
深坑區,埔新,,523,深坑區,深坑子,深坑子,148
深坑區,埔新,,524,深坑區,深坑子,深坑子,147-9
深坑區,埔新,,525,深坑區,深坑子,深坑子,147
深坑區,埔新,,526,深坑區,深坑子,深坑子,147-7
深坑區,埔新,,527,深坑區,深坑子,深坑子,147-11
深坑區,埔新,,528,深坑區,深坑子,深坑子,148-6
深坑區,埔新,,529,深坑區,深坑子,深坑子,149-6
深坑區,埔新,,53,深坑區,深坑子,深坑子,11-2
深坑區,埔新,,530,深坑區,深坑子,深坑子,149-5
深坑區,埔新,,531,深坑區,深坑子,深坑子,128-9
深坑區,埔新,,532,深坑區,深坑子,深坑子,128-19
深坑區,埔新,,533,深坑區,深坑子,深坑子,128-11
深坑區,埔新,,534,深坑區,深坑子,深坑子,128-3
深坑區,埔新,,535,深坑區,深坑子,深坑子,128-17
深坑區,埔新,,536,深坑區,深坑子,深坑子,128-7
深坑區,埔新,,537,深坑區,深坑子,深坑子,127
深坑區,埔新,,538,深坑區,深坑子,深坑子,104
深坑區,埔新,,539,深坑區,深坑子,深坑子,104-2
深坑區,埔新,,54,深坑區,深坑子,深坑子,9-2
深坑區,埔新,,540,深坑區,深坑子,深坑子,87-47
深坑區,埔新,,541,深坑區,深坑子,深坑子,87-10
深坑區,埔新,,542,深坑區,深坑子,深坑子,87-2
深坑區,埔新,,543,深坑區,深坑子,深坑子,87-46
深坑區,埔新,,544,深坑區,深坑子,深坑子,86
深坑區,埔新,,545,深坑區,深坑子,深坑子,87-41
深坑區,埔新,,546,深坑區,深坑子,深坑子,88-2
深坑區,埔新,,547,深坑區,深坑子,深坑子,88-1
深坑區,埔新,,548,深坑區,深坑子,深坑子,85-10
深坑區,埔新,,549,深坑區,深坑子,深坑子,86-1
深坑區,埔新,,55,深坑區,深坑子,深坑子,9
深坑區,埔新,,550,深坑區,深坑子,深坑子,87-36
深坑區,埔新,,551,深坑區,深坑子,深坑子,87-37
深坑區,埔新,,552,深坑區,深坑子,深坑子,87-38
深坑區,埔新,,553,深坑區,深坑子,深坑子,87-39
深坑區,埔新,,554,深坑區,深坑子,深坑子,87-40
深坑區,埔新,,555,深坑區,深坑子,深坑子,87-28
深坑區,埔新,,556,深坑區,深坑子,深坑子,87-35
深坑區,埔新,,557,深坑區,深坑子,深坑子,87-34
深坑區,埔新,,558,深坑區,深坑子,深坑子,87-33
深坑區,埔新,,559,深坑區,深坑子,深坑子,87-32
深坑區,埔新,,56,深坑區,深坑子,深坑子,1
深坑區,埔新,,560,深坑區,深坑子,深坑子,87-23
深坑區,埔新,,561,深坑區,深坑子,深坑子,87-31
深坑區,埔新,,562,深坑區,深坑子,深坑子,87-30
深坑區,埔新,,563,深坑區,深坑子,深坑子,102
深坑區,埔新,,564,深坑區,深坑子,深坑子,87-27
深坑區,埔新,,565,深坑區,深坑子,深坑子,87-26
深坑區,埔新,,566,深坑區,深坑子,深坑子,87-25
深坑區,埔新,,567,深坑區,深坑子,深坑子,102-1
深坑區,埔新,,568,深坑區,深坑子,深坑子,129-3
深坑區,埔新,,569,深坑區,深坑子,深坑子,87-12
深坑區,埔新,,57,深坑區,深坑子,深坑子,7-1
深坑區,埔新,,570,深坑區,深坑子,深坑子,87-17
深坑區,埔新,,571,深坑區,深坑子,深坑子,87-16
深坑區,埔新,,572,深坑區,深坑子,深坑子,87-11
深坑區,埔新,,573,深坑區,深坑子,深坑子,102-4
深坑區,埔新,,574,深坑區,深坑子,深坑子,102-2
深坑區,埔新,,575,深坑區,深坑子,深坑子,92-1
深坑區,埔新,,576,深坑區,深坑子,深坑子,102-3
深坑區,埔新,,577,深坑區,深坑子,深坑子,101
深坑區,埔新,,578,深坑區,深坑子,深坑子,92-3
深坑區,埔新,,579,深坑區,深坑子,深坑子,100
深坑區,埔新,,58,深坑區,深坑子,深坑子,6-1
深坑區,埔新,,580,深坑區,深坑子,深坑子,99
深坑區,埔新,,581,深坑區,深坑子,深坑子,98
深坑區,埔新,,582,深坑區,深坑子,深坑,4-3
深坑區,埔新,,583,深坑區,深坑子,深坑子,97-7
深坑區,埔新,,584,深坑區,深坑子,深坑子,98-2
深坑區,埔新,,585,深坑區,深坑子,深坑子,97-6
深坑區,埔新,,586,深坑區,深坑子,深坑子,97-5
深坑區,埔新,,587,深坑區,深坑子,深坑子,97-4
深坑區,埔新,,588,深坑區,深坑子,深坑子,97
深坑區,埔新,,589,深坑區,深坑子,深坑子,97-2
深坑區,埔新,,59,深坑區,深坑子,深坑子,6-3
深坑區,埔新,,590,深坑區,深坑子,深坑子,92-2
深坑區,埔新,,591,深坑區,深坑子,深坑子,97-1
深坑區,埔新,,592,深坑區,深坑子,深坑子,97-3
深坑區,埔新,,593,深坑區,深坑子,深坑子,98-1
深坑區,埔新,,594,深坑區,深坑子,深坑子,99-1
深坑區,埔新,,595,深坑區,深坑子,深坑子,100-1
深坑區,埔新,,596,深坑區,深坑子,深坑子,138-2
深坑區,埔新,,597,深坑區,深坑子,深坑子,146-6
深坑區,埔新,,598,深坑區,深坑子,深坑子,93-4
深坑區,埔新,,599,深坑區,深坑子,深坑子,94-1
深坑區,埔新,,6,深坑區,深坑子,草地頭,15-33
深坑區,埔新,,60,深坑區,深坑子,深坑子,6-7
深坑區,埔新,,600,深坑區,深坑子,深坑子,96-7
深坑區,埔新,,601,深坑區,深坑子,深坑子,96
深坑區,埔新,,602,深坑區,深坑子,深坑子,96-8
深坑區,埔新,,603,深坑區,深坑子,深坑子,96-5
深坑區,埔新,,604,深坑區,深坑子,深坑子,94-6
深坑區,埔新,,605,深坑區,深坑子,深坑子,94-5
深坑區,埔新,,606,深坑區,深坑子,深坑子,93-1
深坑區,埔新,,607,深坑區,深坑子,深坑子,93-12
深坑區,埔新,,608,深坑區,深坑子,深坑子,93-11
深坑區,埔新,,609,深坑區,深坑子,深坑子,93-3
深坑區,埔新,,61,深坑區,深坑子,深坑子,1-5
深坑區,埔新,,610,深坑區,深坑子,深坑子,93-8
深坑區,埔新,,611,深坑區,深坑子,深坑子,93-2
深坑區,埔新,,612,深坑區,深坑子,深坑子,94-2
深坑區,埔新,,613,深坑區,深坑子,深坑子,96-2
深坑區,埔新,,614,深坑區,深坑子,深坑子,96-6
深坑區,埔新,,615,深坑區,深坑子,深坑子,94
深坑區,埔新,,616,深坑區,深坑子,深坑子,95-2
深坑區,埔新,,617,深坑區,深坑子,深坑子,95
深坑區,埔新,,618,深坑區,深坑子,深坑子,247
深坑區,埔新,,619,深坑區,深坑子,深坑子,249
深坑區,埔新,,62,深坑區,深坑子,深坑子,2-5
深坑區,埔新,,620,深坑區,深坑子,深坑子,248-1
深坑區,埔新,,621,深坑區,深坑子,深坑子,249-3
深坑區,埔新,,622,深坑區,深坑子,深坑子,249-1
深坑區,埔新,,623,深坑區,深坑子,深坑子,248
深坑區,埔新,,624,深坑區,深坑子,深坑子,246-3
深坑區,埔新,,625,深坑區,深坑子,半山,30-3
深坑區,埔新,,626,深坑區,深坑子,半山,12-3
深坑區,埔新,,627,深坑區,深坑子,半山,12-5
深坑區,埔新,,628,深坑區,深坑子,半山,30
深坑區,埔新,,629,深坑區,深坑子,半山,28-1
深坑區,埔新,,63,深坑區,深坑子,深坑子,1-3
深坑區,埔新,,630,深坑區,深坑子,半山,12-4
深坑區,埔新,,631,深坑區,深坑子,深坑子,250-3
深坑區,埔新,,632,深坑區,深坑子,深坑子,254-1
深坑區,埔新,,633,深坑區,深坑子,深坑子,250-5
深坑區,埔新,,634,深坑區,深坑子,深坑子,250-4
深坑區,埔新,,635,深坑區,深坑子,深坑子,250
深坑區,埔新,,636,深坑區,深坑子,深坑子,250-7
深坑區,埔新,,637,深坑區,深坑子,深坑子,250-6
深坑區,埔新,,638,深坑區,深坑子,深坑子,250-2
深坑區,埔新,,639,深坑區,深坑子,深坑子,249-2
深坑區,埔新,,64,深坑區,深坑子,深坑子,1-8
深坑區,埔新,,640,深坑區,深坑子,深坑子,95-3
深坑區,埔新,,641,深坑區,深坑子,深坑子,95-1
深坑區,埔新,,642,深坑區,深坑子,深坑子,95-4
深坑區,埔新,,643,深坑區,深坑子,深坑子,96-3
深坑區,埔新,,644,深坑區,深坑子,深坑子,94-3
深坑區,埔新,,645,深坑區,深坑子,深坑子,94-4
深坑區,埔新,,646,深坑區,深坑子,深坑子,96-4
深坑區,埔新,,647,深坑區,深坑子,深坑子,139-5
深坑區,埔新,,648,深坑區,深坑子,深坑子,139-4
深坑區,埔新,,649,深坑區,深坑子,深坑子,139-6
深坑區,埔新,,65,深坑區,深坑子,草地頭,15-38
深坑區,埔新,,650,深坑區,深坑子,深坑子,137-2
深坑區,埔新,,651,深坑區,深坑子,深坑子,95-5
深坑區,埔新,,652,深坑區,深坑子,深坑子,139-2
深坑區,埔新,,653,深坑區,深坑子,深坑子,139-1
深坑區,埔新,,654,深坑區,深坑子,深坑子,139
深坑區,埔新,,655,深坑區,深坑子,深坑子,140
深坑區,埔新,,656,深坑區,深坑子,深坑子,140-1
深坑區,埔新,,657,深坑區,深坑子,深坑子,139-3
深坑區,埔新,,658,深坑區,深坑子,深坑子,138-1
深坑區,埔新,,659,深坑區,深坑子,深坑子,137-3
深坑區,埔新,,66,深坑區,深坑子,草地頭,15-40
深坑區,埔新,,660,深坑區,深坑子,深坑子,136-1
深坑區,埔新,,661,深坑區,深坑子,深坑子,136
深坑區,埔新,,662,深坑區,深坑子,深坑子,137-1
深坑區,埔新,,663,深坑區,深坑子,深坑子,138
深坑區,埔新,,664,深坑區,深坑子,深坑子,137
深坑區,埔新,,665,深坑區,深坑子,深坑子,132-3
深坑區,埔新,,666,深坑區,深坑子,深坑子,132-2
深坑區,埔新,,667,深坑區,深坑子,深坑子,131
深坑區,埔新,,668,深坑區,深坑子,深坑子,133-2
深坑區,埔新,,669,深坑區,深坑子,深坑子,133-1
深坑區,埔新,,67,深坑區,深坑子,草地頭,14-1
深坑區,埔新,,670,深坑區,深坑子,深坑子,132-1
深坑區,埔新,,671,深坑區,深坑子,深坑子,129-2
深坑區,埔新,,672,深坑區,深坑子,深坑子,129-1
深坑區,埔新,,673,深坑區,深坑子,深坑子,129
深坑區,埔新,,674,深坑區,深坑子,深坑子,132
深坑區,埔新,,675,深坑區,深坑子,深坑子,133
深坑區,埔新,,676,深坑區,深坑子,深坑子,134
深坑區,埔新,,677,深坑區,深坑子,深坑子,134-3
深坑區,埔新,,678,深坑區,深坑子,深坑子,128-4
深坑區,埔新,,679,深坑區,深坑子,深坑子,128-20
深坑區,埔新,,68,深坑區,深坑子,草地頭,13-6
深坑區,埔新,,680,深坑區,深坑子,深坑子,128-18
深坑區,埔新,,681,深坑區,深坑子,深坑子,128-15
深坑區,埔新,,682,深坑區,深坑子,深坑子,128-10
深坑區,埔新,,683,深坑區,深坑子,深坑子,134-4
深坑區,埔新,,684,深坑區,深坑子,深坑子,134-5
深坑區,埔新,,685,深坑區,深坑子,深坑子,128-21
深坑區,埔新,,686,深坑區,深坑子,深坑子,128-16
深坑區,埔新,,687,深坑區,深坑子,深坑子,128-22
深坑區,埔新,,688,深坑區,深坑子,深坑子,128-23
深坑區,埔新,,689,深坑區,深坑子,深坑子,128-2
深坑區,埔新,,69,深坑區,深坑子,草地頭,13-5
深坑區,埔新,,690,深坑區,深坑子,深坑子,128
深坑區,埔新,,691,深坑區,深坑子,深坑子,104-7
深坑區,埔新,,692,深坑區,深坑子,深坑子,104-6
深坑區,埔新,,693,深坑區,深坑子,深坑子,128-13
深坑區,埔新,,694,深坑區,深坑子,深坑子,104-12
深坑區,埔新,,695,深坑區,深坑子,深坑子,87-48
深坑區,埔新,,696,深坑區,深坑子,深坑子,128-5
深坑區,埔新,,697,深坑區,深坑子,深坑子,147-8
深坑區,埔新,,698,深坑區,深坑子,深坑子,129-4
深坑區,埔新,,699,深坑區,深坑子,深坑子,147-6
深坑區,埔新,,7,深坑區,深坑子,草地頭,1-18
深坑區,埔新,,70,深坑區,深坑子,草地頭,13-1
深坑區,埔新,,700,深坑區,深坑子,深坑子,128-14
深坑區,埔新,,701,深坑區,深坑子,深坑子,147-2
深坑區,埔新,,702,深坑區,深坑子,深坑子,147-3
深坑區,埔新,,703,深坑區,深坑子,深坑子,134-1
深坑區,埔新,,704,深坑區,深坑子,深坑子,145-1
深坑區,埔新,,705,深坑區,深坑子,深坑子,134-2
深坑區,埔新,,706,深坑區,深坑子,深坑子,133-3
深坑區,埔新,,707,深坑區,深坑子,深坑子,135-7
深坑區,埔新,,708,深坑區,深坑子,深坑子,135-12
深坑區,埔新,,709,深坑區,深坑子,深坑子,144-13
深坑區,埔新,,71,深坑區,深坑子,草地頭,15-39
深坑區,埔新,,710,深坑區,深坑子,深坑子,144-12
深坑區,埔新,,711,深坑區,深坑子,深坑子,144-9
深坑區,埔新,,712,深坑區,深坑子,深坑子,146-14
深坑區,埔新,,713,深坑區,深坑子,深坑子,146-10
深坑區,埔新,,714,深坑區,深坑子,深坑子,135-4
深坑區,埔新,,715,深坑區,深坑子,深坑子,135-10
深坑區,埔新,,716,深坑區,深坑子,深坑子,135-11
深坑區,埔新,,717,深坑區,深坑子,深坑子,146-7
深坑區,埔新,,718,深坑區,深坑子,深坑子,146-4
深坑區,埔新,,719,深坑區,深坑子,深坑子,146-9
深坑區,埔新,,72,深坑區,深坑子,草地頭,15-27
深坑區,埔新,,720,深坑區,深坑子,深坑子,146-3
深坑區,埔新,,721,深坑區,深坑子,深坑子,144-8
深坑區,埔新,,722,深坑區,深坑子,深坑子,144-2
深坑區,埔新,,723,深坑區,深坑子,深坑子,144-3
深坑區,埔新,,724,深坑區,深坑子,深坑子,144-4
深坑區,埔新,,725,深坑區,深坑子,深坑子,144-5
深坑區,埔新,,726,深坑區,深坑子,深坑子,144-11
深坑區,埔新,,727,深坑區,深坑子,深坑子,135-6
深坑區,埔新,,728,深坑區,深坑子,深坑子,135-8
深坑區,埔新,,729,深坑區,深坑子,深坑子,135
深坑區,埔新,,73,深坑區,深坑子,草地頭,15-43
深坑區,埔新,,730,深坑區,深坑子,深坑子,144
深坑區,埔新,,731,深坑區,深坑子,深坑子,146-8
深坑區,埔新,,732,深坑區,深坑子,深坑子,144-1
深坑區,埔新,,733,深坑區,深坑子,深坑子,144-10
深坑區,埔新,,734,深坑區,深坑子,深坑子,143-2
深坑區,埔新,,735,深坑區,深坑子,深坑子,143-5
深坑區,埔新,,736,深坑區,深坑子,深坑子,135-3
深坑區,埔新,,737,深坑區,深坑子,深坑子,143-1
深坑區,埔新,,738,深坑區,深坑子,深坑子,143
深坑區,埔新,,739,深坑區,深坑子,深坑子,143-3
深坑區,埔新,,74,深坑區,深坑子,草地頭,15-30
深坑區,埔新,,740,深坑區,深坑子,深坑子,144-6
深坑區,埔新,,741,深坑區,深坑子,深坑子,144-7
深坑區,埔新,,742,深坑區,深坑子,深坑子,145-2
深坑區,埔新,,743,深坑區,深坑子,深坑子,145
深坑區,埔新,,744,深坑區,深坑子,深坑子,143-6
深坑區,埔新,,745,深坑區,深坑子,深坑子,143-4
深坑區,埔新,,746,深坑區,深坑子,深坑子,135-9
深坑區,埔新,,747,深坑區,深坑子,深坑子,135-5
深坑區,埔新,,748,深坑區,深坑子,深坑子,141-1
深坑區,埔新,,749,深坑區,深坑子,深坑子,142-1
深坑區,埔新,,75,深坑區,深坑子,草地頭,15-29
深坑區,埔新,,750,深坑區,深坑子,深坑子,142
深坑區,埔新,,751,深坑區,深坑子,深坑子,180-3
深坑區,埔新,,752,深坑區,深坑子,深坑子,180-4
深坑區,埔新,,753,深坑區,深坑子,深坑子,180-2
深坑區,埔新,,754,深坑區,深坑子,深坑子,180-8
深坑區,埔新,,755,深坑區,深坑子,深坑子,180-7
深坑區,埔新,,756,深坑區,深坑子,深坑子,180-6
深坑區,埔新,,757,深坑區,深坑子,深坑子,180-5
深坑區,埔新,,758,深坑區,深坑子,深坑子,180-9
深坑區,埔新,,759,深坑區,深坑子,深坑子,180-1
深坑區,埔新,,76,深坑區,深坑子,新埤內,46-4
深坑區,埔新,,760,深坑區,深坑子,深坑子,141
深坑區,埔新,,761,深坑區,深坑子,深坑子,252-2
深坑區,埔新,,762,深坑區,深坑子,深坑子,252
深坑區,埔新,,763,深坑區,深坑子,深坑子,251
深坑區,埔新,,764,深坑區,深坑子,深坑子,253
深坑區,埔新,,765,深坑區,深坑子,深坑子,183-4
深坑區,埔新,,766,深坑區,深坑子,深坑子,183-11
深坑區,埔新,,767,深坑區,深坑子,深坑子,183-3
深坑區,埔新,,768,深坑區,深坑子,深坑子,183-17
深坑區,埔新,,769,深坑區,深坑子,深坑子,184
深坑區,埔新,,77,深坑區,深坑子,新埤內,42-20
深坑區,埔新,,770,深坑區,深坑子,深坑子,184-6
深坑區,埔新,,771,深坑區,深坑子,深坑子,254
深坑區,埔新,,772,深坑區,深坑子,深坑子,254-3
深坑區,埔新,,773,深坑區,深坑子,深坑子,188-5
深坑區,埔新,,774,深坑區,深坑子,深坑子,188
深坑區,埔新,,775,深坑區,深坑子,深坑子,189-1
深坑區,埔新,,776,深坑區,深坑子,深坑子,193-6
深坑區,埔新,,777,深坑區,深坑子,深坑子,188-6
深坑區,埔新,,778,深坑區,深坑子,深坑子,189-3
深坑區,埔新,,779,深坑區,深坑子,深坑子,254-4
深坑區,埔新,,78,深坑區,深坑子,新埤內,42-17
深坑區,埔新,,780,深坑區,深坑子,深坑子,184-12
深坑區,埔新,,781,深坑區,深坑子,深坑子,184-11
深坑區,埔新,,782,深坑區,深坑子,深坑子,184-10
深坑區,埔新,,783,深坑區,深坑子,深坑子,183
深坑區,埔新,,784,深坑區,深坑子,深坑子,183-1
深坑區,埔新,,785,深坑區,深坑子,深坑子,184-9
深坑區,埔新,,786,深坑區,深坑子,深坑子,183-5
深坑區,埔新,,787,深坑區,深坑子,深坑子,183-8
深坑區,埔新,,788,深坑區,深坑子,深坑子,191-3
深坑區,埔新,,789,深坑區,深坑子,深坑子,183-9
深坑區,埔新,,79,深坑區,深坑子,新埤內,42-18
深坑區,埔新,,790,深坑區,深坑子,深坑子,183-2
深坑區,埔新,,791,深坑區,深坑子,深坑子,183-10
深坑區,埔新,,792,深坑區,深坑子,深坑子,183-12
深坑區,埔新,,793,深坑區,深坑子,深坑子,183-13
深坑區,埔新,,794,深坑區,深坑子,深坑子,183-14
深坑區,埔新,,795,深坑區,深坑子,深坑子,191-1
深坑區,埔新,,796,深坑區,深坑子,深坑子,191
深坑區,埔新,,797,深坑區,深坑子,深坑子,177-56
深坑區,埔新,,798,深坑區,深坑子,深坑子,193
深坑區,埔新,,799,深坑區,深坑子,深坑子,183-16
深坑區,埔新,,8,深坑區,深坑子,新埤內,46-2
深坑區,埔新,,80,深坑區,深坑子,新埤內,42-19
深坑區,埔新,,800,深坑區,深坑子,深坑子,192-2
深坑區,埔新,,801,深坑區,深坑子,深坑子,192
深坑區,埔新,,802,深坑區,深坑子,深坑子,192-1
深坑區,埔新,,803,深坑區,深坑子,深坑子,192-4
深坑區,埔新,,804,深坑區,深坑子,深坑子,183-15
深坑區,埔新,,805,深坑區,深坑子,深坑子,182-2
深坑區,埔新,,806,深坑區,深坑子,深坑子,182-1
深坑區,埔新,,807,深坑區,深坑子,深坑子,182
深坑區,埔新,,808,深坑區,深坑子,深坑子,182-3
深坑區,埔新,,809,深坑區,深坑子,深坑子,178
深坑區,埔新,,81,深坑區,深坑子,新埤內,42-13
深坑區,埔新,,810,深坑區,深坑子,深坑子,178-1
深坑區,埔新,,811,深坑區,深坑子,深坑子,179-1
深坑區,埔新,,812,深坑區,深坑子,深坑子,183-6
深坑區,埔新,,813,深坑區,深坑子,深坑子,177-29
深坑區,埔新,,814,深坑區,深坑子,深坑子,177-55
深坑區,埔新,,815,深坑區,深坑子,深坑子,177-27
深坑區,埔新,,816,深坑區,深坑子,深坑子,177-6
深坑區,埔新,,817,深坑區,深坑子,深坑子,177-58
深坑區,埔新,,818,深坑區,深坑子,深坑子,177-57
深坑區,埔新,,819,深坑區,深坑子,深坑子,177-59
深坑區,埔新,,82,深坑區,深坑子,新埤內,42-14
深坑區,埔新,,820,深坑區,深坑子,深坑子,177-7
深坑區,埔新,,821,深坑區,深坑子,深坑子,177-4
深坑區,埔新,,822,深坑區,深坑子,深坑子,177-63
深坑區,埔新,,823,深坑區,深坑子,深坑子,177-31
深坑區,埔新,,824,深坑區,深坑子,深坑子,177-9
深坑區,埔新,,825,深坑區,深坑子,深坑子,177-15
深坑區,埔新,,826,深坑區,深坑子,深坑子,177-16
深坑區,埔新,,827,深坑區,深坑子,深坑子,177-17
深坑區,埔新,,828,深坑區,深坑子,深坑子,177-18
深坑區,埔新,,829,深坑區,深坑子,深坑子,177-19
深坑區,埔新,,83,深坑區,深坑子,新埤內,42-15
深坑區,埔新,,830,深坑區,深坑子,深坑子,177-20
深坑區,埔新,,831,深坑區,深坑子,深坑子,177-47
深坑區,埔新,,832,深坑區,深坑子,深坑子,177-12
深坑區,埔新,,833,深坑區,深坑子,深坑子,177-50
深坑區,埔新,,834,深坑區,深坑子,深坑子,177-51
深坑區,埔新,,835,深坑區,深坑子,深坑子,177-48
深坑區,埔新,,836,深坑區,深坑子,深坑子,177-34
深坑區,埔新,,837,深坑區,深坑子,深坑子,177-25
深坑區,埔新,,838,深坑區,深坑子,深坑子,177-40
深坑區,埔新,,839,深坑區,深坑子,深坑子,177-39
深坑區,埔新,,84,深坑區,深坑子,新埤內,42-21
深坑區,埔新,,840,深坑區,深坑子,深坑子,177-38
深坑區,埔新,,841,深坑區,深坑子,深坑子,177-37
深坑區,埔新,,842,深坑區,深坑子,深坑子,177-36
深坑區,埔新,,843,深坑區,深坑子,深坑子,177-54
深坑區,埔新,,844,深坑區,深坑子,深坑子,177-53
深坑區,埔新,,845,深坑區,深坑子,深坑子,177-26
深坑區,埔新,,846,深坑區,深坑子,深坑子,177-52
深坑區,埔新,,847,深坑區,深坑子,深坑子,146-11
深坑區,埔新,,848,深坑區,深坑子,深坑子,146-12
深坑區,埔新,,849,深坑區,深坑子,深坑子,146-1
深坑區,埔新,,85,深坑區,深坑子,新埤內,100-4
深坑區,埔新,,850,深坑區,深坑子,深坑子,146
深坑區,埔新,,851,深坑區,深坑子,深坑子,146-2
深坑區,埔新,,852,深坑區,深坑子,深坑子,197-3
深坑區,埔新,,853,深坑區,深坑子,深坑子,197
深坑區,埔新,,854,深坑區,深坑子,深坑子,175-4
深坑區,埔新,,855,深坑區,深坑子,深坑子,197-1
深坑區,埔新,,856,深坑區,深坑子,深坑子,197-4
深坑區,埔新,,857,深坑區,深坑子,深坑子,198-4
深坑區,埔新,,858,深坑區,深坑子,深坑子,174-2
深坑區,埔新,,859,深坑區,深坑子,深坑子,174-4
深坑區,埔新,,86,深坑區,深坑子,新埤內,42-16
深坑區,埔新,,860,深坑區,深坑子,深坑子,146-5
深坑區,埔新,,861,深坑區,深坑子,深坑子,147-5
深坑區,埔新,,862,深坑區,深坑子,深坑子,146-13
深坑區,埔新,,863,深坑區,深坑子,深坑子,174
深坑區,埔新,,864,深坑區,深坑子,深坑子,147-4
深坑區,埔新,,865,深坑區,深坑子,深坑子,175-1
深坑區,埔新,,866,深坑區,深坑子,深坑子,175-2
深坑區,埔新,,867,深坑區,深坑子,深坑子,175-3
深坑區,埔新,,868,深坑區,深坑子,深坑,1-1
深坑區,埔新,,869,深坑區,深坑子,深坑子,174-5
深坑區,埔新,,87,深坑區,深坑子,新埤內,44
深坑區,埔新,,870,深坑區,深坑子,深坑子,174-3
深坑區,埔新,,871,深坑區,深坑子,深坑,3
深坑區,埔新,,872,深坑區,深坑子,深坑子,170
深坑區,埔新,,873,深坑區,深坑子,深坑子,149-11
深坑區,埔新,,874,深坑區,深坑子,深坑子,174-1
深坑區,埔新,,875,深坑區,深坑子,深坑子,173-1
深坑區,埔新,,876,深坑區,深坑子,深坑子,173-3
深坑區,埔新,,877,深坑區,深坑子,深坑子,170-2
深坑區,埔新,,878,深坑區,深坑子,深坑子,173-2
深坑區,埔新,,879,深坑區,深坑子,深坑子,164-1
深坑區,埔新,,88,深坑區,深坑子,新埤內,44-1
深坑區,埔新,,880,深坑區,深坑子,深坑子,164-4
深坑區,埔新,,881,深坑區,深坑子,深坑子,149-9
深坑區,埔新,,882,深坑區,深坑子,深坑子,162-15
深坑區,埔新,,883,深坑區,深坑子,深坑子,149-10
深坑區,埔新,,884,深坑區,深坑子,深坑子,162-11
深坑區,埔新,,885,深坑區,深坑子,深坑子,162-12
深坑區,埔新,,886,深坑區,深坑子,深坑子,162-9
深坑區,埔新,,887,深坑區,深坑子,深坑子,164-8
深坑區,埔新,,888,深坑區,深坑子,深坑子,162-10
深坑區,埔新,,889,深坑區,深坑子,深坑子,162-13
深坑區,埔新,,89,深坑區,深坑子,新埤內,44-3
深坑區,埔新,,890,深坑區,深坑子,深坑子,163-4
深坑區,埔新,,891,深坑區,深坑子,深坑子,162-28
深坑區,埔新,,892,深坑區,深坑子,深坑子,162-8
深坑區,埔新,,893,深坑區,深坑子,深坑子,163-3
深坑區,埔新,,894,深坑區,深坑子,深坑子,162-16
深坑區,埔新,,895,深坑區,深坑子,深坑子,162-6
深坑區,埔新,,896,深坑區,深坑子,深坑子,162-19
深坑區,埔新,,897,深坑區,深坑子,深坑子,162-7
深坑區,埔新,,898,深坑區,深坑子,深坑子,157-6
深坑區,埔新,,899,深坑區,深坑子,深坑子,159-1
深坑區,埔新,,9,深坑區,深坑子,草地頭,15-37
深坑區,埔新,,90,深坑區,深坑子,新埤內,46-8
深坑區,埔新,,900,深坑區,深坑子,深坑子,162
深坑區,埔新,,901,深坑區,深坑子,深坑子,162-25
深坑區,埔新,,902,深坑區,深坑子,深坑子,164-5
深坑區,埔新,,903,深坑區,深坑子,深坑子,162-29
深坑區,埔新,,904,深坑區,深坑子,深坑子,164-7
深坑區,埔新,,905,深坑區,深坑子,深坑子,160-1
深坑區,埔新,,906,深坑區,深坑子,深坑子,161-1
深坑區,埔新,,907,深坑區,深坑子,深坑子,161
深坑區,埔新,,908,深坑區,深坑子,深坑子,163-1
深坑區,埔新,,909,深坑區,深坑子,深坑子,160-3
深坑區,埔新,,91,深坑區,深坑子,新埤內,46-3
深坑區,埔新,,910,深坑區,深坑子,深坑子,162-27
深坑區,埔新,,911,深坑區,深坑子,深坑子,162-26
深坑區,埔新,,912,深坑區,深坑子,深坑子,163
深坑區,埔新,,913,深坑區,深坑子,深坑子,163-2
深坑區,埔新,,914,深坑區,深坑子,深坑子,166
深坑區,埔新,,915,深坑區,深坑子,深坑子,165
深坑區,埔新,,916,深坑區,深坑子,深坑子,167
深坑區,埔新,,917,深坑區,深坑子,深坑子,167-7
深坑區,埔新,,918,深坑區,深坑子,深坑子,167-6
深坑區,埔新,,919,深坑區,深坑子,深坑子,164-3
深坑區,埔新,,92,深坑區,深坑子,新埤內,44-2
深坑區,埔新,,920,深坑區,深坑子,深坑子,164-6
深坑區,埔新,,921,深坑區,深坑子,深坑子,164-2
深坑區,埔新,,922,深坑區,深坑子,深坑,49-13
深坑區,埔新,,923,深坑區,深坑子,深坑子,170-3
深坑區,埔新,,924,深坑區,深坑子,深坑子,170-4
深坑區,埔新,,925,深坑區,深坑子,深坑,49-9
深坑區,埔新,,926,深坑區,深坑子,深坑,26-3
深坑區,埔新,,927,深坑區,深坑子,深坑,26-4
深坑區,埔新,,928,深坑區,深坑子,深坑,39-4
深坑區,埔新,,929,深坑區,深坑子,深坑,42-2
深坑區,埔新,,93,深坑區,深坑子,新埤內,45-5
深坑區,埔新,,930,深坑區,深坑子,深坑,44-2
深坑區,埔新,,931,深坑區,深坑子,深坑,49-1
深坑區,埔新,,932,深坑區,深坑子,深坑,49-8
深坑區,埔新,,933,深坑區,深坑子,深坑,49-14
深坑區,埔新,,934,深坑區,深坑子,深坑子,164
深坑區,埔新,,935,深坑區,深坑子,深坑子,167-2
深坑區,埔新,,936,深坑區,深坑子,深坑,49-10
深坑區,埔新,,937,深坑區,深坑子,深坑,49-18
深坑區,埔新,,938,深坑區,深坑子,深坑,49-3
深坑區,埔新,,939,深坑區,深坑子,深坑,49-17
深坑區,埔新,,94,深坑區,深坑子,新埤內,46-9
深坑區,埔新,,940,深坑區,深坑子,深坑,81-1
深坑區,埔新,,941,深坑區,深坑子,深坑,85
深坑區,埔新,,942,深坑區,深坑子,深坑,82
深坑區,埔新,,943,深坑區,深坑子,深坑,80
深坑區,埔新,,944,深坑區,深坑子,深坑,77
深坑區,埔新,,945,深坑區,深坑子,深坑,76
深坑區,埔新,,946,深坑區,深坑子,深坑,67
深坑區,埔新,,947,深坑區,深坑子,深坑,68
深坑區,埔新,,948,深坑區,深坑子,深坑,62
深坑區,埔新,,949,深坑區,深坑子,深坑,66
深坑區,埔新,,95,深坑區,深坑子,新埤內,45-3
深坑區,埔新,,950,深坑區,深坑子,深坑,61
深坑區,埔新,,951,深坑區,深坑子,深坑,56-3
深坑區,埔新,,952,深坑區,深坑子,深坑,56-2
深坑區,埔新,,953,深坑區,深坑子,深坑,56-4
深坑區,埔新,,954,深坑區,深坑子,深坑,56-1
深坑區,埔新,,955,深坑區,深坑子,深坑,55
深坑區,埔新,,956,深坑區,深坑子,深坑,49-2
深坑區,埔新,,957,深坑區,深坑子,深坑,49-19
深坑區,埔新,,958,深坑區,深坑子,深坑,49-5
深坑區,埔新,,959,深坑區,深坑子,深坑,54
深坑區,埔新,,96,深坑區,深坑子,新埤內,45
深坑區,埔新,,960,深坑區,深坑子,深坑,49-4
深坑區,埔新,,961,深坑區,深坑子,深坑,49
深坑區,埔新,,962,深坑區,深坑子,深坑,48
深坑區,埔新,,963,深坑區,深坑子,深坑,45
深坑區,埔新,,964,深坑區,深坑子,深坑,44
深坑區,埔新,,965,深坑區,深坑子,深坑,48-2
深坑區,埔新,,966,深坑區,深坑子,深坑,49-7
深坑區,埔新,,967,深坑區,深坑子,深坑,45-2
深坑區,埔新,,968,深坑區,深坑子,深坑,43
深坑區,埔新,,969,深坑區,深坑子,深坑,39
深坑區,埔新,,97,深坑區,深坑子,新埤內,45-1
深坑區,埔新,,970,深坑區,深坑子,深坑,36
深坑區,埔新,,971,深坑區,深坑子,深坑,26-5
深坑區,埔新,,972,深坑區,深坑子,深坑,26-7
深坑區,埔新,,973,深坑區,深坑子,深坑,36-2
深坑區,埔新,,974,深坑區,深坑子,深坑,26-6
深坑區,埔新,,975,深坑區,深坑子,深坑,26
深坑區,埔新,,976,深坑區,深坑子,深坑,26-2
深坑區,埔新,,977,深坑區,深坑子,深坑,27
深坑區,埔新,,978,深坑區,深坑子,深坑,29
深坑區,埔新,,979,深坑區,深坑子,深坑,25
深坑區,埔新,,98,深坑區,深坑子,新埤內,45-6
深坑區,埔新,,980,深坑區,深坑子,深坑,22
深坑區,埔新,,981,深坑區,深坑子,深坑,21
深坑區,埔新,,982,深坑區,深坑子,深坑,18
深坑區,埔新,,983,深坑區,深坑子,深坑,17-2
深坑區,埔新,,984,深坑區,深坑子,深坑,3-1
深坑區,埔新,,985,深坑區,深坑子,深坑,18-1
深坑區,埔新,,986,深坑區,深坑子,深坑,18-2
深坑區,埔新,,987,深坑區,深坑子,深坑,22-1
深坑區,埔新,,988,深坑區,深坑子,深坑,2
深坑區,埔新,,989,深坑區,深坑子,深坑,1-2
深坑區,埔新,,99,深坑區,深坑子,新埤內,100-3
深坑區,埔新,,990,深坑區,深坑子,深坑,6-2
深坑區,埔新,,991,深坑區,深坑子,深坑,7
深坑區,埔新,,992,深坑區,深坑子,深坑,5
深坑區,埔新,,993,深坑區,深坑子,深坑子,197-2
深坑區,埔新,,994,深坑區,深坑子,深坑子,198-7
深坑區,埔新,,995,深坑區,深坑子,深坑子,207-12
深坑區,埔新,,996,深坑區,深坑子,深坑子,199-6
深坑區,埔新,,997,深坑區,深坑子,深坑子,198-5
深坑區,埔新,,998,深坑區,深坑子,深坑子,199-3
深坑區,埔新,,999,深坑區,深坑子,深坑子,201
深坑區,文山,,1,深坑區,深坑子,麻竹寮,67-5
深坑區,文山,,10,深坑區,深坑子,麻竹寮,70-8
深坑區,文山,,100,深坑區,阿柔坑,阿柔洋,1-6
深坑區,文山,,101,深坑區,阿柔坑,阿柔洋,1
深坑區,文山,,102,深坑區,阿柔坑,阿柔洋,2
深坑區,文山,,103,深坑區,阿柔坑,阿柔洋,2-1
深坑區,文山,,104,深坑區,阿柔坑,阿柔洋,3-2
深坑區,文山,,105,深坑區,阿柔坑,阿柔洋,3
深坑區,文山,,106,深坑區,阿柔坑,阿柔洋,1-10
深坑區,文山,,107,深坑區,深坑子,麻竹寮,59-3
深坑區,文山,,108,深坑區,阿柔坑,阿柔洋,5-6
深坑區,文山,,109,深坑區,阿柔坑,阿柔洋,3-1
深坑區,文山,,11,深坑區,深坑子,麻竹寮,70-17
深坑區,文山,,110,深坑區,阿柔坑,阿柔洋,5-1
深坑區,文山,,111,深坑區,阿柔坑,阿柔洋,5
深坑區,文山,,112,深坑區,阿柔坑,阿柔洋,5-2
深坑區,文山,,113,深坑區,阿柔坑,阿柔洋,5-7
深坑區,文山,,114,深坑區,阿柔坑,阿柔洋,5-8
深坑區,文山,,115,深坑區,阿柔坑,阿柔洋,3-3
深坑區,文山,,116,深坑區,阿柔坑,阿柔洋,3-4
深坑區,文山,,117,深坑區,阿柔坑,阿柔洋,1-9
深坑區,文山,,118,深坑區,阿柔坑,阿柔洋,1-5
深坑區,文山,,119,深坑區,阿柔坑,阿柔洋,34-2
深坑區,文山,,12,深坑區,深坑子,麻竹寮,11-2
深坑區,文山,,120,深坑區,阿柔坑,阿柔洋,34-4
深坑區,文山,,121,深坑區,阿柔坑,阿柔洋,34-3
深坑區,文山,,122,深坑區,阿柔坑,阿柔洋,34-1
深坑區,文山,,123,深坑區,阿柔坑,阿柔洋,34-6
深坑區,文山,,124,深坑區,阿柔坑,阿柔洋,34-7
深坑區,文山,,125,深坑區,阿柔坑,阿柔洋,34-8
深坑區,文山,,126,深坑區,阿柔坑,阿柔洋,34-9
深坑區,文山,,127,深坑區,阿柔坑,阿柔洋,34-10
深坑區,文山,,128,深坑區,阿柔坑,阿柔洋,34-5
深坑區,文山,,129,深坑區,阿柔坑,阿柔洋,34
深坑區,文山,,13,深坑區,深坑子,麻竹寮,9-43
深坑區,文山,,130,深坑區,阿柔坑,阿柔洋,191
深坑區,文山,,131,深坑區,阿柔坑,阿柔洋,192
深坑區,文山,,132,深坑區,阿柔坑,阿柔洋,27-1
深坑區,文山,,133,深坑區,阿柔坑,阿柔洋,23-1
深坑區,文山,,134,深坑區,阿柔坑,阿柔洋,23-16
深坑區,文山,,135,深坑區,阿柔坑,阿柔洋,23-17
深坑區,文山,,136,深坑區,阿柔坑,阿柔洋,23-18
深坑區,文山,,137,深坑區,阿柔坑,阿柔洋,23-6
深坑區,文山,,138,深坑區,阿柔坑,阿柔洋,23-7
深坑區,文山,,139,深坑區,阿柔坑,阿柔洋,23-8
深坑區,文山,,14,深坑區,深坑子,麻竹寮,9-25
深坑區,文山,,140,深坑區,阿柔坑,阿柔洋,23-9
深坑區,文山,,141,深坑區,阿柔坑,阿柔洋,23-10
深坑區,文山,,142,深坑區,阿柔坑,阿柔洋,23-11
深坑區,文山,,143,深坑區,阿柔坑,阿柔洋,23-12
深坑區,文山,,144,深坑區,阿柔坑,阿柔洋,23-13
深坑區,文山,,145,深坑區,阿柔坑,阿柔洋,23-15
深坑區,文山,,146,深坑區,阿柔坑,阿柔洋,23-14
深坑區,文山,,147,深坑區,阿柔坑,阿柔洋,23
深坑區,文山,,148,深坑區,阿柔坑,阿柔洋,28-1
深坑區,文山,,149,深坑區,阿柔坑,阿柔洋,23-2
深坑區,文山,,15,深坑區,深坑子,麻竹寮,9-8
深坑區,文山,,150,深坑區,阿柔坑,阿柔洋,25-1
深坑區,文山,,151,深坑區,阿柔坑,阿柔洋,23-3
深坑區,文山,,152,深坑區,阿柔坑,阿柔洋,25
深坑區,文山,,153,深坑區,阿柔坑,阿柔洋,25-7
深坑區,文山,,154,深坑區,阿柔坑,阿柔洋,27-3
深坑區,文山,,155,深坑區,阿柔坑,阿柔洋,27
深坑區,文山,,156,深坑區,阿柔坑,阿柔洋,32
深坑區,文山,,157,深坑區,阿柔坑,阿柔洋,33
深坑區,文山,,158,深坑區,阿柔坑,阿柔洋,35-1
深坑區,文山,,159,深坑區,阿柔坑,阿柔洋,35-2
深坑區,文山,,16,深坑區,深坑子,麻竹寮,9-9
深坑區,文山,,160,深坑區,阿柔坑,阿柔洋,36
深坑區,文山,,161,深坑區,阿柔坑,阿柔洋,37-2
深坑區,文山,,162,深坑區,阿柔坑,阿柔洋,37-3
深坑區,文山,,163,深坑區,阿柔坑,阿柔洋,37-4
深坑區,文山,,164,深坑區,阿柔坑,阿柔洋,37-5
深坑區,文山,,165,深坑區,阿柔坑,阿柔洋,37-6
深坑區,文山,,166,深坑區,阿柔坑,阿柔洋,37
深坑區,文山,,167,深坑區,阿柔坑,阿柔洋,37-1
深坑區,文山,,168,深坑區,阿柔坑,阿柔洋,41-1
深坑區,文山,,169,深坑區,阿柔坑,阿柔洋,42-3
深坑區,文山,,17,深坑區,深坑子,麻竹寮,9-26
深坑區,文山,,170,深坑區,阿柔坑,阿柔洋,42-2
深坑區,文山,,171,深坑區,阿柔坑,阿柔洋,43
深坑區,文山,,172,深坑區,阿柔坑,阿柔洋,44
深坑區,文山,,173,深坑區,阿柔坑,阿柔洋,44-8
深坑區,文山,,174,深坑區,阿柔坑,阿柔洋,44-7
深坑區,文山,,175,深坑區,阿柔坑,阿柔洋,44-6
深坑區,文山,,176,深坑區,阿柔坑,阿柔洋,44-1
深坑區,文山,,177,深坑區,阿柔坑,阿柔洋,51-2
深坑區,文山,,178,深坑區,阿柔坑,阿柔洋,40-6
深坑區,文山,,179,深坑區,阿柔坑,阿柔洋,46
深坑區,文山,,18,深坑區,深坑子,麻竹寮,9-27
深坑區,文山,,180,深坑區,阿柔坑,阿柔洋,40
深坑區,文山,,181,深坑區,阿柔坑,阿柔洋,40-2
深坑區,文山,,182,深坑區,阿柔坑,阿柔洋,40-1
深坑區,文山,,183,深坑區,阿柔坑,阿柔洋,38
深坑區,文山,,184,深坑區,阿柔坑,阿柔洋,38-2
深坑區,文山,,185,深坑區,阿柔坑,阿柔洋,38-3
深坑區,文山,,186,深坑區,阿柔坑,阿柔洋,38-1
深坑區,文山,,187,深坑區,阿柔坑,阿柔洋,39-3
深坑區,文山,,188,深坑區,阿柔坑,阿柔洋,39-2
深坑區,文山,,189,深坑區,阿柔坑,阿柔洋,88-2
深坑區,文山,,19,深坑區,深坑子,麻竹寮,9-10
深坑區,文山,,190,深坑區,阿柔坑,阿柔洋,89
深坑區,文山,,191,深坑區,阿柔坑,阿柔洋,88-3
深坑區,文山,,192,深坑區,阿柔坑,阿柔洋,88-1
深坑區,文山,,193,深坑區,阿柔坑,阿柔洋,88
深坑區,文山,,194,深坑區,阿柔坑,阿柔洋,86-3
深坑區,文山,,195,深坑區,阿柔坑,阿柔洋,86-2
深坑區,文山,,196,深坑區,阿柔坑,阿柔洋,86-1
深坑區,文山,,197,深坑區,阿柔坑,阿柔洋,86-4
深坑區,文山,,198,深坑區,阿柔坑,阿柔洋,87-1
深坑區,文山,,199,深坑區,阿柔坑,阿柔洋,87
深坑區,文山,,2,深坑區,深坑子,麻竹寮,67-12
深坑區,文山,,20,深坑區,深坑子,麻竹寮,9-11
深坑區,文山,,200,深坑區,阿柔坑,阿柔洋,87-2
深坑區,文山,,201,深坑區,阿柔坑,阿柔洋,87-3
深坑區,文山,,202,深坑區,阿柔坑,阿柔洋,90-1
深坑區,文山,,203,深坑區,阿柔坑,阿柔洋,90
深坑區,文山,,204,深坑區,阿柔坑,阿柔洋,79-4
深坑區,文山,,205,深坑區,阿柔坑,阿柔洋,40-3
深坑區,文山,,206,深坑區,阿柔坑,阿柔洋,79
深坑區,文山,,207,深坑區,阿柔坑,阿柔洋,81-8
深坑區,文山,,208,深坑區,阿柔坑,阿柔洋,81
深坑區,文山,,209,深坑區,阿柔坑,阿柔洋,81-2
深坑區,文山,,21,深坑區,深坑子,麻竹寮,9-28
深坑區,文山,,210,深坑區,阿柔坑,阿柔洋,81-15
深坑區,文山,,211,深坑區,阿柔坑,阿柔洋,81-22
深坑區,文山,,212,深坑區,阿柔坑,阿柔洋,81-23
深坑區,文山,,213,深坑區,阿柔坑,阿柔洋,81-21
深坑區,文山,,214,深坑區,阿柔坑,阿柔洋,81-7
深坑區,文山,,215,深坑區,阿柔坑,阿柔洋,81-6
深坑區,文山,,216,深坑區,阿柔坑,阿柔洋,81-5
深坑區,文山,,217,深坑區,阿柔坑,阿柔洋,81-4
深坑區,文山,,218,深坑區,阿柔坑,阿柔洋,81-3
深坑區,文山,,219,深坑區,阿柔坑,阿柔洋,81-20
深坑區,文山,,22,深坑區,深坑子,麻竹寮,9-45
深坑區,文山,,220,深坑區,阿柔坑,阿柔洋,81-19
深坑區,文山,,221,深坑區,阿柔坑,阿柔洋,81-11
深坑區,文山,,222,深坑區,阿柔坑,阿柔洋,92-13
深坑區,文山,,223,深坑區,阿柔坑,阿柔洋,92
深坑區,文山,,224,深坑區,阿柔坑,阿柔洋,92-2
深坑區,文山,,225,深坑區,阿柔坑,阿柔洋,92-8
深坑區,文山,,226,深坑區,阿柔坑,阿柔洋,95
深坑區,文山,,227,深坑區,阿柔坑,阿柔洋,94-3
深坑區,文山,,228,深坑區,阿柔坑,阿柔洋,94-6
深坑區,文山,,229,深坑區,阿柔坑,阿柔洋,94-5
深坑區,文山,,23,深坑區,深坑子,麻竹寮,9-24
深坑區,文山,,230,深坑區,阿柔坑,阿柔洋,94-2
深坑區,文山,,231,深坑區,阿柔坑,阿柔洋,94-7
深坑區,文山,,232,深坑區,阿柔坑,阿柔洋,94
深坑區,文山,,233,深坑區,阿柔坑,阿柔洋,94-9
深坑區,文山,,234,深坑區,阿柔坑,阿柔洋,94-11
深坑區,文山,,235,深坑區,阿柔坑,阿柔洋,94-12
深坑區,文山,,236,深坑區,阿柔坑,阿柔洋,94-13
深坑區,文山,,237,深坑區,阿柔坑,阿柔洋,94-10
深坑區,文山,,238,深坑區,阿柔坑,阿柔洋,105-1
深坑區,文山,,239,深坑區,阿柔坑,阿柔洋,120-2
深坑區,文山,,24,深坑區,深坑子,麻竹寮,9-12
深坑區,文山,,240,深坑區,阿柔坑,阿柔洋,119-3
深坑區,文山,,241,深坑區,阿柔坑,阿柔洋,105-3
深坑區,文山,,242,深坑區,阿柔坑,阿柔洋,105-2
深坑區,文山,,243,深坑區,阿柔坑,阿柔洋,105
深坑區,文山,,244,深坑區,阿柔坑,阿柔洋,115
深坑區,文山,,245,深坑區,阿柔坑,阿柔洋,119-2
深坑區,文山,,246,深坑區,阿柔坑,阿柔洋,119-1
深坑區,文山,,247,深坑區,阿柔坑,阿柔洋,119
深坑區,文山,,248,深坑區,阿柔坑,阿柔洋,120
深坑區,文山,,249,深坑區,阿柔坑,阿柔洋,120-1
深坑區,文山,,25,深坑區,深坑子,麻竹寮,9-29
深坑區,文山,,250,深坑區,阿柔坑,阿柔洋,118
深坑區,文山,,251,深坑區,阿柔坑,阿柔洋,122
深坑區,文山,,252,深坑區,阿柔坑,阿柔洋,121
深坑區,文山,,253,深坑區,阿柔坑,阿柔洋,121-1
深坑區,文山,,254,深坑區,阿柔坑,阿柔洋,123-1
深坑區,文山,,255,深坑區,阿柔坑,阿柔洋,123
深坑區,文山,,256,深坑區,阿柔坑,阿柔洋,124
深坑區,文山,,257,深坑區,阿柔坑,阿柔洋,123-2
深坑區,文山,,258,深坑區,阿柔坑,公館後,1-9
深坑區,文山,,259,深坑區,阿柔坑,公館後,1-8
深坑區,文山,,26,深坑區,深坑子,麻竹寮,9-30
深坑區,文山,,260,深坑區,阿柔坑,公館後,2-1
深坑區,文山,,261,深坑區,阿柔坑,公館後,1-11
深坑區,文山,,262,深坑區,阿柔坑,公館後,1-5
深坑區,文山,,263,深坑區,阿柔坑,公館後,2-2
深坑區,文山,,264,深坑區,阿柔坑,公館後,2-3
深坑區,文山,,265,深坑區,阿柔坑,公館後,1-12
深坑區,文山,,266,深坑區,阿柔坑,公館後,4-1
深坑區,文山,,267,深坑區,阿柔坑,公館後,4-18
深坑區,文山,,268,深坑區,阿柔坑,公館後,4-17
深坑區,文山,,269,深坑區,阿柔坑,公館後,4-3
深坑區,文山,,27,深坑區,深坑子,麻竹寮,9-13
深坑區,文山,,270,深坑區,阿柔坑,公館後,4-4
深坑區,文山,,271,深坑區,阿柔坑,公館後,4-16
深坑區,文山,,272,深坑區,阿柔坑,公館後,4-9
深坑區,文山,,273,深坑區,阿柔坑,公館後,4-6
深坑區,文山,,274,深坑區,阿柔坑,公館後,4-10
深坑區,文山,,275,深坑區,阿柔坑,公館後,117-1
深坑區,文山,,276,深坑區,阿柔坑,公館後,117-3
深坑區,文山,,277,深坑區,阿柔坑,公館後,118
深坑區,文山,,278,深坑區,阿柔坑,公館後,118-1
深坑區,文山,,279,深坑區,阿柔坑,公館後,127
深坑區,文山,,28,深坑區,深坑子,麻竹寮,9-14
深坑區,文山,,280,深坑區,阿柔坑,公館後,127-1
深坑區,文山,,281,深坑區,阿柔坑,公館後,129-1
深坑區,文山,,282,深坑區,阿柔坑,公館後,129-2
深坑區,文山,,283,深坑區,阿柔坑,公館後,128
深坑區,文山,,284,深坑區,阿柔坑,公館後,129
深坑區,文山,,285,深坑區,阿柔坑,公館後,129-6
深坑區,文山,,286,深坑區,阿柔坑,公館後,129-4
深坑區,文山,,287,深坑區,阿柔坑,公館後,128-1
深坑區,文山,,288,深坑區,阿柔坑,公館後,127-2
深坑區,文山,,289,深坑區,阿柔坑,公館後,118-2
深坑區,文山,,29,深坑區,深坑子,麻竹寮,9-31
深坑區,文山,,290,深坑區,阿柔坑,公館後,117-2
深坑區,文山,,291,深坑區,阿柔坑,公館後,6-3
深坑區,文山,,292,深坑區,阿柔坑,公館後,6-4
深坑區,文山,,293,深坑區,阿柔坑,公館後,5-2
深坑區,文山,,294,深坑區,阿柔坑,公館後,5-3
深坑區,文山,,295,深坑區,阿柔坑,公館後,4-15
深坑區,文山,,296,深坑區,阿柔坑,公館後,4-14
深坑區,文山,,297,深坑區,阿柔坑,公館後,1-7
深坑區,文山,,298,深坑區,阿柔坑,公館後,1-22
深坑區,文山,,299,深坑區,阿柔坑,公館後,4-13
深坑區,文山,,3,深坑區,深坑子,麻竹寮,68-3
深坑區,文山,,30,深坑區,深坑子,麻竹寮,9-32
深坑區,文山,,300,深坑區,阿柔坑,公館後,4-12
深坑區,文山,,301,深坑區,阿柔坑,公館後,1-20
深坑區,文山,,302,深坑區,阿柔坑,公館後,4-2
深坑區,文山,,303,深坑區,阿柔坑,公館後,4-11
深坑區,文山,,304,深坑區,阿柔坑,公館後,1-21
深坑區,文山,,305,深坑區,阿柔坑,公館後,1-19
深坑區,文山,,306,深坑區,阿柔坑,公館後,1-17
深坑區,文山,,307,深坑區,阿柔坑,公館後,58-2
深坑區,文山,,308,深坑區,阿柔坑,公館後,1-16
深坑區,文山,,309,深坑區,阿柔坑,公館後,1-15
深坑區,文山,,31,深坑區,深坑子,麻竹寮,9-15
深坑區,文山,,310,深坑區,阿柔坑,公館後,1-14
深坑區,文山,,311,深坑區,阿柔坑,阿柔洋,123-3
深坑區,文山,,312,深坑區,阿柔坑,阿柔洋,126-1
深坑區,文山,,313,深坑區,阿柔坑,阿柔洋,126
深坑區,文山,,314,深坑區,阿柔坑,阿柔洋,124-1
深坑區,文山,,315,深坑區,阿柔坑,阿柔洋,125
深坑區,文山,,316,深坑區,阿柔坑,阿柔洋,121-2
深坑區,文山,,317,深坑區,阿柔坑,阿柔洋,122-1
深坑區,文山,,318,深坑區,阿柔坑,公館後,1-10
深坑區,文山,,319,深坑區,阿柔坑,阿柔洋,158-2
深坑區,文山,,32,深坑區,深坑子,麻竹寮,9-47
深坑區,文山,,320,深坑區,阿柔坑,阿柔洋,117-3
深坑區,文山,,321,深坑區,阿柔坑,阿柔洋,118-1
深坑區,文山,,322,深坑區,阿柔坑,阿柔洋,117-2
深坑區,文山,,323,深坑區,阿柔坑,阿柔洋,119-4
深坑區,文山,,324,深坑區,阿柔坑,阿柔洋,116-1
深坑區,文山,,325,深坑區,阿柔坑,阿柔洋,113-5
深坑區,文山,,326,深坑區,阿柔坑,阿柔洋,115-1
深坑區,文山,,327,深坑區,阿柔坑,阿柔洋,114-4
深坑區,文山,,328,深坑區,阿柔坑,阿柔洋,114-3
深坑區,文山,,329,深坑區,阿柔坑,阿柔洋,107-2
深坑區,文山,,33,深坑區,深坑子,麻竹寮,9-1
深坑區,文山,,330,深坑區,阿柔坑,阿柔洋,105-4
深坑區,文山,,331,深坑區,阿柔坑,阿柔洋,94-14
深坑區,文山,,332,深坑區,阿柔坑,阿柔洋,107-3
深坑區,文山,,333,深坑區,阿柔坑,阿柔洋,105-5
深坑區,文山,,334,深坑區,阿柔坑,阿柔洋,94-15
深坑區,文山,,335,深坑區,阿柔坑,阿柔洋,94-19
深坑區,文山,,336,深坑區,阿柔坑,阿柔洋,94-20
深坑區,文山,,337,深坑區,阿柔坑,阿柔洋,94-17
深坑區,文山,,338,深坑區,阿柔坑,阿柔洋,92-6
深坑區,文山,,339,深坑區,阿柔坑,阿柔洋,92-11
深坑區,文山,,34,深坑區,深坑子,麻竹寮,9
深坑區,文山,,340,深坑區,阿柔坑,阿柔洋,92-3
深坑區,文山,,341,深坑區,阿柔坑,阿柔洋,92-9
深坑區,文山,,342,深坑區,阿柔坑,阿柔洋,92-7
深坑區,文山,,343,深坑區,阿柔坑,阿柔洋,81-14
深坑區,文山,,344,深坑區,阿柔坑,阿柔洋,81-16
深坑區,文山,,345,深坑區,阿柔坑,阿柔洋,81-12
深坑區,文山,,346,深坑區,阿柔坑,阿柔洋,79-6
深坑區,文山,,347,深坑區,阿柔坑,阿柔洋,79-7
深坑區,文山,,348,深坑區,阿柔坑,阿柔洋,79-8
深坑區,文山,,349,深坑區,阿柔坑,阿柔洋,79-9
深坑區,文山,,35,深坑區,深坑子,麻竹寮,9-49
深坑區,文山,,350,深坑區,阿柔坑,阿柔洋,51-1
深坑區,文山,,351,深坑區,阿柔坑,阿柔洋,40-4
深坑區,文山,,352,深坑區,阿柔坑,阿柔洋,44-4
深坑區,文山,,353,深坑區,阿柔坑,阿柔洋,27-2
深坑區,文山,,354,深坑區,阿柔坑,阿柔洋,25-5
深坑區,文山,,355,深坑區,阿柔坑,阿柔洋,21-3
深坑區,文山,,356,深坑區,阿柔坑,阿柔洋,25-2
深坑區,文山,,357,深坑區,阿柔坑,阿柔洋,23-22
深坑區,文山,,358,深坑區,阿柔坑,阿柔洋,5-16
深坑區,文山,,359,深坑區,阿柔坑,阿柔洋,5-11
深坑區,文山,,36,深坑區,深坑子,麻竹寮,9-54
深坑區,文山,,360,深坑區,阿柔坑,阿柔洋,7-11
深坑區,文山,,361,深坑區,阿柔坑,阿柔洋,5-9
深坑區,文山,,362,深坑區,阿柔坑,阿柔洋,5-13
深坑區,文山,,363,深坑區,阿柔坑,阿柔洋,5-14
深坑區,文山,,364,深坑區,深坑子,麻竹寮,59-7
深坑區,文山,,365,深坑區,深坑子,麻竹寮,52-1
深坑區,文山,,366,深坑區,深坑子,麻竹寮,51-2
深坑區,文山,,367,深坑區,深坑子,麻竹寮,51-4
深坑區,文山,,368,深坑區,深坑子,麻竹寮,50-14
深坑區,文山,,369,深坑區,深坑子,麻竹寮,49-1
深坑區,文山,,37,深坑區,深坑子,麻竹寮,9-53
深坑區,文山,,370,深坑區,深坑子,麻竹寮,38-1
深坑區,文山,,371,深坑區,深坑子,麻竹寮,32-8
深坑區,文山,,372,深坑區,深坑子,麻竹寮,32-7
深坑區,文山,,373,深坑區,深坑子,麻竹寮,32-4
深坑區,文山,,374,深坑區,深坑子,麻竹寮,27-1
深坑區,文山,,375,深坑區,深坑子,麻竹寮,9-35
深坑區,文山,,376,深坑區,深坑子,麻竹寮,9-38
深坑區,文山,,377,深坑區,深坑子,麻竹寮,9-33
深坑區,文山,,378,深坑區,深坑子,麻竹寮,9-36
深坑區,文山,,379,深坑區,深坑子,麻竹寮,70-21
深坑區,文山,,38,深坑區,深坑子,麻竹寮,32-11
深坑區,文山,,380,深坑區,深坑子,麻竹寮,9-20
深坑區,文山,,381,深坑區,深坑子,麻竹寮,9-18
深坑區,文山,,382,深坑區,深坑子,麻竹寮,9-41
深坑區,文山,,383,深坑區,深坑子,麻竹寮,9-37
深坑區,文山,,384,深坑區,深坑子,麻竹寮,69-3
深坑區,文山,,385,深坑區,深坑子,麻竹寮,11-6
深坑區,文山,,386,深坑區,深坑子,麻竹寮,70-18
深坑區,文山,,387,深坑區,深坑子,麻竹寮,69-2
深坑區,文山,,388,深坑區,深坑子,麻竹寮,70-16
深坑區,文山,,389,深坑區,深坑子,麻竹寮,11-5
深坑區,文山,,39,深坑區,深坑子,麻竹寮,32-10
深坑區,文山,,390,深坑區,深坑子,麻竹寮,70-20
深坑區,文山,,391,深坑區,深坑子,麻竹寮,70-22
深坑區,文山,,392,深坑區,深坑子,麻竹寮,68-1
深坑區,文山,,393,深坑區,深坑子,麻竹寮,68-4
深坑區,文山,,394,深坑區,深坑子,麻竹寮,68-2
深坑區,文山,,395,深坑區,深坑子,麻竹寮,68-5
深坑區,文山,,396,深坑區,深坑子,麻竹寮,67-14
深坑區,文山,,397,深坑區,深坑子,麻竹寮,67-18
深坑區,文山,,398,深坑區,深坑子,麻竹寮,67-13
深坑區,文山,,399,深坑區,深坑子,麻竹寮,67-15
深坑區,文山,,4,深坑區,深坑子,麻竹寮,11-1
深坑區,文山,,40,深坑區,深坑子,麻竹寮,9-48
深坑區,文山,,400,深坑區,深坑子,麻竹寮,67-17
深坑區,文山,,401,深坑區,深坑子,麻竹寮,67-16
深坑區,文山,,402,深坑區,深坑子,麻竹寮,66
深坑區,文山,,403,深坑區,深坑子,麻竹寮,66-1
深坑區,文山,,404,深坑區,深坑子,麻竹寮,67-8
深坑區,文山,,405,深坑區,深坑子,麻竹寮,67
深坑區,文山,,406,深坑區,深坑子,麻竹寮,67-2
深坑區,文山,,407,深坑區,深坑子,麻竹寮,67-9
深坑區,文山,,408,深坑區,深坑子,麻竹寮,67-4
深坑區,文山,,409,深坑區,深坑子,麻竹寮,67-10
深坑區,文山,,41,深坑區,深坑子,麻竹寮,9-46
深坑區,文山,,410,深坑區,深坑子,麻竹寮,67-1
深坑區,文山,,411,深坑區,深坑子,麻竹寮,68
深坑區,文山,,412,深坑區,深坑子,麻竹寮,67-3
深坑區,文山,,413,深坑區,深坑子,麻竹寮,70-13
深坑區,文山,,414,深坑區,深坑子,麻竹寮,6
深坑區,文山,,415,深坑區,深坑子,麻竹寮,1
深坑區,文山,,416,深坑區,深坑子,麻竹寮,71
深坑區,文山,,417,深坑區,深坑子,麻竹寮,72
深坑區,文山,,418,深坑區,深坑子,麻竹寮,70-15
深坑區,文山,,419,深坑區,深坑子,麻竹寮,70
深坑區,文山,,42,深坑區,深坑子,麻竹寮,9-44
深坑區,文山,,420,深坑區,深坑子,麻竹寮,2
深坑區,文山,,421,深坑區,深坑子,麻竹寮,5
深坑區,文山,,422,深坑區,深坑子,麻竹寮,7
深坑區,文山,,423,深坑區,深坑子,麻竹寮,7-1
深坑區,文山,,424,深坑區,深坑子,麻竹寮,70-1
深坑區,文山,,425,深坑區,深坑子,麻竹寮,70-6
深坑區,文山,,426,深坑區,深坑子,麻竹寮,69
深坑區,文山,,427,深坑區,深坑子,麻竹寮,69-1
深坑區,文山,,428,深坑區,深坑子,麻竹寮,9-3
深坑區,文山,,429,深坑區,深坑子,麻竹寮,9-16
深坑區,文山,,43,深坑區,深坑子,麻竹寮,9-42
深坑區,文山,,430,深坑區,深坑子,麻竹寮,9-19
深坑區,文山,,431,深坑區,深坑子,麻竹寮,9-22
深坑區,文山,,432,深坑區,深坑子,麻竹寮,70-7
深坑區,文山,,433,深坑區,深坑子,麻竹寮,70-2
深坑區,文山,,434,深坑區,深坑子,麻竹寮,70-9
深坑區,文山,,435,深坑區,深坑子,麻竹寮,70-10
深坑區,文山,,436,深坑區,深坑子,麻竹寮,7-2
深坑區,文山,,437,深坑區,深坑子,麻竹寮,8-2
深坑區,文山,,438,深坑區,深坑子,麻竹寮,8-1
深坑區,文山,,439,深坑區,深坑子,麻竹寮,9-17
深坑區,文山,,44,深坑區,深坑子,麻竹寮,9-21
深坑區,文山,,440,深坑區,深坑子,麻竹寮,8
深坑區,文山,,441,深坑區,深坑子,麻竹寮,9-34
深坑區,文山,,442,深坑區,深坑子,麻竹寮,9-39
深坑區,文山,,443,深坑區,深坑子,麻竹寮,9-5
深坑區,文山,,444,深坑區,深坑子,麻竹寮,9-4
深坑區,文山,,445,深坑區,深坑子,麻竹寮,14
深坑區,文山,,446,深坑區,深坑子,麻竹寮,14-1
深坑區,文山,,447,深坑區,深坑子,麻竹寮,14-2
深坑區,文山,,448,深坑區,深坑子,麻竹寮,70-5
深坑區,文山,,449,深坑區,深坑子,麻竹寮,9-40
深坑區,文山,,45,深坑區,深坑子,麻竹寮,33-4
深坑區,文山,,450,深坑區,深坑子,麻竹寮,27
深坑區,文山,,451,深坑區,深坑子,麻竹寮,16
深坑區,文山,,452,深坑區,深坑子,麻竹寮,16-1
深坑區,文山,,453,深坑區,深坑子,麻竹寮,17-1
深坑區,文山,,454,深坑區,深坑子,麻竹寮,17
深坑區,文山,,455,深坑區,深坑子,麻竹寮,18
深坑區,文山,,456,深坑區,深坑子,麻竹寮,18-1
深坑區,文山,,457,深坑區,深坑子,麻竹寮,70-4
深坑區,文山,,458,深坑區,深坑子,麻竹寮,70-3
深坑區,文山,,459,深坑區,深坑子,麻竹寮,19
深坑區,文山,,46,深坑區,深坑子,麻竹寮,9-23
深坑區,文山,,460,深坑區,深坑子,麻竹寮,23
深坑區,文山,,461,深坑區,深坑子,麻竹寮,22
深坑區,文山,,462,深坑區,深坑子,麻竹寮,21
深坑區,文山,,463,深坑區,深坑子,麻竹寮,9-7
深坑區,文山,,464,深坑區,深坑子,麻竹寮,32
深坑區,文山,,465,深坑區,深坑子,麻竹寮,34
深坑區,文山,,466,深坑區,深坑子,麻竹寮,35
深坑區,文山,,467,深坑區,深坑子,麻竹寮,32-3
深坑區,文山,,468,深坑區,深坑子,麻竹寮,70-11
深坑區,文山,,469,深坑區,深坑子,麻竹寮,20
深坑區,文山,,47,深坑區,深坑子,麻竹寮,9-2
深坑區,文山,,470,深坑區,深坑子,麻竹寮,73-2
深坑區,文山,,471,深坑區,深坑子,麻竹寮,73-1
深坑區,文山,,472,深坑區,深坑子,麻竹寮,73
深坑區,文山,,473,深坑區,深坑子,麻竹寮,74-1
深坑區,文山,,474,深坑區,深坑子,麻竹寮,74
深坑區,文山,,475,深坑區,深坑子,麻竹寮,78-3
深坑區,文山,,476,深坑區,深坑子,麻竹寮,78-8
深坑區,文山,,477,深坑區,深坑子,麻竹寮,65-1
深坑區,文山,,478,深坑區,深坑子,麻竹寮,78
深坑區,文山,,479,深坑區,深坑子,麻竹寮,78-4
深坑區,文山,,48,深坑區,深坑子,麻竹寮,9-6
深坑區,文山,,480,深坑區,深坑子,麻竹寮,79
深坑區,文山,,481,深坑區,深坑子,麻竹寮,59-5
深坑區,文山,,482,深坑區,深坑子,麻竹寮,64
深坑區,文山,,483,深坑區,深坑子,麻竹寮,64-1
深坑區,文山,,484,深坑區,深坑子,麻竹寮,78-7
深坑區,文山,,485,深坑區,深坑子,麻竹寮,78-1
深坑區,文山,,486,深坑區,深坑子,麻竹寮,78-5
深坑區,文山,,487,深坑區,深坑子,麻竹寮,63-1
深坑區,文山,,488,深坑區,深坑子,麻竹寮,63-2
深坑區,文山,,489,深坑區,深坑子,麻竹寮,61-1
深坑區,文山,,49,深坑區,深坑子,麻竹寮,9-52
深坑區,文山,,490,深坑區,深坑子,麻竹寮,50-10
深坑區,文山,,491,深坑區,深坑子,麻竹寮,63-3
深坑區,文山,,492,深坑區,深坑子,麻竹寮,61
深坑區,文山,,493,深坑區,深坑子,麻竹寮,61-2
深坑區,文山,,494,深坑區,深坑子,麻竹寮,63
深坑區,文山,,495,深坑區,深坑子,麻竹寮,62
深坑區,文山,,496,深坑區,深坑子,麻竹寮,50-5
深坑區,文山,,497,深坑區,深坑子,麻竹寮,50-11
深坑區,文山,,498,深坑區,深坑子,麻竹寮,50-9
深坑區,文山,,499,深坑區,深坑子,麻竹寮,50-2
深坑區,文山,,5,深坑區,深坑子,麻竹寮,11-4
深坑區,文山,,50,深坑區,深坑子,麻竹寮,9-51
深坑區,文山,,500,深坑區,深坑子,麻竹寮,50-8
深坑區,文山,,501,深坑區,深坑子,麻竹寮,50-4
深坑區,文山,,502,深坑區,深坑子,麻竹寮,50-3
深坑區,文山,,503,深坑區,深坑子,麻竹寮,78-6
深坑區,文山,,504,深坑區,深坑子,麻竹寮,50-6
深坑區,文山,,505,深坑區,深坑子,麻竹寮,78-2
深坑區,文山,,506,深坑區,深坑子,麻竹寮,65
深坑區,文山,,507,深坑區,深坑子,麻竹寮,65-2
深坑區,文山,,508,深坑區,深坑子,麻竹寮,77
深坑區,文山,,509,深坑區,深坑子,麻竹寮,77-2
深坑區,文山,,51,深坑區,深坑子,麻竹寮,32-12
深坑區,文山,,510,深坑區,深坑子,麻竹寮,50-1
深坑區,文山,,511,深坑區,深坑子,麻竹寮,50-7
深坑區,文山,,512,深坑區,深坑子,麻竹寮,77-1
深坑區,文山,,513,深坑區,深坑子,麻竹寮,37-1
深坑區,文山,,514,深坑區,深坑子,麻竹寮,76-1
深坑區,文山,,515,深坑區,深坑子,麻竹寮,76
深坑區,文山,,516,深坑區,深坑子,麻竹寮,75
深坑區,文山,,517,深坑區,深坑子,麻竹寮,75-1
深坑區,文山,,518,深坑區,深坑子,麻竹寮,37
深坑區,文山,,519,深坑區,深坑子,麻竹寮,38-2
深坑區,文山,,52,深坑區,深坑子,麻竹寮,9-50
深坑區,文山,,520,深坑區,深坑子,麻竹寮,49-2
深坑區,文山,,521,深坑區,深坑子,麻竹寮,50-15
深坑區,文山,,522,深坑區,深坑子,麻竹寮,50-13
深坑區,文山,,523,深坑區,深坑子,麻竹寮,51-5
深坑區,文山,,524,深坑區,深坑子,麻竹寮,51-3
深坑區,文山,,525,深坑區,深坑子,麻竹寮,50-12
深坑區,文山,,526,深坑區,深坑子,麻竹寮,59-8
深坑區,文山,,527,深坑區,深坑子,麻竹寮,59-2
深坑區,文山,,528,深坑區,深坑子,麻竹寮,54
深坑區,文山,,529,深坑區,深坑子,麻竹寮,59-1
深坑區,文山,,53,深坑區,深坑子,麻竹寮,32-13
深坑區,文山,,530,深坑區,深坑子,麻竹寮,59-4
深坑區,文山,,531,深坑區,深坑子,麻竹寮,59-9
深坑區,文山,,532,深坑區,深坑子,麻竹寮,59
深坑區,文山,,533,深坑區,深坑子,麻竹寮,59-6
深坑區,文山,,534,深坑區,阿柔坑,阿柔洋,7-8
深坑區,文山,,535,深坑區,阿柔坑,阿柔洋,5-15
深坑區,文山,,536,深坑區,阿柔坑,阿柔洋,5-3
深坑區,文山,,537,深坑區,阿柔坑,阿柔洋,5-10
深坑區,文山,,538,深坑區,阿柔坑,阿柔洋,7-1
深坑區,文山,,539,深坑區,阿柔坑,阿柔洋,15-2
深坑區,文山,,54,深坑區,深坑子,麻竹寮,30-3
深坑區,文山,,540,深坑區,阿柔坑,阿柔洋,7
深坑區,文山,,541,深坑區,阿柔坑,阿柔洋,8
深坑區,文山,,542,深坑區,阿柔坑,阿柔洋,7-2
深坑區,文山,,543,深坑區,阿柔坑,阿柔洋,7-3
深坑區,文山,,544,深坑區,阿柔坑,阿柔洋,7-5
深坑區,文山,,545,深坑區,阿柔坑,阿柔洋,7-4
深坑區,文山,,546,深坑區,阿柔坑,阿柔洋,7-10
深坑區,文山,,547,深坑區,阿柔坑,阿柔洋,13-11
深坑區,文山,,548,深坑區,阿柔坑,阿柔洋,13-10
深坑區,文山,,549,深坑區,阿柔坑,阿柔洋,13-1
深坑區,文山,,55,深坑區,深坑子,麻竹寮,32-2
深坑區,文山,,550,深坑區,阿柔坑,阿柔洋,13-3
深坑區,文山,,551,深坑區,阿柔坑,阿柔洋,13-9
深坑區,文山,,552,深坑區,阿柔坑,阿柔洋,7-9
深坑區,文山,,553,深坑區,阿柔坑,阿柔洋,13-8
深坑區,文山,,554,深坑區,阿柔坑,阿柔洋,8-4
深坑區,文山,,555,深坑區,阿柔坑,阿柔洋,11-3
深坑區,文山,,556,深坑區,阿柔坑,阿柔洋,21-2
深坑區,文山,,557,深坑區,阿柔坑,阿柔洋,8-3
深坑區,文山,,558,深坑區,阿柔坑,阿柔洋,5-12
深坑區,文山,,559,深坑區,阿柔坑,阿柔洋,5-17
深坑區,文山,,56,深坑區,深坑子,麻竹寮,32-5
深坑區,文山,,560,深坑區,阿柔坑,阿柔洋,23-23
深坑區,文山,,561,深坑區,阿柔坑,阿柔洋,25-3
深坑區,文山,,562,深坑區,阿柔坑,阿柔洋,25-4
深坑區,文山,,563,深坑區,阿柔坑,阿柔洋,21-4
深坑區,文山,,564,深坑區,阿柔坑,阿柔洋,21
深坑區,文山,,565,深坑區,阿柔坑,阿柔洋,20
深坑區,文山,,566,深坑區,阿柔坑,阿柔洋,11
深坑區,文山,,567,深坑區,阿柔坑,阿柔洋,13
深坑區,文山,,568,深坑區,阿柔坑,阿柔洋,11-4
深坑區,文山,,569,深坑區,阿柔坑,阿柔洋,13-2
深坑區,文山,,57,深坑區,深坑子,麻竹寮,32-1
深坑區,文山,,570,深坑區,阿柔坑,阿柔洋,13-4
深坑區,文山,,571,深坑區,阿柔坑,阿柔洋,64-27
深坑區,文山,,572,深坑區,阿柔坑,阿柔洋,64-25
深坑區,文山,,573,深坑區,阿柔坑,阿柔洋,64-16
深坑區,文山,,574,深坑區,阿柔坑,阿柔洋,64-26
深坑區,文山,,575,深坑區,阿柔坑,阿柔洋,64-29
深坑區,文山,,576,深坑區,阿柔坑,阿柔洋,64-28
深坑區,文山,,577,深坑區,阿柔坑,阿柔洋,11-5
深坑區,文山,,578,深坑區,阿柔坑,阿柔洋,64-24
深坑區,文山,,579,深坑區,阿柔坑,阿柔洋,64-23
深坑區,文山,,58,深坑區,深坑子,麻竹寮,32-6
深坑區,文山,,580,深坑區,阿柔坑,阿柔洋,15
深坑區,文山,,581,深坑區,阿柔坑,阿柔洋,15-1
深坑區,文山,,582,深坑區,阿柔坑,阿柔洋,22-7
深坑區,文山,,583,深坑區,阿柔坑,阿柔洋,22-6
深坑區,文山,,584,深坑區,阿柔坑,阿柔洋,22-5
深坑區,文山,,585,深坑區,阿柔坑,阿柔洋,22
深坑區,文山,,586,深坑區,阿柔坑,阿柔洋,22-2
深坑區,文山,,587,深坑區,阿柔坑,阿柔洋,60-3
深坑區,文山,,588,深坑區,阿柔坑,阿柔洋,60-1
深坑區,文山,,589,深坑區,阿柔坑,阿柔洋,60-4
深坑區,文山,,59,深坑區,深坑子,麻竹寮,32-9
深坑區,文山,,590,深坑區,阿柔坑,阿柔洋,60-2
深坑區,文山,,591,深坑區,阿柔坑,阿柔洋,58-1
深坑區,文山,,592,深坑區,阿柔坑,阿柔洋,55-2
深坑區,文山,,593,深坑區,阿柔坑,阿柔洋,22-1
深坑區,文山,,594,深坑區,阿柔坑,阿柔洋,25-6
深坑區,文山,,595,深坑區,阿柔坑,阿柔洋,44-2
深坑區,文山,,596,深坑區,阿柔坑,阿柔洋,24
深坑區,文山,,597,深坑區,阿柔坑,阿柔洋,24-1
深坑區,文山,,598,深坑區,阿柔坑,阿柔洋,44-3
深坑區,文山,,599,深坑區,阿柔坑,阿柔洋,44-5
深坑區,文山,,6,深坑區,深坑子,麻竹寮,70-14
深坑區,文山,,60,深坑區,深坑子,麻竹寮,38-4
深坑區,文山,,600,深坑區,阿柔坑,阿柔洋,55-3
深坑區,文山,,601,深坑區,阿柔坑,阿柔洋,55
深坑區,文山,,602,深坑區,阿柔坑,阿柔洋,56
深坑區,文山,,603,深坑區,阿柔坑,阿柔洋,56-1
深坑區,文山,,604,深坑區,阿柔坑,阿柔洋,40-5
深坑區,文山,,605,深坑區,阿柔坑,阿柔洋,51
深坑區,文山,,606,深坑區,阿柔坑,阿柔洋,60
深坑區,文山,,607,深坑區,阿柔坑,阿柔洋,60-5
深坑區,文山,,608,深坑區,阿柔坑,阿柔洋,61-1
深坑區,文山,,609,深坑區,阿柔坑,阿柔洋,61-2
深坑區,文山,,61,深坑區,深坑子,麻竹寮,38-5
深坑區,文山,,610,深坑區,阿柔坑,阿柔洋,65-1
深坑區,文山,,611,深坑區,阿柔坑,阿柔洋,65
深坑區,文山,,612,深坑區,阿柔坑,阿柔洋,60-6
深坑區,文山,,613,深坑區,阿柔坑,阿柔洋,64-31
深坑區,文山,,614,深坑區,阿柔坑,阿柔洋,63-6
深坑區,文山,,615,深坑區,阿柔坑,阿柔洋,63-9
深坑區,文山,,616,深坑區,阿柔坑,阿柔洋,63-7
深坑區,文山,,617,深坑區,阿柔坑,阿柔洋,63-8
深坑區,文山,,618,深坑區,阿柔坑,阿柔洋,63-1
深坑區,文山,,619,深坑區,阿柔坑,阿柔洋,66-1
深坑區,文山,,62,深坑區,深坑子,麻竹寮,38-3
深坑區,文山,,620,深坑區,阿柔坑,阿柔洋,66-3
深坑區,文山,,621,深坑區,阿柔坑,阿柔洋,66-2
深坑區,文山,,622,深坑區,阿柔坑,阿柔洋,69-2
深坑區,文山,,623,深坑區,阿柔坑,阿柔洋,69-1
深坑區,文山,,624,深坑區,阿柔坑,阿柔洋,64-21
深坑區,文山,,625,深坑區,阿柔坑,阿柔洋,64-22
深坑區,文山,,626,深坑區,阿柔坑,阿柔洋,70-12
深坑區,文山,,627,深坑區,阿柔坑,阿柔洋,70-4
深坑區,文山,,628,深坑區,阿柔坑,阿柔洋,70-3
深坑區,文山,,629,深坑區,阿柔坑,阿柔洋,70-13
深坑區,文山,,63,深坑區,深坑子,麻竹寮,38
深坑區,文山,,630,深坑區,阿柔坑,阿柔洋,70
深坑區,文山,,631,深坑區,阿柔坑,阿柔洋,70-9
深坑區,文山,,632,深坑區,阿柔坑,阿柔洋,65-2
深坑區,文山,,633,深坑區,阿柔坑,阿柔洋,71-8
深坑區,文山,,634,深坑區,阿柔坑,阿柔洋,193
深坑區,文山,,635,深坑區,阿柔坑,阿柔洋,194
深坑區,文山,,636,深坑區,阿柔坑,阿柔洋,70-1
深坑區,文山,,637,深坑區,阿柔坑,阿柔洋,70-10
深坑區,文山,,638,深坑區,阿柔坑,阿柔洋,70-8
深坑區,文山,,639,深坑區,阿柔坑,阿柔洋,70-11
深坑區,文山,,64,深坑區,深坑子,麻竹寮,47
深坑區,文山,,640,深坑區,阿柔坑,阿柔洋,70-16
深坑區,文山,,641,深坑區,阿柔坑,阿柔洋,70-15
深坑區,文山,,642,深坑區,阿柔坑,阿柔洋,70-2
深坑區,文山,,643,深坑區,阿柔坑,阿柔洋,71-5
深坑區,文山,,644,深坑區,阿柔坑,阿柔洋,71-6
深坑區,文山,,645,深坑區,阿柔坑,阿柔洋,71-10
深坑區,文山,,646,深坑區,阿柔坑,阿柔洋,71-7
深坑區,文山,,647,深坑區,阿柔坑,阿柔洋,71-13
深坑區,文山,,648,深坑區,阿柔坑,阿柔洋,71-12
深坑區,文山,,649,深坑區,阿柔坑,阿柔洋,71-4
深坑區,文山,,65,深坑區,深坑子,麻竹寮,48-1
深坑區,文山,,650,深坑區,阿柔坑,阿柔洋,68-1
深坑區,文山,,651,深坑區,阿柔坑,阿柔洋,68
深坑區,文山,,652,深坑區,阿柔坑,阿柔洋,74-1
深坑區,文山,,653,深坑區,阿柔坑,阿柔洋,75
深坑區,文山,,654,深坑區,阿柔坑,阿柔洋,75-1
深坑區,文山,,655,深坑區,阿柔坑,阿柔洋,74
深坑區,文山,,656,深坑區,阿柔坑,阿柔洋,68-5
深坑區,文山,,657,深坑區,阿柔坑,阿柔洋,68-4
深坑區,文山,,658,深坑區,阿柔坑,阿柔洋,68-3
深坑區,文山,,659,深坑區,阿柔坑,阿柔洋,68-2
深坑區,文山,,66,深坑區,深坑子,麻竹寮,48
深坑區,文山,,660,深坑區,阿柔坑,阿柔洋,55-1
深坑區,文山,,661,深坑區,阿柔坑,阿柔洋,77-3
深坑區,文山,,662,深坑區,阿柔坑,阿柔洋,79-10
深坑區,文山,,663,深坑區,阿柔坑,阿柔洋,77-1
深坑區,文山,,664,深坑區,阿柔坑,阿柔洋,77-2
深坑區,文山,,665,深坑區,阿柔坑,阿柔洋,77
深坑區,文山,,666,深坑區,阿柔坑,阿柔洋,76-2
深坑區,文山,,667,深坑區,阿柔坑,阿柔洋,76-1
深坑區,文山,,668,深坑區,阿柔坑,阿柔洋,76
深坑區,文山,,669,深坑區,阿柔坑,阿柔洋,79-5
深坑區,文山,,67,深坑區,深坑子,麻竹寮,49
深坑區,文山,,670,深坑區,阿柔坑,阿柔洋,79-11
深坑區,文山,,671,深坑區,阿柔坑,阿柔洋,79-3
深坑區,文山,,672,深坑區,阿柔坑,阿柔洋,79-2
深坑區,文山,,673,深坑區,阿柔坑,阿柔洋,79-1
深坑區,文山,,674,深坑區,阿柔坑,阿柔洋,79-12
深坑區,文山,,675,深坑區,阿柔坑,阿柔洋,81-13
深坑區,文山,,676,深坑區,阿柔坑,阿柔洋,81-27
深坑區,文山,,677,深坑區,阿柔坑,阿柔洋,81-26
深坑區,文山,,678,深坑區,阿柔坑,阿柔洋,81-25
深坑區,文山,,679,深坑區,阿柔坑,阿柔洋,81-24
深坑區,文山,,68,深坑區,深坑子,麻竹寮,50
深坑區,文山,,680,深坑區,阿柔坑,阿柔洋,81-17
深坑區,文山,,681,深坑區,阿柔坑,阿柔洋,81-18
深坑區,文山,,682,深坑區,阿柔坑,阿柔洋,81-10
深坑區,文山,,683,深坑區,阿柔坑,阿柔洋,82
深坑區,文山,,684,深坑區,阿柔坑,阿柔洋,82-2
深坑區,文山,,685,深坑區,阿柔坑,阿柔洋,82-1
深坑區,文山,,686,深坑區,阿柔坑,阿柔洋,92-1
深坑區,文山,,687,深坑區,阿柔坑,阿柔洋,92-5
深坑區,文山,,688,深坑區,阿柔坑,阿柔洋,92-4
深坑區,文山,,689,深坑區,阿柔坑,阿柔洋,92-10
深坑區,文山,,69,深坑區,深坑子,麻竹寮,50-16
深坑區,文山,,690,深坑區,阿柔坑,阿柔洋,92-12
深坑區,文山,,691,深坑區,阿柔坑,阿柔洋,94-21
深坑區,文山,,692,深坑區,阿柔坑,阿柔洋,94-18
深坑區,文山,,693,深坑區,阿柔坑,阿柔洋,94-4
深坑區,文山,,694,深坑區,阿柔坑,阿柔洋,94-8
深坑區,文山,,695,深坑區,阿柔坑,阿柔洋,94-16
深坑區,文山,,696,深坑區,阿柔坑,阿柔洋,94-1
深坑區,文山,,697,深坑區,阿柔坑,阿柔洋,109
深坑區,文山,,698,深坑區,阿柔坑,阿柔洋,107-1
深坑區,文山,,699,深坑區,阿柔坑,阿柔洋,107
深坑區,文山,,7,深坑區,深坑子,麻竹寮,11-3
深坑區,文山,,70,深坑區,深坑子,麻竹寮,50-17
深坑區,文山,,700,深坑區,阿柔坑,阿柔洋,114-1
深坑區,文山,,701,深坑區,阿柔坑,阿柔洋,114-2
深坑區,文山,,702,深坑區,阿柔坑,阿柔洋,115-2
深坑區,文山,,703,深坑區,阿柔坑,阿柔洋,113-1
深坑區,文山,,704,深坑區,阿柔坑,阿柔洋,117-1
深坑區,文山,,705,深坑區,阿柔坑,阿柔洋,117
深坑區,文山,,706,深坑區,阿柔坑,阿柔洋,116
深坑區,文山,,707,深坑區,阿柔坑,阿柔洋,113-3
深坑區,文山,,708,深坑區,阿柔坑,阿柔洋,113-2
深坑區,文山,,709,深坑區,阿柔坑,阿柔洋,113-4
深坑區,文山,,71,深坑區,深坑子,麻竹寮,46
深坑區,文山,,710,深坑區,阿柔坑,阿柔洋,113-8
深坑區,文山,,711,深坑區,阿柔坑,阿柔洋,113-7
深坑區,文山,,712,深坑區,阿柔坑,阿柔洋,112
深坑區,文山,,713,深坑區,阿柔坑,阿柔洋,112-1
深坑區,文山,,714,深坑區,阿柔坑,阿柔洋,154-30
深坑區,文山,,715,深坑區,阿柔坑,阿柔洋,150-4
深坑區,文山,,716,深坑區,阿柔坑,阿柔洋,150-5
深坑區,文山,,717,深坑區,阿柔坑,阿柔洋,138-25
深坑區,文山,,718,深坑區,阿柔坑,阿柔洋,138-26
深坑區,文山,,719,深坑區,阿柔坑,阿柔洋,138-27
深坑區,文山,,72,深坑區,深坑子,麻竹寮,42
深坑區,文山,,720,深坑區,阿柔坑,阿柔洋,138-22
深坑區,文山,,721,深坑區,阿柔坑,阿柔洋,138-23
深坑區,文山,,722,深坑區,阿柔坑,阿柔洋,138-24
深坑區,文山,,723,深坑區,阿柔坑,阿柔洋,144
深坑區,文山,,724,深坑區,阿柔坑,阿柔洋,144-1
深坑區,文山,,725,深坑區,阿柔坑,阿柔洋,138-8
深坑區,文山,,726,深坑區,阿柔坑,阿柔洋,138-9
深坑區,文山,,727,深坑區,阿柔坑,阿柔洋,138-19
深坑區,文山,,728,深坑區,阿柔坑,阿柔洋,138-13
深坑區,文山,,729,深坑區,阿柔坑,阿柔洋,138-14
深坑區,文山,,73,深坑區,深坑子,麻竹寮,43
深坑區,文山,,730,深坑區,阿柔坑,阿柔洋,138-15
深坑區,文山,,731,深坑區,阿柔坑,阿柔洋,138-21
深坑區,文山,,732,深坑區,阿柔坑,阿柔洋,138-18
深坑區,文山,,733,深坑區,阿柔坑,阿柔洋,138-17
深坑區,文山,,734,深坑區,阿柔坑,阿柔洋,138-3
深坑區,文山,,735,深坑區,阿柔坑,阿柔洋,138-16
深坑區,文山,,736,深坑區,阿柔坑,阿柔洋,138-2
深坑區,文山,,737,深坑區,阿柔坑,阿柔洋,150-2
深坑區,文山,,738,深坑區,阿柔坑,阿柔洋,150-3
深坑區,文山,,739,深坑區,阿柔坑,阿柔洋,149
深坑區,文山,,74,深坑區,深坑子,麻竹寮,33-1
深坑區,文山,,740,深坑區,阿柔坑,阿柔洋,148
深坑區,文山,,741,深坑區,阿柔坑,阿柔洋,150
深坑區,文山,,742,深坑區,阿柔坑,阿柔洋,153
深坑區,文山,,743,深坑區,阿柔坑,阿柔洋,152
深坑區,文山,,744,深坑區,阿柔坑,阿柔洋,190-7
深坑區,文山,,745,深坑區,阿柔坑,阿柔洋,160-7
深坑區,文山,,746,深坑區,阿柔坑,阿柔洋,160-2
深坑區,文山,,747,深坑區,阿柔坑,阿柔洋,160-6
深坑區,文山,,748,深坑區,阿柔坑,阿柔洋,160-5
深坑區,文山,,749,深坑區,阿柔坑,阿柔洋,160-1
深坑區,文山,,75,深坑區,深坑子,麻竹寮,43-3
深坑區,文山,,750,深坑區,阿柔坑,阿柔洋,160-4
深坑區,文山,,751,深坑區,阿柔坑,阿柔洋,154-32
深坑區,文山,,752,深坑區,阿柔坑,阿柔洋,154-31
深坑區,文山,,753,深坑區,阿柔坑,阿柔洋,155-2
深坑區,文山,,754,深坑區,阿柔坑,阿柔洋,154
深坑區,文山,,755,深坑區,阿柔坑,阿柔洋,155
深坑區,文山,,756,深坑區,阿柔坑,阿柔洋,155-1
深坑區,文山,,757,深坑區,阿柔坑,阿柔洋,154-27
深坑區,文山,,758,深坑區,阿柔坑,阿柔洋,154-26
深坑區,文山,,759,深坑區,阿柔坑,阿柔洋,159
深坑區,文山,,76,深坑區,深坑子,麻竹寮,43-1
深坑區,文山,,760,深坑區,阿柔坑,阿柔洋,154-20
深坑區,文山,,761,深坑區,阿柔坑,阿柔洋,154-2
深坑區,文山,,762,深坑區,阿柔坑,阿柔洋,154-19
深坑區,文山,,763,深坑區,阿柔坑,阿柔洋,154-17
深坑區,文山,,764,深坑區,阿柔坑,阿柔洋,158
深坑區,文山,,765,深坑區,阿柔坑,阿柔洋,158-1
深坑區,文山,,766,深坑區,阿柔坑,阿柔洋,154-18
深坑區,文山,,767,深坑區,阿柔坑,阿柔洋,154-1
深坑區,文山,,768,深坑區,阿柔坑,阿柔洋,154-8
深坑區,文山,,769,深坑區,阿柔坑,阿柔洋,154-24
深坑區,文山,,77,深坑區,深坑子,麻竹寮,45
深坑區,文山,,770,深坑區,阿柔坑,阿柔洋,154-6
深坑區,文山,,771,深坑區,阿柔坑,阿柔洋,154-23
深坑區,文山,,772,深坑區,阿柔坑,阿柔洋,154-29
深坑區,文山,,773,深坑區,阿柔坑,阿柔洋,154-28
深坑區,文山,,774,深坑區,阿柔坑,阿柔洋,154-5
深坑區,文山,,775,深坑區,阿柔坑,阿柔洋,154-22
深坑區,文山,,776,深坑區,阿柔坑,阿柔洋,154-21
深坑區,文山,,777,深坑區,阿柔坑,阿柔洋,154-7
深坑區,文山,,778,深坑區,阿柔坑,阿柔洋,154-25
深坑區,文山,,779,深坑區,阿柔坑,阿柔洋,154-10
深坑區,文山,,78,深坑區,深坑子,麻竹寮,44-6
深坑區,文山,,780,深坑區,阿柔坑,阿柔洋,154-9
深坑區,文山,,781,深坑區,阿柔坑,公館後,59
深坑區,文山,,782,深坑區,阿柔坑,公館後,58-1
深坑區,文山,,783,深坑區,阿柔坑,公館後,58
深坑區,文山,,784,深坑區,阿柔坑,公館後,60
深坑區,文山,,785,深坑區,阿柔坑,公館後,61
深坑區,文山,,786,深坑區,阿柔坑,公館後,63-2
深坑區,文山,,787,深坑區,阿柔坑,公館後,62-1
深坑區,文山,,788,深坑區,阿柔坑,公館後,62-2
深坑區,文山,,789,深坑區,阿柔坑,公館後,1-4
深坑區,文山,,79,深坑區,深坑子,麻竹寮,44-2
深坑區,文山,,790,深坑區,阿柔坑,公館後,1-18
深坑區,文山,,791,深坑區,阿柔坑,公館後,1-2
深坑區,文山,,792,深坑區,阿柔坑,公館後,1-1
深坑區,文山,,793,深坑區,阿柔坑,公館後,1-6
深坑區,文山,,794,深坑區,阿柔坑,公館後,4-8
深坑區,文山,,8,深坑區,深坑子,麻竹寮,11
深坑區,文山,,80,深坑區,深坑子,麻竹寮,44
深坑區,文山,,81,深坑區,深坑子,麻竹寮,51-6
深坑區,文山,,82,深坑區,深坑子,麻竹寮,51-7
深坑區,文山,,83,深坑區,深坑子,麻竹寮,51-8
深坑區,文山,,84,深坑區,深坑子,麻竹寮,51
深坑區,文山,,85,深坑區,深坑子,麻竹寮,52
深坑區,文山,,86,深坑區,深坑子,麻竹寮,44-1
深坑區,文山,,87,深坑區,深坑子,麻竹寮,44-5
深坑區,文山,,88,深坑區,阿柔坑,阿柔洋,1-23
深坑區,文山,,89,深坑區,阿柔坑,阿柔洋,1-22
深坑區,文山,,9,深坑區,深坑子,麻竹寮,70-19
深坑區,文山,,90,深坑區,阿柔坑,阿柔洋,1-17
深坑區,文山,,91,深坑區,阿柔坑,阿柔洋,1-8
深坑區,文山,,92,深坑區,阿柔坑,阿柔洋,1-21
深坑區,文山,,93,深坑區,阿柔坑,阿柔洋,1-18
深坑區,文山,,94,深坑區,阿柔坑,阿柔洋,1-20
深坑區,文山,,95,深坑區,阿柔坑,阿柔洋,1-2
深坑區,文山,,96,深坑區,阿柔坑,阿柔洋,1-3
深坑區,文山,,97,深坑區,阿柔坑,阿柔洋,1-7
深坑區,文山,,98,深坑區,阿柔坑,阿柔洋,1-1
深坑區,文山,,99,深坑區,阿柔坑,阿柔洋,1-4
深坑區,新土庫,,1,深坑區,土庫,土庫,1
深坑區,新土庫,,10,深坑區,土庫,土庫,6-1
深坑區,新土庫,,100,深坑區,土庫,土庫,46-1
深坑區,新土庫,,1000,深坑區,土庫,土庫,184-73
深坑區,新土庫,,1001,深坑區,土庫,土庫,184-89
深坑區,新土庫,,1002,深坑區,土庫,土庫,184-76
深坑區,新土庫,,1003,深坑區,土庫,土庫,184-88
深坑區,新土庫,,1004,深坑區,土庫,土庫,184-77
深坑區,新土庫,,1005,深坑區,土庫,土庫,188-14
深坑區,新土庫,,1006,深坑區,土庫,土庫,188-15
深坑區,新土庫,,1008,深坑區,土庫,土庫,222
深坑區,新土庫,,1009,深坑區,土庫,土庫,188
深坑區,新土庫,,101,深坑區,土庫,土庫,47-7
深坑區,新土庫,,1010,深坑區,土庫,土庫,184-48
深坑區,新土庫,,1012,深坑區,土庫,土庫,184-11
深坑區,新土庫,,1013,深坑區,土庫,土庫,184-12
深坑區,新土庫,,1014,深坑區,土庫,土庫,184-13
深坑區,新土庫,,1015,深坑區,土庫,土庫,187-3
深坑區,新土庫,,1016,深坑區,土庫,土庫,184-14
深坑區,新土庫,,1017,深坑區,土庫,土庫,187-2
深坑區,新土庫,,1018,深坑區,土庫,土庫,187-4
深坑區,新土庫,,1019,深坑區,土庫,土庫,184-17
深坑區,新土庫,,102,深坑區,土庫,土庫,45-8
深坑區,新土庫,,1020,深坑區,土庫,土庫,187-5
深坑區,新土庫,,1021,深坑區,土庫,土庫,184-16
深坑區,新土庫,,1022,深坑區,土庫,土庫,184-15
深坑區,新土庫,,1023,深坑區,土庫,土庫,187
深坑區,新土庫,,1024,深坑區,土庫,土庫,186-10
深坑區,新土庫,,1025,深坑區,土庫,土庫,184-18
深坑區,新土庫,,1026,深坑區,土庫,土庫,184-19
深坑區,新土庫,,1027,深坑區,土庫,土庫,187-6
深坑區,新土庫,,1028,深坑區,土庫,土庫,191-60
深坑區,新土庫,,1029,深坑區,土庫,土庫,187-10
深坑區,新土庫,,103,深坑區,土庫,土庫,47-6
深坑區,新土庫,,1030,深坑區,土庫,土庫,187-13
深坑區,新土庫,,1031,深坑區,土庫,土庫,187-8
深坑區,新土庫,,1032,深坑區,土庫,土庫,187-12
深坑區,新土庫,,1033,深坑區,土庫,土庫,187-11
深坑區,新土庫,,1034,深坑區,土庫,土庫,191-97
深坑區,新土庫,,1035,深坑區,土庫,土庫,191-1
深坑區,新土庫,,1036,深坑區,土庫,土庫,191-61
深坑區,新土庫,,1037,深坑區,土庫,土庫,187-7
深坑區,新土庫,,1038,深坑區,土庫,土庫,184-21
深坑區,新土庫,,1039,深坑區,土庫,土庫,191-26
深坑區,新土庫,,104,深坑區,土庫,土庫,237
深坑區,新土庫,,1040,深坑區,土庫,土庫,184-20
深坑區,新土庫,,1041,深坑區,土庫,土庫,188-5
深坑區,新土庫,,1042,深坑區,土庫,土庫,188-1
深坑區,新土庫,,1043,深坑區,土庫,土庫,184-22
深坑區,新土庫,,1044,深坑區,土庫,土庫,184-23
深坑區,新土庫,,1045,深坑區,土庫,土庫,191-95
深坑區,新土庫,,1046,深坑區,土庫,土庫,191-2
深坑區,新土庫,,1047,深坑區,土庫,土庫,191-62
深坑區,新土庫,,1048,深坑區,土庫,土庫,191-81
深坑區,新土庫,,1049,深坑區,土庫,土庫,191-80
深坑區,新土庫,,1050,深坑區,土庫,土庫,191-40
深坑區,新土庫,,1051,深坑區,土庫,土庫,191-39
深坑區,新土庫,,1052,深坑區,土庫,土庫,191-28
深坑區,新土庫,,1053,深坑區,土庫,土庫,184-25
深坑區,新土庫,,1054,深坑區,土庫,土庫,191-27
深坑區,新土庫,,1055,深坑區,土庫,土庫,184-24
深坑區,新土庫,,1056,深坑區,土庫,土庫,188-6
深坑區,新土庫,,1057,深坑區,土庫,土庫,188-7
深坑區,新土庫,,1058,深坑區,土庫,土庫,184-28
深坑區,新土庫,,1059,深坑區,土庫,土庫,188-8
深坑區,新土庫,,106,深坑區,土庫,土庫,236
深坑區,新土庫,,1060,深坑區,土庫,土庫,184-29
深坑區,新土庫,,1061,深坑區,土庫,土庫,188-9
深坑區,新土庫,,1062,深坑區,土庫,土庫,184-33
深坑區,新土庫,,1063,深坑區,土庫,土庫,188-10
深坑區,新土庫,,1064,深坑區,土庫,土庫,184-34
深坑區,新土庫,,1065,深坑區,土庫,土庫,184-31
深坑區,新土庫,,1066,深坑區,土庫,土庫,184-26
深坑區,新土庫,,1067,深坑區,土庫,土庫,184-36
深坑區,新土庫,,1068,深坑區,土庫,土庫,188-11
深坑區,新土庫,,1069,深坑區,土庫,土庫,184-38
深坑區,新土庫,,107,深坑區,土庫,土庫,235
深坑區,新土庫,,1070,深坑區,土庫,土庫,188-12
深坑區,新土庫,,1071,深坑區,土庫,土庫,188-13
深坑區,新土庫,,1072,深坑區,土庫,土庫,184-39
深坑區,新土庫,,1073,深坑區,土庫,土庫,184-10
深坑區,新土庫,,1074,深坑區,土庫,土庫,184-90
深坑區,新土庫,,1075,深坑區,土庫,土庫,184-85
深坑區,新土庫,,1076,深坑區,土庫,土庫,184-87
深坑區,新土庫,,1077,深坑區,土庫,土庫,191-63
深坑區,新土庫,,1078,深坑區,土庫,土庫,184-86
深坑區,新土庫,,1079,深坑區,土庫,土庫,191-41
深坑區,新土庫,,1080,深坑區,土庫,土庫,191-92
深坑區,新土庫,,1081,深坑區,土庫,土庫,184-41
深坑區,新土庫,,1082,深坑區,土庫,土庫,191-48
深坑區,新土庫,,1083,深坑區,土庫,土庫,191-47
深坑區,新土庫,,1084,深坑區,土庫,土庫,184-40
深坑區,新土庫,,1085,深坑區,土庫,土庫,191-34
深坑區,新土庫,,1086,深坑區,土庫,土庫,191-46
深坑區,新土庫,,1087,深坑區,土庫,土庫,184-37
深坑區,新土庫,,1088,深坑區,土庫,土庫,191-33
深坑區,新土庫,,1089,深坑區,土庫,土庫,184-35
深坑區,新土庫,,109,深坑區,土庫,土庫,49-2
深坑區,新土庫,,1090,深坑區,土庫,土庫,191-32
深坑區,新土庫,,1091,深坑區,土庫,土庫,191-35
深坑區,新土庫,,1092,深坑區,土庫,土庫,191-45
深坑區,新土庫,,1093,深坑區,土庫,土庫,184-32
深坑區,新土庫,,1094,深坑區,土庫,土庫,191-31
深坑區,新土庫,,1095,深坑區,土庫,土庫,191-36
深坑區,新土庫,,1096,深坑區,土庫,土庫,191-44
深坑區,新土庫,,1097,深坑區,土庫,土庫,184-30
深坑區,新土庫,,1098,深坑區,土庫,土庫,191-30
深坑區,新土庫,,1099,深坑區,土庫,土庫,191-37
深坑區,新土庫,,11,深坑區,土庫,土庫,9
深坑區,新土庫,,110,深坑區,土庫,土庫,49-1
深坑區,新土庫,,1100,深坑區,土庫,土庫,191-43
深坑區,新土庫,,1101,深坑區,土庫,土庫,184-27
深坑區,新土庫,,1102,深坑區,土庫,土庫,191-29
深坑區,新土庫,,1103,深坑區,土庫,土庫,191-38
深坑區,新土庫,,1104,深坑區,土庫,土庫,191-42
深坑區,新土庫,,1105,深坑區,土庫,土庫,191-65
深坑區,新土庫,,1106,深坑區,土庫,土庫,191-64
深坑區,新土庫,,1107,深坑區,土庫,土庫,191-49
深坑區,新土庫,,1108,深坑區,土庫,土庫,191-67
深坑區,新土庫,,1109,深坑區,土庫,土庫,191-51
深坑區,新土庫,,111,深坑區,土庫,土庫,49
深坑區,新土庫,,1110,深坑區,土庫,土庫,191-66
深坑區,新土庫,,1111,深坑區,土庫,土庫,191-50
深坑區,新土庫,,1112,深坑區,土庫,土庫,191-68
深坑區,新土庫,,1113,深坑區,土庫,土庫,191-52
深坑區,新土庫,,1114,深坑區,土庫,土庫,191-69
深坑區,新土庫,,1115,深坑區,土庫,土庫,191-53
深坑區,新土庫,,1116,深坑區,土庫,土庫,191-71
深坑區,新土庫,,1117,深坑區,土庫,土庫,191-70
深坑區,新土庫,,1118,深坑區,土庫,土庫,191-54
深坑區,新土庫,,1119,深坑區,土庫,土庫,191-73
深坑區,新土庫,,112,深坑區,土庫,土庫,49-3
深坑區,新土庫,,1120,深坑區,土庫,土庫,191-72
深坑區,新土庫,,1121,深坑區,土庫,土庫,191-74
深坑區,新土庫,,1122,深坑區,土庫,土庫,191-75
深坑區,新土庫,,1123,深坑區,土庫,土庫,191-76
深坑區,新土庫,,1124,深坑區,土庫,土庫,191-77
深坑區,新土庫,,1125,深坑區,土庫,土庫,191-98
深坑區,新土庫,,1126,深坑區,土庫,土庫,191-99
深坑區,新土庫,,1128,深坑區,土庫,土庫,191-79
深坑區,新土庫,,1129,深坑區,土庫,土庫,191-78
深坑區,新土庫,,113,深坑區,土庫,土庫,58
深坑區,新土庫,,1130,深坑區,土庫,土庫,190
深坑區,新土庫,,1131,深坑區,土庫,土庫,191-91
深坑區,新土庫,,1132,深坑區,土庫,土庫,191-82
深坑區,新土庫,,1133,深坑區,土庫,土庫,191-83
深坑區,新土庫,,1134,深坑區,土庫,土庫,191-55
深坑區,新土庫,,1135,深坑區,土庫,土庫,191-84
深坑區,新土庫,,1136,深坑區,土庫,土庫,191-56
深坑區,新土庫,,1137,深坑區,土庫,土庫,191-57
深坑區,新土庫,,1138,深坑區,土庫,土庫,184-47
深坑區,新土庫,,1139,深坑區,土庫,土庫,184-46
深坑區,新土庫,,114,深坑區,土庫,土庫,57-2
深坑區,新土庫,,1140,深坑區,土庫,土庫,191-58
深坑區,新土庫,,1141,深坑區,土庫,土庫,184-45
深坑區,新土庫,,1142,深坑區,土庫,土庫,184-44
深坑區,新土庫,,1143,深坑區,土庫,土庫,184-43
深坑區,新土庫,,1144,深坑區,土庫,土庫,184-42
深坑區,新土庫,,1145,深坑區,土庫,土庫,188-2
深坑區,新土庫,,1146,深坑區,土庫,土庫,184-49
深坑區,新土庫,,1147,深坑區,土庫,土庫,184-81
深坑區,新土庫,,1148,深坑區,土庫,土庫,188-3
深坑區,新土庫,,1149,深坑區,土庫,土庫,184-54
深坑區,新土庫,,115,深坑區,土庫,土庫,57-27
深坑區,新土庫,,1150,深坑區,土庫,土庫,189
深坑區,新土庫,,1151,深坑區,土庫,土庫,191-59
深坑區,新土庫,,1152,深坑區,土庫,土庫,191-3
深坑區,新土庫,,1153,深坑區,土庫,土庫,190-1
深坑區,新土庫,,1154,深坑區,土庫,土庫,191-25
深坑區,新土庫,,1155,深坑區,土庫,土庫,191-90
深坑區,新土庫,,1156,深坑區,土庫,土庫,191-89
深坑區,新土庫,,1157,深坑區,土庫,土庫,191-24
深坑區,新土庫,,1158,深坑區,土庫,土庫,191-87
深坑區,新土庫,,1159,深坑區,土庫,土庫,191-9
深坑區,新土庫,,116,深坑區,土庫,土庫,53
深坑區,新土庫,,1160,深坑區,土庫,土庫,191-8
深坑區,新土庫,,1161,深坑區,土庫,土庫,191-86
深坑區,新土庫,,1162,深坑區,土庫,土庫,191-7
深坑區,新土庫,,1163,深坑區,土庫,土庫,191-85
深坑區,新土庫,,1164,深坑區,土庫,土庫,184-55
深坑區,新土庫,,1165,深坑區,土庫,土庫,184-52
深坑區,新土庫,,1166,深坑區,土庫,土庫,189-1
深坑區,新土庫,,1167,深坑區,土庫,土庫,184-51
深坑區,新土庫,,1168,深坑區,土庫,土庫,191-5
深坑區,新土庫,,1169,深坑區,土庫,土庫,188-4
深坑區,新土庫,,117,深坑區,土庫,土庫,53-1
深坑區,新土庫,,1170,深坑區,土庫,土庫,184-50
深坑區,新土庫,,1171,深坑區,土庫,土庫,191-4
深坑區,新土庫,,1172,深坑區,土庫,土庫,184-82
深坑區,新土庫,,1173,深坑區,土庫,土庫,191-103
深坑區,新土庫,,1174,深坑區,土庫,土庫,191-100
深坑區,新土庫,,1175,深坑區,土庫,土庫,191-88
深坑區,新土庫,,1176,深坑區,土庫,土庫,191-101
深坑區,新土庫,,1177,深坑區,土庫,土庫,191-10
深坑區,新土庫,,1178,深坑區,土庫,土庫,191-11
深坑區,新土庫,,1179,深坑區,土庫,土庫,191-12
深坑區,新土庫,,118,深坑區,土庫,土庫,54
深坑區,新土庫,,1180,深坑區,土庫,土庫,191-13
深坑區,新土庫,,1181,深坑區,土庫,土庫,191-14
深坑區,新土庫,,1182,深坑區,土庫,土庫,192-7
深坑區,新土庫,,1183,深坑區,土庫,土庫,192-8
深坑區,新土庫,,1184,深坑區,土庫,土庫,192-9
深坑區,新土庫,,1185,深坑區,土庫,土庫,192-2
深坑區,新土庫,,1186,深坑區,土庫,土庫,191
深坑區,新土庫,,1187,深坑區,土庫,土庫,191-106
深坑區,新土庫,,1188,深坑區,土庫,土庫,191-15
深坑區,新土庫,,1189,深坑區,土庫,土庫,191-16
深坑區,新土庫,,119,深坑區,土庫,土庫,53-2
深坑區,新土庫,,1190,深坑區,土庫,土庫,191-17
深坑區,新土庫,,1191,深坑區,土庫,土庫,191-18
深坑區,新土庫,,1192,深坑區,土庫,土庫,191-22
深坑區,新土庫,,1193,深坑區,土庫,土庫,191-21
深坑區,新土庫,,1194,深坑區,土庫,土庫,192-15
深坑區,新土庫,,1195,深坑區,土庫,土庫,191-23
深坑區,新土庫,,1196,深坑區,土庫,土庫,191-20
深坑區,新土庫,,1197,深坑區,土庫,土庫,192-16
深坑區,新土庫,,1198,深坑區,土庫,土庫,191-19
深坑區,新土庫,,1199,深坑區,土庫,土庫,191-107
深坑區,新土庫,,12,深坑區,土庫,土庫,7
深坑區,新土庫,,120,深坑區,土庫,土庫,54-1
深坑區,新土庫,,1200,深坑區,土庫,土庫,191-108
深坑區,新土庫,,1201,深坑區,土庫,土庫,192-11
深坑區,新土庫,,1202,深坑區,土庫,土庫,191-102
深坑區,新土庫,,1203,深坑區,土庫,土庫,192-4
深坑區,新土庫,,1204,深坑區,土庫,土庫,192-5
深坑區,新土庫,,1205,深坑區,土庫,土庫,192-20
深坑區,新土庫,,1206,深坑區,土庫,土庫,192-21
深坑區,新土庫,,1207,深坑區,土庫,土庫,192-17
深坑區,新土庫,,1208,深坑區,土庫,土庫,192-18
深坑區,新土庫,,1209,深坑區,土庫,土庫,192-22
深坑區,新土庫,,121,深坑區,土庫,土庫,75-2
深坑區,新土庫,,1210,深坑區,土庫,土庫,191-104
深坑區,新土庫,,1211,深坑區,土庫,土庫,191-105
深坑區,新土庫,,1212,深坑區,土庫,土庫,192-23
深坑區,新土庫,,1213,深坑區,土庫,土庫,192-19
深坑區,新土庫,,1214,深坑區,土庫,土庫,192-1
深坑區,新土庫,,1215,深坑區,土庫,土庫,192-6
深坑區,新土庫,,1216,深坑區,土庫,賴仲坑,2
深坑區,新土庫,,1217,深坑區,土庫,賴仲坑,2-1
深坑區,新土庫,,1218,深坑區,土庫,賴仲坑,6-1
深坑區,新土庫,,1219,深坑區,土庫,賴仲坑,4-2
深坑區,新土庫,,122,深坑區,土庫,土庫,75
深坑區,新土庫,,1220,深坑區,土庫,賴仲坑,200
深坑區,新土庫,,1221,深坑區,土庫,賴仲坑,6
深坑區,新土庫,,1222,深坑區,土庫,賴仲坑,4
深坑區,新土庫,,1223,深坑區,土庫,賴仲坑,3
深坑區,新土庫,,1224,深坑區,土庫,賴仲坑,4-3
深坑區,新土庫,,1225,深坑區,土庫,賴仲坑,4-1
深坑區,新土庫,,1226,深坑區,土庫,賴仲坑,8
深坑區,新土庫,,1227,深坑區,土庫,賴仲坑,199
深坑區,新土庫,,1228,深坑區,土庫,賴仲坑,10
深坑區,新土庫,,1229,深坑區,土庫,賴仲坑,198
深坑區,新土庫,,123,深坑區,土庫,土庫,52
深坑區,新土庫,,1230,深坑區,土庫,賴仲坑,23-1
深坑區,新土庫,,1231,深坑區,土庫,賴仲坑,26
深坑區,新土庫,,1232,深坑區,土庫,賴仲坑,25
深坑區,新土庫,,1234,深坑區,土庫,賴仲坑,23
深坑區,新土庫,,1235,深坑區,土庫,賴仲坑,22-3
深坑區,新土庫,,1236,深坑區,土庫,賴仲坑,19-2
深坑區,新土庫,,1237,深坑區,土庫,賴仲坑,19-1
深坑區,新土庫,,1238,深坑區,土庫,賴仲坑,14
深坑區,新土庫,,1239,深坑區,土庫,賴仲坑,15
深坑區,新土庫,,124,深坑區,土庫,土庫,75-1
深坑區,新土庫,,1240,深坑區,土庫,賴仲坑,18
深坑區,新土庫,,1241,深坑區,土庫,賴仲坑,13
深坑區,新土庫,,1242,深坑區,土庫,賴仲坑,12-2
深坑區,新土庫,,1243,深坑區,土庫,賴仲坑,11
深坑區,新土庫,,1244,深坑區,土庫,賴仲坑,22-2
深坑區,新土庫,,1245,深坑區,土庫,賴仲坑,28-1
深坑區,新土庫,,1246,深坑區,土庫,賴仲坑,33
深坑區,新土庫,,1247,深坑區,土庫,賴仲坑,33-1
深坑區,新土庫,,1248,深坑區,土庫,賴仲坑,196
深坑區,新土庫,,1249,深坑區,土庫,賴仲坑,197
深坑區,新土庫,,125,深坑區,土庫,土庫,225-1
深坑區,新土庫,,1250,深坑區,土庫,賴仲坑,33-2
深坑區,新土庫,,1251,深坑區,土庫,賴仲坑,195
深坑區,新土庫,,1252,深坑區,土庫,賴仲坑,29-1
深坑區,新土庫,,1253,深坑區,土庫,賴仲坑,29
深坑區,新土庫,,1254,深坑區,土庫,賴仲坑,30
深坑區,新土庫,,1255,深坑區,土庫,賴仲坑,31
深坑區,新土庫,,1256,深坑區,土庫,賴仲坑,32
深坑區,新土庫,,1258,深坑區,土庫,賴仲坑,193
深坑區,新土庫,,1259,深坑區,土庫,賴仲坑,47
深坑區,新土庫,,126,深坑區,土庫,土庫,225-2
深坑區,新土庫,,1260,深坑區,土庫,賴仲坑,47-1
深坑區,新土庫,,1261,深坑區,土庫,賴仲坑,29-2
深坑區,新土庫,,1262,深坑區,土庫,賴仲坑,194
深坑區,新土庫,,1263,深坑區,土庫,賴仲坑,194-1
深坑區,新土庫,,1264,深坑區,土庫,賴仲坑,192-1
深坑區,新土庫,,1265,深坑區,土庫,賴仲坑,48
深坑區,新土庫,,1266,深坑區,土庫,賴仲坑,49
深坑區,新土庫,,1267,深坑區,土庫,賴仲坑,192
深坑區,新土庫,,1268,深坑區,土庫,賴仲坑,76-2
深坑區,新土庫,,1269,深坑區,土庫,賴仲坑,76
深坑區,新土庫,,127,深坑區,土庫,土庫,55-13
深坑區,新土庫,,1270,深坑區,土庫,賴仲坑,76-1
深坑區,新土庫,,1272,深坑區,土庫,賴仲坑,78-1
深坑區,新土庫,,1273,深坑區,土庫,賴仲坑,78-2
深坑區,新土庫,,1274,深坑區,土庫,賴仲坑,82
深坑區,新土庫,,1275,深坑區,土庫,賴仲坑,83
深坑區,新土庫,,1276,深坑區,土庫,賴仲坑,82-1
深坑區,新土庫,,1277,深坑區,土庫,賴仲坑,80-1
深坑區,新土庫,,1278,深坑區,土庫,賴仲坑,80
深坑區,新土庫,,1279,深坑區,土庫,賴仲坑,79
深坑區,新土庫,,128,深坑區,土庫,土庫,55-3
深坑區,新土庫,,1280,深坑區,土庫,土庫,192-3
深坑區,新土庫,,1281,深坑區,土庫,賴仲坑,191
深坑區,新土庫,,1282,深坑區,土庫,賴仲坑,183
深坑區,新土庫,,1283,深坑區,土庫,賴仲坑,81
深坑區,新土庫,,1284,深坑區,土庫,賴仲坑,81-1
深坑區,新土庫,,1285,深坑區,土庫,賴仲坑,85-1
深坑區,新土庫,,1286,深坑區,土庫,賴仲坑,190
深坑區,新土庫,,1288,深坑區,土庫,賴仲坑,89
深坑區,新土庫,,1289,深坑區,土庫,賴仲坑,86
深坑區,新土庫,,129,深坑區,土庫,土庫,55
深坑區,新土庫,,1290,深坑區,土庫,賴仲坑,88
深坑區,新土庫,,1291,深坑區,土庫,賴仲坑,87
深坑區,新土庫,,1292,深坑區,土庫,賴仲坑,107
深坑區,新土庫,,1293,深坑區,土庫,賴仲坑,189
深坑區,新土庫,,1294,深坑區,土庫,賴仲坑,183-6
深坑區,新土庫,,1295,深坑區,土庫,賴仲坑,183-5
深坑區,新土庫,,1296,深坑區,土庫,賴仲坑,183-1
深坑區,新土庫,,1297,深坑區,土庫,賴仲坑,172
深坑區,新土庫,,1299,深坑區,土庫,賴仲坑,183-9
深坑區,新土庫,,13,深坑區,土庫,土庫,8
深坑區,新土庫,,130,深坑區,土庫,土庫,55-7
深坑區,新土庫,,1300,深坑區,土庫,賴仲坑,183-8
深坑區,新土庫,,1303,深坑區,土庫,賴仲坑,173
深坑區,新土庫,,1304,深坑區,土庫,賴仲坑,175
深坑區,新土庫,,1305,深坑區,土庫,賴仲坑,174
深坑區,新土庫,,1306,深坑區,土庫,賴仲坑,183-2
深坑區,新土庫,,1307,深坑區,土庫,賴仲坑,177
深坑區,新土庫,,1308,深坑區,土庫,賴仲坑,183-13
深坑區,新土庫,,1309,深坑區,土庫,賴仲坑,177-9
深坑區,新土庫,,131,深坑區,土庫,土庫,55-2
深坑區,新土庫,,1310,深坑區,土庫,賴仲坑,183-12
深坑區,新土庫,,1311,深坑區,土庫,賴仲坑,183-7
深坑區,新土庫,,1312,深坑區,土庫,賴仲坑,177-3
深坑區,新土庫,,1313,深坑區,土庫,賴仲坑,183-3
深坑區,新土庫,,1314,深坑區,土庫,賴仲坑,177-1
深坑區,新土庫,,1315,深坑區,土庫,賴仲坑,177-4
深坑區,新土庫,,1316,深坑區,土庫,賴仲坑,177-5
深坑區,新土庫,,1317,深坑區,土庫,賴仲坑,177-8
深坑區,新土庫,,1318,深坑區,土庫,賴仲坑,177-6
深坑區,新土庫,,1319,深坑區,土庫,賴仲坑,177-7
深坑區,新土庫,,132,深坑區,土庫,土庫,232
深坑區,新土庫,,1320,深坑區,土庫,賴仲坑,177-2
深坑區,新土庫,,1321,深坑區,土庫,賴仲坑,183-11
深坑區,新土庫,,1322,深坑區,土庫,賴仲坑,138-3
深坑區,新土庫,,1323,深坑區,土庫,賴仲坑,138-1
深坑區,新土庫,,1324,深坑區,土庫,賴仲坑,183-4
深坑區,新土庫,,1325,深坑區,土庫,賴仲坑,138-4
深坑區,新土庫,,1328,深坑區,土庫,賴仲坑,178-3
深坑區,新土庫,,133,深坑區,土庫,土庫,233
深坑區,新土庫,,1330,深坑區,土庫,賴仲坑,178-4
深坑區,新土庫,,1331,深坑區,土庫,賴仲坑,178-5
深坑區,新土庫,,1332,深坑區,土庫,賴仲坑,178-6
深坑區,新土庫,,1333,深坑區,土庫,賴仲坑,178-7
深坑區,新土庫,,1334,深坑區,土庫,賴仲坑,178-8
深坑區,新土庫,,1335,深坑區,土庫,賴仲坑,178-9
深坑區,新土庫,,1336,深坑區,土庫,賴仲坑,178
深坑區,新土庫,,1337,深坑區,土庫,賴仲坑,178-2
深坑區,新土庫,,1338,深坑區,土庫,賴仲坑,178-10
深坑區,新土庫,,1339,深坑區,土庫,賴仲坑,178-1
深坑區,新土庫,,134,深坑區,土庫,土庫,55-10
深坑區,新土庫,,1341,深坑區,土庫,賴仲坑,107-2
深坑區,新土庫,,1342,深坑區,土庫,賴仲坑,107-1
深坑區,新土庫,,1343,深坑區,土庫,賴仲坑,188
深坑區,新土庫,,1344,深坑區,土庫,賴仲坑,187
深坑區,新土庫,,1345,深坑區,土庫,賴仲坑,186
深坑區,新土庫,,1346,深坑區,土庫,賴仲坑,108
深坑區,新土庫,,1347,深坑區,土庫,賴仲坑,109
深坑區,新土庫,,135,深坑區,土庫,土庫,55-12
深坑區,新土庫,,1350,深坑區,土庫,賴仲坑,112
深坑區,新土庫,,1351,深坑區,土庫,賴仲坑,110
深坑區,新土庫,,1352,深坑區,土庫,賴仲坑,111
深坑區,新土庫,,1353,深坑區,土庫,賴仲坑,183-10
深坑區,新土庫,,1354,深坑區,土庫,賴仲坑,184
深坑區,新土庫,,1355,深坑區,土庫,賴仲坑,185
深坑區,新土庫,,1357,深坑區,土庫,賴仲坑,132
深坑區,新土庫,,1359,深坑區,土庫,賴仲坑,133-4
深坑區,新土庫,,136,深坑區,土庫,土庫,55-4
深坑區,新土庫,,1360,深坑區,土庫,賴仲坑,185-1
深坑區,新土庫,,1361,深坑區,土庫,賴仲坑,133-3
深坑區,新土庫,,1362,深坑區,土庫,賴仲坑,133-2
深坑區,新土庫,,1363,深坑區,土庫,賴仲坑,133-1
深坑區,新土庫,,1364,深坑區,土庫,賴仲坑,133
深坑區,新土庫,,1365,深坑區,土庫,賴仲坑,134
深坑區,新土庫,,1366,深坑區,土庫,賴仲坑,136
深坑區,新土庫,,1367,深坑區,土庫,賴仲坑,136-1
深坑區,新土庫,,1368,深坑區,土庫,賴仲坑,136-2
深坑區,新土庫,,1369,深坑區,土庫,賴仲坑,136-3
深坑區,新土庫,,137,深坑區,土庫,土庫,55-1
深坑區,新土庫,,1370,深坑區,土庫,賴仲坑,136-4
深坑區,新土庫,,1371,深坑區,土庫,賴仲坑,138-2
深坑區,新土庫,,1372,深坑區,土庫,賴仲坑,138
深坑區,新土庫,,1373,深坑區,土庫,賴仲坑,139-1
深坑區,新土庫,,1374,深坑區,土庫,賴仲坑,139
深坑區,新土庫,,1375,深坑區,土庫,賴仲坑,144
深坑區,新土庫,,1376,深坑區,土庫,賴仲坑,144-4
深坑區,新土庫,,1377,深坑區,土庫,賴仲坑,141
深坑區,新土庫,,1378,深坑區,土庫,賴仲坑,141-1
深坑區,新土庫,,1379,深坑區,土庫,賴仲坑,144-23
深坑區,新土庫,,138,深坑區,土庫,土庫,55-9
深坑區,新土庫,,1380,深坑區,土庫,賴仲坑,140
深坑區,新土庫,,1381,深坑區,土庫,賴仲坑,144-22
深坑區,新土庫,,1382,深坑區,土庫,賴仲坑,144-21
深坑區,新土庫,,1383,深坑區,土庫,賴仲坑,144-16
深坑區,新土庫,,1384,深坑區,土庫,賴仲坑,142-4
深坑區,新土庫,,1385,深坑區,土庫,賴仲坑,142-3
深坑區,新土庫,,1386,深坑區,土庫,賴仲坑,143-1
深坑區,新土庫,,1387,深坑區,土庫,賴仲坑,143-4
深坑區,新土庫,,1388,深坑區,土庫,賴仲坑,144-15
深坑區,新土庫,,1389,深坑區,土庫,賴仲坑,254
深坑區,新土庫,,139,深坑區,土庫,土庫,55-5
深坑區,新土庫,,1390,深坑區,土庫,賴仲坑,144-14
深坑區,新土庫,,1391,深坑區,土庫,賴仲坑,142
深坑區,新土庫,,1392,深坑區,土庫,賴仲坑,142-5
深坑區,新土庫,,1393,深坑區,土庫,賴仲坑,142-6
深坑區,新土庫,,1394,深坑區,土庫,賴仲坑,142-7
深坑區,新土庫,,1395,深坑區,土庫,賴仲坑,142-8
深坑區,新土庫,,1396,深坑區,土庫,賴仲坑,142-9
深坑區,新土庫,,1397,深坑區,土庫,賴仲坑,142-10
深坑區,新土庫,,1398,深坑區,土庫,賴仲坑,142-11
深坑區,新土庫,,1399,深坑區,土庫,賴仲坑,142-1
深坑區,新土庫,,14,深坑區,土庫,土庫,8-1
深坑區,新土庫,,140,深坑區,土庫,土庫,55-8
深坑區,新土庫,,1400,深坑區,土庫,賴仲坑,142-2
深坑區,新土庫,,1401,深坑區,土庫,賴仲坑,143-2
深坑區,新土庫,,1402,深坑區,土庫,賴仲坑,143-3
深坑區,新土庫,,1403,深坑區,土庫,賴仲坑,143
深坑區,新土庫,,1404,深坑區,土庫,賴仲坑,144-19
深坑區,新土庫,,1405,深坑區,土庫,賴仲坑,144-18
深坑區,新土庫,,1406,深坑區,土庫,賴仲坑,255
深坑區,新土庫,,1407,深坑區,土庫,賴仲坑,144-1
深坑區,新土庫,,1408,深坑區,土庫,賴仲坑,144-17
深坑區,新土庫,,1409,深坑區,土庫,賴仲坑,144-38
深坑區,新土庫,,141,深坑區,土庫,土庫,98-3
深坑區,新土庫,,1410,深坑區,土庫,賴仲坑,144-24
深坑區,新土庫,,1411,深坑區,土庫,賴仲坑,144-7
深坑區,新土庫,,1412,深坑區,土庫,賴仲坑,144-6
深坑區,新土庫,,1413,深坑區,土庫,賴仲坑,144-37
深坑區,新土庫,,1414,深坑區,土庫,賴仲坑,144-5
深坑區,新土庫,,1415,深坑區,土庫,賴仲坑,144-8
深坑區,新土庫,,1416,深坑區,土庫,賴仲坑,159
深坑區,新土庫,,1417,深坑區,土庫,賴仲坑,153
深坑區,新土庫,,1418,深坑區,土庫,賴仲坑,146-2
深坑區,新土庫,,1419,深坑區,土庫,賴仲坑,179
深坑區,新土庫,,142,深坑區,土庫,土庫,98-2
深坑區,新土庫,,1420,深坑區,土庫,賴仲坑,146
深坑區,新土庫,,1421,深坑區,土庫,賴仲坑,146-1
深坑區,新土庫,,1422,深坑區,土庫,賴仲坑,157-5
深坑區,新土庫,,1423,深坑區,土庫,賴仲坑,157-2
深坑區,新土庫,,1424,深坑區,土庫,賴仲坑,151
深坑區,新土庫,,1425,深坑區,土庫,賴仲坑,151-1
深坑區,新土庫,,1426,深坑區,土庫,賴仲坑,150
深坑區,新土庫,,1427,深坑區,土庫,賴仲坑,152
深坑區,新土庫,,1428,深坑區,土庫,賴仲坑,154
深坑區,新土庫,,1429,深坑區,土庫,賴仲坑,154-1
深坑區,新土庫,,143,深坑區,土庫,土庫,55-11
深坑區,新土庫,,1430,深坑區,土庫,賴仲坑,157-18
深坑區,新土庫,,1432,深坑區,土庫,賴仲坑,157-1
深坑區,新土庫,,1433,深坑區,土庫,賴仲坑,157-14
深坑區,新土庫,,1434,深坑區,土庫,賴仲坑,157-17
深坑區,新土庫,,1435,深坑區,土庫,賴仲坑,157-13
深坑區,新土庫,,1436,深坑區,土庫,賴仲坑,157-4
深坑區,新土庫,,1437,深坑區,土庫,賴仲坑,163
深坑區,新土庫,,144,深坑區,土庫,土庫,79-24
深坑區,新土庫,,1440,深坑區,土庫,賴仲坑,163-1
深坑區,新土庫,,1444,深坑區,土庫,賴仲坑,163-4
深坑區,新土庫,,1445,深坑區,土庫,賴仲坑,163-2
深坑區,新土庫,,1447,深坑區,土庫,賴仲坑,162-1
深坑區,新土庫,,1448,深坑區,土庫,賴仲坑,144-32
深坑區,新土庫,,1449,深坑區,土庫,賴仲坑,144-27
深坑區,新土庫,,145,深坑區,土庫,土庫,79-23
深坑區,新土庫,,1450,深坑區,土庫,賴仲坑,144-31
深坑區,新土庫,,1451,深坑區,土庫,賴仲坑,144-30
深坑區,新土庫,,1452,深坑區,土庫,賴仲坑,144-26
深坑區,新土庫,,1453,深坑區,土庫,賴仲坑,159-1
深坑區,新土庫,,1454,深坑區,土庫,賴仲坑,144-12
深坑區,新土庫,,1455,深坑區,土庫,賴仲坑,144-25
深坑區,新土庫,,1457,深坑區,土庫,賴仲坑,157-6
深坑區,新土庫,,1458,深坑區,土庫,賴仲坑,157-7
深坑區,新土庫,,1459,深坑區,土庫,賴仲坑,157-8
深坑區,新土庫,,146,深坑區,土庫,土庫,81-7
深坑區,新土庫,,1460,深坑區,土庫,賴仲坑,157-11
深坑區,新土庫,,1461,深坑區,土庫,賴仲坑,156-2
深坑區,新土庫,,1462,深坑區,土庫,賴仲坑,156-3
深坑區,新土庫,,1463,深坑區,土庫,賴仲坑,156
深坑區,新土庫,,1464,深坑區,土庫,賴仲坑,157-9
深坑區,新土庫,,1465,深坑區,土庫,賴仲坑,157-19
深坑區,新土庫,,1466,深坑區,土庫,賴仲坑,156-6
深坑區,新土庫,,1467,深坑區,土庫,賴仲坑,156-4
深坑區,新土庫,,1468,深坑區,土庫,賴仲坑,157-16
深坑區,新土庫,,1469,深坑區,土庫,賴仲坑,157-12
深坑區,新土庫,,147,深坑區,土庫,土庫,79-22
深坑區,新土庫,,1470,深坑區,土庫,賴仲坑,157-3
深坑區,新土庫,,1471,深坑區,土庫,賴仲坑,156-5
深坑區,新土庫,,1472,深坑區,土庫,賴仲坑,156-1
深坑區,新土庫,,1473,深坑區,土庫,賴仲坑,157-10
深坑區,新土庫,,1474,深坑區,土庫,賴仲坑,157
深坑區,新土庫,,1477,深坑區,土庫,崩山,186-5
深坑區,新土庫,,1478,深坑區,土庫,崩山,185
深坑區,新土庫,,1479,深坑區,土庫,崩山,189-1
深坑區,新土庫,,148,深坑區,土庫,土庫,79-21
深坑區,新土庫,,1480,深坑區,土庫,崩山,186-4
深坑區,新土庫,,1481,深坑區,土庫,崩山,185-1
深坑區,新土庫,,1482,深坑區,土庫,崩山,186
深坑區,新土庫,,1483,深坑區,土庫,崩山,186-2
深坑區,新土庫,,1484,深坑區,土庫,崩山,189
深坑區,新土庫,,1485,深坑區,土庫,崩山,186-6
深坑區,新土庫,,1486,深坑區,土庫,崩山,186-8
深坑區,新土庫,,1487,深坑區,土庫,崩山,186-7
深坑區,新土庫,,1488,深坑區,土庫,崩山,186-3
深坑區,新土庫,,1489,深坑區,土庫,崩山,186-1
深坑區,新土庫,,149,深坑區,土庫,土庫,81-6
深坑區,新土庫,,1490,深坑區,土庫,賴仲坑,165-1
深坑區,新土庫,,1491,深坑區,土庫,賴仲坑,165
深坑區,新土庫,,1492,深坑區,土庫,賴仲坑,166-5
深坑區,新土庫,,1493,深坑區,土庫,賴仲坑,166-1
深坑區,新土庫,,1494,深坑區,土庫,賴仲坑,180-1
深坑區,新土庫,,1495,深坑區,土庫,賴仲坑,144-43
深坑區,新土庫,,1496,深坑區,土庫,賴仲坑,144-42
深坑區,新土庫,,1497,深坑區,土庫,賴仲坑,144-34
深坑區,新土庫,,1498,深坑區,土庫,賴仲坑,159-2
深坑區,新土庫,,1499,深坑區,土庫,賴仲坑,144-2
深坑區,新土庫,,150,深坑區,土庫,土庫,80-24
深坑區,新土庫,,1500,深坑區,土庫,賴仲坑,144-9
深坑區,新土庫,,1501,深坑區,土庫,賴仲坑,144-13
深坑區,新土庫,,1502,深坑區,土庫,賴仲坑,180
深坑區,新土庫,,1503,深坑區,土庫,賴仲坑,144-29
深坑區,新土庫,,1504,深坑區,土庫,賴仲坑,144-28
深坑區,新土庫,,1505,深坑區,土庫,賴仲坑,144-10
深坑區,新土庫,,1506,深坑區,土庫,賴仲坑,144-33
深坑區,新土庫,,1507,深坑區,土庫,賴仲坑,162
深坑區,新土庫,,1509,深坑區,土庫,賴仲坑,163-3
深坑區,新土庫,,151,深坑區,土庫,土庫,81-5
深坑區,新土庫,,1510,深坑區,土庫,賴仲坑,163-5
深坑區,新土庫,,1511,深坑區,土庫,賴仲坑,164
深坑區,新土庫,,1512,深坑區,土庫,賴仲坑,144-3
深坑區,新土庫,,1513,深坑區,土庫,賴仲坑,167-3
深坑區,新土庫,,1514,深坑區,土庫,賴仲坑,166-2
深坑區,新土庫,,1515,深坑區,土庫,賴仲坑,166-6
深坑區,新土庫,,1516,深坑區,土庫,賴仲坑,169-1
深坑區,新土庫,,1517,深坑區,土庫,賴仲坑,169-4
深坑區,新土庫,,1518,深坑區,土庫,賴仲坑,169-3
深坑區,新土庫,,1519,深坑區,土庫,賴仲坑,166-7
深坑區,新土庫,,152,深坑區,土庫,土庫,80-23
深坑區,新土庫,,1520,深坑區,土庫,賴仲坑,166-3
深坑區,新土庫,,1521,深坑區,土庫,賴仲坑,166-4
深坑區,新土庫,,1522,深坑區,土庫,賴仲坑,169-6
深坑區,新土庫,,1523,深坑區,土庫,賴仲坑,169
深坑區,新土庫,,1524,深坑區,土庫,賴仲坑,169-2
深坑區,新土庫,,1525,深坑區,土庫,賴仲坑,168-2
深坑區,新土庫,,1526,深坑區,土庫,賴仲坑,168-1
深坑區,新土庫,,1527,深坑區,土庫,賴仲坑,181
深坑區,新土庫,,1528,深坑區,土庫,賴仲坑,144-11
深坑區,新土庫,,1529,深坑區,土庫,賴仲坑,181-1
深坑區,新土庫,,153,深坑區,土庫,土庫,79-20
深坑區,新土庫,,1530,深坑區,土庫,賴仲坑,144-20
深坑區,新土庫,,1531,深坑區,土庫,賴仲坑,144-39
深坑區,新土庫,,1532,深坑區,土庫,賴仲坑,168-3
深坑區,新土庫,,1533,深坑區,土庫,賴仲坑,168-4
深坑區,新土庫,,1534,深坑區,土庫,賴仲坑,171-2
深坑區,新土庫,,1535,深坑區,土庫,賴仲坑,171-1
深坑區,新土庫,,1536,深坑區,土庫,賴仲坑,171
深坑區,新土庫,,1537,深坑區,土庫,賴仲坑,169-5
深坑區,新土庫,,1538,深坑區,土庫,賴仲坑,182
深坑區,新土庫,,154,深坑區,土庫,土庫,80-22
深坑區,新土庫,,1546,深坑區,土庫,賴仲坑,144-45
深坑區,新土庫,,155,深坑區,土庫,土庫,79-19
深坑區,新土庫,,156,深坑區,土庫,土庫,80-21
深坑區,新土庫,,157,深坑區,土庫,土庫,79-18
深坑區,新土庫,,158,深坑區,土庫,土庫,79-17
深坑區,新土庫,,159,深坑區,土庫,土庫,76-2
深坑區,新土庫,,16,深坑區,土庫,土庫,11
深坑區,新土庫,,160,深坑區,土庫,土庫,76-1
深坑區,新土庫,,161,深坑區,土庫,土庫,79-25
深坑區,新土庫,,162,深坑區,土庫,土庫,81-8
深坑區,新土庫,,163,深坑區,土庫,土庫,80-29
深坑區,新土庫,,164,深坑區,土庫,土庫,79-26
深坑區,新土庫,,165,深坑區,土庫,土庫,73
深坑區,新土庫,,166,深坑區,土庫,土庫,79-15
深坑區,新土庫,,167,深坑區,土庫,土庫,79-14
深坑區,新土庫,,168,深坑區,土庫,土庫,76-23
深坑區,新土庫,,169,深坑區,土庫,土庫,79-13
深坑區,新土庫,,17,深坑區,土庫,土庫,12-1
深坑區,新土庫,,170,深坑區,土庫,土庫,76-22
深坑區,新土庫,,171,深坑區,土庫,土庫,79-12
深坑區,新土庫,,172,深坑區,土庫,土庫,76-21
深坑區,新土庫,,173,深坑區,土庫,土庫,79-11
深坑區,新土庫,,174,深坑區,土庫,土庫,76-20
深坑區,新土庫,,175,深坑區,土庫,土庫,76-19
深坑區,新土庫,,176,深坑區,土庫,土庫,76-26
深坑區,新土庫,,177,深坑區,土庫,土庫,76-18
深坑區,新土庫,,178,深坑區,土庫,土庫,76-17
深坑區,新土庫,,179,深坑區,土庫,土庫,76-16
深坑區,新土庫,,18,深坑區,土庫,土庫,10
深坑區,新土庫,,180,深坑區,土庫,土庫,76-29
深坑區,新土庫,,181,深坑區,土庫,土庫,76-15
深坑區,新土庫,,182,深坑區,土庫,土庫,76-30
深坑區,新土庫,,183,深坑區,土庫,土庫,76-37
深坑區,新土庫,,184,深坑區,土庫,土庫,76-31
深坑區,新土庫,,185,深坑區,土庫,土庫,76-35
深坑區,新土庫,,186,深坑區,土庫,土庫,76-36
深坑區,新土庫,,187,深坑區,土庫,土庫,73-8
深坑區,新土庫,,188,深坑區,土庫,土庫,76-13
深坑區,新土庫,,189,深坑區,土庫,土庫,76-12
深坑區,新土庫,,19,深坑區,土庫,土庫,10-2
深坑區,新土庫,,190,深坑區,土庫,土庫,76-33
深坑區,新土庫,,191,深坑區,土庫,土庫,76-32
深坑區,新土庫,,192,深坑區,土庫,土庫,76-11
深坑區,新土庫,,193,深坑區,土庫,土庫,76-10
深坑區,新土庫,,194,深坑區,土庫,土庫,74-12
深坑區,新土庫,,195,深坑區,土庫,土庫,74-11
深坑區,新土庫,,196,深坑區,土庫,土庫,73-7
深坑區,新土庫,,197,深坑區,土庫,土庫,76-9
深坑區,新土庫,,198,深坑區,土庫,土庫,73-30
深坑區,新土庫,,199,深坑區,土庫,土庫,74-14
深坑區,新土庫,,2,深坑區,土庫,土庫,1-1
深坑區,新土庫,,20,深坑區,土庫,土庫,10-4
深坑區,新土庫,,200,深坑區,土庫,土庫,74-18
深坑區,新土庫,,201,深坑區,土庫,土庫,74-13
深坑區,新土庫,,202,深坑區,土庫,土庫,74-6
深坑區,新土庫,,203,深坑區,土庫,土庫,74-7
深坑區,新土庫,,204,深坑區,土庫,土庫,73-6
深坑區,新土庫,,205,深坑區,土庫,土庫,73-5
深坑區,新土庫,,206,深坑區,土庫,土庫,73-4
深坑區,新土庫,,207,深坑區,土庫,土庫,73-3
深坑區,新土庫,,208,深坑區,土庫,土庫,74-10
深坑區,新土庫,,209,深坑區,土庫,土庫,73-2
深坑區,新土庫,,21,深坑區,土庫,土庫,12
深坑區,新土庫,,210,深坑區,土庫,土庫,74-2
深坑區,新土庫,,211,深坑區,土庫,土庫,73-1
深坑區,新土庫,,212,深坑區,土庫,土庫,74-1
深坑區,新土庫,,213,深坑區,土庫,土庫,74-3
深坑區,新土庫,,214,深坑區,土庫,土庫,74-4
深坑區,新土庫,,215,深坑區,土庫,土庫,74-5
深坑區,新土庫,,216,深坑區,土庫,土庫,74
深坑區,新土庫,,217,深坑區,土庫,土庫,57-26
深坑區,新土庫,,218,深坑區,土庫,土庫,74-17
深坑區,新土庫,,219,深坑區,土庫,土庫,57-25
深坑區,新土庫,,22,深坑區,土庫,土庫,13-1
深坑區,新土庫,,220,深坑區,土庫,土庫,57-24
深坑區,新土庫,,221,深坑區,土庫,土庫,73-31
深坑區,新土庫,,222,深坑區,土庫,土庫,71
深坑區,新土庫,,223,深坑區,土庫,土庫,73-38
深坑區,新土庫,,224,深坑區,土庫,土庫,71-17
深坑區,新土庫,,225,深坑區,土庫,土庫,71-16
深坑區,新土庫,,226,深坑區,土庫,土庫,68-42
深坑區,新土庫,,227,深坑區,土庫,土庫,68-38
深坑區,新土庫,,228,深坑區,土庫,土庫,68-31
深坑區,新土庫,,229,深坑區,土庫,土庫,68-30
深坑區,新土庫,,230,深坑區,土庫,土庫,57-29
深坑區,新土庫,,231,深坑區,土庫,土庫,68-29
深坑區,新土庫,,232,深坑區,土庫,土庫,57-30
深坑區,新土庫,,233,深坑區,土庫,土庫,57-23
深坑區,新土庫,,234,深坑區,土庫,土庫,57-28
深坑區,新土庫,,235,深坑區,土庫,土庫,68-43
深坑區,新土庫,,236,深坑區,土庫,土庫,57-21
深坑區,新土庫,,237,深坑區,土庫,土庫,57-20
深坑區,新土庫,,238,深坑區,土庫,土庫,57-19
深坑區,新土庫,,239,深坑區,土庫,土庫,57-18
深坑區,新土庫,,240,深坑區,土庫,土庫,57-17
深坑區,新土庫,,241,深坑區,土庫,土庫,57-16
深坑區,新土庫,,242,深坑區,土庫,土庫,57-15
深坑區,新土庫,,243,深坑區,土庫,土庫,57
深坑區,新土庫,,244,深坑區,土庫,土庫,68-23
深坑區,新土庫,,245,深坑區,土庫,土庫,68-22
深坑區,新土庫,,246,深坑區,土庫,土庫,70-9
深坑區,新土庫,,247,深坑區,土庫,土庫,68-44
深坑區,新土庫,,248,深坑區,土庫,土庫,68-39
深坑區,新土庫,,249,深坑區,土庫,土庫,70-20
深坑區,新土庫,,250,深坑區,土庫,土庫,68-21
深坑區,新土庫,,251,深坑區,土庫,土庫,68-20
深坑區,新土庫,,252,深坑區,土庫,土庫,70-6
深坑區,新土庫,,253,深坑區,土庫,土庫,70-28
深坑區,新土庫,,254,深坑區,土庫,土庫,70-25
深坑區,新土庫,,255,深坑區,土庫,土庫,70-5
深坑區,新土庫,,256,深坑區,土庫,土庫,70-27
深坑區,新土庫,,257,深坑區,土庫,土庫,70-26
深坑區,新土庫,,258,深坑區,土庫,土庫,70-4
深坑區,新土庫,,259,深坑區,土庫,土庫,70-30
深坑區,新土庫,,260,深坑區,土庫,土庫,70
深坑區,新土庫,,261,深坑區,土庫,土庫,68
深坑區,新土庫,,262,深坑區,土庫,土庫,68-18
深坑區,新土庫,,263,深坑區,土庫,土庫,68-16
深坑區,新土庫,,264,深坑區,土庫,土庫,68-17
深坑區,新土庫,,265,深坑區,土庫,土庫,70-3
深坑區,新土庫,,266,深坑區,土庫,土庫,68-19
深坑區,新土庫,,267,深坑區,土庫,土庫,70-2
深坑區,新土庫,,268,深坑區,土庫,土庫,57-34
深坑區,新土庫,,269,深坑區,土庫,土庫,122-30
深坑區,新土庫,,27,深坑區,土庫,土庫,13
深坑區,新土庫,,270,深坑區,土庫,土庫,57-37
深坑區,新土庫,,271,深坑區,土庫,土庫,70-1
深坑區,新土庫,,272,深坑區,土庫,土庫,68-15
深坑區,新土庫,,273,深坑區,土庫,土庫,68-14
深坑區,新土庫,,274,深坑區,土庫,土庫,68-13
深坑區,新土庫,,275,深坑區,土庫,土庫,68-12
深坑區,新土庫,,276,深坑區,土庫,土庫,68-11
深坑區,新土庫,,277,深坑區,土庫,土庫,68-9
深坑區,新土庫,,278,深坑區,土庫,土庫,57-40
深坑區,新土庫,,279,深坑區,土庫,土庫,57-36
深坑區,新土庫,,28,深坑區,土庫,土庫,2-3
深坑區,新土庫,,280,深坑區,土庫,土庫,124-21
深坑區,新土庫,,281,深坑區,土庫,土庫,57-41
深坑區,新土庫,,282,深坑區,土庫,土庫,124-20
深坑區,新土庫,,283,深坑區,土庫,土庫,57-39
深坑區,新土庫,,284,深坑區,土庫,土庫,68-8
深坑區,新土庫,,285,深坑區,土庫,土庫,68-7
深坑區,新土庫,,286,深坑區,土庫,土庫,68-6
深坑區,新土庫,,287,深坑區,土庫,土庫,68-5
深坑區,新土庫,,288,深坑區,土庫,土庫,68-4
深坑區,新土庫,,289,深坑區,土庫,土庫,57-11
深坑區,新土庫,,29,深坑區,土庫,土庫,2-4
深坑區,新土庫,,290,深坑區,土庫,土庫,57-10
深坑區,新土庫,,291,深坑區,土庫,土庫,68-3
深坑區,新土庫,,292,深坑區,土庫,土庫,68-28
深坑區,新土庫,,293,深坑區,土庫,土庫,57-35
深坑區,新土庫,,294,深坑區,土庫,土庫,124
深坑區,新土庫,,295,深坑區,土庫,土庫,124-17
深坑區,新土庫,,296,深坑區,土庫,土庫,124-18
深坑區,新土庫,,297,深坑區,土庫,土庫,57-32
深坑區,新土庫,,298,深坑區,土庫,土庫,124-19
深坑區,新土庫,,299,深坑區,土庫,土庫,57-33
深坑區,新土庫,,3,深坑區,土庫,土庫,1-2
深坑區,新土庫,,30,深坑區,土庫,土庫,4
深坑區,新土庫,,300,深坑區,土庫,土庫,68-1
深坑區,新土庫,,301,深坑區,土庫,土庫,57-14
深坑區,新土庫,,302,深坑區,土庫,土庫,57-13
深坑區,新土庫,,303,深坑區,土庫,土庫,68-2
深坑區,新土庫,,304,深坑區,土庫,土庫,57-12
深坑區,新土庫,,305,深坑區,土庫,土庫,57-8
深坑區,新土庫,,306,深坑區,土庫,土庫,62-36
深坑區,新土庫,,307,深坑區,土庫,土庫,57-9
深坑區,新土庫,,308,深坑區,土庫,土庫,62-37
深坑區,新土庫,,309,深坑區,土庫,土庫,62-53
深坑區,新土庫,,310,深坑區,土庫,土庫,57-6
深坑區,新土庫,,311,深坑區,土庫,土庫,62-35
深坑區,新土庫,,312,深坑區,土庫,土庫,57-5
深坑區,新土庫,,313,深坑區,土庫,土庫,57-4
深坑區,新土庫,,314,深坑區,土庫,土庫,124-15
深坑區,新土庫,,315,深坑區,土庫,土庫,124-16
深坑區,新土庫,,316,深坑區,土庫,土庫,124-13
深坑區,新土庫,,317,深坑區,土庫,土庫,124-51
深坑區,新土庫,,318,深坑區,土庫,土庫,57-3
深坑區,新土庫,,319,深坑區,土庫,土庫,62
深坑區,新土庫,,32,深坑區,土庫,土庫,12-2
深坑區,新土庫,,320,深坑區,土庫,土庫,62-31
深坑區,新土庫,,321,深坑區,土庫,土庫,62-30
深坑區,新土庫,,322,深坑區,土庫,土庫,62-24
深坑區,新土庫,,323,深坑區,土庫,土庫,62-28
深坑區,新土庫,,324,深坑區,土庫,土庫,124-9
深坑區,新土庫,,325,深坑區,土庫,土庫,124-49
深坑區,新土庫,,326,深坑區,土庫,土庫,124-10
深坑區,新土庫,,327,深坑區,土庫,土庫,124-12
深坑區,新土庫,,328,深坑區,土庫,土庫,124-8
深坑區,新土庫,,329,深坑區,土庫,土庫,124-7
深坑區,新土庫,,33,深坑區,土庫,土庫,5
深坑區,新土庫,,330,深坑區,土庫,土庫,124-48
深坑區,新土庫,,331,深坑區,土庫,土庫,62-27
深坑區,新土庫,,332,深坑區,土庫,土庫,124-4
深坑區,新土庫,,333,深坑區,土庫,土庫,124-5
深坑區,新土庫,,334,深坑區,土庫,土庫,124-6
深坑區,新土庫,,335,深坑區,土庫,土庫,62-48
深坑區,新土庫,,336,深坑區,土庫,土庫,62-52
深坑區,新土庫,,337,深坑區,土庫,土庫,62-19
深坑區,新土庫,,338,深坑區,土庫,土庫,124-11
深坑區,新土庫,,339,深坑區,土庫,土庫,62-47
深坑區,新土庫,,34,深坑區,土庫,土庫,15-1
深坑區,新土庫,,340,深坑區,土庫,土庫,62-20
深坑區,新土庫,,341,深坑區,土庫,土庫,62-18
深坑區,新土庫,,342,深坑區,土庫,土庫,60-18
深坑區,新土庫,,343,深坑區,土庫,土庫,62-49
深坑區,新土庫,,344,深坑區,土庫,土庫,60-17
深坑區,新土庫,,345,深坑區,土庫,土庫,60-16
深坑區,新土庫,,346,深坑區,土庫,土庫,62-38
深坑區,新土庫,,347,深坑區,土庫,土庫,62-39
深坑區,新土庫,,348,深坑區,土庫,土庫,60-15
深坑區,新土庫,,349,深坑區,土庫,土庫,60-12
深坑區,新土庫,,35,深坑區,土庫,土庫,15
深坑區,新土庫,,350,深坑區,土庫,土庫,60-13
深坑區,新土庫,,351,深坑區,土庫,土庫,60-14
深坑區,新土庫,,352,深坑區,土庫,土庫,62-40
深坑區,新土庫,,353,深坑區,土庫,土庫,60-25
深坑區,新土庫,,354,深坑區,土庫,土庫,60-26
深坑區,新土庫,,355,深坑區,土庫,土庫,60-29
深坑區,新土庫,,356,深坑區,土庫,土庫,58-2
深坑區,新土庫,,357,深坑區,土庫,土庫,60-31
深坑區,新土庫,,358,深坑區,土庫,土庫,60-32
深坑區,新土庫,,359,深坑區,土庫,土庫,60-24
深坑區,新土庫,,36,深坑區,土庫,土庫,15-2
深坑區,新土庫,,360,深坑區,土庫,土庫,60-8
深坑區,新土庫,,361,深坑區,土庫,土庫,60-9
深坑區,新土庫,,362,深坑區,土庫,土庫,60-10
深坑區,新土庫,,363,深坑區,土庫,土庫,60-11
深坑區,新土庫,,364,深坑區,土庫,土庫,62-17
深坑區,新土庫,,365,深坑區,土庫,土庫,62-42
深坑區,新土庫,,366,深坑區,土庫,土庫,60-4
深坑區,新土庫,,367,深坑區,土庫,土庫,60-5
深坑區,新土庫,,368,深坑區,土庫,土庫,60-6
深坑區,新土庫,,369,深坑區,土庫,土庫,60-7
深坑區,新土庫,,371,深坑區,土庫,土庫,60
深坑區,新土庫,,372,深坑區,土庫,土庫,60-3
深坑區,新土庫,,373,深坑區,土庫,土庫,62-16
深坑區,新土庫,,374,深坑區,土庫,土庫,62-15
深坑區,新土庫,,375,深坑區,土庫,土庫,62-14
深坑區,新土庫,,376,深坑區,土庫,土庫,62-13
深坑區,新土庫,,377,深坑區,土庫,土庫,62-54
深坑區,新土庫,,378,深坑區,土庫,土庫,125-2
深坑區,新土庫,,379,深坑區,土庫,土庫,62-51
深坑區,新土庫,,380,深坑區,土庫,土庫,125-3
深坑區,新土庫,,381,深坑區,土庫,土庫,125-4
深坑區,新土庫,,382,深坑區,土庫,土庫,125
深坑區,新土庫,,383,深坑區,土庫,土庫,62-44
深坑區,新土庫,,384,深坑區,土庫,土庫,62-12
深坑區,新土庫,,385,深坑區,土庫,土庫,62-10
深坑區,新土庫,,386,深坑區,土庫,土庫,62-9
深坑區,新土庫,,387,深坑區,土庫,土庫,62-43
深坑區,新土庫,,388,深坑區,土庫,土庫,62-8
深坑區,新土庫,,389,深坑區,土庫,土庫,62-7
深坑區,新土庫,,39,深坑區,土庫,土庫,16
深坑區,新土庫,,390,深坑區,土庫,土庫,60-19
深坑區,新土庫,,391,深坑區,土庫,土庫,60-21
深坑區,新土庫,,392,深坑區,土庫,土庫,60-2
深坑區,新土庫,,393,深坑區,土庫,土庫,60-1
深坑區,新土庫,,394,深坑區,土庫,土庫,60-20
深坑區,新土庫,,395,深坑區,土庫,土庫,62-6
深坑區,新土庫,,396,深坑區,土庫,土庫,62-46
深坑區,新土庫,,397,深坑區,土庫,土庫,62-1
深坑區,新土庫,,398,深坑區,土庫,土庫,62-4
深坑區,新土庫,,399,深坑區,土庫,土庫,62-3
深坑區,新土庫,,4,深坑區,土庫,土庫,2
深坑區,新土庫,,40,深坑區,土庫,土庫,17
深坑區,新土庫,,400,深坑區,土庫,土庫,62-2
深坑區,新土庫,,401,深坑區,土庫,土庫,62-5
深坑區,新土庫,,402,深坑區,土庫,土庫,124-3
深坑區,新土庫,,403,深坑區,土庫,土庫,124-2
深坑區,新土庫,,404,深坑區,土庫,土庫,124-1
深坑區,新土庫,,405,深坑區,土庫,土庫,124-23
深坑區,新土庫,,406,深坑區,土庫,土庫,124-24
深坑區,新土庫,,407,深坑區,土庫,土庫,122-2
深坑區,新土庫,,408,深坑區,土庫,土庫,124-25
深坑區,新土庫,,409,深坑區,土庫,土庫,122-1
深坑區,新土庫,,41,深坑區,土庫,土庫,17-2
深坑區,新土庫,,410,深坑區,土庫,土庫,124-26
深坑區,新土庫,,411,深坑區,土庫,土庫,122-3
深坑區,新土庫,,412,深坑區,土庫,土庫,122-4
深坑區,新土庫,,413,深坑區,土庫,土庫,122-5
深坑區,新土庫,,414,深坑區,土庫,土庫,122-6
深坑區,新土庫,,415,深坑區,土庫,土庫,122-7
深坑區,新土庫,,416,深坑區,土庫,土庫,122-8
深坑區,新土庫,,417,深坑區,土庫,土庫,122-9
深坑區,新土庫,,418,深坑區,土庫,土庫,122-10
深坑區,新土庫,,419,深坑區,土庫,土庫,126-2
深坑區,新土庫,,42,深坑區,土庫,土庫,18-1
深坑區,新土庫,,420,深坑區,土庫,土庫,122-11
深坑區,新土庫,,421,深坑區,土庫,土庫,122-12
深坑區,新土庫,,422,深坑區,土庫,土庫,122-13
深坑區,新土庫,,423,深坑區,土庫,土庫,122
深坑區,新土庫,,424,深坑區,土庫,土庫,126-1
深坑區,新土庫,,425,深坑區,土庫,土庫,122-14
深坑區,新土庫,,426,深坑區,土庫,土庫,127
深坑區,新土庫,,427,深坑區,土庫,土庫,127-7
深坑區,新土庫,,428,深坑區,土庫,土庫,127-3
深坑區,新土庫,,429,深坑區,土庫,土庫,122-15
深坑區,新土庫,,430,深坑區,土庫,土庫,127-5
深坑區,新土庫,,431,深坑區,土庫,土庫,122-16
深坑區,新土庫,,432,深坑區,土庫,土庫,122-17
深坑區,新土庫,,433,深坑區,土庫,土庫,126-3
深坑區,新土庫,,434,深坑區,土庫,土庫,126-4
深坑區,新土庫,,435,深坑區,土庫,土庫,122-20
深坑區,新土庫,,436,深坑區,土庫,土庫,122-21
深坑區,新土庫,,437,深坑區,土庫,土庫,122-22
深坑區,新土庫,,438,深坑區,土庫,土庫,122-23
深坑區,新土庫,,439,深坑區,土庫,土庫,122-24
深坑區,新土庫,,440,深坑區,土庫,土庫,122-25
深坑區,新土庫,,441,深坑區,土庫,土庫,126-5
深坑區,新土庫,,442,深坑區,土庫,土庫,126-6
深坑區,新土庫,,443,深坑區,土庫,土庫,122-18
深坑區,新土庫,,444,深坑區,土庫,土庫,120-8
深坑區,新土庫,,445,深坑區,土庫,土庫,127-11
深坑區,新土庫,,446,深坑區,土庫,土庫,122-19
深坑區,新土庫,,447,深坑區,土庫,土庫,127-6
深坑區,新土庫,,448,深坑區,土庫,土庫,127-9
深坑區,新土庫,,449,深坑區,土庫,土庫,127-10
深坑區,新土庫,,45,深坑區,土庫,土庫,21
深坑區,新土庫,,450,深坑區,土庫,土庫,120-7
深坑區,新土庫,,451,深坑區,土庫,土庫,127-4
深坑區,新土庫,,452,深坑區,土庫,土庫,127-8
深坑區,新土庫,,453,深坑區,土庫,土庫,127-2
深坑區,新土庫,,454,深坑區,土庫,土庫,120-6
深坑區,新土庫,,455,深坑區,土庫,土庫,127-1
深坑區,新土庫,,456,深坑區,土庫,土庫,120-4
深坑區,新土庫,,457,深坑區,土庫,土庫,120-2
深坑區,新土庫,,458,深坑區,土庫,土庫,120-5
深坑區,新土庫,,459,深坑區,土庫,土庫,126-7
深坑區,新土庫,,46,深坑區,土庫,土庫,18-2
深坑區,新土庫,,460,深坑區,土庫,土庫,122-31
深坑區,新土庫,,461,深坑區,土庫,土庫,57-31
深坑區,新土庫,,462,深坑區,土庫,土庫,122-32
深坑區,新土庫,,463,深坑區,土庫,土庫,120
深坑區,新土庫,,464,深坑區,土庫,土庫,128
深坑區,新土庫,,465,深坑區,土庫,土庫,120-1
深坑區,新土庫,,466,深坑區,土庫,土庫,128-1
深坑區,新土庫,,467,深坑區,土庫,土庫,128-6
深坑區,新土庫,,468,深坑區,土庫,土庫,128-7
深坑區,新土庫,,469,深坑區,土庫,土庫,128-2
深坑區,新土庫,,47,深坑區,土庫,土庫,18
深坑區,新土庫,,470,深坑區,土庫,土庫,128-9
深坑區,新土庫,,471,深坑區,土庫,土庫,128-8
深坑區,新土庫,,472,深坑區,土庫,土庫,128-10
深坑區,新土庫,,473,深坑區,土庫,土庫,128-11
深坑區,新土庫,,474,深坑區,土庫,土庫,128-17
深坑區,新土庫,,475,深坑區,土庫,土庫,128-12
深坑區,新土庫,,476,深坑區,土庫,土庫,128-15
深坑區,新土庫,,477,深坑區,土庫,土庫,132-3
深坑區,新土庫,,478,深坑區,土庫,土庫,132-6
深坑區,新土庫,,479,深坑區,土庫,土庫,128-14
深坑區,新土庫,,48,深坑區,土庫,土庫,17-1
深坑區,新土庫,,480,深坑區,土庫,土庫,132-2
深坑區,新土庫,,481,深坑區,土庫,土庫,132-5
深坑區,新土庫,,482,深坑區,土庫,土庫,128-13
深坑區,新土庫,,483,深坑區,土庫,土庫,132-1
深坑區,新土庫,,484,深坑區,土庫,土庫,132-4
深坑區,新土庫,,485,深坑區,土庫,土庫,132
深坑區,新土庫,,486,深坑區,土庫,土庫,133
深坑區,新土庫,,487,深坑區,土庫,土庫,117
深坑區,新土庫,,488,深坑區,土庫,土庫,116
深坑區,新土庫,,489,深坑區,土庫,土庫,114
深坑區,新土庫,,49,深坑區,土庫,土庫,51
深坑區,新土庫,,490,深坑區,土庫,土庫,80-28
深坑區,新土庫,,491,深坑區,土庫,土庫,80-34
深坑區,新土庫,,492,深坑區,土庫,土庫,80-35
深坑區,新土庫,,493,深坑區,土庫,土庫,86-2
深坑區,新土庫,,494,深坑區,土庫,土庫,87
深坑區,新土庫,,495,深坑區,土庫,土庫,88
深坑區,新土庫,,496,深坑區,土庫,土庫,89-1
深坑區,新土庫,,497,深坑區,土庫,土庫,89
深坑區,新土庫,,498,深坑區,土庫,土庫,89-3
深坑區,新土庫,,499,深坑區,土庫,土庫,89-2
深坑區,新土庫,,5,深坑區,土庫,土庫,2-1
深坑區,新土庫,,500,深坑區,土庫,土庫,244
深坑區,新土庫,,501,深坑區,土庫,土庫,234
深坑區,新土庫,,502,深坑區,土庫,土庫,55-6
深坑區,新土庫,,503,深坑區,土庫,土庫,98-1
深坑區,新土庫,,504,深坑區,土庫,土庫,98
深坑區,新土庫,,506,深坑區,土庫,土庫,97-4
深坑區,新土庫,,507,深坑區,土庫,土庫,97-2
深坑區,新土庫,,508,深坑區,土庫,土庫,97-1
深坑區,新土庫,,509,深坑區,土庫,土庫,97-3
深坑區,新土庫,,510,深坑區,土庫,土庫,97-5
深坑區,新土庫,,511,深坑區,土庫,土庫,96-1
深坑區,新土庫,,512,深坑區,土庫,土庫,95-1
深坑區,新土庫,,513,深坑區,土庫,土庫,95
深坑區,新土庫,,514,深坑區,土庫,土庫,96
深坑區,新土庫,,515,深坑區,土庫,土庫,94-1
深坑區,新土庫,,516,深坑區,土庫,土庫,94
深坑區,新土庫,,517,深坑區,土庫,土庫,90-1
深坑區,新土庫,,518,深坑區,土庫,土庫,90
深坑區,新土庫,,519,深坑區,土庫,土庫,91
深坑區,新土庫,,52,深坑區,土庫,土庫,50
深坑區,新土庫,,520,深坑區,土庫,土庫,111-10
深坑區,新土庫,,521,深坑區,土庫,土庫,111-3
深坑區,新土庫,,522,深坑區,土庫,土庫,111-9
深坑區,新土庫,,523,深坑區,土庫,土庫,111
深坑區,新土庫,,524,深坑區,土庫,土庫,112
深坑區,新土庫,,525,深坑區,土庫,土庫,111-5
深坑區,新土庫,,526,深坑區,土庫,土庫,111-6
深坑區,新土庫,,527,深坑區,土庫,土庫,111-8
深坑區,新土庫,,528,深坑區,土庫,土庫,111-4
深坑區,新土庫,,529,深坑區,土庫,土庫,111-7
深坑區,新土庫,,53,深坑區,土庫,土庫,50-1
深坑區,新土庫,,530,深坑區,土庫,土庫,111-1
深坑區,新土庫,,531,深坑區,土庫,土庫,111-2
深坑區,新土庫,,532,深坑區,土庫,土庫,109-1
深坑區,新土庫,,533,深坑區,土庫,土庫,107
深坑區,新土庫,,534,深坑區,土庫,土庫,107-1
深坑區,新土庫,,535,深坑區,土庫,土庫,102
深坑區,新土庫,,536,深坑區,土庫,土庫,104-1
深坑區,新土庫,,537,深坑區,土庫,土庫,104
深坑區,新土庫,,538,深坑區,土庫,土庫,106
深坑區,新土庫,,539,深坑區,土庫,土庫,104-2
深坑區,新土庫,,54,深坑區,土庫,土庫,51-1
深坑區,新土庫,,540,深坑區,土庫,土庫,103-1
深坑區,新土庫,,541,深坑區,土庫,土庫,103
深坑區,新土庫,,542,深坑區,土庫,土庫,100-2
深坑區,新土庫,,543,深坑區,土庫,土庫,100
深坑區,新土庫,,544,深坑區,土庫,土庫,100-1
深坑區,新土庫,,545,深坑區,土庫,土庫,101
深坑區,新土庫,,546,深坑區,土庫,土庫,99
深坑區,新土庫,,547,深坑區,土庫,土庫,100-3
深坑區,新土庫,,548,深坑區,土庫,土庫,99-1
深坑區,新土庫,,55,深坑區,土庫,土庫,18-3
深坑區,新土庫,,552,深坑區,土庫,土庫,153
深坑區,新土庫,,553,深坑區,土庫,土庫,152
深坑區,新土庫,,554,深坑區,土庫,土庫,151
深坑區,新土庫,,555,深坑區,土庫,土庫,150-1
深坑區,新土庫,,556,深坑區,土庫,土庫,150-2
深坑區,新土庫,,557,深坑區,土庫,土庫,150
深坑區,新土庫,,558,深坑區,土庫,土庫,155-17
深坑區,新土庫,,559,深坑區,土庫,土庫,155-18
深坑區,新土庫,,560,深坑區,土庫,土庫,155-19
深坑區,新土庫,,561,深坑區,土庫,土庫,155-20
深坑區,新土庫,,562,深坑區,土庫,土庫,155-16
深坑區,新土庫,,563,深坑區,土庫,土庫,155-2
深坑區,新土庫,,564,深坑區,土庫,土庫,147-4
深坑區,新土庫,,565,深坑區,土庫,土庫,147-14
深坑區,新土庫,,566,深坑區,土庫,土庫,147-15
深坑區,新土庫,,567,深坑區,土庫,土庫,147-16
深坑區,新土庫,,568,深坑區,土庫,土庫,147-17
深坑區,新土庫,,569,深坑區,土庫,土庫,147-18
深坑區,新土庫,,57,深坑區,土庫,土庫,21-1
深坑區,新土庫,,570,深坑區,土庫,土庫,147-23
深坑區,新土庫,,571,深坑區,土庫,土庫,147-24
深坑區,新土庫,,572,深坑區,土庫,土庫,147-25
深坑區,新土庫,,573,深坑區,土庫,土庫,155-8
深坑區,新土庫,,574,深坑區,土庫,土庫,155-9
深坑區,新土庫,,575,深坑區,土庫,土庫,155-10
深坑區,新土庫,,576,深坑區,土庫,土庫,155-11
深坑區,新土庫,,577,深坑區,土庫,土庫,155-12
深坑區,新土庫,,578,深坑區,土庫,土庫,155-13
深坑區,新土庫,,579,深坑區,土庫,土庫,155-14
深坑區,新土庫,,58,深坑區,土庫,土庫,23-4
深坑區,新土庫,,580,深坑區,土庫,土庫,155-15
深坑區,新土庫,,581,深坑區,土庫,土庫,155-4
深坑區,新土庫,,582,深坑區,土庫,土庫,155
深坑區,新土庫,,583,深坑區,土庫,土庫,147-26
深坑區,新土庫,,584,深坑區,土庫,土庫,147-13
深坑區,新土庫,,585,深坑區,土庫,土庫,147-12
深坑區,新土庫,,586,深坑區,土庫,土庫,147-11
深坑區,新土庫,,587,深坑區,土庫,土庫,147-10
深坑區,新土庫,,588,深坑區,土庫,土庫,147-19
深坑區,新土庫,,589,深坑區,土庫,土庫,147-20
深坑區,新土庫,,59,深坑區,土庫,土庫,21-2
深坑區,新土庫,,590,深坑區,土庫,土庫,147-21
深坑區,新土庫,,591,深坑區,土庫,土庫,147-22
深坑區,新土庫,,592,深坑區,土庫,土庫,155-5
深坑區,新土庫,,593,深坑區,土庫,土庫,155-6
深坑區,新土庫,,594,深坑區,土庫,土庫,155-7
深坑區,新土庫,,595,深坑區,土庫,土庫,155-3
深坑區,新土庫,,596,深坑區,土庫,土庫,148-1
深坑區,新土庫,,597,深坑區,土庫,土庫,147-9
深坑區,新土庫,,598,深坑區,土庫,土庫,147-8
深坑區,新土庫,,599,深坑區,土庫,土庫,147-7
深坑區,新土庫,,6,深坑區,土庫,土庫,2-2
深坑區,新土庫,,60,深坑區,土庫,土庫,23
深坑區,新土庫,,600,深坑區,土庫,土庫,147-6
深坑區,新土庫,,601,深坑區,土庫,土庫,147-5
深坑區,新土庫,,602,深坑區,土庫,土庫,147-3
深坑區,新土庫,,603,深坑區,土庫,土庫,146-8
深坑區,新土庫,,604,深坑區,土庫,土庫,146-9
深坑區,新土庫,,605,深坑區,土庫,土庫,147-2
深坑區,新土庫,,606,深坑區,土庫,土庫,147-1
深坑區,新土庫,,607,深坑區,土庫,土庫,146-10
深坑區,新土庫,,608,深坑區,土庫,土庫,146-11
深坑區,新土庫,,609,深坑區,土庫,土庫,147
深坑區,新土庫,,61,深坑區,土庫,土庫,26-2
深坑區,新土庫,,610,深坑區,土庫,土庫,146-7
深坑區,新土庫,,612,深坑區,土庫,土庫,145
深坑區,新土庫,,613,深坑區,土庫,土庫,146-6
深坑區,新土庫,,614,深坑區,土庫,土庫,146-5
深坑區,新土庫,,615,深坑區,土庫,土庫,146-4
深坑區,新土庫,,616,深坑區,土庫,土庫,146-3
深坑區,新土庫,,617,深坑區,土庫,土庫,146-2
深坑區,新土庫,,618,深坑區,土庫,土庫,146
深坑區,新土庫,,619,深坑區,土庫,土庫,241-1
深坑區,新土庫,,620,深坑區,土庫,土庫,148
深坑區,新土庫,,621,深坑區,土庫,土庫,149
深坑區,新土庫,,622,深坑區,土庫,土庫,156-2
深坑區,新土庫,,623,深坑區,土庫,土庫,156-13
深坑區,新土庫,,624,深坑區,土庫,土庫,243
深坑區,新土庫,,625,深坑區,土庫,土庫,156-9
深坑區,新土庫,,626,深坑區,土庫,土庫,156-1
深坑區,新土庫,,627,深坑區,土庫,土庫,156-14
深坑區,新土庫,,628,深坑區,土庫,土庫,156-10
深坑區,新土庫,,629,深坑區,土庫,土庫,156-12
深坑區,新土庫,,63,深坑區,土庫,土庫,25-1
深坑區,新土庫,,630,深坑區,土庫,土庫,156-11
深坑區,新土庫,,631,深坑區,土庫,土庫,156-8
深坑區,新土庫,,632,深坑區,土庫,土庫,156
深坑區,新土庫,,633,深坑區,土庫,土庫,156-7
深坑區,新土庫,,634,深坑區,土庫,土庫,156-6
深坑區,新土庫,,635,深坑區,土庫,土庫,156-5
深坑區,新土庫,,636,深坑區,土庫,土庫,156-4
深坑區,新土庫,,637,深坑區,土庫,土庫,156-3
深坑區,新土庫,,638,深坑區,土庫,土庫,155-1
深坑區,新土庫,,639,深坑區,土庫,土庫,242
深坑區,新土庫,,64,深坑區,土庫,土庫,23-3
深坑區,新土庫,,640,深坑區,土庫,土庫,241
深坑區,新土庫,,641,深坑區,土庫,土庫,169
深坑區,新土庫,,642,深坑區,土庫,土庫,145-1
深坑區,新土庫,,643,深坑區,土庫,土庫,146-1
深坑區,新土庫,,644,深坑區,土庫,土庫,240
深坑區,新土庫,,645,深坑區,土庫,土庫,240-1
深坑區,新土庫,,647,深坑區,土庫,土庫,169-5
深坑區,新土庫,,648,深坑區,土庫,土庫,169-4
深坑區,新土庫,,649,深坑區,土庫,土庫,169-1
深坑區,新土庫,,650,深坑區,土庫,土庫,169-3
深坑區,新土庫,,651,深坑區,土庫,土庫,169-2
深坑區,新土庫,,652,深坑區,土庫,土庫,169-6
深坑區,新土庫,,653,深坑區,土庫,土庫,169-8
深坑區,新土庫,,654,深坑區,土庫,土庫,169-7
深坑區,新土庫,,655,深坑區,土庫,土庫,167-1
深坑區,新土庫,,656,深坑區,土庫,土庫,168-1
深坑區,新土庫,,657,深坑區,土庫,土庫,168
深坑區,新土庫,,658,深坑區,土庫,土庫,167
深坑區,新土庫,,659,深坑區,土庫,土庫,239-1
深坑區,新土庫,,66,深坑區,土庫,土庫,23-2
深坑區,新土庫,,660,深坑區,土庫,土庫,165-2
深坑區,新土庫,,661,深坑區,土庫,土庫,165
深坑區,新土庫,,662,深坑區,土庫,土庫,165-1
深坑區,新土庫,,663,深坑區,土庫,土庫,166-1
深坑區,新土庫,,664,深坑區,土庫,土庫,166
深坑區,新土庫,,665,深坑區,土庫,土庫,163-1
深坑區,新土庫,,666,深坑區,土庫,土庫,163
深坑區,新土庫,,667,深坑區,土庫,土庫,164
深坑區,新土庫,,668,深坑區,土庫,土庫,162-1
深坑區,新土庫,,669,深坑區,土庫,土庫,162
深坑區,新土庫,,67,深坑區,土庫,土庫,23-1
深坑區,新土庫,,670,深坑區,土庫,土庫,158
深坑區,新土庫,,671,深坑區,土庫,土庫,239
深坑區,新土庫,,672,深坑區,土庫,土庫,241-2
深坑區,新土庫,,674,深坑區,土庫,土庫,218-2
深坑區,新土庫,,675,深坑區,土庫,土庫,218-1
深坑區,新土庫,,676,深坑區,土庫,土庫,159
深坑區,新土庫,,677,深坑區,土庫,土庫,157
深坑區,新土庫,,679,深坑區,土庫,土庫,238
深坑區,新土庫,,68,深坑區,土庫,土庫,26
深坑區,新土庫,,680,深坑區,土庫,土庫,219-3
深坑區,新土庫,,681,深坑區,土庫,土庫,219-2
深坑區,新土庫,,682,深坑區,土庫,土庫,219
深坑區,新土庫,,683,深坑區,土庫,土庫,220-1
深坑區,新土庫,,684,深坑區,土庫,土庫,220
深坑區,新土庫,,685,深坑區,土庫,土庫,221-1
深坑區,新土庫,,686,深坑區,土庫,土庫,221-15
深坑區,新土庫,,687,深坑區,土庫,土庫,221-2
深坑區,新土庫,,688,深坑區,土庫,土庫,221-14
深坑區,新土庫,,689,深坑區,土庫,土庫,221-3
深坑區,新土庫,,69,深坑區,土庫,土庫,35-1
深坑區,新土庫,,690,深坑區,土庫,土庫,221-13
深坑區,新土庫,,691,深坑區,土庫,土庫,221-4
深坑區,新土庫,,692,深坑區,土庫,土庫,221-12
深坑區,新土庫,,693,深坑區,土庫,土庫,221-5
深坑區,新土庫,,694,深坑區,土庫,土庫,221-11
深坑區,新土庫,,695,深坑區,土庫,土庫,221-6
深坑區,新土庫,,696,深坑區,土庫,土庫,221-10
深坑區,新土庫,,697,深坑區,土庫,土庫,221-7
深坑區,新土庫,,698,深坑區,土庫,土庫,221-9
深坑區,新土庫,,699,深坑區,土庫,土庫,221-8
深坑區,新土庫,,7,深坑區,土庫,土庫,10-1
深坑區,新土庫,,70,深坑區,土庫,土庫,38-1
深坑區,新土庫,,700,深坑區,土庫,土庫,226
深坑區,新土庫,,701,深坑區,土庫,土庫,227
深坑區,新土庫,,702,深坑區,土庫,賴仲坑,144-44
深坑區,新土庫,,704,深坑區,土庫,土庫,113
深坑區,新土庫,,705,深坑區,土庫,土庫,113-1
深坑區,新土庫,,706,深坑區,土庫,土庫,113-2
深坑區,新土庫,,707,深坑區,土庫,土庫,113-3
深坑區,新土庫,,708,深坑區,土庫,土庫,113-4
深坑區,新土庫,,709,深坑區,土庫,土庫,113-5
深坑區,新土庫,,71,深坑區,土庫,土庫,35
深坑區,新土庫,,710,深坑區,土庫,土庫,113-6
深坑區,新土庫,,711,深坑區,土庫,土庫,113-7
深坑區,新土庫,,712,深坑區,土庫,土庫,113-8
深坑區,新土庫,,713,深坑區,土庫,土庫,113-9
深坑區,新土庫,,714,深坑區,土庫,土庫,113-10
深坑區,新土庫,,715,深坑區,土庫,土庫,113-11
深坑區,新土庫,,716,深坑區,土庫,土庫,113-12
深坑區,新土庫,,717,深坑區,土庫,土庫,113-13
深坑區,新土庫,,719,深坑區,土庫,土庫,143
深坑區,新土庫,,72,深坑區,土庫,土庫,31-5
深坑區,新土庫,,720,深坑區,土庫,土庫,144
深坑區,新土庫,,721,深坑區,土庫,土庫,142
深坑區,新土庫,,722,深坑區,土庫,土庫,139-2
深坑區,新土庫,,723,深坑區,土庫,土庫,139-3
深坑區,新土庫,,724,深坑區,土庫,土庫,140
深坑區,新土庫,,725,深坑區,土庫,土庫,139
深坑區,新土庫,,726,深坑區,土庫,土庫,139-1
深坑區,新土庫,,728,深坑區,土庫,土庫,137
深坑區,新土庫,,729,深坑區,土庫,土庫,135-1
深坑區,新土庫,,73,深坑區,土庫,土庫,31
深坑區,新土庫,,730,深坑區,土庫,土庫,133-1
深坑區,新土庫,,731,深坑區,土庫,土庫,131
深坑區,新土庫,,732,深坑區,土庫,土庫,134
深坑區,新土庫,,733,深坑區,土庫,土庫,135-2
深坑區,新土庫,,734,深坑區,土庫,土庫,130
深坑區,新土庫,,735,深坑區,土庫,土庫,129
深坑區,新土庫,,736,深坑區,土庫,土庫,136-2
深坑區,新土庫,,737,深坑區,土庫,土庫,136-4
深坑區,新土庫,,738,深坑區,土庫,土庫,223-4
深坑區,新土庫,,739,深坑區,土庫,土庫,136-3
深坑區,新土庫,,74,深坑區,土庫,土庫,29
深坑區,新土庫,,740,深坑區,土庫,土庫,136
深坑區,新土庫,,741,深坑區,土庫,土庫,136-1
深坑區,新土庫,,742,深坑區,土庫,土庫,223-6
深坑區,新土庫,,743,深坑區,土庫,土庫,136-5
深坑區,新土庫,,744,深坑區,土庫,土庫,136-6
深坑區,新土庫,,745,深坑區,土庫,土庫,177-1
深坑區,新土庫,,746,深坑區,土庫,土庫,223-9
深坑區,新土庫,,747,深坑區,土庫,土庫,177
深坑區,新土庫,,748,深坑區,土庫,土庫,181
深坑區,新土庫,,749,深坑區,土庫,土庫,181-1
深坑區,新土庫,,75,深坑區,土庫,土庫,26-1
深坑區,新土庫,,750,深坑區,土庫,土庫,223-2
深坑區,新土庫,,751,深坑區,土庫,土庫,223-5
深坑區,新土庫,,752,深坑區,土庫,土庫,223-1
深坑區,新土庫,,753,深坑區,土庫,土庫,223
深坑區,新土庫,,754,深坑區,土庫,土庫,201-1
深坑區,新土庫,,755,深坑區,土庫,土庫,180-1
深坑區,新土庫,,756,深坑區,土庫,土庫,180-2
深坑區,新土庫,,757,深坑區,土庫,土庫,223-7
深坑區,新土庫,,758,深坑區,土庫,土庫,178
深坑區,新土庫,,759,深坑區,土庫,土庫,178-1
深坑區,新土庫,,760,深坑區,土庫,土庫,178-2
深坑區,新土庫,,761,深坑區,土庫,土庫,178-3
深坑區,新土庫,,762,深坑區,土庫,土庫,224
深坑區,新土庫,,763,深坑區,土庫,土庫,178-4
深坑區,新土庫,,764,深坑區,土庫,土庫,178-5
深坑區,新土庫,,765,深坑區,土庫,土庫,175-1
深坑區,新土庫,,766,深坑區,土庫,土庫,176
深坑區,新土庫,,767,深坑區,土庫,土庫,176-1
深坑區,新土庫,,768,深坑區,土庫,土庫,175-17
深坑區,新土庫,,769,深坑區,土庫,土庫,175-16
深坑區,新土庫,,77,深坑區,土庫,土庫,29-2
深坑區,新土庫,,770,深坑區,土庫,土庫,175-10
深坑區,新土庫,,771,深坑區,土庫,土庫,175-2
深坑區,新土庫,,772,深坑區,土庫,土庫,178-7
深坑區,新土庫,,773,深坑區,土庫,土庫,178-6
深坑區,新土庫,,774,深坑區,土庫,土庫,175
深坑區,新土庫,,775,深坑區,土庫,土庫,178-8
深坑區,新土庫,,776,深坑區,土庫,土庫,175-3
深坑區,新土庫,,777,深坑區,土庫,土庫,178-9
深坑區,新土庫,,778,深坑區,土庫,土庫,175-4
深坑區,新土庫,,779,深坑區,土庫,土庫,175-5
深坑區,新土庫,,78,深坑區,土庫,土庫,29-1
深坑區,新土庫,,780,深坑區,土庫,土庫,175-6
深坑區,新土庫,,781,深坑區,土庫,土庫,175-7
深坑區,新土庫,,782,深坑區,土庫,土庫,179-9
深坑區,新土庫,,783,深坑區,土庫,土庫,175-15
深坑區,新土庫,,784,深坑區,土庫,土庫,175-14
深坑區,新土庫,,785,深坑區,土庫,土庫,175-13
深坑區,新土庫,,786,深坑區,土庫,土庫,175-12
深坑區,新土庫,,787,深坑區,土庫,土庫,175-11
深坑區,新土庫,,788,深坑區,土庫,土庫,175-8
深坑區,新土庫,,789,深坑區,土庫,土庫,179-8
深坑區,新土庫,,790,深坑區,土庫,土庫,179-24
深坑區,新土庫,,791,深坑區,土庫,土庫,179-15
深坑區,新土庫,,792,深坑區,土庫,土庫,179-22
深坑區,新土庫,,793,深坑區,土庫,土庫,179-23
深坑區,新土庫,,794,深坑區,土庫,土庫,179-17
深坑區,新土庫,,795,深坑區,土庫,土庫,179-18
深坑區,新土庫,,796,深坑區,土庫,土庫,179-21
深坑區,新土庫,,797,深坑區,土庫,土庫,179-20
深坑區,新土庫,,798,深坑區,土庫,土庫,179-13
深坑區,新土庫,,799,深坑區,土庫,土庫,179-14
深坑區,新土庫,,8,深坑區,土庫,土庫,10-3
深坑區,新土庫,,80,深坑區,土庫,土庫,31-1
深坑區,新土庫,,800,深坑區,土庫,土庫,179-1
深坑區,新土庫,,801,深坑區,土庫,土庫,223-8
深坑區,新土庫,,802,深坑區,土庫,土庫,179
深坑區,新土庫,,803,深坑區,土庫,土庫,180-4
深坑區,新土庫,,804,深坑區,土庫,土庫,180-3
深坑區,新土庫,,805,深坑區,土庫,土庫,202-2
深坑區,新土庫,,806,深坑區,土庫,土庫,180
深坑區,新土庫,,807,深坑區,土庫,土庫,202-1
深坑區,新土庫,,808,深坑區,土庫,土庫,202-3
深坑區,新土庫,,809,深坑區,土庫,土庫,180-5
深坑區,新土庫,,81,深坑區,土庫,土庫,31-3
深坑區,新土庫,,810,深坑區,土庫,土庫,180-8
深坑區,新土庫,,811,深坑區,土庫,土庫,179-10
深坑區,新土庫,,812,深坑區,土庫,土庫,179-2
深坑區,新土庫,,813,深坑區,土庫,土庫,179-11
深坑區,新土庫,,814,深坑區,土庫,土庫,179-12
深坑區,新土庫,,815,深坑區,土庫,土庫,179-5
深坑區,新土庫,,816,深坑區,土庫,土庫,202-4
深坑區,新土庫,,817,深坑區,土庫,土庫,180-6
深坑區,新土庫,,818,深坑區,土庫,土庫,180-7
深坑區,新土庫,,819,深坑區,土庫,土庫,202-5
深坑區,新土庫,,82,深坑區,土庫,土庫,31-6
深坑區,新土庫,,820,深坑區,土庫,土庫,202-8
深坑區,新土庫,,821,深坑區,土庫,土庫,179-3
深坑區,新土庫,,822,深坑區,土庫,土庫,202
深坑區,新土庫,,823,深坑區,土庫,土庫,202-6
深坑區,新土庫,,824,深坑區,土庫,土庫,202-7
深坑區,新土庫,,825,深坑區,土庫,土庫,202-10
深坑區,新土庫,,826,深坑區,土庫,土庫,202-9
深坑區,新土庫,,827,深坑區,土庫,土庫,204-2
深坑區,新土庫,,828,深坑區,土庫,土庫,179-4
深坑區,新土庫,,829,深坑區,土庫,土庫,204-4
深坑區,新土庫,,83,深坑區,土庫,土庫,33-2
深坑區,新土庫,,830,深坑區,土庫,土庫,202-11
深坑區,新土庫,,831,深坑區,土庫,土庫,179-6
深坑區,新土庫,,832,深坑區,土庫,土庫,204-5
深坑區,新土庫,,833,深坑區,土庫,土庫,202-12
深坑區,新土庫,,834,深坑區,土庫,土庫,202-13
深坑區,新土庫,,835,深坑區,土庫,土庫,202-14
深坑區,新土庫,,836,深坑區,土庫,土庫,204-7
深坑區,新土庫,,837,深坑區,土庫,土庫,204-8
深坑區,新土庫,,838,深坑區,土庫,土庫,204
深坑區,新土庫,,839,深坑區,土庫,土庫,204-9
深坑區,新土庫,,84,深坑區,土庫,土庫,33-1
深坑區,新土庫,,840,深坑區,土庫,土庫,204-10
深坑區,新土庫,,841,深坑區,土庫,土庫,204-11
深坑區,新土庫,,842,深坑區,土庫,土庫,204-12
深坑區,新土庫,,843,深坑區,土庫,土庫,204-1
深坑區,新土庫,,844,深坑區,土庫,土庫,203
深坑區,新土庫,,845,深坑區,土庫,土庫,204-13
深坑區,新土庫,,846,深坑區,土庫,土庫,204-14
深坑區,新土庫,,847,深坑區,土庫,土庫,204-15
深坑區,新土庫,,848,深坑區,土庫,土庫,204-3
深坑區,新土庫,,849,深坑區,土庫,土庫,203-1
深坑區,新土庫,,85,深坑區,土庫,土庫,38-2
深坑區,新土庫,,850,深坑區,土庫,土庫,203-2
深坑區,新土庫,,851,深坑區,土庫,土庫,174-2
深坑區,新土庫,,852,深坑區,土庫,土庫,174-1
深坑區,新土庫,,853,深坑區,土庫,土庫,174
深坑區,新土庫,,854,深坑區,土庫,土庫,142-2
深坑區,新土庫,,855,深坑區,土庫,土庫,142-1
深坑區,新土庫,,856,深坑區,土庫,土庫,141-6
深坑區,新土庫,,857,深坑區,土庫,土庫,141-7
深坑區,新土庫,,858,深坑區,土庫,土庫,141
深坑區,新土庫,,859,深坑區,土庫,土庫,141-1
深坑區,新土庫,,86,深坑區,土庫,土庫,38
深坑區,新土庫,,860,深坑區,土庫,土庫,141-2
深坑區,新土庫,,861,深坑區,土庫,土庫,141-3
深坑區,新土庫,,862,深坑區,土庫,土庫,141-4
深坑區,新土庫,,863,深坑區,土庫,土庫,141-5
深坑區,新土庫,,864,深坑區,土庫,土庫,172
深坑區,新土庫,,865,深坑區,土庫,土庫,172-15
深坑區,新土庫,,866,深坑區,土庫,土庫,172-3
深坑區,新土庫,,867,深坑區,土庫,土庫,172-16
深坑區,新土庫,,868,深坑區,土庫,土庫,172-2
深坑區,新土庫,,869,深坑區,土庫,土庫,172-18
深坑區,新土庫,,87,深坑區,土庫,土庫,26-3
深坑區,新土庫,,870,深坑區,土庫,土庫,172-19
深坑區,新土庫,,871,深坑區,土庫,土庫,172-20
深坑區,新土庫,,872,深坑區,土庫,土庫,172-21
深坑區,新土庫,,873,深坑區,土庫,土庫,172-22
深坑區,新土庫,,874,深坑區,土庫,土庫,172-23
深坑區,新土庫,,875,深坑區,土庫,土庫,172-24
深坑區,新土庫,,876,深坑區,土庫,土庫,204-16
深坑區,新土庫,,877,深坑區,土庫,土庫,204-17
深坑區,新土庫,,878,深坑區,土庫,土庫,172-25
深坑區,新土庫,,879,深坑區,土庫,土庫,204-18
深坑區,新土庫,,88,深坑區,土庫,土庫,36
深坑區,新土庫,,880,深坑區,土庫,土庫,172-26
深坑區,新土庫,,881,深坑區,土庫,土庫,172-4
深坑區,新土庫,,882,深坑區,土庫,土庫,172-5
深坑區,新土庫,,883,深坑區,土庫,土庫,172-6
深坑區,新土庫,,884,深坑區,土庫,土庫,172-7
深坑區,新土庫,,885,深坑區,土庫,土庫,172-8
深坑區,新土庫,,886,深坑區,土庫,土庫,172-17
深坑區,新土庫,,887,深坑區,土庫,土庫,172-9
深坑區,新土庫,,888,深坑區,土庫,土庫,172-10
深坑區,新土庫,,889,深坑區,土庫,土庫,172-11
深坑區,新土庫,,89,深坑區,土庫,土庫,36-1
深坑區,新土庫,,890,深坑區,土庫,土庫,172-27
深坑區,新土庫,,891,深坑區,土庫,土庫,172-28
深坑區,新土庫,,892,深坑區,土庫,土庫,172-12
深坑區,新土庫,,893,深坑區,土庫,土庫,172-13
深坑區,新土庫,,894,深坑區,土庫,土庫,172-29
深坑區,新土庫,,895,深坑區,土庫,土庫,172-14
深坑區,新土庫,,896,深坑區,土庫,土庫,172-30
深坑區,新土庫,,897,深坑區,土庫,土庫,172-31
深坑區,新土庫,,898,深坑區,土庫,土庫,172-32
深坑區,新土庫,,899,深坑區,土庫,土庫,172-33
深坑區,新土庫,,9,深坑區,土庫,土庫,6
深坑區,新土庫,,90,深坑區,土庫,土庫,36-2
深坑區,新土庫,,900,深坑區,土庫,土庫,172-34
深坑區,新土庫,,901,深坑區,土庫,土庫,207
深坑區,新土庫,,902,深坑區,土庫,土庫,207-1
深坑區,新土庫,,903,深坑區,土庫,土庫,207-3
深坑區,新土庫,,904,深坑區,土庫,土庫,207-8
深坑區,新土庫,,905,深坑區,土庫,土庫,207-9
深坑區,新土庫,,906,深坑區,土庫,土庫,207-5
深坑區,新土庫,,907,深坑區,土庫,土庫,207-6
深坑區,新土庫,,908,深坑區,土庫,土庫,207-7
深坑區,新土庫,,909,深坑區,土庫,土庫,201-2
深坑區,新土庫,,910,深坑區,土庫,土庫,209
深坑區,新土庫,,911,深坑區,土庫,土庫,210
深坑區,新土庫,,912,深坑區,土庫,土庫,211-1
深坑區,新土庫,,913,深坑區,土庫,土庫,211-2
深坑區,新土庫,,914,深坑區,土庫,土庫,217
深坑區,新土庫,,915,深坑區,土庫,土庫,205-1
深坑區,新土庫,,916,深坑區,土庫,土庫,205-2
深坑區,新土庫,,917,深坑區,土庫,土庫,205-3
深坑區,新土庫,,918,深坑區,土庫,土庫,206-2
深坑區,新土庫,,919,深坑區,土庫,土庫,206
深坑區,新土庫,,92,深坑區,土庫,土庫,45-3
深坑區,新土庫,,920,深坑區,土庫,土庫,206-1
深坑區,新土庫,,921,深坑區,土庫,土庫,201
深坑區,新土庫,,922,深坑區,土庫,土庫,200-1
深坑區,新土庫,,923,深坑區,土庫,土庫,199-1
深坑區,新土庫,,924,深坑區,土庫,土庫,208
深坑區,新土庫,,925,深坑區,土庫,土庫,200
深坑區,新土庫,,926,深坑區,土庫,土庫,199
深坑區,新土庫,,927,深坑區,土庫,土庫,212-1
深坑區,新土庫,,928,深坑區,土庫,土庫,215-2
深坑區,新土庫,,929,深坑區,土庫,土庫,194-4
深坑區,新土庫,,93,深坑區,土庫,土庫,45
深坑區,新土庫,,930,深坑區,土庫,土庫,194-3
深坑區,新土庫,,931,深坑區,土庫,土庫,194-2
深坑區,新土庫,,932,深坑區,土庫,土庫,194-1
深坑區,新土庫,,934,深坑區,土庫,土庫,214-1
深坑區,新土庫,,935,深坑區,土庫,土庫,193-3
深坑區,新土庫,,936,深坑區,土庫,土庫,193-5
深坑區,新土庫,,937,深坑區,土庫,土庫,193-4
深坑區,新土庫,,938,深坑區,土庫,土庫,193
深坑區,新土庫,,939,深坑區,土庫,土庫,193-1
深坑區,新土庫,,94,深坑區,土庫,土庫,45-5
深坑區,新土庫,,940,深坑區,土庫,土庫,194
深坑區,新土庫,,941,深坑區,土庫,土庫,213
深坑區,新土庫,,942,深坑區,土庫,土庫,212
深坑區,新土庫,,943,深坑區,土庫,土庫,198
深坑區,新土庫,,944,深坑區,土庫,土庫,195
深坑區,新土庫,,945,深坑區,土庫,土庫,197
深坑區,新土庫,,946,深坑區,土庫,土庫,196
深坑區,新土庫,,947,深坑區,土庫,土庫,193-2
深坑區,新土庫,,948,深坑區,土庫,土庫,222-1
深坑區,新土庫,,95,深坑區,土庫,土庫,45-4
深坑區,新土庫,,950,深坑區,土庫,土庫,222-3
深坑區,新土庫,,952,深坑區,土庫,土庫,223-3
深坑區,新土庫,,953,深坑區,土庫,土庫,222-2
深坑區,新土庫,,954,深坑區,土庫,土庫,222-4
深坑區,新土庫,,955,深坑區,土庫,土庫,185-2
深坑區,新土庫,,956,深坑區,土庫,土庫,185-1
深坑區,新土庫,,957,深坑區,土庫,土庫,185-3
深坑區,新土庫,,958,深坑區,土庫,土庫,184
深坑區,新土庫,,959,深坑區,土庫,土庫,184-5
深坑區,新土庫,,96,深坑區,土庫,土庫,45-6
深坑區,新土庫,,960,深坑區,土庫,土庫,184-8
深坑區,新土庫,,961,深坑區,土庫,土庫,184-9
深坑區,新土庫,,962,深坑區,土庫,土庫,184-2
深坑區,新土庫,,963,深坑區,土庫,土庫,184-3
深坑區,新土庫,,964,深坑區,土庫,土庫,184-4
深坑區,新土庫,,965,深坑區,土庫,土庫,184-6
深坑區,新土庫,,966,深坑區,土庫,土庫,184-7
深坑區,新土庫,,967,深坑區,土庫,土庫,186-2
深坑區,新土庫,,968,深坑區,土庫,土庫,184-1
深坑區,新土庫,,969,深坑區,土庫,土庫,184-71
深坑區,新土庫,,97,深坑區,土庫,土庫,46-2
深坑區,新土庫,,970,深坑區,土庫,土庫,184-72
深坑區,新土庫,,971,深坑區,土庫,土庫,184-79
深坑區,新土庫,,972,深坑區,土庫,土庫,184-56
深坑區,新土庫,,973,深坑區,土庫,土庫,184-57
深坑區,新土庫,,974,深坑區,土庫,土庫,184-63
深坑區,新土庫,,975,深坑區,土庫,土庫,184-58
深坑區,新土庫,,976,深坑區,土庫,土庫,184-64
深坑區,新土庫,,977,深坑區,土庫,土庫,184-59
深坑區,新土庫,,978,深坑區,土庫,土庫,184-60
深坑區,新土庫,,979,深坑區,土庫,土庫,186
深坑區,新土庫,,98,深坑區,土庫,土庫,45-7
深坑區,新土庫,,980,深坑區,土庫,土庫,184-62
深坑區,新土庫,,981,深坑區,土庫,土庫,186-4
深坑區,新土庫,,982,深坑區,土庫,土庫,186-11
深坑區,新土庫,,983,深坑區,土庫,土庫,186-3
深坑區,新土庫,,984,深坑區,土庫,土庫,184-66
深坑區,新土庫,,985,深坑區,土庫,土庫,184-67
深坑區,新土庫,,986,深坑區,土庫,土庫,184-68
深坑區,新土庫,,987,深坑區,土庫,土庫,184-70
深坑區,新土庫,,988,深坑區,土庫,土庫,184-69
深坑區,新土庫,,989,深坑區,土庫,土庫,186-9
深坑區,新土庫,,99,深坑區,土庫,土庫,46
深坑區,新土庫,,990,深坑區,土庫,土庫,186-8
深坑區,新土庫,,991,深坑區,土庫,土庫,186-7
深坑區,新土庫,,992,深坑區,土庫,土庫,186-6
深坑區,新土庫,,993,深坑區,土庫,土庫,186-14
深坑區,新土庫,,994,深坑區,土庫,土庫,186-12
深坑區,新土庫,,995,深坑區,土庫,土庫,186-13
深坑區,新土庫,,996,深坑區,土庫,土庫,186-1
深坑區,新土庫,,997,深坑區,土庫,土庫,184-80
深坑區,新土庫,,998,深坑區,土庫,土庫,184-83
深坑區,新土庫,,999,深坑區,土庫,土庫,184-65
深坑區,新永安,,1,深坑區,萬順寮,草地尾,32-55
深坑區,新永安,,10,深坑區,萬順寮,草地尾,32-18
深坑區,新永安,,100,深坑區,萬順寮,草地尾,33-73
深坑區,新永安,,101,深坑區,萬順寮,草地尾,33-29
深坑區,新永安,,102,深坑區,萬順寮,草地尾,33-30
深坑區,新永安,,103,深坑區,萬順寮,草地尾,33-1
深坑區,新永安,,104,深坑區,萬順寮,草地尾,60-4
深坑區,新永安,,105,深坑區,萬順寮,草地尾,60
深坑區,新永安,,106,深坑區,萬順寮,草地尾,33-43
深坑區,新永安,,107,深坑區,萬順寮,草地尾,33-60
深坑區,新永安,,108,深坑區,萬順寮,草地尾,33-59
深坑區,新永安,,109,深坑區,萬順寮,草地尾,33-8
深坑區,新永安,,11,深坑區,萬順寮,草地尾,100
深坑區,新永安,,110,深坑區,萬順寮,草地尾,33-58
深坑區,新永安,,111,深坑區,萬順寮,草地尾,33-21
深坑區,新永安,,112,深坑區,萬順寮,草地尾,33-57
深坑區,新永安,,113,深坑區,萬順寮,草地尾,33-9
深坑區,新永安,,114,深坑區,萬順寮,草地尾,33-22
深坑區,新永安,,115,深坑區,萬順寮,大坑外股,23-4
深坑區,新永安,,116,深坑區,萬順寮,大坑外股,236-2
深坑區,新永安,,117,深坑區,萬順寮,草地尾,33-23
深坑區,新永安,,118,深坑區,萬順寮,草地尾,33-46
深坑區,新永安,,119,深坑區,萬順寮,草地尾,33-72
深坑區,新永安,,12,深坑區,萬順寮,草地尾,32-20
深坑區,新永安,,120,深坑區,萬順寮,草地尾,33-24
深坑區,新永安,,121,深坑區,萬順寮,草地尾,33-10
深坑區,新永安,,122,深坑區,萬順寮,草地尾,33-56
深坑區,新永安,,123,深坑區,萬順寮,草地尾,33-62
深坑區,新永安,,124,深坑區,萬順寮,大坑外股,236-1
深坑區,新永安,,125,深坑區,萬順寮,草地尾,33-38
深坑區,新永安,,126,深坑區,萬順寮,草地尾,33-11
深坑區,新永安,,127,深坑區,萬順寮,草地尾,33-55
深坑區,新永安,,128,深坑區,萬順寮,大坑外股,235-3
深坑區,新永安,,129,深坑區,萬順寮,大坑外股,235-1
深坑區,新永安,,13,深坑區,萬順寮,草地尾,32-52
深坑區,新永安,,130,深坑區,萬順寮,大坑外股,235
深坑區,新永安,,133,深坑區,萬順寮,大坑外股,92-1
深坑區,新永安,,134,深坑區,萬順寮,大坑外股,91-1
深坑區,新永安,,135,深坑區,萬順寮,大坑外股,91
深坑區,新永安,,136,深坑區,萬順寮,大坑外股,92
深坑區,新永安,,137,深坑區,萬順寮,大坑外股,233
深坑區,新永安,,138,深坑區,萬順寮,大坑外股,93-50
深坑區,新永安,,139,深坑區,萬順寮,大坑外股,93-2
深坑區,新永安,,14,深坑區,萬順寮,草地尾,32-51
深坑區,新永安,,140,深坑區,萬順寮,大坑外股,93-1
深坑區,新永安,,141,深坑區,萬順寮,大坑外股,93-52
深坑區,新永安,,142,深坑區,萬順寮,大坑外股,93-6
深坑區,新永安,,143,深坑區,萬順寮,大坑外股,93-28
深坑區,新永安,,144,深坑區,萬順寮,大坑外股,93-51
深坑區,新永安,,145,深坑區,萬順寮,大坑外股,93-7
深坑區,新永安,,146,深坑區,萬順寮,大坑外股,93-29
深坑區,新永安,,147,深坑區,萬順寮,大坑外股,93-30
深坑區,新永安,,148,深坑區,萬順寮,大坑外股,93-54
深坑區,新永安,,149,深坑區,萬順寮,大坑外股,93-39
深坑區,新永安,,15,深坑區,萬順寮,草地尾,32-50
深坑區,新永安,,150,深坑區,萬順寮,大坑外股,93-58
深坑區,新永安,,151,深坑區,萬順寮,大坑外股,93-57
深坑區,新永安,,152,深坑區,萬順寮,大坑外股,93-59
深坑區,新永安,,153,深坑區,萬順寮,大坑外股,93-60
深坑區,新永安,,154,深坑區,萬順寮,大坑外股,93-56
深坑區,新永安,,155,深坑區,萬順寮,大坑外股,93-55
深坑區,新永安,,156,深坑區,萬順寮,大坑外股,93
深坑區,新永安,,157,深坑區,萬順寮,大坑外股,93-44
深坑區,新永安,,158,深坑區,萬順寮,大坑外股,93-45
深坑區,新永安,,159,深坑區,萬順寮,大坑外股,93-46
深坑區,新永安,,16,深坑區,萬順寮,草地尾,32-49
深坑區,新永安,,160,深坑區,萬順寮,大坑外股,93-49
深坑區,新永安,,161,深坑區,萬順寮,大坑外股,93-9
深坑區,新永安,,162,深坑區,萬順寮,大坑外股,93-10
深坑區,新永安,,163,深坑區,萬順寮,大坑外股,93-48
深坑區,新永安,,164,深坑區,萬順寮,大坑外股,93-43
深坑區,新永安,,165,深坑區,萬順寮,大坑外股,93-13
深坑區,新永安,,166,深坑區,萬順寮,大坑外股,93-14
深坑區,新永安,,167,深坑區,萬順寮,大坑外股,93-42
深坑區,新永安,,168,深坑區,萬順寮,大坑外股,93-41
深坑區,新永安,,169,深坑區,萬順寮,大坑外股,93-15
深坑區,新永安,,17,深坑區,萬順寮,草地尾,32-3
深坑區,新永安,,170,深坑區,萬順寮,大坑外股,93-16
深坑區,新永安,,171,深坑區,萬順寮,大坑外股,93-53
深坑區,新永安,,172,深坑區,萬順寮,大坑外股,93-17
深坑區,新永安,,173,深坑區,萬順寮,大坑外股,93-47
深坑區,新永安,,174,深坑區,萬順寮,大坑外股,93-11
深坑區,新永安,,175,深坑區,萬順寮,大坑外股,93-61
深坑區,新永安,,176,深坑區,萬順寮,大坑外股,93-12
深坑區,新永安,,177,深坑區,萬順寮,大坑外股,93-27
深坑區,新永安,,178,深坑區,萬順寮,大坑外股,93-26
深坑區,新永安,,179,深坑區,萬順寮,大坑外股,93-25
深坑區,新永安,,18,深坑區,萬順寮,草地尾,32-4
深坑區,新永安,,180,深坑區,萬順寮,草地尾,61-1
深坑區,新永安,,181,深坑區,萬順寮,草地尾,61-21
深坑區,新永安,,182,深坑區,萬順寮,大坑外股,93-24
深坑區,新永安,,183,深坑區,萬順寮,大坑外股,93-23
深坑區,新永安,,184,深坑區,萬順寮,草地尾,61-22
深坑區,新永安,,185,深坑區,萬順寮,草地尾,61-23
深坑區,新永安,,186,深坑區,萬順寮,大坑外股,93-22
深坑區,新永安,,187,深坑區,萬順寮,草地尾,61-24
深坑區,新永安,,188,深坑區,萬順寮,草地尾,61-25
深坑區,新永安,,189,深坑區,萬順寮,草地尾,61-26
深坑區,新永安,,19,深坑區,萬順寮,草地尾,32-19
深坑區,新永安,,190,深坑區,萬順寮,草地尾,61-27
深坑區,新永安,,191,深坑區,萬順寮,草地尾,61-28
深坑區,新永安,,192,深坑區,萬順寮,草地尾,61-29
深坑區,新永安,,193,深坑區,萬順寮,草地尾,61-30
深坑區,新永安,,196,深坑區,萬順寮,草地尾,61-31
深坑區,新永安,,197,深坑區,萬順寮,草地尾,61-10
深坑區,新永安,,198,深坑區,萬順寮,草地尾,61-8
深坑區,新永安,,199,深坑區,萬順寮,草地尾,61-9
深坑區,新永安,,2,深坑區,萬順寮,草地尾,32-6
深坑區,新永安,,20,深坑區,萬順寮,草地尾,32-53
深坑區,新永安,,200,深坑區,萬順寮,草地尾,61-35
深坑區,新永安,,201,深坑區,萬順寮,大坑外股,93-8
深坑區,新永安,,202,深坑區,萬順寮,大坑外股,234-1
深坑區,新永安,,203,深坑區,萬順寮,大坑外股,234-7
深坑區,新永安,,204,深坑區,萬順寮,大坑外股,234-6
深坑區,新永安,,205,深坑區,萬順寮,大坑外股,234-5
深坑區,新永安,,206,深坑區,萬順寮,大坑外股,234-8
深坑區,新永安,,207,深坑區,萬順寮,大坑外股,235-2
深坑區,新永安,,208,深坑區,萬順寮,草地尾,61-32
深坑區,新永安,,209,深坑區,萬順寮,草地尾,33-61
深坑區,新永安,,21,深坑區,萬順寮,草地尾,32-1
深坑區,新永安,,210,深坑區,萬順寮,草地尾,33-49
深坑區,新永安,,211,深坑區,萬順寮,草地尾,33-63
深坑區,新永安,,212,深坑區,萬順寮,草地尾,61-33
深坑區,新永安,,213,深坑區,萬順寮,草地尾,61-7
深坑區,新永安,,214,深坑區,萬順寮,草地尾,61-14
深坑區,新永安,,215,深坑區,萬順寮,草地尾,61-3
深坑區,新永安,,216,深坑區,萬順寮,草地尾,61-15
深坑區,新永安,,217,深坑區,萬順寮,草地尾,61-12
深坑區,新永安,,218,深坑區,萬順寮,草地尾,61-13
深坑區,新永安,,219,深坑區,萬順寮,草地尾,88-6
深坑區,新永安,,22,深坑區,萬順寮,草地尾,32-60
深坑區,新永安,,220,深坑區,萬順寮,草地尾,88-5
深坑區,新永安,,221,深坑區,萬順寮,草地尾,88-2
深坑區,新永安,,222,深坑區,萬順寮,草地尾,88-1
深坑區,新永安,,223,深坑區,萬順寮,草地尾,88-3
深坑區,新永安,,224,深坑區,萬順寮,草地尾,88-4
深坑區,新永安,,227,深坑區,萬順寮,草地尾,97-3
深坑區,新永安,,228,深坑區,萬順寮,草地尾,97-2
深坑區,新永安,,229,深坑區,萬順寮,草地尾,96-2
深坑區,新永安,,23,深坑區,萬順寮,草地尾,33-19
深坑區,新永安,,230,深坑區,萬順寮,草地尾,98-1
深坑區,新永安,,231,深坑區,萬順寮,草地尾,99
深坑區,新永安,,232,深坑區,萬順寮,草地尾,98
深坑區,新永安,,233,深坑區,萬順寮,草地尾,96-1
深坑區,新永安,,234,深坑區,萬順寮,草地尾,96
深坑區,新永安,,235,深坑區,萬順寮,草地尾,97
深坑區,新永安,,236,深坑區,萬順寮,草地尾,97-1
深坑區,新永安,,238,深坑區,萬順寮,草地尾,94-1
深坑區,新永安,,239,深坑區,萬順寮,草地尾,94-5
深坑區,新永安,,24,深坑區,萬順寮,草地尾,33-32
深坑區,新永安,,240,深坑區,萬順寮,草地尾,92-6
深坑區,新永安,,241,深坑區,萬順寮,草地尾,94-4
深坑區,新永安,,242,深坑區,萬順寮,草地尾,93-2
深坑區,新永安,,243,深坑區,萬順寮,草地尾,93-1
深坑區,新永安,,244,深坑區,萬順寮,草地尾,92-7
深坑區,新永安,,245,深坑區,萬順寮,草地尾,92-2
深坑區,新永安,,246,深坑區,萬順寮,草地尾,92-1
深坑區,新永安,,247,深坑區,萬順寮,草地尾,92-3
深坑區,新永安,,248,深坑區,萬順寮,草地尾,92-8
深坑區,新永安,,249,深坑區,萬順寮,草地尾,84-2
深坑區,新永安,,25,深坑區,萬順寮,草地尾,33-33
深坑區,新永安,,250,深坑區,萬順寮,草地尾,92-10
深坑區,新永安,,251,深坑區,萬順寮,草地尾,92-9
深坑區,新永安,,252,深坑區,萬順寮,草地尾,92-11
深坑區,新永安,,253,深坑區,萬順寮,草地尾,92-4
深坑區,新永安,,254,深坑區,萬順寮,草地尾,92-5
深坑區,新永安,,255,深坑區,萬順寮,草地尾,92
深坑區,新永安,,256,深坑區,萬順寮,草地尾,91-3
深坑區,新永安,,257,深坑區,萬順寮,草地尾,91-1
深坑區,新永安,,258,深坑區,萬順寮,草地尾,91-2
深坑區,新永安,,259,深坑區,萬順寮,草地尾,91
深坑區,新永安,,26,深坑區,萬順寮,草地尾,33-45
深坑區,新永安,,260,深坑區,萬順寮,草地尾,91-4
深坑區,新永安,,261,深坑區,萬順寮,草地尾,89-4
深坑區,新永安,,262,深坑區,萬順寮,草地尾,89-53
深坑區,新永安,,263,深坑區,萬順寮,草地尾,89-3
深坑區,新永安,,264,深坑區,萬順寮,草地尾,89-63
深坑區,新永安,,265,深坑區,萬順寮,草地尾,84
深坑區,新永安,,266,深坑區,萬順寮,草地尾,82-1
深坑區,新永安,,267,深坑區,萬順寮,草地尾,82
深坑區,新永安,,268,深坑區,萬順寮,草地尾,61
深坑區,新永安,,269,深坑區,萬順寮,草地尾,61-34
深坑區,新永安,,27,深坑區,萬順寮,草地尾,31-5
深坑區,新永安,,270,深坑區,萬順寮,草地尾,61-39
深坑區,新永安,,271,深坑區,萬順寮,草地尾,33-53
深坑區,新永安,,272,深坑區,萬順寮,草地尾,33-69
深坑區,新永安,,273,深坑區,萬順寮,草地尾,33-64
深坑區,新永安,,274,深坑區,萬順寮,草地尾,61-38
深坑區,新永安,,275,深坑區,萬順寮,草地尾,61-40
深坑區,新永安,,276,深坑區,萬順寮,草地尾,61-37
深坑區,新永安,,277,深坑區,萬順寮,草地尾,33-66
深坑區,新永安,,278,深坑區,萬順寮,草地尾,33-52
深坑區,新永安,,279,深坑區,萬順寮,草地尾,61-36
深坑區,新永安,,28,深坑區,萬順寮,草地尾,31-1
深坑區,新永安,,280,深坑區,萬順寮,草地尾,33-51
深坑區,新永安,,281,深坑區,萬順寮,草地尾,33-65
深坑區,新永安,,282,深坑區,萬順寮,草地尾,33-54
深坑區,新永安,,283,深坑區,萬順寮,草地尾,59
深坑區,新永安,,284,深坑區,萬順寮,草地尾,65
深坑區,新永安,,285,深坑區,萬順寮,草地尾,58
深坑區,新永安,,286,深坑區,萬順寮,草地尾,59-1
深坑區,新永安,,287,深坑區,萬順寮,草地尾,60-1
深坑區,新永安,,288,深坑區,萬順寮,草地尾,60-3
深坑區,新永安,,289,深坑區,萬順寮,草地尾,60-2
深坑區,新永安,,29,深坑區,萬順寮,草地尾,31-2
深坑區,新永安,,290,深坑區,萬順寮,草地尾,60-6
深坑區,新永安,,291,深坑區,萬順寮,草地尾,31-16
深坑區,新永安,,292,深坑區,萬順寮,草地尾,31-20
深坑區,新永安,,293,深坑區,萬順寮,草地尾,30-3
深坑區,新永安,,294,深坑區,萬順寮,草地尾,34-61
深坑區,新永安,,295,深坑區,萬順寮,草地尾,45-21
深坑區,新永安,,296,深坑區,萬順寮,草地尾,45-15
深坑區,新永安,,297,深坑區,萬順寮,草地尾,46-6
深坑區,新永安,,298,深坑區,萬順寮,草地尾,46-7
深坑區,新永安,,299,深坑區,萬順寮,草地尾,45-16
深坑區,新永安,,3,深坑區,萬順寮,草地尾,32-54
深坑區,新永安,,30,深坑區,萬順寮,草地尾,31-7
深坑區,新永安,,300,深坑區,萬順寮,草地尾,45-4
深坑區,新永安,,301,深坑區,萬順寮,草地尾,35-35
深坑區,新永安,,302,深坑區,萬順寮,草地尾,45-1
深坑區,新永安,,303,深坑區,萬順寮,草地尾,45-22
深坑區,新永安,,304,深坑區,萬順寮,草地尾,34-40
深坑區,新永安,,305,深坑區,萬順寮,草地尾,34-41
深坑區,新永安,,306,深坑區,萬順寮,草地尾,34-42
深坑區,新永安,,307,深坑區,萬順寮,草地尾,34-43
深坑區,新永安,,308,深坑區,萬順寮,草地尾,34-44
深坑區,新永安,,309,深坑區,萬順寮,草地尾,34-45
深坑區,新永安,,31,深坑區,萬順寮,草地尾,31-25
深坑區,新永安,,310,深坑區,萬順寮,草地尾,34-46
深坑區,新永安,,311,深坑區,萬順寮,草地尾,34-47
深坑區,新永安,,312,深坑區,萬順寮,草地尾,34-48
深坑區,新永安,,313,深坑區,萬順寮,草地尾,34-49
深坑區,新永安,,314,深坑區,萬順寮,草地尾,34-50
深坑區,新永安,,315,深坑區,萬順寮,草地尾,34-12
深坑區,新永安,,316,深坑區,萬順寮,草地尾,34-11
深坑區,新永安,,317,深坑區,萬順寮,草地尾,34-10
深坑區,新永安,,318,深坑區,萬順寮,草地尾,34-9
深坑區,新永安,,319,深坑區,萬順寮,草地尾,34-8
深坑區,新永安,,32,深坑區,萬順寮,草地尾,28-1
深坑區,新永安,,320,深坑區,萬順寮,草地尾,34-7
深坑區,新永安,,321,深坑區,萬順寮,草地尾,34-6
深坑區,新永安,,322,深坑區,萬順寮,草地尾,34-5
深坑區,新永安,,323,深坑區,萬順寮,草地尾,34-4
深坑區,新永安,,324,深坑區,萬順寮,草地尾,34-3
深坑區,新永安,,325,深坑區,萬順寮,草地尾,34-2
深坑區,新永安,,326,深坑區,萬順寮,草地尾,34-55
深坑區,新永安,,327,深坑區,萬順寮,草地尾,34-56
深坑區,新永安,,328,深坑區,萬順寮,草地尾,34-1
深坑區,新永安,,329,深坑區,萬順寮,草地尾,34-59
深坑區,新永安,,33,深坑區,萬順寮,草地尾,28
深坑區,新永安,,330,深坑區,萬順寮,草地尾,35-34
深坑區,新永安,,331,深坑區,萬順寮,草地尾,35-33
深坑區,新永安,,332,深坑區,萬順寮,草地尾,35-32
深坑區,新永安,,333,深坑區,萬順寮,草地尾,35-31
深坑區,新永安,,334,深坑區,萬順寮,草地尾,35-6
深坑區,新永安,,335,深坑區,萬順寮,草地尾,35-1
深坑區,新永安,,336,深坑區,萬順寮,草地尾,35-39
深坑區,新永安,,337,深坑區,萬順寮,草地尾,34-27
深坑區,新永安,,338,深坑區,萬順寮,草地尾,34-28
深坑區,新永安,,339,深坑區,萬順寮,草地尾,35-7
深坑區,新永安,,34,深坑區,萬順寮,草地尾,29-1
深坑區,新永安,,340,深坑區,萬順寮,草地尾,35-8
深坑區,新永安,,341,深坑區,萬順寮,草地尾,34-29
深坑區,新永安,,342,深坑區,萬順寮,草地尾,34-30
深坑區,新永安,,343,深坑區,萬順寮,草地尾,35-9
深坑區,新永安,,344,深坑區,萬順寮,草地尾,35-10
深坑區,新永安,,345,深坑區,萬順寮,草地尾,34-57
深坑區,新永安,,346,深坑區,萬順寮,草地尾,34-20
深坑區,新永安,,347,深坑區,萬順寮,草地尾,34-19
深坑區,新永安,,348,深坑區,萬順寮,草地尾,34-18
深坑區,新永安,,349,深坑區,萬順寮,草地尾,34-17
深坑區,新永安,,35,深坑區,萬順寮,草地尾,29
深坑區,新永安,,350,深坑區,萬順寮,草地尾,34-16
深坑區,新永安,,351,深坑區,萬順寮,草地尾,34-15
深坑區,新永安,,352,深坑區,萬順寮,草地尾,34-14
深坑區,新永安,,353,深坑區,萬順寮,草地尾,34-13
深坑區,新永安,,354,深坑區,萬順寮,草地尾,34-51
深坑區,新永安,,355,深坑區,萬順寮,草地尾,34-26
深坑區,新永安,,356,深坑區,萬順寮,草地尾,34-25
深坑區,新永安,,357,深坑區,萬順寮,草地尾,34-24
深坑區,新永安,,358,深坑區,萬順寮,草地尾,34-23
深坑區,新永安,,359,深坑區,萬順寮,草地尾,34-22
深坑區,新永安,,36,深坑區,萬順寮,草地尾,29-2
深坑區,新永安,,360,深坑區,萬順寮,草地尾,34-21
深坑區,新永安,,361,深坑區,萬順寮,草地尾,34-58
深坑區,新永安,,362,深坑區,萬順寮,草地尾,34-60
深坑區,新永安,,363,深坑區,萬順寮,草地尾,34-38
深坑區,新永安,,364,深坑區,萬順寮,草地尾,34-37
深坑區,新永安,,365,深坑區,萬順寮,草地尾,34-36
深坑區,新永安,,366,深坑區,萬順寮,草地尾,34-35
深坑區,新永安,,367,深坑區,萬順寮,草地尾,34-34
深坑區,新永安,,368,深坑區,萬順寮,草地尾,34-33
深坑區,新永安,,369,深坑區,萬順寮,草地尾,34-53
深坑區,新永安,,37,深坑區,萬順寮,草地尾,30-6
深坑區,新永安,,370,深坑區,萬順寮,草地尾,34-31
深坑區,新永安,,371,深坑區,萬順寮,草地尾,34-32
深坑區,新永安,,372,深坑區,萬順寮,草地尾,34-52
深坑區,新永安,,373,深坑區,萬順寮,草地尾,26-24
深坑區,新永安,,374,深坑區,萬順寮,草地尾,26-10
深坑區,新永安,,375,深坑區,萬順寮,草地尾,26-1
深坑區,新永安,,376,深坑區,萬順寮,草地尾,26-11
深坑區,新永安,,377,深坑區,萬順寮,草地尾,27-5
深坑區,新永安,,378,深坑區,萬順寮,草地尾,27-4
深坑區,新永安,,379,深坑區,萬順寮,草地尾,26-13
深坑區,新永安,,38,深坑區,萬順寮,草地尾,30
深坑區,新永安,,380,深坑區,萬順寮,草地尾,26-14
深坑區,新永安,,381,深坑區,萬順寮,草地尾,27-3
深坑區,新永安,,382,深坑區,萬順寮,草地尾,27-2
深坑區,新永安,,383,深坑區,萬順寮,草地尾,26-15
深坑區,新永安,,384,深坑區,萬順寮,草地尾,26-16
深坑區,新永安,,385,深坑區,萬順寮,草地尾,27-1
深坑區,新永安,,386,深坑區,萬順寮,草地尾,27
深坑區,新永安,,387,深坑區,萬順寮,草地尾,26-17
深坑區,新永安,,388,深坑區,萬順寮,草地尾,26-25
深坑區,新永安,,389,深坑區,萬順寮,草地尾,27-11
深坑區,新永安,,39,深坑區,萬順寮,草地尾,31-24
深坑區,新永安,,390,深坑區,萬順寮,草地尾,27-12
深坑區,新永安,,391,深坑區,萬順寮,草地尾,27-6
深坑區,新永安,,392,深坑區,萬順寮,草地尾,26-12
深坑區,新永安,,393,深坑區,萬順寮,草地尾,17-1
深坑區,新永安,,394,深坑區,萬順寮,草地尾,17-7
深坑區,新永安,,395,深坑區,萬順寮,草地尾,16-7
深坑區,新永安,,396,深坑區,萬順寮,草地尾,27-7
深坑區,新永安,,397,深坑區,萬順寮,草地尾,17-8
深坑區,新永安,,398,深坑區,萬順寮,草地尾,16-14
深坑區,新永安,,399,深坑區,萬順寮,草地尾,16-15
深坑區,新永安,,4,深坑區,萬順寮,草地尾,32-56
深坑區,新永安,,40,深坑區,萬順寮,草地尾,31-12
深坑區,新永安,,400,深坑區,萬順寮,草地尾,16-16
深坑區,新永安,,401,深坑區,萬順寮,草地尾,27-8
深坑區,新永安,,402,深坑區,萬順寮,草地尾,27-9
深坑區,新永安,,403,深坑區,萬順寮,草地尾,16-17
深坑區,新永安,,404,深坑區,萬順寮,草地尾,16-13
深坑區,新永安,,405,深坑區,萬順寮,草地尾,16-11
深坑區,新永安,,406,深坑區,萬順寮,草地尾,16-10
深坑區,新永安,,407,深坑區,萬順寮,草地尾,27-10
深坑區,新永安,,408,深坑區,萬順寮,草地尾,16-6
深坑區,新永安,,409,深坑區,萬順寮,草地尾,16-12
深坑區,新永安,,41,深坑區,萬順寮,草地尾,31-13
深坑區,新永安,,410,深坑區,萬順寮,草地尾,27-13
深坑區,新永安,,411,深坑區,萬順寮,草地尾,16-21
深坑區,新永安,,412,深坑區,萬順寮,草地尾,16-22
深坑區,新永安,,413,深坑區,萬順寮,草地尾,16-18
深坑區,新永安,,414,深坑區,萬順寮,草地尾,16-5
深坑區,新永安,,415,深坑區,萬順寮,草地尾,15-6
深坑區,新永安,,416,深坑區,萬順寮,草地尾,15-5
深坑區,新永安,,417,深坑區,萬順寮,草地尾,16-4
深坑區,新永安,,418,深坑區,萬順寮,草地尾,16-23
深坑區,新永安,,419,深坑區,萬順寮,草地尾,16-24
深坑區,新永安,,42,深坑區,萬順寮,草地尾,31-8
深坑區,新永安,,420,深坑區,萬順寮,草地尾,16-3
深坑區,新永安,,421,深坑區,萬順寮,草地尾,15-4
深坑區,新永安,,422,深坑區,萬順寮,草地尾,15-12
深坑區,新永安,,423,深坑區,萬順寮,草地尾,11-4
深坑區,新永安,,424,深坑區,萬順寮,草地尾,11-15
深坑區,新永安,,425,深坑區,萬順寮,草地尾,11
深坑區,新永安,,426,深坑區,萬順寮,草地尾,34-54
深坑區,新永安,,427,深坑區,萬順寮,草地尾,30-5
深坑區,新永安,,428,深坑區,萬順寮,草地尾,31-26
深坑區,新永安,,429,深坑區,萬順寮,草地尾,31-6
深坑區,新永安,,43,深坑區,萬順寮,草地尾,31-3
深坑區,新永安,,430,深坑區,萬順寮,草地尾,10-3
深坑區,新永安,,431,深坑區,萬順寮,草地尾,10-6
深坑區,新永安,,432,深坑區,萬順寮,草地尾,10-1
深坑區,新永安,,433,深坑區,萬順寮,草地尾,100-1
深坑區,新永安,,434,深坑區,萬順寮,草地尾,32-21
深坑區,新永安,,435,深坑區,萬順寮,草地尾,32-27
深坑區,新永安,,436,深坑區,萬順寮,草地尾,32-24
深坑區,新永安,,437,深坑區,萬順寮,草地尾,32-28
深坑區,新永安,,438,深坑區,萬順寮,草地尾,32-25
深坑區,新永安,,439,深坑區,萬順寮,草地尾,32-29
深坑區,新永安,,44,深坑區,萬順寮,草地尾,31-4
深坑區,新永安,,440,深坑區,萬順寮,草地尾,10-2
深坑區,新永安,,441,深坑區,萬順寮,草地尾,10-4
深坑區,新永安,,442,深坑區,萬順寮,草地尾,11-1
深坑區,新永安,,443,深坑區,萬順寮,草地尾,11-10
深坑區,新永安,,444,深坑區,萬順寮,草地尾,11-11
深坑區,新永安,,445,深坑區,萬順寮,草地尾,11-12
深坑區,新永安,,446,深坑區,萬順寮,草地尾,11-13
深坑區,新永安,,447,深坑區,萬順寮,草地尾,11-14
深坑區,新永安,,448,深坑區,萬順寮,草地尾,15-7
深坑區,新永安,,449,深坑區,萬順寮,草地尾,15-8
深坑區,新永安,,45,深坑區,萬順寮,草地尾,31-19
深坑區,新永安,,450,深坑區,萬順寮,草地尾,15-9
深坑區,新永安,,451,深坑區,萬順寮,草地尾,15-10
深坑區,新永安,,452,深坑區,萬順寮,草地尾,15-11
深坑區,新永安,,453,深坑區,萬順寮,草地尾,16-8
深坑區,新永安,,454,深坑區,萬順寮,草地尾,16-9
深坑區,新永安,,455,深坑區,萬順寮,草地尾,17-5
深坑區,新永安,,456,深坑區,萬順寮,草地尾,26-8
深坑區,新永安,,457,深坑區,萬順寮,草地尾,34-39
深坑區,新永安,,458,深坑區,萬順寮,草地尾,35-49
深坑區,新永安,,459,深坑區,萬順寮,草地尾,35-40
深坑區,新永安,,46,深坑區,萬順寮,草地尾,31-9
深坑區,新永安,,460,深坑區,萬順寮,草地尾,35-41
深坑區,新永安,,461,深坑區,萬順寮,草地尾,35-11
深坑區,新永安,,462,深坑區,萬順寮,草地尾,35-42
深坑區,新永安,,463,深坑區,萬順寮,草地尾,35-43
深坑區,新永安,,464,深坑區,萬順寮,草地尾,35-44
深坑區,新永安,,465,深坑區,萬順寮,草地尾,35-45
深坑區,新永安,,466,深坑區,萬順寮,草地尾,35-46
深坑區,新永安,,467,深坑區,萬順寮,草地尾,35-47
深坑區,新永安,,468,深坑區,萬順寮,草地尾,35-48
深坑區,新永安,,469,深坑區,萬順寮,草地尾,45-5
深坑區,新永安,,47,深坑區,萬順寮,草地尾,31-14
深坑區,新永安,,470,深坑區,萬順寮,草地尾,46-4
深坑區,新永安,,471,深坑區,萬順寮,草地尾,51-3
深坑區,新永安,,472,深坑區,萬順寮,草地尾,52-6
深坑區,新永安,,473,深坑區,萬順寮,草地尾,57-3
深坑區,新永安,,474,深坑區,萬順寮,草地尾,71-4
深坑區,新永安,,475,深坑區,萬順寮,草地尾,82-2
深坑區,新永安,,476,深坑區,萬順寮,草地尾,82-3
深坑區,新永安,,477,深坑區,萬順寮,草地尾,89-26
深坑區,新永安,,478,深坑區,萬順寮,草地尾,89-28
深坑區,新永安,,479,深坑區,萬順寮,草地尾,89-29
深坑區,新永安,,48,深坑區,萬順寮,草地尾,32-59
深坑區,新永安,,480,深坑區,萬順寮,草地尾,91-5
深坑區,新永安,,481,深坑區,萬順寮,草地尾,93-3
深坑區,新永安,,482,深坑區,萬順寮,草地尾,94-10
深坑區,新永安,,483,深坑區,萬順寮,草地尾,94-6
深坑區,新永安,,485,深坑區,萬順寮,大坑外股,106-100
深坑區,新永安,,486,深坑區,萬順寮,大坑外股,106-99
深坑區,新永安,,487,深坑區,萬順寮,大坑外股,106-53
深坑區,新永安,,488,深坑區,萬順寮,大坑外股,106-102
深坑區,新永安,,489,深坑區,萬順寮,大坑外股,106-101
深坑區,新永安,,49,深坑區,萬順寮,草地尾,32-57
深坑區,新永安,,490,深坑區,萬順寮,大坑外股,106-54
深坑區,新永安,,491,深坑區,萬順寮,大坑外股,106-18
深坑區,新永安,,492,深坑區,萬順寮,大坑外股,106-42
深坑區,新永安,,493,深坑區,萬順寮,大坑外股,106-10
深坑區,新永安,,494,深坑區,萬順寮,大坑外股,106-117
深坑區,新永安,,495,深坑區,萬順寮,大坑外股,106-122
深坑區,新永安,,496,深坑區,萬順寮,大坑外股,106-120
深坑區,新永安,,497,深坑區,萬順寮,大坑外股,106-121
深坑區,新永安,,498,深坑區,萬順寮,大坑外股,106-116
深坑區,新永安,,499,深坑區,萬順寮,大坑外股,106-25
深坑區,新永安,,5,深坑區,萬順寮,草地尾,32-13
深坑區,新永安,,50,深坑區,萬順寮,草地尾,32
深坑區,新永安,,500,深坑區,萬順寮,大坑外股,106-22
深坑區,新永安,,501,深坑區,萬順寮,大坑外股,106-1
深坑區,新永安,,502,深坑區,萬順寮,大坑外股,106-95
深坑區,新永安,,503,深坑區,萬順寮,大坑外股,106-31
深坑區,新永安,,504,深坑區,萬順寮,大坑外股,106-46
深坑區,新永安,,505,深坑區,萬順寮,大坑外股,106-50
深坑區,新永安,,506,深坑區,萬順寮,大坑外股,106-26
深坑區,新永安,,507,深坑區,萬順寮,大坑外股,106-43
深坑區,新永安,,508,深坑區,萬順寮,大坑外股,106-47
深坑區,新永安,,509,深坑區,萬順寮,大坑外股,106-44
深坑區,新永安,,51,深坑區,萬順寮,草地尾,32-32
深坑區,新永安,,510,深坑區,萬順寮,大坑外股,106-45
深坑區,新永安,,511,深坑區,萬順寮,大坑外股,106-48
深坑區,新永安,,512,深坑區,萬順寮,大坑外股,106-32
深坑區,新永安,,513,深坑區,萬順寮,大坑外股,106-35
深坑區,新永安,,514,深坑區,萬順寮,大坑外股,106-27
深坑區,新永安,,515,深坑區,萬順寮,大坑外股,106-28
深坑區,新永安,,516,深坑區,萬順寮,大坑外股,106-34
深坑區,新永安,,517,深坑區,萬順寮,大坑外股,106-33
深坑區,新永安,,518,深坑區,萬順寮,大坑外股,106-29
深坑區,新永安,,519,深坑區,萬順寮,大坑外股,106-30
深坑區,新永安,,52,深坑區,萬順寮,草地尾,32-33
深坑區,新永安,,520,深坑區,萬順寮,大坑外股,106-6
深坑區,新永安,,521,深坑區,萬順寮,大坑外股,106-2
深坑區,新永安,,522,深坑區,萬順寮,大坑外股,106-96
深坑區,新永安,,523,深坑區,萬順寮,大坑外股,106-17
深坑區,新永安,,524,深坑區,萬順寮,大坑外股,106-8
深坑區,新永安,,525,深坑區,萬順寮,大坑外股,106-56
深坑區,新永安,,526,深坑區,萬順寮,大坑外股,106-98
深坑區,新永安,,527,深坑區,萬順寮,大坑外股,106-58
深坑區,新永安,,528,深坑區,萬順寮,大坑外股,106-97
深坑區,新永安,,529,深坑區,萬順寮,大坑外股,106-13
深坑區,新永安,,53,深坑區,萬順寮,草地尾,32-30
深坑區,新永安,,530,深坑區,萬順寮,大坑外股,106-61
深坑區,新永安,,531,深坑區,萬順寮,大坑外股,106-94
深坑區,新永安,,532,深坑區,萬順寮,大坑外股,106-111
深坑區,新永安,,533,深坑區,萬順寮,大坑外股,106-109
深坑區,新永安,,534,深坑區,萬順寮,大坑外股,106-108
深坑區,新永安,,535,深坑區,萬順寮,大坑外股,106-110
深坑區,新永安,,536,深坑區,萬順寮,大坑外股,106-93
深坑區,新永安,,537,深坑區,萬順寮,大坑外股,106-92
深坑區,新永安,,538,深坑區,萬順寮,大坑外股,106-41
深坑區,新永安,,539,深坑區,萬順寮,大坑外股,106-16
深坑區,新永安,,54,深坑區,萬順寮,草地尾,32-31
深坑區,新永安,,540,深坑區,萬順寮,大坑外股,106-40
深坑區,新永安,,541,深坑區,萬順寮,大坑外股,106-91
深坑區,新永安,,542,深坑區,萬順寮,大坑外股,106-39
深坑區,新永安,,543,深坑區,萬順寮,大坑外股,106-38
深坑區,新永安,,544,深坑區,萬順寮,大坑外股,106-9
深坑區,新永安,,545,深坑區,萬順寮,大坑外股,106-62
深坑區,新永安,,546,深坑區,萬順寮,大坑外股,106-90
深坑區,新永安,,547,深坑區,萬順寮,大坑外股,106-114
深坑區,新永安,,548,深坑區,萬順寮,大坑外股,106-113
深坑區,新永安,,549,深坑區,萬順寮,大坑外股,106-112
深坑區,新永安,,55,深坑區,萬順寮,草地尾,32-58
深坑區,新永安,,550,深坑區,萬順寮,大坑外股,106-89
深坑區,新永安,,551,深坑區,萬順寮,大坑外股,106-63
深坑區,新永安,,552,深坑區,萬順寮,草地尾,94-16
深坑區,新永安,,553,深坑區,萬順寮,草地尾,94-8
深坑區,新永安,,554,深坑區,萬順寮,草地尾,94-11
深坑區,新永安,,555,深坑區,萬順寮,草地尾,94-7
深坑區,新永安,,556,深坑區,萬順寮,草地尾,94-9
深坑區,新永安,,557,深坑區,萬順寮,草地尾,91-6
深坑區,新永安,,558,深坑區,萬順寮,草地尾,82-4
深坑區,新永安,,559,深坑區,萬順寮,草地尾,43-28
深坑區,新永安,,56,深坑區,萬順寮,草地尾,33-42
深坑區,新永安,,561,深坑區,萬順寮,草地尾,89-43
深坑區,新永安,,562,深坑區,萬順寮,草地尾,89-42
深坑區,新永安,,563,深坑區,萬順寮,草地尾,89-41
深坑區,新永安,,564,深坑區,萬順寮,草地尾,89-40
深坑區,新永安,,565,深坑區,萬順寮,草地尾,89-39
深坑區,新永安,,566,深坑區,萬順寮,草地尾,89-38
深坑區,新永安,,567,深坑區,萬順寮,草地尾,89-31
深坑區,新永安,,568,深坑區,萬順寮,草地尾,89-32
深坑區,新永安,,569,深坑區,萬順寮,草地尾,89-56
深坑區,新永安,,57,深坑區,萬順寮,草地尾,33-50
深坑區,新永安,,570,深坑區,萬順寮,草地尾,89-30
深坑區,新永安,,571,深坑區,萬順寮,草地尾,89-37
深坑區,新永安,,572,深坑區,萬順寮,草地尾,89-36
深坑區,新永安,,573,深坑區,萬順寮,草地尾,89-47
深坑區,新永安,,574,深坑區,萬順寮,草地尾,89-46
深坑區,新永安,,575,深坑區,萬順寮,草地尾,89-45
深坑區,新永安,,576,深坑區,萬順寮,草地尾,89-44
深坑區,新永安,,577,深坑區,萬順寮,草地尾,89-35
深坑區,新永安,,578,深坑區,萬順寮,草地尾,89-34
深坑區,新永安,,579,深坑區,萬順寮,草地尾,89-33
深坑區,新永安,,58,深坑區,萬順寮,草地尾,33-67
深坑區,新永安,,580,深坑區,萬順寮,草地尾,89-27
深坑區,新永安,,581,深坑區,萬順寮,草地尾,80-16
深坑區,新永安,,582,深坑區,萬順寮,草地尾,80-20
深坑區,新永安,,583,深坑區,萬順寮,草地尾,80-19
深坑區,新永安,,584,深坑區,萬順寮,草地尾,80-13
深坑區,新永安,,585,深坑區,萬順寮,草地尾,80-18
深坑區,新永安,,586,深坑區,萬順寮,草地尾,80-17
深坑區,新永安,,587,深坑區,萬順寮,草地尾,80-14
深坑區,新永安,,588,深坑區,萬順寮,草地尾,80-15
深坑區,新永安,,589,深坑區,萬順寮,草地尾,71-5
深坑區,新永安,,59,深坑區,萬順寮,草地尾,31-18
深坑區,新永安,,590,深坑區,萬順寮,草地尾,72-2
深坑區,新永安,,591,深坑區,萬順寮,草地尾,57-4
深坑區,新永安,,592,深坑區,萬順寮,草地尾,52-7
深坑區,新永安,,593,深坑區,萬順寮,草地尾,46-5
深坑區,新永安,,594,深坑區,萬順寮,草地尾,45-7
深坑區,新永安,,595,深坑區,萬順寮,草地尾,10-5
深坑區,新永安,,596,深坑區,萬順寮,草地尾,45-6
深坑區,新永安,,597,深坑區,萬順寮,草地尾,35-12
深坑區,新永安,,598,深坑區,萬順寮,草地尾,35-13
深坑區,新永安,,599,深坑區,萬順寮,草地尾,36-33
深坑區,新永安,,6,深坑區,萬順寮,草地尾,32-22
深坑區,新永安,,60,深坑區,萬順寮,草地尾,30-1
深坑區,新永安,,600,深坑區,萬順寮,草地尾,36-32
深坑區,新永安,,601,深坑區,萬順寮,草地尾,36-31
深坑區,新永安,,602,深坑區,萬順寮,草地尾,36-30
深坑區,新永安,,603,深坑區,萬順寮,草地尾,26-23
深坑區,新永安,,604,深坑區,萬順寮,草地尾,26-22
深坑區,新永安,,605,深坑區,萬順寮,草地尾,26-21
深坑區,新永安,,606,深坑區,萬順寮,草地尾,26-20
深坑區,新永安,,607,深坑區,萬順寮,草地尾,26-19
深坑區,新永安,,608,深坑區,萬順寮,草地尾,26-18
深坑區,新永安,,609,深坑區,萬順寮,草地尾,17-19
深坑區,新永安,,61,深坑區,萬順寮,草地尾,31
深坑區,新永安,,610,深坑區,萬順寮,草地尾,17-18
深坑區,新永安,,611,深坑區,萬順寮,草地尾,17-17
深坑區,新永安,,612,深坑區,萬順寮,草地尾,17-16
深坑區,新永安,,613,深坑區,萬順寮,草地尾,17-15
深坑區,新永安,,614,深坑區,萬順寮,草地尾,15-13
深坑區,新永安,,615,深坑區,萬順寮,草地尾,8-1
深坑區,新永安,,616,深坑區,萬順寮,草地尾,1-3
深坑區,新永安,,617,深坑區,萬順寮,草地尾,1-2
深坑區,新永安,,618,深坑區,萬順寮,草地尾,1
深坑區,新永安,,619,深坑區,萬順寮,草地尾,1-1
深坑區,新永安,,62,深坑區,萬順寮,草地尾,31-23
深坑區,新永安,,620,深坑區,萬順寮,草地尾,3
深坑區,新永安,,621,深坑區,萬順寮,草地尾,43-2
深坑區,新永安,,622,深坑區,萬順寮,草地尾,6-1
深坑區,新永安,,623,深坑區,萬順寮,草地尾,6
深坑區,新永安,,624,深坑區,萬順寮,草地尾,12-10
深坑區,新永安,,625,深坑區,萬順寮,草地尾,12-11
深坑區,新永安,,626,深坑區,萬順寮,草地尾,12-12
深坑區,新永安,,627,深坑區,萬順寮,草地尾,13-8
深坑區,新永安,,628,深坑區,萬順寮,草地尾,43-91
深坑區,新永安,,629,深坑區,萬順寮,草地尾,13-2
深坑區,新永安,,63,深坑區,萬順寮,草地尾,31-27
深坑區,新永安,,630,深坑區,萬順寮,草地尾,13-9
深坑區,新永安,,631,深坑區,萬順寮,草地尾,13-7
深坑區,新永安,,632,深坑區,萬順寮,草地尾,12-9
深坑區,新永安,,633,深坑區,萬順寮,草地尾,12-8
深坑區,新永安,,634,深坑區,萬順寮,草地尾,12-2
深坑區,新永安,,635,深坑區,萬順寮,草地尾,15-14
深坑區,新永安,,636,深坑區,萬順寮,草地尾,15-15
深坑區,新永安,,637,深坑區,萬順寮,草地尾,15-2
深坑區,新永安,,638,深坑區,萬順寮,草地尾,15-16
深坑區,新永安,,639,深坑區,萬順寮,草地尾,15-17
深坑區,新永安,,64,深坑區,萬順寮,草地尾,31-11
深坑區,新永安,,640,深坑區,萬順寮,草地尾,15-18
深坑區,新永安,,641,深坑區,萬順寮,草地尾,14
深坑區,新永安,,642,深坑區,萬順寮,草地尾,21
深坑區,新永安,,643,深坑區,萬順寮,草地尾,21-3
深坑區,新永安,,644,深坑區,萬順寮,草地尾,14-1
深坑區,新永安,,645,深坑區,萬順寮,草地尾,18
深坑區,新永安,,646,深坑區,萬順寮,草地尾,17-6
深坑區,新永安,,647,深坑區,萬順寮,草地尾,17-10
深坑區,新永安,,648,深坑區,萬順寮,草地尾,17-11
深坑區,新永安,,649,深坑區,萬順寮,草地尾,17-12
深坑區,新永安,,65,深坑區,萬順寮,草地尾,30-2
深坑區,新永安,,650,深坑區,萬順寮,草地尾,17-13
深坑區,新永安,,651,深坑區,萬順寮,草地尾,26-9
深坑區,新永安,,652,深坑區,萬順寮,草地尾,26-2
深坑區,新永安,,653,深坑區,萬順寮,草地尾,17-14
深坑區,新永安,,654,深坑區,萬順寮,草地尾,17-2
深坑區,新永安,,655,深坑區,萬順寮,草地尾,17-4
深坑區,新永安,,656,深坑區,萬順寮,草地尾,17-3
深坑區,新永安,,657,深坑區,萬順寮,草地尾,17-9
深坑區,新永安,,658,深坑區,萬順寮,草地尾,25
深坑區,新永安,,659,深坑區,萬順寮,草地尾,24-1
深坑區,新永安,,66,深坑區,萬順寮,草地尾,33-41
深坑區,新永安,,660,深坑區,萬順寮,草地尾,19
深坑區,新永安,,661,深坑區,萬順寮,草地尾,25-1
深坑區,新永安,,662,深坑區,萬順寮,草地尾,19-10
深坑區,新永安,,663,深坑區,萬順寮,草地尾,18-1
深坑區,新永安,,664,深坑區,萬順寮,草地尾,14-2
深坑區,新永安,,665,深坑區,萬順寮,草地尾,21-1
深坑區,新永安,,666,深坑區,萬順寮,草地尾,21-2
深坑區,新永安,,667,深坑區,萬順寮,草地尾,22
深坑區,新永安,,668,深坑區,萬順寮,草地尾,20-5
深坑區,新永安,,669,深坑區,萬順寮,草地尾,20-6
深坑區,新永安,,67,深坑區,萬順寮,草地尾,33-68
深坑區,新永安,,670,深坑區,萬順寮,草地尾,20-7
深坑區,新永安,,671,深坑區,萬順寮,草地尾,20-8
深坑區,新永安,,672,深坑區,萬順寮,草地尾,23-2
深坑區,新永安,,673,深坑區,萬順寮,草地尾,23-1
深坑區,新永安,,674,深坑區,萬順寮,草地尾,20-4
深坑區,新永安,,675,深坑區,萬順寮,草地尾,23
深坑區,新永安,,676,深坑區,萬順寮,草地尾,20
深坑區,新永安,,677,深坑區,萬順寮,草地尾,19-3
深坑區,新永安,,678,深坑區,萬順寮,草地尾,19-5
深坑區,新永安,,679,深坑區,萬順寮,草地尾,20-1
深坑區,新永安,,68,深坑區,萬順寮,草地尾,33-16
深坑區,新永安,,680,深坑區,萬順寮,草地尾,20-2
深坑區,新永安,,681,深坑區,萬順寮,草地尾,19-7
深坑區,新永安,,682,深坑區,萬順寮,草地尾,19-9
深坑區,新永安,,683,深坑區,萬順寮,草地尾,20-3
深坑區,新永安,,684,深坑區,萬順寮,草地尾,24-5
深坑區,新永安,,685,深坑區,萬順寮,草地尾,24-3
深坑區,新永安,,686,深坑區,萬順寮,草地尾,24
深坑區,新永安,,687,深坑區,萬順寮,草地尾,19-2
深坑區,新永安,,688,深坑區,萬順寮,草地尾,19-4
深坑區,新永安,,689,深坑區,萬順寮,草地尾,19-6
深坑區,新永安,,69,深坑區,萬順寮,草地尾,33-27
深坑區,新永安,,690,深坑區,萬順寮,草地尾,19-8
深坑區,新永安,,691,深坑區,萬順寮,草地尾,24-4
深坑區,新永安,,692,深坑區,萬順寮,草地尾,24-2
深坑區,新永安,,693,深坑區,萬順寮,草地尾,19-1
深坑區,新永安,,694,深坑區,萬順寮,草地尾,36-3
深坑區,新永安,,695,深坑區,萬順寮,草地尾,36-1
深坑區,新永安,,696,深坑區,萬順寮,草地尾,36-4
深坑區,新永安,,697,深坑區,萬順寮,草地尾,36-7
深坑區,新永安,,698,深坑區,萬順寮,草地尾,36-5
深坑區,新永安,,699,深坑區,萬順寮,草地尾,35-5
深坑區,新永安,,7,深坑區,萬順寮,草地尾,32-26
深坑區,新永安,,70,深坑區,萬順寮,草地尾,33-40
深坑區,新永安,,700,深坑區,萬順寮,草地尾,35-29
深坑區,新永安,,701,深坑區,萬順寮,草地尾,35-27
深坑區,新永安,,702,深坑區,萬順寮,草地尾,35-28
深坑區,新永安,,703,深坑區,萬順寮,草地尾,35-18
深坑區,新永安,,704,深坑區,萬順寮,草地尾,35-17
深坑區,新永安,,705,深坑區,萬順寮,草地尾,35-16
深坑區,新永安,,706,深坑區,萬順寮,草地尾,35-15
深坑區,新永安,,707,深坑區,萬順寮,草地尾,35-14
深坑區,新永安,,708,深坑區,萬順寮,草地尾,45-10
深坑區,新永安,,709,深坑區,萬順寮,草地尾,45-11
深坑區,新永安,,71,深坑區,萬順寮,草地尾,33-15
深坑區,新永安,,710,深坑區,萬順寮,草地尾,35-30
深坑區,新永安,,711,深坑區,萬順寮,草地尾,45-12
深坑區,新永安,,712,深坑區,萬順寮,草地尾,35-23
深坑區,新永安,,713,深坑區,萬順寮,草地尾,35-22
深坑區,新永安,,714,深坑區,萬順寮,草地尾,35-21
深坑區,新永安,,715,深坑區,萬順寮,草地尾,35-20
深坑區,新永安,,716,深坑區,萬順寮,草地尾,35-19
深坑區,新永安,,717,深坑區,萬順寮,草地尾,36-25
深坑區,新永安,,718,深坑區,萬順寮,草地尾,36-26
深坑區,新永安,,719,深坑區,萬順寮,草地尾,36-27
深坑區,新永安,,72,深坑區,萬順寮,草地尾,33-14
深坑區,新永安,,720,深坑區,萬順寮,草地尾,36-22
深坑區,新永安,,721,深坑區,萬順寮,草地尾,36-23
深坑區,新永安,,722,深坑區,萬順寮,草地尾,36-24
深坑區,新永安,,723,深坑區,萬順寮,草地尾,36-21
深坑區,新永安,,724,深坑區,萬順寮,草地尾,36-20
深坑區,新永安,,725,深坑區,萬順寮,草地尾,36-19
深坑區,新永安,,726,深坑區,萬順寮,草地尾,35-24
深坑區,新永安,,727,深坑區,萬順寮,草地尾,35-25
深坑區,新永安,,728,深坑區,萬順寮,草地尾,35-26
深坑區,新永安,,729,深坑區,萬順寮,草地尾,36-9
深坑區,新永安,,73,深坑區,萬順寮,草地尾,33-13
深坑區,新永安,,730,深坑區,萬順寮,草地尾,36-10
深坑區,新永安,,731,深坑區,萬順寮,草地尾,36-11
深坑區,新永安,,732,深坑區,萬順寮,草地尾,36-12
深坑區,新永安,,733,深坑區,萬順寮,草地尾,36-13
深坑區,新永安,,734,深坑區,萬順寮,草地尾,36-14
深坑區,新永安,,735,深坑區,萬順寮,草地尾,36-15
深坑區,新永安,,736,深坑區,萬順寮,草地尾,36-16
深坑區,新永安,,737,深坑區,萬順寮,草地尾,36-17
深坑區,新永安,,738,深坑區,萬順寮,草地尾,36-18
深坑區,新永安,,739,深坑區,萬順寮,草地尾,37
深坑區,新永安,,74,深坑區,萬順寮,草地尾,33-17
深坑區,新永安,,740,深坑區,萬順寮,草地尾,37-1
深坑區,新永安,,741,深坑區,萬順寮,草地尾,41-1
深坑區,新永安,,742,深坑區,萬順寮,草地尾,40-1
深坑區,新永安,,743,深坑區,萬順寮,草地尾,42-2
深坑區,新永安,,744,深坑區,萬順寮,草地尾,43-32
深坑區,新永安,,745,深坑區,萬順寮,草地尾,39
深坑區,新永安,,746,深坑區,萬順寮,草地尾,42-5
深坑區,新永安,,747,深坑區,萬順寮,草地尾,42-4
深坑區,新永安,,748,深坑區,萬順寮,草地尾,42-1
深坑區,新永安,,749,深坑區,萬順寮,草地尾,43-16
深坑區,新永安,,75,深坑區,萬順寮,草地尾,33-18
深坑區,新永安,,750,深坑區,萬順寮,草地尾,43-15
深坑區,新永安,,751,深坑區,萬順寮,草地尾,40-2
深坑區,新永安,,752,深坑區,萬順寮,草地尾,39-1
深坑區,新永安,,753,深坑區,萬順寮,草地尾,43-14
深坑區,新永安,,754,深坑區,萬順寮,草地尾,37-2
深坑區,新永安,,755,深坑區,萬順寮,草地尾,38
深坑區,新永安,,756,深坑區,萬順寮,草地尾,43-17
深坑區,新永安,,757,深坑區,萬順寮,草地尾,43-84
深坑區,新永安,,758,深坑區,萬順寮,草地尾,43-83
深坑區,新永安,,759,深坑區,萬順寮,草地尾,43-33
深坑區,新永安,,760,深坑區,萬順寮,草地尾,43-1
深坑區,新永安,,761,深坑區,萬順寮,草地尾,43-82
深坑區,新永安,,762,深坑區,萬順寮,草地尾,43-59
深坑區,新永安,,763,深坑區,萬順寮,草地尾,43-58
深坑區,新永安,,764,深坑區,萬順寮,草地尾,43-81
深坑區,新永安,,765,深坑區,萬順寮,草地尾,44-1
深坑區,新永安,,766,深坑區,萬順寮,草地尾,44
深坑區,新永安,,767,深坑區,萬順寮,草地尾,43-3
深坑區,新永安,,768,深坑區,萬順寮,草地尾,35-2
深坑區,新永安,,769,深坑區,萬順寮,草地尾,45-2
深坑區,新永安,,77,深坑區,萬順寮,大坑外股,17-2
深坑區,新永安,,770,深坑區,萬順寮,草地尾,45-3
深坑區,新永安,,771,深坑區,萬順寮,草地尾,46-2
深坑區,新永安,,772,深坑區,萬順寮,草地尾,57-14
深坑區,新永安,,773,深坑區,萬順寮,草地尾,57-13
深坑區,新永安,,774,深坑區,萬順寮,草地尾,57-11
深坑區,新永安,,775,深坑區,萬順寮,草地尾,57-8
深坑區,新永安,,776,深坑區,萬順寮,草地尾,57-7
深坑區,新永安,,777,深坑區,萬順寮,草地尾,72-27
深坑區,新永安,,778,深坑區,萬順寮,草地尾,56-2
深坑區,新永安,,779,深坑區,萬順寮,草地尾,57-6
深坑區,新永安,,78,深坑區,萬順寮,草地尾,33-31
深坑區,新永安,,780,深坑區,萬順寮,草地尾,72-29
深坑區,新永安,,781,深坑區,萬順寮,草地尾,72-28
深坑區,新永安,,782,深坑區,萬順寮,草地尾,56-1
深坑區,新永安,,783,深坑區,萬順寮,草地尾,57-9
深坑區,新永安,,784,深坑區,萬順寮,草地尾,57-10
深坑區,新永安,,785,深坑區,萬順寮,草地尾,56-3
深坑區,新永安,,786,深坑區,萬順寮,草地尾,56-4
深坑區,新永安,,787,深坑區,萬順寮,草地尾,57-12
深坑區,新永安,,788,深坑區,萬順寮,草地尾,56
深坑區,新永安,,789,深坑區,萬順寮,草地尾,73-12
深坑區,新永安,,79,深坑區,萬順寮,草地尾,33-71
深坑區,新永安,,790,深坑區,萬順寮,草地尾,56-5
深坑區,新永安,,791,深坑區,萬順寮,草地尾,56-6
深坑區,新永安,,792,深坑區,萬順寮,草地尾,73-2
深坑區,新永安,,793,深坑區,萬順寮,草地尾,73-1
深坑區,新永安,,794,深坑區,萬順寮,草地尾,54
深坑區,新永安,,795,深坑區,萬順寮,草地尾,55
深坑區,新永安,,796,深坑區,萬順寮,草地尾,73-3
深坑區,新永安,,797,深坑區,萬順寮,草地尾,73-4
深坑區,新永安,,798,深坑區,萬順寮,草地尾,43-6
深坑區,新永安,,799,深坑區,萬順寮,草地尾,72-30
深坑區,新永安,,8,深坑區,萬順寮,草地尾,32-5
深坑區,新永安,,80,深坑區,萬順寮,草地尾,33-4
深坑區,新永安,,800,深坑區,萬順寮,草地尾,43-31
深坑區,新永安,,801,深坑區,萬順寮,草地尾,73
深坑區,新永安,,802,深坑區,萬順寮,草地尾,72-26
深坑區,新永安,,803,深坑區,萬順寮,草地尾,57-2
深坑區,新永安,,804,深坑區,萬順寮,草地尾,57-5
深坑區,新永安,,805,深坑區,萬順寮,草地尾,72-25
深坑區,新永安,,806,深坑區,萬順寮,草地尾,72-24
深坑區,新永安,,807,深坑區,萬順寮,草地尾,71-3
深坑區,新永安,,808,深坑區,萬順寮,草地尾,71-6
深坑區,新永安,,809,深坑區,萬順寮,草地尾,72-23
深坑區,新永安,,81,深坑區,萬順寮,草地尾,33-5
深坑區,新永安,,810,深坑區,萬順寮,草地尾,72-22
深坑區,新永安,,811,深坑區,萬順寮,草地尾,71-7
深坑區,新永安,,812,深坑區,萬順寮,草地尾,71-8
深坑區,新永安,,813,深坑區,萬順寮,草地尾,72-21
深坑區,新永安,,814,深坑區,萬順寮,草地尾,72-20
深坑區,新永安,,815,深坑區,萬順寮,草地尾,71-9
深坑區,新永安,,816,深坑區,萬順寮,草地尾,80-2
深坑區,新永安,,817,深坑區,萬順寮,草地尾,80-1
深坑區,新永安,,818,深坑區,萬順寮,草地尾,80-5
深坑區,新永安,,819,深坑區,萬順寮,草地尾,80-6
深坑區,新永安,,82,深坑區,萬順寮,草地尾,33-39
深坑區,新永安,,820,深坑區,萬順寮,草地尾,80-10
深坑區,新永安,,821,深坑區,萬順寮,草地尾,76-2
深坑區,新永安,,822,深坑區,萬順寮,草地尾,76
深坑區,新永安,,823,深坑區,萬順寮,草地尾,76-1
深坑區,新永安,,824,深坑區,萬順寮,草地尾,72-19
深坑區,新永安,,825,深坑區,萬順寮,草地尾,72-18
深坑區,新永安,,826,深坑區,萬順寮,草地尾,72-17
深坑區,新永安,,827,深坑區,萬順寮,草地尾,72-16
深坑區,新永安,,828,深坑區,萬順寮,草地尾,73-6
深坑區,新永安,,829,深坑區,萬順寮,草地尾,73-11
深坑區,新永安,,83,深坑區,萬順寮,草地尾,33-12
深坑區,新永安,,830,深坑區,萬順寮,草地尾,72
深坑區,新永安,,831,深坑區,萬順寮,草地尾,72-31
深坑區,新永安,,832,深坑區,萬順寮,草地尾,72-15
深坑區,新永安,,833,深坑區,萬順寮,草地尾,72-13
深坑區,新永安,,834,深坑區,萬順寮,草地尾,72-11
深坑區,新永安,,835,深坑區,萬順寮,草地尾,72-9
深坑區,新永安,,836,深坑區,萬順寮,草地尾,72-7
深坑區,新永安,,837,深坑區,萬順寮,草地尾,72-3
深坑區,新永安,,838,深坑區,萬順寮,草地尾,72-32
深坑區,新永安,,839,深坑區,萬順寮,草地尾,72-4
深坑區,新永安,,84,深坑區,萬順寮,草地尾,33-7
深坑區,新永安,,840,深坑區,萬順寮,草地尾,72-6
深坑區,新永安,,841,深坑區,萬順寮,草地尾,72-8
深坑區,新永安,,842,深坑區,萬順寮,草地尾,73-10
深坑區,新永安,,843,深坑區,萬順寮,草地尾,73-9
深坑區,新永安,,844,深坑區,萬順寮,草地尾,72-10
深坑區,新永安,,845,深坑區,萬順寮,草地尾,72-12
深坑區,新永安,,846,深坑區,萬順寮,草地尾,73-8
深坑區,新永安,,847,深坑區,萬順寮,草地尾,73-7
深坑區,新永安,,848,深坑區,萬順寮,草地尾,72-14
深坑區,新永安,,849,深坑區,萬順寮,草地尾,43-68
深坑區,新永安,,85,深坑區,萬順寮,草地尾,33-37
深坑區,新永安,,850,深坑區,萬順寮,草地尾,43-19
深坑區,新永安,,851,深坑區,萬順寮,草地尾,77
深坑區,新永安,,852,深坑區,萬順寮,草地尾,77-1
深坑區,新永安,,853,深坑區,萬順寮,草地尾,77-2
深坑區,新永安,,854,深坑區,萬順寮,草地尾,43-77
深坑區,新永安,,855,深坑區,萬順寮,草地尾,43-25
深坑區,新永安,,856,深坑區,萬順寮,草地尾,80-25
深坑區,新永安,,857,深坑區,萬順寮,草地尾,80-22
深坑區,新永安,,858,深坑區,萬順寮,草地尾,80-11
深坑區,新永安,,859,深坑區,萬順寮,草地尾,80-23
深坑區,新永安,,86,深坑區,萬順寮,草地尾,33-36
深坑區,新永安,,860,深坑區,萬順寮,草地尾,80-24
深坑區,新永安,,861,深坑區,萬順寮,草地尾,80-26
深坑區,新永安,,862,深坑區,萬順寮,草地尾,80-3
深坑區,新永安,,863,深坑區,萬順寮,草地尾,80-4
深坑區,新永安,,864,深坑區,萬順寮,草地尾,89-10
深坑區,新永安,,865,深坑區,萬順寮,草地尾,89-57
深坑區,新永安,,866,深坑區,萬順寮,草地尾,89-11
深坑區,新永安,,867,深坑區,萬順寮,草地尾,89-12
深坑區,新永安,,868,深坑區,萬順寮,草地尾,89-21
深坑區,新永安,,869,深坑區,萬順寮,草地尾,89-22
深坑區,新永安,,87,深坑區,萬順寮,草地尾,33-35
深坑區,新永安,,870,深坑區,萬順寮,草地尾,89-23
深坑區,新永安,,871,深坑區,萬順寮,草地尾,89-24
深坑區,新永安,,872,深坑區,萬順寮,草地尾,89-68
深坑區,新永安,,873,深坑區,萬順寮,草地尾,89-13
深坑區,新永安,,874,深坑區,萬順寮,草地尾,89-14
深坑區,新永安,,875,深坑區,萬順寮,草地尾,89-5
深坑區,新永安,,876,深坑區,萬順寮,草地尾,89-55
深坑區,新永安,,877,深坑區,萬順寮,草地尾,89-8
深坑區,新永安,,878,深坑區,萬順寮,草地尾,89-6
深坑區,新永安,,879,深坑區,萬順寮,草地尾,89-61
深坑區,新永安,,88,深坑區,萬順寮,草地尾,33-6
深坑區,新永安,,880,深坑區,萬順寮,草地尾,89-58
深坑區,新永安,,881,深坑區,萬順寮,草地尾,43-7
深坑區,新永安,,882,深坑區,萬順寮,草地尾,94-12
深坑區,新永安,,883,深坑區,萬順寮,草地尾,94-15
深坑區,新永安,,884,深坑區,萬順寮,草地尾,94-2
深坑區,新永安,,885,深坑區,萬順寮,草地尾,94-18
深坑區,新永安,,886,深坑區,萬順寮,草地尾,94-13
深坑區,新永安,,887,深坑區,萬順寮,草地尾,94-20
深坑區,新永安,,888,深坑區,萬順寮,草地尾,94-21
深坑區,新永安,,889,深坑區,萬順寮,草地尾,94-17
深坑區,新永安,,89,深坑區,萬順寮,草地尾,33-34
深坑區,新永安,,890,深坑區,萬順寮,草地尾,94-14
深坑區,新永安,,891,深坑區,萬順寮,草地尾,94-19
深坑區,新永安,,892,深坑區,萬順寮,草地尾,43-80
深坑區,新永安,,893,深坑區,萬順寮,草地尾,89-25
深坑區,新永安,,894,深坑區,萬順寮,草地尾,43-34
深坑區,新永安,,895,深坑區,萬順寮,草地尾,43-79
深坑區,新永安,,896,深坑區,萬順寮,草地尾,43-35
深坑區,新永安,,897,深坑區,萬順寮,草地尾,43-75
深坑區,新永安,,898,深坑區,萬順寮,草地尾,90
深坑區,新永安,,899,深坑區,萬順寮,草地尾,89-60
深坑區,新永安,,9,深坑區,萬順寮,草地尾,32-23
深坑區,新永安,,90,深坑區,萬順寮,草地尾,33-25
深坑區,新永安,,900,深坑區,萬順寮,草地尾,89-71
深坑區,新永安,,901,深坑區,萬順寮,草地尾,43-95
深坑區,新永安,,902,深坑區,萬順寮,草地尾,43-97
深坑區,新永安,,903,深坑區,萬順寮,草地尾,43-74
深坑區,新永安,,904,深坑區,萬順寮,草地尾,43-98
深坑區,新永安,,905,深坑區,萬順寮,草地尾,43-96
深坑區,新永安,,906,深坑區,萬順寮,草地尾,89-72
深坑區,新永安,,907,深坑區,萬順寮,草地尾,89-69
深坑區,新永安,,908,深坑區,萬順寮,草地尾,89-70
深坑區,新永安,,909,深坑區,萬順寮,草地尾,43-69
深坑區,新永安,,91,深坑區,萬順寮,草地尾,33
深坑區,新永安,,910,深坑區,萬順寮,草地尾,43-70
深坑區,新永安,,911,深坑區,萬順寮,草地尾,43-71
深坑區,新永安,,912,深坑區,萬順寮,草地尾,43-72
深坑區,新永安,,913,深坑區,萬順寮,草地尾,43-30
深坑區,新永安,,914,深坑區,萬順寮,草地尾,43-76
深坑區,新永安,,915,深坑區,萬順寮,草地尾,43-26
深坑區,新永安,,916,深坑區,萬順寮,草地尾,43-78
深坑區,新永安,,917,深坑區,萬順寮,草地尾,43-56
深坑區,新永安,,918,深坑區,萬順寮,草地尾,43-73
深坑區,新永安,,919,深坑區,萬順寮,草地尾,43-99
深坑區,新永安,,92,深坑區,萬順寮,草地尾,33-26
深坑區,新永安,,920,深坑區,萬順寮,草地尾,43-64
深坑區,新永安,,921,深坑區,萬順寮,草地尾,43-100
深坑區,新永安,,922,深坑區,萬順寮,草地尾,43-101
深坑區,新永安,,923,深坑區,萬順寮,草地尾,43-102
深坑區,新永安,,924,深坑區,萬順寮,草地尾,43-103
深坑區,新永安,,925,深坑區,萬順寮,草地尾,43-85
深坑區,新永安,,926,深坑區,萬順寮,草地尾,43-104
深坑區,新永安,,927,深坑區,萬順寮,草地尾,40-3
深坑區,新永安,,928,深坑區,萬順寮,草地尾,39-2
深坑區,新永安,,929,深坑區,萬順寮,草地尾,43-105
深坑區,新永安,,93,深坑區,萬順寮,草地尾,60-5
深坑區,新永安,,930,深坑區,萬順寮,草地尾,43-86
深坑區,新永安,,931,深坑區,萬順寮,草地尾,43-87
深坑區,新永安,,932,深坑區,萬順寮,草地尾,43-106
深坑區,新永安,,933,深坑區,萬順寮,草地尾,38-1
深坑區,新永安,,934,深坑區,萬順寮,草地尾,43-13
深坑區,新永安,,935,深坑區,萬順寮,草地尾,43-88
深坑區,新永安,,936,深坑區,萬順寮,草地尾,43-107
深坑區,新永安,,937,深坑區,萬順寮,草地尾,43-109
深坑區,新永安,,938,深坑區,萬順寮,草地尾,43-108
深坑區,新永安,,939,深坑區,萬順寮,草地尾,22-2
深坑區,新永安,,94,深坑區,萬順寮,草地尾,31-21
深坑區,新永安,,940,深坑區,萬順寮,草地尾,43-12
深坑區,新永安,,941,深坑區,萬順寮,草地尾,43-89
深坑區,新永安,,942,深坑區,萬順寮,草地尾,22-1
深坑區,新永安,,943,深坑區,萬順寮,草地尾,21-5
深坑區,新永安,,944,深坑區,萬順寮,草地尾,21-4
深坑區,新永安,,945,深坑區,萬順寮,草地尾,43-29
深坑區,新永安,,946,深坑區,萬順寮,草地尾,43-11
深坑區,新永安,,947,深坑區,萬順寮,草地尾,21-6
深坑區,新永安,,948,深坑區,萬順寮,草地尾,21-7
深坑區,新永安,,949,深坑區,萬順寮,草地尾,43-90
深坑區,新永安,,95,深坑區,萬順寮,草地尾,31-17
深坑區,新永安,,950,深坑區,萬順寮,草地尾,43-110
深坑區,新永安,,951,深坑區,萬順寮,草地尾,43-10
深坑區,新永安,,952,深坑區,萬順寮,草地尾,43-9
深坑區,新永安,,953,深坑區,萬順寮,草地尾,43-114
深坑區,新永安,,954,深坑區,萬順寮,草地尾,43-113
深坑區,新永安,,955,深坑區,萬順寮,草地尾,43-111
深坑區,新永安,,956,深坑區,萬順寮,草地尾,43-92
深坑區,新永安,,957,深坑區,萬順寮,草地尾,43-36
深坑區,新永安,,958,深坑區,萬順寮,草地尾,43-93
深坑區,新永安,,959,深坑區,萬順寮,草地尾,43-112
深坑區,新永安,,96,深坑區,萬順寮,草地尾,31-22
深坑區,新永安,,960,深坑區,萬順寮,草地尾,43-94
深坑區,新永安,,961,深坑區,萬順寮,草地尾,43-37
深坑區,新永安,,97,深坑區,萬順寮,草地尾,30-4
深坑區,新永安,,98,深坑區,萬順寮,草地尾,33-2
深坑區,新永安,,99,深坑區,萬順寮,草地尾,33-70
深坑區,昇高,,10,深坑區,烏月,烏月,2-4
深坑區,昇高,,100,深坑區,烏月,烏月,51-2
深坑區,昇高,,1000,深坑區,升高坑,升高坑,71-3
深坑區,昇高,,1002,深坑區,升高坑,升高坑,71
深坑區,昇高,,1003,深坑區,升高坑,升高坑,79
深坑區,昇高,,1004,深坑區,升高坑,升高坑,79-1
深坑區,昇高,,1005,深坑區,升高坑,升高坑,75
深坑區,昇高,,1006,深坑區,升高坑,升高坑,71-2
深坑區,昇高,,1007,深坑區,升高坑,升高坑,70
深坑區,昇高,,1008,深坑區,升高坑,升高坑,70-1
深坑區,昇高,,101,深坑區,烏月,烏月,51-3
深坑區,昇高,,1011,深坑區,升高坑,升高坑,70-2
深坑區,昇高,,1012,深坑區,升高坑,升高坑,71-4
深坑區,昇高,,1013,深坑區,升高坑,升高坑,71-5
深坑區,昇高,,1017,深坑區,升高坑,升高坑,46
深坑區,昇高,,1018,深坑區,升高坑,升高坑,46-1
深坑區,昇高,,1019,深坑區,升高坑,升高坑,175
深坑區,昇高,,102,深坑區,烏月,烏月,50-3
深坑區,昇高,,1020,深坑區,升高坑,升高坑,53-12
深坑區,昇高,,1021,深坑區,升高坑,升高坑,53-13
深坑區,昇高,,1022,深坑區,升高坑,升高坑,53-5
深坑區,昇高,,1023,深坑區,升高坑,升高坑,53-14
深坑區,昇高,,1024,深坑區,升高坑,升高坑,53-7
深坑區,昇高,,1025,深坑區,升高坑,升高坑,53-8
深坑區,昇高,,1026,深坑區,升高坑,升高坑,53-4
深坑區,昇高,,1027,深坑區,升高坑,升高坑,53-9
深坑區,昇高,,1028,深坑區,升高坑,升高坑,53-2
深坑區,昇高,,1029,深坑區,升高坑,升高坑,53-10
深坑區,昇高,,103,深坑區,烏月,烏月,52
深坑區,昇高,,1030,深坑區,升高坑,升高坑,53-1
深坑區,昇高,,1031,深坑區,升高坑,升高坑,53-3
深坑區,昇高,,1032,深坑區,升高坑,升高坑,53-6
深坑區,昇高,,1033,深坑區,升高坑,升高坑,53-11
深坑區,昇高,,1034,深坑區,升高坑,升高坑,177-1
深坑區,昇高,,1035,深坑區,升高坑,升高坑,177
深坑區,昇高,,1036,深坑區,升高坑,升高坑,59-4
深坑區,昇高,,1037,深坑區,升高坑,升高坑,61-5
深坑區,昇高,,1038,深坑區,升高坑,升高坑,61-2
深坑區,昇高,,1039,深坑區,升高坑,升高坑,61-6
深坑區,昇高,,104,深坑區,烏月,烏月,50-1
深坑區,昇高,,1040,深坑區,升高坑,升高坑,61-1
深坑區,昇高,,1042,深坑區,升高坑,升高坑,61-7
深坑區,昇高,,1044,深坑區,升高坑,升高坑,59
深坑區,昇高,,1045,深坑區,升高坑,升高坑,59-1
深坑區,昇高,,1046,深坑區,升高坑,升高坑,59-2
深坑區,昇高,,1047,深坑區,升高坑,升高坑,59-3
深坑區,昇高,,1048,深坑區,升高坑,升高坑,51
深坑區,昇高,,1049,深坑區,升高坑,升高坑,61-8
深坑區,昇高,,1050,深坑區,升高坑,升高坑,61-4
深坑區,昇高,,1051,深坑區,升高坑,升高坑,62
深坑區,昇高,,1052,深坑區,升高坑,升高坑,61
深坑區,昇高,,1056,深坑區,升高坑,升高坑,68
深坑區,昇高,,1057,深坑區,升高坑,升高坑,66
深坑區,昇高,,1058,深坑區,升高坑,升高坑,66-1
深坑區,昇高,,1059,深坑區,升高坑,升高坑,65
深坑區,昇高,,106,深坑區,烏月,烏月,57
深坑區,昇高,,1060,深坑區,升高坑,升高坑,64
深坑區,昇高,,1061,深坑區,升高坑,升高坑,61-3
深坑區,昇高,,1063,深坑區,升高坑,升高坑,107-2
深坑區,昇高,,1064,深坑區,升高坑,升高坑,107
深坑區,昇高,,1068,深坑區,升高坑,升高坑,107-1
深坑區,昇高,,1069,深坑區,升高坑,升高坑,109
深坑區,昇高,,107,深坑區,烏月,烏月,56
深坑區,昇高,,1070,深坑區,升高坑,升高坑,109-2
深坑區,昇高,,1071,深坑區,升高坑,升高坑,109-7
深坑區,昇高,,1072,深坑區,升高坑,升高坑,109-6
深坑區,昇高,,1073,深坑區,升高坑,升高坑,109-4
深坑區,昇高,,1074,深坑區,升高坑,升高坑,109-3
深坑區,昇高,,1075,深坑區,升高坑,升高坑,351
深坑區,昇高,,1076,深坑區,升高坑,升高坑,352
深坑區,昇高,,1077,深坑區,升高坑,升高坑,50-2
深坑區,昇高,,1078,深坑區,升高坑,升高坑,50-1
深坑區,昇高,,1079,深坑區,升高坑,升高坑,49-2
深坑區,昇高,,108,深坑區,烏月,烏月,55
深坑區,昇高,,1080,深坑區,升高坑,升高坑,50
深坑區,昇高,,1081,深坑區,升高坑,升高坑,47-3
深坑區,昇高,,1082,深坑區,升高坑,升高坑,48
深坑區,昇高,,1083,深坑區,升高坑,升高坑,353
深坑區,昇高,,1084,深坑區,升高坑,升高坑,49-1
深坑區,昇高,,1085,深坑區,升高坑,升高坑,49-3
深坑區,昇高,,1086,深坑區,升高坑,升高坑,32-10
深坑區,昇高,,1087,深坑區,升高坑,升高坑,47-2
深坑區,昇高,,1088,深坑區,升高坑,升高坑,47
深坑區,昇高,,1089,深坑區,升高坑,升高坑,47-1
深坑區,昇高,,109,深坑區,烏月,烏月,53-2
深坑區,昇高,,1090,深坑區,升高坑,升高坑,32-5
深坑區,昇高,,1091,深坑區,升高坑,升高坑,32-4
深坑區,昇高,,1092,深坑區,升高坑,升高坑,183
深坑區,昇高,,1093,深坑區,升高坑,升高坑,32-7
深坑區,昇高,,1094,深坑區,升高坑,升高坑,32-9
深坑區,昇高,,11,深坑區,烏月,烏月,2-3
深坑區,昇高,,110,深坑區,烏月,烏月,58
深坑區,昇高,,1100,深坑區,升高坑,升高坑,38-6
深坑區,昇高,,1101,深坑區,升高坑,升高坑,32-6
深坑區,昇高,,1102,深坑區,升高坑,升高坑,32-8
深坑區,昇高,,1103,深坑區,升高坑,升高坑,368
深坑區,昇高,,1104,深坑區,升高坑,升高坑,36-3
深坑區,昇高,,1105,深坑區,升高坑,升高坑,36-4
深坑區,昇高,,1106,深坑區,升高坑,升高坑,33-2
深坑區,昇高,,1107,深坑區,升高坑,升高坑,33-1
深坑區,昇高,,1108,深坑區,升高坑,升高坑,32
深坑區,昇高,,1109,深坑區,升高坑,升高坑,34-3
深坑區,昇高,,111,深坑區,烏月,烏月,59
深坑區,昇高,,1110,深坑區,升高坑,升高坑,34-2
深坑區,昇高,,1111,深坑區,升高坑,升高坑,32-3
深坑區,昇高,,1112,深坑區,升高坑,升高坑,32-2
深坑區,昇高,,1113,深坑區,升高坑,升高坑,32-1
深坑區,昇高,,1114,深坑區,升高坑,升高坑,32-11
深坑區,昇高,,1115,深坑區,升高坑,升高坑,355
深坑區,昇高,,1116,深坑區,升高坑,升高坑,31
深坑區,昇高,,1117,深坑區,升高坑,升高坑,30
深坑區,昇高,,1118,深坑區,升高坑,升高坑,30-1
深坑區,昇高,,1119,深坑區,升高坑,升高坑,30-2
深坑區,昇高,,112,深坑區,烏月,烏月,53-1
深坑區,昇高,,1120,深坑區,升高坑,升高坑,30-3
深坑區,昇高,,1121,深坑區,升高坑,升高坑,30-11
深坑區,昇高,,1122,深坑區,升高坑,升高坑,30-4
深坑區,昇高,,1123,深坑區,升高坑,升高坑,30-5
深坑區,昇高,,1124,深坑區,升高坑,升高坑,30-13
深坑區,昇高,,1125,深坑區,升高坑,升高坑,367
深坑區,昇高,,1126,深坑區,升高坑,升高坑,367-1
深坑區,昇高,,1127,深坑區,升高坑,升高坑,29
深坑區,昇高,,1128,深坑區,升高坑,升高坑,366
深坑區,昇高,,1129,深坑區,升高坑,升高坑,24-2
深坑區,昇高,,113,深坑區,烏月,烏月,53-4
深坑區,昇高,,1130,深坑區,升高坑,升高坑,22
深坑區,昇高,,1131,深坑區,升高坑,升高坑,24
深坑區,昇高,,1132,深坑區,升高坑,升高坑,23
深坑區,昇高,,1133,深坑區,升高坑,升高坑,22-4
深坑區,昇高,,1134,深坑區,升高坑,升高坑,22-5
深坑區,昇高,,1136,深坑區,升高坑,升高坑,365
深坑區,昇高,,1137,深坑區,升高坑,升高坑,25
深坑區,昇高,,1138,深坑區,升高坑,升高坑,30-12
深坑區,昇高,,1139,深坑區,升高坑,升高坑,364
深坑區,昇高,,114,深坑區,烏月,烏月,53-3
深坑區,昇高,,1140,深坑區,升高坑,升高坑,30-6
深坑區,昇高,,1141,深坑區,升高坑,升高坑,30-10
深坑區,昇高,,1142,深坑區,升高坑,升高坑,356
深坑區,昇高,,1143,深坑區,升高坑,升高坑,354
深坑區,昇高,,1144,深坑區,升高坑,升高坑,357
深坑區,昇高,,1145,深坑區,升高坑,升高坑,358
深坑區,昇高,,1146,深坑區,升高坑,升高坑,359
深坑區,昇高,,1147,深坑區,升高坑,升高坑,360
深坑區,昇高,,1148,深坑區,升高坑,升高坑,30-8
深坑區,昇高,,1149,深坑區,升高坑,升高坑,361
深坑區,昇高,,115,深坑區,烏月,烏月,53
深坑區,昇高,,1150,深坑區,升高坑,升高坑,30-7
深坑區,昇高,,1151,深坑區,升高坑,升高坑,30-9
深坑區,昇高,,1152,深坑區,升高坑,升高坑,20-3
深坑區,昇高,,1153,深坑區,升高坑,升高坑,382
深坑區,昇高,,1154,深坑區,升高坑,升高坑,362
深坑區,昇高,,1155,深坑區,升高坑,升高坑,363
深坑區,昇高,,1156,深坑區,升高坑,升高坑,20
深坑區,昇高,,1157,深坑區,升高坑,升高坑,20-2
深坑區,昇高,,1158,深坑區,升高坑,升高坑,20-1
深坑區,昇高,,1159,深坑區,升高坑,升高坑,380
深坑區,昇高,,116,深坑區,烏月,烏月,66-5
深坑區,昇高,,1160,深坑區,升高坑,升高坑,18-3
深坑區,昇高,,1161,深坑區,升高坑,升高坑,381
深坑區,昇高,,1162,深坑區,升高坑,升高坑,379
深坑區,昇高,,1163,深坑區,升高坑,升高坑,362-1
深坑區,昇高,,1164,深坑區,升高坑,升高坑,21
深坑區,昇高,,1166,深坑區,升高坑,升高坑,21-1
深坑區,昇高,,1167,深坑區,升高坑,升高坑,21-3
深坑區,昇高,,1168,深坑區,升高坑,升高坑,21-2
深坑區,昇高,,1169,深坑區,升高坑,升高坑,377
深坑區,昇高,,117,深坑區,烏月,烏月,66-1
深坑區,昇高,,1170,深坑區,升高坑,升高坑,401
深坑區,昇高,,1171,深坑區,升高坑,升高坑,401-1
深坑區,昇高,,1172,深坑區,升高坑,升高坑,9-18
深坑區,昇高,,1173,深坑區,升高坑,升高坑,9-1
深坑區,昇高,,1174,深坑區,升高坑,升高坑,9-17
深坑區,昇高,,1175,深坑區,升高坑,升高坑,9-3
深坑區,昇高,,1176,深坑區,升高坑,升高坑,9-5
深坑區,昇高,,1177,深坑區,升高坑,升高坑,9-2
深坑區,昇高,,1178,深坑區,升高坑,升高坑,9-15
深坑區,昇高,,1179,深坑區,升高坑,升高坑,9
深坑區,昇高,,118,深坑區,烏月,烏月,66-2
深坑區,昇高,,1180,深坑區,升高坑,升高坑,400
深坑區,昇高,,1181,深坑區,升高坑,升高坑,11
深坑區,昇高,,1182,深坑區,升高坑,升高坑,168-12
深坑區,昇高,,1183,深坑區,升高坑,升高坑,168-5
深坑區,昇高,,1184,深坑區,升高坑,升高坑,168-2
深坑區,昇高,,1185,深坑區,升高坑,升高坑,168
深坑區,昇高,,1186,深坑區,升高坑,升高坑,168-14
深坑區,昇高,,1187,深坑區,升高坑,升高坑,168-15
深坑區,昇高,,1188,深坑區,升高坑,升高坑,14-1
深坑區,昇高,,1189,深坑區,升高坑,升高坑,14-8
深坑區,昇高,,119,深坑區,烏月,烏月,66-3
深坑區,昇高,,1190,深坑區,升高坑,升高坑,17-13
深坑區,昇高,,1191,深坑區,升高坑,升高坑,14-9
深坑區,昇高,,1192,深坑區,升高坑,升高坑,168-6
深坑區,昇高,,1193,深坑區,升高坑,升高坑,168-3
深坑區,昇高,,1194,深坑區,升高坑,升高坑,168-10
深坑區,昇高,,1195,深坑區,升高坑,升高坑,14-7
深坑區,昇高,,1196,深坑區,升高坑,升高坑,14-3
深坑區,昇高,,1197,深坑區,升高坑,升高坑,168-7
深坑區,昇高,,1198,深坑區,升高坑,升高坑,15
深坑區,昇高,,1199,深坑區,升高坑,升高坑,168-4
深坑區,昇高,,12,深坑區,烏月,烏月,1-12
深坑區,昇高,,120,深坑區,烏月,烏月,70-3
深坑區,昇高,,1200,深坑區,升高坑,升高坑,14
深坑區,昇高,,1201,深坑區,升高坑,升高坑,168-9
深坑區,昇高,,1202,深坑區,升高坑,升高坑,14-6
深坑區,昇高,,1203,深坑區,升高坑,升高坑,168-8
深坑區,昇高,,1204,深坑區,升高坑,升高坑,15-1
深坑區,昇高,,1205,深坑區,升高坑,升高坑,14-4
深坑區,昇高,,1206,深坑區,升高坑,升高坑,14-2
深坑區,昇高,,1207,深坑區,升高坑,升高坑,14-13
深坑區,昇高,,1208,深坑區,升高坑,升高坑,14-5
深坑區,昇高,,1209,深坑區,升高坑,升高坑,15-3
深坑區,昇高,,121,深坑區,烏月,烏月,70-2
深坑區,昇高,,1210,深坑區,升高坑,升高坑,15-2
深坑區,昇高,,1211,深坑區,升高坑,升高坑,18-54
深坑區,昇高,,1212,深坑區,升高坑,升高坑,17-41
深坑區,昇高,,1213,深坑區,升高坑,升高坑,14-11
深坑區,昇高,,1214,深坑區,升高坑,升高坑,17-15
深坑區,昇高,,1215,深坑區,升高坑,升高坑,14-12
深坑區,昇高,,1216,深坑區,升高坑,升高坑,14-10
深坑區,昇高,,1217,深坑區,升高坑,升高坑,14-14
深坑區,昇高,,1218,深坑區,升高坑,升高坑,15-4
深坑區,昇高,,1219,深坑區,升高坑,升高坑,15-5
深坑區,昇高,,122,深坑區,烏月,烏月,70-19
深坑區,昇高,,1220,深坑區,升高坑,升高坑,18-53
深坑區,昇高,,1221,深坑區,升高坑,升高坑,16
深坑區,昇高,,1222,深坑區,升高坑,升高坑,7-16
深坑區,昇高,,1223,深坑區,升高坑,升高坑,16-11
深坑區,昇高,,1224,深坑區,升高坑,升高坑,7-52
深坑區,昇高,,1225,深坑區,升高坑,升高坑,7-50
深坑區,昇高,,1226,深坑區,升高坑,升高坑,7-48
深坑區,昇高,,1227,深坑區,升高坑,升高坑,7-53
深坑區,昇高,,1228,深坑區,升高坑,升高坑,7-4
深坑區,昇高,,1229,深坑區,升高坑,升高坑,9-6
深坑區,昇高,,123,深坑區,烏月,烏月,70-32
深坑區,昇高,,1230,深坑區,升高坑,升高坑,9-11
深坑區,昇高,,1231,深坑區,升高坑,升高坑,9-10
深坑區,昇高,,1232,深坑區,升高坑,升高坑,7-12
深坑區,昇高,,1233,深坑區,升高坑,升高坑,7-11
深坑區,昇高,,1234,深坑區,升高坑,升高坑,7-1
深坑區,昇高,,1235,深坑區,升高坑,升高坑,9-8
深坑區,昇高,,1236,深坑區,升高坑,升高坑,9-7
深坑區,昇高,,1237,深坑區,升高坑,升高坑,18-52
深坑區,昇高,,1238,深坑區,升高坑,升高坑,9-9
深坑區,昇高,,1239,深坑區,升高坑,升高坑,16-10
深坑區,昇高,,124,深坑區,烏月,烏月,69-3
深坑區,昇高,,1240,深坑區,升高坑,升高坑,7-10
深坑區,昇高,,1241,深坑區,升高坑,升高坑,7-6
深坑區,昇高,,1242,深坑區,升高坑,升高坑,9-4
深坑區,昇高,,1243,深坑區,升高坑,升高坑,9-12
深坑區,昇高,,1244,深坑區,升高坑,升高坑,9-13
深坑區,昇高,,1245,深坑區,升高坑,升高坑,9-14
深坑區,昇高,,1246,深坑區,升高坑,升高坑,7
深坑區,昇高,,1247,深坑區,升高坑,升高坑,7-61
深坑區,昇高,,1248,深坑區,升高坑,升高坑,7-62
深坑區,昇高,,1249,深坑區,升高坑,升高坑,1-2
深坑區,昇高,,125,深坑區,烏月,烏月,69-2
深坑區,昇高,,1250,深坑區,升高坑,升高坑,1-1
深坑區,昇高,,1251,深坑區,升高坑,升高坑,1-11
深坑區,昇高,,1252,深坑區,升高坑,升高坑,1-7
深坑區,昇高,,1253,深坑區,升高坑,升高坑,1-8
深坑區,昇高,,1254,深坑區,升高坑,升高坑,1-9
深坑區,昇高,,1255,深坑區,升高坑,升高坑,1-3
深坑區,昇高,,1256,深坑區,升高坑,升高坑,7-7
深坑區,昇高,,1257,深坑區,升高坑,升高坑,1-4
深坑區,昇高,,1258,深坑區,升高坑,升高坑,395
深坑區,昇高,,1259,深坑區,升高坑,升高坑,1-5
深坑區,昇高,,126,深坑區,烏月,烏月,69-7
深坑區,昇高,,1260,深坑區,升高坑,升高坑,395-1
深坑區,昇高,,1261,深坑區,升高坑,升高坑,7-8
深坑區,昇高,,1262,深坑區,升高坑,升高坑,7-47
深坑區,昇高,,1263,深坑區,升高坑,升高坑,1
深坑區,昇高,,1264,深坑區,升高坑,升高坑,7-9
深坑區,昇高,,1265,深坑區,升高坑,升高坑,394
深坑區,昇高,,1266,深坑區,升高坑,升高坑,6
深坑區,昇高,,1267,深坑區,升高坑,升高坑,395-2
深坑區,昇高,,1268,深坑區,升高坑,升高坑,6-3
深坑區,昇高,,1269,深坑區,升高坑,升高坑,6-1
深坑區,昇高,,127,深坑區,烏月,烏月,69-9
深坑區,昇高,,1270,深坑區,升高坑,升高坑,393
深坑區,昇高,,1271,深坑區,升高坑,升高坑,7-5
深坑區,昇高,,1272,深坑區,升高坑,升高坑,7-58
深坑區,昇高,,1273,深坑區,升高坑,升高坑,7-51
深坑區,昇高,,1274,深坑區,升高坑,升高坑,7-60
深坑區,昇高,,1275,深坑區,升高坑,升高坑,7-57
深坑區,昇高,,1276,深坑區,升高坑,升高坑,7-59
深坑區,昇高,,1277,深坑區,升高坑,升高坑,7-49
深坑區,昇高,,1278,深坑區,升高坑,升高坑,7-56
深坑區,昇高,,1279,深坑區,升高坑,升高坑,7-54
深坑區,昇高,,128,深坑區,烏月,烏月,69-4
深坑區,昇高,,1280,深坑區,升高坑,升高坑,7-2
深坑區,昇高,,1281,深坑區,升高坑,升高坑,7-32
深坑區,昇高,,1282,深坑區,升高坑,升高坑,7-43
深坑區,昇高,,1283,深坑區,升高坑,升高坑,7-23
深坑區,昇高,,1284,深坑區,升高坑,升高坑,7-55
深坑區,昇高,,1285,深坑區,升高坑,升高坑,393-29
深坑區,昇高,,1286,深坑區,升高坑,升高坑,393-28
深坑區,昇高,,1287,深坑區,升高坑,升高坑,393-27
深坑區,昇高,,1288,深坑區,升高坑,升高坑,393-26
深坑區,昇高,,1289,深坑區,升高坑,升高坑,393-24
深坑區,昇高,,129,深坑區,烏月,烏月,69-5
深坑區,昇高,,1290,深坑區,升高坑,升高坑,393-25
深坑區,昇高,,1291,深坑區,升高坑,升高坑,5-10
深坑區,昇高,,1292,深坑區,升高坑,升高坑,392
深坑區,昇高,,1293,深坑區,升高坑,升高坑,6-2
深坑區,昇高,,1294,深坑區,升高坑,升高坑,395-3
深坑區,昇高,,1295,深坑區,升高坑,升高坑,170
深坑區,昇高,,1296,深坑區,升高坑,升高坑,16-13
深坑區,昇高,,1297,深坑區,升高坑,升高坑,7-17
深坑區,昇高,,1298,深坑區,升高坑,升高坑,16-14
深坑區,昇高,,1299,深坑區,升高坑,升高坑,7-19
深坑區,昇高,,13,深坑區,烏月,烏月,1-13
深坑區,昇高,,130,深坑區,烏月,烏月,76-3
深坑區,昇高,,1300,深坑區,升高坑,升高坑,7-18
深坑區,昇高,,1301,深坑區,升高坑,升高坑,7-21
深坑區,昇高,,1302,深坑區,升高坑,升高坑,7-20
深坑區,昇高,,1303,深坑區,升高坑,升高坑,16-6
深坑區,昇高,,1304,深坑區,升高坑,升高坑,16-1
深坑區,昇高,,1305,深坑區,升高坑,升高坑,16-2
深坑區,昇高,,1306,深坑區,升高坑,升高坑,18-50
深坑區,昇高,,1307,深坑區,升高坑,升高坑,14-17
深坑區,昇高,,1308,深坑區,升高坑,升高坑,14-16
深坑區,昇高,,1309,深坑區,升高坑,升高坑,17-16
深坑區,昇高,,131,深坑區,烏月,烏月,82-6
深坑區,昇高,,1310,深坑區,升高坑,升高坑,17-2
深坑區,昇高,,1311,深坑區,升高坑,升高坑,16-4
深坑區,昇高,,1312,深坑區,升高坑,升高坑,16-8
深坑區,昇高,,1313,深坑區,升高坑,升高坑,16-5
深坑區,昇高,,1314,深坑區,升高坑,升高坑,16-3
深坑區,昇高,,1315,深坑區,升高坑,升高坑,16-7
深坑區,昇高,,1316,深坑區,升高坑,升高坑,7-22
深坑區,昇高,,1317,深坑區,升高坑,升高坑,7-29
深坑區,昇高,,1318,深坑區,升高坑,升高坑,17-34
深坑區,昇高,,1319,深坑區,升高坑,升高坑,7-41
深坑區,昇高,,132,深坑區,烏月,烏月,84-2
深坑區,昇高,,1320,深坑區,升高坑,升高坑,19-5
深坑區,昇高,,1321,深坑區,升高坑,升高坑,17-38
深坑區,昇高,,1322,深坑區,升高坑,升高坑,19-17
深坑區,昇高,,1323,深坑區,升高坑,升高坑,17-22
深坑區,昇高,,1324,深坑區,升高坑,升高坑,17-4
深坑區,昇高,,1325,深坑區,升高坑,升高坑,17-25
深坑區,昇高,,1326,深坑區,升高坑,升高坑,17-7
深坑區,昇高,,1327,深坑區,升高坑,升高坑,17-29
深坑區,昇高,,1328,深坑區,升高坑,升高坑,7-64
深坑區,昇高,,1329,深坑區,升高坑,升高坑,7-25
深坑區,昇高,,133,深坑區,烏月,烏月,85
深坑區,昇高,,1330,深坑區,升高坑,升高坑,16-9
深坑區,昇高,,1331,深坑區,升高坑,升高坑,17-23
深坑區,昇高,,1332,深坑區,升高坑,升高坑,17
深坑區,昇高,,1333,深坑區,升高坑,升高坑,17-10
深坑區,昇高,,1334,深坑區,升高坑,升高坑,17-9
深坑區,昇高,,1335,深坑區,升高坑,升高坑,17-8
深坑區,昇高,,1336,深坑區,升高坑,升高坑,17-30
深坑區,昇高,,1337,深坑區,升高坑,升高坑,7-42
深坑區,昇高,,1338,深坑區,升高坑,升高坑,7-26
深坑區,昇高,,1339,深坑區,升高坑,升高坑,7-63
深坑區,昇高,,134,深坑區,烏月,烏月,86
深坑區,昇高,,1340,深坑區,升高坑,升高坑,7-28
深坑區,昇高,,1341,深坑區,升高坑,升高坑,7-24
深坑區,昇高,,1342,深坑區,升高坑,升高坑,19-4
深坑區,昇高,,1343,深坑區,升高坑,升高坑,17-37
深坑區,昇高,,1344,深坑區,升高坑,升高坑,19
深坑區,昇高,,1345,深坑區,升高坑,升高坑,19-3
深坑區,昇高,,1346,深坑區,升高坑,升高坑,19-16
深坑區,昇高,,1347,深坑區,升高坑,升高坑,18-4
深坑區,昇高,,1348,深坑區,升高坑,升高坑,18-26
深坑區,昇高,,1349,深坑區,升高坑,升高坑,18-2
深坑區,昇高,,135,深坑區,烏月,烏月,92-2
深坑區,昇高,,1350,深坑區,升高坑,升高坑,18-58
深坑區,昇高,,1351,深坑區,升高坑,升高坑,18-55
深坑區,昇高,,1352,深坑區,升高坑,升高坑,18-56
深坑區,昇高,,1353,深坑區,升高坑,升高坑,18-57
深坑區,昇高,,1354,深坑區,升高坑,升高坑,18-19
深坑區,昇高,,1355,深坑區,升高坑,升高坑,18-45
深坑區,昇高,,1356,深坑區,升高坑,升高坑,18-20
深坑區,昇高,,1357,深坑區,升高坑,升高坑,18-21
深坑區,昇高,,1358,深坑區,升高坑,升高坑,18-22
深坑區,昇高,,1359,深坑區,升高坑,升高坑,18-48
深坑區,昇高,,136,深坑區,烏月,烏月,91
深坑區,昇高,,1360,深坑區,升高坑,升高坑,18-23
深坑區,昇高,,1361,深坑區,升高坑,升高坑,383-3
深坑區,昇高,,1362,深坑區,升高坑,升高坑,383-2
深坑區,昇高,,1363,深坑區,升高坑,升高坑,18-24
深坑區,昇高,,1364,深坑區,升高坑,升高坑,7-30
深坑區,昇高,,1365,深坑區,升高坑,升高坑,17-36
深坑區,昇高,,1366,深坑區,升高坑,升高坑,7-40
深坑區,昇高,,1367,深坑區,升高坑,升高坑,19-2
深坑區,昇高,,1369,深坑區,升高坑,升高坑,18-27
深坑區,昇高,,137,深坑區,烏月,烏月,90-3
深坑區,昇高,,1370,深坑區,升高坑,升高坑,18-28
深坑區,昇高,,1371,深坑區,升高坑,升高坑,18-29
深坑區,昇高,,1372,深坑區,升高坑,升高坑,19-7
深坑區,昇高,,1373,深坑區,升高坑,升高坑,19-9
深坑區,昇高,,1374,深坑區,升高坑,升高坑,19-10
深坑區,昇高,,1375,深坑區,升高坑,升高坑,7-37
深坑區,昇高,,1376,深坑區,升高坑,升高坑,7-65
深坑區,昇高,,1377,深坑區,升高坑,升高坑,7-3
深坑區,昇高,,1378,深坑區,升高坑,升高坑,19-8
深坑區,昇高,,1379,深坑區,升高坑,升高坑,19-13
深坑區,昇高,,138,深坑區,烏月,烏月,102-2
深坑區,昇高,,1380,深坑區,升高坑,升高坑,18-10
深坑區,昇高,,1381,深坑區,升高坑,升高坑,18-61
深坑區,昇高,,1382,深坑區,升高坑,升高坑,18
深坑區,昇高,,1383,深坑區,升高坑,升高坑,7-36
深坑區,昇高,,1384,深坑區,升高坑,升高坑,393-12
深坑區,昇高,,1385,深坑區,升高坑,升高坑,7-33
深坑區,昇高,,1386,深坑區,升高坑,升高坑,393-7
深坑區,昇高,,1387,深坑區,升高坑,升高坑,393-3
深坑區,昇高,,1388,深坑區,升高坑,升高坑,5-9
深坑區,昇高,,1389,深坑區,升高坑,升高坑,7-34
深坑區,昇高,,139,深坑區,烏月,烏月,104
深坑區,昇高,,1390,深坑區,升高坑,升高坑,393-2
深坑區,昇高,,1391,深坑區,升高坑,升高坑,391-2
深坑區,昇高,,1392,深坑區,升高坑,升高坑,5-21
深坑區,昇高,,1393,深坑區,升高坑,升高坑,391-9
深坑區,昇高,,1394,深坑區,升高坑,升高坑,393-4
深坑區,昇高,,1395,深坑區,升高坑,升高坑,393-5
深坑區,昇高,,1396,深坑區,升高坑,升高坑,391-8
深坑區,昇高,,1397,深坑區,升高坑,升高坑,5-18
深坑區,昇高,,1398,深坑區,升高坑,升高坑,391-7
深坑區,昇高,,1399,深坑區,升高坑,升高坑,393-8
深坑區,昇高,,14,深坑區,烏月,烏月,2-1
深坑區,昇高,,140,深坑區,烏月,烏月,105
深坑區,昇高,,1400,深坑區,升高坑,升高坑,393-9
深坑區,昇高,,1401,深坑區,升高坑,升高坑,393-32
深坑區,昇高,,1402,深坑區,升高坑,升高坑,393-31
深坑區,昇高,,1403,深坑區,升高坑,升高坑,393-30
深坑區,昇高,,1404,深坑區,升高坑,升高坑,393-34
深坑區,昇高,,1405,深坑區,升高坑,升高坑,393-10
深坑區,昇高,,1406,深坑區,升高坑,升高坑,393-33
深坑區,昇高,,1407,深坑區,升高坑,升高坑,18-30
深坑區,昇高,,1408,深坑區,升高坑,升高坑,18-1
深坑區,昇高,,1409,深坑區,升高坑,升高坑,18-11
深坑區,昇高,,141,深坑區,烏月,烏月,113
深坑區,昇高,,1410,深坑區,升高坑,升高坑,391-1
深坑區,昇高,,1411,深坑區,升高坑,升高坑,390-9
深坑區,昇高,,1412,深坑區,升高坑,升高坑,5-19
深坑區,昇高,,1413,深坑區,升高坑,升高坑,391-6
深坑區,昇高,,1414,深坑區,升高坑,升高坑,390
深坑區,昇高,,1415,深坑區,升高坑,升高坑,393-15
深坑區,昇高,,1416,深坑區,升高坑,升高坑,18-31
深坑區,昇高,,1417,深坑區,升高坑,升高坑,18-12
深坑區,昇高,,1418,深坑區,升高坑,升高坑,5-20
深坑區,昇高,,1419,深坑區,升高坑,升高坑,391-3
深坑區,昇高,,142,深坑區,烏月,烏月,129
深坑區,昇高,,1420,深坑區,升高坑,升高坑,390-8
深坑區,昇高,,1421,深坑區,升高坑,升高坑,390-4
深坑區,昇高,,1422,深坑區,升高坑,升高坑,5-8
深坑區,昇高,,1423,深坑區,升高坑,升高坑,5-12
深坑區,昇高,,1424,深坑區,升高坑,升高坑,390-1
深坑區,昇高,,1425,深坑區,升高坑,升高坑,5-11
深坑區,昇高,,1426,深坑區,升高坑,升高坑,5-15
深坑區,昇高,,1427,深坑區,升高坑,升高坑,393-16
深坑區,昇高,,1428,深坑區,升高坑,升高坑,18-33
深坑區,昇高,,1429,深坑區,升高坑,升高坑,18-13
深坑區,昇高,,143,深坑區,烏月,烏月,128-10
深坑區,昇高,,1430,深坑區,升高坑,升高坑,18-17
深坑區,昇高,,1431,深坑區,升高坑,升高坑,390-2
深坑區,昇高,,1432,深坑區,升高坑,升高坑,5-13
深坑區,昇高,,1433,深坑區,升高坑,升高坑,393-17
深坑區,昇高,,1434,深坑區,升高坑,升高坑,393-18
深坑區,昇高,,1435,深坑區,升高坑,升高坑,5-14
深坑區,昇高,,1436,深坑區,升高坑,升高坑,18-34
深坑區,昇高,,1437,深坑區,升高坑,升高坑,393-22
深坑區,昇高,,1438,深坑區,升高坑,升高坑,18-14
深坑區,昇高,,1439,深坑區,升高坑,升高坑,18-16
深坑區,昇高,,144,深坑區,烏月,烏月,128-18
深坑區,昇高,,1440,深坑區,升高坑,升高坑,18-59
深坑區,昇高,,1441,深坑區,升高坑,升高坑,18-62
深坑區,昇高,,1442,深坑區,升高坑,升高坑,18-60
深坑區,昇高,,1443,深坑區,升高坑,升高坑,18-63
深坑區,昇高,,1444,深坑區,升高坑,升高坑,18-36
深坑區,昇高,,1445,深坑區,升高坑,升高坑,18-15
深坑區,昇高,,1446,深坑區,升高坑,升高坑,5-17
深坑區,昇高,,1447,深坑區,升高坑,升高坑,390-6
深坑區,昇高,,1448,深坑區,升高坑,升高坑,390-7
深坑區,昇高,,1449,深坑區,升高坑,升高坑,5-16
深坑區,昇高,,145,深坑區,烏月,烏月,128-14
深坑區,昇高,,1450,深坑區,升高坑,升高坑,18-39
深坑區,昇高,,1451,深坑區,升高坑,升高坑,18-25
深坑區,昇高,,1452,深坑區,升高坑,升高坑,2
深坑區,昇高,,1453,深坑區,升高坑,升高坑,391
深坑區,昇高,,1454,深坑區,升高坑,升高坑,390-10
深坑區,昇高,,1455,深坑區,升高坑,升高坑,389
深坑區,昇高,,1456,深坑區,升高坑,升高坑,5-7
深坑區,昇高,,1457,深坑區,升高坑,升高坑,5
深坑區,昇高,,1458,深坑區,升高坑,升高坑,388
深坑區,昇高,,1459,深坑區,升高坑,升高坑,172
深坑區,昇高,,146,深坑區,烏月,烏月,135-1
深坑區,昇高,,1460,深坑區,升高坑,升高坑,5-6
深坑區,昇高,,1461,深坑區,升高坑,升高坑,18-8
深坑區,昇高,,1462,深坑區,升高坑,升高坑,383
深坑區,昇高,,1463,深坑區,升高坑,升高坑,5-5
深坑區,昇高,,1464,深坑區,升高坑,升高坑,384
深坑區,昇高,,1465,深坑區,升高坑,升高坑,385
深坑區,昇高,,1466,深坑區,升高坑,升高坑,386
深坑區,昇高,,1467,深坑區,升高坑,升高坑,5-4
深坑區,昇高,,1468,深坑區,升高坑,升高坑,5-3
深坑區,昇高,,1469,深坑區,升高坑,升高坑,387
深坑區,昇高,,147,深坑區,烏月,烏月,127-6
深坑區,昇高,,1470,深坑區,升高坑,升高坑,5-2
深坑區,昇高,,1471,深坑區,升高坑,升高坑,5-1
深坑區,昇高,,1472,深坑區,升高坑,升高坑,171-1
深坑區,昇高,,1473,深坑區,升高坑,升高坑,171
深坑區,昇高,,1474,深坑區,升高坑,升高坑,396-1
深坑區,昇高,,1475,深坑區,升高坑,升高坑,169
深坑區,昇高,,1476,深坑區,升高坑,升高坑,396
深坑區,昇高,,1477,深坑區,升高坑,升高坑,2-1
深坑區,昇高,,1479,深坑區,升高坑,升高坑,397
深坑區,昇高,,148,深坑區,烏月,烏月,136
深坑區,昇高,,1480,深坑區,升高坑,升高坑,4
深坑區,昇高,,1481,深坑區,升高坑,升高坑,4-3
深坑區,昇高,,1482,深坑區,升高坑,升高坑,4-4
深坑區,昇高,,1483,深坑區,升高坑,升高坑,4-2
深坑區,昇高,,1484,深坑區,升高坑,升高坑,4-1
深坑區,昇高,,149,深坑區,烏月,烏月,76-1
深坑區,昇高,,15,深坑區,烏月,烏月,1-15
深坑區,昇高,,150,深坑區,烏月,烏月,78-2
深坑區,昇高,,151,深坑區,烏月,烏月,79-1
深坑區,昇高,,152,深坑區,烏月,烏月,82-3
深坑區,昇高,,153,深坑區,烏月,烏月,80-3
深坑區,昇高,,154,深坑區,烏月,烏月,82-4
深坑區,昇高,,155,深坑區,烏月,烏月,81-1
深坑區,昇高,,156,深坑區,烏月,烏月,86-1
深坑區,昇高,,157,深坑區,烏月,烏月,90-1
深坑區,昇高,,158,深坑區,烏月,烏月,89-4
深坑區,昇高,,159,深坑區,烏月,烏月,105-1
深坑區,昇高,,16,深坑區,烏月,烏月,1-14
深坑區,昇高,,160,深坑區,烏月,烏月,113-1
深坑區,昇高,,161,深坑區,烏月,烏月,112-3
深坑區,昇高,,162,深坑區,烏月,烏月,112-2
深坑區,昇高,,163,深坑區,烏月,烏月,129-2
深坑區,昇高,,164,深坑區,烏月,烏月,128-6
深坑區,昇高,,165,深坑區,烏月,烏月,132-3
深坑區,昇高,,166,深坑區,烏月,烏月,128-19
深坑區,昇高,,167,深坑區,烏月,烏月,132-4
深坑區,昇高,,168,深坑區,烏月,烏月,135
深坑區,昇高,,169,深坑區,烏月,烏月,134-2
深坑區,昇高,,17,深坑區,烏月,烏月,2
深坑區,昇高,,170,深坑區,烏月,烏月,136-1
深坑區,昇高,,171,深坑區,烏月,烏月,127-8
深坑區,昇高,,172,深坑區,烏月,烏月,127-3
深坑區,昇高,,173,深坑區,烏月,烏月,146-1
深坑區,昇高,,174,深坑區,烏月,烏月,78
深坑區,昇高,,175,深坑區,烏月,烏月,71
深坑區,昇高,,176,深坑區,烏月,烏月,78-1
深坑區,昇高,,177,深坑區,烏月,烏月,79
深坑區,昇高,,178,深坑區,烏月,烏月,79-2
深坑區,昇高,,179,深坑區,烏月,烏月,80
深坑區,昇高,,18,深坑區,烏月,烏月,2-2
深坑區,昇高,,180,深坑區,烏月,烏月,80-1
深坑區,昇高,,181,深坑區,烏月,烏月,81
深坑區,昇高,,182,深坑區,烏月,烏月,80-2
深坑區,昇高,,183,深坑區,烏月,烏月,86-2
深坑區,昇高,,184,深坑區,烏月,烏月,88
深坑區,昇高,,185,深坑區,烏月,烏月,89-2
深坑區,昇高,,186,深坑區,烏月,烏月,89-1
深坑區,昇高,,187,深坑區,烏月,烏月,89-3
深坑區,昇高,,188,深坑區,烏月,烏月,89
深坑區,昇高,,189,深坑區,烏月,烏月,106
深坑區,昇高,,19,深坑區,烏月,烏月,1-11
深坑區,昇高,,190,深坑區,烏月,烏月,112-1
深坑區,昇高,,191,深坑區,烏月,烏月,112
深坑區,昇高,,192,深坑區,烏月,烏月,107
深坑區,昇高,,193,深坑區,烏月,烏月,108
深坑區,昇高,,194,深坑區,烏月,烏月,107-1
深坑區,昇高,,195,深坑區,烏月,烏月,111
深坑區,昇高,,196,深坑區,烏月,烏月,132-1
深坑區,昇高,,197,深坑區,烏月,烏月,132-2
深坑區,昇高,,198,深坑區,烏月,烏月,110
深坑區,昇高,,199,深坑區,烏月,烏月,109
深坑區,昇高,,20,深坑區,烏月,烏月,1-1
深坑區,昇高,,200,深坑區,烏月,烏月,133-1
深坑區,昇高,,201,深坑區,烏月,烏月,133
深坑區,昇高,,202,深坑區,烏月,烏月,140
深坑區,昇高,,203,深坑區,烏月,烏月,140-1
深坑區,昇高,,204,深坑區,烏月,烏月,141
深坑區,昇高,,205,深坑區,烏月,烏月,134
深坑區,昇高,,206,深坑區,烏月,烏月,141-2
深坑區,昇高,,207,深坑區,烏月,烏月,142
深坑區,昇高,,208,深坑區,烏月,烏月,134-1
深坑區,昇高,,209,深坑區,烏月,烏月,136-2
深坑區,昇高,,21,深坑區,烏月,烏月,1-3
深坑區,昇高,,210,深坑區,烏月,烏月,136-3
深坑區,昇高,,211,深坑區,烏月,烏月,127
深坑區,昇高,,212,深坑區,烏月,烏月,146
深坑區,昇高,,213,深坑區,烏月,烏月,143
深坑區,昇高,,214,深坑區,烏月,烏月,144
深坑區,昇高,,215,深坑區,烏月,烏月,143-1
深坑區,昇高,,216,深坑區,烏月,烏月,146-3
深坑區,昇高,,217,深坑區,烏月,烏月,148-2
深坑區,昇高,,218,深坑區,烏月,烏月,148-1
深坑區,昇高,,219,深坑區,烏月,烏月,149-2
深坑區,昇高,,220,深坑區,烏月,烏月,150-1
深坑區,昇高,,221,深坑區,烏月,烏月,150
深坑區,昇高,,222,深坑區,烏月,烏月,70
深坑區,昇高,,223,深坑區,烏月,烏月,70-18
深坑區,昇高,,224,深坑區,烏月,烏月,70-17
深坑區,昇高,,225,深坑區,烏月,烏月,70-5
深坑區,昇高,,226,深坑區,烏月,烏月,70-16
深坑區,昇高,,227,深坑區,烏月,烏月,70-15
深坑區,昇高,,228,深坑區,烏月,烏月,70-14
深坑區,昇高,,229,深坑區,烏月,烏月,70-13
深坑區,昇高,,230,深坑區,烏月,烏月,70-12
深坑區,昇高,,231,深坑區,烏月,烏月,70-7
深坑區,昇高,,232,深坑區,烏月,烏月,70-11
深坑區,昇高,,233,深坑區,烏月,烏月,70-10
深坑區,昇高,,234,深坑區,烏月,烏月,70-22
深坑區,昇高,,236,深坑區,烏月,烏月,75-5
深坑區,昇高,,237,深坑區,烏月,烏月,75-3
深坑區,昇高,,238,深坑區,烏月,烏月,75-15
深坑區,昇高,,239,深坑區,烏月,烏月,75-16
深坑區,昇高,,24,深坑區,烏月,烏月,1-18
深坑區,昇高,,240,深坑區,烏月,烏月,75-6
深坑區,昇高,,242,深坑區,烏月,烏月,75-17
深坑區,昇高,,243,深坑區,烏月,烏月,75-7
深坑區,昇高,,244,深坑區,烏月,烏月,75-18
深坑區,昇高,,245,深坑區,烏月,烏月,75-8
深坑區,昇高,,247,深坑區,烏月,烏月,75-19
深坑區,昇高,,249,深坑區,烏月,烏月,120-6
深坑區,昇高,,25,深坑區,烏月,烏月,1-17
深坑區,昇高,,250,深坑區,烏月,烏月,119-1
深坑區,昇高,,251,深坑區,烏月,烏月,75-10
深坑區,昇高,,252,深坑區,烏月,烏月,118-1
深坑區,昇高,,253,深坑區,烏月,烏月,118
深坑區,昇高,,254,深坑區,烏月,烏月,119
深坑區,昇高,,255,深坑區,烏月,烏月,75-9
深坑區,昇高,,256,深坑區,烏月,烏月,117
深坑區,昇高,,257,深坑區,烏月,烏月,66
深坑區,昇高,,258,深坑區,烏月,烏月,69
深坑區,昇高,,259,深坑區,烏月,烏月,69-1
深坑區,昇高,,26,深坑區,烏月,烏月,1-4
深坑區,昇高,,260,深坑區,烏月,烏月,69-11
深坑區,昇高,,261,深坑區,烏月,烏月,76-4
深坑區,昇高,,262,深坑區,烏月,烏月,76
深坑區,昇高,,263,深坑區,烏月,烏月,82-1
深坑區,昇高,,264,深坑區,烏月,烏月,82-2
深坑區,昇高,,265,深坑區,烏月,烏月,82
深坑區,昇高,,266,深坑區,烏月,烏月,97-2
深坑區,昇高,,267,深坑區,烏月,烏月,84-3
深坑區,昇高,,268,深坑區,烏月,烏月,84
深坑區,昇高,,269,深坑區,烏月,烏月,96-1
深坑區,昇高,,27,深坑區,烏月,烏月,1-2
深坑區,昇高,,270,深坑區,烏月,烏月,97
深坑區,昇高,,271,深坑區,烏月,烏月,97-3
深坑區,昇高,,272,深坑區,烏月,烏月,97-1
深坑區,昇高,,273,深坑區,烏月,烏月,116
深坑區,昇高,,274,深坑區,烏月,烏月,115
深坑區,昇高,,275,深坑區,烏月,烏月,90
深坑區,昇高,,276,深坑區,烏月,烏月,104-2
深坑區,昇高,,277,深坑區,烏月,烏月,114
深坑區,昇高,,278,深坑區,烏月,烏月,99
深坑區,昇高,,279,深坑區,烏月,烏月,96
深坑區,昇高,,28,深坑區,烏月,烏月,1-5
深坑區,昇高,,280,深坑區,烏月,烏月,95
深坑區,昇高,,281,深坑區,烏月,烏月,93
深坑區,昇高,,282,深坑區,烏月,烏月,92
深坑區,昇高,,283,深坑區,烏月,烏月,102
深坑區,昇高,,284,深坑區,烏月,烏月,66-4
深坑區,昇高,,285,深坑區,烏月,烏月,69-6
深坑區,昇高,,286,深坑區,烏月,烏月,69-8
深坑區,昇高,,287,深坑區,烏月,烏月,76-2
深坑區,昇高,,288,深坑區,烏月,烏月,82-7
深坑區,昇高,,289,深坑區,烏月,烏月,82-5
深坑區,昇高,,29,深坑區,烏月,烏月,1-6
深坑區,昇高,,290,深坑區,烏月,烏月,84-1
深坑區,昇高,,291,深坑區,烏月,烏月,92-1
深坑區,昇高,,292,深坑區,烏月,烏月,93-1
深坑區,昇高,,293,深坑區,烏月,烏月,102-1
深坑區,昇高,,294,深坑區,烏月,烏月,90-2
深坑區,昇高,,295,深坑區,烏月,烏月,104-1
深坑區,昇高,,296,深坑區,烏月,烏月,104-4
深坑區,昇高,,297,深坑區,烏月,烏月,114-4
深坑區,昇高,,298,深坑區,烏月,烏月,129-4
深坑區,昇高,,299,深坑區,烏月,烏月,114-2
深坑區,昇高,,30,深坑區,烏月,烏月,42
深坑區,昇高,,300,深坑區,烏月,烏月,113-2
深坑區,昇高,,302,深坑區,烏月,烏月,120-5
深坑區,昇高,,303,深坑區,烏月,烏月,119-3
深坑區,昇高,,304,深坑區,烏月,烏月,75-22
深坑區,昇高,,305,深坑區,烏月,烏月,75-21
深坑區,昇高,,306,深坑區,烏月,烏月,119-2
深坑區,昇高,,307,深坑區,烏月,烏月,120-3
深坑區,昇高,,308,深坑區,烏月,烏月,121-1
深坑區,昇高,,309,深坑區,烏月,烏月,120-4
深坑區,昇高,,31,深坑區,烏月,烏月,42-1
深坑區,昇高,,310,深坑區,烏月,烏月,75-20
深坑區,昇高,,311,深坑區,烏月,烏月,117-1
深坑區,昇高,,313,深坑區,烏月,烏月,115-1
深坑區,昇高,,314,深坑區,烏月,烏月,114-1
深坑區,昇高,,315,深坑區,烏月,烏月,129-7
深坑區,昇高,,316,深坑區,烏月,烏月,129-8
深坑區,昇高,,317,深坑區,烏月,烏月,104-3
深坑區,昇高,,318,深坑區,烏月,烏月,114-3
深坑區,昇高,,319,深坑區,烏月,烏月,129-3
深坑區,昇高,,32,深坑區,烏月,烏月,1-16
深坑區,昇高,,320,深坑區,烏月,烏月,128-9
深坑區,昇高,,321,深坑區,烏月,烏月,128-15
深坑區,昇高,,322,深坑區,烏月,烏月,128-17
深坑區,昇高,,323,深坑區,烏月,烏月,128-16
深坑區,昇高,,324,深坑區,烏月,烏月,128-13
深坑區,昇高,,325,深坑區,烏月,烏月,127-5
深坑區,昇高,,326,深坑區,烏月,烏月,127-7
深坑區,昇高,,327,深坑區,烏月,烏月,146-4
深坑區,昇高,,328,深坑區,烏月,烏月,146-2
深坑區,昇高,,329,深坑區,烏月,烏月,147-2
深坑區,昇高,,33,深坑區,烏月,烏月,1-20
深坑區,昇高,,330,深坑區,烏月,烏月,143-2
深坑區,昇高,,331,深坑區,烏月,烏月,148-4
深坑區,昇高,,332,深坑區,烏月,烏月,148-3
深坑區,昇高,,333,深坑區,烏月,烏月,149-1
深坑區,昇高,,334,深坑區,烏月,烏月,150-3
深坑區,昇高,,335,深坑區,烏月,烏月,150-4
深坑區,昇高,,336,深坑區,烏月,烏月,151-7
深坑區,昇高,,339,深坑區,烏月,烏月,150-5
深坑區,昇高,,34,深坑區,烏月,烏月,1-21
深坑區,昇高,,341,深坑區,烏月,烏月,120-2
深坑區,昇高,,342,深坑區,烏月,烏月,122-2
深坑區,昇高,,343,深坑區,烏月,烏月,123-1
深坑區,昇高,,344,深坑區,烏月,烏月,124-1
深坑區,昇高,,345,深坑區,烏月,烏月,124
深坑區,昇高,,346,深坑區,烏月,烏月,123
深坑區,昇高,,347,深坑區,烏月,烏月,122
深坑區,昇高,,348,深坑區,烏月,烏月,120
深坑區,昇高,,349,深坑區,烏月,烏月,121
深坑區,昇高,,35,深坑區,烏月,烏月,1-19
深坑區,昇高,,350,深坑區,烏月,烏月,120-1
深坑區,昇高,,352,深坑區,烏月,烏月,122-1
深坑區,昇高,,353,深坑區,烏月,烏月,129-1
深坑區,昇高,,354,深坑區,烏月,烏月,129-6
深坑區,昇高,,355,深坑區,烏月,烏月,128-8
深坑區,昇高,,356,深坑區,烏月,烏月,129-5
深坑區,昇高,,357,深坑區,烏月,烏月,128-4
深坑區,昇高,,358,深坑區,烏月,烏月,128-5
深坑區,昇高,,359,深坑區,烏月,烏月,128-1
深坑區,昇高,,36,深坑區,烏月,烏月,40
深坑區,昇高,,360,深坑區,烏月,烏月,128-3
深坑區,昇高,,361,深坑區,烏月,烏月,128-2
深坑區,昇高,,362,深坑區,烏月,烏月,127-2
深坑區,昇高,,363,深坑區,烏月,烏月,126-1
深坑區,昇高,,364,深坑區,烏月,烏月,126
深坑區,昇高,,365,深坑區,烏月,烏月,127-1
深坑區,昇高,,366,深坑區,烏月,烏月,146-5
深坑區,昇高,,367,深坑區,烏月,烏月,147-1
深坑區,昇高,,368,深坑區,烏月,烏月,151-5
深坑區,昇高,,369,深坑區,烏月,烏月,151-6
深坑區,昇高,,37,深坑區,烏月,烏月,41
深坑區,昇高,,370,深坑區,烏月,烏月,153-2
深坑區,昇高,,371,深坑區,烏月,烏月,154-3
深坑區,昇高,,372,深坑區,烏月,烏月,155-1
深坑區,昇高,,373,深坑區,烏月,烏月,156-2
深坑區,昇高,,374,深坑區,烏月,烏月,127-4
深坑區,昇高,,375,深坑區,烏月,烏月,157-1
深坑區,昇高,,376,深坑區,烏月,烏月,125-5
深坑區,昇高,,377,深坑區,烏月,烏月,125-2
深坑區,昇高,,378,深坑區,烏月,烏月,125-1
深坑區,昇高,,379,深坑區,烏月,烏月,125
深坑區,昇高,,38,深坑區,烏月,烏月,43-2
深坑區,昇高,,381,深坑區,烏月,烏月,124-2
深坑區,昇高,,382,深坑區,烏月,烏月,125-3
深坑區,昇高,,385,深坑區,烏月,烏月,125-4
深坑區,昇高,,386,深坑區,烏月,烏月,158-2
深坑區,昇高,,387,深坑區,烏月,烏月,125-7
深坑區,昇高,,388,深坑區,烏月,烏月,158
深坑區,昇高,,389,深坑區,烏月,烏月,158-1
深坑區,昇高,,39,深坑區,烏月,烏月,43-8
深坑區,昇高,,390,深坑區,烏月,烏月,125-6
深坑區,昇高,,391,深坑區,烏月,烏月,157
深坑區,昇高,,392,深坑區,烏月,烏月,156
深坑區,昇高,,393,深坑區,烏月,烏月,155
深坑區,昇高,,394,深坑區,烏月,烏月,154
深坑區,昇高,,395,深坑區,烏月,烏月,154-1
深坑區,昇高,,396,深坑區,烏月,烏月,154-2
深坑區,昇高,,397,深坑區,烏月,烏月,156-1
深坑區,昇高,,398,深坑區,烏月,烏月,153-1
深坑區,昇高,,399,深坑區,烏月,烏月,153
深坑區,昇高,,40,深坑區,烏月,烏月,43-1
深坑區,昇高,,400,深坑區,烏月,烏月,151-4
深坑區,昇高,,401,深坑區,烏月,烏月,151-1
深坑區,昇高,,402,深坑區,烏月,烏月,151-2
深坑區,昇高,,403,深坑區,烏月,烏月,151
深坑區,昇高,,404,深坑區,烏月,烏月,147
深坑區,昇高,,405,深坑區,烏月,烏月,148
深坑區,昇高,,406,深坑區,烏月,烏月,149
深坑區,昇高,,407,深坑區,烏月,烏月,150-2
深坑區,昇高,,408,深坑區,烏月,烏月,151-3
深坑區,昇高,,412,深坑區,烏月,旺躭,7-4
深坑區,昇高,,415,深坑區,烏月,旺躭,7-3
深坑區,昇高,,416,深坑區,烏月,旺躭,7
深坑區,昇高,,418,深坑區,烏月,旺躭,8-1
深坑區,昇高,,419,深坑區,烏月,旺躭,8-2
深坑區,昇高,,42,深坑區,烏月,烏月,43
深坑區,昇高,,420,深坑區,烏月,旺躭,8
深坑區,昇高,,422,深坑區,烏月,旺躭,8-3
深坑區,昇高,,423,深坑區,烏月,旺躭,18-9
深坑區,昇高,,424,深坑區,烏月,旺躭,11
深坑區,昇高,,425,深坑區,烏月,旺躭,19-6
深坑區,昇高,,426,深坑區,烏月,旺躭,19-7
深坑區,昇高,,427,深坑區,烏月,旺躭,18-3
深坑區,昇高,,428,深坑區,烏月,旺躭,17-1
深坑區,昇高,,429,深坑區,烏月,旺躭,18-1
深坑區,昇高,,43,深坑區,烏月,烏月,43-5
深坑區,昇高,,430,深坑區,烏月,旺躭,14
深坑區,昇高,,431,深坑區,烏月,旺躭,11-18
深坑區,昇高,,432,深坑區,烏月,旺躭,11-8
深坑區,昇高,,433,深坑區,烏月,旺躭,11-16
深坑區,昇高,,434,深坑區,烏月,旺躭,11-19
深坑區,昇高,,435,深坑區,烏月,旺躭,11-10
深坑區,昇高,,436,深坑區,烏月,旺躭,11-11
深坑區,昇高,,437,深坑區,烏月,旺躭,11-12
深坑區,昇高,,438,深坑區,烏月,旺躭,11-13
深坑區,昇高,,439,深坑區,烏月,旺躭,11-6
深坑區,昇高,,44,深坑區,烏月,烏月,43-4
深坑區,昇高,,440,深坑區,烏月,旺躭,11-17
深坑區,昇高,,441,深坑區,烏月,旺躭,11-14
深坑區,昇高,,442,深坑區,烏月,旺躭,11-15
深坑區,昇高,,443,深坑區,烏月,旺躭,11-2
深坑區,昇高,,445,深坑區,烏月,旺躭,11-3
深坑區,昇高,,446,深坑區,烏月,旺躭,217
深坑區,昇高,,447,深坑區,烏月,旺躭,11-1
深坑區,昇高,,448,深坑區,烏月,旺躭,12
深坑區,昇高,,449,深坑區,烏月,旺躭,12-4
深坑區,昇高,,45,深坑區,烏月,烏月,43-3
深坑區,昇高,,450,深坑區,烏月,旺躭,12-1
深坑區,昇高,,451,深坑區,烏月,旺躭,12-5
深坑區,昇高,,452,深坑區,烏月,旺躭,218
深坑區,昇高,,453,深坑區,烏月,旺躭,12-2
深坑區,昇高,,454,深坑區,烏月,旺躭,12-6
深坑區,昇高,,455,深坑區,烏月,旺躭,12-12
深坑區,昇高,,456,深坑區,烏月,旺躭,12-8
深坑區,昇高,,457,深坑區,烏月,旺躭,12-9
深坑區,昇高,,458,深坑區,烏月,旺躭,12-7
深坑區,昇高,,459,深坑區,烏月,旺躭,12-11
深坑區,昇高,,46,深坑區,烏月,烏月,43-9
深坑區,昇高,,460,深坑區,烏月,旺躭,12-10
深坑區,昇高,,462,深坑區,烏月,旺躭,35-8
深坑區,昇高,,463,深坑區,烏月,旺躭,35-4
深坑區,昇高,,464,深坑區,烏月,旺躭,251
深坑區,昇高,,465,深坑區,烏月,旺躭,15
深坑區,昇高,,466,深坑區,烏月,旺躭,16-10
深坑區,昇高,,467,深坑區,烏月,旺躭,18-8
深坑區,昇高,,468,深坑區,烏月,旺躭,19-5
深坑區,昇高,,469,深坑區,烏月,旺躭,18-7
深坑區,昇高,,47,深坑區,烏月,烏月,43-10
深坑區,昇高,,470,深坑區,烏月,旺躭,18-2
深坑區,昇高,,471,深坑區,烏月,旺躭,18-10
深坑區,昇高,,472,深坑區,烏月,旺躭,18-6
深坑區,昇高,,473,深坑區,烏月,旺躭,18-12
深坑區,昇高,,474,深坑區,烏月,旺躭,16-6
深坑區,昇高,,475,深坑區,烏月,旺躭,16-5
深坑區,昇高,,476,深坑區,烏月,旺躭,16-8
深坑區,昇高,,477,深坑區,烏月,旺躭,16-9
深坑區,昇高,,478,深坑區,烏月,旺躭,15-2
深坑區,昇高,,479,深坑區,烏月,旺躭,19
深坑區,昇高,,480,深坑區,烏月,旺躭,19-4
深坑區,昇高,,481,深坑區,烏月,旺躭,19-3
深坑區,昇高,,482,深坑區,烏月,旺躭,19-1
深坑區,昇高,,483,深坑區,烏月,旺躭,19-2
深坑區,昇高,,484,深坑區,烏月,旺躭,16-4
深坑區,昇高,,485,深坑區,烏月,旺躭,16-2
深坑區,昇高,,487,深坑區,烏月,旺躭,191-3
深坑區,昇高,,488,深坑區,烏月,旺躭,191-2
深坑區,昇高,,489,深坑區,烏月,旺躭,191-1
深坑區,昇高,,49,深坑區,烏月,烏月,42-6
深坑區,昇高,,490,深坑區,烏月,旺躭,24
深坑區,昇高,,491,深坑區,烏月,旺躭,192
深坑區,昇高,,492,深坑區,烏月,旺躭,25
深坑區,昇高,,493,深坑區,烏月,旺躭,26
深坑區,昇高,,494,深坑區,烏月,旺躭,27-1
深坑區,昇高,,495,深坑區,烏月,旺躭,27
深坑區,昇高,,496,深坑區,烏月,旺躭,28
深坑區,昇高,,497,深坑區,烏月,旺躭,23
深坑區,昇高,,498,深坑區,烏月,旺躭,22
深坑區,昇高,,499,深坑區,烏月,旺躭,31-3
深坑區,昇高,,50,深坑區,烏月,烏月,42-8
深坑區,昇高,,500,深坑區,烏月,旺躭,20
深坑區,昇高,,501,深坑區,烏月,旺躭,16-3
深坑區,昇高,,502,深坑區,烏月,旺躭,193
深坑區,昇高,,503,深坑區,烏月,旺躭,193-1
深坑區,昇高,,504,深坑區,烏月,旺躭,193-3
深坑區,昇高,,505,深坑區,烏月,旺躭,187
深坑區,昇高,,506,深坑區,烏月,旺躭,187-1
深坑區,昇高,,507,深坑區,烏月,旺躭,31-2
深坑區,昇高,,508,深坑區,烏月,旺躭,31-1
深坑區,昇高,,509,深坑區,烏月,旺躭,31
深坑區,昇高,,51,深坑區,烏月,烏月,42-5
深坑區,昇高,,510,深坑區,烏月,旺躭,29
深坑區,昇高,,511,深坑區,烏月,旺躭,41
深坑區,昇高,,512,深坑區,烏月,旺躭,30
深坑區,昇高,,513,深坑區,烏月,旺躭,40
深坑區,昇高,,514,深坑區,烏月,旺躭,188
深坑區,昇高,,515,深坑區,烏月,旺躭,32
深坑區,昇高,,516,深坑區,烏月,旺躭,33
深坑區,昇高,,517,深坑區,烏月,旺躭,34
深坑區,昇高,,518,深坑區,烏月,旺躭,38
深坑區,昇高,,519,深坑區,烏月,旺躭,37
深坑區,昇高,,52,深坑區,烏月,烏月,42-4
深坑區,昇高,,520,深坑區,烏月,旺躭,39
深坑區,昇高,,521,深坑區,烏月,旺躭,48
深坑區,昇高,,522,深坑區,烏月,旺躭,47
深坑區,昇高,,523,深坑區,烏月,旺躭,46
深坑區,昇高,,524,深坑區,烏月,旺躭,24-4
深坑區,昇高,,525,深坑區,烏月,旺躭,44-2
深坑區,昇高,,526,深坑區,烏月,旺躭,45-5
深坑區,昇高,,527,深坑區,烏月,旺躭,61-1
深坑區,昇高,,528,深坑區,烏月,旺躭,45-2
深坑區,昇高,,529,深坑區,烏月,旺躭,42
深坑區,昇高,,53,深坑區,烏月,烏月,42-3
深坑區,昇高,,530,深坑區,烏月,旺躭,45-3
深坑區,昇高,,531,深坑區,烏月,旺躭,60-1
深坑區,昇高,,532,深坑區,烏月,旺躭,60
深坑區,昇高,,533,深坑區,烏月,旺躭,59-2
深坑區,昇高,,534,深坑區,烏月,旺躭,49
深坑區,昇高,,535,深坑區,烏月,旺躭,50-6
深坑區,昇高,,536,深坑區,烏月,旺躭,58
深坑區,昇高,,537,深坑區,烏月,旺躭,59-1
深坑區,昇高,,538,深坑區,烏月,旺躭,63-1
深坑區,昇高,,539,深坑區,烏月,旺躭,63
深坑區,昇高,,54,深坑區,烏月,烏月,42-7
深坑區,昇高,,540,深坑區,烏月,旺躭,62-1
深坑區,昇高,,541,深坑區,烏月,旺躭,64-3
深坑區,昇高,,542,深坑區,烏月,旺躭,65-1
深坑區,昇高,,543,深坑區,烏月,旺躭,58-1
深坑區,昇高,,544,深坑區,烏月,旺躭,55
深坑區,昇高,,545,深坑區,烏月,旺躭,56
深坑區,昇高,,546,深坑區,烏月,旺躭,91
深坑區,昇高,,547,深坑區,烏月,旺躭,89-6
深坑區,昇高,,548,深坑區,烏月,旺躭,90
深坑區,昇高,,549,深坑區,烏月,旺躭,97-3
深坑區,昇高,,55,深坑區,烏月,烏月,45
深坑區,昇高,,550,深坑區,烏月,旺躭,67-8
深坑區,昇高,,551,深坑區,烏月,旺躭,88
深坑區,昇高,,552,深坑區,烏月,旺躭,66
深坑區,昇高,,553,深坑區,烏月,旺躭,57
深坑區,昇高,,554,深坑區,烏月,旺躭,57-1
深坑區,昇高,,555,深坑區,烏月,旺躭,64-1
深坑區,昇高,,556,深坑區,烏月,旺躭,86-4
深坑區,昇高,,557,深坑區,烏月,旺躭,86-7
深坑區,昇高,,558,深坑區,烏月,旺躭,68-2
深坑區,昇高,,559,深坑區,烏月,旺躭,68-4
深坑區,昇高,,56,深坑區,烏月,烏月,45-4
深坑區,昇高,,560,深坑區,烏月,旺躭,86-8
深坑區,昇高,,561,深坑區,烏月,旺躭,86-6
深坑區,昇高,,562,深坑區,烏月,旺躭,67-10
深坑區,昇高,,563,深坑區,烏月,旺躭,67-9
深坑區,昇高,,564,深坑區,烏月,旺躭,86-3
深坑區,昇高,,565,深坑區,烏月,旺躭,86-5
深坑區,昇高,,566,深坑區,烏月,旺躭,68-3
深坑區,昇高,,567,深坑區,烏月,旺躭,68-1
深坑區,昇高,,568,深坑區,烏月,旺躭,67-4
深坑區,昇高,,569,深坑區,烏月,旺躭,67-1
深坑區,昇高,,57,深坑區,烏月,烏月,45-2
深坑區,昇高,,570,深坑區,烏月,旺躭,67-2
深坑區,昇高,,571,深坑區,烏月,旺躭,67-3
深坑區,昇高,,572,深坑區,烏月,旺躭,65-2
深坑區,昇高,,573,深坑區,烏月,旺躭,65-4
深坑區,昇高,,574,深坑區,烏月,旺躭,65-3
深坑區,昇高,,575,深坑區,烏月,旺躭,64-2
深坑區,昇高,,576,深坑區,烏月,旺躭,62-3
深坑區,昇高,,577,深坑區,烏月,旺躭,62-2
深坑區,昇高,,578,深坑區,烏月,旺躭,62-4
深坑區,昇高,,579,深坑區,烏月,旺躭,61-3
深坑區,昇高,,58,深坑區,烏月,烏月,45-3
深坑區,昇高,,580,深坑區,烏月,旺躭,61-2
深坑區,昇高,,581,深坑區,烏月,旺躭,61-4
深坑區,昇高,,582,深坑區,烏月,旺躭,45-4
深坑區,昇高,,583,深坑區,烏月,旺躭,44-1
深坑區,昇高,,584,深坑區,烏月,旺躭,24-8
深坑區,昇高,,585,深坑區,烏月,旺躭,24-3
深坑區,昇高,,586,深坑區,烏月,旺躭,24-6
深坑區,昇高,,587,深坑區,烏月,旺躭,25-1
深坑區,昇高,,588,深坑區,烏月,旺躭,24-7
深坑區,昇高,,589,深坑區,烏月,旺躭,24-1
深坑區,昇高,,590,深坑區,烏月,旺躭,24-5
深坑區,昇高,,591,深坑區,烏月,旺躭,191-5
深坑區,昇高,,592,深坑區,烏月,旺躭,191-6
深坑區,昇高,,593,深坑區,烏月,旺躭,255
深坑區,昇高,,594,深坑區,烏月,旺躭,191
深坑區,昇高,,595,深坑區,烏月,旺躭,191-4
深坑區,昇高,,596,深坑區,烏月,旺躭,191-8
深坑區,昇高,,597,深坑區,烏月,旺躭,191-7
深坑區,昇高,,599,深坑區,烏月,旺躭,21
深坑區,昇高,,604,深坑區,烏月,旺躭,78-1
深坑區,昇高,,605,深坑區,烏月,旺躭,79-3
深坑區,昇高,,606,深坑區,烏月,旺躭,79-2
深坑區,昇高,,607,深坑區,烏月,旺躭,79-1
深坑區,昇高,,608,深坑區,烏月,旺躭,80-1
深坑區,昇高,,609,深坑區,烏月,旺躭,79
深坑區,昇高,,61,深坑區,烏月,烏月,49
深坑區,昇高,,610,深坑區,烏月,旺躭,80
深坑區,昇高,,611,深坑區,烏月,旺躭,81
深坑區,昇高,,612,深坑區,烏月,旺躭,82
深坑區,昇高,,613,深坑區,烏月,旺躭,83
深坑區,昇高,,614,深坑區,烏月,旺躭,78-4
深坑區,昇高,,615,深坑區,烏月,旺躭,80-2
深坑區,昇高,,616,深坑區,烏月,旺躭,78-3
深坑區,昇高,,617,深坑區,烏月,旺躭,78-2
深坑區,昇高,,618,深坑區,烏月,旺躭,78
深坑區,昇高,,619,深坑區,烏月,旺躭,76-1
深坑區,昇高,,62,深坑區,烏月,烏月,47
深坑區,昇高,,620,深坑區,烏月,旺躭,77
深坑區,昇高,,621,深坑區,烏月,旺躭,76
深坑區,昇高,,622,深坑區,烏月,旺躭,75
深坑區,昇高,,623,深坑區,烏月,旺躭,74
深坑區,昇高,,624,深坑區,烏月,旺躭,73
深坑區,昇高,,625,深坑區,烏月,旺躭,72
深坑區,昇高,,626,深坑區,烏月,旺躭,71
深坑區,昇高,,627,深坑區,烏月,旺躭,70
深坑區,昇高,,628,深坑區,烏月,旺躭,69
深坑區,昇高,,629,深坑區,烏月,旺躭,84
深坑區,昇高,,63,深坑區,烏月,烏月,203
深坑區,昇高,,630,深坑區,烏月,旺躭,84-1
深坑區,昇高,,631,深坑區,烏月,旺躭,84-2
深坑區,昇高,,632,深坑區,烏月,旺躭,253
深坑區,昇高,,634,深坑區,烏月,旺躭,254
深坑區,昇高,,635,深坑區,烏月,旺躭,24-2
深坑區,昇高,,636,深坑區,烏月,旺躭,25-2
深坑區,昇高,,637,深坑區,烏月,旺躭,44
深坑區,昇高,,638,深坑區,烏月,旺躭,45-1
深坑區,昇高,,639,深坑區,烏月,旺躭,61
深坑區,昇高,,64,深坑區,烏月,烏月,48
深坑區,昇高,,640,深坑區,烏月,旺躭,62
深坑區,昇高,,641,深坑區,烏月,旺躭,64
深坑區,昇高,,642,深坑區,烏月,旺躭,65
深坑區,昇高,,643,深坑區,烏月,旺躭,67-6
深坑區,昇高,,644,深坑區,烏月,旺躭,67-5
深坑區,昇高,,645,深坑區,烏月,旺躭,85
深坑區,昇高,,646,深坑區,烏月,旺躭,85-1
深坑區,昇高,,647,深坑區,烏月,旺躭,85-2
深坑區,昇高,,648,深坑區,烏月,旺躭,123-1
深坑區,昇高,,649,深坑區,烏月,旺躭,85-3
深坑區,昇高,,650,深坑區,烏月,旺躭,123
深坑區,昇高,,654,深坑區,烏月,旺躭,123-2
深坑區,昇高,,655,深坑區,烏月,旺躭,196-3
深坑區,昇高,,656,深坑區,烏月,旺躭,196-6
深坑區,昇高,,657,深坑區,烏月,旺躭,196-2
深坑區,昇高,,658,深坑區,烏月,旺躭,123-4
深坑區,昇高,,659,深坑區,烏月,旺躭,123-3
深坑區,昇高,,66,深坑區,烏月,烏月,75-12
深坑區,昇高,,660,深坑區,烏月,旺躭,196-4
深坑區,昇高,,661,深坑區,烏月,旺躭,196-5
深坑區,昇高,,662,深坑區,烏月,旺躭,196-1
深坑區,昇高,,664,深坑區,烏月,旺躭,196
深坑區,昇高,,665,深坑區,烏月,旺躭,167-3
深坑區,昇高,,666,深坑區,烏月,旺躭,167-4
深坑區,昇高,,667,深坑區,烏月,旺躭,167-1
深坑區,昇高,,668,深坑區,烏月,旺躭,167
深坑區,昇高,,669,深坑區,烏月,旺躭,171-1
深坑區,昇高,,67,深坑區,烏月,烏月,75-11
深坑區,昇高,,670,深坑區,烏月,旺躭,168
深坑區,昇高,,671,深坑區,烏月,旺躭,168-2
深坑區,昇高,,672,深坑區,烏月,旺躭,168-1
深坑區,昇高,,673,深坑區,烏月,旺躭,250
深坑區,昇高,,675,深坑區,烏月,旺躭,169
深坑區,昇高,,677,深坑區,烏月,旺躭,171
深坑區,昇高,,678,深坑區,烏月,旺躭,167-2
深坑區,昇高,,68,深坑區,烏月,烏月,75-14
深坑區,昇高,,682,深坑區,烏月,旺躭,179-1
深坑區,昇高,,683,深坑區,烏月,旺躭,174
深坑區,昇高,,684,深坑區,烏月,旺躭,175
深坑區,昇高,,685,深坑區,烏月,旺躭,174-1
深坑區,昇高,,686,深坑區,烏月,旺躭,175-2
深坑區,昇高,,687,深坑區,烏月,旺躭,175-3
深坑區,昇高,,688,深坑區,烏月,旺躭,174-2
深坑區,昇高,,689,深坑區,烏月,旺躭,175-1
深坑區,昇高,,69,深坑區,烏月,烏月,75-13
深坑區,昇高,,690,深坑區,烏月,旺躭,175-4
深坑區,昇高,,691,深坑區,烏月,旺躭,175-5
深坑區,昇高,,692,深坑區,烏月,旺躭,67
深坑區,昇高,,693,深坑區,烏月,旺躭,67-11
深坑區,昇高,,694,深坑區,烏月,旺躭,246
深坑區,昇高,,695,深坑區,烏月,旺躭,246-1
深坑區,昇高,,696,深坑區,烏月,旺躭,89-1
深坑區,昇高,,697,深坑區,烏月,旺躭,158-2
深坑區,昇高,,698,深坑區,烏月,旺躭,162-2
深坑區,昇高,,70,深坑區,烏月,烏月,75-2
深坑區,昇高,,701,深坑區,烏月,旺躭,176-1
深坑區,昇高,,702,深坑區,烏月,旺躭,177-2
深坑區,昇高,,703,深坑區,烏月,旺躭,158-3
深坑區,昇高,,704,深坑區,烏月,旺躭,160-1
深坑區,昇高,,706,深坑區,烏月,旺躭,149-5
深坑區,昇高,,707,深坑區,烏月,旺躭,149-6
深坑區,昇高,,708,深坑區,烏月,旺躭,149-7
深坑區,昇高,,71,深坑區,烏月,烏月,75-4
深坑區,昇高,,710,深坑區,烏月,旺躭,193-4
深坑區,昇高,,711,深坑區,烏月,旺躭,193-2
深坑區,昇高,,712,深坑區,烏月,旺躭,35-6
深坑區,昇高,,713,深坑區,烏月,旺躭,187-2
深坑區,昇高,,714,深坑區,烏月,旺躭,187-3
深坑區,昇高,,715,深坑區,烏月,旺躭,35-7
深坑區,昇高,,716,深坑區,烏月,旺躭,34-1
深坑區,昇高,,717,深坑區,烏月,旺躭,36-1
深坑區,昇高,,718,深坑區,烏月,旺躭,38-1
深坑區,昇高,,719,深坑區,烏月,旺躭,37-1
深坑區,昇高,,72,深坑區,烏月,烏月,75-1
深坑區,昇高,,720,深坑區,烏月,旺躭,51-14
深坑區,昇高,,721,深坑區,烏月,旺躭,48-1
深坑區,昇高,,722,深坑區,烏月,旺躭,50-5
深坑區,昇高,,723,深坑區,烏月,旺躭,50-7
深坑區,昇高,,724,深坑區,烏月,旺躭,58-2
深坑區,昇高,,725,深坑區,烏月,旺躭,55-1
深坑區,昇高,,726,深坑區,烏月,旺躭,56-1
深坑區,昇高,,728,深坑區,烏月,旺躭,190-4
深坑區,昇高,,73,深坑區,烏月,烏月,46
深坑區,昇高,,730,深坑區,烏月,旺躭,91-4
深坑區,昇高,,732,深坑區,烏月,旺躭,89-8
深坑區,昇高,,733,深坑區,烏月,旺躭,67-12
深坑區,昇高,,734,深坑區,烏月,旺躭,35
深坑區,昇高,,735,深坑區,烏月,旺躭,35-1
深坑區,昇高,,736,深坑區,烏月,旺躭,35-5
深坑區,昇高,,737,深坑區,烏月,旺躭,35-2
深坑區,昇高,,738,深坑區,烏月,旺躭,36
深坑區,昇高,,739,深坑區,烏月,旺躭,51-2
深坑區,昇高,,74,深坑區,烏月,烏月,46-1
深坑區,昇高,,740,深坑區,烏月,旺躭,35-3
深坑區,昇高,,741,深坑區,烏月,旺躭,51
深坑區,昇高,,742,深坑區,烏月,旺躭,50-1
深坑區,昇高,,743,深坑區,烏月,旺躭,50-4
深坑區,昇高,,744,深坑區,烏月,旺躭,52-3
深坑區,昇高,,745,深坑區,烏月,旺躭,52-2
深坑區,昇高,,746,深坑區,烏月,旺躭,52-1
深坑區,昇高,,747,深坑區,烏月,旺躭,52
深坑區,昇高,,748,深坑區,烏月,旺躭,53
深坑區,昇高,,749,深坑區,烏月,旺躭,53-2
深坑區,昇高,,75,深坑區,烏月,烏月,46-2
深坑區,昇高,,750,深坑區,烏月,旺躭,53-3
深坑區,昇高,,751,深坑區,烏月,旺躭,53-4
深坑區,昇高,,752,深坑區,烏月,旺躭,50-2
深坑區,昇高,,753,深坑區,烏月,旺躭,189
深坑區,昇高,,754,深坑區,烏月,旺躭,189-1
深坑區,昇高,,755,深坑區,烏月,旺躭,53-1
深坑區,昇高,,756,深坑區,烏月,旺躭,190-2
深坑區,昇高,,757,深坑區,烏月,旺躭,54
深坑區,昇高,,758,深坑區,烏月,旺躭,190-1
深坑區,昇高,,759,深坑區,烏月,旺躭,56-2
深坑區,昇高,,76,深坑區,烏月,烏月,46-3
深坑區,昇高,,760,深坑區,烏月,旺躭,91-5
深坑區,昇高,,762,深坑區,烏月,旺躭,54-1
深坑區,昇高,,763,深坑區,烏月,旺躭,54-8
深坑區,昇高,,766,深坑區,烏月,旺躭,91-6
深坑區,昇高,,767,深坑區,烏月,旺躭,94-4
深坑區,昇高,,768,深坑區,烏月,旺躭,91-1
深坑區,昇高,,769,深坑區,烏月,旺躭,94-1
深坑區,昇高,,77,深坑區,烏月,烏月,65
深坑區,昇高,,770,深坑區,烏月,旺躭,239
深坑區,昇高,,771,深坑區,烏月,旺躭,238
深坑區,昇高,,772,深坑區,烏月,旺躭,239-1
深坑區,昇高,,773,深坑區,烏月,旺躭,240
深坑區,昇高,,774,深坑區,烏月,旺躭,190-3
深坑區,昇高,,775,深坑區,烏月,旺躭,54-2
深坑區,昇高,,776,深坑區,烏月,旺躭,241-1
深坑區,昇高,,777,深坑區,烏月,旺躭,241
深坑區,昇高,,778,深坑區,烏月,旺躭,242
深坑區,昇高,,779,深坑區,烏月,旺躭,242-1
深坑區,昇高,,78,深坑區,烏月,烏月,64
深坑區,昇高,,781,深坑區,烏月,旺躭,54-9
深坑區,昇高,,782,深坑區,烏月,旺躭,54-3
深坑區,昇高,,783,深坑區,烏月,旺躭,243
深坑區,昇高,,784,深坑區,烏月,旺躭,54-4
深坑區,昇高,,785,深坑區,烏月,旺躭,54-5
深坑區,昇高,,786,深坑區,烏月,旺躭,54-6
深坑區,昇高,,787,深坑區,烏月,旺躭,54-7
深坑區,昇高,,788,深坑區,烏月,旺躭,244
深坑區,昇高,,789,深坑區,烏月,旺躭,245
深坑區,昇高,,79,深坑區,烏月,烏月,63
深坑區,昇高,,790,深坑區,升高坑,升高坑,373-2
深坑區,昇高,,791,深坑區,升高坑,升高坑,373
深坑區,昇高,,792,深坑區,升高坑,升高坑,373-1
深坑區,昇高,,793,深坑區,升高坑,升高坑,45-3
深坑區,昇高,,794,深坑區,升高坑,升高坑,45-8
深坑區,昇高,,795,深坑區,升高坑,升高坑,45-4
深坑區,昇高,,796,深坑區,升高坑,升高坑,45-5
深坑區,昇高,,797,深坑區,升高坑,升高坑,41-1
深坑區,昇高,,798,深坑區,升高坑,升高坑,41-13
深坑區,昇高,,799,深坑區,升高坑,升高坑,41-2
深坑區,昇高,,8,深坑區,烏月,烏月,1
深坑區,昇高,,80,深坑區,烏月,烏月,62
深坑區,昇高,,800,深坑區,升高坑,升高坑,372
深坑區,昇高,,801,深坑區,升高坑,升高坑,41-3
深坑區,昇高,,802,深坑區,升高坑,升高坑,372-1
深坑區,昇高,,803,深坑區,升高坑,升高坑,243
深坑區,昇高,,804,深坑區,升高坑,升高坑,45-2
深坑區,昇高,,805,深坑區,升高坑,升高坑,45-1
深坑區,昇高,,806,深坑區,升高坑,升高坑,41
深坑區,昇高,,807,深坑區,烏月,旺躭,179
深坑區,昇高,,808,深坑區,烏月,旺躭,179-3
深坑區,昇高,,809,深坑區,烏月,旺躭,180-2
深坑區,昇高,,81,深坑區,烏月,烏月,61
深坑區,昇高,,810,深坑區,烏月,旺躭,180-1
深坑區,昇高,,811,深坑區,烏月,旺躭,197
深坑區,昇高,,812,深坑區,烏月,旺躭,197-1
深坑區,昇高,,813,深坑區,烏月,旺躭,197-3
深坑區,昇高,,814,深坑區,烏月,旺躭,197-2
深坑區,昇高,,815,深坑區,烏月,旺躭,180-6
深坑區,昇高,,816,深坑區,烏月,旺躭,180-5
深坑區,昇高,,817,深坑區,烏月,旺躭,180-4
深坑區,昇高,,818,深坑區,烏月,旺躭,180
深坑區,昇高,,819,深坑區,烏月,旺躭,179-2
深坑區,昇高,,82,深坑區,烏月,烏月,57-2
深坑區,昇高,,820,深坑區,烏月,旺躭,181
深坑區,昇高,,821,深坑區,烏月,旺躭,184
深坑區,昇高,,824,深坑區,烏月,旺躭,183-1
深坑區,昇高,,826,深坑區,升高坑,升高坑,402
深坑區,昇高,,827,深坑區,烏月,旺躭,182
深坑區,昇高,,828,深坑區,烏月,旺躭,178-1
深坑區,昇高,,829,深坑區,烏月,旺躭,176
深坑區,昇高,,83,深坑區,烏月,烏月,50
深坑區,昇高,,830,深坑區,烏月,旺躭,178
深坑區,昇高,,831,深坑區,烏月,旺躭,177
深坑區,昇高,,832,深坑區,烏月,旺躭,177-15
深坑區,昇高,,833,深坑區,烏月,旺躭,177-14
深坑區,昇高,,834,深坑區,烏月,旺躭,177-13
深坑區,昇高,,835,深坑區,烏月,旺躭,177-12
深坑區,昇高,,836,深坑區,烏月,旺躭,177-11
深坑區,昇高,,837,深坑區,烏月,旺躭,177-10
深坑區,昇高,,838,深坑區,烏月,旺躭,177-9
深坑區,昇高,,839,深坑區,烏月,旺躭,177-8
深坑區,昇高,,84,深坑區,烏月,烏月,51
深坑區,昇高,,840,深坑區,烏月,旺躭,177-7
深坑區,昇高,,841,深坑區,烏月,旺躭,177-6
深坑區,昇高,,842,深坑區,烏月,旺躭,177-4
深坑區,昇高,,843,深坑區,烏月,旺躭,177-3
深坑區,昇高,,844,深坑區,烏月,旺躭,177-5
深坑區,昇高,,845,深坑區,烏月,旺躭,158
深坑區,昇高,,846,深坑區,烏月,旺躭,249
深坑區,昇高,,847,深坑區,烏月,旺躭,183
深坑區,昇高,,848,深坑區,烏月,旺躭,248
深坑區,昇高,,849,深坑區,烏月,旺躭,157
深坑區,昇高,,851,深坑區,烏月,旺躭,149-2
深坑區,昇高,,852,深坑區,烏月,旺躭,149
深坑區,昇高,,853,深坑區,烏月,旺躭,149-13
深坑區,昇高,,854,深坑區,烏月,旺躭,129-2
深坑區,昇高,,855,深坑區,烏月,旺躭,89-4
深坑區,昇高,,856,深坑區,烏月,旺躭,246-3
深坑區,昇高,,857,深坑區,烏月,旺躭,89-7
深坑區,昇高,,858,深坑區,烏月,旺躭,149-15
深坑區,昇高,,859,深坑區,烏月,旺躭,89-2
深坑區,昇高,,86,深坑區,烏月,烏月,51-1
深坑區,昇高,,860,深坑區,烏月,旺躭,246-2
深坑區,昇高,,861,深坑區,升高坑,升高坑,375-2
深坑區,昇高,,862,深坑區,升高坑,升高坑,374
深坑區,昇高,,863,深坑區,烏月,旺躭,54-10
深坑區,昇高,,864,深坑區,烏月,旺躭,54-11
深坑區,昇高,,865,深坑區,升高坑,升高坑,375
深坑區,昇高,,866,深坑區,升高坑,升高坑,375-1
深坑區,昇高,,87,深坑區,烏月,烏月,52-1
深坑區,昇高,,872,深坑區,烏月,旺躭,247-4
深坑區,昇高,,873,深坑區,烏月,旺躭,247-3
深坑區,昇高,,874,深坑區,烏月,旺躭,149-14
深坑區,昇高,,875,深坑區,烏月,旺躭,149-8
深坑區,昇高,,876,深坑區,烏月,旺躭,149-16
深坑區,昇高,,877,深坑區,烏月,旺躭,149-12
深坑區,昇高,,878,深坑區,烏月,旺躭,149-11
深坑區,昇高,,879,深坑區,烏月,旺躭,158-4
深坑區,昇高,,88,深坑區,烏月,烏月,50-2
深坑區,昇高,,880,深坑區,烏月,旺躭,247-2
深坑區,昇高,,881,深坑區,烏月,旺躭,155-1
深坑區,昇高,,882,深坑區,烏月,旺躭,157-1
深坑區,昇高,,883,深坑區,烏月,旺躭,248-1
深坑區,昇高,,885,深坑區,升高坑,升高坑,12-4
深坑區,昇高,,886,深坑區,升高坑,升高坑,12-2
深坑區,昇高,,887,深坑區,升高坑,升高坑,12-3
深坑區,昇高,,888,深坑區,升高坑,升高坑,180-1
深坑區,昇高,,889,深坑區,烏月,旺躭,249-1
深坑區,昇高,,890,深坑區,升高坑,升高坑,168-11
深坑區,昇高,,891,深坑區,升高坑,升高坑,168-13
深坑區,昇高,,893,深坑區,升高坑,升高坑,11-1
深坑區,昇高,,894,深坑區,烏月,旺躭,183-3
深坑區,昇高,,895,深坑區,烏月,旺躭,183-2
深坑區,昇高,,896,深坑區,升高坑,升高坑,180
深坑區,昇高,,897,深坑區,升高坑,升高坑,13-6
深坑區,昇高,,898,深坑區,升高坑,升高坑,12
深坑區,昇高,,899,深坑區,升高坑,升高坑,12-1
深坑區,昇高,,90,深坑區,烏月,烏月,48-2
深坑區,昇高,,900,深坑區,升高坑,升高坑,12-5
深坑區,昇高,,901,深坑區,升高坑,升高坑,13-4
深坑區,昇高,,902,深坑區,升高坑,升高坑,13-5
深坑區,昇高,,903,深坑區,烏月,旺躭,155
深坑區,昇高,,904,深坑區,烏月,旺躭,155-3
深坑區,昇高,,905,深坑區,烏月,旺躭,155-4
深坑區,昇高,,906,深坑區,烏月,旺躭,247
深坑區,昇高,,907,深坑區,烏月,旺躭,149-4
深坑區,昇高,,908,深坑區,烏月,旺躭,247-1
深坑區,昇高,,909,深坑區,烏月,旺躭,247-5
深坑區,昇高,,91,深坑區,烏月,烏月,57-1
深坑區,昇高,,910,深坑區,升高坑,升高坑,375-3
深坑區,昇高,,911,深坑區,升高坑,升高坑,376-1
深坑區,昇高,,912,深坑區,升高坑,升高坑,376
深坑區,昇高,,914,深坑區,升高坑,升高坑,26-1
深坑區,昇高,,916,深坑區,升高坑,升高坑,378
深坑區,昇高,,917,深坑區,升高坑,升高坑,22-3
深坑區,昇高,,918,深坑區,升高坑,升高坑,22-2
深坑區,昇高,,919,深坑區,升高坑,升高坑,26
深坑區,昇高,,92,深坑區,烏月,烏月,48-1
深坑區,昇高,,920,深坑區,升高坑,升高坑,27
深坑區,昇高,,921,深坑區,升高坑,升高坑,370
深坑區,昇高,,922,深坑區,升高坑,升高坑,370-1
深坑區,昇高,,923,深坑區,升高坑,升高坑,371-1
深坑區,昇高,,925,深坑區,升高坑,升高坑,372-2
深坑區,昇高,,926,深坑區,升高坑,升高坑,372-5
深坑區,昇高,,927,深坑區,升高坑,升高坑,41-5
深坑區,昇高,,928,深坑區,升高坑,升高坑,41-6
深坑區,昇高,,929,深坑區,升高坑,升高坑,372-4
深坑區,昇高,,93,深坑區,烏月,烏月,56-1
深坑區,昇高,,930,深坑區,升高坑,升高坑,41-4
深坑區,昇高,,931,深坑區,升高坑,升高坑,41-7
深坑區,昇高,,932,深坑區,升高坑,升高坑,372-3
深坑區,昇高,,933,深坑區,升高坑,升高坑,41-8
深坑區,昇高,,934,深坑區,升高坑,升高坑,371
深坑區,昇高,,935,深坑區,升高坑,升高坑,28
深坑區,昇高,,936,深坑區,升高坑,升高坑,173-1
深坑區,昇高,,937,深坑區,升高坑,升高坑,173
深坑區,昇高,,938,深坑區,升高坑,升高坑,173-2
深坑區,昇高,,939,深坑區,升高坑,升高坑,174
深坑區,昇高,,94,深坑區,烏月,烏月,55-1
深坑區,昇高,,940,深坑區,升高坑,升高坑,181
深坑區,昇高,,941,深坑區,升高坑,升高坑,181-5
深坑區,昇高,,942,深坑區,升高坑,升高坑,181-2
深坑區,昇高,,943,深坑區,升高坑,升高坑,181-1
深坑區,昇高,,944,深坑區,升高坑,升高坑,181-3
深坑區,昇高,,945,深坑區,升高坑,升高坑,181-4
深坑區,昇高,,946,深坑區,升高坑,升高坑,181-6
深坑區,昇高,,947,深坑區,升高坑,升高坑,181-7
深坑區,昇高,,948,深坑區,升高坑,升高坑,369
深坑區,昇高,,949,深坑區,升高坑,升高坑,38-1
深坑區,昇高,,95,深坑區,烏月,烏月,58-1
深坑區,昇高,,954,深坑區,升高坑,升高坑,369-1
深坑區,昇高,,955,深坑區,升高坑,升高坑,41-9
深坑區,昇高,,956,深坑區,升高坑,升高坑,38-5
深坑區,昇高,,957,深坑區,升高坑,升高坑,38-3
深坑區,昇高,,958,深坑區,升高坑,升高坑,38-4
深坑區,昇高,,96,深坑區,烏月,烏月,60
深坑區,昇高,,962,深坑區,升高坑,升高坑,38-2
深坑區,昇高,,963,深坑區,升高坑,升高坑,38
深坑區,昇高,,964,深坑區,升高坑,升高坑,41-11
深坑區,昇高,,965,深坑區,升高坑,升高坑,41-10
深坑區,昇高,,966,深坑區,升高坑,升高坑,41-12
深坑區,昇高,,97,深坑區,烏月,烏月,61-1
深坑區,昇高,,971,深坑區,升高坑,升高坑,44-1
深坑區,昇高,,972,深坑區,升高坑,升高坑,44
深坑區,昇高,,973,深坑區,升高坑,升高坑,45-7
深坑區,昇高,,974,深坑區,升高坑,升高坑,45-6
深坑區,昇高,,975,深坑區,升高坑,升高坑,243-2
深坑區,昇高,,976,深坑區,升高坑,升高坑,243-1
深坑區,昇高,,98,深坑區,烏月,烏月,59-1
深坑區,昇高,,982,深坑區,升高坑,升高坑,244
深坑區,昇高,,983,深坑區,升高坑,升高坑,245
深坑區,昇高,,984,深坑區,升高坑,升高坑,241
深坑區,昇高,,985,深坑區,升高坑,升高坑,54-1
深坑區,昇高,,986,深坑區,升高坑,升高坑,249
深坑區,昇高,,987,深坑區,升高坑,升高坑,248
深坑區,昇高,,988,深坑區,升高坑,升高坑,247
深坑區,昇高,,989,深坑區,升高坑,升高坑,246
深坑區,昇高,,99,深坑區,烏月,烏月,42-2
深坑區,昇高,,990,深坑區,升高坑,升高坑,56-1
深坑區,昇高,,991,深坑區,升高坑,升高坑,56
深坑區,昇高,,992,深坑區,升高坑,升高坑,55-1
深坑區,昇高,,993,深坑區,升高坑,升高坑,54
深坑區,昇高,,994,深坑區,升高坑,升高坑,54-7
深坑區,昇高,,995,深坑區,升高坑,升高坑,55-2
深坑區,昇高,,996,深坑區,升高坑,升高坑,56-2
深坑區,永安,,1,深坑區,萬順寮,圳古後,14-1
深坑區,永安,,10,深坑區,萬順寮,圳古後,19-3
深坑區,永安,,100,深坑區,萬順寮,萬順寮,11-7
深坑區,永安,,101,深坑區,萬順寮,萬順寮,11-11
深坑區,永安,,102,深坑區,萬順寮,萬順寮,11-8
深坑區,永安,,103,深坑區,萬順寮,萬順寮,11-12
深坑區,永安,,104,深坑區,萬順寮,萬順寮,11-9
深坑區,永安,,105,深坑區,萬順寮,萬順寮,11-10
深坑區,永安,,106,深坑區,萬順寮,萬順寮,10-3
深坑區,永安,,107,深坑區,萬順寮,萬順寮,10-1
深坑區,永安,,108,深坑區,萬順寮,萬順寮,2-2
深坑區,永安,,109,深坑區,萬順寮,萬順寮,30-19
深坑區,永安,,11,深坑區,萬順寮,圳古後,19-4
深坑區,永安,,110,深坑區,萬順寮,萬順寮,13-7
深坑區,永安,,111,深坑區,萬順寮,萬順寮,29-2
深坑區,永安,,112,深坑區,萬順寮,萬順寮,29-6
深坑區,永安,,113,深坑區,萬順寮,萬順寮,29-4
深坑區,永安,,114,深坑區,萬順寮,萬順寮,29-29
深坑區,永安,,115,深坑區,萬順寮,萬順寮,31
深坑區,永安,,116,深坑區,萬順寮,萬順寮,32
深坑區,永安,,117,深坑區,萬順寮,萬順寮,33
深坑區,永安,,118,深坑區,萬順寮,萬順寮,33-1
深坑區,永安,,119,深坑區,萬順寮,萬順寮,34-2
深坑區,永安,,12,深坑區,萬順寮,萬順寮,129-1
深坑區,永安,,120,深坑區,萬順寮,萬順寮,34-1
深坑區,永安,,121,深坑區,萬順寮,萬順寮,34
深坑區,永安,,122,深坑區,萬順寮,萬順寮,29-1
深坑區,永安,,123,深坑區,萬順寮,萬順寮,29-11
深坑區,永安,,124,深坑區,萬順寮,萬順寮,29-21
深坑區,永安,,125,深坑區,萬順寮,萬順寮,29-22
深坑區,永安,,126,深坑區,萬順寮,萬順寮,29-26
深坑區,永安,,127,深坑區,萬順寮,萬順寮,29-25
深坑區,永安,,128,深坑區,萬順寮,萬順寮,29-24
深坑區,永安,,129,深坑區,萬順寮,萬順寮,29-23
深坑區,永安,,13,深坑區,萬順寮,萬順寮,133
深坑區,永安,,130,深坑區,萬順寮,萬順寮,34-10
深坑區,永安,,131,深坑區,萬順寮,萬順寮,34-4
深坑區,永安,,132,深坑區,萬順寮,萬順寮,34-5
深坑區,永安,,133,深坑區,萬順寮,萬順寮,34-6
深坑區,永安,,134,深坑區,萬順寮,萬順寮,34-7
深坑區,永安,,135,深坑區,萬順寮,萬順寮,34-8
深坑區,永安,,136,深坑區,萬順寮,萬順寮,34-9
深坑區,永安,,137,深坑區,萬順寮,萬順寮,35
深坑區,永安,,138,深坑區,萬順寮,萬順寮,35-1
深坑區,永安,,139,深坑區,萬順寮,萬順寮,34-3
深坑區,永安,,14,深坑區,萬順寮,萬順寮,135
深坑區,永安,,140,深坑區,萬順寮,萬順寮,29-9
深坑區,永安,,141,深坑區,萬順寮,萬順寮,29
深坑區,永安,,142,深坑區,萬順寮,萬順寮,29-28
深坑區,永安,,143,深坑區,萬順寮,萬順寮,29-27
深坑區,永安,,144,深坑區,萬順寮,萬順寮,13-3
深坑區,永安,,145,深坑區,萬順寮,萬順寮,13
深坑區,永安,,146,深坑區,萬順寮,萬順寮,13-4
深坑區,永安,,147,深坑區,萬順寮,萬順寮,13-1
深坑區,永安,,148,深坑區,萬順寮,萬順寮,13-2
深坑區,永安,,149,深坑區,萬順寮,萬順寮,13-6
深坑區,永安,,15,深坑區,萬順寮,萬順寮,129-8
深坑區,永安,,150,深坑區,萬順寮,萬順寮,13-5
深坑區,永安,,151,深坑區,萬順寮,萬順寮,13-8
深坑區,永安,,152,深坑區,萬順寮,萬順寮,39-4
深坑區,永安,,153,深坑區,萬順寮,萬順寮,30-15
深坑區,永安,,154,深坑區,萬順寮,萬順寮,150-2
深坑區,永安,,155,深坑區,萬順寮,萬順寮,148-2
深坑區,永安,,156,深坑區,萬順寮,萬順寮,152-1
深坑區,永安,,157,深坑區,萬順寮,萬順寮,151
深坑區,永安,,158,深坑區,萬順寮,萬順寮,158-3
深坑區,永安,,159,深坑區,萬順寮,萬順寮,158-6
深坑區,永安,,16,深坑區,萬順寮,萬順寮,3-2
深坑區,永安,,160,深坑區,萬順寮,萬順寮,158-2
深坑區,永安,,161,深坑區,萬順寮,萬順寮,127-7
深坑區,永安,,162,深坑區,萬順寮,萬順寮,158-4
深坑區,永安,,163,深坑區,萬順寮,萬順寮,40
深坑區,永安,,164,深坑區,萬順寮,萬順寮,39
深坑區,永安,,165,深坑區,萬順寮,萬順寮,39-2
深坑區,永安,,166,深坑區,萬順寮,萬順寮,39-3
深坑區,永安,,167,深坑區,萬順寮,萬順寮,39-1
深坑區,永安,,168,深坑區,萬順寮,萬順寮,40-1
深坑區,永安,,169,深坑區,萬順寮,萬順寮,158-7
深坑區,永安,,17,深坑區,萬順寮,萬順寮,3-1
深坑區,永安,,171,深坑區,萬順寮,萬順寮,158-5
深坑區,永安,,172,深坑區,萬順寮,萬順寮,127-6
深坑區,永安,,173,深坑區,萬順寮,萬順寮,127-5
深坑區,永安,,174,深坑區,萬順寮,萬順寮,162-1
深坑區,永安,,175,深坑區,萬順寮,萬順寮,160-1
深坑區,永安,,176,深坑區,萬順寮,萬順寮,160
深坑區,永安,,177,深坑區,萬順寮,萬順寮,162-3
深坑區,永安,,178,深坑區,萬順寮,萬順寮,162-2
深坑區,永安,,179,深坑區,萬順寮,萬順寮,163-1
深坑區,永安,,18,深坑區,萬順寮,萬順寮,3-23
深坑區,永安,,180,深坑區,萬順寮,萬順寮,164
深坑區,永安,,181,深坑區,萬順寮,萬順寮,127-4
深坑區,永安,,182,深坑區,萬順寮,萬順寮,127-3
深坑區,永安,,183,深坑區,萬順寮,萬順寮,126
深坑區,永安,,184,深坑區,萬順寮,萬順寮,128-14
深坑區,永安,,185,深坑區,萬順寮,萬順寮,128-12
深坑區,永安,,186,深坑區,萬順寮,萬順寮,156-1
深坑區,永安,,187,深坑區,萬順寮,萬順寮,128-10
深坑區,永安,,188,深坑區,萬順寮,萬順寮,128-13
深坑區,永安,,189,深坑區,萬順寮,萬順寮,125-1
深坑區,永安,,19,深坑區,萬順寮,萬順寮,129-7
深坑區,永安,,190,深坑區,萬順寮,萬順寮,125-2
深坑區,永安,,191,深坑區,萬順寮,萬順寮,164-2
深坑區,永安,,192,深坑區,萬順寮,萬順寮,162-4
深坑區,永安,,193,深坑區,萬順寮,萬順寮,161
深坑區,永安,,194,深坑區,萬順寮,萬順寮,159
深坑區,永安,,195,深坑區,萬順寮,萬順寮,159-1
深坑區,永安,,196,深坑區,萬順寮,萬順寮,159-2
深坑區,永安,,197,深坑區,萬順寮,萬順寮,159-3
深坑區,永安,,198,深坑區,萬順寮,萬順寮,161-1
深坑區,永安,,199,深坑區,萬順寮,萬順寮,165
深坑區,永安,,2,深坑區,萬順寮,圳古後,18-2
深坑區,永安,,20,深坑區,萬順寮,萬順寮,3-24
深坑區,永安,,200,深坑區,萬順寮,萬順寮,165-1
深坑區,永安,,201,深坑區,萬順寮,萬順寮,166
深坑區,永安,,202,深坑區,萬順寮,萬順寮,125
深坑區,永安,,203,深坑區,萬順寮,萬順寮,164-1
深坑區,永安,,204,深坑區,萬順寮,萬順寮,125-3
深坑區,永安,,205,深坑區,萬順寮,萬順寮,4-5
深坑區,永安,,206,深坑區,萬順寮,萬順寮,4-49
深坑區,永安,,207,深坑區,萬順寮,萬順寮,4-50
深坑區,永安,,208,深坑區,萬順寮,萬順寮,4-30
深坑區,永安,,209,深坑區,萬順寮,萬順寮,4-38
深坑區,永安,,21,深坑區,萬順寮,萬順寮,129-6
深坑區,永安,,210,深坑區,萬順寮,萬順寮,4-43
深坑區,永安,,211,深坑區,萬順寮,萬順寮,4-36
深坑區,永安,,212,深坑區,萬順寮,萬順寮,4-37
深坑區,永安,,213,深坑區,萬順寮,萬順寮,4-32
深坑區,永安,,214,深坑區,萬順寮,萬順寮,4-14
深坑區,永安,,215,深坑區,萬順寮,萬順寮,4-20
深坑區,永安,,216,深坑區,萬順寮,萬順寮,4-19
深坑區,永安,,217,深坑區,萬順寮,萬順寮,4-22
深坑區,永安,,218,深坑區,萬順寮,萬順寮,4-21
深坑區,永安,,219,深坑區,萬順寮,萬順寮,4-51
深坑區,永安,,22,深坑區,萬順寮,萬順寮,3-25
深坑區,永安,,220,深坑區,萬順寮,萬順寮,4-53
深坑區,永安,,221,深坑區,萬順寮,萬順寮,4-52
深坑區,永安,,222,深坑區,萬順寮,萬順寮,4-54
深坑區,永安,,223,深坑區,萬順寮,萬順寮,4-56
深坑區,永安,,224,深坑區,萬順寮,萬順寮,4-55
深坑區,永安,,225,深坑區,萬順寮,萬順寮,4-57
深坑區,永安,,226,深坑區,萬順寮,萬順寮,4-58
深坑區,永安,,227,深坑區,萬順寮,萬順寮,4-63
深坑區,永安,,228,深坑區,萬順寮,萬順寮,4-59
深坑區,永安,,229,深坑區,萬順寮,萬順寮,4-8
深坑區,永安,,23,深坑區,萬順寮,萬順寮,3-58
深坑區,永安,,230,深坑區,萬順寮,萬順寮,4-23
深坑區,永安,,231,深坑區,萬順寮,萬順寮,4-31
深坑區,永安,,232,深坑區,萬順寮,萬順寮,4-26
深坑區,永安,,233,深坑區,萬順寮,萬順寮,7-1
深坑區,永安,,234,深坑區,萬順寮,萬順寮,8-3
深坑區,永安,,235,深坑區,萬順寮,萬順寮,4-41
深坑區,永安,,236,深坑區,萬順寮,萬順寮,4-34
深坑區,永安,,237,深坑區,萬順寮,萬順寮,4-35
深坑區,永安,,238,深坑區,萬順寮,萬順寮,15-2
深坑區,永安,,239,深坑區,萬順寮,萬順寮,15-1
深坑區,永安,,24,深坑區,萬順寮,萬順寮,3-21
深坑區,永安,,240,深坑區,萬順寮,萬順寮,14-1
深坑區,永安,,241,深坑區,萬順寮,萬順寮,14-3
深坑區,永安,,242,深坑區,萬順寮,萬順寮,28-1
深坑區,永安,,243,深坑區,萬順寮,萬順寮,36-5
深坑區,永安,,244,深坑區,萬順寮,萬順寮,36-4
深坑區,永安,,245,深坑區,萬順寮,萬順寮,36-3
深坑區,永安,,246,深坑區,萬順寮,萬順寮,37-1
深坑區,永安,,247,深坑區,萬順寮,萬順寮,37
深坑區,永安,,248,深坑區,萬順寮,萬順寮,36
深坑區,永安,,249,深坑區,萬順寮,萬順寮,36-1
深坑區,永安,,25,深坑區,萬順寮,萬順寮,3-6
深坑區,永安,,250,深坑區,萬順寮,萬順寮,36-2
深坑區,永安,,251,深坑區,萬順寮,萬順寮,17
深坑區,永安,,252,深坑區,萬順寮,萬順寮,17-1
深坑區,永安,,253,深坑區,萬順寮,萬順寮,17-2
深坑區,永安,,254,深坑區,萬順寮,萬順寮,14
深坑區,永安,,255,深坑區,萬順寮,萬順寮,15
深坑區,永安,,256,深坑區,萬順寮,萬順寮,15-3
深坑區,永安,,257,深坑區,萬順寮,萬順寮,16-3
深坑區,永安,,258,深坑區,萬順寮,萬順寮,16-4
深坑區,永安,,259,深坑區,萬順寮,萬順寮,4-61
深坑區,永安,,26,深坑區,萬順寮,萬順寮,3-7
深坑區,永安,,260,深坑區,萬順寮,萬順寮,4-44
深坑區,永安,,261,深坑區,萬順寮,萬順寮,4-60
深坑區,永安,,262,深坑區,萬順寮,萬順寮,4-16
深坑區,永安,,263,深坑區,萬順寮,萬順寮,4-15
深坑區,永安,,264,深坑區,萬順寮,萬順寮,4-33
深坑區,永安,,265,深坑區,萬順寮,萬順寮,8-4
深坑區,永安,,266,深坑區,萬順寮,萬順寮,8-1
深坑區,永安,,267,深坑區,萬順寮,萬順寮,8-2
深坑區,永安,,268,深坑區,萬順寮,萬順寮,8-7
深坑區,永安,,269,深坑區,萬順寮,萬順寮,8-6
深坑區,永安,,27,深坑區,萬順寮,萬順寮,3-8
深坑區,永安,,270,深坑區,萬順寮,萬順寮,18
深坑區,永安,,271,深坑區,萬順寮,萬順寮,16-2
深坑區,永安,,272,深坑區,萬順寮,萬順寮,24-1
深坑區,永安,,273,深坑區,萬順寮,萬順寮,43
深坑區,永安,,274,深坑區,萬順寮,萬順寮,49
深坑區,永安,,275,深坑區,萬順寮,萬順寮,23
深坑區,永安,,276,深坑區,萬順寮,萬順寮,24
深坑區,永安,,277,深坑區,萬順寮,萬順寮,19-1
深坑區,永安,,278,深坑區,萬順寮,萬順寮,19
深坑區,永安,,279,深坑區,萬順寮,萬順寮,8-5
深坑區,永安,,28,深坑區,萬順寮,萬順寮,3-9
深坑區,永安,,280,深坑區,萬順寮,萬順寮,8
深坑區,永安,,281,深坑區,萬順寮,萬順寮,7
深坑區,永安,,282,深坑區,萬順寮,萬順寮,4-40
深坑區,永安,,283,深坑區,萬順寮,萬順寮,7-2
深坑區,永安,,284,深坑區,萬順寮,萬順寮,4-6
深坑區,永安,,285,深坑區,萬順寮,萬順寮,4-39
深坑區,永安,,286,深坑區,萬順寮,萬順寮,4-42
深坑區,永安,,287,深坑區,萬順寮,萬順寮,4-9
深坑區,永安,,288,深坑區,萬順寮,萬順寮,4-10
深坑區,永安,,289,深坑區,萬順寮,萬順寮,20
深坑區,永安,,29,深坑區,萬順寮,萬順寮,3-10
深坑區,永安,,290,深坑區,萬順寮,萬順寮,21
深坑區,永安,,291,深坑區,萬順寮,萬順寮,4-11
深坑區,永安,,292,深坑區,萬順寮,萬順寮,21-1
深坑區,永安,,293,深坑區,萬順寮,萬順寮,22
深坑區,永安,,294,深坑區,萬順寮,萬順寮,23-1
深坑區,永安,,295,深坑區,萬順寮,萬順寮,4-12
深坑區,永安,,296,深坑區,萬順寮,萬順寮,4-13
深坑區,永安,,297,深坑區,萬順寮,萬順寮,38-3
深坑區,永安,,298,深坑區,萬順寮,萬順寮,38-1
深坑區,永安,,299,深坑區,萬順寮,萬順寮,38
深坑區,永安,,3,深坑區,萬順寮,圳古後,18-3
深坑區,永安,,30,深坑區,萬順寮,萬順寮,3-11
深坑區,永安,,300,深坑區,萬順寮,萬順寮,41-1
深坑區,永安,,301,深坑區,萬順寮,萬順寮,41
深坑區,永安,,302,深坑區,萬順寮,萬順寮,53
深坑區,永安,,303,深坑區,萬順寮,萬順寮,42-1
深坑區,永安,,304,深坑區,萬順寮,萬順寮,52
深坑區,永安,,305,深坑區,萬順寮,萬順寮,42
深坑區,永安,,306,深坑區,萬順寮,萬順寮,41-3
深坑區,永安,,307,深坑區,萬順寮,萬順寮,50
深坑區,永安,,308,深坑區,萬順寮,萬順寮,51
深坑區,永安,,309,深坑區,萬順寮,萬順寮,59
深坑區,永安,,31,深坑區,萬順寮,萬順寮,3-12
深坑區,永安,,310,深坑區,萬順寮,萬順寮,58
深坑區,永安,,311,深坑區,萬順寮,萬順寮,96
深坑區,永安,,312,深坑區,萬順寮,萬順寮,97
深坑區,永安,,313,深坑區,萬順寮,萬順寮,99
深坑區,永安,,314,深坑區,萬順寮,萬順寮,100
深坑區,永安,,315,深坑區,萬順寮,萬順寮,101
深坑區,永安,,316,深坑區,萬順寮,萬順寮,98
深坑區,永安,,317,深坑區,萬順寮,萬順寮,95
深坑區,永安,,318,深坑區,萬順寮,萬順寮,94
深坑區,永安,,319,深坑區,萬順寮,萬順寮,60
深坑區,永安,,32,深坑區,萬順寮,萬順寮,3-13
深坑區,永安,,320,深坑區,萬順寮,萬順寮,61
深坑區,永安,,321,深坑區,萬順寮,萬順寮,61-1
深坑區,永安,,322,深坑區,萬順寮,萬順寮,62
深坑區,永安,,323,深坑區,萬順寮,萬順寮,48-1
深坑區,永安,,324,深坑區,萬順寮,萬順寮,48-2
深坑區,永安,,325,深坑區,萬順寮,萬順寮,64
深坑區,永安,,326,深坑區,萬順寮,萬順寮,63
深坑區,永安,,327,深坑區,萬順寮,萬順寮,74
深坑區,永安,,328,深坑區,萬順寮,萬順寮,69
深坑區,永安,,329,深坑區,萬順寮,萬順寮,70
深坑區,永安,,33,深坑區,萬順寮,萬順寮,3-14
深坑區,永安,,330,深坑區,萬順寮,萬順寮,73
深坑區,永安,,331,深坑區,萬順寮,萬順寮,75
深坑區,永安,,332,深坑區,萬順寮,萬順寮,79
深坑區,永安,,333,深坑區,萬順寮,萬順寮,80
深坑區,永安,,334,深坑區,萬順寮,萬順寮,80-1
深坑區,永安,,335,深坑區,萬順寮,萬順寮,84
深坑區,永安,,336,深坑區,萬順寮,萬順寮,85
深坑區,永安,,337,深坑區,萬順寮,萬順寮,93-1
深坑區,永安,,338,深坑區,萬順寮,萬順寮,93
深坑區,永安,,339,深坑區,萬順寮,萬順寮,109-1
深坑區,永安,,34,深坑區,萬順寮,萬順寮,129-4
深坑區,永安,,340,深坑區,萬順寮,萬順寮,108
深坑區,永安,,341,深坑區,萬順寮,萬順寮,109-2
深坑區,永安,,342,深坑區,萬順寮,萬順寮,109
深坑區,永安,,343,深坑區,萬順寮,萬順寮,105-2
深坑區,永安,,344,深坑區,萬順寮,萬順寮,105
深坑區,永安,,345,深坑區,萬順寮,萬順寮,106
深坑區,永安,,346,深坑區,萬順寮,萬順寮,107-3
深坑區,永安,,347,深坑區,萬順寮,萬順寮,107-1
深坑區,永安,,348,深坑區,萬順寮,萬順寮,107-4
深坑區,永安,,349,深坑區,萬順寮,萬順寮,107-2
深坑區,永安,,35,深坑區,萬順寮,萬順寮,136-1
深坑區,永安,,350,深坑區,萬順寮,萬順寮,105-1
深坑區,永安,,351,深坑區,萬順寮,萬順寮,104
深坑區,永安,,352,深坑區,萬順寮,萬順寮,103
深坑區,永安,,353,深坑區,萬順寮,萬順寮,102
深坑區,永安,,354,深坑區,萬順寮,萬順寮,102-1
深坑區,永安,,355,深坑區,萬順寮,萬順寮,92
深坑區,永安,,356,深坑區,萬順寮,萬順寮,91
深坑區,永安,,357,深坑區,萬順寮,萬順寮,90
深坑區,永安,,358,深坑區,萬順寮,萬順寮,89
深坑區,永安,,359,深坑區,萬順寮,萬順寮,88
深坑區,永安,,36,深坑區,萬順寮,萬順寮,3-59
深坑區,永安,,360,深坑區,萬順寮,萬順寮,87
深坑區,永安,,361,深坑區,萬順寮,萬順寮,87-1
深坑區,永安,,362,深坑區,萬順寮,萬順寮,86-1
深坑區,永安,,363,深坑區,萬順寮,萬順寮,86
深坑區,永安,,364,深坑區,萬順寮,萬順寮,83
深坑區,永安,,365,深坑區,萬順寮,萬順寮,82
深坑區,永安,,366,深坑區,萬順寮,萬順寮,81
深坑區,永安,,367,深坑區,萬順寮,萬順寮,78
深坑區,永安,,368,深坑區,萬順寮,萬順寮,77
深坑區,永安,,369,深坑區,萬順寮,萬順寮,76
深坑區,永安,,37,深坑區,萬順寮,萬順寮,3-16
深坑區,永安,,370,深坑區,萬順寮,萬順寮,72
深坑區,永安,,371,深坑區,萬順寮,萬順寮,71
深坑區,永安,,372,深坑區,萬順寮,萬順寮,68
深坑區,永安,,373,深坑區,萬順寮,萬順寮,67
深坑區,永安,,374,深坑區,萬順寮,萬順寮,66
深坑區,永安,,375,深坑區,萬順寮,萬順寮,65
深坑區,永安,,376,深坑區,萬順寮,萬順寮,47
深坑區,永安,,377,深坑區,萬順寮,萬順寮,46
深坑區,永安,,378,深坑區,萬順寮,萬順寮,54-1
深坑區,永安,,379,深坑區,萬順寮,萬順寮,54-2
深坑區,永安,,38,深坑區,萬順寮,萬順寮,3-15
深坑區,永安,,380,深坑區,萬順寮,萬順寮,54-4
深坑區,永安,,381,深坑區,萬順寮,萬順寮,54-3
深坑區,永安,,382,深坑區,萬順寮,萬順寮,114-4
深坑區,永安,,383,深坑區,萬順寮,萬順寮,114-2
深坑區,永安,,384,深坑區,萬順寮,萬順寮,114-3
深坑區,永安,,385,深坑區,萬順寮,萬順寮,114
深坑區,永安,,386,深坑區,萬順寮,萬順寮,114-1
深坑區,永安,,387,深坑區,萬順寮,萬順寮,116-1
深坑區,永安,,388,深坑區,萬順寮,萬順寮,116
深坑區,永安,,389,深坑區,萬順寮,萬順寮,115-1
深坑區,永安,,39,深坑區,萬順寮,萬順寮,3-47
深坑區,永安,,390,深坑區,萬順寮,萬順寮,115
深坑區,永安,,391,深坑區,萬順寮,萬順寮,110-2
深坑區,永安,,392,深坑區,萬順寮,萬順寮,110-3
深坑區,永安,,393,深坑區,萬順寮,萬順寮,118-2
深坑區,永安,,394,深坑區,萬順寮,萬順寮,118
深坑區,永安,,395,深坑區,萬順寮,萬順寮,110
深坑區,永安,,396,深坑區,萬順寮,萬順寮,110-6
深坑區,永安,,397,深坑區,萬順寮,萬順寮,54
深坑區,永安,,398,深坑區,萬順寮,萬順寮,57-1
深坑區,永安,,399,深坑區,萬順寮,萬順寮,57
深坑區,永安,,4,深坑區,萬順寮,萬順寮,1-3
深坑區,永安,,40,深坑區,萬順寮,萬順寮,3-3
深坑區,永安,,400,深坑區,萬順寮,萬順寮,110-7
深坑區,永安,,401,深坑區,萬順寮,萬順寮,110-1
深坑區,永安,,402,深坑區,萬順寮,萬順寮,110-5
深坑區,永安,,403,深坑區,萬順寮,萬順寮,118-1
深坑區,永安,,404,深坑區,萬順寮,萬順寮,121-5
深坑區,永安,,405,深坑區,萬順寮,萬順寮,124-1
深坑區,永安,,406,深坑區,萬順寮,萬順寮,124-3
深坑區,永安,,407,深坑區,萬順寮,萬順寮,124
深坑區,永安,,408,深坑區,萬順寮,萬順寮,121
深坑區,永安,,409,深坑區,萬順寮,萬順寮,121-10
深坑區,永安,,41,深坑區,萬順寮,萬順寮,3-4
深坑區,永安,,410,深坑區,萬順寮,萬順寮,121-6
深坑區,永安,,411,深坑區,萬順寮,萬順寮,121-11
深坑區,永安,,412,深坑區,萬順寮,萬順寮,121-12
深坑區,永安,,413,深坑區,萬順寮,萬順寮,121-13
深坑區,永安,,414,深坑區,萬順寮,萬順寮,121-14
深坑區,永安,,415,深坑區,萬順寮,萬順寮,121-15
深坑區,永安,,416,深坑區,萬順寮,萬順寮,121-16
深坑區,永安,,417,深坑區,萬順寮,萬順寮,121-17
深坑區,永安,,418,深坑區,萬順寮,萬順寮,121-18
深坑區,永安,,419,深坑區,萬順寮,萬順寮,121-19
深坑區,永安,,42,深坑區,萬順寮,萬順寮,3-5
深坑區,永安,,420,深坑區,萬順寮,萬順寮,121-20
深坑區,永安,,421,深坑區,萬順寮,萬順寮,110-4
深坑區,永安,,422,深坑區,萬順寮,萬順寮,121-26
深坑區,永安,,423,深坑區,萬順寮,萬順寮,121-25
深坑區,永安,,424,深坑區,萬順寮,萬順寮,121-24
深坑區,永安,,425,深坑區,萬順寮,萬順寮,121-23
深坑區,永安,,426,深坑區,萬順寮,萬順寮,121-22
深坑區,永安,,427,深坑區,萬順寮,萬順寮,121-21
深坑區,永安,,428,深坑區,萬順寮,萬順寮,121-8
深坑區,永安,,429,深坑區,萬順寮,萬順寮,108-1
深坑區,永安,,43,深坑區,萬順寮,萬順寮,3-57
深坑區,永安,,430,深坑區,萬順寮,萬順寮,121-1
深坑區,永安,,431,深坑區,萬順寮,萬順寮,121-2
深坑區,永安,,432,深坑區,萬順寮,萬順寮,121-3
深坑區,永安,,434,深坑區,萬順寮,萬順寮,121-4
深坑區,永安,,435,深坑區,萬順寮,萬順寮,3-60
深坑區,永安,,436,深坑區,萬順寮,萬順寮,129-9
深坑區,永安,,437,深坑區,萬順寮,萬順寮,4-29
深坑區,永安,,438,深坑區,萬順寮,萬順寮,3-27
深坑區,永安,,439,深坑區,萬順寮,萬順寮,3-26
深坑區,永安,,44,深坑區,萬順寮,萬順寮,3-45
深坑區,永安,,440,深坑區,萬順寮,萬順寮,3
深坑區,永安,,441,深坑區,萬順寮,萬順寮,4-28
深坑區,永安,,442,深坑區,萬順寮,萬順寮,2-3
深坑區,永安,,443,深坑區,萬順寮,萬順寮,4-27
深坑區,永安,,444,深坑區,萬順寮,萬順寮,38-2
深坑區,永安,,445,深坑區,萬順寮,萬順寮,41-2
深坑區,永安,,446,深坑區,萬順寮,萬順寮,40-2
深坑區,永安,,447,深坑區,萬順寮,萬順寮,159-4
深坑區,永安,,448,深坑區,萬順寮,萬順寮,93-2
深坑區,永安,,449,深坑區,萬順寮,萬順寮,49-1
深坑區,永安,,45,深坑區,萬順寮,萬順寮,3-56
深坑區,永安,,46,深坑區,萬順寮,萬順寮,3-43
深坑區,永安,,47,深坑區,萬順寮,萬順寮,3-55
深坑區,永安,,48,深坑區,萬順寮,萬順寮,3-41
深坑區,永安,,49,深坑區,萬順寮,萬順寮,3-39
深坑區,永安,,5,深坑區,萬順寮,萬順寮,130-1
深坑區,永安,,50,深坑區,萬順寮,萬順寮,3-22
深坑區,永安,,51,深坑區,萬順寮,萬順寮,3-32
深坑區,永安,,52,深坑區,萬順寮,萬順寮,3-34
深坑區,永安,,53,深坑區,萬順寮,萬順寮,3-36
深坑區,永安,,54,深坑區,萬順寮,萬順寮,3-38
深坑區,永安,,55,深坑區,萬順寮,萬順寮,3-40
深坑區,永安,,56,深坑區,萬順寮,萬順寮,3-42
深坑區,永安,,57,深坑區,萬順寮,萬順寮,3-44
深坑區,永安,,58,深坑區,萬順寮,萬順寮,3-46
深坑區,永安,,59,深坑區,萬順寮,萬順寮,3-30
深坑區,永安,,6,深坑區,萬順寮,萬順寮,132-1
深坑區,永安,,60,深坑區,萬順寮,萬順寮,3-29
深坑區,永安,,61,深坑區,萬順寮,萬順寮,3-28
深坑區,永安,,62,深坑區,萬順寮,萬順寮,3-48
深坑區,永安,,63,深坑區,萬順寮,萬順寮,3-49
深坑區,永安,,64,深坑區,萬順寮,萬順寮,3-50
深坑區,永安,,65,深坑區,萬順寮,萬順寮,3-51
深坑區,永安,,66,深坑區,萬順寮,萬順寮,3-52
深坑區,永安,,67,深坑區,萬順寮,萬順寮,3-53
深坑區,永安,,68,深坑區,萬順寮,萬順寮,3-54
深坑區,永安,,69,深坑區,萬順寮,萬順寮,4-1
深坑區,永安,,7,深坑區,萬順寮,萬順寮,129-2
深坑區,永安,,70,深坑區,萬順寮,萬順寮,4-45
深坑區,永安,,71,深坑區,萬順寮,萬順寮,4-62
深坑區,永安,,72,深坑區,萬順寮,萬順寮,4-2
深坑區,永安,,73,深坑區,萬順寮,萬順寮,4
深坑區,永安,,74,深坑區,萬順寮,萬順寮,4-7
深坑區,永安,,75,深坑區,萬順寮,萬順寮,4-47
深坑區,永安,,76,深坑區,萬順寮,萬順寮,4-46
深坑區,永安,,77,深坑區,萬順寮,萬順寮,1-2
深坑區,永安,,78,深坑區,萬順寮,萬順寮,129-3
深坑區,永安,,79,深坑區,萬順寮,萬順寮,136
深坑區,永安,,8,深坑區,萬順寮,圳古後,19-2
深坑區,永安,,80,深坑區,萬順寮,萬順寮,30-16
深坑區,永安,,81,深坑區,萬順寮,萬順寮,12-7
深坑區,永安,,82,深坑區,萬順寮,萬順寮,12-5
深坑區,永安,,83,深坑區,萬順寮,萬順寮,30-18
深坑區,永安,,84,深坑區,萬順寮,萬順寮,12-8
深坑區,永安,,85,深坑區,萬順寮,萬順寮,12-6
深坑區,永安,,86,深坑區,萬順寮,萬順寮,30-17
深坑區,永安,,87,深坑區,萬順寮,萬順寮,2
深坑區,永安,,88,深坑區,萬順寮,萬順寮,2-1
深坑區,永安,,89,深坑區,萬順寮,萬順寮,10-2
深坑區,永安,,9,深坑區,萬順寮,圳古後,19
深坑區,永安,,90,深坑區,萬順寮,萬順寮,10
深坑區,永安,,91,深坑區,萬順寮,萬順寮,10-4
深坑區,永安,,92,深坑區,萬順寮,萬順寮,11-4
深坑區,永安,,93,深坑區,萬順寮,萬順寮,11-3
深坑區,永安,,94,深坑區,萬順寮,萬順寮,11-6
深坑區,永安,,95,深坑區,萬順寮,萬順寮,11-2
深坑區,永安,,96,深坑區,萬順寮,萬順寮,11-5
深坑區,永安,,97,深坑區,萬順寮,萬順寮,11-1
深坑區,永安,,98,深坑區,萬順寮,萬順寮,12-2
深坑區,永安,,99,深坑區,萬順寮,萬順寮,12-9
深坑區,深坑子,深坑子,181,深坑區,安坑,小粗坑,149-7
深坑區,深坑子,深坑子,182,深坑區,安坑,小粗坑,152-11
深坑區,深坑子,深坑子,206-14,深坑區,埔新,,1341
深坑區,賴仲,,1,深坑區,土庫,賴仲坑,1
深坑區,賴仲,,10,深坑區,土庫,大坪,41-1
深坑區,賴仲,,100,深坑區,土庫,大坪,160-1
深坑區,賴仲,,1000,深坑區,土庫,崩山,171-94
深坑區,賴仲,,1001,深坑區,土庫,崩山,171-95
深坑區,賴仲,,1002,深坑區,土庫,崩山,171-96
深坑區,賴仲,,1003,深坑區,土庫,崩山,171-97
深坑區,賴仲,,1004,深坑區,土庫,崩山,171-98
深坑區,賴仲,,1005,深坑區,土庫,崩山,171-99
深坑區,賴仲,,1006,深坑區,土庫,崩山,171-100
深坑區,賴仲,,1007,深坑區,土庫,崩山,171-115
深坑區,賴仲,,1008,深坑區,土庫,崩山,171-114
深坑區,賴仲,,1009,深坑區,土庫,崩山,171-113
深坑區,賴仲,,101,深坑區,土庫,大坪,34-18
深坑區,賴仲,,1010,深坑區,土庫,崩山,171-112
深坑區,賴仲,,1011,深坑區,土庫,崩山,171-110
深坑區,賴仲,,1012,深坑區,土庫,崩山,171-109
深坑區,賴仲,,1013,深坑區,土庫,崩山,171-108
深坑區,賴仲,,1014,深坑區,土庫,崩山,171-107
深坑區,賴仲,,1015,深坑區,土庫,崩山,171-106
深坑區,賴仲,,1016,深坑區,土庫,崩山,171-105
深坑區,賴仲,,1017,深坑區,土庫,崩山,171-104
深坑區,賴仲,,1018,深坑區,土庫,崩山,171-103
深坑區,賴仲,,1019,深坑區,土庫,崩山,171-102
深坑區,賴仲,,102,深坑區,土庫,大坪,34-40
深坑區,賴仲,,1020,深坑區,土庫,崩山,171-101
深坑區,賴仲,,1021,深坑區,土庫,崩山,171-181
深坑區,賴仲,,1022,深坑區,土庫,崩山,171-180
深坑區,賴仲,,1023,深坑區,土庫,崩山,171-175
深坑區,賴仲,,1024,深坑區,土庫,崩山,171-176
深坑區,賴仲,,1025,深坑區,土庫,崩山,180-8
深坑區,賴仲,,1026,深坑區,土庫,崩山,212-12
深坑區,賴仲,,1027,深坑區,土庫,崩山,171-188
深坑區,賴仲,,1028,深坑區,土庫,崩山,171-111
深坑區,賴仲,,1029,深坑區,土庫,崩山,171-207
深坑區,賴仲,,103,深坑區,土庫,大坪,34-45
深坑區,賴仲,,1030,深坑區,土庫,崩山,171-208
深坑區,賴仲,,1031,深坑區,土庫,崩山,171-116
深坑區,賴仲,,1032,深坑區,土庫,崩山,171-118
深坑區,賴仲,,1033,深坑區,土庫,崩山,171-120
深坑區,賴仲,,1034,深坑區,土庫,崩山,171-122
深坑區,賴仲,,1035,深坑區,土庫,崩山,171-124
深坑區,賴仲,,1036,深坑區,土庫,崩山,171-126
深坑區,賴仲,,1037,深坑區,土庫,崩山,171-128
深坑區,賴仲,,1038,深坑區,土庫,崩山,171-131
深坑區,賴仲,,1039,深坑區,土庫,崩山,171-133
深坑區,賴仲,,104,深坑區,土庫,賴仲坑,204-1
深坑區,賴仲,,1040,深坑區,土庫,崩山,171-135
深坑區,賴仲,,1041,深坑區,土庫,崩山,171-117
深坑區,賴仲,,1042,深坑區,土庫,崩山,171-119
深坑區,賴仲,,1043,深坑區,土庫,崩山,171-121
深坑區,賴仲,,1044,深坑區,土庫,崩山,171-123
深坑區,賴仲,,1045,深坑區,土庫,崩山,171-125
深坑區,賴仲,,1046,深坑區,土庫,崩山,171-127
深坑區,賴仲,,1047,深坑區,土庫,崩山,171-129
深坑區,賴仲,,1048,深坑區,土庫,崩山,171-130
深坑區,賴仲,,1049,深坑區,土庫,崩山,171-132
深坑區,賴仲,,105,深坑區,土庫,賴仲坑,204-2
深坑區,賴仲,,1050,深坑區,土庫,崩山,171-134
深坑區,賴仲,,1051,深坑區,土庫,崩山,171-136
深坑區,賴仲,,1052,深坑區,土庫,崩山,171-137
深坑區,賴仲,,1053,深坑區,土庫,崩山,171-154
深坑區,賴仲,,1054,深坑區,土庫,崩山,171-153
深坑區,賴仲,,1055,深坑區,土庫,崩山,171-152
深坑區,賴仲,,1056,深坑區,土庫,崩山,171-151
深坑區,賴仲,,1057,深坑區,土庫,崩山,171-155
深坑區,賴仲,,1058,深坑區,土庫,崩山,171-156
深坑區,賴仲,,1059,深坑區,土庫,崩山,171-157
深坑區,賴仲,,106,深坑區,土庫,賴仲坑,204-14
深坑區,賴仲,,1060,深坑區,土庫,崩山,171-158
深坑區,賴仲,,1061,深坑區,土庫,崩山,171-149
深坑區,賴仲,,1062,深坑區,土庫,崩山,171-148
深坑區,賴仲,,1063,深坑區,土庫,崩山,171-147
深坑區,賴仲,,1064,深坑區,土庫,崩山,171-146
深坑區,賴仲,,1065,深坑區,土庫,崩山,171-150
深坑區,賴仲,,1066,深坑區,土庫,崩山,171-145
深坑區,賴仲,,1067,深坑區,土庫,崩山,171-144
深坑區,賴仲,,1068,深坑區,土庫,崩山,171-143
深坑區,賴仲,,1069,深坑區,土庫,崩山,171-142
深坑區,賴仲,,107,深坑區,土庫,賴仲坑,204-11
深坑區,賴仲,,1070,深坑區,土庫,崩山,171-141
深坑區,賴仲,,1071,深坑區,土庫,崩山,171-140
深坑區,賴仲,,1072,深坑區,土庫,崩山,171-139
深坑區,賴仲,,1073,深坑區,土庫,崩山,180-23
深坑區,賴仲,,1074,深坑區,土庫,崩山,180-18
深坑區,賴仲,,1075,深坑區,土庫,崩山,180-26
深坑區,賴仲,,1076,深坑區,土庫,崩山,172-44
深坑區,賴仲,,1077,深坑區,土庫,崩山,172-45
深坑區,賴仲,,1078,深坑區,土庫,崩山,172-35
深坑區,賴仲,,1079,深坑區,土庫,崩山,172-47
深坑區,賴仲,,108,深坑區,土庫,賴仲坑,204-7
深坑區,賴仲,,1080,深坑區,土庫,崩山,172-48
深坑區,賴仲,,1081,深坑區,土庫,崩山,172-49
深坑區,賴仲,,1082,深坑區,土庫,崩山,171-161
深坑區,賴仲,,1083,深坑區,土庫,崩山,171-159
深坑區,賴仲,,1084,深坑區,土庫,崩山,172-4
深坑區,賴仲,,1085,深坑區,土庫,崩山,172-43
深坑區,賴仲,,1086,深坑區,土庫,崩山,172-50
深坑區,賴仲,,1087,深坑區,土庫,崩山,172-51
深坑區,賴仲,,1088,深坑區,土庫,崩山,172-52
深坑區,賴仲,,1089,深坑區,土庫,崩山,172-53
深坑區,賴仲,,109,深坑區,土庫,賴仲坑,204
深坑區,賴仲,,1090,深坑區,土庫,崩山,172-54
深坑區,賴仲,,1091,深坑區,土庫,崩山,180-1
深坑區,賴仲,,1092,深坑區,土庫,崩山,180-16
深坑區,賴仲,,1093,深坑區,土庫,崩山,180-17
深坑區,賴仲,,1094,深坑區,土庫,崩山,180-4
深坑區,賴仲,,1095,深坑區,土庫,崩山,180-12
深坑區,賴仲,,1096,深坑區,土庫,崩山,180-9
深坑區,賴仲,,1097,深坑區,土庫,崩山,171-185
深坑區,賴仲,,1098,深坑區,土庫,崩山,171-186
深坑區,賴仲,,1099,深坑區,土庫,崩山,212-10
深坑區,賴仲,,110,深坑區,土庫,賴仲坑,204-6
深坑區,賴仲,,1100,深坑區,土庫,崩山,212-15
深坑區,賴仲,,1101,深坑區,土庫,崩山,180-3
深坑區,賴仲,,1102,深坑區,土庫,崩山,171-138
深坑區,賴仲,,1103,深坑區,土庫,崩山,180-6
深坑區,賴仲,,1104,深坑區,土庫,崩山,180-13
深坑區,賴仲,,1105,深坑區,土庫,崩山,171-189
深坑區,賴仲,,1106,深坑區,土庫,崩山,171-177
深坑區,賴仲,,1107,深坑區,土庫,崩山,175-2
深坑區,賴仲,,1108,深坑區,土庫,崩山,175-15
深坑區,賴仲,,1109,深坑區,土庫,崩山,175-10
深坑區,賴仲,,111,深坑區,土庫,大坪,164-10
深坑區,賴仲,,1110,深坑區,土庫,崩山,175-8
深坑區,賴仲,,1111,深坑區,土庫,崩山,175-9
深坑區,賴仲,,1112,深坑區,土庫,崩山,213-1
深坑區,賴仲,,1113,深坑區,土庫,崩山,175-20
深坑區,賴仲,,1114,深坑區,土庫,崩山,175-12
深坑區,賴仲,,1115,深坑區,土庫,崩山,171-174
深坑區,賴仲,,1116,深坑區,土庫,崩山,171-7
深坑區,賴仲,,1117,深坑區,土庫,崩山,171-173
深坑區,賴仲,,1118,深坑區,土庫,崩山,213-2
深坑區,賴仲,,1119,深坑區,土庫,崩山,171-193
深坑區,賴仲,,112,深坑區,土庫,大坪,164-9
深坑區,賴仲,,1120,深坑區,土庫,崩山,175-13
深坑區,賴仲,,1121,深坑區,土庫,崩山,171-172
深坑區,賴仲,,1122,深坑區,土庫,崩山,171-187
深坑區,賴仲,,1123,深坑區,土庫,崩山,214
深坑區,賴仲,,1124,深坑區,土庫,崩山,171-211
深坑區,賴仲,,1125,深坑區,土庫,崩山,171-170
深坑區,賴仲,,1126,深坑區,土庫,崩山,171-179
深坑區,賴仲,,1127,深坑區,土庫,崩山,213-22
深坑區,賴仲,,1128,深坑區,土庫,崩山,171-169
深坑區,賴仲,,1129,深坑區,土庫,崩山,171-210
深坑區,賴仲,,113,深坑區,土庫,大坪,164-27
深坑區,賴仲,,1130,深坑區,土庫,崩山,171-162
深坑區,賴仲,,1131,深坑區,土庫,崩山,213-4
深坑區,賴仲,,1132,深坑區,土庫,崩山,171-167
深坑區,賴仲,,1133,深坑區,土庫,崩山,213-23
深坑區,賴仲,,1134,深坑區,土庫,崩山,213-6
深坑區,賴仲,,1135,深坑區,土庫,崩山,171-163
深坑區,賴仲,,1136,深坑區,土庫,崩山,171
深坑區,賴仲,,1137,深坑區,土庫,崩山,213-18
深坑區,賴仲,,1138,深坑區,土庫,崩山,169-2
深坑區,賴仲,,1139,深坑區,土庫,崩山,213-16
深坑區,賴仲,,114,深坑區,土庫,大坪,164-8
深坑區,賴仲,,1140,深坑區,土庫,崩山,172-38
深坑區,賴仲,,1141,深坑區,土庫,崩山,171-165
深坑區,賴仲,,1142,深坑區,土庫,崩山,213-14
深坑區,賴仲,,1143,深坑區,土庫,崩山,169
深坑區,賴仲,,1144,深坑區,土庫,崩山,172-39
深坑區,賴仲,,1145,深坑區,土庫,崩山,171-164
深坑區,賴仲,,1146,深坑區,土庫,崩山,213-13
深坑區,賴仲,,1147,深坑區,土庫,崩山,213-12
深坑區,賴仲,,1148,深坑區,土庫,崩山,174-1
深坑區,賴仲,,1149,深坑區,土庫,崩山,213-7
深坑區,賴仲,,115,深坑區,土庫,大坪,164
深坑區,賴仲,,1150,深坑區,土庫,崩山,174-2
深坑區,賴仲,,1151,深坑區,土庫,崩山,213-11
深坑區,賴仲,,1152,深坑區,土庫,崩山,174
深坑區,賴仲,,1153,深坑區,土庫,崩山,213-10
深坑區,賴仲,,1154,深坑區,土庫,崩山,175
深坑區,賴仲,,1155,深坑區,土庫,崩山,213-24
深坑區,賴仲,,1156,深坑區,土庫,崩山,174-3
深坑區,賴仲,,1157,深坑區,土庫,崩山,174-4
深坑區,賴仲,,1158,深坑區,土庫,崩山,213-9
深坑區,賴仲,,1159,深坑區,土庫,崩山,175-5
深坑區,賴仲,,116,深坑區,土庫,大坪,34-47
深坑區,賴仲,,1160,深坑區,土庫,崩山,175-7
深坑區,賴仲,,1161,深坑區,土庫,崩山,175-17
深坑區,賴仲,,1162,深坑區,土庫,崩山,180-7
深坑區,賴仲,,1163,深坑區,土庫,崩山,180-11
深坑區,賴仲,,1164,深坑區,土庫,崩山,175-6
深坑區,賴仲,,1165,深坑區,土庫,崩山,180-15
深坑區,賴仲,,1166,深坑區,土庫,崩山,175-4
深坑區,賴仲,,1167,深坑區,土庫,崩山,177-5
深坑區,賴仲,,1168,深坑區,土庫,崩山,180-5
深坑區,賴仲,,1169,深坑區,土庫,崩山,172-42
深坑區,賴仲,,117,深坑區,土庫,大坪,164-26
深坑區,賴仲,,1170,深坑區,土庫,崩山,175-1
深坑區,賴仲,,1171,深坑區,土庫,崩山,177-1
深坑區,賴仲,,1172,深坑區,土庫,崩山,177-2
深坑區,賴仲,,1173,深坑區,土庫,崩山,177-6
深坑區,賴仲,,1174,深坑區,土庫,崩山,177-3
深坑區,賴仲,,1175,深坑區,土庫,崩山,172-41
深坑區,賴仲,,1176,深坑區,土庫,崩山,213-8
深坑區,賴仲,,1177,深坑區,土庫,崩山,176
深坑區,賴仲,,1178,深坑區,土庫,崩山,172-40
深坑區,賴仲,,1179,深坑區,土庫,崩山,172-55
深坑區,賴仲,,118,深坑區,土庫,大坪,34-13
深坑區,賴仲,,1180,深坑區,土庫,崩山,172-36
深坑區,賴仲,,1181,深坑區,土庫,崩山,172-9
深坑區,賴仲,,1182,深坑區,土庫,崩山,172-17
深坑區,賴仲,,1183,深坑區,土庫,崩山,172-57
深坑區,賴仲,,1184,深坑區,土庫,崩山,172-18
深坑區,賴仲,,1185,深坑區,土庫,崩山,172-14
深坑區,賴仲,,1186,深坑區,土庫,崩山,172-19
深坑區,賴仲,,1187,深坑區,土庫,崩山,172-5
深坑區,賴仲,,1188,深坑區,土庫,崩山,172-13
深坑區,賴仲,,1189,深坑區,土庫,崩山,172-20
深坑區,賴仲,,119,深坑區,土庫,大坪,34-16
深坑區,賴仲,,1190,深坑區,土庫,崩山,172-33
深坑區,賴仲,,1191,深坑區,土庫,崩山,172-21
深坑區,賴仲,,1192,深坑區,土庫,崩山,172-12
深坑區,賴仲,,1193,深坑區,土庫,崩山,172-22
深坑區,賴仲,,1194,深坑區,土庫,崩山,172-34
深坑區,賴仲,,1195,深坑區,土庫,崩山,172-23
深坑區,賴仲,,1196,深坑區,土庫,崩山,172-6
深坑區,賴仲,,1197,深坑區,土庫,崩山,172-24
深坑區,賴仲,,1198,深坑區,土庫,崩山,172-25
深坑區,賴仲,,1199,深坑區,土庫,崩山,172-26
深坑區,賴仲,,12,深坑區,土庫,大坪,38-5
深坑區,賴仲,,120,深坑區,土庫,大坪,34-17
深坑區,賴仲,,1200,深坑區,土庫,崩山,172-7
深坑區,賴仲,,1202,深坑區,土庫,崩山,172-27
深坑區,賴仲,,1203,深坑區,土庫,崩山,179-1
深坑區,賴仲,,1204,深坑區,土庫,崩山,172-15
深坑區,賴仲,,1205,深坑區,土庫,崩山,172-28
深坑區,賴仲,,1206,深坑區,土庫,崩山,179-3
深坑區,賴仲,,1207,深坑區,土庫,崩山,172-32
深坑區,賴仲,,1208,深坑區,土庫,崩山,172-16
深坑區,賴仲,,1209,深坑區,土庫,崩山,172-29
深坑區,賴仲,,121,深坑區,土庫,大坪,34-14
深坑區,賴仲,,1210,深坑區,土庫,崩山,179-4
深坑區,賴仲,,1211,深坑區,土庫,崩山,172-30
深坑區,賴仲,,1212,深坑區,土庫,崩山,172-31
深坑區,賴仲,,1213,深坑區,土庫,崩山,172-56
深坑區,賴仲,,1214,深坑區,土庫,崩山,172
深坑區,賴仲,,1215,深坑區,土庫,崩山,172-8
深坑區,賴仲,,1216,深坑區,土庫,崩山,172-37
深坑區,賴仲,,1217,深坑區,土庫,崩山,172-59
深坑區,賴仲,,1218,深坑區,土庫,崩山,168
深坑區,賴仲,,1219,深坑區,土庫,崩山,172-46
深坑區,賴仲,,122,深坑區,土庫,大坪,34-42
深坑區,賴仲,,1220,深坑區,土庫,崩山,167
深坑區,賴仲,,1221,深坑區,土庫,崩山,168-4
深坑區,賴仲,,1222,深坑區,土庫,崩山,167-6
深坑區,賴仲,,1223,深坑區,土庫,崩山,167-2
深坑區,賴仲,,1224,深坑區,土庫,崩山,167-3
深坑區,賴仲,,1225,深坑區,土庫,崩山,167-7
深坑區,賴仲,,1226,深坑區,土庫,崩山,167-4
深坑區,賴仲,,1227,深坑區,土庫,崩山,166-10
深坑區,賴仲,,1228,深坑區,土庫,崩山,167-8
深坑區,賴仲,,1229,深坑區,土庫,崩山,165-2
深坑區,賴仲,,123,深坑區,土庫,大坪,34-41
深坑區,賴仲,,1230,深坑區,土庫,崩山,167-5
深坑區,賴仲,,1231,深坑區,土庫,崩山,165-7
深坑區,賴仲,,1232,深坑區,土庫,崩山,166-4
深坑區,賴仲,,1233,深坑區,土庫,崩山,166-9
深坑區,賴仲,,1234,深坑區,土庫,崩山,165-8
深坑區,賴仲,,1235,深坑區,土庫,崩山,165-6
深坑區,賴仲,,1236,深坑區,土庫,崩山,166-1
深坑區,賴仲,,1237,深坑區,土庫,崩山,166-8
深坑區,賴仲,,1238,深坑區,土庫,崩山,165-3
深坑區,賴仲,,1239,深坑區,土庫,崩山,165-5
深坑區,賴仲,,124,深坑區,土庫,大坪,34-23
深坑區,賴仲,,1240,深坑區,土庫,崩山,166-2
深坑區,賴仲,,1241,深坑區,土庫,崩山,166-7
深坑區,賴仲,,1242,深坑區,土庫,崩山,165-4
深坑區,賴仲,,1243,深坑區,土庫,崩山,165
深坑區,賴仲,,1244,深坑區,土庫,崩山,166-3
深坑區,賴仲,,1245,深坑區,土庫,崩山,166-6
深坑區,賴仲,,1246,深坑區,土庫,崩山,166-5
深坑區,賴仲,,1247,深坑區,土庫,崩山,166
深坑區,賴仲,,125,深坑區,土庫,大坪,34-22
深坑區,賴仲,,1250,深坑區,土庫,崩山,160
深坑區,賴仲,,1251,深坑區,土庫,崩山,159
深坑區,賴仲,,1252,深坑區,土庫,崩山,159-6
深坑區,賴仲,,1253,深坑區,土庫,崩山,159-7
深坑區,賴仲,,1254,深坑區,土庫,崩山,158
深坑區,賴仲,,1255,深坑區,土庫,崩山,378
深坑區,賴仲,,1256,深坑區,土庫,崩山,378-3
深坑區,賴仲,,1257,深坑區,土庫,崩山,156-2
深坑區,賴仲,,126,深坑區,土庫,大坪,34-21
深坑區,賴仲,,1260,深坑區,土庫,崩山,156-1
深坑區,賴仲,,1261,深坑區,土庫,崩山,156
深坑區,賴仲,,1262,深坑區,土庫,崩山,377
深坑區,賴仲,,1263,深坑區,土庫,崩山,377-1
深坑區,賴仲,,1264,深坑區,土庫,崩山,133-2
深坑區,賴仲,,1265,深坑區,土庫,崩山,135
深坑區,賴仲,,1266,深坑區,土庫,崩山,135-1
深坑區,賴仲,,1267,深坑區,土庫,崩山,135-2
深坑區,賴仲,,127,深坑區,土庫,大坪,34-20
深坑區,賴仲,,1271,深坑區,土庫,崩山,376-1
深坑區,賴仲,,1272,深坑區,土庫,崩山,154-4
深坑區,賴仲,,1273,深坑區,土庫,崩山,376-2
深坑區,賴仲,,1274,深坑區,土庫,崩山,376-3
深坑區,賴仲,,1275,深坑區,土庫,崩山,155-5
深坑區,賴仲,,1276,深坑區,土庫,崩山,155-6
深坑區,賴仲,,1277,深坑區,土庫,崩山,155-8
深坑區,賴仲,,1279,深坑區,土庫,崩山,155-9
深坑區,賴仲,,128,深坑區,土庫,大坪,34-19
深坑區,賴仲,,1280,深坑區,土庫,崩山,155-10
深坑區,賴仲,,1281,深坑區,土庫,崩山,156-4
深坑區,賴仲,,1282,深坑區,土庫,崩山,156-5
深坑區,賴仲,,1283,深坑區,土庫,崩山,156-6
深坑區,賴仲,,1284,深坑區,土庫,崩山,156-7
深坑區,賴仲,,1285,深坑區,深坑子,新埤內,76-1
深坑區,賴仲,,1286,深坑區,深坑子,新埤內,76-5
深坑區,賴仲,,1287,深坑區,深坑子,新埤內,76-7
深坑區,賴仲,,1288,深坑區,深坑子,新埤內,76-6
深坑區,賴仲,,1289,深坑區,深坑子,新埤內,50
深坑區,賴仲,,129,深坑區,土庫,大坪,164-3
深坑區,賴仲,,1290,深坑區,土庫,崩山,155-7
深坑區,賴仲,,1291,深坑區,土庫,崩山,155-4
深坑區,賴仲,,1293,深坑區,土庫,崩山,156-3
深坑區,賴仲,,1294,深坑區,土庫,崩山,158-2
深坑區,賴仲,,1295,深坑區,土庫,崩山,378-1
深坑區,賴仲,,1296,深坑區,土庫,崩山,158-1
深坑區,賴仲,,1297,深坑區,土庫,崩山,160-1
深坑區,賴仲,,1298,深坑區,土庫,崩山,160-2
深坑區,賴仲,,1299,深坑區,土庫,崩山,380
深坑區,賴仲,,13,深坑區,土庫,大坪,41
深坑區,賴仲,,130,深坑區,土庫,大坪,164-2
深坑區,賴仲,,1300,深坑區,土庫,崩山,381
深坑區,賴仲,,1301,深坑區,土庫,崩山,160-3
深坑區,賴仲,,1302,深坑區,土庫,崩山,160-4
深坑區,賴仲,,1303,深坑區,土庫,崩山,160-5
深坑區,賴仲,,1304,深坑區,土庫,崩山,383
深坑區,賴仲,,131,深坑區,土庫,大坪,164-4
深坑區,賴仲,,1314,深坑區,深坑子,草地頭,15-28
深坑區,賴仲,,1315,深坑區,深坑子,草地頭,15-6
深坑區,賴仲,,1316,深坑區,土庫,崩山,384
深坑區,賴仲,,1317,深坑區,土庫,崩山,179-2
深坑區,賴仲,,1318,深坑區,深坑子,草地頭,15-22
深坑區,賴仲,,1319,深坑區,深坑子,草地頭,15-23
深坑區,賴仲,,132,深坑區,土庫,大坪,164-5
深坑區,賴仲,,1320,深坑區,深坑子,草地頭,15-7
深坑區,賴仲,,1321,深坑區,土庫,崩山,382
深坑區,賴仲,,1322,深坑區,土庫,崩山,160-6
深坑區,賴仲,,1323,深坑區,深坑子,草地頭,15-24
深坑區,賴仲,,1324,深坑區,深坑子,新埤內,54
深坑區,賴仲,,1325,深坑區,深坑子,新埤內,55
深坑區,賴仲,,1326,深坑區,深坑子,新埤內,53
深坑區,賴仲,,1327,深坑區,深坑子,新埤內,47-8
深坑區,賴仲,,1328,深坑區,深坑子,新埤內,1-2
深坑區,賴仲,,1329,深坑區,土庫,崩山,379
深坑區,賴仲,,133,深坑區,土庫,大坪,164-6
深坑區,賴仲,,1330,深坑區,土庫,崩山,378-2
深坑區,賴仲,,1331,深坑區,深坑子,新埤內,47-9
深坑區,賴仲,,1332,深坑區,深坑子,新埤內,47
深坑區,賴仲,,1333,深坑區,深坑子,新埤內,47-13
深坑區,賴仲,,1334,深坑區,深坑子,新埤內,47-10
深坑區,賴仲,,1335,深坑區,深坑子,新埤內,47-12
深坑區,賴仲,,1336,深坑區,深坑子,新埤內,1-13
深坑區,賴仲,,1337,深坑區,深坑子,新埤內,1-9
深坑區,賴仲,,1338,深坑區,深坑子,新埤內,1-14
深坑區,賴仲,,1339,深坑區,深坑子,新埤內,52-5
深坑區,賴仲,,134,深坑區,土庫,大坪,164-7
深坑區,賴仲,,1340,深坑區,深坑子,新埤內,47-7
深坑區,賴仲,,1341,深坑區,深坑子,新埤內,48
深坑區,賴仲,,1342,深坑區,深坑子,新埤內,49
深坑區,賴仲,,1343,深坑區,深坑子,新埤內,102
深坑區,賴仲,,1344,深坑區,深坑子,新埤內,52-6
深坑區,賴仲,,1345,深坑區,深坑子,新埤內,52-4
深坑區,賴仲,,1346,深坑區,深坑子,新埤內,1-8
深坑區,賴仲,,1347,深坑區,深坑子,新埤內,52-3
深坑區,賴仲,,1348,深坑區,深坑子,新埤內,1-7
深坑區,賴仲,,1349,深坑區,深坑子,新埤內,52-2
深坑區,賴仲,,135,深坑區,土庫,大坪,34-24
深坑區,賴仲,,1350,深坑區,深坑子,新埤內,1-6
深坑區,賴仲,,1351,深坑區,深坑子,新埤內,47-6
深坑區,賴仲,,1352,深坑區,深坑子,新埤內,1-5
深坑區,賴仲,,1353,深坑區,深坑子,新埤內,47-5
深坑區,賴仲,,1354,深坑區,深坑子,新埤內,1-11
深坑區,賴仲,,1355,深坑區,深坑子,新埤內,47-4
深坑區,賴仲,,1356,深坑區,深坑子,新埤內,1-3
深坑區,賴仲,,1357,深坑區,深坑子,新埤內,47-3
深坑區,賴仲,,1358,深坑區,深坑子,新埤內,1-10
深坑區,賴仲,,1359,深坑區,深坑子,新埤內,47-2
深坑區,賴仲,,136,深坑區,土庫,大坪,34-25
深坑區,賴仲,,1360,深坑區,深坑子,新埤內,47-1
深坑區,賴仲,,1361,深坑區,深坑子,新埤內,1-1
深坑區,賴仲,,1362,深坑區,深坑子,新埤內,52-1
深坑區,賴仲,,1363,深坑區,深坑子,新埤內,52
深坑區,賴仲,,1364,深坑區,深坑子,新埤內,51
深坑區,賴仲,,1365,深坑區,深坑子,新埤內,4-2
深坑區,賴仲,,1366,深坑區,深坑子,新埤內,1
深坑區,賴仲,,1367,深坑區,深坑子,新埤內,4-1
深坑區,賴仲,,1368,深坑區,深坑子,新埤內,2
深坑區,賴仲,,1369,深坑區,深坑子,新埤內,3
深坑區,賴仲,,137,深坑區,土庫,大坪,34-26
深坑區,賴仲,,1370,深坑區,深坑子,新埤內,5
深坑區,賴仲,,1371,深坑區,深坑子,新埤內,101
深坑區,賴仲,,1372,深坑區,深坑子,新埤內,103
深坑區,賴仲,,1373,深坑區,深坑子,新埤內,3-1
深坑區,賴仲,,1374,深坑區,深坑子,新埤內,56
深坑區,賴仲,,1375,深坑區,深坑子,新埤內,57
深坑區,賴仲,,1376,深坑區,深坑子,新埤內,5-1
深坑區,賴仲,,1377,深坑區,深坑子,新埤內,58
深坑區,賴仲,,1378,深坑區,深坑子,新埤內,59
深坑區,賴仲,,1379,深坑區,深坑子,新埤內,5-3
深坑區,賴仲,,138,深坑區,土庫,大坪,34-27
深坑區,賴仲,,1380,深坑區,深坑子,新埤內,5-2
深坑區,賴仲,,1381,深坑區,深坑子,新埤內,104
深坑區,賴仲,,1382,深坑區,深坑子,新埤內,66
深坑區,賴仲,,1383,深坑區,深坑子,新埤內,13
深坑區,賴仲,,1384,深坑區,深坑子,新埤內,65
深坑區,賴仲,,1385,深坑區,深坑子,新埤內,14
深坑區,賴仲,,1386,深坑區,深坑子,新埤內,8
深坑區,賴仲,,1387,深坑區,深坑子,新埤內,67
深坑區,賴仲,,1388,深坑區,深坑子,新埤內,11
深坑區,賴仲,,1389,深坑區,深坑子,新埤內,12
深坑區,賴仲,,139,深坑區,土庫,大坪,34-28
深坑區,賴仲,,1390,深坑區,深坑子,新埤內,67-2
深坑區,賴仲,,1391,深坑區,深坑子,新埤內,67-3
深坑區,賴仲,,1392,深坑區,深坑子,新埤內,68
深坑區,賴仲,,1393,深坑區,深坑子,新埤內,67-1
深坑區,賴仲,,1394,深坑區,深坑子,新埤內,69-1
深坑區,賴仲,,1395,深坑區,深坑子,新埤內,74-1
深坑區,賴仲,,1396,深坑區,深坑子,新埤內,73-1
深坑區,賴仲,,1397,深坑區,深坑子,新埤內,74-5
深坑區,賴仲,,1398,深坑區,深坑子,新埤內,75-6
深坑區,賴仲,,1399,深坑區,深坑子,新埤內,75-1
深坑區,賴仲,,14,深坑區,土庫,大坪,38-1
深坑區,賴仲,,140,深坑區,土庫,大坪,34-43
深坑區,賴仲,,1400,深坑區,深坑子,新埤內,20-2
深坑區,賴仲,,1401,深坑區,深坑子,新埤內,78-1
深坑區,賴仲,,1403,深坑區,深坑子,新埤內,17-1
深坑區,賴仲,,1404,深坑區,深坑子,新埤內,28-4
深坑區,賴仲,,1405,深坑區,深坑子,新埤內,28-2
深坑區,賴仲,,1406,深坑區,深坑子,新埤內,83-1
深坑區,賴仲,,1407,深坑區,深坑子,新埤內,28-9
深坑區,賴仲,,1408,深坑區,深坑子,新埤內,83-7
深坑區,賴仲,,1409,深坑區,深坑子,新埤內,28-3
深坑區,賴仲,,141,深坑區,土庫,大坪,34-44
深坑區,賴仲,,1410,深坑區,深坑子,新埤內,83-2
深坑區,賴仲,,1411,深坑區,深坑子,新埤內,87-11
深坑區,賴仲,,1412,深坑區,深坑子,新埤內,87-6
深坑區,賴仲,,1413,深坑區,深坑子,新埤內,87-7
深坑區,賴仲,,1415,深坑區,深坑子,新埤內,17
深坑區,賴仲,,1416,深坑區,深坑子,新埤內,20-1
深坑區,賴仲,,1417,深坑區,深坑子,新埤內,75-2
深坑區,賴仲,,1418,深坑區,深坑子,新埤內,75-3
深坑區,賴仲,,1419,深坑區,深坑子,新埤內,78-2
深坑區,賴仲,,142,深坑區,土庫,大坪,160
深坑區,賴仲,,1420,深坑區,深坑子,新埤內,74-2
深坑區,賴仲,,1421,深坑區,深坑子,新埤內,73
深坑區,賴仲,,1422,深坑區,深坑子,新埤內,72
深坑區,賴仲,,1423,深坑區,深坑子,新埤內,20
深坑區,賴仲,,1424,深坑區,深坑子,新埤內,19
深坑區,賴仲,,1425,深坑區,深坑子,新埤內,71
深坑區,賴仲,,1426,深坑區,深坑子,新埤內,70
深坑區,賴仲,,1427,深坑區,深坑子,新埤內,69
深坑區,賴仲,,1428,深坑區,深坑子,新埤內,15
深坑區,賴仲,,143,深坑區,土庫,大坪,160-2
深坑區,賴仲,,1430,深坑區,深坑子,新埤內,91-4
深坑區,賴仲,,1431,深坑區,深坑子,新埤內,95-2
深坑區,賴仲,,1432,深坑區,深坑子,新埤內,16
深坑區,賴仲,,1433,深坑區,深坑子,新埤內,16-2
深坑區,賴仲,,1434,深坑區,深坑子,新埤內,95-7
深坑區,賴仲,,1435,深坑區,深坑子,新埤內,16-1
深坑區,賴仲,,1436,深坑區,深坑子,新埤內,95-3
深坑區,賴仲,,1437,深坑區,深坑子,新埤內,94-2
深坑區,賴仲,,1438,深坑區,深坑子,新埤內,91-7
深坑區,賴仲,,1439,深坑區,深坑子,新埤內,91-9
深坑區,賴仲,,144,深坑區,土庫,大坪,160-4
深坑區,賴仲,,1440,深坑區,深坑子,新埤內,91-8
深坑區,賴仲,,1441,深坑區,深坑子,新埤內,93
深坑區,賴仲,,1442,深坑區,深坑子,新埤內,91-6
深坑區,賴仲,,1444,深坑區,深坑子,新埤內,29-2
深坑區,賴仲,,1445,深坑區,深坑子,新埤內,29-1
深坑區,賴仲,,1446,深坑區,深坑子,新埤內,29
深坑區,賴仲,,1447,深坑區,深坑子,新埤內,87-5
深坑區,賴仲,,1448,深坑區,深坑子,新埤內,87-13
深坑區,賴仲,,1449,深坑區,深坑子,新埤內,87-4
深坑區,賴仲,,145,深坑區,土庫,大坪,160-3
深坑區,賴仲,,1450,深坑區,深坑子,新埤內,91-5
深坑區,賴仲,,1451,深坑區,深坑子,新埤內,91-10
深坑區,賴仲,,1452,深坑區,深坑子,新埤內,87-1
深坑區,賴仲,,1453,深坑區,深坑子,新埤內,87-2
深坑區,賴仲,,1454,深坑區,深坑子,新埤內,88
深坑區,賴仲,,1455,深坑區,深坑子,新埤內,91
深坑區,賴仲,,1456,深坑區,深坑子,新埤內,92
深坑區,賴仲,,1457,深坑區,深坑子,新埤內,91-2
深坑區,賴仲,,1458,深坑區,深坑子,新埤內,94-1
深坑區,賴仲,,1459,深坑區,深坑子,新埤內,94-4
深坑區,賴仲,,146,深坑區,土庫,大坪,34-46
深坑區,賴仲,,1460,深坑區,深坑子,新埤內,94
深坑區,賴仲,,1461,深坑區,深坑子,新埤內,95
深坑區,賴仲,,1462,深坑區,深坑子,新埤內,95-1
深坑區,賴仲,,1463,深坑區,深坑子,新埤內,95-6
深坑區,賴仲,,1464,深坑區,深坑子,新埤內,91-11
深坑區,賴仲,,1465,深坑區,深坑子,新埤內,91-1
深坑區,賴仲,,1466,深坑區,深坑子,新埤內,34
深坑區,賴仲,,1467,深坑區,深坑子,新埤內,35-1
深坑區,賴仲,,1468,深坑區,深坑子,新埤內,91-3
深坑區,賴仲,,1469,深坑區,深坑子,新埤內,96
深坑區,賴仲,,147,深坑區,土庫,大坪,34-32
深坑區,賴仲,,1471,深坑區,深坑子,新埤內,35-9
深坑區,賴仲,,1472,深坑區,深坑子,新埤內,35-10
深坑區,賴仲,,1473,深坑區,深坑子,新埤內,35-8
深坑區,賴仲,,1474,深坑區,深坑子,新埤內,98-2
深坑區,賴仲,,1475,深坑區,深坑子,新埤內,34-1
深坑區,賴仲,,1476,深坑區,深坑子,新埤內,87-10
深坑區,賴仲,,1477,深坑區,深坑子,新埤內,33
深坑區,賴仲,,1478,深坑區,深坑子,新埤內,32
深坑區,賴仲,,1479,深坑區,深坑子,新埤內,90
深坑區,賴仲,,148,深坑區,土庫,大坪,34-31
深坑區,賴仲,,1480,深坑區,深坑子,新埤內,31
深坑區,賴仲,,1481,深坑區,深坑子,新埤內,89
深坑區,賴仲,,1482,深坑區,深坑子,新埤內,30
深坑區,賴仲,,1483,深坑區,深坑子,新埤內,87-3
深坑區,賴仲,,1484,深坑區,深坑子,新埤內,100
深坑區,賴仲,,1485,深坑區,深坑子,新埤內,99
深坑區,賴仲,,1486,深坑區,深坑子,新埤內,35-3
深坑區,賴仲,,1487,深坑區,深坑子,新埤內,98
深坑區,賴仲,,1488,深坑區,深坑子,新埤內,35-2
深坑區,賴仲,,1489,深坑區,深坑子,新埤內,97
深坑區,賴仲,,149,深坑區,土庫,大坪,34-30
深坑區,賴仲,,1490,深坑區,深坑子,新埤內,98-1
深坑區,賴仲,,1491,深坑區,深坑子,新埤內,42-22
深坑區,賴仲,,1492,深坑區,深坑子,新埤內,42-5
深坑區,賴仲,,1493,深坑區,深坑子,新埤內,42
深坑區,賴仲,,1494,深坑區,深坑子,新埤內,42-4
深坑區,賴仲,,1495,深坑區,深坑子,新埤內,37-1
深坑區,賴仲,,1496,深坑區,深坑子,新埤內,37
深坑區,賴仲,,1498,深坑區,深坑子,新埤內,35-4
深坑區,賴仲,,1499,深坑區,深坑子,新埤內,38-8
深坑區,賴仲,,15,深坑區,土庫,大坪,38
深坑區,賴仲,,150,深坑區,土庫,大坪,164-14
深坑區,賴仲,,1500,深坑區,深坑子,新埤內,35-5
深坑區,賴仲,,1501,深坑區,深坑子,新埤內,35
深坑區,賴仲,,1502,深坑區,深坑子,新埤內,35-12
深坑區,賴仲,,1503,深坑區,深坑子,新埤內,35-11
深坑區,賴仲,,1504,深坑區,深坑子,新埤內,35-13
深坑區,賴仲,,1505,深坑區,深坑子,新埤內,35-7
深坑區,賴仲,,1506,深坑區,深坑子,新埤內,35-14
深坑區,賴仲,,1507,深坑區,深坑子,新埤內,35-6
深坑區,賴仲,,1508,深坑區,深坑子,新埤內,64
深坑區,賴仲,,1509,深坑區,深坑子,新埤內,63
深坑區,賴仲,,151,深坑區,土庫,大坪,164-13
深坑區,賴仲,,1510,深坑區,深坑子,新埤內,63-1
深坑區,賴仲,,1511,深坑區,深坑子,新埤內,63-3
深坑區,賴仲,,1512,深坑區,深坑子,新埤內,60
深坑區,賴仲,,1513,深坑區,深坑子,新埤內,61
深坑區,賴仲,,1514,深坑區,深坑子,新埤內,62
深坑區,賴仲,,1515,深坑區,深坑子,新埤內,42-2
深坑區,賴仲,,1516,深坑區,深坑子,新埤內,39
深坑區,賴仲,,1517,深坑區,深坑子,新埤內,38-1
深坑區,賴仲,,1519,深坑區,深坑子,新埤內,38
深坑區,賴仲,,152,深坑區,土庫,大坪,164-12
深坑區,賴仲,,1520,深坑區,深坑子,新埤內,38-12
深坑區,賴仲,,1522,深坑區,深坑子,新埤內,38-2
深坑區,賴仲,,1523,深坑區,深坑子,新埤內,38-10
深坑區,賴仲,,1524,深坑區,深坑子,新埤內,35-15
深坑區,賴仲,,1525,深坑區,深坑子,新埤內,38-7
深坑區,賴仲,,1526,深坑區,深坑子,新埤內,42-10
深坑區,賴仲,,1527,深坑區,深坑子,新埤內,38-6
深坑區,賴仲,,1528,深坑區,深坑子,新埤內,38-3
深坑區,賴仲,,1529,深坑區,深坑子,新埤內,37-2
深坑區,賴仲,,153,深坑區,土庫,大坪,164-11
深坑區,賴仲,,1530,深坑區,深坑子,新埤內,37-3
深坑區,賴仲,,1531,深坑區,深坑子,新埤內,37-4
深坑區,賴仲,,1532,深坑區,深坑子,新埤內,38-4
深坑區,賴仲,,1533,深坑區,深坑子,新埤內,38-5
深坑區,賴仲,,1534,深坑區,深坑子,新埤內,42-3
深坑區,賴仲,,1535,深坑區,深坑子,新埤內,41-3
深坑區,賴仲,,1536,深坑區,深坑子,新埤內,41
深坑區,賴仲,,1537,深坑區,深坑子,新埤內,41-2
深坑區,賴仲,,1538,深坑區,深坑子,新埤內,37-6
深坑區,賴仲,,1539,深坑區,深坑子,新埤內,37-5
深坑區,賴仲,,154,深坑區,土庫,大坪,164-29
深坑區,賴仲,,1540,深坑區,深坑子,新埤內,41-1
深坑區,賴仲,,1541,深坑區,深坑子,新埤內,42-25
深坑區,賴仲,,1542,深坑區,深坑子,新埤內,42-11
深坑區,賴仲,,1543,深坑區,深坑子,新埤內,42-12
深坑區,賴仲,,1544,深坑區,深坑子,新埤內,42-8
深坑區,賴仲,,1545,深坑區,深坑子,新埤內,42-26
深坑區,賴仲,,1546,深坑區,深坑子,新埤內,42-23
深坑區,賴仲,,1547,深坑區,深坑子,新埤內,42-24
深坑區,賴仲,,1548,深坑區,深坑子,新埤內,42-6
深坑區,賴仲,,1549,深坑區,深坑子,新埤內,42-27
深坑區,賴仲,,155,深坑區,土庫,大坪,164-15
深坑區,賴仲,,1550,深坑區,深坑子,新埤內,46-7
深坑區,賴仲,,1551,深坑區,深坑子,新埤內,42-7
深坑區,賴仲,,1552,深坑區,深坑子,新埤內,46
深坑區,賴仲,,1553,深坑區,深坑子,新埤內,46-6
深坑區,賴仲,,1554,深坑區,深坑子,新埤內,46-1
深坑區,賴仲,,1555,深坑區,深坑子,新埤內,42-1
深坑區,賴仲,,1556,深坑區,深坑子,草地頭,15-12
深坑區,賴仲,,1557,深坑區,深坑子,草地頭,15-25
深坑區,賴仲,,1558,深坑區,深坑子,草地頭,15-2
深坑區,賴仲,,1559,深坑區,深坑子,草地頭,15-13
深坑區,賴仲,,156,深坑區,土庫,大坪,164-16
深坑區,賴仲,,1560,深坑區,深坑子,草地頭,15-11
深坑區,賴仲,,1561,深坑區,深坑子,草地頭,15-10
深坑區,賴仲,,1562,深坑區,深坑子,草地頭,15-17
深坑區,賴仲,,1563,深坑區,深坑子,草地頭,15-16
深坑區,賴仲,,1564,深坑區,深坑子,草地頭,15-15
深坑區,賴仲,,1565,深坑區,深坑子,草地頭,15-4
深坑區,賴仲,,1566,深坑區,深坑子,草地頭,15-14
深坑區,賴仲,,1567,深坑區,深坑子,草地頭,15-1
深坑區,賴仲,,1568,深坑區,深坑子,草地頭,15-8
深坑區,賴仲,,1569,深坑區,深坑子,草地頭,15-21
深坑區,賴仲,,157,深坑區,土庫,大坪,164-17
深坑區,賴仲,,1570,深坑區,深坑子,草地頭,15-5
深坑區,賴仲,,1572,深坑區,深坑子,草地頭,15-19
深坑區,賴仲,,1573,深坑區,深坑子,草地頭,15-9
深坑區,賴仲,,1574,深坑區,深坑子,草地頭,15-20
深坑區,賴仲,,1575,深坑區,深坑子,草地頭,15-3
深坑區,賴仲,,1576,深坑區,深坑子,草地頭,15-18
深坑區,賴仲,,158,深坑區,土庫,大坪,164-18
深坑區,賴仲,,1580,深坑區,深坑子,草地頭,15
深坑區,賴仲,,1581,深坑區,深坑子,草地頭,15-32
深坑區,賴仲,,1582,深坑區,深坑子,草地頭,15-31
深坑區,賴仲,,1583,深坑區,深坑子,草地頭,1-19
深坑區,賴仲,,1584,深坑區,深坑子,草地頭,1-11
深坑區,賴仲,,1585,深坑區,深坑子,草地頭,1-9
深坑區,賴仲,,1586,深坑區,深坑子,草地頭,1-14
深坑區,賴仲,,1587,深坑區,深坑子,草地頭,1-13
深坑區,賴仲,,1588,深坑區,深坑子,草地頭,1-10
深坑區,賴仲,,1589,深坑區,深坑子,草地頭,1-16
深坑區,賴仲,,159,深坑區,土庫,大坪,164-19
深坑區,賴仲,,1590,深坑區,深坑子,草地頭,1-17
深坑區,賴仲,,160,深坑區,土庫,大坪,34-33
深坑區,賴仲,,161,深坑區,土庫,大坪,34-34
深坑區,賴仲,,162,深坑區,土庫,大坪,34-35
深坑區,賴仲,,163,深坑區,土庫,大坪,34-39
深坑區,賴仲,,164,深坑區,土庫,大坪,34-38
深坑區,賴仲,,165,深坑區,土庫,大坪,34-37
深坑區,賴仲,,166,深坑區,土庫,大坪,34-36
深坑區,賴仲,,167,深坑區,土庫,大坪,164-25
深坑區,賴仲,,168,深坑區,土庫,大坪,164-24
深坑區,賴仲,,169,深坑區,土庫,大坪,164-23
深坑區,賴仲,,170,深坑區,土庫,大坪,164-22
深坑區,賴仲,,171,深坑區,土庫,賴仲坑,204-4
深坑區,賴仲,,172,深坑區,土庫,大坪,164-21
深坑區,賴仲,,173,深坑區,土庫,賴仲坑,204-3
深坑區,賴仲,,174,深坑區,土庫,賴仲坑,204-5
深坑區,賴仲,,175,深坑區,土庫,賴仲坑,205
深坑區,賴仲,,176,深坑區,土庫,賴仲坑,205-1
深坑區,賴仲,,177,深坑區,土庫,賴仲坑,205-2
深坑區,賴仲,,178,深坑區,土庫,賴仲坑,206
深坑區,賴仲,,179,深坑區,土庫,賴仲坑,206-2
深坑區,賴仲,,18,深坑區,土庫,大坪,44
深坑區,賴仲,,180,深坑區,土庫,賴仲坑,206-1
深坑區,賴仲,,183,深坑區,土庫,大坪,161
深坑區,賴仲,,184,深坑區,土庫,大坪,161-1
深坑區,賴仲,,185,深坑區,土庫,大坪,161-2
深坑區,賴仲,,186,深坑區,土庫,賴仲坑,206-3
深坑區,賴仲,,187,深坑區,土庫,崩山,242-2
深坑區,賴仲,,188,深坑區,土庫,崩山,243-7
深坑區,賴仲,,189,深坑區,土庫,崩山,243-6
深坑區,賴仲,,19,深坑區,土庫,大坪,38-2
深坑區,賴仲,,190,深坑區,土庫,崩山,243-5
深坑區,賴仲,,191,深坑區,土庫,崩山,243-4
深坑區,賴仲,,192,深坑區,土庫,崩山,243-2
深坑區,賴仲,,193,深坑區,土庫,崩山,243-3
深坑區,賴仲,,194,深坑區,土庫,崩山,257
深坑區,賴仲,,195,深坑區,土庫,崩山,4-3
深坑區,賴仲,,196,深坑區,土庫,崩山,260
深坑區,賴仲,,197,深坑區,土庫,崩山,259
深坑區,賴仲,,198,深坑區,土庫,崩山,7-3
深坑區,賴仲,,199,深坑區,土庫,崩山,261
深坑區,賴仲,,200,深坑區,土庫,崩山,264
深坑區,賴仲,,201,深坑區,土庫,崩山,265
深坑區,賴仲,,202,深坑區,土庫,崩山,268
深坑區,賴仲,,203,深坑區,土庫,崩山,269-4
深坑區,賴仲,,204,深坑區,土庫,崩山,264-5
深坑區,賴仲,,205,深坑區,土庫,崩山,263-2
深坑區,賴仲,,206,深坑區,土庫,崩山,7-2
深坑區,賴仲,,207,深坑區,土庫,崩山,7-4
深坑區,賴仲,,208,深坑區,土庫,崩山,7-5
深坑區,賴仲,,209,深坑區,土庫,崩山,4
深坑區,賴仲,,210,深坑區,土庫,崩山,4-2
深坑區,賴仲,,211,深坑區,土庫,崩山,4-1
深坑區,賴仲,,212,深坑區,土庫,崩山,258
深坑區,賴仲,,213,深坑區,土庫,崩山,3
深坑區,賴仲,,214,深坑區,土庫,崩山,3-1
深坑區,賴仲,,215,深坑區,土庫,崩山,2-17
深坑區,賴仲,,216,深坑區,土庫,崩山,2-20
深坑區,賴仲,,217,深坑區,土庫,崩山,2-16
深坑區,賴仲,,218,深坑區,土庫,崩山,2-15
深坑區,賴仲,,219,深坑區,土庫,崩山,2-21
深坑區,賴仲,,22,深坑區,土庫,賴仲坑,36
深坑區,賴仲,,220,深坑區,土庫,崩山,2-1
深坑區,賴仲,,221,深坑區,土庫,崩山,2-11
深坑區,賴仲,,222,深坑區,土庫,崩山,2-22
深坑區,賴仲,,223,深坑區,土庫,崩山,2-23
深坑區,賴仲,,224,深坑區,土庫,崩山,2-10
深坑區,賴仲,,225,深坑區,土庫,崩山,2-18
深坑區,賴仲,,226,深坑區,土庫,崩山,2-28
深坑區,賴仲,,227,深坑區,土庫,崩山,2
深坑區,賴仲,,228,深坑區,土庫,崩山,2-19
深坑區,賴仲,,229,深坑區,土庫,崩山,2-12
深坑區,賴仲,,23,深坑區,土庫,賴仲坑,36-2
深坑區,賴仲,,230,深坑區,土庫,崩山,2-6
深坑區,賴仲,,231,深坑區,土庫,崩山,2-7
深坑區,賴仲,,232,深坑區,土庫,崩山,244
深坑區,賴仲,,233,深坑區,土庫,崩山,244-2
深坑區,賴仲,,234,深坑區,土庫,崩山,2-8
深坑區,賴仲,,235,深坑區,土庫,崩山,2-13
深坑區,賴仲,,236,深坑區,土庫,崩山,2-9
深坑區,賴仲,,237,深坑區,土庫,崩山,2-14
深坑區,賴仲,,238,深坑區,土庫,崩山,6-2
深坑區,賴仲,,239,深坑區,土庫,崩山,257-3
深坑區,賴仲,,24,深坑區,土庫,賴仲坑,36-1
深坑區,賴仲,,240,深坑區,土庫,崩山,257-1
深坑區,賴仲,,241,深坑區,土庫,崩山,7-12
深坑區,賴仲,,242,深坑區,土庫,崩山,7-8
深坑區,賴仲,,243,深坑區,土庫,崩山,7-9
深坑區,賴仲,,244,深坑區,土庫,崩山,262-1
深坑區,賴仲,,245,深坑區,土庫,崩山,262
深坑區,賴仲,,246,深坑區,土庫,崩山,7-7
深坑區,賴仲,,247,深坑區,土庫,崩山,261-1
深坑區,賴仲,,248,深坑區,土庫,崩山,263-1
深坑區,賴仲,,249,深坑區,土庫,崩山,264-1
深坑區,賴仲,,25,深坑區,土庫,賴仲坑,34
深坑區,賴仲,,250,深坑區,土庫,崩山,265-1
深坑區,賴仲,,251,深坑區,土庫,崩山,268-1
深坑區,賴仲,,252,深坑區,土庫,崩山,269-3
深坑區,賴仲,,253,深坑區,土庫,崩山,269
深坑區,賴仲,,254,深坑區,土庫,崩山,269-1
深坑區,賴仲,,255,深坑區,土庫,崩山,269-2
深坑區,賴仲,,256,深坑區,土庫,崩山,21
深坑區,賴仲,,257,深坑區,土庫,崩山,20
深坑區,賴仲,,258,深坑區,土庫,崩山,19
深坑區,賴仲,,259,深坑區,土庫,崩山,18-2
深坑區,賴仲,,26,深坑區,土庫,賴仲坑,201
深坑區,賴仲,,260,深坑區,土庫,崩山,18-1
深坑區,賴仲,,261,深坑區,土庫,崩山,270
深坑區,賴仲,,262,深坑區,土庫,崩山,271
深坑區,賴仲,,263,深坑區,土庫,崩山,271-2
深坑區,賴仲,,264,深坑區,土庫,崩山,46-5
深坑區,賴仲,,265,深坑區,土庫,崩山,46
深坑區,賴仲,,266,深坑區,土庫,崩山,17
深坑區,賴仲,,267,深坑區,土庫,崩山,15-2
深坑區,賴仲,,269,深坑區,土庫,崩山,15
深坑區,賴仲,,27,深坑區,土庫,賴仲坑,36-3
深坑區,賴仲,,270,深坑區,土庫,崩山,16
深坑區,賴仲,,271,深坑區,土庫,崩山,16-1
深坑區,賴仲,,272,深坑區,土庫,崩山,16-3
深坑區,賴仲,,273,深坑區,土庫,崩山,16-2
深坑區,賴仲,,274,深坑區,土庫,崩山,268-2
深坑區,賴仲,,275,深坑區,土庫,崩山,265-2
深坑區,賴仲,,276,深坑區,土庫,崩山,264-2
深坑區,賴仲,,277,深坑區,土庫,崩山,263
深坑區,賴仲,,278,深坑區,土庫,崩山,8
深坑區,賴仲,,279,深坑區,土庫,崩山,6
深坑區,賴仲,,28,深坑區,土庫,大坪,45-4
深坑區,賴仲,,280,深坑區,土庫,崩山,6-3
深坑區,賴仲,,281,深坑區,土庫,崩山,7-13
深坑區,賴仲,,282,深坑區,土庫,崩山,257-2
深坑區,賴仲,,283,深坑區,土庫,崩山,6-1
深坑區,賴仲,,284,深坑區,土庫,崩山,6-4
深坑區,賴仲,,285,深坑區,土庫,崩山,7-1
深坑區,賴仲,,286,深坑區,土庫,崩山,7-6
深坑區,賴仲,,287,深坑區,土庫,崩山,9
深坑區,賴仲,,288,深坑區,土庫,崩山,12
深坑區,賴仲,,289,深坑區,土庫,崩山,267
深坑區,賴仲,,29,深坑區,土庫,大坪,45-12
深坑區,賴仲,,290,深坑區,土庫,崩山,10
深坑區,賴仲,,291,深坑區,土庫,崩山,10-1
深坑區,賴仲,,293,深坑區,土庫,崩山,10-3
深坑區,賴仲,,294,深坑區,土庫,崩山,10-4
深坑區,賴仲,,295,深坑區,土庫,崩山,10-5
深坑區,賴仲,,296,深坑區,土庫,崩山,10-6
深坑區,賴仲,,297,深坑區,土庫,崩山,10-8
深坑區,賴仲,,298,深坑區,土庫,崩山,10-7
深坑區,賴仲,,299,深坑區,土庫,崩山,10-9
深坑區,賴仲,,30,深坑區,土庫,大坪,45-15
深坑區,賴仲,,302,深坑區,土庫,崩山,10-12
深坑區,賴仲,,303,深坑區,土庫,崩山,253
深坑區,賴仲,,305,深坑區,土庫,崩山,48
深坑區,賴仲,,306,深坑區,土庫,崩山,252-5
深坑區,賴仲,,307,深坑區,土庫,崩山,252
深坑區,賴仲,,308,深坑區,土庫,崩山,49-1
深坑區,賴仲,,309,深坑區,土庫,崩山,14-12
深坑區,賴仲,,31,深坑區,土庫,賴仲坑,203
深坑區,賴仲,,310,深坑區,土庫,崩山,14-9
深坑區,賴仲,,311,深坑區,土庫,崩山,254
深坑區,賴仲,,312,深坑區,土庫,崩山,9-1
深坑區,賴仲,,313,深坑區,土庫,崩山,256
深坑區,賴仲,,314,深坑區,土庫,崩山,5
深坑區,賴仲,,315,深坑區,土庫,崩山,245-3
深坑區,賴仲,,316,深坑區,土庫,崩山,2-4
深坑區,賴仲,,317,深坑區,土庫,崩山,244-1
深坑區,賴仲,,318,深坑區,土庫,崩山,242-5
深坑區,賴仲,,319,深坑區,土庫,崩山,242
深坑區,賴仲,,32,深坑區,土庫,賴仲坑,202
深坑區,賴仲,,320,深坑區,土庫,賴仲坑,66-7
深坑區,賴仲,,321,深坑區,土庫,崩山,1-11
深坑區,賴仲,,322,深坑區,土庫,崩山,243-1
深坑區,賴仲,,323,深坑區,土庫,崩山,242-1
深坑區,賴仲,,324,深坑區,土庫,崩山,241-1
深坑區,賴仲,,325,深坑區,土庫,崩山,1-10
深坑區,賴仲,,326,深坑區,土庫,崩山,1-5
深坑區,賴仲,,327,深坑區,土庫,崩山,241-2
深坑區,賴仲,,328,深坑區,土庫,崩山,242-6
深坑區,賴仲,,33,深坑區,土庫,大坪,39-3
深坑區,賴仲,,330,深坑區,土庫,崩山,245-1
深坑區,賴仲,,331,深坑區,土庫,崩山,2-5
深坑區,賴仲,,332,深坑區,土庫,崩山,245-6
深坑區,賴仲,,333,深坑區,土庫,崩山,246-4
深坑區,賴仲,,334,深坑區,土庫,崩山,246
深坑區,賴仲,,335,深坑區,土庫,崩山,245-4
深坑區,賴仲,,336,深坑區,土庫,崩山,2-2
深坑區,賴仲,,337,深坑區,土庫,崩山,245
深坑區,賴仲,,338,深坑區,土庫,崩山,245-2
深坑區,賴仲,,339,深坑區,土庫,崩山,255
深坑區,賴仲,,34,深坑區,土庫,大坪,38-4
深坑區,賴仲,,340,深坑區,土庫,崩山,14-2
深坑區,賴仲,,341,深坑區,土庫,崩山,255-2
深坑區,賴仲,,342,深坑區,土庫,崩山,14-3
深坑區,賴仲,,343,深坑區,土庫,崩山,255-1
深坑區,賴仲,,344,深坑區,土庫,崩山,246-5
深坑區,賴仲,,345,深坑區,土庫,崩山,14-7
深坑區,賴仲,,346,深坑區,土庫,崩山,14-10
深坑區,賴仲,,347,深坑區,土庫,崩山,248
深坑區,賴仲,,348,深坑區,土庫,崩山,14-11
深坑區,賴仲,,349,深坑區,土庫,崩山,14-6
深坑區,賴仲,,35,深坑區,土庫,大坪,39-2
深坑區,賴仲,,350,深坑區,土庫,崩山,14-5
深坑區,賴仲,,351,深坑區,土庫,崩山,246-1
深坑區,賴仲,,352,深坑區,土庫,崩山,239
深坑區,賴仲,,353,深坑區,土庫,崩山,1-8
深坑區,賴仲,,354,深坑區,土庫,崩山,239-6
深坑區,賴仲,,355,深坑區,土庫,崩山,1-13
深坑區,賴仲,,356,深坑區,土庫,崩山,239-7
深坑區,賴仲,,357,深坑區,土庫,崩山,1-4
深坑區,賴仲,,358,深坑區,土庫,崩山,1-3
深坑區,賴仲,,359,深坑區,土庫,崩山,239-1
深坑區,賴仲,,36,深坑區,土庫,大坪,45-9
深坑區,賴仲,,361,深坑區,土庫,崩山,246-9
深坑區,賴仲,,362,深坑區,土庫,崩山,246-2
深坑區,賴仲,,363,深坑區,土庫,崩山,246-10
深坑區,賴仲,,364,深坑區,土庫,崩山,246-3
深坑區,賴仲,,365,深坑區,土庫,崩山,247-3
深坑區,賴仲,,366,深坑區,土庫,崩山,247
深坑區,賴仲,,367,深坑區,土庫,崩山,247-1
深坑區,賴仲,,368,深坑區,土庫,崩山,247-6
深坑區,賴仲,,369,深坑區,土庫,崩山,247-2
深坑區,賴仲,,37,深坑區,土庫,大坪,45-10
深坑區,賴仲,,370,深坑區,土庫,崩山,251
深坑區,賴仲,,371,深坑區,土庫,崩山,249-2
深坑區,賴仲,,372,深坑區,土庫,崩山,249-7
深坑區,賴仲,,373,深坑區,土庫,崩山,249-1
深坑區,賴仲,,374,深坑區,土庫,崩山,250
深坑區,賴仲,,375,深坑區,土庫,崩山,249
深坑區,賴仲,,376,深坑區,土庫,崩山,249-6
深坑區,賴仲,,377,深坑區,土庫,崩山,250-1
深坑區,賴仲,,378,深坑區,土庫,崩山,249-4
深坑區,賴仲,,379,深坑區,土庫,崩山,236-11
深坑區,賴仲,,38,深坑區,土庫,大坪,45-11
深坑區,賴仲,,380,深坑區,土庫,崩山,236-10
深坑區,賴仲,,381,深坑區,土庫,崩山,236-9
深坑區,賴仲,,382,深坑區,土庫,崩山,236-8
深坑區,賴仲,,383,深坑區,土庫,崩山,236-7
深坑區,賴仲,,384,深坑區,土庫,崩山,236
深坑區,賴仲,,385,深坑區,土庫,崩山,237-1
深坑區,賴仲,,386,深坑區,土庫,崩山,237
深坑區,賴仲,,388,深坑區,土庫,崩山,239-10
深坑區,賴仲,,389,深坑區,土庫,崩山,239-3
深坑區,賴仲,,39,深坑區,土庫,大坪,45-13
深坑區,賴仲,,390,深坑區,土庫,崩山,239-9
深坑區,賴仲,,391,深坑區,土庫,崩山,239-12
深坑區,賴仲,,392,深坑區,土庫,崩山,239-8
深坑區,賴仲,,393,深坑區,土庫,崩山,239-2
深坑區,賴仲,,394,深坑區,土庫,崩山,1-9
深坑區,賴仲,,395,深坑區,土庫,崩山,1-16
深坑區,賴仲,,396,深坑區,土庫,崩山,1-7
深坑區,賴仲,,397,深坑區,土庫,崩山,237-2
深坑區,賴仲,,398,深坑區,土庫,崩山,234-2
深坑區,賴仲,,399,深坑區,土庫,崩山,234
深坑區,賴仲,,40,深坑區,土庫,大坪,168-1
深坑區,賴仲,,400,深坑區,土庫,崩山,239-11
深坑區,賴仲,,401,深坑區,土庫,崩山,239-14
深坑區,賴仲,,402,深坑區,土庫,崩山,238-1
深坑區,賴仲,,403,深坑區,土庫,崩山,238-3
深坑區,賴仲,,404,深坑區,土庫,崩山,238-2
深坑區,賴仲,,405,深坑區,土庫,崩山,1-18
深坑區,賴仲,,406,深坑區,土庫,崩山,1-17
深坑區,賴仲,,407,深坑區,土庫,崩山,239-13
深坑區,賴仲,,408,深坑區,土庫,崩山,239-4
深坑區,賴仲,,409,深坑區,土庫,賴仲坑,66-6
深坑區,賴仲,,41,深坑區,土庫,賴仲坑,201-1
深坑區,賴仲,,410,深坑區,土庫,賴仲坑,218
深坑區,賴仲,,411,深坑區,土庫,賴仲坑,66-11
深坑區,賴仲,,412,深坑區,土庫,賴仲坑,210
深坑區,賴仲,,413,深坑區,土庫,賴仲坑,66-9
深坑區,賴仲,,414,深坑區,土庫,賴仲坑,66-12
深坑區,賴仲,,415,深坑區,土庫,賴仲坑,207
深坑區,賴仲,,417,深坑區,土庫,賴仲坑,208-1
深坑區,賴仲,,418,深坑區,土庫,賴仲坑,208
深坑區,賴仲,,419,深坑區,土庫,賴仲坑,208-2
深坑區,賴仲,,42,深坑區,土庫,賴仲坑,201-2
深坑區,賴仲,,420,深坑區,土庫,賴仲坑,209
深坑區,賴仲,,421,深坑區,土庫,賴仲坑,38
深坑區,賴仲,,422,深坑區,土庫,賴仲坑,40
深坑區,賴仲,,424,深坑區,土庫,賴仲坑,41
深坑區,賴仲,,426,深坑區,土庫,賴仲坑,43-1
深坑區,賴仲,,428,深坑區,土庫,賴仲坑,43
深坑區,賴仲,,429,深坑區,土庫,賴仲坑,42
深坑區,賴仲,,43,深坑區,土庫,大坪,168
深坑區,賴仲,,430,深坑區,土庫,賴仲坑,215
深坑區,賴仲,,431,深坑區,土庫,賴仲坑,211
深坑區,賴仲,,432,深坑區,土庫,賴仲坑,212
深坑區,賴仲,,433,深坑區,土庫,賴仲坑,213
深坑區,賴仲,,434,深坑區,土庫,賴仲坑,214
深坑區,賴仲,,435,深坑區,土庫,賴仲坑,217
深坑區,賴仲,,436,深坑區,土庫,賴仲坑,55
深坑區,賴仲,,437,深坑區,土庫,賴仲坑,216
深坑區,賴仲,,439,深坑區,土庫,賴仲坑,44
深坑區,賴仲,,44,深坑區,土庫,大坪,167
深坑區,賴仲,,440,深坑區,土庫,賴仲坑,43-2
深坑區,賴仲,,441,深坑區,土庫,賴仲坑,45-1
深坑區,賴仲,,442,深坑區,土庫,賴仲坑,45-2
深坑區,賴仲,,443,深坑區,土庫,賴仲坑,45
深坑區,賴仲,,444,深坑區,土庫,賴仲坑,53
深坑區,賴仲,,445,深坑區,土庫,賴仲坑,52
深坑區,賴仲,,446,深坑區,土庫,賴仲坑,46
深坑區,賴仲,,448,深坑區,土庫,賴仲坑,46-1
深坑區,賴仲,,449,深坑區,土庫,賴仲坑,75
深坑區,賴仲,,45,深坑區,土庫,大坪,166
深坑區,賴仲,,450,深坑區,土庫,賴仲坑,58-1
深坑區,賴仲,,451,深坑區,土庫,賴仲坑,58
深坑區,賴仲,,452,深坑區,土庫,賴仲坑,72
深坑區,賴仲,,453,深坑區,土庫,賴仲坑,58-2
深坑區,賴仲,,454,深坑區,土庫,賴仲坑,58-3
深坑區,賴仲,,456,深坑區,土庫,賴仲坑,60-1
深坑區,賴仲,,457,深坑區,土庫,賴仲坑,60-2
深坑區,賴仲,,458,深坑區,土庫,賴仲坑,57-1
深坑區,賴仲,,459,深坑區,土庫,賴仲坑,57
深坑區,賴仲,,46,深坑區,土庫,大坪,165
深坑區,賴仲,,460,深坑區,土庫,賴仲坑,63
深坑區,賴仲,,461,深坑區,土庫,賴仲坑,219
深坑區,賴仲,,462,深坑區,土庫,賴仲坑,220
深坑區,賴仲,,463,深坑區,土庫,賴仲坑,219-1
深坑區,賴仲,,464,深坑區,土庫,賴仲坑,65
深坑區,賴仲,,465,深坑區,土庫,賴仲坑,64
深坑區,賴仲,,466,深坑區,土庫,賴仲坑,64-1
深坑區,賴仲,,467,深坑區,土庫,賴仲坑,221
深坑區,賴仲,,468,深坑區,土庫,賴仲坑,66
深坑區,賴仲,,469,深坑區,土庫,賴仲坑,62
深坑區,賴仲,,47,深坑區,土庫,大坪,36-4
深坑區,賴仲,,470,深坑區,土庫,賴仲坑,61
深坑區,賴仲,,471,深坑區,土庫,賴仲坑,59
深坑區,賴仲,,472,深坑區,土庫,賴仲坑,70
深坑區,賴仲,,474,深坑區,土庫,賴仲坑,67-1
深坑區,賴仲,,475,深坑區,土庫,賴仲坑,68-1
深坑區,賴仲,,476,深坑區,土庫,賴仲坑,70-2
深坑區,賴仲,,477,深坑區,土庫,賴仲坑,70-3
深坑區,賴仲,,479,深坑區,土庫,賴仲坑,70-1
深坑區,賴仲,,48,深坑區,土庫,大坪,45-14
深坑區,賴仲,,480,深坑區,土庫,賴仲坑,68
深坑區,賴仲,,482,深坑區,土庫,賴仲坑,95-1
深坑區,賴仲,,483,深坑區,土庫,賴仲坑,95
深坑區,賴仲,,484,深坑區,土庫,賴仲坑,91-2
深坑區,賴仲,,485,深坑區,土庫,賴仲坑,91
深坑區,賴仲,,487,深坑區,土庫,賴仲坑,91-3
深坑區,賴仲,,488,深坑區,土庫,賴仲坑,92
深坑區,賴仲,,489,深坑區,土庫,賴仲坑,90-1
深坑區,賴仲,,49,深坑區,土庫,大坪,45-3
深坑區,賴仲,,490,深坑區,土庫,賴仲坑,90
深坑區,賴仲,,492,深坑區,土庫,賴仲坑,101
深坑區,賴仲,,493,深坑區,土庫,賴仲坑,101-1
深坑區,賴仲,,494,深坑區,土庫,賴仲坑,96-1
深坑區,賴仲,,495,深坑區,土庫,賴仲坑,96
深坑區,賴仲,,497,深坑區,土庫,賴仲坑,102
深坑區,賴仲,,498,深坑區,土庫,賴仲坑,104
深坑區,賴仲,,499,深坑區,土庫,賴仲坑,105
深坑區,賴仲,,5,深坑區,土庫,大坪,28-6
深坑區,賴仲,,50,深坑區,土庫,大坪,45-1
深坑區,賴仲,,501,深坑區,土庫,賴仲坑,106
深坑區,賴仲,,502,深坑區,土庫,賴仲坑,106-1
深坑區,賴仲,,504,深坑區,土庫,賴仲坑,105-2
深坑區,賴仲,,505,深坑區,土庫,賴仲坑,105-1
深坑區,賴仲,,508,深坑區,土庫,賴仲坑,234
深坑區,賴仲,,509,深坑區,土庫,賴仲坑,114
深坑區,賴仲,,51,深坑區,土庫,大坪,39-1
深坑區,賴仲,,510,深坑區,土庫,賴仲坑,116
深坑區,賴仲,,511,深坑區,土庫,賴仲坑,233
深坑區,賴仲,,512,深坑區,土庫,賴仲坑,121
深坑區,賴仲,,513,深坑區,土庫,賴仲坑,120
深坑區,賴仲,,514,深坑區,土庫,賴仲坑,119
深坑區,賴仲,,515,深坑區,土庫,賴仲坑,118
深坑區,賴仲,,516,深坑區,土庫,賴仲坑,118-1
深坑區,賴仲,,517,深坑區,土庫,賴仲坑,235
深坑區,賴仲,,518,深坑區,土庫,賴仲坑,236
深坑區,賴仲,,519,深坑區,土庫,賴仲坑,113
深坑區,賴仲,,52,深坑區,土庫,大坪,38-3
深坑區,賴仲,,521,深坑區,土庫,賴仲坑,104-1
深坑區,賴仲,,522,深坑區,土庫,賴仲坑,232
深坑區,賴仲,,523,深坑區,土庫,賴仲坑,103
深坑區,賴仲,,524,深坑區,土庫,賴仲坑,100
深坑區,賴仲,,525,深坑區,土庫,賴仲坑,99
深坑區,賴仲,,526,深坑區,土庫,賴仲坑,100-1
深坑區,賴仲,,527,深坑區,土庫,賴仲坑,231
深坑區,賴仲,,528,深坑區,土庫,賴仲坑,98-1
深坑區,賴仲,,529,深坑區,土庫,賴仲坑,97
深坑區,賴仲,,53,深坑區,土庫,大坪,45-2
深坑區,賴仲,,530,深坑區,土庫,賴仲坑,98-2
深坑區,賴仲,,531,深坑區,土庫,賴仲坑,230
深坑區,賴仲,,532,深坑區,土庫,賴仲坑,229
深坑區,賴仲,,533,深坑區,土庫,賴仲坑,69
深坑區,賴仲,,534,深坑區,土庫,賴仲坑,228
深坑區,賴仲,,535,深坑區,土庫,賴仲坑,98-4
深坑區,賴仲,,536,深坑區,土庫,賴仲坑,98-3
深坑區,賴仲,,537,深坑區,土庫,賴仲坑,227
深坑區,賴仲,,538,深坑區,土庫,賴仲坑,66-3
深坑區,賴仲,,539,深坑區,土庫,賴仲坑,66-10
深坑區,賴仲,,54,深坑區,土庫,大坪,45-5
深坑區,賴仲,,540,深坑區,土庫,賴仲坑,226
深坑區,賴仲,,541,深坑區,土庫,賴仲坑,237
深坑區,賴仲,,542,深坑區,土庫,賴仲坑,238
深坑區,賴仲,,543,深坑區,土庫,賴仲坑,122
深坑區,賴仲,,544,深坑區,土庫,賴仲坑,128
深坑區,賴仲,,545,深坑區,土庫,賴仲坑,127
深坑區,賴仲,,546,深坑區,土庫,賴仲坑,123
深坑區,賴仲,,549,深坑區,土庫,賴仲坑,124
深坑區,賴仲,,55,深坑區,土庫,大坪,36-3
深坑區,賴仲,,550,深坑區,土庫,賴仲坑,239
深坑區,賴仲,,551,深坑區,土庫,賴仲坑,240
深坑區,賴仲,,552,深坑區,土庫,賴仲坑,124-1
深坑區,賴仲,,553,深坑區,土庫,賴仲坑,243
深坑區,賴仲,,554,深坑區,土庫,賴仲坑,241
深坑區,賴仲,,555,深坑區,土庫,賴仲坑,242
深坑區,賴仲,,556,深坑區,土庫,賴仲坑,124-2
深坑區,賴仲,,557,深坑區,土庫,賴仲坑,124-3
深坑區,賴仲,,558,深坑區,土庫,賴仲坑,244
深坑區,賴仲,,559,深坑區,土庫,賴仲坑,125-1
深坑區,賴仲,,56,深坑區,土庫,大坪,163
深坑區,賴仲,,560,深坑區,土庫,賴仲坑,245
深坑區,賴仲,,561,深坑區,土庫,賴仲坑,246
深坑區,賴仲,,562,深坑區,土庫,賴仲坑,246-1
深坑區,賴仲,,563,深坑區,土庫,賴仲坑,66-2
深坑區,賴仲,,564,深坑區,土庫,賴仲坑,247
深坑區,賴仲,,565,深坑區,土庫,賴仲坑,66-13
深坑區,賴仲,,566,深坑區,土庫,賴仲坑,66-1
深坑區,賴仲,,567,深坑區,土庫,賴仲坑,225
深坑區,賴仲,,568,深坑區,土庫,賴仲坑,224
深坑區,賴仲,,569,深坑區,土庫,賴仲坑,66-4
深坑區,賴仲,,57,深坑區,土庫,大坪,36-2
深坑區,賴仲,,570,深坑區,土庫,賴仲坑,248
深坑區,賴仲,,571,深坑區,土庫,賴仲坑,66-5
深坑區,賴仲,,572,深坑區,土庫,賴仲坑,223
深坑區,賴仲,,573,深坑區,土庫,賴仲坑,222
深坑區,賴仲,,574,深坑區,土庫,賴仲坑,249
深坑區,賴仲,,575,深坑區,土庫,賴仲坑,249-2
深坑區,賴仲,,576,深坑區,土庫,賴仲坑,125
深坑區,賴仲,,577,深坑區,土庫,崩山,163-5
深坑區,賴仲,,578,深坑區,土庫,崩山,219
深坑區,賴仲,,579,深坑區,土庫,崩山,220
深坑區,賴仲,,58,深坑區,土庫,大坪,36-1
深坑區,賴仲,,580,深坑區,土庫,崩山,221
深坑區,賴仲,,582,深坑區,土庫,崩山,1
深坑區,賴仲,,583,深坑區,土庫,崩山,235
深坑區,賴仲,,584,深坑區,土庫,崩山,222
深坑區,賴仲,,585,深坑區,土庫,崩山,224
深坑區,賴仲,,586,深坑區,土庫,崩山,223
深坑區,賴仲,,587,深坑區,土庫,崩山,225
深坑區,賴仲,,588,深坑區,土庫,崩山,117
深坑區,賴仲,,589,深坑區,土庫,崩山,226
深坑區,賴仲,,59,深坑區,土庫,大坪,45-8
深坑區,賴仲,,591,深坑區,土庫,崩山,116
深坑區,賴仲,,592,深坑區,土庫,崩山,201
深坑區,賴仲,,593,深坑區,土庫,崩山,115-2
深坑區,賴仲,,594,深坑區,土庫,崩山,114
深坑區,賴仲,,595,深坑區,土庫,崩山,115-3
深坑區,賴仲,,596,深坑區,土庫,崩山,115-1
深坑區,賴仲,,597,深坑區,土庫,崩山,113-2
深坑區,賴仲,,598,深坑區,土庫,崩山,113-1
深坑區,賴仲,,599,深坑區,土庫,崩山,122-1
深坑區,賴仲,,6,深坑區,土庫,大坪,28-3
深坑區,賴仲,,60,深坑區,土庫,大坪,37-5
深坑區,賴仲,,600,深坑區,土庫,崩山,112-2
深坑區,賴仲,,601,深坑區,土庫,崩山,112-1
深坑區,賴仲,,602,深坑區,土庫,崩山,228
深坑區,賴仲,,603,深坑區,土庫,崩山,227
深坑區,賴仲,,604,深坑區,土庫,崩山,229
深坑區,賴仲,,605,深坑區,土庫,崩山,233
深坑區,賴仲,,606,深坑區,土庫,崩山,54
深坑區,賴仲,,607,深坑區,土庫,崩山,54-3
深坑區,賴仲,,608,深坑區,土庫,崩山,54-1
深坑區,賴仲,,609,深坑區,土庫,崩山,54-2
深坑區,賴仲,,61,深坑區,土庫,大坪,37-4
深坑區,賴仲,,610,深坑區,土庫,崩山,54-8
深坑區,賴仲,,611,深坑區,土庫,崩山,54-7
深坑區,賴仲,,612,深坑區,土庫,崩山,54-6
深坑區,賴仲,,613,深坑區,土庫,崩山,54-5
深坑區,賴仲,,614,深坑區,土庫,崩山,54-4
深坑區,賴仲,,615,深坑區,土庫,崩山,54-9
深坑區,賴仲,,616,深坑區,土庫,崩山,236-2
深坑區,賴仲,,617,深坑區,土庫,崩山,53-7
深坑區,賴仲,,618,深坑區,土庫,崩山,53-6
深坑區,賴仲,,619,深坑區,土庫,崩山,53-5
深坑區,賴仲,,62,深坑區,土庫,大坪,45-7
深坑區,賴仲,,620,深坑區,土庫,崩山,53-4
深坑區,賴仲,,621,深坑區,土庫,崩山,53-3
深坑區,賴仲,,622,深坑區,土庫,崩山,53-1
深坑區,賴仲,,623,深坑區,土庫,崩山,53-2
深坑區,賴仲,,624,深坑區,土庫,崩山,234-4
深坑區,賴仲,,625,深坑區,土庫,崩山,234-3
深坑區,賴仲,,626,深坑區,土庫,崩山,236-1
深坑區,賴仲,,627,深坑區,土庫,崩山,236-6
深坑區,賴仲,,628,深坑區,土庫,崩山,250-2
深坑區,賴仲,,629,深坑區,土庫,崩山,249-3
深坑區,賴仲,,63,深坑區,土庫,大坪,37-2
深坑區,賴仲,,630,深坑區,土庫,崩山,251-2
深坑區,賴仲,,631,深坑區,土庫,崩山,53
深坑區,賴仲,,632,深坑區,土庫,崩山,49-4
深坑區,賴仲,,633,深坑區,土庫,崩山,49-6
深坑區,賴仲,,634,深坑區,土庫,崩山,49
深坑區,賴仲,,635,深坑區,土庫,崩山,51
深坑區,賴仲,,636,深坑區,土庫,崩山,50
深坑區,賴仲,,637,深坑區,土庫,崩山,251-1
深坑區,賴仲,,638,深坑區,土庫,崩山,49-2
深坑區,賴仲,,639,深坑區,土庫,崩山,49-9
深坑區,賴仲,,64,深坑區,土庫,大坪,37-1
深坑區,賴仲,,640,深坑區,土庫,崩山,49-3
深坑區,賴仲,,641,深坑區,土庫,崩山,252-1
深坑區,賴仲,,642,深坑區,土庫,崩山,252-4
深坑區,賴仲,,643,深坑區,土庫,崩山,252-2
深坑區,賴仲,,644,深坑區,土庫,崩山,253-1
深坑區,賴仲,,645,深坑區,土庫,崩山,48-1
深坑區,賴仲,,646,深坑區,土庫,崩山,61-2
深坑區,賴仲,,648,深坑區,土庫,崩山,15-1
深坑區,賴仲,,65,深坑區,土庫,大坪,45-6
深坑區,賴仲,,650,深坑區,土庫,崩山,46-3
深坑區,賴仲,,651,深坑區,土庫,崩山,271-1
深坑區,賴仲,,652,深坑區,土庫,崩山,44-1
深坑區,賴仲,,653,深坑區,土庫,崩山,45
深坑區,賴仲,,654,深坑區,土庫,崩山,45-1
深坑區,賴仲,,655,深坑區,土庫,崩山,71-4
深坑區,賴仲,,657,深坑區,土庫,崩山,71-2
深坑區,賴仲,,658,深坑區,土庫,崩山,71
深坑區,賴仲,,659,深坑區,土庫,崩山,71-1
深坑區,賴仲,,660,深坑區,土庫,崩山,70-1
深坑區,賴仲,,661,深坑區,土庫,崩山,68-1
深坑區,賴仲,,662,深坑區,土庫,崩山,68
深坑區,賴仲,,663,深坑區,土庫,崩山,68-2
深坑區,賴仲,,664,深坑區,土庫,崩山,70
深坑區,賴仲,,665,深坑區,土庫,崩山,46-10
深坑區,賴仲,,666,深坑區,土庫,崩山,46-9
深坑區,賴仲,,667,深坑區,土庫,崩山,46-4
深坑區,賴仲,,669,深坑區,土庫,崩山,61
深坑區,賴仲,,67,深坑區,土庫,大坪,31-4
深坑區,賴仲,,670,深坑區,土庫,崩山,61-1
深坑區,賴仲,,671,深坑區,土庫,崩山,63
深坑區,賴仲,,672,深坑區,土庫,崩山,62
深坑區,賴仲,,673,深坑區,土庫,崩山,64
深坑區,賴仲,,674,深坑區,土庫,崩山,64-1
深坑區,賴仲,,676,深坑區,土庫,崩山,232
深坑區,賴仲,,677,深坑區,土庫,崩山,65
深坑區,賴仲,,678,深坑區,土庫,崩山,231
深坑區,賴仲,,679,深坑區,土庫,崩山,230
深坑區,賴仲,,68,深坑區,土庫,大坪,147
深坑區,賴仲,,681,深坑區,土庫,崩山,46-1
深坑區,賴仲,,682,深坑區,土庫,崩山,66
深坑區,賴仲,,683,深坑區,土庫,崩山,76
深坑區,賴仲,,684,深坑區,土庫,崩山,77
深坑區,賴仲,,685,深坑區,土庫,崩山,77-1
深坑區,賴仲,,686,深坑區,土庫,崩山,77-2
深坑區,賴仲,,687,深坑區,土庫,崩山,77-3
深坑區,賴仲,,688,深坑區,土庫,崩山,78
深坑區,賴仲,,689,深坑區,土庫,崩山,79
深坑區,賴仲,,69,深坑區,土庫,大坪,148
深坑區,賴仲,,691,深坑區,土庫,崩山,67
深坑區,賴仲,,692,深坑區,土庫,崩山,46-2
深坑區,賴仲,,694,深坑區,土庫,崩山,68-3
深坑區,賴仲,,695,深坑區,土庫,崩山,73
深坑區,賴仲,,696,深坑區,土庫,崩山,72-1
深坑區,賴仲,,697,深坑區,土庫,崩山,72
深坑區,賴仲,,698,深坑區,土庫,崩山,72-3
深坑區,賴仲,,699,深坑區,土庫,崩山,72-2
深坑區,賴仲,,7,深坑區,土庫,大坪,137-5
深坑區,賴仲,,70,深坑區,土庫,大坪,149
深坑區,賴仲,,700,深坑區,土庫,崩山,86-4
深坑區,賴仲,,701,深坑區,土庫,崩山,86-1
深坑區,賴仲,,702,深坑區,土庫,崩山,87
深坑區,賴仲,,703,深坑區,土庫,崩山,87-3
深坑區,賴仲,,704,深坑區,土庫,崩山,87-2
深坑區,賴仲,,705,深坑區,土庫,崩山,39-6
深坑區,賴仲,,706,深坑區,土庫,崩山,39-7
深坑區,賴仲,,707,深坑區,土庫,崩山,39-5
深坑區,賴仲,,708,深坑區,土庫,崩山,91-9
深坑區,賴仲,,709,深坑區,土庫,崩山,356-3
深坑區,賴仲,,71,深坑區,土庫,大坪,34-4
深坑區,賴仲,,710,深坑區,土庫,崩山,91-7
深坑區,賴仲,,711,深坑區,土庫,崩山,356-1
深坑區,賴仲,,712,深坑區,土庫,崩山,91-6
深坑區,賴仲,,713,深坑區,土庫,崩山,85-3
深坑區,賴仲,,714,深坑區,土庫,崩山,85-2
深坑區,賴仲,,715,深坑區,土庫,崩山,86
深坑區,賴仲,,716,深坑區,土庫,崩山,85-1
深坑區,賴仲,,717,深坑區,土庫,崩山,85
深坑區,賴仲,,718,深坑區,土庫,崩山,84
深坑區,賴仲,,72,深坑區,土庫,大坪,150
深坑區,賴仲,,721,深坑區,土庫,崩山,83
深坑區,賴仲,,722,深坑區,土庫,崩山,82-1
深坑區,賴仲,,723,深坑區,土庫,崩山,80
深坑區,賴仲,,724,深坑區,土庫,崩山,82
深坑區,賴仲,,725,深坑區,土庫,崩山,93
深坑區,賴仲,,726,深坑區,土庫,崩山,89
深坑區,賴仲,,727,深坑區,土庫,崩山,91
深坑區,賴仲,,728,深坑區,土庫,崩山,91-1
深坑區,賴仲,,729,深坑區,土庫,崩山,88-1
深坑區,賴仲,,73,深坑區,土庫,大坪,152
深坑區,賴仲,,730,深坑區,土庫,崩山,91-8
深坑區,賴仲,,731,深坑區,土庫,崩山,88-3
深坑區,賴仲,,732,深坑區,土庫,崩山,88-2
深坑區,賴仲,,733,深坑區,土庫,崩山,88
深坑區,賴仲,,734,深坑區,土庫,崩山,89-2
深坑區,賴仲,,735,深坑區,土庫,崩山,357-1
深坑區,賴仲,,736,深坑區,土庫,崩山,96-5
深坑區,賴仲,,737,深坑區,土庫,崩山,96-4
深坑區,賴仲,,738,深坑區,土庫,崩山,96
深坑區,賴仲,,739,深坑區,土庫,崩山,95-2
深坑區,賴仲,,74,深坑區,土庫,大坪,153
深坑區,賴仲,,740,深坑區,土庫,崩山,96-6
深坑區,賴仲,,741,深坑區,土庫,崩山,96-1
深坑區,賴仲,,742,深坑區,土庫,崩山,89-1
深坑區,賴仲,,743,深坑區,土庫,崩山,90
深坑區,賴仲,,744,深坑區,土庫,崩山,94
深坑區,賴仲,,745,深坑區,土庫,崩山,94-1
深坑區,賴仲,,746,深坑區,土庫,崩山,90-1
深坑區,賴仲,,747,深坑區,土庫,崩山,95
深坑區,賴仲,,749,深坑區,土庫,崩山,93-1
深坑區,賴仲,,75,深坑區,土庫,大坪,34-5
深坑區,賴仲,,750,深坑區,土庫,崩山,97
深坑區,賴仲,,751,深坑區,土庫,崩山,95-1
深坑區,賴仲,,752,深坑區,土庫,崩山,358
深坑區,賴仲,,753,深坑區,土庫,崩山,358-1
深坑區,賴仲,,754,深坑區,土庫,崩山,357-2
深坑區,賴仲,,755,深坑區,土庫,崩山,363-1
深坑區,賴仲,,756,深坑區,土庫,崩山,137-6
深坑區,賴仲,,757,深坑區,土庫,崩山,137-5
深坑區,賴仲,,758,深坑區,土庫,崩山,136
深坑區,賴仲,,759,深坑區,土庫,崩山,136-3
深坑區,賴仲,,76,深坑區,土庫,大坪,34-6
深坑區,賴仲,,760,深坑區,土庫,崩山,136-1
深坑區,賴仲,,761,深坑區,土庫,崩山,136-6
深坑區,賴仲,,762,深坑區,土庫,崩山,136-5
深坑區,賴仲,,763,深坑區,土庫,崩山,137-8
深坑區,賴仲,,764,深坑區,土庫,崩山,363-8
深坑區,賴仲,,765,深坑區,土庫,崩山,136-7
深坑區,賴仲,,766,深坑區,土庫,崩山,363-7
深坑區,賴仲,,767,深坑區,土庫,崩山,363-2
深坑區,賴仲,,769,深坑區,土庫,崩山,133-1
深坑區,賴仲,,77,深坑區,土庫,大坪,155
深坑區,賴仲,,770,深坑區,土庫,崩山,361
深坑區,賴仲,,771,深坑區,土庫,崩山,96-2
深坑區,賴仲,,772,深坑區,土庫,崩山,96-3
深坑區,賴仲,,773,深坑區,土庫,崩山,96-7
深坑區,賴仲,,774,深坑區,土庫,崩山,359
深坑區,賴仲,,775,深坑區,土庫,崩山,131-2
深坑區,賴仲,,776,深坑區,土庫,崩山,131-1
深坑區,賴仲,,777,深坑區,土庫,崩山,362
深坑區,賴仲,,778,深坑區,土庫,崩山,132
深坑區,賴仲,,779,深坑區,土庫,崩山,133
深坑區,賴仲,,78,深坑區,土庫,大坪,154
深坑區,賴仲,,782,深坑區,土庫,崩山,131
深坑區,賴仲,,783,深坑區,土庫,崩山,360
深坑區,賴仲,,784,深坑區,土庫,崩山,98
深坑區,賴仲,,786,深坑區,土庫,崩山,101
深坑區,賴仲,,787,深坑區,土庫,崩山,103
深坑區,賴仲,,788,深坑區,土庫,崩山,104
深坑區,賴仲,,789,深坑區,土庫,崩山,99
深坑區,賴仲,,79,深坑區,土庫,大坪,151
深坑區,賴仲,,790,深坑區,土庫,崩山,100
深坑區,賴仲,,791,深坑區,土庫,崩山,105
深坑區,賴仲,,792,深坑區,土庫,崩山,106
深坑區,賴仲,,793,深坑區,土庫,崩山,107
深坑區,賴仲,,794,深坑區,土庫,崩山,108
深坑區,賴仲,,795,深坑區,土庫,崩山,118-1
深坑區,賴仲,,796,深坑區,土庫,崩山,109
深坑區,賴仲,,797,深坑區,土庫,崩山,110
深坑區,賴仲,,798,深坑區,土庫,崩山,111
深坑區,賴仲,,799,深坑區,土庫,崩山,111-1
深坑區,賴仲,,8,深坑區,土庫,大坪,41-2
深坑區,賴仲,,80,深坑區,土庫,大坪,34-8
深坑區,賴仲,,800,深坑區,土庫,崩山,119-2
深坑區,賴仲,,801,深坑區,土庫,崩山,119-1
深坑區,賴仲,,802,深坑區,土庫,崩山,118-2
深坑區,賴仲,,804,深坑區,土庫,崩山,127
深坑區,賴仲,,805,深坑區,土庫,崩山,124
深坑區,賴仲,,806,深坑區,土庫,崩山,123
深坑區,賴仲,,807,深坑區,土庫,崩山,121
深坑區,賴仲,,808,深坑區,土庫,崩山,126
深坑區,賴仲,,809,深坑區,土庫,崩山,118
深坑區,賴仲,,81,深坑區,土庫,大坪,34-9
深坑區,賴仲,,810,深坑區,土庫,崩山,119-3
深坑區,賴仲,,811,深坑區,土庫,崩山,125-1
深坑區,賴仲,,812,深坑區,土庫,崩山,126-1
深坑區,賴仲,,813,深坑區,土庫,崩山,126-2
深坑區,賴仲,,814,深坑區,土庫,崩山,130-2
深坑區,賴仲,,815,深坑區,土庫,崩山,128
深坑區,賴仲,,816,深坑區,土庫,崩山,129
深坑區,賴仲,,818,深坑區,土庫,崩山,130
深坑區,賴仲,,819,深坑區,土庫,崩山,130-1
深坑區,賴仲,,82,深坑區,土庫,大坪,34-7
深坑區,賴仲,,820,深坑區,土庫,崩山,159-3
深坑區,賴仲,,821,深坑區,土庫,崩山,159-2
深坑區,賴仲,,822,深坑區,土庫,崩山,159-1
深坑區,賴仲,,823,深坑區,土庫,崩山,159-4
深坑區,賴仲,,824,深坑區,土庫,崩山,159-5
深坑區,賴仲,,825,深坑區,土庫,崩山,161
深坑區,賴仲,,827,深坑區,土庫,崩山,162-1
深坑區,賴仲,,828,深坑區,土庫,崩山,162
深坑區,賴仲,,829,深坑區,土庫,崩山,218
深坑區,賴仲,,83,深坑區,土庫,大坪,34-10
深坑區,賴仲,,830,深坑區,土庫,崩山,163-4
深坑區,賴仲,,831,深坑區,土庫,崩山,163-3
深坑區,賴仲,,832,深坑區,土庫,崩山,163-2
深坑區,賴仲,,833,深坑區,土庫,崩山,163-1
深坑區,賴仲,,834,深坑區,土庫,崩山,168-3
深坑區,賴仲,,835,深坑區,土庫,崩山,163
深坑區,賴仲,,836,深坑區,土庫,崩山,165-1
深坑區,賴仲,,837,深坑區,土庫,崩山,167-1
深坑區,賴仲,,838,深坑區,土庫,崩山,168-1
深坑區,賴仲,,839,深坑區,土庫,崩山,168-2
深坑區,賴仲,,84,深坑區,土庫,大坪,34-2
深坑區,賴仲,,840,深坑區,土庫,崩山,172-3
深坑區,賴仲,,841,深坑區,土庫,崩山,217
深坑區,賴仲,,842,深坑區,土庫,崩山,172-2
深坑區,賴仲,,843,深坑區,土庫,崩山,172-1
深坑區,賴仲,,844,深坑區,土庫,崩山,216-2
深坑區,賴仲,,845,深坑區,土庫,崩山,169-3
深坑區,賴仲,,846,深坑區,土庫,崩山,213-17
深坑區,賴仲,,847,深坑區,土庫,崩山,213-19
深坑區,賴仲,,848,深坑區,土庫,崩山,216-1
深坑區,賴仲,,849,深坑區,土庫,崩山,216
深坑區,賴仲,,85,深坑區,土庫,大坪,34-3
深坑區,賴仲,,850,深坑區,土庫,賴仲坑,251
深坑區,賴仲,,851,深坑區,土庫,崩山,215
深坑區,賴仲,,852,深坑區,土庫,崩山,171-6
深坑區,賴仲,,853,深坑區,土庫,崩山,205
深坑區,賴仲,,854,深坑區,土庫,崩山,206
深坑區,賴仲,,855,深坑區,土庫,崩山,204-2
深坑區,賴仲,,856,深坑區,土庫,崩山,204
深坑區,賴仲,,857,深坑區,土庫,崩山,203
深坑區,賴仲,,858,深坑區,土庫,崩山,171-3
深坑區,賴仲,,859,深坑區,土庫,崩山,171-2
深坑區,賴仲,,86,深坑區,土庫,大坪,35-1
深坑區,賴仲,,860,深坑區,土庫,崩山,171-183
深坑區,賴仲,,861,深坑區,土庫,崩山,207-1
深坑區,賴仲,,862,深坑區,土庫,崩山,207
深坑區,賴仲,,863,深坑區,土庫,崩山,205-1
深坑區,賴仲,,864,深坑區,土庫,崩山,171-178
深坑區,賴仲,,865,深坑區,土庫,崩山,171-184
深坑區,賴仲,,866,深坑區,土庫,崩山,208
深坑區,賴仲,,867,深坑區,土庫,賴仲坑,252
深坑區,賴仲,,868,深坑區,土庫,賴仲坑,129
深坑區,賴仲,,87,深坑區,土庫,大坪,35-2
深坑區,賴仲,,870,深坑區,土庫,賴仲坑,130
深坑區,賴仲,,871,深坑區,土庫,賴仲坑,131
深坑區,賴仲,,874,深坑區,土庫,賴仲坑,253
深坑區,賴仲,,875,深坑區,土庫,賴仲坑,147
深坑區,賴仲,,876,深坑區,土庫,賴仲坑,147-1
深坑區,賴仲,,877,深坑區,土庫,賴仲坑,253-2
深坑區,賴仲,,878,深坑區,土庫,賴仲坑,149
深坑區,賴仲,,879,深坑區,土庫,賴仲坑,155-4
深坑區,賴仲,,88,深坑區,土庫,大坪,35-3
深坑區,賴仲,,881,深坑區,土庫,崩山,172-10
深坑區,賴仲,,882,深坑區,土庫,崩山,172-11
深坑區,賴仲,,884,深坑區,土庫,賴仲坑,155-2
深坑區,賴仲,,885,深坑區,土庫,賴仲坑,253-4
深坑區,賴仲,,886,深坑區,土庫,賴仲坑,155-1
深坑區,賴仲,,887,深坑區,土庫,賴仲坑,155
深坑區,賴仲,,888,深坑區,土庫,賴仲坑,155-5
深坑區,賴仲,,889,深坑區,土庫,賴仲坑,155-3
深坑區,賴仲,,89,深坑區,土庫,大坪,162
深坑區,賴仲,,890,深坑區,土庫,賴仲坑,253-6
深坑區,賴仲,,891,深坑區,土庫,賴仲坑,253-1
深坑區,賴仲,,892,深坑區,土庫,賴仲坑,253-3
深坑區,賴仲,,893,深坑區,土庫,崩山,171-60
深坑區,賴仲,,894,深坑區,土庫,崩山,171-37
深坑區,賴仲,,895,深坑區,土庫,崩山,171-206
深坑區,賴仲,,896,深坑區,土庫,崩山,171-205
深坑區,賴仲,,897,深坑區,土庫,崩山,171-204
深坑區,賴仲,,898,深坑區,土庫,崩山,171-203
深坑區,賴仲,,899,深坑區,土庫,崩山,171-202
深坑區,賴仲,,9,深坑區,土庫,大坪,38-6
深坑區,賴仲,,90,深坑區,土庫,大坪,34-12
深坑區,賴仲,,900,深坑區,土庫,崩山,171-201
深坑區,賴仲,,901,深坑區,土庫,崩山,171-200
深坑區,賴仲,,902,深坑區,土庫,崩山,171-199
深坑區,賴仲,,903,深坑區,土庫,崩山,171-198
深坑區,賴仲,,904,深坑區,土庫,崩山,171-197
深坑區,賴仲,,905,深坑區,土庫,崩山,171-196
深坑區,賴仲,,906,深坑區,土庫,崩山,171-195
深坑區,賴仲,,907,深坑區,土庫,賴仲坑,253-5
深坑區,賴仲,,908,深坑區,土庫,崩山,171-15
深坑區,賴仲,,909,深坑區,土庫,崩山,171-14
深坑區,賴仲,,91,深坑區,土庫,大坪,34-15
深坑區,賴仲,,910,深坑區,土庫,崩山,171-13
深坑區,賴仲,,911,深坑區,土庫,崩山,171-12
深坑區,賴仲,,912,深坑區,土庫,崩山,171-11
深坑區,賴仲,,913,深坑區,土庫,崩山,171-10
深坑區,賴仲,,914,深坑區,土庫,崩山,171-9
深坑區,賴仲,,915,深坑區,土庫,崩山,171-5
深坑區,賴仲,,916,深坑區,土庫,崩山,171-209
深坑區,賴仲,,917,深坑區,土庫,崩山,171-212
深坑區,賴仲,,918,深坑區,土庫,崩山,171-4
深坑區,賴仲,,919,深坑區,土庫,崩山,171-17
深坑區,賴仲,,92,深坑區,土庫,大坪,34-1
深坑區,賴仲,,920,深坑區,土庫,崩山,171-18
深坑區,賴仲,,921,深坑區,土庫,崩山,171-19
深坑區,賴仲,,922,深坑區,土庫,崩山,171-20
深坑區,賴仲,,923,深坑區,土庫,崩山,171-21
深坑區,賴仲,,924,深坑區,土庫,崩山,171-22
深坑區,賴仲,,925,深坑區,土庫,崩山,171-32
深坑區,賴仲,,926,深坑區,土庫,崩山,171-31
深坑區,賴仲,,927,深坑區,土庫,崩山,171-30
深坑區,賴仲,,928,深坑區,土庫,崩山,171-29
深坑區,賴仲,,929,深坑區,土庫,崩山,171-54
深坑區,賴仲,,93,深坑區,土庫,大坪,34-11
深坑區,賴仲,,930,深坑區,土庫,崩山,171-28
深坑區,賴仲,,931,深坑區,土庫,崩山,171-52
深坑區,賴仲,,932,深坑區,土庫,崩山,171-27
深坑區,賴仲,,933,深坑區,土庫,崩山,171-50
深坑區,賴仲,,934,深坑區,土庫,崩山,171-26
深坑區,賴仲,,935,深坑區,土庫,崩山,171-48
深坑區,賴仲,,936,深坑區,土庫,崩山,171-25
深坑區,賴仲,,937,深坑區,土庫,崩山,171-46
深坑區,賴仲,,938,深坑區,土庫,崩山,171-24
深坑區,賴仲,,939,深坑區,土庫,崩山,171-33
深坑區,賴仲,,94,深坑區,土庫,大坪,156
深坑區,賴仲,,940,深坑區,土庫,崩山,171-58
深坑區,賴仲,,941,深坑區,土庫,崩山,171-34
深坑區,賴仲,,942,深坑區,土庫,崩山,171-57
深坑區,賴仲,,943,深坑區,土庫,崩山,171-35
深坑區,賴仲,,944,深坑區,土庫,崩山,171-56
深坑區,賴仲,,945,深坑區,土庫,崩山,171-36
深坑區,賴仲,,946,深坑區,土庫,崩山,171-55
深坑區,賴仲,,947,深坑區,土庫,崩山,171-53
深坑區,賴仲,,948,深坑區,土庫,崩山,171-51
深坑區,賴仲,,949,深坑區,土庫,崩山,171-49
深坑區,賴仲,,95,深坑區,土庫,大坪,157
深坑區,賴仲,,950,深坑區,土庫,崩山,171-47
深坑區,賴仲,,951,深坑區,土庫,崩山,171-45
深坑區,賴仲,,952,深坑區,土庫,崩山,171-44
深坑區,賴仲,,953,深坑區,土庫,崩山,171-43
深坑區,賴仲,,954,深坑區,土庫,崩山,171-42
深坑區,賴仲,,955,深坑區,土庫,崩山,171-41
深坑區,賴仲,,956,深坑區,土庫,崩山,171-40
深坑區,賴仲,,957,深坑區,土庫,崩山,171-39
深坑區,賴仲,,958,深坑區,土庫,崩山,171-38
深坑區,賴仲,,959,深坑區,土庫,崩山,171-182
深坑區,賴仲,,96,深坑區,土庫,大坪,158
深坑區,賴仲,,960,深坑區,土庫,崩山,171-61
深坑區,賴仲,,961,深坑區,土庫,崩山,171-62
深坑區,賴仲,,962,深坑區,土庫,崩山,171-63
深坑區,賴仲,,963,深坑區,土庫,崩山,171-64
深坑區,賴仲,,964,深坑區,土庫,崩山,171-65
深坑區,賴仲,,965,深坑區,土庫,崩山,171-66
深坑區,賴仲,,966,深坑區,土庫,崩山,171-67
深坑區,賴仲,,967,深坑區,土庫,崩山,171-68
深坑區,賴仲,,968,深坑區,土庫,崩山,171-69
深坑區,賴仲,,969,深坑區,土庫,崩山,171-70
深坑區,賴仲,,97,深坑區,土庫,大坪,33-1
深坑區,賴仲,,970,深坑區,土庫,崩山,171-71
深坑區,賴仲,,971,深坑區,土庫,崩山,171-72
深坑區,賴仲,,972,深坑區,土庫,崩山,171-73
深坑區,賴仲,,973,深坑區,土庫,崩山,171-74
深坑區,賴仲,,974,深坑區,土庫,崩山,212-2
深坑區,賴仲,,975,深坑區,土庫,崩山,171-88
深坑區,賴仲,,976,深坑區,土庫,崩山,171-87
深坑區,賴仲,,977,深坑區,土庫,崩山,171-86
深坑區,賴仲,,978,深坑區,土庫,崩山,171-85
深坑區,賴仲,,979,深坑區,土庫,崩山,171-84
深坑區,賴仲,,98,深坑區,土庫,大坪,33
深坑區,賴仲,,980,深坑區,土庫,崩山,171-83
深坑區,賴仲,,981,深坑區,土庫,崩山,171-82
深坑區,賴仲,,982,深坑區,土庫,崩山,171-81
深坑區,賴仲,,983,深坑區,土庫,崩山,171-80
深坑區,賴仲,,984,深坑區,土庫,崩山,171-79
深坑區,賴仲,,985,深坑區,土庫,崩山,171-78
深坑區,賴仲,,986,深坑區,土庫,崩山,171-77
深坑區,賴仲,,987,深坑區,土庫,崩山,171-76
深坑區,賴仲,,988,深坑區,土庫,崩山,171-75
深坑區,賴仲,,989,深坑區,土庫,崩山,212-3
深坑區,賴仲,,99,深坑區,土庫,大坪,159
深坑區,賴仲,,990,深坑區,土庫,崩山,212-1
深坑區,賴仲,,991,深坑區,土庫,崩山,212
深坑區,賴仲,,992,深坑區,土庫,崩山,212-17
深坑區,賴仲,,993,深坑區,土庫,崩山,171-194
深坑區,賴仲,,994,深坑區,土庫,崩山,171-192
深坑區,賴仲,,995,深坑區,土庫,崩山,171-191
深坑區,賴仲,,996,深坑區,土庫,崩山,212-4
深坑區,賴仲,,997,深坑區,土庫,崩山,171-89
深坑區,賴仲,,998,深坑區,土庫,崩山,171-92
深坑區,賴仲,,999,深坑區,土庫,崩山,171-93
深坑區,阿柔,,1,深坑區,阿柔坑,大崙腳,59-1
深坑區,阿柔,,10,深坑區,阿柔坑,大崙腳,65-2
深坑區,阿柔,,100,深坑區,阿柔坑,大崙腳,108
深坑區,阿柔,,101,深坑區,阿柔坑,大崙腳,106
深坑區,阿柔,,102,深坑區,阿柔坑,大崙腳,109
深坑區,阿柔,,103,深坑區,阿柔坑,大崙腳,78-4
深坑區,阿柔,,104,深坑區,阿柔坑,大崙腳,78-3
深坑區,阿柔,,105,深坑區,阿柔坑,大崙腳,105
深坑區,阿柔,,106,深坑區,阿柔坑,大崙腳,78-2
深坑區,阿柔,,107,深坑區,阿柔坑,大崙腳,79-1
深坑區,阿柔,,108,深坑區,阿柔坑,大崙腳,73-1
深坑區,阿柔,,109,深坑區,阿柔坑,大崙腳,74
深坑區,阿柔,,11,深坑區,阿柔坑,大崙腳,66
深坑區,阿柔,,110,深坑區,阿柔坑,大崙腳,78-1
深坑區,阿柔,,111,深坑區,阿柔坑,大崙腳,78
深坑區,阿柔,,112,深坑區,阿柔坑,大崙腳,73
深坑區,阿柔,,113,深坑區,阿柔坑,大崙腳,75
深坑區,阿柔,,114,深坑區,阿柔坑,大崙腳,75-2
深坑區,阿柔,,115,深坑區,阿柔坑,大崙腳,75-1
深坑區,阿柔,,116,深坑區,阿柔坑,大崙腳,121
深坑區,阿柔,,117,深坑區,阿柔坑,大崙腳,120
深坑區,阿柔,,118,深坑區,阿柔坑,大崙腳,77
深坑區,阿柔,,119,深坑區,阿柔坑,大崙腳,119
深坑區,阿柔,,12,深坑區,阿柔坑,大崙腳,67
深坑區,阿柔,,120,深坑區,阿柔坑,大崙腳,77-1
深坑區,阿柔,,121,深坑區,阿柔坑,大崙腳,76
深坑區,阿柔,,122,深坑區,阿柔坑,大崙腳,77-2
深坑區,阿柔,,123,深坑區,阿柔坑,大崙腳,113
深坑區,阿柔,,124,深坑區,阿柔坑,大崙腳,111
深坑區,阿柔,,125,深坑區,阿柔坑,大崙腳,112
深坑區,阿柔,,126,深坑區,阿柔坑,大崙腳,114
深坑區,阿柔,,127,深坑區,阿柔坑,大崙腳,93
深坑區,阿柔,,128,深坑區,阿柔坑,大崙腳,116
深坑區,阿柔,,129,深坑區,阿柔坑,大崙腳,115-1
深坑區,阿柔,,13,深坑區,阿柔坑,大崙腳,130
深坑區,阿柔,,130,深坑區,阿柔坑,大崙腳,21-5
深坑區,阿柔,,131,深坑區,阿柔坑,大崙腳,66-3
深坑區,阿柔,,132,深坑區,阿柔坑,大崙腳,66-2
深坑區,阿柔,,133,深坑區,阿柔坑,大崙腳,21-1
深坑區,阿柔,,135,深坑區,阿柔坑,大崙腳,115
深坑區,阿柔,,136,深坑區,阿柔坑,大崙腳,21-2
深坑區,阿柔,,137,深坑區,阿柔坑,大崙腳,66-1
深坑區,阿柔,,138,深坑區,阿柔坑,大崙腳,47-3
深坑區,阿柔,,139,深坑區,阿柔坑,大崙腳,42-2
深坑區,阿柔,,14,深坑區,阿柔坑,大崙腳,59-2
深坑區,阿柔,,140,深坑區,阿柔坑,大崙腳,21-3
深坑區,阿柔,,141,深坑區,阿柔坑,大崙腳,42-1
深坑區,阿柔,,142,深坑區,阿柔坑,大崙腳,133
深坑區,阿柔,,143,深坑區,阿柔坑,大崙腳,132
深坑區,阿柔,,144,深坑區,阿柔坑,大崙腳,44-1
深坑區,阿柔,,145,深坑區,阿柔坑,大崙腳,47-2
深坑區,阿柔,,146,深坑區,阿柔坑,大崙腳,131
深坑區,阿柔,,147,深坑區,阿柔坑,大崙腳,47-1
深坑區,阿柔,,148,深坑區,阿柔坑,大崙腳,53-1
深坑區,阿柔,,149,深坑區,阿柔坑,大崙腳,47
深坑區,阿柔,,15,深坑區,阿柔坑,大崙腳,68-1
深坑區,阿柔,,150,深坑區,阿柔坑,大崙腳,52
深坑區,阿柔,,151,深坑區,阿柔坑,大崙腳,51
深坑區,阿柔,,152,深坑區,阿柔坑,大崙腳,49
深坑區,阿柔,,153,深坑區,阿柔坑,大崙腳,48
深坑區,阿柔,,155,深坑區,阿柔坑,大崙腳,35
深坑區,阿柔,,156,深坑區,阿柔坑,大崙腳,33
深坑區,阿柔,,157,深坑區,阿柔坑,大崙腳,34
深坑區,阿柔,,158,深坑區,阿柔坑,大崙腳,31
深坑區,阿柔,,159,深坑區,阿柔坑,大崙腳,30
深坑區,阿柔,,16,深坑區,阿柔坑,大崙腳,68
深坑區,阿柔,,160,深坑區,阿柔坑,大崙腳,29
深坑區,阿柔,,161,深坑區,阿柔坑,大崙腳,37
深坑區,阿柔,,162,深坑區,阿柔坑,大崙腳,38
深坑區,阿柔,,163,深坑區,阿柔坑,大崙腳,39
深坑區,阿柔,,165,深坑區,阿柔坑,大崙腳,40
深坑區,阿柔,,166,深坑區,阿柔坑,大崙腳,41
深坑區,阿柔,,167,深坑區,阿柔坑,大崙腳,43
深坑區,阿柔,,168,深坑區,阿柔坑,大崙腳,45
深坑區,阿柔,,169,深坑區,阿柔坑,大崙腳,42
深坑區,阿柔,,17,深坑區,阿柔坑,大崙腳,67-4
深坑區,阿柔,,170,深坑區,阿柔坑,大崙腳,28
深坑區,阿柔,,171,深坑區,阿柔坑,大崙腳,27
深坑區,阿柔,,172,深坑區,阿柔坑,大崙腳,26
深坑區,阿柔,,173,深坑區,阿柔坑,大崙腳,42-3
深坑區,阿柔,,174,深坑區,阿柔坑,大崙腳,4-1
深坑區,阿柔,,175,深坑區,阿柔坑,大崙腳,26-1
深坑區,阿柔,,176,深坑區,阿柔坑,大崙腳,25
深坑區,阿柔,,177,深坑區,阿柔坑,大崙腳,134
深坑區,阿柔,,178,深坑區,阿柔坑,大崙腳,117
深坑區,阿柔,,179,深坑區,阿柔坑,大崙腳,25-1
深坑區,阿柔,,18,深坑區,阿柔坑,大崙腳,67-1
深坑區,阿柔,,180,深坑區,阿柔坑,大崙腳,135
深坑區,阿柔,,181,深坑區,阿柔坑,大崙腳,93-2
深坑區,阿柔,,182,深坑區,阿柔坑,大崙腳,93-3
深坑區,阿柔,,183,深坑區,阿柔坑,大崙腳,93-1
深坑區,阿柔,,184,深坑區,阿柔坑,大崙腳,23
深坑區,阿柔,,185,深坑區,阿柔坑,大崙腳,23-1
深坑區,阿柔,,186,深坑區,阿柔坑,大崙腳,21-4
深坑區,阿柔,,187,深坑區,阿柔坑,大崙腳,160
深坑區,阿柔,,188,深坑區,阿柔坑,大崙腳,21
深坑區,阿柔,,189,深坑區,阿柔坑,大崙腳,22
深坑區,阿柔,,19,深坑區,阿柔坑,大崙腳,67-5
深坑區,阿柔,,190,深坑區,阿柔坑,大崙腳,20
深坑區,阿柔,,191,深坑區,阿柔坑,大崙腳,17
深坑區,阿柔,,192,深坑區,阿柔坑,大崙腳,16
深坑區,阿柔,,193,深坑區,阿柔坑,大崙腳,16-1
深坑區,阿柔,,194,深坑區,阿柔坑,大崙腳,19
深坑區,阿柔,,195,深坑區,阿柔坑,大崙腳,159
深坑區,阿柔,,196,深坑區,阿柔坑,大崙腳,20-5
深坑區,阿柔,,197,深坑區,阿柔坑,大崙腳,158
深坑區,阿柔,,198,深坑區,阿柔坑,大崙腳,20-4
深坑區,阿柔,,199,深坑區,阿柔坑,大崙腳,20-2
深坑區,阿柔,,2,深坑區,阿柔坑,大崙腳,56-1
深坑區,阿柔,,20,深坑區,阿柔坑,大崙腳,67-3
深坑區,阿柔,,200,深坑區,阿柔坑,大崙腳,20-1
深坑區,阿柔,,201,深坑區,阿柔坑,大崙腳,163
深坑區,阿柔,,202,深坑區,阿柔坑,大崙腳,20-3
深坑區,阿柔,,203,深坑區,阿柔坑,大崙腳,162
深坑區,阿柔,,204,深坑區,阿柔坑,大崙腳,161
深坑區,阿柔,,205,深坑區,阿柔坑,大崙腳,113-1
深坑區,阿柔,,206,深坑區,阿柔坑,大崙腳,110
深坑區,阿柔,,207,深坑區,阿柔坑,大崙腳,78-5
深坑區,阿柔,,208,深坑區,阿柔坑,大崙腳,169
深坑區,阿柔,,209,深坑區,阿柔坑,大崙腳,20-6
深坑區,阿柔,,21,深坑區,阿柔坑,大崙腳,67-6
深坑區,阿柔,,210,深坑區,阿柔坑,大崙腳,170
深坑區,阿柔,,211,深坑區,阿柔坑,梘腳坑,69
深坑區,阿柔,,212,深坑區,阿柔坑,梘腳坑,70
深坑區,阿柔,,213,深坑區,阿柔坑,梘腳坑,72
深坑區,阿柔,,214,深坑區,阿柔坑,梘腳坑,73
深坑區,阿柔,,215,深坑區,阿柔坑,梘腳坑,71
深坑區,阿柔,,216,深坑區,阿柔坑,梘腳坑,38-6
深坑區,阿柔,,217,深坑區,阿柔坑,梘腳坑,81-1
深坑區,阿柔,,218,深坑區,阿柔坑,梘腳坑,81
深坑區,阿柔,,219,深坑區,阿柔坑,梘腳坑,80-2
深坑區,阿柔,,22,深坑區,阿柔坑,大崙腳,69
深坑區,阿柔,,220,深坑區,阿柔坑,梘腳坑,80
深坑區,阿柔,,221,深坑區,阿柔坑,梘腳坑,38-5
深坑區,阿柔,,222,深坑區,阿柔坑,梘腳坑,82
深坑區,阿柔,,223,深坑區,阿柔坑,梘腳坑,38-4
深坑區,阿柔,,224,深坑區,阿柔坑,梘腳坑,38-3
深坑區,阿柔,,225,深坑區,阿柔坑,梘腳坑,83
深坑區,阿柔,,226,深坑區,阿柔坑,梘腳坑,80-1
深坑區,阿柔,,227,深坑區,阿柔坑,梘腳坑,84
深坑區,阿柔,,228,深坑區,阿柔坑,梘腳坑,38-2
深坑區,阿柔,,229,深坑區,阿柔坑,梘腳坑,84-1
深坑區,阿柔,,23,深坑區,阿柔坑,大崙腳,70
深坑區,阿柔,,230,深坑區,阿柔坑,梘腳坑,79
深坑區,阿柔,,231,深坑區,阿柔坑,梘腳坑,38-9
深坑區,阿柔,,232,深坑區,阿柔坑,梘腳坑,78
深坑區,阿柔,,233,深坑區,阿柔坑,梘腳坑,77
深坑區,阿柔,,234,深坑區,阿柔坑,梘腳坑,74
深坑區,阿柔,,235,深坑區,阿柔坑,梘腳坑,38-8
深坑區,阿柔,,236,深坑區,阿柔坑,梘腳坑,76
深坑區,阿柔,,237,深坑區,阿柔坑,梘腳坑,38-7
深坑區,阿柔,,238,深坑區,阿柔坑,梘腳坑,75
深坑區,阿柔,,239,深坑區,阿柔坑,大崙腳,152
深坑區,阿柔,,240,深坑區,阿柔坑,大崙腳,167
深坑區,阿柔,,241,深坑區,阿柔坑,大崙腳,168
深坑區,阿柔,,242,深坑區,阿柔坑,大崙腳,164
深坑區,阿柔,,243,深坑區,阿柔坑,大崙腳,9-4
深坑區,阿柔,,245,深坑區,阿柔坑,大崙腳,153
深坑區,阿柔,,246,深坑區,阿柔坑,大崙腳,9-3
深坑區,阿柔,,247,深坑區,阿柔坑,大崙腳,166
深坑區,阿柔,,248,深坑區,阿柔坑,大崙腳,165
深坑區,阿柔,,249,深坑區,阿柔坑,大崙腳,9-2
深坑區,阿柔,,25,深坑區,阿柔坑,大崙腳,71-2
深坑區,阿柔,,250,深坑區,阿柔坑,大崙腳,8-10
深坑區,阿柔,,251,深坑區,阿柔坑,大崙腳,151
深坑區,阿柔,,252,深坑區,阿柔坑,大崙腳,8-9
深坑區,阿柔,,253,深坑區,阿柔坑,大崙腳,9-5
深坑區,阿柔,,254,深坑區,阿柔坑,大崙腳,4-2
深坑區,阿柔,,255,深坑區,阿柔坑,大崙腳,154
深坑區,阿柔,,256,深坑區,阿柔坑,大崙腳,155
深坑區,阿柔,,257,深坑區,阿柔坑,大崙腳,157
深坑區,阿柔,,258,深坑區,阿柔坑,大崙腳,156
深坑區,阿柔,,259,深坑區,阿柔坑,大崙腳,8
深坑區,阿柔,,26,深坑區,阿柔坑,大崙腳,71-1
深坑區,阿柔,,260,深坑區,阿柔坑,大崙腳,9
深坑區,阿柔,,261,深坑區,阿柔坑,大崙腳,9-1
深坑區,阿柔,,262,深坑區,阿柔坑,大崙腳,141
深坑區,阿柔,,263,深坑區,阿柔坑,大崙腳,140
深坑區,阿柔,,264,深坑區,阿柔坑,大崙腳,15-1
深坑區,阿柔,,265,深坑區,阿柔坑,大崙腳,10
深坑區,阿柔,,266,深坑區,阿柔坑,大崙腳,10-1
深坑區,阿柔,,267,深坑區,阿柔坑,大崙腳,10-2
深坑區,阿柔,,268,深坑區,阿柔坑,大崙腳,12
深坑區,阿柔,,269,深坑區,阿柔坑,大崙腳,11
深坑區,阿柔,,27,深坑區,阿柔坑,大崙腳,71-6
深坑區,阿柔,,270,深坑區,阿柔坑,大崙腳,13
深坑區,阿柔,,271,深坑區,阿柔坑,大崙腳,15
深坑區,阿柔,,272,深坑區,阿柔坑,大崙腳,12-1
深坑區,阿柔,,273,深坑區,阿柔坑,大崙腳,139
深坑區,阿柔,,275,深坑區,阿柔坑,大崙腳,136
深坑區,阿柔,,276,深坑區,阿柔坑,大崙腳,137
深坑區,阿柔,,277,深坑區,阿柔坑,大崙腳,24
深坑區,阿柔,,278,深坑區,阿柔坑,大崙腳,138
深坑區,阿柔,,279,深坑區,阿柔坑,大崙腳,7
深坑區,阿柔,,28,深坑區,阿柔坑,大崙腳,129
深坑區,阿柔,,280,深坑區,阿柔坑,大崙腳,145
深坑區,阿柔,,281,深坑區,阿柔坑,大崙腳,6-1
深坑區,阿柔,,282,深坑區,阿柔坑,大崙腳,6
深坑區,阿柔,,283,深坑區,阿柔坑,大崙腳,5
深坑區,阿柔,,284,深坑區,阿柔坑,大崙腳,4
深坑區,阿柔,,285,深坑區,阿柔坑,大崙腳,3-2
深坑區,阿柔,,286,深坑區,阿柔坑,大崙腳,6-2
深坑區,阿柔,,287,深坑區,阿柔坑,大崙腳,3
深坑區,阿柔,,288,深坑區,阿柔坑,大崙腳,2
深坑區,阿柔,,289,深坑區,阿柔坑,大崙腳,1
深坑區,阿柔,,29,深坑區,阿柔坑,大崙腳,67-2
深坑區,阿柔,,290,深坑區,阿柔坑,大崙腳,1-3
深坑區,阿柔,,291,深坑區,阿柔坑,大崙腳,1-1
深坑區,阿柔,,293,深坑區,阿柔坑,大崙腳,32
深坑區,阿柔,,295,深坑區,阿柔坑,大崙腳,1-5
深坑區,阿柔,,296,深坑區,阿柔坑,大崙腳,1-4
深坑區,阿柔,,297,深坑區,阿柔坑,大崙腳,1-2
深坑區,阿柔,,298,深坑區,阿柔坑,阿柔洋,64-19
深坑區,阿柔,,299,深坑區,阿柔坑,大崙腳,2-1
深坑區,阿柔,,3,深坑區,阿柔坑,大崙腳,56
深坑區,阿柔,,30,深坑區,阿柔坑,大崙腳,71-3
深坑區,阿柔,,300,深坑區,阿柔坑,阿柔洋,64-20
深坑區,阿柔,,301,深坑區,阿柔坑,大崙腳,2-2
深坑區,阿柔,,302,深坑區,阿柔坑,大崙腳,2-3
深坑區,阿柔,,303,深坑區,阿柔坑,大崙腳,2-4
深坑區,阿柔,,304,深坑區,阿柔坑,阿柔洋,64-30
深坑區,阿柔,,305,深坑區,阿柔坑,大崙腳,8-3
深坑區,阿柔,,306,深坑區,阿柔坑,大崙腳,8-4
深坑區,阿柔,,307,深坑區,阿柔坑,大崙腳,8-2
深坑區,阿柔,,308,深坑區,阿柔坑,大崙腳,144
深坑區,阿柔,,309,深坑區,阿柔坑,大崙腳,143
深坑區,阿柔,,31,深坑區,阿柔坑,大崙腳,71-4
深坑區,阿柔,,310,深坑區,阿柔坑,大崙腳,146
深坑區,阿柔,,311,深坑區,阿柔坑,大崙腳,147
深坑區,阿柔,,312,深坑區,阿柔坑,大崙腳,8-1
深坑區,阿柔,,313,深坑區,阿柔坑,大崙腳,8-5
深坑區,阿柔,,314,深坑區,阿柔坑,大崙腳,148
深坑區,阿柔,,315,深坑區,阿柔坑,大崙腳,8-6
深坑區,阿柔,,316,深坑區,阿柔坑,大崙腳,149
深坑區,阿柔,,317,深坑區,阿柔坑,大崙腳,8-7
深坑區,阿柔,,318,深坑區,阿柔坑,大崙腳,150
深坑區,阿柔,,319,深坑區,阿柔坑,大崙腳,8-8
深坑區,阿柔,,32,深坑區,阿柔坑,大崙腳,128
深坑區,阿柔,,320,深坑區,阿柔坑,梘腳坑,24-9
深坑區,阿柔,,321,深坑區,阿柔坑,梘腳坑,93
深坑區,阿柔,,322,深坑區,阿柔坑,梘腳坑,24-4
深坑區,阿柔,,323,深坑區,阿柔坑,梘腳坑,24-11
深坑區,阿柔,,324,深坑區,阿柔坑,梘腳坑,24-10
深坑區,阿柔,,326,深坑區,阿柔坑,梘腳坑,43
深坑區,阿柔,,327,深坑區,阿柔坑,梘腳坑,24-1
深坑區,阿柔,,328,深坑區,阿柔坑,梘腳坑,24-2
深坑區,阿柔,,329,深坑區,阿柔坑,梘腳坑,24-3
深坑區,阿柔,,33,深坑區,阿柔坑,大崙腳,127
深坑區,阿柔,,330,深坑區,阿柔坑,梘腳坑,96
深坑區,阿柔,,331,深坑區,阿柔坑,梘腳坑,24-12
深坑區,阿柔,,332,深坑區,阿柔坑,梘腳坑,95
深坑區,阿柔,,333,深坑區,阿柔坑,梘腳坑,31
深坑區,阿柔,,334,深坑區,阿柔坑,梘腳坑,31-1
深坑區,阿柔,,335,深坑區,阿柔坑,梘腳坑,31-2
深坑區,阿柔,,336,深坑區,阿柔坑,梘腳坑,31-3
深坑區,阿柔,,337,深坑區,阿柔坑,梘腳坑,42-2
深坑區,阿柔,,338,深坑區,阿柔坑,梘腳坑,42-4
深坑區,阿柔,,339,深坑區,阿柔坑,梘腳坑,42-1
深坑區,阿柔,,34,深坑區,阿柔坑,大崙腳,125
深坑區,阿柔,,340,深坑區,阿柔坑,梘腳坑,94-1
深坑區,阿柔,,341,深坑區,阿柔坑,梘腳坑,42-5
深坑區,阿柔,,342,深坑區,阿柔坑,梘腳坑,42-3
深坑區,阿柔,,343,深坑區,阿柔坑,梘腳坑,94-2
深坑區,阿柔,,345,深坑區,阿柔坑,梘腳坑,94-3
深坑區,阿柔,,346,深坑區,阿柔坑,梘腳坑,36-1
深坑區,阿柔,,347,深坑區,阿柔坑,梘腳坑,33
深坑區,阿柔,,348,深坑區,阿柔坑,梘腳坑,32
深坑區,阿柔,,349,深坑區,阿柔坑,梘腳坑,33-1
深坑區,阿柔,,35,深坑區,阿柔坑,大崙腳,71-5
深坑區,阿柔,,350,深坑區,阿柔坑,梘腳坑,36
深坑區,阿柔,,351,深坑區,阿柔坑,梘腳坑,34
深坑區,阿柔,,352,深坑區,阿柔坑,梘腳坑,89
深坑區,阿柔,,353,深坑區,阿柔坑,梘腳坑,92
深坑區,阿柔,,354,深坑區,阿柔坑,梘腳坑,35
深坑區,阿柔,,355,深坑區,阿柔坑,梘腳坑,89-1
深坑區,阿柔,,356,深坑區,阿柔坑,梘腳坑,91
深坑區,阿柔,,357,深坑區,阿柔坑,梘腳坑,39-2
深坑區,阿柔,,358,深坑區,阿柔坑,梘腳坑,90
深坑區,阿柔,,359,深坑區,阿柔坑,梘腳坑,39-1
深坑區,阿柔,,36,深坑區,阿柔坑,大崙腳,124-1
深坑區,阿柔,,360,深坑區,阿柔坑,梘腳坑,85
深坑區,阿柔,,361,深坑區,阿柔坑,梘腳坑,86
深坑區,阿柔,,362,深坑區,阿柔坑,梘腳坑,87
深坑區,阿柔,,363,深坑區,阿柔坑,梘腳坑,88
深坑區,阿柔,,365,深坑區,阿柔坑,梘腳坑,94-6
深坑區,阿柔,,366,深坑區,阿柔坑,梘腳坑,94
深坑區,阿柔,,367,深坑區,阿柔坑,梘腳坑,94-5
深坑區,阿柔,,368,深坑區,阿柔坑,梘腳坑,94-12
深坑區,阿柔,,369,深坑區,阿柔坑,梘腳坑,37
深坑區,阿柔,,37,深坑區,阿柔坑,大崙腳,124
深坑區,阿柔,,370,深坑區,阿柔坑,梘腳坑,38-1
深坑區,阿柔,,371,深坑區,阿柔坑,梘腳坑,94-4
深坑區,阿柔,,372,深坑區,阿柔坑,梘腳坑,38
深坑區,阿柔,,373,深坑區,阿柔坑,梘腳坑,39
深坑區,阿柔,,375,深坑區,阿柔坑,梘腳坑,40-4
深坑區,阿柔,,376,深坑區,阿柔坑,梘腳坑,94-7
深坑區,阿柔,,377,深坑區,阿柔坑,梘腳坑,94-9
深坑區,阿柔,,378,深坑區,阿柔坑,梘腳坑,94-10
深坑區,阿柔,,379,深坑區,阿柔坑,梘腳坑,55-7
深坑區,阿柔,,38,深坑區,阿柔坑,大崙腳,72-1
深坑區,阿柔,,380,深坑區,阿柔坑,梘腳坑,94-8
深坑區,阿柔,,381,深坑區,阿柔坑,梘腳坑,40-3
深坑區,阿柔,,382,深坑區,阿柔坑,梘腳坑,40-2
深坑區,阿柔,,383,深坑區,阿柔坑,梘腳坑,40-1
深坑區,阿柔,,384,深坑區,阿柔坑,梘腳坑,40
深坑區,阿柔,,385,深坑區,阿柔坑,梘腳坑,41
深坑區,阿柔,,386,深坑區,阿柔坑,梘腳坑,41-1
深坑區,阿柔,,388,深坑區,阿柔坑,梘腳坑,114
深坑區,阿柔,,389,深坑區,阿柔坑,梘腳坑,115
深坑區,阿柔,,39,深坑區,阿柔坑,大崙腳,123
深坑區,阿柔,,390,深坑區,阿柔坑,梘腳坑,55-6
深坑區,阿柔,,391,深坑區,阿柔坑,梘腳坑,41-2
深坑區,阿柔,,392,深坑區,阿柔坑,梘腳坑,113-1
深坑區,阿柔,,393,深坑區,阿柔坑,梘腳坑,43-2
深坑區,阿柔,,394,深坑區,阿柔坑,梘腳坑,52-2
深坑區,阿柔,,395,深坑區,阿柔坑,梘腳坑,55-5
深坑區,阿柔,,396,深坑區,阿柔坑,梘腳坑,55-4
深坑區,阿柔,,397,深坑區,阿柔坑,梘腳坑,116-3
深坑區,阿柔,,398,深坑區,阿柔坑,梘腳坑,116-2
深坑區,阿柔,,399,深坑區,阿柔坑,梘腳坑,55-3
深坑區,阿柔,,4,深坑區,阿柔坑,大崙腳,47-4
深坑區,阿柔,,40,深坑區,阿柔坑,大崙腳,126
深坑區,阿柔,,400,深坑區,阿柔坑,梘腳坑,118
深坑區,阿柔,,401,深坑區,阿柔坑,梘腳坑,119
深坑區,阿柔,,402,深坑區,阿柔坑,梘腳坑,52
深坑區,阿柔,,403,深坑區,阿柔坑,梘腳坑,43-1
深坑區,阿柔,,405,深坑區,阿柔坑,梘腳坑,26-2
深坑區,阿柔,,406,深坑區,阿柔坑,梘腳坑,27
深坑區,阿柔,,407,深坑區,阿柔坑,梘腳坑,28-1
深坑區,阿柔,,408,深坑區,阿柔坑,梘腳坑,97
深坑區,阿柔,,409,深坑區,阿柔坑,梘腳坑,26
深坑區,阿柔,,41,深坑區,阿柔坑,大崙腳,118
深坑區,阿柔,,410,深坑區,阿柔坑,梘腳坑,26-1
深坑區,阿柔,,411,深坑區,阿柔坑,梘腳坑,25-1
深坑區,阿柔,,412,深坑區,阿柔坑,梘腳坑,24
深坑區,阿柔,,413,深坑區,阿柔坑,梘腳坑,24-6
深坑區,阿柔,,414,深坑區,阿柔坑,梘腳坑,24-5
深坑區,阿柔,,415,深坑區,阿柔坑,梘腳坑,24-7
深坑區,阿柔,,416,深坑區,阿柔坑,梘腳坑,24-8
深坑區,阿柔,,417,深坑區,阿柔坑,阿柔洋,64-6
深坑區,阿柔,,418,深坑區,阿柔坑,阿柔洋,64-5
深坑區,阿柔,,419,深坑區,阿柔坑,梘腳坑,23-3
深坑區,阿柔,,42,深坑區,阿柔坑,大崙腳,122
深坑區,阿柔,,420,深坑區,阿柔坑,梘腳坑,23-2
深坑區,阿柔,,421,深坑區,阿柔坑,梘腳坑,23-1
深坑區,阿柔,,422,深坑區,阿柔坑,梘腳坑,22-1
深坑區,阿柔,,423,深坑區,阿柔坑,梘腳坑,22
深坑區,阿柔,,424,深坑區,阿柔坑,梘腳坑,20-1
深坑區,阿柔,,425,深坑區,阿柔坑,梘腳坑,98
深坑區,阿柔,,426,深坑區,阿柔坑,梘腳坑,17
深坑區,阿柔,,427,深坑區,阿柔坑,梘腳坑,18-1
深坑區,阿柔,,428,深坑區,阿柔坑,梘腳坑,14-4
深坑區,阿柔,,429,深坑區,阿柔坑,梘腳坑,23-4
深坑區,阿柔,,43,深坑區,阿柔坑,大崙腳,122-1
深坑區,阿柔,,430,深坑區,阿柔坑,阿柔洋,64-7
深坑區,阿柔,,431,深坑區,阿柔坑,阿柔洋,64-3
深坑區,阿柔,,432,深坑區,阿柔坑,阿柔洋,64-8
深坑區,阿柔,,433,深坑區,阿柔坑,阿柔洋,64-4
深坑區,阿柔,,434,深坑區,阿柔坑,阿柔洋,64-9
深坑區,阿柔,,435,深坑區,阿柔坑,阿柔洋,64-18
深坑區,阿柔,,436,深坑區,阿柔坑,阿柔洋,64-2
深坑區,阿柔,,437,深坑區,阿柔坑,阿柔洋,64-17
深坑區,阿柔,,438,深坑區,阿柔坑,阿柔洋,64-15
深坑區,阿柔,,439,深坑區,阿柔坑,阿柔洋,64-14
深坑區,阿柔,,440,深坑區,阿柔坑,阿柔洋,64-13
深坑區,阿柔,,441,深坑區,阿柔坑,阿柔洋,64
深坑區,阿柔,,442,深坑區,阿柔坑,阿柔洋,63-4
深坑區,阿柔,,443,深坑區,阿柔坑,阿柔洋,63
深坑區,阿柔,,444,深坑區,阿柔坑,阿柔洋,64-32
深坑區,阿柔,,445,深坑區,阿柔坑,阿柔洋,71-2
深坑區,阿柔,,446,深坑區,阿柔坑,梘腳坑,112
深坑區,阿柔,,447,深坑區,阿柔坑,梘腳坑,111
深坑區,阿柔,,448,深坑區,阿柔坑,梘腳坑,110
深坑區,阿柔,,449,深坑區,阿柔坑,梘腳坑,109
深坑區,阿柔,,450,深坑區,阿柔坑,阿柔洋,63-3
深坑區,阿柔,,451,深坑區,阿柔坑,阿柔洋,63-2
深坑區,阿柔,,452,深坑區,阿柔坑,阿柔洋,63-5
深坑區,阿柔,,453,深坑區,阿柔坑,阿柔洋,64-12
深坑區,阿柔,,454,深坑區,阿柔坑,阿柔洋,64-11
深坑區,阿柔,,455,深坑區,阿柔坑,大崙腳,142
深坑區,阿柔,,456,深坑區,阿柔坑,阿柔洋,70-6
深坑區,阿柔,,457,深坑區,阿柔坑,阿柔洋,70-5
深坑區,阿柔,,458,深坑區,阿柔坑,阿柔洋,70-7
深坑區,阿柔,,459,深坑區,阿柔坑,阿柔洋,64-1
深坑區,阿柔,,460,深坑區,阿柔坑,阿柔洋,64-10
深坑區,阿柔,,461,深坑區,阿柔坑,阿柔洋,71-1
深坑區,阿柔,,462,深坑區,阿柔坑,梘腳坑,64
深坑區,阿柔,,463,深坑區,阿柔坑,梘腳坑,3
深坑區,阿柔,,465,深坑區,阿柔坑,梘腳坑,2
深坑區,阿柔,,466,深坑區,阿柔坑,梘腳坑,4
深坑區,阿柔,,467,深坑區,阿柔坑,梘腳坑,5-2
深坑區,阿柔,,468,深坑區,阿柔坑,梘腳坑,5
深坑區,阿柔,,469,深坑區,阿柔坑,梘腳坑,5-3
深坑區,阿柔,,470,深坑區,阿柔坑,梘腳坑,8
深坑區,阿柔,,471,深坑區,阿柔坑,梘腳坑,5-1
深坑區,阿柔,,472,深坑區,阿柔坑,梘腳坑,65-1
深坑區,阿柔,,473,深坑區,阿柔坑,梘腳坑,65
深坑區,阿柔,,474,深坑區,阿柔坑,梘腳坑,108
深坑區,阿柔,,475,深坑區,阿柔坑,梘腳坑,107
深坑區,阿柔,,476,深坑區,阿柔坑,梘腳坑,13
深坑區,阿柔,,477,深坑區,阿柔坑,梘腳坑,66
深坑區,阿柔,,478,深坑區,阿柔坑,梘腳坑,66-1
深坑區,阿柔,,479,深坑區,阿柔坑,梘腳坑,105
深坑區,阿柔,,48,深坑區,阿柔坑,大崙腳,81
深坑區,阿柔,,480,深坑區,阿柔坑,梘腳坑,104
深坑區,阿柔,,481,深坑區,阿柔坑,梘腳坑,67
深坑區,阿柔,,482,深坑區,阿柔坑,梘腳坑,106
深坑區,阿柔,,483,深坑區,阿柔坑,梘腳坑,14-1
深坑區,阿柔,,484,深坑區,阿柔坑,梘腳坑,101
深坑區,阿柔,,485,深坑區,阿柔坑,梘腳坑,14
深坑區,阿柔,,486,深坑區,阿柔坑,梘腳坑,103
深坑區,阿柔,,488,深坑區,阿柔坑,梘腳坑,9
深坑區,阿柔,,489,深坑區,阿柔坑,梘腳坑,10
深坑區,阿柔,,490,深坑區,阿柔坑,梘腳坑,11
深坑區,阿柔,,491,深坑區,阿柔坑,梘腳坑,102
深坑區,阿柔,,492,深坑區,阿柔坑,梘腳坑,15
深坑區,阿柔,,493,深坑區,阿柔坑,梘腳坑,14-3
深坑區,阿柔,,494,深坑區,阿柔坑,梘腳坑,15-1
深坑區,阿柔,,495,深坑區,阿柔坑,梘腳坑,12
深坑區,阿柔,,496,深坑區,阿柔坑,梘腳坑,11-1
深坑區,阿柔,,497,深坑區,阿柔坑,梘腳坑,17-1
深坑區,阿柔,,498,深坑區,阿柔坑,梘腳坑,100
深坑區,阿柔,,499,深坑區,阿柔坑,梘腳坑,14-2
深坑區,阿柔,,5,深坑區,阿柔坑,大崙腳,57
深坑區,阿柔,,50,深坑區,阿柔坑,大崙腳,82
深坑區,阿柔,,500,深坑區,阿柔坑,梘腳坑,99
深坑區,阿柔,,501,深坑區,阿柔坑,梘腳坑,113
深坑區,阿柔,,502,深坑區,阿柔坑,梘腳坑,51
深坑區,阿柔,,503,深坑區,阿柔坑,梘腳坑,52-1
深坑區,阿柔,,504,深坑區,阿柔坑,梘腳坑,120
深坑區,阿柔,,505,深坑區,阿柔坑,梘腳坑,118-1
深坑區,阿柔,,506,深坑區,阿柔坑,梘腳坑,68-1
深坑區,阿柔,,507,深坑區,阿柔坑,梘腳坑,68
深坑區,阿柔,,508,深坑區,阿柔坑,梘腳坑,55-1
深坑區,阿柔,,509,深坑區,阿柔坑,梘腳坑,55
深坑區,阿柔,,51,深坑區,阿柔坑,大崙腳,171-1
深坑區,阿柔,,510,深坑區,阿柔坑,梘腳坑,116
深坑區,阿柔,,511,深坑區,阿柔坑,梘腳坑,116-1
深坑區,阿柔,,512,深坑區,阿柔坑,梘腳坑,54
深坑區,阿柔,,513,深坑區,阿柔坑,梘腳坑,53-2
深坑區,阿柔,,515,深坑區,阿柔坑,梘腳坑,53-1
深坑區,阿柔,,516,深坑區,阿柔坑,梘腳坑,121
深坑區,阿柔,,517,深坑區,阿柔坑,梘腳坑,122
深坑區,阿柔,,518,深坑區,阿柔坑,梘腳坑,53
深坑區,阿柔,,519,深坑區,阿柔坑,梘腳坑,47-3
深坑區,阿柔,,52,深坑區,阿柔坑,大崙腳,83-4
深坑區,阿柔,,520,深坑區,阿柔坑,梘腳坑,47-1
深坑區,阿柔,,521,深坑區,阿柔坑,梘腳坑,113-2
深坑區,阿柔,,522,深坑區,阿柔坑,梘腳坑,44
深坑區,阿柔,,523,深坑區,阿柔坑,梘腳坑,47-2
深坑區,阿柔,,524,深坑區,阿柔坑,梘腳坑,47
深坑區,阿柔,,525,深坑區,阿柔坑,梘腳坑,46
深坑區,阿柔,,526,深坑區,阿柔坑,梘腳坑,45
深坑區,阿柔,,527,深坑區,阿柔坑,梘腳坑,1-1
深坑區,阿柔,,528,深坑區,阿柔坑,阿柔洋,127-1
深坑區,阿柔,,529,深坑區,阿柔坑,梘腳坑,1
深坑區,阿柔,,53,深坑區,阿柔坑,大崙腳,83-3
深坑區,阿柔,,531,深坑區,阿柔坑,阿柔洋,71-3
深坑區,阿柔,,532,深坑區,阿柔坑,阿柔洋,71
深坑區,阿柔,,533,深坑區,阿柔坑,阿柔洋,128
深坑區,阿柔,,534,深坑區,阿柔坑,阿柔洋,130
深坑區,阿柔,,535,深坑區,阿柔坑,阿柔洋,133
深坑區,阿柔,,536,深坑區,阿柔坑,阿柔洋,127
深坑區,阿柔,,537,深坑區,阿柔坑,阿柔洋,138-10
深坑區,阿柔,,538,深坑區,阿柔坑,阿柔洋,133-1
深坑區,阿柔,,539,深坑區,阿柔坑,阿柔洋,138-20
深坑區,阿柔,,540,深坑區,阿柔坑,阿柔洋,138-11
深坑區,阿柔,,541,深坑區,阿柔坑,阿柔洋,127-2
深坑區,阿柔,,542,深坑區,阿柔坑,阿柔洋,135-1
深坑區,阿柔,,543,深坑區,阿柔坑,阿柔洋,138-12
深坑區,阿柔,,544,深坑區,阿柔坑,阿柔洋,71-11
深坑區,阿柔,,545,深坑區,阿柔坑,阿柔洋,71-9
深坑區,阿柔,,546,深坑區,阿柔坑,梘腳坑,1-4
深坑區,阿柔,,547,深坑區,阿柔坑,梘腳坑,1-3
深坑區,阿柔,,548,深坑區,阿柔坑,阿柔洋,138-4
深坑區,阿柔,,549,深坑區,阿柔坑,阿柔洋,138-6
深坑區,阿柔,,55,深坑區,阿柔坑,大崙腳,83-2
深坑區,阿柔,,550,深坑區,阿柔坑,阿柔洋,138-1
深坑區,阿柔,,551,深坑區,阿柔坑,阿柔洋,138-7
深坑區,阿柔,,552,深坑區,阿柔坑,阿柔洋,138-5
深坑區,阿柔,,553,深坑區,阿柔坑,阿柔洋,137
深坑區,阿柔,,554,深坑區,阿柔坑,阿柔洋,136-4
深坑區,阿柔,,555,深坑區,阿柔坑,阿柔洋,136
深坑區,阿柔,,556,深坑區,阿柔坑,阿柔洋,136-3
深坑區,阿柔,,557,深坑區,阿柔坑,阿柔洋,136-1
深坑區,阿柔,,558,深坑區,阿柔坑,阿柔洋,150-1
深坑區,阿柔,,559,深坑區,阿柔坑,阿柔洋,190-5
深坑區,阿柔,,56,深坑區,阿柔坑,大崙腳,85
深坑區,阿柔,,560,深坑區,阿柔坑,阿柔洋,160-3
深坑區,阿柔,,561,深坑區,阿柔坑,阿柔洋,160
深坑區,阿柔,,562,深坑區,阿柔坑,阿柔洋,162
深坑區,阿柔,,563,深坑區,阿柔坑,阿柔洋,190-6
深坑區,阿柔,,564,深坑區,阿柔坑,阿柔洋,190
深坑區,阿柔,,565,深坑區,阿柔坑,阿柔洋,190-2
深坑區,阿柔,,566,深坑區,阿柔坑,阿柔洋,190-3
深坑區,阿柔,,567,深坑區,阿柔坑,阿柔洋,190-1
深坑區,阿柔,,568,深坑區,阿柔坑,阿柔洋,136-2
深坑區,阿柔,,569,深坑區,阿柔坑,阿柔洋,190-4
深坑區,阿柔,,57,深坑區,阿柔坑,大崙腳,80
深坑區,阿柔,,570,深坑區,阿柔坑,梘腳坑,56-5
深坑區,阿柔,,571,深坑區,阿柔坑,梘腳坑,56-6
深坑區,阿柔,,572,深坑區,阿柔坑,梘腳坑,56-4
深坑區,阿柔,,573,深坑區,阿柔坑,梘腳坑,56-2
深坑區,阿柔,,575,深坑區,阿柔坑,梘腳坑,56
深坑區,阿柔,,576,深坑區,阿柔坑,梘腳坑,56-7
深坑區,阿柔,,577,深坑區,阿柔坑,梘腳坑,56-3
深坑區,阿柔,,578,深坑區,阿柔坑,阿柔洋,166-1
深坑區,阿柔,,579,深坑區,阿柔坑,梘腳坑,123
深坑區,阿柔,,58,深坑區,阿柔坑,大崙腳,80-1
深坑區,阿柔,,580,深坑區,阿柔坑,阿柔洋,166-9
深坑區,阿柔,,581,深坑區,阿柔坑,阿柔洋,162-1
深坑區,阿柔,,582,深坑區,阿柔坑,阿柔洋,173
深坑區,阿柔,,583,深坑區,阿柔坑,阿柔洋,173-2
深坑區,阿柔,,584,深坑區,阿柔坑,阿柔洋,166
深坑區,阿柔,,585,深坑區,阿柔坑,阿柔洋,166-8
深坑區,阿柔,,586,深坑區,阿柔坑,阿柔洋,166-6
深坑區,阿柔,,587,深坑區,阿柔坑,阿柔洋,166-7
深坑區,阿柔,,588,深坑區,阿柔坑,梘腳坑,123-1
深坑區,阿柔,,589,深坑區,阿柔坑,梘腳坑,124
深坑區,阿柔,,59,深坑區,阿柔坑,大崙腳,104
深坑區,阿柔,,590,深坑區,阿柔坑,梘腳坑,126-1
深坑區,阿柔,,591,深坑區,阿柔坑,梘腳坑,56-1
深坑區,阿柔,,592,深坑區,阿柔坑,梘腳坑,60
深坑區,阿柔,,593,深坑區,阿柔坑,梘腳坑,126
深坑區,阿柔,,594,深坑區,阿柔坑,梘腳坑,62-1
深坑區,阿柔,,595,深坑區,阿柔坑,梘腳坑,61-1
深坑區,阿柔,,596,深坑區,阿柔坑,梘腳坑,61
深坑區,阿柔,,597,深坑區,阿柔坑,梘腳坑,62
深坑區,阿柔,,6,深坑區,阿柔坑,大崙腳,57-1
深坑區,阿柔,,60,深坑區,阿柔坑,大崙腳,81-2
深坑區,阿柔,,600,深坑區,阿柔坑,阿柔洋,171-12
深坑區,阿柔,,601,深坑區,阿柔坑,阿柔洋,171-13
深坑區,阿柔,,602,深坑區,阿柔坑,阿柔洋,185-11
深坑區,阿柔,,603,深坑區,阿柔坑,阿柔洋,171-20
深坑區,阿柔,,604,深坑區,阿柔坑,阿柔洋,171-22
深坑區,阿柔,,605,深坑區,阿柔坑,阿柔洋,171-5
深坑區,阿柔,,606,深坑區,阿柔坑,阿柔洋,171-11
深坑區,阿柔,,607,深坑區,阿柔坑,阿柔洋,185-5
深坑區,阿柔,,608,深坑區,阿柔坑,阿柔洋,185-7
深坑區,阿柔,,609,深坑區,阿柔坑,阿柔洋,185-6
深坑區,阿柔,,61,深坑區,阿柔坑,大崙腳,104-2
深坑區,阿柔,,610,深坑區,阿柔坑,阿柔洋,185-2
深坑區,阿柔,,611,深坑區,阿柔坑,阿柔洋,185-10
深坑區,阿柔,,612,深坑區,阿柔坑,阿柔洋,185-9
深坑區,阿柔,,613,深坑區,阿柔坑,阿柔洋,171-14
深坑區,阿柔,,614,深坑區,阿柔坑,阿柔洋,171-3
深坑區,阿柔,,615,深坑區,阿柔坑,阿柔洋,171-8
深坑區,阿柔,,616,深坑區,阿柔坑,阿柔洋,171-10
深坑區,阿柔,,617,深坑區,阿柔坑,阿柔洋,171-9
深坑區,阿柔,,618,深坑區,阿柔坑,阿柔洋,171-4
深坑區,阿柔,,619,深坑區,阿柔坑,阿柔洋,171-2
深坑區,阿柔,,62,深坑區,阿柔坑,大崙腳,100
深坑區,阿柔,,620,深坑區,阿柔坑,阿柔洋,171-6
深坑區,阿柔,,621,深坑區,阿柔坑,阿柔洋,171-15
深坑區,阿柔,,622,深坑區,阿柔坑,阿柔洋,171-16
深坑區,阿柔,,623,深坑區,阿柔坑,阿柔洋,177-1
深坑區,阿柔,,624,深坑區,阿柔坑,阿柔洋,177-2
深坑區,阿柔,,625,深坑區,阿柔坑,阿柔洋,171-1
深坑區,阿柔,,626,深坑區,阿柔坑,阿柔洋,171
深坑區,阿柔,,627,深坑區,阿柔坑,阿柔洋,171-18
深坑區,阿柔,,628,深坑區,阿柔坑,阿柔洋,171-7
深坑區,阿柔,,629,深坑區,阿柔坑,阿柔洋,166-5
深坑區,阿柔,,63,深坑區,阿柔坑,大崙腳,81-1
深坑區,阿柔,,630,深坑區,阿柔坑,阿柔洋,166-4
深坑區,阿柔,,631,深坑區,阿柔坑,阿柔洋,166-3
深坑區,阿柔,,632,深坑區,阿柔坑,阿柔洋,166-2
深坑區,阿柔,,633,深坑區,阿柔坑,梘腳坑,125
深坑區,阿柔,,634,深坑區,阿柔坑,梘腳坑,126-2
深坑區,阿柔,,635,深坑區,阿柔坑,阿柔洋,177
深坑區,阿柔,,636,深坑區,阿柔坑,阿柔洋,173-1
深坑區,阿柔,,637,深坑區,阿柔坑,阿柔洋,179-1
深坑區,阿柔,,638,深坑區,阿柔坑,阿柔洋,179
深坑區,阿柔,,639,深坑區,阿柔坑,阿柔洋,178
深坑區,阿柔,,640,深坑區,阿柔坑,阿柔洋,180
深坑區,阿柔,,641,深坑區,阿柔坑,阿柔洋,179-2
深坑區,阿柔,,642,深坑區,阿柔坑,阿柔洋,185-3
深坑區,阿柔,,643,深坑區,阿柔坑,阿柔洋,181
深坑區,阿柔,,644,深坑區,阿柔坑,阿柔洋,180-1
深坑區,阿柔,,645,深坑區,阿柔坑,阿柔洋,182-1
深坑區,阿柔,,646,深坑區,阿柔坑,阿柔洋,185-1
深坑區,阿柔,,647,深坑區,阿柔坑,阿柔洋,171-17
深坑區,阿柔,,648,深坑區,阿柔坑,阿柔洋,185
深坑區,阿柔,,649,深坑區,阿柔坑,阿柔洋,171-19
深坑區,阿柔,,65,深坑區,阿柔坑,大崙腳,87
深坑區,阿柔,,650,深坑區,阿柔坑,阿柔洋,182-4
深坑區,阿柔,,651,深坑區,阿柔坑,阿柔洋,186-11
深坑區,阿柔,,652,深坑區,阿柔坑,阿柔洋,182-3
深坑區,阿柔,,653,深坑區,阿柔坑,阿柔洋,186-3
深坑區,阿柔,,654,深坑區,阿柔坑,阿柔洋,186-1
深坑區,阿柔,,655,深坑區,阿柔坑,阿柔洋,186-2
深坑區,阿柔,,656,深坑區,阿柔坑,阿柔洋,182-2
深坑區,阿柔,,657,深坑區,阿柔坑,阿柔洋,184-2
深坑區,阿柔,,658,深坑區,阿柔坑,阿柔洋,186-9
深坑區,阿柔,,659,深坑區,阿柔坑,阿柔洋,184-12
深坑區,阿柔,,66,深坑區,阿柔坑,大崙腳,85-2
深坑區,阿柔,,660,深坑區,阿柔坑,阿柔洋,184-13
深坑區,阿柔,,661,深坑區,阿柔坑,阿柔洋,182
深坑區,阿柔,,662,深坑區,阿柔坑,阿柔洋,184-1
深坑區,阿柔,,663,深坑區,阿柔坑,阿柔洋,184-8
深坑區,阿柔,,664,深坑區,阿柔坑,阿柔洋,184-7
深坑區,阿柔,,665,深坑區,阿柔坑,阿柔洋,183-1
深坑區,阿柔,,666,深坑區,阿柔坑,阿柔洋,183-2
深坑區,阿柔,,667,深坑區,阿柔坑,阿柔洋,165-2
深坑區,阿柔,,668,深坑區,阿柔坑,阿柔洋,165-5
深坑區,阿柔,,669,深坑區,阿柔坑,阿柔洋,165-4
深坑區,阿柔,,67,深坑區,阿柔坑,大崙腳,88-1
深坑區,阿柔,,670,深坑區,阿柔坑,阿柔洋,165-3
深坑區,阿柔,,671,深坑區,阿柔坑,阿柔洋,164-4
深坑區,阿柔,,672,深坑區,阿柔坑,阿柔洋,184-6
深坑區,阿柔,,673,深坑區,阿柔坑,阿柔洋,184-5
深坑區,阿柔,,674,深坑區,阿柔坑,阿柔洋,184-14
深坑區,阿柔,,675,深坑區,阿柔坑,阿柔洋,165-6
深坑區,阿柔,,676,深坑區,阿柔坑,阿柔洋,183-3
深坑區,阿柔,,677,深坑區,阿柔坑,阿柔洋,165-7
深坑區,阿柔,,678,深坑區,阿柔坑,阿柔洋,164-3
深坑區,阿柔,,679,深坑區,阿柔坑,阿柔洋,163
深坑區,阿柔,,68,深坑區,阿柔坑,大崙腳,99
深坑區,阿柔,,680,深坑區,阿柔坑,阿柔洋,165
深坑區,阿柔,,681,深坑區,阿柔坑,阿柔洋,165-1
深坑區,阿柔,,682,深坑區,阿柔坑,阿柔洋,163-3
深坑區,阿柔,,683,深坑區,阿柔坑,阿柔洋,163-2
深坑區,阿柔,,684,深坑區,阿柔坑,阿柔洋,163-1
深坑區,阿柔,,685,深坑區,阿柔坑,阿柔洋,154-15
深坑區,阿柔,,686,深坑區,阿柔坑,阿柔洋,161-1
深坑區,阿柔,,687,深坑區,阿柔坑,阿柔洋,154-33
深坑區,阿柔,,688,深坑區,阿柔坑,阿柔洋,154-3
深坑區,阿柔,,689,深坑區,阿柔坑,阿柔洋,154-16
深坑區,阿柔,,69,深坑區,阿柔坑,大崙腳,100-2
深坑區,阿柔,,690,深坑區,阿柔坑,阿柔洋,154-4
深坑區,阿柔,,691,深坑區,阿柔坑,阿柔洋,154-14
深坑區,阿柔,,692,深坑區,阿柔坑,阿柔洋,184-4
深坑區,阿柔,,693,深坑區,阿柔坑,阿柔洋,154-13
深坑區,阿柔,,694,深坑區,阿柔坑,阿柔洋,154-12
深坑區,阿柔,,695,深坑區,阿柔坑,阿柔洋,154-11
深坑區,阿柔,,696,深坑區,阿柔坑,阿柔洋,184-9
深坑區,阿柔,,697,深坑區,阿柔坑,阿柔洋,184-10
深坑區,阿柔,,698,深坑區,阿柔坑,阿柔洋,184-11
深坑區,阿柔,,699,深坑區,阿柔坑,阿柔洋,184-3
深坑區,阿柔,,7,深坑區,阿柔坑,大崙腳,55
深坑區,阿柔,,70,深坑區,阿柔坑,大崙腳,100-1
深坑區,阿柔,,700,深坑區,阿柔坑,公館後,62
深坑區,阿柔,,701,深坑區,阿柔坑,公館後,63-1
深坑區,阿柔,,702,深坑區,阿柔坑,公館後,63
深坑區,阿柔,,703,深坑區,阿柔坑,公館後,64
深坑區,阿柔,,704,深坑區,阿柔坑,公館後,66
深坑區,阿柔,,705,深坑區,阿柔坑,公館後,65
深坑區,阿柔,,706,深坑區,阿柔坑,公館後,13
深坑區,阿柔,,707,深坑區,阿柔坑,公館後,14
深坑區,阿柔,,708,深坑區,阿柔坑,公館後,67
深坑區,阿柔,,709,深坑區,阿柔坑,公館後,15-1
深坑區,阿柔,,71,深坑區,阿柔坑,大崙腳,89-4
深坑區,阿柔,,710,深坑區,阿柔坑,公館後,67-1
深坑區,阿柔,,711,深坑區,阿柔坑,公館後,14-3
深坑區,阿柔,,712,深坑區,阿柔坑,公館後,14-1
深坑區,阿柔,,713,深坑區,阿柔坑,公館後,14-4
深坑區,阿柔,,714,深坑區,阿柔坑,公館後,14-2
深坑區,阿柔,,715,深坑區,阿柔坑,公館後,15
深坑區,阿柔,,716,深坑區,阿柔坑,公館後,15-2
深坑區,阿柔,,717,深坑區,阿柔坑,公館後,15-3
深坑區,阿柔,,718,深坑區,阿柔坑,公館後,68
深坑區,阿柔,,719,深坑區,阿柔坑,公館後,15-4
深坑區,阿柔,,72,深坑區,阿柔坑,大崙腳,98
深坑區,阿柔,,720,深坑區,阿柔坑,公館後,68-1
深坑區,阿柔,,721,深坑區,阿柔坑,阿柔洋,186-5
深坑區,阿柔,,722,深坑區,阿柔坑,阿柔洋,186-8
深坑區,阿柔,,723,深坑區,阿柔坑,阿柔洋,186-10
深坑區,阿柔,,724,深坑區,阿柔坑,阿柔洋,186-4
深坑區,阿柔,,725,深坑區,阿柔坑,阿柔洋,186-7
深坑區,阿柔,,726,深坑區,阿柔坑,阿柔洋,186-6
深坑區,阿柔,,727,深坑區,阿柔坑,阿柔洋,188-1
深坑區,阿柔,,728,深坑區,阿柔坑,公館後,69
深坑區,阿柔,,729,深坑區,阿柔坑,公館後,70
深坑區,阿柔,,73,深坑區,阿柔坑,大崙腳,89-3
深坑區,阿柔,,730,深坑區,阿柔坑,公館後,17
深坑區,阿柔,,731,深坑區,阿柔坑,公館後,18
深坑區,阿柔,,732,深坑區,阿柔坑,公館後,19-1
深坑區,阿柔,,733,深坑區,阿柔坑,公館後,19
深坑區,阿柔,,734,深坑區,阿柔坑,公館後,71
深坑區,阿柔,,735,深坑區,阿柔坑,公館後,72
深坑區,阿柔,,736,深坑區,阿柔坑,公館後,20
深坑區,阿柔,,737,深坑區,阿柔坑,公館後,73
深坑區,阿柔,,738,深坑區,阿柔坑,阿柔洋,186
深坑區,阿柔,,739,深坑區,阿柔坑,阿柔洋,187-1
深坑區,阿柔,,74,深坑區,阿柔坑,大崙腳,96
深坑區,阿柔,,740,深坑區,阿柔坑,阿柔洋,185-4
深坑區,阿柔,,741,深坑區,阿柔坑,阿柔洋,189
深坑區,阿柔,,742,深坑區,阿柔坑,阿柔洋,189-1
深坑區,阿柔,,743,深坑區,阿柔坑,公館後,24-1
深坑區,阿柔,,744,深坑區,阿柔坑,阿柔洋,188-2
深坑區,阿柔,,745,深坑區,阿柔坑,阿柔洋,186-12
深坑區,阿柔,,746,深坑區,阿柔坑,公館後,21
深坑區,阿柔,,747,深坑區,阿柔坑,公館後,74
深坑區,阿柔,,748,深坑區,阿柔坑,公館後,75
深坑區,阿柔,,749,深坑區,阿柔坑,公館後,76
深坑區,阿柔,,75,深坑區,阿柔坑,大崙腳,89
深坑區,阿柔,,750,深坑區,阿柔坑,公館後,76-1
深坑區,阿柔,,751,深坑區,阿柔坑,公館後,24-2
深坑區,阿柔,,752,深坑區,阿柔坑,公館後,77
深坑區,阿柔,,753,深坑區,阿柔坑,公館後,23
深坑區,阿柔,,754,深坑區,阿柔坑,公館後,24
深坑區,阿柔,,755,深坑區,阿柔坑,公館後,28-1
深坑區,阿柔,,756,深坑區,阿柔坑,公館後,28-2
深坑區,阿柔,,757,深坑區,阿柔坑,公館後,77-1
深坑區,阿柔,,758,深坑區,阿柔坑,公館後,78
深坑區,阿柔,,759,深坑區,阿柔坑,公館後,27
深坑區,阿柔,,76,深坑區,阿柔坑,大崙腳,89-1
深坑區,阿柔,,760,深坑區,阿柔坑,公館後,77-2
深坑區,阿柔,,761,深坑區,阿柔坑,公館後,26
深坑區,阿柔,,762,深坑區,阿柔坑,公館後,26-1
深坑區,阿柔,,763,深坑區,阿柔坑,公館後,80-1
深坑區,阿柔,,764,深坑區,阿柔坑,公館後,80-2
深坑區,阿柔,,765,深坑區,阿柔坑,公館後,80
深坑區,阿柔,,766,深坑區,阿柔坑,公館後,53-2
深坑區,阿柔,,767,深坑區,阿柔坑,公館後,79
深坑區,阿柔,,768,深坑區,阿柔坑,公館後,76-2
深坑區,阿柔,,769,深坑區,阿柔坑,公館後,53-4
深坑區,阿柔,,77,深坑區,阿柔坑,大崙腳,88
深坑區,阿柔,,770,深坑區,阿柔坑,公館後,53-1
深坑區,阿柔,,771,深坑區,阿柔坑,公館後,81
深坑區,阿柔,,772,深坑區,阿柔坑,公館後,84
深坑區,阿柔,,773,深坑區,阿柔坑,公館後,82
深坑區,阿柔,,774,深坑區,阿柔坑,公館後,83
深坑區,阿柔,,775,深坑區,阿柔坑,公館後,81-2
深坑區,阿柔,,776,深坑區,阿柔坑,公館後,85
深坑區,阿柔,,777,深坑區,阿柔坑,公館後,29
深坑區,阿柔,,778,深坑區,阿柔坑,公館後,37-1
深坑區,阿柔,,779,深坑區,阿柔坑,公館後,37-2
深坑區,阿柔,,78,深坑區,阿柔坑,大崙腳,94
深坑區,阿柔,,780,深坑區,阿柔坑,公館後,41
深坑區,阿柔,,781,深坑區,阿柔坑,公館後,42
深坑區,阿柔,,782,深坑區,阿柔坑,公館後,86
深坑區,阿柔,,783,深坑區,阿柔坑,公館後,92-2
深坑區,阿柔,,784,深坑區,阿柔坑,公館後,52
深坑區,阿柔,,785,深坑區,阿柔坑,公館後,87
深坑區,阿柔,,786,深坑區,阿柔坑,公館後,51-1
深坑區,阿柔,,787,深坑區,阿柔坑,公館後,51
深坑區,阿柔,,788,深坑區,阿柔坑,公館後,88
深坑區,阿柔,,789,深坑區,阿柔坑,公館後,51-2
深坑區,阿柔,,79,深坑區,阿柔坑,大崙腳,95
深坑區,阿柔,,790,深坑區,阿柔坑,公館後,89
深坑區,阿柔,,791,深坑區,阿柔坑,公館後,53
深坑區,阿柔,,792,深坑區,阿柔坑,公館後,90
深坑區,阿柔,,793,深坑區,阿柔坑,公館後,56
深坑區,阿柔,,794,深坑區,阿柔坑,公館後,55
深坑區,阿柔,,795,深坑區,阿柔坑,公館後,91
深坑區,阿柔,,796,深坑區,阿柔坑,公館後,92
深坑區,阿柔,,797,深坑區,阿柔坑,公館後,92-1
深坑區,阿柔,,798,深坑區,阿柔坑,公館後,93
深坑區,阿柔,,799,深坑區,阿柔坑,公館後,93-1
深坑區,阿柔,,8,深坑區,阿柔坑,大崙腳,53
深坑區,阿柔,,80,深坑區,阿柔坑,大崙腳,90-1
深坑區,阿柔,,800,深坑區,阿柔坑,公館後,50-1
深坑區,阿柔,,801,深坑區,阿柔坑,公館後,49-4
深坑區,阿柔,,802,深坑區,阿柔坑,公館後,95
深坑區,阿柔,,803,深坑區,阿柔坑,公館後,49-3
深坑區,阿柔,,804,深坑區,阿柔坑,公館後,49
深坑區,阿柔,,805,深坑區,阿柔坑,公館後,49-1
深坑區,阿柔,,806,深坑區,阿柔坑,公館後,48
深坑區,阿柔,,807,深坑區,阿柔坑,公館後,50
深坑區,阿柔,,808,深坑區,阿柔坑,公館後,46
深坑區,阿柔,,809,深坑區,阿柔坑,公館後,96
深坑區,阿柔,,81,深坑區,阿柔坑,大崙腳,90
深坑區,阿柔,,810,深坑區,阿柔坑,公館後,97
深坑區,阿柔,,811,深坑區,阿柔坑,公館後,98
深坑區,阿柔,,812,深坑區,阿柔坑,公館後,43
深坑區,阿柔,,813,深坑區,阿柔坑,公館後,40
深坑區,阿柔,,814,深坑區,阿柔坑,公館後,39
深坑區,阿柔,,815,深坑區,阿柔坑,公館後,101
深坑區,阿柔,,816,深坑區,阿柔坑,公館後,102
深坑區,阿柔,,817,深坑區,阿柔坑,公館後,37
深坑區,阿柔,,818,深坑區,阿柔坑,公館後,103
深坑區,阿柔,,819,深坑區,阿柔坑,公館後,36-2
深坑區,阿柔,,82,深坑區,阿柔坑,大崙腳,97
深坑區,阿柔,,820,深坑區,阿柔坑,公館後,99-3
深坑區,阿柔,,821,深坑區,阿柔坑,公館後,36-3
深坑區,阿柔,,822,深坑區,阿柔坑,公館後,99
深坑區,阿柔,,823,深坑區,阿柔坑,公館後,35-1
深坑區,阿柔,,824,深坑區,阿柔坑,公館後,99-5
深坑區,阿柔,,825,深坑區,阿柔坑,公館後,100
深坑區,阿柔,,826,深坑區,阿柔坑,公館後,35-5
深坑區,阿柔,,827,深坑區,阿柔坑,公館後,35-6
深坑區,阿柔,,828,深坑區,阿柔坑,公館後,35-4
深坑區,阿柔,,829,深坑區,阿柔坑,公館後,99-2
深坑區,阿柔,,83,深坑區,阿柔坑,大崙腳,90-2
深坑區,阿柔,,830,深坑區,阿柔坑,公館後,99-4
深坑區,阿柔,,831,深坑區,阿柔坑,公館後,35-2
深坑區,阿柔,,832,深坑區,阿柔坑,公館後,35-3
深坑區,阿柔,,833,深坑區,阿柔坑,公館後,30-3
深坑區,阿柔,,834,深坑區,阿柔坑,公館後,99-1
深坑區,阿柔,,835,深坑區,阿柔坑,公館後,30-2
深坑區,阿柔,,836,深坑區,阿柔坑,公館後,35
深坑區,阿柔,,837,深坑區,阿柔坑,公館後,30-5
深坑區,阿柔,,838,深坑區,阿柔坑,公館後,30
深坑區,阿柔,,839,深坑區,阿柔坑,公館後,32
深坑區,阿柔,,84,深坑區,阿柔坑,大崙腳,89-5
深坑區,阿柔,,840,深坑區,阿柔坑,公館後,31
深坑區,阿柔,,841,深坑區,阿柔坑,公館後,104-2
深坑區,阿柔,,842,深坑區,阿柔坑,公館後,36-1
深坑區,阿柔,,843,深坑區,阿柔坑,公館後,104
深坑區,阿柔,,844,深坑區,阿柔坑,公館後,105
深坑區,阿柔,,845,深坑區,阿柔坑,公館後,32-2
深坑區,阿柔,,846,深坑區,阿柔坑,公館後,32-1
深坑區,阿柔,,847,深坑區,阿柔坑,公館後,106
深坑區,阿柔,,848,深坑區,阿柔坑,公館後,81-1
深坑區,阿柔,,849,深坑區,阿柔坑,公館後,30-4
深坑區,阿柔,,85,深坑區,阿柔坑,大崙腳,101
深坑區,阿柔,,850,深坑區,阿柔坑,公館後,30-1
深坑區,阿柔,,851,深坑區,阿柔坑,公館後,104-1
深坑區,阿柔,,852,深坑區,阿柔坑,公館後,107-7
深坑區,阿柔,,853,深坑區,阿柔坑,公館後,16
深坑區,阿柔,,854,深坑區,阿柔坑,公館後,107
深坑區,阿柔,,855,深坑區,阿柔坑,公館後,107-8
深坑區,阿柔,,856,深坑區,阿柔坑,公館後,11-4
深坑區,阿柔,,857,深坑區,阿柔坑,公館後,107-1
深坑區,阿柔,,858,深坑區,阿柔坑,公館後,11-5
深坑區,阿柔,,859,深坑區,阿柔坑,公館後,124
深坑區,阿柔,,86,深坑區,阿柔坑,大崙腳,85-1
深坑區,阿柔,,860,深坑區,阿柔坑,公館後,11-3
深坑區,阿柔,,861,深坑區,阿柔坑,公館後,123
深坑區,阿柔,,862,深坑區,阿柔坑,公館後,11-8
深坑區,阿柔,,863,深坑區,阿柔坑,公館後,122
深坑區,阿柔,,864,深坑區,阿柔坑,公館後,11-7
深坑區,阿柔,,865,深坑區,阿柔坑,公館後,120-1
深坑區,阿柔,,866,深坑區,阿柔坑,公館後,11-6
深坑區,阿柔,,867,深坑區,阿柔坑,公館後,107-5
深坑區,阿柔,,868,深坑區,阿柔坑,公館後,11
深坑區,阿柔,,869,深坑區,阿柔坑,公館後,120
深坑區,阿柔,,870,深坑區,阿柔坑,公館後,125
深坑區,阿柔,,871,深坑區,阿柔坑,公館後,127-3
深坑區,阿柔,,872,深坑區,阿柔坑,公館後,128-2
深坑區,阿柔,,873,深坑區,阿柔坑,公館後,129-5
深坑區,阿柔,,874,深坑區,阿柔坑,公館後,130
深坑區,阿柔,,875,深坑區,阿柔坑,公館後,118-3
深坑區,阿柔,,876,深坑區,阿柔坑,公館後,107-6
深坑區,阿柔,,877,深坑區,阿柔坑,公館後,11-2
深坑區,阿柔,,878,深坑區,阿柔坑,公館後,119
深坑區,阿柔,,879,深坑區,阿柔坑,公館後,121
深坑區,阿柔,,88,深坑區,阿柔坑,大崙腳,86
深坑區,阿柔,,880,深坑區,阿柔坑,公館後,107-2
深坑區,阿柔,,881,深坑區,阿柔坑,公館後,108
深坑區,阿柔,,882,深坑區,阿柔坑,公館後,110
深坑區,阿柔,,883,深坑區,阿柔坑,公館後,109
深坑區,阿柔,,884,深坑區,阿柔坑,公館後,113-1
深坑區,阿柔,,885,深坑區,阿柔坑,公館後,113
深坑區,阿柔,,886,深坑區,阿柔坑,公館後,113-4
深坑區,阿柔,,887,深坑區,阿柔坑,公館後,126
深坑區,阿柔,,888,深坑區,阿柔坑,公館後,113-2
深坑區,阿柔,,889,深坑區,阿柔坑,公館後,113-3
深坑區,阿柔,,89,深坑區,阿柔坑,大崙腳,89-2
深坑區,阿柔,,890,深坑區,阿柔坑,公館後,114
深坑區,阿柔,,891,深坑區,阿柔坑,公館後,116
深坑區,阿柔,,892,深坑區,阿柔坑,公館後,117
深坑區,阿柔,,893,深坑區,阿柔坑,公館後,6-1
深坑區,阿柔,,894,深坑區,阿柔坑,公館後,5-1
深坑區,阿柔,,895,深坑區,阿柔坑,公館後,6-2
深坑區,阿柔,,896,深坑區,阿柔坑,公館後,6
深坑區,阿柔,,897,深坑區,阿柔坑,公館後,115
深坑區,阿柔,,898,深坑區,阿柔坑,公館後,113-5
深坑區,阿柔,,899,深坑區,阿柔坑,公館後,5
深坑區,阿柔,,9,深坑區,阿柔坑,大崙腳,65-1
深坑區,阿柔,,90,深坑區,阿柔坑,大崙腳,92-1
深坑區,阿柔,,900,深坑區,阿柔坑,公館後,4-7
深坑區,阿柔,,901,深坑區,阿柔坑,公館後,1-3
深坑區,阿柔,,902,深坑區,阿柔坑,公館後,1
深坑區,阿柔,,903,深坑區,阿柔坑,公館後,7-1
深坑區,阿柔,,904,深坑區,阿柔坑,公館後,7
深坑區,阿柔,,905,深坑區,阿柔坑,公館後,112
深坑區,阿柔,,906,深坑區,阿柔坑,公館後,111
深坑區,阿柔,,907,深坑區,阿柔坑,公館後,1-13
深坑區,阿柔,,908,深坑區,阿柔坑,公館後,9-2
深坑區,阿柔,,909,深坑區,阿柔坑,公館後,9-1
深坑區,阿柔,,91,深坑區,阿柔坑,大崙腳,92-2
深坑區,阿柔,,910,深坑區,阿柔坑,公館後,9
深坑區,阿柔,,911,深坑區,阿柔坑,公館後,10
深坑區,阿柔,,912,深坑區,阿柔坑,公館後,57-1
深坑區,阿柔,,913,深坑區,阿柔坑,公館後,10-1
深坑區,阿柔,,914,深坑區,阿柔坑,公館後,10-2
深坑區,阿柔,,915,深坑區,阿柔坑,公館後,107-4
深坑區,阿柔,,916,深坑區,阿柔坑,公館後,11-1
深坑區,阿柔,,917,深坑區,阿柔坑,公館後,11-9
深坑區,阿柔,,918,深坑區,阿柔坑,公館後,107-3
深坑區,阿柔,,92,深坑區,阿柔坑,大崙腳,92
深坑區,阿柔,,920,深坑區,阿柔坑,公館後,45
深坑區,阿柔,,921,深坑區,阿柔坑,公館後,94
深坑區,阿柔,,922,深坑區,阿柔坑,梘腳坑,1-2
深坑區,阿柔,,923,深坑區,阿柔坑,阿柔洋,138
深坑區,阿柔,,924,深坑區,阿柔坑,阿柔洋,166-10
深坑區,阿柔,,925,深坑區,阿柔坑,阿柔洋,185-8
深坑區,阿柔,,926,深坑區,阿柔坑,公館後,77-3
深坑區,阿柔,,927,深坑區,阿柔坑,公館後,81-3
深坑區,阿柔,,928,深坑區,阿柔坑,大崙腳,36
深坑區,阿柔,,930,深坑區,阿柔坑,大崙腳,88-2
深坑區,阿柔,,931,深坑區,阿柔坑,梘腳坑,89-2
深坑區,阿柔,,933,深坑區,阿柔坑,梘腳坑,36-8
深坑區,阿柔,,95,深坑區,阿柔坑,大崙腳,80-2
深坑區,阿柔,,96,深坑區,阿柔坑,大崙腳,102
深坑區,阿柔,,97,深坑區,阿柔坑,大崙腳,103
深坑區,阿柔,,98,深坑區,阿柔坑,大崙腳,104-1
深坑區,阿柔,,99,深坑區,阿柔坑,大崙腳,107
