districtNew,sectionNew,subsectionNew,landNumberNew,districtOld,sectionOld,subsectionOld,landNumberOld
雙溪區,南勢坑,,11,雙溪區,烏山,灣潭,128-12
雙溪區,南勢坑,,12,雙溪區,烏山,灣潭,128-1
雙溪區,南勢坑,,13,雙溪區,烏山,灣潭,128-13
雙溪區,南勢坑,,14,雙溪區,烏山,灣潭,128-14
雙溪區,南勢坑,,17,雙溪區,烏山,灣潭,128-21
雙溪區,南勢坑,,18,雙溪區,烏山,灣潭,128-20
雙溪區,南勢坑,,19,雙溪區,烏山,灣潭,128-7
雙溪區,南勢坑,,20,雙溪區,烏山,灣潭,128-19
雙溪區,南勢坑,,21,雙溪區,烏山,灣潭,128-6
雙溪區,南勢坑,,22,雙溪區,烏山,灣潭,128-5
雙溪區,南勢坑,,23,雙溪區,烏山,灣潭,128-8
雙溪區,南勢坑,,24,雙溪區,烏山,灣潭,128-18
雙溪區,南勢坑,,25,雙溪區,烏山,灣潭,128-9
雙溪區,南勢坑,,26,雙溪區,烏山,灣潭,128-3
雙溪區,南勢坑,,27,雙溪區,烏山,灣潭,128-4
雙溪區,南勢坑,,4,雙溪區,烏山,灣潭,125
雙溪區,南勢坑,,45,雙溪區,烏山,灣潭,128-2
雙溪區,南勢坑,,46,雙溪區,烏山,灣潭,128-11
雙溪區,南勢坑,,47,雙溪區,烏山,灣潭,128-16
雙溪區,南勢坑,,48,雙溪區,烏山,灣潭,128-15
雙溪區,南勢坑,,49,雙溪區,烏山,灣潭,128-10
雙溪區,南勢坑,,5,雙溪區,烏山,灣潭,125-1
雙溪區,南勢坑,,7,雙溪區,烏山,灣潭,127-1
雙溪區,南勢坑,,8,雙溪區,烏山,灣潭,127-2
雙溪區,南勢坑,,9,雙溪區,烏山,灣潭,128-17
雙溪區,新基,,1,雙溪區,雙溪,九分坑,213-6
雙溪區,新基,,10,雙溪區,雙溪,九分坑,213-4
雙溪區,新基,,100,雙溪區,雙溪,九分坑,304-13
雙溪區,新基,,1000,雙溪區,雙溪,雙溪,58-7
雙溪區,新基,,1001,雙溪區,雙溪,雙溪,59-16
雙溪區,新基,,1002,雙溪區,雙溪,雙溪,53-1
雙溪區,新基,,1003,雙溪區,雙溪,雙溪,53-4
雙溪區,新基,,1004,雙溪區,雙溪,雙溪,52
雙溪區,新基,,1005,雙溪區,雙溪,雙溪,6
雙溪區,新基,,1006,雙溪區,雙溪,雙溪,30-7
雙溪區,新基,,1007,雙溪區,雙溪,雙溪,28-101
雙溪區,新基,,1008,雙溪區,雙溪,雙溪,9
雙溪區,新基,,1009,雙溪區,雙溪,雙溪,1-5
雙溪區,新基,,101,雙溪區,雙溪,九分坑,220
雙溪區,新基,,1010,雙溪區,雙溪,雙溪,1-3
雙溪區,新基,,1011,雙溪區,雙溪,雙溪,1-6
雙溪區,新基,,1012,雙溪區,雙溪,雙溪,1-9
雙溪區,新基,,1013,雙溪區,雙溪,雙溪,7
雙溪區,新基,,1015,雙溪區,雙溪,雙溪,207-10
雙溪區,新基,,1016,雙溪區,雙溪,雙溪,207-11
雙溪區,新基,,1017,雙溪區,雙溪,雙溪,209-1
雙溪區,新基,,1019,雙溪區,雙溪,雙溪,209
雙溪區,新基,,102,雙溪區,雙溪,九分坑,220-1
雙溪區,新基,,1020,雙溪區,雙溪,雙溪,207-3
雙溪區,新基,,1021,雙溪區,雙溪,雙溪,1
雙溪區,新基,,1022,雙溪區,雙溪,雙溪,2
雙溪區,新基,,1023,雙溪區,雙溪,雙溪,1-10
雙溪區,新基,,1024,雙溪區,雙溪,雙溪,1-7
雙溪區,新基,,1025,雙溪區,雙溪,雙溪,1-8
雙溪區,新基,,1026,雙溪區,雙溪,雙溪,207-7
雙溪區,新基,,1027,雙溪區,雙溪,雙溪,207-2
雙溪區,新基,,1028,雙溪區,雙溪,雙溪,207
雙溪區,新基,,1029,雙溪區,雙溪,雙溪,207-8
雙溪區,新基,,103,雙溪區,雙溪,九分坑,220-7
雙溪區,新基,,1030,雙溪區,雙溪,雙溪,207-5
雙溪區,新基,,1031,雙溪區,雙溪,雙溪,207-6
雙溪區,新基,,1032,雙溪區,雙溪,九分坑,233-16
雙溪區,新基,,1034,雙溪區,雙溪,九分坑,233-6
雙溪區,新基,,1035,雙溪區,雙溪,九分坑,233-15
雙溪區,新基,,1036,雙溪區,雙溪,九分坑,233-4
雙溪區,新基,,1037,雙溪區,雙溪,雙溪,28-7
雙溪區,新基,,1038,雙溪區,雙溪,雙溪,28-38
雙溪區,新基,,1039,雙溪區,雙溪,雙溪,28-37
雙溪區,新基,,104,雙溪區,雙溪,九分坑,220-6
雙溪區,新基,,1040,雙溪區,雙溪,雙溪,28-29
雙溪區,新基,,1041,雙溪區,雙溪,雙溪,28-39
雙溪區,新基,,1042,雙溪區,雙溪,雙溪,28-6
雙溪區,新基,,1043,雙溪區,雙溪,雙溪,28-41
雙溪區,新基,,1044,雙溪區,雙溪,雙溪,28-4
雙溪區,新基,,1045,雙溪區,雙溪,雙溪,28-30
雙溪區,新基,,1046,雙溪區,雙溪,雙溪,28-40
雙溪區,新基,,1047,雙溪區,雙溪,雙溪,28-87
雙溪區,新基,,1048,雙溪區,雙溪,雙溪,1-1
雙溪區,新基,,1049,雙溪區,雙溪,雙溪,28-90
雙溪區,新基,,105,雙溪區,雙溪,九分坑,220-5
雙溪區,新基,,1050,雙溪區,雙溪,雙溪,28-3
雙溪區,新基,,1051,雙溪區,雙溪,雙溪,28-34
雙溪區,新基,,1052,雙溪區,雙溪,雙溪,28-89
雙溪區,新基,,1053,雙溪區,雙溪,雙溪,28-11
雙溪區,新基,,1054,雙溪區,雙溪,雙溪,28-10
雙溪區,新基,,1055,雙溪區,雙溪,雙溪,28-35
雙溪區,新基,,1056,雙溪區,雙溪,雙溪,1-2
雙溪區,新基,,1057,雙溪區,雙溪,雙溪,28-84
雙溪區,新基,,1058,雙溪區,雙溪,雙溪,13-1
雙溪區,新基,,1059,雙溪區,雙溪,雙溪,10-1
雙溪區,新基,,106,雙溪區,雙溪,九分坑,220-3
雙溪區,新基,,1060,雙溪區,雙溪,雙溪,63-18
雙溪區,新基,,1061,雙溪區,雙溪,雙溪,52-2
雙溪區,新基,,1062,雙溪區,雙溪,雙溪,63-20
雙溪區,新基,,1063,雙溪區,雙溪,雙溪,59-15
雙溪區,新基,,1064,雙溪區,雙溪,雙溪,59-14
雙溪區,新基,,1065,雙溪區,雙溪,雙溪,59-12
雙溪區,新基,,1066,雙溪區,雙溪,雙溪,59-11
雙溪區,新基,,1067,雙溪區,雙溪,雙溪,59-10
雙溪區,新基,,1068,雙溪區,雙溪,雙溪,59-18
雙溪區,新基,,1069,雙溪區,雙溪,雙溪,59
雙溪區,新基,,107,雙溪區,雙溪,九分坑,220-9
雙溪區,新基,,1070,雙溪區,雙溪,雙溪,59-8
雙溪區,新基,,1071,雙溪區,雙溪,雙溪,60
雙溪區,新基,,1072,雙溪區,雙溪,雙溪,60-7
雙溪區,新基,,1073,雙溪區,雙溪,雙溪,60-6
雙溪區,新基,,1074,雙溪區,雙溪,雙溪,62-4
雙溪區,新基,,1075,雙溪區,雙溪,雙溪,61-5
雙溪區,新基,,1076,雙溪區,雙溪,雙溪,62-12
雙溪區,新基,,1077,雙溪區,雙溪,雙溪,61-6
雙溪區,新基,,1078,雙溪區,雙溪,雙溪,61-10
雙溪區,新基,,1079,雙溪區,雙溪,雙溪,61-7
雙溪區,新基,,108,雙溪區,雙溪,九分坑,304-1
雙溪區,新基,,1080,雙溪區,雙溪,雙溪,60-3
雙溪區,新基,,1081,雙溪區,雙溪,雙溪,60-5
雙溪區,新基,,1082,雙溪區,雙溪,雙溪,59-6
雙溪區,新基,,1083,雙溪區,雙溪,雙溪,59-13
雙溪區,新基,,1084,雙溪區,雙溪,雙溪,61-3
雙溪區,新基,,1085,雙溪區,雙溪,雙溪,61-8
雙溪區,新基,,1086,雙溪區,雙溪,雙溪,59-7
雙溪區,新基,,1087,雙溪區,雙溪,雙溪,61-2
雙溪區,新基,,1088,雙溪區,雙溪,雙溪,63-7
雙溪區,新基,,1089,雙溪區,雙溪,雙溪,61-11
雙溪區,新基,,109,雙溪區,雙溪,九分坑,304-3
雙溪區,新基,,1090,雙溪區,雙溪,雙溪,62-20
雙溪區,新基,,1091,雙溪區,雙溪,雙溪,63-12
雙溪區,新基,,1092,雙溪區,雙溪,雙溪,63-30
雙溪區,新基,,1093,雙溪區,雙溪,雙溪,63-32
雙溪區,新基,,1094,雙溪區,雙溪,雙溪,63-23
雙溪區,新基,,1095,雙溪區,雙溪,雙溪,63-16
雙溪區,新基,,1096,雙溪區,雙溪,雙溪,63-28
雙溪區,新基,,1097,雙溪區,雙溪,雙溪,62-9
雙溪區,新基,,1098,雙溪區,雙溪,雙溪,62-6
雙溪區,新基,,1099,雙溪區,雙溪,雙溪,62-17
雙溪區,新基,,11,雙溪區,雙溪,九分坑,213-8
雙溪區,新基,,110,雙溪區,雙溪,九分坑,304-18
雙溪區,新基,,1100,雙溪區,雙溪,雙溪,62-16
雙溪區,新基,,1101,雙溪區,雙溪,雙溪,62-14
雙溪區,新基,,1102,雙溪區,雙溪,雙溪,62-1
雙溪區,新基,,1103,雙溪區,雙溪,雙溪,62-11
雙溪區,新基,,1104,雙溪區,雙溪,雙溪,62
雙溪區,新基,,1105,雙溪區,雙溪,雙溪,62-19
雙溪區,新基,,1106,雙溪區,雙溪,雙溪,63-24
雙溪區,新基,,1107,雙溪區,雙溪,雙溪,63
雙溪區,新基,,1108,雙溪區,雙溪,雙溪,63-25
雙溪區,新基,,1109,雙溪區,雙溪,雙溪,63-34
雙溪區,新基,,111,雙溪區,雙溪,九分坑,304-21
雙溪區,新基,,1110,雙溪區,雙溪,雙溪,63-33
雙溪區,新基,,1111,雙溪區,雙溪,雙溪,63-6
雙溪區,新基,,1112,雙溪區,雙溪,雙溪,63-5
雙溪區,新基,,1113,雙溪區,雙溪,雙溪,63-8
雙溪區,新基,,1114,雙溪區,雙溪,雙溪,63-9
雙溪區,新基,,1115,雙溪區,雙溪,雙溪,63-10
雙溪區,新基,,1116,雙溪區,雙溪,雙溪,63-22
雙溪區,新基,,1117,雙溪區,雙溪,雙溪,30-6
雙溪區,新基,,1119,雙溪區,雙溪,雙溪,16-1
雙溪區,新基,,112,雙溪區,雙溪,九分坑,304-16
雙溪區,新基,,1120,雙溪區,雙溪,雙溪,17-1
雙溪區,新基,,1121,雙溪區,雙溪,雙溪,18-1
雙溪區,新基,,1122,雙溪區,雙溪,雙溪,18
雙溪區,新基,,1123,雙溪區,雙溪,雙溪,17
雙溪區,新基,,1124,雙溪區,雙溪,雙溪,16
雙溪區,新基,,1125,雙溪區,雙溪,雙溪,15
雙溪區,新基,,1126,雙溪區,雙溪,雙溪,15-1
雙溪區,新基,,1127,雙溪區,雙溪,雙溪,15-3
雙溪區,新基,,1128,雙溪區,雙溪,雙溪,15-4
雙溪區,新基,,1129,雙溪區,雙溪,雙溪,14-2
雙溪區,新基,,113,雙溪區,雙溪,九分坑,304-19
雙溪區,新基,,1130,雙溪區,雙溪,雙溪,14
雙溪區,新基,,1131,雙溪區,雙溪,雙溪,14-3
雙溪區,新基,,1132,雙溪區,雙溪,雙溪,14-1
雙溪區,新基,,1133,雙溪區,雙溪,雙溪,28-49
雙溪區,新基,,1134,雙溪區,雙溪,雙溪,28-81
雙溪區,新基,,1135,雙溪區,雙溪,雙溪,20
雙溪區,新基,,1136,雙溪區,雙溪,雙溪,20-7
雙溪區,新基,,1137,雙溪區,雙溪,雙溪,19
雙溪區,新基,,1138,雙溪區,雙溪,雙溪,20-8
雙溪區,新基,,1139,雙溪區,雙溪,雙溪,20-1
雙溪區,新基,,114,雙溪區,雙溪,九分坑,220-2
雙溪區,新基,,1140,雙溪區,雙溪,雙溪,20-10
雙溪區,新基,,1141,雙溪區,雙溪,雙溪,22
雙溪區,新基,,1142,雙溪區,雙溪,雙溪,21-1
雙溪區,新基,,1143,雙溪區,雙溪,雙溪,21
雙溪區,新基,,1144,雙溪區,雙溪,雙溪,28-14
雙溪區,新基,,1145,雙溪區,雙溪,雙溪,28-13
雙溪區,新基,,1146,雙溪區,雙溪,雙溪,23
雙溪區,新基,,1147,雙溪區,雙溪,雙溪,28-69
雙溪區,新基,,1148,雙溪區,雙溪,雙溪,28-46
雙溪區,新基,,1149,雙溪區,雙溪,雙溪,28-48
雙溪區,新基,,115,雙溪區,雙溪,九分坑,304-6
雙溪區,新基,,1150,雙溪區,雙溪,雙溪,28-83
雙溪區,新基,,1151,雙溪區,雙溪,雙溪,28-12
雙溪區,新基,,1152,雙溪區,雙溪,雙溪,28-16
雙溪區,新基,,1153,雙溪區,雙溪,雙溪,28-45
雙溪區,新基,,1154,雙溪區,雙溪,雙溪,28-82
雙溪區,新基,,1155,雙溪區,雙溪,雙溪,28-86
雙溪區,新基,,1156,雙溪區,雙溪,雙溪,28-88
雙溪區,新基,,1157,雙溪區,雙溪,雙溪,28-2
雙溪區,新基,,1158,雙溪區,雙溪,雙溪,28-42
雙溪區,新基,,1159,雙溪區,雙溪,雙溪,28-36
雙溪區,新基,,116,雙溪區,雙溪,九分坑,304-17
雙溪區,新基,,1160,雙溪區,雙溪,雙溪,28-23
雙溪區,新基,,1161,雙溪區,雙溪,雙溪,28-28
雙溪區,新基,,1162,雙溪區,雙溪,雙溪,28-27
雙溪區,新基,,1163,雙溪區,雙溪,雙溪,28-24
雙溪區,新基,,1164,雙溪區,雙溪,雙溪,28-25
雙溪區,新基,,1165,雙溪區,雙溪,雙溪,28-9
雙溪區,新基,,1166,雙溪區,雙溪,雙溪,28-26
雙溪區,新基,,1167,雙溪區,雙溪,雙溪,28-43
雙溪區,新基,,1168,雙溪區,雙溪,雙溪,28-76
雙溪區,新基,,1169,雙溪區,雙溪,雙溪,28-75
雙溪區,新基,,117,雙溪區,雙溪,九分坑,304-15
雙溪區,新基,,1170,雙溪區,雙溪,雙溪,28-74
雙溪區,新基,,1171,雙溪區,雙溪,雙溪,28-8
雙溪區,新基,,1172,雙溪區,雙溪,雙溪,41-6
雙溪區,新基,,1173,雙溪區,雙溪,雙溪,41-12
雙溪區,新基,,1174,雙溪區,雙溪,雙溪,41-5
雙溪區,新基,,1175,雙溪區,雙溪,雙溪,41-4
雙溪區,新基,,1176,雙溪區,雙溪,雙溪,28-61
雙溪區,新基,,1177,雙溪區,雙溪,雙溪,28-62
雙溪區,新基,,1178,雙溪區,雙溪,雙溪,41
雙溪區,新基,,1179,雙溪區,雙溪,雙溪,41-3
雙溪區,新基,,118,雙溪區,雙溪,九分坑,304-22
雙溪區,新基,,1180,雙溪區,雙溪,雙溪,28-98
雙溪區,新基,,1181,雙溪區,雙溪,雙溪,28-97
雙溪區,新基,,1182,雙溪區,雙溪,雙溪,28-99
雙溪區,新基,,1183,雙溪區,雙溪,雙溪,28-77
雙溪區,新基,,1184,雙溪區,雙溪,雙溪,28-71
雙溪區,新基,,1185,雙溪區,雙溪,雙溪,28-70
雙溪區,新基,,1186,雙溪區,雙溪,雙溪,40
雙溪區,新基,,1187,雙溪區,雙溪,雙溪,28-15
雙溪區,新基,,1188,雙溪區,雙溪,雙溪,28-72
雙溪區,新基,,1189,雙溪區,雙溪,雙溪,28-73
雙溪區,新基,,119,雙溪區,雙溪,九分坑,304-20
雙溪區,新基,,1190,雙溪區,雙溪,雙溪,28-92
雙溪區,新基,,1191,雙溪區,雙溪,雙溪,28-96
雙溪區,新基,,1192,雙溪區,雙溪,雙溪,28-17
雙溪區,新基,,1193,雙溪區,雙溪,雙溪,28-95
雙溪區,新基,,1194,雙溪區,雙溪,雙溪,28-1
雙溪區,新基,,1195,雙溪區,雙溪,雙溪,28-44
雙溪區,新基,,1196,雙溪區,雙溪,雙溪,28-85
雙溪區,新基,,1197,雙溪區,雙溪,雙溪,28-47
雙溪區,新基,,1198,雙溪區,雙溪,雙溪,28-21
雙溪區,新基,,1199,雙溪區,雙溪,雙溪,36-1
雙溪區,新基,,12,雙溪區,雙溪,九分坑,276-12
雙溪區,新基,,120,雙溪區,雙溪,九分坑,258-11
雙溪區,新基,,1200,雙溪區,雙溪,雙溪,28-20
雙溪區,新基,,1201,雙溪區,雙溪,雙溪,28-19
雙溪區,新基,,1202,雙溪區,雙溪,雙溪,28-58
雙溪區,新基,,1203,雙溪區,雙溪,雙溪,28-60
雙溪區,新基,,1204,雙溪區,雙溪,雙溪,28-80
雙溪區,新基,,1205,雙溪區,雙溪,雙溪,28-59
雙溪區,新基,,1206,雙溪區,雙溪,雙溪,28-56
雙溪區,新基,,1207,雙溪區,雙溪,雙溪,28-22
雙溪區,新基,,1208,雙溪區,雙溪,雙溪,28-57
雙溪區,新基,,1209,雙溪區,雙溪,雙溪,28-55
雙溪區,新基,,121,雙溪區,雙溪,九分坑,258-4
雙溪區,新基,,1210,雙溪區,雙溪,雙溪,28-18
雙溪區,新基,,1211,雙溪區,雙溪,雙溪,30-1
雙溪區,新基,,1212,雙溪區,雙溪,雙溪,28
雙溪區,新基,,1213,雙溪區,雙溪,雙溪,28-94
雙溪區,新基,,1214,雙溪區,雙溪,雙溪,29
雙溪區,新基,,1215,雙溪區,雙溪,雙溪,27
雙溪區,新基,,1216,雙溪區,雙溪,雙溪,28-66
雙溪區,新基,,1217,雙溪區,雙溪,雙溪,28-93
雙溪區,新基,,1218,雙溪區,雙溪,雙溪,28-67
雙溪區,新基,,1219,雙溪區,雙溪,雙溪,28-68
雙溪區,新基,,122,雙溪區,雙溪,九分坑,258-5
雙溪區,新基,,1220,雙溪區,雙溪,雙溪,28-91
雙溪區,新基,,1221,雙溪區,雙溪,雙溪,23-1
雙溪區,新基,,1222,雙溪區,雙溪,雙溪,24
雙溪區,新基,,1223,雙溪區,雙溪,雙溪,25
雙溪區,新基,,1224,雙溪區,雙溪,雙溪,26
雙溪區,新基,,1225,雙溪區,雙溪,雙溪,26-1
雙溪區,新基,,1227,雙溪區,雙溪,雙溪,20-3
雙溪區,新基,,1228,雙溪區,雙溪,雙溪,20-2
雙溪區,新基,,1229,雙溪區,雙溪,雙溪,20-14
雙溪區,新基,,123,雙溪區,雙溪,九分坑,258-2
雙溪區,新基,,1230,雙溪區,雙溪,雙溪,19-2
雙溪區,新基,,1231,雙溪區,雙溪,雙溪,19-1
雙溪區,新基,,1233,雙溪區,雙溪,雙溪,64-13
雙溪區,新基,,1234,雙溪區,雙溪,雙溪,63-21
雙溪區,新基,,1235,雙溪區,雙溪,雙溪,64-20
雙溪區,新基,,1236,雙溪區,雙溪,雙溪,63-11
雙溪區,新基,,1237,雙溪區,雙溪,雙溪,63-14
雙溪區,新基,,1238,雙溪區,雙溪,雙溪,63-15
雙溪區,新基,,1239,雙溪區,雙溪,雙溪,63-29
雙溪區,新基,,124,雙溪區,雙溪,九分坑,258
雙溪區,新基,,1240,雙溪區,雙溪,雙溪,63-27
雙溪區,新基,,1241,雙溪區,雙溪,雙溪,63-4
雙溪區,新基,,1242,雙溪區,雙溪,雙溪,63-2
雙溪區,新基,,1243,雙溪區,雙溪,雙溪,63-13
雙溪區,新基,,1244,雙溪區,雙溪,雙溪,62-7
雙溪區,新基,,1245,雙溪區,雙溪,雙溪,62-18
雙溪區,新基,,1246,雙溪區,雙溪,雙溪,62-15
雙溪區,新基,,1247,雙溪區,雙溪,雙溪,62-10
雙溪區,新基,,1248,雙溪區,雙溪,雙溪,62-5
雙溪區,新基,,1249,雙溪區,雙溪,雙溪,64-4
雙溪區,新基,,125,雙溪區,雙溪,九分坑,259
雙溪區,新基,,1250,雙溪區,雙溪,雙溪,64-17
雙溪區,新基,,1251,雙溪區,雙溪,雙溪,64-16
雙溪區,新基,,1252,雙溪區,雙溪,雙溪,64
雙溪區,新基,,1253,雙溪區,雙溪,雙溪,64-18
雙溪區,新基,,1254,雙溪區,雙溪,雙溪,63-1
雙溪區,新基,,1255,雙溪區,雙溪,雙溪,63-3
雙溪區,新基,,1256,雙溪區,雙溪,雙溪,63-19
雙溪區,新基,,1257,雙溪區,雙溪,雙溪,64-8
雙溪區,新基,,1258,雙溪區,雙溪,雙溪,64-9
雙溪區,新基,,1259,雙溪區,雙溪,雙溪,64-1
雙溪區,新基,,126,雙溪區,雙溪,九分坑,259-1
雙溪區,新基,,1260,雙溪區,雙溪,雙溪,64-7
雙溪區,新基,,1261,雙溪區,雙溪,雙溪,30
雙溪區,新基,,1263,雙溪區,雙溪,雙溪,30-2
雙溪區,新基,,1264,雙溪區,雙溪,雙溪,30-5
雙溪區,新基,,1265,雙溪區,雙溪,雙溪,30-4
雙溪區,新基,,1266,雙溪區,雙溪,雙溪,31-4
雙溪區,新基,,1267,雙溪區,雙溪,雙溪,31-2
雙溪區,新基,,1268,雙溪區,雙溪,雙溪,64-11
雙溪區,新基,,1269,雙溪區,雙溪,雙溪,64-12
雙溪區,新基,,127,雙溪區,雙溪,九分坑,257-4
雙溪區,新基,,1270,雙溪區,雙溪,雙溪,48-2
雙溪區,新基,,1271,雙溪區,雙溪,雙溪,31-1
雙溪區,新基,,1272,雙溪區,雙溪,雙溪,32
雙溪區,新基,,1273,雙溪區,雙溪,雙溪,51-1
雙溪區,新基,,1274,雙溪區,雙溪,雙溪,51
雙溪區,新基,,1275,雙溪區,雙溪,雙溪,50
雙溪區,新基,,1276,雙溪區,雙溪,雙溪,50-1
雙溪區,新基,,1277,雙溪區,雙溪,雙溪,33
雙溪區,新基,,1278,雙溪區,雙溪,雙溪,49-1
雙溪區,新基,,1279,雙溪區,雙溪,雙溪,49
雙溪區,新基,,128,雙溪區,雙溪,九分坑,257-3
雙溪區,新基,,1280,雙溪區,雙溪,雙溪,48
雙溪區,新基,,1281,雙溪區,雙溪,雙溪,48-1
雙溪區,新基,,1282,雙溪區,雙溪,雙溪,34
雙溪區,新基,,1283,雙溪區,雙溪,雙溪,35
雙溪區,新基,,1284,雙溪區,雙溪,雙溪,47-1
雙溪區,新基,,1285,雙溪區,雙溪,雙溪,47
雙溪區,新基,,1286,雙溪區,雙溪,雙溪,46
雙溪區,新基,,1287,雙溪區,雙溪,雙溪,46-1
雙溪區,新基,,1288,雙溪區,雙溪,雙溪,36
雙溪區,新基,,1289,雙溪區,雙溪,雙溪,37
雙溪區,新基,,129,雙溪區,雙溪,九分坑,256-3
雙溪區,新基,,1290,雙溪區,雙溪,雙溪,45-6
雙溪區,新基,,1291,雙溪區,雙溪,雙溪,45
雙溪區,新基,,1292,雙溪區,雙溪,雙溪,45-1
雙溪區,新基,,1293,雙溪區,雙溪,雙溪,45-5
雙溪區,新基,,1294,雙溪區,雙溪,雙溪,38
雙溪區,新基,,1295,雙溪區,雙溪,雙溪,45-4
雙溪區,新基,,1296,雙溪區,雙溪,雙溪,45-2
雙溪區,新基,,1297,雙溪區,雙溪,雙溪,45-3
雙溪區,新基,,1298,雙溪區,雙溪,雙溪,38-2
雙溪區,新基,,1299,雙溪區,雙溪,雙溪,40-4
雙溪區,新基,,13,雙溪區,雙溪,九分坑,214-7
雙溪區,新基,,130,雙溪區,雙溪,九分坑,257-1
雙溪區,新基,,1300,雙溪區,雙溪,雙溪,40-1
雙溪區,新基,,1301,雙溪區,雙溪,雙溪,41-7
雙溪區,新基,,1302,雙溪區,雙溪,雙溪,41-1
雙溪區,新基,,1303,雙溪區,雙溪,雙溪,41-2
雙溪區,新基,,1304,雙溪區,雙溪,雙溪,42-5
雙溪區,新基,,1305,雙溪區,雙溪,雙溪,43-2
雙溪區,新基,,1306,雙溪區,雙溪,雙溪,42-4
雙溪區,新基,,1307,雙溪區,雙溪,雙溪,42-3
雙溪區,新基,,1308,雙溪區,雙溪,雙溪,42-2
雙溪區,新基,,131,雙溪區,雙溪,九分坑,246-163
雙溪區,新基,,1311,雙溪區,雙溪,雙溪,42
雙溪區,新基,,1312,雙溪區,雙溪,雙溪,43
雙溪區,新基,,1313,雙溪區,雙溪,雙溪,43-3
雙溪區,新基,,1314,雙溪區,雙溪,雙溪,43-1
雙溪區,新基,,1315,雙溪區,雙溪,雙溪,43-4
雙溪區,新基,,1316,雙溪區,雙溪,雙溪,38-3
雙溪區,新基,,1317,雙溪區,雙溪,雙溪,66-4
雙溪區,新基,,1318,雙溪區,雙溪,雙溪,64-14
雙溪區,新基,,1319,雙溪區,雙溪,雙溪,64-3
雙溪區,新基,,132,雙溪區,雙溪,九分坑,256-5
雙溪區,新基,,1320,雙溪區,雙溪,雙溪,64-19
雙溪區,新基,,1321,雙溪區,雙溪,雙溪,64-15
雙溪區,新基,,1322,雙溪區,雙溪,雙溪,64-6
雙溪區,新基,,1323,雙溪區,雙溪,雙溪,64-5
雙溪區,新基,,1324,雙溪區,雙溪,雙溪,59-2
雙溪區,新基,,1325,雙溪區,雙溪,雙溪,31
雙溪區,新基,,1326,雙溪區,雙溪,雙溪,41-13
雙溪區,新基,,1327,雙溪區,雙溪,雙溪,31-3
雙溪區,新基,,1328,雙溪區,雙溪,雙溪,42-1
雙溪區,新基,,1329,雙溪區,雙溪,雙溪,28-54
雙溪區,新基,,133,雙溪區,雙溪,九分坑,256-4
雙溪區,新基,,1330,雙溪區,雙溪,雙溪,28-31
雙溪區,新基,,1331,雙溪區,雙溪,雙溪,1-4
雙溪區,新基,,1332,雙溪區,雙溪,雙溪,61
雙溪區,新基,,1333,雙溪區,雙溪,雙溪,207-9
雙溪區,新基,,1334,雙溪區,雙溪,九分坑,272-2
雙溪區,新基,,1335,雙溪區,雙溪,九分坑,220-4
雙溪區,新基,,1336,雙溪區,雙溪,九分坑,220-8
雙溪區,新基,,1337,雙溪區,雙溪,九分坑,236-19
雙溪區,新基,,1338,雙溪區,雙溪,九分坑,236-25
雙溪區,新基,,1339,雙溪區,雙溪,九分坑,243-6
雙溪區,新基,,134,雙溪區,雙溪,九分坑,257-9
雙溪區,新基,,1340,雙溪區,雙溪,九分坑,245-1
雙溪區,新基,,1341,雙溪區,雙溪,九分坑,246-8
雙溪區,新基,,1342,雙溪區,雙溪,九分坑,246-23
雙溪區,新基,,1343,雙溪區,雙溪,九分坑,249-41
雙溪區,新基,,1344,雙溪區,雙溪,九分坑,250-52
雙溪區,新基,,1345,雙溪區,雙溪,九分坑,251-62
雙溪區,新基,,1346,雙溪區,雙溪,九分坑,251-72
雙溪區,新基,,1347,雙溪區,雙溪,九分坑,304-12
雙溪區,新基,,1349,雙溪區,魚行,新店,11-9
雙溪區,新基,,135,雙溪區,雙溪,九分坑,257-8
雙溪區,新基,,1350,雙溪區,魚行,新店,16-5
雙溪區,新基,,1351,雙溪區,魚行,新店,16-25
雙溪區,新基,,1352,雙溪區,魚行,新店,19-4
雙溪區,新基,,1353,雙溪區,魚行,新店,19-5
雙溪區,新基,,1354,雙溪區,魚行,粗坑子,41-15
雙溪區,新基,,1355,雙溪區,魚行,粗坑子,47
雙溪區,新基,,136,雙溪區,雙溪,九分坑,257-7
雙溪區,新基,,137,雙溪區,雙溪,九分坑,257-6
雙溪區,新基,,138,雙溪區,雙溪,九分坑,257-5
雙溪區,新基,,139,雙溪區,雙溪,九分坑,257
雙溪區,新基,,14,雙溪區,雙溪,九分坑,214-6
雙溪區,新基,,140,雙溪區,雙溪,九分坑,258-9
雙溪區,新基,,141,雙溪區,雙溪,九分坑,258-7
雙溪區,新基,,142,雙溪區,雙溪,九分坑,258-6
雙溪區,新基,,143,雙溪區,雙溪,九分坑,258-8
雙溪區,新基,,144,雙溪區,雙溪,九分坑,258-3
雙溪區,新基,,145,雙溪區,雙溪,九分坑,241-1
雙溪區,新基,,146,雙溪區,雙溪,九分坑,241-7
雙溪區,新基,,147,雙溪區,雙溪,九分坑,241-10
雙溪區,新基,,148,雙溪區,雙溪,九分坑,241-4
雙溪區,新基,,149,雙溪區,雙溪,九分坑,241-11
雙溪區,新基,,15,雙溪區,雙溪,九分坑,214-4
雙溪區,新基,,150,雙溪區,雙溪,九分坑,241-12
雙溪區,新基,,151,雙溪區,雙溪,九分坑,241-13
雙溪區,新基,,152,雙溪區,雙溪,九分坑,241-3
雙溪區,新基,,153,雙溪區,雙溪,九分坑,258-1
雙溪區,新基,,154,雙溪區,雙溪,九分坑,258-10
雙溪區,新基,,155,雙溪區,雙溪,九分坑,241-6
雙溪區,新基,,156,雙溪區,雙溪,九分坑,241-5
雙溪區,新基,,157,雙溪區,雙溪,九分坑,242-1
雙溪區,新基,,158,雙溪區,雙溪,九分坑,242-2
雙溪區,新基,,159,雙溪區,雙溪,九分坑,243-1
雙溪區,新基,,16,雙溪區,雙溪,九分坑,213-3
雙溪區,新基,,160,雙溪區,雙溪,九分坑,257-2
雙溪區,新基,,161,雙溪區,雙溪,九分坑,257-10
雙溪區,新基,,162,雙溪區,雙溪,九分坑,256
雙溪區,新基,,163,雙溪區,雙溪,九分坑,256-1
雙溪區,新基,,164,雙溪區,雙溪,九分坑,244-2
雙溪區,新基,,165,雙溪區,雙溪,九分坑,246-115
雙溪區,新基,,166,雙溪區,雙溪,九分坑,244-1
雙溪區,新基,,167,雙溪區,雙溪,九分坑,246-154
雙溪區,新基,,168,雙溪區,雙溪,九分坑,246-155
雙溪區,新基,,169,雙溪區,雙溪,九分坑,246-156
雙溪區,新基,,17,雙溪區,雙溪,九分坑,213-1
雙溪區,新基,,170,雙溪區,雙溪,九分坑,244-4
雙溪區,新基,,171,雙溪區,雙溪,九分坑,244-3
雙溪區,新基,,172,雙溪區,雙溪,九分坑,244-16
雙溪區,新基,,173,雙溪區,雙溪,九分坑,244-9
雙溪區,新基,,174,雙溪區,雙溪,九分坑,244-10
雙溪區,新基,,175,雙溪區,雙溪,九分坑,244-11
雙溪區,新基,,176,雙溪區,雙溪,九分坑,244-12
雙溪區,新基,,177,雙溪區,雙溪,九分坑,244-13
雙溪區,新基,,178,雙溪區,雙溪,九分坑,244-14
雙溪區,新基,,179,雙溪區,雙溪,九分坑,244-15
雙溪區,新基,,18,雙溪區,雙溪,九分坑,213
雙溪區,新基,,180,雙溪區,雙溪,九分坑,246-116
雙溪區,新基,,181,雙溪區,雙溪,九分坑,245
雙溪區,新基,,182,雙溪區,雙溪,九分坑,238-1
雙溪區,新基,,183,雙溪區,雙溪,九分坑,244
雙溪區,新基,,184,雙溪區,雙溪,九分坑,244-8
雙溪區,新基,,185,雙溪區,雙溪,九分坑,243-9
雙溪區,新基,,186,雙溪區,雙溪,九分坑,243-8
雙溪區,新基,,187,雙溪區,雙溪,九分坑,244-7
雙溪區,新基,,188,雙溪區,雙溪,九分坑,244-6
雙溪區,新基,,189,雙溪區,雙溪,九分坑,243-7
雙溪區,新基,,19,雙溪區,雙溪,九分坑,213-2
雙溪區,新基,,190,雙溪區,雙溪,九分坑,244-5
雙溪區,新基,,191,雙溪區,雙溪,九分坑,243-5
雙溪區,新基,,192,雙溪區,雙溪,九分坑,243-4
雙溪區,新基,,193,雙溪區,雙溪,九分坑,243-3
雙溪區,新基,,194,雙溪區,雙溪,九分坑,243-2
雙溪區,新基,,195,雙溪區,雙溪,九分坑,243
雙溪區,新基,,196,雙溪區,雙溪,九分坑,242-3
雙溪區,新基,,197,雙溪區,雙溪,九分坑,242-4
雙溪區,新基,,198,雙溪區,雙溪,九分坑,242-5
雙溪區,新基,,199,雙溪區,雙溪,九分坑,242
雙溪區,新基,,2,雙溪區,雙溪,九分坑,213-5
雙溪區,新基,,20,雙溪區,雙溪,九分坑,214-1
雙溪區,新基,,200,雙溪區,雙溪,九分坑,240
雙溪區,新基,,201,雙溪區,雙溪,九分坑,241
雙溪區,新基,,202,雙溪區,雙溪,九分坑,241-2
雙溪區,新基,,203,雙溪區,雙溪,九分坑,241-9
雙溪區,新基,,204,雙溪區,雙溪,九分坑,241-8
雙溪區,新基,,205,雙溪區,雙溪,九分坑,227-9
雙溪區,新基,,206,雙溪區,雙溪,九分坑,227-7
雙溪區,新基,,207,雙溪區,雙溪,九分坑,227-2
雙溪區,新基,,208,雙溪區,雙溪,九分坑,227-5
雙溪區,新基,,209,雙溪區,雙溪,九分坑,227-4
雙溪區,新基,,21,雙溪區,雙溪,九分坑,214-5
雙溪區,新基,,210,雙溪區,雙溪,九分坑,227-8
雙溪區,新基,,211,雙溪區,雙溪,九分坑,227-3
雙溪區,新基,,212,雙溪區,雙溪,九分坑,227-1
雙溪區,新基,,213,雙溪區,雙溪,九分坑,226-2
雙溪區,新基,,214,雙溪區,雙溪,九分坑,226-1
雙溪區,新基,,215,雙溪區,雙溪,九分坑,226
雙溪區,新基,,216,雙溪區,雙溪,九分坑,224-1
雙溪區,新基,,217,雙溪區,雙溪,九分坑,224
雙溪區,新基,,22,雙溪區,雙溪,九分坑,214-2
雙溪區,新基,,220,雙溪區,雙溪,九分坑,229-2
雙溪區,新基,,221,雙溪區,雙溪,九分坑,229
雙溪區,新基,,222,雙溪區,雙溪,九分坑,229-5
雙溪區,新基,,223,雙溪區,雙溪,九分坑,240-1
雙溪區,新基,,224,雙溪區,雙溪,九分坑,239-1
雙溪區,新基,,225,雙溪區,雙溪,九分坑,246-117
雙溪區,新基,,226,雙溪區,雙溪,九分坑,238-2
雙溪區,新基,,227,雙溪區,雙溪,九分坑,238-4
雙溪區,新基,,228,雙溪區,雙溪,九分坑,239-2
雙溪區,新基,,229,雙溪區,雙溪,九分坑,230-3
雙溪區,新基,,23,雙溪區,雙溪,九分坑,214-3
雙溪區,新基,,230,雙溪區,雙溪,九分坑,229-4
雙溪區,新基,,231,雙溪區,雙溪,九分坑,229-3
雙溪區,新基,,232,雙溪區,雙溪,九分坑,230-2
雙溪區,新基,,233,雙溪區,雙溪,九分坑,230-1
雙溪區,新基,,234,雙溪區,雙溪,九分坑,230-17
雙溪區,新基,,235,雙溪區,雙溪,九分坑,230-8
雙溪區,新基,,236,雙溪區,雙溪,九分坑,230-18
雙溪區,新基,,237,雙溪區,雙溪,九分坑,230-16
雙溪區,新基,,238,雙溪區,雙溪,九分坑,230-20
雙溪區,新基,,239,雙溪區,雙溪,九分坑,230-12
雙溪區,新基,,24,雙溪區,雙溪,九分坑,214-8
雙溪區,新基,,240,雙溪區,雙溪,九分坑,230-13
雙溪區,新基,,241,雙溪區,雙溪,九分坑,230-4
雙溪區,新基,,242,雙溪區,雙溪,九分坑,230-6
雙溪區,新基,,243,雙溪區,雙溪,九分坑,230-7
雙溪區,新基,,244,雙溪區,雙溪,九分坑,230-5
雙溪區,新基,,245,雙溪區,雙溪,九分坑,230-14
雙溪區,新基,,246,雙溪區,雙溪,九分坑,230-15
雙溪區,新基,,247,雙溪區,雙溪,九分坑,230-11
雙溪區,新基,,248,雙溪區,雙溪,九分坑,230-19
雙溪區,新基,,249,雙溪區,雙溪,九分坑,230-10
雙溪區,新基,,25,雙溪區,雙溪,九分坑,270-3
雙溪區,新基,,250,雙溪區,雙溪,九分坑,230-9
雙溪區,新基,,251,雙溪區,雙溪,九分坑,230
雙溪區,新基,,252,雙溪區,雙溪,九分坑,229-1
雙溪區,新基,,253,雙溪區,魚行,新店,30-5
雙溪區,新基,,254,雙溪區,雙溪,九分坑,229-6
雙溪區,新基,,255,雙溪區,雙溪,九分坑,239-5
雙溪區,新基,,256,雙溪區,雙溪,九分坑,239-4
雙溪區,新基,,257,雙溪區,雙溪,九分坑,239
雙溪區,新基,,258,雙溪區,雙溪,九分坑,239-3
雙溪區,新基,,259,雙溪區,雙溪,九分坑,246-109
雙溪區,新基,,26,雙溪區,雙溪,九分坑,270-1
雙溪區,新基,,260,雙溪區,雙溪,九分坑,246-3
雙溪區,新基,,261,雙溪區,雙溪,九分坑,246-127
雙溪區,新基,,262,雙溪區,雙溪,九分坑,237-3
雙溪區,新基,,263,雙溪區,雙溪,九分坑,246-4
雙溪區,新基,,264,雙溪區,雙溪,九分坑,246-122
雙溪區,新基,,265,雙溪區,雙溪,九分坑,237-1
雙溪區,新基,,266,雙溪區,雙溪,九分坑,237-4
雙溪區,新基,,267,雙溪區,雙溪,九分坑,237-2
雙溪區,新基,,268,雙溪區,雙溪,九分坑,238-3
雙溪區,新基,,269,雙溪區,雙溪,九分坑,238
雙溪區,新基,,27,雙溪區,雙溪,九分坑,246
雙溪區,新基,,270,雙溪區,雙溪,九分坑,237
雙溪區,新基,,271,雙溪區,雙溪,九分坑,238-5
雙溪區,新基,,272,雙溪區,雙溪,九分坑,238-6
雙溪區,新基,,273,雙溪區,雙溪,九分坑,303-3
雙溪區,新基,,274,雙溪區,雙溪,九分坑,303
雙溪區,新基,,275,雙溪區,雙溪,九分坑,303-4
雙溪區,新基,,276,雙溪區,雙溪,九分坑,231
雙溪區,新基,,277,雙溪區,雙溪,九分坑,303-1
雙溪區,新基,,278,雙溪區,雙溪,九分坑,303-2
雙溪區,新基,,279,雙溪區,雙溪,九分坑,303-6
雙溪區,新基,,28,雙溪區,雙溪,九分坑,246-110
雙溪區,新基,,280,雙溪區,雙溪,九分坑,303-5
雙溪區,新基,,281,雙溪區,雙溪,九分坑,231-1
雙溪區,新基,,282,雙溪區,雙溪,九分坑,232
雙溪區,新基,,283,雙溪區,雙溪,九分坑,232-1
雙溪區,新基,,284,雙溪區,雙溪,九分坑,234-3
雙溪區,新基,,285,雙溪區,雙溪,九分坑,234-2
雙溪區,新基,,286,雙溪區,雙溪,九分坑,234-1
雙溪區,新基,,287,雙溪區,雙溪,九分坑,236-45
雙溪區,新基,,288,雙溪區,雙溪,九分坑,236-17
雙溪區,新基,,289,雙溪區,雙溪,九分坑,236-18
雙溪區,新基,,29,雙溪區,雙溪,九分坑,246-152
雙溪區,新基,,290,雙溪區,雙溪,九分坑,236-46
雙溪區,新基,,291,雙溪區,雙溪,九分坑,236-4
雙溪區,新基,,292,雙溪區,雙溪,九分坑,236-47
雙溪區,新基,,293,雙溪區,雙溪,九分坑,236-16
雙溪區,新基,,294,雙溪區,雙溪,九分坑,233-12
雙溪區,新基,,295,雙溪區,雙溪,九分坑,233-17
雙溪區,新基,,296,雙溪區,雙溪,九分坑,249-35
雙溪區,新基,,297,雙溪區,雙溪,九分坑,236-48
雙溪區,新基,,298,雙溪區,雙溪,九分坑,249-57
雙溪區,新基,,299,雙溪區,雙溪,九分坑,249
雙溪區,新基,,3,雙溪區,雙溪,九分坑,276-15
雙溪區,新基,,30,雙溪區,雙溪,九分坑,246-153
雙溪區,新基,,300,雙溪區,雙溪,九分坑,236-49
雙溪區,新基,,301,雙溪區,雙溪,九分坑,236-3
雙溪區,新基,,302,雙溪區,雙溪,九分坑,236-15
雙溪區,新基,,303,雙溪區,雙溪,九分坑,233-5
雙溪區,新基,,304,雙溪區,雙溪,九分坑,233-13
雙溪區,新基,,305,雙溪區,雙溪,九分坑,233-11
雙溪區,新基,,306,雙溪區,雙溪,九分坑,233-8
雙溪區,新基,,307,雙溪區,雙溪,九分坑,233
雙溪區,新基,,308,雙溪區,雙溪,九分坑,233-9
雙溪區,新基,,309,雙溪區,雙溪,九分坑,236-21
雙溪區,新基,,31,雙溪區,雙溪,九分坑,246-112
雙溪區,新基,,310,雙溪區,雙溪,九分坑,236-26
雙溪區,新基,,311,雙溪區,雙溪,九分坑,233-7
雙溪區,新基,,312,雙溪區,雙溪,九分坑,246-121
雙溪區,新基,,313,雙溪區,雙溪,九分坑,246-157
雙溪區,新基,,314,雙溪區,雙溪,九分坑,246-162
雙溪區,新基,,315,雙溪區,雙溪,九分坑,246-140
雙溪區,新基,,316,雙溪區,雙溪,九分坑,246-158
雙溪區,新基,,317,雙溪區,雙溪,九分坑,246-159
雙溪區,新基,,318,雙溪區,雙溪,九分坑,246-120
雙溪區,新基,,319,雙溪區,雙溪,九分坑,246-119
雙溪區,新基,,32,雙溪區,雙溪,九分坑,246-70
雙溪區,新基,,320,雙溪區,雙溪,九分坑,246-62
雙溪區,新基,,321,雙溪區,雙溪,九分坑,247
雙溪區,新基,,322,雙溪區,雙溪,九分坑,246-6
雙溪區,新基,,323,雙溪區,雙溪,九分坑,246-123
雙溪區,新基,,324,雙溪區,雙溪,九分坑,246-96
雙溪區,新基,,325,雙溪區,雙溪,九分坑,246-93
雙溪區,新基,,326,雙溪區,雙溪,九分坑,246-94
雙溪區,新基,,327,雙溪區,雙溪,九分坑,246-95
雙溪區,新基,,328,雙溪區,雙溪,九分坑,246-10
雙溪區,新基,,329,雙溪區,雙溪,九分坑,246-92
雙溪區,新基,,33,雙溪區,雙溪,九分坑,246-71
雙溪區,新基,,330,雙溪區,雙溪,九分坑,246-104
雙溪區,新基,,331,雙溪區,雙溪,九分坑,246-118
雙溪區,新基,,332,雙溪區,雙溪,九分坑,246-124
雙溪區,新基,,333,雙溪區,雙溪,九分坑,246-106
雙溪區,新基,,334,雙溪區,雙溪,九分坑,246-14
雙溪區,新基,,335,雙溪區,雙溪,九分坑,246-56
雙溪區,新基,,336,雙溪區,雙溪,九分坑,246-12
雙溪區,新基,,337,雙溪區,雙溪,九分坑,246-142
雙溪區,新基,,338,雙溪區,雙溪,九分坑,246-13
雙溪區,新基,,339,雙溪區,雙溪,九分坑,246-11
雙溪區,新基,,34,雙溪區,雙溪,九分坑,246-146
雙溪區,新基,,340,雙溪區,雙溪,九分坑,246-41
雙溪區,新基,,341,雙溪區,雙溪,九分坑,246-7
雙溪區,新基,,342,雙溪區,雙溪,九分坑,246-101
雙溪區,新基,,343,雙溪區,雙溪,九分坑,246-131
雙溪區,新基,,344,雙溪區,雙溪,九分坑,246-132
雙溪區,新基,,345,雙溪區,雙溪,九分坑,246-133
雙溪區,新基,,346,雙溪區,雙溪,九分坑,246-102
雙溪區,新基,,347,雙溪區,雙溪,九分坑,246-134
雙溪區,新基,,348,雙溪區,雙溪,九分坑,246-135
雙溪區,新基,,349,雙溪區,雙溪,九分坑,246-136
雙溪區,新基,,35,雙溪區,雙溪,九分坑,274-2
雙溪區,新基,,350,雙溪區,雙溪,九分坑,246-137
雙溪區,新基,,351,雙溪區,雙溪,九分坑,246-98
雙溪區,新基,,352,雙溪區,雙溪,九分坑,246-99
雙溪區,新基,,353,雙溪區,雙溪,九分坑,246-48
雙溪區,新基,,354,雙溪區,雙溪,九分坑,246-50
雙溪區,新基,,355,雙溪區,雙溪,九分坑,246-107
雙溪區,新基,,356,雙溪區,雙溪,九分坑,246-47
雙溪區,新基,,357,雙溪區,雙溪,九分坑,246-46
雙溪區,新基,,358,雙溪區,雙溪,九分坑,246-45
雙溪區,新基,,359,雙溪區,雙溪,九分坑,246-57
雙溪區,新基,,36,雙溪區,雙溪,九分坑,274-1
雙溪區,新基,,360,雙溪區,雙溪,九分坑,246-44
雙溪區,新基,,361,雙溪區,雙溪,九分坑,246-58
雙溪區,新基,,362,雙溪區,雙溪,九分坑,246-43
雙溪區,新基,,363,雙溪區,雙溪,九分坑,246-143
雙溪區,新基,,364,雙溪區,雙溪,九分坑,246-59
雙溪區,新基,,365,雙溪區,雙溪,九分坑,246-42
雙溪區,新基,,366,雙溪區,雙溪,九分坑,246-25
雙溪區,新基,,367,雙溪區,雙溪,九分坑,246-150
雙溪區,新基,,368,雙溪區,雙溪,九分坑,246-149
雙溪區,新基,,369,雙溪區,雙溪,九分坑,246-151
雙溪區,新基,,37,雙溪區,雙溪,九分坑,274-4
雙溪區,新基,,370,雙溪區,雙溪,九分坑,246-147
雙溪區,新基,,371,雙溪區,雙溪,九分坑,246-86
雙溪區,新基,,372,雙溪區,雙溪,九分坑,246-87
雙溪區,新基,,373,雙溪區,雙溪,九分坑,246-65
雙溪區,新基,,374,雙溪區,雙溪,九分坑,246-64
雙溪區,新基,,375,雙溪區,雙溪,九分坑,246-88
雙溪區,新基,,376,雙溪區,雙溪,九分坑,246-89
雙溪區,新基,,377,雙溪區,雙溪,九分坑,246-63
雙溪區,新基,,378,雙溪區,雙溪,九分坑,246-90
雙溪區,新基,,379,雙溪區,雙溪,九分坑,246-91
雙溪區,新基,,38,雙溪區,雙溪,九分坑,274-8
雙溪區,新基,,380,雙溪區,雙溪,九分坑,246-31
雙溪區,新基,,381,雙溪區,雙溪,九分坑,246-32
雙溪區,新基,,382,雙溪區,雙溪,九分坑,247-1
雙溪區,新基,,383,雙溪區,雙溪,九分坑,246-85
雙溪區,新基,,384,雙溪區,雙溪,九分坑,246-39
雙溪區,新基,,385,雙溪區,雙溪,九分坑,246-84
雙溪區,新基,,386,雙溪區,雙溪,九分坑,246-83
雙溪區,新基,,387,雙溪區,雙溪,九分坑,246-82
雙溪區,新基,,388,雙溪區,雙溪,九分坑,246-37
雙溪區,新基,,389,雙溪區,雙溪,九分坑,249-42
雙溪區,新基,,39,雙溪區,雙溪,九分坑,274
雙溪區,新基,,390,雙溪區,雙溪,九分坑,249-34
雙溪區,新基,,391,雙溪區,雙溪,九分坑,246-38
雙溪區,新基,,392,雙溪區,雙溪,九分坑,246-66
雙溪區,新基,,393,雙溪區,雙溪,九分坑,249-7
雙溪區,新基,,394,雙溪區,雙溪,九分坑,249-25
雙溪區,新基,,395,雙溪區,雙溪,九分坑,246-33
雙溪區,新基,,396,雙溪區,雙溪,九分坑,246-40
雙溪區,新基,,397,雙溪區,雙溪,九分坑,253-4
雙溪區,新基,,398,雙溪區,雙溪,九分坑,246-9
雙溪區,新基,,399,雙溪區,雙溪,九分坑,246-51
雙溪區,新基,,4,雙溪區,雙溪,九分坑,274-5
雙溪區,新基,,40,雙溪區,雙溪,九分坑,274-3
雙溪區,新基,,400,雙溪區,雙溪,九分坑,246-52
雙溪區,新基,,401,雙溪區,雙溪,九分坑,253-1
雙溪區,新基,,402,雙溪區,雙溪,九分坑,253-2
雙溪區,新基,,403,雙溪區,雙溪,九分坑,253-5
雙溪區,新基,,404,雙溪區,雙溪,九分坑,274-9
雙溪區,新基,,405,雙溪區,雙溪,九分坑,252-5
雙溪區,新基,,406,雙溪區,雙溪,九分坑,252-38
雙溪區,新基,,407,雙溪區,雙溪,九分坑,252-4
雙溪區,新基,,408,雙溪區,雙溪,九分坑,252-11
雙溪區,新基,,409,雙溪區,雙溪,九分坑,252-3
雙溪區,新基,,41,雙溪區,雙溪,九分坑,246-72
雙溪區,新基,,410,雙溪區,雙溪,九分坑,252-10
雙溪區,新基,,411,雙溪區,雙溪,九分坑,251-74
雙溪區,新基,,412,雙溪區,雙溪,九分坑,253
雙溪區,新基,,414,雙溪區,雙溪,九分坑,252-40
雙溪區,新基,,415,雙溪區,雙溪,九分坑,252-8
雙溪區,新基,,416,雙溪區,雙溪,九分坑,252-9
雙溪區,新基,,417,雙溪區,雙溪,九分坑,251
雙溪區,新基,,418,雙溪區,雙溪,九分坑,251-75
雙溪區,新基,,419,雙溪區,雙溪,九分坑,252-13
雙溪區,新基,,42,雙溪區,雙溪,九分坑,246-128
雙溪區,新基,,420,雙溪區,雙溪,九分坑,252-20
雙溪區,新基,,421,雙溪區,雙溪,九分坑,252-21
雙溪區,新基,,422,雙溪區,雙溪,九分坑,252-14
雙溪區,新基,,423,雙溪區,雙溪,九分坑,251-76
雙溪區,新基,,424,雙溪區,雙溪,九分坑,251-77
雙溪區,新基,,425,雙溪區,雙溪,九分坑,252-15
雙溪區,新基,,426,雙溪區,雙溪,九分坑,252-22
雙溪區,新基,,427,雙溪區,雙溪,九分坑,252-23
雙溪區,新基,,428,雙溪區,雙溪,九分坑,252-16
雙溪區,新基,,429,雙溪區,雙溪,九分坑,251-78
雙溪區,新基,,43,雙溪區,雙溪,九分坑,304-4
雙溪區,新基,,430,雙溪區,雙溪,九分坑,251-79
雙溪區,新基,,431,雙溪區,雙溪,九分坑,252-17
雙溪區,新基,,432,雙溪區,雙溪,九分坑,252-32
雙溪區,新基,,433,雙溪區,雙溪,九分坑,252-24
雙溪區,新基,,434,雙溪區,雙溪,九分坑,252-25
雙溪區,新基,,435,雙溪區,雙溪,九分坑,252-18
雙溪區,新基,,436,雙溪區,雙溪,九分坑,251-80
雙溪區,新基,,437,雙溪區,雙溪,九分坑,251-81
雙溪區,新基,,438,雙溪區,雙溪,九分坑,252-27
雙溪區,新基,,439,雙溪區,雙溪,九分坑,251-39
雙溪區,新基,,44,雙溪區,雙溪,九分坑,304-23
雙溪區,新基,,440,雙溪區,雙溪,九分坑,251-82
雙溪區,新基,,441,雙溪區,雙溪,九分坑,251-33
雙溪區,新基,,442,雙溪區,雙溪,九分坑,252-39
雙溪區,新基,,443,雙溪區,雙溪,九分坑,252-29
雙溪區,新基,,444,雙溪區,雙溪,九分坑,251-54
雙溪區,新基,,445,雙溪區,雙溪,九分坑,250-82
雙溪區,新基,,446,雙溪區,雙溪,九分坑,251-55
雙溪區,新基,,447,雙溪區,雙溪,九分坑,252-12
雙溪區,新基,,448,雙溪區,雙溪,九分坑,252
雙溪區,新基,,449,雙溪區,雙溪,九分坑,251-37
雙溪區,新基,,45,雙溪區,雙溪,九分坑,214
雙溪區,新基,,450,雙溪區,雙溪,九分坑,251-38
雙溪區,新基,,451,雙溪區,雙溪,九分坑,251-73
雙溪區,新基,,452,雙溪區,雙溪,九分坑,251-41
雙溪區,新基,,453,雙溪區,雙溪,九分坑,251-57
雙溪區,新基,,454,雙溪區,雙溪,九分坑,250-81
雙溪區,新基,,455,雙溪區,雙溪,九分坑,250-39
雙溪區,新基,,456,雙溪區,雙溪,九分坑,250-38
雙溪區,新基,,457,雙溪區,雙溪,九分坑,246-80
雙溪區,新基,,458,雙溪區,雙溪,九分坑,246-15
雙溪區,新基,,459,雙溪區,雙溪,九分坑,246-129
雙溪區,新基,,46,雙溪區,雙溪,九分坑,215
雙溪區,新基,,460,雙溪區,雙溪,九分坑,246-16
雙溪區,新基,,461,雙溪區,雙溪,九分坑,246-69
雙溪區,新基,,462,雙溪區,雙溪,九分坑,246-81
雙溪區,新基,,463,雙溪區,雙溪,九分坑,246-79
雙溪區,新基,,464,雙溪區,雙溪,九分坑,246-130
雙溪區,新基,,465,雙溪區,雙溪,九分坑,249-33
雙溪區,新基,,466,雙溪區,雙溪,九分坑,246-17
雙溪區,新基,,467,雙溪區,雙溪,九分坑,246-78
雙溪區,新基,,468,雙溪區,雙溪,九分坑,246-77
雙溪區,新基,,469,雙溪區,雙溪,九分坑,246-67
雙溪區,新基,,47,雙溪區,雙溪,九分坑,212
雙溪區,新基,,470,雙溪區,雙溪,九分坑,246-18
雙溪區,新基,,471,雙溪區,雙溪,九分坑,249-32
雙溪區,新基,,472,雙溪區,雙溪,九分坑,246-19
雙溪區,新基,,473,雙溪區,雙溪,九分坑,246-76
雙溪區,新基,,474,雙溪區,雙溪,九分坑,246-24
雙溪區,新基,,475,雙溪區,雙溪,九分坑,246-75
雙溪區,新基,,476,雙溪區,雙溪,九分坑,246-21
雙溪區,新基,,477,雙溪區,雙溪,九分坑,246-20
雙溪區,新基,,478,雙溪區,雙溪,九分坑,249-29
雙溪區,新基,,479,雙溪區,雙溪,九分坑,249-28
雙溪區,新基,,480,雙溪區,雙溪,九分坑,248-22
雙溪區,新基,,481,雙溪區,雙溪,九分坑,246-68
雙溪區,新基,,482,雙溪區,雙溪,九分坑,246-22
雙溪區,新基,,483,雙溪區,雙溪,九分坑,248-23
雙溪區,新基,,484,雙溪區,雙溪,九分坑,249-24
雙溪區,新基,,485,雙溪區,雙溪,九分坑,249-23
雙溪區,新基,,486,雙溪區,雙溪,九分坑,249-30
雙溪區,新基,,487,雙溪區,雙溪,九分坑,248-24
雙溪區,新基,,488,雙溪區,雙溪,九分坑,248-5
雙溪區,新基,,489,雙溪區,雙溪,九分坑,246-74
雙溪區,新基,,49,雙溪區,雙溪,九分坑,211
雙溪區,新基,,490,雙溪區,雙溪,九分坑,248-26
雙溪區,新基,,491,雙溪區,雙溪,九分坑,248-25
雙溪區,新基,,492,雙溪區,雙溪,九分坑,249-17
雙溪區,新基,,493,雙溪區,雙溪,九分坑,249-55
雙溪區,新基,,494,雙溪區,雙溪,九分坑,248-4
雙溪區,新基,,495,雙溪區,雙溪,九分坑,248-21
雙溪區,新基,,496,雙溪區,雙溪,九分坑,248-6
雙溪區,新基,,497,雙溪區,雙溪,九分坑,248-12
雙溪區,新基,,498,雙溪區,雙溪,九分坑,248-13
雙溪區,新基,,499,雙溪區,雙溪,九分坑,248-14
雙溪區,新基,,5,雙溪區,雙溪,九分坑,276-11
雙溪區,新基,,50,雙溪區,雙溪,九分坑,304
雙溪區,新基,,500,雙溪區,雙溪,九分坑,248-8
雙溪區,新基,,501,雙溪區,雙溪,九分坑,248-15
雙溪區,新基,,502,雙溪區,雙溪,九分坑,248-9
雙溪區,新基,,503,雙溪區,雙溪,九分坑,248-27
雙溪區,新基,,504,雙溪區,雙溪,九分坑,248-17
雙溪區,新基,,505,雙溪區,雙溪,九分坑,248-7
雙溪區,新基,,506,雙溪區,雙溪,九分坑,248-11
雙溪區,新基,,507,雙溪區,雙溪,九分坑,248-18
雙溪區,新基,,508,雙溪區,雙溪,九分坑,248-19
雙溪區,新基,,509,雙溪區,雙溪,九分坑,248-10
雙溪區,新基,,51,雙溪區,雙溪,九分坑,304-9
雙溪區,新基,,510,雙溪區,雙溪,九分坑,248-3
雙溪區,新基,,511,雙溪區,雙溪,九分坑,248-20
雙溪區,新基,,512,雙溪區,雙溪,九分坑,249-53
雙溪區,新基,,513,雙溪區,雙溪,九分坑,249-15
雙溪區,新基,,514,雙溪區,雙溪,九分坑,249-14
雙溪區,新基,,515,雙溪區,雙溪,九分坑,249-13
雙溪區,新基,,516,雙溪區,雙溪,九分坑,249-56
雙溪區,新基,,517,雙溪區,雙溪,九分坑,249-19
雙溪區,新基,,518,雙溪區,雙溪,九分坑,249-54
雙溪區,新基,,519,雙溪區,雙溪,九分坑,249-20
雙溪區,新基,,52,雙溪區,雙溪,九分坑,304-11
雙溪區,新基,,520,雙溪區,雙溪,九分坑,249-52
雙溪區,新基,,521,雙溪區,雙溪,九分坑,249-44
雙溪區,新基,,522,雙溪區,雙溪,九分坑,249-18
雙溪區,新基,,523,雙溪區,雙溪,九分坑,249-48
雙溪區,新基,,524,雙溪區,雙溪,九分坑,249-49
雙溪區,新基,,525,雙溪區,雙溪,九分坑,249-45
雙溪區,新基,,526,雙溪區,雙溪,九分坑,249-46
雙溪區,新基,,527,雙溪區,雙溪,九分坑,249-50
雙溪區,新基,,528,雙溪區,雙溪,九分坑,249-51
雙溪區,新基,,529,雙溪區,雙溪,九分坑,249-47
雙溪區,新基,,53,雙溪區,雙溪,九分坑,246-111
雙溪區,新基,,530,雙溪區,雙溪,九分坑,249-40
雙溪區,新基,,531,雙溪區,雙溪,九分坑,249-12
雙溪區,新基,,532,雙溪區,雙溪,九分坑,249-2
雙溪區,新基,,533,雙溪區,雙溪,九分坑,249-8
雙溪區,新基,,534,雙溪區,雙溪,九分坑,249-11
雙溪區,新基,,535,雙溪區,雙溪,九分坑,249-10
雙溪區,新基,,536,雙溪區,雙溪,九分坑,249-16
雙溪區,新基,,537,雙溪區,雙溪,九分坑,249-21
雙溪區,新基,,538,雙溪區,雙溪,九分坑,249-39
雙溪區,新基,,539,雙溪區,雙溪,九分坑,249-38
雙溪區,新基,,54,雙溪區,雙溪,九分坑,246-113
雙溪區,新基,,540,雙溪區,雙溪,九分坑,249-9
雙溪區,新基,,541,雙溪區,雙溪,九分坑,249-1
雙溪區,新基,,542,雙溪區,雙溪,九分坑,249-37
雙溪區,新基,,543,雙溪區,雙溪,九分坑,236-14
雙溪區,新基,,544,雙溪區,雙溪,九分坑,236-10
雙溪區,新基,,545,雙溪區,雙溪,九分坑,236-34
雙溪區,新基,,546,雙溪區,雙溪,九分坑,236-30
雙溪區,新基,,547,雙溪區,雙溪,九分坑,236-31
雙溪區,新基,,548,雙溪區,雙溪,九分坑,236-35
雙溪區,新基,,549,雙溪區,雙溪,九分坑,236-41
雙溪區,新基,,55,雙溪區,雙溪,九分坑,246-73
雙溪區,新基,,550,雙溪區,雙溪,九分坑,236-38
雙溪區,新基,,551,雙溪區,雙溪,九分坑,236-39
雙溪區,新基,,552,雙溪區,雙溪,九分坑,236-42
雙溪區,新基,,553,雙溪區,雙溪,九分坑,236-36
雙溪區,新基,,554,雙溪區,雙溪,九分坑,236-32
雙溪區,新基,,555,雙溪區,雙溪,九分坑,236-23
雙溪區,新基,,556,雙溪區,雙溪,九分坑,236-1
雙溪區,新基,,557,雙溪區,雙溪,九分坑,236-43
雙溪區,新基,,558,雙溪區,雙溪,九分坑,236-40
雙溪區,新基,,559,雙溪區,雙溪,九分坑,236-9
雙溪區,新基,,56,雙溪區,雙溪,九分坑,272-3
雙溪區,新基,,560,雙溪區,雙溪,九分坑,236-44
雙溪區,新基,,561,雙溪區,雙溪,九分坑,236-37
雙溪區,新基,,562,雙溪區,雙溪,九分坑,236-33
雙溪區,新基,,563,雙溪區,雙溪,九分坑,236-13
雙溪區,新基,,564,雙溪區,雙溪,九分坑,236
雙溪區,新基,,565,雙溪區,雙溪,九分坑,236-11
雙溪區,新基,,566,雙溪區,雙溪,九分坑,236-12
雙溪區,新基,,567,雙溪區,雙溪,九分坑,236-8
雙溪區,新基,,568,雙溪區,雙溪,九分坑,235-4
雙溪區,新基,,569,雙溪區,雙溪,九分坑,249-36
雙溪區,新基,,57,雙溪區,雙溪,九分坑,272-8
雙溪區,新基,,570,雙溪區,雙溪,九分坑,235-1
雙溪區,新基,,571,雙溪區,雙溪,九分坑,249-58
雙溪區,新基,,572,雙溪區,雙溪,九分坑,250-41
雙溪區,新基,,573,雙溪區,雙溪,九分坑,250-42
雙溪區,新基,,574,雙溪區,雙溪,九分坑,250-43
雙溪區,新基,,575,雙溪區,雙溪,九分坑,250-56
雙溪區,新基,,576,雙溪區,雙溪,九分坑,249-5
雙溪區,新基,,577,雙溪區,雙溪,九分坑,249-6
雙溪區,新基,,578,雙溪區,雙溪,九分坑,250-66
雙溪區,新基,,579,雙溪區,雙溪,九分坑,250-44
雙溪區,新基,,58,雙溪區,雙溪,九分坑,272-9
雙溪區,新基,,580,雙溪區,雙溪,九分坑,246-5
雙溪區,新基,,581,雙溪區,雙溪,九分坑,250-37
雙溪區,新基,,582,雙溪區,雙溪,九分坑,251-20
雙溪區,新基,,583,雙溪區,雙溪,九分坑,251-12
雙溪區,新基,,584,雙溪區,雙溪,九分坑,250-36
雙溪區,新基,,585,雙溪區,雙溪,九分坑,250-35
雙溪區,新基,,586,雙溪區,雙溪,九分坑,251-13
雙溪區,新基,,587,雙溪區,雙溪,九分坑,251-14
雙溪區,新基,,588,雙溪區,雙溪,九分坑,250-34
雙溪區,新基,,589,雙溪區,雙溪,九分坑,250-33
雙溪區,新基,,59,雙溪區,雙溪,九分坑,272-4
雙溪區,新基,,590,雙溪區,雙溪,九分坑,251-42
雙溪區,新基,,591,雙溪區,雙溪,九分坑,251-44
雙溪區,新基,,592,雙溪區,雙溪,九分坑,250-32
雙溪區,新基,,593,雙溪區,雙溪,九分坑,250-31
雙溪區,新基,,594,雙溪區,雙溪,九分坑,251-43
雙溪區,新基,,595,雙溪區,雙溪,九分坑,251-31
雙溪區,新基,,596,雙溪區,雙溪,九分坑,250-30
雙溪區,新基,,597,雙溪區,雙溪,九分坑,250-29
雙溪區,新基,,598,雙溪區,雙溪,九分坑,251-15
雙溪區,新基,,599,雙溪區,雙溪,九分坑,251-4
雙溪區,新基,,6,雙溪區,雙溪,九分坑,276-13
雙溪區,新基,,60,雙溪區,雙溪,九分坑,272-10
雙溪區,新基,,600,雙溪區,雙溪,九分坑,251-5
雙溪區,新基,,601,雙溪區,雙溪,九分坑,250-27
雙溪區,新基,,602,雙溪區,雙溪,九分坑,250-28
雙溪區,新基,,603,雙溪區,雙溪,九分坑,250-26
雙溪區,新基,,604,雙溪區,雙溪,九分坑,250-25
雙溪區,新基,,605,雙溪區,雙溪,九分坑,251-86
雙溪區,新基,,606,雙溪區,雙溪,九分坑,251-6
雙溪區,新基,,607,雙溪區,雙溪,九分坑,250-40
雙溪區,新基,,608,雙溪區,雙溪,九分坑,251-2
雙溪區,新基,,609,雙溪區,雙溪,九分坑,251-61
雙溪區,新基,,61,雙溪區,雙溪,九分坑,272-11
雙溪區,新基,,610,雙溪區,雙溪,九分坑,251-71
雙溪區,新基,,611,雙溪區,雙溪,九分坑,251-30
雙溪區,新基,,612,雙溪區,雙溪,九分坑,251-85
雙溪區,新基,,613,雙溪區,雙溪,九分坑,252-31
雙溪區,新基,,614,雙溪區,雙溪,九分坑,251-84
雙溪區,新基,,615,雙溪區,雙溪,九分坑,251-48
雙溪區,新基,,616,雙溪區,雙溪,九分坑,251-70
雙溪區,新基,,617,雙溪區,雙溪,九分坑,251-69
雙溪區,新基,,618,雙溪區,雙溪,九分坑,251-46
雙溪區,新基,,619,雙溪區,雙溪,九分坑,251-36
雙溪區,新基,,62,雙溪區,雙溪,九分坑,272-7
雙溪區,新基,,620,雙溪區,雙溪,九分坑,251-68
雙溪區,新基,,621,雙溪區,雙溪,九分坑,251-67
雙溪區,新基,,622,雙溪區,雙溪,九分坑,251-34
雙溪區,新基,,623,雙溪區,雙溪,九分坑,251-3
雙溪區,新基,,624,雙溪區,雙溪,九分坑,251-66
雙溪區,新基,,625,雙溪區,雙溪,九分坑,251-65
雙溪區,新基,,626,雙溪區,雙溪,九分坑,251-18
雙溪區,新基,,627,雙溪區,雙溪,九分坑,251-16
雙溪區,新基,,628,雙溪區,雙溪,九分坑,251-64
雙溪區,新基,,629,雙溪區,雙溪,九分坑,251-63
雙溪區,新基,,63,雙溪區,雙溪,九分坑,273
雙溪區,新基,,630,雙溪區,雙溪,九分坑,251-17
雙溪區,新基,,631,雙溪區,雙溪,九分坑,251-24
雙溪區,新基,,632,雙溪區,雙溪,九分坑,251-25
雙溪區,新基,,633,雙溪區,雙溪,九分坑,251-26
雙溪區,新基,,634,雙溪區,雙溪,九分坑,251-27
雙溪區,新基,,635,雙溪區,雙溪,九分坑,251-28
雙溪區,新基,,636,雙溪區,雙溪,九分坑,251-29
雙溪區,新基,,637,雙溪區,雙溪,九分坑,251-53
雙溪區,新基,,638,雙溪區,雙溪,九分坑,252-2
雙溪區,新基,,639,雙溪區,雙溪,九分坑,252-33
雙溪區,新基,,64,雙溪區,雙溪,九分坑,273-16
雙溪區,新基,,640,雙溪區,雙溪,九分坑,252-34
雙溪區,新基,,641,雙溪區,雙溪,九分坑,252-35
雙溪區,新基,,642,雙溪區,雙溪,九分坑,252-36
雙溪區,新基,,643,雙溪區,雙溪,九分坑,252-37
雙溪區,新基,,644,雙溪區,雙溪,九分坑,251-91
雙溪區,新基,,645,雙溪區,雙溪,九分坑,251-90
雙溪區,新基,,646,雙溪區,雙溪,九分坑,251-89
雙溪區,新基,,647,雙溪區,雙溪,九分坑,251-32
雙溪區,新基,,648,雙溪區,雙溪,九分坑,251-92
雙溪區,新基,,649,雙溪區,雙溪,九分坑,251-23
雙溪區,新基,,65,雙溪區,雙溪,九分坑,273-21
雙溪區,新基,,650,雙溪區,雙溪,九分坑,252-1
雙溪區,新基,,651,雙溪區,雙溪,九分坑,274-10
雙溪區,新基,,652,雙溪區,雙溪,九分坑,251-87
雙溪區,新基,,653,雙溪區,雙溪,九分坑,251-52
雙溪區,新基,,654,雙溪區,雙溪,九分坑,251-47
雙溪區,新基,,655,雙溪區,雙溪,九分坑,251-51
雙溪區,新基,,656,雙溪區,雙溪,九分坑,251-50
雙溪區,新基,,657,雙溪區,雙溪,九分坑,251-49
雙溪區,新基,,658,雙溪區,雙溪,九分坑,251-22
雙溪區,新基,,659,雙溪區,雙溪,九分坑,251-60
雙溪區,新基,,66,雙溪區,雙溪,九分坑,272-6
雙溪區,新基,,660,雙溪區,雙溪,九分坑,251-10
雙溪區,新基,,661,雙溪區,雙溪,九分坑,251-11
雙溪區,新基,,662,雙溪區,雙溪,九分坑,251-19
雙溪區,新基,,663,雙溪區,雙溪,九分坑,251-35
雙溪區,新基,,664,雙溪區,雙溪,九分坑,251-59
雙溪區,新基,,665,雙溪區,雙溪,九分坑,251-21
雙溪區,新基,,666,雙溪區,雙溪,九分坑,252-41
雙溪區,新基,,667,雙溪區,雙溪,九分坑,250-87
雙溪區,新基,,668,雙溪區,雙溪,九分坑,250-2
雙溪區,新基,,669,雙溪區,雙溪,九分坑,251-9
雙溪區,新基,,67,雙溪區,雙溪,九分坑,272-5
雙溪區,新基,,670,雙溪區,雙溪,九分坑,251-8
雙溪區,新基,,671,雙溪區,雙溪,九分坑,250-59
雙溪區,新基,,672,雙溪區,雙溪,九分坑,251-7
雙溪區,新基,,673,雙溪區,雙溪,九分坑,250-21
雙溪區,新基,,674,雙溪區,雙溪,九分坑,250-22
雙溪區,新基,,675,雙溪區,雙溪,九分坑,250-23
雙溪區,新基,,676,雙溪區,雙溪,九分坑,250-24
雙溪區,新基,,677,雙溪區,雙溪,九分坑,250-20
雙溪區,新基,,678,雙溪區,雙溪,九分坑,250-19
雙溪區,新基,,679,雙溪區,雙溪,九分坑,250-47
雙溪區,新基,,68,雙溪區,雙溪,九分坑,273-20
雙溪區,新基,,680,雙溪區,雙溪,九分坑,250-46
雙溪區,新基,,681,雙溪區,雙溪,九分坑,250-45
雙溪區,新基,,682,雙溪區,雙溪,九分坑,250-18
雙溪區,新基,,683,雙溪區,雙溪,九分坑,250-17
雙溪區,新基,,684,雙溪區,雙溪,九分坑,250-16
雙溪區,新基,,685,雙溪區,雙溪,九分坑,250-15
雙溪區,新基,,686,雙溪區,雙溪,九分坑,250-89
雙溪區,新基,,687,雙溪區,雙溪,九分坑,250-88
雙溪區,新基,,688,雙溪區,雙溪,九分坑,250-90
雙溪區,新基,,689,雙溪區,雙溪,九分坑,250-14
雙溪區,新基,,69,雙溪區,雙溪,九分坑,273-17
雙溪區,新基,,690,雙溪區,雙溪,九分坑,250-13
雙溪區,新基,,691,雙溪區,雙溪,九分坑,250-91
雙溪區,新基,,692,雙溪區,雙溪,九分坑,250-92
雙溪區,新基,,693,雙溪區,雙溪,九分坑,250-12
雙溪區,新基,,694,雙溪區,雙溪,九分坑,250-11
雙溪區,新基,,695,雙溪區,雙溪,九分坑,250-93
雙溪區,新基,,696,雙溪區,雙溪,九分坑,250-94
雙溪區,新基,,697,雙溪區,雙溪,九分坑,250-10
雙溪區,新基,,698,雙溪區,雙溪,九分坑,250-9
雙溪區,新基,,699,雙溪區,雙溪,九分坑,250-95
雙溪區,新基,,7,雙溪區,雙溪,九分坑,276-14
雙溪區,新基,,70,雙溪區,雙溪,九分坑,273-18
雙溪區,新基,,700,雙溪區,雙溪,九分坑,250-96
雙溪區,新基,,701,雙溪區,雙溪,九分坑,250-8
雙溪區,新基,,702,雙溪區,雙溪,九分坑,250-7
雙溪區,新基,,703,雙溪區,雙溪,九分坑,250-97
雙溪區,新基,,704,雙溪區,雙溪,九分坑,250-98
雙溪區,新基,,705,雙溪區,雙溪,九分坑,250-99
雙溪區,新基,,706,雙溪區,雙溪,九分坑,250-1
雙溪區,新基,,707,雙溪區,雙溪,九分坑,250-3
雙溪區,新基,,708,雙溪區,雙溪,九分坑,250-4
雙溪區,新基,,709,雙溪區,雙溪,九分坑,250-86
雙溪區,新基,,71,雙溪區,雙溪,九分坑,273-19
雙溪區,新基,,710,雙溪區,雙溪,九分坑,250-85
雙溪區,新基,,711,雙溪區,雙溪,九分坑,250-5
雙溪區,新基,,712,雙溪區,雙溪,九分坑,250-6
雙溪區,新基,,713,雙溪區,雙溪,九分坑,250-51
雙溪區,新基,,714,雙溪區,雙溪,九分坑,250-49
雙溪區,新基,,715,雙溪區,雙溪,雙溪,194-3
雙溪區,新基,,716,雙溪區,雙溪,九分坑,250-80
雙溪區,新基,,717,雙溪區,雙溪,九分坑,250-101
雙溪區,新基,,718,雙溪區,雙溪,九分坑,250-100
雙溪區,新基,,719,雙溪區,雙溪,九分坑,250-50
雙溪區,新基,,72,雙溪區,雙溪,九分坑,272
雙溪區,新基,,720,雙溪區,雙溪,九分坑,250-48
雙溪區,新基,,721,雙溪區,雙溪,九分坑,250-84
雙溪區,新基,,722,雙溪區,雙溪,九分坑,250
雙溪區,新基,,723,雙溪區,雙溪,九分坑,250-83
雙溪區,新基,,724,雙溪區,雙溪,九分坑,235-10
雙溪區,新基,,725,雙溪區,雙溪,九分坑,235-11
雙溪區,新基,,726,雙溪區,雙溪,九分坑,235-12
雙溪區,新基,,727,雙溪區,雙溪,九分坑,235-2
雙溪區,新基,,728,雙溪區,雙溪,九分坑,235-13
雙溪區,新基,,729,雙溪區,雙溪,九分坑,250-102
雙溪區,新基,,73,雙溪區,雙溪,九分坑,273-12
雙溪區,新基,,730,雙溪區,雙溪,九分坑,235
雙溪區,新基,,731,雙溪區,雙溪,九分坑,235-7
雙溪區,新基,,732,雙溪區,雙溪,九分坑,235-8
雙溪區,新基,,733,雙溪區,雙溪,九分坑,235-9
雙溪區,新基,,734,雙溪區,雙溪,九分坑,236-29
雙溪區,新基,,735,雙溪區,雙溪,九分坑,236-20
雙溪區,新基,,736,雙溪區,雙溪,雙溪,107-1
雙溪區,新基,,737,雙溪區,雙溪,九分坑,235-5
雙溪區,新基,,738,雙溪區,雙溪,九分坑,235-14
雙溪區,新基,,739,雙溪區,雙溪,九分坑,235-6
雙溪區,新基,,74,雙溪區,雙溪,九分坑,273-3
雙溪區,新基,,740,雙溪區,雙溪,九分坑,234-4
雙溪區,新基,,741,雙溪區,雙溪,九分坑,234
雙溪區,新基,,742,雙溪區,雙溪,九分坑,236-22
雙溪區,新基,,743,雙溪區,雙溪,九分坑,233-20
雙溪區,新基,,744,雙溪區,雙溪,九分坑,233-23
雙溪區,新基,,745,雙溪區,雙溪,九分坑,233-21
雙溪區,新基,,746,雙溪區,雙溪,九分坑,233-24
雙溪區,新基,,747,雙溪區,雙溪,九分坑,233-22
雙溪區,新基,,748,雙溪區,雙溪,雙溪,107-6
雙溪區,新基,,749,雙溪區,雙溪,九分坑,233-18
雙溪區,新基,,75,雙溪區,雙溪,九分坑,273-4
雙溪區,新基,,750,雙溪區,雙溪,九分坑,233-19
雙溪區,新基,,751,雙溪區,雙溪,九分坑,233-14
雙溪區,新基,,752,雙溪區,雙溪,九分坑,233-10
雙溪區,新基,,753,雙溪區,雙溪,九分坑,233-2
雙溪區,新基,,754,雙溪區,雙溪,雙溪,207-4
雙溪區,新基,,755,雙溪區,雙溪,雙溪,207-1
雙溪區,新基,,756,雙溪區,魚行,新店,30-1
雙溪區,新基,,757,雙溪區,魚行,新店,26
雙溪區,新基,,758,雙溪區,魚行,新店,25
雙溪區,新基,,76,雙溪區,雙溪,九分坑,273-5
雙溪區,新基,,760,雙溪區,魚行,新店,28
雙溪區,新基,,761,雙溪區,魚行,新店,27
雙溪區,新基,,762,雙溪區,魚行,新店,29
雙溪區,新基,,763,雙溪區,魚行,新店,29-1
雙溪區,新基,,764,雙溪區,魚行,新店,29-4
雙溪區,新基,,765,雙溪區,魚行,新店,29-3
雙溪區,新基,,766,雙溪區,魚行,新店,29-2
雙溪區,新基,,767,雙溪區,魚行,新店,30
雙溪區,新基,,768,雙溪區,魚行,新店,30-6
雙溪區,新基,,769,雙溪區,魚行,新店,1-1
雙溪區,新基,,77,雙溪區,雙溪,九分坑,273-6
雙溪區,新基,,770,雙溪區,魚行,新店,1-2
雙溪區,新基,,771,雙溪區,魚行,新店,32
雙溪區,新基,,772,雙溪區,魚行,新店,7
雙溪區,新基,,773,雙溪區,魚行,新店,4
雙溪區,新基,,775,雙溪區,魚行,新店,3
雙溪區,新基,,776,雙溪區,魚行,新店,5
雙溪區,新基,,777,雙溪區,魚行,新店,6
雙溪區,新基,,778,雙溪區,魚行,新店,2
雙溪區,新基,,779,雙溪區,魚行,新店,1
雙溪區,新基,,78,雙溪區,雙溪,九分坑,273-7
雙溪區,新基,,780,雙溪區,魚行,新店,1-3
雙溪區,新基,,781,雙溪區,魚行,新店,32-4
雙溪區,新基,,782,雙溪區,魚行,新店,32-2
雙溪區,新基,,783,雙溪區,魚行,粗坑子,41-6
雙溪區,新基,,784,雙溪區,魚行,粗坑子,41-3
雙溪區,新基,,785,雙溪區,魚行,粗坑子,41-5
雙溪區,新基,,786,雙溪區,魚行,粗坑子,41-2
雙溪區,新基,,787,雙溪區,魚行,粗坑子,41-14
雙溪區,新基,,789,雙溪區,魚行,粗坑子,41-13
雙溪區,新基,,79,雙溪區,雙溪,九分坑,273-8
雙溪區,新基,,790,雙溪區,魚行,粗坑子,41-16
雙溪區,新基,,791,雙溪區,魚行,頂坪,1-9
雙溪區,新基,,792,雙溪區,魚行,頂坪,1-8
雙溪區,新基,,793,雙溪區,魚行,新店,15-11
雙溪區,新基,,795,雙溪區,魚行,新店,15-10
雙溪區,新基,,796,雙溪區,魚行,新店,15-9
雙溪區,新基,,797,雙溪區,魚行,新店,11-15
雙溪區,新基,,798,雙溪區,魚行,新店,11
雙溪區,新基,,799,雙溪區,魚行,新店,11-13
雙溪區,新基,,8,雙溪區,雙溪,九分坑,276-10
雙溪區,新基,,80,雙溪區,雙溪,九分坑,273-10
雙溪區,新基,,800,雙溪區,魚行,新店,32-1
雙溪區,新基,,801,雙溪區,魚行,新店,7-1
雙溪區,新基,,802,雙溪區,魚行,新店,30-4
雙溪區,新基,,803,雙溪區,魚行,新店,31
雙溪區,新基,,804,雙溪區,魚行,新店,8
雙溪區,新基,,805,雙溪區,魚行,新店,9
雙溪區,新基,,806,雙溪區,魚行,新店,10
雙溪區,新基,,807,雙溪區,魚行,新店,20
雙溪區,新基,,808,雙溪區,魚行,新店,11-12
雙溪區,新基,,809,雙溪區,魚行,新店,17
雙溪區,新基,,81,雙溪區,雙溪,九分坑,273-11
雙溪區,新基,,810,雙溪區,魚行,新店,11-8
雙溪區,新基,,811,雙溪區,魚行,新店,17-3
雙溪區,新基,,812,雙溪區,魚行,新店,17-4
雙溪區,新基,,813,雙溪區,魚行,新店,12-3
雙溪區,新基,,814,雙溪區,魚行,新店,12-2
雙溪區,新基,,815,雙溪區,魚行,新店,12-1
雙溪區,新基,,816,雙溪區,魚行,新店,12
雙溪區,新基,,817,雙溪區,魚行,新店,13-3
雙溪區,新基,,818,雙溪區,魚行,新店,11-11
雙溪區,新基,,82,雙溪區,雙溪,九分坑,273-9
雙溪區,新基,,820,雙溪區,魚行,新店,15-22
雙溪區,新基,,821,雙溪區,魚行,新店,15
雙溪區,新基,,822,雙溪區,魚行,新店,15-23
雙溪區,新基,,823,雙溪區,魚行,新店,15-7
雙溪區,新基,,824,雙溪區,魚行,新店,15-21
雙溪區,新基,,825,雙溪區,魚行,新店,15-27
雙溪區,新基,,826,雙溪區,魚行,新店,17-7
雙溪區,新基,,827,雙溪區,魚行,新店,15-24
雙溪區,新基,,828,雙溪區,魚行,新店,15-1
雙溪區,新基,,829,雙溪區,魚行,新店,15-20
雙溪區,新基,,83,雙溪區,雙溪,九分坑,273-1
雙溪區,新基,,830,雙溪區,魚行,新店,15-19
雙溪區,新基,,831,雙溪區,魚行,新店,15-4
雙溪區,新基,,832,雙溪區,魚行,新店,15-25
雙溪區,新基,,833,雙溪區,魚行,新店,16-2
雙溪區,新基,,834,雙溪區,魚行,新店,18-41
雙溪區,新基,,835,雙溪區,魚行,新店,18-29
雙溪區,新基,,836,雙溪區,魚行,新店,17-1
雙溪區,新基,,837,雙溪區,魚行,新店,17-2
雙溪區,新基,,838,雙溪區,魚行,新店,17-6
雙溪區,新基,,839,雙溪區,魚行,新店,18-16
雙溪區,新基,,84,雙溪區,雙溪,九分坑,273-15
雙溪區,新基,,840,雙溪區,魚行,新店,18-39
雙溪區,新基,,841,雙溪區,魚行,新店,17-5
雙溪區,新基,,842,雙溪區,魚行,新店,19-3
雙溪區,新基,,843,雙溪區,魚行,新店,19
雙溪區,新基,,844,雙溪區,魚行,新店,11-10
雙溪區,新基,,845,雙溪區,魚行,新店,11-14
雙溪區,新基,,846,雙溪區,魚行,新店,19-2
雙溪區,新基,,847,雙溪區,魚行,新店,18-6
雙溪區,新基,,848,雙溪區,魚行,新店,32-3
雙溪區,新基,,849,雙溪區,魚行,新店,22
雙溪區,新基,,85,雙溪區,雙溪,九分坑,273-2
雙溪區,新基,,850,雙溪區,魚行,新店,30-3
雙溪區,新基,,851,雙溪區,魚行,新店,25-1
雙溪區,新基,,852,雙溪區,魚行,新店,26-1
雙溪區,新基,,853,雙溪區,魚行,新店,30-2
雙溪區,新基,,854,雙溪區,魚行,新店,24
雙溪區,新基,,855,雙溪區,魚行,新店,23
雙溪區,新基,,856,雙溪區,魚行,新店,18-5
雙溪區,新基,,857,雙溪區,魚行,新店,18-3
雙溪區,新基,,858,雙溪區,魚行,新店,18-49
雙溪區,新基,,859,雙溪區,雙溪,雙溪,3
雙溪區,新基,,86,雙溪區,雙溪,九分坑,272-1
雙溪區,新基,,860,雙溪區,雙溪,雙溪,3-3
雙溪區,新基,,861,雙溪區,雙溪,雙溪,3-4
雙溪區,新基,,862,雙溪區,魚行,新店,18-46
雙溪區,新基,,863,雙溪區,魚行,新店,18-44
雙溪區,新基,,864,雙溪區,魚行,新店,18-1
雙溪區,新基,,865,雙溪區,魚行,新店,18-43
雙溪區,新基,,866,雙溪區,魚行,新店,18-42
雙溪區,新基,,867,雙溪區,魚行,新店,18-24
雙溪區,新基,,868,雙溪區,魚行,新店,18-7
雙溪區,新基,,869,雙溪區,魚行,新店,18-8
雙溪區,新基,,87,雙溪區,雙溪,九分坑,246-2
雙溪區,新基,,870,雙溪區,魚行,新店,18-9
雙溪區,新基,,871,雙溪區,魚行,新店,18-10
雙溪區,新基,,872,雙溪區,魚行,新店,18-23
雙溪區,新基,,873,雙溪區,魚行,新店,18-22
雙溪區,新基,,874,雙溪區,魚行,新店,18-11
雙溪區,新基,,875,雙溪區,魚行,新店,18-12
雙溪區,新基,,876,雙溪區,魚行,新店,18-13
雙溪區,新基,,877,雙溪區,魚行,新店,18-14
雙溪區,新基,,878,雙溪區,魚行,新店,18-21
雙溪區,新基,,879,雙溪區,魚行,新店,18-20
雙溪區,新基,,88,雙溪區,雙溪,九分坑,246-125
雙溪區,新基,,880,雙溪區,魚行,新店,18-19
雙溪區,新基,,881,雙溪區,魚行,新店,18-15
雙溪區,新基,,882,雙溪區,魚行,新店,18-30
雙溪區,新基,,883,雙溪區,魚行,新店,18-45
雙溪區,新基,,884,雙溪區,魚行,新店,18-18
雙溪區,新基,,885,雙溪區,魚行,新店,18-31
雙溪區,新基,,886,雙溪區,魚行,新店,18-38
雙溪區,新基,,887,雙溪區,魚行,新店,18-37
雙溪區,新基,,888,雙溪區,魚行,新店,18-51
雙溪區,新基,,889,雙溪區,魚行,新店,18-32
雙溪區,新基,,89,雙溪區,雙溪,九分坑,246-1
雙溪區,新基,,890,雙溪區,魚行,新店,18-33
雙溪區,新基,,891,雙溪區,魚行,新店,18-36
雙溪區,新基,,892,雙溪區,魚行,新店,18-17
雙溪區,新基,,893,雙溪區,魚行,新店,18-34
雙溪區,新基,,894,雙溪區,魚行,新店,18-35
雙溪區,新基,,895,雙溪區,魚行,新店,18-28
雙溪區,新基,,896,雙溪區,魚行,新店,18-27
雙溪區,新基,,897,雙溪區,魚行,新店,18-48
雙溪區,新基,,898,雙溪區,魚行,新店,18-47
雙溪區,新基,,899,雙溪區,魚行,新店,18-50
雙溪區,新基,,9,雙溪區,雙溪,九分坑,213-7
雙溪區,新基,,90,雙溪區,雙溪,九分坑,246-114
雙溪區,新基,,900,雙溪區,魚行,新店,18-26
雙溪區,新基,,901,雙溪區,魚行,新店,18-25
雙溪區,新基,,902,雙溪區,魚行,新店,16-44
雙溪區,新基,,903,雙溪區,魚行,新店,16
雙溪區,新基,,904,雙溪區,魚行,新店,16-45
雙溪區,新基,,905,雙溪區,魚行,新店,16-46
雙溪區,新基,,906,雙溪區,魚行,新店,16-6
雙溪區,新基,,907,雙溪區,魚行,新店,16-7
雙溪區,新基,,908,雙溪區,魚行,新店,16-8
雙溪區,新基,,909,雙溪區,魚行,新店,16-9
雙溪區,新基,,91,雙溪區,雙溪,九分坑,260
雙溪區,新基,,910,雙溪區,魚行,新店,18-40
雙溪區,新基,,911,雙溪區,魚行,新店,16-18
雙溪區,新基,,912,雙溪區,魚行,新店,16-17
雙溪區,新基,,913,雙溪區,魚行,新店,16-28
雙溪區,新基,,914,雙溪區,魚行,新店,16-27
雙溪區,新基,,915,雙溪區,魚行,新店,16-26
雙溪區,新基,,916,雙溪區,魚行,新店,16-22
雙溪區,新基,,917,雙溪區,魚行,新店,16-31
雙溪區,新基,,918,雙溪區,魚行,新店,16-23
雙溪區,新基,,919,雙溪區,魚行,新店,16-29
雙溪區,新基,,92,雙溪區,雙溪,九分坑,260-3
雙溪區,新基,,920,雙溪區,魚行,新店,16-24
雙溪區,新基,,921,雙溪區,魚行,新店,16-30
雙溪區,新基,,922,雙溪區,魚行,新店,16-19
雙溪區,新基,,923,雙溪區,魚行,新店,16-41
雙溪區,新基,,924,雙溪區,魚行,新店,16-40
雙溪區,新基,,925,雙溪區,魚行,新店,16-43
雙溪區,新基,,926,雙溪區,魚行,新店,16-39
雙溪區,新基,,927,雙溪區,魚行,新店,16-38
雙溪區,新基,,928,雙溪區,魚行,新店,16-37
雙溪區,新基,,929,雙溪區,魚行,新店,16-20
雙溪區,新基,,93,雙溪區,雙溪,九分坑,260-4
雙溪區,新基,,930,雙溪區,魚行,新店,16-4
雙溪區,新基,,931,雙溪區,魚行,新店,16-32
雙溪區,新基,,932,雙溪區,魚行,新店,16-33
雙溪區,新基,,933,雙溪區,魚行,新店,16-34
雙溪區,新基,,934,雙溪區,魚行,新店,16-42
雙溪區,新基,,935,雙溪區,魚行,新店,16-35
雙溪區,新基,,936,雙溪區,魚行,新店,16-36
雙溪區,新基,,937,雙溪區,魚行,新店,16-1
雙溪區,新基,,938,雙溪區,魚行,新店,15-2
雙溪區,新基,,939,雙溪區,魚行,新店,15-12
雙溪區,新基,,94,雙溪區,雙溪,九分坑,260-5
雙溪區,新基,,940,雙溪區,魚行,新店,15-18
雙溪區,新基,,941,雙溪區,魚行,新店,15-16
雙溪區,新基,,942,雙溪區,魚行,新店,15-17
雙溪區,新基,,943,雙溪區,魚行,新店,15-5
雙溪區,新基,,944,雙溪區,魚行,新店,15-13
雙溪區,新基,,945,雙溪區,魚行,新店,15-26
雙溪區,新基,,946,雙溪區,雙溪,雙溪,58-14
雙溪區,新基,,947,雙溪區,雙溪,雙溪,58-15
雙溪區,新基,,948,雙溪區,魚行,新店,15-3
雙溪區,新基,,949,雙溪區,雙溪,雙溪,58-16
雙溪區,新基,,95,雙溪區,雙溪,九分坑,260-2
雙溪區,新基,,950,雙溪區,雙溪,雙溪,58-4
雙溪區,新基,,951,雙溪區,雙溪,雙溪,58-3
雙溪區,新基,,952,雙溪區,雙溪,雙溪,58-12
雙溪區,新基,,955,雙溪區,雙溪,雙溪,58-11
雙溪區,新基,,956,雙溪區,雙溪,雙溪,58-18
雙溪區,新基,,957,雙溪區,雙溪,雙溪,58-2
雙溪區,新基,,958,雙溪區,雙溪,雙溪,57-13
雙溪區,新基,,959,雙溪區,雙溪,雙溪,57-12
雙溪區,新基,,96,雙溪區,雙溪,九分坑,304-7
雙溪區,新基,,960,雙溪區,雙溪,雙溪,57-4
雙溪區,新基,,961,雙溪區,雙溪,雙溪,57-2
雙溪區,新基,,962,雙溪區,雙溪,雙溪,57-10
雙溪區,新基,,963,雙溪區,雙溪,雙溪,57-1
雙溪區,新基,,964,雙溪區,雙溪,雙溪,57-16
雙溪區,新基,,965,雙溪區,雙溪,雙溪,57-14
雙溪區,新基,,966,雙溪區,雙溪,雙溪,57-15
雙溪區,新基,,967,雙溪區,雙溪,雙溪,56-1
雙溪區,新基,,968,雙溪區,雙溪,雙溪,4-3
雙溪區,新基,,969,雙溪區,雙溪,雙溪,4-1
雙溪區,新基,,97,雙溪區,雙溪,九分坑,304-14
雙溪區,新基,,970,雙溪區,雙溪,雙溪,2-3
雙溪區,新基,,971,雙溪區,雙溪,雙溪,2-1
雙溪區,新基,,972,雙溪區,雙溪,雙溪,4
雙溪區,新基,,973,雙溪區,雙溪,雙溪,5
雙溪區,新基,,974,雙溪區,雙溪,雙溪,5-1
雙溪區,新基,,975,雙溪區,雙溪,雙溪,5-2
雙溪區,新基,,976,雙溪區,雙溪,雙溪,6-3
雙溪區,新基,,977,雙溪區,雙溪,雙溪,6-2
雙溪區,新基,,978,雙溪區,雙溪,雙溪,4-2
雙溪區,新基,,979,雙溪區,雙溪,雙溪,55-2
雙溪區,新基,,98,雙溪區,雙溪,九分坑,304-8
雙溪區,新基,,980,雙溪區,雙溪,雙溪,56
雙溪區,新基,,981,雙溪區,雙溪,雙溪,57-3
雙溪區,新基,,982,雙溪區,雙溪,雙溪,57-8
雙溪區,新基,,983,雙溪區,雙溪,雙溪,59-3
雙溪區,新基,,984,雙溪區,雙溪,雙溪,58-17
雙溪區,新基,,985,雙溪區,雙溪,雙溪,58-1
雙溪區,新基,,986,雙溪區,雙溪,雙溪,58
雙溪區,新基,,987,雙溪區,雙溪,雙溪,58-10
雙溪區,新基,,988,雙溪區,雙溪,雙溪,58-9
雙溪區,新基,,989,雙溪區,雙溪,雙溪,59-17
雙溪區,新基,,99,雙溪區,雙溪,九分坑,304-10
雙溪區,新基,,990,雙溪區,雙溪,雙溪,60-8
雙溪區,新基,,991,雙溪區,雙溪,雙溪,60-4
雙溪區,新基,,992,雙溪區,雙溪,雙溪,59-1
雙溪區,新基,,993,雙溪區,雙溪,雙溪,59-4
雙溪區,新基,,994,雙溪區,雙溪,雙溪,58-8
雙溪區,新基,,995,雙溪區,雙溪,雙溪,58-19
雙溪區,新基,,996,雙溪區,雙溪,雙溪,59-20
雙溪區,新基,,997,雙溪區,雙溪,雙溪,59-19
雙溪區,新基,,998,雙溪區,雙溪,雙溪,59-5
雙溪區,新基,,999,雙溪區,雙溪,雙溪,59-9
雙溪區,泰和,,1,雙溪區,平林,麻竹坑,1-2
雙溪區,泰和,,10,雙溪區,平林,麻竹坑,43-2
雙溪區,泰和,,100,雙溪區,平林,麻竹坑,25-41
雙溪區,泰和,,1000,雙溪區,平林,麻竹坑,45-9
雙溪區,泰和,,101,雙溪區,平林,麻竹坑,25-51
雙溪區,泰和,,102,雙溪區,平林,麻竹坑,25-53
雙溪區,泰和,,103,雙溪區,平林,麻竹坑,25-26
雙溪區,泰和,,104,雙溪區,平林,麻竹坑,25-8
雙溪區,泰和,,105,雙溪區,平林,麻竹坑,25-7
雙溪區,泰和,,106,雙溪區,平林,麻竹坑,25-9
雙溪區,泰和,,107,雙溪區,平林,麻竹坑,25-10
雙溪區,泰和,,108,雙溪區,平林,麻竹坑,25-3
雙溪區,泰和,,109,雙溪區,平林,麻竹坑,25-5
雙溪區,泰和,,11,雙溪區,平林,麻竹坑,43-7
雙溪區,泰和,,110,雙溪區,平林,麻竹坑,25-6
雙溪區,泰和,,111,雙溪區,平林,麻竹坑,25-4
雙溪區,泰和,,112,雙溪區,平林,麻竹坑,25-1
雙溪區,泰和,,113,雙溪區,平林,麻竹坑,25-63
雙溪區,泰和,,114,雙溪區,平林,麻竹坑,28-6
雙溪區,泰和,,115,雙溪區,平林,麻竹坑,22-1
雙溪區,泰和,,116,雙溪區,平林,麻竹坑,23-1
雙溪區,泰和,,117,雙溪區,平林,麻竹坑,24-4
雙溪區,泰和,,118,雙溪區,平林,麻竹坑,30-3
雙溪區,泰和,,119,雙溪區,平林,麻竹坑,24-2
雙溪區,泰和,,12,雙溪區,平林,麻竹坑,43-10
雙溪區,泰和,,120,雙溪區,平林,麻竹坑,65-12
雙溪區,泰和,,121,雙溪區,平林,麻竹坑,25-47
雙溪區,泰和,,122,雙溪區,平林,麻竹坑,25-50
雙溪區,泰和,,123,雙溪區,平林,麻竹坑,25-52
雙溪區,泰和,,124,雙溪區,平林,麻竹坑,25-54
雙溪區,泰和,,125,雙溪區,平林,麻竹坑,22-5
雙溪區,泰和,,126,雙溪區,平林,麻竹坑,22-3
雙溪區,泰和,,127,雙溪區,平林,麻竹坑,18-1
雙溪區,泰和,,128,雙溪區,平林,麻竹坑,22
雙溪區,泰和,,129,雙溪區,平林,麻竹坑,28-5
雙溪區,泰和,,13,雙溪區,平林,外平林,40-10
雙溪區,泰和,,130,雙溪區,平林,麻竹坑,23
雙溪區,泰和,,131,雙溪區,平林,麻竹坑,24-3
雙溪區,泰和,,132,雙溪區,平林,麻竹坑,24
雙溪區,泰和,,133,雙溪區,平林,麻竹坑,65-13
雙溪區,泰和,,134,雙溪區,平林,麻竹坑,25
雙溪區,泰和,,135,雙溪區,平林,麻竹坑,25-87
雙溪區,泰和,,136,雙溪區,平林,麻竹坑,25-78
雙溪區,泰和,,137,雙溪區,平林,麻竹坑,25-48
雙溪區,泰和,,138,雙溪區,平林,麻竹坑,25-79
雙溪區,泰和,,139,雙溪區,平林,麻竹坑,25-42
雙溪區,泰和,,14,雙溪區,平林,外平林,40-8
雙溪區,泰和,,140,雙溪區,平林,麻竹坑,25-23
雙溪區,泰和,,141,雙溪區,平林,麻竹坑,25-39
雙溪區,泰和,,142,雙溪區,平林,麻竹坑,25-40
雙溪區,泰和,,143,雙溪區,平林,麻竹坑,25-38
雙溪區,泰和,,144,雙溪區,平林,麻竹坑,25-58
雙溪區,泰和,,145,雙溪區,平林,麻竹坑,25-33
雙溪區,泰和,,146,雙溪區,平林,麻竹坑,25-37
雙溪區,泰和,,147,雙溪區,平林,麻竹坑,25-59
雙溪區,泰和,,148,雙溪區,平林,麻竹坑,25-32
雙溪區,泰和,,149,雙溪區,平林,麻竹坑,25-36
雙溪區,泰和,,15,雙溪區,平林,麻竹坑,43-11
雙溪區,泰和,,150,雙溪區,平林,麻竹坑,25-60
雙溪區,泰和,,151,雙溪區,平林,麻竹坑,25-31
雙溪區,泰和,,152,雙溪區,平林,麻竹坑,25-35
雙溪區,泰和,,153,雙溪區,平林,麻竹坑,25-61
雙溪區,泰和,,154,雙溪區,平林,麻竹坑,25-30
雙溪區,泰和,,155,雙溪區,平林,麻竹坑,25-34
雙溪區,泰和,,156,雙溪區,平林,麻竹坑,25-29
雙溪區,泰和,,157,雙溪區,平林,麻竹坑,25-27
雙溪區,泰和,,158,雙溪區,平林,麻竹坑,25-62
雙溪區,泰和,,159,雙溪區,平林,麻竹坑,25-28
雙溪區,泰和,,16,雙溪區,平林,麻竹坑,43-13
雙溪區,泰和,,160,雙溪區,平林,麻竹坑,23-3
雙溪區,泰和,,161,雙溪區,平林,麻竹坑,23-2
雙溪區,泰和,,162,雙溪區,平林,麻竹坑,16-20
雙溪區,泰和,,163,雙溪區,平林,麻竹坑,18-10
雙溪區,泰和,,164,雙溪區,平林,麻竹坑,18-9
雙溪區,泰和,,165,雙溪區,平林,麻竹坑,18-6
雙溪區,泰和,,166,雙溪區,平林,麻竹坑,18-5
雙溪區,泰和,,167,雙溪區,平林,麻竹坑,18-7
雙溪區,泰和,,168,雙溪區,平林,麻竹坑,18-4
雙溪區,泰和,,169,雙溪區,平林,麻竹坑,18-8
雙溪區,泰和,,17,雙溪區,平林,外平林,40-6
雙溪區,泰和,,170,雙溪區,平林,麻竹坑,18-3
雙溪區,泰和,,171,雙溪區,平林,麻竹坑,18
雙溪區,泰和,,172,雙溪區,平林,麻竹坑,65-20
雙溪區,泰和,,173,雙溪區,平林,麻竹坑,65-19
雙溪區,泰和,,174,雙溪區,平林,麻竹坑,19-34
雙溪區,泰和,,175,雙溪區,平林,麻竹坑,19-17
雙溪區,泰和,,176,雙溪區,平林,麻竹坑,19-32
雙溪區,泰和,,177,雙溪區,平林,麻竹坑,19-33
雙溪區,泰和,,178,雙溪區,平林,麻竹坑,19-14
雙溪區,泰和,,179,雙溪區,平林,麻竹坑,19-20
雙溪區,泰和,,18,雙溪區,平林,麻竹坑,43-12
雙溪區,泰和,,180,雙溪區,平林,麻竹坑,19-18
雙溪區,泰和,,181,雙溪區,平林,麻竹坑,19-31
雙溪區,泰和,,182,雙溪區,平林,麻竹坑,19-21
雙溪區,泰和,,183,雙溪區,平林,麻竹坑,19-22
雙溪區,泰和,,184,雙溪區,平林,麻竹坑,19-19
雙溪區,泰和,,185,雙溪區,平林,麻竹坑,19-16
雙溪區,泰和,,186,雙溪區,平林,麻竹坑,19-15
雙溪區,泰和,,187,雙溪區,平林,麻竹坑,19-10
雙溪區,泰和,,188,雙溪區,平林,麻竹坑,19-35
雙溪區,泰和,,189,雙溪區,平林,麻竹坑,19-6
雙溪區,泰和,,190,雙溪區,平林,麻竹坑,19-4
雙溪區,泰和,,191,雙溪區,平林,麻竹坑,19-2
雙溪區,泰和,,192,雙溪區,平林,麻竹坑,19
雙溪區,泰和,,193,雙溪區,平林,麻竹坑,19-13
雙溪區,泰和,,194,雙溪區,平林,麻竹坑,19-23
雙溪區,泰和,,195,雙溪區,平林,麻竹坑,19-12
雙溪區,泰和,,196,雙溪區,平林,麻竹坑,19-24
雙溪區,泰和,,197,雙溪區,平林,麻竹坑,19-9
雙溪區,泰和,,198,雙溪區,平林,麻竹坑,19-25
雙溪區,泰和,,199,雙溪區,平林,麻竹坑,19-11
雙溪區,泰和,,2,雙溪區,平林,麻竹坑,22-2
雙溪區,泰和,,20,雙溪區,平林,外平林,43-15
雙溪區,泰和,,200,雙溪區,平林,麻竹坑,19-26
雙溪區,泰和,,201,雙溪區,平林,麻竹坑,19-7
雙溪區,泰和,,202,雙溪區,平林,麻竹坑,19-27
雙溪區,泰和,,203,雙溪區,平林,麻竹坑,19-5
雙溪區,泰和,,204,雙溪區,平林,麻竹坑,19-28
雙溪區,泰和,,205,雙溪區,平林,麻竹坑,19-3
雙溪區,泰和,,206,雙溪區,平林,麻竹坑,19-29
雙溪區,泰和,,207,雙溪區,平林,麻竹坑,19-1
雙溪區,泰和,,208,雙溪區,平林,麻竹坑,19-30
雙溪區,泰和,,209,雙溪區,平林,麻竹坑,20-23
雙溪區,泰和,,21,雙溪區,平林,麻竹坑,43-8
雙溪區,泰和,,210,雙溪區,平林,麻竹坑,20-22
雙溪區,泰和,,211,雙溪區,平林,麻竹坑,20-21
雙溪區,泰和,,212,雙溪區,平林,麻竹坑,20-20
雙溪區,泰和,,213,雙溪區,平林,麻竹坑,25-24
雙溪區,泰和,,214,雙溪區,平林,麻竹坑,20-19
雙溪區,泰和,,215,雙溪區,平林,麻竹坑,20-18
雙溪區,泰和,,216,雙溪區,平林,麻竹坑,20-13
雙溪區,泰和,,217,雙溪區,平林,麻竹坑,20-35
雙溪區,泰和,,218,雙溪區,平林,麻竹坑,20-12
雙溪區,泰和,,219,雙溪區,平林,麻竹坑,20-36
雙溪區,泰和,,22,雙溪區,平林,麻竹坑,43-15
雙溪區,泰和,,220,雙溪區,平林,麻竹坑,20-27
雙溪區,泰和,,221,雙溪區,平林,麻竹坑,20-37
雙溪區,泰和,,222,雙溪區,平林,麻竹坑,20
雙溪區,泰和,,223,雙溪區,平林,麻竹坑,20-38
雙溪區,泰和,,224,雙溪區,平林,麻竹坑,20-17
雙溪區,泰和,,225,雙溪區,平林,麻竹坑,20-30
雙溪區,泰和,,226,雙溪區,平林,麻竹坑,20-16
雙溪區,泰和,,227,雙溪區,平林,麻竹坑,20-31
雙溪區,泰和,,228,雙溪區,平林,麻竹坑,20-15
雙溪區,泰和,,229,雙溪區,平林,麻竹坑,20-32
雙溪區,泰和,,23,雙溪區,平林,外平林,43-16
雙溪區,泰和,,230,雙溪區,平林,麻竹坑,20-14
雙溪區,泰和,,231,雙溪區,平林,麻竹坑,20-33
雙溪區,泰和,,232,雙溪區,平林,麻竹坑,20-24
雙溪區,泰和,,233,雙溪區,平林,麻竹坑,20-34
雙溪區,泰和,,234,雙溪區,平林,麻竹坑,20-11
雙溪區,泰和,,235,雙溪區,平林,麻竹坑,20-39
雙溪區,泰和,,236,雙溪區,平林,麻竹坑,20-25
雙溪區,泰和,,237,雙溪區,平林,麻竹坑,20-40
雙溪區,泰和,,238,雙溪區,平林,麻竹坑,20-26
雙溪區,泰和,,239,雙溪區,平林,麻竹坑,20-41
雙溪區,泰和,,24,雙溪區,平林,麻竹坑,43-3
雙溪區,泰和,,240,雙溪區,平林,麻竹坑,20-42
雙溪區,泰和,,241,雙溪區,平林,麻竹坑,1-16
雙溪區,泰和,,242,雙溪區,平林,麻竹坑,1-7
雙溪區,泰和,,243,雙溪區,平林,麻竹坑,1
雙溪區,泰和,,244,雙溪區,平林,麻竹坑,1-12
雙溪區,泰和,,245,雙溪區,平林,麻竹坑,1-5
雙溪區,泰和,,246,雙溪區,平林,麻竹坑,4-5
雙溪區,泰和,,247,雙溪區,平林,麻竹坑,1-4
雙溪區,泰和,,248,雙溪區,平林,麻竹坑,1-18
雙溪區,泰和,,249,雙溪區,平林,麻竹坑,3
雙溪區,泰和,,25,雙溪區,平林,麻竹坑,43-14
雙溪區,泰和,,250,雙溪區,平林,麻竹坑,4
雙溪區,泰和,,251,雙溪區,平林,麻竹坑,14
雙溪區,泰和,,252,雙溪區,平林,麻竹坑,16-21
雙溪區,泰和,,253,雙溪區,平林,麻竹坑,16
雙溪區,泰和,,254,雙溪區,平林,麻竹坑,5
雙溪區,泰和,,255,雙溪區,平林,麻竹坑,16-25
雙溪區,泰和,,256,雙溪區,平林,麻竹坑,16-26
雙溪區,泰和,,257,雙溪區,平林,麻竹坑,16-2
雙溪區,泰和,,258,雙溪區,平林,麻竹坑,16-22
雙溪區,泰和,,259,雙溪區,平林,麻竹坑,7-7
雙溪區,泰和,,26,雙溪區,平林,麻竹坑,65-7
雙溪區,泰和,,260,雙溪區,平林,麻竹坑,7-10
雙溪區,泰和,,261,雙溪區,平林,麻竹坑,8-9
雙溪區,泰和,,262,雙溪區,平林,麻竹坑,7-8
雙溪區,泰和,,263,雙溪區,平林,麻竹坑,8
雙溪區,泰和,,264,雙溪區,平林,麻竹坑,9-2
雙溪區,泰和,,265,雙溪區,平林,麻竹坑,9
雙溪區,泰和,,266,雙溪區,平林,麻竹坑,8-12
雙溪區,泰和,,267,雙溪區,平林,麻竹坑,10
雙溪區,泰和,,268,雙溪區,平林,麻竹坑,8-13
雙溪區,泰和,,269,雙溪區,平林,麻竹坑,13-5
雙溪區,泰和,,27,雙溪區,平林,麻竹坑,28-12
雙溪區,泰和,,270,雙溪區,平林,麻竹坑,8-18
雙溪區,泰和,,271,雙溪區,平林,麻竹坑,8-11
雙溪區,泰和,,272,雙溪區,平林,麻竹坑,8-17
雙溪區,泰和,,273,雙溪區,平林,麻竹坑,7-11
雙溪區,泰和,,274,雙溪區,平林,麻竹坑,10-3
雙溪區,泰和,,275,雙溪區,平林,麻竹坑,10-4
雙溪區,泰和,,276,雙溪區,平林,麻竹坑,10-1
雙溪區,泰和,,277,雙溪區,平林,麻竹坑,8-15
雙溪區,泰和,,278,雙溪區,平林,麻竹坑,11
雙溪區,泰和,,279,雙溪區,平林,麻竹坑,11-6
雙溪區,泰和,,28,雙溪區,平林,麻竹坑,28
雙溪區,泰和,,280,雙溪區,平林,麻竹坑,12-44
雙溪區,泰和,,281,雙溪區,平林,麻竹坑,12-18
雙溪區,泰和,,282,雙溪區,平林,麻竹坑,11-5
雙溪區,泰和,,283,雙溪區,平林,麻竹坑,13-6
雙溪區,泰和,,284,雙溪區,平林,麻竹坑,16-19
雙溪區,泰和,,285,雙溪區,平林,麻竹坑,16-31
雙溪區,泰和,,286,雙溪區,平林,麻竹坑,16-11
雙溪區,泰和,,287,雙溪區,平林,麻竹坑,16-29
雙溪區,泰和,,288,雙溪區,平林,麻竹坑,21-8
雙溪區,泰和,,289,雙溪區,平林,麻竹坑,12-43
雙溪區,泰和,,29,雙溪區,平林,麻竹坑,28-19
雙溪區,泰和,,290,雙溪區,平林,麻竹坑,12-49
雙溪區,泰和,,291,雙溪區,平林,麻竹坑,16-1
雙溪區,泰和,,292,雙溪區,平林,麻竹坑,17
雙溪區,泰和,,293,雙溪區,平林,麻竹坑,12-1
雙溪區,泰和,,294,雙溪區,平林,麻竹坑,20-50
雙溪區,泰和,,295,雙溪區,平林,麻竹坑,20-54
雙溪區,泰和,,296,雙溪區,平林,麻竹坑,20-3
雙溪區,泰和,,297,雙溪區,平林,麻竹坑,20-49
雙溪區,泰和,,298,雙溪區,平林,麻竹坑,20-53
雙溪區,泰和,,299,雙溪區,平林,麻竹坑,20-4
雙溪區,泰和,,3,雙溪區,平林,麻竹坑,28-7
雙溪區,泰和,,30,雙溪區,平林,麻竹坑,42
雙溪區,泰和,,300,雙溪區,平林,麻竹坑,20-48
雙溪區,泰和,,301,雙溪區,平林,麻竹坑,20-52
雙溪區,泰和,,302,雙溪區,平林,麻竹坑,20-5
雙溪區,泰和,,303,雙溪區,平林,麻竹坑,20-47
雙溪區,泰和,,304,雙溪區,平林,麻竹坑,20-51
雙溪區,泰和,,305,雙溪區,平林,麻竹坑,20-6
雙溪區,泰和,,306,雙溪區,平林,麻竹坑,20-46
雙溪區,泰和,,307,雙溪區,平林,麻竹坑,20-7
雙溪區,泰和,,308,雙溪區,平林,麻竹坑,20-45
雙溪區,泰和,,309,雙溪區,平林,麻竹坑,20-8
雙溪區,泰和,,31,雙溪區,平林,麻竹坑,28-11
雙溪區,泰和,,310,雙溪區,平林,麻竹坑,20-44
雙溪區,泰和,,311,雙溪區,平林,麻竹坑,20-28
雙溪區,泰和,,312,雙溪區,平林,麻竹坑,20-9
雙溪區,泰和,,313,雙溪區,平林,麻竹坑,20-43
雙溪區,泰和,,314,雙溪區,平林,麻竹坑,20-10
雙溪區,泰和,,315,雙溪區,平林,麻竹坑,20-29
雙溪區,泰和,,316,雙溪區,平林,麻竹坑,20-1
雙溪區,泰和,,317,雙溪區,平林,麻竹坑,25-22
雙溪區,泰和,,318,雙溪區,平林,麻竹坑,25-76
雙溪區,泰和,,319,雙溪區,平林,麻竹坑,25-2
雙溪區,泰和,,32,雙溪區,平林,麻竹坑,28-1
雙溪區,泰和,,320,雙溪區,平林,麻竹坑,21-3
雙溪區,泰和,,321,雙溪區,平林,麻竹坑,21
雙溪區,泰和,,322,雙溪區,平林,麻竹坑,21-2
雙溪區,泰和,,323,雙溪區,平林,麻竹坑,21-7
雙溪區,泰和,,324,雙溪區,平林,麻竹坑,21-1
雙溪區,泰和,,325,雙溪區,平林,麻竹坑,25-75
雙溪區,泰和,,326,雙溪區,平林,麻竹坑,25-11
雙溪區,泰和,,327,雙溪區,平林,麻竹坑,25-74
雙溪區,泰和,,328,雙溪區,平林,麻竹坑,25-12
雙溪區,泰和,,329,雙溪區,平林,麻竹坑,25-73
雙溪區,泰和,,33,雙溪區,平林,麻竹坑,28-18
雙溪區,泰和,,330,雙溪區,平林,麻竹坑,25-13
雙溪區,泰和,,331,雙溪區,平林,麻竹坑,25-72
雙溪區,泰和,,332,雙溪區,平林,麻竹坑,25-14
雙溪區,泰和,,333,雙溪區,平林,麻竹坑,25-71
雙溪區,泰和,,334,雙溪區,平林,麻竹坑,25-15
雙溪區,泰和,,335,雙溪區,平林,麻竹坑,25-70
雙溪區,泰和,,336,雙溪區,平林,麻竹坑,25-16
雙溪區,泰和,,337,雙溪區,平林,麻竹坑,25-69
雙溪區,泰和,,338,雙溪區,平林,麻竹坑,25-17
雙溪區,泰和,,339,雙溪區,平林,麻竹坑,25-68
雙溪區,泰和,,34,雙溪區,平林,麻竹坑,42-1
雙溪區,泰和,,340,雙溪區,平林,麻竹坑,25-18
雙溪區,泰和,,341,雙溪區,平林,麻竹坑,25-67
雙溪區,泰和,,342,雙溪區,平林,麻竹坑,25-19
雙溪區,泰和,,343,雙溪區,平林,麻竹坑,25-45
雙溪區,泰和,,344,雙溪區,平林,麻竹坑,25-66
雙溪區,泰和,,345,雙溪區,平林,麻竹坑,25-20
雙溪區,泰和,,346,雙溪區,平林,麻竹坑,25-46
雙溪區,泰和,,347,雙溪區,平林,麻竹坑,25-65
雙溪區,泰和,,348,雙溪區,平林,麻竹坑,25-44
雙溪區,泰和,,349,雙溪區,平林,麻竹坑,25-77
雙溪區,泰和,,35,雙溪區,平林,麻竹坑,65-8
雙溪區,泰和,,350,雙溪區,平林,麻竹坑,25-64
雙溪區,泰和,,351,雙溪區,平林,麻竹坑,25-21
雙溪區,泰和,,352,雙溪區,平林,麻竹坑,26-1
雙溪區,泰和,,353,雙溪區,平林,麻竹坑,26
雙溪區,泰和,,354,雙溪區,平林,麻竹坑,27
雙溪區,泰和,,355,雙溪區,平林,麻竹坑,31-8
雙溪區,泰和,,356,雙溪區,平林,麻竹坑,31-6
雙溪區,泰和,,357,雙溪區,平林,麻竹坑,31-9
雙溪區,泰和,,358,雙溪區,平林,麻竹坑,31-4
雙溪區,泰和,,359,雙溪區,平林,麻竹坑,31-5
雙溪區,泰和,,36,雙溪區,平林,麻竹坑,41-7
雙溪區,泰和,,360,雙溪區,平林,麻竹坑,31-1
雙溪區,泰和,,361,雙溪區,平林,麻竹坑,31-3
雙溪區,泰和,,362,雙溪區,平林,麻竹坑,31-33
雙溪區,泰和,,363,雙溪區,平林,麻竹坑,36-10
雙溪區,泰和,,364,雙溪區,平林,麻竹坑,33-1
雙溪區,泰和,,365,雙溪區,平林,麻竹坑,33-6
雙溪區,泰和,,366,雙溪區,平林,麻竹坑,32
雙溪區,泰和,,367,雙溪區,平林,麻竹坑,32-1
雙溪區,泰和,,368,雙溪區,平林,麻竹坑,33
雙溪區,泰和,,369,雙溪區,平林,麻竹坑,33-5
雙溪區,泰和,,37,雙溪區,平林,麻竹坑,41-9
雙溪區,泰和,,370,雙溪區,平林,麻竹坑,33-4
雙溪區,泰和,,371,雙溪區,平林,麻竹坑,33-2
雙溪區,泰和,,372,雙溪區,平林,麻竹坑,36-8
雙溪區,泰和,,373,雙溪區,平林,麻竹坑,36-2
雙溪區,泰和,,374,雙溪區,平林,麻竹坑,37-5
雙溪區,泰和,,375,雙溪區,平林,麻竹坑,37-6
雙溪區,泰和,,376,雙溪區,平林,麻竹坑,38
雙溪區,泰和,,377,雙溪區,平林,麻竹坑,38-1
雙溪區,泰和,,378,雙溪區,平林,麻竹坑,38-2
雙溪區,泰和,,379,雙溪區,平林,麻竹坑,38-5
雙溪區,泰和,,38,雙溪區,平林,麻竹坑,41-4
雙溪區,泰和,,380,雙溪區,平林,麻竹坑,38-7
雙溪區,泰和,,381,雙溪區,平林,麻竹坑,38-3
雙溪區,泰和,,382,雙溪區,平林,麻竹坑,38-6
雙溪區,泰和,,383,雙溪區,平林,麻竹坑,38-4
雙溪區,泰和,,384,雙溪區,平林,麻竹坑,37-3
雙溪區,泰和,,385,雙溪區,平林,麻竹坑,40-1
雙溪區,泰和,,386,雙溪區,平林,麻竹坑,41-11
雙溪區,泰和,,387,雙溪區,平林,麻竹坑,37-4
雙溪區,泰和,,388,雙溪區,平林,麻竹坑,40-2
雙溪區,泰和,,389,雙溪區,平林,麻竹坑,44-2
雙溪區,泰和,,39,雙溪區,平林,麻竹坑,28-13
雙溪區,泰和,,390,雙溪區,平林,麻竹坑,41-13
雙溪區,泰和,,391,雙溪區,平林,麻竹坑,46-4
雙溪區,泰和,,392,雙溪區,平林,麻竹坑,44-1
雙溪區,泰和,,393,雙溪區,平林,麻竹坑,41-1
雙溪區,泰和,,394,雙溪區,平林,麻竹坑,46-7
雙溪區,泰和,,395,雙溪區,平林,麻竹坑,41-3
雙溪區,泰和,,397,雙溪區,平林,麻竹坑,46-8
雙溪區,泰和,,398,雙溪區,平林,麻竹坑,51-24
雙溪區,泰和,,399,雙溪區,平林,麻竹坑,41-17
雙溪區,泰和,,4,雙溪區,平林,外平林,43-8
雙溪區,泰和,,40,雙溪區,平林,麻竹坑,28-3
雙溪區,泰和,,400,雙溪區,平林,麻竹坑,41-16
雙溪區,泰和,,401,雙溪區,平林,麻竹坑,41-19
雙溪區,泰和,,402,雙溪區,平林,麻竹坑,41-18
雙溪區,泰和,,403,雙溪區,平林,麻竹坑,41-6
雙溪區,泰和,,404,雙溪區,平林,麻竹坑,51-31
雙溪區,泰和,,405,雙溪區,平林,麻竹坑,46-9
雙溪區,泰和,,406,雙溪區,平林,麻竹坑,65-22
雙溪區,泰和,,407,雙溪區,平林,麻竹坑,41-21
雙溪區,泰和,,408,雙溪區,平林,麻竹坑,41-14
雙溪區,泰和,,409,雙溪區,平林,麻竹坑,41-15
雙溪區,泰和,,41,雙溪區,平林,麻竹坑,28-2
雙溪區,泰和,,410,雙溪區,平林,麻竹坑,45-4
雙溪區,泰和,,411,雙溪區,平林,麻竹坑,41-20
雙溪區,泰和,,412,雙溪區,平林,麻竹坑,41-2
雙溪區,泰和,,413,雙溪區,平林,麻竹坑,51-20
雙溪區,泰和,,414,雙溪區,平林,麻竹坑,46-10
雙溪區,泰和,,415,雙溪區,平林,麻竹坑,46-12
雙溪區,泰和,,416,雙溪區,平林,麻竹坑,46-3
雙溪區,泰和,,417,雙溪區,平林,麻竹坑,38-8
雙溪區,泰和,,418,雙溪區,平林,麻竹坑,38-10
雙溪區,泰和,,419,雙溪區,平林,麻竹坑,33-3
雙溪區,泰和,,42,雙溪區,平林,麻竹坑,28-17
雙溪區,泰和,,420,雙溪區,平林,麻竹坑,33-7
雙溪區,泰和,,421,雙溪區,平林,麻竹坑,21-4
雙溪區,泰和,,422,雙溪區,平林,麻竹坑,21-6
雙溪區,泰和,,423,雙溪區,平林,麻竹坑,12-37
雙溪區,泰和,,424,雙溪區,雙溪,苕谷坑,15-27
雙溪區,泰和,,425,雙溪區,雙溪,苕谷坑,15-26
雙溪區,泰和,,426,雙溪區,雙溪,苕谷坑,15-2
雙溪區,泰和,,427,雙溪區,雙溪,苕谷坑,15-15
雙溪區,泰和,,428,雙溪區,雙溪,苕谷坑,4-2
雙溪區,泰和,,429,雙溪區,雙溪,苕谷坑,15-18
雙溪區,泰和,,43,雙溪區,平林,麻竹坑,42-2
雙溪區,泰和,,430,雙溪區,平林,麻竹坑,21-5
雙溪區,泰和,,431,雙溪區,平林,麻竹坑,33-8
雙溪區,泰和,,432,雙溪區,雙溪,苕谷坑,237-2
雙溪區,泰和,,433,雙溪區,平林,麻竹坑,38-11
雙溪區,泰和,,434,雙溪區,平林,麻竹坑,38-9
雙溪區,泰和,,435,雙溪區,平林,麻竹坑,51-21
雙溪區,泰和,,436,雙溪區,平林,麻竹坑,46-2
雙溪區,泰和,,437,雙溪區,平林,麻竹坑,46
雙溪區,泰和,,438,雙溪區,平林,麻竹坑,46-1
雙溪區,泰和,,439,雙溪區,平林,麻竹坑,51-2
雙溪區,泰和,,44,雙溪區,平林,麻竹坑,65-9
雙溪區,泰和,,440,雙溪區,平林,麻竹坑,51-23
雙溪區,泰和,,441,雙溪區,平林,麻竹坑,51-22
雙溪區,泰和,,442,雙溪區,平林,麻竹坑,46-5
雙溪區,泰和,,443,雙溪區,平林,麻竹坑,46-14
雙溪區,泰和,,446,雙溪區,平林,麻竹坑,46-11
雙溪區,泰和,,447,雙溪區,平林,麻竹坑,46-6
雙溪區,泰和,,448,雙溪區,平林,麻竹坑,47
雙溪區,泰和,,449,雙溪區,平林,麻竹坑,51-16
雙溪區,泰和,,45,雙溪區,平林,麻竹坑,41-8
雙溪區,泰和,,450,雙溪區,平林,麻竹坑,51-15
雙溪區,泰和,,451,雙溪區,平林,麻竹坑,41-25
雙溪區,泰和,,452,雙溪區,平林,麻竹坑,45-3
雙溪區,泰和,,453,雙溪區,平林,麻竹坑,45-7
雙溪區,泰和,,454,雙溪區,平林,麻竹坑,45-1
雙溪區,泰和,,455,雙溪區,平林,麻竹坑,45-2
雙溪區,泰和,,456,雙溪區,平林,麻竹坑,51-14
雙溪區,泰和,,457,雙溪區,平林,麻竹坑,65-6
雙溪區,泰和,,458,雙溪區,平林,麻竹坑,41-5
雙溪區,泰和,,459,雙溪區,平林,麻竹坑,41-23
雙溪區,泰和,,46,雙溪區,平林,麻竹坑,41-10
雙溪區,泰和,,460,雙溪區,平林,麻竹坑,41
雙溪區,泰和,,461,雙溪區,平林,麻竹坑,43-6
雙溪區,泰和,,462,雙溪區,平林,麻竹坑,43
雙溪區,泰和,,463,雙溪區,平林,麻竹坑,65-5
雙溪區,泰和,,464,雙溪區,平林,麻竹坑,43-4
雙溪區,泰和,,465,雙溪區,平林,麻竹坑,45
雙溪區,泰和,,466,雙溪區,平林,麻竹坑,45-5
雙溪區,泰和,,467,雙溪區,平林,麻竹坑,50
雙溪區,泰和,,468,雙溪區,平林,麻竹坑,51-19
雙溪區,泰和,,469,雙溪區,平林,麻竹坑,49
雙溪區,泰和,,47,雙溪區,平林,麻竹坑,41-12
雙溪區,泰和,,470,雙溪區,平林,麻竹坑,49-1
雙溪區,泰和,,471,雙溪區,平林,麻竹坑,51-17
雙溪區,泰和,,472,雙溪區,平林,麻竹坑,51-4
雙溪區,泰和,,473,雙溪區,平林,麻竹坑,51-18
雙溪區,泰和,,474,雙溪區,平林,麻竹坑,18-11
雙溪區,泰和,,475,雙溪區,平林,麻竹坑,18-2
雙溪區,泰和,,476,雙溪區,平林,麻竹坑,11-7
雙溪區,泰和,,477,雙溪區,平林,麻竹坑,11-1
雙溪區,泰和,,478,雙溪區,平林,麻竹坑,11-2
雙溪區,泰和,,479,雙溪區,平林,麻竹坑,12-9
雙溪區,泰和,,48,雙溪區,平林,麻竹坑,40
雙溪區,泰和,,480,雙溪區,平林,麻竹坑,12-28
雙溪區,泰和,,481,雙溪區,平林,麻竹坑,12-30
雙溪區,泰和,,482,雙溪區,平林,麻竹坑,12-5
雙溪區,泰和,,483,雙溪區,平林,麻竹坑,12-3
雙溪區,泰和,,484,雙溪區,平林,麻竹坑,12-27
雙溪區,泰和,,485,雙溪區,平林,麻竹坑,12-34
雙溪區,泰和,,486,雙溪區,平林,麻竹坑,12-24
雙溪區,泰和,,487,雙溪區,平林,麻竹坑,12-26
雙溪區,泰和,,488,雙溪區,平林,麻竹坑,12-25
雙溪區,泰和,,489,雙溪區,平林,麻竹坑,12-33
雙溪區,泰和,,49,雙溪區,平林,麻竹坑,35
雙溪區,泰和,,490,雙溪區,平林,麻竹坑,12-7
雙溪區,泰和,,491,雙溪區,平林,麻竹坑,12-35
雙溪區,泰和,,492,雙溪區,平林,麻竹坑,12-45
雙溪區,泰和,,493,雙溪區,平林,麻竹坑,12-10
雙溪區,泰和,,494,雙溪區,平林,麻竹坑,12-40
雙溪區,泰和,,495,雙溪區,平林,麻竹坑,12-47
雙溪區,泰和,,496,雙溪區,平林,麻竹坑,12-36
雙溪區,泰和,,497,雙溪區,平林,麻竹坑,12-41
雙溪區,泰和,,498,雙溪區,平林,麻竹坑,12-38
雙溪區,泰和,,499,雙溪區,平林,麻竹坑,12-2
雙溪區,泰和,,5,雙溪區,平林,外平林,40-2
雙溪區,泰和,,50,雙溪區,平林,麻竹坑,28-16
雙溪區,泰和,,500,雙溪區,雙溪,苕谷坑,15-29
雙溪區,泰和,,501,雙溪區,雙溪,苕谷坑,15-28
雙溪區,泰和,,502,雙溪區,雙溪,苕谷坑,4
雙溪區,泰和,,503,雙溪區,雙溪,苕谷坑,15-4
雙溪區,泰和,,504,雙溪區,雙溪,苕谷坑,15-3
雙溪區,泰和,,505,雙溪區,雙溪,苕谷坑,15-1
雙溪區,泰和,,506,雙溪區,雙溪,苕谷坑,15
雙溪區,泰和,,507,雙溪區,雙溪,苕谷坑,15-32
雙溪區,泰和,,508,雙溪區,雙溪,苕谷坑,15-33
雙溪區,泰和,,509,雙溪區,雙溪,苕谷坑,15-22
雙溪區,泰和,,51,雙溪區,平林,麻竹坑,35-1
雙溪區,泰和,,510,雙溪區,雙溪,苕谷坑,15-25
雙溪區,泰和,,511,雙溪區,雙溪,苕谷坑,15-21
雙溪區,泰和,,512,雙溪區,雙溪,苕谷坑,15-34
雙溪區,泰和,,513,雙溪區,雙溪,苕谷坑,17
雙溪區,泰和,,514,雙溪區,雙溪,苕谷坑,15-24
雙溪區,泰和,,515,雙溪區,雙溪,苕谷坑,15-13
雙溪區,泰和,,517,雙溪區,雙溪,苕谷坑,14
雙溪區,泰和,,519,雙溪區,雙溪,苕谷坑,235
雙溪區,泰和,,52,雙溪區,平林,麻竹坑,36
雙溪區,泰和,,520,雙溪區,雙溪,苕谷坑,21-1
雙溪區,泰和,,522,雙溪區,雙溪,苕谷坑,13
雙溪區,泰和,,523,雙溪區,雙溪,苕谷坑,5-1
雙溪區,泰和,,524,雙溪區,雙溪,苕谷坑,5-3
雙溪區,泰和,,525,雙溪區,雙溪,苕谷坑,15-12
雙溪區,泰和,,526,雙溪區,雙溪,苕谷坑,5-2
雙溪區,泰和,,527,雙溪區,雙溪,苕谷坑,5-6
雙溪區,泰和,,528,雙溪區,雙溪,苕谷坑,15-11
雙溪區,泰和,,529,雙溪區,雙溪,苕谷坑,5
雙溪區,泰和,,53,雙溪區,平林,麻竹坑,36-1
雙溪區,泰和,,530,雙溪區,雙溪,苕谷坑,5-8
雙溪區,泰和,,531,雙溪區,雙溪,苕谷坑,6
雙溪區,泰和,,532,雙溪區,雙溪,苕谷坑,11
雙溪區,泰和,,533,雙溪區,雙溪,苕谷坑,15-23
雙溪區,泰和,,534,雙溪區,雙溪,苕谷坑,15-8
雙溪區,泰和,,535,雙溪區,雙溪,苕谷坑,4-3
雙溪區,泰和,,537,雙溪區,雙溪,苕谷坑,15-7
雙溪區,泰和,,538,雙溪區,雙溪,苕谷坑,5-4
雙溪區,泰和,,539,雙溪區,雙溪,苕谷坑,5-7
雙溪區,泰和,,54,雙溪區,平林,麻竹坑,36-7
雙溪區,泰和,,540,雙溪區,雙溪,苕谷坑,6-1
雙溪區,泰和,,542,雙溪區,雙溪,苕谷坑,7-27
雙溪區,泰和,,543,雙溪區,雙溪,苕谷坑,7-28
雙溪區,泰和,,544,雙溪區,雙溪,苕谷坑,7-17
雙溪區,泰和,,546,雙溪區,雙溪,苕谷坑,231-1
雙溪區,泰和,,547,雙溪區,雙溪,苕谷坑,7-29
雙溪區,泰和,,548,雙溪區,雙溪,苕谷坑,231
雙溪區,泰和,,549,雙溪區,雙溪,苕谷坑,12
雙溪區,泰和,,55,雙溪區,平林,麻竹坑,37-2
雙溪區,泰和,,550,雙溪區,雙溪,苕谷坑,7-31
雙溪區,泰和,,551,雙溪區,雙溪,苕谷坑,7-30
雙溪區,泰和,,552,雙溪區,雙溪,苕谷坑,7-32
雙溪區,泰和,,553,雙溪區,雙溪,苕谷坑,9-5
雙溪區,泰和,,554,雙溪區,雙溪,苕谷坑,9-3
雙溪區,泰和,,555,雙溪區,雙溪,苕谷坑,9-4
雙溪區,泰和,,556,雙溪區,雙溪,苕谷坑,9-1
雙溪區,泰和,,557,雙溪區,雙溪,苕谷坑,9-8
雙溪區,泰和,,558,雙溪區,雙溪,苕谷坑,9-7
雙溪區,泰和,,559,雙溪區,雙溪,苕谷坑,9-2
雙溪區,泰和,,56,雙溪區,平林,麻竹坑,37
雙溪區,泰和,,560,雙溪區,雙溪,苕谷坑,9-6
雙溪區,泰和,,561,雙溪區,雙溪,苕谷坑,4-1
雙溪區,泰和,,562,雙溪區,雙溪,苕谷坑,3-16
雙溪區,泰和,,563,雙溪區,雙溪,苕谷坑,6-3
雙溪區,泰和,,564,雙溪區,雙溪,苕谷坑,15-14
雙溪區,泰和,,565,雙溪區,雙溪,苕谷坑,15-31
雙溪區,泰和,,566,雙溪區,雙溪,苕谷坑,15-9
雙溪區,泰和,,567,雙溪區,雙溪,苕谷坑,3-1
雙溪區,泰和,,568,雙溪區,雙溪,苕谷坑,3-2
雙溪區,泰和,,569,雙溪區,雙溪,苕谷坑,15-10
雙溪區,泰和,,57,雙溪區,平林,外平林,43-12
雙溪區,泰和,,570,雙溪區,雙溪,苕谷坑,3-9
雙溪區,泰和,,571,雙溪區,雙溪,苕谷坑,3-3
雙溪區,泰和,,572,雙溪區,雙溪,苕谷坑,6-4
雙溪區,泰和,,573,雙溪區,雙溪,苕谷坑,6-2
雙溪區,泰和,,574,雙溪區,雙溪,苕谷坑,3-18
雙溪區,泰和,,575,雙溪區,雙溪,苕谷坑,5-5
雙溪區,泰和,,576,雙溪區,雙溪,苕谷坑,7-26
雙溪區,泰和,,577,雙溪區,雙溪,苕谷坑,7-25
雙溪區,泰和,,578,雙溪區,雙溪,苕谷坑,7-24
雙溪區,泰和,,579,雙溪區,雙溪,苕谷坑,7-23
雙溪區,泰和,,58,雙溪區,平林,麻竹坑,28-4
雙溪區,泰和,,580,雙溪區,雙溪,苕谷坑,7-22
雙溪區,泰和,,581,雙溪區,雙溪,苕谷坑,7-21
雙溪區,泰和,,582,雙溪區,雙溪,苕谷坑,7-20
雙溪區,泰和,,583,雙溪區,雙溪,苕谷坑,7-1
雙溪區,泰和,,584,雙溪區,雙溪,苕谷坑,7-18
雙溪區,泰和,,585,雙溪區,雙溪,苕谷坑,7-35
雙溪區,泰和,,586,雙溪區,雙溪,苕谷坑,12-12
雙溪區,泰和,,587,雙溪區,雙溪,苕谷坑,15-30
雙溪區,泰和,,588,雙溪區,雙溪,苕谷坑,1-5
雙溪區,泰和,,589,雙溪區,雙溪,苕谷坑,7-36
雙溪區,泰和,,59,雙溪區,平林,麻竹坑,28-8
雙溪區,泰和,,590,雙溪區,雙溪,苕谷坑,12-11
雙溪區,泰和,,591,雙溪區,雙溪,苕谷坑,12-13
雙溪區,泰和,,592,雙溪區,雙溪,過港,12-53
雙溪區,泰和,,593,雙溪區,雙溪,過港,12-41
雙溪區,泰和,,594,雙溪區,雙溪,過港,12-49
雙溪區,泰和,,595,雙溪區,雙溪,過港,12-48
雙溪區,泰和,,596,雙溪區,雙溪,苕谷坑,15-16
雙溪區,泰和,,597,雙溪區,雙溪,苕谷坑,15-20
雙溪區,泰和,,598,雙溪區,雙溪,苕谷坑,3-7
雙溪區,泰和,,599,雙溪區,雙溪,苕谷坑,3
雙溪區,泰和,,6,雙溪區,平林,外平林,40-3
雙溪區,泰和,,60,雙溪區,平林,麻竹坑,30-4
雙溪區,泰和,,600,雙溪區,雙溪,苕谷坑,3-6
雙溪區,泰和,,601,雙溪區,雙溪,苕谷坑,2-10
雙溪區,泰和,,602,雙溪區,雙溪,苕谷坑,2-12
雙溪區,泰和,,603,雙溪區,雙溪,苕谷坑,2
雙溪區,泰和,,604,雙溪區,雙溪,苕谷坑,2-9
雙溪區,泰和,,605,雙溪區,雙溪,苕谷坑,2-5
雙溪區,泰和,,606,雙溪區,雙溪,苕谷坑,2-3
雙溪區,泰和,,607,雙溪區,雙溪,苕谷坑,3-4
雙溪區,泰和,,608,雙溪區,雙溪,苕谷坑,1
雙溪區,泰和,,609,雙溪區,雙溪,苕谷坑,1-2
雙溪區,泰和,,61,雙溪區,平林,麻竹坑,28-14
雙溪區,泰和,,610,雙溪區,雙溪,苕谷坑,1-3
雙溪區,泰和,,611,雙溪區,雙溪,苕谷坑,15-17
雙溪區,泰和,,612,雙溪區,雙溪,苕谷坑,15-19
雙溪區,泰和,,613,雙溪區,雙溪,苕谷坑,2-1
雙溪區,泰和,,614,雙溪區,雙溪,苕谷坑,15-5
雙溪區,泰和,,615,雙溪區,雙溪,苕谷坑,2-4
雙溪區,泰和,,616,雙溪區,雙溪,苕谷坑,2-8
雙溪區,泰和,,617,雙溪區,雙溪,苕谷坑,1-1
雙溪區,泰和,,618,雙溪區,平林,麻竹坑,12-31
雙溪區,泰和,,619,雙溪區,平林,麻竹坑,8-10
雙溪區,泰和,,62,雙溪區,平林,麻竹坑,28-15
雙溪區,泰和,,620,雙溪區,雙溪,雙溪,66-1
雙溪區,泰和,,621,雙溪區,雙溪,苕谷坑,3-5
雙溪區,泰和,,622,雙溪區,雙溪,苕谷坑,7-19
雙溪區,泰和,,623,雙溪區,雙溪,苕谷坑,7
雙溪區,泰和,,624,雙溪區,雙溪,苕谷坑,7-43
雙溪區,泰和,,625,雙溪區,雙溪,苕谷坑,7-2
雙溪區,泰和,,626,雙溪區,雙溪,苕谷坑,7-45
雙溪區,泰和,,627,雙溪區,雙溪,苕谷坑,12-5
雙溪區,泰和,,628,雙溪區,雙溪,苕谷坑,12-8
雙溪區,泰和,,629,雙溪區,雙溪,苕谷坑,12-2
雙溪區,泰和,,63,雙溪區,平林,麻竹坑,30
雙溪區,泰和,,630,雙溪區,雙溪,苕谷坑,12-4
雙溪區,泰和,,631,雙溪區,雙溪,苕谷坑,7-14
雙溪區,泰和,,632,雙溪區,雙溪,過港,12-38
雙溪區,泰和,,633,雙溪區,雙溪,苕谷坑,12-6
雙溪區,泰和,,634,雙溪區,雙溪,雙溪,66-5
雙溪區,泰和,,635,雙溪區,雙溪,苕谷坑,3-19
雙溪區,泰和,,636,雙溪區,雙溪,過港,13-61
雙溪區,泰和,,637,雙溪區,雙溪,苕谷坑,7-15
雙溪區,泰和,,638,雙溪區,雙溪,過港,13-7
雙溪區,泰和,,639,雙溪區,雙溪,過港,13-57
雙溪區,泰和,,64,雙溪區,平林,麻竹坑,30-1
雙溪區,泰和,,640,雙溪區,雙溪,過港,13-6
雙溪區,泰和,,641,雙溪區,雙溪,過港,13-5
雙溪區,泰和,,642,雙溪區,雙溪,過港,13-2
雙溪區,泰和,,643,雙溪區,雙溪,過港,12-27
雙溪區,泰和,,644,雙溪區,雙溪,過港,12-26
雙溪區,泰和,,645,雙溪區,雙溪,過港,12-25
雙溪區,泰和,,646,雙溪區,雙溪,過港,12-21
雙溪區,泰和,,647,雙溪區,雙溪,過港,12-22
雙溪區,泰和,,648,雙溪區,雙溪,過港,12-5
雙溪區,泰和,,649,雙溪區,雙溪,過港,12-43
雙溪區,泰和,,65,雙溪區,平林,麻竹坑,30-2
雙溪區,泰和,,650,雙溪區,雙溪,過港,12-42
雙溪區,泰和,,651,雙溪區,雙溪,過港,12-4
雙溪區,泰和,,652,雙溪區,雙溪,過港,12-40
雙溪區,泰和,,653,雙溪區,雙溪,過港,13-67
雙溪區,泰和,,654,雙溪區,雙溪,過港,13-56
雙溪區,泰和,,655,雙溪區,雙溪,過港,13-36
雙溪區,泰和,,656,雙溪區,雙溪,過港,12-24
雙溪區,泰和,,657,雙溪區,雙溪,過港,13-1
雙溪區,泰和,,658,雙溪區,雙溪,過港,13-37
雙溪區,泰和,,659,雙溪區,雙溪,過港,13-54
雙溪區,泰和,,66,雙溪區,平林,麻竹坑,24-1
雙溪區,泰和,,660,雙溪區,雙溪,過港,12-6
雙溪區,泰和,,661,雙溪區,雙溪,過港,12-44
雙溪區,泰和,,662,雙溪區,雙溪,過港,12-50
雙溪區,泰和,,663,雙溪區,雙溪,過港,12-45
雙溪區,泰和,,664,雙溪區,雙溪,過港,12-29
雙溪區,泰和,,665,雙溪區,雙溪,雙溪,62-8
雙溪區,泰和,,666,雙溪區,雙溪,雙溪,62-3
雙溪區,泰和,,667,雙溪區,雙溪,過港,13-23
雙溪區,泰和,,668,雙溪區,雙溪,過港,13-66
雙溪區,泰和,,669,雙溪區,雙溪,過港,13-53
雙溪區,泰和,,67,雙溪區,平林,麻竹坑,31-11
雙溪區,泰和,,670,雙溪區,雙溪,過港,13-22
雙溪區,泰和,,671,雙溪區,雙溪,過港,13-21
雙溪區,泰和,,672,雙溪區,雙溪,過港,13-20
雙溪區,泰和,,673,雙溪區,雙溪,過港,13-31
雙溪區,泰和,,674,雙溪區,雙溪,過港,13-19
雙溪區,泰和,,675,雙溪區,雙溪,過港,13-18
雙溪區,泰和,,676,雙溪區,雙溪,過港,13-17
雙溪區,泰和,,677,雙溪區,雙溪,過港,13-16
雙溪區,泰和,,678,雙溪區,雙溪,過港,13-4
雙溪區,泰和,,679,雙溪區,雙溪,過港,13-12
雙溪區,泰和,,68,雙溪區,平林,麻竹坑,65-10
雙溪區,泰和,,680,雙溪區,雙溪,過港,13-13
雙溪區,泰和,,681,雙溪區,雙溪,過港,13-14
雙溪區,泰和,,682,雙溪區,雙溪,過港,13-33
雙溪區,泰和,,683,雙溪區,雙溪,過港,13-15
雙溪區,泰和,,684,雙溪區,雙溪,過港,13-32
雙溪區,泰和,,685,雙溪區,雙溪,過港,13-38
雙溪區,泰和,,686,雙溪區,雙溪,過港,8-57
雙溪區,泰和,,687,雙溪區,雙溪,過港,12-39
雙溪區,泰和,,688,雙溪區,雙溪,過港,12-54
雙溪區,泰和,,689,雙溪區,雙溪,過港,13-64
雙溪區,泰和,,69,雙溪區,平林,麻竹坑,31-10
雙溪區,泰和,,690,雙溪區,雙溪,過港,13-51
雙溪區,泰和,,691,雙溪區,雙溪,過港,13-3
雙溪區,泰和,,692,雙溪區,雙溪,過港,13-59
雙溪區,泰和,,693,雙溪區,雙溪,過港,8-66
雙溪區,泰和,,694,雙溪區,雙溪,過港,13-68
雙溪區,泰和,,695,雙溪區,雙溪,雙溪,62-13
雙溪區,泰和,,696,雙溪區,雙溪,過港,13-69
雙溪區,泰和,,697,雙溪區,雙溪,過港,8-82
雙溪區,泰和,,698,雙溪區,雙溪,過港,8-61
雙溪區,泰和,,699,雙溪區,雙溪,過港,8-2
雙溪區,泰和,,7,雙溪區,平林,外平林,40-4
雙溪區,泰和,,70,雙溪區,平林,麻竹坑,36-3
雙溪區,泰和,,700,雙溪區,雙溪,雙溪,60-2
雙溪區,泰和,,701,雙溪區,雙溪,過港,3-24
雙溪區,泰和,,702,雙溪區,雙溪,過港,2-13
雙溪區,泰和,,703,雙溪區,雙溪,過港,2-14
雙溪區,泰和,,704,雙溪區,雙溪,過港,2
雙溪區,泰和,,705,雙溪區,雙溪,過港,2-9
雙溪區,泰和,,706,雙溪區,雙溪,過港,3-22
雙溪區,泰和,,707,雙溪區,雙溪,過港,6-27
雙溪區,泰和,,708,雙溪區,雙溪,過港,3-23
雙溪區,泰和,,709,雙溪區,雙溪,過港,6-1
雙溪區,泰和,,71,雙溪區,平林,麻竹坑,36-5
雙溪區,泰和,,710,雙溪區,雙溪,過港,2-8
雙溪區,泰和,,711,雙溪區,雙溪,過港,3-1
雙溪區,泰和,,712,雙溪區,雙溪,雙溪,58-5
雙溪區,泰和,,713,雙溪區,雙溪,過港,2-10
雙溪區,泰和,,714,雙溪區,雙溪,過港,2-2
雙溪區,泰和,,715,雙溪區,雙溪,過港,2-27
雙溪區,泰和,,716,雙溪區,雙溪,雙溪,58-6
雙溪區,泰和,,717,雙溪區,雙溪,過港,2-11
雙溪區,泰和,,718,雙溪區,雙溪,雙溪,58-13
雙溪區,泰和,,719,雙溪區,魚行,新店,15-8
雙溪區,泰和,,72,雙溪區,平林,麻竹坑,65-11
雙溪區,泰和,,720,雙溪區,魚行,新店,15-14
雙溪區,泰和,,721,雙溪區,雙溪,過港,2-12
雙溪區,泰和,,722,雙溪區,魚行,新店,15-15
雙溪區,泰和,,723,雙溪區,雙溪,過港,2-3
雙溪區,泰和,,724,雙溪區,雙溪,過港,2-17
雙溪區,泰和,,725,雙溪區,雙溪,過港,2-20
雙溪區,泰和,,726,雙溪區,雙溪,過港,2-19
雙溪區,泰和,,727,雙溪區,雙溪,過港,3-7
雙溪區,泰和,,728,雙溪區,雙溪,過港,2-15
雙溪區,泰和,,729,雙溪區,雙溪,過港,2-6
雙溪區,泰和,,73,雙溪區,平林,麻竹坑,31
雙溪區,泰和,,730,雙溪區,雙溪,過港,2-7
雙溪區,泰和,,731,雙溪區,雙溪,過港,3-11
雙溪區,泰和,,732,雙溪區,雙溪,過港,3-19
雙溪區,泰和,,733,雙溪區,雙溪,過港,2-1
雙溪區,泰和,,734,雙溪區,雙溪,過港,2-4
雙溪區,泰和,,735,雙溪區,雙溪,過港,2-24
雙溪區,泰和,,736,雙溪區,雙溪,過港,2-21
雙溪區,泰和,,737,雙溪區,雙溪,過港,2-22
雙溪區,泰和,,738,雙溪區,雙溪,過港,2-16
雙溪區,泰和,,739,雙溪區,魚行,新店,15-28
雙溪區,泰和,,74,雙溪區,平林,麻竹坑,31-35
雙溪區,泰和,,740,雙溪區,雙溪,過港,2-5
雙溪區,泰和,,741,雙溪區,雙溪,過港,4-4
雙溪區,泰和,,742,雙溪區,雙溪,過港,4-38
雙溪區,泰和,,743,雙溪區,雙溪,過港,3-12
雙溪區,泰和,,747,雙溪區,魚行,頂坪,42-5
雙溪區,泰和,,748,雙溪區,雙溪,過港,2-18
雙溪區,泰和,,749,雙溪區,雙溪,過港,4-37
雙溪區,泰和,,75,雙溪區,平林,麻竹坑,31-2
雙溪區,泰和,,750,雙溪區,雙溪,過港,4-19
雙溪區,泰和,,751,雙溪區,魚行,頂坪,56-30
雙溪區,泰和,,752,雙溪區,魚行,頂坪,56-19
雙溪區,泰和,,753,雙溪區,魚行,頂坪,56-8
雙溪區,泰和,,754,雙溪區,雙溪,過港,4-5
雙溪區,泰和,,755,雙溪區,魚行,頂坪,56-32
雙溪區,泰和,,756,雙溪區,魚行,頂坪,44-15
雙溪區,泰和,,757,雙溪區,魚行,頂坪,44-13
雙溪區,泰和,,758,雙溪區,魚行,頂坪,44-16
雙溪區,泰和,,759,雙溪區,魚行,頂坪,44-14
雙溪區,泰和,,76,雙溪區,平林,麻竹坑,31-7
雙溪區,泰和,,760,雙溪區,魚行,頂坪,44-11
雙溪區,泰和,,761,雙溪區,魚行,頂坪,56-23
雙溪區,泰和,,762,雙溪區,魚行,頂坪,56-31
雙溪區,泰和,,763,雙溪區,魚行,頂坪,56-29
雙溪區,泰和,,764,雙溪區,魚行,頂坪,56-6
雙溪區,泰和,,765,雙溪區,魚行,頂坪,44-4
雙溪區,泰和,,766,雙溪區,魚行,頂坪,44-5
雙溪區,泰和,,767,雙溪區,魚行,頂坪,56-7
雙溪區,泰和,,768,雙溪區,魚行,頂坪,44-3
雙溪區,泰和,,769,雙溪區,魚行,頂坪,44-2
雙溪區,泰和,,77,雙溪區,平林,麻竹坑,31-12
雙溪區,泰和,,770,雙溪區,魚行,頂坪,56-5
雙溪區,泰和,,771,雙溪區,魚行,頂坪,56-14
雙溪區,泰和,,772,雙溪區,雙溪,過港,4-46
雙溪區,泰和,,773,雙溪區,雙溪,過港,2-25
雙溪區,泰和,,774,雙溪區,雙溪,過港,4-17
雙溪區,泰和,,775,雙溪區,雙溪,過港,3-8
雙溪區,泰和,,776,雙溪區,雙溪,過港,4-47
雙溪區,泰和,,777,雙溪區,雙溪,過港,4-48
雙溪區,泰和,,778,雙溪區,雙溪,過港,4-49
雙溪區,泰和,,779,雙溪區,雙溪,過港,4-16
雙溪區,泰和,,78,雙溪區,平林,麻竹坑,31-15
雙溪區,泰和,,780,雙溪區,雙溪,過港,3-3
雙溪區,泰和,,781,雙溪區,雙溪,過港,4-39
雙溪區,泰和,,782,雙溪區,雙溪,過港,3-2
雙溪區,泰和,,783,雙溪區,雙溪,過港,4-14
雙溪區,泰和,,784,雙溪區,雙溪,過港,4-15
雙溪區,泰和,,785,雙溪區,雙溪,過港,4-2
雙溪區,泰和,,786,雙溪區,雙溪,過港,3
雙溪區,泰和,,787,雙溪區,雙溪,過港,3-10
雙溪區,泰和,,788,雙溪區,雙溪,過港,4-13
雙溪區,泰和,,789,雙溪區,雙溪,過港,4-6
雙溪區,泰和,,79,雙溪區,平林,麻竹坑,31-16
雙溪區,泰和,,790,雙溪區,雙溪,過港,4-1
雙溪區,泰和,,791,雙溪區,雙溪,過港,4-7
雙溪區,泰和,,792,雙溪區,雙溪,過港,4-10
雙溪區,泰和,,793,雙溪區,雙溪,過港,4-11
雙溪區,泰和,,794,雙溪區,雙溪,過港,3-5
雙溪區,泰和,,795,雙溪區,雙溪,過港,5-1
雙溪區,泰和,,796,雙溪區,雙溪,過港,5-2
雙溪區,泰和,,797,雙溪區,雙溪,過港,5-6
雙溪區,泰和,,798,雙溪區,雙溪,過港,3-4
雙溪區,泰和,,799,雙溪區,雙溪,過港,4-12
雙溪區,泰和,,8,雙溪區,平林,外平林,40-11
雙溪區,泰和,,80,雙溪區,平林,麻竹坑,31-17
雙溪區,泰和,,800,雙溪區,雙溪,過港,3-6
雙溪區,泰和,,801,雙溪區,雙溪,過港,5-4
雙溪區,泰和,,802,雙溪區,雙溪,過港,5
雙溪區,泰和,,803,雙溪區,雙溪,過港,5-3
雙溪區,泰和,,804,雙溪區,雙溪,過港,5-5
雙溪區,泰和,,805,雙溪區,雙溪,過港,4-8
雙溪區,泰和,,806,雙溪區,雙溪,過港,4-9
雙溪區,泰和,,807,雙溪區,雙溪,過港,4-25
雙溪區,泰和,,808,雙溪區,雙溪,過港,4-26
雙溪區,泰和,,809,雙溪區,雙溪,過港,6-19
雙溪區,泰和,,81,雙溪區,平林,麻竹坑,31-18
雙溪區,泰和,,810,雙溪區,雙溪,過港,6-18
雙溪區,泰和,,811,雙溪區,雙溪,過港,6-17
雙溪區,泰和,,812,雙溪區,雙溪,過港,6-16
雙溪區,泰和,,813,雙溪區,雙溪,過港,6-15
雙溪區,泰和,,814,雙溪區,雙溪,過港,6-14
雙溪區,泰和,,815,雙溪區,雙溪,過港,6-13
雙溪區,泰和,,816,雙溪區,雙溪,過港,6-12
雙溪區,泰和,,817,雙溪區,雙溪,過港,6-11
雙溪區,泰和,,818,雙溪區,雙溪,過港,6-20
雙溪區,泰和,,819,雙溪區,雙溪,過港,6-21
雙溪區,泰和,,82,雙溪區,平林,麻竹坑,31-19
雙溪區,泰和,,820,雙溪區,雙溪,過港,6-22
雙溪區,泰和,,821,雙溪區,雙溪,過港,6-23
雙溪區,泰和,,822,雙溪區,雙溪,過港,6-29
雙溪區,泰和,,823,雙溪區,雙溪,過港,6-24
雙溪區,泰和,,824,雙溪區,雙溪,過港,6-25
雙溪區,泰和,,825,雙溪區,雙溪,過港,6-31
雙溪區,泰和,,826,雙溪區,雙溪,過港,6-37
雙溪區,泰和,,827,雙溪區,雙溪,過港,6-30
雙溪區,泰和,,828,雙溪區,雙溪,過港,4-27
雙溪區,泰和,,829,雙溪區,雙溪,過港,6-10
雙溪區,泰和,,83,雙溪區,平林,麻竹坑,31-20
雙溪區,泰和,,830,雙溪區,雙溪,過港,6-9
雙溪區,泰和,,831,雙溪區,雙溪,過港,6-8
雙溪區,泰和,,832,雙溪區,雙溪,過港,6-7
雙溪區,泰和,,833,雙溪區,雙溪,過港,6-6
雙溪區,泰和,,834,雙溪區,雙溪,過港,6-41
雙溪區,泰和,,835,雙溪區,雙溪,過港,6-5
雙溪區,泰和,,836,雙溪區,雙溪,過港,6-26
雙溪區,泰和,,837,雙溪區,雙溪,過港,8-65
雙溪區,泰和,,838,雙溪區,雙溪,過港,8-64
雙溪區,泰和,,839,雙溪區,雙溪,過港,6-40
雙溪區,泰和,,84,雙溪區,平林,麻竹坑,31-21
雙溪區,泰和,,840,雙溪區,雙溪,過港,8-59
雙溪區,泰和,,841,雙溪區,雙溪,過港,8-21
雙溪區,泰和,,842,雙溪區,雙溪,過港,8-75
雙溪區,泰和,,843,雙溪區,雙溪,過港,8-63
雙溪區,泰和,,844,雙溪區,雙溪,過港,6-3
雙溪區,泰和,,845,雙溪區,雙溪,過港,6
雙溪區,泰和,,846,雙溪區,雙溪,過港,6-38
雙溪區,泰和,,847,雙溪區,雙溪,過港,6-28
雙溪區,泰和,,848,雙溪區,雙溪,過港,4-24
雙溪區,泰和,,849,雙溪區,雙溪,過港,15
雙溪區,泰和,,85,雙溪區,平林,麻竹坑,31-27
雙溪區,泰和,,850,雙溪區,雙溪,過港,6-32
雙溪區,泰和,,851,雙溪區,雙溪,過港,6-4
雙溪區,泰和,,852,雙溪區,雙溪,過港,6-2
雙溪區,泰和,,853,雙溪區,雙溪,過港,15-5
雙溪區,泰和,,854,雙溪區,雙溪,過港,15-3
雙溪區,泰和,,855,雙溪區,雙溪,過港,15-6
雙溪區,泰和,,856,雙溪區,雙溪,過港,7
雙溪區,泰和,,857,雙溪區,雙溪,過港,12-18
雙溪區,泰和,,858,雙溪區,雙溪,過港,7-2
雙溪區,泰和,,859,雙溪區,雙溪,過港,12-30
雙溪區,泰和,,86,雙溪區,平林,麻竹坑,31-13
雙溪區,泰和,,860,雙溪區,雙溪,過港,12-56
雙溪區,泰和,,861,雙溪區,雙溪,過港,12-17
雙溪區,泰和,,862,雙溪區,雙溪,過港,7-1
雙溪區,泰和,,863,雙溪區,雙溪,過港,6-35
雙溪區,泰和,,864,雙溪區,雙溪,過港,7-3
雙溪區,泰和,,865,雙溪區,雙溪,過港,6-39
雙溪區,泰和,,866,雙溪區,雙溪,過港,6-42
雙溪區,泰和,,867,雙溪區,雙溪,過港,6-43
雙溪區,泰和,,868,雙溪區,雙溪,過港,8-49
雙溪區,泰和,,869,雙溪區,雙溪,過港,8-76
雙溪區,泰和,,87,雙溪區,平林,麻竹坑,31-26
雙溪區,泰和,,870,雙溪區,雙溪,過港,8-69
雙溪區,泰和,,871,雙溪區,雙溪,過港,8-22
雙溪區,泰和,,872,雙溪區,雙溪,過港,8-23
雙溪區,泰和,,873,雙溪區,雙溪,過港,8-37
雙溪區,泰和,,874,雙溪區,雙溪,過港,8-24
雙溪區,泰和,,875,雙溪區,雙溪,過港,8-25
雙溪區,泰和,,876,雙溪區,雙溪,過港,8-46
雙溪區,泰和,,877,雙溪區,雙溪,過港,8-45
雙溪區,泰和,,878,雙溪區,雙溪,過港,8-44
雙溪區,泰和,,879,雙溪區,雙溪,過港,8
雙溪區,泰和,,88,雙溪區,平林,麻竹坑,31-28
雙溪區,泰和,,880,雙溪區,雙溪,過港,7-5
雙溪區,泰和,,881,雙溪區,雙溪,過港,12-57
雙溪區,泰和,,882,雙溪區,雙溪,過港,12-55
雙溪區,泰和,,883,雙溪區,雙溪,過港,7-6
雙溪區,泰和,,884,雙溪區,雙溪,過港,9-4
雙溪區,泰和,,885,雙溪區,雙溪,過港,9-3
雙溪區,泰和,,886,雙溪區,雙溪,過港,9-1
雙溪區,泰和,,887,雙溪區,雙溪,過港,9
雙溪區,泰和,,888,雙溪區,雙溪,過港,8-50
雙溪區,泰和,,889,雙溪區,雙溪,過港,8-68
雙溪區,泰和,,89,雙溪區,平林,麻竹坑,31-25
雙溪區,泰和,,890,雙溪區,雙溪,過港,8-28
雙溪區,泰和,,891,雙溪區,雙溪,過港,8-48
雙溪區,泰和,,892,雙溪區,雙溪,過港,8-29
雙溪區,泰和,,893,雙溪區,雙溪,過港,8-62
雙溪區,泰和,,894,雙溪區,雙溪,過港,8-56
雙溪區,泰和,,895,雙溪區,雙溪,過港,8-70
雙溪區,泰和,,896,雙溪區,雙溪,過港,8-55
雙溪區,泰和,,897,雙溪區,雙溪,過港,8-54
雙溪區,泰和,,898,雙溪區,雙溪,過港,8-53
雙溪區,泰和,,899,雙溪區,雙溪,過港,8-52
雙溪區,泰和,,9,雙溪區,平林,麻竹坑,43-16
雙溪區,泰和,,90,雙溪區,平林,麻竹坑,31-29
雙溪區,泰和,,900,雙溪區,雙溪,過港,8-41
雙溪區,泰和,,901,雙溪區,雙溪,過港,8-43
雙溪區,泰和,,902,雙溪區,雙溪,過港,8-30
雙溪區,泰和,,903,雙溪區,雙溪,過港,8-71
雙溪區,泰和,,904,雙溪區,雙溪,過港,8-31
雙溪區,泰和,,905,雙溪區,雙溪,過港,8-72
雙溪區,泰和,,906,雙溪區,雙溪,過港,8-58
雙溪區,泰和,,907,雙溪區,雙溪,過港,8-18
雙溪區,泰和,,908,雙溪區,雙溪,過港,8-17
雙溪區,泰和,,909,雙溪區,雙溪,過港,8-81
雙溪區,泰和,,91,雙溪區,平林,麻竹坑,31-24
雙溪區,泰和,,910,雙溪區,雙溪,過港,8-6
雙溪區,泰和,,911,雙溪區,雙溪,過港,8-80
雙溪區,泰和,,912,雙溪區,雙溪,過港,8-27
雙溪區,泰和,,913,雙溪區,雙溪,過港,8-79
雙溪區,泰和,,914,雙溪區,雙溪,過港,8-26
雙溪區,泰和,,915,雙溪區,雙溪,過港,8-78
雙溪區,泰和,,916,雙溪區,雙溪,過港,8-3
雙溪區,泰和,,917,雙溪區,雙溪,過港,8-77
雙溪區,泰和,,918,雙溪區,雙溪,過港,8-16
雙溪區,泰和,,919,雙溪區,雙溪,過港,8-15
雙溪區,泰和,,92,雙溪區,平林,麻竹坑,31-30
雙溪區,泰和,,920,雙溪區,雙溪,過港,8-83
雙溪區,泰和,,921,雙溪區,雙溪,過港,8-33
雙溪區,泰和,,922,雙溪區,雙溪,過港,8-14
雙溪區,泰和,,923,雙溪區,雙溪,過港,8-40
雙溪區,泰和,,924,雙溪區,雙溪,過港,8-39
雙溪區,泰和,,925,雙溪區,雙溪,過港,8-38
雙溪區,泰和,,926,雙溪區,雙溪,過港,8-51
雙溪區,泰和,,927,雙溪區,雙溪,過港,8-42
雙溪區,泰和,,928,雙溪區,雙溪,過港,8-60
雙溪區,泰和,,929,雙溪區,雙溪,過港,8-35
雙溪區,泰和,,93,雙溪區,平林,麻竹坑,31-23
雙溪區,泰和,,930,雙溪區,雙溪,過港,8-10
雙溪區,泰和,,931,雙溪區,雙溪,過港,8-9
雙溪區,泰和,,932,雙溪區,雙溪,過港,8-47
雙溪區,泰和,,933,雙溪區,雙溪,過港,8-32
雙溪區,泰和,,934,雙溪區,雙溪,過港,13-60
雙溪區,泰和,,935,雙溪區,雙溪,過港,13-30
雙溪區,泰和,,936,雙溪區,雙溪,過港,13-35
雙溪區,泰和,,937,雙溪區,雙溪,過港,13-34
雙溪區,泰和,,938,雙溪區,雙溪,過港,13-63
雙溪區,泰和,,939,雙溪區,雙溪,過港,13-29
雙溪區,泰和,,94,雙溪區,平林,麻竹坑,31-31
雙溪區,泰和,,940,雙溪區,雙溪,過港,13-28
雙溪區,泰和,,941,雙溪區,雙溪,過港,13-26
雙溪區,泰和,,942,雙溪區,雙溪,過港,13-25
雙溪區,泰和,,943,雙溪區,雙溪,過港,13-11
雙溪區,泰和,,944,雙溪區,雙溪,過港,13-27
雙溪區,泰和,,945,雙溪區,雙溪,過港,13-10
雙溪區,泰和,,946,雙溪區,雙溪,過港,13-9
雙溪區,泰和,,947,雙溪區,雙溪,過港,13-8
雙溪區,泰和,,948,雙溪區,雙溪,過港,12-1
雙溪區,泰和,,949,雙溪區,雙溪,過港,12
雙溪區,泰和,,95,雙溪區,平林,麻竹坑,31-22
雙溪區,泰和,,950,雙溪區,雙溪,過港,13
雙溪區,泰和,,951,雙溪區,雙溪,過港,12-13
雙溪區,泰和,,952,雙溪區,雙溪,過港,12-10
雙溪區,泰和,,953,雙溪區,雙溪,過港,12-20
雙溪區,泰和,,954,雙溪區,雙溪,過港,12-11
雙溪區,泰和,,955,雙溪區,雙溪,過港,12-15
雙溪區,泰和,,956,雙溪區,雙溪,過港,4-23
雙溪區,泰和,,957,雙溪區,雙溪,過港,15-1
雙溪區,泰和,,958,雙溪區,雙溪,過港,16-3
雙溪區,泰和,,959,雙溪區,雙溪,過港,16-5
雙溪區,泰和,,96,雙溪區,平林,麻竹坑,31-32
雙溪區,泰和,,960,雙溪區,雙溪,過港,15-2
雙溪區,泰和,,961,雙溪區,雙溪,過港,16-7
雙溪區,泰和,,962,雙溪區,雙溪,過港,16-4
雙溪區,泰和,,963,雙溪區,雙溪,過港,9-2
雙溪區,泰和,,964,雙溪區,雙溪,過港,12-16
雙溪區,泰和,,965,雙溪區,雙溪,過港,10
雙溪區,泰和,,966,雙溪區,雙溪,過港,10-1
雙溪區,泰和,,967,雙溪區,雙溪,過港,11
雙溪區,泰和,,968,雙溪區,雙溪,過港,11-1
雙溪區,泰和,,969,雙溪區,雙溪,過港,12-14
雙溪區,泰和,,97,雙溪區,平林,麻竹坑,25-83
雙溪區,泰和,,970,雙溪區,雙溪,過港,12-2
雙溪區,泰和,,971,雙溪區,雙溪,過港,12-19
雙溪區,泰和,,972,雙溪區,雙溪,苕谷坑,12-16
雙溪區,泰和,,973,雙溪區,雙溪,苕谷坑,12-15
雙溪區,泰和,,974,雙溪區,雙溪,苕谷坑,12-14
雙溪區,泰和,,975,雙溪區,雙溪,苕谷坑,12-1
雙溪區,泰和,,976,雙溪區,雙溪,苕谷坑,12-3
雙溪區,泰和,,977,雙溪區,雙溪,過港,12-3
雙溪區,泰和,,978,雙溪區,雙溪,過港,11-3
雙溪區,泰和,,979,雙溪區,雙溪,過港,11-2
雙溪區,泰和,,98,雙溪區,平林,麻竹坑,25-49
雙溪區,泰和,,981,雙溪區,雙溪,過港,16-6
雙溪區,泰和,,982,雙溪區,雙溪,過港,16
雙溪區,泰和,,983,雙溪區,雙溪,過港,16-2
雙溪區,泰和,,984,雙溪區,雙溪,過港,4-22
雙溪區,泰和,,985,雙溪區,雙溪,過港,4-21
雙溪區,泰和,,986,雙溪區,雙溪,過港,1
雙溪區,泰和,,987,雙溪區,雙溪,過港,8-74
雙溪區,泰和,,988,雙溪區,雙溪,過港,4-28
雙溪區,泰和,,989,雙溪區,雙溪,過港,4-36
雙溪區,泰和,,99,雙溪區,平林,麻竹坑,25-88
雙溪區,泰和,,990,雙溪區,雙溪,過港,6-36
雙溪區,泰和,,991,雙溪區,雙溪,過港,7-4
雙溪區,泰和,,992,雙溪區,雙溪,過港,12-28
雙溪區,泰和,,993,雙溪區,雙溪,過港,15-4
雙溪區,泰和,,994,雙溪區,雙溪,過港,16-1
雙溪區,泰和,,995,雙溪區,平林,麻竹坑,45-8
雙溪區,泰和,,996,雙溪區,平林,麻竹坑,41-26
雙溪區,泰和,,997,雙溪區,平林,麻竹坑,41-24
雙溪區,泰和,,998,雙溪區,平林,麻竹坑,41-27
雙溪區,泰和,,999,雙溪區,平林,麻竹坑,45-6
雙溪區,烏山,大湖尾,104,雙溪區,烏山,烏山,34-6
雙溪區,烏山,大湖尾,112,雙溪區,大平,竹子山,71
雙溪區,烏山,大湖尾,50,雙溪區,大平,竿蓁坑,127-2
雙溪區,烏山,大湖尾,52,雙溪區,大平,竿蓁坑,129-1
雙溪區,烏山,大湖尾,54,雙溪區,大平,竹子山,125-6
雙溪區,烏山,大湖尾,67,雙溪區,大平,竹子山,68
雙溪區,烏山,大湖尾,68,雙溪區,大平,竹子山,70
雙溪區,烏山,大湖尾,71,雙溪區,大平,竹子山,77
雙溪區,烏山,大湖尾,72,雙溪區,大平,竹子山,76
雙溪區,烏山,大湖尾,74,雙溪區,大平,竹子山,74
雙溪區,烏山,大湖尾,75,雙溪區,大平,竹子山,73
雙溪區,烏山,灣潭,170,雙溪區,溪尾寮,藤寮坑,4
雙溪區,烏山,灣潭,171,雙溪區,溪尾寮,藤寮坑,5
雙溪區,虎豹潭,,10,雙溪區,烏山,灣潭,84
雙溪區,虎豹潭,,11,雙溪區,烏山,灣潭,85-1
雙溪區,虎豹潭,,12,雙溪區,烏山,灣潭,85
雙溪區,虎豹潭,,15,雙溪區,烏山,灣潭,86-2
雙溪區,虎豹潭,,16,雙溪區,烏山,灣潭,86-3
雙溪區,虎豹潭,,22,雙溪區,烏山,灣潭,119-1
雙溪區,虎豹潭,,36-1,雙溪區,烏山,三分二,49
雙溪區,虎豹潭,,38,雙溪區,烏山,三分二,48
雙溪區,虎豹潭,,48,雙溪區,烏山,三分二,46-2
雙溪區,虎豹潭,,62,雙溪區,烏山,三分二,46-3
雙溪區,虎豹潭,,65,雙溪區,烏山,三分二,46
雙溪區,虎豹潭,,69,雙溪區,烏山,三分二,46-1
雙溪區,虎豹潭,,70,雙溪區,烏山,三分二,46-8
雙溪區,虎豹潭,,71,雙溪區,烏山,三分二,47
雙溪區,虎豹潭,,73,雙溪區,烏山,三分二,46-7
雙溪區,虎豹潭,,74,雙溪區,烏山,三分二,46-6
雙溪區,虎豹潭,,75,雙溪區,烏山,三分二,46-5
雙溪區,虎豹潭,,76,雙溪區,烏山,三分二,46-4
雙溪區,虎豹潭,,8,雙溪區,烏山,灣潭,86-1
雙溪區,虎豹潭,,80,雙溪區,烏山,三分二,37-8
雙溪區,虎豹潭,,83,雙溪區,烏山,三分二,37-5
雙溪區,虎豹潭,,84,雙溪區,烏山,三分二,37-6
雙溪區,虎豹潭,,85,雙溪區,烏山,三分二,37-7
雙溪區,虎豹潭,,86,雙溪區,烏山,三分二,37-3
雙溪區,虎豹潭,,87,雙溪區,烏山,三分二,37-4
雙溪區,虎豹潭,,89,雙溪區,烏山,三分二,44-1
雙溪區,虎豹潭,,9,雙溪區,烏山,灣潭,86
雙溪區,虎豹潭,,91,雙溪區,烏山,三分二,44
雙溪區,虎豹潭,,94,雙溪區,烏山,三分二,18
雙溪區,虎豹潭,,96,雙溪區,烏山,三分二,7-1
雙溪區,雙平,,1,雙溪區,武丹坑,粗坑,285
雙溪區,雙平,,10,雙溪區,武丹坑,粗坑,262-1
雙溪區,雙平,,100,雙溪區,武丹坑,粗坑,293-5
雙溪區,雙平,,1000,雙溪區,雙溪,雙溪,206
雙溪區,雙平,,1001,雙溪區,雙溪,雙溪,206-7
雙溪區,雙平,,1002,雙溪區,雙溪,雙溪,206-6
雙溪區,雙平,,1003,雙溪區,雙溪,雙溪,206-2
雙溪區,雙平,,1004,雙溪區,雙溪,雙溪,206-8
雙溪區,雙平,,1005,雙溪區,雙溪,雙溪,206-5
雙溪區,雙平,,1006,雙溪區,雙溪,雙溪,206-9
雙溪區,雙平,,1007,雙溪區,雙溪,雙溪,204-1
雙溪區,雙平,,1008,雙溪區,雙溪,雙溪,204-2
雙溪區,雙平,,1009,雙溪區,雙溪,雙溪,205-33
雙溪區,雙平,,101,雙溪區,武丹坑,粗坑,293-6
雙溪區,雙平,,1010,雙溪區,雙溪,雙溪,204-3
雙溪區,雙平,,1011,雙溪區,雙溪,雙溪,205-8
雙溪區,雙平,,1012,雙溪區,雙溪,雙溪,202-1
雙溪區,雙平,,1013,雙溪區,雙溪,雙溪,205-39
雙溪區,雙平,,1014,雙溪區,雙溪,雙溪,205-40
雙溪區,雙平,,1015,雙溪區,雙溪,雙溪,205-41
雙溪區,雙平,,1016,雙溪區,雙溪,雙溪,205-34
雙溪區,雙平,,1017,雙溪區,雙溪,雙溪,205-35
雙溪區,雙平,,1018,雙溪區,雙溪,雙溪,205-36
雙溪區,雙平,,1019,雙溪區,雙溪,雙溪,204-5
雙溪區,雙平,,102,雙溪區,武丹坑,粗坑,293-7
雙溪區,雙平,,1020,雙溪區,雙溪,雙溪,205-37
雙溪區,雙平,,1021,雙溪區,雙溪,雙溪,204-4
雙溪區,雙平,,1022,雙溪區,雙溪,雙溪,205-38
雙溪區,雙平,,1023,雙溪區,雙溪,雙溪,204
雙溪區,雙平,,1024,雙溪區,雙溪,雙溪,203
雙溪區,雙平,,1025,雙溪區,雙溪,雙溪,203-1
雙溪區,雙平,,1026,雙溪區,雙溪,雙溪,203-4
雙溪區,雙平,,1027,雙溪區,雙溪,雙溪,203-5
雙溪區,雙平,,1028,雙溪區,雙溪,雙溪,202-8
雙溪區,雙平,,1029,雙溪區,雙溪,雙溪,204-6
雙溪區,雙平,,103,雙溪區,武丹坑,粗坑,293-8
雙溪區,雙平,,1030,雙溪區,雙溪,雙溪,203-3
雙溪區,雙平,,1031,雙溪區,雙溪,雙溪,203-6
雙溪區,雙平,,1032,雙溪區,雙溪,雙溪,203-7
雙溪區,雙平,,1033,雙溪區,雙溪,雙溪,203-8
雙溪區,雙平,,1034,雙溪區,雙溪,雙溪,204-7
雙溪區,雙平,,1035,雙溪區,雙溪,雙溪,164-3
雙溪區,雙平,,1036,雙溪區,雙溪,雙溪,156-13
雙溪區,雙平,,1037,雙溪區,雙溪,雙溪,156-11
雙溪區,雙平,,1038,雙溪區,雙溪,雙溪,156-10
雙溪區,雙平,,1039,雙溪區,雙溪,雙溪,156-14
雙溪區,雙平,,104,雙溪區,武丹坑,粗坑,293-10
雙溪區,雙平,,1040,雙溪區,雙溪,雙溪,164
雙溪區,雙平,,1041,雙溪區,雙溪,雙溪,164-1
雙溪區,雙平,,1042,雙溪區,雙溪,雙溪,163
雙溪區,雙平,,1043,雙溪區,雙溪,雙溪,162-1
雙溪區,雙平,,1044,雙溪區,雙溪,雙溪,162
雙溪區,雙平,,1045,雙溪區,雙溪,雙溪,162-2
雙溪區,雙平,,1046,雙溪區,雙溪,雙溪,162-3
雙溪區,雙平,,1047,雙溪區,雙溪,雙溪,161
雙溪區,雙平,,1048,雙溪區,雙溪,雙溪,160-1
雙溪區,雙平,,1049,雙溪區,雙溪,雙溪,202
雙溪區,雙平,,105,雙溪區,武丹坑,粗坑,293
雙溪區,雙平,,1050,雙溪區,雙溪,雙溪,202-4
雙溪區,雙平,,1051,雙溪區,雙溪,雙溪,200-4
雙溪區,雙平,,1052,雙溪區,雙溪,雙溪,165-1
雙溪區,雙平,,1053,雙溪區,雙溪,雙溪,165-13
雙溪區,雙平,,1054,雙溪區,雙溪,雙溪,200-1
雙溪區,雙平,,1055,雙溪區,雙溪,雙溪,200
雙溪區,雙平,,1056,雙溪區,雙溪,雙溪,199-1
雙溪區,雙平,,1058,雙溪區,雙溪,雙溪,124-14
雙溪區,雙平,,1059,雙溪區,雙溪,雙溪,197-5
雙溪區,雙平,,106,雙溪區,雙溪,九分坑,274-7
雙溪區,雙平,,1060,雙溪區,雙溪,雙溪,174-3
雙溪區,雙平,,1061,雙溪區,雙溪,雙溪,193
雙溪區,雙平,,1062,雙溪區,雙溪,雙溪,193-2
雙溪區,雙平,,1063,雙溪區,雙溪,雙溪,194-4
雙溪區,雙平,,1064,雙溪區,雙溪,雙溪,192
雙溪區,雙平,,1065,雙溪區,雙溪,雙溪,191
雙溪區,雙平,,1066,雙溪區,雙溪,雙溪,190
雙溪區,雙平,,1067,雙溪區,雙溪,雙溪,189
雙溪區,雙平,,1068,雙溪區,雙溪,雙溪,188
雙溪區,雙平,,1069,雙溪區,雙溪,雙溪,186
雙溪區,雙平,,1070,雙溪區,雙溪,雙溪,186-1
雙溪區,雙平,,1071,雙溪區,雙溪,雙溪,185
雙溪區,雙平,,1072,雙溪區,雙溪,雙溪,183
雙溪區,雙平,,1073,雙溪區,雙溪,雙溪,183-1
雙溪區,雙平,,1074,雙溪區,雙溪,雙溪,175-3
雙溪區,雙平,,1075,雙溪區,雙溪,雙溪,174-8
雙溪區,雙平,,1076,雙溪區,雙溪,雙溪,174-2
雙溪區,雙平,,1077,雙溪區,雙溪,雙溪,174-6
雙溪區,雙平,,1078,雙溪區,雙溪,雙溪,174-5
雙溪區,雙平,,1079,雙溪區,雙溪,雙溪,174-10
雙溪區,雙平,,1080,雙溪區,雙溪,雙溪,174-4
雙溪區,雙平,,1081,雙溪區,雙溪,雙溪,174-13
雙溪區,雙平,,1082,雙溪區,雙溪,雙溪,124-4
雙溪區,雙平,,1083,雙溪區,雙溪,雙溪,124-6
雙溪區,雙平,,1084,雙溪區,雙溪,雙溪,124-1
雙溪區,雙平,,1085,雙溪區,雙溪,雙溪,124-10
雙溪區,雙平,,1086,雙溪區,雙溪,雙溪,124-11
雙溪區,雙平,,1087,雙溪區,雙溪,雙溪,124-12
雙溪區,雙平,,1088,雙溪區,雙溪,雙溪,124-3
雙溪區,雙平,,1089,雙溪區,雙溪,雙溪,167-2
雙溪區,雙平,,109,雙溪區,武丹坑,粗坑,297-1
雙溪區,雙平,,1090,雙溪區,雙溪,雙溪,165-9
雙溪區,雙平,,1091,雙溪區,雙溪,雙溪,165-6
雙溪區,雙平,,1093,雙溪區,雙溪,雙溪,156-9
雙溪區,雙平,,1094,雙溪區,雙溪,雙溪,160
雙溪區,雙平,,1095,雙溪區,雙溪,雙溪,161-2
雙溪區,雙平,,1096,雙溪區,雙溪,雙溪,162-4
雙溪區,雙平,,1097,雙溪區,雙溪,雙溪,157-1
雙溪區,雙平,,1098,雙溪區,雙溪,雙溪,157
雙溪區,雙平,,1099,雙溪區,雙溪,雙溪,156
雙溪區,雙平,,11,雙溪區,武丹坑,粗坑,262-5
雙溪區,雙平,,110,雙溪區,武丹坑,粗坑,297-3
雙溪區,雙平,,1100,雙溪區,雙溪,雙溪,156-6
雙溪區,雙平,,1101,雙溪區,雙溪,雙溪,157-3
雙溪區,雙平,,1102,雙溪區,雙溪,雙溪,158
雙溪區,雙平,,1103,雙溪區,雙溪,雙溪,156-7
雙溪區,雙平,,1104,雙溪區,雙溪,雙溪,156-8
雙溪區,雙平,,1105,雙溪區,雙溪,雙溪,156-12
雙溪區,雙平,,1107,雙溪區,雙溪,雙溪,156-2
雙溪區,雙平,,1108,雙溪區,雙溪,雙溪,156-1
雙溪區,雙平,,1109,雙溪區,平林,麻竹坑,8-14
雙溪區,雙平,,111,雙溪區,武丹坑,粗坑,297-44
雙溪區,雙平,,1110,雙溪區,雙溪,雙溪,156-3
雙溪區,雙平,,1111,雙溪區,雙溪,雙溪,144-5
雙溪區,雙平,,1112,雙溪區,雙溪,雙溪,156-4
雙溪區,雙平,,1113,雙溪區,雙溪,雙溪,144-2
雙溪區,雙平,,1114,雙溪區,雙溪,雙溪,144-4
雙溪區,雙平,,1115,雙溪區,雙溪,雙溪,144-3
雙溪區,雙平,,1116,雙溪區,雙溪,雙溪,144-1
雙溪區,雙平,,1117,雙溪區,雙溪,雙溪,144
雙溪區,雙平,,1118,雙溪區,雙溪,雙溪,143
雙溪區,雙平,,1119,雙溪區,雙溪,雙溪,66-6
雙溪區,雙平,,112,雙溪區,武丹坑,粗坑,297-2
雙溪區,雙平,,1120,雙溪區,雙溪,雙溪,142
雙溪區,雙平,,1121,雙溪區,雙溪,雙溪,141
雙溪區,雙平,,1122,雙溪區,雙溪,雙溪,149-1
雙溪區,雙平,,1123,雙溪區,雙溪,雙溪,136-2
雙溪區,雙平,,1124,雙溪區,雙溪,雙溪,136-1
雙溪區,雙平,,1125,雙溪區,雙溪,雙溪,145-2
雙溪區,雙平,,1126,雙溪區,雙溪,雙溪,145
雙溪區,雙平,,1127,雙溪區,雙溪,雙溪,145-3
雙溪區,雙平,,1128,雙溪區,雙溪,雙溪,145-1
雙溪區,雙平,,1129,雙溪區,雙溪,雙溪,148-1
雙溪區,雙平,,113,雙溪區,武丹坑,粗坑,324-39
雙溪區,雙平,,1130,雙溪區,雙溪,雙溪,148
雙溪區,雙平,,1131,雙溪區,雙溪,雙溪,149
雙溪區,雙平,,1132,雙溪區,雙溪,雙溪,150
雙溪區,雙平,,1133,雙溪區,雙溪,雙溪,150-1
雙溪區,雙平,,1134,雙溪區,雙溪,雙溪,153
雙溪區,雙平,,1135,雙溪區,雙溪,雙溪,151-1
雙溪區,雙平,,1136,雙溪區,雙溪,雙溪,150-2
雙溪區,雙平,,1137,雙溪區,雙溪,雙溪,154-3
雙溪區,雙平,,1138,雙溪區,雙溪,雙溪,154-2
雙溪區,雙平,,1139,雙溪區,雙溪,雙溪,151
雙溪區,雙平,,114,雙溪區,武丹坑,粗坑,297-4
雙溪區,雙平,,1140,雙溪區,雙溪,雙溪,150-3
雙溪區,雙平,,1141,雙溪區,雙溪,雙溪,154-1
雙溪區,雙平,,1142,雙溪區,雙溪,雙溪,154
雙溪區,雙平,,1144,雙溪區,雙溪,雙溪,145-4
雙溪區,雙平,,1146,雙溪區,雙溪,雙溪,165-2
雙溪區,雙平,,1147,雙溪區,雙溪,雙溪,165-3
雙溪區,雙平,,1148,雙溪區,雙溪,雙溪,165-4
雙溪區,雙平,,1149,雙溪區,雙溪,雙溪,165-5
雙溪區,雙平,,115,雙溪區,武丹坑,粗坑,297-6
雙溪區,雙平,,1150,雙溪區,雙溪,雙溪,166
雙溪區,雙平,,1151,雙溪區,雙溪,雙溪,146-1
雙溪區,雙平,,1152,雙溪區,雙溪,雙溪,146
雙溪區,雙平,,1153,雙溪區,雙溪,雙溪,131
雙溪區,雙平,,1154,雙溪區,雙溪,雙溪,131-2
雙溪區,雙平,,1155,雙溪區,雙溪,雙溪,145-5
雙溪區,雙平,,1156,雙溪區,雙溪,雙溪,131-1
雙溪區,雙平,,1157,雙溪區,雙溪,雙溪,132
雙溪區,雙平,,1158,雙溪區,雙溪,雙溪,133
雙溪區,雙平,,1159,雙溪區,雙溪,雙溪,134
雙溪區,雙平,,116,雙溪區,武丹坑,粗坑,297-8
雙溪區,雙平,,1160,雙溪區,雙溪,雙溪,135
雙溪區,雙平,,1161,雙溪區,雙溪,雙溪,136
雙溪區,雙平,,1162,雙溪區,雙溪,雙溪,140-1
雙溪區,雙平,,1163,雙溪區,雙溪,雙溪,140
雙溪區,雙平,,1164,雙溪區,雙溪,雙溪,139-2
雙溪區,雙平,,1165,雙溪區,雙溪,雙溪,139
雙溪區,雙平,,1166,雙溪區,雙溪,雙溪,139-1
雙溪區,雙平,,1167,雙溪區,雙溪,雙溪,138-1
雙溪區,雙平,,1168,雙溪區,雙溪,雙溪,138
雙溪區,雙平,,1169,雙溪區,雙溪,雙溪,138-2
雙溪區,雙平,,117,雙溪區,武丹坑,粗坑,324-81
雙溪區,雙平,,1170,雙溪區,雙溪,雙溪,137-2
雙溪區,雙平,,1171,雙溪區,雙溪,雙溪,137
雙溪區,雙平,,1172,雙溪區,雙溪,雙溪,137-1
雙溪區,雙平,,1173,雙溪區,雙溪,雙溪,136-4
雙溪區,雙平,,1174,雙溪區,雙溪,雙溪,136-3
雙溪區,雙平,,1176,雙溪區,雙溪,雙溪,69-2
雙溪區,雙平,,1177,雙溪區,雙溪,雙溪,69
雙溪區,雙平,,1178,雙溪區,雙溪,雙溪,69-1
雙溪區,雙平,,1179,雙溪區,雙溪,雙溪,67
雙溪區,雙平,,118,雙溪區,武丹坑,粗坑,324-5
雙溪區,雙平,,1180,雙溪區,雙溪,雙溪,66-7
雙溪區,雙平,,1181,雙溪區,雙溪,雙溪,66-3
雙溪區,雙平,,1182,雙溪區,雙溪,雙溪,66
雙溪區,雙平,,1183,雙溪區,雙溪,雙溪,67-1
雙溪區,雙平,,1184,雙溪區,雙溪,雙溪,74
雙溪區,雙平,,1185,雙溪區,雙溪,雙溪,73
雙溪區,雙平,,1186,雙溪區,雙溪,雙溪,75
雙溪區,雙平,,1187,雙溪區,雙溪,雙溪,76
雙溪區,雙平,,1188,雙溪區,雙溪,雙溪,77
雙溪區,雙平,,1189,雙溪區,雙溪,雙溪,78
雙溪區,雙平,,119,雙溪區,武丹坑,粗坑,324-83
雙溪區,雙平,,1190,雙溪區,雙溪,雙溪,79
雙溪區,雙平,,1191,雙溪區,雙溪,雙溪,80
雙溪區,雙平,,1192,雙溪區,雙溪,雙溪,81-1
雙溪區,雙平,,1193,雙溪區,雙溪,雙溪,82
雙溪區,雙平,,1194,雙溪區,雙溪,雙溪,81
雙溪區,雙平,,1195,雙溪區,雙溪,雙溪,66-2
雙溪區,雙平,,1197,雙溪區,雙溪,雙溪,107-5
雙溪區,雙平,,1198,雙溪區,雙溪,雙溪,81-2
雙溪區,雙平,,12,雙溪區,武丹坑,粗坑,255-7
雙溪區,雙平,,120,雙溪區,武丹坑,粗坑,324-84
雙溪區,雙平,,1201,雙溪區,雙溪,雙溪,130
雙溪區,雙平,,1203,雙溪區,雙溪,雙溪,130-5
雙溪區,雙平,,1204,雙溪區,雙溪,雙溪,130-6
雙溪區,雙平,,1205,雙溪區,雙溪,雙溪,130-7
雙溪區,雙平,,1206,雙溪區,雙溪,雙溪,130-8
雙溪區,雙平,,1207,雙溪區,雙溪,雙溪,167-1
雙溪區,雙平,,1208,雙溪區,雙溪,雙溪,129
雙溪區,雙平,,1209,雙溪區,雙溪,雙溪,128
雙溪區,雙平,,121,雙溪區,武丹坑,粗坑,324-85
雙溪區,雙平,,1210,雙溪區,雙溪,雙溪,127
雙溪區,雙平,,1211,雙溪區,雙溪,雙溪,126
雙溪區,雙平,,1212,雙溪區,雙溪,雙溪,125
雙溪區,雙平,,1213,雙溪區,雙溪,雙溪,170
雙溪區,雙平,,1214,雙溪區,雙溪,雙溪,171
雙溪區,雙平,,1215,雙溪區,雙溪,雙溪,124-2
雙溪區,雙平,,1216,雙溪區,雙溪,雙溪,124-7
雙溪區,雙平,,1217,雙溪區,雙溪,雙溪,123-1
雙溪區,雙平,,1218,雙溪區,雙溪,雙溪,123
雙溪區,雙平,,1219,雙溪區,雙溪,雙溪,173-1
雙溪區,雙平,,122,雙溪區,武丹坑,粗坑,324-86
雙溪區,雙平,,1220,雙溪區,雙溪,雙溪,122
雙溪區,雙平,,1222,雙溪區,雙溪,雙溪,114-1
雙溪區,雙平,,1223,雙溪區,雙溪,雙溪,174-1
雙溪區,雙平,,1224,雙溪區,雙溪,雙溪,174-9
雙溪區,雙平,,1225,雙溪區,雙溪,雙溪,175-2
雙溪區,雙平,,1226,雙溪區,雙溪,雙溪,182
雙溪區,雙平,,1227,雙溪區,雙溪,雙溪,181
雙溪區,雙平,,1228,雙溪區,雙溪,雙溪,180
雙溪區,雙平,,1229,雙溪區,雙溪,雙溪,178-1
雙溪區,雙平,,123,雙溪區,武丹坑,粗坑,324-44
雙溪區,雙平,,1230,雙溪區,雙溪,雙溪,178
雙溪區,雙平,,1231,雙溪區,雙溪,雙溪,177
雙溪區,雙平,,1232,雙溪區,雙溪,雙溪,107-2
雙溪區,雙平,,1233,雙溪區,雙溪,雙溪,176
雙溪區,雙平,,1234,雙溪區,雙溪,雙溪,121-1
雙溪區,雙平,,1235,雙溪區,雙溪,雙溪,108
雙溪區,雙平,,1236,雙溪區,雙溪,雙溪,110
雙溪區,雙平,,1237,雙溪區,雙溪,雙溪,111
雙溪區,雙平,,1238,雙溪區,雙溪,雙溪,112
雙溪區,雙平,,1239,雙溪區,雙溪,雙溪,113
雙溪區,雙平,,124,雙溪區,武丹坑,粗坑,324-76
雙溪區,雙平,,1240,雙溪區,雙溪,雙溪,113-1
雙溪區,雙平,,1241,雙溪區,雙溪,雙溪,114
雙溪區,雙平,,1242,雙溪區,雙溪,雙溪,115
雙溪區,雙平,,1243,雙溪區,雙溪,雙溪,116
雙溪區,雙平,,1244,雙溪區,雙溪,雙溪,117
雙溪區,雙平,,1245,雙溪區,雙溪,雙溪,118
雙溪區,雙平,,1246,雙溪區,雙溪,雙溪,119
雙溪區,雙平,,1247,雙溪區,雙溪,雙溪,120
雙溪區,雙平,,1248,雙溪區,雙溪,雙溪,121
雙溪區,雙平,,1249,雙溪區,雙溪,雙溪,83
雙溪區,雙平,,125,雙溪區,武丹坑,粗坑,297-40
雙溪區,雙平,,1250,雙溪區,雙溪,雙溪,84
雙溪區,雙平,,1251,雙溪區,雙溪,雙溪,84-1
雙溪區,雙平,,1252,雙溪區,雙溪,雙溪,85-1
雙溪區,雙平,,1253,雙溪區,雙溪,雙溪,85
雙溪區,雙平,,1254,雙溪區,雙溪,雙溪,88
雙溪區,雙平,,1255,雙溪區,雙溪,雙溪,89
雙溪區,雙平,,1256,雙溪區,雙溪,雙溪,90
雙溪區,雙平,,1257,雙溪區,雙溪,雙溪,90-1
雙溪區,雙平,,1258,雙溪區,雙溪,雙溪,92
雙溪區,雙平,,1259,雙溪區,雙溪,雙溪,93
雙溪區,雙平,,126,雙溪區,武丹坑,粗坑,297-39
雙溪區,雙平,,1260,雙溪區,雙溪,雙溪,107-4
雙溪區,雙平,,1261,雙溪區,雙溪,雙溪,121-3
雙溪區,雙平,,1262,雙溪區,雙溪,雙溪,121-2
雙溪區,雙平,,1263,雙溪區,雙溪,雙溪,94
雙溪區,雙平,,1264,雙溪區,雙溪,雙溪,94-1
雙溪區,雙平,,1265,雙溪區,雙溪,雙溪,96-1
雙溪區,雙平,,1266,雙溪區,雙溪,雙溪,96
雙溪區,雙平,,1267,雙溪區,雙溪,雙溪,97
雙溪區,雙平,,1268,雙溪區,雙溪,雙溪,97-1
雙溪區,雙平,,1269,雙溪區,雙溪,雙溪,98-1
雙溪區,雙平,,127,雙溪區,武丹坑,粗坑,297-38
雙溪區,雙平,,1270,雙溪區,雙溪,雙溪,98
雙溪區,雙平,,1271,雙溪區,雙溪,雙溪,99
雙溪區,雙平,,1272,雙溪區,雙溪,雙溪,107-3
雙溪區,雙平,,1273,雙溪區,雙溪,雙溪,100
雙溪區,雙平,,1274,雙溪區,雙溪,雙溪,101
雙溪區,雙平,,1275,雙溪區,雙溪,雙溪,101-1
雙溪區,雙平,,1276,雙溪區,雙溪,雙溪,102
雙溪區,雙平,,1277,雙溪區,雙溪,雙溪,102-1
雙溪區,雙平,,1278,雙溪區,雙溪,雙溪,103-1
雙溪區,雙平,,1279,雙溪區,雙溪,雙溪,103
雙溪區,雙平,,128,雙溪區,武丹坑,粗坑,324-75
雙溪區,雙平,,1280,雙溪區,雙溪,雙溪,104
雙溪區,雙平,,1281,雙溪區,雙溪,雙溪,104-1
雙溪區,雙平,,1282,雙溪區,雙溪,雙溪,105-1
雙溪區,雙平,,1283,雙溪區,雙溪,雙溪,105
雙溪區,雙平,,1284,雙溪區,雙溪,雙溪,106
雙溪區,雙平,,1285,雙溪區,雙溪,雙溪,107
雙溪區,雙平,,1286,雙溪區,平林,外平林,32-12
雙溪區,雙平,,1287,雙溪區,平林,外平林,32-30
雙溪區,雙平,,1288,雙溪區,平林,外平林,32-35
雙溪區,雙平,,1289,雙溪區,平林,外平林,43-9
雙溪區,雙平,,129,雙溪區,武丹坑,粗坑,324-74
雙溪區,雙平,,1290,雙溪區,平林,外平林,47-1
雙溪區,雙平,,1291,雙溪區,平林,外平林,49-6
雙溪區,雙平,,1292,雙溪區,平林,外平林,62-14
雙溪區,雙平,,1293,雙溪區,平林,外平林,399-2
雙溪區,雙平,,1294,雙溪區,平林,外平林,432
雙溪區,雙平,,1296,雙溪區,平林,埔尾,8-8
雙溪區,雙平,,1297,雙溪區,武丹坑,頂坪,34-18
雙溪區,雙平,,1298,雙溪區,武丹坑,頂坪,35-2
雙溪區,雙平,,1299,雙溪區,武丹坑,頂坪,40
雙溪區,雙平,,13,雙溪區,武丹坑,粗坑,255-4
雙溪區,雙平,,130,雙溪區,武丹坑,粗坑,297-37
雙溪區,雙平,,1300,雙溪區,武丹坑,頂坪,75
雙溪區,雙平,,1302,雙溪區,武丹坑,粗坑,262-18
雙溪區,雙平,,1303,雙溪區,武丹坑,粗坑,262-19
雙溪區,雙平,,1304,雙溪區,武丹坑,粗坑,293-9
雙溪區,雙平,,1305,雙溪區,武丹坑,粗坑,297-5
雙溪區,雙平,,1306,雙溪區,武丹坑,粗坑,304-12
雙溪區,雙平,,1307,雙溪區,武丹坑,粗坑,304-54
雙溪區,雙平,,1308,雙溪區,武丹坑,粗坑,313-28
雙溪區,雙平,,1309,雙溪區,武丹坑,粗坑,313-29
雙溪區,雙平,,131,雙溪區,武丹坑,粗坑,297-36
雙溪區,雙平,,1310,雙溪區,武丹坑,粗坑,314-7
雙溪區,雙平,,1311,雙溪區,武丹坑,粗坑,314-8
雙溪區,雙平,,1312,雙溪區,武丹坑,粗坑,324-70
雙溪區,雙平,,1315,雙溪區,雙溪,雙溪,124-8
雙溪區,雙平,,1316,雙溪區,雙溪,雙溪,158-2
雙溪區,雙平,,1317,雙溪區,雙溪,雙溪,164-2
雙溪區,雙平,,1318,雙溪區,雙溪,雙溪,165-7
雙溪區,雙平,,1319,雙溪區,雙溪,雙溪,175-4
雙溪區,雙平,,132,雙溪區,武丹坑,粗坑,324-73
雙溪區,雙平,,1320,雙溪區,雙溪,雙溪,192-2
雙溪區,雙平,,1321,雙溪區,雙溪,雙溪,197-21
雙溪區,雙平,,1322,雙溪區,雙溪,雙溪,197-22
雙溪區,雙平,,1323,雙溪區,雙溪,雙溪,199-4
雙溪區,雙平,,1324,雙溪區,雙溪,雙溪,201-22
雙溪區,雙平,,1325,雙溪區,雙溪,雙溪,202-3
雙溪區,雙平,,1326,雙溪區,雙溪,雙溪,202-7
雙溪區,雙平,,1327,雙溪區,雙溪,雙溪,205-18
雙溪區,雙平,,133,雙溪區,武丹坑,粗坑,324-72
雙溪區,雙平,,134,雙溪區,武丹坑,粗坑,297-35
雙溪區,雙平,,135,雙溪區,武丹坑,粗坑,297-12
雙溪區,雙平,,136,雙溪區,武丹坑,粗坑,297-11
雙溪區,雙平,,137,雙溪區,武丹坑,粗坑,324-71
雙溪區,雙平,,138,雙溪區,武丹坑,粗坑,324-77
雙溪區,雙平,,139,雙溪區,武丹坑,粗坑,297-10
雙溪區,雙平,,14,雙溪區,武丹坑,粗坑,255-6
雙溪區,雙平,,140,雙溪區,武丹坑,粗坑,297-9
雙溪區,雙平,,141,雙溪區,武丹坑,粗坑,324-41
雙溪區,雙平,,142,雙溪區,武丹坑,粗坑,297-7
雙溪區,雙平,,143,雙溪區,武丹坑,粗坑,297
雙溪區,雙平,,144,雙溪區,武丹坑,粗坑,302-25
雙溪區,雙平,,145,雙溪區,武丹坑,粗坑,297-28
雙溪區,雙平,,146,雙溪區,武丹坑,粗坑,297-41
雙溪區,雙平,,147,雙溪區,武丹坑,粗坑,297-20
雙溪區,雙平,,148,雙溪區,武丹坑,粗坑,297-13
雙溪區,雙平,,149,雙溪區,武丹坑,粗坑,297-14
雙溪區,雙平,,15,雙溪區,武丹坑,粗坑,255-5
雙溪區,雙平,,150,雙溪區,武丹坑,粗坑,297-21
雙溪區,雙平,,151,雙溪區,武丹坑,粗坑,297-22
雙溪區,雙平,,152,雙溪區,武丹坑,粗坑,297-15
雙溪區,雙平,,153,雙溪區,武丹坑,粗坑,297-16
雙溪區,雙平,,154,雙溪區,武丹坑,粗坑,297-23
雙溪區,雙平,,155,雙溪區,武丹坑,粗坑,297-24
雙溪區,雙平,,156,雙溪區,武丹坑,粗坑,297-17
雙溪區,雙平,,157,雙溪區,武丹坑,粗坑,297-18
雙溪區,雙平,,158,雙溪區,武丹坑,粗坑,297-25
雙溪區,雙平,,159,雙溪區,武丹坑,粗坑,297-26
雙溪區,雙平,,16,雙溪區,武丹坑,粗坑,262-4
雙溪區,雙平,,160,雙溪區,武丹坑,粗坑,297-19
雙溪區,雙平,,161,雙溪區,武丹坑,粗坑,297-27
雙溪區,雙平,,162,雙溪區,武丹坑,粗坑,297-42
雙溪區,雙平,,163,雙溪區,武丹坑,粗坑,297-43
雙溪區,雙平,,164,雙溪區,武丹坑,粗坑,297-34
雙溪區,雙平,,165,雙溪區,武丹坑,粗坑,297-33
雙溪區,雙平,,166,雙溪區,武丹坑,粗坑,297-32
雙溪區,雙平,,167,雙溪區,武丹坑,粗坑,297-31
雙溪區,雙平,,168,雙溪區,武丹坑,粗坑,297-30
雙溪區,雙平,,169,雙溪區,武丹坑,粗坑,302-23
雙溪區,雙平,,17,雙溪區,武丹坑,粗坑,262-10
雙溪區,雙平,,170,雙溪區,武丹坑,粗坑,302-24
雙溪區,雙平,,171,雙溪區,武丹坑,粗坑,297-29
雙溪區,雙平,,172,雙溪區,武丹坑,粗坑,302
雙溪區,雙平,,173,雙溪區,武丹坑,粗坑,324-20
雙溪區,雙平,,174,雙溪區,武丹坑,粗坑,302-20
雙溪區,雙平,,175,雙溪區,武丹坑,粗坑,302-8
雙溪區,雙平,,176,雙溪區,武丹坑,粗坑,302-19
雙溪區,雙平,,177,雙溪區,武丹坑,粗坑,302-9
雙溪區,雙平,,178,雙溪區,武丹坑,粗坑,302-7
雙溪區,雙平,,179,雙溪區,武丹坑,粗坑,302-6
雙溪區,雙平,,18,雙溪區,武丹坑,粗坑,262-7
雙溪區,雙平,,180,雙溪區,武丹坑,粗坑,302-5
雙溪區,雙平,,181,雙溪區,武丹坑,粗坑,302-4
雙溪區,雙平,,182,雙溪區,武丹坑,粗坑,302-3
雙溪區,雙平,,183,雙溪區,武丹坑,粗坑,302-2
雙溪區,雙平,,185,雙溪區,武丹坑,粗坑,302-10
雙溪區,雙平,,186,雙溪區,武丹坑,粗坑,302-11
雙溪區,雙平,,187,雙溪區,武丹坑,粗坑,302-12
雙溪區,雙平,,188,雙溪區,武丹坑,粗坑,302-13
雙溪區,雙平,,189,雙溪區,武丹坑,粗坑,302-14
雙溪區,雙平,,19,雙溪區,武丹坑,粗坑,262-16
雙溪區,雙平,,190,雙溪區,武丹坑,粗坑,302-15
雙溪區,雙平,,191,雙溪區,武丹坑,粗坑,302-16
雙溪區,雙平,,192,雙溪區,武丹坑,粗坑,302-17
雙溪區,雙平,,193,雙溪區,武丹坑,粗坑,302-18
雙溪區,雙平,,194,雙溪區,武丹坑,粗坑,308-9
雙溪區,雙平,,195,雙溪區,武丹坑,粗坑,305
雙溪區,雙平,,196,雙溪區,武丹坑,粗坑,305-1
雙溪區,雙平,,197,雙溪區,武丹坑,粗坑,304-58
雙溪區,雙平,,198,雙溪區,武丹坑,粗坑,304-1
雙溪區,雙平,,199,雙溪區,武丹坑,粗坑,304-2
雙溪區,雙平,,2,雙溪區,武丹坑,粗坑,287
雙溪區,雙平,,20,雙溪區,武丹坑,粗坑,262-14
雙溪區,雙平,,200,雙溪區,武丹坑,粗坑,324-82
雙溪區,雙平,,201,雙溪區,武丹坑,粗坑,308-2
雙溪區,雙平,,202,雙溪區,武丹坑,粗坑,324-52
雙溪區,雙平,,203,雙溪區,武丹坑,粗坑,324-23
雙溪區,雙平,,204,雙溪區,武丹坑,粗坑,308-8
雙溪區,雙平,,205,雙溪區,武丹坑,粗坑,308-3
雙溪區,雙平,,206,雙溪區,武丹坑,粗坑,308-6
雙溪區,雙平,,207,雙溪區,武丹坑,粗坑,308
雙溪區,雙平,,208,雙溪區,武丹坑,粗坑,308-4
雙溪區,雙平,,209,雙溪區,武丹坑,粗坑,324-51
雙溪區,雙平,,21,雙溪區,武丹坑,粗坑,262-15
雙溪區,雙平,,210,雙溪區,武丹坑,粗坑,324-80
雙溪區,雙平,,211,雙溪區,武丹坑,粗坑,302-1
雙溪區,雙平,,212,雙溪區,武丹坑,粗坑,324-53
雙溪區,雙平,,213,雙溪區,武丹坑,粗坑,324-54
雙溪區,雙平,,214,雙溪區,武丹坑,粗坑,324-46
雙溪區,雙平,,215,雙溪區,武丹坑,粗坑,324-4
雙溪區,雙平,,216,雙溪區,武丹坑,粗坑,324-31
雙溪區,雙平,,217,雙溪區,武丹坑,粗坑,324-55
雙溪區,雙平,,218,雙溪區,武丹坑,粗坑,324-3
雙溪區,雙平,,219,雙溪區,武丹坑,粗坑,324-63
雙溪區,雙平,,22,雙溪區,武丹坑,粗坑,262-11
雙溪區,雙平,,220,雙溪區,武丹坑,粗坑,324-26
雙溪區,雙平,,221,雙溪區,武丹坑,粗坑,324-64
雙溪區,雙平,,222,雙溪區,武丹坑,粗坑,324-24
雙溪區,雙平,,223,雙溪區,武丹坑,粗坑,324-62
雙溪區,雙平,,224,雙溪區,武丹坑,粗坑,304-50
雙溪區,雙平,,225,雙溪區,武丹坑,粗坑,304
雙溪區,雙平,,226,雙溪區,武丹坑,粗坑,304-13
雙溪區,雙平,,227,雙溪區,武丹坑,粗坑,304-14
雙溪區,雙平,,228,雙溪區,武丹坑,粗坑,304-15
雙溪區,雙平,,229,雙溪區,武丹坑,粗坑,304-16
雙溪區,雙平,,23,雙溪區,武丹坑,粗坑,262-8
雙溪區,雙平,,230,雙溪區,武丹坑,粗坑,304-17
雙溪區,雙平,,231,雙溪區,武丹坑,粗坑,304-52
雙溪區,雙平,,232,雙溪區,武丹坑,粗坑,304-53
雙溪區,雙平,,233,雙溪區,武丹坑,粗坑,304-3
雙溪區,雙平,,234,雙溪區,武丹坑,粗坑,304-55
雙溪區,雙平,,235,雙溪區,武丹坑,粗坑,304-11
雙溪區,雙平,,236,雙溪區,武丹坑,粗坑,304-10
雙溪區,雙平,,237,雙溪區,武丹坑,粗坑,304-4
雙溪區,雙平,,238,雙溪區,武丹坑,粗坑,304-9
雙溪區,雙平,,239,雙溪區,武丹坑,粗坑,304-8
雙溪區,雙平,,24,雙溪區,武丹坑,粗坑,324-8
雙溪區,雙平,,240,雙溪區,武丹坑,粗坑,304-48
雙溪區,雙平,,241,雙溪區,武丹坑,粗坑,304-7
雙溪區,雙平,,242,雙溪區,武丹坑,粗坑,304-46
雙溪區,雙平,,243,雙溪區,武丹坑,粗坑,304-18
雙溪區,雙平,,244,雙溪區,武丹坑,粗坑,304-19
雙溪區,雙平,,245,雙溪區,武丹坑,粗坑,304-45
雙溪區,雙平,,246,雙溪區,武丹坑,粗坑,304-22
雙溪區,雙平,,247,雙溪區,武丹坑,粗坑,304-23
雙溪區,雙平,,248,雙溪區,武丹坑,粗坑,304-20
雙溪區,雙平,,249,雙溪區,武丹坑,粗坑,314-2
雙溪區,雙平,,25,雙溪區,武丹坑,粗坑,324-28
雙溪區,雙平,,250,雙溪區,武丹坑,粗坑,314-9
雙溪區,雙平,,251,雙溪區,武丹坑,粗坑,314-10
雙溪區,雙平,,252,雙溪區,武丹坑,粗坑,314-11
雙溪區,雙平,,253,雙溪區,武丹坑,粗坑,314-3
雙溪區,雙平,,254,雙溪區,武丹坑,粗坑,304-5
雙溪區,雙平,,255,雙溪區,武丹坑,粗坑,304-41
雙溪區,雙平,,256,雙溪區,武丹坑,粗坑,304-42
雙溪區,雙平,,257,雙溪區,武丹坑,粗坑,304-56
雙溪區,雙平,,258,雙溪區,武丹坑,粗坑,304-43
雙溪區,雙平,,259,雙溪區,武丹坑,粗坑,304-27
雙溪區,雙平,,26,雙溪區,武丹坑,粗坑,262-9
雙溪區,雙平,,260,雙溪區,武丹坑,粗坑,304-26
雙溪區,雙平,,261,雙溪區,武丹坑,粗坑,304-25
雙溪區,雙平,,262,雙溪區,武丹坑,粗坑,304-6
雙溪區,雙平,,263,雙溪區,武丹坑,粗坑,304-24
雙溪區,雙平,,264,雙溪區,武丹坑,粗坑,304-38
雙溪區,雙平,,265,雙溪區,武丹坑,粗坑,314-1
雙溪區,雙平,,266,雙溪區,武丹坑,粗坑,314-4
雙溪區,雙平,,267,雙溪區,武丹坑,粗坑,304-51
雙溪區,雙平,,268,雙溪區,武丹坑,粗坑,313-15
雙溪區,雙平,,269,雙溪區,武丹坑,粗坑,304-37
雙溪區,雙平,,27,雙溪區,武丹坑,粗坑,287-1
雙溪區,雙平,,270,雙溪區,武丹坑,粗坑,304-44
雙溪區,雙平,,271,雙溪區,武丹坑,粗坑,304-36
雙溪區,雙平,,272,雙溪區,武丹坑,粗坑,304-57
雙溪區,雙平,,273,雙溪區,武丹坑,粗坑,312-30
雙溪區,雙平,,274,雙溪區,武丹坑,粗坑,312-29
雙溪區,雙平,,275,雙溪區,武丹坑,粗坑,304-28
雙溪區,雙平,,276,雙溪區,武丹坑,粗坑,304-29
雙溪區,雙平,,277,雙溪區,武丹坑,粗坑,304-30
雙溪區,雙平,,278,雙溪區,武丹坑,粗坑,312-17
雙溪區,雙平,,279,雙溪區,武丹坑,粗坑,312-18
雙溪區,雙平,,28,雙溪區,武丹坑,粗坑,285-1
雙溪區,雙平,,280,雙溪區,武丹坑,粗坑,304-31
雙溪區,雙平,,281,雙溪區,武丹坑,粗坑,304-32
雙溪區,雙平,,282,雙溪區,武丹坑,粗坑,312-19
雙溪區,雙平,,283,雙溪區,武丹坑,粗坑,312-31
雙溪區,雙平,,284,雙溪區,武丹坑,粗坑,312-20
雙溪區,雙平,,285,雙溪區,武丹坑,粗坑,304-33
雙溪區,雙平,,286,雙溪區,武丹坑,粗坑,313-16
雙溪區,雙平,,287,雙溪區,武丹坑,粗坑,304-34
雙溪區,雙平,,288,雙溪區,武丹坑,粗坑,313
雙溪區,雙平,,289,雙溪區,武丹坑,粗坑,312-21
雙溪區,雙平,,29,雙溪區,武丹坑,粗坑,285-2
雙溪區,雙平,,290,雙溪區,武丹坑,粗坑,312-32
雙溪區,雙平,,291,雙溪區,武丹坑,粗坑,312
雙溪區,雙平,,292,雙溪區,武丹坑,粗坑,313-14
雙溪區,雙平,,293,雙溪區,武丹坑,粗坑,313-17
雙溪區,雙平,,294,雙溪區,武丹坑,粗坑,304-21
雙溪區,雙平,,295,雙溪區,武丹坑,粗坑,313-32
雙溪區,雙平,,296,雙溪區,武丹坑,粗坑,313-33
雙溪區,雙平,,297,雙溪區,武丹坑,粗坑,314-5
雙溪區,雙平,,298,雙溪區,武丹坑,粗坑,313-1
雙溪區,雙平,,299,雙溪區,武丹坑,粗坑,312-13
雙溪區,雙平,,3,雙溪區,武丹坑,粗坑,262-2
雙溪區,雙平,,30,雙溪區,武丹坑,粗坑,282-1
雙溪區,雙平,,300,雙溪區,武丹坑,粗坑,312-44
雙溪區,雙平,,301,雙溪區,武丹坑,粗坑,312-1
雙溪區,雙平,,302,雙溪區,武丹坑,粗坑,312-33
雙溪區,雙平,,303,雙溪區,武丹坑,粗坑,312-2
雙溪區,雙平,,304,雙溪區,武丹坑,粗坑,312-3
雙溪區,雙平,,305,雙溪區,武丹坑,粗坑,312-34
雙溪區,雙平,,306,雙溪區,武丹坑,粗坑,312-35
雙溪區,雙平,,307,雙溪區,武丹坑,粗坑,312-4
雙溪區,雙平,,308,雙溪區,武丹坑,粗坑,312-5
雙溪區,雙平,,309,雙溪區,武丹坑,粗坑,312-36
雙溪區,雙平,,31,雙溪區,武丹坑,粗坑,282-2
雙溪區,雙平,,310,雙溪區,武丹坑,粗坑,312-37
雙溪區,雙平,,311,雙溪區,武丹坑,粗坑,312-6
雙溪區,雙平,,312,雙溪區,武丹坑,粗坑,312-7
雙溪區,雙平,,313,雙溪區,武丹坑,粗坑,312-38
雙溪區,雙平,,314,雙溪區,武丹坑,粗坑,312-39
雙溪區,雙平,,315,雙溪區,武丹坑,粗坑,312-8
雙溪區,雙平,,316,雙溪區,武丹坑,粗坑,312-9
雙溪區,雙平,,317,雙溪區,武丹坑,粗坑,312-40
雙溪區,雙平,,318,雙溪區,武丹坑,粗坑,312-41
雙溪區,雙平,,319,雙溪區,武丹坑,粗坑,312-10
雙溪區,雙平,,320,雙溪區,武丹坑,粗坑,312-11
雙溪區,雙平,,321,雙溪區,武丹坑,粗坑,312-42
雙溪區,雙平,,322,雙溪區,武丹坑,粗坑,314-6
雙溪區,雙平,,323,雙溪區,武丹坑,粗坑,313-4
雙溪區,雙平,,324,雙溪區,武丹坑,粗坑,312-14
雙溪區,雙平,,325,雙溪區,武丹坑,粗坑,313-5
雙溪區,雙平,,326,雙溪區,武丹坑,粗坑,312-15
雙溪區,雙平,,327,雙溪區,武丹坑,粗坑,312-28
雙溪區,雙平,,328,雙溪區,武丹坑,粗坑,312-27
雙溪區,雙平,,329,雙溪區,武丹坑,粗坑,313-9
雙溪區,雙平,,33,雙溪區,武丹坑,粗坑,285-3
雙溪區,雙平,,330,雙溪區,武丹坑,粗坑,313-10
雙溪區,雙平,,331,雙溪區,武丹坑,粗坑,313-11
雙溪區,雙平,,332,雙溪區,武丹坑,粗坑,313-34
雙溪區,雙平,,333,雙溪區,武丹坑,粗坑,313-18
雙溪區,雙平,,334,雙溪區,武丹坑,粗坑,312-12
雙溪區,雙平,,335,雙溪區,武丹坑,粗坑,312-16
雙溪區,雙平,,336,雙溪區,武丹坑,粗坑,312-43
雙溪區,雙平,,337,雙溪區,武丹坑,粗坑,312-22
雙溪區,雙平,,338,雙溪區,武丹坑,粗坑,313-19
雙溪區,雙平,,339,雙溪區,武丹坑,粗坑,313-20
雙溪區,雙平,,34,雙溪區,武丹坑,粗坑,284-1
雙溪區,雙平,,340,雙溪區,武丹坑,粗坑,312-23
雙溪區,雙平,,341,雙溪區,武丹坑,粗坑,312-24
雙溪區,雙平,,342,雙溪區,武丹坑,粗坑,313-21
雙溪區,雙平,,343,雙溪區,武丹坑,粗坑,313-22
雙溪區,雙平,,344,雙溪區,武丹坑,粗坑,312-25
雙溪區,雙平,,345,雙溪區,武丹坑,粗坑,312-26
雙溪區,雙平,,346,雙溪區,武丹坑,粗坑,313-23
雙溪區,雙平,,347,雙溪區,武丹坑,粗坑,313-24
雙溪區,雙平,,348,雙溪區,武丹坑,粗坑,313-25
雙溪區,雙平,,349,雙溪區,武丹坑,粗坑,313-26
雙溪區,雙平,,35,雙溪區,武丹坑,粗坑,284
雙溪區,雙平,,350,雙溪區,武丹坑,粗坑,323
雙溪區,雙平,,351,雙溪區,武丹坑,粗坑,323-3
雙溪區,雙平,,352,雙溪區,武丹坑,粗坑,323-2
雙溪區,雙平,,353,雙溪區,武丹坑,粗坑,323-1
雙溪區,雙平,,354,雙溪區,武丹坑,粗坑,313-2
雙溪區,雙平,,355,雙溪區,武丹坑,粗坑,313-31
雙溪區,雙平,,356,雙溪區,武丹坑,粗坑,313-27
雙溪區,雙平,,357,雙溪區,武丹坑,粗坑,324-66
雙溪區,雙平,,358,雙溪區,武丹坑,粗坑,324-58
雙溪區,雙平,,359,雙溪區,武丹坑,粗坑,324-65
雙溪區,雙平,,36,雙溪區,雙溪,九分坑,274-6
雙溪區,雙平,,360,雙溪區,武丹坑,粗坑,324-60
雙溪區,雙平,,361,雙溪區,武丹坑,粗坑,324-56
雙溪區,雙平,,362,雙溪區,雙溪,雙溪,201-6
雙溪區,雙平,,363,雙溪區,雙溪,雙溪,201-5
雙溪區,雙平,,364,雙溪區,武丹坑,粗坑,324-57
雙溪區,雙平,,365,雙溪區,武丹坑,粗坑,324-30
雙溪區,雙平,,366,雙溪區,武丹坑,粗坑,324-78
雙溪區,雙平,,367,雙溪區,武丹坑,粗坑,324-79
雙溪區,雙平,,368,雙溪區,武丹坑,頂坪,34-13
雙溪區,雙平,,369,雙溪區,武丹坑,頂坪,34-5
雙溪區,雙平,,37,雙溪區,武丹坑,粗坑,291-1
雙溪區,雙平,,370,雙溪區,武丹坑,頂坪,34-14
雙溪區,雙平,,371,雙溪區,雙溪,雙溪,205-17
雙溪區,雙平,,372,雙溪區,武丹坑,頂坪,34-6
雙溪區,雙平,,373,雙溪區,武丹坑,頂坪,34-15
雙溪區,雙平,,374,雙溪區,武丹坑,頂坪,34-7
雙溪區,雙平,,375,雙溪區,雙溪,雙溪,205-15
雙溪區,雙平,,376,雙溪區,雙溪,雙溪,203-2
雙溪區,雙平,,377,雙溪區,平林,麻竹坑,1-6
雙溪區,雙平,,378,雙溪區,武丹坑,頂坪,34-17
雙溪區,雙平,,379,雙溪區,武丹坑,頂坪,34-8
雙溪區,雙平,,38,雙溪區,武丹坑,粗坑,291
雙溪區,雙平,,381,雙溪區,平林,麻竹坑,1-8
雙溪區,雙平,,382,雙溪區,平林,麻竹坑,1-9
雙溪區,雙平,,383,雙溪區,武丹坑,頂坪,73-4
雙溪區,雙平,,384,雙溪區,武丹坑,頂坪,37-3
雙溪區,雙平,,385,雙溪區,武丹坑,頂坪,37-2
雙溪區,雙平,,386,雙溪區,武丹坑,頂坪,34-16
雙溪區,雙平,,387,雙溪區,武丹坑,頂坪,34-2
雙溪區,雙平,,388,雙溪區,武丹坑,頂坪,68-10
雙溪區,雙平,,389,雙溪區,武丹坑,頂坪,68-11
雙溪區,雙平,,390,雙溪區,武丹坑,頂坪,71-1
雙溪區,雙平,,391,雙溪區,武丹坑,頂坪,32-2
雙溪區,雙平,,392,雙溪區,武丹坑,頂坪,33-1
雙溪區,雙平,,393,雙溪區,武丹坑,頂坪,34-10
雙溪區,雙平,,394,雙溪區,武丹坑,頂坪,34-9
雙溪區,雙平,,395,雙溪區,武丹坑,頂坪,71-3
雙溪區,雙平,,396,雙溪區,武丹坑,頂坪,72-2
雙溪區,雙平,,397,雙溪區,武丹坑,頂坪,72-1
雙溪區,雙平,,398,雙溪區,武丹坑,頂坪,34-1
雙溪區,雙平,,399,雙溪區,武丹坑,頂坪,34-12
雙溪區,雙平,,4,雙溪區,武丹坑,粗坑,262-17
雙溪區,雙平,,40,雙溪區,武丹坑,粗坑,292-1
雙溪區,雙平,,400,雙溪區,武丹坑,頂坪,72
雙溪區,雙平,,401,雙溪區,武丹坑,頂坪,73-2
雙溪區,雙平,,402,雙溪區,武丹坑,頂坪,73-3
雙溪區,雙平,,403,雙溪區,武丹坑,頂坪,73
雙溪區,雙平,,404,雙溪區,武丹坑,頂坪,36-1
雙溪區,雙平,,405,雙溪區,武丹坑,頂坪,36
雙溪區,雙平,,406,雙溪區,武丹坑,頂坪,36-2
雙溪區,雙平,,407,雙溪區,武丹坑,頂坪,36-3
雙溪區,雙平,,408,雙溪區,武丹坑,頂坪,73-5
雙溪區,雙平,,409,雙溪區,武丹坑,頂坪,35-1
雙溪區,雙平,,41,雙溪區,武丹坑,粗坑,292
雙溪區,雙平,,410,雙溪區,武丹坑,頂坪,39-1
雙溪區,雙平,,411,雙溪區,武丹坑,頂坪,39
雙溪區,雙平,,412,雙溪區,武丹坑,頂坪,74-1
雙溪區,雙平,,413,雙溪區,武丹坑,頂坪,74
雙溪區,雙平,,414,雙溪區,武丹坑,頂坪,35
雙溪區,雙平,,415,雙溪區,武丹坑,頂坪,34-11
雙溪區,雙平,,416,雙溪區,武丹坑,頂坪,35-3
雙溪區,雙平,,417,雙溪區,武丹坑,頂坪,80-1
雙溪區,雙平,,418,雙溪區,武丹坑,頂坪,78-1
雙溪區,雙平,,419,雙溪區,武丹坑,頂坪,78-2
雙溪區,雙平,,42,雙溪區,武丹坑,粗坑,293-17
雙溪區,雙平,,420,雙溪區,武丹坑,頂坪,77-1
雙溪區,雙平,,421,雙溪區,武丹坑,頂坪,76
雙溪區,雙平,,422,雙溪區,武丹坑,頂坪,77-2
雙溪區,雙平,,423,雙溪區,武丹坑,頂坪,38-3
雙溪區,雙平,,424,雙溪區,武丹坑,頂坪,38-1
雙溪區,雙平,,425,雙溪區,武丹坑,頂坪,38
雙溪區,雙平,,426,雙溪區,武丹坑,頂坪,37-4
雙溪區,雙平,,427,雙溪區,武丹坑,頂坪,38-2
雙溪區,雙平,,428,雙溪區,武丹坑,頂坪,37
雙溪區,雙平,,429,雙溪區,武丹坑,頂坪,37-1
雙溪區,雙平,,43,雙溪區,武丹坑,粗坑,289
雙溪區,雙平,,430,雙溪區,武丹坑,頂坪,73-1
雙溪區,雙平,,432,雙溪區,武丹坑,頂坪,37-5
雙溪區,雙平,,433,雙溪區,平林,埔尾,1-6
雙溪區,雙平,,434,雙溪區,平林,埔尾,1-2
雙溪區,雙平,,435,雙溪區,平林,埔尾,1-4
雙溪區,雙平,,436,雙溪區,武丹坑,頂坪,38-4
雙溪區,雙平,,437,雙溪區,平林,埔尾,1-1
雙溪區,雙平,,438,雙溪區,平林,埔尾,1
雙溪區,雙平,,439,雙溪區,平林,埔尾,1-3
雙溪區,雙平,,44,雙溪區,武丹坑,粗坑,289-16
雙溪區,雙平,,440,雙溪區,平林,埔尾,1-5
雙溪區,雙平,,441,雙溪區,平林,埔尾,8-7
雙溪區,雙平,,442,雙溪區,平林,埔尾,8-2
雙溪區,雙平,,443,雙溪區,平林,埔尾,8-3
雙溪區,雙平,,444,雙溪區,平林,埔尾,8-12
雙溪區,雙平,,445,雙溪區,平林,埔尾,8-4
雙溪區,雙平,,446,雙溪區,平林,埔尾,8
雙溪區,雙平,,447,雙溪區,平林,埔尾,9
雙溪區,雙平,,448,雙溪區,平林,埔尾,10
雙溪區,雙平,,449,雙溪區,平林,埔尾,10-1
雙溪區,雙平,,45,雙溪區,武丹坑,粗坑,289-15
雙溪區,雙平,,451,雙溪區,平林,埔尾,8-1
雙溪區,雙平,,452,雙溪區,平林,埔尾,13
雙溪區,雙平,,453,雙溪區,平林,埔尾,12
雙溪區,雙平,,454,雙溪區,平林,埔尾,11-3
雙溪區,雙平,,455,雙溪區,平林,埔尾,11-4
雙溪區,雙平,,456,雙溪區,平林,埔尾,11
雙溪區,雙平,,457,雙溪區,平林,埔尾,11-2
雙溪區,雙平,,458,雙溪區,平林,埔尾,11-1
雙溪區,雙平,,459,雙溪區,平林,埔尾,14
雙溪區,雙平,,46,雙溪區,武丹坑,粗坑,289-14
雙溪區,雙平,,460,雙溪區,平林,埔尾,16-1
雙溪區,雙平,,461,雙溪區,平林,埔尾,8-9
雙溪區,雙平,,462,雙溪區,平林,埔尾,3-12
雙溪區,雙平,,463,雙溪區,平林,埔尾,3-1
雙溪區,雙平,,464,雙溪區,平林,埔尾,3-5
雙溪區,雙平,,465,雙溪區,平林,埔尾,3-6
雙溪區,雙平,,466,雙溪區,平林,埔尾,2-2
雙溪區,雙平,,467,雙溪區,平林,埔尾,2-1
雙溪區,雙平,,468,雙溪區,平林,埔尾,1-7
雙溪區,雙平,,469,雙溪區,平林,麻竹坑,1-10
雙溪區,雙平,,47,雙溪區,武丹坑,粗坑,289-13
雙溪區,雙平,,470,雙溪區,平林,埔尾,2-4
雙溪區,雙平,,471,雙溪區,平林,埔尾,2
雙溪區,雙平,,472,雙溪區,平林,埔尾,2-5
雙溪區,雙平,,473,雙溪區,平林,埔尾,2-3
雙溪區,雙平,,474,雙溪區,平林,埔尾,3-11
雙溪區,雙平,,475,雙溪區,平林,埔尾,21-8
雙溪區,雙平,,476,雙溪區,平林,埔尾,21-6
雙溪區,雙平,,477,雙溪區,平林,埔尾,4-3
雙溪區,雙平,,478,雙溪區,平林,埔尾,4-2
雙溪區,雙平,,479,雙溪區,平林,麻竹坑,22-4
雙溪區,雙平,,48,雙溪區,武丹坑,粗坑,289-12
雙溪區,雙平,,480,雙溪區,平林,埔尾,4-4
雙溪區,雙平,,481,雙溪區,平林,埔尾,4-5
雙溪區,雙平,,482,雙溪區,平林,埔尾,21-14
雙溪區,雙平,,483,雙溪區,平林,埔尾,8-6
雙溪區,雙平,,484,雙溪區,平林,埔尾,8-10
雙溪區,雙平,,485,雙溪區,平林,埔尾,7
雙溪區,雙平,,486,雙溪區,平林,埔尾,8-5
雙溪區,雙平,,487,雙溪區,平林,埔尾,3-4
雙溪區,雙平,,488,雙溪區,平林,埔尾,8-11
雙溪區,雙平,,489,雙溪區,平林,埔尾,7-1
雙溪區,雙平,,49,雙溪區,武丹坑,粗坑,289-11
雙溪區,雙平,,490,雙溪區,平林,埔尾,3
雙溪區,雙平,,491,雙溪區,平林,埔尾,4-1
雙溪區,雙平,,492,雙溪區,平林,埔尾,3-15
雙溪區,雙平,,493,雙溪區,平林,埔尾,3-3
雙溪區,雙平,,494,雙溪區,平林,埔尾,18
雙溪區,雙平,,495,雙溪區,平林,埔尾,7-2
雙溪區,雙平,,496,雙溪區,平林,埔尾,13-1
雙溪區,雙平,,497,雙溪區,平林,埔尾,15
雙溪區,雙平,,498,雙溪區,平林,埔尾,16
雙溪區,雙平,,499,雙溪區,平林,埔尾,11-5
雙溪區,雙平,,5,雙溪區,武丹坑,粗坑,262-3
雙溪區,雙平,,50,雙溪區,武丹坑,粗坑,289-10
雙溪區,雙平,,500,雙溪區,平林,埔尾,14-1
雙溪區,雙平,,501,雙溪區,平林,外平林,15-2
雙溪區,雙平,,502,雙溪區,平林,埔尾,19
雙溪區,雙平,,503,雙溪區,平林,埔尾,19-5
雙溪區,雙平,,504,雙溪區,平林,埔尾,19-13
雙溪區,雙平,,505,雙溪區,平林,埔尾,19-14
雙溪區,雙平,,506,雙溪區,平林,埔尾,19-15
雙溪區,雙平,,507,雙溪區,平林,埔尾,19-16
雙溪區,雙平,,508,雙溪區,平林,埔尾,19-4
雙溪區,雙平,,509,雙溪區,平林,埔尾,19-21
雙溪區,雙平,,51,雙溪區,武丹坑,粗坑,289-9
雙溪區,雙平,,510,雙溪區,平林,埔尾,19-20
雙溪區,雙平,,511,雙溪區,平林,埔尾,19-19
雙溪區,雙平,,512,雙溪區,平林,埔尾,19-18
雙溪區,雙平,,513,雙溪區,平林,埔尾,19-17
雙溪區,雙平,,514,雙溪區,平林,埔尾,19-2
雙溪區,雙平,,515,雙溪區,平林,埔尾,19-12
雙溪區,雙平,,516,雙溪區,平林,埔尾,19-11
雙溪區,雙平,,517,雙溪區,平林,埔尾,19-10
雙溪區,雙平,,518,雙溪區,平林,埔尾,19-9
雙溪區,雙平,,519,雙溪區,平林,埔尾,19-8
雙溪區,雙平,,52,雙溪區,武丹坑,粗坑,289-17
雙溪區,雙平,,520,雙溪區,平林,埔尾,19-7
雙溪區,雙平,,521,雙溪區,平林,埔尾,19-6
雙溪區,雙平,,522,雙溪區,平林,外平林,15
雙溪區,雙平,,523,雙溪區,平林,外平林,14
雙溪區,雙平,,524,雙溪區,平林,外平林,13-1
雙溪區,雙平,,526,雙溪區,平林,外平林,12-2
雙溪區,雙平,,527,雙溪區,平林,外平林,18-1
雙溪區,雙平,,528,雙溪區,平林,外平林,18
雙溪區,雙平,,529,雙溪區,平林,外平林,17
雙溪區,雙平,,53,雙溪區,武丹坑,粗坑,289-8
雙溪區,雙平,,530,雙溪區,平林,外平林,19
雙溪區,雙平,,531,雙溪區,平林,外平林,16-1
雙溪區,雙平,,532,雙溪區,平林,外平林,21-6
雙溪區,雙平,,533,雙溪區,平林,外平林,31
雙溪區,雙平,,534,雙溪區,平林,外平林,20
雙溪區,雙平,,535,雙溪區,平林,外平林,21-2
雙溪區,雙平,,536,雙溪區,平林,外平林,21
雙溪區,雙平,,537,雙溪區,平林,外平林,21-1
雙溪區,雙平,,538,雙溪區,平林,外平林,19-2
雙溪區,雙平,,539,雙溪區,平林,外平林,11-6
雙溪區,雙平,,54,雙溪區,武丹坑,粗坑,289-7
雙溪區,雙平,,540,雙溪區,平林,外平林,21-3
雙溪區,雙平,,541,雙溪區,平林,外平林,21-4
雙溪區,雙平,,542,雙溪區,平林,外平林,23
雙溪區,雙平,,543,雙溪區,平林,外平林,22-1
雙溪區,雙平,,544,雙溪區,平林,外平林,22
雙溪區,雙平,,545,雙溪區,平林,外平林,22-2
雙溪區,雙平,,546,雙溪區,平林,外平林,21-5
雙溪區,雙平,,547,雙溪區,平林,外平林,29-5
雙溪區,雙平,,548,雙溪區,平林,外平林,29-7
雙溪區,雙平,,549,雙溪區,平林,外平林,31-2
雙溪區,雙平,,55,雙溪區,武丹坑,粗坑,289-6
雙溪區,雙平,,550,雙溪區,平林,外平林,16
雙溪區,雙平,,551,雙溪區,平林,外平林,15-1
雙溪區,雙平,,552,雙溪區,平林,外平林,31-3
雙溪區,雙平,,553,雙溪區,平林,外平林,30
雙溪區,雙平,,554,雙溪區,平林,外平林,29-10
雙溪區,雙平,,555,雙溪區,平林,外平林,29-9
雙溪區,雙平,,556,雙溪區,平林,外平林,30-1
雙溪區,雙平,,557,雙溪區,平林,外平林,31-1
雙溪區,雙平,,558,雙溪區,平林,外平林,29-3
雙溪區,雙平,,559,雙溪區,平林,外平林,29-4
雙溪區,雙平,,56,雙溪區,武丹坑,粗坑,289-2
雙溪區,雙平,,560,雙溪區,平林,外平林,29-6
雙溪區,雙平,,561,雙溪區,平林,外平林,29
雙溪區,雙平,,562,雙溪區,平林,外平林,29-2
雙溪區,雙平,,563,雙溪區,平林,外平林,26
雙溪區,雙平,,564,雙溪區,平林,外平林,25-2
雙溪區,雙平,,565,雙溪區,平林,外平林,25
雙溪區,雙平,,566,雙溪區,平林,外平林,24
雙溪區,雙平,,567,雙溪區,平林,外平林,11-5
雙溪區,雙平,,568,雙溪區,平林,外平林,11-4
雙溪區,雙平,,569,雙溪區,平林,外平林,25-1
雙溪區,雙平,,57,雙溪區,武丹坑,粗坑,289-1
雙溪區,雙平,,570,雙溪區,平林,外平林,51-12
雙溪區,雙平,,571,雙溪區,平林,外平林,49-1
雙溪區,雙平,,572,雙溪區,平林,外平林,51-9
雙溪區,雙平,,573,雙溪區,平林,外平林,51-11
雙溪區,雙平,,574,雙溪區,平林,外平林,51
雙溪區,雙平,,575,雙溪區,平林,外平林,51-10
雙溪區,雙平,,576,雙溪區,平林,外平林,51-2
雙溪區,雙平,,577,雙溪區,平林,外平林,395-4
雙溪區,雙平,,579,雙溪區,平林,外平林,51-1
雙溪區,雙平,,58,雙溪區,武丹坑,粗坑,289-3
雙溪區,雙平,,580,雙溪區,平林,外平林,51-4
雙溪區,雙平,,581,雙溪區,平林,外平林,51-5
雙溪區,雙平,,582,雙溪區,平林,外平林,51-7
雙溪區,雙平,,583,雙溪區,平林,外平林,51-3
雙溪區,雙平,,584,雙溪區,平林,外平林,50-1
雙溪區,雙平,,585,雙溪區,平林,外平林,50-7
雙溪區,雙平,,586,雙溪區,平林,外平林,50
雙溪區,雙平,,587,雙溪區,平林,外平林,50-6
雙溪區,雙平,,588,雙溪區,平林,外平林,50-3
雙溪區,雙平,,589,雙溪區,平林,外平林,53-2
雙溪區,雙平,,59,雙溪區,武丹坑,粗坑,289-4
雙溪區,雙平,,590,雙溪區,平林,外平林,53-1
雙溪區,雙平,,591,雙溪區,平林,外平林,53
雙溪區,雙平,,593,雙溪區,平林,外平林,50-2
雙溪區,雙平,,594,雙溪區,平林,外平林,53-5
雙溪區,雙平,,595,雙溪區,平林,外平林,53-6
雙溪區,雙平,,596,雙溪區,平林,外平林,53-7
雙溪區,雙平,,597,雙溪區,平林,外平林,50-5
雙溪區,雙平,,598,雙溪區,平林,外平林,395-3
雙溪區,雙平,,599,雙溪區,平林,外平林,396-1
雙溪區,雙平,,6,雙溪區,武丹坑,粗坑,262
雙溪區,雙平,,60,雙溪區,武丹坑,粗坑,289-5
雙溪區,雙平,,600,雙溪區,平林,外平林,53-3
雙溪區,雙平,,601,雙溪區,平林,外平林,53-8
雙溪區,雙平,,603,雙溪區,平林,外平林,397
雙溪區,雙平,,604,雙溪區,平林,外平林,62-7
雙溪區,雙平,,605,雙溪區,平林,外平林,398-1
雙溪區,雙平,,606,雙溪區,平林,外平林,396-2
雙溪區,雙平,,607,雙溪區,平林,外平林,397-1
雙溪區,雙平,,608,雙溪區,平林,外平林,398
雙溪區,雙平,,609,雙溪區,平林,外平林,62-8
雙溪區,雙平,,61,雙溪區,武丹坑,粗坑,324
雙溪區,雙平,,610,雙溪區,平林,外平林,397-2
雙溪區,雙平,,611,雙溪區,平林,外平林,396-3
雙溪區,雙平,,612,雙溪區,平林,外平林,53-4
雙溪區,雙平,,613,雙溪區,平林,外平林,55-14
雙溪區,雙平,,614,雙溪區,平林,外平林,54
雙溪區,雙平,,615,雙溪區,平林,外平林,55
雙溪區,雙平,,616,雙溪區,平林,外平林,55-4
雙溪區,雙平,,617,雙溪區,平林,外平林,55-5
雙溪區,雙平,,618,雙溪區,平林,外平林,55-8
雙溪區,雙平,,619,雙溪區,平林,外平林,55-7
雙溪區,雙平,,62,雙溪區,武丹坑,粗坑,296
雙溪區,雙平,,620,雙溪區,平林,外平林,55-6
雙溪區,雙平,,621,雙溪區,平林,外平林,62-2
雙溪區,雙平,,622,雙溪區,平林,外平林,64-4
雙溪區,雙平,,623,雙溪區,平林,外平林,62-6
雙溪區,雙平,,624,雙溪區,平林,外平林,62-5
雙溪區,雙平,,625,雙溪區,平林,外平林,64-3
雙溪區,雙平,,626,雙溪區,平林,外平林,399-1
雙溪區,雙平,,627,雙溪區,平林,外平林,400-2
雙溪區,雙平,,629,雙溪區,平林,外平林,399-3
雙溪區,雙平,,630,雙溪區,平林,外平林,66-3
雙溪區,雙平,,631,雙溪區,平林,外平林,67
雙溪區,雙平,,632,雙溪區,平林,外平林,66-4
雙溪區,雙平,,633,雙溪區,平林,外平林,66-5
雙溪區,雙平,,634,雙溪區,平林,外平林,65-1
雙溪區,雙平,,635,雙溪區,平林,外平林,64-2
雙溪區,雙平,,636,雙溪區,平林,外平林,64-5
雙溪區,雙平,,637,雙溪區,平林,外平林,62-13
雙溪區,雙平,,638,雙溪區,平林,外平林,64-1
雙溪區,雙平,,64,雙溪區,武丹坑,粗坑,324-69
雙溪區,雙平,,640,雙溪區,平林,外平林,63
雙溪區,雙平,,641,雙溪區,平林,外平林,62-11
雙溪區,雙平,,642,雙溪區,平林,外平林,62-1
雙溪區,雙平,,643,雙溪區,平林,外平林,60-1
雙溪區,雙平,,644,雙溪區,平林,外平林,60-6
雙溪區,雙平,,645,雙溪區,平林,外平林,89
雙溪區,雙平,,646,雙溪區,平林,外平林,88
雙溪區,雙平,,647,雙溪區,平林,外平林,87-1
雙溪區,雙平,,648,雙溪區,平林,外平林,90
雙溪區,雙平,,649,雙溪區,平林,外平林,90-1
雙溪區,雙平,,65,雙溪區,武丹坑,粗坑,324-16
雙溪區,雙平,,650,雙溪區,平林,外平林,432-1
雙溪區,雙平,,651,雙溪區,平林,外平林,84-2
雙溪區,雙平,,652,雙溪區,平林,外平林,87
雙溪區,雙平,,653,雙溪區,平林,外平林,84-1
雙溪區,雙平,,654,雙溪區,平林,外平林,431-1
雙溪區,雙平,,655,雙溪區,平林,外平林,433
雙溪區,雙平,,656,雙溪區,平林,外平林,128-4
雙溪區,雙平,,657,雙溪區,平林,外平林,128-3
雙溪區,雙平,,658,雙溪區,平林,外平林,434-1
雙溪區,雙平,,659,雙溪區,平林,外平林,128-5
雙溪區,雙平,,66,雙溪區,武丹坑,粗坑,324-68
雙溪區,雙平,,660,雙溪區,平林,外平林,128-1
雙溪區,雙平,,661,雙溪區,平林,外平林,127-4
雙溪區,雙平,,662,雙溪區,平林,外平林,128-6
雙溪區,雙平,,663,雙溪區,平林,外平林,433-1
雙溪區,雙平,,664,雙溪區,平林,外平林,434-2
雙溪區,雙平,,665,雙溪區,平林,外平林,127-5
雙溪區,雙平,,666,雙溪區,平林,外平林,91
雙溪區,雙平,,667,雙溪區,平林,外平林,127-3
雙溪區,雙平,,668,雙溪區,平林,外平林,127-1
雙溪區,雙平,,669,雙溪區,平林,外平林,127-6
雙溪區,雙平,,67,雙溪區,武丹坑,粗坑,324-35
雙溪區,雙平,,670,雙溪區,平林,外平林,93-5
雙溪區,雙平,,672,雙溪區,平林,外平林,93-9
雙溪區,雙平,,673,雙溪區,平林,外平林,92
雙溪區,雙平,,674,雙溪區,平林,外平林,93-7
雙溪區,雙平,,675,雙溪區,平林,外平林,92-2
雙溪區,雙平,,678,雙溪區,平林,外平林,93-14
雙溪區,雙平,,679,雙溪區,平林,外平林,93-18
雙溪區,雙平,,68,雙溪區,武丹坑,粗坑,293-13
雙溪區,雙平,,680,雙溪區,平林,外平林,93-20
雙溪區,雙平,,681,雙溪區,平林,外平林,93-22
雙溪區,雙平,,682,雙溪區,平林,外平林,94-1
雙溪區,雙平,,683,雙溪區,平林,外平林,94-2
雙溪區,雙平,,684,雙溪區,平林,外平林,94-3
雙溪區,雙平,,685,雙溪區,平林,外平林,93-24
雙溪區,雙平,,686,雙溪區,平林,外平林,92-1
雙溪區,雙平,,687,雙溪區,平林,外平林,92-6
雙溪區,雙平,,688,雙溪區,平林,外平林,89-1
雙溪區,雙平,,689,雙溪區,平林,外平林,93-26
雙溪區,雙平,,69,雙溪區,武丹坑,粗坑,324-15
雙溪區,雙平,,690,雙溪區,平林,外平林,93-25
雙溪區,雙平,,691,雙溪區,平林,外平林,93-27
雙溪區,雙平,,692,雙溪區,平林,外平林,93-21
雙溪區,雙平,,693,雙溪區,平林,外平林,93-23
雙溪區,雙平,,694,雙溪區,平林,外平林,95-1
雙溪區,雙平,,695,雙溪區,平林,外平林,43-10
雙溪區,雙平,,696,雙溪區,平林,外平林,97-9
雙溪區,雙平,,698,雙溪區,平林,外平林,96
雙溪區,雙平,,699,雙溪區,平林,外平林,96-2
雙溪區,雙平,,7,雙溪區,武丹坑,粗坑,255-3
雙溪區,雙平,,70,雙溪區,武丹坑,粗坑,324-7
雙溪區,雙平,,700,雙溪區,平林,外平林,97-10
雙溪區,雙平,,701,雙溪區,平林,外平林,97-14
雙溪區,雙平,,702,雙溪區,平林,外平林,97-13
雙溪區,雙平,,703,雙溪區,平林,外平林,97-8
雙溪區,雙平,,704,雙溪區,平林,外平林,97
雙溪區,雙平,,705,雙溪區,平林,外平林,97-30
雙溪區,雙平,,706,雙溪區,平林,外平林,97-29
雙溪區,雙平,,707,雙溪區,平林,外平林,43-7
雙溪區,雙平,,709,雙溪區,平林,外平林,93-15
雙溪區,雙平,,71,雙溪區,武丹坑,粗坑,324-36
雙溪區,雙平,,710,雙溪區,平林,外平林,59
雙溪區,雙平,,711,雙溪區,平林,外平林,59-1
雙溪區,雙平,,712,雙溪區,平林,外平林,55-1
雙溪區,雙平,,713,雙溪區,平林,外平林,96-3
雙溪區,雙平,,714,雙溪區,平林,外平林,97-2
雙溪區,雙平,,715,雙溪區,平林,外平林,60
雙溪區,雙平,,716,雙溪區,平林,外平林,89-2
雙溪區,雙平,,717,雙溪區,平林,外平林,89-6
雙溪區,雙平,,718,雙溪區,平林,外平林,60-2
雙溪區,雙平,,719,雙溪區,平林,外平林,62-12
雙溪區,雙平,,72,雙溪區,武丹坑,粗坑,324-13
雙溪區,雙平,,720,雙溪區,平林,外平林,61
雙溪區,雙平,,721,雙溪區,平林,外平林,62
雙溪區,雙平,,722,雙溪區,平林,外平林,61-1
雙溪區,雙平,,723,雙溪區,平林,外平林,55-2
雙溪區,雙平,,724,雙溪區,平林,外平林,56
雙溪區,雙平,,725,雙溪區,平林,外平林,57-4
雙溪區,雙平,,726,雙溪區,平林,外平林,57-5
雙溪區,雙平,,727,雙溪區,平林,外平林,57
雙溪區,雙平,,728,雙溪區,平林,外平林,57-1
雙溪區,雙平,,729,雙溪區,平林,外平林,57-3
雙溪區,雙平,,73,雙溪區,武丹坑,粗坑,324-14
雙溪區,雙平,,730,雙溪區,平林,外平林,57-2
雙溪區,雙平,,731,雙溪區,平林,外平林,58
雙溪區,雙平,,732,雙溪區,平林,外平林,45-1
雙溪區,雙平,,733,雙溪區,平林,外平林,47
雙溪區,雙平,,734,雙溪區,平林,外平林,46
雙溪區,雙平,,735,雙溪區,平林,外平林,45
雙溪區,雙平,,736,雙溪區,平林,外平林,44
雙溪區,雙平,,737,雙溪區,平林,外平林,42
雙溪區,雙平,,738,雙溪區,平林,外平林,97-35
雙溪區,雙平,,739,雙溪區,平林,外平林,97-34
雙溪區,雙平,,74,雙溪區,武丹坑,粗坑,324-33
雙溪區,雙平,,740,雙溪區,平林,外平林,97-33
雙溪區,雙平,,741,雙溪區,平林,外平林,41-2
雙溪區,雙平,,742,雙溪區,平林,外平林,41
雙溪區,雙平,,743,雙溪區,平林,外平林,41-1
雙溪區,雙平,,745,雙溪區,平林,外平林,97-5
雙溪區,雙平,,746,雙溪區,平林,外平林,97-32
雙溪區,雙平,,747,雙溪區,平林,外平林,97-31
雙溪區,雙平,,748,雙溪區,平林,外平林,97-11
雙溪區,雙平,,749,雙溪區,平林,外平林,97-16
雙溪區,雙平,,75,雙溪區,武丹坑,粗坑,324-29
雙溪區,雙平,,750,雙溪區,平林,外平林,97-1
雙溪區,雙平,,751,雙溪區,平林,外平林,40-9
雙溪區,雙平,,752,雙溪區,平林,外平林,40-7
雙溪區,雙平,,753,雙溪區,平林,外平林,97-12
雙溪區,雙平,,754,雙溪區,平林,外平林,97-7
雙溪區,雙平,,755,雙溪區,平林,外平林,97-18
雙溪區,雙平,,756,雙溪區,平林,外平林,40-5
雙溪區,雙平,,757,雙溪區,平林,外平林,40
雙溪區,雙平,,758,雙溪區,平林,外平林,43-14
雙溪區,雙平,,759,雙溪區,平林,外平林,40-1
雙溪區,雙平,,76,雙溪區,武丹坑,粗坑,324-27
雙溪區,雙平,,761,雙溪區,平林,外平林,43-1
雙溪區,雙平,,762,雙溪區,平林,外平林,43-2
雙溪區,雙平,,763,雙溪區,平林,外平林,43-4
雙溪區,雙平,,764,雙溪區,平林,外平林,43-17
雙溪區,雙平,,766,雙溪區,平林,外平林,43-18
雙溪區,雙平,,767,雙溪區,平林,外平林,43-13
雙溪區,雙平,,768,雙溪區,平林,外平林,43-5
雙溪區,雙平,,769,雙溪區,平林,外平林,39-1
雙溪區,雙平,,77,雙溪區,武丹坑,粗坑,262-12
雙溪區,雙平,,770,雙溪區,平林,外平林,39
雙溪區,雙平,,771,雙溪區,平林,外平林,39-3
雙溪區,雙平,,772,雙溪區,平林,外平林,39-2
雙溪區,雙平,,773,雙溪區,平林,外平林,43-3
雙溪區,雙平,,774,雙溪區,平林,外平林,44-1
雙溪區,雙平,,775,雙溪區,平林,外平林,45-2
雙溪區,雙平,,776,雙溪區,平林,外平林,46-1
雙溪區,雙平,,777,雙溪區,平林,外平林,48-5
雙溪區,雙平,,778,雙溪區,平林,外平林,26-1
雙溪區,雙平,,779,雙溪區,平林,外平林,48-4
雙溪區,雙平,,78,雙溪區,武丹坑,粗坑,262-6
雙溪區,雙平,,780,雙溪區,平林,外平林,48
雙溪區,雙平,,781,雙溪區,平林,外平林,49
雙溪區,雙平,,782,雙溪區,平林,外平林,47-2
雙溪區,雙平,,784,雙溪區,平林,外平林,48-1
雙溪區,雙平,,785,雙溪區,平林,外平林,26-7
雙溪區,雙平,,786,雙溪區,平林,外平林,26-2
雙溪區,雙平,,787,雙溪區,平林,外平林,29-1
雙溪區,雙平,,788,雙溪區,平林,外平林,32
雙溪區,雙平,,789,雙溪區,平林,外平林,26-6
雙溪區,雙平,,79,雙溪區,武丹坑,粗坑,324-6
雙溪區,雙平,,790,雙溪區,平林,外平林,26-5
雙溪區,雙平,,791,雙溪區,平林,外平林,46-4
雙溪區,雙平,,792,雙溪區,平林,外平林,46-2
雙溪區,雙平,,793,雙溪區,平林,外平林,46-3
雙溪區,雙平,,794,雙溪區,平林,外平林,32-43
雙溪區,雙平,,795,雙溪區,平林,外平林,32-7
雙溪區,雙平,,796,雙溪區,平林,外平林,32-8
雙溪區,雙平,,797,雙溪區,平林,外平林,32-40
雙溪區,雙平,,798,雙溪區,平林,外平林,27
雙溪區,雙平,,799,雙溪區,平林,外平林,45-4
雙溪區,雙平,,8,雙溪區,武丹坑,粗坑,255
雙溪區,雙平,,80,雙溪區,武丹坑,粗坑,255-10
雙溪區,雙平,,800,雙溪區,平林,外平林,45-3
雙溪區,雙平,,801,雙溪區,平林,外平林,43-6
雙溪區,雙平,,802,雙溪區,平林,外平林,45-8
雙溪區,雙平,,803,雙溪區,平林,外平林,45-9
雙溪區,雙平,,804,雙溪區,平林,外平林,39-5
雙溪區,雙平,,805,雙溪區,平林,外平林,39-4
雙溪區,雙平,,806,雙溪區,平林,外平林,45-6
雙溪區,雙平,,807,雙溪區,平林,外平林,38
雙溪區,雙平,,808,雙溪區,平林,外平林,32-42
雙溪區,雙平,,809,雙溪區,平林,外平林,45-5
雙溪區,雙平,,81,雙溪區,武丹坑,粗坑,255-8
雙溪區,雙平,,810,雙溪區,平林,外平林,45-7
雙溪區,雙平,,811,雙溪區,平林,外平林,32-9
雙溪區,雙平,,812,雙溪區,平林,外平林,32-21
雙溪區,雙平,,813,雙溪區,平林,外平林,32-20
雙溪區,雙平,,814,雙溪區,平林,外平林,32-46
雙溪區,雙平,,815,雙溪區,平林,外平林,32-45
雙溪區,雙平,,816,雙溪區,平林,外平林,32-6
雙溪區,雙平,,817,雙溪區,平林,外平林,32-5
雙溪區,雙平,,818,雙溪區,平林,外平林,32-4
雙溪區,雙平,,819,雙溪區,平林,外平林,32-3
雙溪區,雙平,,82,雙溪區,武丹坑,粗坑,255-1
雙溪區,雙平,,820,雙溪區,平林,外平林,32-2
雙溪區,雙平,,821,雙溪區,平林,外平林,32-19
雙溪區,雙平,,822,雙溪區,平林,外平林,32-22
雙溪區,雙平,,823,雙溪區,平林,外平林,32-28
雙溪區,雙平,,824,雙溪區,平林,外平林,32-33
雙溪區,雙平,,825,雙溪區,平林,外平林,32-34
雙溪區,雙平,,826,雙溪區,平林,外平林,32-29
雙溪區,雙平,,827,雙溪區,平林,外平林,32-23
雙溪區,雙平,,828,雙溪區,平林,外平林,32-24
雙溪區,雙平,,829,雙溪區,平林,外平林,32-25
雙溪區,雙平,,83,雙溪區,武丹坑,粗坑,255-9
雙溪區,雙平,,830,雙溪區,平林,外平林,32-26
雙溪區,雙平,,831,雙溪區,平林,外平林,32-27
雙溪區,雙平,,832,雙溪區,平林,外平林,32-11
雙溪區,雙平,,833,雙溪區,平林,外平林,32-31
雙溪區,雙平,,834,雙溪區,平林,外平林,28-1
雙溪區,雙平,,835,雙溪區,平林,外平林,32-32
雙溪區,雙平,,836,雙溪區,平林,外平林,32-36
雙溪區,雙平,,837,雙溪區,平林,外平林,32-37
雙溪區,雙平,,838,雙溪區,平林,外平林,32-38
雙溪區,雙平,,839,雙溪區,平林,外平林,32-39
雙溪區,雙平,,84,雙溪區,武丹坑,粗坑,259-4
雙溪區,雙平,,840,雙溪區,平林,外平林,28-2
雙溪區,雙平,,841,雙溪區,平林,外平林,28
雙溪區,雙平,,842,雙溪區,平林,外平林,32-13
雙溪區,雙平,,843,雙溪區,平林,外平林,32-47
雙溪區,雙平,,844,雙溪區,平林,外平林,43-11
雙溪區,雙平,,845,雙溪區,平林,外平林,35
雙溪區,雙平,,846,雙溪區,平林,外平林,35-1
雙溪區,雙平,,847,雙溪區,平林,埔尾,20
雙溪區,雙平,,848,雙溪區,平林,埔尾,21-4
雙溪區,雙平,,849,雙溪區,平林,埔尾,20-6
雙溪區,雙平,,85,雙溪區,武丹坑,粗坑,259-3
雙溪區,雙平,,850,雙溪區,平林,外平林,33-2
雙溪區,雙平,,851,雙溪區,平林,外平林,33-1
雙溪區,雙平,,852,雙溪區,平林,外平林,33
雙溪區,雙平,,853,雙溪區,平林,外平林,32-41
雙溪區,雙平,,854,雙溪區,平林,埔尾,20-5
雙溪區,雙平,,855,雙溪區,平林,埔尾,20-11
雙溪區,雙平,,856,雙溪區,平林,埔尾,20-9
雙溪區,雙平,,857,雙溪區,平林,埔尾,20-2
雙溪區,雙平,,858,雙溪區,平林,埔尾,20-3
雙溪區,雙平,,859,雙溪區,平林,埔尾,20-12
雙溪區,雙平,,86,雙溪區,武丹坑,粗坑,259-1
雙溪區,雙平,,860,雙溪區,平林,埔尾,21-2
雙溪區,雙平,,861,雙溪區,平林,外平林,29-11
雙溪區,雙平,,862,雙溪區,平林,外平林,29-12
雙溪區,雙平,,863,雙溪區,平林,埔尾,19-1
雙溪區,雙平,,864,雙溪區,平林,埔尾,3-2
雙溪區,雙平,,865,雙溪區,平林,埔尾,3-9
雙溪區,雙平,,866,雙溪區,平林,埔尾,21-3
雙溪區,雙平,,867,雙溪區,平林,埔尾,21-19
雙溪區,雙平,,868,雙溪區,平林,埔尾,21-18
雙溪區,雙平,,869,雙溪區,平林,埔尾,21-13
雙溪區,雙平,,87,雙溪區,武丹坑,粗坑,259-2
雙溪區,雙平,,870,雙溪區,平林,埔尾,21-17
雙溪區,雙平,,871,雙溪區,平林,埔尾,21-16
雙溪區,雙平,,872,雙溪區,平林,埔尾,21-15
雙溪區,雙平,,873,雙溪區,平林,埔尾,21
雙溪區,雙平,,874,雙溪區,平林,埔尾,21-7
雙溪區,雙平,,875,雙溪區,平林,埔尾,21-5
雙溪區,雙平,,876,雙溪區,平林,埔尾,21-10
雙溪區,雙平,,877,雙溪區,平林,埔尾,3-14
雙溪區,雙平,,878,雙溪區,平林,埔尾,3-10
雙溪區,雙平,,879,雙溪區,雙溪,雙溪,205-14
雙溪區,雙平,,88,雙溪區,武丹坑,粗坑,259-5
雙溪區,雙平,,880,雙溪區,雙溪,雙溪,205-9
雙溪區,雙平,,881,雙溪區,雙溪,雙溪,201-2
雙溪區,雙平,,882,雙溪區,武丹坑,粗坑,324-59
雙溪區,雙平,,883,雙溪區,武丹坑,粗坑,324-61
雙溪區,雙平,,885,雙溪區,雙溪,雙溪,201-9
雙溪區,雙平,,886,雙溪區,雙溪,雙溪,201-33
雙溪區,雙平,,887,雙溪區,雙溪,雙溪,194-1
雙溪區,雙平,,888,雙溪區,雙溪,雙溪,194-5
雙溪區,雙平,,889,雙溪區,雙溪,雙溪,195
雙溪區,雙平,,89,雙溪區,武丹坑,粗坑,324-2
雙溪區,雙平,,890,雙溪區,雙溪,雙溪,195-6
雙溪區,雙平,,891,雙溪區,雙溪,雙溪,195-10
雙溪區,雙平,,892,雙溪區,雙溪,雙溪,195-11
雙溪區,雙平,,893,雙溪區,雙溪,雙溪,195-5
雙溪區,雙平,,894,雙溪區,雙溪,雙溪,195-4
雙溪區,雙平,,895,雙溪區,雙溪,雙溪,201-28
雙溪區,雙平,,896,雙溪區,雙溪,雙溪,201-32
雙溪區,雙平,,897,雙溪區,雙溪,雙溪,201-31
雙溪區,雙平,,898,雙溪區,雙溪,雙溪,201-27
雙溪區,雙平,,899,雙溪區,雙溪,雙溪,201-30
雙溪區,雙平,,9,雙溪區,武丹坑,粗坑,261
雙溪區,雙平,,90,雙溪區,武丹坑,粗坑,324-34
雙溪區,雙平,,900,雙溪區,雙溪,雙溪,201-26
雙溪區,雙平,,901,雙溪區,雙溪,雙溪,201-29
雙溪區,雙平,,902,雙溪區,雙溪,雙溪,201-25
雙溪區,雙平,,903,雙溪區,雙溪,雙溪,201-18
雙溪區,雙平,,904,雙溪區,雙溪,雙溪,201-8
雙溪區,雙平,,905,雙溪區,雙溪,雙溪,201-3
雙溪區,雙平,,906,雙溪區,雙溪,雙溪,201-17
雙溪區,雙平,,907,雙溪區,雙溪,雙溪,201-16
雙溪區,雙平,,908,雙溪區,雙溪,雙溪,201-10
雙溪區,雙平,,909,雙溪區,武丹坑,粗坑,324-67
雙溪區,雙平,,91,雙溪區,武丹坑,粗坑,293-3
雙溪區,雙平,,910,雙溪區,雙溪,雙溪,201-14
雙溪區,雙平,,911,雙溪區,雙溪,雙溪,201-1
雙溪區,雙平,,912,雙溪區,雙溪,雙溪,201-19
雙溪區,雙平,,913,雙溪區,雙溪,雙溪,201-11
雙溪區,雙平,,914,雙溪區,雙溪,雙溪,196
雙溪區,雙平,,915,雙溪區,雙溪,雙溪,199-3
雙溪區,雙平,,916,雙溪區,雙溪,雙溪,195-7
雙溪區,雙平,,917,雙溪區,雙溪,雙溪,197-20
雙溪區,雙平,,918,雙溪區,雙溪,雙溪,197-19
雙溪區,雙平,,919,雙溪區,雙溪,雙溪,197-18
雙溪區,雙平,,92,雙溪區,武丹坑,粗坑,293-11
雙溪區,雙平,,920,雙溪區,雙溪,雙溪,195-8
雙溪區,雙平,,921,雙溪區,雙溪,雙溪,195-9
雙溪區,雙平,,922,雙溪區,雙溪,雙溪,195-1
雙溪區,雙平,,923,雙溪區,雙溪,雙溪,195-2
雙溪區,雙平,,924,雙溪區,雙溪,雙溪,197-25
雙溪區,雙平,,925,雙溪區,雙溪,雙溪,194
雙溪區,雙平,,926,雙溪區,雙溪,雙溪,194-2
雙溪區,雙平,,928,雙溪區,雙溪,雙溪,188-1
雙溪區,雙平,,929,雙溪區,雙溪,雙溪,197-4
雙溪區,雙平,,93,雙溪區,武丹坑,粗坑,293-2
雙溪區,雙平,,930,雙溪區,雙溪,雙溪,197-24
雙溪區,雙平,,931,雙溪區,雙溪,雙溪,197-36
雙溪區,雙平,,932,雙溪區,雙溪,雙溪,197-23
雙溪區,雙平,,933,雙溪區,雙溪,雙溪,197-42
雙溪區,雙平,,934,雙溪區,雙溪,雙溪,197-1
雙溪區,雙平,,935,雙溪區,雙溪,雙溪,197-48
雙溪區,雙平,,936,雙溪區,雙溪,雙溪,197-47
雙溪區,雙平,,937,雙溪區,雙溪,雙溪,197-46
雙溪區,雙平,,938,雙溪區,雙溪,雙溪,199-5
雙溪區,雙平,,939,雙溪區,雙溪,雙溪,196-1
雙溪區,雙平,,94,雙溪區,武丹坑,粗坑,293-12
雙溪區,雙平,,940,雙溪區,雙溪,雙溪,201-23
雙溪區,雙平,,941,雙溪區,雙溪,雙溪,197-51
雙溪區,雙平,,942,雙溪區,雙溪,雙溪,197-26
雙溪區,雙平,,943,雙溪區,雙溪,雙溪,197-29
雙溪區,雙平,,944,雙溪區,雙溪,雙溪,197-49
雙溪區,雙平,,945,雙溪區,雙溪,雙溪,197-45
雙溪區,雙平,,946,雙溪區,雙溪,雙溪,197-50
雙溪區,雙平,,947,雙溪區,雙溪,雙溪,197-27
雙溪區,雙平,,948,雙溪區,雙溪,雙溪,197-28
雙溪區,雙平,,949,雙溪區,雙溪,雙溪,197-40
雙溪區,雙平,,95,雙溪區,武丹坑,粗坑,293-1
雙溪區,雙平,,950,雙溪區,雙溪,雙溪,197-41
雙溪區,雙平,,951,雙溪區,雙溪,雙溪,197-7
雙溪區,雙平,,952,雙溪區,雙溪,雙溪,197-15
雙溪區,雙平,,953,雙溪區,雙溪,雙溪,197-16
雙溪區,雙平,,954,雙溪區,雙溪,雙溪,197-17
雙溪區,雙平,,955,雙溪區,雙溪,雙溪,197-3
雙溪區,雙平,,956,雙溪區,雙溪,雙溪,197-44
雙溪區,雙平,,957,雙溪區,雙溪,雙溪,199
雙溪區,雙平,,958,雙溪區,雙溪,雙溪,199-6
雙溪區,雙平,,959,雙溪區,雙溪,雙溪,201-13
雙溪區,雙平,,96,雙溪區,武丹坑,粗坑,293-15
雙溪區,雙平,,960,雙溪區,雙溪,雙溪,201-12
雙溪區,雙平,,961,雙溪區,雙溪,雙溪,198-1
雙溪區,雙平,,962,雙溪區,雙溪,雙溪,201-24
雙溪區,雙平,,963,雙溪區,雙溪,雙溪,201-20
雙溪區,雙平,,964,雙溪區,雙溪,雙溪,198-2
雙溪區,雙平,,965,雙溪區,雙溪,雙溪,201-21
雙溪區,雙平,,966,雙溪區,雙溪,雙溪,201
雙溪區,雙平,,967,雙溪區,雙溪,雙溪,202-6
雙溪區,雙平,,968,雙溪區,雙溪,雙溪,202-5
雙溪區,雙平,,969,雙溪區,雙溪,雙溪,198
雙溪區,雙平,,97,雙溪區,武丹坑,粗坑,293-16
雙溪區,雙平,,970,雙溪區,雙溪,雙溪,202-2
雙溪區,雙平,,971,雙溪區,雙溪,雙溪,205-20
雙溪區,雙平,,972,雙溪區,雙溪,雙溪,205-21
雙溪區,雙平,,973,雙溪區,雙溪,雙溪,205-16
雙溪區,雙平,,974,雙溪區,雙溪,雙溪,205-13
雙溪區,雙平,,975,雙溪區,雙溪,雙溪,205-26
雙溪區,雙平,,976,雙溪區,雙溪,雙溪,205-27
雙溪區,雙平,,977,雙溪區,雙溪,雙溪,205-7
雙溪區,雙平,,978,雙溪區,雙溪,雙溪,205-5
雙溪區,雙平,,979,雙溪區,雙溪,雙溪,205-28
雙溪區,雙平,,98,雙溪區,武丹坑,粗坑,293-4
雙溪區,雙平,,980,雙溪區,雙溪,雙溪,205-12
雙溪區,雙平,,981,雙溪區,雙溪,雙溪,205-6
雙溪區,雙平,,982,雙溪區,雙溪,雙溪,205-25
雙溪區,雙平,,983,雙溪區,雙溪,雙溪,205-24
雙溪區,雙平,,984,雙溪區,雙溪,雙溪,205-11
雙溪區,雙平,,985,雙溪區,雙溪,雙溪,205-10
雙溪區,雙平,,986,雙溪區,雙溪,雙溪,205-22
雙溪區,雙平,,987,雙溪區,雙溪,雙溪,205-1
雙溪區,雙平,,988,雙溪區,雙溪,雙溪,205-2
雙溪區,雙平,,989,雙溪區,雙溪,雙溪,205-29
雙溪區,雙平,,99,雙溪區,武丹坑,粗坑,293-18
雙溪區,雙平,,990,雙溪區,雙溪,雙溪,205-30
雙溪區,雙平,,991,雙溪區,雙溪,雙溪,205-3
雙溪區,雙平,,992,雙溪區,雙溪,雙溪,205-4
雙溪區,雙平,,993,雙溪區,雙溪,雙溪,205-31
雙溪區,雙平,,994,雙溪區,雙溪,雙溪,205-32
雙溪區,雙平,,995,雙溪區,雙溪,雙溪,205-19
雙溪區,雙平,,996,雙溪區,雙溪,雙溪,205-23
雙溪區,雙平,,997,雙溪區,雙溪,雙溪,206-3
雙溪區,雙平,,998,雙溪區,雙溪,雙溪,206-4
雙溪區,雙平,,999,雙溪區,雙溪,雙溪,206-1
雙溪區,雙柑,,10,雙溪區,柑腳,崩山坑,29
雙溪區,雙柑,,101,雙溪區,柑腳,下坑,21
雙溪區,雙柑,,103,雙溪區,柑腳,下坑,34
雙溪區,雙柑,,104,雙溪區,柑腳,下坑,33
雙溪區,雙柑,,105,雙溪區,柑腳,下坑,30
雙溪區,雙柑,,106,雙溪區,柑腳,下坑,31
雙溪區,雙柑,,107,雙溪區,柑腳,下坑,32
雙溪區,雙柑,,11,雙溪區,柑腳,崩山坑,31-1
雙溪區,雙柑,,12,雙溪區,柑腳,崩山坑,30-1
雙溪區,雙柑,,126,雙溪區,柑腳,下坑,35
雙溪區,雙柑,,13,雙溪區,柑腳,崩山坑,30-3
雙溪區,雙柑,,134,雙溪區,柑腳,盤山坑,146-2
雙溪區,雙柑,,135,雙溪區,柑腳,盤山坑,146-3
雙溪區,雙柑,,14,雙溪區,柑腳,崩山坑,30
雙溪區,雙柑,,145,雙溪區,柑腳,中坑,46-1
雙溪區,雙柑,,147,雙溪區,柑腳,中坑,46
雙溪區,雙柑,,148,雙溪區,柑腳,中坑,46-2
雙溪區,雙柑,,149,雙溪區,柑腳,中坑,47
雙溪區,雙柑,,15,雙溪區,柑腳,崩山坑,30-2
雙溪區,雙柑,,150,雙溪區,柑腳,中坑,47-7
雙溪區,雙柑,,151,雙溪區,柑腳,中坑,47-2
雙溪區,雙柑,,152,雙溪區,柑腳,中坑,47-1
雙溪區,雙柑,,153,雙溪區,柑腳,中坑,47-6
雙溪區,雙柑,,154,雙溪區,柑腳,中坑,47-3
雙溪區,雙柑,,155,雙溪區,柑腳,中坑,47-5
雙溪區,雙柑,,156,雙溪區,柑腳,中坑,45
雙溪區,雙柑,,157,雙溪區,柑腳,中坑,44
雙溪區,雙柑,,158,雙溪區,柑腳,中坑,44-1
雙溪區,雙柑,,159,雙溪區,柑腳,中坑,23
雙溪區,雙柑,,160,雙溪區,柑腳,中坑,27-3
雙溪區,雙柑,,161,雙溪區,柑腳,中坑,28
雙溪區,雙柑,,163,雙溪區,柑腳,中坑,24-1
雙溪區,雙柑,,164,雙溪區,柑腳,中坑,24
雙溪區,雙柑,,165,雙溪區,柑腳,中坑,25
雙溪區,雙柑,,166,雙溪區,柑腳,中坑,26
雙溪區,雙柑,,167,雙溪區,柑腳,中坑,26-1
雙溪區,雙柑,,168,雙溪區,柑腳,中坑,27
雙溪區,雙柑,,170,雙溪區,柑腳,中坑,32-4
雙溪區,雙柑,,171,雙溪區,柑腳,中坑,32-2
雙溪區,雙柑,,172,雙溪區,柑腳,中坑,29
雙溪區,雙柑,,173,雙溪區,柑腳,中坑,30
雙溪區,雙柑,,175,雙溪區,柑腳,中坑,31
雙溪區,雙柑,,176,雙溪區,柑腳,中坑,31-1
雙溪區,雙柑,,177,雙溪區,柑腳,中坑,32
雙溪區,雙柑,,178,雙溪區,柑腳,中坑,31-2
雙溪區,雙柑,,179,雙溪區,柑腳,中坑,27-2
雙溪區,雙柑,,180,雙溪區,柑腳,中坑,27-1
雙溪區,雙柑,,181,雙溪區,柑腳,中坑,33-2
雙溪區,雙柑,,182,雙溪區,柑腳,中坑,33
雙溪區,雙柑,,183,雙溪區,柑腳,中坑,32-1
雙溪區,雙柑,,184,雙溪區,柑腳,中坑,33-1
雙溪區,雙柑,,185,雙溪區,柑腳,中坑,43
雙溪區,雙柑,,186,雙溪區,柑腳,中坑,42
雙溪區,雙柑,,189,雙溪區,柑腳,中坑,42-1
雙溪區,雙柑,,190,雙溪區,柑腳,中坑,33-3
雙溪區,雙柑,,191,雙溪區,柑腳,中坑,35
雙溪區,雙柑,,192,雙溪區,柑腳,中坑,34
雙溪區,雙柑,,193,雙溪區,柑腳,中坑,35-1
雙溪區,雙柑,,194,雙溪區,柑腳,中坑,36-2
雙溪區,雙柑,,195,雙溪區,柑腳,中坑,32-3
雙溪區,雙柑,,196,雙溪區,柑腳,中坑,37-2
雙溪區,雙柑,,197,雙溪區,柑腳,中坑,36-1
雙溪區,雙柑,,198,雙溪區,柑腳,中坑,37
雙溪區,雙柑,,199,雙溪區,柑腳,中坑,37-1
雙溪區,雙柑,,200,雙溪區,柑腳,中坑,37-3
雙溪區,雙柑,,201,雙溪區,柑腳,中坑,38
雙溪區,雙柑,,202,雙溪區,柑腳,中坑,38-1
雙溪區,雙柑,,203,雙溪區,柑腳,中坑,39-4
雙溪區,雙柑,,204,雙溪區,柑腳,中坑,38-2
雙溪區,雙柑,,205,雙溪區,柑腳,中坑,40
雙溪區,雙柑,,206,雙溪區,柑腳,中坑,41
雙溪區,雙柑,,207,雙溪區,柑腳,中坑,40-1
雙溪區,雙柑,,208,雙溪區,柑腳,中坑,39-3
雙溪區,雙柑,,209,雙溪區,柑腳,中坑,39-1
雙溪區,雙柑,,210,雙溪區,柑腳,中坑,39
雙溪區,雙柑,,211,雙溪區,柑腳,中坑,39-2
雙溪區,雙柑,,22,雙溪區,柑腳,下坑,58
雙溪區,雙柑,,221,雙溪區,柑腳,盤山坑,147-5
雙溪區,雙柑,,226,雙溪區,柑腳,盤山坑,146-4
雙溪區,雙柑,,227,雙溪區,柑腳,盤山坑,146-1
雙溪區,雙柑,,228,雙溪區,柑腳,盤山坑,146
雙溪區,雙柑,,229,雙溪區,柑腳,盤山坑,145-1
雙溪區,雙柑,,23,雙溪區,柑腳,下坑,59
雙溪區,雙柑,,230,雙溪區,柑腳,盤山坑,145
雙溪區,雙柑,,233,雙溪區,柑腳,盤山坑,145-3
雙溪區,雙柑,,234,雙溪區,柑腳,盤山坑,145-4
雙溪區,雙柑,,235,雙溪區,柑腳,盤山坑,145-5
雙溪區,雙柑,,24,雙溪區,柑腳,下坑,57
雙溪區,雙柑,,3,雙溪區,柑腳,崩山坑,31
雙溪區,雙柑,,30,雙溪區,柑腳,下坑,28-1
雙溪區,雙柑,,34,雙溪區,柑腳,下坑,29
雙溪區,雙柑,,35,雙溪區,柑腳,下坑,28-2
雙溪區,雙柑,,36,雙溪區,柑腳,下坑,28
雙溪區,雙柑,,37,雙溪區,柑腳,下坑,27
雙溪區,雙柑,,38,雙溪區,柑腳,下坑,26
雙溪區,雙柑,,4,雙溪區,柑腳,崩山坑,62-3
雙溪區,雙柑,,40,雙溪區,柑腳,下坑,25
雙溪區,雙柑,,41,雙溪區,柑腳,下坑,24
雙溪區,雙柑,,42,雙溪區,柑腳,下坑,22
雙溪區,雙柑,,43,雙溪區,柑腳,下坑,23
雙溪區,雙柑,,47,雙溪區,柑腳,下坑,15-4
雙溪區,雙柑,,49,雙溪區,柑腳,下坑,15-5
雙溪區,雙柑,,5,雙溪區,柑腳,崩山坑,62-4
雙溪區,雙柑,,51,雙溪區,柑腳,下坑,13-4
雙溪區,雙柑,,53,雙溪區,柑腳,下坑,49-3
雙溪區,雙柑,,55,雙溪區,柑腳,下坑,49-4
雙溪區,雙柑,,56,雙溪區,柑腳,下坑,49-2
雙溪區,雙柑,,57,雙溪區,柑腳,下坑,49-1
雙溪區,雙柑,,58,雙溪區,柑腳,下坑,49
雙溪區,雙柑,,59,雙溪區,柑腳,下坑,48
雙溪區,雙柑,,6,雙溪區,柑腳,崩山坑,62-5
雙溪區,雙柑,,60,雙溪區,柑腳,下坑,47
雙溪區,雙柑,,61,雙溪區,柑腳,下坑,15-1
雙溪區,雙柑,,62,雙溪區,柑腳,下坑,17
雙溪區,雙柑,,63,雙溪區,柑腳,下坑,15
雙溪區,雙柑,,64,雙溪區,柑腳,下坑,15-2
雙溪區,雙柑,,65,雙溪區,柑腳,下坑,15-3
雙溪區,雙柑,,66,雙溪區,柑腳,下坑,17-1
雙溪區,雙柑,,67,雙溪區,柑腳,下坑,47-2
雙溪區,雙柑,,68,雙溪區,柑腳,下坑,47-1
雙溪區,雙柑,,69,雙溪區,柑腳,下坑,17-2
雙溪區,雙柑,,7,雙溪區,柑腳,崩山坑,32
雙溪區,雙柑,,70,雙溪區,柑腳,下坑,18
雙溪區,雙柑,,71,雙溪區,柑腳,下坑,18-1
雙溪區,雙柑,,73,雙溪區,柑腳,下坑,42-2
雙溪區,雙柑,,74,雙溪區,柑腳,下坑,42
雙溪區,雙柑,,75,雙溪區,柑腳,下坑,45
雙溪區,雙柑,,76,雙溪區,柑腳,下坑,46
雙溪區,雙柑,,77,雙溪區,柑腳,下坑,42-1
雙溪區,雙柑,,79,雙溪區,柑腳,下坑,43
雙溪區,雙柑,,8,雙溪區,柑腳,崩山坑,27
雙溪區,雙柑,,80,雙溪區,柑腳,下坑,43-1
雙溪區,雙柑,,81,雙溪區,柑腳,下坑,44
雙溪區,雙柑,,82,雙溪區,柑腳,下坑,40-3
雙溪區,雙柑,,83,雙溪區,柑腳,下坑,40
雙溪區,雙柑,,84,雙溪區,柑腳,下坑,40-1
雙溪區,雙柑,,85,雙溪區,柑腳,下坑,40-2
雙溪區,雙柑,,86,雙溪區,柑腳,下坑,41
雙溪區,雙柑,,89,雙溪區,柑腳,下坑,19
雙溪區,雙柑,,9,雙溪區,柑腳,崩山坑,28
雙溪區,雙柑,,90,雙溪區,柑腳,下坑,20-1
雙溪區,雙柑,,91,雙溪區,柑腳,下坑,20
雙溪區,雙柑,,93,雙溪區,柑腳,下坑,36-1
雙溪區,雙柑,,94,雙溪區,柑腳,下坑,38-1
雙溪區,雙柑,,95,雙溪區,柑腳,下坑,38
雙溪區,雙柑,,96,雙溪區,柑腳,下坑,39
雙溪區,雙柑,,97,雙溪區,柑腳,下坑,36
雙溪區,雙柑,,98,雙溪區,柑腳,下坑,20-2
雙溪區,雙柑,,99,雙溪區,柑腳,下坑,20-3
