districtNew,sectionNew,subsectionNew,landNumberNew,districtOld,sectionOld,subsectionOld,landNumberOld
萬里區,中幅,,1,萬里區,中萬里加投,龜吼,315-2
萬里區,中幅,,10,萬里區,中萬里加投,龜吼,320
萬里區,中幅,,100,萬里區,中萬里加投,龜吼,93
萬里區,中幅,,1000,萬里區,中萬里加投,中幅子,83-5
萬里區,中幅,,1001,萬里區,中萬里加投,中幅子,83
萬里區,中幅,,1002,萬里區,中萬里加投,中幅子,83-4
萬里區,中幅,,1003,萬里區,中萬里加投,中幅子,82
萬里區,中幅,,1004,萬里區,中萬里加投,中幅子,80-8
萬里區,中幅,,1005,萬里區,中萬里加投,中幅子,66
萬里區,中幅,,1006,萬里區,中萬里加投,中幅子,66-1
萬里區,中幅,,1007,萬里區,中萬里加投,中幅子,67
萬里區,中幅,,1008,萬里區,中萬里加投,中幅子,68
萬里區,中幅,,1009,萬里區,中萬里加投,中幅子,66-2
萬里區,中幅,,101,萬里區,中萬里加投,龜吼,93-35
萬里區,中幅,,1010,萬里區,中萬里加投,中幅子,81
萬里區,中幅,,1011,萬里區,中萬里加投,中幅子,80
萬里區,中幅,,1012,萬里區,中萬里加投,中幅子,227-1
萬里區,中幅,,1013,萬里區,中萬里加投,中幅子,228-4
萬里區,中幅,,1014,萬里區,中萬里加投,中幅子,228-5
萬里區,中幅,,1015,萬里區,中萬里加投,中幅子,228-7
萬里區,中幅,,1016,萬里區,中萬里加投,中幅子,228-6
萬里區,中幅,,1017,萬里區,中萬里加投,中幅子,228-2
萬里區,中幅,,1018,萬里區,中萬里加投,中幅子,228-8
萬里區,中幅,,1019,萬里區,中萬里加投,中幅子,228-1
萬里區,中幅,,102,萬里區,中萬里加投,龜吼,91
萬里區,中幅,,1020,萬里區,中萬里加投,中幅子,228-3
萬里區,中幅,,1021,萬里區,中萬里加投,中幅子,228
萬里區,中幅,,1022,萬里區,中萬里加投,中幅子,229
萬里區,中幅,,1023,萬里區,中萬里加投,中幅子,230
萬里區,中幅,,1025,萬里區,中萬里加投,中幅子,80-1
萬里區,中幅,,1026,萬里區,中萬里加投,中幅子,80-2
萬里區,中幅,,1027,萬里區,中萬里加投,中幅子,71
萬里區,中幅,,103,萬里區,中萬里加投,龜吼,317-89
萬里區,中幅,,1030,萬里區,中萬里加投,中幅子,72
萬里區,中幅,,1031,萬里區,中萬里加投,中幅子,79
萬里區,中幅,,1032,萬里區,中萬里加投,中幅子,78
萬里區,中幅,,1033,萬里區,中萬里加投,中幅子,77
萬里區,中幅,,1034,萬里區,中萬里加投,中幅子,76
萬里區,中幅,,1035,萬里區,中萬里加投,中幅子,75
萬里區,中幅,,1037,萬里區,中萬里加投,中幅子,86
萬里區,中幅,,1038,萬里區,中萬里加投,中幅子,85
萬里區,中幅,,1039,萬里區,中萬里加投,中幅子,80-7
萬里區,中幅,,104,萬里區,中萬里加投,龜吼,317-1
萬里區,中幅,,1040,萬里區,中萬里加投,中幅子,80-9
萬里區,中幅,,1041,萬里區,中萬里加投,中幅子,80-5
萬里區,中幅,,1042,萬里區,中萬里加投,中幅子,80-6
萬里區,中幅,,1043,萬里區,中萬里加投,中幅子,80-3
萬里區,中幅,,1045,萬里區,中萬里加投,中幅子,73
萬里區,中幅,,1046,萬里區,中萬里加投,中幅子,74-1
萬里區,中幅,,1047,萬里區,中萬里加投,中幅子,74
萬里區,中幅,,1048,萬里區,中萬里加投,中幅子,87
萬里區,中幅,,1049,萬里區,中萬里加投,中幅子,87-1
萬里區,中幅,,105,萬里區,中萬里加投,龜吼,92-1
萬里區,中幅,,1050,萬里區,中萬里加投,中幅子,84-1
萬里區,中幅,,1051,萬里區,中萬里加投,中幅子,84-7
萬里區,中幅,,1052,萬里區,中萬里加投,中幅子,84-5
萬里區,中幅,,1053,萬里區,中萬里加投,中幅子,84-4
萬里區,中幅,,1054,萬里區,中萬里加投,中幅子,84-2
萬里區,中幅,,1055,萬里區,中萬里加投,中幅子,104-6
萬里區,中幅,,1056,萬里區,中萬里加投,中幅子,84-3
萬里區,中幅,,1057,萬里區,中萬里加投,中幅子,84-8
萬里區,中幅,,1058,萬里區,中萬里加投,中幅子,84-6
萬里區,中幅,,1059,萬里區,中萬里加投,中幅子,84
萬里區,中幅,,106,萬里區,中萬里加投,龜吼,92-2
萬里區,中幅,,1060,萬里區,中萬里加投,中幅子,100-1
萬里區,中幅,,1062,萬里區,中萬里加投,中幅子,100
萬里區,中幅,,1063,萬里區,中萬里加投,中幅子,100-4
萬里區,中幅,,1064,萬里區,中萬里加投,中幅子,100-2
萬里區,中幅,,1065,萬里區,中萬里加投,中幅子,100-3
萬里區,中幅,,1066,萬里區,中萬里加投,中幅子,101-4
萬里區,中幅,,1067,萬里區,中萬里加投,中幅子,101-3
萬里區,中幅,,1068,萬里區,中萬里加投,中幅子,101-2
萬里區,中幅,,1069,萬里區,中萬里加投,中幅子,101-1
萬里區,中幅,,107,萬里區,中萬里加投,龜吼,92
萬里區,中幅,,1070,萬里區,中萬里加投,中幅子,103
萬里區,中幅,,1071,萬里區,中萬里加投,中幅子,102-6
萬里區,中幅,,1072,萬里區,中萬里加投,中幅子,102-3
萬里區,中幅,,1073,萬里區,中萬里加投,中幅子,102-4
萬里區,中幅,,1074,萬里區,中萬里加投,中幅子,104-9
萬里區,中幅,,1075,萬里區,中萬里加投,中幅子,104-8
萬里區,中幅,,1076,萬里區,中萬里加投,中幅子,102-1
萬里區,中幅,,1077,萬里區,中萬里加投,中幅子,104-10
萬里區,中幅,,1078,萬里區,中萬里加投,中幅子,104-1
萬里區,中幅,,1079,萬里區,中萬里加投,中幅子,88
萬里區,中幅,,108,萬里區,中萬里加投,龜吼,94-25
萬里區,中幅,,1080,萬里區,中萬里加投,中幅子,96
萬里區,中幅,,1081,萬里區,中萬里加投,中幅子,89
萬里區,中幅,,1083,萬里區,中萬里加投,中幅子,95
萬里區,中幅,,1084,萬里區,中萬里加投,中幅子,99
萬里區,中幅,,1085,萬里區,中萬里加投,中幅子,101
萬里區,中幅,,1086,萬里區,中萬里加投,中幅子,94
萬里區,中幅,,1087,萬里區,中萬里加投,中幅子,102
萬里區,中幅,,1088,萬里區,中萬里加投,中幅子,104-5
萬里區,中幅,,1089,萬里區,中萬里加投,中幅子,104-4
萬里區,中幅,,109,萬里區,中萬里加投,龜吼,94-24
萬里區,中幅,,1090,萬里區,中萬里加投,中幅子,104-2
萬里區,中幅,,1091,萬里區,中萬里加投,中幅子,105
萬里區,中幅,,1092,萬里區,中萬里加投,中幅子,106
萬里區,中幅,,1093,萬里區,中萬里加投,中幅子,106-1
萬里區,中幅,,1094,萬里區,中萬里加投,中幅子,93
萬里區,中幅,,1095,萬里區,中萬里加投,中幅子,104-3
萬里區,中幅,,1096,萬里區,中萬里加投,中幅子,107-1
萬里區,中幅,,1097,萬里區,中萬里加投,中幅子,104-7
萬里區,中幅,,1098,萬里區,中萬里加投,中幅子,107
萬里區,中幅,,1099,萬里區,中萬里加投,中幅子,107-4
萬里區,中幅,,11,萬里區,中萬里加投,龜吼,320-19
萬里區,中幅,,110,萬里區,中萬里加投,龜吼,94-20
萬里區,中幅,,1100,萬里區,中萬里加投,中幅子,231
萬里區,中幅,,1101,萬里區,中萬里加投,中幅子,238
萬里區,中幅,,1102,萬里區,中萬里加投,中幅子,239
萬里區,中幅,,1103,萬里區,中萬里加投,中幅子,240
萬里區,中幅,,1104,萬里區,中萬里加投,中幅子,69
萬里區,中幅,,1106,萬里區,中萬里加投,中幅子,70
萬里區,中幅,,1107,萬里區,中萬里加投,中幅子,245
萬里區,中幅,,1108,萬里區,中萬里加投,中幅子,246
萬里區,中幅,,1109,萬里區,中萬里加投,中幅子,247
萬里區,中幅,,111,萬里區,中萬里加投,龜吼,94-19
萬里區,中幅,,1111,萬里區,中萬里加投,中幅子,248
萬里區,中幅,,1112,萬里區,中萬里加投,中幅子,249
萬里區,中幅,,1113,萬里區,中萬里加投,中幅子,250
萬里區,中幅,,1114,萬里區,中萬里加投,中幅子,251
萬里區,中幅,,1115,萬里區,中萬里加投,中幅子,252
萬里區,中幅,,1116,萬里區,中萬里加投,中幅子,254
萬里區,中幅,,1117,萬里區,中萬里加投,中幅子,253
萬里區,中幅,,1118,萬里區,中萬里加投,中幅子,91-1
萬里區,中幅,,1119,萬里區,中萬里加投,中幅子,90
萬里區,中幅,,112,萬里區,中萬里加投,龜吼,94-18
萬里區,中幅,,1120,萬里區,中萬里加投,中幅子,91
萬里區,中幅,,1121,萬里區,中萬里加投,中幅子,92
萬里區,中幅,,1122,萬里區,中萬里加投,中幅子,255
萬里區,中幅,,1123,萬里區,中萬里加投,中幅子,256
萬里區,中幅,,1124,萬里區,中萬里加投,中幅子,257
萬里區,中幅,,1125,萬里區,中萬里加投,中幅子,108-1
萬里區,中幅,,1126,萬里區,中萬里加投,中幅子,108
萬里區,中幅,,1127,萬里區,中萬里加投,中幅子,107-2
萬里區,中幅,,1128,萬里區,中萬里加投,中幅子,107-3
萬里區,中幅,,1129,萬里區,中萬里加投,中幅子,110-2
萬里區,中幅,,113,萬里區,中萬里加投,龜吼,94-22
萬里區,中幅,,1130,萬里區,中萬里加投,中幅子,110-4
萬里區,中幅,,1131,萬里區,中萬里加投,中幅子,110-3
萬里區,中幅,,1132,萬里區,中萬里加投,中幅子,110-1
萬里區,中幅,,1133,萬里區,中萬里加投,中幅子,110-6
萬里區,中幅,,1134,萬里區,中萬里加投,中幅子,113-16
萬里區,中幅,,1135,萬里區,中萬里加投,中幅子,113-17
萬里區,中幅,,1136,萬里區,中萬里加投,中幅子,113-1
萬里區,中幅,,1137,萬里區,中萬里加投,中幅子,113-61
萬里區,中幅,,1138,萬里區,中萬里加投,中幅子,111-1
萬里區,中幅,,1139,萬里區,中萬里加投,中幅子,111-3
萬里區,中幅,,114,萬里區,中萬里加投,龜吼,94-23
萬里區,中幅,,1140,萬里區,中萬里加投,中幅子,111-2
萬里區,中幅,,1141,萬里區,中萬里加投,中幅子,111
萬里區,中幅,,1142,萬里區,中萬里加投,中幅子,110-5
萬里區,中幅,,1143,萬里區,中萬里加投,中幅子,113-30
萬里區,中幅,,1144,萬里區,中萬里加投,中幅子,111-8
萬里區,中幅,,1145,萬里區,中萬里加投,中幅子,111-7
萬里區,中幅,,1146,萬里區,中萬里加投,中幅子,113-29
萬里區,中幅,,1147,萬里區,中萬里加投,中幅子,111-6
萬里區,中幅,,1148,萬里區,中萬里加投,中幅子,113-28
萬里區,中幅,,1149,萬里區,中萬里加投,中幅子,113-15
萬里區,中幅,,115,萬里區,中萬里加投,龜吼,94-6
萬里區,中幅,,1150,萬里區,中萬里加投,中幅子,113-32
萬里區,中幅,,1151,萬里區,中萬里加投,中幅子,111-9
萬里區,中幅,,1152,萬里區,中萬里加投,中幅子,111-10
萬里區,中幅,,1153,萬里區,中萬里加投,中幅子,113-31
萬里區,中幅,,1154,萬里區,中萬里加投,中幅子,113-27
萬里區,中幅,,1155,萬里區,中萬里加投,中幅子,111-5
萬里區,中幅,,1156,萬里區,中萬里加投,中幅子,111-4
萬里區,中幅,,1157,萬里區,中萬里加投,中幅子,112-5
萬里區,中幅,,1158,萬里區,中萬里加投,中幅子,112-6
萬里區,中幅,,1159,萬里區,中萬里加投,中幅子,112-4
萬里區,中幅,,116,萬里區,中萬里加投,龜吼,94
萬里區,中幅,,1160,萬里區,中萬里加投,中幅子,112
萬里區,中幅,,1161,萬里區,中萬里加投,中幅子,112-3
萬里區,中幅,,1162,萬里區,中萬里加投,中幅子,112-1
萬里區,中幅,,1164,萬里區,中萬里加投,中幅子,112-15
萬里區,中幅,,1165,萬里區,中萬里加投,中幅子,112-14
萬里區,中幅,,1166,萬里區,中萬里加投,中幅子,112-13
萬里區,中幅,,1167,萬里區,中萬里加投,中幅子,113-53
萬里區,中幅,,1168,萬里區,中萬里加投,中幅子,113-52
萬里區,中幅,,1169,萬里區,中萬里加投,中幅子,113-51
萬里區,中幅,,117,萬里區,中萬里加投,龜吼,94-3
萬里區,中幅,,1170,萬里區,中萬里加投,中幅子,113-50
萬里區,中幅,,1171,萬里區,中萬里加投,中幅子,113-5
萬里區,中幅,,1172,萬里區,中萬里加投,中幅子,113-4
萬里區,中幅,,1173,萬里區,中萬里加投,中幅子,113-78
萬里區,中幅,,1174,萬里區,中萬里加投,中幅子,113-77
萬里區,中幅,,1175,萬里區,中萬里加投,中幅子,113-7
萬里區,中幅,,1176,萬里區,中萬里加投,中幅子,113-3
萬里區,中幅,,1177,萬里區,中萬里加投,中幅子,115
萬里區,中幅,,1178,萬里區,中萬里加投,中幅子,113-75
萬里區,中幅,,1179,萬里區,中萬里加投,中幅子,113-76
萬里區,中幅,,118,萬里區,中萬里加投,龜吼,94-13
萬里區,中幅,,1180,萬里區,中萬里加投,中幅子,113-12
萬里區,中幅,,1181,萬里區,中萬里加投,中幅子,113-11
萬里區,中幅,,1182,萬里區,中萬里加投,中幅子,113-10
萬里區,中幅,,1183,萬里區,中萬里加投,中幅子,113-13
萬里區,中幅,,1184,萬里區,中萬里加投,中幅子,113-9
萬里區,中幅,,1185,萬里區,中萬里加投,中幅子,113-8
萬里區,中幅,,1186,萬里區,中萬里加投,中幅子,114
萬里區,中幅,,1187,萬里區,中萬里加投,中幅子,112-2
萬里區,中幅,,1188,萬里區,中萬里加投,中幅子,113-6
萬里區,中幅,,1189,萬里區,中萬里加投,中幅子,112-12
萬里區,中幅,,119,萬里區,中萬里加投,龜吼,94-12
萬里區,中幅,,1190,萬里區,中萬里加投,中幅子,112-8
萬里區,中幅,,1191,萬里區,中萬里加投,中幅子,112-9
萬里區,中幅,,1192,萬里區,中萬里加投,中幅子,113-46
萬里區,中幅,,1193,萬里區,中萬里加投,中幅子,113-45
萬里區,中幅,,1194,萬里區,中萬里加投,中幅子,113-44
萬里區,中幅,,1195,萬里區,中萬里加投,中幅子,112-10
萬里區,中幅,,1196,萬里區,中萬里加投,中幅子,112-11
萬里區,中幅,,1197,萬里區,中萬里加投,中幅子,113-59
萬里區,中幅,,1198,萬里區,中萬里加投,中幅子,113-33
萬里區,中幅,,1199,萬里區,中萬里加投,中幅子,113-34
萬里區,中幅,,12,萬里區,中萬里加投,龜吼,320-20
萬里區,中幅,,120,萬里區,中萬里加投,龜吼,94-14
萬里區,中幅,,1200,萬里區,中萬里加投,中幅子,113-18
萬里區,中幅,,1201,萬里區,中萬里加投,中幅子,113-25
萬里區,中幅,,1202,萬里區,中萬里加投,中幅子,113-36
萬里區,中幅,,1203,萬里區,中萬里加投,中幅子,113-37
萬里區,中幅,,1204,萬里區,中萬里加投,中幅子,113-38
萬里區,中幅,,1205,萬里區,中萬里加投,中幅子,113-39
萬里區,中幅,,1206,萬里區,中萬里加投,中幅子,113-74
萬里區,中幅,,1207,萬里區,中萬里加投,中幅子,113-72
萬里區,中幅,,1208,萬里區,中萬里加投,中幅子,113-71
萬里區,中幅,,1209,萬里區,中萬里加投,中幅子,113-40
萬里區,中幅,,121,萬里區,中萬里加投,龜吼,94-15
萬里區,中幅,,1210,萬里區,中萬里加投,中幅子,113-41
萬里區,中幅,,1211,萬里區,中萬里加投,中幅子,113-42
萬里區,中幅,,1212,萬里區,中萬里加投,中幅子,113-43
萬里區,中幅,,1213,萬里區,中萬里加投,中幅子,113-65
萬里區,中幅,,1214,萬里區,中萬里加投,中幅子,113-66
萬里區,中幅,,1215,萬里區,中萬里加投,中幅子,113
萬里區,中幅,,1216,萬里區,中萬里加投,中幅子,113-63
萬里區,中幅,,1217,萬里區,中萬里加投,中幅子,113-60
萬里區,中幅,,1218,萬里區,中萬里加投,中幅子,113-14
萬里區,中幅,,1219,萬里區,中萬里加投,中幅子,113-58
萬里區,中幅,,122,萬里區,中萬里加投,龜吼,94-16
萬里區,中幅,,1220,萬里區,中萬里加投,中幅子,113-57
萬里區,中幅,,1221,萬里區,中萬里加投,中幅子,113-56
萬里區,中幅,,1222,萬里區,中萬里加投,中幅子,113-55
萬里區,中幅,,1223,萬里區,中萬里加投,中幅子,113-49
萬里區,中幅,,1224,萬里區,中萬里加投,中幅子,113-54
萬里區,中幅,,1225,萬里區,中萬里加投,中幅子,113-48
萬里區,中幅,,1226,萬里區,中萬里加投,中幅子,113-47
萬里區,中幅,,1227,萬里區,中萬里加投,中幅子,113-24
萬里區,中幅,,1228,萬里區,中萬里加投,中幅子,113-23
萬里區,中幅,,1229,萬里區,中萬里加投,中幅子,113-22
萬里區,中幅,,123,萬里區,中萬里加投,龜吼,94-17
萬里區,中幅,,1230,萬里區,中萬里加投,中幅子,113-21
萬里區,中幅,,1231,萬里區,中萬里加投,中幅子,113-20
萬里區,中幅,,1232,萬里區,中萬里加投,中幅子,113-19
萬里區,中幅,,1233,萬里區,中萬里加投,中幅子,113-62
萬里區,中幅,,1234,萬里區,中萬里加投,中幅子,113-64
萬里區,中幅,,1235,萬里區,中萬里加投,中幅子,113-73
萬里區,中幅,,1236,萬里區,中萬里加投,中幅子,113-2
萬里區,中幅,,1237,萬里區,中萬里加投,中幅子,109
萬里區,中幅,,1238,萬里區,中萬里加投,中幅子,261
萬里區,中幅,,1239,萬里區,中萬里加投,中幅子,261-1
萬里區,中幅,,124,萬里區,中萬里加投,龜吼,94-5
萬里區,中幅,,1240,萬里區,中萬里加投,中幅子,258
萬里區,中幅,,1241,萬里區,中萬里加投,中幅子,259
萬里區,中幅,,1242,萬里區,中萬里加投,中幅子,260
萬里區,中幅,,1244,萬里區,中萬里加投,中幅子,244
萬里區,中幅,,1245,萬里區,中萬里加投,中幅子,241
萬里區,中幅,,1246,萬里區,中萬里加投,中幅子,243
萬里區,中幅,,1247,萬里區,中萬里加投,中幅子,242
萬里區,中幅,,1248,萬里區,中萬里加投,中幅子,69-11
萬里區,中幅,,1249,萬里區,中萬里加投,中幅子,69-10
萬里區,中幅,,125,萬里區,中萬里加投,龜吼,94-11
萬里區,中幅,,1250,萬里區,中萬里加投,中幅子,69-6
萬里區,中幅,,1251,萬里區,中萬里加投,中幅子,69-4
萬里區,中幅,,1252,萬里區,中萬里加投,中幅子,69-7
萬里區,中幅,,1253,萬里區,中萬里加投,中幅子,69-8
萬里區,中幅,,1254,萬里區,中萬里加投,中幅子,69-9
萬里區,中幅,,1255,萬里區,中萬里加投,中幅子,236
萬里區,中幅,,1256,萬里區,中萬里加投,中幅子,69-5
萬里區,中幅,,1257,萬里區,中萬里加投,中幅子,69-3
萬里區,中幅,,1258,萬里區,中萬里加投,中幅子,237
萬里區,中幅,,1259,萬里區,中萬里加投,中幅子,232
萬里區,中幅,,126,萬里區,中萬里加投,龜吼,94-10
萬里區,中幅,,1260,萬里區,中萬里加投,中幅子,69-1
萬里區,中幅,,1261,萬里區,中萬里加投,中幅子,233
萬里區,中幅,,1262,萬里區,中萬里加投,中幅子,234
萬里區,中幅,,1264,萬里區,中萬里加投,中幅子,69-2
萬里區,中幅,,1265,萬里區,中萬里加投,中幅子,235
萬里區,中幅,,1266,萬里區,中萬里加投,瑪鍊港內,135-1
萬里區,中幅,,1267,萬里區,中萬里加投,瑪鍊港內,135
萬里區,中幅,,1268,萬里區,中萬里加投,龜吼,405-7
萬里區,中幅,,1269,萬里區,中萬里加投,龜吼,405-5
萬里區,中幅,,127,萬里區,中萬里加投,龜吼,94-27
萬里區,中幅,,1270,萬里區,中萬里加投,龜吼,405
萬里區,中幅,,1271,萬里區,中萬里加投,龜吼,405-6
萬里區,中幅,,1272,萬里區,中萬里加投,龜吼,405-2
萬里區,中幅,,1273,萬里區,中萬里加投,龜吼,404-1
萬里區,中幅,,1274,萬里區,中萬里加投,大湖,1-40
萬里區,中幅,,1275,萬里區,中萬里加投,大湖,1-39
萬里區,中幅,,1276,萬里區,中萬里加投,大湖,1-24
萬里區,中幅,,1277,萬里區,中萬里加投,大湖,1-113
萬里區,中幅,,1278,萬里區,中萬里加投,大湖,1-25
萬里區,中幅,,1279,萬里區,中萬里加投,大湖,1-26
萬里區,中幅,,128,萬里區,中萬里加投,龜吼,94-4
萬里區,中幅,,1280,萬里區,中萬里加投,大湖,1-27
萬里區,中幅,,1281,萬里區,中萬里加投,大湖,1-8
萬里區,中幅,,1282,萬里區,中萬里加投,瑪鍊港內,133-2
萬里區,中幅,,1283,萬里區,中萬里加投,瑪鍊港內,133-3
萬里區,中幅,,1284,萬里區,中萬里加投,瑪鍊港內,133-4
萬里區,中幅,,1285,萬里區,中萬里加投,瑪鍊港內,133-5
萬里區,中幅,,1286,萬里區,中萬里加投,瑪鍊港內,133-6
萬里區,中幅,,1287,萬里區,中萬里加投,瑪鍊港內,133-9
萬里區,中幅,,1288,萬里區,中萬里加投,瑪鍊港內,133-1
萬里區,中幅,,1289,萬里區,中萬里加投,瑪鍊港內,133-7
萬里區,中幅,,129,萬里區,中萬里加投,龜吼,321-6
萬里區,中幅,,1290,萬里區,中萬里加投,瑪鍊港內,133-8
萬里區,中幅,,1291,萬里區,中萬里加投,瑪鍊港內,133-10
萬里區,中幅,,1292,萬里區,中萬里加投,瑪鍊港內,133-11
萬里區,中幅,,1293,萬里區,中萬里加投,瑪鍊港內,134
萬里區,中幅,,1294,萬里區,中萬里加投,瑪鍊港內,133-12
萬里區,中幅,,1295,萬里區,中萬里加投,瑪鍊港內,133
萬里區,中幅,,1296,萬里區,中萬里加投,龜吼,405-1
萬里區,中幅,,1297,萬里區,中萬里加投,龜吼,405-4
萬里區,中幅,,1298,萬里區,中萬里加投,龜吼,405-3
萬里區,中幅,,1299,萬里區,中萬里加投,大湖,1-83
萬里區,中幅,,13,萬里區,中萬里加投,龜吼,317-106
萬里區,中幅,,130,萬里區,中萬里加投,龜吼,322-13
萬里區,中幅,,1300,萬里區,中萬里加投,大湖,1-103
萬里區,中幅,,1301,萬里區,中萬里加投,大湖,1-104
萬里區,中幅,,1302,萬里區,中萬里加投,大湖,1-105
萬里區,中幅,,1303,萬里區,中萬里加投,大湖,1-72
萬里區,中幅,,1304,萬里區,中萬里加投,大湖,1-73
萬里區,中幅,,1305,萬里區,中萬里加投,大湖,1-106
萬里區,中幅,,1306,萬里區,中萬里加投,大湖,1-58
萬里區,中幅,,1307,萬里區,中萬里加投,大湖,1-59
萬里區,中幅,,1308,萬里區,中萬里加投,大湖,1-88
萬里區,中幅,,1309,萬里區,中萬里加投,大湖,1-82
萬里區,中幅,,131,萬里區,中萬里加投,龜吼,95-76
萬里區,中幅,,1310,萬里區,中萬里加投,大湖,1-102
萬里區,中幅,,1311,萬里區,中萬里加投,大湖,1-111
萬里區,中幅,,1312,萬里區,中萬里加投,大湖,1-110
萬里區,中幅,,1313,萬里區,中萬里加投,大湖,1-109
萬里區,中幅,,1314,萬里區,中萬里加投,大湖,1-108
萬里區,中幅,,1315,萬里區,中萬里加投,大湖,1-107
萬里區,中幅,,1316,萬里區,中萬里加投,大湖,1-89
萬里區,中幅,,1317,萬里區,中萬里加投,大湖,1-81
萬里區,中幅,,1318,萬里區,中萬里加投,大湖,1-80
萬里區,中幅,,1319,萬里區,中萬里加投,大湖,1-79
萬里區,中幅,,132,萬里區,中萬里加投,龜吼,95-49
萬里區,中幅,,1320,萬里區,中萬里加投,大湖,1-101
萬里區,中幅,,1321,萬里區,中萬里加投,大湖,1-100
萬里區,中幅,,1322,萬里區,中萬里加投,大湖,1-99
萬里區,中幅,,1323,萬里區,中萬里加投,大湖,1-98
萬里區,中幅,,1324,萬里區,中萬里加投,大湖,1-77
萬里區,中幅,,1325,萬里區,中萬里加投,大湖,1-78
萬里區,中幅,,1326,萬里區,中萬里加投,大湖,1-47
萬里區,中幅,,1327,萬里區,中萬里加投,大湖,1-74
萬里區,中幅,,1328,萬里區,中萬里加投,大湖,1-112
萬里區,中幅,,1329,萬里區,中萬里加投,大湖,1-90
萬里區,中幅,,133,萬里區,中萬里加投,龜吼,95-15
萬里區,中幅,,1330,萬里區,中萬里加投,大湖,1-91
萬里區,中幅,,1331,萬里區,中萬里加投,大湖,3-4
萬里區,中幅,,1332,萬里區,中萬里加投,大湖,3-5
萬里區,中幅,,1333,萬里區,中萬里加投,大湖,3-7
萬里區,中幅,,1334,萬里區,中萬里加投,大湖,1
萬里區,中幅,,1335,萬里區,中萬里加投,大湖,1-56
萬里區,中幅,,1336,萬里區,中萬里加投,大湖,1-115
萬里區,中幅,,1337,萬里區,中萬里加投,大湖,1-86
萬里區,中幅,,1338,萬里區,中萬里加投,大湖,1-71
萬里區,中幅,,1339,萬里區,中萬里加投,大湖,1-1
萬里區,中幅,,134,萬里區,中萬里加投,龜吼,95-35
萬里區,中幅,,1340,萬里區,中萬里加投,大湖,1-67
萬里區,中幅,,1341,萬里區,中萬里加投,大湖,1-54
萬里區,中幅,,1342,萬里區,中萬里加投,大湖,1-53
萬里區,中幅,,1343,萬里區,中萬里加投,大湖,1-52
萬里區,中幅,,1344,萬里區,中萬里加投,大湖,1-68
萬里區,中幅,,1345,萬里區,中萬里加投,大湖,1-96
萬里區,中幅,,1346,萬里區,中萬里加投,大湖,1-95
萬里區,中幅,,1347,萬里區,中萬里加投,大湖,1-94
萬里區,中幅,,1348,萬里區,中萬里加投,大湖,3-3
萬里區,中幅,,1349,萬里區,中萬里加投,大湖,3
萬里區,中幅,,135,萬里區,中萬里加投,龜吼,95-36
萬里區,中幅,,1350,萬里區,中萬里加投,大湖,1-5
萬里區,中幅,,1351,萬里區,中萬里加投,大湖,1-6
萬里區,中幅,,1352,萬里區,中萬里加投,大湖,1-116
萬里區,中幅,,1353,萬里區,中萬里加投,大湖,1-7
萬里區,中幅,,1354,萬里區,中萬里加投,大湖,1-29
萬里區,中幅,,1355,萬里區,中萬里加投,大湖,1-9
萬里區,中幅,,1356,萬里區,中萬里加投,大湖,1-12
萬里區,中幅,,1357,萬里區,中萬里加投,大湖,1-30
萬里區,中幅,,1358,萬里區,中萬里加投,大湖,1-11
萬里區,中幅,,1359,萬里區,中萬里加投,大湖,1-14
萬里區,中幅,,136,萬里區,中萬里加投,龜吼,93-11
萬里區,中幅,,1360,萬里區,中萬里加投,大湖,1-15
萬里區,中幅,,1361,萬里區,中萬里加投,大湖,1-33
萬里區,中幅,,1362,萬里區,中萬里加投,大湖,1-31
萬里區,中幅,,1363,萬里區,中萬里加投,大湖,1-32
萬里區,中幅,,1364,萬里區,中萬里加投,大湖,1-10
萬里區,中幅,,1366,萬里區,中萬里加投,大湖,20
萬里區,中幅,,1367,萬里區,中萬里加投,大湖,1-17
萬里區,中幅,,1368,萬里區,中萬里加投,大湖,1-16
萬里區,中幅,,1369,萬里區,中萬里加投,大湖,1-34
萬里區,中幅,,137,萬里區,中萬里加投,龜吼,95-38
萬里區,中幅,,1370,萬里區,中萬里加投,大湖,16
萬里區,中幅,,1371,萬里區,中萬里加投,大湖,16-1
萬里區,中幅,,1372,萬里區,中萬里加投,大湖,44-4
萬里區,中幅,,1373,萬里區,中萬里加投,大湖,1-28
萬里區,中幅,,1374,萬里區,中萬里加投,大湖,49-5
萬里區,中幅,,1375,萬里區,中萬里加投,大湖,49-3
萬里區,中幅,,1376,萬里區,中萬里加投,大湖,49-1
萬里區,中幅,,1377,萬里區,中萬里加投,大湖,49-2
萬里區,中幅,,1378,萬里區,中萬里加投,大湖,49-4
萬里區,中幅,,1379,萬里區,中萬里加投,大湖,49
萬里區,中幅,,138,萬里區,中萬里加投,龜吼,93-13
萬里區,中幅,,1380,萬里區,中萬里加投,大湖,44-3
萬里區,中幅,,1381,萬里區,中萬里加投,大湖,44-2
萬里區,中幅,,1382,萬里區,中萬里加投,大湖,44-1
萬里區,中幅,,1383,萬里區,中萬里加投,大湖,42-1
萬里區,中幅,,1384,萬里區,中萬里加投,大湖,42
萬里區,中幅,,1385,萬里區,中萬里加投,大湖,43
萬里區,中幅,,1386,萬里區,中萬里加投,大湖,44-5
萬里區,中幅,,1387,萬里區,中萬里加投,大湖,44
萬里區,中幅,,1388,萬里區,中萬里加投,大湖,47
萬里區,中幅,,1389,萬里區,中萬里加投,大湖,48
萬里區,中幅,,139,萬里區,中萬里加投,龜吼,94-7
萬里區,中幅,,1390,萬里區,中萬里加投,大湖,47-1
萬里區,中幅,,1391,萬里區,中萬里加投,大湖,18
萬里區,中幅,,1393,萬里區,中萬里加投,大湖,40
萬里區,中幅,,1394,萬里區,中萬里加投,大湖,41
萬里區,中幅,,1395,萬里區,中萬里加投,大湖,45
萬里區,中幅,,1396,萬里區,中萬里加投,大湖,38
萬里區,中幅,,1397,萬里區,中萬里加投,大湖,45-1
萬里區,中幅,,1398,萬里區,中萬里加投,大湖,46
萬里區,中幅,,14,萬里區,中萬里加投,龜吼,317-49
萬里區,中幅,,140,萬里區,中萬里加投,龜吼,95-41
萬里區,中幅,,1400,萬里區,中萬里加投,大湖,39
萬里區,中幅,,1401,萬里區,中萬里加投,大湖,37-1
萬里區,中幅,,1402,萬里區,中萬里加投,大湖,36-1
萬里區,中幅,,1404,萬里區,中萬里加投,大湖,1-22
萬里區,中幅,,1405,萬里區,中萬里加投,大湖,1-23
萬里區,中幅,,1406,萬里區,中萬里加投,大湖,3-8
萬里區,中幅,,1407,萬里區,中萬里加投,大湖,3-2
萬里區,中幅,,1408,萬里區,中萬里加投,大湖,3-9
萬里區,中幅,,1409,萬里區,中萬里加投,大湖,3-1
萬里區,中幅,,141,萬里區,中萬里加投,龜吼,93-16
萬里區,中幅,,1410,萬里區,中萬里加投,大湖,3-13
萬里區,中幅,,1411,萬里區,中萬里加投,大湖,3-14
萬里區,中幅,,1412,萬里區,中萬里加投,大湖,3-15
萬里區,中幅,,1413,萬里區,中萬里加投,大湖,6-2
萬里區,中幅,,1414,萬里區,中萬里加投,大湖,8-5
萬里區,中幅,,1415,萬里區,中萬里加投,大湖,8-4
萬里區,中幅,,1416,萬里區,中萬里加投,大湖,8-3
萬里區,中幅,,1417,萬里區,中萬里加投,大湖,8-2
萬里區,中幅,,1418,萬里區,中萬里加投,大湖,6-1
萬里區,中幅,,1419,萬里區,中萬里加投,大湖,6
萬里區,中幅,,142,萬里區,中萬里加投,龜吼,94-9
萬里區,中幅,,1420,萬里區,中萬里加投,大湖,6-3
萬里區,中幅,,1421,萬里區,中萬里加投,大湖,5
萬里區,中幅,,1422,萬里區,中萬里加投,大湖,54
萬里區,中幅,,1423,萬里區,中萬里加投,大湖,4
萬里區,中幅,,1424,萬里區,中萬里加投,大湖,4-7
萬里區,中幅,,1425,萬里區,中萬里加投,大湖,3-10
萬里區,中幅,,1426,萬里區,中萬里加投,大湖,4-2
萬里區,中幅,,1427,萬里區,中萬里加投,大湖,4-3
萬里區,中幅,,1428,萬里區,中萬里加投,大湖,4-6
萬里區,中幅,,1429,萬里區,中萬里加投,大湖,4-5
萬里區,中幅,,143,萬里區,中萬里加投,龜吼,95-42
萬里區,中幅,,1430,萬里區,中萬里加投,大湖,1-19
萬里區,中幅,,1431,萬里區,中萬里加投,大湖,1-20
萬里區,中幅,,1432,萬里區,中萬里加投,大湖,4-8
萬里區,中幅,,1433,萬里區,中萬里加投,大湖,1-18
萬里區,中幅,,1434,萬里區,中萬里加投,大湖,15
萬里區,中幅,,1435,萬里區,中萬里加投,大湖,12-6
萬里區,中幅,,1436,萬里區,中萬里加投,大湖,12-5
萬里區,中幅,,1437,萬里區,中萬里加投,大湖,12-4
萬里區,中幅,,1438,萬里區,中萬里加投,大湖,12-7
萬里區,中幅,,1439,萬里區,中萬里加投,大湖,12-3
萬里區,中幅,,1440,萬里區,中萬里加投,大湖,12-2
萬里區,中幅,,1441,萬里區,中萬里加投,大湖,17
萬里區,中幅,,1443,萬里區,中萬里加投,大湖,19
萬里區,中幅,,1445,萬里區,中萬里加投,大湖,21
萬里區,中幅,,1446,萬里區,中萬里加投,大湖,21-1
萬里區,中幅,,1447,萬里區,中萬里加投,大湖,14
萬里區,中幅,,1448,萬里區,中萬里加投,大湖,8-11
萬里區,中幅,,1449,萬里區,中萬里加投,大湖,13
萬里區,中幅,,145,萬里區,中萬里加投,龜吼,281-1
萬里區,中幅,,1450,萬里區,中萬里加投,大湖,21-2
萬里區,中幅,,1452,萬里區,中萬里加投,大湖,13-1
萬里區,中幅,,1453,萬里區,中萬里加投,大湖,7-1
萬里區,中幅,,1454,萬里區,中萬里加投,大湖,7
萬里區,中幅,,1455,萬里區,中萬里加投,大湖,12-1
萬里區,中幅,,1456,萬里區,中萬里加投,大湖,12
萬里區,中幅,,1457,萬里區,中萬里加投,大湖,12-8
萬里區,中幅,,1458,萬里區,中萬里加投,大湖,12-9
萬里區,中幅,,1459,萬里區,中萬里加投,大湖,13-3
萬里區,中幅,,146,萬里區,中萬里加投,龜吼,93-17
萬里區,中幅,,1461,萬里區,中萬里加投,大湖,10
萬里區,中幅,,1462,萬里區,中萬里加投,大湖,11
萬里區,中幅,,1463,萬里區,中萬里加投,大湖,8
萬里區,中幅,,1464,萬里區,中萬里加投,大湖,8-6
萬里區,中幅,,1465,萬里區,中萬里加投,大湖,9-2
萬里區,中幅,,1466,萬里區,中萬里加投,大湖,9-1
萬里區,中幅,,1468,萬里區,中萬里加投,大湖,8-1
萬里區,中幅,,1469,萬里區,中萬里加投,大湖,9
萬里區,中幅,,147,萬里區,中萬里加投,龜吼,95-43
萬里區,中幅,,1470,萬里區,中萬里加投,大湖,8-10
萬里區,中幅,,1471,萬里區,中萬里加投,大湖,8-7
萬里區,中幅,,1472,萬里區,中萬里加投,大湖,8-8
萬里區,中幅,,1473,萬里區,中萬里加投,大湖,8-9
萬里區,中幅,,1474,萬里區,中萬里加投,大湖,13-2
萬里區,中幅,,148,萬里區,中萬里加投,龜吼,95-74
萬里區,中幅,,149,萬里區,中萬里加投,龜吼,95-44
萬里區,中幅,,15,萬里區,中萬里加投,龜吼,317-44
萬里區,中幅,,150,萬里區,中萬里加投,龜吼,95-50
萬里區,中幅,,151,萬里區,中萬里加投,龜吼,95-75
萬里區,中幅,,152,萬里區,中萬里加投,龜吼,95-14
萬里區,中幅,,153,萬里區,中萬里加投,龜吼,95-37
萬里區,中幅,,154,萬里區,中萬里加投,龜吼,95-72
萬里區,中幅,,155,萬里區,中萬里加投,龜吼,95-73
萬里區,中幅,,156,萬里區,中萬里加投,龜吼,95-71
萬里區,中幅,,157,萬里區,中萬里加投,龜吼,95-12
萬里區,中幅,,158,萬里區,中萬里加投,龜吼,95
萬里區,中幅,,159,萬里區,中萬里加投,龜吼,95-2
萬里區,中幅,,16,萬里區,中萬里加投,龜吼,317-113
萬里區,中幅,,160,萬里區,中萬里加投,龜吼,95-70
萬里區,中幅,,161,萬里區,中萬里加投,龜吼,95-55
萬里區,中幅,,162,萬里區,中萬里加投,龜吼,95-11
萬里區,中幅,,163,萬里區,中萬里加投,龜吼,95-10
萬里區,中幅,,164,萬里區,中萬里加投,龜吼,95-3
萬里區,中幅,,165,萬里區,中萬里加投,龜吼,95-4
萬里區,中幅,,166,萬里區,中萬里加投,龜吼,95-16
萬里區,中幅,,167,萬里區,中萬里加投,龜吼,95-17
萬里區,中幅,,168,萬里區,中萬里加投,龜吼,95-51
萬里區,中幅,,169,萬里區,中萬里加投,龜吼,95-24
萬里區,中幅,,17,萬里區,中萬里加投,龜吼,317-107
萬里區,中幅,,170,萬里區,中萬里加投,龜吼,95-23
萬里區,中幅,,171,萬里區,中萬里加投,龜吼,95-22
萬里區,中幅,,172,萬里區,中萬里加投,龜吼,95-21
萬里區,中幅,,173,萬里區,中萬里加投,龜吼,95-20
萬里區,中幅,,174,萬里區,中萬里加投,龜吼,95-19
萬里區,中幅,,175,萬里區,中萬里加投,龜吼,95-66
萬里區,中幅,,176,萬里區,中萬里加投,龜吼,95-18
萬里區,中幅,,177,萬里區,中萬里加投,龜吼,95-26
萬里區,中幅,,178,萬里區,中萬里加投,龜吼,95-27
萬里區,中幅,,179,萬里區,中萬里加投,龜吼,95-5
萬里區,中幅,,18,萬里區,中萬里加投,龜吼,317-9
萬里區,中幅,,180,萬里區,中萬里加投,龜吼,95-28
萬里區,中幅,,181,萬里區,中萬里加投,龜吼,95-13
萬里區,中幅,,182,萬里區,中萬里加投,龜吼,95-60
萬里區,中幅,,183,萬里區,中萬里加投,龜吼,95-29
萬里區,中幅,,184,萬里區,中萬里加投,龜吼,95-30
萬里區,中幅,,185,萬里區,中萬里加投,龜吼,95-31
萬里區,中幅,,186,萬里區,中萬里加投,龜吼,95-65
萬里區,中幅,,187,萬里區,中萬里加投,龜吼,95-67
萬里區,中幅,,188,萬里區,中萬里加投,龜吼,95-68
萬里區,中幅,,189,萬里區,中萬里加投,龜吼,95-69
萬里區,中幅,,19,萬里區,中萬里加投,龜吼,317-23
萬里區,中幅,,190,萬里區,中萬里加投,龜吼,95-25
萬里區,中幅,,191,萬里區,中萬里加投,龜吼,95-9
萬里區,中幅,,192,萬里區,中萬里加投,龜吼,95-52
萬里區,中幅,,193,萬里區,中萬里加投,龜吼,95-33
萬里區,中幅,,194,萬里區,中萬里加投,龜吼,95-56
萬里區,中幅,,195,萬里區,中萬里加投,龜吼,95-57
萬里區,中幅,,196,萬里區,中萬里加投,龜吼,95-58
萬里區,中幅,,197,萬里區,中萬里加投,龜吼,95-45
萬里區,中幅,,198,萬里區,中萬里加投,龜吼,95-79
萬里區,中幅,,199,萬里區,中萬里加投,龜吼,95-80
萬里區,中幅,,2,萬里區,中萬里加投,龜吼,17-2
萬里區,中幅,,20,萬里區,中萬里加投,龜吼,317-108
萬里區,中幅,,200,萬里區,中萬里加投,龜吼,95-63
萬里區,中幅,,201,萬里區,中萬里加投,龜吼,95-6
萬里區,中幅,,202,萬里區,中萬里加投,龜吼,95-32
萬里區,中幅,,203,萬里區,中萬里加投,龜吼,95-53
萬里區,中幅,,204,萬里區,中萬里加投,龜吼,95-7
萬里區,中幅,,205,萬里區,中萬里加投,龜吼,95-46
萬里區,中幅,,206,萬里區,中萬里加投,龜吼,95-47
萬里區,中幅,,207,萬里區,中萬里加投,龜吼,95-48
萬里區,中幅,,208,萬里區,中萬里加投,龜吼,95-62
萬里區,中幅,,209,萬里區,中萬里加投,龜吼,95-61
萬里區,中幅,,21,萬里區,中萬里加投,龜吼,317-97
萬里區,中幅,,210,萬里區,中萬里加投,龜吼,95-78
萬里區,中幅,,211,萬里區,中萬里加投,龜吼,95-64
萬里區,中幅,,212,萬里區,中萬里加投,龜吼,97
萬里區,中幅,,213,萬里區,中萬里加投,龜吼,386
萬里區,中幅,,214,萬里區,中萬里加投,龜吼,322-32
萬里區,中幅,,215,萬里區,中萬里加投,龜吼,323-6
萬里區,中幅,,216,萬里區,中萬里加投,龜吼,323-7
萬里區,中幅,,217,萬里區,中萬里加投,龜吼,323-8
萬里區,中幅,,218,萬里區,中萬里加投,龜吼,323-5
萬里區,中幅,,219,萬里區,中萬里加投,龜吼,323
萬里區,中幅,,22,萬里區,中萬里加投,龜吼,317-22
萬里區,中幅,,220,萬里區,中萬里加投,龜吼,323-3
萬里區,中幅,,221,萬里區,中萬里加投,龜吼,323-4
萬里區,中幅,,222,萬里區,中萬里加投,龜吼,325
萬里區,中幅,,223,萬里區,中萬里加投,龜吼,325-11
萬里區,中幅,,224,萬里區,中萬里加投,龜吼,324-4
萬里區,中幅,,225,萬里區,中萬里加投,龜吼,329-7
萬里區,中幅,,226,萬里區,中萬里加投,龜吼,329-11
萬里區,中幅,,227,萬里區,中萬里加投,龜吼,325-12
萬里區,中幅,,228,萬里區,中萬里加投,龜吼,136-16
萬里區,中幅,,229,萬里區,中萬里加投,龜吼,136-13
萬里區,中幅,,23,萬里區,中萬里加投,龜吼,317-33
萬里區,中幅,,230,萬里區,中萬里加投,龜吼,408-6
萬里區,中幅,,231,萬里區,中萬里加投,龜吼,408
萬里區,中幅,,232,萬里區,中萬里加投,龜吼,325-17
萬里區,中幅,,233,萬里區,中萬里加投,龜吼,325-16
萬里區,中幅,,234,萬里區,中萬里加投,龜吼,325-15
萬里區,中幅,,235,萬里區,中萬里加投,龜吼,325-21
萬里區,中幅,,236,萬里區,中萬里加投,龜吼,325-20
萬里區,中幅,,237,萬里區,中萬里加投,龜吼,325-13
萬里區,中幅,,238,萬里區,中萬里加投,龜吼,329-12
萬里區,中幅,,239,萬里區,中萬里加投,龜吼,325-19
萬里區,中幅,,24,萬里區,中萬里加投,龜吼,317-34
萬里區,中幅,,240,萬里區,中萬里加投,龜吼,329-14
萬里區,中幅,,241,萬里區,中萬里加投,龜吼,329-13
萬里區,中幅,,242,萬里區,中萬里加投,龜吼,322-15
萬里區,中幅,,243,萬里區,中萬里加投,龜吼,136-12
萬里區,中幅,,244,萬里區,中萬里加投,龜吼,292-42
萬里區,中幅,,246,萬里區,中萬里加投,龜吼,292-12
萬里區,中幅,,247,萬里區,中萬里加投,龜吼,292-15
萬里區,中幅,,248,萬里區,中萬里加投,龜吼,322-19
萬里區,中幅,,249,萬里區,中萬里加投,龜吼,407-9
萬里區,中幅,,25,萬里區,中萬里加投,龜吼,317-35
萬里區,中幅,,250,萬里區,中萬里加投,龜吼,292
萬里區,中幅,,251,萬里區,中萬里加投,龜吼,136
萬里區,中幅,,252,萬里區,中萬里加投,龜吼,134-7
萬里區,中幅,,253,萬里區,中萬里加投,龜吼,136-26
萬里區,中幅,,254,萬里區,中萬里加投,龜吼,136-22
萬里區,中幅,,255,萬里區,中萬里加投,龜吼,136-25
萬里區,中幅,,256,萬里區,中萬里加投,龜吼,407-6
萬里區,中幅,,257,萬里區,中萬里加投,龜吼,136-20
萬里區,中幅,,258,萬里區,中萬里加投,龜吼,136-24
萬里區,中幅,,259,萬里區,中萬里加投,龜吼,136-1
萬里區,中幅,,26,萬里區,中萬里加投,龜吼,317-36
萬里區,中幅,,260,萬里區,中萬里加投,龜吼,136-45
萬里區,中幅,,261,萬里區,中萬里加投,龜吼,136-33
萬里區,中幅,,262,萬里區,中萬里加投,龜吼,136-6
萬里區,中幅,,263,萬里區,中萬里加投,龜吼,136-34
萬里區,中幅,,264,萬里區,中萬里加投,龜吼,324-7
萬里區,中幅,,265,萬里區,中萬里加投,龜吼,408-5
萬里區,中幅,,266,萬里區,中萬里加投,龜吼,324-8
萬里區,中幅,,267,萬里區,中萬里加投,龜吼,136-35
萬里區,中幅,,268,萬里區,中萬里加投,龜吼,324-6
萬里區,中幅,,269,萬里區,中萬里加投,龜吼,136-37
萬里區,中幅,,27,萬里區,中萬里加投,龜吼,317-30
萬里區,中幅,,270,萬里區,中萬里加投,龜吼,136-44
萬里區,中幅,,271,萬里區,中萬里加投,龜吼,136-38
萬里區,中幅,,272,萬里區,中萬里加投,龜吼,325-8
萬里區,中幅,,273,萬里區,中萬里加投,龜吼,325-18
萬里區,中幅,,274,萬里區,中萬里加投,龜吼,325-4
萬里區,中幅,,275,萬里區,中萬里加投,龜吼,325-7
萬里區,中幅,,276,萬里區,中萬里加投,龜吼,325-6
萬里區,中幅,,277,萬里區,中萬里加投,龜吼,291-18
萬里區,中幅,,278,萬里區,中萬里加投,龜吼,136-36
萬里區,中幅,,279,萬里區,中萬里加投,龜吼,138-1
萬里區,中幅,,28,萬里區,中萬里加投,龜吼,317-31
萬里區,中幅,,280,萬里區,中萬里加投,龜吼,137
萬里區,中幅,,281,萬里區,中萬里加投,龜吼,136-17
萬里區,中幅,,282,萬里區,中萬里加投,龜吼,407
萬里區,中幅,,283,萬里區,中萬里加投,龜吼,134-5
萬里區,中幅,,284,萬里區,中萬里加投,龜吼,292-41
萬里區,中幅,,285,萬里區,中萬里加投,龜吼,291-26
萬里區,中幅,,286,萬里區,中萬里加投,龜吼,134-2
萬里區,中幅,,287,萬里區,中萬里加投,龜吼,291-28
萬里區,中幅,,288,萬里區,中萬里加投,龜吼,291-25
萬里區,中幅,,289,萬里區,中萬里加投,龜吼,291-27
萬里區,中幅,,29,萬里區,中萬里加投,龜吼,317-32
萬里區,中幅,,290,萬里區,中萬里加投,龜吼,407-8
萬里區,中幅,,291,萬里區,中萬里加投,龜吼,134-8
萬里區,中幅,,292,萬里區,中萬里加投,龜吼,407-7
萬里區,中幅,,293,萬里區,中萬里加投,龜吼,291-6
萬里區,中幅,,294,萬里區,中萬里加投,龜吼,291
萬里區,中幅,,295,萬里區,中萬里加投,龜吼,139
萬里區,中幅,,296,萬里區,中萬里加投,龜吼,291-12
萬里區,中幅,,297,萬里區,中萬里加投,龜吼,292-34
萬里區,中幅,,298,萬里區,中萬里加投,龜吼,138-50
萬里區,中幅,,299,萬里區,中萬里加投,龜吼,291-13
萬里區,中幅,,3,萬里區,中萬里加投,龜吼,316-2
萬里區,中幅,,30,萬里區,中萬里加投,龜吼,317-96
萬里區,中幅,,300,萬里區,中萬里加投,龜吼,134-3
萬里區,中幅,,301,萬里區,中萬里加投,龜吼,136-43
萬里區,中幅,,302,萬里區,中萬里加投,龜吼,135-2
萬里區,中幅,,303,萬里區,中萬里加投,龜吼,135-1
萬里區,中幅,,304,萬里區,中萬里加投,龜吼,135
萬里區,中幅,,305,萬里區,中萬里加投,龜吼,136-40
萬里區,中幅,,306,萬里區,中萬里加投,龜吼,291-24
萬里區,中幅,,307,萬里區,中萬里加投,龜吼,325-5
萬里區,中幅,,308,萬里區,中萬里加投,龜吼,409-1
萬里區,中幅,,309,萬里區,中萬里加投,龜吼,291-21
萬里區,中幅,,31,萬里區,中萬里加投,龜吼,317-15
萬里區,中幅,,310,萬里區,中萬里加投,龜吼,138-27
萬里區,中幅,,311,萬里區,中萬里加投,龜吼,138-28
萬里區,中幅,,312,萬里區,中萬里加投,龜吼,138-2
萬里區,中幅,,313,萬里區,中萬里加投,龜吼,137-1
萬里區,中幅,,314,萬里區,中萬里加投,龜吼,138-23
萬里區,中幅,,315,萬里區,中萬里加投,龜吼,136-41
萬里區,中幅,,316,萬里區,中萬里加投,龜吼,291-22
萬里區,中幅,,317,萬里區,中萬里加投,龜吼,138-29
萬里區,中幅,,318,萬里區,中萬里加投,龜吼,138-3
萬里區,中幅,,319,萬里區,中萬里加投,龜吼,138-22
萬里區,中幅,,32,萬里區,中萬里加投,龜吼,317-16
萬里區,中幅,,320,萬里區,中萬里加投,龜吼,138-21
萬里區,中幅,,321,萬里區,中萬里加投,龜吼,138-4
萬里區,中幅,,322,萬里區,中萬里加投,龜吼,138-20
萬里區,中幅,,323,萬里區,中萬里加投,龜吼,136-42
萬里區,中幅,,324,萬里區,中萬里加投,龜吼,291-23
萬里區,中幅,,325,萬里區,中萬里加投,龜吼,138-41
萬里區,中幅,,326,萬里區,中萬里加投,龜吼,138-49
萬里區,中幅,,327,萬里區,中萬里加投,龜吼,138-42
萬里區,中幅,,328,萬里區,中萬里加投,龜吼,138-43
萬里區,中幅,,329,萬里區,中萬里加投,龜吼,138-44
萬里區,中幅,,33,萬里區,中萬里加投,龜吼,317-17
萬里區,中幅,,330,萬里區,中萬里加投,龜吼,138-67
萬里區,中幅,,331,萬里區,中萬里加投,龜吼,138-48
萬里區,中幅,,332,萬里區,中萬里加投,龜吼,138-45
萬里區,中幅,,333,萬里區,中萬里加投,龜吼,138-46
萬里區,中幅,,334,萬里區,中萬里加投,龜吼,145
萬里區,中幅,,335,萬里區,中萬里加投,龜吼,138-47
萬里區,中幅,,336,萬里區,中萬里加投,龜吼,145-3
萬里區,中幅,,337,萬里區,中萬里加投,龜吼,138-34
萬里區,中幅,,338,萬里區,中萬里加投,龜吼,146-7
萬里區,中幅,,339,萬里區,中萬里加投,龜吼,146-12
萬里區,中幅,,34,萬里區,中萬里加投,龜吼,317-18
萬里區,中幅,,340,萬里區,中萬里加投,龜吼,146-16
萬里區,中幅,,341,萬里區,中萬里加投,龜吼,146-1
萬里區,中幅,,342,萬里區,中萬里加投,龜吼,326-22
萬里區,中幅,,343,萬里區,中萬里加投,龜吼,138-33
萬里區,中幅,,344,萬里區,中萬里加投,龜吼,146-5
萬里區,中幅,,346,萬里區,中萬里加投,龜吼,146-6
萬里區,中幅,,347,萬里區,中萬里加投,龜吼,138-35
萬里區,中幅,,348,萬里區,中萬里加投,龜吼,145-4
萬里區,中幅,,349,萬里區,中萬里加投,龜吼,145-2
萬里區,中幅,,35,萬里區,中萬里加投,龜吼,317-19
萬里區,中幅,,350,萬里區,中萬里加投,龜吼,138-36
萬里區,中幅,,351,萬里區,中萬里加投,龜吼,144-3
萬里區,中幅,,352,萬里區,中萬里加投,龜吼,138-37
萬里區,中幅,,353,萬里區,中萬里加投,龜吼,144
萬里區,中幅,,354,萬里區,中萬里加投,龜吼,138-39
萬里區,中幅,,355,萬里區,中萬里加投,龜吼,138-40
萬里區,中幅,,356,萬里區,中萬里加投,龜吼,138-30
萬里區,中幅,,357,萬里區,中萬里加投,龜吼,144-2
萬里區,中幅,,358,萬里區,中萬里加投,龜吼,138-31
萬里區,中幅,,359,萬里區,中萬里加投,龜吼,146-3
萬里區,中幅,,36,萬里區,中萬里加投,龜吼,320-21
萬里區,中幅,,360,萬里區,中萬里加投,龜吼,138-32
萬里區,中幅,,361,萬里區,中萬里加投,龜吼,138-7
萬里區,中幅,,362,萬里區,中萬里加投,龜吼,325-9
萬里區,中幅,,363,萬里區,中萬里加投,龜吼,325-10
萬里區,中幅,,364,萬里區,中萬里加投,龜吼,138-8
萬里區,中幅,,365,萬里區,中萬里加投,龜吼,138-9
萬里區,中幅,,366,萬里區,中萬里加投,龜吼,138-5
萬里區,中幅,,367,萬里區,中萬里加投,龜吼,138-6
萬里區,中幅,,368,萬里區,中萬里加投,龜吼,138-10
萬里區,中幅,,369,萬里區,中萬里加投,龜吼,138-71
萬里區,中幅,,37,萬里區,中萬里加投,龜吼,320-34
萬里區,中幅,,370,萬里區,中萬里加投,龜吼,138-69
萬里區,中幅,,371,萬里區,中萬里加投,龜吼,138-11
萬里區,中幅,,372,萬里區,中萬里加投,龜吼,326-15
萬里區,中幅,,373,萬里區,中萬里加投,龜吼,138-19
萬里區,中幅,,374,萬里區,中萬里加投,龜吼,138-18
萬里區,中幅,,375,萬里區,中萬里加投,龜吼,138-17
萬里區,中幅,,376,萬里區,中萬里加投,龜吼,138-16
萬里區,中幅,,377,萬里區,中萬里加投,龜吼,146
萬里區,中幅,,378,萬里區,中萬里加投,龜吼,146-2
萬里區,中幅,,379,萬里區,中萬里加投,龜吼,138-15
萬里區,中幅,,38,萬里區,中萬里加投,龜吼,320-23
萬里區,中幅,,380,萬里區,中萬里加投,龜吼,138-12
萬里區,中幅,,381,萬里區,中萬里加投,龜吼,138-13
萬里區,中幅,,382,萬里區,中萬里加投,龜吼,138-72
萬里區,中幅,,383,萬里區,中萬里加投,龜吼,138-70
萬里區,中幅,,384,萬里區,中萬里加投,龜吼,138-14
萬里區,中幅,,385,萬里區,中萬里加投,龜吼,146-4
萬里區,中幅,,386,萬里區,中萬里加投,龜吼,326-16
萬里區,中幅,,387,萬里區,中萬里加投,龜吼,326-17
萬里區,中幅,,388,萬里區,中萬里加投,龜吼,326-18
萬里區,中幅,,389,萬里區,中萬里加投,龜吼,326-19
萬里區,中幅,,39,萬里區,中萬里加投,龜吼,320-31
萬里區,中幅,,390,萬里區,中萬里加投,龜吼,327
萬里區,中幅,,391,萬里區,中萬里加投,龜吼,327-1
萬里區,中幅,,392,萬里區,中萬里加投,龜吼,138-66
萬里區,中幅,,393,萬里區,中萬里加投,龜吼,138-65
萬里區,中幅,,394,萬里區,中萬里加投,龜吼,326-20
萬里區,中幅,,395,萬里區,中萬里加投,龜吼,138-64
萬里區,中幅,,396,萬里區,中萬里加投,龜吼,146-13
萬里區,中幅,,397,萬里區,中萬里加投,龜吼,146-15
萬里區,中幅,,398,萬里區,中萬里加投,龜吼,326-21
萬里區,中幅,,399,萬里區,中萬里加投,龜吼,138-63
萬里區,中幅,,4,萬里區,中萬里加投,龜吼,89
萬里區,中幅,,40,萬里區,中萬里加投,龜吼,320-32
萬里區,中幅,,400,萬里區,中萬里加投,龜吼,138-68
萬里區,中幅,,401,萬里區,中萬里加投,龜吼,146-14
萬里區,中幅,,402,萬里區,中萬里加投,龜吼,138-62
萬里區,中幅,,403,萬里區,中萬里加投,龜吼,146-11
萬里區,中幅,,404,萬里區,中萬里加投,龜吼,146-8
萬里區,中幅,,405,萬里區,中萬里加投,龜吼,146-10
萬里區,中幅,,406,萬里區,中萬里加投,龜吼,138-61
萬里區,中幅,,407,萬里區,中萬里加投,龜吼,146-9
萬里區,中幅,,408,萬里區,中萬里加投,龜吼,138-59
萬里區,中幅,,409,萬里區,中萬里加投,龜吼,138-58
萬里區,中幅,,41,萬里區,中萬里加投,龜吼,320-22
萬里區,中幅,,410,萬里區,中萬里加投,龜吼,138-57
萬里區,中幅,,411,萬里區,中萬里加投,龜吼,138-56
萬里區,中幅,,412,萬里區,中萬里加投,龜吼,138-55
萬里區,中幅,,413,萬里區,中萬里加投,龜吼,291-17
萬里區,中幅,,414,萬里區,中萬里加投,龜吼,138-54
萬里區,中幅,,415,萬里區,中萬里加投,龜吼,291-16
萬里區,中幅,,416,萬里區,中萬里加投,龜吼,138-53
萬里區,中幅,,417,萬里區,中萬里加投,龜吼,291-15
萬里區,中幅,,418,萬里區,中萬里加投,龜吼,138-51
萬里區,中幅,,419,萬里區,中萬里加投,龜吼,326-5
萬里區,中幅,,42,萬里區,中萬里加投,龜吼,320-24
萬里區,中幅,,420,萬里區,中萬里加投,龜吼,326-4
萬里區,中幅,,421,萬里區,中萬里加投,龜吼,148-5
萬里區,中幅,,422,萬里區,中萬里加投,龜吼,138-60
萬里區,中幅,,423,萬里區,中萬里加投,龜吼,149
萬里區,中幅,,424,萬里區,中萬里加投,龜吼,148-2
萬里區,中幅,,425,萬里區,中萬里加投,龜吼,138-73
萬里區,中幅,,426,萬里區,中萬里加投,龜吼,148-7
萬里區,中幅,,427,萬里區,中萬里加投,龜吼,148-6
萬里區,中幅,,428,萬里區,中萬里加投,龜吼,335-4
萬里區,中幅,,429,萬里區,中萬里加投,龜吼,148-8
萬里區,中幅,,43,萬里區,中萬里加投,龜吼,320-33
萬里區,中幅,,430,萬里區,中萬里加投,龜吼,335-11
萬里區,中幅,,431,萬里區,中萬里加投,龜吼,161-4
萬里區,中幅,,432,萬里區,中萬里加投,龜吼,161-14
萬里區,中幅,,433,萬里區,中萬里加投,龜吼,162-6
萬里區,中幅,,434,萬里區,中萬里加投,龜吼,161-1
萬里區,中幅,,435,萬里區,中萬里加投,龜吼,161-2
萬里區,中幅,,436,萬里區,中萬里加投,龜吼,335-9
萬里區,中幅,,437,萬里區,中萬里加投,龜吼,150
萬里區,中幅,,438,萬里區,中萬里加投,龜吼,335-8
萬里區,中幅,,439,萬里區,中萬里加投,龜吼,335-7
萬里區,中幅,,440,萬里區,中萬里加投,龜吼,160
萬里區,中幅,,441,萬里區,中萬里加投,龜吼,335-6
萬里區,中幅,,442,萬里區,中萬里加投,龜吼,151
萬里區,中幅,,443,萬里區,中萬里加投,龜吼,335-5
萬里區,中幅,,444,萬里區,中萬里加投,龜吼,335-10
萬里區,中幅,,446,萬里區,中萬里加投,龜吼,336-3
萬里區,中幅,,447,萬里區,中萬里加投,龜吼,161-3
萬里區,中幅,,448,萬里區,中萬里加投,龜吼,161-6
萬里區,中幅,,449,萬里區,中萬里加投,龜吼,161-7
萬里區,中幅,,45,萬里區,中萬里加投,龜吼,320-37
萬里區,中幅,,450,萬里區,中萬里加投,龜吼,162-1
萬里區,中幅,,451,萬里區,中萬里加投,龜吼,338-6
萬里區,中幅,,452,萬里區,中萬里加投,龜吼,336-4
萬里區,中幅,,453,萬里區,中萬里加投,龜吼,339-1
萬里區,中幅,,454,萬里區,中萬里加投,龜吼,339
萬里區,中幅,,455,萬里區,中萬里加投,龜吼,162-15
萬里區,中幅,,456,萬里區,中萬里加投,龜吼,338-9
萬里區,中幅,,457,萬里區,中萬里加投,龜吼,161
萬里區,中幅,,458,萬里區,中萬里加投,龜吼,226-1
萬里區,中幅,,459,萬里區,中萬里加投,龜吼,340
萬里區,中幅,,46,萬里區,中萬里加投,龜吼,320-35
萬里區,中幅,,460,萬里區,中萬里加投,龜吼,342-6
萬里區,中幅,,461,萬里區,中萬里加投,龜吼,342-2
萬里區,中幅,,462,萬里區,中萬里加投,龜吼,341
萬里區,中幅,,463,萬里區,中萬里加投,龜吼,343
萬里區,中幅,,464,萬里區,中萬里加投,龜吼,340-1
萬里區,中幅,,465,萬里區,中萬里加投,龜吼,341-1
萬里區,中幅,,466,萬里區,中萬里加投,龜吼,343-1
萬里區,中幅,,467,萬里區,中萬里加投,龜吼,344-1
萬里區,中幅,,468,萬里區,中萬里加投,龜吼,344
萬里區,中幅,,469,萬里區,中萬里加投,龜吼,344-2
萬里區,中幅,,47,萬里區,中萬里加投,龜吼,320-36
萬里區,中幅,,470,萬里區,中萬里加投,龜吼,346-5
萬里區,中幅,,471,萬里區,中萬里加投,龜吼,346-8
萬里區,中幅,,472,萬里區,中萬里加投,龜吼,346-7
萬里區,中幅,,473,萬里區,中萬里加投,龜吼,346-2
萬里區,中幅,,474,萬里區,中萬里加投,龜吼,354-4
萬里區,中幅,,475,萬里區,中萬里加投,龜吼,354-7
萬里區,中幅,,476,萬里區,中萬里加投,龜吼,354-2
萬里區,中幅,,477,萬里區,中萬里加投,龜吼,354-8
萬里區,中幅,,478,萬里區,中萬里加投,龜吼,177-24
萬里區,中幅,,479,萬里區,中萬里加投,龜吼,355-1
萬里區,中幅,,48,萬里區,中萬里加投,龜吼,320-27
萬里區,中幅,,480,萬里區,中萬里加投,龜吼,293
萬里區,中幅,,481,萬里區,中萬里加投,龜吼,293-1
萬里區,中幅,,482,萬里區,中萬里加投,龜吼,355-2
萬里區,中幅,,483,萬里區,中萬里加投,龜吼,177-23
萬里區,中幅,,484,萬里區,中萬里加投,龜吼,355-3
萬里區,中幅,,485,萬里區,中萬里加投,龜吼,177-14
萬里區,中幅,,486,萬里區,中萬里加投,龜吼,204-41
萬里區,中幅,,487,萬里區,中萬里加投,龜吼,177-30
萬里區,中幅,,488,萬里區,中萬里加投,龜吼,177-25
萬里區,中幅,,489,萬里區,中萬里加投,龜吼,178-6
萬里區,中幅,,49,萬里區,中萬里加投,龜吼,320-26
萬里區,中幅,,490,萬里區,中萬里加投,龜吼,177-4
萬里區,中幅,,491,萬里區,中萬里加投,龜吼,177-3
萬里區,中幅,,492,萬里區,中萬里加投,龜吼,177-7
萬里區,中幅,,493,萬里區,中萬里加投,龜吼,355
萬里區,中幅,,494,萬里區,中萬里加投,龜吼,353
萬里區,中幅,,495,萬里區,中萬里加投,龜吼,353-1
萬里區,中幅,,496,萬里區,中萬里加投,龜吼,211
萬里區,中幅,,497,萬里區,中萬里加投,龜吼,352
萬里區,中幅,,498,萬里區,中萬里加投,龜吼,212
萬里區,中幅,,499,萬里區,中萬里加投,龜吼,351
萬里區,中幅,,5,萬里區,中萬里加投,龜吼,90
萬里區,中幅,,50,萬里區,中萬里加投,龜吼,320-25
萬里區,中幅,,500,萬里區,中萬里加投,龜吼,347
萬里區,中幅,,501,萬里區,中萬里加投,龜吼,348
萬里區,中幅,,502,萬里區,中萬里加投,龜吼,350
萬里區,中幅,,503,萬里區,中萬里加投,龜吼,349
萬里區,中幅,,504,萬里區,中萬里加投,龜吼,220-1
萬里區,中幅,,505,萬里區,中萬里加投,龜吼,220
萬里區,中幅,,506,萬里區,中萬里加投,龜吼,219-1
萬里區,中幅,,507,萬里區,中萬里加投,龜吼,219-3
萬里區,中幅,,508,萬里區,中萬里加投,龜吼,219-2
萬里區,中幅,,509,萬里區,中萬里加投,龜吼,219
萬里區,中幅,,51,萬里區,中萬里加投,龜吼,320-30
萬里區,中幅,,510,萬里區,中萬里加投,龜吼,218-1
萬里區,中幅,,511,萬里區,中萬里加投,龜吼,223-4
萬里區,中幅,,512,萬里區,中萬里加投,龜吼,218
萬里區,中幅,,513,萬里區,中萬里加投,龜吼,222
萬里區,中幅,,514,萬里區,中萬里加投,龜吼,221
萬里區,中幅,,515,萬里區,中萬里加投,龜吼,223
萬里區,中幅,,516,萬里區,中萬里加投,龜吼,223-5
萬里區,中幅,,517,萬里區,中萬里加投,龜吼,223-1
萬里區,中幅,,518,萬里區,中萬里加投,龜吼,223-2
萬里區,中幅,,519,萬里區,中萬里加投,龜吼,217
萬里區,中幅,,52,萬里區,中萬里加投,龜吼,320-38
萬里區,中幅,,520,萬里區,中萬里加投,龜吼,217-1
萬里區,中幅,,521,萬里區,中萬里加投,龜吼,228-3
萬里區,中幅,,522,萬里區,中萬里加投,龜吼,216-1
萬里區,中幅,,523,萬里區,中萬里加投,龜吼,226
萬里區,中幅,,524,萬里區,中萬里加投,龜吼,225
萬里區,中幅,,525,萬里區,中萬里加投,龜吼,224
萬里區,中幅,,526,萬里區,中萬里加投,龜吼,223-3
萬里區,中幅,,527,萬里區,中萬里加投,龜吼,216
萬里區,中幅,,528,萬里區,中萬里加投,龜吼,215-2
萬里區,中幅,,529,萬里區,中萬里加投,龜吼,215-1
萬里區,中幅,,53,萬里區,中萬里加投,龜吼,320-28
萬里區,中幅,,530,萬里區,中萬里加投,龜吼,204-42
萬里區,中幅,,531,萬里區,中萬里加投,龜吼,200-22
萬里區,中幅,,532,萬里區,中萬里加投,龜吼,205-2
萬里區,中幅,,533,萬里區,中萬里加投,龜吼,204-40
萬里區,中幅,,534,萬里區,中萬里加投,龜吼,206-3
萬里區,中幅,,535,萬里區,中萬里加投,龜吼,205-1
萬里區,中幅,,536,萬里區,中萬里加投,龜吼,206-4
萬里區,中幅,,537,萬里區,中萬里加投,龜吼,178-11
萬里區,中幅,,538,萬里區,中萬里加投,龜吼,177-22
萬里區,中幅,,539,萬里區,中萬里加投,龜吼,178-13
萬里區,中幅,,54,萬里區,中萬里加投,龜吼,93-6
萬里區,中幅,,540,萬里區,中萬里加投,龜吼,177-18
萬里區,中幅,,541,萬里區,中萬里加投,龜吼,178
萬里區,中幅,,542,萬里區,中萬里加投,龜吼,178-14
萬里區,中幅,,543,萬里區,中萬里加投,龜吼,178-12
萬里區,中幅,,544,萬里區,中萬里加投,龜吼,178-7
萬里區,中幅,,545,萬里區,中萬里加投,龜吼,206-2
萬里區,中幅,,546,萬里區,中萬里加投,龜吼,206
萬里區,中幅,,547,萬里區,中萬里加投,龜吼,206-5
萬里區,中幅,,548,萬里區,中萬里加投,龜吼,206-6
萬里區,中幅,,55,萬里區,中萬里加投,龜吼,317-115
萬里區,中幅,,550,萬里區,中萬里加投,龜吼,178-8
萬里區,中幅,,551,萬里區,中萬里加投,龜吼,178-9
萬里區,中幅,,552,萬里區,中萬里加投,龜吼,206-1
萬里區,中幅,,553,萬里區,中萬里加投,龜吼,204-35
萬里區,中幅,,554,萬里區,中萬里加投,龜吼,204-36
萬里區,中幅,,555,萬里區,中萬里加投,龜吼,209
萬里區,中幅,,556,萬里區,中萬里加投,龜吼,177-19
萬里區,中幅,,557,萬里區,中萬里加投,龜吼,210
萬里區,中幅,,558,萬里區,中萬里加投,龜吼,210-3
萬里區,中幅,,559,萬里區,中萬里加投,龜吼,177-31
萬里區,中幅,,56,萬里區,中萬里加投,龜吼,93-31
萬里區,中幅,,560,萬里區,中萬里加投,龜吼,210-1
萬里區,中幅,,561,萬里區,中萬里加投,龜吼,250-1
萬里區,中幅,,562,萬里區,中萬里加投,龜吼,210-2
萬里區,中幅,,563,萬里區,中萬里加投,龜吼,215-3
萬里區,中幅,,564,萬里區,中萬里加投,龜吼,215-5
萬里區,中幅,,565,萬里區,中萬里加投,龜吼,213
萬里區,中幅,,566,萬里區,中萬里加投,龜吼,215
萬里區,中幅,,567,萬里區,中萬里加投,龜吼,215-4
萬里區,中幅,,568,萬里區,中萬里加投,龜吼,214
萬里區,中幅,,569,萬里區,中萬里加投,龜吼,214-3
萬里區,中幅,,57,萬里區,中萬里加投,龜吼,93-32
萬里區,中幅,,570,萬里區,中萬里加投,龜吼,214-4
萬里區,中幅,,571,萬里區,中萬里加投,龜吼,214-2
萬里區,中幅,,572,萬里區,中萬里加投,龜吼,214-1
萬里區,中幅,,573,萬里區,中萬里加投,龜吼,356-4
萬里區,中幅,,574,萬里區,中萬里加投,龜吼,356-3
萬里區,中幅,,575,萬里區,中萬里加投,龜吼,208
萬里區,中幅,,576,萬里區,中萬里加投,龜吼,209-1
萬里區,中幅,,577,萬里區,中萬里加投,龜吼,356-2
萬里區,中幅,,578,萬里區,中萬里加投,龜吼,207-1
萬里區,中幅,,579,萬里區,中萬里加投,龜吼,242
萬里區,中幅,,58,萬里區,中萬里加投,龜吼,93-34
萬里區,中幅,,580,萬里區,中萬里加投,龜吼,243
萬里區,中幅,,581,萬里區,中萬里加投,龜吼,244
萬里區,中幅,,582,萬里區,中萬里加投,龜吼,359-1
萬里區,中幅,,583,萬里區,中萬里加投,龜吼,359-2
萬里區,中幅,,584,萬里區,中萬里加投,龜吼,245
萬里區,中幅,,585,萬里區,中萬里加投,龜吼,360-1
萬里區,中幅,,586,萬里區,中萬里加投,龜吼,244-1
萬里區,中幅,,587,萬里區,中萬里加投,龜吼,246
萬里區,中幅,,588,萬里區,中萬里加投,龜吼,246-1
萬里區,中幅,,589,萬里區,中萬里加投,龜吼,359-3
萬里區,中幅,,59,萬里區,中萬里加投,龜吼,93-33
萬里區,中幅,,590,萬里區,中萬里加投,龜吼,247-1
萬里區,中幅,,591,萬里區,中萬里加投,龜吼,361-2
萬里區,中幅,,592,萬里區,中萬里加投,龜吼,246-3
萬里區,中幅,,593,萬里區,中萬里加投,龜吼,247
萬里區,中幅,,594,萬里區,中萬里加投,龜吼,255-2
萬里區,中幅,,595,萬里區,中萬里加投,龜吼,246-2
萬里區,中幅,,596,萬里區,中萬里加投,龜吼,361-1
萬里區,中幅,,597,萬里區,中萬里加投,龜吼,362-2
萬里區,中幅,,598,萬里區,中萬里加投,龜吼,255-1
萬里區,中幅,,599,萬里區,中萬里加投,龜吼,255
萬里區,中幅,,6,萬里區,中萬里加投,龜吼,317-114
萬里區,中幅,,60,萬里區,中萬里加投,龜吼,317-92
萬里區,中幅,,600,萬里區,中萬里加投,龜吼,249
萬里區,中幅,,601,萬里區,中萬里加投,龜吼,243-2
萬里區,中幅,,602,萬里區,中萬里加投,龜吼,248
萬里區,中幅,,603,萬里區,中萬里加投,龜吼,250
萬里區,中幅,,604,萬里區,中萬里加投,龜吼,5-1
萬里區,中幅,,605,萬里區,中萬里加投,龜吼,230-1
萬里區,中幅,,606,萬里區,中萬里加投,龜吼,252
萬里區,中幅,,607,萬里區,中萬里加投,龜吼,251
萬里區,中幅,,608,萬里區,中萬里加投,龜吼,253
萬里區,中幅,,609,萬里區,中萬里加投,龜吼,253-1
萬里區,中幅,,61,萬里區,中萬里加投,龜吼,93-18
萬里區,中幅,,610,萬里區,中萬里加投,龜吼,257-4
萬里區,中幅,,611,萬里區,中萬里加投,龜吼,253-2
萬里區,中幅,,612,萬里區,中萬里加投,龜吼,254
萬里區,中幅,,613,萬里區,中萬里加投,龜吼,257-1
萬里區,中幅,,614,萬里區,中萬里加投,龜吼,256-1
萬里區,中幅,,615,萬里區,中萬里加投,龜吼,256
萬里區,中幅,,616,萬里區,中萬里加投,龜吼,363
萬里區,中幅,,617,萬里區,中萬里加投,龜吼,362-1
萬里區,中幅,,618,萬里區,中萬里加投,龜吼,339-2
萬里區,中幅,,619,萬里區,中萬里加投,龜吼,226-2
萬里區,中幅,,62,萬里區,中萬里加投,龜吼,93-19
萬里區,中幅,,620,萬里區,中萬里加投,龜吼,337
萬里區,中幅,,621,萬里區,中萬里加投,龜吼,228-2
萬里區,中幅,,622,萬里區,中萬里加投,龜吼,227
萬里區,中幅,,623,萬里區,中萬里加投,龜吼,226-3
萬里區,中幅,,624,萬里區,中萬里加投,龜吼,224-1
萬里區,中幅,,626,萬里區,中萬里加投,龜吼,230
萬里區,中幅,,628,萬里區,中萬里加投,龜吼,257-2
萬里區,中幅,,629,萬里區,中萬里加投,龜吼,257-3
萬里區,中幅,,63,萬里區,中萬里加投,龜吼,321-12
萬里區,中幅,,630,萬里區,中萬里加投,龜吼,256-2
萬里區,中幅,,631,萬里區,中萬里加投,龜吼,363-1
萬里區,中幅,,632,萬里區,中萬里加投,龜吼,363-3
萬里區,中幅,,633,萬里區,中萬里加投,龜吼,257
萬里區,中幅,,634,萬里區,中萬里加投,龜吼,258
萬里區,中幅,,635,萬里區,中萬里加投,龜吼,231
萬里區,中幅,,636,萬里區,中萬里加投,龜吼,229
萬里區,中幅,,637,萬里區,中萬里加投,龜吼,232
萬里區,中幅,,638,萬里區,中萬里加投,龜吼,228
萬里區,中幅,,639,萬里區,中萬里加投,龜吼,228-1
萬里區,中幅,,64,萬里區,中萬里加投,龜吼,320-17
萬里區,中幅,,640,萬里區,中萬里加投,龜吼,234-1
萬里區,中幅,,641,萬里區,中萬里加投,龜吼,234
萬里區,中幅,,642,萬里區,中萬里加投,龜吼,233
萬里區,中幅,,644,萬里區,中萬里加投,龜吼,260-2
萬里區,中幅,,645,萬里區,中萬里加投,龜吼,260-3
萬里區,中幅,,646,萬里區,中萬里加投,龜吼,383
萬里區,中幅,,647,萬里區,中萬里加投,龜吼,237-1
萬里區,中幅,,648,萬里區,中萬里加投,龜吼,237
萬里區,中幅,,649,萬里區,中萬里加投,龜吼,238
萬里區,中幅,,65,萬里區,中萬里加投,龜吼,320-15
萬里區,中幅,,650,萬里區,中萬里加投,龜吼,235
萬里區,中幅,,651,萬里區,中萬里加投,龜吼,240
萬里區,中幅,,652,萬里區,中萬里加投,龜吼,239
萬里區,中幅,,654,萬里區,中萬里加投,龜吼,241
萬里區,中幅,,656,萬里區,中萬里加投,龜吼,261
萬里區,中幅,,657,萬里區,中萬里加投,龜吼,388
萬里區,中幅,,658,萬里區,中萬里加投,龜吼,387
萬里區,中幅,,659,萬里區,中萬里加投,龜吼,387-1
萬里區,中幅,,66,萬里區,中萬里加投,龜吼,320-9
萬里區,中幅,,660,萬里區,中萬里加投,龜吼,278
萬里區,中幅,,661,萬里區,中萬里加投,龜吼,279
萬里區,中幅,,662,萬里區,中萬里加投,龜吼,277-2
萬里區,中幅,,663,萬里區,中萬里加投,龜吼,277-1
萬里區,中幅,,664,萬里區,中萬里加投,龜吼,277
萬里區,中幅,,665,萬里區,中萬里加投,龜吼,276
萬里區,中幅,,666,萬里區,中萬里加投,龜吼,382
萬里區,中幅,,667,萬里區,中萬里加投,龜吼,261-1
萬里區,中幅,,668,萬里區,中萬里加投,龜吼,260
萬里區,中幅,,669,萬里區,中萬里加投,龜吼,262
萬里區,中幅,,67,萬里區,中萬里加投,龜吼,317-93
萬里區,中幅,,670,萬里區,中萬里加投,龜吼,262-1
萬里區,中幅,,671,萬里區,中萬里加投,龜吼,263
萬里區,中幅,,672,萬里區,中萬里加投,龜吼,263-1
萬里區,中幅,,675,萬里區,中萬里加投,龜吼,264
萬里區,中幅,,676,萬里區,中萬里加投,龜吼,264-1
萬里區,中幅,,677,萬里區,中萬里加投,龜吼,264-2
萬里區,中幅,,678,萬里區,中萬里加投,龜吼,264-3
萬里區,中幅,,679,萬里區,中萬里加投,龜吼,264-4
萬里區,中幅,,68,萬里區,中萬里加投,龜吼,317-88
萬里區,中幅,,680,萬里區,中萬里加投,龜吼,265
萬里區,中幅,,681,萬里區,中萬里加投,龜吼,260-1
萬里區,中幅,,682,萬里區,中萬里加投,龜吼,267
萬里區,中幅,,684,萬里區,中萬里加投,龜吼,268
萬里區,中幅,,685,萬里區,中萬里加投,龜吼,266
萬里區,中幅,,686,萬里區,中萬里加投,龜吼,269
萬里區,中幅,,687,萬里區,中萬里加投,龜吼,270
萬里區,中幅,,688,萬里區,中萬里加投,龜吼,380
萬里區,中幅,,689,萬里區,中萬里加投,龜吼,271
萬里區,中幅,,69,萬里區,中萬里加投,龜吼,317-37
萬里區,中幅,,690,萬里區,中萬里加投,龜吼,381
萬里區,中幅,,691,萬里區,中萬里加投,龜吼,272
萬里區,中幅,,692,萬里區,中萬里加投,龜吼,273
萬里區,中幅,,693,萬里區,中萬里加投,龜吼,273-1
萬里區,中幅,,694,萬里區,中萬里加投,龜吼,274
萬里區,中幅,,695,萬里區,中萬里加投,龜吼,398
萬里區,中幅,,696,萬里區,中萬里加投,龜吼,397
萬里區,中幅,,698,萬里區,中萬里加投,龜吼,396
萬里區,中幅,,699,萬里區,中萬里加投,龜吼,389
萬里區,中幅,,7,萬里區,中萬里加投,龜吼,317-43
萬里區,中幅,,70,萬里區,中萬里加投,龜吼,106-2
萬里區,中幅,,700,萬里區,中萬里加投,龜吼,395
萬里區,中幅,,702,萬里區,中萬里加投,龜吼,275
萬里區,中幅,,703,萬里區,中萬里加投,龜吼,394
萬里區,中幅,,704,萬里區,中萬里加投,龜吼,394-1
萬里區,中幅,,705,萬里區,中萬里加投,龜吼,394-2
萬里區,中幅,,706,萬里區,中萬里加投,龜吼,394-3
萬里區,中幅,,707,萬里區,中萬里加投,龜吼,404-8
萬里區,中幅,,708,萬里區,中萬里加投,龜吼,394-4
萬里區,中幅,,709,萬里區,中萬里加投,龜吼,280
萬里區,中幅,,71,萬里區,中萬里加投,龜吼,106-4
萬里區,中幅,,711,萬里區,中萬里加投,龜吼,281
萬里區,中幅,,712,萬里區,中萬里加投,龜吼,281-2
萬里區,中幅,,713,萬里區,中萬里加投,龜吼,390
萬里區,中幅,,714,萬里區,中萬里加投,龜吼,391
萬里區,中幅,,715,萬里區,中萬里加投,龜吼,283
萬里區,中幅,,716,萬里區,中萬里加投,龜吼,284
萬里區,中幅,,717,萬里區,中萬里加投,龜吼,285-1
萬里區,中幅,,718,萬里區,中萬里加投,龜吼,285
萬里區,中幅,,719,萬里區,中萬里加投,龜吼,282
萬里區,中幅,,72,萬里區,中萬里加投,龜吼,106
萬里區,中幅,,720,萬里區,中萬里加投,龜吼,393
萬里區,中幅,,721,萬里區,中萬里加投,龜吼,392-2
萬里區,中幅,,722,萬里區,中萬里加投,龜吼,392-7
萬里區,中幅,,723,萬里區,中萬里加投,龜吼,285-2
萬里區,中幅,,724,萬里區,中萬里加投,龜吼,392
萬里區,中幅,,725,萬里區,中萬里加投,龜吼,289
萬里區,中幅,,726,萬里區,中萬里加投,龜吼,288
萬里區,中幅,,727,萬里區,中萬里加投,龜吼,287-1
萬里區,中幅,,728,萬里區,中萬里加投,龜吼,287
萬里區,中幅,,729,萬里區,中萬里加投,龜吼,286
萬里區,中幅,,73,萬里區,中萬里加投,龜吼,322-7
萬里區,中幅,,730,萬里區,中萬里加投,龜吼,282-1
萬里區,中幅,,731,萬里區,中萬里加投,龜吼,282-2
萬里區,中幅,,732,萬里區,中萬里加投,龜吼,282-3
萬里區,中幅,,733,萬里區,中萬里加投,龜吼,282-4
萬里區,中幅,,734,萬里區,中萬里加投,龜吼,282-5
萬里區,中幅,,735,萬里區,中萬里加投,龜吼,392-3
萬里區,中幅,,736,萬里區,中萬里加投,龜吼,392-1
萬里區,中幅,,737,萬里區,中萬里加投,龜吼,392-4
萬里區,中幅,,738,萬里區,中萬里加投,龜吼,392-10
萬里區,中幅,,739,萬里區,中萬里加投,龜吼,392-12
萬里區,中幅,,74,萬里區,中萬里加投,龜吼,322-16
萬里區,中幅,,740,萬里區,中萬里加投,龜吼,392-5
萬里區,中幅,,741,萬里區,中萬里加投,龜吼,392-9
萬里區,中幅,,742,萬里區,中萬里加投,龜吼,392-6
萬里區,中幅,,743,萬里區,中萬里加投,龜吼,392-8
萬里區,中幅,,745,萬里區,中萬里加投,龜吼,392-11
萬里區,中幅,,746,萬里區,中萬里加投,龜吼,403
萬里區,中幅,,747,萬里區,中萬里加投,龜吼,402
萬里區,中幅,,748,萬里區,中萬里加投,龜吼,399
萬里區,中幅,,749,萬里區,中萬里加投,龜吼,401-2
萬里區,中幅,,75,萬里區,中萬里加投,龜吼,321-3
萬里區,中幅,,750,萬里區,中萬里加投,龜吼,402-1
萬里區,中幅,,751,萬里區,中萬里加投,龜吼,400
萬里區,中幅,,752,萬里區,中萬里加投,龜吼,378
萬里區,中幅,,753,萬里區,中萬里加投,龜吼,379
萬里區,中幅,,754,萬里區,中萬里加投,龜吼,377
萬里區,中幅,,755,萬里區,中萬里加投,龜吼,376
萬里區,中幅,,756,萬里區,中萬里加投,龜吼,373
萬里區,中幅,,758,萬里區,中萬里加投,龜吼,372
萬里區,中幅,,759,萬里區,中萬里加投,龜吼,371
萬里區,中幅,,76,萬里區,中萬里加投,龜吼,105
萬里區,中幅,,760,萬里區,中萬里加投,龜吼,370
萬里區,中幅,,761,萬里區,中萬里加投,龜吼,369
萬里區,中幅,,762,萬里區,中萬里加投,龜吼,368
萬里區,中幅,,763,萬里區,中萬里加投,龜吼,367
萬里區,中幅,,764,萬里區,中萬里加投,龜吼,366
萬里區,中幅,,765,萬里區,中萬里加投,龜吼,365
萬里區,中幅,,766,萬里區,中萬里加投,龜吼,364
萬里區,中幅,,767,萬里區,中萬里加投,龜吼,259
萬里區,中幅,,768,萬里區,中萬里加投,龜吼,363-2
萬里區,中幅,,769,萬里區,中萬里加投,龜吼,362
萬里區,中幅,,77,萬里區,中萬里加投,龜吼,106-1
萬里區,中幅,,770,萬里區,中萬里加投,龜吼,361
萬里區,中幅,,771,萬里區,中萬里加投,龜吼,360
萬里區,中幅,,772,萬里區,中萬里加投,龜吼,360-3
萬里區,中幅,,773,萬里區,中萬里加投,龜吼,360-2
萬里區,中幅,,774,萬里區,中萬里加投,龜吼,359
萬里區,中幅,,775,萬里區,中萬里加投,龜吼,358
萬里區,中幅,,777,萬里區,中萬里加投,龜吼,356
萬里區,中幅,,778,萬里區,中萬里加投,龜吼,356-13
萬里區,中幅,,779,萬里區,中萬里加投,龜吼,356-12
萬里區,中幅,,78,萬里區,中萬里加投,龜吼,321-8
萬里區,中幅,,780,萬里區,中萬里加投,龜吼,356-11
萬里區,中幅,,781,萬里區,中萬里加投,龜吼,358-2
萬里區,中幅,,782,萬里區,中萬里加投,中幅子,202
萬里區,中幅,,783,萬里區,中萬里加投,中幅子,202-1
萬里區,中幅,,784,萬里區,中萬里加投,中幅子,201
萬里區,中幅,,785,萬里區,中萬里加投,中幅子,201-1
萬里區,中幅,,786,萬里區,中萬里加投,中幅子,201-3
萬里區,中幅,,787,萬里區,中萬里加投,中幅子,201-4
萬里區,中幅,,788,萬里區,中萬里加投,中幅子,201-5
萬里區,中幅,,789,萬里區,中萬里加投,中幅子,196-4
萬里區,中幅,,79,萬里區,中萬里加投,龜吼,321-9
萬里區,中幅,,790,萬里區,中萬里加投,中幅子,196-1
萬里區,中幅,,791,萬里區,中萬里加投,中幅子,201-8
萬里區,中幅,,792,萬里區,中萬里加投,中幅子,201-6
萬里區,中幅,,793,萬里區,中萬里加投,中幅子,201-2
萬里區,中幅,,794,萬里區,中萬里加投,中幅子,201-7
萬里區,中幅,,795,萬里區,中萬里加投,中幅子,203-1
萬里區,中幅,,796,萬里區,中萬里加投,中幅子,203-2
萬里區,中幅,,797,萬里區,中萬里加投,中幅子,196-3
萬里區,中幅,,799,萬里區,中萬里加投,中幅子,196
萬里區,中幅,,8,萬里區,中萬里加投,龜吼,317
萬里區,中幅,,80,萬里區,中萬里加投,龜吼,321-10
萬里區,中幅,,800,萬里區,中萬里加投,中幅子,196-2
萬里區,中幅,,801,萬里區,中萬里加投,中幅子,32-4
萬里區,中幅,,802,萬里區,中萬里加投,中幅子,32-3
萬里區,中幅,,803,萬里區,中萬里加投,中幅子,32-2
萬里區,中幅,,804,萬里區,中萬里加投,中幅子,32-1
萬里區,中幅,,805,萬里區,中萬里加投,中幅子,207
萬里區,中幅,,806,萬里區,中萬里加投,中幅子,210-20
萬里區,中幅,,807,萬里區,中萬里加投,中幅子,206
萬里區,中幅,,808,萬里區,中萬里加投,中幅子,207-1
萬里區,中幅,,809,萬里區,中萬里加投,龜吼,374
萬里區,中幅,,81,萬里區,中萬里加投,龜吼,322-29
萬里區,中幅,,810,萬里區,中萬里加投,龜吼,375
萬里區,中幅,,811,萬里區,中萬里加投,龜吼,375-1
萬里區,中幅,,812,萬里區,中萬里加投,龜吼,401
萬里區,中幅,,813,萬里區,中萬里加投,龜吼,403-2
萬里區,中幅,,814,萬里區,中萬里加投,龜吼,403-1
萬里區,中幅,,815,萬里區,中萬里加投,龜吼,404
萬里區,中幅,,816,萬里區,中萬里加投,龜吼,404-2
萬里區,中幅,,817,萬里區,中萬里加投,龜吼,404-3
萬里區,中幅,,818,萬里區,中萬里加投,龜吼,401-1
萬里區,中幅,,819,萬里區,中萬里加投,龜吼,403-3
萬里區,中幅,,82,萬里區,中萬里加投,龜吼,322-31
萬里區,中幅,,820,萬里區,中萬里加投,龜吼,403-4
萬里區,中幅,,821,萬里區,中萬里加投,龜吼,403-5
萬里區,中幅,,822,萬里區,中萬里加投,龜吼,404-7
萬里區,中幅,,823,萬里區,中萬里加投,龜吼,403-6
萬里區,中幅,,824,萬里區,中萬里加投,中幅子,208-4
萬里區,中幅,,825,萬里區,中萬里加投,中幅子,208
萬里區,中幅,,826,萬里區,中萬里加投,中幅子,207-3
萬里區,中幅,,827,萬里區,中萬里加投,中幅子,207-6
萬里區,中幅,,828,萬里區,中萬里加投,中幅子,207-5
萬里區,中幅,,829,萬里區,中萬里加投,中幅子,207-4
萬里區,中幅,,83,萬里區,中萬里加投,龜吼,136-10
萬里區,中幅,,830,萬里區,中萬里加投,中幅子,207-7
萬里區,中幅,,831,萬里區,中萬里加投,中幅子,210-23
萬里區,中幅,,832,萬里區,中萬里加投,中幅子,207-2
萬里區,中幅,,833,萬里區,中萬里加投,中幅子,210
萬里區,中幅,,834,萬里區,中萬里加投,中幅子,210-21
萬里區,中幅,,835,萬里區,中萬里加投,中幅子,210-22
萬里區,中幅,,836,萬里區,中萬里加投,中幅子,209-5
萬里區,中幅,,837,萬里區,中萬里加投,中幅子,209-4
萬里區,中幅,,838,萬里區,中萬里加投,中幅子,209
萬里區,中幅,,839,萬里區,中萬里加投,中幅子,208-3
萬里區,中幅,,84,萬里區,中萬里加投,龜吼,136-5
萬里區,中幅,,840,萬里區,中萬里加投,中幅子,209-6
萬里區,中幅,,841,萬里區,中萬里加投,中幅子,208-2
萬里區,中幅,,842,萬里區,中萬里加投,中幅子,209-3
萬里區,中幅,,843,萬里區,中萬里加投,龜吼,404-6
萬里區,中幅,,844,萬里區,中萬里加投,中幅子,208-5
萬里區,中幅,,845,萬里區,中萬里加投,龜吼,404-5
萬里區,中幅,,846,萬里區,中萬里加投,龜吼,404-4
萬里區,中幅,,847,萬里區,中萬里加投,中幅子,208-6
萬里區,中幅,,848,萬里區,中萬里加投,中幅子,209-7
萬里區,中幅,,849,萬里區,中萬里加投,中幅子,208-7
萬里區,中幅,,85,萬里區,中萬里加投,龜吼,322-30
萬里區,中幅,,850,萬里區,中萬里加投,中幅子,208-1
萬里區,中幅,,851,萬里區,中萬里加投,中幅子,209-2
萬里區,中幅,,852,萬里區,中萬里加投,中幅子,209-8
萬里區,中幅,,853,萬里區,中萬里加投,中幅子,209-1
萬里區,中幅,,854,萬里區,中萬里加投,中幅子,225
萬里區,中幅,,855,萬里區,中萬里加投,中幅子,224
萬里區,中幅,,856,萬里區,中萬里加投,中幅子,205-1
萬里區,中幅,,857,萬里區,中萬里加投,中幅子,203
萬里區,中幅,,858,萬里區,中萬里加投,中幅子,204
萬里區,中幅,,859,萬里區,中萬里加投,中幅子,205
萬里區,中幅,,86,萬里區,中萬里加投,龜吼,323-11
萬里區,中幅,,860,萬里區,中萬里加投,中幅子,210-18
萬里區,中幅,,861,萬里區,中萬里加投,中幅子,210-17
萬里區,中幅,,862,萬里區,中萬里加投,中幅子,210-15
萬里區,中幅,,863,萬里區,中萬里加投,中幅子,210-13
萬里區,中幅,,864,萬里區,中萬里加投,中幅子,210-11
萬里區,中幅,,865,萬里區,中萬里加投,中幅子,210-9
萬里區,中幅,,866,萬里區,中萬里加投,中幅子,210-7
萬里區,中幅,,867,萬里區,中萬里加投,中幅子,210-5
萬里區,中幅,,868,萬里區,中萬里加投,中幅子,210-3
萬里區,中幅,,869,萬里區,中萬里加投,中幅子,210-2
萬里區,中幅,,87,萬里區,中萬里加投,龜吼,323-10
萬里區,中幅,,870,萬里區,中萬里加投,中幅子,210-1
萬里區,中幅,,871,萬里區,中萬里加投,中幅子,210-19
萬里區,中幅,,872,萬里區,中萬里加投,中幅子,210-16
萬里區,中幅,,873,萬里區,中萬里加投,中幅子,210-14
萬里區,中幅,,874,萬里區,中萬里加投,中幅子,210-12
萬里區,中幅,,875,萬里區,中萬里加投,中幅子,210-10
萬里區,中幅,,876,萬里區,中萬里加投,中幅子,210-8
萬里區,中幅,,877,萬里區,中萬里加投,中幅子,210-6
萬里區,中幅,,878,萬里區,中萬里加投,中幅子,210-4
萬里區,中幅,,879,萬里區,中萬里加投,中幅子,39
萬里區,中幅,,88,萬里區,中萬里加投,龜吼,323-9
萬里區,中幅,,880,萬里區,中萬里加投,中幅子,38
萬里區,中幅,,881,萬里區,中萬里加投,中幅子,37
萬里區,中幅,,882,萬里區,中萬里加投,中幅子,36
萬里區,中幅,,883,萬里區,中萬里加投,中幅子,196-5
萬里區,中幅,,884,萬里區,中萬里加投,中幅子,35
萬里區,中幅,,885,萬里區,中萬里加投,中幅子,33
萬里區,中幅,,886,萬里區,中萬里加投,中幅子,34
萬里區,中幅,,887,萬里區,中萬里加投,中幅子,41-1
萬里區,中幅,,888,萬里區,中萬里加投,中幅子,39-1
萬里區,中幅,,889,萬里區,中萬里加投,中幅子,211
萬里區,中幅,,89,萬里區,中萬里加投,龜吼,321-13
萬里區,中幅,,890,萬里區,中萬里加投,中幅子,212
萬里區,中幅,,891,萬里區,中萬里加投,中幅子,213
萬里區,中幅,,892,萬里區,中萬里加投,中幅子,214
萬里區,中幅,,893,萬里區,中萬里加投,中幅子,215
萬里區,中幅,,894,萬里區,中萬里加投,中幅子,216
萬里區,中幅,,895,萬里區,中萬里加投,中幅子,217
萬里區,中幅,,896,萬里區,中萬里加投,中幅子,218
萬里區,中幅,,897,萬里區,中萬里加投,中幅子,219
萬里區,中幅,,899,萬里區,中萬里加投,中幅子,220
萬里區,中幅,,9,萬里區,中萬里加投,龜吼,320-18
萬里區,中幅,,90,萬里區,中萬里加投,龜吼,321-11
萬里區,中幅,,900,萬里區,中萬里加投,中幅子,47-1
萬里區,中幅,,901,萬里區,中萬里加投,中幅子,221
萬里區,中幅,,902,萬里區,中萬里加投,中幅子,46
萬里區,中幅,,903,萬里區,中萬里加投,中幅子,47
萬里區,中幅,,904,萬里區,中萬里加投,中幅子,212-1
萬里區,中幅,,905,萬里區,中萬里加投,中幅子,48
萬里區,中幅,,906,萬里區,中萬里加投,中幅子,49-1
萬里區,中幅,,907,萬里區,中萬里加投,中幅子,49
萬里區,中幅,,908,萬里區,中萬里加投,中幅子,50
萬里區,中幅,,909,萬里區,中萬里加投,中幅子,45-5
萬里區,中幅,,91,萬里區,中萬里加投,龜吼,322
萬里區,中幅,,910,萬里區,中萬里加投,中幅子,45-3
萬里區,中幅,,911,萬里區,中萬里加投,中幅子,40
萬里區,中幅,,912,萬里區,中萬里加投,中幅子,45-4
萬里區,中幅,,913,萬里區,中萬里加投,中幅子,45-1
萬里區,中幅,,914,萬里區,中萬里加投,中幅子,45-2
萬里區,中幅,,915,萬里區,中萬里加投,中幅子,45
萬里區,中幅,,916,萬里區,中萬里加投,中幅子,42-1
萬里區,中幅,,917,萬里區,中萬里加投,中幅子,41-14
萬里區,中幅,,918,萬里區,中萬里加投,中幅子,44
萬里區,中幅,,919,萬里區,中萬里加投,中幅子,43
萬里區,中幅,,92,萬里區,中萬里加投,龜吼,93-5
萬里區,中幅,,920,萬里區,中萬里加投,中幅子,42
萬里區,中幅,,921,萬里區,中萬里加投,中幅子,41-9
萬里區,中幅,,922,萬里區,中萬里加投,中幅子,41-10
萬里區,中幅,,923,萬里區,中萬里加投,中幅子,41-2
萬里區,中幅,,924,萬里區,中萬里加投,中幅子,41-11
萬里區,中幅,,925,萬里區,中萬里加投,中幅子,41-17
萬里區,中幅,,926,萬里區,中萬里加投,中幅子,41-18
萬里區,中幅,,927,萬里區,中萬里加投,中幅子,41-16
萬里區,中幅,,928,萬里區,中萬里加投,中幅子,41-15
萬里區,中幅,,929,萬里區,中萬里加投,中幅子,41-3
萬里區,中幅,,93,萬里區,中萬里加投,龜吼,93-29
萬里區,中幅,,930,萬里區,中萬里加投,中幅子,41-12
萬里區,中幅,,931,萬里區,中萬里加投,中幅子,41-7
萬里區,中幅,,932,萬里區,中萬里加投,中幅子,41-5
萬里區,中幅,,933,萬里區,中萬里加投,中幅子,41-13
萬里區,中幅,,934,萬里區,中萬里加投,中幅子,41-4
萬里區,中幅,,935,萬里區,中萬里加投,中幅子,41-8
萬里區,中幅,,936,萬里區,中萬里加投,中幅子,42-2
萬里區,中幅,,937,萬里區,中萬里加投,中幅子,61
萬里區,中幅,,938,萬里區,中萬里加投,中幅子,61-4
萬里區,中幅,,939,萬里區,中萬里加投,中幅子,61-2
萬里區,中幅,,94,萬里區,中萬里加投,龜吼,93-30
萬里區,中幅,,940,萬里區,中萬里加投,中幅子,41-6
萬里區,中幅,,941,萬里區,中萬里加投,中幅子,61-3
萬里區,中幅,,942,萬里區,中萬里加投,中幅子,61-1
萬里區,中幅,,943,萬里區,中萬里加投,中幅子,222
萬里區,中幅,,944,萬里區,中萬里加投,中幅子,51
萬里區,中幅,,945,萬里區,中萬里加投,中幅子,52
萬里區,中幅,,946,萬里區,中萬里加投,中幅子,53
萬里區,中幅,,947,萬里區,中萬里加投,中幅子,54
萬里區,中幅,,948,萬里區,中萬里加投,中幅子,55
萬里區,中幅,,949,萬里區,中萬里加投,中幅子,56
萬里區,中幅,,95,萬里區,中萬里加投,龜吼,93-7
萬里區,中幅,,950,萬里區,中萬里加投,中幅子,58
萬里區,中幅,,951,萬里區,中萬里加投,中幅子,59
萬里區,中幅,,952,萬里區,中萬里加投,中幅子,62-1
萬里區,中幅,,953,萬里區,中萬里加投,中幅子,62-4
萬里區,中幅,,954,萬里區,中萬里加投,中幅子,62-3
萬里區,中幅,,955,萬里區,中萬里加投,中幅子,62-2
萬里區,中幅,,956,萬里區,中萬里加投,中幅子,62
萬里區,中幅,,957,萬里區,中萬里加投,中幅子,223
萬里區,中幅,,958,萬里區,中萬里加投,中幅子,226
萬里區,中幅,,96,萬里區,中萬里加投,龜吼,321-5
萬里區,中幅,,960,萬里區,中萬里加投,中幅子,227
萬里區,中幅,,961,萬里區,中萬里加投,中幅子,182
萬里區,中幅,,962,萬里區,中萬里加投,中幅子,65
萬里區,中幅,,963,萬里區,中萬里加投,中幅子,65-5
萬里區,中幅,,964,萬里區,中萬里加投,中幅子,65-4
萬里區,中幅,,965,萬里區,中萬里加投,中幅子,65-2
萬里區,中幅,,966,萬里區,中萬里加投,中幅子,55-1
萬里區,中幅,,967,萬里區,中萬里加投,中幅子,65-1
萬里區,中幅,,968,萬里區,中萬里加投,中幅子,63-6
萬里區,中幅,,969,萬里區,中萬里加投,中幅子,63-9
萬里區,中幅,,97,萬里區,中萬里加投,龜吼,322-14
萬里區,中幅,,970,萬里區,中萬里加投,中幅子,64-1
萬里區,中幅,,971,萬里區,中萬里加投,中幅子,63-20
萬里區,中幅,,972,萬里區,中萬里加投,中幅子,63-19
萬里區,中幅,,973,萬里區,中萬里加投,中幅子,63-18
萬里區,中幅,,974,萬里區,中萬里加投,中幅子,63-17
萬里區,中幅,,975,萬里區,中萬里加投,中幅子,63-10
萬里區,中幅,,976,萬里區,中萬里加投,中幅子,63-11
萬里區,中幅,,977,萬里區,中萬里加投,中幅子,63-12
萬里區,中幅,,978,萬里區,中萬里加投,中幅子,63-13
萬里區,中幅,,979,萬里區,中萬里加投,中幅子,63-15
萬里區,中幅,,98,萬里區,中萬里加投,龜吼,322-11
萬里區,中幅,,980,萬里區,中萬里加投,中幅子,63-14
萬里區,中幅,,981,萬里區,中萬里加投,中幅子,63-5
萬里區,中幅,,982,萬里區,中萬里加投,中幅子,63-16
萬里區,中幅,,983,萬里區,中萬里加投,中幅子,63-23
萬里區,中幅,,984,萬里區,中萬里加投,中幅子,63-22
萬里區,中幅,,985,萬里區,中萬里加投,中幅子,63-21
萬里區,中幅,,986,萬里區,中萬里加投,中幅子,63-8
萬里區,中幅,,987,萬里區,中萬里加投,中幅子,63-25
萬里區,中幅,,988,萬里區,中萬里加投,中幅子,63-24
萬里區,中幅,,989,萬里區,中萬里加投,中幅子,63-1
萬里區,中幅,,99,萬里區,中萬里加投,龜吼,324
萬里區,中幅,,990,萬里區,中萬里加投,中幅子,80-10
萬里區,中幅,,991,萬里區,中萬里加投,中幅子,63-7
萬里區,中幅,,992,萬里區,中萬里加投,中幅子,63-4
萬里區,中幅,,993,萬里區,中萬里加投,中幅子,63-2
萬里區,中幅,,994,萬里區,中萬里加投,中幅子,63-3
萬里區,中幅,,995,萬里區,中萬里加投,中幅子,63
萬里區,中幅,,996,萬里區,中萬里加投,中幅子,83-1
萬里區,中幅,,997,萬里區,中萬里加投,中幅子,83-3
萬里區,中幅,,998,萬里區,中萬里加投,中幅子,80-4
萬里區,中幅,,999,萬里區,中萬里加投,中幅子,83-2
萬里區,北基,,1,萬里區,中萬里加投,瑪鍊港口,149-5
萬里區,北基,,10,萬里區,中萬里加投,瑪鍊港口,149-36
萬里區,北基,,100,萬里區,中萬里加投,瑪鍊港口,145-15
萬里區,北基,,1000,萬里區,中萬里加投,中幅子,185-118
萬里區,北基,,1001,萬里區,中萬里加投,中幅子,185-117
萬里區,北基,,1002,萬里區,中萬里加投,中幅子,185-116
萬里區,北基,,1003,萬里區,中萬里加投,中幅子,185-115
萬里區,北基,,1004,萬里區,中萬里加投,中幅子,185-114
萬里區,北基,,1005,萬里區,中萬里加投,中幅子,185-113
萬里區,北基,,1006,萬里區,中萬里加投,中幅子,185-20
萬里區,北基,,1007,萬里區,中萬里加投,中幅子,185-8
萬里區,北基,,1008,萬里區,中萬里加投,中幅子,185-144
萬里區,北基,,1009,萬里區,中萬里加投,中幅子,185-122
萬里區,北基,,101,萬里區,中萬里加投,瑪鍊港口,145-17
萬里區,北基,,1010,萬里區,中萬里加投,中幅子,185-123
萬里區,北基,,1011,萬里區,中萬里加投,中幅子,185-124
萬里區,北基,,1012,萬里區,中萬里加投,中幅子,185-125
萬里區,北基,,1013,萬里區,中萬里加投,中幅子,190-1
萬里區,北基,,1014,萬里區,中萬里加投,中幅子,190-2
萬里區,北基,,1015,萬里區,中萬里加投,中幅子,190-3
萬里區,北基,,1016,萬里區,中萬里加投,中幅子,185-146
萬里區,北基,,1017,萬里區,中萬里加投,中幅子,185
萬里區,北基,,1018,萬里區,中萬里加投,中幅子,185-147
萬里區,北基,,1019,萬里區,中萬里加投,中幅子,185-149
萬里區,北基,,102,萬里區,中萬里加投,瑪鍊港口,145-6
萬里區,北基,,1020,萬里區,中萬里加投,中幅子,185-148
萬里區,北基,,1021,萬里區,中萬里加投,中幅子,194-2
萬里區,北基,,1022,萬里區,中萬里加投,中幅子,194
萬里區,北基,,1023,萬里區,中萬里加投,中幅子,194-3
萬里區,北基,,1024,萬里區,中萬里加投,中幅子,194-5
萬里區,北基,,1025,萬里區,中萬里加投,中幅子,194-6
萬里區,北基,,1026,萬里區,中萬里加投,中幅子,194-7
萬里區,北基,,1027,萬里區,中萬里加投,中幅子,185-150
萬里區,北基,,1028,萬里區,中萬里加投,中幅子,185-151
萬里區,北基,,1029,萬里區,中萬里加投,中幅子,194-4
萬里區,北基,,103,萬里區,中萬里加投,瑪鍊港口,145-11
萬里區,北基,,1030,萬里區,中萬里加投,中幅子,32
萬里區,北基,,1031,萬里區,中萬里加投,中幅子,194-8
萬里區,北基,,1032,萬里區,中萬里加投,中幅子,195
萬里區,北基,,1033,萬里區,中萬里加投,中幅子,194-9
萬里區,北基,,1034,萬里區,中萬里加投,中幅子,185-152
萬里區,北基,,1035,萬里區,中萬里加投,中幅子,192-2
萬里區,北基,,1036,萬里區,中萬里加投,中幅子,25-1
萬里區,北基,,1037,萬里區,中萬里加投,中幅子,194-10
萬里區,北基,,1038,萬里區,中萬里加投,中幅子,25
萬里區,北基,,1039,萬里區,中萬里加投,中幅子,191-2
萬里區,北基,,104,萬里區,中萬里加投,瑪鍊港口,145-10
萬里區,北基,,1040,萬里區,中萬里加投,中幅子,191-1
萬里區,北基,,1041,萬里區,中萬里加投,中幅子,23
萬里區,北基,,1042,萬里區,中萬里加投,中幅子,24
萬里區,北基,,1043,萬里區,中萬里加投,中幅子,23-1
萬里區,北基,,1044,萬里區,中萬里加投,中幅子,186
萬里區,北基,,1045,萬里區,中萬里加投,中幅子,191-3
萬里區,北基,,1046,萬里區,中萬里加投,中幅子,185-6
萬里區,北基,,1047,萬里區,中萬里加投,中幅子,185-46
萬里區,北基,,1048,萬里區,中萬里加投,中幅子,185-45
萬里區,北基,,1049,萬里區,中萬里加投,中幅子,185-44
萬里區,北基,,105,萬里區,中萬里加投,瑪鍊港口,145-7
萬里區,北基,,1050,萬里區,中萬里加投,中幅子,185-43
萬里區,北基,,1051,萬里區,中萬里加投,中幅子,185-42
萬里區,北基,,1052,萬里區,中萬里加投,中幅子,185-41
萬里區,北基,,1053,萬里區,中萬里加投,中幅子,185-40
萬里區,北基,,1054,萬里區,中萬里加投,中幅子,185-39
萬里區,北基,,1055,萬里區,中萬里加投,瑪鍊港口,27-168
萬里區,北基,,1056,萬里區,中萬里加投,瑪鍊港口,27-167
萬里區,北基,,1057,萬里區,中萬里加投,瑪鍊港口,27-166
萬里區,北基,,1058,萬里區,中萬里加投,瑪鍊港口,27-165
萬里區,北基,,1059,萬里區,中萬里加投,中幅子,185-130
萬里區,北基,,106,萬里區,中萬里加投,瑪鍊港口,145-4
萬里區,北基,,1060,萬里區,中萬里加投,瑪鍊港口,27-164
萬里區,北基,,1061,萬里區,中萬里加投,瑪鍊港口,27-163
萬里區,北基,,1062,萬里區,中萬里加投,瑪鍊港口,28-307
萬里區,北基,,1063,萬里區,中萬里加投,瑪鍊港口,28-306
萬里區,北基,,1064,萬里區,中萬里加投,瑪鍊港口,28-115
萬里區,北基,,1065,萬里區,中萬里加投,瑪鍊港口,28-116
萬里區,北基,,1066,萬里區,中萬里加投,瑪鍊港口,28-218
萬里區,北基,,1067,萬里區,中萬里加投,瑪鍊港口,28-114
萬里區,北基,,1068,萬里區,中萬里加投,瑪鍊港口,28-113
萬里區,北基,,1069,萬里區,中萬里加投,瑪鍊港口,28-112
萬里區,北基,,107,萬里區,中萬里加投,瑪鍊港口,145-19
萬里區,北基,,1070,萬里區,中萬里加投,瑪鍊港口,28-109
萬里區,北基,,1071,萬里區,中萬里加投,瑪鍊港口,28-110
萬里區,北基,,1072,萬里區,中萬里加投,瑪鍊港口,28-111
萬里區,北基,,1073,萬里區,中萬里加投,瑪鍊港口,28-108
萬里區,北基,,1074,萬里區,中萬里加投,瑪鍊港口,28-107
萬里區,北基,,1075,萬里區,中萬里加投,瑪鍊港口,28-106
萬里區,北基,,1076,萬里區,中萬里加投,瑪鍊港口,28-103
萬里區,北基,,1077,萬里區,中萬里加投,瑪鍊港口,28-104
萬里區,北基,,1078,萬里區,中萬里加投,瑪鍊港口,28-105
萬里區,北基,,1079,萬里區,中萬里加投,瑪鍊港口,28-102
萬里區,北基,,108,萬里區,中萬里加投,瑪鍊港口,140-1
萬里區,北基,,1080,萬里區,中萬里加投,瑪鍊港口,28-101
萬里區,北基,,1081,萬里區,中萬里加投,瑪鍊港口,28-100
萬里區,北基,,1082,萬里區,中萬里加投,瑪鍊港口,28-300
萬里區,北基,,1083,萬里區,中萬里加投,瑪鍊港口,28-301
萬里區,北基,,1084,萬里區,中萬里加投,瑪鍊港口,28-302
萬里區,北基,,1085,萬里區,中萬里加投,瑪鍊港口,28-303
萬里區,北基,,1086,萬里區,中萬里加投,瑪鍊港口,28-304
萬里區,北基,,1087,萬里區,中萬里加投,瑪鍊港口,28
萬里區,北基,,1088,萬里區,中萬里加投,瑪鍊港口,28-221
萬里區,北基,,1089,萬里區,中萬里加投,瑪鍊港口,28-222
萬里區,北基,,109,萬里區,中萬里加投,瑪鍊港口,145-24
萬里區,北基,,1090,萬里區,中萬里加投,瑪鍊港口,28-223
萬里區,北基,,1091,萬里區,中萬里加投,瑪鍊港口,28-224
萬里區,北基,,1092,萬里區,中萬里加投,瑪鍊港口,28-225
萬里區,北基,,1093,萬里區,中萬里加投,瑪鍊港口,28-226
萬里區,北基,,1094,萬里區,中萬里加投,瑪鍊港口,28-232
萬里區,北基,,1095,萬里區,中萬里加投,瑪鍊港口,28-231
萬里區,北基,,1096,萬里區,中萬里加投,瑪鍊港口,28-230
萬里區,北基,,1097,萬里區,中萬里加投,瑪鍊港口,28-229
萬里區,北基,,1098,萬里區,中萬里加投,瑪鍊港口,28-228
萬里區,北基,,1099,萬里區,中萬里加投,瑪鍊港口,28-227
萬里區,北基,,11,萬里區,中萬里加投,瑪鍊港口,149-37
萬里區,北基,,110,萬里區,中萬里加投,瑪鍊港口,143-4
萬里區,北基,,1100,萬里區,中萬里加投,瑪鍊港口,28-233
萬里區,北基,,1101,萬里區,中萬里加投,瑪鍊港口,28-234
萬里區,北基,,1102,萬里區,中萬里加投,瑪鍊港口,28-235
萬里區,北基,,1103,萬里區,中萬里加投,瑪鍊港口,28-236
萬里區,北基,,1104,萬里區,中萬里加投,瑪鍊港口,28-237
萬里區,北基,,1105,萬里區,中萬里加投,瑪鍊港口,28-238
萬里區,北基,,1106,萬里區,中萬里加投,瑪鍊港口,28-239
萬里區,北基,,1107,萬里區,中萬里加投,瑪鍊港口,28-240
萬里區,北基,,1108,萬里區,中萬里加投,瑪鍊港口,28-241
萬里區,北基,,1109,萬里區,中萬里加投,瑪鍊港口,28-242
萬里區,北基,,111,萬里區,中萬里加投,瑪鍊港口,145-22
萬里區,北基,,1110,萬里區,中萬里加投,瑪鍊港口,28-243
萬里區,北基,,1111,萬里區,中萬里加投,瑪鍊港口,28-244
萬里區,北基,,1112,萬里區,中萬里加投,瑪鍊港口,28-245
萬里區,北基,,1113,萬里區,中萬里加投,瑪鍊港口,28-246
萬里區,北基,,1114,萬里區,中萬里加投,瑪鍊港口,28-247
萬里區,北基,,1115,萬里區,中萬里加投,瑪鍊港口,28-248
萬里區,北基,,1116,萬里區,中萬里加投,瑪鍊港口,28-240
萬里區,北基,,1117,萬里區,中萬里加投,瑪鍊港口,28-250
萬里區,北基,,1118,萬里區,中萬里加投,瑪鍊港口,28-251
萬里區,北基,,1119,萬里區,中萬里加投,瑪鍊港口,28-252
萬里區,北基,,112,萬里區,中萬里加投,瑪鍊港口,145-21
萬里區,北基,,1120,萬里區,中萬里加投,瑪鍊港口,28-261
萬里區,北基,,1121,萬里區,中萬里加投,瑪鍊港口,28-260
萬里區,北基,,1122,萬里區,中萬里加投,瑪鍊港口,28-259
萬里區,北基,,1123,萬里區,中萬里加投,瑪鍊港口,28-258
萬里區,北基,,1124,萬里區,中萬里加投,瑪鍊港口,28-257
萬里區,北基,,1125,萬里區,中萬里加投,瑪鍊港口,28-256
萬里區,北基,,1126,萬里區,中萬里加投,瑪鍊港口,28-255
萬里區,北基,,1127,萬里區,中萬里加投,瑪鍊港口,28-254
萬里區,北基,,1128,萬里區,中萬里加投,瑪鍊港口,28-253
萬里區,北基,,1129,萬里區,中萬里加投,瑪鍊港口,28-130
萬里區,北基,,113,萬里區,中萬里加投,瑪鍊港口,145-18
萬里區,北基,,1130,萬里區,中萬里加投,瑪鍊港口,28-129
萬里區,北基,,1131,萬里區,中萬里加投,瑪鍊港口,28-128
萬里區,北基,,1132,萬里區,中萬里加投,瑪鍊港口,28-127
萬里區,北基,,1133,萬里區,中萬里加投,瑪鍊港口,28-126
萬里區,北基,,1134,萬里區,中萬里加投,瑪鍊港口,28-125
萬里區,北基,,1135,萬里區,中萬里加投,瑪鍊港口,28-124
萬里區,北基,,1136,萬里區,中萬里加投,瑪鍊港口,28-123
萬里區,北基,,1137,萬里區,中萬里加投,瑪鍊港口,28-122
萬里區,北基,,1138,萬里區,中萬里加投,瑪鍊港口,28-121
萬里區,北基,,1139,萬里區,中萬里加投,瑪鍊港口,28-120
萬里區,北基,,114,萬里區,中萬里加投,瑪鍊港口,145-16
萬里區,北基,,1140,萬里區,中萬里加投,瑪鍊港口,28-119
萬里區,北基,,1141,萬里區,中萬里加投,瑪鍊港口,28-118
萬里區,北基,,1142,萬里區,中萬里加投,瑪鍊港口,28-117
萬里區,北基,,1143,萬里區,中萬里加投,瑪鍊港口,28-131
萬里區,北基,,1144,萬里區,中萬里加投,瑪鍊港口,28-132
萬里區,北基,,1145,萬里區,中萬里加投,瑪鍊港口,28-133
萬里區,北基,,1146,萬里區,中萬里加投,瑪鍊港口,28-134
萬里區,北基,,1147,萬里區,中萬里加投,瑪鍊港口,28-135
萬里區,北基,,1148,萬里區,中萬里加投,瑪鍊港口,28-136
萬里區,北基,,1149,萬里區,中萬里加投,瑪鍊港口,28-137
萬里區,北基,,115,萬里區,中萬里加投,瑪鍊港口,145
萬里區,北基,,1150,萬里區,中萬里加投,瑪鍊港口,28-138
萬里區,北基,,1151,萬里區,中萬里加投,瑪鍊港口,28-139
萬里區,北基,,1152,萬里區,中萬里加投,瑪鍊港口,28-140
萬里區,北基,,1153,萬里區,中萬里加投,瑪鍊港口,28-141
萬里區,北基,,1154,萬里區,中萬里加投,瑪鍊港口,28-142
萬里區,北基,,1155,萬里區,中萬里加投,瑪鍊港口,28-143
萬里區,北基,,1156,萬里區,中萬里加投,瑪鍊港口,28-144
萬里區,北基,,1157,萬里區,中萬里加投,瑪鍊港口,28-145
萬里區,北基,,1158,萬里區,中萬里加投,瑪鍊港口,28-146
萬里區,北基,,1159,萬里區,中萬里加投,瑪鍊港口,28-262
萬里區,北基,,116,萬里區,中萬里加投,瑪鍊港口,147-31
萬里區,北基,,1160,萬里區,中萬里加投,瑪鍊港口,28-263
萬里區,北基,,1161,萬里區,中萬里加投,瑪鍊港口,28-264
萬里區,北基,,1162,萬里區,中萬里加投,瑪鍊港口,28-265
萬里區,北基,,1163,萬里區,中萬里加投,瑪鍊港口,28-266
萬里區,北基,,1164,萬里區,中萬里加投,瑪鍊港口,28-267
萬里區,北基,,1165,萬里區,中萬里加投,瑪鍊港口,28-268
萬里區,北基,,1166,萬里區,中萬里加投,瑪鍊港口,28-269
萬里區,北基,,1167,萬里區,中萬里加投,瑪鍊港口,28-270
萬里區,北基,,1168,萬里區,中萬里加投,瑪鍊港口,28-271
萬里區,北基,,1169,萬里區,中萬里加投,瑪鍊港口,28-272
萬里區,北基,,117,萬里區,中萬里加投,瑪鍊港口,147-2
萬里區,北基,,1170,萬里區,中萬里加投,瑪鍊港口,28-201
萬里區,北基,,1171,萬里區,中萬里加投,瑪鍊港口,28-200
萬里區,北基,,1172,萬里區,中萬里加投,瑪鍊港口,28-199
萬里區,北基,,1173,萬里區,中萬里加投,瑪鍊港口,28-198
萬里區,北基,,1174,萬里區,中萬里加投,瑪鍊港口,28-197
萬里區,北基,,1175,萬里區,中萬里加投,瑪鍊港口,28-196
萬里區,北基,,1176,萬里區,中萬里加投,瑪鍊港口,28-195
萬里區,北基,,1177,萬里區,中萬里加投,瑪鍊港口,28-194
萬里區,北基,,1178,萬里區,中萬里加投,瑪鍊港口,28-193
萬里區,北基,,1179,萬里區,中萬里加投,瑪鍊港口,28-192
萬里區,北基,,118,萬里區,中萬里加投,瑪鍊港口,147-53
萬里區,北基,,1180,萬里區,中萬里加投,瑪鍊港口,28-191
萬里區,北基,,1181,萬里區,中萬里加投,瑪鍊港口,28-160
萬里區,北基,,1182,萬里區,中萬里加投,瑪鍊港口,28-159
萬里區,北基,,1183,萬里區,中萬里加投,瑪鍊港口,28-158
萬里區,北基,,1184,萬里區,中萬里加投,瑪鍊港口,28-157
萬里區,北基,,1185,萬里區,中萬里加投,瑪鍊港口,28-156
萬里區,北基,,1186,萬里區,中萬里加投,瑪鍊港口,28-155
萬里區,北基,,1187,萬里區,中萬里加投,瑪鍊港口,28-154
萬里區,北基,,1188,萬里區,中萬里加投,瑪鍊港口,28-153
萬里區,北基,,1189,萬里區,中萬里加投,瑪鍊港口,28-152
萬里區,北基,,119,萬里區,中萬里加投,瑪鍊港口,155-1
萬里區,北基,,1190,萬里區,中萬里加投,瑪鍊港口,28-151
萬里區,北基,,1191,萬里區,中萬里加投,瑪鍊港口,28-150
萬里區,北基,,1192,萬里區,中萬里加投,瑪鍊港口,28-149
萬里區,北基,,1193,萬里區,中萬里加投,瑪鍊港口,28-148
萬里區,北基,,1194,萬里區,中萬里加投,瑪鍊港口,28-147
萬里區,北基,,1195,萬里區,中萬里加投,瑪鍊港口,28-161
萬里區,北基,,1196,萬里區,中萬里加投,瑪鍊港口,28-162
萬里區,北基,,1197,萬里區,中萬里加投,瑪鍊港口,28-163
萬里區,北基,,1198,萬里區,中萬里加投,瑪鍊港口,28-164
萬里區,北基,,1199,萬里區,中萬里加投,瑪鍊港口,28-165
萬里區,北基,,12,萬里區,中萬里加投,瑪鍊港口,149-38
萬里區,北基,,120,萬里區,中萬里加投,瑪鍊港口,156
萬里區,北基,,1200,萬里區,中萬里加投,瑪鍊港口,28-166
萬里區,北基,,1201,萬里區,中萬里加投,瑪鍊港口,28-167
萬里區,北基,,1202,萬里區,中萬里加投,瑪鍊港口,28-168
萬里區,北基,,1203,萬里區,中萬里加投,瑪鍊港口,28-169
萬里區,北基,,1204,萬里區,中萬里加投,瑪鍊港口,28-170
萬里區,北基,,1205,萬里區,中萬里加投,瑪鍊港口,28-171
萬里區,北基,,1206,萬里區,中萬里加投,瑪鍊港口,28-172
萬里區,北基,,1207,萬里區,中萬里加投,瑪鍊港口,28-173
萬里區,北基,,1208,萬里區,中萬里加投,瑪鍊港口,28-174
萬里區,北基,,1209,萬里區,中萬里加投,瑪鍊港口,28-202
萬里區,北基,,121,萬里區,中萬里加投,瑪鍊港口,151
萬里區,北基,,1210,萬里區,中萬里加投,瑪鍊港口,28-203
萬里區,北基,,1211,萬里區,中萬里加投,瑪鍊港口,28-204
萬里區,北基,,1212,萬里區,中萬里加投,瑪鍊港口,28-205
萬里區,北基,,1213,萬里區,中萬里加投,瑪鍊港口,28-206
萬里區,北基,,1214,萬里區,中萬里加投,瑪鍊港口,28-207
萬里區,北基,,1215,萬里區,中萬里加投,瑪鍊港口,28-208
萬里區,北基,,1216,萬里區,中萬里加投,瑪鍊港口,28-209
萬里區,北基,,1217,萬里區,中萬里加投,瑪鍊港口,28-210
萬里區,北基,,1218,萬里區,中萬里加投,瑪鍊港口,28-217
萬里區,北基,,1219,萬里區,中萬里加投,瑪鍊港口,28-216
萬里區,北基,,122,萬里區,中萬里加投,瑪鍊港口,151-2
萬里區,北基,,1220,萬里區,中萬里加投,瑪鍊港口,28-215
萬里區,北基,,1221,萬里區,中萬里加投,瑪鍊港口,28-214
萬里區,北基,,1222,萬里區,中萬里加投,瑪鍊港口,28-213
萬里區,北基,,1223,萬里區,中萬里加投,瑪鍊港口,28-212
萬里區,北基,,1224,萬里區,中萬里加投,瑪鍊港口,28-211
萬里區,北基,,1225,萬里區,中萬里加投,瑪鍊港口,28-190
萬里區,北基,,1226,萬里區,中萬里加投,瑪鍊港口,28-189
萬里區,北基,,1227,萬里區,中萬里加投,瑪鍊港口,28-188
萬里區,北基,,1228,萬里區,中萬里加投,瑪鍊港口,28-187
萬里區,北基,,1229,萬里區,中萬里加投,瑪鍊港口,28-186
萬里區,北基,,123,萬里區,中萬里加投,瑪鍊港口,152
萬里區,北基,,1230,萬里區,中萬里加投,瑪鍊港口,28-185
萬里區,北基,,1231,萬里區,中萬里加投,瑪鍊港口,28-184
萬里區,北基,,1232,萬里區,中萬里加投,瑪鍊港口,28-183
萬里區,北基,,1233,萬里區,中萬里加投,瑪鍊港口,28-182
萬里區,北基,,1234,萬里區,中萬里加投,瑪鍊港口,28-181
萬里區,北基,,1235,萬里區,中萬里加投,瑪鍊港口,28-180
萬里區,北基,,1236,萬里區,中萬里加投,瑪鍊港口,28-179
萬里區,北基,,1237,萬里區,中萬里加投,瑪鍊港口,28-178
萬里區,北基,,1238,萬里區,中萬里加投,瑪鍊港口,28-177
萬里區,北基,,1239,萬里區,中萬里加投,瑪鍊港口,28-176
萬里區,北基,,124,萬里區,中萬里加投,瑪鍊港口,152-3
萬里區,北基,,1240,萬里區,中萬里加投,瑪鍊港口,28-175
萬里區,北基,,1241,萬里區,中萬里加投,中幅子,183-1
萬里區,北基,,1242,萬里區,中萬里加投,中幅子,184
萬里區,北基,,1243,萬里區,中萬里加投,中幅子,184-1
萬里區,北基,,1244,萬里區,中萬里加投,中幅子,185-5
萬里區,北基,,1245,萬里區,中萬里加投,中幅子,183
萬里區,北基,,1246,萬里區,中萬里加投,瑪鍊港口,28-1
萬里區,北基,,1247,萬里區,中萬里加投,瑪鍊港口,28-219
萬里區,北基,,1248,萬里區,中萬里加投,瑪鍊港口,31-19
萬里區,北基,,1249,萬里區,中萬里加投,瑪鍊港口,163-1
萬里區,北基,,125,萬里區,中萬里加投,瑪鍊港口,152-10
萬里區,北基,,1250,萬里區,中萬里加投,瑪鍊港口,163
萬里區,北基,,1251,萬里區,中萬里加投,瑪鍊港口,163-5
萬里區,北基,,1252,萬里區,中萬里加投,瑪鍊港口,163-2
萬里區,北基,,1253,萬里區,中萬里加投,瑪鍊港口,163-4
萬里區,北基,,1253,萬里區,汐止,下寮,1023-7
萬里區,北基,,1254,萬里區,中萬里加投,中幅子,4-13
萬里區,北基,,1255,萬里區,中萬里加投,中幅子,4-10
萬里區,北基,,1256,萬里區,中萬里加投,中幅子,4-2
萬里區,北基,,1257,萬里區,中萬里加投,中幅子,4-9
萬里區,北基,,1258,萬里區,中萬里加投,中幅子,4-20
萬里區,北基,,1259,萬里區,中萬里加投,中幅子,183-2
萬里區,北基,,126,萬里區,中萬里加投,瑪鍊港口,153
萬里區,北基,,1260,萬里區,中萬里加投,中幅子,4
萬里區,北基,,1261,萬里區,中萬里加投,中幅子,3
萬里區,北基,,1262,萬里區,中萬里加投,中幅子,2
萬里區,北基,,1263,萬里區,中萬里加投,中幅子,4-21
萬里區,北基,,1264,萬里區,中萬里加投,中幅子,1
萬里區,北基,,1265,萬里區,中萬里加投,中幅子,185-2
萬里區,北基,,1266,萬里區,中萬里加投,中幅子,186-1
萬里區,北基,,1267,萬里區,中萬里加投,中幅子,186-2
萬里區,北基,,1268,萬里區,中萬里加投,中幅子,4-8
萬里區,北基,,1269,萬里區,中萬里加投,中幅子,4-15
萬里區,北基,,127,萬里區,中萬里加投,瑪鍊港口,152-4
萬里區,北基,,1270,萬里區,中萬里加投,中幅子,4-6
萬里區,北基,,1271,萬里區,中萬里加投,中幅子,4-14
萬里區,北基,,1272,萬里區,中萬里加投,中幅子,5
萬里區,北基,,1273,萬里區,中萬里加投,中幅子,5-2
萬里區,北基,,1274,萬里區,中萬里加投,中幅子,6-6
萬里區,北基,,1275,萬里區,中萬里加投,中幅子,6-1
萬里區,北基,,1276,萬里區,中萬里加投,中幅子,6-3
萬里區,北基,,1277,萬里區,中萬里加投,中幅子,6-7
萬里區,北基,,1278,萬里區,中萬里加投,中幅子,4-19
萬里區,北基,,1279,萬里區,中萬里加投,中幅子,4-5
萬里區,北基,,128,萬里區,中萬里加投,瑪鍊港口,153-10
萬里區,北基,,1280,萬里區,中萬里加投,中幅子,4-18
萬里區,北基,,1281,萬里區,中萬里加投,中幅子,8-3
萬里區,北基,,1282,萬里區,中萬里加投,中幅子,4-4
萬里區,北基,,1283,萬里區,中萬里加投,中幅子,4-11
萬里區,北基,,1284,萬里區,中萬里加投,中幅子,8
萬里區,北基,,1285,萬里區,中萬里加投,中幅子,4-7
萬里區,北基,,1286,萬里區,中萬里加投,中幅子,4-12
萬里區,北基,,1288,萬里區,中萬里加投,中幅子,8-17
萬里區,北基,,1289,萬里區,中萬里加投,中幅子,22-1
萬里區,北基,,129,萬里區,中萬里加投,瑪鍊港口,154-1
萬里區,北基,,1290,萬里區,中萬里加投,中幅子,22
萬里區,北基,,1291,萬里區,中萬里加投,中幅子,8-24
萬里區,北基,,1292,萬里區,中萬里加投,中幅子,22-2
萬里區,北基,,1293,萬里區,中萬里加投,中幅子,23-2
萬里區,北基,,1295,萬里區,中萬里加投,中幅子,8-19
萬里區,北基,,1296,萬里區,中萬里加投,中幅子,8-22
萬里區,北基,,1297,萬里區,中萬里加投,中幅子,8-20
萬里區,北基,,1298,萬里區,中萬里加投,中幅子,26
萬里區,北基,,1299,萬里區,中萬里加投,中幅子,26-1
萬里區,北基,,13,萬里區,中萬里加投,瑪鍊港口,149-39
萬里區,北基,,130,萬里區,中萬里加投,瑪鍊港口,156-7
萬里區,北基,,1300,萬里區,中萬里加投,中幅子,27
萬里區,北基,,1302,萬里區,中萬里加投,中幅子,31
萬里區,北基,,1303,萬里區,中萬里加投,中幅子,30
萬里區,北基,,1304,萬里區,中萬里加投,中幅子,29
萬里區,北基,,1305,萬里區,中萬里加投,中幅子,28
萬里區,北基,,1307,萬里區,中萬里加投,中幅子,15-4
萬里區,北基,,1308,萬里區,中萬里加投,中幅子,15-46
萬里區,北基,,1309,萬里區,中萬里加投,中幅子,15-45
萬里區,北基,,1310,萬里區,中萬里加投,中幅子,15-2
萬里區,北基,,1311,萬里區,中萬里加投,中幅子,15-18
萬里區,北基,,1312,萬里區,中萬里加投,中幅子,15-47
萬里區,北基,,1313,萬里區,中萬里加投,中幅子,15-30
萬里區,北基,,1314,萬里區,中萬里加投,中幅子,15-31
萬里區,北基,,1315,萬里區,中萬里加投,中幅子,15-32
萬里區,北基,,1316,萬里區,中萬里加投,中幅子,15-33
萬里區,北基,,1317,萬里區,中萬里加投,中幅子,15-34
萬里區,北基,,1318,萬里區,中萬里加投,中幅子,14
萬里區,北基,,1319,萬里區,中萬里加投,中幅子,15
萬里區,北基,,132,萬里區,中萬里加投,瑪鍊港口,146
萬里區,北基,,1320,萬里區,中萬里加投,中幅子,13-3
萬里區,北基,,1321,萬里區,中萬里加投,中幅子,13-2
萬里區,北基,,1322,萬里區,中萬里加投,中幅子,13-10
萬里區,北基,,1323,萬里區,中萬里加投,中幅子,13-7
萬里區,北基,,1324,萬里區,中萬里加投,中幅子,13-9
萬里區,北基,,1325,萬里區,中萬里加投,中幅子,15-15
萬里區,北基,,1326,萬里區,中萬里加投,中幅子,15-16
萬里區,北基,,1327,萬里區,中萬里加投,中幅子,15-38
萬里區,北基,,1328,萬里區,中萬里加投,中幅子,15-17
萬里區,北基,,1329,萬里區,中萬里加投,中幅子,15-35
萬里區,北基,,133,萬里區,中萬里加投,瑪鍊港口,146-2
萬里區,北基,,1330,萬里區,中萬里加投,中幅子,15-36
萬里區,北基,,1331,萬里區,中萬里加投,中幅子,15-39
萬里區,北基,,1332,萬里區,中萬里加投,中幅子,15-40
萬里區,北基,,1333,萬里區,中萬里加投,中幅子,15-41
萬里區,北基,,1334,萬里區,中萬里加投,中幅子,15-42
萬里區,北基,,1335,萬里區,中萬里加投,中幅子,15-23
萬里區,北基,,1336,萬里區,中萬里加投,中幅子,15-21
萬里區,北基,,1337,萬里區,中萬里加投,中幅子,15-10
萬里區,北基,,1338,萬里區,中萬里加投,中幅子,15-12
萬里區,北基,,1339,萬里區,中萬里加投,中幅子,15-7
萬里區,北基,,134,萬里區,中萬里加投,瑪鍊港口,146-1
萬里區,北基,,1340,萬里區,中萬里加投,中幅子,13-6
萬里區,北基,,1341,萬里區,中萬里加投,瑪鍊港口,153-12
萬里區,北基,,1342,萬里區,中萬里加投,瑪鍊港口,159-14
萬里區,北基,,1343,萬里區,中萬里加投,瑪鍊港口,37-23
萬里區,北基,,1344,萬里區,中萬里加投,瑪鍊港口,37-16
萬里區,北基,,1345,萬里區,中萬里加投,瑪鍊港口,156-40
萬里區,北基,,135,萬里區,中萬里加投,瑪鍊港口,145-1
萬里區,北基,,136,萬里區,中萬里加投,瑪鍊港口,47-9
萬里區,北基,,137,萬里區,中萬里加投,瑪鍊港口,37-2
萬里區,北基,,138,萬里區,中萬里加投,瑪鍊港口,37-14
萬里區,北基,,139,萬里區,中萬里加投,瑪鍊港口,47-31
萬里區,北基,,14,萬里區,中萬里加投,瑪鍊港口,149-40
萬里區,北基,,140,萬里區,中萬里加投,瑪鍊港口,144
萬里區,北基,,141,萬里區,中萬里加投,瑪鍊港口,48-6
萬里區,北基,,142,萬里區,中萬里加投,瑪鍊港口,48
萬里區,北基,,144,萬里區,中萬里加投,瑪鍊港口,145-20
萬里區,北基,,145,萬里區,中萬里加投,瑪鍊港口,144-1
萬里區,北基,,146,萬里區,中萬里加投,瑪鍊港口,143-31
萬里區,北基,,147,萬里區,中萬里加投,瑪鍊港口,143-20
萬里區,北基,,148,萬里區,中萬里加投,瑪鍊港口,143-29
萬里區,北基,,149,萬里區,中萬里加投,瑪鍊港口,143-32
萬里區,北基,,15,萬里區,中萬里加投,瑪鍊港口,152-9
萬里區,北基,,150,萬里區,中萬里加投,瑪鍊港口,143-6
萬里區,北基,,151,萬里區,中萬里加投,瑪鍊港口,143-5
萬里區,北基,,152,萬里區,中萬里加投,瑪鍊港口,143
萬里區,北基,,153,萬里區,中萬里加投,瑪鍊港口,142-2
萬里區,北基,,154,萬里區,中萬里加投,瑪鍊港口,143-36
萬里區,北基,,155,萬里區,中萬里加投,瑪鍊港口,141
萬里區,北基,,156,萬里區,中萬里加投,瑪鍊港口,140
萬里區,北基,,157,萬里區,中萬里加投,瑪鍊港口,140-2
萬里區,北基,,158,萬里區,中萬里加投,瑪鍊港口,143-22
萬里區,北基,,159,萬里區,中萬里加投,瑪鍊港口,143-39
萬里區,北基,,16,萬里區,中萬里加投,瑪鍊港口,152-2
萬里區,北基,,160,萬里區,中萬里加投,瑪鍊港口,143-1
萬里區,北基,,161,萬里區,中萬里加投,瑪鍊港口,143-23
萬里區,北基,,162,萬里區,中萬里加投,瑪鍊港口,143-24
萬里區,北基,,163,萬里區,中萬里加投,瑪鍊港口,143-25
萬里區,北基,,164,萬里區,中萬里加投,瑪鍊港口,143-28
萬里區,北基,,165,萬里區,中萬里加投,瑪鍊港口,143-27
萬里區,北基,,166,萬里區,中萬里加投,瑪鍊港口,143-26
萬里區,北基,,167,萬里區,中萬里加投,瑪鍊港口,143-8
萬里區,北基,,168,萬里區,中萬里加投,瑪鍊港口,143-7
萬里區,北基,,169,萬里區,中萬里加投,瑪鍊港口,143-2
萬里區,北基,,17,萬里區,中萬里加投,瑪鍊港口,152-1
萬里區,北基,,170,萬里區,中萬里加投,瑪鍊港口,143-3
萬里區,北基,,171,萬里區,中萬里加投,瑪鍊港口,52-2
萬里區,北基,,172,萬里區,中萬里加投,瑪鍊港口,53-1
萬里區,北基,,173,萬里區,中萬里加投,瑪鍊港口,54-1
萬里區,北基,,174,萬里區,中萬里加投,瑪鍊港口,54-2
萬里區,北基,,175,萬里區,中萬里加投,瑪鍊港口,47-42
萬里區,北基,,176,萬里區,中萬里加投,瑪鍊港口,47-41
萬里區,北基,,177,萬里區,中萬里加投,瑪鍊港口,47-38
萬里區,北基,,178,萬里區,中萬里加投,瑪鍊港口,47-7
萬里區,北基,,179,萬里區,中萬里加投,瑪鍊港口,47-37
萬里區,北基,,18,萬里區,中萬里加投,瑪鍊港口,149-32
萬里區,北基,,180,萬里區,中萬里加投,瑪鍊港口,47-15
萬里區,北基,,181,萬里區,中萬里加投,瑪鍊港口,47-16
萬里區,北基,,182,萬里區,中萬里加投,瑪鍊港口,52-1
萬里區,北基,,183,萬里區,中萬里加投,瑪鍊港口,51-1
萬里區,北基,,184,萬里區,中萬里加投,瑪鍊港口,47-8
萬里區,北基,,185,萬里區,中萬里加投,瑪鍊港口,47-17
萬里區,北基,,186,萬里區,中萬里加投,瑪鍊港口,47-1
萬里區,北基,,188,萬里區,中萬里加投,瑪鍊港口,48-4
萬里區,北基,,189,萬里區,中萬里加投,瑪鍊港口,48-5
萬里區,北基,,19,萬里區,中萬里加投,瑪鍊港口,149-31
萬里區,北基,,190,萬里區,中萬里加投,瑪鍊港口,47-18
萬里區,北基,,191,萬里區,中萬里加投,瑪鍊港口,47-2
萬里區,北基,,192,萬里區,中萬里加投,瑪鍊港口,47-19
萬里區,北基,,193,萬里區,中萬里加投,瑪鍊港口,47-20
萬里區,北基,,194,萬里區,中萬里加投,瑪鍊港口,47-21
萬里區,北基,,195,萬里區,中萬里加投,瑪鍊港口,47-24
萬里區,北基,,196,萬里區,中萬里加投,瑪鍊港口,47-25
萬里區,北基,,197,萬里區,中萬里加投,瑪鍊港口,47-26
萬里區,北基,,198,萬里區,中萬里加投,瑪鍊港口,47-27
萬里區,北基,,199,萬里區,中萬里加投,瑪鍊港口,37-13
萬里區,北基,,2,萬里區,中萬里加投,瑪鍊港口,149-1
萬里區,北基,,20,萬里區,中萬里加投,瑪鍊港口,149-30
萬里區,北基,,200,萬里區,中萬里加投,瑪鍊港口,37-6
萬里區,北基,,201,萬里區,中萬里加投,瑪鍊港口,37-7
萬里區,北基,,202,萬里區,中萬里加投,瑪鍊港口,37-8
萬里區,北基,,203,萬里區,中萬里加投,瑪鍊港口,37-9
萬里區,北基,,204,萬里區,中萬里加投,瑪鍊港口,37-10
萬里區,北基,,205,萬里區,中萬里加投,瑪鍊港口,36-6
萬里區,北基,,206,萬里區,中萬里加投,瑪鍊港口,36-7
萬里區,北基,,207,萬里區,中萬里加投,瑪鍊港口,36-8
萬里區,北基,,208,萬里區,中萬里加投,瑪鍊港口,36-9
萬里區,北基,,209,萬里區,中萬里加投,瑪鍊港口,36-10
萬里區,北基,,21,萬里區,中萬里加投,瑪鍊港口,149-29
萬里區,北基,,210,萬里區,中萬里加投,瑪鍊港口,36-11
萬里區,北基,,211,萬里區,中萬里加投,瑪鍊港口,35-1
萬里區,北基,,212,萬里區,中萬里加投,瑪鍊港口,35-23
萬里區,北基,,213,萬里區,中萬里加投,瑪鍊港口,35-16
萬里區,北基,,214,萬里區,中萬里加投,瑪鍊港口,35-17
萬里區,北基,,215,萬里區,中萬里加投,瑪鍊港口,35-18
萬里區,北基,,216,萬里區,中萬里加投,瑪鍊港口,35-19
萬里區,北基,,217,萬里區,中萬里加投,瑪鍊港口,35-11
萬里區,北基,,218,萬里區,中萬里加投,瑪鍊港口,35-10
萬里區,北基,,219,萬里區,中萬里加投,瑪鍊港口,35-9
萬里區,北基,,22,萬里區,中萬里加投,瑪鍊港口,149-28
萬里區,北基,,220,萬里區,中萬里加投,瑪鍊港口,35-8
萬里區,北基,,221,萬里區,中萬里加投,瑪鍊港口,35-7
萬里區,北基,,222,萬里區,中萬里加投,瑪鍊港口,35-6
萬里區,北基,,223,萬里區,中萬里加投,瑪鍊港口,35-24
萬里區,北基,,224,萬里區,中萬里加投,瑪鍊港口,156-20
萬里區,北基,,225,萬里區,中萬里加投,瑪鍊港口,156-31
萬里區,北基,,226,萬里區,中萬里加投,瑪鍊港口,156-30
萬里區,北基,,227,萬里區,中萬里加投,瑪鍊港口,156-29
萬里區,北基,,228,萬里區,中萬里加投,瑪鍊港口,156-28
萬里區,北基,,229,萬里區,中萬里加投,瑪鍊港口,156-4
萬里區,北基,,23,萬里區,中萬里加投,瑪鍊港口,149-27
萬里區,北基,,230,萬里區,中萬里加投,瑪鍊港口,156-27
萬里區,北基,,231,萬里區,中萬里加投,瑪鍊港口,156-55
萬里區,北基,,232,萬里區,中萬里加投,瑪鍊港口,156-56
萬里區,北基,,233,萬里區,中萬里加投,瑪鍊港口,156-26
萬里區,北基,,234,萬里區,中萬里加投,瑪鍊港口,35-12
萬里區,北基,,235,萬里區,中萬里加投,瑪鍊港口,35-13
萬里區,北基,,236,萬里區,中萬里加投,瑪鍊港口,156-57
萬里區,北基,,237,萬里區,中萬里加投,瑪鍊港口,34-5
萬里區,北基,,238,萬里區,中萬里加投,瑪鍊港口,35-15
萬里區,北基,,239,萬里區,中萬里加投,瑪鍊港口,34-10
萬里區,北基,,24,萬里區,中萬里加投,瑪鍊港口,149-26
萬里區,北基,,240,萬里區,中萬里加投,瑪鍊港口,156-54
萬里區,北基,,241,萬里區,中萬里加投,瑪鍊港口,156-23
萬里區,北基,,242,萬里區,中萬里加投,瑪鍊港口,156-58
萬里區,北基,,243,萬里區,中萬里加投,瑪鍊港口,156-33
萬里區,北基,,244,萬里區,中萬里加投,瑪鍊港口,156-59
萬里區,北基,,245,萬里區,中萬里加投,瑪鍊港口,156-22
萬里區,北基,,246,萬里區,中萬里加投,瑪鍊港口,156-47
萬里區,北基,,247,萬里區,中萬里加投,瑪鍊港口,34-11
萬里區,北基,,248,萬里區,中萬里加投,瑪鍊港口,34-16
萬里區,北基,,249,萬里區,中萬里加投,瑪鍊港口,34-17
萬里區,北基,,25,萬里區,中萬里加投,瑪鍊港口,149-2
萬里區,北基,,250,萬里區,中萬里加投,瑪鍊港口,156-48
萬里區,北基,,251,萬里區,中萬里加投,瑪鍊港口,156-21
萬里區,北基,,252,萬里區,中萬里加投,瑪鍊港口,156-60
萬里區,北基,,253,萬里區,中萬里加投,瑪鍊港口,156-32
萬里區,北基,,254,萬里區,中萬里加投,瑪鍊港口,156-19
萬里區,北基,,255,萬里區,中萬里加投,瑪鍊港口,156-61
萬里區,北基,,256,萬里區,中萬里加投,瑪鍊港口,156-2
萬里區,北基,,257,萬里區,中萬里加投,瑪鍊港口,156-49
萬里區,北基,,258,萬里區,中萬里加投,瑪鍊港口,34-18
萬里區,北基,,259,萬里區,中萬里加投,瑪鍊港口,34-19
萬里區,北基,,26,萬里區,中萬里加投,瑪鍊港口,149-19
萬里區,北基,,260,萬里區,中萬里加投,瑪鍊港口,34-20
萬里區,北基,,261,萬里區,中萬里加投,瑪鍊港口,156-50
萬里區,北基,,262,萬里區,中萬里加投,瑪鍊港口,156-13
萬里區,北基,,263,萬里區,中萬里加投,瑪鍊港口,156-62
萬里區,北基,,264,萬里區,中萬里加投,瑪鍊港口,156-18
萬里區,北基,,265,萬里區,中萬里加投,瑪鍊港口,156-14
萬里區,北基,,266,萬里區,中萬里加投,瑪鍊港口,156-63
萬里區,北基,,267,萬里區,中萬里加投,瑪鍊港口,156-12
萬里區,北基,,268,萬里區,中萬里加投,瑪鍊港口,156-11
萬里區,北基,,269,萬里區,中萬里加投,瑪鍊港口,156-64
萬里區,北基,,27,萬里區,中萬里加投,瑪鍊港口,149-3
萬里區,北基,,270,萬里區,中萬里加投,瑪鍊港口,156-15
萬里區,北基,,271,萬里區,中萬里加投,瑪鍊港口,156-16
萬里區,北基,,272,萬里區,中萬里加投,瑪鍊港口,156-65
萬里區,北基,,273,萬里區,中萬里加投,瑪鍊港口,156-10
萬里區,北基,,274,萬里區,中萬里加投,瑪鍊港口,156-6
萬里區,北基,,275,萬里區,中萬里加投,瑪鍊港口,156-66
萬里區,北基,,276,萬里區,中萬里加投,瑪鍊港口,156-17
萬里區,北基,,277,萬里區,中萬里加投,瑪鍊港口,156-8
萬里區,北基,,278,萬里區,中萬里加投,瑪鍊港口,156-67
萬里區,北基,,279,萬里區,中萬里加投,瑪鍊港口,156-37
萬里區,北基,,28,萬里區,中萬里加投,瑪鍊港口,149-13
萬里區,北基,,280,萬里區,中萬里加投,瑪鍊港口,156-9
萬里區,北基,,281,萬里區,中萬里加投,瑪鍊港口,156-38
萬里區,北基,,282,萬里區,中萬里加投,瑪鍊港口,156-39
萬里區,北基,,283,萬里區,中萬里加投,瑪鍊港口,156-1
萬里區,北基,,284,萬里區,中萬里加投,瑪鍊港口,156-5
萬里區,北基,,285,萬里區,中萬里加投,瑪鍊港口,156-35
萬里區,北基,,286,萬里區,中萬里加投,瑪鍊港口,156-52
萬里區,北基,,287,萬里區,中萬里加投,瑪鍊港口,156-41
萬里區,北基,,288,萬里區,中萬里加投,瑪鍊港口,155-2
萬里區,北基,,289,萬里區,中萬里加投,瑪鍊港口,154-2
萬里區,北基,,29,萬里區,中萬里加投,瑪鍊港口,149-14
萬里區,北基,,290,萬里區,中萬里加投,瑪鍊港口,153-11
萬里區,北基,,291,萬里區,中萬里加投,瑪鍊港口,158
萬里區,北基,,292,萬里區,中萬里加投,瑪鍊港口,158-40
萬里區,北基,,293,萬里區,中萬里加投,瑪鍊港口,158-41
萬里區,北基,,294,萬里區,中萬里加投,瑪鍊港口,158-42
萬里區,北基,,295,萬里區,中萬里加投,瑪鍊港口,158-43
萬里區,北基,,296,萬里區,中萬里加投,瑪鍊港口,158-44
萬里區,北基,,297,萬里區,中萬里加投,瑪鍊港口,158-45
萬里區,北基,,298,萬里區,中萬里加投,瑪鍊港口,158-46
萬里區,北基,,299,萬里區,中萬里加投,瑪鍊港口,158-47
萬里區,北基,,3,萬里區,中萬里加投,瑪鍊港口,149-41
萬里區,北基,,30,萬里區,中萬里加投,瑪鍊港口,149-15
萬里區,北基,,300,萬里區,中萬里加投,瑪鍊港口,158-48
萬里區,北基,,301,萬里區,中萬里加投,瑪鍊港口,158-49
萬里區,北基,,302,萬里區,中萬里加投,瑪鍊港口,158-50
萬里區,北基,,303,萬里區,中萬里加投,瑪鍊港口,158-51
萬里區,北基,,304,萬里區,中萬里加投,瑪鍊港口,158-52
萬里區,北基,,305,萬里區,中萬里加投,瑪鍊港口,158-53
萬里區,北基,,306,萬里區,中萬里加投,瑪鍊港口,158-54
萬里區,北基,,307,萬里區,中萬里加投,瑪鍊港口,158-55
萬里區,北基,,308,萬里區,中萬里加投,瑪鍊港口,158-85
萬里區,北基,,309,萬里區,中萬里加投,瑪鍊港口,152-5
萬里區,北基,,31,萬里區,中萬里加投,瑪鍊港口,149-23
萬里區,北基,,310,萬里區,中萬里加投,瑪鍊港口,152-6
萬里區,北基,,311,萬里區,中萬里加投,瑪鍊港口,158-78
萬里區,北基,,312,萬里區,中萬里加投,瑪鍊港口,158-79
萬里區,北基,,313,萬里區,中萬里加投,瑪鍊港口,158-80
萬里區,北基,,314,萬里區,中萬里加投,瑪鍊港口,158-81
萬里區,北基,,315,萬里區,中萬里加投,瑪鍊港口,158-82
萬里區,北基,,316,萬里區,中萬里加投,瑪鍊港口,158-83
萬里區,北基,,317,萬里區,中萬里加投,瑪鍊港口,158-84
萬里區,北基,,318,萬里區,中萬里加投,瑪鍊港口,158-77
萬里區,北基,,319,萬里區,中萬里加投,瑪鍊港口,158-76
萬里區,北基,,32,萬里區,中萬里加投,瑪鍊港口,149-16
萬里區,北基,,320,萬里區,中萬里加投,瑪鍊港口,158-75
萬里區,北基,,321,萬里區,中萬里加投,瑪鍊港口,158-74
萬里區,北基,,322,萬里區,中萬里加投,瑪鍊港口,158-73
萬里區,北基,,323,萬里區,中萬里加投,瑪鍊港口,158-72
萬里區,北基,,324,萬里區,中萬里加投,瑪鍊港口,158-71
萬里區,北基,,325,萬里區,中萬里加投,瑪鍊港口,158-70
萬里區,北基,,326,萬里區,中萬里加投,瑪鍊港口,158-69
萬里區,北基,,327,萬里區,中萬里加投,瑪鍊港口,158-68
萬里區,北基,,328,萬里區,中萬里加投,瑪鍊港口,158-67
萬里區,北基,,329,萬里區,中萬里加投,瑪鍊港口,158-66
萬里區,北基,,33,萬里區,中萬里加投,瑪鍊港口,149-24
萬里區,北基,,330,萬里區,中萬里加投,瑪鍊港口,158-65
萬里區,北基,,331,萬里區,中萬里加投,瑪鍊港口,158-64
萬里區,北基,,332,萬里區,中萬里加投,瑪鍊港口,158-63
萬里區,北基,,333,萬里區,中萬里加投,瑪鍊港口,158-62
萬里區,北基,,334,萬里區,中萬里加投,瑪鍊港口,158-61
萬里區,北基,,335,萬里區,中萬里加投,瑪鍊港口,158-60
萬里區,北基,,336,萬里區,中萬里加投,瑪鍊港口,158-59
萬里區,北基,,337,萬里區,中萬里加投,瑪鍊港口,158-58
萬里區,北基,,338,萬里區,中萬里加投,瑪鍊港口,158-57
萬里區,北基,,339,萬里區,中萬里加投,瑪鍊港口,158-56
萬里區,北基,,34,萬里區,中萬里加投,瑪鍊港口,149-17
萬里區,北基,,340,萬里區,中萬里加投,瑪鍊港口,158-39
萬里區,北基,,341,萬里區,中萬里加投,瑪鍊港口,158-38
萬里區,北基,,342,萬里區,中萬里加投,瑪鍊港口,158-37
萬里區,北基,,343,萬里區,中萬里加投,瑪鍊港口,158-36
萬里區,北基,,344,萬里區,中萬里加投,瑪鍊港口,158-35
萬里區,北基,,345,萬里區,中萬里加投,瑪鍊港口,158-34
萬里區,北基,,346,萬里區,中萬里加投,瑪鍊港口,158-33
萬里區,北基,,347,萬里區,中萬里加投,瑪鍊港口,158-32
萬里區,北基,,348,萬里區,中萬里加投,瑪鍊港口,158-31
萬里區,北基,,349,萬里區,中萬里加投,瑪鍊港口,158-30
萬里區,北基,,35,萬里區,中萬里加投,瑪鍊港口,149-18
萬里區,北基,,350,萬里區,中萬里加投,瑪鍊港口,158-29
萬里區,北基,,351,萬里區,中萬里加投,瑪鍊港口,158-88
萬里區,北基,,352,萬里區,中萬里加投,瑪鍊港口,158-28
萬里區,北基,,353,萬里區,中萬里加投,瑪鍊港口,158-27
萬里區,北基,,354,萬里區,中萬里加投,瑪鍊港口,158-26
萬里區,北基,,355,萬里區,中萬里加投,瑪鍊港口,158-25
萬里區,北基,,356,萬里區,中萬里加投,瑪鍊港口,158-24
萬里區,北基,,357,萬里區,中萬里加投,瑪鍊港口,158-23
萬里區,北基,,358,萬里區,中萬里加投,瑪鍊港口,158-22
萬里區,北基,,359,萬里區,中萬里加投,瑪鍊港口,153-1
萬里區,北基,,36,萬里區,中萬里加投,瑪鍊港口,152-8
萬里區,北基,,360,萬里區,中萬里加投,瑪鍊港口,153-2
萬里區,北基,,361,萬里區,中萬里加投,瑪鍊港口,153-3
萬里區,北基,,362,萬里區,中萬里加投,瑪鍊港口,153-4
萬里區,北基,,363,萬里區,中萬里加投,瑪鍊港口,153-5
萬里區,北基,,364,萬里區,中萬里加投,瑪鍊港口,153-6
萬里區,北基,,365,萬里區,中萬里加投,瑪鍊港口,153-7
萬里區,北基,,366,萬里區,中萬里加投,瑪鍊港口,153-8
萬里區,北基,,367,萬里區,中萬里加投,瑪鍊港口,153-9
萬里區,北基,,368,萬里區,中萬里加投,瑪鍊港口,158-4
萬里區,北基,,369,萬里區,中萬里加投,瑪鍊港口,158-5
萬里區,北基,,37,萬里區,中萬里加投,瑪鍊港口,151-3
萬里區,北基,,370,萬里區,中萬里加投,瑪鍊港口,158-6
萬里區,北基,,371,萬里區,中萬里加投,瑪鍊港口,158-7
萬里區,北基,,372,萬里區,中萬里加投,瑪鍊港口,158-8
萬里區,北基,,373,萬里區,中萬里加投,瑪鍊港口,158-9
萬里區,北基,,374,萬里區,中萬里加投,瑪鍊港口,158-10
萬里區,北基,,375,萬里區,中萬里加投,瑪鍊港口,158-11
萬里區,北基,,376,萬里區,中萬里加投,瑪鍊港口,158-12
萬里區,北基,,377,萬里區,中萬里加投,瑪鍊港口,158-13
萬里區,北基,,378,萬里區,中萬里加投,瑪鍊港口,159
萬里區,北基,,379,萬里區,中萬里加投,瑪鍊港口,159-8
萬里區,北基,,38,萬里區,中萬里加投,瑪鍊港口,151-5
萬里區,北基,,380,萬里區,中萬里加投,瑪鍊港口,159-9
萬里區,北基,,381,萬里區,中萬里加投,瑪鍊港口,159-10
萬里區,北基,,382,萬里區,中萬里加投,瑪鍊港口,159-11
萬里區,北基,,383,萬里區,中萬里加投,瑪鍊港口,159-12
萬里區,北基,,384,萬里區,中萬里加投,瑪鍊港口,159-13
萬里區,北基,,385,萬里區,中萬里加投,瑪鍊港口,158-16
萬里區,北基,,386,萬里區,中萬里加投,瑪鍊港口,158-17
萬里區,北基,,387,萬里區,中萬里加投,瑪鍊港口,158-18
萬里區,北基,,388,萬里區,中萬里加投,瑪鍊港口,158-19
萬里區,北基,,389,萬里區,中萬里加投,瑪鍊港口,158-20
萬里區,北基,,39,萬里區,中萬里加投,瑪鍊港口,150-8
萬里區,北基,,390,萬里區,中萬里加投,瑪鍊港口,158-21
萬里區,北基,,391,萬里區,中萬里加投,瑪鍊港口,158-86
萬里區,北基,,392,萬里區,中萬里加投,瑪鍊港口,158-87
萬里區,北基,,393,萬里區,中萬里加投,瑪鍊港口,157-15
萬里區,北基,,394,萬里區,中萬里加投,瑪鍊港口,157-14
萬里區,北基,,395,萬里區,中萬里加投,瑪鍊港口,157-13
萬里區,北基,,396,萬里區,中萬里加投,瑪鍊港口,157-12
萬里區,北基,,397,萬里區,中萬里加投,瑪鍊港口,157-11
萬里區,北基,,398,萬里區,中萬里加投,瑪鍊港口,157-1
萬里區,北基,,399,萬里區,中萬里加投,瑪鍊港口,157-19
萬里區,北基,,4,萬里區,中萬里加投,瑪鍊港口,149-4
萬里區,北基,,40,萬里區,中萬里加投,瑪鍊港口,150
萬里區,北基,,400,萬里區,中萬里加投,瑪鍊港口,157-18
萬里區,北基,,401,萬里區,中萬里加投,瑪鍊港口,156-34
萬里區,北基,,402,萬里區,中萬里加投,瑪鍊港口,159-15
萬里區,北基,,403,萬里區,中萬里加投,瑪鍊港口,158-1
萬里區,北基,,404,萬里區,中萬里加投,瑪鍊港口,159-5
萬里區,北基,,405,萬里區,中萬里加投,瑪鍊港口,159-3
萬里區,北基,,406,萬里區,中萬里加投,瑪鍊港口,157-21
萬里區,北基,,407,萬里區,中萬里加投,瑪鍊港口,157-7
萬里區,北基,,408,萬里區,中萬里加投,瑪鍊港口,157-4
萬里區,北基,,409,萬里區,中萬里加投,瑪鍊港口,157-22
萬里區,北基,,41,萬里區,中萬里加投,瑪鍊港口,150-1
萬里區,北基,,410,萬里區,中萬里加投,瑪鍊港口,157-17
萬里區,北基,,411,萬里區,中萬里加投,瑪鍊港口,157
萬里區,北基,,412,萬里區,中萬里加投,瑪鍊港口,157-9
萬里區,北基,,413,萬里區,中萬里加投,瑪鍊港口,157-2
萬里區,北基,,414,萬里區,中萬里加投,瑪鍊港口,157-20
萬里區,北基,,415,萬里區,中萬里加投,瑪鍊港口,160-14
萬里區,北基,,416,萬里區,中萬里加投,瑪鍊港口,159-1
萬里區,北基,,417,萬里區,中萬里加投,瑪鍊港口,160-13
萬里區,北基,,418,萬里區,中萬里加投,瑪鍊港口,158-2
萬里區,北基,,419,萬里區,中萬里加投,瑪鍊港口,160
萬里區,北基,,42,萬里區,中萬里加投,瑪鍊港口,145-26
萬里區,北基,,420,萬里區,中萬里加投,瑪鍊港口,160-4
萬里區,北基,,421,萬里區,中萬里加投,瑪鍊港口,160-3
萬里區,北基,,422,萬里區,中萬里加投,瑪鍊港口,160-12
萬里區,北基,,423,萬里區,中萬里加投,瑪鍊港口,160-2
萬里區,北基,,424,萬里區,中萬里加投,瑪鍊港口,160-5
萬里區,北基,,425,萬里區,中萬里加投,瑪鍊港口,160-6
萬里區,北基,,426,萬里區,中萬里加投,瑪鍊港口,160-1
萬里區,北基,,427,萬里區,中萬里加投,瑪鍊港口,161-39
萬里區,北基,,428,萬里區,中萬里加投,瑪鍊港口,161-40
萬里區,北基,,429,萬里區,中萬里加投,瑪鍊港口,160-9
萬里區,北基,,43,萬里區,中萬里加投,瑪鍊港口,150-9
萬里區,北基,,430,萬里區,中萬里加投,瑪鍊港口,161-42
萬里區,北基,,431,萬里區,中萬里加投,瑪鍊港口,161-43
萬里區,北基,,432,萬里區,中萬里加投,瑪鍊港口,157-27
萬里區,北基,,433,萬里區,中萬里加投,瑪鍊港口,157-26
萬里區,北基,,434,萬里區,中萬里加投,瑪鍊港口,161-55
萬里區,北基,,435,萬里區,中萬里加投,瑪鍊港口,161-4
萬里區,北基,,436,萬里區,中萬里加投,瑪鍊港口,161-41
萬里區,北基,,437,萬里區,中萬里加投,瑪鍊港口,161-44
萬里區,北基,,438,萬里區,中萬里加投,瑪鍊港口,161-32
萬里區,北基,,439,萬里區,中萬里加投,瑪鍊港口,161-31
萬里區,北基,,44,萬里區,中萬里加投,瑪鍊港口,150-2
萬里區,北基,,440,萬里區,中萬里加投,瑪鍊港口,161-30
萬里區,北基,,441,萬里區,中萬里加投,瑪鍊港口,161-29
萬里區,北基,,442,萬里區,中萬里加投,瑪鍊港口,161-5
萬里區,北基,,443,萬里區,中萬里加投,瑪鍊港口,161-60
萬里區,北基,,444,萬里區,中萬里加投,瑪鍊港口,161-38
萬里區,北基,,445,萬里區,中萬里加投,瑪鍊港口,161-54
萬里區,北基,,446,萬里區,中萬里加投,瑪鍊港口,161-48
萬里區,北基,,447,萬里區,中萬里加投,瑪鍊港口,161-52
萬里區,北基,,448,萬里區,中萬里加投,瑪鍊港口,161-28
萬里區,北基,,449,萬里區,中萬里加投,瑪鍊港口,161-27
萬里區,北基,,45,萬里區,中萬里加投,瑪鍊港口,150-10
萬里區,北基,,450,萬里區,中萬里加投,瑪鍊港口,161-26
萬里區,北基,,451,萬里區,中萬里加投,瑪鍊港口,161-25
萬里區,北基,,452,萬里區,中萬里加投,瑪鍊港口,161-10
萬里區,北基,,453,萬里區,中萬里加投,瑪鍊港口,161-24
萬里區,北基,,454,萬里區,中萬里加投,瑪鍊港口,161-22
萬里區,北基,,455,萬里區,中萬里加投,瑪鍊港口,161-23
萬里區,北基,,456,萬里區,中萬里加投,瑪鍊港口,161-21
萬里區,北基,,457,萬里區,中萬里加投,瑪鍊港口,161-18
萬里區,北基,,458,萬里區,中萬里加投,瑪鍊港口,161-9
萬里區,北基,,459,萬里區,中萬里加投,瑪鍊港口,161-33
萬里區,北基,,46,萬里區,中萬里加投,瑪鍊港口,150-11
萬里區,北基,,460,萬里區,中萬里加投,瑪鍊港口,161-1
萬里區,北基,,461,萬里區,中萬里加投,瑪鍊港口,161-34
萬里區,北基,,462,萬里區,中萬里加投,瑪鍊港口,161-16
萬里區,北基,,463,萬里區,中萬里加投,瑪鍊港口,161-19
萬里區,北基,,464,萬里區,中萬里加投,瑪鍊港口,161-13
萬里區,北基,,465,萬里區,中萬里加投,瑪鍊港口,31-16
萬里區,北基,,466,萬里區,中萬里加投,瑪鍊港口,31-12
萬里區,北基,,467,萬里區,中萬里加投,瑪鍊港口,31-13
萬里區,北基,,468,萬里區,中萬里加投,瑪鍊港口,31-2
萬里區,北基,,469,萬里區,中萬里加投,瑪鍊港口,31-4
萬里區,北基,,47,萬里區,中萬里加投,瑪鍊港口,151-1
萬里區,北基,,470,萬里區,中萬里加投,瑪鍊港口,31-15
萬里區,北基,,471,萬里區,中萬里加投,瑪鍊港口,161-49
萬里區,北基,,472,萬里區,中萬里加投,瑪鍊港口,161-50
萬里區,北基,,473,萬里區,中萬里加投,瑪鍊港口,161-3
萬里區,北基,,474,萬里區,中萬里加投,瑪鍊港口,161-14
萬里區,北基,,475,萬里區,中萬里加投,瑪鍊港口,161-7
萬里區,北基,,476,萬里區,中萬里加投,瑪鍊港口,161-51
萬里區,北基,,477,萬里區,中萬里加投,瑪鍊港口,31-14
萬里區,北基,,478,萬里區,中萬里加投,瑪鍊港口,34-21
萬里區,北基,,479,萬里區,中萬里加投,瑪鍊港口,34-4
萬里區,北基,,48,萬里區,中萬里加投,瑪鍊港口,151-6
萬里區,北基,,480,萬里區,中萬里加投,瑪鍊港口,34-6
萬里區,北基,,481,萬里區,中萬里加投,瑪鍊港口,35-2
萬里區,北基,,482,萬里區,中萬里加投,瑪鍊港口,36-15
萬里區,北基,,483,萬里區,中萬里加投,瑪鍊港口,36-16
萬里區,北基,,484,萬里區,中萬里加投,瑪鍊港口,36-2
萬里區,北基,,485,萬里區,中萬里加投,瑪鍊港口,36-1
萬里區,北基,,486,萬里區,中萬里加投,瑪鍊港口,37-15
萬里區,北基,,487,萬里區,中萬里加投,瑪鍊港口,37-5
萬里區,北基,,488,萬里區,中萬里加投,瑪鍊港口,37-4
萬里區,北基,,489,萬里區,中萬里加投,瑪鍊港口,37-24
萬里區,北基,,49,萬里區,中萬里加投,瑪鍊港口,150-3
萬里區,北基,,490,萬里區,中萬里加投,瑪鍊港口,37-26
萬里區,北基,,491,萬里區,中萬里加投,瑪鍊港口,37-25
萬里區,北基,,492,萬里區,中萬里加投,瑪鍊港口,47
萬里區,北基,,493,萬里區,中萬里加投,瑪鍊港口,47-32
萬里區,北基,,494,萬里區,中萬里加投,瑪鍊港口,47-6
萬里區,北基,,495,萬里區,中萬里加投,瑪鍊港口,42-14
萬里區,北基,,496,萬里區,中萬里加投,瑪鍊港口,42-13
萬里區,北基,,497,萬里區,中萬里加投,瑪鍊港口,42-12
萬里區,北基,,498,萬里區,中萬里加投,瑪鍊港口,42-7
萬里區,北基,,499,萬里區,中萬里加投,瑪鍊港口,42-6
萬里區,北基,,5,萬里區,中萬里加投,瑪鍊港口,149-7
萬里區,北基,,50,萬里區,中萬里加投,瑪鍊港口,147-24
萬里區,北基,,500,萬里區,中萬里加投,瑪鍊港口,42-11
萬里區,北基,,501,萬里區,中萬里加投,瑪鍊港口,42-1
萬里區,北基,,502,萬里區,中萬里加投,瑪鍊港口,42-4
萬里區,北基,,503,萬里區,中萬里加投,瑪鍊港口,42-5
萬里區,北基,,504,萬里區,中萬里加投,瑪鍊港口,42-10
萬里區,北基,,505,萬里區,中萬里加投,瑪鍊港口,42-9
萬里區,北基,,506,萬里區,中萬里加投,瑪鍊港口,42-8
萬里區,北基,,507,萬里區,中萬里加投,瑪鍊港口,42-2
萬里區,北基,,508,萬里區,中萬里加投,瑪鍊港口,42
萬里區,北基,,509,萬里區,中萬里加投,瑪鍊港口,42-3
萬里區,北基,,51,萬里區,中萬里加投,瑪鍊港口,147-12
萬里區,北基,,510,萬里區,中萬里加投,瑪鍊港口,26
萬里區,北基,,511,萬里區,中萬里加投,瑪鍊港口,27-4
萬里區,北基,,512,萬里區,中萬里加投,瑪鍊港口,27-1
萬里區,北基,,513,萬里區,中萬里加投,瑪鍊港口,27-112
萬里區,北基,,514,萬里區,中萬里加投,瑪鍊港口,27-7
萬里區,北基,,515,萬里區,中萬里加投,瑪鍊港口,27-3
萬里區,北基,,516,萬里區,中萬里加投,瑪鍊港口,27-5
萬里區,北基,,517,萬里區,中萬里加投,瑪鍊港口,47-11
萬里區,北基,,518,萬里區,中萬里加投,瑪鍊港口,47-5
萬里區,北基,,519,萬里區,中萬里加投,瑪鍊港口,37-22
萬里區,北基,,52,萬里區,中萬里加投,瑪鍊港口,147-42
萬里區,北基,,520,萬里區,中萬里加投,瑪鍊港口,39
萬里區,北基,,521,萬里區,中萬里加投,瑪鍊港口,39-1
萬里區,北基,,522,萬里區,中萬里加投,瑪鍊港口,37-3
萬里區,北基,,523,萬里區,中萬里加投,瑪鍊港口,27-6
萬里區,北基,,524,萬里區,中萬里加投,瑪鍊港口,36
萬里區,北基,,525,萬里區,中萬里加投,瑪鍊港口,36-13
萬里區,北基,,526,萬里區,中萬里加投,瑪鍊港口,35
萬里區,北基,,527,萬里區,中萬里加投,瑪鍊港口,35-5
萬里區,北基,,528,萬里區,中萬里加投,瑪鍊港口,36-5
萬里區,北基,,529,萬里區,中萬里加投,瑪鍊港口,36-18
萬里區,北基,,53,萬里區,中萬里加投,瑪鍊港口,147-41
萬里區,北基,,530,萬里區,中萬里加投,瑪鍊港口,36-17
萬里區,北基,,531,萬里區,中萬里加投,瑪鍊港口,36-3
萬里區,北基,,532,萬里區,中萬里加投,瑪鍊港口,38
萬里區,北基,,533,萬里區,中萬里加投,瑪鍊港口,36-4
萬里區,北基,,534,萬里區,中萬里加投,瑪鍊港口,35-4
萬里區,北基,,535,萬里區,中萬里加投,瑪鍊港口,34-15
萬里區,北基,,536,萬里區,中萬里加投,瑪鍊港口,34-3
萬里區,北基,,537,萬里區,中萬里加投,瑪鍊港口,34-14
萬里區,北基,,538,萬里區,中萬里加投,瑪鍊港口,34
萬里區,北基,,539,萬里區,中萬里加投,瑪鍊港口,33-3
萬里區,北基,,54,萬里區,中萬里加投,瑪鍊港口,147-11
萬里區,北基,,540,萬里區,中萬里加投,瑪鍊港口,30-1
萬里區,北基,,541,萬里區,中萬里加投,瑪鍊港口,34-22
萬里區,北基,,542,萬里區,中萬里加投,瑪鍊港口,30-5
萬里區,北基,,543,萬里區,中萬里加投,瑪鍊港口,30-4
萬里區,北基,,544,萬里區,中萬里加投,瑪鍊港口,31
萬里區,北基,,545,萬里區,中萬里加投,瑪鍊港口,31-6
萬里區,北基,,546,萬里區,中萬里加投,瑪鍊港口,31-9
萬里區,北基,,547,萬里區,中萬里加投,瑪鍊港口,31-1
萬里區,北基,,548,萬里區,中萬里加投,瑪鍊港口,31-17
萬里區,北基,,549,萬里區,中萬里加投,瑪鍊港口,161-11
萬里區,北基,,55,萬里區,中萬里加投,瑪鍊港口,147-23
萬里區,北基,,550,萬里區,中萬里加投,瑪鍊港口,161-59
萬里區,北基,,551,萬里區,中萬里加投,瑪鍊港口,161-8
萬里區,北基,,552,萬里區,中萬里加投,瑪鍊港口,161-53
萬里區,北基,,553,萬里區,中萬里加投,瑪鍊港口,161-37
萬里區,北基,,554,萬里區,中萬里加投,瑪鍊港口,161-45
萬里區,北基,,555,萬里區,中萬里加投,瑪鍊港口,161-2
萬里區,北基,,556,萬里區,中萬里加投,瑪鍊港口,161-35
萬里區,北基,,557,萬里區,中萬里加投,瑪鍊港口,161
萬里區,北基,,558,萬里區,中萬里加投,瑪鍊港口,161-36
萬里區,北基,,559,萬里區,中萬里加投,瑪鍊港口,163-7
萬里區,北基,,56,萬里區,中萬里加投,瑪鍊港口,147-22
萬里區,北基,,560,萬里區,中萬里加投,瑪鍊港口,162
萬里區,北基,,561,萬里區,中萬里加投,瑪鍊港口,162-6
萬里區,北基,,562,萬里區,中萬里加投,瑪鍊港口,162-3
萬里區,北基,,563,萬里區,中萬里加投,瑪鍊港口,31-18
萬里區,北基,,564,萬里區,中萬里加投,瑪鍊港口,31-3
萬里區,北基,,565,萬里區,中萬里加投,瑪鍊港口,28-309
萬里區,北基,,566,萬里區,中萬里加投,瑪鍊港口,27-113
萬里區,北基,,567,萬里區,中萬里加投,瑪鍊港口,27-248
萬里區,北基,,568,萬里區,中萬里加投,瑪鍊港口,27
萬里區,北基,,569,萬里區,中萬里加投,中幅子,185-136
萬里區,北基,,57,萬里區,中萬里加投,瑪鍊港口,147-10
萬里區,北基,,570,萬里區,中萬里加投,中幅子,185-139
萬里區,北基,,571,萬里區,中萬里加投,瑪鍊港口,27-230
萬里區,北基,,572,萬里區,中萬里加投,瑪鍊港口,27-229
萬里區,北基,,573,萬里區,中萬里加投,瑪鍊港口,27-228
萬里區,北基,,574,萬里區,中萬里加投,瑪鍊港口,27-227
萬里區,北基,,575,萬里區,中萬里加投,瑪鍊港口,27-226
萬里區,北基,,576,萬里區,中萬里加投,瑪鍊港口,27-225
萬里區,北基,,577,萬里區,中萬里加投,瑪鍊港口,27-224
萬里區,北基,,578,萬里區,中萬里加投,瑪鍊港口,27-223
萬里區,北基,,579,萬里區,中萬里加投,瑪鍊港口,27-222
萬里區,北基,,58,萬里區,中萬里加投,瑪鍊港口,147-40
萬里區,北基,,580,萬里區,中萬里加投,瑪鍊港口,27-221
萬里區,北基,,581,萬里區,中萬里加投,瑪鍊港口,27-220
萬里區,北基,,582,萬里區,中萬里加投,瑪鍊港口,27-219
萬里區,北基,,583,萬里區,中萬里加投,瑪鍊港口,27-218
萬里區,北基,,584,萬里區,中萬里加投,瑪鍊港口,27-217
萬里區,北基,,585,萬里區,中萬里加投,瑪鍊港口,27-216
萬里區,北基,,586,萬里區,中萬里加投,瑪鍊港口,27-215
萬里區,北基,,587,萬里區,中萬里加投,瑪鍊港口,27-214
萬里區,北基,,588,萬里區,中萬里加投,瑪鍊港口,27-209
萬里區,北基,,589,萬里區,中萬里加投,瑪鍊港口,27-176
萬里區,北基,,59,萬里區,中萬里加投,瑪鍊港口,147-39
萬里區,北基,,590,萬里區,中萬里加投,瑪鍊港口,27-177
萬里區,北基,,591,萬里區,中萬里加投,瑪鍊港口,27-178
萬里區,北基,,592,萬里區,中萬里加投,瑪鍊港口,27-179
萬里區,北基,,593,萬里區,中萬里加投,瑪鍊港口,27-180
萬里區,北基,,594,萬里區,中萬里加投,瑪鍊港口,27-181
萬里區,北基,,595,萬里區,中萬里加投,瑪鍊港口,27-249
萬里區,北基,,596,萬里區,中萬里加投,瑪鍊港口,27-115
萬里區,北基,,597,萬里區,中萬里加投,瑪鍊港口,27-114
萬里區,北基,,598,萬里區,中萬里加投,瑪鍊港口,27-116
萬里區,北基,,599,萬里區,中萬里加投,瑪鍊港口,27-117
萬里區,北基,,6,萬里區,中萬里加投,瑪鍊港口,149-11
萬里區,北基,,60,萬里區,中萬里加投,瑪鍊港口,147-9
萬里區,北基,,600,萬里區,中萬里加投,瑪鍊港口,27-118
萬里區,北基,,601,萬里區,中萬里加投,中幅子,185-10
萬里區,北基,,602,萬里區,中萬里加投,中幅子,185-11
萬里區,北基,,603,萬里區,中萬里加投,中幅子,185-12
萬里區,北基,,604,萬里區,中萬里加投,中幅子,185-140
萬里區,北基,,605,萬里區,中萬里加投,中幅子,185-141
萬里區,北基,,606,萬里區,中萬里加投,中幅子,185-143
萬里區,北基,,607,萬里區,中萬里加投,中幅子,185-135
萬里區,北基,,608,萬里區,中萬里加投,中幅子,185-132
萬里區,北基,,609,萬里區,中萬里加投,中幅子,185-134
萬里區,北基,,61,萬里區,中萬里加投,瑪鍊港口,147-21
萬里區,北基,,610,萬里區,中萬里加投,中幅子,185-133
萬里區,北基,,611,萬里區,中萬里加投,中幅子,185-19
萬里區,北基,,612,萬里區,中萬里加投,中幅子,185-18
萬里區,北基,,613,萬里區,中萬里加投,中幅子,185-17
萬里區,北基,,614,萬里區,中萬里加投,中幅子,185-16
萬里區,北基,,615,萬里區,中萬里加投,中幅子,185-15
萬里區,北基,,616,萬里區,中萬里加投,中幅子,185-14
萬里區,北基,,617,萬里區,中萬里加投,瑪鍊港口,27-127
萬里區,北基,,618,萬里區,中萬里加投,瑪鍊港口,27-126
萬里區,北基,,619,萬里區,中萬里加投,瑪鍊港口,27-125
萬里區,北基,,62,萬里區,中萬里加投,瑪鍊港口,147-20
萬里區,北基,,620,萬里區,中萬里加投,瑪鍊港口,27-124
萬里區,北基,,621,萬里區,中萬里加投,瑪鍊港口,27-123
萬里區,北基,,622,萬里區,中萬里加投,瑪鍊港口,27-122
萬里區,北基,,623,萬里區,中萬里加投,瑪鍊港口,27-121
萬里區,北基,,624,萬里區,中萬里加投,瑪鍊港口,27-120
萬里區,北基,,625,萬里區,中萬里加投,瑪鍊港口,27-119
萬里區,北基,,626,萬里區,中萬里加投,瑪鍊港口,27-210
萬里區,北基,,627,萬里區,中萬里加投,瑪鍊港口,27-186
萬里區,北基,,628,萬里區,中萬里加投,瑪鍊港口,27-185
萬里區,北基,,629,萬里區,中萬里加投,瑪鍊港口,27-184
萬里區,北基,,63,萬里區,中萬里加投,瑪鍊港口,147-8
萬里區,北基,,630,萬里區,中萬里加投,瑪鍊港口,27-183
萬里區,北基,,631,萬里區,中萬里加投,瑪鍊港口,27-182
萬里區,北基,,632,萬里區,中萬里加投,瑪鍊港口,27-175
萬里區,北基,,633,萬里區,中萬里加投,瑪鍊港口,27-174
萬里區,北基,,634,萬里區,中萬里加投,瑪鍊港口,27-173
萬里區,北基,,635,萬里區,中萬里加投,瑪鍊港口,27-172
萬里區,北基,,636,萬里區,中萬里加投,瑪鍊港口,27-171
萬里區,北基,,637,萬里區,中萬里加投,瑪鍊港口,27-170
萬里區,北基,,638,萬里區,中萬里加投,瑪鍊港口,27-169
萬里區,北基,,639,萬里區,中萬里加投,瑪鍊港口,27-198
萬里區,北基,,64,萬里區,中萬里加投,瑪鍊港口,147-38
萬里區,北基,,640,萬里區,中萬里加投,瑪鍊港口,27-197
萬里區,北基,,641,萬里區,中萬里加投,瑪鍊港口,27-196
萬里區,北基,,642,萬里區,中萬里加投,瑪鍊港口,27-195
萬里區,北基,,643,萬里區,中萬里加投,瑪鍊港口,27-194
萬里區,北基,,644,萬里區,中萬里加投,瑪鍊港口,27-193
萬里區,北基,,645,萬里區,中萬里加投,瑪鍊港口,27-192
萬里區,北基,,646,萬里區,中萬里加投,瑪鍊港口,27-191
萬里區,北基,,647,萬里區,中萬里加投,瑪鍊港口,27-190
萬里區,北基,,648,萬里區,中萬里加投,瑪鍊港口,27-189
萬里區,北基,,649,萬里區,中萬里加投,瑪鍊港口,27-188
萬里區,北基,,65,萬里區,中萬里加投,瑪鍊港口,147-37
萬里區,北基,,650,萬里區,中萬里加投,瑪鍊港口,27-187
萬里區,北基,,651,萬里區,中萬里加投,瑪鍊港口,27-211
萬里區,北基,,652,萬里區,中萬里加投,瑪鍊港口,27-212
萬里區,北基,,653,萬里區,中萬里加投,瑪鍊港口,27-208
萬里區,北基,,654,萬里區,中萬里加投,瑪鍊港口,27-207
萬里區,北基,,655,萬里區,中萬里加投,瑪鍊港口,27-206
萬里區,北基,,656,萬里區,中萬里加投,瑪鍊港口,27-205
萬里區,北基,,657,萬里區,中萬里加投,瑪鍊港口,27-204
萬里區,北基,,658,萬里區,中萬里加投,瑪鍊港口,27-203
萬里區,北基,,659,萬里區,中萬里加投,瑪鍊港口,27-202
萬里區,北基,,66,萬里區,中萬里加投,瑪鍊港口,147-7
萬里區,北基,,660,萬里區,中萬里加投,瑪鍊港口,27-201
萬里區,北基,,661,萬里區,中萬里加投,瑪鍊港口,27-200
萬里區,北基,,662,萬里區,中萬里加投,瑪鍊港口,27-199
萬里區,北基,,663,萬里區,中萬里加投,瑪鍊港口,27-231
萬里區,北基,,664,萬里區,中萬里加投,瑪鍊港口,27-232
萬里區,北基,,665,萬里區,中萬里加投,瑪鍊港口,27-233
萬里區,北基,,666,萬里區,中萬里加投,瑪鍊港口,27-234
萬里區,北基,,667,萬里區,中萬里加投,瑪鍊港口,27-235
萬里區,北基,,668,萬里區,中萬里加投,瑪鍊港口,27-236
萬里區,北基,,669,萬里區,中萬里加投,瑪鍊港口,27-237
萬里區,北基,,67,萬里區,中萬里加投,瑪鍊港口,147-19
萬里區,北基,,670,萬里區,中萬里加投,瑪鍊港口,27-238
萬里區,北基,,671,萬里區,中萬里加投,瑪鍊港口,27-239
萬里區,北基,,672,萬里區,中萬里加投,瑪鍊港口,27-240
萬里區,北基,,673,萬里區,中萬里加投,瑪鍊港口,27-241
萬里區,北基,,674,萬里區,中萬里加投,瑪鍊港口,27-242
萬里區,北基,,675,萬里區,中萬里加投,瑪鍊港口,27-243
萬里區,北基,,676,萬里區,中萬里加投,瑪鍊港口,27-244
萬里區,北基,,677,萬里區,中萬里加投,瑪鍊港口,27-245
萬里區,北基,,678,萬里區,中萬里加投,瑪鍊港口,27-246
萬里區,北基,,679,萬里區,中萬里加投,瑪鍊港口,27-247
萬里區,北基,,68,萬里區,中萬里加投,瑪鍊港口,147-18
萬里區,北基,,680,萬里區,中萬里加投,瑪鍊港口,27-12
萬里區,北基,,681,萬里區,中萬里加投,瑪鍊港口,27-11
萬里區,北基,,682,萬里區,中萬里加投,瑪鍊港口,27-10
萬里區,北基,,683,萬里區,中萬里加投,瑪鍊港口,27-9
萬里區,北基,,684,萬里區,中萬里加投,瑪鍊港口,27-8
萬里區,北基,,685,萬里區,中萬里加投,瑪鍊港口,28-6
萬里區,北基,,686,萬里區,中萬里加投,瑪鍊港口,28-5
萬里區,北基,,687,萬里區,中萬里加投,瑪鍊港口,28-4
萬里區,北基,,688,萬里區,中萬里加投,瑪鍊港口,28-3
萬里區,北基,,689,萬里區,中萬里加投,瑪鍊港口,28-2
萬里區,北基,,69,萬里區,中萬里加投,瑪鍊港口,147-6
萬里區,北基,,690,萬里區,中萬里加投,瑪鍊港口,28-8
萬里區,北基,,691,萬里區,中萬里加投,瑪鍊港口,28-9
萬里區,北基,,692,萬里區,中萬里加投,瑪鍊港口,28-10
萬里區,北基,,693,萬里區,中萬里加投,瑪鍊港口,28-11
萬里區,北基,,694,萬里區,中萬里加投,瑪鍊港口,28-12
萬里區,北基,,695,萬里區,中萬里加投,瑪鍊港口,27-13
萬里區,北基,,696,萬里區,中萬里加投,瑪鍊港口,27-14
萬里區,北基,,697,萬里區,中萬里加投,瑪鍊港口,27-15
萬里區,北基,,698,萬里區,中萬里加投,瑪鍊港口,27-16
萬里區,北基,,699,萬里區,中萬里加投,瑪鍊港口,27-17
萬里區,北基,,7,萬里區,中萬里加投,瑪鍊港口,149-33
萬里區,北基,,70,萬里區,中萬里加投,瑪鍊港口,147-36
萬里區,北基,,700,萬里區,中萬里加投,瑪鍊港口,27-22
萬里區,北基,,701,萬里區,中萬里加投,瑪鍊港口,27-21
萬里區,北基,,702,萬里區,中萬里加投,瑪鍊港口,27-20
萬里區,北基,,703,萬里區,中萬里加投,瑪鍊港口,27-19
萬里區,北基,,704,萬里區,中萬里加投,瑪鍊港口,27-18
萬里區,北基,,705,萬里區,中萬里加投,瑪鍊港口,28-18
萬里區,北基,,706,萬里區,中萬里加投,瑪鍊港口,28-17
萬里區,北基,,707,萬里區,中萬里加投,瑪鍊港口,28-16
萬里區,北基,,708,萬里區,中萬里加投,瑪鍊港口,28-15
萬里區,北基,,709,萬里區,中萬里加投,瑪鍊港口,28-14
萬里區,北基,,71,萬里區,中萬里加投,瑪鍊港口,147-35
萬里區,北基,,710,萬里區,中萬里加投,瑪鍊港口,28-20
萬里區,北基,,711,萬里區,中萬里加投,瑪鍊港口,28-21
萬里區,北基,,712,萬里區,中萬里加投,瑪鍊港口,28-22
萬里區,北基,,713,萬里區,中萬里加投,瑪鍊港口,28-23
萬里區,北基,,714,萬里區,中萬里加投,瑪鍊港口,28-24
萬里區,北基,,715,萬里區,中萬里加投,瑪鍊港口,27-23
萬里區,北基,,716,萬里區,中萬里加投,瑪鍊港口,27-24
萬里區,北基,,717,萬里區,中萬里加投,瑪鍊港口,27-25
萬里區,北基,,718,萬里區,中萬里加投,瑪鍊港口,27-26
萬里區,北基,,719,萬里區,中萬里加投,瑪鍊港口,27-27
萬里區,北基,,72,萬里區,中萬里加投,瑪鍊港口,147-5
萬里區,北基,,720,萬里區,中萬里加投,瑪鍊港口,27-32
萬里區,北基,,721,萬里區,中萬里加投,瑪鍊港口,27-31
萬里區,北基,,722,萬里區,中萬里加投,瑪鍊港口,27-30
萬里區,北基,,723,萬里區,中萬里加投,瑪鍊港口,27-29
萬里區,北基,,724,萬里區,中萬里加投,瑪鍊港口,27-28
萬里區,北基,,725,萬里區,中萬里加投,瑪鍊港口,28-30
萬里區,北基,,726,萬里區,中萬里加投,瑪鍊港口,28-29
萬里區,北基,,727,萬里區,中萬里加投,瑪鍊港口,28-28
萬里區,北基,,728,萬里區,中萬里加投,瑪鍊港口,28-27
萬里區,北基,,729,萬里區,中萬里加投,瑪鍊港口,28-26
萬里區,北基,,73,萬里區,中萬里加投,瑪鍊港口,147-17
萬里區,北基,,730,萬里區,中萬里加投,瑪鍊港口,27-37
萬里區,北基,,731,萬里區,中萬里加投,瑪鍊港口,27-36
萬里區,北基,,732,萬里區,中萬里加投,瑪鍊港口,27-35
萬里區,北基,,733,萬里區,中萬里加投,瑪鍊港口,27-34
萬里區,北基,,734,萬里區,中萬里加投,瑪鍊港口,27-33
萬里區,北基,,735,萬里區,中萬里加投,瑪鍊港口,28-36
萬里區,北基,,736,萬里區,中萬里加投,瑪鍊港口,28-35
萬里區,北基,,737,萬里區,中萬里加投,瑪鍊港口,28-34
萬里區,北基,,738,萬里區,中萬里加投,瑪鍊港口,28-33
萬里區,北基,,739,萬里區,中萬里加投,瑪鍊港口,28-32
萬里區,北基,,74,萬里區,中萬里加投,瑪鍊港口,147-29
萬里區,北基,,740,萬里區,中萬里加投,瑪鍊港口,28-291
萬里區,北基,,741,萬里區,中萬里加投,瑪鍊港口,28-282
萬里區,北基,,742,萬里區,中萬里加投,瑪鍊港口,28-273
萬里區,北基,,743,萬里區,中萬里加投,瑪鍊港口,28-274
萬里區,北基,,744,萬里區,中萬里加投,瑪鍊港口,28-275
萬里區,北基,,745,萬里區,中萬里加投,瑪鍊港口,28-276
萬里區,北基,,746,萬里區,中萬里加投,瑪鍊港口,28-277
萬里區,北基,,747,萬里區,中萬里加投,瑪鍊港口,28-281
萬里區,北基,,748,萬里區,中萬里加投,瑪鍊港口,28-280
萬里區,北基,,749,萬里區,中萬里加投,瑪鍊港口,28-279
萬里區,北基,,75,萬里區,中萬里加投,瑪鍊港口,151-7
萬里區,北基,,750,萬里區,中萬里加投,瑪鍊港口,28-278
萬里區,北基,,751,萬里區,中萬里加投,瑪鍊港口,28-283
萬里區,北基,,752,萬里區,中萬里加投,瑪鍊港口,28-284
萬里區,北基,,753,萬里區,中萬里加投,瑪鍊港口,28-285
萬里區,北基,,754,萬里區,中萬里加投,瑪鍊港口,28-286
萬里區,北基,,755,萬里區,中萬里加投,瑪鍊港口,28-290
萬里區,北基,,756,萬里區,中萬里加投,瑪鍊港口,28-289
萬里區,北基,,757,萬里區,中萬里加投,瑪鍊港口,28-288
萬里區,北基,,758,萬里區,中萬里加投,瑪鍊港口,28-287
萬里區,北基,,759,萬里區,中萬里加投,瑪鍊港口,28-292
萬里區,北基,,76,萬里區,中萬里加投,瑪鍊港口,147-50
萬里區,北基,,760,萬里區,中萬里加投,瑪鍊港口,28-293
萬里區,北基,,761,萬里區,中萬里加投,瑪鍊港口,28-294
萬里區,北基,,762,萬里區,中萬里加投,瑪鍊港口,28-295
萬里區,北基,,763,萬里區,中萬里加投,瑪鍊港口,28-299
萬里區,北基,,764,萬里區,中萬里加投,瑪鍊港口,28-298
萬里區,北基,,765,萬里區,中萬里加投,瑪鍊港口,28-297
萬里區,北基,,766,萬里區,中萬里加投,瑪鍊港口,28-296
萬里區,北基,,767,萬里區,中萬里加投,瑪鍊港口,27-213
萬里區,北基,,768,萬里區,中萬里加投,瑪鍊港口,27-41
萬里區,北基,,769,萬里區,中萬里加投,瑪鍊港口,27-40
萬里區,北基,,77,萬里區,中萬里加投,瑪鍊港口,147-48
萬里區,北基,,770,萬里區,中萬里加投,瑪鍊港口,27-39
萬里區,北基,,771,萬里區,中萬里加投,瑪鍊港口,27-38
萬里區,北基,,772,萬里區,中萬里加投,瑪鍊港口,28-47
萬里區,北基,,773,萬里區,中萬里加投,瑪鍊港口,28-46
萬里區,北基,,774,萬里區,中萬里加投,瑪鍊港口,28-45
萬里區,北基,,775,萬里區,中萬里加投,瑪鍊港口,28-44
萬里區,北基,,776,萬里區,中萬里加投,瑪鍊港口,28-43
萬里區,北基,,777,萬里區,中萬里加投,瑪鍊港口,28-42
萬里區,北基,,778,萬里區,中萬里加投,瑪鍊港口,28-41
萬里區,北基,,779,萬里區,中萬里加投,瑪鍊港口,28-40
萬里區,北基,,78,萬里區,中萬里加投,瑪鍊港口,147-28
萬里區,北基,,780,萬里區,中萬里加投,瑪鍊港口,28-39
萬里區,北基,,781,萬里區,中萬里加投,瑪鍊港口,28-38
萬里區,北基,,782,萬里區,中萬里加投,瑪鍊港口,28-49
萬里區,北基,,783,萬里區,中萬里加投,瑪鍊港口,28-50
萬里區,北基,,784,萬里區,中萬里加投,瑪鍊港口,28-51
萬里區,北基,,785,萬里區,中萬里加投,瑪鍊港口,28-52
萬里區,北基,,786,萬里區,中萬里加投,瑪鍊港口,28-53
萬里區,北基,,787,萬里區,中萬里加投,瑪鍊港口,28-54
萬里區,北基,,788,萬里區,中萬里加投,瑪鍊港口,28-55
萬里區,北基,,789,萬里區,中萬里加投,瑪鍊港口,28-56
萬里區,北基,,79,萬里區,中萬里加投,瑪鍊港口,147-16
萬里區,北基,,790,萬里區,中萬里加投,瑪鍊港口,27-42
萬里區,北基,,791,萬里區,中萬里加投,瑪鍊港口,27-43
萬里區,北基,,792,萬里區,中萬里加投,瑪鍊港口,27-44
萬里區,北基,,793,萬里區,中萬里加投,瑪鍊港口,27-45
萬里區,北基,,794,萬里區,中萬里加投,瑪鍊港口,27-50
萬里區,北基,,795,萬里區,中萬里加投,瑪鍊港口,27-49
萬里區,北基,,796,萬里區,中萬里加投,瑪鍊港口,27-48
萬里區,北基,,797,萬里區,中萬里加投,瑪鍊港口,27-47
萬里區,北基,,798,萬里區,中萬里加投,瑪鍊港口,27-46
萬里區,北基,,799,萬里區,中萬里加投,瑪鍊港口,28-65
萬里區,北基,,8,萬里區,中萬里加投,瑪鍊港口,149-34
萬里區,北基,,80,萬里區,中萬里加投,瑪鍊港口,147-4
萬里區,北基,,800,萬里區,中萬里加投,瑪鍊港口,28-64
萬里區,北基,,801,萬里區,中萬里加投,瑪鍊港口,28-63
萬里區,北基,,802,萬里區,中萬里加投,瑪鍊港口,28-62
萬里區,北基,,803,萬里區,中萬里加投,瑪鍊港口,28-61
萬里區,北基,,804,萬里區,中萬里加投,瑪鍊港口,28-60
萬里區,北基,,805,萬里區,中萬里加投,瑪鍊港口,28-59
萬里區,北基,,806,萬里區,中萬里加投,瑪鍊港口,28-58
萬里區,北基,,807,萬里區,中萬里加投,瑪鍊港口,28-67
萬里區,北基,,808,萬里區,中萬里加投,瑪鍊港口,28-68
萬里區,北基,,809,萬里區,中萬里加投,瑪鍊港口,28-69
萬里區,北基,,81,萬里區,中萬里加投,瑪鍊港口,147-34
萬里區,北基,,810,萬里區,中萬里加投,瑪鍊港口,28-70
萬里區,北基,,811,萬里區,中萬里加投,瑪鍊港口,28-71
萬里區,北基,,812,萬里區,中萬里加投,瑪鍊港口,28-72
萬里區,北基,,813,萬里區,中萬里加投,瑪鍊港口,28-73
萬里區,北基,,814,萬里區,中萬里加投,瑪鍊港口,28-74
萬里區,北基,,815,萬里區,中萬里加投,瑪鍊港口,28-75
萬里區,北基,,816,萬里區,中萬里加投,瑪鍊港口,27-51
萬里區,北基,,817,萬里區,中萬里加投,瑪鍊港口,27-52
萬里區,北基,,818,萬里區,中萬里加投,瑪鍊港口,27-53
萬里區,北基,,819,萬里區,中萬里加投,瑪鍊港口,27-54
萬里區,北基,,82,萬里區,中萬里加投,瑪鍊港口,147-33
萬里區,北基,,820,萬里區,中萬里加投,瑪鍊港口,27-55
萬里區,北基,,821,萬里區,中萬里加投,瑪鍊港口,27-61
萬里區,北基,,822,萬里區,中萬里加投,瑪鍊港口,27-60
萬里區,北基,,823,萬里區,中萬里加投,瑪鍊港口,27-59
萬里區,北基,,824,萬里區,中萬里加投,瑪鍊港口,27-58
萬里區,北基,,825,萬里區,中萬里加投,瑪鍊港口,27-57
萬里區,北基,,826,萬里區,中萬里加投,瑪鍊港口,28-87
萬里區,北基,,827,萬里區,中萬里加投,瑪鍊港口,27-56
萬里區,北基,,828,萬里區,中萬里加投,瑪鍊港口,28-85
萬里區,北基,,829,萬里區,中萬里加投,瑪鍊港口,28-84
萬里區,北基,,83,萬里區,中萬里加投,瑪鍊港口,147-3
萬里區,北基,,830,萬里區,中萬里加投,瑪鍊港口,28-83
萬里區,北基,,831,萬里區,中萬里加投,瑪鍊港口,28-82
萬里區,北基,,832,萬里區,中萬里加投,瑪鍊港口,28-81
萬里區,北基,,833,萬里區,中萬里加投,瑪鍊港口,28-80
萬里區,北基,,834,萬里區,中萬里加投,瑪鍊港口,28-79
萬里區,北基,,835,萬里區,中萬里加投,瑪鍊港口,28-78
萬里區,北基,,836,萬里區,中萬里加投,瑪鍊港口,28-77
萬里區,北基,,837,萬里區,中萬里加投,瑪鍊港口,27-62
萬里區,北基,,838,萬里區,中萬里加投,瑪鍊港口,27-63
萬里區,北基,,839,萬里區,中萬里加投,瑪鍊港口,27-64
萬里區,北基,,84,萬里區,中萬里加投,瑪鍊港口,147-15
萬里區,北基,,840,萬里區,中萬里加投,瑪鍊港口,28-91
萬里區,北基,,841,萬里區,中萬里加投,瑪鍊港口,28-92
萬里區,北基,,842,萬里區,中萬里加投,瑪鍊港口,27-66
萬里區,北基,,843,萬里區,中萬里加投,瑪鍊港口,27-67
萬里區,北基,,844,萬里區,中萬里加投,瑪鍊港口,27-68
萬里區,北基,,845,萬里區,中萬里加投,瑪鍊港口,27-69
萬里區,北基,,846,萬里區,中萬里加投,瑪鍊港口,27-70
萬里區,北基,,847,萬里區,中萬里加投,瑪鍊港口,27-71
萬里區,北基,,848,萬里區,中萬里加投,瑪鍊港口,28-98
萬里區,北基,,849,萬里區,中萬里加投,瑪鍊港口,27-72
萬里區,北基,,85,萬里區,中萬里加投,瑪鍊港口,147-27
萬里區,北基,,850,萬里區,中萬里加投,瑪鍊港口,28-99
萬里區,北基,,851,萬里區,中萬里加投,瑪鍊港口,27-73
萬里區,北基,,852,萬里區,中萬里加投,瑪鍊港口,27-74
萬里區,北基,,853,萬里區,中萬里加投,瑪鍊港口,27-75
萬里區,北基,,854,萬里區,中萬里加投,瑪鍊港口,27-76
萬里區,北基,,855,萬里區,中萬里加投,瑪鍊港口,27-77
萬里區,北基,,856,萬里區,中萬里加投,瑪鍊港口,27-78
萬里區,北基,,857,萬里區,中萬里加投,瑪鍊港口,27-95
萬里區,北基,,858,萬里區,中萬里加投,瑪鍊港口,27-94
萬里區,北基,,859,萬里區,中萬里加投,瑪鍊港口,27-93
萬里區,北基,,86,萬里區,中萬里加投,瑪鍊港口,147-46
萬里區,北基,,860,萬里區,中萬里加投,瑪鍊港口,27-92
萬里區,北基,,861,萬里區,中萬里加投,瑪鍊港口,27-91
萬里區,北基,,862,萬里區,中萬里加投,瑪鍊港口,27-90
萬里區,北基,,863,萬里區,中萬里加投,瑪鍊港口,27-89
萬里區,北基,,864,萬里區,中萬里加投,瑪鍊港口,27-88
萬里區,北基,,865,萬里區,中萬里加投,瑪鍊港口,27-87
萬里區,北基,,866,萬里區,中萬里加投,瑪鍊港口,27-86
萬里區,北基,,867,萬里區,中萬里加投,瑪鍊港口,27-85
萬里區,北基,,868,萬里區,中萬里加投,瑪鍊港口,27-84
萬里區,北基,,869,萬里區,中萬里加投,瑪鍊港口,27-83
萬里區,北基,,87,萬里區,中萬里加投,瑪鍊港口,147-47
萬里區,北基,,870,萬里區,中萬里加投,瑪鍊港口,27-82
萬里區,北基,,871,萬里區,中萬里加投,瑪鍊港口,27-81
萬里區,北基,,872,萬里區,中萬里加投,瑪鍊港口,27-80
萬里區,北基,,873,萬里區,中萬里加投,瑪鍊港口,27-79
萬里區,北基,,874,萬里區,中萬里加投,瑪鍊港口,27-97
萬里區,北基,,875,萬里區,中萬里加投,瑪鍊港口,27-98
萬里區,北基,,876,萬里區,中萬里加投,瑪鍊港口,27-99
萬里區,北基,,877,萬里區,中萬里加投,瑪鍊港口,27-100
萬里區,北基,,878,萬里區,中萬里加投,瑪鍊港口,27-101
萬里區,北基,,879,萬里區,中萬里加投,瑪鍊港口,27-102
萬里區,北基,,88,萬里區,中萬里加投,瑪鍊港口,147-45
萬里區,北基,,880,萬里區,中萬里加投,瑪鍊港口,27-103
萬里區,北基,,881,萬里區,中萬里加投,瑪鍊港口,27-104
萬里區,北基,,882,萬里區,中萬里加投,瑪鍊港口,27-105
萬里區,北基,,883,萬里區,中萬里加投,瑪鍊港口,27-106
萬里區,北基,,884,萬里區,中萬里加投,瑪鍊港口,27-107
萬里區,北基,,885,萬里區,中萬里加投,瑪鍊港口,27-108
萬里區,北基,,886,萬里區,中萬里加投,瑪鍊港口,27-109
萬里區,北基,,887,萬里區,中萬里加投,瑪鍊港口,27-110
萬里區,北基,,888,萬里區,中萬里加投,瑪鍊港口,27-111
萬里區,北基,,889,萬里區,中萬里加投,瑪鍊港口,27-128
萬里區,北基,,89,萬里區,中萬里加投,瑪鍊港口,147-44
萬里區,北基,,890,萬里區,中萬里加投,瑪鍊港口,27-129
萬里區,北基,,891,萬里區,中萬里加投,瑪鍊港口,27-130
萬里區,北基,,892,萬里區,中萬里加投,瑪鍊港口,27-131
萬里區,北基,,893,萬里區,中萬里加投,瑪鍊港口,27-132
萬里區,北基,,894,萬里區,中萬里加投,瑪鍊港口,27-133
萬里區,北基,,895,萬里區,中萬里加投,瑪鍊港口,27-134
萬里區,北基,,896,萬里區,中萬里加投,瑪鍊港口,27-135
萬里區,北基,,897,萬里區,中萬里加投,瑪鍊港口,27-136
萬里區,北基,,898,萬里區,中萬里加投,瑪鍊港口,27-137
萬里區,北基,,899,萬里區,中萬里加投,瑪鍊港口,27-138
萬里區,北基,,9,萬里區,中萬里加投,瑪鍊港口,149-35
萬里區,北基,,90,萬里區,中萬里加投,瑪鍊港口,147-26
萬里區,北基,,900,萬里區,中萬里加投,瑪鍊港口,27-139
萬里區,北基,,901,萬里區,中萬里加投,瑪鍊港口,27-140
萬里區,北基,,902,萬里區,中萬里加投,瑪鍊港口,27-141
萬里區,北基,,903,萬里區,中萬里加投,瑪鍊港口,27-153
萬里區,北基,,904,萬里區,中萬里加投,瑪鍊港口,27-152
萬里區,北基,,905,萬里區,中萬里加投,中幅子,185-33
萬里區,北基,,906,萬里區,中萬里加投,瑪鍊港口,27-151
萬里區,北基,,907,萬里區,中萬里加投,瑪鍊港口,27-150
萬里區,北基,,908,萬里區,中萬里加投,瑪鍊港口,27-149
萬里區,北基,,909,萬里區,中萬里加投,瑪鍊港口,27-148
萬里區,北基,,91,萬里區,中萬里加投,瑪鍊港口,147-14
萬里區,北基,,910,萬里區,中萬里加投,瑪鍊港口,27-147
萬里區,北基,,911,萬里區,中萬里加投,瑪鍊港口,27-146
萬里區,北基,,912,萬里區,中萬里加投,瑪鍊港口,27-145
萬里區,北基,,913,萬里區,中萬里加投,瑪鍊港口,27-144
萬里區,北基,,914,萬里區,中萬里加投,瑪鍊港口,27-143
萬里區,北基,,915,萬里區,中萬里加投,瑪鍊港口,27-142
萬里區,北基,,916,萬里區,中萬里加投,瑪鍊港口,27-154
萬里區,北基,,917,萬里區,中萬里加投,瑪鍊港口,27-155
萬里區,北基,,918,萬里區,中萬里加投,瑪鍊港口,27-156
萬里區,北基,,919,萬里區,中萬里加投,瑪鍊港口,27-157
萬里區,北基,,92,萬里區,中萬里加投,瑪鍊港口,147
萬里區,北基,,920,萬里區,中萬里加投,瑪鍊港口,27-158
萬里區,北基,,921,萬里區,中萬里加投,瑪鍊港口,27-159
萬里區,北基,,922,萬里區,中萬里加投,瑪鍊港口,27-160
萬里區,北基,,923,萬里區,中萬里加投,瑪鍊港口,27-161
萬里區,北基,,924,萬里區,中萬里加投,中幅子,185-27
萬里區,北基,,925,萬里區,中萬里加投,中幅子,185-28
萬里區,北基,,926,萬里區,中萬里加投,中幅子,185-29
萬里區,北基,,927,萬里區,中萬里加投,中幅子,185-30
萬里區,北基,,928,萬里區,中萬里加投,中幅子,185-31
萬里區,北基,,929,萬里區,中萬里加投,中幅子,185-32
萬里區,北基,,93,萬里區,中萬里加投,瑪鍊港口,147-32
萬里區,北基,,930,萬里區,中萬里加投,中幅子,185-62
萬里區,北基,,931,萬里區,中萬里加投,中幅子,185-61
萬里區,北基,,932,萬里區,中萬里加投,中幅子,185-60
萬里區,北基,,933,萬里區,中萬里加投,中幅子,185-59
萬里區,北基,,934,萬里區,中萬里加投,中幅子,185-58
萬里區,北基,,935,萬里區,中萬里加投,中幅子,185-57
萬里區,北基,,936,萬里區,中萬里加投,中幅子,185-56
萬里區,北基,,937,萬里區,中萬里加投,中幅子,185-55
萬里區,北基,,938,萬里區,中萬里加投,中幅子,185-54
萬里區,北基,,939,萬里區,中萬里加投,中幅子,185-53
萬里區,北基,,94,萬里區,中萬里加投,瑪鍊港口,145-23
萬里區,北基,,940,萬里區,中萬里加投,中幅子,185-52
萬里區,北基,,941,萬里區,中萬里加投,中幅子,185-51
萬里區,北基,,942,萬里區,中萬里加投,中幅子,185-50
萬里區,北基,,943,萬里區,中萬里加投,中幅子,185-49
萬里區,北基,,944,萬里區,中萬里加投,瑪鍊港口,27-162
萬里區,北基,,945,萬里區,中萬里加投,中幅子,185-63
萬里區,北基,,946,萬里區,中萬里加投,中幅子,185-64
萬里區,北基,,947,萬里區,中萬里加投,中幅子,185-65
萬里區,北基,,948,萬里區,中萬里加投,中幅子,185-66
萬里區,北基,,949,萬里區,中萬里加投,中幅子,185-67
萬里區,北基,,95,萬里區,中萬里加投,瑪鍊港口,145-5
萬里區,北基,,950,萬里區,中萬里加投,中幅子,185-68
萬里區,北基,,951,萬里區,中萬里加投,中幅子,185-69
萬里區,北基,,952,萬里區,中萬里加投,中幅子,185-70
萬里區,北基,,953,萬里區,中萬里加投,中幅子,185-71
萬里區,北基,,954,萬里區,中萬里加投,中幅子,185-72
萬里區,北基,,955,萬里區,中萬里加投,中幅子,185-73
萬里區,北基,,956,萬里區,中萬里加投,中幅子,185-74
萬里區,北基,,957,萬里區,中萬里加投,中幅子,185-75
萬里區,北基,,958,萬里區,中萬里加投,中幅子,185-76
萬里區,北基,,959,萬里區,中萬里加投,中幅子,185-84
萬里區,北基,,96,萬里區,中萬里加投,瑪鍊港口,147-13
萬里區,北基,,960,萬里區,中萬里加投,中幅子,185-83
萬里區,北基,,961,萬里區,中萬里加投,中幅子,185-82
萬里區,北基,,962,萬里區,中萬里加投,中幅子,185-81
萬里區,北基,,963,萬里區,中萬里加投,中幅子,185-80
萬里區,北基,,964,萬里區,中萬里加投,中幅子,185-79
萬里區,北基,,965,萬里區,中萬里加投,中幅子,185-78
萬里區,北基,,966,萬里區,中萬里加投,中幅子,185-77
萬里區,北基,,967,萬里區,中萬里加投,中幅子,185-85
萬里區,北基,,968,萬里區,中萬里加投,中幅子,185-86
萬里區,北基,,969,萬里區,中萬里加投,中幅子,185-87
萬里區,北基,,97,萬里區,中萬里加投,瑪鍊港口,147-25
萬里區,北基,,970,萬里區,中萬里加投,中幅子,185-88
萬里區,北基,,971,萬里區,中萬里加投,中幅子,185-89
萬里區,北基,,972,萬里區,中萬里加投,中幅子,185-90
萬里區,北基,,973,萬里區,中萬里加投,中幅子,185-91
萬里區,北基,,974,萬里區,中萬里加投,中幅子,185-92
萬里區,北基,,975,萬里區,中萬里加投,中幅子,185-93
萬里區,北基,,976,萬里區,中萬里加投,中幅子,185-101
萬里區,北基,,977,萬里區,中萬里加投,中幅子,185-100
萬里區,北基,,978,萬里區,中萬里加投,中幅子,185-99
萬里區,北基,,979,萬里區,中萬里加投,中幅子,185-98
萬里區,北基,,98,萬里區,中萬里加投,瑪鍊港口,147-43
萬里區,北基,,980,萬里區,中萬里加投,中幅子,185-97
萬里區,北基,,981,萬里區,中萬里加投,中幅子,185-96
萬里區,北基,,982,萬里區,中萬里加投,中幅子,185-95
萬里區,北基,,983,萬里區,中萬里加投,中幅子,185-94
萬里區,北基,,984,萬里區,中萬里加投,中幅子,185-102
萬里區,北基,,985,萬里區,中萬里加投,中幅子,185-103
萬里區,北基,,986,萬里區,中萬里加投,中幅子,185-104
萬里區,北基,,987,萬里區,中萬里加投,中幅子,185-105
萬里區,北基,,988,萬里區,中萬里加投,中幅子,185-106
萬里區,北基,,989,萬里區,中萬里加投,中幅子,185-107
萬里區,北基,,99,萬里區,中萬里加投,瑪鍊港口,147-30
萬里區,北基,,990,萬里區,中萬里加投,中幅子,185-108
萬里區,北基,,991,萬里區,中萬里加投,中幅子,185-109
萬里區,北基,,992,萬里區,中萬里加投,中幅子,185-110
萬里區,北基,,993,萬里區,中萬里加投,中幅子,185-111
萬里區,北基,,994,萬里區,中萬里加投,中幅子,185-112
萬里區,北基,,995,萬里區,中萬里加投,中幅子,190-8
萬里區,北基,,996,萬里區,中萬里加投,中幅子,185-121
萬里區,北基,,997,萬里區,中萬里加投,中幅子,190-4
萬里區,北基,,998,萬里區,中萬里加投,中幅子,185-120
萬里區,北基,,999,萬里區,中萬里加投,中幅子,185-119
萬里區,大坪,,1,萬里區,中萬里加投,大坪,4-1
萬里區,大坪,,100,萬里區,中萬里加投,大坪,25
萬里區,大坪,,1000,萬里區,中萬里加投,二坪,192-19
萬里區,大坪,,1001,萬里區,中萬里加投,二坪,201-1
萬里區,大坪,,1002,萬里區,中萬里加投,二坪,201-4
萬里區,大坪,,1003,萬里區,中萬里加投,二坪,201-3
萬里區,大坪,,1004,萬里區,中萬里加投,二坪,201
萬里區,大坪,,1005,萬里區,中萬里加投,二坪,201-2
萬里區,大坪,,1006,萬里區,中萬里加投,二坪,202
萬里區,大坪,,1007,萬里區,中萬里加投,二坪,202-1
萬里區,大坪,,1009,萬里區,中萬里加投,二坪,205-2
萬里區,大坪,,101,萬里區,中萬里加投,大坪,25-1
萬里區,大坪,,1010,萬里區,中萬里加投,二坪,205-7
萬里區,大坪,,1011,萬里區,中萬里加投,二坪,205-6
萬里區,大坪,,1012,萬里區,中萬里加投,二坪,205-5
萬里區,大坪,,1013,萬里區,中萬里加投,二坪,205-4
萬里區,大坪,,1014,萬里區,中萬里加投,二坪,205-1
萬里區,大坪,,1015,萬里區,中萬里加投,二坪,192-1
萬里區,大坪,,1016,萬里區,中萬里加投,二坪,206
萬里區,大坪,,1017,萬里區,中萬里加投,二坪,208
萬里區,大坪,,1018,萬里區,中萬里加投,二坪,212
萬里區,大坪,,1019,萬里區,中萬里加投,二坪,211
萬里區,大坪,,102,萬里區,中萬里加投,大坪,26-1
萬里區,大坪,,1020,萬里區,中萬里加投,二坪,210
萬里區,大坪,,1021,萬里區,中萬里加投,二坪,209
萬里區,大坪,,1022,萬里區,中萬里加投,二坪,213
萬里區,大坪,,1023,萬里區,中萬里加投,二坪,213-4
萬里區,大坪,,1024,萬里區,中萬里加投,二坪,213-3
萬里區,大坪,,1025,萬里區,中萬里加投,二坪,213-2
萬里區,大坪,,1026,萬里區,中萬里加投,二坪,220-1
萬里區,大坪,,1027,萬里區,中萬里加投,二坪,213-1
萬里區,大坪,,1029,萬里區,中萬里加投,二坪,220-4
萬里區,大坪,,103,萬里區,中萬里加投,大坪,26
萬里區,大坪,,1030,萬里區,中萬里加投,二坪,220
萬里區,大坪,,1031,萬里區,中萬里加投,二坪,220-5
萬里區,大坪,,1032,萬里區,中萬里加投,二坪,220-6
萬里區,大坪,,1033,萬里區,中萬里加投,二坪,230-1
萬里區,大坪,,1034,萬里區,中萬里加投,二坪,232-4
萬里區,大坪,,1035,萬里區,中萬里加投,二坪,232
萬里區,大坪,,1036,萬里區,中萬里加投,二坪,232-6
萬里區,大坪,,1037,萬里區,中萬里加投,二坪,231-1
萬里區,大坪,,1038,萬里區,中萬里加投,二坪,230-2
萬里區,大坪,,1039,萬里區,中萬里加投,二坪,230-3
萬里區,大坪,,1041,萬里區,中萬里加投,二坪,230
萬里區,大坪,,1043,萬里區,中萬里加投,二坪,224-1
萬里區,大坪,,1044,萬里區,中萬里加投,二坪,221
萬里區,大坪,,1045,萬里區,中萬里加投,二坪,223
萬里區,大坪,,1046,萬里區,中萬里加投,二坪,221-4
萬里區,大坪,,1047,萬里區,中萬里加投,二坪,221-8
萬里區,大坪,,1048,萬里區,中萬里加投,二坪,221-9
萬里區,大坪,,1049,萬里區,中萬里加投,二坪,221-10
萬里區,大坪,,105,萬里區,中萬里加投,大坪,31
萬里區,大坪,,1050,萬里區,中萬里加投,二坪,220-3
萬里區,大坪,,1051,萬里區,中萬里加投,二坪,220-2
萬里區,大坪,,1052,萬里區,中萬里加投,二坪,221-7
萬里區,大坪,,1053,萬里區,中萬里加投,二坪,221-2
萬里區,大坪,,1054,萬里區,中萬里加投,二坪,221-3
萬里區,大坪,,1055,萬里區,中萬里加投,二坪,217
萬里區,大坪,,1056,萬里區,中萬里加投,二坪,221-18
萬里區,大坪,,1057,萬里區,中萬里加投,二坪,221-16
萬里區,大坪,,1058,萬里區,中萬里加投,二坪,221-15
萬里區,大坪,,1059,萬里區,中萬里加投,二坪,221-17
萬里區,大坪,,106,萬里區,中萬里加投,大坪,32
萬里區,大坪,,1060,萬里區,中萬里加投,二坪,221-1
萬里區,大坪,,1061,萬里區,中萬里加投,二坪,221-13
萬里區,大坪,,1062,萬里區,中萬里加投,二坪,221-14
萬里區,大坪,,1063,萬里區,中萬里加投,二坪,221-11
萬里區,大坪,,1064,萬里區,中萬里加投,二坪,221-12
萬里區,大坪,,1066,萬里區,中萬里加投,二坪,216-2
萬里區,大坪,,1067,萬里區,中萬里加投,二坪,216
萬里區,大坪,,1068,萬里區,中萬里加投,二坪,216-1
萬里區,大坪,,1069,萬里區,中萬里加投,二坪,218
萬里區,大坪,,107,萬里區,中萬里加投,大坪,33
萬里區,大坪,,1070,萬里區,中萬里加投,二坪,214
萬里區,大坪,,1072,萬里區,中萬里加投,二坪,207-1
萬里區,大坪,,1073,萬里區,中萬里加投,二坪,207
萬里區,大坪,,1075,萬里區,中萬里加投,二坪,207-2
萬里區,大坪,,1076,萬里區,中萬里加投,二坪,219
萬里區,大坪,,1077,萬里區,中萬里加投,二坪,205
萬里區,大坪,,1078,萬里區,中萬里加投,二坪,205-3
萬里區,大坪,,108,萬里區,中萬里加投,大坪,34-2
萬里區,大坪,,1080,萬里區,中萬里加投,二坪,219-1
萬里區,大坪,,1081,萬里區,中萬里加投,大坪,287-3
萬里區,大坪,,1082,萬里區,中萬里加投,大坪,287-9
萬里區,大坪,,1083,萬里區,中萬里加投,大坪,289-1
萬里區,大坪,,1084,萬里區,中萬里加投,大坪,289-2
萬里區,大坪,,1085,萬里區,中萬里加投,大坪,289
萬里區,大坪,,1086,萬里區,中萬里加投,大坪,291-4
萬里區,大坪,,1087,萬里區,中萬里加投,大坪,294-1
萬里區,大坪,,1088,萬里區,中萬里加投,大坪,294-4
萬里區,大坪,,109,萬里區,中萬里加投,大坪,35
萬里區,大坪,,1090,萬里區,中萬里加投,大坪,295
萬里區,大坪,,1091,萬里區,中萬里加投,大坪,296
萬里區,大坪,,1092,萬里區,中萬里加投,大坪,287-10
萬里區,大坪,,1093,萬里區,中萬里加投,大坪,288
萬里區,大坪,,1094,萬里區,中萬里加投,大坪,287-8
萬里區,大坪,,1095,萬里區,中萬里加投,大坪,297
萬里區,大坪,,1098,萬里區,中萬里加投,大坪,287-11
萬里區,大坪,,1099,萬里區,中萬里加投,大坪,287-5
萬里區,大坪,,11,萬里區,中萬里加投,二坪,1
萬里區,大坪,,110,萬里區,中萬里加投,大坪,29
萬里區,大坪,,1100,萬里區,中萬里加投,大坪,287-6
萬里區,大坪,,1102,萬里區,中萬里加投,大坪,298
萬里區,大坪,,1103,萬里區,中萬里加投,大坪,294-9
萬里區,大坪,,1104,萬里區,中萬里加投,大坪,286-2
萬里區,大坪,,1105,萬里區,中萬里加投,大坪,286-3
萬里區,大坪,,1107,萬里區,中萬里加投,大坪,287-4
萬里區,大坪,,1108,萬里區,中萬里加投,大坪,270-1
萬里區,大坪,,111,萬里區,中萬里加投,大坪,28
萬里區,大坪,,1110,萬里區,中萬里加投,大坪,270
萬里區,大坪,,1111,萬里區,中萬里加投,大坪,259-1
萬里區,大坪,,1112,萬里區,中萬里加投,大坪,287-1
萬里區,大坪,,1113,萬里區,中萬里加投,大坪,287-2
萬里區,大坪,,1114,萬里區,中萬里加投,大坪,287-7
萬里區,大坪,,1115,萬里區,中萬里加投,大坪,269
萬里區,大坪,,1116,萬里區,中萬里加投,二坪,204-8
萬里區,大坪,,1117,萬里區,中萬里加投,二坪,204-10
萬里區,大坪,,1118,萬里區,中萬里加投,二坪,204-11
萬里區,大坪,,1119,萬里區,中萬里加投,二坪,204-1
萬里區,大坪,,112,萬里區,中萬里加投,二坪,26
萬里區,大坪,,1120,萬里區,中萬里加投,二坪,204-9
萬里區,大坪,,1121,萬里區,中萬里加投,二坪,204
萬里區,大坪,,1122,萬里區,中萬里加投,二坪,204-4
萬里區,大坪,,1123,萬里區,中萬里加投,二坪,204-2
萬里區,大坪,,1124,萬里區,中萬里加投,二坪,204-5
萬里區,大坪,,1125,萬里區,中萬里加投,二坪,204-6
萬里區,大坪,,1126,萬里區,中萬里加投,二坪,204-7
萬里區,大坪,,1127,萬里區,中萬里加投,二坪,204-3
萬里區,大坪,,1128,萬里區,中萬里加投,二坪,203-1
萬里區,大坪,,1129,萬里區,中萬里加投,二坪,203
萬里區,大坪,,1130,萬里區,中萬里加投,大坪,260-5
萬里區,大坪,,1131,萬里區,中萬里加投,大坪,260-4
萬里區,大坪,,1132,萬里區,中萬里加投,大坪,260
萬里區,大坪,,1133,萬里區,中萬里加投,大坪,264
萬里區,大坪,,1134,萬里區,中萬里加投,大坪,266
萬里區,大坪,,1135,萬里區,中萬里加投,大坪,267
萬里區,大坪,,1136,萬里區,中萬里加投,大坪,268
萬里區,大坪,,1137,萬里區,中萬里加投,大坪,260-3
萬里區,大坪,,1138,萬里區,中萬里加投,大坪,260-1
萬里區,大坪,,1139,萬里區,中萬里加投,大坪,261-3
萬里區,大坪,,114,萬里區,中萬里加投,二坪,23
萬里區,大坪,,1140,萬里區,中萬里加投,大坪,261-1
萬里區,大坪,,1141,萬里區,中萬里加投,大坪,261-5
萬里區,大坪,,1142,萬里區,中萬里加投,大坪,261
萬里區,大坪,,1143,萬里區,中萬里加投,大坪,261-2
萬里區,大坪,,1144,萬里區,中萬里加投,大坪,261-4
萬里區,大坪,,1145,萬里區,中萬里加投,大坪,260-2
萬里區,大坪,,1147,萬里區,中萬里加投,大坪,247
萬里區,大坪,,1148,萬里區,中萬里加投,大坪,242
萬里區,大坪,,1149,萬里區,中萬里加投,大坪,242-2
萬里區,大坪,,115,萬里區,中萬里加投,二坪,25-1
萬里區,大坪,,1150,萬里區,中萬里加投,大坪,242-1
萬里區,大坪,,1151,萬里區,中萬里加投,大坪,250
萬里區,大坪,,1152,萬里區,中萬里加投,大坪,248
萬里區,大坪,,1153,萬里區,中萬里加投,大坪,248-1
萬里區,大坪,,1155,萬里區,中萬里加投,大坪,259-2
萬里區,大坪,,1156,萬里區,中萬里加投,大坪,259
萬里區,大坪,,1157,萬里區,中萬里加投,大坪,258
萬里區,大坪,,1159,萬里區,中萬里加投,大坪,257
萬里區,大坪,,116,萬里區,中萬里加投,二坪,25
萬里區,大坪,,1160,萬里區,中萬里加投,大坪,276
萬里區,大坪,,1161,萬里區,中萬里加投,大坪,276-2
萬里區,大坪,,1162,萬里區,中萬里加投,大坪,271-2
萬里區,大坪,,1163,萬里區,中萬里加投,大坪,271-3
萬里區,大坪,,1164,萬里區,中萬里加投,大坪,271
萬里區,大坪,,1165,萬里區,中萬里加投,大坪,273-1
萬里區,大坪,,1166,萬里區,中萬里加投,大坪,274-2
萬里區,大坪,,1167,萬里區,中萬里加投,大坪,274-3
萬里區,大坪,,1168,萬里區,中萬里加投,大坪,280-1
萬里區,大坪,,1169,萬里區,中萬里加投,大坪,274
萬里區,大坪,,1170,萬里區,中萬里加投,大坪,280-2
萬里區,大坪,,1171,萬里區,中萬里加投,大坪,276-4
萬里區,大坪,,1172,萬里區,中萬里加投,大坪,276-1
萬里區,大坪,,1173,萬里區,中萬里加投,大坪,278
萬里區,大坪,,1174,萬里區,中萬里加投,大坪,277
萬里區,大坪,,1175,萬里區,中萬里加投,大坪,279-1
萬里區,大坪,,1176,萬里區,中萬里加投,大坪,278-1
萬里區,大坪,,1177,萬里區,中萬里加投,大坪,257-1
萬里區,大坪,,1178,萬里區,頂萬里加投,大坪崙子,126
萬里區,大坪,,1179,萬里區,頂萬里加投,大坪崙子,125-3
萬里區,大坪,,118,萬里區,中萬里加投,二坪,36-1
萬里區,大坪,,1180,萬里區,頂萬里加投,大坪崙子,125-2
萬里區,大坪,,1181,萬里區,頂萬里加投,大坪崙子,125-1
萬里區,大坪,,1182,萬里區,頂萬里加投,大坪崙子,125
萬里區,大坪,,1183,萬里區,頂萬里加投,大坪崙子,124
萬里區,大坪,,1184,萬里區,頂萬里加投,大坪崙子,124-1
萬里區,大坪,,1185,萬里區,頂萬里加投,大坪崙子,34
萬里區,大坪,,1186,萬里區,頂萬里加投,大坪崙子,33
萬里區,大坪,,1187,萬里區,頂萬里加投,大坪崙子,124-2
萬里區,大坪,,1188,萬里區,頂萬里加投,大坪崙子,124-3
萬里區,大坪,,1189,萬里區,頂萬里加投,大坪崙子,124-4
萬里區,大坪,,119,萬里區,中萬里加投,二坪,36
萬里區,大坪,,1190,萬里區,頂萬里加投,大坪崙子,22
萬里區,大坪,,1191,萬里區,頂萬里加投,大坪崙子,22-2
萬里區,大坪,,1192,萬里區,頂萬里加投,大坪崙子,121-2
萬里區,大坪,,1193,萬里區,頂萬里加投,大坪崙子,121-1
萬里區,大坪,,1194,萬里區,頂萬里加投,大坪崙子,124-5
萬里區,大坪,,1195,萬里區,頂萬里加投,大坪崙子,35-1
萬里區,大坪,,1196,萬里區,頂萬里加投,大坪崙子,121
萬里區,大坪,,1197,萬里區,頂萬里加投,大坪崙子,26
萬里區,大坪,,1198,萬里區,頂萬里加投,大坪崙子,31-1
萬里區,大坪,,1199,萬里區,頂萬里加投,大坪崙子,31
萬里區,大坪,,12,萬里區,中萬里加投,二坪,5-3
萬里區,大坪,,120,萬里區,中萬里加投,二坪,35
萬里區,大坪,,1200,萬里區,頂萬里加投,大坪崙子,27
萬里區,大坪,,1201,萬里區,頂萬里加投,大坪崙子,27-1
萬里區,大坪,,1202,萬里區,頂萬里加投,大坪崙子,38
萬里區,大坪,,1203,萬里區,頂萬里加投,大坪崙子,118
萬里區,大坪,,1204,萬里區,頂萬里加投,大坪崙子,118-1
萬里區,大坪,,1205,萬里區,頂萬里加投,大坪崙子,41-1
萬里區,大坪,,1206,萬里區,頂萬里加投,大坪崙子,41
萬里區,大坪,,1207,萬里區,頂萬里加投,大坪崙子,43
萬里區,大坪,,1208,萬里區,頂萬里加投,大坪崙子,40
萬里區,大坪,,1209,萬里區,頂萬里加投,大坪崙子,39
萬里區,大坪,,121,萬里區,中萬里加投,二坪,34
萬里區,大坪,,1210,萬里區,頂萬里加投,大坪崙子,35-5
萬里區,大坪,,1211,萬里區,頂萬里加投,大坪崙子,35-2
萬里區,大坪,,1212,萬里區,頂萬里加投,大坪崙子,37
萬里區,大坪,,1214,萬里區,頂萬里加投,大坪崙子,36-4
萬里區,大坪,,1215,萬里區,頂萬里加投,大坪崙子,36-1
萬里區,大坪,,1216,萬里區,頂萬里加投,大坪崙子,36
萬里區,大坪,,1217,萬里區,頂萬里加投,大坪崙子,35-11
萬里區,大坪,,1218,萬里區,頂萬里加投,大坪崙子,32
萬里區,大坪,,122,萬里區,中萬里加投,二坪,32
萬里區,大坪,,1220,萬里區,頂萬里加投,大坪崙子,35-10
萬里區,大坪,,1221,萬里區,頂萬里加投,大坪崙子,36-3
萬里區,大坪,,1222,萬里區,頂萬里加投,大坪崙子,35-4
萬里區,大坪,,1223,萬里區,頂萬里加投,大坪崙子,35-6
萬里區,大坪,,1224,萬里區,頂萬里加投,大坪崙子,35-9
萬里區,大坪,,1225,萬里區,頂萬里加投,大坪崙子,35-8
萬里區,大坪,,1226,萬里區,頂萬里加投,大坪崙子,35-7
萬里區,大坪,,1227,萬里區,頂萬里加投,大坪崙子,35
萬里區,大坪,,1228,萬里區,頂萬里加投,大坪崙子,35-3
萬里區,大坪,,1229,萬里區,頂萬里加投,大坪崙子,136
萬里區,大坪,,123,萬里區,中萬里加投,二坪,26-1
萬里區,大坪,,1230,萬里區,頂萬里加投,大坪崙子,136-1
萬里區,大坪,,1231,萬里區,頂萬里加投,大坪崙子,137
萬里區,大坪,,1232,萬里區,頂萬里加投,大坪崙子,68
萬里區,大坪,,1233,萬里區,頂萬里加投,大坪崙子,68-1
萬里區,大坪,,1234,萬里區,頂萬里加投,大坪崙子,68-2
萬里區,大坪,,1235,萬里區,頂萬里加投,大坪崙子,138-2
萬里區,大坪,,1236,萬里區,頂萬里加投,大坪崙子,134-1
萬里區,大坪,,1237,萬里區,頂萬里加投,大坪崙子,134-3
萬里區,大坪,,1238,萬里區,頂萬里加投,大坪崙子,134-2
萬里區,大坪,,1239,萬里區,頂萬里加投,大坪崙子,138-1
萬里區,大坪,,124,萬里區,中萬里加投,二坪,26-2
萬里區,大坪,,1240,萬里區,頂萬里加投,大坪崙子,68-3
萬里區,大坪,,1241,萬里區,頂萬里加投,大坪崙子,69-2
萬里區,大坪,,1242,萬里區,頂萬里加投,大坪崙子,72
萬里區,大坪,,1243,萬里區,頂萬里加投,大坪崙子,138
萬里區,大坪,,1244,萬里區,頂萬里加投,大坪崙子,134
萬里區,大坪,,1245,萬里區,頂萬里加投,大坪崙子,139
萬里區,大坪,,1246,萬里區,頂萬里加投,大坪崙子,139-13
萬里區,大坪,,1247,萬里區,頂萬里加投,大坪崙子,78
萬里區,大坪,,1248,萬里區,頂萬里加投,大坪崙子,78-1
萬里區,大坪,,1249,萬里區,頂萬里加投,大坪崙子,78-2
萬里區,大坪,,125,萬里區,中萬里加投,二坪,26-3
萬里區,大坪,,1250,萬里區,頂萬里加投,大坪崙子,78-3
萬里區,大坪,,1252,萬里區,頂萬里加投,大坪崙子,80-3
萬里區,大坪,,1253,萬里區,頂萬里加投,大坪崙子,80-2
萬里區,大坪,,1254,萬里區,頂萬里加投,大坪崙子,80-1
萬里區,大坪,,1255,萬里區,頂萬里加投,大坪崙子,79
萬里區,大坪,,1256,萬里區,頂萬里加投,大坪崙子,79-1
萬里區,大坪,,1257,萬里區,頂萬里加投,大坪崙子,80
萬里區,大坪,,1258,萬里區,頂萬里加投,大坪崙子,79-2
萬里區,大坪,,1259,萬里區,頂萬里加投,大坪崙子,73
萬里區,大坪,,1260,萬里區,頂萬里加投,大坪崙子,79-3
萬里區,大坪,,1261,萬里區,頂萬里加投,大坪崙子,79-7
萬里區,大坪,,1262,萬里區,頂萬里加投,大坪崙子,71
萬里區,大坪,,1263,萬里區,頂萬里加投,大坪崙子,79-8
萬里區,大坪,,1264,萬里區,頂萬里加投,大坪崙子,71-1
萬里區,大坪,,1265,萬里區,頂萬里加投,大坪崙子,79-4
萬里區,大坪,,1266,萬里區,頂萬里加投,大坪崙子,70
萬里區,大坪,,1267,萬里區,頂萬里加投,大坪崙子,79-5
萬里區,大坪,,1268,萬里區,頂萬里加投,大坪崙子,79-6
萬里區,大坪,,1269,萬里區,頂萬里加投,大坪崙子,65
萬里區,大坪,,1270,萬里區,頂萬里加投,大坪崙子,65-2
萬里區,大坪,,1272,萬里區,頂萬里加投,大坪崙子,67-1
萬里區,大坪,,1273,萬里區,頂萬里加投,大坪崙子,67
萬里區,大坪,,1275,萬里區,頂萬里加投,大坪崙子,66
萬里區,大坪,,1276,萬里區,頂萬里加投,大坪崙子,64
萬里區,大坪,,1277,萬里區,頂萬里加投,大坪崙子,63
萬里區,大坪,,1278,萬里區,頂萬里加投,大坪崙子,64-1
萬里區,大坪,,1279,萬里區,頂萬里加投,大坪崙子,82
萬里區,大坪,,1280,萬里區,頂萬里加投,大坪崙子,82-5
萬里區,大坪,,1281,萬里區,頂萬里加投,大坪崙子,82-6
萬里區,大坪,,1282,萬里區,頂萬里加投,大坪崙子,82-1
萬里區,大坪,,1283,萬里區,頂萬里加投,大坪崙子,82-7
萬里區,大坪,,1284,萬里區,頂萬里加投,大坪崙子,81
萬里區,大坪,,1285,萬里區,頂萬里加投,大坪崙子,82-2
萬里區,大坪,,1286,萬里區,頂萬里加投,大坪崙子,83-6
萬里區,大坪,,1287,萬里區,頂萬里加投,大坪崙子,82-3
萬里區,大坪,,1288,萬里區,頂萬里加投,大坪崙子,82-4
萬里區,大坪,,1289,萬里區,頂萬里加投,大坪崙子,83-8
萬里區,大坪,,129,萬里區,中萬里加投,二坪,30
萬里區,大坪,,1290,萬里區,頂萬里加投,大坪崙子,83-7
萬里區,大坪,,1291,萬里區,頂萬里加投,大坪崙子,83-13
萬里區,大坪,,1292,萬里區,頂萬里加投,大坪崙子,83-11
萬里區,大坪,,1293,萬里區,頂萬里加投,大坪崙子,83-12
萬里區,大坪,,1294,萬里區,頂萬里加投,大坪崙子,83-3
萬里區,大坪,,1295,萬里區,頂萬里加投,大坪崙子,83-5
萬里區,大坪,,1296,萬里區,頂萬里加投,大坪崙子,85-1
萬里區,大坪,,1297,萬里區,頂萬里加投,大坪崙子,86
萬里區,大坪,,1298,萬里區,頂萬里加投,大坪崙子,85
萬里區,大坪,,1299,萬里區,頂萬里加投,大坪崙子,84-10
萬里區,大坪,,13,萬里區,中萬里加投,二坪,2
萬里區,大坪,,130,萬里區,中萬里加投,二坪,28
萬里區,大坪,,1300,萬里區,頂萬里加投,大坪崙子,84
萬里區,大坪,,1301,萬里區,頂萬里加投,大坪崙子,84-9
萬里區,大坪,,1302,萬里區,頂萬里加投,大坪崙子,83-2
萬里區,大坪,,1303,萬里區,頂萬里加投,大坪崙子,83
萬里區,大坪,,1304,萬里區,頂萬里加投,大坪崙子,83-1
萬里區,大坪,,1305,萬里區,頂萬里加投,大坪崙子,83-9
萬里區,大坪,,1306,萬里區,頂萬里加投,大坪崙子,83-10
萬里區,大坪,,1307,萬里區,頂萬里加投,大坪崙子,84-1
萬里區,大坪,,1308,萬里區,頂萬里加投,大坪崙子,84-3
萬里區,大坪,,1309,萬里區,頂萬里加投,大坪崙子,84-5
萬里區,大坪,,131,萬里區,中萬里加投,二坪,28-1
萬里區,大坪,,1310,萬里區,頂萬里加投,大坪崙子,84-6
萬里區,大坪,,1311,萬里區,頂萬里加投,大坪崙子,84-8
萬里區,大坪,,1312,萬里區,頂萬里加投,大坪崙子,84-7
萬里區,大坪,,1313,萬里區,頂萬里加投,大坪崙子,84-4
萬里區,大坪,,1315,萬里區,頂萬里加投,大坪崙子,61-1
萬里區,大坪,,1316,萬里區,頂萬里加投,大坪崙子,62
萬里區,大坪,,1317,萬里區,頂萬里加投,大坪崙子,61
萬里區,大坪,,1318,萬里區,頂萬里加投,大坪崙子,60
萬里區,大坪,,1319,萬里區,頂萬里加投,大坪崙子,61-2
萬里區,大坪,,1320,萬里區,頂萬里加投,大坪崙子,105-2
萬里區,大坪,,1321,萬里區,頂萬里加投,大坪崙子,105-9
萬里區,大坪,,1323,萬里區,頂萬里加投,大坪崙子,87-3
萬里區,大坪,,1324,萬里區,頂萬里加投,大坪崙子,87-4
萬里區,大坪,,1326,萬里區,頂萬里加投,大坪崙子,87-5
萬里區,大坪,,1327,萬里區,頂萬里加投,大坪崙子,87-7
萬里區,大坪,,1328,萬里區,頂萬里加投,大坪崙子,87-6
萬里區,大坪,,1329,萬里區,頂萬里加投,大坪崙子,87-1
萬里區,大坪,,133,萬里區,中萬里加投,二坪,31
萬里區,大坪,,1330,萬里區,頂萬里加投,大坪崙子,87
萬里區,大坪,,1331,萬里區,頂萬里加投,大坪崙子,87-2
萬里區,大坪,,1332,萬里區,頂萬里加投,大坪崙子,90
萬里區,大坪,,1333,萬里區,頂萬里加投,大坪崙子,91
萬里區,大坪,,1335,萬里區,頂萬里加投,大坪崙子,92-9
萬里區,大坪,,1336,萬里區,頂萬里加投,大坪崙子,92-1
萬里區,大坪,,1337,萬里區,頂萬里加投,大坪崙子,92-21
萬里區,大坪,,1338,萬里區,頂萬里加投,大坪崙子,92-22
萬里區,大坪,,1339,萬里區,頂萬里加投,大坪崙子,92-23
萬里區,大坪,,134,萬里區,中萬里加投,二坪,29
萬里區,大坪,,1340,萬里區,頂萬里加投,大坪崙子,92-18
萬里區,大坪,,1341,萬里區,頂萬里加投,大坪崙子,92-14
萬里區,大坪,,1342,萬里區,頂萬里加投,大坪崙子,92-15
萬里區,大坪,,1343,萬里區,頂萬里加投,大坪崙子,105-8
萬里區,大坪,,1344,萬里區,頂萬里加投,大坪崙子,92-6
萬里區,大坪,,1345,萬里區,頂萬里加投,大坪崙子,92-13
萬里區,大坪,,1346,萬里區,頂萬里加投,大坪崙子,56-11
萬里區,大坪,,1347,萬里區,頂萬里加投,大坪崙子,56-3
萬里區,大坪,,1348,萬里區,頂萬里加投,大坪崙子,105-1
萬里區,大坪,,1349,萬里區,頂萬里加投,大坪崙子,105
萬里區,大坪,,135,萬里區,中萬里加投,大坪,34-4
萬里區,大坪,,1350,萬里區,頂萬里加投,大坪崙子,59
萬里區,大坪,,1351,萬里區,頂萬里加投,大坪崙子,105-5
萬里區,大坪,,1352,萬里區,頂萬里加投,大坪崙子,105-4
萬里區,大坪,,1353,萬里區,頂萬里加投,大坪崙子,58-1
萬里區,大坪,,1354,萬里區,頂萬里加投,大坪崙子,58
萬里區,大坪,,1356,萬里區,頂萬里加投,大坪崙子,57
萬里區,大坪,,1357,萬里區,頂萬里加投,大坪崙子,56
萬里區,大坪,,1358,萬里區,頂萬里加投,大坪崙子,56-1
萬里區,大坪,,1359,萬里區,頂萬里加投,大坪崙子,56-2
萬里區,大坪,,136,萬里區,中萬里加投,大坪,36
萬里區,大坪,,1360,萬里區,頂萬里加投,大坪崙子,56-4
萬里區,大坪,,1361,萬里區,頂萬里加投,大坪崙子,105-10
萬里區,大坪,,1362,萬里區,頂萬里加投,大坪崙子,105-3
萬里區,大坪,,1363,萬里區,頂萬里加投,大坪崙子,56-5
萬里區,大坪,,1364,萬里區,頂萬里加投,大坪崙子,56-6
萬里區,大坪,,1365,萬里區,頂萬里加投,大坪崙子,105-6
萬里區,大坪,,1366,萬里區,頂萬里加投,大坪崙子,105-7
萬里區,大坪,,1367,萬里區,頂萬里加投,大坪崙子,56-7
萬里區,大坪,,1368,萬里區,頂萬里加投,大坪崙子,56-8
萬里區,大坪,,1369,萬里區,頂萬里加投,大坪崙子,56-9
萬里區,大坪,,137,萬里區,中萬里加投,大坪,43
萬里區,大坪,,1370,萬里區,頂萬里加投,大坪崙子,56-10
萬里區,大坪,,1371,萬里區,頂萬里加投,大坪崙子,92-12
萬里區,大坪,,1372,萬里區,頂萬里加投,大坪崙子,92-11
萬里區,大坪,,1373,萬里區,頂萬里加投,大坪崙子,92-4
萬里區,大坪,,1374,萬里區,頂萬里加投,大坪崙子,103-1
萬里區,大坪,,1375,萬里區,頂萬里加投,大坪崙子,103
萬里區,大坪,,1377,萬里區,頂萬里加投,大坪崙子,92-10
萬里區,大坪,,1378,萬里區,頂萬里加投,大坪崙子,95-2
萬里區,大坪,,138,萬里區,中萬里加投,大坪,42-1
萬里區,大坪,,1380,萬里區,頂萬里加投,大坪崙子,95-1
萬里區,大坪,,1381,萬里區,頂萬里加投,大坪崙子,95
萬里區,大坪,,1382,萬里區,頂萬里加投,大坪崙子,94
萬里區,大坪,,1383,萬里區,頂萬里加投,大坪崙子,92
萬里區,大坪,,1384,萬里區,頂萬里加投,大坪崙子,92-3
萬里區,大坪,,1385,萬里區,頂萬里加投,大坪崙子,93
萬里區,大坪,,1386,萬里區,頂萬里加投,大坪崙子,92-20
萬里區,大坪,,1388,萬里區,頂萬里加投,崁腳,159
萬里區,大坪,,1389,萬里區,頂萬里加投,崁腳,159-1
萬里區,大坪,,139,萬里區,中萬里加投,大坪,41
萬里區,大坪,,1390,萬里區,頂萬里加投,崁腳,160-6
萬里區,大坪,,1391,萬里區,頂萬里加投,崁腳,160-1
萬里區,大坪,,1392,萬里區,頂萬里加投,崁腳,160
萬里區,大坪,,1393,萬里區,頂萬里加投,崁腳,161-2
萬里區,大坪,,1394,萬里區,頂萬里加投,崁腳,161-1
萬里區,大坪,,1395,萬里區,頂萬里加投,崁腳,160-2
萬里區,大坪,,1396,萬里區,頂萬里加投,崁腳,160-3
萬里區,大坪,,1397,萬里區,頂萬里加投,崁腳,154-4
萬里區,大坪,,1398,萬里區,頂萬里加投,崁腳,154-2
萬里區,大坪,,1399,萬里區,頂萬里加投,崁腳,154-3
萬里區,大坪,,14,萬里區,中萬里加投,二坪,3
萬里區,大坪,,140,萬里區,中萬里加投,大坪,42
萬里區,大坪,,1400,萬里區,頂萬里加投,崁腳,155-2
萬里區,大坪,,1401,萬里區,頂萬里加投,崁腳,154-1
萬里區,大坪,,1402,萬里區,頂萬里加投,崁腳,154
萬里區,大坪,,1403,萬里區,頂萬里加投,崁腳,155
萬里區,大坪,,1404,萬里區,頂萬里加投,崁腳,155-1
萬里區,大坪,,1405,萬里區,頂萬里加投,崁腳,156-1
萬里區,大坪,,1406,萬里區,頂萬里加投,崁腳,156
萬里區,大坪,,1407,萬里區,頂萬里加投,崁腳,157
萬里區,大坪,,1408,萬里區,頂萬里加投,崁腳,157-1
萬里區,大坪,,1409,萬里區,頂萬里加投,崁腳,157-2
萬里區,大坪,,141,萬里區,中萬里加投,大坪,34
萬里區,大坪,,1410,萬里區,頂萬里加投,崁腳,158
萬里區,大坪,,1411,萬里區,頂萬里加投,崁腳,157-3
萬里區,大坪,,1412,萬里區,頂萬里加投,崁腳,157-4
萬里區,大坪,,1413,萬里區,頂萬里加投,崁腳,160-5
萬里區,大坪,,1414,萬里區,頂萬里加投,崁腳,160-4
萬里區,大坪,,1415,萬里區,頂萬里加投,崁腳,177-5
萬里區,大坪,,1416,萬里區,頂萬里加投,崁腳,177-7
萬里區,大坪,,1417,萬里區,頂萬里加投,崁腳,177-6
萬里區,大坪,,1418,萬里區,頂萬里加投,崁腳,177-2
萬里區,大坪,,1419,萬里區,頂萬里加投,崁腳,177-4
萬里區,大坪,,142,萬里區,中萬里加投,大坪,34-3
萬里區,大坪,,1420,萬里區,頂萬里加投,崁腳,177-3
萬里區,大坪,,1421,萬里區,頂萬里加投,崁腳,177-1
萬里區,大坪,,1422,萬里區,頂萬里加投,崁腳,177
萬里區,大坪,,1423,萬里區,頂萬里加投,崁腳,174-1
萬里區,大坪,,1424,萬里區,頂萬里加投,崁腳,176
萬里區,大坪,,1425,萬里區,頂萬里加投,崁腳,175-1
萬里區,大坪,,1426,萬里區,頂萬里加投,崁腳,175
萬里區,大坪,,1427,萬里區,頂萬里加投,崁腳,173
萬里區,大坪,,1428,萬里區,頂萬里加投,崁腳,174
萬里區,大坪,,1429,萬里區,頂萬里加投,崁腳,169
萬里區,大坪,,143,萬里區,中萬里加投,大坪,37
萬里區,大坪,,1430,萬里區,頂萬里加投,崁腳,170
萬里區,大坪,,1431,萬里區,頂萬里加投,崁腳,169-1
萬里區,大坪,,1432,萬里區,頂萬里加投,崁腳,172-1
萬里區,大坪,,1433,萬里區,頂萬里加投,崁腳,172
萬里區,大坪,,1434,萬里區,頂萬里加投,崁腳,171
萬里區,大坪,,1435,萬里區,頂萬里加投,崁腳,163
萬里區,大坪,,1436,萬里區,頂萬里加投,崁腳,167
萬里區,大坪,,1437,萬里區,頂萬里加投,崁腳,168
萬里區,大坪,,1438,萬里區,頂萬里加投,崁腳,167-1
萬里區,大坪,,1439,萬里區,頂萬里加投,崁腳,161
萬里區,大坪,,144,萬里區,中萬里加投,大坪,38
萬里區,大坪,,1440,萬里區,頂萬里加投,崁腳,162
萬里區,大坪,,1441,萬里區,頂萬里加投,崁腳,166
萬里區,大坪,,1442,萬里區,頂萬里加投,崁腳,165
萬里區,大坪,,1443,萬里區,頂萬里加投,崁腳,164
萬里區,大坪,,1445,萬里區,頂萬里加投,崁腳,199-81
萬里區,大坪,,1446,萬里區,頂萬里加投,崁腳,199-83
萬里區,大坪,,1447,萬里區,頂萬里加投,崁腳,199-67
萬里區,大坪,,1448,萬里區,頂萬里加投,崁腳,199-66
萬里區,大坪,,1449,萬里區,頂萬里加投,崁腳,199-5
萬里區,大坪,,145,萬里區,中萬里加投,大坪,34-1
萬里區,大坪,,1450,萬里區,頂萬里加投,崁腳,199-58
萬里區,大坪,,1451,萬里區,頂萬里加投,崁腳,199-57
萬里區,大坪,,1452,萬里區,頂萬里加投,崁腳,199-56
萬里區,大坪,,1453,萬里區,頂萬里加投,崁腳,199-51
萬里區,大坪,,1454,萬里區,頂萬里加投,崁腳,199-50
萬里區,大坪,,1455,萬里區,頂萬里加投,崁腳,199-6
萬里區,大坪,,1456,萬里區,頂萬里加投,崁腳,199-8
萬里區,大坪,,1457,萬里區,頂萬里加投,崁腳,199-87
萬里區,大坪,,1458,萬里區,頂萬里加投,崁腳,199-9
萬里區,大坪,,1459,萬里區,頂萬里加投,崁腳,199-3
萬里區,大坪,,146,萬里區,中萬里加投,大坪,24
萬里區,大坪,,1460,萬里區,頂萬里加投,崁腳,199-1
萬里區,大坪,,1461,萬里區,頂萬里加投,崁腳,199-7
萬里區,大坪,,1462,萬里區,頂萬里加投,崁腳,199-68
萬里區,大坪,,1463,萬里區,頂萬里加投,崁腳,199-10
萬里區,大坪,,1464,萬里區,頂萬里加投,崁腳,199-69
萬里區,大坪,,1465,萬里區,頂萬里加投,崁腳,199-80
萬里區,大坪,,1466,萬里區,頂萬里加投,崁腳,199-46
萬里區,大坪,,1467,萬里區,頂萬里加投,崁腳,199-45
萬里區,大坪,,1468,萬里區,頂萬里加投,崁腳,199-27
萬里區,大坪,,1469,萬里區,頂萬里加投,崁腳,199-28
萬里區,大坪,,147,萬里區,中萬里加投,大坪,17
萬里區,大坪,,1470,萬里區,頂萬里加投,崁腳,199-4
萬里區,大坪,,1471,萬里區,頂萬里加投,崁腳,199-16
萬里區,大坪,,1472,萬里區,頂萬里加投,崁腳,199-2
萬里區,大坪,,1473,萬里區,頂萬里加投,崁腳,199-38
萬里區,大坪,,1474,萬里區,頂萬里加投,崁腳,199-40
萬里區,大坪,,1475,萬里區,頂萬里加投,崁腳,199-39
萬里區,大坪,,1476,萬里區,頂萬里加投,崁腳,199-17
萬里區,大坪,,1477,萬里區,頂萬里加投,崁腳,199-85
萬里區,大坪,,1478,萬里區,頂萬里加投,崁腳,199-42
萬里區,大坪,,1479,萬里區,頂萬里加投,崁腳,199-41
萬里區,大坪,,148,萬里區,中萬里加投,大坪,18
萬里區,大坪,,1480,萬里區,頂萬里加投,崁腳,199-43
萬里區,大坪,,1481,萬里區,頂萬里加投,崁腳,199-44
萬里區,大坪,,1482,萬里區,頂萬里加投,崁腳,199-93
萬里區,大坪,,1483,萬里區,頂萬里加投,崁腳,199-92
萬里區,大坪,,1484,萬里區,頂萬里加投,崁腳,199-91
萬里區,大坪,,1485,萬里區,頂萬里加投,崁腳,199-90
萬里區,大坪,,1486,萬里區,頂萬里加投,崁腳,199-63
萬里區,大坪,,1487,萬里區,頂萬里加投,崁腳,199-64
萬里區,大坪,,1488,萬里區,頂萬里加投,崁腳,199-65
萬里區,大坪,,1489,萬里區,頂萬里加投,崁腳,199-11
萬里區,大坪,,149,萬里區,中萬里加投,大坪,18-1
萬里區,大坪,,1490,萬里區,頂萬里加投,崁腳,196
萬里區,大坪,,1491,萬里區,頂萬里加投,崁腳,196-1
萬里區,大坪,,1492,萬里區,頂萬里加投,崁腳,199-49
萬里區,大坪,,1493,萬里區,頂萬里加投,崁腳,199-47
萬里區,大坪,,1494,萬里區,頂萬里加投,崁腳,199-48
萬里區,大坪,,1495,萬里區,頂萬里加投,崁腳,195-2
萬里區,大坪,,1496,萬里區,頂萬里加投,崁腳,195
萬里區,大坪,,1497,萬里區,頂萬里加投,崁腳,199-84
萬里區,大坪,,1498,萬里區,頂萬里加投,崁腳,199-72
萬里區,大坪,,1499,萬里區,頂萬里加投,崁腳,195-1
萬里區,大坪,,15,萬里區,中萬里加投,二坪,4
萬里區,大坪,,150,萬里區,中萬里加投,大坪,19-2
萬里區,大坪,,1500,萬里區,頂萬里加投,崁腳,199-12
萬里區,大坪,,1501,萬里區,頂萬里加投,崁腳,199-55
萬里區,大坪,,1502,萬里區,頂萬里加投,崁腳,199-54
萬里區,大坪,,1503,萬里區,頂萬里加投,崁腳,199-53
萬里區,大坪,,1504,萬里區,頂萬里加投,崁腳,199-52
萬里區,大坪,,1505,萬里區,頂萬里加投,崁腳,199-31
萬里區,大坪,,1506,萬里區,頂萬里加投,崁腳,199-32
萬里區,大坪,,1507,萬里區,頂萬里加投,崁腳,199-59
萬里區,大坪,,1508,萬里區,頂萬里加投,崁腳,199-60
萬里區,大坪,,1509,萬里區,頂萬里加投,崁腳,199-61
萬里區,大坪,,151,萬里區,中萬里加投,大坪,50
萬里區,大坪,,1510,萬里區,頂萬里加投,崁腳,199-62
萬里區,大坪,,1511,萬里區,頂萬里加投,崁腳,199-13
萬里區,大坪,,1512,萬里區,頂萬里加投,崁腳,199-36
萬里區,大坪,,1513,萬里區,頂萬里加投,崁腳,199-37
萬里區,大坪,,1515,萬里區,頂萬里加投,崁腳,194-1
萬里區,大坪,,1516,萬里區,頂萬里加投,崁腳,199-35
萬里區,大坪,,1517,萬里區,頂萬里加投,崁腳,199-34
萬里區,大坪,,1518,萬里區,頂萬里加投,崁腳,199-71
萬里區,大坪,,1519,萬里區,頂萬里加投,崁腳,199-70
萬里區,大坪,,152,萬里區,中萬里加投,大坪,50-18
萬里區,大坪,,1520,萬里區,頂萬里加投,崁腳,199-33
萬里區,大坪,,1521,萬里區,頂萬里加投,崁腳,199-73
萬里區,大坪,,1522,萬里區,頂萬里加投,崁腳,199-74
萬里區,大坪,,1523,萬里區,頂萬里加投,崁腳,193-5
萬里區,大坪,,1524,萬里區,頂萬里加投,崁腳,193-4
萬里區,大坪,,1525,萬里區,頂萬里加投,崁腳,193-6
萬里區,大坪,,1526,萬里區,頂萬里加投,崁腳,199
萬里區,大坪,,1527,萬里區,頂萬里加投,崁腳,199-30
萬里區,大坪,,1528,萬里區,頂萬里加投,崁腳,199-20
萬里區,大坪,,1529,萬里區,頂萬里加投,崁腳,199-19
萬里區,大坪,,153,萬里區,中萬里加投,大坪,50-17
萬里區,大坪,,1530,萬里區,頂萬里加投,崁腳,193-7
萬里區,大坪,,1531,萬里區,頂萬里加投,崁腳,199-21
萬里區,大坪,,1532,萬里區,頂萬里加投,崁腳,199-22
萬里區,大坪,,1533,萬里區,頂萬里加投,崁腳,199-14
萬里區,大坪,,1534,萬里區,頂萬里加投,崁腳,194-3
萬里區,大坪,,1535,萬里區,頂萬里加投,崁腳,194-2
萬里區,大坪,,1536,萬里區,頂萬里加投,崁腳,199-23
萬里區,大坪,,1537,萬里區,頂萬里加投,崁腳,193
萬里區,大坪,,1538,萬里區,頂萬里加投,崁腳,194
萬里區,大坪,,1539,萬里區,頂萬里加投,崁腳,199-24
萬里區,大坪,,154,萬里區,中萬里加投,大坪,50-16
萬里區,大坪,,1540,萬里區,頂萬里加投,崁腳,201-10
萬里區,大坪,,1541,萬里區,頂萬里加投,崁腳,201-11
萬里區,大坪,,1542,萬里區,頂萬里加投,崁腳,201-9
萬里區,大坪,,1543,萬里區,頂萬里加投,崁腳,201-36
萬里區,大坪,,1544,萬里區,頂萬里加投,崁腳,201-37
萬里區,大坪,,1545,萬里區,頂萬里加投,崁腳,201-8
萬里區,大坪,,1546,萬里區,頂萬里加投,崁腳,201-35
萬里區,大坪,,1547,萬里區,頂萬里加投,崁腳,194-7
萬里區,大坪,,1548,萬里區,頂萬里加投,崁腳,201-13
萬里區,大坪,,1549,萬里區,頂萬里加投,崁腳,201-12
萬里區,大坪,,155,萬里區,中萬里加投,大坪,50-15
萬里區,大坪,,1550,萬里區,頂萬里加投,崁腳,194-6
萬里區,大坪,,1551,萬里區,頂萬里加投,崁腳,194-5
萬里區,大坪,,1552,萬里區,頂萬里加投,崁腳,194-4
萬里區,大坪,,1553,萬里區,頂萬里加投,崁腳,199-18
萬里區,大坪,,1554,萬里區,頂萬里加投,崁腳,199-15
萬里區,大坪,,1555,萬里區,頂萬里加投,崁腳,199-29
萬里區,大坪,,1556,萬里區,頂萬里加投,崁腳,199-25
萬里區,大坪,,1557,萬里區,頂萬里加投,崁腳,193-14
萬里區,大坪,,1558,萬里區,頂萬里加投,崁腳,193-8
萬里區,大坪,,1559,萬里區,頂萬里加投,崁腳,199-26
萬里區,大坪,,156,萬里區,中萬里加投,大坪,50-14
萬里區,大坪,,1560,萬里區,頂萬里加投,崁腳,194-8
萬里區,大坪,,1561,萬里區,頂萬里加投,崁腳,201-22
萬里區,大坪,,1562,萬里區,頂萬里加投,崁腳,201-14
萬里區,大坪,,1563,萬里區,頂萬里加投,崁腳,194-9
萬里區,大坪,,1564,萬里區,頂萬里加投,崁腳,201-25
萬里區,大坪,,1565,萬里區,頂萬里加投,崁腳,201-21
萬里區,大坪,,1566,萬里區,頂萬里加投,崁腳,201-6
萬里區,大坪,,1567,萬里區,頂萬里加投,崁腳,201-7
萬里區,大坪,,1568,萬里區,頂萬里加投,崁腳,201-23
萬里區,大坪,,1569,萬里區,頂萬里加投,崁腳,201-19
萬里區,大坪,,157,萬里區,中萬里加投,大坪,50-25
萬里區,大坪,,1570,萬里區,頂萬里加投,崁腳,201-5
萬里區,大坪,,1571,萬里區,頂萬里加投,崁腳,201-4
萬里區,大坪,,1572,萬里區,頂萬里加投,崁腳,201-18
萬里區,大坪,,1573,萬里區,頂萬里加投,崁腳,201-3
萬里區,大坪,,1574,萬里區,頂萬里加投,崁腳,201-17
萬里區,大坪,,1575,萬里區,頂萬里加投,崁腳,201-2
萬里區,大坪,,1576,萬里區,頂萬里加投,崁腳,201-27
萬里區,大坪,,1577,萬里區,頂萬里加投,崁腳,201-28
萬里區,大坪,,1578,萬里區,頂萬里加投,崁腳,201-29
萬里區,大坪,,1579,萬里區,頂萬里加投,崁腳,201-30
萬里區,大坪,,158,萬里區,中萬里加投,大坪,49-3
萬里區,大坪,,1580,萬里區,頂萬里加投,崁腳,201-31
萬里區,大坪,,1581,萬里區,頂萬里加投,崁腳,201-32
萬里區,大坪,,1582,萬里區,頂萬里加投,崁腳,201-33
萬里區,大坪,,1583,萬里區,頂萬里加投,崁腳,201-34
萬里區,大坪,,1584,萬里區,頂萬里加投,崁腳,201-38
萬里區,大坪,,1585,萬里區,頂萬里加投,崁腳,201-39
萬里區,大坪,,1586,萬里區,頂萬里加投,崁腳,201-16
萬里區,大坪,,1587,萬里區,頂萬里加投,崁腳,201-20
萬里區,大坪,,1588,萬里區,頂萬里加投,崁腳,201-1
萬里區,大坪,,1589,萬里區,頂萬里加投,崁腳,201-24
萬里區,大坪,,159,萬里區,中萬里加投,大坪,49-2
萬里區,大坪,,1590,萬里區,頂萬里加投,崁腳,201-26
萬里區,大坪,,1591,萬里區,頂萬里加投,崁腳,201-15
萬里區,大坪,,1592,萬里區,頂萬里加投,崁腳,201
萬里區,大坪,,1593,萬里區,頂萬里加投,崁腳,200
萬里區,大坪,,1594,萬里區,頂萬里加投,崁腳,193-13
萬里區,大坪,,1595,萬里區,頂萬里加投,崁腳,191-8
萬里區,大坪,,16,萬里區,中萬里加投,二坪,5-4
萬里區,大坪,,160,萬里區,中萬里加投,大坪,49
萬里區,大坪,,161,萬里區,中萬里加投,大坪,49-1
萬里區,大坪,,163,萬里區,中萬里加投,大坪,50-13
萬里區,大坪,,164,萬里區,中萬里加投,大坪,50-9
萬里區,大坪,,165,萬里區,中萬里加投,大坪,50-2
萬里區,大坪,,167,萬里區,中萬里加投,大坪,50-11
萬里區,大坪,,168,萬里區,中萬里加投,大坪,48
萬里區,大坪,,169,萬里區,中萬里加投,大坪,49-5
萬里區,大坪,,17,萬里區,中萬里加投,二坪,5-5
萬里區,大坪,,170,萬里區,中萬里加投,大坪,20-1
萬里區,大坪,,171,萬里區,中萬里加投,大坪,20
萬里區,大坪,,172,萬里區,中萬里加投,大坪,19-1
萬里區,大坪,,173,萬里區,中萬里加投,大坪,17-1
萬里區,大坪,,174,萬里區,中萬里加投,大坪,21
萬里區,大坪,,175,萬里區,中萬里加投,大坪,22
萬里區,大坪,,177,萬里區,中萬里加投,大坪,23
萬里區,大坪,,178,萬里區,中萬里加投,大坪,44
萬里區,大坪,,179,萬里區,中萬里加投,大坪,39
萬里區,大坪,,18,萬里區,中萬里加投,二坪,5-6
萬里區,大坪,,180,萬里區,中萬里加投,大坪,40
萬里區,大坪,,181,萬里區,中萬里加投,大坪,43-2
萬里區,大坪,,182,萬里區,中萬里加投,大坪,43-3
萬里區,大坪,,184,萬里區,中萬里加投,二坪,69
萬里區,大坪,,186,萬里區,中萬里加投,二坪,68-2
萬里區,大坪,,187,萬里區,中萬里加投,二坪,68-1
萬里區,大坪,,188,萬里區,中萬里加投,二坪,70
萬里區,大坪,,189,萬里區,中萬里加投,二坪,68
萬里區,大坪,,19,萬里區,中萬里加投,二坪,5-1
萬里區,大坪,,191,萬里區,中萬里加投,二坪,72
萬里區,大坪,,192,萬里區,中萬里加投,二坪,63-4
萬里區,大坪,,193,萬里區,中萬里加投,二坪,63-3
萬里區,大坪,,194,萬里區,中萬里加投,二坪,63-2
萬里區,大坪,,195,萬里區,中萬里加投,二坪,65-1
萬里區,大坪,,196,萬里區,中萬里加投,二坪,65-2
萬里區,大坪,,197,萬里區,中萬里加投,二坪,65
萬里區,大坪,,198,萬里區,中萬里加投,二坪,63-1
萬里區,大坪,,199,萬里區,中萬里加投,二坪,67
萬里區,大坪,,2,萬里區,中萬里加投,大坪,4
萬里區,大坪,,20,萬里區,中萬里加投,二坪,5-2
萬里區,大坪,,200,萬里區,中萬里加投,二坪,63
萬里區,大坪,,201,萬里區,中萬里加投,二坪,62
萬里區,大坪,,202,萬里區,中萬里加投,二坪,61-1
萬里區,大坪,,203,萬里區,中萬里加投,二坪,61
萬里區,大坪,,206,萬里區,中萬里加投,二坪,59-1
萬里區,大坪,,207,萬里區,中萬里加投,二坪,59
萬里區,大坪,,209,萬里區,中萬里加投,二坪,38
萬里區,大坪,,21,萬里區,中萬里加投,二坪,6
萬里區,大坪,,210,萬里區,中萬里加投,二坪,37
萬里區,大坪,,211,萬里區,中萬里加投,二坪,43
萬里區,大坪,,212,萬里區,中萬里加投,二坪,42
萬里區,大坪,,213,萬里區,中萬里加投,二坪,39
萬里區,大坪,,215,萬里區,中萬里加投,二坪,24-2
萬里區,大坪,,216,萬里區,中萬里加投,二坪,40
萬里區,大坪,,217,萬里區,中萬里加投,二坪,41
萬里區,大坪,,218,萬里區,中萬里加投,二坪,44
萬里區,大坪,,219,萬里區,中萬里加投,二坪,45
萬里區,大坪,,22,萬里區,中萬里加投,二坪,7
萬里區,大坪,,220,萬里區,中萬里加投,二坪,46
萬里區,大坪,,221,萬里區,中萬里加投,二坪,54
萬里區,大坪,,222,萬里區,中萬里加投,二坪,57-4
萬里區,大坪,,223,萬里區,中萬里加投,二坪,56
萬里區,大坪,,224,萬里區,中萬里加投,二坪,54-1
萬里區,大坪,,225,萬里區,中萬里加投,二坪,81
萬里區,大坪,,226,萬里區,中萬里加投,二坪,109-1
萬里區,大坪,,227,萬里區,中萬里加投,二坪,109
萬里區,大坪,,228,萬里區,中萬里加投,二坪,57-3
萬里區,大坪,,229,萬里區,中萬里加投,二坪,78
萬里區,大坪,,230,萬里區,中萬里加投,二坪,57-2
萬里區,大坪,,231,萬里區,中萬里加投,二坪,57-1
萬里區,大坪,,232,萬里區,中萬里加投,二坪,57
萬里區,大坪,,233,萬里區,中萬里加投,二坪,75-2
萬里區,大坪,,234,萬里區,中萬里加投,二坪,60
萬里區,大坪,,235,萬里區,中萬里加投,二坪,60-3
萬里區,大坪,,236,萬里區,中萬里加投,二坪,60-1
萬里區,大坪,,237,萬里區,中萬里加投,二坪,60-2
萬里區,大坪,,238,萬里區,中萬里加投,二坪,75
萬里區,大坪,,239,萬里區,中萬里加投,二坪,74-4
萬里區,大坪,,24,萬里區,中萬里加投,二坪,24
萬里區,大坪,,240,萬里區,中萬里加投,二坪,74-5
萬里區,大坪,,241,萬里區,中萬里加投,二坪,74-3
萬里區,大坪,,242,萬里區,中萬里加投,二坪,74-1
萬里區,大坪,,243,萬里區,中萬里加投,二坪,75-1
萬里區,大坪,,244,萬里區,中萬里加投,二坪,80-1
萬里區,大坪,,245,萬里區,中萬里加投,二坪,80
萬里區,大坪,,246,萬里區,中萬里加投,二坪,110-4
萬里區,大坪,,247,萬里區,中萬里加投,二坪,74-2
萬里區,大坪,,248,萬里區,中萬里加投,二坪,110-3
萬里區,大坪,,249,萬里區,中萬里加投,二坪,76
萬里區,大坪,,25,萬里區,中萬里加投,二坪,24-1
萬里區,大坪,,250,萬里區,中萬里加投,二坪,110-6
萬里區,大坪,,251,萬里區,中萬里加投,二坪,110
萬里區,大坪,,252,萬里區,中萬里加投,二坪,81-1
萬里區,大坪,,253,萬里區,中萬里加投,二坪,112
萬里區,大坪,,254,萬里區,中萬里加投,二坪,112-1
萬里區,大坪,,255,萬里區,中萬里加投,二坪,112-2
萬里區,大坪,,256,萬里區,中萬里加投,二坪,110-1
萬里區,大坪,,257,萬里區,中萬里加投,二坪,110-5
萬里區,大坪,,258,萬里區,中萬里加投,二坪,113
萬里區,大坪,,259,萬里區,中萬里加投,二坪,111
萬里區,大坪,,26,萬里區,中萬里加投,二坪,11
萬里區,大坪,,260,萬里區,中萬里加投,二坪,111-1
萬里區,大坪,,261,萬里區,中萬里加投,二坪,110-2
萬里區,大坪,,262,萬里區,中萬里加投,二坪,73
萬里區,大坪,,267,萬里區,中萬里加投,大坪,95
萬里區,大坪,,268,萬里區,中萬里加投,大坪,96
萬里區,大坪,,269,萬里區,中萬里加投,大坪,95-1
萬里區,大坪,,27,萬里區,中萬里加投,二坪,9-2
萬里區,大坪,,270,萬里區,中萬里加投,大坪,97
萬里區,大坪,,271,萬里區,中萬里加投,大坪,99
萬里區,大坪,,272,萬里區,中萬里加投,大坪,98
萬里區,大坪,,274,萬里區,中萬里加投,大坪,102
萬里區,大坪,,276,萬里區,中萬里加投,大坪,101-1
萬里區,大坪,,277,萬里區,中萬里加投,大坪,101
萬里區,大坪,,278,萬里區,中萬里加投,大坪,100
萬里區,大坪,,279,萬里區,中萬里加投,大坪,76
萬里區,大坪,,28,萬里區,中萬里加投,二坪,12
萬里區,大坪,,281,萬里區,中萬里加投,大坪,77
萬里區,大坪,,282,萬里區,中萬里加投,大坪,89
萬里區,大坪,,283,萬里區,中萬里加投,大坪,94
萬里區,大坪,,284,萬里區,中萬里加投,大坪,78
萬里區,大坪,,285,萬里區,中萬里加投,大坪,80
萬里區,大坪,,286,萬里區,中萬里加投,大坪,79
萬里區,大坪,,287,萬里區,中萬里加投,大坪,81
萬里區,大坪,,289,萬里區,中萬里加投,大坪,88
萬里區,大坪,,290,萬里區,中萬里加投,大坪,93
萬里區,大坪,,291,萬里區,中萬里加投,大坪,91
萬里區,大坪,,293,萬里區,中萬里加投,大坪,85
萬里區,大坪,,294,萬里區,中萬里加投,大坪,82
萬里區,大坪,,295,萬里區,中萬里加投,大坪,83
萬里區,大坪,,296,萬里區,中萬里加投,大坪,84
萬里區,大坪,,299,萬里區,中萬里加投,大坪,45
萬里區,大坪,,3,萬里區,中萬里加投,大坪,1
萬里區,大坪,,30,萬里區,中萬里加投,二坪,13
萬里區,大坪,,301,萬里區,中萬里加投,大坪,46
萬里區,大坪,,302,萬里區,中萬里加投,大坪,47-17
萬里區,大坪,,303,萬里區,中萬里加投,大坪,47-16
萬里區,大坪,,304,萬里區,中萬里加投,大坪,47-15
萬里區,大坪,,305,萬里區,中萬里加投,大坪,47-14
萬里區,大坪,,306,萬里區,中萬里加投,大坪,47-12
萬里區,大坪,,307,萬里區,中萬里加投,大坪,47-18
萬里區,大坪,,308,萬里區,中萬里加投,大坪,47-13
萬里區,大坪,,309,萬里區,中萬里加投,大坪,51-5
萬里區,大坪,,310,萬里區,中萬里加投,大坪,51-4
萬里區,大坪,,311,萬里區,中萬里加投,大坪,51-3
萬里區,大坪,,312,萬里區,中萬里加投,大坪,50-10
萬里區,大坪,,313,萬里區,中萬里加投,大坪,50-12
萬里區,大坪,,315,萬里區,中萬里加投,大坪,62-7
萬里區,大坪,,316,萬里區,中萬里加投,大坪,62-3
萬里區,大坪,,317,萬里區,中萬里加投,大坪,55-1
萬里區,大坪,,318,萬里區,中萬里加投,大坪,62-8
萬里區,大坪,,319,萬里區,中萬里加投,大坪,52-2
萬里區,大坪,,32,萬里區,中萬里加投,二坪,14-1
萬里區,大坪,,320,萬里區,中萬里加投,大坪,56-1
萬里區,大坪,,321,萬里區,中萬里加投,大坪,51-2
萬里區,大坪,,322,萬里區,中萬里加投,大坪,51
萬里區,大坪,,323,萬里區,中萬里加投,大坪,51-1
萬里區,大坪,,324,萬里區,中萬里加投,大坪,52-3
萬里區,大坪,,325,萬里區,中萬里加投,大坪,55
萬里區,大坪,,326,萬里區,中萬里加投,大坪,62-4
萬里區,大坪,,327,萬里區,中萬里加投,大坪,62-6
萬里區,大坪,,328,萬里區,中萬里加投,大坪,62-5
萬里區,大坪,,329,萬里區,中萬里加投,大坪,66-4
萬里區,大坪,,33,萬里區,中萬里加投,二坪,14
萬里區,大坪,,330,萬里區,中萬里加投,大坪,66-2
萬里區,大坪,,331,萬里區,中萬里加投,大坪,66-3
萬里區,大坪,,332,萬里區,中萬里加投,大坪,73
萬里區,大坪,,333,萬里區,中萬里加投,大坪,67
萬里區,大坪,,334,萬里區,中萬里加投,大坪,66-1
萬里區,大坪,,335,萬里區,中萬里加投,大坪,65
萬里區,大坪,,336,萬里區,中萬里加投,大坪,52-1
萬里區,大坪,,337,萬里區,中萬里加投,大坪,135-1
萬里區,大坪,,338,萬里區,中萬里加投,大坪,47-11
萬里區,大坪,,339,萬里區,中萬里加投,大坪,68
萬里區,大坪,,34,萬里區,中萬里加投,二坪,12-1
萬里區,大坪,,340,萬里區,中萬里加投,大坪,47-1
萬里區,大坪,,341,萬里區,中萬里加投,大坪,69
萬里區,大坪,,342,萬里區,中萬里加投,大坪,70
萬里區,大坪,,343,萬里區,中萬里加投,大坪,72
萬里區,大坪,,344,萬里區,中萬里加投,大坪,72-1
萬里區,大坪,,345,萬里區,中萬里加投,大坪,74
萬里區,大坪,,346,萬里區,中萬里加投,大坪,108
萬里區,大坪,,347,萬里區,中萬里加投,大坪,107
萬里區,大坪,,348,萬里區,中萬里加投,大坪,75
萬里區,大坪,,349,萬里區,中萬里加投,大坪,135-3
萬里區,大坪,,35,萬里區,中萬里加投,二坪,10
萬里區,大坪,,350,萬里區,中萬里加投,大坪,104-6
萬里區,大坪,,351,萬里區,中萬里加投,大坪,103
萬里區,大坪,,352,萬里區,中萬里加投,大坪,104-5
萬里區,大坪,,353,萬里區,中萬里加投,大坪,104-1
萬里區,大坪,,354,萬里區,中萬里加投,大坪,104-2
萬里區,大坪,,355,萬里區,中萬里加投,大坪,104-4
萬里區,大坪,,356,萬里區,中萬里加投,大坪,104-3
萬里區,大坪,,357,萬里區,中萬里加投,大坪,141
萬里區,大坪,,358,萬里區,中萬里加投,大坪,142
萬里區,大坪,,359,萬里區,中萬里加投,大坪,135-6
萬里區,大坪,,36,萬里區,中萬里加投,二坪,9
萬里區,大坪,,360,萬里區,中萬里加投,大坪,143
萬里區,大坪,,361,萬里區,中萬里加投,大坪,143-1
萬里區,大坪,,364,萬里區,中萬里加投,二坪,115-6
萬里區,大坪,,365,萬里區,中萬里加投,二坪,115-7
萬里區,大坪,,366,萬里區,中萬里加投,二坪,115-5
萬里區,大坪,,367,萬里區,中萬里加投,二坪,114
萬里區,大坪,,368,萬里區,中萬里加投,二坪,115-2
萬里區,大坪,,369,萬里區,中萬里加投,二坪,115-3
萬里區,大坪,,37,萬里區,中萬里加投,二坪,8-1
萬里區,大坪,,370,萬里區,中萬里加投,二坪,115-4
萬里區,大坪,,371,萬里區,中萬里加投,二坪,115-1
萬里區,大坪,,372,萬里區,中萬里加投,二坪,118-1
萬里區,大坪,,373,萬里區,中萬里加投,二坪,118
萬里區,大坪,,374,萬里區,中萬里加投,二坪,117
萬里區,大坪,,375,萬里區,中萬里加投,二坪,115
萬里區,大坪,,376,萬里區,中萬里加投,二坪,117-1
萬里區,大坪,,377,萬里區,中萬里加投,二坪,107-1
萬里區,大坪,,378,萬里區,中萬里加投,二坪,107
萬里區,大坪,,379,萬里區,中萬里加投,二坪,105
萬里區,大坪,,38,萬里區,中萬里加投,二坪,9-3
萬里區,大坪,,380,萬里區,中萬里加投,二坪,105-1
萬里區,大坪,,381,萬里區,中萬里加投,二坪,81-2
萬里區,大坪,,382,萬里區,中萬里加投,二坪,81-3
萬里區,大坪,,383,萬里區,中萬里加投,二坪,83
萬里區,大坪,,384,萬里區,中萬里加投,二坪,84
萬里區,大坪,,385,萬里區,中萬里加投,二坪,54-2
萬里區,大坪,,386,萬里區,中萬里加投,二坪,87-1
萬里區,大坪,,387,萬里區,中萬里加投,二坪,87-2
萬里區,大坪,,388,萬里區,中萬里加投,二坪,87-3
萬里區,大坪,,389,萬里區,中萬里加投,二坪,89
萬里區,大坪,,390,萬里區,中萬里加投,二坪,87-4
萬里區,大坪,,391,萬里區,中萬里加投,二坪,87
萬里區,大坪,,392,萬里區,中萬里加投,二坪,105-3
萬里區,大坪,,393,萬里區,中萬里加投,二坪,105-2
萬里區,大坪,,394,萬里區,中萬里加投,二坪,104
萬里區,大坪,,395,萬里區,中萬里加投,二坪,104-1
萬里區,大坪,,396,萬里區,中萬里加投,二坪,103-3
萬里區,大坪,,397,萬里區,中萬里加投,二坪,103-2
萬里區,大坪,,398,萬里區,中萬里加投,二坪,103-1
萬里區,大坪,,399,萬里區,中萬里加投,二坪,103
萬里區,大坪,,4,萬里區,中萬里加投,大坪,2
萬里區,大坪,,40,萬里區,中萬里加投,二坪,4-1
萬里區,大坪,,400,萬里區,中萬里加投,二坪,116-4
萬里區,大坪,,401,萬里區,中萬里加投,二坪,116-2
萬里區,大坪,,402,萬里區,中萬里加投,二坪,116-3
萬里區,大坪,,403,萬里區,中萬里加投,二坪,116
萬里區,大坪,,404,萬里區,中萬里加投,二坪,121-1
萬里區,大坪,,405,萬里區,中萬里加投,二坪,121
萬里區,大坪,,406,萬里區,中萬里加投,二坪,99-5
萬里區,大坪,,407,萬里區,中萬里加投,二坪,99-3
萬里區,大坪,,408,萬里區,中萬里加投,二坪,99-4
萬里區,大坪,,409,萬里區,中萬里加投,二坪,99-6
萬里區,大坪,,41,萬里區,中萬里加投,二坪,3-1
萬里區,大坪,,410,萬里區,中萬里加投,二坪,99-2
萬里區,大坪,,412,萬里區,中萬里加投,二坪,99
萬里區,大坪,,413,萬里區,中萬里加投,二坪,90-1
萬里區,大坪,,414,萬里區,中萬里加投,二坪,53
萬里區,大坪,,415,萬里區,中萬里加投,二坪,49
萬里區,大坪,,416,萬里區,中萬里加投,二坪,47
萬里區,大坪,,417,萬里區,中萬里加投,二坪,48
萬里區,大坪,,418,萬里區,中萬里加投,二坪,48-2
萬里區,大坪,,419,萬里區,中萬里加投,二坪,48-3
萬里區,大坪,,42,萬里區,中萬里加投,二坪,8-2
萬里區,大坪,,420,萬里區,中萬里加投,二坪,48-1
萬里區,大坪,,422,萬里區,中萬里加投,二坪,52-1
萬里區,大坪,,423,萬里區,中萬里加投,二坪,52
萬里區,大坪,,426,萬里區,中萬里加投,二坪,90
萬里區,大坪,,428,萬里區,中萬里加投,二坪,95
萬里區,大坪,,429,萬里區,中萬里加投,二坪,91
萬里區,大坪,,43,萬里區,中萬里加投,二坪,2-1
萬里區,大坪,,430,萬里區,中萬里加投,二坪,50-7
萬里區,大坪,,431,萬里區,中萬里加投,二坪,50-6
萬里區,大坪,,432,萬里區,中萬里加投,二坪,50-5
萬里區,大坪,,433,萬里區,中萬里加投,二坪,51
萬里區,大坪,,434,萬里區,中萬里加投,二坪,50-4
萬里區,大坪,,435,萬里區,中萬里加投,二坪,50-3
萬里區,大坪,,436,萬里區,中萬里加投,二坪,50-2
萬里區,大坪,,437,萬里區,中萬里加投,二坪,50-1
萬里區,大坪,,438,萬里區,中萬里加投,二坪,50
萬里區,大坪,,439,萬里區,中萬里加投,二坪,50-8
萬里區,大坪,,440,萬里區,中萬里加投,二坪,91-1
萬里區,大坪,,441,萬里區,中萬里加投,二坪,148-7
萬里區,大坪,,442,萬里區,中萬里加投,二坪,148-6
萬里區,大坪,,443,萬里區,中萬里加投,二坪,91-2
萬里區,大坪,,445,萬里區,中萬里加投,二坪,148-1
萬里區,大坪,,446,萬里區,中萬里加投,二坪,148-9
萬里區,大坪,,447,萬里區,中萬里加投,二坪,148-8
萬里區,大坪,,448,萬里區,中萬里加投,二坪,92
萬里區,大坪,,449,萬里區,中萬里加投,二坪,92-1
萬里區,大坪,,45,萬里區,中萬里加投,二坪,8
萬里區,大坪,,450,萬里區,中萬里加投,二坪,92-2
萬里區,大坪,,451,萬里區,中萬里加投,二坪,93
萬里區,大坪,,452,萬里區,中萬里加投,二坪,96
萬里區,大坪,,453,萬里區,中萬里加投,二坪,96-1
萬里區,大坪,,454,萬里區,中萬里加投,二坪,97-2
萬里區,大坪,,455,萬里區,中萬里加投,二坪,97
萬里區,大坪,,456,萬里區,中萬里加投,二坪,97-4
萬里區,大坪,,457,萬里區,中萬里加投,二坪,146
萬里區,大坪,,458,萬里區,中萬里加投,二坪,147-1
萬里區,大坪,,46,萬里區,中萬里加投,大坪,5-1
萬里區,大坪,,460,萬里區,中萬里加投,二坪,147
萬里區,大坪,,461,萬里區,中萬里加投,二坪,151
萬里區,大坪,,463,萬里區,中萬里加投,二坪,140-12
萬里區,大坪,,464,萬里區,中萬里加投,二坪,140-10
萬里區,大坪,,465,萬里區,中萬里加投,二坪,140-17
萬里區,大坪,,466,萬里區,中萬里加投,二坪,140-9
萬里區,大坪,,467,萬里區,中萬里加投,二坪,140-2
萬里區,大坪,,468,萬里區,中萬里加投,二坪,140-13
萬里區,大坪,,469,萬里區,中萬里加投,二坪,97-1
萬里區,大坪,,47,萬里區,中萬里加投,大坪,6-3
萬里區,大坪,,471,萬里區,中萬里加投,二坪,97-3
萬里區,大坪,,473,萬里區,中萬里加投,二坪,98
萬里區,大坪,,474,萬里區,中萬里加投,二坪,98-1
萬里區,大坪,,475,萬里區,中萬里加投,二坪,127
萬里區,大坪,,476,萬里區,中萬里加投,二坪,98-2
萬里區,大坪,,477,萬里區,中萬里加投,二坪,98-3
萬里區,大坪,,478,萬里區,中萬里加投,二坪,128
萬里區,大坪,,48,萬里區,中萬里加投,大坪,6-2
萬里區,大坪,,480,萬里區,中萬里加投,二坪,129
萬里區,大坪,,481,萬里區,中萬里加投,二坪,142
萬里區,大坪,,482,萬里區,中萬里加投,二坪,141
萬里區,大坪,,485,萬里區,中萬里加投,二坪,143
萬里區,大坪,,486,萬里區,中萬里加投,二坪,140-15
萬里區,大坪,,487,萬里區,中萬里加投,二坪,143-3
萬里區,大坪,,488,萬里區,中萬里加投,二坪,137
萬里區,大坪,,489,萬里區,中萬里加投,二坪,137-6
萬里區,大坪,,490,萬里區,中萬里加投,二坪,136-2
萬里區,大坪,,491,萬里區,中萬里加投,二坪,136
萬里區,大坪,,492,萬里區,中萬里加投,二坪,135
萬里區,大坪,,493,萬里區,中萬里加投,二坪,130-3
萬里區,大坪,,494,萬里區,中萬里加投,二坪,124-2
萬里區,大坪,,495,萬里區,中萬里加投,二坪,139
萬里區,大坪,,497,萬里區,中萬里加投,二坪,133
萬里區,大坪,,498,萬里區,中萬里加投,二坪,133-3
萬里區,大坪,,499,萬里區,中萬里加投,二坪,133-2
萬里區,大坪,,5,萬里區,中萬里加投,大坪,3
萬里區,大坪,,50,萬里區,中萬里加投,大坪,7-6
萬里區,大坪,,500,萬里區,中萬里加投,二坪,133-1
萬里區,大坪,,501,萬里區,中萬里加投,二坪,130-2
萬里區,大坪,,502,萬里區,中萬里加投,二坪,130-1
萬里區,大坪,,503,萬里區,中萬里加投,二坪,130
萬里區,大坪,,505,萬里區,中萬里加投,二坪,126-3
萬里區,大坪,,506,萬里區,中萬里加投,二坪,126-4
萬里區,大坪,,507,萬里區,中萬里加投,二坪,126-1
萬里區,大坪,,508,萬里區,中萬里加投,二坪,126-7
萬里區,大坪,,509,萬里區,中萬里加投,二坪,126-6
萬里區,大坪,,51,萬里區,中萬里加投,大坪,7-7
萬里區,大坪,,510,萬里區,中萬里加投,二坪,125
萬里區,大坪,,512,萬里區,中萬里加投,二坪,123
萬里區,大坪,,513,萬里區,中萬里加投,二坪,123-6
萬里區,大坪,,514,萬里區,中萬里加投,二坪,123-3
萬里區,大坪,,515,萬里區,中萬里加投,二坪,123-2
萬里區,大坪,,516,萬里區,中萬里加投,二坪,123-4
萬里區,大坪,,517,萬里區,中萬里加投,二坪,123-5
萬里區,大坪,,518,萬里區,中萬里加投,二坪,126-2
萬里區,大坪,,519,萬里區,中萬里加投,二坪,126-5
萬里區,大坪,,52,萬里區,中萬里加投,大坪,7-3
萬里區,大坪,,520,萬里區,中萬里加投,二坪,124
萬里區,大坪,,521,萬里區,中萬里加投,二坪,124-3
萬里區,大坪,,522,萬里區,中萬里加投,二坪,137-4
萬里區,大坪,,523,萬里區,中萬里加投,二坪,137-5
萬里區,大坪,,524,萬里區,中萬里加投,二坪,137-3
萬里區,大坪,,525,萬里區,中萬里加投,二坪,137-2
萬里區,大坪,,526,萬里區,中萬里加投,二坪,137-7
萬里區,大坪,,527,萬里區,中萬里加投,二坪,124-1
萬里區,大坪,,528,萬里區,中萬里加投,大坪,153
萬里區,大坪,,529,萬里區,中萬里加投,大坪,152
萬里區,大坪,,53,萬里區,中萬里加投,大坪,8
萬里區,大坪,,530,萬里區,中萬里加投,大坪,151
萬里區,大坪,,531,萬里區,中萬里加投,大坪,150-1
萬里區,大坪,,532,萬里區,中萬里加投,大坪,148-2
萬里區,大坪,,533,萬里區,中萬里加投,大坪,148
萬里區,大坪,,534,萬里區,中萬里加投,大坪,135-8
萬里區,大坪,,535,萬里區,中萬里加投,大坪,148-1
萬里區,大坪,,536,萬里區,中萬里加投,二坪,123-1
萬里區,大坪,,537,萬里區,中萬里加投,大坪,135-7
萬里區,大坪,,538,萬里區,中萬里加投,大坪,134
萬里區,大坪,,539,萬里區,中萬里加投,大坪,132-32
萬里區,大坪,,54,萬里區,中萬里加投,大坪,7-1
萬里區,大坪,,540,萬里區,中萬里加投,大坪,132-7
萬里區,大坪,,541,萬里區,中萬里加投,大坪,132-27
萬里區,大坪,,542,萬里區,中萬里加投,大坪,132-28
萬里區,大坪,,543,萬里區,中萬里加投,大坪,132-29
萬里區,大坪,,544,萬里區,中萬里加投,大坪,132-30
萬里區,大坪,,545,萬里區,中萬里加投,大坪,132-31
萬里區,大坪,,546,萬里區,中萬里加投,大坪,132-11
萬里區,大坪,,547,萬里區,中萬里加投,大坪,132-33
萬里區,大坪,,548,萬里區,中萬里加投,大坪,132-34
萬里區,大坪,,549,萬里區,中萬里加投,大坪,132-40
萬里區,大坪,,55,萬里區,中萬里加投,大坪,7-4
萬里區,大坪,,550,萬里區,中萬里加投,大坪,132-35
萬里區,大坪,,551,萬里區,中萬里加投,大坪,132-36
萬里區,大坪,,552,萬里區,中萬里加投,大坪,132-37
萬里區,大坪,,553,萬里區,中萬里加投,大坪,132-38
萬里區,大坪,,554,萬里區,中萬里加投,大坪,132-39
萬里區,大坪,,555,萬里區,中萬里加投,大坪,146-19
萬里區,大坪,,556,萬里區,中萬里加投,大坪,146-18
萬里區,大坪,,557,萬里區,中萬里加投,大坪,146-17
萬里區,大坪,,558,萬里區,中萬里加投,大坪,146-16
萬里區,大坪,,559,萬里區,中萬里加投,大坪,146-15
萬里區,大坪,,56,萬里區,中萬里加投,大坪,7-5
萬里區,大坪,,560,萬里區,中萬里加投,大坪,146-14
萬里區,大坪,,561,萬里區,中萬里加投,大坪,146-13
萬里區,大坪,,562,萬里區,中萬里加投,大坪,146-20
萬里區,大坪,,563,萬里區,中萬里加投,大坪,146-12
萬里區,大坪,,564,萬里區,中萬里加投,大坪,146
萬里區,大坪,,565,萬里區,中萬里加投,大坪,145-5
萬里區,大坪,,566,萬里區,中萬里加投,大坪,145-4
萬里區,大坪,,567,萬里區,中萬里加投,大坪,145-3
萬里區,大坪,,568,萬里區,中萬里加投,大坪,145
萬里區,大坪,,569,萬里區,中萬里加投,大坪,145-6
萬里區,大坪,,570,萬里區,中萬里加投,大坪,140-6
萬里區,大坪,,571,萬里區,中萬里加投,大坪,140-5
萬里區,大坪,,572,萬里區,中萬里加投,大坪,140
萬里區,大坪,,573,萬里區,中萬里加投,大坪,105
萬里區,大坪,,574,萬里區,中萬里加投,大坪,132-18
萬里區,大坪,,575,萬里區,中萬里加投,大坪,132-19
萬里區,大坪,,576,萬里區,中萬里加投,大坪,132-20
萬里區,大坪,,577,萬里區,中萬里加投,大坪,132-21
萬里區,大坪,,578,萬里區,中萬里加投,大坪,132-22
萬里區,大坪,,579,萬里區,中萬里加投,大坪,132-23
萬里區,大坪,,58,萬里區,中萬里加投,大坪,14-5
萬里區,大坪,,580,萬里區,中萬里加投,大坪,132-24
萬里區,大坪,,581,萬里區,中萬里加投,大坪,132-4
萬里區,大坪,,582,萬里區,中萬里加投,大坪,132-16
萬里區,大坪,,583,萬里區,中萬里加投,大坪,132-17
萬里區,大坪,,584,萬里區,中萬里加投,大坪,132-25
萬里區,大坪,,585,萬里區,中萬里加投,大坪,132-6
萬里區,大坪,,586,萬里區,中萬里加投,大坪,132-26
萬里區,大坪,,587,萬里區,中萬里加投,大坪,106-7
萬里區,大坪,,588,萬里區,中萬里加投,大坪,106
萬里區,大坪,,589,萬里區,中萬里加投,大坪,109-2
萬里區,大坪,,59,萬里區,中萬里加投,大坪,14-6
萬里區,大坪,,590,萬里區,中萬里加投,大坪,109
萬里區,大坪,,591,萬里區,中萬里加投,大坪,106-8
萬里區,大坪,,592,萬里區,中萬里加投,大坪,106-1
萬里區,大坪,,593,萬里區,中萬里加投,大坪,116
萬里區,大坪,,594,萬里區,中萬里加投,大坪,115-3
萬里區,大坪,,595,萬里區,中萬里加投,大坪,117-1
萬里區,大坪,,596,萬里區,中萬里加投,大坪,115
萬里區,大坪,,597,萬里區,中萬里加投,大坪,115-1
萬里區,大坪,,598,萬里區,中萬里加投,大坪,116-11
萬里區,大坪,,599,萬里區,中萬里加投,大坪,106-9
萬里區,大坪,,6,萬里區,中萬里加投,大坪,6
萬里區,大坪,,60,萬里區,中萬里加投,大坪,14-8
萬里區,大坪,,600,萬里區,中萬里加投,大坪,112
萬里區,大坪,,601,萬里區,中萬里加投,大坪,120-78
萬里區,大坪,,602,萬里區,中萬里加投,大坪,116-32
萬里區,大坪,,603,萬里區,中萬里加投,大坪,116-14
萬里區,大坪,,604,萬里區,中萬里加投,大坪,116-21
萬里區,大坪,,605,萬里區,中萬里加投,大坪,116-33
萬里區,大坪,,606,萬里區,中萬里加投,大坪,116-22
萬里區,大坪,,607,萬里區,中萬里加投,大坪,116-23
萬里區,大坪,,608,萬里區,中萬里加投,大坪,116-24
萬里區,大坪,,609,萬里區,中萬里加投,大坪,116-25
萬里區,大坪,,61,萬里區,中萬里加投,大坪,14-10
萬里區,大坪,,610,萬里區,中萬里加投,大坪,116-26
萬里區,大坪,,611,萬里區,中萬里加投,大坪,116-27
萬里區,大坪,,612,萬里區,中萬里加投,大坪,116-28
萬里區,大坪,,613,萬里區,中萬里加投,大坪,116-29
萬里區,大坪,,614,萬里區,中萬里加投,大坪,116-30
萬里區,大坪,,615,萬里區,中萬里加投,大坪,116-31
萬里區,大坪,,616,萬里區,中萬里加投,大坪,122-48
萬里區,大坪,,617,萬里區,中萬里加投,大坪,122-47
萬里區,大坪,,618,萬里區,中萬里加投,大坪,122-12
萬里區,大坪,,619,萬里區,中萬里加投,大坪,122-49
萬里區,大坪,,62,萬里區,中萬里加投,大坪,14
萬里區,大坪,,620,萬里區,中萬里加投,大坪,130-2
萬里區,大坪,,621,萬里區,中萬里加投,大坪,130-1
萬里區,大坪,,622,萬里區,中萬里加投,大坪,130
萬里區,大坪,,623,萬里區,中萬里加投,大坪,129-1
萬里區,大坪,,624,萬里區,中萬里加投,大坪,129
萬里區,大坪,,625,萬里區,中萬里加投,大坪,128
萬里區,大坪,,626,萬里區,中萬里加投,大坪,127
萬里區,大坪,,627,萬里區,中萬里加投,大坪,135-5
萬里區,大坪,,628,萬里區,中萬里加投,大坪,124-2
萬里區,大坪,,629,萬里區,中萬里加投,大坪,124-1
萬里區,大坪,,63,萬里區,中萬里加投,大坪,14-9
萬里區,大坪,,630,萬里區,中萬里加投,大坪,124
萬里區,大坪,,631,萬里區,中萬里加投,大坪,125
萬里區,大坪,,632,萬里區,中萬里加投,大坪,125-1
萬里區,大坪,,633,萬里區,中萬里加投,大坪,122-10
萬里區,大坪,,634,萬里區,中萬里加投,大坪,116-17
萬里區,大坪,,635,萬里區,中萬里加投,大坪,122-8
萬里區,大坪,,636,萬里區,中萬里加投,大坪,122-4
萬里區,大坪,,637,萬里區,中萬里加投,大坪,122-1
萬里區,大坪,,638,萬里區,中萬里加投,大坪,126-3
萬里區,大坪,,639,萬里區,中萬里加投,大坪,126-5
萬里區,大坪,,64,萬里區,中萬里加投,大坪,9-3
萬里區,大坪,,640,萬里區,中萬里加投,大坪,126-4
萬里區,大坪,,641,萬里區,中萬里加投,大坪,126
萬里區,大坪,,642,萬里區,中萬里加投,大坪,122-3
萬里區,大坪,,643,萬里區,中萬里加投,大坪,154
萬里區,大坪,,644,萬里區,中萬里加投,大坪,155
萬里區,大坪,,645,萬里區,中萬里加投,大坪,158-4
萬里區,大坪,,646,萬里區,中萬里加投,大坪,158-2
萬里區,大坪,,647,萬里區,中萬里加投,大坪,158-6
萬里區,大坪,,648,萬里區,中萬里加投,大坪,158-7
萬里區,大坪,,649,萬里區,中萬里加投,大坪,158-5
萬里區,大坪,,65,萬里區,中萬里加投,大坪,9-5
萬里區,大坪,,650,萬里區,中萬里加投,大坪,158-3
萬里區,大坪,,651,萬里區,中萬里加投,大坪,167-1
萬里區,大坪,,652,萬里區,中萬里加投,大坪,116-18
萬里區,大坪,,653,萬里區,中萬里加投,大坪,177-16
萬里區,大坪,,654,萬里區,中萬里加投,大坪,177-6
萬里區,大坪,,655,萬里區,中萬里加投,大坪,168
萬里區,大坪,,656,萬里區,中萬里加投,大坪,169-1
萬里區,大坪,,657,萬里區,中萬里加投,大坪,169
萬里區,大坪,,658,萬里區,中萬里加投,大坪,167-2
萬里區,大坪,,659,萬里區,中萬里加投,大坪,168-1
萬里區,大坪,,66,萬里區,中萬里加投,大坪,9-4
萬里區,大坪,,660,萬里區,中萬里加投,大坪,166
萬里區,大坪,,661,萬里區,中萬里加投,大坪,167
萬里區,大坪,,662,萬里區,中萬里加投,大坪,159
萬里區,大坪,,663,萬里區,中萬里加投,大坪,160
萬里區,大坪,,664,萬里區,中萬里加投,大坪,164
萬里區,大坪,,665,萬里區,中萬里加投,大坪,162
萬里區,大坪,,666,萬里區,中萬里加投,大坪,163
萬里區,大坪,,667,萬里區,中萬里加投,大坪,165
萬里區,大坪,,668,萬里區,中萬里加投,大坪,196
萬里區,大坪,,669,萬里區,中萬里加投,大坪,197
萬里區,大坪,,67,萬里區,中萬里加投,大坪,9-2
萬里區,大坪,,670,萬里區,中萬里加投,大坪,198
萬里區,大坪,,671,萬里區,中萬里加投,大坪,203
萬里區,大坪,,673,萬里區,中萬里加投,大坪,199
萬里區,大坪,,674,萬里區,中萬里加投,大坪,202
萬里區,大坪,,675,萬里區,中萬里加投,大坪,201
萬里區,大坪,,676,萬里區,中萬里加投,大坪,204
萬里區,大坪,,677,萬里區,中萬里加投,大坪,204-1
萬里區,大坪,,678,萬里區,中萬里加投,大坪,206
萬里區,大坪,,679,萬里區,中萬里加投,大坪,205
萬里區,大坪,,68,萬里區,中萬里加投,大坪,7-2
萬里區,大坪,,680,萬里區,中萬里加投,大坪,206-2
萬里區,大坪,,681,萬里區,中萬里加投,大坪,206-3
萬里區,大坪,,682,萬里區,中萬里加投,大坪,205-2
萬里區,大坪,,683,萬里區,中萬里加投,大坪,205-1
萬里區,大坪,,684,萬里區,中萬里加投,大坪,206-1
萬里區,大坪,,685,萬里區,中萬里加投,二坪,140-3
萬里區,大坪,,686,萬里區,中萬里加投,大坪,200
萬里區,大坪,,687,萬里區,中萬里加投,大坪,161-2
萬里區,大坪,,688,萬里區,中萬里加投,大坪,161-3
萬里區,大坪,,689,萬里區,中萬里加投,大坪,160-1
萬里區,大坪,,69,萬里區,中萬里加投,大坪,10
萬里區,大坪,,690,萬里區,中萬里加投,大坪,161
萬里區,大坪,,691,萬里區,中萬里加投,大坪,161-1
萬里區,大坪,,694,萬里區,中萬里加投,二坪,138
萬里區,大坪,,696,萬里區,中萬里加投,二坪,140-1
萬里區,大坪,,697,萬里區,中萬里加投,二坪,140-8
萬里區,大坪,,698,萬里區,中萬里加投,二坪,140-5
萬里區,大坪,,699,萬里區,中萬里加投,二坪,140-6
萬里區,大坪,,7,萬里區,中萬里加投,大坪,6-1
萬里區,大坪,,70,萬里區,中萬里加投,二坪,15
萬里區,大坪,,700,萬里區,中萬里加投,二坪,140-4
萬里區,大坪,,702,萬里區,中萬里加投,二坪,155
萬里區,大坪,,703,萬里區,中萬里加投,二坪,158
萬里區,大坪,,704,萬里區,中萬里加投,二坪,157
萬里區,大坪,,705,萬里區,中萬里加投,二坪,156
萬里區,大坪,,706,萬里區,中萬里加投,二坪,140
萬里區,大坪,,707,萬里區,中萬里加投,二坪,153
萬里區,大坪,,708,萬里區,中萬里加投,二坪,153-1
萬里區,大坪,,709,萬里區,中萬里加投,二坪,153-2
萬里區,大坪,,71,萬里區,中萬里加投,二坪,16
萬里區,大坪,,711,萬里區,中萬里加投,二坪,151-4
萬里區,大坪,,712,萬里區,中萬里加投,二坪,151-3
萬里區,大坪,,713,萬里區,中萬里加投,二坪,151-2
萬里區,大坪,,714,萬里區,中萬里加投,二坪,151-1
萬里區,大坪,,715,萬里區,中萬里加投,二坪,152
萬里區,大坪,,717,萬里區,中萬里加投,二坪,150
萬里區,大坪,,718,萬里區,中萬里加投,二坪,149-2
萬里區,大坪,,719,萬里區,中萬里加投,二坪,149-3
萬里區,大坪,,72,萬里區,中萬里加投,二坪,18
萬里區,大坪,,720,萬里區,中萬里加投,二坪,149-4
萬里區,大坪,,721,萬里區,中萬里加投,二坪,149-5
萬里區,大坪,,722,萬里區,中萬里加投,二坪,148-5
萬里區,大坪,,723,萬里區,中萬里加投,二坪,148-3
萬里區,大坪,,724,萬里區,中萬里加投,二坪,171-3
萬里區,大坪,,725,萬里區,中萬里加投,二坪,171
萬里區,大坪,,726,萬里區,中萬里加投,二坪,170
萬里區,大坪,,728,萬里區,中萬里加投,二坪,149-1
萬里區,大坪,,729,萬里區,中萬里加投,二坪,149
萬里區,大坪,,73,萬里區,中萬里加投,二坪,19
萬里區,大坪,,730,萬里區,中萬里加投,二坪,161
萬里區,大坪,,731,萬里區,中萬里加投,二坪,169
萬里區,大坪,,732,萬里區,中萬里加投,二坪,168-1
萬里區,大坪,,733,萬里區,中萬里加投,二坪,160
萬里區,大坪,,735,萬里區,中萬里加投,二坪,250
萬里區,大坪,,738,萬里區,中萬里加投,二坪,159
萬里區,大坪,,739,萬里區,中萬里加投,二坪,154-2
萬里區,大坪,,74,萬里區,中萬里加投,二坪,22
萬里區,大坪,,740,萬里區,中萬里加投,二坪,159-1
萬里區,大坪,,741,萬里區,中萬里加投,二坪,159-2
萬里區,大坪,,742,萬里區,中萬里加投,二坪,162-1
萬里區,大坪,,743,萬里區,中萬里加投,二坪,162-2
萬里區,大坪,,744,萬里區,中萬里加投,二坪,163
萬里區,大坪,,745,萬里區,中萬里加投,二坪,164-1
萬里區,大坪,,746,萬里區,中萬里加投,二坪,164
萬里區,大坪,,747,萬里區,中萬里加投,二坪,165
萬里區,大坪,,749,萬里區,中萬里加投,二坪,168
萬里區,大坪,,75,萬里區,中萬里加投,二坪,21
萬里區,大坪,,750,萬里區,中萬里加投,二坪,167
萬里區,大坪,,751,萬里區,中萬里加投,二坪,167-1
萬里區,大坪,,752,萬里區,中萬里加投,二坪,167-2
萬里區,大坪,,754,萬里區,中萬里加投,大坪,212
萬里區,大坪,,755,萬里區,中萬里加投,大坪,212-2
萬里區,大坪,,756,萬里區,中萬里加投,大坪,212-1
萬里區,大坪,,758,萬里區,中萬里加投,大坪,213-1
萬里區,大坪,,759,萬里區,中萬里加投,大坪,213
萬里區,大坪,,760,萬里區,中萬里加投,大坪,215-2
萬里區,大坪,,761,萬里區,中萬里加投,大坪,214-1
萬里區,大坪,,762,萬里區,中萬里加投,大坪,214
萬里區,大坪,,764,萬里區,中萬里加投,大坪,215-1
萬里區,大坪,,765,萬里區,中萬里加投,大坪,215
萬里區,大坪,,766,萬里區,中萬里加投,大坪,216
萬里區,大坪,,768,萬里區,中萬里加投,大坪,217-2
萬里區,大坪,,769,萬里區,中萬里加投,大坪,217-1
萬里區,大坪,,770,萬里區,中萬里加投,大坪,217
萬里區,大坪,,771,萬里區,中萬里加投,大坪,218
萬里區,大坪,,772,萬里區,中萬里加投,大坪,211-5
萬里區,大坪,,773,萬里區,中萬里加投,大坪,211-4
萬里區,大坪,,774,萬里區,中萬里加投,大坪,211-1
萬里區,大坪,,775,萬里區,中萬里加投,大坪,211-3
萬里區,大坪,,776,萬里區,中萬里加投,大坪,211-2
萬里區,大坪,,777,萬里區,中萬里加投,大坪,210
萬里區,大坪,,778,萬里區,中萬里加投,大坪,210-1
萬里區,大坪,,780,萬里區,中萬里加投,大坪,207-1
萬里區,大坪,,781,萬里區,中萬里加投,大坪,207
萬里區,大坪,,782,萬里區,中萬里加投,大坪,208
萬里區,大坪,,783,萬里區,中萬里加投,大坪,209
萬里區,大坪,,784,萬里區,中萬里加投,大坪,209-1
萬里區,大坪,,785,萬里區,中萬里加投,大坪,195-1
萬里區,大坪,,786,萬里區,中萬里加投,大坪,219-2
萬里區,大坪,,787,萬里區,中萬里加投,大坪,219-5
萬里區,大坪,,788,萬里區,中萬里加投,大坪,219-1
萬里區,大坪,,789,萬里區,中萬里加投,大坪,219
萬里區,大坪,,79,萬里區,中萬里加投,大坪,27
萬里區,大坪,,790,萬里區,中萬里加投,大坪,219-4
萬里區,大坪,,791,萬里區,中萬里加投,大坪,219-3
萬里區,大坪,,792,萬里區,中萬里加投,大坪,221
萬里區,大坪,,793,萬里區,中萬里加投,大坪,221-1
萬里區,大坪,,794,萬里區,中萬里加投,大坪,222-2
萬里區,大坪,,795,萬里區,中萬里加投,大坪,223
萬里區,大坪,,797,萬里區,中萬里加投,大坪,195
萬里區,大坪,,798,萬里區,中萬里加投,大坪,194
萬里區,大坪,,799,萬里區,中萬里加投,大坪,193
萬里區,大坪,,8,萬里區,中萬里加投,大坪,4-2
萬里區,大坪,,80,萬里區,中萬里加投,大坪,11
萬里區,大坪,,800,萬里區,中萬里加投,大坪,192
萬里區,大坪,,801,萬里區,中萬里加投,大坪,224
萬里區,大坪,,802,萬里區,中萬里加投,大坪,225
萬里區,大坪,,803,萬里區,中萬里加投,大坪,222-1
萬里區,大坪,,804,萬里區,中萬里加投,大坪,222
萬里區,大坪,,806,萬里區,中萬里加投,大坪,187
萬里區,大坪,,808,萬里區,中萬里加投,大坪,191
萬里區,大坪,,809,萬里區,中萬里加投,大坪,190
萬里區,大坪,,81,萬里區,中萬里加投,大坪,12
萬里區,大坪,,810,萬里區,中萬里加投,大坪,188
萬里區,大坪,,811,萬里區,中萬里加投,大坪,191-1
萬里區,大坪,,812,萬里區,中萬里加投,大坪,189
萬里區,大坪,,813,萬里區,中萬里加投,大坪,185-4
萬里區,大坪,,814,萬里區,中萬里加投,大坪,170-1
萬里區,大坪,,815,萬里區,中萬里加投,大坪,183
萬里區,大坪,,816,萬里區,中萬里加投,大坪,183-1
萬里區,大坪,,817,萬里區,中萬里加投,大坪,184-1
萬里區,大坪,,818,萬里區,中萬里加投,大坪,184
萬里區,大坪,,819,萬里區,中萬里加投,大坪,185-3
萬里區,大坪,,82,萬里區,中萬里加投,大坪,13
萬里區,大坪,,820,萬里區,中萬里加投,大坪,185-1
萬里區,大坪,,821,萬里區,中萬里加投,大坪,185
萬里區,大坪,,822,萬里區,中萬里加投,大坪,185-2
萬里區,大坪,,823,萬里區,中萬里加投,大坪,186-1
萬里區,大坪,,824,萬里區,中萬里加投,大坪,186
萬里區,大坪,,825,萬里區,中萬里加投,大坪,226
萬里區,大坪,,826,萬里區,中萬里加投,大坪,226-1
萬里區,大坪,,827,萬里區,中萬里加投,大坪,228
萬里區,大坪,,828,萬里區,中萬里加投,大坪,227-2
萬里區,大坪,,829,萬里區,中萬里加投,大坪,227
萬里區,大坪,,83,萬里區,中萬里加投,大坪,14-7
萬里區,大坪,,830,萬里區,中萬里加投,大坪,227-3
萬里區,大坪,,831,萬里區,中萬里加投,大坪,227-1
萬里區,大坪,,832,萬里區,中萬里加投,大坪,227-6
萬里區,大坪,,833,萬里區,中萬里加投,大坪,227-5
萬里區,大坪,,834,萬里區,中萬里加投,大坪,227-4
萬里區,大坪,,835,萬里區,頂萬里加投,大坪崙子,109
萬里區,大坪,,836,萬里區,頂萬里加投,大坪崙子,108
萬里區,大坪,,837,萬里區,頂萬里加投,大坪崙子,107
萬里區,大坪,,838,萬里區,頂萬里加投,大坪崙子,101
萬里區,大坪,,839,萬里區,頂萬里加投,大坪崙子,106
萬里區,大坪,,84,萬里區,中萬里加投,大坪,14-3
萬里區,大坪,,840,萬里區,頂萬里加投,大坪崙子,110-2
萬里區,大坪,,841,萬里區,頂萬里加投,大坪崙子,52-13
萬里區,大坪,,842,萬里區,頂萬里加投,大坪崙子,52
萬里區,大坪,,843,萬里區,頂萬里加投,大坪崙子,55-1
萬里區,大坪,,845,萬里區,頂萬里加投,大坪崙子,55-3
萬里區,大坪,,846,萬里區,頂萬里加投,大坪崙子,55-2
萬里區,大坪,,847,萬里區,頂萬里加投,大坪崙子,55
萬里區,大坪,,848,萬里區,頂萬里加投,大坪崙子,52-2
萬里區,大坪,,849,萬里區,頂萬里加投,大坪崙子,52-12
萬里區,大坪,,85,萬里區,中萬里加投,大坪,14-2
萬里區,大坪,,850,萬里區,頂萬里加投,大坪崙子,52-7
萬里區,大坪,,851,萬里區,頂萬里加投,大坪崙子,52-9
萬里區,大坪,,852,萬里區,頂萬里加投,大坪崙子,52-11
萬里區,大坪,,853,萬里區,頂萬里加投,大坪崙子,52-8
萬里區,大坪,,854,萬里區,頂萬里加投,大坪崙子,52-10
萬里區,大坪,,855,萬里區,頂萬里加投,大坪崙子,52-1
萬里區,大坪,,856,萬里區,頂萬里加投,大坪崙子,52-5
萬里區,大坪,,857,萬里區,頂萬里加投,大坪崙子,52-6
萬里區,大坪,,858,萬里區,頂萬里加投,大坪崙子,54
萬里區,大坪,,859,萬里區,頂萬里加投,大坪崙子,53
萬里區,大坪,,86,萬里區,中萬里加投,大坪,14-1
萬里區,大坪,,860,萬里區,頂萬里加投,大坪崙子,52-4
萬里區,大坪,,861,萬里區,頂萬里加投,大坪崙子,52-3
萬里區,大坪,,862,萬里區,頂萬里加投,大坪崙子,52-16
萬里區,大坪,,863,萬里區,頂萬里加投,大坪崙子,52-15
萬里區,大坪,,864,萬里區,頂萬里加投,大坪崙子,52-14
萬里區,大坪,,865,萬里區,頂萬里加投,大坪崙子,110-1
萬里區,大坪,,866,萬里區,頂萬里加投,大坪崙子,110
萬里區,大坪,,867,萬里區,頂萬里加投,大坪崙子,111
萬里區,大坪,,868,萬里區,頂萬里加投,大坪崙子,114
萬里區,大坪,,869,萬里區,頂萬里加投,大坪崙子,115
萬里區,大坪,,87,萬里區,中萬里加投,大坪,15
萬里區,大坪,,871,萬里區,頂萬里加投,大坪崙子,51
萬里區,大坪,,872,萬里區,頂萬里加投,大坪崙子,48
萬里區,大坪,,874,萬里區,頂萬里加投,大坪崙子,49
萬里區,大坪,,875,萬里區,頂萬里加投,大坪崙子,49-1
萬里區,大坪,,876,萬里區,頂萬里加投,大坪崙子,47
萬里區,大坪,,877,萬里區,頂萬里加投,大坪崙子,45
萬里區,大坪,,878,萬里區,頂萬里加投,大坪崙子,117
萬里區,大坪,,879,萬里區,頂萬里加投,大坪崙子,116-2
萬里區,大坪,,88,萬里區,中萬里加投,大坪,14-4
萬里區,大坪,,880,萬里區,頂萬里加投,大坪崙子,50
萬里區,大坪,,881,萬里區,頂萬里加投,大坪崙子,116-1
萬里區,大坪,,882,萬里區,頂萬里加投,大坪崙子,112
萬里區,大坪,,883,萬里區,頂萬里加投,大坪崙子,113
萬里區,大坪,,884,萬里區,頂萬里加投,大坪崙子,23-1
萬里區,大坪,,885,萬里區,頂萬里加投,大坪崙子,23-5
萬里區,大坪,,886,萬里區,頂萬里加投,大坪崙子,23-2
萬里區,大坪,,887,萬里區,頂萬里加投,大坪崙子,23-4
萬里區,大坪,,888,萬里區,頂萬里加投,大坪崙子,23
萬里區,大坪,,889,萬里區,頂萬里加投,大坪崙子,119
萬里區,大坪,,89,萬里區,中萬里加投,大坪,50-22
萬里區,大坪,,890,萬里區,頂萬里加投,大坪崙子,116
萬里區,大坪,,891,萬里區,頂萬里加投,大坪崙子,25
萬里區,大坪,,892,萬里區,頂萬里加投,大坪崙子,120
萬里區,大坪,,895,萬里區,頂萬里加投,大坪崙子,22-1
萬里區,大坪,,896,萬里區,頂萬里加投,大坪崙子,122
萬里區,大坪,,897,萬里區,頂萬里加投,大坪崙子,123
萬里區,大坪,,898,萬里區,頂萬里加投,大坪崙子,21
萬里區,大坪,,899,萬里區,中萬里加投,大坪,251-1
萬里區,大坪,,9,萬里區,中萬里加投,大坪,5
萬里區,大坪,,90,萬里區,中萬里加投,大坪,50-21
萬里區,大坪,,900,萬里區,中萬里加投,大坪,254
萬里區,大坪,,901,萬里區,中萬里加投,大坪,256
萬里區,大坪,,902,萬里區,中萬里加投,大坪,255
萬里區,大坪,,903,萬里區,中萬里加投,大坪,253
萬里區,大坪,,904,萬里區,中萬里加投,大坪,252
萬里區,大坪,,905,萬里區,中萬里加投,大坪,251-2
萬里區,大坪,,906,萬里區,中萬里加投,大坪,251-3
萬里區,大坪,,907,萬里區,中萬里加投,大坪,251-4
萬里區,大坪,,909,萬里區,中萬里加投,大坪,232
萬里區,大坪,,91,萬里區,中萬里加投,大坪,50-20
萬里區,大坪,,910,萬里區,中萬里加投,大坪,251
萬里區,大坪,,911,萬里區,中萬里加投,大坪,229
萬里區,大坪,,912,萬里區,中萬里加投,大坪,230
萬里區,大坪,,913,萬里區,中萬里加投,大坪,231
萬里區,大坪,,914,萬里區,中萬里加投,大坪,233
萬里區,大坪,,915,萬里區,中萬里加投,大坪,228-1
萬里區,大坪,,919,萬里區,中萬里加投,大坪,234
萬里區,大坪,,92,萬里區,中萬里加投,大坪,50-19
萬里區,大坪,,920,萬里區,中萬里加投,大坪,236
萬里區,大坪,,921,萬里區,中萬里加投,大坪,237
萬里區,大坪,,922,萬里區,中萬里加投,大坪,237-1
萬里區,大坪,,923,萬里區,中萬里加投,大坪,238
萬里區,大坪,,924,萬里區,中萬里加投,大坪,239
萬里區,大坪,,925,萬里區,中萬里加投,大坪,240
萬里區,大坪,,926,萬里區,中萬里加投,大坪,241
萬里區,大坪,,927,萬里區,中萬里加投,二坪,195-3
萬里區,大坪,,928,萬里區,中萬里加投,二坪,195
萬里區,大坪,,929,萬里區,中萬里加投,二坪,195-4
萬里區,大坪,,93,萬里區,中萬里加投,大坪,50-23
萬里區,大坪,,930,萬里區,中萬里加投,二坪,195-5
萬里區,大坪,,931,萬里區,中萬里加投,二坪,195-7
萬里區,大坪,,932,萬里區,中萬里加投,二坪,196
萬里區,大坪,,933,萬里區,中萬里加投,二坪,195-6
萬里區,大坪,,934,萬里區,中萬里加投,二坪,195-1
萬里區,大坪,,935,萬里區,中萬里加投,二坪,195-2
萬里區,大坪,,936,萬里區,中萬里加投,二坪,192-3
萬里區,大坪,,937,萬里區,中萬里加投,二坪,172
萬里區,大坪,,938,萬里區,中萬里加投,二坪,171-2
萬里區,大坪,,939,萬里區,中萬里加投,二坪,171-1
萬里區,大坪,,94,萬里區,中萬里加投,大坪,50-24
萬里區,大坪,,941,萬里區,中萬里加投,二坪,175-3
萬里區,大坪,,942,萬里區,中萬里加投,二坪,175-4
萬里區,大坪,,943,萬里區,中萬里加投,二坪,175-2
萬里區,大坪,,944,萬里區,中萬里加投,二坪,174
萬里區,大坪,,945,萬里區,中萬里加投,二坪,175-5
萬里區,大坪,,946,萬里區,中萬里加投,二坪,175-9
萬里區,大坪,,947,萬里區,中萬里加投,二坪,175-8
萬里區,大坪,,948,萬里區,中萬里加投,二坪,175-7
萬里區,大坪,,949,萬里區,中萬里加投,二坪,175-6
萬里區,大坪,,95,萬里區,中萬里加投,大坪,50-8
萬里區,大坪,,950,萬里區,中萬里加投,二坪,180
萬里區,大坪,,951,萬里區,中萬里加投,二坪,177
萬里區,大坪,,952,萬里區,中萬里加投,二坪,177-3
萬里區,大坪,,953,萬里區,中萬里加投,二坪,177-1
萬里區,大坪,,954,萬里區,中萬里加投,二坪,177-2
萬里區,大坪,,955,萬里區,中萬里加投,二坪,176
萬里區,大坪,,956,萬里區,中萬里加投,二坪,175-1
萬里區,大坪,,958,萬里區,中萬里加投,二坪,178
萬里區,大坪,,959,萬里區,中萬里加投,二坪,179-1
萬里區,大坪,,96,萬里區,中萬里加投,大坪,16-3
萬里區,大坪,,960,萬里區,中萬里加投,二坪,179
萬里區,大坪,,961,萬里區,中萬里加投,二坪,182-1
萬里區,大坪,,962,萬里區,中萬里加投,二坪,184
萬里區,大坪,,963,萬里區,中萬里加投,二坪,183
萬里區,大坪,,964,萬里區,中萬里加投,二坪,182
萬里區,大坪,,965,萬里區,中萬里加投,二坪,185
萬里區,大坪,,966,萬里區,中萬里加投,二坪,186
萬里區,大坪,,967,萬里區,中萬里加投,二坪,187
萬里區,大坪,,969,萬里區,中萬里加投,二坪,192-2
萬里區,大坪,,97,萬里區,中萬里加投,大坪,16-1
萬里區,大坪,,970,萬里區,中萬里加投,二坪,188-3
萬里區,大坪,,971,萬里區,中萬里加投,二坪,188
萬里區,大坪,,973,萬里區,中萬里加投,二坪,189-2
萬里區,大坪,,974,萬里區,中萬里加投,二坪,173-1
萬里區,大坪,,975,萬里區,中萬里加投,二坪,173
萬里區,大坪,,976,萬里區,中萬里加投,二坪,173-2
萬里區,大坪,,977,萬里區,中萬里加投,二坪,191
萬里區,大坪,,978,萬里區,中萬里加投,二坪,190
萬里區,大坪,,979,萬里區,中萬里加投,二坪,173-4
萬里區,大坪,,98,萬里區,中萬里加投,大坪,16-2
萬里區,大坪,,980,萬里區,中萬里加投,二坪,192-18
萬里區,大坪,,981,萬里區,中萬里加投,二坪,192-17
萬里區,大坪,,982,萬里區,中萬里加投,二坪,192-16
萬里區,大坪,,983,萬里區,中萬里加投,二坪,192-5
萬里區,大坪,,984,萬里區,中萬里加投,二坪,188-1
萬里區,大坪,,985,萬里區,中萬里加投,二坪,192-12
萬里區,大坪,,986,萬里區,中萬里加投,二坪,192-11
萬里區,大坪,,987,萬里區,中萬里加投,二坪,192-13
萬里區,大坪,,988,萬里區,中萬里加投,二坪,192-4
萬里區,大坪,,989,萬里區,中萬里加投,二坪,192-6
萬里區,大坪,,99,萬里區,中萬里加投,大坪,16-4
萬里區,大坪,,991,萬里區,中萬里加投,二坪,192-7
萬里區,大坪,,992,萬里區,中萬里加投,二坪,192-14
萬里區,大坪,,993,萬里區,中萬里加投,二坪,192-15
萬里區,大坪,,994,萬里區,中萬里加投,二坪,192-21
萬里區,大坪,,995,萬里區,中萬里加投,二坪,192-10
萬里區,大坪,,996,萬里區,中萬里加投,二坪,192-20
萬里區,大坪,,997,萬里區,中萬里加投,二坪,192
萬里區,大坪,,998,萬里區,中萬里加投,二坪,192-9
萬里區,大坪,,999,萬里區,中萬里加投,二坪,192-8
萬里區,大鵬,,1,萬里區,下萬里加投,萬里加投,186
萬里區,大鵬,,10,萬里區,下萬里加投,萬里加投,190
萬里區,大鵬,,100,萬里區,下萬里加投,萬里加投,16-52
萬里區,大鵬,,1000,萬里區,下萬里加投,萬里加投,69-2
萬里區,大鵬,,1001,萬里區,下萬里加投,萬里加投,79-1
萬里區,大鵬,,1002,萬里區,下萬里加投,萬里加投,76-4
萬里區,大鵬,,1003,萬里區,下萬里加投,萬里加投,76-1
萬里區,大鵬,,1004,萬里區,下萬里加投,萬里加投,76-8
萬里區,大鵬,,1005,萬里區,下萬里加投,萬里加投,76-9
萬里區,大鵬,,1006,萬里區,下萬里加投,萬里加投,76-10
萬里區,大鵬,,1007,萬里區,下萬里加投,萬里加投,76-11
萬里區,大鵬,,1008,萬里區,下萬里加投,萬里加投,76-12
萬里區,大鵬,,1009,萬里區,下萬里加投,萬里加投,76-13
萬里區,大鵬,,101,萬里區,下萬里加投,萬里加投,16-54
萬里區,大鵬,,1010,萬里區,下萬里加投,萬里加投,76-22
萬里區,大鵬,,1011,萬里區,下萬里加投,萬里加投,76-21
萬里區,大鵬,,1012,萬里區,下萬里加投,萬里加投,76-20
萬里區,大鵬,,1013,萬里區,下萬里加投,萬里加投,76-19
萬里區,大鵬,,1014,萬里區,下萬里加投,萬里加投,76-18
萬里區,大鵬,,1015,萬里區,下萬里加投,萬里加投,76-17
萬里區,大鵬,,1016,萬里區,下萬里加投,萬里加投,76
萬里區,大鵬,,1017,萬里區,下萬里加投,萬里加投,77
萬里區,大鵬,,1018,萬里區,下萬里加投,萬里加投,78
萬里區,大鵬,,1019,萬里區,下萬里加投,萬里加投,78-1
萬里區,大鵬,,102,萬里區,下萬里加投,萬里加投,16-56
萬里區,大鵬,,1020,萬里區,下萬里加投,萬里加投,78-3
萬里區,大鵬,,1021,萬里區,下萬里加投,萬里加投,78-2
萬里區,大鵬,,1022,萬里區,下萬里加投,萬里加投,76-3
萬里區,大鵬,,1023,萬里區,下萬里加投,萬里加投,78-4
萬里區,大鵬,,1024,萬里區,下萬里加投,萬里加投,79
萬里區,大鵬,,1025,萬里區,下萬里加投,萬里加投,81
萬里區,大鵬,,1026,萬里區,下萬里加投,萬里加投,82-2
萬里區,大鵬,,1027,萬里區,下萬里加投,萬里加投,82-7
萬里區,大鵬,,1028,萬里區,下萬里加投,萬里加投,82-6
萬里區,大鵬,,1029,萬里區,下萬里加投,萬里加投,82-8
萬里區,大鵬,,103,萬里區,下萬里加投,萬里加投,16-58
萬里區,大鵬,,1030,萬里區,下萬里加投,萬里加投,82-4
萬里區,大鵬,,1031,萬里區,下萬里加投,萬里加投,82-9
萬里區,大鵬,,1032,萬里區,下萬里加投,萬里加投,82-10
萬里區,大鵬,,1033,萬里區,下萬里加投,萬里加投,83
萬里區,大鵬,,1034,萬里區,下萬里加投,萬里加投,83-7
萬里區,大鵬,,1035,萬里區,下萬里加投,萬里加投,83-2
萬里區,大鵬,,1036,萬里區,下萬里加投,萬里加投,83-3
萬里區,大鵬,,1037,萬里區,下萬里加投,萬里加投,38
萬里區,大鵬,,1038,萬里區,下萬里加投,萬里加投,32-233
萬里區,大鵬,,1039,萬里區,下萬里加投,萬里加投,32-232
萬里區,大鵬,,104,萬里區,下萬里加投,萬里加投,16-60
萬里區,大鵬,,1040,萬里區,下萬里加投,萬里加投,32-223
萬里區,大鵬,,1041,萬里區,下萬里加投,萬里加投,91-5
萬里區,大鵬,,1042,萬里區,下萬里加投,萬里加投,91-3
萬里區,大鵬,,1043,萬里區,下萬里加投,萬里加投,104-5
萬里區,大鵬,,1044,萬里區,下萬里加投,萬里加投,91-2
萬里區,大鵬,,1045,萬里區,下萬里加投,萬里加投,91-4
萬里區,大鵬,,1046,萬里區,下萬里加投,萬里加投,89-1
萬里區,大鵬,,1047,萬里區,下萬里加投,萬里加投,91-8
萬里區,大鵬,,1048,萬里區,下萬里加投,萬里加投,91
萬里區,大鵬,,1049,萬里區,下萬里加投,萬里加投,90
萬里區,大鵬,,105,萬里區,下萬里加投,萬里加投,19-5
萬里區,大鵬,,1050,萬里區,下萬里加投,萬里加投,89
萬里區,大鵬,,1051,萬里區,下萬里加投,萬里加投,88-6
萬里區,大鵬,,1052,萬里區,下萬里加投,萬里加投,88-5
萬里區,大鵬,,1053,萬里區,下萬里加投,萬里加投,88-4
萬里區,大鵬,,1054,萬里區,下萬里加投,萬里加投,88-3
萬里區,大鵬,,1055,萬里區,下萬里加投,萬里加投,88-2
萬里區,大鵬,,1056,萬里區,下萬里加投,萬里加投,88-1
萬里區,大鵬,,1057,萬里區,下萬里加投,萬里加投,88
萬里區,大鵬,,1058,萬里區,下萬里加投,萬里加投,85-2
萬里區,大鵬,,1059,萬里區,下萬里加投,萬里加投,84
萬里區,大鵬,,106,萬里區,下萬里加投,萬里加投,21
萬里區,大鵬,,1060,萬里區,下萬里加投,萬里加投,83-21
萬里區,大鵬,,1061,萬里區,下萬里加投,萬里加投,83-20
萬里區,大鵬,,1062,萬里區,下萬里加投,萬里加投,83-19
萬里區,大鵬,,1063,萬里區,下萬里加投,萬里加投,83-18
萬里區,大鵬,,1064,萬里區,下萬里加投,萬里加投,83-17
萬里區,大鵬,,1065,萬里區,下萬里加投,萬里加投,83-16
萬里區,大鵬,,1066,萬里區,下萬里加投,萬里加投,83-15
萬里區,大鵬,,1067,萬里區,下萬里加投,萬里加投,83-14
萬里區,大鵬,,1068,萬里區,下萬里加投,萬里加投,83-13
萬里區,大鵬,,1069,萬里區,下萬里加投,萬里加投,83-12
萬里區,大鵬,,107,萬里區,下萬里加投,萬里加投,13-11
萬里區,大鵬,,1070,萬里區,下萬里加投,萬里加投,83-11
萬里區,大鵬,,1071,萬里區,下萬里加投,萬里加投,83-10
萬里區,大鵬,,1072,萬里區,下萬里加投,萬里加投,83-9
萬里區,大鵬,,1073,萬里區,下萬里加投,萬里加投,83-8
萬里區,大鵬,,1074,萬里區,下萬里加投,萬里加投,83-6
萬里區,大鵬,,1075,萬里區,下萬里加投,萬里加投,83-5
萬里區,大鵬,,1076,萬里區,下萬里加投,萬里加投,83-4
萬里區,大鵬,,1077,萬里區,下萬里加投,萬里加投,83-1
萬里區,大鵬,,1078,萬里區,下萬里加投,萬里加投,165-17
萬里區,大鵬,,1079,萬里區,下萬里加投,萬里加投,159-1
萬里區,大鵬,,108,萬里區,下萬里加投,萬里加投,22
萬里區,大鵬,,1080,萬里區,下萬里加投,萬里加投,159-2
萬里區,大鵬,,1081,萬里區,下萬里加投,萬里加投,160
萬里區,大鵬,,1082,萬里區,下萬里加投,萬里加投,161
萬里區,大鵬,,1083,萬里區,下萬里加投,萬里加投,162
萬里區,大鵬,,1084,萬里區,下萬里加投,萬里加投,163
萬里區,大鵬,,1085,萬里區,下萬里加投,萬里加投,165
萬里區,大鵬,,1086,萬里區,下萬里加投,萬里加投,164
萬里區,大鵬,,1087,萬里區,下萬里加投,萬里加投,164-1
萬里區,大鵬,,1089,萬里區,下萬里加投,萬里加投,165-5
萬里區,大鵬,,109,萬里區,下萬里加投,萬里加投,13-3
萬里區,大鵬,,1090,萬里區,下萬里加投,萬里加投,165-13
萬里區,大鵬,,1091,萬里區,下萬里加投,萬里加投,165-9
萬里區,大鵬,,1092,萬里區,下萬里加投,萬里加投,165-14
萬里區,大鵬,,1093,萬里區,下萬里加投,萬里加投,165-8
萬里區,大鵬,,1094,萬里區,下萬里加投,萬里加投,165-15
萬里區,大鵬,,1095,萬里區,下萬里加投,萬里加投,165-16
萬里區,大鵬,,1096,萬里區,下萬里加投,萬里加投,165-7
萬里區,大鵬,,1097,萬里區,下萬里加投,萬里加投,165-6
萬里區,大鵬,,1098,萬里區,下萬里加投,萬里加投,158-1
萬里區,大鵬,,1099,萬里區,下萬里加投,萬里加投,158
萬里區,大鵬,,11,萬里區,下萬里加投,萬里加投,190-1
萬里區,大鵬,,110,萬里區,下萬里加投,萬里加投,26-30
萬里區,大鵬,,1100,萬里區,下萬里加投,萬里加投,157-2
萬里區,大鵬,,1101,萬里區,下萬里加投,萬里加投,157
萬里區,大鵬,,1102,萬里區,下萬里加投,萬里加投,157-1
萬里區,大鵬,,1103,萬里區,下萬里加投,萬里加投,85-3
萬里區,大鵬,,1104,萬里區,下萬里加投,萬里加投,85-1
萬里區,大鵬,,1105,萬里區,下萬里加投,萬里加投,87
萬里區,大鵬,,1106,萬里區,下萬里加投,萬里加投,94
萬里區,大鵬,,1107,萬里區,下萬里加投,萬里加投,94-2
萬里區,大鵬,,1108,萬里區,下萬里加投,萬里加投,94-1
萬里區,大鵬,,1109,萬里區,下萬里加投,萬里加投,91-1
萬里區,大鵬,,111,萬里區,下萬里加投,萬里加投,26-16
萬里區,大鵬,,1110,萬里區,下萬里加投,萬里加投,91-7
萬里區,大鵬,,1111,萬里區,下萬里加投,萬里加投,99-5
萬里區,大鵬,,1112,萬里區,下萬里加投,萬里加投,99-4
萬里區,大鵬,,1113,萬里區,下萬里加投,萬里加投,106
萬里區,大鵬,,1114,萬里區,下萬里加投,萬里加投,107-2
萬里區,大鵬,,1115,萬里區,下萬里加投,萬里加投,101
萬里區,大鵬,,1116,萬里區,下萬里加投,萬里加投,98
萬里區,大鵬,,1117,萬里區,下萬里加投,萬里加投,98-1
萬里區,大鵬,,1118,萬里區,下萬里加投,萬里加投,92-9
萬里區,大鵬,,1119,萬里區,下萬里加投,萬里加投,92
萬里區,大鵬,,112,萬里區,下萬里加投,萬里加投,26-28
萬里區,大鵬,,1120,萬里區,下萬里加投,萬里加投,92-8
萬里區,大鵬,,1121,萬里區,下萬里加投,萬里加投,92-2
萬里區,大鵬,,1122,萬里區,下萬里加投,萬里加投,92-5
萬里區,大鵬,,1123,萬里區,下萬里加投,萬里加投,92-3
萬里區,大鵬,,1124,萬里區,下萬里加投,萬里加投,93-1
萬里區,大鵬,,1125,萬里區,下萬里加投,萬里加投,92-4
萬里區,大鵬,,1126,萬里區,下萬里加投,萬里加投,93-2
萬里區,大鵬,,1127,萬里區,下萬里加投,萬里加投,92-6
萬里區,大鵬,,1128,萬里區,下萬里加投,萬里加投,92-7
萬里區,大鵬,,1129,萬里區,下萬里加投,萬里加投,93
萬里區,大鵬,,113,萬里區,下萬里加投,萬里加投,26-31
萬里區,大鵬,,1130,萬里區,下萬里加投,萬里加投,92-1
萬里區,大鵬,,1131,萬里區,下萬里加投,萬里加投,97-14
萬里區,大鵬,,1132,萬里區,下萬里加投,萬里加投,97-21
萬里區,大鵬,,1133,萬里區,下萬里加投,萬里加投,97-20
萬里區,大鵬,,1134,萬里區,下萬里加投,萬里加投,97-10
萬里區,大鵬,,1135,萬里區,下萬里加投,萬里加投,97-11
萬里區,大鵬,,1136,萬里區,下萬里加投,萬里加投,97-2
萬里區,大鵬,,1137,萬里區,下萬里加投,萬里加投,103
萬里區,大鵬,,1138,萬里區,下萬里加投,萬里加投,102
萬里區,大鵬,,1139,萬里區,下萬里加投,萬里加投,104-1
萬里區,大鵬,,114,萬里區,下萬里加投,萬里加投,26-27
萬里區,大鵬,,1140,萬里區,下萬里加投,萬里加投,103-2
萬里區,大鵬,,1141,萬里區,下萬里加投,萬里加投,104-3
萬里區,大鵬,,1142,萬里區,下萬里加投,萬里加投,104-4
萬里區,大鵬,,1143,萬里區,下萬里加投,萬里加投,103-3
萬里區,大鵬,,1144,萬里區,下萬里加投,萬里加投,97-18
萬里區,大鵬,,1145,萬里區,下萬里加投,萬里加投,103-1
萬里區,大鵬,,1146,萬里區,下萬里加投,萬里加投,104
萬里區,大鵬,,1147,萬里區,下萬里加投,萬里加投,104-2
萬里區,大鵬,,1148,萬里區,下萬里加投,萬里加投,97-19
萬里區,大鵬,,1149,萬里區,下萬里加投,萬里加投,97-9
萬里區,大鵬,,115,萬里區,下萬里加投,萬里加投,26-15
萬里區,大鵬,,1150,萬里區,下萬里加投,萬里加投,97-12
萬里區,大鵬,,1151,萬里區,下萬里加投,萬里加投,97
萬里區,大鵬,,1152,萬里區,下萬里加投,萬里加投,95
萬里區,大鵬,,1153,萬里區,下萬里加投,萬里加投,133-3
萬里區,大鵬,,1154,萬里區,下萬里加投,萬里加投,134
萬里區,大鵬,,1155,萬里區,下萬里加投,萬里加投,85
萬里區,大鵬,,1156,萬里區,下萬里加投,萬里加投,134-2
萬里區,大鵬,,1157,萬里區,下萬里加投,萬里加投,156
萬里區,大鵬,,1158,萬里區,下萬里加投,萬里加投,155-4
萬里區,大鵬,,1159,萬里區,下萬里加投,萬里加投,155
萬里區,大鵬,,116,萬里區,下萬里加投,萬里加投,26-59
萬里區,大鵬,,1160,萬里區,下萬里加投,萬里加投,155-1
萬里區,大鵬,,1161,萬里區,下萬里加投,萬里加投,158-2
萬里區,大鵬,,1162,萬里區,下萬里加投,萬里加投,155-5
萬里區,大鵬,,1163,萬里區,下萬里加投,萬里加投,165-12
萬里區,大鵬,,1164,萬里區,下萬里加投,萬里加投,150-2
萬里區,大鵬,,1165,萬里區,下萬里加投,萬里加投,153-1
萬里區,大鵬,,1166,萬里區,下萬里加投,萬里加投,155-7
萬里區,大鵬,,1167,萬里區,下萬里加投,萬里加投,153-4
萬里區,大鵬,,1168,萬里區,下萬里加投,萬里加投,155-6
萬里區,大鵬,,1169,萬里區,下萬里加投,萬里加投,155-2
萬里區,大鵬,,117,萬里區,下萬里加投,萬里加投,26-7
萬里區,大鵬,,1170,萬里區,下萬里加投,萬里加投,153-3
萬里區,大鵬,,1171,萬里區,下萬里加投,萬里加投,155-8
萬里區,大鵬,,1172,萬里區,下萬里加投,萬里加投,154-9
萬里區,大鵬,,1173,萬里區,下萬里加投,萬里加投,154-2
萬里區,大鵬,,1174,萬里區,下萬里加投,萬里加投,154-1
萬里區,大鵬,,1175,萬里區,下萬里加投,萬里加投,135-1
萬里區,大鵬,,1176,萬里區,下萬里加投,萬里加投,135
萬里區,大鵬,,1177,萬里區,下萬里加投,萬里加投,136
萬里區,大鵬,,1178,萬里區,下萬里加投,萬里加投,136-1
萬里區,大鵬,,1179,萬里區,下萬里加投,萬里加投,140-3
萬里區,大鵬,,118,萬里區,下萬里加投,下寮,1-3
萬里區,大鵬,,1180,萬里區,下萬里加投,萬里加投,140-17
萬里區,大鵬,,1181,萬里區,下萬里加投,萬里加投,140-2
萬里區,大鵬,,1182,萬里區,下萬里加投,萬里加投,154
萬里區,大鵬,,1183,萬里區,下萬里加投,萬里加投,140-1
萬里區,大鵬,,1184,萬里區,下萬里加投,萬里加投,140-16
萬里區,大鵬,,1185,萬里區,下萬里加投,萬里加投,140-6
萬里區,大鵬,,1186,萬里區,下萬里加投,萬里加投,140-9
萬里區,大鵬,,1187,萬里區,下萬里加投,萬里加投,140-19
萬里區,大鵬,,1188,萬里區,下萬里加投,萬里加投,140-18
萬里區,大鵬,,1189,萬里區,下萬里加投,萬里加投,140-4
萬里區,大鵬,,119,萬里區,下萬里加投,下寮,1-11
萬里區,大鵬,,1190,萬里區,下萬里加投,萬里加投,139
萬里區,大鵬,,1191,萬里區,下萬里加投,萬里加投,138
萬里區,大鵬,,1192,萬里區,下萬里加投,萬里加投,137
萬里區,大鵬,,1193,萬里區,下萬里加投,萬里加投,142-4
萬里區,大鵬,,1194,萬里區,下萬里加投,萬里加投,133-2
萬里區,大鵬,,1195,萬里區,下萬里加投,萬里加投,134-1
萬里區,大鵬,,1196,萬里區,下萬里加投,萬里加投,133
萬里區,大鵬,,1197,萬里區,下萬里加投,萬里加投,133-1
萬里區,大鵬,,1198,萬里區,下萬里加投,萬里加投,132-1
萬里區,大鵬,,1199,萬里區,下萬里加投,萬里加投,132-4
萬里區,大鵬,,120,萬里區,下萬里加投,下寮,1-4
萬里區,大鵬,,1200,萬里區,下萬里加投,萬里加投,132-12
萬里區,大鵬,,1201,萬里區,下萬里加投,萬里加投,142
萬里區,大鵬,,1202,萬里區,下萬里加投,萬里加投,142-5
萬里區,大鵬,,1203,萬里區,下萬里加投,萬里加投,119-6
萬里區,大鵬,,1204,萬里區,下萬里加投,萬里加投,132-3
萬里區,大鵬,,1205,萬里區,下萬里加投,萬里加投,132-7
萬里區,大鵬,,1206,萬里區,下萬里加投,萬里加投,132
萬里區,大鵬,,1207,萬里區,下萬里加投,萬里加投,132-6
萬里區,大鵬,,1208,萬里區,下萬里加投,萬里加投,132-11
萬里區,大鵬,,1209,萬里區,下萬里加投,萬里加投,97-13
萬里區,大鵬,,121,萬里區,下萬里加投,下寮,1-5
萬里區,大鵬,,1210,萬里區,下萬里加投,萬里加投,96
萬里區,大鵬,,1211,萬里區,下萬里加投,萬里加投,132-8
萬里區,大鵬,,1212,萬里區,下萬里加投,萬里加投,132-13
萬里區,大鵬,,1213,萬里區,下萬里加投,萬里加投,132-14
萬里區,大鵬,,1214,萬里區,下萬里加投,萬里加投,132-2
萬里區,大鵬,,1215,萬里區,下萬里加投,萬里加投,132-9
萬里區,大鵬,,1216,萬里區,下萬里加投,萬里加投,132-10
萬里區,大鵬,,1217,萬里區,下萬里加投,萬里加投,132-5
萬里區,大鵬,,1218,萬里區,下萬里加投,萬里加投,97-17
萬里區,大鵬,,1219,萬里區,下萬里加投,萬里加投,97-7
萬里區,大鵬,,122,萬里區,下萬里加投,萬里加投,116-6
萬里區,大鵬,,1220,萬里區,下萬里加投,萬里加投,97-8
萬里區,大鵬,,1221,萬里區,下萬里加投,萬里加投,97-15
萬里區,大鵬,,1222,萬里區,下萬里加投,萬里加投,97-4
萬里區,大鵬,,1223,萬里區,下萬里加投,萬里加投,97-6
萬里區,大鵬,,1224,萬里區,下萬里加投,萬里加投,97-22
萬里區,大鵬,,1225,萬里區,下萬里加投,萬里加投,97-23
萬里區,大鵬,,1226,萬里區,下萬里加投,萬里加投,97-5
萬里區,大鵬,,1227,萬里區,下萬里加投,萬里加投,97-3
萬里區,大鵬,,1228,萬里區,下萬里加投,萬里加投,105-1
萬里區,大鵬,,1229,萬里區,下萬里加投,萬里加投,105
萬里區,大鵬,,123,萬里區,下萬里加投,萬里加投,185-1
萬里區,大鵬,,1230,萬里區,下萬里加投,萬里加投,108-5
萬里區,大鵬,,1231,萬里區,下萬里加投,萬里加投,108-8
萬里區,大鵬,,1232,萬里區,下萬里加投,萬里加投,108-7
萬里區,大鵬,,1233,萬里區,下萬里加投,萬里加投,108-6
萬里區,大鵬,,1234,萬里區,下萬里加投,萬里加投,108-1
萬里區,大鵬,,1235,萬里區,下萬里加投,萬里加投,108-4
萬里區,大鵬,,1236,萬里區,下萬里加投,萬里加投,105-2
萬里區,大鵬,,1237,萬里區,下萬里加投,萬里加投,97-1
萬里區,大鵬,,1238,萬里區,下萬里加投,萬里加投,97-16
萬里區,大鵬,,1239,萬里區,下萬里加投,萬里加投,119-1
萬里區,大鵬,,124,萬里區,下萬里加投,萬里加投,118-9
萬里區,大鵬,,1240,萬里區,下萬里加投,萬里加投,118-10
萬里區,大鵬,,1241,萬里區,下萬里加投,萬里加投,119
萬里區,大鵬,,1242,萬里區,下萬里加投,萬里加投,123
萬里區,大鵬,,1243,萬里區,下萬里加投,萬里加投,124
萬里區,大鵬,,1244,萬里區,下萬里加投,萬里加投,126
萬里區,大鵬,,1245,萬里區,下萬里加投,萬里加投,126-9
萬里區,大鵬,,1246,萬里區,下萬里加投,萬里加投,126-1
萬里區,大鵬,,1247,萬里區,下萬里加投,萬里加投,126-17
萬里區,大鵬,,1248,萬里區,下萬里加投,萬里加投,125-2
萬里區,大鵬,,1249,萬里區,下萬里加投,萬里加投,125-11
萬里區,大鵬,,125,萬里區,下萬里加投,萬里加投,192
萬里區,大鵬,,1250,萬里區,下萬里加投,萬里加投,125-8
萬里區,大鵬,,1251,萬里區,下萬里加投,萬里加投,125-10
萬里區,大鵬,,1252,萬里區,下萬里加投,萬里加投,125-9
萬里區,大鵬,,1253,萬里區,下萬里加投,萬里加投,125-20
萬里區,大鵬,,1254,萬里區,下萬里加投,萬里加投,125-3
萬里區,大鵬,,1255,萬里區,下萬里加投,萬里加投,125-7
萬里區,大鵬,,1256,萬里區,下萬里加投,萬里加投,125-4
萬里區,大鵬,,1257,萬里區,下萬里加投,萬里加投,125-14
萬里區,大鵬,,1258,萬里區,下萬里加投,萬里加投,125-6
萬里區,大鵬,,1259,萬里區,下萬里加投,萬里加投,125-13
萬里區,大鵬,,126,萬里區,下萬里加投,萬里加投,192-1
萬里區,大鵬,,1260,萬里區,下萬里加投,萬里加投,125-1
萬里區,大鵬,,1261,萬里區,下萬里加投,萬里加投,130-1
萬里區,大鵬,,1262,萬里區,下萬里加投,萬里加投,131
萬里區,大鵬,,1263,萬里區,下萬里加投,萬里加投,130
萬里區,大鵬,,1264,萬里區,下萬里加投,萬里加投,127
萬里區,大鵬,,1265,萬里區,下萬里加投,萬里加投,125-19
萬里區,大鵬,,1266,萬里區,下萬里加投,萬里加投,125-17
萬里區,大鵬,,1267,萬里區,下萬里加投,萬里加投,125-12
萬里區,大鵬,,1268,萬里區,下萬里加投,萬里加投,125
萬里區,大鵬,,1269,萬里區,下萬里加投,萬里加投,125-5
萬里區,大鵬,,127,萬里區,下萬里加投,萬里加投,193-1
萬里區,大鵬,,1270,萬里區,下萬里加投,萬里加投,125-16
萬里區,大鵬,,1271,萬里區,下萬里加投,萬里加投,145-2
萬里區,大鵬,,1272,萬里區,下萬里加投,萬里加投,125-18
萬里區,大鵬,,1273,萬里區,下萬里加投,萬里加投,145-3
萬里區,大鵬,,1274,萬里區,下萬里加投,萬里加投,121-47
萬里區,大鵬,,1275,萬里區,下萬里加投,萬里加投,121-12
萬里區,大鵬,,1276,萬里區,下萬里加投,萬里加投,121-19
萬里區,大鵬,,1277,萬里區,下萬里加投,萬里加投,122-6
萬里區,大鵬,,1278,萬里區,下萬里加投,萬里加投,122-4
萬里區,大鵬,,1279,萬里區,下萬里加投,萬里加投,126-10
萬里區,大鵬,,128,萬里區,下萬里加投,萬里加投,193
萬里區,大鵬,,1280,萬里區,下萬里加投,萬里加投,126-11
萬里區,大鵬,,1281,萬里區,下萬里加投,萬里加投,126-12
萬里區,大鵬,,1282,萬里區,下萬里加投,萬里加投,126-13
萬里區,大鵬,,1283,萬里區,下萬里加投,萬里加投,126-14
萬里區,大鵬,,1284,萬里區,下萬里加投,萬里加投,126-15
萬里區,大鵬,,1285,萬里區,下萬里加投,萬里加投,126-16
萬里區,大鵬,,1286,萬里區,下萬里加投,萬里加投,126-8
萬里區,大鵬,,1287,萬里區,下萬里加投,萬里加投,126-7
萬里區,大鵬,,1288,萬里區,下萬里加投,萬里加投,126-6
萬里區,大鵬,,1289,萬里區,下萬里加投,萬里加投,126-5
萬里區,大鵬,,129,萬里區,下萬里加投,萬里加投,194-1
萬里區,大鵬,,1290,萬里區,下萬里加投,萬里加投,126-4
萬里區,大鵬,,1291,萬里區,下萬里加投,萬里加投,126-3
萬里區,大鵬,,1292,萬里區,下萬里加投,萬里加投,126-2
萬里區,大鵬,,1293,萬里區,下萬里加投,萬里加投,122-9
萬里區,大鵬,,1294,萬里區,下萬里加投,萬里加投,122-8
萬里區,大鵬,,1295,萬里區,下萬里加投,萬里加投,122-1
萬里區,大鵬,,1296,萬里區,下萬里加投,萬里加投,122-2
萬里區,大鵬,,1297,萬里區,下萬里加投,萬里加投,120
萬里區,大鵬,,1298,萬里區,下萬里加投,萬里加投,119-4
萬里區,大鵬,,1299,萬里區,下萬里加投,萬里加投,120-1
萬里區,大鵬,,13,萬里區,下萬里加投,下寮,22
萬里區,大鵬,,130,萬里區,下萬里加投,萬里加投,194
萬里區,大鵬,,1300,萬里區,下萬里加投,萬里加投,119-3
萬里區,大鵬,,1301,萬里區,下萬里加投,萬里加投,118-11
萬里區,大鵬,,1302,萬里區,下萬里加投,萬里加投,119-7
萬里區,大鵬,,1303,萬里區,下萬里加投,萬里加投,119-2
萬里區,大鵬,,1304,萬里區,下萬里加投,萬里加投,122
萬里區,大鵬,,1305,萬里區,下萬里加投,萬里加投,121-2
萬里區,大鵬,,1306,萬里區,下萬里加投,萬里加投,121-8
萬里區,大鵬,,1307,萬里區,下萬里加投,萬里加投,121-1
萬里區,大鵬,,1308,萬里區,下萬里加投,萬里加投,121-28
萬里區,大鵬,,1309,萬里區,下萬里加投,萬里加投,121-13
萬里區,大鵬,,131,萬里區,下萬里加投,萬里加投,118-18
萬里區,大鵬,,1310,萬里區,下萬里加投,萬里加投,122-3
萬里區,大鵬,,1311,萬里區,下萬里加投,萬里加投,122-5
萬里區,大鵬,,1312,萬里區,下萬里加投,萬里加投,121-20
萬里區,大鵬,,1313,萬里區,下萬里加投,萬里加投,121-29
萬里區,大鵬,,1314,萬里區,下萬里加投,萬里加投,121-14
萬里區,大鵬,,1315,萬里區,下萬里加投,萬里加投,121-21
萬里區,大鵬,,1316,萬里區,下萬里加投,萬里加投,121-25
萬里區,大鵬,,1317,萬里區,下萬里加投,萬里加投,121-15
萬里區,大鵬,,1318,萬里區,下萬里加投,萬里加投,121-27
萬里區,大鵬,,1319,萬里區,下萬里加投,萬里加投,121-22
萬里區,大鵬,,132,萬里區,下萬里加投,萬里加投,118-3
萬里區,大鵬,,1320,萬里區,下萬里加投,萬里加投,121-23
萬里區,大鵬,,1322,萬里區,下萬里加投,萬里加投,121-30
萬里區,大鵬,,1323,萬里區,下萬里加投,萬里加投,121-32
萬里區,大鵬,,1324,萬里區,下萬里加投,萬里加投,121-16
萬里區,大鵬,,1325,萬里區,下萬里加投,萬里加投,121-9
萬里區,大鵬,,1326,萬里區,下萬里加投,萬里加投,121-34
萬里區,大鵬,,1327,萬里區,下萬里加投,萬里加投,121-17
萬里區,大鵬,,1328,萬里區,下萬里加投,萬里加投,121-10
萬里區,大鵬,,1329,萬里區,下萬里加投,萬里加投,121-35
萬里區,大鵬,,133,萬里區,下萬里加投,萬里加投,118-16
萬里區,大鵬,,1330,萬里區,下萬里加投,萬里加投,121
萬里區,大鵬,,1331,萬里區,下萬里加投,萬里加投,121-18
萬里區,大鵬,,1332,萬里區,下萬里加投,萬里加投,121-11
萬里區,大鵬,,1333,萬里區,下萬里加投,萬里加投,121-36
萬里區,大鵬,,1334,萬里區,下萬里加投,萬里加投,121-46
萬里區,大鵬,,1335,萬里區,下萬里加投,萬里加投,121-45
萬里區,大鵬,,1336,萬里區,下萬里加投,萬里加投,121-5
萬里區,大鵬,,1337,萬里區,下萬里加投,萬里加投,121-37
萬里區,大鵬,,1338,萬里區,下萬里加投,萬里加投,121-40
萬里區,大鵬,,1339,萬里區,下萬里加投,萬里加投,121-6
萬里區,大鵬,,134,萬里區,下萬里加投,萬里加投,118-4
萬里區,大鵬,,1340,萬里區,下萬里加投,萬里加投,121-38
萬里區,大鵬,,1341,萬里區,下萬里加投,萬里加投,121-39
萬里區,大鵬,,1342,萬里區,下萬里加投,萬里加投,145-1
萬里區,大鵬,,1343,萬里區,下萬里加投,萬里加投,128-5
萬里區,大鵬,,1344,萬里區,下萬里加投,萬里加投,128-6
萬里區,大鵬,,1345,萬里區,下萬里加投,萬里加投,121-4
萬里區,大鵬,,1346,萬里區,下萬里加投,萬里加投,121-3
萬里區,大鵬,,1347,萬里區,下萬里加投,萬里加投,112-2
萬里區,大鵬,,1348,萬里區,下萬里加投,萬里加投,118-6
萬里區,大鵬,,1349,萬里區,下萬里加投,萬里加投,118-15
萬里區,大鵬,,135,萬里區,下萬里加投,萬里加投,118-21
萬里區,大鵬,,1350,萬里區,下萬里加投,萬里加投,118-5
萬里區,大鵬,,1351,萬里區,下萬里加投,萬里加投,118-14
萬里區,大鵬,,1352,萬里區,下萬里加投,萬里加投,121-26
萬里區,大鵬,,1353,萬里區,下萬里加投,萬里加投,121-24
萬里區,大鵬,,1354,萬里區,下萬里加投,萬里加投,118-13
萬里區,大鵬,,1355,萬里區,下萬里加投,萬里加投,122-7
萬里區,大鵬,,1356,萬里區,下萬里加投,萬里加投,119-5
萬里區,大鵬,,1357,萬里區,下萬里加投,萬里加投,118-12
萬里區,大鵬,,1358,萬里區,下萬里加投,頂寮,58-15
萬里區,大鵬,,1359,萬里區,下萬里加投,頂寮,58-16
萬里區,大鵬,,136,萬里區,下萬里加投,萬里加投,118-1
萬里區,大鵬,,1360,萬里區,下萬里加投,頂寮,58-40
萬里區,大鵬,,1361,萬里區,下萬里加投,頂寮,58-30
萬里區,大鵬,,1362,萬里區,下萬里加投,頂寮,58-1
萬里區,大鵬,,1363,萬里區,下萬里加投,頂寮,58-34
萬里區,大鵬,,1364,萬里區,下萬里加投,頂寮,58-2
萬里區,大鵬,,1365,萬里區,下萬里加投,頂寮,58-38
萬里區,大鵬,,1366,萬里區,下萬里加投,頂寮,59
萬里區,大鵬,,1367,萬里區,下萬里加投,頂寮,58-36
萬里區,大鵬,,1368,萬里區,下萬里加投,頂寮,58-22
萬里區,大鵬,,1369,萬里區,下萬里加投,頂寮,58-23
萬里區,大鵬,,137,萬里區,下萬里加投,萬里加投,118-20
萬里區,大鵬,,1370,萬里區,下萬里加投,頂寮,58-32
萬里區,大鵬,,1371,萬里區,下萬里加投,頂寮,58-31
萬里區,大鵬,,1372,萬里區,下萬里加投,頂寮,58-18
萬里區,大鵬,,1373,萬里區,下萬里加投,頂寮,58-19
萬里區,大鵬,,1374,萬里區,下萬里加投,頂寮,58-20
萬里區,大鵬,,1375,萬里區,下萬里加投,頂寮,48-4
萬里區,大鵬,,1376,萬里區,下萬里加投,頂寮,49-1
萬里區,大鵬,,1377,萬里區,下萬里加投,頂寮,50-3
萬里區,大鵬,,1378,萬里區,下萬里加投,頂寮,58-17
萬里區,大鵬,,1379,萬里區,下萬里加投,頂寮,58-5
萬里區,大鵬,,138,萬里區,下萬里加投,萬里加投,118-7
萬里區,大鵬,,1380,萬里區,下萬里加投,頂寮,58-41
萬里區,大鵬,,1381,萬里區,下萬里加投,頂寮,58-4
萬里區,大鵬,,1382,萬里區,下萬里加投,頂寮,58-39
萬里區,大鵬,,1383,萬里區,下萬里加投,頂寮,53
萬里區,大鵬,,1384,萬里區,下萬里加投,頂寮,52
萬里區,大鵬,,1385,萬里區,下萬里加投,頂寮,50
萬里區,大鵬,,1386,萬里區,下萬里加投,頂寮,58-13
萬里區,大鵬,,1387,萬里區,下萬里加投,頂寮,49
萬里區,大鵬,,1388,萬里區,下萬里加投,頂寮,48-1
萬里區,大鵬,,1389,萬里區,下萬里加投,頂寮,48-5
萬里區,大鵬,,139,萬里區,下萬里加投,萬里加投,118-17
萬里區,大鵬,,1390,萬里區,下萬里加投,頂寮,58-3
萬里區,大鵬,,1391,萬里區,下萬里加投,頂寮,48-2
萬里區,大鵬,,1392,萬里區,下萬里加投,頂寮,48-6
萬里區,大鵬,,1393,萬里區,下萬里加投,頂寮,48-3
萬里區,大鵬,,1394,萬里區,下萬里加投,頂寮,58-14
萬里區,大鵬,,1395,萬里區,下萬里加投,頂寮,48-7
萬里區,大鵬,,1396,萬里區,下萬里加投,頂寮,47-1
萬里區,大鵬,,1397,萬里區,下萬里加投,頂寮,48
萬里區,大鵬,,1398,萬里區,下萬里加投,頂寮,47
萬里區,大鵬,,1399,萬里區,下萬里加投,頂寮,46-2
萬里區,大鵬,,14,萬里區,下萬里加投,萬里加投,1
萬里區,大鵬,,140,萬里區,下萬里加投,萬里加投,118-8
萬里區,大鵬,,1400,萬里區,下萬里加投,頂寮,46-1
萬里區,大鵬,,1401,萬里區,下萬里加投,頂寮,47-2
萬里區,大鵬,,1402,萬里區,下萬里加投,頂寮,46
萬里區,大鵬,,1403,萬里區,下萬里加投,頂寮,58-12
萬里區,大鵬,,1404,萬里區,下萬里加投,頂寮,45-3
萬里區,大鵬,,1405,萬里區,下萬里加投,頂寮,45-1
萬里區,大鵬,,1406,萬里區,下萬里加投,頂寮,45
萬里區,大鵬,,1407,萬里區,下萬里加投,頂寮,44
萬里區,大鵬,,1408,萬里區,下萬里加投,頂寮,43
萬里區,大鵬,,1409,萬里區,下萬里加投,頂寮,44-1
萬里區,大鵬,,141,萬里區,下萬里加投,萬里加投,117-1
萬里區,大鵬,,1410,萬里區,下萬里加投,頂寮,45-2
萬里區,大鵬,,1411,萬里區,下萬里加投,頂寮,58-29
萬里區,大鵬,,1412,萬里區,下萬里加投,頂寮,50-2
萬里區,大鵬,,1413,萬里區,下萬里加投,頂寮,50-1
萬里區,大鵬,,1414,萬里區,下萬里加投,頂寮,51
萬里區,大鵬,,1415,萬里區,下萬里加投,頂寮,51-1
萬里區,大鵬,,1416,萬里區,下萬里加投,頂寮,52-2
萬里區,大鵬,,1417,萬里區,下萬里加投,頂寮,52-3
萬里區,大鵬,,1418,萬里區,下萬里加投,頂寮,53-2
萬里區,大鵬,,1419,萬里區,下萬里加投,頂寮,53-1
萬里區,大鵬,,142,萬里區,下萬里加投,萬里加投,117
萬里區,大鵬,,1420,萬里區,下萬里加投,頂寮,54-1
萬里區,大鵬,,1421,萬里區,下萬里加投,頂寮,53-3
萬里區,大鵬,,1422,萬里區,下萬里加投,頂寮,54-2
萬里區,大鵬,,1423,萬里區,下萬里加投,頂寮,54
萬里區,大鵬,,1424,萬里區,下萬里加投,頂寮,51-2
萬里區,大鵬,,1425,萬里區,下萬里加投,頂寮,58-28
萬里區,大鵬,,1426,萬里區,下萬里加投,頂寮,44-2
萬里區,大鵬,,1427,萬里區,下萬里加投,頂寮,58-37
萬里區,大鵬,,1428,萬里區,下萬里加投,頂寮,58-11
萬里區,大鵬,,1429,萬里區,下萬里加投,頂寮,42
萬里區,大鵬,,143,萬里區,下萬里加投,萬里加投,116-3
萬里區,大鵬,,1430,萬里區,下萬里加投,頂寮,40-1
萬里區,大鵬,,1431,萬里區,下萬里加投,頂寮,42-1
萬里區,大鵬,,1432,萬里區,下萬里加投,頂寮,41
萬里區,大鵬,,1433,萬里區,下萬里加投,頂寮,40
萬里區,大鵬,,1434,萬里區,下萬里加投,頂寮,55-2
萬里區,大鵬,,1435,萬里區,下萬里加投,頂寮,55-1
萬里區,大鵬,,1436,萬里區,下萬里加投,頂寮,55
萬里區,大鵬,,1437,萬里區,下萬里加投,頂寮,58-10
萬里區,大鵬,,1438,萬里區,下萬里加投,頂寮,53-4
萬里區,大鵬,,1439,萬里區,下萬里加投,頂寮,57
萬里區,大鵬,,144,萬里區,下萬里加投,萬里加投,118
萬里區,大鵬,,1440,萬里區,下萬里加投,頂寮,56
萬里區,大鵬,,1441,萬里區,下萬里加投,頂寮,56-1
萬里區,大鵬,,1442,萬里區,下萬里加投,頂寮,58-9
萬里區,大鵬,,1443,萬里區,下萬里加投,頂寮,58-8
萬里區,大鵬,,1444,萬里區,下萬里加投,頂寮,39-1
萬里區,大鵬,,1445,萬里區,下萬里加投,頂寮,39
萬里區,大鵬,,1446,萬里區,下萬里加投,頂寮,3
萬里區,大鵬,,1447,萬里區,下萬里加投,頂寮,1-1
萬里區,大鵬,,1448,萬里區,下萬里加投,頂寮,1
萬里區,大鵬,,1449,萬里區,下萬里加投,頂寮,2-1
萬里區,大鵬,,145,萬里區,下萬里加投,萬里加投,118-23
萬里區,大鵬,,1450,萬里區,下萬里加投,頂寮,2
萬里區,大鵬,,1451,萬里區,下萬里加投,頂寮,58
萬里區,大鵬,,1452,萬里區,下萬里加投,頂寮,8
萬里區,大鵬,,1453,萬里區,下萬里加投,頂寮,3-1
萬里區,大鵬,,1454,萬里區,下萬里加投,頂寮,5-4
萬里區,大鵬,,1455,萬里區,下萬里加投,頂寮,5-6
萬里區,大鵬,,1456,萬里區,下萬里加投,頂寮,5-5
萬里區,大鵬,,1457,萬里區,下萬里加投,頂寮,4
萬里區,大鵬,,1458,萬里區,下萬里加投,頂寮,37
萬里區,大鵬,,1459,萬里區,下萬里加投,頂寮,8-2
萬里區,大鵬,,146,萬里區,下萬里加投,萬里加投,118-22
萬里區,大鵬,,1460,萬里區,下萬里加投,頂寮,7
萬里區,大鵬,,1461,萬里區,下萬里加投,頂寮,8-3
萬里區,大鵬,,1462,萬里區,下萬里加投,頂寮,6-3
萬里區,大鵬,,1463,萬里區,下萬里加投,頂寮,5-7
萬里區,大鵬,,1464,萬里區,下萬里加投,頂寮,5-3
萬里區,大鵬,,1465,萬里區,下萬里加投,頂寮,5
萬里區,大鵬,,1466,萬里區,下萬里加投,頂寮,5-2
萬里區,大鵬,,1467,萬里區,下萬里加投,頂寮,6-2
萬里區,大鵬,,1468,萬里區,下萬里加投,頂寮,8-1
萬里區,大鵬,,1469,萬里區,下萬里加投,頂寮,37-1
萬里區,大鵬,,147,萬里區,下萬里加投,萬里加投,118-24
萬里區,大鵬,,1470,萬里區,下萬里加投,頂寮,39-2
萬里區,大鵬,,1471,萬里區,下萬里加投,頂寮,38-1
萬里區,大鵬,,1472,萬里區,下萬里加投,頂寮,36-1
萬里區,大鵬,,1473,萬里區,下萬里加投,頂寮,56-3
萬里區,大鵬,,1474,萬里區,下萬里加投,頂寮,57-2
萬里區,大鵬,,1475,萬里區,下萬里加投,頂寮,57-4
萬里區,大鵬,,1476,萬里區,下萬里加投,頂寮,58-6
萬里區,大鵬,,1477,萬里區,下萬里加投,頂寮,57-1
萬里區,大鵬,,1478,萬里區,下萬里加投,頂寮,57-3
萬里區,大鵬,,1479,萬里區,下萬里加投,頂寮,56-2
萬里區,大鵬,,148,萬里區,下萬里加投,萬里加投,118-25
萬里區,大鵬,,1480,萬里區,下萬里加投,頂寮,58-7
萬里區,大鵬,,1481,萬里區,下萬里加投,頂寮,34
萬里區,大鵬,,1482,萬里區,下萬里加投,頂寮,36
萬里區,大鵬,,1483,萬里區,下萬里加投,頂寮,38
萬里區,大鵬,,1484,萬里區,下萬里加投,頂寮,37-4
萬里區,大鵬,,1485,萬里區,下萬里加投,頂寮,35
萬里區,大鵬,,1486,萬里區,下萬里加投,頂寮,33
萬里區,大鵬,,1487,萬里區,下萬里加投,頂寮,32
萬里區,大鵬,,1488,萬里區,下萬里加投,頂寮,28
萬里區,大鵬,,1489,萬里區,下萬里加投,頂寮,27-3
萬里區,大鵬,,149,萬里區,下萬里加投,萬里加投,118-26
萬里區,大鵬,,1490,萬里區,下萬里加投,頂寮,26
萬里區,大鵬,,1491,萬里區,下萬里加投,頂寮,27-5
萬里區,大鵬,,1492,萬里區,下萬里加投,頂寮,25
萬里區,大鵬,,1493,萬里區,下萬里加投,頂寮,24
萬里區,大鵬,,1494,萬里區,下萬里加投,頂寮,24-5
萬里區,大鵬,,1495,萬里區,下萬里加投,頂寮,24-4
萬里區,大鵬,,1496,萬里區,下萬里加投,頂寮,24-1
萬里區,大鵬,,1497,萬里區,下萬里加投,頂寮,24-2
萬里區,大鵬,,1498,萬里區,下萬里加投,頂寮,24-3
萬里區,大鵬,,1499,萬里區,下萬里加投,頂寮,27-4
萬里區,大鵬,,15,萬里區,下萬里加投,下寮,21-3
萬里區,大鵬,,150,萬里區,下萬里加投,萬里加投,118-27
萬里區,大鵬,,1500,萬里區,下萬里加投,頂寮,23-2
萬里區,大鵬,,1501,萬里區,下萬里加投,頂寮,23-1
萬里區,大鵬,,1502,萬里區,下萬里加投,頂寮,23
萬里區,大鵬,,1503,萬里區,下萬里加投,頂寮,22-3
萬里區,大鵬,,1504,萬里區,下萬里加投,頂寮,22-2
萬里區,大鵬,,1505,萬里區,下萬里加投,頂寮,58-25
萬里區,大鵬,,1506,萬里區,下萬里加投,頂寮,58-26
萬里區,大鵬,,1507,萬里區,下萬里加投,頂寮,22-7
萬里區,大鵬,,1508,萬里區,下萬里加投,頂寮,22-6
萬里區,大鵬,,1509,萬里區,下萬里加投,頂寮,22-1
萬里區,大鵬,,151,萬里區,下萬里加投,萬里加投,118-2
萬里區,大鵬,,1510,萬里區,下萬里加投,頂寮,58-27
萬里區,大鵬,,1511,萬里區,下萬里加投,頂寮,22
萬里區,大鵬,,1512,萬里區,下萬里加投,頂寮,22-4
萬里區,大鵬,,1513,萬里區,下萬里加投,頂寮,22-5
萬里區,大鵬,,1514,萬里區,下萬里加投,頂寮,21-2
萬里區,大鵬,,1515,萬里區,下萬里加投,頂寮,21-1
萬里區,大鵬,,1516,萬里區,下萬里加投,頂寮,21
萬里區,大鵬,,1517,萬里區,下萬里加投,頂寮,27-2
萬里區,大鵬,,1518,萬里區,下萬里加投,頂寮,27-1
萬里區,大鵬,,1519,萬里區,下萬里加投,頂寮,27
萬里區,大鵬,,152,萬里區,下萬里加投,萬里加投,116-2
萬里區,大鵬,,1520,萬里區,下萬里加投,頂寮,29-2
萬里區,大鵬,,1521,萬里區,下萬里加投,頂寮,29-1
萬里區,大鵬,,1522,萬里區,下萬里加投,頂寮,29
萬里區,大鵬,,1523,萬里區,下萬里加投,頂寮,30
萬里區,大鵬,,1524,萬里區,下萬里加投,頂寮,32-1
萬里區,大鵬,,1525,萬里區,下萬里加投,頂寮,33-1
萬里區,大鵬,,1526,萬里區,下萬里加投,頂寮,31-1
萬里區,大鵬,,1527,萬里區,下萬里加投,頂寮,31
萬里區,大鵬,,1528,萬里區,下萬里加投,頂寮,35-1
萬里區,大鵬,,1529,萬里區,下萬里加投,頂寮,11-1
萬里區,大鵬,,153,萬里區,下萬里加投,萬里加投,116-1
萬里區,大鵬,,1530,萬里區,下萬里加投,頂寮,37-3
萬里區,大鵬,,1531,萬里區,下萬里加投,頂寮,37-2
萬里區,大鵬,,1532,萬里區,下萬里加投,頂寮,10
萬里區,大鵬,,1533,萬里區,下萬里加投,頂寮,11
萬里區,大鵬,,1534,萬里區,下萬里加投,頂寮,9
萬里區,大鵬,,1535,萬里區,下萬里加投,頂寮,6-1
萬里區,大鵬,,1536,萬里區,下萬里加投,頂寮,5-1
萬里區,大鵬,,1538,萬里區,下萬里加投,頂寮,6
萬里區,大鵬,,1539,萬里區,下萬里加投,頂寮,7-1
萬里區,大鵬,,154,萬里區,下萬里加投,萬里加投,116-7
萬里區,大鵬,,1540,萬里區,下萬里加投,頂寮,58-24
萬里區,大鵬,,1541,萬里區,下萬里加投,頂寮,12
萬里區,大鵬,,1542,萬里區,下萬里加投,頂寮,12-1
萬里區,大鵬,,1543,萬里區,下萬里加投,頂寮,14
萬里區,大鵬,,1544,萬里區,下萬里加投,頂寮,13-1
萬里區,大鵬,,1545,萬里區,下萬里加投,頂寮,13
萬里區,大鵬,,1546,萬里區,下萬里加投,頂寮,15
萬里區,大鵬,,1547,萬里區,下萬里加投,頂寮,16
萬里區,大鵬,,1548,萬里區,下萬里加投,頂寮,18
萬里區,大鵬,,1549,萬里區,下萬里加投,頂寮,19
萬里區,大鵬,,155,萬里區,下萬里加投,萬里加投,117-4
萬里區,大鵬,,1550,萬里區,下萬里加投,頂寮,60-1
萬里區,大鵬,,1551,萬里區,下萬里加投,頂寮,60
萬里區,大鵬,,1552,萬里區,下萬里加投,頂寮,61
萬里區,大鵬,,1553,萬里區,下萬里加投,頂寮,62
萬里區,大鵬,,1554,萬里區,下萬里加投,頂寮,63
萬里區,大鵬,,1555,萬里區,下萬里加投,頂寮,65
萬里區,大鵬,,1556,萬里區,下萬里加投,頂寮,64
萬里區,大鵬,,1557,萬里區,下萬里加投,頂寮,20
萬里區,大鵬,,1558,萬里區,下萬里加投,頂寮,17-1
萬里區,大鵬,,1559,萬里區,下萬里加投,頂寮,17
萬里區,大鵬,,156,萬里區,下萬里加投,萬里加投,117-5
萬里區,大鵬,,1560,萬里區,下萬里加投,頂寮,64-1
萬里區,大鵬,,1561,萬里區,下萬里加投,頂寮,65-1
萬里區,大鵬,,1562,萬里區,下萬里加投,頂寮,66
萬里區,大鵬,,1563,萬里區,下萬里加投,頂寮,67
萬里區,大鵬,,157,萬里區,下萬里加投,萬里加投,117-3
萬里區,大鵬,,158,萬里區,下萬里加投,萬里加投,116-5
萬里區,大鵬,,159,萬里區,下萬里加投,萬里加投,116-4
萬里區,大鵬,,16,萬里區,下萬里加投,萬里加投,26-48
萬里區,大鵬,,160,萬里區,下萬里加投,萬里加投,115-1
萬里區,大鵬,,161,萬里區,下萬里加投,萬里加投,116
萬里區,大鵬,,162,萬里區,下萬里加投,萬里加投,114-1
萬里區,大鵬,,163,萬里區,下萬里加投,萬里加投,114
萬里區,大鵬,,164,萬里區,下萬里加投,萬里加投,118-19
萬里區,大鵬,,165,萬里區,下萬里加投,萬里加投,115
萬里區,大鵬,,166,萬里區,下萬里加投,萬里加投,112-1
萬里區,大鵬,,167,萬里區,下萬里加投,萬里加投,111
萬里區,大鵬,,168,萬里區,下萬里加投,萬里加投,112
萬里區,大鵬,,169,萬里區,下萬里加投,萬里加投,110
萬里區,大鵬,,17,萬里區,下萬里加投,下寮,21
萬里區,大鵬,,170,萬里區,下萬里加投,萬里加投,109
萬里區,大鵬,,171,萬里區,下萬里加投,萬里加投,113
萬里區,大鵬,,172,萬里區,下萬里加投,萬里加投,108-3
萬里區,大鵬,,173,萬里區,下萬里加投,萬里加投,113-2
萬里區,大鵬,,174,萬里區,下萬里加投,萬里加投,113-1
萬里區,大鵬,,175,萬里區,下萬里加投,萬里加投,113-4
萬里區,大鵬,,176,萬里區,下萬里加投,萬里加投,113-3
萬里區,大鵬,,177,萬里區,下萬里加投,萬里加投,106-3
萬里區,大鵬,,178,萬里區,下萬里加投,萬里加投,106-2
萬里區,大鵬,,179,萬里區,下萬里加投,萬里加投,106-1
萬里區,大鵬,,18,萬里區,下萬里加投,萬里加投,26-49
萬里區,大鵬,,180,萬里區,下萬里加投,萬里加投,33-2
萬里區,大鵬,,181,萬里區,下萬里加投,萬里加投,99-1
萬里區,大鵬,,182,萬里區,下萬里加投,萬里加投,33
萬里區,大鵬,,183,萬里區,下萬里加投,萬里加投,33-1
萬里區,大鵬,,184,萬里區,下萬里加投,萬里加投,26-34
萬里區,大鵬,,185,萬里區,下萬里加投,萬里加投,26-33
萬里區,大鵬,,186,萬里區,下萬里加投,萬里加投,26-60
萬里區,大鵬,,187,萬里區,下萬里加投,萬里加投,32-142
萬里區,大鵬,,188,萬里區,下萬里加投,萬里加投,32-141
萬里區,大鵬,,189,萬里區,下萬里加投,萬里加投,32-145
萬里區,大鵬,,19,萬里區,下萬里加投,萬里加投,1-2
萬里區,大鵬,,190,萬里區,下萬里加投,萬里加投,32-143
萬里區,大鵬,,191,萬里區,下萬里加投,萬里加投,32-36
萬里區,大鵬,,192,萬里區,下萬里加投,萬里加投,32-16
萬里區,大鵬,,193,萬里區,下萬里加投,萬里加投,32-240
萬里區,大鵬,,194,萬里區,下萬里加投,萬里加投,32-239
萬里區,大鵬,,195,萬里區,下萬里加投,萬里加投,32-89
萬里區,大鵬,,196,萬里區,下萬里加投,萬里加投,32-35
萬里區,大鵬,,197,萬里區,下萬里加投,萬里加投,32-2
萬里區,大鵬,,198,萬里區,下萬里加投,萬里加投,31
萬里區,大鵬,,199,萬里區,下萬里加投,萬里加投,32-229
萬里區,大鵬,,2,萬里區,下萬里加投,萬里加投,187
萬里區,大鵬,,20,萬里區,下萬里加投,萬里加投,1-3
萬里區,大鵬,,200,萬里區,下萬里加投,萬里加投,32-211
萬里區,大鵬,,201,萬里區,下萬里加投,萬里加投,32-137
萬里區,大鵬,,202,萬里區,下萬里加投,萬里加投,32-136
萬里區,大鵬,,203,萬里區,下萬里加投,萬里加投,32-52
萬里區,大鵬,,204,萬里區,下萬里加投,萬里加投,32-210
萬里區,大鵬,,205,萬里區,下萬里加投,萬里加投,32-135
萬里區,大鵬,,206,萬里區,下萬里加投,萬里加投,32-134
萬里區,大鵬,,207,萬里區,下萬里加投,萬里加投,32-161
萬里區,大鵬,,208,萬里區,下萬里加投,萬里加投,32-226
萬里區,大鵬,,209,萬里區,下萬里加投,萬里加投,32-209
萬里區,大鵬,,21,萬里區,下萬里加投,萬里加投,1-1
萬里區,大鵬,,210,萬里區,下萬里加投,萬里加投,32-133
萬里區,大鵬,,211,萬里區,下萬里加投,萬里加投,32-215
萬里區,大鵬,,212,萬里區,下萬里加投,萬里加投,32-132
萬里區,大鵬,,213,萬里區,下萬里加投,萬里加投,32-214
萬里區,大鵬,,214,萬里區,下萬里加投,萬里加投,32-131
萬里區,大鵬,,215,萬里區,下萬里加投,萬里加投,32-53
萬里區,大鵬,,216,萬里區,下萬里加投,萬里加投,32-213
萬里區,大鵬,,217,萬里區,下萬里加投,萬里加投,32-130
萬里區,大鵬,,218,萬里區,下萬里加投,萬里加投,32-221
萬里區,大鵬,,219,萬里區,下萬里加投,萬里加投,32-129
萬里區,大鵬,,22,萬里區,下萬里加投,萬里加投,3
萬里區,大鵬,,220,萬里區,下萬里加投,萬里加投,32-230
萬里區,大鵬,,221,萬里區,下萬里加投,萬里加投,32-212
萬里區,大鵬,,222,萬里區,下萬里加投,萬里加投,32-220
萬里區,大鵬,,223,萬里區,下萬里加投,萬里加投,32-128
萬里區,大鵬,,224,萬里區,下萬里加投,萬里加投,32-228
萬里區,大鵬,,225,萬里區,下萬里加投,萬里加投,32-225
萬里區,大鵬,,226,萬里區,下萬里加投,萬里加投,32-219
萬里區,大鵬,,227,萬里區,下萬里加投,萬里加投,32-127
萬里區,大鵬,,228,萬里區,下萬里加投,萬里加投,32-54
萬里區,大鵬,,229,萬里區,下萬里加投,萬里加投,32-227
萬里區,大鵬,,23,萬里區,下萬里加投,萬里加投,6
萬里區,大鵬,,230,萬里區,下萬里加投,萬里加投,32-224
萬里區,大鵬,,231,萬里區,下萬里加投,萬里加投,32-218
萬里區,大鵬,,232,萬里區,下萬里加投,萬里加投,32-126
萬里區,大鵬,,233,萬里區,下萬里加投,萬里加投,32-125
萬里區,大鵬,,234,萬里區,下萬里加投,萬里加投,32-5
萬里區,大鵬,,235,萬里區,下萬里加投,萬里加投,32-217
萬里區,大鵬,,236,萬里區,下萬里加投,萬里加投,32-124
萬里區,大鵬,,237,萬里區,下萬里加投,萬里加投,32-216
萬里區,大鵬,,238,萬里區,下萬里加投,萬里加投,32-123
萬里區,大鵬,,239,萬里區,下萬里加投,萬里加投,32-121
萬里區,大鵬,,24,萬里區,下萬里加投,萬里加投,7
萬里區,大鵬,,240,萬里區,下萬里加投,萬里加投,26-8
萬里區,大鵬,,241,萬里區,下萬里加投,萬里加投,25
萬里區,大鵬,,242,萬里區,下萬里加投,萬里加投,26-5
萬里區,大鵬,,243,萬里區,下萬里加投,萬里加投,26-37
萬里區,大鵬,,244,萬里區,下萬里加投,萬里加投,26-39
萬里區,大鵬,,245,萬里區,下萬里加投,萬里加投,26
萬里區,大鵬,,246,萬里區,下萬里加投,萬里加投,26-12
萬里區,大鵬,,247,萬里區,下萬里加投,萬里加投,26-65
萬里區,大鵬,,25,萬里區,下萬里加投,萬里加投,5-1
萬里區,大鵬,,250,萬里區,下萬里加投,萬里加投,23-2
萬里區,大鵬,,251,萬里區,下萬里加投,萬里加投,23-16
萬里區,大鵬,,252,萬里區,下萬里加投,萬里加投,23-23
萬里區,大鵬,,253,萬里區,下萬里加投,萬里加投,26-64
萬里區,大鵬,,254,萬里區,下萬里加投,萬里加投,26-13
萬里區,大鵬,,255,萬里區,下萬里加投,萬里加投,26-54
萬里區,大鵬,,256,萬里區,下萬里加投,萬里加投,26-63
萬里區,大鵬,,257,萬里區,下萬里加投,萬里加投,23
萬里區,大鵬,,258,萬里區,下萬里加投,萬里加投,23-4
萬里區,大鵬,,259,萬里區,下萬里加投,萬里加投,23-5
萬里區,大鵬,,26,萬里區,下萬里加投,萬里加投,3-1
萬里區,大鵬,,260,萬里區,下萬里加投,萬里加投,23-22
萬里區,大鵬,,261,萬里區,下萬里加投,萬里加投,23-21
萬里區,大鵬,,262,萬里區,下萬里加投,萬里加投,13-14
萬里區,大鵬,,263,萬里區,下萬里加投,萬里加投,15
萬里區,大鵬,,264,萬里區,下萬里加投,萬里加投,16-102
萬里區,大鵬,,265,萬里區,下萬里加投,萬里加投,16-7
萬里區,大鵬,,266,萬里區,下萬里加投,萬里加投,14-5
萬里區,大鵬,,267,萬里區,下萬里加投,萬里加投,16-35
萬里區,大鵬,,268,萬里區,下萬里加投,萬里加投,16-36
萬里區,大鵬,,269,萬里區,下萬里加投,萬里加投,16-6
萬里區,大鵬,,27,萬里區,下萬里加投,萬里加投,4
萬里區,大鵬,,270,萬里區,下萬里加投,萬里加投,16-97
萬里區,大鵬,,271,萬里區,下萬里加投,萬里加投,16-98
萬里區,大鵬,,272,萬里區,下萬里加投,萬里加投,16-99
萬里區,大鵬,,273,萬里區,下萬里加投,萬里加投,16-5
萬里區,大鵬,,274,萬里區,下萬里加投,萬里加投,16-30
萬里區,大鵬,,275,萬里區,下萬里加投,萬里加投,16-17
萬里區,大鵬,,276,萬里區,下萬里加投,萬里加投,16-31
萬里區,大鵬,,277,萬里區,下萬里加投,萬里加投,16-103
萬里區,大鵬,,278,萬里區,下萬里加投,萬里加投,16-16
萬里區,大鵬,,279,萬里區,下萬里加投,萬里加投,16-15
萬里區,大鵬,,28,萬里區,下萬里加投,萬里加投,26-52
萬里區,大鵬,,280,萬里區,下萬里加投,萬里加投,16-14
萬里區,大鵬,,281,萬里區,下萬里加投,萬里加投,16-4
萬里區,大鵬,,282,萬里區,下萬里加投,萬里加投,16
萬里區,大鵬,,283,萬里區,下萬里加投,萬里加投,16-12
萬里區,大鵬,,284,萬里區,下萬里加投,萬里加投,19-2
萬里區,大鵬,,285,萬里區,下萬里加投,萬里加投,16-13
萬里區,大鵬,,286,萬里區,下萬里加投,萬里加投,19-10
萬里區,大鵬,,287,萬里區,下萬里加投,萬里加投,22-2
萬里區,大鵬,,288,萬里區,下萬里加投,萬里加投,16-101
萬里區,大鵬,,289,萬里區,下萬里加投,萬里加投,19-11
萬里區,大鵬,,29,萬里區,下萬里加投,萬里加投,2
萬里區,大鵬,,290,萬里區,下萬里加投,萬里加投,19-12
萬里區,大鵬,,291,萬里區,下萬里加投,萬里加投,22-1
萬里區,大鵬,,293,萬里區,下萬里加投,萬里加投,13-4
萬里區,大鵬,,294,萬里區,下萬里加投,萬里加投,23-8
萬里區,大鵬,,295,萬里區,下萬里加投,萬里加投,23-9
萬里區,大鵬,,296,萬里區,下萬里加投,萬里加投,23-10
萬里區,大鵬,,297,萬里區,下萬里加投,萬里加投,23-17
萬里區,大鵬,,298,萬里區,下萬里加投,萬里加投,23-7
萬里區,大鵬,,299,萬里區,下萬里加投,萬里加投,23-18
萬里區,大鵬,,3,萬里區,下萬里加投,萬里加投,188
萬里區,大鵬,,30,萬里區,下萬里加投,萬里加投,2-1
萬里區,大鵬,,300,萬里區,下萬里加投,萬里加投,23-19
萬里區,大鵬,,301,萬里區,下萬里加投,萬里加投,23-20
萬里區,大鵬,,302,萬里區,下萬里加投,萬里加投,23-6
萬里區,大鵬,,303,萬里區,下萬里加投,萬里加投,23-14
萬里區,大鵬,,304,萬里區,下萬里加投,萬里加投,23-13
萬里區,大鵬,,305,萬里區,下萬里加投,萬里加投,23-15
萬里區,大鵬,,306,萬里區,下萬里加投,萬里加投,23-24
萬里區,大鵬,,307,萬里區,下萬里加投,萬里加投,49-86
萬里區,大鵬,,308,萬里區,下萬里加投,萬里加投,49-88
萬里區,大鵬,,309,萬里區,下萬里加投,萬里加投,24
萬里區,大鵬,,31,萬里區,下萬里加投,萬里加投,4-2
萬里區,大鵬,,310,萬里區,下萬里加投,萬里加投,24-3
萬里區,大鵬,,311,萬里區,下萬里加投,萬里加投,24-4
萬里區,大鵬,,312,萬里區,下萬里加投,萬里加投,49-90
萬里區,大鵬,,313,萬里區,下萬里加投,萬里加投,26-66
萬里區,大鵬,,314,萬里區,下萬里加投,萬里加投,26-69
萬里區,大鵬,,315,萬里區,下萬里加投,萬里加投,26-35
萬里區,大鵬,,316,萬里區,下萬里加投,萬里加投,49-2
萬里區,大鵬,,317,萬里區,下萬里加投,萬里加投,49-10
萬里區,大鵬,,318,萬里區,下萬里加投,萬里加投,49-11
萬里區,大鵬,,319,萬里區,下萬里加投,萬里加投,49-34
萬里區,大鵬,,32,萬里區,下萬里加投,萬里加投,26-3
萬里區,大鵬,,320,萬里區,下萬里加投,萬里加投,49-91
萬里區,大鵬,,321,萬里區,下萬里加投,萬里加投,49-12
萬里區,大鵬,,322,萬里區,下萬里加投,萬里加投,49-13
萬里區,大鵬,,323,萬里區,下萬里加投,萬里加投,49-14
萬里區,大鵬,,324,萬里區,下萬里加投,萬里加投,49-15
萬里區,大鵬,,325,萬里區,下萬里加投,萬里加投,49-16
萬里區,大鵬,,326,萬里區,下萬里加投,萬里加投,24-5
萬里區,大鵬,,327,萬里區,下萬里加投,萬里加投,26-4
萬里區,大鵬,,328,萬里區,下萬里加投,萬里加投,25-1
萬里區,大鵬,,329,萬里區,下萬里加投,萬里加投,26-70
萬里區,大鵬,,33,萬里區,下萬里加投,下寮,1-6
萬里區,大鵬,,330,萬里區,下萬里加投,萬里加投,26-36
萬里區,大鵬,,331,萬里區,下萬里加投,萬里加投,26-6
萬里區,大鵬,,332,萬里區,下萬里加投,萬里加投,26-67
萬里區,大鵬,,333,萬里區,下萬里加投,萬里加投,49
萬里區,大鵬,,334,萬里區,下萬里加投,萬里加投,26-26
萬里區,大鵬,,335,萬里區,下萬里加投,萬里加投,26-17
萬里區,大鵬,,336,萬里區,下萬里加投,萬里加投,26-25
萬里區,大鵬,,337,萬里區,下萬里加投,萬里加投,26-55
萬里區,大鵬,,338,萬里區,下萬里加投,萬里加投,26-57
萬里區,大鵬,,339,萬里區,下萬里加投,萬里加投,26-56
萬里區,大鵬,,34,萬里區,下萬里加投,下寮,23
萬里區,大鵬,,340,萬里區,下萬里加投,萬里加投,26-18
萬里區,大鵬,,341,萬里區,下萬里加投,萬里加投,26-19
萬里區,大鵬,,342,萬里區,下萬里加投,萬里加投,26-20
萬里區,大鵬,,343,萬里區,下萬里加投,萬里加投,26-21
萬里區,大鵬,,344,萬里區,下萬里加投,萬里加投,26-22
萬里區,大鵬,,345,萬里區,下萬里加投,萬里加投,26-23
萬里區,大鵬,,346,萬里區,下萬里加投,萬里加投,26-24
萬里區,大鵬,,347,萬里區,下萬里加投,萬里加投,26-14
萬里區,大鵬,,348,萬里區,下萬里加投,萬里加投,26-32
萬里區,大鵬,,349,萬里區,下萬里加投,萬里加投,28-1
萬里區,大鵬,,35,萬里區,下萬里加投,下寮,21-4
萬里區,大鵬,,350,萬里區,下萬里加投,萬里加投,29-4
萬里區,大鵬,,351,萬里區,下萬里加投,萬里加投,28
萬里區,大鵬,,352,萬里區,下萬里加投,萬里加投,29
萬里區,大鵬,,353,萬里區,下萬里加投,萬里加投,30
萬里區,大鵬,,354,萬里區,下萬里加投,萬里加投,32-206
萬里區,大鵬,,355,萬里區,下萬里加投,萬里加投,29-2
萬里區,大鵬,,356,萬里區,下萬里加投,萬里加投,32-59
萬里區,大鵬,,357,萬里區,下萬里加投,萬里加投,32-90
萬里區,大鵬,,358,萬里區,下萬里加投,萬里加投,32-91
萬里區,大鵬,,359,萬里區,下萬里加投,萬里加投,32-60
萬里區,大鵬,,36,萬里區,下萬里加投,下寮,21-5
萬里區,大鵬,,360,萬里區,下萬里加投,萬里加投,32-96
萬里區,大鵬,,361,萬里區,下萬里加投,萬里加投,32-61
萬里區,大鵬,,362,萬里區,下萬里加投,萬里加投,32-101
萬里區,大鵬,,363,萬里區,下萬里加投,萬里加投,32-102
萬里區,大鵬,,364,萬里區,下萬里加投,萬里加投,32-103
萬里區,大鵬,,365,萬里區,下萬里加投,萬里加投,32-104
萬里區,大鵬,,366,萬里區,下萬里加投,萬里加投,32-63
萬里區,大鵬,,367,萬里區,下萬里加投,萬里加投,32-115
萬里區,大鵬,,368,萬里區,下萬里加投,萬里加投,32-116
萬里區,大鵬,,369,萬里區,下萬里加投,萬里加投,32-138
萬里區,大鵬,,37,萬里區,下萬里加投,下寮,21-1
萬里區,大鵬,,370,萬里區,下萬里加投,萬里加投,32-139
萬里區,大鵬,,371,萬里區,下萬里加投,萬里加投,32-3
萬里區,大鵬,,372,萬里區,下萬里加投,萬里加投,32-93
萬里區,大鵬,,373,萬里區,下萬里加投,萬里加投,32-94
萬里區,大鵬,,374,萬里區,下萬里加投,萬里加投,32-95
萬里區,大鵬,,375,萬里區,下萬里加投,萬里加投,32-99
萬里區,大鵬,,376,萬里區,下萬里加投,萬里加投,32-100
萬里區,大鵬,,377,萬里區,下萬里加投,萬里加投,32-107
萬里區,大鵬,,378,萬里區,下萬里加投,萬里加投,32-108
萬里區,大鵬,,379,萬里區,下萬里加投,萬里加投,32-109
萬里區,大鵬,,38,萬里區,下萬里加投,下寮,21-2
萬里區,大鵬,,380,萬里區,下萬里加投,萬里加投,32-110
萬里區,大鵬,,381,萬里區,下萬里加投,萬里加投,32-31
萬里區,大鵬,,382,萬里區,下萬里加投,萬里加投,32-237
萬里區,大鵬,,383,萬里區,下萬里加投,萬里加投,32-238
萬里區,大鵬,,384,萬里區,下萬里加投,萬里加投,32-30
萬里區,大鵬,,385,萬里區,下萬里加投,萬里加投,32-29
萬里區,大鵬,,386,萬里區,下萬里加投,萬里加投,32-28
萬里區,大鵬,,387,萬里區,下萬里加投,萬里加投,32-27
萬里區,大鵬,,388,萬里區,下萬里加投,萬里加投,32-26
萬里區,大鵬,,389,萬里區,下萬里加投,萬里加投,32-34
萬里區,大鵬,,39,萬里區,下萬里加投,下寮,1-7
萬里區,大鵬,,390,萬里區,下萬里加投,萬里加投,32-25
萬里區,大鵬,,391,萬里區,下萬里加投,萬里加投,32-24
萬里區,大鵬,,396,萬里區,下萬里加投,萬里加投,35-11
萬里區,大鵬,,397,萬里區,下萬里加投,萬里加投,32-168
萬里區,大鵬,,398,萬里區,下萬里加投,萬里加投,32-140
萬里區,大鵬,,399,萬里區,下萬里加投,萬里加投,32-146
萬里區,大鵬,,4,萬里區,下萬里加投,萬里加投,188-1
萬里區,大鵬,,40,萬里區,下萬里加投,下寮,1-2
萬里區,大鵬,,400,萬里區,下萬里加投,萬里加投,32-14
萬里區,大鵬,,401,萬里區,下萬里加投,萬里加投,32-169
萬里區,大鵬,,402,萬里區,下萬里加投,萬里加投,32-231
萬里區,大鵬,,403,萬里區,下萬里加投,萬里加投,35
萬里區,大鵬,,404,萬里區,下萬里加投,萬里加投,32-235
萬里區,大鵬,,405,萬里區,下萬里加投,萬里加投,35-61
萬里區,大鵬,,406,萬里區,下萬里加投,萬里加投,35-12
萬里區,大鵬,,407,萬里區,下萬里加投,萬里加投,35-17
萬里區,大鵬,,408,萬里區,下萬里加投,萬里加投,35-13
萬里區,大鵬,,409,萬里區,下萬里加投,萬里加投,32-167
萬里區,大鵬,,41,萬里區,下萬里加投,下寮,1-8
萬里區,大鵬,,410,萬里區,下萬里加投,萬里加投,32-166
萬里區,大鵬,,411,萬里區,下萬里加投,萬里加投,35-14
萬里區,大鵬,,412,萬里區,下萬里加投,萬里加投,32-165
萬里區,大鵬,,413,萬里區,下萬里加投,萬里加投,32-164
萬里區,大鵬,,414,萬里區,下萬里加投,萬里加投,32-163
萬里區,大鵬,,415,萬里區,下萬里加投,萬里加投,32-162
萬里區,大鵬,,416,萬里區,下萬里加投,萬里加投,32-160
萬里區,大鵬,,417,萬里區,下萬里加投,萬里加投,32-159
萬里區,大鵬,,418,萬里區,下萬里加投,萬里加投,32-158
萬里區,大鵬,,419,萬里區,下萬里加投,萬里加投,32-157
萬里區,大鵬,,42,萬里區,下萬里加投,萬里加投,4-1
萬里區,大鵬,,420,萬里區,下萬里加投,萬里加投,32-156
萬里區,大鵬,,421,萬里區,下萬里加投,萬里加投,32-155
萬里區,大鵬,,422,萬里區,下萬里加投,萬里加投,32-154
萬里區,大鵬,,423,萬里區,下萬里加投,萬里加投,32-153
萬里區,大鵬,,424,萬里區,下萬里加投,萬里加投,32-152
萬里區,大鵬,,425,萬里區,下萬里加投,萬里加投,32-151
萬里區,大鵬,,426,萬里區,下萬里加投,萬里加投,32-150
萬里區,大鵬,,427,萬里區,下萬里加投,萬里加投,32-149
萬里區,大鵬,,428,萬里區,下萬里加投,萬里加投,32-207
萬里區,大鵬,,429,萬里區,下萬里加投,萬里加投,32-122
萬里區,大鵬,,43,萬里區,下萬里加投,萬里加投,5
萬里區,大鵬,,430,萬里區,下萬里加投,萬里加投,30-4
萬里區,大鵬,,431,萬里區,下萬里加投,萬里加投,29-3
萬里區,大鵬,,432,萬里區,下萬里加投,萬里加投,26-47
萬里區,大鵬,,433,萬里區,下萬里加投,萬里加投,26-46
萬里區,大鵬,,434,萬里區,下萬里加投,萬里加投,26-45
萬里區,大鵬,,435,萬里區,下萬里加投,萬里加投,26-44
萬里區,大鵬,,436,萬里區,下萬里加投,萬里加投,26-43
萬里區,大鵬,,437,萬里區,下萬里加投,萬里加投,26-42
萬里區,大鵬,,438,萬里區,下萬里加投,萬里加投,26-41
萬里區,大鵬,,439,萬里區,下萬里加投,萬里加投,26-40
萬里區,大鵬,,44,萬里區,下萬里加投,萬里加投,8
萬里區,大鵬,,440,萬里區,下萬里加投,萬里加投,26-68
萬里區,大鵬,,441,萬里區,下萬里加投,萬里加投,49-56
萬里區,大鵬,,442,萬里區,下萬里加投,萬里加投,26-38
萬里區,大鵬,,443,萬里區,下萬里加投,萬里加投,49-57
萬里區,大鵬,,444,萬里區,下萬里加投,萬里加投,49-58
萬里區,大鵬,,445,萬里區,下萬里加投,萬里加投,49-67
萬里區,大鵬,,446,萬里區,下萬里加投,萬里加投,49-68
萬里區,大鵬,,447,萬里區,下萬里加投,萬里加投,49-69
萬里區,大鵬,,448,萬里區,下萬里加投,萬里加投,49-70
萬里區,大鵬,,449,萬里區,下萬里加投,萬里加投,49-71
萬里區,大鵬,,45,萬里區,下萬里加投,萬里加投,7-1
萬里區,大鵬,,450,萬里區,下萬里加投,萬里加投,49-72
萬里區,大鵬,,451,萬里區,下萬里加投,萬里加投,49-73
萬里區,大鵬,,452,萬里區,下萬里加投,萬里加投,49-89
萬里區,大鵬,,453,萬里區,下萬里加投,萬里加投,49-74
萬里區,大鵬,,454,萬里區,下萬里加投,萬里加投,23-25
萬里區,大鵬,,455,萬里區,下萬里加投,萬里加投,23-26
萬里區,大鵬,,456,萬里區,下萬里加投,萬里加投,13-15
萬里區,大鵬,,458,萬里區,下萬里加投,萬里加投,19-6
萬里區,大鵬,,459,萬里區,下萬里加投,萬里加投,16-62
萬里區,大鵬,,46,萬里區,下萬里加投,萬里加投,9-3
萬里區,大鵬,,460,萬里區,下萬里加投,萬里加投,16-61
萬里區,大鵬,,461,萬里區,下萬里加投,萬里加投,16-59
萬里區,大鵬,,462,萬里區,下萬里加投,萬里加投,16-57
萬里區,大鵬,,463,萬里區,下萬里加投,萬里加投,16-55
萬里區,大鵬,,464,萬里區,下萬里加投,萬里加投,16-53
萬里區,大鵬,,465,萬里區,下萬里加投,萬里加投,16-51
萬里區,大鵬,,466,萬里區,下萬里加投,萬里加投,16-48
萬里區,大鵬,,467,萬里區,下萬里加投,萬里加投,16-47
萬里區,大鵬,,468,萬里區,下萬里加投,萬里加投,16-45
萬里區,大鵬,,469,萬里區,下萬里加投,萬里加投,16-43
萬里區,大鵬,,47,萬里區,下萬里加投,萬里加投,9-2
萬里區,大鵬,,470,萬里區,下萬里加投,萬里加投,16-41
萬里區,大鵬,,471,萬里區,下萬里加投,萬里加投,16-40
萬里區,大鵬,,472,萬里區,下萬里加投,萬里加投,16-39
萬里區,大鵬,,473,萬里區,下萬里加投,萬里加投,15-15
萬里區,大鵬,,474,萬里區,下萬里加投,萬里加投,15-3
萬里區,大鵬,,475,萬里區,下萬里加投,萬里加投,16-2
萬里區,大鵬,,476,萬里區,下萬里加投,萬里加投,19-4
萬里區,大鵬,,477,萬里區,下萬里加投,萬里加投,19-8
萬里區,大鵬,,478,萬里區,下萬里加投,萬里加投,19-1
萬里區,大鵬,,479,萬里區,下萬里加投,萬里加投,16-100
萬里區,大鵬,,48,萬里區,下萬里加投,萬里加投,9-1
萬里區,大鵬,,480,萬里區,下萬里加投,萬里加投,15-2
萬里區,大鵬,,481,萬里區,下萬里加投,萬里加投,15-6
萬里區,大鵬,,482,萬里區,下萬里加投,萬里加投,16-3
萬里區,大鵬,,483,萬里區,下萬里加投,萬里加投,16-88
萬里區,大鵬,,484,萬里區,下萬里加投,萬里加投,16-85
萬里區,大鵬,,485,萬里區,下萬里加投,萬里加投,16-83
萬里區,大鵬,,486,萬里區,下萬里加投,萬里加投,16-81
萬里區,大鵬,,487,萬里區,下萬里加投,萬里加投,16-79
萬里區,大鵬,,488,萬里區,下萬里加投,萬里加投,16-77
萬里區,大鵬,,489,萬里區,下萬里加投,萬里加投,16-75
萬里區,大鵬,,49,萬里區,下萬里加投,萬里加投,26-53
萬里區,大鵬,,490,萬里區,下萬里加投,萬里加投,16-73
萬里區,大鵬,,491,萬里區,下萬里加投,萬里加投,16-71
萬里區,大鵬,,492,萬里區,下萬里加投,萬里加投,16-70
萬里區,大鵬,,493,萬里區,下萬里加投,萬里加投,16-69
萬里區,大鵬,,494,萬里區,下萬里加投,萬里加投,16-68
萬里區,大鵬,,495,萬里區,下萬里加投,萬里加投,16-67
萬里區,大鵬,,496,萬里區,下萬里加投,萬里加投,16-66
萬里區,大鵬,,497,萬里區,下萬里加投,萬里加投,16-65
萬里區,大鵬,,498,萬里區,下萬里加投,萬里加投,16-64
萬里區,大鵬,,499,萬里區,下萬里加投,萬里加投,16-63
萬里區,大鵬,,5,萬里區,下萬里加投,萬里加投,189-1
萬里區,大鵬,,50,萬里區,下萬里加投,萬里加投,9
萬里區,大鵬,,500,萬里區,下萬里加投,萬里加投,19-7
萬里區,大鵬,,501,萬里區,下萬里加投,萬里加投,19-3
萬里區,大鵬,,502,萬里區,下萬里加投,萬里加投,19-9
萬里區,大鵬,,503,萬里區,下萬里加投,萬里加投,13-7
萬里區,大鵬,,504,萬里區,下萬里加投,萬里加投,13-5
萬里區,大鵬,,505,萬里區,下萬里加投,萬里加投,23-1
萬里區,大鵬,,506,萬里區,下萬里加投,萬里加投,49-6
萬里區,大鵬,,507,萬里區,下萬里加投,萬里加投,49-85
萬里區,大鵬,,509,萬里區,下萬里加投,萬里加投,49-59
萬里區,大鵬,,51,萬里區,下萬里加投,萬里加投,10
萬里區,大鵬,,510,萬里區,下萬里加投,萬里加投,49-75
萬里區,大鵬,,511,萬里區,下萬里加投,萬里加投,49-76
萬里區,大鵬,,512,萬里區,下萬里加投,萬里加投,49-77
萬里區,大鵬,,513,萬里區,下萬里加投,萬里加投,49-78
萬里區,大鵬,,514,萬里區,下萬里加投,萬里加投,49-79
萬里區,大鵬,,515,萬里區,下萬里加投,萬里加投,49-80
萬里區,大鵬,,516,萬里區,下萬里加投,萬里加投,49-60
萬里區,大鵬,,517,萬里區,下萬里加投,萬里加投,49-63
萬里區,大鵬,,518,萬里區,下萬里加投,萬里加投,49-55
萬里區,大鵬,,519,萬里區,下萬里加投,萬里加投,49-54
萬里區,大鵬,,52,萬里區,下萬里加投,萬里加投,10-1
萬里區,大鵬,,520,萬里區,下萬里加投,萬里加投,49-53
萬里區,大鵬,,521,萬里區,下萬里加投,萬里加投,49-52
萬里區,大鵬,,522,萬里區,下萬里加投,萬里加投,49-51
萬里區,大鵬,,523,萬里區,下萬里加投,萬里加投,49-50
萬里區,大鵬,,524,萬里區,下萬里加投,萬里加投,49-49
萬里區,大鵬,,525,萬里區,下萬里加投,萬里加投,49-48
萬里區,大鵬,,526,萬里區,下萬里加投,萬里加投,49-47
萬里區,大鵬,,527,萬里區,下萬里加投,萬里加投,49-46
萬里區,大鵬,,528,萬里區,下萬里加投,萬里加投,49-45
萬里區,大鵬,,529,萬里區,下萬里加投,萬里加投,49-44
萬里區,大鵬,,53,萬里區,下萬里加投,萬里加投,26-50
萬里區,大鵬,,530,萬里區,下萬里加投,萬里加投,49-43
萬里區,大鵬,,531,萬里區,下萬里加投,萬里加投,48-5
萬里區,大鵬,,532,萬里區,下萬里加投,萬里加投,48-4
萬里區,大鵬,,533,萬里區,下萬里加投,萬里加投,26-1
萬里區,大鵬,,534,萬里區,下萬里加投,萬里加投,26-11
萬里區,大鵬,,535,萬里區,下萬里加投,萬里加投,27-2
萬里區,大鵬,,536,萬里區,下萬里加投,萬里加投,27-1
萬里區,大鵬,,537,萬里區,下萬里加投,萬里加投,30-5
萬里區,大鵬,,538,萬里區,下萬里加投,萬里加投,30-7
萬里區,大鵬,,539,萬里區,下萬里加投,萬里加投,47-2
萬里區,大鵬,,54,萬里區,下萬里加投,下寮,1-10
萬里區,大鵬,,540,萬里區,下萬里加投,萬里加投,30-2
萬里區,大鵬,,541,萬里區,下萬里加投,萬里加投,47-1
萬里區,大鵬,,542,萬里區,下萬里加投,萬里加投,32-8
萬里區,大鵬,,543,萬里區,下萬里加投,萬里加投,32-83
萬里區,大鵬,,544,萬里區,下萬里加投,萬里加投,43-1
萬里區,大鵬,,545,萬里區,下萬里加投,萬里加投,43-2
萬里區,大鵬,,546,萬里區,下萬里加投,萬里加投,35-5
萬里區,大鵬,,547,萬里區,下萬里加投,萬里加投,13-8
萬里區,大鵬,,548,萬里區,下萬里加投,萬里加投,23-3
萬里區,大鵬,,549,萬里區,下萬里加投,萬里加投,49-5
萬里區,大鵬,,55,萬里區,下萬里加投,下寮,1-1
萬里區,大鵬,,550,萬里區,下萬里加投,萬里加投,26-10
萬里區,大鵬,,551,萬里區,下萬里加投,萬里加投,49-4
萬里區,大鵬,,552,萬里區,下萬里加投,萬里加投,26-9
萬里區,大鵬,,553,萬里區,下萬里加投,萬里加投,29-1
萬里區,大鵬,,554,萬里區,下萬里加投,萬里加投,30-3
萬里區,大鵬,,555,萬里區,下萬里加投,萬里加投,32-84
萬里區,大鵬,,556,萬里區,下萬里加投,萬里加投,32-9
萬里區,大鵬,,557,萬里區,下萬里加投,萬里加投,35-6
萬里區,大鵬,,558,萬里區,下萬里加投,萬里加投,35-35
萬里區,大鵬,,559,萬里區,下萬里加投,萬里加投,35-36
萬里區,大鵬,,56,萬里區,下萬里加投,下寮,2
萬里區,大鵬,,560,萬里區,下萬里加投,萬里加投,35-37
萬里區,大鵬,,561,萬里區,下萬里加投,萬里加投,35-7
萬里區,大鵬,,562,萬里區,下萬里加投,萬里加投,35-8
萬里區,大鵬,,563,萬里區,下萬里加投,萬里加投,35-50
萬里區,大鵬,,564,萬里區,下萬里加投,萬里加投,35-49
萬里區,大鵬,,565,萬里區,下萬里加投,萬里加投,35-48
萬里區,大鵬,,566,萬里區,下萬里加投,萬里加投,35-47
萬里區,大鵬,,567,萬里區,下萬里加投,萬里加投,35-46
萬里區,大鵬,,568,萬里區,下萬里加投,萬里加投,35-45
萬里區,大鵬,,569,萬里區,下萬里加投,萬里加投,35-38
萬里區,大鵬,,57,萬里區,下萬里加投,下寮,1
萬里區,大鵬,,570,萬里區,下萬里加投,萬里加投,35-39
萬里區,大鵬,,571,萬里區,下萬里加投,萬里加投,35-25
萬里區,大鵬,,572,萬里區,下萬里加投,萬里加投,35-9
萬里區,大鵬,,573,萬里區,下萬里加投,萬里加投,35-51
萬里區,大鵬,,574,萬里區,下萬里加投,萬里加投,35-44
萬里區,大鵬,,575,萬里區,下萬里加投,萬里加投,32-182
萬里區,大鵬,,576,萬里區,下萬里加投,萬里加投,35-55
萬里區,大鵬,,577,萬里區,下萬里加投,萬里加投,35-56
萬里區,大鵬,,578,萬里區,下萬里加投,萬里加投,35-1
萬里區,大鵬,,579,萬里區,下萬里加投,萬里加投,32-74
萬里區,大鵬,,58,萬里區,下萬里加投,下寮,11
萬里區,大鵬,,580,萬里區,下萬里加投,萬里加投,32-73
萬里區,大鵬,,581,萬里區,下萬里加投,萬里加投,32-32
萬里區,大鵬,,582,萬里區,下萬里加投,萬里加投,35-59
萬里區,大鵬,,583,萬里區,下萬里加投,萬里加投,32-208
萬里區,大鵬,,584,萬里區,下萬里加投,萬里加投,32-58
萬里區,大鵬,,585,萬里區,下萬里加投,萬里加投,35-27
萬里區,大鵬,,586,萬里區,下萬里加投,萬里加投,35-58
萬里區,大鵬,,587,萬里區,下萬里加投,萬里加投,35-57
萬里區,大鵬,,588,萬里區,下萬里加投,萬里加投,35-42
萬里區,大鵬,,589,萬里區,下萬里加投,萬里加投,35-15
萬里區,大鵬,,59,萬里區,下萬里加投,下寮,10
萬里區,大鵬,,590,萬里區,下萬里加投,萬里加投,35-34
萬里區,大鵬,,591,萬里區,下萬里加投,萬里加投,35-32
萬里區,大鵬,,592,萬里區,下萬里加投,萬里加投,35-33
萬里區,大鵬,,593,萬里區,下萬里加投,萬里加投,35-31
萬里區,大鵬,,594,萬里區,下萬里加投,萬里加投,35-28
萬里區,大鵬,,595,萬里區,下萬里加投,萬里加投,35-29
萬里區,大鵬,,596,萬里區,下萬里加投,萬里加投,35-60
萬里區,大鵬,,597,萬里區,下萬里加投,萬里加投,35-3
萬里區,大鵬,,598,萬里區,下萬里加投,萬里加投,42-5
萬里區,大鵬,,599,萬里區,下萬里加投,萬里加投,42-3
萬里區,大鵬,,6,萬里區,下萬里加投,萬里加投,189
萬里區,大鵬,,60,萬里區,下萬里加投,下寮,6
萬里區,大鵬,,600,萬里區,下萬里加投,萬里加投,42-2
萬里區,大鵬,,601,萬里區,下萬里加投,萬里加投,42-1
萬里區,大鵬,,602,萬里區,下萬里加投,萬里加投,42-6
萬里區,大鵬,,603,萬里區,下萬里加投,萬里加投,35-4
萬里區,大鵬,,604,萬里區,下萬里加投,萬里加投,42
萬里區,大鵬,,605,萬里區,下萬里加投,萬里加投,42-4
萬里區,大鵬,,606,萬里區,下萬里加投,萬里加投,41-3
萬里區,大鵬,,607,萬里區,下萬里加投,萬里加投,35-22
萬里區,大鵬,,608,萬里區,下萬里加投,萬里加投,35-18
萬里區,大鵬,,609,萬里區,下萬里加投,萬里加投,35-19
萬里區,大鵬,,61,萬里區,下萬里加投,下寮,5
萬里區,大鵬,,610,萬里區,下萬里加投,萬里加投,35-20
萬里區,大鵬,,611,萬里區,下萬里加投,萬里加投,35-21
萬里區,大鵬,,612,萬里區,下萬里加投,萬里加投,35-24
萬里區,大鵬,,613,萬里區,下萬里加投,萬里加投,44-2
萬里區,大鵬,,614,萬里區,下萬里加投,萬里加投,43
萬里區,大鵬,,615,萬里區,下萬里加投,萬里加投,43-4
萬里區,大鵬,,616,萬里區,下萬里加投,萬里加投,30-15
萬里區,大鵬,,617,萬里區,下萬里加投,萬里加投,32-1
萬里區,大鵬,,618,萬里區,下萬里加投,萬里加投,32-236
萬里區,大鵬,,619,萬里區,下萬里加投,萬里加投,30-6
萬里區,大鵬,,62,萬里區,下萬里加投,下寮,7
萬里區,大鵬,,620,萬里區,下萬里加投,萬里加投,30-12
萬里區,大鵬,,621,萬里區,下萬里加投,萬里加投,30-13
萬里區,大鵬,,622,萬里區,下萬里加投,萬里加投,30-14
萬里區,大鵬,,623,萬里區,下萬里加投,萬里加投,30-11
萬里區,大鵬,,624,萬里區,下萬里加投,萬里加投,30-8
萬里區,大鵬,,625,萬里區,下萬里加投,萬里加投,30-9
萬里區,大鵬,,626,萬里區,下萬里加投,萬里加投,30-10
萬里區,大鵬,,627,萬里區,下萬里加投,萬里加投,47-3
萬里區,大鵬,,628,萬里區,下萬里加投,萬里加投,30-1
萬里區,大鵬,,629,萬里區,下萬里加投,萬里加投,47-5
萬里區,大鵬,,63,萬里區,下萬里加投,下寮,3
萬里區,大鵬,,630,萬里區,下萬里加投,萬里加投,27
萬里區,大鵬,,631,萬里區,下萬里加投,萬里加投,49-3
萬里區,大鵬,,632,萬里區,下萬里加投,萬里加投,48-2
萬里區,大鵬,,633,萬里區,下萬里加投,萬里加投,48
萬里區,大鵬,,634,萬里區,下萬里加投,萬里加投,48-1
萬里區,大鵬,,635,萬里區,下萬里加投,萬里加投,49-17
萬里區,大鵬,,636,萬里區,下萬里加投,萬里加投,49-81
萬里區,大鵬,,637,萬里區,下萬里加投,萬里加投,49-18
萬里區,大鵬,,638,萬里區,下萬里加投,萬里加投,49-32
萬里區,大鵬,,639,萬里區,下萬里加投,萬里加投,49-19
萬里區,大鵬,,64,萬里區,下萬里加投,下寮,4
萬里區,大鵬,,640,萬里區,下萬里加投,萬里加投,49-20
萬里區,大鵬,,641,萬里區,下萬里加投,萬里加投,49-21
萬里區,大鵬,,642,萬里區,下萬里加投,萬里加投,49-22
萬里區,大鵬,,643,萬里區,下萬里加投,萬里加投,49-23
萬里區,大鵬,,644,萬里區,下萬里加投,萬里加投,49-24
萬里區,大鵬,,645,萬里區,下萬里加投,萬里加投,49-42
萬里區,大鵬,,646,萬里區,下萬里加投,萬里加投,49-30
萬里區,大鵬,,647,萬里區,下萬里加投,萬里加投,49-29
萬里區,大鵬,,648,萬里區,下萬里加投,萬里加投,49-28
萬里區,大鵬,,649,萬里區,下萬里加投,萬里加投,49-62
萬里區,大鵬,,65,萬里區,下萬里加投,下寮,8
萬里區,大鵬,,650,萬里區,下萬里加投,萬里加投,49-84
萬里區,大鵬,,651,萬里區,下萬里加投,萬里加投,49-83
萬里區,大鵬,,652,萬里區,下萬里加投,萬里加投,49-82
萬里區,大鵬,,653,萬里區,下萬里加投,萬里加投,49-9
萬里區,大鵬,,654,萬里區,下萬里加投,萬里加投,49-40
萬里區,大鵬,,655,萬里區,下萬里加投,萬里加投,49-39
萬里區,大鵬,,656,萬里區,下萬里加投,萬里加投,49-38
萬里區,大鵬,,657,萬里區,下萬里加投,萬里加投,49-37
萬里區,大鵬,,658,萬里區,下萬里加投,萬里加投,49-36
萬里區,大鵬,,659,萬里區,下萬里加投,萬里加投,49-35
萬里區,大鵬,,66,萬里區,下萬里加投,下寮,19
萬里區,大鵬,,660,萬里區,下萬里加投,萬里加投,49-31
萬里區,大鵬,,661,萬里區,下萬里加投,萬里加投,49-87
萬里區,大鵬,,662,萬里區,下萬里加投,萬里加投,23-12
萬里區,大鵬,,663,萬里區,下萬里加投,萬里加投,23-11
萬里區,大鵬,,664,萬里區,下萬里加投,萬里加投,13-13
萬里區,大鵬,,665,萬里區,下萬里加投,萬里加投,19
萬里區,大鵬,,666,萬里區,下萬里加投,萬里加投,18-3
萬里區,大鵬,,667,萬里區,下萬里加投,萬里加投,17-3
萬里區,大鵬,,668,萬里區,下萬里加投,萬里加投,17
萬里區,大鵬,,669,萬里區,下萬里加投,萬里加投,16-24
萬里區,大鵬,,67,萬里區,下萬里加投,下寮,20
萬里區,大鵬,,670,萬里區,下萬里加投,萬里加投,16-23
萬里區,大鵬,,671,萬里區,下萬里加投,萬里加投,16-22
萬里區,大鵬,,672,萬里區,下萬里加投,萬里加投,16-21
萬里區,大鵬,,673,萬里區,下萬里加投,萬里加投,16-20
萬里區,大鵬,,674,萬里區,下萬里加投,萬里加投,16-105
萬里區,大鵬,,675,萬里區,下萬里加投,萬里加投,16-104
萬里區,大鵬,,676,萬里區,下萬里加投,萬里加投,16-19
萬里區,大鵬,,677,萬里區,下萬里加投,萬里加投,16-18
萬里區,大鵬,,678,萬里區,下萬里加投,萬里加投,16-1
萬里區,大鵬,,679,萬里區,下萬里加投,萬里加投,16-25
萬里區,大鵬,,68,萬里區,下萬里加投,下寮,1-12
萬里區,大鵬,,680,萬里區,下萬里加投,萬里加投,16-29
萬里區,大鵬,,681,萬里區,下萬里加投,萬里加投,16-26
萬里區,大鵬,,682,萬里區,下萬里加投,萬里加投,16-27
萬里區,大鵬,,683,萬里區,下萬里加投,萬里加投,16-87
萬里區,大鵬,,684,萬里區,下萬里加投,萬里加投,16-8
萬里區,大鵬,,685,萬里區,下萬里加投,萬里加投,16-10
萬里區,大鵬,,686,萬里區,下萬里加投,萬里加投,16-11
萬里區,大鵬,,687,萬里區,下萬里加投,萬里加投,16-34
萬里區,大鵬,,688,萬里區,下萬里加投,萬里加投,16-92
萬里區,大鵬,,689,萬里區,下萬里加投,萬里加投,16-91
萬里區,大鵬,,69,萬里區,下萬里加投,下寮,1-13
萬里區,大鵬,,690,萬里區,下萬里加投,萬里加投,16-90
萬里區,大鵬,,691,萬里區,下萬里加投,萬里加投,16-89
萬里區,大鵬,,692,萬里區,下萬里加投,萬里加投,16-33
萬里區,大鵬,,693,萬里區,下萬里加投,萬里加投,16-32
萬里區,大鵬,,694,萬里區,下萬里加投,萬里加投,16-38
萬里區,大鵬,,695,萬里區,下萬里加投,萬里加投,16-9
萬里區,大鵬,,696,萬里區,下萬里加投,萬里加投,16-93
萬里區,大鵬,,697,萬里區,下萬里加投,萬里加投,16-94
萬里區,大鵬,,698,萬里區,下萬里加投,萬里加投,16-37
萬里區,大鵬,,699,萬里區,下萬里加投,萬里加投,16-95
萬里區,大鵬,,7,萬里區,下萬里加投,萬里加投,189-2
萬里區,大鵬,,70,萬里區,下萬里加投,下寮,1-14
萬里區,大鵬,,700,萬里區,下萬里加投,萬里加投,16-96
萬里區,大鵬,,701,萬里區,下萬里加投,萬里加投,15-1
萬里區,大鵬,,702,萬里區,下萬里加投,萬里加投,15-7
萬里區,大鵬,,703,萬里區,下萬里加投,萬里加投,16-86
萬里區,大鵬,,704,萬里區,下萬里加投,萬里加投,16-84
萬里區,大鵬,,705,萬里區,下萬里加投,萬里加投,16-82
萬里區,大鵬,,706,萬里區,下萬里加投,公館崙,1-1
萬里區,大鵬,,707,萬里區,下萬里加投,公館崙,1-2
萬里區,大鵬,,708,萬里區,下萬里加投,公館崙,1
萬里區,大鵬,,709,萬里區,下萬里加投,公館崙,2
萬里區,大鵬,,71,萬里區,下萬里加投,下寮,1-9
萬里區,大鵬,,710,萬里區,下萬里加投,公館崙,3
萬里區,大鵬,,711,萬里區,下萬里加投,公館崙,3-1
萬里區,大鵬,,712,萬里區,下萬里加投,公館崙,18-9
萬里區,大鵬,,713,萬里區,下萬里加投,公館崙,3-2
萬里區,大鵬,,714,萬里區,下萬里加投,公館崙,18-1
萬里區,大鵬,,715,萬里區,下萬里加投,公館崙,6
萬里區,大鵬,,716,萬里區,下萬里加投,公館崙,6-1
萬里區,大鵬,,717,萬里區,下萬里加投,公館崙,18
萬里區,大鵬,,718,萬里區,下萬里加投,公館崙,18-4
萬里區,大鵬,,719,萬里區,下萬里加投,公館崙,18-16
萬里區,大鵬,,72,萬里區,下萬里加投,萬里加投,26-51
萬里區,大鵬,,720,萬里區,下萬里加投,公館崙,17-27
萬里區,大鵬,,721,萬里區,下萬里加投,公館崙,17-32
萬里區,大鵬,,722,萬里區,下萬里加投,公館崙,18-2
萬里區,大鵬,,723,萬里區,下萬里加投,公館崙,18-7
萬里區,大鵬,,724,萬里區,下萬里加投,公館崙,18-8
萬里區,大鵬,,725,萬里區,下萬里加投,公館崙,5
萬里區,大鵬,,726,萬里區,下萬里加投,公館崙,7
萬里區,大鵬,,727,萬里區,下萬里加投,公館崙,4
萬里區,大鵬,,728,萬里區,下萬里加投,公館崙,8-1
萬里區,大鵬,,729,萬里區,下萬里加投,公館崙,7-1
萬里區,大鵬,,73,萬里區,下萬里加投,萬里加投,26-58
萬里區,大鵬,,730,萬里區,下萬里加投,公館崙,5-1
萬里區,大鵬,,731,萬里區,下萬里加投,公館崙,8
萬里區,大鵬,,732,萬里區,下萬里加投,公館崙,5-2
萬里區,大鵬,,733,萬里區,下萬里加投,公館崙,9
萬里區,大鵬,,734,萬里區,下萬里加投,公館崙,10
萬里區,大鵬,,735,萬里區,下萬里加投,公館崙,11
萬里區,大鵬,,736,萬里區,下萬里加投,萬里加投,16-80
萬里區,大鵬,,737,萬里區,下萬里加投,萬里加投,16-78
萬里區,大鵬,,738,萬里區,下萬里加投,萬里加投,16-76
萬里區,大鵬,,739,萬里區,下萬里加投,萬里加投,16-74
萬里區,大鵬,,74,萬里區,下萬里加投,萬里加投,26-61
萬里區,大鵬,,740,萬里區,下萬里加投,萬里加投,16-72
萬里區,大鵬,,741,萬里區,下萬里加投,萬里加投,16-28
萬里區,大鵬,,742,萬里區,下萬里加投,萬里加投,17-2
萬里區,大鵬,,743,萬里區,下萬里加投,萬里加投,17-1
萬里區,大鵬,,744,萬里區,下萬里加投,公館崙,13-1
萬里區,大鵬,,745,萬里區,下萬里加投,公館崙,13-3
萬里區,大鵬,,746,萬里區,下萬里加投,公館崙,13
萬里區,大鵬,,747,萬里區,下萬里加投,公館崙,13-2
萬里區,大鵬,,748,萬里區,下萬里加投,公館崙,12
萬里區,大鵬,,749,萬里區,下萬里加投,公館崙,15
萬里區,大鵬,,75,萬里區,下萬里加投,萬里加投,26-62
萬里區,大鵬,,750,萬里區,下萬里加投,公館崙,16
萬里區,大鵬,,751,萬里區,下萬里加投,公館崙,16-1
萬里區,大鵬,,752,萬里區,下萬里加投,公館崙,16-2
萬里區,大鵬,,753,萬里區,下萬里加投,公館崙,5-3
萬里區,大鵬,,754,萬里區,下萬里加投,公館崙,5-4
萬里區,大鵬,,755,萬里區,下萬里加投,公館崙,17-31
萬里區,大鵬,,756,萬里區,下萬里加投,公館崙,17-35
萬里區,大鵬,,757,萬里區,下萬里加投,公館崙,17-6
萬里區,大鵬,,758,萬里區,下萬里加投,公館崙,17-4
萬里區,大鵬,,759,萬里區,下萬里加投,公館崙,18-15
萬里區,大鵬,,76,萬里區,下萬里加投,萬里加投,13-16
萬里區,大鵬,,760,萬里區,下萬里加投,公館崙,18-13
萬里區,大鵬,,761,萬里區,下萬里加投,公館崙,18-14
萬里區,大鵬,,762,萬里區,下萬里加投,公館崙,17-28
萬里區,大鵬,,763,萬里區,下萬里加投,公館崙,17-29
萬里區,大鵬,,764,萬里區,下萬里加投,公館崙,17-30
萬里區,大鵬,,765,萬里區,下萬里加投,公館崙,17-1
萬里區,大鵬,,766,萬里區,下萬里加投,公館崙,17-24
萬里區,大鵬,,767,萬里區,下萬里加投,公館崙,17-23
萬里區,大鵬,,768,萬里區,下萬里加投,公館崙,17-22
萬里區,大鵬,,769,萬里區,下萬里加投,公館崙,17-19
萬里區,大鵬,,77,萬里區,下萬里加投,萬里加投,13-10
萬里區,大鵬,,770,萬里區,下萬里加投,公館崙,17-12
萬里區,大鵬,,771,萬里區,下萬里加投,公館崙,17-21
萬里區,大鵬,,772,萬里區,下萬里加投,公館崙,17-20
萬里區,大鵬,,773,萬里區,下萬里加投,公館崙,17-36
萬里區,大鵬,,774,萬里區,下萬里加投,公館崙,17-9
萬里區,大鵬,,775,萬里區,下萬里加投,公館崙,17-10
萬里區,大鵬,,776,萬里區,下萬里加投,公館崙,17-17
萬里區,大鵬,,777,萬里區,下萬里加投,公館崙,17-16
萬里區,大鵬,,778,萬里區,下萬里加投,萬里加投,72-1
萬里區,大鵬,,779,萬里區,下萬里加投,萬里加投,53-1
萬里區,大鵬,,78,萬里區,下萬里加投,萬里加投,13-9
萬里區,大鵬,,780,萬里區,下萬里加投,萬里加投,18-7
萬里區,大鵬,,781,萬里區,下萬里加投,萬里加投,18-8
萬里區,大鵬,,782,萬里區,下萬里加投,萬里加投,18-4
萬里區,大鵬,,783,萬里區,下萬里加投,萬里加投,18-1
萬里區,大鵬,,784,萬里區,下萬里加投,萬里加投,18-2
萬里區,大鵬,,785,萬里區,下萬里加投,萬里加投,18
萬里區,大鵬,,786,萬里區,下萬里加投,萬里加投,18-5
萬里區,大鵬,,787,萬里區,下萬里加投,萬里加投,18-6
萬里區,大鵬,,788,萬里區,下萬里加投,萬里加投,49-61
萬里區,大鵬,,789,萬里區,下萬里加投,萬里加投,49-8
萬里區,大鵬,,79,萬里區,下萬里加投,萬里加投,13-1
萬里區,大鵬,,790,萬里區,下萬里加投,萬里加投,49-64
萬里區,大鵬,,791,萬里區,下萬里加投,萬里加投,49-65
萬里區,大鵬,,792,萬里區,下萬里加投,萬里加投,49-66
萬里區,大鵬,,793,萬里區,下萬里加投,萬里加投,49-1
萬里區,大鵬,,794,萬里區,下萬里加投,萬里加投,50-1
萬里區,大鵬,,795,萬里區,下萬里加投,萬里加投,50-2
萬里區,大鵬,,796,萬里區,下萬里加投,萬里加投,51
萬里區,大鵬,,797,萬里區,下萬里加投,萬里加投,50
萬里區,大鵬,,798,萬里區,下萬里加投,萬里加投,52
萬里區,大鵬,,799,萬里區,下萬里加投,萬里加投,52-5
萬里區,大鵬,,8,萬里區,下萬里加投,萬里加投,191-1
萬里區,大鵬,,80,萬里區,下萬里加投,萬里加投,26-29
萬里區,大鵬,,800,萬里區,下萬里加投,萬里加投,52-4
萬里區,大鵬,,801,萬里區,下萬里加投,萬里加投,52-3
萬里區,大鵬,,802,萬里區,下萬里加投,萬里加投,52-2
萬里區,大鵬,,803,萬里區,下萬里加投,萬里加投,52-1
萬里區,大鵬,,804,萬里區,下萬里加投,萬里加投,53
萬里區,大鵬,,805,萬里區,下萬里加投,萬里加投,53-2
萬里區,大鵬,,806,萬里區,下萬里加投,萬里加投,72-4
萬里區,大鵬,,807,萬里區,下萬里加投,萬里加投,72-8
萬里區,大鵬,,808,萬里區,下萬里加投,萬里加投,54
萬里區,大鵬,,809,萬里區,下萬里加投,萬里加投,60
萬里區,大鵬,,81,萬里區,下萬里加投,萬里加投,13-12
萬里區,大鵬,,810,萬里區,下萬里加投,萬里加投,55-1
萬里區,大鵬,,811,萬里區,下萬里加投,萬里加投,59
萬里區,大鵬,,812,萬里區,下萬里加投,萬里加投,59-2
萬里區,大鵬,,813,萬里區,下萬里加投,萬里加投,55-2
萬里區,大鵬,,814,萬里區,下萬里加投,萬里加投,55
萬里區,大鵬,,815,萬里區,下萬里加投,萬里加投,55-3
萬里區,大鵬,,816,萬里區,下萬里加投,萬里加投,59-3
萬里區,大鵬,,817,萬里區,下萬里加投,萬里加投,63-1
萬里區,大鵬,,818,萬里區,下萬里加投,萬里加投,56
萬里區,大鵬,,819,萬里區,下萬里加投,萬里加投,58
萬里區,大鵬,,82,萬里區,下萬里加投,萬里加投,11
萬里區,大鵬,,820,萬里區,下萬里加投,萬里加投,72-9
萬里區,大鵬,,821,萬里區,下萬里加投,萬里加投,72
萬里區,大鵬,,822,萬里區,下萬里加投,萬里加投,72-7
萬里區,大鵬,,823,萬里區,下萬里加投,萬里加投,72-6
萬里區,大鵬,,824,萬里區,下萬里加投,萬里加投,72-5
萬里區,大鵬,,825,萬里區,下萬里加投,萬里加投,72-3
萬里區,大鵬,,826,萬里區,下萬里加投,萬里加投,72-2
萬里區,大鵬,,827,萬里區,下萬里加投,萬里加投,73
萬里區,大鵬,,828,萬里區,下萬里加投,萬里加投,74-3
萬里區,大鵬,,829,萬里區,下萬里加投,萬里加投,74-4
萬里區,大鵬,,83,萬里區,下萬里加投,萬里加投,12
萬里區,大鵬,,830,萬里區,下萬里加投,萬里加投,74-1
萬里區,大鵬,,831,萬里區,下萬里加投,萬里加投,75-2
萬里區,大鵬,,832,萬里區,下萬里加投,萬里加投,75-1
萬里區,大鵬,,833,萬里區,下萬里加投,萬里加投,75
萬里區,大鵬,,834,萬里區,下萬里加投,萬里加投,44-3
萬里區,大鵬,,835,萬里區,下萬里加投,萬里加投,47-6
萬里區,大鵬,,836,萬里區,下萬里加投,萬里加投,48-3
萬里區,大鵬,,837,萬里區,下萬里加投,萬里加投,49-41
萬里區,大鵬,,838,萬里區,下萬里加投,萬里加投,47
萬里區,大鵬,,839,萬里區,下萬里加投,萬里加投,46
萬里區,大鵬,,84,萬里區,下萬里加投,萬里加投,13
萬里區,大鵬,,840,萬里區,下萬里加投,萬里加投,43-3
萬里區,大鵬,,841,萬里區,下萬里加投,萬里加投,44
萬里區,大鵬,,842,萬里區,下萬里加投,萬里加投,44-1
萬里區,大鵬,,843,萬里區,下萬里加投,萬里加投,41
萬里區,大鵬,,844,萬里區,下萬里加投,萬里加投,42-7
萬里區,大鵬,,845,萬里區,下萬里加投,萬里加投,42-8
萬里區,大鵬,,846,萬里區,下萬里加投,萬里加投,42-9
萬里區,大鵬,,847,萬里區,下萬里加投,萬里加投,41-2
萬里區,大鵬,,848,萬里區,下萬里加投,萬里加投,41-1
萬里區,大鵬,,849,萬里區,下萬里加投,萬里加投,35-41
萬里區,大鵬,,85,萬里區,下萬里加投,萬里加投,13-17
萬里區,大鵬,,850,萬里區,下萬里加投,萬里加投,41-4
萬里區,大鵬,,851,萬里區,下萬里加投,萬里加投,35-40
萬里區,大鵬,,852,萬里區,下萬里加投,萬里加投,35-26
萬里區,大鵬,,853,萬里區,下萬里加投,萬里加投,35-10
萬里區,大鵬,,854,萬里區,下萬里加投,萬里加投,36-4
萬里區,大鵬,,855,萬里區,下萬里加投,萬里加投,36-3
萬里區,大鵬,,856,萬里區,下萬里加投,萬里加投,36-2
萬里區,大鵬,,857,萬里區,下萬里加投,萬里加投,36-1
萬里區,大鵬,,858,萬里區,下萬里加投,萬里加投,36
萬里區,大鵬,,859,萬里區,下萬里加投,萬里加投,32-4
萬里區,大鵬,,86,萬里區,下萬里加投,萬里加投,13-2
萬里區,大鵬,,860,萬里區,下萬里加投,萬里加投,32-183
萬里區,大鵬,,861,萬里區,下萬里加投,萬里加投,32-7
萬里區,大鵬,,862,萬里區,下萬里加投,萬里加投,32-88
萬里區,大鵬,,863,萬里區,下萬里加投,萬里加投,32-222
萬里區,大鵬,,864,萬里區,下萬里加投,萬里加投,32-85
萬里區,大鵬,,865,萬里區,下萬里加投,萬里加投,32-10
萬里區,大鵬,,866,萬里區,下萬里加投,萬里加投,32-170
萬里區,大鵬,,867,萬里區,下萬里加投,萬里加投,32-13
萬里區,大鵬,,868,萬里區,下萬里加投,萬里加投,32-147
萬里區,大鵬,,869,萬里區,下萬里加投,萬里加投,32-71
萬里區,大鵬,,87,萬里區,下萬里加投,萬里加投,13-18
萬里區,大鵬,,870,萬里區,下萬里加投,萬里加投,32-40
萬里區,大鵬,,871,萬里區,下萬里加投,萬里加投,32-33
萬里區,大鵬,,872,萬里區,下萬里加投,萬里加投,32-37
萬里區,大鵬,,873,萬里區,下萬里加投,萬里加投,32-80
萬里區,大鵬,,874,萬里區,下萬里加投,萬里加投,32-78
萬里區,大鵬,,875,萬里區,下萬里加投,萬里加投,32-81
萬里區,大鵬,,876,萬里區,下萬里加投,萬里加投,32-79
萬里區,大鵬,,877,萬里區,下萬里加投,萬里加投,32-39
萬里區,大鵬,,878,萬里區,下萬里加投,萬里加投,32-56
萬里區,大鵬,,879,萬里區,下萬里加投,萬里加投,32-57
萬里區,大鵬,,88,萬里區,下萬里加投,萬里加投,14-1
萬里區,大鵬,,880,萬里區,下萬里加投,萬里加投,32-42
萬里區,大鵬,,881,萬里區,下萬里加投,萬里加投,32-65
萬里區,大鵬,,882,萬里區,下萬里加投,萬里加投,99-2
萬里區,大鵬,,883,萬里區,下萬里加投,萬里加投,34
萬里區,大鵬,,884,萬里區,下萬里加投,萬里加投,32-12
萬里區,大鵬,,885,萬里區,下萬里加投,萬里加投,32-190
萬里區,大鵬,,886,萬里區,下萬里加投,萬里加投,32-189
萬里區,大鵬,,887,萬里區,下萬里加投,萬里加投,32-188
萬里區,大鵬,,888,萬里區,下萬里加投,萬里加投,32-185
萬里區,大鵬,,889,萬里區,下萬里加投,萬里加投,32-46
萬里區,大鵬,,89,萬里區,下萬里加投,萬里加投,14-4
萬里區,大鵬,,890,萬里區,下萬里加投,萬里加投,32-49
萬里區,大鵬,,891,萬里區,下萬里加投,萬里加投,32-50
萬里區,大鵬,,892,萬里區,下萬里加投,萬里加投,32-51
萬里區,大鵬,,893,萬里區,下萬里加投,萬里加投,32-191
萬里區,大鵬,,894,萬里區,下萬里加投,萬里加投,32-192
萬里區,大鵬,,895,萬里區,下萬里加投,萬里加投,32-193
萬里區,大鵬,,896,萬里區,下萬里加投,萬里加投,32-120
萬里區,大鵬,,897,萬里區,下萬里加投,萬里加投,34-8
萬里區,大鵬,,898,萬里區,下萬里加投,萬里加投,32-66
萬里區,大鵬,,899,萬里區,下萬里加投,萬里加投,34-4
萬里區,大鵬,,9,萬里區,下萬里加投,萬里加投,191
萬里區,大鵬,,90,萬里區,下萬里加投,萬里加投,14
萬里區,大鵬,,900,萬里區,下萬里加投,萬里加投,34-14
萬里區,大鵬,,901,萬里區,下萬里加投,萬里加投,32-67
萬里區,大鵬,,902,萬里區,下萬里加投,萬里加投,32-201
萬里區,大鵬,,903,萬里區,下萬里加投,萬里加投,34-5
萬里區,大鵬,,904,萬里區,下萬里加投,萬里加投,32-198
萬里區,大鵬,,905,萬里區,下萬里加投,萬里加投,32-119
萬里區,大鵬,,906,萬里區,下萬里加投,萬里加投,32-17
萬里區,大鵬,,907,萬里區,下萬里加投,萬里加投,32-194
萬里區,大鵬,,908,萬里區,下萬里加投,萬里加投,32-196
萬里區,大鵬,,909,萬里區,下萬里加投,萬里加投,32-68
萬里區,大鵬,,91,萬里區,下萬里加投,萬里加投,15-14
萬里區,大鵬,,910,萬里區,下萬里加投,萬里加投,32-55
萬里區,大鵬,,911,萬里區,下萬里加投,萬里加投,32-45
萬里區,大鵬,,912,萬里區,下萬里加投,萬里加投,32-44
萬里區,大鵬,,913,萬里區,下萬里加投,萬里加投,32-43
萬里區,大鵬,,914,萬里區,下萬里加投,萬里加投,32-72
萬里區,大鵬,,915,萬里區,下萬里加投,萬里加投,32-18
萬里區,大鵬,,916,萬里區,下萬里加投,萬里加投,32-20
萬里區,大鵬,,917,萬里區,下萬里加投,萬里加投,32-21
萬里區,大鵬,,918,萬里區,下萬里加投,萬里加投,32-22
萬里區,大鵬,,919,萬里區,下萬里加投,萬里加投,32-23
萬里區,大鵬,,92,萬里區,下萬里加投,萬里加投,14-3
萬里區,大鵬,,920,萬里區,下萬里加投,萬里加投,32-171
萬里區,大鵬,,921,萬里區,下萬里加投,萬里加投,32-172
萬里區,大鵬,,922,萬里區,下萬里加投,萬里加投,32-173
萬里區,大鵬,,923,萬里區,下萬里加投,萬里加投,32-174
萬里區,大鵬,,924,萬里區,下萬里加投,萬里加投,32-175
萬里區,大鵬,,925,萬里區,下萬里加投,萬里加投,32-176
萬里區,大鵬,,926,萬里區,下萬里加投,萬里加投,32-177
萬里區,大鵬,,927,萬里區,下萬里加投,萬里加投,32-178
萬里區,大鵬,,928,萬里區,下萬里加投,萬里加投,32-179
萬里區,大鵬,,929,萬里區,下萬里加投,萬里加投,32-180
萬里區,大鵬,,93,萬里區,下萬里加投,萬里加投,16-42
萬里區,大鵬,,930,萬里區,下萬里加投,萬里加投,32-197
萬里區,大鵬,,931,萬里區,下萬里加投,萬里加投,32-195
萬里區,大鵬,,932,萬里區,下萬里加投,萬里加投,32-204
萬里區,大鵬,,933,萬里區,下萬里加投,萬里加投,32-205
萬里區,大鵬,,934,萬里區,下萬里加投,萬里加投,34-12
萬里區,大鵬,,935,萬里區,下萬里加投,萬里加投,32-234
萬里區,大鵬,,936,萬里區,下萬里加投,萬里加投,32-202
萬里區,大鵬,,937,萬里區,下萬里加投,萬里加投,34-3
萬里區,大鵬,,938,萬里區,下萬里加投,萬里加投,34-7
萬里區,大鵬,,939,萬里區,下萬里加投,萬里加投,32-15
萬里區,大鵬,,94,萬里區,下萬里加投,萬里加投,16-44
萬里區,大鵬,,940,萬里區,下萬里加投,萬里加投,34-10
萬里區,大鵬,,941,萬里區,下萬里加投,萬里加投,32-199
萬里區,大鵬,,943,萬里區,下萬里加投,萬里加投,99-3
萬里區,大鵬,,944,萬里區,下萬里加投,萬里加投,106-4
萬里區,大鵬,,945,萬里區,下萬里加投,萬里加投,100
萬里區,大鵬,,946,萬里區,下萬里加投,萬里加投,99
萬里區,大鵬,,947,萬里區,下萬里加投,萬里加投,91-6
萬里區,大鵬,,948,萬里區,下萬里加投,萬里加投,32-200
萬里區,大鵬,,949,萬里區,下萬里加投,萬里加投,34-11
萬里區,大鵬,,95,萬里區,下萬里加投,萬里加投,16-46
萬里區,大鵬,,950,萬里區,下萬里加投,萬里加投,34-13
萬里區,大鵬,,951,萬里區,下萬里加投,萬里加投,34-15
萬里區,大鵬,,952,萬里區,下萬里加投,萬里加投,32-203
萬里區,大鵬,,953,萬里區,下萬里加投,萬里加投,32-11
萬里區,大鵬,,954,萬里區,下萬里加投,萬里加投,32-86
萬里區,大鵬,,955,萬里區,下萬里加投,萬里加投,32-87
萬里區,大鵬,,956,萬里區,下萬里加投,萬里加投,34-6
萬里區,大鵬,,957,萬里區,下萬里加投,萬里加投,34-2
萬里區,大鵬,,958,萬里區,下萬里加投,萬里加投,32-6
萬里區,大鵬,,959,萬里區,下萬里加投,萬里加投,32-181
萬里區,大鵬,,96,萬里區,下萬里加投,萬里加投,16-49
萬里區,大鵬,,960,萬里區,下萬里加投,萬里加投,34-9
萬里區,大鵬,,961,萬里區,下萬里加投,萬里加投,32-184
萬里區,大鵬,,962,萬里區,下萬里加投,萬里加投,32-75
萬里區,大鵬,,963,萬里區,下萬里加投,萬里加投,34-1
萬里區,大鵬,,964,萬里區,下萬里加投,萬里加投,37
萬里區,大鵬,,965,萬里區,下萬里加投,萬里加投,40
萬里區,大鵬,,966,萬里區,下萬里加投,萬里加投,39
萬里區,大鵬,,967,萬里區,下萬里加投,萬里加投,80-1
萬里區,大鵬,,968,萬里區,下萬里加投,萬里加投,45
萬里區,大鵬,,969,萬里區,下萬里加投,萬里加投,82
萬里區,大鵬,,97,萬里區,下萬里加投,萬里加投,16-50
萬里區,大鵬,,970,萬里區,下萬里加投,萬里加投,82-3
萬里區,大鵬,,971,萬里區,下萬里加投,萬里加投,82-11
萬里區,大鵬,,972,萬里區,下萬里加投,萬里加投,82-1
萬里區,大鵬,,973,萬里區,下萬里加投,萬里加投,82-12
萬里區,大鵬,,974,萬里區,下萬里加投,萬里加投,82-5
萬里區,大鵬,,975,萬里區,下萬里加投,萬里加投,75-3
萬里區,大鵬,,976,萬里區,下萬里加投,萬里加投,74-2
萬里區,大鵬,,977,萬里區,下萬里加投,萬里加投,74
萬里區,大鵬,,978,萬里區,下萬里加投,萬里加投,74-11
萬里區,大鵬,,979,萬里區,下萬里加投,萬里加投,74-10
萬里區,大鵬,,98,萬里區,下萬里加投,萬里加投,14-2
萬里區,大鵬,,980,萬里區,下萬里加投,萬里加投,74-9
萬里區,大鵬,,981,萬里區,下萬里加投,萬里加投,74-12
萬里區,大鵬,,982,萬里區,下萬里加投,萬里加投,74-8
萬里區,大鵬,,983,萬里區,下萬里加投,萬里加投,74-7
萬里區,大鵬,,984,萬里區,下萬里加投,萬里加投,74-6
萬里區,大鵬,,985,萬里區,下萬里加投,萬里加投,74-5
萬里區,大鵬,,986,萬里區,下萬里加投,萬里加投,76-5
萬里區,大鵬,,987,萬里區,下萬里加投,萬里加投,76-14
萬里區,大鵬,,988,萬里區,下萬里加投,萬里加投,76-6
萬里區,大鵬,,989,萬里區,下萬里加投,萬里加投,76-15
萬里區,大鵬,,99,萬里區,下萬里加投,萬里加投,20
萬里區,大鵬,,990,萬里區,下萬里加投,萬里加投,76-2
萬里區,大鵬,,991,萬里區,下萬里加投,萬里加投,76-16
萬里區,大鵬,,992,萬里區,下萬里加投,萬里加投,76-7
萬里區,大鵬,,993,萬里區,下萬里加投,萬里加投,71
萬里區,大鵬,,994,萬里區,下萬里加投,萬里加投,57
萬里區,大鵬,,995,萬里區,下萬里加投,萬里加投,63-2
萬里區,大鵬,,996,萬里區,下萬里加投,萬里加投,70
萬里區,大鵬,,997,萬里區,下萬里加投,萬里加投,70-4
萬里區,大鵬,,998,萬里區,下萬里加投,萬里加投,70-5
萬里區,大鵬,,999,萬里區,下萬里加投,萬里加投,70-6
萬里區,崁腳,,10,萬里區,中萬里加投,瑪鍊港內,51
萬里區,崁腳,,100,萬里區,中萬里加投,瑪鍊港內,29-4
萬里區,崁腳,,1000,萬里區,頂萬里加投,崁腳,85
萬里區,崁腳,,1002,萬里區,頂萬里加投,崁腳,85-10
萬里區,崁腳,,1003,萬里區,頂萬里加投,崁腳,85-11
萬里區,崁腳,,1004,萬里區,頂萬里加投,崁腳,95-4
萬里區,崁腳,,1005,萬里區,頂萬里加投,崁腳,95-3
萬里區,崁腳,,1006,萬里區,頂萬里加投,崁腳,95-2
萬里區,崁腳,,1009,萬里區,頂萬里加投,崁腳,94
萬里區,崁腳,,101,萬里區,中萬里加投,瑪鍊港內,15-1
萬里區,崁腳,,1010,萬里區,頂萬里加投,崁腳,86-16
萬里區,崁腳,,1011,萬里區,頂萬里加投,崁腳,94-1
萬里區,崁腳,,1012,萬里區,頂萬里加投,崁腳,94-3
萬里區,崁腳,,1013,萬里區,頂萬里加投,崁腳,114-3
萬里區,崁腳,,1014,萬里區,頂萬里加投,崁腳,94-2
萬里區,崁腳,,1015,萬里區,頂萬里加投,崁腳,99
萬里區,崁腳,,1016,萬里區,頂萬里加投,崁腳,99-1
萬里區,崁腳,,1018,萬里區,頂萬里加投,崁腳,100-1
萬里區,崁腳,,1019,萬里區,頂萬里加投,崁腳,100
萬里區,崁腳,,102,萬里區,中萬里加投,瑪鍊港內,15
萬里區,崁腳,,1020,萬里區,頂萬里加投,崁腳,98
萬里區,崁腳,,1021,萬里區,頂萬里加投,崁腳,95-1
萬里區,崁腳,,1022,萬里區,頂萬里加投,崁腳,95
萬里區,崁腳,,1023,萬里區,頂萬里加投,崁腳,96
萬里區,崁腳,,1024,萬里區,頂萬里加投,崁腳,97
萬里區,崁腳,,1025,萬里區,頂萬里加投,崁腳,101
萬里區,崁腳,,1026,萬里區,頂萬里加投,崁腳,101-6
萬里區,崁腳,,1027,萬里區,頂萬里加投,崁腳,101-5
萬里區,崁腳,,1028,萬里區,頂萬里加投,崁腳,101-1
萬里區,崁腳,,1029,萬里區,頂萬里加投,崁腳,101-3
萬里區,崁腳,,103,萬里區,中萬里加投,瑪鍊港內,14-1
萬里區,崁腳,,1030,萬里區,頂萬里加投,崁腳,101-2
萬里區,崁腳,,1031,萬里區,頂萬里加投,崁腳,101-4
萬里區,崁腳,,1032,萬里區,頂萬里加投,崁腳,103-2
萬里區,崁腳,,1033,萬里區,頂萬里加投,崁腳,103-1
萬里區,崁腳,,1034,萬里區,頂萬里加投,崁腳,104-1
萬里區,崁腳,,1035,萬里區,頂萬里加投,崁腳,107-1
萬里區,崁腳,,1036,萬里區,頂萬里加投,崁腳,107-2
萬里區,崁腳,,1037,萬里區,頂萬里加投,崁腳,107-4
萬里區,崁腳,,1038,萬里區,頂萬里加投,崁腳,107-5
萬里區,崁腳,,1039,萬里區,頂萬里加投,崁腳,145-5
萬里區,崁腳,,104,萬里區,中萬里加投,瑪鍊港內,14
萬里區,崁腳,,1040,萬里區,頂萬里加投,崁腳,145-1
萬里區,崁腳,,1041,萬里區,頂萬里加投,崁腳,145-3
萬里區,崁腳,,1042,萬里區,頂萬里加投,崁腳,145-4
萬里區,崁腳,,1043,萬里區,頂萬里加投,崁腳,145-6
萬里區,崁腳,,1044,萬里區,頂萬里加投,崁腳,145-7
萬里區,崁腳,,1045,萬里區,頂萬里加投,崁腳,145-8
萬里區,崁腳,,1046,萬里區,頂萬里加投,崁腳,145-10
萬里區,崁腳,,1047,萬里區,頂萬里加投,崁腳,145-9
萬里區,崁腳,,1048,萬里區,頂萬里加投,崁腳,152
萬里區,崁腳,,1049,萬里區,頂萬里加投,崁腳,151
萬里區,崁腳,,105,萬里區,中萬里加投,瑪鍊港內,14-2
萬里區,崁腳,,1050,萬里區,頂萬里加投,崁腳,151-2
萬里區,崁腳,,1052,萬里區,頂萬里加投,崁腳,151-1
萬里區,崁腳,,1053,萬里區,頂萬里加投,崁腳,152-1
萬里區,崁腳,,1054,萬里區,頂萬里加投,崁腳,153-4
萬里區,崁腳,,1055,萬里區,頂萬里加投,崁腳,145-2
萬里區,崁腳,,1056,萬里區,頂萬里加投,崁腳,153-10
萬里區,崁腳,,1057,萬里區,頂萬里加投,崁腳,153-5
萬里區,崁腳,,1058,萬里區,頂萬里加投,崁腳,153-9
萬里區,崁腳,,1059,萬里區,頂萬里加投,崁腳,153-13
萬里區,崁腳,,1060,萬里區,頂萬里加投,崁腳,153-8
萬里區,崁腳,,1061,萬里區,頂萬里加投,崁腳,153-6
萬里區,崁腳,,1062,萬里區,頂萬里加投,崁腳,153-14
萬里區,崁腳,,1063,萬里區,頂萬里加投,崁腳,153-11
萬里區,崁腳,,1064,萬里區,頂萬里加投,崁腳,153-12
萬里區,崁腳,,1065,萬里區,頂萬里加投,崁腳,153-7
萬里區,崁腳,,1066,萬里區,頂萬里加投,崁腳,153
萬里區,崁腳,,1067,萬里區,頂萬里加投,崁腳,153-1
萬里區,崁腳,,1068,萬里區,頂萬里加投,崁腳,153-2
萬里區,崁腳,,1069,萬里區,頂萬里加投,崁腳,153-3
萬里區,崁腳,,107,萬里區,中萬里加投,瑪鍊港內,1-1
萬里區,崁腳,,1073,萬里區,頂萬里加投,崁腳,150-3
萬里區,崁腳,,1074,萬里區,頂萬里加投,崁腳,150
萬里區,崁腳,,1075,萬里區,頂萬里加投,崁腳,150-4
萬里區,崁腳,,1076,萬里區,頂萬里加投,崁腳,150-1
萬里區,崁腳,,1077,萬里區,頂萬里加投,崁腳,150-5
萬里區,崁腳,,1078,萬里區,頂萬里加投,崁腳,150-6
萬里區,崁腳,,1079,萬里區,頂萬里加投,崁腳,148-1
萬里區,崁腳,,108,萬里區,中萬里加投,瑪鍊港內,1-2
萬里區,崁腳,,1080,萬里區,頂萬里加投,崁腳,149
萬里區,崁腳,,1081,萬里區,頂萬里加投,崁腳,148
萬里區,崁腳,,1082,萬里區,頂萬里加投,崁腳,150-2
萬里區,崁腳,,1083,萬里區,頂萬里加投,崁腳,150-7
萬里區,崁腳,,1084,萬里區,頂萬里加投,崁腳,146
萬里區,崁腳,,1085,萬里區,頂萬里加投,崁腳,146-1
萬里區,崁腳,,1086,萬里區,頂萬里加投,崁腳,146-2
萬里區,崁腳,,1087,萬里區,頂萬里加投,崁腳,147
萬里區,崁腳,,1088,萬里區,頂萬里加投,崁腳,147-1
萬里區,崁腳,,109,萬里區,中萬里加投,瑪鍊港內,1
萬里區,崁腳,,1090,萬里區,頂萬里加投,崁腳,144
萬里區,崁腳,,1091,萬里區,頂萬里加投,崁腳,146-3
萬里區,崁腳,,1094,萬里區,頂萬里加投,崁腳,145
萬里區,崁腳,,1095,萬里區,頂萬里加投,崁腳,145-11
萬里區,崁腳,,1096,萬里區,頂萬里加投,崁腳,145-12
萬里區,崁腳,,1097,萬里區,頂萬里加投,崁腳,143
萬里區,崁腳,,1098,萬里區,頂萬里加投,崁腳,142
萬里區,崁腳,,1099,萬里區,頂萬里加投,崁腳,133
萬里區,崁腳,,11,萬里區,中萬里加投,瑪鍊港內,52
萬里區,崁腳,,1100,萬里區,頂萬里加投,崁腳,134
萬里區,崁腳,,1101,萬里區,頂萬里加投,崁腳,139
萬里區,崁腳,,1102,萬里區,頂萬里加投,崁腳,138
萬里區,崁腳,,1103,萬里區,頂萬里加投,崁腳,141
萬里區,崁腳,,1104,萬里區,頂萬里加投,崁腳,137
萬里區,崁腳,,1105,萬里區,頂萬里加投,崁腳,135
萬里區,崁腳,,1106,萬里區,頂萬里加投,崁腳,128-2
萬里區,崁腳,,1107,萬里區,頂萬里加投,崁腳,128-3
萬里區,崁腳,,1108,萬里區,頂萬里加投,崁腳,128
萬里區,崁腳,,1109,萬里區,頂萬里加投,崁腳,128-1
萬里區,崁腳,,111,萬里區,中萬里加投,瑪鍊港內,2-1
萬里區,崁腳,,1110,萬里區,頂萬里加投,崁腳,131-2
萬里區,崁腳,,1111,萬里區,頂萬里加投,崁腳,131-1
萬里區,崁腳,,1112,萬里區,頂萬里加投,崁腳,131
萬里區,崁腳,,1113,萬里區,頂萬里加投,崁腳,129
萬里區,崁腳,,1114,萬里區,頂萬里加投,崁腳,129-1
萬里區,崁腳,,1115,萬里區,頂萬里加投,崁腳,129-2
萬里區,崁腳,,1116,萬里區,頂萬里加投,崁腳,132-1
萬里區,崁腳,,1117,萬里區,頂萬里加投,崁腳,132
萬里區,崁腳,,1118,萬里區,頂萬里加投,崁腳,132-2
萬里區,崁腳,,1119,萬里區,頂萬里加投,崁腳,130-2
萬里區,崁腳,,112,萬里區,中萬里加投,瑪鍊港內,2-3
萬里區,崁腳,,1120,萬里區,頂萬里加投,崁腳,130-1
萬里區,崁腳,,1121,萬里區,頂萬里加投,崁腳,130
萬里區,崁腳,,1123,萬里區,頂萬里加投,崁腳,127
萬里區,崁腳,,1124,萬里區,頂萬里加投,崁腳,107-3
萬里區,崁腳,,1126,萬里區,頂萬里加投,崁腳,126
萬里區,崁腳,,1127,萬里區,頂萬里加投,崁腳,126-1
萬里區,崁腳,,1128,萬里區,頂萬里加投,崁腳,126-2
萬里區,崁腳,,1129,萬里區,頂萬里加投,崁腳,124-1
萬里區,崁腳,,113,萬里區,中萬里加投,瑪鍊港內,2-4
萬里區,崁腳,,1130,萬里區,頂萬里加投,崁腳,124
萬里區,崁腳,,1131,萬里區,頂萬里加投,崁腳,124-2
萬里區,崁腳,,1132,萬里區,頂萬里加投,崁腳,123
萬里區,崁腳,,1133,萬里區,頂萬里加投,崁腳,122
萬里區,崁腳,,1134,萬里區,頂萬里加投,崁腳,121
萬里區,崁腳,,1135,萬里區,頂萬里加投,崁腳,120
萬里區,崁腳,,1137,萬里區,頂萬里加投,崁腳,125-2
萬里區,崁腳,,1138,萬里區,頂萬里加投,崁腳,125-1
萬里區,崁腳,,1139,萬里區,頂萬里加投,崁腳,125
萬里區,崁腳,,114,萬里區,中萬里加投,瑪鍊港內,2-2
萬里區,崁腳,,1140,萬里區,頂萬里加投,崁腳,108
萬里區,崁腳,,1141,萬里區,頂萬里加投,崁腳,106
萬里區,崁腳,,1142,萬里區,頂萬里加投,崁腳,107
萬里區,崁腳,,1143,萬里區,頂萬里加投,崁腳,105
萬里區,崁腳,,1144,萬里區,頂萬里加投,崁腳,104
萬里區,崁腳,,1145,萬里區,頂萬里加投,崁腳,103
萬里區,崁腳,,1146,萬里區,頂萬里加投,崁腳,102
萬里區,崁腳,,1147,萬里區,頂萬里加投,崁腳,109
萬里區,崁腳,,1148,萬里區,頂萬里加投,崁腳,109-1
萬里區,崁腳,,1149,萬里區,頂萬里加投,崁腳,109-2
萬里區,崁腳,,115,萬里區,中萬里加投,瑪鍊港內,3
萬里區,崁腳,,1150,萬里區,頂萬里加投,崁腳,111
萬里區,崁腳,,1151,萬里區,頂萬里加投,崁腳,110-1
萬里區,崁腳,,1152,萬里區,頂萬里加投,崁腳,110
萬里區,崁腳,,1153,萬里區,頂萬里加投,崁腳,110-2
萬里區,崁腳,,1154,萬里區,頂萬里加投,崁腳,110-3
萬里區,崁腳,,1155,萬里區,頂萬里加投,崁腳,112-3
萬里區,崁腳,,1156,萬里區,頂萬里加投,崁腳,112-2
萬里區,崁腳,,1157,萬里區,頂萬里加投,崁腳,112-4
萬里區,崁腳,,1158,萬里區,頂萬里加投,崁腳,112-1
萬里區,崁腳,,1159,萬里區,頂萬里加投,崁腳,112
萬里區,崁腳,,116,萬里區,中萬里加投,瑪鍊港內,4
萬里區,崁腳,,1160,萬里區,頂萬里加投,崁腳,118
萬里區,崁腳,,1161,萬里區,頂萬里加投,崁腳,117
萬里區,崁腳,,1162,萬里區,頂萬里加投,崁腳,116-1
萬里區,崁腳,,1163,萬里區,頂萬里加投,崁腳,119
萬里區,崁腳,,1164,萬里區,頂萬里加投,崁腳,116-3
萬里區,崁腳,,1165,萬里區,頂萬里加投,崁腳,116
萬里區,崁腳,,1166,萬里區,頂萬里加投,崁腳,116-2
萬里區,崁腳,,1167,萬里區,頂萬里加投,崁腳,113
萬里區,崁腳,,1168,萬里區,頂萬里加投,崁腳,114-1
萬里區,崁腳,,1169,萬里區,頂萬里加投,崁腳,114
萬里區,崁腳,,117,萬里區,中萬里加投,瑪鍊港內,5-1
萬里區,崁腳,,1170,萬里區,頂萬里加投,崁腳,114-2
萬里區,崁腳,,1171,萬里區,頂萬里加投,崁腳,114-5
萬里區,崁腳,,1172,萬里區,頂萬里加投,崁腳,114-6
萬里區,崁腳,,1173,萬里區,頂萬里加投,崁腳,115
萬里區,崁腳,,1174,萬里區,頂萬里加投,崁腳,115-1
萬里區,崁腳,,1175,萬里區,頂萬里加投,崁腳,114-4
萬里區,崁腳,,1176,萬里區,頂萬里加投,崁腳,116-5
萬里區,崁腳,,1177,萬里區,頂萬里加投,崁腳,116-4
萬里區,崁腳,,1179,萬里區,頂萬里加投,崁腳,86-4
萬里區,崁腳,,118,萬里區,中萬里加投,瑪鍊港內,5-9
萬里區,崁腳,,1180,萬里區,頂萬里加投,崁腳,86-7
萬里區,崁腳,,1182,萬里區,頂萬里加投,崁腳,91
萬里區,崁腳,,1183,萬里區,頂萬里加投,崁腳,92
萬里區,崁腳,,1184,萬里區,頂萬里加投,崁腳,90
萬里區,崁腳,,1185,萬里區,頂萬里加投,崁腳,88-2
萬里區,崁腳,,1186,萬里區,頂萬里加投,崁腳,88-10
萬里區,崁腳,,1187,萬里區,頂萬里加投,崁腳,88-9
萬里區,崁腳,,1188,萬里區,頂萬里加投,崁腳,89-7
萬里區,崁腳,,1189,萬里區,頂萬里加投,崁腳,89-6
萬里區,崁腳,,1190,萬里區,頂萬里加投,崁腳,89-16
萬里區,崁腳,,1191,萬里區,頂萬里加投,崁腳,89-15
萬里區,崁腳,,1192,萬里區,頂萬里加投,崁腳,89-10
萬里區,崁腳,,1193,萬里區,頂萬里加投,崁腳,89-1
萬里區,崁腳,,1194,萬里區,頂萬里加投,崁腳,89-17
萬里區,崁腳,,1195,萬里區,頂萬里加投,崁腳,89
萬里區,崁腳,,1196,萬里區,頂萬里加投,崁腳,89-5
萬里區,崁腳,,1197,萬里區,頂萬里加投,崁腳,88-5
萬里區,崁腳,,1198,萬里區,頂萬里加投,崁腳,88-3
萬里區,崁腳,,1199,萬里區,頂萬里加投,崁腳,88-6
萬里區,崁腳,,12,萬里區,中萬里加投,瑪鍊港內,50
萬里區,崁腳,,120,萬里區,中萬里加投,瑪鍊港內,13
萬里區,崁腳,,1200,萬里區,頂萬里加投,崁腳,88-8
萬里區,崁腳,,1201,萬里區,頂萬里加投,崁腳,88-7
萬里區,崁腳,,1202,萬里區,頂萬里加投,崁腳,88
萬里區,崁腳,,1203,萬里區,頂萬里加投,崁腳,93-1
萬里區,崁腳,,1204,萬里區,頂萬里加投,崁腳,86-1
萬里區,崁腳,,1205,萬里區,頂萬里加投,崁腳,86-15
萬里區,崁腳,,1206,萬里區,頂萬里加投,崁腳,86-18
萬里區,崁腳,,1207,萬里區,頂萬里加投,崁腳,86-17
萬里區,崁腳,,1208,萬里區,頂萬里加投,崁腳,86-3
萬里區,崁腳,,1209,萬里區,頂萬里加投,崁腳,86-2
萬里區,崁腳,,121,萬里區,中萬里加投,瑪鍊港內,13-1
萬里區,崁腳,,1210,萬里區,頂萬里加投,崁腳,86-6
萬里區,崁腳,,1211,萬里區,頂萬里加投,崁腳,86-14
萬里區,崁腳,,1212,萬里區,頂萬里加投,崁腳,86-10
萬里區,崁腳,,1213,萬里區,頂萬里加投,崁腳,86-11
萬里區,崁腳,,1214,萬里區,頂萬里加投,崁腳,86-5
萬里區,崁腳,,1215,萬里區,頂萬里加投,崁腳,87
萬里區,崁腳,,1216,萬里區,頂萬里加投,崁腳,86-9
萬里區,崁腳,,1217,萬里區,頂萬里加投,崁腳,86-8
萬里區,崁腳,,1219,萬里區,頂萬里加投,崁腳,47-4
萬里區,崁腳,,122,萬里區,中萬里加投,瑪鍊港內,16
萬里區,崁腳,,1220,萬里區,頂萬里加投,崁腳,86-13
萬里區,崁腳,,1221,萬里區,頂萬里加投,崁腳,86-12
萬里區,崁腳,,1222,萬里區,頂萬里加投,崁腳,86
萬里區,崁腳,,1224,萬里區,頂萬里加投,崁腳,47-6
萬里區,崁腳,,1225,萬里區,頂萬里加投,崁腳,47-3
萬里區,崁腳,,1226,萬里區,頂萬里加投,崁腳,47-9
萬里區,崁腳,,1227,萬里區,頂萬里加投,崁腳,47-2
萬里區,崁腳,,1228,萬里區,頂萬里加投,崁腳,46-21
萬里區,崁腳,,1229,萬里區,頂萬里加投,崁腳,47-8
萬里區,崁腳,,1230,萬里區,頂萬里加投,崁腳,47-7
萬里區,崁腳,,1231,萬里區,頂萬里加投,崁腳,47-5
萬里區,崁腳,,1232,萬里區,頂萬里加投,崁腳,46
萬里區,崁腳,,1233,萬里區,頂萬里加投,崁腳,46-20
萬里區,崁腳,,1234,萬里區,頂萬里加投,崁腳,45-6
萬里區,崁腳,,1235,萬里區,頂萬里加投,崁腳,45-3
萬里區,崁腳,,1236,萬里區,頂萬里加投,崁腳,45-4
萬里區,崁腳,,1237,萬里區,頂萬里加投,崁腳,45-5
萬里區,崁腳,,1238,萬里區,頂萬里加投,崁腳,45-11
萬里區,崁腳,,1239,萬里區,頂萬里加投,崁腳,45-10
萬里區,崁腳,,124,萬里區,中萬里加投,瑪鍊港內,18
萬里區,崁腳,,1240,萬里區,頂萬里加投,崁腳,46-2
萬里區,崁腳,,1241,萬里區,頂萬里加投,崁腳,45-9
萬里區,崁腳,,1242,萬里區,頂萬里加投,崁腳,45-8
萬里區,崁腳,,1243,萬里區,頂萬里加投,崁腳,45-7
萬里區,崁腳,,1244,萬里區,頂萬里加投,崁腳,45
萬里區,崁腳,,1245,萬里區,頂萬里加投,崁腳,45-1
萬里區,崁腳,,1246,萬里區,頂萬里加投,崁腳,46-1
萬里區,崁腳,,1247,萬里區,頂萬里加投,崁腳,46-3
萬里區,崁腳,,1248,萬里區,頂萬里加投,崁腳,46-22
萬里區,崁腳,,1249,萬里區,頂萬里加投,崁腳,46-4
萬里區,崁腳,,125,萬里區,中萬里加投,瑪鍊港內,19
萬里區,崁腳,,1250,萬里區,頂萬里加投,崁腳,46-14
萬里區,崁腳,,1251,萬里區,頂萬里加投,崁腳,46-6
萬里區,崁腳,,1252,萬里區,頂萬里加投,崁腳,46-17
萬里區,崁腳,,1253,萬里區,頂萬里加投,崁腳,46-18
萬里區,崁腳,,1254,萬里區,頂萬里加投,崁腳,46-12
萬里區,崁腳,,1256,萬里區,頂萬里加投,崁腳,46-16
萬里區,崁腳,,1257,萬里區,頂萬里加投,崁腳,46-5
萬里區,崁腳,,1258,萬里區,頂萬里加投,崁腳,46-15
萬里區,崁腳,,1259,萬里區,頂萬里加投,崁腳,46-19
萬里區,崁腳,,1260,萬里區,頂萬里加投,崁腳,46-7
萬里區,崁腳,,1261,萬里區,頂萬里加投,崁腳,46-13
萬里區,崁腳,,1262,萬里區,頂萬里加投,崁腳,46-11
萬里區,崁腳,,1263,萬里區,頂萬里加投,崁腳,46-10
萬里區,崁腳,,1264,萬里區,頂萬里加投,崁腳,46-8
萬里區,崁腳,,1265,萬里區,頂萬里加投,崁腳,46-9
萬里區,崁腳,,1266,萬里區,頂萬里加投,崁腳,44
萬里區,崁腳,,127,萬里區,中萬里加投,瑪鍊港內,25-6
萬里區,崁腳,,1270,萬里區,頂萬里加投,崁腳,83-4
萬里區,崁腳,,1271,萬里區,頂萬里加投,崁腳,83-3
萬里區,崁腳,,1272,萬里區,頂萬里加投,崁腳,83-2
萬里區,崁腳,,1273,萬里區,頂萬里加投,崁腳,83-1
萬里區,崁腳,,1274,萬里區,頂萬里加投,崁腳,83
萬里區,崁腳,,1276,萬里區,頂萬里加投,崁腳,81
萬里區,崁腳,,1277,萬里區,頂萬里加投,崁腳,81-1
萬里區,崁腳,,1278,萬里區,頂萬里加投,崁腳,82
萬里區,崁腳,,1279,萬里區,頂萬里加投,崁腳,82-1
萬里區,崁腳,,128,萬里區,中萬里加投,瑪鍊港內,25-1
萬里區,崁腳,,1281,萬里區,頂萬里加投,崁腳,52-7
萬里區,崁腳,,1282,萬里區,頂萬里加投,崁腳,52
萬里區,崁腳,,1283,萬里區,頂萬里加投,崁腳,52-4
萬里區,崁腳,,1284,萬里區,頂萬里加投,崁腳,52-5
萬里區,崁腳,,1285,萬里區,頂萬里加投,崁腳,52-6
萬里區,崁腳,,1286,萬里區,頂萬里加投,崁腳,52-8
萬里區,崁腳,,1287,萬里區,頂萬里加投,崁腳,50-2
萬里區,崁腳,,1288,萬里區,頂萬里加投,崁腳,50-1
萬里區,崁腳,,1289,萬里區,頂萬里加投,崁腳,50
萬里區,崁腳,,129,萬里區,中萬里加投,瑪鍊港內,25-2
萬里區,崁腳,,1291,萬里區,頂萬里加投,崁腳,40
萬里區,崁腳,,1293,萬里區,頂萬里加投,崁腳,43-3
萬里區,崁腳,,1294,萬里區,頂萬里加投,崁腳,43-4
萬里區,崁腳,,1295,萬里區,頂萬里加投,崁腳,40-1
萬里區,崁腳,,1296,萬里區,頂萬里加投,崁腳,43-8
萬里區,崁腳,,1297,萬里區,頂萬里加投,崁腳,43-11
萬里區,崁腳,,1298,萬里區,頂萬里加投,崁腳,43-10
萬里區,崁腳,,1299,萬里區,頂萬里加投,崁腳,43-9
萬里區,崁腳,,13,萬里區,中萬里加投,瑪鍊港內,48
萬里區,崁腳,,130,萬里區,中萬里加投,瑪鍊港內,25-3
萬里區,崁腳,,1300,萬里區,頂萬里加投,崁腳,43-5
萬里區,崁腳,,1301,萬里區,頂萬里加投,崁腳,43-6
萬里區,崁腳,,1302,萬里區,頂萬里加投,崁腳,39-2
萬里區,崁腳,,1303,萬里區,頂萬里加投,崁腳,39-1
萬里區,崁腳,,1304,萬里區,頂萬里加投,崁腳,39
萬里區,崁腳,,1307,萬里區,頂萬里加投,崁腳,51-2
萬里區,崁腳,,1309,萬里區,頂萬里加投,崁腳,52-3
萬里區,崁腳,,1310,萬里區,頂萬里加投,崁腳,52-1
萬里區,崁腳,,1311,萬里區,頂萬里加投,崁腳,52-2
萬里區,崁腳,,1312,萬里區,頂萬里加投,崁腳,53-2
萬里區,崁腳,,1313,萬里區,頂萬里加投,崁腳,53-1
萬里區,崁腳,,1314,萬里區,頂萬里加投,崁腳,53-6
萬里區,崁腳,,1315,萬里區,頂萬里加投,崁腳,53
萬里區,崁腳,,1316,萬里區,頂萬里加投,崁腳,54
萬里區,崁腳,,1317,萬里區,頂萬里加投,崁腳,80
萬里區,崁腳,,1318,萬里區,頂萬里加投,崁腳,74
萬里區,崁腳,,1319,萬里區,頂萬里加投,崁腳,72
萬里區,崁腳,,1320,萬里區,頂萬里加投,崁腳,71-1
萬里區,崁腳,,1321,萬里區,頂萬里加投,崁腳,71
萬里區,崁腳,,1322,萬里區,頂萬里加投,崁腳,70
萬里區,崁腳,,1323,萬里區,頂萬里加投,崁腳,64
萬里區,崁腳,,1324,萬里區,頂萬里加投,崁腳,65
萬里區,崁腳,,1325,萬里區,頂萬里加投,崁腳,67
萬里區,崁腳,,1326,萬里區,頂萬里加投,崁腳,66
萬里區,崁腳,,1327,萬里區,頂萬里加投,崁腳,66-2
萬里區,崁腳,,1328,萬里區,頂萬里加投,崁腳,66-3
萬里區,崁腳,,1329,萬里區,頂萬里加投,崁腳,57
萬里區,崁腳,,133,萬里區,中萬里加投,瑪鍊港內,21-1
萬里區,崁腳,,1330,萬里區,頂萬里加投,崁腳,55
萬里區,崁腳,,1331,萬里區,頂萬里加投,崁腳,55-2
萬里區,崁腳,,1332,萬里區,頂萬里加投,崁腳,55-1
萬里區,崁腳,,1333,萬里區,頂萬里加投,崁腳,53-7
萬里區,崁腳,,1335,萬里區,頂萬里加投,崁腳,73
萬里區,崁腳,,1337,萬里區,頂萬里加投,崁腳,56
萬里區,崁腳,,1339,萬里區,頂萬里加投,崁腳,58
萬里區,崁腳,,134,萬里區,中萬里加投,瑪鍊港內,22
萬里區,崁腳,,1340,萬里區,頂萬里加投,崁腳,58-1
萬里區,崁腳,,1341,萬里區,頂萬里加投,崁腳,58-5
萬里區,崁腳,,1342,萬里區,頂萬里加投,崁腳,58-4
萬里區,崁腳,,1344,萬里區,頂萬里加投,崁腳,8
萬里區,崁腳,,1345,萬里區,頂萬里加投,崁腳,58-3
萬里區,崁腳,,1346,萬里區,頂萬里加投,崁腳,58-2
萬里區,崁腳,,1347,萬里區,頂萬里加投,崁腳,6
萬里區,崁腳,,1348,萬里區,頂萬里加投,崁腳,7
萬里區,崁腳,,1349,萬里區,頂萬里加投,崁腳,7-1
萬里區,崁腳,,135,萬里區,中萬里加投,瑪鍊港內,21-19
萬里區,崁腳,,1350,萬里區,頂萬里加投,崁腳,9
萬里區,崁腳,,1351,萬里區,頂萬里加投,崁腳,10
萬里區,崁腳,,1352,萬里區,頂萬里加投,崁腳,11
萬里區,崁腳,,1353,萬里區,頂萬里加投,崁腳,12
萬里區,崁腳,,1354,萬里區,頂萬里加投,崁腳,13-5
萬里區,崁腳,,1355,萬里區,頂萬里加投,崁腳,13-4
萬里區,崁腳,,1356,萬里區,頂萬里加投,崁腳,13-3
萬里區,崁腳,,1357,萬里區,頂萬里加投,崁腳,13-7
萬里區,崁腳,,1359,萬里區,頂萬里加投,崁腳,13-10
萬里區,崁腳,,136,萬里區,中萬里加投,瑪鍊港內,7-8
萬里區,崁腳,,1360,萬里區,頂萬里加投,崁腳,13-2
萬里區,崁腳,,1361,萬里區,頂萬里加投,崁腳,13
萬里區,崁腳,,1362,萬里區,頂萬里加投,崁腳,14-1
萬里區,崁腳,,1363,萬里區,頂萬里加投,崁腳,14
萬里區,崁腳,,1364,萬里區,頂萬里加投,崁腳,14-2
萬里區,崁腳,,1365,萬里區,頂萬里加投,崁腳,15-9
萬里區,崁腳,,1366,萬里區,頂萬里加投,崁腳,13-1
萬里區,崁腳,,1367,萬里區,頂萬里加投,崁腳,13-9
萬里區,崁腳,,1368,萬里區,頂萬里加投,崁腳,13-8
萬里區,崁腳,,1369,萬里區,頂萬里加投,崁腳,13-6
萬里區,崁腳,,137,萬里區,中萬里加投,瑪鍊港內,7-7
萬里區,崁腳,,1370,萬里區,頂萬里加投,崁腳,19
萬里區,崁腳,,1371,萬里區,頂萬里加投,崁腳,21-14
萬里區,崁腳,,1372,萬里區,頂萬里加投,崁腳,21-16
萬里區,崁腳,,1373,萬里區,頂萬里加投,崁腳,21-25
萬里區,崁腳,,1374,萬里區,頂萬里加投,崁腳,21-27
萬里區,崁腳,,1375,萬里區,頂萬里加投,崁腳,21-3
萬里區,崁腳,,1376,萬里區,頂萬里加投,崁腳,20-7
萬里區,崁腳,,1377,萬里區,頂萬里加投,崁腳,20-8
萬里區,崁腳,,1378,萬里區,頂萬里加投,崁腳,20
萬里區,崁腳,,1379,萬里區,頂萬里加投,崁腳,53-3
萬里區,崁腳,,138,萬里區,中萬里加投,瑪鍊港內,7-22
萬里區,崁腳,,1380,萬里區,頂萬里加投,崁腳,53-4
萬里區,崁腳,,1382,萬里區,頂萬里加投,崁腳,53-5
萬里區,崁腳,,1383,萬里區,頂萬里加投,崁腳,20-1
萬里區,崁腳,,1384,萬里區,頂萬里加投,崁腳,20-6
萬里區,崁腳,,1385,萬里區,頂萬里加投,崁腳,21-2
萬里區,崁腳,,1386,萬里區,頂萬里加投,崁腳,21-17
萬里區,崁腳,,1387,萬里區,頂萬里加投,崁腳,21-28
萬里區,崁腳,,1388,萬里區,頂萬里加投,崁腳,21-18
萬里區,崁腳,,1389,萬里區,頂萬里加投,崁腳,24-9
萬里區,崁腳,,139,萬里區,中萬里加投,瑪鍊港內,7-21
萬里區,崁腳,,1390,萬里區,頂萬里加投,崁腳,24-8
萬里區,崁腳,,1391,萬里區,頂萬里加投,崁腳,25
萬里區,崁腳,,1392,萬里區,頂萬里加投,崁腳,25-1
萬里區,崁腳,,1393,萬里區,頂萬里加投,崁腳,20-5
萬里區,崁腳,,1394,萬里區,頂萬里加投,崁腳,26-1
萬里區,崁腳,,1395,萬里區,頂萬里加投,崁腳,26
萬里區,崁腳,,1396,萬里區,頂萬里加投,崁腳,27
萬里區,崁腳,,1397,萬里區,頂萬里加投,崁腳,20-4
萬里區,崁腳,,1398,萬里區,頂萬里加投,崁腳,20-3
萬里區,崁腳,,1399,萬里區,頂萬里加投,崁腳,33
萬里區,崁腳,,14,萬里區,中萬里加投,瑪鍊港內,47
萬里區,崁腳,,140,萬里區,中萬里加投,瑪鍊港內,7-12
萬里區,崁腳,,1400,萬里區,頂萬里加投,崁腳,20-9
萬里區,崁腳,,1401,萬里區,頂萬里加投,崁腳,20-2
萬里區,崁腳,,1402,萬里區,頂萬里加投,崁腳,51-1
萬里區,崁腳,,1403,萬里區,頂萬里加投,崁腳,51
萬里區,崁腳,,1404,萬里區,頂萬里加投,崁腳,32
萬里區,崁腳,,1405,萬里區,頂萬里加投,崁腳,32-2
萬里區,崁腳,,1406,萬里區,頂萬里加投,崁腳,29-3
萬里區,崁腳,,1407,萬里區,頂萬里加投,崁腳,35-4
萬里區,崁腳,,1408,萬里區,頂萬里加投,崁腳,35-3
萬里區,崁腳,,1409,萬里區,頂萬里加投,崁腳,32-3
萬里區,崁腳,,141,萬里區,中萬里加投,瑪鍊港內,7-23
萬里區,崁腳,,1410,萬里區,頂萬里加投,崁腳,34-1
萬里區,崁腳,,1411,萬里區,頂萬里加投,崁腳,38-1
萬里區,崁腳,,1412,萬里區,頂萬里加投,崁腳,38
萬里區,崁腳,,1413,萬里區,頂萬里加投,崁腳,35-5
萬里區,崁腳,,1414,萬里區,頂萬里加投,崁腳,36-3
萬里區,崁腳,,1415,萬里區,頂萬里加投,崁腳,36-2
萬里區,崁腳,,1416,萬里區,頂萬里加投,崁腳,36-1
萬里區,崁腳,,1417,萬里區,頂萬里加投,崁腳,37-1
萬里區,崁腳,,1418,萬里區,頂萬里加投,崁腳,37-2
萬里區,崁腳,,1419,萬里區,頂萬里加投,崁腳,37
萬里區,崁腳,,142,萬里區,中萬里加投,瑪鍊港內,7-14
萬里區,崁腳,,1420,萬里區,頂萬里加投,崁腳,36-5
萬里區,崁腳,,1421,萬里區,頂萬里加投,崁腳,35-7
萬里區,崁腳,,1422,萬里區,頂萬里加投,崁腳,35
萬里區,崁腳,,1423,萬里區,頂萬里加投,崁腳,35-6
萬里區,崁腳,,1424,萬里區,頂萬里加投,崁腳,35-8
萬里區,崁腳,,1425,萬里區,頂萬里加投,崁腳,35-1
萬里區,崁腳,,1426,萬里區,頂萬里加投,崁腳,36-6
萬里區,崁腳,,1427,萬里區,頂萬里加投,崁腳,31-4
萬里區,崁腳,,1428,萬里區,頂萬里加投,崁腳,31
萬里區,崁腳,,1429,萬里區,頂萬里加投,崁腳,31-2
萬里區,崁腳,,143,萬里區,中萬里加投,瑪鍊港內,7-15
萬里區,崁腳,,1430,萬里區,頂萬里加投,崁腳,31-1
萬里區,崁腳,,1431,萬里區,頂萬里加投,崁腳,30-1
萬里區,崁腳,,1432,萬里區,頂萬里加投,崁腳,30
萬里區,崁腳,,1433,萬里區,頂萬里加投,崁腳,29-1
萬里區,崁腳,,1434,萬里區,頂萬里加投,崁腳,29-2
萬里區,崁腳,,1435,萬里區,頂萬里加投,崁腳,29
萬里區,崁腳,,1436,萬里區,頂萬里加投,崁腳,29-4
萬里區,崁腳,,1437,萬里區,頂萬里加投,崁腳,28-3
萬里區,崁腳,,1438,萬里區,頂萬里加投,崁腳,28-2
萬里區,崁腳,,1439,萬里區,頂萬里加投,崁腳,28-6
萬里區,崁腳,,144,萬里區,中萬里加投,瑪鍊港內,7-2
萬里區,崁腳,,1440,萬里區,頂萬里加投,崁腳,28
萬里區,崁腳,,1441,萬里區,頂萬里加投,崁腳,28-4
萬里區,崁腳,,1442,萬里區,頂萬里加投,崁腳,24-6
萬里區,崁腳,,1443,萬里區,頂萬里加投,崁腳,28-5
萬里區,崁腳,,1444,萬里區,頂萬里加投,崁腳,28-1
萬里區,崁腳,,1445,萬里區,頂萬里加投,崁腳,24-20
萬里區,崁腳,,1446,萬里區,頂萬里加投,崁腳,24-5
萬里區,崁腳,,1447,萬里區,頂萬里加投,崁腳,24-22
萬里區,崁腳,,1448,萬里區,頂萬里加投,崁腳,24-4
萬里區,崁腳,,1449,萬里區,頂萬里加投,崁腳,24-19
萬里區,崁腳,,145,萬里區,中萬里加投,瑪鍊港內,7-16
萬里區,崁腳,,1450,萬里區,頂萬里加投,崁腳,24-21
萬里區,崁腳,,1451,萬里區,頂萬里加投,崁腳,24-10
萬里區,崁腳,,1452,萬里區,頂萬里加投,崁腳,24-3
萬里區,崁腳,,1453,萬里區,頂萬里加投,崁腳,24-18
萬里區,崁腳,,1454,萬里區,頂萬里加投,崁腳,24-17
萬里區,崁腳,,1455,萬里區,頂萬里加投,崁腳,24-2
萬里區,崁腳,,1456,萬里區,頂萬里加投,崁腳,24-16
萬里區,崁腳,,1457,萬里區,頂萬里加投,崁腳,24-23
萬里區,崁腳,,1458,萬里區,頂萬里加投,崁腳,24-12
萬里區,崁腳,,1459,萬里區,頂萬里加投,崁腳,24-13
萬里區,崁腳,,146,萬里區,中萬里加投,瑪鍊港內,7-6
萬里區,崁腳,,1460,萬里區,頂萬里加投,崁腳,24-14
萬里區,崁腳,,1462,萬里區,頂萬里加投,崁腳,24
萬里區,崁腳,,1463,萬里區,頂萬里加投,崁腳,24-1
萬里區,崁腳,,1464,萬里區,頂萬里加投,崁腳,24-15
萬里區,崁腳,,1465,萬里區,頂萬里加投,崁腳,21-10
萬里區,崁腳,,1467,萬里區,頂萬里加投,崁腳,21-26
萬里區,崁腳,,1468,萬里區,頂萬里加投,崁腳,21-8
萬里區,崁腳,,1469,萬里區,頂萬里加投,崁腳,21-9
萬里區,崁腳,,147,萬里區,中萬里加投,瑪鍊港內,7-3
萬里區,崁腳,,1470,萬里區,頂萬里加投,崁腳,21-12
萬里區,崁腳,,1471,萬里區,頂萬里加投,崁腳,21-24
萬里區,崁腳,,1472,萬里區,頂萬里加投,崁腳,21-29
萬里區,崁腳,,1473,萬里區,頂萬里加投,崁腳,21-20
萬里區,崁腳,,1474,萬里區,頂萬里加投,崁腳,21-19
萬里區,崁腳,,1475,萬里區,頂萬里加投,崁腳,21-22
萬里區,崁腳,,1476,萬里區,頂萬里加投,崁腳,21-5
萬里區,崁腳,,1477,萬里區,頂萬里加投,崁腳,21-23
萬里區,崁腳,,1478,萬里區,頂萬里加投,崁腳,21
萬里區,崁腳,,1479,萬里區,頂萬里加投,崁腳,21-13
萬里區,崁腳,,148,萬里區,中萬里加投,瑪鍊港內,7-28
萬里區,崁腳,,1480,萬里區,頂萬里加投,崁腳,21-4
萬里區,崁腳,,1481,萬里區,頂萬里加投,崁腳,21-6
萬里區,崁腳,,1482,萬里區,頂萬里加投,崁腳,21-1
萬里區,崁腳,,1483,萬里區,頂萬里加投,崁腳,21-15
萬里區,崁腳,,1484,萬里區,頂萬里加投,崁腳,21-11
萬里區,崁腳,,1485,萬里區,頂萬里加投,崁腳,21-21
萬里區,崁腳,,1486,萬里區,頂萬里加投,崁腳,21-7
萬里區,崁腳,,1488,萬里區,頂萬里加投,崁腳,15-6
萬里區,崁腳,,1489,萬里區,頂萬里加投,崁腳,15-3
萬里區,崁腳,,149,萬里區,中萬里加投,瑪鍊港內,7-19
萬里區,崁腳,,1490,萬里區,頂萬里加投,崁腳,15-7
萬里區,崁腳,,1491,萬里區,頂萬里加投,崁腳,15-15
萬里區,崁腳,,1492,萬里區,頂萬里加投,崁腳,15-13
萬里區,崁腳,,1493,萬里區,頂萬里加投,崁腳,15-4
萬里區,崁腳,,1494,萬里區,頂萬里加投,崁腳,15-8
萬里區,崁腳,,1495,萬里區,頂萬里加投,崁腳,15-10
萬里區,崁腳,,1496,萬里區,頂萬里加投,崁腳,15-5
萬里區,崁腳,,1497,萬里區,頂萬里加投,崁腳,15-12
萬里區,崁腳,,1498,萬里區,頂萬里加投,崁腳,15
萬里區,崁腳,,1499,萬里區,頂萬里加投,崁腳,16
萬里區,崁腳,,150,萬里區,中萬里加投,瑪鍊港內,7-17
萬里區,崁腳,,1500,萬里區,頂萬里加投,崁腳,16-1
萬里區,崁腳,,1501,萬里區,頂萬里加投,崁腳,15-1
萬里區,崁腳,,1502,萬里區,頂萬里加投,崁腳,15-2
萬里區,崁腳,,1503,萬里區,頂萬里加投,崁腳,15-11
萬里區,崁腳,,1504,萬里區,頂萬里加投,崁腳,15-16
萬里區,崁腳,,1505,萬里區,頂萬里加投,崁腳,15-14
萬里區,崁腳,,1506,萬里區,頂萬里加投,崁腳,1-2
萬里區,崁腳,,1507,萬里區,頂萬里加投,崁腳,1-3
萬里區,崁腳,,1508,萬里區,頂萬里加投,崁腳,1-4
萬里區,崁腳,,1509,萬里區,頂萬里加投,崁腳,197-1
萬里區,崁腳,,151,萬里區,中萬里加投,瑪鍊港內,7-1
萬里區,崁腳,,1510,萬里區,頂萬里加投,崁腳,197-13
萬里區,崁腳,,1511,萬里區,頂萬里加投,崁腳,197-12
萬里區,崁腳,,1512,萬里區,頂萬里加投,崁腳,178
萬里區,崁腳,,1513,萬里區,頂萬里加投,崁腳,197-11
萬里區,崁腳,,1514,萬里區,頂萬里加投,崁腳,197-10
萬里區,崁腳,,1515,萬里區,頂萬里加投,崁腳,197-15
萬里區,崁腳,,1516,萬里區,頂萬里加投,崁腳,197-14
萬里區,崁腳,,1517,萬里區,頂萬里加投,崁腳,197-2
萬里區,崁腳,,1518,萬里區,頂萬里加投,崁腳,197-5
萬里區,崁腳,,1519,萬里區,頂萬里加投,崁腳,197-6
萬里區,崁腳,,152,萬里區,中萬里加投,瑪鍊港內,8-3
萬里區,崁腳,,1520,萬里區,頂萬里加投,崁腳,179
萬里區,崁腳,,1521,萬里區,頂萬里加投,崁腳,182
萬里區,崁腳,,1522,萬里區,頂萬里加投,崁腳,179-2
萬里區,崁腳,,1523,萬里區,頂萬里加投,崁腳,186
萬里區,崁腳,,1524,萬里區,頂萬里加投,崁腳,187
萬里區,崁腳,,1526,萬里區,頂萬里加投,崁腳,185
萬里區,崁腳,,1527,萬里區,頂萬里加投,崁腳,184
萬里區,崁腳,,1528,萬里區,頂萬里加投,崁腳,183
萬里區,崁腳,,1529,萬里區,頂萬里加投,崁腳,179-1
萬里區,崁腳,,153,萬里區,中萬里加投,瑪鍊港內,8-1
萬里區,崁腳,,1530,萬里區,頂萬里加投,崁腳,186-2
萬里區,崁腳,,1531,萬里區,頂萬里加投,崁腳,186-3
萬里區,崁腳,,1532,萬里區,頂萬里加投,崁腳,181
萬里區,崁腳,,1533,萬里區,頂萬里加投,崁腳,180
萬里區,崁腳,,1534,萬里區,頂萬里加投,崁腳,186-1
萬里區,崁腳,,1535,萬里區,頂萬里加投,崁腳,188-1
萬里區,崁腳,,1536,萬里區,頂萬里加投,崁腳,188
萬里區,崁腳,,1537,萬里區,頂萬里加投,崁腳,188-2
萬里區,崁腳,,1538,萬里區,頂萬里加投,崁腳,198-3
萬里區,崁腳,,154,萬里區,中萬里加投,瑪鍊港內,9
萬里區,崁腳,,1540,萬里區,頂萬里加投,崁腳,193-1
萬里區,崁腳,,1541,萬里區,頂萬里加投,崁腳,198-2
萬里區,崁腳,,1542,萬里區,頂萬里加投,崁腳,198-1
萬里區,崁腳,,1543,萬里區,頂萬里加投,崁腳,193-2
萬里區,崁腳,,1544,萬里區,頂萬里加投,崁腳,193-3
萬里區,崁腳,,1545,萬里區,頂萬里加投,崁腳,198-4
萬里區,崁腳,,1546,萬里區,頂萬里加投,崁腳,197-21
萬里區,崁腳,,1547,萬里區,頂萬里加投,崁腳,197-20
萬里區,崁腳,,1548,萬里區,頂萬里加投,崁腳,197-9
萬里區,崁腳,,1549,萬里區,頂萬里加投,崁腳,197-8
萬里區,崁腳,,155,萬里區,中萬里加投,瑪鍊港內,11-1
萬里區,崁腳,,1550,萬里區,頂萬里加投,崁腳,197-7
萬里區,崁腳,,1551,萬里區,頂萬里加投,崁腳,197-3
萬里區,崁腳,,1552,萬里區,頂萬里加投,崁腳,197-4
萬里區,崁腳,,1553,萬里區,頂萬里加投,崁腳,189-8
萬里區,崁腳,,1554,萬里區,頂萬里加投,崁腳,189-10
萬里區,崁腳,,1555,萬里區,頂萬里加投,崁腳,189-9
萬里區,崁腳,,1556,萬里區,頂萬里加投,崁腳,189-7
萬里區,崁腳,,1557,萬里區,頂萬里加投,崁腳,189-5
萬里區,崁腳,,1558,萬里區,頂萬里加投,崁腳,189-4
萬里區,崁腳,,1559,萬里區,頂萬里加投,崁腳,189-3
萬里區,崁腳,,156,萬里區,中萬里加投,瑪鍊港內,10
萬里區,崁腳,,1560,萬里區,頂萬里加投,崁腳,189-2
萬里區,崁腳,,1561,萬里區,頂萬里加投,崁腳,189-1
萬里區,崁腳,,1562,萬里區,頂萬里加投,崁腳,190-6
萬里區,崁腳,,1563,萬里區,頂萬里加投,崁腳,190-8
萬里區,崁腳,,1564,萬里區,頂萬里加投,崁腳,190-7
萬里區,崁腳,,1565,萬里區,頂萬里加投,崁腳,197
萬里區,崁腳,,1566,萬里區,頂萬里加投,崁腳,190-5
萬里區,崁腳,,1567,萬里區,頂萬里加投,崁腳,190-4
萬里區,崁腳,,1568,萬里區,頂萬里加投,崁腳,190-3
萬里區,崁腳,,1569,萬里區,頂萬里加投,崁腳,190-2
萬里區,崁腳,,157,萬里區,中萬里加投,瑪鍊港內,11
萬里區,崁腳,,1570,萬里區,頂萬里加投,崁腳,190-1
萬里區,崁腳,,1571,萬里區,頂萬里加投,崁腳,197-19
萬里區,崁腳,,1572,萬里區,頂萬里加投,崁腳,198
萬里區,崁腳,,1573,萬里區,頂萬里加投,崁腳,193-9
萬里區,崁腳,,1574,萬里區,頂萬里加投,崁腳,193-10
萬里區,崁腳,,1575,萬里區,頂萬里加投,崁腳,193-12
萬里區,崁腳,,1576,萬里區,頂萬里加投,崁腳,193-11
萬里區,崁腳,,1578,萬里區,頂萬里加投,崁腳,192
萬里區,崁腳,,1579,萬里區,頂萬里加投,崁腳,192-2
萬里區,崁腳,,158,萬里區,中萬里加投,瑪鍊港內,7-9
萬里區,崁腳,,1580,萬里區,頂萬里加投,崁腳,192-1
萬里區,崁腳,,1581,萬里區,頂萬里加投,崁腳,191-6
萬里區,崁腳,,1582,萬里區,頂萬里加投,崁腳,191-7
萬里區,崁腳,,1584,萬里區,頂萬里加投,崁腳,191-1
萬里區,崁腳,,1585,萬里區,頂萬里加投,崁腳,191
萬里區,崁腳,,1586,萬里區,頂萬里加投,崁腳,197-18
萬里區,崁腳,,1587,萬里區,頂萬里加投,崁腳,190
萬里區,崁腳,,1588,萬里區,頂萬里加投,崁腳,191-3
萬里區,崁腳,,1589,萬里區,頂萬里加投,崁腳,191-4
萬里區,崁腳,,159,萬里區,中萬里加投,瑪鍊港內,21-17
萬里區,崁腳,,1590,萬里區,頂萬里加投,崁腳,191-5
萬里區,崁腳,,1591,萬里區,頂萬里加投,崁腳,191-2
萬里區,崁腳,,1592,萬里區,頂萬里加投,崁腳,189
萬里區,崁腳,,1593,萬里區,頂萬里加投,崁腳,197-17
萬里區,崁腳,,1594,萬里區,頂萬里加投,崁腳,189-6
萬里區,崁腳,,1595,萬里區,頂萬里加投,崁腳,197-16
萬里區,崁腳,,16,萬里區,中萬里加投,瑪鍊港內,42
萬里區,崁腳,,160,萬里區,中萬里加投,瑪鍊港內,21-20
萬里區,崁腳,,161,萬里區,中萬里加投,瑪鍊港內,21-16
萬里區,崁腳,,162,萬里區,中萬里加投,瑪鍊港內,21-2
萬里區,崁腳,,163,萬里區,中萬里加投,瑪鍊港內,21-4
萬里區,崁腳,,164,萬里區,中萬里加投,瑪鍊港內,17
萬里區,崁腳,,165,萬里區,中萬里加投,瑪鍊港內,16-2
萬里區,崁腳,,166,萬里區,中萬里加投,瑪鍊港內,21-7
萬里區,崁腳,,167,萬里區,中萬里加投,瑪鍊港內,21-10
萬里區,崁腳,,168,萬里區,中萬里加投,瑪鍊港內,21-6
萬里區,崁腳,,169,萬里區,中萬里加投,瑪鍊港內,21-18
萬里區,崁腳,,17,萬里區,中萬里加投,瑪鍊港內,41
萬里區,崁腳,,170,萬里區,中萬里加投,瑪鍊港內,12-1
萬里區,崁腳,,171,萬里區,中萬里加投,瑪鍊港內,21-21
萬里區,崁腳,,172,萬里區,中萬里加投,瑪鍊港內,12-8
萬里區,崁腳,,173,萬里區,中萬里加投,瑪鍊港內,21-12
萬里區,崁腳,,174,萬里區,中萬里加投,瑪鍊港內,21-13
萬里區,崁腳,,175,萬里區,中萬里加投,瑪鍊港內,12-2
萬里區,崁腳,,176,萬里區,中萬里加投,瑪鍊港內,21
萬里區,崁腳,,177,萬里區,中萬里加投,瑪鍊港內,12
萬里區,崁腳,,178,萬里區,中萬里加投,瑪鍊港內,12-6
萬里區,崁腳,,179,萬里區,中萬里加投,瑪鍊港內,6-1
萬里區,崁腳,,180,萬里區,中萬里加投,瑪鍊港內,6-2
萬里區,崁腳,,181,萬里區,中萬里加投,瑪鍊港內,8-2
萬里區,崁腳,,182,萬里區,中萬里加投,瑪鍊港內,6-3
萬里區,崁腳,,183,萬里區,中萬里加投,瑪鍊港內,7-18
萬里區,崁腳,,184,萬里區,中萬里加投,瑪鍊港內,7-29
萬里區,崁腳,,185,萬里區,中萬里加投,瑪鍊港內,7-10
萬里區,崁腳,,186,萬里區,中萬里加投,瑪鍊港內,7-11
萬里區,崁腳,,187,萬里區,中萬里加投,瑪鍊港內,7-4
萬里區,崁腳,,188,萬里區,中萬里加投,瑪鍊港內,7-5
萬里區,崁腳,,189,萬里區,中萬里加投,瑪鍊港內,7-20
萬里區,崁腳,,19,萬里區,中萬里加投,瑪鍊港內,38
萬里區,崁腳,,191,萬里區,中萬里加投,瑪鍊港內,5-5
萬里區,崁腳,,192,萬里區,中萬里加投,瑪鍊港內,5-11
萬里區,崁腳,,194,萬里區,中萬里加投,瑪鍊港內,5-4
萬里區,崁腳,,195,萬里區,中萬里加投,瑪鍊港內,5-6
萬里區,崁腳,,196,萬里區,中萬里加投,瑪鍊港內,5-10
萬里區,崁腳,,197,萬里區,中萬里加投,瑪鍊港內,5-18
萬里區,崁腳,,198,萬里區,中萬里加投,瑪鍊港內,5-12
萬里區,崁腳,,199,萬里區,中萬里加投,瑪鍊港內,5-13
萬里區,崁腳,,2,萬里區,中萬里加投,瑪鍊港內,46-3
萬里區,崁腳,,20,萬里區,中萬里加投,瑪鍊港內,43
萬里區,崁腳,,200,萬里區,中萬里加投,瑪鍊港內,5-2
萬里區,崁腳,,201,萬里區,中萬里加投,瑪鍊港內,5-14
萬里區,崁腳,,202,萬里區,中萬里加投,瑪鍊港內,5-17
萬里區,崁腳,,203,萬里區,中萬里加投,瑪鍊港內,5-3
萬里區,崁腳,,204,萬里區,中萬里加投,瑪鍊港內,5-16
萬里區,崁腳,,205,萬里區,中萬里加投,瑪鍊港內,5-7
萬里區,崁腳,,206,萬里區,中萬里加投,瑪鍊港內,5-8
萬里區,崁腳,,207,萬里區,中萬里加投,瑪鍊港內,5-15
萬里區,崁腳,,209,萬里區,頂萬里加投,崁腳,1-7
萬里區,崁腳,,21,萬里區,中萬里加投,瑪鍊港內,40
萬里區,崁腳,,210,萬里區,頂萬里加投,崁腳,1-9
萬里區,崁腳,,211,萬里區,頂萬里加投,崁腳,1-6
萬里區,崁腳,,212,萬里區,頂萬里加投,崁腳,1-5
萬里區,崁腳,,213,萬里區,頂萬里加投,崁腳,2-3
萬里區,崁腳,,214,萬里區,頂萬里加投,崁腳,2-2
萬里區,崁腳,,216,萬里區,頂萬里加投,崁腳,1-8
萬里區,崁腳,,217,萬里區,頂萬里加投,崁腳,1
萬里區,崁腳,,218,萬里區,頂萬里加投,崁腳,2-5
萬里區,崁腳,,219,萬里區,頂萬里加投,崁腳,2-4
萬里區,崁腳,,220,萬里區,中萬里加投,大坪,62
萬里區,崁腳,,221,萬里區,中萬里加投,大坪,62-1
萬里區,崁腳,,222,萬里區,中萬里加投,大坪,63-4
萬里區,崁腳,,223,萬里區,中萬里加投,大坪,63
萬里區,崁腳,,224,萬里區,中萬里加投,大坪,62-11
萬里區,崁腳,,225,萬里區,中萬里加投,大坪,62-19
萬里區,崁腳,,226,萬里區,中萬里加投,大坪,62-18
萬里區,崁腳,,227,萬里區,中萬里加投,大坪,62-20
萬里區,崁腳,,228,萬里區,中萬里加投,大坪,62-17
萬里區,崁腳,,229,萬里區,中萬里加投,大坪,62-16
萬里區,崁腳,,23,萬里區,中萬里加投,瑪鍊港內,37
萬里區,崁腳,,230,萬里區,中萬里加投,大坪,62-15
萬里區,崁腳,,231,萬里區,中萬里加投,大坪,62-10
萬里區,崁腳,,232,萬里區,中萬里加投,大坪,62-2
萬里區,崁腳,,233,萬里區,中萬里加投,大坪,62-21
萬里區,崁腳,,234,萬里區,中萬里加投,大坪,62-22
萬里區,崁腳,,235,萬里區,中萬里加投,大坪,62-23
萬里區,崁腳,,236,萬里區,中萬里加投,大坪,62-24
萬里區,崁腳,,237,萬里區,中萬里加投,大坪,62-25
萬里區,崁腳,,238,萬里區,中萬里加投,大坪,62-33
萬里區,崁腳,,239,萬里區,中萬里加投,大坪,62-26
萬里區,崁腳,,24,萬里區,中萬里加投,瑪鍊港內,36-1
萬里區,崁腳,,240,萬里區,中萬里加投,大坪,62-27
萬里區,崁腳,,241,萬里區,中萬里加投,大坪,62-28
萬里區,崁腳,,242,萬里區,中萬里加投,大坪,62-29
萬里區,崁腳,,243,萬里區,中萬里加投,大坪,62-102
萬里區,崁腳,,244,萬里區,中萬里加投,大坪,62-101
萬里區,崁腳,,245,萬里區,中萬里加投,大坪,62-30
萬里區,崁腳,,246,萬里區,中萬里加投,大坪,62-100
萬里區,崁腳,,247,萬里區,中萬里加投,大坪,62-98
萬里區,崁腳,,248,萬里區,中萬里加投,大坪,62-13
萬里區,崁腳,,249,萬里區,中萬里加投,大坪,62-99
萬里區,崁腳,,25,萬里區,中萬里加投,瑪鍊港內,36-5
萬里區,崁腳,,250,萬里區,中萬里加投,大坪,62-35
萬里區,崁腳,,251,萬里區,中萬里加投,大坪,62-36
萬里區,崁腳,,252,萬里區,中萬里加投,大坪,62-37
萬里區,崁腳,,253,萬里區,中萬里加投,大坪,62-38
萬里區,崁腳,,254,萬里區,中萬里加投,大坪,62-39
萬里區,崁腳,,255,萬里區,中萬里加投,大坪,62-40
萬里區,崁腳,,256,萬里區,中萬里加投,大坪,62-41
萬里區,崁腳,,257,萬里區,中萬里加投,大坪,62-42
萬里區,崁腳,,258,萬里區,中萬里加投,大坪,62-49
萬里區,崁腳,,259,萬里區,中萬里加投,大坪,62-43
萬里區,崁腳,,26,萬里區,中萬里加投,瑪鍊港內,49
萬里區,崁腳,,260,萬里區,中萬里加投,大坪,62-44
萬里區,崁腳,,261,萬里區,中萬里加投,大坪,62-45
萬里區,崁腳,,262,萬里區,中萬里加投,大坪,62-97
萬里區,崁腳,,263,萬里區,中萬里加投,大坪,62-96
萬里區,崁腳,,264,萬里區,中萬里加投,大坪,62-46
萬里區,崁腳,,265,萬里區,中萬里加投,大坪,62-95
萬里區,崁腳,,266,萬里區,中萬里加投,大坪,63-36
萬里區,崁腳,,267,萬里區,中萬里加投,大坪,63-3
萬里區,崁腳,,268,萬里區,中萬里加投,大坪,63-37
萬里區,崁腳,,269,萬里區,中萬里加投,大坪,63-38
萬里區,崁腳,,27,萬里區,中萬里加投,瑪鍊港內,36-3
萬里區,崁腳,,270,萬里區,中萬里加投,大坪,63-25
萬里區,崁腳,,271,萬里區,中萬里加投,大坪,63-26
萬里區,崁腳,,272,萬里區,中萬里加投,大坪,63-27
萬里區,崁腳,,273,萬里區,中萬里加投,大坪,63-35
萬里區,崁腳,,274,萬里區,中萬里加投,大坪,63-28
萬里區,崁腳,,275,萬里區,中萬里加投,大坪,63-29
萬里區,崁腳,,276,萬里區,中萬里加投,大坪,63-30
萬里區,崁腳,,277,萬里區,中萬里加投,大坪,63-31
萬里區,崁腳,,278,萬里區,中萬里加投,大坪,63-32
萬里區,崁腳,,279,萬里區,中萬里加投,大坪,63-33
萬里區,崁腳,,280,萬里區,中萬里加投,大坪,63-34
萬里區,崁腳,,281,萬里區,中萬里加投,大坪,118
萬里區,崁腳,,282,萬里區,中萬里加投,大坪,118-67
萬里區,崁腳,,283,萬里區,中萬里加投,大坪,118-68
萬里區,崁腳,,284,萬里區,中萬里加投,大坪,118-69
萬里區,崁腳,,285,萬里區,中萬里加投,大坪,118-70
萬里區,崁腳,,286,萬里區,中萬里加投,大坪,118-71
萬里區,崁腳,,287,萬里區,中萬里加投,大坪,118-72
萬里區,崁腳,,288,萬里區,中萬里加投,大坪,118-80
萬里區,崁腳,,289,萬里區,中萬里加投,大坪,118-73
萬里區,崁腳,,29,萬里區,中萬里加投,瑪鍊港內,36-4
萬里區,崁腳,,290,萬里區,中萬里加投,大坪,118-74
萬里區,崁腳,,291,萬里區,中萬里加投,大坪,118-75
萬里區,崁腳,,292,萬里區,中萬里加投,大坪,118-76
萬里區,崁腳,,293,萬里區,中萬里加投,大坪,118-77
萬里區,崁腳,,294,萬里區,中萬里加投,大坪,118-78
萬里區,崁腳,,295,萬里區,中萬里加投,大坪,118-79
萬里區,崁腳,,296,萬里區,中萬里加投,大坪,118-7
萬里區,崁腳,,297,萬里區,中萬里加投,大坪,118-51
萬里區,崁腳,,298,萬里區,中萬里加投,大坪,118-52
萬里區,崁腳,,299,萬里區,中萬里加投,大坪,118-53
萬里區,崁腳,,3,萬里區,中萬里加投,瑪鍊港內,46-2
萬里區,崁腳,,30,萬里區,中萬里加投,瑪鍊港內,36-6
萬里區,崁腳,,300,萬里區,中萬里加投,大坪,118-54
萬里區,崁腳,,301,萬里區,中萬里加投,大坪,118-55
萬里區,崁腳,,302,萬里區,中萬里加投,大坪,118-56
萬里區,崁腳,,303,萬里區,中萬里加投,大坪,118-57
萬里區,崁腳,,304,萬里區,中萬里加投,大坪,118-58
萬里區,崁腳,,305,萬里區,中萬里加投,大坪,118-59
萬里區,崁腳,,306,萬里區,中萬里加投,大坪,118-66
萬里區,崁腳,,307,萬里區,中萬里加投,大坪,118-60
萬里區,崁腳,,308,萬里區,中萬里加投,大坪,118-61
萬里區,崁腳,,309,萬里區,中萬里加投,大坪,118-62
萬里區,崁腳,,31,萬里區,中萬里加投,瑪鍊港內,36-2
萬里區,崁腳,,310,萬里區,中萬里加投,大坪,118-63
萬里區,崁腳,,311,萬里區,中萬里加投,大坪,118-64
萬里區,崁腳,,312,萬里區,中萬里加投,大坪,118-65
萬里區,崁腳,,313,萬里區,中萬里加投,大坪,118-8
萬里區,崁腳,,314,萬里區,中萬里加投,大坪,118-15
萬里區,崁腳,,315,萬里區,中萬里加投,大坪,118-16
萬里區,崁腳,,316,萬里區,中萬里加投,大坪,118-17
萬里區,崁腳,,317,萬里區,中萬里加投,大坪,118-18
萬里區,崁腳,,318,萬里區,中萬里加投,大坪,118-19
萬里區,崁腳,,319,萬里區,中萬里加投,大坪,118-26
萬里區,崁腳,,32,萬里區,中萬里加投,瑪鍊港內,35
萬里區,崁腳,,320,萬里區,中萬里加投,大坪,118-20
萬里區,崁腳,,321,萬里區,中萬里加投,大坪,118-21
萬里區,崁腳,,322,萬里區,中萬里加投,大坪,118-22
萬里區,崁腳,,323,萬里區,中萬里加投,大坪,118-23
萬里區,崁腳,,324,萬里區,中萬里加投,大坪,118-24
萬里區,崁腳,,325,萬里區,中萬里加投,大坪,118-25
萬里區,崁腳,,326,萬里區,中萬里加投,大坪,118-9
萬里區,崁腳,,327,萬里區,中萬里加投,大坪,118-27
萬里區,崁腳,,328,萬里區,中萬里加投,大坪,118-28
萬里區,崁腳,,329,萬里區,中萬里加投,大坪,118-29
萬里區,崁腳,,33,萬里區,中萬里加投,瑪鍊港內,32
萬里區,崁腳,,330,萬里區,中萬里加投,大坪,118-30
萬里區,崁腳,,331,萬里區,中萬里加投,大坪,118-31
萬里區,崁腳,,332,萬里區,中萬里加投,大坪,118-32
萬里區,崁腳,,333,萬里區,中萬里加投,大坪,118-33
萬里區,崁腳,,334,萬里區,中萬里加投,大坪,118-34
萬里區,崁腳,,335,萬里區,中萬里加投,大坪,118-35
萬里區,崁腳,,336,萬里區,中萬里加投,大坪,118-36
萬里區,崁腳,,337,萬里區,中萬里加投,大坪,118-37
萬里區,崁腳,,338,萬里區,中萬里加投,大坪,118-38
萬里區,崁腳,,339,萬里區,中萬里加投,大坪,118-39
萬里區,崁腳,,340,萬里區,中萬里加投,大坪,118-40
萬里區,崁腳,,341,萬里區,中萬里加投,大坪,118-41
萬里區,崁腳,,342,萬里區,中萬里加投,大坪,118-48
萬里區,崁腳,,343,萬里區,中萬里加投,大坪,118-47
萬里區,崁腳,,344,萬里區,中萬里加投,大坪,118-46
萬里區,崁腳,,345,萬里區,中萬里加投,大坪,118-45
萬里區,崁腳,,346,萬里區,中萬里加投,大坪,118-44
萬里區,崁腳,,347,萬里區,中萬里加投,大坪,118-49
萬里區,崁腳,,348,萬里區,中萬里加投,大坪,118-11
萬里區,崁腳,,349,萬里區,中萬里加投,大坪,118-42
萬里區,崁腳,,350,萬里區,中萬里加投,大坪,118-43
萬里區,崁腳,,351,萬里區,中萬里加投,大坪,118-50
萬里區,崁腳,,352,萬里區,中萬里加投,大坪,63-43
萬里區,崁腳,,353,萬里區,中萬里加投,大坪,63-41
萬里區,崁腳,,354,萬里區,中萬里加投,大坪,63-20
萬里區,崁腳,,355,萬里區,中萬里加投,大坪,63-44
萬里區,崁腳,,356,萬里區,中萬里加投,大坪,63-40
萬里區,崁腳,,357,萬里區,中萬里加投,大坪,120-81
萬里區,崁腳,,358,萬里區,中萬里加投,大坪,63-19
萬里區,崁腳,,359,萬里區,中萬里加投,大坪,120-82
萬里區,崁腳,,36,萬里區,中萬里加投,瑪鍊港內,34
萬里區,崁腳,,360,萬里區,中萬里加投,大坪,62-94
萬里區,崁腳,,361,萬里區,中萬里加投,大坪,62-90
萬里區,崁腳,,362,萬里區,中萬里加投,大坪,62-89
萬里區,崁腳,,363,萬里區,中萬里加投,大坪,62-88
萬里區,崁腳,,364,萬里區,中萬里加投,大坪,62-87
萬里區,崁腳,,365,萬里區,中萬里加投,大坪,62-86
萬里區,崁腳,,366,萬里區,中萬里加投,大坪,62-85
萬里區,崁腳,,367,萬里區,中萬里加投,大坪,62-84
萬里區,崁腳,,368,萬里區,中萬里加投,大坪,62-83
萬里區,崁腳,,369,萬里區,中萬里加投,大坪,62-82
萬里區,崁腳,,37,萬里區,中萬里加投,瑪鍊港內,38-2
萬里區,崁腳,,370,萬里區,中萬里加投,大坪,62-81
萬里區,崁腳,,371,萬里區,中萬里加投,大坪,62-80
萬里區,崁腳,,372,萬里區,中萬里加投,大坪,62-93
萬里區,崁腳,,373,萬里區,中萬里加投,大坪,62-79
萬里區,崁腳,,374,萬里區,中萬里加投,大坪,62-78
萬里區,崁腳,,375,萬里區,中萬里加投,大坪,62-77
萬里區,崁腳,,376,萬里區,中萬里加投,大坪,62-76
萬里區,崁腳,,377,萬里區,中萬里加投,大坪,62-75
萬里區,崁腳,,378,萬里區,中萬里加投,大坪,62-74
萬里區,崁腳,,379,萬里區,中萬里加投,大坪,62-73
萬里區,崁腳,,38,萬里區,中萬里加投,瑪鍊港內,38-1
萬里區,崁腳,,380,萬里區,中萬里加投,大坪,62-72
萬里區,崁腳,,381,萬里區,中萬里加投,大坪,62-71
萬里區,崁腳,,382,萬里區,中萬里加投,大坪,62-70
萬里區,崁腳,,383,萬里區,中萬里加投,大坪,62-69
萬里區,崁腳,,384,萬里區,中萬里加投,大坪,62-68
萬里區,崁腳,,385,萬里區,中萬里加投,大坪,62-67
萬里區,崁腳,,386,萬里區,中萬里加投,大坪,62-66
萬里區,崁腳,,387,萬里區,中萬里加投,大坪,62-65
萬里區,崁腳,,388,萬里區,中萬里加投,大坪,62-64
萬里區,崁腳,,389,萬里區,中萬里加投,大坪,62-63
萬里區,崁腳,,390,萬里區,中萬里加投,大坪,62-62
萬里區,崁腳,,391,萬里區,中萬里加投,大坪,62-61
萬里區,崁腳,,392,萬里區,中萬里加投,大坪,62-60
萬里區,崁腳,,393,萬里區,中萬里加投,大坪,62-59
萬里區,崁腳,,394,萬里區,中萬里加投,大坪,62-92
萬里區,崁腳,,395,萬里區,中萬里加投,大坪,62-58
萬里區,崁腳,,396,萬里區,中萬里加投,大坪,62-57
萬里區,崁腳,,397,萬里區,中萬里加投,大坪,62-56
萬里區,崁腳,,398,萬里區,中萬里加投,大坪,62-55
萬里區,崁腳,,399,萬里區,中萬里加投,大坪,62-54
萬里區,崁腳,,4,萬里區,中萬里加投,瑪鍊港內,45
萬里區,崁腳,,40,萬里區,中萬里加投,瑪鍊港內,33-8
萬里區,崁腳,,400,萬里區,中萬里加投,大坪,62-53
萬里區,崁腳,,401,萬里區,中萬里加投,大坪,62-91
萬里區,崁腳,,402,萬里區,中萬里加投,大坪,62-52
萬里區,崁腳,,403,萬里區,中萬里加投,大坪,62-51
萬里區,崁腳,,404,萬里區,中萬里加投,大坪,62-50
萬里區,崁腳,,405,萬里區,中萬里加投,大坪,62-14
萬里區,崁腳,,406,萬里區,中萬里加投,大坪,66-5
萬里區,崁腳,,407,萬里區,中萬里加投,大坪,64
萬里區,崁腳,,408,萬里區,中萬里加投,大坪,66-8
萬里區,崁腳,,409,萬里區,中萬里加投,大坪,117
萬里區,崁腳,,41,萬里區,中萬里加投,瑪鍊港內,33
萬里區,崁腳,,410,萬里區,中萬里加投,大坪,122
萬里區,崁腳,,411,萬里區,中萬里加投,大坪,122-2
萬里區,崁腳,,412,萬里區,中萬里加投,大坪,120
萬里區,崁腳,,413,萬里區,中萬里加投,大坪,122-31
萬里區,崁腳,,414,萬里區,中萬里加投,大坪,118-13
萬里區,崁腳,,415,萬里區,中萬里加投,大坪,63-22
萬里區,崁腳,,416,萬里區,中萬里加投,大坪,63-21
萬里區,崁腳,,417,萬里區,中萬里加投,大坪,118-1
萬里區,崁腳,,418,萬里區,中萬里加投,大坪,119-7
萬里區,崁腳,,419,萬里區,中萬里加投,大坪,119-2
萬里區,崁腳,,42,萬里區,中萬里加投,瑪鍊港內,33-7
萬里區,崁腳,,420,萬里區,中萬里加投,大坪,119-1
萬里區,崁腳,,421,萬里區,中萬里加投,大坪,119-20
萬里區,崁腳,,422,萬里區,中萬里加投,大坪,118-14
萬里區,崁腳,,423,萬里區,中萬里加投,大坪,122-35
萬里區,崁腳,,424,萬里區,中萬里加投,大坪,120-79
萬里區,崁腳,,425,萬里區,中萬里加投,大坪,122-36
萬里區,崁腳,,426,萬里區,中萬里加投,大坪,120-21
萬里區,崁腳,,427,萬里區,中萬里加投,大坪,120-261
萬里區,崁腳,,428,萬里區,中萬里加投,大坪,120-260
萬里區,崁腳,,429,萬里區,中萬里加投,大坪,122-51
萬里區,崁腳,,43,萬里區,中萬里加投,瑪鍊港內,31
萬里區,崁腳,,430,萬里區,中萬里加投,大坪,122-52
萬里區,崁腳,,431,萬里區,中萬里加投,大坪,122-50
萬里區,崁腳,,432,萬里區,中萬里加投,大坪,122-53
萬里區,崁腳,,433,萬里區,中萬里加投,大坪,122-44
萬里區,崁腳,,434,萬里區,中萬里加投,大坪,122-45
萬里區,崁腳,,435,萬里區,中萬里加投,大坪,122-46
萬里區,崁腳,,436,萬里區,中萬里加投,大坪,121
萬里區,崁腳,,437,萬里區,中萬里加投,大坪,122-33
萬里區,崁腳,,438,萬里區,中萬里加投,大坪,122-55
萬里區,崁腳,,439,萬里區,中萬里加投,大坪,122-56
萬里區,崁腳,,44,萬里區,中萬里加投,瑪鍊港內,33-6
萬里區,崁腳,,440,萬里區,中萬里加投,大坪,122-43
萬里區,崁腳,,441,萬里區,中萬里加投,大坪,122-54
萬里區,崁腳,,442,萬里區,中萬里加投,大坪,122-42
萬里區,崁腳,,443,萬里區,中萬里加投,大坪,122-61
萬里區,崁腳,,444,萬里區,中萬里加投,大坪,122-41
萬里區,崁腳,,445,萬里區,中萬里加投,大坪,122-58
萬里區,崁腳,,446,萬里區,中萬里加投,大坪,122-60
萬里區,崁腳,,447,萬里區,中萬里加投,大坪,122-59
萬里區,崁腳,,448,萬里區,中萬里加投,大坪,122-57
萬里區,崁腳,,449,萬里區,中萬里加投,大坪,122-40
萬里區,崁腳,,45,萬里區,中萬里加投,瑪鍊港內,33-2
萬里區,崁腳,,450,萬里區,中萬里加投,大坪,177-27
萬里區,崁腳,,451,萬里區,中萬里加投,大坪,177
萬里區,崁腳,,452,萬里區,中萬里加投,大坪,177-21
萬里區,崁腳,,453,萬里區,中萬里加投,大坪,177-22
萬里區,崁腳,,454,萬里區,中萬里加投,大坪,177-23
萬里區,崁腳,,455,萬里區,中萬里加投,大坪,177-36
萬里區,崁腳,,456,萬里區,中萬里加投,大坪,177-35
萬里區,崁腳,,457,萬里區,中萬里加投,大坪,177-24
萬里區,崁腳,,458,萬里區,中萬里加投,大坪,177-37
萬里區,崁腳,,459,萬里區,中萬里加投,大坪,177-34
萬里區,崁腳,,46,萬里區,中萬里加投,瑪鍊港內,33-5
萬里區,崁腳,,460,萬里區,中萬里加投,大坪,177-33
萬里區,崁腳,,461,萬里區,中萬里加投,大坪,177-2
萬里區,崁腳,,462,萬里區,中萬里加投,大坪,177-17
萬里區,崁腳,,463,萬里區,中萬里加投,大坪,177-20
萬里區,崁腳,,464,萬里區,中萬里加投,大坪,177-18
萬里區,崁腳,,465,萬里區,中萬里加投,大坪,120-24
萬里區,崁腳,,466,萬里區,中萬里加投,大坪,120-31
萬里區,崁腳,,467,萬里區,中萬里加投,大坪,120-216
萬里區,崁腳,,468,萬里區,中萬里加投,大坪,120-218
萬里區,崁腳,,469,萬里區,中萬里加投,大坪,120-217
萬里區,崁腳,,47,萬里區,中萬里加投,瑪鍊港內,33-4
萬里區,崁腳,,470,萬里區,中萬里加投,大坪,120-102
萬里區,崁腳,,471,萬里區,中萬里加投,大坪,120-103
萬里區,崁腳,,472,萬里區,中萬里加投,大坪,120-104
萬里區,崁腳,,473,萬里區,中萬里加投,大坪,120-105
萬里區,崁腳,,474,萬里區,中萬里加投,大坪,120-77
萬里區,崁腳,,475,萬里區,中萬里加投,大坪,120-86
萬里區,崁腳,,476,萬里區,中萬里加投,大坪,120-85
萬里區,崁腳,,477,萬里區,中萬里加投,大坪,120-220
萬里區,崁腳,,478,萬里區,中萬里加投,大坪,120-219
萬里區,崁腳,,479,萬里區,中萬里加投,大坪,120-221
萬里區,崁腳,,48,萬里區,中萬里加投,瑪鍊港內,33-3
萬里區,崁腳,,480,萬里區,中萬里加投,大坪,120-34
萬里區,崁腳,,481,萬里區,中萬里加投,大坪,120-88
萬里區,崁腳,,482,萬里區,中萬里加投,大坪,120-226
萬里區,崁腳,,483,萬里區,中萬里加投,大坪,120-225
萬里區,崁腳,,484,萬里區,中萬里加投,大坪,120-90
萬里區,崁腳,,485,萬里區,中萬里加投,大坪,120-91
萬里區,崁腳,,486,萬里區,中萬里加投,大坪,120-92
萬里區,崁腳,,487,萬里區,中萬里加投,大坪,120-173
萬里區,崁腳,,488,萬里區,中萬里加投,大坪,177-10
萬里區,崁腳,,489,萬里區,中萬里加投,大坪,120-172
萬里區,崁腳,,49,萬里區,中萬里加投,瑪鍊港內,33-1
萬里區,崁腳,,490,萬里區,中萬里加投,大坪,120-98
萬里區,崁腳,,491,萬里區,中萬里加投,大坪,120-97
萬里區,崁腳,,492,萬里區,中萬里加投,大坪,120-96
萬里區,崁腳,,493,萬里區,中萬里加投,大坪,120-223
萬里區,崁腳,,494,萬里區,中萬里加投,大坪,120-224
萬里區,崁腳,,495,萬里區,中萬里加投,大坪,120-222
萬里區,崁腳,,496,萬里區,中萬里加投,大坪,120-36
萬里區,崁腳,,497,萬里區,中萬里加投,大坪,120-26
萬里區,崁腳,,498,萬里區,中萬里加投,大坪,178-84
萬里區,崁腳,,499,萬里區,中萬里加投,大坪,178
萬里區,崁腳,,5,萬里區,中萬里加投,瑪鍊港內,46-1
萬里區,崁腳,,50,萬里區,中萬里加投,瑪鍊港內,28-8
萬里區,崁腳,,500,萬里區,中萬里加投,大坪,178-85
萬里區,崁腳,,501,萬里區,中萬里加投,大坪,178-78
萬里區,崁腳,,502,萬里區,中萬里加投,大坪,178-79
萬里區,崁腳,,503,萬里區,中萬里加投,大坪,178-80
萬里區,崁腳,,504,萬里區,中萬里加投,大坪,178-81
萬里區,崁腳,,505,萬里區,中萬里加投,大坪,178-82
萬里區,崁腳,,506,萬里區,中萬里加投,大坪,178-187
萬里區,崁腳,,507,萬里區,中萬里加投,大坪,178-186
萬里區,崁腳,,508,萬里區,中萬里加投,大坪,178-77
萬里區,崁腳,,509,萬里區,中萬里加投,大坪,177-8
萬里區,崁腳,,51,萬里區,中萬里加投,瑪鍊港內,28-9
萬里區,崁腳,,510,萬里區,中萬里加投,大坪,178-12
萬里區,崁腳,,511,萬里區,中萬里加投,大坪,170
萬里區,崁腳,,512,萬里區,中萬里加投,大坪,119-21
萬里區,崁腳,,513,萬里區,中萬里加投,大坪,172-2
萬里區,崁腳,,514,萬里區,中萬里加投,大坪,172-1
萬里區,崁腳,,515,萬里區,中萬里加投,大坪,120-4
萬里區,崁腳,,516,萬里區,中萬里加投,大坪,172
萬里區,崁腳,,517,萬里區,中萬里加投,大坪,171
萬里區,崁腳,,518,萬里區,中萬里加投,大坪,173
萬里區,崁腳,,519,萬里區,中萬里加投,大坪,120-30
萬里區,崁腳,,52,萬里區,中萬里加投,瑪鍊港內,28-17
萬里區,崁腳,,520,萬里區,中萬里加投,大坪,178-95
萬里區,崁腳,,521,萬里區,中萬里加投,大坪,178-94
萬里區,崁腳,,522,萬里區,中萬里加投,大坪,178-93
萬里區,崁腳,,523,萬里區,中萬里加投,大坪,178-92
萬里區,崁腳,,524,萬里區,中萬里加投,大坪,178-91
萬里區,崁腳,,525,萬里區,中萬里加投,大坪,178-90
萬里區,崁腳,,526,萬里區,中萬里加投,大坪,178-89
萬里區,崁腳,,527,萬里區,中萬里加投,大坪,178-88
萬里區,崁腳,,528,萬里區,中萬里加投,大坪,178-87
萬里區,崁腳,,529,萬里區,中萬里加投,大坪,178-158
萬里區,崁腳,,53,萬里區,中萬里加投,瑪鍊港內,28-7
萬里區,崁腳,,530,萬里區,中萬里加投,大坪,178-159
萬里區,崁腳,,531,萬里區,中萬里加投,大坪,178-65
萬里區,崁腳,,532,萬里區,中萬里加投,大坪,178-107
萬里區,崁腳,,533,萬里區,中萬里加投,大坪,178-161
萬里區,崁腳,,534,萬里區,中萬里加投,大坪,178-160
萬里區,崁腳,,535,萬里區,中萬里加投,大坪,178-106
萬里區,崁腳,,536,萬里區,中萬里加投,大坪,178-105
萬里區,崁腳,,537,萬里區,中萬里加投,大坪,178-104
萬里區,崁腳,,538,萬里區,中萬里加投,大坪,178-103
萬里區,崁腳,,539,萬里區,中萬里加投,大坪,178-184
萬里區,崁腳,,54,萬里區,中萬里加投,瑪鍊港內,28-15
萬里區,崁腳,,540,萬里區,中萬里加投,大坪,178-183
萬里區,崁腳,,541,萬里區,中萬里加投,大坪,178-182
萬里區,崁腳,,542,萬里區,中萬里加投,大坪,178-181
萬里區,崁腳,,543,萬里區,中萬里加投,大坪,178-180
萬里區,崁腳,,544,萬里區,中萬里加投,大坪,178-179
萬里區,崁腳,,545,萬里區,中萬里加投,大坪,178-178
萬里區,崁腳,,546,萬里區,中萬里加投,大坪,178-185
萬里區,崁腳,,547,萬里區,中萬里加投,大坪,178-4
萬里區,崁腳,,548,萬里區,中萬里加投,大坪,181-36
萬里區,崁腳,,549,萬里區,中萬里加投,大坪,181-3
萬里區,崁腳,,55,萬里區,中萬里加投,瑪鍊港內,28-5
萬里區,崁腳,,550,萬里區,中萬里加投,大坪,181-31
萬里區,崁腳,,551,萬里區,中萬里加投,大坪,181-32
萬里區,崁腳,,552,萬里區,中萬里加投,大坪,181-33
萬里區,崁腳,,553,萬里區,中萬里加投,大坪,181-54
萬里區,崁腳,,554,萬里區,中萬里加投,大坪,181-55
萬里區,崁腳,,555,萬里區,中萬里加投,大坪,181-34
萬里區,崁腳,,556,萬里區,中萬里加投,大坪,181-52
萬里區,崁腳,,557,萬里區,中萬里加投,大坪,181-53
萬里區,崁腳,,558,萬里區,中萬里加投,大坪,181-24
萬里區,崁腳,,559,萬里區,中萬里加投,大坪,181-26
萬里區,崁腳,,56,萬里區,中萬里加投,瑪鍊港內,27-1
萬里區,崁腳,,560,萬里區,中萬里加投,大坪,181-27
萬里區,崁腳,,561,萬里區,中萬里加投,大坪,181-28
萬里區,崁腳,,562,萬里區,中萬里加投,大坪,181-29
萬里區,崁腳,,563,萬里區,中萬里加投,大坪,181-30
萬里區,崁腳,,564,萬里區,中萬里加投,大坪,181-2
萬里區,崁腳,,565,萬里區,中萬里加投,大坪,181-19
萬里區,崁腳,,566,萬里區,中萬里加投,大坪,181-20
萬里區,崁腳,,567,萬里區,中萬里加投,大坪,181-21
萬里區,崁腳,,568,萬里區,中萬里加投,大坪,181-50
萬里區,崁腳,,569,萬里區,中萬里加投,大坪,181-51
萬里區,崁腳,,57,萬里區,中萬里加投,瑪鍊港內,25-5
萬里區,崁腳,,570,萬里區,中萬里加投,大坪,181-22
萬里區,崁腳,,571,萬里區,中萬里加投,大坪,182
萬里區,崁腳,,572,萬里區,中萬里加投,大坪,182-69
萬里區,崁腳,,573,萬里區,中萬里加投,大坪,182-68
萬里區,崁腳,,574,萬里區,中萬里加投,大坪,182-31
萬里區,崁腳,,575,萬里區,中萬里加投,大坪,182-32
萬里區,崁腳,,576,萬里區,中萬里加投,大坪,182-33
萬里區,崁腳,,577,萬里區,中萬里加投,大坪,182-34
萬里區,崁腳,,578,萬里區,中萬里加投,大坪,182-35
萬里區,崁腳,,579,萬里區,中萬里加投,大坪,182-42
萬里區,崁腳,,58,萬里區,中萬里加投,瑪鍊港內,26-8
萬里區,崁腳,,580,萬里區,中萬里加投,大坪,182-36
萬里區,崁腳,,581,萬里區,中萬里加投,大坪,182-37
萬里區,崁腳,,582,萬里區,中萬里加投,大坪,182-38
萬里區,崁腳,,583,萬里區,中萬里加投,大坪,182-39
萬里區,崁腳,,584,萬里區,中萬里加投,大坪,182-70
萬里區,崁腳,,585,萬里區,中萬里加投,大坪,182-71
萬里區,崁腳,,586,萬里區,中萬里加投,大坪,182-40
萬里區,崁腳,,587,萬里區,中萬里加投,大坪,174-4
萬里區,崁腳,,588,萬里區,中萬里加投,大坪,174-21
萬里區,崁腳,,589,萬里區,中萬里加投,大坪,174-22
萬里區,崁腳,,59,萬里區,中萬里加投,瑪鍊港內,26-5
萬里區,崁腳,,590,萬里區,中萬里加投,大坪,174-8
萬里區,崁腳,,591,萬里區,中萬里加投,大坪,174-9
萬里區,崁腳,,592,萬里區,中萬里加投,大坪,174-10
萬里區,崁腳,,593,萬里區,中萬里加投,大坪,174-11
萬里區,崁腳,,594,萬里區,中萬里加投,大坪,174-12
萬里區,崁腳,,595,萬里區,中萬里加投,大坪,174-13
萬里區,崁腳,,596,萬里區,中萬里加投,大坪,174-14
萬里區,崁腳,,597,萬里區,中萬里加投,大坪,174-15
萬里區,崁腳,,598,萬里區,中萬里加投,大坪,174-16
萬里區,崁腳,,599,萬里區,中萬里加投,大坪,174-17
萬里區,崁腳,,6,萬里區,中萬里加投,瑪鍊港內,44
萬里區,崁腳,,60,萬里區,中萬里加投,瑪鍊港內,26-7
萬里區,崁腳,,600,萬里區,中萬里加投,大坪,174-18
萬里區,崁腳,,601,萬里區,中萬里加投,大坪,174-1
萬里區,崁腳,,602,萬里區,中萬里加投,大坪,182-28
萬里區,崁腳,,603,萬里區,中萬里加投,大坪,182-43
萬里區,崁腳,,604,萬里區,中萬里加投,大坪,182-44
萬里區,崁腳,,605,萬里區,中萬里加投,大坪,182-72
萬里區,崁腳,,606,萬里區,中萬里加投,大坪,182-73
萬里區,崁腳,,607,萬里區,中萬里加投,大坪,182-74
萬里區,崁腳,,608,萬里區,中萬里加投,大坪,182-48
萬里區,崁腳,,609,萬里區,中萬里加投,大坪,182-75
萬里區,崁腳,,61,萬里區,中萬里加投,瑪鍊港內,26-1
萬里區,崁腳,,610,萬里區,中萬里加投,大坪,182-47
萬里區,崁腳,,611,萬里區,中萬里加投,大坪,182-14
萬里區,崁腳,,612,萬里區,中萬里加投,大坪,182-13
萬里區,崁腳,,613,萬里區,中萬里加投,大坪,182-51
萬里區,崁腳,,614,萬里區,中萬里加投,大坪,182-76
萬里區,崁腳,,615,萬里區,中萬里加投,大坪,182-49
萬里區,崁腳,,616,萬里區,中萬里加投,大坪,182-77
萬里區,崁腳,,617,萬里區,中萬里加投,大坪,182-79
萬里區,崁腳,,618,萬里區,中萬里加投,大坪,182-16
萬里區,崁腳,,619,萬里區,中萬里加投,大坪,182-78
萬里區,崁腳,,62,萬里區,中萬里加投,瑪鍊港內,27
萬里區,崁腳,,620,萬里區,中萬里加投,大坪,182-55
萬里區,崁腳,,621,萬里區,中萬里加投,大坪,182-15
萬里區,崁腳,,622,萬里區,中萬里加投,大坪,182-80
萬里區,崁腳,,623,萬里區,中萬里加投,大坪,182-53
萬里區,崁腳,,624,萬里區,中萬里加投,大坪,182-81
萬里區,崁腳,,625,萬里區,中萬里加投,大坪,182-83
萬里區,崁腳,,626,萬里區,中萬里加投,大坪,182-18
萬里區,崁腳,,627,萬里區,中萬里加投,大坪,182-82
萬里區,崁腳,,628,萬里區,中萬里加投,大坪,182-59
萬里區,崁腳,,629,萬里區,中萬里加投,大坪,182-17
萬里區,崁腳,,63,萬里區,中萬里加投,瑪鍊港內,25-4
萬里區,崁腳,,630,萬里區,中萬里加投,大坪,182-57
萬里區,崁腳,,631,萬里區,中萬里加投,大坪,182-84
萬里區,崁腳,,632,萬里區,中萬里加投,大坪,182-85
萬里區,崁腳,,633,萬里區,中萬里加投,大坪,182-87
萬里區,崁腳,,634,萬里區,中萬里加投,大坪,182-86
萬里區,崁腳,,635,萬里區,中萬里加投,大坪,182-20
萬里區,崁腳,,636,萬里區,中萬里加投,大坪,182-63
萬里區,崁腳,,637,萬里區,中萬里加投,大坪,182-19
萬里區,崁腳,,638,萬里區,中萬里加投,大坪,182-62
萬里區,崁腳,,639,萬里區,中萬里加投,大坪,182-61
萬里區,崁腳,,64,萬里區,中萬里加投,瑪鍊港內,24
萬里區,崁腳,,640,萬里區,中萬里加投,大坪,182-88
萬里區,崁腳,,641,萬里區,中萬里加投,大坪,181-56
萬里區,崁腳,,642,萬里區,中萬里加投,大坪,181-37
萬里區,崁腳,,643,萬里區,中萬里加投,大坪,181-6
萬里區,崁腳,,644,萬里區,中萬里加投,大坪,181-40
萬里區,崁腳,,645,萬里區,中萬里加投,大坪,181-5
萬里區,崁腳,,646,萬里區,中萬里加投,大坪,181-39
萬里區,崁腳,,647,萬里區,中萬里加投,大坪,181-38
萬里區,崁腳,,648,萬里區,中萬里加投,大坪,181-57
萬里區,崁腳,,649,萬里區,中萬里加投,大坪,181-59
萬里區,崁腳,,65,萬里區,中萬里加投,瑪鍊港內,23
萬里區,崁腳,,650,萬里區,中萬里加投,大坪,181-41
萬里區,崁腳,,651,萬里區,中萬里加投,大坪,181-58
萬里區,崁腳,,652,萬里區,中萬里加投,大坪,181-7
萬里區,崁腳,,653,萬里區,中萬里加投,大坪,181-43
萬里區,崁腳,,654,萬里區,中萬里加投,大坪,178-176
萬里區,崁腳,,655,萬里區,中萬里加投,大坪,178-177
萬里區,崁腳,,656,萬里區,中萬里加投,大坪,178-150
萬里區,崁腳,,657,萬里區,中萬里加投,大坪,178-149
萬里區,崁腳,,658,萬里區,中萬里加投,大坪,178-148
萬里區,崁腳,,659,萬里區,中萬里加投,大坪,178-147
萬里區,崁腳,,660,萬里區,中萬里加投,大坪,178-146
萬里區,崁腳,,661,萬里區,中萬里加投,大坪,178-145
萬里區,崁腳,,662,萬里區,中萬里加投,大坪,178-53
萬里區,崁腳,,663,萬里區,中萬里加投,大坪,178-152
萬里區,崁腳,,664,萬里區,中萬里加投,大坪,180-49
萬里區,崁腳,,665,萬里區,中萬里加投,大坪,180-17
萬里區,崁腳,,666,萬里區,中萬里加投,大坪,180-39
萬里區,崁腳,,667,萬里區,中萬里加投,大坪,180-40
萬里區,崁腳,,668,萬里區,中萬里加投,大坪,180-41
萬里區,崁腳,,669,萬里區,中萬里加投,大坪,180-50
萬里區,崁腳,,67,萬里區,中萬里加投,瑪鍊港內,28-3
萬里區,崁腳,,670,萬里區,中萬里加投,大坪,180-42
萬里區,崁腳,,671,萬里區,中萬里加投,大坪,180-43
萬里區,崁腳,,672,萬里區,中萬里加投,大坪,180-44
萬里區,崁腳,,673,萬里區,中萬里加投,大坪,180-45
萬里區,崁腳,,674,萬里區,中萬里加投,大坪,180-46
萬里區,崁腳,,675,萬里區,中萬里加投,大坪,180-47
萬里區,崁腳,,676,萬里區,中萬里加投,大坪,180-65
萬里區,崁腳,,677,萬里區,中萬里加投,大坪,180-64
萬里區,崁腳,,678,萬里區,中萬里加投,大坪,180-20
萬里區,崁腳,,679,萬里區,中萬里加投,大坪,180-66
萬里區,崁腳,,68,萬里區,中萬里加投,瑪鍊港內,28-12
萬里區,崁腳,,680,萬里區,中萬里加投,大坪,180-67
萬里區,崁腳,,681,萬里區,中萬里加投,大坪,180-51
萬里區,崁腳,,682,萬里區,中萬里加投,大坪,180-16
萬里區,崁腳,,683,萬里區,中萬里加投,大坪,180-53
萬里區,崁腳,,684,萬里區,中萬里加投,大坪,180-57
萬里區,崁腳,,685,萬里區,中萬里加投,大坪,180-19
萬里區,崁腳,,686,萬里區,中萬里加投,大坪,180-54
萬里區,崁腳,,687,萬里區,中萬里加投,大坪,180-68
萬里區,崁腳,,688,萬里區,中萬里加投,大坪,180-69
萬里區,崁腳,,689,萬里區,中萬里加投,大坪,180-70
萬里區,崁腳,,69,萬里區,中萬里加投,瑪鍊港內,28-21
萬里區,崁腳,,690,萬里區,中萬里加投,大坪,180-55
萬里區,崁腳,,691,萬里區,中萬里加投,大坪,180-6
萬里區,崁腳,,692,萬里區,中萬里加投,大坪,180-38
萬里區,崁腳,,693,萬里區,中萬里加投,大坪,180-4
萬里區,崁腳,,694,萬里區,中萬里加投,大坪,120-80
萬里區,崁腳,,695,萬里區,中萬里加投,大坪,180-63
萬里區,崁腳,,696,萬里區,中萬里加投,大坪,180-62
萬里區,崁腳,,697,萬里區,中萬里加投,大坪,120-205
萬里區,崁腳,,698,萬里區,中萬里加投,大坪,120-8
萬里區,崁腳,,699,萬里區,中萬里加投,大坪,120-191
萬里區,崁腳,,7,萬里區,中萬里加投,瑪鍊港內,46
萬里區,崁腳,,70,萬里區,中萬里加投,瑪鍊港內,28-18
萬里區,崁腳,,700,萬里區,中萬里加投,大坪,120-192
萬里區,崁腳,,701,萬里區,中萬里加投,大坪,120-193
萬里區,崁腳,,702,萬里區,中萬里加投,大坪,120-206
萬里區,崁腳,,703,萬里區,中萬里加投,大坪,120-7
萬里區,崁腳,,704,萬里區,中萬里加投,大坪,120-194
萬里區,崁腳,,705,萬里區,中萬里加投,大坪,120-195
萬里區,崁腳,,706,萬里區,中萬里加投,大坪,120-196
萬里區,崁腳,,707,萬里區,中萬里加投,大坪,120-197
萬里區,崁腳,,708,萬里區,中萬里加投,大坪,120-198
萬里區,崁腳,,709,萬里區,中萬里加投,大坪,120-199
萬里區,崁腳,,71,萬里區,中萬里加投,瑪鍊港內,28-1
萬里區,崁腳,,710,萬里區,中萬里加投,大坪,120-200
萬里區,崁腳,,711,萬里區,中萬里加投,大坪,120-201
萬里區,崁腳,,712,萬里區,中萬里加投,大坪,120-202
萬里區,崁腳,,713,萬里區,中萬里加投,大坪,120-203
萬里區,崁腳,,714,萬里區,中萬里加投,大坪,120-235
萬里區,崁腳,,715,萬里區,中萬里加投,大坪,120-236
萬里區,崁腳,,716,萬里區,中萬里加投,大坪,180-8
萬里區,崁腳,,717,萬里區,中萬里加投,大坪,180-60
萬里區,崁腳,,718,萬里區,中萬里加投,大坪,180-61
萬里區,崁腳,,719,萬里區,中萬里加投,大坪,180-30
萬里區,崁腳,,72,萬里區,中萬里加投,瑪鍊港內,28-10
萬里區,崁腳,,720,萬里區,中萬里加投,大坪,180-32
萬里區,崁腳,,721,萬里區,中萬里加投,大坪,180-33
萬里區,崁腳,,722,萬里區,中萬里加投,大坪,180-34
萬里區,崁腳,,723,萬里區,中萬里加投,大坪,180-35
萬里區,崁腳,,724,萬里區,中萬里加投,大坪,180-36
萬里區,崁腳,,725,萬里區,中萬里加投,大坪,180
萬里區,崁腳,,726,萬里區,中萬里加投,大坪,180-26
萬里區,崁腳,,727,萬里區,中萬里加投,大坪,180-27
萬里區,崁腳,,728,萬里區,中萬里加投,大坪,180-28
萬里區,崁腳,,729,萬里區,中萬里加投,大坪,180-59
萬里區,崁腳,,73,萬里區,中萬里加投,瑪鍊港內,30-2
萬里區,崁腳,,730,萬里區,中萬里加投,大坪,180-58
萬里區,崁腳,,731,萬里區,中萬里加投,大坪,180-7
萬里區,崁腳,,732,萬里區,中萬里加投,大坪,120-231
萬里區,崁腳,,733,萬里區,中萬里加投,大坪,120-232
萬里區,崁腳,,734,萬里區,中萬里加投,大坪,120-181
萬里區,崁腳,,735,萬里區,中萬里加投,大坪,120-183
萬里區,崁腳,,736,萬里區,中萬里加投,大坪,120-184
萬里區,崁腳,,737,萬里區,中萬里加投,大坪,120-185
萬里區,崁腳,,738,萬里區,中萬里加投,大坪,120-186
萬里區,崁腳,,739,萬里區,中萬里加投,大坪,120-187
萬里區,崁腳,,74,萬里區,中萬里加投,瑪鍊港內,30-1
萬里區,崁腳,,740,萬里區,中萬里加投,大坪,120-188
萬里區,崁腳,,741,萬里區,中萬里加投,大坪,120-189
萬里區,崁腳,,742,萬里區,中萬里加投,大坪,120-190
萬里區,崁腳,,743,萬里區,中萬里加投,大坪,120-12
萬里區,崁腳,,744,萬里區,中萬里加投,大坪,120-174
萬里區,崁腳,,745,萬里區,中萬里加投,大坪,120-175
萬里區,崁腳,,746,萬里區,中萬里加投,大坪,120-176
萬里區,崁腳,,747,萬里區,中萬里加投,大坪,120-177
萬里區,崁腳,,748,萬里區,中萬里加投,大坪,120-178
萬里區,崁腳,,749,萬里區,中萬里加投,大坪,120-179
萬里區,崁腳,,75,萬里區,中萬里加投,瑪鍊港內,30-7
萬里區,崁腳,,750,萬里區,中萬里加投,大坪,120-229
萬里區,崁腳,,751,萬里區,中萬里加投,大坪,120-230
萬里區,崁腳,,752,萬里區,中萬里加投,大坪,178-57
萬里區,崁腳,,753,萬里區,中萬里加投,大坪,120-165
萬里區,崁腳,,754,萬里區,中萬里加投,大坪,120-259
萬里區,崁腳,,755,萬里區,中萬里加投,大坪,120-258
萬里區,崁腳,,756,萬里區,中萬里加投,大坪,120-167
萬里區,崁腳,,757,萬里區,中萬里加投,大坪,120-168
萬里區,崁腳,,758,萬里區,中萬里加投,大坪,120-169
萬里區,崁腳,,759,萬里區,中萬里加投,大坪,120-170
萬里區,崁腳,,76,萬里區,中萬里加投,瑪鍊港內,28-20
萬里區,崁腳,,760,萬里區,中萬里加投,大坪,120-171
萬里區,崁腳,,761,萬里區,中萬里加投,大坪,120-14
萬里區,崁腳,,762,萬里區,中萬里加投,大坪,120-160
萬里區,崁腳,,763,萬里區,中萬里加投,大坪,120-161
萬里區,崁腳,,764,萬里區,中萬里加投,大坪,120-162
萬里區,崁腳,,765,萬里區,中萬里加投,大坪,120-163
萬里區,崁腳,,766,萬里區,中萬里加投,大坪,120-256
萬里區,崁腳,,767,萬里區,中萬里加投,大坪,120-257
萬里區,崁腳,,768,萬里區,中萬里加投,大坪,120-154
萬里區,崁腳,,769,萬里區,中萬里加投,大坪,120-255
萬里區,崁腳,,77,萬里區,中萬里加投,瑪鍊港內,28-13
萬里區,崁腳,,770,萬里區,中萬里加投,大坪,120-254
萬里區,崁腳,,771,萬里區,中萬里加投,大坪,120-156
萬里區,崁腳,,772,萬里區,中萬里加投,大坪,120-157
萬里區,崁腳,,773,萬里區,中萬里加投,大坪,120-158
萬里區,崁腳,,774,萬里區,中萬里加投,大坪,120-159
萬里區,崁腳,,775,萬里區,中萬里加投,大坪,120-16
萬里區,崁腳,,776,萬里區,中萬里加投,大坪,120-150
萬里區,崁腳,,777,萬里區,中萬里加投,大坪,120-151
萬里區,崁腳,,778,萬里區,中萬里加投,大坪,120-152
萬里區,崁腳,,779,萬里區,中萬里加投,大坪,120-252
萬里區,崁腳,,78,萬里區,中萬里加投,瑪鍊港內,28-4
萬里區,崁腳,,780,萬里區,中萬里加投,大坪,120-253
萬里區,崁腳,,781,萬里區,中萬里加投,大坪,178-31
萬里區,崁腳,,782,萬里區,中萬里加投,大坪,178-165
萬里區,崁腳,,783,萬里區,中萬里加投,大坪,178-164
萬里區,崁腳,,784,萬里區,中萬里加投,大坪,178-134
萬里區,崁腳,,785,萬里區,中萬里加投,大坪,178-135
萬里區,崁腳,,786,萬里區,中萬里加投,大坪,178-136
萬里區,崁腳,,787,萬里區,中萬里加投,大坪,178-137
萬里區,崁腳,,788,萬里區,中萬里加投,大坪,178-144
萬里區,崁腳,,789,萬里區,中萬里加投,大坪,178-138
萬里區,崁腳,,79,萬里區,中萬里加投,瑪鍊港內,20
萬里區,崁腳,,790,萬里區,中萬里加投,大坪,178-139
萬里區,崁腳,,791,萬里區,中萬里加投,大坪,178-140
萬里區,崁腳,,792,萬里區,中萬里加投,大坪,178-141
萬里區,崁腳,,793,萬里區,中萬里加投,大坪,178-142
萬里區,崁腳,,794,萬里區,中萬里加投,大坪,178-174
萬里區,崁腳,,795,萬里區,中萬里加投,大坪,178-175
萬里區,崁腳,,796,萬里區,中萬里加投,大坪,179-17
萬里區,崁腳,,797,萬里區,中萬里加投,大坪,179
萬里區,崁腳,,798,萬里區,中萬里加投,大坪,179-16
萬里區,崁腳,,799,萬里區,中萬里加投,大坪,179-5
萬里區,崁腳,,80,萬里區,中萬里加投,瑪鍊港內,28-11
萬里區,崁腳,,800,萬里區,中萬里加投,大坪,179-6
萬里區,崁腳,,801,萬里區,中萬里加投,大坪,179-7
萬里區,崁腳,,802,萬里區,中萬里加投,大坪,179-8
萬里區,崁腳,,803,萬里區,中萬里加投,大坪,179-9
萬里區,崁腳,,804,萬里區,中萬里加投,大坪,179-10
萬里區,崁腳,,805,萬里區,中萬里加投,大坪,179-15
萬里區,崁腳,,806,萬里區,中萬里加投,大坪,179-11
萬里區,崁腳,,807,萬里區,中萬里加投,大坪,178-45
萬里區,崁腳,,808,萬里區,中萬里加投,大坪,179-18
萬里區,崁腳,,809,萬里區,中萬里加投,大坪,179-12
萬里區,崁腳,,81,萬里區,中萬里加投,瑪鍊港內,28-6
萬里區,崁腳,,810,萬里區,中萬里加投,大坪,179-13
萬里區,崁腳,,811,萬里區,中萬里加投,大坪,179-19
萬里區,崁腳,,812,萬里區,中萬里加投,大坪,179-14
萬里區,崁腳,,813,萬里區,中萬里加投,大坪,180-15
萬里區,崁腳,,814,萬里區,中萬里加投,大坪,178-49
萬里區,崁腳,,815,萬里區,中萬里加投,大坪,178-132
萬里區,崁腳,,816,萬里區,中萬里加投,大坪,178-126
萬里區,崁腳,,817,萬里區,中萬里加投,大坪,178-127
萬里區,崁腳,,818,萬里區,中萬里加投,大坪,178-128
萬里區,崁腳,,819,萬里區,中萬里加投,大坪,178-129
萬里區,崁腳,,82,萬里區,中萬里加投,瑪鍊港內,28-2
萬里區,崁腳,,820,萬里區,中萬里加投,大坪,178-130
萬里區,崁腳,,821,萬里區,中萬里加投,大坪,178-173
萬里區,崁腳,,822,萬里區,中萬里加投,大坪,178-172
萬里區,崁腳,,823,萬里區,中萬里加投,大坪,178-171
萬里區,崁腳,,824,萬里區,中萬里加投,大坪,178-120
萬里區,崁腳,,825,萬里區,中萬里加投,大坪,178-170
萬里區,崁腳,,826,萬里區,中萬里加投,大坪,178-122
萬里區,崁腳,,827,萬里區,中萬里加投,大坪,178-123
萬里區,崁腳,,828,萬里區,中萬里加投,大坪,178-124
萬里區,崁腳,,829,萬里區,中萬里加投,大坪,178-125
萬里區,崁腳,,830,萬里區,中萬里加投,大坪,178-30
萬里區,崁腳,,831,萬里區,中萬里加投,大坪,178-118
萬里區,崁腳,,832,萬里區,中萬里加投,大坪,178-168
萬里區,崁腳,,833,萬里區,中萬里加投,大坪,178-169
萬里區,崁腳,,834,萬里區,中萬里加投,大坪,178-167
萬里區,崁腳,,835,萬里區,中萬里加投,大坪,178-115
萬里區,崁腳,,836,萬里區,中萬里加投,大坪,178-166
萬里區,崁腳,,837,萬里區,中萬里加投,大坪,178-117
萬里區,崁腳,,838,萬里區,中萬里加投,大坪,178-114
萬里區,崁腳,,839,萬里區,中萬里加投,大坪,178-113
萬里區,崁腳,,840,萬里區,中萬里加投,大坪,178-112
萬里區,崁腳,,841,萬里區,中萬里加投,大坪,178-111
萬里區,崁腳,,842,萬里區,中萬里加投,大坪,178-162
萬里區,崁腳,,843,萬里區,中萬里加投,大坪,178-163
萬里區,崁腳,,844,萬里區,中萬里加投,大坪,178-22
萬里區,崁腳,,845,萬里區,中萬里加投,大坪,120-250
萬里區,崁腳,,846,萬里區,中萬里加投,大坪,120-251
萬里區,崁腳,,847,萬里區,中萬里加投,大坪,120-147
萬里區,崁腳,,848,萬里區,中萬里加投,大坪,120-146
萬里區,崁腳,,849,萬里區,中萬里加投,大坪,120-145
萬里區,崁腳,,85,萬里區,中萬里加投,瑪鍊港內,30-6
萬里區,崁腳,,850,萬里區,中萬里加投,大坪,120-144
萬里區,崁腳,,851,萬里區,中萬里加投,大坪,120-149
萬里區,崁腳,,852,萬里區,中萬里加投,大坪,120-143
萬里區,崁腳,,853,萬里區,中萬里加投,大坪,120-142
萬里區,崁腳,,854,萬里區,中萬里加投,大坪,120-248
萬里區,崁腳,,855,萬里區,中萬里加投,大坪,120-249
萬里區,崁腳,,856,萬里區,中萬里加投,大坪,120-18
萬里區,崁腳,,857,萬里區,中萬里加投,大坪,120-228
萬里區,崁腳,,858,萬里區,中萬里加投,大坪,120-56
萬里區,崁腳,,859,萬里區,中萬里加投,大坪,120-227
萬里區,崁腳,,860,萬里區,中萬里加投,大坪,120-129
萬里區,崁腳,,861,萬里區,中萬里加投,大坪,120-130
萬里區,崁腳,,862,萬里區,中萬里加投,大坪,120-135
萬里區,崁腳,,863,萬里區,中萬里加投,大坪,120-131
萬里區,崁腳,,864,萬里區,中萬里加投,大坪,120-132
萬里區,崁腳,,865,萬里區,中萬里加投,大坪,120-133
萬里區,崁腳,,866,萬里區,中萬里加投,大坪,120-240
萬里區,崁腳,,867,萬里區,中萬里加投,大坪,120-239
萬里區,崁腳,,868,萬里區,中萬里加投,大坪,120-245
萬里區,崁腳,,869,萬里區,中萬里加投,大坪,120-246
萬里區,崁腳,,87,萬里區,中萬里加投,瑪鍊港內,30-5
萬里區,崁腳,,870,萬里區,中萬里加投,大坪,120-57
萬里區,崁腳,,871,萬里區,中萬里加投,大坪,120-107
萬里區,崁腳,,872,萬里區,中萬里加投,大坪,120-108
萬里區,崁腳,,873,萬里區,中萬里加投,大坪,120-113
萬里區,崁腳,,874,萬里區,中萬里加投,大坪,120-109
萬里區,崁腳,,875,萬里區,中萬里加投,大坪,120-110
萬里區,崁腳,,876,萬里區,中萬里加投,大坪,120-111
萬里區,崁腳,,877,萬里區,中萬里加投,大坪,120-244
萬里區,崁腳,,878,萬里區,中萬里加投,大坪,120-243
萬里區,崁腳,,879,萬里區,中萬里加投,大坪,120-241
萬里區,崁腳,,88,萬里區,中萬里加投,瑪鍊港內,30-9
萬里區,崁腳,,880,萬里區,中萬里加投,大坪,120-242
萬里區,崁腳,,881,萬里區,中萬里加投,大坪,120-43
萬里區,崁腳,,882,萬里區,中萬里加投,大坪,120-115
萬里區,崁腳,,883,萬里區,中萬里加投,大坪,120-116
萬里區,崁腳,,884,萬里區,中萬里加投,大坪,120-121
萬里區,崁腳,,885,萬里區,中萬里加投,大坪,120-117
萬里區,崁腳,,886,萬里區,中萬里加投,大坪,120-118
萬里區,崁腳,,887,萬里區,中萬里加投,大坪,120-119
萬里區,崁腳,,888,萬里區,中萬里加投,大坪,120-238
萬里區,崁腳,,889,萬里區,中萬里加投,大坪,120-237
萬里區,崁腳,,89,萬里區,中萬里加投,瑪鍊港內,30-8
萬里區,崁腳,,890,萬里區,中萬里加投,大坪,120-233
萬里區,崁腳,,891,萬里區,中萬里加投,大坪,120-234
萬里區,崁腳,,892,萬里區,中萬里加投,大坪,120-44
萬里區,崁腳,,893,萬里區,中萬里加投,大坪,120-123
萬里區,崁腳,,894,萬里區,中萬里加投,大坪,120-124
萬里區,崁腳,,895,萬里區,中萬里加投,大坪,120-125
萬里區,崁腳,,896,萬里區,中萬里加投,大坪,120-126
萬里區,崁腳,,897,萬里區,中萬里加投,大坪,120-127
萬里區,崁腳,,898,萬里區,中萬里加投,大坪,120-19
萬里區,崁腳,,899,萬里區,中萬里加投,大坪,119-28
萬里區,崁腳,,9,萬里區,中萬里加投,瑪鍊港內,53
萬里區,崁腳,,90,萬里區,中萬里加投,瑪鍊港內,30-4
萬里區,崁腳,,900,萬里區,中萬里加投,大坪,119-33
萬里區,崁腳,,901,萬里區,中萬里加投,大坪,119-32
萬里區,崁腳,,902,萬里區,中萬里加投,大坪,119-31
萬里區,崁腳,,903,萬里區,中萬里加投,大坪,119-34
萬里區,崁腳,,904,萬里區,中萬里加投,大坪,119-18
萬里區,崁腳,,905,萬里區,中萬里加投,大坪,119-19
萬里區,崁腳,,906,萬里區,中萬里加投,大坪,119-30
萬里區,崁腳,,907,萬里區,中萬里加投,大坪,119-22
萬里區,崁腳,,908,萬里區,中萬里加投,大坪,119-24
萬里區,崁腳,,909,萬里區,中萬里加投,大坪,119-23
萬里區,崁腳,,91,萬里區,中萬里加投,瑪鍊港內,30-3
萬里區,崁腳,,910,萬里區,中萬里加投,大坪,119-29
萬里區,崁腳,,911,萬里區,中萬里加投,大坪,120-247
萬里區,崁腳,,912,萬里區,中萬里加投,大坪,120-48
萬里區,崁腳,,913,萬里區,中萬里加投,大坪,120-140
萬里區,崁腳,,914,萬里區,中萬里加投,大坪,120-139
萬里區,崁腳,,915,萬里區,中萬里加投,大坪,120-138
萬里區,崁腳,,916,萬里區,中萬里加投,大坪,120-47
萬里區,崁腳,,917,萬里區,中萬里加投,大坪,120-136
萬里區,崁腳,,918,萬里區,中萬里加投,大坪,120-137
萬里區,崁腳,,919,萬里區,中萬里加投,大坪,120-5
萬里區,崁腳,,92,萬里區,中萬里加投,瑪鍊港內,29-1
萬里區,崁腳,,920,萬里區,中萬里加投,大坪,119
萬里區,崁腳,,921,萬里區,中萬里加投,大坪,119-6
萬里區,崁腳,,922,萬里區,頂萬里加投,崁腳,3
萬里區,崁腳,,923,萬里區,頂萬里加投,崁腳,4
萬里區,崁腳,,924,萬里區,頂萬里加投,崁腳,4-2
萬里區,崁腳,,925,萬里區,頂萬里加投,崁腳,4-1
萬里區,崁腳,,927,萬里區,頂萬里加投,崁腳,5
萬里區,崁腳,,928,萬里區,頂萬里加投,崁腳,5-4
萬里區,崁腳,,929,萬里區,頂萬里加投,崁腳,5-1
萬里區,崁腳,,93,萬里區,中萬里加投,瑪鍊港內,29-5
萬里區,崁腳,,930,萬里區,頂萬里加投,崁腳,5-2
萬里區,崁腳,,931,萬里區,頂萬里加投,崁腳,5-3
萬里區,崁腳,,932,萬里區,頂萬里加投,崁腳,59-1
萬里區,崁腳,,933,萬里區,頂萬里加投,崁腳,59
萬里區,崁腳,,934,萬里區,頂萬里加投,崁腳,61-1
萬里區,崁腳,,935,萬里區,頂萬里加投,崁腳,60
萬里區,崁腳,,936,萬里區,頂萬里加投,崁腳,62
萬里區,崁腳,,937,萬里區,頂萬里加投,崁腳,63
萬里區,崁腳,,938,萬里區,頂萬里加投,崁腳,63-1
萬里區,崁腳,,939,萬里區,頂萬里加投,崁腳,61
萬里區,崁腳,,94,萬里區,中萬里加投,瑪鍊港內,29-6
萬里區,崁腳,,940,萬里區,頂萬里加投,崁腳,61-2
萬里區,崁腳,,941,萬里區,頂萬里加投,崁腳,63-2
萬里區,崁腳,,942,萬里區,頂萬里加投,崁腳,63-3
萬里區,崁腳,,943,萬里區,頂萬里加投,崁腳,63-4
萬里區,崁腳,,944,萬里區,頂萬里加投,崁腳,63-5
萬里區,崁腳,,945,萬里區,頂萬里加投,崁腳,63-6
萬里區,崁腳,,946,萬里區,頂萬里加投,崁腳,63-7
萬里區,崁腳,,947,萬里區,頂萬里加投,崁腳,68-1
萬里區,崁腳,,948,萬里區,頂萬里加投,崁腳,68-2
萬里區,崁腳,,949,萬里區,頂萬里加投,崁腳,68-3
萬里區,崁腳,,95,萬里區,中萬里加投,瑪鍊港內,29-2
萬里區,崁腳,,950,萬里區,頂萬里加投,崁腳,68-4
萬里區,崁腳,,951,萬里區,頂萬里加投,崁腳,68-5
萬里區,崁腳,,952,萬里區,頂萬里加投,崁腳,68-6
萬里區,崁腳,,953,萬里區,頂萬里加投,崁腳,68-7
萬里區,崁腳,,954,萬里區,頂萬里加投,崁腳,68-8
萬里區,崁腳,,955,萬里區,頂萬里加投,崁腳,69
萬里區,崁腳,,956,萬里區,頂萬里加投,崁腳,68-9
萬里區,崁腳,,957,萬里區,頂萬里加投,崁腳,68-10
萬里區,崁腳,,958,萬里區,頂萬里加投,崁腳,68-11
萬里區,崁腳,,959,萬里區,頂萬里加投,崁腳,68
萬里區,崁腳,,96,萬里區,中萬里加投,瑪鍊港內,29-7
萬里區,崁腳,,960,萬里區,頂萬里加投,崁腳,71-2
萬里區,崁腳,,961,萬里區,頂萬里加投,崁腳,75
萬里區,崁腳,,962,萬里區,頂萬里加投,崁腳,75-1
萬里區,崁腳,,963,萬里區,頂萬里加投,崁腳,76
萬里區,崁腳,,964,萬里區,頂萬里加投,崁腳,76-4
萬里區,崁腳,,965,萬里區,頂萬里加投,崁腳,76-1
萬里區,崁腳,,966,萬里區,頂萬里加投,崁腳,76-3
萬里區,崁腳,,967,萬里區,頂萬里加投,崁腳,76-2
萬里區,崁腳,,968,萬里區,頂萬里加投,崁腳,77
萬里區,崁腳,,969,萬里區,頂萬里加投,崁腳,77-1
萬里區,崁腳,,97,萬里區,中萬里加投,瑪鍊港內,29
萬里區,崁腳,,970,萬里區,頂萬里加投,崁腳,79
萬里區,崁腳,,971,萬里區,頂萬里加投,崁腳,79-1
萬里區,崁腳,,972,萬里區,頂萬里加投,崁腳,79-2
萬里區,崁腳,,973,萬里區,頂萬里加投,崁腳,78
萬里區,崁腳,,974,萬里區,頂萬里加投,崁腳,78-1
萬里區,崁腳,,975,萬里區,頂萬里加投,崁腳,78-13
萬里區,崁腳,,976,萬里區,頂萬里加投,崁腳,78-2
萬里區,崁腳,,977,萬里區,頂萬里加投,崁腳,78-3
萬里區,崁腳,,978,萬里區,頂萬里加投,崁腳,78-4
萬里區,崁腳,,979,萬里區,頂萬里加投,崁腳,78-5
萬里區,崁腳,,98,萬里區,中萬里加投,瑪鍊港內,18-1
萬里區,崁腳,,980,萬里區,頂萬里加投,崁腳,78-6
萬里區,崁腳,,981,萬里區,頂萬里加投,崁腳,78-11
萬里區,崁腳,,982,萬里區,頂萬里加投,崁腳,78-7
萬里區,崁腳,,983,萬里區,頂萬里加投,崁腳,78-8
萬里區,崁腳,,984,萬里區,頂萬里加投,崁腳,78-10
萬里區,崁腳,,985,萬里區,頂萬里加投,崁腳,78-9
萬里區,崁腳,,986,萬里區,頂萬里加投,崁腳,78-12
萬里區,崁腳,,987,萬里區,頂萬里加投,崁腳,84-1
萬里區,崁腳,,988,萬里區,頂萬里加投,崁腳,84-3
萬里區,崁腳,,989,萬里區,頂萬里加投,崁腳,84
萬里區,崁腳,,99,萬里區,中萬里加投,瑪鍊港內,29-3
萬里區,崁腳,,990,萬里區,頂萬里加投,崁腳,84-2
萬里區,崁腳,,991,萬里區,頂萬里加投,崁腳,85-1
萬里區,崁腳,,992,萬里區,頂萬里加投,崁腳,85-2
萬里區,崁腳,,993,萬里區,頂萬里加投,崁腳,85-3
萬里區,崁腳,,994,萬里區,頂萬里加投,崁腳,85-4
萬里區,崁腳,,995,萬里區,頂萬里加投,崁腳,85-5
萬里區,崁腳,,996,萬里區,頂萬里加投,崁腳,85-6
萬里區,崁腳,,997,萬里區,頂萬里加投,崁腳,85-7
萬里區,崁腳,,998,萬里區,頂萬里加投,崁腳,85-8
萬里區,崁腳,,999,萬里區,頂萬里加投,崁腳,85-9
萬里區,海洋,,1,萬里區,中萬里加投,野柳,2-18
萬里區,海洋,,10,萬里區,中萬里加投,野柳,2-6
萬里區,海洋,,100,萬里區,中萬里加投,野柳,25-1
萬里區,海洋,,1000,萬里區,中萬里加投,野柳,98-117
萬里區,海洋,,1001,萬里區,中萬里加投,野柳,98
萬里區,海洋,,1002,萬里區,中萬里加投,野柳,98-14
萬里區,海洋,,1003,萬里區,中萬里加投,野柳,98-124
萬里區,海洋,,1004,萬里區,中萬里加投,野柳,98-128
萬里區,海洋,,1005,萬里區,中萬里加投,野柳,98-100
萬里區,海洋,,1006,萬里區,中萬里加投,野柳,98-99
萬里區,海洋,,1007,萬里區,中萬里加投,野柳,98-136
萬里區,海洋,,1008,萬里區,中萬里加投,野柳,98-35
萬里區,海洋,,1009,萬里區,中萬里加投,野柳,98-15
萬里區,海洋,,101,萬里區,中萬里加投,野柳,21-9
萬里區,海洋,,1010,萬里區,中萬里加投,野柳,98-98
萬里區,海洋,,1011,萬里區,中萬里加投,野柳,115
萬里區,海洋,,1012,萬里區,中萬里加投,野柳,98-126
萬里區,海洋,,1013,萬里區,中萬里加投,野柳,98-33
萬里區,海洋,,1014,萬里區,中萬里加投,野柳,98-29
萬里區,海洋,,1015,萬里區,中萬里加投,野柳,98-63
萬里區,海洋,,1016,萬里區,中萬里加投,野柳,98-18
萬里區,海洋,,1017,萬里區,中萬里加投,野柳,98-27
萬里區,海洋,,1018,萬里區,中萬里加投,野柳,98-28
萬里區,海洋,,1019,萬里區,中萬里加投,野柳,98-24
萬里區,海洋,,102,萬里區,中萬里加投,野柳,21-40
萬里區,海洋,,1020,萬里區,中萬里加投,野柳,98-62
萬里區,海洋,,1021,萬里區,中萬里加投,野柳,98-60
萬里區,海洋,,1022,萬里區,中萬里加投,野柳,98-167
萬里區,海洋,,1023,萬里區,中萬里加投,野柳,98-161
萬里區,海洋,,1024,萬里區,中萬里加投,野柳,98-168
萬里區,海洋,,1025,萬里區,中萬里加投,野柳,98-145
萬里區,海洋,,1026,萬里區,中萬里加投,野柳,98-23
萬里區,海洋,,1027,萬里區,中萬里加投,野柳,98-25
萬里區,海洋,,1028,萬里區,中萬里加投,野柳,98-71
萬里區,海洋,,1029,萬里區,中萬里加投,野柳,98-179
萬里區,海洋,,103,萬里區,中萬里加投,野柳,21-41
萬里區,海洋,,1030,萬里區,中萬里加投,野柳,98-57
萬里區,海洋,,1031,萬里區,中萬里加投,野柳,98-123
萬里區,海洋,,1032,萬里區,中萬里加投,野柳,98-12
萬里區,海洋,,1033,萬里區,中萬里加投,野柳,98-180
萬里區,海洋,,1034,萬里區,中萬里加投,野柳,98-32
萬里區,海洋,,1035,萬里區,中萬里加投,野柳,98-78
萬里區,海洋,,1036,萬里區,中萬里加投,野柳,98-72
萬里區,海洋,,1037,萬里區,中萬里加投,野柳,98-73
萬里區,海洋,,1038,萬里區,中萬里加投,野柳,98-83
萬里區,海洋,,1039,萬里區,中萬里加投,野柳,98-106
萬里區,海洋,,104,萬里區,中萬里加投,野柳,19-95
萬里區,海洋,,1040,萬里區,中萬里加投,野柳,98-147
萬里區,海洋,,1041,萬里區,中萬里加投,野柳,98-119
萬里區,海洋,,1042,萬里區,中萬里加投,野柳,98-2
萬里區,海洋,,1043,萬里區,中萬里加投,野柳,98-148
萬里區,海洋,,1044,萬里區,中萬里加投,野柳,98-105
萬里區,海洋,,1045,萬里區,中萬里加投,野柳,98-149
萬里區,海洋,,1046,萬里區,中萬里加投,野柳,98-104
萬里區,海洋,,1047,萬里區,中萬里加投,野柳,98-107
萬里區,海洋,,1048,萬里區,中萬里加投,野柳,98-142
萬里區,海洋,,1049,萬里區,中萬里加投,野柳,98-103
萬里區,海洋,,105,萬里區,中萬里加投,野柳,19-96
萬里區,海洋,,1050,萬里區,中萬里加投,野柳,98-102
萬里區,海洋,,1051,萬里區,中萬里加投,野柳,98-9
萬里區,海洋,,1052,萬里區,中萬里加投,野柳,98-45
萬里區,海洋,,1053,萬里區,中萬里加投,野柳,98-51
萬里區,海洋,,1054,萬里區,中萬里加投,野柳,98-97
萬里區,海洋,,1055,萬里區,中萬里加投,野柳,98-96
萬里區,海洋,,1056,萬里區,中萬里加投,野柳,98-127
萬里區,海洋,,1057,萬里區,中萬里加投,野柳,98-34
萬里區,海洋,,1058,萬里區,中萬里加投,野柳,98-79
萬里區,海洋,,1059,萬里區,中萬里加投,野柳,98-13
萬里區,海洋,,106,萬里區,中萬里加投,野柳,21-10
萬里區,海洋,,1060,萬里區,中萬里加投,野柳,98-82
萬里區,海洋,,1061,萬里區,中萬里加投,野柳,98-81
萬里區,海洋,,1062,萬里區,中萬里加投,野柳,98-101
萬里區,海洋,,1063,萬里區,中萬里加投,野柳,98-80
萬里區,海洋,,1064,萬里區,中萬里加投,野柳,98-77
萬里區,海洋,,1065,萬里區,中萬里加投,野柳,98-76
萬里區,海洋,,1066,萬里區,中萬里加投,野柳,98-95
萬里區,海洋,,1067,萬里區,中萬里加投,野柳,98-94
萬里區,海洋,,1068,萬里區,中萬里加投,野柳,98-75
萬里區,海洋,,1069,萬里區,中萬里加投,野柳,98-74
萬里區,海洋,,107,萬里區,中萬里加投,野柳,403
萬里區,海洋,,1070,萬里區,中萬里加投,野柳,98-68
萬里區,海洋,,1071,萬里區,中萬里加投,野柳,98-69
萬里區,海洋,,1072,萬里區,中萬里加投,野柳,98-92
萬里區,海洋,,1073,萬里區,中萬里加投,野柳,98-91
萬里區,海洋,,1074,萬里區,中萬里加投,野柳,98-70
萬里區,海洋,,1075,萬里區,中萬里加投,野柳,98-146
萬里區,海洋,,1076,萬里區,中萬里加投,野柳,98-158
萬里區,海洋,,1077,萬里區,中萬里加投,野柳,98-89
萬里區,海洋,,1078,萬里區,中萬里加投,野柳,98-154
萬里區,海洋,,1079,萬里區,中萬里加投,野柳,98-172
萬里區,海洋,,108,萬里區,中萬里加投,野柳,20-2
萬里區,海洋,,1080,萬里區,中萬里加投,野柳,98-90
萬里區,海洋,,1081,萬里區,中萬里加投,野柳,98-93
萬里區,海洋,,1082,萬里區,中萬里加投,野柳,98-174
萬里區,海洋,,1083,萬里區,中萬里加投,野柳,98-67
萬里區,海洋,,1084,萬里區,中萬里加投,野柳,98-173
萬里區,海洋,,1085,萬里區,中萬里加投,野柳,98-175
萬里區,海洋,,1086,萬里區,中萬里加投,野柳,98-26
萬里區,海洋,,1087,萬里區,中萬里加投,野柳,98-151
萬里區,海洋,,1088,萬里區,中萬里加投,野柳,98-84
萬里區,海洋,,1089,萬里區,中萬里加投,野柳,98-85
萬里區,海洋,,109,萬里區,中萬里加投,野柳,407
萬里區,海洋,,1090,萬里區,中萬里加投,野柳,98-87
萬里區,海洋,,1091,萬里區,中萬里加投,野柳,98-88
萬里區,海洋,,1092,萬里區,中萬里加投,野柳,98-156
萬里區,海洋,,1093,萬里區,中萬里加投,野柳,98-155
萬里區,海洋,,1094,萬里區,中萬里加投,野柳,98-159
萬里區,海洋,,1095,萬里區,中萬里加投,野柳,98-160
萬里區,海洋,,1096,萬里區,中萬里加投,野柳,98-166
萬里區,海洋,,1097,萬里區,中萬里加投,野柳,98-162
萬里區,海洋,,1098,萬里區,中萬里加投,野柳,98-157
萬里區,海洋,,1099,萬里區,中萬里加投,野柳,98-163
萬里區,海洋,,11,萬里區,中萬里加投,野柳,2-3
萬里區,海洋,,110,萬里區,中萬里加投,野柳,175
萬里區,海洋,,1100,萬里區,中萬里加投,野柳,98-164
萬里區,海洋,,1101,萬里區,中萬里加投,野柳,98-165
萬里區,海洋,,1102,萬里區,中萬里加投,野柳,98-152
萬里區,海洋,,1103,萬里區,中萬里加投,野柳,98-153
萬里區,海洋,,1104,萬里區,中萬里加投,野柳,98-61
萬里區,海洋,,1105,萬里區,中萬里加投,野柳,68-1
萬里區,海洋,,1106,萬里區,中萬里加投,野柳,2-27
萬里區,海洋,,111,萬里區,中萬里加投,野柳,174
萬里區,海洋,,112,萬里區,中萬里加投,野柳,170
萬里區,海洋,,113,萬里區,中萬里加投,野柳,176
萬里區,海洋,,114,萬里區,中萬里加投,野柳,177
萬里區,海洋,,115,萬里區,中萬里加投,野柳,178
萬里區,海洋,,116,萬里區,中萬里加投,龜吼,179
萬里區,海洋,,117,萬里區,中萬里加投,野柳,20
萬里區,海洋,,118,萬里區,中萬里加投,野柳,20-1
萬里區,海洋,,119,萬里區,中萬里加投,野柳,20-4
萬里區,海洋,,12,萬里區,中萬里加投,野柳,2-4
萬里區,海洋,,120,萬里區,中萬里加投,野柳,180
萬里區,海洋,,121,萬里區,中萬里加投,野柳,181
萬里區,海洋,,122,萬里區,中萬里加投,野柳,21-16
萬里區,海洋,,123,萬里區,中萬里加投,野柳,21-15
萬里區,海洋,,124,萬里區,中萬里加投,野柳,21-5
萬里區,海洋,,125,萬里區,中萬里加投,野柳,21-4
萬里區,海洋,,126,萬里區,中萬里加投,野柳,21-3
萬里區,海洋,,127,萬里區,中萬里加投,野柳,21
萬里區,海洋,,128,萬里區,中萬里加投,野柳,21-8
萬里區,海洋,,129,萬里區,中萬里加投,野柳,20-3
萬里區,海洋,,13,萬里區,中萬里加投,野柳,2
萬里區,海洋,,138,萬里區,中萬里加投,野柳,21-35
萬里區,海洋,,139,萬里區,中萬里加投,野柳,21-42
萬里區,海洋,,14,萬里區,中萬里加投,野柳,2-2
萬里區,海洋,,140,萬里區,中萬里加投,野柳,23
萬里區,海洋,,141,萬里區,中萬里加投,野柳,21-13
萬里區,海洋,,142,萬里區,中萬里加投,野柳,24
萬里區,海洋,,143,萬里區,中萬里加投,野柳,21-27
萬里區,海洋,,144,萬里區,中萬里加投,野柳,26-1
萬里區,海洋,,145,萬里區,中萬里加投,野柳,26
萬里區,海洋,,146,萬里區,中萬里加投,野柳,25-2
萬里區,海洋,,147,萬里區,中萬里加投,野柳,25
萬里區,海洋,,148,萬里區,中萬里加投,野柳,29
萬里區,海洋,,149,萬里區,中萬里加投,野柳,27
萬里區,海洋,,15,萬里區,中萬里加投,野柳,2-1
萬里區,海洋,,150,萬里區,中萬里加投,野柳,28
萬里區,海洋,,151,萬里區,中萬里加投,野柳,34
萬里區,海洋,,152,萬里區,中萬里加投,野柳,32
萬里區,海洋,,153,萬里區,中萬里加投,野柳,31
萬里區,海洋,,154,萬里區,中萬里加投,野柳,30
萬里區,海洋,,155,萬里區,中萬里加投,野柳,38
萬里區,海洋,,156,萬里區,中萬里加投,野柳,37
萬里區,海洋,,157,萬里區,中萬里加投,野柳,36
萬里區,海洋,,158,萬里區,中萬里加投,野柳,39-1
萬里區,海洋,,159,萬里區,中萬里加投,野柳,35-1
萬里區,海洋,,16,萬里區,中萬里加投,野柳,2-5
萬里區,海洋,,160,萬里區,中萬里加投,野柳,35
萬里區,海洋,,161,萬里區,中萬里加投,野柳,40
萬里區,海洋,,162,萬里區,中萬里加投,野柳,39
萬里區,海洋,,163,萬里區,中萬里加投,野柳,42
萬里區,海洋,,164,萬里區,中萬里加投,野柳,43
萬里區,海洋,,165,萬里區,中萬里加投,野柳,41
萬里區,海洋,,166,萬里區,中萬里加投,野柳,21-38
萬里區,海洋,,167,萬里區,中萬里加投,野柳,21-37
萬里區,海洋,,168,萬里區,中萬里加投,野柳,44
萬里區,海洋,,169,萬里區,中萬里加投,野柳,21-2
萬里區,海洋,,17,萬里區,中萬里加投,野柳,2-10
萬里區,海洋,,170,萬里區,中萬里加投,野柳,21-14
萬里區,海洋,,171,萬里區,中萬里加投,野柳,45-2
萬里區,海洋,,172,萬里區,中萬里加投,野柳,45
萬里區,海洋,,173,萬里區,中萬里加投,野柳,45-4
萬里區,海洋,,174,萬里區,中萬里加投,野柳,45-1
萬里區,海洋,,175,萬里區,中萬里加投,野柳,21-34
萬里區,海洋,,176,萬里區,中萬里加投,野柳,21-33
萬里區,海洋,,177,萬里區,中萬里加投,野柳,45-5
萬里區,海洋,,178,萬里區,中萬里加投,野柳,21-30
萬里區,海洋,,179,萬里區,中萬里加投,野柳,21-26
萬里區,海洋,,18,萬里區,中萬里加投,野柳,2-25
萬里區,海洋,,180,萬里區,中萬里加投,野柳,21-17
萬里區,海洋,,181,萬里區,中萬里加投,野柳,21-18
萬里區,海洋,,182,萬里區,中萬里加投,野柳,21-19
萬里區,海洋,,183,萬里區,中萬里加投,野柳,21-20
萬里區,海洋,,184,萬里區,中萬里加投,野柳,21-21
萬里區,海洋,,185,萬里區,中萬里加投,野柳,21-39
萬里區,海洋,,186,萬里區,中萬里加投,野柳,21-22
萬里區,海洋,,187,萬里區,中萬里加投,野柳,21-23
萬里區,海洋,,188,萬里區,中萬里加投,野柳,19-92
萬里區,海洋,,189,萬里區,中萬里加投,野柳,19-73
萬里區,海洋,,19,萬里區,中萬里加投,野柳,4
萬里區,海洋,,190,萬里區,中萬里加投,野柳,19-10
萬里區,海洋,,191,萬里區,中萬里加投,野柳,19-9
萬里區,海洋,,192,萬里區,中萬里加投,野柳,19-57
萬里區,海洋,,193,萬里區,中萬里加投,野柳,19-44
萬里區,海洋,,194,萬里區,中萬里加投,野柳,19-45
萬里區,海洋,,195,萬里區,中萬里加投,野柳,19-46
萬里區,海洋,,196,萬里區,中萬里加投,野柳,19-53
萬里區,海洋,,197,萬里區,中萬里加投,野柳,19-54
萬里區,海洋,,198,萬里區,中萬里加投,野柳,19-55
萬里區,海洋,,199,萬里區,中萬里加投,野柳,19-56
萬里區,海洋,,2,萬里區,中萬里加投,野柳,2-15
萬里區,海洋,,20,萬里區,中萬里加投,野柳,4-3
萬里區,海洋,,200,萬里區,中萬里加投,野柳,19-43
萬里區,海洋,,201,萬里區,中萬里加投,野柳,19-42
萬里區,海洋,,202,萬里區,中萬里加投,野柳,19-52
萬里區,海洋,,203,萬里區,中萬里加投,野柳,19-19
萬里區,海洋,,204,萬里區,中萬里加投,野柳,19-51
萬里區,海洋,,205,萬里區,中萬里加投,野柳,19-84
萬里區,海洋,,206,萬里區,中萬里加投,野柳,19-68
萬里區,海洋,,207,萬里區,中萬里加投,野柳,19-70
萬里區,海洋,,208,萬里區,中萬里加投,野柳,19-86
萬里區,海洋,,209,萬里區,中萬里加投,野柳,19-71
萬里區,海洋,,21,萬里區,中萬里加投,野柳,4-5
萬里區,海洋,,210,萬里區,中萬里加投,野柳,19-83
萬里區,海洋,,211,萬里區,中萬里加投,野柳,19-72
萬里區,海洋,,212,萬里區,中萬里加投,野柳,19-33
萬里區,海洋,,213,萬里區,中萬里加投,野柳,19-2
萬里區,海洋,,214,萬里區,中萬里加投,野柳,19-13
萬里區,海洋,,215,萬里區,中萬里加投,野柳,19
萬里區,海洋,,216,萬里區,中萬里加投,野柳,19-6
萬里區,海洋,,217,萬里區,中萬里加投,野柳,17
萬里區,海洋,,218,萬里區,中萬里加投,野柳,19-37
萬里區,海洋,,219,萬里區,中萬里加投,野柳,18-2
萬里區,海洋,,22,萬里區,中萬里加投,野柳,4-1
萬里區,海洋,,220,萬里區,中萬里加投,野柳,19-35
萬里區,海洋,,221,萬里區,中萬里加投,野柳,19-77
萬里區,海洋,,222,萬里區,中萬里加投,野柳,18-3
萬里區,海洋,,223,萬里區,中萬里加投,野柳,18-4
萬里區,海洋,,224,萬里區,中萬里加投,野柳,19-32
萬里區,海洋,,225,萬里區,中萬里加投,龜吼,19-64
萬里區,海洋,,226,萬里區,中萬里加投,野柳,19-63
萬里區,海洋,,227,萬里區,中萬里加投,野柳,18-1
萬里區,海洋,,228,萬里區,中萬里加投,野柳,18
萬里區,海洋,,229,萬里區,中萬里加投,野柳,19-58
萬里區,海洋,,23,萬里區,中萬里加投,野柳,6-4
萬里區,海洋,,230,萬里區,中萬里加投,野柳,19-7
萬里區,海洋,,231,萬里區,中萬里加投,野柳,19-59
萬里區,海洋,,232,萬里區,中萬里加投,野柳,19-65
萬里區,海洋,,233,萬里區,中萬里加投,野柳,19-66
萬里區,海洋,,234,萬里區,中萬里加投,野柳,19-60
萬里區,海洋,,235,萬里區,中萬里加投,野柳,19-67
萬里區,海洋,,236,萬里區,中萬里加投,野柳,19-61
萬里區,海洋,,237,萬里區,中萬里加投,野柳,19-1
萬里區,海洋,,238,萬里區,中萬里加投,野柳,13-3
萬里區,海洋,,239,萬里區,中萬里加投,野柳,13-21
萬里區,海洋,,24,萬里區,中萬里加投,野柳,7-8
萬里區,海洋,,240,萬里區,中萬里加投,野柳,13-19
萬里區,海洋,,241,萬里區,中萬里加投,野柳,13-20
萬里區,海洋,,242,萬里區,中萬里加投,野柳,13-2
萬里區,海洋,,243,萬里區,中萬里加投,野柳,10-7
萬里區,海洋,,244,萬里區,中萬里加投,野柳,10-16
萬里區,海洋,,245,萬里區,中萬里加投,野柳,10-17
萬里區,海洋,,246,萬里區,中萬里加投,野柳,10-8
萬里區,海洋,,247,萬里區,中萬里加投,野柳,13
萬里區,海洋,,248,萬里區,中萬里加投,瑪鍊港口,13-4
萬里區,海洋,,249,萬里區,中萬里加投,野柳,13-16
萬里區,海洋,,25,萬里區,中萬里加投,野柳,57-1
萬里區,海洋,,250,萬里區,中萬里加投,野柳,13-15
萬里區,海洋,,251,萬里區,中萬里加投,野柳,13-14
萬里區,海洋,,252,萬里區,中萬里加投,野柳,13-13
萬里區,海洋,,253,萬里區,中萬里加投,野柳,13-12
萬里區,海洋,,254,萬里區,中萬里加投,野柳,13-11
萬里區,海洋,,255,萬里區,中萬里加投,野柳,13-10
萬里區,海洋,,256,萬里區,中萬里加投,野柳,13-9
萬里區,海洋,,257,萬里區,中萬里加投,野柳,13-8
萬里區,海洋,,258,萬里區,中萬里加投,野柳,13-7
萬里區,海洋,,259,萬里區,中萬里加投,野柳,13-6
萬里區,海洋,,26,萬里區,中萬里加投,野柳,2-9
萬里區,海洋,,260,萬里區,中萬里加投,野柳,13-18
萬里區,海洋,,261,萬里區,中萬里加投,野柳,13-23
萬里區,海洋,,262,萬里區,中萬里加投,野柳,13-25
萬里區,海洋,,263,萬里區,中萬里加投,野柳,12-25
萬里區,海洋,,264,萬里區,中萬里加投,野柳,13-17
萬里區,海洋,,265,萬里區,中萬里加投,野柳,12
萬里區,海洋,,266,萬里區,中萬里加投,野柳,12-21
萬里區,海洋,,267,萬里區,中萬里加投,野柳,12-26
萬里區,海洋,,268,萬里區,中萬里加投,野柳,12-27
萬里區,海洋,,269,萬里區,中萬里加投,野柳,12-10
萬里區,海洋,,27,萬里區,中萬里加投,野柳,2-8
萬里區,海洋,,270,萬里區,中萬里加投,野柳,12-11
萬里區,海洋,,271,萬里區,中萬里加投,野柳,12-12
萬里區,海洋,,272,萬里區,中萬里加投,野柳,12-13
萬里區,海洋,,273,萬里區,中萬里加投,野柳,12-14
萬里區,海洋,,274,萬里區,中萬里加投,野柳,12-15
萬里區,海洋,,275,萬里區,中萬里加投,野柳,12-16
萬里區,海洋,,276,萬里區,中萬里加投,野柳,12-17
萬里區,海洋,,277,萬里區,中萬里加投,野柳,12-2
萬里區,海洋,,278,萬里區,中萬里加投,野柳,12-22
萬里區,海洋,,279,萬里區,中萬里加投,野柳,12-23
萬里區,海洋,,28,萬里區,中萬里加投,野柳,3-2
萬里區,海洋,,280,萬里區,中萬里加投,野柳,12-3
萬里區,海洋,,281,萬里區,中萬里加投,野柳,12-4
萬里區,海洋,,282,萬里區,中萬里加投,野柳,12-24
萬里區,海洋,,283,萬里區,中萬里加投,野柳,12-5
萬里區,海洋,,284,萬里區,中萬里加投,野柳,12-6
萬里區,海洋,,285,萬里區,中萬里加投,野柳,12-7
萬里區,海洋,,286,萬里區,中萬里加投,野柳,12-8
萬里區,海洋,,287,萬里區,中萬里加投,野柳,12-9
萬里區,海洋,,288,萬里區,中萬里加投,野柳,12-18
萬里區,海洋,,289,萬里區,中萬里加投,野柳,12-19
萬里區,海洋,,29,萬里區,中萬里加投,野柳,3-3
萬里區,海洋,,290,萬里區,中萬里加投,野柳,12-20
萬里區,海洋,,291,萬里區,中萬里加投,野柳,12-28
萬里區,海洋,,292,萬里區,中萬里加投,野柳,12-1
萬里區,海洋,,293,萬里區,中萬里加投,野柳,11-11
萬里區,海洋,,294,萬里區,中萬里加投,野柳,11-10
萬里區,海洋,,295,萬里區,中萬里加投,野柳,11-9
萬里區,海洋,,296,萬里區,中萬里加投,野柳,11-8
萬里區,海洋,,297,萬里區,中萬里加投,野柳,11-7
萬里區,海洋,,298,萬里區,中萬里加投,野柳,11-6
萬里區,海洋,,299,萬里區,中萬里加投,野柳,11-5
萬里區,海洋,,3,萬里區,中萬里加投,野柳,2-17
萬里區,海洋,,30,萬里區,中萬里加投,野柳,3-1
萬里區,海洋,,300,萬里區,中萬里加投,野柳,11-4
萬里區,海洋,,301,萬里區,中萬里加投,野柳,11-3
萬里區,海洋,,302,萬里區,中萬里加投,野柳,11
萬里區,海洋,,303,萬里區,中萬里加投,野柳,11-12
萬里區,海洋,,304,萬里區,中萬里加投,野柳,11-17
萬里區,海洋,,305,萬里區,中萬里加投,野柳,11-16
萬里區,海洋,,306,萬里區,中萬里加投,野柳,11-15
萬里區,海洋,,307,萬里區,中萬里加投,野柳,11-14
萬里區,海洋,,308,萬里區,中萬里加投,野柳,11-13
萬里區,海洋,,309,萬里區,中萬里加投,野柳,11-23
萬里區,海洋,,31,萬里區,中萬里加投,野柳,2-11
萬里區,海洋,,310,萬里區,中萬里加投,野柳,11-2
萬里區,海洋,,311,萬里區,中萬里加投,野柳,10-18
萬里區,海洋,,312,萬里區,中萬里加投,野柳,10
萬里區,海洋,,313,萬里區,中萬里加投,野柳,10-28
萬里區,海洋,,314,萬里區,中萬里加投,野柳,10-12
萬里區,海洋,,315,萬里區,中萬里加投,野柳,11-19
萬里區,海洋,,316,萬里區,中萬里加投,野柳,11-20
萬里區,海洋,,317,萬里區,中萬里加投,野柳,11-21
萬里區,海洋,,318,萬里區,中萬里加投,野柳,11-22
萬里區,海洋,,319,萬里區,中萬里加投,野柳,10-1
萬里區,海洋,,32,萬里區,中萬里加投,野柳,3
萬里區,海洋,,320,萬里區,中萬里加投,野柳,9-1
萬里區,海洋,,321,萬里區,中萬里加投,野柳,9-28
萬里區,海洋,,322,萬里區,中萬里加投,野柳,9-2
萬里區,海洋,,323,萬里區,中萬里加投,野柳,9-20
萬里區,海洋,,324,萬里區,中萬里加投,野柳,9-18
萬里區,海洋,,325,萬里區,中萬里加投,野柳,9-24
萬里區,海洋,,326,萬里區,中萬里加投,野柳,9-25
萬里區,海洋,,327,萬里區,中萬里加投,野柳,9-16
萬里區,海洋,,328,萬里區,中萬里加投,野柳,9-17
萬里區,海洋,,329,萬里區,中萬里加投,野柳,9-15
萬里區,海洋,,33,萬里區,中萬里加投,野柳,2-12
萬里區,海洋,,330,萬里區,中萬里加投,野柳,9-14
萬里區,海洋,,331,萬里區,中萬里加投,野柳,9-13
萬里區,海洋,,332,萬里區,中萬里加投,野柳,9-12
萬里區,海洋,,333,萬里區,中萬里加投,野柳,9-11
萬里區,海洋,,334,萬里區,中萬里加投,野柳,9
萬里區,海洋,,335,萬里區,中萬里加投,野柳,7-21
萬里區,海洋,,336,萬里區,中萬里加投,野柳,7-20
萬里區,海洋,,337,萬里區,中萬里加投,野柳,7-19
萬里區,海洋,,338,萬里區,中萬里加投,野柳,7-18
萬里區,海洋,,339,萬里區,中萬里加投,野柳,7-17
萬里區,海洋,,34,萬里區,中萬里加投,野柳,14-1
萬里區,海洋,,340,萬里區,中萬里加投,野柳,7-16
萬里區,海洋,,341,萬里區,中萬里加投,野柳,7-15
萬里區,海洋,,342,萬里區,中萬里加投,野柳,7-14
萬里區,海洋,,343,萬里區,中萬里加投,野柳,7-31
萬里區,海洋,,344,萬里區,中萬里加投,野柳,7-30
萬里區,海洋,,345,萬里區,中萬里加投,野柳,7-22
萬里區,海洋,,346,萬里區,中萬里加投,野柳,6
萬里區,海洋,,347,萬里區,中萬里加投,野柳,6-1
萬里區,海洋,,348,萬里區,中萬里加投,野柳,6-9
萬里區,海洋,,349,萬里區,中萬里加投,野柳,5
萬里區,海洋,,35,萬里區,中萬里加投,野柳,2-13
萬里區,海洋,,350,萬里區,中萬里加投,野柳,5-4
萬里區,海洋,,351,萬里區,中萬里加投,野柳,4-2
萬里區,海洋,,352,萬里區,中萬里加投,野柳,5-1
萬里區,海洋,,353,萬里區,中萬里加投,野柳,5-5
萬里區,海洋,,354,萬里區,中萬里加投,野柳,5-6
萬里區,海洋,,355,萬里區,中萬里加投,野柳,6-5
萬里區,海洋,,356,萬里區,中萬里加投,野柳,6-6
萬里區,海洋,,357,萬里區,中萬里加投,野柳,6-7
萬里區,海洋,,358,萬里區,中萬里加投,野柳,6-2
萬里區,海洋,,359,萬里區,中萬里加投,野柳,6-8
萬里區,海洋,,36,萬里區,中萬里加投,野柳,14
萬里區,海洋,,360,萬里區,中萬里加投,野柳,8-6
萬里區,海洋,,361,萬里區,中萬里加投,野柳,8-5
萬里區,海洋,,362,萬里區,中萬里加投,野柳,8-4
萬里區,海洋,,363,萬里區,中萬里加投,野柳,8-3
萬里區,海洋,,364,萬里區,中萬里加投,野柳,8-2
萬里區,海洋,,365,萬里區,中萬里加投,野柳,8-13
萬里區,海洋,,366,萬里區,中萬里加投,野柳,8
萬里區,海洋,,367,萬里區,中萬里加投,野柳,7
萬里區,海洋,,368,萬里區,中萬里加投,野柳,7-24
萬里區,海洋,,369,萬里區,中萬里加投,野柳,7-25
萬里區,海洋,,37,萬里區,中萬里加投,野柳,2-14
萬里區,海洋,,370,萬里區,中萬里加投,野柳,7-27
萬里區,海洋,,371,萬里區,中萬里加投,野柳,7-29
萬里區,海洋,,372,萬里區,中萬里加投,野柳,7-26
萬里區,海洋,,373,萬里區,中萬里加投,野柳,7-5
萬里區,海洋,,374,萬里區,中萬里加投,野柳,7-23
萬里區,海洋,,375,萬里區,中萬里加投,野柳,7-4
萬里區,海洋,,376,萬里區,中萬里加投,野柳,7-3
萬里區,海洋,,377,萬里區,中萬里加投,野柳,7-32
萬里區,海洋,,378,萬里區,中萬里加投,野柳,7-33
萬里區,海洋,,379,萬里區,中萬里加投,野柳,7-9
萬里區,海洋,,38,萬里區,中萬里加投,野柳,13-1
萬里區,海洋,,380,萬里區,中萬里加投,野柳,57-32
萬里區,海洋,,381,萬里區,中萬里加投,野柳,57-31
萬里區,海洋,,382,萬里區,中萬里加投,野柳,57-2
萬里區,海洋,,383,萬里區,中萬里加投,野柳,57-7
萬里區,海洋,,384,萬里區,中萬里加投,野柳,57-5
萬里區,海洋,,385,萬里區,中萬里加投,野柳,57-6
萬里區,海洋,,386,萬里區,中萬里加投,野柳,57-29
萬里區,海洋,,387,萬里區,中萬里加投,野柳,58
萬里區,海洋,,388,萬里區,中萬里加投,野柳,57-25
萬里區,海洋,,389,萬里區,中萬里加投,野柳,7-10
萬里區,海洋,,39,萬里區,中萬里加投,野柳,13-24
萬里區,海洋,,390,萬里區,中萬里加投,野柳,7-2
萬里區,海洋,,391,萬里區,中萬里加投,野柳,57-10
萬里區,海洋,,392,萬里區,中萬里加投,野柳,57-23
萬里區,海洋,,393,萬里區,中萬里加投,野柳,57-13
萬里區,海洋,,394,萬里區,中萬里加投,野柳,57
萬里區,海洋,,395,萬里區,中萬里加投,野柳,57-22
萬里區,海洋,,396,萬里區,中萬里加投,野柳,57-21
萬里區,海洋,,397,萬里區,中萬里加投,野柳,56-1
萬里區,海洋,,398,萬里區,中萬里加投,野柳,57-4
萬里區,海洋,,399,萬里區,中萬里加投,野柳,56
萬里區,海洋,,40,萬里區,中萬里加投,野柳,15-1
萬里區,海洋,,400,萬里區,中萬里加投,野柳,57-27
萬里區,海洋,,401,萬里區,中萬里加投,野柳,56-2
萬里區,海洋,,402,萬里區,中萬里加投,野柳,56-3
萬里區,海洋,,403,萬里區,中萬里加投,野柳,56-4
萬里區,海洋,,404,萬里區,中萬里加投,野柳,57-30
萬里區,海洋,,405,萬里區,中萬里加投,野柳,7-34
萬里區,海洋,,406,萬里區,中萬里加投,野柳,57-11
萬里區,海洋,,407,萬里區,中萬里加投,野柳,57-3
萬里區,海洋,,408,萬里區,中萬里加投,野柳,59-4
萬里區,海洋,,409,萬里區,中萬里加投,野柳,60-4
萬里區,海洋,,41,萬里區,中萬里加投,野柳,165
萬里區,海洋,,410,萬里區,中萬里加投,野柳,59-5
萬里區,海洋,,411,萬里區,中萬里加投,野柳,60
萬里區,海洋,,412,萬里區,中萬里加投,野柳,62-3
萬里區,海洋,,413,萬里區,中萬里加投,野柳,62-16
萬里區,海洋,,414,萬里區,中萬里加投,野柳,62-15
萬里區,海洋,,415,萬里區,中萬里加投,野柳,62-2
萬里區,海洋,,416,萬里區,中萬里加投,野柳,62-12
萬里區,海洋,,417,萬里區,中萬里加投,野柳,62-1
萬里區,海洋,,418,萬里區,中萬里加投,野柳,62-17
萬里區,海洋,,419,萬里區,中萬里加投,野柳,62-18
萬里區,海洋,,42,萬里區,中萬里加投,野柳,15-2
萬里區,海洋,,420,萬里區,中萬里加投,野柳,62
萬里區,海洋,,421,萬里區,中萬里加投,野柳,62-7
萬里區,海洋,,422,萬里區,中萬里加投,野柳,62-21
萬里區,海洋,,423,萬里區,中萬里加投,野柳,62-22
萬里區,海洋,,424,萬里區,中萬里加投,野柳,61-2
萬里區,海洋,,425,萬里區,中萬里加投,野柳,61
萬里區,海洋,,426,萬里區,中萬里加投,野柳,61-1
萬里區,海洋,,427,萬里區,中萬里加投,野柳,55
萬里區,海洋,,428,萬里區,中萬里加投,野柳,54
萬里區,海洋,,429,萬里區,中萬里加投,野柳,54-1
萬里區,海洋,,43,萬里區,中萬里加投,野柳,2-20
萬里區,海洋,,430,萬里區,中萬里加投,野柳,53
萬里區,海洋,,431,萬里區,中萬里加投,野柳,62-8
萬里區,海洋,,432,萬里區,中萬里加投,野柳,63
萬里區,海洋,,433,萬里區,中萬里加投,野柳,52
萬里區,海洋,,434,萬里區,中萬里加投,野柳,7-12
萬里區,海洋,,435,萬里區,中萬里加投,野柳,51
萬里區,海洋,,436,萬里區,中萬里加投,野柳,50
萬里區,海洋,,437,萬里區,中萬里加投,野柳,7-11
萬里區,海洋,,438,萬里區,中萬里加投,野柳,49
萬里區,海洋,,439,萬里區,中萬里加投,野柳,7-42
萬里區,海洋,,44,萬里區,中萬里加投,野柳,2-22
萬里區,海洋,,440,萬里區,中萬里加投,野柳,7-36
萬里區,海洋,,441,萬里區,中萬里加投,野柳,7-37
萬里區,海洋,,442,萬里區,中萬里加投,野柳,7-40
萬里區,海洋,,443,萬里區,中萬里加投,野柳,7-35
萬里區,海洋,,444,萬里區,中萬里加投,野柳,7-39
萬里區,海洋,,445,萬里區,中萬里加投,野柳,7-43
萬里區,海洋,,446,萬里區,中萬里加投,野柳,7-1
萬里區,海洋,,447,萬里區,中萬里加投,野柳,59-2
萬里區,海洋,,448,萬里區,中萬里加投,野柳,164
萬里區,海洋,,449,萬里區,中萬里加投,野柳,163
萬里區,海洋,,45,萬里區,中萬里加投,野柳,2-23
萬里區,海洋,,450,萬里區,中萬里加投,野柳,59-1
萬里區,海洋,,451,萬里區,中萬里加投,野柳,59-3
萬里區,海洋,,452,萬里區,中萬里加投,野柳,59-10
萬里區,海洋,,453,萬里區,中萬里加投,野柳,59
萬里區,海洋,,454,萬里區,中萬里加投,野柳,59-11
萬里區,海洋,,455,萬里區,中萬里加投,野柳,65-1
萬里區,海洋,,456,萬里區,中萬里加投,野柳,162
萬里區,海洋,,457,萬里區,中萬里加投,野柳,161
萬里區,海洋,,458,萬里區,中萬里加投,野柳,160-1
萬里區,海洋,,459,萬里區,中萬里加投,野柳,62-5
萬里區,海洋,,46,萬里區,中萬里加投,野柳,2-26
萬里區,海洋,,460,萬里區,中萬里加投,野柳,65-2
萬里區,海洋,,461,萬里區,中萬里加投,野柳,64-1
萬里區,海洋,,462,萬里區,中萬里加投,野柳,62-6
萬里區,海洋,,463,萬里區,中萬里加投,野柳,62-10
萬里區,海洋,,464,萬里區,中萬里加投,野柳,63-2
萬里區,海洋,,465,萬里區,中萬里加投,野柳,62-9
萬里區,海洋,,466,萬里區,中萬里加投,野柳,52-1
萬里區,海洋,,467,萬里區,中萬里加投,野柳,149-3
萬里區,海洋,,468,萬里區,中萬里加投,野柳,48-2
萬里區,海洋,,469,萬里區,中萬里加投,野柳,48-3
萬里區,海洋,,47,萬里區,中萬里加投,野柳,2-21
萬里區,海洋,,470,萬里區,中萬里加投,野柳,149-6
萬里區,海洋,,471,萬里區,中萬里加投,野柳,50-1
萬里區,海洋,,472,萬里區,中萬里加投,野柳,49-1
萬里區,海洋,,473,萬里區,中萬里加投,野柳,7-13
萬里區,海洋,,474,萬里區,中萬里加投,野柳,9-9
萬里區,海洋,,475,萬里區,中萬里加投,野柳,9-5
萬里區,海洋,,476,萬里區,中萬里加投,野柳,9-6
萬里區,海洋,,477,萬里區,中萬里加投,野柳,10-9
萬里區,海洋,,478,萬里區,中萬里加投,野柳,13-22
萬里區,海洋,,479,萬里區,中萬里加投,野柳,10-3
萬里區,海洋,,48,萬里區,中萬里加投,野柳,2-19
萬里區,海洋,,480,萬里區,中萬里加投,野柳,10-10
萬里區,海洋,,481,萬里區,中萬里加投,野柳,16
萬里區,海洋,,482,萬里區,中萬里加投,野柳,16-12
萬里區,海洋,,483,萬里區,中萬里加投,野柳,16-13
萬里區,海洋,,484,萬里區,中萬里加投,野柳,16-14
萬里區,海洋,,485,萬里區,中萬里加投,野柳,16-15
萬里區,海洋,,486,萬里區,中萬里加投,野柳,16-16
萬里區,海洋,,487,萬里區,中萬里加投,野柳,16-17
萬里區,海洋,,488,萬里區,中萬里加投,野柳,16-18
萬里區,海洋,,489,萬里區,中萬里加投,野柳,16-19
萬里區,海洋,,49,萬里區,中萬里加投,野柳,19-15
萬里區,海洋,,490,萬里區,中萬里加投,野柳,10-11
萬里區,海洋,,491,萬里區,中萬里加投,野柳,10-2
萬里區,海洋,,492,萬里區,中萬里加投,野柳,9-8
萬里區,海洋,,493,萬里區,中萬里加投,野柳,9-3
萬里區,海洋,,494,萬里區,中萬里加投,龜吼,16-11
萬里區,海洋,,495,萬里區,中萬里加投,野柳,16-10
萬里區,海洋,,496,萬里區,中萬里加投,野柳,16-5
萬里區,海洋,,497,萬里區,中萬里加投,野柳,16-4
萬里區,海洋,,498,萬里區,中萬里加投,野柳,16-22
萬里區,海洋,,499,萬里區,中萬里加投,野柳,16-21
萬里區,海洋,,5,萬里區,中萬里加投,野柳,2-24
萬里區,海洋,,50,萬里區,中萬里加投,野柳,19-79
萬里區,海洋,,500,萬里區,中萬里加投,野柳,16-20
萬里區,海洋,,501,萬里區,中萬里加投,野柳,16-2
萬里區,海洋,,502,萬里區,中萬里加投,野柳,16-3
萬里區,海洋,,503,萬里區,中萬里加投,野柳,10-4
萬里區,海洋,,504,萬里區,中萬里加投,野柳,10-5
萬里區,海洋,,505,萬里區,中萬里加投,野柳,16-23
萬里區,海洋,,506,萬里區,中萬里加投,野柳,16-24
萬里區,海洋,,507,萬里區,中萬里加投,野柳,16-1
萬里區,海洋,,508,萬里區,中萬里加投,野柳,47-41
萬里區,海洋,,509,萬里區,中萬里加投,野柳,405
萬里區,海洋,,51,萬里區,中萬里加投,野柳,400
萬里區,海洋,,510,萬里區,中萬里加投,野柳,10-6
萬里區,海洋,,511,萬里區,中萬里加投,野柳,19-14
萬里區,海洋,,512,萬里區,中萬里加投,野柳,19-62
萬里區,海洋,,513,萬里區,中萬里加投,野柳,46-5
萬里區,海洋,,514,萬里區,中萬里加投,野柳,21-6
萬里區,海洋,,515,萬里區,中萬里加投,野柳,46-4
萬里區,海洋,,516,萬里區,中萬里加投,野柳,46-2
萬里區,海洋,,517,萬里區,中萬里加投,野柳,47-15
萬里區,海洋,,518,萬里區,中萬里加投,野柳,46-3
萬里區,海洋,,519,萬里區,中萬里加投,野柳,47-16
萬里區,海洋,,52,萬里區,中萬里加投,野柳,19-16
萬里區,海洋,,520,萬里區,中萬里加投,野柳,75-2
萬里區,海洋,,521,萬里區,中萬里加投,野柳,75-1
萬里區,海洋,,522,萬里區,中萬里加投,野柳,47-4
萬里區,海洋,,523,萬里區,中萬里加投,野柳,47-3
萬里區,海洋,,524,萬里區,中萬里加投,野柳,46-1
萬里區,海洋,,525,萬里區,中萬里加投,野柳,46
萬里區,海洋,,526,萬里區,中萬里加投,野柳,47-27
萬里區,海洋,,527,萬里區,中萬里加投,野柳,47-42
萬里區,海洋,,528,萬里區,中萬里加投,野柳,47-43
萬里區,海洋,,529,萬里區,中萬里加投,野柳,47-38
萬里區,海洋,,53,萬里區,中萬里加投,野柳,19-17
萬里區,海洋,,530,萬里區,中萬里加投,野柳,47-39
萬里區,海洋,,531,萬里區,中萬里加投,野柳,47-1
萬里區,海洋,,532,萬里區,中萬里加投,野柳,47-29
萬里區,海洋,,533,萬里區,中萬里加投,野柳,47-34
萬里區,海洋,,534,萬里區,中萬里加投,野柳,47-30
萬里區,海洋,,535,萬里區,中萬里加投,野柳,47-31
萬里區,海洋,,536,萬里區,中萬里加投,野柳,47-36
萬里區,海洋,,537,萬里區,中萬里加投,野柳,47-37
萬里區,海洋,,538,萬里區,中萬里加投,野柳,47-32
萬里區,海洋,,539,萬里區,中萬里加投,野柳,47-22
萬里區,海洋,,54,萬里區,中萬里加投,野柳,166
萬里區,海洋,,540,萬里區,中萬里加投,野柳,47-23
萬里區,海洋,,541,萬里區,中萬里加投,野柳,47-24
萬里區,海洋,,542,萬里區,中萬里加投,野柳,47-25
萬里區,海洋,,543,萬里區,中萬里加投,野柳,47-26
萬里區,海洋,,544,萬里區,中萬里加投,野柳,75
萬里區,海洋,,545,萬里區,中萬里加投,野柳,75-3
萬里區,海洋,,546,萬里區,中萬里加投,野柳,78
萬里區,海洋,,547,萬里區,中萬里加投,野柳,77
萬里區,海洋,,548,萬里區,中萬里加投,野柳,76
萬里區,海洋,,549,萬里區,中萬里加投,野柳,74
萬里區,海洋,,55,萬里區,中萬里加投,野柳,167
萬里區,海洋,,550,萬里區,中萬里加投,野柳,73
萬里區,海洋,,551,萬里區,中萬里加投,野柳,72
萬里區,海洋,,552,萬里區,中萬里加投,野柳,47-28
萬里區,海洋,,553,萬里區,中萬里加投,野柳,47-40
萬里區,海洋,,554,萬里區,中萬里加投,野柳,47-21
萬里區,海洋,,555,萬里區,中萬里加投,野柳,47-20
萬里區,海洋,,556,萬里區,中萬里加投,野柳,47-19
萬里區,海洋,,557,萬里區,中萬里加投,野柳,47-18
萬里區,海洋,,558,萬里區,中萬里加投,野柳,47-17
萬里區,海洋,,559,萬里區,中萬里加投,野柳,47-14
萬里區,海洋,,56,萬里區,中萬里加投,野柳,168
萬里區,海洋,,560,萬里區,中萬里加投,野柳,47-13
萬里區,海洋,,561,萬里區,中萬里加投,野柳,47-12
萬里區,海洋,,562,萬里區,中萬里加投,野柳,47-11
萬里區,海洋,,563,萬里區,中萬里加投,野柳,47-10
萬里區,海洋,,564,萬里區,中萬里加投,野柳,47-9
萬里區,海洋,,565,萬里區,中萬里加投,野柳,47-8
萬里區,海洋,,566,萬里區,中萬里加投,野柳,47-7
萬里區,海洋,,567,萬里區,中萬里加投,野柳,47-6
萬里區,海洋,,568,萬里區,中萬里加投,野柳,47-5
萬里區,海洋,,569,萬里區,中萬里加投,野柳,47-2
萬里區,海洋,,57,萬里區,中萬里加投,野柳,169
萬里區,海洋,,570,萬里區,中萬里加投,野柳,48-6
萬里區,海洋,,571,萬里區,中萬里加投,野柳,48-5
萬里區,海洋,,572,萬里區,中萬里加投,野柳,69-11
萬里區,海洋,,573,萬里區,中萬里加投,瑪鍊港口,48
萬里區,海洋,,574,萬里區,中萬里加投,野柳,69-1
萬里區,海洋,,575,萬里區,中萬里加投,野柳,48-4
萬里區,海洋,,576,萬里區,中萬里加投,野柳,48-1
萬里區,海洋,,577,萬里區,中萬里加投,野柳,48-7
萬里區,海洋,,578,萬里區,中萬里加投,野柳,69-4
萬里區,海洋,,579,萬里區,中萬里加投,野柳,69-5
萬里區,海洋,,58,萬里區,中萬里加投,野柳,19-74
萬里區,海洋,,580,萬里區,中萬里加投,野柳,69-6
萬里區,海洋,,581,萬里區,中萬里加投,野柳,48-9
萬里區,海洋,,582,萬里區,中萬里加投,野柳,48-10
萬里區,海洋,,583,萬里區,中萬里加投,野柳,48-8
萬里區,海洋,,584,萬里區,中萬里加投,野柳,69-7
萬里區,海洋,,585,萬里區,中萬里加投,野柳,69-8
萬里區,海洋,,586,萬里區,中萬里加投,野柳,69-9
萬里區,海洋,,587,萬里區,中萬里加投,野柳,69
萬里區,海洋,,588,萬里區,中萬里加投,野柳,70
萬里區,海洋,,589,萬里區,中萬里加投,野柳,70-1
萬里區,海洋,,59,萬里區,中萬里加投,野柳,19-76
萬里區,海洋,,590,萬里區,中萬里加投,野柳,149-1
萬里區,海洋,,591,萬里區,中萬里加投,野柳,149
萬里區,海洋,,592,萬里區,中萬里加投,野柳,63-1
萬里區,海洋,,593,萬里區,中萬里加投,野柳,63-3
萬里區,海洋,,594,萬里區,中萬里加投,野柳,63-4
萬里區,海洋,,595,萬里區,中萬里加投,野柳,62-23
萬里區,海洋,,596,萬里區,中萬里加投,野柳,62-11
萬里區,海洋,,597,萬里區,中萬里加投,野柳,62-19
萬里區,海洋,,6,萬里區,中萬里加投,野柳,1-2
萬里區,海洋,,60,萬里區,中萬里加投,野柳,19-75
萬里區,海洋,,600,萬里區,中萬里加投,野柳,66
萬里區,海洋,,601,萬里區,中萬里加投,野柳,66-2
萬里區,海洋,,602,萬里區,中萬里加投,野柳,66-1
萬里區,海洋,,603,萬里區,中萬里加投,野柳,67-1
萬里區,海洋,,604,萬里區,中萬里加投,野柳,67-4
萬里區,海洋,,605,萬里區,中萬里加投,野柳,67
萬里區,海洋,,606,萬里區,中萬里加投,野柳,62-14
萬里區,海洋,,607,萬里區,中萬里加投,野柳,67-3
萬里區,海洋,,608,萬里區,中萬里加投,野柳,67-2
萬里區,海洋,,609,萬里區,中萬里加投,野柳,149-5
萬里區,海洋,,61,萬里區,中萬里加投,野柳,19-20
萬里區,海洋,,610,萬里區,中萬里加投,野柳,149-7
萬里區,海洋,,611,萬里區,中萬里加投,野柳,68
萬里區,海洋,,612,萬里區,中萬里加投,野柳,149-2
萬里區,海洋,,613,萬里區,中萬里加投,野柳,149-4
萬里區,海洋,,614,萬里區,中萬里加投,野柳,71-1
萬里區,海洋,,615,萬里區,中萬里加投,野柳,71
萬里區,海洋,,616,萬里區,中萬里加投,野柳,83
萬里區,海洋,,617,萬里區,中萬里加投,野柳,83-3
萬里區,海洋,,618,萬里區,中萬里加投,野柳,83-2
萬里區,海洋,,619,萬里區,中萬里加投,野柳,83-1
萬里區,海洋,,62,萬里區,中萬里加投,野柳,19-48
萬里區,海洋,,620,萬里區,中萬里加投,野柳,80-11
萬里區,海洋,,621,萬里區,中萬里加投,野柳,80-6
萬里區,海洋,,622,萬里區,中萬里加投,野柳,80-7
萬里區,海洋,,623,萬里區,中萬里加投,野柳,80-8
萬里區,海洋,,624,萬里區,中萬里加投,野柳,80-9
萬里區,海洋,,625,萬里區,中萬里加投,野柳,80-10
萬里區,海洋,,626,萬里區,中萬里加投,野柳,80-1
萬里區,海洋,,627,萬里區,中萬里加投,野柳,80-3
萬里區,海洋,,628,萬里區,中萬里加投,野柳,80
萬里區,海洋,,629,萬里區,中萬里加投,野柳,79
萬里區,海洋,,63,萬里區,中萬里加投,野柳,19-21
萬里區,海洋,,630,萬里區,中萬里加投,野柳,80-4
萬里區,海洋,,631,萬里區,中萬里加投,野柳,80-2
萬里區,海洋,,632,萬里區,中萬里加投,野柳,80-5
萬里區,海洋,,633,萬里區,中萬里加投,野柳,94-75
萬里區,海洋,,634,萬里區,中萬里加投,野柳,94-14
萬里區,海洋,,635,萬里區,中萬里加投,野柳,94-74
萬里區,海洋,,636,萬里區,中萬里加投,野柳,82-2
萬里區,海洋,,637,萬里區,中萬里加投,野柳,82-9
萬里區,海洋,,638,萬里區,中萬里加投,野柳,82-13
萬里區,海洋,,639,萬里區,中萬里加投,野柳,82-1
萬里區,海洋,,64,萬里區,中萬里加投,野柳,19-82
萬里區,海洋,,640,萬里區,中萬里加投,野柳,81
萬里區,海洋,,641,萬里區,中萬里加投,野柳,401
萬里區,海洋,,642,萬里區,中萬里加投,野柳,82-8
萬里區,海洋,,643,萬里區,中萬里加投,野柳,81-1
萬里區,海洋,,644,萬里區,中萬里加投,野柳,82-4
萬里區,海洋,,645,萬里區,中萬里加投,野柳,82-10
萬里區,海洋,,646,萬里區,中萬里加投,野柳,82-12
萬里區,海洋,,647,萬里區,中萬里加投,野柳,82-11
萬里區,海洋,,648,萬里區,中萬里加投,野柳,82
萬里區,海洋,,649,萬里區,中萬里加投,野柳,82-3
萬里區,海洋,,65,萬里區,中萬里加投,野柳,19-93
萬里區,海洋,,650,萬里區,中萬里加投,野柳,82-6
萬里區,海洋,,651,萬里區,中萬里加投,野柳,82-7
萬里區,海洋,,652,萬里區,中萬里加投,野柳,84-6
萬里區,海洋,,653,萬里區,中萬里加投,野柳,84-2
萬里區,海洋,,654,萬里區,中萬里加投,野柳,84
萬里區,海洋,,655,萬里區,中萬里加投,野柳,84-4
萬里區,海洋,,656,萬里區,中萬里加投,野柳,84-1
萬里區,海洋,,657,萬里區,中萬里加投,野柳,87-2
萬里區,海洋,,658,萬里區,中萬里加投,野柳,88-1
萬里區,海洋,,659,萬里區,中萬里加投,野柳,88
萬里區,海洋,,66,萬里區,中萬里加投,野柳,19-38
萬里區,海洋,,660,萬里區,中萬里加投,野柳,89
萬里區,海洋,,661,萬里區,中萬里加投,野柳,87
萬里區,海洋,,662,萬里區,中萬里加投,野柳,86
萬里區,海洋,,663,萬里區,中萬里加投,野柳,86-1
萬里區,海洋,,664,萬里區,中萬里加投,野柳,87-1
萬里區,海洋,,665,萬里區,中萬里加投,野柳,85
萬里區,海洋,,666,萬里區,中萬里加投,野柳,89-1
萬里區,海洋,,667,萬里區,中萬里加投,野柳,82-5
萬里區,海洋,,668,萬里區,中萬里加投,野柳,94-20
萬里區,海洋,,669,萬里區,中萬里加投,野柳,90-5
萬里區,海洋,,67,萬里區,中萬里加投,野柳,19-78
萬里區,海洋,,670,萬里區,中萬里加投,野柳,90-3
萬里區,海洋,,671,萬里區,中萬里加投,野柳,90-1
萬里區,海洋,,672,萬里區,中萬里加投,野柳,90
萬里區,海洋,,673,萬里區,中萬里加投,野柳,91-1
萬里區,海洋,,674,萬里區,中萬里加投,野柳,91
萬里區,海洋,,675,萬里區,中萬里加投,野柳,90-4
萬里區,海洋,,676,萬里區,中萬里加投,野柳,94-21
萬里區,海洋,,677,萬里區,中萬里加投,野柳,94-73
萬里區,海洋,,678,萬里區,中萬里加投,野柳,92-1
萬里區,海洋,,679,萬里區,中萬里加投,野柳,93-1
萬里區,海洋,,68,萬里區,中萬里加投,野柳,19-90
萬里區,海洋,,680,萬里區,中萬里加投,野柳,91-3
萬里區,海洋,,681,萬里區,中萬里加投,野柳,91-4
萬里區,海洋,,682,萬里區,中萬里加投,野柳,93-2
萬里區,海洋,,683,萬里區,中萬里加投,野柳,93
萬里區,海洋,,684,萬里區,中萬里加投,野柳,94-11
萬里區,海洋,,685,萬里區,中萬里加投,野柳,94-94
萬里區,海洋,,686,萬里區,中萬里加投,野柳,148
萬里區,海洋,,687,萬里區,中萬里加投,野柳,148-1
萬里區,海洋,,688,萬里區,中萬里加投,野柳,94-22
萬里區,海洋,,689,萬里區,中萬里加投,野柳,94-23
萬里區,海洋,,69,萬里區,中萬里加投,野柳,19-47
萬里區,海洋,,690,萬里區,中萬里加投,野柳,94-58
萬里區,海洋,,691,萬里區,中萬里加投,野柳,94-59
萬里區,海洋,,692,萬里區,中萬里加投,野柳,94-24
萬里區,海洋,,693,萬里區,中萬里加投,野柳,94-25
萬里區,海洋,,694,萬里區,中萬里加投,野柳,94-60
萬里區,海洋,,695,萬里區,中萬里加投,野柳,94-61
萬里區,海洋,,696,萬里區,中萬里加投,野柳,94-26
萬里區,海洋,,697,萬里區,中萬里加投,野柳,94-27
萬里區,海洋,,698,萬里區,中萬里加投,野柳,94-93
萬里區,海洋,,699,萬里區,中萬里加投,野柳,94-71
萬里區,海洋,,7,萬里區,中萬里加投,野柳,1-1
萬里區,海洋,,70,萬里區,中萬里加投,野柳,19-27
萬里區,海洋,,700,萬里區,中萬里加投,野柳,94-90
萬里區,海洋,,701,萬里區,中萬里加投,野柳,94-5
萬里區,海洋,,702,萬里區,中萬里加投,野柳,94-6
萬里區,海洋,,703,萬里區,中萬里加投,野柳,94-64
萬里區,海洋,,704,萬里區,中萬里加投,野柳,94-10
萬里區,海洋,,705,萬里區,中萬里加投,野柳,94-7
萬里區,海洋,,706,萬里區,中萬里加投,野柳,94-91
萬里區,海洋,,707,萬里區,中萬里加投,野柳,94-8
萬里區,海洋,,708,萬里區,中萬里加投,野柳,94
萬里區,海洋,,709,萬里區,中萬里加投,野柳,94-15
萬里區,海洋,,71,萬里區,中萬里加投,野柳,19-89
萬里區,海洋,,710,萬里區,中萬里加投,野柳,94-16
萬里區,海洋,,711,萬里區,中萬里加投,野柳,94-17
萬里區,海洋,,712,萬里區,中萬里加投,野柳,94-70
萬里區,海洋,,713,萬里區,中萬里加投,野柳,94-2
萬里區,海洋,,714,萬里區,中萬里加投,野柳,94-4
萬里區,海洋,,715,萬里區,中萬里加投,野柳,94-28
萬里區,海洋,,716,萬里區,中萬里加投,野柳,94-77
萬里區,海洋,,717,萬里區,中萬里加投,野柳,94-78
萬里區,海洋,,718,萬里區,中萬里加投,野柳,94-63
萬里區,海洋,,719,萬里區,中萬里加投,野柳,94-62
萬里區,海洋,,72,萬里區,中萬里加投,野柳,19-12
萬里區,海洋,,720,萬里區,中萬里加投,野柳,94-29
萬里區,海洋,,721,萬里區,中萬里加投,野柳,94-30
萬里區,海洋,,722,萬里區,中萬里加投,野柳,94-65
萬里區,海洋,,723,萬里區,中萬里加投,野柳,94-31
萬里區,海洋,,724,萬里區,中萬里加投,野柳,94-67
萬里區,海洋,,725,萬里區,中萬里加投,野柳,94-32
萬里區,海洋,,726,萬里區,中萬里加投,野柳,94-33
萬里區,海洋,,727,萬里區,中萬里加投,野柳,94-68
萬里區,海洋,,728,萬里區,中萬里加投,野柳,94-76
萬里區,海洋,,729,萬里區,中萬里加投,野柳,94-69
萬里區,海洋,,73,萬里區,中萬里加投,野柳,19-28
萬里區,海洋,,730,萬里區,中萬里加投,野柳,94-34
萬里區,海洋,,731,萬里區,中萬里加投,野柳,94-39
萬里區,海洋,,732,萬里區,中萬里加投,野柳,94-40
萬里區,海洋,,733,萬里區,中萬里加投,野柳,94-41
萬里區,海洋,,734,萬里區,中萬里加投,野柳,94-42
萬里區,海洋,,735,萬里區,中萬里加投,野柳,94-43
萬里區,海洋,,736,萬里區,中萬里加投,野柳,94-44
萬里區,海洋,,737,萬里區,中萬里加投,野柳,94-45
萬里區,海洋,,738,萬里區,中萬里加投,野柳,94-46
萬里區,海洋,,739,萬里區,中萬里加投,野柳,94-12
萬里區,海洋,,74,萬里區,中萬里加投,野柳,19-29
萬里區,海洋,,740,萬里區,中萬里加投,野柳,94-88
萬里區,海洋,,741,萬里區,中萬里加投,野柳,94-84
萬里區,海洋,,742,萬里區,中萬里加投,野柳,94-35
萬里區,海洋,,743,萬里區,中萬里加投,野柳,94-38
萬里區,海洋,,744,萬里區,中萬里加投,野柳,94-37
萬里區,海洋,,745,萬里區,中萬里加投,野柳,94-36
萬里區,海洋,,746,萬里區,中萬里加投,野柳,94-79
萬里區,海洋,,747,萬里區,中萬里加投,野柳,94-80
萬里區,海洋,,748,萬里區,中萬里加投,野柳,94-81
萬里區,海洋,,749,萬里區,中萬里加投,野柳,94-47
萬里區,海洋,,75,萬里區,中萬里加投,野柳,19-50
萬里區,海洋,,750,萬里區,中萬里加投,野柳,94-48
萬里區,海洋,,751,萬里區,中萬里加投,野柳,94-49
萬里區,海洋,,752,萬里區,中萬里加投,野柳,94-50
萬里區,海洋,,753,萬里區,中萬里加投,野柳,94-51
萬里區,海洋,,754,萬里區,中萬里加投,野柳,94-52
萬里區,海洋,,755,萬里區,中萬里加投,野柳,94-53
萬里區,海洋,,756,萬里區,中萬里加投,野柳,94-54
萬里區,海洋,,757,萬里區,中萬里加投,野柳,94-55
萬里區,海洋,,758,萬里區,中萬里加投,野柳,94-56
萬里區,海洋,,759,萬里區,中萬里加投,野柳,94-57
萬里區,海洋,,76,萬里區,中萬里加投,野柳,19-94
萬里區,海洋,,760,萬里區,中萬里加投,野柳,94-13
萬里區,海洋,,761,萬里區,中萬里加投,野柳,94-89
萬里區,海洋,,762,萬里區,中萬里加投,野柳,94-3
萬里區,海洋,,763,萬里區,中萬里加投,野柳,94-19
萬里區,海洋,,764,萬里區,中萬里加投,野柳,84-5
萬里區,海洋,,765,萬里區,中萬里加投,野柳,90-2
萬里區,海洋,,766,萬里區,中萬里加投,野柳,160
萬里區,海洋,,767,萬里區,中萬里加投,野柳,159
萬里區,海洋,,768,萬里區,中萬里加投,野柳,123-2
萬里區,海洋,,769,萬里區,中萬里加投,野柳,94-82
萬里區,海洋,,77,萬里區,中萬里加投,野柳,19-8
萬里區,海洋,,770,萬里區,中萬里加投,野柳,94-18
萬里區,海洋,,771,萬里區,中萬里加投,野柳,130-8
萬里區,海洋,,772,萬里區,中萬里加投,野柳,123-10
萬里區,海洋,,773,萬里區,中萬里加投,野柳,123-1
萬里區,海洋,,774,萬里區,中萬里加投,野柳,123-9
萬里區,海洋,,775,萬里區,中萬里加投,野柳,124-1
萬里區,海洋,,776,萬里區,中萬里加投,野柳,125-1
萬里區,海洋,,777,萬里區,中萬里加投,野柳,130-13
萬里區,海洋,,778,萬里區,中萬里加投,野柳,123-6
萬里區,海洋,,779,萬里區,中萬里加投,野柳,130-12
萬里區,海洋,,78,萬里區,中萬里加投,野柳,19-30
萬里區,海洋,,780,萬里區,中萬里加投,野柳,130-9
萬里區,海洋,,781,萬里區,中萬里加投,野柳,130-4
萬里區,海洋,,782,萬里區,中萬里加投,野柳,130-11
萬里區,海洋,,783,萬里區,中萬里加投,野柳,130-10
萬里區,海洋,,784,萬里區,中萬里加投,野柳,130
萬里區,海洋,,785,萬里區,中萬里加投,野柳,130-6
萬里區,海洋,,786,萬里區,中萬里加投,野柳,128-9
萬里區,海洋,,787,萬里區,中萬里加投,野柳,128-7
萬里區,海洋,,788,萬里區,中萬里加投,野柳,128-14
萬里區,海洋,,789,萬里區,中萬里加投,野柳,128-6
萬里區,海洋,,79,萬里區,中萬里加投,野柳,19-88
萬里區,海洋,,790,萬里區,中萬里加投,野柳,128-5
萬里區,海洋,,791,萬里區,中萬里加投,野柳,128-16
萬里區,海洋,,792,萬里區,中萬里加投,野柳,128
萬里區,海洋,,793,萬里區,中萬里加投,野柳,128-18
萬里區,海洋,,794,萬里區,中萬里加投,野柳,128-8
萬里區,海洋,,795,萬里區,中萬里加投,野柳,128-2
萬里區,海洋,,796,萬里區,中萬里加投,大湖,129
萬里區,海洋,,797,萬里區,中萬里加投,野柳,128-1
萬里區,海洋,,798,萬里區,中萬里加投,野柳,128-11
萬里區,海洋,,799,萬里區,中萬里加投,野柳,128-17
萬里區,海洋,,8,萬里區,中萬里加投,野柳,1
萬里區,海洋,,80,萬里區,中萬里加投,野柳,19-23
萬里區,海洋,,800,萬里區,中萬里加投,野柳,128-4
萬里區,海洋,,801,萬里區,中萬里加投,野柳,128-19
萬里區,海洋,,802,萬里區,中萬里加投,野柳,128-15
萬里區,海洋,,803,萬里區,中萬里加投,野柳,127-1
萬里區,海洋,,804,萬里區,中萬里加投,野柳,127
萬里區,海洋,,805,萬里區,中萬里加投,野柳,126
萬里區,海洋,,806,萬里區,中萬里加投,野柳,124
萬里區,海洋,,807,萬里區,中萬里加投,野柳,98-122
萬里區,海洋,,808,萬里區,中萬里加投,野柳,98-131
萬里區,海洋,,809,萬里區,中萬里加投,野柳,123-12
萬里區,海洋,,81,萬里區,中萬里加投,野柳,19-18
萬里區,海洋,,810,萬里區,中萬里加投,野柳,123-3
萬里區,海洋,,811,萬里區,中萬里加投,野柳,123
萬里區,海洋,,812,萬里區,中萬里加投,野柳,98-132
萬里區,海洋,,813,萬里區,中萬里加投,野柳,98-64
萬里區,海洋,,814,萬里區,中萬里加投,野柳,98-133
萬里區,海洋,,815,萬里區,中萬里加投,野柳,98-134
萬里區,海洋,,816,萬里區,中萬里加投,野柳,121-1
萬里區,海洋,,817,萬里區,中萬里加投,野柳,116-7
萬里區,海洋,,818,萬里區,中萬里加投,野柳,116-1
萬里區,海洋,,819,萬里區,中萬里加投,野柳,121
萬里區,海洋,,82,萬里區,中萬里加投,野柳,19-97
萬里區,海洋,,820,萬里區,中萬里加投,野柳,122
萬里區,海洋,,821,萬里區,中萬里加投,野柳,120
萬里區,海洋,,823,萬里區,中萬里加投,野柳,119
萬里區,海洋,,824,萬里區,中萬里加投,野柳,123-4
萬里區,海洋,,825,萬里區,中萬里加投,野柳,123-11
萬里區,海洋,,826,萬里區,中萬里加投,野柳,123-13
萬里區,海洋,,827,萬里區,中萬里加投,野柳,123-7
萬里區,海洋,,828,萬里區,中萬里加投,野柳,118
萬里區,海洋,,829,萬里區,中萬里加投,野柳,117
萬里區,海洋,,83,萬里區,中萬里加投,野柳,171
萬里區,海洋,,830,萬里區,中萬里加投,野柳,116
萬里區,海洋,,831,萬里區,中萬里加投,野柳,116-6
萬里區,海洋,,832,萬里區,中萬里加投,野柳,98-46
萬里區,海洋,,833,萬里區,中萬里加投,野柳,115-1
萬里區,海洋,,834,萬里區,中萬里加投,野柳,115-6
萬里區,海洋,,835,萬里區,中萬里加投,野柳,115-2
萬里區,海洋,,836,萬里區,中萬里加投,野柳,114
萬里區,海洋,,837,萬里區,中萬里加投,野柳,115-3
萬里區,海洋,,838,萬里區,中萬里加投,野柳,114-1
萬里區,海洋,,839,萬里區,中萬里加投,野柳,113
萬里區,海洋,,84,萬里區,中萬里加投,野柳,172
萬里區,海洋,,840,萬里區,中萬里加投,野柳,112
萬里區,海洋,,841,萬里區,中萬里加投,野柳,112-7
萬里區,海洋,,842,萬里區,中萬里加投,野柳,112-4
萬里區,海洋,,843,萬里區,中萬里加投,野柳,112-5
萬里區,海洋,,844,萬里區,中萬里加投,野柳,112-1
萬里區,海洋,,845,萬里區,中萬里加投,野柳,112-2
萬里區,海洋,,846,萬里區,中萬里加投,野柳,112-3
萬里區,海洋,,847,萬里區,中萬里加投,野柳,123-8
萬里區,海洋,,848,萬里區,中萬里加投,野柳,404
萬里區,海洋,,849,萬里區,中萬里加投,野柳,112-6
萬里區,海洋,,85,萬里區,中萬里加投,野柳,19-98
萬里區,海洋,,850,萬里區,中萬里加投,野柳,109-3
萬里區,海洋,,851,萬里區,中萬里加投,野柳,109-1
萬里區,海洋,,852,萬里區,中萬里加投,野柳,108-3
萬里區,海洋,,853,萬里區,中萬里加投,野柳,108-1
萬里區,海洋,,854,萬里區,中萬里加投,野柳,109
萬里區,海洋,,855,萬里區,中萬里加投,野柳,110
萬里區,海洋,,856,萬里區,中萬里加投,野柳,111
萬里區,海洋,,857,萬里區,中萬里加投,野柳,102-7
萬里區,海洋,,858,萬里區,中萬里加投,野柳,111-1
萬里區,海洋,,859,萬里區,中萬里加投,野柳,105
萬里區,海洋,,86,萬里區,中萬里加投,野柳,19-41
萬里區,海洋,,860,萬里區,中萬里加投,野柳,104-1
萬里區,海洋,,861,萬里區,中萬里加投,野柳,107-1
萬里區,海洋,,862,萬里區,中萬里加投,野柳,107-6
萬里區,海洋,,863,萬里區,中萬里加投,野柳,107-5
萬里區,海洋,,864,萬里區,中萬里加投,野柳,107-4
萬里區,海洋,,865,萬里區,中萬里加投,野柳,107
萬里區,海洋,,866,萬里區,中萬里加投,野柳,106-2
萬里區,海洋,,867,萬里區,中萬里加投,野柳,106
萬里區,海洋,,868,萬里區,中萬里加投,野柳,104
萬里區,海洋,,869,萬里區,中萬里加投,野柳,103
萬里區,海洋,,87,萬里區,中萬里加投,野柳,19-99
萬里區,海洋,,870,萬里區,中萬里加投,野柳,102-6
萬里區,海洋,,871,萬里區,中萬里加投,野柳,102-3
萬里區,海洋,,872,萬里區,中萬里加投,野柳,102-5
萬里區,海洋,,873,萬里區,中萬里加投,野柳,102
萬里區,海洋,,874,萬里區,中萬里加投,野柳,100-5
萬里區,海洋,,875,萬里區,中萬里加投,野柳,101
萬里區,海洋,,876,萬里區,中萬里加投,野柳,101-3
萬里區,海洋,,877,萬里區,中萬里加投,野柳,100-12
萬里區,海洋,,878,萬里區,中萬里加投,野柳,98-171
萬里區,海洋,,879,萬里區,中萬里加投,野柳,98-21
萬里區,海洋,,88,萬里區,中萬里加投,野柳,19-39
萬里區,海洋,,880,萬里區,中萬里加投,野柳,98-20
萬里區,海洋,,881,萬里區,中萬里加投,野柳,100-11
萬里區,海洋,,882,萬里區,中萬里加投,野柳,108
萬里區,海洋,,883,萬里區,中萬里加投,野柳,100-10
萬里區,海洋,,885,萬里區,中萬里加投,野柳,100-8
萬里區,海洋,,886,萬里區,中萬里加投,野柳,98-17
萬里區,海洋,,887,萬里區,中萬里加投,野柳,98-19
萬里區,海洋,,888,萬里區,中萬里加投,野柳,102-8
萬里區,海洋,,889,萬里區,中萬里加投,野柳,100
萬里區,海洋,,89,萬里區,中萬里加投,野柳,19-80
萬里區,海洋,,890,萬里區,中萬里加投,野柳,100-9
萬里區,海洋,,891,萬里區,中萬里加投,野柳,100-2
萬里區,海洋,,893,萬里區,中萬里加投,野柳,99-9
萬里區,海洋,,895,萬里區,中萬里加投,野柳,99-8
萬里區,海洋,,896,萬里區,中萬里加投,野柳,99-4
萬里區,海洋,,897,萬里區,中萬里加投,野柳,98-114
萬里區,海洋,,898,萬里區,中萬里加投,野柳,98-113
萬里區,海洋,,899,萬里區,中萬里加投,野柳,99-3
萬里區,海洋,,9,萬里區,中萬里加投,野柳,2-7
萬里區,海洋,,90,萬里區,中萬里加投,野柳,19-40
萬里區,海洋,,900,萬里區,中萬里加投,野柳,99-7
萬里區,海洋,,901,萬里區,中萬里加投,野柳,99-6
萬里區,海洋,,902,萬里區,中萬里加投,野柳,99
萬里區,海洋,,903,萬里區,中萬里加投,野柳,98-22
萬里區,海洋,,904,萬里區,中萬里加投,野柳,98-125
萬里區,海洋,,905,萬里區,中萬里加投,野柳,98-8
萬里區,海洋,,906,萬里區,中萬里加投,野柳,98-112
萬里區,海洋,,907,萬里區,中萬里加投,野柳,98-111
萬里區,海洋,,908,萬里區,中萬里加投,野柳,98-110
萬里區,海洋,,909,萬里區,中萬里加投,野柳,98-130
萬里區,海洋,,91,萬里區,中萬里加投,野柳,19-11
萬里區,海洋,,910,萬里區,中萬里加投,野柳,98-121
萬里區,海洋,,911,萬里區,中萬里加投,野柳,97-1
萬里區,海洋,,912,萬里區,中萬里加投,野柳,97
萬里區,海洋,,913,萬里區,中萬里加投,野柳,98-7
萬里區,海洋,,914,萬里區,中萬里加投,野柳,102-1
萬里區,海洋,,915,萬里區,中萬里加投,野柳,102-4
萬里區,海洋,,916,萬里區,中萬里加投,野柳,102-2
萬里區,海洋,,917,萬里區,中萬里加投,野柳,158
萬里區,海洋,,918,萬里區,中萬里加投,野柳,155
萬里區,海洋,,919,萬里區,中萬里加投,野柳,154
萬里區,海洋,,92,萬里區,中萬里加投,野柳,19-24
萬里區,海洋,,920,萬里區,中萬里加投,野柳,153
萬里區,海洋,,921,萬里區,中萬里加投,野柳,150
萬里區,海洋,,922,萬里區,中萬里加投,野柳,152
萬里區,海洋,,923,萬里區,中萬里加投,野柳,151
萬里區,海洋,,924,萬里區,中萬里加投,野柳,98-6
萬里區,海洋,,925,萬里區,中萬里加投,野柳,95
萬里區,海洋,,926,萬里區,中萬里加投,野柳,95-12
萬里區,海洋,,927,萬里區,中萬里加投,野柳,95-14
萬里區,海洋,,928,萬里區,中萬里加投,野柳,95-13
萬里區,海洋,,929,萬里區,中萬里加投,野柳,95-38
萬里區,海洋,,93,萬里區,中萬里加投,野柳,19-25
萬里區,海洋,,930,萬里區,中萬里加投,野柳,95-39
萬里區,海洋,,931,萬里區,中萬里加投,野柳,95-15
萬里區,海洋,,932,萬里區,中萬里加投,野柳,95-40
萬里區,海洋,,933,萬里區,中萬里加投,野柳,95-41
萬里區,海洋,,934,萬里區,中萬里加投,野柳,95-16
萬里區,海洋,,935,萬里區,中萬里加投,野柳,95-17
萬里區,海洋,,936,萬里區,中萬里加投,野柳,95-42
萬里區,海洋,,937,萬里區,中萬里加投,野柳,95-43
萬里區,海洋,,938,萬里區,中萬里加投,野柳,95-18
萬里區,海洋,,939,萬里區,中萬里加投,野柳,95-19
萬里區,海洋,,94,萬里區,中萬里加投,野柳,19-4
萬里區,海洋,,940,萬里區,中萬里加投,野柳,95-45
萬里區,海洋,,941,萬里區,中萬里加投,野柳,95-21
萬里區,海洋,,942,萬里區,中萬里加投,野柳,95-44
萬里區,海洋,,943,萬里區,中萬里加投,野柳,95-27
萬里區,海洋,,944,萬里區,中萬里加投,野柳,95-29
萬里區,海洋,,945,萬里區,中萬里加投,野柳,95-28
萬里區,海洋,,946,萬里區,中萬里加投,野柳,95-46
萬里區,海洋,,947,萬里區,中萬里加投,野柳,95-47
萬里區,海洋,,948,萬里區,中萬里加投,野柳,95-22
萬里區,海洋,,949,萬里區,中萬里加投,野柳,95-20
萬里區,海洋,,95,萬里區,中萬里加投,野柳,173
萬里區,海洋,,950,萬里區,中萬里加投,野柳,95-1
萬里區,海洋,,951,萬里區,中萬里加投,野柳,156
萬里區,海洋,,952,萬里區,中萬里加投,野柳,95-2
萬里區,海洋,,953,萬里區,中萬里加投,野柳,95-23
萬里區,海洋,,954,萬里區,中萬里加投,野柳,95-48
萬里區,海洋,,955,萬里區,中萬里加投,野柳,95-30
萬里區,海洋,,956,萬里區,中萬里加投,野柳,95-49
萬里區,海洋,,957,萬里區,中萬里加投,野柳,95-31
萬里區,海洋,,958,萬里區,中萬里加投,野柳,95-24
萬里區,海洋,,959,萬里區,中萬里加投,野柳,95-25
萬里區,海洋,,96,萬里區,中萬里加投,野柳,19-5
萬里區,海洋,,960,萬里區,中萬里加投,野柳,95-32
萬里區,海洋,,961,萬里區,中萬里加投,野柳,95-26
萬里區,海洋,,962,萬里區,中萬里加投,野柳,95-33
萬里區,海洋,,963,萬里區,中萬里加投,野柳,95-34
萬里區,海洋,,964,萬里區,中萬里加投,野柳,95-50
萬里區,海洋,,965,萬里區,中萬里加投,野柳,95-35
萬里區,海洋,,966,萬里區,中萬里加投,野柳,95-36
萬里區,海洋,,967,萬里區,中萬里加投,野柳,95-37
萬里區,海洋,,968,萬里區,中萬里加投,野柳,96
萬里區,海洋,,969,萬里區,中萬里加投,野柳,157
萬里區,海洋,,97,萬里區,中萬里加投,野柳,19-26
萬里區,海洋,,970,萬里區,中萬里加投,野柳,98-36
萬里區,海洋,,971,萬里區,中萬里加投,野柳,95-8
萬里區,海洋,,972,萬里區,中萬里加投,野柳,95-11
萬里區,海洋,,973,萬里區,中萬里加投,野柳,95-10
萬里區,海洋,,974,萬里區,中萬里加投,野柳,97-4
萬里區,海洋,,975,萬里區,中萬里加投,野柳,95-4
萬里區,海洋,,976,萬里區,中萬里加投,野柳,98-49
萬里區,海洋,,977,萬里區,中萬里加投,野柳,98-5
萬里區,海洋,,978,萬里區,中萬里加投,野柳,98-120
萬里區,海洋,,979,萬里區,中萬里加投,野柳,95-52
萬里區,海洋,,98,萬里區,中萬里加投,野柳,19-91
萬里區,海洋,,980,萬里區,中萬里加投,野柳,95-51
萬里區,海洋,,981,萬里區,中萬里加投,野柳,98-176
萬里區,海洋,,982,萬里區,中萬里加投,野柳,95-5
萬里區,海洋,,983,萬里區,中萬里加投,野柳,97-10
萬里區,海洋,,984,萬里區,中萬里加投,野柳,97-8
萬里區,海洋,,985,萬里區,中萬里加投,野柳,97-11
萬里區,海洋,,986,萬里區,中萬里加投,野柳,98-1
萬里區,海洋,,987,萬里區,中萬里加投,野柳,98-118
萬里區,海洋,,988,萬里區,中萬里加投,野柳,98-143
萬里區,海洋,,989,萬里區,中萬里加投,野柳,98-115
萬里區,海洋,,99,萬里區,中萬里加投,野柳,29-1
萬里區,海洋,,990,萬里區,中萬里加投,野柳,98-144
萬里區,海洋,,991,萬里區,中萬里加投,野柳,98-31
萬里區,海洋,,992,萬里區,中萬里加投,野柳,98-30
萬里區,海洋,,993,萬里區,中萬里加投,野柳,98-109
萬里區,海洋,,994,萬里區,中萬里加投,野柳,98-140
萬里區,海洋,,995,萬里區,中萬里加投,野柳,98-4
萬里區,海洋,,996,萬里區,中萬里加投,野柳,98-39
萬里區,海洋,,997,萬里區,中萬里加投,野柳,98-37
萬里區,海洋,,998,萬里區,中萬里加投,野柳,98-41
萬里區,海洋,,999,萬里區,中萬里加投,野柳,98-3
萬里區,瑪鋉,,1,萬里區,中萬里加投,瑪鍊港口,288-2
萬里區,瑪鋉,,10,萬里區,中萬里加投,瑪鍊港口,291
萬里區,瑪鋉,,100,萬里區,中萬里加投,瑪鍊港口,183-1
萬里區,瑪鋉,,1000,萬里區,中萬里加投,中幅子,175-3
萬里區,瑪鋉,,1001,萬里區,中萬里加投,中幅子,175-11
萬里區,瑪鋉,,1002,萬里區,中萬里加投,中幅子,175-10
萬里區,瑪鋉,,1003,萬里區,中萬里加投,中幅子,175-9
萬里區,瑪鋉,,1004,萬里區,中萬里加投,中幅子,175-8
萬里區,瑪鋉,,1005,萬里區,中萬里加投,中幅子,175-7
萬里區,瑪鋉,,1006,萬里區,中萬里加投,中幅子,175-5
萬里區,瑪鋉,,1007,萬里區,中萬里加投,中幅子,176-1
萬里區,瑪鋉,,1008,萬里區,中萬里加投,中幅子,176-2
萬里區,瑪鋉,,1009,萬里區,中萬里加投,中幅子,176-3
萬里區,瑪鋉,,101,萬里區,中萬里加投,瑪鍊港口,183
萬里區,瑪鋉,,1010,萬里區,中萬里加投,中幅子,176-4
萬里區,瑪鋉,,1011,萬里區,中萬里加投,中幅子,278
萬里區,瑪鋉,,1012,萬里區,中萬里加投,中幅子,176-5
萬里區,瑪鋉,,1013,萬里區,中萬里加投,中幅子,176-6
萬里區,瑪鋉,,1014,萬里區,中萬里加投,中幅子,176
萬里區,瑪鋉,,1015,萬里區,中萬里加投,中幅子,176-7
萬里區,瑪鋉,,1016,萬里區,中萬里加投,中幅子,176-8
萬里區,瑪鋉,,1017,萬里區,中萬里加投,中幅子,176-9
萬里區,瑪鋉,,1018,萬里區,中萬里加投,中幅子,283
萬里區,瑪鋉,,1019,萬里區,中萬里加投,中幅子,176-10
萬里區,瑪鋉,,102,萬里區,中萬里加投,瑪鍊港口,182-1
萬里區,瑪鋉,,1020,萬里區,中萬里加投,中幅子,176-11
萬里區,瑪鋉,,1021,萬里區,中萬里加投,中幅子,176-12
萬里區,瑪鋉,,1022,萬里區,中萬里加投,中幅子,176-13
萬里區,瑪鋉,,1023,萬里區,中萬里加投,中幅子,176-14
萬里區,瑪鋉,,1024,萬里區,中萬里加投,中幅子,176-15
萬里區,瑪鋉,,1025,萬里區,中萬里加投,中幅子,282
萬里區,瑪鋉,,1027,萬里區,中萬里加投,中幅子,176-16
萬里區,瑪鋉,,1028,萬里區,中萬里加投,中幅子,176-17
萬里區,瑪鋉,,1029,萬里區,中萬里加投,中幅子,116-6
萬里區,瑪鋉,,103,萬里區,中萬里加投,瑪鍊港口,182
萬里區,瑪鋉,,1030,萬里區,中萬里加投,中幅子,176-18
萬里區,瑪鋉,,1031,萬里區,中萬里加投,中幅子,281
萬里區,瑪鋉,,1032,萬里區,中萬里加投,中幅子,281-1
萬里區,瑪鋉,,1033,萬里區,中萬里加投,中幅子,116-3
萬里區,瑪鋉,,1034,萬里區,中萬里加投,中幅子,116-4
萬里區,瑪鋉,,1035,萬里區,中萬里加投,中幅子,116-5
萬里區,瑪鋉,,1036,萬里區,中萬里加投,中幅子,280
萬里區,瑪鋉,,1037,萬里區,中萬里加投,中幅子,280-2
萬里區,瑪鋉,,1038,萬里區,中萬里加投,中幅子,280-1
萬里區,瑪鋉,,1039,萬里區,中萬里加投,中幅子,116-2
萬里區,瑪鋉,,104,萬里區,中萬里加投,瑪鍊港口,181-1
萬里區,瑪鋉,,1040,萬里區,中萬里加投,中幅子,279-9
萬里區,瑪鋉,,1041,萬里區,中萬里加投,中幅子,279-13
萬里區,瑪鋉,,1042,萬里區,中萬里加投,中幅子,279-12
萬里區,瑪鋉,,1043,萬里區,中萬里加投,中幅子,279-11
萬里區,瑪鋉,,1044,萬里區,中萬里加投,中幅子,279-10
萬里區,瑪鋉,,1045,萬里區,中萬里加投,中幅子,279-14
萬里區,瑪鋉,,1046,萬里區,中萬里加投,中幅子,116-9
萬里區,瑪鋉,,1047,萬里區,中萬里加投,中幅子,116-13
萬里區,瑪鋉,,1048,萬里區,中萬里加投,中幅子,116-10
萬里區,瑪鋉,,105,萬里區,中萬里加投,瑪鍊港口,181
萬里區,瑪鋉,,1050,萬里區,中萬里加投,中幅子,279-8
萬里區,瑪鋉,,1051,萬里區,中萬里加投,瑪鍊港內,163
萬里區,瑪鋉,,1052,萬里區,中萬里加投,瑪鍊港內,179
萬里區,瑪鋉,,1053,萬里區,中萬里加投,瑪鍊港內,172-2
萬里區,瑪鋉,,1054,萬里區,中萬里加投,瑪鍊港內,178
萬里區,瑪鋉,,1055,萬里區,中萬里加投,瑪鍊港內,177
萬里區,瑪鋉,,1056,萬里區,中萬里加投,瑪鍊港內,172
萬里區,瑪鋉,,1057,萬里區,中萬里加投,瑪鍊港內,172-1
萬里區,瑪鋉,,1058,萬里區,中萬里加投,瑪鍊港內,171
萬里區,瑪鋉,,1059,萬里區,中萬里加投,瑪鍊港內,170
萬里區,瑪鋉,,106,萬里區,中萬里加投,瑪鍊港口,180-3
萬里區,瑪鋉,,1060,萬里區,中萬里加投,瑪鍊港內,164
萬里區,瑪鋉,,1061,萬里區,中萬里加投,瑪鍊港內,165
萬里區,瑪鋉,,1062,萬里區,中萬里加投,瑪鍊港內,166
萬里區,瑪鋉,,1063,萬里區,中萬里加投,瑪鍊港內,166-1
萬里區,瑪鋉,,1064,萬里區,中萬里加投,瑪鍊港內,166-2
萬里區,瑪鋉,,1065,萬里區,中萬里加投,瑪鍊港內,169
萬里區,瑪鋉,,1069,萬里區,中萬里加投,瑪鍊港內,167
萬里區,瑪鋉,,107,萬里區,中萬里加投,瑪鍊港口,180-5
萬里區,瑪鋉,,1070,萬里區,中萬里加投,瑪鍊港內,168
萬里區,瑪鋉,,1071,萬里區,中萬里加投,瑪鍊港內,173
萬里區,瑪鋉,,1072,萬里區,中萬里加投,瑪鍊港內,176
萬里區,瑪鋉,,1073,萬里區,中萬里加投,瑪鍊港內,175
萬里區,瑪鋉,,1074,萬里區,中萬里加投,瑪鍊港內,174
萬里區,瑪鋉,,1075,萬里區,中萬里加投,瑪鍊港內,181
萬里區,瑪鋉,,1076,萬里區,中萬里加投,瑪鍊港內,178-1
萬里區,瑪鋉,,1077,萬里區,中萬里加投,瑪鍊港內,180
萬里區,瑪鋉,,1078,萬里區,中萬里加投,瑪鍊港內,182
萬里區,瑪鋉,,1079,萬里區,中萬里加投,瑪鍊港內,183
萬里區,瑪鋉,,108,萬里區,中萬里加投,瑪鍊港口,180-4
萬里區,瑪鋉,,1080,萬里區,中萬里加投,瑪鍊港內,184
萬里區,瑪鋉,,1081,萬里區,中萬里加投,瑪鍊港內,287
萬里區,瑪鋉,,1082,萬里區,中萬里加投,瑪鍊港內,286
萬里區,瑪鋉,,1083,萬里區,中萬里加投,瑪鍊港內,285
萬里區,瑪鋉,,1084,萬里區,中萬里加投,瑪鍊港內,284
萬里區,瑪鋉,,1085,萬里區,中萬里加投,瑪鍊港內,283
萬里區,瑪鋉,,1086,萬里區,中萬里加投,瑪鍊港內,282
萬里區,瑪鋉,,1087,萬里區,中萬里加投,瑪鍊港內,281
萬里區,瑪鋉,,1088,萬里區,中萬里加投,瑪鍊港內,288
萬里區,瑪鋉,,1089,萬里區,中萬里加投,瑪鍊港內,136
萬里區,瑪鋉,,109,萬里區,中萬里加投,瑪鍊港口,180
萬里區,瑪鋉,,1090,萬里區,中萬里加投,瑪鍊港內,136-9
萬里區,瑪鋉,,1091,萬里區,中萬里加投,瑪鍊港內,136-10
萬里區,瑪鋉,,1092,萬里區,中萬里加投,瑪鍊港內,136-53
萬里區,瑪鋉,,1093,萬里區,中萬里加投,瑪鍊港內,136-55
萬里區,瑪鋉,,1094,萬里區,中萬里加投,瑪鍊港內,136-11
萬里區,瑪鋉,,1095,萬里區,中萬里加投,瑪鍊港內,136-12
萬里區,瑪鋉,,1096,萬里區,中萬里加投,瑪鍊港內,136-60
萬里區,瑪鋉,,1097,萬里區,中萬里加投,瑪鍊港內,136-56
萬里區,瑪鋉,,1098,萬里區,中萬里加投,瑪鍊港內,136-57
萬里區,瑪鋉,,1099,萬里區,中萬里加投,瑪鍊港內,136-58
萬里區,瑪鋉,,11,萬里區,中萬里加投,瑪鍊港口,291-1
萬里區,瑪鋉,,110,萬里區,中萬里加投,瑪鍊港口,178-34
萬里區,瑪鋉,,1100,萬里區,中萬里加投,瑪鍊港內,136-20
萬里區,瑪鋉,,1101,萬里區,中萬里加投,瑪鍊港內,136-22
萬里區,瑪鋉,,1102,萬里區,中萬里加投,瑪鍊港內,136-21
萬里區,瑪鋉,,1103,萬里區,中萬里加投,瑪鍊港內,136-19
萬里區,瑪鋉,,1104,萬里區,中萬里加投,瑪鍊港內,162
萬里區,瑪鋉,,1105,萬里區,中萬里加投,瑪鍊港內,162-1
萬里區,瑪鋉,,1107,萬里區,中萬里加投,瑪鍊港內,162-2
萬里區,瑪鋉,,1108,萬里區,中萬里加投,瑪鍊港內,161
萬里區,瑪鋉,,1109,萬里區,中萬里加投,瑪鍊港內,160
萬里區,瑪鋉,,111,萬里區,中萬里加投,瑪鍊港口,180-2
萬里區,瑪鋉,,1111,萬里區,中萬里加投,瑪鍊港內,159-2
萬里區,瑪鋉,,1112,萬里區,中萬里加投,瑪鍊港內,159-3
萬里區,瑪鋉,,1113,萬里區,中萬里加投,瑪鍊港內,159-1
萬里區,瑪鋉,,1114,萬里區,中萬里加投,瑪鍊港內,159
萬里區,瑪鋉,,1116,萬里區,中萬里加投,瑪鍊港內,158
萬里區,瑪鋉,,1117,萬里區,中萬里加投,瑪鍊港內,157
萬里區,瑪鋉,,1118,萬里區,中萬里加投,瑪鍊港內,156
萬里區,瑪鋉,,1119,萬里區,中萬里加投,瑪鍊港內,152-10
萬里區,瑪鋉,,112,萬里區,中萬里加投,瑪鍊港口,180-1
萬里區,瑪鋉,,1120,萬里區,中萬里加投,瑪鍊港內,152-1
萬里區,瑪鋉,,1121,萬里區,中萬里加投,瑪鍊港內,152-8
萬里區,瑪鋉,,1122,萬里區,中萬里加投,瑪鍊港內,152-2
萬里區,瑪鋉,,1123,萬里區,中萬里加投,瑪鍊港內,152-3
萬里區,瑪鋉,,1124,萬里區,中萬里加投,瑪鍊港內,152-7
萬里區,瑪鋉,,1125,萬里區,中萬里加投,瑪鍊港內,151-1
萬里區,瑪鋉,,1126,萬里區,中萬里加投,瑪鍊港內,151
萬里區,瑪鋉,,1127,萬里區,中萬里加投,瑪鍊港內,152-5
萬里區,瑪鋉,,1128,萬里區,中萬里加投,瑪鍊港內,152-4
萬里區,瑪鋉,,1129,萬里區,中萬里加投,瑪鍊港內,152-9
萬里區,瑪鋉,,113,萬里區,中萬里加投,瑪鍊港口,181-2
萬里區,瑪鋉,,1130,萬里區,中萬里加投,瑪鍊港內,152-11
萬里區,瑪鋉,,1131,萬里區,中萬里加投,瑪鍊港內,152-6
萬里區,瑪鋉,,1133,萬里區,中萬里加投,瑪鍊港內,153
萬里區,瑪鋉,,1134,萬里區,中萬里加投,瑪鍊港內,155
萬里區,瑪鋉,,1135,萬里區,中萬里加投,瑪鍊港內,154-1
萬里區,瑪鋉,,1136,萬里區,中萬里加投,瑪鍊港內,154
萬里區,瑪鋉,,1137,萬里區,中萬里加投,瑪鍊港內,136-17
萬里區,瑪鋉,,1138,萬里區,中萬里加投,瑪鍊港內,136-16
萬里區,瑪鋉,,1139,萬里區,中萬里加投,瑪鍊港內,136-18
萬里區,瑪鋉,,114,萬里區,中萬里加投,瑪鍊港口,257-31
萬里區,瑪鋉,,1140,萬里區,中萬里加投,瑪鍊港內,136-1
萬里區,瑪鋉,,1141,萬里區,中萬里加投,瑪鍊港內,136-54
萬里區,瑪鋉,,1142,萬里區,中萬里加投,瑪鍊港內,136-13
萬里區,瑪鋉,,1143,萬里區,中萬里加投,瑪鍊港內,136-24
萬里區,瑪鋉,,1144,萬里區,中萬里加投,瑪鍊港內,136-28
萬里區,瑪鋉,,1145,萬里區,中萬里加投,瑪鍊港內,136-26
萬里區,瑪鋉,,1146,萬里區,中萬里加投,瑪鍊港內,137
萬里區,瑪鋉,,1147,萬里區,中萬里加投,瑪鍊港內,136-25
萬里區,瑪鋉,,1148,萬里區,中萬里加投,瑪鍊港內,136-50
萬里區,瑪鋉,,1149,萬里區,中萬里加投,瑪鍊港內,138
萬里區,瑪鋉,,115,萬里區,中萬里加投,瑪鍊港口,182-4
萬里區,瑪鋉,,1150,萬里區,中萬里加投,瑪鍊港內,139
萬里區,瑪鋉,,1151,萬里區,中萬里加投,瑪鍊港內,136-27
萬里區,瑪鋉,,1152,萬里區,中萬里加投,瑪鍊港內,140
萬里區,瑪鋉,,1153,萬里區,中萬里加投,瑪鍊港內,136-29
萬里區,瑪鋉,,1154,萬里區,中萬里加投,瑪鍊港內,132
萬里區,瑪鋉,,1155,萬里區,中萬里加投,瑪鍊港內,132-4
萬里區,瑪鋉,,1156,萬里區,中萬里加投,瑪鍊港內,136-30
萬里區,瑪鋉,,1157,萬里區,中萬里加投,瑪鍊港內,136-31
萬里區,瑪鋉,,1158,萬里區,中萬里加投,瑪鍊港內,136-51
萬里區,瑪鋉,,1159,萬里區,中萬里加投,瑪鍊港內,136-33
萬里區,瑪鋉,,116,萬里區,中萬里加投,瑪鍊港口,182-2
萬里區,瑪鋉,,1160,萬里區,中萬里加投,瑪鍊港內,136-32
萬里區,瑪鋉,,1161,萬里區,中萬里加投,瑪鍊港內,136-34
萬里區,瑪鋉,,1162,萬里區,中萬里加投,瑪鍊港內,136-35
萬里區,瑪鋉,,1163,萬里區,中萬里加投,瑪鍊港內,136-36
萬里區,瑪鋉,,1164,萬里區,中萬里加投,瑪鍊港內,136-38
萬里區,瑪鋉,,1165,萬里區,中萬里加投,瑪鍊港內,136-39
萬里區,瑪鋉,,1166,萬里區,中萬里加投,瑪鍊港內,136-37
萬里區,瑪鋉,,1167,萬里區,中萬里加投,瑪鍊港內,132-1
萬里區,瑪鋉,,1168,萬里區,中萬里加投,瑪鍊港內,132-2
萬里區,瑪鋉,,1169,萬里區,中萬里加投,大湖,51
萬里區,瑪鋉,,117,萬里區,中萬里加投,瑪鍊港口,257-25
萬里區,瑪鋉,,1170,萬里區,中萬里加投,大湖,50
萬里區,瑪鋉,,1172,萬里區,中萬里加投,大湖,52
萬里區,瑪鋉,,1173,萬里區,中萬里加投,大湖,53-3
萬里區,瑪鋉,,1174,萬里區,中萬里加投,大湖,53
萬里區,瑪鋉,,1175,萬里區,中萬里加投,大湖,53-2
萬里區,瑪鋉,,1177,萬里區,中萬里加投,大湖,33
萬里區,瑪鋉,,1178,萬里區,中萬里加投,大湖,33-1
萬里區,瑪鋉,,1179,萬里區,中萬里加投,大湖,34
萬里區,瑪鋉,,118,萬里區,中萬里加投,瑪鍊港口,182-3
萬里區,瑪鋉,,1180,萬里區,中萬里加投,大湖,36
萬里區,瑪鋉,,1181,萬里區,中萬里加投,大湖,35
萬里區,瑪鋉,,1182,萬里區,中萬里加投,大湖,32
萬里區,瑪鋉,,1183,萬里區,中萬里加投,大湖,53-1
萬里區,瑪鋉,,1184,萬里區,中萬里加投,大湖,37
萬里區,瑪鋉,,1185,萬里區,中萬里加投,大湖,29
萬里區,瑪鋉,,1186,萬里區,中萬里加投,大湖,28
萬里區,瑪鋉,,1187,萬里區,中萬里加投,大湖,30
萬里區,瑪鋉,,1188,萬里區,中萬里加投,大湖,31
萬里區,瑪鋉,,1189,萬里區,中萬里加投,瑪鍊港內,126-8
萬里區,瑪鋉,,119,萬里區,中萬里加投,瑪鍊港口,257-28
萬里區,瑪鋉,,1190,萬里區,中萬里加投,瑪鍊港內,136-48
萬里區,瑪鋉,,1191,萬里區,中萬里加投,瑪鍊港內,136-47
萬里區,瑪鋉,,1192,萬里區,中萬里加投,瑪鍊港內,130
萬里區,瑪鋉,,1193,萬里區,中萬里加投,瑪鍊港內,131
萬里區,瑪鋉,,1194,萬里區,中萬里加投,瑪鍊港內,136-46
萬里區,瑪鋉,,1195,萬里區,中萬里加投,瑪鍊港內,136-45
萬里區,瑪鋉,,1196,萬里區,中萬里加投,瑪鍊港內,136-40
萬里區,瑪鋉,,1197,萬里區,中萬里加投,瑪鍊港內,136-44
萬里區,瑪鋉,,1198,萬里區,中萬里加投,瑪鍊港內,136-43
萬里區,瑪鋉,,1199,萬里區,中萬里加投,瑪鍊港內,144
萬里區,瑪鋉,,12,萬里區,中萬里加投,瑪鍊港口,291-2
萬里區,瑪鋉,,120,萬里區,中萬里加投,瑪鍊港口,184-5
萬里區,瑪鋉,,1200,萬里區,中萬里加投,瑪鍊港內,136-52
萬里區,瑪鋉,,1201,萬里區,中萬里加投,瑪鍊港內,136-41
萬里區,瑪鋉,,1202,萬里區,中萬里加投,瑪鍊港內,136-14
萬里區,瑪鋉,,1203,萬里區,中萬里加投,瑪鍊港內,141
萬里區,瑪鋉,,1204,萬里區,中萬里加投,瑪鍊港內,136-15
萬里區,瑪鋉,,1205,萬里區,中萬里加投,瑪鍊港內,142
萬里區,瑪鋉,,1207,萬里區,中萬里加投,瑪鍊港內,143
萬里區,瑪鋉,,1208,萬里區,中萬里加投,瑪鍊港內,143-1
萬里區,瑪鋉,,121,萬里區,中萬里加投,瑪鍊港口,257-1
萬里區,瑪鋉,,1210,萬里區,中萬里加投,瑪鍊港內,150-8
萬里區,瑪鋉,,1211,萬里區,中萬里加投,瑪鍊港內,150
萬里區,瑪鋉,,1212,萬里區,中萬里加投,瑪鍊港內,136-8
萬里區,瑪鋉,,1213,萬里區,中萬里加投,瑪鍊港內,150-6
萬里區,瑪鋉,,1214,萬里區,中萬里加投,瑪鍊港內,150-3
萬里區,瑪鋉,,1215,萬里區,中萬里加投,瑪鍊港內,150-4
萬里區,瑪鋉,,1216,萬里區,中萬里加投,瑪鍊港內,150-7
萬里區,瑪鋉,,1217,萬里區,中萬里加投,瑪鍊港內,150-2
萬里區,瑪鋉,,1218,萬里區,中萬里加投,瑪鍊港內,149-9
萬里區,瑪鋉,,1219,萬里區,中萬里加投,瑪鍊港內,149-12
萬里區,瑪鋉,,122,萬里區,中萬里加投,瑪鍊港口,257-7
萬里區,瑪鋉,,1220,萬里區,中萬里加投,瑪鍊港內,149-5
萬里區,瑪鋉,,1222,萬里區,中萬里加投,瑪鍊港內,149-6
萬里區,瑪鋉,,1223,萬里區,中萬里加投,瑪鍊港內,150-5
萬里區,瑪鋉,,1224,萬里區,中萬里加投,瑪鍊港內,136-2
萬里區,瑪鋉,,1225,萬里區,中萬里加投,瑪鍊港內,136-3
萬里區,瑪鋉,,1226,萬里區,中萬里加投,瑪鍊港內,148-2
萬里區,瑪鋉,,1227,萬里區,中萬里加投,瑪鍊港內,148-5
萬里區,瑪鋉,,1228,萬里區,中萬里加投,瑪鍊港內,148-1
萬里區,瑪鋉,,1229,萬里區,中萬里加投,瑪鍊港內,148-4
萬里區,瑪鋉,,123,萬里區,中萬里加投,瑪鍊港口,257-8
萬里區,瑪鋉,,1230,萬里區,中萬里加投,瑪鍊港內,147
萬里區,瑪鋉,,1231,萬里區,中萬里加投,瑪鍊港內,136-7
萬里區,瑪鋉,,1232,萬里區,中萬里加投,瑪鍊港內,136-23
萬里區,瑪鋉,,1233,萬里區,中萬里加投,瑪鍊港內,146-2
萬里區,瑪鋉,,1234,萬里區,中萬里加投,瑪鍊港內,146-1
萬里區,瑪鋉,,1235,萬里區,中萬里加投,瑪鍊港內,146-3
萬里區,瑪鋉,,1236,萬里區,中萬里加投,瑪鍊港內,146
萬里區,瑪鋉,,1237,萬里區,中萬里加投,瑪鍊港內,145
萬里區,瑪鋉,,1238,萬里區,中萬里加投,瑪鍊港內,136-4
萬里區,瑪鋉,,1239,萬里區,中萬里加投,瑪鍊港內,136-42
萬里區,瑪鋉,,124,萬里區,中萬里加投,瑪鍊港口,179-1
萬里區,瑪鋉,,1240,萬里區,中萬里加投,瑪鍊港內,122-8
萬里區,瑪鋉,,1241,萬里區,中萬里加投,瑪鍊港內,136-49
萬里區,瑪鋉,,1242,萬里區,中萬里加投,瑪鍊港內,136-5
萬里區,瑪鋉,,1243,萬里區,中萬里加投,瑪鍊港內,122-7
萬里區,瑪鋉,,1244,萬里區,中萬里加投,瑪鍊港內,122
萬里區,瑪鋉,,1245,萬里區,中萬里加投,瑪鍊港內,122-1
萬里區,瑪鋉,,1246,萬里區,中萬里加投,瑪鍊港內,122-2
萬里區,瑪鋉,,1247,萬里區,中萬里加投,瑪鍊港內,148-3
萬里區,瑪鋉,,1248,萬里區,中萬里加投,瑪鍊港內,148
萬里區,瑪鋉,,1249,萬里區,中萬里加投,瑪鍊港內,120-8
萬里區,瑪鋉,,125,萬里區,中萬里加投,瑪鍊港口,257-2
萬里區,瑪鋉,,1250,萬里區,中萬里加投,瑪鍊港內,149-1
萬里區,瑪鋉,,1251,萬里區,中萬里加投,瑪鍊港內,149-7
萬里區,瑪鋉,,1252,萬里區,中萬里加投,瑪鍊港內,149-13
萬里區,瑪鋉,,1253,萬里區,中萬里加投,瑪鍊港內,149-25
萬里區,瑪鋉,,1254,萬里區,中萬里加投,瑪鍊港內,149-15
萬里區,瑪鋉,,1255,萬里區,中萬里加投,瑪鍊港內,149-8
萬里區,瑪鋉,,1256,萬里區,中萬里加投,瑪鍊港內,149-14
萬里區,瑪鋉,,1257,萬里區,中萬里加投,瑪鍊港內,149-19
萬里區,瑪鋉,,1258,萬里區,中萬里加投,瑪鍊港內,149-10
萬里區,瑪鋉,,1259,萬里區,中萬里加投,瑪鍊港內,149-16
萬里區,瑪鋉,,126,萬里區,中萬里加投,瑪鍊港口,257-18
萬里區,瑪鋉,,1260,萬里區,中萬里加投,瑪鍊港內,149-17
萬里區,瑪鋉,,1261,萬里區,中萬里加投,瑪鍊港內,149-18
萬里區,瑪鋉,,1262,萬里區,中萬里加投,瑪鍊港內,149-11
萬里區,瑪鋉,,1263,萬里區,中萬里加投,瑪鍊港內,119-2
萬里區,瑪鋉,,1264,萬里區,中萬里加投,瑪鍊港內,119-4
萬里區,瑪鋉,,1265,萬里區,中萬里加投,瑪鍊港內,119-1
萬里區,瑪鋉,,1266,萬里區,中萬里加投,瑪鍊港內,120-7
萬里區,瑪鋉,,1267,萬里區,中萬里加投,瑪鍊港內,120-1
萬里區,瑪鋉,,1268,萬里區,中萬里加投,瑪鍊港內,120-9
萬里區,瑪鋉,,1269,萬里區,中萬里加投,瑪鍊港內,120-10
萬里區,瑪鋉,,127,萬里區,中萬里加投,瑪鍊港口,257-19
萬里區,瑪鋉,,1270,萬里區,中萬里加投,瑪鍊港內,120-5
萬里區,瑪鋉,,1271,萬里區,中萬里加投,瑪鍊港內,120-6
萬里區,瑪鋉,,1272,萬里區,中萬里加投,瑪鍊港內,121-2
萬里區,瑪鋉,,1274,萬里區,中萬里加投,瑪鍊港內,121-1
萬里區,瑪鋉,,1275,萬里區,中萬里加投,瑪鍊港內,121
萬里區,瑪鋉,,1276,萬里區,中萬里加投,瑪鍊港內,120-4
萬里區,瑪鋉,,1277,萬里區,中萬里加投,瑪鍊港內,120-3
萬里區,瑪鋉,,1278,萬里區,中萬里加投,瑪鍊港內,125-1
萬里區,瑪鋉,,1279,萬里區,中萬里加投,瑪鍊港內,125
萬里區,瑪鋉,,128,萬里區,中萬里加投,瑪鍊港口,257-30
萬里區,瑪鋉,,1280,萬里區,中萬里加投,瑪鍊港內,124
萬里區,瑪鋉,,1281,萬里區,中萬里加投,瑪鍊港內,122-5
萬里區,瑪鋉,,1282,萬里區,中萬里加投,瑪鍊港內,122-6
萬里區,瑪鋉,,1283,萬里區,中萬里加投,瑪鍊港內,123-1
萬里區,瑪鋉,,1284,萬里區,中萬里加投,瑪鍊港內,123
萬里區,瑪鋉,,1285,萬里區,中萬里加投,瑪鍊港內,122-3
萬里區,瑪鋉,,1286,萬里區,中萬里加投,瑪鍊港內,122-4
萬里區,瑪鋉,,1287,萬里區,中萬里加投,瑪鍊港內,120-2
萬里區,瑪鋉,,1288,萬里區,中萬里加投,瑪鍊港內,126-9
萬里區,瑪鋉,,1289,萬里區,中萬里加投,瑪鍊港內,126-19
萬里區,瑪鋉,,129,萬里區,中萬里加投,瑪鍊港口,257-20
萬里區,瑪鋉,,1290,萬里區,中萬里加投,瑪鍊港內,126-5
萬里區,瑪鋉,,1291,萬里區,中萬里加投,瑪鍊港內,126-6
萬里區,瑪鋉,,1292,萬里區,中萬里加投,瑪鍊港內,126
萬里區,瑪鋉,,1293,萬里區,中萬里加投,瑪鍊港內,127-2
萬里區,瑪鋉,,1294,萬里區,中萬里加投,瑪鍊港內,127-1
萬里區,瑪鋉,,1295,萬里區,中萬里加投,瑪鍊港內,127
萬里區,瑪鋉,,1296,萬里區,中萬里加投,瑪鍊港內,136-6
萬里區,瑪鋉,,1297,萬里區,中萬里加投,瑪鍊港內,126-3
萬里區,瑪鋉,,1298,萬里區,中萬里加投,瑪鍊港內,126-7
萬里區,瑪鋉,,1299,萬里區,中萬里加投,瑪鍊港內,126-14
萬里區,瑪鋉,,13,萬里區,中萬里加投,瑪鍊港口,290-2
萬里區,瑪鋉,,130,萬里區,中萬里加投,瑪鍊港口,257-23
萬里區,瑪鋉,,1300,萬里區,中萬里加投,瑪鍊港內,126-12
萬里區,瑪鋉,,1301,萬里區,中萬里加投,瑪鍊港內,126-1
萬里區,瑪鋉,,1302,萬里區,中萬里加投,瑪鍊港內,126-4
萬里區,瑪鋉,,1303,萬里區,中萬里加投,瑪鍊港內,127-3
萬里區,瑪鋉,,1304,萬里區,中萬里加投,瑪鍊港內,126-2
萬里區,瑪鋉,,1305,萬里區,中萬里加投,瑪鍊港內,126-11
萬里區,瑪鋉,,1306,萬里區,中萬里加投,瑪鍊港內,126-10
萬里區,瑪鋉,,1307,萬里區,中萬里加投,瑪鍊港內,129
萬里區,瑪鋉,,1308,萬里區,中萬里加投,大湖,26
萬里區,瑪鋉,,1309,萬里區,中萬里加投,大湖,27
萬里區,瑪鋉,,131,萬里區,中萬里加投,瑪鍊港口,257-26
萬里區,瑪鋉,,1310,萬里區,中萬里加投,大湖,27-1
萬里區,瑪鋉,,1311,萬里區,中萬里加投,大湖,25
萬里區,瑪鋉,,1312,萬里區,中萬里加投,大湖,25-3
萬里區,瑪鋉,,1313,萬里區,中萬里加投,大湖,22
萬里區,瑪鋉,,1314,萬里區,中萬里加投,大湖,23
萬里區,瑪鋉,,1315,萬里區,中萬里加投,大湖,23-1
萬里區,瑪鋉,,1316,萬里區,中萬里加投,大湖,23-3
萬里區,瑪鋉,,1317,萬里區,中萬里加投,大湖,23-7
萬里區,瑪鋉,,1318,萬里區,中萬里加投,大湖,23-4
萬里區,瑪鋉,,1319,萬里區,中萬里加投,大湖,24
萬里區,瑪鋉,,132,萬里區,中萬里加投,瑪鍊港口,184-4
萬里區,瑪鋉,,1320,萬里區,中萬里加投,大湖,24-1
萬里區,瑪鋉,,1321,萬里區,中萬里加投,大湖,24-2
萬里區,瑪鋉,,1322,萬里區,中萬里加投,大湖,23-2
萬里區,瑪鋉,,1323,萬里區,中萬里加投,大湖,23-5
萬里區,瑪鋉,,1324,萬里區,中萬里加投,瑪鍊港內,128
萬里區,瑪鋉,,1325,萬里區,中萬里加投,瑪鍊港內,110-3
萬里區,瑪鋉,,1326,萬里區,中萬里加投,瑪鍊港內,110-2
萬里區,瑪鋉,,1327,萬里區,中萬里加投,瑪鍊港內,110-1
萬里區,瑪鋉,,1328,萬里區,中萬里加投,瑪鍊港內,54-1
萬里區,瑪鋉,,1329,萬里區,中萬里加投,瑪鍊港內,110
萬里區,瑪鋉,,133,萬里區,中萬里加投,瑪鍊港口,257-27
萬里區,瑪鋉,,1331,萬里區,中萬里加投,瑪鍊港內,54
萬里區,瑪鋉,,1332,萬里區,中萬里加投,瑪鍊港內,55-5
萬里區,瑪鋉,,1333,萬里區,中萬里加投,瑪鍊港內,55
萬里區,瑪鋉,,1334,萬里區,中萬里加投,瑪鍊港內,55-3
萬里區,瑪鋉,,1335,萬里區,中萬里加投,瑪鍊港內,55-9
萬里區,瑪鋉,,1336,萬里區,中萬里加投,瑪鍊港內,55-6
萬里區,瑪鋉,,1337,萬里區,中萬里加投,瑪鍊港內,55-8
萬里區,瑪鋉,,1338,萬里區,中萬里加投,瑪鍊港內,55-1
萬里區,瑪鋉,,1339,萬里區,中萬里加投,瑪鍊港內,55-7
萬里區,瑪鋉,,134,萬里區,中萬里加投,瑪鍊港口,184-1
萬里區,瑪鋉,,1340,萬里區,中萬里加投,瑪鍊港內,55-2
萬里區,瑪鋉,,1341,萬里區,中萬里加投,瑪鍊港內,55-4
萬里區,瑪鋉,,1342,萬里區,中萬里加投,瑪鍊港內,109-5
萬里區,瑪鋉,,1343,萬里區,中萬里加投,瑪鍊港內,109-6
萬里區,瑪鋉,,1344,萬里區,中萬里加投,瑪鍊港內,111
萬里區,瑪鋉,,1345,萬里區,中萬里加投,瑪鍊港內,112
萬里區,瑪鋉,,1346,萬里區,中萬里加投,瑪鍊港內,112-4
萬里區,瑪鋉,,1347,萬里區,中萬里加投,瑪鍊港內,112-7
萬里區,瑪鋉,,1348,萬里區,中萬里加投,瑪鍊港內,112-6
萬里區,瑪鋉,,1349,萬里區,中萬里加投,瑪鍊港內,112-5
萬里區,瑪鋉,,135,萬里區,中萬里加投,瑪鍊港口,184-3
萬里區,瑪鋉,,1350,萬里區,中萬里加投,瑪鍊港內,112-3
萬里區,瑪鋉,,1351,萬里區,中萬里加投,瑪鍊港內,112-1
萬里區,瑪鋉,,1352,萬里區,中萬里加投,瑪鍊港內,112-2
萬里區,瑪鋉,,1353,萬里區,中萬里加投,瑪鍊港內,126-18
萬里區,瑪鋉,,1354,萬里區,中萬里加投,瑪鍊港內,126-17
萬里區,瑪鋉,,1355,萬里區,中萬里加投,瑪鍊港內,126-15
萬里區,瑪鋉,,1356,萬里區,中萬里加投,瑪鍊港內,126-13
萬里區,瑪鋉,,1357,萬里區,中萬里加投,瑪鍊港內,126-20
萬里區,瑪鋉,,1358,萬里區,中萬里加投,瑪鍊港內,126-16
萬里區,瑪鋉,,1359,萬里區,中萬里加投,瑪鍊港內,113
萬里區,瑪鋉,,136,萬里區,中萬里加投,瑪鍊港口,188-11
萬里區,瑪鋉,,1360,萬里區,中萬里加投,瑪鍊港內,114-4
萬里區,瑪鋉,,1361,萬里區,中萬里加投,瑪鍊港內,114-3
萬里區,瑪鋉,,1362,萬里區,中萬里加投,瑪鍊港內,115-2
萬里區,瑪鋉,,1363,萬里區,中萬里加投,瑪鍊港內,115-1
萬里區,瑪鋉,,1364,萬里區,中萬里加投,瑪鍊港內,115
萬里區,瑪鋉,,1365,萬里區,中萬里加投,瑪鍊港內,114-1
萬里區,瑪鋉,,1366,萬里區,中萬里加投,瑪鍊港內,114-2
萬里區,瑪鋉,,1367,萬里區,中萬里加投,瑪鍊港內,114
萬里區,瑪鋉,,1368,萬里區,中萬里加投,瑪鍊港內,116
萬里區,瑪鋉,,137,萬里區,中萬里加投,瑪鍊港口,188-12
萬里區,瑪鋉,,1370,萬里區,中萬里加投,瑪鍊港內,117-1
萬里區,瑪鋉,,1371,萬里區,中萬里加投,瑪鍊港內,117-4
萬里區,瑪鋉,,1372,萬里區,中萬里加投,瑪鍊港內,117-2
萬里區,瑪鋉,,1373,萬里區,中萬里加投,瑪鍊港內,117-3
萬里區,瑪鋉,,1374,萬里區,中萬里加投,瑪鍊港內,117
萬里區,瑪鋉,,1375,萬里區,中萬里加投,瑪鍊港內,118
萬里區,瑪鋉,,1376,萬里區,中萬里加投,瑪鍊港內,120-11
萬里區,瑪鋉,,1377,萬里區,中萬里加投,瑪鍊港內,79
萬里區,瑪鋉,,1378,萬里區,中萬里加投,瑪鍊港內,79-4
萬里區,瑪鋉,,1379,萬里區,中萬里加投,瑪鍊港內,79-7
萬里區,瑪鋉,,138,萬里區,中萬里加投,瑪鍊港口,188-18
萬里區,瑪鋉,,1380,萬里區,中萬里加投,瑪鍊港內,79-3
萬里區,瑪鋉,,1381,萬里區,中萬里加投,瑪鍊港內,79-1
萬里區,瑪鋉,,1382,萬里區,中萬里加投,瑪鍊港內,79-6
萬里區,瑪鋉,,1383,萬里區,中萬里加投,瑪鍊港內,79-2
萬里區,瑪鋉,,1384,萬里區,中萬里加投,瑪鍊港內,120-12
萬里區,瑪鋉,,1385,萬里區,中萬里加投,瑪鍊港內,83-1
萬里區,瑪鋉,,1386,萬里區,中萬里加投,瑪鍊港內,83
萬里區,瑪鋉,,1387,萬里區,中萬里加投,瑪鍊港內,84
萬里區,瑪鋉,,1388,萬里區,中萬里加投,瑪鍊港內,95
萬里區,瑪鋉,,1389,萬里區,中萬里加投,瑪鍊港內,96
萬里區,瑪鋉,,139,萬里區,中萬里加投,瑪鍊港口,188-10
萬里區,瑪鋉,,1390,萬里區,中萬里加投,瑪鍊港內,97
萬里區,瑪鋉,,1391,萬里區,中萬里加投,瑪鍊港內,109-1
萬里區,瑪鋉,,1392,萬里區,中萬里加投,瑪鍊港內,98
萬里區,瑪鋉,,1393,萬里區,中萬里加投,瑪鍊港內,101
萬里區,瑪鋉,,1394,萬里區,中萬里加投,瑪鍊港內,100
萬里區,瑪鋉,,1395,萬里區,中萬里加投,瑪鍊港內,102
萬里區,瑪鋉,,1396,萬里區,中萬里加投,瑪鍊港內,98-1
萬里區,瑪鋉,,1397,萬里區,中萬里加投,瑪鍊港內,104-1
萬里區,瑪鋉,,1398,萬里區,中萬里加投,瑪鍊港內,105
萬里區,瑪鋉,,1399,萬里區,中萬里加投,瑪鍊港內,106-1
萬里區,瑪鋉,,14,萬里區,中萬里加投,瑪鍊港口,290-1
萬里區,瑪鋉,,140,萬里區,中萬里加投,瑪鍊港口,257-21
萬里區,瑪鋉,,1400,萬里區,中萬里加投,瑪鍊港內,106
萬里區,瑪鋉,,1401,萬里區,中萬里加投,瑪鍊港內,104
萬里區,瑪鋉,,1402,萬里區,中萬里加投,瑪鍊港內,108
萬里區,瑪鋉,,1403,萬里區,中萬里加投,瑪鍊港內,109-4
萬里區,瑪鋉,,1404,萬里區,中萬里加投,瑪鍊港內,109-3
萬里區,瑪鋉,,1405,萬里區,中萬里加投,瑪鍊港內,109
萬里區,瑪鋉,,1406,萬里區,中萬里加投,瑪鍊港內,109-2
萬里區,瑪鋉,,1407,萬里區,中萬里加投,瑪鍊港內,93
萬里區,瑪鋉,,1408,萬里區,中萬里加投,瑪鍊港內,94
萬里區,瑪鋉,,1409,萬里區,中萬里加投,瑪鍊港內,96-1
萬里區,瑪鋉,,141,萬里區,中萬里加投,瑪鍊港口,188-9
萬里區,瑪鋉,,1410,萬里區,中萬里加投,瑪鍊港內,87
萬里區,瑪鋉,,1411,萬里區,中萬里加投,瑪鍊港內,86
萬里區,瑪鋉,,1412,萬里區,中萬里加投,瑪鍊港內,92-1
萬里區,瑪鋉,,1413,萬里區,中萬里加投,瑪鍊港內,91
萬里區,瑪鋉,,1414,萬里區,中萬里加投,瑪鍊港內,90
萬里區,瑪鋉,,1415,萬里區,中萬里加投,瑪鍊港內,92
萬里區,瑪鋉,,1416,萬里區,中萬里加投,瑪鍊港內,89-8
萬里區,瑪鋉,,1417,萬里區,中萬里加投,瑪鍊港內,89-7
萬里區,瑪鋉,,1418,萬里區,中萬里加投,瑪鍊港內,89-5
萬里區,瑪鋉,,1419,萬里區,中萬里加投,瑪鍊港內,89-3
萬里區,瑪鋉,,142,萬里區,中萬里加投,瑪鍊港口,257-22
萬里區,瑪鋉,,1420,萬里區,中萬里加投,瑪鍊港內,89-1
萬里區,瑪鋉,,1421,萬里區,中萬里加投,瑪鍊港內,89-6
萬里區,瑪鋉,,1422,萬里區,中萬里加投,瑪鍊港內,89-2
萬里區,瑪鋉,,1423,萬里區,中萬里加投,瑪鍊港內,88
萬里區,瑪鋉,,1424,萬里區,中萬里加投,瑪鍊港內,85-1
萬里區,瑪鋉,,1425,萬里區,中萬里加投,瑪鍊港內,85
萬里區,瑪鋉,,1426,萬里區,中萬里加投,瑪鍊港內,85-2
萬里區,瑪鋉,,1427,萬里區,中萬里加投,瑪鍊港內,85-5
萬里區,瑪鋉,,1428,萬里區,中萬里加投,瑪鍊港內,85-7
萬里區,瑪鋉,,1429,萬里區,中萬里加投,瑪鍊港內,85-3
萬里區,瑪鋉,,143,萬里區,中萬里加投,瑪鍊港口,188-8
萬里區,瑪鋉,,1430,萬里區,中萬里加投,瑪鍊港內,85-6
萬里區,瑪鋉,,1431,萬里區,中萬里加投,瑪鍊港內,82
萬里區,瑪鋉,,1432,萬里區,中萬里加投,瑪鍊港內,82-1
萬里區,瑪鋉,,1433,萬里區,中萬里加投,瑪鍊港內,81-1
萬里區,瑪鋉,,1434,萬里區,中萬里加投,瑪鍊港內,81-2
萬里區,瑪鋉,,1435,萬里區,中萬里加投,瑪鍊港內,85-4
萬里區,瑪鋉,,1436,萬里區,中萬里加投,瑪鍊港內,88-1
萬里區,瑪鋉,,1437,萬里區,中萬里加投,瑪鍊港內,89-4
萬里區,瑪鋉,,1438,萬里區,中萬里加投,瑪鍊港內,89
萬里區,瑪鋉,,1439,萬里區,中萬里加投,瑪鍊港內,73-1
萬里區,瑪鋉,,144,萬里區,中萬里加投,瑪鍊港口,188-21
萬里區,瑪鋉,,1440,萬里區,中萬里加投,瑪鍊港內,73
萬里區,瑪鋉,,1441,萬里區,中萬里加投,瑪鍊港內,74
萬里區,瑪鋉,,1442,萬里區,中萬里加投,瑪鍊港內,81
萬里區,瑪鋉,,1443,萬里區,中萬里加投,瑪鍊港內,81-3
萬里區,瑪鋉,,1444,萬里區,中萬里加投,瑪鍊港內,75
萬里區,瑪鋉,,1445,萬里區,中萬里加投,瑪鍊港內,73-2
萬里區,瑪鋉,,1446,萬里區,中萬里加投,瑪鍊港內,80
萬里區,瑪鋉,,1447,萬里區,中萬里加投,瑪鍊港內,78
萬里區,瑪鋉,,1448,萬里區,中萬里加投,瑪鍊港內,76
萬里區,瑪鋉,,1449,萬里區,中萬里加投,瑪鍊港內,77
萬里區,瑪鋉,,145,萬里區,中萬里加投,瑪鍊港口,257-24
萬里區,瑪鋉,,1450,萬里區,中萬里加投,瑪鍊港內,78-1
萬里區,瑪鋉,,1451,萬里區,中萬里加投,瑪鍊港內,79-8
萬里區,瑪鋉,,1452,萬里區,中萬里加投,瑪鍊港內,79-5
萬里區,瑪鋉,,1453,萬里區,中萬里加投,瑪鍊港內,119-5
萬里區,瑪鋉,,1454,萬里區,中萬里加投,瑪鍊港內,119
萬里區,瑪鋉,,1455,萬里區,中萬里加投,瑪鍊港內,119-6
萬里區,瑪鋉,,1456,萬里區,中萬里加投,瑪鍊港內,119-7
萬里區,瑪鋉,,1457,萬里區,中萬里加投,瑪鍊港內,119-8
萬里區,瑪鋉,,1458,萬里區,中萬里加投,瑪鍊港內,149
萬里區,瑪鋉,,1459,萬里區,中萬里加投,瑪鍊港內,149-29
萬里區,瑪鋉,,146,萬里區,中萬里加投,瑪鍊港口,257-32
萬里區,瑪鋉,,1460,萬里區,中萬里加投,瑪鍊港內,149-27
萬里區,瑪鋉,,1461,萬里區,中萬里加投,瑪鍊港內,149-28
萬里區,瑪鋉,,1462,萬里區,中萬里加投,瑪鍊港內,149-2
萬里區,瑪鋉,,1463,萬里區,中萬里加投,瑪鍊港內,149-3
萬里區,瑪鋉,,1464,萬里區,中萬里加投,瑪鍊港內,149-4
萬里區,瑪鋉,,1465,萬里區,中萬里加投,瑪鍊港內,149-20
萬里區,瑪鋉,,1466,萬里區,中萬里加投,瑪鍊港內,149-23
萬里區,瑪鋉,,1467,萬里區,中萬里加投,瑪鍊港內,149-24
萬里區,瑪鋉,,1468,萬里區,中萬里加投,瑪鍊港內,149-21
萬里區,瑪鋉,,1469,萬里區,中萬里加投,瑪鍊港內,149-22
萬里區,瑪鋉,,147,萬里區,中萬里加投,瑪鍊港口,257-34
萬里區,瑪鋉,,1470,萬里區,中萬里加投,瑪鍊港內,150-1
萬里區,瑪鋉,,1471,萬里區,中萬里加投,瑪鍊港內,151-2
萬里區,瑪鋉,,1472,萬里區,中萬里加投,瑪鍊港內,197-1
萬里區,瑪鋉,,1473,萬里區,中萬里加投,瑪鍊港內,197
萬里區,瑪鋉,,1474,萬里區,中萬里加投,瑪鍊港內,193
萬里區,瑪鋉,,1477,萬里區,中萬里加投,瑪鍊港內,192
萬里區,瑪鋉,,1478,萬里區,中萬里加投,瑪鍊港內,191-3
萬里區,瑪鋉,,1479,萬里區,中萬里加投,瑪鍊港內,191-1
萬里區,瑪鋉,,148,萬里區,中萬里加投,瑪鍊港口,257-33
萬里區,瑪鋉,,1480,萬里區,中萬里加投,瑪鍊港內,191-2
萬里區,瑪鋉,,1481,萬里區,中萬里加投,瑪鍊港內,190
萬里區,瑪鋉,,1482,萬里區,中萬里加投,瑪鍊港內,189
萬里區,瑪鋉,,1483,萬里區,中萬里加投,瑪鍊港內,185
萬里區,瑪鋉,,1484,萬里區,中萬里加投,瑪鍊港內,186
萬里區,瑪鋉,,1485,萬里區,中萬里加投,瑪鍊港內,289-1
萬里區,瑪鋉,,1486,萬里區,中萬里加投,瑪鍊港內,187
萬里區,瑪鋉,,1487,萬里區,中萬里加投,瑪鍊港內,289
萬里區,瑪鋉,,1488,萬里區,中萬里加投,瑪鍊港內,279
萬里區,瑪鋉,,1489,萬里區,中萬里加投,瑪鍊港內,289-2
萬里區,瑪鋉,,149,萬里區,中萬里加投,瑪鍊港口,188-20
萬里區,瑪鋉,,1490,萬里區,中萬里加投,瑪鍊港內,280
萬里區,瑪鋉,,1491,萬里區,中萬里加投,瑪鍊港內,289-3
萬里區,瑪鋉,,1492,萬里區,中萬里加投,瑪鍊港內,289-4
萬里區,瑪鋉,,1493,萬里區,中萬里加投,瑪鍊港內,273
萬里區,瑪鋉,,1494,萬里區,中萬里加投,瑪鍊港內,275
萬里區,瑪鋉,,1495,萬里區,中萬里加投,瑪鍊港內,274
萬里區,瑪鋉,,1496,萬里區,中萬里加投,瑪鍊港內,276
萬里區,瑪鋉,,1497,萬里區,中萬里加投,瑪鍊港內,277
萬里區,瑪鋉,,1498,萬里區,中萬里加投,瑪鍊港內,278
萬里區,瑪鋉,,1499,萬里區,中萬里加投,瑪鍊港內,188
萬里區,瑪鋉,,15,萬里區,中萬里加投,瑪鍊港口,290-3
萬里區,瑪鋉,,150,萬里區,中萬里加投,瑪鍊港口,188-3
萬里區,瑪鋉,,1500,萬里區,中萬里加投,瑪鍊港內,290
萬里區,瑪鋉,,1501,萬里區,中萬里加投,瑪鍊港內,290-2
萬里區,瑪鋉,,1502,萬里區,中萬里加投,瑪鍊港內,290-1
萬里區,瑪鋉,,1503,萬里區,中萬里加投,瑪鍊港內,194
萬里區,瑪鋉,,1504,萬里區,中萬里加投,瑪鍊港內,195
萬里區,瑪鋉,,1505,萬里區,中萬里加投,瑪鍊港內,195-1
萬里區,瑪鋉,,1506,萬里區,中萬里加投,瑪鍊港內,195-2
萬里區,瑪鋉,,1507,萬里區,中萬里加投,瑪鍊港內,294-1
萬里區,瑪鋉,,1509,萬里區,中萬里加投,瑪鍊港內,198
萬里區,瑪鋉,,151,萬里區,中萬里加投,瑪鍊港口,188-1
萬里區,瑪鋉,,1510,萬里區,中萬里加投,瑪鍊港內,296-1
萬里區,瑪鋉,,1511,萬里區,中萬里加投,瑪鍊港內,295
萬里區,瑪鋉,,1512,萬里區,中萬里加投,瑪鍊港內,294-4
萬里區,瑪鋉,,1513,萬里區,中萬里加投,瑪鍊港內,200
萬里區,瑪鋉,,1514,萬里區,中萬里加投,瑪鍊港內,203
萬里區,瑪鋉,,1515,萬里區,中萬里加投,瑪鍊港內,200-1
萬里區,瑪鋉,,1516,萬里區,中萬里加投,瑪鍊港內,208
萬里區,瑪鋉,,1517,萬里區,中萬里加投,瑪鍊港內,203-2
萬里區,瑪鋉,,1518,萬里區,中萬里加投,瑪鍊港內,209-1
萬里區,瑪鋉,,1519,萬里區,中萬里加投,瑪鍊港內,209-3
萬里區,瑪鋉,,152,萬里區,中萬里加投,瑪鍊港口,189-6
萬里區,瑪鋉,,1520,萬里區,中萬里加投,瑪鍊港內,210
萬里區,瑪鋉,,1521,萬里區,中萬里加投,瑪鍊港內,211
萬里區,瑪鋉,,1522,萬里區,中萬里加投,瑪鍊港內,209
萬里區,瑪鋉,,1523,萬里區,中萬里加投,瑪鍊港內,209-2
萬里區,瑪鋉,,1524,萬里區,中萬里加投,瑪鍊港內,294-2
萬里區,瑪鋉,,1526,萬里區,中萬里加投,瑪鍊港內,268-2
萬里區,瑪鋉,,1527,萬里區,中萬里加投,瑪鍊港內,269
萬里區,瑪鋉,,1528,萬里區,中萬里加投,瑪鍊港內,268
萬里區,瑪鋉,,1529,萬里區,中萬里加投,瑪鍊港內,270
萬里區,瑪鋉,,153,萬里區,中萬里加投,瑪鍊港口,189-3
萬里區,瑪鋉,,1530,萬里區,中萬里加投,瑪鍊港內,271
萬里區,瑪鋉,,1531,萬里區,中萬里加投,瑪鍊港內,272
萬里區,瑪鋉,,1532,萬里區,中萬里加投,瑪鍊港內,291
萬里區,瑪鋉,,1533,萬里區,中萬里加投,瑪鍊港內,292
萬里區,瑪鋉,,1534,萬里區,中萬里加投,瑪鍊港內,292-7
萬里區,瑪鋉,,1535,萬里區,中萬里加投,瑪鍊港內,292-5
萬里區,瑪鋉,,1536,萬里區,中萬里加投,瑪鍊港內,292-8
萬里區,瑪鋉,,1537,萬里區,中萬里加投,瑪鍊港內,292-6
萬里區,瑪鋉,,1538,萬里區,中萬里加投,瑪鍊港內,292-9
萬里區,瑪鋉,,1539,萬里區,中萬里加投,瑪鍊港內,292-1
萬里區,瑪鋉,,154,萬里區,中萬里加投,瑪鍊港口,189-10
萬里區,瑪鋉,,1540,萬里區,中萬里加投,瑪鍊港內,267
萬里區,瑪鋉,,1541,萬里區,中萬里加投,瑪鍊港內,268-1
萬里區,瑪鋉,,1542,萬里區,中萬里加投,瑪鍊港內,266
萬里區,瑪鋉,,1543,萬里區,中萬里加投,瑪鍊港內,263
萬里區,瑪鋉,,1544,萬里區,中萬里加投,瑪鍊港內,261
萬里區,瑪鋉,,1545,萬里區,中萬里加投,瑪鍊港內,262
萬里區,瑪鋉,,1546,萬里區,中萬里加投,瑪鍊港內,292-3
萬里區,瑪鋉,,1547,萬里區,中萬里加投,瑪鍊港內,292-10
萬里區,瑪鋉,,1548,萬里區,中萬里加投,瑪鍊港內,292-2
萬里區,瑪鋉,,1549,萬里區,中萬里加投,瑪鍊港內,292-4
萬里區,瑪鋉,,155,萬里區,中萬里加投,瑪鍊港口,189-7
萬里區,瑪鋉,,1550,萬里區,中萬里加投,瑪鍊港內,255-1
萬里區,瑪鋉,,1551,萬里區,中萬里加投,瑪鍊港內,255
萬里區,瑪鋉,,1552,萬里區,中萬里加投,瑪鍊港內,252-1
萬里區,瑪鋉,,1553,萬里區,中萬里加投,瑪鍊港內,252-2
萬里區,瑪鋉,,1554,萬里區,中萬里加投,瑪鍊港內,252-3
萬里區,瑪鋉,,1555,萬里區,中萬里加投,瑪鍊港內,252
萬里區,瑪鋉,,1556,萬里區,中萬里加投,瑪鍊港內,254
萬里區,瑪鋉,,1557,萬里區,中萬里加投,瑪鍊港內,258
萬里區,瑪鋉,,1558,萬里區,中萬里加投,瑪鍊港內,257
萬里區,瑪鋉,,1559,萬里區,中萬里加投,瑪鍊港內,293
萬里區,瑪鋉,,156,萬里區,中萬里加投,瑪鍊港口,188-5
萬里區,瑪鋉,,1561,萬里區,中萬里加投,瑪鍊港內,242
萬里區,瑪鋉,,1562,萬里區,中萬里加投,瑪鍊港內,241-4
萬里區,瑪鋉,,1563,萬里區,中萬里加投,瑪鍊港內,241
萬里區,瑪鋉,,1564,萬里區,中萬里加投,瑪鍊港內,241-3
萬里區,瑪鋉,,1565,萬里區,中萬里加投,瑪鍊港內,241-2
萬里區,瑪鋉,,1566,萬里區,中萬里加投,瑪鍊港內,240
萬里區,瑪鋉,,1567,萬里區,中萬里加投,瑪鍊港內,241-1
萬里區,瑪鋉,,1568,萬里區,中萬里加投,瑪鍊港內,237
萬里區,瑪鋉,,1569,萬里區,中萬里加投,瑪鍊港內,236
萬里區,瑪鋉,,157,萬里區,中萬里加投,瑪鍊港口,188-22
萬里區,瑪鋉,,1570,萬里區,中萬里加投,瑪鍊港內,228-1
萬里區,瑪鋉,,1571,萬里區,中萬里加投,瑪鍊港內,238
萬里區,瑪鋉,,1572,萬里區,中萬里加投,瑪鍊港內,239
萬里區,瑪鋉,,1573,萬里區,中萬里加投,瑪鍊港內,228
萬里區,瑪鋉,,1574,萬里區,中萬里加投,瑪鍊港內,226
萬里區,瑪鋉,,1575,萬里區,中萬里加投,瑪鍊港內,227
萬里區,瑪鋉,,1576,萬里區,中萬里加投,瑪鍊港內,227-1
萬里區,瑪鋉,,1577,萬里區,中萬里加投,瑪鍊港內,227-2
萬里區,瑪鋉,,1579,萬里區,中萬里加投,瑪鍊港內,296
萬里區,瑪鋉,,158,萬里區,中萬里加投,瑪鍊港口,189-4
萬里區,瑪鋉,,1580,萬里區,中萬里加投,瑪鍊港內,297
萬里區,瑪鋉,,1581,萬里區,中萬里加投,瑪鍊港內,72
萬里區,瑪鋉,,1582,萬里區,中萬里加投,瑪鍊港內,69
萬里區,瑪鋉,,1583,萬里區,中萬里加投,瑪鍊港內,56-6
萬里區,瑪鋉,,1584,萬里區,中萬里加投,瑪鍊港內,56-5
萬里區,瑪鋉,,1585,萬里區,中萬里加投,瑪鍊港內,56-4
萬里區,瑪鋉,,1586,萬里區,中萬里加投,瑪鍊港內,56-3
萬里區,瑪鋉,,1587,萬里區,中萬里加投,瑪鍊港內,56-2
萬里區,瑪鋉,,1588,萬里區,中萬里加投,瑪鍊港內,56
萬里區,瑪鋉,,1589,萬里區,中萬里加投,瑪鍊港內,56-7
萬里區,瑪鋉,,159,萬里區,中萬里加投,瑪鍊港口,189-12
萬里區,瑪鋉,,1590,萬里區,中萬里加投,瑪鍊港內,58-4
萬里區,瑪鋉,,1591,萬里區,中萬里加投,瑪鍊港內,58-3
萬里區,瑪鋉,,1592,萬里區,中萬里加投,瑪鍊港內,58-2
萬里區,瑪鋉,,1593,萬里區,中萬里加投,瑪鍊港內,58-1
萬里區,瑪鋉,,1594,萬里區,中萬里加投,瑪鍊港內,58
萬里區,瑪鋉,,1595,萬里區,中萬里加投,瑪鍊港內,56-8
萬里區,瑪鋉,,1596,萬里區,中萬里加投,瑪鍊港內,57-1
萬里區,瑪鋉,,1597,萬里區,中萬里加投,瑪鍊港內,56-10
萬里區,瑪鋉,,1598,萬里區,中萬里加投,瑪鍊港內,59-1
萬里區,瑪鋉,,1599,萬里區,中萬里加投,瑪鍊港內,56-9
萬里區,瑪鋉,,16,萬里區,中萬里加投,瑪鍊港口,290-4
萬里區,瑪鋉,,160,萬里區,中萬里加投,瑪鍊港口,189-11
萬里區,瑪鋉,,1600,萬里區,中萬里加投,瑪鍊港內,57
萬里區,瑪鋉,,1601,萬里區,中萬里加投,瑪鍊港內,56-11
萬里區,瑪鋉,,1602,萬里區,中萬里加投,瑪鍊港內,59-2
萬里區,瑪鋉,,1603,萬里區,中萬里加投,瑪鍊港內,61
萬里區,瑪鋉,,1604,萬里區,中萬里加投,瑪鍊港內,62
萬里區,瑪鋉,,1605,萬里區,中萬里加投,瑪鍊港內,63
萬里區,瑪鋉,,1606,萬里區,中萬里加投,瑪鍊港內,64
萬里區,瑪鋉,,1607,萬里區,中萬里加投,瑪鍊港內,64-1
萬里區,瑪鋉,,1608,萬里區,中萬里加投,瑪鍊港內,64-2
萬里區,瑪鋉,,1609,萬里區,中萬里加投,瑪鍊港內,67-1
萬里區,瑪鋉,,161,萬里區,中萬里加投,瑪鍊港口,189-8
萬里區,瑪鋉,,1610,萬里區,中萬里加投,瑪鍊港內,67
萬里區,瑪鋉,,1611,萬里區,中萬里加投,瑪鍊港內,65-1
萬里區,瑪鋉,,1612,萬里區,中萬里加投,瑪鍊港內,65
萬里區,瑪鋉,,1614,萬里區,中萬里加投,瑪鍊港內,69-1
萬里區,瑪鋉,,1615,萬里區,中萬里加投,瑪鍊港內,69-2
萬里區,瑪鋉,,1616,萬里區,中萬里加投,瑪鍊港內,69-3
萬里區,瑪鋉,,1617,萬里區,中萬里加投,瑪鍊港內,69-4
萬里區,瑪鋉,,1619,萬里區,中萬里加投,瑪鍊港內,70-3
萬里區,瑪鋉,,162,萬里區,中萬里加投,瑪鍊港口,257-11
萬里區,瑪鋉,,1620,萬里區,中萬里加投,瑪鍊港內,70-1
萬里區,瑪鋉,,1621,萬里區,中萬里加投,瑪鍊港內,70-2
萬里區,瑪鋉,,1622,萬里區,中萬里加投,瑪鍊港內,298
萬里區,瑪鋉,,1623,萬里區,中萬里加投,瑪鍊港內,299
萬里區,瑪鋉,,1624,萬里區,中萬里加投,瑪鍊港內,299-3
萬里區,瑪鋉,,1625,萬里區,中萬里加投,瑪鍊港內,299-4
萬里區,瑪鋉,,1626,萬里區,中萬里加投,瑪鍊港內,299-1
萬里區,瑪鋉,,1627,萬里區,中萬里加投,瑪鍊港內,299-2
萬里區,瑪鋉,,1628,萬里區,中萬里加投,瑪鍊港內,301
萬里區,瑪鋉,,1629,萬里區,中萬里加投,瑪鍊港內,300
萬里區,瑪鋉,,163,萬里區,中萬里加投,瑪鍊港口,257-9
萬里區,瑪鋉,,1630,萬里區,中萬里加投,瑪鍊港內,245
萬里區,瑪鋉,,1631,萬里區,中萬里加投,瑪鍊港內,71
萬里區,瑪鋉,,1633,萬里區,中萬里加投,瑪鍊港內,213
萬里區,瑪鋉,,1634,萬里區,中萬里加投,瑪鍊港內,215
萬里區,瑪鋉,,1635,萬里區,中萬里加投,瑪鍊港內,215-1
萬里區,瑪鋉,,1636,萬里區,中萬里加投,瑪鍊港內,232
萬里區,瑪鋉,,1637,萬里區,中萬里加投,瑪鍊港內,229
萬里區,瑪鋉,,1638,萬里區,中萬里加投,瑪鍊港內,231
萬里區,瑪鋉,,1639,萬里區,中萬里加投,瑪鍊港內,230
萬里區,瑪鋉,,164,萬里區,中萬里加投,瑪鍊港口,257-16
萬里區,瑪鋉,,1640,萬里區,中萬里加投,瑪鍊港內,230-1
萬里區,瑪鋉,,1641,萬里區,中萬里加投,瑪鍊港內,222
萬里區,瑪鋉,,1642,萬里區,中萬里加投,瑪鍊港內,223
萬里區,瑪鋉,,1643,萬里區,中萬里加投,瑪鍊港內,224
萬里區,瑪鋉,,1644,萬里區,中萬里加投,瑪鍊港內,225
萬里區,瑪鋉,,1645,萬里區,中萬里加投,瑪鍊港內,244
萬里區,瑪鋉,,1646,萬里區,中萬里加投,瑪鍊港內,243
萬里區,瑪鋉,,1647,萬里區,中萬里加投,瑪鍊港內,243-1
萬里區,瑪鋉,,1648,萬里區,中萬里加投,瑪鍊港內,243-2
萬里區,瑪鋉,,1649,萬里區,中萬里加投,瑪鍊港內,251
萬里區,瑪鋉,,165,萬里區,中萬里加投,瑪鍊港口,257-29
萬里區,瑪鋉,,1650,萬里區,中萬里加投,瑪鍊港內,248
萬里區,瑪鋉,,1651,萬里區,中萬里加投,瑪鍊港內,249
萬里區,瑪鋉,,1652,萬里區,中萬里加投,瑪鍊港內,250
萬里區,瑪鋉,,1653,萬里區,中萬里加投,瑪鍊港內,294
萬里區,瑪鋉,,166,萬里區,中萬里加投,瑪鍊港口,257
萬里區,瑪鋉,,167,萬里區,中萬里加投,瑪鍊港口,257-15
萬里區,瑪鋉,,168,萬里區,中萬里加投,瑪鍊港口,257-13
萬里區,瑪鋉,,169,萬里區,中萬里加投,瑪鍊港口,257-17
萬里區,瑪鋉,,17,萬里區,中萬里加投,瑪鍊港口,290
萬里區,瑪鋉,,170,萬里區,中萬里加投,瑪鍊港口,257-14
萬里區,瑪鋉,,171,萬里區,中萬里加投,瑪鍊港口,178-5
萬里區,瑪鋉,,172,萬里區,中萬里加投,瑪鍊港口,179
萬里區,瑪鋉,,173,萬里區,中萬里加投,瑪鍊港口,178
萬里區,瑪鋉,,174,萬里區,中萬里加投,瑪鍊港口,178-4
萬里區,瑪鋉,,175,萬里區,中萬里加投,瑪鍊港口,178-6
萬里區,瑪鋉,,176,萬里區,中萬里加投,瑪鍊港口,178-35
萬里區,瑪鋉,,177,萬里區,中萬里加投,瑪鍊港口,178-7
萬里區,瑪鋉,,178,萬里區,中萬里加投,瑪鍊港口,255-8
萬里區,瑪鋉,,179,萬里區,中萬里加投,瑪鍊港口,178-8
萬里區,瑪鋉,,18,萬里區,中萬里加投,瑪鍊港口,288-11
萬里區,瑪鋉,,180,萬里區,中萬里加投,瑪鍊港口,188-7
萬里區,瑪鋉,,181,萬里區,中萬里加投,瑪鍊港口,255-14
萬里區,瑪鋉,,182,萬里區,中萬里加投,瑪鍊港口,178-9
萬里區,瑪鋉,,183,萬里區,中萬里加投,瑪鍊港口,188-26
萬里區,瑪鋉,,184,萬里區,中萬里加投,瑪鍊港口,188-24
萬里區,瑪鋉,,185,萬里區,中萬里加投,瑪鍊港口,188-23
萬里區,瑪鋉,,186,萬里區,中萬里加投,瑪鍊港口,188-25
萬里區,瑪鋉,,187,萬里區,中萬里加投,瑪鍊港口,177-4
萬里區,瑪鋉,,188,萬里區,中萬里加投,瑪鍊港口,177-5
萬里區,瑪鋉,,189,萬里區,中萬里加投,瑪鍊港口,177-6
萬里區,瑪鋉,,19,萬里區,中萬里加投,瑪鍊港口,288-10
萬里區,瑪鋉,,190,萬里區,中萬里加投,瑪鍊港口,177
萬里區,瑪鋉,,191,萬里區,中萬里加投,瑪鍊港口,178-15
萬里區,瑪鋉,,192,萬里區,中萬里加投,瑪鍊港口,178-16
萬里區,瑪鋉,,193,萬里區,中萬里加投,瑪鍊港口,178-17
萬里區,瑪鋉,,194,萬里區,中萬里加投,瑪鍊港口,178-42
萬里區,瑪鋉,,195,萬里區,中萬里加投,瑪鍊港口,178-41
萬里區,瑪鋉,,196,萬里區,中萬里加投,瑪鍊港口,178-40
萬里區,瑪鋉,,197,萬里區,中萬里加投,瑪鍊港口,178-14
萬里區,瑪鋉,,198,萬里區,中萬里加投,瑪鍊港口,178-13
萬里區,瑪鋉,,199,萬里區,中萬里加投,瑪鍊港口,178-39
萬里區,瑪鋉,,2,萬里區,中萬里加投,瑪鍊港口,288-3
萬里區,瑪鋉,,20,萬里區,中萬里加投,瑪鍊港口,289
萬里區,瑪鋉,,200,萬里區,中萬里加投,瑪鍊港口,178-12
萬里區,瑪鋉,,201,萬里區,中萬里加投,瑪鍊港口,178-38
萬里區,瑪鋉,,202,萬里區,中萬里加投,瑪鍊港口,178-11
萬里區,瑪鋉,,203,萬里區,中萬里加投,瑪鍊港口,178-37
萬里區,瑪鋉,,204,萬里區,中萬里加投,瑪鍊港口,178-10
萬里區,瑪鋉,,205,萬里區,中萬里加投,瑪鍊港口,178-36
萬里區,瑪鋉,,206,萬里區,中萬里加投,瑪鍊港口,178-18
萬里區,瑪鋉,,207,萬里區,中萬里加投,瑪鍊港口,178-19
萬里區,瑪鋉,,208,萬里區,中萬里加投,瑪鍊港口,178-20
萬里區,瑪鋉,,209,萬里區,中萬里加投,瑪鍊港口,178-33
萬里區,瑪鋉,,21,萬里區,中萬里加投,瑪鍊港口,288
萬里區,瑪鋉,,210,萬里區,中萬里加投,瑪鍊港口,178-21
萬里區,瑪鋉,,211,萬里區,中萬里加投,瑪鍊港口,178-22
萬里區,瑪鋉,,212,萬里區,中萬里加投,瑪鍊港口,255-2
萬里區,瑪鋉,,213,萬里區,中萬里加投,瑪鍊港口,178-32
萬里區,瑪鋉,,214,萬里區,中萬里加投,瑪鍊港口,255-15
萬里區,瑪鋉,,215,萬里區,中萬里加投,瑪鍊港口,178-31
萬里區,瑪鋉,,216,萬里區,中萬里加投,瑪鍊港口,178-29
萬里區,瑪鋉,,217,萬里區,中萬里加投,瑪鍊港口,178-30
萬里區,瑪鋉,,218,萬里區,中萬里加投,瑪鍊港口,178-28
萬里區,瑪鋉,,219,萬里區,中萬里加投,瑪鍊港口,178-26
萬里區,瑪鋉,,22,萬里區,中萬里加投,瑪鍊港口,289-2
萬里區,瑪鋉,,220,萬里區,中萬里加投,瑪鍊港口,178-27
萬里區,瑪鋉,,221,萬里區,中萬里加投,瑪鍊港口,178-23
萬里區,瑪鋉,,222,萬里區,中萬里加投,瑪鍊港口,178-43
萬里區,瑪鋉,,223,萬里區,中萬里加投,瑪鍊港口,178-25
萬里區,瑪鋉,,224,萬里區,中萬里加投,瑪鍊港口,256-2
萬里區,瑪鋉,,225,萬里區,中萬里加投,瑪鍊港口,255-9
萬里區,瑪鋉,,226,萬里區,中萬里加投,瑪鍊港口,256-1
萬里區,瑪鋉,,227,萬里區,中萬里加投,瑪鍊港口,256
萬里區,瑪鋉,,228,萬里區,中萬里加投,瑪鍊港口,257-3
萬里區,瑪鋉,,229,萬里區,中萬里加投,瑪鍊港口,257-10
萬里區,瑪鋉,,23,萬里區,中萬里加投,瑪鍊港口,289-1
萬里區,瑪鋉,,230,萬里區,中萬里加投,瑪鍊港口,257-12
萬里區,瑪鋉,,231,萬里區,中萬里加投,瑪鍊港口,189-9
萬里區,瑪鋉,,232,萬里區,中萬里加投,瑪鍊港口,259-10
萬里區,瑪鋉,,233,萬里區,中萬里加投,瑪鍊港口,259-11
萬里區,瑪鋉,,234,萬里區,中萬里加投,瑪鍊港口,189
萬里區,瑪鋉,,235,萬里區,中萬里加投,瑪鍊港口,259-2
萬里區,瑪鋉,,236,萬里區,中萬里加投,瑪鍊港口,259-1
萬里區,瑪鋉,,237,萬里區,中萬里加投,瑪鍊港口,259
萬里區,瑪鋉,,238,萬里區,中萬里加投,瑪鍊港口,259-13
萬里區,瑪鋉,,239,萬里區,中萬里加投,瑪鍊港口,257-6
萬里區,瑪鋉,,24,萬里區,中萬里加投,瑪鍊港口,282-8
萬里區,瑪鋉,,240,萬里區,中萬里加投,瑪鍊港口,258
萬里區,瑪鋉,,241,萬里區,中萬里加投,瑪鍊港口,258-1
萬里區,瑪鋉,,242,萬里區,中萬里加投,瑪鍊港口,268-9
萬里區,瑪鋉,,243,萬里區,中萬里加投,瑪鍊港口,259-4
萬里區,瑪鋉,,244,萬里區,中萬里加投,瑪鍊港口,259-17
萬里區,瑪鋉,,245,萬里區,中萬里加投,瑪鍊港口,259-20
萬里區,瑪鋉,,246,萬里區,中萬里加投,瑪鍊港口,259-23
萬里區,瑪鋉,,247,萬里區,中萬里加投,瑪鍊港口,259-22
萬里區,瑪鋉,,248,萬里區,中萬里加投,瑪鍊港口,259-15
萬里區,瑪鋉,,249,萬里區,中萬里加投,瑪鍊港口,259-25
萬里區,瑪鋉,,25,萬里區,中萬里加投,瑪鍊港口,282-3
萬里區,瑪鋉,,250,萬里區,中萬里加投,瑪鍊港口,259-24
萬里區,瑪鋉,,251,萬里區,中萬里加投,瑪鍊港口,259-3
萬里區,瑪鋉,,252,萬里區,中萬里加投,瑪鍊港口,191-4
萬里區,瑪鋉,,253,萬里區,中萬里加投,瑪鍊港口,191-2
萬里區,瑪鋉,,254,萬里區,中萬里加投,瑪鍊港口,191
萬里區,瑪鋉,,255,萬里區,中萬里加投,瑪鍊港口,191-1
萬里區,瑪鋉,,256,萬里區,中萬里加投,瑪鍊港口,191-3
萬里區,瑪鋉,,257,萬里區,中萬里加投,瑪鍊港口,260-12
萬里區,瑪鋉,,258,萬里區,中萬里加投,瑪鍊港口,260-10
萬里區,瑪鋉,,259,萬里區,中萬里加投,瑪鍊港口,195-3
萬里區,瑪鋉,,26,萬里區,中萬里加投,瑪鍊港口,287-1
萬里區,瑪鋉,,260,萬里區,中萬里加投,瑪鍊港口,260-11
萬里區,瑪鋉,,261,萬里區,中萬里加投,瑪鍊港口,195-4
萬里區,瑪鋉,,262,萬里區,中萬里加投,瑪鍊港口,260-20
萬里區,瑪鋉,,263,萬里區,中萬里加投,瑪鍊港口,260-3
萬里區,瑪鋉,,264,萬里區,中萬里加投,瑪鍊港口,192
萬里區,瑪鋉,,265,萬里區,中萬里加投,瑪鍊港口,195
萬里區,瑪鋉,,267,萬里區,中萬里加投,瑪鍊港口,192-1
萬里區,瑪鋉,,268,萬里區,中萬里加投,瑪鍊港口,260-4
萬里區,瑪鋉,,269,萬里區,中萬里加投,瑪鍊港口,192-2
萬里區,瑪鋉,,27,萬里區,中萬里加投,瑪鍊港口,288-9
萬里區,瑪鋉,,270,萬里區,中萬里加投,瑪鍊港口,260-7
萬里區,瑪鋉,,271,萬里區,中萬里加投,瑪鍊港口,260-5
萬里區,瑪鋉,,272,萬里區,中萬里加投,瑪鍊港口,194
萬里區,瑪鋉,,273,萬里區,中萬里加投,瑪鍊港口,190
萬里區,瑪鋉,,274,萬里區,中萬里加投,瑪鍊港口,259-5
萬里區,瑪鋉,,275,萬里區,中萬里加投,瑪鍊港口,193
萬里區,瑪鋉,,276,萬里區,中萬里加投,瑪鍊港口,259-7
萬里區,瑪鋉,,277,萬里區,中萬里加投,瑪鍊港口,259-6
萬里區,瑪鋉,,278,萬里區,中萬里加投,瑪鍊港口,193-5
萬里區,瑪鋉,,279,萬里區,中萬里加投,瑪鍊港口,193-6
萬里區,瑪鋉,,28,萬里區,中萬里加投,瑪鍊港口,287
萬里區,瑪鋉,,280,萬里區,中萬里加投,瑪鍊港口,259-8
萬里區,瑪鋉,,281,萬里區,中萬里加投,瑪鍊港口,259-9
萬里區,瑪鋉,,282,萬里區,中萬里加投,瑪鍊港口,193-1
萬里區,瑪鋉,,283,萬里區,中萬里加投,瑪鍊港口,204-3
萬里區,瑪鋉,,284,萬里區,中萬里加投,瑪鍊港口,194-7
萬里區,瑪鋉,,285,萬里區,中萬里加投,瑪鍊港口,193-4
萬里區,瑪鋉,,286,萬里區,中萬里加投,瑪鍊港口,193-2
萬里區,瑪鋉,,287,萬里區,中萬里加投,瑪鍊港口,194-6
萬里區,瑪鋉,,288,萬里區,中萬里加投,瑪鍊港口,194-1
萬里區,瑪鋉,,289,萬里區,中萬里加投,瑪鍊港口,193-3
萬里區,瑪鋉,,29,萬里區,中萬里加投,瑪鍊港口,286
萬里區,瑪鋉,,290,萬里區,中萬里加投,瑪鍊港口,194-3
萬里區,瑪鋉,,291,萬里區,中萬里加投,瑪鍊港口,194-9
萬里區,瑪鋉,,292,萬里區,中萬里加投,瑪鍊港口,194-8
萬里區,瑪鋉,,293,萬里區,中萬里加投,瑪鍊港口,194-4
萬里區,瑪鋉,,294,萬里區,中萬里加投,瑪鍊港口,194-2
萬里區,瑪鋉,,295,萬里區,中萬里加投,瑪鍊港口,194-5
萬里區,瑪鋉,,296,萬里區,中萬里加投,瑪鍊港口,194-10
萬里區,瑪鋉,,297,萬里區,中萬里加投,瑪鍊港口,195-2
萬里區,瑪鋉,,298,萬里區,中萬里加投,瑪鍊港口,260-6
萬里區,瑪鋉,,299,萬里區,中萬里加投,瑪鍊港口,260-8
萬里區,瑪鋉,,3,萬里區,中萬里加投,瑪鍊港口,288-4
萬里區,瑪鋉,,30,萬里區,中萬里加投,瑪鍊港口,282-6
萬里區,瑪鋉,,300,萬里區,中萬里加投,瑪鍊港口,196-2
萬里區,瑪鋉,,301,萬里區,中萬里加投,瑪鍊港口,196-1
萬里區,瑪鋉,,302,萬里區,中萬里加投,瑪鍊港口,197-1
萬里區,瑪鋉,,303,萬里區,中萬里加投,瑪鍊港口,204-2
萬里區,瑪鋉,,304,萬里區,中萬里加投,瑪鍊港口,203-1
萬里區,瑪鋉,,305,萬里區,中萬里加投,瑪鍊港口,195-1
萬里區,瑪鋉,,306,萬里區,中萬里加投,瑪鍊港口,209-2
萬里區,瑪鋉,,307,萬里區,中萬里加投,瑪鍊港口,267-1
萬里區,瑪鋉,,308,萬里區,中萬里加投,瑪鍊港口,267-2
萬里區,瑪鋉,,309,萬里區,中萬里加投,瑪鍊港口,208
萬里區,瑪鋉,,31,萬里區,中萬里加投,瑪鍊港口,285-3
萬里區,瑪鋉,,310,萬里區,中萬里加投,瑪鍊港口,204
萬里區,瑪鋉,,311,萬里區,中萬里加投,瑪鍊港口,205
萬里區,瑪鋉,,312,萬里區,中萬里加投,瑪鍊港口,204-1
萬里區,瑪鋉,,313,萬里區,中萬里加投,瑪鍊港口,259-14
萬里區,瑪鋉,,314,萬里區,中萬里加投,瑪鍊港口,268-5
萬里區,瑪鋉,,315,萬里區,中萬里加投,瑪鍊港口,268-4
萬里區,瑪鋉,,316,萬里區,中萬里加投,瑪鍊港口,250-1
萬里區,瑪鋉,,317,萬里區,中萬里加投,瑪鍊港口,250
萬里區,瑪鋉,,318,萬里區,中萬里加投,瑪鍊港口,268-2
萬里區,瑪鋉,,319,萬里區,中萬里加投,瑪鍊港口,206
萬里區,瑪鋉,,32,萬里區,中萬里加投,瑪鍊港口,282-7
萬里區,瑪鋉,,320,萬里區,中萬里加投,瑪鍊港口,251
萬里區,瑪鋉,,321,萬里區,中萬里加投,瑪鍊港口,268-6
萬里區,瑪鋉,,322,萬里區,中萬里加投,瑪鍊港口,268-1
萬里區,瑪鋉,,323,萬里區,中萬里加投,瑪鍊港口,204-4
萬里區,瑪鋉,,324,萬里區,中萬里加投,瑪鍊港口,207-1
萬里區,瑪鋉,,325,萬里區,中萬里加投,瑪鍊港口,207-2
萬里區,瑪鋉,,326,萬里區,中萬里加投,瑪鍊港口,207-3
萬里區,瑪鋉,,327,萬里區,中萬里加投,瑪鍊港口,207
萬里區,瑪鋉,,328,萬里區,中萬里加投,瑪鍊港口,268-7
萬里區,瑪鋉,,329,萬里區,中萬里加投,瑪鍊港口,268-8
萬里區,瑪鋉,,33,萬里區,中萬里加投,瑪鍊港口,282-10
萬里區,瑪鋉,,330,萬里區,中萬里加投,瑪鍊港口,267-6
萬里區,瑪鋉,,331,萬里區,中萬里加投,瑪鍊港口,207-4
萬里區,瑪鋉,,332,萬里區,中萬里加投,瑪鍊港口,267-4
萬里區,瑪鋉,,333,萬里區,中萬里加投,瑪鍊港口,267-3
萬里區,瑪鋉,,334,萬里區,中萬里加投,瑪鍊港口,209-1
萬里區,瑪鋉,,335,萬里區,中萬里加投,瑪鍊港口,209-6
萬里區,瑪鋉,,336,萬里區,中萬里加投,瑪鍊港口,209-5
萬里區,瑪鋉,,337,萬里區,中萬里加投,瑪鍊港口,209-4
萬里區,瑪鋉,,338,萬里區,中萬里加投,瑪鍊港口,209-3
萬里區,瑪鋉,,339,萬里區,中萬里加投,瑪鍊港口,209
萬里區,瑪鋉,,34,萬里區,中萬里加投,瑪鍊港口,282-9
萬里區,瑪鋉,,340,萬里區,中萬里加投,瑪鍊港口,211
萬里區,瑪鋉,,341,萬里區,中萬里加投,瑪鍊港口,210
萬里區,瑪鋉,,342,萬里區,中萬里加投,瑪鍊港口,210-1
萬里區,瑪鋉,,343,萬里區,中萬里加投,瑪鍊港口,200
萬里區,瑪鋉,,344,萬里區,中萬里加投,瑪鍊港口,201
萬里區,瑪鋉,,346,萬里區,中萬里加投,瑪鍊港口,199-5
萬里區,瑪鋉,,347,萬里區,中萬里加投,瑪鍊港口,199
萬里區,瑪鋉,,348,萬里區,中萬里加投,瑪鍊港口,202
萬里區,瑪鋉,,349,萬里區,中萬里加投,瑪鍊港口,198
萬里區,瑪鋉,,35,萬里區,中萬里加投,瑪鍊港口,282-2
萬里區,瑪鋉,,351,萬里區,中萬里加投,瑪鍊港口,203
萬里區,瑪鋉,,352,萬里區,中萬里加投,瑪鍊港口,197
萬里區,瑪鋉,,353,萬里區,中萬里加投,瑪鍊港口,196
萬里區,瑪鋉,,354,萬里區,中萬里加投,瑪鍊港口,199-1
萬里區,瑪鋉,,355,萬里區,中萬里加投,瑪鍊港口,199-2
萬里區,瑪鋉,,356,萬里區,中萬里加投,瑪鍊港口,199-3
萬里區,瑪鋉,,357,萬里區,中萬里加投,瑪鍊港口,199-4
萬里區,瑪鋉,,358,萬里區,中萬里加投,瑪鍊港口,260-9
萬里區,瑪鋉,,359,萬里區,中萬里加投,瑪鍊港口,260-14
萬里區,瑪鋉,,36,萬里區,中萬里加投,瑪鍊港口,282-5
萬里區,瑪鋉,,360,萬里區,中萬里加投,瑪鍊港口,260-22
萬里區,瑪鋉,,361,萬里區,中萬里加投,瑪鍊港口,260-21
萬里區,瑪鋉,,362,萬里區,中萬里加投,瑪鍊港口,260-13
萬里區,瑪鋉,,363,萬里區,中萬里加投,瑪鍊港口,260-29
萬里區,瑪鋉,,364,萬里區,中萬里加投,瑪鍊港口,260-28
萬里區,瑪鋉,,365,萬里區,中萬里加投,瑪鍊港口,260-23
萬里區,瑪鋉,,366,萬里區,中萬里加投,瑪鍊港口,260-30
萬里區,瑪鋉,,367,萬里區,中萬里加投,瑪鍊港口,248
萬里區,瑪鋉,,368,萬里區,中萬里加投,瑪鍊港口,249
萬里區,瑪鋉,,369,萬里區,中萬里加投,瑪鍊港口,249-1
萬里區,瑪鋉,,37,萬里區,中萬里加投,瑪鍊港口,282
萬里區,瑪鋉,,370,萬里區,中萬里加投,瑪鍊港口,260-24
萬里區,瑪鋉,,371,萬里區,中萬里加投,瑪鍊港口,260-19
萬里區,瑪鋉,,372,萬里區,中萬里加投,瑪鍊港口,260-31
萬里區,瑪鋉,,373,萬里區,中萬里加投,瑪鍊港口,260-26
萬里區,瑪鋉,,374,萬里區,中萬里加投,瑪鍊港口,260-16
萬里區,瑪鋉,,375,萬里區,中萬里加投,瑪鍊港口,260-18
萬里區,瑪鋉,,376,萬里區,中萬里加投,瑪鍊港口,260-27
萬里區,瑪鋉,,377,萬里區,中萬里加投,瑪鍊港口,260-33
萬里區,瑪鋉,,378,萬里區,中萬里加投,瑪鍊港口,260-17
萬里區,瑪鋉,,379,萬里區,中萬里加投,瑪鍊港口,260-32
萬里區,瑪鋉,,38,萬里區,中萬里加投,瑪鍊港口,282-4
萬里區,瑪鋉,,380,萬里區,中萬里加投,瑪鍊港口,260-25
萬里區,瑪鋉,,381,萬里區,中萬里加投,瑪鍊港口,260-15
萬里區,瑪鋉,,382,萬里區,中萬里加投,瑪鍊港口,260-1
萬里區,瑪鋉,,383,萬里區,中萬里加投,瑪鍊港口,260
萬里區,瑪鋉,,384,萬里區,中萬里加投,瑪鍊港口,261-3
萬里區,瑪鋉,,385,萬里區,中萬里加投,瑪鍊港口,241
萬里區,瑪鋉,,386,萬里區,中萬里加投,瑪鍊港口,240-1
萬里區,瑪鋉,,387,萬里區,中萬里加投,瑪鍊港口,261-4
萬里區,瑪鋉,,388,萬里區,中萬里加投,瑪鍊港口,242-2
萬里區,瑪鋉,,389,萬里區,中萬里加投,瑪鍊港口,242-1
萬里區,瑪鋉,,39,萬里區,中萬里加投,瑪鍊港口,282-1
萬里區,瑪鋉,,390,萬里區,中萬里加投,瑪鍊港口,242
萬里區,瑪鋉,,392,萬里區,中萬里加投,瑪鍊港口,238
萬里區,瑪鋉,,393,萬里區,中萬里加投,瑪鍊港口,245
萬里區,瑪鋉,,394,萬里區,中萬里加投,瑪鍊港口,247
萬里區,瑪鋉,,395,萬里區,中萬里加投,瑪鍊港口,232
萬里區,瑪鋉,,396,萬里區,中萬里加投,瑪鍊港口,210-2
萬里區,瑪鋉,,397,萬里區,中萬里加投,瑪鍊港口,213-1
萬里區,瑪鋉,,398,萬里區,中萬里加投,瑪鍊港口,213-2
萬里區,瑪鋉,,399,萬里區,中萬里加投,瑪鍊港口,212
萬里區,瑪鋉,,4,萬里區,中萬里加投,瑪鍊港口,288-1
萬里區,瑪鋉,,40,萬里區,中萬里加投,瑪鍊港口,285-1
萬里區,瑪鋉,,400,萬里區,中萬里加投,瑪鍊港口,267
萬里區,瑪鋉,,401,萬里區,中萬里加投,瑪鍊港口,268-10
萬里區,瑪鋉,,402,萬里區,中萬里加投,瑪鍊港口,268
萬里區,瑪鋉,,403,萬里區,中萬里加投,瑪鍊港口,258-3
萬里區,瑪鋉,,404,萬里區,中萬里加投,瑪鍊港口,258-2
萬里區,瑪鋉,,405,萬里區,中萬里加投,瑪鍊港口,257-4
萬里區,瑪鋉,,406,萬里區,中萬里加投,瑪鍊港口,257-5
萬里區,瑪鋉,,407,萬里區,中萬里加投,瑪鍊港口,256-3
萬里區,瑪鋉,,408,萬里區,中萬里加投,瑪鍊港口,268-3
萬里區,瑪鋉,,409,萬里區,中萬里加投,瑪鍊港口,255-10
萬里區,瑪鋉,,41,萬里區,中萬里加投,瑪鍊港口,260-2
萬里區,瑪鋉,,410,萬里區,中萬里加投,瑪鍊港口,255-11
萬里區,瑪鋉,,411,萬里區,中萬里加投,瑪鍊港口,255-12
萬里區,瑪鋉,,412,萬里區,中萬里加投,瑪鍊港口,255-13
萬里區,瑪鋉,,413,萬里區,中萬里加投,瑪鍊港口,177-1
萬里區,瑪鋉,,414,萬里區,中萬里加投,瑪鍊港口,148-17
萬里區,瑪鋉,,415,萬里區,中萬里加投,瑪鍊港口,177-3
萬里區,瑪鋉,,416,萬里區,中萬里加投,瑪鍊港口,176-1
萬里區,瑪鋉,,417,萬里區,中萬里加投,瑪鍊港口,177-2
萬里區,瑪鋉,,418,萬里區,中萬里加投,瑪鍊港口,176
萬里區,瑪鋉,,419,萬里區,中萬里加投,瑪鍊港口,175
萬里區,瑪鋉,,42,萬里區,中萬里加投,瑪鍊港口,284
萬里區,瑪鋉,,420,萬里區,中萬里加投,瑪鍊港口,268-11
萬里區,瑪鋉,,421,萬里區,中萬里加投,瑪鍊港口,174-1
萬里區,瑪鋉,,422,萬里區,中萬里加投,瑪鍊港口,174
萬里區,瑪鋉,,423,萬里區,中萬里加投,瑪鍊港口,267-5
萬里區,瑪鋉,,424,萬里區,中萬里加投,瑪鍊港口,218-5
萬里區,瑪鋉,,425,萬里區,中萬里加投,瑪鍊港口,218-4
萬里區,瑪鋉,,426,萬里區,中萬里加投,瑪鍊港口,219
萬里區,瑪鋉,,427,萬里區,中萬里加投,瑪鍊港口,219-1
萬里區,瑪鋉,,428,萬里區,中萬里加投,瑪鍊港口,218-1
萬里區,瑪鋉,,429,萬里區,中萬里加投,瑪鍊港口,218-2
萬里區,瑪鋉,,43,萬里區,中萬里加投,瑪鍊港口,284-1
萬里區,瑪鋉,,430,萬里區,中萬里加投,瑪鍊港口,218-3
萬里區,瑪鋉,,431,萬里區,中萬里加投,瑪鍊港口,252
萬里區,瑪鋉,,432,萬里區,中萬里加投,瑪鍊港口,215-2
萬里區,瑪鋉,,433,萬里區,中萬里加投,瑪鍊港口,266-4
萬里區,瑪鋉,,434,萬里區,中萬里加投,瑪鍊港口,217
萬里區,瑪鋉,,435,萬里區,中萬里加投,瑪鍊港口,266
萬里區,瑪鋉,,436,萬里區,中萬里加投,瑪鍊港口,266-3
萬里區,瑪鋉,,437,萬里區,中萬里加投,瑪鍊港口,216
萬里區,瑪鋉,,438,萬里區,中萬里加投,瑪鍊港口,216-2
萬里區,瑪鋉,,439,萬里區,中萬里加投,瑪鍊港口,215-1
萬里區,瑪鋉,,44,萬里區,中萬里加投,瑪鍊港口,283-1
萬里區,瑪鋉,,440,萬里區,中萬里加投,瑪鍊港口,215
萬里區,瑪鋉,,441,萬里區,中萬里加投,瑪鍊港口,266-2
萬里區,瑪鋉,,442,萬里區,中萬里加投,瑪鍊港口,214
萬里區,瑪鋉,,443,萬里區,中萬里加投,瑪鍊港口,231
萬里區,瑪鋉,,444,萬里區,中萬里加投,瑪鍊港口,231-1
萬里區,瑪鋉,,445,萬里區,中萬里加投,瑪鍊港口,213
萬里區,瑪鋉,,446,萬里區,中萬里加投,瑪鍊港口,266-1
萬里區,瑪鋉,,449,萬里區,中萬里加投,瑪鍊港口,230
萬里區,瑪鋉,,45,萬里區,中萬里加投,瑪鍊港口,277-4
萬里區,瑪鋉,,450,萬里區,中萬里加投,瑪鍊港口,232-1
萬里區,瑪鋉,,451,萬里區,中萬里加投,瑪鍊港口,233-1
萬里區,瑪鋉,,453,萬里區,中萬里加投,瑪鍊港口,262-5
萬里區,瑪鋉,,454,萬里區,中萬里加投,瑪鍊港口,262-3
萬里區,瑪鋉,,455,萬里區,中萬里加投,瑪鍊港口,263
萬里區,瑪鋉,,456,萬里區,中萬里加投,瑪鍊港口,262-6
萬里區,瑪鋉,,457,萬里區,中萬里加投,瑪鍊港口,226-2
萬里區,瑪鋉,,458,萬里區,中萬里加投,瑪鍊港口,226-1
萬里區,瑪鋉,,459,萬里區,中萬里加投,瑪鍊港口,216-1
萬里區,瑪鋉,,46,萬里區,中萬里加投,瑪鍊港口,283-2
萬里區,瑪鋉,,460,萬里區,中萬里加投,瑪鍊港口,230-1
萬里區,瑪鋉,,461,萬里區,中萬里加投,瑪鍊港口,262
萬里區,瑪鋉,,462,萬里區,中萬里加投,瑪鍊港口,226
萬里區,瑪鋉,,463,萬里區,中萬里加投,瑪鍊港口,265-1
萬里區,瑪鋉,,464,萬里區,中萬里加投,瑪鍊港口,265-2
萬里區,瑪鋉,,465,萬里區,中萬里加投,瑪鍊港口,225
萬里區,瑪鋉,,467,萬里區,中萬里加投,瑪鍊港口,253
萬里區,瑪鋉,,468,萬里區,中萬里加投,瑪鍊港口,224
萬里區,瑪鋉,,469,萬里區,中萬里加投,瑪鍊港口,222
萬里區,瑪鋉,,47,萬里區,中萬里加投,瑪鍊港口,284-3
萬里區,瑪鋉,,470,萬里區,中萬里加投,瑪鍊港口,221
萬里區,瑪鋉,,471,萬里區,中萬里加投,瑪鍊港口,220
萬里區,瑪鋉,,472,萬里區,中萬里加投,瑪鍊港口,223
萬里區,瑪鋉,,473,萬里區,中萬里加投,瑪鍊港口,218
萬里區,瑪鋉,,474,萬里區,中萬里加投,瑪鍊港口,265
萬里區,瑪鋉,,475,萬里區,中萬里加投,瑪鍊港口,269-6
萬里區,瑪鋉,,476,萬里區,中萬里加投,瑪鍊港口,269
萬里區,瑪鋉,,477,萬里區,中萬里加投,瑪鍊港口,270
萬里區,瑪鋉,,479,萬里區,中萬里加投,瑪鍊港口,269-20
萬里區,瑪鋉,,48,萬里區,中萬里加投,瑪鍊港口,285-2
萬里區,瑪鋉,,480,萬里區,中萬里加投,瑪鍊港口,269-30
萬里區,瑪鋉,,481,萬里區,中萬里加投,瑪鍊港口,269-28
萬里區,瑪鋉,,482,萬里區,中萬里加投,瑪鍊港口,173-24
萬里區,瑪鋉,,483,萬里區,中萬里加投,瑪鍊港口,173-32
萬里區,瑪鋉,,484,萬里區,中萬里加投,瑪鍊港口,173
萬里區,瑪鋉,,485,萬里區,中萬里加投,瑪鍊港口,173-13
萬里區,瑪鋉,,486,萬里區,中萬里加投,瑪鍊港口,269-23
萬里區,瑪鋉,,487,萬里區,中萬里加投,瑪鍊港口,173-23
萬里區,瑪鋉,,488,萬里區,中萬里加投,瑪鍊港口,173-22
萬里區,瑪鋉,,489,萬里區,中萬里加投,瑪鍊港口,173-19
萬里區,瑪鋉,,49,萬里區,中萬里加投,瑪鍊港口,283
萬里區,瑪鋉,,490,萬里區,中萬里加投,瑪鍊港口,173-26
萬里區,瑪鋉,,491,萬里區,中萬里加投,瑪鍊港口,173-10
萬里區,瑪鋉,,492,萬里區,中萬里加投,瑪鍊港口,173-12
萬里區,瑪鋉,,493,萬里區,中萬里加投,瑪鍊港口,269-22
萬里區,瑪鋉,,494,萬里區,中萬里加投,瑪鍊港口,173-18
萬里區,瑪鋉,,495,萬里區,中萬里加投,瑪鍊港口,269-21
萬里區,瑪鋉,,496,萬里區,中萬里加投,瑪鍊港口,173-16
萬里區,瑪鋉,,497,萬里區,中萬里加投,瑪鍊港口,173-9
萬里區,瑪鋉,,498,萬里區,中萬里加投,瑪鍊港口,173-17
萬里區,瑪鋉,,499,萬里區,中萬里加投,瑪鍊港口,173-20
萬里區,瑪鋉,,5,萬里區,中萬里加投,瑪鍊港口,288-5
萬里區,瑪鋉,,50,萬里區,中萬里加投,瑪鍊港口,284-2
萬里區,瑪鋉,,500,萬里區,中萬里加投,瑪鍊港口,173-11
萬里區,瑪鋉,,501,萬里區,中萬里加投,瑪鍊港口,173-21
萬里區,瑪鋉,,502,萬里區,中萬里加投,瑪鍊港口,173-27
萬里區,瑪鋉,,503,萬里區,中萬里加投,瑪鍊港口,173-28
萬里區,瑪鋉,,504,萬里區,中萬里加投,瑪鍊港口,173-6
萬里區,瑪鋉,,505,萬里區,中萬里加投,瑪鍊港口,173-2
萬里區,瑪鋉,,506,萬里區,中萬里加投,瑪鍊港口,173-3
萬里區,瑪鋉,,507,萬里區,中萬里加投,瑪鍊港口,173-29
萬里區,瑪鋉,,508,萬里區,中萬里加投,瑪鍊港口,173-4
萬里區,瑪鋉,,509,萬里區,中萬里加投,瑪鍊港口,173-15
萬里區,瑪鋉,,51,萬里區,中萬里加投,瑪鍊港口,285
萬里區,瑪鋉,,510,萬里區,中萬里加投,瑪鍊港口,173-25
萬里區,瑪鋉,,511,萬里區,中萬里加投,瑪鍊港口,173-7
萬里區,瑪鋉,,512,萬里區,中萬里加投,瑪鍊港口,173-8
萬里區,瑪鋉,,513,萬里區,中萬里加投,瑪鍊港口,163-6
萬里區,瑪鋉,,514,萬里區,中萬里加投,瑪鍊港口,173-1
萬里區,瑪鋉,,515,萬里區,中萬里加投,瑪鍊港口,164-4
萬里區,瑪鋉,,516,萬里區,中萬里加投,瑪鍊港口,164-8
萬里區,瑪鋉,,517,萬里區,中萬里加投,瑪鍊港口,164-6
萬里區,瑪鋉,,518,萬里區,中萬里加投,瑪鍊港口,164-7
萬里區,瑪鋉,,519,萬里區,中萬里加投,瑪鍊港口,164
萬里區,瑪鋉,,52,萬里區,中萬里加投,瑪鍊港口,259-12
萬里區,瑪鋉,,520,萬里區,中萬里加投,瑪鍊港口,165-5
萬里區,瑪鋉,,521,萬里區,中萬里加投,瑪鍊港口,165-4
萬里區,瑪鋉,,522,萬里區,中萬里加投,瑪鍊港口,165-1
萬里區,瑪鋉,,523,萬里區,中萬里加投,瑪鍊港口,165-2
萬里區,瑪鋉,,524,萬里區,中萬里加投,瑪鍊港口,166
萬里區,瑪鋉,,525,萬里區,中萬里加投,瑪鍊港口,166-4
萬里區,瑪鋉,,526,萬里區,中萬里加投,瑪鍊港口,166-17
萬里區,瑪鋉,,527,萬里區,中萬里加投,瑪鍊港口,166-16
萬里區,瑪鋉,,528,萬里區,中萬里加投,瑪鍊港口,166-15
萬里區,瑪鋉,,529,萬里區,中萬里加投,瑪鍊港口,166-14
萬里區,瑪鋉,,53,萬里區,中萬里加投,瑪鍊港口,281
萬里區,瑪鋉,,530,萬里區,中萬里加投,瑪鍊港口,166-13
萬里區,瑪鋉,,531,萬里區,中萬里加投,瑪鍊港口,166-5
萬里區,瑪鋉,,532,萬里區,中萬里加投,瑪鍊港口,166-12
萬里區,瑪鋉,,533,萬里區,中萬里加投,瑪鍊港口,166-11
萬里區,瑪鋉,,534,萬里區,中萬里加投,瑪鍊港口,163-7
萬里區,瑪鋉,,535,萬里區,中萬里加投,中幅子,5-5
萬里區,瑪鋉,,536,萬里區,中萬里加投,中幅子,5-1
萬里區,瑪鋉,,537,萬里區,中萬里加投,中幅子,6-5
萬里區,瑪鋉,,538,萬里區,中萬里加投,中幅子,6
萬里區,瑪鋉,,539,萬里區,中萬里加投,中幅子,6-8
萬里區,瑪鋉,,54,萬里區,中萬里加投,瑪鍊港口,280
萬里區,瑪鋉,,540,萬里區,中萬里加投,中幅子,4-1
萬里區,瑪鋉,,541,萬里區,中萬里加投,中幅子,7
萬里區,瑪鋉,,542,萬里區,中萬里加投,中幅子,8-8
萬里區,瑪鋉,,543,萬里區,中萬里加投,中幅子,8-16
萬里區,瑪鋉,,544,萬里區,中萬里加投,中幅子,8-13
萬里區,瑪鋉,,545,萬里區,中萬里加投,中幅子,8-9
萬里區,瑪鋉,,546,萬里區,中萬里加投,中幅子,8-1
萬里區,瑪鋉,,547,萬里區,中萬里加投,中幅子,8-10
萬里區,瑪鋉,,548,萬里區,中萬里加投,中幅子,8-14
萬里區,瑪鋉,,549,萬里區,中萬里加投,瑪鍊港口,166-3
萬里區,瑪鋉,,55,萬里區,中萬里加投,瑪鍊港口,280-7
萬里區,瑪鋉,,550,萬里區,中萬里加投,瑪鍊港口,166-8
萬里區,瑪鋉,,551,萬里區,中萬里加投,瑪鍊港口,173-30
萬里區,瑪鋉,,552,萬里區,中萬里加投,瑪鍊港口,166-1
萬里區,瑪鋉,,553,萬里區,中萬里加投,瑪鍊港口,167
萬里區,瑪鋉,,554,萬里區,中萬里加投,瑪鍊港口,168
萬里區,瑪鋉,,555,萬里區,中萬里加投,瑪鍊港口,169
萬里區,瑪鋉,,556,萬里區,中萬里加投,瑪鍊港口,170
萬里區,瑪鋉,,557,萬里區,中萬里加投,瑪鍊港口,170-2
萬里區,瑪鋉,,558,萬里區,中萬里加投,瑪鍊港口,169-12
萬里區,瑪鋉,,559,萬里區,中萬里加投,瑪鍊港口,169-6
萬里區,瑪鋉,,560,萬里區,中萬里加投,瑪鍊港口,171-1
萬里區,瑪鋉,,561,萬里區,中萬里加投,瑪鍊港口,166-2
萬里區,瑪鋉,,562,萬里區,中萬里加投,瑪鍊港口,166-10
萬里區,瑪鋉,,563,萬里區,中萬里加投,瑪鍊港口,166-9
萬里區,瑪鋉,,564,萬里區,中萬里加投,瑪鍊港口,165
萬里區,瑪鋉,,565,萬里區,中萬里加投,瑪鍊港口,171-2
萬里區,瑪鋉,,566,萬里區,中萬里加投,瑪鍊港口,172
萬里區,瑪鋉,,567,萬里區,中萬里加投,瑪鍊港口,269-18
萬里區,瑪鋉,,568,萬里區,中萬里加投,瑪鍊港口,269-3
萬里區,瑪鋉,,569,萬里區,中萬里加投,瑪鍊港口,269-29
萬里區,瑪鋉,,57,萬里區,中萬里加投,瑪鍊港口,280-6
萬里區,瑪鋉,,570,萬里區,中萬里加投,瑪鍊港口,269-15
萬里區,瑪鋉,,571,萬里區,中萬里加投,瑪鍊港口,269-16
萬里區,瑪鋉,,572,萬里區,中萬里加投,瑪鍊港口,164-9
萬里區,瑪鋉,,573,萬里區,中萬里加投,瑪鍊港口,164-1
萬里區,瑪鋉,,574,萬里區,中萬里加投,瑪鍊港口,164-13
萬里區,瑪鋉,,575,萬里區,中萬里加投,瑪鍊港口,164-12
萬里區,瑪鋉,,576,萬里區,中萬里加投,瑪鍊港口,164-11
萬里區,瑪鋉,,577,萬里區,中萬里加投,瑪鍊港口,164-10
萬里區,瑪鋉,,578,萬里區,中萬里加投,瑪鍊港口,164-2
萬里區,瑪鋉,,579,萬里區,中萬里加投,瑪鍊港口,269-31
萬里區,瑪鋉,,580,萬里區,中萬里加投,瑪鍊港口,269-25
萬里區,瑪鋉,,581,萬里區,中萬里加投,瑪鍊港口,164-5
萬里區,瑪鋉,,582,萬里區,中萬里加投,瑪鍊港口,173-31
萬里區,瑪鋉,,583,萬里區,中萬里加投,瑪鍊港口,173-5
萬里區,瑪鋉,,584,萬里區,中萬里加投,瑪鍊港口,173-14
萬里區,瑪鋉,,585,萬里區,中萬里加投,瑪鍊港口,269-2
萬里區,瑪鋉,,586,萬里區,中萬里加投,瑪鍊港口,269-17
萬里區,瑪鋉,,587,萬里區,中萬里加投,瑪鍊港口,269-24
萬里區,瑪鋉,,588,萬里區,中萬里加投,瑪鍊港口,269-1
萬里區,瑪鋉,,589,萬里區,中萬里加投,瑪鍊港口,164-3
萬里區,瑪鋉,,59,萬里區,中萬里加投,瑪鍊港口,280-3
萬里區,瑪鋉,,590,萬里區,中萬里加投,瑪鍊港口,269-27
萬里區,瑪鋉,,591,萬里區,中萬里加投,瑪鍊港口,269-12
萬里區,瑪鋉,,592,萬里區,中萬里加投,瑪鍊港口,269-14
萬里區,瑪鋉,,593,萬里區,中萬里加投,瑪鍊港口,269-19
萬里區,瑪鋉,,594,萬里區,中萬里加投,瑪鍊港口,269-11
萬里區,瑪鋉,,595,萬里區,中萬里加投,瑪鍊港口,269-13
萬里區,瑪鋉,,596,萬里區,中萬里加投,瑪鍊港口,269-26
萬里區,瑪鋉,,597,萬里區,中萬里加投,瑪鍊港口,169-5
萬里區,瑪鋉,,598,萬里區,中萬里加投,瑪鍊港口,170-1
萬里區,瑪鋉,,599,萬里區,中萬里加投,瑪鍊港口,170-3
萬里區,瑪鋉,,6,萬里區,中萬里加投,瑪鍊港口,288-12
萬里區,瑪鋉,,60,萬里區,中萬里加投,瑪鍊港口,280-5
萬里區,瑪鋉,,600,萬里區,中萬里加投,瑪鍊港口,169-7
萬里區,瑪鋉,,601,萬里區,中萬里加投,瑪鍊港口,169-8
萬里區,瑪鋉,,602,萬里區,中萬里加投,瑪鍊港口,169-3
萬里區,瑪鋉,,603,萬里區,中萬里加投,瑪鍊港口,169-1
萬里區,瑪鋉,,604,萬里區,中萬里加投,瑪鍊港口,169-9
萬里區,瑪鋉,,605,萬里區,中萬里加投,瑪鍊港口,169-4
萬里區,瑪鋉,,606,萬里區,中萬里加投,瑪鍊港口,169-10
萬里區,瑪鋉,,607,萬里區,中萬里加投,瑪鍊港口,169-2
萬里區,瑪鋉,,608,萬里區,中萬里加投,瑪鍊港口,169-11
萬里區,瑪鋉,,609,萬里區,中萬里加投,瑪鍊港口,169-17
萬里區,瑪鋉,,61,萬里區,中萬里加投,瑪鍊港口,280-4
萬里區,瑪鋉,,610,萬里區,中萬里加投,瑪鍊港口,169-13
萬里區,瑪鋉,,611,萬里區,中萬里加投,瑪鍊港口,269-4
萬里區,瑪鋉,,612,萬里區,中萬里加投,瑪鍊港口,269-10
萬里區,瑪鋉,,613,萬里區,中萬里加投,瑪鍊港口,169-14
萬里區,瑪鋉,,614,萬里區,中萬里加投,瑪鍊港口,169-15
萬里區,瑪鋉,,615,萬里區,中萬里加投,瑪鍊港口,269-9
萬里區,瑪鋉,,616,萬里區,中萬里加投,瑪鍊港口,269-8
萬里區,瑪鋉,,617,萬里區,中萬里加投,瑪鍊港口,169-16
萬里區,瑪鋉,,618,萬里區,中萬里加投,瑪鍊港口,269-7
萬里區,瑪鋉,,619,萬里區,中萬里加投,瑪鍊港口,269-5
萬里區,瑪鋉,,62,萬里區,中萬里加投,瑪鍊港口,280-2
萬里區,瑪鋉,,620,萬里區,中萬里加投,瑪鍊港口,168-1
萬里區,瑪鋉,,626,萬里區,中萬里加投,中幅子,8-5
萬里區,瑪鋉,,627,萬里區,中萬里加投,中幅子,9-1
萬里區,瑪鋉,,628,萬里區,中萬里加投,中幅子,9
萬里區,瑪鋉,,629,萬里區,中萬里加投,中幅子,8-11
萬里區,瑪鋉,,63,萬里區,中萬里加投,瑪鍊港口,280-1
萬里區,瑪鋉,,630,萬里區,中萬里加投,中幅子,8-12
萬里區,瑪鋉,,631,萬里區,中萬里加投,中幅子,8-21
萬里區,瑪鋉,,632,萬里區,中萬里加投,中幅子,4-22
萬里區,瑪鋉,,633,萬里區,中萬里加投,中幅子,8-4
萬里區,瑪鋉,,634,萬里區,中萬里加投,中幅子,8-7
萬里區,瑪鋉,,635,萬里區,中萬里加投,中幅子,8-23
萬里區,瑪鋉,,636,萬里區,中萬里加投,中幅子,21-2
萬里區,瑪鋉,,637,萬里區,中萬里加投,中幅子,21-5
萬里區,瑪鋉,,638,萬里區,中萬里加投,中幅子,21-11
萬里區,瑪鋉,,639,萬里區,中萬里加投,中幅子,21-12
萬里區,瑪鋉,,64,萬里區,中萬里加投,瑪鍊港口,275
萬里區,瑪鋉,,640,萬里區,中萬里加投,中幅子,21-13
萬里區,瑪鋉,,641,萬里區,中萬里加投,中幅子,21-6
萬里區,瑪鋉,,642,萬里區,中萬里加投,中幅子,21-7
萬里區,瑪鋉,,643,萬里區,中萬里加投,中幅子,21-8
萬里區,瑪鋉,,644,萬里區,中萬里加投,中幅子,21-9
萬里區,瑪鋉,,645,萬里區,中萬里加投,中幅子,21-10
萬里區,瑪鋉,,646,萬里區,中萬里加投,中幅子,21
萬里區,瑪鋉,,648,萬里區,中萬里加投,中幅子,21-1
萬里區,瑪鋉,,649,萬里區,中萬里加投,中幅子,21-3
萬里區,瑪鋉,,65,萬里區,中萬里加投,瑪鍊港口,279
萬里區,瑪鋉,,650,萬里區,中萬里加投,中幅子,21-4
萬里區,瑪鋉,,651,萬里區,中萬里加投,中幅子,20
萬里區,瑪鋉,,652,萬里區,中萬里加投,中幅子,19
萬里區,瑪鋉,,653,萬里區,中萬里加投,中幅子,18
萬里區,瑪鋉,,654,萬里區,中萬里加投,中幅子,18-1
萬里區,瑪鋉,,655,萬里區,中萬里加投,中幅子,17-6
萬里區,瑪鋉,,656,萬里區,中萬里加投,中幅子,17-7
萬里區,瑪鋉,,657,萬里區,中萬里加投,中幅子,17-17
萬里區,瑪鋉,,658,萬里區,中萬里加投,中幅子,17-16
萬里區,瑪鋉,,659,萬里區,中萬里加投,中幅子,17-15
萬里區,瑪鋉,,660,萬里區,中萬里加投,中幅子,17-14
萬里區,瑪鋉,,661,萬里區,中萬里加投,中幅子,17-13
萬里區,瑪鋉,,662,萬里區,中萬里加投,中幅子,17-12
萬里區,瑪鋉,,663,萬里區,中萬里加投,中幅子,17-11
萬里區,瑪鋉,,664,萬里區,中萬里加投,中幅子,17-10
萬里區,瑪鋉,,665,萬里區,中萬里加投,中幅子,17-9
萬里區,瑪鋉,,666,萬里區,中萬里加投,中幅子,17-8
萬里區,瑪鋉,,667,萬里區,中萬里加投,中幅子,17
萬里區,瑪鋉,,668,萬里區,中萬里加投,中幅子,15-28
萬里區,瑪鋉,,669,萬里區,中萬里加投,中幅子,15-37
萬里區,瑪鋉,,67,萬里區,中萬里加投,瑪鍊港口,278
萬里區,瑪鋉,,670,萬里區,中萬里加投,中幅子,15-25
萬里區,瑪鋉,,671,萬里區,中萬里加投,中幅子,17-2
萬里區,瑪鋉,,673,萬里區,中萬里加投,中幅子,17-5
萬里區,瑪鋉,,674,萬里區,中萬里加投,中幅子,17-1
萬里區,瑪鋉,,675,萬里區,中萬里加投,中幅子,15-14
萬里區,瑪鋉,,676,萬里區,中萬里加投,中幅子,15-9
萬里區,瑪鋉,,677,萬里區,中萬里加投,中幅子,15-19
萬里區,瑪鋉,,678,萬里區,中萬里加投,中幅子,15-27
萬里區,瑪鋉,,679,萬里區,中萬里加投,中幅子,16
萬里區,瑪鋉,,68,萬里區,中萬里加投,瑪鍊港口,278-1
萬里區,瑪鋉,,680,萬里區,中萬里加投,中幅子,17-4
萬里區,瑪鋉,,682,萬里區,中萬里加投,中幅子,15-13
萬里區,瑪鋉,,683,萬里區,中萬里加投,中幅子,15-24
萬里區,瑪鋉,,684,萬里區,中萬里加投,中幅子,15-5
萬里區,瑪鋉,,685,萬里區,中萬里加投,中幅子,15-8
萬里區,瑪鋉,,686,萬里區,中萬里加投,中幅子,15-20
萬里區,瑪鋉,,687,萬里區,中萬里加投,中幅子,15-22
萬里區,瑪鋉,,688,萬里區,中萬里加投,中幅子,15-11
萬里區,瑪鋉,,689,萬里區,中萬里加投,中幅子,13-4
萬里區,瑪鋉,,69,萬里區,中萬里加投,瑪鍊港口,281-1
萬里區,瑪鋉,,690,萬里區,中萬里加投,中幅子,13-5
萬里區,瑪鋉,,691,萬里區,中萬里加投,中幅子,13-1
萬里區,瑪鋉,,693,萬里區,中萬里加投,中幅子,13
萬里區,瑪鋉,,694,萬里區,中萬里加投,中幅子,15-44
萬里區,瑪鋉,,695,萬里區,中萬里加投,中幅子,15-43
萬里區,瑪鋉,,696,萬里區,中萬里加投,中幅子,15-3
萬里區,瑪鋉,,697,萬里區,中萬里加投,中幅子,15-1
萬里區,瑪鋉,,698,萬里區,中萬里加投,中幅子,12-4
萬里區,瑪鋉,,699,萬里區,中萬里加投,中幅子,12-8
萬里區,瑪鋉,,7,萬里區,中萬里加投,瑪鍊港口,288-6
萬里區,瑪鋉,,70,萬里區,中萬里加投,瑪鍊港口,277-3
萬里區,瑪鋉,,700,萬里區,中萬里加投,中幅子,12-6
萬里區,瑪鋉,,701,萬里區,中萬里加投,中幅子,12-1
萬里區,瑪鋉,,702,萬里區,中萬里加投,中幅子,12-2
萬里區,瑪鋉,,703,萬里區,中萬里加投,中幅子,12-3
萬里區,瑪鋉,,704,萬里區,中萬里加投,中幅子,12-7
萬里區,瑪鋉,,705,萬里區,中萬里加投,中幅子,12-9
萬里區,瑪鋉,,706,萬里區,中萬里加投,中幅子,12-5
萬里區,瑪鋉,,707,萬里區,中萬里加投,中幅子,12
萬里區,瑪鋉,,708,萬里區,中萬里加投,中幅子,11
萬里區,瑪鋉,,71,萬里區,中萬里加投,瑪鍊港口,277-2
萬里區,瑪鋉,,710,萬里區,中萬里加投,中幅子,10
萬里區,瑪鋉,,712,萬里區,中萬里加投,中幅子,10-1
萬里區,瑪鋉,,714,萬里區,中萬里加投,中幅子,135
萬里區,瑪鋉,,715,萬里區,中萬里加投,中幅子,268-2
萬里區,瑪鋉,,716,萬里區,中萬里加投,中幅子,268-1
萬里區,瑪鋉,,717,萬里區,中萬里加投,中幅子,268
萬里區,瑪鋉,,718,萬里區,中萬里加投,中幅子,269-2
萬里區,瑪鋉,,719,萬里區,中萬里加投,中幅子,269-3
萬里區,瑪鋉,,72,萬里區,中萬里加投,瑪鍊港口,277-1
萬里區,瑪鋉,,720,萬里區,中萬里加投,中幅子,269-1
萬里區,瑪鋉,,721,萬里區,中萬里加投,中幅子,269
萬里區,瑪鋉,,724,萬里區,中萬里加投,中幅子,270
萬里區,瑪鋉,,725,萬里區,中萬里加投,中幅子,270-31
萬里區,瑪鋉,,726,萬里區,中萬里加投,中幅子,271
萬里區,瑪鋉,,727,萬里區,中萬里加投,中幅子,272-14
萬里區,瑪鋉,,728,萬里區,中萬里加投,中幅子,272-2
萬里區,瑪鋉,,729,萬里區,中萬里加投,中幅子,272-3
萬里區,瑪鋉,,73,萬里區,中萬里加投,瑪鍊港口,277
萬里區,瑪鋉,,730,萬里區,中萬里加投,中幅子,274-9
萬里區,瑪鋉,,731,萬里區,中萬里加投,中幅子,274-10
萬里區,瑪鋉,,732,萬里區,中萬里加投,中幅子,274-11
萬里區,瑪鋉,,733,萬里區,中萬里加投,中幅子,274-1
萬里區,瑪鋉,,734,萬里區,中萬里加投,中幅子,274-4
萬里區,瑪鋉,,735,萬里區,中萬里加投,中幅子,274-6
萬里區,瑪鋉,,736,萬里區,中萬里加投,中幅子,273
萬里區,瑪鋉,,737,萬里區,中萬里加投,中幅子,274-7
萬里區,瑪鋉,,738,萬里區,中萬里加投,中幅子,272-11
萬里區,瑪鋉,,739,萬里區,中萬里加投,中幅子,272-9
萬里區,瑪鋉,,74,萬里區,中萬里加投,瑪鍊港口,276
萬里區,瑪鋉,,740,萬里區,中萬里加投,中幅子,272-1
萬里區,瑪鋉,,741,萬里區,中萬里加投,中幅子,272-10
萬里區,瑪鋉,,742,萬里區,中萬里加投,中幅子,270-18
萬里區,瑪鋉,,743,萬里區,中萬里加投,中幅子,270-1
萬里區,瑪鋉,,744,萬里區,中萬里加投,中幅子,270-25
萬里區,瑪鋉,,745,萬里區,中萬里加投,中幅子,270-27
萬里區,瑪鋉,,746,萬里區,中萬里加投,中幅子,270-28
萬里區,瑪鋉,,747,萬里區,中萬里加投,中幅子,270-29
萬里區,瑪鋉,,748,萬里區,中萬里加投,中幅子,270-5
萬里區,瑪鋉,,749,萬里區,中萬里加投,中幅子,270-6
萬里區,瑪鋉,,75,萬里區,中萬里加投,瑪鍊港口,275-1
萬里區,瑪鋉,,750,萬里區,中萬里加投,中幅子,270-30
萬里區,瑪鋉,,751,萬里區,中萬里加投,中幅子,270-23
萬里區,瑪鋉,,752,萬里區,中萬里加投,中幅子,270-22
萬里區,瑪鋉,,753,萬里區,中萬里加投,中幅子,270-7
萬里區,瑪鋉,,754,萬里區,中萬里加投,中幅子,164-1
萬里區,瑪鋉,,755,萬里區,中萬里加投,中幅子,164-3
萬里區,瑪鋉,,756,萬里區,中萬里加投,中幅子,270-19
萬里區,瑪鋉,,757,萬里區,中萬里加投,中幅子,270-26
萬里區,瑪鋉,,758,萬里區,中萬里加投,中幅子,270-24
萬里區,瑪鋉,,759,萬里區,中萬里加投,中幅子,272-12
萬里區,瑪鋉,,76,萬里區,中萬里加投,瑪鍊港口,259-16
萬里區,瑪鋉,,760,萬里區,中萬里加投,中幅子,270-20
萬里區,瑪鋉,,761,萬里區,中萬里加投,中幅子,168
萬里區,瑪鋉,,762,萬里區,中萬里加投,中幅子,169
萬里區,瑪鋉,,763,萬里區,中萬里加投,中幅子,170
萬里區,瑪鋉,,764,萬里區,中萬里加投,中幅子,272-6
萬里區,瑪鋉,,765,萬里區,中萬里加投,中幅子,272-7
萬里區,瑪鋉,,766,萬里區,中萬里加投,中幅子,167-1
萬里區,瑪鋉,,767,萬里區,中萬里加投,中幅子,167-2
萬里區,瑪鋉,,768,萬里區,中萬里加投,中幅子,167
萬里區,瑪鋉,,769,萬里區,中萬里加投,中幅子,167-3
萬里區,瑪鋉,,77,萬里區,中萬里加投,瑪鍊港口,259-21
萬里區,瑪鋉,,770,萬里區,中萬里加投,中幅子,166-3
萬里區,瑪鋉,,771,萬里區,中萬里加投,中幅子,272-23
萬里區,瑪鋉,,772,萬里區,中萬里加投,中幅子,166-5
萬里區,瑪鋉,,773,萬里區,中萬里加投,中幅子,166-1
萬里區,瑪鋉,,774,萬里區,中萬里加投,中幅子,166
萬里區,瑪鋉,,775,萬里區,中萬里加投,中幅子,166-4
萬里區,瑪鋉,,776,萬里區,中萬里加投,中幅子,272-21
萬里區,瑪鋉,,777,萬里區,中萬里加投,中幅子,165-1
萬里區,瑪鋉,,778,萬里區,中萬里加投,中幅子,270-4
萬里區,瑪鋉,,779,萬里區,中萬里加投,中幅子,272-19
萬里區,瑪鋉,,78,萬里區,中萬里加投,瑪鍊港口,259-18
萬里區,瑪鋉,,780,萬里區,中萬里加投,中幅子,270-33
萬里區,瑪鋉,,781,萬里區,中萬里加投,中幅子,272-28
萬里區,瑪鋉,,782,萬里區,中萬里加投,中幅子,272-20
萬里區,瑪鋉,,783,萬里區,中萬里加投,中幅子,165
萬里區,瑪鋉,,784,萬里區,中萬里加投,中幅子,164-2
萬里區,瑪鋉,,785,萬里區,中萬里加投,中幅子,164-13
萬里區,瑪鋉,,786,萬里區,中萬里加投,中幅子,164-7
萬里區,瑪鋉,,787,萬里區,中萬里加投,中幅子,164-5
萬里區,瑪鋉,,788,萬里區,中萬里加投,中幅子,164-10
萬里區,瑪鋉,,789,萬里區,中萬里加投,中幅子,164-11
萬里區,瑪鋉,,79,萬里區,中萬里加投,瑪鍊港口,189-2
萬里區,瑪鋉,,790,萬里區,中萬里加投,中幅子,164-12
萬里區,瑪鋉,,791,萬里區,中萬里加投,中幅子,164-6
萬里區,瑪鋉,,792,萬里區,中萬里加投,中幅子,164-9
萬里區,瑪鋉,,793,萬里區,中萬里加投,中幅子,164-4
萬里區,瑪鋉,,794,萬里區,中萬里加投,中幅子,164-8
萬里區,瑪鋉,,795,萬里區,中萬里加投,中幅子,164-16
萬里區,瑪鋉,,796,萬里區,中萬里加投,中幅子,164-15
萬里區,瑪鋉,,797,萬里區,中萬里加投,中幅子,164-14
萬里區,瑪鋉,,798,萬里區,中萬里加投,中幅子,164-17
萬里區,瑪鋉,,799,萬里區,中萬里加投,中幅子,164
萬里區,瑪鋉,,8,萬里區,中萬里加投,瑪鍊港口,288-7
萬里區,瑪鋉,,80,萬里區,中萬里加投,瑪鍊港口,189-14
萬里區,瑪鋉,,800,萬里區,中萬里加投,中幅子,163
萬里區,瑪鋉,,801,萬里區,中萬里加投,中幅子,270-21
萬里區,瑪鋉,,802,萬里區,中萬里加投,中幅子,270-3
萬里區,瑪鋉,,803,萬里區,中萬里加投,中幅子,270-32
萬里區,瑪鋉,,804,萬里區,中萬里加投,中幅子,272-18
萬里區,瑪鋉,,805,萬里區,中萬里加投,中幅子,272-26
萬里區,瑪鋉,,806,萬里區,中萬里加投,中幅子,272-25
萬里區,瑪鋉,,807,萬里區,中萬里加投,中幅子,272-27
萬里區,瑪鋉,,808,萬里區,中萬里加投,中幅子,166-2
萬里區,瑪鋉,,809,萬里區,中萬里加投,中幅子,272-8
萬里區,瑪鋉,,81,萬里區,中萬里加投,瑪鍊港口,259-19
萬里區,瑪鋉,,810,萬里區,中萬里加投,中幅子,272-15
萬里區,瑪鋉,,811,萬里區,中萬里加投,中幅子,274-2
萬里區,瑪鋉,,812,萬里區,中萬里加投,中幅子,272-13
萬里區,瑪鋉,,813,萬里區,中萬里加投,中幅子,171
萬里區,瑪鋉,,814,萬里區,中萬里加投,中幅子,171-1
萬里區,瑪鋉,,815,萬里區,中萬里加投,中幅子,171-3
萬里區,瑪鋉,,816,萬里區,中萬里加投,中幅子,274-8
萬里區,瑪鋉,,817,萬里區,中萬里加投,中幅子,171-2
萬里區,瑪鋉,,818,萬里區,中萬里加投,中幅子,274
萬里區,瑪鋉,,819,萬里區,中萬里加投,中幅子,272
萬里區,瑪鋉,,82,萬里區,中萬里加投,瑪鍊港口,189-13
萬里區,瑪鋉,,820,萬里區,中萬里加投,中幅子,274-3
萬里區,瑪鋉,,821,萬里區,中萬里加投,中幅子,272-17
萬里區,瑪鋉,,822,萬里區,中萬里加投,中幅子,272-29
萬里區,瑪鋉,,823,萬里區,中萬里加投,中幅子,272-24
萬里區,瑪鋉,,824,萬里區,中萬里加投,中幅子,272-4
萬里區,瑪鋉,,825,萬里區,中萬里加投,中幅子,272-5
萬里區,瑪鋉,,826,萬里區,中萬里加投,中幅子,272-30
萬里區,瑪鋉,,827,萬里區,中萬里加投,中幅子,272-22
萬里區,瑪鋉,,828,萬里區,中萬里加投,中幅子,270-35
萬里區,瑪鋉,,829,萬里區,中萬里加投,中幅子,270-34
萬里區,瑪鋉,,83,萬里區,中萬里加投,瑪鍊港口,189-1
萬里區,瑪鋉,,830,萬里區,中萬里加投,中幅子,270-9
萬里區,瑪鋉,,831,萬里區,中萬里加投,中幅子,270-8
萬里區,瑪鋉,,832,萬里區,中萬里加投,中幅子,270-36
萬里區,瑪鋉,,833,萬里區,中萬里加投,中幅子,270-10
萬里區,瑪鋉,,834,萬里區,中萬里加投,中幅子,270-11
萬里區,瑪鋉,,835,萬里區,中萬里加投,中幅子,270-12
萬里區,瑪鋉,,836,萬里區,中萬里加投,中幅子,270-13
萬里區,瑪鋉,,837,萬里區,中萬里加投,中幅子,270-14
萬里區,瑪鋉,,838,萬里區,中萬里加投,中幅子,275
萬里區,瑪鋉,,839,萬里區,中萬里加投,中幅子,272-16
萬里區,瑪鋉,,84,萬里區,中萬里加投,瑪鍊港口,189-5
萬里區,瑪鋉,,841,萬里區,中萬里加投,中幅子,275-1
萬里區,瑪鋉,,842,萬里區,中萬里加投,中幅子,275-2
萬里區,瑪鋉,,843,萬里區,中萬里加投,中幅子,275-3
萬里區,瑪鋉,,844,萬里區,中萬里加投,中幅子,162-1
萬里區,瑪鋉,,845,萬里區,中萬里加投,中幅子,162
萬里區,瑪鋉,,846,萬里區,中萬里加投,中幅子,153-1
萬里區,瑪鋉,,847,萬里區,中萬里加投,中幅子,153
萬里區,瑪鋉,,848,萬里區,中萬里加投,中幅子,152
萬里區,瑪鋉,,85,萬里區,中萬里加投,瑪鍊港口,188-19
萬里區,瑪鋉,,850,萬里區,中萬里加投,中幅子,270-15
萬里區,瑪鋉,,851,萬里區,中萬里加投,中幅子,270-2
萬里區,瑪鋉,,852,萬里區,中萬里加投,中幅子,270-17
萬里區,瑪鋉,,853,萬里區,中萬里加投,中幅子,270-16
萬里區,瑪鋉,,854,萬里區,中萬里加投,中幅子,146
萬里區,瑪鋉,,855,萬里區,中萬里加投,中幅子,146-1
萬里區,瑪鋉,,856,萬里區,中萬里加投,中幅子,136
萬里區,瑪鋉,,857,萬里區,中萬里加投,中幅子,137
萬里區,瑪鋉,,858,萬里區,中萬里加投,中幅子,139-1
萬里區,瑪鋉,,859,萬里區,中萬里加投,中幅子,139
萬里區,瑪鋉,,86,萬里區,中萬里加投,瑪鍊港口,188-4
萬里區,瑪鋉,,860,萬里區,中萬里加投,中幅子,138
萬里區,瑪鋉,,862,萬里區,中萬里加投,中幅子,140
萬里區,瑪鋉,,864,萬里區,中萬里加投,中幅子,134
萬里區,瑪鋉,,866,萬里區,中萬里加投,中幅子,133
萬里區,瑪鋉,,867,萬里區,中萬里加投,中幅子,141-1
萬里區,瑪鋉,,869,萬里區,中萬里加投,中幅子,133-1
萬里區,瑪鋉,,87,萬里區,中萬里加投,瑪鍊港口,188-16
萬里區,瑪鋉,,870,萬里區,中萬里加投,中幅子,132
萬里區,瑪鋉,,871,萬里區,中萬里加投,中幅子,132-1
萬里區,瑪鋉,,872,萬里區,中萬里加投,中幅子,127
萬里區,瑪鋉,,873,萬里區,中萬里加投,中幅子,128
萬里區,瑪鋉,,874,萬里區,中萬里加投,中幅子,131
萬里區,瑪鋉,,875,萬里區,中萬里加投,中幅子,130
萬里區,瑪鋉,,876,萬里區,中萬里加投,中幅子,129
萬里區,瑪鋉,,877,萬里區,中萬里加投,中幅子,128-1
萬里區,瑪鋉,,878,萬里區,中萬里加投,中幅子,266-1
萬里區,瑪鋉,,88,萬里區,中萬里加投,瑪鍊港口,188-15
萬里區,瑪鋉,,880,萬里區,中萬里加投,中幅子,125
萬里區,瑪鋉,,881,萬里區,中萬里加投,中幅子,124
萬里區,瑪鋉,,882,萬里區,中萬里加投,中幅子,126
萬里區,瑪鋉,,883,萬里區,中萬里加投,中幅子,267
萬里區,瑪鋉,,884,萬里區,中萬里加投,中幅子,141
萬里區,瑪鋉,,885,萬里區,中萬里加投,中幅子,141-4
萬里區,瑪鋉,,886,萬里區,中萬里加投,中幅子,141-3
萬里區,瑪鋉,,887,萬里區,中萬里加投,中幅子,141-2
萬里區,瑪鋉,,888,萬里區,中萬里加投,中幅子,142
萬里區,瑪鋉,,889,萬里區,中萬里加投,中幅子,267-1
萬里區,瑪鋉,,89,萬里區,中萬里加投,瑪鍊港口,188-17
萬里區,瑪鋉,,890,萬里區,中萬里加投,中幅子,143
萬里區,瑪鋉,,891,萬里區,中萬里加投,中幅子,144
萬里區,瑪鋉,,892,萬里區,中萬里加投,中幅子,145
萬里區,瑪鋉,,893,萬里區,中萬里加投,中幅子,147
萬里區,瑪鋉,,894,萬里區,中萬里加投,中幅子,150
萬里區,瑪鋉,,895,萬里區,中萬里加投,中幅子,267-2
萬里區,瑪鋉,,896,萬里區,中萬里加投,中幅子,148
萬里區,瑪鋉,,897,萬里區,中萬里加投,中幅子,151
萬里區,瑪鋉,,898,萬里區,中萬里加投,中幅子,149-1
萬里區,瑪鋉,,899,萬里區,中萬里加投,中幅子,149
萬里區,瑪鋉,,9,萬里區,中萬里加投,瑪鍊港口,288-8
萬里區,瑪鋉,,90,萬里區,中萬里加投,瑪鍊港口,188-2
萬里區,瑪鋉,,900,萬里區,中萬里加投,中幅子,265
萬里區,瑪鋉,,901,萬里區,中萬里加投,中幅子,265-1
萬里區,瑪鋉,,902,萬里區,中萬里加投,中幅子,266
萬里區,瑪鋉,,904,萬里區,中萬里加投,中幅子,262
萬里區,瑪鋉,,905,萬里區,中萬里加投,中幅子,262-3
萬里區,瑪鋉,,906,萬里區,中萬里加投,中幅子,262-7
萬里區,瑪鋉,,907,萬里區,中萬里加投,中幅子,264-1
萬里區,瑪鋉,,908,萬里區,中萬里加投,中幅子,262-4
萬里區,瑪鋉,,909,萬里區,中萬里加投,中幅子,122
萬里區,瑪鋉,,91,萬里區,中萬里加投,瑪鍊港口,188-6
萬里區,瑪鋉,,911,萬里區,中萬里加投,中幅子,123-1
萬里區,瑪鋉,,912,萬里區,中萬里加投,中幅子,123
萬里區,瑪鋉,,913,萬里區,中萬里加投,中幅子,278-2
萬里區,瑪鋉,,917,萬里區,中萬里加投,中幅子,116-11
萬里區,瑪鋉,,918,萬里區,中萬里加投,中幅子,116
萬里區,瑪鋉,,919,萬里區,中萬里加投,中幅子,116-14
萬里區,瑪鋉,,92,萬里區,中萬里加投,瑪鍊港口,185
萬里區,瑪鋉,,920,萬里區,中萬里加投,中幅子,121
萬里區,瑪鋉,,921,萬里區,中萬里加投,中幅子,121-1
萬里區,瑪鋉,,922,萬里區,中萬里加投,中幅子,279
萬里區,瑪鋉,,923,萬里區,中萬里加投,中幅子,120
萬里區,瑪鋉,,924,萬里區,中萬里加投,中幅子,279-1
萬里區,瑪鋉,,925,萬里區,中萬里加投,中幅子,119
萬里區,瑪鋉,,926,萬里區,中萬里加投,中幅子,118
萬里區,瑪鋉,,927,萬里區,中萬里加投,中幅子,116-1
萬里區,瑪鋉,,928,萬里區,中萬里加投,中幅子,279-2
萬里區,瑪鋉,,929,萬里區,中萬里加投,中幅子,117
萬里區,瑪鋉,,93,萬里區,中萬里加投,瑪鍊港口,185-1
萬里區,瑪鋉,,930,萬里區,中萬里加投,中幅子,116-12
萬里區,瑪鋉,,931,萬里區,中萬里加投,中幅子,116-7
萬里區,瑪鋉,,932,萬里區,中萬里加投,中幅子,279-3
萬里區,瑪鋉,,933,萬里區,中萬里加投,中幅子,116-8
萬里區,瑪鋉,,934,萬里區,中萬里加投,中幅子,279-7
萬里區,瑪鋉,,935,萬里區,中萬里加投,中幅子,279-6
萬里區,瑪鋉,,936,萬里區,中萬里加投,中幅子,279-4
萬里區,瑪鋉,,937,萬里區,中萬里加投,中幅子,279-5
萬里區,瑪鋉,,938,萬里區,中萬里加投,中幅子,278-3
萬里區,瑪鋉,,94,萬里區,中萬里加投,瑪鍊港口,186-1
萬里區,瑪鋉,,940,萬里區,中萬里加投,中幅子,278-1
萬里區,瑪鋉,,942,萬里區,中萬里加投,中幅子,262-5
萬里區,瑪鋉,,943,萬里區,中萬里加投,中幅子,263
萬里區,瑪鋉,,944,萬里區,中萬里加投,中幅子,160
萬里區,瑪鋉,,945,萬里區,中萬里加投,中幅子,262-6
萬里區,瑪鋉,,946,萬里區,中萬里加投,中幅子,161-2
萬里區,瑪鋉,,947,萬里區,中萬里加投,中幅子,262-1
萬里區,瑪鋉,,948,萬里區,中萬里加投,中幅子,159
萬里區,瑪鋉,,949,萬里區,中萬里加投,中幅子,156
萬里區,瑪鋉,,95,萬里區,中萬里加投,瑪鍊港口,186
萬里區,瑪鋉,,950,萬里區,中萬里加投,中幅子,155
萬里區,瑪鋉,,951,萬里區,中萬里加投,中幅子,149-2
萬里區,瑪鋉,,952,萬里區,中萬里加投,中幅子,264
萬里區,瑪鋉,,954,萬里區,中萬里加投,中幅子,157
萬里區,瑪鋉,,955,萬里區,中萬里加投,中幅子,178-1
萬里區,瑪鋉,,956,萬里區,中萬里加投,中幅子,154
萬里區,瑪鋉,,957,萬里區,中萬里加投,中幅子,154-5
萬里區,瑪鋉,,958,萬里區,中萬里加投,中幅子,154-6
萬里區,瑪鋉,,959,萬里區,中萬里加投,中幅子,154-7
萬里區,瑪鋉,,96,萬里區,中萬里加投,瑪鍊港口,187-1
萬里區,瑪鋉,,960,萬里區,中萬里加投,中幅子,154-8
萬里區,瑪鋉,,961,萬里區,中萬里加投,中幅子,154-9
萬里區,瑪鋉,,962,萬里區,中萬里加投,中幅子,154-1
萬里區,瑪鋉,,964,萬里區,中萬里加投,中幅子,154-4
萬里區,瑪鋉,,965,萬里區,中萬里加投,中幅子,278-5
萬里區,瑪鋉,,966,萬里區,中萬里加投,中幅子,154-3
萬里區,瑪鋉,,967,萬里區,中萬里加投,中幅子,154-2
萬里區,瑪鋉,,969,萬里區,中萬里加投,中幅子,276-1
萬里區,瑪鋉,,97,萬里區,中萬里加投,瑪鍊港口,187
萬里區,瑪鋉,,970,萬里區,中萬里加投,中幅子,179
萬里區,瑪鋉,,971,萬里區,中萬里加投,中幅子,157-2
萬里區,瑪鋉,,972,萬里區,中萬里加投,中幅子,157-1
萬里區,瑪鋉,,973,萬里區,中萬里加投,中幅子,179-1
萬里區,瑪鋉,,974,萬里區,中萬里加投,中幅子,161-1
萬里區,瑪鋉,,975,萬里區,中萬里加投,中幅子,161
萬里區,瑪鋉,,976,萬里區,中萬里加投,中幅子,262-2
萬里區,瑪鋉,,977,萬里區,中萬里加投,中幅子,277
萬里區,瑪鋉,,978,萬里區,中萬里加投,中幅子,278-4
萬里區,瑪鋉,,98,萬里區,中萬里加投,瑪鍊港口,184-2
萬里區,瑪鋉,,980,萬里區,中萬里加投,中幅子,276
萬里區,瑪鋉,,982,萬里區,中萬里加投,中幅子,278-7
萬里區,瑪鋉,,983,萬里區,中萬里加投,中幅子,172-2
萬里區,瑪鋉,,984,萬里區,中萬里加投,中幅子,172-1
萬里區,瑪鋉,,985,萬里區,中萬里加投,中幅子,172-3
萬里區,瑪鋉,,986,萬里區,中萬里加投,中幅子,180
萬里區,瑪鋉,,987,萬里區,中萬里加投,中幅子,172
萬里區,瑪鋉,,988,萬里區,中萬里加投,中幅子,174
萬里區,瑪鋉,,989,萬里區,中萬里加投,中幅子,173
萬里區,瑪鋉,,99,萬里區,中萬里加投,瑪鍊港口,184
萬里區,瑪鋉,,990,萬里區,中萬里加投,中幅子,174-1
萬里區,瑪鋉,,991,萬里區,中萬里加投,中幅子,175
萬里區,瑪鋉,,992,萬里區,中萬里加投,中幅子,181
萬里區,瑪鋉,,993,萬里區,中萬里加投,中幅子,181-1
萬里區,瑪鋉,,994,萬里區,中萬里加投,中幅子,278-8
萬里區,瑪鋉,,995,萬里區,中萬里加投,中幅子,175-4
萬里區,瑪鋉,,996,萬里區,中萬里加投,中幅子,175-6
萬里區,瑪鋉,,997,萬里區,中萬里加投,中幅子,278-6
萬里區,瑪鋉,,998,萬里區,中萬里加投,中幅子,175-1
萬里區,瑪鋉,,999,萬里區,中萬里加投,中幅子,175-2
萬里區,翡翠,,1,萬里區,中萬里加投,龜吼,299-11
萬里區,翡翠,,10,萬里區,中萬里加投,龜吼,299-6
萬里區,翡翠,,100,萬里區,中萬里加投,野柳,131-13
萬里區,翡翠,,101,萬里區,中萬里加投,野柳,131-78
萬里區,翡翠,,102,萬里區,中萬里加投,野柳,131-74
萬里區,翡翠,,103,萬里區,中萬里加投,野柳,131-56
萬里區,翡翠,,104,萬里區,中萬里加投,野柳,131-39
萬里區,翡翠,,105,萬里區,中萬里加投,野柳,131-79
萬里區,翡翠,,106,萬里區,中萬里加投,野柳,131-75
萬里區,翡翠,,107,萬里區,中萬里加投,野柳,131-80
萬里區,翡翠,,108,萬里區,中萬里加投,野柳,131-14
萬里區,翡翠,,109,萬里區,中萬里加投,野柳,131-76
萬里區,翡翠,,11,萬里區,中萬里加投,龜吼,2-1
萬里區,翡翠,,110,萬里區,中萬里加投,野柳,144-3
萬里區,翡翠,,111,萬里區,中萬里加投,野柳,131-57
萬里區,翡翠,,112,萬里區,中萬里加投,野柳,142-1
萬里區,翡翠,,113,萬里區,中萬里加投,野柳,142
萬里區,翡翠,,114,萬里區,中萬里加投,野柳,144-2
萬里區,翡翠,,115,萬里區,中萬里加投,野柳,142-2
萬里區,翡翠,,116,萬里區,中萬里加投,野柳,141
萬里區,翡翠,,117,萬里區,中萬里加投,野柳,141-2
萬里區,翡翠,,118,萬里區,中萬里加投,野柳,140-2
萬里區,翡翠,,119,萬里區,中萬里加投,野柳,140
萬里區,翡翠,,12,萬里區,中萬里加投,龜吼,299-8
萬里區,翡翠,,120,萬里區,中萬里加投,野柳,131-28
萬里區,翡翠,,121,萬里區,中萬里加投,野柳,131-27
萬里區,翡翠,,122,萬里區,中萬里加投,野柳,137
萬里區,翡翠,,123,萬里區,中萬里加投,野柳,131-26
萬里區,翡翠,,124,萬里區,中萬里加投,野柳,139
萬里區,翡翠,,125,萬里區,中萬里加投,野柳,138
萬里區,翡翠,,126,萬里區,中萬里加投,野柳,131-58
萬里區,翡翠,,127,萬里區,中萬里加投,野柳,1007
萬里區,翡翠,,128,萬里區,中萬里加投,野柳,131-81
萬里區,翡翠,,129,萬里區,中萬里加投,野柳,136
萬里區,翡翠,,13,萬里區,中萬里加投,龜吼,2-3
萬里區,翡翠,,130,萬里區,中萬里加投,野柳,136-2
萬里區,翡翠,,131,萬里區,中萬里加投,野柳,131-82
萬里區,翡翠,,132,萬里區,中萬里加投,野柳,131-83
萬里區,翡翠,,133,萬里區,中萬里加投,野柳,131-52
萬里區,翡翠,,134,萬里區,中萬里加投,龜吼,11-4
萬里區,翡翠,,135,萬里區,中萬里加投,野柳,131-51
萬里區,翡翠,,136,萬里區,中萬里加投,龜吼,307-4
萬里區,翡翠,,137,萬里區,中萬里加投,野柳,132
萬里區,翡翠,,138,萬里區,中萬里加投,野柳,133
萬里區,翡翠,,139,萬里區,中萬里加投,野柳,134
萬里區,翡翠,,14,萬里區,中萬里加投,龜吼,2-2
萬里區,翡翠,,140,萬里區,中萬里加投,野柳,135
萬里區,翡翠,,141,萬里區,中萬里加投,野柳,131-102
萬里區,翡翠,,142,萬里區,中萬里加投,野柳,144
萬里區,翡翠,,143,萬里區,中萬里加投,野柳,145
萬里區,翡翠,,144,萬里區,中萬里加投,野柳,131-23
萬里區,翡翠,,145,萬里區,中萬里加投,野柳,146
萬里區,翡翠,,146,萬里區,中萬里加投,野柳,131-16
萬里區,翡翠,,147,萬里區,中萬里加投,野柳,131-50
萬里區,翡翠,,148,萬里區,中萬里加投,龜吼,307-3
萬里區,翡翠,,149,萬里區,中萬里加投,龜吼,307-5
萬里區,翡翠,,15,萬里區,中萬里加投,龜吼,2
萬里區,翡翠,,150,萬里區,中萬里加投,野柳,131-96
萬里區,翡翠,,151,萬里區,中萬里加投,野柳,131-4
萬里區,翡翠,,152,萬里區,中萬里加投,龜吼,307
萬里區,翡翠,,153,萬里區,中萬里加投,龜吼,301
萬里區,翡翠,,154,萬里區,中萬里加投,龜吼,5
萬里區,翡翠,,155,萬里區,中萬里加投,龜吼,6
萬里區,翡翠,,156,萬里區,中萬里加投,龜吼,301-1
萬里區,翡翠,,157,萬里區,中萬里加投,龜吼,7-1
萬里區,翡翠,,158,萬里區,中萬里加投,龜吼,7-2
萬里區,翡翠,,159,萬里區,中萬里加投,龜吼,301-2
萬里區,翡翠,,16,萬里區,中萬里加投,龜吼,299-7
萬里區,翡翠,,160,萬里區,中萬里加投,龜吼,7-3
萬里區,翡翠,,161,萬里區,中萬里加投,龜吼,7
萬里區,翡翠,,162,萬里區,中萬里加投,龜吼,301-4
萬里區,翡翠,,163,萬里區,中萬里加投,龜吼,301-3
萬里區,翡翠,,164,萬里區,中萬里加投,龜吼,7-4
萬里區,翡翠,,165,萬里區,中萬里加投,龜吼,7-5
萬里區,翡翠,,166,萬里區,中萬里加投,龜吼,301-5
萬里區,翡翠,,167,萬里區,中萬里加投,龜吼,8
萬里區,翡翠,,168,萬里區,中萬里加投,龜吼,8-1
萬里區,翡翠,,169,萬里區,中萬里加投,龜吼,8-2
萬里區,翡翠,,17,萬里區,中萬里加投,龜吼,299-9
萬里區,翡翠,,170,萬里區,中萬里加投,龜吼,301-7
萬里區,翡翠,,171,萬里區,中萬里加投,龜吼,301-6
萬里區,翡翠,,172,萬里區,中萬里加投,龜吼,411-3
萬里區,翡翠,,173,萬里區,中萬里加投,龜吼,411-1
萬里區,翡翠,,174,萬里區,中萬里加投,龜吼,411-2
萬里區,翡翠,,175,萬里區,中萬里加投,龜吼,302-4
萬里區,翡翠,,176,萬里區,中萬里加投,龜吼,302-2
萬里區,翡翠,,177,萬里區,中萬里加投,龜吼,302-1
萬里區,翡翠,,178,萬里區,中萬里加投,龜吼,302
萬里區,翡翠,,179,萬里區,中萬里加投,龜吼,14
萬里區,翡翠,,18,萬里區,中萬里加投,龜吼,3-2
萬里區,翡翠,,180,萬里區,中萬里加投,龜吼,304-3
萬里區,翡翠,,181,萬里區,中萬里加投,龜吼,14-6
萬里區,翡翠,,182,萬里區,中萬里加投,龜吼,14-5
萬里區,翡翠,,183,萬里區,中萬里加投,龜吼,14-4
萬里區,翡翠,,184,萬里區,中萬里加投,龜吼,9-3
萬里區,翡翠,,185,萬里區,中萬里加投,龜吼,9-19
萬里區,翡翠,,186,萬里區,中萬里加投,龜吼,9-2
萬里區,翡翠,,187,萬里區,中萬里加投,龜吼,9-1
萬里區,翡翠,,188,萬里區,中萬里加投,龜吼,18
萬里區,翡翠,,189,萬里區,中萬里加投,龜吼,18-1
萬里區,翡翠,,19,萬里區,中萬里加投,龜吼,3-3
萬里區,翡翠,,190,萬里區,中萬里加投,龜吼,9-4
萬里區,翡翠,,191,萬里區,中萬里加投,龜吼,9-9
萬里區,翡翠,,192,萬里區,中萬里加投,龜吼,9-10
萬里區,翡翠,,193,萬里區,中萬里加投,龜吼,9-11
萬里區,翡翠,,194,萬里區,中萬里加投,龜吼,302-3
萬里區,翡翠,,195,萬里區,中萬里加投,龜吼,411
萬里區,翡翠,,196,萬里區,中萬里加投,龜吼,412
萬里區,翡翠,,197,萬里區,中萬里加投,龜吼,9-28
萬里區,翡翠,,198,萬里區,中萬里加投,龜吼,9-44
萬里區,翡翠,,199,萬里區,中萬里加投,龜吼,9-45
萬里區,翡翠,,2,萬里區,中萬里加投,龜吼,299-1
萬里區,翡翠,,20,萬里區,中萬里加投,龜吼,299-10
萬里區,翡翠,,200,萬里區,中萬里加投,龜吼,9-46
萬里區,翡翠,,201,萬里區,中萬里加投,龜吼,9-47
萬里區,翡翠,,202,萬里區,中萬里加投,龜吼,9-48
萬里區,翡翠,,203,萬里區,中萬里加投,龜吼,9-49
萬里區,翡翠,,204,萬里區,中萬里加投,龜吼,9-32
萬里區,翡翠,,205,萬里區,中萬里加投,龜吼,9-33
萬里區,翡翠,,206,萬里區,中萬里加投,龜吼,9-21
萬里區,翡翠,,209,萬里區,中萬里加投,龜吼,9-22
萬里區,翡翠,,210,萬里區,中萬里加投,龜吼,9-17
萬里區,翡翠,,211,萬里區,中萬里加投,龜吼,9-77
萬里區,翡翠,,212,萬里區,中萬里加投,龜吼,9-78
萬里區,翡翠,,213,萬里區,中萬里加投,龜吼,9-76
萬里區,翡翠,,214,萬里區,中萬里加投,龜吼,9-75
萬里區,翡翠,,215,萬里區,中萬里加投,龜吼,30
萬里區,翡翠,,216,萬里區,中萬里加投,龜吼,9-79
萬里區,翡翠,,217,萬里區,中萬里加投,龜吼,9-43
萬里區,翡翠,,218,萬里區,中萬里加投,龜吼,9-80
萬里區,翡翠,,219,萬里區,中萬里加投,龜吼,9-68
萬里區,翡翠,,22,萬里區,中萬里加投,龜吼,3-1
萬里區,翡翠,,220,萬里區,中萬里加投,龜吼,9-42
萬里區,翡翠,,221,萬里區,中萬里加投,龜吼,9-41
萬里區,翡翠,,222,萬里區,中萬里加投,龜吼,9-40
萬里區,翡翠,,223,萬里區,中萬里加投,龜吼,9-39
萬里區,翡翠,,224,萬里區,中萬里加投,龜吼,9-38
萬里區,翡翠,,225,萬里區,中萬里加投,龜吼,9-34
萬里區,翡翠,,226,萬里區,中萬里加投,龜吼,9-37
萬里區,翡翠,,227,萬里區,中萬里加投,龜吼,9-36
萬里區,翡翠,,228,萬里區,中萬里加投,龜吼,9-35
萬里區,翡翠,,229,萬里區,中萬里加投,龜吼,26-15
萬里區,翡翠,,230,萬里區,中萬里加投,龜吼,26-2
萬里區,翡翠,,231,萬里區,中萬里加投,龜吼,26-13
萬里區,翡翠,,232,萬里區,中萬里加投,龜吼,9-55
萬里區,翡翠,,233,萬里區,中萬里加投,龜吼,9-54
萬里區,翡翠,,234,萬里區,中萬里加投,龜吼,9-27
萬里區,翡翠,,235,萬里區,中萬里加投,龜吼,9-53
萬里區,翡翠,,236,萬里區,中萬里加投,龜吼,9-52
萬里區,翡翠,,237,萬里區,中萬里加投,龜吼,9-51
萬里區,翡翠,,238,萬里區,中萬里加投,龜吼,9-29
萬里區,翡翠,,239,萬里區,中萬里加投,龜吼,9-82
萬里區,翡翠,,24,萬里區,中萬里加投,龜吼,299-12
萬里區,翡翠,,240,萬里區,中萬里加投,龜吼,9-81
萬里區,翡翠,,241,萬里區,中萬里加投,龜吼,21
萬里區,翡翠,,242,萬里區,中萬里加投,龜吼,21-7
萬里區,翡翠,,243,萬里區,中萬里加投,龜吼,21-3
萬里區,翡翠,,244,萬里區,中萬里加投,龜吼,9-83
萬里區,翡翠,,245,萬里區,中萬里加投,龜吼,21-2
萬里區,翡翠,,246,萬里區,中萬里加投,龜吼,9-59
萬里區,翡翠,,247,萬里區,中萬里加投,龜吼,9-60
萬里區,翡翠,,248,萬里區,中萬里加投,龜吼,26-18
萬里區,翡翠,,249,萬里區,中萬里加投,龜吼,26-19
萬里區,翡翠,,25,萬里區,中萬里加投,龜吼,4
萬里區,翡翠,,250,萬里區,中萬里加投,龜吼,26-20
萬里區,翡翠,,251,萬里區,中萬里加投,龜吼,26-21
萬里區,翡翠,,252,萬里區,中萬里加投,龜吼,26-22
萬里區,翡翠,,253,萬里區,中萬里加投,龜吼,26-23
萬里區,翡翠,,254,萬里區,中萬里加投,龜吼,9-61
萬里區,翡翠,,255,萬里區,中萬里加投,龜吼,9-62
萬里區,翡翠,,256,萬里區,中萬里加投,龜吼,9-63
萬里區,翡翠,,257,萬里區,中萬里加投,龜吼,9-64
萬里區,翡翠,,258,萬里區,中萬里加投,龜吼,9-65
萬里區,翡翠,,259,萬里區,中萬里加投,龜吼,9-66
萬里區,翡翠,,26,萬里區,中萬里加投,龜吼,299-13
萬里區,翡翠,,260,萬里區,中萬里加投,龜吼,30-1
萬里區,翡翠,,261,萬里區,中萬里加投,龜吼,29-1
萬里區,翡翠,,262,萬里區,中萬里加投,龜吼,29
萬里區,翡翠,,263,萬里區,中萬里加投,龜吼,28
萬里區,翡翠,,264,萬里區,中萬里加投,龜吼,9-30
萬里區,翡翠,,265,萬里區,中萬里加投,龜吼,27
萬里區,翡翠,,266,萬里區,中萬里加投,龜吼,30-6
萬里區,翡翠,,267,萬里區,中萬里加投,龜吼,25
萬里區,翡翠,,268,萬里區,中萬里加投,龜吼,26-1
萬里區,翡翠,,269,萬里區,中萬里加投,龜吼,26-4
萬里區,翡翠,,270,萬里區,中萬里加投,龜吼,26-24
萬里區,翡翠,,271,萬里區,中萬里加投,龜吼,26-26
萬里區,翡翠,,272,萬里區,中萬里加投,龜吼,26-3
萬里區,翡翠,,273,萬里區,中萬里加投,龜吼,26
萬里區,翡翠,,274,萬里區,中萬里加投,龜吼,24
萬里區,翡翠,,275,萬里區,中萬里加投,龜吼,23
萬里區,翡翠,,276,萬里區,中萬里加投,龜吼,22
萬里區,翡翠,,277,萬里區,中萬里加投,龜吼,21-1
萬里區,翡翠,,278,萬里區,中萬里加投,龜吼,21-6
萬里區,翡翠,,279,萬里區,中萬里加投,龜吼,21-4
萬里區,翡翠,,28,萬里區,中萬里加投,龜吼,3
萬里區,翡翠,,280,萬里區,中萬里加投,龜吼,21-5
萬里區,翡翠,,281,萬里區,中萬里加投,龜吼,413-2
萬里區,翡翠,,282,萬里區,中萬里加投,龜吼,413
萬里區,翡翠,,283,萬里區,中萬里加投,龜吼,413-1
萬里區,翡翠,,284,萬里區,中萬里加投,龜吼,414
萬里區,翡翠,,285,萬里區,中萬里加投,龜吼,415
萬里區,翡翠,,286,萬里區,中萬里加投,龜吼,416-1
萬里區,翡翠,,287,萬里區,中萬里加投,龜吼,24-1
萬里區,翡翠,,288,萬里區,中萬里加投,龜吼,25-2
萬里區,翡翠,,289,萬里區,中萬里加投,龜吼,25-1
萬里區,翡翠,,29,萬里區,中萬里加投,龜吼,299
萬里區,翡翠,,290,萬里區,中萬里加投,龜吼,27-1
萬里區,翡翠,,291,萬里區,中萬里加投,龜吼,28-1
萬里區,翡翠,,292,萬里區,中萬里加投,龜吼,29-2
萬里區,翡翠,,293,萬里區,中萬里加投,龜吼,30-7
萬里區,翡翠,,294,萬里區,中萬里加投,龜吼,30-2
萬里區,翡翠,,295,萬里區,中萬里加投,龜吼,9-23
萬里區,翡翠,,296,萬里區,中萬里加投,龜吼,9-12
萬里區,翡翠,,297,萬里區,中萬里加投,龜吼,9
萬里區,翡翠,,298,萬里區,中萬里加投,龜吼,9-69
萬里區,翡翠,,299,萬里區,中萬里加投,龜吼,52-12
萬里區,翡翠,,3,萬里區,中萬里加投,龜吼,299-2
萬里區,翡翠,,30,萬里區,中萬里加投,龜吼,300
萬里區,翡翠,,300,萬里區,中萬里加投,龜吼,52-3
萬里區,翡翠,,301,萬里區,中萬里加投,龜吼,52-4
萬里區,翡翠,,302,萬里區,中萬里加投,龜吼,52-13
萬里區,翡翠,,303,萬里區,中萬里加投,龜吼,9-70
萬里區,翡翠,,304,萬里區,中萬里加投,龜吼,9-71
萬里區,翡翠,,305,萬里區,中萬里加投,龜吼,52-14
萬里區,翡翠,,306,萬里區,中萬里加投,龜吼,52-6
萬里區,翡翠,,307,萬里區,中萬里加投,龜吼,52-15
萬里區,翡翠,,308,萬里區,中萬里加投,龜吼,9-72
萬里區,翡翠,,309,萬里區,中萬里加投,龜吼,9-18
萬里區,翡翠,,31,萬里區,中萬里加投,野柳,130-5
萬里區,翡翠,,310,萬里區,中萬里加投,龜吼,9-24
萬里區,翡翠,,311,萬里區,中萬里加投,龜吼,9-73
萬里區,翡翠,,312,萬里區,中萬里加投,龜吼,52-16
萬里區,翡翠,,313,萬里區,中萬里加投,龜吼,30-3
萬里區,翡翠,,314,萬里區,中萬里加投,龜吼,30-4
萬里區,翡翠,,315,萬里區,中萬里加投,龜吼,30-8
萬里區,翡翠,,316,萬里區,中萬里加投,龜吼,30-5
萬里區,翡翠,,317,萬里區,中萬里加投,龜吼,416
萬里區,翡翠,,318,萬里區,中萬里加投,龜吼,32-2
萬里區,翡翠,,319,萬里區,中萬里加投,龜吼,32-3
萬里區,翡翠,,32,萬里區,中萬里加投,野柳,130-15
萬里區,翡翠,,321,萬里區,中萬里加投,龜吼,31
萬里區,翡翠,,322,萬里區,中萬里加投,龜吼,31-1
萬里區,翡翠,,323,萬里區,中萬里加投,龜吼,417
萬里區,翡翠,,325,萬里區,中萬里加投,龜吼,418
萬里區,翡翠,,326,萬里區,中萬里加投,龜吼,419
萬里區,翡翠,,327,萬里區,中萬里加投,龜吼,420
萬里區,翡翠,,328,萬里區,中萬里加投,龜吼,421
萬里區,翡翠,,329,萬里區,中萬里加投,龜吼,422
萬里區,翡翠,,33,萬里區,中萬里加投,野柳,130-3
萬里區,翡翠,,330,萬里區,中萬里加投,龜吼,423
萬里區,翡翠,,331,萬里區,中萬里加投,龜吼,46-1
萬里區,翡翠,,332,萬里區,中萬里加投,龜吼,46
萬里區,翡翠,,333,萬里區,中萬里加投,龜吼,39
萬里區,翡翠,,334,萬里區,中萬里加投,龜吼,32
萬里區,翡翠,,335,萬里區,中萬里加投,龜吼,32-1
萬里區,翡翠,,336,萬里區,中萬里加投,龜吼,32-7
萬里區,翡翠,,337,萬里區,中萬里加投,龜吼,32-6
萬里區,翡翠,,338,萬里區,中萬里加投,龜吼,32-4
萬里區,翡翠,,34,萬里區,中萬里加投,野柳,130-7
萬里區,翡翠,,340,萬里區,中萬里加投,龜吼,52
萬里區,翡翠,,341,萬里區,中萬里加投,龜吼,52-2
萬里區,翡翠,,342,萬里區,中萬里加投,龜吼,52-5
萬里區,翡翠,,343,萬里區,中萬里加投,龜吼,315-7
萬里區,翡翠,,344,萬里區,中萬里加投,龜吼,315-8
萬里區,翡翠,,345,萬里區,中萬里加投,龜吼,52-11
萬里區,翡翠,,346,萬里區,中萬里加投,龜吼,315-9
萬里區,翡翠,,347,萬里區,中萬里加投,龜吼,315-10
萬里區,翡翠,,348,萬里區,中萬里加投,龜吼,43
萬里區,翡翠,,349,萬里區,中萬里加投,龜吼,42
萬里區,翡翠,,35,萬里區,中萬里加投,野柳,130-2
萬里區,翡翠,,350,萬里區,中萬里加投,龜吼,41
萬里區,翡翠,,351,萬里區,中萬里加投,龜吼,40
萬里區,翡翠,,352,萬里區,中萬里加投,龜吼,33
萬里區,翡翠,,353,萬里區,中萬里加投,龜吼,32-5
萬里區,翡翠,,354,萬里區,中萬里加投,龜吼,34
萬里區,翡翠,,355,萬里區,中萬里加投,龜吼,35
萬里區,翡翠,,356,萬里區,中萬里加投,龜吼,36
萬里區,翡翠,,357,萬里區,中萬里加投,龜吼,37
萬里區,翡翠,,358,萬里區,中萬里加投,龜吼,38
萬里區,翡翠,,359,萬里區,中萬里加投,龜吼,45
萬里區,翡翠,,36,萬里區,中萬里加投,野柳,130-1
萬里區,翡翠,,360,萬里區,中萬里加投,龜吼,44
萬里區,翡翠,,361,萬里區,中萬里加投,龜吼,51-1
萬里區,翡翠,,362,萬里區,中萬里加投,龜吼,51-2
萬里區,翡翠,,363,萬里區,中萬里加投,龜吼,44-1
萬里區,翡翠,,364,萬里區,中萬里加投,龜吼,49-2
萬里區,翡翠,,365,萬里區,中萬里加投,龜吼,49-1
萬里區,翡翠,,366,萬里區,中萬里加投,龜吼,45-1
萬里區,翡翠,,367,萬里區,中萬里加投,龜吼,48-1
萬里區,翡翠,,368,萬里區,中萬里加投,龜吼,45-2
萬里區,翡翠,,369,萬里區,中萬里加投,龜吼,47
萬里區,翡翠,,37,萬里區,中萬里加投,野柳,130-14
萬里區,翡翠,,370,萬里區,中萬里加投,龜吼,48
萬里區,翡翠,,371,萬里區,中萬里加投,龜吼,49
萬里區,翡翠,,372,萬里區,中萬里加投,龜吼,51
萬里區,翡翠,,373,萬里區,中萬里加投,龜吼,315-11
萬里區,翡翠,,374,萬里區,中萬里加投,龜吼,51-3
萬里區,翡翠,,375,萬里區,中萬里加投,龜吼,51-4
萬里區,翡翠,,376,萬里區,中萬里加投,龜吼,50
萬里區,翡翠,,377,萬里區,中萬里加投,龜吼,424
萬里區,翡翠,,378,萬里區,中萬里加投,龜吼,315-12
萬里區,翡翠,,379,萬里區,中萬里加投,龜吼,315-13
萬里區,翡翠,,38,萬里區,中萬里加投,野柳,131-46
萬里區,翡翠,,380,萬里區,中萬里加投,龜吼,315-14
萬里區,翡翠,,381,萬里區,中萬里加投,龜吼,428
萬里區,翡翠,,382,萬里區,中萬里加投,龜吼,429
萬里區,翡翠,,383,萬里區,中萬里加投,龜吼,426
萬里區,翡翠,,384,萬里區,中萬里加投,龜吼,425
萬里區,翡翠,,385,萬里區,中萬里加投,龜吼,427-1
萬里區,翡翠,,386,萬里區,中萬里加投,龜吼,427
萬里區,翡翠,,387,萬里區,中萬里加投,龜吼,431
萬里區,翡翠,,388,萬里區,中萬里加投,龜吼,432
萬里區,翡翠,,389,萬里區,中萬里加投,龜吼,433
萬里區,翡翠,,39,萬里區,中萬里加投,野柳,131-42
萬里區,翡翠,,390,萬里區,中萬里加投,龜吼,433-1
萬里區,翡翠,,391,萬里區,中萬里加投,龜吼,434
萬里區,翡翠,,392,萬里區,中萬里加投,龜吼,430
萬里區,翡翠,,393,萬里區,中萬里加投,龜吼,55-8
萬里區,翡翠,,394,萬里區,中萬里加投,龜吼,55-3
萬里區,翡翠,,395,萬里區,中萬里加投,龜吼,53-6
萬里區,翡翠,,396,萬里區,中萬里加投,龜吼,315-16
萬里區,翡翠,,397,萬里區,中萬里加投,龜吼,315-15
萬里區,翡翠,,398,萬里區,中萬里加投,龜吼,53-1
萬里區,翡翠,,399,萬里區,中萬里加投,龜吼,53-4
萬里區,翡翠,,4,萬里區,中萬里加投,龜吼,299-3
萬里區,翡翠,,40,萬里區,中萬里加投,野柳,131-43
萬里區,翡翠,,400,萬里區,中萬里加投,龜吼,53-5
萬里區,翡翠,,401,萬里區,中萬里加投,龜吼,315-6
萬里區,翡翠,,402,萬里區,中萬里加投,龜吼,316-7
萬里區,翡翠,,403,萬里區,中萬里加投,龜吼,315-4
萬里區,翡翠,,404,萬里區,中萬里加投,龜吼,52-1
萬里區,翡翠,,405,萬里區,中萬里加投,龜吼,314-1
萬里區,翡翠,,406,萬里區,中萬里加投,龜吼,11
萬里區,翡翠,,407,萬里區,中萬里加投,龜吼,17
萬里區,翡翠,,408,萬里區,中萬里加投,龜吼,315
萬里區,翡翠,,409,萬里區,中萬里加投,龜吼,315-19
萬里區,翡翠,,41,萬里區,中萬里加投,野柳,131-5
萬里區,翡翠,,410,萬里區,中萬里加投,龜吼,15
萬里區,翡翠,,411,萬里區,中萬里加投,龜吼,15-3
萬里區,翡翠,,412,萬里區,中萬里加投,龜吼,15-2
萬里區,翡翠,,413,萬里區,中萬里加投,龜吼,15-1
萬里區,翡翠,,414,萬里區,中萬里加投,龜吼,16-1
萬里區,翡翠,,415,萬里區,中萬里加投,龜吼,16-2
萬里區,翡翠,,416,萬里區,中萬里加投,龜吼,16
萬里區,翡翠,,417,萬里區,中萬里加投,龜吼,315-20
萬里區,翡翠,,418,萬里區,中萬里加投,龜吼,315-21
萬里區,翡翠,,419,萬里區,中萬里加投,龜吼,17-5
萬里區,翡翠,,42,萬里區,中萬里加投,野柳,131-104
萬里區,翡翠,,420,萬里區,中萬里加投,龜吼,17-1
萬里區,翡翠,,421,萬里區,中萬里加投,龜吼,17-3
萬里區,翡翠,,422,萬里區,中萬里加投,龜吼,315-23
萬里區,翡翠,,423,萬里區,中萬里加投,龜吼,315-5
萬里區,翡翠,,424,萬里區,中萬里加投,龜吼,315-22
萬里區,翡翠,,425,萬里區,中萬里加投,龜吼,17-4
萬里區,翡翠,,426,萬里區,中萬里加投,龜吼,315-24
萬里區,翡翠,,427,萬里區,中萬里加投,龜吼,316-3
萬里區,翡翠,,428,萬里區,中萬里加投,龜吼,89-2
萬里區,翡翠,,429,萬里區,中萬里加投,龜吼,89-1
萬里區,翡翠,,43,萬里區,中萬里加投,野柳,131-95
萬里區,翡翠,,430,萬里區,中萬里加投,龜吼,316-4
萬里區,翡翠,,431,萬里區,中萬里加投,龜吼,316-5
萬里區,翡翠,,432,萬里區,中萬里加投,龜吼,317-40
萬里區,翡翠,,433,萬里區,中萬里加投,龜吼,316-6
萬里區,翡翠,,434,萬里區,中萬里加投,龜吼,317-59
萬里區,翡翠,,435,萬里區,中萬里加投,龜吼,317-41
萬里區,翡翠,,436,萬里區,中萬里加投,龜吼,317-42
萬里區,翡翠,,437,萬里區,中萬里加投,龜吼,317-3
萬里區,翡翠,,438,萬里區,中萬里加投,龜吼,317-46
萬里區,翡翠,,439,萬里區,中萬里加投,龜吼,317-4
萬里區,翡翠,,44,萬里區,中萬里加投,野柳,131-47
萬里區,翡翠,,440,萬里區,中萬里加投,龜吼,87
萬里區,翡翠,,441,萬里區,中萬里加投,龜吼,316-14
萬里區,翡翠,,442,萬里區,中萬里加投,龜吼,88
萬里區,翡翠,,443,萬里區,中萬里加投,龜吼,316
萬里區,翡翠,,444,萬里區,中萬里加投,龜吼,64-1
萬里區,翡翠,,445,萬里區,中萬里加投,龜吼,316-8
萬里區,翡翠,,446,萬里區,中萬里加投,龜吼,63
萬里區,翡翠,,447,萬里區,中萬里加投,龜吼,62
萬里區,翡翠,,448,萬里區,中萬里加投,龜吼,316-24
萬里區,翡翠,,449,萬里區,中萬里加投,龜吼,63-1
萬里區,翡翠,,45,萬里區,中萬里加投,野柳,131-7
萬里區,翡翠,,450,萬里區,中萬里加投,龜吼,64-4
萬里區,翡翠,,451,萬里區,中萬里加投,龜吼,62-2
萬里區,翡翠,,452,萬里區,中萬里加投,龜吼,62-3
萬里區,翡翠,,453,萬里區,中萬里加投,龜吼,62-1
萬里區,翡翠,,454,萬里區,中萬里加投,龜吼,316-9
萬里區,翡翠,,455,萬里區,中萬里加投,龜吼,316-10
萬里區,翡翠,,456,萬里區,中萬里加投,龜吼,61
萬里區,翡翠,,457,萬里區,中萬里加投,龜吼,61-1
萬里區,翡翠,,458,萬里區,中萬里加投,龜吼,316-11
萬里區,翡翠,,459,萬里區,中萬里加投,龜吼,60-5
萬里區,翡翠,,46,萬里區,中萬里加投,野柳,131-38
萬里區,翡翠,,460,萬里區,中萬里加投,龜吼,60-6
萬里區,翡翠,,461,萬里區,中萬里加投,龜吼,60-1
萬里區,翡翠,,462,萬里區,中萬里加投,龜吼,316-13
萬里區,翡翠,,463,萬里區,中萬里加投,龜吼,315-18
萬里區,翡翠,,464,萬里區,中萬里加投,龜吼,53-7
萬里區,翡翠,,465,萬里區,中萬里加投,龜吼,53-2
萬里區,翡翠,,466,萬里區,中萬里加投,龜吼,315-17
萬里區,翡翠,,467,萬里區,中萬里加投,龜吼,53
萬里區,翡翠,,468,萬里區,中萬里加投,龜吼,55-1
萬里區,翡翠,,469,萬里區,中萬里加投,龜吼,55-4
萬里區,翡翠,,47,萬里區,中萬里加投,野柳,131-44
萬里區,翡翠,,470,萬里區,中萬里加投,龜吼,55-5
萬里區,翡翠,,471,萬里區,中萬里加投,龜吼,55-2
萬里區,翡翠,,472,萬里區,中萬里加投,龜吼,55-7
萬里區,翡翠,,473,萬里區,中萬里加投,龜吼,55-6
萬里區,翡翠,,474,萬里區,中萬里加投,龜吼,55
萬里區,翡翠,,475,萬里區,中萬里加投,龜吼,54
萬里區,翡翠,,476,萬里區,中萬里加投,龜吼,53-3
萬里區,翡翠,,477,萬里區,中萬里加投,龜吼,60-3
萬里區,翡翠,,478,萬里區,中萬里加投,龜吼,59
萬里區,翡翠,,479,萬里區,中萬里加投,龜吼,58-1
萬里區,翡翠,,48,萬里區,中萬里加投,野柳,131-6
萬里區,翡翠,,480,萬里區,中萬里加投,龜吼,58-3
萬里區,翡翠,,481,萬里區,中萬里加投,龜吼,58-2
萬里區,翡翠,,482,萬里區,中萬里加投,龜吼,58
萬里區,翡翠,,483,萬里區,中萬里加投,龜吼,56
萬里區,翡翠,,484,萬里區,中萬里加投,龜吼,57
萬里區,翡翠,,485,萬里區,中萬里加投,龜吼,78
萬里區,翡翠,,486,萬里區,中萬里加投,龜吼,79-7
萬里區,翡翠,,487,萬里區,中萬里加投,龜吼,79-4
萬里區,翡翠,,488,萬里區,中萬里加投,龜吼,79-3
萬里區,翡翠,,489,萬里區,中萬里加投,龜吼,79-2
萬里區,翡翠,,49,萬里區,中萬里加投,野柳,131-90
萬里區,翡翠,,490,萬里區,中萬里加投,龜吼,79
萬里區,翡翠,,491,萬里區,中萬里加投,龜吼,77
萬里區,翡翠,,492,萬里區,中萬里加投,龜吼,76
萬里區,翡翠,,493,萬里區,中萬里加投,龜吼,75
萬里區,翡翠,,494,萬里區,中萬里加投,龜吼,74
萬里區,翡翠,,495,萬里區,中萬里加投,龜吼,79-8
萬里區,翡翠,,496,萬里區,中萬里加投,龜吼,79-9
萬里區,翡翠,,497,萬里區,中萬里加投,龜吼,79-11
萬里區,翡翠,,498,萬里區,中萬里加投,龜吼,79-10
萬里區,翡翠,,499,萬里區,中萬里加投,龜吼,74-1
萬里區,翡翠,,5,萬里區,中萬里加投,龜吼,299-4
萬里區,翡翠,,50,萬里區,中萬里加投,野柳,131-48
萬里區,翡翠,,500,萬里區,中萬里加投,龜吼,78-2
萬里區,翡翠,,501,萬里區,中萬里加投,龜吼,78-1
萬里區,翡翠,,502,萬里區,中萬里加投,龜吼,73-1
萬里區,翡翠,,503,萬里區,中萬里加投,龜吼,73
萬里區,翡翠,,504,萬里區,中萬里加投,龜吼,68
萬里區,翡翠,,505,萬里區,中萬里加投,龜吼,69
萬里區,翡翠,,506,萬里區,中萬里加投,龜吼,67
萬里區,翡翠,,507,萬里區,中萬里加投,龜吼,66-2
萬里區,翡翠,,508,萬里區,中萬里加投,龜吼,70-1
萬里區,翡翠,,509,萬里區,中萬里加投,龜吼,67-1
萬里區,翡翠,,51,萬里區,中萬里加投,野柳,131-59
萬里區,翡翠,,510,萬里區,中萬里加投,龜吼,69-1
萬里區,翡翠,,511,萬里區,中萬里加投,龜吼,69-2
萬里區,翡翠,,512,萬里區,中萬里加投,龜吼,72-1
萬里區,翡翠,,513,萬里區,中萬里加投,龜吼,72
萬里區,翡翠,,514,萬里區,中萬里加投,龜吼,79-5
萬里區,翡翠,,515,萬里區,中萬里加投,龜吼,79-1
萬里區,翡翠,,516,萬里區,中萬里加投,龜吼,71
萬里區,翡翠,,517,萬里區,中萬里加投,龜吼,70
萬里區,翡翠,,518,萬里區,中萬里加投,龜吼,66-3
萬里區,翡翠,,52,萬里區,中萬里加投,野柳,131-60
萬里區,翡翠,,520,萬里區,中萬里加投,龜吼,79-6
萬里區,翡翠,,521,萬里區,中萬里加投,龜吼,80
萬里區,翡翠,,522,萬里區,中萬里加投,龜吼,81-4
萬里區,翡翠,,523,萬里區,中萬里加投,龜吼,81-2
萬里區,翡翠,,524,萬里區,中萬里加投,龜吼,81-6
萬里區,翡翠,,525,萬里區,中萬里加投,龜吼,81-7
萬里區,翡翠,,526,萬里區,中萬里加投,龜吼,82-3
萬里區,翡翠,,527,萬里區,中萬里加投,龜吼,110-9
萬里區,翡翠,,528,萬里區,中萬里加投,龜吼,111
萬里區,翡翠,,529,萬里區,中萬里加投,龜吼,110-33
萬里區,翡翠,,53,萬里區,中萬里加投,野柳,131-97
萬里區,翡翠,,530,萬里區,中萬里加投,龜吼,110-12
萬里區,翡翠,,531,萬里區,中萬里加投,龜吼,110-2
萬里區,翡翠,,532,萬里區,中萬里加投,龜吼,82-11
萬里區,翡翠,,533,萬里區,中萬里加投,龜吼,82-16
萬里區,翡翠,,534,萬里區,中萬里加投,龜吼,82-9
萬里區,翡翠,,535,萬里區,中萬里加投,龜吼,82-8
萬里區,翡翠,,536,萬里區,中萬里加投,龜吼,82-15
萬里區,翡翠,,537,萬里區,中萬里加投,龜吼,82-7
萬里區,翡翠,,538,萬里區,中萬里加投,龜吼,82-5
萬里區,翡翠,,539,萬里區,中萬里加投,龜吼,82
萬里區,翡翠,,54,萬里區,中萬里加投,野柳,131-91
萬里區,翡翠,,540,萬里區,中萬里加投,龜吼,82-14
萬里區,翡翠,,541,萬里區,中萬里加投,龜吼,82-13
萬里區,翡翠,,542,萬里區,中萬里加投,龜吼,81-17
萬里區,翡翠,,543,萬里區,中萬里加投,龜吼,81-16
萬里區,翡翠,,544,萬里區,中萬里加投,龜吼,81-13
萬里區,翡翠,,545,萬里區,中萬里加投,龜吼,81-15
萬里區,翡翠,,546,萬里區,中萬里加投,龜吼,81-10
萬里區,翡翠,,547,萬里區,中萬里加投,龜吼,81-3
萬里區,翡翠,,548,萬里區,中萬里加投,龜吼,81-9
萬里區,翡翠,,549,萬里區,中萬里加投,龜吼,81-19
萬里區,翡翠,,55,萬里區,中萬里加投,野柳,131-49
萬里區,翡翠,,550,萬里區,中萬里加投,龜吼,81-14
萬里區,翡翠,,551,萬里區,中萬里加投,龜吼,81-20
萬里區,翡翠,,552,萬里區,中萬里加投,龜吼,81-8
萬里區,翡翠,,553,萬里區,中萬里加投,龜吼,66-4
萬里區,翡翠,,554,萬里區,中萬里加投,龜吼,60-2
萬里區,翡翠,,555,萬里區,中萬里加投,龜吼,60
萬里區,翡翠,,556,萬里區,中萬里加投,龜吼,66
萬里區,翡翠,,557,萬里區,中萬里加投,龜吼,66-5
萬里區,翡翠,,558,萬里區,中萬里加投,龜吼,60-4
萬里區,翡翠,,559,萬里區,中萬里加投,龜吼,65
萬里區,翡翠,,56,萬里區,中萬里加投,野柳,131-17
萬里區,翡翠,,560,萬里區,中萬里加投,龜吼,64-3
萬里區,翡翠,,561,萬里區,中萬里加投,龜吼,64-2
萬里區,翡翠,,562,萬里區,中萬里加投,龜吼,64
萬里區,翡翠,,563,萬里區,中萬里加投,龜吼,316-15
萬里區,翡翠,,564,萬里區,中萬里加投,龜吼,85-7
萬里區,翡翠,,565,萬里區,中萬里加投,龜吼,81-11
萬里區,翡翠,,566,萬里區,中萬里加投,龜吼,83-12
萬里區,翡翠,,567,萬里區,中萬里加投,龜吼,85-6
萬里區,翡翠,,568,萬里區,中萬里加投,龜吼,85
萬里區,翡翠,,569,萬里區,中萬里加投,龜吼,81
萬里區,翡翠,,57,萬里區,中萬里加投,野柳,131-61
萬里區,翡翠,,570,萬里區,中萬里加投,龜吼,86
萬里區,翡翠,,571,萬里區,中萬里加投,龜吼,317-61
萬里區,翡翠,,572,萬里區,中萬里加投,龜吼,318-2
萬里區,翡翠,,573,萬里區,中萬里加投,龜吼,85-2
萬里區,翡翠,,574,萬里區,中萬里加投,龜吼,318-1
萬里區,翡翠,,575,萬里區,中萬里加投,龜吼,318
萬里區,翡翠,,576,萬里區,中萬里加投,龜吼,317-69
萬里區,翡翠,,577,萬里區,中萬里加投,龜吼,109-8
萬里區,翡翠,,578,萬里區,中萬里加投,龜吼,319
萬里區,翡翠,,579,萬里區,中萬里加投,龜吼,317-73
萬里區,翡翠,,58,萬里區,中萬里加投,野柳,131-10
萬里區,翡翠,,580,萬里區,中萬里加投,龜吼,317-72
萬里區,翡翠,,581,萬里區,中萬里加投,龜吼,317-87
萬里區,翡翠,,582,萬里區,中萬里加投,龜吼,317-71
萬里區,翡翠,,583,萬里區,中萬里加投,龜吼,317-98
萬里區,翡翠,,584,萬里區,中萬里加投,龜吼,317-6
萬里區,翡翠,,585,萬里區,中萬里加投,龜吼,317-70
萬里區,翡翠,,586,萬里區,中萬里加投,龜吼,317-68
萬里區,翡翠,,587,萬里區,中萬里加投,龜吼,317-67
萬里區,翡翠,,588,萬里區,中萬里加投,龜吼,317-60
萬里區,翡翠,,589,萬里區,中萬里加投,龜吼,317-65
萬里區,翡翠,,59,萬里區,中萬里加投,野柳,131-98
萬里區,翡翠,,590,萬里區,中萬里加投,龜吼,317-84
萬里區,翡翠,,591,萬里區,中萬里加投,龜吼,317-77
萬里區,翡翠,,592,萬里區,中萬里加投,龜吼,317-78
萬里區,翡翠,,593,萬里區,中萬里加投,龜吼,317-83
萬里區,翡翠,,594,萬里區,中萬里加投,龜吼,317-82
萬里區,翡翠,,595,萬里區,中萬里加投,龜吼,317-79
萬里區,翡翠,,596,萬里區,中萬里加投,龜吼,317-80
萬里區,翡翠,,597,萬里區,中萬里加投,龜吼,317-81
萬里區,翡翠,,598,萬里區,中萬里加投,龜吼,317-63
萬里區,翡翠,,599,萬里區,中萬里加投,龜吼,317-55
萬里區,翡翠,,6,萬里區,中萬里加投,龜吼,299-5
萬里區,翡翠,,60,萬里區,中萬里加投,野柳,131-92
萬里區,翡翠,,600,萬里區,中萬里加投,龜吼,317-5
萬里區,翡翠,,601,萬里區,中萬里加投,龜吼,317-54
萬里區,翡翠,,602,萬里區,中萬里加投,龜吼,317-7
萬里區,翡翠,,603,萬里區,中萬里加投,龜吼,320-11
萬里區,翡翠,,604,萬里區,中萬里加投,龜吼,320-1
萬里區,翡翠,,605,萬里區,中萬里加投,龜吼,317-56
萬里區,翡翠,,606,萬里區,中萬里加投,龜吼,317-99
萬里區,翡翠,,607,萬里區,中萬里加投,龜吼,317-38
萬里區,翡翠,,608,萬里區,中萬里加投,龜吼,109-30
萬里區,翡翠,,609,萬里區,中萬里加投,龜吼,317-64
萬里區,翡翠,,61,萬里區,中萬里加投,野柳,131-54
萬里區,翡翠,,610,萬里區,中萬里加投,龜吼,85-4
萬里區,翡翠,,611,萬里區,中萬里加投,龜吼,85-5
萬里區,翡翠,,612,萬里區,中萬里加投,龜吼,85
萬里區,翡翠,,613,萬里區,中萬里加投,龜吼,82-1
萬里區,翡翠,,614,萬里區,中萬里加投,龜吼,83-2
萬里區,翡翠,,615,萬里區,中萬里加投,龜吼,82-17
萬里區,翡翠,,616,萬里區,中萬里加投,龜吼,81-5
萬里區,翡翠,,617,萬里區,中萬里加投,龜吼,82-6
萬里區,翡翠,,618,萬里區,中萬里加投,龜吼,82-18
萬里區,翡翠,,619,萬里區,中萬里加投,龜吼,82-12
萬里區,翡翠,,62,萬里區,中萬里加投,野柳,131-32
萬里區,翡翠,,620,萬里區,中萬里加投,龜吼,82-2
萬里區,翡翠,,621,萬里區,中萬里加投,龜吼,82-10
萬里區,翡翠,,622,萬里區,中萬里加投,龜吼,109-31
萬里區,翡翠,,623,萬里區,中萬里加投,龜吼,110-34
萬里區,翡翠,,624,萬里區,中萬里加投,龜吼,110-15
萬里區,翡翠,,625,萬里區,中萬里加投,龜吼,110-16
萬里區,翡翠,,626,萬里區,中萬里加投,龜吼,110-40
萬里區,翡翠,,627,萬里區,中萬里加投,龜吼,110-42
萬里區,翡翠,,628,萬里區,中萬里加投,龜吼,110-26
萬里區,翡翠,,629,萬里區,中萬里加投,龜吼,110-25
萬里區,翡翠,,63,萬里區,中萬里加投,野柳,131-11
萬里區,翡翠,,630,萬里區,中萬里加投,龜吼,109-27
萬里區,翡翠,,631,萬里區,中萬里加投,龜吼,109
萬里區,翡翠,,632,萬里區,中萬里加投,龜吼,109-32
萬里區,翡翠,,633,萬里區,中萬里加投,龜吼,110-41
萬里區,翡翠,,634,萬里區,中萬里加投,龜吼,110-3
萬里區,翡翠,,635,萬里區,中萬里加投,龜吼,110-24
萬里區,翡翠,,636,萬里區,中萬里加投,龜吼,110-4
萬里區,翡翠,,637,萬里區,中萬里加投,龜吼,109-19
萬里區,翡翠,,638,萬里區,中萬里加投,龜吼,109-1
萬里區,翡翠,,639,萬里區,中萬里加投,龜吼,109-29
萬里區,翡翠,,64,萬里區,中萬里加投,野柳,131-99
萬里區,翡翠,,640,萬里區,中萬里加投,龜吼,109-18
萬里區,翡翠,,641,萬里區,中萬里加投,龜吼,109-2
萬里區,翡翠,,642,萬里區,中萬里加投,龜吼,109-10
萬里區,翡翠,,643,萬里區,中萬里加投,龜吼,109-3
萬里區,翡翠,,644,萬里區,中萬里加投,龜吼,322-28
萬里區,翡翠,,645,萬里區,中萬里加投,龜吼,292-38
萬里區,翡翠,,646,萬里區,中萬里加投,龜吼,292-40
萬里區,翡翠,,647,萬里區,中萬里加投,龜吼,292-39
萬里區,翡翠,,648,萬里區,中萬里加投,龜吼,292-2
萬里區,翡翠,,649,萬里區,中萬里加投,龜吼,292-3
萬里區,翡翠,,65,萬里區,中萬里加投,野柳,131
萬里區,翡翠,,650,萬里區,中萬里加投,龜吼,136-46
萬里區,翡翠,,651,萬里區,中萬里加投,龜吼,108
萬里區,翡翠,,652,萬里區,中萬里加投,龜吼,107-2
萬里區,翡翠,,653,萬里區,中萬里加投,龜吼,107-1
萬里區,翡翠,,654,萬里區,中萬里加投,龜吼,107
萬里區,翡翠,,655,萬里區,中萬里加投,龜吼,322-1
萬里區,翡翠,,656,萬里區,中萬里加投,龜吼,107-4
萬里區,翡翠,,657,萬里區,中萬里加投,龜吼,107-3
萬里區,翡翠,,658,萬里區,中萬里加投,龜吼,109-11
萬里區,翡翠,,659,萬里區,中萬里加投,龜吼,109-7
萬里區,翡翠,,66,萬里區,中萬里加投,野柳,131-93
萬里區,翡翠,,660,萬里區,中萬里加投,龜吼,109-6
萬里區,翡翠,,661,萬里區,中萬里加投,龜吼,109-4
萬里區,翡翠,,662,萬里區,中萬里加投,龜吼,109-5
萬里區,翡翠,,663,萬里區,中萬里加投,龜吼,109-9
萬里區,翡翠,,664,萬里區,中萬里加投,龜吼,320-3
萬里區,翡翠,,665,萬里區,中萬里加投,龜吼,320-2
萬里區,翡翠,,666,萬里區,中萬里加投,龜吼,321
萬里區,翡翠,,667,萬里區,中萬里加投,龜吼,322-4
萬里區,翡翠,,668,萬里區,中萬里加投,龜吼,322-23
萬里區,翡翠,,669,萬里區,中萬里加投,龜吼,321-1
萬里區,翡翠,,67,萬里區,中萬里加投,野柳,131-100
萬里區,翡翠,,670,萬里區,中萬里加投,龜吼,321-7
萬里區,翡翠,,671,萬里區,中萬里加投,龜吼,106-9
萬里區,翡翠,,672,萬里區,中萬里加投,龜吼,106-8
萬里區,翡翠,,673,萬里區,中萬里加投,龜吼,106-6
萬里區,翡翠,,674,萬里區,中萬里加投,龜吼,106-3
萬里區,翡翠,,675,萬里區,中萬里加投,龜吼,106-7
萬里區,翡翠,,676,萬里區,中萬里加投,龜吼,322-20
萬里區,翡翠,,677,萬里區,中萬里加投,龜吼,322-5
萬里區,翡翠,,678,萬里區,中萬里加投,龜吼,322-3
萬里區,翡翠,,679,萬里區,中萬里加投,龜吼,322-22
萬里區,翡翠,,68,萬里區,中萬里加投,野柳,131-22
萬里區,翡翠,,680,萬里區,中萬里加投,龜吼,322-21
萬里區,翡翠,,681,萬里區,中萬里加投,龜吼,107-5
萬里區,翡翠,,682,萬里區,中萬里加投,龜吼,322-18
萬里區,翡翠,,683,萬里區,中萬里加投,龜吼,322-17
萬里區,翡翠,,684,萬里區,中萬里加投,龜吼,136-2
萬里區,翡翠,,685,萬里區,中萬里加投,龜吼,136-15
萬里區,翡翠,,686,萬里區,中萬里加投,龜吼,136-7
萬里區,翡翠,,688,萬里區,中萬里加投,龜吼,292-9
萬里區,翡翠,,689,萬里區,中萬里加投,龜吼,292-13
萬里區,翡翠,,69,萬里區,中萬里加投,野柳,131-65
萬里區,翡翠,,690,萬里區,中萬里加投,龜吼,292-8
萬里區,翡翠,,691,萬里區,中萬里加投,龜吼,292-14
萬里區,翡翠,,692,萬里區,中萬里加投,龜吼,292-7
萬里區,翡翠,,693,萬里區,中萬里加投,龜吼,134-4
萬里區,翡翠,,694,萬里區,中萬里加投,龜吼,292-26
萬里區,翡翠,,695,萬里區,中萬里加投,龜吼,291-3
萬里區,翡翠,,696,萬里區,中萬里加投,龜吼,291-7
萬里區,翡翠,,697,萬里區,中萬里加投,龜吼,291-9
萬里區,翡翠,,698,萬里區,中萬里加投,龜吼,291-4
萬里區,翡翠,,699,萬里區,中萬里加投,龜吼,291-10
萬里區,翡翠,,7,萬里區,中萬里加投,龜吼,1-2
萬里區,翡翠,,70,萬里區,中萬里加投,野柳,131-18
萬里區,翡翠,,700,萬里區,中萬里加投,龜吼,291-2
萬里區,翡翠,,701,萬里區,中萬里加投,龜吼,292-30
萬里區,翡翠,,702,萬里區,中萬里加投,龜吼,292-31
萬里區,翡翠,,703,萬里區,中萬里加投,龜吼,292-21
萬里區,翡翠,,704,萬里區,中萬里加投,龜吼,406-3
萬里區,翡翠,,705,萬里區,中萬里加投,龜吼,292-20
萬里區,翡翠,,706,萬里區,中萬里加投,龜吼,292-19
萬里區,翡翠,,707,萬里區,中萬里加投,龜吼,292-16
萬里區,翡翠,,708,萬里區,中萬里加投,龜吼,322-25
萬里區,翡翠,,709,萬里區,中萬里加投,龜吼,322-10
萬里區,翡翠,,71,萬里區,中萬里加投,野柳,131-21
萬里區,翡翠,,710,萬里區,中萬里加投,龜吼,109-22
萬里區,翡翠,,711,萬里區,中萬里加投,龜吼,109-20
萬里區,翡翠,,712,萬里區,中萬里加投,龜吼,109-28
萬里區,翡翠,,713,萬里區,中萬里加投,龜吼,110-6
萬里區,翡翠,,714,萬里區,中萬里加投,龜吼,110-7
萬里區,翡翠,,715,萬里區,中萬里加投,龜吼,110-23
萬里區,翡翠,,716,萬里區,中萬里加投,龜吼,130-8
萬里區,翡翠,,717,萬里區,中萬里加投,龜吼,130-7
萬里區,翡翠,,718,萬里區,中萬里加投,龜吼,130-9
萬里區,翡翠,,719,萬里區,中萬里加投,龜吼,131-19
萬里區,翡翠,,72,萬里區,中萬里加投,野柳,131-20
萬里區,翡翠,,720,萬里區,中萬里加投,龜吼,131-20
萬里區,翡翠,,721,萬里區,中萬里加投,龜吼,131-25
萬里區,翡翠,,722,萬里區,中萬里加投,龜吼,131-28
萬里區,翡翠,,723,萬里區,中萬里加投,龜吼,131-33
萬里區,翡翠,,724,萬里區,中萬里加投,龜吼,131-24
萬里區,翡翠,,725,萬里區,中萬里加投,龜吼,175-7
萬里區,翡翠,,726,萬里區,中萬里加投,龜吼,174-3
萬里區,翡翠,,727,萬里區,中萬里加投,龜吼,174-1
萬里區,翡翠,,728,萬里區,中萬里加投,龜吼,174-2
萬里區,翡翠,,729,萬里區,中萬里加投,龜吼,174-5
萬里區,翡翠,,73,萬里區,中萬里加投,野柳,131-3
萬里區,翡翠,,730,萬里區,中萬里加投,龜吼,173-11
萬里區,翡翠,,731,萬里區,中萬里加投,龜吼,175-2
萬里區,翡翠,,732,萬里區,中萬里加投,龜吼,175-12
萬里區,翡翠,,733,萬里區,中萬里加投,龜吼,173-19
萬里區,翡翠,,734,萬里區,中萬里加投,龜吼,173-20
萬里區,翡翠,,735,萬里區,中萬里加投,龜吼,175-8
萬里區,翡翠,,736,萬里區,中萬里加投,龜吼,175-3
萬里區,翡翠,,737,萬里區,中萬里加投,龜吼,175-9
萬里區,翡翠,,738,萬里區,中萬里加投,龜吼,177-11
萬里區,翡翠,,739,萬里區,中萬里加投,龜吼,177-12
萬里區,翡翠,,74,萬里區,中萬里加投,野柳,131-24
萬里區,翡翠,,740,萬里區,中萬里加投,龜吼,177-17
萬里區,翡翠,,741,萬里區,中萬里加投,龜吼,177-9
萬里區,翡翠,,742,萬里區,中萬里加投,龜吼,204-43
萬里區,翡翠,,743,萬里區,中萬里加投,龜吼,177-2
萬里區,翡翠,,744,萬里區,中萬里加投,龜吼,177-15
萬里區,翡翠,,745,萬里區,中萬里加投,龜吼,354-5
萬里區,翡翠,,746,萬里區,中萬里加投,龜吼,354-1
萬里區,翡翠,,747,萬里區,中萬里加投,龜吼,346-1
萬里區,翡翠,,748,萬里區,中萬里加投,龜吼,345-2
萬里區,翡翠,,749,萬里區,中萬里加投,龜吼,342-1
萬里區,翡翠,,75,萬里區,中萬里加投,野柳,131-84
萬里區,翡翠,,750,萬里區,中萬里加投,龜吼,342-5
萬里區,翡翠,,751,萬里區,中萬里加投,龜吼,342-3
萬里區,翡翠,,752,萬里區,中萬里加投,龜吼,342
萬里區,翡翠,,753,萬里區,中萬里加投,龜吼,342-4
萬里區,翡翠,,754,萬里區,中萬里加投,龜吼,345-6
萬里區,翡翠,,755,萬里區,中萬里加投,龜吼,167
萬里區,翡翠,,756,萬里區,中萬里加投,龜吼,169
萬里區,翡翠,,757,萬里區,中萬里加投,龜吼,345-1
萬里區,翡翠,,758,萬里區,中萬里加投,龜吼,172-8
萬里區,翡翠,,759,萬里區,中萬里加投,龜吼,345-3
萬里區,翡翠,,76,萬里區,中萬里加投,野柳,131-66
萬里區,翡翠,,760,萬里區,中萬里加投,龜吼,345-4
萬里區,翡翠,,761,萬里區,中萬里加投,龜吼,346
萬里區,翡翠,,762,萬里區,中萬里加投,龜吼,346-3
萬里區,翡翠,,763,萬里區,中萬里加投,龜吼,173-14
萬里區,翡翠,,764,萬里區,中萬里加投,龜吼,173-1
萬里區,翡翠,,765,萬里區,中萬里加投,龜吼,173-10
萬里區,翡翠,,766,萬里區,中萬里加投,龜吼,346-4
萬里區,翡翠,,767,萬里區,中萬里加投,龜吼,173-18
萬里區,翡翠,,768,萬里區,中萬里加投,龜吼,173-15
萬里區,翡翠,,769,萬里區,中萬里加投,龜吼,354-3
萬里區,翡翠,,77,萬里區,中萬里加投,野柳,146-10
萬里區,翡翠,,770,萬里區,中萬里加投,龜吼,177-13
萬里區,翡翠,,771,萬里區,中萬里加投,龜吼,177-28
萬里區,翡翠,,772,萬里區,中萬里加投,龜吼,177-26
萬里區,翡翠,,773,萬里區,中萬里加投,龜吼,177-1
萬里區,翡翠,,774,萬里區,中萬里加投,龜吼,177-27
萬里區,翡翠,,775,萬里區,中萬里加投,龜吼,177-5
萬里區,翡翠,,776,萬里區,中萬里加投,龜吼,177-6
萬里區,翡翠,,777,萬里區,中萬里加投,龜吼,177-8
萬里區,翡翠,,778,萬里區,中萬里加投,龜吼,354
萬里區,翡翠,,779,萬里區,中萬里加投,龜吼,173-17
萬里區,翡翠,,78,萬里區,中萬里加投,野柳,131-101
萬里區,翡翠,,780,萬里區,中萬里加投,龜吼,173-8
萬里區,翡翠,,781,萬里區,中萬里加投,龜吼,173-4
萬里區,翡翠,,782,萬里區,中萬里加投,龜吼,173-3
萬里區,翡翠,,783,萬里區,中萬里加投,龜吼,173-7
萬里區,翡翠,,784,萬里區,中萬里加投,龜吼,173
萬里區,翡翠,,785,萬里區,中萬里加投,龜吼,173-5
萬里區,翡翠,,786,萬里區,中萬里加投,龜吼,173-2
萬里區,翡翠,,787,萬里區,中萬里加投,龜吼,173-6
萬里區,翡翠,,788,萬里區,中萬里加投,龜吼,174
萬里區,翡翠,,789,萬里區,中萬里加投,龜吼,131-35
萬里區,翡翠,,79,萬里區,中萬里加投,野柳,146-1
萬里區,翡翠,,790,萬里區,中萬里加投,龜吼,131-1
萬里區,翡翠,,791,萬里區,中萬里加投,龜吼,131-7
萬里區,翡翠,,792,萬里區,中萬里加投,龜吼,131-6
萬里區,翡翠,,793,萬里區,中萬里加投,龜吼,131-17
萬里區,翡翠,,794,萬里區,中萬里加投,龜吼,131-5
萬里區,翡翠,,795,萬里區,中萬里加投,龜吼,131-37
萬里區,翡翠,,796,萬里區,中萬里加投,龜吼,131-4
萬里區,翡翠,,797,萬里區,中萬里加投,龜吼,132-10
萬里區,翡翠,,798,萬里區,中萬里加投,龜吼,132-9
萬里區,翡翠,,799,萬里區,中萬里加投,龜吼,132-8
萬里區,翡翠,,8,萬里區,中萬里加投,龜吼,1
萬里區,翡翠,,80,萬里區,中萬里加投,野柳,147-4
萬里區,翡翠,,800,萬里區,中萬里加投,龜吼,132-7
萬里區,翡翠,,801,萬里區,中萬里加投,龜吼,132-6
萬里區,翡翠,,802,萬里區,中萬里加投,龜吼,132
萬里區,翡翠,,803,萬里區,中萬里加投,龜吼,131-16
萬里區,翡翠,,804,萬里區,中萬里加投,龜吼,131-34
萬里區,翡翠,,805,萬里區,中萬里加投,龜吼,131-18
萬里區,翡翠,,806,萬里區,中萬里加投,龜吼,131-13
萬里區,翡翠,,807,萬里區,中萬里加投,龜吼,132-1
萬里區,翡翠,,808,萬里區,中萬里加投,龜吼,131
萬里區,翡翠,,809,萬里區,中萬里加投,龜吼,131-8
萬里區,翡翠,,81,萬里區,中萬里加投,野柳,131-1
萬里區,翡翠,,810,萬里區,中萬里加投,龜吼,109-26
萬里區,翡翠,,811,萬里區,中萬里加投,龜吼,109-12
萬里區,翡翠,,812,萬里區,中萬里加投,龜吼,131-2
萬里區,翡翠,,813,萬里區,中萬里加投,龜吼,322-8
萬里區,翡翠,,814,萬里區,中萬里加投,龜吼,109-21
萬里區,翡翠,,815,萬里區,中萬里加投,龜吼,132-2
萬里區,翡翠,,816,萬里區,中萬里加投,龜吼,133-5
萬里區,翡翠,,817,萬里區,中萬里加投,龜吼,133
萬里區,翡翠,,818,萬里區,中萬里加投,龜吼,172-6
萬里區,翡翠,,819,萬里區,中萬里加投,龜吼,133-17
萬里區,翡翠,,82,萬里區,中萬里加投,野柳,147
萬里區,翡翠,,820,萬里區,中萬里加投,龜吼,133-10
萬里區,翡翠,,821,萬里區,中萬里加投,龜吼,133-11
萬里區,翡翠,,822,萬里區,中萬里加投,龜吼,133-9
萬里區,翡翠,,823,萬里區,中萬里加投,龜吼,133-8
萬里區,翡翠,,824,萬里區,中萬里加投,龜吼,133-2
萬里區,翡翠,,825,萬里區,中萬里加投,龜吼,133-4
萬里區,翡翠,,826,萬里區,中萬里加投,龜吼,292-24
萬里區,翡翠,,827,萬里區,中萬里加投,龜吼,133-13
萬里區,翡翠,,828,萬里區,中萬里加投,龜吼,132-4
萬里區,翡翠,,829,萬里區,中萬里加投,龜吼,406-1
萬里區,翡翠,,83,萬里區,中萬里加投,野柳,131-25
萬里區,翡翠,,830,萬里區,中萬里加投,龜吼,292-18
萬里區,翡翠,,831,萬里區,中萬里加投,龜吼,406-2
萬里區,翡翠,,832,萬里區,中萬里加投,龜吼,132-5
萬里區,翡翠,,833,萬里區,中萬里加投,龜吼,292-28
萬里區,翡翠,,834,萬里區,中萬里加投,龜吼,133-16
萬里區,翡翠,,835,萬里區,中萬里加投,龜吼,133-1
萬里區,翡翠,,836,萬里區,中萬里加投,龜吼,292-22
萬里區,翡翠,,837,萬里區,中萬里加投,龜吼,406-4
萬里區,翡翠,,838,萬里區,中萬里加投,龜吼,292-23
萬里區,翡翠,,839,萬里區,中萬里加投,龜吼,292-29
萬里區,翡翠,,84,萬里區,中萬里加投,野柳,147-2
萬里區,翡翠,,840,萬里區,中萬里加投,龜吼,133-15
萬里區,翡翠,,841,萬里區,中萬里加投,龜吼,292-32
萬里區,翡翠,,842,萬里區,中萬里加投,龜吼,292-27
萬里區,翡翠,,843,萬里區,中萬里加投,龜吼,291-11
萬里區,翡翠,,844,萬里區,中萬里加投,龜吼,140
萬里區,翡翠,,845,萬里區,中萬里加投,龜吼,141
萬里區,翡翠,,846,萬里區,中萬里加投,龜吼,142
萬里區,翡翠,,847,萬里區,中萬里加投,龜吼,143
萬里區,翡翠,,848,萬里區,中萬里加投,龜吼,326-2
萬里區,翡翠,,849,萬里區,中萬里加投,龜吼,326-1
萬里區,翡翠,,85,萬里區,中萬里加投,野柳,146-2
萬里區,翡翠,,850,萬里區,中萬里加投,龜吼,326-9
萬里區,翡翠,,851,萬里區,中萬里加投,龜吼,148-8
萬里區,翡翠,,852,萬里區,中萬里加投,龜吼,326-7
萬里區,翡翠,,853,萬里區,中萬里加投,龜吼,148-1
萬里區,翡翠,,854,萬里區,中萬里加投,龜吼,148-3
萬里區,翡翠,,855,萬里區,中萬里加投,龜吼,148-4
萬里區,翡翠,,856,萬里區,中萬里加投,龜吼,148-10
萬里區,翡翠,,857,萬里區,中萬里加投,龜吼,148-7
萬里區,翡翠,,858,萬里區,中萬里加投,龜吼,148
萬里區,翡翠,,859,萬里區,中萬里加投,龜吼,147
萬里區,翡翠,,86,萬里區,中萬里加投,野柳,131-12
萬里區,翡翠,,860,萬里區,中萬里加投,龜吼,162-17
萬里區,翡翠,,861,萬里區,中萬里加投,龜吼,171
萬里區,翡翠,,862,萬里區,中萬里加投,龜吼,166
萬里區,翡翠,,863,萬里區,中萬里加投,龜吼,165
萬里區,翡翠,,864,萬里區,中萬里加投,龜吼,164
萬里區,翡翠,,865,萬里區,中萬里加投,龜吼,164-2
萬里區,翡翠,,866,萬里區,中萬里加投,龜吼,338
萬里區,翡翠,,867,萬里區,中萬里加投,龜吼,338-7
萬里區,翡翠,,868,萬里區,中萬里加投,龜吼,165-1
萬里區,翡翠,,869,萬里區,中萬里加投,龜吼,166-1
萬里區,翡翠,,87,萬里區,中萬里加投,野柳,131-67
萬里區,翡翠,,870,萬里區,中萬里加投,龜吼,166-2
萬里區,翡翠,,871,萬里區,中萬里加投,龜吼,338-8
萬里區,翡翠,,872,萬里區,中萬里加投,龜吼,163-1
萬里區,翡翠,,873,萬里區,中萬里加投,龜吼,338-4
萬里區,翡翠,,874,萬里區,中萬里加投,龜吼,163-2
萬里區,翡翠,,875,萬里區,中萬里加投,龜吼,338-5
萬里區,翡翠,,876,萬里區,中萬里加投,龜吼,162-14
萬里區,翡翠,,877,萬里區,中萬里加投,龜吼,162-16
萬里區,翡翠,,878,萬里區,中萬里加投,龜吼,162-5
萬里區,翡翠,,879,萬里區,中萬里加投,龜吼,162-13
萬里區,翡翠,,88,萬里區,中萬里加投,野柳,146-5
萬里區,翡翠,,880,萬里區,中萬里加投,龜吼,162-4
萬里區,翡翠,,881,萬里區,中萬里加投,龜吼,162-8
萬里區,翡翠,,882,萬里區,中萬里加投,龜吼,162-12
萬里區,翡翠,,89,萬里區,中萬里加投,野柳,146-9
萬里區,翡翠,,9,萬里區,中萬里加投,龜吼,82-4
萬里區,翡翠,,90,萬里區,中萬里加投,野柳,131-68
萬里區,翡翠,,91,萬里區,中萬里加投,野柳,146-4
萬里區,翡翠,,92,萬里區,中萬里加投,野柳,131-71
萬里區,翡翠,,93,萬里區,中萬里加投,野柳,131-55
萬里區,翡翠,,94,萬里區,中萬里加投,野柳,131-77
萬里區,翡翠,,95,萬里區,中萬里加投,野柳,131-72
萬里區,翡翠,,96,萬里區,中萬里加投,野柳,131-36
萬里區,翡翠,,97,萬里區,中萬里加投,野柳,131-73
萬里區,翡翠,,98,萬里區,中萬里加投,野柳,131-2
萬里區,翡翠,,99,萬里區,中萬里加投,野柳,131-53
萬里區,萬里,,1,萬里區,中萬里加投,龜吼,435
萬里區,萬里,,10,萬里區,中萬里加投,龜吼,110-14
萬里區,萬里,,100,萬里區,中萬里加投,龜吼,438-1
萬里區,萬里,,1000,萬里區,中萬里加投,瑪鍊港口,108-13
萬里區,萬里,,1001,萬里區,中萬里加投,瑪鍊港口,108
萬里區,萬里,,1002,萬里區,中萬里加投,瑪鍊港口,108-3
萬里區,萬里,,1003,萬里區,中萬里加投,瑪鍊港口,115-1
萬里區,萬里,,1004,萬里區,中萬里加投,瑪鍊港口,108-10
萬里區,萬里,,1005,萬里區,中萬里加投,瑪鍊港口,109-2
萬里區,萬里,,1006,萬里區,中萬里加投,瑪鍊港口,108-15
萬里區,萬里,,1007,萬里區,中萬里加投,瑪鍊港口,108-14
萬里區,萬里,,1008,萬里區,中萬里加投,瑪鍊港口,108-8
萬里區,萬里,,1009,萬里區,中萬里加投,瑪鍊港口,108-7
萬里區,萬里,,101,萬里區,中萬里加投,龜吼,178-3
萬里區,萬里,,1011,萬里區,中萬里加投,瑪鍊港口,109
萬里區,萬里,,1012,萬里區,中萬里加投,瑪鍊港口,109-4
萬里區,萬里,,1013,萬里區,中萬里加投,瑪鍊港口,109-3
萬里區,萬里,,1014,萬里區,中萬里加投,瑪鍊港口,109-1
萬里區,萬里,,1015,萬里區,中萬里加投,瑪鍊港口,125
萬里區,萬里,,1016,萬里區,中萬里加投,瑪鍊港口,126
萬里區,萬里,,1017,萬里區,中萬里加投,瑪鍊港口,126-1
萬里區,萬里,,1018,萬里區,中萬里加投,瑪鍊港口,124
萬里區,萬里,,1019,萬里區,中萬里加投,瑪鍊港口,123-1
萬里區,萬里,,102,萬里區,中萬里加投,龜吼,179-1
萬里區,萬里,,1020,萬里區,中萬里加投,瑪鍊港口,127
萬里區,萬里,,1021,萬里區,中萬里加投,瑪鍊港口,127-1
萬里區,萬里,,1022,萬里區,中萬里加投,瑪鍊港口,128
萬里區,萬里,,1023,萬里區,中萬里加投,瑪鍊港口,129
萬里區,萬里,,1024,萬里區,中萬里加投,瑪鍊港口,122
萬里區,萬里,,1025,萬里區,中萬里加投,瑪鍊港口,132
萬里區,萬里,,1026,萬里區,中萬里加投,瑪鍊港口,133
萬里區,萬里,,1027,萬里區,中萬里加投,瑪鍊港口,130
萬里區,萬里,,1028,萬里區,中萬里加投,瑪鍊港口,134-8
萬里區,萬里,,1029,萬里區,中萬里加投,瑪鍊港口,134-1
萬里區,萬里,,103,萬里區,中萬里加投,龜吼,178-10
萬里區,萬里,,1030,萬里區,中萬里加投,瑪鍊港口,123-2
萬里區,萬里,,1031,萬里區,中萬里加投,瑪鍊港口,134
萬里區,萬里,,1033,萬里區,中萬里加投,瑪鍊港口,134-5
萬里區,萬里,,1034,萬里區,中萬里加投,瑪鍊港口,134-6
萬里區,萬里,,1035,萬里區,中萬里加投,瑪鍊港口,134-7
萬里區,萬里,,1036,萬里區,中萬里加投,瑪鍊港口,136-2
萬里區,萬里,,1037,萬里區,中萬里加投,瑪鍊港口,136
萬里區,萬里,,1038,萬里區,中萬里加投,瑪鍊港口,136-1
萬里區,萬里,,1039,萬里區,中萬里加投,瑪鍊港口,123-4
萬里區,萬里,,104,萬里區,中萬里加投,龜吼,179-2
萬里區,萬里,,1040,萬里區,中萬里加投,瑪鍊港口,123-3
萬里區,萬里,,1041,萬里區,中萬里加投,瑪鍊港口,99-17
萬里區,萬里,,1042,萬里區,中萬里加投,瑪鍊港口,99-18
萬里區,萬里,,1043,萬里區,中萬里加投,瑪鍊港口,99-19
萬里區,萬里,,1044,萬里區,中萬里加投,瑪鍊港口,99-20
萬里區,萬里,,1045,萬里區,中萬里加投,瑪鍊港口,99-21
萬里區,萬里,,1046,萬里區,中萬里加投,瑪鍊港口,99-22
萬里區,萬里,,1047,萬里區,中萬里加投,瑪鍊港口,99-23
萬里區,萬里,,1048,萬里區,中萬里加投,瑪鍊港口,99-2
萬里區,萬里,,1049,萬里區,中萬里加投,瑪鍊港口,99
萬里區,萬里,,105,萬里區,中萬里加投,龜吼,178-2
萬里區,萬里,,1050,萬里區,中萬里加投,瑪鍊港口,99-1
萬里區,萬里,,1051,萬里區,中萬里加投,瑪鍊港口,99-14
萬里區,萬里,,1052,萬里區,中萬里加投,瑪鍊港口,98
萬里區,萬里,,1053,萬里區,中萬里加投,瑪鍊港口,98-4
萬里區,萬里,,1054,萬里區,中萬里加投,瑪鍊港口,98-2
萬里區,萬里,,1055,萬里區,中萬里加投,瑪鍊港口,98-5
萬里區,萬里,,1056,萬里區,中萬里加投,瑪鍊港口,98-3
萬里區,萬里,,1057,萬里區,中萬里加投,瑪鍊港口,97-1
萬里區,萬里,,1058,萬里區,中萬里加投,瑪鍊港口,97-11
萬里區,萬里,,1059,萬里區,中萬里加投,瑪鍊港口,98-6
萬里區,萬里,,106,萬里區,中萬里加投,龜吼,178-5
萬里區,萬里,,1060,萬里區,中萬里加投,瑪鍊港口,98-1
萬里區,萬里,,1061,萬里區,中萬里加投,瑪鍊港口,10-19
萬里區,萬里,,1062,萬里區,中萬里加投,瑪鍊港口,137-108
萬里區,萬里,,1063,萬里區,中萬里加投,瑪鍊港口,137-106
萬里區,萬里,,1064,萬里區,中萬里加投,瑪鍊港口,137-105
萬里區,萬里,,1065,萬里區,中萬里加投,瑪鍊港口,97-8
萬里區,萬里,,1066,萬里區,中萬里加投,瑪鍊港口,97-2
萬里區,萬里,,1067,萬里區,中萬里加投,瑪鍊港口,97-7
萬里區,萬里,,1068,萬里區,中萬里加投,瑪鍊港口,97-6
萬里區,萬里,,1069,萬里區,中萬里加投,瑪鍊港口,75-1
萬里區,萬里,,107,萬里區,中萬里加投,龜吼,179
萬里區,萬里,,1070,萬里區,中萬里加投,瑪鍊港口,74-1
萬里區,萬里,,1071,萬里區,中萬里加投,瑪鍊港口,75-15
萬里區,萬里,,1072,萬里區,中萬里加投,瑪鍊港口,74-2
萬里區,萬里,,1073,萬里區,中萬里加投,瑪鍊港口,75-3
萬里區,萬里,,1074,萬里區,中萬里加投,瑪鍊港口,75-2
萬里區,萬里,,1075,萬里區,中萬里加投,瑪鍊港口,75-5
萬里區,萬里,,1076,萬里區,中萬里加投,瑪鍊港口,75
萬里區,萬里,,1077,萬里區,中萬里加投,瑪鍊港口,74-4
萬里區,萬里,,1078,萬里區,中萬里加投,瑪鍊港口,74-5
萬里區,萬里,,1079,萬里區,中萬里加投,瑪鍊港口,75-7
萬里區,萬里,,108,萬里區,中萬里加投,龜吼,438
萬里區,萬里,,1080,萬里區,中萬里加投,瑪鍊港口,74-7
萬里區,萬里,,1081,萬里區,中萬里加投,瑪鍊港口,76
萬里區,萬里,,1082,萬里區,中萬里加投,瑪鍊港口,73-11
萬里區,萬里,,1083,萬里區,中萬里加投,瑪鍊港口,78-2
萬里區,萬里,,1084,萬里區,中萬里加投,瑪鍊港口,73-13
萬里區,萬里,,1085,萬里區,中萬里加投,瑪鍊港口,77
萬里區,萬里,,1086,萬里區,中萬里加投,瑪鍊港口,73-1
萬里區,萬里,,1087,萬里區,中萬里加投,瑪鍊港口,79
萬里區,萬里,,1088,萬里區,中萬里加投,瑪鍊港口,78
萬里區,萬里,,1089,萬里區,中萬里加投,瑪鍊港口,78-1
萬里區,萬里,,109,萬里區,中萬里加投,龜吼,187-133
萬里區,萬里,,1090,萬里區,中萬里加投,瑪鍊港口,83-1
萬里區,萬里,,1091,萬里區,中萬里加投,瑪鍊港口,83
萬里區,萬里,,1092,萬里區,中萬里加投,瑪鍊港口,80
萬里區,萬里,,1093,萬里區,中萬里加投,瑪鍊港口,81
萬里區,萬里,,1094,萬里區,中萬里加投,瑪鍊港口,82
萬里區,萬里,,1095,萬里區,中萬里加投,瑪鍊港口,82-1
萬里區,萬里,,1096,萬里區,中萬里加投,瑪鍊港口,84-1
萬里區,萬里,,1097,萬里區,中萬里加投,瑪鍊港口,84
萬里區,萬里,,1098,萬里區,中萬里加投,瑪鍊港口,85-2
萬里區,萬里,,1099,萬里區,中萬里加投,瑪鍊港口,85
萬里區,萬里,,11,萬里區,中萬里加投,龜吼,110-28
萬里區,萬里,,110,萬里區,中萬里加投,龜吼,187-1
萬里區,萬里,,1100,萬里區,中萬里加投,瑪鍊港口,86-2
萬里區,萬里,,1101,萬里區,中萬里加投,瑪鍊港口,86-1
萬里區,萬里,,1102,萬里區,中萬里加投,瑪鍊港口,86
萬里區,萬里,,1103,萬里區,中萬里加投,瑪鍊港口,87
萬里區,萬里,,1104,萬里區,中萬里加投,瑪鍊港口,68-5
萬里區,萬里,,1105,萬里區,中萬里加投,瑪鍊港口,68-1
萬里區,萬里,,1106,萬里區,中萬里加投,瑪鍊港口,68-3
萬里區,萬里,,1107,萬里區,中萬里加投,瑪鍊港口,61
萬里區,萬里,,1108,萬里區,中萬里加投,瑪鍊港口,59
萬里區,萬里,,1109,萬里區,中萬里加投,瑪鍊港口,58-1
萬里區,萬里,,111,萬里區,中萬里加投,龜吼,187-134
萬里區,萬里,,1110,萬里區,中萬里加投,瑪鍊港口,59-1
萬里區,萬里,,1111,萬里區,中萬里加投,瑪鍊港口,60-1
萬里區,萬里,,1112,萬里區,中萬里加投,瑪鍊港口,60
萬里區,萬里,,1113,萬里區,中萬里加投,瑪鍊港口,89
萬里區,萬里,,1114,萬里區,中萬里加投,瑪鍊港口,88
萬里區,萬里,,1115,萬里區,中萬里加投,瑪鍊港口,92-7
萬里區,萬里,,1116,萬里區,中萬里加投,瑪鍊港口,43-52
萬里區,萬里,,1117,萬里區,中萬里加投,瑪鍊港口,43-105
萬里區,萬里,,1118,萬里區,中萬里加投,瑪鍊港口,55-1
萬里區,萬里,,1119,萬里區,中萬里加投,瑪鍊港口,43-51
萬里區,萬里,,112,萬里區,中萬里加投,龜吼,187-61
萬里區,萬里,,1120,萬里區,中萬里加投,瑪鍊港口,55-5
萬里區,萬里,,1121,萬里區,中萬里加投,瑪鍊港口,43-50
萬里區,萬里,,1122,萬里區,中萬里加投,瑪鍊港口,55-4
萬里區,萬里,,1123,萬里區,中萬里加投,瑪鍊港口,55-3
萬里區,萬里,,1124,萬里區,中萬里加投,瑪鍊港口,55-18
萬里區,萬里,,1125,萬里區,中萬里加投,瑪鍊港口,139-65
萬里區,萬里,,1126,萬里區,中萬里加投,瑪鍊港口,139-43
萬里區,萬里,,1127,萬里區,中萬里加投,瑪鍊港口,139-42
萬里區,萬里,,1128,萬里區,中萬里加投,瑪鍊港口,139-41
萬里區,萬里,,1129,萬里區,中萬里加投,瑪鍊港口,139-40
萬里區,萬里,,113,萬里區,中萬里加投,龜吼,187-62
萬里區,萬里,,1130,萬里區,中萬里加投,瑪鍊港口,55-17
萬里區,萬里,,1131,萬里區,中萬里加投,瑪鍊港口,139-32
萬里區,萬里,,1132,萬里區,中萬里加投,瑪鍊港口,55-16
萬里區,萬里,,1133,萬里區,中萬里加投,瑪鍊港口,55-15
萬里區,萬里,,1134,萬里區,中萬里加投,瑪鍊港口,139-30
萬里區,萬里,,1135,萬里區,中萬里加投,瑪鍊港口,55-14
萬里區,萬里,,1136,萬里區,中萬里加投,瑪鍊港口,55-13
萬里區,萬里,,1137,萬里區,中萬里加投,瑪鍊港口,139
萬里區,萬里,,1138,萬里區,中萬里加投,瑪鍊港口,139-84
萬里區,萬里,,1139,萬里區,中萬里加投,瑪鍊港口,139-1
萬里區,萬里,,114,萬里區,中萬里加投,龜吼,187-60
萬里區,萬里,,1140,萬里區,中萬里加投,瑪鍊港口,55-12
萬里區,萬里,,1141,萬里區,中萬里加投,瑪鍊港口,55
萬里區,萬里,,1143,萬里區,中萬里加投,瑪鍊港口,55-7
萬里區,萬里,,1144,萬里區,中萬里加投,瑪鍊港口,55-2
萬里區,萬里,,1145,萬里區,中萬里加投,瑪鍊港口,55-11
萬里區,萬里,,1146,萬里區,中萬里加投,瑪鍊港口,139-82
萬里區,萬里,,1147,萬里區,中萬里加投,瑪鍊港口,139-83
萬里區,萬里,,1148,萬里區,中萬里加投,瑪鍊港口,55-6
萬里區,萬里,,1149,萬里區,中萬里加投,瑪鍊港口,55-10
萬里區,萬里,,115,萬里區,中萬里加投,龜吼,187-59
萬里區,萬里,,1150,萬里區,中萬里加投,瑪鍊港口,55-8
萬里區,萬里,,1151,萬里區,中萬里加投,瑪鍊港口,55-9
萬里區,萬里,,1152,萬里區,中萬里加投,瑪鍊港口,90-2
萬里區,萬里,,1153,萬里區,中萬里加投,瑪鍊港口,90-6
萬里區,萬里,,1154,萬里區,中萬里加投,瑪鍊港口,90-3
萬里區,萬里,,1155,萬里區,中萬里加投,瑪鍊港口,91-6
萬里區,萬里,,1156,萬里區,中萬里加投,瑪鍊港口,91-5
萬里區,萬里,,1157,萬里區,中萬里加投,瑪鍊港口,137-4
萬里區,萬里,,1158,萬里區,中萬里加投,瑪鍊港口,90-4
萬里區,萬里,,1159,萬里區,中萬里加投,瑪鍊港口,90-5
萬里區,萬里,,116,萬里區,中萬里加投,龜吼,187-58
萬里區,萬里,,1160,萬里區,中萬里加投,瑪鍊港口,90-1
萬里區,萬里,,1161,萬里區,中萬里加投,瑪鍊港口,91
萬里區,萬里,,1162,萬里區,中萬里加投,瑪鍊港口,91-3
萬里區,萬里,,1163,萬里區,中萬里加投,瑪鍊港口,91-1
萬里區,萬里,,1164,萬里區,中萬里加投,瑪鍊港口,137-78
萬里區,萬里,,1165,萬里區,中萬里加投,瑪鍊港口,91-8
萬里區,萬里,,1166,萬里區,中萬里加投,瑪鍊港口,90-7
萬里區,萬里,,1167,萬里區,中萬里加投,瑪鍊港口,91-4
萬里區,萬里,,1168,萬里區,中萬里加投,瑪鍊港口,91-7
萬里區,萬里,,1169,萬里區,中萬里加投,瑪鍊港口,91-2
萬里區,萬里,,117,萬里區,中萬里加投,龜吼,187-57
萬里區,萬里,,1170,萬里區,中萬里加投,瑪鍊港口,92-2
萬里區,萬里,,1171,萬里區,中萬里加投,瑪鍊港口,92-9
萬里區,萬里,,1172,萬里區,中萬里加投,瑪鍊港口,10-27
萬里區,萬里,,1173,萬里區,中萬里加投,瑪鍊港口,92-8
萬里區,萬里,,1174,萬里區,中萬里加投,瑪鍊港口,92-1
萬里區,萬里,,1175,萬里區,中萬里加投,瑪鍊港口,93
萬里區,萬里,,1176,萬里區,中萬里加投,瑪鍊港口,93-1
萬里區,萬里,,1177,萬里區,中萬里加投,瑪鍊港口,92-6
萬里區,萬里,,1178,萬里區,中萬里加投,瑪鍊港口,94-5
萬里區,萬里,,1179,萬里區,中萬里加投,瑪鍊港口,94-4
萬里區,萬里,,118,萬里區,中萬里加投,龜吼,187-56
萬里區,萬里,,1180,萬里區,中萬里加投,瑪鍊港口,94-12
萬里區,萬里,,1181,萬里區,中萬里加投,瑪鍊港口,10-26
萬里區,萬里,,1182,萬里區,中萬里加投,瑪鍊港口,94-11
萬里區,萬里,,1183,萬里區,中萬里加投,瑪鍊港口,10-25
萬里區,萬里,,1184,萬里區,中萬里加投,瑪鍊港口,95
萬里區,萬里,,1185,萬里區,中萬里加投,瑪鍊港口,94-3
萬里區,萬里,,1186,萬里區,中萬里加投,瑪鍊港口,94-9
萬里區,萬里,,1187,萬里區,中萬里加投,瑪鍊港口,94
萬里區,萬里,,1188,萬里區,中萬里加投,瑪鍊港口,94-10
萬里區,萬里,,1189,萬里區,中萬里加投,瑪鍊港口,94-1
萬里區,萬里,,119,萬里區,中萬里加投,龜吼,187-55
萬里區,萬里,,1190,萬里區,中萬里加投,瑪鍊港口,94-8
萬里區,萬里,,1191,萬里區,中萬里加投,瑪鍊港口,94-2
萬里區,萬里,,1192,萬里區,中萬里加投,瑪鍊港口,92-5
萬里區,萬里,,1193,萬里區,中萬里加投,瑪鍊港口,96
萬里區,萬里,,1194,萬里區,中萬里加投,瑪鍊港口,95-5
萬里區,萬里,,1195,萬里區,中萬里加投,瑪鍊港口,95-3
萬里區,萬里,,1196,萬里區,中萬里加投,瑪鍊港口,95-4
萬里區,萬里,,1197,萬里區,中萬里加投,瑪鍊港口,95-2
萬里區,萬里,,1198,萬里區,中萬里加投,瑪鍊港口,95-1
萬里區,萬里,,1199,萬里區,中萬里加投,瑪鍊港口,97
萬里區,萬里,,12,萬里區,中萬里加投,龜吼,110-36
萬里區,萬里,,120,萬里區,中萬里加投,龜吼,187-135
萬里區,萬里,,1200,萬里區,中萬里加投,瑪鍊港口,97-10
萬里區,萬里,,1201,萬里區,中萬里加投,瑪鍊港口,97-9
萬里區,萬里,,1202,萬里區,中萬里加投,瑪鍊港口,137-3
萬里區,萬里,,1203,萬里區,中萬里加投,瑪鍊港口,137-2
萬里區,萬里,,1204,萬里區,中萬里加投,瑪鍊港口,137-32
萬里區,萬里,,1205,萬里區,中萬里加投,瑪鍊港口,137-30
萬里區,萬里,,1206,萬里區,中萬里加投,瑪鍊港口,137-29
萬里區,萬里,,1207,萬里區,中萬里加投,瑪鍊港口,137-28
萬里區,萬里,,1208,萬里區,中萬里加投,瑪鍊港口,137-6
萬里區,萬里,,1209,萬里區,中萬里加投,瑪鍊港口,137-113
萬里區,萬里,,121,萬里區,中萬里加投,龜吼,187-54
萬里區,萬里,,1210,萬里區,中萬里加投,瑪鍊港口,137-27
萬里區,萬里,,1211,萬里區,中萬里加投,瑪鍊港口,137-25
萬里區,萬里,,1212,萬里區,中萬里加投,瑪鍊港口,137
萬里區,萬里,,1213,萬里區,中萬里加投,瑪鍊港口,137-24
萬里區,萬里,,1214,萬里區,中萬里加投,瑪鍊港口,137-23
萬里區,萬里,,1215,萬里區,中萬里加投,瑪鍊港口,137-22
萬里區,萬里,,1216,萬里區,中萬里加投,瑪鍊港口,137-60
萬里區,萬里,,1217,萬里區,中萬里加投,瑪鍊港口,137-116
萬里區,萬里,,1218,萬里區,中萬里加投,瑪鍊港口,188-14
萬里區,萬里,,1219,萬里區,中萬里加投,瑪鍊港口,188-13
萬里區,萬里,,122,萬里區,中萬里加投,龜吼,187-53
萬里區,萬里,,1220,萬里區,中萬里加投,瑪鍊港口,137-66
萬里區,萬里,,1221,萬里區,中萬里加投,瑪鍊港口,137-112
萬里區,萬里,,1222,萬里區,中萬里加投,瑪鍊港口,137-115
萬里區,萬里,,1223,萬里區,中萬里加投,瑪鍊港口,137-114
萬里區,萬里,,1224,萬里區,中萬里加投,瑪鍊港口,137-21
萬里區,萬里,,1225,萬里區,中萬里加投,瑪鍊港口,137-99
萬里區,萬里,,1226,萬里區,中萬里加投,瑪鍊港口,137-98
萬里區,萬里,,1227,萬里區,中萬里加投,瑪鍊港口,137-5
萬里區,萬里,,1228,萬里區,中萬里加投,瑪鍊港口,137-86
萬里區,萬里,,1229,萬里區,中萬里加投,瑪鍊港口,137-10
萬里區,萬里,,123,萬里區,中萬里加投,龜吼,439
萬里區,萬里,,1230,萬里區,中萬里加投,瑪鍊港口,137-42
萬里區,萬里,,1231,萬里區,中萬里加投,瑪鍊港口,137-85
萬里區,萬里,,1232,萬里區,中萬里加投,瑪鍊港口,137-11
萬里區,萬里,,1233,萬里區,中萬里加投,瑪鍊港口,137-12
萬里區,萬里,,1234,萬里區,中萬里加投,瑪鍊港口,137-88
萬里區,萬里,,1235,萬里區,中萬里加投,瑪鍊港口,137-89
萬里區,萬里,,1236,萬里區,中萬里加投,瑪鍊港口,137-90
萬里區,萬里,,1237,萬里區,中萬里加投,瑪鍊港口,137-13
萬里區,萬里,,1238,萬里區,中萬里加投,瑪鍊港口,137-14
萬里區,萬里,,1239,萬里區,中萬里加投,瑪鍊港口,137-91
萬里區,萬里,,124,萬里區,中萬里加投,龜吼,187-52
萬里區,萬里,,1240,萬里區,中萬里加投,瑪鍊港口,137-92
萬里區,萬里,,1241,萬里區,中萬里加投,瑪鍊港口,137-15
萬里區,萬里,,1242,萬里區,中萬里加投,瑪鍊港口,137-93
萬里區,萬里,,1243,萬里區,中萬里加投,瑪鍊港口,137-16
萬里區,萬里,,1244,萬里區,中萬里加投,瑪鍊港口,137-94
萬里區,萬里,,1245,萬里區,中萬里加投,瑪鍊港口,137-95
萬里區,萬里,,1246,萬里區,中萬里加投,瑪鍊港口,137-96
萬里區,萬里,,1247,萬里區,中萬里加投,瑪鍊港口,137-17
萬里區,萬里,,1248,萬里區,中萬里加投,瑪鍊港口,137-97
萬里區,萬里,,1249,萬里區,中萬里加投,瑪鍊港口,137-73
萬里區,萬里,,125,萬里區,中萬里加投,龜吼,187-51
萬里區,萬里,,1250,萬里區,中萬里加投,瑪鍊港口,137-74
萬里區,萬里,,1251,萬里區,中萬里加投,瑪鍊港口,137-18
萬里區,萬里,,1252,萬里區,中萬里加投,瑪鍊港口,139-113
萬里區,萬里,,1253,萬里區,中萬里加投,瑪鍊港口,139-110
萬里區,萬里,,1254,萬里區,中萬里加投,瑪鍊港口,139-119
萬里區,萬里,,1255,萬里區,中萬里加投,瑪鍊港口,139-6
萬里區,萬里,,1256,萬里區,中萬里加投,瑪鍊港口,137-83
萬里區,萬里,,1257,萬里區,中萬里加投,瑪鍊港口,137-82
萬里區,萬里,,1258,萬里區,中萬里加投,瑪鍊港口,137-81
萬里區,萬里,,1259,萬里區,中萬里加投,瑪鍊港口,139-114
萬里區,萬里,,126,萬里區,中萬里加投,龜吼,187-50
萬里區,萬里,,1260,萬里區,中萬里加投,瑪鍊港口,139-79
萬里區,萬里,,1261,萬里區,中萬里加投,瑪鍊港口,139-78
萬里區,萬里,,1262,萬里區,中萬里加投,瑪鍊港口,139-7
萬里區,萬里,,1263,萬里區,中萬里加投,瑪鍊港口,139-8
萬里區,萬里,,1264,萬里區,中萬里加投,瑪鍊港口,139-76
萬里區,萬里,,1265,萬里區,中萬里加投,瑪鍊港口,139-9
萬里區,萬里,,1266,萬里區,中萬里加投,瑪鍊港口,139-10
萬里區,萬里,,1267,萬里區,中萬里加投,瑪鍊港口,139-87
萬里區,萬里,,1268,萬里區,中萬里加投,瑪鍊港口,139-88
萬里區,萬里,,1269,萬里區,中萬里加投,瑪鍊港口,139-11
萬里區,萬里,,127,萬里區,中萬里加投,龜吼,187-49
萬里區,萬里,,1270,萬里區,中萬里加投,瑪鍊港口,139-12
萬里區,萬里,,1271,萬里區,中萬里加投,瑪鍊港口,139-13
萬里區,萬里,,1272,萬里區,中萬里加投,瑪鍊港口,139-2
萬里區,萬里,,1273,萬里區,中萬里加投,瑪鍊港口,139-44
萬里區,萬里,,1274,萬里區,中萬里加投,瑪鍊港口,139-45
萬里區,萬里,,1275,萬里區,中萬里加投,瑪鍊港口,139-103
萬里區,萬里,,1276,萬里區,中萬里加投,瑪鍊港口,139-14
萬里區,萬里,,1277,萬里區,中萬里加投,瑪鍊港口,139-15
萬里區,萬里,,1278,萬里區,中萬里加投,瑪鍊港口,139-16
萬里區,萬里,,1279,萬里區,中萬里加投,瑪鍊港口,139-67
萬里區,萬里,,128,萬里區,中萬里加投,龜吼,187-48
萬里區,萬里,,1280,萬里區,中萬里加投,瑪鍊港口,139-17
萬里區,萬里,,1281,萬里區,中萬里加投,瑪鍊港口,139-18
萬里區,萬里,,1282,萬里區,中萬里加投,瑪鍊港口,139-72
萬里區,萬里,,1283,萬里區,中萬里加投,瑪鍊港口,139-19
萬里區,萬里,,1284,萬里區,中萬里加投,瑪鍊港口,139-20
萬里區,萬里,,1285,萬里區,中萬里加投,瑪鍊港口,139-21
萬里區,萬里,,1286,萬里區,中萬里加投,瑪鍊港口,139-121
萬里區,萬里,,1287,萬里區,中萬里加投,瑪鍊港口,139-22
萬里區,萬里,,1288,萬里區,中萬里加投,瑪鍊港口,139-122
萬里區,萬里,,1289,萬里區,中萬里加投,瑪鍊港口,139-117
萬里區,萬里,,129,萬里區,中萬里加投,龜吼,187-47
萬里區,萬里,,1290,萬里區,中萬里加投,瑪鍊港口,139-23
萬里區,萬里,,1291,萬里區,中萬里加投,瑪鍊港口,139-24
萬里區,萬里,,1292,萬里區,中萬里加投,瑪鍊港口,139-118
萬里區,萬里,,1293,萬里區,中萬里加投,瑪鍊港口,139-123
萬里區,萬里,,1294,萬里區,中萬里加投,瑪鍊港口,139-26
萬里區,萬里,,1295,萬里區,中萬里加投,瑪鍊港口,139-27
萬里區,萬里,,1296,萬里區,中萬里加投,瑪鍊港口,139-28
萬里區,萬里,,1297,萬里區,中萬里加投,瑪鍊港口,139-126
萬里區,萬里,,1298,萬里區,中萬里加投,瑪鍊港口,139-49
萬里區,萬里,,1299,萬里區,中萬里加投,瑪鍊港口,139-29
萬里區,萬里,,130,萬里區,中萬里加投,龜吼,187-44
萬里區,萬里,,1300,萬里區,中萬里加投,瑪鍊港口,139-85
萬里區,萬里,,1301,萬里區,中萬里加投,瑪鍊港口,139-86
萬里區,萬里,,1302,萬里區,中萬里加投,瑪鍊港口,139-89
萬里區,萬里,,1303,萬里區,中萬里加投,瑪鍊港口,139-90
萬里區,萬里,,1304,萬里區,中萬里加投,瑪鍊港口,139-50
萬里區,萬里,,1305,萬里區,中萬里加投,瑪鍊港口,139-51
萬里區,萬里,,1306,萬里區,中萬里加投,瑪鍊港口,139-91
萬里區,萬里,,1307,萬里區,中萬里加投,瑪鍊港口,139-92
萬里區,萬里,,1308,萬里區,中萬里加投,瑪鍊港口,139-52
萬里區,萬里,,1309,萬里區,中萬里加投,瑪鍊港口,139-53
萬里區,萬里,,131,萬里區,中萬里加投,龜吼,187-43
萬里區,萬里,,1310,萬里區,中萬里加投,瑪鍊港口,139-93
萬里區,萬里,,1311,萬里區,中萬里加投,瑪鍊港口,139-94
萬里區,萬里,,1312,萬里區,中萬里加投,瑪鍊港口,139-54
萬里區,萬里,,1313,萬里區,中萬里加投,瑪鍊港口,139-55
萬里區,萬里,,1314,萬里區,中萬里加投,瑪鍊港口,139-95
萬里區,萬里,,1315,萬里區,中萬里加投,瑪鍊港口,139-96
萬里區,萬里,,1316,萬里區,中萬里加投,瑪鍊港口,139-56
萬里區,萬里,,1317,萬里區,中萬里加投,瑪鍊港口,139-57
萬里區,萬里,,1318,萬里區,中萬里加投,瑪鍊港口,139-97
萬里區,萬里,,132,萬里區,中萬里加投,龜吼,187-42
萬里區,萬里,,1320,萬里區,中萬里加投,瑪鍊港口,139-59
萬里區,萬里,,1321,萬里區,中萬里加投,瑪鍊港口,139-60
萬里區,萬里,,1322,萬里區,中萬里加投,瑪鍊港口,139-99
萬里區,萬里,,1323,萬里區,中萬里加投,瑪鍊港口,139-100
萬里區,萬里,,1324,萬里區,中萬里加投,瑪鍊港口,139-61
萬里區,萬里,,1325,萬里區,中萬里加投,瑪鍊港口,139-62
萬里區,萬里,,1326,萬里區,中萬里加投,瑪鍊港口,139-116
萬里區,萬里,,1328,萬里區,中萬里加投,瑪鍊港口,139-63
萬里區,萬里,,1329,萬里區,中萬里加投,瑪鍊港口,139-101
萬里區,萬里,,133,萬里區,中萬里加投,龜吼,187-45
萬里區,萬里,,1330,萬里區,中萬里加投,瑪鍊港口,148-6
萬里區,萬里,,1331,萬里區,中萬里加投,瑪鍊港口,139-69
萬里區,萬里,,1332,萬里區,中萬里加投,瑪鍊港口,139-105
萬里區,萬里,,1333,萬里區,中萬里加投,瑪鍊港口,139-104
萬里區,萬里,,1334,萬里區,中萬里加投,瑪鍊港口,139-73
萬里區,萬里,,1335,萬里區,中萬里加投,瑪鍊港口,139-74
萬里區,萬里,,1336,萬里區,中萬里加投,瑪鍊港口,139-4
萬里區,萬里,,1337,萬里區,中萬里加投,瑪鍊港口,139-108
萬里區,萬里,,1338,萬里區,中萬里加投,瑪鍊港口,139-109
萬里區,萬里,,1339,萬里區,中萬里加投,瑪鍊港口,139-71
萬里區,萬里,,134,萬里區,中萬里加投,龜吼,187-46
萬里區,萬里,,1340,萬里區,中萬里加投,瑪鍊港口,139-3
萬里區,萬里,,1341,萬里區,中萬里加投,瑪鍊港口,139-111
萬里區,萬里,,1342,萬里區,中萬里加投,瑪鍊港口,139-75
萬里區,萬里,,1343,萬里區,中萬里加投,瑪鍊港口,139-68
萬里區,萬里,,1344,萬里區,中萬里加投,瑪鍊港口,139-102
萬里區,萬里,,1345,萬里區,中萬里加投,瑪鍊港口,139-66
萬里區,萬里,,1346,萬里區,中萬里加投,瑪鍊港口,139-81
萬里區,萬里,,1347,萬里區,中萬里加投,瑪鍊港口,139-80
萬里區,萬里,,1348,萬里區,中萬里加投,瑪鍊港口,139-112
萬里區,萬里,,1349,萬里區,中萬里加投,瑪鍊港口,139-47
萬里區,萬里,,135,萬里區,中萬里加投,龜吼,187-82
萬里區,萬里,,1350,萬里區,中萬里加投,瑪鍊港口,139-46
萬里區,萬里,,1351,萬里區,中萬里加投,瑪鍊港口,139-115
萬里區,萬里,,1352,萬里區,中萬里加投,瑪鍊港口,148-16
萬里區,萬里,,1353,萬里區,中萬里加投,瑪鍊港口,148-11
萬里區,萬里,,1354,萬里區,中萬里加投,瑪鍊港口,139-70
萬里區,萬里,,1355,萬里區,中萬里加投,瑪鍊港口,148-3
萬里區,萬里,,1356,萬里區,中萬里加投,瑪鍊港口,148-10
萬里區,萬里,,1357,萬里區,中萬里加投,瑪鍊港口,137-76
萬里區,萬里,,1358,萬里區,中萬里加投,瑪鍊港口,137-20
萬里區,萬里,,1359,萬里區,中萬里加投,瑪鍊港口,139-120
萬里區,萬里,,136,萬里區,中萬里加投,龜吼,187-81
萬里區,萬里,,1360,萬里區,中萬里加投,瑪鍊港口,139-5
萬里區,萬里,,1361,萬里區,中萬里加投,瑪鍊港口,139-77
萬里區,萬里,,1362,萬里區,中萬里加投,瑪鍊港口,137-1
萬里區,萬里,,1363,萬里區,中萬里加投,瑪鍊港口,137-80
萬里區,萬里,,1364,萬里區,中萬里加投,瑪鍊港口,137-51
萬里區,萬里,,1365,萬里區,中萬里加投,瑪鍊港口,137-71
萬里區,萬里,,1366,萬里區,中萬里加投,瑪鍊港口,137-70
萬里區,萬里,,1367,萬里區,中萬里加投,瑪鍊港口,137-57
萬里區,萬里,,1368,萬里區,中萬里加投,瑪鍊港口,137-50
萬里區,萬里,,1369,萬里區,中萬里加投,瑪鍊港口,137-49
萬里區,萬里,,137,萬里區,中萬里加投,龜吼,187-79
萬里區,萬里,,1370,萬里區,中萬里加投,瑪鍊港口,137-56
萬里區,萬里,,1371,萬里區,中萬里加投,瑪鍊港口,137-69
萬里區,萬里,,1372,萬里區,中萬里加投,瑪鍊港口,137-55
萬里區,萬里,,1373,萬里區,中萬里加投,瑪鍊港口,137-48
萬里區,萬里,,1374,萬里區,中萬里加投,瑪鍊港口,137-47
萬里區,萬里,,1375,萬里區,中萬里加投,瑪鍊港口,137-54
萬里區,萬里,,1376,萬里區,中萬里加投,瑪鍊港口,137-53
萬里區,萬里,,1377,萬里區,中萬里加投,瑪鍊港口,137-46
萬里區,萬里,,1378,萬里區,中萬里加投,瑪鍊港口,137-45
萬里區,萬里,,1379,萬里區,中萬里加投,瑪鍊港口,137-44
萬里區,萬里,,138,萬里區,中萬里加投,龜吼,187-80
萬里區,萬里,,1380,萬里區,中萬里加投,瑪鍊港口,137-43
萬里區,萬里,,1381,萬里區,中萬里加投,瑪鍊港口,137-39
萬里區,萬里,,1382,萬里區,中萬里加投,瑪鍊港口,137-40
萬里區,萬里,,1383,萬里區,中萬里加投,瑪鍊港口,137-9
萬里區,萬里,,1384,萬里區,中萬里加投,瑪鍊港口,137-84
萬里區,萬里,,1385,萬里區,中萬里加投,瑪鍊港口,137-41
萬里區,萬里,,1386,萬里區,中萬里加投,瑪鍊港口,148-15
萬里區,萬里,,1387,萬里區,中萬里加投,瑪鍊港口,148-14
萬里區,萬里,,1388,萬里區,中萬里加投,瑪鍊港口,148-7
萬里區,萬里,,1389,萬里區,中萬里加投,瑪鍊港口,148-8
萬里區,萬里,,139,萬里區,中萬里加投,龜吼,187-78
萬里區,萬里,,1390,萬里區,中萬里加投,瑪鍊港口,148-9
萬里區,萬里,,1391,萬里區,中萬里加投,瑪鍊港口,148-2
萬里區,萬里,,1392,萬里區,中萬里加投,瑪鍊港口,148-5
萬里區,萬里,,1393,萬里區,中萬里加投,瑪鍊港口,148
萬里區,萬里,,1394,萬里區,中萬里加投,瑪鍊港口,148-12
萬里區,萬里,,1395,萬里區,中萬里加投,瑪鍊港口,148-13
萬里區,萬里,,1396,萬里區,中萬里加投,瑪鍊港口,148-4
萬里區,萬里,,1397,萬里區,中萬里加投,瑪鍊港口,148-1
萬里區,萬里,,1398,萬里區,中萬里加投,瑪鍊港口,147-1
萬里區,萬里,,1399,萬里區,中萬里加投,瑪鍊港口,147-52
萬里區,萬里,,14,萬里區,中萬里加投,龜吼,113-8
萬里區,萬里,,140,萬里區,中萬里加投,龜吼,187-77
萬里區,萬里,,1400,萬里區,中萬里加投,瑪鍊港口,137-100
萬里區,萬里,,1401,萬里區,中萬里加投,瑪鍊港口,104-32
萬里區,萬里,,1402,萬里區,中萬里加投,瑪鍊港口,134-3
萬里區,萬里,,1403,萬里區,中萬里加投,瑪鍊港口,131
萬里區,萬里,,1404,萬里區,中萬里加投,瑪鍊港口,15-2
萬里區,萬里,,141,萬里區,中萬里加投,龜吼,187-75
萬里區,萬里,,142,萬里區,中萬里加投,龜吼,187-76
萬里區,萬里,,143,萬里區,中萬里加投,龜吼,187-74
萬里區,萬里,,144,萬里區,中萬里加投,龜吼,187-73
萬里區,萬里,,145,萬里區,中萬里加投,龜吼,187-71
萬里區,萬里,,146,萬里區,中萬里加投,龜吼,187-72
萬里區,萬里,,147,萬里區,中萬里加投,龜吼,187-70
萬里區,萬里,,148,萬里區,中萬里加投,龜吼,187-69
萬里區,萬里,,149,萬里區,中萬里加投,龜吼,187-67
萬里區,萬里,,15,萬里區,中萬里加投,龜吼,112
萬里區,萬里,,150,萬里區,中萬里加投,龜吼,187-68
萬里區,萬里,,151,萬里區,中萬里加投,龜吼,187-66
萬里區,萬里,,152,萬里區,中萬里加投,龜吼,187-65
萬里區,萬里,,153,萬里區,中萬里加投,龜吼,187-63
萬里區,萬里,,154,萬里區,中萬里加投,龜吼,187-64
萬里區,萬里,,155,萬里區,中萬里加投,龜吼,187-107
萬里區,萬里,,156,萬里區,中萬里加投,龜吼,187-108
萬里區,萬里,,157,萬里區,中萬里加投,龜吼,187-109
萬里區,萬里,,158,萬里區,中萬里加投,龜吼,187-110
萬里區,萬里,,159,萬里區,中萬里加投,龜吼,187-111
萬里區,萬里,,16,萬里區,中萬里加投,龜吼,113-7
萬里區,萬里,,160,萬里區,中萬里加投,龜吼,187-132
萬里區,萬里,,161,萬里區,中萬里加投,龜吼,187-112
萬里區,萬里,,162,萬里區,中萬里加投,龜吼,187-113
萬里區,萬里,,163,萬里區,中萬里加投,龜吼,187-114
萬里區,萬里,,164,萬里區,中萬里加投,龜吼,187-115
萬里區,萬里,,165,萬里區,中萬里加投,龜吼,187-116
萬里區,萬里,,166,萬里區,中萬里加投,龜吼,187-117
萬里區,萬里,,167,萬里區,中萬里加投,龜吼,187-118
萬里區,萬里,,168,萬里區,中萬里加投,龜吼,187-119
萬里區,萬里,,169,萬里區,中萬里加投,龜吼,187-120
萬里區,萬里,,17,萬里區,中萬里加投,龜吼,113-2
萬里區,萬里,,170,萬里區,中萬里加投,龜吼,187-99
萬里區,萬里,,171,萬里區,中萬里加投,龜吼,187-104
萬里區,萬里,,172,萬里區,中萬里加投,龜吼,187-100
萬里區,萬里,,173,萬里區,中萬里加投,龜吼,187-101
萬里區,萬里,,174,萬里區,中萬里加投,龜吼,187-105
萬里區,萬里,,175,萬里區,中萬里加投,龜吼,187-102
萬里區,萬里,,176,萬里區,中萬里加投,龜吼,187-106
萬里區,萬里,,177,萬里區,中萬里加投,龜吼,187-103
萬里區,萬里,,178,萬里區,中萬里加投,龜吼,187-98
萬里區,萬里,,179,萬里區,中萬里加投,龜吼,187-91
萬里區,萬里,,18,萬里區,中萬里加投,龜吼,113-10
萬里區,萬里,,180,萬里區,中萬里加投,龜吼,187-90
萬里區,萬里,,181,萬里區,中萬里加投,龜吼,187-88
萬里區,萬里,,182,萬里區,中萬里加投,龜吼,187-97
萬里區,萬里,,183,萬里區,中萬里加投,龜吼,187-96
萬里區,萬里,,184,萬里區,中萬里加投,龜吼,187-95
萬里區,萬里,,185,萬里區,中萬里加投,龜吼,187-87
萬里區,萬里,,186,萬里區,中萬里加投,龜吼,187-86
萬里區,萬里,,187,萬里區,中萬里加投,龜吼,187-94
萬里區,萬里,,188,萬里區,中萬里加投,龜吼,187-93
萬里區,萬里,,189,萬里區,中萬里加投,龜吼,187-85
萬里區,萬里,,19,萬里區,中萬里加投,龜吼,113-4
萬里區,萬里,,190,萬里區,中萬里加投,龜吼,187-84
萬里區,萬里,,191,萬里區,中萬里加投,龜吼,187-83
萬里區,萬里,,192,萬里區,中萬里加投,龜吼,187-92
萬里區,萬里,,193,萬里區,中萬里加投,龜吼,187-121
萬里區,萬里,,194,萬里區,中萬里加投,龜吼,187-131
萬里區,萬里,,195,萬里區,中萬里加投,龜吼,187-122
萬里區,萬里,,196,萬里區,中萬里加投,龜吼,187-123
萬里區,萬里,,197,萬里區,中萬里加投,龜吼,187-124
萬里區,萬里,,198,萬里區,中萬里加投,龜吼,187-125
萬里區,萬里,,199,萬里區,中萬里加投,龜吼,187-126
萬里區,萬里,,2,萬里區,中萬里加投,龜吼,436
萬里區,萬里,,20,萬里區,中萬里加投,龜吼,113-9
萬里區,萬里,,200,萬里區,中萬里加投,龜吼,187-127
萬里區,萬里,,201,萬里區,中萬里加投,龜吼,187-128
萬里區,萬里,,202,萬里區,中萬里加投,龜吼,187-130
萬里區,萬里,,203,萬里區,中萬里加投,龜吼,187-144
萬里區,萬里,,204,萬里區,中萬里加投,龜吼,187-145
萬里區,萬里,,205,萬里區,中萬里加投,龜吼,187-38
萬里區,萬里,,206,萬里區,中萬里加投,龜吼,187-39
萬里區,萬里,,207,萬里區,中萬里加投,龜吼,187-40
萬里區,萬里,,208,萬里區,中萬里加投,龜吼,187-41
萬里區,萬里,,209,萬里區,中萬里加投,龜吼,187-36
萬里區,萬里,,21,萬里區,中萬里加投,龜吼,113-11
萬里區,萬里,,210,萬里區,中萬里加投,龜吼,187-37
萬里區,萬里,,211,萬里區,中萬里加投,龜吼,187-35
萬里區,萬里,,212,萬里區,中萬里加投,龜吼,187-146
萬里區,萬里,,213,萬里區,中萬里加投,龜吼,187-34
萬里區,萬里,,214,萬里區,中萬里加投,龜吼,187-33
萬里區,萬里,,215,萬里區,中萬里加投,龜吼,187-32
萬里區,萬里,,216,萬里區,中萬里加投,龜吼,187-31
萬里區,萬里,,217,萬里區,中萬里加投,龜吼,187-30
萬里區,萬里,,218,萬里區,中萬里加投,龜吼,187-29
萬里區,萬里,,219,萬里區,中萬里加投,龜吼,187-136
萬里區,萬里,,22,萬里區,中萬里加投,龜吼,113-3
萬里區,萬里,,220,萬里區,中萬里加投,龜吼,187-28
萬里區,萬里,,221,萬里區,中萬里加投,龜吼,187-16
萬里區,萬里,,222,萬里區,中萬里加投,龜吼,187-15
萬里區,萬里,,223,萬里區,中萬里加投,龜吼,187-137
萬里區,萬里,,224,萬里區,中萬里加投,龜吼,187-138
萬里區,萬里,,225,萬里區,中萬里加投,龜吼,187-139
萬里區,萬里,,226,萬里區,中萬里加投,龜吼,187-140
萬里區,萬里,,227,萬里區,中萬里加投,龜吼,187-141
萬里區,萬里,,228,萬里區,中萬里加投,龜吼,187-142
萬里區,萬里,,229,萬里區,中萬里加投,龜吼,187-143
萬里區,萬里,,23,萬里區,中萬里加投,龜吼,110-44
萬里區,萬里,,230,萬里區,中萬里加投,龜吼,187-14
萬里區,萬里,,231,萬里區,中萬里加投,龜吼,181-2
萬里區,萬里,,232,萬里區,中萬里加投,龜吼,181-3
萬里區,萬里,,233,萬里區,中萬里加投,龜吼,187-129
萬里區,萬里,,234,萬里區,中萬里加投,龜吼,187-10
萬里區,萬里,,235,萬里區,中萬里加投,龜吼,200-1
萬里區,萬里,,236,萬里區,中萬里加投,龜吼,200-5
萬里區,萬里,,237,萬里區,中萬里加投,龜吼,178-4
萬里區,萬里,,238,萬里區,中萬里加投,龜吼,178-1
萬里區,萬里,,239,萬里區,中萬里加投,龜吼,200-21
萬里區,萬里,,24,萬里區,中萬里加投,龜吼,110-13
萬里區,萬里,,240,萬里區,中萬里加投,龜吼,200-23
萬里區,萬里,,241,萬里區,中萬里加投,龜吼,200-6
萬里區,萬里,,242,萬里區,中萬里加投,龜吼,200-4
萬里區,萬里,,243,萬里區,中萬里加投,龜吼,205
萬里區,萬里,,244,萬里區,中萬里加投,龜吼,204-37
萬里區,萬里,,245,萬里區,中萬里加投,龜吼,204
萬里區,萬里,,246,萬里區,中萬里加投,龜吼,204-4
萬里區,萬里,,247,萬里區,中萬里加投,龜吼,204-5
萬里區,萬里,,248,萬里區,中萬里加投,龜吼,356-5
萬里區,萬里,,249,萬里區,中萬里加投,龜吼,357
萬里區,萬里,,25,萬里區,中萬里加投,龜吼,110-32
萬里區,萬里,,250,萬里區,中萬里加投,龜吼,357-1
萬里區,萬里,,251,萬里區,中萬里加投,龜吼,208-1
萬里區,萬里,,252,萬里區,中萬里加投,龜吼,207
萬里區,萬里,,253,萬里區,中萬里加投,龜吼,242-1
萬里區,萬里,,254,萬里區,中萬里加投,龜吼,243-1
萬里區,萬里,,255,萬里區,中萬里加投,龜吼,244-2
萬里區,萬里,,256,萬里區,中萬里加投,龜吼,358-1
萬里區,萬里,,257,萬里區,中萬里加投,龜吼,356-12
萬里區,萬里,,258,萬里區,中萬里加投,龜吼,356-10
萬里區,萬里,,259,萬里區,中萬里加投,龜吼,356-13
萬里區,萬里,,26,萬里區,中萬里加投,龜吼,110-8
萬里區,萬里,,260,萬里區,中萬里加投,龜吼,204-23
萬里區,萬里,,261,萬里區,中萬里加投,龜吼,356-6
萬里區,萬里,,262,萬里區,中萬里加投,龜吼,204-22
萬里區,萬里,,263,萬里區,中萬里加投,龜吼,204-24
萬里區,萬里,,264,萬里區,中萬里加投,龜吼,356-14
萬里區,萬里,,265,萬里區,中萬里加投,龜吼,356-7
萬里區,萬里,,266,萬里區,中萬里加投,龜吼,356-8
萬里區,萬里,,267,萬里區,中萬里加投,龜吼,204-14
萬里區,萬里,,268,萬里區,中萬里加投,龜吼,203
萬里區,萬里,,269,萬里區,中萬里加投,瑪鍊港口,10-31
萬里區,萬里,,27,萬里區,中萬里加投,龜吼,130
萬里區,萬里,,270,萬里區,中萬里加投,瑪鍊港口,3
萬里區,萬里,,271,萬里區,中萬里加投,瑪鍊港口,3-2
萬里區,萬里,,272,萬里區,中萬里加投,瑪鍊港口,3-1
萬里區,萬里,,273,萬里區,中萬里加投,龜吼,356-9
萬里區,萬里,,274,萬里區,中萬里加投,龜吼,356-1
萬里區,萬里,,275,萬里區,中萬里加投,龜吼,204-6
萬里區,萬里,,276,萬里區,中萬里加投,龜吼,204-7
萬里區,萬里,,277,萬里區,中萬里加投,龜吼,204-31
萬里區,萬里,,278,萬里區,中萬里加投,龜吼,201-2
萬里區,萬里,,279,萬里區,中萬里加投,龜吼,201-6
萬里區,萬里,,28,萬里區,中萬里加投,龜吼,130-11
萬里區,萬里,,280,萬里區,中萬里加投,龜吼,201-5
萬里區,萬里,,281,萬里區,中萬里加投,龜吼,200-7
萬里區,萬里,,282,萬里區,中萬里加投,龜吼,200-20
萬里區,萬里,,283,萬里區,中萬里加投,龜吼,201
萬里區,萬里,,284,萬里區,中萬里加投,龜吼,201-1
萬里區,萬里,,285,萬里區,中萬里加投,龜吼,204-19
萬里區,萬里,,286,萬里區,中萬里加投,龜吼,201-3
萬里區,萬里,,287,萬里區,中萬里加投,龜吼,201-4
萬里區,萬里,,288,萬里區,中萬里加投,龜吼,204-20
萬里區,萬里,,289,萬里區,中萬里加投,龜吼,204
萬里區,萬里,,29,萬里區,中萬里加投,龜吼,130-24
萬里區,萬里,,290,萬里區,中萬里加投,龜吼,200-8
萬里區,萬里,,291,萬里區,中萬里加投,龜吼,204-21
萬里區,萬里,,292,萬里區,中萬里加投,龜吼,204-10
萬里區,萬里,,293,萬里區,中萬里加投,龜吼,202-13
萬里區,萬里,,294,萬里區,中萬里加投,龜吼,202-5
萬里區,萬里,,295,萬里區,中萬里加投,龜吼,200
萬里區,萬里,,296,萬里區,中萬里加投,龜吼,200-9
萬里區,萬里,,297,萬里區,中萬里加投,龜吼,200-17
萬里區,萬里,,298,萬里區,中萬里加投,龜吼,200-3
萬里區,萬里,,299,萬里區,中萬里加投,龜吼,199
萬里區,萬里,,3,萬里區,中萬里加投,龜吼,437
萬里區,萬里,,30,萬里區,中萬里加投,龜吼,130-25
萬里區,萬里,,300,萬里區,中萬里加投,龜吼,202-4
萬里區,萬里,,301,萬里區,中萬里加投,龜吼,202-12
萬里區,萬里,,302,萬里區,中萬里加投,龜吼,202-17
萬里區,萬里,,303,萬里區,中萬里加投,龜吼,202-11
萬里區,萬里,,304,萬里區,中萬里加投,龜吼,202-3
萬里區,萬里,,305,萬里區,中萬里加投,龜吼,198
萬里區,萬里,,306,萬里區,中萬里加投,龜吼,197
萬里區,萬里,,307,萬里區,中萬里加投,龜吼,196-2
萬里區,萬里,,308,萬里區,中萬里加投,龜吼,196-3
萬里區,萬里,,309,萬里區,中萬里加投,龜吼,202-16
萬里區,萬里,,31,萬里區,中萬里加投,龜吼,130-12
萬里區,萬里,,310,萬里區,中萬里加投,龜吼,202-10
萬里區,萬里,,311,萬里區,中萬里加投,龜吼,204-15
萬里區,萬里,,312,萬里區,中萬里加投,龜吼,204-18
萬里區,萬里,,313,萬里區,中萬里加投,龜吼,204-17
萬里區,萬里,,314,萬里區,中萬里加投,龜吼,202-15
萬里區,萬里,,315,萬里區,中萬里加投,龜吼,196-4
萬里區,萬里,,316,萬里區,中萬里加投,龜吼,196-1
萬里區,萬里,,317,萬里區,中萬里加投,龜吼,200-18
萬里區,萬里,,318,萬里區,中萬里加投,龜吼,200-11
萬里區,萬里,,319,萬里區,中萬里加投,龜吼,200-10
萬里區,萬里,,32,萬里區,中萬里加投,龜吼,130-13
萬里區,萬里,,320,萬里區,中萬里加投,龜吼,187-11
萬里區,萬里,,321,萬里區,中萬里加投,龜吼,181
萬里區,萬里,,322,萬里區,中萬里加投,龜吼,181-1
萬里區,萬里,,323,萬里區,中萬里加投,龜吼,181-4
萬里區,萬里,,324,萬里區,中萬里加投,龜吼,200-14
萬里區,萬里,,325,萬里區,中萬里加投,龜吼,200-15
萬里區,萬里,,326,萬里區,中萬里加投,龜吼,200-16
萬里區,萬里,,327,萬里區,中萬里加投,龜吼,200-2
萬里區,萬里,,328,萬里區,中萬里加投,龜吼,181-5
萬里區,萬里,,329,萬里區,中萬里加投,龜吼,187-13
萬里區,萬里,,33,萬里區,中萬里加投,龜吼,130-26
萬里區,萬里,,330,萬里區,中萬里加投,龜吼,187-12
萬里區,萬里,,331,萬里區,中萬里加投,龜吼,187-25
萬里區,萬里,,332,萬里區,中萬里加投,龜吼,187
萬里區,萬里,,333,萬里區,中萬里加投,龜吼,187-27
萬里區,萬里,,334,萬里區,中萬里加投,龜吼,187-26
萬里區,萬里,,335,萬里區,中萬里加投,龜吼,187-17
萬里區,萬里,,336,萬里區,中萬里加投,龜吼,187-18
萬里區,萬里,,337,萬里區,中萬里加投,龜吼,187-8
萬里區,萬里,,338,萬里區,中萬里加投,龜吼,182
萬里區,萬里,,339,萬里區,中萬里加投,龜吼,187-2
萬里區,萬里,,34,萬里區,中萬里加投,龜吼,130-15
萬里區,萬里,,340,萬里區,中萬里加投,龜吼,187-24
萬里區,萬里,,341,萬里區,中萬里加投,龜吼,200-12
萬里區,萬里,,342,萬里區,中萬里加投,龜吼,187-23
萬里區,萬里,,343,萬里區,中萬里加投,龜吼,187-3
萬里區,萬里,,344,萬里區,中萬里加投,龜吼,200-19
萬里區,萬里,,345,萬里區,中萬里加投,龜吼,196
萬里區,萬里,,346,萬里區,中萬里加投,龜吼,195
萬里區,萬里,,347,萬里區,中萬里加投,龜吼,202-7
萬里區,萬里,,348,萬里區,中萬里加投,龜吼,204-26
萬里區,萬里,,349,萬里區,中萬里加投,龜吼,204-9
萬里區,萬里,,35,萬里區,中萬里加投,龜吼,130-14
萬里區,萬里,,350,萬里區,中萬里加投,龜吼,204-25
萬里區,萬里,,351,萬里區,中萬里加投,龜吼,202-20
萬里區,萬里,,352,萬里區,中萬里加投,龜吼,202-21
萬里區,萬里,,353,萬里區,中萬里加投,龜吼,194
萬里區,萬里,,354,萬里區,中萬里加投,龜吼,193
萬里區,萬里,,355,萬里區,中萬里加投,龜吼,187-147
萬里區,萬里,,356,萬里區,中萬里加投,龜吼,187-4
萬里區,萬里,,357,萬里區,中萬里加投,龜吼,187-151
萬里區,萬里,,358,萬里區,中萬里加投,龜吼,187-148
萬里區,萬里,,359,萬里區,中萬里加投,龜吼,187-149
萬里區,萬里,,36,萬里區,中萬里加投,龜吼,130-10
萬里區,萬里,,360,萬里區,中萬里加投,龜吼,187-150
萬里區,萬里,,361,萬里區,中萬里加投,龜吼,187-5
萬里區,萬里,,362,萬里區,中萬里加投,龜吼,183
萬里區,萬里,,363,萬里區,中萬里加投,龜吼,184
萬里區,萬里,,364,萬里區,中萬里加投,龜吼,185
萬里區,萬里,,365,萬里區,中萬里加投,龜吼,186
萬里區,萬里,,366,萬里區,中萬里加投,龜吼,187-7
萬里區,萬里,,367,萬里區,中萬里加投,龜吼,187-156
萬里區,萬里,,368,萬里區,中萬里加投,瑪鍊港口,137-68
萬里區,萬里,,369,萬里區,中萬里加投,龜吼,187-20
萬里區,萬里,,37,萬里區,中萬里加投,龜吼,131-42
萬里區,萬里,,370,萬里區,中萬里加投,龜吼,187-19
萬里區,萬里,,371,萬里區,中萬里加投,龜吼,188-1
萬里區,萬里,,372,萬里區,中萬里加投,龜吼,188
萬里區,萬里,,373,萬里區,中萬里加投,龜吼,187-6
萬里區,萬里,,374,萬里區,中萬里加投,龜吼,187-155
萬里區,萬里,,375,萬里區,中萬里加投,龜吼,202-22
萬里區,萬里,,376,萬里區,中萬里加投,龜吼,202-23
萬里區,萬里,,377,萬里區,中萬里加投,龜吼,204-28
萬里區,萬里,,378,萬里區,中萬里加投,龜吼,204-29
萬里區,萬里,,379,萬里區,中萬里加投,龜吼,204-30
萬里區,萬里,,38,萬里區,中萬里加投,龜吼,131-43
萬里區,萬里,,380,萬里區,中萬里加投,龜吼,202-1
萬里區,萬里,,381,萬里區,中萬里加投,龜吼,191
萬里區,萬里,,382,萬里區,中萬里加投,龜吼,202-2
萬里區,萬里,,383,萬里區,中萬里加投,龜吼,295-3
萬里區,萬里,,384,萬里區,中萬里加投,龜吼,295
萬里區,萬里,,385,萬里區,中萬里加投,龜吼,192
萬里區,萬里,,386,萬里區,中萬里加投,龜吼,202-6
萬里區,萬里,,387,萬里區,中萬里加投,龜吼,204-3
萬里區,萬里,,388,萬里區,中萬里加投,龜吼,295-1
萬里區,萬里,,389,萬里區,中萬里加投,龜吼,295-2
萬里區,萬里,,39,萬里區,中萬里加投,龜吼,131-29
萬里區,萬里,,390,萬里區,中萬里加投,龜吼,204-16
萬里區,萬里,,391,萬里區,中萬里加投,龜吼,204-12
萬里區,萬里,,392,萬里區,中萬里加投,龜吼,204-13
萬里區,萬里,,393,萬里區,中萬里加投,龜吼,202-9
萬里區,萬里,,394,萬里區,中萬里加投,龜吼,202-8
萬里區,萬里,,395,萬里區,中萬里加投,龜吼,202-14
萬里區,萬里,,396,萬里區,中萬里加投,龜吼,204-8
萬里區,萬里,,397,萬里區,中萬里加投,龜吼,204-1
萬里區,萬里,,398,萬里區,中萬里加投,龜吼,204-27
萬里區,萬里,,399,萬里區,中萬里加投,龜吼,190
萬里區,萬里,,40,萬里區,中萬里加投,龜吼,131-3
萬里區,萬里,,400,萬里區,中萬里加投,瑪鍊港口,1-25
萬里區,萬里,,401,萬里區,中萬里加投,龜吼,189
萬里區,萬里,,402,萬里區,中萬里加投,龜吼,187-22
萬里區,萬里,,405,萬里區,中萬里加投,瑪鍊港口,9-49
萬里區,萬里,,406,萬里區,中萬里加投,瑪鍊港口,9-3
萬里區,萬里,,407,萬里區,中萬里加投,瑪鍊港口,9-46
萬里區,萬里,,408,萬里區,中萬里加投,瑪鍊港口,9-48
萬里區,萬里,,409,萬里區,中萬里加投,瑪鍊港口,271
萬里區,萬里,,410,萬里區,中萬里加投,瑪鍊港口,271-1
萬里區,萬里,,411,萬里區,中萬里加投,瑪鍊港口,9-54
萬里區,萬里,,412,萬里區,中萬里加投,瑪鍊港口,9-52
萬里區,萬里,,413,萬里區,中萬里加投,瑪鍊港口,9-53
萬里區,萬里,,417,萬里區,中萬里加投,瑪鍊港口,9-51
萬里區,萬里,,419,萬里區,中萬里加投,瑪鍊港口,9-50
萬里區,萬里,,42,萬里區,中萬里加投,龜吼,131-38
萬里區,萬里,,424,萬里區,中萬里加投,瑪鍊港口,1-20
萬里區,萬里,,426,萬里區,中萬里加投,瑪鍊港口,1-24
萬里區,萬里,,427,萬里區,中萬里加投,瑪鍊港口,1-23
萬里區,萬里,,428,萬里區,中萬里加投,瑪鍊港口,1-22
萬里區,萬里,,429,萬里區,中萬里加投,瑪鍊港口,2
萬里區,萬里,,43,萬里區,中萬里加投,龜吼,131-9
萬里區,萬里,,430,萬里區,中萬里加投,龜吼,204-33
萬里區,萬里,,431,萬里區,中萬里加投,龜吼,190-1
萬里區,萬里,,432,萬里區,中萬里加投,龜吼,204-32
萬里區,萬里,,433,萬里區,中萬里加投,龜吼,204-11
萬里區,萬里,,435,萬里區,中萬里加投,龜吼,204-34
萬里區,萬里,,436,萬里區,中萬里加投,瑪鍊港口,2-2
萬里區,萬里,,437,萬里區,中萬里加投,瑪鍊港口,2-4
萬里區,萬里,,44,萬里區,中萬里加投,龜吼,131-10
萬里區,萬里,,440,萬里區,中萬里加投,瑪鍊港口,1-31
萬里區,萬里,,442,萬里區,中萬里加投,瑪鍊港口,1-26
萬里區,萬里,,443,萬里區,中萬里加投,瑪鍊港口,1-35
萬里區,萬里,,444,萬里區,中萬里加投,瑪鍊港口,1-30
萬里區,萬里,,445,萬里區,中萬里加投,瑪鍊港口,1-27
萬里區,萬里,,446,萬里區,中萬里加投,瑪鍊港口,4-1
萬里區,萬里,,447,萬里區,中萬里加投,瑪鍊港口,4-5
萬里區,萬里,,448,萬里區,中萬里加投,瑪鍊港口,4-4
萬里區,萬里,,449,萬里區,中萬里加投,瑪鍊港口,1-34
萬里區,萬里,,45,萬里區,中萬里加投,龜吼,131-39
萬里區,萬里,,450,萬里區,中萬里加投,瑪鍊港口,2-1
萬里區,萬里,,451,萬里區,中萬里加投,瑪鍊港口,2-8
萬里區,萬里,,452,萬里區,中萬里加投,瑪鍊港口,10-9
萬里區,萬里,,453,萬里區,中萬里加投,瑪鍊港口,4
萬里區,萬里,,454,萬里區,中萬里加投,瑪鍊港口,8-3
萬里區,萬里,,455,萬里區,中萬里加投,瑪鍊港口,8-8
萬里區,萬里,,458,萬里區,中萬里加投,瑪鍊港口,1-29
萬里區,萬里,,459,萬里區,中萬里加投,瑪鍊港口,1-32
萬里區,萬里,,46,萬里區,中萬里加投,龜吼,131-40
萬里區,萬里,,461,萬里區,中萬里加投,瑪鍊港口,1-33
萬里區,萬里,,465,萬里區,中萬里加投,瑪鍊港口,9-56
萬里區,萬里,,466,萬里區,中萬里加投,瑪鍊港口,9-55
萬里區,萬里,,467,萬里區,中萬里加投,龜吼,187-21
萬里區,萬里,,468,萬里區,中萬里加投,瑪鍊港口,8-11
萬里區,萬里,,469,萬里區,中萬里加投,瑪鍊港口,7-1
萬里區,萬里,,47,萬里區,中萬里加投,龜吼,131-11
萬里區,萬里,,470,萬里區,中萬里加投,瑪鍊港口,7
萬里區,萬里,,471,萬里區,中萬里加投,瑪鍊港口,8-10
萬里區,萬里,,472,萬里區,中萬里加投,瑪鍊港口,8-20
萬里區,萬里,,473,萬里區,中萬里加投,瑪鍊港口,8-5
萬里區,萬里,,474,萬里區,中萬里加投,瑪鍊港口,8-16
萬里區,萬里,,475,萬里區,中萬里加投,瑪鍊港口,8
萬里區,萬里,,476,萬里區,中萬里加投,瑪鍊港口,43-14
萬里區,萬里,,477,萬里區,中萬里加投,瑪鍊港口,9-121
萬里區,萬里,,478,萬里區,中萬里加投,瑪鍊港口,9-161
萬里區,萬里,,479,萬里區,中萬里加投,瑪鍊港口,9-24
萬里區,萬里,,48,萬里區,中萬里加投,龜吼,131-12
萬里區,萬里,,480,萬里區,中萬里加投,瑪鍊港口,8-12
萬里區,萬里,,481,萬里區,中萬里加投,瑪鍊港口,9-63
萬里區,萬里,,482,萬里區,中萬里加投,瑪鍊港口,9-61
萬里區,萬里,,483,萬里區,中萬里加投,瑪鍊港口,9-9
萬里區,萬里,,484,萬里區,中萬里加投,瑪鍊港口,9-125
萬里區,萬里,,485,萬里區,中萬里加投,瑪鍊港口,9-1
萬里區,萬里,,486,萬里區,中萬里加投,瑪鍊港口,9-10
萬里區,萬里,,487,萬里區,中萬里加投,瑪鍊港口,9-127
萬里區,萬里,,488,萬里區,中萬里加投,瑪鍊港口,9-47
萬里區,萬里,,489,萬里區,中萬里加投,瑪鍊港口,9-60
萬里區,萬里,,49,萬里區,中萬里加投,龜吼,131-41
萬里區,萬里,,490,萬里區,中萬里加投,瑪鍊港口,9-6
萬里區,萬里,,491,萬里區,中萬里加投,瑪鍊港口,8-13
萬里區,萬里,,492,萬里區,中萬里加投,瑪鍊港口,8-2
萬里區,萬里,,493,萬里區,中萬里加投,瑪鍊港口,8-14
萬里區,萬里,,494,萬里區,中萬里加投,瑪鍊港口,9-5
萬里區,萬里,,495,萬里區,中萬里加投,瑪鍊港口,8-18
萬里區,萬里,,496,萬里區,中萬里加投,瑪鍊港口,10-30
萬里區,萬里,,497,萬里區,中萬里加投,瑪鍊港口,8-17
萬里區,萬里,,498,萬里區,中萬里加投,瑪鍊港口,10-29
萬里區,萬里,,499,萬里區,中萬里加投,瑪鍊港口,8-1
萬里區,萬里,,5,萬里區,中萬里加投,龜吼,113-5
萬里區,萬里,,50,萬里區,中萬里加投,龜吼,723
萬里區,萬里,,500,萬里區,中萬里加投,瑪鍊港口,8-4
萬里區,萬里,,501,萬里區,中萬里加投,瑪鍊港口,8-15
萬里區,萬里,,502,萬里區,中萬里加投,瑪鍊港口,9-119
萬里區,萬里,,503,萬里區,中萬里加投,瑪鍊港口,9-160
萬里區,萬里,,504,萬里區,中萬里加投,瑪鍊港口,9-59
萬里區,萬里,,505,萬里區,中萬里加投,瑪鍊港口,9-162
萬里區,萬里,,506,萬里區,中萬里加投,瑪鍊港口,9-122
萬里區,萬里,,507,萬里區,中萬里加投,瑪鍊港口,10-2
萬里區,萬里,,508,萬里區,中萬里加投,瑪鍊港口,10-21
萬里區,萬里,,509,萬里區,中萬里加投,瑪鍊港口,9
萬里區,萬里,,51,萬里區,中萬里加投,龜吼,131-36
萬里區,萬里,,510,萬里區,中萬里加投,瑪鍊港口,9-124
萬里區,萬里,,511,萬里區,中萬里加投,瑪鍊港口,10-28
萬里區,萬里,,512,萬里區,中萬里加投,瑪鍊港口,10-1
萬里區,萬里,,513,萬里區,中萬里加投,瑪鍊港口,10-16
萬里區,萬里,,514,萬里區,中萬里加投,瑪鍊港口,10-5
萬里區,萬里,,515,萬里區,中萬里加投,瑪鍊港口,10-4
萬里區,萬里,,516,萬里區,中萬里加投,瑪鍊港口,10-18
萬里區,萬里,,517,萬里區,中萬里加投,瑪鍊港口,9-21
萬里區,萬里,,518,萬里區,中萬里加投,瑪鍊港口,9-123
萬里區,萬里,,519,萬里區,中萬里加投,瑪鍊港口,9-64
萬里區,萬里,,52,萬里區,中萬里加投,龜吼,131-31
萬里區,萬里,,520,萬里區,中萬里加投,瑪鍊港口,9-58
萬里區,萬里,,521,萬里區,中萬里加投,瑪鍊港口,9-45
萬里區,萬里,,522,萬里區,中萬里加投,瑪鍊港口,272
萬里區,萬里,,523,萬里區,中萬里加投,瑪鍊港口,273
萬里區,萬里,,524,萬里區,中萬里加投,瑪鍊港口,9-23
萬里區,萬里,,525,萬里區,中萬里加投,瑪鍊港口,9-44
萬里區,萬里,,526,萬里區,中萬里加投,瑪鍊港口,9-72
萬里區,萬里,,527,萬里區,中萬里加投,瑪鍊港口,9-78
萬里區,萬里,,528,萬里區,中萬里加投,瑪鍊港口,9-68
萬里區,萬里,,529,萬里區,中萬里加投,瑪鍊港口,9-20
萬里區,萬里,,53,萬里區,中萬里加投,龜吼,130-16
萬里區,萬里,,530,萬里區,中萬里加投,瑪鍊港口,9-31
萬里區,萬里,,531,萬里區,中萬里加投,瑪鍊港口,9-30
萬里區,萬里,,532,萬里區,中萬里加投,瑪鍊港口,9-67
萬里區,萬里,,533,萬里區,中萬里加投,瑪鍊港口,9-66
萬里區,萬里,,534,萬里區,中萬里加投,瑪鍊港口,9-19
萬里區,萬里,,535,萬里區,中萬里加投,瑪鍊港口,9-159
萬里區,萬里,,536,萬里區,中萬里加投,瑪鍊港口,9-118
萬里區,萬里,,537,萬里區,中萬里加投,瑪鍊港口,9-29
萬里區,萬里,,538,萬里區,中萬里加投,瑪鍊港口,9-117
萬里區,萬里,,539,萬里區,中萬里加投,瑪鍊港口,9-158
萬里區,萬里,,54,萬里區,中萬里加投,龜吼,130-22
萬里區,萬里,,540,萬里區,中萬里加投,瑪鍊港口,9-116
萬里區,萬里,,541,萬里區,中萬里加投,瑪鍊港口,9-139
萬里區,萬里,,542,萬里區,中萬里加投,瑪鍊港口,9-28
萬里區,萬里,,543,萬里區,中萬里加投,瑪鍊港口,9-27
萬里區,萬里,,544,萬里區,中萬里加投,瑪鍊港口,9-138
萬里區,萬里,,545,萬里區,中萬里加投,瑪鍊港口,9-136
萬里區,萬里,,546,萬里區,中萬里加投,瑪鍊港口,9-25
萬里區,萬里,,547,萬里區,中萬里加投,瑪鍊港口,9-65
萬里區,萬里,,548,萬里區,中萬里加投,瑪鍊港口,10-20
萬里區,萬里,,549,萬里區,中萬里加投,瑪鍊港口,9-62
萬里區,萬里,,55,萬里區,中萬里加投,龜吼,130-18
萬里區,萬里,,550,萬里區,中萬里加投,瑪鍊港口,10
萬里區,萬里,,551,萬里區,中萬里加投,瑪鍊港口,9-18
萬里區,萬里,,552,萬里區,中萬里加投,瑪鍊港口,9-32
萬里區,萬里,,553,萬里區,中萬里加投,瑪鍊港口,9-33
萬里區,萬里,,554,萬里區,中萬里加投,瑪鍊港口,9-34
萬里區,萬里,,555,萬里區,中萬里加投,瑪鍊港口,9-35
萬里區,萬里,,556,萬里區,中萬里加投,瑪鍊港口,9-38
萬里區,萬里,,557,萬里區,中萬里加投,瑪鍊港口,9-37
萬里區,萬里,,558,萬里區,中萬里加投,瑪鍊港口,9-36
萬里區,萬里,,559,萬里區,中萬里加投,瑪鍊港口,9-17
萬里區,萬里,,56,萬里區,中萬里加投,龜吼,130-20
萬里區,萬里,,560,萬里區,中萬里加投,瑪鍊港口,9-69
萬里區,萬里,,561,萬里區,中萬里加投,瑪鍊港口,9-7
萬里區,萬里,,562,萬里區,中萬里加投,瑪鍊港口,10-22
萬里區,萬里,,563,萬里區,中萬里加投,瑪鍊港口,15-3
萬里區,萬里,,564,萬里區,中萬里加投,瑪鍊港口,15-7
萬里區,萬里,,565,萬里區,中萬里加投,瑪鍊港口,15-4
萬里區,萬里,,566,萬里區,中萬里加投,瑪鍊港口,15-1
萬里區,萬里,,567,萬里區,中萬里加投,瑪鍊港口,15-16
萬里區,萬里,,568,萬里區,中萬里加投,瑪鍊港口,9-16
萬里區,萬里,,569,萬里區,中萬里加投,瑪鍊港口,9-15
萬里區,萬里,,57,萬里區,中萬里加投,龜吼,130-1
萬里區,萬里,,570,萬里區,中萬里加投,瑪鍊港口,9-79
萬里區,萬里,,571,萬里區,中萬里加投,瑪鍊港口,9-83
萬里區,萬里,,572,萬里區,中萬里加投,瑪鍊港口,15-12
萬里區,萬里,,573,萬里區,中萬里加投,瑪鍊港口,15
萬里區,萬里,,574,萬里區,中萬里加投,瑪鍊港口,15-10
萬里區,萬里,,575,萬里區,中萬里加投,瑪鍊港口,15-11
萬里區,萬里,,576,萬里區,中萬里加投,瑪鍊港口,15-9
萬里區,萬里,,577,萬里區,中萬里加投,瑪鍊港口,15-8
萬里區,萬里,,578,萬里區,中萬里加投,瑪鍊港口,10-7
萬里區,萬里,,579,萬里區,中萬里加投,瑪鍊港口,10-10
萬里區,萬里,,58,萬里區,中萬里加投,龜吼,126-1
萬里區,萬里,,580,萬里區,中萬里加投,瑪鍊港口,10-23
萬里區,萬里,,581,萬里區,中萬里加投,瑪鍊港口,10-17
萬里區,萬里,,582,萬里區,中萬里加投,瑪鍊港口,10-3
萬里區,萬里,,583,萬里區,中萬里加投,瑪鍊港口,10-24
萬里區,萬里,,584,萬里區,中萬里加投,瑪鍊港口,10-11
萬里區,萬里,,585,萬里區,中萬里加投,瑪鍊港口,19
萬里區,萬里,,586,萬里區,中萬里加投,瑪鍊港口,19-1
萬里區,萬里,,587,萬里區,中萬里加投,瑪鍊港口,10-14
萬里區,萬里,,588,萬里區,中萬里加投,瑪鍊港口,43-2
萬里區,萬里,,589,萬里區,中萬里加投,瑪鍊港口,43-53
萬里區,萬里,,59,萬里區,中萬里加投,龜吼,126-6
萬里區,萬里,,590,萬里區,中萬里加投,瑪鍊港口,43-16
萬里區,萬里,,591,萬里區,中萬里加投,瑪鍊港口,43-1
萬里區,萬里,,592,萬里區,中萬里加投,瑪鍊港口,43-15
萬里區,萬里,,593,萬里區,中萬里加投,瑪鍊港口,43-54
萬里區,萬里,,594,萬里區,中萬里加投,瑪鍊港口,43-55
萬里區,萬里,,595,萬里區,中萬里加投,瑪鍊港口,43-56
萬里區,萬里,,596,萬里區,中萬里加投,瑪鍊港口,43-57
萬里區,萬里,,597,萬里區,中萬里加投,瑪鍊港口,43-58
萬里區,萬里,,598,萬里區,中萬里加投,瑪鍊港口,43-59
萬里區,萬里,,599,萬里區,中萬里加投,瑪鍊港口,43-60
萬里區,萬里,,6,萬里區,中萬里加投,龜吼,111-3
萬里區,萬里,,60,萬里區,中萬里加投,龜吼,126
萬里區,萬里,,600,萬里區,中萬里加投,瑪鍊港口,43-61
萬里區,萬里,,601,萬里區,中萬里加投,瑪鍊港口,43-62
萬里區,萬里,,602,萬里區,中萬里加投,瑪鍊港口,43-63
萬里區,萬里,,603,萬里區,中萬里加投,瑪鍊港口,43-64
萬里區,萬里,,604,萬里區,中萬里加投,瑪鍊港口,43-86
萬里區,萬里,,605,萬里區,中萬里加投,瑪鍊港口,43-65
萬里區,萬里,,606,萬里區,中萬里加投,瑪鍊港口,43-66
萬里區,萬里,,607,萬里區,中萬里加投,瑪鍊港口,43-67
萬里區,萬里,,608,萬里區,中萬里加投,瑪鍊港口,43-68
萬里區,萬里,,609,萬里區,中萬里加投,瑪鍊港口,43-69
萬里區,萬里,,61,萬里區,中萬里加投,龜吼,129
萬里區,萬里,,610,萬里區,中萬里加投,瑪鍊港口,43-70
萬里區,萬里,,611,萬里區,中萬里加投,瑪鍊港口,43-71
萬里區,萬里,,612,萬里區,中萬里加投,瑪鍊港口,43-72
萬里區,萬里,,613,萬里區,中萬里加投,瑪鍊港口,43-73
萬里區,萬里,,614,萬里區,中萬里加投,瑪鍊港口,43-74
萬里區,萬里,,615,萬里區,中萬里加投,瑪鍊港口,43-75
萬里區,萬里,,616,萬里區,中萬里加投,瑪鍊港口,43-4
萬里區,萬里,,617,萬里區,中萬里加投,瑪鍊港口,23-1
萬里區,萬里,,618,萬里區,中萬里加投,瑪鍊港口,23
萬里區,萬里,,619,萬里區,中萬里加投,瑪鍊港口,43-44
萬里區,萬里,,62,萬里區,中萬里加投,龜吼,127
萬里區,萬里,,620,萬里區,中萬里加投,瑪鍊港口,43-5
萬里區,萬里,,621,萬里區,中萬里加投,瑪鍊港口,43-6
萬里區,萬里,,622,萬里區,中萬里加投,瑪鍊港口,43-13
萬里區,萬里,,623,萬里區,中萬里加投,瑪鍊港口,23-2
萬里區,萬里,,624,萬里區,中萬里加投,瑪鍊港口,43-24
萬里區,萬里,,625,萬里區,中萬里加投,瑪鍊港口,43-12
萬里區,萬里,,626,萬里區,中萬里加投,瑪鍊港口,21-4
萬里區,萬里,,627,萬里區,中萬里加投,瑪鍊港口,21
萬里區,萬里,,628,萬里區,中萬里加投,瑪鍊港口,21-1
萬里區,萬里,,629,萬里區,中萬里加投,瑪鍊港口,21-2
萬里區,萬里,,63,萬里區,中萬里加投,龜吼,128
萬里區,萬里,,630,萬里區,中萬里加投,瑪鍊港口,22
萬里區,萬里,,631,萬里區,中萬里加投,瑪鍊港口,21-3
萬里區,萬里,,632,萬里區,中萬里加投,瑪鍊港口,43-108
萬里區,萬里,,633,萬里區,中萬里加投,瑪鍊港口,25-2
萬里區,萬里,,634,萬里區,中萬里加投,瑪鍊港口,43-23
萬里區,萬里,,635,萬里區,中萬里加投,瑪鍊港口,43-107
萬里區,萬里,,636,萬里區,中萬里加投,瑪鍊港口,25-1
萬里區,萬里,,637,萬里區,中萬里加投,瑪鍊港口,25
萬里區,萬里,,638,萬里區,中萬里加投,瑪鍊港口,25-3
萬里區,萬里,,639,萬里區,中萬里加投,瑪鍊港口,25-4
萬里區,萬里,,64,萬里區,中萬里加投,龜吼,114
萬里區,萬里,,640,萬里區,中萬里加投,瑪鍊港口,25-10
萬里區,萬里,,641,萬里區,中萬里加投,瑪鍊港口,25-9
萬里區,萬里,,642,萬里區,中萬里加投,瑪鍊港口,20
萬里區,萬里,,643,萬里區,中萬里加投,瑪鍊港口,25-8
萬里區,萬里,,644,萬里區,中萬里加投,瑪鍊港口,20-6
萬里區,萬里,,645,萬里區,中萬里加投,瑪鍊港口,25-7
萬里區,萬里,,646,萬里區,中萬里加投,瑪鍊港口,20-4
萬里區,萬里,,647,萬里區,中萬里加投,瑪鍊港口,20-8
萬里區,萬里,,648,萬里區,中萬里加投,瑪鍊港口,43-32
萬里區,萬里,,649,萬里區,中萬里加投,瑪鍊港口,43-31
萬里區,萬里,,65,萬里區,中萬里加投,龜吼,113-1
萬里區,萬里,,650,萬里區,中萬里加投,瑪鍊港口,43-33
萬里區,萬里,,651,萬里區,中萬里加投,瑪鍊港口,43-30
萬里區,萬里,,652,萬里區,中萬里加投,瑪鍊港口,20-7
萬里區,萬里,,653,萬里區,中萬里加投,瑪鍊港口,20-3
萬里區,萬里,,654,萬里區,中萬里加投,瑪鍊港口,25-6
萬里區,萬里,,655,萬里區,中萬里加投,瑪鍊港口,20-5
萬里區,萬里,,656,萬里區,中萬里加投,瑪鍊港口,25-5
萬里區,萬里,,657,萬里區,中萬里加投,瑪鍊港口,20-2
萬里區,萬里,,658,萬里區,中萬里加投,瑪鍊港口,20-1
萬里區,萬里,,659,萬里區,中萬里加投,瑪鍊港口,43-109
萬里區,萬里,,66,萬里區,中萬里加投,龜吼,116
萬里區,萬里,,660,萬里區,中萬里加投,瑪鍊港口,43-29
萬里區,萬里,,661,萬里區,中萬里加投,瑪鍊港口,43-43
萬里區,萬里,,662,萬里區,中萬里加投,瑪鍊港口,43-42
萬里區,萬里,,663,萬里區,中萬里加投,瑪鍊港口,43-27
萬里區,萬里,,664,萬里區,中萬里加投,瑪鍊港口,43-26
萬里區,萬里,,665,萬里區,中萬里加投,瑪鍊港口,43-17
萬里區,萬里,,666,萬里區,中萬里加投,瑪鍊港口,43-45
萬里區,萬里,,667,萬里區,中萬里加投,瑪鍊港口,43-18
萬里區,萬里,,668,萬里區,中萬里加投,瑪鍊港口,43-95
萬里區,萬里,,669,萬里區,中萬里加投,瑪鍊港口,43-11
萬里區,萬里,,67,萬里區,中萬里加投,龜吼,115
萬里區,萬里,,670,萬里區,中萬里加投,瑪鍊港口,43-96
萬里區,萬里,,671,萬里區,中萬里加投,瑪鍊港口,43-97
萬里區,萬里,,672,萬里區,中萬里加投,瑪鍊港口,43-98
萬里區,萬里,,673,萬里區,中萬里加投,瑪鍊港口,43-102
萬里區,萬里,,674,萬里區,中萬里加投,瑪鍊港口,43-22
萬里區,萬里,,675,萬里區,中萬里加投,瑪鍊港口,43-28
萬里區,萬里,,676,萬里區,中萬里加投,瑪鍊港口,43-20
萬里區,萬里,,677,萬里區,中萬里加投,瑪鍊港口,24-1
萬里區,萬里,,68,萬里區,中萬里加投,龜吼,128-1
萬里區,萬里,,682,萬里區,中萬里加投,瑪鍊港口,43
萬里區,萬里,,683,萬里區,中萬里加投,瑪鍊港口,43-34
萬里區,萬里,,684,萬里區,中萬里加投,瑪鍊港口,43-35
萬里區,萬里,,685,萬里區,中萬里加投,瑪鍊港口,43-38
萬里區,萬里,,686,萬里區,中萬里加投,瑪鍊港口,43-39
萬里區,萬里,,687,萬里區,中萬里加投,瑪鍊港口,43-37
萬里區,萬里,,688,萬里區,中萬里加投,瑪鍊港口,43-40
萬里區,萬里,,689,萬里區,中萬里加投,瑪鍊港口,43-49
萬里區,萬里,,69,萬里區,中萬里加投,龜吼,127-1
萬里區,萬里,,690,萬里區,中萬里加投,瑪鍊港口,43-104
萬里區,萬里,,691,萬里區,中萬里加投,瑪鍊港口,43-36
萬里區,萬里,,692,萬里區,中萬里加投,瑪鍊港口,43-48
萬里區,萬里,,693,萬里區,中萬里加投,瑪鍊港口,43-8
萬里區,萬里,,694,萬里區,中萬里加投,瑪鍊港口,43-7
萬里區,萬里,,695,萬里區,中萬里加投,瑪鍊港口,43-9
萬里區,萬里,,696,萬里區,中萬里加投,瑪鍊港口,43-46
萬里區,萬里,,697,萬里區,中萬里加投,瑪鍊港口,43-106
萬里區,萬里,,698,萬里區,中萬里加投,瑪鍊港口,62-1
萬里區,萬里,,699,萬里區,中萬里加投,瑪鍊港口,43-41
萬里區,萬里,,7,萬里區,中萬里加投,龜吼,111-4
萬里區,萬里,,70,萬里區,中萬里加投,龜吼,126-3
萬里區,萬里,,700,萬里區,中萬里加投,瑪鍊港口,43-10
萬里區,萬里,,701,萬里區,中萬里加投,瑪鍊港口,46
萬里區,萬里,,702,萬里區,中萬里加投,瑪鍊港口,17-15
萬里區,萬里,,703,萬里區,中萬里加投,瑪鍊港口,17-13
萬里區,萬里,,704,萬里區,中萬里加投,瑪鍊港口,17-10
萬里區,萬里,,705,萬里區,中萬里加投,瑪鍊港口,17-4
萬里區,萬里,,707,萬里區,中萬里加投,瑪鍊港口,17-14
萬里區,萬里,,708,萬里區,中萬里加投,瑪鍊港口,17-8
萬里區,萬里,,709,萬里區,中萬里加投,瑪鍊港口,17-6
萬里區,萬里,,71,萬里區,中萬里加投,龜吼,115-1
萬里區,萬里,,710,萬里區,中萬里加投,瑪鍊港口,17-12
萬里區,萬里,,711,萬里區,中萬里加投,瑪鍊港口,17-11
萬里區,萬里,,712,萬里區,中萬里加投,瑪鍊港口,17-3
萬里區,萬里,,713,萬里區,中萬里加投,瑪鍊港口,17-7
萬里區,萬里,,714,萬里區,中萬里加投,瑪鍊港口,18-2
萬里區,萬里,,715,萬里區,中萬里加投,瑪鍊港口,10-15
萬里區,萬里,,716,萬里區,中萬里加投,瑪鍊港口,10-13
萬里區,萬里,,717,萬里區,中萬里加投,瑪鍊港口,18-1
萬里區,萬里,,718,萬里區,中萬里加投,瑪鍊港口,18
萬里區,萬里,,719,萬里區,中萬里加投,瑪鍊港口,10-12
萬里區,萬里,,72,萬里區,中萬里加投,龜吼,118
萬里區,萬里,,720,萬里區,中萬里加投,瑪鍊港口,18-3
萬里區,萬里,,721,萬里區,中萬里加投,瑪鍊港口,72-26
萬里區,萬里,,722,萬里區,中萬里加投,瑪鍊港口,72-18
萬里區,萬里,,723,萬里區,中萬里加投,瑪鍊港口,17-2
萬里區,萬里,,724,萬里區,中萬里加投,瑪鍊港口,17-5
萬里區,萬里,,725,萬里區,中萬里加投,瑪鍊港口,17-9
萬里區,萬里,,726,萬里區,中萬里加投,瑪鍊港口,64-4
萬里區,萬里,,727,萬里區,中萬里加投,瑪鍊港口,64-6
萬里區,萬里,,728,萬里區,中萬里加投,瑪鍊港口,64-5
萬里區,萬里,,729,萬里區,中萬里加投,瑪鍊港口,64-1
萬里區,萬里,,73,萬里區,中萬里加投,龜吼,126-2
萬里區,萬里,,730,萬里區,中萬里加投,瑪鍊港口,63-1
萬里區,萬里,,731,萬里區,中萬里加投,瑪鍊港口,62
萬里區,萬里,,732,萬里區,中萬里加投,瑪鍊港口,72-21
萬里區,萬里,,733,萬里區,中萬里加投,瑪鍊港口,72-22
萬里區,萬里,,734,萬里區,中萬里加投,瑪鍊港口,64
萬里區,萬里,,735,萬里區,中萬里加投,瑪鍊港口,64-3
萬里區,萬里,,736,萬里區,中萬里加投,瑪鍊港口,72-6
萬里區,萬里,,737,萬里區,中萬里加投,瑪鍊港口,72-19
萬里區,萬里,,738,萬里區,中萬里加投,瑪鍊港口,72-20
萬里區,萬里,,739,萬里區,中萬里加投,瑪鍊港口,72-12
萬里區,萬里,,74,萬里區,中萬里加投,龜吼,126-4
萬里區,萬里,,740,萬里區,中萬里加投,瑪鍊港口,72-11
萬里區,萬里,,741,萬里區,中萬里加投,瑪鍊港口,72-3
萬里區,萬里,,742,萬里區,中萬里加投,瑪鍊港口,72-32
萬里區,萬里,,743,萬里區,中萬里加投,瑪鍊港口,72-10
萬里區,萬里,,744,萬里區,中萬里加投,瑪鍊港口,72-33
萬里區,萬里,,745,萬里區,中萬里加投,瑪鍊港口,72-4
萬里區,萬里,,746,萬里區,中萬里加投,瑪鍊港口,72-27
萬里區,萬里,,747,萬里區,中萬里加投,瑪鍊港口,15-5
萬里區,萬里,,748,萬里區,中萬里加投,瑪鍊港口,15-15
萬里區,萬里,,749,萬里區,中萬里加投,瑪鍊港口,15-13
萬里區,萬里,,75,萬里區,中萬里加投,龜吼,126-5
萬里區,萬里,,750,萬里區,中萬里加投,瑪鍊港口,16
萬里區,萬里,,751,萬里區,中萬里加投,瑪鍊港口,15-17
萬里區,萬里,,752,萬里區,中萬里加投,瑪鍊港口,9-12
萬里區,萬里,,753,萬里區,中萬里加投,瑪鍊港口,9-98
萬里區,萬里,,754,萬里區,中萬里加投,瑪鍊港口,9-14
萬里區,萬里,,755,萬里區,中萬里加投,瑪鍊港口,9-129
萬里區,萬里,,756,萬里區,中萬里加投,瑪鍊港口,9-99
萬里區,萬里,,757,萬里區,中萬里加投,瑪鍊港口,9-100
萬里區,萬里,,758,萬里區,中萬里加投,瑪鍊港口,9-113
萬里區,萬里,,759,萬里區,中萬里加投,瑪鍊港口,9-109
萬里區,萬里,,76,萬里區,中萬里加投,龜吼,125-1
萬里區,萬里,,760,萬里區,中萬里加投,瑪鍊港口,9-111
萬里區,萬里,,761,萬里區,中萬里加投,瑪鍊港口,9-13
萬里區,萬里,,762,萬里區,中萬里加投,瑪鍊港口,9-108
萬里區,萬里,,763,萬里區,中萬里加投,瑪鍊港口,9-110
萬里區,萬里,,764,萬里區,中萬里加投,瑪鍊港口,9-114
萬里區,萬里,,765,萬里區,中萬里加投,瑪鍊港口,9-106
萬里區,萬里,,766,萬里區,中萬里加投,瑪鍊港口,9-107
萬里區,萬里,,767,萬里區,中萬里加投,瑪鍊港口,9-115
萬里區,萬里,,768,萬里區,中萬里加投,瑪鍊港口,9-112
萬里區,萬里,,769,萬里區,中萬里加投,瑪鍊港口,9-85
萬里區,萬里,,770,萬里區,中萬里加投,瑪鍊港口,9-84
萬里區,萬里,,771,萬里區,中萬里加投,瑪鍊港口,9-81
萬里區,萬里,,772,萬里區,中萬里加投,瑪鍊港口,9-40
萬里區,萬里,,773,萬里區,中萬里加投,瑪鍊港口,9-86
萬里區,萬里,,774,萬里區,中萬里加投,瑪鍊港口,9-41
萬里區,萬里,,775,萬里區,中萬里加投,瑪鍊港口,16-4
萬里區,萬里,,776,萬里區,中萬里加投,瑪鍊港口,15-14
萬里區,萬里,,777,萬里區,中萬里加投,瑪鍊港口,16-3
萬里區,萬里,,778,萬里區,中萬里加投,瑪鍊港口,9-42
萬里區,萬里,,779,萬里區,中萬里加投,瑪鍊港口,72-5
萬里區,萬里,,78,萬里區,中萬里加投,龜吼,124
萬里區,萬里,,780,萬里區,中萬里加投,瑪鍊港口,72-2
萬里區,萬里,,781,萬里區,中萬里加投,瑪鍊港口,72-13
萬里區,萬里,,782,萬里區,中萬里加投,瑪鍊港口,72-14
萬里區,萬里,,783,萬里區,中萬里加投,瑪鍊港口,72-9
萬里區,萬里,,784,萬里區,中萬里加投,瑪鍊港口,72-8
萬里區,萬里,,785,萬里區,中萬里加投,瑪鍊港口,72-7
萬里區,萬里,,786,萬里區,中萬里加投,瑪鍊港口,72-1
萬里區,萬里,,787,萬里區,中萬里加投,瑪鍊港口,72-15
萬里區,萬里,,788,萬里區,中萬里加投,瑪鍊港口,72-28
萬里區,萬里,,789,萬里區,中萬里加投,瑪鍊港口,72-29
萬里區,萬里,,79,萬里區,中萬里加投,龜吼,123
萬里區,萬里,,790,萬里區,中萬里加投,瑪鍊港口,72-17
萬里區,萬里,,791,萬里區,中萬里加投,瑪鍊港口,73-3
萬里區,萬里,,792,萬里區,中萬里加投,瑪鍊港口,73-14
萬里區,萬里,,793,萬里區,中萬里加投,瑪鍊港口,73-7
萬里區,萬里,,794,萬里區,中萬里加投,瑪鍊港口,73-15
萬里區,萬里,,795,萬里區,中萬里加投,瑪鍊港口,72-16
萬里區,萬里,,796,萬里區,中萬里加投,瑪鍊港口,73-6
萬里區,萬里,,797,萬里區,中萬里加投,瑪鍊港口,73-2
萬里區,萬里,,798,萬里區,中萬里加投,瑪鍊港口,73-5
萬里區,萬里,,799,萬里區,中萬里加投,瑪鍊港口,73
萬里區,萬里,,8,萬里區,中萬里加投,龜吼,110-10
萬里區,萬里,,80,萬里區,中萬里加投,龜吼,122
萬里區,萬里,,800,萬里區,中萬里加投,瑪鍊港口,72-34
萬里區,萬里,,801,萬里區,中萬里加投,瑪鍊港口,72-30
萬里區,萬里,,802,萬里區,中萬里加投,瑪鍊港口,72
萬里區,萬里,,803,萬里區,中萬里加投,瑪鍊港口,71-1
萬里區,萬里,,804,萬里區,中萬里加投,瑪鍊港口,71-5
萬里區,萬里,,805,萬里區,中萬里加投,瑪鍊港口,71-2
萬里區,萬里,,806,萬里區,中萬里加投,瑪鍊港口,65
萬里區,萬里,,807,萬里區,中萬里加投,瑪鍊港口,66-1
萬里區,萬里,,808,萬里區,中萬里加投,瑪鍊港口,67
萬里區,萬里,,809,萬里區,中萬里加投,瑪鍊港口,67-2
萬里區,萬里,,81,萬里區,中萬里加投,龜吼,121
萬里區,萬里,,810,萬里區,中萬里加投,瑪鍊港口,61-2
萬里區,萬里,,811,萬里區,中萬里加投,瑪鍊港口,68-2
萬里區,萬里,,812,萬里區,中萬里加投,瑪鍊港口,69-1
萬里區,萬里,,813,萬里區,中萬里加投,瑪鍊港口,69
萬里區,萬里,,814,萬里區,中萬里加投,瑪鍊港口,68
萬里區,萬里,,815,萬里區,中萬里加投,瑪鍊港口,68-4
萬里區,萬里,,816,萬里區,中萬里加投,瑪鍊港口,71
萬里區,萬里,,817,萬里區,中萬里加投,瑪鍊港口,70
萬里區,萬里,,818,萬里區,中萬里加投,瑪鍊港口,71-6
萬里區,萬里,,819,萬里區,中萬里加投,瑪鍊港口,85-1
萬里區,萬里,,82,萬里區,中萬里加投,龜吼,118-1
萬里區,萬里,,820,萬里區,中萬里加投,瑪鍊港口,83-2
萬里區,萬里,,821,萬里區,中萬里加投,瑪鍊港口,71-3
萬里區,萬里,,822,萬里區,中萬里加投,瑪鍊港口,71-4
萬里區,萬里,,823,萬里區,中萬里加投,瑪鍊港口,73-10
萬里區,萬里,,824,萬里區,中萬里加投,瑪鍊港口,73-9
萬里區,萬里,,825,萬里區,中萬里加投,瑪鍊港口,73-12
萬里區,萬里,,826,萬里區,中萬里加投,瑪鍊港口,74-6
萬里區,萬里,,827,萬里區,中萬里加投,瑪鍊港口,74
萬里區,萬里,,828,萬里區,中萬里加投,瑪鍊港口,74-10
萬里區,萬里,,829,萬里區,中萬里加投,瑪鍊港口,74-3
萬里區,萬里,,83,萬里區,中萬里加投,龜吼,117
萬里區,萬里,,830,萬里區,中萬里加投,瑪鍊港口,73-16
萬里區,萬里,,831,萬里區,中萬里加投,瑪鍊港口,73-17
萬里區,萬里,,832,萬里區,中萬里加投,瑪鍊港口,73-18
萬里區,萬里,,833,萬里區,中萬里加投,瑪鍊港口,73-8
萬里區,萬里,,834,萬里區,中萬里加投,瑪鍊港口,74-8
萬里區,萬里,,835,萬里區,中萬里加投,瑪鍊港口,73-4
萬里區,萬里,,836,萬里區,中萬里加投,瑪鍊港口,99-6
萬里區,萬里,,837,萬里區,中萬里加投,瑪鍊港口,99-11
萬里區,萬里,,838,萬里區,中萬里加投,瑪鍊港口,99-3
萬里區,萬里,,839,萬里區,中萬里加投,瑪鍊港口,99-15
萬里區,萬里,,84,萬里區,中萬里加投,龜吼,119
萬里區,萬里,,840,萬里區,中萬里加投,瑪鍊港口,9-96
萬里區,萬里,,841,萬里區,中萬里加投,瑪鍊港口,9-87
萬里區,萬里,,842,萬里區,中萬里加投,瑪鍊港口,9-82
萬里區,萬里,,843,萬里區,中萬里加投,瑪鍊港口,9-11
萬里區,萬里,,844,萬里區,中萬里加投,瑪鍊港口,9-104
萬里區,萬里,,845,萬里區,中萬里加投,瑪鍊港口,9-156
萬里區,萬里,,846,萬里區,中萬里加投,瑪鍊港口,9-95
萬里區,萬里,,847,萬里區,中萬里加投,瑪鍊港口,9-88
萬里區,萬里,,848,萬里區,中萬里加投,瑪鍊港口,9-73
萬里區,萬里,,849,萬里區,中萬里加投,瑪鍊港口,9-74
萬里區,萬里,,85,萬里區,中萬里加投,龜吼,120
萬里區,萬里,,850,萬里區,中萬里加投,瑪鍊港口,9-89
萬里區,萬里,,851,萬里區,中萬里加投,瑪鍊港口,9-75
萬里區,萬里,,852,萬里區,中萬里加投,瑪鍊港口,9-105
萬里區,萬里,,853,萬里區,中萬里加投,瑪鍊港口,9-126
萬里區,萬里,,854,萬里區,中萬里加投,瑪鍊港口,9-8
萬里區,萬里,,855,萬里區,中萬里加投,瑪鍊港口,99-16
萬里區,萬里,,856,萬里區,中萬里加投,瑪鍊港口,9-102
萬里區,萬里,,857,萬里區,中萬里加投,瑪鍊港口,9-101
萬里區,萬里,,858,萬里區,中萬里加投,瑪鍊港口,9-155
萬里區,萬里,,859,萬里區,中萬里加投,瑪鍊港口,9-90
萬里區,萬里,,86,萬里區,中萬里加投,龜吼,130-3
萬里區,萬里,,860,萬里區,中萬里加投,瑪鍊港口,100-3
萬里區,萬里,,861,萬里區,中萬里加投,瑪鍊港口,9-91
萬里區,萬里,,862,萬里區,中萬里加投,瑪鍊港口,9-140
萬里區,萬里,,863,萬里區,中萬里加投,瑪鍊港口,9-93
萬里區,萬里,,864,萬里區,中萬里加投,瑪鍊港口,9-76
萬里區,萬里,,865,萬里區,中萬里加投,瑪鍊港口,9-77
萬里區,萬里,,866,萬里區,中萬里加投,瑪鍊港口,9-43
萬里區,萬里,,867,萬里區,中萬里加投,瑪鍊港口,9-94
萬里區,萬里,,868,萬里區,中萬里加投,瑪鍊港口,9-71
萬里區,萬里,,869,萬里區,中萬里加投,瑪鍊港口,9-70
萬里區,萬里,,87,萬里區,中萬里加投,龜吼,130-2
萬里區,萬里,,870,萬里區,中萬里加投,瑪鍊港口,104-10
萬里區,萬里,,871,萬里區,中萬里加投,瑪鍊港口,274
萬里區,萬里,,872,萬里區,中萬里加投,瑪鍊港口,104-9
萬里區,萬里,,873,萬里區,中萬里加投,瑪鍊港口,104-21
萬里區,萬里,,874,萬里區,中萬里加投,瑪鍊港口,104-2
萬里區,萬里,,875,萬里區,中萬里加投,瑪鍊港口,104-1
萬里區,萬里,,876,萬里區,中萬里加投,瑪鍊港口,104-11
萬里區,萬里,,877,萬里區,中萬里加投,瑪鍊港口,104-33
萬里區,萬里,,878,萬里區,中萬里加投,瑪鍊港口,104-3
萬里區,萬里,,879,萬里區,中萬里加投,瑪鍊港口,104-19
萬里區,萬里,,88,萬里區,中萬里加投,龜吼,130-4
萬里區,萬里,,880,萬里區,中萬里加投,瑪鍊港口,104-36
萬里區,萬里,,881,萬里區,中萬里加投,瑪鍊港口,103-2
萬里區,萬里,,882,萬里區,中萬里加投,瑪鍊港口,101-1
萬里區,萬里,,883,萬里區,中萬里加投,瑪鍊港口,100-4
萬里區,萬里,,884,萬里區,中萬里加投,瑪鍊港口,100
萬里區,萬里,,885,萬里區,中萬里加投,瑪鍊港口,100-1
萬里區,萬里,,886,萬里區,中萬里加投,瑪鍊港口,99-26
萬里區,萬里,,887,萬里區,中萬里加投,瑪鍊港口,99-27
萬里區,萬里,,888,萬里區,中萬里加投,瑪鍊港口,100-2
萬里區,萬里,,889,萬里區,中萬里加投,瑪鍊港口,102
萬里區,萬里,,89,萬里區,中萬里加投,龜吼,130-6
萬里區,萬里,,890,萬里區,中萬里加投,瑪鍊港口,101
萬里區,萬里,,891,萬里區,中萬里加投,瑪鍊港口,101-2
萬里區,萬里,,892,萬里區,中萬里加投,瑪鍊港口,102-2
萬里區,萬里,,893,萬里區,中萬里加投,瑪鍊港口,9-92
萬里區,萬里,,894,萬里區,中萬里加投,瑪鍊港口,103-3
萬里區,萬里,,895,萬里區,中萬里加投,瑪鍊港口,102-3
萬里區,萬里,,896,萬里區,中萬里加投,瑪鍊港口,102-1
萬里區,萬里,,897,萬里區,中萬里加投,瑪鍊港口,103-1
萬里區,萬里,,898,萬里區,中萬里加投,瑪鍊港口,103
萬里區,萬里,,899,萬里區,中萬里加投,瑪鍊港口,254-1
萬里區,萬里,,9,萬里區,中萬里加投,龜吼,110-35
萬里區,萬里,,90,萬里區,中萬里加投,龜吼,130-21
萬里區,萬里,,900,萬里區,中萬里加投,瑪鍊港口,254
萬里區,萬里,,901,萬里區,中萬里加投,瑪鍊港口,254-4
萬里區,萬里,,902,萬里區,中萬里加投,瑪鍊港口,9-4
萬里區,萬里,,903,萬里區,中萬里加投,瑪鍊港口,254-5
萬里區,萬里,,904,萬里區,中萬里加投,瑪鍊港口,254-3
萬里區,萬里,,905,萬里區,中萬里加投,瑪鍊港口,254-2
萬里區,萬里,,906,萬里區,中萬里加投,瑪鍊港口,117
萬里區,萬里,,907,萬里區,中萬里加投,瑪鍊港口,117-4
萬里區,萬里,,908,萬里區,中萬里加投,瑪鍊港口,117-2
萬里區,萬里,,909,萬里區,中萬里加投,瑪鍊港口,104-30
萬里區,萬里,,91,萬里區,中萬里加投,龜吼,175-5
萬里區,萬里,,910,萬里區,中萬里加投,瑪鍊港口,104-17
萬里區,萬里,,911,萬里區,中萬里加投,瑪鍊港口,104-18
萬里區,萬里,,912,萬里區,中萬里加投,瑪鍊港口,104-20
萬里區,萬里,,913,萬里區,中萬里加投,瑪鍊港口,104-5
萬里區,萬里,,914,萬里區,中萬里加投,瑪鍊港口,104-29
萬里區,萬里,,915,萬里區,中萬里加投,瑪鍊港口,104-16
萬里區,萬里,,916,萬里區,中萬里加投,瑪鍊港口,104-8
萬里區,萬里,,917,萬里區,中萬里加投,瑪鍊港口,104-25
萬里區,萬里,,918,萬里區,中萬里加投,瑪鍊港口,104-15
萬里區,萬里,,919,萬里區,中萬里加投,瑪鍊港口,104-34
萬里區,萬里,,92,萬里區,中萬里加投,龜吼,175-11
萬里區,萬里,,920,萬里區,中萬里加投,瑪鍊港口,104-12
萬里區,萬里,,921,萬里區,中萬里加投,瑪鍊港口,104-13
萬里區,萬里,,923,萬里區,中萬里加投,瑪鍊港口,104-31
萬里區,萬里,,924,萬里區,中萬里加投,瑪鍊港口,104-37
萬里區,萬里,,925,萬里區,中萬里加投,瑪鍊港口,104-14
萬里區,萬里,,926,萬里區,中萬里加投,瑪鍊港口,104-28
萬里區,萬里,,927,萬里區,中萬里加投,瑪鍊港口,104
萬里區,萬里,,928,萬里區,中萬里加投,瑪鍊港口,104-27
萬里區,萬里,,929,萬里區,中萬里加投,瑪鍊港口,104-35
萬里區,萬里,,93,萬里區,中萬里加投,龜吼,175-10
萬里區,萬里,,930,萬里區,中萬里加投,瑪鍊港口,105-2
萬里區,萬里,,931,萬里區,中萬里加投,瑪鍊港口,104-26
萬里區,萬里,,932,萬里區,中萬里加投,瑪鍊港口,105-3
萬里區,萬里,,933,萬里區,中萬里加投,瑪鍊港口,104-4
萬里區,萬里,,934,萬里區,中萬里加投,瑪鍊港口,105-1
萬里區,萬里,,935,萬里區,中萬里加投,瑪鍊港口,104-6
萬里區,萬里,,936,萬里區,中萬里加投,瑪鍊港口,104-23
萬里區,萬里,,937,萬里區,中萬里加投,瑪鍊港口,104-24
萬里區,萬里,,938,萬里區,中萬里加投,瑪鍊港口,104-7
萬里區,萬里,,939,萬里區,中萬里加投,瑪鍊港口,117-3
萬里區,萬里,,94,萬里區,中萬里加投,龜吼,175
萬里區,萬里,,940,萬里區,中萬里加投,瑪鍊港口,116
萬里區,萬里,,941,萬里區,中萬里加投,瑪鍊港口,117-1
萬里區,萬里,,942,萬里區,中萬里加投,瑪鍊港口,121-13
萬里區,萬里,,943,萬里區,中萬里加投,瑪鍊港口,121-14
萬里區,萬里,,944,萬里區,中萬里加投,瑪鍊港口,121-15
萬里區,萬里,,945,萬里區,中萬里加投,瑪鍊港口,135-2
萬里區,萬里,,946,萬里區,中萬里加投,瑪鍊港口,135-1
萬里區,萬里,,947,萬里區,中萬里加投,瑪鍊港口,135-4
萬里區,萬里,,948,萬里區,中萬里加投,瑪鍊港口,121-1
萬里區,萬里,,949,萬里區,中萬里加投,瑪鍊港口,121-19
萬里區,萬里,,95,萬里區,中萬里加投,龜吼,175-6
萬里區,萬里,,950,萬里區,中萬里加投,瑪鍊港口,121-2
萬里區,萬里,,951,萬里區,中萬里加投,瑪鍊港口,121-12
萬里區,萬里,,952,萬里區,中萬里加投,瑪鍊港口,121-18
萬里區,萬里,,953,萬里區,中萬里加投,瑪鍊港口,121-20
萬里區,萬里,,954,萬里區,中萬里加投,瑪鍊港口,121-22
萬里區,萬里,,955,萬里區,中萬里加投,瑪鍊港口,121-4
萬里區,萬里,,956,萬里區,中萬里加投,瑪鍊港口,121-10
萬里區,萬里,,957,萬里區,中萬里加投,瑪鍊港口,121-21
萬里區,萬里,,958,萬里區,中萬里加投,瑪鍊港口,121-23
萬里區,萬里,,959,萬里區,中萬里加投,瑪鍊港口,135-3
萬里區,萬里,,96,萬里區,中萬里加投,龜吼,176-1
萬里區,萬里,,960,萬里區,中萬里加投,瑪鍊港口,121-7
萬里區,萬里,,961,萬里區,中萬里加投,瑪鍊港口,121-24
萬里區,萬里,,962,萬里區,中萬里加投,瑪鍊港口,121-3
萬里區,萬里,,963,萬里區,中萬里加投,瑪鍊港口,135
萬里區,萬里,,964,萬里區,中萬里加投,瑪鍊港口,121-25
萬里區,萬里,,965,萬里區,中萬里加投,瑪鍊港口,121-16
萬里區,萬里,,966,萬里區,中萬里加投,瑪鍊港口,121-17
萬里區,萬里,,967,萬里區,中萬里加投,瑪鍊港口,121
萬里區,萬里,,968,萬里區,中萬里加投,瑪鍊港口,120
萬里區,萬里,,969,萬里區,中萬里加投,瑪鍊港口,121-11
萬里區,萬里,,97,萬里區,中萬里加投,龜吼,176-2
萬里區,萬里,,970,萬里區,中萬里加投,瑪鍊港口,119
萬里區,萬里,,971,萬里區,中萬里加投,瑪鍊港口,121-6
萬里區,萬里,,972,萬里區,中萬里加投,瑪鍊港口,123
萬里區,萬里,,973,萬里區,中萬里加投,瑪鍊港口,118
萬里區,萬里,,974,萬里區,中萬里加投,瑪鍊港口,118-1
萬里區,萬里,,975,萬里區,中萬里加投,瑪鍊港口,121-5
萬里區,萬里,,976,萬里區,中萬里加投,瑪鍊港口,113-1
萬里區,萬里,,977,萬里區,中萬里加投,瑪鍊港口,112
萬里區,萬里,,978,萬里區,中萬里加投,瑪鍊港口,111
萬里區,萬里,,979,萬里區,中萬里加投,瑪鍊港口,113
萬里區,萬里,,98,萬里區,中萬里加投,龜吼,176-10
萬里區,萬里,,980,萬里區,中萬里加投,瑪鍊港口,114
萬里區,萬里,,981,萬里區,中萬里加投,瑪鍊港口,110
萬里區,萬里,,982,萬里區,中萬里加投,瑪鍊港口,110-1
萬里區,萬里,,983,萬里區,中萬里加投,瑪鍊港口,114-1
萬里區,萬里,,984,萬里區,中萬里加投,瑪鍊港口,116-1
萬里區,萬里,,985,萬里區,中萬里加投,瑪鍊港口,115
萬里區,萬里,,986,萬里區,中萬里加投,瑪鍊港口,106
萬里區,萬里,,987,萬里區,中萬里加投,瑪鍊港口,106-1
萬里區,萬里,,988,萬里區,中萬里加投,瑪鍊港口,106-3
萬里區,萬里,,989,萬里區,中萬里加投,瑪鍊港口,106-2
萬里區,萬里,,99,萬里區,中萬里加投,龜吼,176
萬里區,萬里,,990,萬里區,中萬里加投,瑪鍊港口,108-9
萬里區,萬里,,991,萬里區,中萬里加投,瑪鍊港口,107
萬里區,萬里,,992,萬里區,中萬里加投,瑪鍊港口,105
萬里區,萬里,,993,萬里區,中萬里加投,瑪鍊港口,108-1
萬里區,萬里,,994,萬里區,中萬里加投,瑪鍊港口,108-6
萬里區,萬里,,995,萬里區,中萬里加投,瑪鍊港口,108-5
萬里區,萬里,,996,萬里區,中萬里加投,瑪鍊港口,108-11
萬里區,萬里,,997,萬里區,中萬里加投,瑪鍊港口,108-2
萬里區,萬里,,998,萬里區,中萬里加投,瑪鍊港口,108-4
萬里區,萬里,,999,萬里區,中萬里加投,瑪鍊港口,108-12
