districtNew,sectionNew,subsectionNew,landNumberNew,districtOld,sectionOld,subsectionOld,landNumberOld
烏來區,南勢,,1,烏來區,烏來,,996-5
烏來區,南勢,,10,烏來區,烏來,,996-8
烏來區,南勢,,100,烏來區,烏來,,1027-3
烏來區,南勢,,101,烏來區,烏來,,1027-4
烏來區,南勢,,102,烏來區,烏來,,1027-13
烏來區,南勢,,103,烏來區,烏來,,1027-8
烏來區,南勢,,104,烏來區,烏來,,1027-14
烏來區,南勢,,105,烏來區,烏來,,1029-3
烏來區,南勢,,106,烏來區,烏來,,1029-9
烏來區,南勢,,107,烏來區,烏來,,1029-7
烏來區,南勢,,108,烏來區,烏來,,1029-8
烏來區,南勢,,109,烏來區,烏來,,1029-11
烏來區,南勢,,11,烏來區,烏來,,996-10
烏來區,南勢,,110,烏來區,烏來,,1029-10
烏來區,南勢,,111,烏來區,烏來,,1029-2
烏來區,南勢,,112,烏來區,烏來,,1029-12
烏來區,南勢,,113,烏來區,烏來,,1029-1
烏來區,南勢,,114,烏來區,烏來,,1029-4
烏來區,南勢,,115,烏來區,烏來,,1027-15
烏來區,南勢,,116,烏來區,烏來,,1029-15
烏來區,南勢,,117,烏來區,烏來,,1027-5
烏來區,南勢,,118,烏來區,烏來,,1027-16
烏來區,南勢,,119,烏來區,烏來,,1026-6
烏來區,南勢,,12,烏來區,烏來,,996-3
烏來區,南勢,,120,烏來區,烏來,,1025-12
烏來區,南勢,,121,烏來區,烏來,,1025-9
烏來區,南勢,,122,烏來區,烏來,,1026
烏來區,南勢,,123,烏來區,烏來,,1026-1
烏來區,南勢,,124,烏來區,烏來,,1026-7
烏來區,南勢,,125,烏來區,烏來,,1026-8
烏來區,南勢,,126,烏來區,烏來,,1029-14
烏來區,南勢,,127,烏來區,烏來,,1029-13
烏來區,南勢,,128,烏來區,烏來,,1029-5
烏來區,南勢,,129,烏來區,烏來,,1029-6
烏來區,南勢,,13,烏來區,烏來,,997-8
烏來區,南勢,,130,烏來區,烏來,,997-11
烏來區,南勢,,131,烏來區,烏來,,1033-1
烏來區,南勢,,132,烏來區,烏來,,1033-4
烏來區,南勢,,133,烏來區,烏來,,1033-2
烏來區,南勢,,134,烏來區,烏來,,1028-1
烏來區,南勢,,135,烏來區,烏來,,1028
烏來區,南勢,,136,烏來區,烏來,,1028-4
烏來區,南勢,,137,烏來區,烏來,,1033
烏來區,南勢,,138,烏來區,烏來,,1033-5
烏來區,南勢,,139,烏來區,烏來,,1033-3
烏來區,南勢,,14,烏來區,烏來,,996-2
烏來區,南勢,,141,烏來區,烏來,,1032-2
烏來區,南勢,,142,烏來區,烏來,,1032
烏來區,南勢,,143,烏來區,烏來,,1032-4
烏來區,南勢,,144,烏來區,烏來,,1032-1
烏來區,南勢,,145,烏來區,烏來,,1030
烏來區,南勢,,146,烏來區,烏來,,1031
烏來區,南勢,,147,烏來區,烏來,,1031-1
烏來區,南勢,,148,烏來區,烏來,,1031-2
烏來區,南勢,,149,烏來區,烏來,,1031-3
烏來區,南勢,,15,烏來區,烏來,,996-13
烏來區,南勢,,150,烏來區,烏來,,1031-4
烏來區,南勢,,151,烏來區,烏來,,1032-3
烏來區,南勢,,153,烏來區,烏來,,366-20
烏來區,南勢,,154,烏來區,烏來,,1034-2
烏來區,南勢,,155,烏來區,烏來,,366-21
烏來區,南勢,,156,烏來區,烏來,,1050-10
烏來區,南勢,,157,烏來區,烏來,,1050-23
烏來區,南勢,,158,烏來區,烏來,,1035-3
烏來區,南勢,,159,烏來區,烏來,,1035-5
烏來區,南勢,,16,烏來區,烏來,,996-7
烏來區,南勢,,160,烏來區,烏來,,1034-5
烏來區,南勢,,161,烏來區,烏來,,1035
烏來區,南勢,,162,烏來區,烏來,,1035-4
烏來區,南勢,,163,烏來區,烏來,,1035-8
烏來區,南勢,,164,烏來區,烏來,,1034
烏來區,南勢,,165,烏來區,烏來,,1034-1
烏來區,南勢,,166,烏來區,烏來,,1034-6
烏來區,南勢,,167,烏來區,烏來,,1034-3
烏來區,南勢,,168,烏來區,烏來,,1034-4
烏來區,南勢,,169,烏來區,烏來,,1064-47
烏來區,南勢,,17,烏來區,烏來,,997-4
烏來區,南勢,,170,烏來區,烏來,,1038-5
烏來區,南勢,,171,烏來區,烏來,,1038-4
烏來區,南勢,,172,烏來區,烏來,,1038-3
烏來區,南勢,,173,烏來區,烏來,,1038-6
烏來區,南勢,,174,烏來區,烏來,,1038-2
烏來區,南勢,,175,烏來區,烏來,,1038
烏來區,南勢,,176,烏來區,烏來,,1038-1
烏來區,南勢,,177,烏來區,烏來,,1039-2
烏來區,南勢,,178,烏來區,烏來,,1039-1
烏來區,南勢,,179,烏來區,烏來,,1039
烏來區,南勢,,18,烏來區,烏來,,997-5
烏來區,南勢,,183,烏來區,烏來,,115
烏來區,南勢,,184,烏來區,烏來,,130-6
烏來區,南勢,,185,烏來區,烏來,,130-5
烏來區,南勢,,186,烏來區,烏來,,130-4
烏來區,南勢,,187,烏來區,烏來,,130-3
烏來區,南勢,,188,烏來區,烏來,,130-9
烏來區,南勢,,189,烏來區,烏來,,131-3
烏來區,南勢,,19,烏來區,烏來,,997-6
烏來區,南勢,,190,烏來區,烏來,,1064-60
烏來區,南勢,,191,烏來區,烏來,,131-6
烏來區,南勢,,192,烏來區,烏來,,1064-18
烏來區,南勢,,193,烏來區,烏來,,1064-61
烏來區,南勢,,194,烏來區,烏來,,1064-62
烏來區,南勢,,195,烏來區,烏來,,1064-59
烏來區,南勢,,196,烏來區,烏來,,1064-24
烏來區,南勢,,197,烏來區,烏來,,1040-2
烏來區,南勢,,198,烏來區,烏來,,1064-25
烏來區,南勢,,199,烏來區,烏來,,1064-58
烏來區,南勢,,2,烏來區,烏來,,996-11
烏來區,南勢,,20,烏來區,烏來,,997-1
烏來區,南勢,,200,烏來區,烏來,,1064-45
烏來區,南勢,,201,烏來區,烏來,,1040-1
烏來區,南勢,,202,烏來區,烏來,,1037-6
烏來區,南勢,,203,烏來區,烏來,,1036
烏來區,南勢,,204,烏來區,烏來,,1037
烏來區,南勢,,205,烏來區,烏來,,1040
烏來區,南勢,,206,烏來區,烏來,,1064
烏來區,南勢,,207,烏來區,烏來,,1064-26
烏來區,南勢,,208,烏來區,烏來,,1064-81
烏來區,南勢,,209,烏來區,烏來,,1064-46
烏來區,南勢,,21,烏來區,烏來,,996-14
烏來區,南勢,,210,烏來區,烏來,,1037-2
烏來區,南勢,,211,烏來區,烏來,,1037-8
烏來區,南勢,,212,烏來區,烏來,,1037-9
烏來區,南勢,,213,烏來區,烏來,,1037-4
烏來區,南勢,,214,烏來區,烏來,,1041-8
烏來區,南勢,,215,烏來區,烏來,,1041-3
烏來區,南勢,,216,烏來區,烏來,,1037-5
烏來區,南勢,,217,烏來區,烏來,,1041-16
烏來區,南勢,,218,烏來區,烏來,,1041
烏來區,南勢,,219,烏來區,烏來,,1041-4
烏來區,南勢,,22,烏來區,烏來,,997-9
烏來區,南勢,,220,烏來區,烏來,,1041-10
烏來區,南勢,,221,烏來區,烏來,,1041-2
烏來區,南勢,,222,烏來區,烏來,,1041-14
烏來區,南勢,,223,烏來區,烏來,,1041-11
烏來區,南勢,,224,烏來區,烏來,,1041-15
烏來區,南勢,,225,烏來區,烏來,,1042
烏來區,南勢,,226,烏來區,烏來,,1035-1
烏來區,南勢,,227,烏來區,烏來,,1035-9
烏來區,南勢,,228,烏來區,烏來,,1035-10
烏來區,南勢,,229,烏來區,烏來,,1043
烏來區,南勢,,23,烏來區,烏來,,997-2
烏來區,南勢,,230,烏來區,烏來,,1044
烏來區,南勢,,231,烏來區,烏來,,1035-2
烏來區,南勢,,232,烏來區,烏來,,1035-6
烏來區,南勢,,233,烏來區,烏來,,1035-7
烏來區,南勢,,234,烏來區,烏來,,1047-2
烏來區,南勢,,235,烏來區,烏來,,1047-1
烏來區,南勢,,236,烏來區,烏來,,1045
烏來區,南勢,,237,烏來區,烏來,,1047
烏來區,南勢,,238,烏來區,烏來,,1046
烏來區,南勢,,239,烏來區,烏來,,1046-1
烏來區,南勢,,24,烏來區,烏來,,998-3
烏來區,南勢,,240,烏來區,烏來,,1050-11
烏來區,南勢,,241,烏來區,烏來,,1041-12
烏來區,南勢,,242,烏來區,烏來,,1041-9
烏來區,南勢,,243,烏來區,烏來,,1041-17
烏來區,南勢,,244,烏來區,烏來,,1037-3
烏來區,南勢,,245,烏來區,烏來,,1064-20
烏來區,南勢,,246,烏來區,烏來,,1064-82
烏來區,南勢,,247,烏來區,烏來,,1037-7
烏來區,南勢,,248,烏來區,烏來,,1037-1
烏來區,南勢,,249,烏來區,烏來,,1041-13
烏來區,南勢,,25,烏來區,烏來,,998-1
烏來區,南勢,,250,烏來區,烏來,,1051
烏來區,南勢,,251,烏來區,烏來,,1051-1
烏來區,南勢,,252,烏來區,烏來,,1049-6
烏來區,南勢,,253,烏來區,烏來,,1049-1
烏來區,南勢,,254,烏來區,烏來,,1049-3
烏來區,南勢,,255,烏來區,烏來,,1049-4
烏來區,南勢,,256,烏來區,烏來,,1049-5
烏來區,南勢,,257,烏來區,烏來,,1049
烏來區,南勢,,258,烏來區,烏來,,1049-2
烏來區,南勢,,259,烏來區,烏來,,1048
烏來區,南勢,,26,烏來區,烏來,,998-4
烏來區,南勢,,260,烏來區,烏來,,1048-2
烏來區,南勢,,261,烏來區,烏來,,1048-1
烏來區,南勢,,262,烏來區,烏來,,1050-1
烏來區,南勢,,263,烏來區,烏來,,1050-16
烏來區,南勢,,264,烏來區,烏來,,1050-13
烏來區,南勢,,265,烏來區,烏來,,1050-4
烏來區,南勢,,266,烏來區,烏來,,1050-3
烏來區,南勢,,267,烏來區,烏來,,1051-2
烏來區,南勢,,268,烏來區,烏來,,1052
烏來區,南勢,,269,烏來區,烏來,,1053-3
烏來區,南勢,,27,烏來區,烏來,,998
烏來區,南勢,,270,烏來區,烏來,,1051-8
烏來區,南勢,,271,烏來區,烏來,,1051-5
烏來區,南勢,,272,烏來區,烏來,,1051-7
烏來區,南勢,,273,烏來區,烏來,,1055-2
烏來區,南勢,,274,烏來區,烏來,,1051-3
烏來區,南勢,,275,烏來區,烏來,,1053-2
烏來區,南勢,,276,烏來區,烏來,,1050
烏來區,南勢,,277,烏來區,烏來,,1050-12
烏來區,南勢,,278,烏來區,烏來,,1050-2
烏來區,南勢,,279,烏來區,烏來,,1050-14
烏來區,南勢,,28,烏來區,烏來,,999
烏來區,南勢,,280,烏來區,烏來,,1050-25
烏來區,南勢,,281,烏來區,烏來,,1050-5
烏來區,南勢,,282,烏來區,烏來,,1050-27
烏來區,南勢,,283,烏來區,烏來,,1050-24
烏來區,南勢,,284,烏來區,烏來,,1050-26
烏來區,南勢,,285,烏來區,烏來,,1050-28
烏來區,南勢,,286,烏來區,烏來,,1050-15
烏來區,南勢,,287,烏來區,烏來,,1050-6
烏來區,南勢,,288,烏來區,烏來,,1050-7
烏來區,南勢,,289,烏來區,烏來,,1050-21
烏來區,南勢,,29,烏來區,烏來,,998-2
烏來區,南勢,,290,烏來區,烏來,,1050-22
烏來區,南勢,,291,烏來區,烏來,,1050-19
烏來區,南勢,,292,烏來區,烏來,,1050-20
烏來區,南勢,,293,烏來區,烏來,,1050-8
烏來區,南勢,,294,烏來區,烏來,,1050-9
烏來區,南勢,,295,烏來區,烏來,,1055-1
烏來區,南勢,,296,烏來區,烏來,,1055
烏來區,南勢,,297,烏來區,烏來,,1055-3
烏來區,南勢,,298,烏來區,烏來,,1053
烏來區,南勢,,299,烏來區,烏來,,1054-6
烏來區,南勢,,3,烏來區,烏來,,996-1
烏來區,南勢,,30,烏來區,烏來,,999-1
烏來區,南勢,,300,烏來區,烏來,,1054
烏來區,南勢,,301,烏來區,烏來,,1054-10
烏來區,南勢,,302,烏來區,烏來,,1055-5
烏來區,南勢,,303,烏來區,烏來,,1055-4
烏來區,南勢,,304,烏來區,烏來,,1056-2
烏來區,南勢,,305,烏來區,烏來,,1054-11
烏來區,南勢,,306,烏來區,烏來,,1054-12
烏來區,南勢,,307,烏來區,烏來,,1057-3
烏來區,南勢,,308,烏來區,烏來,,1058-3
烏來區,南勢,,309,烏來區,烏來,,1058
烏來區,南勢,,31,烏來區,烏來,,997
烏來區,南勢,,310,烏來區,烏來,,1058-9
烏來區,南勢,,311,烏來區,烏來,,1058-2
烏來區,南勢,,312,烏來區,烏來,,1062-2
烏來區,南勢,,313,烏來區,烏來,,1058-7
烏來區,南勢,,314,烏來區,烏來,,1058-8
烏來區,南勢,,315,烏來區,烏來,,1058-10
烏來區,南勢,,316,烏來區,烏來,,1058-6
烏來區,南勢,,317,烏來區,烏來,,1062-7
烏來區,南勢,,318,烏來區,烏來,,1060-2
烏來區,南勢,,319,烏來區,烏來,,1058-5
烏來區,南勢,,32,烏來區,烏來,,997-7
烏來區,南勢,,320,烏來區,烏來,,1060
烏來區,南勢,,321,烏來區,烏來,,1058-4
烏來區,南勢,,322,烏來區,烏來,,1059-1
烏來區,南勢,,323,烏來區,烏來,,1060-1
烏來區,南勢,,324,烏來區,烏來,,1062-12
烏來區,南勢,,325,烏來區,烏來,,1062-17
烏來區,南勢,,326,烏來區,烏來,,1061-3
烏來區,南勢,,327,烏來區,烏來,,1061
烏來區,南勢,,328,烏來區,烏來,,1061-1
烏來區,南勢,,329,烏來區,烏來,,1054-14
烏來區,南勢,,33,烏來區,烏來,,997-3
烏來區,南勢,,330,烏來區,烏來,,1054-13
烏來區,南勢,,331,烏來區,烏來,,1054-18
烏來區,南勢,,332,烏來區,烏來,,1054-19
烏來區,南勢,,333,烏來區,烏來,,1064-4
烏來區,南勢,,334,烏來區,烏來,,1064-5
烏來區,南勢,,335,烏來區,烏來,,1054-15
烏來區,南勢,,336,烏來區,烏來,,1064-35
烏來區,南勢,,337,烏來區,烏來,,1064-39
烏來區,南勢,,338,烏來區,烏來,,1054-16
烏來區,南勢,,339,烏來區,烏來,,1062-5
烏來區,南勢,,34,烏來區,烏來,,1001-2
烏來區,南勢,,340,烏來區,烏來,,1061-2
烏來區,南勢,,341,烏來區,烏來,,1062-19
烏來區,南勢,,342,烏來區,烏來,,1062-1
烏來區,南勢,,343,烏來區,烏來,,1062-6
烏來區,南勢,,344,烏來區,烏來,,1064-7
烏來區,南勢,,345,烏來區,烏來,,1054-20
烏來區,南勢,,346,烏來區,烏來,,1054-17
烏來區,南勢,,347,烏來區,烏來,,1064-67
烏來區,南勢,,348,烏來區,烏來,,1064-40
烏來區,南勢,,349,烏來區,烏來,,1064-36
烏來區,南勢,,35,烏來區,烏來,,1001
烏來區,南勢,,350,烏來區,烏來,,1064-37
烏來區,南勢,,351,烏來區,烏來,,1064-41
烏來區,南勢,,352,烏來區,烏來,,1064-68
烏來區,南勢,,353,烏來區,烏來,,1064-38
烏來區,南勢,,354,烏來區,烏來,,1064-42
烏來區,南勢,,357,烏來區,烏來,,1064-43
烏來區,南勢,,358,烏來區,烏來,,1064-53
烏來區,南勢,,359,烏來區,烏來,,1062-9
烏來區,南勢,,36,烏來區,烏來,,1001-4
烏來區,南勢,,360,烏來區,烏來,,1062-8
烏來區,南勢,,361,烏來區,烏來,,1062-14
烏來區,南勢,,362,烏來區,烏來,,1062-15
烏來區,南勢,,363,烏來區,烏來,,1062-16
烏來區,南勢,,364,烏來區,烏來,,1062-21
烏來區,南勢,,365,烏來區,烏來,,1062-22
烏來區,南勢,,366,烏來區,烏來,,1062-11
烏來區,南勢,,367,烏來區,烏來,,1062-10
烏來區,南勢,,368,烏來區,烏來,,1062-3
烏來區,南勢,,369,烏來區,烏來,,1064-6
烏來區,南勢,,37,烏來區,烏來,,1001-1
烏來區,南勢,,370,烏來區,烏來,,1064-63
烏來區,南勢,,371,烏來區,烏來,,1064-52
烏來區,南勢,,372,烏來區,烏來,,1064-51
烏來區,南勢,,373,烏來區,烏來,,1062-20
烏來區,南勢,,374,烏來區,烏來,,131-5
烏來區,南勢,,375,烏來區,烏來,,131-2
烏來區,南勢,,376,烏來區,烏來,,130-7
烏來區,南勢,,377,烏來區,烏來,,128-1
烏來區,南勢,,378,烏來區,烏來,,131-1
烏來區,南勢,,379,烏來區,烏來,,131
烏來區,南勢,,38,烏來區,烏來,,1001-3
烏來區,南勢,,380,烏來區,烏來,,130-2
烏來區,南勢,,381,烏來區,烏來,,128
烏來區,南勢,,382,烏來區,烏來,,129
烏來區,南勢,,383,烏來區,烏來,,131-4
烏來區,南勢,,384,烏來區,烏來,,130
烏來區,南勢,,386,烏來區,烏來,,115-3
烏來區,南勢,,387,烏來區,烏來,,123-2
烏來區,南勢,,388,烏來區,烏來,,123-8
烏來區,南勢,,389,烏來區,烏來,,123
烏來區,南勢,,39,烏來區,烏來,,1000-1
烏來區,南勢,,390,烏來區,烏來,,123-1
烏來區,南勢,,391,烏來區,烏來,,124-4
烏來區,南勢,,392,烏來區,烏來,,130-1
烏來區,南勢,,393,烏來區,烏來,,124-5
烏來區,南勢,,394,烏來區,烏來,,124-2
烏來區,南勢,,395,烏來區,烏來,,124-1
烏來區,南勢,,396,烏來區,烏來,,128-2
烏來區,南勢,,397,烏來區,烏來,,127-2
烏來區,南勢,,398,烏來區,烏來,,127
烏來區,南勢,,399,烏來區,烏來,,127-1
烏來區,南勢,,4,烏來區,烏來,,996-12
烏來區,南勢,,40,烏來區,烏來,,1000
烏來區,南勢,,400,烏來區,烏來,,126
烏來區,南勢,,401,烏來區,烏來,,125-1
烏來區,南勢,,402,烏來區,烏來,,125-2
烏來區,南勢,,403,烏來區,烏來,,126-1
烏來區,南勢,,404,烏來區,烏來,,125
烏來區,南勢,,405,烏來區,烏來,,122-16
烏來區,南勢,,406,烏來區,烏來,,124-3
烏來區,南勢,,407,烏來區,烏來,,124
烏來區,南勢,,408,烏來區,烏來,,123-5
烏來區,南勢,,409,烏來區,烏來,,123-3
烏來區,南勢,,41,烏來區,烏來,,1000-2
烏來區,南勢,,410,烏來區,烏來,,123-6
烏來區,南勢,,411,烏來區,烏來,,115-4
烏來區,南勢,,412,烏來區,烏來,,122-9
烏來區,南勢,,413,烏來區,烏來,,122-2
烏來區,南勢,,414,烏來區,烏來,,122-10
烏來區,南勢,,415,烏來區,烏來,,122-3
烏來區,南勢,,416,烏來區,烏來,,122-19
烏來區,南勢,,417,烏來區,烏來,,122-11
烏來區,南勢,,418,烏來區,烏來,,122-1
烏來區,南勢,,419,烏來區,烏來,,122-8
烏來區,南勢,,42,烏來區,烏來,,1013
烏來區,南勢,,420,烏來區,烏來,,122
烏來區,南勢,,421,烏來區,烏來,,122-7
烏來區,南勢,,422,烏來區,烏來,,122-6
烏來區,南勢,,423,烏來區,烏來,,125-4
烏來區,南勢,,424,烏來區,烏來,,120
烏來區,南勢,,425,烏來區,烏來,,120-1
烏來區,南勢,,426,烏來區,烏來,,125-3
烏來區,南勢,,427,烏來區,烏來,,1064-21
烏來區,南勢,,428,烏來區,烏來,,1064-50
烏來區,南勢,,429,烏來區,烏來,,1064-69
烏來區,南勢,,43,烏來區,烏來,,1011
烏來區,南勢,,430,烏來區,烏來,,1064-70
烏來區,南勢,,431,烏來區,烏來,,1067-7
烏來區,南勢,,432,烏來區,烏來,,1050-18
烏來區,南勢,,433,烏來區,烏來,,1050-17
烏來區,南勢,,434,烏來區,烏來,,1064-71
烏來區,南勢,,435,烏來區,烏來,,1064-73
烏來區,南勢,,436,烏來區,烏來,,1067-16
烏來區,南勢,,437,烏來區,烏來,,1064-1
烏來區,南勢,,438,烏來區,烏來,,1066-1
烏來區,南勢,,439,烏來區,烏來,,1066
烏來區,南勢,,44,烏來區,烏來,,1011-1
烏來區,南勢,,440,烏來區,烏來,,1064-64
烏來區,南勢,,441,烏來區,烏來,,1066-2
烏來區,南勢,,442,烏來區,烏來,,1064-65
烏來區,南勢,,443,烏來區,烏來,,1063-4
烏來區,南勢,,444,烏來區,烏來,,1063-2
烏來區,南勢,,445,烏來區,烏來,,119
烏來區,南勢,,446,烏來區,烏來,,119-2
烏來區,南勢,,447,烏來區,烏來,,119-1
烏來區,南勢,,448,烏來區,烏來,,122-17
烏來區,南勢,,449,烏來區,烏來,,117
烏來區,南勢,,45,烏來區,烏來,,1011-2
烏來區,南勢,,450,烏來區,烏來,,122-5
烏來區,南勢,,451,烏來區,烏來,,122-15
烏來區,南勢,,452,烏來區,烏來,,122-18
烏來區,南勢,,453,烏來區,烏來,,123-4
烏來區,南勢,,454,烏來區,烏來,,123-7
烏來區,南勢,,455,烏來區,烏來,,122-12
烏來區,南勢,,456,烏來區,烏來,,122-20
烏來區,南勢,,457,烏來區,烏來,,122-4
烏來區,南勢,,458,烏來區,烏來,,116
烏來區,南勢,,459,烏來區,烏來,,116-2
烏來區,南勢,,46,烏來區,烏來,,1011-4
烏來區,南勢,,460,烏來區,烏來,,115-5
烏來區,南勢,,461,烏來區,烏來,,116-1
烏來區,南勢,,462,烏來區,烏來,,115-6
烏來區,南勢,,463,烏來區,烏來,,115-11
烏來區,南勢,,464,烏來區,烏來,,115-12
烏來區,南勢,,466,烏來區,烏來,,101
烏來區,南勢,,467,烏來區,烏來,,102
烏來區,南勢,,468,烏來區,烏來,,100-3
烏來區,南勢,,469,烏來區,烏來,,100-2
烏來區,南勢,,47,烏來區,烏來,,1012-1
烏來區,南勢,,470,烏來區,烏來,,100-1
烏來區,南勢,,471,烏來區,烏來,,115-8
烏來區,南勢,,472,烏來區,烏來,,115-10
烏來區,南勢,,473,烏來區,烏來,,115-7
烏來區,南勢,,474,烏來區,烏來,,115-9
烏來區,南勢,,475,烏來區,烏來,,115-2
烏來區,南勢,,476,烏來區,烏來,,117-1
烏來區,南勢,,478,烏來區,烏來,,114
烏來區,南勢,,479,烏來區,烏來,,113
烏來區,南勢,,48,烏來區,烏來,,1012-2
烏來區,南勢,,480,烏來區,烏來,,117-2
烏來區,南勢,,481,烏來區,烏來,,117-3
烏來區,南勢,,482,烏來區,烏來,,117-4
烏來區,南勢,,483,烏來區,烏來,,118
烏來區,南勢,,484,烏來區,烏來,,114-1
烏來區,南勢,,485,烏來區,烏來,,114-2
烏來區,南勢,,486,烏來區,烏來,,1063-3
烏來區,南勢,,487,烏來區,烏來,,1064-72
烏來區,南勢,,488,烏來區,烏來,,1067-17
烏來區,南勢,,489,烏來區,烏來,,1065-1
烏來區,南勢,,49,烏來區,烏來,,1012
烏來區,南勢,,490,烏來區,烏來,,1065
烏來區,南勢,,491,烏來區,烏來,,1064-74
烏來區,南勢,,492,烏來區,烏來,,1064-49
烏來區,南勢,,493,烏來區,烏來,,1065-3
烏來區,南勢,,494,烏來區,烏來,,1064-75
烏來區,南勢,,495,烏來區,烏來,,1065-2
烏來區,南勢,,496,烏來區,烏來,,1063-5
烏來區,南勢,,497,烏來區,烏來,,1063-6
烏來區,南勢,,498,烏來區,烏來,,1063-7
烏來區,南勢,,499,烏來區,烏來,,1063
烏來區,南勢,,5,烏來區,烏來,,996-9
烏來區,南勢,,50,烏來區,烏來,,1013-4
烏來區,南勢,,500,烏來區,烏來,,113-1
烏來區,南勢,,501,烏來區,烏來,,112
烏來區,南勢,,502,烏來區,烏來,,112-1
烏來區,南勢,,503,烏來區,烏來,,111
烏來區,南勢,,505,烏來區,烏來,,115-1
烏來區,南勢,,506,烏來區,烏來,,100
烏來區,南勢,,507,烏來區,烏來,,103
烏來區,南勢,,508,烏來區,烏來,,106-2
烏來區,南勢,,509,烏來區,烏來,,106-1
烏來區,南勢,,51,烏來區,烏來,,1012-4
烏來區,南勢,,510,烏來區,烏來,,106-4
烏來區,南勢,,511,烏來區,烏來,,104
烏來區,南勢,,512,烏來區,烏來,,106-10
烏來區,南勢,,513,烏來區,烏來,,106-11
烏來區,南勢,,514,烏來區,烏來,,106-12
烏來區,南勢,,516,烏來區,烏來,,99
烏來區,南勢,,517,烏來區,烏來,,97-1
烏來區,南勢,,518,烏來區,烏來,,98
烏來區,南勢,,519,烏來區,烏來,,97
烏來區,南勢,,52,烏來區,烏來,,1000-3
烏來區,南勢,,520,烏來區,烏來,,97-2
烏來區,南勢,,521,烏來區,烏來,,96-2
烏來區,南勢,,522,烏來區,烏來,,93
烏來區,南勢,,523,烏來區,烏來,,96-1
烏來區,南勢,,524,烏來區,烏來,,96
烏來區,南勢,,525,烏來區,烏來,,96-3
烏來區,南勢,,526,烏來區,烏來,,95
烏來區,南勢,,527,烏來區,烏來,,94-6
烏來區,南勢,,528,烏來區,烏來,,86-3
烏來區,南勢,,53,烏來區,烏來,,1002
烏來區,南勢,,530,烏來區,烏來,,94-1
烏來區,南勢,,531,烏來區,烏來,,94-3
烏來區,南勢,,532,烏來區,烏來,,94-5
烏來區,南勢,,533,烏來區,烏來,,94
烏來區,南勢,,534,烏來區,烏來,,94-4
烏來區,南勢,,535,烏來區,烏來,,93-2
烏來區,南勢,,536,烏來區,烏來,,93-1
烏來區,南勢,,537,烏來區,烏來,,92
烏來區,南勢,,539,烏來區,烏來,,106-13
烏來區,南勢,,54,烏來區,烏來,,1002-1
烏來區,南勢,,540,烏來區,烏來,,105
烏來區,南勢,,541,烏來區,烏來,,105-1
烏來區,南勢,,542,烏來區,烏來,,106-14
烏來區,南勢,,543,烏來區,烏來,,106-3
烏來區,南勢,,544,烏來區,烏來,,106-5
烏來區,南勢,,545,烏來區,烏來,,106-6
烏來區,南勢,,546,烏來區,烏來,,106-27
烏來區,南勢,,547,烏來區,烏來,,106-25
烏來區,南勢,,548,烏來區,烏來,,110
烏來區,南勢,,549,烏來區,烏來,,1140
烏來區,南勢,,55,烏來區,烏來,,1020-4
烏來區,南勢,,550,烏來區,烏來,,1127
烏來區,南勢,,551,烏來區,烏來,,1063-1
烏來區,南勢,,552,烏來區,烏來,,109-1
烏來區,南勢,,553,烏來區,烏來,,106-24
烏來區,南勢,,554,烏來區,烏來,,106-20
烏來區,南勢,,555,烏來區,烏來,,106-7
烏來區,南勢,,556,烏來區,烏來,,106-8
烏來區,南勢,,557,烏來區,烏來,,106-9
烏來區,南勢,,558,烏來區,烏來,,106-26
烏來區,南勢,,559,烏來區,烏來,,91
烏來區,南勢,,56,烏來區,烏來,,997-10
烏來區,南勢,,560,烏來區,烏來,,90
烏來區,南勢,,561,烏來區,烏來,,89
烏來區,南勢,,562,烏來區,烏來,,86-1
烏來區,南勢,,563,烏來區,烏來,,86
烏來區,南勢,,565,烏來區,烏來,,87
烏來區,南勢,,566,烏來區,烏來,,88
烏來區,南勢,,567,烏來區,烏來,,88-2
烏來區,南勢,,568,烏來區,烏來,,88-1
烏來區,南勢,,569,烏來區,烏來,,106-19
烏來區,南勢,,57,烏來區,烏來,,1019
烏來區,南勢,,570,烏來區,烏來,,106-15
烏來區,南勢,,571,烏來區,烏來,,106-17
烏來區,南勢,,572,烏來區,烏來,,106-28
烏來區,南勢,,573,烏來區,烏來,,106-16
烏來區,南勢,,574,烏來區,烏來,,106-18
烏來區,南勢,,575,烏來區,烏來,,106-29
烏來區,南勢,,576,烏來區,烏來,,106-32
烏來區,南勢,,577,烏來區,烏來,,106-35
烏來區,南勢,,578,烏來區,烏來,,106-22
烏來區,南勢,,579,烏來區,烏來,,106-31
烏來區,南勢,,58,烏來區,烏來,,1019-1
烏來區,南勢,,580,烏來區,烏來,,106-34
烏來區,南勢,,581,烏來區,烏來,,106-21
烏來區,南勢,,582,烏來區,烏來,,106-30
烏來區,南勢,,583,烏來區,烏來,,106-33
烏來區,南勢,,584,烏來區,烏來,,106
烏來區,南勢,,585,烏來區,烏來,,106-23
烏來區,南勢,,586,烏來區,烏來,,109
烏來區,南勢,,587,烏來區,烏來,,108
烏來區,南勢,,588,烏來區,烏來,,107
烏來區,南勢,,589,烏來區,烏來,,83
烏來區,南勢,,59,烏來區,烏來,,366-3
烏來區,南勢,,590,烏來區,烏來,,83-1
烏來區,南勢,,591,烏來區,烏來,,83-2
烏來區,南勢,,592,烏來區,烏來,,82
烏來區,南勢,,593,烏來區,烏來,,82-1
烏來區,南勢,,594,烏來區,烏來,,82-2
烏來區,南勢,,595,烏來區,烏來,,84-2
烏來區,南勢,,596,烏來區,烏來,,82-3
烏來區,南勢,,597,烏來區,烏來,,84-1
烏來區,南勢,,598,烏來區,烏來,,84
烏來區,南勢,,599,烏來區,烏來,,82-4
烏來區,南勢,,6,烏來區,烏來,,996-6
烏來區,南勢,,60,烏來區,烏來,,1028-3
烏來區,南勢,,600,烏來區,烏來,,60
烏來區,南勢,,601,烏來區,烏來,,59
烏來區,南勢,,602,烏來區,烏來,,62
烏來區,南勢,,603,烏來區,烏來,,64
烏來區,南勢,,604,烏來區,烏來,,65
烏來區,南勢,,605,烏來區,烏來,,66
烏來區,南勢,,606,烏來區,烏來,,85
烏來區,南勢,,609,烏來區,烏來,,86-2
烏來區,南勢,,61,烏來區,烏來,,1028-2
烏來區,南勢,,610,烏來區,烏來,,57
烏來區,南勢,,612,烏來區,烏來,,56
烏來區,南勢,,613,烏來區,烏來,,56-1
烏來區,南勢,,614,烏來區,烏來,,56-2
烏來區,南勢,,616,烏來區,烏來,,58
烏來區,南勢,,617,烏來區,烏來,,67
烏來區,南勢,,618,烏來區,烏來,,68
烏來區,南勢,,619,烏來區,烏來,,69
烏來區,南勢,,62,烏來區,烏來,,1020-3
烏來區,南勢,,620,烏來區,烏來,,71
烏來區,南勢,,621,烏來區,烏來,,70
烏來區,南勢,,622,烏來區,烏來,,63
烏來區,南勢,,623,烏來區,烏來,,61
烏來區,南勢,,624,烏來區,烏來,,81-4
烏來區,南勢,,625,烏來區,烏來,,81-3
烏來區,南勢,,626,烏來區,烏來,,81-2
烏來區,南勢,,627,烏來區,烏來,,81-1
烏來區,南勢,,628,烏來區,烏來,,81-5
烏來區,南勢,,629,烏來區,烏來,,82-5
烏來區,南勢,,63,烏來區,烏來,,1020-8
烏來區,南勢,,630,烏來區,烏來,,81-6
烏來區,南勢,,631,烏來區,烏來,,81-7
烏來區,南勢,,632,烏來區,烏來,,1138
烏來區,南勢,,633,烏來區,烏來,,1129
烏來區,南勢,,634,烏來區,烏來,,1128
烏來區,南勢,,635,烏來區,烏來,,79
烏來區,南勢,,636,烏來區,烏來,,81
烏來區,南勢,,637,烏來區,烏來,,81-8
烏來區,南勢,,638,烏來區,烏來,,80-8
烏來區,南勢,,639,烏來區,烏來,,80-7
烏來區,南勢,,64,烏來區,烏來,,1029
烏來區,南勢,,640,烏來區,烏來,,80-6
烏來區,南勢,,641,烏來區,烏來,,80-5
烏來區,南勢,,642,烏來區,烏來,,80-4
烏來區,南勢,,643,烏來區,烏來,,80-3
烏來區,南勢,,644,烏來區,烏來,,80-2
烏來區,南勢,,645,烏來區,烏來,,80-1
烏來區,南勢,,646,烏來區,烏來,,80
烏來區,南勢,,647,烏來區,烏來,,72
烏來區,南勢,,648,烏來區,烏來,,54-8
烏來區,南勢,,65,烏來區,烏來,,1021-2
烏來區,南勢,,650,烏來區,烏來,,55-2
烏來區,南勢,,651,烏來區,烏來,,55-1
烏來區,南勢,,652,烏來區,烏來,,55
烏來區,南勢,,653,烏來區,烏來,,46-3
烏來區,南勢,,654,烏來區,烏來,,51
烏來區,南勢,,655,烏來區,烏來,,51-3
烏來區,南勢,,656,烏來區,烏來,,51-4
烏來區,南勢,,657,烏來區,烏來,,51-1
烏來區,南勢,,658,烏來區,烏來,,51-2
烏來區,南勢,,659,烏來區,烏來,,46-4
烏來區,南勢,,66,烏來區,烏來,,1021-1
烏來區,南勢,,660,烏來區,烏來,,46-5
烏來區,南勢,,661,烏來區,烏來,,46-1
烏來區,南勢,,662,烏來區,烏來,,46-2
烏來區,南勢,,664,烏來區,烏來,,50
烏來區,南勢,,665,烏來區,烏來,,50-2
烏來區,南勢,,666,烏來區,烏來,,52
烏來區,南勢,,667,烏來區,烏來,,52-1
烏來區,南勢,,668,烏來區,烏來,,54-10
烏來區,南勢,,669,烏來區,烏來,,54-12
烏來區,南勢,,67,烏來區,烏來,,1022
烏來區,南勢,,670,烏來區,烏來,,54-6
烏來區,南勢,,671,烏來區,烏來,,54-7
烏來區,南勢,,672,烏來區,烏來,,54-11
烏來區,南勢,,673,烏來區,烏來,,54
烏來區,南勢,,674,烏來區,烏來,,54-5
烏來區,南勢,,675,烏來區,烏來,,54-2
烏來區,南勢,,676,烏來區,烏來,,54-4
烏來區,南勢,,677,烏來區,烏來,,54-3
烏來區,南勢,,678,烏來區,烏來,,54-1
烏來區,南勢,,679,烏來區,烏來,,76-5
烏來區,南勢,,68,烏來區,烏來,,1022-1
烏來區,南勢,,680,烏來區,烏來,,76
烏來區,南勢,,681,烏來區,烏來,,54-9
烏來區,南勢,,682,烏來區,烏來,,73
烏來區,南勢,,683,烏來區,烏來,,74
烏來區,南勢,,684,烏來區,烏來,,75
烏來區,南勢,,685,烏來區,烏來,,75-1
烏來區,南勢,,686,烏來區,烏來,,74-1
烏來區,南勢,,687,烏來區,烏來,,77
烏來區,南勢,,688,烏來區,烏來,,75-2
烏來區,南勢,,689,烏來區,烏來,,74-2
烏來區,南勢,,69,烏來區,烏來,,1022-6
烏來區,南勢,,690,烏來區,烏來,,77-1
烏來區,南勢,,691,烏來區,烏來,,77-2
烏來區,南勢,,692,烏來區,烏來,,77-3
烏來區,南勢,,693,烏來區,烏來,,77-4
烏來區,南勢,,694,烏來區,烏來,,77-5
烏來區,南勢,,695,烏來區,烏來,,77-6
烏來區,南勢,,696,烏來區,烏來,,77-7
烏來區,南勢,,697,烏來區,烏來,,77-8
烏來區,南勢,,698,烏來區,烏來,,78
烏來區,南勢,,699,烏來區,烏來,,39-6
烏來區,南勢,,70,烏來區,烏來,,1023-1
烏來區,南勢,,700,烏來區,烏來,,39-5
烏來區,南勢,,701,烏來區,烏來,,39
烏來區,南勢,,702,烏來區,烏來,,39-1
烏來區,南勢,,703,烏來區,烏來,,39-2
烏來區,南勢,,704,烏來區,烏來,,76-4
烏來區,南勢,,705,烏來區,烏來,,76-3
烏來區,南勢,,706,烏來區,烏來,,76-2
烏來區,南勢,,707,烏來區,烏來,,40
烏來區,南勢,,708,烏來區,烏來,,40-1
烏來區,南勢,,709,烏來區,烏來,,76-1
烏來區,南勢,,71,烏來區,烏來,,1023
烏來區,南勢,,710,烏來區,烏來,,39-4
烏來區,南勢,,711,烏來區,烏來,,39-3
烏來區,南勢,,712,烏來區,烏來,,41
烏來區,南勢,,713,烏來區,烏來,,42
烏來區,南勢,,714,烏來區,烏來,,48
烏來區,南勢,,715,烏來區,烏來,,53
烏來區,南勢,,716,烏來區,烏來,,49
烏來區,南勢,,717,烏來區,烏來,,50-1
烏來區,南勢,,718,烏來區,烏來,,49-1
烏來區,南勢,,719,烏來區,烏來,,48-1
烏來區,南勢,,72,烏來區,烏來,,1024
烏來區,南勢,,721,烏來區,烏來,,46
烏來區,南勢,,723,烏來區,烏來,,47-2
烏來區,南勢,,724,烏來區,烏來,,47-1
烏來區,南勢,,725,烏來區,烏來,,47
烏來區,南勢,,726,烏來區,烏來,,44
烏來區,南勢,,728,烏來區,烏來,,45
烏來區,南勢,,73,烏來區,烏來,,1024-1
烏來區,南勢,,730,烏來區,烏來,,44-2
烏來區,南勢,,731,烏來區,烏來,,44-1
烏來區,南勢,,732,烏來區,烏來,,43-2
烏來區,南勢,,733,烏來區,烏來,,43-1
烏來區,南勢,,734,烏來區,烏來,,43
烏來區,南勢,,735,烏來區,烏來,,42-2
烏來區,南勢,,736,烏來區,烏來,,42-1
烏來區,南勢,,737,烏來區,烏來,,996
烏來區,南勢,,738,烏來區,烏來,,996-4
烏來區,南勢,,739,烏來區,烏來,,35
烏來區,南勢,,74,烏來區,烏來,,1022-5
烏來區,南勢,,740,烏來區,烏來,,36
烏來區,南勢,,741,烏來區,烏來,,37
烏來區,南勢,,742,烏來區,烏來,,38
烏來區,南勢,,743,烏來區,烏來,,6-4
烏來區,南勢,,744,烏來區,烏來,,41-1
烏來區,南勢,,745,烏來區,烏來,,6-3
烏來區,南勢,,746,烏來區,烏來,,38-1
烏來區,南勢,,747,烏來區,烏來,,38-2
烏來區,南勢,,748,烏來區,烏來,,6
烏來區,南勢,,749,烏來區,烏來,,6-1
烏來區,南勢,,75,烏來區,烏來,,1025-13
烏來區,南勢,,750,烏來區,烏來,,6-2
烏來區,南勢,,752,烏來區,烏來,,5
烏來區,南勢,,753,烏來區,烏來,,4
烏來區,南勢,,754,烏來區,烏來,,4-1
烏來區,南勢,,755,烏來區,烏來,,3
烏來區,南勢,,756,烏來區,烏來,,2
烏來區,南勢,,757,烏來區,烏來,,1
烏來區,南勢,,759,烏來區,烏來,,11
烏來區,南勢,,76,烏來區,烏來,,1022-4
烏來區,南勢,,761,烏來區,烏來,,9-4
烏來區,南勢,,762,烏來區,烏來,,7-2
烏來區,南勢,,763,烏來區,烏來,,8-4
烏來區,南勢,,764,烏來區,烏來,,8-3
烏來區,南勢,,765,烏來區,烏來,,7-1
烏來區,南勢,,766,烏來區,烏來,,7
烏來區,南勢,,767,烏來區,烏來,,27
烏來區,南勢,,768,烏來區,烏來,,31-2
烏來區,南勢,,769,烏來區,烏來,,31-1
烏來區,南勢,,77,烏來區,烏來,,1025-6
烏來區,南勢,,770,烏來區,烏來,,31
烏來區,南勢,,771,烏來區,烏來,,32
烏來區,南勢,,772,烏來區,烏來,,33
烏來區,南勢,,773,烏來區,烏來,,34
烏來區,南勢,,774,烏來區,烏來,,1195
烏來區,南勢,,775,烏來區,烏來,,1163
烏來區,南勢,,776,烏來區,烏來,,1164
烏來區,南勢,,777,烏來區,烏來,,1165
烏來區,南勢,,778,烏來區,烏來,,1231
烏來區,南勢,,779,烏來區,烏來,,1232
烏來區,南勢,,78,烏來區,烏來,,1027-12
烏來區,南勢,,780,烏來區,烏來,,1233
烏來區,南勢,,781,烏來區,烏來,,1234
烏來區,南勢,,782,烏來區,烏來,,1228
烏來區,南勢,,783,烏來區,烏來,,1229
烏來區,南勢,,784,烏來區,烏來,,1167
烏來區,南勢,,785,烏來區,烏來,,1166
烏來區,南勢,,786,烏來區,烏來,,1168
烏來區,南勢,,787,烏來區,烏來,,1170
烏來區,南勢,,788,烏來區,烏來,,1171
烏來區,南勢,,789,烏來區,烏來,,1175
烏來區,南勢,,79,烏來區,烏來,,1027-9
烏來區,南勢,,790,烏來區,烏來,,1176
烏來區,南勢,,791,烏來區,烏來,,1173
烏來區,南勢,,792,烏來區,烏來,,1169
烏來區,南勢,,793,烏來區,烏來,,1210
烏來區,南勢,,794,烏來區,烏來,,1211
烏來區,南勢,,795,烏來區,烏來,,1212
烏來區,南勢,,796,烏來區,烏來,,1209
烏來區,南勢,,797,烏來區,烏來,,1207-1
烏來區,南勢,,798,烏來區,烏來,,1208
烏來區,南勢,,799,烏來區,烏來,,1207
烏來區,南勢,,8,烏來區,烏來,,132-2
烏來區,南勢,,80,烏來區,烏來,,1027-17
烏來區,南勢,,800,烏來區,烏來,,1177
烏來區,南勢,,801,烏來區,烏來,,1179
烏來區,南勢,,802,烏來區,烏來,,1206
烏來區,南勢,,803,烏來區,烏來,,1180
烏來區,南勢,,804,烏來區,烏來,,1178
烏來區,南勢,,805,烏來區,烏來,,1181
烏來區,南勢,,806,烏來區,烏來,,1182
烏來區,南勢,,807,烏來區,烏來,,1183
烏來區,南勢,,808,烏來區,烏來,,1184
烏來區,南勢,,809,烏來區,烏來,,1185
烏來區,南勢,,81,烏來區,烏來,,1027-7
烏來區,南勢,,810,烏來區,烏來,,1174
烏來區,南勢,,811,烏來區,烏來,,1172
烏來區,南勢,,812,烏來區,烏來,,1187
烏來區,南勢,,813,烏來區,烏來,,1173-1
烏來區,南勢,,814,烏來區,烏來,,1186
烏來區,南勢,,815,烏來區,烏來,,1188
烏來區,南勢,,816,烏來區,烏來,,1189
烏來區,南勢,,817,烏來區,烏來,,1190
烏來區,南勢,,818,烏來區,烏來,,1194
烏來區,南勢,,819,烏來區,烏來,,1193
烏來區,南勢,,82,烏來區,烏來,,1020-9
烏來區,南勢,,820,烏來區,烏來,,1192
烏來區,南勢,,821,烏來區,烏來,,1196
烏來區,南勢,,822,烏來區,烏來,,1191
烏來區,南勢,,823,烏來區,烏來,,1198
烏來區,南勢,,824,烏來區,烏來,,1199
烏來區,南勢,,825,烏來區,烏來,,1203
烏來區,南勢,,826,烏來區,烏來,,1200
烏來區,南勢,,827,烏來區,烏來,,1205
烏來區,南勢,,828,烏來區,烏來,,1204
烏來區,南勢,,829,烏來區,烏來,,1202
烏來區,南勢,,83,烏來區,烏來,,1020-2
烏來區,南勢,,830,烏來區,烏來,,1201
烏來區,南勢,,831,烏來區,烏來,,1197
烏來區,南勢,,832,烏來區,烏來,,1213
烏來區,南勢,,833,烏來區,烏來,,1215
烏來區,南勢,,834,烏來區,烏來,,1214
烏來區,南勢,,835,烏來區,烏來,,30
烏來區,南勢,,836,烏來區,烏來,,29-2
烏來區,南勢,,837,烏來區,烏來,,29-1
烏來區,南勢,,838,烏來區,烏來,,29
烏來區,南勢,,839,烏來區,烏來,,28
烏來區,南勢,,84,烏來區,烏來,,1027-19
烏來區,南勢,,840,烏來區,烏來,,27-2
烏來區,南勢,,841,烏來區,烏來,,27-1
烏來區,南勢,,842,烏來區,烏來,,8-2
烏來區,南勢,,843,烏來區,烏來,,9-2
烏來區,南勢,,844,烏來區,烏來,,9-3
烏來區,南勢,,845,烏來區,烏來,,11-3
烏來區,南勢,,846,烏來區,烏來,,11-2
烏來區,南勢,,847,烏來區,烏來,,12-5
烏來區,南勢,,848,烏來區,烏來,,12-3
烏來區,南勢,,849,烏來區,烏來,,12-2
烏來區,南勢,,85,烏來區,烏來,,1027-18
烏來區,南勢,,850,烏來區,烏來,,12-1
烏來區,南勢,,851,烏來區,烏來,,12
烏來區,南勢,,852,烏來區,烏來,,11-1
烏來區,南勢,,853,烏來區,烏來,,11-4
烏來區,南勢,,854,烏來區,烏來,,9
烏來區,南勢,,855,烏來區,烏來,,9-1
烏來區,南勢,,856,烏來區,烏來,,8-1
烏來區,南勢,,857,烏來區,烏來,,8
烏來區,南勢,,858,烏來區,烏來,,26
烏來區,南勢,,859,烏來區,烏來,,25
烏來區,南勢,,86,烏來區,烏來,,1027-10
烏來區,南勢,,860,烏來區,烏來,,22
烏來區,南勢,,861,烏來區,烏來,,19
烏來區,南勢,,862,烏來區,烏來,,18
烏來區,南勢,,863,烏來區,烏來,,10
烏來區,南勢,,864,烏來區,烏來,,16
烏來區,南勢,,865,烏來區,烏來,,17
烏來區,南勢,,866,烏來區,烏來,,14
烏來區,南勢,,867,烏來區,烏來,,13
烏來區,南勢,,868,烏來區,烏來,,12-4
烏來區,南勢,,869,烏來區,烏來,,13-2
烏來區,南勢,,87,烏來區,烏來,,1025-2
烏來區,南勢,,870,烏來區,烏來,,13-1
烏來區,南勢,,871,烏來區,烏來,,15
烏來區,南勢,,872,烏來區,烏來,,20
烏來區,南勢,,873,烏來區,烏來,,21
烏來區,南勢,,874,烏來區,烏來,,23
烏來區,南勢,,875,烏來區,烏來,,23-1
烏來區,南勢,,876,烏來區,烏來,,23-2
烏來區,南勢,,877,烏來區,烏來,,23-3
烏來區,南勢,,878,烏來區,烏來,,24
烏來區,南勢,,879,烏來區,烏來,,1217
烏來區,南勢,,88,烏來區,烏來,,1027
烏來區,南勢,,880,烏來區,烏來,,1216
烏來區,南勢,,881,烏來區,烏來,,1218
烏來區,南勢,,882,烏來區,烏來,,1219
烏來區,南勢,,883,烏來區,烏來,,1221
烏來區,南勢,,884,烏來區,烏來,,1222
烏來區,南勢,,885,烏來區,烏來,,1220
烏來區,南勢,,886,烏來區,烏來,,1223
烏來區,南勢,,887,烏來區,烏來,,1224
烏來區,南勢,,888,烏來區,烏來,,1226
烏來區,南勢,,889,烏來區,烏來,,1230
烏來區,南勢,,89,烏來區,烏來,,1027-1
烏來區,南勢,,890,烏來區,烏來,,1227
烏來區,南勢,,891,烏來區,烏來,,1225
烏來區,南勢,,9,烏來區,烏來,,174-8
烏來區,南勢,,90,烏來區,烏來,,1027-2
烏來區,南勢,,91,烏來區,烏來,,1025-1
烏來區,南勢,,92,烏來區,烏來,,1025-8
烏來區,南勢,,93,烏來區,烏來,,1025-7
烏來區,南勢,,94,烏來區,烏來,,1025
烏來區,南勢,,95,烏來區,烏來,,1025-4
烏來區,南勢,,96,烏來區,烏來,,1025-5
烏來區,南勢,,97,烏來區,烏來,,1026-4
烏來區,南勢,,98,烏來區,烏來,,1025-11
烏來區,南勢,,99,烏來區,烏來,,1026-5
烏來區,嘎佑,,1,烏來區,忠治,,882
烏來區,嘎佑,,10,烏來區,忠治,,877-3
烏來區,嘎佑,,100,烏來區,忠治,,902
烏來區,嘎佑,,101,烏來區,忠治,,3-4
烏來區,嘎佑,,102,烏來區,忠治,,902-2
烏來區,嘎佑,,103,烏來區,忠治,,3-3
烏來區,嘎佑,,104,烏來區,忠治,,902-5
烏來區,嘎佑,,105,烏來區,忠治,,902-1
烏來區,嘎佑,,106,烏來區,忠治,,3-8
烏來區,嘎佑,,107,烏來區,忠治,,3-6
烏來區,嘎佑,,108,烏來區,忠治,,902-3
烏來區,嘎佑,,109,烏來區,忠治,,1-3
烏來區,嘎佑,,11,烏來區,忠治,,877-2
烏來區,嘎佑,,110,烏來區,忠治,,894-8
烏來區,嘎佑,,111,烏來區,忠治,,1-1
烏來區,嘎佑,,112,烏來區,忠治,,902-4
烏來區,嘎佑,,113,烏來區,忠治,,894-3
烏來區,嘎佑,,114,烏來區,忠治,,1
烏來區,嘎佑,,115,烏來區,忠治,,894
烏來區,嘎佑,,116,烏來區,忠治,,1-2
烏來區,嘎佑,,117,烏來區,忠治,,2-2
烏來區,嘎佑,,118,烏來區,忠治,,2
烏來區,嘎佑,,119,烏來區,忠治,,4-7
烏來區,嘎佑,,12,烏來區,忠治,,881-2
烏來區,嘎佑,,120,烏來區,忠治,,2-1
烏來區,嘎佑,,121,烏來區,忠治,,4-6
烏來區,嘎佑,,122,烏來區,忠治,,2-3
烏來區,嘎佑,,123,烏來區,忠治,,4-2
烏來區,嘎佑,,124,烏來區,忠治,,3-7
烏來區,嘎佑,,125,烏來區,忠治,,4-1
烏來區,嘎佑,,126,烏來區,忠治,,3-2
烏來區,嘎佑,,127,烏來區,忠治,,4-4
烏來區,嘎佑,,128,烏來區,忠治,,3
烏來區,嘎佑,,129,烏來區,忠治,,4
烏來區,嘎佑,,13,烏來區,忠治,,881-1
烏來區,嘎佑,,130,烏來區,忠治,,16
烏來區,嘎佑,,131,烏來區,忠治,,17
烏來區,嘎佑,,132,烏來區,忠治,,20
烏來區,嘎佑,,133,烏來區,忠治,,21
烏來區,嘎佑,,134,烏來區,忠治,,928
烏來區,嘎佑,,135,烏來區,忠治,,22
烏來區,嘎佑,,136,烏來區,忠治,,929
烏來區,嘎佑,,137,烏來區,忠治,,65
烏來區,嘎佑,,138,烏來區,忠治,,930
烏來區,嘎佑,,139,烏來區,忠治,,923
烏來區,嘎佑,,14,烏來區,忠治,,877
烏來區,嘎佑,,140,烏來區,忠治,,922
烏來區,嘎佑,,141,烏來區,忠治,,932
烏來區,嘎佑,,142,烏來區,忠治,,938
烏來區,嘎佑,,143,烏來區,忠治,,71
烏來區,嘎佑,,144,烏來區,忠治,,932-1
烏來區,嘎佑,,145,烏來區,忠治,,931
烏來區,嘎佑,,146,烏來區,忠治,,64
烏來區,嘎佑,,147,烏來區,忠治,,63
烏來區,嘎佑,,148,烏來區,忠治,,62
烏來區,嘎佑,,149,烏來區,忠治,,23-1
烏來區,嘎佑,,15,烏來區,忠治,,877-1
烏來區,嘎佑,,150,烏來區,忠治,,23-2
烏來區,嘎佑,,151,烏來區,忠治,,23-3
烏來區,嘎佑,,152,烏來區,忠治,,61-1
烏來區,嘎佑,,153,烏來區,忠治,,23
烏來區,嘎佑,,154,烏來區,忠治,,61-2
烏來區,嘎佑,,155,烏來區,忠治,,24
烏來區,嘎佑,,156,烏來區,忠治,,25
烏來區,嘎佑,,157,烏來區,忠治,,19
烏來區,嘎佑,,158,烏來區,忠治,,26
烏來區,嘎佑,,159,烏來區,忠治,,18
烏來區,嘎佑,,16,烏來區,忠治,,876
烏來區,嘎佑,,160,烏來區,忠治,,11
烏來區,嘎佑,,161,烏來區,忠治,,12
烏來區,嘎佑,,162,烏來區,忠治,,11-1
烏來區,嘎佑,,163,烏來區,忠治,,13
烏來區,嘎佑,,164,烏來區,忠治,,15
烏來區,嘎佑,,165,烏來區,忠治,,14
烏來區,嘎佑,,166,烏來區,忠治,,8
烏來區,嘎佑,,167,烏來區,忠治,,7
烏來區,嘎佑,,17,烏來區,忠治,,876-6
烏來區,嘎佑,,170,烏來區,忠治,,6
烏來區,嘎佑,,171,烏來區,忠治,,6-1
烏來區,嘎佑,,172,烏來區,忠治,,5
烏來區,嘎佑,,173,烏來區,忠治,,5-1
烏來區,嘎佑,,174,烏來區,忠治,,2-6
烏來區,嘎佑,,175,烏來區,忠治,,4-5
烏來區,嘎佑,,176,烏來區,忠治,,2-5
烏來區,嘎佑,,177,烏來區,忠治,,4-3
烏來區,嘎佑,,178,烏來區,忠治,,5-2
烏來區,嘎佑,,179,烏來區,忠治,,736-4
烏來區,嘎佑,,18,烏來區,忠治,,876-3
烏來區,嘎佑,,180,烏來區,忠治,,2-4
烏來區,嘎佑,,181,烏來區,忠治,,5-3
烏來區,嘎佑,,184,烏來區,忠治,,736
烏來區,嘎佑,,185,烏來區,忠治,,736-2
烏來區,嘎佑,,186,烏來區,忠治,,739-2
烏來區,嘎佑,,187,烏來區,忠治,,738-2
烏來區,嘎佑,,188,烏來區,忠治,,738
烏來區,嘎佑,,189,烏來區,忠治,,737-3
烏來區,嘎佑,,19,烏來區,忠治,,876-5
烏來區,嘎佑,,190,烏來區,忠治,,737-2
烏來區,嘎佑,,191,烏來區,忠治,,737-4
烏來區,嘎佑,,192,烏來區,忠治,,737-1
烏來區,嘎佑,,193,烏來區,忠治,,737
烏來區,嘎佑,,194,烏來區,忠治,,735-2
烏來區,嘎佑,,195,烏來區,忠治,,727-3
烏來區,嘎佑,,196,烏來區,忠治,,735-1
烏來區,嘎佑,,197,烏來區,忠治,,727-2
烏來區,嘎佑,,198,烏來區,忠治,,727-1
烏來區,嘎佑,,2,烏來區,忠治,,875
烏來區,嘎佑,,20,烏來區,忠治,,876-2
烏來區,嘎佑,,200,烏來區,忠治,,727
烏來區,嘎佑,,201,烏來區,忠治,,736-3
烏來區,嘎佑,,202,烏來區,忠治,,736-1
烏來區,嘎佑,,203,烏來區,忠治,,735
烏來區,嘎佑,,204,烏來區,忠治,,734
烏來區,嘎佑,,205,烏來區,忠治,,733
烏來區,嘎佑,,206,烏來區,忠治,,732
烏來區,嘎佑,,207,烏來區,忠治,,9
烏來區,嘎佑,,209,烏來區,忠治,,10
烏來區,嘎佑,,21,烏來區,忠治,,876-4
烏來區,嘎佑,,210,烏來區,忠治,,30
烏來區,嘎佑,,211,烏來區,忠治,,28
烏來區,嘎佑,,212,烏來區,忠治,,29
烏來區,嘎佑,,213,烏來區,忠治,,37-3
烏來區,嘎佑,,214,烏來區,忠治,,36-2
烏來區,嘎佑,,215,烏來區,忠治,,37
烏來區,嘎佑,,216,烏來區,忠治,,31
烏來區,嘎佑,,217,烏來區,忠治,,27
烏來區,嘎佑,,218,烏來區,忠治,,36-5
烏來區,嘎佑,,219,烏來區,忠治,,37-1
烏來區,嘎佑,,220,烏來區,忠治,,38-1
烏來區,嘎佑,,221,烏來區,忠治,,38
烏來區,嘎佑,,222,烏來區,忠治,,36-6
烏來區,嘎佑,,223,烏來區,忠治,,39
烏來區,嘎佑,,224,烏來區,忠治,,37-2
烏來區,嘎佑,,225,烏來區,忠治,,36-1
烏來區,嘎佑,,226,烏來區,忠治,,40-4
烏來區,嘎佑,,227,烏來區,忠治,,32-2
烏來區,嘎佑,,228,烏來區,忠治,,36
烏來區,嘎佑,,229,烏來區,忠治,,40-3
烏來區,嘎佑,,23,烏來區,忠治,,876-1
烏來區,嘎佑,,230,烏來區,忠治,,40-1
烏來區,嘎佑,,231,烏來區,忠治,,40-5
烏來區,嘎佑,,232,烏來區,忠治,,40-2
烏來區,嘎佑,,233,烏來區,忠治,,36-7
烏來區,嘎佑,,234,烏來區,忠治,,40
烏來區,嘎佑,,235,烏來區,忠治,,61
烏來區,嘎佑,,236,烏來區,忠治,,41
烏來區,嘎佑,,237,烏來區,忠治,,59
烏來區,嘎佑,,238,烏來區,忠治,,58
烏來區,嘎佑,,239,烏來區,忠治,,60
烏來區,嘎佑,,24,烏來區,忠治,,878-3
烏來區,嘎佑,,240,烏來區,忠治,,57
烏來區,嘎佑,,241,烏來區,忠治,,67
烏來區,嘎佑,,242,烏來區,忠治,,66
烏來區,嘎佑,,243,烏來區,忠治,,933
烏來區,嘎佑,,244,烏來區,忠治,,937
烏來區,嘎佑,,245,烏來區,忠治,,939
烏來區,嘎佑,,246,烏來區,忠治,,942
烏來區,嘎佑,,247,烏來區,忠治,,941
烏來區,嘎佑,,248,烏來區,忠治,,940
烏來區,嘎佑,,249,烏來區,忠治,,936
烏來區,嘎佑,,25,烏來區,忠治,,878-2
烏來區,嘎佑,,250,烏來區,忠治,,934
烏來區,嘎佑,,251,烏來區,忠治,,68
烏來區,嘎佑,,252,烏來區,忠治,,69
烏來區,嘎佑,,253,烏來區,忠治,,56
烏來區,嘎佑,,254,烏來區,忠治,,50
烏來區,嘎佑,,255,烏來區,忠治,,51
烏來區,嘎佑,,256,烏來區,忠治,,55
烏來區,嘎佑,,257,烏來區,忠治,,52
烏來區,嘎佑,,258,烏來區,忠治,,46-2
烏來區,嘎佑,,259,烏來區,忠治,,53
烏來區,嘎佑,,26,烏來區,忠治,,878-1
烏來區,嘎佑,,260,烏來區,忠治,,44-3
烏來區,嘎佑,,261,烏來區,忠治,,44-2
烏來區,嘎佑,,262,烏來區,忠治,,45
烏來區,嘎佑,,263,烏來區,忠治,,54
烏來區,嘎佑,,264,烏來區,忠治,,44-1
烏來區,嘎佑,,265,烏來區,忠治,,44
烏來區,嘎佑,,266,烏來區,忠治,,43
烏來區,嘎佑,,267,烏來區,忠治,,42
烏來區,嘎佑,,268,烏來區,忠治,,34
烏來區,嘎佑,,269,烏來區,忠治,,35
烏來區,嘎佑,,27,烏來區,忠治,,878-4
烏來區,嘎佑,,270,烏來區,忠治,,35-1
烏來區,嘎佑,,271,烏來區,忠治,,185-4
烏來區,嘎佑,,272,烏來區,忠治,,33
烏來區,嘎佑,,273,烏來區,忠治,,32-1
烏來區,嘎佑,,274,烏來區,忠治,,183
烏來區,嘎佑,,275,烏來區,忠治,,185-3
烏來區,嘎佑,,276,烏來區,忠治,,184
烏來區,嘎佑,,277,烏來區,忠治,,185-1
烏來區,嘎佑,,278,烏來區,忠治,,185-2
烏來區,嘎佑,,279,烏來區,忠治,,32
烏來區,嘎佑,,28,烏來區,忠治,,879
烏來區,嘎佑,,280,烏來區,忠治,,185
烏來區,嘎佑,,282,烏來區,忠治,,189
烏來區,嘎佑,,283,烏來區,忠治,,188
烏來區,嘎佑,,284,烏來區,忠治,,186
烏來區,嘎佑,,285,烏來區,忠治,,192-3
烏來區,嘎佑,,286,烏來區,忠治,,187
烏來區,嘎佑,,287,烏來區,忠治,,192-4
烏來區,嘎佑,,288,烏來區,忠治,,192-8
烏來區,嘎佑,,289,烏來區,忠治,,192-1
烏來區,嘎佑,,29,烏來區,忠治,,894-1
烏來區,嘎佑,,290,烏來區,忠治,,192
烏來區,嘎佑,,291,烏來區,忠治,,730
烏來區,嘎佑,,292,烏來區,忠治,,731
烏來區,嘎佑,,293,烏來區,忠治,,729
烏來區,嘎佑,,294,烏來區,忠治,,728
烏來區,嘎佑,,295,烏來區,忠治,,725
烏來區,嘎佑,,296,烏來區,忠治,,726
烏來區,嘎佑,,298,烏來區,忠治,,726-1
烏來區,嘎佑,,299,烏來區,忠治,,738-1
烏來區,嘎佑,,3,烏來區,忠治,,883
烏來區,嘎佑,,30,烏來區,忠治,,879-1
烏來區,嘎佑,,300,烏來區,忠治,,738-3
烏來區,嘎佑,,301,烏來區,忠治,,716-5
烏來區,嘎佑,,303,烏來區,忠治,,716
烏來區,嘎佑,,304,烏來區,忠治,,739-4
烏來區,嘎佑,,305,烏來區,忠治,,739-1
烏來區,嘎佑,,306,烏來區,忠治,,739-3
烏來區,嘎佑,,307,烏來區,忠治,,718-4
烏來區,嘎佑,,308,烏來區,忠治,,716-2
烏來區,嘎佑,,309,烏來區,忠治,,716-1
烏來區,嘎佑,,31,烏來區,忠治,,880
烏來區,嘎佑,,310,烏來區,忠治,,739
烏來區,嘎佑,,311,烏來區,忠治,,716-4
烏來區,嘎佑,,312,烏來區,忠治,,740
烏來區,嘎佑,,313,烏來區,忠治,,716-3
烏來區,嘎佑,,314,烏來區,忠治,,741-2
烏來區,嘎佑,,315,烏來區,忠治,,741-1
烏來區,嘎佑,,316,烏來區,忠治,,741
烏來區,嘎佑,,318,烏來區,忠治,,746-4
烏來區,嘎佑,,319,烏來區,忠治,,747-1
烏來區,嘎佑,,32,烏來區,忠治,,894-5
烏來區,嘎佑,,320,烏來區,忠治,,742
烏來區,嘎佑,,321,烏來區,忠治,,747
烏來區,嘎佑,,322,烏來區,忠治,,742-1
烏來區,嘎佑,,323,烏來區,忠治,,748
烏來區,嘎佑,,324,烏來區,忠治,,746-2
烏來區,嘎佑,,325,烏來區,忠治,,746
烏來區,嘎佑,,326,烏來區,忠治,,745-1
烏來區,嘎佑,,327,烏來區,忠治,,745
烏來區,嘎佑,,328,烏來區,忠治,,750
烏來區,嘎佑,,329,烏來區,忠治,,743-1
烏來區,嘎佑,,33,烏來區,忠治,,881-3
烏來區,嘎佑,,330,烏來區,忠治,,744
烏來區,嘎佑,,331,烏來區,忠治,,743
烏來區,嘎佑,,333,烏來區,忠治,,609-4
烏來區,嘎佑,,334,烏來區,忠治,,609-6
烏來區,嘎佑,,335,烏來區,忠治,,610-1
烏來區,嘎佑,,336,烏來區,忠治,,610
烏來區,嘎佑,,337,烏來區,忠治,,599-2
烏來區,嘎佑,,338,烏來區,忠治,,599-1
烏來區,嘎佑,,339,烏來區,忠治,,599
烏來區,嘎佑,,34,烏來區,忠治,,878
烏來區,嘎佑,,340,烏來區,忠治,,611
烏來區,嘎佑,,341,烏來區,忠治,,611-1
烏來區,嘎佑,,342,烏來區,忠治,,612
烏來區,嘎佑,,343,烏來區,忠治,,598
烏來區,嘎佑,,344,烏來區,忠治,,615
烏來區,嘎佑,,345,烏來區,忠治,,614
烏來區,嘎佑,,346,烏來區,忠治,,613-1
烏來區,嘎佑,,347,烏來區,忠治,,613
烏來區,嘎佑,,348,烏來區,忠治,,597
烏來區,嘎佑,,349,烏來區,忠治,,616
烏來區,嘎佑,,35,烏來區,忠治,,892-1
烏來區,嘎佑,,350,烏來區,忠治,,617
烏來區,嘎佑,,351,烏來區,忠治,,619
烏來區,嘎佑,,352,烏來區,忠治,,618
烏來區,嘎佑,,353,烏來區,忠治,,658
烏來區,嘎佑,,354,烏來區,忠治,,621
烏來區,嘎佑,,355,烏來區,忠治,,620
烏來區,嘎佑,,356,烏來區,忠治,,657
烏來區,嘎佑,,357,烏來區,忠治,,622-1
烏來區,嘎佑,,358,烏來區,忠治,,622
烏來區,嘎佑,,359,烏來區,忠治,,623
烏來區,嘎佑,,36,烏來區,忠治,,892-3
烏來區,嘎佑,,360,烏來區,忠治,,656
烏來區,嘎佑,,361,烏來區,忠治,,624
烏來區,嘎佑,,362,烏來區,忠治,,625
烏來區,嘎佑,,363,烏來區,忠治,,626
烏來區,嘎佑,,364,烏來區,忠治,,627-1
烏來區,嘎佑,,365,烏來區,忠治,,650
烏來區,嘎佑,,366,烏來區,忠治,,625-1
烏來區,嘎佑,,367,烏來區,忠治,,628
烏來區,嘎佑,,368,烏來區,忠治,,627
烏來區,嘎佑,,369,烏來區,忠治,,631-1
烏來區,嘎佑,,37,烏來區,忠治,,890
烏來區,嘎佑,,370,烏來區,忠治,,649
烏來區,嘎佑,,372,烏來區,忠治,,630
烏來區,嘎佑,,373,烏來區,忠治,,629
烏來區,嘎佑,,374,烏來區,忠治,,648
烏來區,嘎佑,,375,烏來區,忠治,,631
烏來區,嘎佑,,376,烏來區,忠治,,632
烏來區,嘎佑,,377,烏來區,忠治,,633
烏來區,嘎佑,,378,烏來區,忠治,,631-3
烏來區,嘎佑,,379,烏來區,忠治,,645
烏來區,嘎佑,,38,烏來區,忠治,,891
烏來區,嘎佑,,380,烏來區,忠治,,639-2
烏來區,嘎佑,,381,烏來區,忠治,,634
烏來區,嘎佑,,382,烏來區,忠治,,643
烏來區,嘎佑,,383,烏來區,忠治,,638
烏來區,嘎佑,,384,烏來區,忠治,,644
烏來區,嘎佑,,385,烏來區,忠治,,639-1
烏來區,嘎佑,,386,烏來區,忠治,,635
烏來區,嘎佑,,387,烏來區,忠治,,639
烏來區,嘎佑,,388,烏來區,忠治,,642-1
烏來區,嘎佑,,389,烏來區,忠治,,641-2
烏來區,嘎佑,,39,烏來區,忠治,,889
烏來區,嘎佑,,390,烏來區,忠治,,636
烏來區,嘎佑,,391,烏來區,忠治,,642
烏來區,嘎佑,,392,烏來區,忠治,,637
烏來區,嘎佑,,393,烏來區,忠治,,641
烏來區,嘎佑,,394,烏來區,忠治,,636-2
烏來區,嘎佑,,395,烏來區,忠治,,639-5
烏來區,嘎佑,,396,烏來區,忠治,,637-2
烏來區,嘎佑,,397,烏來區,忠治,,639-4
烏來區,嘎佑,,4,烏來區,忠治,,887
烏來區,嘎佑,,40,烏來區,忠治,,888
烏來區,嘎佑,,400,烏來區,忠治,,640-4
烏來區,嘎佑,,401,烏來區,忠治,,640-1
烏來區,嘎佑,,402,烏來區,忠治,,640
烏來區,嘎佑,,405,烏來區,忠治,,750-2
烏來區,嘎佑,,406,烏來區,忠治,,750-1
烏來區,嘎佑,,407,烏來區,忠治,,714-2
烏來區,嘎佑,,408,烏來區,忠治,,749-2
烏來區,嘎佑,,409,烏來區,忠治,,749-1
烏來區,嘎佑,,41,烏來區,忠治,,899-1
烏來區,嘎佑,,410,烏來區,忠治,,714
烏來區,嘎佑,,411,烏來區,忠治,,749
烏來區,嘎佑,,412,烏來區,忠治,,746-3
烏來區,嘎佑,,413,烏來區,忠治,,714-1
烏來區,嘎佑,,414,烏來區,忠治,,746-1
烏來區,嘎佑,,415,烏來區,忠治,,715-2
烏來區,嘎佑,,416,烏來區,忠治,,713
烏來區,嘎佑,,417,烏來區,忠治,,715-1
烏來區,嘎佑,,418,烏來區,忠治,,715
烏來區,嘎佑,,419,烏來區,忠治,,715-3
烏來區,嘎佑,,42,烏來區,忠治,,917
烏來區,嘎佑,,420,烏來區,忠治,,712
烏來區,嘎佑,,421,烏來區,忠治,,711
烏來區,嘎佑,,422,烏來區,忠治,,720-3
烏來區,嘎佑,,423,烏來區,忠治,,720
烏來區,嘎佑,,424,烏來區,忠治,,720-2
烏來區,嘎佑,,425,烏來區,忠治,,720-1
烏來區,嘎佑,,426,烏來區,忠治,,721
烏來區,嘎佑,,427,烏來區,忠治,,719
烏來區,嘎佑,,428,烏來區,忠治,,718
烏來區,嘎佑,,429,烏來區,忠治,,718-1
烏來區,嘎佑,,43,烏來區,忠治,,916
烏來區,嘎佑,,430,烏來區,忠治,,718-2
烏來區,嘎佑,,431,烏來區,忠治,,718-3
烏來區,嘎佑,,432,烏來區,忠治,,722-6
烏來區,嘎佑,,433,烏來區,忠治,,722-3
烏來區,嘎佑,,434,烏來區,忠治,,722-5
烏來區,嘎佑,,435,烏來區,忠治,,724
烏來區,嘎佑,,436,烏來區,忠治,,717
烏來區,嘎佑,,437,烏來區,忠治,,723
烏來區,嘎佑,,438,烏來區,忠治,,722
烏來區,嘎佑,,439,烏來區,忠治,,363-3
烏來區,嘎佑,,44,烏來區,忠治,,916-1
烏來區,嘎佑,,440,烏來區,忠治,,192-7
烏來區,嘎佑,,441,烏來區,忠治,,192-6
烏來區,嘎佑,,442,烏來區,忠治,,190
烏來區,嘎佑,,443,烏來區,忠治,,192-5
烏來區,嘎佑,,444,烏來區,忠治,,202
烏來區,嘎佑,,445,烏來區,忠治,,191
烏來區,嘎佑,,446,烏來區,忠治,,192-2
烏來區,嘎佑,,447,烏來區,忠治,,198
烏來區,嘎佑,,448,烏來區,忠治,,193
烏來區,嘎佑,,449,烏來區,忠治,,194
烏來區,嘎佑,,45,烏來區,忠治,,916-2
烏來區,嘎佑,,450,烏來區,忠治,,195
烏來區,嘎佑,,451,烏來區,忠治,,197
烏來區,嘎佑,,452,烏來區,忠治,,182
烏來區,嘎佑,,453,烏來區,忠治,,196
烏來區,嘎佑,,454,烏來區,忠治,,180
烏來區,嘎佑,,456,烏來區,忠治,,181
烏來區,嘎佑,,457,烏來區,忠治,,178
烏來區,嘎佑,,458,烏來區,忠治,,179
烏來區,嘎佑,,459,烏來區,忠治,,177
烏來區,嘎佑,,46,烏來區,忠治,,915
烏來區,嘎佑,,461,烏來區,忠治,,46
烏來區,嘎佑,,462,烏來區,忠治,,175
烏來區,嘎佑,,463,烏來區,忠治,,46-1
烏來區,嘎佑,,464,烏來區,忠治,,47
烏來區,嘎佑,,465,烏來區,忠治,,49
烏來區,嘎佑,,467,烏來區,忠治,,48
烏來區,嘎佑,,468,烏來區,忠治,,159-1
烏來區,嘎佑,,47,烏來區,忠治,,912
烏來區,嘎佑,,470,烏來區,忠治,,159
烏來區,嘎佑,,471,烏來區,忠治,,74
烏來區,嘎佑,,472,烏來區,忠治,,70
烏來區,嘎佑,,473,烏來區,忠治,,73
烏來區,嘎佑,,474,烏來區,忠治,,947
烏來區,嘎佑,,475,烏來區,忠治,,946
烏來區,嘎佑,,476,烏來區,忠治,,935
烏來區,嘎佑,,477,烏來區,忠治,,945
烏來區,嘎佑,,478,烏來區,忠治,,944
烏來區,嘎佑,,479,烏來區,忠治,,943
烏來區,嘎佑,,48,烏來區,忠治,,911
烏來區,嘎佑,,480,烏來區,忠治,,72
烏來區,嘎佑,,481,烏來區,忠治,,78
烏來區,嘎佑,,482,烏來區,忠治,,76
烏來區,嘎佑,,483,烏來區,忠治,,77
烏來區,嘎佑,,484,烏來區,忠治,,75
烏來區,嘎佑,,486,烏來區,忠治,,161
烏來區,嘎佑,,487,烏來區,忠治,,158
烏來區,嘎佑,,488,烏來區,忠治,,159-4
烏來區,嘎佑,,489,烏來區,忠治,,159-3
烏來區,嘎佑,,49,烏來區,忠治,,899
烏來區,嘎佑,,490,烏來區,忠治,,173
烏來區,嘎佑,,491,烏來區,忠治,,159-2
烏來區,嘎佑,,492,烏來區,忠治,,159-5
烏來區,嘎佑,,493,烏來區,忠治,,174-2
烏來區,嘎佑,,494,烏來區,忠治,,205
烏來區,嘎佑,,495,烏來區,忠治,,174-3
烏來區,嘎佑,,496,烏來區,忠治,,174
烏來區,嘎佑,,497,烏來區,忠治,,174-1
烏來區,嘎佑,,498,烏來區,忠治,,205-3
烏來區,嘎佑,,499,烏來區,忠治,,176
烏來區,嘎佑,,5,烏來區,忠治,,886
烏來區,嘎佑,,50,烏來區,忠治,,897
烏來區,嘎佑,,500,烏來區,忠治,,205-4
烏來區,嘎佑,,501,烏來區,忠治,,205-1
烏來區,嘎佑,,502,烏來區,忠治,,199
烏來區,嘎佑,,503,烏來區,忠治,,205-5
烏來區,嘎佑,,504,烏來區,忠治,,200
烏來區,嘎佑,,505,烏來區,忠治,,201
烏來區,嘎佑,,506,烏來區,忠治,,205-6
烏來區,嘎佑,,507,烏來區,忠治,,205-7
烏來區,嘎佑,,508,烏來區,忠治,,203
烏來區,嘎佑,,509,烏來區,忠治,,204
烏來區,嘎佑,,51,烏來區,忠治,,898
烏來區,嘎佑,,510,烏來區,忠治,,363
烏來區,嘎佑,,511,烏來區,忠治,,363-1
烏來區,嘎佑,,512,烏來區,忠治,,364
烏來區,嘎佑,,513,烏來區,忠治,,363-2
烏來區,嘎佑,,514,烏來區,忠治,,365
烏來區,嘎佑,,515,烏來區,忠治,,722-4
烏來區,嘎佑,,516,烏來區,忠治,,363-4
烏來區,嘎佑,,517,烏來區,忠治,,366
烏來區,嘎佑,,518,烏來區,忠治,,367
烏來區,嘎佑,,519,烏來區,忠治,,722-1
烏來區,嘎佑,,52,烏來區,忠治,,892
烏來區,嘎佑,,520,烏來區,忠治,,722-2
烏來區,嘎佑,,521,烏來區,忠治,,704
烏來區,嘎佑,,522,烏來區,忠治,,705
烏來區,嘎佑,,523,烏來區,忠治,,706
烏來區,嘎佑,,524,烏來區,忠治,,709
烏來區,嘎佑,,525,烏來區,忠治,,702
烏來區,嘎佑,,526,烏來區,忠治,,707-1
烏來區,嘎佑,,527,烏來區,忠治,,707
烏來區,嘎佑,,528,烏來區,忠治,,703
烏來區,嘎佑,,529,烏來區,忠治,,701
烏來區,嘎佑,,53,烏來區,忠治,,893-1
烏來區,嘎佑,,530,烏來區,忠治,,708
烏來區,嘎佑,,531,烏來區,忠治,,708-1
烏來區,嘎佑,,532,烏來區,忠治,,708-2
烏來區,嘎佑,,533,烏來區,忠治,,708-3
烏來區,嘎佑,,534,烏來區,忠治,,708-4
烏來區,嘎佑,,535,烏來區,忠治,,710
烏來區,嘎佑,,536,烏來區,忠治,,699
烏來區,嘎佑,,537,烏來區,忠治,,700
烏來區,嘎佑,,538,烏來區,忠治,,699-4
烏來區,嘎佑,,539,烏來區,忠治,,699-2
烏來區,嘎佑,,54,烏來區,忠治,,893-7
烏來區,嘎佑,,540,烏來區,忠治,,699-1
烏來區,嘎佑,,541,烏來區,忠治,,689-3
烏來區,嘎佑,,542,烏來區,忠治,,696
烏來區,嘎佑,,543,烏來區,忠治,,695
烏來區,嘎佑,,544,烏來區,忠治,,697
烏來區,嘎佑,,545,烏來區,忠治,,699-3
烏來區,嘎佑,,546,烏來區,忠治,,689-2
烏來區,嘎佑,,547,烏來區,忠治,,698
烏來區,嘎佑,,548,烏來區,忠治,,694
烏來區,嘎佑,,549,烏來區,忠治,,693-2
烏來區,嘎佑,,55,烏來區,忠治,,893-9
烏來區,嘎佑,,550,烏來區,忠治,,689
烏來區,嘎佑,,551,烏來區,忠治,,689-1
烏來區,嘎佑,,552,烏來區,忠治,,686
烏來區,嘎佑,,553,烏來區,忠治,,693
烏來區,嘎佑,,554,烏來區,忠治,,689-4
烏來區,嘎佑,,555,烏來區,忠治,,692
烏來區,嘎佑,,556,烏來區,忠治,,693-1
烏來區,嘎佑,,558,烏來區,忠治,,690
烏來區,嘎佑,,559,烏來區,忠治,,646
烏來區,嘎佑,,56,烏來區,忠治,,893-2
烏來區,嘎佑,,560,烏來區,忠治,,691
烏來區,嘎佑,,561,烏來區,忠治,,693-4
烏來區,嘎佑,,562,烏來區,忠治,,647
烏來區,嘎佑,,563,烏來區,忠治,,693-5
烏來區,嘎佑,,564,烏來區,忠治,,693-6
烏來區,嘎佑,,565,烏來區,忠治,,666
烏來區,嘎佑,,566,烏來區,忠治,,652
烏來區,嘎佑,,567,烏來區,忠治,,667
烏來區,嘎佑,,568,烏來區,忠治,,674
烏來區,嘎佑,,569,烏來區,忠治,,651
烏來區,嘎佑,,57,烏來區,忠治,,893-8
烏來區,嘎佑,,570,烏來區,忠治,,668
烏來區,嘎佑,,571,烏來區,忠治,,653
烏來區,嘎佑,,572,烏來區,忠治,,665
烏來區,嘎佑,,573,烏來區,忠治,,673
烏來區,嘎佑,,574,烏來區,忠治,,665-2
烏來區,嘎佑,,575,烏來區,忠治,,665-1
烏來區,嘎佑,,576,烏來區,忠治,,666-2
烏來區,嘎佑,,577,烏來區,忠治,,667-2
烏來區,嘎佑,,578,烏來區,忠治,,668-2
烏來區,嘎佑,,579,烏來區,忠治,,654
烏來區,嘎佑,,58,烏來區,忠治,,893-6
烏來區,嘎佑,,580,烏來區,忠治,,655
烏來區,嘎佑,,581,烏來區,忠治,,672-2
烏來區,嘎佑,,582,烏來區,忠治,,673-2
烏來區,嘎佑,,583,烏來區,忠治,,662
烏來區,嘎佑,,584,烏來區,忠治,,672-1
烏來區,嘎佑,,586,烏來區,忠治,,670
烏來區,嘎佑,,587,烏來區,忠治,,669
烏來區,嘎佑,,588,烏來區,忠治,,661
烏來區,嘎佑,,589,烏來區,忠治,,660
烏來區,嘎佑,,59,烏來區,忠治,,892-5
烏來區,嘎佑,,590,烏來區,忠治,,670-2
烏來區,嘎佑,,591,烏來區,忠治,,672
烏來區,嘎佑,,592,烏來區,忠治,,664
烏來區,嘎佑,,593,烏來區,忠治,,671
烏來區,嘎佑,,594,烏來區,忠治,,671-2
烏來區,嘎佑,,596,烏來區,忠治,,663
烏來區,嘎佑,,597,烏來區,忠治,,659
烏來區,嘎佑,,599,烏來區,忠治,,580
烏來區,嘎佑,,6,烏來區,忠治,,885
烏來區,嘎佑,,60,烏來區,忠治,,893-5
烏來區,嘎佑,,600,烏來區,忠治,,581
烏來區,嘎佑,,601,烏來區,忠治,,578-2
烏來區,嘎佑,,602,烏來區,忠治,,596-4
烏來區,嘎佑,,603,烏來區,忠治,,588
烏來區,嘎佑,,604,烏來區,忠治,,589
烏來區,嘎佑,,605,烏來區,忠治,,596-3
烏來區,嘎佑,,606,烏來區,忠治,,596-1
烏來區,嘎佑,,607,烏來區,忠治,,579
烏來區,嘎佑,,608,烏來區,忠治,,587
烏來區,嘎佑,,609,烏來區,忠治,,590
烏來區,嘎佑,,61,烏來區,忠治,,894-9
烏來區,嘎佑,,610,烏來區,忠治,,596-2
烏來區,嘎佑,,611,烏來區,忠治,,582
烏來區,嘎佑,,612,烏來區,忠治,,596
烏來區,嘎佑,,613,烏來區,忠治,,583
烏來區,嘎佑,,614,烏來區,忠治,,573-2
烏來區,嘎佑,,615,烏來區,忠治,,586
烏來區,嘎佑,,616,烏來區,忠治,,591
烏來區,嘎佑,,617,烏來區,忠治,,584
烏來區,嘎佑,,618,烏來區,忠治,,585
烏來區,嘎佑,,619,烏來區,忠治,,602-7
烏來區,嘎佑,,62,烏來區,忠治,,894-6
烏來區,嘎佑,,620,烏來區,忠治,,595
烏來區,嘎佑,,621,烏來區,忠治,,592
烏來區,嘎佑,,622,烏來區,忠治,,602-3
烏來區,嘎佑,,623,烏來區,忠治,,602-6
烏來區,嘎佑,,624,烏來區,忠治,,593
烏來區,嘎佑,,625,烏來區,忠治,,594
烏來區,嘎佑,,626,烏來區,忠治,,601-2
烏來區,嘎佑,,627,烏來區,忠治,,600-2
烏來區,嘎佑,,628,烏來區,忠治,,602-2
烏來區,嘎佑,,629,烏來區,忠治,,608-2
烏來區,嘎佑,,63,烏來區,忠治,,894-7
烏來區,嘎佑,,630,烏來區,忠治,,577
烏來區,嘎佑,,631,烏來區,忠治,,678
烏來區,嘎佑,,632,烏來區,忠治,,675
烏來區,嘎佑,,633,烏來區,忠治,,677
烏來區,嘎佑,,634,烏來區,忠治,,676
烏來區,嘎佑,,635,烏來區,忠治,,683
烏來區,嘎佑,,636,烏來區,忠治,,684
烏來區,嘎佑,,637,烏來區,忠治,,684-1
烏來區,嘎佑,,638,烏來區,忠治,,682
烏來區,嘎佑,,639,烏來區,忠治,,685
烏來區,嘎佑,,64,烏來區,忠治,,894-4
烏來區,嘎佑,,640,烏來區,忠治,,397
烏來區,嘎佑,,641,烏來區,忠治,,687
烏來區,嘎佑,,642,烏來區,忠治,,688
烏來區,嘎佑,,643,烏來區,忠治,,396
烏來區,嘎佑,,644,烏來區,忠治,,395
烏來區,嘎佑,,645,烏來區,忠治,,394
烏來區,嘎佑,,646,烏來區,忠治,,391
烏來區,嘎佑,,647,烏來區,忠治,,390
烏來區,嘎佑,,648,烏來區,忠治,,392
烏來區,嘎佑,,649,烏來區,忠治,,393
烏來區,嘎佑,,65,烏來區,忠治,,893-3
烏來區,嘎佑,,650,烏來區,忠治,,388
烏來區,嘎佑,,651,烏來區,忠治,,389
烏來區,嘎佑,,652,烏來區,忠治,,371
烏來區,嘎佑,,653,烏來區,忠治,,372
烏來區,嘎佑,,654,烏來區,忠治,,369
烏來區,嘎佑,,655,烏來區,忠治,,368
烏來區,嘎佑,,656,烏來區,忠治,,370-2
烏來區,嘎佑,,657,烏來區,忠治,,370
烏來區,嘎佑,,658,烏來區,忠治,,363-5
烏來區,嘎佑,,659,烏來區,忠治,,361
烏來區,嘎佑,,66,烏來區,忠治,,894-2
烏來區,嘎佑,,660,烏來區,忠治,,362
烏來區,嘎佑,,661,烏來區,忠治,,363-6
烏來區,嘎佑,,662,烏來區,忠治,,214
烏來區,嘎佑,,663,烏來區,忠治,,205-2
烏來區,嘎佑,,664,烏來區,忠治,,213
烏來區,嘎佑,,665,烏來區,忠治,,212
烏來區,嘎佑,,666,烏來區,忠治,,206
烏來區,嘎佑,,667,烏來區,忠治,,206-1
烏來區,嘎佑,,668,烏來區,忠治,,171-2
烏來區,嘎佑,,669,烏來區,忠治,,171-1
烏來區,嘎佑,,67,烏來區,忠治,,893
烏來區,嘎佑,,670,烏來區,忠治,,171-3
烏來區,嘎佑,,671,烏來區,忠治,,170
烏來區,嘎佑,,672,烏來區,忠治,,171
烏來區,嘎佑,,673,烏來區,忠治,,172
烏來區,嘎佑,,674,烏來區,忠治,,167
烏來區,嘎佑,,675,烏來區,忠治,,168
烏來區,嘎佑,,676,烏來區,忠治,,166
烏來區,嘎佑,,677,烏來區,忠治,,160
烏來區,嘎佑,,678,烏來區,忠治,,165
烏來區,嘎佑,,679,烏來區,忠治,,163
烏來區,嘎佑,,680,烏來區,忠治,,164
烏來區,嘎佑,,681,烏來區,忠治,,162
烏來區,嘎佑,,682,烏來區,忠治,,155
烏來區,嘎佑,,683,烏來區,忠治,,157
烏來區,嘎佑,,684,烏來區,忠治,,156
烏來區,嘎佑,,686,烏來區,忠治,,79
烏來區,嘎佑,,687,烏來區,忠治,,80
烏來區,嘎佑,,688,烏來區,忠治,,81
烏來區,嘎佑,,689,烏來區,忠治,,83
烏來區,嘎佑,,69,烏來區,忠治,,893-4
烏來區,嘎佑,,690,烏來區,忠治,,82
烏來區,嘎佑,,691,烏來區,忠治,,87
烏來區,嘎佑,,692,烏來區,忠治,,90
烏來區,嘎佑,,693,烏來區,忠治,,86
烏來區,嘎佑,,694,烏來區,忠治,,85
烏來區,嘎佑,,695,烏來區,忠治,,84
烏來區,嘎佑,,697,烏來區,忠治,,99-1
烏來區,嘎佑,,699,烏來區,忠治,,152
烏來區,嘎佑,,7,烏來區,忠治,,884
烏來區,嘎佑,,70,烏來區,忠治,,892-4
烏來區,嘎佑,,700,烏來區,忠治,,154
烏來區,嘎佑,,701,烏來區,忠治,,153
烏來區,嘎佑,,702,烏來區,忠治,,151
烏來區,嘎佑,,703,烏來區,忠治,,169
烏來區,嘎佑,,704,烏來區,忠治,,150
烏來區,嘎佑,,705,烏來區,忠治,,208
烏來區,嘎佑,,706,烏來區,忠治,,207
烏來區,嘎佑,,707,烏來區,忠治,,206-2
烏來區,嘎佑,,708,烏來區,忠治,,211-2
烏來區,嘎佑,,709,烏來區,忠治,,211-1
烏來區,嘎佑,,71,烏來區,忠治,,892-2
烏來區,嘎佑,,710,烏來區,忠治,,210-1
烏來區,嘎佑,,711,烏來區,忠治,,211
烏來區,嘎佑,,712,烏來區,忠治,,210
烏來區,嘎佑,,713,烏來區,忠治,,220-1
烏來區,嘎佑,,714,烏來區,忠治,,220
烏來區,嘎佑,,715,烏來區,忠治,,219
烏來區,嘎佑,,716,烏來區,忠治,,218
烏來區,嘎佑,,717,烏來區,忠治,,217
烏來區,嘎佑,,718,烏來區,忠治,,216
烏來區,嘎佑,,719,烏來區,忠治,,353
烏來區,嘎佑,,72,烏來區,忠治,,895-2
烏來區,嘎佑,,720,烏來區,忠治,,215
烏來區,嘎佑,,721,烏來區,忠治,,355
烏來區,嘎佑,,722,烏來區,忠治,,356
烏來區,嘎佑,,723,烏來區,忠治,,360
烏來區,嘎佑,,724,烏來區,忠治,,357
烏來區,嘎佑,,725,烏來區,忠治,,359
烏來區,嘎佑,,726,烏來區,忠治,,358
烏來區,嘎佑,,727,烏來區,忠治,,370-1
烏來區,嘎佑,,728,烏來區,忠治,,373
烏來區,嘎佑,,729,烏來區,忠治,,387
烏來區,嘎佑,,73,烏來區,忠治,,895-1
烏來區,嘎佑,,730,烏來區,忠治,,400
烏來區,嘎佑,,731,烏來區,忠治,,405
烏來區,嘎佑,,732,烏來區,忠治,,401
烏來區,嘎佑,,733,烏來區,忠治,,398
烏來區,嘎佑,,734,烏來區,忠治,,399
烏來區,嘎佑,,735,烏來區,忠治,,402
烏來區,嘎佑,,736,烏來區,忠治,,403
烏來區,嘎佑,,737,烏來區,忠治,,479
烏來區,嘎佑,,738,烏來區,忠治,,681
烏來區,嘎佑,,739,烏來區,忠治,,481
烏來區,嘎佑,,74,烏來區,忠治,,895
烏來區,嘎佑,,740,烏來區,忠治,,480
烏來區,嘎佑,,741,烏來區,忠治,,482
烏來區,嘎佑,,742,烏來區,忠治,,679
烏來區,嘎佑,,743,烏來區,忠治,,680
烏來區,嘎佑,,744,烏來區,忠治,,484
烏來區,嘎佑,,745,烏來區,忠治,,483
烏來區,嘎佑,,746,烏來區,忠治,,486
烏來區,嘎佑,,747,烏來區,忠治,,485
烏來區,嘎佑,,748,烏來區,忠治,,477
烏來區,嘎佑,,749,烏來區,忠治,,478
烏來區,嘎佑,,75,烏來區,忠治,,896
烏來區,嘎佑,,750,烏來區,忠治,,422
烏來區,嘎佑,,751,烏來區,忠治,,404
烏來區,嘎佑,,752,烏來區,忠治,,421
烏來區,嘎佑,,753,烏來區,忠治,,406
烏來區,嘎佑,,754,烏來區,忠治,,407
烏來區,嘎佑,,755,烏來區,忠治,,386
烏來區,嘎佑,,756,烏來區,忠治,,375
烏來區,嘎佑,,757,烏來區,忠治,,374
烏來區,嘎佑,,758,烏來區,忠治,,345-2
烏來區,嘎佑,,759,烏來區,忠治,,345-1
烏來區,嘎佑,,76,烏來區,忠治,,900
烏來區,嘎佑,,760,烏來區,忠治,,374-1
烏來區,嘎佑,,761,烏來區,忠治,,374-2
烏來區,嘎佑,,762,烏來區,忠治,,346
烏來區,嘎佑,,763,烏來區,忠治,,348-1
烏來區,嘎佑,,764,烏來區,忠治,,349
烏來區,嘎佑,,765,烏來區,忠治,,354
烏來區,嘎佑,,766,烏來區,忠治,,348
烏來區,嘎佑,,767,烏來區,忠治,,348-2
烏來區,嘎佑,,768,烏來區,忠治,,225
烏來區,嘎佑,,769,烏來區,忠治,,350
烏來區,嘎佑,,77,烏來區,忠治,,901
烏來區,嘎佑,,770,烏來區,忠治,,351
烏來區,嘎佑,,771,烏來區,忠治,,352
烏來區,嘎佑,,772,烏來區,忠治,,223
烏來區,嘎佑,,773,烏來區,忠治,,222-2
烏來區,嘎佑,,774,烏來區,忠治,,222-1
烏來區,嘎佑,,775,烏來區,忠治,,220-2
烏來區,嘎佑,,776,烏來區,忠治,,222
烏來區,嘎佑,,777,烏來區,忠治,,221
烏來區,嘎佑,,778,烏來區,忠治,,210-2
烏來區,嘎佑,,779,烏來區,忠治,,209
烏來區,嘎佑,,78,烏來區,忠治,,908
烏來區,嘎佑,,780,烏來區,忠治,,142
烏來區,嘎佑,,781,烏來區,忠治,,143
烏來區,嘎佑,,782,烏來區,忠治,,149
烏來區,嘎佑,,783,烏來區,忠治,,148
烏來區,嘎佑,,784,烏來區,忠治,,147
烏來區,嘎佑,,785,烏來區,忠治,,146
烏來區,嘎佑,,786,烏來區,忠治,,101
烏來區,嘎佑,,787,烏來區,忠治,,100
烏來區,嘎佑,,788,烏來區,忠治,,99
烏來區,嘎佑,,789,烏來區,忠治,,89
烏來區,嘎佑,,79,烏來區,忠治,,910
烏來區,嘎佑,,790,烏來區,忠治,,88
烏來區,嘎佑,,791,烏來區,忠治,,98
烏來區,嘎佑,,792,烏來區,忠治,,103
烏來區,嘎佑,,793,烏來區,忠治,,102
烏來區,嘎佑,,794,烏來區,忠治,,105
烏來區,嘎佑,,795,烏來區,忠治,,144
烏來區,嘎佑,,796,烏來區,忠治,,145
烏來區,嘎佑,,797,烏來區,忠治,,141
烏來區,嘎佑,,798,烏來區,忠治,,140
烏來區,嘎佑,,799,烏來區,忠治,,226
烏來區,嘎佑,,8,烏來區,忠治,,881
烏來區,嘎佑,,80,烏來區,忠治,,909
烏來區,嘎佑,,800,烏來區,忠治,,225-2
烏來區,嘎佑,,801,烏來區,忠治,,345
烏來區,嘎佑,,802,烏來區,忠治,,375-2
烏來區,嘎佑,,803,烏來區,忠治,,375-1
烏來區,嘎佑,,804,烏來區,忠治,,377
烏來區,嘎佑,,805,烏來區,忠治,,376
烏來區,嘎佑,,806,烏來區,忠治,,384-2
烏來區,嘎佑,,807,烏來區,忠治,,384-1
烏來區,嘎佑,,808,烏來區,忠治,,384
烏來區,嘎佑,,809,烏來區,忠治,,383-1
烏來區,嘎佑,,81,烏來區,忠治,,913
烏來區,嘎佑,,810,烏來區,忠治,,383
烏來區,嘎佑,,811,烏來區,忠治,,385
烏來區,嘎佑,,812,烏來區,忠治,,382
烏來區,嘎佑,,813,烏來區,忠治,,382-1
烏來區,嘎佑,,814,烏來區,忠治,,382-2
烏來區,嘎佑,,815,烏來區,忠治,,408
烏來區,嘎佑,,816,烏來區,忠治,,410-1
烏來區,嘎佑,,817,烏來區,忠治,,410-4
烏來區,嘎佑,,818,烏來區,忠治,,410-2
烏來區,嘎佑,,819,烏來區,忠治,,410-3
烏來區,嘎佑,,82,烏來區,忠治,,914
烏來區,嘎佑,,820,烏來區,忠治,,410
烏來區,嘎佑,,821,烏來區,忠治,,409
烏來區,嘎佑,,822,烏來區,忠治,,418-2
烏來區,嘎佑,,823,烏來區,忠治,,418-1
烏來區,嘎佑,,824,烏來區,忠治,,419
烏來區,嘎佑,,825,烏來區,忠治,,420
烏來區,嘎佑,,826,烏來區,忠治,,427
烏來區,嘎佑,,827,烏來區,忠治,,423
烏來區,嘎佑,,828,烏來區,忠治,,426
烏來區,嘎佑,,829,烏來區,忠治,,428
烏來區,嘎佑,,83,烏來區,忠治,,920
烏來區,嘎佑,,830,烏來區,忠治,,424
烏來區,嘎佑,,831,烏來區,忠治,,428-1
烏來區,嘎佑,,832,烏來區,忠治,,425
烏來區,嘎佑,,833,烏來區,忠治,,476-4
烏來區,嘎佑,,834,烏來區,忠治,,417
烏來區,嘎佑,,835,烏來區,忠治,,418
烏來區,嘎佑,,836,烏來區,忠治,,415
烏來區,嘎佑,,837,烏來區,忠治,,416
烏來區,嘎佑,,838,烏來區,忠治,,411
烏來區,嘎佑,,839,烏來區,忠治,,381
烏來區,嘎佑,,84,烏來區,忠治,,918
烏來區,嘎佑,,840,烏來區,忠治,,380
烏來區,嘎佑,,841,烏來區,忠治,,379
烏來區,嘎佑,,842,烏來區,忠治,,378
烏來區,嘎佑,,843,烏來區,忠治,,344
烏來區,嘎佑,,844,烏來區,忠治,,342
烏來區,嘎佑,,845,烏來區,忠治,,343
烏來區,嘎佑,,846,烏來區,忠治,,341
烏來區,嘎佑,,847,烏來區,忠治,,227
烏來區,嘎佑,,848,烏來區,忠治,,228
烏來區,嘎佑,,849,烏來區,忠治,,224
烏來區,嘎佑,,85,烏來區,忠治,,919
烏來區,嘎佑,,850,烏來區,忠治,,138
烏來區,嘎佑,,851,烏來區,忠治,,139
烏來區,嘎佑,,852,烏來區,忠治,,106
烏來區,嘎佑,,853,烏來區,忠治,,104
烏來區,嘎佑,,854,烏來區,忠治,,97
烏來區,嘎佑,,855,烏來區,忠治,,91
烏來區,嘎佑,,856,烏來區,忠治,,93
烏來區,嘎佑,,857,烏來區,忠治,,92
烏來區,嘎佑,,858,烏來區,忠治,,96
烏來區,嘎佑,,859,烏來區,忠治,,108
烏來區,嘎佑,,86,烏來區,忠治,,921
烏來區,嘎佑,,860,烏來區,忠治,,107
烏來區,嘎佑,,861,烏來區,忠治,,135
烏來區,嘎佑,,862,烏來區,忠治,,137
烏來區,嘎佑,,863,烏來區,忠治,,136
烏來區,嘎佑,,864,烏來區,忠治,,229
烏來區,嘎佑,,865,烏來區,忠治,,230
烏來區,嘎佑,,866,烏來區,忠治,,231
烏來區,嘎佑,,867,烏來區,忠治,,340
烏來區,嘎佑,,868,烏來區,忠治,,340-1
烏來區,嘎佑,,869,烏來區,忠治,,340-3
烏來區,嘎佑,,87,烏來區,忠治,,923-2
烏來區,嘎佑,,870,烏來區,忠治,,340-2
烏來區,嘎佑,,871,烏來區,忠治,,339-1
烏來區,嘎佑,,872,烏來區,忠治,,339-2
烏來區,嘎佑,,873,烏來區,忠治,,412
烏來區,嘎佑,,874,烏來區,忠治,,414
烏來區,嘎佑,,875,烏來區,忠治,,430-1
烏來區,嘎佑,,876,烏來區,忠治,,335-1
烏來區,嘎佑,,877,烏來區,忠治,,413
烏來區,嘎佑,,878,烏來區,忠治,,336
烏來區,嘎佑,,879,烏來區,忠治,,338
烏來區,嘎佑,,88,烏來區,忠治,,923-1
烏來區,嘎佑,,880,烏來區,忠治,,337
烏來區,嘎佑,,881,烏來區,忠治,,339
烏來區,嘎佑,,882,烏來區,忠治,,232
烏來區,嘎佑,,883,烏來區,忠治,,129
烏來區,嘎佑,,884,烏來區,忠治,,133
烏來區,嘎佑,,885,烏來區,忠治,,134
烏來區,嘎佑,,886,烏來區,忠治,,111
烏來區,嘎佑,,887,烏來區,忠治,,110
烏來區,嘎佑,,888,烏來區,忠治,,95
烏來區,嘎佑,,89,烏來區,忠治,,925
烏來區,嘎佑,,890,烏來區,忠治,,94
烏來區,嘎佑,,891,烏來區,忠治,,109
烏來區,嘎佑,,892,烏來區,忠治,,112
烏來區,嘎佑,,893,烏來區,忠治,,115
烏來區,嘎佑,,894,烏來區,忠治,,131
烏來區,嘎佑,,895,烏來區,忠治,,132
烏來區,嘎佑,,896,烏來區,忠治,,233
烏來區,嘎佑,,897,烏來區,忠治,,234
烏來區,嘎佑,,898,烏來區,忠治,,333
烏來區,嘎佑,,899,烏來區,忠治,,234-1
烏來區,嘎佑,,9,烏來區,忠治,,878-5
烏來區,嘎佑,,90,烏來區,忠治,,926
烏來區,嘎佑,,900,烏來區,忠治,,335-5
烏來區,嘎佑,,901,烏來區,忠治,,234-2
烏來區,嘎佑,,902,烏來區,忠治,,335
烏來區,嘎佑,,903,烏來區,忠治,,335-2
烏來區,嘎佑,,904,烏來區,忠治,,332
烏來區,嘎佑,,905,烏來區,忠治,,235-2
烏來區,嘎佑,,906,烏來區,忠治,,123
烏來區,嘎佑,,907,烏來區,忠治,,128
烏來區,嘎佑,,908,烏來區,忠治,,127
烏來區,嘎佑,,909,烏來區,忠治,,126
烏來區,嘎佑,,91,烏來區,忠治,,924
烏來區,嘎佑,,910,烏來區,忠治,,130
烏來區,嘎佑,,911,烏來區,忠治,,114
烏來區,嘎佑,,912,烏來區,忠治,,113
烏來區,嘎佑,,913,烏來區,忠治,,116
烏來區,嘎佑,,914,烏來區,忠治,,119
烏來區,嘎佑,,915,烏來區,忠治,,125
烏來區,嘎佑,,916,烏來區,忠治,,124
烏來區,嘎佑,,917,烏來區,忠治,,122
烏來區,嘎佑,,918,烏來區,忠治,,121
烏來區,嘎佑,,919,烏來區,忠治,,294
烏來區,嘎佑,,92,烏來區,忠治,,927
烏來區,嘎佑,,920,烏來區,忠治,,235
烏來區,嘎佑,,921,烏來區,忠治,,120
烏來區,嘎佑,,922,烏來區,忠治,,117
烏來區,嘎佑,,923,烏來區,忠治,,118
烏來區,嘎佑,,924,烏來區,忠治,,236
烏來區,嘎佑,,93,烏來區,忠治,,3-1
烏來區,嘎佑,,94,烏來區,忠治,,905
烏來區,嘎佑,,95,烏來區,忠治,,906
烏來區,嘎佑,,96,烏來區,忠治,,904
烏來區,嘎佑,,97,烏來區,忠治,,3-5
烏來區,嘎佑,,98,烏來區,忠治,,907
烏來區,嘎佑,,99,烏來區,忠治,,903
烏來區,堰堤,,1,烏來區,忠治,,804-1
烏來區,堰堤,,10,烏來區,忠治,,797-1
烏來區,堰堤,,100,烏來區,忠治,,781
烏來區,堰堤,,1000,烏來區,忠治,,872
烏來區,堰堤,,1001,烏來區,忠治,,871
烏來區,堰堤,,1002,烏來區,忠治,,871-16
烏來區,堰堤,,1003,烏來區,忠治,,871-15
烏來區,堰堤,,1004,烏來區,忠治,,871-14
烏來區,堰堤,,1005,烏來區,忠治,,871-13
烏來區,堰堤,,1006,烏來區,忠治,,871-12
烏來區,堰堤,,1007,烏來區,忠治,,870-22
烏來區,堰堤,,1008,烏來區,忠治,,871-11
烏來區,堰堤,,1009,烏來區,忠治,,871-1
烏來區,堰堤,,101,烏來區,忠治,,782
烏來區,堰堤,,1010,烏來區,忠治,,871-10
烏來區,堰堤,,1011,烏來區,忠治,,871-9
烏來區,堰堤,,1012,烏來區,忠治,,871-8
烏來區,堰堤,,1013,烏來區,忠治,,870-12
烏來區,堰堤,,1014,烏來區,忠治,,870-16
烏來區,堰堤,,1015,烏來區,忠治,,870-20
烏來區,堰堤,,1016,烏來區,忠治,,870-15
烏來區,堰堤,,1017,烏來區,忠治,,870-14
烏來區,堰堤,,1018,烏來區,忠治,,870-11
烏來區,堰堤,,1019,烏來區,忠治,,870-13
烏來區,堰堤,,102,烏來區,忠治,,782-3
烏來區,堰堤,,1020,烏來區,忠治,,870-10
烏來區,堰堤,,1021,烏來區,忠治,,870-26
烏來區,堰堤,,1022,烏來區,忠治,,870-25
烏來區,堰堤,,1023,烏來區,忠治,,870-24
烏來區,堰堤,,1024,烏來區,忠治,,870-21
烏來區,堰堤,,1025,烏來區,忠治,,873
烏來區,堰堤,,1026,烏來區,忠治,,873-1
烏來區,堰堤,,1027,烏來區,忠治,,874
烏來區,堰堤,,1028,烏來區,忠治,,874-5
烏來區,堰堤,,1029,烏來區,忠治,,264-13
烏來區,堰堤,,103,烏來區,忠治,,783
烏來區,堰堤,,1030,烏來區,忠治,,874-2
烏來區,堰堤,,1031,烏來區,忠治,,874-6
烏來區,堰堤,,1032,烏來區,忠治,,874-8
烏來區,堰堤,,1033,烏來區,忠治,,874-1
烏來區,堰堤,,1034,烏來區,忠治,,264-12
烏來區,堰堤,,1035,烏來區,忠治,,874-7
烏來區,堰堤,,1036,烏來區,忠治,,874-3
烏來區,堰堤,,1037,烏來區,忠治,,249
烏來區,堰堤,,1038,烏來區,忠治,,249-1
烏來區,堰堤,,1039,烏來區,忠治,,250-1
烏來區,堰堤,,104,烏來區,忠治,,541-3
烏來區,堰堤,,1040,烏來區,忠治,,249-3
烏來區,堰堤,,1041,烏來區,忠治,,249-2
烏來區,堰堤,,1042,烏來區,忠治,,251
烏來區,堰堤,,1043,烏來區,忠治,,248-1
烏來區,堰堤,,1044,烏來區,忠治,,247-1
烏來區,堰堤,,1045,烏來區,忠治,,247-2
烏來區,堰堤,,1046,烏來區,忠治,,247-3
烏來區,堰堤,,1047,烏來區,忠治,,247
烏來區,堰堤,,1048,烏來區,忠治,,246
烏來區,堰堤,,1049,烏來區,忠治,,245
烏來區,堰堤,,1050,烏來區,忠治,,244-1
烏來區,堰堤,,1051,烏來區,忠治,,244-2
烏來區,堰堤,,1052,烏來區,忠治,,243-1
烏來區,堰堤,,1053,烏來區,忠治,,243
烏來區,堰堤,,106,烏來區,忠治,,540-2
烏來區,堰堤,,107,烏來區,忠治,,786
烏來區,堰堤,,108,烏來區,忠治,,788
烏來區,堰堤,,109,烏來區,忠治,,787
烏來區,堰堤,,11,烏來區,忠治,,797-2
烏來區,堰堤,,110,烏來區,忠治,,788-1
烏來區,堰堤,,111,烏來區,忠治,,790
烏來區,堰堤,,112,烏來區,忠治,,789
烏來區,堰堤,,113,烏來區,忠治,,819
烏來區,堰堤,,114,烏來區,忠治,,817
烏來區,堰堤,,115,烏來區,忠治,,819-2
烏來區,堰堤,,116,烏來區,忠治,,816
烏來區,堰堤,,117,烏來區,忠治,,815
烏來區,堰堤,,118,烏來區,忠治,,825
烏來區,堰堤,,119,烏來區,忠治,,825-1
烏來區,堰堤,,12,烏來區,忠治,,793-1
烏來區,堰堤,,120,烏來區,忠治,,826-1
烏來區,堰堤,,121,烏來區,忠治,,818
烏來區,堰堤,,122,烏來區,忠治,,826-3
烏來區,堰堤,,123,烏來區,忠治,,825-5
烏來區,堰堤,,124,烏來區,忠治,,826-2
烏來區,堰堤,,125,烏來區,忠治,,826-4
烏來區,堰堤,,126,烏來區,忠治,,826
烏來區,堰堤,,127,烏來區,忠治,,825-4
烏來區,堰堤,,128,烏來區,忠治,,825-3
烏來區,堰堤,,129,烏來區,忠治,,828-2
烏來區,堰堤,,13,烏來區,忠治,,793-2
烏來區,堰堤,,130,烏來區,忠治,,828-1
烏來區,堰堤,,131,烏來區,忠治,,824-4
烏來區,堰堤,,132,烏來區,忠治,,825-2
烏來區,堰堤,,133,烏來區,忠治,,824-5
烏來區,堰堤,,134,烏來區,忠治,,828
烏來區,堰堤,,135,烏來區,忠治,,824-2
烏來區,堰堤,,136,烏來區,忠治,,824-1
烏來區,堰堤,,137,烏來區,忠治,,829
烏來區,堰堤,,138,烏來區,忠治,,827
烏來區,堰堤,,139,烏來區,忠治,,827-1
烏來區,堰堤,,14,烏來區,忠治,,794-2
烏來區,堰堤,,141,烏來區,忠治,,824-3
烏來區,堰堤,,142,烏來區,忠治,,823-2
烏來區,堰堤,,143,烏來區,忠治,,823-3
烏來區,堰堤,,144,烏來區,忠治,,823-1
烏來區,堰堤,,145,烏來區,忠治,,824
烏來區,堰堤,,146,烏來區,忠治,,823
烏來區,堰堤,,147,烏來區,忠治,,820
烏來區,堰堤,,148,烏來區,忠治,,820-1
烏來區,堰堤,,149,烏來區,忠治,,821-1
烏來區,堰堤,,15,烏來區,忠治,,794
烏來區,堰堤,,150,烏來區,忠治,,820-2
烏來區,堰堤,,151,烏來區,忠治,,821
烏來區,堰堤,,152,烏來區,忠治,,821-2
烏來區,堰堤,,154,烏來區,忠治,,819-1
烏來區,堰堤,,155,烏來區,忠治,,539-5
烏來區,堰堤,,156,烏來區,忠治,,821-5
烏來區,堰堤,,157,烏來區,忠治,,539-4
烏來區,堰堤,,158,烏來區,忠治,,819-3
烏來區,堰堤,,159,烏來區,忠治,,539-1
烏來區,堰堤,,16,烏來區,忠治,,794-1
烏來區,堰堤,,160,烏來區,忠治,,539-3
烏來區,堰堤,,161,烏來區,忠治,,818-1
烏來區,堰堤,,163,烏來區,忠治,,821-4
烏來區,堰堤,,164,烏來區,忠治,,538-2
烏來區,堰堤,,165,烏來區,忠治,,538-1
烏來區,堰堤,,166,烏來區,忠治,,539
烏來區,堰堤,,167,烏來區,忠治,,789-1
烏來區,堰堤,,168,烏來區,忠治,,539-2
烏來區,堰堤,,169,烏來區,忠治,,789-2
烏來區,堰堤,,17,烏來區,忠治,,795-1
烏來區,堰堤,,171,烏來區,忠治,,538
烏來區,堰堤,,172,烏來區,忠治,,541-2
烏來區,堰堤,,173,烏來區,忠治,,788-2
烏來區,堰堤,,174,烏來區,忠治,,540-4
烏來區,堰堤,,175,烏來區,忠治,,540-1
烏來區,堰堤,,176,烏來區,忠治,,550-1
烏來區,堰堤,,177,烏來區,忠治,,541
烏來區,堰堤,,178,烏來區,忠治,,540
烏來區,堰堤,,179,烏來區,忠治,,540-5
烏來區,堰堤,,18,烏來區,忠治,,795-2
烏來區,堰堤,,180,烏來區,忠治,,540-3
烏來區,堰堤,,181,烏來區,忠治,,541-1
烏來區,堰堤,,182,烏來區,忠治,,547
烏來區,堰堤,,183,烏來區,忠治,,542-2
烏來區,堰堤,,184,烏來區,忠治,,546
烏來區,堰堤,,185,烏來區,忠治,,542-1
烏來區,堰堤,,186,烏來區,忠治,,542
烏來區,堰堤,,187,烏來區,忠治,,545-1
烏來區,堰堤,,188,烏來區,忠治,,543-1
烏來區,堰堤,,189,烏來區,忠治,,544
烏來區,堰堤,,19,烏來區,忠治,,796-1
烏來區,堰堤,,190,烏來區,忠治,,543
烏來區,堰堤,,191,烏來區,忠治,,782-2
烏來區,堰堤,,192,烏來區,忠治,,543-3
烏來區,堰堤,,193,烏來區,忠治,,543-2
烏來區,堰堤,,194,烏來區,忠治,,782-1
烏來區,堰堤,,195,烏來區,忠治,,543-4
烏來區,堰堤,,197,烏來區,忠治,,567
烏來區,堰堤,,198,烏來區,忠治,,568-2
烏來區,堰堤,,199,烏來區,忠治,,568-7
烏來區,堰堤,,2,烏來區,忠治,,805-2
烏來區,堰堤,,20,烏來區,忠治,,795
烏來區,堰堤,,200,烏來區,忠治,,568-8
烏來區,堰堤,,201,烏來區,忠治,,568-3
烏來區,堰堤,,202,烏來區,忠治,,568-4
烏來區,堰堤,,203,烏來區,忠治,,569-1
烏來區,堰堤,,204,烏來區,忠治,,569-8
烏來區,堰堤,,205,烏來區,忠治,,948
烏來區,堰堤,,206,烏來區,忠治,,569-3
烏來區,堰堤,,207,烏來區,忠治,,569
烏來區,堰堤,,208,烏來區,忠治,,569-5
烏來區,堰堤,,209,烏來區,忠治,,568-5
烏來區,堰堤,,21,烏來區,忠治,,796-2
烏來區,堰堤,,210,烏來區,忠治,,569-4
烏來區,堰堤,,211,烏來區,忠治,,569-7
烏來區,堰堤,,212,烏來區,忠治,,569-2
烏來區,堰堤,,213,烏來區,忠治,,570
烏來區,堰堤,,214,烏來區,忠治,,569-6
烏來區,堰堤,,215,烏來區,忠治,,568
烏來區,堰堤,,216,烏來區,忠治,,570-1
烏來區,堰堤,,217,烏來區,忠治,,780
烏來區,堰堤,,218,烏來區,忠治,,570-3
烏來區,堰堤,,219,烏來區,忠治,,779
烏來區,堰堤,,22,烏來區,忠治,,796
烏來區,堰堤,,220,烏來區,忠治,,570-2
烏來區,堰堤,,221,烏來區,忠治,,568-1
烏來區,堰堤,,222,烏來區,忠治,,568-6
烏來區,堰堤,,223,烏來區,忠治,,571-3
烏來區,堰堤,,225,烏來區,忠治,,571-4
烏來區,堰堤,,226,烏來區,忠治,,571
烏來區,堰堤,,227,烏來區,忠治,,571-5
烏來區,堰堤,,228,烏來區,忠治,,777
烏來區,堰堤,,229,烏來區,忠治,,777-1
烏來區,堰堤,,23,烏來區,忠治,,797
烏來區,堰堤,,230,烏來區,忠治,,777-2
烏來區,堰堤,,231,烏來區,忠治,,776
烏來區,堰堤,,232,烏來區,忠治,,571-1
烏來區,堰堤,,233,烏來區,忠治,,571-6
烏來區,堰堤,,234,烏來區,忠治,,773-2
烏來區,堰堤,,235,烏來區,忠治,,773-1
烏來區,堰堤,,236,烏來區,忠治,,773
烏來區,堰堤,,238,烏來區,忠治,,571-2
烏來區,堰堤,,239,烏來區,忠治,,772
烏來區,堰堤,,24,烏來區,忠治,,799
烏來區,堰堤,,240,烏來區,忠治,,772-3
烏來區,堰堤,,241,烏來區,忠治,,772-1
烏來區,堰堤,,242,烏來區,忠治,,572-2
烏來區,堰堤,,243,烏來區,忠治,,771-1
烏來區,堰堤,,244,烏來區,忠治,,572
烏來區,堰堤,,245,烏來區,忠治,,771
烏來區,堰堤,,246,烏來區,忠治,,771-3
烏來區,堰堤,,247,烏來區,忠治,,771-2
烏來區,堰堤,,248,烏來區,忠治,,572-1
烏來區,堰堤,,249,烏來區,忠治,,770-1
烏來區,堰堤,,25,烏來區,忠治,,798
烏來區,堰堤,,250,烏來區,忠治,,604-2
烏來區,堰堤,,251,烏來區,忠治,,604-1
烏來區,堰堤,,252,烏來區,忠治,,770-2
烏來區,堰堤,,253,烏來區,忠治,,604
烏來區,堰堤,,254,烏來區,忠治,,605
烏來區,堰堤,,255,烏來區,忠治,,609
烏來區,堰堤,,256,烏來區,忠治,,606
烏來區,堰堤,,257,烏來區,忠治,,769-2
烏來區,堰堤,,258,烏來區,忠治,,609-1
烏來區,堰堤,,259,烏來區,忠治,,607
烏來區,堰堤,,26,烏來區,忠治,,802
烏來區,堰堤,,260,烏來區,忠治,,609-5
烏來區,堰堤,,261,烏來區,忠治,,768
烏來區,堰堤,,262,烏來區,忠治,,600
烏來區,堰堤,,263,烏來區,忠治,,769
烏來區,堰堤,,264,烏來區,忠治,,608
烏來區,堰堤,,265,烏來區,忠治,,769-1
烏來區,堰堤,,266,烏來區,忠治,,601
烏來區,堰堤,,267,烏來區,忠治,,769-3
烏來區,堰堤,,268,烏來區,忠治,,611-2
烏來區,堰堤,,269,烏來區,忠治,,611-3
烏來區,堰堤,,27,烏來區,忠治,,803
烏來區,堰堤,,270,烏來區,忠治,,767
烏來區,堰堤,,271,烏來區,忠治,,767-2
烏來區,堰堤,,272,烏來區,忠治,,769-4
烏來區,堰堤,,273,烏來區,忠治,,613-2
烏來區,堰堤,,274,烏來區,忠治,,767-1
烏來區,堰堤,,275,烏來區,忠治,,763-2
烏來區,堰堤,,277,烏來區,忠治,,621-1
烏來區,堰堤,,278,烏來區,忠治,,622-2
烏來區,堰堤,,279,烏來區,忠治,,625-2
烏來區,堰堤,,28,烏來區,忠治,,804
烏來區,堰堤,,280,烏來區,忠治,,631-2
烏來區,堰堤,,281,烏來區,忠治,,752-1
烏來區,堰堤,,282,烏來區,忠治,,640-3
烏來區,堰堤,,283,烏來區,忠治,,578-5
烏來區,堰堤,,284,烏來區,忠治,,578-4
烏來區,堰堤,,285,烏來區,忠治,,578-3
烏來區,堰堤,,286,烏來區,忠治,,578
烏來區,堰堤,,287,烏來區,忠治,,602
烏來區,堰堤,,288,烏來區,忠治,,602-5
烏來區,堰堤,,289,烏來區,忠治,,602-4
烏來區,堰堤,,29,烏來區,忠治,,805
烏來區,堰堤,,290,烏來區,忠治,,573
烏來區,堰堤,,291,烏來區,忠治,,603
烏來區,堰堤,,292,烏來區,忠治,,565
烏來區,堰堤,,293,烏來區,忠治,,566
烏來區,堰堤,,294,烏來區,忠治,,555-1
烏來區,堰堤,,295,烏來區,忠治,,555
烏來區,堰堤,,296,烏來區,忠治,,555-2
烏來區,堰堤,,297,烏來區,忠治,,555-3
烏來區,堰堤,,298,烏來區,忠治,,547-1
烏來區,堰堤,,299,烏來區,忠治,,545
烏來區,堰堤,,3,烏來區,忠治,,801
烏來區,堰堤,,30,烏來區,忠治,,805-1
烏來區,堰堤,,300,烏來區,忠治,,554
烏來區,堰堤,,301,烏來區,忠治,,554-1
烏來區,堰堤,,302,烏來區,忠治,,549
烏來區,堰堤,,303,烏來區,忠治,,548
烏來區,堰堤,,304,烏來區,忠治,,551
烏來區,堰堤,,305,烏來區,忠治,,550-2
烏來區,堰堤,,306,烏來區,忠治,,550-4
烏來區,堰堤,,307,烏來區,忠治,,550
烏來區,堰堤,,308,烏來區,忠治,,536
烏來區,堰堤,,309,烏來區,忠治,,550-3
烏來區,堰堤,,31,烏來區,忠治,,806
烏來區,堰堤,,310,烏來區,忠治,,537
烏來區,堰堤,,311,烏來區,忠治,,537-4
烏來區,堰堤,,312,烏來區,忠治,,537-5
烏來區,堰堤,,313,烏來區,忠治,,537-1
烏來區,堰堤,,314,烏來區,忠治,,537-3
烏來區,堰堤,,315,烏來區,忠治,,537-2
烏來區,堰堤,,316,烏來區,忠治,,821-3
烏來區,堰堤,,317,烏來區,忠治,,821-6
烏來區,堰堤,,318,烏來區,忠治,,822-1
烏來區,堰堤,,319,烏來區,忠治,,536-1
烏來區,堰堤,,32,烏來區,忠治,,806-3
烏來區,堰堤,,321,烏來區,忠治,,831-2
烏來區,堰堤,,322,烏來區,忠治,,831-1
烏來區,堰堤,,323,烏來區,忠治,,831
烏來區,堰堤,,324,烏來區,忠治,,822
烏來區,堰堤,,325,烏來區,忠治,,830
烏來區,堰堤,,326,烏來區,忠治,,823-4
烏來區,堰堤,,327,烏來區,忠治,,823-5
烏來區,堰堤,,328,烏來區,忠治,,830-1
烏來區,堰堤,,329,烏來區,忠治,,833-1
烏來區,堰堤,,33,烏來區,忠治,,818-2
烏來區,堰堤,,330,烏來區,忠治,,830-2
烏來區,堰堤,,331,烏來區,忠治,,835-11
烏來區,堰堤,,332,烏來區,忠治,,835-12
烏來區,堰堤,,333,烏來區,忠治,,835
烏來區,堰堤,,334,烏來區,忠治,,835-13
烏來區,堰堤,,335,烏來區,忠治,,835-10
烏來區,堰堤,,336,烏來區,忠治,,835-2
烏來區,堰堤,,337,烏來區,忠治,,833-3
烏來區,堰堤,,338,烏來區,忠治,,833
烏來區,堰堤,,339,烏來區,忠治,,835-6
烏來區,堰堤,,34,烏來區,忠治,,806-2
烏來區,堰堤,,340,烏來區,忠治,,832
烏來區,堰堤,,341,烏來區,忠治,,834
烏來區,堰堤,,342,烏來區,忠治,,527-1
烏來區,堰堤,,343,烏來區,忠治,,526-22
烏來區,堰堤,,344,烏來區,忠治,,834-2
烏來區,堰堤,,345,烏來區,忠治,,526-17
烏來區,堰堤,,346,烏來區,忠治,,834-1
烏來區,堰堤,,347,烏來區,忠治,,529-4
烏來區,堰堤,,348,烏來區,忠治,,529-3
烏來區,堰堤,,349,烏來區,忠治,,529-1
烏來區,堰堤,,35,烏來區,忠治,,818-3
烏來區,堰堤,,350,烏來區,忠治,,536-2
烏來區,堰堤,,351,烏來區,忠治,,526
烏來區,堰堤,,352,烏來區,忠治,,529-2
烏來區,堰堤,,353,烏來區,忠治,,536-3
烏來區,堰堤,,354,烏來區,忠治,,529-5
烏來區,堰堤,,355,烏來區,忠治,,535
烏來區,堰堤,,356,烏來區,忠治,,551-1
烏來區,堰堤,,357,烏來區,忠治,,552
烏來區,堰堤,,358,烏來區,忠治,,534
烏來區,堰堤,,359,烏來區,忠治,,553
烏來區,堰堤,,36,烏來區,忠治,,806-1
烏來區,堰堤,,360,烏來區,忠治,,556
烏來區,堰堤,,361,烏來區,忠治,,557
烏來區,堰堤,,362,烏來區,忠治,,558
烏來區,堰堤,,363,烏來區,忠治,,559
烏來區,堰堤,,364,烏來區,忠治,,564
烏來區,堰堤,,365,烏來區,忠治,,560
烏來區,堰堤,,366,烏來區,忠治,,561
烏來區,堰堤,,367,烏來區,忠治,,563
烏來區,堰堤,,368,烏來區,忠治,,562
烏來區,堰堤,,369,烏來區,忠治,,574
烏來區,堰堤,,37,烏來區,忠治,,818-4
烏來區,堰堤,,370,烏來區,忠治,,575
烏來區,堰堤,,371,烏來區,忠治,,576
烏來區,堰堤,,372,烏來區,忠治,,487
烏來區,堰堤,,373,烏來區,忠治,,490
烏來區,堰堤,,374,烏來區,忠治,,489
烏來區,堰堤,,375,烏來區,忠治,,491
烏來區,堰堤,,376,烏來區,忠治,,492
烏來區,堰堤,,377,烏來區,忠治,,502
烏來區,堰堤,,378,烏來區,忠治,,503
烏來區,堰堤,,379,烏來區,忠治,,504
烏來區,堰堤,,38,烏來區,忠治,,808
烏來區,堰堤,,380,烏來區,忠治,,505
烏來區,堰堤,,381,烏來區,忠治,,533
烏來區,堰堤,,382,烏來區,忠治,,532
烏來區,堰堤,,383,烏來區,忠治,,523
烏來區,堰堤,,384,烏來區,忠治,,531
烏來區,堰堤,,385,烏來區,忠治,,530
烏來區,堰堤,,386,烏來區,忠治,,528
烏來區,堰堤,,387,烏來區,忠治,,524
烏來區,堰堤,,388,烏來區,忠治,,525
烏來區,堰堤,,389,烏來區,忠治,,526-24
烏來區,堰堤,,39,烏來區,忠治,,807
烏來區,堰堤,,390,烏來區,忠治,,517
烏來區,堰堤,,391,烏來區,忠治,,526-23
烏來區,堰堤,,392,烏來區,忠治,,516-2
烏來區,堰堤,,393,烏來區,忠治,,516
烏來區,堰堤,,394,烏來區,忠治,,526-9
烏來區,堰堤,,395,烏來區,忠治,,516-5
烏來區,堰堤,,396,烏來區,忠治,,526-10
烏來區,堰堤,,397,烏來區,忠治,,527-2
烏來區,堰堤,,398,烏來區,忠治,,516-1
烏來區,堰堤,,399,烏來區,忠治,,526-1
烏來區,堰堤,,4,烏來區,忠治,,805-3
烏來區,堰堤,,40,烏來區,忠治,,809
烏來區,堰堤,,400,烏來區,忠治,,526-4
烏來區,堰堤,,401,烏來區,忠治,,526-11
烏來區,堰堤,,402,烏來區,忠治,,516-3
烏來區,堰堤,,403,烏來區,忠治,,526-5
烏來區,堰堤,,404,烏來區,忠治,,515
烏來區,堰堤,,405,烏來區,忠治,,515-4
烏來區,堰堤,,406,烏來區,忠治,,836-1
烏來區,堰堤,,407,烏來區,忠治,,526-6
烏來區,堰堤,,409,烏來區,忠治,,515-1
烏來區,堰堤,,41,烏來區,忠治,,810
烏來區,堰堤,,410,烏來區,忠治,,526-16
烏來區,堰堤,,411,烏來區,忠治,,526-14
烏來區,堰堤,,412,烏來區,忠治,,526-12
烏來區,堰堤,,413,烏來區,忠治,,526-13
烏來區,堰堤,,414,烏來區,忠治,,526-15
烏來區,堰堤,,415,烏來區,忠治,,526-18
烏來區,堰堤,,416,烏來區,忠治,,836-2
烏來區,堰堤,,417,烏來區,忠治,,835-1
烏來區,堰堤,,418,烏來區,忠治,,835-9
烏來區,堰堤,,42,烏來區,忠治,,811
烏來區,堰堤,,420,烏來區,忠治,,838-3
烏來區,堰堤,,421,烏來區,忠治,,835-7
烏來區,堰堤,,422,烏來區,忠治,,838-2
烏來區,堰堤,,423,烏來區,忠治,,835-8
烏來區,堰堤,,424,烏來區,忠治,,837-2
烏來區,堰堤,,425,烏來區,忠治,,836
烏來區,堰堤,,426,烏來區,忠治,,838-1
烏來區,堰堤,,427,烏來區,忠治,,835-4
烏來區,堰堤,,428,烏來區,忠治,,837-1
烏來區,堰堤,,429,烏來區,忠治,,839
烏來區,堰堤,,43,烏來區,忠治,,813
烏來區,堰堤,,430,烏來區,忠治,,839-9
烏來區,堰堤,,431,烏來區,忠治,,838
烏來區,堰堤,,432,烏來區,忠治,,839-2
烏來區,堰堤,,433,烏來區,忠治,,839-8
烏來區,堰堤,,434,烏來區,忠治,,840
烏來區,堰堤,,435,烏來區,忠治,,840-16
烏來區,堰堤,,436,烏來區,忠治,,839-10
烏來區,堰堤,,437,烏來區,忠治,,840-5
烏來區,堰堤,,438,烏來區,忠治,,840-13
烏來區,堰堤,,439,烏來區,忠治,,840-9
烏來區,堰堤,,44,烏來區,忠治,,812
烏來區,堰堤,,440,烏來區,忠治,,840-12
烏來區,堰堤,,441,烏來區,忠治,,840-6
烏來區,堰堤,,442,烏來區,忠治,,840-4
烏來區,堰堤,,443,烏來區,忠治,,840-11
烏來區,堰堤,,444,烏來區,忠治,,840-8
烏來區,堰堤,,445,烏來區,忠治,,840-7
烏來區,堰堤,,446,烏來區,忠治,,840-14
烏來區,堰堤,,447,烏來區,忠治,,840-10
烏來區,堰堤,,448,烏來區,忠治,,840-2
烏來區,堰堤,,449,烏來區,忠治,,839-7
烏來區,堰堤,,45,烏來區,忠治,,814
烏來區,堰堤,,450,烏來區,忠治,,839-3
烏來區,堰堤,,451,烏來區,忠治,,840-15
烏來區,堰堤,,452,烏來區,忠治,,839-4
烏來區,堰堤,,453,烏來區,忠治,,510-1
烏來區,堰堤,,454,烏來區,忠治,,839-1
烏來區,堰堤,,455,烏來區,忠治,,839-6
烏來區,堰堤,,456,烏來區,忠治,,839-5
烏來區,堰堤,,457,烏來區,忠治,,510-6
烏來區,堰堤,,458,烏來區,忠治,,514-2
烏來區,堰堤,,459,烏來區,忠治,,510-2
烏來區,堰堤,,46,烏來區,忠治,,791
烏來區,堰堤,,460,烏來區,忠治,,515-2
烏來區,堰堤,,461,烏來區,忠治,,515-3
烏來區,堰堤,,462,烏來區,忠治,,514
烏來區,堰堤,,463,烏來區,忠治,,516-4
烏來區,堰堤,,464,烏來區,忠治,,517-1
烏來區,堰堤,,465,烏來區,忠治,,518
烏來區,堰堤,,466,烏來區,忠治,,519
烏來區,堰堤,,467,烏來區,忠治,,520
烏來區,堰堤,,468,烏來區,忠治,,522
烏來區,堰堤,,469,烏來區,忠治,,521
烏來區,堰堤,,47,烏來區,忠治,,793
烏來區,堰堤,,470,烏來區,忠治,,506
烏來區,堰堤,,471,烏來區,忠治,,500
烏來區,堰堤,,472,烏來區,忠治,,501
烏來區,堰堤,,473,烏來區,忠治,,493
烏來區,堰堤,,474,烏來區,忠治,,476-2
烏來區,堰堤,,475,烏來區,忠治,,476-3
烏來區,堰堤,,476,烏來區,忠治,,489-1
烏來區,堰堤,,477,烏來區,忠治,,489-2
烏來區,堰堤,,478,烏來區,忠治,,476-6
烏來區,堰堤,,479,烏來區,忠治,,488
烏來區,堰堤,,48,烏來區,忠治,,792
烏來區,堰堤,,480,烏來區,忠治,,476-5
烏來區,堰堤,,481,烏來區,忠治,,476-9
烏來區,堰堤,,482,烏來區,忠治,,476-8
烏來區,堰堤,,483,烏來區,忠治,,476-7
烏來區,堰堤,,484,烏來區,忠治,,476
烏來區,堰堤,,485,烏來區,忠治,,494
烏來區,堰堤,,486,烏來區,忠治,,494-2
烏來區,堰堤,,487,烏來區,忠治,,495
烏來區,堰堤,,488,烏來區,忠治,,496
烏來區,堰堤,,489,烏來區,忠治,,499
烏來區,堰堤,,49,烏來區,忠治,,792-1
烏來區,堰堤,,490,烏來區,忠治,,497
烏來區,堰堤,,491,烏來區,忠治,,507
烏來區,堰堤,,492,烏來區,忠治,,508
烏來區,堰堤,,493,烏來區,忠治,,510
烏來區,堰堤,,494,烏來區,忠治,,513
烏來區,堰堤,,495,烏來區,忠治,,512
烏來區,堰堤,,496,烏來區,忠治,,511-1
烏來區,堰堤,,497,烏來區,忠治,,511-3
烏來區,堰堤,,498,烏來區,忠治,,510-5
烏來區,堰堤,,499,烏來區,忠治,,510-3
烏來區,堰堤,,5,烏來區,忠治,,800
烏來區,堰堤,,50,烏來區,忠治,,792-2
烏來區,堰堤,,500,烏來區,忠治,,510-4
烏來區,堰堤,,501,烏來區,忠治,,514-3
烏來區,堰堤,,502,烏來區,忠治,,514-1
烏來區,堰堤,,503,烏來區,忠治,,840-1
烏來區,堰堤,,504,烏來區,忠治,,842-1
烏來區,堰堤,,506,烏來區,忠治,,841-1
烏來區,堰堤,,507,烏來區,忠治,,841
烏來區,堰堤,,508,烏來區,忠治,,842
烏來區,堰堤,,51,烏來區,忠治,,785
烏來區,堰堤,,510,烏來區,忠治,,843
烏來區,堰堤,,511,烏來區,忠治,,842-2
烏來區,堰堤,,512,烏來區,忠治,,843-1
烏來區,堰堤,,514,烏來區,忠治,,843-2
烏來區,堰堤,,517,烏來區,忠治,,844-1
烏來區,堰堤,,518,烏來區,忠治,,511-2
烏來區,堰堤,,519,烏來區,忠治,,459-3
烏來區,堰堤,,52,烏來區,忠治,,784-2
烏來區,堰堤,,521,烏來區,忠治,,459-2
烏來區,堰堤,,523,烏來區,忠治,,511
烏來區,堰堤,,524,烏來區,忠治,,459
烏來區,堰堤,,525,烏來區,忠治,,460
烏來區,堰堤,,526,烏來區,忠治,,461
烏來區,堰堤,,527,烏來區,忠治,,463
烏來區,堰堤,,528,烏來區,忠治,,462
烏來區,堰堤,,529,烏來區,忠治,,509
烏來區,堰堤,,53,烏來區,忠治,,784
烏來區,堰堤,,530,烏來區,忠治,,466
烏來區,堰堤,,531,烏來區,忠治,,467
烏來區,堰堤,,532,烏來區,忠治,,498
烏來區,堰堤,,533,烏來區,忠治,,473-1
烏來區,堰堤,,534,烏來區,忠治,,473-4
烏來區,堰堤,,535,烏來區,忠治,,494-1
烏來區,堰堤,,536,烏來區,忠治,,474-1
烏來區,堰堤,,537,烏來區,忠治,,474-2
烏來區,堰堤,,538,烏來區,忠治,,474
烏來區,堰堤,,539,烏來區,忠治,,475
烏來區,堰堤,,54,烏來區,忠治,,784-1
烏來區,堰堤,,540,烏來區,忠治,,430-3
烏來區,堰堤,,541,烏來區,忠治,,429
烏來區,堰堤,,542,烏來區,忠治,,430-2
烏來區,堰堤,,543,烏來區,忠治,,430
烏來區,堰堤,,544,烏來區,忠治,,428-2
烏來區,堰堤,,545,烏來區,忠治,,430-4
烏來區,堰堤,,546,烏來區,忠治,,432
烏來區,堰堤,,547,烏來區,忠治,,434
烏來區,堰堤,,548,烏來區,忠治,,435
烏來區,堰堤,,549,烏來區,忠治,,436
烏來區,堰堤,,55,烏來區,忠治,,781-1
烏來區,堰堤,,550,烏來區,忠治,,431
烏來區,堰堤,,551,烏來區,忠治,,472
烏來區,堰堤,,552,烏來區,忠治,,473-3
烏來區,堰堤,,553,烏來區,忠治,,473-2
烏來區,堰堤,,554,烏來區,忠治,,473
烏來區,堰堤,,555,烏來區,忠治,,470
烏來區,堰堤,,556,烏來區,忠治,,469
烏來區,堰堤,,557,烏來區,忠治,,468
烏來區,堰堤,,558,烏來區,忠治,,453
烏來區,堰堤,,559,烏來區,忠治,,454
烏來區,堰堤,,56,烏來區,忠治,,751-1
烏來區,堰堤,,560,烏來區,忠治,,465
烏來區,堰堤,,561,烏來區,忠治,,464
烏來區,堰堤,,562,烏來區,忠治,,464-1
烏來區,堰堤,,563,烏來區,忠治,,458
烏來區,堰堤,,564,烏來區,忠治,,457
烏來區,堰堤,,565,烏來區,忠治,,457-3
烏來區,堰堤,,566,烏來區,忠治,,457-2
烏來區,堰堤,,567,烏來區,忠治,,457-1
烏來區,堰堤,,568,烏來區,忠治,,845-2
烏來區,堰堤,,569,烏來區,忠治,,457-4
烏來區,堰堤,,57,烏來區,忠治,,753-5
烏來區,堰堤,,570,烏來區,忠治,,459-1
烏來區,堰堤,,571,烏來區,忠治,,845-1
烏來區,堰堤,,572,烏來區,忠治,,845
烏來區,堰堤,,573,烏來區,忠治,,844-2
烏來區,堰堤,,574,烏來區,忠治,,844
烏來區,堰堤,,575,烏來區,忠治,,846
烏來區,堰堤,,576,烏來區,忠治,,847
烏來區,堰堤,,577,烏來區,忠治,,848-1
烏來區,堰堤,,578,烏來區,忠治,,849
烏來區,堰堤,,579,烏來區,忠治,,850
烏來區,堰堤,,58,烏來區,忠治,,751
烏來區,堰堤,,580,烏來區,忠治,,851
烏來區,堰堤,,581,烏來區,忠治,,456-2
烏來區,堰堤,,582,烏來區,忠治,,456-3
烏來區,堰堤,,583,烏來區,忠治,,850-1
烏來區,堰堤,,584,烏來區,忠治,,852
烏來區,堰堤,,585,烏來區,忠治,,850-2
烏來區,堰堤,,586,烏來區,忠治,,456-1
烏來區,堰堤,,587,烏來區,忠治,,456
烏來區,堰堤,,588,烏來區,忠治,,455-2
烏來區,堰堤,,589,烏來區,忠治,,851-4
烏來區,堰堤,,59,烏來區,忠治,,752-6
烏來區,堰堤,,590,烏來區,忠治,,455-1
烏來區,堰堤,,591,烏來區,忠治,,450-1
烏來區,堰堤,,592,烏來區,忠治,,455
烏來區,堰堤,,593,烏來區,忠治,,450
烏來區,堰堤,,594,烏來區,忠治,,451
烏來區,堰堤,,595,烏來區,忠治,,452
烏來區,堰堤,,596,烏來區,忠治,,448
烏來區,堰堤,,597,烏來區,忠治,,446
烏來區,堰堤,,598,烏來區,忠治,,447
烏來區,堰堤,,599,烏來區,忠治,,471
烏來區,堰堤,,6,烏來區,忠治,,805-5
烏來區,堰堤,,60,烏來區,忠治,,752-7
烏來區,堰堤,,600,烏來區,忠治,,438
烏來區,堰堤,,601,烏來區,忠治,,437
烏來區,堰堤,,602,烏來區,忠治,,326
烏來區,堰堤,,603,烏來區,忠治,,433
烏來區,堰堤,,604,烏來區,忠治,,335-3
烏來區,堰堤,,605,烏來區,忠治,,334
烏來區,堰堤,,606,烏來區,忠治,,335-4
烏來區,堰堤,,607,烏來區,忠治,,327
烏來區,堰堤,,608,烏來區,忠治,,328
烏來區,堰堤,,609,烏來區,忠治,,324
烏來區,堰堤,,61,烏來區,忠治,,755
烏來區,堰堤,,610,烏來區,忠治,,323
烏來區,堰堤,,611,烏來區,忠治,,325
烏來區,堰堤,,612,烏來區,忠治,,320
烏來區,堰堤,,613,烏來區,忠治,,321-2
烏來區,堰堤,,614,烏來區,忠治,,321-3
烏來區,堰堤,,615,烏來區,忠治,,319-2
烏來區,堰堤,,617,烏來區,忠治,,319-1
烏來區,堰堤,,618,烏來區,忠治,,439
烏來區,堰堤,,619,烏來區,忠治,,319
烏來區,堰堤,,62,烏來區,忠治,,756
烏來區,堰堤,,620,烏來區,忠治,,442
烏來區,堰堤,,621,烏來區,忠治,,440
烏來區,堰堤,,622,烏來區,忠治,,443
烏來區,堰堤,,623,烏來區,忠治,,444
烏來區,堰堤,,624,烏來區,忠治,,445
烏來區,堰堤,,625,烏來區,忠治,,442-2
烏來區,堰堤,,626,烏來區,忠治,,442-3
烏來區,堰堤,,627,烏來區,忠治,,442-1
烏來區,堰堤,,628,烏來區,忠治,,449
烏來區,堰堤,,629,烏來區,忠治,,442-5
烏來區,堰堤,,63,烏來區,忠治,,757-2
烏來區,堰堤,,630,烏來區,忠治,,449-2
烏來區,堰堤,,631,烏來區,忠治,,449-1
烏來區,堰堤,,634,烏來區,忠治,,855-1
烏來區,堰堤,,635,烏來區,忠治,,855-5
烏來區,堰堤,,636,烏來區,忠治,,851-1
烏來區,堰堤,,637,烏來區,忠治,,852-4
烏來區,堰堤,,638,烏來區,忠治,,851-3
烏來區,堰堤,,639,烏來區,忠治,,851-2
烏來區,堰堤,,64,烏來區,忠治,,757
烏來區,堰堤,,640,烏來區,忠治,,852-1
烏來區,堰堤,,641,烏來區,忠治,,851-6
烏來區,堰堤,,642,烏來區,忠治,,852-3
烏來區,堰堤,,643,烏來區,忠治,,852-2
烏來區,堰堤,,644,烏來區,忠治,,855-3
烏來區,堰堤,,645,烏來區,忠治,,856
烏來區,堰堤,,646,烏來區,忠治,,853-1
烏來區,堰堤,,647,烏來區,忠治,,851-5
烏來區,堰堤,,648,烏來區,忠治,,853
烏來區,堰堤,,649,烏來區,忠治,,854-1
烏來區,堰堤,,65,烏來區,忠治,,757-1
烏來區,堰堤,,650,烏來區,忠治,,854
烏來區,堰堤,,651,烏來區,忠治,,855-4
烏來區,堰堤,,652,烏來區,忠治,,855
烏來區,堰堤,,653,烏來區,忠治,,848
烏來區,堰堤,,654,烏來區,忠治,,857
烏來區,堰堤,,655,烏來區,忠治,,855-2
烏來區,堰堤,,657,烏來區,忠治,,442-4
烏來區,堰堤,,66,烏來區,忠治,,756-1
烏來區,堰堤,,660,烏來區,忠治,,441-2
烏來區,堰堤,,661,烏來區,忠治,,441
烏來區,堰堤,,662,烏來區,忠治,,441-3
烏來區,堰堤,,663,烏來區,忠治,,441-1
烏來區,堰堤,,664,烏來區,忠治,,858-3
烏來區,堰堤,,665,烏來區,忠治,,440-1
烏來區,堰堤,,666,烏來區,忠治,,858
烏來區,堰堤,,667,烏來區,忠治,,440-3
烏來區,堰堤,,668,烏來區,忠治,,440-2
烏來區,堰堤,,669,烏來區,忠治,,858-2
烏來區,堰堤,,67,烏來區,忠治,,759-1
烏來區,堰堤,,672,烏來區,忠治,,315-2
烏來區,堰堤,,674,烏來區,忠治,,315-1
烏來區,堰堤,,675,烏來區,忠治,,315-4
烏來區,堰堤,,676,烏來區,忠治,,318
烏來區,堰堤,,677,烏來區,忠治,,317
烏來區,堰堤,,678,烏來區,忠治,,316
烏來區,堰堤,,679,烏來區,忠治,,315-3
烏來區,堰堤,,68,烏來區,忠治,,754
烏來區,堰堤,,680,烏來區,忠治,,329-3
烏來區,堰堤,,681,烏來區,忠治,,315
烏來區,堰堤,,682,烏來區,忠治,,321-1
烏來區,堰堤,,683,烏來區,忠治,,329-6
烏來區,堰堤,,684,烏來區,忠治,,329-2
烏來區,堰堤,,685,烏來區,忠治,,329-5
烏來區,堰堤,,686,烏來區,忠治,,321
烏來區,堰堤,,687,烏來區,忠治,,329-8
烏來區,堰堤,,688,烏來區,忠治,,322
烏來區,堰堤,,689,烏來區,忠治,,329-1
烏來區,堰堤,,69,烏來區,忠治,,759-2
烏來區,堰堤,,690,烏來區,忠治,,329
烏來區,堰堤,,691,烏來區,忠治,,330
烏來區,堰堤,,692,烏來區,忠治,,331
烏來區,堰堤,,693,烏來區,忠治,,295
烏來區,堰堤,,694,烏來區,忠治,,297-2
烏來區,堰堤,,695,烏來區,忠治,,297-1
烏來區,堰堤,,696,烏來區,忠治,,330-1
烏來區,堰堤,,697,烏來區,忠治,,297
烏來區,堰堤,,698,烏來區,忠治,,298
烏來區,堰堤,,699,烏來區,忠治,,329-9
烏來區,堰堤,,7,烏來區,忠治,,805-4
烏來區,堰堤,,70,烏來區,忠治,,759
烏來區,堰堤,,700,烏來區,忠治,,299
烏來區,堰堤,,701,烏來區,忠治,,329-7
烏來區,堰堤,,702,烏來區,忠治,,301-1
烏來區,堰堤,,703,烏來區,忠治,,300
烏來區,堰堤,,704,烏來區,忠治,,329-4
烏來區,堰堤,,705,烏來區,忠治,,306
烏來區,堰堤,,706,烏來區,忠治,,307
烏來區,堰堤,,707,烏來區,忠治,,305
烏來區,堰堤,,708,烏來區,忠治,,308
烏來區,堰堤,,709,烏來區,忠治,,309
烏來區,堰堤,,71,烏來區,忠治,,753
烏來區,堰堤,,710,烏來區,忠治,,311
烏來區,堰堤,,711,烏來區,忠治,,310
烏來區,堰堤,,712,烏來區,忠治,,314
烏來區,堰堤,,713,烏來區,忠治,,313
烏來區,堰堤,,714,烏來區,忠治,,310-1
烏來區,堰堤,,715,烏來區,忠治,,313-1
烏來區,堰堤,,716,烏來區,忠治,,310-2
烏來區,堰堤,,717,烏來區,忠治,,313-2
烏來區,堰堤,,719,烏來區,忠治,,859-1
烏來區,堰堤,,72,烏來區,忠治,,758
烏來區,堰堤,,720,烏來區,忠治,,858-4
烏來區,堰堤,,721,烏來區,忠治,,859
烏來區,堰堤,,722,烏來區,忠治,,860-1
烏來區,堰堤,,723,烏來區,忠治,,858-1
烏來區,堰堤,,724,烏來區,忠治,,862
烏來區,堰堤,,725,烏來區,忠治,,862-2
烏來區,堰堤,,726,烏來區,忠治,,862-5
烏來區,堰堤,,727,烏來區,忠治,,860
烏來區,堰堤,,729,烏來區,忠治,,862-3
烏來區,堰堤,,73,烏來區,忠治,,752
烏來區,堰堤,,730,烏來區,忠治,,861-1
烏來區,堰堤,,731,烏來區,忠治,,861
烏來區,堰堤,,732,烏來區,忠治,,863
烏來區,堰堤,,733,烏來區,忠治,,862-4
烏來區,堰堤,,734,烏來區,忠治,,861-2
烏來區,堰堤,,736,烏來區,忠治,,279-2
烏來區,堰堤,,737,烏來區,忠治,,278-1
烏來區,堰堤,,739,烏來區,忠治,,313-3
烏來區,堰堤,,74,烏來區,忠治,,760-4
烏來區,堰堤,,740,烏來區,忠治,,279-1
烏來區,堰堤,,742,烏來區,忠治,,311-1
烏來區,堰堤,,743,烏來區,忠治,,273-1
烏來區,堰堤,,744,烏來區,忠治,,312-1
烏來區,堰堤,,745,烏來區,忠治,,278
烏來區,堰堤,,746,烏來區,忠治,,277
烏來區,堰堤,,747,烏來區,忠治,,276
烏來區,堰堤,,748,烏來區,忠治,,279
烏來區,堰堤,,749,烏來區,忠治,,312
烏來區,堰堤,,75,烏來區,忠治,,753-6
烏來區,堰堤,,750,烏來區,忠治,,275
烏來區,堰堤,,751,烏來區,忠治,,283
烏來區,堰堤,,752,烏來區,忠治,,286-1
烏來區,堰堤,,753,烏來區,忠治,,305-1
烏來區,堰堤,,755,烏來區,忠治,,285-14
烏來區,堰堤,,756,烏來區,忠治,,284
烏來區,堰堤,,757,烏來區,忠治,,304
烏來區,堰堤,,758,烏來區,忠治,,285-8
烏來區,堰堤,,759,烏來區,忠治,,303
烏來區,堰堤,,76,烏來區,忠治,,760
烏來區,堰堤,,760,烏來區,忠治,,286-5
烏來區,堰堤,,761,烏來區,忠治,,286-2
烏來區,堰堤,,762,烏來區,忠治,,302
烏來區,堰堤,,763,烏來區,忠治,,285-6
烏來區,堰堤,,764,烏來區,忠治,,285-7
烏來區,堰堤,,765,烏來區,忠治,,286-6
烏來區,堰堤,,766,烏來區,忠治,,286-7
烏來區,堰堤,,767,烏來區,忠治,,301-2
烏來區,堰堤,,768,烏來區,忠治,,292-2
烏來區,堰堤,,769,烏來區,忠治,,301
烏來區,堰堤,,77,烏來區,忠治,,760-1
烏來區,堰堤,,770,烏來區,忠治,,296
烏來區,堰堤,,771,烏來區,忠治,,293
烏來區,堰堤,,772,烏來區,忠治,,237
烏來區,堰堤,,773,烏來區,忠治,,238
烏來區,堰堤,,774,烏來區,忠治,,291
烏來區,堰堤,,775,烏來區,忠治,,292
烏來區,堰堤,,776,烏來區,忠治,,292-1
烏來區,堰堤,,777,烏來區,忠治,,286
烏來區,堰堤,,778,烏來區,忠治,,285-2
烏來區,堰堤,,779,烏來區,忠治,,285-13
烏來區,堰堤,,78,烏來區,忠治,,752-5
烏來區,堰堤,,780,烏來區,忠治,,285-12
烏來區,堰堤,,781,烏來區,忠治,,285
烏來區,堰堤,,782,烏來區,忠治,,285-3
烏來區,堰堤,,783,烏來區,忠治,,285-11
烏來區,堰堤,,784,烏來區,忠治,,286-4
烏來區,堰堤,,785,烏來區,忠治,,270-3
烏來區,堰堤,,786,烏來區,忠治,,285-4
烏來區,堰堤,,787,烏來區,忠治,,285-5
烏來區,堰堤,,788,烏來區,忠治,,285-10
烏來區,堰堤,,789,烏來區,忠治,,286-3
烏來區,堰堤,,79,烏來區,忠治,,761-1
烏來區,堰堤,,790,烏來區,忠治,,285-1
烏來區,堰堤,,791,烏來區,忠治,,270-1
烏來區,堰堤,,792,烏來區,忠治,,285-9
烏來區,堰堤,,793,烏來區,忠治,,270-2
烏來區,堰堤,,794,烏來區,忠治,,271
烏來區,堰堤,,795,烏來區,忠治,,282
烏來區,堰堤,,796,烏來區,忠治,,271-4
烏來區,堰堤,,797,烏來區,忠治,,271-2
烏來區,堰堤,,798,烏來區,忠治,,271-3
烏來區,堰堤,,799,烏來區,忠治,,271-1
烏來區,堰堤,,8,烏來區,忠治,,800-1
烏來區,堰堤,,80,烏來區,忠治,,761
烏來區,堰堤,,800,烏來區,忠治,,281
烏來區,堰堤,,801,烏來區,忠治,,272-1
烏來區,堰堤,,802,烏來區,忠治,,272
烏來區,堰堤,,803,烏來區,忠治,,269-6
烏來區,堰堤,,804,烏來區,忠治,,269-5
烏來區,堰堤,,805,烏來區,忠治,,269-9
烏來區,堰堤,,806,烏來區,忠治,,280
烏來區,堰堤,,807,烏來區,忠治,,269-4
烏來區,堰堤,,808,烏來區,忠治,,269-25
烏來區,堰堤,,809,烏來區,忠治,,269-24
烏來區,堰堤,,81,烏來區,忠治,,760-3
烏來區,堰堤,,810,烏來區,忠治,,269-23
烏來區,堰堤,,811,烏來區,忠治,,269-27
烏來區,堰堤,,812,烏來區,忠治,,269-18
烏來區,堰堤,,813,烏來區,忠治,,269-15
烏來區,堰堤,,814,烏來區,忠治,,269-20
烏來區,堰堤,,815,烏來區,忠治,,269-16
烏來區,堰堤,,816,烏來區,忠治,,269-14
烏來區,堰堤,,817,烏來區,忠治,,269-19
烏來區,堰堤,,818,烏來區,忠治,,269-26
烏來區,堰堤,,819,烏來區,忠治,,273
烏來區,堰堤,,82,烏來區,忠治,,761-4
烏來區,堰堤,,820,烏來區,忠治,,274
烏來區,堰堤,,821,烏來區,忠治,,866-1
烏來區,堰堤,,822,烏來區,忠治,,867-1
烏來區,堰堤,,823,烏來區,忠治,,866-2
烏來區,堰堤,,824,烏來區,忠治,,865-1
烏來區,堰堤,,825,烏來區,忠治,,867-11
烏來區,堰堤,,826,烏來區,忠治,,866-3
烏來區,堰堤,,827,烏來區,忠治,,866
烏來區,堰堤,,828,烏來區,忠治,,863-5
烏來區,堰堤,,829,烏來區,忠治,,865-11
烏來區,堰堤,,83,烏來區,忠治,,754-2
烏來區,堰堤,,830,烏來區,忠治,,273-3
烏來區,堰堤,,831,烏來區,忠治,,865-10
烏來區,堰堤,,832,烏來區,忠治,,863-6
烏來區,堰堤,,833,烏來區,忠治,,865-7
烏來區,堰堤,,834,烏來區,忠治,,867
烏來區,堰堤,,835,烏來區,忠治,,863-1
烏來區,堰堤,,836,烏來區,忠治,,273-2
烏來區,堰堤,,837,烏來區,忠治,,863-7
烏來區,堰堤,,838,烏來區,忠治,,865
烏來區,堰堤,,839,烏來區,忠治,,864
烏來區,堰堤,,84,烏來區,忠治,,762-1
烏來區,堰堤,,840,烏來區,忠治,,864-1
烏來區,堰堤,,841,烏來區,忠治,,863-2
烏來區,堰堤,,842,烏來區,忠治,,865-6
烏來區,堰堤,,843,烏來區,忠治,,864-3
烏來區,堰堤,,844,烏來區,忠治,,864-2
烏來區,堰堤,,845,烏來區,忠治,,863-8
烏來區,堰堤,,846,烏來區,忠治,,863-9
烏來區,堰堤,,848,烏來區,忠治,,869-16
烏來區,堰堤,,849,烏來區,忠治,,869-15
烏來區,堰堤,,85,烏來區,忠治,,762
烏來區,堰堤,,850,烏來區,忠治,,869-14
烏來區,堰堤,,851,烏來區,忠治,,869-12
烏來區,堰堤,,852,烏來區,忠治,,869-9
烏來區,堰堤,,853,烏來區,忠治,,869-18
烏來區,堰堤,,854,烏來區,忠治,,869
烏來區,堰堤,,855,烏來區,忠治,,868-3
烏來區,堰堤,,856,烏來區,忠治,,869-13
烏來區,堰堤,,857,烏來區,忠治,,868-4
烏來區,堰堤,,858,烏來區,忠治,,870-1
烏來區,堰堤,,859,烏來區,忠治,,869-19
烏來區,堰堤,,86,烏來區,忠治,,753-7
烏來區,堰堤,,860,烏來區,忠治,,869-11
烏來區,堰堤,,861,烏來區,忠治,,869-6
烏來區,堰堤,,862,烏來區,忠治,,870-19
烏來區,堰堤,,863,烏來區,忠治,,870-17
烏來區,堰堤,,864,烏來區,忠治,,868-2
烏來區,堰堤,,865,烏來區,忠治,,868-1
烏來區,堰堤,,866,烏來區,忠治,,869-2
烏來區,堰堤,,867,烏來區,忠治,,869-3
烏來區,堰堤,,868,烏來區,忠治,,867-19
烏來區,堰堤,,869,烏來區,忠治,,867-17
烏來區,堰堤,,87,烏來區,忠治,,762-2
烏來區,堰堤,,870,烏來區,忠治,,869-4
烏來區,堰堤,,871,烏來區,忠治,,867-20
烏來區,堰堤,,872,烏來區,忠治,,869-10
烏來區,堰堤,,873,烏來區,忠治,,869-5
烏來區,堰堤,,874,烏來區,忠治,,869-1
烏來區,堰堤,,875,烏來區,忠治,,869-17
烏來區,堰堤,,876,烏來區,忠治,,870-23
烏來區,堰堤,,877,烏來區,忠治,,870-7
烏來區,堰堤,,878,烏來區,忠治,,868
烏來區,堰堤,,879,烏來區,忠治,,867-10
烏來區,堰堤,,88,烏來區,忠治,,752-4
烏來區,堰堤,,880,烏來區,忠治,,867-8
烏來區,堰堤,,881,烏來區,忠治,,864-4
烏來區,堰堤,,882,烏來區,忠治,,870
烏來區,堰堤,,883,烏來區,忠治,,867-9
烏來區,堰堤,,884,烏來區,忠治,,867-7
烏來區,堰堤,,885,烏來區,忠治,,867-18
烏來區,堰堤,,886,烏來區,忠治,,867-6
烏來區,堰堤,,887,烏來區,忠治,,867-5
烏來區,堰堤,,888,烏來區,忠治,,867-4
烏來區,堰堤,,889,烏來區,忠治,,867-3
烏來區,堰堤,,89,烏來區,忠治,,763-1
烏來區,堰堤,,890,烏來區,忠治,,867-16
烏來區,堰堤,,891,烏來區,忠治,,867-25
烏來區,堰堤,,892,烏來區,忠治,,867-26
烏來區,堰堤,,893,烏來區,忠治,,867-24
烏來區,堰堤,,894,烏來區,忠治,,867-15
烏來區,堰堤,,895,烏來區,忠治,,867-23
烏來區,堰堤,,896,烏來區,忠治,,867-14
烏來區,堰堤,,897,烏來區,忠治,,867-22
烏來區,堰堤,,898,烏來區,忠治,,867-13
烏來區,堰堤,,899,烏來區,忠治,,867-12
烏來區,堰堤,,9,烏來區,忠治,,800-2
烏來區,堰堤,,90,烏來區,忠治,,763
烏來區,堰堤,,900,烏來區,忠治,,266-1
烏來區,堰堤,,901,烏來區,忠治,,867-21
烏來區,堰堤,,902,烏來區,忠治,,266-2
烏來區,堰堤,,903,烏來區,忠治,,267-1
烏來區,堰堤,,904,烏來區,忠治,,267-2
烏來區,堰堤,,905,烏來區,忠治,,267
烏來區,堰堤,,906,烏來區,忠治,,269-17
烏來區,堰堤,,907,烏來區,忠治,,269-22
烏來區,堰堤,,908,烏來區,忠治,,268-12
烏來區,堰堤,,909,烏來區,忠治,,268-11
烏來區,堰堤,,91,烏來區,忠治,,764-1
烏來區,堰堤,,910,烏來區,忠治,,268-20
烏來區,堰堤,,911,烏來區,忠治,,268-10
烏來區,堰堤,,912,烏來區,忠治,,268-19
烏來區,堰堤,,913,烏來區,忠治,,268-6
烏來區,堰堤,,914,烏來區,忠治,,268-4
烏來區,堰堤,,915,烏來區,忠治,,268-2
烏來區,堰堤,,916,烏來區,忠治,,268-9
烏來區,堰堤,,917,烏來區,忠治,,268-3
烏來區,堰堤,,918,烏來區,忠治,,268-21
烏來區,堰堤,,919,烏來區,忠治,,268-1
烏來區,堰堤,,92,烏來區,忠治,,764
烏來區,堰堤,,920,烏來區,忠治,,268-13
烏來區,堰堤,,921,烏來區,忠治,,268-18
烏來區,堰堤,,922,烏來區,忠治,,264-11
烏來區,堰堤,,923,烏來區,忠治,,268-22
烏來區,堰堤,,924,烏來區,忠治,,268-5
烏來區,堰堤,,925,烏來區,忠治,,268-17
烏來區,堰堤,,926,烏來區,忠治,,268-8
烏來區,堰堤,,927,烏來區,忠治,,268-7
烏來區,堰堤,,928,烏來區,忠治,,268
烏來區,堰堤,,929,烏來區,忠治,,269-21
烏來區,堰堤,,93,烏來區,忠治,,766
烏來區,堰堤,,930,烏來區,忠治,,269-2
烏來區,堰堤,,931,烏來區,忠治,,269-1
烏來區,堰堤,,932,烏來區,忠治,,263-1
烏來區,堰堤,,933,烏來區,忠治,,269-8
烏來區,堰堤,,934,烏來區,忠治,,269-3
烏來區,堰堤,,935,烏來區,忠治,,263
烏來區,堰堤,,936,烏來區,忠治,,269-7
烏來區,堰堤,,937,烏來區,忠治,,269
烏來區,堰堤,,938,烏來區,忠治,,270
烏來區,堰堤,,939,烏來區,忠治,,287-2
烏來區,堰堤,,94,烏來區,忠治,,770
烏來區,堰堤,,940,烏來區,忠治,,287-1
烏來區,堰堤,,941,烏來區,忠治,,288
烏來區,堰堤,,942,烏來區,忠治,,287
烏來區,堰堤,,943,烏來區,忠治,,290
烏來區,堰堤,,944,烏來區,忠治,,239
烏來區,堰堤,,945,烏來區,忠治,,240
烏來區,堰堤,,946,烏來區,忠治,,241
烏來區,堰堤,,947,烏來區,忠治,,242
烏來區,堰堤,,948,烏來區,忠治,,289
烏來區,堰堤,,949,烏來區,忠治,,244
烏來區,堰堤,,95,烏來區,忠治,,765
烏來區,堰堤,,950,烏來區,忠治,,259
烏來區,堰堤,,951,烏來區,忠治,,260
烏來區,堰堤,,952,烏來區,忠治,,258
烏來區,堰堤,,953,烏來區,忠治,,261
烏來區,堰堤,,954,烏來區,忠治,,257
烏來區,堰堤,,955,烏來區,忠治,,256
烏來區,堰堤,,956,烏來區,忠治,,255
烏來區,堰堤,,957,烏來區,忠治,,248
烏來區,堰堤,,958,烏來區,忠治,,254
烏來區,堰堤,,959,烏來區,忠治,,262
烏來區,堰堤,,96,烏來區,忠治,,765-1
烏來區,堰堤,,960,烏來區,忠治,,253
烏來區,堰堤,,961,烏來區,忠治,,253-1
烏來區,堰堤,,962,烏來區,忠治,,253-2
烏來區,堰堤,,963,烏來區,忠治,,252
烏來區,堰堤,,964,烏來區,忠治,,264
烏來區,堰堤,,965,烏來區,忠治,,250
烏來區,堰堤,,966,烏來區,忠治,,264-9
烏來區,堰堤,,967,烏來區,忠治,,264-10
烏來區,堰堤,,968,烏來區,忠治,,264-2
烏來區,堰堤,,969,烏來區,忠治,,264-8
烏來區,堰堤,,97,烏來區,忠治,,774
烏來區,堰堤,,970,烏來區,忠治,,264-3
烏來區,堰堤,,971,烏來區,忠治,,264-6
烏來區,堰堤,,972,烏來區,忠治,,264-4
烏來區,堰堤,,973,烏來區,忠治,,264-5
烏來區,堰堤,,974,烏來區,忠治,,264-7
烏來區,堰堤,,975,烏來區,忠治,,265-2
烏來區,堰堤,,976,烏來區,忠治,,265-3
烏來區,堰堤,,977,烏來區,忠治,,266
烏來區,堰堤,,978,烏來區,忠治,,265
烏來區,堰堤,,979,烏來區,忠治,,265-4
烏來區,堰堤,,98,烏來區,忠治,,775
烏來區,堰堤,,980,烏來區,忠治,,264-15
烏來區,堰堤,,981,烏來區,忠治,,265-1
烏來區,堰堤,,982,烏來區,忠治,,264-14
烏來區,堰堤,,983,烏來區,忠治,,264-1
烏來區,堰堤,,984,烏來區,忠治,,265-5
烏來區,堰堤,,986,烏來區,忠治,,870-6
烏來區,堰堤,,987,烏來區,忠治,,872-5
烏來區,堰堤,,988,烏來區,忠治,,872-8
烏來區,堰堤,,989,烏來區,忠治,,872-7
烏來區,堰堤,,99,烏來區,忠治,,778
烏來區,堰堤,,990,烏來區,忠治,,872-6
烏來區,堰堤,,991,烏來區,忠治,,872-4
烏來區,堰堤,,992,烏來區,忠治,,871-6
烏來區,堰堤,,993,烏來區,忠治,,871-5
烏來區,堰堤,,994,烏來區,忠治,,871-17
烏來區,堰堤,,995,烏來區,忠治,,871-2
烏來區,堰堤,,996,烏來區,忠治,,872-3
烏來區,堰堤,,997,烏來區,忠治,,872-2
烏來區,堰堤,,998,烏來區,忠治,,871-18
烏來區,堰堤,,999,烏來區,忠治,,872-1
烏來區,大桶山,,32,烏來區,阿玉,,3
烏來區,大桶山,,34,烏來區,阿玉,,1
烏來區,大桶山,,57,烏來區,阿玉,,2
烏來區,波露,,10,烏來區,哪哮,,25-22
烏來區,波露,,2,烏來區,哪哮,,25-41
烏來區,波露,,3,烏來區,哪哮,,25-42
烏來區,波露,,4,烏來區,哪哮,,25-43
烏來區,波露,,49,烏來區,哪哮,,25-47
烏來區,波露,,5,烏來區,哪哮,,25-31
烏來區,波露,,6,烏來區,哪哮,,25-32
烏來區,波露,,7,烏來區,哪哮,,25-33
烏來區,環山,,1,烏來區,烏來,,132
烏來區,環山,,10,烏來區,烏來,,132-1
烏來區,環山,,100,烏來區,烏來,,166-2
烏來區,環山,,101,烏來區,烏來,,166
烏來區,環山,,102,烏來區,烏來,,167-1
烏來區,環山,,103,烏來區,烏來,,169-1
烏來區,環山,,104,烏來區,烏來,,168-1
烏來區,環山,,105,烏來區,烏來,,169
烏來區,環山,,106,烏來區,烏來,,168
烏來區,環山,,107,烏來區,烏來,,212
烏來區,環山,,108,烏來區,烏來,,213
烏來區,環山,,109,烏來區,烏來,,213-1
烏來區,環山,,110,烏來區,烏來,,212-2
烏來區,環山,,111,烏來區,烏來,,211
烏來區,環山,,112,烏來區,烏來,,210
烏來區,環山,,113,烏來區,烏來,,209
烏來區,環山,,114,烏來區,烏來,,208
烏來區,環山,,115,烏來區,烏來,,207
烏來區,環山,,116,烏來區,烏來,,206
烏來區,環山,,117,烏來區,烏來,,205
烏來區,環山,,118,烏來區,烏來,,170-1
烏來區,環山,,119,烏來區,烏來,,170-23
烏來區,環山,,12,烏來區,烏來,,132-8
烏來區,環山,,120,烏來區,烏來,,160-1
烏來區,環山,,121,烏來區,烏來,,160-7
烏來區,環山,,122,烏來區,烏來,,160-6
烏來區,環山,,123,烏來區,烏來,,156-11
烏來區,環山,,124,烏來區,烏來,,156-5
烏來區,環山,,125,烏來區,烏來,,156-4
烏來區,環山,,126,烏來區,烏來,,156-9
烏來區,環山,,127,烏來區,烏來,,160
烏來區,環山,,128,烏來區,烏來,,156-3
烏來區,環山,,129,烏來區,烏來,,156-8
烏來區,環山,,13,烏來區,烏來,,132-9
烏來區,環山,,130,烏來區,烏來,,154-4
烏來區,環山,,131,烏來區,烏來,,154-2
烏來區,環山,,132,烏來區,烏來,,155
烏來區,環山,,133,烏來區,烏來,,155-3
烏來區,環山,,134,烏來區,烏來,,172-1
烏來區,環山,,135,烏來區,烏來,,172-15
烏來區,環山,,136,烏來區,烏來,,155-4
烏來區,環山,,137,烏來區,烏來,,155-1
烏來區,環山,,138,烏來區,烏來,,172-4
烏來區,環山,,139,烏來區,烏來,,172-3
烏來區,環山,,140,烏來區,烏來,,182-3
烏來區,環山,,141,烏來區,烏來,,182-1
烏來區,環山,,142,烏來區,烏來,,185
烏來區,環山,,143,烏來區,烏來,,182
烏來區,環山,,144,烏來區,烏來,,182-5
烏來區,環山,,145,烏來區,烏來,,182-7
烏來區,環山,,146,烏來區,烏來,,182-8
烏來區,環山,,147,烏來區,烏來,,175-1
烏來區,環山,,148,烏來區,烏來,,174-17
烏來區,環山,,149,烏來區,烏來,,174-20
烏來區,環山,,150,烏來區,烏來,,175-4
烏來區,環山,,151,烏來區,烏來,,175-3
烏來區,環山,,152,烏來區,烏來,,174-18
烏來區,環山,,153,烏來區,烏來,,174-21
烏來區,環山,,154,烏來區,烏來,,174-23
烏來區,環山,,155,烏來區,烏來,,174-15
烏來區,環山,,156,烏來區,烏來,,174-13
烏來區,環山,,157,烏來區,烏來,,174-7
烏來區,環山,,158,烏來區,烏來,,175
烏來區,環山,,159,烏來區,烏來,,175-2
烏來區,環山,,16,烏來區,烏來,,132-7
烏來區,環山,,160,烏來區,烏來,,182-6
烏來區,環山,,161,烏來區,烏來,,174-26
烏來區,環山,,162,烏來區,烏來,,176
烏來區,環山,,163,烏來區,烏來,,178-1
烏來區,環山,,164,烏來區,烏來,,178
烏來區,環山,,165,烏來區,烏來,,179-1
烏來區,環山,,166,烏來區,烏來,,179-4
烏來區,環山,,167,烏來區,烏來,,181-4
烏來區,環山,,168,烏來區,烏來,,181-3
烏來區,環山,,169,烏來區,烏來,,181
烏來區,環山,,17,烏來區,烏來,,132-13
烏來區,環山,,170,烏來區,烏來,,183
烏來區,環山,,171,烏來區,烏來,,293-2
烏來區,環山,,172,烏來區,烏來,,361-1
烏來區,環山,,173,烏來區,烏來,,362
烏來區,環山,,174,烏來區,烏來,,361
烏來區,環山,,175,烏來區,烏來,,363
烏來區,環山,,176,烏來區,烏來,,363-1
烏來區,環山,,177,烏來區,烏來,,363-2
烏來區,環山,,178,烏來區,烏來,,361-10
烏來區,環山,,179,烏來區,烏來,,361-3
烏來區,環山,,18,烏來區,烏來,,132-12
烏來區,環山,,180,烏來區,烏來,,180-2
烏來區,環山,,181,烏來區,烏來,,180-6
烏來區,環山,,182,烏來區,烏來,,180-5
烏來區,環山,,183,烏來區,烏來,,181-1
烏來區,環山,,184,烏來區,烏來,,181-2
烏來區,環山,,185,烏來區,烏來,,179
烏來區,環山,,186,烏來區,烏來,,180
烏來區,環山,,187,烏來區,烏來,,180-3
烏來區,環山,,188,烏來區,烏來,,180-4
烏來區,環山,,189,烏來區,烏來,,180-1
烏來區,環山,,19,烏來區,烏來,,132-11
烏來區,環山,,190,烏來區,烏來,,177-2
烏來區,環山,,191,烏來區,烏來,,177
烏來區,環山,,192,烏來區,烏來,,361-5
烏來區,環山,,193,烏來區,烏來,,364-1
烏來區,環山,,194,烏來區,烏來,,365-3
烏來區,環山,,195,烏來區,烏來,,366-12
烏來區,環山,,196,烏來區,烏來,,366-2
烏來區,環山,,197,烏來區,烏來,,366-6
烏來區,環山,,198,烏來區,烏來,,366-8
烏來區,環山,,199,烏來區,烏來,,1078-1
烏來區,環山,,20,烏來區,烏來,,132-15
烏來區,環山,,200,烏來區,烏來,,1078-19
烏來區,環山,,201,烏來區,烏來,,366-9
烏來區,環山,,202,烏來區,烏來,,366-4
烏來區,環山,,203,烏來區,烏來,,1078-2
烏來區,環山,,204,烏來區,烏來,,1078-30
烏來區,環山,,205,烏來區,烏來,,366-18
烏來區,環山,,206,烏來區,烏來,,366-10
烏來區,環山,,207,烏來區,烏來,,366-7
烏來區,環山,,208,烏來區,烏來,,366-17
烏來區,環山,,209,烏來區,烏來,,366-15
烏來區,環山,,21,烏來區,烏來,,143-1
烏來區,環山,,210,烏來區,烏來,,366-5
烏來區,環山,,211,烏來區,烏來,,366-13
烏來區,環山,,212,烏來區,烏來,,376-4
烏來區,環山,,213,烏來區,烏來,,376-1
烏來區,環山,,214,烏來區,烏來,,376-2
烏來區,環山,,215,烏來區,烏來,,376
烏來區,環山,,216,烏來區,烏來,,366
烏來區,環山,,217,烏來區,烏來,,366-1
烏來區,環山,,218,烏來區,烏來,,365-1
烏來區,環山,,219,烏來區,烏來,,365
烏來區,環山,,22,烏來區,烏來,,143
烏來區,環山,,220,烏來區,烏來,,364
烏來區,環山,,221,烏來區,烏來,,361-9
烏來區,環山,,222,烏來區,烏來,,361-6
烏來區,環山,,223,烏來區,烏來,,361-4
烏來區,環山,,224,烏來區,烏來,,361-11
烏來區,環山,,225,烏來區,烏來,,369-2
烏來區,環山,,226,烏來區,烏來,,368
烏來區,環山,,227,烏來區,烏來,,367-1
烏來區,環山,,228,烏來區,烏來,,367
烏來區,環山,,229,烏來區,烏來,,374-6
烏來區,環山,,23,烏來區,烏來,,142
烏來區,環山,,230,烏來區,烏來,,381
烏來區,環山,,231,烏來區,烏來,,380
烏來區,環山,,232,烏來區,烏來,,375
烏來區,環山,,233,烏來區,烏來,,377
烏來區,環山,,234,烏來區,烏來,,378
烏來區,環山,,235,烏來區,烏來,,379
烏來區,環山,,236,烏來區,烏來,,379-2
烏來區,環山,,237,烏來區,烏來,,377-2
烏來區,環山,,238,烏來區,烏來,,386
烏來區,環山,,239,烏來區,烏來,,382-1
烏來區,環山,,24,烏來區,烏來,,141-1
烏來區,環山,,240,烏來區,烏來,,382
烏來區,環山,,241,烏來區,烏來,,383
烏來區,環山,,242,烏來區,烏來,,383-1
烏來區,環山,,243,烏來區,烏來,,383-2
烏來區,環山,,244,烏來區,烏來,,374-7
烏來區,環山,,245,烏來區,烏來,,374-3
烏來區,環山,,246,烏來區,烏來,,374-2
烏來區,環山,,247,烏來區,烏來,,374
烏來區,環山,,248,烏來區,烏來,,374-5
烏來區,環山,,249,烏來區,烏來,,368-2
烏來區,環山,,25,烏來區,烏來,,140-1
烏來區,環山,,250,烏來區,烏來,,369-1
烏來區,環山,,251,烏來區,烏來,,369
烏來區,環山,,252,烏來區,烏來,,361-7
烏來區,環山,,253,烏來區,烏來,,360
烏來區,環山,,254,烏來區,烏來,,361-2
烏來區,環山,,255,烏來區,烏來,,293
烏來區,環山,,256,烏來區,烏來,,192
烏來區,環山,,257,烏來區,烏來,,191
烏來區,環山,,258,烏來區,烏來,,190
烏來區,環山,,259,烏來區,烏來,,186
烏來區,環山,,26,烏來區,烏來,,135-1
烏來區,環山,,260,烏來區,烏來,,187
烏來區,環山,,261,烏來區,烏來,,188
烏來區,環山,,262,烏來區,烏來,,189
烏來區,環山,,263,烏來區,烏來,,191-1
烏來區,環山,,264,烏來區,烏來,,194-1
烏來區,環山,,265,烏來區,烏來,,194
烏來區,環山,,266,烏來區,烏來,,195-1
烏來區,環山,,267,烏來區,烏來,,187-3
烏來區,環山,,268,烏來區,烏來,,195
烏來區,環山,,269,烏來區,烏來,,171-3
烏來區,環山,,27,烏來區,烏來,,158-4
烏來區,環山,,270,烏來區,烏來,,172
烏來區,環山,,271,烏來區,烏來,,172-6
烏來區,環山,,272,烏來區,烏來,,172-8
烏來區,環山,,273,烏來區,烏來,,156-1
烏來區,環山,,274,烏來區,烏來,,156-10
烏來區,環山,,275,烏來區,烏來,,170-15
烏來區,環山,,276,烏來區,烏來,,170-18
烏來區,環山,,277,烏來區,烏來,,170-6
烏來區,環山,,278,烏來區,烏來,,171-12
烏來區,環山,,279,烏來區,烏來,,171-11
烏來區,環山,,280,烏來區,烏來,,171-10
烏來區,環山,,281,烏來區,烏來,,171
烏來區,環山,,282,烏來區,烏來,,196-12
烏來區,環山,,283,烏來區,烏來,,196-7
烏來區,環山,,284,烏來區,烏來,,196-4
烏來區,環山,,285,烏來區,烏來,,196-14
烏來區,環山,,286,烏來區,烏來,,196-10
烏來區,環山,,287,烏來區,烏來,,197-2
烏來區,環山,,288,烏來區,烏來,,197
烏來區,環山,,289,烏來區,烏來,,196-15
烏來區,環山,,29,烏來區,烏來,,162
烏來區,環山,,290,烏來區,烏來,,170
烏來區,環山,,291,烏來區,烏來,,170-5
烏來區,環山,,292,烏來區,烏來,,170-10
烏來區,環山,,293,烏來區,烏來,,170-17
烏來區,環山,,294,烏來區,烏來,,170-7
烏來區,環山,,295,烏來區,烏來,,170-8
烏來區,環山,,296,烏來區,烏來,,196-17
烏來區,環山,,297,烏來區,烏來,,196
烏來區,環山,,298,烏來區,烏來,,196-11
烏來區,環山,,299,烏來區,烏來,,197-1
烏來區,環山,,3,烏來區,烏來,,133
烏來區,環山,,30,烏來區,烏來,,163
烏來區,環山,,300,烏來區,烏來,,197-3
烏來區,環山,,301,烏來區,烏來,,198-3
烏來區,環山,,302,烏來區,烏來,,198
烏來區,環山,,303,烏來區,烏來,,198-1
烏來區,環山,,304,烏來區,烏來,,200
烏來區,環山,,305,烏來區,烏來,,199
烏來區,環山,,306,烏來區,烏來,,198-2
烏來區,環山,,307,烏來區,烏來,,201-2
烏來區,環山,,308,烏來區,烏來,,201-25
烏來區,環山,,309,烏來區,烏來,,202-2
烏來區,環山,,31,烏來區,烏來,,164
烏來區,環山,,310,烏來區,烏來,,204-5
烏來區,環山,,311,烏來區,烏來,,201-12
烏來區,環山,,312,烏來區,烏來,,202-3
烏來區,環山,,313,烏來區,烏來,,202
烏來區,環山,,314,烏來區,烏來,,201-13
烏來區,環山,,315,烏來區,烏來,,201-3
烏來區,環山,,316,烏來區,烏來,,204-1
烏來區,環山,,317,烏來區,烏來,,170-16
烏來區,環山,,318,烏來區,烏來,,170-13
烏來區,環山,,319,烏來區,烏來,,170-2
烏來區,環山,,32,烏來區,烏來,,161-3
烏來區,環山,,320,烏來區,烏來,,170-12
烏來區,環山,,321,烏來區,烏來,,204
烏來區,環山,,322,烏來區,烏來,,203-4
烏來區,環山,,323,烏來區,烏來,,203-3
烏來區,環山,,324,烏來區,烏來,,203
烏來區,環山,,325,烏來區,烏來,,203-7
烏來區,環山,,326,烏來區,烏來,,201-22
烏來區,環山,,327,烏來區,烏來,,203-1
烏來區,環山,,328,烏來區,烏來,,201-8
烏來區,環山,,329,烏來區,烏來,,201-20
烏來區,環山,,33,烏來區,烏來,,165
烏來區,環山,,330,烏來區,烏來,,201-18
烏來區,環山,,331,烏來區,烏來,,201-15
烏來區,環山,,332,烏來區,烏來,,201-1
烏來區,環山,,333,烏來區,烏來,,201-19
烏來區,環山,,334,烏來區,烏來,,201-4
烏來區,環山,,335,烏來區,烏來,,201-5
烏來區,環山,,336,烏來區,烏來,,271-1
烏來區,環山,,337,烏來區,烏來,,216-1
烏來區,環山,,338,烏來區,烏來,,216-4
烏來區,環山,,339,烏來區,烏來,,212-1
烏來區,環山,,34,烏來區,烏來,,167
烏來區,環山,,340,烏來區,烏來,,216-5
烏來區,環山,,341,烏來區,烏來,,214-3
烏來區,環山,,342,烏來區,烏來,,214-1
烏來區,環山,,343,烏來區,烏來,,214
烏來區,環山,,344,烏來區,烏來,,214-2
烏來區,環山,,345,烏來區,烏來,,215-1
烏來區,環山,,346,烏來區,烏來,,215
烏來區,環山,,347,烏來區,烏來,,216-3
烏來區,環山,,349,烏來區,烏來,,216-2
烏來區,環山,,35,烏來區,烏來,,166-1
烏來區,環山,,350,烏來區,烏來,,216
烏來區,環山,,351,烏來區,烏來,,217
烏來區,環山,,352,烏來區,烏來,,218
烏來區,環山,,353,烏來區,烏來,,219
烏來區,環山,,354,烏來區,烏來,,221
烏來區,環山,,355,烏來區,烏來,,222
烏來區,環山,,356,烏來區,烏來,,224
烏來區,環山,,357,烏來區,烏來,,225
烏來區,環山,,358,烏來區,烏來,,226
烏來區,環山,,359,烏來區,烏來,,227
烏來區,環山,,36,烏來區,烏來,,165-2
烏來區,環山,,360,烏來區,烏來,,223
烏來區,環山,,361,烏來區,烏來,,220
烏來區,環山,,362,烏來區,烏來,,253
烏來區,環山,,363,烏來區,烏來,,269
烏來區,環山,,364,烏來區,烏來,,270
烏來區,環山,,365,烏來區,烏來,,271
烏來區,環山,,366,烏來區,烏來,,201
烏來區,環山,,367,烏來區,烏來,,273
烏來區,環山,,368,烏來區,烏來,,272
烏來區,環山,,369,烏來區,烏來,,272-7
烏來區,環山,,37,烏來區,烏來,,161-2
烏來區,環山,,370,烏來區,烏來,,272-6
烏來區,環山,,371,烏來區,烏來,,272-3
烏來區,環山,,372,烏來區,烏來,,272-8
烏來區,環山,,373,烏來區,烏來,,272-1
烏來區,環山,,374,烏來區,烏來,,272-9
烏來區,環山,,375,烏來區,烏來,,273-7
烏來區,環山,,376,烏來區,烏來,,273-1
烏來區,環山,,377,烏來區,烏來,,273-5
烏來區,環山,,378,烏來區,烏來,,272-10
烏來區,環山,,379,烏來區,烏來,,272-4
烏來區,環山,,38,烏來區,烏來,,161
烏來區,環山,,380,烏來區,烏來,,201-6
烏來區,環山,,381,烏來區,烏來,,201-21
烏來區,環山,,382,烏來區,烏來,,201-28
烏來區,環山,,383,烏來區,烏來,,201-14
烏來區,環山,,384,烏來區,烏來,,287
烏來區,環山,,385,烏來區,烏來,,286-1
烏來區,環山,,386,烏來區,烏來,,288-2
烏來區,環山,,387,烏來區,烏來,,288
烏來區,環山,,388,烏來區,烏來,,290
烏來區,環山,,389,烏來區,烏來,,291
烏來區,環山,,39,烏來區,烏來,,162-3
烏來區,環山,,390,烏來區,烏來,,292
烏來區,環山,,391,烏來區,烏來,,292-6
烏來區,環山,,392,烏來區,烏來,,292-3
烏來區,環山,,393,烏來區,烏來,,292-2
烏來區,環山,,394,烏來區,烏來,,292-5
烏來區,環山,,395,烏來區,烏來,,193
烏來區,環山,,396,烏來區,烏來,,293-7
烏來區,環山,,397,烏來區,烏來,,293-4
烏來區,環山,,398,烏來區,烏來,,293-5
烏來區,環山,,399,烏來區,烏來,,350
烏來區,環山,,4,烏來區,烏來,,136
烏來區,環山,,40,烏來區,烏來,,162-2
烏來區,環山,,400,烏來區,烏來,,358
烏來區,環山,,401,烏來區,烏來,,351-1
烏來區,環山,,402,烏來區,烏來,,358-8
烏來區,環山,,403,烏來區,烏來,,359-2
烏來區,環山,,404,烏來區,烏來,,359
烏來區,環山,,405,烏來區,烏來,,358-4
烏來區,環山,,406,烏來區,烏來,,358-3
烏來區,環山,,407,烏來區,烏來,,371
烏來區,環山,,408,烏來區,烏來,,370
烏來區,環山,,409,烏來區,烏來,,370-3
烏來區,環山,,41,烏來區,烏來,,158
烏來區,環山,,410,烏來區,烏來,,374-1
烏來區,環山,,411,烏來區,烏來,,373-1
烏來區,環山,,412,烏來區,烏來,,373-4
烏來區,環山,,413,烏來區,烏來,,373-5
烏來區,環山,,414,烏來區,烏來,,373-2
烏來區,環山,,415,烏來區,烏來,,373
烏來區,環山,,416,烏來區,烏來,,384
烏來區,環山,,417,烏來區,烏來,,385
烏來區,環山,,418,烏來區,烏來,,372-20
烏來區,環山,,419,烏來區,烏來,,387
烏來區,環山,,42,烏來區,烏來,,158-2
烏來區,環山,,420,烏來區,烏來,,388
烏來區,環山,,421,烏來區,烏來,,388-1
烏來區,環山,,422,烏來區,烏來,,366-14
烏來區,環山,,423,烏來區,烏來,,1078-15
烏來區,環山,,424,烏來區,烏來,,1122-54
烏來區,環山,,425,烏來區,烏來,,1122-59
烏來區,環山,,426,烏來區,烏來,,1122-46
烏來區,環山,,427,烏來區,烏來,,390-2
烏來區,環山,,428,烏來區,烏來,,389
烏來區,環山,,429,烏來區,烏來,,389-2
烏來區,環山,,43,烏來區,烏來,,158-6
烏來區,環山,,430,烏來區,烏來,,390-9
烏來區,環山,,431,烏來區,烏來,,390-8
烏來區,環山,,432,烏來區,烏來,,389-1
烏來區,環山,,433,烏來區,烏來,,391-3
烏來區,環山,,434,烏來區,烏來,,372-19
烏來區,環山,,435,烏來區,烏來,,372-27
烏來區,環山,,436,烏來區,烏來,,372-8
烏來區,環山,,437,烏來區,烏來,,372-26
烏來區,環山,,438,烏來區,烏來,,372-25
烏來區,環山,,439,烏來區,烏來,,372-7
烏來區,環山,,44,烏來區,烏來,,162-1
烏來區,環山,,440,烏來區,烏來,,372-2
烏來區,環山,,441,烏來區,烏來,,370-5
烏來區,環山,,442,烏來區,烏來,,370-2
烏來區,環山,,443,烏來區,烏來,,372
烏來區,環山,,444,烏來區,烏來,,370-1
烏來區,環山,,445,烏來區,烏來,,370-4
烏來區,環山,,446,烏來區,烏來,,371-4
烏來區,環山,,447,烏來區,烏來,,371-1
烏來區,環山,,448,烏來區,烏來,,358-2
烏來區,環山,,449,烏來區,烏來,,358-7
烏來區,環山,,45,烏來區,烏來,,158-1
烏來區,環山,,450,烏來區,烏來,,358-10
烏來區,環山,,451,烏來區,烏來,,357-2
烏來區,環山,,452,烏來區,烏來,,358-9
烏來區,環山,,453,烏來區,烏來,,358-6
烏來區,環山,,454,烏來區,烏來,,358-1
烏來區,環山,,455,烏來區,烏來,,357
烏來區,環山,,456,烏來區,烏來,,357-3
烏來區,環山,,457,烏來區,烏來,,356
烏來區,環山,,458,烏來區,烏來,,356-1
烏來區,環山,,459,烏來區,烏來,,355-9
烏來區,環山,,46,烏來區,烏來,,157
烏來區,環山,,460,烏來區,烏來,,354
烏來區,環山,,461,烏來區,烏來,,352
烏來區,環山,,462,烏來區,烏來,,352-1
烏來區,環山,,463,烏來區,烏來,,350-1
烏來區,環山,,464,烏來區,烏來,,350-2
烏來區,環山,,465,烏來區,烏來,,349-1
烏來區,環山,,466,烏來區,烏來,,349
烏來區,環山,,467,烏來區,烏來,,294-1
烏來區,環山,,468,烏來區,烏來,,293-3
烏來區,環山,,469,烏來區,烏來,,293-1
烏來區,環山,,47,烏來區,烏來,,159
烏來區,環山,,470,烏來區,烏來,,294
烏來區,環山,,471,烏來區,烏來,,297
烏來區,環山,,472,烏來區,烏來,,298
烏來區,環山,,473,烏來區,烏來,,301-1
烏來區,環山,,474,烏來區,烏來,,299
烏來區,環山,,475,烏來區,烏來,,300
烏來區,環山,,476,烏來區,烏來,,301
烏來區,環山,,477,烏來區,烏來,,302
烏來區,環山,,478,烏來區,烏來,,303
烏來區,環山,,479,烏來區,烏來,,301-2
烏來區,環山,,48,烏來區,烏來,,156
烏來區,環山,,480,烏來區,烏來,,289
烏來區,環山,,481,烏來區,烏來,,287-2
烏來區,環山,,482,烏來區,烏來,,286-2
烏來區,環山,,483,烏來區,烏來,,282-2
烏來區,環山,,484,烏來區,烏來,,287-4
烏來區,環山,,485,烏來區,烏來,,201-31
烏來區,環山,,486,烏來區,烏來,,201-7
烏來區,環山,,487,烏來區,烏來,,201-29
烏來區,環山,,488,烏來區,烏來,,201-32
烏來區,環山,,489,烏來區,烏來,,287-5
烏來區,環山,,49,烏來區,烏來,,154
烏來區,環山,,490,烏來區,烏來,,282-3
烏來區,環山,,491,烏來區,烏來,,284
烏來區,環山,,492,烏來區,烏來,,285
烏來區,環山,,493,烏來區,烏來,,286
烏來區,環山,,494,烏來區,烏來,,286-5
烏來區,環山,,495,烏來區,烏來,,305
烏來區,環山,,496,烏來區,烏來,,304
烏來區,環山,,497,烏來區,烏來,,304-1
烏來區,環山,,498,烏來區,烏來,,306
烏來區,環山,,499,烏來區,烏來,,281
烏來區,環山,,5,烏來區,烏來,,137
烏來區,環山,,50,烏來區,烏來,,153
烏來區,環山,,500,烏來區,烏來,,282
烏來區,環山,,501,烏來區,烏來,,283
烏來區,環山,,502,烏來區,烏來,,282-6
烏來區,環山,,503,烏來區,烏來,,282-4
烏來區,環山,,504,烏來區,烏來,,287-6
烏來區,環山,,505,烏來區,烏來,,201-33
烏來區,環山,,506,烏來區,烏來,,201-30
烏來區,環山,,507,烏來區,烏來,,287-1
烏來區,環山,,508,烏來區,烏來,,282-7
烏來區,環山,,509,烏來區,烏來,,282-5
烏來區,環山,,51,烏來區,烏來,,152
烏來區,環山,,510,烏來區,烏來,,282-1
烏來區,環山,,511,烏來區,烏來,,272-5
烏來區,環山,,512,烏來區,烏來,,272-2
烏來區,環山,,513,烏來區,烏來,,280
烏來區,環山,,514,烏來區,烏來,,279
烏來區,環山,,515,烏來區,烏來,,278-4
烏來區,環山,,516,烏來區,烏來,,278-3
烏來區,環山,,517,烏來區,烏來,,278-2
烏來區,環山,,518,烏來區,烏來,,307
烏來區,環山,,519,烏來區,烏來,,308
烏來區,環山,,52,烏來區,烏來,,151
烏來區,環山,,520,烏來區,烏來,,335
烏來區,環山,,521,烏來區,烏來,,336
烏來區,環山,,522,烏來區,烏來,,336-1
烏來區,環山,,523,烏來區,烏來,,337
烏來區,環山,,524,烏來區,烏來,,294-5
烏來區,環山,,525,烏來區,烏來,,295
烏來區,環山,,526,烏來區,烏來,,294-2
烏來區,環山,,527,烏來區,烏來,,348
烏來區,環山,,528,烏來區,烏來,,353
烏來區,環山,,529,烏來區,烏來,,353-2
烏來區,環山,,53,烏來區,烏來,,150
烏來區,環山,,530,烏來區,烏來,,347-1
烏來區,環山,,531,烏來區,烏來,,423-2
烏來區,環山,,532,烏來區,烏來,,400-3
烏來區,環山,,533,烏來區,烏來,,423-3
烏來區,環山,,534,烏來區,烏來,,353-1
烏來區,環山,,535,烏來區,烏來,,354-1
烏來區,環山,,536,烏來區,烏來,,354-2
烏來區,環山,,537,烏來區,烏來,,372-13
烏來區,環山,,538,烏來區,烏來,,372-22
烏來區,環山,,539,烏來區,烏來,,372-16
烏來區,環山,,54,烏來區,烏來,,149
烏來區,環山,,540,烏來區,烏來,,356-4
烏來區,環山,,541,烏來區,烏來,,372-1
烏來區,環山,,542,烏來區,烏來,,372-18
烏來區,環山,,543,烏來區,烏來,,372-15
烏來區,環山,,544,烏來區,烏來,,372-6
烏來區,環山,,545,烏來區,烏來,,372-10
烏來區,環山,,546,烏來區,烏來,,391
烏來區,環山,,547,烏來區,烏來,,392-1
烏來區,環山,,548,烏來區,烏來,,392
烏來區,環山,,549,烏來區,烏來,,393
烏來區,環山,,55,烏來區,烏來,,148
烏來區,環山,,550,烏來區,烏來,,394
烏來區,環山,,551,烏來區,烏來,,395
烏來區,環山,,552,烏來區,烏來,,396-1
烏來區,環山,,553,烏來區,烏來,,396
烏來區,環山,,554,烏來區,烏來,,397-1
烏來區,環山,,555,烏來區,烏來,,397-2
烏來區,環山,,556,烏來區,烏來,,372-21
烏來區,環山,,557,烏來區,烏來,,397-4
烏來區,環山,,558,烏來區,烏來,,423-4
烏來區,環山,,559,烏來區,烏來,,398
烏來區,環山,,56,烏來區,烏來,,147
烏來區,環山,,560,烏來區,烏來,,398-4
烏來區,環山,,561,烏來區,烏來,,399-2
烏來區,環山,,562,烏來區,烏來,,399
烏來區,環山,,563,烏來區,烏來,,399-3
烏來區,環山,,564,烏來區,烏來,,400-5
烏來區,環山,,565,烏來區,烏來,,400-2
烏來區,環山,,566,烏來區,烏來,,401-2
烏來區,環山,,567,烏來區,烏來,,402
烏來區,環山,,568,烏來區,烏來,,402-2
烏來區,環山,,569,烏來區,烏來,,401-1
烏來區,環山,,57,烏來區,烏來,,144
烏來區,環山,,570,烏來區,烏來,,401-4
烏來區,環山,,571,烏來區,烏來,,401
烏來區,環山,,572,烏來區,烏來,,397
烏來區,環山,,573,烏來區,烏來,,397-6
烏來區,環山,,574,烏來區,烏來,,408-1
烏來區,環山,,575,烏來區,烏來,,408
烏來區,環山,,576,烏來區,烏來,,407
烏來區,環山,,577,烏來區,烏來,,407-2
烏來區,環山,,578,烏來區,烏來,,407-1
烏來區,環山,,579,烏來區,烏來,,407-3
烏來區,環山,,58,烏來區,烏來,,145-14
烏來區,環山,,580,烏來區,烏來,,403-1
烏來區,環山,,581,烏來區,烏來,,403
烏來區,環山,,582,烏來區,烏來,,404
烏來區,環山,,583,烏來區,烏來,,405
烏來區,環山,,584,烏來區,烏來,,406-2
烏來區,環山,,585,烏來區,烏來,,406
烏來區,環山,,586,烏來區,烏來,,417
烏來區,環山,,587,烏來區,烏來,,417-1
烏來區,環山,,588,烏來區,烏來,,406-4
烏來區,環山,,589,烏來區,烏來,,403-2
烏來區,環山,,59,烏來區,烏來,,146
烏來區,環山,,590,烏來區,烏來,,416-1
烏來區,環山,,591,烏來區,烏來,,417-2
烏來區,環山,,592,烏來區,烏來,,419-2
烏來區,環山,,593,烏來區,烏來,,417-4
烏來區,環山,,594,烏來區,烏來,,419-4
烏來區,環山,,595,烏來區,烏來,,413
烏來區,環山,,596,烏來區,烏來,,409
烏來區,環山,,597,烏來區,烏來,,409-1
烏來區,環山,,598,烏來區,烏來,,411-3
烏來區,環山,,599,烏來區,烏來,,409-2
烏來區,環山,,6,烏來區,烏來,,138
烏來區,環山,,60,烏來區,烏來,,145
烏來區,環山,,600,烏來區,烏來,,410-1
烏來區,環山,,601,烏來區,烏來,,411-4
烏來區,環山,,602,烏來區,烏來,,410-2
烏來區,環山,,603,烏來區,烏來,,410
烏來區,環山,,604,烏來區,烏來,,390
烏來區,環山,,605,烏來區,烏來,,390-4
烏來區,環山,,607,烏來區,烏來,,390-7
烏來區,環山,,608,烏來區,烏來,,390-5
烏來區,環山,,609,烏來區,烏來,,390-3
烏來區,環山,,61,烏來區,烏來,,145-13
烏來區,環山,,611,烏來區,烏來,,411
烏來區,環山,,612,烏來區,烏來,,411-5
烏來區,環山,,613,烏來區,烏來,,413-2
烏來區,環山,,614,烏來區,烏來,,413-4
烏來區,環山,,615,烏來區,烏來,,1122-8
烏來區,環山,,616,烏來區,烏來,,418-3
烏來區,環山,,617,烏來區,烏來,,419-3
烏來區,環山,,618,烏來區,烏來,,418-1
烏來區,環山,,619,烏來區,烏來,,418
烏來區,環山,,62,烏來區,烏來,,132-16
烏來區,環山,,620,烏來區,烏來,,418-2
烏來區,環山,,621,烏來區,烏來,,419
烏來區,環山,,622,烏來區,烏來,,421
烏來區,環山,,623,烏來區,烏來,,420
烏來區,環山,,624,烏來區,烏來,,406-3
烏來區,環山,,625,烏來區,烏來,,422
烏來區,環山,,626,烏來區,烏來,,423
烏來區,環山,,627,烏來區,烏來,,423-1
烏來區,環山,,628,烏來區,烏來,,343
烏來區,環山,,629,烏來區,烏來,,344
烏來區,環山,,63,烏來區,烏來,,145-8
烏來區,環山,,630,烏來區,烏來,,347
烏來區,環山,,631,烏來區,烏來,,346
烏來區,環山,,632,烏來區,烏來,,345
烏來區,環山,,633,烏來區,烏來,,338
烏來區,環山,,634,烏來區,烏來,,334
烏來區,環山,,635,烏來區,烏來,,339
烏來區,環山,,636,烏來區,烏來,,340
烏來區,環山,,637,烏來區,烏來,,341
烏來區,環山,,638,烏來區,烏來,,342
烏來區,環山,,639,烏來區,烏來,,329
烏來區,環山,,64,烏來區,烏來,,145-4
烏來區,環山,,640,烏來區,烏來,,330
烏來區,環山,,641,烏來區,烏來,,331
烏來區,環山,,642,烏來區,烏來,,332
烏來區,環山,,643,烏來區,烏來,,333
烏來區,環山,,644,烏來區,烏來,,309
烏來區,環山,,645,烏來區,烏來,,310
烏來區,環山,,646,烏來區,烏來,,311
烏來區,環山,,647,烏來區,烏來,,313
烏來區,環山,,648,烏來區,烏來,,312
烏來區,環山,,649,烏來區,烏來,,314
烏來區,環山,,65,烏來區,烏來,,132-6
烏來區,環山,,650,烏來區,烏來,,315
烏來區,環山,,651,烏來區,烏來,,315-1
烏來區,環山,,652,烏來區,烏來,,322
烏來區,環山,,653,烏來區,烏來,,324
烏來區,環山,,654,烏來區,烏來,,323
烏來區,環山,,655,烏來區,烏來,,322-1
烏來區,環山,,656,烏來區,烏來,,326
烏來區,環山,,657,烏來區,烏來,,327
烏來區,環山,,658,烏來區,烏來,,328-1
烏來區,環山,,659,烏來區,烏來,,328
烏來區,環山,,66,烏來區,烏來,,174-10
烏來區,環山,,660,烏來區,烏來,,325
烏來區,環山,,661,烏來區,烏來,,324-2
烏來區,環山,,662,烏來區,烏來,,324-1
烏來區,環山,,663,烏來區,烏來,,321
烏來區,環山,,664,烏來區,烏來,,320
烏來區,環山,,665,烏來區,烏來,,316
烏來區,環山,,666,烏來區,烏來,,311-1
烏來區,環山,,667,烏來區,烏來,,462-2
烏來區,環山,,668,烏來區,烏來,,318
烏來區,環山,,669,烏來區,烏來,,319
烏來區,環山,,67,烏來區,烏來,,145-5
烏來區,環山,,670,烏來區,烏來,,319-2
烏來區,環山,,671,烏來區,烏來,,319-1
烏來區,環山,,672,烏來區,烏來,,320-2
烏來區,環山,,673,烏來區,烏來,,424-1
烏來區,環山,,674,烏來區,烏來,,424
烏來區,環山,,675,烏來區,烏來,,433
烏來區,環山,,676,烏來區,烏來,,421-1
烏來區,環山,,677,烏來區,烏來,,434-1
烏來區,環山,,678,烏來區,烏來,,434
烏來區,環山,,679,烏來區,烏來,,435
烏來區,環山,,68,烏來區,烏來,,145-7
烏來區,環山,,680,烏來區,烏來,,435-3
烏來區,環山,,681,烏來區,烏來,,435-1
烏來區,環山,,682,烏來區,烏來,,436-4
烏來區,環山,,683,烏來區,烏來,,435-4
烏來區,環山,,684,烏來區,烏來,,435-2
烏來區,環山,,685,烏來區,烏來,,436
烏來區,環山,,686,烏來區,烏來,,442
烏來區,環山,,687,烏來區,烏來,,437
烏來區,環山,,688,烏來區,烏來,,437-2
烏來區,環山,,689,烏來區,烏來,,437-3
烏來區,環山,,69,烏來區,烏來,,145-1
烏來區,環山,,690,烏來區,烏來,,438
烏來區,環山,,691,烏來區,烏來,,439-3
烏來區,環山,,692,烏來區,烏來,,439-6
烏來區,環山,,693,烏來區,烏來,,439-8
烏來區,環山,,694,烏來區,烏來,,1122-7
烏來區,環山,,695,烏來區,烏來,,1122-44
烏來區,環山,,696,烏來區,烏來,,1122-5
烏來區,環山,,697,烏來區,烏來,,1122-49
烏來區,環山,,698,烏來區,烏來,,1122-60
烏來區,環山,,699,烏來區,烏來,,439
烏來區,環山,,7,烏來區,烏來,,139
烏來區,環山,,70,烏來區,烏來,,145-12
烏來區,環山,,700,烏來區,烏來,,1122-47
烏來區,環山,,701,烏來區,烏來,,439-4
烏來區,環山,,702,烏來區,烏來,,439-11
烏來區,環山,,703,烏來區,烏來,,439-1
烏來區,環山,,704,烏來區,烏來,,439-5
烏來區,環山,,705,烏來區,烏來,,440-13
烏來區,環山,,706,烏來區,烏來,,440-10
烏來區,環山,,707,烏來區,烏來,,440-12
烏來區,環山,,708,烏來區,烏來,,440-1
烏來區,環山,,709,烏來區,烏來,,1122-9
烏來區,環山,,71,烏來區,烏來,,145-2
烏來區,環山,,710,烏來區,烏來,,440-8
烏來區,環山,,711,烏來區,烏來,,440-16
烏來區,環山,,712,烏來區,烏來,,440-7
烏來區,環山,,713,烏來區,烏來,,440
烏來區,環山,,714,烏來區,烏來,,440-15
烏來區,環山,,715,烏來區,烏來,,1122-48
烏來區,環山,,716,烏來區,烏來,,1122-10
烏來區,環山,,717,烏來區,烏來,,440-2
烏來區,環山,,718,烏來區,烏來,,441
烏來區,環山,,719,烏來區,烏來,,441-1
烏來區,環山,,72,烏來區,烏來,,174-6
烏來區,環山,,720,烏來區,烏來,,442-1
烏來區,環山,,721,烏來區,烏來,,443-2
烏來區,環山,,722,烏來區,烏來,,443-1
烏來區,環山,,723,烏來區,烏來,,443
烏來區,環山,,724,烏來區,烏來,,443-3
烏來區,環山,,725,烏來區,烏來,,436-7
烏來區,環山,,726,烏來區,烏來,,436-2
烏來區,環山,,727,烏來區,烏來,,436-8
烏來區,環山,,728,烏來區,烏來,,443-5
烏來區,環山,,729,烏來區,烏來,,436-3
烏來區,環山,,73,烏來區,烏來,,145-10
烏來區,環山,,730,烏來區,烏來,,432
烏來區,環山,,731,烏來區,烏來,,431
烏來區,環山,,732,烏來區,烏來,,430
烏來區,環山,,733,烏來區,烏來,,430-1
烏來區,環山,,734,烏來區,烏來,,430-2
烏來區,環山,,735,烏來區,烏來,,429
烏來區,環山,,736,烏來區,烏來,,428
烏來區,環山,,737,烏來區,烏來,,427
烏來區,環山,,738,烏來區,烏來,,427-1
烏來區,環山,,739,烏來區,烏來,,426-1
烏來區,環山,,74,烏來區,烏來,,145-6
烏來區,環山,,740,烏來區,烏來,,425
烏來區,環山,,741,烏來區,烏來,,426
烏來區,環山,,742,烏來區,烏來,,318-1
烏來區,環山,,743,烏來區,烏來,,457-1
烏來區,環山,,744,烏來區,烏來,,457
烏來區,環山,,745,烏來區,烏來,,458
烏來區,環山,,746,烏來區,烏來,,459
烏來區,環山,,747,烏來區,烏來,,460
烏來區,環山,,748,烏來區,烏來,,462-3
烏來區,環山,,749,烏來區,烏來,,463
烏來區,環山,,75,烏來區,烏來,,174-9
烏來區,環山,,750,烏來區,烏來,,464-1
烏來區,環山,,751,烏來區,烏來,,453-1
烏來區,環山,,752,烏來區,烏來,,453
烏來區,環山,,753,烏來區,烏來,,454
烏來區,環山,,754,烏來區,烏來,,455
烏來區,環山,,755,烏來區,烏來,,456
烏來區,環山,,756,烏來區,烏來,,456-2
烏來區,環山,,757,烏來區,烏來,,456-3
烏來區,環山,,758,烏來區,烏來,,449
烏來區,環山,,759,烏來區,烏來,,449-1
烏來區,環山,,76,烏來區,烏來,,174-14
烏來區,環山,,760,烏來區,烏來,,449-2
烏來區,環山,,761,烏來區,烏來,,448-1
烏來區,環山,,762,烏來區,烏來,,448
烏來區,環山,,763,烏來區,烏來,,446
烏來區,環山,,764,烏來區,烏來,,447-2
烏來區,環山,,765,烏來區,烏來,,447-5
烏來區,環山,,766,烏來區,烏來,,445-4
烏來區,環山,,767,烏來區,烏來,,446-2
烏來區,環山,,768,烏來區,烏來,,446-1
烏來區,環山,,769,烏來區,烏來,,445-1
烏來區,環山,,77,烏來區,烏來,,174-5
烏來區,環山,,770,烏來區,烏來,,445-3
烏來區,環山,,771,烏來區,烏來,,445
烏來區,環山,,772,烏來區,烏來,,444-1
烏來區,環山,,773,烏來區,烏來,,444
烏來區,環山,,774,烏來區,烏來,,442-2
烏來區,環山,,775,烏來區,烏來,,440-6
烏來區,環山,,776,烏來區,烏來,,444-2
烏來區,環山,,777,烏來區,烏來,,444-3
烏來區,環山,,778,烏來區,烏來,,617-6
烏來區,環山,,779,烏來區,烏來,,617-7
烏來區,環山,,78,烏來區,烏來,,174-24
烏來區,環山,,780,烏來區,烏來,,447
烏來區,環山,,781,烏來區,烏來,,447-1
烏來區,環山,,782,烏來區,烏來,,617-11
烏來區,環山,,783,烏來區,烏來,,447-3
烏來區,環山,,784,烏來區,烏來,,450-5
烏來區,環山,,785,烏來區,烏來,,450-2
烏來區,環山,,786,烏來區,烏來,,447-6
烏來區,環山,,787,烏來區,烏來,,450-3
烏來區,環山,,788,烏來區,烏來,,450
烏來區,環山,,789,烏來區,烏來,,456-1
烏來區,環山,,79,烏來區,烏來,,174-22
烏來區,環山,,790,烏來區,烏來,,454-1
烏來區,環山,,791,烏來區,烏來,,451-1
烏來區,環山,,792,烏來區,烏來,,451
烏來區,環山,,793,烏來區,烏來,,452
烏來區,環山,,794,烏來區,烏來,,465
烏來區,環山,,795,烏來區,烏來,,465-2
烏來區,環山,,796,烏來區,烏來,,464
烏來區,環山,,797,烏來區,烏來,,464-2
烏來區,環山,,798,烏來區,烏來,,467
烏來區,環山,,799,烏來區,烏來,,278
烏來區,環山,,8,烏來區,烏來,,141
烏來區,環山,,80,烏來區,烏來,,174-4
烏來區,環山,,800,烏來區,烏來,,472-3
烏來區,環山,,801,烏來區,烏來,,466-2
烏來區,環山,,802,烏來區,烏來,,473-3
烏來區,環山,,803,烏來區,烏來,,462-7
烏來區,環山,,804,烏來區,烏來,,462-1
烏來區,環山,,805,烏來區,烏來,,278-1
烏來區,環山,,806,烏來區,烏來,,277
烏來區,環山,,807,烏來區,烏來,,277-3
烏來區,環山,,808,烏來區,烏來,,276
烏來區,環山,,809,烏來區,烏來,,275-1
烏來區,環山,,81,烏來區,烏來,,174-19
烏來區,環山,,810,烏來區,烏來,,273-2
烏來區,環山,,811,烏來區,烏來,,273-4
烏來區,環山,,812,烏來區,烏來,,273-3
烏來區,環山,,813,烏來區,烏來,,275-5
烏來區,環山,,814,烏來區,烏來,,275-3
烏來區,環山,,815,烏來區,烏來,,274-1
烏來區,環山,,816,烏來區,烏來,,274-3
烏來區,環山,,817,烏來區,烏來,,274-2
烏來區,環山,,818,烏來區,烏來,,266-6
烏來區,環山,,819,烏來區,烏來,,266-3
烏來區,環山,,82,烏來區,烏來,,174-16
烏來區,環山,,820,烏來區,烏來,,275
烏來區,環山,,821,烏來區,烏來,,275-4
烏來區,環山,,822,烏來區,烏來,,275-10
烏來區,環山,,823,烏來區,烏來,,275-12
烏來區,環山,,824,烏來區,烏來,,275-6
烏來區,環山,,825,烏來區,烏來,,276-4
烏來區,環山,,826,烏來區,烏來,,277-5
烏來區,環山,,827,烏來區,烏來,,462-12
烏來區,環山,,828,烏來區,烏來,,277-1
烏來區,環山,,829,烏來區,烏來,,462-8
烏來區,環山,,83,烏來區,烏來,,174
烏來區,環山,,830,烏來區,烏來,,462-10
烏來區,環山,,831,烏來區,烏來,,462-9
烏來區,環山,,832,烏來區,烏來,,462-5
烏來區,環山,,833,烏來區,烏來,,277-2
烏來區,環山,,834,烏來區,烏來,,266-8
烏來區,環山,,835,烏來區,烏來,,266-7
烏來區,環山,,836,烏來區,烏來,,266-2
烏來區,環山,,837,烏來區,烏來,,266-1
烏來區,環山,,838,烏來區,烏來,,266-4
烏來區,環山,,839,烏來區,烏來,,265-4
烏來區,環山,,84,烏來區,烏來,,174-1
烏來區,環山,,840,烏來區,烏來,,265-1
烏來區,環山,,841,烏來區,烏來,,266-5
烏來區,環山,,842,烏來區,烏來,,266
烏來區,環山,,843,烏來區,烏來,,274
烏來區,環山,,844,烏來區,烏來,,268
烏來區,環山,,845,烏來區,烏來,,254
烏來區,環山,,846,烏來區,烏來,,251
烏來區,環山,,847,烏來區,烏來,,252
烏來區,環山,,848,烏來區,烏來,,227-1
烏來區,環山,,849,烏來區,烏來,,228
烏來區,環山,,85,烏來區,烏來,,145-3
烏來區,環山,,850,烏來區,烏來,,229
烏來區,環山,,851,烏來區,烏來,,234
烏來區,環山,,852,烏來區,烏來,,242
烏來區,環山,,853,烏來區,烏來,,243
烏來區,環山,,854,烏來區,烏來,,241
烏來區,環山,,855,烏來區,烏來,,244
烏來區,環山,,856,烏來區,烏來,,240
烏來區,環山,,857,烏來區,烏來,,246
烏來區,環山,,858,烏來區,烏來,,245
烏來區,環山,,859,烏來區,烏來,,250
烏來區,環山,,86,烏來區,烏來,,173
烏來區,環山,,860,烏來區,烏來,,255
烏來區,環山,,861,烏來區,烏來,,249
烏來區,環山,,862,烏來區,烏來,,248
烏來區,環山,,863,烏來區,烏來,,257
烏來區,環山,,864,烏來區,烏來,,256
烏來區,環山,,865,烏來區,烏來,,267
烏來區,環山,,866,烏來區,烏來,,261
烏來區,環山,,867,烏來區,烏來,,258
烏來區,環山,,868,烏來區,烏來,,259
烏來區,環山,,869,烏來區,烏來,,260
烏來區,環山,,87,烏來區,烏來,,172-2
烏來區,環山,,870,烏來區,烏來,,262
烏來區,環山,,871,烏來區,烏來,,263
烏來區,環山,,872,烏來區,烏來,,264
烏來區,環山,,873,烏來區,烏來,,265
烏來區,環山,,874,烏來區,烏來,,265-3
烏來區,環山,,875,烏來區,烏來,,473-1
烏來區,環山,,876,烏來區,烏來,,475-1
烏來區,環山,,877,烏來區,烏來,,473
烏來區,環山,,878,烏來區,烏來,,473-2
烏來區,環山,,879,烏來區,烏來,,474
烏來區,環山,,88,烏來區,烏來,,172-5
烏來區,環山,,880,烏來區,烏來,,475
烏來區,環山,,881,烏來區,烏來,,263-1
烏來區,環山,,882,烏來區,烏來,,476
烏來區,環山,,883,烏來區,烏來,,481
烏來區,環山,,884,烏來區,烏來,,480
烏來區,環山,,886,烏來區,烏來,,479
烏來區,環山,,887,烏來區,烏來,,477
烏來區,環山,,888,烏來區,烏來,,472-1
烏來區,環山,,889,烏來區,烏來,,472-2
烏來區,環山,,89,烏來區,烏來,,155-2
烏來區,環山,,890,烏來區,烏來,,477-1
烏來區,環山,,891,烏來區,烏來,,466
烏來區,環山,,892,烏來區,烏來,,591-1
烏來區,環山,,893,烏來區,烏來,,478-1
烏來區,環山,,894,烏來區,烏來,,478
烏來區,環山,,896,烏來區,烏來,,482
烏來區,環山,,897,烏來區,烏來,,483
烏來區,環山,,898,烏來區,烏來,,493
烏來區,環山,,899,烏來區,烏來,,494
烏來區,環山,,9,烏來區,烏來,,132-3
烏來區,環山,,90,烏來區,烏來,,155-5
烏來區,環山,,900,烏來區,烏來,,247
烏來區,環山,,901,烏來區,烏來,,495
烏來區,環山,,902,烏來區,烏來,,496
烏來區,環山,,903,烏來區,烏來,,497
烏來區,環山,,904,烏來區,烏來,,498
烏來區,環山,,905,烏來區,烏來,,503
烏來區,環山,,906,烏來區,烏來,,502
烏來區,環山,,907,烏來區,烏來,,501
烏來區,環山,,908,烏來區,烏來,,500
烏來區,環山,,909,烏來區,烏來,,499
烏來區,環山,,91,烏來區,烏來,,154-1
烏來區,環山,,910,烏來區,烏來,,492
烏來區,環山,,911,烏來區,烏來,,491
烏來區,環山,,912,烏來區,烏來,,490
烏來區,環山,,913,烏來區,烏來,,489
烏來區,環山,,914,烏來區,烏來,,484
烏來區,環山,,915,烏來區,烏來,,486
烏來區,環山,,916,烏來區,烏來,,485
烏來區,環山,,917,烏來區,烏來,,487
烏來區,環山,,918,烏來區,烏來,,488
烏來區,環山,,92,烏來區,烏來,,159-4
烏來區,環山,,920,烏來區,烏來,,504
烏來區,環山,,921,烏來區,烏來,,505
烏來區,環山,,922,烏來區,烏來,,506
烏來區,環山,,923,烏來區,烏來,,507
烏來區,環山,,924,烏來區,烏來,,239
烏來區,環山,,925,烏來區,烏來,,238
烏來區,環山,,926,烏來區,烏來,,235
烏來區,環山,,927,烏來區,烏來,,236
烏來區,環山,,928,烏來區,烏來,,237
烏來區,環山,,929,烏來區,烏來,,232
烏來區,環山,,93,烏來區,烏來,,158-5
烏來區,環山,,930,烏來區,烏來,,233
烏來區,環山,,931,烏來區,烏來,,230
烏來區,環山,,932,烏來區,烏來,,231
烏來區,環山,,933,烏來區,烏來,,526
烏來區,環山,,934,烏來區,烏來,,524
烏來區,環山,,935,烏來區,烏來,,525
烏來區,環山,,936,烏來區,烏來,,516
烏來區,環山,,937,烏來區,烏來,,523
烏來區,環山,,938,烏來區,烏來,,522
烏來區,環山,,939,烏來區,烏來,,517
烏來區,環山,,94,烏來區,烏來,,159-2
烏來區,環山,,940,烏來區,烏來,,518
烏來區,環山,,941,烏來區,烏來,,514
烏來區,環山,,942,烏來區,烏來,,515
烏來區,環山,,943,烏來區,烏來,,508
烏來區,環山,,944,烏來區,烏來,,509
烏來區,環山,,945,烏來區,烏來,,513
烏來區,環山,,946,烏來區,烏來,,510
烏來區,環山,,947,烏來區,烏來,,511
烏來區,環山,,948,烏來區,烏來,,512
烏來區,環山,,949,烏來區,烏來,,519
烏來區,環山,,95,烏來區,烏來,,158-3
烏來區,環山,,950,烏來區,烏來,,520
烏來區,環山,,951,烏來區,烏來,,521
烏來區,環山,,952,烏來區,烏來,,522-1
烏來區,環山,,953,烏來區,烏來,,528
烏來區,環山,,954,烏來區,烏來,,529
烏來區,環山,,955,烏來區,烏來,,527
烏來區,環山,,956,烏來區,烏來,,529-1
烏來區,環山,,957,烏來區,烏來,,530
烏來區,環山,,958,烏來區,烏來,,531
烏來區,環山,,959,烏來區,烏來,,532
烏來區,環山,,96,烏來區,烏來,,165-1
烏來區,環山,,960,烏來區,烏來,,533
烏來區,環山,,961,烏來區,烏來,,535
烏來區,環山,,962,烏來區,烏來,,534
烏來區,環山,,963,烏來區,烏來,,539
烏來區,環山,,964,烏來區,烏來,,202-1
烏來區,環山,,97,烏來區,烏來,,161-4
烏來區,環山,,98,烏來區,烏來,,160-2
烏來區,環山,,99,烏來區,烏來,,160-5
烏來區,羅培,,118,烏來區,福山,,801-4
烏來區,羅培,,119,烏來區,福山,,802-2
烏來區,羅培,,120,烏來區,福山,,789-1
烏來區,羅培,,121,烏來區,福山,,719
烏來區,羅培,,122,烏來區,福山,,719-1
烏來區,羅培,,123,烏來區,福山,,720
烏來區,羅培,,124,烏來區,福山,,721
烏來區,羅培,,125,烏來區,福山,,725
烏來區,羅培,,126,烏來區,福山,,724
烏來區,羅培,,127,烏來區,福山,,726
烏來區,羅培,,128,烏來區,福山,,727
烏來區,羅培,,129,烏來區,福山,,728
烏來區,羅培,,130,烏來區,福山,,729
烏來區,羅培,,131,烏來區,福山,,730
烏來區,羅培,,132,烏來區,福山,,723
烏來區,羅培,,133,烏來區,福山,,722
烏來區,羅培,,134,烏來區,福山,,796
烏來區,羅培,,135,烏來區,福山,,732
烏來區,羅培,,136,烏來區,福山,,733
烏來區,羅培,,137,烏來區,福山,,744
烏來區,羅培,,138,烏來區,福山,,734
烏來區,羅培,,139,烏來區,福山,,735
烏來區,羅培,,140,烏來區,福山,,736
烏來區,羅培,,141,烏來區,福山,,731
烏來區,羅培,,144,烏來區,福山,,788
烏來區,羅培,,145,烏來區,福山,,737
烏來區,羅培,,146,烏來區,福山,,739
烏來區,羅培,,147,烏來區,福山,,738
烏來區,羅培,,148,烏來區,福山,,740
烏來區,羅培,,149,烏來區,福山,,742
烏來區,羅培,,150,烏來區,福山,,741
烏來區,羅培,,151,烏來區,福山,,743
烏來區,羅培,,152,烏來區,福山,,745
烏來區,羅培,,153,烏來區,福山,,746
烏來區,羅培,,154,烏來區,福山,,747
烏來區,羅培,,155,烏來區,福山,,748
烏來區,羅培,,156,烏來區,福山,,759
烏來區,羅培,,157,烏來區,福山,,761
烏來區,羅培,,158,烏來區,福山,,760
烏來區,羅培,,159,烏來區,福山,,762
烏來區,羅培,,160,烏來區,福山,,758
烏來區,羅培,,161,烏來區,福山,,757
烏來區,羅培,,162,烏來區,福山,,756
烏來區,羅培,,163,烏來區,福山,,749
烏來區,羅培,,164,烏來區,福山,,750
烏來區,羅培,,165,烏來區,福山,,755
烏來區,羅培,,166,烏來區,福山,,751
烏來區,羅培,,167,烏來區,福山,,752
烏來區,羅培,,168,烏來區,福山,,754
烏來區,羅培,,169,烏來區,福山,,753
烏來區,羅培,,171,烏來區,福山,,782
烏來區,羅培,,172,烏來區,福山,,783
烏來區,羅培,,173,烏來區,福山,,784
烏來區,羅培,,174,烏來區,福山,,785
烏來區,羅培,,175,烏來區,福山,,786
烏來區,羅培,,176,烏來區,福山,,787
烏來區,羅培,,177,烏來區,福山,,781
烏來區,羅培,,178,烏來區,福山,,780
烏來區,羅培,,179,烏來區,福山,,779
烏來區,羅培,,180,烏來區,福山,,778
烏來區,羅培,,181,烏來區,福山,,791
烏來區,羅培,,182,烏來區,福山,,792
烏來區,羅培,,183,烏來區,福山,,793
烏來區,羅培,,184,烏來區,福山,,794
烏來區,羅培,,185,烏來區,福山,,795
烏來區,羅培,,186,烏來區,福山,,769
烏來區,羅培,,187,烏來區,福山,,763
烏來區,羅培,,188,烏來區,福山,,768
烏來區,羅培,,189,烏來區,福山,,767
烏來區,羅培,,190,烏來區,福山,,764
烏來區,羅培,,191,烏來區,福山,,765
烏來區,羅培,,192,烏來區,福山,,776
烏來區,羅培,,193,烏來區,福山,,777
烏來區,羅培,,194,烏來區,福山,,775
烏來區,羅培,,195,烏來區,福山,,766
烏來區,羅培,,196,烏來區,福山,,774
烏來區,羅培,,197,烏來區,福山,,773
烏來區,羅培,,198,烏來區,福山,,772
烏來區,羅培,,199,烏來區,福山,,771
烏來區,羅培,,200,烏來區,福山,,770
烏來區,羅培,,201,烏來區,福山,,789
烏來區,羅培,,202,烏來區,福山,,790
烏來區,羅培,,42,烏來區,福山,,797
烏來區,羅培,,43,烏來區,福山,,797-2
烏來區,羅培,,45,烏來區,福山,,799-1
烏來區,羅培,,46,烏來區,福山,,799-2
烏來區,羅培,,48,烏來區,福山,,798-3
烏來區,羅培,,49,烏來區,福山,,798-2
烏來區,羅培,,51,烏來區,福山,,797-1
烏來區,羅培,,53,烏來區,福山,,798-1
烏來區,羅培,,55,烏來區,福山,,798
烏來區,羅培,,56,烏來區,福山,,799
烏來區,羅培,,57,烏來區,福山,,800
烏來區,羅培,,60,烏來區,福山,,801-3
烏來區,羅培,,61,烏來區,福山,,801-2
烏來區,羅培,,63,烏來區,福山,,802-1
烏來區,羅培,,64,烏來區,福山,,803-1
烏來區,羅培,,65,烏來區,福山,,803
烏來區,羅培,,66,烏來區,福山,,802
烏來區,羅培,,67,烏來區,福山,,801-1
烏來區,羅培,,68,烏來區,福山,,801
烏來區,羅培,,69,烏來區,福山,,804
烏來區,羅培,,70,烏來區,福山,,804-1
烏來區,羅培,,71,烏來區,福山,,805-1
烏來區,羅培,,72,烏來區,福山,,806-1
烏來區,羅培,,73,烏來區,福山,,806-2
烏來區,羅培,,74,烏來區,福山,,807-2
烏來區,羅培,,75,烏來區,福山,,807-1
烏來區,羅培,,76,烏來區,福山,,805
烏來區,羅培,,77,烏來區,福山,,806
烏來區,羅培,,78,烏來區,福山,,807
烏來區,羅培,,79,烏來區,福山,,808-1
烏來區,羅培,,80,烏來區,福山,,808
烏來區,羅培,,81,烏來區,福山,,809
烏來區,羅培,,82,烏來區,福山,,810
烏來區,羅培,,83,烏來區,福山,,810-1
烏來區,羅培,,84,烏來區,福山,,810-2
烏來區,羅培,,85,烏來區,福山,,801-5
烏來區,羅蘭,,10,烏來區,福山,,60
烏來區,羅蘭,,100,烏來區,福山,,561
烏來區,羅蘭,,101,烏來區,福山,,580
烏來區,羅蘭,,102,烏來區,福山,,581
烏來區,羅蘭,,103,烏來區,福山,,605
烏來區,羅蘭,,104,烏來區,福山,,604
烏來區,羅蘭,,105,烏來區,福山,,610
烏來區,羅蘭,,106,烏來區,福山,,609
烏來區,羅蘭,,107,烏來區,福山,,608
烏來區,羅蘭,,108,烏來區,福山,,607
烏來區,羅蘭,,109,烏來區,福山,,606
烏來區,羅蘭,,11,烏來區,福山,,61
烏來區,羅蘭,,110,烏來區,福山,,611
烏來區,羅蘭,,111,烏來區,福山,,612
烏來區,羅蘭,,112,烏來區,福山,,613
烏來區,羅蘭,,113,烏來區,福山,,614
烏來區,羅蘭,,12,烏來區,福山,,55
烏來區,羅蘭,,23,烏來區,福山,,497
烏來區,羅蘭,,25,烏來區,福山,,498
烏來區,羅蘭,,26,烏來區,福山,,496
烏來區,羅蘭,,27,烏來區,福山,,494
烏來區,羅蘭,,28,烏來區,福山,,495
烏來區,羅蘭,,29,烏來區,福山,,499
烏來區,羅蘭,,30,烏來區,福山,,500
烏來區,羅蘭,,32,烏來區,福山,,501
烏來區,羅蘭,,33,烏來區,福山,,502
烏來區,羅蘭,,34,烏來區,福山,,492
烏來區,羅蘭,,35,烏來區,福山,,493
烏來區,羅蘭,,36,烏來區,福山,,489
烏來區,羅蘭,,37,烏來區,福山,,490
烏來區,羅蘭,,38,烏來區,福山,,491
烏來區,羅蘭,,39,烏來區,福山,,503
烏來區,羅蘭,,42,烏來區,福山,,540
烏來區,羅蘭,,43,烏來區,福山,,560
烏來區,羅蘭,,44,烏來區,福山,,540-1
烏來區,羅蘭,,45,烏來區,福山,,559
烏來區,羅蘭,,46,烏來區,福山,,558
烏來區,羅蘭,,47,烏來區,福山,,557
烏來區,羅蘭,,48,烏來區,福山,,556
烏來區,羅蘭,,49,烏來區,福山,,555
烏來區,羅蘭,,50,烏來區,福山,,553
烏來區,羅蘭,,51,烏來區,福山,,554
烏來區,羅蘭,,52,烏來區,福山,,552
烏來區,羅蘭,,53,烏來區,福山,,549
烏來區,羅蘭,,54,烏來區,福山,,548
烏來區,羅蘭,,55,烏來區,福山,,547
烏來區,羅蘭,,56,烏來區,福山,,550
烏來區,羅蘭,,57,烏來區,福山,,551
烏來區,羅蘭,,58,烏來區,福山,,541
烏來區,羅蘭,,59,烏來區,福山,,542
烏來區,羅蘭,,6,烏來區,福山,,57
烏來區,羅蘭,,60,烏來區,福山,,543
烏來區,羅蘭,,61,烏來區,福山,,544
烏來區,羅蘭,,63,烏來區,福山,,545
烏來區,羅蘭,,7,烏來區,福山,,59
烏來區,羅蘭,,8,烏來區,福山,,56-1
烏來區,羅蘭,,9,烏來區,福山,,56
烏來區,羅蘭,,97,烏來區,福山,,58
烏來區,羅蘭,,98,烏來區,福山,,546
烏來區,羅蘭,,99,烏來區,福山,,539
烏來區,西坑,,6,烏來區,阿玉,,4
烏來區,西羅岸,,1,烏來區,烏來,,1078
烏來區,西羅岸,,10,烏來區,烏來,,1078-4
烏來區,西羅岸,,100,烏來區,烏來,,1084-48
烏來區,西羅岸,,1001,烏來區,烏來,,970
烏來區,西羅岸,,1002,烏來區,烏來,,970-2
烏來區,西羅岸,,1003,烏來區,烏來,,970-1
烏來區,西羅岸,,1004,烏來區,烏來,,957-28
烏來區,西羅岸,,1005,烏來區,烏來,,957-27
烏來區,西羅岸,,1006,烏來區,烏來,,957-2
烏來區,西羅岸,,1007,烏來區,烏來,,957-61
烏來區,西羅岸,,1008,烏來區,烏來,,957-12
烏來區,西羅岸,,1009,烏來區,烏來,,957-58
烏來區,西羅岸,,101,烏來區,烏來,,1084-50
烏來區,西羅岸,,1010,烏來區,烏來,,967
烏來區,西羅岸,,1011,烏來區,烏來,,968
烏來區,西羅岸,,1012,烏來區,烏來,,957-17
烏來區,西羅岸,,1013,烏來區,烏來,,972-8
烏來區,西羅岸,,1014,烏來區,烏來,,972-5
烏來區,西羅岸,,1016,烏來區,烏來,,972-10
烏來區,西羅岸,,1017,烏來區,烏來,,971-4
烏來區,西羅岸,,1018,烏來區,烏來,,971-5
烏來區,西羅岸,,1019,烏來區,烏來,,971
烏來區,西羅岸,,102,烏來區,烏來,,1084-49
烏來區,西羅岸,,1020,烏來區,烏來,,971-13
烏來區,西羅岸,,1021,烏來區,烏來,,971-15
烏來區,西羅岸,,1022,烏來區,烏來,,972-4
烏來區,西羅岸,,1023,烏來區,烏來,,972-7
烏來區,西羅岸,,1024,烏來區,烏來,,973-2
烏來區,西羅岸,,1025,烏來區,烏來,,973-3
烏來區,西羅岸,,1026,烏來區,烏來,,971-36
烏來區,西羅岸,,1027,烏來區,烏來,,971-37
烏來區,西羅岸,,1028,烏來區,烏來,,971-14
烏來區,西羅岸,,1029,烏來區,烏來,,971-17
烏來區,西羅岸,,103,烏來區,烏來,,1073-13
烏來區,西羅岸,,1030,烏來區,烏來,,971-32
烏來區,西羅岸,,1031,烏來區,烏來,,971-8
烏來區,西羅岸,,1032,烏來區,烏來,,971-39
烏來區,西羅岸,,1033,烏來區,烏來,,971-1
烏來區,西羅岸,,1034,烏來區,烏來,,971-38
烏來區,西羅岸,,1036,烏來區,烏來,,986-2
烏來區,西羅岸,,1037,烏來區,烏來,,986-1
烏來區,西羅岸,,1038,烏來區,烏來,,986-4
烏來區,西羅岸,,1039,烏來區,烏來,,986
烏來區,西羅岸,,104,烏來區,烏來,,1078-49
烏來區,西羅岸,,1041,烏來區,烏來,,987-1
烏來區,西羅岸,,1042,烏來區,烏來,,987-2
烏來區,西羅岸,,1043,烏來區,烏來,,995-1
烏來區,西羅岸,,1046,烏來區,烏來,,995-2
烏來區,西羅岸,,1047,烏來區,烏來,,986-3
烏來區,西羅岸,,1049,烏來區,烏來,,995-3
烏來區,西羅岸,,105,烏來區,烏來,,1078-50
烏來區,西羅岸,,1050,烏來區,烏來,,995
烏來區,西羅岸,,1051,烏來區,烏來,,987
烏來區,西羅岸,,1052,烏來區,烏來,,985
烏來區,西羅岸,,1053,烏來區,烏來,,985-1
烏來區,西羅岸,,1054,烏來區,烏來,,983-2
烏來區,西羅岸,,1055,烏來區,烏來,,983
烏來區,西羅岸,,1056,烏來區,烏來,,983-1
烏來區,西羅岸,,1057,烏來區,烏來,,984
烏來區,西羅岸,,1058,烏來區,烏來,,994
烏來區,西羅岸,,1059,烏來區,烏來,,988
烏來區,西羅岸,,106,烏來區,烏來,,1078-22
烏來區,西羅岸,,1060,烏來區,烏來,,989
烏來區,西羅岸,,1061,烏來區,烏來,,909
烏來區,西羅岸,,1062,烏來區,烏來,,990
烏來區,西羅岸,,1063,烏來區,烏來,,993
烏來區,西羅岸,,1064,烏來區,烏來,,992
烏來區,西羅岸,,1065,烏來區,烏來,,991
烏來區,西羅岸,,1066,烏來區,烏來,,908
烏來區,西羅岸,,1067,烏來區,烏來,,907
烏來區,西羅岸,,1068,烏來區,烏來,,906
烏來區,西羅岸,,1069,烏來區,烏來,,904-1
烏來區,西羅岸,,107,烏來區,烏來,,1078-52
烏來區,西羅岸,,1070,烏來區,烏來,,904
烏來區,西羅岸,,1071,烏來區,烏來,,911
烏來區,西羅岸,,1072,烏來區,烏來,,910
烏來區,西羅岸,,1073,烏來區,烏來,,914
烏來區,西羅岸,,1074,烏來區,烏來,,915
烏來區,西羅岸,,1075,烏來區,烏來,,912
烏來區,西羅岸,,1076,烏來區,烏來,,903
烏來區,西羅岸,,1077,烏來區,烏來,,556
烏來區,西羅岸,,1078,烏來區,烏來,,905
烏來區,西羅岸,,1079,烏來區,烏來,,555
烏來區,西羅岸,,108,烏來區,烏來,,1078-23
烏來區,西羅岸,,1080,烏來區,烏來,,554
烏來區,西羅岸,,1081,烏來區,烏來,,553
烏來區,西羅岸,,1082,烏來區,烏來,,557
烏來區,西羅岸,,1083,烏來區,烏來,,558
烏來區,西羅岸,,1084,烏來區,烏來,,559
烏來區,西羅岸,,1085,烏來區,烏來,,560
烏來區,西羅岸,,1086,烏來區,烏來,,561
烏來區,西羅岸,,1087,烏來區,烏來,,850-1
烏來區,西羅岸,,1088,烏來區,烏來,,902
烏來區,西羅岸,,1089,烏來區,烏來,,913
烏來區,西羅岸,,109,烏來區,烏來,,1078-9
烏來區,西羅岸,,1090,烏來區,烏來,,900
烏來區,西羅岸,,1091,烏來區,烏來,,899
烏來區,西羅岸,,1092,烏來區,烏來,,896
烏來區,西羅岸,,1093,烏來區,烏來,,895
烏來區,西羅岸,,1094,烏來區,烏來,,894
烏來區,西羅岸,,1095,烏來區,烏來,,897
烏來區,西羅岸,,1096,烏來區,烏來,,898
烏來區,西羅岸,,1097,烏來區,烏來,,901
烏來區,西羅岸,,1098,烏來區,烏來,,850
烏來區,西羅岸,,1099,烏來區,烏來,,851
烏來區,西羅岸,,11,烏來區,烏來,,1078-14
烏來區,西羅岸,,1100,烏來區,烏來,,852
烏來區,西羅岸,,1101,烏來區,烏來,,847
烏來區,西羅岸,,1102,烏來區,烏來,,847-1
烏來區,西羅岸,,1103,烏來區,烏來,,847-2
烏來區,西羅岸,,1104,烏來區,烏來,,848
烏來區,西羅岸,,1105,烏來區,烏來,,849
烏來區,西羅岸,,1106,烏來區,烏來,,562
烏來區,西羅岸,,1107,烏來區,烏來,,563
烏來區,西羅岸,,1108,烏來區,烏來,,841
烏來區,西羅岸,,1109,烏來區,烏來,,842
烏來區,西羅岸,,111,烏來區,烏來,,1073-14
烏來區,西羅岸,,1110,烏來區,烏來,,845
烏來區,西羅岸,,1111,烏來區,烏來,,846
烏來區,西羅岸,,1112,烏來區,烏來,,843
烏來區,西羅岸,,1113,烏來區,烏來,,844
烏來區,西羅岸,,1114,烏來區,烏來,,840
烏來區,西羅岸,,1115,烏來區,烏來,,839
烏來區,西羅岸,,1116,烏來區,烏來,,663-1
烏來區,西羅岸,,1117,烏來區,烏來,,661
烏來區,西羅岸,,1118,烏來區,烏來,,660
烏來區,西羅岸,,1119,烏來區,烏來,,659
烏來區,西羅岸,,112,烏來區,烏來,,1087-2
烏來區,西羅岸,,1120,烏來區,烏來,,572
烏來區,西羅岸,,1121,烏來區,烏來,,657
烏來區,西羅岸,,1122,烏來區,烏來,,658
烏來區,西羅岸,,1123,烏來區,烏來,,662
烏來區,西羅岸,,1124,烏來區,烏來,,652
烏來區,西羅岸,,1125,烏來區,烏來,,653
烏來區,西羅岸,,1126,烏來區,烏來,,654
烏來區,西羅岸,,1127,烏來區,烏來,,656
烏來區,西羅岸,,1128,烏來區,烏來,,574
烏來區,西羅岸,,1129,烏來區,烏來,,574-2
烏來區,西羅岸,,113,烏來區,烏來,,1084-41
烏來區,西羅岸,,1130,烏來區,烏來,,655
烏來區,西羅岸,,1131,烏來區,烏來,,651
烏來區,西羅岸,,1132,烏來區,烏來,,583-1
烏來區,西羅岸,,1133,烏來區,烏來,,650-1
烏來區,西羅岸,,1134,烏來區,烏來,,650
烏來區,西羅岸,,1135,烏來區,烏來,,649-1
烏來區,西羅岸,,1136,烏來區,烏來,,649
烏來區,西羅岸,,1137,烏來區,烏來,,648-1
烏來區,西羅岸,,1138,烏來區,烏來,,648
烏來區,西羅岸,,1139,烏來區,烏來,,647-1
烏來區,西羅岸,,114,烏來區,烏來,,1084-40
烏來區,西羅岸,,1140,烏來區,烏來,,647
烏來區,西羅岸,,1141,烏來區,烏來,,583
烏來區,西羅岸,,1142,烏來區,烏來,,602
烏來區,西羅岸,,1143,烏來區,烏來,,584
烏來區,西羅岸,,1144,烏來區,烏來,,601
烏來區,西羅岸,,1145,烏來區,烏來,,603-1
烏來區,西羅岸,,1146,烏來區,烏來,,601-2
烏來區,西羅岸,,1147,烏來區,烏來,,601-1
烏來區,西羅岸,,1148,烏來區,烏來,,595
烏來區,西羅岸,,1149,烏來區,烏來,,597
烏來區,西羅岸,,115,烏來區,烏來,,1084-2
烏來區,西羅岸,,1150,烏來區,烏來,,594-2
烏來區,西羅岸,,1151,烏來區,烏來,,594
烏來區,西羅岸,,1152,烏來區,烏來,,594-4
烏來區,西羅岸,,1153,烏來區,烏來,,594-3
烏來區,西羅岸,,1154,烏來區,烏來,,594-5
烏來區,西羅岸,,1155,烏來區,烏來,,594-1
烏來區,西羅岸,,1156,烏來區,烏來,,593-1
烏來區,西羅岸,,1157,烏來區,烏來,,593
烏來區,西羅岸,,1158,烏來區,烏來,,592
烏來區,西羅岸,,1159,烏來區,烏來,,591
烏來區,西羅岸,,116,烏來區,烏來,,1084-16
烏來區,西羅岸,,1160,烏來區,烏來,,590
烏來區,西羅岸,,1161,烏來區,烏來,,589
烏來區,西羅岸,,1162,烏來區,烏來,,588
烏來區,西羅岸,,1163,烏來區,烏來,,587-2
烏來區,西羅岸,,1164,烏來區,烏來,,587
烏來區,西羅岸,,1165,烏來區,烏來,,586-1
烏來區,西羅岸,,1166,烏來區,烏來,,581
烏來區,西羅岸,,1167,烏來區,烏來,,586
烏來區,西羅岸,,1168,烏來區,烏來,,581-1
烏來區,西羅岸,,1169,烏來區,烏來,,587-1
烏來區,西羅岸,,117,烏來區,烏來,,1084-52
烏來區,西羅岸,,1170,烏來區,烏來,,580
烏來區,西羅岸,,1171,烏來區,烏來,,580-1
烏來區,西羅岸,,1172,烏來區,烏來,,580-2
烏來區,西羅岸,,1173,烏來區,烏來,,579
烏來區,西羅岸,,1174,烏來區,烏來,,578
烏來區,西羅岸,,1175,烏來區,烏來,,582-1
烏來區,西羅岸,,1176,烏來區,烏來,,585-1
烏來區,西羅岸,,1177,烏來區,烏來,,585
烏來區,西羅岸,,1178,烏來區,烏來,,582
烏來區,西羅岸,,1179,烏來區,烏來,,585-2
烏來區,西羅岸,,118,烏來區,烏來,,1084-13
烏來區,西羅岸,,1180,烏來區,烏來,,584-1
烏來區,西羅岸,,1181,烏來區,烏來,,596-1
烏來區,西羅岸,,1182,烏來區,烏來,,577
烏來區,西羅岸,,1183,烏來區,烏來,,574-1
烏來區,西羅岸,,1184,烏來區,烏來,,576
烏來區,西羅岸,,1185,烏來區,烏來,,575
烏來區,西羅岸,,1186,烏來區,烏來,,573
烏來區,西羅岸,,1187,烏來區,烏來,,570
烏來區,西羅岸,,1188,烏來區,烏來,,570-1
烏來區,西羅岸,,1189,烏來區,烏來,,569
烏來區,西羅岸,,119,烏來區,烏來,,1084-44
烏來區,西羅岸,,1190,烏來區,烏來,,568
烏來區,西羅岸,,1191,烏來區,烏來,,567
烏來區,西羅岸,,1192,烏來區,烏來,,565
烏來區,西羅岸,,1193,烏來區,烏來,,564
烏來區,西羅岸,,1194,烏來區,烏來,,571
烏來區,西羅岸,,1195,烏來區,烏來,,571-1
烏來區,西羅岸,,1196,烏來區,烏來,,565-1
烏來區,西羅岸,,1197,烏來區,烏來,,566
烏來區,西羅岸,,1198,烏來區,烏來,,540
烏來區,西羅岸,,1199,烏來區,烏來,,538
烏來區,西羅岸,,12,烏來區,烏來,,1078-28
烏來區,西羅岸,,120,烏來區,烏來,,1084-3
烏來區,西羅岸,,1200,烏來區,烏來,,536
烏來區,西羅岸,,1201,烏來區,烏來,,537
烏來區,西羅岸,,1202,烏來區,烏來,,547
烏來區,西羅岸,,1203,烏來區,烏來,,548
烏來區,西羅岸,,1204,烏來區,烏來,,546
烏來區,西羅岸,,1205,烏來區,烏來,,549
烏來區,西羅岸,,1206,烏來區,烏來,,550
烏來區,西羅岸,,1207,烏來區,烏來,,552
烏來區,西羅岸,,1208,烏來區,烏來,,551
烏來區,西羅岸,,1209,烏來區,烏來,,543
烏來區,西羅岸,,121,烏來區,烏來,,1084-42
烏來區,西羅岸,,1210,烏來區,烏來,,544
烏來區,西羅岸,,1211,烏來區,烏來,,542
烏來區,西羅岸,,1212,烏來區,烏來,,541
烏來區,西羅岸,,1213,烏來區,烏來,,545
烏來區,西羅岸,,122,烏來區,烏來,,1084-4
烏來區,西羅岸,,123,烏來區,烏來,,1084-17
烏來區,西羅岸,,124,烏來區,烏來,,1084-5
烏來區,西羅岸,,125,烏來區,烏來,,1084-36
烏來區,西羅岸,,126,烏來區,烏來,,1073
烏來區,西羅岸,,127,烏來區,烏來,,1073-3
烏來區,西羅岸,,128,烏來區,烏來,,1073-1
烏來區,西羅岸,,129,烏來區,烏來,,1073-12
烏來區,西羅岸,,13,烏來區,烏來,,1078-61
烏來區,西羅岸,,130,烏來區,烏來,,1072-1
烏來區,西羅岸,,131,烏來區,烏來,,1072-2
烏來區,西羅岸,,132,烏來區,烏來,,1072
烏來區,西羅岸,,133,烏來區,烏來,,1073-4
烏來區,西羅岸,,134,烏來區,烏來,,1071
烏來區,西羅岸,,135,烏來區,烏來,,1120-68
烏來區,西羅岸,,136,烏來區,烏來,,1120-33
烏來區,西羅岸,,137,烏來區,烏來,,1120-38
烏來區,西羅岸,,138,烏來區,烏來,,1120-37
烏來區,西羅岸,,139,烏來區,烏來,,1120-21
烏來區,西羅岸,,14,烏來區,烏來,,1078-45
烏來區,西羅岸,,140,烏來區,烏來,,1085
烏來區,西羅岸,,141,烏來區,烏來,,1073-2
烏來區,西羅岸,,143,烏來區,烏來,,1084-18
烏來區,西羅岸,,144,烏來區,烏來,,1084-6
烏來區,西羅岸,,145,烏來區,烏來,,1084-37
烏來區,西羅岸,,146,烏來區,烏來,,1122-17
烏來區,西羅岸,,147,烏來區,烏來,,1122-29
烏來區,西羅岸,,148,烏來區,烏來,,1122-25
烏來區,西羅岸,,149,烏來區,烏來,,1122-26
烏來區,西羅岸,,15,烏來區,烏來,,1078-24
烏來區,西羅岸,,150,烏來區,烏來,,1122-28
烏來區,西羅岸,,151,烏來區,烏來,,1122-27
烏來區,西羅岸,,152,烏來區,烏來,,1122-36
烏來區,西羅岸,,153,烏來區,烏來,,1122-13
烏來區,西羅岸,,154,烏來區,烏來,,1096-1
烏來區,西羅岸,,155,烏來區,烏來,,1096-2
烏來區,西羅岸,,156,烏來區,烏來,,1087-1
烏來區,西羅岸,,157,烏來區,烏來,,1084-14
烏來區,西羅岸,,158,烏來區,烏來,,1087
烏來區,西羅岸,,159,烏來區,烏來,,1088
烏來區,西羅岸,,16,烏來區,烏來,,1078-65
烏來區,西羅岸,,160,烏來區,烏來,,1088-1
烏來區,西羅岸,,161,烏來區,烏來,,1089-1
烏來區,西羅岸,,162,烏來區,烏來,,1089
烏來區,西羅岸,,163,烏來區,烏來,,1090-1
烏來區,西羅岸,,164,烏來區,烏來,,1090
烏來區,西羅岸,,165,烏來區,烏來,,1090-2
烏來區,西羅岸,,166,烏來區,烏來,,1094
烏來區,西羅岸,,167,烏來區,烏來,,1095
烏來區,西羅岸,,168,烏來區,烏來,,1122-16
烏來區,西羅岸,,169,烏來區,烏來,,1122-37
烏來區,西羅岸,,17,烏來區,烏來,,1078-10
烏來區,西羅岸,,170,烏來區,烏來,,1122-1
烏來區,西羅岸,,171,烏來區,烏來,,1096
烏來區,西羅岸,,172,烏來區,烏來,,1091-1
烏來區,西羅岸,,173,烏來區,烏來,,1091
烏來區,西羅岸,,174,烏來區,烏來,,1092
烏來區,西羅岸,,175,烏來區,烏來,,1093-1
烏來區,西羅岸,,176,烏來區,烏來,,1092-1
烏來區,西羅岸,,177,烏來區,烏來,,1093-4
烏來區,西羅岸,,178,烏來區,烏來,,1093-3
烏來區,西羅岸,,179,烏來區,烏來,,1093
烏來區,西羅岸,,18,烏來區,烏來,,1077
烏來區,西羅岸,,180,烏來區,烏來,,1093-2
烏來區,西羅岸,,181,烏來區,烏來,,1093-5
烏來區,西羅岸,,182,烏來區,烏來,,1097-1
烏來區,西羅岸,,183,烏來區,烏來,,1097
烏來區,西羅岸,,184,烏來區,烏來,,1120
烏來區,西羅岸,,185,烏來區,烏來,,1120-5
烏來區,西羅岸,,186,烏來區,烏來,,1120-4
烏來區,西羅岸,,187,烏來區,烏來,,1120-47
烏來區,西羅岸,,188,烏來區,烏來,,1100
烏來區,西羅岸,,189,烏來區,烏來,,1100-1
烏來區,西羅岸,,19,烏來區,烏來,,1077-1
烏來區,西羅岸,,190,烏來區,烏來,,1067-1
烏來區,西羅岸,,191,烏來區,烏來,,1067-23
烏來區,西羅岸,,192,烏來區,烏來,,1067-19
烏來區,西羅岸,,193,烏來區,烏來,,1067
烏來區,西羅岸,,194,烏來區,烏來,,1067-8
烏來區,西羅岸,,195,烏來區,烏來,,1067-9
烏來區,西羅岸,,196,烏來區,烏來,,1067-14
烏來區,西羅岸,,197,烏來區,烏來,,1067-13
烏來區,西羅岸,,198,烏來區,烏來,,1067-12
烏來區,西羅岸,,199,烏來區,烏來,,1067-11
烏來區,西羅岸,,2,烏來區,烏來,,1078-20
烏來區,西羅岸,,20,烏來區,烏來,,1078-33
烏來區,西羅岸,,200,烏來區,烏來,,1067-18
烏來區,西羅岸,,201,烏來區,烏來,,1068
烏來區,西羅岸,,202,烏來區,烏來,,1069-2
烏來區,西羅岸,,203,烏來區,烏來,,1069-1
烏來區,西羅岸,,204,烏來區,烏來,,1069-3
烏來區,西羅岸,,205,烏來區,烏來,,1069
烏來區,西羅岸,,206,烏來區,烏來,,1070
烏來區,西羅岸,,207,烏來區,烏來,,1070-1
烏來區,西羅岸,,208,烏來區,烏來,,1067-21
烏來區,西羅岸,,209,烏來區,烏來,,1067-22
烏來區,西羅岸,,21,烏來區,烏來,,1076-1
烏來區,西羅岸,,210,烏來區,烏來,,1067-20
烏來區,西羅岸,,211,烏來區,烏來,,1067-15
烏來區,西羅岸,,212,烏來區,烏來,,1064-76
烏來區,西羅岸,,213,烏來區,烏來,,1067-4
烏來區,西羅岸,,214,烏來區,烏來,,1102
烏來區,西羅岸,,215,烏來區,烏來,,1102-1
烏來區,西羅岸,,216,烏來區,烏來,,1101
烏來區,西羅岸,,217,烏來區,烏來,,1101-1
烏來區,西羅岸,,218,烏來區,烏來,,1120-45
烏來區,西羅岸,,219,烏來區,烏來,,1120-46
烏來區,西羅岸,,22,烏來區,烏來,,1076
烏來區,西羅岸,,220,烏來區,烏來,,1120-44
烏來區,西羅岸,,221,烏來區,烏來,,1120-6
烏來區,西羅岸,,222,烏來區,烏來,,1120-76
烏來區,西羅岸,,223,烏來區,烏來,,1120-19
烏來區,西羅岸,,224,烏來區,烏來,,1103-1
烏來區,西羅岸,,225,烏來區,烏來,,1103-3
烏來區,西羅岸,,226,烏來區,烏來,,1067-10
烏來區,西羅岸,,227,烏來區,烏來,,1067-5
烏來區,西羅岸,,228,烏來區,烏來,,1103
烏來區,西羅岸,,229,烏來區,烏來,,1067-6
烏來區,西羅岸,,23,烏來區,烏來,,1078-32
烏來區,西羅岸,,230,烏來區,烏來,,1103-2
烏來區,西羅岸,,231,烏來區,烏來,,1099
烏來區,西羅岸,,232,烏來區,烏來,,1099-1
烏來區,西羅岸,,233,烏來區,烏來,,1120-31
烏來區,西羅岸,,234,烏來區,烏來,,1120-18
烏來區,西羅岸,,235,烏來區,烏來,,1104-1
烏來區,西羅岸,,236,烏來區,烏來,,1120-2
烏來區,西羅岸,,237,烏來區,烏來,,1120-3
烏來區,西羅岸,,238,烏來區,烏來,,1120-15
烏來區,西羅岸,,239,烏來區,烏來,,1120-74
烏來區,西羅岸,,24,烏來區,烏來,,1078-16
烏來區,西羅岸,,240,烏來區,烏來,,1120-16
烏來區,西羅岸,,241,烏來區,烏來,,1118-1
烏來區,西羅岸,,242,烏來區,烏來,,1118
烏來區,西羅岸,,243,烏來區,烏來,,1118-3
烏來區,西羅岸,,244,烏來區,烏來,,1120-17
烏來區,西羅岸,,245,烏來區,烏來,,1118-2
烏來區,西羅岸,,246,烏來區,烏來,,1120-75
烏來區,西羅岸,,247,烏來區,烏來,,1120-43
烏來區,西羅岸,,248,烏來區,烏來,,1120-27
烏來區,西羅岸,,249,烏來區,烏來,,1120-42
烏來區,西羅岸,,25,烏來區,烏來,,1078-31
烏來區,西羅岸,,250,烏來區,烏來,,1104
烏來區,西羅岸,,251,烏來區,烏來,,1064-77
烏來區,西羅岸,,252,烏來區,烏來,,1104-3
烏來區,西羅岸,,253,烏來區,烏來,,1064-48
烏來區,西羅岸,,254,烏來區,烏來,,1064-54
烏來區,西羅岸,,255,烏來區,烏來,,1120-69
烏來區,西羅岸,,256,烏來區,烏來,,1120-10
烏來區,西羅岸,,257,烏來區,烏來,,1113
烏來區,西羅岸,,258,烏來區,烏來,,1120-73
烏來區,西羅岸,,259,烏來區,烏來,,1108
烏來區,西羅岸,,26,烏來區,烏來,,1122-3
烏來區,西羅岸,,260,烏來區,烏來,,1107
烏來區,西羅岸,,261,烏來區,烏來,,1106
烏來區,西羅岸,,262,烏來區,烏來,,1105
烏來區,西羅岸,,263,烏來區,烏來,,1098
烏來區,西羅岸,,264,烏來區,烏來,,1098-1
烏來區,西羅岸,,265,烏來區,烏來,,1096-3
烏來區,西羅岸,,266,烏來區,烏來,,1109
烏來區,西羅岸,,267,烏來區,烏來,,1120-14
烏來區,西羅岸,,268,烏來區,烏來,,1109-1
烏來區,西羅岸,,269,烏來區,烏來,,1120-13
烏來區,西羅岸,,27,烏來區,烏來,,1122-31
烏來區,西羅岸,,270,烏來區,烏來,,1120-39
烏來區,西羅岸,,271,烏來區,烏來,,1120-40
烏來區,西羅岸,,272,烏來區,烏來,,1111
烏來區,西羅岸,,273,烏來區,烏來,,1108-2
烏來區,西羅岸,,274,烏來區,烏來,,1108-1
烏來區,西羅岸,,275,烏來區,烏來,,1120-11
烏來區,西羅岸,,276,烏來區,烏來,,1113-1
烏來區,西羅岸,,277,烏來區,烏來,,1114
烏來區,西羅岸,,278,烏來區,烏來,,1115
烏來區,西羅岸,,279,烏來區,烏來,,1116
烏來區,西羅岸,,28,烏來區,烏來,,1122-4
烏來區,西羅岸,,280,烏來區,烏來,,1116-1
烏來區,西羅岸,,281,烏來區,烏來,,1117
烏來區,西羅岸,,282,烏來區,烏來,,1120-1
烏來區,西羅岸,,283,烏來區,烏來,,1120-12
烏來區,西羅岸,,284,烏來區,烏來,,1120-83
烏來區,西羅岸,,285,烏來區,烏來,,1111-1
烏來區,西羅岸,,286,烏來區,烏來,,1120-30
烏來區,西羅岸,,287,烏來區,烏來,,1120-35
烏來區,西羅岸,,288,烏來區,烏來,,1120-71
烏來區,西羅岸,,289,烏來區,烏來,,1120-32
烏來區,西羅岸,,29,烏來區,烏來,,1122-11
烏來區,西羅岸,,290,烏來區,烏來,,1122-2
烏來區,西羅岸,,291,烏來區,烏來,,1122
烏來區,西羅岸,,292,烏來區,烏來,,1122-39
烏來區,西羅岸,,293,烏來區,烏來,,1110
烏來區,西羅岸,,294,烏來區,烏來,,1110-1
烏來區,西羅岸,,295,烏來區,烏來,,1122-30
烏來區,西羅岸,,296,烏來區,烏來,,1122-33
烏來區,西羅岸,,297,烏來區,烏來,,1110-2
烏來區,西羅岸,,298,烏來區,烏來,,1122-40
烏來區,西羅岸,,299,烏來區,烏來,,1122-15
烏來區,西羅岸,,3,烏來區,烏來,,1078-40
烏來區,西羅岸,,30,烏來區,烏來,,1122-32
烏來區,西羅岸,,300,烏來區,烏來,,1122-34
烏來區,西羅岸,,301,烏來區,烏來,,1121-5
烏來區,西羅岸,,302,烏來區,烏來,,1121-3
烏來區,西羅岸,,303,烏來區,烏來,,1121-6
烏來區,西羅岸,,304,烏來區,烏來,,1121-2
烏來區,西羅岸,,305,烏來區,烏來,,1121-4
烏來區,西羅岸,,306,烏來區,烏來,,1121
烏來區,西羅岸,,307,烏來區,烏來,,1121-1
烏來區,西羅岸,,308,烏來區,烏來,,1121-7
烏來區,西羅岸,,309,烏來區,烏來,,1121-8
烏來區,西羅岸,,31,烏來區,烏來,,1084-23
烏來區,西羅岸,,310,烏來區,烏來,,1121-9
烏來區,西羅岸,,311,烏來區,烏來,,1120-63
烏來區,西羅岸,,312,烏來區,烏來,,1120-72
烏來區,西羅岸,,313,烏來區,烏來,,1120-22
烏來區,西羅岸,,314,烏來區,烏來,,1064-79
烏來區,西羅岸,,315,烏來區,烏來,,1064-55
烏來區,西羅岸,,316,烏來區,烏來,,1064-78
烏來區,西羅岸,,317,烏來區,烏來,,1139
烏來區,西羅岸,,318,烏來區,烏來,,1143
烏來區,西羅岸,,319,烏來區,烏來,,1141
烏來區,西羅岸,,32,烏來區,烏來,,1084-25
烏來區,西羅岸,,320,烏來區,烏來,,1142
烏來區,西羅岸,,321,烏來區,烏來,,1120-62
烏來區,西羅岸,,322,烏來區,烏來,,1120-58
烏來區,西羅岸,,323,烏來區,烏來,,1120-67
烏來區,西羅岸,,324,烏來區,烏來,,1120-82
烏來區,西羅岸,,325,烏來區,烏來,,1120-80
烏來區,西羅岸,,326,烏來區,烏來,,1120-81
烏來區,西羅岸,,327,烏來區,烏來,,1119-1
烏來區,西羅岸,,328,烏來區,烏來,,1120-56
烏來區,西羅岸,,329,烏來區,烏來,,1120-26
烏來區,西羅岸,,33,烏來區,烏來,,1084-10
烏來區,西羅岸,,330,烏來區,烏來,,1119-3
烏來區,西羅岸,,331,烏來區,烏來,,1119-5
烏來區,西羅岸,,332,烏來區,烏來,,1120-7
烏來區,西羅岸,,333,烏來區,烏來,,1119
烏來區,西羅岸,,334,烏來區,烏來,,1119-4
烏來區,西羅岸,,335,烏來區,烏來,,1119-2
烏來區,西羅岸,,336,烏來區,烏來,,1120-55
烏來區,西羅岸,,337,烏來區,烏來,,1120-25
烏來區,西羅岸,,338,烏來區,烏來,,1120-23
烏來區,西羅岸,,339,烏來區,烏來,,1120-54
烏來區,西羅岸,,34,烏來區,烏來,,1084-11
烏來區,西羅岸,,340,烏來區,烏來,,1120-20
烏來區,西羅岸,,341,烏來區,烏來,,1120-70
烏來區,西羅岸,,342,烏來區,烏來,,1120-28
烏來區,西羅岸,,343,烏來區,烏來,,1120-29
烏來區,西羅岸,,344,烏來區,烏來,,1120-48
烏來區,西羅岸,,345,烏來區,烏來,,1122-58
烏來區,西羅岸,,346,烏來區,烏來,,1120-64
烏來區,西羅岸,,347,烏來區,烏來,,1123
烏來區,西羅岸,,348,烏來區,烏來,,1122-35
烏來區,西羅岸,,349,烏來區,烏來,,1124
烏來區,西羅岸,,35,烏來區,烏來,,1078-46
烏來區,西羅岸,,350,烏來區,烏來,,1125
烏來區,西羅岸,,351,烏來區,烏來,,1126
烏來區,西羅岸,,352,烏來區,烏來,,1120-49
烏來區,西羅岸,,353,烏來區,烏來,,1120-65
烏來區,西羅岸,,354,烏來區,烏來,,1120-57
烏來區,西羅岸,,355,烏來區,烏來,,617
烏來區,西羅岸,,356,烏來區,烏來,,617-3
烏來區,西羅岸,,357,烏來區,烏來,,617-4
烏來區,西羅岸,,358,烏來區,烏來,,617-1
烏來區,西羅岸,,359,烏來區,烏來,,616
烏來區,西羅岸,,36,烏來區,烏來,,1075-2
烏來區,西羅岸,,360,烏來區,烏來,,616-3
烏來區,西羅岸,,361,烏來區,烏來,,616-6
烏來區,西羅岸,,362,烏來區,烏來,,616-4
烏來區,西羅岸,,363,烏來區,烏來,,616-1
烏來區,西羅岸,,364,烏來區,烏來,,616-2
烏來區,西羅岸,,365,烏來區,烏來,,615-2
烏來區,西羅岸,,366,烏來區,烏來,,615-1
烏來區,西羅岸,,367,烏來區,烏來,,615-4
烏來區,西羅岸,,368,烏來區,烏來,,615-3
烏來區,西羅岸,,369,烏來區,烏來,,615-5
烏來區,西羅岸,,37,烏來區,烏來,,1078-6
烏來區,西羅岸,,370,烏來區,烏來,,615
烏來區,西羅岸,,371,烏來區,烏來,,618-2
烏來區,西羅岸,,372,烏來區,烏來,,617-9
烏來區,西羅岸,,373,烏來區,烏來,,615-7
烏來區,西羅岸,,374,烏來區,烏來,,617-10
烏來區,西羅岸,,375,烏來區,烏來,,614-3
烏來區,西羅岸,,376,烏來區,烏來,,618
烏來區,西羅岸,,377,烏來區,烏來,,618-6
烏來區,西羅岸,,378,烏來區,烏來,,618-3
烏來區,西羅岸,,379,烏來區,烏來,,618-5
烏來區,西羅岸,,38,烏來區,烏來,,1078-66
烏來區,西羅岸,,380,烏來區,烏來,,618-4
烏來區,西羅岸,,381,烏來區,烏來,,618-1
烏來區,西羅岸,,382,烏來區,烏來,,623-1
烏來區,西羅岸,,383,烏來區,烏來,,623
烏來區,西羅岸,,384,烏來區,烏來,,622
烏來區,西羅岸,,385,烏來區,烏來,,624
烏來區,西羅岸,,386,烏來區,烏來,,1122-12
烏來區,西羅岸,,387,烏來區,烏來,,1122-21
烏來區,西羅岸,,388,烏來區,烏來,,1122-20
烏來區,西羅岸,,389,烏來區,烏來,,1122-23
烏來區,西羅岸,,39,烏來區,烏來,,1078-63
烏來區,西羅岸,,390,烏來區,烏來,,1122-22
烏來區,西羅岸,,391,烏來區,烏來,,1122-14
烏來區,西羅岸,,392,烏來區,烏來,,625
烏來區,西羅岸,,393,烏來區,烏來,,625-1
烏來區,西羅岸,,394,烏來區,烏來,,624-1
烏來區,西羅岸,,395,烏來區,烏來,,621
烏來區,西羅岸,,396,烏來區,烏來,,609-2
烏來區,西羅岸,,397,烏來區,烏來,,620
烏來區,西羅岸,,398,烏來區,烏來,,620-3
烏來區,西羅岸,,399,烏來區,烏來,,619
烏來區,西羅岸,,4,烏來區,烏來,,1078-3
烏來區,西羅岸,,40,烏來區,烏來,,1078-62
烏來區,西羅岸,,400,烏來區,烏來,,619-1
烏來區,西羅岸,,401,烏來區,烏來,,613-1
烏來區,西羅岸,,402,烏來區,烏來,,613-2
烏來區,西羅岸,,403,烏來區,烏來,,613
烏來區,西羅岸,,404,烏來區,烏來,,614-4
烏來區,西羅岸,,405,烏來區,烏來,,614-1
烏來區,西羅岸,,406,烏來區,烏來,,614-2
烏來區,西羅岸,,407,烏來區,烏來,,613-3
烏來區,西羅岸,,408,烏來區,烏來,,612-1
烏來區,西羅岸,,409,烏來區,烏來,,614
烏來區,西羅岸,,41,烏來區,烏來,,1078-5
烏來區,西羅岸,,410,烏來區,烏來,,612
烏來區,西羅岸,,411,烏來區,烏來,,611
烏來區,西羅岸,,412,烏來區,烏來,,610
烏來區,西羅岸,,413,烏來區,烏來,,608-3
烏來區,西羅岸,,414,烏來區,烏來,,608-5
烏來區,西羅岸,,415,烏來區,烏來,,609-6
烏來區,西羅岸,,416,烏來區,烏來,,609-3
烏來區,西羅岸,,417,烏來區,烏來,,609
烏來區,西羅岸,,418,烏來區,烏來,,608
烏來區,西羅岸,,419,烏來區,烏來,,608-1
烏來區,西羅岸,,42,烏來區,烏來,,1078-44
烏來區,西羅岸,,420,烏來區,烏來,,609-4
烏來區,西羅岸,,421,烏來區,烏來,,611-6
烏來區,西羅岸,,422,烏來區,烏來,,605-1
烏來區,西羅岸,,423,烏來區,烏來,,611-3
烏來區,西羅岸,,424,烏來區,烏來,,611-1
烏來區,西羅岸,,425,烏來區,烏來,,609-1
烏來區,西羅岸,,426,烏來區,烏來,,620-1
烏來區,西羅岸,,427,烏來區,烏來,,620-2
烏來區,西羅岸,,428,烏來區,烏來,,624-2
烏來區,西羅岸,,429,烏來區,烏來,,607
烏來區,西羅岸,,43,烏來區,烏來,,1078-64
烏來區,西羅岸,,430,烏來區,烏來,,625-3
烏來區,西羅岸,,431,烏來區,烏來,,625-2
烏來區,西羅岸,,432,烏來區,烏來,,625-5
烏來區,西羅岸,,433,烏來區,烏來,,626-3
烏來區,西羅岸,,434,烏來區,烏來,,687-2
烏來區,西羅岸,,435,烏來區,烏來,,625-4
烏來區,西羅岸,,436,烏來區,烏來,,687-1
烏來區,西羅岸,,437,烏來區,烏來,,626-2
烏來區,西羅岸,,438,烏來區,烏來,,626
烏來區,西羅岸,,439,烏來區,烏來,,687
烏來區,西羅岸,,44,烏來區,烏來,,1078-21
烏來區,西羅岸,,440,烏來區,烏來,,627-3
烏來區,西羅岸,,441,烏來區,烏來,,627-8
烏來區,西羅岸,,442,烏來區,烏來,,627-2
烏來區,西羅岸,,443,烏來區,烏來,,627-9
烏來區,西羅岸,,444,烏來區,烏來,,627
烏來區,西羅岸,,445,烏來區,烏來,,627-1
烏來區,西羅岸,,446,烏來區,烏來,,605-8
烏來區,西羅岸,,447,烏來區,烏來,,627-6
烏來區,西羅岸,,448,烏來區,烏來,,627-7
烏來區,西羅岸,,449,烏來區,烏來,,607-3
烏來區,西羅岸,,45,烏來區,烏來,,1075-1
烏來區,西羅岸,,450,烏來區,烏來,,627-5
烏來區,西羅岸,,451,烏來區,烏來,,626-1
烏來區,西羅岸,,452,烏來區,烏來,,626-6
烏來區,西羅岸,,453,烏來區,烏來,,627-4
烏來區,西羅岸,,454,烏來區,烏來,,605-4
烏來區,西羅岸,,455,烏來區,烏來,,605-2
烏來區,西羅岸,,456,烏來區,烏來,,606
烏來區,西羅岸,,457,烏來區,烏來,,605
烏來區,西羅岸,,458,烏來區,烏來,,605-5
烏來區,西羅岸,,459,烏來區,烏來,,605-3
烏來區,西羅岸,,46,烏來區,烏來,,1075-3
烏來區,西羅岸,,460,烏來區,烏來,,628
烏來區,西羅岸,,461,烏來區,烏來,,604-1
烏來區,西羅岸,,462,烏來區,烏來,,629-1
烏來區,西羅岸,,463,烏來區,烏來,,604
烏來區,西羅岸,,464,烏來區,烏來,,603
烏來區,西羅岸,,465,烏來區,烏來,,629
烏來區,西羅岸,,466,烏來區,烏來,,691-1
烏來區,西羅岸,,467,烏來區,烏來,,626-5
烏來區,西羅岸,,468,烏來區,烏來,,626-8
烏來區,西羅岸,,469,烏來區,烏來,,686-8
烏來區,西羅岸,,47,烏來區,烏來,,1075
烏來區,西羅岸,,470,烏來區,烏來,,626-4
烏來區,西羅岸,,471,烏來區,烏來,,626-7
烏來區,西羅岸,,472,烏來區,烏來,,686-2
烏來區,西羅岸,,473,烏來區,烏來,,686-9
烏來區,西羅岸,,474,烏來區,烏來,,687-10
烏來區,西羅岸,,475,烏來區,烏來,,687-8
烏來區,西羅岸,,476,烏來區,烏來,,687-9
烏來區,西羅岸,,477,烏來區,烏來,,688-3
烏來區,西羅岸,,478,烏來區,烏來,,688
烏來區,西羅岸,,479,烏來區,烏來,,687-6
烏來區,西羅岸,,48,烏來區,烏來,,1078-34
烏來區,西羅岸,,480,烏來區,烏來,,687-7
烏來區,西羅岸,,481,烏來區,烏來,,687-5
烏來區,西羅岸,,482,烏來區,烏來,,687-11
烏來區,西羅岸,,483,烏來區,烏來,,687-4
烏來區,西羅岸,,484,烏來區,烏來,,689-3
烏來區,西羅岸,,485,烏來區,烏來,,689-1
烏來區,西羅岸,,486,烏來區,烏來,,689
烏來區,西羅岸,,487,烏來區,烏來,,686
烏來區,西羅岸,,488,烏來區,烏來,,685
烏來區,西羅岸,,489,烏來區,烏來,,630
烏來區,西羅岸,,49,烏來區,烏來,,1084-46
烏來區,西羅岸,,490,烏來區,烏來,,631
烏來區,西羅岸,,491,烏來區,烏來,,632
烏來區,西羅岸,,492,烏來區,烏來,,633
烏來區,西羅岸,,493,烏來區,烏來,,634
烏來區,西羅岸,,494,烏來區,烏來,,636
烏來區,西羅岸,,495,烏來區,烏來,,635
烏來區,西羅岸,,496,烏來區,烏來,,641
烏來區,西羅岸,,497,烏來區,烏來,,637
烏來區,西羅岸,,498,烏來區,烏來,,639
烏來區,西羅岸,,499,烏來區,烏來,,638
烏來區,西羅岸,,5,烏來區,烏來,,1078-53
烏來區,西羅岸,,50,烏來區,烏來,,1084-38
烏來區,西羅岸,,500,烏來區,烏來,,640
烏來區,西羅岸,,501,烏來區,烏來,,642
烏來區,西羅岸,,502,烏來區,烏來,,645
烏來區,西羅岸,,503,烏來區,烏來,,670
烏來區,西羅岸,,504,烏來區,烏來,,677-1
烏來區,西羅岸,,505,烏來區,烏來,,671
烏來區,西羅岸,,506,烏來區,烏來,,672
烏來區,西羅岸,,507,烏來區,烏來,,674
烏來區,西羅岸,,508,烏來區,烏來,,676
烏來區,西羅岸,,509,烏來區,烏來,,675
烏來區,西羅岸,,51,烏來區,烏來,,1084-47
烏來區,西羅岸,,510,烏來區,烏來,,673
烏來區,西羅岸,,511,烏來區,烏來,,677
烏來區,西羅岸,,512,烏來區,烏來,,678
烏來區,西羅岸,,513,烏來區,烏來,,679
烏來區,西羅岸,,514,烏來區,烏來,,680
烏來區,西羅岸,,515,烏來區,烏來,,681
烏來區,西羅岸,,516,烏來區,烏來,,682
烏來區,西羅岸,,517,烏來區,烏來,,683
烏來區,西羅岸,,518,烏來區,烏來,,684
烏來區,西羅岸,,519,烏來區,烏來,,691
烏來區,西羅岸,,52,烏來區,烏來,,1079
烏來區,西羅岸,,520,烏來區,烏來,,690
烏來區,西羅岸,,521,烏來區,烏來,,690-3
烏來區,西羅岸,,522,烏來區,烏來,,690-2
烏來區,西羅岸,,523,烏來區,烏來,,693-2
烏來區,西羅岸,,524,烏來區,烏來,,694
烏來區,西羅岸,,525,烏來區,烏來,,695-1
烏來區,西羅岸,,526,烏來區,烏來,,695
烏來區,西羅岸,,527,烏來區,烏來,,696
烏來區,西羅岸,,528,烏來區,烏來,,695-2
烏來區,西羅岸,,529,烏來區,烏來,,697
烏來區,西羅岸,,53,烏來區,烏來,,1080
烏來區,西羅岸,,530,烏來區,烏來,,697-3
烏來區,西羅岸,,531,烏來區,烏來,,697-4
烏來區,西羅岸,,532,烏來區,烏來,,697-2
烏來區,西羅岸,,533,烏來區,烏來,,697-1
烏來區,西羅岸,,534,烏來區,烏來,,701
烏來區,西羅岸,,535,烏來區,烏來,,698
烏來區,西羅岸,,536,烏來區,烏來,,698-3
烏來區,西羅岸,,537,烏來區,烏來,,698-1
烏來區,西羅岸,,538,烏來區,烏來,,698-4
烏來區,西羅岸,,539,烏來區,烏來,,698-2
烏來區,西羅岸,,54,烏來區,烏來,,1084
烏來區,西羅岸,,540,烏來區,烏來,,693-4
烏來區,西羅岸,,541,烏來區,烏來,,693
烏來區,西羅岸,,542,烏來區,烏來,,693-6
烏來區,西羅岸,,543,烏來區,烏來,,693-7
烏來區,西羅岸,,544,烏來區,烏來,,746
烏來區,西羅岸,,545,烏來區,烏來,,746-3
烏來區,西羅岸,,546,烏來區,烏來,,746-2
烏來區,西羅岸,,547,烏來區,烏來,,747
烏來區,西羅岸,,548,烏來區,烏來,,748
烏來區,西羅岸,,549,烏來區,烏來,,692
烏來區,西羅岸,,55,烏來區,烏來,,1084-22
烏來區,西羅岸,,550,烏來區,烏來,,668-1
烏來區,西羅岸,,551,烏來區,烏來,,669
烏來區,西羅岸,,552,烏來區,烏來,,668-2
烏來區,西羅岸,,553,烏來區,烏來,,646
烏來區,西羅岸,,554,烏來區,烏來,,668
烏來區,西羅岸,,555,烏來區,烏來,,750
烏來區,西羅岸,,556,烏來區,烏來,,749
烏來區,西羅岸,,557,烏來區,烏來,,754
烏來區,西羅岸,,558,烏來區,烏來,,753
烏來區,西羅岸,,559,烏來區,烏來,,752
烏來區,西羅岸,,56,烏來區,烏來,,1081
烏來區,西羅岸,,560,烏來區,烏來,,751
烏來區,西羅岸,,561,烏來區,烏來,,755
烏來區,西羅岸,,562,烏來區,烏來,,746-4
烏來區,西羅岸,,563,烏來區,烏來,,699-2
烏來區,西羅岸,,564,烏來區,烏來,,699-6
烏來區,西羅岸,,565,烏來區,烏來,,699-8
烏來區,西羅岸,,566,烏來區,烏來,,699-9
烏來區,西羅岸,,567,烏來區,烏來,,743-2
烏來區,西羅岸,,568,烏來區,烏來,,743-1
烏來區,西羅岸,,569,烏來區,烏來,,743-3
烏來區,西羅岸,,57,烏來區,烏來,,1083
烏來區,西羅岸,,570,烏來區,烏來,,699-7
烏來區,西羅岸,,571,烏來區,烏來,,746-1
烏來區,西羅岸,,572,烏來區,烏來,,699-5
烏來區,西羅岸,,573,烏來區,烏來,,699-1
烏來區,西羅岸,,574,烏來區,烏來,,699-3
烏來區,西羅岸,,575,烏來區,烏來,,699-4
烏來區,西羅岸,,576,烏來區,烏來,,699
烏來區,西羅岸,,577,烏來區,烏來,,700
烏來區,西羅岸,,578,烏來區,烏來,,702
烏來區,西羅岸,,579,烏來區,烏來,,703
烏來區,西羅岸,,58,烏來區,烏來,,1083-2
烏來區,西羅岸,,580,烏來區,烏來,,704
烏來區,西羅岸,,581,烏來區,烏來,,705
烏來區,西羅岸,,582,烏來區,烏來,,706
烏來區,西羅岸,,583,烏來區,烏來,,708
烏來區,西羅岸,,584,烏來區,烏來,,707
烏來區,西羅岸,,585,烏來區,烏來,,709
烏來區,西羅岸,,586,烏來區,烏來,,710
烏來區,西羅岸,,587,烏來區,烏來,,711
烏來區,西羅岸,,588,烏來區,烏來,,712
烏來區,西羅岸,,589,烏來區,烏來,,713
烏來區,西羅岸,,59,烏來區,烏來,,1082-2
烏來區,西羅岸,,590,烏來區,烏來,,714
烏來區,西羅岸,,591,烏來區,烏來,,715
烏來區,西羅岸,,592,烏來區,烏來,,716
烏來區,西羅岸,,593,烏來區,烏來,,717
烏來區,西羅岸,,594,烏來區,烏來,,718
烏來區,西羅岸,,595,烏來區,烏來,,719
烏來區,西羅岸,,596,烏來區,烏來,,742
烏來區,西羅岸,,597,烏來區,烏來,,743
烏來區,西羅岸,,598,烏來區,烏來,,760-3
烏來區,西羅岸,,599,烏來區,烏來,,728-1
烏來區,西羅岸,,6,烏來區,烏來,,1078-41
烏來區,西羅岸,,60,烏來區,烏來,,1082-8
烏來區,西羅岸,,600,烏來區,烏來,,720
烏來區,西羅岸,,601,烏來區,烏來,,721
烏來區,西羅岸,,602,烏來區,烏來,,723
烏來區,西羅岸,,603,烏來區,烏來,,724
烏來區,西羅岸,,604,烏來區,烏來,,725
烏來區,西羅岸,,605,烏來區,烏來,,726
烏來區,西羅岸,,606,烏來區,烏來,,727
烏來區,西羅岸,,607,烏來區,烏來,,728
烏來區,西羅岸,,608,烏來區,烏來,,729
烏來區,西羅岸,,609,烏來區,烏來,,730
烏來區,西羅岸,,61,烏來區,烏來,,1082
烏來區,西羅岸,,610,烏來區,烏來,,731
烏來區,西羅岸,,611,烏來區,烏來,,732
烏來區,西羅岸,,612,烏來區,烏來,,733
烏來區,西羅岸,,613,烏來區,烏來,,734
烏來區,西羅岸,,614,烏來區,烏來,,735
烏來區,西羅岸,,615,烏來區,烏來,,741-1
烏來區,西羅岸,,616,烏來區,烏來,,722
烏來區,西羅岸,,617,烏來區,烏來,,741
烏來區,西羅岸,,618,烏來區,烏來,,740
烏來區,西羅岸,,619,烏來區,烏來,,738
烏來區,西羅岸,,62,烏來區,烏來,,1074
烏來區,西羅岸,,620,烏來區,烏來,,737
烏來區,西羅岸,,621,烏來區,烏來,,736
烏來區,西羅岸,,622,烏來區,烏來,,739
烏來區,西羅岸,,623,烏來區,烏來,,760
烏來區,西羅岸,,624,烏來區,烏來,,760-4
烏來區,西羅岸,,625,烏來區,烏來,,760-1
烏來區,西羅岸,,626,烏來區,烏來,,760-2
烏來區,西羅岸,,627,烏來區,烏來,,764
烏來區,西羅岸,,628,烏來區,烏來,,765
烏來區,西羅岸,,629,烏來區,烏來,,764-1
烏來區,西羅岸,,63,烏來區,烏來,,1074-6
烏來區,西羅岸,,630,烏來區,烏來,,759-2
烏來區,西羅岸,,631,烏來區,烏來,,759-4
烏來區,西羅岸,,632,烏來區,烏來,,744-3
烏來區,西羅岸,,633,烏來區,烏來,,759
烏來區,西羅岸,,634,烏來區,烏來,,758-2
烏來區,西羅岸,,635,烏來區,烏來,,744-2
烏來區,西羅岸,,636,烏來區,烏來,,744-4
烏來區,西羅岸,,637,烏來區,烏來,,745
烏來區,西羅岸,,638,烏來區,烏來,,744
烏來區,西羅岸,,639,烏來區,烏來,,757
烏來區,西羅岸,,64,烏來區,烏來,,1074-4
烏來區,西羅岸,,640,烏來區,烏來,,758
烏來區,西羅岸,,641,烏來區,烏來,,758-1
烏來區,西羅岸,,642,烏來區,烏來,,744-1
烏來區,西羅岸,,643,烏來區,烏來,,756
烏來區,西羅岸,,644,烏來區,烏來,,818-1
烏來區,西羅岸,,645,烏來區,烏來,,818
烏來區,西羅岸,,646,烏來區,烏來,,793-2
烏來區,西羅岸,,647,烏來區,烏來,,817
烏來區,西羅岸,,648,烏來區,烏來,,816
烏來區,西羅岸,,649,烏來區,烏來,,827
烏來區,西羅岸,,65,烏來區,烏來,,1074-2
烏來區,西羅岸,,650,烏來區,烏來,,826
烏來區,西羅岸,,651,烏來區,烏來,,820
烏來區,西羅岸,,652,烏來區,烏來,,821
烏來區,西羅岸,,653,烏來區,烏來,,823
烏來區,西羅岸,,654,烏來區,烏來,,667
烏來區,西羅岸,,655,烏來區,烏來,,663
烏來區,西羅岸,,656,烏來區,烏來,,664
烏來區,西羅岸,,657,烏來區,烏來,,664-1
烏來區,西羅岸,,658,烏來區,烏來,,821-1
烏來區,西羅岸,,659,烏來區,烏來,,665-1
烏來區,西羅岸,,66,烏來區,烏來,,1074-8
烏來區,西羅岸,,660,烏來區,烏來,,665
烏來區,西羅岸,,661,烏來區,烏來,,666
烏來區,西羅岸,,662,烏來區,烏來,,823-1
烏來區,西羅岸,,663,烏來區,烏來,,822
烏來區,西羅岸,,664,烏來區,烏來,,824
烏來區,西羅岸,,665,烏來區,烏來,,825
烏來區,西羅岸,,666,烏來區,烏來,,838
烏來區,西羅岸,,667,烏來區,烏來,,837
烏來區,西羅岸,,668,烏來區,烏來,,829
烏來區,西羅岸,,669,烏來區,烏來,,828-1
烏來區,西羅岸,,67,烏來區,烏來,,1078-47
烏來區,西羅岸,,670,烏來區,烏來,,826-1
烏來區,西羅岸,,671,烏來區,烏來,,827-1
烏來區,西羅岸,,672,烏來區,烏來,,819
烏來區,西羅岸,,673,烏來區,烏來,,828
烏來區,西羅岸,,674,烏來區,烏來,,815
烏來區,西羅岸,,675,烏來區,烏來,,812
烏來區,西羅岸,,676,烏來區,烏來,,809
烏來區,西羅岸,,677,烏來區,烏來,,807
烏來區,西羅岸,,678,烏來區,烏來,,814
烏來區,西羅岸,,679,烏來區,烏來,,813
烏來區,西羅岸,,68,烏來區,烏來,,1078-48
烏來區,西羅岸,,680,烏來區,烏來,,806
烏來區,西羅岸,,681,烏來區,烏來,,766
烏來區,西羅岸,,682,烏來區,烏來,,767
烏來區,西羅岸,,683,烏來區,烏來,,768
烏來區,西羅岸,,684,烏來區,烏來,,764-2
烏來區,西羅岸,,685,烏來區,烏來,,764-3
烏來區,西羅岸,,686,烏來區,烏來,,763
烏來區,西羅岸,,687,烏來區,烏來,,762
烏來區,西羅岸,,688,烏來區,烏來,,761
烏來區,西羅岸,,689,烏來區,烏來,,774-3
烏來區,西羅岸,,69,烏來區,烏來,,1078-7
烏來區,西羅岸,,690,烏來區,烏來,,771-2
烏來區,西羅岸,,691,烏來區,烏來,,771-3
烏來區,西羅岸,,692,烏來區,烏來,,772
烏來區,西羅岸,,693,烏來區,烏來,,773
烏來區,西羅岸,,694,烏來區,烏來,,771-6
烏來區,西羅岸,,695,烏來區,烏來,,773-1
烏來區,西羅岸,,696,烏來區,烏來,,771-1
烏來區,西羅岸,,697,烏來區,烏來,,771
烏來區,西羅岸,,698,烏來區,烏來,,771-4
烏來區,西羅岸,,699,烏來區,烏來,,771-5
烏來區,西羅岸,,7,烏來區,烏來,,1078-25
烏來區,西羅岸,,70,烏來區,烏來,,1084-35
烏來區,西羅岸,,700,烏來區,烏來,,770
烏來區,西羅岸,,701,烏來區,烏來,,769
烏來區,西羅岸,,702,烏來區,烏來,,805
烏來區,西羅岸,,703,烏來區,烏來,,804
烏來區,西羅岸,,704,烏來區,烏來,,808
烏來區,西羅岸,,705,烏來區,烏來,,803-1
烏來區,西羅岸,,706,烏來區,烏來,,810
烏來區,西羅岸,,707,烏來區,烏來,,811
烏來區,西羅岸,,708,烏來區,烏來,,815-1
烏來區,西羅岸,,709,烏來區,烏來,,830
烏來區,西羅岸,,710,烏來區,烏來,,830-1
烏來區,西羅岸,,711,烏來區,烏來,,834
烏來區,西羅岸,,712,烏來區,烏來,,835
烏來區,西羅岸,,714,烏來區,烏來,,836
烏來區,西羅岸,,715,烏來區,烏來,,833
烏來區,西羅岸,,716,烏來區,烏來,,832
烏來區,西羅岸,,717,烏來區,烏來,,831
烏來區,西羅岸,,719,烏來區,烏來,,795
烏來區,西羅岸,,72,烏來區,烏來,,1073-5
烏來區,西羅岸,,720,烏來區,烏來,,796-1
烏來區,西羅岸,,721,烏來區,烏來,,795-1
烏來區,西羅岸,,722,烏來區,烏來,,796
烏來區,西羅岸,,723,烏來區,烏來,,797
烏來區,西羅岸,,724,烏來區,烏來,,792-1
烏來區,西羅岸,,725,烏來區,烏來,,798
烏來區,西羅岸,,726,烏來區,烏來,,800
烏來區,西羅岸,,727,烏來區,烏來,,799
烏來區,西羅岸,,728,烏來區,烏來,,801
烏來區,西羅岸,,729,烏來區,烏來,,802
烏來區,西羅岸,,73,烏來區,烏來,,1084-39
烏來區,西羅岸,,730,烏來區,烏來,,803
烏來區,西羅岸,,731,烏來區,烏來,,785-1
烏來區,西羅岸,,732,烏來區,烏來,,778-1
烏來區,西羅岸,,733,烏來區,烏來,,778
烏來區,西羅岸,,734,烏來區,烏來,,776
烏來區,西羅岸,,735,烏來區,烏來,,774-2
烏來區,西羅岸,,736,烏來區,烏來,,774-1
烏來區,西羅岸,,737,烏來區,烏來,,774
烏來區,西羅岸,,738,烏來區,烏來,,775
烏來區,西羅岸,,739,烏來區,烏來,,776-2
烏來區,西羅岸,,74,烏來區,烏來,,1084-26
烏來區,西羅岸,,740,烏來區,烏來,,776-1
烏來區,西羅岸,,741,烏來區,烏來,,774-5
烏來區,西羅岸,,742,烏來區,烏來,,777
烏來區,西羅岸,,743,烏來區,烏來,,783
烏來區,西羅岸,,744,烏來區,烏來,,779
烏來區,西羅岸,,745,烏來區,烏來,,782
烏來區,西羅岸,,746,烏來區,烏來,,780
烏來區,西羅岸,,747,烏來區,烏來,,781
烏來區,西羅岸,,748,烏來區,烏來,,786
烏來區,西羅岸,,749,烏來區,烏來,,787
烏來區,西羅岸,,75,烏來區,烏來,,1084-12
烏來區,西羅岸,,750,烏來區,烏來,,788
烏來區,西羅岸,,751,烏來區,烏來,,792
烏來區,西羅岸,,752,烏來區,烏來,,791
烏來區,西羅岸,,753,烏來區,烏來,,790
烏來區,西羅岸,,754,烏來區,烏來,,789
烏來區,西羅岸,,755,烏來區,烏來,,785
烏來區,西羅岸,,756,烏來區,烏來,,784
烏來區,西羅岸,,757,烏來區,烏來,,866-1
烏來區,西羅岸,,758,烏來區,烏來,,868
烏來區,西羅岸,,759,烏來區,烏來,,794-1
烏來區,西羅岸,,76,烏來區,烏來,,1082-4
烏來區,西羅岸,,760,烏來區,烏來,,793
烏來區,西羅岸,,761,烏來區,烏來,,793-1
烏來區,西羅岸,,762,烏來區,烏來,,794
烏來區,西羅岸,,765,烏來區,烏來,,855
烏來區,西羅岸,,766,烏來區,烏來,,853
烏來區,西羅岸,,767,烏來區,烏來,,854
烏來區,西羅岸,,768,烏來區,烏來,,856
烏來區,西羅岸,,769,烏來區,烏來,,857
烏來區,西羅岸,,77,烏來區,烏來,,1082-3
烏來區,西羅岸,,770,烏來區,烏來,,858
烏來區,西羅岸,,771,烏來區,烏來,,859
烏來區,西羅岸,,772,烏來區,烏來,,861-1
烏來區,西羅岸,,773,烏來區,烏來,,861
烏來區,西羅岸,,774,烏來區,烏來,,862
烏來區,西羅岸,,775,烏來區,烏來,,863
烏來區,西羅岸,,776,烏來區,烏來,,869
烏來區,西羅岸,,777,烏來區,烏來,,870
烏來區,西羅岸,,778,烏來區,烏來,,871-5
烏來區,西羅岸,,779,烏來區,烏來,,871-4
烏來區,西羅岸,,78,烏來區,烏來,,1082-6
烏來區,西羅岸,,780,烏來區,烏來,,871-3
烏來區,西羅岸,,781,烏來區,烏來,,871
烏來區,西羅岸,,782,烏來區,烏來,,872-1
烏來區,西羅岸,,783,烏來區,烏來,,871-1
烏來區,西羅岸,,784,烏來區,烏來,,872
烏來區,西羅岸,,785,烏來區,烏來,,871-2
烏來區,西羅岸,,786,烏來區,烏來,,860
烏來區,西羅岸,,787,烏來區,烏來,,856-1
烏來區,西羅岸,,788,烏來區,烏來,,888
烏來區,西羅岸,,789,烏來區,烏來,,887
烏來區,西羅岸,,79,烏來區,烏來,,1084-8
烏來區,西羅岸,,790,烏來區,烏來,,886
烏來區,西羅岸,,791,烏來區,烏來,,885
烏來區,西羅岸,,792,烏來區,烏來,,884
烏來區,西羅岸,,793,烏來區,烏來,,883
烏來區,西羅岸,,794,烏來區,烏來,,874
烏來區,西羅岸,,795,烏來區,烏來,,873
烏來區,西羅岸,,796,烏來區,烏來,,870-1
烏來區,西羅岸,,797,烏來區,烏來,,877-1
烏來區,西羅岸,,798,烏來區,烏來,,877
烏來區,西羅岸,,799,烏來區,烏來,,876
烏來區,西羅岸,,8,烏來區,烏來,,1078-11
烏來區,西羅岸,,80,烏來區,烏來,,1082-1
烏來區,西羅岸,,800,烏來區,烏來,,875
烏來區,西羅岸,,801,烏來區,烏來,,882
烏來區,西羅岸,,802,烏來區,烏來,,881
烏來區,西羅岸,,803,烏來區,烏來,,880
烏來區,西羅岸,,805,烏來區,烏來,,879
烏來區,西羅岸,,807,烏來區,烏來,,889
烏來區,西羅岸,,808,烏來區,烏來,,889-1
烏來區,西羅岸,,809,烏來區,烏來,,889-2
烏來區,西羅岸,,81,烏來區,烏來,,1082-7
烏來區,西羅岸,,810,烏來區,烏來,,889-3
烏來區,西羅岸,,811,烏來區,烏來,,889-4
烏來區,西羅岸,,812,烏來區,烏來,,890
烏來區,西羅岸,,813,烏來區,烏來,,893
烏來區,西羅岸,,814,烏來區,烏來,,892
烏來區,西羅岸,,815,烏來區,烏來,,891
烏來區,西羅岸,,817,烏來區,烏來,,878
烏來區,西羅岸,,819,烏來區,烏來,,928
烏來區,西羅岸,,82,烏來區,烏來,,1084-24
烏來區,西羅岸,,820,烏來區,烏來,,928-1
烏來區,西羅岸,,821,烏來區,烏來,,929
烏來區,西羅岸,,822,烏來區,烏來,,949-5
烏來區,西羅岸,,823,烏來區,烏來,,929-2
烏來區,西羅岸,,824,烏來區,烏來,,929-1
烏來區,西羅岸,,825,烏來區,烏來,,949-4
烏來區,西羅岸,,826,烏來區,烏來,,949-3
烏來區,西羅岸,,827,烏來區,烏來,,867
烏來區,西羅岸,,828,烏來區,烏來,,868-2
烏來區,西羅岸,,829,烏來區,烏來,,867-1
烏來區,西羅岸,,83,烏來區,烏來,,1082-5
烏來區,西羅岸,,830,烏來區,烏來,,868-1
烏來區,西羅岸,,831,烏來區,烏來,,868-4
烏來區,西羅岸,,832,烏來區,烏來,,868-6
烏來區,西羅岸,,833,烏來區,烏來,,949-6
烏來區,西羅岸,,834,烏來區,烏來,,868-3
烏來區,西羅岸,,835,烏來區,烏來,,953
烏來區,西羅岸,,836,烏來區,烏來,,954-2
烏來區,西羅岸,,837,烏來區,烏來,,954-3
烏來區,西羅岸,,838,烏來區,烏來,,864
烏來區,西羅岸,,839,烏來區,烏來,,865
烏來區,西羅岸,,84,烏來區,烏來,,1078-17
烏來區,西羅岸,,840,烏來區,烏來,,866
烏來區,西羅岸,,841,烏來區,烏來,,868-8
烏來區,西羅岸,,842,烏來區,烏來,,868-9
烏來區,西羅岸,,843,烏來區,烏來,,949-7
烏來區,西羅岸,,844,烏來區,烏來,,951
烏來區,西羅岸,,845,烏來區,烏來,,952
烏來區,西羅岸,,846,烏來區,烏來,,950
烏來區,西羅岸,,847,烏來區,烏來,,949-2
烏來區,西羅岸,,848,烏來區,烏來,,947-2
烏來區,西羅岸,,849,烏來區,烏來,,949-10
烏來區,西羅岸,,85,烏來區,烏來,,1074-3
烏來區,西羅岸,,850,烏來區,烏來,,947-1
烏來區,西羅岸,,851,烏來區,烏來,,947
烏來區,西羅岸,,852,烏來區,烏來,,946
烏來區,西羅岸,,853,烏來區,烏來,,931
烏來區,西羅岸,,854,烏來區,烏來,,930
烏來區,西羅岸,,855,烏來區,烏來,,930-1
烏來區,西羅岸,,856,烏來區,烏來,,927
烏來區,西羅岸,,857,烏來區,烏來,,926
烏來區,西羅岸,,858,烏來區,烏來,,922
烏來區,西羅岸,,859,烏來區,烏來,,921
烏來區,西羅岸,,86,烏來區,烏來,,1074-5
烏來區,西羅岸,,860,烏來區,烏來,,920
烏來區,西羅岸,,861,烏來區,烏來,,919
烏來區,西羅岸,,862,烏來區,烏來,,918
烏來區,西羅岸,,863,烏來區,烏來,,923
烏來區,西羅岸,,864,烏來區,烏來,,936
烏來區,西羅岸,,865,烏來區,烏來,,924
烏來區,西羅岸,,866,烏來區,烏來,,925
烏來區,西羅岸,,867,烏來區,烏來,,932
烏來區,西羅岸,,868,烏來區,烏來,,933
烏來區,西羅岸,,869,烏來區,烏來,,934
烏來區,西羅岸,,87,烏來區,烏來,,1074-7
烏來區,西羅岸,,870,烏來區,烏來,,935
烏來區,西羅岸,,871,烏來區,烏來,,931-1
烏來區,西羅岸,,872,烏來區,烏來,,946-1
烏來區,西羅岸,,873,烏來區,烏來,,945
烏來區,西羅岸,,874,烏來區,烏來,,948
烏來區,西羅岸,,875,烏來區,烏來,,949
烏來區,西羅岸,,876,烏來區,烏來,,954
烏來區,西羅岸,,877,烏來區,烏來,,942
烏來區,西羅岸,,878,烏來區,烏來,,943
烏來區,西羅岸,,879,烏來區,烏來,,944
烏來區,西羅岸,,88,烏來區,烏來,,1074-1
烏來區,西羅岸,,880,烏來區,烏來,,944-1
烏來區,西羅岸,,881,烏來區,烏來,,943-1
烏來區,西羅岸,,882,烏來區,烏來,,945-1
烏來區,西羅岸,,883,烏來區,烏來,,941-1
烏來區,西羅岸,,884,烏來區,烏來,,939
烏來區,西羅岸,,885,烏來區,烏來,,938
烏來區,西羅岸,,886,烏來區,烏來,,937
烏來區,西羅岸,,887,烏來區,烏來,,940
烏來區,西羅岸,,888,烏來區,烏來,,917
烏來區,西羅岸,,889,烏來區,烏來,,916
烏來區,西羅岸,,89,烏來區,烏來,,1078-18
烏來區,西羅岸,,890,烏來區,烏來,,910-1
烏來區,西羅岸,,891,烏來區,烏來,,981-1
烏來區,西羅岸,,892,烏來區,烏來,,977
烏來區,西羅岸,,893,烏來區,烏來,,976-1
烏來區,西羅岸,,894,烏來區,烏來,,975-1
烏來區,西羅岸,,895,烏來區,烏來,,975
烏來區,西羅岸,,896,烏來區,烏來,,975-2
烏來區,西羅岸,,897,烏來區,烏來,,941
烏來區,西羅岸,,898,烏來區,烏來,,974-1
烏來區,西羅岸,,899,烏來區,烏來,,974
烏來區,西羅岸,,9,烏來區,烏來,,1078-13
烏來區,西羅岸,,90,烏來區,烏來,,1078-8
烏來區,西羅岸,,900,烏來區,烏來,,954-1
烏來區,西羅岸,,901,烏來區,烏來,,956-1
烏來區,西羅岸,,902,烏來區,烏來,,956
烏來區,西羅岸,,903,烏來區,烏來,,955
烏來區,西羅岸,,904,烏來區,烏來,,1150
烏來區,西羅岸,,905,烏來區,烏來,,1149
烏來區,西羅岸,,906,烏來區,烏來,,956-6
烏來區,西羅岸,,907,烏來區,烏來,,957-43
烏來區,西羅岸,,908,烏來區,烏來,,957-13
烏來區,西羅岸,,909,烏來區,烏來,,957-14
烏來區,西羅岸,,91,烏來區,烏來,,1078-51
烏來區,西羅岸,,910,烏來區,烏來,,957-42
烏來區,西羅岸,,911,烏來區,烏來,,957
烏來區,西羅岸,,912,烏來區,烏來,,973
烏來區,西羅岸,,913,烏來區,烏來,,976
烏來區,西羅岸,,914,烏來區,烏來,,973-1
烏來區,西羅岸,,915,烏來區,烏來,,978-1
烏來區,西羅岸,,916,烏來區,烏來,,982
烏來區,西羅岸,,917,烏來區,烏來,,981
烏來區,西羅岸,,918,烏來區,烏來,,978
烏來區,西羅岸,,919,烏來區,烏來,,979
烏來區,西羅岸,,92,烏來區,烏來,,1078-29
烏來區,西羅岸,,920,烏來區,烏來,,980
烏來區,西羅岸,,921,烏來區,烏來,,972
烏來區,西羅岸,,922,烏來區,烏來,,972-1
烏來區,西羅岸,,923,烏來區,烏來,,957-1
烏來區,西羅岸,,924,烏來區,烏來,,957-8
烏來區,西羅岸,,925,烏來區,烏來,,957-11
烏來區,西羅岸,,926,烏來區,烏來,,1151
烏來區,西羅岸,,927,烏來區,烏來,,956-7
烏來區,西羅岸,,928,烏來區,烏來,,956-3
烏來區,西羅岸,,929,烏來區,烏來,,956-2
烏來區,西羅岸,,93,烏來區,烏來,,1084-15
烏來區,西羅岸,,930,烏來區,烏來,,1153
烏來區,西羅岸,,931,烏來區,烏來,,1152
烏來區,西羅岸,,932,烏來區,烏來,,1154
烏來區,西羅岸,,933,烏來區,烏來,,1155
烏來區,西羅岸,,934,烏來區,烏來,,1130
烏來區,西羅岸,,935,烏來區,烏來,,1157
烏來區,西羅岸,,936,烏來區,烏來,,1158
烏來區,西羅岸,,937,烏來區,烏來,,1156
烏來區,西羅岸,,938,烏來區,烏來,,957-20
烏來區,西羅岸,,939,烏來區,烏來,,957-21
烏來區,西羅岸,,94,烏來區,烏來,,1083-1
烏來區,西羅岸,,940,烏來區,烏來,,957-3
烏來區,西羅岸,,941,烏來區,烏來,,957-9
烏來區,西羅岸,,942,烏來區,烏來,,957-16
烏來區,西羅岸,,943,烏來區,烏來,,957-18
烏來區,西羅岸,,944,烏來區,烏來,,957-10
烏來區,西羅岸,,945,烏來區,烏來,,957-49
烏來區,西羅岸,,946,烏來區,烏來,,957-15
烏來區,西羅岸,,947,烏來區,烏來,,957-34
烏來區,西羅岸,,948,烏來區,烏來,,1159
烏來區,西羅岸,,949,烏來區,烏來,,1160
烏來區,西羅岸,,95,烏來區,烏來,,1084-21
烏來區,西羅岸,,950,烏來區,烏來,,1161
烏來區,西羅岸,,951,烏來區,烏來,,1162
烏來區,西羅岸,,952,烏來區,烏來,,971-3
烏來區,西羅岸,,953,烏來區,烏來,,959
烏來區,西羅岸,,954,烏來區,烏來,,960
烏來區,西羅岸,,955,烏來區,烏來,,961
烏來區,西羅岸,,956,烏來區,烏來,,960-1
烏來區,西羅岸,,957,烏來區,烏來,,961-1
烏來區,西羅岸,,958,烏來區,烏來,,962-1
烏來區,西羅岸,,959,烏來區,烏來,,962
烏來區,西羅岸,,96,烏來區,烏來,,1084-31
烏來區,西羅岸,,960,烏來區,烏來,,962-2
烏來區,西羅岸,,961,烏來區,烏來,,960-2
烏來區,西羅岸,,962,烏來區,烏來,,960-3
烏來區,西羅岸,,963,烏來區,烏來,,962-5
烏來區,西羅岸,,964,烏來區,烏來,,957-6
烏來區,西羅岸,,965,烏來區,烏來,,958-1
烏來區,西羅岸,,966,烏來區,烏來,,957-35
烏來區,西羅岸,,967,烏來區,烏來,,958
烏來區,西羅岸,,968,烏來區,烏來,,957-29
烏來區,西羅岸,,969,烏來區,烏來,,957-30
烏來區,西羅岸,,97,烏來區,烏來,,1084-9
烏來區,西羅岸,,970,烏來區,烏來,,962-6
烏來區,西羅岸,,971,烏來區,烏來,,957-24
烏來區,西羅岸,,972,烏來區,烏來,,957-4
烏來區,西羅岸,,973,烏來區,烏來,,957-23
烏來區,西羅岸,,974,烏來區,烏來,,957-52
烏來區,西羅岸,,975,烏來區,烏來,,957-22
烏來區,西羅岸,,976,烏來區,烏來,,957-5
烏來區,西羅岸,,977,烏來區,烏來,,963
烏來區,西羅岸,,978,烏來區,烏來,,957-32
烏來區,西羅岸,,979,烏來區,烏來,,964
烏來區,西羅岸,,98,烏來區,烏來,,1084-19
烏來區,西羅岸,,980,烏來區,烏來,,964-1
烏來區,西羅岸,,981,烏來區,烏來,,957-39
烏來區,西羅岸,,982,烏來區,烏來,,957-38
烏來區,西羅岸,,983,烏來區,烏來,,966
烏來區,西羅岸,,984,烏來區,烏來,,964-3
烏來區,西羅岸,,985,烏來區,烏來,,957-37
烏來區,西羅岸,,986,烏來區,烏來,,965
烏來區,西羅岸,,987,烏來區,烏來,,957-33
烏來區,西羅岸,,988,烏來區,烏來,,957-25
烏來區,西羅岸,,989,烏來區,烏來,,957-36
烏來區,西羅岸,,99,烏來區,烏來,,1084-51
烏來區,西羅岸,,990,烏來區,烏來,,957-26
烏來區,西羅岸,,991,烏來區,烏來,,966-4
烏來區,西羅岸,,992,烏來區,烏來,,962-4
烏來區,西羅岸,,993,烏來區,烏來,,969
烏來區,西羅岸,,994,烏來區,烏來,,971-18
烏來區,西羅岸,,995,烏來區,烏來,,971-25
烏來區,西羅岸,,996,烏來區,烏來,,971-2
烏來區,西羅岸,,997,烏來區,烏來,,971-24
烏來區,西羅岸,,998,烏來區,烏來,,971-12
