district,section,subsection,mainNumber,subNumber,zoning
萬華區,直興,1,1,0,道路用地(公共設施用地)
萬華區,直興,1,2,0,道路用地(公共設施用地)
萬華區,直興,1,3,0,道路用地(公共設施用地)
萬華區,直興,1,4,0,第四種商業區
萬華區,直興,1,7,0,第四種商業區
萬華區,直興,1,8,0,第四種商業區
萬華區,直興,1,9,0,第四種商業區
萬華區,直興,1,10,0,第四種商業區
萬華區,直興,1,11,0,第四種商業區
萬華區,直興,1,12,0,第四種商業區
萬華區,直興,1,13,0,第四種商業區
萬華區,直興,1,16,0,第四種商業區
萬華區,直興,1,34,0,第四種商業區
萬華區,直興,1,35,0,第四種商業區
萬華區,直興,1,38,0,第四種商業區
萬華區,直興,1,39,0,第四種商業區
萬華區,直興,1,40,0,第四種商業區
萬華區,直興,1,41,0,第四種商業區
萬華區,直興,1,42,0,第四種商業區
萬華區,直興,1,43,0,第四種商業區
萬華區,直興,1,44,0,第四種商業區
萬華區,直興,1,45,0,第四種商業區
萬華區,直興,1,46,0,第四種商業區
萬華區,直興,1,47,0,第四種商業區
萬華區,直興,1,48,0,第四種商業區
萬華區,直興,1,49,0,第四種商業區
萬華區,直興,1,50,0,第四種商業區
萬華區,直興,1,51,0,第四種商業區
萬華區,直興,1,52,0,第四種商業區
萬華區,直興,1,53,0,第四種商業區
萬華區,直興,1,54,0,第四種商業區
萬華區,直興,1,55,0,第四種商業區
萬華區,直興,1,56,0,第四種商業區
萬華區,直興,1,57,0,第四種商業區
萬華區,直興,1,58,0,第四種商業區
萬華區,直興,1,59,0,第四種商業區
萬華區,直興,1,60,0,第四種商業區
萬華區,直興,1,61,0,第四種商業區
萬華區,直興,1,62,0,第四種商業區
萬華區,直興,1,63,0,第四種商業區
萬華區,直興,1,64,0,第四種商業區
萬華區,直興,1,65,0,第四種商業區
萬華區,直興,1,66,0,第四種商業區
萬華區,直興,1,67,0,第四種商業區
萬華區,直興,1,68,0,第四種商業區
萬華區,直興,1,69,0,第四種商業區
萬華區,直興,1,70,0,第四種商業區
萬華區,直興,1,71,0,第四種商業區
萬華區,直興,1,72,0,第四種商業區
萬華區,直興,1,73,0,第四種商業區
萬華區,直興,1,74,0,第四種商業區
萬華區,直興,1,75,0,第四種商業區
萬華區,直興,1,76,0,第四種商業區
萬華區,直興,1,77,0,第四種商業區
萬華區,直興,1,78,0,第四種商業區
萬華區,直興,1,79,0,第四種商業區
萬華區,直興,1,80,0,第四種商業區
萬華區,直興,1,81,0,第四種商業區
萬華區,直興,1,82,0,第四種商業區
萬華區,直興,1,83,0,第四種商業區
萬華區,直興,1,83,1,道路用地(公共設施用地)
萬華區,直興,1,84,0,第四種商業區
萬華區,直興,1,84,1,道路用地(公共設施用地)
萬華區,直興,1,85,0,第四種商業區
萬華區,直興,1,85,1,道路用地(公共設施用地)
萬華區,直興,1,86,0,第四種商業區
萬華區,直興,1,86,1,道路用地(公共設施用地)
萬華區,直興,1,87,0,第四種商業區
萬華區,直興,1,87,1,道路用地(公共設施用地)
萬華區,直興,1,88,0,第四種商業區
萬華區,直興,1,88,1,道路用地(公共設施用地)
萬華區,直興,1,89,0,第四種商業區
萬華區,直興,1,90,0,第四種商業區
萬華區,直興,1,91,0,"第四種商業區,但是否在道路用地(公共設施用地)(應依建築線或俟地籍測量分割後,再確定)"
萬華區,直興,1,92,0,第四種商業區
萬華區,直興,1,92,1,道路用地(公共設施用地)
萬華區,直興,1,93,0,第四種商業區
萬華區,直興,1,94,0,第四種商業區
萬華區,直興,1,95,0,第四種商業區
萬華區,直興,1,95,1,道路用地(公共設施用地)
萬華區,直興,1,96,0,第四種商業區
萬華區,直興,1,96,1,道路用地(公共設施用地)
萬華區,直興,1,97,0,第四種商業區
萬華區,直興,1,98,0,第四種商業區
萬華區,直興,1,98,1,道路用地(公共設施用地)
萬華區,直興,1,99,0,第四種商業區
萬華區,直興,1,99,1,道路用地(公共設施用地)
萬華區,直興,1,100,0,第四種商業區
萬華區,直興,1,100,1,道路用地(公共設施用地)
萬華區,直興,1,101,0,第四種商業區
萬華區,直興,1,101,1,道路用地(公共設施用地)
萬華區,直興,1,101,2,道路用地(公共設施用地)
萬華區,直興,1,102,0,第四種商業區
萬華區,直興,1,102,1,道路用地(公共設施用地)
萬華區,直興,1,103,0,第四種商業區
萬華區,直興,1,103,1,道路用地(公共設施用地)
萬華區,直興,1,104,0,第四種商業區
萬華區,直興,1,104,1,道路用地(公共設施用地)
萬華區,直興,1,105,0,第四種商業區
萬華區,直興,1,106,0,第四種商業區
萬華區,直興,1,106,1,道路用地(公共設施用地)
萬華區,直興,1,107,0,第四種商業區
萬華區,直興,1,107,1,道路用地(公共設施用地)
萬華區,直興,1,108,0,第四種商業區
萬華區,直興,1,108,1,道路用地(公共設施用地)
萬華區,直興,1,109,0,第四種商業區
萬華區,直興,1,109,1,道路用地(公共設施用地)
萬華區,直興,1,110,0,第四種商業區
萬華區,直興,1,111,0,第四種商業區
萬華區,直興,1,112,0,第四種商業區
萬華區,直興,1,113,0,第四種商業區
萬華區,直興,1,114,0,第四種商業區
萬華區,直興,1,114,1,道路用地(公共設施用地)
萬華區,直興,1,115,0,第四種商業區
萬華區,直興,1,115,1,道路用地(公共設施用地)
萬華區,直興,1,116,0,第四種商業區
萬華區,直興,1,116,1,道路用地(公共設施用地)
萬華區,直興,1,117,0,第四種商業區
萬華區,直興,1,118,0,第四種商業區
萬華區,直興,1,119,0,第四種商業區
萬華區,直興,1,120,0,第四種商業區
萬華區,直興,1,121,0,第四種商業區
萬華區,直興,1,122,0,第四種商業區
萬華區,直興,1,123,0,第四種商業區
萬華區,直興,1,124,0,第四種商業區
萬華區,直興,1,125,0,第四種商業區
萬華區,直興,1,126,0,第四種商業區
萬華區,直興,1,127,0,第四種商業區
萬華區,直興,1,128,0,第四種商業區
萬華區,直興,1,129,0,第四種商業區
萬華區,直興,1,131,0,第四種商業區
萬華區,直興,1,133,0,第四種商業區
萬華區,直興,1,134,0,第四種商業區
萬華區,直興,1,135,0,第四種商業區
萬華區,直興,1,135,1,道路用地(公共設施用地)
萬華區,直興,1,136,0,道路用地(公共設施用地)
萬華區,直興,1,136,1,道路用地(公共設施用地)
萬華區,直興,1,136,2,第四種商業區
萬華區,直興,1,137,0,道路用地(公共設施用地)
萬華區,直興,1,138,0,變電所用地(公共設施用地)
萬華區,直興,1,138,1,道路用地(公共設施用地)
萬華區,直興,1,138,2,道路用地(公共設施用地)
萬華區,直興,1,139,0,變電所用地(公共設施用地)
萬華區,直興,1,139,1,道路用地(公共設施用地)
萬華區,直興,1,140,0,第四種住宅區
萬華區,直興,1,142,0,第四種住宅區
萬華區,直興,1,143,0,第四種住宅區
萬華區,直興,1,144,0,第四種住宅區
萬華區,直興,1,145,0,第四種住宅區
萬華區,直興,1,146,0,第四種住宅區
萬華區,直興,1,147,0,第四種住宅區
萬華區,直興,1,148,0,第四種住宅區
萬華區,直興,1,150,0,第四種住宅區
萬華區,直興,1,151,0,第四種住宅區
萬華區,直興,1,152,0,道路用地(公共設施用地)
萬華區,直興,1,153,0,"道路用地(公共設施用地),但是否在第四種住宅區(應依建築線或俟地籍測量分割後,再確定)"
萬華區,直興,1,153,1,道路用地(公共設施用地)
萬華區,直興,1,153,2,第四種住宅區
萬華區,直興,1,169,0,第四種住宅區
萬華區,直興,1,169,1,第四種住宅區
萬華區,直興,1,170,0,第四種住宅區
萬華區,直興,1,170,1,第四種住宅區
萬華區,直興,1,171,0,第四種住宅區
萬華區,直興,1,171,1,第四種住宅區
萬華區,直興,1,172,0,第四種住宅區
萬華區,直興,1,172,1,第四種住宅區
萬華區,直興,1,173,0,道路用地(公共設施用地)
萬華區,直興,1,174,0,第四種住宅區
萬華區,直興,1,174,1,道路用地(公共設施用地)
萬華區,直興,1,175,0,第四種住宅區
萬華區,直興,1,176,0,第四種住宅區
萬華區,直興,1,193,0,第四種住宅區
萬華區,直興,1,194,0,第四種住宅區
萬華區,直興,1,195,0,第四種住宅區
萬華區,直興,1,196,0,第四種住宅區
萬華區,直興,1,197,1,第四種住宅區
萬華區,直興,1,206,0,第四種住宅區
萬華區,直興,1,207,0,道路用地(公共設施用地)
萬華區,直興,1,208,0,道路用地(公共設施用地)
萬華區,直興,1,209,0,道路用地(公共設施用地)
萬華區,直興,1,210,0,道路用地(公共設施用地)
萬華區,直興,1,211,0,道路用地(公共設施用地)
萬華區,直興,1,212,0,道路用地(公共設施用地)
萬華區,直興,1,213,0,道路用地(公共設施用地)
萬華區,直興,1,213,1,第四種住宅區
萬華區,直興,1,214,0,第四種住宅區
萬華區,直興,1,215,0,第四種住宅區
萬華區,直興,1,215,1,道路用地(公共設施用地)
萬華區,直興,1,216,0,道路用地(公共設施用地)
萬華區,直興,1,217,0,第四種住宅區
萬華區,直興,1,217,1,道路用地(公共設施用地)
萬華區,直興,1,218,0,道路用地(公共設施用地)
萬華區,直興,1,219,0,第四種住宅區
萬華區,直興,1,219,1,道路用地(公共設施用地)
萬華區,直興,1,219,2,道路用地(公共設施用地)
萬華區,直興,1,220,0,第四種住宅區
萬華區,直興,1,220,1,道路用地(公共設施用地)
萬華區,直興,1,221,0,道路用地(公共設施用地)
萬華區,直興,1,222,0,第四種住宅區
萬華區,直興,1,222,1,道路用地(公共設施用地)
萬華區,直興,1,223,0,第四種住宅區
萬華區,直興,1,224,0,第四種住宅區
萬華區,直興,1,225,0,第四種住宅區
萬華區,直興,1,228,0,第四種住宅區
萬華區,直興,1,229,0,第四種住宅區
萬華區,直興,1,230,0,第四種住宅區
萬華區,直興,1,231,0,第四種住宅區
萬華區,直興,1,232,0,第四種住宅區
萬華區,直興,1,233,0,第四種住宅區
萬華區,直興,1,234,0,第四種住宅區
萬華區,直興,1,235,0,第四種住宅區
萬華區,直興,1,236,0,第四種住宅區
萬華區,直興,1,237,0,第四種住宅區
萬華區,直興,1,237,1,道路用地(公共設施用地)
萬華區,直興,1,238,0,第四種住宅區
萬華區,直興,1,238,1,道路用地(公共設施用地)
萬華區,直興,1,239,0,第四種住宅區
萬華區,直興,1,239,1,道路用地(公共設施用地)
萬華區,直興,1,240,0,第四種住宅區
萬華區,直興,1,240,1,道路用地(公共設施用地)
萬華區,直興,1,241,0,第四種住宅區
萬華區,直興,1,242,0,第四種住宅區
萬華區,直興,1,243,0,第四種住宅區
萬華區,直興,1,244,0,第四種住宅區
萬華區,直興,1,244,1,道路用地(公共設施用地)
萬華區,直興,1,245,0,道路用地(公共設施用地)
萬華區,直興,1,246,0,第四種住宅區
萬華區,直興,1,250,0,第四種住宅區
萬華區,直興,1,251,0,第四種住宅區
萬華區,直興,1,251,1,道路用地(公共設施用地)
萬華區,直興,1,252,0,第四種住宅區
萬華區,直興,1,252,1,道路用地(公共設施用地)
萬華區,直興,1,253,0,第四種住宅區
萬華區,直興,1,253,1,道路用地(公共設施用地)
萬華區,直興,1,254,0,第四種住宅區
萬華區,直興,1,255,0,第四種住宅區
萬華區,直興,1,256,0,第四種住宅區
萬華區,直興,1,256,1,道路用地(公共設施用地)
萬華區,直興,1,257,0,第四種住宅區
萬華區,直興,1,257,1,道路用地(公共設施用地)
萬華區,直興,1,258,0,第四種住宅區
萬華區,直興,1,259,0,第四種住宅區
萬華區,直興,1,260,0,第四種住宅區
萬華區,直興,1,260,1,道路用地(公共設施用地)
萬華區,直興,1,261,0,第四種住宅區
萬華區,直興,1,261,1,道路用地(公共設施用地)
萬華區,直興,1,262,0,第四種住宅區
萬華區,直興,1,262,1,道路用地(公共設施用地)
萬華區,直興,1,262,2,道路用地(公共設施用地)
萬華區,直興,1,263,0,第四種住宅區
萬華區,直興,1,263,1,道路用地(公共設施用地)
萬華區,直興,1,264,0,第四種住宅區
萬華區,直興,1,264,1,道路用地(公共設施用地)
萬華區,直興,1,265,0,第四種住宅區
萬華區,直興,1,265,1,道路用地(公共設施用地)
萬華區,直興,1,266,0,道路用地(公共設施用地)
萬華區,直興,1,266,2,道路用地(公共設施用地)
萬華區,直興,1,266,3,第四種住宅區
萬華區,直興,1,266,4,第四種住宅區
萬華區,直興,1,266,6,第四種住宅區
萬華區,直興,1,267,0,道路用地(公共設施用地)
萬華區,直興,1,268,0,第四種商業區
萬華區,直興,1,268,1,道路用地(公共設施用地)
萬華區,直興,1,269,1,道路用地(公共設施用地)
萬華區,直興,1,271,1,道路用地(公共設施用地)
萬華區,直興,1,272,1,道路用地(公共設施用地)
萬華區,直興,1,273,1,道路用地(公共設施用地)
萬華區,直興,1,273,2,道路用地(公共設施用地)
萬華區,直興,1,273,3,道路用地(公共設施用地)
萬華區,直興,1,275,0,第四種商業區
萬華區,直興,1,275,1,道路用地(公共設施用地)
萬華區,直興,1,276,0,第四種商業區
萬華區,直興,1,276,1,道路用地(公共設施用地)
萬華區,直興,1,277,0,第四種商業區
萬華區,直興,1,277,1,道路用地(公共設施用地)
萬華區,直興,1,278,0,第四種商業區
萬華區,直興,1,279,0,第四種商業區
萬華區,直興,1,280,0,第四種商業區
萬華區,直興,1,281,0,第四種商業區
萬華區,直興,1,289,0,第四種商業區
萬華區,直興,1,293,0,第四種商業區
萬華區,直興,1,294,0,第四種商業區
萬華區,直興,1,303,0,第四種商業區
萬華區,直興,1,304,0,第四種商業區
萬華區,直興,1,306,0,第四種商業區
萬華區,直興,1,307,0,第四種商業區
萬華區,直興,1,308,0,第四種商業區
萬華區,直興,1,309,0,第四種商業區
萬華區,直興,1,310,0,第四種商業區
萬華區,直興,1,319,0,第四種商業區
萬華區,直興,1,320,0,第四種商業區
萬華區,直興,1,321,0,第四種商業區
萬華區,直興,1,322,0,第四種商業區
萬華區,直興,1,323,0,第四種商業區
萬華區,直興,1,324,0,第四種商業區
萬華區,直興,1,325,0,第四種商業區
萬華區,直興,1,326,0,第四種商業區
萬華區,直興,1,327,0,第四種商業區
萬華區,直興,1,328,0,第四種商業區
萬華區,直興,1,329,0,第四種商業區
萬華區,直興,1,330,0,第四種商業區
萬華區,直興,1,331,0,第四種商業區
萬華區,直興,1,332,0,第四種商業區
萬華區,直興,1,333,0,第四種商業區
萬華區,直興,1,334,0,第四種商業區
萬華區,直興,1,335,0,第四種商業區
萬華區,直興,1,336,0,第四種商業區
萬華區,直興,1,337,0,第四種商業區
萬華區,直興,1,338,0,第四種商業區
萬華區,直興,1,339,0,第四種商業區
萬華區,直興,1,340,0,第四種商業區
萬華區,直興,1,343,0,第四種商業區
萬華區,直興,1,344,0,第四種商業區
萬華區,直興,1,345,0,第四種商業區
萬華區,直興,1,346,0,第四種商業區
萬華區,直興,1,347,0,第四種商業區
萬華區,直興,1,348,0,第四種商業區
萬華區,直興,1,349,0,第四種商業區
萬華區,直興,1,349,1,第四種商業區
萬華區,直興,1,349,2,第四種商業區
萬華區,直興,1,349,3,道路用地(公共設施用地)
萬華區,直興,1,350,0,第四種商業區
萬華區,直興,1,350,1,道路用地(公共設施用地)
萬華區,直興,1,351,0,第四種商業區
萬華區,直興,1,352,0,第四種商業區
萬華區,直興,1,353,1,道路用地(公共設施用地)
萬華區,直興,1,354,0,道路用地(公共設施用地)
萬華區,直興,1,355,0,道路用地(公共設施用地)
萬華區,直興,1,356,0,第四種住宅區
萬華區,直興,1,356,1,道路用地(公共設施用地)
萬華區,直興,1,356,2,第四種住宅區
萬華區,直興,1,357,0,第四種住宅區
萬華區,直興,1,358,0,第四種住宅區
萬華區,直興,1,359,0,第四種住宅區
萬華區,直興,1,360,0,第四種住宅區
萬華區,直興,1,361,0,第四種住宅區
萬華區,直興,1,362,0,第四種住宅區
萬華區,直興,1,363,0,第四種住宅區
萬華區,直興,1,364,0,第四種住宅區
萬華區,直興,1,365,0,第四種住宅區
萬華區,直興,1,366,0,第四種住宅區
萬華區,直興,1,367,0,第四種住宅區
萬華區,直興,1,368,0,第四種住宅區
萬華區,直興,1,368,1,第四種住宅區
萬華區,直興,1,369,0,第四種住宅區
萬華區,直興,1,370,0,第四種住宅區
萬華區,直興,1,370,1,道路用地(公共設施用地)
萬華區,直興,1,371,0,第四種住宅區
萬華區,直興,1,371,2,道路用地(公共設施用地)
萬華區,直興,1,373,1,道路用地(公共設施用地)
萬華區,直興,1,374,0,第四種住宅區
萬華區,直興,1,378,0,第四種住宅區
萬華區,直興,1,379,0,第四種住宅區
萬華區,直興,1,383,0,第四種住宅區
萬華區,直興,1,383,1,道路用地(公共設施用地)
萬華區,直興,1,384,0,第四種住宅區
萬華區,直興,1,384,1,道路用地(公共設施用地)
萬華區,直興,1,385,0,第四種住宅區
萬華區,直興,1,385,1,道路用地(公共設施用地)
萬華區,直興,1,386,0,"第四種住宅區,但是否在道路用地(公共設施用地)(應依建築線或俟地籍測量分割後,再確定)"
萬華區,直興,1,389,0,道路用地(公共設施用地)
萬華區,直興,1,390,1,道路用地(公共設施用地)
萬華區,直興,1,391,1,道路用地(公共設施用地)
萬華區,直興,1,392,1,道路用地(公共設施用地)
萬華區,直興,1,396,1,道路用地(公共設施用地)
萬華區,直興,1,397,1,道路用地(公共設施用地)
萬華區,直興,1,398,1,道路用地(公共設施用地)
萬華區,直興,1,399,1,道路用地(公共設施用地)
萬華區,直興,1,399,2,道路用地(公共設施用地)
萬華區,直興,1,399,3,道路用地(公共設施用地)
萬華區,直興,1,400,0,第四種住宅區
萬華區,直興,1,400,1,道路用地(公共設施用地)
萬華區,直興,1,401,0,第四種住宅區
萬華區,直興,1,402,0,第四種住宅區
萬華區,直興,1,403,0,第四種住宅區
萬華區,直興,1,404,0,第四種住宅區
萬華區,直興,1,405,0,道路用地(公共設施用地)
萬華區,直興,1,406,0,道路用地(公共設施用地)
萬華區,直興,1,407,0,道路用地(公共設施用地)
萬華區,直興,1,408,0,第四種住宅區
萬華區,直興,1,409,0,第四種住宅區
萬華區,直興,1,410,0,第四種住宅區
萬華區,直興,1,411,0,第四種住宅區
萬華區,直興,1,412,0,"第四種住宅區,但是否在道路用地(公共設施用地)(應依建築線或俟地籍測量分割後,再確定)"
萬華區,直興,1,413,0,第四種住宅區
萬華區,直興,1,413,1,道路用地(公共設施用地)
萬華區,直興,1,414,0,第四種住宅區
萬華區,直興,1,415,0,第四種住宅區
萬華區,直興,1,416,0,第四種住宅區
萬華區,直興,1,417,0,第四種住宅區
萬華區,直興,1,417,1,道路用地(公共設施用地)
萬華區,直興,1,418,0,第四種住宅區
萬華區,直興,1,418,2,道路用地(公共設施用地)
萬華區,直興,1,418,3,第四種住宅區
萬華區,直興,1,419,0,第四種住宅區
萬華區,直興,1,420,0,第四種住宅區
萬華區,直興,1,421,0,"第四種住宅區,但是否在道路用地(公共設施用地)(應依建築線或俟地籍測量分割後,再確定)"
萬華區,直興,1,422,0,第四種住宅區
萬華區,直興,1,425,0,道路用地(公共設施用地)
萬華區,直興,1,426,0,道路用地(公共設施用地)
萬華區,直興,1,427,0,道路用地(公共設施用地)
萬華區,直興,1,428,0,道路用地(公共設施用地)
萬華區,直興,1,429,0,道路用地(公共設施用地)
萬華區,直興,1,430,0,道路用地(公共設施用地)
萬華區,直興,1,431,0,道路用地(公共設施用地)
萬華區,直興,1,431,1,第四種住宅區
萬華區,直興,1,432,0,道路用地(公共設施用地)
萬華區,直興,1,433,0,第四種住宅區
萬華區,直興,1,434,0,第四種住宅區
萬華區,直興,1,437,0,第四種住宅區
萬華區,直興,1,438,0,道路用地(公共設施用地)
萬華區,直興,1,445,0,"第四種住宅區,但是否在道路用地(公共設施用地)(應依建築線或俟地籍測量分割後,再確定)"
萬華區,直興,1,446,0,"第四種住宅區,但是否在道路用地(公共設施用地)(應依建築線或俟地籍測量分割後,再確定)"
萬華區,直興,1,447,0,第四種住宅區
萬華區,直興,1,447,1,道路用地(公共設施用地)
萬華區,直興,1,448,0,道路用地(公共設施用地)
萬華區,直興,1,449,0,道路用地(公共設施用地)及第四種住宅區
萬華區,直興,1,449,2,道路用地(公共設施用地)
萬華區,直興,1,449,4,第四種住宅區
萬華區,直興,1,449,5,道路用地(公共設施用地)
萬華區,直興,1,449,6,道路用地(公共設施用地)
萬華區,直興,1,449,7,道路用地(公共設施用地)
萬華區,直興,1,450,0,第四種住宅區
萬華區,直興,1,454,0,第四種住宅區
萬華區,直興,1,454,1,道路用地(公共設施用地)
萬華區,直興,1,455,3,道路用地(公共設施用地)
萬華區,直興,1,460,0,道路用地(公共設施用地)
萬華區,直興,1,460,1,道路用地(公共設施用地)
萬華區,直興,1,461,0,道路用地(公共設施用地)
萬華區,直興,1,461,1,道路用地(公共設施用地)
萬華區,直興,1,462,0,道路用地(公共設施用地)
萬華區,直興,1,463,0,道路用地(公共設施用地)
萬華區,直興,1,471,0,第四種住宅區
萬華區,直興,1,472,0,第四種住宅區
萬華區,直興,1,473,0,第四種住宅區
萬華區,直興,1,474,0,第四種住宅區
萬華區,直興,1,475,0,第四種住宅區
萬華區,直興,1,478,0,第四種住宅區
萬華區,直興,1,479,0,第四種住宅區
萬華區,直興,1,488,0,道路用地(公共設施用地)
萬華區,直興,1,492,0,道路用地(公共設施用地)
萬華區,直興,1,493,0,第四種商業區
萬華區,直興,1,494,0,第四種商業區
萬華區,直興,1,495,0,第四種商業區
萬華區,直興,1,496,0,第四種商業區
萬華區,直興,1,497,0,第四種商業區
萬華區,直興,1,497,1,道路用地(公共設施用地)
萬華區,直興,1,498,0,第四種商業區
萬華區,直興,1,499,0,第四種商業區
萬華區,直興,1,500,0,第四種商業區
萬華區,直興,1,501,0,第四種商業區
萬華區,直興,1,502,0,第四種商業區
萬華區,直興,1,503,0,第四種商業區
萬華區,直興,1,504,0,第四種商業區
萬華區,直興,1,505,0,第四種商業區
萬華區,直興,1,506,0,第四種商業區
萬華區,直興,1,507,0,第四種商業區
萬華區,直興,1,508,0,道路用地(公共設施用地)
萬華區,直興,1,509,0,道路用地(公共設施用地)
萬華區,直興,1,510,0,第四種商業區
萬華區,直興,1,516,1,道路用地(公共設施用地)
萬華區,直興,1,518,0,第四種商業區
萬華區,直興,1,519,0,道路用地(公共設施用地)
萬華區,直興,1,519,1,第四種商業區
萬華區,直興,1,519,2,第四種商業區
萬華區,直興,1,520,0,道路用地(公共設施用地)
萬華區,直興,1,521,0,道路用地(公共設施用地)
萬華區,直興,1,522,0,第四種商業區
萬華區,直興,1,522,1,道路用地(公共設施用地)
萬華區,直興,1,523,0,第四種商業區
萬華區,直興,1,524,0,第四種商業區
萬華區,直興,1,525,0,第四種商業區
萬華區,直興,1,526,0,第四種商業區
萬華區,直興,1,527,0,第四種商業區
萬華區,直興,1,528,0,第四種商業區
萬華區,直興,1,529,0,第四種商業區
萬華區,直興,1,530,1,道路用地(公共設施用地)
萬華區,直興,1,530,2,第四種商業區
萬華區,直興,1,531,0,道路用地(公共設施用地)
萬華區,直興,1,532,1,道路用地(公共設施用地)
萬華區,直興,1,542,1,道路用地(公共設施用地)
萬華區,直興,1,542,2,第四種商業區
萬華區,直興,1,543,0,第四種商業區
萬華區,直興,1,544,0,第四種商業區
萬華區,直興,1,545,0,第四種商業區
萬華區,直興,1,545,1,道路用地(公共設施用地)
萬華區,直興,1,546,0,第四種商業區
萬華區,直興,1,546,1,道路用地(公共設施用地)
萬華區,直興,1,547,0,第四種商業區
萬華區,直興,1,548,0,第四種商業區
萬華區,直興,1,548,1,道路用地(公共設施用地)
萬華區,直興,1,549,0,第四種商業區
萬華區,直興,1,549,1,道路用地(公共設施用地)
萬華區,直興,1,550,0,第四種商業區
萬華區,直興,1,550,1,道路用地(公共設施用地)
萬華區,直興,1,551,0,道路用地(公共設施用地)
萬華區,直興,1,552,0,第四種商業區
萬華區,直興,1,552,1,道路用地(公共設施用地)
萬華區,直興,1,553,0,第四種商業區
萬華區,直興,1,553,1,道路用地(公共設施用地)
萬華區,直興,1,554,0,第四種商業區
萬華區,直興,1,554,1,道路用地(公共設施用地)
萬華區,直興,1,555,0,第四種商業區
萬華區,直興,1,555,1,道路用地(公共設施用地)
萬華區,直興,1,560,0,第四種商業區
萬華區,直興,1,570,0,第四種商業區
萬華區,直興,1,571,0,第四種商業區
萬華區,直興,1,572,0,第四種商業區
萬華區,直興,1,573,0,第四種商業區
萬華區,直興,1,574,0,第四種商業區
萬華區,直興,1,575,0,第四種商業區
萬華區,直興,1,576,0,機關用地(公共設施用地)
萬華區,直興,1,577,0,綠地用地(公共設施用地)
萬華區,直興,1,578,0,機關用地(公共設施用地)
萬華區,直興,1,581,0,機關用地(公共設施用地)
萬華區,直興,1,582,0,第四種商業區
萬華區,直興,1,584,0,第四種商業區
萬華區,直興,1,587,0,第四種商業區
萬華區,直興,1,588,0,第四種商業區
萬華區,直興,1,589,0,第四種商業區
萬華區,直興,1,590,0,第四種商業區
萬華區,直興,1,591,0,第四種商業區
萬華區,直興,1,591,1,道路用地(公共設施用地)
萬華區,直興,1,592,0,第四種商業區
萬華區,直興,1,593,0,第四種商業區
萬華區,直興,1,593,1,道路用地(公共設施用地)
萬華區,直興,1,594,0,第四種商業區
萬華區,直興,1,594,1,道路用地(公共設施用地)
萬華區,直興,1,595,0,第四種商業區
萬華區,直興,1,595,1,道路用地(公共設施用地)
萬華區,直興,1,596,0,第四種商業區
萬華區,直興,1,596,1,道路用地(公共設施用地)
萬華區,直興,1,597,0,"第四種商業區,但是否在道路用地(公共設施用地)(應依建築線或俟地籍測量分割後,再確定)"
萬華區,直興,1,603,0,道路用地(公共設施用地)
萬華區,直興,1,603,1,第四種住宅區
萬華區,直興,1,604,0,第四種商業區
萬華區,直興,1,604,1,道路用地(公共設施用地)
萬華區,直興,1,605,0,第四種商業區
萬華區,直興,1,605,1,道路用地(公共設施用地)
萬華區,直興,1,606,0,第四種商業區
萬華區,直興,1,607,0,第四種商業區
萬華區,直興,1,608,0,第四種商業區
萬華區,直興,1,608,1,道路用地(公共設施用地)
萬華區,直興,1,609,0,道路用地(公共設施用地)
萬華區,直興,1,610,0,第四種商業區
萬華區,直興,1,611,0,第四種商業區
萬華區,直興,1,612,0,第四種商業區
萬華區,直興,1,613,0,第四種商業區
萬華區,直興,1,614,0,第四種商業區
萬華區,直興,1,615,0,第四種商業區
萬華區,直興,1,616,0,第四種商業區
萬華區,直興,1,617,0,第四種商業區
萬華區,直興,1,618,0,第四種商業區
萬華區,直興,1,619,0,第四種商業區
萬華區,直興,1,620,0,"第四種商業區,但是否在道路用地(公共設施用地)(應依建築線或俟地籍測量分割後,再確定)"
萬華區,直興,1,621,0,道路用地(公共設施用地)
萬華區,直興,1,621,1,第四種商業區
萬華區,直興,1,622,0,道路用地(公共設施用地)
萬華區,直興,1,622,1,第四種住宅區
萬華區,直興,1,622,2,第四種商業區
萬華區,直興,1,623,0,第四種住宅區
萬華區,直興,1,623,1,道路用地(公共設施用地)
萬華區,直興,1,624,0,第四種住宅區
萬華區,直興,1,625,0,第四種住宅區
萬華區,直興,1,626,0,第四種住宅區
萬華區,直興,1,627,0,第四種住宅區
萬華區,直興,1,628,0,第四種住宅區
萬華區,直興,1,629,0,第四種住宅區
萬華區,直興,1,630,0,第四種住宅區
萬華區,直興,1,631,0,第四種住宅區
萬華區,直興,1,632,0,第四種住宅區
萬華區,直興,1,633,0,第四種住宅區
萬華區,直興,1,634,0,第四種住宅區
萬華區,直興,1,635,0,第四種住宅區
萬華區,直興,1,636,0,第四種住宅區
萬華區,直興,1,637,0,第四種住宅區
萬華區,直興,1,638,0,第四種住宅區
萬華區,直興,1,639,0,第四種住宅區
萬華區,直興,1,640,0,第四種住宅區
萬華區,直興,1,641,0,第四種住宅區
萬華區,直興,1,642,0,第四種住宅區
萬華區,直興,1,642,1,第四種住宅區
萬華區,直興,1,643,0,第四種住宅區及道路用地(公共設施用地)
萬華區,直興,1,644,0,第四種住宅區
萬華區,直興,1,645,0,第四種住宅區
萬華區,直興,1,646,0,第四種住宅區
萬華區,直興,1,646,1,第四種住宅區
萬華區,直興,1,647,0,第四種住宅區
萬華區,直興,1,648,0,道路用地(公共設施用地)
萬華區,直興,1,652,0,第四種住宅區
萬華區,直興,1,655,0,第四種住宅區
萬華區,直興,1,656,0,第四種住宅區
萬華區,直興,1,657,0,第四種住宅區
萬華區,直興,1,660,0,第四種住宅區
萬華區,直興,1,661,0,第四種住宅區
萬華區,直興,1,663,0,第四種住宅區
萬華區,直興,1,665,0,第四種住宅區
萬華區,直興,1,666,0,第四種住宅區
萬華區,直興,1,669,0,第四種住宅區
萬華區,直興,1,670,0,第四種住宅區
萬華區,直興,1,671,0,第四種住宅區
萬華區,直興,1,672,0,第四種住宅區
萬華區,直興,1,673,0,第四種住宅區
萬華區,直興,1,676,0,第四種住宅區
萬華區,直興,1,677,0,第四種住宅區
萬華區,直興,1,678,0,第四種住宅區
萬華區,直興,1,680,0,道路用地(公共設施用地)
萬華區,直興,1,681,0,第四種住宅區
萬華區,直興,1,682,0,第四種住宅區
萬華區,直興,1,683,0,第四種住宅區
萬華區,直興,1,685,0,第四種住宅區
萬華區,直興,1,686,0,道路用地(公共設施用地)
萬華區,直興,1,687,0,道路用地(公共設施用地)
萬華區,直興,1,688,0,第四種住宅區及道路用地(公共設施用地)
萬華區,直興,1,689,0,第四種住宅區
萬華區,直興,1,690,0,第四種住宅區
萬華區,直興,1,691,0,第四種住宅區
萬華區,直興,1,692,0,第四種住宅區
萬華區,直興,1,693,0,第四種住宅區
萬華區,直興,1,693,1,第四種住宅區
萬華區,直興,1,694,0,第四種住宅區
萬華區,直興,1,695,0,第四種住宅區
萬華區,直興,1,696,0,第四種住宅區
萬華區,直興,1,697,0,第四種住宅區
萬華區,直興,1,698,0,第四種住宅區
萬華區,直興,1,699,0,第四種住宅區
萬華區,直興,1,700,0,第四種住宅區
萬華區,直興,1,701,0,第四種住宅區
萬華區,直興,1,702,0,第四種住宅區
萬華區,直興,1,703,0,第四種住宅區
萬華區,直興,1,703,1,道路用地(公共設施用地)
萬華區,直興,1,704,0,第四種住宅區
萬華區,直興,1,705,0,第四種住宅區
萬華區,直興,1,706,2,道路用地(公共設施用地)
萬華區,直興,1,707,0,第四種住宅區
萬華區,直興,1,708,0,第四種住宅區
萬華區,直興,1,708,1,第四種住宅區
萬華區,直興,1,709,0,"第四種住宅區,但是否在道路用地(公共設施用地)(應依建築線或俟地籍測量分割後,再確定)"
萬華區,直興,1,709,1,道路用地(公共設施用地)
萬華區,直興,1,710,0,第四種住宅區
萬華區,直興,1,711,0,第四種住宅區
萬華區,直興,1,711,1,道路用地(公共設施用地)
萬華區,直興,1,712,0,第四種住宅區
萬華區,直興,1,712,1,道路用地(公共設施用地)
萬華區,直興,1,713,0,第四種住宅區
萬華區,直興,1,714,0,第四種住宅區
萬華區,直興,1,714,1,道路用地(公共設施用地)
萬華區,直興,1,715,0,第四種住宅區
萬華區,直興,1,715,1,道路用地(公共設施用地)
萬華區,直興,1,716,0,第四種住宅區
萬華區,直興,1,717,0,第四種住宅區
萬華區,直興,1,718,0,第四種住宅區
萬華區,直興,1,719,0,第四種住宅區
萬華區,直興,1,719,1,道路用地(公共設施用地)
萬華區,直興,1,720,0,第四種住宅區
萬華區,直興,1,720,1,道路用地(公共設施用地)
萬華區,直興,1,721,0,"第四種住宅區,但是否在道路用地(公共設施用地)(應依建築線或俟地籍測量分割後,再確定)"
萬華區,直興,1,721,1,道路用地(公共設施用地)
萬華區,直興,1,721,2,第四種住宅區
萬華區,直興,1,722,0,道路用地(公共設施用地)
萬華區,直興,1,722,1,道路用地(公共設施用地)
萬華區,直興,1,722,2,道路用地(公共設施用地)
萬華區,直興,1,722,3,道路用地(公共設施用地)
萬華區,直興,1,722,4,道路用地(公共設施用地)
萬華區,直興,1,722,5,第四種住宅區
萬華區,直興,1,723,0,公園用地(公共設施用地)
萬華區,直興,1,723,1,道路用地(公共設施用地)
萬華區,直興,1,723,2,道路用地(公共設施用地)
萬華區,直興,1,724,1,道路用地(公共設施用地)
萬華區,直興,1,724,2,道路用地(公共設施用地)
萬華區,直興,1,725,0,道路用地(公共設施用地)
萬華區,直興,1,725,1,道路用地(公共設施用地)
萬華區,直興,1,726,1,道路用地(公共設施用地)
萬華區,直興,1,727,1,道路用地(公共設施用地)
萬華區,直興,1,727,2,道路用地(公共設施用地)
萬華區,直興,1,728,1,道路用地(公共設施用地)
萬華區,直興,1,729,0,道路用地(公共設施用地)
萬華區,直興,1,729,1,道路用地(公共設施用地)
萬華區,直興,1,730,0,道路用地(公共設施用地)
萬華區,直興,1,731,0,道路用地(公共設施用地)
萬華區,直興,1,731,1,道路用地(公共設施用地)
萬華區,直興,1,735,1,道路用地(公共設施用地)
萬華區,直興,1,737,0,道路用地(公共設施用地)
萬華區,直興,1,737,1,公園用地(公共設施用地)
萬華區,直興,1,737,2,公園用地(公共設施用地)
萬華區,直興,1,742,0,道路用地(公共設施用地)
萬華區,直興,1,742,1,道路用地(公共設施用地)
萬華區,直興,1,742,2,第四種住宅區
萬華區,直興,1,743,0,"道路用地(公共設施用地),但是否在機關用地(公共設施用地)(應依建築線或俟地籍測量分割後,再確定)"
萬華區,直興,1,744,0,河川區
萬華區,直興,1,745,0,河川區
萬華區,直興,1,746,0,第四種住宅區
萬華區,直興,2,1,0,道路用地(公共設施用地)
萬華區,直興,2,2,0,道路用地(公共設施用地)
萬華區,直興,2,3,0,道路用地(公共設施用地)
萬華區,直興,2,4,0,道路用地(公共設施用地)
萬華區,直興,2,5,0,第四種住宅區
萬華區,直興,2,6,0,第四種住宅區
萬華區,直興,2,6,1,道路用地(公共設施用地)
萬華區,直興,2,7,0,第四種住宅區
萬華區,直興,2,8,0,第四種住宅區
萬華區,直興,2,9,0,第四種住宅區
萬華區,直興,2,10,0,第四種住宅區
萬華區,直興,2,10,1,道路用地(公共設施用地)
萬華區,直興,2,11,0,第四種住宅區
萬華區,直興,2,11,1,道路用地(公共設施用地)
萬華區,直興,2,12,0,第四種住宅區
萬華區,直興,2,12,1,道路用地(公共設施用地)
萬華區,直興,2,13,0,第四種住宅區
萬華區,直興,2,13,1,道路用地(公共設施用地)
萬華區,直興,2,14,0,第四種住宅區
萬華區,直興,2,14,1,道路用地(公共設施用地)
萬華區,直興,2,15,0,第四種住宅區
萬華區,直興,2,15,1,道路用地(公共設施用地)
萬華區,直興,2,16,0,第四種住宅區
萬華區,直興,2,16,1,第四種住宅區
萬華區,直興,2,16,2,道路用地(公共設施用地)
萬華區,直興,2,17,0,第四種住宅區
萬華區,直興,2,17,1,第四種住宅區
萬華區,直興,2,17,2,道路用地(公共設施用地)
萬華區,直興,2,18,0,第四種住宅區
萬華區,直興,2,18,1,第四種住宅區
萬華區,直興,2,18,2,道路用地(公共設施用地)
萬華區,直興,2,19,0,第四種住宅區
萬華區,直興,2,19,1,第四種住宅區
萬華區,直興,2,19,2,道路用地(公共設施用地)
萬華區,直興,2,20,0,第四種住宅區
萬華區,直興,2,20,1,第四種住宅區
萬華區,直興,2,20,2,道路用地(公共設施用地)
萬華區,直興,2,21,0,第四種住宅區
萬華區,直興,2,22,0,第四種住宅區
萬華區,直興,2,22,1,第四種住宅區
萬華區,直興,2,22,2,第四之一種住宅區
萬華區,直興,2,23,0,第四種住宅區
萬華區,直興,2,26,0,"第四種住宅區,但是否在道路用地(公共設施用地)(應依建築線或俟地籍測量分割後,再確定)"
萬華區,直興,2,26,1,道路用地(公共設施用地)
萬華區,直興,2,27,0,第四種住宅區
萬華區,直興,2,28,0,第四之一種住宅區
萬華區,直興,2,30,0,第四之一種住宅區
萬華區,直興,2,31,4,道路用地(公共設施用地)
萬華區,直興,2,31,5,道路用地(公共設施用地)
萬華區,直興,2,32,0,第四之一種住宅區
萬華區,直興,2,33,0,道路用地(公共設施用地)
萬華區,直興,2,34,0,道路用地(公共設施用地)
萬華區,直興,2,34,1,第四之一種住宅區
萬華區,直興,2,34,2,第四之一種住宅區
萬華區,直興,2,34,3,道路用地(公共設施用地)
萬華區,直興,2,35,0,第四之一種住宅區
萬華區,直興,2,35,1,道路用地(公共設施用地)
萬華區,直興,2,35,2,第四之一種住宅區
萬華區,直興,2,36,0,道路用地(公共設施用地)
萬華區,直興,2,37,0,道路用地(公共設施用地)
萬華區,直興,2,38,0,第四之一種住宅區
萬華區,直興,2,38,1,第四之一種住宅區
萬華區,直興,2,38,2,道路用地(公共設施用地)
萬華區,直興,2,39,0,第四之一種住宅區
萬華區,直興,2,39,2,第四之一種住宅區
萬華區,直興,2,39,3,道路用地(公共設施用地)
萬華區,直興,2,40,0,第四之一種住宅區及第四種住宅區
萬華區,直興,2,40,2,道路用地(公共設施用地)
萬華區,直興,2,41,2,道路用地(公共設施用地)
萬華區,直興,2,42,2,道路用地(公共設施用地)
萬華區,直興,2,43,2,道路用地(公共設施用地)
萬華區,直興,2,44,2,道路用地(公共設施用地)
萬華區,直興,2,45,2,道路用地(公共設施用地)
萬華區,直興,2,46,0,"第四種住宅區,但是否在第四之一種住宅區(應依建築線或俟地籍測量分割後,再確定)"
萬華區,直興,2,46,1,第四種住宅區
萬華區,直興,2,46,2,道路用地(公共設施用地)
萬華區,直興,2,47,0,第四之一種住宅區及第四種住宅區
萬華區,直興,2,47,1,第四種住宅區
萬華區,直興,2,47,2,道路用地(公共設施用地)
萬華區,直興,2,48,0,第四之一種住宅區及第四種住宅區
萬華區,直興,2,48,1,道路用地(公共設施用地)
萬華區,直興,2,49,1,"第四之一種住宅區,但是否在第四種住宅區(應依建築線或俟地籍測量分割後,再確定)"
萬華區,直興,2,49,2,道路用地(公共設施用地)
萬華區,直興,2,51,1,道路用地(公共設施用地)
萬華區,直興,2,51,2,第四之一種住宅區
萬華區,直興,2,52,0,第四之一種住宅區
萬華區,直興,2,53,0,道路用地(公共設施用地)
萬華區,直興,2,54,0,道路用地(公共設施用地)
萬華區,直興,2,58,0,第四之一種住宅區
萬華區,直興,2,58,1,道路用地(公共設施用地)
萬華區,直興,2,59,0,道路用地(公共設施用地)
萬華區,直興,2,59,1,第四之一種住宅區
萬華區,直興,2,60,0,第四之一種住宅區
萬華區,直興,2,61,0,第四之一種住宅區
萬華區,直興,2,61,1,道路用地(公共設施用地)
萬華區,直興,2,62,0,第四之一種住宅區
萬華區,直興,2,62,1,道路用地(公共設施用地)
萬華區,直興,2,63,0,第四之一種住宅區
萬華區,直興,2,63,1,道路用地(公共設施用地)
萬華區,直興,2,64,0,第四之一種住宅區
萬華區,直興,2,64,1,道路用地(公共設施用地)
萬華區,直興,2,65,0,第四之一種住宅區
萬華區,直興,2,65,1,道路用地(公共設施用地)
萬華區,直興,2,66,0,第四之一種住宅區
萬華區,直興,2,67,0,道路用地(公共設施用地)
萬華區,直興,2,67,1,道路用地(公共設施用地)
萬華區,直興,2,68,0,道路用地(公共設施用地)
萬華區,直興,2,68,1,河川區及道路用地(公共設施用地)
萬華區,直興,2,69,0,第四之一種住宅區
萬華區,直興,2,70,0,道路用地(公共設施用地)
萬華區,直興,2,70,1,第四之一種住宅區
萬華區,直興,2,71,0,道路用地(公共設施用地)
萬華區,直興,2,72,0,道路用地(公共設施用地)
萬華區,直興,2,73,0,道路用地(公共設施用地)
萬華區,直興,2,74,0,道路用地(公共設施用地)
萬華區,直興,2,74,1,道路用地(公共設施用地)
萬華區,直興,2,75,0,道路用地(公共設施用地)
萬華區,直興,2,76,0,"第肆種商業區(依都市計畫說明書圖規定辦理,始得作第肆種商業區使用)(原屬第參種商業區)"
萬華區,直興,2,76,3,道路用地(公共設施用地)
萬華區,直興,2,76,4,道路用地(公共設施用地)
萬華區,直興,2,79,0,"第肆種商業區(依都市計畫說明書圖規定辦理,始得作第肆種商業區使用)(原屬第參種商業區)"
萬華區,直興,2,80,0,道路用地(公共設施用地)
萬華區,直興,2,81,0,"第肆種商業區(依都市計畫說明書圖規定辦理,始得作第肆種商業區使用)(原屬第參種商業區)"
萬華區,直興,2,84,0,道路用地(公共設施用地)
萬華區,直興,2,85,0,道路用地(公共設施用地)
萬華區,直興,2,88,0,道路用地(公共設施用地)
萬華區,直興,2,89,0,道路用地(公共設施用地)
萬華區,直興,2,89,1,"道路用地(公共設施用地),但是否在第肆種商業區(依都市計畫說明書圖規定辦理,始得作第肆種商業區使用)(原屬第參種商業區,應依建築線或俟地籍測量分割後,再確定)"
萬華區,直興,2,90,0,"第肆種商業區(依都市計畫說明書圖規定辦理,始得作第肆種商業區使用)(原屬第參種商業區)"
萬華區,直興,2,90,1,"第肆種商業區(依都市計畫說明書圖規定辦理,始得作第肆種商業區使用)(原屬第參種商業區)"
萬華區,直興,2,90,2,"第肆種商業區(依都市計畫說明書圖規定辦理,始得作第肆種商業區使用)(原屬第參種商業區)"
萬華區,直興,2,90,3,"第肆種商業區(依都市計畫說明書圖規定辦理,始得作第肆種商業區使用)(原屬第參種商業區)"
萬華區,直興,2,91,0,"第肆種商業區(依都市計畫說明書圖規定辦理,始得作第肆種商業區使用)(原屬第參種商業區)"
萬華區,直興,2,92,0,"第肆種商業區(依都市計畫說明書圖規定辦理,始得作第肆種商業區使用)(原屬第參種商業區)"
萬華區,直興,2,93,0,"第肆種商業區(依都市計畫說明書圖規定辦理,始得作第肆種商業區使用)(原屬第參種商業區)"
萬華區,直興,2,94,0,道路用地(公共設施用地)
萬華區,直興,2,95,0,道路用地(公共設施用地)
萬華區,直興,2,96,0,道路用地(公共設施用地)
萬華區,直興,2,97,0,道路用地(公共設施用地)
萬華區,直興,2,98,0,道路用地(公共設施用地)
萬華區,直興,2,99,0,道路用地(公共設施用地)
萬華區,直興,2,100,0,"第肆種商業區(依都市計畫說明書圖規定辦理,始得作第肆種商業區使用)(原屬第參種商業區)"
萬華區,直興,2,101,0,"第肆種商業區(依都市計畫說明書圖規定辦理,始得作第肆種商業區使用)(原屬第參種商業區)"
萬華區,直興,2,102,0,"第肆種商業區(依都市計畫說明書圖規定辦理,始得作第肆種商業區使用)(原屬第參種商業區)"
萬華區,直興,2,103,0,道路用地(公共設施用地)
萬華區,直興,2,104,0,道路用地(公共設施用地)
萬華區,直興,2,105,0,"第肆種商業區(依都市計畫說明書圖規定辦理,始得作第肆種商業區使用)(原屬第參種商業區)"
萬華區,直興,2,106,0,"第肆種商業區(依都市計畫說明書圖規定辦理,始得作第肆種商業區使用)(原屬第參種商業區)"
萬華區,直興,2,107,0,道路用地(公共設施用地)
萬華區,直興,2,108,0,道路用地(公共設施用地)
萬華區,直興,2,109,0,"第肆種商業區(依都市計畫說明書圖規定辦理,始得作第肆種商業區使用)(原屬第參種商業區)"
萬華區,直興,2,110,0,"第肆種商業區(依都市計畫說明書圖規定辦理,始得作第肆種商業區使用)(原屬第參種商業區)"
萬華區,直興,2,111,0,"第肆種商業區(依都市計畫說明書圖規定辦理,始得作第肆種商業區使用)(原屬第參種商業區)"
萬華區,直興,2,112,0,道路用地(公共設施用地)
萬華區,直興,2,113,0,道路用地(公共設施用地)
萬華區,直興,2,117,0,道路用地(公共設施用地)
萬華區,直興,2,118,1,道路用地(公共設施用地)
萬華區,直興,2,120,1,"第肆種商業區(依都市計畫說明書圖規定辦理,始得作第肆種商業區使用)(原屬第參種商業區)"
萬華區,直興,2,121,0,"第肆種商業區(依都市計畫說明書圖規定辦理,始得作第肆種商業區使用)(原屬第參種商業區)"
萬華區,直興,2,121,3,道路用地(公共設施用地)
萬華區,直興,2,121,4,"第肆種商業區(依都市計畫說明書圖規定辦理,始得作第肆種商業區使用)(原屬第參種商業區)"
萬華區,直興,2,121,5,"第肆種商業區(依都市計畫說明書圖規定辦理,始得作第肆種商業區使用)(原屬第參種商業區)"
萬華區,直興,2,122,0,道路用地(公共設施用地)
萬華區,直興,2,123,0,"第肆種商業區(依都市計畫說明書圖規定辦理,始得作第肆種商業區使用)(原屬第參種商業區)"
萬華區,直興,2,123,1,"第肆種商業區(依都市計畫說明書圖規定辦理,始得作第肆種商業區使用)(原屬第參種商業區)"
萬華區,直興,2,123,2,道路用地(公共設施用地)
萬華區,直興,2,123,3,道路用地(公共設施用地)
萬華區,直興,2,124,0,"第肆種商業區(依都市計畫說明書圖規定辦理,始得作第肆種商業區使用)(原屬第參種商業區)"
萬華區,直興,2,124,1,道路用地(公共設施用地)
萬華區,直興,2,125,0,道路用地(公共設施用地)
萬華區,直興,2,125,1,道路用地(公共設施用地)
萬華區,直興,2,126,0,道路用地(公共設施用地)
萬華區,直興,2,127,0,"第肆種商業區(依都市計畫說明書圖規定辦理,始得作第肆種商業區使用)(原屬第參種商業區)"
萬華區,直興,2,127,1,道路用地(公共設施用地)
萬華區,直興,2,128,0,道路用地(公共設施用地)
萬華區,直興,2,129,0,"第肆種商業區(依都市計畫說明書圖規定辦理,始得作第肆種商業區使用)(原屬第參種商業區)"
萬華區,直興,2,129,1,道路用地(公共設施用地)
萬華區,直興,2,130,1,道路用地(公共設施用地)
萬華區,直興,2,132,1,道路用地(公共設施用地)
萬華區,直興,2,133,1,道路用地(公共設施用地)
萬華區,直興,2,135,1,道路用地(公共設施用地)
萬華區,直興,2,136,1,道路用地(公共設施用地)
萬華區,直興,2,137,0,道路用地(公共設施用地)
萬華區,直興,2,138,0,道路用地(公共設施用地)
萬華區,直興,2,138,1,道路用地(公共設施用地)
萬華區,直興,2,138,2,"第肆種商業區(依都市計畫說明書圖規定辦理,始得作第肆種商業區使用)(原屬第參種商業區)"
萬華區,直興,2,139,0,"第肆種商業區(依都市計畫說明書圖規定辦理,始得作第肆種商業區使用)(原屬第參種商業區)"
萬華區,直興,2,139,1,道路用地(公共設施用地)
萬華區,直興,2,140,1,道路用地(公共設施用地)
萬華區,直興,2,141,0,"第肆種商業區(依都市計畫說明書圖規定辦理,始得作第肆種商業區使用)(原屬第參種商業區)"
萬華區,直興,2,141,1,道路用地(公共設施用地)
萬華區,直興,2,142,1,道路用地(公共設施用地)
萬華區,直興,2,143,1,道路用地(公共設施用地)
萬華區,直興,2,145,0,"第肆種商業區(依都市計畫說明書圖規定辦理,始得作第肆種商業區使用)(原屬第參種商業區)"
萬華區,直興,2,147,0,"第肆種商業區(依都市計畫說明書圖規定辦理,始得作第肆種商業區使用)(原屬第參種商業區)"
萬華區,直興,2,148,0,"第肆種商業區(依都市計畫說明書圖規定辦理,始得作第肆種商業區使用)(原屬第參種商業區)"
萬華區,直興,2,149,0,"第肆種商業區(依都市計畫說明書圖規定辦理,始得作第肆種商業區使用)(原屬第參種商業區)"
萬華區,直興,2,150,0,"第肆種商業區(依都市計畫說明書圖規定辦理,始得作第肆種商業區使用)(原屬第參種商業區)"
萬華區,直興,2,151,0,"第肆種商業區(依都市計畫說明書圖規定辦理,始得作第肆種商業區使用)(原屬第參種商業區)"
萬華區,直興,2,152,0,"第肆種商業區(依都市計畫說明書圖規定辦理,始得作第肆種商業區使用)(原屬第參種商業區)"
萬華區,直興,2,153,0,"第肆種商業區(依都市計畫說明書圖規定辦理,始得作第肆種商業區使用)(原屬第參種商業區)"
萬華區,直興,2,154,0,"第肆種商業區(依都市計畫說明書圖規定辦理,始得作第肆種商業區使用)(原屬第參種商業區)"
萬華區,直興,2,155,0,"第肆種商業區(依都市計畫說明書圖規定辦理,始得作第肆種商業區使用)(原屬第參種商業區)"
萬華區,直興,2,156,0,"第肆種商業區(依都市計畫說明書圖規定辦理,始得作第肆種商業區使用)(原屬第參種商業區)"
萬華區,直興,2,156,1,道路用地(公共設施用地)
萬華區,直興,2,157,0,道路用地(公共設施用地)
萬華區,直興,2,158,0,道路用地(公共設施用地)
萬華區,直興,2,159,0,"第肆種商業區(依都市計畫說明書圖規定辦理,始得作第肆種商業區使用)(原屬第參種商業區)"
萬華區,直興,2,160,0,"第肆種商業區(依都市計畫說明書圖規定辦理,始得作第肆種商業區使用)(原屬第參種商業區)"
萬華區,直興,2,161,0,道路用地(公共設施用地)
萬華區,直興,2,162,0,道路用地(公共設施用地)
萬華區,直興,2,162,1,道路用地(公共設施用地)
萬華區,直興,2,163,0,"第肆種商業區(依都市計畫說明書圖規定辦理,始得作第肆種商業區使用)(原屬第參種商業區)"
萬華區,直興,2,164,0,"第肆種商業區(依都市計畫說明書圖規定辦理,始得作第肆種商業區使用)(原屬第參種商業區)"
萬華區,直興,2,164,1,道路用地(公共設施用地)
萬華區,直興,2,165,0,"第肆種商業區(依都市計畫說明書圖規定辦理,始得作第肆種商業區使用)(原屬第參種商業區)"
萬華區,直興,2,165,1,道路用地(公共設施用地)
萬華區,直興,2,166,0,"第肆種商業區(依都市計畫說明書圖規定辦理,始得作第肆種商業區使用)(原屬第參種商業區)"
萬華區,直興,2,167,0,道路用地(公共設施用地)
萬華區,直興,2,168,0,道路用地(公共設施用地)
萬華區,直興,2,169,0,"第肆種商業區(依都市計畫說明書圖規定辦理,始得作第肆種商業區使用)(原屬第參種商業區)"
萬華區,直興,2,170,0,"第肆種商業區(依都市計畫說明書圖規定辦理,始得作第肆種商業區使用)(原屬第參種商業區)"
萬華區,直興,2,171,0,"第肆種商業區(依都市計畫說明書圖規定辦理,始得作第肆種商業區使用)(原屬第參種商業區)"
萬華區,直興,2,172,0,"第肆種商業區(依都市計畫說明書圖規定辦理,始得作第肆種商業區使用)(原屬第參種商業區)"
萬華區,直興,2,173,0,"第肆種商業區(依都市計畫說明書圖規定辦理,始得作第肆種商業區使用)(原屬第參種商業區)"
萬華區,直興,2,174,0,"第肆種商業區(依都市計畫說明書圖規定辦理,始得作第肆種商業區使用)(原屬第參種商業區)"
萬華區,直興,2,174,1,道路用地(公共設施用地)
萬華區,直興,2,175,0,"第肆種商業區(依都市計畫說明書圖規定辦理,始得作第肆種商業區使用)(原屬第參種商業區)"
萬華區,直興,2,175,1,道路用地(公共設施用地)
萬華區,直興,2,176,0,"第肆種商業區(依都市計畫說明書圖規定辦理,始得作第肆種商業區使用)(原屬第參種商業區)"
萬華區,直興,2,176,2,"第肆種商業區(依都市計畫說明書圖規定辦理,始得作第肆種商業區使用)(原屬第參種商業區)"
萬華區,直興,2,176,3,"第肆種商業區(依都市計畫說明書圖規定辦理,始得作第肆種商業區使用)(原屬第參種商業區)"
萬華區,直興,2,176,4,道路用地(公共設施用地)
萬華區,直興,2,177,0,道路用地(公共設施用地)
萬華區,直興,2,177,1,道路用地(公共設施用地)
萬華區,直興,2,178,0,道路用地(公共設施用地)
萬華區,直興,2,179,0,"第肆種商業區(依都市計畫說明書圖規定辦理,始得作第肆種商業區使用)(原屬第參種商業區)"
萬華區,直興,2,180,0,"第肆種商業區(依都市計畫說明書圖規定辦理,始得作第肆種商業區使用)(原屬第參種商業區)"
萬華區,直興,2,181,0,"第肆種商業區(依都市計畫說明書圖規定辦理,始得作第肆種商業區使用)(原屬第參種商業區)"
萬華區,直興,2,181,1,道路用地(公共設施用地)
萬華區,直興,2,182,0,"第肆種商業區(依都市計畫說明書圖規定辦理,始得作第肆種商業區使用)(原屬第參種商業區)"
萬華區,直興,2,182,1,道路用地(公共設施用地)
萬華區,直興,2,183,0,"第肆種商業區(依都市計畫說明書圖規定辦理,始得作第肆種商業區使用)(原屬第參種商業區)"
萬華區,直興,2,184,0,"第肆種商業區(依都市計畫說明書圖規定辦理,始得作第肆種商業區使用)(原屬第參種商業區)"
萬華區,直興,2,185,0,道路用地(公共設施用地)
萬華區,直興,2,186,0,道路用地(公共設施用地)
萬華區,直興,2,187,0,"第肆種商業區(依都市計畫說明書圖規定辦理,始得作第肆種商業區使用)(原屬第參種商業區)"
萬華區,直興,2,187,1,"第肆種商業區(依都市計畫說明書圖規定辦理,始得作第肆種商業區使用)(原屬第參種商業區)"
萬華區,直興,2,187,2,道路用地(公共設施用地)
萬華區,直興,2,187,3,"第肆種商業區(依都市計畫說明書圖規定辦理,始得作第肆種商業區使用)(原屬第肆種住宅區)"
萬華區,直興,2,188,0,"第肆種商業區(依都市計畫說明書圖規定辦理,始得作第肆種商業區使用)(原屬第肆種住宅區)"
萬華區,直興,2,188,1,道路用地(公共設施用地)
萬華區,直興,2,188,2,"第肆種商業區(依都市計畫說明書圖規定辦理,始得作第肆種商業區使用)(原屬第參種商業區)"
萬華區,直興,2,189,0,"第肆種商業區(依都市計畫說明書圖規定辦理,始得作第肆種商業區使用)(原屬第參種商業區)"
萬華區,直興,2,189,1,"第肆種商業區(依都市計畫說明書圖規定辦理,始得作第肆種商業區使用)(原屬第肆種住宅區)"
萬華區,直興,2,189,2,"第肆種商業區(依都市計畫說明書圖規定辦理,始得作第肆種商業區使用)(原屬第參種商業區)"
萬華區,直興,2,190,0,道路用地(公共設施用地)
萬華區,直興,2,191,0,道路用地(公共設施用地)
萬華區,直興,2,192,0,"第肆種商業區(依都市計畫說明書圖規定辦理,始得作第肆種商業區使用)(原屬第參種商業區)"
萬華區,直興,2,192,1,"第肆種商業區(依都市計畫說明書圖規定辦理,始得作第肆種商業區使用)(原屬第肆種住宅區)"
萬華區,直興,2,193,0,"第肆種商業區(依都市計畫說明書圖規定辦理,始得作第肆種商業區使用)(原屬第肆種住宅區)"
萬華區,直興,2,193,1,道路用地(公共設施用地)
萬華區,直興,2,194,0,"第肆種商業區(依都市計畫說明書圖規定辦理,始得作第肆種商業區使用)(原屬第肆種住宅區)"
萬華區,直興,2,194,1,道路用地(公共設施用地)
萬華區,直興,2,195,0,"第肆種商業區(依都市計畫說明書圖規定辦理,始得作第肆種商業區使用)(原屬第參種商業區)"
萬華區,直興,2,195,1,"第肆種商業區(依都市計畫說明書圖規定辦理,始得作第肆種商業區使用)(原屬第肆種住宅區)"
萬華區,直興,2,196,0,道路用地(公共設施用地)
萬華區,直興,2,197,0,道路用地(公共設施用地)
萬華區,直興,2,197,1,道路用地(公共設施用地)
萬華區,直興,2,197,2,道路用地(公共設施用地)
萬華區,直興,2,197,3,道路用地(公共設施用地)
萬華區,直興,2,197,4,道路用地(公共設施用地)
萬華區,直興,2,198,0,"第肆種商業區(依都市計畫說明書圖規定辦理,始得作第肆種商業區使用)(原屬第參種商業區)"
萬華區,直興,2,199,0,"第肆種商業區(依都市計畫說明書圖規定辦理,始得作第肆種商業區使用)(原屬第參種商業區)"
萬華區,直興,2,200,0,"第肆種商業區(依都市計畫說明書圖規定辦理,始得作第肆種商業區使用)(原屬第參種商業區)"
萬華區,直興,2,201,0,"第肆種商業區(依都市計畫說明書圖規定辦理,始得作第肆種商業區使用)(原屬第參種商業區)"
萬華區,直興,2,202,0,"第肆種商業區(依都市計畫說明書圖規定辦理,始得作第肆種商業區使用)(原屬第肆種住宅區及第參種商業區)"
萬華區,直興,2,203,0,"第肆種商業區(依都市計畫說明書圖規定辦理,始得作第肆種商業區使用)(原屬第肆種住宅區)"
萬華區,直興,2,206,1,道路用地(公共設施用地)
萬華區,直興,2,207,1,道路用地(公共設施用地)
萬華區,直興,2,208,1,道路用地(公共設施用地)
萬華區,直興,2,210,1,道路用地(公共設施用地)
萬華區,直興,2,211,0,道路用地(公共設施用地)
萬華區,直興,2,212,0,道路用地(公共設施用地)
萬華區,直興,2,213,0,道路用地(公共設施用地)
萬華區,直興,2,214,0,道路用地(公共設施用地)
萬華區,直興,2,215,0,道路用地(公共設施用地)
萬華區,直興,2,215,1,"第肆種商業區(依都市計畫說明書圖規定辦理,始得作第肆種商業區使用)(原屬第參種商業區)"
萬華區,直興,2,215,2,道路用地(公共設施用地)
萬華區,直興,2,216,0,道路用地(公共設施用地)
萬華區,直興,2,217,0,"第肆種商業區(依都市計畫說明書圖規定辦理,始得作第肆種商業區使用)(原屬第參種商業區)"
萬華區,直興,2,218,0,"第肆種商業區(依都市計畫說明書圖規定辦理,始得作第肆種商業區使用)(原屬第參種商業區)"
萬華區,直興,2,219,0,"第肆種商業區(依都市計畫說明書圖規定辦理,始得作第肆種商業區使用)(原屬第參種商業區)"
萬華區,直興,2,220,0,道路用地(公共設施用地)
萬華區,直興,2,220,1,"第肆種商業區(依都市計畫說明書圖規定辦理,始得作第肆種商業區使用)(原屬第參種商業區)"
萬華區,直興,2,220,2,道路用地(公共設施用地)
萬華區,直興,2,221,0,道路用地(公共設施用地)
萬華區,直興,2,222,0,"第肆種商業區(依都市計畫說明書圖規定辦理,始得作第肆種商業區使用)(原屬第參種商業區)"
萬華區,直興,2,223,0,"第肆種商業區(依都市計畫說明書圖規定辦理,始得作第肆種商業區使用)(原屬第參種商業區)"
萬華區,直興,2,224,0,"第肆種商業區(依都市計畫說明書圖規定辦理,始得作第肆種商業區使用)(原屬第參種商業區)"
萬華區,直興,2,225,0,道路用地(公共設施用地)
萬華區,直興,2,226,0,道路用地(公共設施用地)
萬華區,直興,2,227,0,"第肆種商業區(依都市計畫說明書圖規定辦理,始得作第肆種商業區使用)(原屬第參種商業區)"
萬華區,直興,2,228,0,"第肆種商業區(依都市計畫說明書圖規定辦理,始得作第肆種商業區使用)(原屬第參種商業區)"
萬華區,直興,2,229,0,"第肆種商業區(依都市計畫說明書圖規定辦理,始得作第肆種商業區使用)(原屬第參種商業區)"
萬華區,直興,2,230,0,"第肆種商業區(依都市計畫說明書圖規定辦理,始得作第肆種商業區使用)(原屬第參種商業區)"
萬華區,直興,2,231,0,道路用地(公共設施用地)
萬華區,直興,2,232,0,道路用地(公共設施用地)
萬華區,直興,2,233,0,保存區
萬華區,直興,2,234,0,"第肆種商業區(依都市計畫說明書圖規定辦理,始得作第肆種商業區使用)(原屬第參種商業區)"
萬華區,直興,2,235,0,道路用地(公共設施用地)
萬華區,直興,2,236,0,道路用地(公共設施用地)
萬華區,直興,2,237,0,"第肆種商業區(依都市計畫說明書圖規定辦理,始得作第肆種商業區使用)(原屬第參種商業區)"
萬華區,直興,2,238,0,"第肆種商業區(依都市計畫說明書圖規定辦理,始得作第肆種商業區使用)(原屬第參種商業區)"
萬華區,直興,2,239,0,道路用地(公共設施用地)
萬華區,直興,2,240,0,道路用地(公共設施用地)
萬華區,直興,2,241,0,"第肆種商業區(依都市計畫說明書圖規定辦理,始得作第肆種商業區使用)(原屬第參種商業區)"
萬華區,直興,2,242,0,"第肆種商業區(依都市計畫說明書圖規定辦理,始得作第肆種商業區使用)(原屬第參種商業區)"
萬華區,直興,2,243,0,"第肆種商業區(依都市計畫說明書圖規定辦理,始得作第肆種商業區使用)(原屬第參種商業區)"
萬華區,直興,2,244,0,"第肆種商業區(依都市計畫說明書圖規定辦理,始得作第肆種商業區使用)(原屬第參種商業區)"
萬華區,直興,2,245,0,道路用地(公共設施用地)
萬華區,直興,2,246,0,道路用地(公共設施用地)
萬華區,直興,2,247,0,"第肆種商業區(依都市計畫說明書圖規定辦理,始得作第肆種商業區使用)(原屬第參種商業區)"
萬華區,直興,2,247,1,道路用地(公共設施用地)
萬華區,直興,2,248,0,"第肆種商業區(依都市計畫說明書圖規定辦理,始得作第肆種商業區使用)(原屬第參種商業區)"
萬華區,直興,2,250,0,"第肆種商業區(依都市計畫說明書圖規定辦理,始得作第肆種商業區使用)(原屬第參種商業區)"
萬華區,直興,2,251,0,"第肆種商業區(依都市計畫說明書圖規定辦理,始得作第肆種商業區使用)(原屬第參種商業區)"
萬華區,直興,2,251,1,道路用地(公共設施用地)
萬華區,直興,2,252,0,"第肆種商業區(依都市計畫說明書圖規定辦理,始得作第肆種商業區使用)(原屬第參種商業區)"
萬華區,直興,2,253,0,"第肆種商業區(依都市計畫說明書圖規定辦理,始得作第肆種商業區使用)(原屬第參種商業區)"
萬華區,直興,2,253,1,道路用地(公共設施用地)
萬華區,直興,2,253,2,"第肆種商業區(依都市計畫說明書圖規定辦理,始得作第肆種商業區使用)(原屬第參種商業區)"
萬華區,直興,2,254,0,"第肆種商業區(依都市計畫說明書圖規定辦理,始得作第肆種商業區使用)(原屬第參種商業區)"
萬華區,直興,2,254,1,"第肆種商業區(依都市計畫說明書圖規定辦理,始得作第肆種商業區使用)(原屬第參種商業區)"
萬華區,直興,2,254,2,道路用地(公共設施用地)
萬華區,直興,2,255,0,"第肆種商業區(依都市計畫說明書圖規定辦理,始得作第肆種商業區使用)(原屬第參種商業區)"
萬華區,直興,2,255,1,道路用地(公共設施用地)
萬華區,直興,2,256,0,"第肆種商業區(依都市計畫說明書圖規定辦理,始得作第肆種商業區使用)(原屬第參種商業區)"
萬華區,直興,2,256,1,道路用地(公共設施用地)
萬華區,直興,2,257,0,"第肆種商業區(依都市計畫說明書圖規定辦理,始得作第肆種商業區使用)(原屬第參種商業區)"
萬華區,直興,2,258,0,"第肆種商業區(依都市計畫說明書圖規定辦理,始得作第肆種商業區使用)(原屬第參種商業區)"
萬華區,直興,2,259,0,"第肆種商業區(依都市計畫說明書圖規定辦理,始得作第肆種商業區使用)(原屬第參種商業區)"
萬華區,直興,2,260,0,"第肆種商業區(依都市計畫說明書圖規定辦理,始得作第肆種商業區使用)(原屬第參種商業區)"
萬華區,直興,2,260,1,道路用地(公共設施用地)
萬華區,直興,2,260,2,"第肆種商業區(依都市計畫說明書圖規定辦理,始得作第肆種商業區使用)(原屬第參種商業區)"
萬華區,直興,2,260,3,道路用地(公共設施用地)
萬華區,直興,2,261,0,"第肆種商業區(依都市計畫說明書圖規定辦理,始得作第肆種商業區使用)(原屬第參種商業區)"
萬華區,直興,2,261,1,道路用地(公共設施用地)
萬華區,直興,2,262,0,"第肆種商業區(依都市計畫說明書圖規定辦理,始得作第肆種商業區使用)(原屬第參種商業區)"
萬華區,直興,2,262,1,道路用地(公共設施用地)
萬華區,直興,2,263,1,道路用地(公共設施用地)
萬華區,直興,2,264,1,道路用地(公共設施用地)
萬華區,直興,2,265,1,道路用地(公共設施用地)
萬華區,直興,2,266,1,道路用地(公共設施用地)
萬華區,直興,2,266,2,道路用地(公共設施用地)
萬華區,直興,2,267,1,道路用地(公共設施用地)
萬華區,直興,2,268,0,"第肆種商業區(依都市計畫說明書圖規定辦理,始得作第肆種商業區使用)(原屬第參種商業區)"
萬華區,直興,2,268,1,道路用地(公共設施用地)
萬華區,直興,2,269,0,"第肆種商業區(依都市計畫說明書圖規定辦理,始得作第肆種商業區使用)(原屬第參種商業區)"
萬華區,直興,2,269,1,道路用地(公共設施用地)
萬華區,直興,2,270,0,"第肆種商業區(依都市計畫說明書圖規定辦理,始得作第肆種商業區使用)(原屬第參種商業區)"
萬華區,直興,2,271,0,"第肆種商業區(依都市計畫說明書圖規定辦理,始得作第肆種商業區使用)(原屬第參種商業區)"
萬華區,直興,2,272,0,"第肆種商業區(依都市計畫說明書圖規定辦理,始得作第肆種商業區使用)(原屬第參種商業區)"
萬華區,直興,2,273,0,"第肆種商業區(依都市計畫說明書圖規定辦理,始得作第肆種商業區使用)(原屬第參種商業區)"
萬華區,直興,2,274,0,"第肆種商業區(依都市計畫說明書圖規定辦理,始得作第肆種商業區使用)(原屬第參種商業區)"
萬華區,直興,2,275,0,"第肆種商業區(依都市計畫說明書圖規定辦理,始得作第肆種商業區使用)(原屬第參種商業區)"
萬華區,直興,2,276,0,"第肆種商業區(依都市計畫說明書圖規定辦理,始得作第肆種商業區使用)(原屬第參種商業區)"
萬華區,直興,2,277,0,"第肆種商業區(依都市計畫說明書圖規定辦理,始得作第肆種商業區使用)(原屬第參種商業區)"
萬華區,直興,2,278,0,"第肆種商業區(依都市計畫說明書圖規定辦理,始得作第肆種商業區使用)(原屬第參種商業區)"
萬華區,直興,2,279,0,"第肆種商業區(依都市計畫說明書圖規定辦理,始得作第肆種商業區使用)(原屬第參種商業區)"
萬華區,直興,2,280,0,"第肆種商業區(依都市計畫說明書圖規定辦理,始得作第肆種商業區使用)(原屬第參種商業區)"
萬華區,直興,2,281,0,道路用地(公共設施用地)
萬華區,直興,2,282,0,道路用地(公共設施用地)
萬華區,直興,2,283,0,道路用地(公共設施用地)
萬華區,直興,2,284,0,道路用地(公共設施用地)
萬華區,直興,2,285,0,道路用地(公共設施用地)
萬華區,直興,2,286,0,道路用地(公共設施用地)
萬華區,直興,2,287,0,道路用地(公共設施用地)
萬華區,直興,2,288,0,道路用地(公共設施用地)
萬華區,直興,2,289,0,道路用地(公共設施用地)
萬華區,直興,2,290,0,道路用地(公共設施用地)
萬華區,直興,2,291,0,道路用地(公共設施用地)
萬華區,直興,2,292,0,道路用地(公共設施用地)
萬華區,直興,2,293,0,道路用地(公共設施用地)
萬華區,直興,2,294,0,道路用地(公共設施用地)
萬華區,直興,2,295,0,道路用地(公共設施用地)
萬華區,直興,2,296,0,道路用地(公共設施用地)
萬華區,直興,2,297,0,道路用地(公共設施用地)
萬華區,直興,2,298,0,道路用地(公共設施用地)
萬華區,直興,2,299,0,道路用地(公共設施用地)
萬華區,直興,2,300,0,道路用地(公共設施用地)
萬華區,直興,2,301,0,道路用地(公共設施用地)
萬華區,直興,2,302,0,"第肆種商業區(依都市計畫說明書圖規定辦理,始得作第肆種商業區使用)(原屬第參種商業區)"
萬華區,直興,2,303,0,"第肆種商業區(依都市計畫說明書圖規定辦理,始得作第肆種商業區使用)(原屬第參種商業區)"
萬華區,直興,2,304,0,"第肆種商業區(依都市計畫說明書圖規定辦理,始得作第肆種商業區使用)(原屬第參種商業區)"
萬華區,直興,2,304,1,道路用地(公共設施用地)
萬華區,直興,2,305,0,"第肆種商業區(依都市計畫說明書圖規定辦理,始得作第肆種商業區使用)(原屬第參種商業區)"
萬華區,直興,2,305,1,道路用地(公共設施用地)
萬華區,直興,2,306,0,道路用地(公共設施用地)
萬華區,直興,2,307,0,道路用地(公共設施用地)
萬華區,直興,2,308,0,道路用地(公共設施用地)
萬華區,直興,2,309,0,"第肆種商業區(依都市計畫說明書圖規定辦理,始得作第肆種商業區使用)(原屬第參種商業區)"
萬華區,直興,2,310,0,"第肆種商業區(依都市計畫說明書圖規定辦理,始得作第肆種商業區使用)(原屬第參種商業區)"
萬華區,直興,2,311,0,"第肆種商業區(依都市計畫說明書圖規定辦理,始得作第肆種商業區使用)(原屬第參種商業區)"
萬華區,直興,2,311,1,道路用地(公共設施用地)
萬華區,直興,2,312,0,"第肆種商業區(依都市計畫說明書圖規定辦理,始得作第肆種商業區使用)(原屬第參種商業區)"
萬華區,直興,2,312,1,道路用地(公共設施用地)
萬華區,直興,2,312,2,道路用地(公共設施用地)
萬華區,直興,2,313,0,"第肆種商業區(依都市計畫說明書圖規定辦理,始得作第肆種商業區使用)(原屬第參種商業區)"
萬華區,直興,2,313,1,道路用地(公共設施用地)
萬華區,直興,2,314,0,道路用地(公共設施用地)
萬華區,直興,2,315,0,道路用地(公共設施用地)
萬華區,直興,2,316,0,機關用地(公共設施用地)
萬華區,直興,2,316,1,道路用地(公共設施用地)
萬華區,直興,2,317,1,道路用地(公共設施用地)
萬華區,直興,2,318,1,道路用地(公共設施用地)
萬華區,直興,2,319,1,道路用地(公共設施用地)
萬華區,直興,2,319,2,道路用地(公共設施用地)
萬華區,直興,2,321,0,道路用地(公共設施用地)
萬華區,直興,2,322,0,道路用地(公共設施用地)
萬華區,直興,2,323,0,道路用地(公共設施用地)
萬華區,直興,2,324,0,道路用地(公共設施用地)
萬華區,直興,2,325,0,道路用地(公共設施用地)
萬華區,直興,2,326,0,機關用地(公共設施用地)
萬華區,直興,2,330,0,機關用地(公共設施用地)
萬華區,直興,2,330,1,道路用地(公共設施用地)
萬華區,直興,2,330,2,道路用地(公共設施用地)
萬華區,直興,2,330,3,機關用地(公共設施用地)
萬華區,直興,2,331,1,道路用地(公共設施用地)
萬華區,直興,2,331,2,機關用地(公共設施用地)
萬華區,直興,2,332,0,道路用地(公共設施用地)
萬華區,直興,2,333,0,道路用地(公共設施用地)
萬華區,直興,2,334,0,道路用地(公共設施用地)
萬華區,直興,2,335,0,道路用地(公共設施用地)
萬華區,直興,2,336,0,道路用地(公共設施用地)
萬華區,直興,2,337,0,道路用地(公共設施用地)
萬華區,直興,2,337,1,道路用地(公共設施用地)
萬華區,直興,2,338,0,道路用地(公共設施用地)
萬華區,直興,2,338,1,道路用地(公共設施用地)
萬華區,直興,2,338,2,道路用地(公共設施用地)
萬華區,直興,2,338,4,道路用地(公共設施用地)
萬華區,直興,2,339,0,道路用地(公共設施用地)
萬華區,直興,2,340,0,道路用地(公共設施用地)
萬華區,直興,2,341,0,道路用地(公共設施用地)
萬華區,直興,2,342,0,道路用地(公共設施用地)
萬華區,直興,2,343,0,道路用地(公共設施用地)
萬華區,直興,2,344,0,道路用地(公共設施用地)
萬華區,直興,2,345,0,道路用地(公共設施用地)
萬華區,直興,2,346,0,公園用地(公共設施用地)
萬華區,直興,2,348,1,道路用地(公共設施用地)
萬華區,直興,2,348,2,道路用地(公共設施用地)
萬華區,直興,2,350,1,道路用地(公共設施用地)
萬華區,直興,2,354,0,道路用地(公共設施用地)
萬華區,直興,2,357,0,道路用地(公共設施用地)
萬華區,直興,2,358,0,道路用地(公共設施用地)
萬華區,直興,2,358,1,公園用地(公共設施用地)
萬華區,直興,2,359,0,道路用地(公共設施用地)
萬華區,直興,2,360,0,道路用地(公共設施用地)
萬華區,直興,2,361,0,"第肆種商業區(依都市計畫說明書圖規定辦理,始得作第肆種商業區使用)(原屬第參種商業區)"
萬華區,直興,2,362,0,"第肆種商業區(依都市計畫說明書圖規定辦理,始得作第肆種商業區使用)(原屬第參種商業區)"
萬華區,直興,2,363,0,"第肆種商業區(依都市計畫說明書圖規定辦理,始得作第肆種商業區使用)(原屬第參種商業區)"
萬華區,直興,2,364,0,"第肆種商業區(依都市計畫說明書圖規定辦理,始得作第肆種商業區使用)(原屬第參種商業區)"
萬華區,直興,2,365,0,"第肆種商業區(依都市計畫說明書圖規定辦理,始得作第肆種商業區使用)(原屬第參種商業區)"
萬華區,直興,2,366,0,"第肆種商業區(依都市計畫說明書圖規定辦理,始得作第肆種商業區使用)(原屬第參種商業區)"
萬華區,直興,2,367,0,"第肆種商業區(依都市計畫說明書圖規定辦理,始得作第肆種商業區使用)(原屬第參種商業區)"
萬華區,直興,2,368,0,"第肆種商業區(依都市計畫說明書圖規定辦理,始得作第肆種商業區使用)(原屬第參種商業區)"
萬華區,直興,2,368,1,道路用地(公共設施用地)
萬華區,直興,2,369,0,"第肆種商業區(依都市計畫說明書圖規定辦理,始得作第肆種商業區使用)(原屬第參種商業區)"
萬華區,直興,2,369,1,道路用地(公共設施用地)
萬華區,直興,2,370,0,"第肆種商業區(依都市計畫說明書圖規定辦理,始得作第肆種商業區使用)(原屬第參種商業區)"
萬華區,直興,2,370,1,道路用地(公共設施用地)
萬華區,直興,2,371,0,"第肆種商業區(依都市計畫說明書圖規定辦理,始得作第肆種商業區使用)(原屬第參種商業區)"
萬華區,直興,2,371,1,道路用地(公共設施用地)
萬華區,直興,2,372,0,"第肆種商業區(依都市計畫說明書圖規定辦理,始得作第肆種商業區使用)(原屬第參種商業區)"
萬華區,直興,2,373,0,"第肆種商業區(依都市計畫說明書圖規定辦理,始得作第肆種商業區使用)(原屬第參種商業區)"
萬華區,直興,2,374,0,"第肆種商業區(依都市計畫說明書圖規定辦理,始得作第肆種商業區使用)(原屬第參種商業區)"
萬華區,直興,2,375,0,"第肆種商業區(依都市計畫說明書圖規定辦理,始得作第肆種商業區使用)(原屬第參種商業區)"
萬華區,直興,2,376,0,"第肆種商業區(依都市計畫說明書圖規定辦理,始得作第肆種商業區使用)(原屬第參種商業區)"
萬華區,直興,2,377,0,"第肆種商業區(依都市計畫說明書圖規定辦理,始得作第肆種商業區使用)(原屬第參種商業區)"
萬華區,直興,2,378,0,"第肆種商業區(依都市計畫說明書圖規定辦理,始得作第肆種商業區使用)(原屬第參種商業區)"
萬華區,直興,2,379,0,"第肆種商業區(依都市計畫說明書圖規定辦理,始得作第肆種商業區使用)(原屬第參種商業區)"
萬華區,直興,2,380,0,道路用地(公共設施用地)
萬華區,直興,2,381,0,道路用地(公共設施用地)
萬華區,直興,2,382,0,"第肆種商業區(依都市計畫說明書圖規定辦理,始得作第肆種商業區使用)(原屬第參種商業區)"
萬華區,直興,2,382,1,道路用地(公共設施用地)
萬華區,直興,2,383,0,"第肆種商業區(依都市計畫說明書圖規定辦理,始得作第肆種商業區使用)(原屬第參種商業區)"
萬華區,直興,2,384,0,"第肆種商業區(依都市計畫說明書圖規定辦理,始得作第肆種商業區使用)(原屬第參種商業區)"
萬華區,直興,2,385,0,"第肆種商業區(依都市計畫說明書圖規定辦理,始得作第肆種商業區使用)(原屬第參種商業區)"
萬華區,直興,2,386,0,"第肆種商業區(依都市計畫說明書圖規定辦理,始得作第肆種商業區使用)(原屬第參種商業區)"
萬華區,直興,2,387,0,"第肆種商業區(依都市計畫說明書圖規定辦理,始得作第肆種商業區使用)(原屬第參種商業區)"
萬華區,直興,2,388,0,"第肆種商業區(依都市計畫說明書圖規定辦理,始得作第肆種商業區使用)(原屬第參種商業區)"
萬華區,直興,2,389,0,"第肆種商業區(依都市計畫說明書圖規定辦理,始得作第肆種商業區使用)(原屬第參種商業區)"
萬華區,直興,2,390,0,"第肆種商業區(依都市計畫說明書圖規定辦理,始得作第肆種商業區使用)(原屬第參種商業區)"
萬華區,直興,2,391,0,"第肆種商業區(依都市計畫說明書圖規定辦理,始得作第肆種商業區使用)(原屬第參種商業區)"
萬華區,直興,2,392,0,"第肆種商業區(依都市計畫說明書圖規定辦理,始得作第肆種商業區使用)(原屬第參種商業區)"
萬華區,直興,2,393,0,"第肆種商業區(依都市計畫說明書圖規定辦理,始得作第肆種商業區使用)(原屬第參種商業區)"
萬華區,直興,2,394,0,"第肆種商業區(依都市計畫說明書圖規定辦理,始得作第肆種商業區使用)(原屬第參種商業區)"
萬華區,直興,2,395,0,"第肆種商業區(依都市計畫說明書圖規定辦理,始得作第肆種商業區使用)(原屬第參種商業區)"
萬華區,直興,2,396,0,"第肆種商業區(依都市計畫說明書圖規定辦理,始得作第肆種商業區使用)(原屬第參種商業區)"
萬華區,直興,2,397,0,"第肆種商業區(依都市計畫說明書圖規定辦理,始得作第肆種商業區使用)(原屬第參種商業區)"
萬華區,直興,2,398,0,"第肆種商業區(依都市計畫說明書圖規定辦理,始得作第肆種商業區使用)(原屬第參種商業區)"
萬華區,直興,2,402,0,"第肆種商業區(依都市計畫說明書圖規定辦理,始得作第肆種商業區使用)(原屬第參種商業區)"
萬華區,直興,2,403,0,"第肆種商業區(依都市計畫說明書圖規定辦理,始得作第肆種商業區使用)(原屬第參種商業區)"
萬華區,直興,2,404,0,"第肆種商業區(依都市計畫說明書圖規定辦理,始得作第肆種商業區使用)(原屬第參種商業區)"
萬華區,直興,2,405,0,"第肆種商業區(依都市計畫說明書圖規定辦理,始得作第肆種商業區使用)(原屬第參種商業區)"
萬華區,直興,2,406,0,"第肆種商業區(依都市計畫說明書圖規定辦理,始得作第肆種商業區使用)(原屬第參種商業區)"
萬華區,直興,2,407,0,"第肆種商業區(依都市計畫說明書圖規定辦理,始得作第肆種商業區使用)(原屬第參種商業區)"
萬華區,直興,2,408,0,"第肆種商業區(依都市計畫說明書圖規定辦理,始得作第肆種商業區使用)(原屬第參種商業區)"
萬華區,直興,2,409,0,"第肆種商業區(依都市計畫說明書圖規定辦理,始得作第肆種商業區使用)(原屬第參種商業區)"
萬華區,直興,2,410,0,"第肆種商業區(依都市計畫說明書圖規定辦理,始得作第肆種商業區使用)(原屬第參種商業區)"
萬華區,直興,2,411,0,"第肆種商業區(依都市計畫說明書圖規定辦理,始得作第肆種商業區使用)(原屬第參種商業區)"
萬華區,直興,2,412,0,"第肆種商業區(依都市計畫說明書圖規定辦理,始得作第肆種商業區使用)(原屬第參種商業區)"
萬華區,直興,2,413,0,"第肆種商業區(依都市計畫說明書圖規定辦理,始得作第肆種商業區使用)(原屬第參種商業區)"
萬華區,直興,2,414,0,"第肆種商業區(依都市計畫說明書圖規定辦理,始得作第肆種商業區使用)(原屬第參種商業區)"
萬華區,直興,2,415,0,"第肆種商業區(依都市計畫說明書圖規定辦理,始得作第肆種商業區使用)(原屬第參種商業區)"
萬華區,直興,2,416,0,"第肆種商業區(依都市計畫說明書圖規定辦理,始得作第肆種商業區使用)(原屬第參種商業區)"
萬華區,直興,2,417,0,"第肆種商業區(依都市計畫說明書圖規定辦理,始得作第肆種商業區使用)(原屬第參種商業區)"
萬華區,直興,2,418,0,"第肆種商業區(依都市計畫說明書圖規定辦理,始得作第肆種商業區使用)(原屬第參種商業區)"
萬華區,直興,2,419,0,"第肆種商業區(依都市計畫說明書圖規定辦理,始得作第肆種商業區使用)(原屬第參種商業區)"
萬華區,直興,2,420,0,"第肆種商業區(依都市計畫說明書圖規定辦理,始得作第肆種商業區使用)(原屬第參種商業區)"
萬華區,直興,2,421,0,"第肆種商業區(依都市計畫說明書圖規定辦理,始得作第肆種商業區使用)(原屬第參種商業區)"
萬華區,直興,2,422,0,"第肆種商業區(依都市計畫說明書圖規定辦理,始得作第肆種商業區使用)(原屬第參種商業區)"
萬華區,直興,2,423,0,"第肆種商業區(依都市計畫說明書圖規定辦理,始得作第肆種商業區使用)(原屬第參種商業區)"
萬華區,直興,2,424,0,"第肆種商業區(依都市計畫說明書圖規定辦理,始得作第肆種商業區使用)(原屬第參種商業區)"
萬華區,直興,2,425,0,"第肆種商業區(依都市計畫說明書圖規定辦理,始得作第肆種商業區使用)(原屬第參種商業區)"
萬華區,直興,2,426,0,"第肆種商業區(依都市計畫說明書圖規定辦理,始得作第肆種商業區使用)(原屬第參種商業區)"
萬華區,直興,2,427,0,"第肆種商業區(依都市計畫說明書圖規定辦理,始得作第肆種商業區使用)(原屬第參種商業區)"
萬華區,直興,2,428,0,"第肆種商業區(依都市計畫說明書圖規定辦理,始得作第肆種商業區使用)(原屬第參種商業區)"
萬華區,直興,2,429,0,"第肆種商業區(依都市計畫說明書圖規定辦理,始得作第肆種商業區使用)(原屬第參種商業區)"
萬華區,直興,2,430,0,"第肆種商業區(依都市計畫說明書圖規定辦理,始得作第肆種商業區使用)(原屬第參種商業區)"
萬華區,直興,2,430,1,道路用地(公共設施用地)
萬華區,直興,2,431,0,"第肆種商業區(依都市計畫說明書圖規定辦理,始得作第肆種商業區使用)(原屬第參種商業區)"
萬華區,直興,2,432,0,"第肆種商業區(依都市計畫說明書圖規定辦理,始得作第肆種商業區使用)(原屬第參種商業區)"
萬華區,直興,2,432,1,道路用地(公共設施用地)
萬華區,直興,2,433,0,"第肆種商業區(依都市計畫說明書圖規定辦理,始得作第肆種商業區使用)(原屬第參種商業區)及道路用地(公共設施用地)"
萬華區,直興,2,434,0,"第肆種商業區(依都市計畫說明書圖規定辦理,始得作第肆種商業區使用)(原屬第參種商業區)"
萬華區,直興,2,435,0,"第肆種商業區(依都市計畫說明書圖規定辦理,始得作第肆種商業區使用)(原屬第參種商業區)"
萬華區,直興,2,436,0,"第肆種商業區(依都市計畫說明書圖規定辦理,始得作第肆種商業區使用)(原屬第參種商業區)"
萬華區,直興,2,437,0,"第肆種商業區(依都市計畫說明書圖規定辦理,始得作第肆種商業區使用)(原屬第參種商業區)"
萬華區,直興,2,438,0,"第肆種商業區(依都市計畫說明書圖規定辦理,始得作第肆種商業區使用)(原屬第參種商業區)"
萬華區,直興,2,439,0,"第肆種商業區(依都市計畫說明書圖規定辦理,始得作第肆種商業區使用)(原屬第參種商業區)"
萬華區,直興,2,439,1,"第肆種商業區(依都市計畫說明書圖規定辦理,始得作第肆種商業區使用)(原屬第參種商業區)"
萬華區,直興,2,439,2,"第肆種商業區(依都市計畫說明書圖規定辦理,始得作第肆種商業區使用)(原屬第參種商業區)"
萬華區,直興,2,439,3,道路用地(公共設施用地)
萬華區,直興,2,439,4,"第肆種商業區(依都市計畫說明書圖規定辦理,始得作第肆種商業區使用)(原屬第參種商業區)"
萬華區,直興,2,439,5,"第肆種商業區(依都市計畫說明書圖規定辦理,始得作第肆種商業區使用)(原屬第參種商業區)"
萬華區,直興,2,439,6,"第肆種商業區(依都市計畫說明書圖規定辦理,始得作第肆種商業區使用)(原屬第參種商業區)"
萬華區,直興,2,440,0,"第肆種商業區(依都市計畫說明書圖規定辦理,始得作第肆種商業區使用)(原屬第參種商業區)"
萬華區,直興,2,440,1,道路用地(公共設施用地)
萬華區,直興,2,440,2,"第肆種商業區(依都市計畫說明書圖規定辦理,始得作第肆種商業區使用)(原屬第參種商業區)"
萬華區,直興,2,440,3,"第肆種商業區(依都市計畫說明書圖規定辦理,始得作第肆種商業區使用)(原屬第參種商業區)"
萬華區,直興,2,440,4,"第肆種商業區(依都市計畫說明書圖規定辦理,始得作第肆種商業區使用)(原屬第參種商業區)"
萬華區,直興,2,441,0,"第肆種商業區(依都市計畫說明書圖規定辦理,始得作第肆種商業區使用)(原屬第參種商業區)"
萬華區,直興,2,441,1,道路用地(公共設施用地)
萬華區,直興,2,443,0,"第肆種商業區(依都市計畫說明書圖規定辦理,始得作第肆種商業區使用)(原屬第參種商業區)"
萬華區,直興,2,443,1,道路用地(公共設施用地)
萬華區,直興,2,444,0,"第肆種商業區(依都市計畫說明書圖規定辦理,始得作第肆種商業區使用)(原屬第參種商業區)"
萬華區,直興,2,444,1,道路用地(公共設施用地)
萬華區,直興,2,445,0,"第肆種商業區(依都市計畫說明書圖規定辦理,始得作第肆種商業區使用)(原屬第參種商業區)"
萬華區,直興,2,445,1,道路用地(公共設施用地)
萬華區,直興,2,446,0,"第肆種商業區(依都市計畫說明書圖規定辦理,始得作第肆種商業區使用)(原屬第參種商業區)"
萬華區,直興,2,446,1,道路用地(公共設施用地)
萬華區,直興,2,447,0,"第肆種商業區(依都市計畫說明書圖規定辦理,始得作第肆種商業區使用)(原屬第參種商業區)"
萬華區,直興,2,447,1,道路用地(公共設施用地)
萬華區,直興,2,448,0,"第肆種商業區(依都市計畫說明書圖規定辦理,始得作第肆種商業區使用)(原屬第參種商業區)"
萬華區,直興,2,448,1,道路用地(公共設施用地)
萬華區,直興,2,449,0,"第肆種商業區(依都市計畫說明書圖規定辦理,始得作第肆種商業區使用)(原屬第參種商業區,應依建築線或俟地籍測量分割後,再確定)"
萬華區,直興,2,449,1,道路用地(公共設施用地)
萬華區,直興,2,450,0,"第肆種商業區(依都市計畫說明書圖規定辦理,始得作第肆種商業區使用)(原屬第參種商業區)"
萬華區,直興,2,451,0,"第肆種商業區(依都市計畫說明書圖規定辦理,始得作第肆種商業區使用)(原屬第參種商業區)"
萬華區,直興,2,452,0,"第肆種商業區(依都市計畫說明書圖規定辦理,始得作第肆種商業區使用)(原屬第參種商業區)"
萬華區,直興,2,453,0,"第肆種商業區(依都市計畫說明書圖規定辦理,始得作第肆種商業區使用)(原屬第參種商業區)"
萬華區,直興,2,454,0,"第肆種商業區(依都市計畫說明書圖規定辦理,始得作第肆種商業區使用)(原屬第參種商業區)"
萬華區,直興,2,455,0,道路用地(公共設施用地)
萬華區,直興,2,455,1,道路用地(公共設施用地)
萬華區,直興,2,456,0,道路用地(公共設施用地)
萬華區,直興,2,457,0,道路用地(公共設施用地)
萬華區,直興,2,458,0,"第肆種商業區(依都市計畫說明書圖規定辦理,始得作第肆種商業區使用)(原屬第參種商業區)"
萬華區,直興,2,459,0,"第肆種商業區(依都市計畫說明書圖規定辦理,始得作第肆種商業區使用)(原屬第參種商業區)"
萬華區,直興,2,460,0,道路用地(公共設施用地)
萬華區,直興,2,460,1,"第肆種商業區(依都市計畫說明書圖規定辦理,始得作第肆種商業區使用)(原屬第參種商業區)"
萬華區,直興,2,461,0,道路用地(公共設施用地)
萬華區,直興,2,461,1,"第肆種商業區(依都市計畫說明書圖規定辦理,始得作第肆種商業區使用)(原屬第參種商業區)"
萬華區,直興,2,462,0,"第肆種商業區(依都市計畫說明書圖規定辦理,始得作第肆種商業區使用)(原屬第參種商業區)"
萬華區,直興,2,463,0,"第肆種商業區(依都市計畫說明書圖規定辦理,始得作第肆種商業區使用)(原屬第參種商業區)"
萬華區,直興,2,464,0,道路用地(公共設施用地)
萬華區,直興,2,464,1,"第肆種商業區(依都市計畫說明書圖規定辦理,始得作第肆種商業區使用)(原屬第參種商業區)"
萬華區,直興,2,465,0,道路用地(公共設施用地)
萬華區,直興,2,465,1,"第肆種商業區(依都市計畫說明書圖規定辦理,始得作第肆種商業區使用)(原屬第參種商業區)"
萬華區,直興,2,466,0,"第肆種商業區(依都市計畫說明書圖規定辦理,始得作第肆種商業區使用)(原屬第參種商業區)"
萬華區,直興,2,467,0,"第肆種商業區(依都市計畫說明書圖規定辦理,始得作第肆種商業區使用)(原屬第參種商業區)"
萬華區,直興,2,468,0,道路用地(公共設施用地)
萬華區,直興,2,468,1,"第肆種商業區(依都市計畫說明書圖規定辦理,始得作第肆種商業區使用)(原屬第參種商業區)"
萬華區,直興,2,469,0,道路用地(公共設施用地)
萬華區,直興,2,470,0,"第肆種商業區(依都市計畫說明書圖規定辦理,始得作第肆種商業區使用)(原屬第參種商業區)"
萬華區,直興,2,471,1,"第肆種商業區(依都市計畫說明書圖規定辦理,始得作第肆種商業區使用)(原屬第參種商業區)"
萬華區,直興,2,472,0,道路用地(公共設施用地)
萬華區,直興,2,473,0,"第肆種商業區(依都市計畫說明書圖規定辦理,始得作第肆種商業區使用)(原屬第參種商業區)"
萬華區,直興,2,473,1,"道路用地(公共設施用地),但是否在第肆種商業區(依都市計畫說明書圖規定辦理,始得作第肆種商業區使用)(原屬第參種商業區)"
萬華區,直興,2,474,0,"第肆種商業區(依都市計畫說明書圖規定辦理,始得作第肆種商業區使用)(原屬第參種商業區)"
萬華區,直興,2,475,0,"道路用地(公共設施用地),但是否在第肆種商業區(依都市計畫說明書圖規定辦理,始得作第肆種商業區使用)(原屬第參種商業區)"
萬華區,直興,2,476,0,道路用地(公共設施用地)
萬華區,直興,2,477,0,道路用地(公共設施用地)
萬華區,直興,2,477,1,道路用地(公共設施用地)
萬華區,直興,2,478,0,道路用地(公共設施用地)
萬華區,直興,2,478,1,道路用地(公共設施用地)
萬華區,直興,2,479,0,道路用地(公共設施用地)
萬華區,直興,2,480,0,道路用地(公共設施用地)
萬華區,直興,2,480,1,道路用地(公共設施用地)
萬華區,直興,2,480,2,道路用地(公共設施用地)
萬華區,直興,2,481,0,公園用地(公共設施用地)
萬華區,直興,2,481,2,道路用地(公共設施用地)
萬華區,直興,2,482,0,道路用地(公共設施用地)
萬華區,直興,2,483,0,道路用地(公共設施用地)
萬華區,直興,2,483,1,道路用地(公共設施用地)
萬華區,直興,2,483,2,"第肆種商業區(依都市計畫說明書圖規定辦理,始得作第肆種商業區使用)(原屬第參種商業區)"
萬華區,直興,2,483,3,道路用地(公共設施用地)
萬華區,直興,2,483,5,"第肆種商業區(依都市計畫說明書圖規定辦理,始得作第肆種商業區使用)(原屬第參種商業區)"
萬華區,直興,2,483,6,"第肆種商業區(依都市計畫說明書圖規定辦理,始得作第肆種商業區使用)(原屬第參種商業區)"
萬華區,直興,2,484,0,道路用地(公共設施用地)
萬華區,直興,2,484,1,道路用地(公共設施用地)
萬華區,直興,2,485,0,道路用地(公共設施用地)
萬華區,直興,2,485,1,道路用地(公共設施用地)
萬華區,直興,2,486,0,"第肆種商業區(依都市計畫說明書圖規定辦理,始得作第肆種商業區使用)(原屬第參種商業區)"
萬華區,直興,2,486,1,道路用地(公共設施用地)
萬華區,直興,2,487,0,"第肆種商業區(依都市計畫說明書圖規定辦理,始得作第肆種商業區使用)(原屬第參種商業區)"
萬華區,直興,2,487,1,道路用地(公共設施用地)
萬華區,直興,2,487,2,道路用地(公共設施用地)
萬華區,直興,2,488,0,"第肆種商業區(依都市計畫說明書圖規定辦理,始得作第肆種商業區使用)(原屬第參種商業區)"
萬華區,直興,2,489,0,"第肆種商業區(依都市計畫說明書圖規定辦理,始得作第肆種商業區使用)(原屬第參種商業區)"
萬華區,直興,2,490,0,"第肆種商業區(依都市計畫說明書圖規定辦理,始得作第肆種商業區使用)(原屬第參種商業區)"
萬華區,直興,2,491,0,"第肆種商業區(依都市計畫說明書圖規定辦理,始得作第肆種商業區使用)(原屬第參種商業區)"
萬華區,直興,2,492,0,道路用地(公共設施用地)
萬華區,直興,2,493,0,道路用地(公共設施用地)
萬華區,直興,2,494,0,"第肆種商業區(依都市計畫說明書圖規定辦理,始得作第肆種商業區使用)(原屬第參種商業區)"
萬華區,直興,2,495,0,"第肆種商業區(依都市計畫說明書圖規定辦理,始得作第肆種商業區使用)(原屬第參種商業區)"
萬華區,直興,2,496,0,"第肆種商業區(依都市計畫說明書圖規定辦理,始得作第肆種商業區使用)(原屬第參種商業區)"
萬華區,直興,2,497,0,道路用地(公共設施用地)
萬華區,直興,2,498,0,道路用地(公共設施用地)
萬華區,直興,2,499,0,"第肆種商業區(依都市計畫說明書圖規定辦理,始得作第肆種商業區使用)(原屬第參種商業區)"
萬華區,直興,2,500,0,"第肆種商業區(依都市計畫說明書圖規定辦理,始得作第肆種商業區使用)(原屬第參種商業區)"
萬華區,直興,2,501,0,"第肆種商業區(依都市計畫說明書圖規定辦理,始得作第肆種商業區使用)(原屬第參種商業區)"
萬華區,直興,2,502,0,"第肆種商業區(依都市計畫說明書圖規定辦理,始得作第肆種商業區使用)(原屬第參種商業區)"
萬華區,直興,2,503,0,"第肆種商業區(依都市計畫說明書圖規定辦理,始得作第肆種商業區使用)(原屬第參種商業區)"
萬華區,直興,2,504,0,道路用地(公共設施用地)
萬華區,直興,2,505,0,道路用地(公共設施用地)
萬華區,直興,2,506,0,"第肆種商業區(依都市計畫說明書圖規定辦理,始得作第肆種商業區使用)(原屬第參種商業區)"
萬華區,直興,2,507,0,"第肆種商業區(依都市計畫說明書圖規定辦理,始得作第肆種商業區使用)(原屬第參種商業區)"
萬華區,直興,2,508,0,"第肆種商業區(依都市計畫說明書圖規定辦理,始得作第肆種商業區使用)(原屬第參種商業區)"
萬華區,直興,2,509,0,"第肆種商業區(依都市計畫說明書圖規定辦理,始得作第肆種商業區使用)(原屬第參種商業區)"
萬華區,直興,2,510,0,道路用地(公共設施用地)
萬華區,直興,2,511,0,道路用地(公共設施用地)
萬華區,直興,2,513,0,"第肆種商業區(依都市計畫說明書圖規定辦理,始得作第肆種商業區使用)(原屬第參種商業區)"
萬華區,直興,2,514,0,"第肆種商業區(依都市計畫說明書圖規定辦理,始得作第肆種商業區使用)(原屬第參種商業區)"
萬華區,直興,2,515,0,道路用地(公共設施用地)
萬華區,直興,2,515,1,道路用地(公共設施用地)
萬華區,直興,2,516,0,道路用地(公共設施用地)
萬華區,直興,2,516,1,道路用地(公共設施用地)
萬華區,直興,2,517,0,道路用地(公共設施用地)
萬華區,直興,2,518,0,道路用地(公共設施用地)
萬華區,直興,2,519,0,"第肆種商業區(依都市計畫說明書圖規定辦理,始得作第肆種商業區使用)(原屬第參種商業區)"
萬華區,直興,2,520,0,"第肆種商業區(依都市計畫說明書圖規定辦理,始得作第肆種商業區使用)(原屬第參種商業區)"
萬華區,直興,2,521,0,道路用地(公共設施用地)
萬華區,直興,2,522,0,道路用地(公共設施用地)
萬華區,直興,2,523,0,道路用地(公共設施用地)
萬華區,直興,2,524,0,道路用地(公共設施用地)
萬華區,直興,2,525,0,道路用地(公共設施用地)
萬華區,直興,2,525,1,第四之一種住宅區
萬華區,直興,2,525,2,道路用地(公共設施用地)
萬華區,直興,2,525,3,第四之一種住宅區
萬華區,直興,2,525,4,第四之一種住宅區
萬華區,直興,2,525,5,第四之一種住宅區
萬華區,直興,2,525,6,第四之一種住宅區
萬華區,直興,2,525,7,第四之一種住宅區
萬華區,直興,2,525,8,第四之一種住宅區
萬華區,直興,2,525,9,第四之一種住宅區
萬華區,直興,2,525,10,第四之一種住宅區
萬華區,直興,2,525,11,第四之一種住宅區
萬華區,直興,2,525,12,"第四之一種住宅區,但是否在道路用地(公共設施用地)(應依建築線或俟地籍測量分割後,再確定)"
萬華區,直興,2,525,13,道路用地(公共設施用地)
萬華區,直興,2,525,14,道路用地(公共設施用地)
萬華區,直興,2,525,15,第四之一種住宅區
萬華區,直興,2,525,16,第四之一種住宅區
萬華區,直興,2,525,17,第四種住宅區
萬華區,直興,2,525,18,第四種住宅區
萬華區,直興,2,525,19,第四之一種住宅區
萬華區,直興,2,525,20,第四之一種住宅區
萬華區,直興,2,526,0,道路用地(公共設施用地)
萬華區,直興,2,527,0,道路用地(公共設施用地)
萬華區,直興,2,528,0,道路用地(公共設施用地)
萬華區,直興,2,529,0,"第肆種商業區(依都市計畫說明書圖規定辦理,始得作第肆種商業區使用)(原屬第參種商業區)"
萬華區,直興,2,531,0,"第肆種商業區(依都市計畫說明書圖規定辦理,始得作第肆種商業區使用)(原屬第參種商業區)"
萬華區,直興,2,532,1,道路用地(公共設施用地)
萬華區,直興,2,532,2,道路用地(公共設施用地)
萬華區,直興,2,533,1,道路用地(公共設施用地)
萬華區,直興,2,534,1,道路用地(公共設施用地)
萬華區,直興,2,535,1,道路用地(公共設施用地)
萬華區,直興,2,540,0,"第肆種商業區(依都市計畫說明書圖規定辦理,始得作第肆種商業區使用)(原屬第參種商業區)"
萬華區,直興,2,549,0,道路用地(公共設施用地)
萬華區,直興,2,550,0,道路用地(公共設施用地)
萬華區,直興,2,551,0,道路用地(公共設施用地)
萬華區,直興,2,552,0,道路用地(公共設施用地)
萬華區,直興,2,553,0,道路用地(公共設施用地)
萬華區,直興,2,554,0,道路用地(公共設施用地)
萬華區,直興,2,555,0,道路用地(公共設施用地)
萬華區,直興,2,556,0,道路用地(公共設施用地)
萬華區,直興,2,557,0,道路用地(公共設施用地)
萬華區,直興,2,560,0,道路用地(公共設施用地)
萬華區,直興,2,561,0,道路用地(公共設施用地)
萬華區,直興,2,562,0,道路用地(公共設施用地)
萬華區,直興,2,568,1,道路用地(公共設施用地)
萬華區,直興,2,569,1,道路用地(公共設施用地)
萬華區,直興,2,570,1,道路用地(公共設施用地)
萬華區,直興,2,571,1,道路用地(公共設施用地)
萬華區,直興,2,572,1,道路用地(公共設施用地)
萬華區,直興,2,573,1,道路用地(公共設施用地)
萬華區,直興,2,574,0,"第肆種商業區(依都市計畫說明書圖規定辦理,始得作第肆種商業區使用)(原屬第參種商業區)"
萬華區,直興,2,574,1,道路用地(公共設施用地)
萬華區,直興,2,575,0,道路用地(公共設施用地)
萬華區,直興,2,575,1,"第肆種商業區(依都市計畫說明書圖規定辦理,始得作第肆種商業區使用)(原屬第參種商業區)"
萬華區,直興,2,576,0,"第肆種商業區(依都市計畫說明書圖規定辦理,始得作第肆種商業區使用)(原屬第參種商業區)"
萬華區,直興,2,576,1,道路用地(公共設施用地)
萬華區,直興,2,577,0,"第肆種商業區(依都市計畫說明書圖規定辦理,始得作第肆種商業區使用)(原屬第參種商業區)"
萬華區,直興,2,577,1,道路用地(公共設施用地)
萬華區,直興,2,578,0,"第肆種商業區(依都市計畫說明書圖規定辦理,始得作第肆種商業區使用)(原屬第參種商業區)"
萬華區,直興,2,579,0,"第肆種商業區(依都市計畫說明書圖規定辦理,始得作第肆種商業區使用)(原屬第參種商業區)"
萬華區,直興,2,579,1,"第肆種商業區(依都市計畫說明書圖規定辦理,始得作第肆種商業區使用)(原屬第參種商業區)"
萬華區,直興,2,579,2,"第肆種商業區(依都市計畫說明書圖規定辦理,始得作第肆種商業區使用)(原屬第參種商業區)"
萬華區,直興,2,579,3,"第肆種商業區(依都市計畫說明書圖規定辦理,始得作第肆種商業區使用)(原屬第參種商業區)"
萬華區,直興,2,579,4,"第肆種商業區(依都市計畫說明書圖規定辦理,始得作第肆種商業區使用)(原屬第參種商業區)"
萬華區,直興,2,580,0,"第肆種商業區(依都市計畫說明書圖規定辦理,始得作第肆種商業區使用)(原屬第參種商業區)"
萬華區,直興,2,583,0,"第肆種商業區(依都市計畫說明書圖規定辦理,始得作第肆種商業區使用)(原屬第參種商業區)"
萬華區,直興,2,584,0,"第肆種商業區(依都市計畫說明書圖規定辦理,始得作第肆種商業區使用)(原屬第參種商業區)"
萬華區,直興,2,584,1,道路用地(公共設施用地)
萬華區,直興,2,585,0,"第肆種商業區(依都市計畫說明書圖規定辦理,始得作第肆種商業區使用)(原屬第參種商業區)"
萬華區,直興,2,585,1,道路用地(公共設施用地)
萬華區,直興,2,587,0,"第肆種商業區(依都市計畫說明書圖規定辦理,始得作第肆種商業區使用)(原屬第參種商業區)"
萬華區,直興,2,588,0,"第肆種商業區(依都市計畫說明書圖規定辦理,始得作第肆種商業區使用)(原屬第參種商業區)"
萬華區,直興,2,589,0,"第肆種商業區(依都市計畫說明書圖規定辦理,始得作第肆種商業區使用)(原屬第參種商業區)"
萬華區,直興,2,589,1,道路用地(公共設施用地)
萬華區,直興,2,590,0,"第肆種商業區(依都市計畫說明書圖規定辦理,始得作第肆種商業區使用)(原屬第參種商業區)"
萬華區,直興,2,590,1,道路用地(公共設施用地)
萬華區,直興,2,591,0,"第肆種商業區(依都市計畫說明書圖規定辦理,始得作第肆種商業區使用)(原屬第參種商業區)"
萬華區,直興,2,592,0,"第肆種商業區(依都市計畫說明書圖規定辦理,始得作第肆種商業區使用)(原屬第參種商業區)"
萬華區,直興,2,593,0,"第肆種商業區(依都市計畫說明書圖規定辦理,始得作第肆種商業區使用)(原屬第參種商業區)"
萬華區,直興,2,594,0,公園用地(公共設施用地)
萬華區,直興,2,595,0,公園用地(公共設施用地)及道路用地(公共設施用地)
萬華區,直興,2,596,0,"第肆種商業區(依都市計畫說明書圖規定辦理,始得作第肆種商業區使用)(原屬第參種商業區)"
萬華區,直興,2,597,0,"第肆種商業區(依都市計畫說明書圖規定辦理,始得作第肆種商業區使用)(原屬第參種商業區)"
萬華區,直興,2,598,0,"第肆種商業區(依都市計畫說明書圖規定辦理,始得作第肆種商業區使用)(原屬第參種商業區)"
萬華區,直興,2,599,0,"第肆種商業區(依都市計畫說明書圖規定辦理,始得作第肆種商業區使用)(原屬第參種商業區)"
萬華區,直興,2,600,0,"第肆種商業區(依都市計畫說明書圖規定辦理,始得作第肆種商業區使用)(原屬第參種商業區)"
萬華區,直興,2,601,0,"第肆種商業區(依都市計畫說明書圖規定辦理,始得作第肆種商業區使用)(原屬第參種商業區)"
萬華區,直興,2,602,0,"第肆種商業區(依都市計畫說明書圖規定辦理,始得作第肆種商業區使用)(原屬第參種商業區)"
萬華區,直興,2,603,0,"第肆種商業區(依都市計畫說明書圖規定辦理,始得作第肆種商業區使用)(原屬第參種商業區)"
萬華區,直興,2,604,0,"第肆種商業區(依都市計畫說明書圖規定辦理,始得作第肆種商業區使用)(原屬第參種商業區)"
萬華區,直興,2,605,0,"第肆種商業區(依都市計畫說明書圖規定辦理,始得作第肆種商業區使用)(原屬第參種商業區)"
萬華區,直興,2,606,0,"第肆種商業區(依都市計畫說明書圖規定辦理,始得作第肆種商業區使用)(原屬第參種商業區)"
萬華區,直興,2,607,0,"第肆種商業區(依都市計畫說明書圖規定辦理,始得作第肆種商業區使用)(原屬第參種商業區)"
萬華區,直興,2,608,0,"第肆種商業區(依都市計畫說明書圖規定辦理,始得作第肆種商業區使用)(原屬第參種商業區)"
萬華區,直興,2,609,0,"第肆種商業區(依都市計畫說明書圖規定辦理,始得作第肆種商業區使用)(原屬第參種商業區)"
萬華區,直興,2,610,0,"第肆種商業區(依都市計畫說明書圖規定辦理,始得作第肆種商業區使用)(原屬第參種商業區)"
萬華區,直興,2,611,0,"第肆種商業區(依都市計畫說明書圖規定辦理,始得作第肆種商業區使用)(原屬第參種商業區)"
萬華區,直興,2,612,0,"第肆種商業區(依都市計畫說明書圖規定辦理,始得作第肆種商業區使用)(原屬第參種商業區)"
萬華區,直興,2,613,0,"第肆種商業區(依都市計畫說明書圖規定辦理,始得作第肆種商業區使用)(原屬第參種商業區)"
萬華區,直興,2,614,0,"第肆種商業區(依都市計畫說明書圖規定辦理,始得作第肆種商業區使用)(原屬第參種商業區)"
萬華區,直興,2,615,1,道路用地(公共設施用地)
萬華區,直興,2,615,2,道路用地(公共設施用地)
萬華區,直興,2,615,3,"第肆種商業區(依都市計畫說明書圖規定辦理,始得作第肆種商業區使用)(原屬第參種商業區)"
萬華區,直興,2,615,6,"第肆種商業區(依都市計畫說明書圖規定辦理,始得作第肆種商業區使用)(原屬第參種商業區)"
萬華區,直興,2,616,0,"第肆種商業區(依都市計畫說明書圖規定辦理,始得作第肆種商業區使用)(原屬第參種商業區)"
萬華區,直興,2,616,1,道路用地(公共設施用地)
萬華區,直興,2,616,2,道路用地(公共設施用地)
萬華區,直興,2,616,3,道路用地(公共設施用地)
萬華區,直興,2,616,4,道路用地(公共設施用地)
萬華區,直興,2,616,5,道路用地(公共設施用地)
萬華區,直興,2,616,6,道路用地(公共設施用地)
萬華區,直興,2,616,7,道路用地(公共設施用地)
萬華區,直興,2,616,8,道路用地(公共設施用地)
萬華區,直興,2,617,0,"第肆種商業區(依都市計畫說明書圖規定辦理,始得作第肆種商業區使用)(原屬第參種商業區)"
萬華區,直興,2,617,1,道路用地(公共設施用地)
萬華區,直興,2,617,2,"第肆種商業區(依都市計畫說明書圖規定辦理,始得作第肆種商業區使用)(原屬第參種商業區)"
萬華區,直興,2,617,3,"第肆種商業區(依都市計畫說明書圖規定辦理,始得作第肆種商業區使用)(原屬第參種商業區)"
萬華區,直興,2,617,4,"第肆種商業區(依都市計畫說明書圖規定辦理,始得作第肆種商業區使用)(原屬第參種商業區)"
萬華區,直興,2,617,5,"第肆種商業區(依都市計畫說明書圖規定辦理,始得作第肆種商業區使用)(原屬第參種商業區)"
萬華區,直興,2,617,6,道路用地(公共設施用地)
萬華區,直興,2,617,7,道路用地(公共設施用地)
萬華區,直興,2,617,8,道路用地(公共設施用地)
萬華區,直興,2,617,9,道路用地(公共設施用地)
萬華區,直興,2,617,10,道路用地(公共設施用地)
萬華區,直興,2,617,11,"第肆種商業區(依都市計畫說明書圖規定辦理,始得作第肆種商業區使用)(原屬第參種商業區)"
萬華區,直興,2,617,12,"第肆種商業區(依都市計畫說明書圖規定辦理,始得作第肆種商業區使用)(原屬第參種商業區)"
萬華區,直興,2,619,1,道路用地(公共設施用地)
萬華區,直興,2,620,0,道路用地(公共設施用地)
萬華區,直興,2,621,0,道路用地(公共設施用地)
萬華區,直興,2,621,1,道路用地(公共設施用地)
萬華區,直興,2,622,0,道路用地(公共設施用地)
萬華區,直興,2,623,0,道路用地(公共設施用地)
萬華區,直興,2,624,0,道路用地(公共設施用地)
萬華區,直興,2,625,0,道路用地(公共設施用地)
萬華區,直興,2,626,0,道路用地(公共設施用地)
萬華區,直興,2,627,0,道路用地(公共設施用地)
萬華區,直興,2,628,0,道路用地(公共設施用地)
萬華區,直興,2,629,0,道路用地(公共設施用地)
萬華區,直興,2,630,0,道路用地(公共設施用地)
萬華區,直興,2,631,0,道路用地(公共設施用地)
萬華區,直興,2,631,1,道路用地(公共設施用地)
萬華區,直興,2,631,2,道路用地(公共設施用地)
萬華區,直興,2,632,0,道路用地(公共設施用地)
萬華區,直興,2,633,0,道路用地(公共設施用地)
萬華區,直興,2,634,1,道路用地(公共設施用地)
萬華區,直興,2,641,1,道路用地(公共設施用地)
萬華區,直興,2,647,1,道路用地(公共設施用地)
萬華區,直興,2,648,1,道路用地(公共設施用地)
萬華區,直興,2,649,1,道路用地(公共設施用地)
萬華區,直興,2,650,1,道路用地(公共設施用地)
萬華區,直興,2,656,0,道路用地(公共設施用地)
萬華區,直興,2,657,0,道路用地(公共設施用地)
萬華區,直興,2,658,0,道路用地(公共設施用地)
萬華區,直興,2,659,0,道路用地(公共設施用地)
萬華區,直興,2,660,0,道路用地(公共設施用地)
萬華區,直興,2,661,0,道路用地(公共設施用地)
萬華區,直興,2,662,0,道路用地(公共設施用地)
萬華區,直興,2,663,0,道路用地(公共設施用地)
萬華區,直興,2,664,0,道路用地(公共設施用地)
萬華區,直興,2,670,0,道路用地(公共設施用地)
萬華區,直興,2,671,0,道路用地(公共設施用地)
萬華區,直興,2,672,0,道路用地(公共設施用地)
萬華區,直興,2,673,0,道路用地(公共設施用地)
萬華區,直興,2,673,1,道路用地(公共設施用地)
萬華區,直興,2,674,0,道路用地(公共設施用地)
萬華區,直興,2,675,0,道路用地(公共設施用地)
萬華區,直興,2,676,0,道路用地(公共設施用地)
萬華區,直興,2,677,0,道路用地(公共設施用地)
萬華區,直興,2,678,0,道路用地(公共設施用地)
萬華區,直興,2,679,0,道路用地(公共設施用地)
萬華區,直興,2,680,0,道路用地(公共設施用地)
萬華區,直興,2,681,0,道路用地(公共設施用地)
萬華區,直興,2,682,0,第四種住宅區
萬華區,直興,2,683,0,第四種住宅區
萬華區,直興,2,684,0,第四種住宅區
萬華區,直興,2,685,0,第四種住宅區
萬華區,直興,2,686,0,第四種住宅區
萬華區,直興,2,687,0,第四種住宅區
萬華區,直興,2,687,1,第四之一種住宅區
萬華區,直興,2,690,0,道路用地(公共設施用地)
萬華區,直興,2,691,0,道路用地(公共設施用地)
萬華區,直興,2,699,0,第四種住宅區
萬華區,直興,2,700,0,道路用地(公共設施用地)
萬華區,直興,2,701,0,道路用地(公共設施用地)
萬華區,直興,2,702,0,第四種住宅區
萬華區,直興,2,702,1,第四之一種住宅區
萬華區,直興,2,703,0,第四種住宅區
萬華區,直興,2,703,1,第四之一種住宅區
萬華區,直興,2,704,0,第四種住宅區
萬華區,直興,2,705,0,第四種住宅區
萬華區,直興,2,705,1,第四之一種住宅區
萬華區,直興,2,706,0,第四種住宅區
萬華區,直興,2,706,1,第四之一種住宅區
萬華區,直興,2,707,0,道路用地(公共設施用地)
萬華區,直興,2,707,2,第四種住宅區
萬華區,直興,2,707,4,第四之一種住宅區
萬華區,直興,2,707,5,公園用地(公共設施用地)
萬華區,直興,2,707,6,道路用地(公共設施用地)
萬華區,直興,2,707,7,第四之一種住宅區
萬華區,直興,2,707,8,第四之一種住宅區
萬華區,直興,2,707,9,道路用地(公共設施用地)
萬華區,直興,2,707,10,第四之一種住宅區
萬華區,直興,2,708,0,道路用地(公共設施用地)
萬華區,直興,2,709,0,道路用地(公共設施用地)
萬華區,直興,2,710,0,道路用地(公共設施用地)
萬華區,直興,2,710,1,第四之一種住宅區
萬華區,直興,2,710,4,第四種住宅區
萬華區,直興,2,711,0,道路用地(公共設施用地)
萬華區,直興,2,712,0,道路用地(公共設施用地)
萬華區,直興,2,713,0,道路用地(公共設施用地)
萬華區,直興,2,714,0,公園用地(公共設施用地)
萬華區,直興,2,716,0,第四之一種住宅區
萬華區,直興,2,717,0,第四之一種住宅區
萬華區,直興,2,717,2,第四種住宅區
萬華區,直興,2,719,0,道路用地(公共設施用地)
萬華區,直興,2,719,1,道路用地(公共設施用地)
萬華區,直興,2,719,3,第四之一種住宅區
萬華區,直興,2,720,0,道路用地(公共設施用地)
萬華區,直興,2,721,0,河川區
萬華區,直興,2,722,0,河川區
萬華區,直興,3,1,0,第四種商業區
萬華區,直興,3,11,0,"第肆種商業區(依都市計畫說明書圖規定辦理,始得作第肆種商業區使用)(原屬第肆種住宅區)"
萬華區,直興,3,28,0,第四種商業區
萬華區,直興,3,28,1,"第肆種商業區(依都市計畫說明書圖規定辦理,始得作第肆種商業區使用)(原屬第肆種住宅區)"
萬華區,直興,3,29,0,第四種商業區
萬華區,直興,3,30,0,第四種商業區
萬華區,直興,3,31,0,第四種商業區
萬華區,直興,3,32,0,第四種商業區
萬華區,直興,3,33,0,第四種商業區
萬華區,直興,3,34,0,第四種商業區
萬華區,直興,3,35,0,第四種商業區
萬華區,直興,3,36,0,第四種商業區
萬華區,直興,3,37,0,第四種商業區
萬華區,直興,3,38,0,"第肆種商業區(依都市計畫說明書圖規定辦理,始得作第肆種商業區使用)(原屬第肆種住宅區)"
萬華區,直興,3,51,0,"第肆種商業區(依都市計畫說明書圖規定辦理,始得作第肆種商業區使用)(原屬第肆種住宅區)"
萬華區,直興,3,53,1,"第肆種商業區(依都市計畫說明書圖規定辦理,始得作第肆種商業區使用)(原屬第肆種住宅區)"
萬華區,直興,3,54,0,第四種商業區
萬華區,直興,3,54,1,"第肆種商業區(依都市計畫說明書圖規定辦理,始得作第肆種商業區使用)(原屬第肆種住宅區)"
萬華區,直興,3,55,0,第四種商業區
萬華區,直興,3,56,0,第四種商業區
萬華區,直興,3,61,0,第四種商業區
萬華區,直興,3,62,0,第四種商業區
萬華區,直興,3,63,0,第四種商業區
萬華區,直興,3,64,0,第四種商業區
萬華區,直興,3,65,0,第四種商業區
萬華區,直興,3,66,0,第四種商業區
萬華區,直興,3,67,0,道路用地(公共設施用地)
萬華區,直興,3,68,0,道路用地(公共設施用地)
萬華區,直興,3,69,0,道路用地(公共設施用地)
萬華區,直興,3,70,0,道路用地(公共設施用地)
萬華區,直興,3,71,0,道路用地(公共設施用地)
萬華區,直興,3,72,0,道路用地(公共設施用地)
萬華區,直興,3,73,0,道路用地(公共設施用地)
萬華區,直興,3,74,0,道路用地(公共設施用地)
萬華區,直興,3,75,0,道路用地(公共設施用地)
萬華區,直興,3,76,0,道路用地(公共設施用地)
萬華區,直興,3,77,0,道路用地(公共設施用地)
萬華區,直興,3,78,0,道路用地(公共設施用地)
萬華區,直興,3,79,0,道路用地(公共設施用地)
萬華區,直興,3,80,0,道路用地(公共設施用地)
萬華區,直興,3,81,0,道路用地(公共設施用地)
萬華區,直興,3,82,0,道路用地(公共設施用地)
萬華區,直興,3,83,0,道路用地(公共設施用地)
萬華區,直興,3,84,0,"第肆種商業區(依都市計畫說明書圖規定辦理,始得作第肆種商業區使用)(原屬第肆種住宅區)"
萬華區,直興,3,85,0,"第肆種商業區(依都市計畫說明書圖規定辦理,始得作第肆種商業區使用)(原屬第肆種住宅區)"
萬華區,直興,3,85,1,道路用地(公共設施用地)
萬華區,直興,3,85,2,道路用地(公共設施用地)
萬華區,直興,3,85,3,"第肆種商業區(依都市計畫說明書圖規定辦理,始得作第肆種商業區使用)(原屬第肆種住宅區)"
萬華區,直興,3,86,0,"第肆種商業區(依都市計畫說明書圖規定辦理,始得作第肆種商業區使用)(原屬第肆種住宅區)"
萬華區,直興,3,87,0,"第肆種商業區(依都市計畫說明書圖規定辦理,始得作第肆種商業區使用)(原屬第肆種住宅區),但是否在道路用地(公共設施用地)(應依建築線或俟地籍測量分割後,再確定)"
萬華區,直興,3,88,0,"第肆種商業區(依都市計畫說明書圖規定辦理,始得作第肆種商業區使用)(原屬第肆種住宅區)"
萬華區,直興,3,89,0,"第肆種商業區(依都市計畫說明書圖規定辦理,始得作第肆種商業區使用)(原屬第肆種住宅區)"
萬華區,直興,3,90,0,"第肆種商業區(依都市計畫說明書圖規定辦理,始得作第肆種商業區使用)(原屬第肆種住宅區)"
萬華區,直興,3,91,0,"第肆種商業區(依都市計畫說明書圖規定辦理,始得作第肆種商業區使用)(原屬第肆種住宅區)"
萬華區,直興,3,91,1,"第肆種商業區(依都市計畫說明書圖規定辦理,始得作第肆種商業區使用)(原屬第肆種住宅區)"
萬華區,直興,3,92,0,"第肆種商業區(依都市計畫說明書圖規定辦理,始得作第肆種商業區使用)(原屬第肆種住宅區)"
萬華區,直興,3,92,2,"第肆種商業區(依都市計畫說明書圖規定辦理,始得作第肆種商業區使用)(原屬第肆種住宅區)"
萬華區,直興,3,93,0,"第肆種商業區(依都市計畫說明書圖規定辦理,始得作第肆種商業區使用)(原屬第肆種住宅區)"
萬華區,直興,3,93,1,"第肆種商業區(依都市計畫說明書圖規定辦理,始得作第肆種商業區使用)(原屬第肆種住宅區)"
萬華區,直興,3,93,2,"第肆種商業區(依都市計畫說明書圖規定辦理,始得作第肆種商業區使用)(原屬第肆種住宅區)"
萬華區,直興,3,94,0,"第肆種商業區(依都市計畫說明書圖規定辦理,始得作第肆種商業區使用)(原屬第肆種住宅區)"
萬華區,直興,3,95,0,"第肆種商業區(依都市計畫說明書圖規定辦理,始得作第肆種商業區使用)(原屬第肆種住宅區)"
萬華區,直興,3,96,0,"第肆種商業區(依都市計畫說明書圖規定辦理,始得作第肆種商業區使用)(原屬第肆種住宅區)"
萬華區,直興,3,97,0,"第肆種商業區(依都市計畫說明書圖規定辦理,始得作第肆種商業區使用)(原屬第肆種住宅區)"
萬華區,直興,3,98,0,"第肆種商業區(依都市計畫說明書圖規定辦理,始得作第肆種商業區使用)(原屬第肆種住宅區)"
萬華區,直興,3,99,0,"第肆種商業區(依都市計畫說明書圖規定辦理,始得作第肆種商業區使用)(原屬第肆種住宅區)"
萬華區,直興,3,100,0,"第肆種商業區(依都市計畫說明書圖規定辦理,始得作第肆種商業區使用)(原屬第肆種住宅區)"
萬華區,直興,3,101,0,"第肆種商業區(依都市計畫說明書圖規定辦理,始得作第肆種商業區使用)(原屬第肆種住宅區及第參種商業區,應依建築線或俟地籍測量分割後,再確定)"
萬華區,直興,3,103,0,"第肆種商業區(依都市計畫說明書圖規定辦理,始得作第肆種商業區使用)(原屬第肆種住宅區)"
萬華區,直興,3,106,0,"第肆種商業區(依都市計畫說明書圖規定辦理,始得作第肆種商業區使用)(原屬第肆種住宅區及第參種商業區,應依建築線或俟地籍測量分割後,再確定)"
萬華區,直興,3,107,0,"第肆種商業區(依都市計畫說明書圖規定辦理,始得作第肆種商業區使用)(原屬第參種商業區)"
萬華區,直興,3,108,1,道路用地(公共設施用地)
萬華區,直興,3,111,0,"第肆種商業區(依都市計畫說明書圖規定辦理,始得作第肆種商業區使用)(原屬第參種商業區)"
萬華區,直興,3,111,1,"第肆種商業區(依都市計畫說明書圖規定辦理,始得作第肆種商業區使用)(原屬第肆種住宅區)"
萬華區,直興,3,112,0,"第肆種商業區(依都市計畫說明書圖規定辦理,始得作第肆種商業區使用)(原屬第參種商業區)"
萬華區,直興,3,113,0,"第肆種商業區(依都市計畫說明書圖規定辦理,始得作第肆種商業區使用)(原屬第參種商業區)"
萬華區,直興,3,114,0,"第肆種商業區(依都市計畫說明書圖規定辦理,始得作第肆種商業區使用)(原屬第參種商業區)"
萬華區,直興,3,114,1,"第肆種商業區(依都市計畫說明書圖規定辦理,始得作第肆種商業區使用)(原屬第肆種住宅區)"
萬華區,直興,3,115,0,"第肆種商業區(依都市計畫說明書圖規定辦理,始得作第肆種商業區使用)(原屬第肆種住宅區及第參種商業區)"
萬華區,直興,3,116,0,"第肆種商業區(依都市計畫說明書圖規定辦理,始得作第肆種商業區使用)(原屬第參種商業區)"
萬華區,直興,3,117,0,"第肆種商業區(依都市計畫說明書圖規定辦理,始得作第肆種商業區使用)(原屬第肆種住宅區及第參種商業區)"
萬華區,直興,3,120,0,"第肆種商業區(依都市計畫說明書圖規定辦理,始得作第肆種商業區使用)(原屬第肆種住宅區及第參種商業區)"
萬華區,直興,3,121,0,"第肆種商業區(依都市計畫說明書圖規定辦理,始得作第肆種商業區使用)(原屬第參種商業區)"
萬華區,直興,3,122,0,"第肆種商業區(依都市計畫說明書圖規定辦理,始得作第肆種商業區使用)(原屬第參種商業區)"
萬華區,直興,3,123,0,"第肆種商業區(依都市計畫說明書圖規定辦理,始得作第肆種商業區使用)(原屬第肆種住宅區及第參種商業區)"
萬華區,直興,3,124,0,"第肆種商業區(依都市計畫說明書圖規定辦理,始得作第肆種商業區使用)(原屬第肆種住宅區及第參種商業區)"
萬華區,直興,3,125,0,"第肆種商業區(依都市計畫說明書圖規定辦理,始得作第肆種商業區使用)(原屬第參種商業區)"
萬華區,直興,3,126,0,"第肆種商業區(依都市計畫說明書圖規定辦理,始得作第肆種商業區使用)(原屬第參種商業區)"
萬華區,直興,3,127,0,"第肆種商業區(依都市計畫說明書圖規定辦理,始得作第肆種商業區使用)(原屬第參種商業區)"
萬華區,直興,3,128,0,"第肆種商業區(依都市計畫說明書圖規定辦理,始得作第肆種商業區使用)(原屬第肆種住宅區及第參種商業區)"
萬華區,直興,3,129,0,"第肆種商業區(依都市計畫說明書圖規定辦理,始得作第肆種商業區使用)(原屬第肆種住宅區)"
萬華區,直興,3,130,0,"第肆種商業區(依都市計畫說明書圖規定辦理,始得作第肆種商業區使用)(原屬第肆種住宅區)"
萬華區,直興,3,131,0,"第肆種商業區(依都市計畫說明書圖規定辦理,始得作第肆種商業區使用)(原屬第肆種住宅區)"
萬華區,直興,3,132,0,"第肆種商業區(依都市計畫說明書圖規定辦理,始得作第肆種商業區使用)(原屬第肆種住宅區及第參種商業區)"
萬華區,直興,3,133,0,"第肆種商業區(依都市計畫說明書圖規定辦理,始得作第肆種商業區使用)(原屬第肆種住宅區及第參種商業區)"
萬華區,直興,3,134,0,"第肆種商業區(依都市計畫說明書圖規定辦理,始得作第肆種商業區使用)(原屬第參種商業區)"
萬華區,直興,3,135,0,"第肆種商業區(依都市計畫說明書圖規定辦理,始得作第肆種商業區使用)(原屬第參種商業區)"
萬華區,直興,3,136,0,郵政用地(公共設施用地)
萬華區,直興,3,136,1,郵政用地(公共設施用地)
萬華區,直興,3,137,0,郵政用地(公共設施用地)
萬華區,直興,3,138,0,"第肆種商業區(依都市計畫說明書圖規定辦理,始得作第肆種商業區使用)(原屬第參種商業區)"
萬華區,直興,3,139,0,道路用地(公共設施用地)
萬華區,直興,3,140,0,"道路用地(公共設施用地),但是否在第肆種商業區(依都市計畫說明書圖規定辦理,始得作第肆種商業區使用)(原屬第參種商業區,應依建築線或俟地籍測量分割後,再確定)"
萬華區,直興,3,141,0,道路用地(公共設施用地)
萬華區,直興,3,142,0,"第肆種商業區(依都市計畫說明書圖規定辦理,始得作第肆種商業區使用)(原屬第參種商業區)"
萬華區,直興,3,143,0,"第肆種商業區(依都市計畫說明書圖規定辦理,始得作第肆種商業區使用)(原屬第參種商業區)"
萬華區,直興,3,144,0,"第肆種商業區(依都市計畫說明書圖規定辦理,始得作第肆種商業區使用)(原屬第參種商業區)"
萬華區,直興,3,145,0,"第肆種商業區(依都市計畫說明書圖規定辦理,始得作第肆種商業區使用)(原屬第參種商業區)"
萬華區,直興,3,146,0,"第肆種商業區(依都市計畫說明書圖規定辦理,始得作第肆種商業區使用)(原屬第參種商業區)"
萬華區,直興,3,147,0,"第肆種商業區(依都市計畫說明書圖規定辦理,始得作第肆種商業區使用)(原屬第參種商業區)"
萬華區,直興,3,148,0,"第肆種商業區(依都市計畫說明書圖規定辦理,始得作第肆種商業區使用)(原屬第參種商業區)"
萬華區,直興,3,149,0,"第肆種商業區(依都市計畫說明書圖規定辦理,始得作第肆種商業區使用)(原屬第參種商業區)"
萬華區,直興,3,150,0,"第肆種商業區(依都市計畫說明書圖規定辦理,始得作第肆種商業區使用)(原屬第參種商業區)"
萬華區,直興,3,155,2,道路用地(公共設施用地)
萬華區,直興,3,155,3,"第肆種商業區(依都市計畫說明書圖規定辦理,始得作第肆種商業區使用)(原屬第參種商業區)"
萬華區,直興,3,156,1,道路用地(公共設施用地)
萬華區,直興,3,157,0,道路用地(公共設施用地)
萬華區,直興,3,158,0,道路用地(公共設施用地)
萬華區,直興,3,159,0,"第肆種商業區(依都市計畫說明書圖規定辦理,始得作第肆種商業區使用)(原屬第參種商業區)"
萬華區,直興,3,159,1,道路用地(公共設施用地)
萬華區,直興,3,160,0,"第肆種商業區(依都市計畫說明書圖規定辦理,始得作第肆種商業區使用)(原屬第參種商業區)"
萬華區,直興,3,161,0,"第肆種商業區(依都市計畫說明書圖規定辦理,始得作第肆種商業區使用)(原屬第參種商業區)"
萬華區,直興,3,162,0,"第肆種商業區(依都市計畫說明書圖規定辦理,始得作第肆種商業區使用)(原屬第參種商業區)"
萬華區,直興,3,163,0,"第肆種商業區(依都市計畫說明書圖規定辦理,始得作第肆種商業區使用)(原屬第參種商業區)"
萬華區,直興,3,164,0,"第肆種商業區(依都市計畫說明書圖規定辦理,始得作第肆種商業區使用)(原屬第參種商業區)"
萬華區,直興,3,165,0,"第肆種商業區(依都市計畫說明書圖規定辦理,始得作第肆種商業區使用)(原屬第參種商業區)"
萬華區,直興,3,166,0,"第肆種商業區(依都市計畫說明書圖規定辦理,始得作第肆種商業區使用)(原屬第參種商業區)"
萬華區,直興,3,167,0,"第肆種商業區(依都市計畫說明書圖規定辦理,始得作第肆種商業區使用)(原屬第參種商業區)"
萬華區,直興,3,168,0,"第肆種商業區(依都市計畫說明書圖規定辦理,始得作第肆種商業區使用)(原屬第參種商業區)"
萬華區,直興,3,169,0,"道路用地(公共設施用地),但是否在第肆種商業區(依都市計畫說明書圖規定辦理,始得作第肆種商業區使用)(原屬第參種商業區,應依建築線或俟地籍測量分割後,再確定)"
萬華區,直興,3,170,0,"第肆種商業區(依都市計畫說明書圖規定辦理,始得作第肆種商業區使用)(原屬第參種商業區)"
萬華區,直興,3,171,0,"第肆種商業區(依都市計畫說明書圖規定辦理,始得作第肆種商業區使用)(原屬第參種商業區)"
萬華區,直興,3,172,0,道路用地(公共設施用地)
萬華區,直興,3,173,0,道路用地(公共設施用地)
萬華區,直興,3,174,0,"第肆種商業區(依都市計畫說明書圖規定辦理,始得作第肆種商業區使用)(原屬第參種商業區)"
萬華區,直興,3,175,0,"第肆種商業區(依都市計畫說明書圖規定辦理,始得作第肆種商業區使用)(原屬第參種商業區)"
萬華區,直興,3,176,0,道路用地(公共設施用地)
萬華區,直興,3,177,0,道路用地(公共設施用地)
萬華區,直興,3,178,0,"第肆種商業區(依都市計畫說明書圖規定辦理,始得作第肆種商業區使用)(原屬第參種商業區)"
萬華區,直興,3,179,0,"第肆種商業區(依都市計畫說明書圖規定辦理,始得作第肆種商業區使用)(原屬第參種商業區)"
萬華區,直興,3,179,1,道路用地(公共設施用地)
萬華區,直興,3,180,0,道路用地(公共設施用地)
萬華區,直興,3,181,0,道路用地(公共設施用地)
萬華區,直興,3,182,1,道路用地(公共設施用地)
萬華區,直興,3,183,0,"第肆種商業區(依都市計畫說明書圖規定辦理,始得作第肆種商業區使用)(原屬第參種商業區)"
萬華區,直興,3,183,1,道路用地(公共設施用地)
萬華區,直興,3,184,0,道路用地(公共設施用地)
萬華區,直興,3,185,0,道路用地(公共設施用地)
萬華區,直興,3,186,0,"第肆種商業區(依都市計畫說明書圖規定辦理,始得作第肆種商業區使用)(原屬第參種商業區)"
萬華區,直興,3,187,0,"第肆種商業區(依都市計畫說明書圖規定辦理,始得作第肆種商業區使用)(原屬第參種商業區)"
萬華區,直興,3,187,1,道路用地(公共設施用地)
萬華區,直興,3,188,0,"第肆種商業區(依都市計畫說明書圖規定辦理,始得作第肆種商業區使用)(原屬第參種商業區)"
萬華區,直興,3,188,1,道路用地(公共設施用地)
萬華區,直興,3,189,0,道路用地(公共設施用地)
萬華區,直興,3,190,0,道路用地(公共設施用地)
萬華區,直興,3,191,0,"第肆種商業區(依都市計畫說明書圖規定辦理,始得作第肆種商業區使用)(原屬第參種商業區)"
萬華區,直興,3,192,1,道路用地(公共設施用地)
萬華區,直興,3,193,0,道路用地(公共設施用地)
萬華區,直興,3,194,0,道路用地(公共設施用地)
萬華區,直興,3,195,0,"第肆種商業區(依都市計畫說明書圖規定辦理,始得作第肆種商業區使用)(原屬第參種商業區)"
萬華區,直興,3,195,1,道路用地(公共設施用地)
萬華區,直興,3,196,1,道路用地(公共設施用地)
萬華區,直興,3,196,2,道路用地(公共設施用地)
萬華區,直興,3,196,3,道路用地(公共設施用地)
萬華區,直興,3,197,0,道路用地(公共設施用地)
萬華區,直興,3,198,0,道路用地(公共設施用地)
萬華區,直興,3,199,0,道路用地(公共設施用地)
萬華區,直興,3,199,1,道路用地(公共設施用地)
萬華區,直興,3,199,2,道路用地(公共設施用地)
萬華區,直興,3,199,3,道路用地(公共設施用地)
萬華區,直興,3,199,4,道路用地(公共設施用地)
萬華區,直興,3,200,0,"第肆種商業區(依都市計畫說明書圖規定辦理,始得作第肆種商業區使用)(原屬第參種商業區)"
萬華區,直興,3,200,1,道路用地(公共設施用地)
萬華區,直興,3,200,2,道路用地(公共設施用地)
萬華區,直興,3,201,1,道路用地(公共設施用地)
萬華區,直興,3,202,0,道路用地(公共設施用地)
萬華區,直興,3,203,0,道路用地(公共設施用地)
萬華區,直興,3,204,0,道路用地(公共設施用地)
萬華區,直興,3,205,1,道路用地(公共設施用地)
萬華區,直興,3,206,1,道路用地(公共設施用地)
萬華區,直興,3,207,0,道路用地(公共設施用地)
萬華區,直興,3,208,1,道路用地(公共設施用地)
萬華區,直興,3,210,0,道路用地(公共設施用地)
萬華區,直興,3,211,0,道路用地(公共設施用地)
萬華區,直興,3,212,0,"第肆種商業區(依都市計畫說明書圖規定辦理,始得作第肆種商業區使用)(原屬第參種商業區)"
萬華區,直興,3,213,1,道路用地(公共設施用地)
萬華區,直興,3,215,0,道路用地(公共設施用地)
萬華區,直興,3,216,0,道路用地(公共設施用地)
萬華區,直興,3,219,1,道路用地(公共設施用地)
萬華區,直興,3,220,0,"第肆種商業區(依都市計畫說明書圖規定辦理,始得作第肆種商業區使用)(原屬第參種商業區)"
萬華區,直興,3,220,1,道路用地(公共設施用地)
萬華區,直興,3,221,0,"第肆種商業區(依都市計畫說明書圖規定辦理,始得作第肆種商業區使用)(原屬第參種商業區)"
萬華區,直興,3,222,0,"第肆種商業區(依都市計畫說明書圖規定辦理,始得作第肆種商業區使用)(原屬第參種商業區)"
萬華區,直興,3,223,0,"第肆種商業區(依都市計畫說明書圖規定辦理,始得作第肆種商業區使用)(原屬第參種商業區)"
萬華區,直興,3,224,0,"第肆種商業區(依都市計畫說明書圖規定辦理,始得作第肆種商業區使用)(原屬第參種商業區)"
萬華區,直興,3,225,0,"第肆種商業區(依都市計畫說明書圖規定辦理,始得作第肆種商業區使用)(原屬第參種商業區)"
萬華區,直興,3,225,1,道路用地(公共設施用地)
萬華區,直興,3,226,0,"第肆種商業區(依都市計畫說明書圖規定辦理,始得作第肆種商業區使用)(原屬第參種商業區)"
萬華區,直興,3,226,1,道路用地(公共設施用地)
萬華區,直興,3,227,0,"第肆種商業區(依都市計畫說明書圖規定辦理,始得作第肆種商業區使用)(原屬第參種商業區)"
萬華區,直興,3,228,0,"第肆種商業區(依都市計畫說明書圖規定辦理,始得作第肆種商業區使用)(原屬第參種商業區)"
萬華區,直興,3,229,0,"第肆種商業區(依都市計畫說明書圖規定辦理,始得作第肆種商業區使用)(原屬第參種商業區)"
萬華區,直興,3,230,0,"第肆種商業區(依都市計畫說明書圖規定辦理,始得作第肆種商業區使用)(原屬第參種商業區)"
萬華區,直興,3,231,0,"第肆種商業區(依都市計畫說明書圖規定辦理,始得作第肆種商業區使用)(原屬第參種商業區)"
萬華區,直興,3,231,1,道路用地(公共設施用地)
萬華區,直興,3,232,0,道路用地(公共設施用地)
萬華區,直興,3,233,0,道路用地(公共設施用地)
萬華區,直興,3,234,0,道路用地(公共設施用地)
萬華區,直興,3,235,0,道路用地(公共設施用地)
萬華區,直興,3,236,0,道路用地(公共設施用地)
萬華區,直興,3,237,0,"第肆種商業區(依都市計畫說明書圖規定辦理,始得作第肆種商業區使用)(原屬第參種商業區)"
萬華區,直興,3,237,1,道路用地(公共設施用地)
萬華區,直興,3,238,0,"第肆種商業區(依都市計畫說明書圖規定辦理,始得作第肆種商業區使用)(原屬第參種商業區)"
萬華區,直興,3,238,1,道路用地(公共設施用地)
萬華區,直興,3,239,0,道路用地(公共設施用地)
萬華區,直興,3,240,0,"第肆種商業區(依都市計畫說明書圖規定辦理,始得作第肆種商業區使用)(原屬第參種商業區)"
萬華區,直興,3,241,0,"第肆種商業區(依都市計畫說明書圖規定辦理,始得作第肆種商業區使用)(原屬第參種商業區)"
萬華區,直興,3,241,1,道路用地(公共設施用地)
萬華區,直興,3,242,0,"第肆種商業區(依都市計畫說明書圖規定辦理,始得作第肆種商業區使用)(原屬第參種商業區)"
萬華區,直興,3,243,0,"第肆種商業區(依都市計畫說明書圖規定辦理,始得作第肆種商業區使用)(原屬第參種商業區)"
萬華區,直興,3,244,0,"第肆種商業區(依都市計畫說明書圖規定辦理,始得作第肆種商業區使用)(原屬第參種商業區)"
萬華區,直興,3,244,1,道路用地(公共設施用地)
萬華區,直興,3,245,0,"第肆種商業區(依都市計畫說明書圖規定辦理,始得作第肆種商業區使用)(原屬第參種商業區)"
萬華區,直興,3,245,1,道路用地(公共設施用地)
萬華區,直興,3,246,0,"第肆種商業區(依都市計畫說明書圖規定辦理,始得作第肆種商業區使用)(原屬第參種商業區)"
萬華區,直興,3,246,1,道路用地(公共設施用地)
萬華區,直興,3,247,0,"第肆種商業區(依都市計畫說明書圖規定辦理,始得作第肆種商業區使用)(原屬第參種商業區)"
萬華區,直興,3,247,1,道路用地(公共設施用地)
萬華區,直興,3,248,0,"第肆種商業區(依都市計畫說明書圖規定辦理,始得作第肆種商業區使用)(原屬第參種商業區)"
萬華區,直興,3,249,0,"第肆種商業區(依都市計畫說明書圖規定辦理,始得作第肆種商業區使用)(原屬第參種商業區)"
萬華區,直興,3,249,1,道路用地(公共設施用地)
萬華區,直興,3,249,3,道路用地(公共設施用地)
萬華區,直興,3,249,4,道路用地(公共設施用地)
萬華區,直興,3,250,0,"第肆種商業區(依都市計畫說明書圖規定辦理,始得作第肆種商業區使用)(原屬第參種商業區)"
萬華區,直興,3,250,1,道路用地(公共設施用地)
萬華區,直興,3,250,2,道路用地(公共設施用地)
萬華區,直興,3,250,3,道路用地(公共設施用地)
萬華區,直興,3,251,0,"第肆種商業區(依都市計畫說明書圖規定辦理,始得作第肆種商業區使用)(原屬第參種商業區)"
萬華區,直興,3,251,1,道路用地(公共設施用地)
萬華區,直興,3,251,2,道路用地(公共設施用地)
萬華區,直興,3,251,3,道路用地(公共設施用地)
萬華區,直興,3,252,0,"第肆種商業區(依都市計畫說明書圖規定辦理,始得作第肆種商業區使用)(原屬第參種商業區)"
萬華區,直興,3,252,1,道路用地(公共設施用地)
萬華區,直興,3,253,0,"第肆種商業區(依都市計畫說明書圖規定辦理,始得作第肆種商業區使用)(原屬第參種商業區)"
萬華區,直興,3,253,1,道路用地(公共設施用地)
萬華區,直興,3,254,0,"第肆種商業區(依都市計畫說明書圖規定辦理,始得作第肆種商業區使用)(原屬第參種商業區)"
萬華區,直興,3,254,2,道路用地(公共設施用地)
萬華區,直興,3,255,0,"第肆種商業區(依都市計畫說明書圖規定辦理,始得作第肆種商業區使用)(原屬第參種商業區)"
萬華區,直興,3,255,1,道路用地(公共設施用地)
萬華區,直興,3,256,0,"第肆種商業區(依都市計畫說明書圖規定辦理,始得作第肆種商業區使用)(原屬第參種商業區)"
萬華區,直興,3,257,0,"第肆種商業區(依都市計畫說明書圖規定辦理,始得作第肆種商業區使用)(原屬第參種商業區)"
萬華區,直興,3,257,1,道路用地(公共設施用地)
萬華區,直興,3,258,0,"第肆種商業區(依都市計畫說明書圖規定辦理,始得作第肆種商業區使用)(原屬第參種商業區)"
萬華區,直興,3,258,1,道路用地(公共設施用地)
萬華區,直興,3,259,0,"第肆種商業區(依都市計畫說明書圖規定辦理,始得作第肆種商業區使用)(原屬第參種商業區)"
萬華區,直興,3,259,1,"第肆種商業區(依都市計畫說明書圖規定辦理,始得作第肆種商業區使用)(原屬第參種商業區)"
萬華區,直興,3,259,2,道路用地(公共設施用地)
萬華區,直興,3,260,0,"第肆種商業區(依都市計畫說明書圖規定辦理,始得作第肆種商業區使用)(原屬第參種商業區)"
萬華區,直興,3,260,1,道路用地(公共設施用地)
萬華區,直興,3,261,0,"第肆種商業區(依都市計畫說明書圖規定辦理,始得作第肆種商業區使用)(原屬第參種商業區)"
萬華區,直興,3,262,0,"第肆種商業區(依都市計畫說明書圖規定辦理,始得作第肆種商業區使用)(原屬第參種商業區)"
萬華區,直興,3,263,0,"第肆種商業區(依都市計畫說明書圖規定辦理,始得作第肆種商業區使用)(原屬第參種商業區)"
萬華區,直興,3,264,0,"第肆種商業區(依都市計畫說明書圖規定辦理,始得作第肆種商業區使用)(原屬第參種商業區)"
萬華區,直興,3,265,0,"第肆種商業區(依都市計畫說明書圖規定辦理,始得作第肆種商業區使用)(原屬第參種商業區)"
萬華區,直興,3,266,0,道路用地(公共設施用地)
萬華區,直興,3,267,0,道路用地(公共設施用地)
萬華區,直興,3,268,0,道路用地(公共設施用地)
萬華區,直興,3,269,0,道路用地(公共設施用地)
萬華區,直興,3,270,0,道路用地(公共設施用地)
萬華區,直興,3,271,0,道路用地(公共設施用地)
萬華區,直興,3,272,0,道路用地(公共設施用地)
萬華區,直興,3,273,0,道路用地(公共設施用地)
萬華區,直興,3,274,0,道路用地(公共設施用地)
萬華區,直興,3,275,0,道路用地(公共設施用地)
萬華區,直興,3,276,0,道路用地(公共設施用地)
萬華區,直興,3,277,0,道路用地(公共設施用地)
萬華區,直興,3,278,0,道路用地(公共設施用地)
萬華區,直興,3,279,0,道路用地(公共設施用地)
萬華區,直興,3,280,0,道路用地(公共設施用地)
萬華區,直興,3,281,0,道路用地(公共設施用地)
萬華區,直興,3,282,0,道路用地(公共設施用地)
萬華區,直興,3,283,0,道路用地(公共設施用地)
萬華區,直興,3,284,0,道路用地(公共設施用地)
萬華區,直興,3,285,0,道路用地(公共設施用地)
萬華區,直興,3,286,0,道路用地(公共設施用地)
萬華區,直興,3,287,0,道路用地(公共設施用地)
萬華區,直興,3,288,0,道路用地(公共設施用地)
萬華區,直興,3,289,0,"第肆種商業區(依都市計畫說明書圖規定辦理,始得作第肆種商業區使用)(原屬第參種商業區)"
萬華區,直興,3,289,1,道路用地(公共設施用地)
萬華區,直興,3,290,0,"第肆種商業區(依都市計畫說明書圖規定辦理,始得作第肆種商業區使用)(原屬第參種商業區)"
萬華區,直興,3,290,1,道路用地(公共設施用地)
萬華區,直興,3,291,0,道路用地(公共設施用地)
萬華區,直興,3,292,0,道路用地(公共設施用地)
萬華區,直興,3,293,0,道路用地(公共設施用地)
萬華區,直興,3,294,0,"第肆種商業區(依都市計畫說明書圖規定辦理,始得作第肆種商業區使用)(原屬第參種商業區)"
萬華區,直興,3,294,1,"第肆種商業區(依都市計畫說明書圖規定辦理,始得作第肆種商業區使用)(原屬第參種商業區)"
萬華區,直興,3,294,2,"第肆種商業區(依都市計畫說明書圖規定辦理,始得作第肆種商業區使用)(原屬第參種商業區)"
萬華區,直興,3,294,3,"第肆種商業區(依都市計畫說明書圖規定辦理,始得作第肆種商業區使用)(原屬第參種商業區)"
萬華區,直興,3,295,0,"第肆種商業區(依都市計畫說明書圖規定辦理,始得作第肆種商業區使用)(原屬第參種商業區)"
萬華區,直興,3,295,1,"第肆種商業區(依都市計畫說明書圖規定辦理,始得作第肆種商業區使用)(原屬第參種商業區)"
萬華區,直興,3,296,0,"第肆種商業區(依都市計畫說明書圖規定辦理,始得作第肆種商業區使用)(原屬第參種商業區)"
萬華區,直興,3,296,1,"第肆種商業區(依都市計畫說明書圖規定辦理,始得作第肆種商業區使用)(原屬第參種商業區)"
萬華區,直興,3,297,0,道路用地(公共設施用地)
萬華區,直興,3,298,0,道路用地(公共設施用地)
萬華區,直興,3,299,0,"第肆種商業區(依都市計畫說明書圖規定辦理,始得作第肆種商業區使用)(原屬第參種商業區)"
萬華區,直興,3,300,0,"第肆種商業區(依都市計畫說明書圖規定辦理,始得作第肆種商業區使用)(原屬第參種商業區)"
萬華區,直興,3,301,0,道路用地(公共設施用地)
萬華區,直興,3,302,0,道路用地(公共設施用地)
萬華區,直興,3,303,0,"第肆種商業區(依都市計畫說明書圖規定辦理,始得作第肆種商業區使用)(原屬第參種商業區)"
萬華區,直興,3,304,0,"第肆種商業區(依都市計畫說明書圖規定辦理,始得作第肆種商業區使用)(原屬第參種商業區)"
萬華區,直興,3,305,0,道路用地(公共設施用地)
萬華區,直興,3,306,0,"第肆種商業區(依都市計畫說明書圖規定辦理,始得作第肆種商業區使用)(原屬第參種商業區)"
萬華區,直興,3,307,0,"第肆種商業區(依都市計畫說明書圖規定辦理,始得作第肆種商業區使用)(原屬第參種商業區)"
萬華區,直興,3,308,0,"第肆種商業區(依都市計畫說明書圖規定辦理,始得作第肆種商業區使用)(原屬第參種商業區)"
萬華區,直興,3,309,0,"第肆種商業區(依都市計畫說明書圖規定辦理,始得作第肆種商業區使用)(原屬第參種商業區)"
萬華區,直興,3,310,0,"第肆種商業區(依都市計畫說明書圖規定辦理,始得作第肆種商業區使用)(原屬第參種商業區)"
萬華區,直興,3,311,0,"第肆種商業區(依都市計畫說明書圖規定辦理,始得作第肆種商業區使用)(原屬第參種商業區)"
萬華區,直興,3,312,0,"第肆種商業區(依都市計畫說明書圖規定辦理,始得作第肆種商業區使用)(原屬第參種商業區)"
萬華區,直興,3,312,1,道路用地(公共設施用地)
萬華區,直興,3,313,0,道路用地(公共設施用地)
萬華區,直興,3,314,0,"第肆種商業區(依都市計畫說明書圖規定辦理,始得作第肆種商業區使用)(原屬第參種商業區)"
萬華區,直興,3,314,1,"第肆種商業區(依都市計畫說明書圖規定辦理,始得作第肆種商業區使用)(原屬第參種商業區)"
萬華區,直興,3,314,2,"第肆種商業區(依都市計畫說明書圖規定辦理,始得作第肆種商業區使用)(原屬第參種商業區)"
萬華區,直興,3,314,3,"第肆種商業區(依都市計畫說明書圖規定辦理,始得作第肆種商業區使用)(原屬第參種商業區)"
萬華區,直興,3,314,4,道路用地(公共設施用地)
萬華區,直興,3,315,0,"第肆種商業區(依都市計畫說明書圖規定辦理,始得作第肆種商業區使用)(原屬第參種商業區)"
萬華區,直興,3,315,1,道路用地(公共設施用地)
萬華區,直興,3,315,2,"第肆種商業區(依都市計畫說明書圖規定辦理,始得作第肆種商業區使用)(原屬第參種商業區)"
萬華區,直興,3,316,0,"第肆種商業區(依都市計畫說明書圖規定辦理,始得作第肆種商業區使用)(原屬第參種商業區)"
萬華區,直興,3,316,1,道路用地(公共設施用地)
萬華區,直興,3,317,0,"第肆種商業區(依都市計畫說明書圖規定辦理,始得作第肆種商業區使用)(原屬第參種商業區)"
萬華區,直興,3,317,1,道路用地(公共設施用地)
萬華區,直興,3,318,0,"第肆種商業區(依都市計畫說明書圖規定辦理,始得作第肆種商業區使用)(原屬第參種商業區)"
萬華區,直興,3,319,0,"第肆種商業區(依都市計畫說明書圖規定辦理,始得作第肆種商業區使用)(原屬第參種商業區)"
萬華區,直興,3,320,0,"第肆種商業區(依都市計畫說明書圖規定辦理,始得作第肆種商業區使用)(原屬第參種商業區)"
萬華區,直興,3,321,0,"第肆種商業區(依都市計畫說明書圖規定辦理,始得作第肆種商業區使用)(原屬第參種商業區)"
萬華區,直興,3,322,0,"第肆種商業區(依都市計畫說明書圖規定辦理,始得作第肆種商業區使用)(原屬第參種商業區)"
萬華區,直興,3,323,0,"第肆種商業區(依都市計畫說明書圖規定辦理,始得作第肆種商業區使用)(原屬第參種商業區)"
萬華區,直興,3,324,0,"第肆種商業區(依都市計畫說明書圖規定辦理,始得作第肆種商業區使用)(原屬第參種商業區)"
萬華區,直興,3,325,0,"道路用地(公共設施用地)及第肆種商業區(依都市計畫說明書圖規定辦理,始得作第肆種商業區使用)(原屬第參種商業區)"
萬華區,直興,3,325,1,"道路用地(公共設施用地)及第肆種商業區(依都市計畫說明書圖規定辦理,始得作第肆種商業區使用)(原屬第參種商業區)"
萬華區,直興,3,326,0,道路用地(公共設施用地)
萬華區,直興,3,327,0,道路用地(公共設施用地)
萬華區,直興,3,328,0,道路用地(公共設施用地)
萬華區,直興,3,329,0,道路用地(公共設施用地)
萬華區,直興,3,330,0,道路用地(公共設施用地)
萬華區,直興,3,331,0,道路用地(公共設施用地)
萬華區,直興,3,332,0,第四種商業區
萬華區,直興,3,335,0,第四種商業區
萬華區,直興,3,341,0,第四種商業區
萬華區,直興,3,342,0,第四種商業區
萬華區,直興,3,343,0,第四種商業區
萬華區,直興,3,343,1,道路用地(公共設施用地)
萬華區,直興,3,344,0,第四種商業區
萬華區,直興,3,345,0,道路用地(公共設施用地)
萬華區,直興,3,347,0,第四種商業區
萬華區,直興,3,347,1,第四種商業區
萬華區,直興,3,348,0,第四種商業區
萬華區,直興,3,349,0,第四種商業區
萬華區,直興,3,350,0,第四種商業區
萬華區,直興,3,351,0,第四種商業區
萬華區,直興,3,352,0,第四種商業區
萬華區,直興,3,353,0,第四種商業區
萬華區,直興,3,354,0,第四種商業區
萬華區,直興,3,355,0,第四種商業區
萬華區,直興,3,356,0,第四種商業區
萬華區,直興,3,357,0,第四種商業區
萬華區,直興,3,358,0,第四種商業區
萬華區,直興,3,359,0,第四種商業區
萬華區,直興,3,361,0,道路用地(公共設施用地)
萬華區,直興,3,362,0,道路用地(公共設施用地)
萬華區,直興,3,364,2,第四種商業區
萬華區,直興,3,365,0,第四種商業區
萬華區,直興,3,366,0,第四種商業區
萬華區,直興,3,367,0,第四種商業區
萬華區,直興,3,368,0,第四種商業區
萬華區,直興,3,369,0,第四種商業區
萬華區,直興,3,370,0,第四種商業區
萬華區,直興,3,371,0,第四種商業區
萬華區,直興,3,371,1,第四種商業區
萬華區,直興,3,375,0,道路用地(公共設施用地)
萬華區,直興,3,376,0,道路用地(公共設施用地)
萬華區,直興,3,378,0,第四種商業區
萬華區,直興,3,379,0,第四種商業區
萬華區,直興,3,380,0,第四種商業區
萬華區,直興,3,380,1,第四種商業區
萬華區,直興,3,382,0,道路用地(公共設施用地)
萬華區,直興,3,383,0,道路用地(公共設施用地)
萬華區,直興,3,384,0,道路用地(公共設施用地)
萬華區,直興,3,385,0,第四種商業區
萬華區,直興,3,386,0,第四種商業區
萬華區,直興,3,386,2,第四種商業區
萬華區,直興,3,387,0,道路用地(公共設施用地)
萬華區,直興,3,388,0,道路用地(公共設施用地)
萬華區,直興,3,390,0,第四種商業區
萬華區,直興,3,390,1,第四種商業區
萬華區,直興,3,392,0,道路用地(公共設施用地)
萬華區,直興,3,393,0,道路用地(公共設施用地)
萬華區,直興,3,395,0,第四種商業區
萬華區,直興,3,396,0,第四種商業區
萬華區,直興,3,396,1,第四種商業區
萬華區,直興,3,396,2,第四種商業區
萬華區,直興,3,396,4,第四種商業區
萬華區,直興,3,397,0,道路用地(公共設施用地)
萬華區,直興,3,398,0,道路用地(公共設施用地)
萬華區,直興,3,399,0,第四種商業區
萬華區,直興,3,399,1,第四種商業區
萬華區,直興,3,399,2,第四種商業區
萬華區,直興,3,399,3,第四種商業區
萬華區,直興,3,399,4,第四種商業區
萬華區,直興,3,399,6,第四種商業區
萬華區,直興,3,400,0,第四種商業區
萬華區,直興,3,401,0,第四種商業區
萬華區,直興,3,401,1,第四種商業區
萬華區,直興,3,401,2,道路用地(公共設施用地)
萬華區,直興,3,401,3,第四種商業區
萬華區,直興,3,402,0,第四種商業區
萬華區,直興,3,402,1,道路用地(公共設施用地)
萬華區,直興,3,403,0,第四種商業區
萬華區,直興,3,403,1,道路用地(公共設施用地)
萬華區,直興,3,404,0,道路用地(公共設施用地)
萬華區,直興,3,405,0,道路用地(公共設施用地)
萬華區,直興,3,405,1,第四種商業區
萬華區,直興,3,405,2,道路用地(公共設施用地)
萬華區,直興,3,405,3,第四種商業區
萬華區,直興,3,405,4,第四種商業區
萬華區,直興,3,405,5,道路用地(公共設施用地)
萬華區,直興,3,405,6,第四種商業區
萬華區,直興,3,405,7,道路用地(公共設施用地)
萬華區,直興,3,405,8,道路用地(公共設施用地)
萬華區,直興,3,405,9,道路用地(公共設施用地)
萬華區,直興,3,406,0,第四種商業區
萬華區,直興,3,406,1,道路用地(公共設施用地)
萬華區,直興,3,406,2,第四種商業區
萬華區,直興,3,406,3,道路用地(公共設施用地)
萬華區,直興,3,406,4,道路用地(公共設施用地)
萬華區,直興,3,407,0,道路用地(公共設施用地)
萬華區,直興,3,408,0,道路用地(公共設施用地)
萬華區,直興,3,409,1,第四種商業區
萬華區,直興,3,411,0,道路用地(公共設施用地)
萬華區,直興,3,412,0,道路用地(公共設施用地)
萬華區,直興,3,414,0,第四種商業區
萬華區,直興,3,415,0,道路用地(公共設施用地)
萬華區,直興,3,416,0,道路用地(公共設施用地)
萬華區,直興,3,417,0,第四種商業區
萬華區,直興,3,418,0,第四種商業區
萬華區,直興,3,419,0,第四種商業區
萬華區,直興,3,419,1,第四種商業區
萬華區,直興,3,420,0,第四種商業區
萬華區,直興,3,421,0,道路用地(公共設施用地)
萬華區,直興,3,422,0,道路用地(公共設施用地)
萬華區,直興,3,423,0,第四種商業區
萬華區,直興,3,424,0,第四種商業區
萬華區,直興,3,425,0,第四種商業區
萬華區,直興,3,426,0,第四種商業區
萬華區,直興,3,427,0,第四種商業區
萬華區,直興,3,428,0,道路用地(公共設施用地)
萬華區,直興,3,429,0,道路用地(公共設施用地)
萬華區,直興,3,430,0,第四種商業區
萬華區,直興,3,431,0,第四種商業區
萬華區,直興,3,432,0,第四種商業區
萬華區,直興,3,433,0,第四種商業區
萬華區,直興,3,433,1,道路用地(公共設施用地)
萬華區,直興,3,434,0,第四種商業區
萬華區,直興,3,434,1,道路用地(公共設施用地)
萬華區,直興,3,435,0,第四種商業區
萬華區,直興,3,436,0,第四種商業區
萬華區,直興,3,437,0,道路用地(公共設施用地)
萬華區,直興,3,438,0,道路用地(公共設施用地)
萬華區,直興,3,439,0,第四種商業區
萬華區,直興,3,440,0,第四種商業區
萬華區,直興,3,441,0,道路用地(公共設施用地)
萬華區,直興,3,442,0,道路用地(公共設施用地)
萬華區,直興,3,443,0,第四種商業區
萬華區,直興,3,444,0,第四種商業區
萬華區,直興,3,445,0,道路用地(公共設施用地)
萬華區,直興,3,446,0,"道路用地(公共設施用地),但是否在第四種商業區(應依建築線或俟地籍測量分割後,再確定)"
萬華區,直興,3,447,0,第四種商業區
萬華區,直興,3,448,0,第四種商業區
萬華區,直興,3,449,0,第四種商業區
萬華區,直興,3,450,0,第四種商業區
萬華區,直興,3,451,0,第四種商業區
萬華區,直興,3,452,0,第四種商業區
萬華區,直興,3,453,0,第四種商業區
萬華區,直興,3,454,0,第四種商業區
萬華區,直興,3,455,0,第四種商業區
萬華區,直興,3,456,0,第四種商業區
萬華區,直興,3,457,0,第四種商業區
萬華區,直興,3,458,0,第四種商業區
萬華區,直興,3,459,0,第四種商業區
萬華區,直興,3,459,1,道路用地(公共設施用地)
萬華區,直興,3,460,0,第四種商業區
萬華區,直興,3,461,0,第四種商業區
萬華區,直興,3,462,0,第四種商業區
萬華區,直興,3,463,0,第四種商業區
萬華區,直興,3,464,0,第四種商業區
萬華區,直興,3,465,0,市場用地(公共設施用地)
萬華區,直興,3,465,1,道路用地(公共設施用地)
萬華區,直興,3,465,2,道路用地(公共設施用地)
萬華區,直興,3,466,0,第四種商業區
萬華區,直興,3,467,0,第四種商業區
萬華區,直興,3,468,0,第四種商業區
萬華區,直興,3,469,0,第四種商業區
萬華區,直興,3,470,0,第四種商業區
萬華區,直興,3,471,0,第四種商業區
萬華區,直興,3,476,0,第四種商業區
萬華區,直興,3,477,0,第四種商業區
萬華區,直興,3,478,0,第四種商業區
萬華區,直興,3,479,0,第四種商業區
萬華區,直興,3,480,0,第四種商業區
萬華區,直興,3,481,0,第四種商業區
萬華區,直興,3,482,0,第四種商業區
萬華區,直興,3,483,0,第四種商業區
萬華區,直興,3,484,0,第四種商業區
萬華區,直興,3,485,0,第四種商業區
萬華區,直興,3,486,0,第四種商業區
萬華區,直興,3,487,0,第四種商業區
萬華區,直興,3,487,1,第四種商業區
萬華區,直興,3,488,0,"第四種商業區,但是否在道路用地(公共設施用地)(應依建築線或俟地籍測量分割後,再確定)"
萬華區,直興,3,498,0,第四種商業區
萬華區,直興,3,499,0,第四種商業區
萬華區,直興,3,500,0,第四種商業區
萬華區,直興,3,501,0,第四種商業區
萬華區,直興,3,506,0,第四種商業區
萬華區,直興,3,512,0,第四種商業區
萬華區,直興,3,514,0,第四種商業區
萬華區,直興,3,518,1,道路用地(公共設施用地)
萬華區,直興,3,520,0,第四種商業區
萬華區,直興,3,520,1,道路用地(公共設施用地)
萬華區,直興,3,521,0,第四種商業區
萬華區,直興,3,522,0,第四種商業區
萬華區,直興,3,526,0,第四種商業區
萬華區,直興,3,526,1,第四種商業區
萬華區,直興,3,527,0,第四種商業區
萬華區,直興,3,528,0,第四種商業區
萬華區,直興,3,529,1,第四種商業區
萬華區,直興,3,530,1,第四種商業區
萬華區,直興,3,531,0,第四種商業區
萬華區,直興,3,532,0,第四種商業區
萬華區,直興,3,533,0,第四種商業區
萬華區,直興,3,534,0,第四種商業區
萬華區,直興,3,534,1,第四種商業區
萬華區,直興,3,535,0,第四種商業區
萬華區,直興,3,535,1,第四種商業區
萬華區,直興,3,536,0,第四種商業區
萬華區,直興,3,537,0,第四種商業區
萬華區,直興,3,538,0,第四種商業區
萬華區,直興,3,539,0,第四種商業區
萬華區,直興,3,540,0,第四種商業區
萬華區,直興,3,541,0,第四種商業區
萬華區,直興,3,542,0,第四種商業區
萬華區,直興,3,543,0,第四種商業區
萬華區,直興,3,544,0,道路用地(公共設施用地)
萬華區,直興,3,545,0,第四種商業區
萬華區,直興,3,546,0,第四種商業區
萬華區,直興,3,547,0,第四種商業區
萬華區,直興,3,548,0,第四種商業區
萬華區,直興,3,549,0,道路用地(公共設施用地)
萬華區,直興,3,549,1,道路用地(公共設施用地)
萬華區,直興,3,550,0,道路用地(公共設施用地)
萬華區,直興,3,551,0,道路用地(公共設施用地)
萬華區,直興,3,552,0,道路用地(公共設施用地)
萬華區,直興,3,552,1,道路用地(公共設施用地)
萬華區,直興,3,553,0,道路用地(公共設施用地)
萬華區,青年,1,16,0,河川區
萬華區,青年,1,46,0,"河川區,但是否在道路用地(公共設施用地)(應依建築線或俟地籍測量分割後,再確定)"
萬華區,青年,1,47,0,道路用地(公共設施用地)
萬華區,青年,1,48,0,"河川區,但是否在道路用地(公共設施用地)(應依建築線或俟地籍測量分割後,再確定)"
萬華區,青年,1,48,1,道路用地(公共設施用地)
萬華區,青年,1,49,0,"河川區,但是否在道路用地(公共設施用地)(應依建築線或俟地籍測量分割後,再確定)"
萬華區,青年,1,50,0,"河川區,但是否在道路用地(公共設施用地)(應依建築線或俟地籍測量分割後,再確定)"
萬華區,青年,1,51,0,"道路用地(公共設施用地),但是否在河川區(應依建築線或俟地籍測量分割後,再確定)"
萬華區,青年,1,52,0,河川區
萬華區,青年,1,53,0,"河川區,但是否在道路用地(公共設施用地)(應依建築線或俟地籍測量分割後,再確定)"
萬華區,青年,1,54,0,"河川區,但是否在道路用地(公共設施用地)(應依建築線或俟地籍測量分割後,再確定)"
萬華區,青年,1,55,0,"河川區,但是否在道路用地(公共設施用地)(應依建築線或俟地籍測量分割後,再確定)"
萬華區,青年,1,56,0,"河川區,但是否在道路用地(公共設施用地)(應依建築線或俟地籍測量分割後,再確定)"
萬華區,青年,1,57,0,"第三之二種住宅區及第三之一種住宅區及第三種住宅區(是否在公共設施用地,應依建築線或俟地籍測量分割後,再確定)"
萬華區,青年,1,58,1,道路用地(公共設施用地)
萬華區,青年,1,58,2,第三種住宅區
萬華區,青年,1,58,3,道路用地(公共設施用地)
萬華區,青年,1,58,4,道路用地(公共設施用地)
萬華區,青年,1,58,5,變電所用地(公共設施用地)
萬華區,青年,1,58,6,道路用地(公共設施用地)
萬華區,青年,1,59,1,道路用地(公共設施用地)
萬華區,青年,1,59,2,變電所用地(公共設施用地)
萬華區,青年,1,60,0,第三種住宅區
萬華區,青年,1,61,0,第三種住宅區
萬華區,青年,1,62,0,第三種住宅區
萬華區,青年,1,63,0,國中用地(公共設施用地)
萬華區,青年,1,63,1,第三種住宅區
萬華區,青年,1,63,3,第三種住宅區
萬華區,青年,1,63,5,道路用地(公共設施用地)
萬華區,青年,1,63,6,道路用地(公共設施用地)
萬華區,青年,1,63,7,道路用地(公共設施用地)
萬華區,青年,1,63,8,道路用地(公共設施用地)
萬華區,青年,1,65,1,道路用地(公共設施用地)
萬華區,青年,1,66,0,第三之二種住宅區
萬華區,青年,1,67,0,第三種住宅區及第三之二種住宅區
萬華區,青年,1,67,1,道路用地(公共設施用地)
萬華區,青年,1,68,1,道路用地(公共設施用地)
萬華區,青年,1,70,0,機關用地(公共設施用地)
萬華區,青年,1,71,0,道路用地(公共設施用地)
萬華區,青年,1,72,0,道路用地(公共設施用地)
萬華區,青年,1,73,0,道路用地(公共設施用地)
萬華區,青年,1,73,1,道路用地(公共設施用地)
萬華區,青年,1,73,2,道路用地(公共設施用地)
萬華區,青年,1,73,3,道路用地(公共設施用地)
萬華區,青年,1,73,4,道路用地(公共設施用地)
萬華區,青年,1,74,0,第三種住宅區及第三之一種住宅區
萬華區,青年,1,76,0,第三種住宅區
萬華區,青年,1,77,0,道路用地(公共設施用地)
萬華區,青年,1,78,0,公園用地(公共設施用地)
萬華區,青年,1,79,0,公園用地(公共設施用地)
萬華區,青年,1,80,0,道路用地(公共設施用地)
萬華區,青年,1,80,1,公園用地(公共設施用地)
萬華區,青年,1,80,2,道路用地(公共設施用地)
萬華區,青年,1,81,0,"河川區,但是否在道路用地(公共設施用地)(應依建築線或俟地籍測量分割後,再確定)"
萬華區,青年,1,82,0,河川區
萬華區,青年,1,82,1,河川區
萬華區,青年,1,82,2,道路用地(公共設施用地)
萬華區,青年,1,83,0,道路用地(公共設施用地)
萬華區,青年,1,84,0,道路用地(公共設施用地)
萬華區,青年,1,85,0,道路用地(公共設施用地)
萬華區,青年,1,85,1,道路用地(公共設施用地)
萬華區,青年,1,85,2,道路用地(公共設施用地)
萬華區,青年,1,85,3,道路用地(公共設施用地)
萬華區,青年,1,85,4,道路用地(公共設施用地)
萬華區,青年,1,85,5,第三之一種住宅區
萬華區,青年,1,86,0,第三種住宅區
萬華區,青年,1,86,1,第三種住宅區
萬華區,青年,1,86,2,"第三之一種住宅區,但是否在第三種住宅區(應依建築線或俟地籍測量分割後,再確定)"
萬華區,青年,1,86,4,第三種住宅區
萬華區,青年,1,86,6,道路用地(公共設施用地)
萬華區,青年,1,86,7,第三種住宅區
萬華區,青年,1,86,8,道路用地(公共設施用地)
萬華區,青年,1,86,9,道路用地(公共設施用地)
萬華區,青年,1,86,10,第三種住宅區
萬華區,青年,1,86,13,道路用地(公共設施用地)
萬華區,青年,1,86,14,道路用地(公共設施用地)
萬華區,青年,1,86,15,道路用地(公共設施用地)
萬華區,青年,1,86,16,道路用地(公共設施用地)
萬華區,青年,1,86,17,道路用地(公共設施用地)
萬華區,青年,1,86,18,道路用地(公共設施用地)
萬華區,青年,1,86,20,道路用地(公共設施用地)
萬華區,青年,1,86,21,道路用地(公共設施用地)
萬華區,青年,1,86,23,道路用地(公共設施用地)
萬華區,青年,1,86,24,道路用地(公共設施用地)
萬華區,青年,1,86,25,道路用地(公共設施用地)
萬華區,青年,1,86,26,道路用地(公共設施用地)
萬華區,青年,1,86,27,道路用地(公共設施用地)
萬華區,青年,1,86,28,道路用地(公共設施用地)
萬華區,青年,1,86,29,第三種住宅區
萬華區,青年,1,86,30,道路用地(公共設施用地)
萬華區,青年,1,86,31,第三種住宅區
萬華區,青年,1,86,32,第三種住宅區
萬華區,青年,1,86,33,電信用地(公共設施用地)
萬華區,青年,1,86,34,道路用地(公共設施用地)
萬華區,青年,1,86,36,第三種住宅區
萬華區,青年,1,87,0,第三種住宅區
萬華區,青年,1,87,1,道路用地(公共設施用地)
萬華區,青年,1,88,0,第三種住宅區及第三之一種住宅區
萬華區,青年,1,88,2,道路用地(公共設施用地)
萬華區,青年,1,88,3,"道路用地(公共設施用地),但是否在第三種住宅區(應依建築線或俟地籍測量分割後,再確定)"
萬華區,青年,1,88,4,道路用地(公共設施用地)
萬華區,青年,1,89,0,第三種住宅區
萬華區,青年,1,89,1,道路用地(公共設施用地)
萬華區,青年,1,89,2,第三種住宅區
萬華區,青年,1,90,0,道路用地(公共設施用地)
萬華區,青年,1,90,1,道路用地(公共設施用地)
萬華區,青年,1,90,2,道路用地(公共設施用地)
萬華區,青年,1,91,0,電信用地(公共設施用地)
萬華區,青年,1,92,0,道路用地(公共設施用地)
萬華區,青年,1,92,1,道路用地(公共設施用地)
萬華區,青年,1,92,3,第三種住宅區
萬華區,青年,1,93,0,第三種住宅區
萬華區,青年,1,94,0,第三種住宅區
萬華區,青年,1,95,0,第三種住宅區
萬華區,青年,1,96,0,第三種住宅區
萬華區,青年,1,97,0,第三種住宅區
萬華區,青年,1,98,0,第三種住宅區
萬華區,青年,1,99,0,第三種住宅區
萬華區,青年,1,100,0,第三種住宅區
萬華區,青年,1,101,0,第三種住宅區
萬華區,青年,1,102,0,第三種住宅區
萬華區,青年,1,103,0,第三種住宅區
萬華區,青年,1,104,0,第三種住宅區
萬華區,青年,1,105,0,第三種住宅區
萬華區,青年,1,106,0,第三種住宅區
萬華區,青年,1,107,0,第三種住宅區
萬華區,青年,1,108,0,第三種住宅區
萬華區,青年,1,109,0,第三種住宅區
萬華區,青年,1,110,0,第三種住宅區
萬華區,青年,1,111,0,第三種住宅區
萬華區,青年,1,112,0,第三種住宅區
萬華區,青年,1,113,0,第三種住宅區
萬華區,青年,1,114,0,第三種住宅區
萬華區,青年,1,115,0,第三種住宅區
萬華區,青年,1,116,0,第三種住宅區
萬華區,青年,1,117,0,第三種住宅區
萬華區,青年,1,118,0,第三種住宅區
萬華區,青年,1,119,0,第三種住宅區
萬華區,青年,1,120,0,第三種住宅區
萬華區,青年,1,121,0,第三種住宅區
萬華區,青年,1,122,0,第三種住宅區
萬華區,青年,1,123,0,第三種住宅區
萬華區,青年,1,124,0,第三種住宅區
萬華區,青年,1,124,1,道路用地(公共設施用地)
萬華區,青年,1,124,2,第三種住宅區
萬華區,青年,1,124,3,道路用地(公共設施用地)
萬華區,青年,1,124,4,第三種住宅區
萬華區,青年,1,124,5,道路用地(公共設施用地)
萬華區,青年,1,124,6,第三種住宅區
萬華區,青年,1,125,0,第三之一種住宅區
萬華區,青年,1,125,1,道路用地(公共設施用地)
萬華區,青年,1,126,0,第三種住宅區
萬華區,青年,1,126,1,第三之一種住宅區
萬華區,青年,1,126,2,道路用地(公共設施用地)
萬華區,青年,1,126,3,道路用地(公共設施用地)
萬華區,青年,1,127,0,道路用地(公共設施用地)
萬華區,青年,1,127,2,道路用地(公共設施用地)
萬華區,青年,1,127,3,道路用地(公共設施用地)
萬華區,青年,1,127,4,道路用地(公共設施用地)
萬華區,青年,1,127,5,道路用地(公共設施用地)
萬華區,青年,1,128,0,道路用地(公共設施用地)
萬華區,青年,1,128,1,道路用地(公共設施用地)
萬華區,青年,1,128,2,道路用地(公共設施用地)
萬華區,青年,1,128,3,道路用地(公共設施用地)
萬華區,青年,1,128,4,道路用地(公共設施用地)
萬華區,青年,1,128,5,道路用地(公共設施用地)
萬華區,青年,1,128,6,道路用地(公共設施用地)
萬華區,青年,1,128,7,道路用地(公共設施用地)
萬華區,青年,1,128,8,道路用地(公共設施用地)
萬華區,青年,1,128,9,道路用地(公共設施用地)
萬華區,青年,1,129,0,第一種商業區
萬華區,青年,1,130,0,第一種商業區(特)
萬華區,青年,1,131,0,第一種商業區(特)
萬華區,青年,1,132,0,第一種商業區(特)
萬華區,青年,1,133,0,第一種商業區(特)
萬華區,青年,1,134,0,第一種商業區(特)
萬華區,青年,1,135,0,第一種商業區(特)
萬華區,青年,1,136,0,第一種商業區(特)
萬華區,青年,1,136,1,第一種商業區(特)
萬華區,青年,1,136,2,第一種商業區(特)
萬華區,青年,1,136,3,第一種商業區(特)
萬華區,青年,1,136,4,第一種商業區(特)
萬華區,青年,1,136,5,第一種商業區(特)
萬華區,青年,1,137,0,第一種商業區(特)
萬華區,青年,1,138,0,第一種商業區(特)
萬華區,青年,1,139,0,第一種商業區(特)
萬華區,青年,1,140,0,第一種商業區(特)
萬華區,青年,1,141,0,第一種商業區(特)
萬華區,青年,1,142,0,第一種商業區(特)
萬華區,青年,1,143,0,第一種商業區(特)
萬華區,青年,1,144,0,第一種商業區(特)
萬華區,青年,1,145,0,第一種商業區(特)
萬華區,青年,1,146,0,第一種商業區(特)
萬華區,青年,1,147,0,第一種商業區(特)
萬華區,青年,1,148,0,第一種商業區(特)
萬華區,青年,1,149,0,第一種商業區(特)
萬華區,青年,1,150,0,道路用地(公共設施用地)
萬華區,青年,1,150,1,道路用地(公共設施用地)
萬華區,青年,1,150,2,道路用地(公共設施用地)
萬華區,青年,1,151,0,第三種住宅區及第三之一種住宅區
萬華區,青年,1,151,1,道路用地(公共設施用地)
萬華區,青年,1,151,2,第三種住宅區
萬華區,青年,1,151,3,道路用地(公共設施用地)
萬華區,青年,1,151,4,國小用地(公共設施用地)
萬華區,青年,1,151,5,道路用地(公共設施用地)
萬華區,青年,1,151,6,國小用地(公共設施用地)
萬華區,青年,1,151,7,道路用地(公共設施用地)
萬華區,青年,1,151,8,第三種住宅區
萬華區,青年,1,151,9,道路用地(公共設施用地)
萬華區,青年,1,151,10,第三種住宅區
萬華區,青年,1,151,11,第三種住宅區
萬華區,青年,1,151,13,道路用地(公共設施用地)
萬華區,青年,1,151,14,第三種住宅區
萬華區,青年,1,151,15,道路用地(公共設施用地)
萬華區,青年,1,151,16,第三種住宅區
萬華區,青年,1,151,17,第三種住宅區
萬華區,青年,1,151,19,第三種住宅區
萬華區,青年,1,151,21,第三之一種住宅區
萬華區,青年,1,151,23,第三種住宅區
萬華區,青年,1,151,24,第三種住宅區
萬華區,青年,1,151,25,第三種住宅區
萬華區,青年,1,151,27,第三種住宅區
萬華區,青年,1,151,29,"第三種住宅區,但是否在道路用地(公共設施用地)(應依建築線或俟地籍測量分割後,再確定)"
萬華區,青年,1,151,31,第三種住宅區
萬華區,青年,1,151,32,第三種住宅區
萬華區,青年,1,151,33,道路用地(公共設施用地)
萬華區,青年,1,151,34,道路用地(公共設施用地)
萬華區,青年,1,151,35,道路用地(公共設施用地)
萬華區,青年,1,151,36,道路用地(公共設施用地)
萬華區,青年,1,151,38,第三種住宅區
萬華區,青年,1,151,39,第三種住宅區
萬華區,青年,1,151,43,第三種住宅區
萬華區,青年,1,151,44,第三種住宅區
萬華區,青年,1,151,45,市場用地(公共設施用地)
萬華區,青年,1,151,46,國小用地(公共設施用地)
萬華區,青年,1,151,48,第三種住宅區
萬華區,青年,1,151,49,國小用地(公共設施用地)
萬華區,青年,1,151,50,國小用地(公共設施用地)
萬華區,青年,1,151,51,國小用地(公共設施用地)
萬華區,青年,1,151,52,第三種住宅區
萬華區,青年,1,151,53,第三種住宅區
萬華區,青年,1,151,54,第三種住宅區
萬華區,青年,1,151,55,第三種住宅區
萬華區,青年,1,151,56,第三種住宅區
萬華區,青年,1,151,57,第三種住宅區
萬華區,青年,1,151,58,第三種住宅區
萬華區,青年,1,151,59,第三種住宅區
萬華區,青年,1,152,0,第三種住宅區
萬華區,青年,1,153,0,第三種住宅區
萬華區,青年,1,154,0,第三種住宅區
萬華區,青年,1,155,0,第三種住宅區
萬華區,青年,1,156,0,第三種住宅區
萬華區,青年,1,157,0,第三種住宅區
萬華區,青年,1,158,0,第三種住宅區
萬華區,青年,1,159,0,第三種住宅區
萬華區,青年,1,160,0,第三種住宅區
萬華區,青年,1,161,0,第三種住宅區
萬華區,青年,1,161,1,道路用地(公共設施用地)
萬華區,青年,1,162,0,第三種住宅區
萬華區,青年,1,163,0,第三種住宅區
萬華區,青年,1,164,0,第三種住宅區
萬華區,青年,1,165,0,第三種住宅區
萬華區,青年,1,166,0,第三種住宅區
萬華區,青年,1,166,1,道路用地(公共設施用地)
萬華區,青年,1,167,0,第三種住宅區
萬華區,青年,1,167,1,道路用地(公共設施用地)
萬華區,青年,1,168,0,道路用地(公共設施用地)
萬華區,青年,1,169,0,第三種住宅區
萬華區,青年,1,170,0,道路用地(公共設施用地)
萬華區,青年,1,171,0,第三種住宅區
萬華區,青年,1,171,1,道路用地(公共設施用地)
萬華區,青年,1,172,0,道路用地(公共設施用地)
萬華區,青年,1,173,0,道路用地(公共設施用地)
萬華區,青年,1,174,0,第三種住宅區
萬華區,青年,1,175,0,第三種住宅區
萬華區,青年,1,175,1,道路用地(公共設施用地)
萬華區,青年,1,176,0,第三種住宅區
萬華區,青年,1,177,0,道路用地(公共設施用地)
萬華區,青年,1,180,0,道路用地(公共設施用地)
萬華區,青年,1,180,1,道路用地(公共設施用地)
萬華區,青年,1,181,0,道路用地(公共設施用地)
萬華區,青年,1,181,1,道路用地(公共設施用地)
萬華區,青年,1,182,0,第三種住宅區
萬華區,青年,1,182,1,道路用地(公共設施用地)
萬華區,青年,1,183,0,第三種住宅區
萬華區,青年,1,184,0,道路用地(公共設施用地)
萬華區,青年,1,185,0,道路用地(公共設施用地)
萬華區,青年,1,186,0,道路用地(公共設施用地)
萬華區,青年,1,186,1,道路用地(公共設施用地)
萬華區,青年,1,187,0,第三種住宅區
萬華區,青年,1,187,1,道路用地(公共設施用地)
萬華區,青年,1,188,0,第三種住宅區
萬華區,青年,1,190,0,道路用地(公共設施用地)
萬華區,青年,1,191,0,道路用地(公共設施用地)
萬華區,青年,1,194,0,道路用地(公共設施用地)
萬華區,青年,1,195,0,道路用地(公共設施用地)
萬華區,青年,1,196,0,第三種住宅區
萬華區,青年,1,197,0,第三種住宅區
萬華區,青年,1,198,0,道路用地(公共設施用地)
萬華區,青年,1,199,0,道路用地(公共設施用地)
萬華區,青年,1,200,0,第三種住宅區
萬華區,青年,1,201,0,第三種住宅區
萬華區,青年,1,202,0,第三種住宅區
萬華區,青年,1,203,0,第三種住宅區
萬華區,青年,1,204,0,第三種住宅區
萬華區,青年,1,205,0,第三種住宅區
萬華區,青年,1,205,1,道路用地(公共設施用地)
萬華區,青年,1,206,0,道路用地(公共設施用地)
萬華區,青年,1,206,1,第三種住宅區
萬華區,青年,1,207,0,道路用地(公共設施用地)
萬華區,青年,1,208,0,第三種住宅區
萬華區,青年,1,209,0,道路用地(公共設施用地)
萬華區,青年,1,210,0,道路用地(公共設施用地)
萬華區,青年,1,211,0,道路用地(公共設施用地)
萬華區,青年,1,212,0,道路用地(公共設施用地)
萬華區,青年,1,213,0,道路用地(公共設施用地)
萬華區,青年,1,214,0,第三種住宅區
萬華區,青年,1,215,0,第三種住宅區
萬華區,青年,1,216,0,第三種住宅區
萬華區,青年,1,217,0,第三種住宅區
萬華區,青年,1,218,0,第三種住宅區
萬華區,青年,1,219,0,第三種住宅區
萬華區,青年,1,220,0,第三種住宅區
萬華區,青年,1,221,0,第三種住宅區
萬華區,青年,1,222,0,第三種住宅區
萬華區,青年,1,223,0,第三種住宅區
萬華區,青年,1,224,0,第三種住宅區
萬華區,青年,1,225,0,第三種住宅區
萬華區,青年,1,226,0,第三種住宅區
萬華區,青年,1,227,0,第三種住宅區
萬華區,青年,1,228,0,第三種住宅區
萬華區,青年,1,229,0,道路用地(公共設施用地)
萬華區,青年,1,230,0,道路用地(公共設施用地)
萬華區,青年,1,231,0,第三種住宅區
萬華區,青年,1,232,0,第三種住宅區
萬華區,青年,1,233,0,第三種住宅區
萬華區,青年,1,234,0,道路用地(公共設施用地)
萬華區,青年,1,235,0,道路用地(公共設施用地)
萬華區,青年,1,236,0,道路用地(公共設施用地)
萬華區,青年,1,237,0,第三種住宅區
萬華區,青年,1,238,0,第三種住宅區
萬華區,青年,1,239,0,道路用地(公共設施用地)
萬華區,青年,1,240,0,道路用地(公共設施用地)
萬華區,青年,1,241,0,道路用地(公共設施用地)
萬華區,青年,1,242,0,第三種住宅區
萬華區,青年,1,243,0,第三種住宅區
萬華區,青年,1,244,0,道路用地(公共設施用地)
萬華區,青年,1,245,0,道路用地(公共設施用地)
萬華區,青年,1,246,0,道路用地(公共設施用地)
萬華區,青年,1,247,0,第三種住宅區
萬華區,青年,1,247,1,第三種住宅區
萬華區,青年,1,248,0,第三種住宅區
萬華區,青年,1,249,0,道路用地(公共設施用地)
萬華區,青年,1,250,0,道路用地(公共設施用地)
萬華區,青年,1,251,0,第三種住宅區
萬華區,青年,1,252,0,第三種住宅區
萬華區,青年,1,253,0,道路用地(公共設施用地)
萬華區,青年,1,254,0,第三種住宅區
萬華區,青年,1,254,1,道路用地(公共設施用地)
萬華區,青年,1,255,0,第三種住宅區
萬華區,青年,1,256,0,第三種住宅區
萬華區,青年,1,257,0,第三種住宅區
萬華區,青年,1,258,0,道路用地(公共設施用地)
萬華區,青年,1,258,1,第三種住宅區
萬華區,青年,1,259,0,道路用地(公共設施用地)
萬華區,青年,1,260,0,第三種住宅區
萬華區,青年,1,261,0,第三種住宅區
萬華區,青年,1,262,0,道路用地(公共設施用地)
萬華區,青年,1,263,0,道路用地(公共設施用地)
萬華區,青年,1,264,0,第三種住宅區
萬華區,青年,1,265,0,第三種住宅區
萬華區,青年,1,266,0,第三種住宅區
萬華區,青年,1,267,0,第三種住宅區
萬華區,青年,1,268,0,第三種住宅區
萬華區,青年,1,269,0,第三種住宅區
萬華區,青年,1,270,0,第三種住宅區
萬華區,青年,1,271,0,第三種住宅區
萬華區,青年,1,272,0,第三種住宅區
萬華區,青年,1,273,0,第三種住宅區
萬華區,青年,1,274,0,第三種住宅區
萬華區,青年,1,275,0,第三種住宅區
萬華區,青年,1,276,0,第三種住宅區
萬華區,青年,1,277,0,第三種住宅區
萬華區,青年,1,278,0,第三種住宅區
萬華區,青年,1,279,0,第三種住宅區
萬華區,青年,1,280,0,第三種住宅區
萬華區,青年,1,281,0,第三種住宅區
萬華區,青年,1,281,1,道路用地(公共設施用地)
萬華區,青年,1,281,2,道路用地(公共設施用地)
萬華區,青年,1,282,0,道路用地(公共設施用地)
萬華區,青年,1,285,0,道路用地(公共設施用地)
萬華區,青年,1,286,0,道路用地(公共設施用地)
萬華區,青年,1,287,0,第三種住宅區
萬華區,青年,1,288,0,第三種住宅區
萬華區,青年,1,289,0,第三種住宅區
萬華區,青年,1,290,0,第三種住宅區
萬華區,青年,1,291,0,道路用地(公共設施用地)
萬華區,青年,1,292,0,第三種住宅區
萬華區,青年,1,292,1,道路用地(公共設施用地)
萬華區,青年,1,293,0,第三種住宅區
萬華區,青年,1,294,0,第三種住宅區
萬華區,青年,1,295,0,第三種住宅區
萬華區,青年,1,296,0,第三種住宅區
萬華區,青年,1,297,0,第三種住宅區
萬華區,青年,1,298,0,第三種住宅區
萬華區,青年,1,299,0,第三種住宅區
萬華區,青年,1,300,0,第三種住宅區
萬華區,青年,1,301,0,第三種住宅區
萬華區,青年,1,302,0,第三種住宅區
萬華區,青年,1,303,0,道路用地(公共設施用地)
萬華區,青年,1,304,0,道路用地(公共設施用地)
萬華區,青年,1,305,0,第三種住宅區
萬華區,青年,1,307,0,道路用地(公共設施用地)
萬華區,青年,1,308,0,道路用地(公共設施用地)
萬華區,青年,1,310,0,第三種住宅區
萬華區,青年,1,311,0,第三種住宅區
萬華區,青年,1,312,0,第三種住宅區
萬華區,青年,1,313,0,第三種住宅區
萬華區,青年,1,315,0,道路用地(公共設施用地)
萬華區,青年,1,316,0,道路用地(公共設施用地)
萬華區,青年,1,318,0,第三種住宅區
萬華區,青年,1,319,0,第三種住宅區
萬華區,青年,1,320,0,第三種住宅區
萬華區,青年,1,321,0,第三種住宅區
萬華區,青年,1,322,0,第三種住宅區
萬華區,青年,1,324,0,道路用地(公共設施用地)
萬華區,青年,1,325,0,道路用地(公共設施用地)
萬華區,青年,1,328,0,道路用地(公共設施用地)
萬華區,青年,1,329,0,道路用地(公共設施用地)
萬華區,青年,1,329,1,第三種住宅區
萬華區,青年,1,330,0,第三種住宅區
萬華區,青年,1,331,0,第三種住宅區
萬華區,青年,1,332,0,道路用地(公共設施用地)
萬華區,青年,1,333,0,道路用地(公共設施用地)
萬華區,青年,1,334,0,第三種住宅區
萬華區,青年,1,335,0,第三種住宅區
萬華區,青年,1,336,0,道路用地(公共設施用地)
萬華區,青年,1,337,0,道路用地(公共設施用地)
萬華區,青年,1,338,0,第三種住宅區
萬華區,青年,1,339,0,第三種住宅區
萬華區,青年,1,340,0,道路用地(公共設施用地)
萬華區,青年,1,341,0,道路用地(公共設施用地)
萬華區,青年,1,342,0,第三種住宅區
萬華區,青年,1,343,0,第三種住宅區
萬華區,青年,1,344,0,道路用地(公共設施用地)
萬華區,青年,1,345,0,道路用地(公共設施用地)
萬華區,青年,1,346,0,第三種住宅區
萬華區,青年,1,347,0,第三種住宅區
萬華區,青年,1,347,1,道路用地(公共設施用地)
萬華區,青年,1,348,0,道路用地(公共設施用地)
萬華區,青年,1,349,0,道路用地(公共設施用地)
萬華區,青年,1,349,1,第三種住宅區
萬華區,青年,1,350,0,第三種住宅區
萬華區,青年,1,351,0,第三種住宅區
萬華區,青年,1,351,1,道路用地(公共設施用地)
萬華區,青年,1,352,0,第三種住宅區
萬華區,青年,1,352,1,道路用地(公共設施用地)
萬華區,青年,1,353,0,第三種住宅區
萬華區,青年,1,354,0,道路用地(公共設施用地)
萬華區,青年,1,355,0,道路用地(公共設施用地)
萬華區,青年,1,356,0,第三種住宅區
萬華區,青年,1,357,0,第三種住宅區
萬華區,青年,1,358,0,道路用地(公共設施用地)
萬華區,青年,1,359,0,"道路用地(公共設施用地),但是否在第三種住宅區(應依建築線或俟地籍測量分割後,再確定)"
萬華區,青年,1,360,0,第三種住宅區
萬華區,青年,1,361,0,第三種住宅區
萬華區,青年,1,362,0,第三種住宅區
萬華區,青年,1,362,1,道路用地(公共設施用地)
萬華區,青年,1,363,0,第三種住宅區
萬華區,青年,1,364,0,第三種住宅區
萬華區,青年,1,364,1,道路用地(公共設施用地)
萬華區,青年,1,365,0,第三種住宅區
萬華區,青年,1,365,1,道路用地(公共設施用地)
萬華區,青年,1,366,0,第三種住宅區
萬華區,青年,1,367,0,第三種住宅區
萬華區,青年,1,368,0,第三種住宅區
萬華區,青年,1,368,1,道路用地(公共設施用地)
萬華區,青年,1,369,0,第三種住宅區
萬華區,青年,1,369,1,道路用地(公共設施用地)
萬華區,青年,1,370,0,第三種住宅區
萬華區,青年,1,370,1,道路用地(公共設施用地)
萬華區,青年,1,371,0,第三種住宅區
萬華區,青年,1,372,0,第三種住宅區
萬華區,青年,1,373,0,第三種住宅區
萬華區,青年,1,374,0,第三種住宅區
萬華區,青年,1,375,0,第三種住宅區
萬華區,青年,1,376,0,第三種住宅區
萬華區,青年,1,376,1,道路用地(公共設施用地)
萬華區,青年,1,377,0,第三種住宅區
萬華區,青年,1,378,0,第三種住宅區及道路用地(公共設施用地)
萬華區,青年,1,379,0,第三種住宅區
萬華區,青年,1,380,0,第三種住宅區
萬華區,青年,1,381,0,道路用地(公共設施用地)
萬華區,青年,1,382,0,道路用地(公共設施用地)
萬華區,青年,1,383,0,第三種住宅區
萬華區,青年,1,384,0,第三種住宅區
萬華區,青年,1,384,1,道路用地(公共設施用地)
萬華區,青年,1,385,0,第三種住宅區
萬華區,青年,1,385,1,道路用地(公共設施用地)
萬華區,青年,1,386,0,第三種住宅區
萬華區,青年,1,387,0,"道路用地(公共設施用地),但是否在第三種住宅區(應依建築線或俟地籍測量分割後,再確定)"
萬華區,青年,1,388,0,第三種住宅區
萬華區,青年,1,390,0,第三種住宅區
萬華區,青年,1,391,0,第三種住宅區
萬華區,青年,1,392,0,道路用地(公共設施用地)
萬華區,青年,1,393,0,第三種住宅區
萬華區,青年,1,394,0,第三種住宅區
萬華區,青年,1,395,0,道路用地(公共設施用地)
萬華區,青年,1,396,0,道路用地(公共設施用地)
萬華區,青年,1,397,0,道路用地(公共設施用地)
萬華區,青年,1,398,0,第三種住宅區
萬華區,青年,1,399,0,第三種住宅區
萬華區,青年,1,400,0,道路用地(公共設施用地)
萬華區,青年,1,400,1,道路用地(公共設施用地)
萬華區,青年,1,401,0,道路用地(公共設施用地)
萬華區,青年,1,402,0,第三種住宅區
萬華區,青年,1,403,0,第三種住宅區
萬華區,青年,1,404,0,道路用地(公共設施用地)
萬華區,青年,1,405,0,第三種住宅區
萬華區,青年,1,405,1,道路用地(公共設施用地)
萬華區,青年,1,406,0,第三種住宅區
萬華區,青年,1,407,0,第三種住宅區
萬華區,青年,1,408,0,第三種住宅區
萬華區,青年,1,409,0,第三種住宅區
萬華區,青年,1,412,0,第三種住宅區
萬華區,青年,1,413,0,第三種住宅區
萬華區,青年,1,414,0,第三種住宅區
萬華區,青年,1,415,0,第三種住宅區
萬華區,青年,1,416,0,第三種住宅區
萬華區,青年,1,417,0,第三種住宅區
萬華區,青年,1,418,0,第三種住宅區
萬華區,青年,1,419,0,第三種住宅區
萬華區,青年,1,421,0,第三種住宅區
萬華區,青年,1,422,0,第三種住宅區
萬華區,青年,1,423,0,第三種住宅區
萬華區,青年,1,424,0,第三種住宅區
萬華區,青年,1,425,0,道路用地(公共設施用地)
萬華區,青年,1,426,0,道路用地(公共設施用地)
萬華區,青年,1,427,0,第三種住宅區
萬華區,青年,1,428,0,第三種住宅區
萬華區,青年,1,429,0,第三種住宅區
萬華區,青年,1,430,0,第三種住宅區
萬華區,青年,1,431,0,第三種住宅區
萬華區,青年,1,432,0,第三種住宅區
萬華區,青年,1,434,1,道路用地(公共設施用地)
萬華區,青年,1,435,0,第三種住宅區
萬華區,青年,1,435,1,道路用地(公共設施用地)
萬華區,青年,1,436,0,第三種住宅區
萬華區,青年,1,437,0,第三種住宅區
萬華區,青年,1,438,0,第三種住宅區
萬華區,青年,1,439,0,第三種住宅區
萬華區,青年,1,440,0,第三種住宅區
萬華區,青年,1,441,0,第三種住宅區
萬華區,青年,1,442,0,第三種住宅區
萬華區,青年,1,443,0,第三種住宅區
萬華區,青年,1,444,0,第三種住宅區
萬華區,青年,1,445,0,第三種住宅區
萬華區,青年,1,446,0,第三種住宅區
萬華區,青年,1,447,0,第三種住宅區
萬華區,青年,1,448,0,第三種住宅區
萬華區,青年,1,449,0,第三種住宅區
萬華區,青年,1,449,1,道路用地(公共設施用地)
萬華區,青年,1,450,1,道路用地(公共設施用地)
萬華區,青年,1,451,0,道路用地(公共設施用地)
萬華區,青年,1,452,0,道路用地(公共設施用地)
萬華區,青年,1,453,0,第三種住宅區
萬華區,青年,1,453,1,第三種住宅區
萬華區,青年,1,453,2,道路用地(公共設施用地)
萬華區,青年,1,454,0,第三種住宅區
萬華區,青年,1,455,0,第三種住宅區
萬華區,青年,1,455,1,道路用地(公共設施用地)
萬華區,青年,1,456,0,第三種住宅區
萬華區,青年,1,457,0,第三種住宅區
萬華區,青年,1,458,0,第三種住宅區
萬華區,青年,1,459,0,第三種住宅區
萬華區,青年,1,460,0,第三種住宅區
萬華區,青年,1,461,0,第三種住宅區
萬華區,青年,1,462,0,第三種住宅區
萬華區,青年,1,462,1,道路用地(公共設施用地)
萬華區,青年,1,463,0,第三種住宅區
萬華區,青年,1,463,2,第三種住宅區
萬華區,青年,1,463,3,第三種住宅區
萬華區,青年,1,463,4,第三種住宅區
萬華區,青年,1,463,5,道路用地(公共設施用地)
萬華區,青年,1,463,6,道路用地(公共設施用地)
萬華區,青年,1,463,7,第三種住宅區
萬華區,青年,1,463,8,第三種住宅區
萬華區,青年,1,463,9,第三種住宅區
萬華區,青年,1,463,10,道路用地(公共設施用地)
萬華區,青年,1,463,11,第三種住宅區
萬華區,青年,1,463,12,第三種住宅區
萬華區,青年,1,463,13,第三種住宅區
萬華區,青年,1,464,0,第三種住宅區
萬華區,青年,1,464,1,道路用地(公共設施用地)
萬華區,青年,1,465,0,第三種住宅區
萬華區,青年,1,465,1,道路用地(公共設施用地)
萬華區,青年,1,466,0,第三種住宅區
萬華區,青年,1,466,1,道路用地(公共設施用地)
萬華區,青年,1,467,0,第三種住宅區
萬華區,青年,1,468,0,第三種住宅區
萬華區,青年,1,469,0,第三種住宅區
萬華區,青年,1,469,1,第三種住宅區
萬華區,青年,1,469,2,第三種住宅區
萬華區,青年,1,469,3,道路用地(公共設施用地)
萬華區,青年,1,469,4,道路用地(公共設施用地)
萬華區,青年,1,469,5,道路用地(公共設施用地)
萬華區,青年,1,470,0,第三種住宅區
萬華區,青年,1,470,1,道路用地(公共設施用地)
萬華區,青年,1,471,0,第三種住宅區
萬華區,青年,1,471,1,道路用地(公共設施用地)
萬華區,青年,1,472,0,第三種住宅區
萬華區,青年,1,472,1,道路用地(公共設施用地)
萬華區,青年,1,473,0,道路用地(公共設施用地)
萬華區,青年,1,473,1,道路用地(公共設施用地)
萬華區,青年,1,474,0,第三種住宅區
萬華區,青年,1,475,0,第三種住宅區
萬華區,青年,1,476,0,第三種住宅區
萬華區,青年,1,477,0,第三種住宅區
萬華區,青年,1,477,1,道路用地(公共設施用地)
萬華區,青年,1,478,0,第三種住宅區
萬華區,青年,1,478,1,道路用地(公共設施用地)
萬華區,青年,1,479,0,第三種住宅區
萬華區,青年,1,479,1,第三種住宅區
萬華區,青年,1,479,2,道路用地(公共設施用地)
萬華區,青年,1,480,1,第三種住宅區
萬華區,青年,1,480,2,道路用地(公共設施用地)
萬華區,青年,1,481,0,第三種住宅區
萬華區,青年,1,482,0,第三種住宅區
萬華區,青年,1,483,0,第三種住宅區
萬華區,青年,1,484,0,第三種住宅區
萬華區,青年,1,485,0,第三種住宅區
萬華區,青年,1,486,0,第三種住宅區
萬華區,青年,1,487,0,第三種住宅區
萬華區,青年,1,488,0,第三種住宅區
萬華區,青年,1,489,0,第三種住宅區
萬華區,青年,1,490,0,第三種住宅區
萬華區,青年,1,491,0,第三種住宅區
萬華區,青年,1,492,0,第三種住宅區
萬華區,青年,1,493,0,第三種住宅區
萬華區,青年,1,494,0,第三種住宅區
萬華區,青年,1,495,0,第三種住宅區
萬華區,青年,1,496,0,第三種住宅區
萬華區,青年,1,497,0,第三種住宅區
萬華區,青年,1,498,0,第三種住宅區
萬華區,青年,1,499,0,第三種住宅區
萬華區,青年,1,500,0,第三種住宅區
萬華區,青年,1,501,0,第三種住宅區
萬華區,青年,1,504,1,第三種住宅區
萬華區,青年,1,504,2,道路用地(公共設施用地)
萬華區,青年,1,505,0,第三種住宅區
萬華區,青年,1,506,0,第三種住宅區
萬華區,青年,1,506,1,道路用地(公共設施用地)
萬華區,青年,1,507,0,第三種住宅區
萬華區,青年,1,507,1,道路用地(公共設施用地)
萬華區,青年,1,508,0,第三種住宅區
萬華區,青年,1,508,1,道路用地(公共設施用地)
萬華區,青年,1,509,0,第三種住宅區
萬華區,青年,1,509,1,道路用地(公共設施用地)
萬華區,青年,1,510,0,第三種住宅區
萬華區,青年,1,511,0,第三種住宅區
萬華區,青年,1,512,0,第三種住宅區
萬華區,青年,1,513,0,第三種住宅區
萬華區,青年,1,514,0,第三種住宅區
萬華區,青年,1,515,0,第三種住宅區
萬華區,青年,1,516,0,第三種住宅區
萬華區,青年,1,517,0,第三種住宅區
萬華區,青年,1,518,0,第三種住宅區
萬華區,青年,1,522,0,第三種住宅區
萬華區,青年,1,523,0,第三種住宅區
萬華區,青年,1,523,1,道路用地(公共設施用地)
萬華區,青年,1,524,0,第三種住宅區
萬華區,青年,1,524,1,道路用地(公共設施用地)
萬華區,青年,1,525,0,第三種住宅區
萬華區,青年,1,526,0,第三種住宅區
萬華區,青年,1,527,0,第三種住宅區
萬華區,青年,1,527,1,道路用地(公共設施用地)
萬華區,青年,1,528,0,第三種住宅區
萬華區,青年,1,529,0,第三種住宅區
萬華區,青年,1,529,1,道路用地(公共設施用地)
萬華區,青年,1,530,0,第三種住宅區
萬華區,青年,1,530,1,道路用地(公共設施用地)
萬華區,青年,1,532,0,道路用地(公共設施用地)
萬華區,青年,1,532,1,第三種住宅區
萬華區,青年,1,532,2,第三種住宅區
萬華區,青年,1,533,1,道路用地(公共設施用地)
萬華區,青年,1,537,0,第三種住宅區
萬華區,青年,1,538,0,第三種住宅區
萬華區,青年,1,539,0,第三種住宅區
萬華區,青年,1,540,0,第三種住宅區
萬華區,青年,1,541,0,第三種住宅區
萬華區,青年,1,542,0,第三種住宅區
萬華區,青年,1,543,0,第三種住宅區
萬華區,青年,1,544,0,第三種住宅區
萬華區,青年,1,545,0,第三種住宅區
萬華區,青年,1,546,0,第三種住宅區
萬華區,青年,1,547,0,第三種住宅區
萬華區,青年,1,548,0,第三種住宅區
萬華區,青年,1,549,0,第三種住宅區
萬華區,青年,1,550,0,第三種住宅區
萬華區,青年,1,551,0,第三種住宅區
萬華區,青年,1,554,1,道路用地(公共設施用地)
萬華區,青年,1,555,0,道路用地(公共設施用地)
萬華區,青年,1,556,0,道路用地(公共設施用地)
萬華區,青年,1,556,1,公園用地(公共設施用地)
萬華區,青年,1,557,0,第三種住宅區
萬華區,青年,1,557,1,道路用地(公共設施用地)
萬華區,青年,1,561,0,第三種住宅區
萬華區,青年,1,562,0,第三種住宅區
萬華區,青年,1,563,0,第三種住宅區
萬華區,青年,1,564,0,第三種住宅區
萬華區,青年,1,565,0,第三種住宅區
萬華區,青年,1,566,0,第三種住宅區
萬華區,青年,1,567,0,第三種住宅區
萬華區,青年,1,568,0,第三種住宅區
萬華區,青年,1,569,0,第三種住宅區
萬華區,青年,1,570,0,第三種住宅區
萬華區,青年,1,571,0,第三種住宅區
萬華區,青年,1,572,0,道路用地(公共設施用地)
萬華區,青年,1,573,0,第三種住宅區
萬華區,青年,1,580,1,道路用地(公共設施用地)
萬華區,青年,1,581,1,道路用地(公共設施用地)
萬華區,青年,1,582,1,道路用地(公共設施用地)
萬華區,青年,1,584,1,第三種住宅區
萬華區,青年,1,585,1,第三種住宅區
萬華區,青年,1,587,1,道路用地(公共設施用地)
萬華區,青年,1,587,2,第三種住宅區
萬華區,青年,1,587,3,道路用地(公共設施用地)
萬華區,青年,1,587,4,第三種住宅區
萬華區,青年,1,587,5,第三種住宅區
萬華區,青年,1,587,6,第三種住宅區
萬華區,青年,1,588,0,第三種住宅區
萬華區,青年,1,588,1,道路用地(公共設施用地)
萬華區,青年,1,588,2,第三種住宅區
萬華區,青年,1,588,3,道路用地(公共設施用地)
萬華區,青年,1,589,0,第三種住宅區
萬華區,青年,1,589,3,道路用地(公共設施用地)
萬華區,青年,1,589,4,道路用地(公共設施用地)
萬華區,青年,1,590,0,第三種住宅區
萬華區,青年,1,591,0,第三種住宅區
萬華區,青年,1,592,0,第三種住宅區
萬華區,青年,1,593,0,第三種住宅區
萬華區,青年,1,594,0,第三種住宅區
萬華區,青年,1,598,0,第三種住宅區
萬華區,青年,1,599,0,第三種住宅區
萬華區,青年,1,600,0,第三種住宅區
萬華區,青年,1,601,0,第三種住宅區
萬華區,青年,1,602,0,第三種住宅區
萬華區,青年,1,603,0,第三種住宅區
萬華區,青年,1,604,0,第三種住宅區
萬華區,青年,1,605,0,第三種住宅區
萬華區,青年,1,605,1,道路用地(公共設施用地)
萬華區,青年,1,606,0,第三種住宅區
萬華區,青年,1,606,1,道路用地(公共設施用地)
萬華區,青年,1,607,0,第三種住宅區
萬華區,青年,1,607,1,道路用地(公共設施用地)
萬華區,青年,1,608,0,第三種住宅區
萬華區,青年,1,608,1,道路用地(公共設施用地)
萬華區,青年,1,609,0,第三種住宅區
萬華區,青年,1,609,1,道路用地(公共設施用地)
萬華區,青年,1,610,0,第三種住宅區
萬華區,青年,1,610,1,道路用地(公共設施用地)
萬華區,青年,1,611,1,第三種住宅區
萬華區,青年,1,611,2,道路用地(公共設施用地)
萬華區,青年,1,612,0,公園用地(公共設施用地)
萬華區,青年,1,612,1,道路用地(公共設施用地)
萬華區,青年,1,613,0,道路用地(公共設施用地)
萬華區,青年,1,614,0,第三種住宅區
萬華區,青年,1,615,0,公園用地(公共設施用地)
萬華區,青年,1,616,0,公園用地(公共設施用地)
萬華區,青年,1,617,0,第三種住宅區
萬華區,青年,1,633,0,"第三種住宅區,但是否在道路用地(公共設施用地)(應依建築線或俟地籍測量分割後,再確定)"
萬華區,青年,1,634,0,第三種住宅區
萬華區,青年,1,634,1,第三種住宅區
萬華區,青年,1,634,2,第三種住宅區
萬華區,青年,1,634,3,道路用地(公共設施用地)
萬華區,青年,1,635,0,道路用地(公共設施用地)
萬華區,青年,1,635,3,第三種住宅區
萬華區,青年,1,636,0,第三種住宅區
萬華區,青年,1,637,0,第三種住宅區
萬華區,青年,1,638,0,第三種住宅區
萬華區,青年,1,639,0,第三種住宅區
萬華區,青年,1,640,0,第三種住宅區
萬華區,青年,1,641,0,第三種住宅區
萬華區,青年,1,642,0,第三種住宅區
萬華區,青年,1,643,0,第三種住宅區
萬華區,青年,1,644,0,第三種住宅區
萬華區,青年,1,645,0,第三種住宅區
萬華區,青年,1,646,0,第三種住宅區
萬華區,青年,1,647,0,第三種住宅區
萬華區,青年,1,648,0,第三種住宅區
萬華區,青年,1,649,0,第三種住宅區
萬華區,青年,1,650,0,第三種住宅區
萬華區,青年,1,651,0,第三種住宅區
萬華區,青年,1,652,0,第三種住宅區
萬華區,青年,1,653,0,第三種住宅區
萬華區,青年,1,654,0,第三種住宅區
萬華區,青年,1,655,0,第三種住宅區
萬華區,青年,1,656,0,第三種住宅區
萬華區,青年,1,657,0,第三種住宅區
萬華區,青年,1,658,0,第三種住宅區
萬華區,青年,1,659,0,第三種住宅區
萬華區,青年,1,660,0,第三種住宅區
萬華區,青年,1,661,0,第三種住宅區
萬華區,青年,1,662,0,第三種住宅區
萬華區,青年,1,663,0,第三種住宅區
萬華區,青年,1,664,0,第三種住宅區
萬華區,青年,1,665,0,第三種住宅區
萬華區,青年,1,666,0,第三種住宅區
萬華區,青年,1,667,0,第三種住宅區
萬華區,青年,1,668,0,第三種住宅區
萬華區,青年,1,669,0,第三種住宅區
萬華區,青年,1,670,0,第三種住宅區
萬華區,青年,1,671,0,第三種住宅區
萬華區,青年,1,672,0,第三種住宅區
萬華區,青年,1,673,0,第三種住宅區
萬華區,青年,1,674,0,第三種住宅區
萬華區,青年,1,675,0,第三種住宅區
萬華區,青年,1,679,0,第三種住宅區
萬華區,青年,1,680,0,第三種住宅區
萬華區,青年,1,681,0,第三種住宅區
萬華區,青年,1,682,0,第三種住宅區
萬華區,青年,1,683,0,第三種住宅區
萬華區,青年,1,684,0,第三種住宅區
萬華區,青年,1,685,0,第三種住宅區
萬華區,青年,1,686,0,第三種住宅區
萬華區,青年,1,687,0,第三種住宅區
萬華區,青年,1,688,0,第三種住宅區
萬華區,青年,1,689,0,第三種住宅區
萬華區,青年,1,690,0,道路用地(公共設施用地)(本地號另一公告日期為民國56年8月25日)
萬華區,青年,1,690,1,道路用地(公共設施用地)
萬華區,青年,1,690,2,第三種住宅區
萬華區,青年,1,690,3,第三種住宅區
萬華區,青年,1,691,0,第三種住宅區
萬華區,青年,1,691,1,"道路用地(公共設施用地),但是否在第三種住宅區(應依建築線或俟地籍測量分割後,再確定)"
萬華區,青年,1,691,2,"道路用地(公共設施用地),但是否在第三種住宅區(應依建築線或俟地籍測量分割後,再確定)"
萬華區,青年,1,692,0,第三種住宅區
萬華區,青年,1,693,0,第三種住宅區及第三之一種住宅區
萬華區,青年,1,693,1,第三種住宅區
萬華區,青年,1,694,0,第三種住宅區及第三之一種住宅區
萬華區,青年,1,695,0,道路用地(公共設施用地)
萬華區,青年,1,696,0,第三之一種住宅區
萬華區,青年,1,697,0,第三之一種住宅區
萬華區,青年,1,697,1,第三種住宅區
萬華區,青年,1,698,0,第三之一種住宅區
萬華區,青年,1,698,1,第三種住宅區
萬華區,青年,1,699,0,第三種住宅區
萬華區,青年,1,700,0,第三種住宅區
萬華區,青年,1,700,1,"道路用地(公共設施用地),但是否在第三種住宅區(應依建築線或俟地籍測量分割後,再確定)"
萬華區,青年,1,701,0,第三之一種住宅區
萬華區,青年,1,701,1,第三種住宅區
萬華區,青年,1,702,0,第三之一種住宅區
萬華區,青年,1,702,1,第三種住宅區
萬華區,青年,1,703,0,第三之一種住宅區
萬華區,青年,1,703,1,第三種住宅區
萬華區,青年,1,703,2,第三之一種住宅區
萬華區,青年,1,703,3,第三種住宅區
萬華區,青年,1,704,0,第三之一種住宅區
萬華區,青年,1,704,1,第三種住宅區
萬華區,青年,1,705,0,第三之一種住宅區
萬華區,青年,1,705,1,第三種住宅區
萬華區,青年,1,706,0,第三之一種住宅區
萬華區,青年,1,707,0,第三之一種住宅區
萬華區,青年,1,707,1,第三種住宅區
萬華區,青年,1,708,0,第三之一種住宅區
萬華區,青年,1,708,1,第三種住宅區
萬華區,青年,1,709,0,道路用地(公共設施用地)
萬華區,青年,1,709,1,道路用地(公共設施用地)
萬華區,青年,1,710,0,第三之一種住宅區
萬華區,青年,1,710,1,第三種住宅區
萬華區,青年,1,711,0,第三種住宅區
萬華區,青年,1,711,1,道路用地(公共設施用地)
萬華區,青年,1,711,2,道路用地(公共設施用地)
萬華區,青年,1,711,3,第三之一種住宅區
萬華區,青年,1,712,0,第三種住宅區
萬華區,青年,1,712,1,道路用地(公共設施用地)
萬華區,青年,1,713,0,道路用地(公共設施用地)
萬華區,青年,1,713,1,道路用地(公共設施用地)
萬華區,青年,1,713,2,道路用地(公共設施用地)
萬華區,青年,1,713,3,道路用地(公共設施用地)
萬華區,青年,1,713,4,道路用地(公共設施用地)
萬華區,青年,1,714,2,第三種住宅區
萬華區,青年,1,714,3,第三種住宅區
萬華區,青年,1,715,0,第三種住宅區
萬華區,青年,1,716,0,第三種住宅區
萬華區,青年,1,717,0,第三種住宅區
萬華區,青年,1,718,0,第三種住宅區
萬華區,青年,1,718,1,第三種住宅區
萬華區,青年,1,719,0,第三種住宅區
萬華區,青年,1,719,1,道路用地(公共設施用地)
萬華區,青年,1,723,0,"第三種住宅區,但是否在道路用地(公共設施用地)(應依建築線或俟地籍測量分割後,再確定)"
萬華區,青年,1,723,1,第三種住宅區
萬華區,青年,1,723,2,第三種住宅區
萬華區,青年,1,728,2,道路用地(公共設施用地)
萬華區,青年,1,729,0,"第三種住宅區,但是否在道路用地(公共設施用地)(應依建築線或俟地籍測量分割後,再確定)"
萬華區,青年,1,729,2,道路用地(公共設施用地)
萬華區,青年,1,730,0,第三種住宅區
萬華區,青年,1,730,1,道路用地(公共設施用地)
萬華區,青年,1,731,0,第三種住宅區
萬華區,青年,1,732,0,第三種住宅區
萬華區,青年,1,733,0,第三種住宅區
萬華區,青年,1,734,0,第三種住宅區
萬華區,青年,1,734,1,道路用地(公共設施用地)
萬華區,青年,1,735,0,道路用地(公共設施用地)
萬華區,青年,1,736,0,第三種住宅區
萬華區,青年,1,736,1,道路用地(公共設施用地)
萬華區,青年,1,737,0,第三種住宅區
萬華區,青年,1,737,1,道路用地(公共設施用地)
萬華區,青年,1,738,0,第三種住宅區
萬華區,青年,1,738,1,道路用地(公共設施用地)
萬華區,青年,1,739,0,第三種住宅區
萬華區,青年,1,739,2,道路用地(公共設施用地)
萬華區,青年,1,740,0,第三種住宅區
萬華區,青年,1,742,0,第三種住宅區
萬華區,青年,1,750,0,"第三種住宅區,但是否在道路用地(公共設施用地)(應依建築線或俟地籍測量分割後,再確定)"
萬華區,青年,1,751,0,道路用地(公共設施用地)
萬華區,青年,1,752,0,道路用地(公共設施用地)
萬華區,青年,1,753,0,"第三種住宅區,但是否在道路用地(公共設施用地)(應依建築線或俟地籍測量分割後,再確定)"
萬華區,青年,1,754,0,第三種住宅區
萬華區,青年,1,755,0,第三種住宅區
萬華區,青年,1,756,0,第三種住宅區
萬華區,青年,1,757,0,第三種住宅區
萬華區,青年,1,765,0,第三種住宅區
萬華區,青年,1,766,0,第三種住宅區
萬華區,青年,1,767,0,第三種住宅區
萬華區,青年,1,768,0,第三種住宅區
萬華區,青年,1,769,0,"道路用地(公共設施用地),但是否在第三種住宅區(應依建築線或俟地籍測量分割後,再確定)"
萬華區,青年,1,769,1,"道路用地(公共設施用地),但是否在第三種住宅區(應依建築線或俟地籍測量分割後,再確定)"
萬華區,青年,1,770,0,第三種住宅區
萬華區,青年,1,770,3,道路用地(公共設施用地)
萬華區,青年,1,770,5,第三種住宅區
萬華區,青年,1,770,6,第三種住宅區
萬華區,青年,1,770,7,第三種住宅區
萬華區,青年,1,770,8,第三種住宅區
萬華區,青年,1,770,9,第三種住宅區
萬華區,青年,1,771,0,第三種住宅區
萬華區,青年,1,771,1,第三種住宅區
萬華區,青年,1,771,11,道路用地(公共設施用地)
萬華區,青年,1,771,12,道路用地(公共設施用地)
萬華區,青年,1,771,13,道路用地(公共設施用地)
萬華區,青年,1,771,14,道路用地(公共設施用地)
萬華區,青年,1,771,15,道路用地(公共設施用地)
萬華區,青年,1,771,16,道路用地(公共設施用地)
萬華區,青年,1,772,0,第三種住宅區
萬華區,青年,1,774,0,第三種住宅區
萬華區,青年,1,775,0,第三種住宅區
萬華區,青年,1,776,0,道路用地(公共設施用地)
萬華區,青年,1,777,0,第三種住宅區
萬華區,青年,1,777,1,道路用地(公共設施用地)
萬華區,青年,1,778,0,第三種住宅區
萬華區,青年,1,779,0,第三種住宅區
萬華區,青年,1,780,0,第三種住宅區
萬華區,青年,1,780,2,第三種住宅區
萬華區,青年,1,784,0,道路用地(公共設施用地)
萬華區,青年,1,784,1,第三種住宅區
萬華區,青年,1,785,0,第三種住宅區
萬華區,青年,1,786,0,第三種住宅區
萬華區,青年,1,786,1,道路用地(公共設施用地)
萬華區,青年,1,787,0,第三種住宅區
萬華區,青年,1,788,0,第三種住宅區
萬華區,青年,1,789,0,第三種住宅區
萬華區,青年,1,790,0,第三種住宅區
萬華區,青年,1,791,0,第三種住宅區
萬華區,青年,1,792,0,第三種住宅區
萬華區,青年,1,793,0,第三種住宅區
萬華區,青年,1,794,0,第三種住宅區
萬華區,青年,1,795,0,第三種住宅區
萬華區,青年,1,796,0,第三種住宅區
萬華區,青年,1,797,0,第三種住宅區
萬華區,青年,1,798,0,第三種住宅區
萬華區,青年,1,799,0,第三種住宅區
萬華區,青年,1,800,0,第三種住宅區
萬華區,青年,1,801,0,第三種住宅區
萬華區,青年,1,802,0,第三種住宅區
萬華區,青年,1,803,0,第三種住宅區
萬華區,青年,1,804,0,第三種住宅區
萬華區,青年,1,805,0,第三種住宅區
萬華區,青年,1,806,0,第三種住宅區
萬華區,青年,1,807,0,第三種住宅區
萬華區,青年,1,808,0,第三種住宅區
萬華區,青年,1,809,0,第三種住宅區
萬華區,青年,1,810,0,第三種住宅區
萬華區,青年,1,811,0,第三種住宅區
萬華區,青年,1,812,0,第三種住宅區
萬華區,青年,1,813,0,第三種住宅區
萬華區,青年,1,814,0,第三種住宅區
萬華區,青年,1,815,0,第三種住宅區
萬華區,青年,1,816,0,第三種住宅區
萬華區,青年,1,817,0,道路用地(公共設施用地)
萬華區,青年,1,818,0,道路用地(公共設施用地)
萬華區,青年,1,819,0,第三種住宅區
萬華區,青年,1,820,0,第三種住宅區
萬華區,青年,1,821,0,道路用地(公共設施用地)
萬華區,青年,1,822,0,第三種住宅區
萬華區,青年,1,823,0,第三種住宅區
萬華區,青年,1,824,0,第三種住宅區
萬華區,青年,1,825,0,第三種住宅區
萬華區,青年,1,826,0,第三種住宅區
萬華區,青年,1,827,0,第三種住宅區
萬華區,青年,1,828,0,第三種住宅區
萬華區,青年,1,829,0,第三種住宅區
萬華區,青年,1,830,0,第三種住宅區
萬華區,青年,1,831,0,第三種住宅區
萬華區,青年,1,832,0,"第三種住宅區,但是否在道路用地(公共設施用地)(應依建築線或俟地籍測量分割後,再確定)"
萬華區,青年,1,833,0,"第三種住宅區,但是否在道路用地(公共設施用地)(應依建築線或俟地籍測量分割後,再確定)"
萬華區,青年,1,834,0,第三種住宅區
萬華區,青年,1,835,3,道路用地(公共設施用地)
萬華區,青年,1,835,4,道路用地(公共設施用地)
萬華區,青年,1,836,1,第三種住宅區
萬華區,青年,1,837,0,道路用地(公共設施用地)
萬華區,青年,1,839,1,第三種住宅區
萬華區,青年,1,840,0,第三種住宅區
萬華區,青年,1,841,0,第三種住宅區
萬華區,青年,1,842,0,第三種住宅區
萬華區,青年,1,843,0,第三種住宅區
萬華區,青年,1,844,0,第三種住宅區
萬華區,青年,1,845,0,第三種住宅區
萬華區,青年,1,849,0,第三種住宅區
萬華區,青年,1,849,2,第三種住宅區
萬華區,青年,1,849,3,第三種住宅區
萬華區,青年,1,849,6,"道路用地(公共設施用地),但是否在第三種住宅區(應依建築線或俟地籍測量分割後,再確定)"
萬華區,青年,1,850,0,道路用地(公共設施用地)
萬華區,青年,1,851,0,第三種住宅區
萬華區,青年,1,852,0,第三種住宅區
萬華區,青年,1,853,0,第三種住宅區
萬華區,青年,1,854,0,第三種住宅區
萬華區,青年,1,855,0,第三種住宅區
萬華區,青年,1,856,0,第三種住宅區
萬華區,青年,1,856,3,道路用地(公共設施用地)
萬華區,青年,1,856,4,道路用地(公共設施用地)
萬華區,青年,1,856,5,第三種住宅區
萬華區,青年,1,856,6,第三種住宅區
萬華區,青年,1,856,9,第三種住宅區
萬華區,青年,1,856,10,道路用地(公共設施用地)
萬華區,青年,1,857,0,道路用地(公共設施用地)
萬華區,青年,1,857,2,第三種住宅區
萬華區,青年,1,857,3,第三種住宅區
萬華區,青年,1,857,5,第三種住宅區
萬華區,青年,1,857,6,第三種住宅區
萬華區,青年,1,857,8,道路用地(公共設施用地)
萬華區,青年,1,857,9,第三種住宅區
萬華區,青年,1,858,0,道路用地(公共設施用地)
萬華區,青年,1,858,1,第三種住宅區
萬華區,青年,1,859,0,第三種住宅區
萬華區,青年,1,860,0,第三種住宅區
萬華區,青年,1,860,1,道路用地(公共設施用地)
萬華區,青年,1,861,0,第三種住宅區
萬華區,青年,1,862,0,第三種住宅區
萬華區,青年,1,863,0,第三種住宅區
萬華區,青年,1,864,0,第三種住宅區
萬華區,青年,1,865,0,第三種住宅區
萬華區,青年,1,866,0,第三種住宅區
萬華區,青年,1,867,0,第三種住宅區
萬華區,青年,1,868,0,第三種住宅區
萬華區,青年,1,869,0,第三種住宅區
萬華區,青年,1,870,0,第三種住宅區
萬華區,青年,1,871,0,第三種住宅區
萬華區,青年,1,872,0,第三種住宅區
萬華區,青年,1,873,0,道路用地(公共設施用地)
萬華區,青年,1,874,0,道路用地(公共設施用地)
萬華區,青年,1,875,0,第三種住宅區
萬華區,青年,1,876,0,第三種住宅區
萬華區,青年,1,876,1,道路用地(公共設施用地)
萬華區,青年,1,877,0,第三種住宅區
萬華區,青年,1,878,0,第三種住宅區
萬華區,青年,1,879,0,第三種住宅區
萬華區,青年,1,880,0,第三種住宅區
萬華區,青年,1,881,0,第三種住宅區
萬華區,青年,1,882,0,第三種住宅區
萬華區,青年,1,883,0,第三種住宅區
萬華區,青年,1,884,0,第三種住宅區
萬華區,青年,1,885,0,道路用地(公共設施用地)
萬華區,青年,1,885,1,第三種住宅區
萬華區,青年,1,886,0,道路用地(公共設施用地)
萬華區,青年,1,886,1,第三種住宅區
萬華區,青年,1,886,2,第三種住宅區
萬華區,青年,1,887,0,第三種住宅區
萬華區,青年,1,888,0,第三種住宅區
萬華區,青年,1,889,0,第三種住宅區
萬華區,青年,1,890,0,第三種住宅區
萬華區,青年,1,891,0,第三種住宅區
萬華區,青年,1,892,0,第三種住宅區
萬華區,青年,1,893,0,第三種住宅區
萬華區,青年,1,894,0,第三種住宅區
萬華區,青年,1,895,0,第三種住宅區
萬華區,青年,1,896,0,道路用地(公共設施用地)
萬華區,青年,1,896,1,道路用地(公共設施用地)
萬華區,青年,1,896,2,道路用地(公共設施用地)
萬華區,青年,1,897,0,第三種住宅區
萬華區,青年,1,897,1,道路用地(公共設施用地)
萬華區,青年,1,898,0,第三種住宅區
萬華區,青年,1,899,0,第三種住宅區
萬華區,青年,1,900,0,第三種住宅區
萬華區,青年,1,901,0,第三種住宅區
萬華區,青年,1,902,0,第三種住宅區
萬華區,青年,1,903,0,第三種住宅區
萬華區,青年,1,904,0,第三種住宅區
萬華區,青年,1,905,0,第三種住宅區
萬華區,青年,1,906,0,第三種住宅區
萬華區,青年,1,906,1,道路用地(公共設施用地)
萬華區,青年,1,907,0,第三種住宅區
萬華區,青年,1,907,1,道路用地(公共設施用地)
萬華區,青年,1,908,0,第三種住宅區
萬華區,青年,1,909,0,第三種住宅區
萬華區,青年,1,910,0,第三種住宅區
萬華區,青年,1,911,0,第三種住宅區
萬華區,青年,1,912,0,第三種住宅區
萬華區,青年,1,912,1,第三種住宅區
萬華區,青年,1,913,0,第三種住宅區
萬華區,青年,1,913,2,第三種住宅區
萬華區,青年,1,914,0,第三種住宅區
萬華區,青年,1,915,0,第三種住宅區
萬華區,青年,1,916,0,第三種住宅區
萬華區,青年,1,917,0,第三種住宅區
萬華區,青年,1,918,0,第三種住宅區
萬華區,青年,1,919,0,第三種住宅區
萬華區,青年,1,920,0,第三種住宅區
萬華區,青年,1,921,0,第三種住宅區
萬華區,青年,1,922,0,第三種住宅區
萬華區,青年,1,923,0,第三種住宅區
萬華區,青年,1,924,0,第三種住宅區
萬華區,青年,1,925,0,第三種住宅區
萬華區,青年,1,925,2,道路用地(公共設施用地)
萬華區,青年,1,926,0,第三種住宅區
萬華區,青年,1,926,1,道路用地(公共設施用地)
萬華區,青年,1,927,0,第三種住宅區
萬華區,青年,1,927,1,道路用地(公共設施用地)
萬華區,青年,1,928,0,第三種住宅區
萬華區,青年,1,928,1,道路用地(公共設施用地)
萬華區,青年,1,929,0,第三種住宅區
萬華區,青年,1,929,1,道路用地(公共設施用地)
萬華區,青年,1,930,0,第三種住宅區
萬華區,青年,1,931,0,第三種住宅區
萬華區,青年,1,932,0,第三種住宅區
萬華區,青年,1,933,0,第三種住宅區
萬華區,青年,1,933,1,道路用地(公共設施用地)
萬華區,青年,1,933,2,道路用地(公共設施用地)
萬華區,青年,1,934,0,道路用地(公共設施用地)
萬華區,青年,1,934,1,第三種住宅區
萬華區,青年,1,934,2,第三種住宅區
萬華區,青年,1,935,0,第三種住宅區
萬華區,青年,1,935,1,道路用地(公共設施用地)
萬華區,青年,1,936,0,第三種住宅區
萬華區,青年,1,937,0,第三種住宅區
萬華區,青年,1,938,0,第三種住宅區
萬華區,青年,1,939,0,第三種住宅區
萬華區,青年,1,940,0,第三種住宅區
萬華區,青年,1,941,0,第三種住宅區
萬華區,青年,1,942,0,第三種住宅區
萬華區,青年,1,943,0,第三種住宅區
萬華區,青年,1,943,1,道路用地(公共設施用地)
萬華區,青年,1,944,0,第三種住宅區
萬華區,青年,1,944,1,道路用地(公共設施用地)
萬華區,青年,1,945,0,第三種住宅區
萬華區,青年,1,945,1,道路用地(公共設施用地)
萬華區,青年,1,946,0,第三種住宅區
萬華區,青年,1,946,1,道路用地(公共設施用地)
萬華區,青年,1,947,0,道路用地(公共設施用地)
萬華區,青年,1,948,0,第三種住宅區
萬華區,青年,1,948,2,道路用地(公共設施用地)
萬華區,青年,1,949,0,第三種住宅區
萬華區,青年,1,950,0,第三種住宅區
萬華區,青年,1,951,0,第三種住宅區
萬華區,青年,1,952,0,第三種住宅區
萬華區,青年,1,952,1,第三種住宅區
萬華區,青年,1,953,0,第三種住宅區
萬華區,青年,1,954,0,第三種住宅區
萬華區,青年,1,955,0,第三種住宅區
萬華區,青年,1,955,1,道路用地(公共設施用地)
萬華區,青年,1,955,2,第三種住宅區
萬華區,青年,1,956,0,第三種住宅區
萬華區,青年,1,957,0,第三種住宅區
萬華區,青年,1,957,1,道路用地(公共設施用地)
萬華區,青年,1,958,0,第三種住宅區
萬華區,青年,1,958,1,道路用地(公共設施用地)
萬華區,青年,1,959,0,第三種住宅區
萬華區,青年,1,959,1,道路用地(公共設施用地)
萬華區,青年,1,960,0,第三種住宅區
萬華區,青年,1,960,1,道路用地(公共設施用地)
萬華區,青年,1,961,0,第三種住宅區
萬華區,青年,1,961,1,道路用地(公共設施用地)
萬華區,青年,1,962,0,道路用地(公共設施用地)
萬華區,青年,1,963,0,道路用地(公共設施用地)
萬華區,青年,1,963,1,第三種住宅區
萬華區,青年,1,963,2,第三種住宅區
萬華區,青年,1,963,6,第三種住宅區
萬華區,青年,1,963,7,第三種住宅區
萬華區,青年,1,963,8,第三種住宅區
萬華區,青年,1,963,9,道路用地(公共設施用地)
萬華區,青年,1,964,0,第三種住宅區
萬華區,青年,1,964,2,第三種住宅區
萬華區,青年,1,965,0,道路用地(公共設施用地)
萬華區,青年,1,965,2,捷運開發區
萬華區,青年,1,965,3,捷運開發區
萬華區,青年,1,966,0,捷運開發區
萬華區,青年,1,966,1,捷運開發區
萬華區,青年,1,967,0,捷運開發區
萬華區,青年,1,968,0,捷運開發區
萬華區,青年,1,969,0,捷運開發區
萬華區,青年,1,970,0,捷運開發區
萬華區,青年,1,971,0,捷運開發區
萬華區,青年,1,972,0,捷運開發區
萬華區,青年,1,973,0,捷運開發區
萬華區,青年,1,974,0,第三種住宅區
萬華區,青年,1,975,0,文教區(供私立光仁小學學校使用)
萬華區,青年,1,975,2,第三種住宅區
萬華區,青年,1,975,3,道路用地(公共設施用地)
萬華區,青年,1,975,4,道路用地(公共設施用地)
萬華區,青年,1,975,5,道路用地(公共設施用地)
萬華區,青年,1,976,0,道路用地(公共設施用地)
萬華區,青年,1,977,0,第三種住宅區
萬華區,青年,1,977,1,道路用地(公共設施用地)
萬華區,青年,1,978,0,道路用地(公共設施用地)
萬華區,青年,1,979,0,"第三種住宅區,但是否在道路用地(公共設施用地)(應依建築線或俟地籍測量分割後,再確定)"
萬華區,青年,1,979,1,道路用地(公共設施用地)
萬華區,青年,1,980,1,道路用地(公共設施用地)
萬華區,青年,1,981,0,道路用地(公共設施用地)
萬華區,青年,2,1,0,河川區
萬華區,青年,2,1,1,"河川區,但是否在道路用地(公共設施用地)(應依建築線或俟地籍測量分割後,再確定)"
萬華區,青年,2,1,2,道路用地(公共設施用地)
萬華區,青年,2,2,0,道路用地(公共設施用地)
萬華區,青年,2,3,0,道路用地(公共設施用地)
萬華區,青年,2,3,1,道路用地(公共設施用地)
萬華區,青年,2,3,2,道路用地(公共設施用地)
萬華區,青年,2,3,3,道路用地(公共設施用地)
萬華區,青年,2,3,4,道路用地(公共設施用地)
萬華區,青年,2,4,0,第三之二種住宅區
萬華區,青年,2,4,1,第三種住宅區
萬華區,青年,2,5,0,第三之二種住宅區
萬華區,青年,2,5,1,第三種住宅區
萬華區,青年,2,6,0,第三之二種住宅區
萬華區,青年,2,6,1,第三種住宅區
萬華區,青年,2,7,0,第三種住宅區
萬華區,青年,2,8,0,第三種住宅區
萬華區,青年,2,9,0,第三種住宅區
萬華區,青年,2,10,0,第三之一種住宅區
萬華區,青年,2,10,1,第三種住宅區
萬華區,青年,2,11,0,第三種住宅區及第三之一種住宅區及第三之二種住宅區
萬華區,青年,2,12,0,第三之一種住宅區
萬華區,青年,2,13,0,第三之一種住宅區
萬華區,青年,2,13,1,第三種住宅區
萬華區,青年,2,14,0,第三種住宅區
萬華區,青年,2,15,0,第三種住宅區
萬華區,青年,2,16,0,第三之一種住宅區
萬華區,青年,2,16,1,第三種住宅區
萬華區,青年,2,17,0,道路用地(公共設施用地)
萬華區,青年,2,18,0,第三種住宅區
萬華區,青年,2,18,2,第三種住宅區
萬華區,青年,2,18,3,道路用地(公共設施用地)
萬華區,青年,2,18,6,道路用地(公共設施用地)
萬華區,青年,2,18,7,第三種住宅區
萬華區,青年,2,18,8,第三種住宅區及第三之二種住宅區
萬華區,青年,2,18,9,第三之二種住宅區
萬華區,青年,2,18,11,"第三之一種住宅區(特)(公地撥用,依都市計畫書圖規定辦理)"
萬華區,青年,2,18,12,第三之二種住宅區
萬華區,青年,2,18,13,道路用地(公共設施用地)
萬華區,青年,2,18,14,第三種住宅區
萬華區,青年,2,18,15,道路用地(公共設施用地)
萬華區,青年,2,18,18,道路用地(公共設施用地)
萬華區,青年,2,18,20,道路用地(公共設施用地)
萬華區,青年,2,18,22,道路用地(公共設施用地)
萬華區,青年,2,18,24,道路用地(公共設施用地)
萬華區,青年,2,18,28,文教區(供私立光仁小學學校使用)
萬華區,青年,2,18,29,道路用地(公共設施用地)
萬華區,青年,2,18,30,第三種住宅區
萬華區,青年,2,18,31,道路用地(公共設施用地)
萬華區,青年,2,18,32,道路用地(公共設施用地)
萬華區,青年,2,18,34,第三之一種住宅區
萬華區,青年,2,18,35,道路用地(公共設施用地)
萬華區,青年,2,18,36,第三種住宅區
萬華區,青年,2,18,37,第三種住宅區
萬華區,青年,2,18,38,"第三種住宅區(特)(公地撥用,依都市計畫說明書圖規定辦理)"
萬華區,青年,2,18,39,第三之一種住宅區
萬華區,青年,2,19,0,第三種住宅區
萬華區,青年,2,19,1,道路用地(公共設施用地)
萬華區,青年,2,20,0,第三種住宅區
萬華區,青年,2,20,2,道路用地(公共設施用地)
萬華區,青年,2,21,0,文教區(供私立光仁小學學校使用)
萬華區,青年,2,21,1,道路用地(公共設施用地)
萬華區,青年,2,21,2,文教區(供私立光仁小學學校使用)
萬華區,青年,2,21,4,第三種住宅區
萬華區,青年,2,21,5,道路用地(公共設施用地)
萬華區,青年,2,21,7,道路用地(公共設施用地)
萬華區,青年,2,21,8,道路用地(公共設施用地)
萬華區,青年,2,21,9,道路用地(公共設施用地)
萬華區,青年,2,21,10,文教區(供私立光仁小學學校使用)
萬華區,青年,2,21,11,道路用地(公共設施用地)
萬華區,青年,2,22,0,道路用地(公共設施用地)
萬華區,青年,2,23,0,道路用地(公共設施用地)
萬華區,青年,2,24,0,道路用地(公共設施用地)
萬華區,青年,2,25,0,道路用地(公共設施用地)
萬華區,青年,2,26,0,道路用地(公共設施用地)
萬華區,青年,2,27,0,道路用地(公共設施用地)
萬華區,青年,2,28,0,道路用地(公共設施用地)
萬華區,青年,2,28,1,道路用地(公共設施用地)
萬華區,青年,2,29,0,第三種住宅區及道路用地(公共設施用地)
萬華區,青年,2,29,1,道路用地(公共設施用地)
萬華區,青年,2,31,0,第三種住宅區
萬華區,青年,2,31,1,道路用地(公共設施用地)
萬華區,青年,2,32,0,第三種住宅區
萬華區,青年,2,32,1,道路用地(公共設施用地)
萬華區,青年,2,33,0,第三種住宅區
萬華區,青年,2,33,1,道路用地(公共設施用地)
萬華區,青年,2,33,2,道路用地(公共設施用地)
萬華區,青年,2,34,0,道路用地(公共設施用地)
萬華區,青年,2,34,1,道路用地(公共設施用地)
萬華區,青年,2,34,2,第三種住宅區
萬華區,青年,2,35,0,道路用地(公共設施用地)
萬華區,青年,2,35,1,道路用地(公共設施用地)
萬華區,青年,2,35,2,第三種住宅區
萬華區,青年,2,36,0,第三種住宅區
萬華區,青年,2,36,1,道路用地(公共設施用地)
萬華區,青年,2,36,2,道路用地(公共設施用地)
萬華區,青年,2,37,0,第三種住宅區
萬華區,青年,2,37,1,道路用地(公共設施用地)
萬華區,青年,2,38,0,第三種住宅區
萬華區,青年,2,38,1,道路用地(公共設施用地)
萬華區,青年,2,39,0,第三種住宅區
萬華區,青年,2,39,1,道路用地(公共設施用地)
萬華區,青年,2,40,0,第三種住宅區
萬華區,青年,2,40,1,道路用地(公共設施用地)
萬華區,青年,2,41,0,第三種住宅區
萬華區,青年,2,41,1,道路用地(公共設施用地)
萬華區,青年,2,42,0,第三種住宅區
萬華區,青年,2,42,1,道路用地(公共設施用地)
萬華區,青年,2,43,0,第三種住宅區
萬華區,青年,2,43,1,道路用地(公共設施用地)
萬華區,青年,2,44,0,第三種住宅區
萬華區,青年,2,44,1,道路用地(公共設施用地)
萬華區,青年,2,45,0,第三種住宅區
萬華區,青年,2,45,1,道路用地(公共設施用地)
萬華區,青年,2,46,0,第三種住宅區
萬華區,青年,2,46,1,道路用地(公共設施用地)
萬華區,青年,2,47,0,第三種住宅區
萬華區,青年,2,47,1,道路用地(公共設施用地)
萬華區,青年,2,48,0,第三種住宅區
萬華區,青年,2,48,1,道路用地(公共設施用地)
萬華區,青年,2,49,0,第三種住宅區
萬華區,青年,2,49,1,道路用地(公共設施用地)
萬華區,青年,2,50,0,第三種住宅區
萬華區,青年,2,50,1,道路用地(公共設施用地)
萬華區,青年,2,51,0,第三種住宅區
萬華區,青年,2,51,1,道路用地(公共設施用地)
萬華區,青年,2,52,0,第三種住宅區
萬華區,青年,2,52,1,道路用地(公共設施用地)
萬華區,青年,2,53,0,第三種住宅區
萬華區,青年,2,53,1,道路用地(公共設施用地)
萬華區,青年,2,54,0,第三種住宅區
萬華區,青年,2,54,1,道路用地(公共設施用地)
萬華區,青年,2,55,0,第三種住宅區
萬華區,青年,2,55,1,道路用地(公共設施用地)
萬華區,青年,2,56,0,道路用地(公共設施用地)
萬華區,青年,2,57,0,第三種住宅區
萬華區,青年,2,57,1,道路用地(公共設施用地)
萬華區,青年,2,58,0,道路用地(公共設施用地)
萬華區,青年,2,59,0,第三種住宅區
萬華區,青年,2,59,1,道路用地(公共設施用地)
萬華區,青年,2,60,0,第三種住宅區
萬華區,青年,2,60,1,道路用地(公共設施用地)
萬華區,青年,2,61,0,第三種住宅區
萬華區,青年,2,61,1,道路用地(公共設施用地)
萬華區,青年,2,62,0,第三種住宅區
萬華區,青年,2,62,1,道路用地(公共設施用地)
萬華區,青年,2,63,0,第三種住宅區
萬華區,青年,2,63,1,道路用地(公共設施用地)
萬華區,青年,2,64,0,第三種住宅區
萬華區,青年,2,64,1,道路用地(公共設施用地)
萬華區,青年,2,65,0,第三種住宅區
萬華區,青年,2,65,1,道路用地(公共設施用地)
萬華區,青年,2,66,0,第三種住宅區
萬華區,青年,2,66,1,道路用地(公共設施用地)
萬華區,青年,2,67,0,第三種住宅區
萬華區,青年,2,67,1,道路用地(公共設施用地)
萬華區,青年,2,68,0,第三種住宅區
萬華區,青年,2,68,1,道路用地(公共設施用地)
萬華區,青年,2,69,0,第三種住宅區
萬華區,青年,2,69,1,道路用地(公共設施用地)
萬華區,青年,2,70,0,第三種住宅區
萬華區,青年,2,70,1,道路用地(公共設施用地)
萬華區,青年,2,70,2,第三種住宅區
萬華區,青年,2,71,0,第三種住宅區
萬華區,青年,2,71,1,道路用地(公共設施用地)
萬華區,青年,2,71,2,第三種住宅區
萬華區,青年,2,72,0,第三種住宅區
萬華區,青年,2,72,1,道路用地(公共設施用地)
萬華區,青年,2,72,2,第三種住宅區
萬華區,青年,2,73,0,第三種住宅區
萬華區,青年,2,73,1,道路用地(公共設施用地)
萬華區,青年,2,73,2,第三種住宅區
萬華區,青年,2,74,0,第三種住宅區
萬華區,青年,2,75,0,第三種住宅區
萬華區,青年,2,76,0,第三種住宅區
萬華區,青年,2,77,0,第三種住宅區
萬華區,青年,2,78,0,第三種住宅區
萬華區,青年,2,87,0,第三種住宅區
萬華區,青年,2,88,0,第三種住宅區
萬華區,青年,2,89,0,第三種住宅區
萬華區,青年,2,90,0,第三種住宅區
萬華區,青年,2,91,0,第三種住宅區
萬華區,青年,2,92,0,第三種住宅區
萬華區,青年,2,93,0,第三種住宅區
萬華區,青年,2,94,0,第三種住宅區
萬華區,青年,2,95,0,道路用地(公共設施用地)
萬華區,青年,2,95,1,道路用地(公共設施用地)
萬華區,青年,2,96,0,道路用地(公共設施用地)
萬華區,青年,2,96,1,道路用地(公共設施用地)
萬華區,青年,2,97,0,"第三種住宅區,但是否在道路用地(公共設施用地)(應依建築線或俟地籍測量分割後,再確定)"
萬華區,青年,2,97,1,道路用地(公共設施用地)
萬華區,青年,2,98,0,第三種住宅區
萬華區,青年,2,99,0,第三種住宅區
萬華區,青年,2,99,1,道路用地(公共設施用地)
萬華區,青年,2,100,0,第三種住宅區
萬華區,青年,2,101,0,第三種住宅區
萬華區,青年,2,102,0,第三種住宅區
萬華區,青年,2,103,0,第三種住宅區
萬華區,青年,2,104,0,第三種住宅區
萬華區,青年,2,105,0,第三種住宅區
萬華區,青年,2,106,0,第三種住宅區
萬華區,青年,2,107,0,第三種住宅區
萬華區,青年,2,108,0,第三種住宅區
萬華區,青年,2,109,0,第三種住宅區
萬華區,青年,2,110,0,第三種住宅區
萬華區,青年,2,111,0,第三種住宅區
萬華區,青年,2,112,0,第三種住宅區
萬華區,青年,2,113,0,第三種住宅區
萬華區,青年,2,114,0,第三種住宅區
萬華區,青年,2,115,0,第三種住宅區
萬華區,青年,2,116,0,第三種住宅區
萬華區,青年,2,117,0,第三種住宅區
萬華區,青年,2,118,0,第三種住宅區
萬華區,青年,2,119,0,第三種住宅區
萬華區,青年,2,120,0,第三種住宅區
萬華區,青年,2,121,0,道路用地(公共設施用地)
萬華區,青年,2,122,0,道路用地(公共設施用地)
萬華區,青年,2,123,0,第三種住宅區
萬華區,青年,2,124,0,第三種住宅區
萬華區,青年,2,125,0,道路用地(公共設施用地)
萬華區,青年,2,126,0,道路用地(公共設施用地)
萬華區,青年,2,127,0,第三種住宅區
萬華區,青年,2,128,0,第三種住宅區
萬華區,青年,2,129,0,道路用地(公共設施用地)
萬華區,青年,2,130,0,道路用地(公共設施用地)
萬華區,青年,2,131,0,第三種住宅區
萬華區,青年,2,132,0,第三種住宅區
萬華區,青年,2,133,0,道路用地(公共設施用地)
萬華區,青年,2,134,0,道路用地(公共設施用地)
萬華區,青年,2,135,0,第三種住宅區
萬華區,青年,2,136,0,第三種住宅區
萬華區,青年,2,137,0,道路用地(公共設施用地)
萬華區,青年,2,138,0,道路用地(公共設施用地)
萬華區,青年,2,138,1,道路用地(公共設施用地)
萬華區,青年,2,139,0,第三種住宅區
萬華區,青年,2,140,0,第三種住宅區
萬華區,青年,2,141,0,第三種住宅區
萬華區,青年,2,142,0,第三種住宅區
萬華區,青年,2,143,0,第三種住宅區
萬華區,青年,2,144,0,第三種住宅區
萬華區,青年,2,145,0,第三種住宅區
萬華區,青年,2,146,0,第三種住宅區
萬華區,青年,2,147,0,第三種住宅區
萬華區,青年,2,148,0,第三種住宅區
萬華區,青年,2,149,0,第三種住宅區
萬華區,青年,2,150,0,第三種住宅區
萬華區,青年,2,151,0,第三種住宅區
萬華區,青年,2,152,0,第三種住宅區
萬華區,青年,2,153,0,第三種住宅區
萬華區,青年,2,154,0,第三種住宅區
萬華區,青年,2,155,0,第三種住宅區
萬華區,青年,2,156,0,第三種住宅區
萬華區,青年,2,157,0,第三種住宅區
萬華區,青年,2,158,0,第三種住宅區
萬華區,青年,2,159,0,第三種住宅區
萬華區,青年,2,160,0,第三種住宅區
萬華區,青年,2,161,0,第三種住宅區
萬華區,青年,2,162,0,第三種住宅區
萬華區,青年,2,163,0,第三種住宅區
萬華區,青年,2,164,0,第三種住宅區
萬華區,青年,2,165,0,第三種住宅區
萬華區,青年,2,166,0,第三種住宅區
萬華區,青年,2,167,0,第三種住宅區
萬華區,青年,2,168,0,第三種住宅區
萬華區,青年,2,169,0,第三種住宅區
萬華區,青年,2,170,0,第三種住宅區
萬華區,青年,2,171,0,第三種住宅區
萬華區,青年,2,172,0,第三種住宅區
萬華區,青年,2,173,0,第三種住宅區
萬華區,青年,2,174,0,第三種住宅區
萬華區,青年,2,175,0,第三種住宅區
萬華區,青年,2,176,0,第三種住宅區
萬華區,青年,2,177,0,第三種住宅區
萬華區,青年,2,178,0,第三種住宅區
萬華區,青年,2,179,0,第三種住宅區
萬華區,青年,2,180,0,第三種住宅區
萬華區,青年,2,181,0,第三種住宅區
萬華區,青年,2,182,0,第三種住宅區
萬華區,青年,2,183,0,第三種住宅區
萬華區,青年,2,184,0,第三種住宅區
萬華區,青年,2,185,0,"第三種住宅區,但是否在道路用地(公共設施用地)(應依建築線或俟地籍測量分割後,再確定)"
萬華區,青年,2,186,0,道路用地(公共設施用地)
萬華區,青年,2,187,0,第三種住宅區
萬華區,青年,2,188,0,第三種住宅區
萬華區,青年,2,189,0,第三種住宅區
萬華區,青年,2,190,0,第三種住宅區
萬華區,青年,2,191,0,第三種住宅區
萬華區,青年,2,192,0,第三種住宅區
萬華區,青年,2,193,0,第三種住宅區
萬華區,青年,2,194,0,第三種住宅區
萬華區,青年,2,195,0,第三種住宅區
萬華區,青年,2,196,0,第三種住宅區
萬華區,青年,2,197,0,第三種住宅區
萬華區,青年,2,198,0,第三種住宅區
萬華區,青年,2,199,0,第三種住宅區
萬華區,青年,2,200,0,第三種住宅區
萬華區,青年,2,201,0,第三種住宅區
萬華區,青年,2,202,0,第三種住宅區
萬華區,青年,2,203,0,第三種住宅區
萬華區,青年,2,204,0,第三種住宅區
萬華區,青年,2,205,0,第三種住宅區
萬華區,青年,2,206,0,第三種住宅區
萬華區,青年,2,207,0,第三種住宅區
萬華區,青年,2,208,0,第三種住宅區
萬華區,青年,2,209,0,第三種住宅區
萬華區,青年,2,210,0,第三種住宅區
萬華區,青年,2,211,0,第三種住宅區
萬華區,青年,2,212,0,第三種住宅區
萬華區,青年,2,213,0,第三種住宅區
萬華區,青年,2,214,0,第三種住宅區
萬華區,青年,2,215,0,第三種住宅區
萬華區,青年,2,216,0,第三種住宅區
萬華區,青年,2,217,0,第三種住宅區
萬華區,青年,2,218,0,第三種住宅區
萬華區,青年,2,219,0,第三種住宅區
萬華區,青年,2,220,0,第三種住宅區
萬華區,青年,2,221,0,第三種住宅區
萬華區,青年,2,222,0,道路用地(公共設施用地)
萬華區,青年,2,223,0,道路用地(公共設施用地)
萬華區,青年,2,224,0,第三種住宅區
萬華區,青年,2,225,0,第三種住宅區
萬華區,青年,2,226,0,道路用地(公共設施用地)
萬華區,青年,2,227,0,道路用地(公共設施用地)
萬華區,青年,2,228,0,第三種住宅區
萬華區,青年,2,229,0,第三種住宅區
萬華區,青年,2,230,0,第三種住宅區
萬華區,青年,2,231,0,第三種住宅區
萬華區,青年,2,232,0,第三種住宅區
萬華區,青年,2,233,0,第三種住宅區
萬華區,青年,2,234,0,第三種住宅區
萬華區,青年,2,235,0,第三種住宅區
萬華區,青年,2,236,0,第三種住宅區
萬華區,青年,2,237,0,第三種住宅區
萬華區,青年,2,238,0,第三種住宅區
萬華區,青年,2,239,0,第三種住宅區
萬華區,青年,2,240,0,第三種住宅區
萬華區,青年,2,241,0,第三種住宅區
萬華區,青年,2,242,0,第三種住宅區
萬華區,青年,2,243,0,第三種住宅區
萬華區,青年,2,244,0,第三種住宅區
萬華區,青年,2,245,0,第三種住宅區
萬華區,青年,2,246,0,第三種住宅區
萬華區,青年,2,247,0,第三種住宅區
萬華區,青年,2,248,0,第三種住宅區
萬華區,青年,2,249,0,第三種住宅區及道路用地(公共設施用地)
萬華區,青年,2,250,0,第三種住宅區及道路用地(公共設施用地)
萬華區,青年,2,251,0,第三種住宅區及道路用地(公共設施用地)
萬華區,青年,2,252,0,第三種住宅區
萬華區,青年,2,253,0,第三種住宅區
萬華區,青年,2,254,0,第三種住宅區
萬華區,青年,2,254,1,道路用地(公共設施用地)
萬華區,青年,2,255,0,第三種住宅區
萬華區,青年,2,255,1,道路用地(公共設施用地)
萬華區,青年,2,256,0,第三種住宅區
萬華區,青年,2,256,1,道路用地(公共設施用地)
萬華區,青年,2,257,0,第三種住宅區
萬華區,青年,2,257,1,道路用地(公共設施用地)
萬華區,青年,2,258,0,第三種住宅區
萬華區,青年,2,258,1,道路用地(公共設施用地)
萬華區,青年,2,259,0,第三種住宅區
萬華區,青年,2,259,1,道路用地(公共設施用地)
萬華區,青年,2,260,0,第三種住宅區
萬華區,青年,2,261,0,道路用地(公共設施用地)
萬華區,青年,2,262,0,道路用地(公共設施用地)
萬華區,青年,2,263,0,第三種住宅區
萬華區,青年,2,264,0,道路用地(公共設施用地)
萬華區,青年,2,265,0,第三種住宅區
萬華區,青年,2,266,0,第三種住宅區
萬華區,青年,2,266,1,道路用地(公共設施用地)
萬華區,青年,2,267,0,道路用地(公共設施用地)
萬華區,青年,2,268,0,第三種住宅區
萬華區,青年,2,268,1,道路用地(公共設施用地)
萬華區,青年,2,269,0,道路用地(公共設施用地)
萬華區,青年,2,270,0,道路用地(公共設施用地)
萬華區,青年,2,271,0,第三種住宅區
萬華區,青年,2,272,0,第三種住宅區
萬華區,青年,2,272,1,道路用地(公共設施用地)
萬華區,青年,2,273,0,第三種住宅區
萬華區,青年,2,273,1,道路用地(公共設施用地)
萬華區,青年,2,274,0,道路用地(公共設施用地)
萬華區,青年,2,275,0,第三種住宅區
萬華區,青年,2,275,1,道路用地(公共設施用地)
萬華區,青年,2,275,2,道路用地(公共設施用地)
萬華區,青年,2,276,0,道路用地(公共設施用地)
萬華區,青年,2,277,0,道路用地(公共設施用地)
萬華區,青年,2,278,0,第三種住宅區
萬華區,青年,2,279,0,第三種住宅區
萬華區,青年,2,279,1,第三種住宅區
萬華區,青年,2,279,2,第三種住宅區及道路用地(公共設施用地)
萬華區,青年,2,279,3,道路用地(公共設施用地)
萬華區,青年,2,280,0,第三種住宅區
萬華區,青年,2,281,0,第三種住宅區
萬華區,青年,2,282,0,道路用地(公共設施用地)
萬華區,青年,2,283,0,第三種住宅區
萬華區,青年,2,284,0,第三種住宅區
萬華區,青年,2,285,0,第三種住宅區
萬華區,青年,2,286,0,第三種住宅區
萬華區,青年,2,287,0,第三種住宅區
萬華區,青年,2,288,0,第三種住宅區
萬華區,青年,2,289,0,第三種住宅區
萬華區,青年,2,290,0,第三種住宅區
萬華區,青年,2,291,0,道路用地(公共設施用地)
萬華區,青年,2,291,1,道路用地(公共設施用地)
萬華區,青年,2,292,0,第三種住宅區
萬華區,青年,2,293,0,第三種住宅區
萬華區,青年,2,294,0,第三種住宅區
萬華區,青年,2,295,0,第三種住宅區
萬華區,青年,2,296,0,第三種住宅區
萬華區,青年,2,297,0,第三種住宅區
萬華區,青年,2,298,0,第三種住宅區
萬華區,青年,2,299,0,第三種住宅區
萬華區,青年,2,300,0,第三種住宅區
萬華區,青年,2,301,0,第三種住宅區
萬華區,青年,2,302,0,第三種住宅區
萬華區,青年,2,303,0,道路用地(公共設施用地)
萬華區,青年,2,303,1,第三種住宅區
萬華區,青年,2,304,1,第三種住宅區
萬華區,青年,2,304,2,道路用地(公共設施用地)
萬華區,青年,2,305,0,第三種住宅區
萬華區,青年,2,306,0,第三種住宅區
萬華區,青年,2,306,1,道路用地(公共設施用地)
萬華區,青年,2,306,2,道路用地(公共設施用地)
萬華區,青年,2,306,3,道路用地(公共設施用地)
萬華區,青年,2,306,4,道路用地(公共設施用地)
萬華區,青年,2,307,0,第三種住宅區
萬華區,青年,2,308,0,第三種住宅區
萬華區,青年,2,309,0,第三種住宅區
萬華區,青年,2,310,0,第三種住宅區
萬華區,青年,2,311,0,第三種住宅區
萬華區,青年,2,311,1,第三種住宅區
萬華區,青年,2,311,2,道路用地(公共設施用地)
萬華區,青年,2,311,3,道路用地(公共設施用地)
萬華區,青年,2,311,4,道路用地(公共設施用地)
萬華區,青年,2,312,0,第三種住宅區
萬華區,青年,2,313,0,第三種住宅區
萬華區,青年,2,314,0,第三種住宅區
萬華區,青年,2,315,0,第三種住宅區
萬華區,青年,2,316,0,第三種住宅區
萬華區,青年,2,317,0,道路用地(公共設施用地)
萬華區,青年,2,318,0,第三種住宅區
萬華區,青年,2,318,1,"道路用地(公共設施用地),但是否在第三種住宅區(應依建築線或俟地籍測量分割後,再確定)"
萬華區,青年,2,318,2,第三種住宅區
萬華區,青年,2,318,3,第三種住宅區
萬華區,青年,2,319,0,第三種住宅區
萬華區,青年,2,320,0,道路用地(公共設施用地)
萬華區,青年,2,320,1,道路用地(公共設施用地)
萬華區,青年,2,321,0,第三種住宅區
萬華區,青年,2,322,0,第三種住宅區
萬華區,青年,2,323,0,第三種住宅區
萬華區,青年,2,324,0,第三種住宅區
萬華區,青年,2,325,0,第三種住宅區
萬華區,青年,2,325,1,第三種住宅區
萬華區,青年,2,325,2,第三種住宅區
萬華區,青年,2,326,1,第三種住宅區
萬華區,青年,2,326,2,第三種住宅區
萬華區,青年,2,326,3,第三種住宅區
萬華區,青年,2,326,4,第三種住宅區
萬華區,青年,2,327,0,第三種住宅區
萬華區,青年,2,327,1,第三種住宅區
萬華區,青年,2,327,2,第三種住宅區
萬華區,青年,2,327,3,第三種住宅區
萬華區,青年,2,327,4,第三種住宅區
萬華區,青年,2,327,5,第三種住宅區
萬華區,青年,2,327,6,第三種住宅區
萬華區,青年,2,327,7,第三種住宅區
萬華區,青年,2,327,8,第三種住宅區
萬華區,青年,2,327,9,第三種住宅區
萬華區,青年,2,327,10,第三種住宅區
萬華區,青年,2,328,0,第三種住宅區
萬華區,青年,2,329,0,第三種住宅區
萬華區,青年,2,330,0,第三種住宅區
萬華區,青年,2,331,0,第三種住宅區
萬華區,青年,2,332,0,第三種住宅區
萬華區,青年,2,333,0,第三種住宅區
萬華區,青年,2,334,0,第三種住宅區
萬華區,青年,2,335,0,第三種住宅區
萬華區,青年,2,336,0,第三種住宅區
萬華區,青年,2,337,0,第三種住宅區
萬華區,青年,2,338,0,第三種住宅區
萬華區,青年,2,339,0,第三種住宅區
萬華區,青年,2,340,0,第三種住宅區
萬華區,青年,2,341,0,第三種住宅區
萬華區,青年,2,342,0,第三種住宅區
萬華區,青年,2,343,0,第三種住宅區
萬華區,青年,2,344,0,第三種住宅區
萬華區,青年,2,345,0,第三種住宅區
萬華區,青年,2,346,0,第三種住宅區
萬華區,青年,2,347,0,道路用地(公共設施用地)
萬華區,青年,2,348,0,道路用地(公共設施用地)
萬華區,青年,2,349,0,道路用地(公共設施用地)
萬華區,青年,2,350,0,道路用地(公共設施用地)
萬華區,青年,2,351,0,道路用地(公共設施用地)
萬華區,青年,2,351,1,第三種住宅區
萬華區,青年,2,352,0,第三種住宅區
萬華區,青年,2,353,0,第三種住宅區
萬華區,青年,2,354,0,第三種住宅區
萬華區,青年,2,354,1,第三種住宅區
萬華區,青年,2,354,2,道路用地(公共設施用地)
萬華區,青年,2,354,3,第三種住宅區
萬華區,青年,2,354,5,第三種住宅區
萬華區,青年,2,355,0,第三種住宅區
萬華區,青年,2,356,0,第三種住宅區
萬華區,青年,2,356,1,道路用地(公共設施用地)
萬華區,青年,2,357,0,第三種住宅區
萬華區,青年,2,358,0,第三種住宅區
萬華區,青年,2,359,0,第三種住宅區
萬華區,青年,2,360,0,第三種住宅區
萬華區,青年,2,361,0,第三種住宅區
萬華區,青年,2,362,0,第三種住宅區
萬華區,青年,2,363,0,第三種住宅區
萬華區,青年,2,363,1,道路用地(公共設施用地)
萬華區,青年,2,364,0,第三種住宅區
萬華區,青年,2,366,0,第三之二種住宅區
萬華區,青年,2,366,4,道路用地(公共設施用地)
萬華區,青年,2,366,6,第三種住宅區
萬華區,青年,2,366,7,第三種住宅區
萬華區,青年,2,367,0,第三種住宅區
萬華區,青年,2,367,1,道路用地(公共設施用地)
萬華區,青年,2,367,2,第三種住宅區
萬華區,青年,2,368,1,第三種住宅區
萬華區,青年,2,369,0,第三種住宅區
萬華區,青年,2,370,0,第三之二種住宅區
萬華區,青年,2,370,1,第三種住宅區
萬華區,青年,2,371,0,第三之二種住宅區
萬華區,青年,2,372,0,第三之二種住宅區
萬華區,青年,2,373,0,第三之二種住宅區
萬華區,青年,2,374,0,第三之二種住宅區
萬華區,青年,2,375,0,第三之二種住宅區
萬華區,青年,2,376,0,第三之二種住宅區
萬華區,青年,2,377,0,第三之二種住宅區
萬華區,青年,2,378,0,第三之二種住宅區
萬華區,青年,2,379,0,道路用地(公共設施用地)
萬華區,青年,2,380,0,道路用地(公共設施用地)
萬華區,青年,2,381,0,道路用地(公共設施用地)
萬華區,青年,2,382,0,道路用地(公共設施用地)
萬華區,青年,2,382,1,道路用地(公共設施用地)
萬華區,青年,2,383,0,第三種住宅區
萬華區,青年,2,384,0,第三種住宅區
萬華區,青年,2,385,0,第三種住宅區
萬華區,青年,2,386,0,第三種住宅區
萬華區,青年,2,387,0,第三種住宅區
萬華區,青年,2,388,0,第三種住宅區
萬華區,青年,2,389,0,第三種住宅區
萬華區,青年,2,390,0,第三種住宅區
萬華區,青年,2,391,0,第三種住宅區
萬華區,青年,2,393,0,第三種住宅區
萬華區,青年,2,393,1,道路用地(公共設施用地)
萬華區,青年,2,394,0,道路用地(公共設施用地)
萬華區,青年,2,395,0,第三之二種住宅區
萬華區,青年,2,395,1,"第三種住宅區,但是否在道路用地(公共設施用地)(應依建築線或俟地籍測量分割後,再確定)"
萬華區,青年,2,396,0,第三之二種住宅區
萬華區,青年,2,396,1,道路用地(公共設施用地)
萬華區,青年,2,397,0,道路用地(公共設施用地)
萬華區,青年,2,398,0,第三之二種住宅區
萬華區,青年,2,399,0,第三之二種住宅區
萬華區,青年,2,399,1,第三種住宅區
萬華區,青年,2,400,0,第三之二種住宅區
萬華區,青年,2,400,1,道路用地(公共設施用地)
萬華區,青年,2,400,2,第三之二種住宅區
萬華區,青年,2,400,3,第三之二種住宅區
萬華區,青年,2,400,4,第三種住宅區
萬華區,青年,2,400,5,第三種住宅區
萬華區,青年,2,401,0,道路用地(公共設施用地)
萬華區,青年,2,403,5,第三種住宅區
萬華區,青年,2,403,6,第三種住宅區
萬華區,青年,2,404,2,道路用地(公共設施用地)
萬華區,青年,2,404,3,道路用地(公共設施用地)
萬華區,青年,2,406,1,第三種住宅區
萬華區,青年,2,409,0,第三種住宅區
萬華區,青年,2,410,0,第三種住宅區
萬華區,青年,2,410,1,第三種住宅區
萬華區,青年,2,411,0,第三種住宅區
萬華區,青年,2,411,2,第三種住宅區
萬華區,青年,2,412,0,第三種住宅區
萬華區,青年,2,412,1,第三種住宅區
萬華區,青年,2,413,0,第三種住宅區
萬華區,青年,2,414,0,第三種住宅區
萬華區,青年,2,415,0,第三種住宅區
萬華區,青年,2,416,0,第三種住宅區
萬華區,青年,2,417,0,第三種住宅區
萬華區,青年,2,418,0,第三種住宅區
萬華區,青年,2,419,0,第三種住宅區
萬華區,青年,2,420,0,第三種住宅區
萬華區,青年,2,420,1,第三種住宅區
萬華區,青年,2,421,0,第三種住宅區
萬華區,青年,2,422,0,第三種住宅區
萬華區,青年,2,423,0,第三種住宅區
萬華區,青年,2,424,0,第三種住宅區
萬華區,青年,2,425,0,第三種住宅區
萬華區,青年,2,426,0,第三種住宅區
萬華區,青年,2,427,0,第三種住宅區
萬華區,青年,2,428,0,第三種住宅區
萬華區,青年,2,429,0,第三種住宅區
萬華區,青年,2,430,0,第三種住宅區
萬華區,青年,2,431,0,道路用地(公共設施用地)
萬華區,青年,2,432,0,道路用地(公共設施用地)
萬華區,青年,2,434,0,第三種住宅區
萬華區,青年,2,434,2,道路用地(公共設施用地)
萬華區,青年,2,435,0,第三種住宅區
萬華區,青年,2,436,0,第三種住宅區
萬華區,青年,2,437,0,第三種住宅區
萬華區,青年,2,438,0,第三種住宅區
萬華區,青年,2,439,0,第三種住宅區
萬華區,青年,2,440,0,第三種住宅區
萬華區,青年,2,441,0,第三種住宅區
萬華區,青年,2,442,0,第三種住宅區
萬華區,青年,2,443,0,第三種住宅區
萬華區,青年,2,444,0,第三種住宅區
萬華區,青年,2,445,0,第三種住宅區
萬華區,青年,2,446,0,第三種住宅區
萬華區,青年,2,447,0,第三種住宅區
萬華區,青年,2,448,0,第三種住宅區
萬華區,青年,2,449,0,道路用地(公共設施用地)
萬華區,青年,2,449,1,第三種住宅區
萬華區,青年,2,450,0,道路用地(公共設施用地)
萬華區,青年,2,450,1,第三種住宅區
萬華區,青年,2,451,0,第三種住宅區
萬華區,青年,2,452,0,道路用地(公共設施用地)
萬華區,青年,2,453,0,道路用地(公共設施用地)
萬華區,青年,2,454,0,道路用地(公共設施用地)
萬華區,青年,2,455,0,第三之二種住宅區
萬華區,青年,2,455,1,第三種住宅區
萬華區,青年,2,456,0,第三之二種住宅區
萬華區,青年,2,456,1,第三種住宅區
萬華區,青年,2,457,0,第三之二種住宅區
萬華區,青年,2,457,1,第三種住宅區
萬華區,青年,2,458,0,第三之二種住宅區
萬華區,青年,2,458,1,第三種住宅區
萬華區,青年,2,459,0,第三之二種住宅區
萬華區,青年,2,459,1,第三種住宅區
萬華區,青年,2,460,0,第三之二種住宅區
萬華區,青年,2,460,1,第三種住宅區
萬華區,青年,2,461,0,第三之二種住宅區
萬華區,青年,2,461,2,第三之二種住宅區
萬華區,青年,2,465,0,第三之二種住宅區
萬華區,青年,2,466,0,第三之二種住宅區
萬華區,青年,2,470,2,第三之二種住宅區
萬華區,青年,2,471,0,第三之二種住宅區
萬華區,青年,2,472,0,第三之二種住宅區
萬華區,青年,2,472,1,第三種住宅區
萬華區,青年,2,472,2,第三種住宅區
萬華區,青年,2,472,3,第三之二種住宅區
萬華區,青年,2,473,0,第三之二種住宅區
萬華區,青年,2,473,1,第三種住宅區
萬華區,青年,2,474,0,第三之二種住宅區
萬華區,青年,2,475,0,第三之二種住宅區
萬華區,青年,2,476,0,第三之二種住宅區
萬華區,青年,2,476,1,第三種住宅區
萬華區,青年,2,477,0,第三之二種住宅區
萬華區,青年,2,477,1,第三種住宅區
萬華區,青年,2,478,0,第三之二種住宅區
萬華區,青年,2,479,0,第三之二種住宅區
萬華區,青年,2,480,0,第三之二種住宅區
萬華區,青年,2,480,1,第三種住宅區
萬華區,青年,2,481,0,第三之二種住宅區
萬華區,青年,2,481,1,第三種住宅區
萬華區,青年,2,482,0,第三之二種住宅區
萬華區,青年,2,483,0,第三之二種住宅區
萬華區,青年,2,484,0,第三之二種住宅區
萬華區,青年,2,484,1,第三種住宅區
萬華區,青年,2,485,0,第三之二種住宅區
萬華區,青年,2,485,1,第三種住宅區
萬華區,青年,2,486,0,第三之二種住宅區
萬華區,青年,2,487,0,第三之二種住宅區
萬華區,青年,2,488,0,第三之二種住宅區
萬華區,青年,2,488,1,第三種住宅區
萬華區,青年,2,489,0,第三之二種住宅區
萬華區,青年,2,489,1,第三種住宅區
萬華區,青年,2,490,0,第三之二種住宅區
萬華區,青年,2,491,0,第三之二種住宅區
萬華區,青年,2,492,0,第三之二種住宅區
萬華區,青年,2,492,1,第三種住宅區
萬華區,青年,2,493,0,第三之二種住宅區
萬華區,青年,2,494,0,第三之二種住宅區
萬華區,青年,2,494,1,第三種住宅區
萬華區,青年,2,495,0,第三之二種住宅區
萬華區,青年,2,496,0,第三之二種住宅區
萬華區,青年,2,497,0,第三之二種住宅區
萬華區,青年,2,498,0,第三之二種住宅區
萬華區,青年,2,499,0,第三之二種住宅區
萬華區,青年,2,500,0,第三之二種住宅區
萬華區,青年,2,501,0,第三之二種住宅區
萬華區,青年,2,501,1,第三種住宅區
萬華區,青年,2,502,0,道路用地(公共設施用地)
萬華區,青年,2,503,0,第三種住宅區
萬華區,青年,2,503,1,道路用地(公共設施用地)
萬華區,青年,2,505,0,第三種住宅區
萬華區,青年,2,506,0,第三種住宅區
萬華區,青年,2,507,0,第三種住宅區
萬華區,青年,2,508,0,第三種住宅區
萬華區,青年,2,509,0,第三種住宅區
萬華區,青年,2,510,0,第三種住宅區
萬華區,青年,2,511,0,第三種住宅區
萬華區,青年,2,512,0,第三種住宅區
萬華區,青年,2,513,0,第三種住宅區
萬華區,青年,2,514,0,第三種住宅區
萬華區,青年,2,515,0,第三種住宅區
萬華區,青年,2,516,0,第三種住宅區
萬華區,青年,2,517,0,第三種住宅區
萬華區,青年,2,518,0,第三種住宅區
萬華區,青年,2,519,0,第三種住宅區
萬華區,青年,2,520,0,第三種住宅區
萬華區,青年,2,521,0,第三種住宅區
萬華區,青年,2,522,0,第三種住宅區
萬華區,青年,2,523,0,第三種住宅區
萬華區,青年,2,525,0,第三種住宅區
萬華區,青年,2,525,1,第三種住宅區
萬華區,青年,2,526,0,第三種住宅區
萬華區,青年,2,527,0,第三種住宅區
萬華區,青年,2,528,0,第三種住宅區
萬華區,青年,2,529,0,第三種住宅區
萬華區,青年,2,530,0,第三種住宅區
萬華區,青年,2,531,0,第三種住宅區
萬華區,青年,2,532,0,第三種住宅區
萬華區,青年,2,533,0,第三種住宅區
萬華區,青年,2,534,0,第三種住宅區
萬華區,青年,2,535,0,第三種住宅區
萬華區,青年,2,536,0,第三種住宅區
萬華區,青年,2,537,0,第三種住宅區
萬華區,青年,2,538,0,第三種住宅區
萬華區,青年,2,539,0,第三種住宅區
萬華區,青年,2,540,0,"第三種住宅區,但是否在道路用地(公共設施用地)(應依建築線或俟地籍測量分割後,再確定)"
萬華區,青年,2,541,0,第三種住宅區
萬華區,青年,2,542,0,第三種住宅區
萬華區,青年,2,543,0,第三種住宅區
萬華區,青年,2,544,0,第三種住宅區
萬華區,青年,2,545,0,第三種住宅區
萬華區,青年,2,546,0,道路用地(公共設施用地)
萬華區,青年,2,549,0,道路用地(公共設施用地)
萬華區,青年,2,550,0,第三種住宅區
萬華區,青年,2,551,0,第三種住宅區
萬華區,青年,2,552,0,第三種住宅區
萬華區,青年,2,553,0,第三種住宅區
萬華區,青年,2,554,0,第三種住宅區
萬華區,青年,2,555,0,第三種住宅區
萬華區,青年,2,556,0,第三種住宅區
萬華區,青年,2,557,0,第三種住宅區
萬華區,青年,2,558,0,第三種住宅區
萬華區,青年,2,558,1,第三種住宅區
萬華區,青年,2,558,2,第三種住宅區
萬華區,青年,2,558,3,第三種住宅區
萬華區,青年,2,558,4,道路用地(公共設施用地)
萬華區,青年,2,559,0,第三種住宅區
萬華區,青年,2,561,0,第三種住宅區
萬華區,青年,2,561,1,第三種住宅區
萬華區,青年,2,562,0,第三種住宅區
萬華區,青年,2,563,0,第三種住宅區
萬華區,青年,2,564,0,第三種住宅區
萬華區,青年,2,565,0,第三種住宅區
萬華區,青年,2,566,0,第三種住宅區
萬華區,青年,2,567,0,道路用地(公共設施用地)
萬華區,青年,2,568,0,道路用地(公共設施用地)
萬華區,青年,2,569,0,道路用地(公共設施用地)
萬華區,青年,2,570,0,第三種住宅區
萬華區,青年,2,570,1,道路用地(公共設施用地)
萬華區,青年,2,571,0,第三種住宅區
萬華區,青年,2,571,1,道路用地(公共設施用地)
萬華區,青年,2,572,0,道路用地(公共設施用地)
萬華區,青年,2,573,0,道路用地(公共設施用地)
萬華區,青年,2,574,0,第三種住宅區
萬華區,青年,2,575,0,第三種住宅區
萬華區,青年,2,576,0,道路用地(公共設施用地)
萬華區,青年,2,577,0,道路用地(公共設施用地)
萬華區,青年,2,578,0,第三種住宅區
萬華區,青年,2,579,0,第三種住宅區
萬華區,青年,2,580,0,道路用地(公共設施用地)
萬華區,青年,2,581,0,道路用地(公共設施用地)
萬華區,青年,2,582,0,第三種住宅區
萬華區,青年,2,583,0,第三種住宅區
萬華區,青年,2,584,0,道路用地(公共設施用地)
萬華區,青年,2,585,0,道路用地(公共設施用地)
萬華區,青年,2,586,0,第三種住宅區
萬華區,青年,2,587,0,第三種住宅區
萬華區,青年,2,588,0,第三種住宅區
萬華區,青年,2,589,0,第三種住宅區
萬華區,青年,2,590,0,第三種住宅區
萬華區,青年,2,591,0,第三種住宅區
萬華區,青年,2,592,0,第三種住宅區
萬華區,青年,2,593,0,第三種住宅區
萬華區,青年,2,594,0,第三種住宅區
萬華區,青年,2,595,0,第三種住宅區
萬華區,青年,2,596,0,第三種住宅區
萬華區,青年,2,597,0,第三種住宅區
萬華區,青年,2,598,0,第三種住宅區
萬華區,青年,2,599,0,第三種住宅區
萬華區,青年,2,599,1,道路用地(公共設施用地)
萬華區,青年,2,599,2,第三種住宅區
萬華區,青年,2,600,0,第三種住宅區
萬華區,青年,2,601,0,道路用地(公共設施用地)
萬華區,青年,2,602,0,第三種住宅區
萬華區,青年,2,603,0,道路用地(公共設施用地)及第三種住宅區
萬華區,青年,2,604,0,道路用地(公共設施用地)
萬華區,青年,2,605,0,道路用地(公共設施用地)
萬華區,青年,2,606,0,道路用地(公共設施用地)
萬華區,青年,2,607,0,道路用地(公共設施用地)
萬華區,青年,2,608,0,"道路用地(公共設施用地),但是否在第三種住宅區(應依建築線或俟地籍測量分割後,再確定)"
萬華區,青年,2,609,0,道路用地(公共設施用地)
萬華區,青年,2,610,0,道路用地(公共設施用地)
萬華區,青年,2,611,0,"道路用地(公共設施用地),但是否在第三種住宅區(應依建築線或俟地籍測量分割後,再確定)"
萬華區,青年,2,612,0,第三種住宅區
萬華區,青年,2,613,0,第三種住宅區
萬華區,青年,2,614,0,第三種住宅區
萬華區,青年,2,615,0,第三種住宅區
萬華區,青年,2,616,0,第三種住宅區
萬華區,青年,2,617,0,第三種住宅區
萬華區,青年,2,618,0,第三種住宅區
萬華區,青年,2,619,0,第三種住宅區
萬華區,青年,2,620,0,第三種住宅區
萬華區,青年,2,621,0,第三種住宅區
萬華區,青年,2,622,0,第三種住宅區
萬華區,青年,2,623,0,第三種住宅區
萬華區,青年,2,624,0,第三種住宅區
萬華區,青年,2,625,0,第三種住宅區
萬華區,青年,2,626,0,第三種住宅區
萬華區,青年,2,627,0,第三種住宅區
萬華區,青年,2,627,1,第三種住宅區
萬華區,青年,2,628,0,第三種住宅區
萬華區,青年,2,628,1,第三種住宅區
萬華區,青年,2,629,0,第三種住宅區
萬華區,青年,2,630,0,第三種住宅區
萬華區,青年,2,631,0,第三種住宅區
萬華區,青年,2,632,0,第三種住宅區
萬華區,青年,2,633,0,第三種住宅區
萬華區,青年,2,634,0,第三種住宅區
萬華區,青年,2,635,0,第三種住宅區
萬華區,青年,2,635,1,第三種住宅區
萬華區,青年,2,635,2,第三種住宅區
萬華區,青年,2,635,3,第三種住宅區
萬華區,青年,2,636,0,第三種住宅區
萬華區,青年,2,636,1,第三種住宅區
萬華區,青年,2,636,2,第三種住宅區
萬華區,青年,2,636,3,第三種住宅區
萬華區,青年,2,636,4,第三種住宅區
萬華區,青年,2,637,0,第三種住宅區
萬華區,青年,2,637,1,第三種住宅區
萬華區,青年,2,638,0,道路用地(公共設施用地)
萬華區,青年,2,639,0,第三種住宅區
萬華區,青年,2,640,0,第三種住宅區
萬華區,青年,2,641,0,第三種住宅區
萬華區,青年,2,642,0,第三種住宅區
萬華區,青年,2,643,0,第三種住宅區
萬華區,青年,2,644,0,第三種住宅區
萬華區,青年,2,645,0,道路用地(公共設施用地)
萬華區,青年,2,646,0,道路用地(公共設施用地)
萬華區,青年,2,647,0,道路用地(公共設施用地)
萬華區,青年,2,648,0,第三種住宅區
萬華區,青年,2,648,1,第三種住宅區
萬華區,青年,2,648,2,第三種住宅區
萬華區,青年,2,648,3,第三種住宅區
萬華區,青年,2,649,0,第三種住宅區
萬華區,青年,2,649,1,第三種住宅區
萬華區,青年,2,649,2,第三種住宅區
萬華區,青年,2,649,3,第三種住宅區
萬華區,青年,2,650,0,第三種住宅區
萬華區,青年,2,651,0,道路用地(公共設施用地)
萬華區,青年,2,652,0,道路用地(公共設施用地)
萬華區,青年,2,653,0,第三種住宅區
萬華區,青年,2,654,0,第三種住宅區
萬華區,青年,2,655,0,第三種住宅區
萬華區,青年,2,656,0,第三種住宅區
萬華區,青年,2,657,0,第三種住宅區
萬華區,青年,2,658,0,第三種住宅區
萬華區,青年,2,659,0,第三種住宅區
萬華區,青年,2,660,0,第三種住宅區
萬華區,青年,2,661,0,第三種住宅區
萬華區,青年,2,662,0,第三種住宅區
萬華區,青年,2,663,0,第三種住宅區
萬華區,青年,2,664,0,第三種住宅區
萬華區,青年,2,665,0,第三種住宅區
萬華區,青年,2,666,0,第三種住宅區
萬華區,青年,2,667,0,第三種住宅區
萬華區,青年,2,668,0,第三種住宅區
萬華區,青年,2,669,0,第三種住宅區
萬華區,青年,2,670,0,第三種住宅區
萬華區,青年,2,671,0,第三種住宅區
萬華區,青年,2,672,0,第三種住宅區
萬華區,青年,2,673,0,第三種住宅區
萬華區,青年,2,674,0,"第三種住宅區,但是否在道路用地(公共設施用地)(應依建築線或俟地籍測量分割後,再確定)"
萬華區,青年,2,674,1,第三種住宅區
萬華區,青年,2,674,2,第三種住宅區
萬華區,青年,2,674,3,"第三種住宅區,但是否在道路用地(公共設施用地)(應依建築線或俟地籍測量分割後,再確定)"
萬華區,青年,2,674,4,道路用地(公共設施用地)
萬華區,青年,2,674,5,第三種住宅區
萬華區,青年,2,675,0,第三種住宅區
萬華區,青年,2,675,1,道路用地(公共設施用地)
萬華區,青年,2,675,2,第三種住宅區
萬華區,青年,2,676,0,道路用地(公共設施用地)
萬華區,青年,2,677,0,第三種住宅區
萬華區,青年,2,677,1,道路用地(公共設施用地)
萬華區,青年,2,677,2,第三種住宅區
萬華區,青年,2,678,0,道路用地(公共設施用地)
萬華區,青年,2,679,0,批發市場用地(公共設施用地)
萬華區,青年,2,680,0,道路用地(公共設施用地)
萬華區,青年,2,681,0,道路用地(公共設施用地)
萬華區,青年,2,681,1,批發市場用地(公共設施用地)
萬華區,青年,2,682,0,道路用地(公共設施用地)
萬華區,青年,2,682,1,道路用地(公共設施用地)
萬華區,青年,2,682,2,批發市場用地(公共設施用地)
萬華區,青年,2,683,0,道路用地(公共設施用地)
萬華區,青年,2,684,0,道路用地(公共設施用地)
萬華區,青年,2,685,0,道路用地(公共設施用地)
萬華區,青年,2,686,0,道路用地(公共設施用地)及堤防用地(公共設施用地)
萬華區,青年,2,687,0,道路用地(公共設施用地)及河川區
萬華區,青年,2,688,0,河川區
萬華區,青年,2,688,1,河川區
萬華區,青年,2,689,1,河川區
萬華區,青年,2,690,0,河川區
萬華區,青年,2,691,0,道路用地(公共設施用地)及河川區
萬華區,青年,2,692,0,道路用地(公共設施用地)
萬華區,青年,2,692,1,道路用地(公共設施用地)
萬華區,青年,2,693,0,道路用地(公共設施用地)
萬華區,青年,2,694,0,道路用地(公共設施用地)
萬華區,青年,2,695,0,道路用地(公共設施用地)
萬華區,青年,2,695,1,道路用地(公共設施用地)及河川區
萬華區,青年,2,695,2,批發市場用地(公共設施用地)
萬華區,青年,2,695,3,道路用地(公共設施用地)
萬華區,青年,2,696,0,道路用地(公共設施用地)
萬華區,青年,2,697,0,"道路用地(公共設施用地),但是否在河川區(應依建築線或俟地籍測量分割後,再確定)"
萬華區,青年,2,698,0,道路用地(公共設施用地)及河川區
萬華區,青年,2,699,0,河川區
萬華區,青年,2,700,0,河川區
萬華區,青年,2,701,0,河川區
萬華區,青年,2,703,0,道路用地(公共設施用地)及河川區
萬華區,青年,2,704,0,道路用地(公共設施用地)及河川區
萬華區,青年,2,705,0,河川區
萬華區,青年,2,706,0,道路用地(公共設施用地)及河川區
萬華區,青年,2,707,0,道路用地(公共設施用地)
萬華區,青年,2,708,0,道路用地(公共設施用地)及河川區
萬華區,青年,2,709,0,河川區
萬華區,青年,2,710,0,河川區
萬華區,青年,2,711,0,道路用地(公共設施用地)及河川區
萬華區,青年,2,712,0,道路用地(公共設施用地)及河川區
萬華區,青年,2,713,0,道路用地(公共設施用地)及河川區
萬華區,青年,2,714,0,道路用地(公共設施用地)及河川區
萬華區,青年,2,715,0,道路用地(公共設施用地)及河川區
萬華區,青年,2,716,0,道路用地(公共設施用地)及河川區
萬華區,青年,2,717,0,道路用地(公共設施用地)及河川區
萬華區,青年,2,718,0,道路用地(公共設施用地)及河川區
萬華區,青年,2,719,0,道路用地(公共設施用地)及河川區
萬華區,青年,2,720,0,"道路用地(公共設施用地),但是否在河川區(應依建築線或俟地籍測量分割後,再確定)"
萬華區,青年,2,721,0,"道路用地(公共設施用地),但是否在河川區(應依建築線或俟地籍測量分割後,再確定)"
萬華區,青年,2,722,0,道路用地(公共設施用地)
萬華區,青年,2,723,0,"道路用地(公共設施用地),但是否在河川區(應依建築線或俟地籍測量分割後,再確定)"
萬華區,青年,2,724,0,"道路用地(公共設施用地),但是否在河川區(應依建築線或俟地籍測量分割後,再確定)"
萬華區,青年,2,725,0,"道路用地(公共設施用地),但是否在河川區(應依建築線或俟地籍測量分割後,再確定)"
萬華區,青年,2,726,0,"道路用地(公共設施用地),但是否在河川區(應依建築線或俟地籍測量分割後,再確定)"
萬華區,青年,2,727,0,"道路用地(公共設施用地),但是否在河川區(應依建築線或俟地籍測量分割後,再確定)"
萬華區,青年,2,728,0,"道路用地(公共設施用地),但是否在河川區(應依建築線或俟地籍測量分割後,再確定)"
萬華區,青年,2,729,0,"道路用地(公共設施用地),但是否在河川區(應依建築線或俟地籍測量分割後,再確定)"
萬華區,青年,2,730,0,"道路用地(公共設施用地),但是否在河川區(應依建築線或俟地籍測量分割後,再確定)"
萬華區,青年,2,731,0,"道路用地(公共設施用地),但是否在河川區(應依建築線或俟地籍測量分割後,再確定)"
萬華區,青年,2,732,0,道路用地(公共設施用地)
萬華區,青年,2,733,0,道路用地(公共設施用地)
萬華區,青年,2,734,0,道路用地(公共設施用地)
萬華區,青年,2,735,0,道路用地(公共設施用地)
萬華區,青年,2,736,0,"河川區,但是否在道路用地(公共設施用地)(應依建築線或俟地籍測量分割後,再確定)"
萬華區,青年,2,736,1,河川區
萬華區,青年,2,737,0,河川區
萬華區,青年,2,738,0,河川區
萬華區,青年,2,739,0,河川區
萬華區,青年,2,740,0,河川區
萬華區,青年,2,741,0,河川區
萬華區,青年,2,742,0,河川區
萬華區,青年,2,743,0,河川區
萬華區,青年,2,744,0,河川區
萬華區,青年,2,744,1,河川區
萬華區,青年,2,745,0,河川區
萬華區,青年,2,746,0,河川區
萬華區,青年,2,748,0,河川區
萬華區,青年,2,749,0,河川區
萬華區,青年,2,754,0,河川區
萬華區,青年,2,755,0,河川區
萬華區,青年,2,773,0,河川區
萬華區,青年,2,788,0,河川區
萬華區,青年,2,795,0,河川區
萬華區,青年,2,813,0,河川區
萬華區,青年,2,814,0,河川區
萬華區,青年,2,828,0,河川區
萬華區,青年,2,829,0,河川區
萬華區,青年,2,830,0,河川區
萬華區,青年,2,846,0,河川區
萬華區,青年,2,847,0,河川區
萬華區,青年,2,848,0,河川區
萬華區,青年,2,851,0,河川區
萬華區,青年,2,867,0,河川區
萬華區,青年,2,869,0,河川區
萬華區,莒光,1,311,0,道路用地(公共設施用地)
萬華區,莒光,1,311,1,道路用地(公共設施用地)
萬華區,莒光,1,311,2,道路用地(公共設施用地)
萬華區,莒光,1,311,3,第三種住宅區
萬華區,莒光,1,311,4,第三之一種住宅區
萬華區,莒光,1,311,8,第三種住宅區
萬華區,莒光,1,311,9,第三種住宅區
萬華區,莒光,1,312,0,第三種住宅區
萬華區,莒光,1,312,1,第三種住宅區
萬華區,莒光,1,313,0,第三種住宅區
萬華區,莒光,1,315,0,第三種住宅區
萬華區,莒光,1,316,0,第三種住宅區
萬華區,莒光,1,317,0,第三種住宅區
萬華區,莒光,1,318,0,第三種住宅區
萬華區,莒光,1,318,1,停車場用地(公共設施用地)
萬華區,莒光,1,319,0,第三種住宅區
萬華區,莒光,1,321,0,第三種住宅區
萬華區,莒光,1,322,0,第三種住宅區
萬華區,莒光,1,329,0,第三種住宅區
萬華區,莒光,1,331,0,第三種住宅區
萬華區,莒光,1,331,1,第三種住宅區
萬華區,莒光,1,332,0,第三種住宅區
萬華區,莒光,1,335,0,第三種住宅區
萬華區,莒光,1,336,0,第三種住宅區
萬華區,莒光,1,338,0,第三之一種住宅區
萬華區,莒光,1,339,0,第三之一種住宅區
萬華區,莒光,1,340,0,第三之一種住宅區
萬華區,莒光,1,341,0,第三之一種住宅區
萬華區,莒光,1,342,0,第三之一種住宅區
萬華區,莒光,1,343,0,第三之一種住宅區
萬華區,莒光,1,344,0,第三之一種住宅區
萬華區,莒光,1,345,0,第三之一種住宅區
萬華區,莒光,1,347,0,第三之一種住宅區
萬華區,莒光,1,350,0,第三之一種住宅區
萬華區,莒光,1,350,1,道路用地(公共設施用地)
萬華區,莒光,1,350,2,停車場用地(公共設施用地)
萬華區,莒光,1,350,4,道路用地(公共設施用地)
萬華區,莒光,1,351,0,第三之一種住宅區
萬華區,莒光,1,352,0,第三之一種住宅區
萬華區,莒光,1,353,0,第三之一種住宅區
萬華區,莒光,1,354,0,第三種住宅區
萬華區,莒光,1,354,1,第三之一種住宅區
萬華區,莒光,1,354,2,第三之一種住宅區
萬華區,莒光,1,355,2,道路用地(公共設施用地)
萬華區,莒光,1,355,3,第三之一種住宅區
萬華區,莒光,1,356,0,第三種住宅區
萬華區,莒光,1,356,1,道路用地(公共設施用地)
萬華區,莒光,1,356,2,第三種住宅區
萬華區,莒光,1,356,3,道路用地(公共設施用地)
萬華區,莒光,1,356,4,第三之一種住宅區
萬華區,莒光,1,356,5,第三種住宅區
萬華區,莒光,1,357,0,停車場用地(公共設施用地)
萬華區,莒光,1,357,1,道路用地(公共設施用地)
萬華區,莒光,1,358,0,第三種住宅區
萬華區,莒光,1,358,6,第三種住宅區
萬華區,莒光,1,358,7,第三種住宅區
萬華區,莒光,1,358,8,第三種住宅區
萬華區,莒光,1,358,9,第三種住宅區
萬華區,莒光,1,358,10,第三種住宅區
萬華區,莒光,1,358,11,第三種住宅區
萬華區,莒光,1,358,12,第三種住宅區
萬華區,莒光,1,358,13,第三種住宅區
萬華區,莒光,1,358,14,第三種住宅區
萬華區,莒光,1,358,18,第三種住宅區
萬華區,莒光,1,358,19,第三種住宅區
萬華區,莒光,1,358,20,第三種住宅區
萬華區,莒光,1,358,21,第三種住宅區
萬華區,莒光,1,358,22,第三種住宅區
萬華區,莒光,1,358,23,第三種住宅區
萬華區,莒光,1,358,24,第三種住宅區
萬華區,莒光,1,358,25,第三種住宅區
萬華區,莒光,1,358,26,第三種住宅區
萬華區,莒光,1,358,27,第三種住宅區
萬華區,莒光,1,358,28,第三種住宅區
萬華區,莒光,1,358,29,第三種住宅區
萬華區,莒光,1,358,30,第三種住宅區
萬華區,莒光,1,358,31,第三種住宅區
萬華區,莒光,1,358,32,第三種住宅區
萬華區,莒光,1,358,33,第三種住宅區
萬華區,莒光,1,358,34,第三種住宅區
萬華區,莒光,1,358,35,道路用地(公共設施用地)
萬華區,莒光,1,358,36,第三種住宅區
萬華區,莒光,1,358,37,第三種住宅區
萬華區,莒光,1,358,38,第三種住宅區
萬華區,莒光,1,359,0,第三種住宅區
萬華區,莒光,1,359,1,道路用地(公共設施用地)
萬華區,莒光,1,376,0,第三種住宅區
萬華區,莒光,1,376,1,道路用地(公共設施用地)
萬華區,莒光,1,376,2,第三之一種住宅區
萬華區,莒光,1,377,1,道路用地(公共設施用地)
萬華區,莒光,1,378,0,道路用地(公共設施用地)
萬華區,莒光,1,379,0,第三種住宅區
萬華區,莒光,1,379,1,第三之一種住宅區
萬華區,莒光,1,380,0,第三種住宅區
萬華區,莒光,1,380,1,第三之一種住宅區
萬華區,莒光,1,381,0,道路用地(公共設施用地)
萬華區,莒光,1,382,0,第三種住宅區
萬華區,莒光,1,382,1,道路用地(公共設施用地)
萬華區,莒光,1,383,0,第三種住宅區
萬華區,莒光,1,383,1,第三之一種住宅區
萬華區,莒光,1,384,0,第三之一種住宅區
萬華區,莒光,1,385,0,第三之一種住宅區
萬華區,莒光,1,386,0,第三之一種住宅區
萬華區,莒光,1,386,1,第三之一種住宅區
萬華區,莒光,1,387,0,第三之一種住宅區
萬華區,莒光,1,387,1,第三之一種住宅區
萬華區,莒光,1,388,0,第三之一種住宅區
萬華區,莒光,1,388,1,第三之一種住宅區
萬華區,莒光,1,391,0,第三之一種住宅區
萬華區,莒光,1,392,0,第三之一種住宅區
萬華區,莒光,1,393,0,第三之一種住宅區
萬華區,莒光,1,394,0,第三之一種住宅區
萬華區,莒光,1,395,0,第三之一種住宅區
萬華區,莒光,1,395,1,第三之一種住宅區
萬華區,莒光,1,396,0,第三之一種住宅區
萬華區,莒光,1,396,1,第三之一種住宅區
萬華區,莒光,1,397,0,第三之一種住宅區
萬華區,莒光,1,397,1,第三之一種住宅區
萬華區,莒光,1,398,0,第三之一種住宅區
萬華區,莒光,1,399,0,第三之一種住宅區
萬華區,莒光,1,400,0,第三之一種住宅區
萬華區,莒光,1,404,0,第三之一種住宅區
萬華區,莒光,1,404,2,道路用地(公共設施用地)
萬華區,莒光,1,407,0,"第三種住宅區,但是否在道路用地(公共設施用地)(應依建築線或俟地籍測量分割後,再確定)"
萬華區,莒光,1,407,1,"第三種住宅區,但是否在道路用地(公共設施用地)(應依建築線或俟地籍測量分割後,再確定)"
萬華區,莒光,1,407,2,道路用地(公共設施用地)
萬華區,莒光,1,407,3,道路用地(公共設施用地)
萬華區,莒光,1,407,4,"第三種住宅區,但是否在道路用地(公共設施用地)(應依建築線或俟地籍測量分割後,再確定)"
萬華區,莒光,1,407,5,道路用地(公共設施用地)
萬華區,莒光,1,407,6,道路用地(公共設施用地)
萬華區,莒光,1,407,7,第三之一種住宅區
萬華區,莒光,1,408,0,第三種住宅區
萬華區,莒光,1,408,1,第三之一種住宅區
萬華區,莒光,1,408,2,第三之一種住宅區
萬華區,莒光,1,408,3,第三之一種住宅區
萬華區,莒光,1,408,4,第三之一種住宅區
萬華區,莒光,1,408,6,道路用地(公共設施用地)
萬華區,莒光,1,408,8,第三之一種住宅區
萬華區,莒光,1,408,9,第三之一種住宅區
萬華區,莒光,1,408,10,第三之一種住宅區
萬華區,莒光,1,408,12,第三之一種住宅區
萬華區,莒光,1,409,0,第三種住宅區
萬華區,莒光,1,409,1,道路用地(公共設施用地)
萬華區,莒光,1,410,0,第三種住宅區
萬華區,莒光,1,411,0,第三種住宅區
萬華區,莒光,1,412,0,第三種住宅區
萬華區,莒光,1,413,0,第三種住宅區
萬華區,莒光,1,414,0,第三種住宅區
萬華區,莒光,1,415,0,第三種住宅區
萬華區,莒光,1,415,1,第三種住宅區
萬華區,莒光,1,415,2,道路用地(公共設施用地)
萬華區,莒光,1,415,3,道路用地(公共設施用地)
萬華區,莒光,1,415,4,道路用地(公共設施用地)
萬華區,莒光,1,415,5,道路用地(公共設施用地)
萬華區,莒光,1,416,0,第三種住宅區
萬華區,莒光,1,416,1,第三種住宅區
萬華區,莒光,1,416,2,道路用地(公共設施用地)
萬華區,莒光,1,416,3,道路用地(公共設施用地)
萬華區,莒光,1,416,4,道路用地(公共設施用地)
萬華區,莒光,1,416,5,道路用地(公共設施用地)
萬華區,莒光,1,417,0,第三種住宅區
萬華區,莒光,1,417,1,道路用地(公共設施用地)
萬華區,莒光,1,418,0,第三種住宅區
萬華區,莒光,1,418,1,道路用地(公共設施用地)
萬華區,莒光,1,418,2,第三種住宅區
萬華區,莒光,1,419,0,第三種住宅區
萬華區,莒光,1,420,0,第三種住宅區
萬華區,莒光,1,420,1,第三種住宅區
萬華區,莒光,1,420,2,第三種住宅區
萬華區,莒光,1,420,3,第三種住宅區
萬華區,莒光,1,420,5,道路用地(公共設施用地)
萬華區,莒光,1,420,6,第三種住宅區
萬華區,莒光,1,423,0,第三種住宅區
萬華區,莒光,1,428,1,道路用地(公共設施用地)
萬華區,莒光,1,429,1,道路用地(公共設施用地)
萬華區,莒光,1,430,1,道路用地(公共設施用地)
萬華區,莒光,1,448,1,道路用地(公共設施用地)
萬華區,莒光,1,449,0,第三種住宅區
萬華區,莒光,1,449,1,道路用地(公共設施用地)
萬華區,莒光,1,450,0,第三種住宅區
萬華區,莒光,1,451,0,第三種住宅區
萬華區,莒光,1,452,0,第三種住宅區
萬華區,莒光,1,453,0,第三種住宅區
萬華區,莒光,1,454,0,第三種住宅區
萬華區,莒光,1,455,0,第三種住宅區
萬華區,莒光,1,456,0,第三種住宅區
萬華區,莒光,1,457,0,第三種住宅區
萬華區,莒光,1,458,0,第三種住宅區
萬華區,莒光,1,459,0,第三種住宅區
萬華區,莒光,1,460,0,第三種住宅區
萬華區,莒光,1,461,0,第三種住宅區
萬華區,莒光,1,462,0,第三種住宅區
萬華區,莒光,1,463,0,第三種住宅區
萬華區,莒光,1,464,0,第三種住宅區
萬華區,莒光,1,465,0,第三種住宅區
萬華區,莒光,1,466,0,第三種住宅區
萬華區,莒光,1,467,0,第三種住宅區
萬華區,莒光,1,467,1,道路用地(公共設施用地)
萬華區,莒光,1,468,0,道路用地(公共設施用地)
萬華區,莒光,1,469,0,道路用地(公共設施用地)
萬華區,莒光,1,470,0,第三種住宅區
萬華區,莒光,1,471,0,第三種住宅區
萬華區,莒光,1,472,0,第三種住宅區
萬華區,莒光,1,473,0,第三種住宅區
萬華區,莒光,1,474,0,第三種住宅區
萬華區,莒光,1,474,1,第三種住宅區
萬華區,莒光,1,474,2,第三種住宅區
萬華區,莒光,1,474,3,道路用地(公共設施用地)
萬華區,莒光,1,475,0,第三種住宅區
萬華區,莒光,1,475,1,道路用地(公共設施用地)
萬華區,莒光,1,476,0,第三種住宅區
萬華區,莒光,1,477,0,第三種住宅區
萬華區,莒光,1,478,0,第三種住宅區
萬華區,莒光,1,482,0,第三種住宅區
萬華區,莒光,1,482,1,第三種住宅區
萬華區,莒光,1,483,1,第三種住宅區
萬華區,莒光,1,484,0,第三種住宅區
萬華區,莒光,1,494,0,第三種住宅區
萬華區,莒光,1,502,0,道路用地(公共設施用地)
萬華區,莒光,1,503,1,"道路用地(公共設施用地),但是否在第三種住宅區(應依建築線或俟地籍測量分割後,再確定)"
萬華區,莒光,1,504,0,第三種住宅區
萬華區,莒光,1,504,1,道路用地(公共設施用地)
萬華區,莒光,1,505,0,"道路用地(公共設施用地),但是否在第三種住宅區(應依建築線或俟地籍測量分割後,再確定)"
萬華區,莒光,1,506,0,道路用地(公共設施用地)
萬華區,莒光,1,507,0,第三種住宅區
萬華區,莒光,1,507,1,道路用地(公共設施用地)
萬華區,莒光,1,508,0,第三種住宅區
萬華區,莒光,1,508,1,道路用地(公共設施用地)
萬華區,莒光,1,509,0,第三種住宅區
萬華區,莒光,1,509,1,道路用地(公共設施用地)
萬華區,莒光,1,510,0,第三種住宅區
萬華區,莒光,1,510,1,道路用地(公共設施用地)
萬華區,莒光,1,511,0,第三種住宅區
萬華區,莒光,1,511,1,道路用地(公共設施用地)
萬華區,莒光,1,511,2,道路用地(公共設施用地)
萬華區,莒光,1,511,3,道路用地(公共設施用地)
萬華區,莒光,1,511,4,道路用地(公共設施用地)
萬華區,莒光,1,512,0,第三種住宅區
萬華區,莒光,1,512,1,道路用地(公共設施用地)
萬華區,莒光,1,513,0,第三種住宅區
萬華區,莒光,1,513,1,道路用地(公共設施用地)
萬華區,莒光,1,514,0,第三種住宅區
萬華區,莒光,1,515,0,道路用地(公共設施用地)
萬華區,莒光,1,516,0,道路用地(公共設施用地)
萬華區,莒光,1,517,0,第三種住宅區
萬華區,莒光,1,518,0,第三種住宅區
萬華區,莒光,1,519,0,道路用地(公共設施用地)
萬華區,莒光,1,520,0,第三種住宅區
萬華區,莒光,1,521,0,第三種住宅區
萬華區,莒光,1,521,1,道路用地(公共設施用地)
萬華區,莒光,1,521,2,第三種住宅區
萬華區,莒光,1,521,3,第三種住宅區
萬華區,莒光,1,521,4,第三種住宅區
萬華區,莒光,1,521,5,第三種住宅區
萬華區,莒光,1,522,0,第三種住宅區
萬華區,莒光,1,522,1,道路用地(公共設施用地)
萬華區,莒光,1,522,2,第三種住宅區
萬華區,莒光,1,523,0,第三種住宅區
萬華區,莒光,1,524,0,第三種住宅區
萬華區,莒光,1,524,1,道路用地(公共設施用地)
萬華區,莒光,1,524,2,第三種住宅區
萬華區,莒光,1,524,3,道路用地(公共設施用地)
萬華區,莒光,1,525,0,第三種住宅區
萬華區,莒光,1,525,1,道路用地(公共設施用地)
萬華區,莒光,1,526,0,道路用地(公共設施用地)
萬華區,莒光,1,527,0,第三種住宅區
萬華區,莒光,1,528,0,第三種住宅區
萬華區,莒光,1,528,1,道路用地(公共設施用地)
萬華區,莒光,1,528,2,第三種住宅區
萬華區,莒光,1,528,3,第三種住宅區
萬華區,莒光,1,529,0,道路用地(公共設施用地)
萬華區,莒光,1,530,0,第三種住宅區
萬華區,莒光,1,531,0,第三種住宅區
萬華區,莒光,1,532,0,道路用地(公共設施用地)
萬華區,莒光,1,533,0,道路用地(公共設施用地)
萬華區,莒光,1,534,0,第三種住宅區
萬華區,莒光,1,535,0,第三種住宅區
萬華區,莒光,1,535,1,道路用地(公共設施用地)
萬華區,莒光,1,536,0,第三種住宅區
萬華區,莒光,1,536,1,道路用地(公共設施用地)
萬華區,莒光,1,537,0,第三種住宅區
萬華區,莒光,1,537,1,道路用地(公共設施用地)
萬華區,莒光,1,537,2,第三種住宅區
萬華區,莒光,1,537,3,道路用地(公共設施用地)
萬華區,莒光,1,537,4,道路用地(公共設施用地)
萬華區,莒光,1,537,5,道路用地(公共設施用地)
萬華區,莒光,1,538,0,第三種住宅區及道路用地(公共設施用地)
萬華區,莒光,1,538,3,道路用地(公共設施用地)
萬華區,莒光,1,539,0,第三種住宅區
萬華區,莒光,1,540,0,第三種住宅區
萬華區,莒光,1,541,0,第三種住宅區
萬華區,莒光,1,542,0,第三種住宅區
萬華區,莒光,1,543,0,第三種住宅區
萬華區,莒光,1,545,0,第三種住宅區
萬華區,莒光,1,545,2,第三之一種住宅區
萬華區,莒光,1,546,0,第三種住宅區
萬華區,莒光,1,547,0,第三種住宅區
萬華區,莒光,1,547,1,第三之一種住宅區
萬華區,莒光,1,549,0,"第三種住宅區,但是否在道路用地(公共設施用地)(應依建築線或俟地籍測量分割後,再確定)"
萬華區,莒光,1,549,1,第三之一種住宅區
萬華區,莒光,1,549,2,第三種住宅區
萬華區,莒光,1,550,2,道路用地(公共設施用地)
萬華區,莒光,1,550,3,道路用地(公共設施用地)
萬華區,莒光,1,551,0,道路用地(公共設施用地)
萬華區,莒光,1,560,0,第三之一種住宅區
萬華區,莒光,1,561,0,第三之一種住宅區
萬華區,莒光,1,561,2,第三之一種住宅區
萬華區,莒光,1,562,0,第三種住宅區
萬華區,莒光,1,562,2,第三種住宅區
萬華區,莒光,1,562,3,第三之一種住宅區
萬華區,莒光,1,564,2,第三種住宅區
萬華區,莒光,1,566,1,道路用地(公共設施用地)
萬華區,莒光,1,568,0,第三種住宅區
萬華區,莒光,1,569,0,道路用地(公共設施用地)
萬華區,莒光,1,572,0,第三種住宅區
萬華區,莒光,1,573,0,第三種住宅區
萬華區,莒光,1,574,0,第三種住宅區
萬華區,莒光,1,575,0,第三種住宅區
萬華區,莒光,1,576,0,第三種住宅區
萬華區,莒光,1,577,0,第三種住宅區
萬華區,莒光,1,578,0,第三種住宅區
萬華區,莒光,1,579,0,第三種住宅區
萬華區,莒光,1,580,0,第三種住宅區
萬華區,莒光,1,580,1,道路用地(公共設施用地)
萬華區,莒光,1,580,2,第三種住宅區
萬華區,莒光,1,581,0,第三種住宅區
萬華區,莒光,1,582,0,第三種住宅區
萬華區,莒光,1,582,1,第三種住宅區
萬華區,莒光,1,582,2,第三種住宅區
萬華區,莒光,1,582,4,第三之一種住宅區
萬華區,莒光,1,585,0,第三之一種住宅區
萬華區,莒光,1,586,0,第三之一種住宅區
萬華區,莒光,1,587,0,第三之一種住宅區
萬華區,莒光,1,588,0,第三之一種住宅區
萬華區,莒光,1,589,0,第三之一種住宅區
萬華區,莒光,1,590,0,第三種住宅區
萬華區,莒光,1,590,1,第三之一種住宅區
萬華區,莒光,1,591,0,第三種住宅區
萬華區,莒光,1,591,1,第三之一種住宅區
萬華區,莒光,1,592,0,第三種住宅區
萬華區,莒光,1,593,0,第三種住宅區
萬華區,莒光,1,594,0,第三種住宅區
萬華區,莒光,1,595,0,第三種住宅區
萬華區,莒光,1,597,0,第三種住宅區
萬華區,莒光,1,598,0,第三種住宅區
萬華區,莒光,1,599,0,第三種住宅區
萬華區,莒光,1,600,0,第三種住宅區
萬華區,莒光,1,601,0,第三種住宅區
萬華區,莒光,1,602,0,第三種住宅區
萬華區,莒光,1,604,0,第三種住宅區
萬華區,莒光,1,604,1,第三種住宅區
萬華區,莒光,1,604,4,道路用地(公共設施用地)
萬華區,莒光,1,604,6,道路用地(公共設施用地)
萬華區,莒光,1,604,7,道路用地(公共設施用地)
萬華區,莒光,1,604,8,第三種住宅區
萬華區,莒光,1,604,9,第三種住宅區
萬華區,莒光,1,604,10,第三種住宅區
萬華區,莒光,1,604,11,道路用地(公共設施用地)
萬華區,莒光,1,604,12,第三種住宅區
萬華區,莒光,1,604,13,道路用地(公共設施用地)
萬華區,莒光,1,604,14,第三種住宅區
萬華區,莒光,1,604,15,第三種住宅區
萬華區,莒光,1,604,16,第三種住宅區
萬華區,莒光,1,604,19,第三種住宅區
萬華區,莒光,1,604,24,停車場用地(公共設施用地)
萬華區,莒光,1,604,25,第三種住宅區
萬華區,莒光,1,604,26,第三種住宅區
萬華區,莒光,1,604,27,第三之一種住宅區
萬華區,莒光,1,605,0,第三種住宅區
萬華區,莒光,1,605,1,道路用地(公共設施用地)
萬華區,莒光,1,610,0,第三種住宅區
萬華區,莒光,1,610,1,道路用地(公共設施用地)
萬華區,莒光,1,611,1,道路用地(公共設施用地)
萬華區,莒光,1,612,0,第三種住宅區
萬華區,莒光,1,614,0,第三種住宅區
萬華區,莒光,1,614,1,第三之一種住宅區
萬華區,莒光,1,615,0,第三種住宅區
萬華區,莒光,1,616,0,第三種住宅區
萬華區,莒光,1,617,0,第三種住宅區
萬華區,莒光,1,617,1,第三之一種住宅區
萬華區,莒光,1,618,0,第三之一種住宅區
萬華區,莒光,1,619,0,第三之一種住宅區
萬華區,莒光,1,620,0,第三之一種住宅區
萬華區,莒光,1,621,0,第三之一種住宅區
萬華區,莒光,1,622,0,第三之一種住宅區
萬華區,莒光,1,622,1,第三之一種住宅區
萬華區,莒光,1,623,0,第三之一種住宅區
萬華區,莒光,1,626,0,道路用地(公共設施用地)
萬華區,莒光,1,627,0,第三種住宅區
萬華區,莒光,1,627,1,第三種住宅區
萬華區,莒光,1,627,2,第三種住宅區
萬華區,莒光,1,627,3,第三種住宅區
萬華區,莒光,1,627,4,第三種住宅區
萬華區,莒光,1,627,5,第三種住宅區
萬華區,莒光,1,627,6,第三種住宅區
萬華區,莒光,1,627,7,第三種住宅區
萬華區,莒光,1,627,8,第三種住宅區
萬華區,莒光,1,627,9,第三種住宅區
萬華區,莒光,1,627,10,第三種住宅區
萬華區,莒光,1,627,11,第三種住宅區
萬華區,莒光,1,627,12,第三種住宅區
萬華區,莒光,1,627,13,第三種住宅區
萬華區,莒光,1,627,14,第三種住宅區
萬華區,莒光,1,627,15,第三種住宅區
萬華區,莒光,1,627,16,第三種住宅區
萬華區,莒光,1,627,17,第三種住宅區
萬華區,莒光,1,627,18,第三種住宅區
萬華區,莒光,1,627,19,第三種住宅區
萬華區,莒光,1,628,0,第三種住宅區
萬華區,莒光,1,629,0,第三種住宅區
萬華區,莒光,1,630,0,第三種住宅區
萬華區,莒光,1,634,0,第三種住宅區
萬華區,莒光,1,635,0,第三種住宅區
萬華區,莒光,1,636,0,第三種住宅區
萬華區,莒光,1,637,0,第三種住宅區
萬華區,莒光,1,638,0,第三種住宅區
萬華區,莒光,1,638,1,第三種住宅區
萬華區,莒光,1,638,2,第三種住宅區
萬華區,莒光,1,639,0,第三種住宅區
萬華區,莒光,1,640,0,第三種住宅區
萬華區,莒光,1,641,0,第三種住宅區
萬華區,莒光,1,642,0,第三種住宅區
萬華區,莒光,1,643,0,第三種住宅區
萬華區,莒光,1,644,0,第三種住宅區
萬華區,莒光,1,644,1,道路用地(公共設施用地)
萬華區,莒光,1,645,0,第三種住宅區
萬華區,莒光,1,645,1,道路用地(公共設施用地)
萬華區,莒光,1,646,0,第三種住宅區
萬華區,莒光,1,647,0,第三種住宅區
萬華區,莒光,1,648,0,第三種住宅區
萬華區,莒光,1,648,1,道路用地(公共設施用地)
萬華區,莒光,1,649,0,第三種住宅區
萬華區,莒光,1,649,1,道路用地(公共設施用地)
萬華區,莒光,1,650,0,第三種住宅區
萬華區,莒光,1,651,0,第三種住宅區
萬華區,莒光,1,652,0,第三種住宅區
萬華區,莒光,1,652,1,道路用地(公共設施用地)
萬華區,莒光,1,653,0,第三種住宅區
萬華區,莒光,1,655,0,第三種住宅區
萬華區,莒光,1,655,1,道路用地(公共設施用地)
萬華區,莒光,1,656,0,第三種住宅區
萬華區,莒光,1,659,0,第三種住宅區
萬華區,莒光,1,659,1,道路用地(公共設施用地)
萬華區,莒光,1,660,0,第三種住宅區
萬華區,莒光,1,660,1,道路用地(公共設施用地)
萬華區,莒光,1,663,0,第三種住宅區
萬華區,莒光,1,663,1,道路用地(公共設施用地)
萬華區,莒光,1,664,0,第三種住宅區
萬華區,莒光,1,665,0,第三種住宅區
萬華區,莒光,1,666,0,第三種住宅區
萬華區,莒光,1,669,0,第三種住宅區
萬華區,莒光,1,675,1,第三種住宅區
萬華區,莒光,1,677,0,第三種住宅區
萬華區,莒光,1,678,1,第三種住宅區
萬華區,莒光,1,679,1,第三種住宅區
萬華區,莒光,1,679,5,第三種住宅區
萬華區,莒光,1,690,0,第三種住宅區
萬華區,莒光,1,693,0,道路用地(公共設施用地)
萬華區,莒光,1,694,0,第三種住宅區
萬華區,莒光,1,694,1,道路用地(公共設施用地)
萬華區,莒光,1,695,0,第三種住宅區
萬華區,莒光,1,695,1,道路用地(公共設施用地)
萬華區,莒光,1,697,0,第三種住宅區
萬華區,莒光,1,699,0,第三種住宅區
萬華區,莒光,1,702,0,第三種住宅區
萬華區,莒光,1,703,0,第三種住宅區
萬華區,莒光,1,704,0,第三種住宅區
萬華區,莒光,1,704,1,第三種住宅區
萬華區,莒光,1,705,0,道路用地(公共設施用地)
萬華區,莒光,1,706,0,第三種住宅區
萬華區,莒光,1,707,0,第三種住宅區
萬華區,莒光,1,708,0,道路用地(公共設施用地)
萬華區,莒光,1,709,0,道路用地(公共設施用地)
萬華區,莒光,1,710,0,第三種住宅區
萬華區,莒光,1,711,0,第三種住宅區
萬華區,莒光,1,712,0,第三種住宅區
萬華區,莒光,1,713,0,第三種住宅區
萬華區,莒光,1,714,0,第三種住宅區
萬華區,莒光,1,715,0,第三種住宅區
萬華區,莒光,1,717,0,第三種住宅區
萬華區,莒光,1,718,0,第三種住宅區
萬華區,莒光,1,719,0,"道路用地(公共設施用地),但是否在第三種住宅區(應依建築線或俟地籍測量分割後,再確定)"
萬華區,莒光,1,720,0,道路用地(公共設施用地)
萬華區,莒光,1,721,0,第三種住宅區
萬華區,莒光,1,721,3,第三種住宅區
萬華區,莒光,1,722,0,第三種住宅區
萬華區,莒光,1,723,0,第三種住宅區
萬華區,莒光,1,724,0,第三種住宅區
萬華區,莒光,1,725,0,第三種住宅區
萬華區,莒光,1,726,0,第三種住宅區
萬華區,莒光,1,727,0,第三種住宅區
萬華區,莒光,1,728,0,第三種住宅區
萬華區,莒光,1,729,0,第三種住宅區
萬華區,莒光,1,730,0,第三種住宅區
萬華區,莒光,1,731,0,第三種住宅區
萬華區,莒光,1,732,0,第三種住宅區
萬華區,莒光,1,733,0,第三種住宅區
萬華區,莒光,1,734,0,第三種住宅區
萬華區,莒光,1,735,0,第三種住宅區
萬華區,莒光,1,736,0,第三種住宅區
萬華區,莒光,1,737,0,第三種住宅區
萬華區,莒光,1,737,1,第三之一種住宅區
萬華區,莒光,1,738,0,第三種住宅區
萬華區,莒光,1,738,1,第三之一種住宅區
萬華區,莒光,1,739,0,第三種住宅區
萬華區,莒光,1,739,1,第三之一種住宅區
萬華區,莒光,1,740,0,第三之一種住宅區
萬華區,莒光,1,741,0,第三之一種住宅區
萬華區,莒光,1,741,1,第三之一種住宅區
萬華區,莒光,1,741,2,第三之一種住宅區
萬華區,莒光,1,741,3,第三之一種住宅區
萬華區,莒光,1,741,4,第三之一種住宅區
萬華區,莒光,1,742,0,第三之一種住宅區
萬華區,莒光,1,742,1,第三之一種住宅區
萬華區,莒光,1,743,1,第三之一種住宅區
萬華區,莒光,1,744,1,第三之一種住宅區
萬華區,莒光,1,745,1,第三之一種住宅區
萬華區,莒光,1,746,0,第三之一種住宅區
萬華區,莒光,1,747,0,第三之一種住宅區
萬華區,莒光,1,748,0,第三之一種住宅區
萬華區,莒光,1,749,0,第三之一種住宅區
萬華區,莒光,1,750,0,第三之一種住宅區
萬華區,莒光,1,751,0,第三之一種住宅區
萬華區,莒光,1,752,0,第三之一種住宅區
萬華區,莒光,1,759,0,第三之一種住宅區
萬華區,莒光,1,759,1,第三之一種住宅區
萬華區,莒光,1,760,0,第三種住宅區
萬華區,莒光,1,760,1,第三之一種住宅區
萬華區,莒光,1,763,3,第三之一種住宅區
萬華區,莒光,1,770,0,第三種住宅區
萬華區,莒光,1,771,0,第三種住宅區
萬華區,莒光,1,773,0,道路用地(公共設施用地)
萬華區,莒光,1,776,1,道路用地(公共設施用地)
萬華區,莒光,1,780,0,道路用地(公共設施用地)
萬華區,莒光,1,782,0,第三之一種住宅區
萬華區,莒光,1,782,1,道路用地(公共設施用地)
萬華區,莒光,1,782,2,道路用地(公共設施用地)
萬華區,莒光,1,782,4,道路用地(公共設施用地)
萬華區,莒光,1,782,10,第三種住宅區
萬華區,莒光,1,783,1,道路用地(公共設施用地)
萬華區,莒光,1,783,2,第三種住宅區
萬華區,莒光,1,784,0,第三種住宅區
萬華區,莒光,1,784,1,道路用地(公共設施用地)
萬華區,莒光,1,785,0,第三種住宅區
萬華區,莒光,1,785,1,第三之一種住宅區
萬華區,莒光,1,786,1,第三種住宅區
萬華區,莒光,1,788,1,第三種住宅區
萬華區,莒光,1,791,0,第三種住宅區
萬華區,莒光,1,794,0,第三種住宅區
萬華區,莒光,1,794,1,第三之一種住宅區
萬華區,莒光,1,797,0,第三之一種住宅區
萬華區,莒光,1,798,0,第三之一種住宅區
萬華區,莒光,1,799,0,第三之一種住宅區
萬華區,莒光,1,800,0,第三之一種住宅區
萬華區,莒光,1,813,0,第三之一種住宅區
萬華區,莒光,1,814,0,道路用地(公共設施用地)
萬華區,莒光,2,1,0,道路用地(公共設施用地)
萬華區,莒光,2,1,1,道路用地(公共設施用地)
萬華區,莒光,2,2,0,道路用地(公共設施用地)
萬華區,莒光,2,2,1,道路用地(公共設施用地)
萬華區,莒光,2,2,2,道路用地(公共設施用地)
萬華區,莒光,2,3,0,"第參種商業區(依都市計畫說明書圖規定辦理,始得作第參種商業區使用)(原屬第參種住宅區及第參之壹種住宅區)"
萬華區,莒光,2,3,1,道路用地(公共設施用地)
萬華區,莒光,2,4,0,"第參種商業區(依都市計畫說明書圖規定辦理,始得作第參種商業區使用)(原屬第參之壹種住宅區)"
萬華區,莒光,2,5,0,"第參種商業區(依都市計畫說明書圖規定辦理,始得作第參種商業區使用)(原屬第參之壹種住宅區)"
萬華區,莒光,2,6,0,"第參種商業區(依都市計畫說明書圖規定辦理,始得作第參種商業區使用)(原屬第參之壹種住宅區)"
萬華區,莒光,2,7,0,"第參種商業區(依都市計畫說明書圖規定辦理,始得作第參種商業區使用)(原屬第參之壹種住宅區)"
萬華區,莒光,2,8,0,"第參種商業區(依都市計畫說明書圖規定辦理,始得作第參種商業區使用)(原屬第參之壹種住宅區)"
萬華區,莒光,2,9,0,"第參種商業區(依都市計畫說明書圖規定辦理,始得作第參種商業區使用)(原屬第參之壹種住宅區)"
萬華區,莒光,2,10,0,"第參種商業區(依都市計畫說明書圖規定辦理,始得作第參種商業區使用)(原屬第參之壹種住宅區)"
萬華區,莒光,2,11,0,"第參種商業區(依都市計畫說明書圖規定辦理,始得作第參種商業區使用)(原屬第參之壹種住宅區)"
萬華區,莒光,2,12,0,"第參種商業區(依都市計畫說明書圖規定辦理,始得作第參種商業區使用)(原屬第參之壹種住宅區)"
萬華區,莒光,2,14,0,"第參種商業區(依都市計畫說明書圖規定辦理,始得作第參種商業區使用)(原屬第參之壹種住宅區)"
萬華區,莒光,2,15,0,"第參種商業區(依都市計畫說明書圖規定辦理,始得作第參種商業區使用)(原屬第參之壹種住宅區)"
萬華區,莒光,2,15,1,道路用地(公共設施用地)
萬華區,莒光,2,15,2,"第參種商業區(依都市計畫說明書圖規定辦理,始得作第參種商業區使用)(原屬第參種住宅區)"
萬華區,莒光,2,16,0,"第參種商業區(依都市計畫說明書圖規定辦理,始得作第參種商業區使用)(原屬第參種住宅區)"
萬華區,莒光,2,16,2,"道路用地(公共設施用地),但是否在第參種商業區(依都市計畫說明書圖規定辦理,始得作第參種商業區使用)(原屬第參種住宅區,應依建築線或俟地籍測量分割後,再確定)"
萬華區,莒光,2,17,0,道路用地(公共設施用地)
萬華區,莒光,2,17,1,道路用地(公共設施用地)
萬華區,莒光,2,18,0,道路用地(公共設施用地)
萬華區,莒光,2,18,1,交通用地(公共設施用地)
萬華區,莒光,2,18,2,道路用地(公共設施用地)
萬華區,莒光,2,18,3,道路用地(公共設施用地)
萬華區,莒光,2,18,4,交通用地(公共設施用地)
萬華區,莒光,2,19,0,道路用地(公共設施用地)
萬華區,莒光,2,20,0,交通用地(公共設施用地)
萬華區,莒光,2,20,1,道路用地(公共設施用地)
萬華區,莒光,2,21,0,交通用地(公共設施用地)
萬華區,莒光,2,22,0,交通用地(公共設施用地)
萬華區,莒光,2,23,0,交通用地(公共設施用地)
萬華區,莒光,2,24,0,交通用地(公共設施用地)
萬華區,莒光,2,25,0,交通用地(公共設施用地)
萬華區,莒光,2,26,0,交通用地(公共設施用地)
萬華區,莒光,2,26,1,道路用地(公共設施用地)
萬華區,莒光,2,26,2,交通用地(公共設施用地)
萬華區,莒光,2,27,0,道路用地(公共設施用地)
萬華區,莒光,2,27,1,交通用地(公共設施用地)
萬華區,莒光,2,27,2,道路用地(公共設施用地)
萬華區,莒光,2,27,3,交通用地(公共設施用地)
萬華區,莒光,2,28,0,道路用地(公共設施用地)
萬華區,莒光,2,28,1,道路用地(公共設施用地)
萬華區,莒光,2,28,2,道路用地(公共設施用地)
萬華區,莒光,2,29,0,道路用地(公共設施用地)
萬華區,莒光,2,29,1,第三種住宅區
萬華區,莒光,2,29,2,第三種住宅區
萬華區,莒光,2,29,4,第三種住宅區
萬華區,莒光,2,29,5,第三種住宅區
萬華區,莒光,2,30,0,道路用地(公共設施用地)
萬華區,莒光,2,30,1,第三種住宅區
萬華區,莒光,2,30,2,道路用地(公共設施用地)
萬華區,莒光,2,30,3,第三種住宅區
萬華區,莒光,2,31,0,第三種住宅區
萬華區,莒光,2,31,1,道路用地(公共設施用地)
萬華區,莒光,2,31,2,道路用地(公共設施用地)
萬華區,莒光,2,32,1,道路用地(公共設施用地)
萬華區,莒光,2,32,2,道路用地(公共設施用地)
萬華區,莒光,2,32,3,道路用地(公共設施用地)
萬華區,莒光,2,32,4,道路用地(公共設施用地)
萬華區,莒光,2,33,0,第三種住宅區
萬華區,莒光,2,33,1,道路用地(公共設施用地)
萬華區,莒光,2,35,0,第三種住宅區
萬華區,莒光,2,36,0,第三種住宅區
萬華區,莒光,2,36,1,道路用地(公共設施用地)
萬華區,莒光,2,36,2,道路用地(公共設施用地)
萬華區,莒光,2,37,0,第三種住宅區
萬華區,莒光,2,37,1,道路用地(公共設施用地)
萬華區,莒光,2,38,0,第三種住宅區
萬華區,莒光,2,38,1,道路用地(公共設施用地)
萬華區,莒光,2,39,0,第三種住宅區
萬華區,莒光,2,39,1,道路用地(公共設施用地)
萬華區,莒光,2,40,0,第三種住宅區
萬華區,莒光,2,41,0,第三種住宅區
萬華區,莒光,2,41,2,第三種住宅區
萬華區,莒光,2,41,3,第三種住宅區
萬華區,莒光,2,41,4,第三種住宅區
萬華區,莒光,2,42,0,第三種住宅區
萬華區,莒光,2,42,1,第三種住宅區
萬華區,莒光,2,43,0,第三種住宅區
萬華區,莒光,2,43,1,道路用地(公共設施用地)
萬華區,莒光,2,44,0,第三種住宅區
萬華區,莒光,2,44,1,道路用地(公共設施用地)
萬華區,莒光,2,45,0,第三種住宅區
萬華區,莒光,2,46,0,第三種住宅區及道路用地(公共設施用地)
萬華區,莒光,2,46,1,"道路用地(公共設施用地),但是否在第三種住宅區(應依建築線或俟地籍測量分割後,再確定)"
萬華區,莒光,2,47,0,道路用地(公共設施用地)
萬華區,莒光,2,48,0,第三種住宅區
萬華區,莒光,2,48,1,道路用地(公共設施用地)
萬華區,莒光,2,49,0,第三種住宅區
萬華區,莒光,2,49,1,道路用地(公共設施用地)
萬華區,莒光,2,50,0,第三種住宅區
萬華區,莒光,2,51,0,第三種住宅區
萬華區,莒光,2,52,0,第三種住宅區
萬華區,莒光,2,52,1,道路用地(公共設施用地)
萬華區,莒光,2,53,0,第三種住宅區
萬華區,莒光,2,53,1,道路用地(公共設施用地)
萬華區,莒光,2,54,0,第三種住宅區
萬華區,莒光,2,55,0,第三種住宅區
萬華區,莒光,2,55,1,道路用地(公共設施用地)
萬華區,莒光,2,56,0,第三種住宅區
萬華區,莒光,2,56,1,道路用地(公共設施用地)
萬華區,莒光,2,57,0,第三種住宅區
萬華區,莒光,2,57,1,道路用地(公共設施用地)
萬華區,莒光,2,58,0,第三種住宅區
萬華區,莒光,2,61,0,第三種住宅區
萬華區,莒光,2,62,0,第三種住宅區
萬華區,莒光,2,62,1,道路用地(公共設施用地)
萬華區,莒光,2,63,0,第三種住宅區
萬華區,莒光,2,63,1,道路用地(公共設施用地)
萬華區,莒光,2,64,0,第三種住宅區
萬華區,莒光,2,65,0,第三種住宅區
萬華區,莒光,2,65,1,道路用地(公共設施用地)
萬華區,莒光,2,66,0,第三種住宅區
萬華區,莒光,2,70,1,道路用地(公共設施用地)
萬華區,莒光,2,71,3,道路用地(公共設施用地)
萬華區,莒光,2,71,4,道路用地(公共設施用地)
萬華區,莒光,2,73,0,第三種住宅區
萬華區,莒光,2,73,1,道路用地(公共設施用地)
萬華區,莒光,2,74,0,第三種住宅區
萬華區,莒光,2,74,1,道路用地(公共設施用地)
萬華區,莒光,2,75,0,第三種住宅區
萬華區,莒光,2,75,1,道路用地(公共設施用地)
萬華區,莒光,2,76,0,第三種住宅區
萬華區,莒光,2,76,1,道路用地(公共設施用地)
萬華區,莒光,2,77,0,第三種住宅區
萬華區,莒光,2,77,1,道路用地(公共設施用地)
萬華區,莒光,2,77,2,道路用地(公共設施用地)
萬華區,莒光,2,78,0,"道路用地(公共設施用地),但是否在第三種住宅區(應依建築線或俟地籍測量分割後,再確定)"
萬華區,莒光,2,79,0,道路用地(公共設施用地)
萬華區,莒光,2,79,1,道路用地(公共設施用地)
萬華區,莒光,2,80,0,第三種住宅區
萬華區,莒光,2,80,1,第三種住宅區
萬華區,莒光,2,80,2,第三種住宅區
萬華區,莒光,2,80,3,第三種住宅區
萬華區,莒光,2,80,4,第三種住宅區
萬華區,莒光,2,80,5,第三種住宅區
萬華區,莒光,2,80,12,第三種住宅區
萬華區,莒光,2,80,13,第三種住宅區
萬華區,莒光,2,80,14,第三種住宅區
萬華區,莒光,2,80,15,第三種住宅區
萬華區,莒光,2,80,16,第三種住宅區
萬華區,莒光,2,80,17,第三種住宅區
萬華區,莒光,2,80,19,第三種住宅區
萬華區,莒光,2,80,20,第三種住宅區
萬華區,莒光,2,80,21,第三種住宅區
萬華區,莒光,2,80,22,第三種住宅區
萬華區,莒光,2,80,23,第三種住宅區
萬華區,莒光,2,80,24,第三種住宅區
萬華區,莒光,2,80,25,第三種住宅區
萬華區,莒光,2,80,26,第三種住宅區
萬華區,莒光,2,80,27,第三種住宅區
萬華區,莒光,2,80,28,第三種住宅區
萬華區,莒光,2,81,0,第三種住宅區
萬華區,莒光,2,81,1,道路用地(公共設施用地)
萬華區,莒光,2,82,0,道路用地(公共設施用地)
萬華區,莒光,2,82,1,第三種住宅區
萬華區,莒光,2,82,2,第三種住宅區
萬華區,莒光,2,82,3,第三種住宅區
萬華區,莒光,2,82,4,第三種住宅區
萬華區,莒光,2,82,5,第三種住宅區
萬華區,莒光,2,82,6,第三種住宅區
萬華區,莒光,2,82,7,第三種住宅區
萬華區,莒光,2,82,8,第三種住宅區
萬華區,莒光,2,82,9,第三種住宅區
萬華區,莒光,2,82,10,第三種住宅區
萬華區,莒光,2,82,11,第三種住宅區
萬華區,莒光,2,82,12,道路用地(公共設施用地)
萬華區,莒光,2,83,0,第三種住宅區
萬華區,莒光,2,83,1,道路用地(公共設施用地)
萬華區,莒光,2,84,0,第三種住宅區
萬華區,莒光,2,84,1,道路用地(公共設施用地)
萬華區,莒光,2,85,0,第三種住宅區
萬華區,莒光,2,85,1,道路用地(公共設施用地)
萬華區,莒光,2,85,2,道路用地(公共設施用地)
萬華區,莒光,2,85,3,道路用地(公共設施用地)
萬華區,莒光,2,86,0,道路用地(公共設施用地)
萬華區,莒光,2,86,1,道路用地(公共設施用地)
萬華區,莒光,2,87,0,第三種住宅區
萬華區,莒光,2,87,1,道路用地(公共設施用地)
萬華區,莒光,2,87,2,道路用地(公共設施用地)
萬華區,莒光,2,88,0,第三種住宅區
萬華區,莒光,2,88,1,道路用地(公共設施用地)
萬華區,莒光,2,89,0,第三種住宅區
萬華區,莒光,2,89,1,道路用地(公共設施用地)
萬華區,莒光,2,90,0,道路用地(公共設施用地)
萬華區,莒光,2,90,1,第三種住宅區
萬華區,莒光,2,91,0,第三種住宅區
萬華區,莒光,2,92,0,第三種住宅區
萬華區,莒光,2,92,1,第三種住宅區
萬華區,莒光,2,93,0,第三種住宅區
萬華區,莒光,2,94,0,第三種住宅區
萬華區,莒光,2,94,1,道路用地(公共設施用地)
萬華區,莒光,2,95,1,道路用地(公共設施用地)
萬華區,莒光,2,95,2,第三種住宅區
萬華區,莒光,2,95,3,道路用地(公共設施用地)
萬華區,莒光,2,96,0,第三種住宅區
萬華區,莒光,2,96,1,道路用地(公共設施用地)
萬華區,莒光,2,97,0,道路用地(公共設施用地)
萬華區,莒光,2,97,1,第三種住宅區
萬華區,莒光,2,97,2,第三種住宅區
萬華區,莒光,2,98,0,第三種住宅區
萬華區,莒光,2,99,0,第三種住宅區
萬華區,莒光,2,100,0,第三種住宅區
萬華區,莒光,2,101,0,第三種住宅區
萬華區,莒光,2,102,0,第三種住宅區
萬華區,莒光,2,102,1,道路用地(公共設施用地)
萬華區,莒光,2,103,0,第三種住宅區
萬華區,莒光,2,103,1,道路用地(公共設施用地)
萬華區,莒光,2,103,2,第三種住宅區
萬華區,莒光,2,103,3,道路用地(公共設施用地)
萬華區,莒光,2,103,4,道路用地(公共設施用地)
萬華區,莒光,2,103,5,第三種住宅區
萬華區,莒光,2,103,6,道路用地(公共設施用地)
萬華區,莒光,2,103,7,道路用地(公共設施用地)
萬華區,莒光,2,103,8,第三種住宅區
萬華區,莒光,2,104,0,第三種住宅區
萬華區,莒光,2,104,1,第三種住宅區
萬華區,莒光,2,104,2,道路用地(公共設施用地)
萬華區,莒光,2,105,0,第三種住宅區
萬華區,莒光,2,105,1,道路用地(公共設施用地)
萬華區,莒光,2,105,2,第三種住宅區
萬華區,莒光,2,106,0,第三種住宅區
萬華區,莒光,2,106,1,道路用地(公共設施用地)
萬華區,莒光,2,106,3,第三種住宅區
萬華區,莒光,2,108,1,道路用地(公共設施用地)
萬華區,莒光,2,108,2,第三種住宅區
萬華區,莒光,2,109,0,第三種住宅區
萬華區,莒光,2,109,1,道路用地(公共設施用地)
萬華區,莒光,2,109,2,第三種住宅區
萬華區,莒光,2,109,3,第三種住宅區
萬華區,莒光,2,110,0,第三種住宅區
萬華區,莒光,2,110,1,道路用地(公共設施用地)
萬華區,莒光,2,110,2,第三種住宅區
萬華區,莒光,2,110,3,第三種住宅區
萬華區,莒光,2,110,4,道路用地(公共設施用地)
萬華區,莒光,2,110,5,第三種住宅區
萬華區,莒光,2,110,6,第三種住宅區
萬華區,莒光,2,110,7,第三種住宅區
萬華區,莒光,2,111,0,第三種住宅區
萬華區,莒光,2,111,1,道路用地(公共設施用地)
萬華區,莒光,2,111,2,道路用地(公共設施用地)
萬華區,莒光,2,111,3,第三種住宅區
萬華區,莒光,2,112,0,道路用地(公共設施用地)
萬華區,莒光,2,112,1,第三種住宅區
萬華區,莒光,2,113,0,第三種住宅區
萬華區,莒光,2,114,0,第三種住宅區
萬華區,莒光,2,114,1,第三種住宅區
萬華區,莒光,2,115,0,第三種住宅區
萬華區,莒光,2,115,1,第三種住宅區
萬華區,莒光,2,116,0,第三種住宅區
萬華區,莒光,2,117,0,第三種住宅區
萬華區,莒光,2,118,0,第三種住宅區
萬華區,莒光,2,119,0,第三種住宅區
萬華區,莒光,2,119,1,道路用地(公共設施用地)
萬華區,莒光,2,120,0,第三種住宅區
萬華區,莒光,2,121,0,第三種住宅區
萬華區,莒光,2,122,0,第三種住宅區
萬華區,莒光,2,123,0,第三種住宅區
萬華區,莒光,2,124,0,第三種住宅區
萬華區,莒光,2,124,1,第三種住宅區
萬華區,莒光,2,124,2,第三種住宅區
萬華區,莒光,2,124,3,第三種住宅區
萬華區,莒光,2,125,0,第三種住宅區
萬華區,莒光,2,125,1,第三種住宅區
萬華區,莒光,2,126,0,第三種住宅區
萬華區,莒光,2,126,1,第三種住宅區
萬華區,莒光,2,127,0,第三種住宅區
萬華區,莒光,2,128,0,第三種住宅區
萬華區,莒光,2,129,0,第三種住宅區
萬華區,莒光,2,130,0,第三種住宅區
萬華區,莒光,2,131,0,第三種住宅區
萬華區,莒光,2,132,0,第三種住宅區
萬華區,莒光,2,133,0,第三種住宅區
萬華區,莒光,2,134,0,第三種住宅區
萬華區,莒光,2,134,1,第三種住宅區
萬華區,莒光,2,135,0,第三種住宅區
萬華區,莒光,2,135,1,第三種住宅區
萬華區,莒光,2,136,0,第三種住宅區
萬華區,莒光,2,136,1,道路用地(公共設施用地)
萬華區,莒光,2,136,2,第三種住宅區
萬華區,莒光,2,136,3,第三種住宅區
萬華區,莒光,2,137,0,第三種住宅區
萬華區,莒光,2,137,1,第三種住宅區
萬華區,莒光,2,138,0,第三種住宅區
萬華區,莒光,2,138,1,第三種住宅區
萬華區,莒光,2,138,2,第三種住宅區
萬華區,莒光,2,139,0,第三種住宅區
萬華區,莒光,2,140,0,第三種住宅區
萬華區,莒光,2,141,0,道路用地(公共設施用地)
萬華區,莒光,2,141,1,第三種住宅區
萬華區,莒光,2,141,2,第三種住宅區
萬華區,莒光,2,141,3,第三種住宅區
萬華區,莒光,2,141,4,第三種住宅區
萬華區,莒光,2,141,5,第三種住宅區
萬華區,莒光,2,141,6,第三種住宅區
萬華區,莒光,2,142,0,第三種住宅區
萬華區,莒光,2,142,1,道路用地(公共設施用地)
萬華區,莒光,2,143,0,第三種住宅區
萬華區,莒光,2,143,1,道路用地(公共設施用地)
萬華區,莒光,2,144,0,第三種住宅區
萬華區,莒光,2,145,0,第三種住宅區
萬華區,莒光,2,146,0,第三種住宅區
萬華區,莒光,2,146,1,道路用地(公共設施用地)
萬華區,莒光,2,147,0,第三種住宅區
萬華區,莒光,2,147,1,道路用地(公共設施用地)
萬華區,莒光,2,147,2,第三種住宅區
萬華區,莒光,2,147,3,道路用地(公共設施用地)
萬華區,莒光,2,147,4,第三種住宅區
萬華區,莒光,2,148,0,第三種住宅區
萬華區,莒光,2,148,1,第三種住宅區
萬華區,莒光,2,148,2,道路用地(公共設施用地)
萬華區,莒光,2,148,3,道路用地(公共設施用地)
萬華區,莒光,2,149,2,道路用地(公共設施用地)
萬華區,莒光,2,149,3,道路用地(公共設施用地)
萬華區,莒光,2,151,0,道路用地(公共設施用地)
萬華區,莒光,2,152,0,第三種住宅區
萬華區,莒光,2,152,1,道路用地(公共設施用地)
萬華區,莒光,2,153,0,第三種住宅區
萬華區,莒光,2,153,1,道路用地(公共設施用地)
萬華區,莒光,2,154,0,第三種住宅區
萬華區,莒光,2,155,0,第三種住宅區
萬華區,莒光,2,156,0,第三種住宅區
萬華區,莒光,2,157,0,第三種住宅區
萬華區,莒光,2,162,0,"第三種住宅區,但是否在道路用地(公共設施用地)(應依建築線或俟地籍測量分割後,再確定)"
萬華區,莒光,2,163,0,第三種住宅區
萬華區,莒光,2,164,0,第三種住宅區
萬華區,莒光,2,165,0,第三種住宅區
萬華區,莒光,2,166,0,第三種住宅區
萬華區,莒光,2,167,0,第三種住宅區
萬華區,莒光,2,168,0,第三種住宅區
萬華區,莒光,2,169,0,第三種住宅區
萬華區,莒光,2,170,0,第三種住宅區
萬華區,莒光,2,171,0,"第三種住宅區,但是否在道路用地(公共設施用地)(應依建築線或俟地籍測量分割後,再確定)"
萬華區,莒光,2,171,2,第三種住宅區
萬華區,莒光,2,176,0,第三種住宅區
萬華區,莒光,2,177,0,第三種住宅區
萬華區,莒光,2,178,0,道路用地(公共設施用地)
萬華區,莒光,2,179,0,第三種住宅區
萬華區,莒光,2,180,0,第三種住宅區
萬華區,莒光,2,181,0,第三種住宅區
萬華區,莒光,2,182,0,第三種住宅區
萬華區,莒光,2,183,0,道路用地(公共設施用地)
萬華區,莒光,2,184,0,道路用地(公共設施用地)
萬華區,莒光,2,185,0,第三種住宅區
萬華區,莒光,2,186,0,第三種住宅區
萬華區,莒光,2,187,0,道路用地(公共設施用地)
萬華區,莒光,2,188,0,道路用地(公共設施用地)
萬華區,莒光,2,189,0,道路用地(公共設施用地)
萬華區,莒光,2,190,0,第三種住宅區
萬華區,莒光,2,191,0,第三種住宅區
萬華區,莒光,2,192,0,第三種住宅區
萬華區,莒光,2,193,0,第三種住宅區
萬華區,莒光,2,194,0,第三種住宅區
萬華區,莒光,2,195,0,第三種住宅區
萬華區,莒光,2,196,0,第三種住宅區
萬華區,莒光,2,197,0,第三種住宅區
萬華區,莒光,2,198,0,第三種住宅區
萬華區,莒光,2,199,0,第三種住宅區
萬華區,莒光,2,206,0,第三種住宅區
萬華區,莒光,2,207,0,第三種住宅區
萬華區,莒光,2,208,0,第三種住宅區
萬華區,莒光,2,209,0,第三種住宅區
萬華區,莒光,2,210,0,第三種住宅區
萬華區,莒光,2,210,1,第三種住宅區
萬華區,莒光,2,210,2,第三種住宅區
萬華區,莒光,2,210,3,第三種住宅區
萬華區,莒光,2,211,0,第三種住宅區
萬華區,莒光,2,212,0,第三種住宅區
萬華區,莒光,2,213,0,第三種住宅區
萬華區,莒光,2,214,0,第三種住宅區
萬華區,莒光,2,215,0,第三種住宅區
萬華區,莒光,2,216,0,第三種住宅區
萬華區,莒光,2,217,0,第三種住宅區
萬華區,莒光,2,218,0,第三種住宅區
萬華區,莒光,2,219,0,第三種住宅區
萬華區,莒光,2,220,0,第三種住宅區
萬華區,莒光,2,221,0,第三種住宅區
萬華區,莒光,2,222,0,"第三種住宅區,但是否在道路用地(公共設施用地)(應依建築線或俟地籍測量分割後,再確定)"
萬華區,莒光,2,224,0,"道路用地(公共設施用地),但是否在第三種住宅區(應依建築線或俟地籍測量分割後,再確定)"
萬華區,莒光,2,225,0,道路用地(公共設施用地)
萬華區,莒光,2,226,0,"道路用地(公共設施用地),但是否在第三種住宅區(應依建築線或俟地籍測量分割後,再確定)"
萬華區,莒光,2,227,0,道路用地(公共設施用地)
萬華區,莒光,2,228,0,道路用地(公共設施用地)
萬華區,莒光,2,229,0,道路用地(公共設施用地)
萬華區,莒光,2,230,0,第三之二種住宅區(特)
萬華區,莒光,2,231,0,第三之二種住宅區(特)
萬華區,莒光,2,232,0,第三之二種住宅區(特)
萬華區,莒光,2,233,0,第三之二種住宅區(特)
萬華區,莒光,2,234,0,第三之二種住宅區(特)
萬華區,莒光,2,235,0,第三之二種住宅區(特)
萬華區,莒光,2,236,0,第三之二種住宅區(特)
萬華區,莒光,2,237,0,第三之二種住宅區(特)
萬華區,莒光,2,238,0,第三之二種住宅區(特)
萬華區,莒光,2,238,1,道路用地(公共設施用地)
萬華區,莒光,2,239,0,道路用地(公共設施用地)
萬華區,莒光,2,240,0,道路用地(公共設施用地)
萬華區,莒光,2,241,0,第三之二種住宅區(特)
萬華區,莒光,2,241,1,道路用地(公共設施用地)
萬華區,莒光,2,242,0,第三之二種住宅區(特)
萬華區,莒光,2,242,1,道路用地(公共設施用地)
萬華區,莒光,2,243,0,第三之二種住宅區(特)
萬華區,莒光,2,243,1,道路用地(公共設施用地)
萬華區,莒光,2,244,0,第三之二種住宅區(特)
萬華區,莒光,2,245,0,第三之二種住宅區(特)
萬華區,莒光,2,246,0,第三之二種住宅區(特)
萬華區,莒光,2,246,1,第三之二種住宅區(特)
萬華區,莒光,2,247,0,第三之二種住宅區(特)
萬華區,莒光,2,247,1,道路用地(公共設施用地)
萬華區,莒光,2,248,0,道路用地(公共設施用地)
萬華區,莒光,2,249,0,道路用地(公共設施用地)
萬華區,莒光,2,250,0,第三之二種住宅區(特)
萬華區,莒光,2,250,1,道路用地(公共設施用地)
萬華區,莒光,2,251,0,第三之二種住宅區(特)
萬華區,莒光,2,251,1,道路用地(公共設施用地)
萬華區,莒光,2,252,0,道路用地(公共設施用地)
萬華區,莒光,2,253,0,道路用地(公共設施用地)
萬華區,莒光,2,254,0,第三之二種住宅區(特)
萬華區,莒光,2,254,1,道路用地(公共設施用地)
萬華區,莒光,2,255,0,第三之二種住宅區(特)
萬華區,莒光,2,255,1,道路用地(公共設施用地)
萬華區,莒光,2,256,0,道路用地(公共設施用地)
萬華區,莒光,2,257,0,道路用地(公共設施用地)
萬華區,莒光,2,260,0,第三之二種住宅區(特)
萬華區,莒光,2,260,1,道路用地(公共設施用地)
萬華區,莒光,2,261,0,道路用地(公共設施用地)
萬華區,莒光,2,262,0,道路用地(公共設施用地)
萬華區,莒光,2,263,0,第三之二種住宅區(特)
萬華區,莒光,2,263,1,道路用地(公共設施用地)
萬華區,莒光,2,264,0,第三之二種住宅區(特)
萬華區,莒光,2,264,1,道路用地(公共設施用地)
萬華區,莒光,2,265,0,道路用地(公共設施用地)
萬華區,莒光,2,266,0,道路用地(公共設施用地)
萬華區,莒光,2,267,0,第三之二種住宅區(特)
萬華區,莒光,2,267,1,道路用地(公共設施用地)
萬華區,莒光,2,268,0,道路用地(公共設施用地)
萬華區,莒光,2,269,0,第三之二種住宅區(特)
萬華區,莒光,2,269,1,道路用地(公共設施用地)
萬華區,莒光,2,270,0,第三之二種住宅區(特)
萬華區,莒光,2,270,1,道路用地(公共設施用地)
萬華區,莒光,2,271,0,第三之二種住宅區(特)
萬華區,莒光,2,271,1,道路用地(公共設施用地)
萬華區,莒光,2,272,1,道路用地(公共設施用地)
萬華區,莒光,2,273,0,第三之二種住宅區(特)
萬華區,莒光,2,273,1,道路用地(公共設施用地)
萬華區,莒光,2,274,0,第三之二種住宅區(特)
萬華區,莒光,2,274,1,道路用地(公共設施用地)
萬華區,莒光,2,275,0,第三之二種住宅區(特)
萬華區,莒光,2,275,1,道路用地(公共設施用地)
萬華區,莒光,2,276,0,第三之二種住宅區(特)
萬華區,莒光,2,276,1,道路用地(公共設施用地)
萬華區,莒光,2,277,0,第三之二種住宅區(特)
萬華區,莒光,2,277,1,道路用地(公共設施用地)
萬華區,莒光,2,278,0,道路用地(公共設施用地)
萬華區,莒光,2,279,0,道路用地(公共設施用地)
萬華區,莒光,2,280,0,第三之二種住宅區(特)
萬華區,莒光,2,280,1,道路用地(公共設施用地)
萬華區,莒光,2,281,0,第三之二種住宅區(特)
萬華區,莒光,2,281,1,道路用地(公共設施用地)
萬華區,莒光,2,282,0,道路用地(公共設施用地)
萬華區,莒光,2,283,0,道路用地(公共設施用地)
萬華區,莒光,2,284,0,第三之二種住宅區(特)
萬華區,莒光,2,284,1,道路用地(公共設施用地)
萬華區,莒光,2,285,0,第三之二種住宅區(特)
萬華區,莒光,2,285,1,道路用地(公共設施用地)
萬華區,莒光,2,286,0,道路用地(公共設施用地)
萬華區,莒光,2,287,0,第三之二種住宅區(特)
萬華區,莒光,2,287,1,道路用地(公共設施用地)
萬華區,莒光,2,288,0,道路用地(公共設施用地)
萬華區,莒光,2,289,0,"第參種商業區(依都市計畫說明書圖規定辦理,始得作第參種商業區使用)(原屬第參種住宅區)"
萬華區,莒光,2,289,1,道路用地(公共設施用地)
萬華區,莒光,2,289,2,"第參種商業區(依都市計畫說明書圖規定辦理,始得作第參種商業區使用)(原屬第參種住宅區)"
萬華區,莒光,2,290,0,"第參種商業區(依都市計畫說明書圖規定辦理,始得作第參種商業區使用)(原屬第參種住宅區)"
萬華區,莒光,2,290,1,道路用地(公共設施用地)
萬華區,莒光,2,291,0,"第參種商業區(依都市計畫說明書圖規定辦理,始得作第參種商業區使用)(原屬第參種住宅區)"
萬華區,莒光,2,291,1,道路用地(公共設施用地)
萬華區,莒光,2,291,2,道路用地(公共設施用地)
萬華區,莒光,2,292,0,"道路用地(公共設施用地),但是否在第三種住宅區(應依建築線或俟地籍測量分割後,再確定)"
萬華區,莒光,2,293,0,道路用地(公共設施用地)及第三種住宅區
萬華區,莒光,2,294,0,第三種住宅區
萬華區,莒光,2,294,1,道路用地(公共設施用地)
萬華區,莒光,2,295,0,第三種住宅區
萬華區,莒光,2,295,1,道路用地(公共設施用地)
萬華區,莒光,2,296,0,第三種住宅區
萬華區,莒光,2,296,1,道路用地(公共設施用地)
萬華區,莒光,2,297,0,道路用地(公共設施用地)
萬華區,莒光,2,298,0,第三種住宅區
萬華區,莒光,2,298,1,道路用地(公共設施用地)
萬華區,莒光,2,299,0,第三種住宅區
萬華區,莒光,2,299,1,道路用地(公共設施用地)
萬華區,莒光,2,300,0,第三種住宅區
萬華區,莒光,2,300,1,道路用地(公共設施用地)
萬華區,莒光,2,301,0,第三種住宅區
萬華區,莒光,2,302,0,第三種住宅區
萬華區,莒光,2,303,0,第三種住宅區
萬華區,莒光,2,304,0,第三種住宅區
萬華區,莒光,2,304,1,第三種住宅區
萬華區,莒光,2,305,0,第三種住宅區
萬華區,莒光,2,305,1,道路用地(公共設施用地)
萬華區,莒光,2,306,0,第三種住宅區
萬華區,莒光,2,306,1,道路用地(公共設施用地)
萬華區,莒光,2,307,0,第三種住宅區
萬華區,莒光,2,308,0,第三種住宅區
萬華區,莒光,2,309,0,第三種住宅區
萬華區,莒光,2,310,0,第三種住宅區
萬華區,莒光,2,310,1,道路用地(公共設施用地)
萬華區,莒光,2,311,0,第三種住宅區
萬華區,莒光,2,311,1,道路用地(公共設施用地)
萬華區,莒光,2,312,0,第三種住宅區
萬華區,莒光,2,312,1,道路用地(公共設施用地)
萬華區,莒光,2,313,0,第三種住宅區
萬華區,莒光,2,313,1,第三種住宅區
萬華區,莒光,2,313,2,第三種住宅區
萬華區,莒光,2,314,0,第三種住宅區
萬華區,莒光,2,315,0,第三種住宅區
萬華區,莒光,2,316,0,第三種住宅區
萬華區,莒光,2,317,0,第三種住宅區
萬華區,莒光,2,318,0,第三種住宅區
萬華區,莒光,2,318,1,第三種住宅區
萬華區,莒光,2,319,0,第三種住宅區
萬華區,莒光,2,320,0,第三種住宅區
萬華區,莒光,2,320,1,第三種住宅區
萬華區,莒光,2,320,2,第三種住宅區
萬華區,莒光,2,320,4,第三種住宅區
萬華區,莒光,2,321,0,道路用地(公共設施用地)
萬華區,莒光,2,322,0,第三種住宅區
萬華區,莒光,2,322,1,道路用地(公共設施用地)
萬華區,莒光,2,323,0,道路用地(公共設施用地)
萬華區,莒光,2,324,0,第三種住宅區
萬華區,莒光,2,325,0,第三種住宅區
萬華區,莒光,2,325,1,道路用地(公共設施用地)
萬華區,莒光,2,326,0,第三種住宅區
萬華區,莒光,2,327,0,第三種住宅區
萬華區,莒光,2,328,0,第三種住宅區
萬華區,莒光,2,329,0,道路用地(公共設施用地)
萬華區,莒光,2,329,2,第三種住宅區
萬華區,莒光,2,329,3,第三種住宅區
萬華區,莒光,2,329,4,第三種住宅區
萬華區,莒光,2,330,0,第三種住宅區
萬華區,莒光,2,330,1,道路用地(公共設施用地)
萬華區,莒光,2,331,0,第三種住宅區
萬華區,莒光,2,332,0,第三種住宅區
萬華區,莒光,2,333,0,第三種住宅區
萬華區,莒光,2,334,0,第三種住宅區
萬華區,莒光,2,335,0,第三種住宅區
萬華區,莒光,2,336,0,第三種住宅區
萬華區,莒光,2,337,0,第三種住宅區
萬華區,莒光,2,338,0,第三種住宅區
萬華區,莒光,2,339,0,第三種住宅區
萬華區,莒光,2,340,0,"第三種住宅區,但是否在道路用地(公共設施用地)(應依建築線或俟地籍測量分割後,再確定)"
萬華區,莒光,2,341,0,第三種住宅區
萬華區,莒光,2,341,1,道路用地(公共設施用地)
萬華區,莒光,2,342,0,第三種住宅區
萬華區,莒光,2,342,1,道路用地(公共設施用地)
萬華區,莒光,2,343,0,第三種住宅區
萬華區,莒光,2,343,1,道路用地(公共設施用地)
萬華區,莒光,2,344,0,第三種住宅區
萬華區,莒光,2,344,1,道路用地(公共設施用地)
萬華區,莒光,2,345,0,第三種住宅區
萬華區,莒光,2,345,1,道路用地(公共設施用地)
萬華區,莒光,2,346,0,第三種住宅區
萬華區,莒光,2,346,1,道路用地(公共設施用地)
萬華區,莒光,2,347,0,第三種住宅區
萬華區,莒光,2,347,1,道路用地(公共設施用地)
萬華區,莒光,2,348,0,第三種住宅區
萬華區,莒光,2,348,1,道路用地(公共設施用地)
萬華區,莒光,2,349,0,第三種住宅區
萬華區,莒光,2,349,1,道路用地(公共設施用地)
萬華區,莒光,2,350,0,第三種住宅區
萬華區,莒光,2,350,1,道路用地(公共設施用地)
萬華區,莒光,2,351,0,第三種住宅區
萬華區,莒光,2,351,1,道路用地(公共設施用地)
萬華區,莒光,2,352,0,道路用地(公共設施用地)
萬華區,莒光,2,353,0,第三種住宅區
萬華區,莒光,2,353,1,道路用地(公共設施用地)
萬華區,莒光,2,353,2,道路用地(公共設施用地)
萬華區,莒光,2,353,3,道路用地(公共設施用地)
萬華區,莒光,2,354,0,第三種住宅區
萬華區,莒光,2,354,1,道路用地(公共設施用地)
萬華區,莒光,2,354,2,道路用地(公共設施用地)
萬華區,莒光,2,355,0,第三種住宅區
萬華區,莒光,2,355,1,道路用地(公共設施用地)
萬華區,莒光,2,355,2,道路用地(公共設施用地)
萬華區,莒光,2,356,0,第三種住宅區
萬華區,莒光,2,356,1,道路用地(公共設施用地)
萬華區,莒光,2,356,2,道路用地(公共設施用地)
萬華區,莒光,2,357,0,第三種住宅區
萬華區,莒光,2,357,1,道路用地(公共設施用地)
萬華區,莒光,2,357,2,道路用地(公共設施用地)
萬華區,莒光,2,358,0,第三種住宅區
萬華區,莒光,2,358,1,道路用地(公共設施用地)
萬華區,莒光,2,358,2,道路用地(公共設施用地)
萬華區,莒光,2,359,0,第三種住宅區
萬華區,莒光,2,359,1,道路用地(公共設施用地)
萬華區,莒光,2,359,2,道路用地(公共設施用地)
萬華區,莒光,2,360,0,第三種住宅區
萬華區,莒光,2,360,1,道路用地(公共設施用地)
萬華區,莒光,2,360,2,道路用地(公共設施用地)
萬華區,莒光,2,361,0,第三種住宅區
萬華區,莒光,2,361,1,道路用地(公共設施用地)
萬華區,莒光,2,361,2,道路用地(公共設施用地)
萬華區,莒光,2,362,0,第三種住宅區
萬華區,莒光,2,362,1,道路用地(公共設施用地)
萬華區,莒光,2,362,2,道路用地(公共設施用地)
萬華區,莒光,2,362,3,道路用地(公共設施用地)
萬華區,莒光,2,363,0,第三種住宅區
萬華區,莒光,2,363,1,道路用地(公共設施用地)
萬華區,莒光,2,363,2,道路用地(公共設施用地)
萬華區,莒光,2,364,0,第三種住宅區
萬華區,莒光,2,364,1,道路用地(公共設施用地)
萬華區,莒光,2,364,2,道路用地(公共設施用地)
萬華區,莒光,2,365,0,第三種住宅區
萬華區,莒光,2,365,1,道路用地(公共設施用地)
萬華區,莒光,2,365,2,第三種住宅區
萬華區,莒光,2,366,0,第三種住宅區
萬華區,莒光,2,366,1,道路用地(公共設施用地)
萬華區,莒光,2,367,0,第三種住宅區
萬華區,莒光,2,367,1,道路用地(公共設施用地)
萬華區,莒光,2,368,0,第三種住宅區
萬華區,莒光,2,368,1,道路用地(公共設施用地)
萬華區,莒光,2,369,0,第三種住宅區
萬華區,莒光,2,369,1,道路用地(公共設施用地)
萬華區,莒光,2,369,2,道路用地(公共設施用地)
萬華區,莒光,2,370,1,道路用地(公共設施用地)
萬華區,莒光,2,370,2,道路用地(公共設施用地)
萬華區,莒光,2,370,3,第三種住宅區
萬華區,莒光,2,371,0,第三種住宅區
萬華區,莒光,2,372,0,第三種住宅區
萬華區,莒光,2,372,1,道路用地(公共設施用地)
萬華區,莒光,2,373,0,第三種住宅區
萬華區,莒光,2,373,1,道路用地(公共設施用地)
萬華區,莒光,2,374,0,第三種住宅區
萬華區,莒光,2,374,1,道路用地(公共設施用地)
萬華區,莒光,2,375,0,第三種住宅區
萬華區,莒光,2,375,1,道路用地(公共設施用地)
萬華區,莒光,2,376,0,第三種住宅區
萬華區,莒光,2,376,1,道路用地(公共設施用地)
萬華區,莒光,2,377,0,第三種住宅區
萬華區,莒光,2,377,1,道路用地(公共設施用地)
萬華區,莒光,2,378,0,道路用地(公共設施用地)
萬華區,莒光,2,379,0,第三種住宅區
萬華區,莒光,2,380,0,第三種住宅區
萬華區,莒光,2,380,1,道路用地(公共設施用地)
萬華區,莒光,2,381,0,第三種住宅區
萬華區,莒光,2,381,1,道路用地(公共設施用地)
萬華區,莒光,2,381,2,道路用地(公共設施用地)
萬華區,莒光,2,382,0,第三種住宅區
萬華區,莒光,2,382,1,道路用地(公共設施用地)
萬華區,莒光,2,382,2,道路用地(公共設施用地)
萬華區,莒光,2,383,0,第三種住宅區
萬華區,莒光,2,383,1,道路用地(公共設施用地)
萬華區,莒光,2,383,2,道路用地(公共設施用地)
萬華區,莒光,2,384,0,第三種住宅區
萬華區,莒光,2,384,1,道路用地(公共設施用地)
萬華區,莒光,2,384,2,道路用地(公共設施用地)
萬華區,莒光,2,384,3,道路用地(公共設施用地)
萬華區,莒光,2,386,1,道路用地(公共設施用地)
萬華區,莒光,2,386,2,道路用地(公共設施用地)
萬華區,莒光,2,387,0,第三種住宅區
萬華區,莒光,2,388,0,第三種住宅區
萬華區,莒光,2,389,0,第三種住宅區
萬華區,莒光,2,390,0,第三種住宅區
萬華區,莒光,2,391,0,第三種住宅區
萬華區,莒光,2,392,0,第三種住宅區
萬華區,莒光,2,393,0,第三種住宅區
萬華區,莒光,2,394,0,第三種住宅區
萬華區,莒光,2,395,0,第三種住宅區
萬華區,莒光,2,396,0,第三種住宅區
萬華區,莒光,2,397,0,第三種住宅區
萬華區,莒光,2,398,0,第三種住宅區
萬華區,莒光,2,399,0,第三種住宅區
萬華區,莒光,2,400,0,第三種住宅區
萬華區,莒光,2,401,0,第三種住宅區
萬華區,莒光,2,402,0,第三種住宅區
萬華區,莒光,2,403,0,第三種住宅區
萬華區,莒光,2,404,0,第三種住宅區
萬華區,莒光,2,405,0,第三種住宅區
萬華區,莒光,2,406,0,第三種住宅區
萬華區,莒光,2,407,0,第三種住宅區
萬華區,莒光,2,407,1,第三種住宅區
萬華區,莒光,2,408,0,第三種住宅區
萬華區,莒光,2,409,0,第三種住宅區
萬華區,莒光,2,409,1,第三種住宅區
萬華區,莒光,2,410,0,第三種住宅區
萬華區,莒光,2,411,0,第三種住宅區
萬華區,莒光,2,412,0,第三種住宅區
萬華區,莒光,2,413,0,第三種住宅區
萬華區,莒光,2,413,1,道路用地(公共設施用地)
萬華區,莒光,2,414,0,第三種住宅區
萬華區,莒光,2,414,1,第三種住宅區
萬華區,莒光,2,414,2,道路用地(公共設施用地)
萬華區,莒光,2,415,0,道路用地(公共設施用地)
萬華區,莒光,2,416,0,第三種住宅區
萬華區,莒光,2,416,1,第三種住宅區
萬華區,莒光,2,416,2,道路用地(公共設施用地)
萬華區,莒光,2,416,3,道路用地(公共設施用地)
萬華區,莒光,2,416,4,道路用地(公共設施用地)
萬華區,莒光,2,417,0,第三種住宅區
萬華區,莒光,2,417,1,道路用地(公共設施用地)
萬華區,莒光,2,418,0,第三種住宅區
萬華區,莒光,2,418,2,第三種住宅區
萬華區,莒光,2,418,3,第三種住宅區
萬華區,莒光,2,419,0,第三種住宅區
萬華區,莒光,2,420,0,第三種住宅區
萬華區,莒光,2,421,0,第三種住宅區
萬華區,莒光,2,422,0,第三種住宅區
萬華區,莒光,2,422,1,道路用地(公共設施用地)
萬華區,莒光,2,423,0,第三種住宅區
萬華區,莒光,2,423,1,第三種住宅區
萬華區,莒光,2,423,2,第三種住宅區
萬華區,莒光,2,423,3,道路用地(公共設施用地)
萬華區,莒光,2,424,0,第三種住宅區
萬華區,莒光,2,425,0,第三種住宅區
萬華區,莒光,2,426,0,第三種住宅區
萬華區,莒光,2,427,0,第三種住宅區
萬華區,莒光,2,427,1,道路用地(公共設施用地)
萬華區,莒光,2,428,0,道路用地(公共設施用地)
萬華區,莒光,2,429,0,第三種住宅區
萬華區,莒光,2,429,1,道路用地(公共設施用地)
萬華區,莒光,2,430,0,第三種住宅區
萬華區,莒光,2,431,0,第三種住宅區
萬華區,莒光,2,432,0,第三種住宅區
萬華區,莒光,2,433,0,第三種住宅區
萬華區,莒光,2,434,0,第三種住宅區
萬華區,莒光,2,435,0,第三種住宅區
萬華區,莒光,2,436,0,第三種住宅區
萬華區,莒光,2,436,1,道路用地(公共設施用地)
萬華區,莒光,2,437,0,道路用地(公共設施用地)
萬華區,莒光,2,437,1,第三種住宅區
萬華區,莒光,2,438,0,第三種住宅區
萬華區,莒光,2,438,1,第三種住宅區
萬華區,莒光,2,438,2,第三種住宅區
萬華區,莒光,2,438,3,道路用地(公共設施用地)
萬華區,莒光,2,438,4,道路用地(公共設施用地)
萬華區,莒光,2,439,0,第三種住宅區
萬華區,莒光,2,439,1,道路用地(公共設施用地)
萬華區,莒光,2,440,0,第三種住宅區
萬華區,莒光,2,440,1,道路用地(公共設施用地)
萬華區,莒光,2,441,0,第三種住宅區
萬華區,莒光,2,441,1,道路用地(公共設施用地)
萬華區,莒光,2,442,0,第三種住宅區
萬華區,莒光,2,442,1,道路用地(公共設施用地)
萬華區,莒光,2,443,0,第三種住宅區
萬華區,莒光,2,443,1,道路用地(公共設施用地)
萬華區,莒光,2,443,2,道路用地(公共設施用地)
萬華區,莒光,2,444,0,第三種住宅區
萬華區,莒光,2,444,1,第三種住宅區
萬華區,莒光,2,444,2,道路用地(公共設施用地)
萬華區,莒光,2,445,0,第三種住宅區
萬華區,莒光,2,446,0,第三種住宅區
萬華區,莒光,2,447,0,第三種住宅區
萬華區,莒光,2,448,0,第三種住宅區
萬華區,莒光,2,448,1,道路用地(公共設施用地)
萬華區,莒光,2,449,0,第三種住宅區
萬華區,莒光,2,449,1,第三種住宅區
萬華區,莒光,2,449,2,道路用地(公共設施用地)
萬華區,莒光,2,450,0,第三種住宅區
萬華區,莒光,2,450,1,第三種住宅區
萬華區,莒光,2,450,2,道路用地(公共設施用地)
萬華區,莒光,2,451,0,第三種住宅區
萬華區,莒光,2,451,1,第三種住宅區
萬華區,莒光,2,451,2,道路用地(公共設施用地)
萬華區,莒光,2,452,0,第三種住宅區
萬華區,莒光,2,452,1,第三種住宅區
萬華區,莒光,2,452,2,道路用地(公共設施用地)
萬華區,莒光,2,453,0,第三種住宅區
萬華區,莒光,2,454,0,道路用地(公共設施用地)
萬華區,莒光,2,454,1,第三種住宅區
萬華區,莒光,2,455,0,第三種住宅區
萬華區,莒光,2,456,0,第三種住宅區
萬華區,莒光,2,457,0,第三種住宅區
萬華區,莒光,2,458,0,第三種住宅區
萬華區,莒光,2,459,0,道路用地(公共設施用地)
萬華區,莒光,2,459,1,第三種住宅區
萬華區,莒光,2,460,0,第三種住宅區
萬華區,莒光,2,460,1,道路用地(公共設施用地)
萬華區,莒光,2,461,0,道路用地(公共設施用地)
萬華區,莒光,2,461,1,道路用地(公共設施用地)
萬華區,莒光,2,462,0,第三種住宅區
萬華區,莒光,2,462,1,道路用地(公共設施用地)
萬華區,莒光,2,463,0,道路用地(公共設施用地)
萬華區,莒光,2,464,0,第三種住宅區
萬華區,莒光,2,464,1,道路用地(公共設施用地)
萬華區,莒光,2,465,0,第三種住宅區
萬華區,莒光,2,466,0,第三種住宅區
萬華區,莒光,2,466,1,第三種住宅區
萬華區,莒光,2,467,0,第三種住宅區
萬華區,莒光,2,468,0,第三種住宅區
萬華區,莒光,2,469,0,第三種住宅區
萬華區,莒光,2,469,1,第三種住宅區
萬華區,莒光,2,469,2,第三種住宅區
萬華區,莒光,2,470,0,第三種住宅區
萬華區,莒光,2,471,0,第三種住宅區
萬華區,莒光,2,471,1,第三種住宅區
萬華區,莒光,2,472,0,第三種住宅區
萬華區,莒光,2,472,1,第三種住宅區
萬華區,莒光,2,473,0,第三種住宅區
萬華區,莒光,2,473,1,第三種住宅區
萬華區,莒光,2,473,2,第三種住宅區
萬華區,莒光,2,474,0,第三種住宅區
萬華區,莒光,2,475,0,道路用地(公共設施用地)
萬華區,莒光,2,476,0,第三種住宅區
萬華區,莒光,2,477,0,第三種住宅區
萬華區,莒光,2,477,1,道路用地(公共設施用地)
萬華區,莒光,2,478,0,第三種住宅區
萬華區,莒光,2,479,0,第三種住宅區
萬華區,莒光,2,480,0,第三種住宅區
萬華區,莒光,2,481,0,第三種住宅區
萬華區,莒光,2,482,0,第三種住宅區
萬華區,莒光,2,483,0,第三種住宅區
萬華區,莒光,2,484,0,第三種住宅區
萬華區,莒光,2,485,0,第三種住宅區
萬華區,莒光,2,486,0,第三種住宅區
萬華區,莒光,2,487,0,第三種住宅區
萬華區,莒光,2,489,0,第三種住宅區
萬華區,莒光,2,490,0,第三種住宅區
萬華區,莒光,2,491,0,第三種住宅區
萬華區,莒光,2,492,0,第三種住宅區
萬華區,莒光,2,493,0,第三種住宅區
萬華區,莒光,2,494,0,第三種住宅區
萬華區,莒光,2,494,1,第三種住宅區
萬華區,莒光,2,494,2,道路用地(公共設施用地)
萬華區,莒光,2,495,0,第三種住宅區
萬華區,莒光,2,496,1,第三種住宅區
萬華區,莒光,2,498,0,第三種住宅區
萬華區,莒光,2,499,0,第三種住宅區
萬華區,莒光,2,500,0,第三種住宅區
萬華區,莒光,2,501,0,第三種住宅區
萬華區,莒光,2,502,0,第三種住宅區
萬華區,莒光,2,502,1,第三種住宅區
萬華區,莒光,2,503,0,第三種住宅區
萬華區,莒光,2,504,0,第三種住宅區
萬華區,莒光,2,504,1,第三種住宅區
萬華區,莒光,2,505,0,道路用地(公共設施用地)
萬華區,莒光,2,506,0,"第參種商業區(依都市計畫說明書圖規定辦理,始得作第參種商業區使用)(原屬第參種住宅區)"
萬華區,莒光,2,507,0,"第參種商業區(依都市計畫說明書圖規定辦理,始得作第參種商業區使用)(原屬第參種住宅區)"
萬華區,莒光,2,507,1,道路用地(公共設施用地)
萬華區,莒光,2,508,0,道路用地(公共設施用地)
萬華區,莒光,2,509,0,第三種住宅區
萬華區,莒光,2,509,1,道路用地(公共設施用地)
萬華區,莒光,2,510,0,第三種住宅區
萬華區,莒光,2,510,1,道路用地(公共設施用地)
萬華區,莒光,2,510,2,"第參種商業區(依都市計畫說明書圖規定辦理,始得作第參種商業區使用)(原屬第參種住宅區)"
萬華區,莒光,2,510,3,道路用地(公共設施用地)
萬華區,莒光,2,511,0,"第參種商業區(依都市計畫說明書圖規定辦理,始得作第參種商業區使用)(原屬第參種住宅區)"
萬華區,莒光,2,511,1,道路用地(公共設施用地)
萬華區,莒光,2,512,0,"第參種商業區(依都市計畫說明書圖規定辦理,始得作第參種商業區使用)(原屬第參種住宅區)"
萬華區,莒光,2,513,0,"第參種商業區(依都市計畫說明書圖規定辦理,始得作第參種商業區使用)(原屬第參種住宅區)"
萬華區,莒光,2,514,0,"第參種商業區(依都市計畫說明書圖規定辦理,始得作第參種商業區使用)(原屬第參種住宅區)"
萬華區,莒光,2,514,1,"第參種商業區(依都市計畫說明書圖規定辦理,始得作第參種商業區使用)(原屬第參種住宅區)"
萬華區,莒光,2,515,0,第三種住宅區
萬華區,莒光,2,515,1,道路用地(公共設施用地)
萬華區,莒光,2,515,2,"第參種商業區(依都市計畫說明書圖規定辦理,始得作第參種商業區使用)(原屬第參種住宅區)"
萬華區,莒光,2,515,3,道路用地(公共設施用地)
萬華區,莒光,2,516,0,"第參種商業區(依都市計畫說明書圖規定辦理,始得作第參種商業區使用)(原屬第參種住宅區)"
萬華區,莒光,2,517,0,"第參種商業區(依都市計畫說明書圖規定辦理,始得作第參種商業區使用)(原屬第參種住宅區)"
萬華區,莒光,2,518,0,第三種住宅區
萬華區,莒光,2,518,1,道路用地(公共設施用地)
萬華區,莒光,2,518,2,道路用地(公共設施用地)
萬華區,莒光,2,519,0,第三種住宅區
萬華區,莒光,2,520,0,第三種住宅區
萬華區,莒光,2,521,0,第三種住宅區
萬華區,莒光,2,522,0,第三種住宅區
萬華區,莒光,2,522,1,第三種住宅區
萬華區,莒光,2,523,0,第三種住宅區
萬華區,莒光,2,523,1,道路用地(公共設施用地)
萬華區,莒光,2,523,2,道路用地(公共設施用地)
萬華區,莒光,2,524,0,"第參種商業區(依都市計畫說明書圖規定辦理,始得作第參種商業區使用)(原屬第參種住宅區)"
萬華區,莒光,2,524,1,道路用地(公共設施用地)
萬華區,莒光,2,524,2,第三種住宅區
萬華區,莒光,2,525,0,道路用地(公共設施用地)
萬華區,莒光,2,525,1,"道路用地(公共設施用地),但是否在第參種商業區(依都市計畫說明書圖規定辦理,始得作第參種商業區使用)(原屬第參種住宅區,應依建築線或俟地籍測量分割後,再確定)"
萬華區,莒光,2,525,2,"第參種商業區(依都市計畫說明書圖規定辦理,始得作第參種商業區使用)(原屬第參種住宅區)"
萬華區,莒光,2,525,3,"第參種商業區(依都市計畫說明書圖規定辦理,始得作第參種商業區使用)(原屬第參種住宅區)"
萬華區,莒光,2,526,0,道路用地(公共設施用地)
萬華區,莒光,2,526,1,道路用地(公共設施用地)
萬華區,莒光,2,527,0,"第參種商業區(依都市計畫說明書圖規定辦理,始得作第參種商業區使用)(原屬第參種住宅區)"
萬華區,莒光,2,528,0,"第參種商業區(依都市計畫說明書圖規定辦理,始得作第參種商業區使用)(原屬第參種住宅區)"
萬華區,莒光,2,529,0,"第參種商業區(依都市計畫說明書圖規定辦理,始得作第參種商業區使用)(原屬第參種住宅區)"
萬華區,莒光,2,530,0,"第參種商業區(依都市計畫說明書圖規定辦理,始得作第參種商業區使用)(原屬第參種住宅區)"
萬華區,莒光,2,531,1,道路用地(公共設施用地)
萬華區,莒光,2,532,1,道路用地(公共設施用地)
萬華區,莒光,2,533,0,"第參種商業區(依都市計畫說明書圖規定辦理,始得作第參種商業區使用)(原屬第參種住宅區)"
萬華區,莒光,2,533,1,道路用地(公共設施用地)
萬華區,莒光,2,534,0,"第參種商業區(依都市計畫說明書圖規定辦理,始得作第參種商業區使用)(原屬第參種住宅區)"
萬華區,莒光,2,534,1,道路用地(公共設施用地)
萬華區,莒光,2,535,0,"第參種商業區(依都市計畫說明書圖規定辦理,始得作第參種商業區使用)(原屬第參種住宅區)"
萬華區,莒光,2,536,0,"第參種商業區(依都市計畫說明書圖規定辦理,始得作第參種商業區使用)(原屬第參種住宅區)"
萬華區,莒光,2,536,1,道路用地(公共設施用地)
萬華區,莒光,2,537,0,"第參種商業區(依都市計畫說明書圖規定辦理,始得作第參種商業區使用)(原屬第參種住宅區)"
萬華區,莒光,2,538,0,"第參種商業區(依都市計畫說明書圖規定辦理,始得作第參種商業區使用)(原屬第參種住宅區)"
萬華區,莒光,2,538,1,道路用地(公共設施用地)
萬華區,莒光,2,539,0,"第參種商業區(依都市計畫說明書圖規定辦理,始得作第參種商業區使用)(原屬第參種住宅區)"
萬華區,莒光,2,539,1,道路用地(公共設施用地)
萬華區,莒光,2,540,0,"第參種商業區(依都市計畫說明書圖規定辦理,始得作第參種商業區使用)(原屬第參種住宅區)"
萬華區,莒光,2,541,0,"第參種商業區(依都市計畫說明書圖規定辦理,始得作第參種商業區使用)(原屬第參種住宅區)"
萬華區,莒光,2,542,0,"第參種商業區(依都市計畫說明書圖規定辦理,始得作第參種商業區使用)(原屬第參種住宅區)"
萬華區,莒光,2,542,1,道路用地(公共設施用地)
萬華區,莒光,2,542,2,"第參種商業區(依都市計畫說明書圖規定辦理,始得作第參種商業區使用)(原屬第參種住宅區)"
萬華區,莒光,2,543,0,"第參種商業區(依都市計畫說明書圖規定辦理,始得作第參種商業區使用)(原屬第參種住宅區)"
萬華區,莒光,2,543,1,道路用地(公共設施用地)
萬華區,莒光,2,544,0,"第參種商業區(依都市計畫說明書圖規定辦理,始得作第參種商業區使用)(原屬第參種住宅區)"
萬華區,莒光,2,544,1,道路用地(公共設施用地)
萬華區,莒光,2,545,0,道路用地(公共設施用地)
萬華區,莒光,2,546,0,道路用地(公共設施用地)
萬華區,莒光,2,547,0,"第參種商業區(依都市計畫說明書圖規定辦理,始得作第參種商業區使用)(原屬第參種住宅區)"
萬華區,莒光,2,548,0,"第參種商業區(依都市計畫說明書圖規定辦理,始得作第參種商業區使用)(原屬第參種住宅區)"
萬華區,莒光,2,549,0,"第參種商業區(依都市計畫說明書圖規定辦理,始得作第參種商業區使用)(原屬第參種住宅區)"
萬華區,莒光,2,550,0,"第參種商業區(依都市計畫說明書圖規定辦理,始得作第參種商業區使用)(原屬第參種住宅區)"
萬華區,莒光,2,551,0,"第參種商業區(依都市計畫說明書圖規定辦理,始得作第參種商業區使用)(原屬第參種住宅區)"
萬華區,莒光,2,552,0,"第參種商業區(依都市計畫說明書圖規定辦理,始得作第參種商業區使用)(原屬第參種住宅區)"
萬華區,莒光,2,553,0,"第參種商業區(依都市計畫說明書圖規定辦理,始得作第參種商業區使用)(原屬第參種住宅區)"
萬華區,莒光,2,553,1,"第參種商業區(依都市計畫說明書圖規定辦理,始得作第參種商業區使用)(原屬第參種住宅區)"
萬華區,莒光,2,553,2,"第參種商業區(依都市計畫說明書圖規定辦理,始得作第參種商業區使用)(原屬第參種住宅區)"
萬華區,莒光,2,553,3,"第參種商業區(依都市計畫說明書圖規定辦理,始得作第參種商業區使用)(原屬第參種住宅區)"
萬華區,莒光,2,553,4,"第參種商業區(依都市計畫說明書圖規定辦理,始得作第參種商業區使用)(原屬第參種住宅區)"
萬華區,莒光,2,553,5,"第參種商業區(依都市計畫說明書圖規定辦理,始得作第參種商業區使用)(原屬第參種住宅區)"
萬華區,莒光,2,553,6,"第參種商業區(依都市計畫說明書圖規定辦理,始得作第參種商業區使用)(原屬第參種住宅區)"
萬華區,莒光,2,553,7,"第參種商業區(依都市計畫說明書圖規定辦理,始得作第參種商業區使用)(原屬第參種住宅區)"
萬華區,莒光,2,554,0,"第參種商業區(依都市計畫說明書圖規定辦理,始得作第參種商業區使用)(原屬第參種住宅區)"
萬華區,莒光,2,554,1,道路用地(公共設施用地)
萬華區,莒光,2,555,0,"第參種商業區(依都市計畫說明書圖規定辦理,始得作第參種商業區使用)(原屬第參種住宅區)"
萬華區,莒光,2,556,0,"第參種商業區(依都市計畫說明書圖規定辦理,始得作第參種商業區使用)(原屬第參種住宅區)"
萬華區,莒光,2,557,0,"第參種商業區(依都市計畫說明書圖規定辦理,始得作第參種商業區使用)(原屬第參種住宅區)"
萬華區,莒光,2,558,0,"第參種商業區(依都市計畫說明書圖規定辦理,始得作第參種商業區使用)(原屬第參種住宅區)"
萬華區,莒光,2,558,1,道路用地(公共設施用地)
萬華區,莒光,2,559,0,"第參種商業區(依都市計畫說明書圖規定辦理,始得作第參種商業區使用)(原屬第參種住宅區)"
萬華區,莒光,2,559,1,道路用地(公共設施用地)
萬華區,莒光,2,560,0,"第參種商業區(依都市計畫說明書圖規定辦理,始得作第參種商業區使用)(原屬第參種住宅區)"
萬華區,莒光,2,560,1,道路用地(公共設施用地)
萬華區,莒光,2,561,0,"第參種商業區(依都市計畫說明書圖規定辦理,始得作第參種商業區使用)(原屬第參種住宅區)"
萬華區,莒光,2,561,1,道路用地(公共設施用地)
萬華區,莒光,2,562,0,道路用地(公共設施用地)
萬華區,莒光,2,563,0,"第參種商業區(依都市計畫說明書圖規定辦理,始得作第參種商業區使用)(原屬第參種住宅區)"
萬華區,莒光,2,564,0,"第參種商業區(依都市計畫說明書圖規定辦理,始得作第參種商業區使用)(原屬第參種住宅區)"
萬華區,莒光,2,565,0,"第參種商業區(依都市計畫說明書圖規定辦理,始得作第參種商業區使用)(原屬第參種住宅區)"
萬華區,莒光,2,566,0,"第參種商業區(依都市計畫說明書圖規定辦理,始得作第參種商業區使用)(原屬第參種住宅區)"
萬華區,莒光,2,567,0,"第參種商業區(依都市計畫說明書圖規定辦理,始得作第參種商業區使用)(原屬第參種住宅區)"
萬華區,莒光,2,568,0,"第參種商業區(依都市計畫說明書圖規定辦理,始得作第參種商業區使用)(原屬第參種住宅區)"
萬華區,莒光,2,569,0,"第參種商業區(依都市計畫說明書圖規定辦理,始得作第參種商業區使用)(原屬第參種住宅區)"
萬華區,莒光,2,570,0,"第參種商業區(依都市計畫說明書圖規定辦理,始得作第參種商業區使用)(原屬第參種住宅區)"
萬華區,莒光,2,571,0,"第參種商業區(依都市計畫說明書圖規定辦理,始得作第參種商業區使用)(原屬第參種住宅區)"
萬華區,莒光,2,572,0,"第參種商業區(依都市計畫說明書圖規定辦理,始得作第參種商業區使用)(原屬第參種住宅區)"
萬華區,莒光,2,575,0,"第參種商業區(依都市計畫說明書圖規定辦理,始得作第參種商業區使用)(原屬第參種住宅區)"
萬華區,莒光,2,576,0,"第參種商業區(依都市計畫說明書圖規定辦理,始得作第參種商業區使用)(原屬第參種住宅區)"
萬華區,莒光,2,577,0,"第參種商業區(依都市計畫說明書圖規定辦理,始得作第參種商業區使用)(原屬第參種住宅區)"
萬華區,莒光,2,578,0,"第參種商業區(依都市計畫說明書圖規定辦理,始得作第參種商業區使用)(原屬第參種住宅區)"
萬華區,莒光,2,579,0,"第參種商業區(依都市計畫說明書圖規定辦理,始得作第參種商業區使用)(原屬第參種住宅區)"
萬華區,莒光,2,580,0,"第參種商業區(依都市計畫說明書圖規定辦理,始得作第參種商業區使用)(原屬第參種住宅區)"
萬華區,莒光,2,581,0,"第參種商業區(依都市計畫說明書圖規定辦理,始得作第參種商業區使用)(原屬第參種住宅區)"
萬華區,莒光,2,582,0,"第參種商業區(依都市計畫說明書圖規定辦理,始得作第參種商業區使用)(原屬第參種住宅區)"
萬華區,莒光,2,583,0,"第參種商業區(依都市計畫說明書圖規定辦理,始得作第參種商業區使用)(原屬第參種住宅區)"
萬華區,莒光,2,584,0,"第參種商業區(依都市計畫說明書圖規定辦理,始得作第參種商業區使用)(原屬第參種住宅區)"
萬華區,莒光,2,585,0,"道路用地(公共設施用地),但是否在第參種商業區(依都市計畫說明書圖規定辦理,始得作第參種商業區使用)(原屬第參種住宅區,應依建築線或俟地籍測量分割後,再確定)"
萬華區,莒光,2,586,0,"第參種商業區(依都市計畫說明書圖規定辦理,始得作第參種商業區使用)(原屬第參種住宅區),但是否在道路用地(公共設施用地)(應依建築線或俟地籍測量分割後,再確定)"
萬華區,莒光,2,586,1,"第參種商業區(依都市計畫說明書圖規定辦理,始得作第參種商業區使用)(原屬第參種住宅區)"
萬華區,莒光,2,587,1,"第參種商業區(依都市計畫說明書圖規定辦理,始得作第參種商業區使用)(原屬第參種住宅區)"
萬華區,莒光,2,588,0,"第參種商業區(依都市計畫說明書圖規定辦理,始得作第參種商業區使用)(原屬第參種住宅區)"
萬華區,莒光,2,589,0,"第參種商業區(依都市計畫說明書圖規定辦理,始得作第參種商業區使用)(原屬第參種住宅區)"
萬華區,莒光,2,590,0,"第參種商業區(依都市計畫說明書圖規定辦理,始得作第參種商業區使用)(原屬第參種住宅區)"
萬華區,莒光,2,591,0,"第參種商業區(依都市計畫說明書圖規定辦理,始得作第參種商業區使用)(原屬第參種住宅區)"
萬華區,莒光,2,592,0,"第參種商業區(依都市計畫說明書圖規定辦理,始得作第參種商業區使用)(原屬第參種住宅區)"
萬華區,莒光,2,593,0,"第參種商業區(依都市計畫說明書圖規定辦理,始得作第參種商業區使用)(原屬第參種住宅區)"
萬華區,莒光,2,594,0,"第參種商業區(依都市計畫說明書圖規定辦理,始得作第參種商業區使用)(原屬第參種住宅區)"
萬華區,莒光,2,595,0,"第參種商業區(依都市計畫說明書圖規定辦理,始得作第參種商業區使用)(原屬第參種住宅區)"
萬華區,莒光,2,596,0,"第參種商業區(依都市計畫說明書圖規定辦理,始得作第參種商業區使用)(原屬第參種住宅區)"
萬華區,莒光,2,596,1,道路用地(公共設施用地)
萬華區,莒光,2,597,0,道路用地(公共設施用地)
萬華區,莒光,2,597,1,道路用地(公共設施用地)
萬華區,莒光,2,597,2,"第參種商業區(依都市計畫說明書圖規定辦理,始得作第參種商業區使用)(原屬第參種住宅區)"
萬華區,莒光,2,598,0,"第參種商業區(依都市計畫說明書圖規定辦理,始得作第參種商業區使用)(原屬第參種住宅區)"
萬華區,莒光,2,598,1,道路用地(公共設施用地)
萬華區,莒光,2,598,2,道路用地(公共設施用地)
萬華區,莒光,2,599,0,"第參種商業區(依都市計畫說明書圖規定辦理,始得作第參種商業區使用)(原屬第參種住宅區)"
萬華區,莒光,2,600,0,"第參種商業區(依都市計畫說明書圖規定辦理,始得作第參種商業區使用)(原屬第參種住宅區)"
萬華區,莒光,2,601,0,"第參種商業區(依都市計畫說明書圖規定辦理,始得作第參種商業區使用)(原屬第參種住宅區)"
萬華區,莒光,2,602,0,"第參種商業區(依都市計畫說明書圖規定辦理,始得作第參種商業區使用)(原屬第參種住宅區)"
萬華區,莒光,2,603,0,"第參種商業區(依都市計畫說明書圖規定辦理,始得作第參種商業區使用)(原屬第參種住宅區)"
萬華區,莒光,2,604,0,"第參種商業區(依都市計畫說明書圖規定辦理,始得作第參種商業區使用)(原屬第參種住宅區)"
萬華區,莒光,2,605,0,"第參種商業區(依都市計畫說明書圖規定辦理,始得作第參種商業區使用)(原屬第參種住宅區)"
萬華區,莒光,2,606,0,"第參種商業區(依都市計畫說明書圖規定辦理,始得作第參種商業區使用)(原屬第參種住宅區)"
萬華區,莒光,2,607,0,"第參種商業區(依都市計畫說明書圖規定辦理,始得作第參種商業區使用)(原屬第參種住宅區)"
萬華區,莒光,2,608,0,"第參種商業區(依都市計畫說明書圖規定辦理,始得作第參種商業區使用)(原屬第參種住宅區)"
萬華區,莒光,2,609,0,"第參種商業區(依都市計畫說明書圖規定辦理,始得作第參種商業區使用)(原屬第參種住宅區)"
萬華區,莒光,2,610,0,"第參種商業區(依都市計畫說明書圖規定辦理,始得作第參種商業區使用)(原屬第參種住宅區)"
萬華區,莒光,2,611,0,"第參種商業區(依都市計畫說明書圖規定辦理,始得作第參種商業區使用)(原屬第參種住宅區)"
萬華區,莒光,2,612,0,"第參種商業區(依都市計畫說明書圖規定辦理,始得作第參種商業區使用)(原屬第參種住宅區)"
萬華區,莒光,2,613,0,"第參種商業區(依都市計畫說明書圖規定辦理,始得作第參種商業區使用)(原屬第參種住宅區)"
萬華區,莒光,2,614,0,"第參種商業區(依都市計畫說明書圖規定辦理,始得作第參種商業區使用)(原屬第參種住宅區)"
萬華區,莒光,2,615,0,"第參種商業區(依都市計畫說明書圖規定辦理,始得作第參種商業區使用)(原屬第參種住宅區)"
萬華區,莒光,2,616,0,"第參種商業區(依都市計畫說明書圖規定辦理,始得作第參種商業區使用)(原屬第參種住宅區)"
萬華區,莒光,2,617,0,"第參種商業區(依都市計畫說明書圖規定辦理,始得作第參種商業區使用)(原屬第參種住宅區)"
萬華區,莒光,2,618,0,"第參種商業區(依都市計畫說明書圖規定辦理,始得作第參種商業區使用)(原屬第參種住宅區)"
萬華區,莒光,2,619,0,"第參種商業區(依都市計畫說明書圖規定辦理,始得作第參種商業區使用)(原屬第參種住宅區)"
萬華區,莒光,2,620,0,"第參種商業區(依都市計畫說明書圖規定辦理,始得作第參種商業區使用)(原屬第參種住宅區)"
萬華區,莒光,2,620,1,道路用地(公共設施用地)
萬華區,莒光,2,621,0,"第參種商業區(依都市計畫說明書圖規定辦理,始得作第參種商業區使用)(原屬第參種住宅區)"
萬華區,莒光,2,621,1,道路用地(公共設施用地)
萬華區,莒光,2,622,0,"第參種商業區(依都市計畫說明書圖規定辦理,始得作第參種商業區使用)(原屬第參種住宅區)"
萬華區,莒光,2,622,1,道路用地(公共設施用地)
萬華區,莒光,2,623,0,"第參種商業區(依都市計畫說明書圖規定辦理,始得作第參種商業區使用)(原屬第參種住宅區)"
萬華區,莒光,2,623,1,道路用地(公共設施用地)
萬華區,莒光,2,624,0,"第參種商業區(依都市計畫說明書圖規定辦理,始得作第參種商業區使用)(原屬第參種住宅區)"
萬華區,莒光,2,624,1,道路用地(公共設施用地)
萬華區,莒光,2,625,0,"第參種商業區(依都市計畫說明書圖規定辦理,始得作第參種商業區使用)(原屬第參種住宅區)"
萬華區,莒光,2,625,1,道路用地(公共設施用地)
萬華區,莒光,2,626,0,"第參種商業區(依都市計畫說明書圖規定辦理,始得作第參種商業區使用)(原屬第參種住宅區)"
萬華區,莒光,2,626,1,道路用地(公共設施用地)
萬華區,莒光,2,627,0,"第參種商業區(依都市計畫說明書圖規定辦理,始得作第參種商業區使用)(原屬第參種住宅區)"
萬華區,莒光,2,627,1,道路用地(公共設施用地)
萬華區,莒光,2,627,2,道路用地(公共設施用地)
萬華區,莒光,2,628,0,"第參種商業區(依都市計畫說明書圖規定辦理,始得作第參種商業區使用)(原屬第參種住宅區)"
萬華區,莒光,2,628,1,道路用地(公共設施用地)
萬華區,莒光,2,629,0,"第參種商業區(依都市計畫說明書圖規定辦理,始得作第參種商業區使用)(原屬第參種住宅區)"
萬華區,莒光,2,629,1,道路用地(公共設施用地)
萬華區,莒光,2,630,0,"第參種商業區(依都市計畫說明書圖規定辦理,始得作第參種商業區使用)(原屬第參種住宅區)"
萬華區,莒光,2,630,1,道路用地(公共設施用地)
萬華區,莒光,2,631,0,"第參種商業區(依都市計畫說明書圖規定辦理,始得作第參種商業區使用)(原屬第參種住宅區)"
萬華區,莒光,2,632,0,"第參種商業區(依都市計畫說明書圖規定辦理,始得作第參種商業區使用)(原屬第參種住宅區)"
萬華區,莒光,2,633,0,"第參種商業區(依都市計畫說明書圖規定辦理,始得作第參種商業區使用)(原屬第參種住宅區)"
萬華區,莒光,2,634,0,"第參種商業區(依都市計畫說明書圖規定辦理,始得作第參種商業區使用)(原屬第參種住宅區)"
萬華區,莒光,2,634,1,道路用地(公共設施用地)
萬華區,莒光,2,635,0,"第參種商業區(依都市計畫說明書圖規定辦理,始得作第參種商業區使用)(原屬第參種住宅區)"
萬華區,莒光,2,636,0,"第參種商業區(依都市計畫說明書圖規定辦理,始得作第參種商業區使用)(原屬第參種住宅區)"
萬華區,莒光,2,637,0,"第參種商業區(依都市計畫說明書圖規定辦理,始得作第參種商業區使用)(原屬第參種住宅區)"
萬華區,莒光,2,638,0,"第參種商業區(依都市計畫說明書圖規定辦理,始得作第參種商業區使用)(原屬第參種住宅區)"
萬華區,莒光,2,638,1,"第參種商業區(依都市計畫說明書圖規定辦理,始得作第參種商業區使用)(原屬第參種住宅區)"
萬華區,莒光,2,638,2,道路用地(公共設施用地)
萬華區,莒光,2,639,0,"第參種商業區(依都市計畫說明書圖規定辦理,始得作第參種商業區使用)(原屬第參種住宅區)"
萬華區,莒光,2,640,0,"第參種商業區(依都市計畫說明書圖規定辦理,始得作第參種商業區使用)(原屬第參種住宅區)"
萬華區,莒光,2,640,1,道路用地(公共設施用地)
萬華區,莒光,2,640,2,"第參種商業區(依都市計畫說明書圖規定辦理,始得作第參種商業區使用)(原屬第參種住宅區)"
萬華區,莒光,2,641,0,"第參種商業區(依都市計畫說明書圖規定辦理,始得作第參種商業區使用)(原屬第參種住宅區)"
萬華區,莒光,2,642,0,"第參種商業區(依都市計畫說明書圖規定辦理,始得作第參種商業區使用)(原屬第參種住宅區)"
萬華區,莒光,2,643,0,道路用地(公共設施用地)
萬華區,莒光,2,644,0,"第參種商業區(依都市計畫說明書圖規定辦理,始得作第參種商業區使用)(原屬第參種住宅區)"
萬華區,莒光,2,644,1,道路用地(公共設施用地)
萬華區,莒光,2,645,0,"第參種商業區(依都市計畫說明書圖規定辦理,始得作第參種商業區使用)(原屬第參種住宅區)"
萬華區,莒光,2,645,1,"第參種商業區(依都市計畫說明書圖規定辦理,始得作第參種商業區使用)(原屬第參種住宅區)"
萬華區,莒光,2,645,2,"第參種商業區(依都市計畫說明書圖規定辦理,始得作第參種商業區使用)(原屬第參種住宅區)"
萬華區,莒光,2,645,3,道路用地(公共設施用地)
萬華區,莒光,2,646,0,道路用地(公共設施用地)
萬華區,莒光,2,647,0,"道路用地(公共設施用地),但是否在第參種商業區(依都市計畫說明書圖規定辦理,始得作第參種商業區使用)(原屬第參種住宅區,應依建築線或俟地籍測量分割後,再確定)"
萬華區,莒光,2,648,0,"第參種商業區(依都市計畫說明書圖規定辦理,始得作第參種商業區使用)(原屬第參種住宅區)"
萬華區,莒光,2,649,0,"第參種商業區(依都市計畫說明書圖規定辦理,始得作第參種商業區使用)(原屬第參種住宅區)"
萬華區,莒光,2,650,0,"第參種商業區(依都市計畫說明書圖規定辦理,始得作第參種商業區使用)(原屬第參種住宅區)"
萬華區,莒光,2,651,0,"第參種商業區(依都市計畫說明書圖規定辦理,始得作第參種商業區使用)(原屬第參種住宅區)"
萬華區,莒光,2,652,0,"第參種商業區(依都市計畫說明書圖規定辦理,始得作第參種商業區使用)(原屬第參種住宅區)"
萬華區,莒光,2,653,0,"道路用地(公共設施用地),但是否在第參種商業區(依都市計畫說明書圖規定辦理,始得作第參種商業區使用)(原屬第參種住宅區,應依建築線或俟地籍測量分割後,再確定)"
萬華區,莒光,2,654,0,道路用地(公共設施用地)
萬華區,莒光,2,655,0,"第參種商業區(依都市計畫說明書圖規定辦理,始得作第參種商業區使用)(原屬第參種住宅區)"
萬華區,莒光,2,656,0,道路用地(公共設施用地)
萬華區,莒光,2,657,0,道路用地(公共設施用地)
萬華區,莒光,2,658,0,道路用地(公共設施用地)
萬華區,莒光,2,659,0,道路用地(公共設施用地)
萬華區,莒光,2,660,0,道路用地(公共設施用地)
萬華區,莒光,2,661,0,道路用地(公共設施用地)
萬華區,莒光,2,662,0,道路用地(公共設施用地)
萬華區,莒光,2,663,0,道路用地(公共設施用地)
萬華區,莒光,2,664,0,道路用地(公共設施用地)
萬華區,莒光,2,665,0,市場用地(公共設施用地)
萬華區,莒光,2,665,1,道路用地(公共設施用地)
萬華區,莒光,2,665,2,機關用地(公共設施用地)
萬華區,莒光,2,665,3,道路用地(公共設施用地)
萬華區,莒光,2,666,0,"第參種商業區(依都市計畫說明書圖規定辦理,始得作第參種商業區使用)(原屬第參種住宅區)"
萬華區,莒光,2,666,1,道路用地(公共設施用地)
萬華區,莒光,2,667,0,"第參種商業區(依都市計畫說明書圖規定辦理,始得作第參種商業區使用)(原屬第參種住宅區)"
萬華區,莒光,2,667,1,道路用地(公共設施用地)
萬華區,莒光,2,668,0,"第參種商業區(依都市計畫說明書圖規定辦理,始得作第參種商業區使用)(原屬第參種住宅區)"
萬華區,莒光,2,668,1,道路用地(公共設施用地)
萬華區,莒光,2,669,0,"第參種商業區(依都市計畫說明書圖規定辦理,始得作第參種商業區使用)(原屬第參種住宅區)"
萬華區,莒光,2,669,1,道路用地(公共設施用地)
萬華區,莒光,2,670,0,"第參種商業區(依都市計畫說明書圖規定辦理,始得作第參種商業區使用)(原屬第參種住宅區)"
萬華區,莒光,2,670,1,道路用地(公共設施用地)
萬華區,莒光,2,671,0,"第參種商業區(依都市計畫說明書圖規定辦理,始得作第參種商業區使用)(原屬第參種住宅區)"
萬華區,莒光,2,671,1,道路用地(公共設施用地)
萬華區,莒光,2,672,0,"第參種商業區(依都市計畫說明書圖規定辦理,始得作第參種商業區使用)(原屬第參種住宅區)"
萬華區,莒光,2,672,1,道路用地(公共設施用地)
萬華區,莒光,2,672,2,道路用地(公共設施用地)
萬華區,莒光,2,673,0,道路用地(公共設施用地)
萬華區,莒光,2,673,1,道路用地(公共設施用地)
萬華區,莒光,2,674,0,"第參種商業區(依都市計畫說明書圖規定辦理,始得作第參種商業區使用)(原屬第參種住宅區)"
萬華區,莒光,2,674,1,道路用地(公共設施用地)
萬華區,莒光,2,674,2,道路用地(公共設施用地)
萬華區,莒光,2,674,3,道路用地(公共設施用地)
萬華區,莒光,2,675,0,"第參種商業區(依都市計畫說明書圖規定辦理,始得作第參種商業區使用)(原屬第參種住宅區)"
萬華區,莒光,2,676,0,"第參種商業區(依都市計畫說明書圖規定辦理,始得作第參種商業區使用)(原屬第參種住宅區)"
萬華區,莒光,2,677,0,"第參種商業區(依都市計畫說明書圖規定辦理,始得作第參種商業區使用)(原屬第參種住宅區)"
萬華區,莒光,2,678,0,"第參種商業區(依都市計畫說明書圖規定辦理,始得作第參種商業區使用)(原屬第參種住宅區)"
萬華區,莒光,2,679,0,"第參種商業區(依都市計畫說明書圖規定辦理,始得作第參種商業區使用)(原屬第參種住宅區)"
萬華區,莒光,2,680,0,"第參種商業區(依都市計畫說明書圖規定辦理,始得作第參種商業區使用)(原屬第參種住宅區)"
萬華區,莒光,2,681,0,"第參種商業區(依都市計畫說明書圖規定辦理,始得作第參種商業區使用)(原屬第參種住宅區)"
萬華區,莒光,2,682,0,"第參種商業區(依都市計畫說明書圖規定辦理,始得作第參種商業區使用)(原屬第參種住宅區)"
萬華區,莒光,2,682,2,"第參種商業區(依都市計畫說明書圖規定辦理,始得作第參種商業區使用)(原屬第參種住宅區)"
萬華區,莒光,2,683,0,"第參種商業區(依都市計畫說明書圖規定辦理,始得作第參種商業區使用)(原屬第參種住宅區)"
萬華區,莒光,2,684,0,"第參種商業區(依都市計畫說明書圖規定辦理,始得作第參種商業區使用)(原屬第參種住宅區)"
萬華區,莒光,2,685,0,"第參種商業區(依都市計畫說明書圖規定辦理,始得作第參種商業區使用)(原屬第參種住宅區)"
萬華區,莒光,2,686,0,"第參種商業區(依都市計畫說明書圖規定辦理,始得作第參種商業區使用)(原屬第參種住宅區)"
萬華區,莒光,2,686,1,"第參種商業區(依都市計畫說明書圖規定辦理,始得作第參種商業區使用)(原屬第參種住宅區)"
萬華區,莒光,2,687,0,"第參種商業區(依都市計畫說明書圖規定辦理,始得作第參種商業區使用)(原屬第參種住宅區)"
萬華區,莒光,2,688,0,"第參種商業區(依都市計畫說明書圖規定辦理,始得作第參種商業區使用)(原屬第參種住宅區)"
萬華區,莒光,2,689,0,"第參種商業區(依都市計畫說明書圖規定辦理,始得作第參種商業區使用)(原屬第參種住宅區)"
萬華區,莒光,2,690,0,"第參種商業區(依都市計畫說明書圖規定辦理,始得作第參種商業區使用)(原屬第參種住宅區)"
萬華區,莒光,2,691,0,"第參種商業區(依都市計畫說明書圖規定辦理,始得作第參種商業區使用)(原屬第參種住宅區)"
萬華區,莒光,2,692,0,"第參種商業區(依都市計畫說明書圖規定辦理,始得作第參種商業區使用)(原屬第參種住宅區)"
萬華區,莒光,2,693,0,"第參種商業區(依都市計畫說明書圖規定辦理,始得作第參種商業區使用)(原屬第參種住宅區)"
萬華區,莒光,2,697,0,"第參種商業區(依都市計畫說明書圖規定辦理,始得作第參種商業區使用)(原屬第參種住宅區)"
萬華區,莒光,2,698,0,"第參種商業區(依都市計畫說明書圖規定辦理,始得作第參種商業區使用)(原屬第參種住宅區)"
萬華區,莒光,2,699,0,"第參種商業區(依都市計畫說明書圖規定辦理,始得作第參種商業區使用)(原屬第參種住宅區)"
萬華區,莒光,2,700,0,"第參種商業區(依都市計畫說明書圖規定辦理,始得作第參種商業區使用)(原屬第參種住宅區)"
萬華區,莒光,2,701,0,"第參種商業區(依都市計畫說明書圖規定辦理,始得作第參種商業區使用)(原屬第參種住宅區)"
萬華區,莒光,2,702,0,"第參種商業區(依都市計畫說明書圖規定辦理,始得作第參種商業區使用)(原屬第參種住宅區)"
萬華區,莒光,2,703,0,"第參種商業區(依都市計畫說明書圖規定辦理,始得作第參種商業區使用)(原屬第參種住宅區)"
萬華區,莒光,2,704,0,"第參種商業區(依都市計畫說明書圖規定辦理,始得作第參種商業區使用)(原屬第參種住宅區)"
萬華區,莒光,2,705,0,"第參種商業區(依都市計畫說明書圖規定辦理,始得作第參種商業區使用)(原屬第參種住宅區)"
萬華區,莒光,2,706,0,"第參種商業區(依都市計畫說明書圖規定辦理,始得作第參種商業區使用)(原屬第參種住宅區)"
萬華區,莒光,2,707,0,"第參種商業區(依都市計畫說明書圖規定辦理,始得作第參種商業區使用)(原屬第參種住宅區)"
萬華區,莒光,2,708,0,"第參種商業區(依都市計畫說明書圖規定辦理,始得作第參種商業區使用)(原屬第參種住宅區)"
萬華區,莒光,2,709,0,"第參種商業區(依都市計畫說明書圖規定辦理,始得作第參種商業區使用)(原屬第參種住宅區)"
萬華區,莒光,2,710,0,"第參種商業區(依都市計畫說明書圖規定辦理,始得作第參種商業區使用)(原屬第參種住宅區)"
萬華區,莒光,2,711,0,"第參種商業區(依都市計畫說明書圖規定辦理,始得作第參種商業區使用)(原屬第參種住宅區)"
萬華區,莒光,2,712,0,"第參種商業區(依都市計畫說明書圖規定辦理,始得作第參種商業區使用)(原屬第參種住宅區)"
萬華區,莒光,2,713,0,"第參種商業區(依都市計畫說明書圖規定辦理,始得作第參種商業區使用)(原屬第參種住宅區)"
萬華區,莒光,2,714,0,"第參種商業區(依都市計畫說明書圖規定辦理,始得作第參種商業區使用)(原屬第參種住宅區)"
萬華區,莒光,2,715,0,"第參種商業區(依都市計畫說明書圖規定辦理,始得作第參種商業區使用)(原屬第參種住宅區)"
萬華區,莒光,2,716,0,"第參種商業區(依都市計畫說明書圖規定辦理,始得作第參種商業區使用)(原屬第參種住宅區)"
萬華區,莒光,2,717,0,"第參種商業區(依都市計畫說明書圖規定辦理,始得作第參種商業區使用)(原屬第參種住宅區)"
萬華區,莒光,2,718,0,"第參種商業區(依都市計畫說明書圖規定辦理,始得作第參種商業區使用)(原屬第參種住宅區)"
萬華區,莒光,2,718,1,"第參種商業區(依都市計畫說明書圖規定辦理,始得作第參種商業區使用)(原屬第參種住宅區)"
萬華區,莒光,2,719,0,"第參種商業區(依都市計畫說明書圖規定辦理,始得作第參種商業區使用)(原屬第參種住宅區)"
萬華區,莒光,2,720,0,"第參種商業區(依都市計畫說明書圖規定辦理,始得作第參種商業區使用)(原屬第參種住宅區)"
萬華區,莒光,2,721,0,"第參種商業區(依都市計畫說明書圖規定辦理,始得作第參種商業區使用)(原屬第參種住宅區)"
萬華區,莒光,2,722,0,"第參種商業區(依都市計畫說明書圖規定辦理,始得作第參種商業區使用)(原屬第參種住宅區)"
萬華區,莒光,2,723,0,"第參種商業區(依都市計畫說明書圖規定辦理,始得作第參種商業區使用)(原屬第參種住宅區)"
萬華區,莒光,2,724,0,"第參種商業區(依都市計畫說明書圖規定辦理,始得作第參種商業區使用)(原屬第參種住宅區)"
萬華區,莒光,2,725,0,"第參種商業區(依都市計畫說明書圖規定辦理,始得作第參種商業區使用)(原屬第參種住宅區)"
萬華區,莒光,2,726,0,"第參種商業區(依都市計畫說明書圖規定辦理,始得作第參種商業區使用)(原屬第參種住宅區)"
萬華區,莒光,2,727,0,"第參種商業區(依都市計畫說明書圖規定辦理,始得作第參種商業區使用)(原屬第參種住宅區)"
萬華區,莒光,2,727,1,"第參種商業區(依都市計畫說明書圖規定辦理,始得作第參種商業區使用)(原屬第參種住宅區)"
萬華區,莒光,2,728,0,"第參種商業區(依都市計畫說明書圖規定辦理,始得作第參種商業區使用)(原屬第參種住宅區)"
萬華區,莒光,2,729,0,"第參種商業區(依都市計畫說明書圖規定辦理,始得作第參種商業區使用)(原屬第參種住宅區)"
萬華區,莒光,2,730,0,"第參種商業區(依都市計畫說明書圖規定辦理,始得作第參種商業區使用)(原屬第參種住宅區)"
萬華區,莒光,2,732,1,道路用地(公共設施用地)
萬華區,莒光,2,732,2,"第參種商業區(依都市計畫說明書圖規定辦理,始得作第參種商業區使用)"
萬華區,莒光,2,733,1,道路用地(公共設施用地)
萬華區,莒光,2,733,2,"第參種商業區(依都市計畫說明書圖規定辦理,始得作第參種商業區使用)"
萬華區,莒光,2,734,0,"第參種商業區(依都市計畫說明書圖規定辦理,始得作第參種商業區使用)(原屬第參種住宅區)"
萬華區,莒光,2,734,1,道路用地(公共設施用地)
萬華區,莒光,2,734,3,"第參種商業區(依都市計畫說明書圖規定辦理,始得作第參種商業區使用)(原屬第參種住宅區)"
萬華區,莒光,2,734,4,道路用地(公共設施用地)
萬華區,莒光,2,734,5,道路用地(公共設施用地)
萬華區,莒光,2,734,6,道路用地(公共設施用地)
萬華區,莒光,2,734,7,"第參種商業區(依都市計畫說明書圖規定辦理,始得作第參種商業區使用)(原屬第參種住宅區)"
萬華區,莒光,2,735,0,"第參種商業區(依都市計畫說明書圖規定辦理,始得作第參種商業區使用)(原屬第參種住宅區)"
萬華區,莒光,2,735,1,道路用地(公共設施用地)
萬華區,莒光,2,736,0,"第參種商業區(依都市計畫說明書圖規定辦理,始得作第參種商業區使用)(原屬第參種住宅區)"
萬華區,莒光,2,736,1,道路用地(公共設施用地)
萬華區,莒光,2,737,0,"第參種商業區(依都市計畫說明書圖規定辦理,始得作第參種商業區使用)(原屬第參種住宅區)"
萬華區,莒光,2,738,0,"第參種商業區(依都市計畫說明書圖規定辦理,始得作第參種商業區使用)(原屬第參種住宅區)"
萬華區,莒光,2,739,0,"第參種商業區(依都市計畫說明書圖規定辦理,始得作第參種商業區使用)(原屬第參種住宅區)"
萬華區,莒光,2,740,0,"第參種商業區(依都市計畫說明書圖規定辦理,始得作第參種商業區使用)(原屬第參種住宅區)"
萬華區,莒光,2,741,0,"第參種商業區(依都市計畫說明書圖規定辦理,始得作第參種商業區使用)(原屬第參種住宅區)"
萬華區,莒光,2,742,0,"第參種商業區(依都市計畫說明書圖規定辦理,始得作第參種商業區使用)(原屬第參種住宅區)"
萬華區,莒光,2,743,0,"第參種商業區(依都市計畫說明書圖規定辦理,始得作第參種商業區使用)(原屬第參種住宅區)"
萬華區,莒光,2,744,0,"第參種商業區(依都市計畫說明書圖規定辦理,始得作第參種商業區使用)(原屬第參種住宅區)"
萬華區,莒光,2,745,0,"第參種商業區(依都市計畫說明書圖規定辦理,始得作第參種商業區使用)(原屬第參種住宅區)"
萬華區,莒光,2,746,0,"第參種商業區(依都市計畫說明書圖規定辦理,始得作第參種商業區使用)(原屬第參種住宅區)"
萬華區,莒光,2,747,0,"第參種商業區(依都市計畫說明書圖規定辦理,始得作第參種商業區使用)(原屬第參種住宅區)"
萬華區,莒光,2,748,0,"第參種商業區(依都市計畫說明書圖規定辦理,始得作第參種商業區使用)(原屬第參種住宅區)"
萬華區,莒光,2,749,0,"第參種商業區(依都市計畫說明書圖規定辦理,始得作第參種商業區使用)(原屬第參種住宅區)"
萬華區,莒光,2,750,0,"第參種商業區(依都市計畫說明書圖規定辦理,始得作第參種商業區使用)(原屬第參種住宅區)"
萬華區,莒光,2,751,0,"第參種商業區(依都市計畫說明書圖規定辦理,始得作第參種商業區使用)(原屬第參種住宅區)"
萬華區,莒光,2,752,0,"第參種商業區(依都市計畫說明書圖規定辦理,始得作第參種商業區使用)(原屬第參種住宅區)"
萬華區,莒光,2,753,0,"第參種商業區(依都市計畫說明書圖規定辦理,始得作第參種商業區使用)(原屬第參種住宅區)"
萬華區,莒光,2,754,0,"第參種商業區(依都市計畫說明書圖規定辦理,始得作第參種商業區使用)(原屬第參種住宅區)"
萬華區,莒光,2,755,0,"第參種商業區(依都市計畫說明書圖規定辦理,始得作第參種商業區使用)(原屬第參種住宅區)"
萬華區,莒光,2,756,0,"第參種商業區(依都市計畫說明書圖規定辦理,始得作第參種商業區使用)(原屬第參種住宅區)"
萬華區,莒光,2,757,0,"第參種商業區(依都市計畫說明書圖規定辦理,始得作第參種商業區使用)(原屬第參種住宅區)"
萬華區,莒光,2,758,0,道路用地(公共設施用地)
萬華區,莒光,2,758,1,道路用地(公共設施用地)
萬華區,莒光,2,759,0,"第參種商業區(依都市計畫說明書圖規定辦理,始得作第參種商業區使用)(原屬第參種住宅區)"
萬華區,莒光,2,760,0,"第參種商業區(依都市計畫說明書圖規定辦理,始得作第參種商業區使用)(原屬第參種住宅區)"
萬華區,莒光,2,761,0,"第參種商業區(依都市計畫說明書圖規定辦理,始得作第參種商業區使用)(原屬第參種住宅區)"
萬華區,莒光,2,762,0,"第參種商業區(依都市計畫說明書圖規定辦理,始得作第參種商業區使用)(原屬第參種住宅區)"
萬華區,莒光,2,763,0,"第參種商業區(依都市計畫說明書圖規定辦理,始得作第參種商業區使用)(原屬第參種住宅區)"
萬華區,莒光,2,764,0,"第參種商業區(依都市計畫說明書圖規定辦理,始得作第參種商業區使用)(原屬第參種住宅區)"
萬華區,莒光,2,764,1,"第參種商業區(依都市計畫說明書圖規定辦理,始得作第參種商業區使用)(原屬第參種住宅區)"
萬華區,莒光,2,765,0,"第參種商業區(依都市計畫說明書圖規定辦理,始得作第參種商業區使用)(原屬第參種住宅區)"
萬華區,莒光,2,766,0,"第參種商業區(依都市計畫說明書圖規定辦理,始得作第參種商業區使用)(原屬第參種住宅區)"
萬華區,莒光,2,767,0,"第參種商業區(依都市計畫說明書圖規定辦理,始得作第參種商業區使用)(原屬第參種住宅區)"
萬華區,莒光,2,791,0,"第參種商業區(依都市計畫說明書圖規定辦理,始得作第參種商業區使用)(原屬第參種住宅區)"
萬華區,莒光,2,803,0,"第參種商業區(依都市計畫說明書圖規定辦理,始得作第參種商業區使用)(原屬第參種住宅區)"
萬華區,莒光,2,803,1,道路用地(公共設施用地)
萬華區,莒光,2,803,2,"第參種商業區(依都市計畫說明書圖規定辦理,始得作第參種商業區使用)(原屬第參種住宅區)"
萬華區,莒光,2,804,0,"第參種商業區(依都市計畫說明書圖規定辦理,始得作第參種商業區使用)(原屬第參種住宅區)"
萬華區,莒光,2,805,0,道路用地(公共設施用地)
萬華區,莒光,2,806,0,"第參種商業區(依都市計畫說明書圖規定辦理,始得作第參種商業區使用)(原屬第參種住宅區)"
萬華區,莒光,2,807,0,"第參種商業區(依都市計畫說明書圖規定辦理,始得作第參種商業區使用)(原屬第參種住宅區)"
萬華區,莒光,2,808,0,"第參種商業區(依都市計畫說明書圖規定辦理,始得作第參種商業區使用)(原屬第參種住宅區)"
萬華區,莒光,2,809,0,"第參種商業區(依都市計畫說明書圖規定辦理,始得作第參種商業區使用)(原屬第參種住宅區)"
萬華區,莒光,2,809,2,"第參種商業區(依都市計畫說明書圖規定辦理,始得作第參種商業區使用)(原屬第參種住宅區)"
萬華區,莒光,2,810,0,"第參種商業區(依都市計畫說明書圖規定辦理,始得作第參種商業區使用)(原屬第參種住宅區)"
萬華區,莒光,2,810,2,"第參種商業區(依都市計畫說明書圖規定辦理,始得作第參種商業區使用)(原屬第參種住宅區)"
萬華區,莒光,2,810,3,道路用地(公共設施用地)
萬華區,莒光,2,810,4,"第參種商業區(依都市計畫說明書圖規定辦理,始得作第參種商業區使用)(原屬第參種住宅區)"
萬華區,莒光,2,810,5,"第參種商業區(依都市計畫說明書圖規定辦理,始得作第參種商業區使用)(原屬第參種住宅區)"
萬華區,莒光,2,811,0,"第參種商業區(依都市計畫說明書圖規定辦理,始得作第參種商業區使用)(原屬第參種住宅區)"
萬華區,莒光,2,813,0,"第參種商業區(依都市計畫說明書圖規定辦理,始得作第參種商業區使用)(原屬第參種住宅區)"
萬華區,莒光,2,814,0,"第參種商業區(依都市計畫說明書圖規定辦理,始得作第參種商業區使用)(原屬第參種住宅區)"
萬華區,莒光,2,815,0,"第參種商業區(依都市計畫說明書圖規定辦理,始得作第參種商業區使用)(原屬第參種住宅區)"
萬華區,莒光,2,816,0,"第參種商業區(依都市計畫說明書圖規定辦理,始得作第參種商業區使用)(原屬第參種住宅區)"
萬華區,莒光,2,817,0,"第參種商業區(依都市計畫說明書圖規定辦理,始得作第參種商業區使用)(原屬第參種住宅區)"
萬華區,莒光,2,818,0,"第參種商業區(依都市計畫說明書圖規定辦理,始得作第參種商業區使用)(原屬第參種住宅區)"
萬華區,莒光,2,819,0,"第參種商業區(依都市計畫說明書圖規定辦理,始得作第參種商業區使用)(原屬第參種住宅區)"
萬華區,莒光,2,819,1,道路用地(公共設施用地)
萬華區,莒光,2,820,0,"第參種商業區(依都市計畫說明書圖規定辦理,始得作第參種商業區使用)(原屬第參種住宅區)"
萬華區,莒光,2,820,1,道路用地(公共設施用地)
萬華區,莒光,2,821,0,"第參種商業區(依都市計畫說明書圖規定辦理,始得作第參種商業區使用)(原屬第參種住宅區)"
萬華區,莒光,2,821,1,道路用地(公共設施用地)
萬華區,莒光,2,822,0,"第參種商業區(依都市計畫說明書圖規定辦理,始得作第參種商業區使用)(原屬第參種住宅區)"
萬華區,莒光,2,823,0,"第參種商業區(依都市計畫說明書圖規定辦理,始得作第參種商業區使用)(原屬第參種住宅區)"
萬華區,莒光,2,823,1,道路用地(公共設施用地)
萬華區,莒光,2,824,0,"第參種商業區(依都市計畫說明書圖規定辦理,始得作第參種商業區使用)(原屬第參種住宅區)"
萬華區,莒光,2,825,0,"第參種商業區(依都市計畫說明書圖規定辦理,始得作第參種商業區使用)(原屬第參種住宅區)"
萬華區,莒光,2,826,0,"第參種商業區(依都市計畫說明書圖規定辦理,始得作第參種商業區使用)(原屬第參種住宅區)"
萬華區,莒光,2,832,0,道路用地(公共設施用地)
萬華區,莒光,2,832,1,"第參種商業區(依都市計畫說明書圖規定辦理,始得作第參種商業區使用)(原屬第參種住宅區)"
萬華區,莒光,2,832,2,"第參種商業區(依都市計畫說明書圖規定辦理,始得作第參種商業區使用)(原屬第參種住宅區)"
萬華區,莒光,2,832,3,道路用地(公共設施用地)
萬華區,莒光,2,833,0,道路用地(公共設施用地)
萬華區,莒光,2,834,0,道路用地(公共設施用地)
萬華區,莒光,2,835,0,道路用地(公共設施用地)
萬華區,莒光,2,836,0,道路用地(公共設施用地)
萬華區,莒光,2,837,0,道路用地(公共設施用地)
萬華區,莒光,2,838,0,"第參種商業區(依都市計畫說明書圖規定辦理,始得作第參種商業區使用)(原屬第三之一種住宅區(特))"
萬華區,莒光,2,839,0,道路用地(公共設施用地)
萬華區,莒光,2,840,0,道路用地(公共設施用地)
萬華區,莒光,2,841,0,道路用地(公共設施用地)
萬華區,莒光,2,842,0,道路用地(公共設施用地)
萬華區,莒光,2,843,0,道路用地(公共設施用地)
萬華區,莒光,2,844,0,"第參種商業區(依都市計畫說明書圖規定辦理,始得作第參種商業區使用)(原屬第參之壹種住宅區)"
萬華區,莒光,2,844,1,"第參種商業區(依都市計畫說明書圖規定辦理,始得作第參種商業區使用)(原屬第三之一種住宅區(特))"
萬華區,莒光,2,845,0,"第參種商業區(依都市計畫說明書圖規定辦理,始得作第參種商業區使用)(原屬第參之壹種住宅區)"
萬華區,莒光,2,846,0,道路用地(公共設施用地)
萬華區,莒光,2,847,0,"第參種商業區(依都市計畫說明書圖規定辦理,始得作第參種商業區使用)(原屬第參之壹種住宅區)"
萬華區,莒光,2,848,0,道路用地(公共設施用地)
萬華區,莒光,2,849,0,道路用地(公共設施用地)
萬華區,莒光,2,850,0,道路用地(公共設施用地)
萬華區,莒光,2,851,0,道路用地(公共設施用地)
萬華區,莒光,3,1,0,道路用地(公共設施用地)
萬華區,莒光,3,2,0,道路用地(公共設施用地)
萬華區,莒光,3,3,0,道路用地(公共設施用地)
萬華區,莒光,3,4,0,"第參種商業區(依都市計畫說明書圖規定辦理,始得作第參種商業區使用)(原屬第參種住宅區)"
萬華區,莒光,3,6,0,道路用地(公共設施用地)
萬華區,莒光,3,7,0,"第參種商業區(依都市計畫說明書圖規定辦理,始得作第參種商業區使用)(原屬第參種住宅區)"
萬華區,莒光,3,8,0,"第參種商業區(依都市計畫說明書圖規定辦理,始得作第參種商業區使用)(原屬第參種住宅區)"
萬華區,莒光,3,9,0,"第參種商業區(依都市計畫說明書圖規定辦理,始得作第參種商業區使用)(原屬第參種住宅區)"
萬華區,莒光,3,10,0,道路用地(公共設施用地)
萬華區,莒光,3,11,0,"第參種商業區(依都市計畫說明書圖規定辦理,始得作第參種商業區使用)(原屬第參種住宅區)"
萬華區,莒光,3,21,0,道路用地(公共設施用地)
萬華區,莒光,3,22,0,道路用地(公共設施用地)
萬華區,莒光,3,22,1,道路用地(公共設施用地)
萬華區,莒光,3,23,0,道路用地(公共設施用地)
萬華區,莒光,3,24,0,道路用地(公共設施用地)
萬華區,莒光,3,27,1,道路用地(公共設施用地)
萬華區,莒光,3,28,0,"第參種商業區(依都市計畫說明書圖規定辦理,始得作第參種商業區使用)(原屬第參種住宅區)"
萬華區,莒光,3,28,1,道路用地(公共設施用地)
萬華區,莒光,3,29,0,"第參種商業區(依都市計畫說明書圖規定辦理,始得作第參種商業區使用)(原屬第參種住宅區)"
萬華區,莒光,3,30,0,"第參種商業區(依都市計畫說明書圖規定辦理,始得作第參種商業區使用)(原屬第參種住宅區)"
萬華區,莒光,3,30,1,道路用地(公共設施用地)
萬華區,莒光,3,31,0,"第參種商業區(依都市計畫說明書圖規定辦理,始得作第參種商業區使用)(原屬第參種住宅區)"
萬華區,莒光,3,32,0,"第參種商業區(依都市計畫說明書圖規定辦理,始得作第參種商業區使用)(原屬第參種住宅區)"
萬華區,莒光,3,33,0,"第參種商業區(依都市計畫說明書圖規定辦理,始得作第參種商業區使用)(原屬第參種住宅區)"
萬華區,莒光,3,34,0,"第參種商業區(依都市計畫說明書圖規定辦理,始得作第參種商業區使用)(原屬第參種住宅區)"
萬華區,莒光,3,35,0,"第參種商業區(依都市計畫說明書圖規定辦理,始得作第參種商業區使用)(原屬第參種住宅區)"
萬華區,莒光,3,36,0,"第參種商業區(依都市計畫說明書圖規定辦理,始得作第參種商業區使用)(原屬第參種住宅區)"
萬華區,莒光,3,37,0,"第參種商業區(依都市計畫說明書圖規定辦理,始得作第參種商業區使用)(原屬第參種住宅區)"
萬華區,莒光,3,38,0,"第參種商業區(依都市計畫說明書圖規定辦理,始得作第參種商業區使用)(原屬第參種住宅區)"
萬華區,莒光,3,43,1,"第參種商業區(依都市計畫說明書圖規定辦理,始得作第參種商業區使用)(原屬第參種住宅區)"
萬華區,莒光,3,44,0,"第參種商業區(依都市計畫說明書圖規定辦理,始得作第參種商業區使用)(原屬第參種住宅區)"
萬華區,莒光,3,45,0,"第參種商業區(依都市計畫說明書圖規定辦理,始得作第參種商業區使用)(原屬第參種住宅區)"
萬華區,莒光,3,46,0,"第參種商業區(依都市計畫說明書圖規定辦理,始得作第參種商業區使用)(原屬第參種住宅區)"
萬華區,莒光,3,47,0,"第參種商業區(依都市計畫說明書圖規定辦理,始得作第參種商業區使用)(原屬第參種住宅區)"
萬華區,莒光,3,48,0,"第參種商業區(依都市計畫說明書圖規定辦理,始得作第參種商業區使用)(原屬第參種住宅區)"
萬華區,莒光,3,49,0,"第參種商業區(依都市計畫說明書圖規定辦理,始得作第參種商業區使用)(原屬第參種住宅區)"
萬華區,莒光,3,50,0,"第參種商業區(依都市計畫說明書圖規定辦理,始得作第參種商業區使用)(原屬第參種住宅區)"
萬華區,莒光,3,52,0,"第參種商業區(依都市計畫說明書圖規定辦理,始得作第參種商業區使用)(原屬第參種住宅區)"
萬華區,莒光,3,53,0,道路用地(公共設施用地)
萬華區,莒光,3,54,0,"第參種商業區(依都市計畫說明書圖規定辦理,始得作第參種商業區使用)(原屬第參種住宅區),但是否在道路用地(公共設施用地)(應依建築線或俟地籍測量分割後,再確定)"
萬華區,莒光,3,55,0,"第參種商業區(依都市計畫說明書圖規定辦理,始得作第參種商業區使用)(原屬第參種住宅區)"
萬華區,莒光,3,56,0,"第參種商業區(依都市計畫說明書圖規定辦理,始得作第參種商業區使用)(原屬第參種住宅區)"
萬華區,莒光,3,57,0,"第參種商業區(依都市計畫說明書圖規定辦理,始得作第參種商業區使用)(原屬第參種住宅區)"
萬華區,莒光,3,58,0,"第參種商業區(依都市計畫說明書圖規定辦理,始得作第參種商業區使用)(原屬第參種住宅區)"
萬華區,莒光,3,59,0,"第參種商業區(依都市計畫說明書圖規定辦理,始得作第參種商業區使用)(原屬第參種住宅區)"
萬華區,莒光,3,60,0,"第參種商業區(依都市計畫說明書圖規定辦理,始得作第參種商業區使用)(原屬第參種住宅區)"
萬華區,莒光,3,61,0,"第參種商業區(依都市計畫說明書圖規定辦理,始得作第參種商業區使用)(原屬第參種住宅區)"
萬華區,莒光,3,62,0,"第參種商業區(依都市計畫說明書圖規定辦理,始得作第參種商業區使用)(原屬第參種住宅區)"
萬華區,莒光,3,63,0,"第參種商業區(依都市計畫說明書圖規定辦理,始得作第參種商業區使用)(原屬第參種住宅區)"
萬華區,莒光,3,64,0,"第參種商業區(依都市計畫說明書圖規定辦理,始得作第參種商業區使用)(原屬第參種住宅區)"
萬華區,莒光,3,65,0,"第參種商業區(依都市計畫說明書圖規定辦理,始得作第參種商業區使用)(原屬第參種住宅區)"
萬華區,莒光,3,66,0,"第參種商業區(依都市計畫說明書圖規定辦理,始得作第參種商業區使用)(原屬第參種住宅區)"
萬華區,莒光,3,67,0,"第參種商業區(依都市計畫說明書圖規定辦理,始得作第參種商業區使用)(原屬第參種住宅區)"
萬華區,莒光,3,68,0,"第參種商業區(依都市計畫說明書圖規定辦理,始得作第參種商業區使用)(原屬第參種住宅區)"
萬華區,莒光,3,69,0,"第參種商業區(依都市計畫說明書圖規定辦理,始得作第參種商業區使用)(原屬第參種住宅區)"
萬華區,莒光,3,70,0,"第參種商業區(依都市計畫說明書圖規定辦理,始得作第參種商業區使用)(原屬第參種住宅區)"
萬華區,莒光,3,71,0,第三種商業區(特)
萬華區,莒光,3,71,1,道路用地(公共設施用地)
萬華區,莒光,3,71,4,道路用地(公共設施用地)
萬華區,莒光,3,71,7,"第參種商業區(依都市計畫說明書圖規定辦理,始得作第參種商業區使用)(原屬第參種住宅區)"
萬華區,莒光,3,71,8,道路用地(公共設施用地)
萬華區,莒光,3,71,12,"第參種商業區(依都市計畫說明書圖規定辦理,始得作第參種商業區使用)(原屬第參種住宅區)"
萬華區,莒光,3,71,13,道路用地(公共設施用地)
萬華區,莒光,3,72,1,道路用地(公共設施用地)
萬華區,莒光,3,72,6,道路用地(公共設施用地)
萬華區,莒光,3,73,0,"第參種商業區(依都市計畫說明書圖規定辦理,始得作第參種商業區使用)(原屬第參種住宅區)"
萬華區,莒光,3,73,1,道路用地(公共設施用地)
萬華區,莒光,3,73,2,"第參種商業區(依都市計畫說明書圖規定辦理,始得作第參種商業區使用)(原屬第參種住宅區)"
萬華區,莒光,3,73,4,"第參種商業區(依都市計畫說明書圖規定辦理,始得作第參種商業區使用)(原屬第參種住宅區)"
萬華區,莒光,3,74,1,道路用地(公共設施用地)
萬華區,莒光,3,75,1,道路用地(公共設施用地)
萬華區,莒光,3,76,1,道路用地(公共設施用地)
萬華區,莒光,3,77,1,道路用地(公共設施用地)
萬華區,莒光,3,78,0,"第參種商業區(依都市計畫說明書圖規定辦理,始得作第參種商業區使用)(原屬第參種住宅區)"
萬華區,莒光,3,78,1,道路用地(公共設施用地)
萬華區,莒光,3,90,0,"第參種商業區(依都市計畫說明書圖規定辦理,始得作第參種商業區使用)(原屬第參種住宅區)"
萬華區,莒光,3,91,0,"第參種商業區(依都市計畫說明書圖規定辦理,始得作第參種商業區使用)(原屬第參種住宅區)"
萬華區,莒光,3,92,0,第三種住宅區
萬華區,莒光,3,92,1,道路用地(公共設施用地)
萬華區,莒光,3,92,2,"第參種商業區(依都市計畫說明書圖規定辦理,始得作第參種商業區使用)(原屬第參種住宅區)"
萬華區,莒光,3,93,0,第三種住宅區
萬華區,莒光,3,94,1,道路用地(公共設施用地)
萬華區,莒光,3,94,2,道路用地(公共設施用地)
萬華區,莒光,3,94,3,道路用地(公共設施用地)
萬華區,莒光,3,94,4,第三種住宅區
萬華區,莒光,3,95,0,第三種住宅區
萬華區,莒光,3,95,1,道路用地(公共設施用地)
萬華區,莒光,3,95,2,道路用地(公共設施用地)
萬華區,莒光,3,97,0,第三種住宅區
萬華區,莒光,3,97,1,道路用地(公共設施用地)
萬華區,莒光,3,97,2,道路用地(公共設施用地)
萬華區,莒光,3,98,0,第三種住宅區
萬華區,莒光,3,98,1,道路用地(公共設施用地)
萬華區,莒光,3,98,2,道路用地(公共設施用地)
萬華區,莒光,3,99,0,第三種住宅區
萬華區,莒光,3,100,0,第三種住宅區
萬華區,莒光,3,100,1,道路用地(公共設施用地)
萬華區,莒光,3,100,2,道路用地(公共設施用地)
萬華區,莒光,3,101,0,第三種住宅區
萬華區,莒光,3,101,1,道路用地(公共設施用地)
萬華區,莒光,3,102,0,第三種住宅區
萬華區,莒光,3,102,1,第三種住宅區
萬華區,莒光,3,102,2,第三種住宅區
萬華區,莒光,3,102,3,道路用地(公共設施用地)
萬華區,莒光,3,102,4,道路用地(公共設施用地)
萬華區,莒光,3,103,0,第三種住宅區
萬華區,莒光,3,103,1,第三種住宅區
萬華區,莒光,3,104,0,第三種住宅區
萬華區,莒光,3,104,1,道路用地(公共設施用地)
萬華區,莒光,3,105,0,道路用地(公共設施用地)
萬華區,莒光,3,105,1,道路用地(公共設施用地)
萬華區,莒光,3,106,0,第三種住宅區
萬華區,莒光,3,106,1,道路用地(公共設施用地)
萬華區,莒光,3,107,0,第三種住宅區
萬華區,莒光,3,108,0,第三種住宅區
萬華區,莒光,3,109,0,第三種住宅區
萬華區,莒光,3,109,1,道路用地(公共設施用地)
萬華區,莒光,3,109,2,道路用地(公共設施用地)
萬華區,莒光,3,110,0,第三種住宅區
萬華區,莒光,3,110,2,道路用地(公共設施用地)
萬華區,莒光,3,110,3,第三種住宅區
萬華區,莒光,3,110,4,第三種住宅區
萬華區,莒光,3,111,2,道路用地(公共設施用地)
萬華區,莒光,3,112,0,道路用地(公共設施用地)
萬華區,莒光,3,112,1,道路用地(公共設施用地)
萬華區,莒光,3,113,2,道路用地(公共設施用地)
萬華區,莒光,3,113,3,第三種住宅區
萬華區,莒光,3,115,0,第三種住宅區
萬華區,莒光,3,116,1,道路用地(公共設施用地)
萬華區,莒光,3,116,2,第三種住宅區
萬華區,莒光,3,116,3,第三種住宅區
萬華區,莒光,3,117,1,道路用地(公共設施用地)
萬華區,莒光,3,117,2,第三種住宅區
萬華區,莒光,3,117,3,第三種住宅區
萬華區,莒光,3,118,0,第三種住宅區
萬華區,莒光,3,119,0,第三種住宅區
萬華區,莒光,3,119,1,第三種住宅區
萬華區,莒光,3,119,2,第三種住宅區
萬華區,莒光,3,119,3,第三種住宅區
萬華區,莒光,3,119,4,道路用地(公共設施用地)
萬華區,莒光,3,119,5,道路用地(公共設施用地)
萬華區,莒光,3,119,6,道路用地(公共設施用地)
萬華區,莒光,3,119,7,第三種住宅區
萬華區,莒光,3,119,8,第三種住宅區
萬華區,莒光,3,119,9,第三種住宅區
萬華區,莒光,3,120,0,第三種住宅區
萬華區,莒光,3,120,1,第三種住宅區
萬華區,莒光,3,120,2,第三種住宅區
萬華區,莒光,3,121,0,第三種住宅區
萬華區,莒光,3,122,0,第三種住宅區
萬華區,莒光,3,122,1,第三種住宅區
萬華區,莒光,3,122,2,道路用地(公共設施用地)
萬華區,莒光,3,122,3,道路用地(公共設施用地)
萬華區,莒光,3,122,4,道路用地(公共設施用地)
萬華區,莒光,3,122,5,道路用地(公共設施用地)
萬華區,莒光,3,122,6,道路用地(公共設施用地)
萬華區,莒光,3,124,1,第三種住宅區
萬華區,莒光,3,124,2,道路用地(公共設施用地)
萬華區,莒光,3,128,0,第三種住宅區
萬華區,莒光,3,128,1,第三種住宅區
萬華區,莒光,3,128,3,道路用地(公共設施用地)
萬華區,莒光,3,129,0,第三種住宅區
萬華區,莒光,3,129,5,第三種住宅區
萬華區,莒光,3,129,6,第三種住宅區
萬華區,莒光,3,129,7,第三種住宅區
萬華區,莒光,3,129,8,第三種住宅區
萬華區,莒光,3,129,9,第三種住宅區
萬華區,莒光,3,129,10,第三種住宅區
萬華區,莒光,3,129,11,道路用地(公共設施用地)
萬華區,莒光,3,130,0,第三種住宅區
萬華區,莒光,3,131,0,第三種住宅區
萬華區,莒光,3,134,2,道路用地(公共設施用地)
萬華區,莒光,3,135,2,道路用地(公共設施用地)
萬華區,莒光,3,136,3,道路用地(公共設施用地)
萬華區,莒光,3,136,4,道路用地(公共設施用地)
萬華區,莒光,3,136,5,道路用地(公共設施用地)
萬華區,莒光,3,137,0,第三種住宅區
萬華區,莒光,3,137,1,第三種住宅區
萬華區,莒光,3,137,2,道路用地(公共設施用地)
萬華區,莒光,3,137,3,道路用地(公共設施用地)
萬華區,莒光,3,137,4,道路用地(公共設施用地)
萬華區,莒光,3,137,5,道路用地(公共設施用地)
萬華區,莒光,3,137,6,道路用地(公共設施用地)
萬華區,莒光,3,137,7,道路用地(公共設施用地)
萬華區,莒光,3,137,8,道路用地(公共設施用地)
萬華區,莒光,3,138,0,第三種住宅區
萬華區,莒光,3,138,1,道路用地(公共設施用地)
萬華區,莒光,3,138,2,道路用地(公共設施用地)
萬華區,莒光,3,139,0,第三種住宅區
萬華區,莒光,3,139,1,道路用地(公共設施用地)
萬華區,莒光,3,139,2,第三種住宅區
萬華區,莒光,3,139,3,道路用地(公共設施用地)
萬華區,莒光,3,140,0,道路用地(公共設施用地)
萬華區,莒光,3,141,0,道路用地(公共設施用地)
萬華區,莒光,3,141,1,第三種住宅區
萬華區,莒光,3,141,3,第三種住宅區
萬華區,莒光,3,141,6,"第參種商業區(依都市計畫說明書圖規定辦理,始得作第參種商業區使用)(原屬第參種住宅區)"
萬華區,莒光,3,141,7,道路用地(公共設施用地)
萬華區,莒光,3,141,8,道路用地(公共設施用地)
萬華區,莒光,3,141,10,道路用地(公共設施用地)
萬華區,莒光,3,141,11,道路用地(公共設施用地)
萬華區,莒光,3,141,15,第三種住宅區
萬華區,莒光,3,141,16,"第參種商業區(依都市計畫說明書圖規定辦理,始得作第參種商業區使用)(原屬第參種住宅區)"
萬華區,莒光,3,141,18,道路用地(公共設施用地)
萬華區,莒光,3,141,19,道路用地(公共設施用地)
萬華區,莒光,3,141,20,道路用地(公共設施用地)
萬華區,莒光,3,141,21,道路用地(公共設施用地)
萬華區,莒光,3,141,22,道路用地(公共設施用地)
萬華區,莒光,3,141,23,道路用地(公共設施用地)
萬華區,莒光,3,141,24,"第參種商業區(依都市計畫說明書圖規定辦理,始得作第參種商業區使用)(原屬第參種住宅區)"
萬華區,莒光,3,141,25,道路用地(公共設施用地)
萬華區,莒光,3,141,26,"第參種商業區(依都市計畫說明書圖規定辦理,始得作第參種商業區使用)(原屬第參種住宅區)"
萬華區,莒光,3,141,27,道路用地(公共設施用地)
萬華區,莒光,3,142,0,第三種住宅區
萬華區,莒光,3,142,1,道路用地(公共設施用地)
萬華區,莒光,3,142,3,道路用地(公共設施用地)
萬華區,莒光,3,142,4,第三種住宅區
萬華區,莒光,3,143,0,道路用地(公共設施用地)
萬華區,莒光,3,143,1,道路用地(公共設施用地)
萬華區,莒光,3,143,2,道路用地(公共設施用地)
萬華區,莒光,3,143,3,道路用地(公共設施用地)
萬華區,莒光,3,144,1,道路用地(公共設施用地)
萬華區,莒光,3,145,0,道路用地(公共設施用地)
萬華區,莒光,3,146,0,第三種住宅區
萬華區,莒光,3,146,1,道路用地(公共設施用地)
萬華區,莒光,3,147,0,第三種住宅區
萬華區,莒光,3,147,1,道路用地(公共設施用地)
萬華區,莒光,3,148,0,道路用地(公共設施用地)
萬華區,莒光,3,149,0,第三種住宅區
萬華區,莒光,3,149,1,道路用地(公共設施用地)
萬華區,莒光,3,150,0,第三種住宅區
萬華區,莒光,3,150,1,道路用地(公共設施用地)
萬華區,莒光,3,151,0,第三種住宅區
萬華區,莒光,3,151,1,道路用地(公共設施用地)
萬華區,莒光,3,152,0,第三種住宅區
萬華區,莒光,3,153,0,第三種住宅區
萬華區,莒光,3,153,1,第三種住宅區
萬華區,莒光,3,153,2,第三種住宅區
萬華區,莒光,3,153,3,第三種住宅區
萬華區,莒光,3,154,0,第三種住宅區
萬華區,莒光,3,154,1,道路用地(公共設施用地)
萬華區,莒光,3,154,2,道路用地(公共設施用地)
萬華區,莒光,3,155,0,第三種住宅區
萬華區,莒光,3,155,1,道路用地(公共設施用地)
萬華區,莒光,3,156,0,道路用地(公共設施用地)
萬華區,莒光,3,157,0,道路用地(公共設施用地)
萬華區,莒光,3,158,0,第三種住宅區
萬華區,莒光,3,159,0,第三種住宅區
萬華區,莒光,3,159,1,道路用地(公共設施用地)
萬華區,莒光,3,159,2,第三種住宅區
萬華區,莒光,3,160,0,第三種住宅區
萬華區,莒光,3,161,0,第三種住宅區
萬華區,莒光,3,163,1,道路用地(公共設施用地)
萬華區,莒光,3,164,1,道路用地(公共設施用地)
萬華區,莒光,3,165,0,道路用地(公共設施用地)
萬華區,莒光,3,166,0,道路用地(公共設施用地)
萬華區,莒光,3,166,1,道路用地(公共設施用地)
萬華區,莒光,3,167,0,道路用地(公共設施用地)
萬華區,莒光,3,168,0,"道路用地(公共設施用地),但是否在交通用地(公共設施用地)(應依建築線或俟地籍測量分割後,再確定)"
萬華區,莒光,3,169,0,道路用地(公共設施用地)
萬華區,莒光,3,170,0,道路用地(公共設施用地)
萬華區,莒光,3,171,0,第三種住宅區
萬華區,莒光,3,172,0,第三種住宅區
萬華區,莒光,3,173,0,第三種住宅區
萬華區,莒光,3,174,0,第三種住宅區
萬華區,莒光,3,175,0,第三種住宅區
萬華區,莒光,3,176,0,第三種住宅區
萬華區,莒光,3,177,0,"第三種住宅區,但是否在道路用地(公共設施用地)(應依建築線或俟地籍測量分割後,再確定)"
萬華區,莒光,3,178,0,第三種住宅區
萬華區,莒光,3,178,1,道路用地(公共設施用地)
萬華區,莒光,3,179,0,第三種住宅區
萬華區,莒光,3,180,0,第三種住宅區
萬華區,莒光,3,181,0,第三種住宅區
萬華區,莒光,3,182,0,第三種住宅區
萬華區,莒光,3,183,0,機關用地(公共設施用地)
萬華區,莒光,3,184,0,道路用地(公共設施用地)
萬華區,莒光,3,184,2,"道路用地(公共設施用地),但是否在機關用地(公共設施用地)(應依建築線或俟地籍測量分割後,再確定)"
萬華區,莒光,3,185,0,"道路用地(公共設施用地),但是否在交通用地(公共設施用地)(應依建築線或俟地籍測量分割後,再確定)"
萬華區,莒光,3,185,1,第三之一種住宅區
萬華區,莒光,3,185,2,交通用地(公共設施用地)
萬華區,莒光,3,185,3,第三種住宅區
萬華區,莒光,3,186,0,道路用地(公共設施用地)
萬華區,莒光,3,186,1,道路用地(公共設施用地)
萬華區,莒光,3,186,2,道路用地(公共設施用地)
萬華區,莒光,3,186,3,道路用地(公共設施用地)
萬華區,莒光,3,187,0,"道路用地(公共設施用地),但是否在交通用地(公共設施用地)(應依建築線或俟地籍測量分割後,再確定)"
萬華區,莒光,3,188,0,道路用地(公共設施用地)
萬華區,莒光,3,189,0,道路用地(公共設施用地)
萬華區,莒光,3,190,0,第三之一種住宅區
萬華區,莒光,3,190,1,道路用地(公共設施用地)
萬華區,莒光,3,191,0,第三之一種住宅區
萬華區,莒光,3,191,1,第三之一種住宅區
萬華區,莒光,3,191,6,第三之一種住宅區
萬華區,莒光,3,191,7,第三之一種住宅區
萬華區,莒光,3,191,8,第三之一種住宅區
萬華區,莒光,3,191,9,第三種住宅區
萬華區,莒光,3,192,0,第三之一種住宅區
萬華區,莒光,3,193,0,第三之一種住宅區
萬華區,莒光,3,194,0,第三之一種住宅區
萬華區,莒光,3,195,0,第三之一種住宅區
萬華區,莒光,3,196,0,第三之一種住宅區
萬華區,莒光,3,197,0,第三之一種住宅區
萬華區,莒光,3,197,1,第三種住宅區
萬華區,莒光,3,198,1,道路用地(公共設施用地)
萬華區,莒光,3,198,3,道路用地(公共設施用地)
萬華區,莒光,3,198,5,第三種住宅區
萬華區,莒光,3,198,7,第三之一種住宅區及第三種住宅區
萬華區,莒光,3,198,8,第三種住宅區
萬華區,莒光,3,199,0,第三種住宅區
萬華區,莒光,3,200,0,第三種住宅區
萬華區,莒光,3,201,0,第三種住宅區
萬華區,莒光,3,202,0,第三種住宅區
萬華區,莒光,3,203,0,第三種住宅區
萬華區,莒光,3,204,0,第三種住宅區
萬華區,莒光,3,205,0,第三種住宅區
萬華區,莒光,3,206,0,第三種住宅區
萬華區,莒光,3,207,0,第三種住宅區
萬華區,莒光,3,208,0,第三種住宅區
萬華區,莒光,3,209,0,第三種住宅區
萬華區,莒光,3,210,0,第三種住宅區
萬華區,莒光,3,211,0,第三種住宅區
萬華區,莒光,3,212,0,第三種住宅區
萬華區,莒光,3,213,0,第三種住宅區
萬華區,莒光,3,214,0,第三種住宅區
萬華區,莒光,3,215,0,第三種住宅區
萬華區,莒光,3,216,0,第三種住宅區
萬華區,莒光,3,217,0,第三種住宅區
萬華區,莒光,3,217,1,第三種住宅區
萬華區,莒光,3,217,2,第三種住宅區
萬華區,莒光,3,217,3,第三種住宅區
萬華區,莒光,3,217,4,第三種住宅區
萬華區,莒光,3,217,5,道路用地(公共設施用地)
萬華區,莒光,3,217,6,道路用地(公共設施用地)
萬華區,莒光,3,217,7,道路用地(公共設施用地)
萬華區,莒光,3,217,8,道路用地(公共設施用地)
萬華區,莒光,3,218,0,第三種住宅區
萬華區,莒光,3,219,0,第三種住宅區
萬華區,莒光,3,220,0,第三種住宅區
萬華區,莒光,3,224,0,第三之一種住宅區
萬華區,莒光,3,224,1,道路用地(公共設施用地)
萬華區,莒光,3,224,3,第三種住宅區
萬華區,莒光,3,224,4,第三種住宅區
萬華區,莒光,3,224,5,第三種住宅區
萬華區,莒光,3,225,0,第三種住宅區
萬華區,莒光,3,226,0,第三種住宅區
萬華區,莒光,3,227,0,第三種住宅區
萬華區,莒光,3,228,0,第三種住宅區
萬華區,莒光,3,229,0,第三種住宅區
萬華區,莒光,3,230,0,第三種住宅區
萬華區,莒光,3,230,2,第三種住宅區
萬華區,莒光,3,230,3,道路用地(公共設施用地)
萬華區,莒光,3,231,0,第三種住宅區
萬華區,莒光,3,232,0,第三種住宅區
萬華區,莒光,3,233,0,第三種住宅區
萬華區,莒光,3,234,0,第三種住宅區
萬華區,莒光,3,235,0,第三種住宅區
萬華區,莒光,3,236,0,第三種住宅區
萬華區,莒光,3,237,0,第三種住宅區
萬華區,莒光,3,238,0,第三種住宅區
萬華區,莒光,3,238,1,第三種住宅區
萬華區,莒光,3,238,2,第三種住宅區
萬華區,莒光,3,238,3,第三種住宅區
萬華區,莒光,3,239,0,第三種住宅區
萬華區,莒光,3,240,0,道路用地(公共設施用地)
萬華區,莒光,3,240,2,道路用地(公共設施用地)
萬華區,莒光,3,240,4,道路用地(公共設施用地)
萬華區,莒光,3,240,5,第三種住宅區
萬華區,莒光,3,240,6,道路用地(公共設施用地)
萬華區,莒光,3,240,7,第三種住宅區
萬華區,莒光,3,240,8,道路用地(公共設施用地)
萬華區,莒光,3,240,9,道路用地(公共設施用地)
萬華區,莒光,3,240,10,第三種住宅區
萬華區,莒光,3,240,12,第三種住宅區
萬華區,莒光,3,240,13,第三種住宅區
萬華區,莒光,3,240,15,第三種住宅區
萬華區,莒光,3,240,18,第三種住宅區
萬華區,莒光,3,242,0,第三種住宅區
萬華區,莒光,3,243,0,第三種住宅區
萬華區,莒光,3,244,0,第三種住宅區
萬華區,莒光,3,245,0,第三種住宅區
萬華區,莒光,3,246,0,第三種住宅區
萬華區,莒光,3,247,0,第三種住宅區
萬華區,莒光,3,248,0,第三種住宅區
萬華區,莒光,3,249,0,第三種住宅區
萬華區,莒光,3,250,0,第三種住宅區
萬華區,莒光,3,251,0,第三種住宅區
萬華區,莒光,3,252,0,第三種住宅區
萬華區,莒光,3,253,0,第三種住宅區
萬華區,莒光,3,254,0,第三種住宅區
萬華區,莒光,3,255,0,第三種住宅區
萬華區,莒光,3,256,0,第三種住宅區
萬華區,莒光,3,257,0,第三種住宅區
萬華區,莒光,3,258,0,第三種住宅區
萬華區,莒光,3,258,1,道路用地(公共設施用地)
萬華區,莒光,3,258,2,道路用地(公共設施用地)
萬華區,莒光,3,259,0,第三種住宅區
萬華區,莒光,3,259,1,道路用地(公共設施用地)
萬華區,莒光,3,259,3,第三種住宅區
萬華區,莒光,3,259,4,第三種住宅區
萬華區,莒光,3,259,5,道路用地(公共設施用地)
萬華區,莒光,3,259,6,道路用地(公共設施用地)
萬華區,莒光,3,259,7,道路用地(公共設施用地)
萬華區,莒光,3,260,0,第三種住宅區
萬華區,莒光,3,260,4,道路用地(公共設施用地)
萬華區,莒光,3,260,5,第三種住宅區
萬華區,莒光,3,260,7,第三種住宅區
萬華區,莒光,3,260,8,第三種住宅區
萬華區,莒光,3,260,9,道路用地(公共設施用地)
萬華區,莒光,3,260,10,道路用地(公共設施用地)
萬華區,莒光,3,260,11,第三種住宅區
萬華區,莒光,3,260,12,第三種住宅區
萬華區,莒光,3,260,13,道路用地(公共設施用地)
萬華區,莒光,3,260,14,道路用地(公共設施用地)
萬華區,莒光,3,261,0,第三種住宅區
萬華區,莒光,3,262,0,第三種住宅區
萬華區,莒光,3,262,2,道路用地(公共設施用地)
萬華區,莒光,3,263,0,第三種住宅區
萬華區,莒光,3,264,0,第三種住宅區
萬華區,莒光,3,264,1,道路用地(公共設施用地)
萬華區,莒光,3,265,0,道路用地(公共設施用地)
萬華區,莒光,3,266,0,道路用地(公共設施用地)
萬華區,莒光,3,269,0,道路用地(公共設施用地)
萬華區,莒光,3,270,0,道路用地(公共設施用地)
萬華區,莒光,3,273,0,道路用地(公共設施用地)
萬華區,莒光,3,274,0,道路用地(公共設施用地)
萬華區,莒光,3,277,0,道路用地(公共設施用地)
萬華區,莒光,3,278,0,道路用地(公共設施用地)
萬華區,莒光,3,281,0,道路用地(公共設施用地)
萬華區,莒光,3,282,0,第三之一種住宅區
萬華區,莒光,3,282,1,道路用地(公共設施用地)
萬華區,莒光,3,282,2,第三種住宅區
萬華區,莒光,3,283,0,第三之一種住宅區
萬華區,莒光,3,283,1,道路用地(公共設施用地)
萬華區,莒光,3,283,2,第三種住宅區
萬華區,莒光,3,284,0,第三之一種住宅區
萬華區,莒光,3,284,1,道路用地(公共設施用地)
萬華區,莒光,3,284,2,第三種住宅區
萬華區,莒光,3,285,0,第三種住宅區
萬華區,莒光,3,286,0,第三種住宅區及第三之一種住宅區
萬華區,莒光,3,287,0,第三之一種住宅區
萬華區,莒光,3,288,0,第三之一種住宅區
萬華區,莒光,3,289,0,第三之一種住宅區
萬華區,莒光,3,290,0,第三之一種住宅區
萬華區,莒光,3,291,0,第三之一種住宅區
萬華區,莒光,3,291,1,第三之一種住宅區
萬華區,莒光,3,291,2,第三之一種住宅區
萬華區,莒光,3,291,3,第三之一種住宅區
萬華區,莒光,3,292,0,第三之一種住宅區
萬華區,莒光,3,293,0,第三之一種住宅區
萬華區,莒光,3,294,0,第三之一種住宅區
萬華區,莒光,3,295,0,"第三之一種住宅區,但是否在道路用地(公共設施用地)(應依建築線或俟地籍測量分割後,再確定)"
萬華區,莒光,3,296,0,第三之一種住宅區
萬華區,莒光,3,297,0,第三之一種住宅區
萬華區,莒光,3,299,0,道路用地(公共設施用地)
萬華區,莒光,3,312,0,道路用地(公共設施用地)
萬華區,莒光,3,313,0,道路用地(公共設施用地)
萬華區,莒光,3,314,0,道路用地(公共設施用地)
萬華區,莒光,3,314,1,道路用地(公共設施用地)
萬華區,莒光,3,314,2,道路用地(公共設施用地)
萬華區,莒光,3,315,0,道路用地(公共設施用地)
萬華區,莒光,3,316,0,道路用地(公共設施用地)
萬華區,莒光,3,317,0,道路用地(公共設施用地)
萬華區,莒光,3,318,0,第三種住宅區
萬華區,莒光,3,320,1,第三種住宅區
萬華區,莒光,3,321,0,第三種住宅區
萬華區,莒光,3,322,0,第三種住宅區
萬華區,莒光,3,322,1,道路用地(公共設施用地)
萬華區,莒光,3,322,2,第三種住宅區
萬華區,莒光,3,323,0,第三種住宅區
萬華區,莒光,3,323,1,道路用地(公共設施用地)
萬華區,莒光,3,323,2,第三種住宅區
萬華區,莒光,3,324,0,第三種住宅區
萬華區,莒光,3,325,0,第三種住宅區
萬華區,莒光,3,326,1,第三種住宅區
萬華區,莒光,3,326,2,第三種住宅區
萬華區,莒光,3,330,1,第三種住宅區
萬華區,莒光,3,331,0,第三種住宅區
萬華區,莒光,3,332,0,第三種住宅區
萬華區,莒光,3,333,0,第三種住宅區
萬華區,莒光,3,334,0,第三種住宅區
萬華區,莒光,3,335,0,第三種住宅區
萬華區,莒光,3,336,0,第三種住宅區
萬華區,莒光,3,337,0,第三種住宅區
萬華區,莒光,3,338,0,第三種住宅區
萬華區,莒光,3,339,0,第三種住宅區
萬華區,莒光,3,340,0,第三種住宅區
萬華區,莒光,3,341,0,第三種住宅區
萬華區,莒光,3,342,0,第三種住宅區
萬華區,莒光,3,342,1,道路用地(公共設施用地)
萬華區,莒光,3,342,2,第三種住宅區
萬華區,莒光,3,342,3,第三種住宅區
萬華區,莒光,3,343,0,第三種住宅區
萬華區,莒光,3,344,0,第三種住宅區
萬華區,莒光,3,345,0,第三種住宅區
萬華區,莒光,3,346,0,第三種住宅區
萬華區,莒光,3,347,0,第三種住宅區
萬華區,莒光,3,348,0,第三種住宅區
萬華區,莒光,3,349,0,第三種住宅區
萬華區,莒光,3,350,0,第三種住宅區
萬華區,莒光,3,351,0,第三種住宅區
萬華區,莒光,3,352,0,道路用地(公共設施用地)
萬華區,莒光,3,353,0,道路用地(公共設施用地)
萬華區,莒光,3,354,0,道路用地(公共設施用地)
萬華區,莒光,3,355,0,第三種住宅區
萬華區,莒光,3,356,0,第三種住宅區
萬華區,莒光,3,357,0,道路用地(公共設施用地)
萬華區,莒光,3,358,0,道路用地(公共設施用地)
萬華區,莒光,3,359,0,第三種住宅區
萬華區,莒光,3,360,0,第三種住宅區
萬華區,莒光,3,360,1,第三種住宅區
萬華區,莒光,3,361,0,道路用地(公共設施用地)
萬華區,莒光,3,362,0,第三種住宅區
萬華區,莒光,3,363,0,第三種住宅區
萬華區,莒光,3,364,0,第三種住宅區
萬華區,莒光,3,364,1,道路用地(公共設施用地)
萬華區,莒光,3,365,0,第三種住宅區
萬華區,莒光,3,365,1,第三種住宅區
萬華區,莒光,3,365,2,第三種住宅區
萬華區,莒光,3,365,3,第三種住宅區
萬華區,莒光,3,365,4,第三種住宅區
萬華區,莒光,3,365,5,第三種住宅區
萬華區,莒光,3,365,6,第三種住宅區
萬華區,莒光,3,365,7,第三種住宅區
萬華區,莒光,3,365,8,第三種住宅區
萬華區,莒光,3,365,9,第三種住宅區
萬華區,莒光,3,366,0,第三種住宅區
萬華區,莒光,3,367,0,第三種住宅區
萬華區,莒光,3,368,0,第三種住宅區
萬華區,莒光,3,368,1,道路用地(公共設施用地)
萬華區,莒光,3,369,0,第三種住宅區
萬華區,莒光,3,370,0,第三種住宅區
萬華區,莒光,3,371,0,第三種住宅區
萬華區,莒光,3,372,0,第三種住宅區
萬華區,莒光,3,373,0,第三種住宅區
萬華區,莒光,3,374,0,第三種住宅區
萬華區,莒光,3,375,0,第三種住宅區
萬華區,莒光,3,375,1,道路用地(公共設施用地)
萬華區,莒光,3,376,0,第三種住宅區
萬華區,莒光,3,376,1,道路用地(公共設施用地)
萬華區,莒光,3,376,3,道路用地(公共設施用地)
萬華區,莒光,3,376,4,第三種住宅區
萬華區,莒光,3,376,5,第三種住宅區
萬華區,莒光,3,376,6,第三種住宅區
萬華區,莒光,3,376,7,第三種住宅區
萬華區,莒光,3,376,8,第三種住宅區
萬華區,莒光,3,376,9,第三種住宅區
萬華區,莒光,3,376,10,第三種住宅區
萬華區,莒光,3,376,11,第三種住宅區
萬華區,莒光,3,376,12,第三種住宅區
萬華區,莒光,3,376,13,第三種住宅區
萬華區,莒光,3,376,14,第三種住宅區
萬華區,莒光,3,376,15,第三種住宅區
萬華區,莒光,3,376,16,第三種住宅區
萬華區,莒光,3,376,17,第三種住宅區
萬華區,莒光,3,376,18,第三種住宅區
萬華區,莒光,3,377,0,第三種住宅區
萬華區,莒光,3,377,2,道路用地(公共設施用地)
萬華區,莒光,3,377,3,第三種住宅區
萬華區,莒光,3,377,5,道路用地(公共設施用地)
萬華區,莒光,3,377,6,道路用地(公共設施用地)
萬華區,莒光,3,377,11,第三種住宅區
萬華區,莒光,3,378,0,道路用地(公共設施用地)
萬華區,莒光,3,379,0,道路用地(公共設施用地)
萬華區,莒光,3,380,0,"道路用地(公共設施用地),但是否在第三種住宅區(應依建築線或俟地籍測量分割後,再確定)"
萬華區,莒光,3,380,1,道路用地(公共設施用地)
萬華區,莒光,3,381,0,道路用地(公共設施用地)
萬華區,莒光,3,382,0,第三種住宅區
萬華區,莒光,3,383,0,第三種住宅區
萬華區,莒光,3,384,0,第三種住宅區
萬華區,莒光,3,385,0,第三種住宅區
萬華區,莒光,3,386,0,第三種住宅區
萬華區,莒光,3,387,0,第三種住宅區
萬華區,莒光,3,388,0,第三種住宅區
萬華區,莒光,3,389,0,第三種住宅區
萬華區,莒光,3,390,0,第三種住宅區
萬華區,莒光,3,391,0,第三之一種住宅區
萬華區,莒光,3,391,1,第三種住宅區
萬華區,莒光,3,392,0,第三之一種住宅區
萬華區,莒光,3,393,0,第三之一種住宅區
萬華區,莒光,3,398,1,道路用地(公共設施用地)
萬華區,莒光,3,399,0,第三之一種住宅區
萬華區,莒光,3,399,1,道路用地(公共設施用地)
萬華區,莒光,3,400,0,第三之一種住宅區
萬華區,莒光,3,400,1,道路用地(公共設施用地)
萬華區,莒光,3,401,0,第三之一種住宅區
萬華區,莒光,3,401,1,道路用地(公共設施用地)
萬華區,莒光,3,401,2,第三種住宅區
萬華區,莒光,3,402,0,第三種住宅區
萬華區,莒光,3,402,1,道路用地(公共設施用地)
萬華區,莒光,3,403,0,第三種住宅區
萬華區,莒光,3,403,1,道路用地(公共設施用地)
萬華區,莒光,3,404,0,第三種住宅區
萬華區,莒光,3,404,1,道路用地(公共設施用地)
萬華區,莒光,3,405,0,第三種住宅區
萬華區,莒光,3,405,1,道路用地(公共設施用地)
萬華區,莒光,3,406,0,第三種住宅區
萬華區,莒光,3,407,0,第三種住宅區
萬華區,莒光,3,408,0,第三種住宅區
萬華區,莒光,3,408,1,第三種住宅區
萬華區,莒光,3,408,2,道路用地(公共設施用地)
萬華區,莒光,3,408,3,道路用地(公共設施用地)
萬華區,莒光,3,409,0,第三種住宅區
萬華區,莒光,3,410,0,第三種住宅區
萬華區,莒光,3,410,1,道路用地(公共設施用地)
萬華區,莒光,3,411,0,第三種住宅區
萬華區,莒光,3,412,0,第三種住宅區
萬華區,莒光,3,412,1,道路用地(公共設施用地)
萬華區,莒光,3,413,0,第三種住宅區
萬華區,莒光,3,413,1,"道路用地(公共設施用地),但是否在第三種住宅區(應依建築線或俟地籍測量分割後,再確定)"
萬華區,莒光,3,414,0,第三種住宅區
萬華區,莒光,3,414,1,第三種住宅區
萬華區,莒光,3,415,0,第三種住宅區
萬華區,莒光,3,416,0,道路用地(公共設施用地)
萬華區,莒光,3,417,0,第三種住宅區
萬華區,莒光,3,419,0,第三種住宅區
萬華區,莒光,3,419,1,第三種住宅區
萬華區,莒光,3,419,2,第三種住宅區
萬華區,莒光,3,419,3,第三種住宅區
萬華區,莒光,3,419,4,第三種住宅區
萬華區,莒光,3,419,5,第三種住宅區
萬華區,莒光,3,419,6,第三種住宅區
萬華區,莒光,3,419,7,第三種住宅區
萬華區,莒光,3,420,0,第三之一種住宅區
萬華區,莒光,3,420,1,第三種住宅區
萬華區,莒光,3,420,2,第三種住宅區
萬華區,莒光,3,420,3,第三之一種住宅區
萬華區,莒光,3,420,4,第三之一種住宅區
萬華區,莒光,3,420,5,第三之一種住宅區
萬華區,莒光,3,420,6,第三種住宅區
萬華區,莒光,3,420,7,第三種住宅區
萬華區,莒光,3,420,8,第三種住宅區
萬華區,莒光,3,420,9,第三種住宅區
萬華區,莒光,3,420,10,第三種住宅區
萬華區,莒光,3,420,11,第三種住宅區
萬華區,莒光,3,420,12,第三種住宅區
萬華區,莒光,3,421,0,第三種住宅區
萬華區,莒光,3,422,0,第三種住宅區
萬華區,莒光,3,423,0,第三種住宅區
萬華區,莒光,3,424,0,第三種住宅區
萬華區,莒光,3,425,0,第三種住宅區
萬華區,莒光,3,425,1,道路用地(公共設施用地)
萬華區,莒光,3,426,0,第三種住宅區
萬華區,莒光,3,426,1,道路用地(公共設施用地)
萬華區,莒光,3,427,0,道路用地(公共設施用地)
萬華區,莒光,3,428,0,第三種住宅區
萬華區,莒光,3,428,1,道路用地(公共設施用地)
萬華區,莒光,3,429,0,第三之一種住宅區
萬華區,莒光,3,429,1,道路用地(公共設施用地)
萬華區,莒光,3,429,2,第三種住宅區
萬華區,莒光,3,430,0,第三之一種住宅區
萬華區,莒光,3,430,1,第三種住宅區
萬華區,莒光,3,431,0,第三之一種住宅區
萬華區,莒光,3,432,0,第三之一種住宅區
萬華區,莒光,3,432,1,道路用地(公共設施用地)
萬華區,莒光,3,433,0,第三之一種住宅區
萬華區,莒光,3,433,1,道路用地(公共設施用地)
萬華區,莒光,3,434,0,道路用地(公共設施用地)
萬華區,莒光,3,434,1,道路用地(公共設施用地)
萬華區,莒光,3,435,0,第三之一種住宅區
萬華區,莒光,3,436,0,第三之一種住宅區
萬華區,莒光,3,437,0,第三之一種住宅區
萬華區,莒光,3,438,0,第三之一種住宅區
萬華區,莒光,3,439,0,第三之一種住宅區
萬華區,莒光,3,440,0,第三之一種住宅區
萬華區,莒光,3,440,1,第三種住宅區
萬華區,莒光,3,441,0,第三之一種住宅區
萬華區,莒光,3,441,1,第三種住宅區
萬華區,莒光,3,442,0,第三之一種住宅區
萬華區,莒光,3,443,0,第三之一種住宅區
萬華區,莒光,3,444,0,第三之一種住宅區
萬華區,莒光,3,445,0,第三之一種住宅區
萬華區,莒光,3,446,0,第三之一種住宅區
萬華區,莒光,3,446,1,第三種住宅區
萬華區,莒光,3,447,0,第三之一種住宅區
萬華區,莒光,3,447,1,第三種住宅區
萬華區,莒光,3,448,0,第三之一種住宅區
萬華區,莒光,3,449,0,第三之一種住宅區
萬華區,莒光,3,450,0,第三之一種住宅區
萬華區,莒光,3,450,1,第三種住宅區
萬華區,莒光,3,450,2,第三種住宅區
萬華區,莒光,3,450,3,第三之一種住宅區
萬華區,莒光,3,450,4,第三之一種住宅區
萬華區,莒光,3,450,6,第三種住宅區
萬華區,莒光,3,450,7,第三種住宅區
萬華區,莒光,3,450,9,第三之一種住宅區
萬華區,莒光,3,450,10,第三種住宅區
萬華區,莒光,3,451,0,第三之一種住宅區
萬華區,莒光,3,452,0,第三之一種住宅區
萬華區,莒光,3,453,2,道路用地(公共設施用地)
萬華區,莒光,3,453,3,第三之一種住宅區
萬華區,莒光,3,453,4,第三種住宅區
萬華區,莒光,3,453,5,第三之一種住宅區
萬華區,莒光,3,454,0,第三之一種住宅區
萬華區,莒光,3,454,1,道路用地(公共設施用地)
萬華區,莒光,3,454,2,第三種住宅區
萬華區,莒光,3,454,3,第三之一種住宅區
萬華區,莒光,3,455,1,道路用地(公共設施用地)
萬華區,莒光,3,455,2,國小用地(公共設施用地)
萬華區,莒光,3,456,0,國小用地(公共設施用地)
萬華區,莒光,3,456,1,第三種住宅區
萬華區,莒光,3,456,2,道路用地(公共設施用地)
萬華區,莒光,3,456,3,道路用地(公共設施用地)
萬華區,莒光,3,456,4,國小用地(公共設施用地)
萬華區,莒光,3,456,5,道路用地(公共設施用地)
萬華區,莒光,3,463,0,道路用地(公共設施用地)
萬華區,莒光,3,464,0,第三之一種住宅區
萬華區,莒光,3,464,1,第三種住宅區
萬華區,莒光,3,466,0,第三種住宅區
萬華區,莒光,3,466,1,道路用地(公共設施用地)
萬華區,莒光,3,466,3,道路用地(公共設施用地)
萬華區,莒光,3,468,1,道路用地(公共設施用地)
萬華區,莒光,3,469,1,道路用地(公共設施用地)
萬華區,莒光,3,470,1,道路用地(公共設施用地)
萬華區,莒光,3,470,2,道路用地(公共設施用地)
萬華區,莒光,3,471,1,道路用地(公共設施用地)
萬華區,莒光,3,472,1,道路用地(公共設施用地)
萬華區,莒光,3,473,1,道路用地(公共設施用地)
萬華區,莒光,3,475,1,道路用地(公共設施用地)
萬華區,莒光,3,476,0,第三種住宅區
萬華區,莒光,3,476,1,道路用地(公共設施用地)
萬華區,莒光,3,477,1,道路用地(公共設施用地)
萬華區,莒光,3,478,1,道路用地(公共設施用地)
萬華區,莒光,3,479,1,道路用地(公共設施用地)
萬華區,莒光,3,479,2,道路用地(公共設施用地)
萬華區,莒光,3,480,0,道路用地(公共設施用地)
萬華區,莒光,3,480,1,道路用地(公共設施用地)
萬華區,莒光,3,481,0,道路用地(公共設施用地)
萬華區,莒光,3,482,1,道路用地(公共設施用地)
萬華區,莒光,3,483,1,道路用地(公共設施用地)
萬華區,莒光,3,484,1,道路用地(公共設施用地)
萬華區,莒光,3,485,1,道路用地(公共設施用地)
萬華區,莒光,3,486,1,道路用地(公共設施用地)
萬華區,莒光,3,487,1,道路用地(公共設施用地)
萬華區,莒光,3,488,0,道路用地(公共設施用地)
萬華區,莒光,3,489,1,道路用地(公共設施用地)
萬華區,莒光,3,507,1,道路用地(公共設施用地)
萬華區,莒光,3,509,1,道路用地(公共設施用地)
萬華區,莒光,3,510,1,道路用地(公共設施用地)
萬華區,莒光,3,511,1,道路用地(公共設施用地)
萬華區,莒光,3,512,1,道路用地(公共設施用地)
萬華區,莒光,3,513,1,道路用地(公共設施用地)
萬華區,莒光,3,517,1,道路用地(公共設施用地)
萬華區,莒光,3,517,2,道路用地(公共設施用地)
萬華區,莒光,3,517,7,第三種住宅區
萬華區,莒光,3,519,1,道路用地(公共設施用地)
萬華區,莒光,3,519,4,道路用地(公共設施用地)
萬華區,莒光,3,519,11,第三種住宅區
萬華區,莒光,3,520,0,第三種住宅區
萬華區,莒光,3,520,1,道路用地(公共設施用地)
萬華區,莒光,3,521,0,第三種住宅區
萬華區,莒光,3,521,1,第三種住宅區
萬華區,莒光,3,521,2,"第壹種商業區(依都市計畫說明書圖規定辦理,始得作第壹種商業區使用)(原屬第參種住宅區)"
萬華區,莒光,3,521,3,道路用地(公共設施用地)
萬華區,莒光,3,522,0,第三種住宅區
萬華區,莒光,3,522,1,道路用地(公共設施用地)
萬華區,莒光,3,522,3,道路用地(公共設施用地)
萬華區,莒光,3,522,4,第三之一種住宅區
萬華區,莒光,3,522,6,第三種住宅區
萬華區,莒光,3,522,7,第三種住宅區
萬華區,莒光,3,522,8,第三種住宅區
萬華區,莒光,3,522,9,道路用地(公共設施用地)
萬華區,莒光,3,523,0,第三種住宅區
萬華區,莒光,3,524,0,第三種住宅區
萬華區,莒光,3,525,0,第三種住宅區
萬華區,莒光,3,525,1,道路用地(公共設施用地)
萬華區,莒光,3,526,0,第三種住宅區
萬華區,莒光,3,526,1,道路用地(公共設施用地)
萬華區,莒光,3,527,0,第三種住宅區
萬華區,莒光,3,527,1,道路用地(公共設施用地)
萬華區,莒光,3,528,0,第三種住宅區
萬華區,莒光,3,528,1,道路用地(公共設施用地)
萬華區,莒光,3,529,0,第三種住宅區
萬華區,莒光,3,529,1,道路用地(公共設施用地)
萬華區,莒光,3,530,0,第三種住宅區
萬華區,莒光,3,530,1,道路用地(公共設施用地)
萬華區,莒光,3,531,0,第三種住宅區及第三之一種住宅區
萬華區,莒光,3,531,1,道路用地(公共設施用地)
萬華區,莒光,3,531,2,第三種住宅區
萬華區,莒光,3,532,0,第三之一種住宅區
萬華區,莒光,3,532,1,道路用地(公共設施用地)
萬華區,莒光,3,532,2,第三種住宅區
萬華區,莒光,3,533,0,第三之一種住宅區
萬華區,莒光,3,533,1,道路用地(公共設施用地)
萬華區,莒光,3,533,2,第三種住宅區
萬華區,莒光,3,534,0,第三之一種住宅區
萬華區,莒光,3,534,1,道路用地(公共設施用地)
萬華區,莒光,3,534,2,第三種住宅區
萬華區,莒光,3,535,0,第三種住宅區
萬華區,莒光,3,535,1,道路用地(公共設施用地)
萬華區,莒光,3,536,0,第三之一種住宅區
萬華區,莒光,3,536,1,道路用地(公共設施用地)
萬華區,莒光,3,536,2,第三種住宅區
萬華區,莒光,3,537,0,第三之一種住宅區
萬華區,莒光,3,537,1,道路用地(公共設施用地)
萬華區,莒光,3,537,2,第三種住宅區
萬華區,莒光,3,538,0,第三之一種住宅區
萬華區,莒光,3,539,0,"道路用地(公共設施用地),但是否在第三種住宅區(應依建築線或俟地籍測量分割後,再確定)"
萬華區,莒光,3,540,0,第三之一種住宅區
萬華區,莒光,3,540,1,"第三種住宅區,但是否在道路用地(公共設施用地)(應依建築線或俟地籍測量分割後,再確定)"
萬華區,莒光,3,541,0,第三之一種住宅區
萬華區,莒光,3,541,1,道路用地(公共設施用地)
萬華區,莒光,3,541,2,第三種住宅區
萬華區,莒光,3,542,0,第三之一種住宅區
萬華區,莒光,3,542,1,第三之一種住宅區
萬華區,莒光,3,542,2,道路用地(公共設施用地)
萬華區,莒光,3,542,3,第三種住宅區
萬華區,莒光,3,542,4,第三種住宅區
萬華區,莒光,3,542,5,道路用地(公共設施用地)
萬華區,莒光,3,543,0,第三之一種住宅區
萬華區,莒光,3,543,1,道路用地(公共設施用地)
萬華區,莒光,3,543,2,第三種住宅區
萬華區,莒光,3,544,0,第三之一種住宅區
萬華區,莒光,3,544,1,第三種住宅區
萬華區,莒光,3,545,0,第三之一種住宅區
萬華區,莒光,3,546,0,第三之一種住宅區
萬華區,莒光,3,547,0,第三之一種住宅區
萬華區,莒光,3,548,0,第三之一種住宅區
萬華區,莒光,3,549,0,第三之一種住宅區
萬華區,莒光,3,550,0,第三之一種住宅區
萬華區,莒光,3,551,0,第三之一種住宅區
萬華區,莒光,3,552,0,第三之一種住宅區
萬華區,莒光,3,553,0,第三之一種住宅區
萬華區,莒光,3,554,0,第三之一種住宅區
萬華區,莒光,3,555,0,第三之一種住宅區
萬華區,莒光,3,556,0,第三之一種住宅區
萬華區,莒光,3,557,0,第三之一種住宅區
萬華區,莒光,3,558,0,第三之一種住宅區
萬華區,莒光,3,559,0,第三之一種住宅區
萬華區,莒光,3,560,0,第三之一種住宅區
萬華區,莒光,3,561,0,第三之一種住宅區
萬華區,莒光,3,562,0,第三之一種住宅區
萬華區,莒光,3,563,0,第三之一種住宅區
萬華區,莒光,3,564,0,第三之一種住宅區
萬華區,莒光,3,565,0,第三之一種住宅區
萬華區,莒光,3,566,0,第三之一種住宅區
萬華區,莒光,3,567,0,道路用地(公共設施用地)
萬華區,莒光,3,568,0,第三之一種住宅區
萬華區,莒光,3,568,1,道路用地(公共設施用地)
萬華區,莒光,3,569,0,第三之一種住宅區
萬華區,莒光,3,570,0,第三之一種住宅區
萬華區,莒光,3,571,0,第三之一種住宅區
萬華區,莒光,3,572,0,第三之一種住宅區
萬華區,莒光,3,573,0,第三之一種住宅區
萬華區,莒光,3,574,0,第三之一種住宅區
萬華區,莒光,3,576,1,第三種住宅區
萬華區,莒光,3,578,0,第三之一種住宅區
萬華區,莒光,3,578,1,第三種住宅區
萬華區,莒光,3,579,0,第三種住宅區及第三之一種住宅區
萬華區,莒光,3,580,0,第三之一種住宅區
萬華區,莒光,3,580,1,第三種住宅區
萬華區,莒光,3,581,0,第三之一種住宅區
萬華區,莒光,3,581,1,第三種住宅區
萬華區,莒光,3,582,0,第三之一種住宅區
萬華區,莒光,3,582,1,第三種住宅區
萬華區,莒光,3,583,0,第三之一種住宅區
萬華區,莒光,3,583,1,第三種住宅區
萬華區,莒光,3,584,0,第三之一種住宅區
萬華區,莒光,3,584,1,第三種住宅區
萬華區,莒光,3,585,0,第三之一種住宅區
萬華區,莒光,3,586,0,國小用地(公共設施用地)
萬華區,莒光,3,586,2,道路用地(公共設施用地)
萬華區,莒光,3,587,0,"第壹種商業區(依都市計畫說明書圖規定辦理,始得作第壹種商業區使用)(原屬第參之壹種住宅區)"
萬華區,莒光,3,587,1,道路用地(公共設施用地)
萬華區,莒光,3,590,1,道路用地(公共設施用地)
萬華區,莒光,3,599,0,"第壹種商業區(依都市計畫說明書圖規定辦理,始得作第壹種商業區使用)(原屬第參之壹種住宅區)"
萬華區,莒光,3,599,1,"第壹種商業區(依都市計畫說明書圖規定辦理,始得作第壹種商業區使用)(原屬第參之壹種住宅區)"
萬華區,莒光,3,599,2,"第壹種商業區(依都市計畫說明書圖規定辦理,始得作第壹種商業區使用)(原屬第參種住宅區)"
萬華區,莒光,3,599,6,道路用地(公共設施用地)
萬華區,莒光,3,599,7,"第壹種商業區(依都市計畫說明書圖規定辦理,始得作第壹種商業區使用)(原屬第參之壹種住宅區)"
萬華區,莒光,3,599,8,"第壹種商業區(依都市計畫說明書圖規定辦理,始得作第壹種商業區使用)(原屬第參種住宅區)"
萬華區,莒光,3,599,11,道路用地(公共設施用地)
萬華區,莒光,3,599,12,道路用地(公共設施用地)
萬華區,莒光,3,599,13,道路用地(公共設施用地)
萬華區,莒光,3,599,30,"第壹種商業區(依都市計畫說明書圖規定辦理,始得作第壹種商業區使用)(原屬第參之壹種住宅區)"
萬華區,莒光,3,599,31,"第壹種商業區(依都市計畫說明書圖規定辦理,始得作第壹種商業區使用)(原屬第參之壹種住宅區)"
萬華區,莒光,3,599,32,"第壹種商業區(依都市計畫說明書圖規定辦理,始得作第壹種商業區使用)(原屬第參之壹種住宅區)"
萬華區,莒光,3,599,33,"第壹種商業區(依都市計畫說明書圖規定辦理,始得作第壹種商業區使用)(原屬第參種住宅區)"
萬華區,莒光,3,599,35,"第壹種商業區(依都市計畫說明書圖規定辦理,始得作第壹種商業區使用)(原屬第參種住宅區)"
萬華區,莒光,3,599,36,"第壹種商業區(依都市計畫說明書圖規定辦理,始得作第壹種商業區使用)(原屬第參種住宅區)"
萬華區,莒光,3,599,37,"第壹種商業區(依都市計畫說明書圖規定辦理,始得作第壹種商業區使用)(原屬第參種住宅區)"
萬華區,莒光,3,599,38,"第壹種商業區(依都市計畫說明書圖規定辦理,始得作第壹種商業區使用)(原屬第參種住宅區)"
萬華區,莒光,3,599,39,"第壹種商業區(依都市計畫說明書圖規定辦理,始得作第壹種商業區使用)(原屬第參種住宅區)"
萬華區,莒光,3,600,1,道路用地(公共設施用地)
萬華區,莒光,3,601,1,"第壹種商業區(依都市計畫說明書圖規定辦理,始得作第壹種商業區使用)(原屬第參種住宅區)"
萬華區,莒光,3,602,0,"第壹種商業區(依都市計畫說明書圖規定辦理,始得作第壹種商業區使用)(原屬第參之壹種住宅區)"
萬華區,莒光,3,603,0,"第壹種商業區(依都市計畫說明書圖規定辦理,始得作第壹種商業區使用)(原屬第參之壹種住宅區)"
萬華區,莒光,3,604,0,"第壹種商業區(依都市計畫說明書圖規定辦理,始得作第壹種商業區使用)(原屬第參之壹種住宅區)"
萬華區,莒光,3,605,0,"第壹種商業區(依都市計畫說明書圖規定辦理,始得作第壹種商業區使用)(原屬第參之壹種住宅區)"
萬華區,莒光,3,606,0,"第壹種商業區(依都市計畫說明書圖規定辦理,始得作第壹種商業區使用)(原屬第參之壹種住宅區)"
萬華區,莒光,3,607,0,"第壹種商業區(依都市計畫說明書圖規定辦理,始得作第壹種商業區使用)(原屬第參之壹種住宅區)"
萬華區,莒光,3,608,0,"第壹種商業區(依都市計畫說明書圖規定辦理,始得作第壹種商業區使用)(原屬第參之壹種住宅區)"
萬華區,莒光,3,609,0,"第壹種商業區(依都市計畫說明書圖規定辦理,始得作第壹種商業區使用)(原屬第參之壹種住宅區)"
萬華區,莒光,3,610,0,"第壹種商業區(依都市計畫說明書圖規定辦理,始得作第壹種商業區使用)(原屬第參之壹種住宅區)"
萬華區,莒光,3,611,0,"第壹種商業區(依都市計畫說明書圖規定辦理,始得作第壹種商業區使用)(原屬第參之壹種住宅區)"
萬華區,莒光,3,612,0,"第壹種商業區(依都市計畫說明書圖規定辦理,始得作第壹種商業區使用)(原屬第參之壹種住宅區)"
萬華區,莒光,3,613,0,"第壹種商業區(依都市計畫說明書圖規定辦理,始得作第壹種商業區使用)(原屬第參之壹種住宅區)"
萬華區,莒光,3,614,0,"第壹種商業區(依都市計畫說明書圖規定辦理,始得作第壹種商業區使用)(原屬第參之壹種住宅區)"
萬華區,莒光,3,615,0,"第壹種商業區(依都市計畫說明書圖規定辦理,始得作第壹種商業區使用)(原屬第參之壹種住宅區)"
萬華區,莒光,3,616,0,"第壹種商業區(依都市計畫說明書圖規定辦理,始得作第壹種商業區使用)(原屬第參之壹種住宅區)"
萬華區,莒光,3,617,0,"第壹種商業區(依都市計畫說明書圖規定辦理,始得作第壹種商業區使用)(原屬第參之壹種住宅區)"
萬華區,莒光,3,618,0,"第壹種商業區(依都市計畫說明書圖規定辦理,始得作第壹種商業區使用)(原屬第參之壹種住宅區)"
萬華區,莒光,3,619,0,"第壹種商業區(依都市計畫說明書圖規定辦理,始得作第壹種商業區使用)(原屬第參之壹種住宅區)"
萬華區,莒光,3,620,0,"第壹種商業區(依都市計畫說明書圖規定辦理,始得作第壹種商業區使用)(原屬第參種住宅區)"
萬華區,莒光,3,621,0,"第壹種商業區(依都市計畫說明書圖規定辦理,始得作第壹種商業區使用)(原屬第參種住宅區)"
萬華區,莒光,3,621,1,道路用地(公共設施用地)
萬華區,莒光,3,622,0,"第壹種商業區(依都市計畫說明書圖規定辦理,始得作第壹種商業區使用)(原屬第參種住宅區)"
萬華區,莒光,3,622,1,道路用地(公共設施用地)
萬華區,莒光,3,623,0,"第壹種商業區(依都市計畫說明書圖規定辦理,始得作第壹種商業區使用)(原屬第參種住宅區)"
萬華區,莒光,3,623,1,道路用地(公共設施用地)
萬華區,莒光,3,623,2,第三種住宅區
萬華區,莒光,3,624,0,"第壹種商業區(依都市計畫說明書圖規定辦理,始得作第壹種商業區使用)(原屬第參種住宅區)"
萬華區,莒光,3,624,1,第三種住宅區
萬華區,莒光,3,624,2,道路用地(公共設施用地)
萬華區,莒光,3,625,0,第三之一種住宅區
萬華區,莒光,3,625,1,"第壹種商業區(依都市計畫說明書圖規定辦理,始得作第壹種商業區使用)(原屬第參種住宅區)"
萬華區,莒光,3,625,2,道路用地(公共設施用地)
萬華區,莒光,3,625,3,第三種住宅區
萬華區,莒光,3,626,0,第三之一種住宅區
萬華區,莒光,3,626,1,道路用地(公共設施用地)
萬華區,莒光,3,627,0,第三之一種住宅區
萬華區,莒光,3,627,1,道路用地(公共設施用地)
萬華區,莒光,3,628,0,第三之一種住宅區
萬華區,莒光,3,629,0,第三之一種住宅區
萬華區,莒光,3,630,0,第三之一種住宅區
萬華區,莒光,3,630,1,第三之一種住宅區
萬華區,莒光,3,631,0,第三之一種住宅區
萬華區,莒光,3,632,0,第三之一種住宅區
萬華區,莒光,3,633,0,第三之一種住宅區
萬華區,莒光,3,634,0,第三之一種住宅區
萬華區,莒光,3,635,0,第三之一種住宅區
萬華區,莒光,3,635,1,道路用地(公共設施用地)
萬華區,莒光,3,636,0,第三之一種住宅區
萬華區,莒光,3,636,1,道路用地(公共設施用地)
萬華區,莒光,3,637,0,"第壹種商業區(依都市計畫說明書圖規定辦理,始得作第壹種商業區使用)(原屬第參之壹種住宅區)"
萬華區,莒光,3,637,1,道路用地(公共設施用地)
萬華區,莒光,3,651,1,道路用地(公共設施用地)
萬華區,莒光,3,651,2,"第壹種商業區(依都市計畫說明書圖規定辦理,始得作第壹種商業區使用)(原屬第參之壹種住宅區)"
萬華區,莒光,3,651,3,"第壹種商業區(依都市計畫說明書圖規定辦理,始得作第壹種商業區使用)(原屬第參種住宅區)"
萬華區,莒光,3,652,0,"第壹種商業區(依都市計畫說明書圖規定辦理,始得作第壹種商業區使用)(原屬第參之壹種住宅區)"
萬華區,莒光,3,652,1,道路用地(公共設施用地)
萬華區,莒光,3,652,2,"第壹種商業區(依都市計畫說明書圖規定辦理,始得作第壹種商業區使用)(原屬第參種住宅區)"
萬華區,莒光,3,653,0,"第壹種商業區(依都市計畫說明書圖規定辦理,始得作第壹種商業區使用)(原屬第參之壹種住宅區)"
萬華區,莒光,3,653,1,道路用地(公共設施用地)
萬華區,莒光,3,653,2,"第壹種商業區(依都市計畫說明書圖規定辦理,始得作第壹種商業區使用)(原屬第參種住宅區)"
萬華區,莒光,3,654,0,"第壹種商業區(依都市計畫說明書圖規定辦理,始得作第壹種商業區使用)(原屬第參種住宅區)"
萬華區,莒光,3,655,0,"第壹種商業區(依都市計畫說明書圖規定辦理,始得作第壹種商業區使用)(原屬第參種住宅區)"
萬華區,莒光,3,656,0,"第壹種商業區(依都市計畫說明書圖規定辦理,始得作第壹種商業區使用)(原屬第參之壹種住宅區)"
萬華區,莒光,3,657,0,"第壹種商業區(依都市計畫說明書圖規定辦理,始得作第壹種商業區使用)(原屬第參之壹種住宅區)"
萬華區,莒光,3,658,1,"第壹種商業區(依都市計畫說明書圖規定辦理,始得作第壹種商業區使用)(原屬第參之壹種住宅區)"
萬華區,莒光,3,658,2,"第壹種商業區(依都市計畫說明書圖規定辦理,始得作第壹種商業區使用)(原屬第參種住宅區)"
萬華區,莒光,3,658,3,"第壹種商業區(依都市計畫說明書圖規定辦理,始得作第壹種商業區使用)(原屬第參種住宅區)"
萬華區,莒光,3,664,0,"第壹種商業區(依都市計畫說明書圖規定辦理,始得作第壹種商業區使用)(原屬第參之壹種住宅區)"
萬華區,莒光,3,665,0,"第壹種商業區(依都市計畫說明書圖規定辦理,始得作第壹種商業區使用)(原屬第參之壹種住宅區)"
萬華區,莒光,3,666,0,"第壹種商業區(依都市計畫說明書圖規定辦理,始得作第壹種商業區使用)(原屬第參之壹種住宅區)"
萬華區,莒光,3,667,0,"第壹種商業區(依都市計畫說明書圖規定辦理,始得作第壹種商業區使用)(原屬第參之壹種住宅區)"
萬華區,莒光,3,668,0,"第壹種商業區(依都市計畫說明書圖規定辦理,始得作第壹種商業區使用)(原屬第參之壹種住宅區)"
萬華區,莒光,3,669,0,"第壹種商業區(依都市計畫說明書圖規定辦理,始得作第壹種商業區使用)(原屬第參之壹種住宅區)"
萬華區,莒光,3,670,0,"第壹種商業區(依都市計畫說明書圖規定辦理,始得作第壹種商業區使用)(原屬第參之壹種住宅區)"
萬華區,莒光,3,671,0,"第壹種商業區(依都市計畫說明書圖規定辦理,始得作第壹種商業區使用)(原屬第參之壹種住宅區)"
萬華區,莒光,3,672,0,"第壹種商業區(依都市計畫說明書圖規定辦理,始得作第壹種商業區使用)(原屬第參之壹種住宅區)"
萬華區,莒光,3,676,0,"第壹種商業區(依都市計畫說明書圖規定辦理,始得作第壹種商業區使用)(原屬第參之壹種住宅區),但是否在道路用地(公共設施用地)(應依建築線或俟地籍測量分割後,再確定)"
萬華區,莒光,3,678,0,道路用地(公共設施用地)
萬華區,莒光,3,679,0,第三之一種住宅區
萬華區,莒光,3,680,0,第三種住宅區
萬華區,莒光,4,1,0,"公園用地(公共設施用地),但是否在道路用地(公共設施用地)(應依建築線或俟地籍測量分割後,再確定)"
萬華區,莒光,4,1,1,道路用地(公共設施用地)
萬華區,莒光,4,1,2,道路用地(公共設施用地)
萬華區,莒光,4,1,3,道路用地(公共設施用地)
萬華區,莒光,4,2,0,道路用地(公共設施用地)
萬華區,莒光,4,2,1,道路用地(公共設施用地)
萬華區,莒光,4,2,2,特定專用區(一)
萬華區,莒光,4,3,0,特定專用區(一)
萬華區,莒光,4,4,0,特定專用區(一)
萬華區,莒光,4,4,1,道路用地(公共設施用地)
萬華區,莒光,4,5,0,特定專用區(一)
萬華區,莒光,4,6,0,特定專用區(一)
萬華區,莒光,4,7,0,特定專用區(一)
萬華區,莒光,4,8,0,特定專用區(一)
萬華區,莒光,4,9,0,特定專用區(一)
萬華區,莒光,4,10,0,特定專用區(一)
萬華區,莒光,4,12,0,特定專用區(一)
萬華區,莒光,4,13,0,特定專用區(一)
萬華區,莒光,4,14,0,特定專用區(一)
萬華區,莒光,4,15,0,特定專用區(一)
萬華區,莒光,4,16,0,特定專用區(一)
萬華區,莒光,4,17,0,特定專用區(一)
萬華區,莒光,4,18,0,特定專用區(一)
萬華區,莒光,4,19,0,特定專用區(一)
萬華區,莒光,4,20,0,道路用地(公共設施用地)
萬華區,莒光,4,21,0,特定專用區(一)
萬華區,莒光,4,22,0,特定專用區(一)
萬華區,莒光,4,23,0,特定專用區(一)
萬華區,莒光,4,24,0,特定專用區(一)
萬華區,莒光,4,25,0,特定專用區(一)
萬華區,莒光,4,26,0,特定專用區(一)
萬華區,莒光,4,27,0,特定專用區(一)
萬華區,莒光,4,28,0,特定專用區(一)
萬華區,莒光,4,29,0,特定專用區(一)
萬華區,莒光,4,29,1,道路用地(公共設施用地)
萬華區,莒光,4,30,0,特定專用區(一)
萬華區,莒光,4,31,0,特定專用區(一)
萬華區,莒光,4,32,0,特定專用區(一)
萬華區,莒光,4,33,0,特定專用區(一)
萬華區,莒光,4,34,0,特定專用區(一)
萬華區,莒光,4,35,0,特定專用區(一)
萬華區,莒光,4,35,1,道路用地(公共設施用地)
萬華區,莒光,4,35,2,道路用地(公共設施用地)
萬華區,莒光,4,35,3,特定專用區(一)
萬華區,莒光,4,35,4,道路用地(公共設施用地)
萬華區,莒光,4,35,5,特定專用區(一)
萬華區,莒光,4,35,6,道路用地(公共設施用地)
萬華區,莒光,4,35,7,道路用地(公共設施用地)
萬華區,莒光,4,36,0,特定專用區(一)
萬華區,莒光,4,36,1,道路用地(公共設施用地)
萬華區,莒光,4,36,2,道路用地(公共設施用地)
萬華區,莒光,4,36,3,道路用地(公共設施用地)
萬華區,莒光,4,37,0,特定專用區(一)
萬華區,莒光,4,37,1,特定專用區(一)
萬華區,莒光,4,37,2,特定專用區(一)
萬華區,莒光,4,37,3,特定專用區(一)
萬華區,莒光,4,37,4,道路用地(公共設施用地)
萬華區,莒光,4,38,0,特定專用區(一)
萬華區,莒光,4,39,0,特定專用區(一)
萬華區,莒光,4,39,1,特定專用區(一)
萬華區,莒光,4,39,2,道路用地(公共設施用地)
萬華區,莒光,4,40,0,特定專用區(一)
萬華區,莒光,4,40,1,特定專用區(一)
萬華區,莒光,4,40,3,特定專用區(一)
萬華區,莒光,4,40,4,特定專用區(一)
萬華區,莒光,4,40,5,特定專用區(一)
萬華區,莒光,4,40,6,特定專用區(一)
萬華區,莒光,4,40,7,特定專用區(一)
萬華區,莒光,4,40,10,道路用地(公共設施用地)
萬華區,莒光,4,40,11,特定專用區(一)
萬華區,莒光,4,40,12,道路用地(公共設施用地)
萬華區,莒光,4,40,13,道路用地(公共設施用地)
萬華區,莒光,4,40,14,特定專用區(一)
萬華區,莒光,4,40,15,道路用地(公共設施用地)
萬華區,莒光,4,40,16,道路用地(公共設施用地)
萬華區,莒光,4,40,17,道路用地(公共設施用地)
萬華區,莒光,4,40,18,道路用地(公共設施用地)
萬華區,莒光,4,41,0,特定專用區(一)
萬華區,莒光,4,41,1,道路用地(公共設施用地)
萬華區,莒光,4,41,2,道路用地(公共設施用地)
萬華區,莒光,4,42,0,特定專用區(一)
萬華區,莒光,4,42,1,道路用地(公共設施用地)
萬華區,莒光,4,43,0,特定專用區(一)
萬華區,莒光,4,43,2,道路用地(公共設施用地)
萬華區,莒光,4,43,3,道路用地(公共設施用地)
萬華區,莒光,4,44,1,特定專用區(一)
萬華區,莒光,4,44,2,特定專用區(一)
萬華區,莒光,4,44,5,道路用地(公共設施用地)
萬華區,莒光,4,44,6,道路用地(公共設施用地)
萬華區,莒光,4,45,0,特定專用區(一)
萬華區,莒光,4,45,1,道路用地(公共設施用地)
萬華區,莒光,4,45,2,道路用地(公共設施用地)
萬華區,莒光,4,46,0,特定專用區(一)
萬華區,莒光,4,46,1,道路用地(公共設施用地)
萬華區,莒光,4,47,0,特定專用區(一)
萬華區,莒光,4,47,1,道路用地(公共設施用地)
萬華區,莒光,4,48,0,特定專用區(一)
萬華區,莒光,4,48,1,特定專用區(一)
萬華區,莒光,4,48,2,道路用地(公共設施用地)
萬華區,莒光,4,48,3,鐵路用地(公共設施用地)
萬華區,莒光,4,48,4,道路用地(公共設施用地)
萬華區,莒光,4,48,5,道路用地(公共設施用地)
萬華區,莒光,4,48,6,道路用地(公共設施用地)
萬華區,莒光,4,48,8,道路用地(公共設施用地)
萬華區,莒光,4,48,9,道路用地(公共設施用地)
萬華區,莒光,4,49,0,特定專用區(一)
萬華區,莒光,4,49,2,道路用地(公共設施用地)
萬華區,莒光,4,49,3,道路用地(公共設施用地)
萬華區,莒光,4,50,0,道路用地(公共設施用地)
萬華區,莒光,4,50,1,特定專用區(一)
萬華區,莒光,4,50,2,特定專用區(一)
萬華區,莒光,4,50,4,道路用地(公共設施用地)
萬華區,莒光,4,50,5,道路用地(公共設施用地)
萬華區,莒光,4,50,6,特定專用區(一)
萬華區,莒光,4,50,7,道路用地(公共設施用地)
萬華區,莒光,4,50,8,道路用地(公共設施用地)
萬華區,莒光,4,51,0,特定專用區(一)
萬華區,莒光,4,51,1,特定專用區(一)
萬華區,莒光,4,51,2,道路用地(公共設施用地)
萬華區,莒光,4,51,3,道路用地(公共設施用地)
萬華區,莒光,4,52,0,特定專用區(一)
萬華區,莒光,4,52,1,道路用地(公共設施用地)
萬華區,莒光,4,53,0,特定專用區(一)
萬華區,莒光,4,53,1,特定專用區(一)
萬華區,莒光,4,53,2,特定專用區(一)
萬華區,莒光,4,53,3,特定專用區(一)
萬華區,莒光,4,53,4,特定專用區(一)
萬華區,莒光,4,53,5,特定專用區(一)
萬華區,莒光,4,53,6,"道路用地(公共設施用地),但是否在特定專用區(一)(應依建築線或俟地籍測量分割後,再確定)"
萬華區,莒光,4,53,7,道路用地(公共設施用地)
萬華區,莒光,4,53,8,道路用地(公共設施用地)
萬華區,莒光,4,53,11,特定專用區(一)
萬華區,莒光,4,53,12,特定專用區(一)
萬華區,莒光,4,53,13,特定專用區(一)
萬華區,莒光,4,53,14,特定專用區(一)
萬華區,莒光,4,53,15,特定專用區(一)
萬華區,莒光,4,53,16,特定專用區(一)
萬華區,莒光,4,53,17,特定專用區(一)
萬華區,莒光,4,53,18,特定專用區(一)
萬華區,莒光,4,53,19,特定專用區(一)
萬華區,莒光,4,54,0,特定專用區(一)
萬華區,莒光,4,55,0,特定專用區(一)
萬華區,莒光,4,56,0,特定專用區(一)
萬華區,莒光,4,57,0,特定專用區(一)
萬華區,莒光,4,57,2,特定專用區(一)
萬華區,莒光,4,58,0,特定專用區(一)
萬華區,莒光,4,59,0,特定專用區(一)
萬華區,莒光,4,60,1,特定專用區(一)
萬華區,莒光,4,60,3,特定專用區(一)
萬華區,莒光,4,60,4,特定專用區(一)
萬華區,莒光,4,60,5,特定專用區(一)
萬華區,莒光,4,60,6,特定專用區(一)
萬華區,莒光,4,60,7,特定專用區(一)
萬華區,莒光,4,60,11,特定專用區(一)
萬華區,莒光,4,60,16,道路用地(公共設施用地)
萬華區,莒光,4,60,17,道路用地(公共設施用地)
萬華區,莒光,4,60,18,特定專用區(一)
萬華區,莒光,4,60,19,特定專用區(一)
萬華區,莒光,4,60,20,特定專用區(一)
萬華區,莒光,4,61,0,特定專用區(一)
萬華區,莒光,4,61,2,道路用地(公共設施用地)
萬華區,莒光,4,61,3,特定專用區(一)
萬華區,莒光,4,61,4,特定專用區(一)
萬華區,莒光,4,61,5,特定專用區(一)
萬華區,莒光,4,61,6,特定專用區(一)
萬華區,莒光,4,61,7,特定專用區(一)
萬華區,莒光,4,61,8,特定專用區(一)
萬華區,莒光,4,62,0,特定專用區(一)
萬華區,莒光,4,63,0,特定專用區(一)
萬華區,莒光,4,64,0,特定專用區(一)
萬華區,莒光,4,65,0,特定專用區(一)
萬華區,莒光,4,66,0,特定專用區(一)
萬華區,莒光,4,67,0,特定專用區(一)
萬華區,莒光,4,68,0,特定專用區(一)
萬華區,莒光,4,69,0,特定專用區(一)
萬華區,莒光,4,70,0,特定專用區(一)
萬華區,莒光,4,70,1,特定專用區(一)
萬華區,莒光,4,70,2,特定專用區(一)
萬華區,莒光,4,71,0,特定專用區(一)
萬華區,莒光,4,72,0,特定專用區(一)
萬華區,莒光,4,73,0,特定專用區(一)
萬華區,莒光,4,74,0,特定專用區(一)
萬華區,莒光,4,74,1,特定專用區(一)
萬華區,莒光,4,74,2,特定專用區(一)
萬華區,莒光,4,74,3,特定專用區(一)
萬華區,莒光,4,74,4,特定專用區(一)
萬華區,莒光,4,74,5,特定專用區(一)
萬華區,莒光,4,75,0,特定專用區(一)
萬華區,莒光,4,76,0,特定專用區(一)
萬華區,莒光,4,77,0,特定專用區(一)
萬華區,莒光,4,78,0,特定專用區(一)
萬華區,莒光,4,79,0,特定專用區(一)
萬華區,莒光,4,80,0,特定專用區(一)
萬華區,莒光,4,81,0,特定專用區(一)
萬華區,莒光,4,82,0,特定專用區(一)
萬華區,莒光,4,83,0,特定專用區(一)
萬華區,莒光,4,84,0,特定專用區(一)
萬華區,莒光,4,85,0,特定專用區(一)
萬華區,莒光,4,86,0,特定專用區(一)
萬華區,莒光,4,87,0,特定專用區(一)
萬華區,莒光,4,88,0,特定專用區(一)
萬華區,莒光,4,89,0,特定專用區(一)
萬華區,莒光,4,90,0,特定專用區(一)
萬華區,莒光,4,91,0,特定專用區(一)
萬華區,莒光,4,92,0,特定專用區(一)
萬華區,莒光,4,93,0,特定專用區(一)
萬華區,莒光,4,94,0,特定專用區(一)
萬華區,莒光,4,95,0,特定專用區(一)
萬華區,莒光,4,96,0,特定專用區(一)
萬華區,莒光,4,97,0,特定專用區(一)
萬華區,莒光,4,98,0,特定專用區(一)
萬華區,莒光,4,99,0,特定專用區(一)
萬華區,莒光,4,100,0,特定專用區(一)
萬華區,莒光,4,101,0,特定專用區(一)
萬華區,莒光,4,101,1,特定專用區(一)
萬華區,莒光,4,101,2,道路用地(公共設施用地)
萬華區,莒光,4,102,0,特定專用區(一)
萬華區,莒光,4,102,1,道路用地(公共設施用地)
萬華區,莒光,4,103,0,特定專用區(一)
萬華區,莒光,4,103,1,道路用地(公共設施用地)
萬華區,莒光,4,104,0,特定專用區(一)
萬華區,莒光,4,104,1,道路用地(公共設施用地)
萬華區,莒光,4,104,2,特定專用區(一)
萬華區,莒光,4,104,3,特定專用區(一)
萬華區,莒光,4,104,4,特定專用區(一)
萬華區,莒光,4,105,0,特定專用區(一)
萬華區,莒光,4,106,0,特定專用區(一)
萬華區,莒光,4,107,0,特定專用區(一)
萬華區,莒光,4,107,1,特定專用區(一)
萬華區,莒光,4,108,0,特定專用區(一)
萬華區,莒光,4,109,0,特定專用區(一)
萬華區,莒光,4,110,0,特定專用區(一)
萬華區,莒光,4,111,0,特定專用區(一)
萬華區,莒光,4,112,0,特定專用區(一)
萬華區,莒光,4,113,0,特定專用區(一)
萬華區,莒光,4,114,0,特定專用區(一)
萬華區,莒光,4,115,0,特定專用區(一)
萬華區,莒光,4,116,0,特定專用區(一)
萬華區,莒光,4,117,0,特定專用區(一)
萬華區,莒光,4,118,0,特定專用區(一)
萬華區,莒光,4,119,0,特定專用區(一)
萬華區,莒光,4,120,0,特定專用區(一)
萬華區,莒光,4,120,1,特定專用區(一)
萬華區,莒光,4,120,2,特定專用區(一)
萬華區,莒光,4,120,3,特定專用區(一)
萬華區,莒光,4,120,4,特定專用區(一)
萬華區,莒光,4,120,5,特定專用區(一)
萬華區,莒光,4,120,6,特定專用區(一)
萬華區,莒光,4,120,7,特定專用區(一)
萬華區,莒光,4,120,8,特定專用區(一)
萬華區,莒光,4,121,0,特定專用區(一)
萬華區,莒光,4,122,0,特定專用區(一)
萬華區,莒光,4,123,0,特定專用區(一)
萬華區,莒光,4,124,0,特定專用區(一)
萬華區,莒光,4,125,0,道路用地(公共設施用地)
萬華區,莒光,4,126,0,道路用地(公共設施用地)
萬華區,莒光,4,127,0,"道路用地(公共設施用地),但是否在第三之一種住宅區(應依建築線或俟地籍測量分割後,再確定)"
萬華區,莒光,4,128,0,第三之一種住宅區
萬華區,莒光,4,129,0,第三之一種住宅區
萬華區,莒光,4,129,1,第三之一種住宅區
萬華區,莒光,4,130,0,第三之一種住宅區
萬華區,莒光,4,131,0,第三之一種住宅區
萬華區,莒光,4,132,0,第三之一種住宅區
萬華區,莒光,4,133,0,第三之一種住宅區
萬華區,莒光,4,134,0,第三之一種住宅區
萬華區,莒光,4,135,0,第三之一種住宅區
萬華區,莒光,4,136,0,第三之一種住宅區
萬華區,莒光,4,137,0,道路用地(公共設施用地)
萬華區,莒光,4,137,1,第三之一種住宅區
萬華區,莒光,4,138,0,道路用地(公共設施用地)
萬華區,莒光,4,139,0,第三之一種住宅區
萬華區,莒光,4,140,0,第三之一種住宅區
萬華區,莒光,4,141,0,第三之一種住宅區
萬華區,莒光,4,141,1,第三之一種住宅區
萬華區,莒光,4,142,0,第三之一種住宅區
萬華區,莒光,4,143,0,第三之一種住宅區
萬華區,莒光,4,143,1,第三之一種住宅區
萬華區,莒光,4,143,2,第三之一種住宅區
萬華區,莒光,4,144,0,第三之一種住宅區
萬華區,莒光,4,145,0,第三之一種住宅區
萬華區,莒光,4,145,1,第三種住宅區
萬華區,莒光,4,146,0,第三種住宅區
萬華區,莒光,4,147,0,第三種住宅區
萬華區,莒光,4,148,0,第三種住宅區
萬華區,莒光,4,149,0,第三之一種住宅區
萬華區,莒光,4,149,1,第三種住宅區
萬華區,莒光,4,150,0,第三之一種住宅區
萬華區,莒光,4,150,1,第三種住宅區
萬華區,莒光,4,151,0,第三之一種住宅區
萬華區,莒光,4,152,0,第三之一種住宅區
萬華區,莒光,4,152,1,第三種住宅區
萬華區,莒光,4,153,0,第三之一種住宅區
萬華區,莒光,4,153,1,第三種住宅區
萬華區,莒光,4,154,0,第三之一種住宅區
萬華區,莒光,4,154,1,第三種住宅區
萬華區,莒光,4,157,0,第三種住宅區
萬華區,莒光,4,157,2,第三種住宅區
萬華區,莒光,4,158,1,第三種住宅區
萬華區,莒光,4,159,1,第三種住宅區
萬華區,莒光,4,160,0,第三種住宅區
萬華區,莒光,4,161,0,第三種住宅區
萬華區,莒光,4,162,0,第三種住宅區
萬華區,莒光,4,163,0,第三種住宅區
萬華區,莒光,4,164,0,第三種住宅區
萬華區,莒光,4,165,0,第三種住宅區
萬華區,莒光,4,166,0,第三種住宅區
萬華區,莒光,4,167,0,第三種住宅區
萬華區,莒光,4,168,0,第三種住宅區
萬華區,莒光,4,168,1,第三種住宅區
萬華區,莒光,4,169,0,第三種住宅區
萬華區,莒光,4,170,0,第三種住宅區
萬華區,莒光,4,171,0,第三種住宅區
萬華區,莒光,4,172,0,第三種住宅區
萬華區,莒光,4,173,0,第三種住宅區
萬華區,莒光,4,174,0,第三種住宅區
萬華區,莒光,4,175,0,第三種住宅區
萬華區,莒光,4,176,0,第三種住宅區
萬華區,莒光,4,177,0,第三種住宅區
萬華區,莒光,4,178,0,第三種住宅區
萬華區,莒光,4,179,0,第三種住宅區
萬華區,莒光,4,180,0,第三種住宅區
萬華區,莒光,4,181,0,第三種住宅區
萬華區,莒光,4,182,0,第三種住宅區
萬華區,莒光,4,183,0,第三種住宅區
萬華區,莒光,4,184,0,第三種住宅區
萬華區,莒光,4,185,0,第三種住宅區
萬華區,莒光,4,185,1,"第三種住宅區,但是否在道路用地(公共設施用地)(應依建築線或俟地籍測量分割後,再確定)"
萬華區,莒光,4,186,0,道路用地(公共設施用地)
萬華區,莒光,4,187,0,"道路用地(公共設施用地),但是否在第參種工業區(應依建築線或俟地籍測量分割後,再確定)"
萬華區,莒光,4,187,1,道路用地(公共設施用地)
萬華區,莒光,4,188,0,道路用地(公共設施用地)
萬華區,莒光,4,189,0,特定專用區(一)
萬華區,莒光,4,190,0,特定專用區(一)
萬華區,莒光,4,191,0,特定專用區(一)
萬華區,莒光,4,192,0,特定專用區(一)
萬華區,莒光,4,193,0,道路用地(公共設施用地)
萬華區,莒光,4,194,0,道路用地(公共設施用地)
萬華區,莒光,4,195,0,特定專用區(一)
萬華區,莒光,4,196,0,特定專用區(一)
萬華區,莒光,4,197,0,道路用地(公共設施用地)
萬華區,莒光,4,198,0,道路用地(公共設施用地)
萬華區,莒光,4,199,0,特定專用區(一)
萬華區,莒光,4,200,0,特定專用區(一)
萬華區,莒光,4,201,0,道路用地(公共設施用地)
萬華區,莒光,4,202,0,道路用地(公共設施用地)
萬華區,莒光,4,203,0,特定專用區(一)
萬華區,莒光,4,204,0,特定專用區(一)
萬華區,莒光,4,205,0,道路用地(公共設施用地)
萬華區,莒光,4,206,0,道路用地(公共設施用地)
萬華區,莒光,4,207,0,特定專用區(一)
萬華區,莒光,4,207,1,道路用地(公共設施用地)
萬華區,莒光,4,208,0,特定專用區(一)
萬華區,莒光,4,209,0,特定專用區(一)
萬華區,莒光,4,210,0,特定專用區(一)
萬華區,莒光,4,211,0,特定專用區(一)
萬華區,莒光,4,212,0,特定專用區(一)
萬華區,莒光,4,213,0,特定專用區(一)
萬華區,莒光,4,214,0,特定專用區(一)
萬華區,莒光,4,215,0,特定專用區(一)
萬華區,莒光,4,216,0,特定專用區(一)
萬華區,莒光,4,217,0,特定專用區(一)
萬華區,莒光,4,218,0,特定專用區(一)
萬華區,莒光,4,219,0,特定專用區(一)
萬華區,莒光,4,220,0,特定專用區(一)
萬華區,莒光,4,221,0,特定專用區(一)
萬華區,莒光,4,222,0,特定專用區(一)
萬華區,莒光,4,223,0,特定專用區(一)
萬華區,莒光,4,223,1,道路用地(公共設施用地)
萬華區,莒光,4,223,2,道路用地(公共設施用地)
萬華區,莒光,4,223,3,特定專用區(一)
萬華區,莒光,4,224,0,特定專用區(一)
萬華區,莒光,4,224,1,道路用地(公共設施用地)
萬華區,莒光,4,225,0,特定專用區(一)
萬華區,莒光,4,225,1,道路用地(公共設施用地)
萬華區,莒光,4,226,0,特定專用區(一)
萬華區,莒光,4,226,1,道路用地(公共設施用地)
萬華區,莒光,4,227,0,特定專用區(一)
萬華區,莒光,4,227,1,道路用地(公共設施用地)
萬華區,莒光,4,228,0,"道路用地(公共設施用地),但是否在第參種工業區(應依建築線或俟地籍測量分割後,再確定)"
萬華區,莒光,4,228,1,道路用地(公共設施用地)
萬華區,莒光,4,229,0,特定專用區(一)
萬華區,莒光,4,230,0,特定專用區(一)
萬華區,莒光,4,231,0,特定專用區(一)
萬華區,莒光,4,232,0,特定專用區(一)
萬華區,莒光,4,233,0,特定專用區(一)
萬華區,莒光,4,234,0,特定專用區(一)
萬華區,莒光,4,235,0,特定專用區(一)
萬華區,莒光,4,235,1,道路用地(公共設施用地)
萬華區,莒光,4,236,0,特定專用區(一)
萬華區,莒光,4,236,1,道路用地(公共設施用地)
萬華區,莒光,4,237,0,道路用地(公共設施用地)
萬華區,莒光,4,238,0,特定專用區(一)
萬華區,莒光,4,238,1,道路用地(公共設施用地)
萬華區,莒光,4,238,2,特定專用區(一)
萬華區,莒光,4,239,0,特定專用區(一)
萬華區,莒光,4,240,0,特定專用區(一)
萬華區,莒光,4,240,1,道路用地(公共設施用地)
萬華區,莒光,4,241,0,特定專用區(一)
萬華區,莒光,4,242,0,道路用地(公共設施用地)
萬華區,莒光,4,242,2,特定專用區(一)
萬華區,莒光,4,242,3,特定專用區(一)
萬華區,莒光,4,243,0,第三之二種住宅區(特)
萬華區,莒光,4,245,0,道路用地(公共設施用地)
萬華區,莒光,4,245,1,道路用地(公共設施用地)
萬華區,莒光,4,245,2,道路用地(公共設施用地)
萬華區,莒光,4,246,0,"第壹種商業區(依都市計畫說明書圖規定辦理,始得作第壹種商業區使用)(原屬第參之壹種住宅區)"
萬華區,莒光,4,253,0,"第壹種商業區(依都市計畫說明書圖規定辦理,始得作第壹種商業區使用)(原屬第參之壹種住宅區)"
萬華區,莒光,4,263,0,"第壹種商業區(依都市計畫說明書圖規定辦理,始得作第壹種商業區使用)(原屬第參之壹種住宅區)"
萬華區,莒光,4,267,0,"第壹種商業區(依都市計畫說明書圖規定辦理,始得作第壹種商業區使用)(原屬第參之壹種住宅區)"
萬華區,莒光,4,278,0,"第壹種商業區(依都市計畫說明書圖規定辦理,始得作第壹種商業區使用)(原屬第參之壹種住宅區)"
萬華區,莒光,4,279,0,"第壹種商業區(依都市計畫說明書圖規定辦理,始得作第壹種商業區使用)(原屬第參之壹種住宅區)"
萬華區,莒光,4,280,0,"第壹種商業區(依都市計畫說明書圖規定辦理,始得作第壹種商業區使用)(原屬第參之壹種住宅區)"
萬華區,莒光,4,281,0,"第壹種商業區(依都市計畫說明書圖規定辦理,始得作第壹種商業區使用)(原屬第參之壹種住宅區)"
萬華區,莒光,4,282,0,"第壹種商業區(依都市計畫說明書圖規定辦理,始得作第壹種商業區使用)(原屬第參之壹種住宅區)"
萬華區,莒光,4,283,0,"第壹種商業區(依都市計畫說明書圖規定辦理,始得作第壹種商業區使用)(原屬第參之壹種住宅區)"
萬華區,莒光,4,284,0,"第壹種商業區(依都市計畫說明書圖規定辦理,始得作第壹種商業區使用)(原屬第參之壹種住宅區)"
萬華區,莒光,4,285,0,"第壹種商業區(依都市計畫說明書圖規定辦理,始得作第壹種商業區使用)(原屬第參之壹種住宅區)"
萬華區,莒光,4,286,0,"第壹種商業區(依都市計畫說明書圖規定辦理,始得作第壹種商業區使用)(原屬第參之壹種住宅區)"
萬華區,莒光,4,286,1,"第壹種商業區(依都市計畫說明書圖規定辦理,始得作第壹種商業區使用)(原屬第參之壹種住宅區)"
萬華區,莒光,4,287,0,"第壹種商業區(依都市計畫說明書圖規定辦理,始得作第壹種商業區使用)(原屬第參之壹種住宅區)"
萬華區,莒光,4,288,0,"第壹種商業區(依都市計畫說明書圖規定辦理,始得作第壹種商業區使用)(原屬第參之壹種住宅區)"
萬華區,莒光,4,288,1,"第壹種商業區(依都市計畫說明書圖規定辦理,始得作第壹種商業區使用)(原屬第參之壹種住宅區)"
萬華區,莒光,4,288,2,"第壹種商業區(依都市計畫說明書圖規定辦理,始得作第壹種商業區使用)(原屬第參之壹種住宅區)"
萬華區,莒光,4,289,0,"第壹種商業區(依都市計畫說明書圖規定辦理,始得作第壹種商業區使用)(原屬第參之壹種住宅區)"
萬華區,莒光,4,312,0,"第壹種商業區(依都市計畫說明書圖規定辦理,始得作第壹種商業區使用)(原屬第參之壹種住宅區)"
萬華區,莒光,4,313,0,"第壹種商業區(依都市計畫說明書圖規定辦理,始得作第壹種商業區使用)(原屬第參之壹種住宅區)"
萬華區,莒光,4,313,1,第三種住宅區
萬華區,莒光,4,314,0,"第壹種商業區(依都市計畫說明書圖規定辦理,始得作第壹種商業區使用)(原屬第參之壹種住宅區)"
萬華區,莒光,4,314,1,第三種住宅區
萬華區,莒光,4,315,0,"第壹種商業區(依都市計畫說明書圖規定辦理,始得作第壹種商業區使用)(原屬第參之壹種住宅區)"
萬華區,莒光,4,315,1,第三種住宅區
萬華區,莒光,4,316,0,"第壹種商業區(依都市計畫說明書圖規定辦理,始得作第壹種商業區使用)(原屬第參之壹種住宅區)"
萬華區,莒光,4,316,1,第三種住宅區
萬華區,莒光,4,317,0,"第壹種商業區(依都市計畫說明書圖規定辦理,始得作第壹種商業區使用)(原屬第參之壹種住宅區)"
萬華區,莒光,4,317,1,第三種住宅區
萬華區,莒光,4,318,0,"第壹種商業區(依都市計畫說明書圖規定辦理,始得作第壹種商業區使用)(原屬第參之壹種住宅區)"
萬華區,莒光,4,318,1,第三種住宅區
萬華區,莒光,4,319,0,"第壹種商業區(依都市計畫說明書圖規定辦理,始得作第壹種商業區使用)(原屬第參之壹種住宅區)"
萬華區,莒光,4,319,1,第三種住宅區
萬華區,莒光,4,320,0,"第壹種商業區(依都市計畫說明書圖規定辦理,始得作第壹種商業區使用)(原屬第參之壹種住宅區)"
萬華區,莒光,4,320,1,第三種住宅區
萬華區,莒光,4,321,0,"第壹種商業區(依都市計畫說明書圖規定辦理,始得作第壹種商業區使用)(原屬第參之壹種住宅區)"
萬華區,莒光,4,322,0,"第三種住宅區,但是否在第壹種商業區(依都市計畫說明書圖規定辦理,始得作第壹種商業區使用)(原屬第參之壹種住宅區,應依建築線或俟地籍測量分割後,再確定)"
萬華區,莒光,4,323,2,"第三種住宅區,但是否在第壹種商業區(依都市計畫說明書圖規定辦理,始得作第壹種商業區使用)(原屬第參之壹種住宅區,應依建築線或俟地籍測量分割後,再確定)"
萬華區,莒光,4,323,3,"第壹種商業區(依都市計畫說明書圖規定辦理,始得作第壹種商業區使用)(原屬第參之壹種住宅區)"
萬華區,莒光,4,323,4,第三種住宅區
萬華區,莒光,4,323,5,第三種住宅區
萬華區,莒光,4,324,0,"第壹種商業區(依都市計畫說明書圖規定辦理,始得作第壹種商業區使用)(原屬第參之壹種住宅區)"
萬華區,莒光,4,324,1,第三種住宅區
萬華區,莒光,4,325,0,第三種住宅區
萬華區,莒光,4,326,0,第三種住宅區
萬華區,莒光,4,327,0,第三種住宅區
萬華區,莒光,4,328,0,第三種住宅區
萬華區,莒光,4,329,0,第三種住宅區
萬華區,莒光,4,330,0,第三種住宅區
萬華區,莒光,4,331,0,第三種住宅區
萬華區,莒光,4,332,0,第三種住宅區
萬華區,莒光,4,333,0,第三種住宅區
萬華區,莒光,4,334,0,第三種住宅區
萬華區,莒光,4,335,0,第三種住宅區
萬華區,莒光,4,336,0,第三種住宅區
萬華區,莒光,4,337,0,第三種住宅區
萬華區,莒光,4,338,0,第三種住宅區
萬華區,莒光,4,339,0,第三種住宅區
萬華區,莒光,4,340,0,"第三種住宅區,但是否在第壹種商業區(依都市計畫說明書圖規定辦理,始得作第壹種商業區使用)(應依建築線或俟地籍測量分割後,再確定,原屬第參之壹種住宅區)"
萬華區,莒光,4,343,0,第三種住宅區
萬華區,莒光,4,344,0,道路用地(公共設施用地)
萬華區,莒光,4,345,0,第三種住宅區
萬華區,莒光,4,346,0,第三種住宅區
萬華區,莒光,4,347,0,第三種住宅區
萬華區,莒光,4,348,0,第三種住宅區
萬華區,莒光,4,349,0,第三種住宅區
萬華區,莒光,4,350,0,第三種住宅區
萬華區,莒光,4,351,0,第三種住宅區
萬華區,莒光,4,352,0,第三種住宅區
萬華區,莒光,4,353,0,第三種住宅區
萬華區,莒光,4,354,0,第三種住宅區
萬華區,莒光,4,355,0,第三種住宅區
萬華區,莒光,4,356,0,第三種住宅區
萬華區,莒光,4,357,0,第三種住宅區
萬華區,莒光,4,358,0,第三種住宅區
萬華區,莒光,4,359,0,第三種住宅區
萬華區,莒光,4,360,0,第三種住宅區
萬華區,莒光,4,361,0,第三種住宅區
萬華區,莒光,4,362,0,第三種住宅區
萬華區,莒光,4,363,0,第三種住宅區
萬華區,莒光,4,364,0,第三種住宅區
萬華區,莒光,4,365,0,第三種住宅區
萬華區,莒光,4,366,0,"第三種住宅區,但是否在第壹種商業區(依都市計畫說明書圖規定辦理,始得作第壹種商業區使用)(原屬第參種住宅區,應依建築線或俟地籍測量分割後,再確定)"
萬華區,莒光,4,367,0,"第壹種商業區(依都市計畫說明書圖規定辦理,始得作第壹種商業區使用)(原屬第參種住宅區),但是否在第三種住宅區(應依建築線或俟地籍測量分割後,再確定)"
萬華區,莒光,4,368,0,"第壹種商業區(依都市計畫說明書圖規定辦理,始得作第壹種商業區使用)(原屬第參之壹種住宅區)"
萬華區,莒光,4,368,2,"第壹種商業區(依都市計畫說明書圖規定辦理,始得作第壹種商業區使用)(原屬第參之壹種住宅區)"
萬華區,莒光,4,368,3,第三種住宅區
萬華區,莒光,4,369,0,"第壹種商業區(依都市計畫說明書圖規定辦理,始得作第壹種商業區使用)(原屬第參之壹種住宅區)"
萬華區,莒光,4,369,1,"第三種住宅區,但是否在第壹種商業區(依都市計畫說明書圖規定辦理,始得作第壹種商業區使用)(原屬第參種住宅區,應依建築線或俟地籍測量分割後,再確定)"
萬華區,莒光,4,370,0,"第壹種商業區(依都市計畫說明書圖規定辦理,始得作第壹種商業區使用)(原屬第參之壹種住宅區)"
萬華區,莒光,4,371,0,"第三種住宅區,但是否在第壹種商業區(依都市計畫說明書圖規定辦理,始得作第壹種商業區使用)(原屬第參之壹種住宅區,應依建築線或俟地籍測量分割後,再確定)"
萬華區,莒光,4,372,0,"第三種住宅區,但是否在第壹種商業區(依都市計畫說明書圖規定辦理,始得作第壹種商業區使用)(原屬第參種住宅區及第參之壹種住宅區,應依建築線或俟地籍測量分割後,再確定)"
萬華區,莒光,4,373,0,"第壹種商業區(依都市計畫說明書圖規定辦理,始得作第壹種商業區使用)(原屬第參之壹種住宅區)"
萬華區,莒光,4,374,0,"第壹種商業區(依都市計畫說明書圖規定辦理,始得作第壹種商業區使用)(原屬第參之壹種住宅區)"
萬華區,莒光,4,375,0,"第三種住宅區,但是否在第壹種商業區(依都市計畫說明書圖規定辦理,始得作第壹種商業區使用)(原屬第參種住宅區及第參之壹種住宅區,應依建築線或俟地籍測量分割後,再確定)"
萬華區,莒光,4,376,0,"第壹種商業區(依都市計畫說明書圖規定辦理,始得作第壹種商業區使用)(原屬第參種住宅區及第參之壹種住宅區),但是否在第三種住宅區(應依建築線或俟地籍測量分割後,再確定)"
萬華區,莒光,4,377,0,"第壹種商業區(依都市計畫說明書圖規定辦理,始得作第壹種商業區使用)(原屬第參之壹種住宅區)"
萬華區,莒光,4,378,0,"第壹種商業區(依都市計畫說明書圖規定辦理,始得作第壹種商業區使用)(原屬第參種住宅區及第參之壹種住宅區),但是否在第三種住宅區(應依建築線或俟地籍測量分割後,再確定)"
萬華區,莒光,4,381,0,"第壹種商業區(依都市計畫說明書圖規定辦理,始得作第壹種商業區使用)(原屬第參種住宅區及第參之壹種住宅區)"
萬華區,莒光,4,382,0,"第壹種商業區(依都市計畫說明書圖規定辦理,始得作第壹種商業區使用)(原屬第參種住宅區及第參之壹種住宅區)"
萬華區,莒光,4,383,0,"第壹種商業區(依都市計畫說明書圖規定辦理,始得作第壹種商業區使用)(原屬第參種住宅區)"
萬華區,莒光,4,384,0,道路用地(公共設施用地)
萬華區,莒光,4,384,1,"第三種住宅區,但是否在第壹種商業區(依都市計畫說明書圖規定辦理,始得作第壹種商業區使用)(原屬第參種住宅區,應依建築線或俟地籍測量分割後,再確定)"
萬華區,莒光,4,385,0,第三種住宅區
萬華區,莒光,4,386,0,第三種住宅區
萬華區,莒光,4,387,0,第三種住宅區
萬華區,莒光,4,388,0,第三種住宅區
萬華區,莒光,4,389,0,第三種住宅區
萬華區,莒光,4,390,0,第三種住宅區
萬華區,莒光,4,391,0,第三種住宅區
萬華區,莒光,4,392,0,第三種住宅區
萬華區,莒光,4,393,0,第三種住宅區
萬華區,莒光,4,394,0,第三種住宅區
萬華區,莒光,4,395,0,第三種住宅區
萬華區,莒光,4,396,0,第三種住宅區
萬華區,莒光,4,397,0,第三種住宅區
萬華區,莒光,4,398,0,第三種住宅區
萬華區,莒光,4,399,0,第三種住宅區
萬華區,莒光,4,400,0,第三種住宅區
萬華區,莒光,4,401,0,第三種住宅區
萬華區,莒光,4,402,0,第三種住宅區
萬華區,莒光,4,403,0,第三種住宅區
萬華區,莒光,4,404,0,第三種住宅區
萬華區,莒光,4,405,0,第三種住宅區
萬華區,莒光,4,406,0,第三種住宅區
萬華區,莒光,4,407,0,第三種住宅區
萬華區,莒光,4,408,0,第三種住宅區
萬華區,莒光,4,409,0,"第三種住宅區,但是否在第壹種商業區(依都市計畫說明書圖規定辦理,始得作第壹種商業區使用)(原屬第參種住宅區,應依建築線或俟地籍測量分割後,再確定)"
萬華區,莒光,4,410,0,"第壹種商業區(依都市計畫說明書圖規定辦理,始得作第壹種商業區使用)(原屬第參種住宅區),但是否在第三種住宅區(應依建築線或俟地籍測量分割後,再確定)"
萬華區,莒光,4,411,0,"第壹種商業區(依都市計畫說明書圖規定辦理,始得作第壹種商業區使用)(原屬第參種住宅區)"
萬華區,莒光,4,412,0,"第壹種商業區(依都市計畫說明書圖規定辦理,始得作第壹種商業區使用)(原屬第參種住宅區)"
萬華區,莒光,4,413,0,"第壹種商業區(依都市計畫說明書圖規定辦理,始得作第壹種商業區使用)(原屬第參種住宅區)"
萬華區,莒光,4,414,0,"第壹種商業區(依都市計畫說明書圖規定辦理,始得作第壹種商業區使用)(原屬第參種住宅區),但是否在道路用地(公共設施用地)(應依建築線或俟地籍測量分割後,再確定)"
萬華區,莒光,4,415,0,"第壹種商業區(依都市計畫說明書圖規定辦理,始得作第壹種商業區使用)(原屬第參種住宅區)"
萬華區,莒光,4,416,0,"第壹種商業區(依都市計畫說明書圖規定辦理,始得作第壹種商業區使用)(原屬第參種住宅區)"
萬華區,莒光,4,417,0,"第壹種商業區(依都市計畫說明書圖規定辦理,始得作第壹種商業區使用)(原屬第參種住宅區)"
萬華區,莒光,4,418,0,"第三種住宅區,但是否在第壹種商業區(依都市計畫說明書圖規定辦理,始得作第壹種商業區使用)(原屬第參種住宅區,應依建築線或俟地籍測量分割後,再確定)"
萬華區,莒光,4,419,0,"第三種住宅區,但是否在第壹種商業區(依都市計畫說明書圖規定辦理,始得作第壹種商業區使用)(原屬第參種住宅區,應依建築線或俟地籍測量分割後,再確定)"
萬華區,莒光,4,420,0,第三種住宅區
萬華區,莒光,4,421,0,第三種住宅區
萬華區,莒光,4,422,0,第三種住宅區
萬華區,莒光,4,423,0,第三種住宅區
萬華區,莒光,4,424,0,第三種住宅區
萬華區,莒光,4,425,0,第三種住宅區
萬華區,莒光,4,426,0,第三種住宅區
萬華區,莒光,4,427,0,第三種住宅區
萬華區,莒光,4,428,0,第三種住宅區
萬華區,莒光,4,429,0,第三種住宅區
萬華區,莒光,4,430,0,第三種住宅區
萬華區,莒光,4,431,0,第三種住宅區
萬華區,莒光,4,432,0,第三種住宅區
萬華區,莒光,4,433,0,第三種住宅區
萬華區,莒光,4,434,0,第三種住宅區
萬華區,莒光,4,435,0,第三種住宅區
萬華區,莒光,4,436,0,第三種住宅區
萬華區,莒光,4,437,0,第三種住宅區
萬華區,莒光,4,438,0,第三種住宅區
萬華區,莒光,4,439,0,第三種住宅區
萬華區,莒光,4,440,0,第三種住宅區
萬華區,莒光,4,441,0,第三種住宅區
萬華區,莒光,4,442,0,第三種住宅區
萬華區,莒光,4,443,0,第三種住宅區
萬華區,莒光,4,444,0,第三種住宅區
萬華區,莒光,4,445,0,第三種住宅區
萬華區,莒光,4,446,0,第三種住宅區
萬華區,莒光,4,447,0,第三種住宅區
萬華區,莒光,4,448,0,第三種住宅區
萬華區,莒光,4,448,1,道路用地(公共設施用地)
萬華區,莒光,4,449,0,道路用地(公共設施用地)
萬華區,莒光,4,450,0,道路用地(公共設施用地)
萬華區,莒光,4,451,0,道路用地(公共設施用地)
萬華區,莒光,4,452,0,第三種住宅區
萬華區,莒光,4,452,1,道路用地(公共設施用地)
萬華區,莒光,4,453,0,第三種住宅區
萬華區,莒光,4,453,1,道路用地(公共設施用地)
萬華區,莒光,4,454,0,第三種住宅區
萬華區,莒光,4,454,1,第三種住宅區
萬華區,莒光,4,454,2,道路用地(公共設施用地)
萬華區,莒光,4,454,3,道路用地(公共設施用地)
萬華區,莒光,4,455,0,第三種住宅區
萬華區,莒光,4,455,1,道路用地(公共設施用地)
萬華區,莒光,4,456,0,第三種住宅區
萬華區,莒光,4,456,1,道路用地(公共設施用地)
萬華區,莒光,4,457,0,第三種住宅區
萬華區,莒光,4,457,1,道路用地(公共設施用地)
萬華區,莒光,4,458,0,第三種住宅區
萬華區,莒光,4,458,1,道路用地(公共設施用地)
萬華區,莒光,4,459,0,第三種住宅區
萬華區,莒光,4,459,1,道路用地(公共設施用地)
萬華區,莒光,4,460,0,第三種住宅區
萬華區,莒光,4,460,1,道路用地(公共設施用地)
萬華區,莒光,4,461,0,第三種住宅區
萬華區,莒光,4,461,1,第三種住宅區
萬華區,莒光,4,461,2,道路用地(公共設施用地)
萬華區,莒光,4,461,3,道路用地(公共設施用地)
萬華區,莒光,4,462,0,第三種住宅區
萬華區,莒光,4,462,1,道路用地(公共設施用地)
萬華區,莒光,4,463,0,第三種住宅區
萬華區,莒光,4,463,1,道路用地(公共設施用地)
萬華區,莒光,4,464,0,第三種住宅區
萬華區,莒光,4,464,1,道路用地(公共設施用地)
萬華區,莒光,4,465,0,道路用地(公共設施用地)
萬華區,莒光,4,466,0,第三種住宅區
萬華區,莒光,4,466,1,道路用地(公共設施用地)
萬華區,莒光,4,467,0,第三種住宅區
萬華區,莒光,4,467,1,道路用地(公共設施用地)
萬華區,莒光,4,468,0,第三種住宅區
萬華區,莒光,4,468,1,道路用地(公共設施用地)
萬華區,莒光,4,469,0,第三種住宅區
萬華區,莒光,4,469,1,道路用地(公共設施用地)
萬華區,莒光,4,470,0,第三種住宅區
萬華區,莒光,4,470,1,道路用地(公共設施用地)
萬華區,莒光,4,471,0,第三種住宅區
萬華區,莒光,4,471,1,道路用地(公共設施用地)
萬華區,莒光,4,472,0,第三種住宅區
萬華區,莒光,4,472,1,道路用地(公共設施用地)
萬華區,莒光,4,473,0,第三種住宅區
萬華區,莒光,4,473,1,道路用地(公共設施用地)
萬華區,莒光,4,474,0,第三種住宅區
萬華區,莒光,4,474,1,道路用地(公共設施用地)
萬華區,莒光,4,475,0,第三種住宅區
萬華區,莒光,4,475,1,道路用地(公共設施用地)
萬華區,莒光,4,476,0,第三種住宅區
萬華區,莒光,4,476,1,道路用地(公共設施用地)
萬華區,莒光,4,477,0,第三種住宅區
萬華區,莒光,4,477,1,道路用地(公共設施用地)
萬華區,莒光,4,478,0,第三種住宅區
萬華區,莒光,4,478,1,道路用地(公共設施用地)
萬華區,莒光,4,479,0,第三種住宅區
萬華區,莒光,4,480,0,第三種住宅區
萬華區,莒光,4,480,1,道路用地(公共設施用地)
萬華區,莒光,4,481,0,第三種住宅區
萬華區,莒光,4,481,1,道路用地(公共設施用地)
萬華區,莒光,4,482,0,第三種住宅區
萬華區,莒光,4,482,1,道路用地(公共設施用地)
萬華區,莒光,4,482,2,道路用地(公共設施用地)
萬華區,莒光,4,483,0,第三種住宅區
萬華區,莒光,4,483,1,道路用地(公共設施用地)
萬華區,莒光,4,484,0,第三種住宅區
萬華區,莒光,4,484,1,道路用地(公共設施用地)
萬華區,莒光,4,485,0,第三種住宅區
萬華區,莒光,4,486,0,第三種住宅區
萬華區,莒光,4,487,0,第三種住宅區
萬華區,莒光,4,488,0,第三種住宅區
萬華區,莒光,4,489,0,第三種住宅區
萬華區,莒光,4,490,0,第三種住宅區
萬華區,莒光,4,491,0,第三種住宅區
萬華區,莒光,4,492,0,第三種住宅區
萬華區,莒光,4,493,0,第三種住宅區
萬華區,莒光,4,494,0,第三種住宅區
萬華區,莒光,4,495,0,第三種住宅區
萬華區,莒光,4,496,0,第三種住宅區
萬華區,莒光,4,497,0,第三種住宅區
萬華區,莒光,4,498,0,第三種住宅區
萬華區,莒光,4,499,0,第三種住宅區
萬華區,莒光,4,501,0,第三種住宅區
萬華區,莒光,4,501,1,道路用地(公共設施用地)
萬華區,莒光,4,502,0,道路用地(公共設施用地)
萬華區,莒光,4,503,0,道路用地(公共設施用地)
萬華區,莒光,4,504,0,第三種住宅區
萬華區,莒光,4,505,0,第三種住宅區
萬華區,莒光,4,506,0,道路用地(公共設施用地)
萬華區,莒光,4,507,0,道路用地(公共設施用地)
萬華區,莒光,4,508,0,第三種住宅區
萬華區,莒光,4,509,0,第三種住宅區
萬華區,莒光,4,510,0,道路用地(公共設施用地)
萬華區,莒光,4,511,0,道路用地(公共設施用地)
萬華區,莒光,4,512,0,第三種住宅區
萬華區,莒光,4,513,0,道路用地(公共設施用地)
萬華區,莒光,4,514,0,第三種住宅區
萬華區,莒光,4,515,0,第三種住宅區
萬華區,莒光,4,516,0,第三種住宅區
萬華區,莒光,4,517,0,第三種住宅區
萬華區,莒光,4,518,0,第三種住宅區
萬華區,莒光,4,518,1,第三種住宅區
萬華區,莒光,4,519,0,第三種住宅區
萬華區,莒光,4,520,0,第三種住宅區
萬華區,莒光,4,523,0,第三種住宅區
萬華區,莒光,4,524,0,道路用地(公共設施用地)
萬華區,莒光,4,525,0,第三種住宅區
萬華區,莒光,4,526,0,第三種住宅區
萬華區,莒光,4,526,1,道路用地(公共設施用地)
萬華區,莒光,4,527,0,第三種住宅區
萬華區,莒光,4,528,0,第三種住宅區
萬華區,莒光,4,529,0,第三種住宅區
萬華區,莒光,4,530,0,第三種住宅區
萬華區,莒光,4,531,0,第三種住宅區
萬華區,莒光,4,532,0,第三種住宅區
萬華區,莒光,4,533,0,第三種住宅區
萬華區,莒光,4,534,0,第三種住宅區
萬華區,莒光,4,535,0,第三種住宅區
萬華區,莒光,4,536,0,第三種住宅區
萬華區,莒光,4,537,0,第三種住宅區
萬華區,莒光,4,538,0,第三種住宅區
萬華區,莒光,4,539,0,第三種住宅區
萬華區,莒光,4,540,0,第三種住宅區
萬華區,莒光,4,541,0,道路用地(公共設施用地)
萬華區,莒光,4,541,1,道路用地(公共設施用地)
萬華區,莒光,4,542,0,第三種住宅區
萬華區,莒光,4,543,0,第三種住宅區
萬華區,莒光,4,544,0,第三種住宅區
萬華區,莒光,4,545,0,第三種住宅區
萬華區,莒光,4,546,0,第三種住宅區
萬華區,莒光,4,547,0,第三種住宅區
萬華區,莒光,4,548,0,第三種住宅區
萬華區,莒光,4,549,0,第三種住宅區
萬華區,莒光,4,550,0,第三種住宅區
萬華區,莒光,4,551,0,第三種住宅區
萬華區,莒光,4,552,0,第三種住宅區
萬華區,莒光,4,553,0,第三種住宅區
萬華區,莒光,4,554,0,第三種住宅區
萬華區,莒光,4,555,0,第三種住宅區
萬華區,莒光,4,556,0,第三種住宅區
萬華區,莒光,4,557,0,第三種住宅區
萬華區,莒光,4,557,1,道路用地(公共設施用地)
萬華區,莒光,4,558,0,第三種住宅區
萬華區,莒光,4,559,0,第三種住宅區
萬華區,莒光,4,560,0,第三種住宅區
萬華區,莒光,4,561,0,第三種住宅區
萬華區,莒光,4,562,0,第三種住宅區
萬華區,莒光,4,563,0,第三種住宅區
萬華區,莒光,4,564,0,第三種住宅區
萬華區,莒光,4,565,0,第三種住宅區
萬華區,莒光,4,566,0,第三種住宅區
萬華區,莒光,4,567,0,第三種住宅區
萬華區,莒光,4,568,0,第三種住宅區
萬華區,莒光,4,569,0,第三種住宅區
萬華區,莒光,4,570,0,第三種住宅區
萬華區,莒光,4,571,0,第三種住宅區
萬華區,莒光,4,572,0,第三種住宅區
萬華區,莒光,4,573,0,第三種住宅區
萬華區,莒光,4,574,0,第三種住宅區
萬華區,莒光,4,574,1,第三種住宅區
萬華區,莒光,4,575,0,道路用地(公共設施用地)
萬華區,莒光,4,576,0,道路用地(公共設施用地)
萬華區,莒光,4,577,0,第三種住宅區
萬華區,莒光,4,578,0,第三種住宅區
萬華區,莒光,4,579,0,第三種住宅區
萬華區,莒光,4,580,0,第三種住宅區
萬華區,莒光,4,581,0,第三種住宅區
萬華區,莒光,4,582,0,第三種住宅區
萬華區,莒光,4,583,0,第三種住宅區
萬華區,莒光,4,584,0,第三種住宅區
萬華區,莒光,4,585,0,第三種住宅區
萬華區,莒光,4,586,0,第三種住宅區
萬華區,莒光,4,586,1,道路用地(公共設施用地)
萬華區,莒光,4,587,0,第三種住宅區
萬華區,莒光,4,588,0,第三種住宅區
萬華區,莒光,4,589,0,第三種住宅區
萬華區,莒光,4,590,0,道路用地(公共設施用地)
萬華區,莒光,4,591,0,第三種住宅區
萬華區,莒光,4,592,0,第三種住宅區
萬華區,莒光,4,593,0,第三種住宅區
萬華區,莒光,4,594,0,道路用地(公共設施用地)
萬華區,莒光,4,595,0,道路用地(公共設施用地)
萬華區,莒光,4,596,0,第三種住宅區
萬華區,莒光,4,597,0,第三種住宅區
萬華區,莒光,4,598,0,道路用地(公共設施用地)
萬華區,莒光,4,599,0,道路用地(公共設施用地)
萬華區,莒光,4,600,0,第三種住宅區
萬華區,莒光,4,601,0,第三種住宅區
萬華區,莒光,4,602,0,道路用地(公共設施用地)
萬華區,莒光,4,603,0,道路用地(公共設施用地)
萬華區,莒光,4,604,0,道路用地(公共設施用地)
萬華區,莒光,4,605,0,第三種住宅區
萬華區,莒光,4,606,0,第三種住宅區
萬華區,莒光,4,607,0,第三種住宅區
萬華區,莒光,4,608,0,第三種住宅區
萬華區,莒光,4,609,0,第三種住宅區
萬華區,莒光,4,610,0,第三種住宅區
萬華區,莒光,4,611,0,第三種住宅區
萬華區,莒光,4,612,0,第三種住宅區
萬華區,莒光,4,613,0,第三種住宅區
萬華區,莒光,4,614,0,第三種住宅區
萬華區,莒光,4,615,0,第三種住宅區
萬華區,莒光,4,616,0,第三種住宅區
萬華區,莒光,4,617,0,第三種住宅區
萬華區,莒光,4,618,0,第三種住宅區
萬華區,莒光,4,619,0,第三種住宅區
萬華區,莒光,4,620,0,道路用地(公共設施用地)
萬華區,莒光,4,621,0,道路用地(公共設施用地)
萬華區,莒光,4,621,1,第三之二種住宅區(特)
萬華區,莒光,4,621,2,第三種住宅區
萬華區,莒光,4,622,0,道路用地(公共設施用地)
萬華區,莒光,4,622,1,第三之二種住宅區(特)
萬華區,莒光,4,622,2,道路用地(公共設施用地)
萬華區,莒光,4,622,3,道路用地(公共設施用地)
萬華區,莒光,4,622,4,道路用地(公共設施用地)
萬華區,莒光,4,622,5,道路用地(公共設施用地)
萬華區,莒光,4,622,6,道路用地(公共設施用地)
萬華區,莒光,4,623,0,道路用地(公共設施用地)
萬華區,莒光,4,624,0,道路用地(公共設施用地)
萬華區,莒光,4,625,0,道路用地(公共設施用地)
萬華區,莒光,4,626,0,道路用地(公共設施用地)
萬華區,莒光,4,627,0,道路用地(公共設施用地)
萬華區,莒光,4,628,0,道路用地(公共設施用地)
萬華區,莒光,4,628,1,第三之二種住宅區(特)
萬華區,莒光,4,629,0,第三之二種住宅區(特)
萬華區,莒光,4,629,1,"道路用地(公共設施用地),但是否在第三種住宅區(應依建築線或俟地籍測量分割後,再確定)"
萬華區,莒光,4,629,2,第三之二種住宅區(特)
萬華區,莒光,4,629,3,道路用地(公共設施用地)
萬華區,莒光,4,629,4,第三之二種住宅區(特)
萬華區,莒光,4,636,0,第三之二種住宅區(特)
萬華區,莒光,4,637,0,第三之二種住宅區(特)
萬華區,莒光,4,641,0,第三之二種住宅區(特)
萬華區,莒光,4,642,0,第三之二種住宅區(特)
萬華區,莒光,4,643,0,第三之二種住宅區(特)
萬華區,莒光,4,644,0,第三之二種住宅區(特)
萬華區,莒光,4,645,0,第三之二種住宅區(特)
萬華區,莒光,4,648,0,第三之二種住宅區(特)
萬華區,莒光,4,649,0,第三之二種住宅區(特)
萬華區,莒光,4,650,0,第三之二種住宅區(特)
萬華區,莒光,4,651,0,第三之二種住宅區(特)
萬華區,莒光,4,652,0,第三之二種住宅區(特)
萬華區,莒光,4,653,0,第三之二種住宅區(特)
萬華區,莒光,4,654,0,第三之二種住宅區(特)
萬華區,莒光,4,655,0,第三之二種住宅區(特)
萬華區,莒光,4,656,0,第三之二種住宅區(特)
萬華區,莒光,4,657,0,第三之二種住宅區(特)
萬華區,莒光,4,658,0,第三之二種住宅區(特)
萬華區,莒光,4,659,0,第三之二種住宅區(特)
萬華區,莒光,4,660,0,第三之二種住宅區(特)
萬華區,莒光,4,661,0,第三之二種住宅區(特)
萬華區,莒光,4,662,0,第三之二種住宅區(特)
萬華區,莒光,4,663,0,第三之二種住宅區(特)
萬華區,莒光,4,664,0,第三之二種住宅區(特)
萬華區,莒光,4,665,0,第三之二種住宅區(特)
萬華區,莒光,4,666,0,第三之二種住宅區(特)
萬華區,莒光,4,666,1,第三之二種住宅區(特)
萬華區,莒光,4,666,2,第三之二種住宅區(特)
萬華區,莒光,4,667,0,道路用地(公共設施用地)
萬華區,莒光,4,668,0,道路用地(公共設施用地)
萬華區,莒光,4,669,0,第三之二種住宅區(特)
萬華區,莒光,4,670,0,第三之二種住宅區(特)
萬華區,莒光,4,671,0,第三之二種住宅區(特)
萬華區,莒光,4,672,0,第三之二種住宅區(特)
萬華區,莒光,4,673,0,第三之二種住宅區(特)
萬華區,莒光,4,674,0,第三之二種住宅區(特)
萬華區,莒光,4,675,0,第三之二種住宅區(特)
萬華區,莒光,4,676,0,第三之二種住宅區(特)
萬華區,莒光,4,677,0,第三之二種住宅區(特)
萬華區,莒光,4,678,0,第三之二種住宅區(特)
萬華區,莒光,4,679,0,第三之二種住宅區(特)
萬華區,莒光,4,680,0,第三之二種住宅區(特)
萬華區,莒光,4,681,0,第三之二種住宅區(特)
萬華區,莒光,4,682,0,第三之二種住宅區(特)
萬華區,莒光,4,683,0,第三之二種住宅區(特)
萬華區,莒光,4,684,0,第三之二種住宅區(特)
萬華區,莒光,4,685,0,第三之二種住宅區(特)
萬華區,莒光,4,686,0,第三之二種住宅區(特)
萬華區,莒光,4,687,0,第三之二種住宅區(特)
萬華區,莒光,4,688,0,第三之二種住宅區(特)
萬華區,莒光,4,689,0,道路用地(公共設施用地)
萬華區,莒光,4,690,0,道路用地(公共設施用地)
萬華區,莒光,4,691,0,第三之二種住宅區(特)
萬華區,莒光,4,691,1,道路用地(公共設施用地)
萬華區,莒光,4,692,0,第三之二種住宅區(特)
萬華區,莒光,4,693,0,第三之二種住宅區(特)
萬華區,莒光,4,694,0,第三之二種住宅區(特)
萬華區,莒光,4,695,0,第三之二種住宅區(特)
萬華區,莒光,4,696,0,第三之二種住宅區(特)
萬華區,莒光,4,697,0,第三之二種住宅區(特)
萬華區,莒光,4,698,0,第三之二種住宅區(特)
萬華區,莒光,4,698,1,第三之二種住宅區(特)
萬華區,莒光,4,699,0,第三之二種住宅區(特)
萬華區,莒光,4,700,0,第三之二種住宅區(特)
萬華區,莒光,4,701,0,第三之二種住宅區(特)
萬華區,莒光,4,702,0,道路用地(公共設施用地)
萬華區,莒光,4,703,0,道路用地(公共設施用地)
萬華區,莒光,4,704,0,道路用地(公共設施用地)
萬華區,莒光,4,705,0,道路用地(公共設施用地)
萬華區,莒光,4,706,0,道路用地(公共設施用地)
萬華區,莒光,4,707,0,道路用地(公共設施用地)
萬華區,莒光,4,711,0,道路用地(公共設施用地)
萬華區,莒光,4,716,0,道路用地(公共設施用地)
萬華區,莒光,4,717,0,道路用地(公共設施用地)
萬華區,莒光,4,718,0,"第壹種商業區(依都市計畫說明書圖規定辦理,始得作第壹種商業區使用)(原屬第參之壹種住宅區)"
萬華區,莒光,4,719,0,"第壹種商業區(依都市計畫說明書圖規定辦理,始得作第壹種商業區使用)(原屬第參之壹種住宅區)"
萬華區,莒光,4,720,0,"第壹種商業區(依都市計畫說明書圖規定辦理,始得作第壹種商業區使用)(原屬第參之壹種住宅區)"
萬華區,莒光,4,721,0,"第壹種商業區(依都市計畫說明書圖規定辦理,始得作第壹種商業區使用)(原屬第參之壹種住宅區)"
萬華區,莒光,4,722,0,"第壹種商業區(依都市計畫說明書圖規定辦理,始得作第壹種商業區使用)(原屬第參之壹種住宅區)"
萬華區,莒光,4,723,0,"第壹種商業區(依都市計畫說明書圖規定辦理,始得作第壹種商業區使用)(原屬第參之壹種住宅區)"
萬華區,莒光,4,724,0,"第壹種商業區(依都市計畫說明書圖規定辦理,始得作第壹種商業區使用)(原屬第參之壹種住宅區)"
萬華區,莒光,4,725,0,道路用地(公共設施用地)
萬華區,莒光,4,727,0,"第壹種商業區(依都市計畫說明書圖規定辦理,始得作第壹種商業區使用)(原屬第參之壹種住宅區)"
萬華區,莒光,4,728,0,"第壹種商業區(依都市計畫說明書圖規定辦理,始得作第壹種商業區使用)(原屬第參之壹種住宅區)"
萬華區,莒光,4,729,0,"第壹種商業區(依都市計畫說明書圖規定辦理,始得作第壹種商業區使用)(原屬第參之壹種住宅區)"
萬華區,莒光,4,730,0,"第壹種商業區(依都市計畫說明書圖規定辦理,始得作第壹種商業區使用)(原屬第參之壹種住宅區)"
萬華區,莒光,4,730,1,"第壹種商業區(依都市計畫說明書圖規定辦理,始得作第壹種商業區使用)(原屬第參種住宅區)"
萬華區,莒光,4,731,0,"第壹種商業區(依都市計畫說明書圖規定辦理,始得作第壹種商業區使用)(原屬第參之壹種住宅區)"
萬華區,莒光,4,731,1,"第壹種商業區(依都市計畫說明書圖規定辦理,始得作第壹種商業區使用)(原屬第參種住宅區)"
萬華區,莒光,4,732,0,"第壹種商業區(依都市計畫說明書圖規定辦理,始得作第壹種商業區使用)(原屬第參之壹種住宅區)"
萬華區,莒光,4,732,1,"第壹種商業區(依都市計畫說明書圖規定辦理,始得作第壹種商業區使用)(原屬第參種住宅區)"
萬華區,莒光,4,733,0,"第壹種商業區(依都市計畫說明書圖規定辦理,始得作第壹種商業區使用)(原屬第參之壹種住宅區)"
萬華區,莒光,4,733,1,"第壹種商業區(依都市計畫說明書圖規定辦理,始得作第壹種商業區使用)(原屬第參種住宅區)"
萬華區,莒光,4,734,0,"第壹種商業區(依都市計畫說明書圖規定辦理,始得作第壹種商業區使用)(原屬第參之壹種住宅區)"
萬華區,莒光,4,734,1,"第壹種商業區(依都市計畫說明書圖規定辦理,始得作第壹種商業區使用)(原屬第參種住宅區)"
萬華區,莒光,4,735,0,"第壹種商業區(依都市計畫說明書圖規定辦理,始得作第壹種商業區使用)(原屬第參種住宅區)"
萬華區,莒光,4,736,0,"第壹種商業區(依都市計畫說明書圖規定辦理,始得作第壹種商業區使用)(原屬第參之壹種住宅區)"
萬華區,莒光,4,736,1,"第壹種商業區(依都市計畫說明書圖規定辦理,始得作第壹種商業區使用)(原屬第參種住宅區)"
萬華區,莒光,4,737,0,"第壹種商業區(依都市計畫說明書圖規定辦理,始得作第壹種商業區使用)(原屬第參之壹種住宅區)"
萬華區,莒光,4,737,1,"第壹種商業區(依都市計畫說明書圖規定辦理,始得作第壹種商業區使用)(原屬第參種住宅區)"
萬華區,莒光,4,738,0,"第壹種商業區(依都市計畫說明書圖規定辦理,始得作第壹種商業區使用)(原屬第參之壹種住宅區)"
萬華區,莒光,4,738,1,"第壹種商業區(依都市計畫說明書圖規定辦理,始得作第壹種商業區使用)(原屬第參種住宅區)"
萬華區,莒光,4,739,0,"第壹種商業區(依都市計畫說明書圖規定辦理,始得作第壹種商業區使用)(原屬第參種住宅區)"
萬華區,莒光,4,740,0,"第壹種商業區(依都市計畫說明書圖規定辦理,始得作第壹種商業區使用)(原屬第參種住宅區)"
萬華區,莒光,4,741,0,"第壹種商業區(依都市計畫說明書圖規定辦理,始得作第壹種商業區使用)(原屬第參之壹種住宅區)"
萬華區,莒光,4,741,1,"第壹種商業區(依都市計畫說明書圖規定辦理,始得作第壹種商業區使用)(原屬第參種住宅區)"
萬華區,莒光,4,742,0,"第壹種商業區(依都市計畫說明書圖規定辦理,始得作第壹種商業區使用)(原屬第參之壹種住宅區)"
萬華區,莒光,4,743,0,"第壹種商業區(依都市計畫說明書圖規定辦理,始得作第壹種商業區使用)(原屬第參之壹種住宅區)"
萬華區,莒光,4,744,0,"第壹種商業區(依都市計畫說明書圖規定辦理,始得作第壹種商業區使用)(原屬第參之壹種住宅區)"
萬華區,莒光,4,745,0,道路用地(公共設施用地)
萬華區,莒光,4,746,0,道路用地(公共設施用地)
萬華區,莒光,4,747,0,道路用地(公共設施用地)
萬華區,莒光,4,748,0,道路用地(公共設施用地)
萬華區,莒光,4,749,1,道路用地(公共設施用地)
萬華區,莒光,4,749,2,道路用地(公共設施用地)
萬華區,莒光,4,750,0,第三種住宅區
萬華區,莒光,4,751,0,第三種住宅區
萬華區,莒光,4,752,0,第三種住宅區
萬華區,莒光,4,753,0,第三種住宅區
萬華區,莒光,4,753,1,道路用地(公共設施用地)
萬華區,莒光,4,754,0,第三種住宅區
萬華區,莒光,4,754,1,道路用地(公共設施用地)
萬華區,莒光,4,755,0,第三種住宅區
萬華區,莒光,4,755,1,道路用地(公共設施用地)
萬華區,莒光,4,757,0,"第壹種商業區(依都市計畫說明書圖規定辦理,始得作第壹種商業區使用)(原屬第參之壹種住宅區)"
萬華區,莒光,4,757,1,"第壹種商業區(依都市計畫說明書圖規定辦理,始得作第壹種商業區使用)(原屬第參之壹種住宅區)"
萬華區,莒光,4,757,3,第三種住宅區
萬華區,莒光,4,757,4,第三種住宅區
萬華區,莒光,4,760,0,"第壹種商業區(依都市計畫說明書圖規定辦理,始得作第壹種商業區使用)(原屬第參之壹種住宅區)"
萬華區,莒光,4,760,1,第三種住宅區
萬華區,莒光,4,760,2,"第壹種商業區(依都市計畫說明書圖規定辦理,始得作第壹種商業區使用)(原屬第參之壹種住宅區)"
萬華區,莒光,4,760,3,第三種住宅區
萬華區,莒光,4,761,0,"第壹種商業區(依都市計畫說明書圖規定辦理,始得作第壹種商業區使用)(原屬第參之壹種住宅區)"
萬華區,莒光,4,761,1,"第壹種商業區(依都市計畫說明書圖規定辦理,始得作第壹種商業區使用)(原屬第參之壹種住宅區)"
萬華區,莒光,4,762,0,道路用地(公共設施用地)
萬華區,莒光,4,763,0,"第壹種商業區(依都市計畫說明書圖規定辦理,始得作第壹種商業區使用)(原屬第參之壹種住宅區)"
萬華區,莒光,4,764,0,"第壹種商業區(依都市計畫說明書圖規定辦理,始得作第壹種商業區使用)(原屬第參之壹種住宅區)"
萬華區,莒光,4,765,0,"第壹種商業區(依都市計畫說明書圖規定辦理,始得作第壹種商業區使用)(原屬第參之壹種住宅區)"
萬華區,莒光,4,766,0,"第壹種商業區(依都市計畫說明書圖規定辦理,始得作第壹種商業區使用)(原屬第參之壹種住宅區)"
萬華區,莒光,4,767,0,"第壹種商業區(依都市計畫說明書圖規定辦理,始得作第壹種商業區使用)(原屬第參之壹種住宅區)"
萬華區,莒光,4,768,0,"第壹種商業區(依都市計畫說明書圖規定辦理,始得作第壹種商業區使用)(原屬第參之壹種住宅區)"
萬華區,莒光,4,769,0,"第壹種商業區(依都市計畫說明書圖規定辦理,始得作第壹種商業區使用)(原屬第參之壹種住宅區)"
萬華區,莒光,4,769,1,"第壹種商業區(依都市計畫說明書圖規定辦理,始得作第壹種商業區使用)(原屬第參之壹種住宅區)"
萬華區,莒光,4,769,2,"第壹種商業區(依都市計畫說明書圖規定辦理,始得作第壹種商業區使用)(原屬第參之壹種住宅區)"
萬華區,莒光,4,769,3,"第壹種商業區(依都市計畫說明書圖規定辦理,始得作第壹種商業區使用)(原屬第參之壹種住宅區)"
萬華區,莒光,4,769,4,"第壹種商業區(依都市計畫說明書圖規定辦理,始得作第壹種商業區使用)(原屬第參之壹種住宅區)"
萬華區,莒光,4,770,0,"第壹種商業區(依都市計畫說明書圖規定辦理,始得作第壹種商業區使用)(原屬第參之壹種住宅區)"
萬華區,莒光,4,771,0,"第壹種商業區(依都市計畫說明書圖規定辦理,始得作第壹種商業區使用)(原屬第參之壹種住宅區)"
萬華區,莒光,4,772,0,"第壹種商業區(依都市計畫說明書圖規定辦理,始得作第壹種商業區使用)(原屬第參之壹種住宅區)"
萬華區,莒光,4,773,0,"第壹種商業區(依都市計畫說明書圖規定辦理,始得作第壹種商業區使用)(原屬第參之壹種住宅區)"
萬華區,莒光,4,774,0,"第壹種商業區(依都市計畫說明書圖規定辦理,始得作第壹種商業區使用)(原屬第參之壹種住宅區)"
萬華區,莒光,4,775,0,"第壹種商業區(依都市計畫說明書圖規定辦理,始得作第壹種商業區使用)(原屬第參之壹種住宅區)"
萬華區,莒光,4,776,0,"第壹種商業區(依都市計畫說明書圖規定辦理,始得作第壹種商業區使用)(原屬第參之壹種住宅區)"
萬華區,莒光,4,777,0,"第壹種商業區(依都市計畫說明書圖規定辦理,始得作第壹種商業區使用)(原屬第參之壹種住宅區)"
萬華區,莒光,4,778,0,"第壹種商業區(依都市計畫說明書圖規定辦理,始得作第壹種商業區使用)(原屬第參之壹種住宅區)"
萬華區,莒光,4,779,0,"第壹種商業區(依都市計畫說明書圖規定辦理,始得作第壹種商業區使用)(原屬第參之壹種住宅區)"
萬華區,莒光,4,780,0,"第壹種商業區(依都市計畫說明書圖規定辦理,始得作第壹種商業區使用)(原屬第參之壹種住宅區)"
萬華區,莒光,4,781,0,"第壹種商業區(依都市計畫說明書圖規定辦理,始得作第壹種商業區使用)(原屬第參之壹種住宅區)"
萬華區,莒光,4,782,0,"第壹種商業區(依都市計畫說明書圖規定辦理,始得作第壹種商業區使用)(原屬第參之壹種住宅區)"
萬華區,莒光,4,783,0,"第壹種商業區(依都市計畫說明書圖規定辦理,始得作第壹種商業區使用)(原屬第參之壹種住宅區)"
萬華區,莒光,4,783,1,第三種住宅區
萬華區,莒光,4,784,0,"第壹種商業區(依都市計畫說明書圖規定辦理,始得作第壹種商業區使用)(原屬第參之壹種住宅區)"
萬華區,莒光,4,784,1,第三種住宅區
萬華區,莒光,4,785,0,"第壹種商業區(依都市計畫說明書圖規定辦理,始得作第壹種商業區使用)(原屬第參之壹種住宅區)"
萬華區,莒光,4,785,1,第三種住宅區
萬華區,莒光,4,786,0,"第壹種商業區(依都市計畫說明書圖規定辦理,始得作第壹種商業區使用)(原屬第參之壹種住宅區)"
萬華區,莒光,4,786,1,第三種住宅區
萬華區,莒光,4,787,0,"第壹種商業區(依都市計畫說明書圖規定辦理,始得作第壹種商業區使用)(原屬第參之壹種住宅區)"
萬華區,莒光,4,787,1,第三種住宅區
萬華區,莒光,4,788,0,"第壹種商業區(依都市計畫說明書圖規定辦理,始得作第壹種商業區使用)(原屬第參之壹種住宅區)"
萬華區,莒光,4,788,1,第三種住宅區
萬華區,莒光,4,789,0,"第壹種商業區(依都市計畫說明書圖規定辦理,始得作第壹種商業區使用)(原屬第參之壹種住宅區)"
萬華區,莒光,4,789,1,第三種住宅區
萬華區,莒光,4,790,0,第三種住宅區
萬華區,莒光,4,791,0,第三種住宅區
萬華區,莒光,4,792,0,第三種住宅區
萬華區,莒光,4,793,0,第三種住宅區
萬華區,莒光,4,794,0,第三種住宅區
萬華區,莒光,4,795,0,第三種住宅區
萬華區,莒光,4,796,0,第三種住宅區
萬華區,莒光,4,797,0,第三種住宅區
萬華區,莒光,4,798,0,第三種住宅區
萬華區,莒光,4,799,0,第三種住宅區
萬華區,莒光,4,800,0,第三種住宅區
萬華區,莒光,4,801,0,第三種住宅區
萬華區,莒光,4,802,0,第三種住宅區
萬華區,莒光,4,803,0,第三種住宅區
萬華區,莒光,4,804,0,第三種住宅區
萬華區,莒光,4,805,0,第三種住宅區
萬華區,莒光,4,807,0,第三種住宅區
萬華區,莒光,4,808,0,道路用地(公共設施用地)
萬華區,莒光,4,809,0,道路用地(公共設施用地)
萬華區,莒光,4,810,0,道路用地(公共設施用地)
萬華區,莒光,4,811,0,道路用地(公共設施用地)
萬華區,莒光,4,812,0,道路用地(公共設施用地)
萬華區,莒光,4,813,0,道路用地(公共設施用地)
萬華區,莒光,4,814,0,道路用地(公共設施用地)
萬華區,莒光,4,815,0,道路用地(公共設施用地)
萬華區,莒光,4,816,0,道路用地(公共設施用地)
萬華區,莒光,4,817,0,道路用地(公共設施用地)
萬華區,莒光,4,817,2,道路用地(公共設施用地)
萬華區,莒光,4,818,0,道路用地(公共設施用地)
萬華區,莒光,4,819,0,道路用地(公共設施用地)
萬華區,莒光,4,820,0,道路用地(公共設施用地)
萬華區,莒光,4,821,0,道路用地(公共設施用地)
萬華區,莒光,4,822,0,"第三種住宅區,但是否在道路用地(公共設施用地)(應依建築線或俟地籍測量分割後,再確定)"
萬華區,莒光,4,823,0,第三種住宅區
萬華區,莒光,4,824,0,第三種住宅區
萬華區,莒光,4,825,0,第三種住宅區
萬華區,莒光,4,826,0,第三種住宅區
萬華區,莒光,4,827,0,第三種住宅區
萬華區,莒光,4,828,0,第三種住宅區
萬華區,莒光,4,829,0,第三種住宅區
萬華區,莒光,4,830,0,道路用地(公共設施用地)
萬華區,莒光,4,830,1,道路用地(公共設施用地)
萬華區,莒光,4,830,2,道路用地(公共設施用地)
萬華區,莒光,4,831,0,第三種住宅區
萬華區,莒光,4,832,0,第三種住宅區
萬華區,莒光,4,833,0,第三種住宅區
萬華區,莒光,4,833,1,第三種住宅區
萬華區,莒光,4,834,0,第三種住宅區
萬華區,莒光,4,835,0,第三種住宅區
萬華區,莒光,4,836,0,第三種住宅區
萬華區,莒光,4,837,0,第三種住宅區
萬華區,莒光,4,838,0,道路用地(公共設施用地)
萬華區,莒光,4,839,0,第三種住宅區
萬華區,莒光,4,840,0,第三種住宅區
萬華區,莒光,4,841,0,第三種住宅區
萬華區,莒光,4,842,0,第三種住宅區
萬華區,莒光,4,843,0,第三種住宅區
萬華區,莒光,4,844,0,第三種住宅區
萬華區,莒光,4,845,0,第三種住宅區
萬華區,莒光,4,846,0,第三種住宅區
萬華區,莒光,4,847,0,第三種住宅區
萬華區,莒光,4,848,0,第三種住宅區
萬華區,莒光,4,849,0,第三種住宅區
萬華區,莒光,4,850,0,第三種住宅區
萬華區,莒光,4,851,0,道路用地(公共設施用地)
萬華區,莒光,4,852,0,第三種住宅區
萬華區,莒光,4,853,0,"第壹種商業區(依都市計畫說明書圖規定辦理,始得作第壹種商業區使用)(原屬第參之壹種住宅區)"
萬華區,莒光,4,853,1,第三種住宅區
萬華區,莒光,4,854,0,"第壹種商業區(依都市計畫說明書圖規定辦理,始得作第壹種商業區使用)(原屬第參之壹種住宅區)"
萬華區,莒光,4,854,1,第三種住宅區
萬華區,莒光,4,855,0,"第壹種商業區(依都市計畫說明書圖規定辦理,始得作第壹種商業區使用)(原屬第參之壹種住宅區)"
萬華區,莒光,4,855,1,第三種住宅區
萬華區,莒光,4,856,0,"第壹種商業區(依都市計畫說明書圖規定辦理,始得作第壹種商業區使用)(原屬第參之壹種住宅區)"
萬華區,莒光,4,856,1,第三種住宅區
萬華區,莒光,4,857,0,"第壹種商業區(依都市計畫說明書圖規定辦理,始得作第壹種商業區使用)(原屬第參之壹種住宅區)"
萬華區,莒光,4,857,1,第三種住宅區
萬華區,莒光,4,858,0,"第壹種商業區(依都市計畫說明書圖規定辦理,始得作第壹種商業區使用)(原屬第參之壹種住宅區)"
萬華區,莒光,4,859,0,"第壹種商業區(依都市計畫說明書圖規定辦理,始得作第壹種商業區使用)(原屬第參之壹種住宅區)"
萬華區,莒光,4,860,0,道路用地(公共設施用地)
萬華區,莒光,4,861,0,道路用地(公共設施用地)
萬華區,莒光,4,861,1,道路用地(公共設施用地)
萬華區,莒光,4,861,2,道路用地(公共設施用地)
萬華區,莒光,4,862,0,"第壹種商業區(依都市計畫說明書圖規定辦理,始得作第壹種商業區使用)(原屬第參之壹種住宅區)"
萬華區,莒光,4,862,1,"第壹種商業區(依都市計畫說明書圖規定辦理,始得作第壹種商業區使用)(原屬第參之壹種住宅區)"
萬華區,莒光,4,862,2,道路用地(公共設施用地)
萬華區,莒光,4,865,0,"第壹種商業區(依都市計畫說明書圖規定辦理,始得作第壹種商業區使用)(原屬第參之壹種住宅區)"
萬華區,莒光,4,866,0,"第壹種商業區(依都市計畫說明書圖規定辦理,始得作第壹種商業區使用)(原屬第參之壹種住宅區)"
萬華區,莒光,4,867,0,"第壹種商業區(依都市計畫說明書圖規定辦理,始得作第壹種商業區使用)(原屬第參之壹種住宅區)"
萬華區,莒光,4,868,0,"第壹種商業區(依都市計畫說明書圖規定辦理,始得作第壹種商業區使用)(原屬第參之壹種住宅區)"
萬華區,莒光,4,869,0,"第壹種商業區(依都市計畫說明書圖規定辦理,始得作第壹種商業區使用)(原屬第參之壹種住宅區)"
萬華區,莒光,4,870,0,"第壹種商業區(依都市計畫說明書圖規定辦理,始得作第壹種商業區使用)(原屬第參之壹種住宅區)"
萬華區,莒光,4,871,0,"第壹種商業區(依都市計畫說明書圖規定辦理,始得作第壹種商業區使用)(原屬第參之壹種住宅區)"
萬華區,莒光,4,872,0,"第壹種商業區(依都市計畫說明書圖規定辦理,始得作第壹種商業區使用)(原屬第參之壹種住宅區)"
萬華區,莒光,4,873,0,"第壹種商業區(依都市計畫說明書圖規定辦理,始得作第壹種商業區使用)(原屬第參之壹種住宅區)"
萬華區,莒光,4,874,0,"第壹種商業區(依都市計畫說明書圖規定辦理,始得作第壹種商業區使用)(原屬第參之壹種住宅區)"
萬華區,莒光,4,875,0,"第壹種商業區(依都市計畫說明書圖規定辦理,始得作第壹種商業區使用)(原屬第參之壹種住宅區)"
萬華區,莒光,4,875,1,第三種住宅區
萬華區,莒光,4,876,0,"第壹種商業區(依都市計畫說明書圖規定辦理,始得作第壹種商業區使用)(原屬第參之壹種住宅區)"
萬華區,莒光,4,876,1,第三種住宅區
萬華區,莒光,4,877,0,"第壹種商業區(依都市計畫說明書圖規定辦理,始得作第壹種商業區使用)(原屬第參之壹種住宅區)"
萬華區,莒光,4,877,1,第三種住宅區
萬華區,莒光,4,878,0,"第壹種商業區(依都市計畫說明書圖規定辦理,始得作第壹種商業區使用)(原屬第參之壹種住宅區)"
萬華區,莒光,4,878,1,第三種住宅區
萬華區,莒光,4,879,0,第三種住宅區
萬華區,莒光,4,880,0,第三種住宅區
萬華區,莒光,4,881,0,第三種住宅區
萬華區,莒光,4,882,0,第三種住宅區
萬華區,莒光,4,883,0,第三種住宅區
萬華區,莒光,4,884,0,第三種住宅區
萬華區,莒光,4,885,0,第三種住宅區
萬華區,莒光,4,886,0,第三種住宅區
萬華區,莒光,4,887,0,第三種住宅區
萬華區,莒光,4,888,0,第三種住宅區
萬華區,莒光,4,889,0,第三種住宅區
萬華區,莒光,4,890,0,第三種住宅區
萬華區,莒光,4,891,0,第三種住宅區
萬華區,莒光,4,892,0,第三種住宅區
萬華區,莒光,4,893,0,第三種住宅區
萬華區,莒光,4,894,0,第三種住宅區
萬華區,莒光,4,895,0,第三種住宅區
萬華區,莒光,4,896,0,第三種住宅區
萬華區,莒光,4,897,0,第三種住宅區
萬華區,莒光,4,897,1,第三種住宅區
萬華區,莒光,4,897,2,第三種住宅區
萬華區,莒光,4,898,0,第三種住宅區
萬華區,莒光,4,898,1,第三種住宅區
萬華區,莒光,4,899,0,第三種住宅區
萬華區,莒光,4,899,1,第三種住宅區
萬華區,莒光,4,899,2,第三種住宅區
萬華區,莒光,4,899,3,第三種住宅區
萬華區,莒光,4,899,4,第三種住宅區
萬華區,莒光,4,899,5,第三種住宅區
萬華區,莒光,4,899,6,第三種住宅區
萬華區,莒光,4,900,0,第三種住宅區
萬華區,莒光,4,901,0,第三種住宅區
萬華區,莒光,4,902,0,第三種住宅區
萬華區,莒光,4,903,0,第三種住宅區
萬華區,莒光,4,904,0,第三種住宅區
萬華區,莒光,4,905,0,第三種住宅區
萬華區,莒光,4,906,0,第三種住宅區
萬華區,莒光,4,907,0,第三種住宅區
萬華區,莒光,4,908,0,第三種住宅區
萬華區,莒光,4,909,0,第三種住宅區
萬華區,莒光,4,910,0,第三種住宅區
萬華區,莒光,4,911,0,第三種住宅區
萬華區,莒光,4,912,0,第三種住宅區
萬華區,莒光,4,913,0,第三種住宅區
萬華區,莒光,4,914,0,第三種住宅區
萬華區,莒光,4,915,0,第三種住宅區
萬華區,莒光,4,916,0,第三種住宅區
萬華區,莒光,4,917,0,第三種住宅區
萬華區,莒光,4,918,0,第三種住宅區
萬華區,莒光,4,919,0,第三種住宅區
萬華區,莒光,4,920,0,第三種住宅區
萬華區,莒光,4,921,0,第三種住宅區
萬華區,莒光,4,922,0,第三種住宅區
萬華區,莒光,4,923,0,第三種住宅區
萬華區,莒光,4,926,0,"第壹種商業區(依都市計畫說明書圖規定辦理,始得作第壹種商業區使用)(原屬第參之壹種住宅區)"
萬華區,莒光,4,927,1,"第壹種商業區(依都市計畫說明書圖規定辦理,始得作第壹種商業區使用)(原屬第參之壹種住宅區)"
萬華區,莒光,4,928,0,"第壹種商業區(依都市計畫說明書圖規定辦理,始得作第壹種商業區使用)(原屬第參之壹種住宅區)"
萬華區,莒光,4,928,1,第三種住宅區
萬華區,莒光,4,929,0,"第壹種商業區(依都市計畫說明書圖規定辦理,始得作第壹種商業區使用)(原屬第參之壹種住宅區)"
萬華區,莒光,4,929,1,第三種住宅區
萬華區,莒光,4,930,0,"第壹種商業區(依都市計畫說明書圖規定辦理,始得作第壹種商業區使用)(原屬第參之壹種住宅區)"
萬華區,莒光,4,930,1,第三種住宅區
萬華區,莒光,4,931,0,"第壹種商業區(依都市計畫說明書圖規定辦理,始得作第壹種商業區使用)(原屬第參之壹種住宅區)"
萬華區,莒光,4,931,1,第三種住宅區
萬華區,莒光,4,932,0,"第壹種商業區(依都市計畫說明書圖規定辦理,始得作第壹種商業區使用)(原屬第參之壹種住宅區)"
萬華區,莒光,4,932,1,第三種住宅區
萬華區,莒光,4,933,0,"第壹種商業區(依都市計畫說明書圖規定辦理,始得作第壹種商業區使用)(原屬第參之壹種住宅區)"
萬華區,莒光,4,934,0,"第壹種商業區(依都市計畫說明書圖規定辦理,始得作第壹種商業區使用)(原屬第參之壹種住宅區)"
萬華區,莒光,4,935,0,"第壹種商業區(依都市計畫說明書圖規定辦理,始得作第壹種商業區使用)(原屬第參之壹種住宅區)"
萬華區,莒光,4,936,0,"第壹種商業區(依都市計畫說明書圖規定辦理,始得作第壹種商業區使用)(原屬第參之壹種住宅區)"
萬華區,莒光,4,936,1,道路用地(公共設施用地)
萬華區,莒光,4,936,3,道路用地(公共設施用地)
萬華區,莒光,4,937,0,道路用地(公共設施用地)
萬華區,莒光,4,938,0,"第壹種商業區(依都市計畫說明書圖規定辦理,始得作第壹種商業區使用)(原屬第參之壹種住宅區)"
萬華區,莒光,4,939,0,"第壹種商業區(依都市計畫說明書圖規定辦理,始得作第壹種商業區使用)(原屬第參之壹種住宅區)"
萬華區,莒光,4,940,0,"第壹種商業區(依都市計畫說明書圖規定辦理,始得作第壹種商業區使用)(原屬第參之壹種住宅區)"
萬華區,莒光,4,941,0,"第壹種商業區(依都市計畫說明書圖規定辦理,始得作第壹種商業區使用)(原屬第參之壹種住宅區)"
萬華區,莒光,4,942,0,"第壹種商業區(依都市計畫說明書圖規定辦理,始得作第壹種商業區使用)(原屬第參之壹種住宅區)"
萬華區,莒光,4,943,0,"第壹種商業區(依都市計畫說明書圖規定辦理,始得作第壹種商業區使用)(原屬第參之壹種住宅區)"
萬華區,莒光,4,944,0,"第壹種商業區(依都市計畫說明書圖規定辦理,始得作第壹種商業區使用)(原屬第參之壹種住宅區)"
萬華區,莒光,4,945,0,"第壹種商業區(依都市計畫說明書圖規定辦理,始得作第壹種商業區使用)(原屬第參之壹種住宅區)"
萬華區,莒光,4,946,0,"第壹種商業區(依都市計畫說明書圖規定辦理,始得作第壹種商業區使用)(原屬第參之壹種住宅區)"
萬華區,莒光,4,947,0,"第壹種商業區(依都市計畫說明書圖規定辦理,始得作第壹種商業區使用)(原屬第參之壹種住宅區)"
萬華區,莒光,4,947,1,第三種住宅區
萬華區,莒光,4,948,0,"第壹種商業區(依都市計畫說明書圖規定辦理,始得作第壹種商業區使用)(原屬第參之壹種住宅區)"
萬華區,莒光,4,948,1,第三種住宅區
萬華區,莒光,4,949,0,"第壹種商業區(依都市計畫說明書圖規定辦理,始得作第壹種商業區使用)(原屬第參之壹種住宅區)"
萬華區,莒光,4,949,1,第三種住宅區
萬華區,莒光,4,950,0,"第壹種商業區(依都市計畫說明書圖規定辦理,始得作第壹種商業區使用)(原屬第參之壹種住宅區)"
萬華區,莒光,4,950,1,第三種住宅區
萬華區,莒光,4,951,0,第三種住宅區
萬華區,莒光,4,952,0,第三種住宅區
萬華區,莒光,4,953,0,第三種住宅區
萬華區,莒光,4,958,0,道路用地(公共設施用地)
萬華區,莒光,4,959,0,道路用地(公共設施用地)
萬華區,莒光,4,959,1,第三之二種住宅區(特)
萬華區,莒光,4,959,2,第三種住宅區
萬華區,莒光,4,960,0,第三種住宅區
萬華區,莒光,4,961,0,第三種住宅區
萬華區,莒光,4,962,0,第三種住宅區
萬華區,莒光,4,963,0,第三種住宅區
萬華區,莒光,4,964,0,第三種住宅區
萬華區,莒光,4,965,0,第三種住宅區
萬華區,莒光,4,966,0,第三種住宅區
萬華區,莒光,4,967,0,第三種住宅區
萬華區,莒光,4,968,0,第三種住宅區
萬華區,莒光,4,969,0,第三種住宅區
萬華區,莒光,4,970,0,第三種住宅區
萬華區,莒光,4,971,0,第三種住宅區
萬華區,莒光,4,972,0,第三種住宅區
萬華區,莒光,4,973,0,第三種住宅區
萬華區,莒光,4,974,0,第三種住宅區
萬華區,莒光,4,975,0,第三種住宅區
萬華區,莒光,4,976,0,第三種住宅區
萬華區,莒光,4,977,0,第三種住宅區
萬華區,莒光,4,978,0,第三種住宅區
萬華區,莒光,4,979,0,第三種住宅區
萬華區,莒光,4,980,0,第三種住宅區
萬華區,莒光,4,981,0,第三種住宅區
萬華區,莒光,4,982,0,第三種住宅區
萬華區,莒光,4,983,0,第三種住宅區
萬華區,莒光,4,984,0,第三種住宅區
萬華區,莒光,4,985,0,第三種住宅區
萬華區,莒光,4,986,0,第三種住宅區
萬華區,莒光,4,987,0,第三種住宅區
萬華區,莒光,4,988,0,道路用地(公共設施用地)
萬華區,莒光,4,988,1,第三之二種住宅區(特)
萬華區,莒光,4,988,2,道路用地(公共設施用地)
萬華區,莒光,4,988,3,道路用地(公共設施用地)
萬華區,莒光,4,989,0,第三之二種住宅區(特)
萬華區,莒光,4,990,0,第三之二種住宅區(特)
萬華區,莒光,4,991,0,第三之二種住宅區(特)
萬華區,莒光,4,992,0,第三之二種住宅區(特)
萬華區,莒光,4,993,0,第三之二種住宅區(特)
萬華區,莒光,4,994,0,第三之二種住宅區(特)
萬華區,莒光,4,995,0,第三之二種住宅區(特)
萬華區,莒光,4,996,0,第三之二種住宅區(特)
萬華區,莒光,4,997,0,第三之二種住宅區(特)
萬華區,莒光,4,997,1,道路用地(公共設施用地)
萬華區,莒光,4,997,2,道路用地(公共設施用地)
萬華區,莒光,4,998,0,第三之二種住宅區(特)
萬華區,莒光,4,999,0,第三之二種住宅區(特)
萬華區,莒光,4,1000,0,第三之二種住宅區(特)
萬華區,莒光,4,1001,0,第三之二種住宅區(特)
萬華區,莒光,4,1002,0,第三之二種住宅區(特)
萬華區,莒光,4,1003,0,第三之二種住宅區(特)
萬華區,莒光,4,1004,0,第三之二種住宅區(特)
萬華區,莒光,4,1005,0,第三之二種住宅區(特)
萬華區,莒光,4,1006,0,第三之二種住宅區(特)
萬華區,莒光,4,1007,0,第三之二種住宅區(特)
萬華區,莒光,4,1008,0,第三之二種住宅區(特)
萬華區,莒光,4,1009,0,第三之二種住宅區(特)
萬華區,莒光,4,1010,0,第三之二種住宅區(特)
萬華區,莒光,4,1012,0,第三之二種住宅區(特)
萬華區,莒光,4,1013,0,第三之二種住宅區(特)
萬華區,莒光,4,1014,0,第三之二種住宅區(特)
萬華區,莒光,4,1015,0,第三之二種住宅區(特)
萬華區,莒光,4,1016,0,第三之二種住宅區(特)
萬華區,莒光,4,1016,1,道路用地(公共設施用地)
萬華區,莒光,4,1017,0,第三之二種住宅區(特)
萬華區,莒光,4,1017,1,道路用地(公共設施用地)
萬華區,莒光,4,1018,0,第三之二種住宅區(特)
萬華區,莒光,4,1018,1,道路用地(公共設施用地)
萬華區,莒光,4,1019,0,第三之二種住宅區(特)
萬華區,莒光,4,1019,1,道路用地(公共設施用地)
萬華區,莒光,4,1020,0,第三之二種住宅區(特)
萬華區,莒光,4,1020,1,第三之二種住宅區(特)
萬華區,莒光,4,1020,2,道路用地(公共設施用地)
萬華區,莒光,4,1021,0,第三之二種住宅區(特)
萬華區,莒光,4,1021,1,道路用地(公共設施用地)
萬華區,莒光,4,1022,0,第三之二種住宅區(特)
萬華區,莒光,4,1022,1,道路用地(公共設施用地)
萬華區,莒光,4,1023,0,第三之二種住宅區(特)
萬華區,莒光,4,1023,1,道路用地(公共設施用地)
萬華區,莒光,4,1024,0,第三之二種住宅區(特)
萬華區,莒光,4,1025,0,第三之二種住宅區(特)
萬華區,莒光,4,1026,0,道路用地(公共設施用地)
萬華區,莒光,4,1026,1,道路用地(公共設施用地)
萬華區,莒光,4,1026,2,道路用地(公共設施用地)
萬華區,莒光,4,1027,0,道路用地(公共設施用地)
萬華區,莒光,4,1027,1,第三之二種住宅區(特)
萬華區,莒光,4,1028,0,第三之二種住宅區(特)
萬華區,莒光,4,1029,0,第三之二種住宅區(特)
萬華區,莒光,4,1030,0,第三之二種住宅區(特)
萬華區,莒光,4,1031,0,第三之二種住宅區(特)
萬華區,莒光,4,1032,0,第三之二種住宅區(特)
萬華區,莒光,4,1033,0,第三之二種住宅區(特)
萬華區,莒光,4,1034,0,第三之二種住宅區(特)
萬華區,莒光,4,1035,0,第三之二種住宅區(特)
萬華區,莒光,4,1036,0,第三之二種住宅區(特)
萬華區,莒光,4,1037,0,第三之二種住宅區(特)
萬華區,莒光,4,1038,0,第三之二種住宅區(特)
萬華區,莒光,4,1039,0,第三之二種住宅區(特)
萬華區,莒光,4,1040,0,第三之二種住宅區(特)
萬華區,莒光,4,1041,0,第三之二種住宅區(特)
萬華區,莒光,4,1042,0,第三之二種住宅區(特)
萬華區,莒光,4,1043,0,第三之二種住宅區(特)
萬華區,莒光,4,1044,0,第三之二種住宅區(特)
萬華區,莒光,4,1045,0,第三之二種住宅區(特)
萬華區,莒光,4,1046,0,第三之二種住宅區(特)
萬華區,莒光,4,1047,0,第三之二種住宅區(特)
萬華區,莒光,4,1048,0,道路用地(公共設施用地)
萬華區,莒光,4,1049,0,道路用地(公共設施用地)
萬華區,莒光,4,1050,0,第三之二種住宅區(特)
萬華區,莒光,4,1051,0,第三之二種住宅區(特)
萬華區,莒光,4,1052,0,第三之二種住宅區(特)
萬華區,莒光,4,1053,0,第三之二種住宅區(特)
萬華區,莒光,4,1054,0,第三之二種住宅區(特)
萬華區,莒光,4,1055,0,第三之二種住宅區(特)
萬華區,莒光,4,1056,0,第三之二種住宅區(特)
萬華區,莒光,4,1057,0,第三之二種住宅區(特)
萬華區,莒光,4,1058,0,第三之二種住宅區(特)
萬華區,莒光,4,1059,0,第三之二種住宅區(特)
萬華區,莒光,4,1060,0,第三之二種住宅區(特)
萬華區,莒光,4,1061,0,第三之二種住宅區(特)
萬華區,莒光,4,1062,0,第三之二種住宅區(特)
萬華區,莒光,4,1063,0,第三之二種住宅區(特)
萬華區,莒光,4,1064,0,第三之二種住宅區(特)
萬華區,莒光,4,1065,0,第三之二種住宅區(特)
萬華區,莒光,4,1066,0,第三之二種住宅區(特)
萬華區,莒光,4,1067,0,第三之二種住宅區(特)
萬華區,莒光,4,1068,0,第三之二種住宅區(特)
萬華區,莒光,4,1069,0,第三之二種住宅區(特)
萬華區,莒光,4,1070,0,第三之二種住宅區(特)
萬華區,莒光,4,1071,0,第三之二種住宅區(特)
萬華區,莒光,4,1072,0,第三之二種住宅區(特)
萬華區,莒光,4,1073,0,第三之二種住宅區(特)
萬華區,莒光,4,1074,0,第三之二種住宅區(特)
萬華區,莒光,4,1075,0,第三之二種住宅區(特)
萬華區,莒光,4,1076,0,第三之二種住宅區(特)
萬華區,莒光,4,1077,0,第三之二種住宅區(特)
萬華區,莒光,4,1078,0,第三之二種住宅區(特)
萬華區,莒光,4,1079,0,第三之二種住宅區(特)
萬華區,莒光,4,1080,0,第三之二種住宅區(特)
萬華區,莒光,4,1081,0,第三之二種住宅區(特)
萬華區,莒光,4,1082,0,第三之二種住宅區(特)
萬華區,莒光,4,1083,0,第三之二種住宅區(特)
萬華區,莒光,4,1084,0,第三之二種住宅區(特)
萬華區,莒光,4,1085,0,第三之二種住宅區(特)
萬華區,莒光,4,1086,0,第三之二種住宅區(特)
萬華區,莒光,4,1087,0,第三之二種住宅區(特)
萬華區,莒光,4,1088,0,第三之二種住宅區(特)
萬華區,莒光,4,1089,0,第三之二種住宅區(特)
萬華區,莒光,4,1090,0,第三之二種住宅區(特)
萬華區,莒光,4,1091,0,第三之二種住宅區(特)
萬華區,莒光,4,1092,0,第三之二種住宅區(特)
萬華區,莒光,4,1093,0,第三之二種住宅區(特)
萬華區,莒光,4,1094,0,第三之二種住宅區(特)
萬華區,莒光,4,1095,0,第三之二種住宅區(特)
萬華區,莒光,4,1096,0,第三之二種住宅區(特)
萬華區,莒光,4,1097,0,第三之二種住宅區(特)
萬華區,莒光,4,1098,0,第三之二種住宅區(特)
萬華區,莒光,4,1099,0,第三之二種住宅區(特)
萬華區,莒光,4,1100,0,第三之二種住宅區(特)
萬華區,莒光,4,1101,0,第三之二種住宅區(特)
萬華區,莒光,4,1102,0,第三之二種住宅區(特)
萬華區,莒光,4,1103,0,第三之二種住宅區(特)
萬華區,莒光,4,1104,0,第三之二種住宅區(特)
萬華區,莒光,4,1105,0,第三之二種住宅區(特)
萬華區,莒光,4,1106,0,第三之二種住宅區(特)
萬華區,莒光,4,1106,1,道路用地(公共設施用地)
萬華區,莒光,4,1107,0,第三之二種住宅區(特)
萬華區,莒光,4,1107,1,道路用地(公共設施用地)
萬華區,莒光,4,1108,0,第三之二種住宅區(特)
萬華區,莒光,4,1108,1,道路用地(公共設施用地)
萬華區,莒光,4,1109,0,道路用地(公共設施用地)
萬華區,莒光,4,1109,1,第三之二種住宅區(特)
萬華區,莒光,4,1110,0,第三之二種住宅區(特)
萬華區,莒光,4,1111,0,第三之二種住宅區(特)
萬華區,莒光,4,1112,0,第三之二種住宅區(特)
萬華區,莒光,4,1113,0,第三之二種住宅區(特)
萬華區,莒光,4,1114,0,第三之二種住宅區(特)
萬華區,莒光,4,1115,0,第三之二種住宅區(特)
萬華區,莒光,4,1116,0,第三之二種住宅區(特)
萬華區,莒光,4,1117,0,第三之二種住宅區(特)
萬華區,莒光,4,1118,0,第三之二種住宅區(特)
萬華區,莒光,4,1119,0,第三之二種住宅區(特)
萬華區,莒光,4,1120,0,第三之二種住宅區(特)
萬華區,莒光,4,1121,0,第三之二種住宅區(特)
萬華區,莒光,4,1122,0,第三之二種住宅區(特)
萬華區,莒光,4,1123,0,第三之二種住宅區(特)
萬華區,莒光,4,1124,0,第三之二種住宅區(特)
萬華區,莒光,4,1125,0,道路用地(公共設施用地)
萬華區,莒光,4,1125,1,第三之二種住宅區(特)
萬華區,莒光,4,1126,0,道路用地(公共設施用地)
萬華區,莒光,4,1127,0,第三之二種住宅區(特)
萬華區,莒光,4,1127,1,道路用地(公共設施用地)
萬華區,莒光,4,1128,0,第三之二種住宅區(特)
萬華區,莒光,4,1128,1,道路用地(公共設施用地)
萬華區,莒光,4,1129,0,第三之二種住宅區(特)
萬華區,莒光,4,1129,1,道路用地(公共設施用地)
萬華區,莒光,4,1130,0,第三之二種住宅區(特)
萬華區,莒光,4,1130,1,道路用地(公共設施用地)
萬華區,莒光,4,1131,0,"第壹種商業區(依都市計畫說明書圖規定辦理,始得作第壹種商業區使用)(原屬第參之壹種住宅區)"
萬華區,莒光,4,1131,1,道路用地(公共設施用地)
萬華區,莒光,4,1131,2,第三之二種住宅區(特)
萬華區,莒光,4,1132,0,"第壹種商業區(依都市計畫說明書圖規定辦理,始得作第壹種商業區使用)(原屬第參之壹種住宅區)"
萬華區,莒光,4,1132,1,第三之二種住宅區(特)
萬華區,莒光,4,1132,2,道路用地(公共設施用地)
萬華區,莒光,4,1132,3,第三之二種住宅區(特)
萬華區,莒光,4,1133,0,"第壹種商業區(依都市計畫說明書圖規定辦理,始得作第壹種商業區使用)(原屬第參之壹種住宅區)"
萬華區,莒光,4,1133,1,第三之二種住宅區(特)
萬華區,莒光,4,1134,0,道路用地(公共設施用地)
萬華區,莒光,4,1134,1,"第壹種商業區(依都市計畫說明書圖規定辦理,始得作第壹種商業區使用)(原屬第參之壹種住宅區)"
萬華區,莒光,4,1142,0,"第壹種商業區(依都市計畫說明書圖規定辦理,始得作第壹種商業區使用)(原屬第參之壹種住宅區)"
萬華區,莒光,4,1143,0,道路用地(公共設施用地)
萬華區,莒光,4,1143,1,"第壹種商業區(依都市計畫說明書圖規定辦理,始得作第壹種商業區使用)(原屬第參之壹種住宅區)"
萬華區,莒光,4,1143,2,"第壹種商業區(依都市計畫說明書圖規定辦理,始得作第壹種商業區使用)(原屬第參之壹種住宅區)"
萬華區,莒光,4,1143,3,"第壹種商業區(依都市計畫說明書圖規定辦理,始得作第壹種商業區使用)(原屬第參之壹種住宅區)"
萬華區,莒光,4,1144,0,特定專用區(一)
萬華區,華中,1,1,0,道路用地(公共設施用地)
萬華區,華中,1,2,0,道路用地(公共設施用地)
萬華區,華中,1,3,0,"第參種商業區(依都市計畫說明書圖規定辦理,始得作第參種商業區使用)(原屬第壹種商業區)"
萬華區,華中,1,4,0,"第參種商業區(依都市計畫說明書圖規定辦理,始得作第參種商業區使用)(原屬第壹種商業區)"
萬華區,華中,1,5,0,"第參種商業區(依都市計畫說明書圖規定辦理,始得作第參種商業區使用)(原屬第壹種商業區)"
萬華區,華中,1,6,0,"第參種商業區(依都市計畫說明書圖規定辦理,始得作第參種商業區使用)(原屬第壹種商業區)"
萬華區,華中,1,7,0,"第參種商業區(依都市計畫說明書圖規定辦理,始得作第參種商業區使用)(原屬第壹種商業區)"
萬華區,華中,1,8,0,"第參種商業區(依都市計畫說明書圖規定辦理,始得作第參種商業區使用)(原屬第壹種商業區)"
萬華區,華中,1,9,0,"第參種商業區(依都市計畫說明書圖規定辦理,始得作第參種商業區使用)(原屬第壹種商業區)"
萬華區,華中,1,10,0,"第參種商業區(依都市計畫說明書圖規定辦理,始得作第參種商業區使用)(原屬第壹種商業區)"
萬華區,華中,1,11,0,"第參種商業區(依都市計畫說明書圖規定辦理,始得作第參種商業區使用)(原屬第壹種商業區)"
萬華區,華中,1,12,0,"第參種商業區(依都市計畫說明書圖規定辦理,始得作第參種商業區使用)(原屬第壹種商業區)"
萬華區,華中,1,13,0,"第參種商業區(依都市計畫說明書圖規定辦理,始得作第參種商業區使用)(原屬第壹種商業區)"
萬華區,華中,1,14,0,"第參種商業區(依都市計畫說明書圖規定辦理,始得作第參種商業區使用)(原屬第壹種商業區)"
萬華區,華中,1,15,0,"第參種商業區(依都市計畫說明書圖規定辦理,始得作第參種商業區使用)(原屬第壹種商業區)"
萬華區,華中,1,16,0,"第參種商業區(依都市計畫說明書圖規定辦理,始得作第參種商業區使用)(原屬第壹種商業區)"
萬華區,華中,1,17,0,"第參種商業區(依都市計畫說明書圖規定辦理,始得作第參種商業區使用)(原屬第壹種商業區)"
萬華區,華中,1,18,0,"第參種商業區(依都市計畫說明書圖規定辦理,始得作第參種商業區使用)(原屬第壹種商業區)"
萬華區,華中,1,19,0,"第參種商業區(依都市計畫說明書圖規定辦理,始得作第參種商業區使用)(原屬第壹種商業區)"
萬華區,華中,1,20,0,道路用地(公共設施用地)
萬華區,華中,1,22,0,"第參種商業區(依都市計畫說明書圖規定辦理,始得作第參種商業區使用)(原屬第壹種商業區)"
萬華區,華中,1,23,0,"第參種商業區(依都市計畫說明書圖規定辦理,始得作第參種商業區使用)(原屬第壹種商業區)"
萬華區,華中,1,24,0,"第參種商業區(依都市計畫說明書圖規定辦理,始得作第參種商業區使用)(原屬第壹種商業區)"
萬華區,華中,1,25,0,"第參種商業區(依都市計畫說明書圖規定辦理,始得作第參種商業區使用)(原屬第壹種商業區)"
萬華區,華中,1,26,0,"第參種商業區(依都市計畫說明書圖規定辦理,始得作第參種商業區使用)(原屬第壹種商業區)"
萬華區,華中,1,27,0,"第參種商業區(依都市計畫說明書圖規定辦理,始得作第參種商業區使用)(原屬第壹種商業區)"
萬華區,華中,1,28,0,"第參種商業區(依都市計畫說明書圖規定辦理,始得作第參種商業區使用)(原屬第壹種商業區)"
萬華區,華中,1,29,0,"第參種商業區(依都市計畫說明書圖規定辦理,始得作第參種商業區使用)(原屬第壹種商業區)"
萬華區,華中,1,30,0,"第參種商業區(依都市計畫說明書圖規定辦理,始得作第參種商業區使用)(原屬第壹種商業區)"
萬華區,華中,1,31,0,"第參種商業區(依都市計畫說明書圖規定辦理,始得作第參種商業區使用)(原屬第壹種商業區)"
萬華區,華中,1,32,0,"第參種商業區(依都市計畫說明書圖規定辦理,始得作第參種商業區使用)(原屬第壹種商業區)"
萬華區,華中,1,33,0,"第參種商業區(依都市計畫說明書圖規定辦理,始得作第參種商業區使用)(原屬第壹種商業區)"
萬華區,華中,1,34,0,"第參種商業區(依都市計畫說明書圖規定辦理,始得作第參種商業區使用)(原屬第壹種商業區)"
萬華區,華中,1,35,0,"第參種商業區(依都市計畫說明書圖規定辦理,始得作第參種商業區使用)(原屬第壹種商業區)"
萬華區,華中,1,36,0,"第參種商業區(依都市計畫說明書圖規定辦理,始得作第參種商業區使用)(原屬第壹種商業區)"
萬華區,華中,1,37,0,"第參種商業區(依都市計畫說明書圖規定辦理,始得作第參種商業區使用)(原屬第壹種商業區)"
萬華區,華中,1,38,0,"第參種商業區(依都市計畫說明書圖規定辦理,始得作第參種商業區使用)(原屬第壹種商業區)"
萬華區,華中,1,39,0,"第參種商業區(依都市計畫說明書圖規定辦理,始得作第參種商業區使用)(原屬第壹種商業區)"
萬華區,華中,1,40,0,"第參種商業區(依都市計畫說明書圖規定辦理,始得作第參種商業區使用)(原屬第壹種商業區)"
萬華區,華中,1,41,0,"第參種商業區(依都市計畫說明書圖規定辦理,始得作第參種商業區使用)(原屬第壹種商業區)"
萬華區,華中,1,42,0,"第參種商業區(依都市計畫說明書圖規定辦理,始得作第參種商業區使用)(原屬第壹種商業區)"
萬華區,華中,1,43,0,"道路用地(公共設施用地),但是否在第參種商業區(依都市計畫說明書圖規定辦理,始得作第參種商業區使用)(應依建築線或俟地籍測量分割後,再確定)"
萬華區,華中,1,44,0,道路用地(公共設施用地)
萬華區,華中,1,45,0,道路用地(公共設施用地)
萬華區,華中,1,46,0,道路用地(公共設施用地)
萬華區,華中,1,47,0,道路用地(公共設施用地)
萬華區,華中,1,48,0,道路用地(公共設施用地)
萬華區,華中,1,49,0,"第參種商業區(依都市計畫說明書圖規定辦理,始得作第參種商業區使用)(原屬第壹種商業區)"
萬華區,華中,1,49,1,道路用地(公共設施用地)
萬華區,華中,1,50,0,道路用地(公共設施用地)
萬華區,華中,1,51,0,"第參種商業區(依都市計畫說明書圖規定辦理,始得作第參種商業區使用)(原屬第壹種商業區)"
萬華區,華中,1,52,0,"第參種商業區(依都市計畫說明書圖規定辦理,始得作第參種商業區使用)(原屬第壹種商業區)"
萬華區,華中,1,53,0,"第參種商業區(依都市計畫說明書圖規定辦理,始得作第參種商業區使用)(原屬第壹種商業區)"
萬華區,華中,1,54,0,"第參種商業區(依都市計畫說明書圖規定辦理,始得作第參種商業區使用)(原屬第壹種商業區)"
萬華區,華中,1,55,0,"第參種商業區(依都市計畫說明書圖規定辦理,始得作第參種商業區使用)(原屬第壹種商業區)"
萬華區,華中,1,56,0,"第參種商業區(依都市計畫說明書圖規定辦理,始得作第參種商業區使用)(原屬第壹種商業區)"
萬華區,華中,1,57,0,"第參種商業區(依都市計畫說明書圖規定辦理,始得作第參種商業區使用)(原屬第壹種商業區)"
萬華區,華中,1,58,0,"第參種商業區(依都市計畫說明書圖規定辦理,始得作第參種商業區使用)(原屬第壹種商業區)"
萬華區,華中,1,59,0,"第參種商業區(依都市計畫說明書圖規定辦理,始得作第參種商業區使用)(原屬第壹種商業區)"
萬華區,華中,1,60,0,"第參種商業區(依都市計畫說明書圖規定辦理,始得作第參種商業區使用)(原屬第壹種商業區)"
萬華區,華中,1,61,0,機關用地(公共設施用地)
萬華區,華中,1,61,1,道路用地(公共設施用地)
萬華區,華中,1,61,2,公園用地(公共設施用地)
萬華區,華中,1,61,3,機關用地(公共設施用地)
萬華區,華中,1,62,0,道路用地(公共設施用地)
萬華區,華中,1,63,0,道路用地(公共設施用地)
萬華區,華中,1,64,0,"第參種商業區(依都市計畫說明書圖規定辦理,始得作第參種商業區使用)(原屬第壹種商業區)"
萬華區,華中,1,65,0,"第參種商業區(依都市計畫說明書圖規定辦理,始得作第參種商業區使用)(原屬第壹種商業區)"
萬華區,華中,1,66,0,"第參種商業區(依都市計畫說明書圖規定辦理,始得作第參種商業區使用)(原屬第壹種商業區)"
萬華區,華中,1,67,0,"第參種商業區(依都市計畫說明書圖規定辦理,始得作第參種商業區使用)(原屬第壹種商業區)"
萬華區,華中,1,68,0,"第參種商業區(依都市計畫說明書圖規定辦理,始得作第參種商業區使用)(原屬第壹種商業區)"
萬華區,華中,1,69,0,"第參種商業區(依都市計畫說明書圖規定辦理,始得作第參種商業區使用)(原屬第壹種商業區)"
萬華區,華中,1,70,0,"第參種商業區(依都市計畫說明書圖規定辦理,始得作第參種商業區使用)(原屬第壹種商業區)"
萬華區,華中,1,71,0,"第參種商業區(依都市計畫說明書圖規定辦理,始得作第參種商業區使用)(原屬第壹種商業區)"
萬華區,華中,1,72,0,"第參種商業區(依都市計畫說明書圖規定辦理,始得作第參種商業區使用)(原屬第壹種商業區)"
萬華區,華中,1,73,0,"第參種商業區(依都市計畫說明書圖規定辦理,始得作第參種商業區使用)(原屬第壹種商業區)"
萬華區,華中,1,74,0,"第參種商業區(依都市計畫說明書圖規定辦理,始得作第參種商業區使用)(原屬第壹種商業區)"
萬華區,華中,1,75,0,"第參種商業區(依都市計畫說明書圖規定辦理,始得作第參種商業區使用)(原屬第壹種商業區)"
萬華區,華中,1,76,0,道路用地(公共設施用地)
萬華區,華中,1,77,0,"第參種商業區(依都市計畫說明書圖規定辦理,始得作第參種商業區使用)(原屬第壹種商業區)"
萬華區,華中,1,78,0,"第參種商業區(依都市計畫說明書圖規定辦理,始得作第參種商業區使用)(原屬第壹種商業區)"
萬華區,華中,1,79,0,"第參種商業區(依都市計畫說明書圖規定辦理,始得作第參種商業區使用)(原屬第壹種商業區)"
萬華區,華中,1,79,1,"第參種商業區(依都市計畫說明書圖規定辦理,始得作第參種商業區使用)(原屬第壹種商業區)"
萬華區,華中,1,80,0,"第參種商業區(依都市計畫說明書圖規定辦理,始得作第參種商業區使用)(原屬第壹種商業區)"
萬華區,華中,1,81,0,"第參種商業區(依都市計畫說明書圖規定辦理,始得作第參種商業區使用)(原屬第壹種商業區)"
萬華區,華中,1,82,0,道路用地(公共設施用地)
萬華區,華中,1,83,0,"第參種商業區(依都市計畫說明書圖規定辦理,始得作第參種商業區使用)(原屬第壹種商業區)"
萬華區,華中,1,84,0,"第參種商業區(依都市計畫說明書圖規定辦理,始得作第參種商業區使用)(原屬第壹種商業區)"
萬華區,華中,1,85,0,"第參種商業區(依都市計畫說明書圖規定辦理,始得作第參種商業區使用)(原屬第壹種商業區)"
萬華區,華中,1,86,0,"第參種商業區(依都市計畫說明書圖規定辦理,始得作第參種商業區使用)(原屬第壹種商業區)"
萬華區,華中,1,87,0,"第參種商業區(依都市計畫說明書圖規定辦理,始得作第參種商業區使用)(原屬第壹種商業區)"
萬華區,華中,1,88,0,"第參種商業區(依都市計畫說明書圖規定辦理,始得作第參種商業區使用)(原屬第壹種商業區)"
萬華區,華中,1,89,0,"第參種商業區(依都市計畫說明書圖規定辦理,始得作第參種商業區使用)(原屬第壹種商業區)"
萬華區,華中,1,90,0,"第參種商業區(依都市計畫說明書圖規定辦理,始得作第參種商業區使用)(原屬第壹種商業區)"
萬華區,華中,1,91,0,"第參種商業區(依都市計畫說明書圖規定辦理,始得作第參種商業區使用)(原屬第壹種商業區),但是否在道路用地(公共設施用地)(應依建築線或俟地籍測量分割後,再確定)"
萬華區,華中,1,92,0,"第參種商業區(依都市計畫說明書圖規定辦理,始得作第參種商業區使用)(原屬第壹種商業區)"
萬華區,華中,1,93,0,"第參種商業區(依都市計畫說明書圖規定辦理,始得作第參種商業區使用)(原屬第壹種商業區)"
萬華區,華中,1,94,0,"第參種商業區(依都市計畫說明書圖規定辦理,始得作第參種商業區使用)(原屬第壹種商業區)"
萬華區,華中,1,95,0,"第參種商業區(依都市計畫說明書圖規定辦理,始得作第參種商業區使用)(原屬第壹種商業區)"
萬華區,華中,1,96,0,"第參種商業區(依都市計畫說明書圖規定辦理,始得作第參種商業區使用)(原屬第壹種商業區)"
萬華區,華中,1,97,0,"第參種商業區(依都市計畫說明書圖規定辦理,始得作第參種商業區使用)(原屬第壹種商業區)"
萬華區,華中,1,98,0,"第參種商業區(依都市計畫說明書圖規定辦理,始得作第參種商業區使用)(原屬第壹種商業區)"
萬華區,華中,1,99,0,"第參種商業區(依都市計畫說明書圖規定辦理,始得作第參種商業區使用)(原屬第壹種商業區)"
萬華區,華中,1,100,0,"第參種商業區(依都市計畫說明書圖規定辦理,始得作第參種商業區使用)(原屬第壹種商業區)"
萬華區,華中,1,101,0,"第參種商業區(依都市計畫說明書圖規定辦理,始得作第參種商業區使用)(原屬第壹種商業區)"
萬華區,華中,1,102,0,"第參種商業區(依都市計畫說明書圖規定辦理,始得作第參種商業區使用)(原屬第壹種商業區)"
萬華區,華中,1,103,0,"第參種商業區(依都市計畫說明書圖規定辦理,始得作第參種商業區使用)(原屬第壹種商業區)"
萬華區,華中,1,104,0,"第參種商業區(依都市計畫說明書圖規定辦理,始得作第參種商業區使用)(原屬第壹種商業區)"
萬華區,華中,1,105,0,"第參種商業區(依都市計畫說明書圖規定辦理,始得作第參種商業區使用)(原屬第壹種商業區)"
萬華區,華中,1,112,1,道路用地(公共設施用地)
萬華區,華中,1,113,0,道路用地(公共設施用地)
萬華區,華中,1,114,0,"道路用地(公共設施用地),但是否在第三種住宅區(應依建築線或俟地籍測量分割後,再確定)"
萬華區,華中,1,115,0,道路用地(公共設施用地)
萬華區,華中,1,116,0,道路用地(公共設施用地)
萬華區,華中,1,117,0,道路用地(公共設施用地)
萬華區,華中,1,118,0,第三種住宅區
萬華區,華中,1,118,1,道路用地(公共設施用地)
萬華區,華中,1,118,2,第三種住宅區
萬華區,華中,1,118,3,第三種住宅區
萬華區,華中,1,118,4,道路用地(公共設施用地)
萬華區,華中,1,118,5,第三種住宅區
萬華區,華中,1,119,0,第三種住宅區
萬華區,華中,1,120,0,第三種住宅區
萬華區,華中,1,121,0,第三種住宅區
萬華區,華中,1,122,0,第三種住宅區
萬華區,華中,1,123,0,第三種住宅區
萬華區,華中,1,124,0,第三種住宅區
萬華區,華中,1,125,0,第三種住宅區
萬華區,華中,1,126,0,第三種住宅區
萬華區,華中,1,127,0,第三種住宅區
萬華區,華中,1,128,0,第三種住宅區
萬華區,華中,1,129,0,第三種住宅區
萬華區,華中,1,130,0,第三種住宅區
萬華區,華中,1,130,1,第三種住宅區
萬華區,華中,1,130,2,第三種住宅區
萬華區,華中,1,131,0,第三種住宅區
萬華區,華中,1,132,0,第三種住宅區
萬華區,華中,1,133,0,第三種住宅區
萬華區,華中,1,134,0,第三種住宅區
萬華區,華中,1,135,0,第三種住宅區
萬華區,華中,1,136,0,第三種住宅區
萬華區,華中,1,136,1,第三種住宅區
萬華區,華中,1,136,2,第三種住宅區
萬華區,華中,1,136,3,第三種住宅區
萬華區,華中,1,137,0,第三種住宅區
萬華區,華中,1,137,1,第三種住宅區
萬華區,華中,1,137,2,第三種住宅區
萬華區,華中,1,137,3,第三種住宅區
萬華區,華中,1,137,4,第三種住宅區
萬華區,華中,1,137,5,第三種住宅區
萬華區,華中,1,137,6,第三種住宅區
萬華區,華中,1,138,0,第三種住宅區
萬華區,華中,1,139,0,第三種住宅區
萬華區,華中,1,140,0,第三種住宅區
萬華區,華中,1,141,0,第三種住宅區
萬華區,華中,1,142,0,第三種住宅區
萬華區,華中,1,143,0,第三種住宅區
萬華區,華中,1,144,0,第三種住宅區
萬華區,華中,1,145,0,"第三種住宅區,但是否在道路用地(公共設施用地)(應依建築線或俟地籍測量分割後,再確定)"
萬華區,華中,1,146,0,道路用地(公共設施用地)
萬華區,華中,1,146,1,道路用地(公共設施用地)
萬華區,華中,1,146,2,道路用地(公共設施用地)
萬華區,華中,1,147,0,第三種住宅區
萬華區,華中,1,148,0,第三種住宅區
萬華區,華中,1,149,0,第三種住宅區
萬華區,華中,1,150,0,第三種住宅區
萬華區,華中,1,151,0,第三種住宅區
萬華區,華中,1,152,0,第三種住宅區
萬華區,華中,1,153,0,第三種住宅區
萬華區,華中,1,154,0,第三種住宅區
萬華區,華中,1,155,0,第三種住宅區
萬華區,華中,1,156,0,第三種住宅區
萬華區,華中,1,157,0,第三種住宅區
萬華區,華中,1,158,0,第三種住宅區
萬華區,華中,1,159,0,第三種住宅區
萬華區,華中,1,160,0,第三種住宅區
萬華區,華中,1,161,0,第三種住宅區
萬華區,華中,1,162,0,第三種住宅區
萬華區,華中,1,163,0,第三種住宅區
萬華區,華中,1,164,0,第三種住宅區
萬華區,華中,1,165,0,第三種住宅區
萬華區,華中,1,166,0,第三種住宅區
萬華區,華中,1,167,0,第三種住宅區
萬華區,華中,1,168,0,第三種住宅區
萬華區,華中,1,169,0,第三種住宅區
萬華區,華中,1,170,0,第三種住宅區
萬華區,華中,1,171,0,第三種住宅區
萬華區,華中,1,172,0,第三種住宅區
萬華區,華中,1,173,0,第三種住宅區
萬華區,華中,1,174,0,第三種住宅區
萬華區,華中,1,175,0,第三種住宅區
萬華區,華中,1,176,0,第三種住宅區
萬華區,華中,1,177,0,第三種住宅區
萬華區,華中,1,178,0,第三種住宅區
萬華區,華中,1,179,0,第三種住宅區
萬華區,華中,1,180,0,第三種住宅區
萬華區,華中,1,181,0,第三種住宅區
萬華區,華中,1,182,0,第三種住宅區
萬華區,華中,1,183,0,第三種住宅區
萬華區,華中,1,184,0,第三種住宅區
萬華區,華中,1,185,0,第三種住宅區
萬華區,華中,1,186,0,第三種住宅區
萬華區,華中,1,187,0,第三種住宅區
萬華區,華中,1,188,0,第三種住宅區
萬華區,華中,1,189,0,第三種住宅區
萬華區,華中,1,190,0,第三種住宅區
萬華區,華中,1,191,0,第三種住宅區
萬華區,華中,1,192,0,第三種住宅區
萬華區,華中,1,193,0,第三種住宅區
萬華區,華中,1,194,0,第三種住宅區
萬華區,華中,1,195,0,第三種住宅區
萬華區,華中,1,196,0,第三種住宅區
萬華區,華中,1,197,0,道路用地(公共設施用地)
萬華區,華中,1,198,0,道路用地(公共設施用地)
萬華區,華中,1,199,0,第三種住宅區
萬華區,華中,1,200,0,第三種住宅區
萬華區,華中,1,201,0,第三種住宅區
萬華區,華中,1,201,1,道路用地(公共設施用地)
萬華區,華中,1,201,2,第三種住宅區
萬華區,華中,1,201,3,第三種住宅區
萬華區,華中,1,202,0,第三種住宅區
萬華區,華中,1,203,0,第三種住宅區
萬華區,華中,1,204,0,第三種住宅區
萬華區,華中,1,205,0,第三種住宅區
萬華區,華中,1,206,0,第三種住宅區
萬華區,華中,1,207,0,第三種住宅區
萬華區,華中,1,208,0,第三種住宅區
萬華區,華中,1,209,0,第三種住宅區
萬華區,華中,1,210,0,第三種住宅區
萬華區,華中,1,211,0,第三種住宅區
萬華區,華中,1,212,0,第三種住宅區
萬華區,華中,1,213,0,第三種住宅區
萬華區,華中,1,214,0,第三種住宅區
萬華區,華中,1,215,0,第三種住宅區
萬華區,華中,1,216,0,第三種住宅區
萬華區,華中,1,217,0,第三種住宅區
萬華區,華中,1,218,0,第三種住宅區
萬華區,華中,1,219,0,第三種住宅區
萬華區,華中,1,220,0,第三種住宅區
萬華區,華中,1,221,0,第三種住宅區
萬華區,華中,1,222,0,第三種住宅區
萬華區,華中,1,223,0,第三種住宅區
萬華區,華中,1,224,0,第三種住宅區
萬華區,華中,1,225,0,第三種住宅區
萬華區,華中,1,226,0,第三種住宅區
萬華區,華中,1,227,0,第三種住宅區
萬華區,華中,1,228,0,第三種住宅區
萬華區,華中,1,229,0,第三種住宅區
萬華區,華中,1,230,0,第三種住宅區
萬華區,華中,1,231,0,第三種住宅區
萬華區,華中,1,232,0,第三種住宅區
萬華區,華中,1,233,0,第三種住宅區
萬華區,華中,1,234,0,第三種住宅區
萬華區,華中,1,235,0,第三種住宅區
萬華區,華中,1,236,0,第三種住宅區
萬華區,華中,1,237,0,第三種住宅區
萬華區,華中,1,238,0,第三種住宅區
萬華區,華中,1,239,0,道路用地(公共設施用地)
萬華區,華中,1,240,0,第三種住宅區
萬華區,華中,1,241,0,第三種住宅區
萬華區,華中,1,241,1,第三種住宅區
萬華區,華中,1,241,2,第三種住宅區
萬華區,華中,1,242,0,第三種住宅區
萬華區,華中,1,243,0,第三種住宅區
萬華區,華中,1,244,0,第三種住宅區
萬華區,華中,1,245,0,第三種住宅區
萬華區,華中,1,245,1,道路用地(公共設施用地)
萬華區,華中,1,246,0,第三種住宅區
萬華區,華中,1,247,0,第三種住宅區
萬華區,華中,1,247,1,道路用地(公共設施用地)
萬華區,華中,1,248,0,第三種住宅區
萬華區,華中,1,249,0,道路用地(公共設施用地)
萬華區,華中,1,250,0,道路用地(公共設施用地)
萬華區,華中,1,251,0,道路用地(公共設施用地)
萬華區,華中,1,252,0,道路用地(公共設施用地)
萬華區,華中,1,253,0,道路用地(公共設施用地)
萬華區,華中,1,254,0,道路用地(公共設施用地)
萬華區,華中,1,255,0,道路用地(公共設施用地)
萬華區,華中,1,256,0,第三種住宅區
萬華區,華中,1,257,0,第三種住宅區
萬華區,華中,1,258,0,第三種住宅區
萬華區,華中,1,259,0,第三種住宅區
萬華區,華中,1,260,0,第三種住宅區
萬華區,華中,1,261,0,第三種住宅區
萬華區,華中,1,262,0,第三種住宅區
萬華區,華中,1,263,0,第三種住宅區
萬華區,華中,1,264,0,第三種住宅區
萬華區,華中,1,265,0,第三種住宅區
萬華區,華中,1,266,0,道路用地(公共設施用地)
萬華區,華中,1,267,0,道路用地(公共設施用地)
萬華區,華中,1,268,0,第三種住宅區
萬華區,華中,1,269,0,第三種住宅區
萬華區,華中,1,270,0,道路用地(公共設施用地)
萬華區,華中,1,271,0,道路用地(公共設施用地)
萬華區,華中,1,272,0,第三種住宅區
萬華區,華中,1,273,0,第三種住宅區
萬華區,華中,1,274,0,道路用地(公共設施用地)
萬華區,華中,1,275,0,道路用地(公共設施用地)
萬華區,華中,1,276,0,第三種住宅區
萬華區,華中,1,277,0,第三種住宅區
萬華區,華中,1,278,0,道路用地(公共設施用地)
萬華區,華中,1,279,0,道路用地(公共設施用地)
萬華區,華中,1,280,0,第三種住宅區
萬華區,華中,1,281,0,第三種住宅區
萬華區,華中,1,282,0,道路用地(公共設施用地)
萬華區,華中,1,283,0,道路用地(公共設施用地)
萬華區,華中,1,284,0,道路用地(公共設施用地)
萬華區,華中,1,285,1,第三種住宅區
萬華區,華中,1,285,2,第三種住宅區
萬華區,華中,1,285,3,第三種住宅區
萬華區,華中,1,286,0,第三種住宅區
萬華區,華中,1,287,0,第三種住宅區
萬華區,華中,1,288,0,第三種住宅區
萬華區,華中,1,289,0,第三種住宅區
萬華區,華中,1,290,0,第三種住宅區
萬華區,華中,1,291,0,第三種住宅區
萬華區,華中,1,292,0,第三種住宅區
萬華區,華中,1,293,0,第三種住宅區
萬華區,華中,1,294,0,道路用地(公共設施用地)
萬華區,華中,1,295,0,第三種住宅區
萬華區,華中,1,295,1,道路用地(公共設施用地)
萬華區,華中,1,296,0,第三種住宅區
萬華區,華中,1,297,0,第三種住宅區
萬華區,華中,1,298,0,第三種住宅區
萬華區,華中,1,299,0,第三種住宅區
萬華區,華中,1,300,0,第三種住宅區
萬華區,華中,1,301,0,第三種住宅區
萬華區,華中,1,302,0,第三種住宅區及道路用地(公共設施用地)
萬華區,華中,1,303,0,第三種住宅區
萬華區,華中,1,303,1,道路用地(公共設施用地)
萬華區,華中,1,303,2,第三種住宅區
萬華區,華中,1,303,3,第三種住宅區
萬華區,華中,1,304,0,第三種住宅區
萬華區,華中,1,305,0,第三種住宅區
萬華區,華中,1,306,0,第三種住宅區
萬華區,華中,1,307,0,第三種住宅區
萬華區,華中,1,308,0,第三種住宅區
萬華區,華中,1,309,0,第三種住宅區
萬華區,華中,1,310,0,道路用地(公共設施用地)
萬華區,華中,1,311,0,第三種住宅區
萬華區,華中,1,312,0,第三種住宅區
萬華區,華中,1,313,0,第三種住宅區
萬華區,華中,1,314,0,第三種住宅區
萬華區,華中,1,315,0,第三種住宅區
萬華區,華中,1,316,0,第三種住宅區
萬華區,華中,1,317,0,第三種住宅區
萬華區,華中,1,318,0,第三種住宅區
萬華區,華中,1,319,0,第三種住宅區
萬華區,華中,1,320,0,第三種住宅區
萬華區,華中,1,321,0,第三種住宅區
萬華區,華中,1,322,0,第三種住宅區
萬華區,華中,1,323,0,第三種住宅區
萬華區,華中,1,324,0,第三種住宅區
萬華區,華中,1,325,0,第三種住宅區
萬華區,華中,1,326,0,第三種住宅區
萬華區,華中,1,326,1,道路用地(公共設施用地)
萬華區,華中,1,327,0,第三種住宅區
萬華區,華中,1,327,1,道路用地(公共設施用地)
萬華區,華中,1,328,0,第三種住宅區
萬華區,華中,1,328,1,道路用地(公共設施用地)
萬華區,華中,1,329,0,第三種住宅區
萬華區,華中,1,329,1,道路用地(公共設施用地)
萬華區,華中,1,330,0,第三種住宅區
萬華區,華中,1,330,1,道路用地(公共設施用地)
萬華區,華中,1,331,0,道路用地(公共設施用地)
萬華區,華中,1,332,0,道路用地(公共設施用地)
萬華區,華中,1,332,1,第三種住宅區
萬華區,華中,1,333,0,第三種住宅區
萬華區,華中,1,334,0,第三種住宅區
萬華區,華中,1,335,0,第三種住宅區
萬華區,華中,1,336,0,第三種住宅區
萬華區,華中,1,337,0,第三種住宅區
萬華區,華中,1,337,1,道路用地(公共設施用地)
萬華區,華中,1,337,2,道路用地(公共設施用地)
萬華區,華中,1,337,3,第三種住宅區
萬華區,華中,1,338,0,第三種住宅區
萬華區,華中,1,338,1,道路用地(公共設施用地)
萬華區,華中,1,339,1,道路用地(公共設施用地)
萬華區,華中,1,340,0,第三種住宅區
萬華區,華中,1,341,0,第三種住宅區
萬華區,華中,1,342,0,第三種住宅區
萬華區,華中,1,343,0,第三種住宅區
萬華區,華中,1,343,1,第三種住宅區
萬華區,華中,1,344,0,第三種住宅區
萬華區,華中,1,345,0,第三種住宅區
萬華區,華中,1,346,0,第三種住宅區
萬華區,華中,1,347,0,第三種住宅區
萬華區,華中,1,348,0,第三種住宅區
萬華區,華中,1,349,0,第三種住宅區
萬華區,華中,1,350,0,第三種住宅區
萬華區,華中,1,351,0,第三種住宅區
萬華區,華中,1,352,0,第三種住宅區
萬華區,華中,1,353,0,第三種住宅區
萬華區,華中,1,354,0,第三種住宅區
萬華區,華中,1,355,0,第三種住宅區
萬華區,華中,1,356,0,第三種住宅區
萬華區,華中,1,357,0,第三種住宅區
萬華區,華中,1,358,0,第三種住宅區
萬華區,華中,1,359,0,第三種住宅區
萬華區,華中,1,360,0,第三種住宅區
萬華區,華中,1,360,1,第三種住宅區
萬華區,華中,1,361,0,第三種住宅區
萬華區,華中,1,361,2,第三種住宅區
萬華區,華中,1,362,0,第三種住宅區
萬華區,華中,1,362,1,第三種住宅區
萬華區,華中,1,363,0,第三種住宅區
萬華區,華中,1,364,0,第三種住宅區
萬華區,華中,1,364,1,道路用地(公共設施用地)
萬華區,華中,1,365,0,第三種住宅區
萬華區,華中,1,366,0,第三種住宅區
萬華區,華中,1,366,2,道路用地(公共設施用地)
萬華區,華中,1,366,3,第三種住宅區
萬華區,華中,1,366,4,第三種住宅區
萬華區,華中,1,366,5,"第三種住宅區,但是否在道路用地(公共設施用地)(應依建築線或俟地籍測量分割後,再確定)"
萬華區,華中,1,366,6,第三種住宅區
萬華區,華中,1,366,7,道路用地(公共設施用地)
萬華區,華中,1,366,8,道路用地(公共設施用地)
萬華區,華中,1,366,9,道路用地(公共設施用地)
萬華區,華中,1,366,10,"第三種住宅區,但是否在道路用地(公共設施用地)(應依建築線或俟地籍測量分割後,再確定)"
萬華區,華中,1,366,11,第三種住宅區
萬華區,華中,1,366,12,第三種住宅區
萬華區,華中,1,366,13,第三種住宅區
萬華區,華中,1,366,14,第三種住宅區
萬華區,華中,1,367,0,第三種住宅區
萬華區,華中,1,367,1,道路用地(公共設施用地)
萬華區,華中,1,367,2,第三種住宅區
萬華區,華中,1,368,0,道路用地(公共設施用地)
萬華區,華中,1,368,2,第三種住宅區
萬華區,華中,1,368,3,道路用地(公共設施用地)
萬華區,華中,1,369,0,道路用地(公共設施用地)
萬華區,華中,1,369,1,第三種住宅區
萬華區,華中,1,370,0,道路用地(公共設施用地)
萬華區,華中,1,371,0,第三種住宅區
萬華區,華中,1,372,0,第三種住宅區
萬華區,華中,1,373,0,第三種住宅區
萬華區,華中,1,374,0,道路用地(公共設施用地)
萬華區,華中,1,375,0,道路用地(公共設施用地)
萬華區,華中,1,376,0,第三種住宅區
萬華區,華中,1,377,0,第三種住宅區
萬華區,華中,1,378,0,第三種住宅區
萬華區,華中,1,379,0,第三種住宅區
萬華區,華中,1,380,0,道路用地(公共設施用地)
萬華區,華中,1,381,0,第三種住宅區及道路用地(公共設施用地)
萬華區,華中,1,382,0,第三種住宅區
萬華區,華中,1,382,1,道路用地(公共設施用地)
萬華區,華中,1,383,0,第三種住宅區
萬華區,華中,1,383,1,道路用地(公共設施用地)
萬華區,華中,1,384,0,第三種住宅區
萬華區,華中,1,384,1,道路用地(公共設施用地)
萬華區,華中,1,385,0,第三種住宅區
萬華區,華中,1,385,1,道路用地(公共設施用地)
萬華區,華中,1,386,0,第三種住宅區
萬華區,華中,1,386,1,道路用地(公共設施用地)
萬華區,華中,1,387,0,第三種住宅區及道路用地(公共設施用地)
萬華區,華中,1,388,0,第三種住宅區及道路用地(公共設施用地)
萬華區,華中,1,389,0,第三種住宅區及道路用地(公共設施用地)
萬華區,華中,1,390,0,第三種住宅區及道路用地(公共設施用地)
萬華區,華中,1,391,0,第三種住宅區
萬華區,華中,1,391,1,道路用地(公共設施用地)
萬華區,華中,1,392,0,"道路用地(公共設施用地),但是否在第三種住宅區(應依建築線或俟地籍測量分割後,再確定)"
萬華區,華中,1,392,2,道路用地(公共設施用地)
萬華區,華中,1,393,0,道路用地(公共設施用地)
萬華區,華中,1,394,0,道路用地(公共設施用地)
萬華區,華中,1,395,0,道路用地(公共設施用地)
萬華區,華中,1,395,1,道路用地(公共設施用地)
萬華區,華中,1,395,2,道路用地(公共設施用地)
萬華區,華中,1,395,3,道路用地(公共設施用地)
萬華區,華中,1,396,0,道路用地(公共設施用地)
萬華區,華中,1,397,0,第三種住宅區
萬華區,華中,1,398,0,第三種住宅區
萬華區,華中,1,399,0,第三種住宅區
萬華區,華中,1,400,0,道路用地(公共設施用地)
萬華區,華中,1,401,0,第三種住宅區
萬華區,華中,1,402,0,第三種住宅區
萬華區,華中,1,403,0,道路用地(公共設施用地)
萬華區,華中,1,404,0,道路用地(公共設施用地)
萬華區,華中,1,405,0,第三種住宅區
萬華區,華中,1,406,0,第三種住宅區
萬華區,華中,1,407,0,道路用地(公共設施用地)
萬華區,華中,1,408,0,道路用地(公共設施用地)
萬華區,華中,1,409,0,第三種住宅區
萬華區,華中,1,410,0,第三種住宅區
萬華區,華中,1,411,0,道路用地(公共設施用地)
萬華區,華中,1,412,0,道路用地(公共設施用地)
萬華區,華中,1,413,0,第三種住宅區
萬華區,華中,1,414,0,第三種住宅區及道路用地(公共設施用地)
萬華區,華中,1,415,0,道路用地(公共設施用地)
萬華區,華中,1,416,0,道路用地(公共設施用地)
萬華區,華中,1,417,0,道路用地(公共設施用地)
萬華區,華中,1,418,0,第三種住宅區
萬華區,華中,1,418,1,道路用地(公共設施用地)
萬華區,華中,1,419,0,道路用地(公共設施用地)
萬華區,華中,1,420,0,道路用地(公共設施用地)
萬華區,華中,1,421,0,第三種住宅區
萬華區,華中,1,422,0,第三種住宅區
萬華區,華中,1,423,0,道路用地(公共設施用地)
萬華區,華中,1,424,0,道路用地(公共設施用地)
萬華區,華中,1,425,0,第三種住宅區
萬華區,華中,1,426,0,第三種住宅區
萬華區,華中,1,427,0,道路用地(公共設施用地)
萬華區,華中,1,428,0,道路用地(公共設施用地)
萬華區,華中,1,429,0,第三種住宅區
萬華區,華中,1,430,0,第三種住宅區
萬華區,華中,1,430,1,第三種住宅區
萬華區,華中,1,431,0,道路用地(公共設施用地)
萬華區,華中,1,432,0,第三種住宅區
萬華區,華中,1,433,0,道路用地(公共設施用地)
萬華區,華中,1,434,0,道路用地(公共設施用地)
萬華區,華中,1,435,0,第三種住宅區
萬華區,華中,1,436,0,第三種住宅區
萬華區,華中,1,437,0,第三種住宅區
萬華區,華中,1,438,0,第三種住宅區
萬華區,華中,1,439,0,第三種住宅區
萬華區,華中,1,440,0,第三種住宅區
萬華區,華中,1,441,0,第三種住宅區
萬華區,華中,1,442,0,第三種住宅區
萬華區,華中,1,443,0,第三種住宅區
萬華區,華中,1,444,0,第三種住宅區
萬華區,華中,1,445,0,第三種住宅區
萬華區,華中,1,446,0,第三種住宅區
萬華區,華中,1,447,0,道路用地(公共設施用地)
萬華區,華中,1,448,0,道路用地(公共設施用地)
萬華區,華中,1,449,0,第三種住宅區
萬華區,華中,1,450,0,第三種住宅區
萬華區,華中,1,451,0,第三種住宅區
萬華區,華中,1,452,0,道路用地(公共設施用地)
萬華區,華中,1,453,0,第三種住宅區
萬華區,華中,1,454,0,第三種住宅區
萬華區,華中,1,455,0,第三種住宅區
萬華區,華中,1,456,0,第三種住宅區
萬華區,華中,1,457,0,第三種住宅區
萬華區,華中,1,458,0,第三種住宅區
萬華區,華中,1,459,0,道路用地(公共設施用地)
萬華區,華中,1,460,0,道路用地(公共設施用地)
萬華區,華中,1,460,1,道路用地(公共設施用地)
萬華區,華中,1,461,0,第三種住宅區
萬華區,華中,1,461,1,道路用地(公共設施用地)
萬華區,華中,1,462,0,第三種住宅區
萬華區,華中,1,462,1,道路用地(公共設施用地)
萬華區,華中,1,462,2,第三種住宅區
萬華區,華中,1,463,0,第三種住宅區
萬華區,華中,1,464,0,道路用地(公共設施用地)
萬華區,華中,1,465,0,道路用地(公共設施用地)
萬華區,華中,1,466,0,道路用地(公共設施用地)
萬華區,華中,1,467,0,道路用地(公共設施用地)
萬華區,華中,1,468,0,道路用地(公共設施用地)
萬華區,華中,1,469,0,道路用地(公共設施用地)
萬華區,華中,1,469,1,道路用地(公共設施用地)
萬華區,華中,1,469,2,道路用地(公共設施用地)
萬華區,華中,1,470,0,道路用地(公共設施用地)
萬華區,華中,1,471,0,道路用地(公共設施用地)
萬華區,華中,1,472,0,道路用地(公共設施用地)
萬華區,華中,1,473,0,道路用地(公共設施用地)
萬華區,華中,1,474,0,道路用地(公共設施用地)
萬華區,華中,1,474,1,道路用地(公共設施用地)
萬華區,華中,1,474,2,道路用地(公共設施用地)
萬華區,華中,1,474,3,道路用地(公共設施用地)
萬華區,華中,1,474,4,道路用地(公共設施用地)
萬華區,華中,1,474,5,道路用地(公共設施用地)
萬華區,華中,1,474,6,道路用地(公共設施用地)
萬華區,華中,1,474,7,道路用地(公共設施用地)
萬華區,華中,1,474,8,道路用地(公共設施用地)
萬華區,華中,1,474,9,道路用地(公共設施用地)
萬華區,華中,1,474,10,道路用地(公共設施用地)
萬華區,華中,1,475,0,道路用地(公共設施用地)
萬華區,華中,1,476,0,第三種住宅區
萬華區,華中,1,477,0,第三種住宅區
萬華區,華中,1,478,0,第三種住宅區
萬華區,華中,1,479,0,第三種住宅區
萬華區,華中,1,480,0,第三種住宅區
萬華區,華中,1,481,0,第三種住宅區
萬華區,華中,1,482,0,第三種住宅區
萬華區,華中,1,483,0,第三種住宅區
萬華區,華中,1,484,0,第三種住宅區
萬華區,華中,1,488,0,第三種住宅區
萬華區,華中,1,489,0,第三種住宅區
萬華區,華中,1,490,0,第三種住宅區
萬華區,華中,1,490,1,第三種住宅區
萬華區,華中,1,490,2,第三種住宅區
萬華區,華中,1,491,0,第三種住宅區
萬華區,華中,1,492,0,第三種住宅區
萬華區,華中,1,492,1,第三種住宅區
萬華區,華中,1,493,0,第三種住宅區
萬華區,華中,1,494,0,第三種住宅區
萬華區,華中,1,495,0,第三種住宅區
萬華區,華中,1,496,0,道路用地(公共設施用地)
萬華區,華中,1,496,1,第三種住宅區
萬華區,華中,1,497,0,第三種住宅區
萬華區,華中,1,498,0,第三種住宅區
萬華區,華中,1,499,0,第三種住宅區
萬華區,華中,1,500,0,"第三種住宅區,但是否在道路用地(公共設施用地)(應依建築線或俟地籍測量分割後,再確定)"
萬華區,華中,1,501,0,第三種住宅區
萬華區,華中,1,502,0,第三種住宅區
萬華區,華中,1,503,0,第三種住宅區
萬華區,華中,1,504,0,第三種住宅區
萬華區,華中,1,505,0,第三種住宅區
萬華區,華中,1,506,0,第三種住宅區
萬華區,華中,1,507,0,第三種住宅區
萬華區,華中,1,508,0,第三種住宅區
萬華區,華中,1,509,0,第三種住宅區
萬華區,華中,1,510,0,第三種住宅區
萬華區,華中,1,511,0,第三種住宅區
萬華區,華中,1,512,0,第三種住宅區
萬華區,華中,1,513,0,第三種住宅區
萬華區,華中,1,513,1,第三種住宅區
萬華區,華中,1,514,0,第三種住宅區
萬華區,華中,1,515,0,第三種住宅區
萬華區,華中,1,516,0,第三種住宅區
萬華區,華中,1,517,0,第三種住宅區
萬華區,華中,1,518,0,第三種住宅區
萬華區,華中,1,519,0,第三種住宅區
萬華區,華中,1,520,0,第三種住宅區
萬華區,華中,1,521,0,道路用地(公共設施用地)
萬華區,華中,1,522,0,第三種住宅區
萬華區,華中,1,523,0,第三種住宅區
萬華區,華中,1,524,0,第三種住宅區
萬華區,華中,1,525,0,第三種住宅區
萬華區,華中,1,526,0,第三種住宅區
萬華區,華中,1,527,0,第三種住宅區
萬華區,華中,1,528,0,第三種住宅區
萬華區,華中,1,529,0,第三種住宅區
萬華區,華中,1,530,0,第三種住宅區
萬華區,華中,1,531,0,第三種住宅區
萬華區,華中,1,532,0,第三種住宅區
萬華區,華中,1,533,0,"第三種住宅區,但是否在道路用地(公共設施用地)(應依建築線或俟地籍測量分割後,再確定)"
萬華區,華中,1,533,1,第三種住宅區
萬華區,華中,1,534,0,"第三種住宅區,但是否在道路用地(公共設施用地)(應依建築線或俟地籍測量分割後,再確定)"
萬華區,華中,1,535,0,"第三種住宅區,但是否在道路用地(公共設施用地)(應依建築線或俟地籍測量分割後,再確定)"
萬華區,華中,1,536,0,道路用地(公共設施用地)
萬華區,華中,1,537,0,道路用地(公共設施用地)
萬華區,華中,1,538,0,道路用地(公共設施用地)
萬華區,華中,1,539,0,道路用地(公共設施用地)
萬華區,華中,1,540,0,道路用地(公共設施用地)
萬華區,華中,1,541,0,道路用地(公共設施用地)
萬華區,華中,1,542,0,道路用地(公共設施用地)
萬華區,華中,1,543,0,道路用地(公共設施用地)
萬華區,華中,1,544,0,道路用地(公共設施用地)
萬華區,華中,1,545,0,道路用地(公共設施用地)
萬華區,華中,1,546,0,道路用地(公共設施用地)
萬華區,華中,1,547,0,道路用地(公共設施用地)
萬華區,華中,1,548,0,道路用地(公共設施用地)
萬華區,華中,1,549,0,道路用地(公共設施用地)
萬華區,華中,1,550,0,道路用地(公共設施用地)
萬華區,華中,1,551,0,道路用地(公共設施用地)
萬華區,華中,1,552,0,道路用地(公共設施用地)
萬華區,華中,1,553,0,第三種住宅區
萬華區,華中,1,554,0,第三種住宅區
萬華區,華中,1,555,0,第三種住宅區
萬華區,華中,1,556,0,第三種住宅區
萬華區,華中,1,557,0,第三種住宅區
萬華區,華中,1,558,0,第三種住宅區
萬華區,華中,1,559,0,第三種住宅區
萬華區,華中,1,560,0,第三種住宅區
萬華區,華中,1,561,0,第三種住宅區
萬華區,華中,1,562,0,第三種住宅區
萬華區,華中,1,563,0,第三種住宅區
萬華區,華中,1,564,0,第三種住宅區
萬華區,華中,1,565,0,第三種住宅區
萬華區,華中,1,565,1,第三種住宅區
萬華區,華中,1,566,0,第三種住宅區
萬華區,華中,1,567,0,第三種住宅區
萬華區,華中,1,568,0,第三種住宅區
萬華區,華中,1,569,0,第三種住宅區
萬華區,華中,1,570,0,第三種住宅區
萬華區,華中,1,571,0,第三種住宅區
萬華區,華中,1,572,0,第三種住宅區
萬華區,華中,1,573,0,第三種住宅區
萬華區,華中,1,574,0,第三種住宅區
萬華區,華中,1,574,1,道路用地(公共設施用地)
萬華區,華中,1,576,0,第三種住宅區
萬華區,華中,1,577,0,第三種住宅區
萬華區,華中,1,578,0,第三種住宅區
萬華區,華中,1,579,0,第三種住宅區
萬華區,華中,1,580,0,第三種住宅區
萬華區,華中,1,581,0,第三種住宅區
萬華區,華中,1,582,0,第三種住宅區
萬華區,華中,1,583,0,第三種住宅區
萬華區,華中,1,584,0,第三種住宅區
萬華區,華中,1,585,0,第三種住宅區
萬華區,華中,1,586,0,第三種住宅區
萬華區,華中,1,587,0,第三種住宅區
萬華區,華中,1,588,0,第三種住宅區
萬華區,華中,1,589,0,第三種住宅區
萬華區,華中,1,590,0,第三種住宅區
萬華區,華中,1,591,0,第三種住宅區
萬華區,華中,1,592,0,第三種住宅區
萬華區,華中,1,593,0,第三種住宅區
萬華區,華中,1,594,0,第三種住宅區
萬華區,華中,1,595,0,第三種住宅區
萬華區,華中,1,596,0,第三種住宅區
萬華區,華中,1,597,0,第三種住宅區
萬華區,華中,1,598,0,第三種住宅區
萬華區,華中,1,599,0,第三種住宅區
萬華區,華中,1,600,0,第三種住宅區
萬華區,華中,1,601,0,第三種住宅區
萬華區,華中,1,602,0,第三種住宅區
萬華區,華中,1,603,0,"第三種住宅區,但是否在道路用地(公共設施用地)(應依建築線或俟地籍測量分割後,再確定)"
萬華區,華中,1,604,0,"道路用地(公共設施用地),但是否在第三種住宅區(應依建築線或俟地籍測量分割後,再確定)"
萬華區,華中,1,605,0,道路用地(公共設施用地)
萬華區,華中,1,606,0,道路用地(公共設施用地)
萬華區,華中,1,607,0,道路用地(公共設施用地)
萬華區,華中,1,607,1,第三種住宅區
萬華區,華中,1,608,0,第三種住宅區
萬華區,華中,1,608,1,道路用地(公共設施用地)
萬華區,華中,1,609,0,第三種住宅區
萬華區,華中,1,610,0,第三種住宅區
萬華區,華中,1,611,0,第三種住宅區
萬華區,華中,1,612,0,第三種住宅區
萬華區,華中,1,613,0,第三種住宅區
萬華區,華中,1,614,0,第三種住宅區
萬華區,華中,1,615,0,第三種住宅區
萬華區,華中,1,616,0,第三種住宅區
萬華區,華中,1,617,0,第三種住宅區
萬華區,華中,1,618,0,第三種住宅區
萬華區,華中,1,619,0,第三種住宅區
萬華區,華中,1,621,0,第三種住宅區
萬華區,華中,1,624,0,第三種住宅區
萬華區,華中,1,625,0,第三種住宅區
萬華區,華中,1,626,0,第三種住宅區
萬華區,華中,1,627,0,第三種住宅區
萬華區,華中,1,628,0,第三種住宅區
萬華區,華中,1,629,0,第三種住宅區
萬華區,華中,1,630,0,第三種住宅區
萬華區,華中,1,631,0,第三種住宅區
萬華區,華中,1,632,0,第三種住宅區
萬華區,華中,1,633,0,第三種住宅區
萬華區,華中,1,634,0,第三種住宅區
萬華區,華中,1,635,0,第三種住宅區
萬華區,華中,1,636,0,第三種住宅區
萬華區,華中,1,637,0,第三種住宅區
萬華區,華中,1,638,0,第三種住宅區
萬華區,華中,1,639,0,第三種住宅區
萬華區,華中,1,640,0,第三種住宅區
萬華區,華中,1,641,0,第三種住宅區
萬華區,華中,1,642,0,第三種住宅區
萬華區,華中,1,643,0,第三種住宅區
萬華區,華中,1,644,0,第三種住宅區
萬華區,華中,1,645,0,第三種住宅區
萬華區,華中,1,646,0,第三種住宅區
萬華區,華中,1,647,0,第三種住宅區
萬華區,華中,1,648,0,第三種住宅區
萬華區,華中,1,649,0,第三種住宅區
萬華區,華中,1,650,0,第三種住宅區
萬華區,華中,1,651,0,第三種住宅區
萬華區,華中,1,652,0,第三種住宅區
萬華區,華中,1,653,0,第三種住宅區
萬華區,華中,1,654,0,第三種住宅區
萬華區,華中,1,655,0,第三種住宅區
萬華區,華中,1,656,0,"第三種住宅區,但是否在道路用地(公共設施用地)(應依建築線或俟地籍測量分割後,再確定)"
萬華區,華中,1,657,0,第三種住宅區
萬華區,華中,1,658,0,第三種住宅區
萬華區,華中,1,659,0,第三種住宅區
萬華區,華中,1,660,0,第三種住宅區
萬華區,華中,1,661,0,第三種住宅區
萬華區,華中,1,662,0,第三種住宅區
萬華區,華中,1,663,0,第三種住宅區
萬華區,華中,1,664,0,第三種住宅區
萬華區,華中,1,665,0,第三種住宅區
萬華區,華中,1,666,0,第三種住宅區
萬華區,華中,2,1,0,道路用地(公共設施用地)
萬華區,華中,2,1,1,道路用地(公共設施用地)
萬華區,華中,2,2,0,道路用地(公共設施用地)
萬華區,華中,2,3,0,道路用地(公共設施用地)
萬華區,華中,2,4,0,道路用地(公共設施用地)
萬華區,華中,2,5,0,道路用地(公共設施用地)
萬華區,華中,2,6,0,道路用地(公共設施用地)
萬華區,華中,2,7,0,道路用地(公共設施用地)
萬華區,華中,2,8,0,道路用地(公共設施用地)
萬華區,華中,2,9,0,道路用地(公共設施用地)
萬華區,華中,2,10,0,道路用地(公共設施用地)
萬華區,華中,2,11,0,道路用地(公共設施用地)
萬華區,華中,2,12,0,道路用地(公共設施用地)
萬華區,華中,2,13,0,道路用地(公共設施用地)
萬華區,華中,2,14,0,道路用地(公共設施用地)
萬華區,華中,2,15,0,"道路用地(公共設施用地),但是否在第三種住宅區(應依建築線或俟地籍測量分割後,再確定)"
萬華區,華中,2,16,0,第三種住宅區
萬華區,華中,2,17,0,道路用地(公共設施用地)及第三種住宅區
萬華區,華中,2,17,1,第三種住宅區
萬華區,華中,2,17,2,第三種住宅區
萬華區,華中,2,18,0,第三種住宅區
萬華區,華中,2,19,0,第三種住宅區
萬華區,華中,2,20,0,第三種住宅區
萬華區,華中,2,21,0,第三種住宅區
萬華區,華中,2,22,0,第三種住宅區
萬華區,華中,2,23,0,第三種住宅區
萬華區,華中,2,24,0,第三種住宅區
萬華區,華中,2,25,0,第三種住宅區
萬華區,華中,2,26,0,第三種住宅區
萬華區,華中,2,27,0,第三種住宅區
萬華區,華中,2,28,0,第三種住宅區
萬華區,華中,2,29,0,第三種住宅區
萬華區,華中,2,30,0,第三種住宅區
萬華區,華中,2,31,0,第三種住宅區
萬華區,華中,2,32,0,第三種住宅區
萬華區,華中,2,33,0,第三種住宅區
萬華區,華中,2,34,0,第三種住宅區
萬華區,華中,2,35,0,第三種住宅區
萬華區,華中,2,36,0,第三種住宅區
萬華區,華中,2,37,0,第三種住宅區
萬華區,華中,2,38,0,第三種住宅區
萬華區,華中,2,39,0,第三種住宅區
萬華區,華中,2,40,0,第三種住宅區
萬華區,華中,2,40,1,第三種住宅區
萬華區,華中,2,41,0,第三種住宅區
萬華區,華中,2,42,0,第三種住宅區
萬華區,華中,2,43,0,第三種住宅區
萬華區,華中,2,44,0,第三種住宅區
萬華區,華中,2,45,0,第三種住宅區
萬華區,華中,2,46,0,第三種住宅區
萬華區,華中,2,47,0,第三種住宅區
萬華區,華中,2,47,1,道路用地(公共設施用地)
萬華區,華中,2,48,0,第三種住宅區
萬華區,華中,2,49,0,第三種住宅區
萬華區,華中,2,50,0,第三種住宅區
萬華區,華中,2,51,0,第三種住宅區
萬華區,華中,2,52,0,第三種住宅區
萬華區,華中,2,52,1,道路用地(公共設施用地)
萬華區,華中,2,53,0,道路用地(公共設施用地)
萬華區,華中,2,54,0,第三種住宅區
萬華區,華中,2,55,0,第三種住宅區
萬華區,華中,2,56,0,第三種住宅區
萬華區,華中,2,57,0,第三種住宅區
萬華區,華中,2,58,0,道路用地(公共設施用地)
萬華區,華中,2,59,0,第三種住宅區
萬華區,華中,2,60,0,第三種住宅區
萬華區,華中,2,61,0,第三種住宅區
萬華區,華中,2,62,0,道路用地(公共設施用地)
萬華區,華中,2,63,0,道路用地(公共設施用地)
萬華區,華中,2,63,1,道路用地(公共設施用地)
萬華區,華中,2,64,0,第三種住宅區
萬華區,華中,2,65,0,第三種住宅區
萬華區,華中,2,66,0,第三種住宅區
萬華區,華中,2,67,0,第三種住宅區
萬華區,華中,2,68,0,第三種住宅區
萬華區,華中,2,69,0,第三種住宅區
萬華區,華中,2,70,0,道路用地(公共設施用地)
萬華區,華中,2,71,0,第三種住宅區
萬華區,華中,2,72,0,第三種住宅區
萬華區,華中,2,72,2,道路用地(公共設施用地)
萬華區,華中,2,73,0,第三種住宅區
萬華區,華中,2,74,0,第三種住宅區
萬華區,華中,2,75,0,第三種住宅區
萬華區,華中,2,76,0,第三種住宅區
萬華區,華中,2,77,0,第三種住宅區
萬華區,華中,2,78,0,第三種住宅區
萬華區,華中,2,79,0,第三種住宅區
萬華區,華中,2,80,0,第三種住宅區
萬華區,華中,2,81,0,第三種住宅區
萬華區,華中,2,82,0,第三種住宅區
萬華區,華中,2,83,0,第三種住宅區
萬華區,華中,2,84,0,第三種住宅區
萬華區,華中,2,85,0,第三種住宅區
萬華區,華中,2,86,0,第三種住宅區
萬華區,華中,2,87,0,第三種住宅區
萬華區,華中,2,88,0,第三種住宅區
萬華區,華中,2,90,0,第三種住宅區
萬華區,華中,2,90,3,道路用地(公共設施用地)
萬華區,華中,2,91,0,第三種住宅區
萬華區,華中,2,92,0,道路用地(公共設施用地)
萬華區,華中,2,93,0,第三種住宅區
萬華區,華中,2,93,1,道路用地(公共設施用地)
萬華區,華中,2,93,2,第三種住宅區
萬華區,華中,2,94,0,第三種住宅區
萬華區,華中,2,98,0,第三種住宅區
萬華區,華中,2,99,0,道路用地(公共設施用地)
萬華區,華中,2,100,0,道路用地(公共設施用地)
萬華區,華中,2,101,0,第三種住宅區
萬華區,華中,2,102,0,第三種住宅區
萬華區,華中,2,103,0,第三種住宅區
萬華區,華中,2,103,1,第三種住宅區
萬華區,華中,2,104,0,道路用地(公共設施用地)
萬華區,華中,2,104,1,道路用地(公共設施用地)
萬華區,華中,2,105,0,道路用地(公共設施用地)
萬華區,華中,2,106,0,第三種住宅區
萬華區,華中,2,106,1,第三種住宅區
萬華區,華中,2,107,0,第三種住宅區
萬華區,華中,2,108,0,道路用地(公共設施用地)
萬華區,華中,2,109,0,第三種住宅區
萬華區,華中,2,110,0,道路用地(公共設施用地)
萬華區,華中,2,111,0,第三種住宅區
萬華區,華中,2,112,0,第三種住宅區
萬華區,華中,2,113,0,道路用地(公共設施用地)
萬華區,華中,2,115,0,道路用地(公共設施用地)
萬華區,華中,2,116,0,第三種住宅區
萬華區,華中,2,117,0,道路用地(公共設施用地)
萬華區,華中,2,118,0,第三種住宅區
萬華區,華中,2,119,0,道路用地(公共設施用地)
萬華區,華中,2,120,0,第三種住宅區
萬華區,華中,2,121,0,道路用地(公共設施用地)
萬華區,華中,2,122,0,道路用地(公共設施用地)
萬華區,華中,2,123,0,第三種住宅區
萬華區,華中,2,124,0,第三種住宅區
萬華區,華中,2,125,0,道路用地(公共設施用地)
萬華區,華中,2,126,0,道路用地(公共設施用地)
萬華區,華中,2,127,0,第三種住宅區
萬華區,華中,2,128,0,第三種住宅區
萬華區,華中,2,129,0,第三種住宅區
萬華區,華中,2,130,0,第三種住宅區
萬華區,華中,2,131,0,第三種住宅區
萬華區,華中,2,132,0,第三種住宅區
萬華區,華中,2,133,0,第三種住宅區
萬華區,華中,2,134,0,第三種住宅區
萬華區,華中,2,135,0,第三種住宅區
萬華區,華中,2,136,0,第三種住宅區
萬華區,華中,2,137,0,第三種住宅區
萬華區,華中,2,138,0,第三種住宅區
萬華區,華中,2,138,1,道路用地(公共設施用地)
萬華區,華中,2,139,1,道路用地(公共設施用地)
萬華區,華中,2,140,0,第三種住宅區
萬華區,華中,2,141,0,第三種住宅區
萬華區,華中,2,142,0,第三種住宅區
萬華區,華中,2,143,0,第三種住宅區
萬華區,華中,2,144,0,第三種住宅區
萬華區,華中,2,145,0,第三種住宅區
萬華區,華中,2,146,0,第三種住宅區
萬華區,華中,2,147,0,第三種住宅區
萬華區,華中,2,148,0,第三種住宅區
萬華區,華中,2,149,0,第三種住宅區
萬華區,華中,2,150,0,第三種住宅區
萬華區,華中,2,151,0,第三種住宅區
萬華區,華中,2,151,1,道路用地(公共設施用地)
萬華區,華中,2,152,0,第三種住宅區
萬華區,華中,2,152,1,道路用地(公共設施用地)
萬華區,華中,2,153,0,第三種住宅區
萬華區,華中,2,153,1,道路用地(公共設施用地)
萬華區,華中,2,154,0,第三種住宅區
萬華區,華中,2,154,1,道路用地(公共設施用地)
萬華區,華中,2,155,0,第三種住宅區
萬華區,華中,2,156,0,第三種住宅區
萬華區,華中,2,157,0,第三種住宅區
萬華區,華中,2,158,0,第三種住宅區
萬華區,華中,2,158,1,道路用地(公共設施用地)
萬華區,華中,2,159,0,道路用地(公共設施用地)
萬華區,華中,2,160,0,第三種住宅區
萬華區,華中,2,160,1,第三種住宅區
萬華區,華中,2,161,0,第三種住宅區
萬華區,華中,2,162,0,第三種住宅區
萬華區,華中,2,163,0,第三種住宅區
萬華區,華中,2,164,0,第三種住宅區
萬華區,華中,2,165,0,第三種住宅區
萬華區,華中,2,165,1,道路用地(公共設施用地)
萬華區,華中,2,165,2,第三種住宅區
萬華區,華中,2,166,0,第三種住宅區
萬華區,華中,2,167,0,第三種住宅區
萬華區,華中,2,167,1,道路用地(公共設施用地)
萬華區,華中,2,168,0,第三種住宅區
萬華區,華中,2,169,0,第三種住宅區及道路用地(公共設施用地)
萬華區,華中,2,170,0,第三種住宅區
萬華區,華中,2,171,0,第三種住宅區
萬華區,華中,2,171,1,道路用地(公共設施用地)
萬華區,華中,2,172,0,第三種住宅區
萬華區,華中,2,173,0,第三種住宅區
萬華區,華中,2,173,1,道路用地(公共設施用地)
萬華區,華中,2,174,0,第三種住宅區
萬華區,華中,2,174,1,道路用地(公共設施用地)
萬華區,華中,2,175,0,第三種住宅區
萬華區,華中,2,175,1,道路用地(公共設施用地)
萬華區,華中,2,176,0,第三種住宅區
萬華區,華中,2,176,1,第三種住宅區
萬華區,華中,2,176,2,第三種住宅區
萬華區,華中,2,176,3,道路用地(公共設施用地)
萬華區,華中,2,177,0,第三種住宅區
萬華區,華中,2,177,1,第三種住宅區
萬華區,華中,2,177,2,第三種住宅區
萬華區,華中,2,178,0,第三種住宅區
萬華區,華中,2,178,1,道路用地(公共設施用地)
萬華區,華中,2,179,0,道路用地(公共設施用地)
萬華區,華中,2,179,1,第三種住宅區
萬華區,華中,2,180,0,第三種住宅區
萬華區,華中,2,181,0,第三種住宅區
萬華區,華中,2,182,0,第三種住宅區
萬華區,華中,2,183,0,第三種住宅區
萬華區,華中,2,184,0,第三種住宅區
萬華區,華中,2,184,1,道路用地(公共設施用地)
萬華區,華中,2,185,0,道路用地(公共設施用地)
萬華區,華中,2,186,0,第三種住宅區
萬華區,華中,2,187,1,道路用地(公共設施用地)
萬華區,華中,2,187,2,第三種住宅區
萬華區,華中,2,189,0,第三種住宅區
萬華區,華中,2,189,1,第三種住宅區
萬華區,華中,2,189,2,道路用地(公共設施用地)
萬華區,華中,2,190,0,第三種住宅區
萬華區,華中,2,192,0,第三種住宅區
萬華區,華中,2,192,1,第三種住宅區
萬華區,華中,2,192,2,第三種住宅區
萬華區,華中,2,192,3,第三種住宅區
萬華區,華中,2,192,4,第三種住宅區
萬華區,華中,2,192,5,第三種住宅區
萬華區,華中,2,192,6,第三種住宅區
萬華區,華中,2,193,0,第三種住宅區
萬華區,華中,2,193,1,第三種住宅區
萬華區,華中,2,194,0,第三種住宅區
萬華區,華中,2,195,0,第三種住宅區
萬華區,華中,2,196,0,第三種住宅區
萬華區,華中,2,197,0,第三種住宅區及道路用地(公共設施用地)
萬華區,華中,2,198,0,第三種住宅區
萬華區,華中,2,198,1,道路用地(公共設施用地)
萬華區,華中,2,198,2,第三種住宅區
萬華區,華中,2,199,0,第三種住宅區
萬華區,華中,2,199,1,道路用地(公共設施用地)
萬華區,華中,2,199,2,第三種住宅區
萬華區,華中,2,200,0,第三種住宅區
萬華區,華中,2,200,1,道路用地(公共設施用地)
萬華區,華中,2,200,2,道路用地(公共設施用地)
萬華區,華中,2,201,0,第三種住宅區
萬華區,華中,2,202,1,道路用地(公共設施用地)
萬華區,華中,2,203,0,第三種住宅區
萬華區,華中,2,203,1,道路用地(公共設施用地)
萬華區,華中,2,204,0,第三種住宅區
萬華區,華中,2,204,1,道路用地(公共設施用地)
萬華區,華中,2,204,2,道路用地(公共設施用地)
萬華區,華中,2,205,0,第三種住宅區
萬華區,華中,2,205,1,道路用地(公共設施用地)
萬華區,華中,2,205,2,道路用地(公共設施用地)
萬華區,華中,2,206,0,第三種住宅區
萬華區,華中,2,206,1,道路用地(公共設施用地)
萬華區,華中,2,206,2,道路用地(公共設施用地)
萬華區,華中,2,207,0,第三種住宅區
萬華區,華中,2,207,1,道路用地(公共設施用地)
萬華區,華中,2,207,2,道路用地(公共設施用地)
萬華區,華中,2,208,0,道路用地(公共設施用地)
萬華區,華中,2,209,0,道路用地(公共設施用地)
萬華區,華中,2,210,0,第三種住宅區
萬華區,華中,2,211,0,第三種住宅區
萬華區,華中,2,212,0,第三種住宅區
萬華區,華中,2,213,0,第三種住宅區
萬華區,華中,2,214,0,第三種住宅區
萬華區,華中,2,215,0,第三種住宅區
萬華區,華中,2,216,0,第三種住宅區
萬華區,華中,2,216,1,道路用地(公共設施用地)
萬華區,華中,2,217,0,第三種住宅區
萬華區,華中,2,218,0,第三種住宅區
萬華區,華中,2,218,1,道路用地(公共設施用地)
萬華區,華中,2,219,0,第三種住宅區
萬華區,華中,2,219,1,道路用地(公共設施用地)
萬華區,華中,2,220,0,第三種住宅區
萬華區,華中,2,221,0,第三種住宅區
萬華區,華中,2,222,0,第三種住宅區
萬華區,華中,2,222,1,道路用地(公共設施用地)
萬華區,華中,2,223,0,第三種住宅區
萬華區,華中,2,223,1,道路用地(公共設施用地)
萬華區,華中,2,224,0,第三種住宅區
萬華區,華中,2,225,0,第三種住宅區
萬華區,華中,2,225,1,道路用地(公共設施用地)
萬華區,華中,2,226,0,第三種住宅區
萬華區,華中,2,226,1,第三種住宅區
萬華區,華中,2,226,2,道路用地(公共設施用地)
萬華區,華中,2,226,3,道路用地(公共設施用地)
萬華區,華中,2,227,0,第三種住宅區
萬華區,華中,2,227,1,道路用地(公共設施用地)
萬華區,華中,2,229,0,第三種住宅區
萬華區,華中,2,229,1,第三種住宅區
萬華區,華中,2,229,2,道路用地(公共設施用地)
萬華區,華中,2,230,0,第三種住宅區
萬華區,華中,2,230,1,第三種住宅區
萬華區,華中,2,230,2,道路用地(公共設施用地)
萬華區,華中,2,230,3,道路用地(公共設施用地)
萬華區,華中,2,231,0,第三種住宅區
萬華區,華中,2,232,0,第三種住宅區
萬華區,華中,2,233,0,第三種住宅區
萬華區,華中,2,234,0,第三種住宅區
萬華區,華中,2,234,1,道路用地(公共設施用地)
萬華區,華中,2,235,0,第三種住宅區
萬華區,華中,2,235,1,道路用地(公共設施用地)
萬華區,華中,2,236,0,第三種住宅區
萬華區,華中,2,236,1,道路用地(公共設施用地)
萬華區,華中,2,237,0,第三種住宅區
萬華區,華中,2,238,0,第三種住宅區
萬華區,華中,2,239,0,第三種住宅區
萬華區,華中,2,239,1,道路用地(公共設施用地)
萬華區,華中,2,240,0,第三種住宅區
萬華區,華中,2,240,1,道路用地(公共設施用地)
萬華區,華中,2,241,0,第三種住宅區
萬華區,華中,2,241,1,道路用地(公共設施用地)
萬華區,華中,2,242,0,道路用地(公共設施用地)
萬華區,華中,2,243,0,第三種住宅區
萬華區,華中,2,243,1,道路用地(公共設施用地)
萬華區,華中,2,244,0,第三種住宅區
萬華區,華中,2,244,1,道路用地(公共設施用地)
萬華區,華中,2,245,0,第三種住宅區
萬華區,華中,2,246,0,第三種住宅區
萬華區,華中,2,247,0,第三種住宅區
萬華區,華中,2,248,0,第三種住宅區
萬華區,華中,2,249,0,第三種住宅區
萬華區,華中,2,250,0,第三種住宅區
萬華區,華中,2,251,0,第三種住宅區
萬華區,華中,2,252,0,第三種住宅區
萬華區,華中,2,253,0,第三種住宅區
萬華區,華中,2,253,1,第三種住宅區
萬華區,華中,2,253,2,道路用地(公共設施用地)
萬華區,華中,2,254,0,第三種住宅區
萬華區,華中,2,254,1,道路用地(公共設施用地)
萬華區,華中,2,254,2,道路用地(公共設施用地)
萬華區,華中,2,255,0,第三種住宅區
萬華區,華中,2,255,1,道路用地(公共設施用地)
萬華區,華中,2,256,0,道路用地(公共設施用地)
萬華區,華中,2,256,1,第三種住宅區
萬華區,華中,2,256,2,道路用地(公共設施用地)
萬華區,華中,2,257,0,第三種住宅區
萬華區,華中,2,258,0,第三種住宅區
萬華區,華中,2,259,0,第三種住宅區
萬華區,華中,2,260,0,第三種住宅區
萬華區,華中,2,261,0,第三種住宅區
萬華區,華中,2,262,0,第三種住宅區
萬華區,華中,2,262,1,道路用地(公共設施用地)
萬華區,華中,2,263,0,第三種住宅區
萬華區,華中,2,263,1,道路用地(公共設施用地)
萬華區,華中,2,264,0,第三種住宅區
萬華區,華中,2,265,0,第三種住宅區
萬華區,華中,2,265,1,道路用地(公共設施用地)
萬華區,華中,2,266,0,第三種住宅區
萬華區,華中,2,266,1,道路用地(公共設施用地)
萬華區,華中,2,267,0,道路用地(公共設施用地)
萬華區,華中,2,267,1,第三種住宅區
萬華區,華中,2,268,0,第三種住宅區
萬華區,華中,2,268,1,道路用地(公共設施用地)
萬華區,華中,2,269,0,第三種住宅區
萬華區,華中,2,269,1,道路用地(公共設施用地)
萬華區,華中,2,270,0,第三種住宅區
萬華區,華中,2,270,1,道路用地(公共設施用地)
萬華區,華中,2,271,0,第三種住宅區
萬華區,華中,2,271,1,道路用地(公共設施用地)
萬華區,華中,2,272,0,第三種住宅區
萬華區,華中,2,273,0,第三種住宅區
萬華區,華中,2,274,0,第三種住宅區
萬華區,華中,2,275,0,第三種住宅區
萬華區,華中,2,276,0,第三種住宅區
萬華區,華中,2,276,1,第三種住宅區
萬華區,華中,2,277,0,第三種住宅區
萬華區,華中,2,277,1,第三種住宅區
萬華區,華中,2,278,0,第三種住宅區
萬華區,華中,2,278,1,第三種住宅區
萬華區,華中,2,279,0,第三種住宅區
萬華區,華中,2,280,0,第三種住宅區
萬華區,華中,2,281,0,第三種住宅區
萬華區,華中,2,282,0,第三種住宅區
萬華區,華中,2,283,0,第三種住宅區
萬華區,華中,2,283,1,道路用地(公共設施用地)
萬華區,華中,2,284,0,第三種住宅區
萬華區,華中,2,284,1,道路用地(公共設施用地)
萬華區,華中,2,284,2,道路用地(公共設施用地)
萬華區,華中,2,285,0,道路用地(公共設施用地)
萬華區,華中,2,285,1,第三種住宅區
萬華區,華中,2,286,0,第三種住宅區
萬華區,華中,2,286,2,道路用地(公共設施用地)
萬華區,華中,2,286,3,第三種住宅區
萬華區,華中,2,286,4,道路用地(公共設施用地)
萬華區,華中,2,286,5,第三種住宅區
萬華區,華中,2,286,6,第三種住宅區
萬華區,華中,2,286,7,第三種住宅區
萬華區,華中,2,287,0,道路用地(公共設施用地)
萬華區,華中,2,288,0,道路用地(公共設施用地)
萬華區,華中,2,288,1,第三種住宅區
萬華區,華中,2,288,2,道路用地(公共設施用地)
萬華區,華中,2,289,0,道路用地(公共設施用地)
萬華區,華中,2,290,0,道路用地(公共設施用地)
萬華區,華中,2,290,1,道路用地(公共設施用地)
萬華區,華中,2,291,0,第三種住宅區
萬華區,華中,2,291,1,第三種住宅區
萬華區,華中,2,291,2,第三種住宅區
萬華區,華中,2,292,0,第三種住宅區
萬華區,華中,2,292,1,道路用地(公共設施用地)
萬華區,華中,2,292,2,第三種住宅區
萬華區,華中,2,293,0,第三種住宅區
萬華區,華中,2,293,1,道路用地(公共設施用地)
萬華區,華中,2,293,3,道路用地(公共設施用地)
萬華區,華中,2,293,4,道路用地(公共設施用地)
萬華區,華中,2,294,0,道路用地(公共設施用地)
萬華區,華中,2,295,0,道路用地(公共設施用地)
萬華區,華中,2,296,0,道路用地(公共設施用地)
萬華區,華中,2,297,0,道路用地(公共設施用地)
萬華區,華中,2,298,0,道路用地(公共設施用地)
萬華區,華中,2,299,0,道路用地(公共設施用地)
萬華區,華中,2,300,0,道路用地(公共設施用地)
萬華區,華中,2,301,0,道路用地(公共設施用地)
萬華區,華中,2,302,0,道路用地(公共設施用地)
萬華區,華中,2,303,0,道路用地(公共設施用地)
萬華區,華中,2,304,0,道路用地(公共設施用地)
萬華區,華中,2,305,0,第三種住宅區
萬華區,華中,2,305,1,第三種住宅區
萬華區,華中,2,305,2,道路用地(公共設施用地)
萬華區,華中,2,305,3,"道路用地(公共設施用地),但是否在第三種住宅區(應依建築線或俟地籍測量分割後,再確定)"
萬華區,華中,2,306,0,第三種住宅區
萬華區,華中,2,306,1,道路用地(公共設施用地)
萬華區,華中,2,307,0,第三種住宅區
萬華區,華中,2,307,1,道路用地(公共設施用地)
萬華區,華中,2,308,0,道路用地(公共設施用地)
萬華區,華中,2,309,0,道路用地(公共設施用地)
萬華區,華中,2,310,0,道路用地(公共設施用地)
萬華區,華中,2,311,0,道路用地(公共設施用地)
萬華區,華中,2,312,0,道路用地(公共設施用地)
萬華區,華中,2,313,0,第三種住宅區
萬華區,華中,2,313,1,第三種住宅區
萬華區,華中,2,313,2,第三種住宅區
萬華區,華中,2,313,3,道路用地(公共設施用地)
萬華區,華中,2,314,1,第三種住宅區
萬華區,華中,2,315,0,道路用地(公共設施用地)
萬華區,華中,2,316,0,第三種住宅區
萬華區,華中,2,317,0,第三種住宅區
萬華區,華中,2,318,1,第三種住宅區
萬華區,華中,2,320,0,第三種住宅區
萬華區,華中,2,321,0,第三種住宅區
萬華區,華中,2,322,0,第三種住宅區
萬華區,華中,2,323,0,第三種住宅區
萬華區,華中,2,324,0,第三種住宅區
萬華區,華中,2,324,1,道路用地(公共設施用地)
萬華區,華中,2,325,0,第三種住宅區
萬華區,華中,2,325,1,"道路用地(公共設施用地),但是否在第三種住宅區(應依建築線或俟地籍測量分割後,再確定)"
萬華區,華中,2,326,0,第三種住宅區
萬華區,華中,2,326,1,道路用地(公共設施用地)
萬華區,華中,2,327,0,第三種住宅區
萬華區,華中,2,327,1,道路用地(公共設施用地)
萬華區,華中,2,327,2,第三種住宅區
萬華區,華中,2,327,3,第三種住宅區
萬華區,華中,2,328,0,第三種住宅區
萬華區,華中,2,329,0,第三種住宅區
萬華區,華中,2,330,0,第三種住宅區
萬華區,華中,2,331,0,第三種住宅區
萬華區,華中,2,332,0,第三種住宅區
萬華區,華中,2,333,0,第三種住宅區
萬華區,華中,2,334,0,第三種住宅區
萬華區,華中,2,335,0,第三種住宅區
萬華區,華中,2,336,0,第三種住宅區
萬華區,華中,2,337,0,第三種住宅區
萬華區,華中,2,337,1,第三種住宅區
萬華區,華中,2,338,0,第三種住宅區
萬華區,華中,2,339,0,第三種住宅區
萬華區,華中,2,340,0,第三種住宅區
萬華區,華中,2,341,0,第三種住宅區及道路用地(公共設施用地)
萬華區,華中,2,342,0,第三種住宅區及道路用地(公共設施用地)
萬華區,華中,2,343,0,第三種住宅區
萬華區,華中,2,343,1,道路用地(公共設施用地)
萬華區,華中,2,344,0,第三種住宅區
萬華區,華中,2,344,1,道路用地(公共設施用地)
萬華區,華中,2,345,0,第三種住宅區
萬華區,華中,2,345,1,道路用地(公共設施用地)
萬華區,華中,2,346,0,道路用地(公共設施用地)
萬華區,華中,2,347,0,第三種住宅區
萬華區,華中,2,348,0,第三種住宅區
萬華區,華中,2,349,0,第三種住宅區
萬華區,華中,2,350,0,第三種住宅區
萬華區,華中,2,351,0,道路用地(公共設施用地)
萬華區,華中,2,351,1,第三種住宅區
萬華區,華中,2,352,0,第三種住宅區
萬華區,華中,2,353,0,第三種住宅區
萬華區,華中,2,354,0,第三種住宅區
萬華區,華中,2,355,0,第三種住宅區
萬華區,華中,2,356,0,第三種住宅區
萬華區,華中,2,357,0,第三種住宅區
萬華區,華中,2,358,0,第三種住宅區
萬華區,華中,2,359,0,第三種住宅區
萬華區,華中,2,360,0,第三種住宅區
萬華區,華中,2,361,0,第三種住宅區
萬華區,華中,2,362,0,第三種住宅區
萬華區,華中,2,363,0,第三種住宅區
萬華區,華中,2,364,0,第三種住宅區
萬華區,華中,2,365,0,第三種住宅區
萬華區,華中,2,366,0,第三種住宅區
萬華區,華中,2,367,0,第三種住宅區
萬華區,華中,2,367,1,道路用地(公共設施用地)
萬華區,華中,2,368,0,第三種住宅區
萬華區,華中,2,368,1,道路用地(公共設施用地)
萬華區,華中,2,369,0,第三種住宅區
萬華區,華中,2,370,0,第三種住宅區
萬華區,華中,2,371,0,第三種住宅區
萬華區,華中,2,371,1,道路用地(公共設施用地)
萬華區,華中,2,372,0,第三種住宅區
萬華區,華中,2,372,1,道路用地(公共設施用地)
萬華區,華中,2,373,0,第三種住宅區
萬華區,華中,2,373,1,道路用地(公共設施用地)
萬華區,華中,2,374,0,第三種住宅區
萬華區,華中,2,374,1,道路用地(公共設施用地)
萬華區,華中,2,375,0,道路用地(公共設施用地)
萬華區,華中,2,375,1,第三種住宅區
萬華區,華中,2,376,0,道路用地(公共設施用地)
萬華區,華中,2,377,0,"道路用地(公共設施用地),但是否在第三種住宅區(應依建築線或俟地籍測量分割後,再確定)"
萬華區,華中,2,378,0,道路用地(公共設施用地)
萬華區,華中,2,378,1,第三種住宅區
萬華區,華中,2,378,2,第三種住宅區
萬華區,華中,2,379,0,道路用地(公共設施用地)
萬華區,華中,2,379,1,道路用地(公共設施用地)
萬華區,華中,2,380,0,"第三種住宅區,但是否在道路用地(公共設施用地)(應依建築線或俟地籍測量分割後,再確定)"
萬華區,華中,2,380,1,第三種住宅區
萬華區,華中,2,380,2,第三種住宅區
萬華區,華中,2,380,3,第三種住宅區
萬華區,華中,2,380,4,第三種住宅區
萬華區,華中,2,380,5,第三種住宅區
萬華區,華中,2,381,0,第三種住宅區
萬華區,華中,2,382,0,第三種住宅區
萬華區,華中,2,383,0,第三種住宅區
萬華區,華中,2,383,1,道路用地(公共設施用地)
萬華區,華中,2,384,0,第三種住宅區
萬華區,華中,2,384,1,道路用地(公共設施用地)
萬華區,華中,2,385,0,第三種住宅區
萬華區,華中,2,385,1,道路用地(公共設施用地)
萬華區,華中,2,386,0,第三種住宅區
萬華區,華中,2,386,1,道路用地(公共設施用地)
萬華區,華中,2,387,0,第三種住宅區
萬華區,華中,2,387,1,道路用地(公共設施用地)
萬華區,華中,2,388,0,第三種住宅區
萬華區,華中,2,388,1,道路用地(公共設施用地)
萬華區,華中,2,389,0,第三種住宅區
萬華區,華中,2,389,1,道路用地(公共設施用地)
萬華區,華中,2,390,0,第三種住宅區
萬華區,華中,2,390,1,道路用地(公共設施用地)
萬華區,華中,2,391,0,第三種住宅區
萬華區,華中,2,391,1,道路用地(公共設施用地)
萬華區,華中,2,392,0,第三種住宅區
萬華區,華中,2,392,1,道路用地(公共設施用地)
萬華區,華中,2,393,0,第三種住宅區
萬華區,華中,2,393,1,道路用地(公共設施用地)
萬華區,華中,2,394,0,第三種住宅區
萬華區,華中,2,394,1,道路用地(公共設施用地)
萬華區,華中,2,395,0,第三種住宅區
萬華區,華中,2,395,1,道路用地(公共設施用地)
萬華區,華中,2,396,0,第三種住宅區
萬華區,華中,2,396,1,道路用地(公共設施用地)
萬華區,華中,2,396,2,道路用地(公共設施用地)
萬華區,華中,2,397,0,第三種住宅區
萬華區,華中,2,397,1,道路用地(公共設施用地)
萬華區,華中,2,398,0,第三種住宅區
萬華區,華中,2,399,0,第三種住宅區
萬華區,華中,2,400,0,第三種住宅區
萬華區,華中,2,401,0,第三種住宅區
萬華區,華中,2,402,0,第三種住宅區
萬華區,華中,2,402,1,道路用地(公共設施用地)
萬華區,華中,2,403,0,第三種住宅區
萬華區,華中,2,403,1,道路用地(公共設施用地)
萬華區,華中,2,404,0,第三種住宅區
萬華區,華中,2,405,0,第三種住宅區
萬華區,華中,2,406,0,第三種住宅區
萬華區,華中,2,407,0,第三種住宅區
萬華區,華中,2,408,0,第三種住宅區
萬華區,華中,2,409,0,第三種住宅區
萬華區,華中,2,410,0,第三種住宅區
萬華區,華中,2,411,0,第三種住宅區
萬華區,華中,2,412,0,第三種住宅區
萬華區,華中,2,413,0,第三種住宅區
萬華區,華中,2,414,0,第三種住宅區
萬華區,華中,2,415,0,第三種住宅區
萬華區,華中,2,416,0,第三種住宅區
萬華區,華中,2,417,0,第三種住宅區
萬華區,華中,2,418,0,第三種住宅區
萬華區,華中,2,419,0,第三種住宅區
萬華區,華中,2,420,0,第三種住宅區
萬華區,華中,2,421,0,第三種住宅區
萬華區,華中,2,422,0,第三種住宅區
萬華區,華中,2,422,1,道路用地(公共設施用地)
萬華區,華中,2,423,0,第三種住宅區
萬華區,華中,2,424,0,第三種住宅區
萬華區,華中,2,425,0,第三種住宅區
萬華區,華中,2,426,0,第三種住宅區
萬華區,華中,2,427,0,第三種住宅區
萬華區,華中,2,428,0,第三種住宅區
萬華區,華中,2,429,0,第三種住宅區
萬華區,華中,2,430,0,第三種住宅區
萬華區,華中,2,431,0,第三種住宅區
萬華區,華中,2,432,0,第三種住宅區
萬華區,華中,2,433,0,第三種住宅區
萬華區,華中,2,434,0,第三種住宅區
萬華區,華中,2,435,0,第三種住宅區
萬華區,華中,2,436,0,第三種住宅區
萬華區,華中,2,437,0,第三種住宅區
萬華區,華中,2,438,0,第三種住宅區
萬華區,華中,2,439,0,第三種住宅區
萬華區,華中,2,440,0,第三種住宅區
萬華區,華中,2,441,0,第三種住宅區
萬華區,華中,2,442,0,第三種住宅區
萬華區,華中,2,443,0,第三種住宅區
萬華區,華中,2,444,0,第三種住宅區
萬華區,華中,2,445,0,第三種住宅區
萬華區,華中,2,446,0,第三種住宅區
萬華區,華中,2,447,0,第三種住宅區
萬華區,華中,2,448,0,第三種住宅區
萬華區,華中,2,449,0,第三種住宅區
萬華區,華中,2,450,0,第三種住宅區
萬華區,華中,2,451,0,第三種住宅區
萬華區,華中,2,452,0,第三種住宅區
萬華區,華中,2,453,0,第三種住宅區
萬華區,華中,2,454,0,第三種住宅區
萬華區,華中,2,455,0,第三種住宅區
萬華區,華中,2,456,0,第三種住宅區
萬華區,華中,2,457,0,第三種住宅區
萬華區,華中,2,458,0,第三種住宅區
萬華區,華中,2,459,0,第三種住宅區
萬華區,華中,2,460,0,第三種住宅區
萬華區,華中,2,460,1,道路用地(公共設施用地)
萬華區,華中,2,462,0,第三種住宅區
萬華區,華中,2,463,0,第三種住宅區
萬華區,華中,2,464,0,第三種住宅區
萬華區,華中,2,465,0,第三種住宅區
萬華區,華中,2,466,0,第三種住宅區
萬華區,華中,2,467,0,第三種住宅區
萬華區,華中,2,468,0,第三種住宅區
萬華區,華中,2,470,0,道路用地(公共設施用地)
萬華區,華中,2,470,1,第三種住宅區
萬華區,華中,2,471,0,第三之二種住宅區
萬華區,華中,2,471,1,道路用地(公共設施用地)
萬華區,華中,2,471,2,第三種住宅區
萬華區,華中,2,472,0,道路用地(公共設施用地)
萬華區,華中,2,472,1,第三種住宅區
萬華區,華中,2,472,2,第三種住宅區
萬華區,華中,2,473,0,第三種住宅區
萬華區,華中,2,474,0,第三種住宅區
萬華區,華中,2,475,0,第三種住宅區
萬華區,華中,2,476,0,第三種住宅區
萬華區,華中,2,477,0,第三種住宅區
萬華區,華中,2,478,0,第三種住宅區
萬華區,華中,2,479,0,第三種住宅區
萬華區,華中,2,480,0,第三種住宅區
萬華區,華中,2,481,0,第三之二種住宅區
萬華區,華中,2,481,1,道路用地(公共設施用地)
萬華區,華中,2,481,2,第三之二種住宅區
萬華區,華中,2,481,3,第三之二種住宅區
萬華區,華中,2,481,4,第三種住宅區
萬華區,華中,2,481,5,第三種住宅區
萬華區,華中,2,482,0,第三種住宅區
萬華區,華中,2,483,0,第三種住宅區
萬華區,華中,2,484,0,第三之二種住宅區
萬華區,華中,2,484,1,第三種住宅區
萬華區,華中,2,485,0,第三之二種住宅區
萬華區,華中,2,485,1,第三種住宅區
萬華區,華中,2,486,0,第三之二種住宅區
萬華區,華中,2,487,0,第三之二種住宅區
萬華區,華中,2,488,0,第三之二種住宅區
萬華區,華中,2,489,0,"第三之二種住宅區,但是否在第三種住宅區(應依建築線或俟地籍測量分割後,再確定)"
萬華區,華中,2,489,1,道路用地(公共設施用地)
萬華區,華中,2,490,0,第三種住宅區
萬華區,華中,2,491,0,第三種住宅區
萬華區,華中,2,492,0,第三之二種住宅區
萬華區,華中,2,492,1,第三種住宅區
萬華區,華中,2,493,0,第三之二種住宅區
萬華區,華中,2,494,0,第三之二種住宅區
萬華區,華中,2,495,0,第三之二種住宅區
萬華區,華中,2,496,0,道路用地(公共設施用地)
萬華區,華中,2,496,1,道路用地(公共設施用地)
萬華區,華中,2,497,0,道路用地(公共設施用地)
萬華區,華中,2,498,0,道路用地(公共設施用地)
萬華區,華中,2,498,1,第三種住宅區
萬華區,華中,2,501,0,第三之二種住宅區
萬華區,華中,2,502,0,第三之二種住宅區
萬華區,華中,2,503,0,第三之二種住宅區
萬華區,華中,2,504,0,第三之二種住宅區
萬華區,華中,2,505,0,第三之二種住宅區
萬華區,華中,2,506,0,第三之二種住宅區
萬華區,華中,2,507,0,第三之二種住宅區
萬華區,華中,2,508,0,第三之二種住宅區
萬華區,華中,2,509,0,第三之二種住宅區
萬華區,華中,2,510,0,第三之二種住宅區
萬華區,華中,2,511,0,第三之二種住宅區
萬華區,華中,2,512,0,第三之二種住宅區
萬華區,華中,2,513,0,第三之二種住宅區
萬華區,華中,2,514,0,第三之二種住宅區
萬華區,華中,2,515,0,第三之二種住宅區
萬華區,華中,2,515,1,第三之二種住宅區
萬華區,華中,2,516,1,第三之二種住宅區
萬華區,華中,2,516,2,第三之二種住宅區
萬華區,華中,2,516,3,第三之二種住宅區
萬華區,華中,2,516,4,第三之二種住宅區
萬華區,華中,2,516,5,第三之二種住宅區
萬華區,華中,2,516,6,第三之二種住宅區
萬華區,華中,2,516,7,第三之二種住宅區
萬華區,華中,2,516,8,第三之二種住宅區
萬華區,華中,2,516,9,第三之二種住宅區
萬華區,華中,2,516,10,道路用地(公共設施用地)
萬華區,華中,2,516,11,道路用地(公共設施用地)
萬華區,華中,2,516,12,道路用地(公共設施用地)
萬華區,華中,2,516,13,道路用地(公共設施用地)
萬華區,華中,2,516,14,第三種住宅區
萬華區,華中,2,516,15,第三種住宅區
萬華區,華中,2,516,16,第三種住宅區
萬華區,華中,2,516,17,第三種住宅區
萬華區,華中,2,516,18,第三種住宅區
萬華區,華中,2,516,19,第三種住宅區
萬華區,華中,2,517,0,道路用地(公共設施用地)
萬華區,華中,2,517,1,道路用地(公共設施用地)
萬華區,華中,2,517,2,道路用地(公共設施用地)
萬華區,華中,2,517,3,道路用地(公共設施用地)
萬華區,華中,2,518,0,道路用地(公共設施用地)
萬華區,華中,2,519,0,第三之二種住宅區
萬華區,華中,2,519,1,道路用地(公共設施用地)
萬華區,華中,2,519,2,第三種住宅區
萬華區,華中,2,520,0,第三之二種住宅區
萬華區,華中,2,521,0,第三之二種住宅區
萬華區,華中,2,522,0,道路用地(公共設施用地)
萬華區,華中,2,522,1,道路用地(公共設施用地)
萬華區,華中,2,523,0,道路用地(公共設施用地)
萬華區,華中,2,524,0,道路用地(公共設施用地)
萬華區,華中,2,525,0,道路用地(公共設施用地)
萬華區,華中,2,526,0,道路用地(公共設施用地)
萬華區,華中,2,527,0,道路用地(公共設施用地)
萬華區,華中,2,528,0,道路用地(公共設施用地)
萬華區,華中,2,529,0,道路用地(公共設施用地)
萬華區,華中,2,530,0,道路用地(公共設施用地)
萬華區,華中,2,531,0,河川區及道路用地(公共設施用地)
萬華區,華中,2,532,0,河川區
萬華區,華中,2,533,0,河川區
萬華區,華中,2,534,0,河川區
萬華區,華中,2,535,0,河川區
萬華區,華中,2,536,0,河川區
萬華區,華中,2,537,0,河川區
萬華區,華中,2,538,0,河川區
萬華區,華中,2,539,0,河川區
萬華區,華中,2,540,0,道路用地(公共設施用地)及第三種住宅區及第三之二種住宅區
萬華區,華中,2,541,0,道路用地(公共設施用地)
萬華區,華中,2,541,2,第三種住宅區
萬華區,華中,2,541,3,道路用地(公共設施用地)
萬華區,華中,2,542,0,第三種住宅區
萬華區,華中,2,542,1,第三種住宅區
萬華區,華中,2,542,3,第三種住宅區
萬華區,華中,2,542,4,第三種住宅區
萬華區,華中,2,542,5,第三種住宅區
萬華區,華中,2,542,6,道路用地(公共設施用地)
萬華區,華中,2,542,7,第三種住宅區
萬華區,華中,2,542,8,道路用地(公共設施用地)
萬華區,華中,2,542,9,第三種住宅區
萬華區,華中,2,542,10,第三種住宅區
萬華區,華中,2,542,11,第三種住宅區
萬華區,華中,2,542,12,第三種住宅區
萬華區,華中,2,542,13,第三種住宅區
萬華區,華中,2,542,14,第三種住宅區
萬華區,華中,2,542,15,第三種住宅區
萬華區,華中,2,542,16,第三種住宅區
萬華區,華中,2,542,17,第三種住宅區
萬華區,華中,2,542,18,第三種住宅區
萬華區,華中,2,543,0,道路用地(公共設施用地)
萬華區,華中,2,544,0,第三種住宅區
萬華區,華中,2,546,0,第三種住宅區
萬華區,華中,2,547,0,第三種住宅區
萬華區,華中,2,548,0,第三種住宅區
萬華區,華中,2,549,0,第三種住宅區
萬華區,華中,2,550,0,第三種住宅區
萬華區,華中,2,551,0,第三種住宅區
萬華區,華中,2,552,0,第三種住宅區
萬華區,華中,2,553,0,第三種住宅區
萬華區,華中,2,554,0,第三種住宅區
萬華區,華中,2,555,0,第三種住宅區
萬華區,華中,2,556,0,第三種住宅區
萬華區,華中,2,557,0,道路用地(公共設施用地)
萬華區,華中,2,558,0,道路用地(公共設施用地)
萬華區,華中,2,559,0,第三種住宅區
萬華區,華中,2,560,0,第三種住宅區
萬華區,華中,2,561,0,道路用地(公共設施用地)
萬華區,華中,2,562,0,道路用地(公共設施用地)
萬華區,華中,2,563,0,第三種住宅區
萬華區,華中,2,564,0,第三種住宅區
萬華區,華中,2,565,0,道路用地(公共設施用地)
萬華區,華中,2,566,0,道路用地(公共設施用地)
萬華區,華中,2,567,0,第三種住宅區
萬華區,華中,2,568,0,第三種住宅區
萬華區,華中,2,569,0,道路用地(公共設施用地)
萬華區,華中,2,570,0,道路用地(公共設施用地)
萬華區,華中,2,571,0,第三種住宅區
萬華區,華中,2,572,0,第三種住宅區
萬華區,華中,2,573,0,道路用地(公共設施用地)
萬華區,華中,2,574,0,道路用地(公共設施用地)
萬華區,華中,2,574,1,第三種住宅區
萬華區,華中,2,574,2,第三種住宅區
萬華區,華中,2,574,3,第三種住宅區
萬華區,華中,2,575,0,道路用地(公共設施用地)
萬華區,華中,2,576,0,第三種住宅區
萬華區,華中,2,577,0,第三種住宅區
萬華區,華中,2,577,1,道路用地(公共設施用地)
萬華區,華中,2,578,0,第三種住宅區
萬華區,華中,2,579,0,道路用地(公共設施用地)
萬華區,華中,2,580,0,道路用地(公共設施用地)
萬華區,華中,2,581,0,第三種住宅區
萬華區,華中,2,582,0,第三種住宅區
萬華區,華中,2,583,0,道路用地(公共設施用地)
萬華區,華中,2,584,0,道路用地(公共設施用地)
萬華區,華中,2,585,0,第三種住宅區
萬華區,華中,2,586,0,第三種住宅區
萬華區,華中,2,587,0,道路用地(公共設施用地)
萬華區,華中,2,588,0,道路用地(公共設施用地)
萬華區,華中,2,589,0,第三種住宅區
萬華區,華中,2,590,0,第三種住宅區
萬華區,華中,2,591,0,道路用地(公共設施用地)
萬華區,華中,2,592,0,道路用地(公共設施用地)
萬華區,華中,2,593,0,第三種住宅區
萬華區,華中,2,594,0,第三種住宅區
萬華區,華中,2,595,0,道路用地(公共設施用地)
萬華區,華中,2,596,0,道路用地(公共設施用地)
萬華區,華中,2,597,0,第三種住宅區
萬華區,華中,2,598,0,第三種住宅區
萬華區,華中,2,599,0,道路用地(公共設施用地)
萬華區,華中,2,600,0,道路用地(公共設施用地)
萬華區,華中,2,601,0,第三種住宅區
萬華區,華中,2,602,0,第三種住宅區
萬華區,華中,2,603,0,道路用地(公共設施用地)
萬華區,華中,2,604,0,道路用地(公共設施用地)
萬華區,華中,2,605,0,第三種住宅區
萬華區,華中,2,606,0,第三種住宅區
萬華區,華中,2,607,0,道路用地(公共設施用地)
萬華區,華中,2,608,0,道路用地(公共設施用地)
萬華區,華中,2,608,1,第三種住宅區
萬華區,華中,2,609,0,第三種住宅區
萬華區,華中,2,610,0,第三種住宅區
萬華區,華中,2,611,0,第三種住宅區
萬華區,華中,2,612,0,第三種住宅區
萬華區,華中,2,613,0,第三種住宅區
萬華區,華中,2,614,0,第三種住宅區
萬華區,華中,2,615,0,第三種住宅區
萬華區,華中,2,616,0,第三種住宅區
萬華區,華中,2,617,0,第三種住宅區
萬華區,華中,2,618,0,第三種住宅區
萬華區,華中,2,619,0,第三種住宅區
萬華區,華中,2,619,1,道路用地(公共設施用地)
萬華區,華中,2,620,0,第三種住宅區
萬華區,華中,2,621,0,第三種住宅區
萬華區,華中,2,622,0,道路用地(公共設施用地)
萬華區,華中,2,623,0,第三種住宅區
萬華區,華中,2,624,0,第三種住宅區
萬華區,華中,2,625,0,第三種住宅區
萬華區,華中,2,626,0,第三種住宅區
萬華區,華中,2,627,0,第三種住宅區
萬華區,華中,2,628,0,道路用地(公共設施用地)
萬華區,華中,2,629,0,第三種住宅區
萬華區,華中,2,629,1,道路用地(公共設施用地)
萬華區,華中,2,630,0,道路用地(公共設施用地)
萬華區,華中,2,631,0,道路用地(公共設施用地)
萬華區,華中,2,632,0,第三種住宅區
萬華區,華中,2,633,0,第三種住宅區
萬華區,華中,2,634,0,道路用地(公共設施用地)
萬華區,華中,2,635,0,道路用地(公共設施用地)
萬華區,華中,2,636,0,第三種住宅區
萬華區,華中,2,637,0,第三種住宅區
萬華區,華中,2,638,0,道路用地(公共設施用地)
萬華區,華中,2,639,0,道路用地(公共設施用地)
萬華區,華中,2,640,0,第三種住宅區
萬華區,華中,2,641,0,第三種住宅區
萬華區,華中,2,642,0,道路用地(公共設施用地)
萬華區,華中,2,643,0,道路用地(公共設施用地)
萬華區,華中,2,644,0,第三種住宅區
萬華區,華中,2,645,0,第三種住宅區
萬華區,華中,2,646,0,道路用地(公共設施用地)
萬華區,華中,2,647,0,第三種住宅區
萬華區,華中,2,647,1,道路用地(公共設施用地)
萬華區,華中,2,648,0,第三種住宅區
萬華區,華中,2,649,0,道路用地(公共設施用地)
萬華區,華中,2,650,0,道路用地(公共設施用地)
萬華區,華中,2,651,0,第三種住宅區
萬華區,華中,2,652,0,第三種住宅區
萬華區,華中,2,653,0,第三種住宅區
萬華區,華中,2,654,0,第三種住宅區
萬華區,華中,2,655,0,道路用地(公共設施用地)
萬華區,華中,2,656,0,道路用地(公共設施用地)
萬華區,華中,2,657,0,第三種住宅區
萬華區,華中,2,658,0,第三種住宅區
萬華區,華中,2,659,0,第三種住宅區
萬華區,華中,2,660,0,第三種住宅區
萬華區,華中,2,661,0,道路用地(公共設施用地)
萬華區,華中,2,662,0,道路用地(公共設施用地)
萬華區,華中,2,663,0,第三種住宅區
萬華區,華中,2,664,0,第三種住宅區
萬華區,華中,2,665,0,第三種住宅區
萬華區,華中,2,666,0,第三種住宅區
萬華區,華中,2,667,0,道路用地(公共設施用地)
萬華區,華中,2,668,0,道路用地(公共設施用地)
萬華區,華中,2,669,0,第三種住宅區
萬華區,華中,2,670,0,第三種住宅區
萬華區,華中,2,671,0,第三種住宅區
萬華區,華中,2,671,1,道路用地(公共設施用地)
萬華區,華中,2,672,0,第三種住宅區
萬華區,華中,2,673,0,第三種住宅區
萬華區,華中,2,674,0,道路用地(公共設施用地)
萬華區,華中,2,675,0,道路用地(公共設施用地)
萬華區,華中,2,676,0,第三種住宅區
萬華區,華中,2,677,0,第三種住宅區
萬華區,華中,2,678,0,第三種住宅區
萬華區,華中,2,679,0,第三種住宅區
萬華區,華中,2,680,0,道路用地(公共設施用地)
萬華區,華中,2,681,0,道路用地(公共設施用地)
萬華區,華中,2,682,0,第三種住宅區
萬華區,華中,2,683,0,第三種住宅區
萬華區,華中,2,684,0,第三種住宅區
萬華區,華中,2,685,0,第三種住宅區
萬華區,華中,2,686,0,道路用地(公共設施用地)
萬華區,華中,2,687,0,道路用地(公共設施用地)
萬華區,華中,2,688,0,第三種住宅區
萬華區,華中,2,690,0,第三種住宅區
萬華區,華中,2,691,0,第三種住宅區
萬華區,華中,2,692,0,道路用地(公共設施用地)
萬華區,華中,2,693,0,道路用地(公共設施用地)
萬華區,華中,2,694,0,第三種住宅區
萬華區,華中,2,695,0,第三種住宅區
萬華區,華中,2,696,0,第三種住宅區
萬華區,華中,2,697,0,道路用地(公共設施用地)
萬華區,華中,2,697,1,第三種住宅區
萬華區,華中,2,698,0,第三種住宅區
萬華區,華中,2,699,0,道路用地(公共設施用地)
萬華區,華中,2,700,0,道路用地(公共設施用地)
萬華區,華中,2,701,0,第三種住宅區
萬華區,華中,2,702,0,第三種住宅區
萬華區,華中,2,703,0,第三種住宅區
萬華區,華中,2,704,0,"第三種住宅區,但是否在道路用地(公共設施用地)(應依建築線或俟地籍測量分割後,再確定)"
萬華區,華中,2,705,0,道路用地(公共設施用地)
萬華區,華中,2,705,1,第三種住宅區及道路用地(公共設施用地)
萬華區,華中,2,706,0,道路用地(公共設施用地)
萬華區,華中,2,707,0,第三種住宅區
萬華區,華中,2,708,0,第三種住宅區
萬華區,華中,2,709,0,第三種住宅區
萬華區,華中,2,710,0,第三種住宅區
萬華區,華中,2,711,0,第三種住宅區
萬華區,華中,2,712,0,第三種住宅區
萬華區,華中,2,713,0,第三種住宅區
萬華區,華中,2,714,0,第三種住宅區
萬華區,華中,2,715,0,第三種住宅區
萬華區,華中,2,716,0,第三種住宅區
萬華區,華中,2,717,0,第三種住宅區
萬華區,華中,2,718,0,第三種住宅區
萬華區,華中,2,719,0,第三種住宅區
萬華區,華中,2,720,0,第三種住宅區
萬華區,華中,2,721,0,第三種住宅區
萬華區,華中,2,722,0,第三種住宅區
萬華區,華中,2,723,0,第三種住宅區
萬華區,華中,2,724,0,第三種住宅區
萬華區,華中,2,725,0,第三種住宅區
萬華區,華中,2,726,0,第三種住宅區
萬華區,華中,2,727,0,第三種住宅區
萬華區,華中,2,728,0,第三種住宅區
萬華區,華中,2,729,0,第三種住宅區
萬華區,華中,2,730,0,道路用地(公共設施用地)
萬華區,華中,2,731,0,道路用地(公共設施用地)
萬華區,華中,2,732,0,第三種住宅區
萬華區,華中,2,733,0,第三種住宅區
萬華區,華中,2,734,0,第三種住宅區
萬華區,華中,2,735,0,第三種住宅區
萬華區,華中,2,736,0,第三種住宅區
萬華區,華中,2,737,0,第三種住宅區
萬華區,華中,2,738,0,第三種住宅區
萬華區,華中,2,739,0,第三種住宅區
萬華區,華中,2,740,0,第三種住宅區
萬華區,華中,2,741,0,第三種住宅區
萬華區,華中,2,742,0,第三種住宅區
萬華區,華中,2,743,0,第三種住宅區
萬華區,華中,2,744,0,第三種住宅區
萬華區,華中,2,745,0,第三種住宅區
萬華區,華中,2,745,1,第三種住宅區
萬華區,華中,2,746,0,第三種住宅區
萬華區,華中,2,746,1,第三種住宅區
萬華區,華中,2,746,2,第三種住宅區
萬華區,華中,2,746,3,第三種住宅區
萬華區,華中,2,746,4,道路用地(公共設施用地)
萬華區,華中,2,746,5,第三種住宅區
萬華區,華中,2,747,0,道路用地(公共設施用地)
萬華區,華中,2,747,1,"道路用地(公共設施用地),但是否在第三種住宅區(應依建築線或俟地籍測量分割後,再確定)"
萬華區,華中,2,747,2,道路用地(公共設施用地)
萬華區,華中,2,747,3,道路用地(公共設施用地)
萬華區,華中,2,748,0,道路用地(公共設施用地)
萬華區,華中,2,748,1,道路用地(公共設施用地)
萬華區,華中,2,749,0,道路用地(公共設施用地)
萬華區,華中,2,749,1,道路用地(公共設施用地)
萬華區,華中,2,750,0,道路用地(公共設施用地)
萬華區,華中,2,751,0,道路用地(公共設施用地)
萬華區,華中,2,752,0,道路用地(公共設施用地)
萬華區,華中,2,752,1,道路用地(公共設施用地)
萬華區,華中,2,752,2,道路用地(公共設施用地)
萬華區,華中,2,752,3,道路用地(公共設施用地)
萬華區,華中,2,752,4,道路用地(公共設施用地)
萬華區,華中,2,753,0,道路用地(公共設施用地)
萬華區,華中,2,754,0,道路用地(公共設施用地)
萬華區,華中,2,755,0,道路用地(公共設施用地)
萬華區,華中,2,756,0,道路用地(公共設施用地)
萬華區,華中,2,757,0,道路用地(公共設施用地)
萬華區,華中,2,758,0,道路用地(公共設施用地)
萬華區,華中,2,759,0,道路用地(公共設施用地)
萬華區,華中,2,760,0,道路用地(公共設施用地)
萬華區,華中,2,761,0,道路用地(公共設施用地)
萬華區,華中,2,762,0,道路用地(公共設施用地)
萬華區,華中,2,763,0,道路用地(公共設施用地)
萬華區,華中,2,764,0,第三種住宅區
萬華區,華中,2,765,0,第三種住宅區
萬華區,華中,2,766,0,第三種住宅區
萬華區,華中,2,767,0,第三種住宅區
萬華區,華中,2,768,0,第三種住宅區
萬華區,華中,2,769,0,第三種住宅區
萬華區,華中,2,770,0,第三種住宅區
萬華區,華中,2,771,0,第三種住宅區
萬華區,華中,2,772,0,第三種住宅區
萬華區,華中,2,773,0,第三種住宅區
萬華區,華中,2,774,0,第三種住宅區
萬華區,華中,2,775,0,第三種住宅區
萬華區,華中,2,776,0,第三種住宅區
萬華區,華中,2,777,0,第三種住宅區
萬華區,華中,2,778,0,第三種住宅區
萬華區,華中,2,779,0,第三種住宅區
萬華區,華中,2,780,0,第三種住宅區
萬華區,華中,2,781,0,第三種住宅區
萬華區,華中,2,782,0,第三種住宅區
萬華區,華中,2,783,0,第三種住宅區
萬華區,華中,2,784,0,第三種住宅區
萬華區,華中,2,785,0,第三種住宅區
萬華區,華中,2,786,0,第三種住宅區
萬華區,華中,2,787,0,第三種住宅區
萬華區,華中,2,788,0,第三種住宅區
萬華區,華中,2,789,0,第三種住宅區
萬華區,華中,2,790,0,第三種住宅區
萬華區,華中,2,791,0,第三種住宅區
萬華區,華中,2,792,0,第三種住宅區
萬華區,華中,2,793,0,第三種住宅區
萬華區,華中,2,794,0,第三種住宅區
萬華區,華中,2,795,0,第三種住宅區
萬華區,華中,2,796,0,第三種住宅區
萬華區,華中,2,797,0,第三種住宅區
萬華區,華中,2,798,0,第三種住宅區
萬華區,華中,2,799,0,"第三種住宅區,但是否在道路用地(公共設施用地)(應依建築線或俟地籍測量分割後,再確定)"
萬華區,華中,2,800,0,道路用地(公共設施用地)
萬華區,華中,2,801,0,道路用地(公共設施用地)
萬華區,華中,2,802,0,道路用地(公共設施用地)
萬華區,華中,2,803,0,道路用地(公共設施用地)
萬華區,華中,2,803,1,第三種住宅區
萬華區,華中,2,803,2,第三種住宅區
萬華區,華中,2,803,3,道路用地(公共設施用地)
萬華區,華中,2,804,0,第三種住宅區
萬華區,華中,2,805,0,第三種住宅區
萬華區,華中,2,806,0,第三種住宅區
萬華區,華中,2,807,0,第三種住宅區
萬華區,華中,2,808,0,第三種住宅區
萬華區,華中,2,809,0,第三種住宅區
萬華區,華中,2,810,0,第三種住宅區
萬華區,華中,2,811,0,第三種住宅區
萬華區,華中,2,812,0,第三種住宅區
萬華區,華中,2,813,0,第三種住宅區
萬華區,華中,2,813,1,道路用地(公共設施用地)
萬華區,華中,2,814,0,第三種住宅區
萬華區,華中,2,815,0,第三種住宅區
萬華區,華中,2,816,0,第三種住宅區
萬華區,華中,2,817,0,第三種住宅區
萬華區,華中,2,818,0,第三種住宅區
萬華區,華中,2,819,0,第三種住宅區
萬華區,華中,2,820,0,第三種住宅區
萬華區,華中,2,821,0,第三種住宅區
萬華區,華中,2,822,0,第三種住宅區
萬華區,華中,2,823,0,第三種住宅區
萬華區,華中,2,823,1,道路用地(公共設施用地)
萬華區,華中,2,824,0,第三種住宅區
萬華區,華中,2,825,0,第三種住宅區
萬華區,華中,2,826,0,第三種住宅區
萬華區,華中,2,827,0,第三種住宅區
萬華區,華中,2,828,0,第三種住宅區
萬華區,華中,2,829,0,第三種住宅區
萬華區,華中,2,830,0,第三種住宅區
萬華區,華中,2,831,0,第三種住宅區
萬華區,華中,2,832,0,第三種住宅區
萬華區,華中,2,833,0,第三種住宅區
萬華區,華中,2,834,0,第三種住宅區
萬華區,華中,2,835,0,第三種住宅區
萬華區,華中,2,836,0,第三種住宅區
萬華區,華中,2,837,0,第三種住宅區
萬華區,華中,2,838,0,第三種住宅區
萬華區,華中,2,839,0,第三種住宅區
萬華區,華中,2,840,0,第三種住宅區
萬華區,華中,2,841,0,第三種住宅區
萬華區,華中,2,842,0,第三種住宅區
萬華區,華中,2,843,0,第三種住宅區
萬華區,華中,2,844,0,第三種住宅區
萬華區,華中,2,845,0,第三種住宅區
萬華區,華中,2,846,0,道路用地(公共設施用地)
萬華區,華中,2,847,0,第三種住宅區
萬華區,華中,2,848,0,第三種住宅區
萬華區,華中,2,849,0,第三種住宅區
萬華區,華中,2,850,0,道路用地(公共設施用地)
萬華區,華中,2,851,0,道路用地(公共設施用地)
萬華區,華中,2,852,0,第三種住宅區
萬華區,華中,2,853,0,第三種住宅區
萬華區,華中,2,854,0,道路用地(公共設施用地)
萬華區,華中,2,855,0,道路用地(公共設施用地)
萬華區,華中,2,856,0,第三種住宅區
萬華區,華中,2,857,0,第三種住宅區
萬華區,華中,2,858,0,道路用地(公共設施用地)
萬華區,華中,2,859,0,道路用地(公共設施用地)
萬華區,華中,2,860,0,第三種住宅區
萬華區,華中,2,861,0,第三種住宅區
萬華區,華中,2,862,0,第三種住宅區
萬華區,華中,2,863,0,第三種住宅區
萬華區,華中,2,864,0,第三種住宅區
萬華區,華中,2,865,0,第三種住宅區
萬華區,華中,2,866,0,第三種住宅區
萬華區,華中,2,867,0,道路用地(公共設施用地)
萬華區,華中,2,867,1,第三種住宅區
萬華區,華中,2,868,0,道路用地(公共設施用地)
萬華區,華中,2,868,1,第三種住宅區
萬華區,華中,2,869,0,第三種住宅區
萬華區,華中,2,870,0,第三種住宅區
萬華區,華中,2,871,0,第三種住宅區
萬華區,華中,2,872,0,第三種住宅區
萬華區,華中,2,873,0,第三種住宅區
萬華區,華中,2,874,0,第三種住宅區
萬華區,華中,2,875,0,第三種住宅區
萬華區,華中,2,876,0,第三種住宅區
萬華區,華中,2,877,0,第三種住宅區
萬華區,華中,2,879,0,道路用地(公共設施用地)
萬華區,華中,2,880,0,第三種住宅區
萬華區,華中,2,881,0,第三種住宅區
萬華區,華中,2,882,0,第三種住宅區
萬華區,華中,2,883,0,第三種住宅區
萬華區,華中,2,884,0,第三種住宅區
萬華區,華中,2,885,0,第三種住宅區
萬華區,華中,2,886,0,第三種住宅區
萬華區,華中,2,887,0,第三種住宅區
萬華區,華中,2,888,0,第三種住宅區
萬華區,華中,2,889,0,第三種住宅區
萬華區,華中,2,890,0,第三種住宅區
萬華區,華中,2,891,0,第三種住宅區
萬華區,華中,2,892,0,第三種住宅區
萬華區,華中,2,893,0,第三種住宅區
萬華區,華中,2,894,0,第三種住宅區
萬華區,華中,2,895,0,第三種住宅區
萬華區,華中,2,896,0,第三種住宅區
萬華區,華中,2,897,0,道路用地(公共設施用地)
萬華區,華中,2,897,1,第三種住宅區
萬華區,華中,2,898,0,道路用地(公共設施用地)
萬華區,華中,2,899,0,道路用地(公共設施用地)
萬華區,華中,2,900,0,第三之二種住宅區
萬華區,華中,2,900,1,道路用地(公共設施用地)
萬華區,華中,2,900,2,第三種住宅區
萬華區,華中,2,901,0,第三之二種住宅區
萬華區,華中,2,901,1,第三種住宅區
萬華區,華中,2,902,0,第三種住宅區
萬華區,華中,2,903,0,第三種住宅區
萬華區,華中,2,904,0,第三種住宅區
萬華區,華中,2,905,0,第三種住宅區
萬華區,華中,2,906,0,第三種住宅區
萬華區,華中,2,907,0,第三種住宅區
萬華區,華中,2,908,0,第三種住宅區
萬華區,華中,2,909,0,第三種住宅區
萬華區,華中,2,910,0,第三種住宅區
萬華區,華中,2,911,0,第三種住宅區
萬華區,華中,2,912,0,第三種住宅區
萬華區,華中,2,913,0,第三種住宅區
萬華區,華中,2,914,0,第三之二種住宅區
萬華區,華中,2,914,1,第三種住宅區
萬華區,華中,2,915,0,第三之二種住宅區
萬華區,華中,2,915,1,第三種住宅區
萬華區,華中,2,916,0,第三之二種住宅區
萬華區,華中,2,916,1,第三種住宅區
萬華區,華中,2,917,0,第三之二種住宅區
萬華區,華中,2,917,1,第三種住宅區
萬華區,華中,2,918,0,第三之二種住宅區
萬華區,華中,2,918,1,第三種住宅區
萬華區,華中,2,919,0,第三之二種住宅區
萬華區,華中,2,919,1,第三種住宅區
萬華區,華中,2,920,0,第三之二種住宅區
萬華區,華中,2,920,1,第三種住宅區
萬華區,華中,2,921,0,第三之二種住宅區
萬華區,華中,2,921,1,第三種住宅區
萬華區,華中,2,922,0,第三之二種住宅區
萬華區,華中,2,922,1,第三種住宅區
萬華區,華中,2,923,0,第三之二種住宅區
萬華區,華中,2,923,1,第三種住宅區
萬華區,華中,2,924,0,第三之二種住宅區
萬華區,華中,2,924,1,第三種住宅區
萬華區,華中,2,925,0,第三之二種住宅區
萬華區,華中,2,925,1,第三種住宅區
萬華區,華中,2,926,0,第三之二種住宅區
萬華區,華中,2,927,0,第三之二種住宅區
萬華區,華中,2,928,0,第三之二種住宅區
萬華區,華中,2,929,0,第三之二種住宅區
萬華區,華中,2,930,0,第三之二種住宅區
萬華區,華中,2,931,0,第三之二種住宅區
萬華區,華中,2,932,0,第三之二種住宅區
萬華區,華中,2,933,0,第三之二種住宅區
萬華區,華中,2,934,0,第三之二種住宅區
萬華區,華中,2,934,1,第三之二種住宅區
萬華區,華中,2,934,2,第三之二種住宅區
萬華區,華中,2,934,3,第三之二種住宅區
萬華區,華中,2,935,0,第三之二種住宅區
萬華區,華中,2,935,1,第三之二種住宅區
萬華區,華中,2,935,2,第三之二種住宅區
萬華區,華中,2,935,3,第三之二種住宅區
萬華區,華中,2,936,0,第三之二種住宅區
萬華區,華中,2,937,0,第三之二種住宅區
萬華區,華中,2,938,0,第三之二種住宅區
萬華區,華中,2,939,0,第三之二種住宅區
萬華區,華中,2,940,0,第三之二種住宅區
萬華區,華中,2,941,0,第三之二種住宅區
萬華區,華中,2,942,0,第三之二種住宅區
萬華區,華中,2,943,0,第三之二種住宅區
萬華區,華中,2,944,0,道路用地(公共設施用地)
萬華區,華中,2,945,0,道路用地(公共設施用地)
萬華區,華中,2,946,0,道路用地(公共設施用地)
萬華區,華中,2,947,0,道路用地(公共設施用地)
萬華區,華中,2,948,0,道路用地(公共設施用地)
萬華區,華中,2,948,1,道路用地(公共設施用地)
萬華區,華中,2,948,2,第三種住宅區
萬華區,華中,2,949,0,道路用地(公共設施用地)
萬華區,華中,2,949,1,道路用地(公共設施用地)
萬華區,華中,2,950,0,道路用地(公共設施用地)
萬華區,華中,2,951,0,河川區及道路用地(公共設施用地)
萬華區,華中,2,952,0,河川區
萬華區,華中,2,953,0,河川區
萬華區,華中,2,954,0,河川區
萬華區,華中,2,955,0,河川區
萬華區,華中,2,956,0,河川區
萬華區,華中,2,957,0,河川區
萬華區,華中,2,958,0,河川區
萬華區,華中,2,959,0,河川區
萬華區,華中,2,960,0,河川區
萬華區,華中,2,961,0,河川區
萬華區,華中,2,962,0,第三種住宅區
萬華區,華中,3,1,0,"道路用地(公共設施用地),但是否在第三種住宅區(應依建築線或俟地籍測量分割後,再確定)"
萬華區,華中,3,2,0,第三種住宅區
萬華區,華中,3,3,0,第三種住宅區
萬華區,華中,3,4,0,第三種住宅區
萬華區,華中,3,5,0,第三種住宅區
萬華區,華中,3,6,0,第三種住宅區
萬華區,華中,3,7,0,第三種住宅區
萬華區,華中,3,8,0,第三種住宅區
萬華區,華中,3,9,0,第三種住宅區
萬華區,華中,3,10,0,第三種住宅區
萬華區,華中,3,11,0,第三種住宅區
萬華區,華中,3,12,0,第三種住宅區
萬華區,華中,3,13,0,第三種住宅區
萬華區,華中,3,14,0,第三種住宅區
萬華區,華中,3,15,0,第三種住宅區
萬華區,華中,3,16,0,第三種住宅區
萬華區,華中,3,17,0,第三種住宅區
萬華區,華中,3,18,0,第三種住宅區
萬華區,華中,3,19,0,第三種住宅區
萬華區,華中,3,20,0,道路用地(公共設施用地)
萬華區,華中,3,20,1,第三種住宅區
萬華區,華中,3,20,2,道路用地(公共設施用地)
萬華區,華中,3,21,0,道路用地(公共設施用地)
萬華區,華中,3,22,0,公園用地(公共設施用地)
萬華區,華中,3,23,0,道路用地(公共設施用地)及公園用地(公共設施用地)
萬華區,華中,3,24,0,道路用地(公共設施用地)
萬華區,華中,3,25,0,第三種住宅區
萬華區,華中,3,26,0,第三種住宅區
萬華區,華中,3,27,0,第三種住宅區
萬華區,華中,3,28,0,第三種住宅區
萬華區,華中,3,29,0,第三種住宅區
萬華區,華中,3,30,0,第三種住宅區
萬華區,華中,3,31,0,第三種住宅區
萬華區,華中,3,32,0,第三種住宅區
萬華區,華中,3,33,0,第三種住宅區
萬華區,華中,3,33,1,第三種住宅區
萬華區,華中,3,34,0,第三種住宅區
萬華區,華中,3,35,0,第三種住宅區
萬華區,華中,3,36,0,第三種住宅區
萬華區,華中,3,37,0,第三種住宅區
萬華區,華中,3,38,0,第三種住宅區
萬華區,華中,3,39,0,第三種住宅區
萬華區,華中,3,40,0,第三種住宅區
萬華區,華中,3,41,0,第三種住宅區
萬華區,華中,3,42,0,第三種住宅區
萬華區,華中,3,43,0,第三種住宅區
萬華區,華中,3,44,0,第三種住宅區
萬華區,華中,3,45,0,第三種住宅區
萬華區,華中,3,46,0,第三種住宅區
萬華區,華中,3,47,0,第三種住宅區
萬華區,華中,3,48,0,第三種住宅區
萬華區,華中,3,49,0,第三種住宅區
萬華區,華中,3,50,0,第三種住宅區
萬華區,華中,3,51,0,第三種住宅區
萬華區,華中,3,52,0,第三種住宅區
萬華區,華中,3,53,0,第三種住宅區
萬華區,華中,3,54,0,第三種住宅區
萬華區,華中,3,55,0,第三種住宅區
萬華區,華中,3,56,0,第三種住宅區
萬華區,華中,3,57,0,第三種住宅區
萬華區,華中,3,58,0,第三種住宅區
萬華區,華中,3,59,0,道路用地(公共設施用地)
萬華區,華中,3,59,1,第三種住宅區
萬華區,華中,3,60,0,第三種住宅區
萬華區,華中,3,61,0,第三種住宅區
萬華區,華中,3,62,0,"第三種住宅區,但是否在道路用地(公共設施用地)(應依建築線或俟地籍測量分割後,再確定)"
萬華區,華中,3,63,0,道路用地(公共設施用地)
萬華區,華中,3,64,0,道路用地(公共設施用地)
萬華區,華中,3,65,0,第三種住宅區
萬華區,華中,3,65,1,第三種住宅區
萬華區,華中,3,66,0,第三種住宅區
萬華區,華中,3,67,0,道路用地(公共設施用地)
萬華區,華中,3,68,0,道路用地(公共設施用地)
萬華區,華中,3,69,0,第三種住宅區
萬華區,華中,3,70,0,道路用地(公共設施用地)
萬華區,華中,3,71,0,道路用地(公共設施用地)
萬華區,華中,3,72,0,道路用地(公共設施用地)
萬華區,華中,3,73,0,第三種住宅區及道路用地(公共設施用地)
萬華區,華中,3,76,0,第三種住宅區
萬華區,華中,3,77,0,第三種住宅區
萬華區,華中,3,78,0,第三種住宅區
萬華區,華中,3,79,0,第三種住宅區
萬華區,華中,3,80,0,第三種住宅區
萬華區,華中,3,81,0,第三種住宅區
萬華區,華中,3,82,0,第三種住宅區
萬華區,華中,3,83,0,第三種住宅區
萬華區,華中,3,84,0,第三種住宅區
萬華區,華中,3,85,0,第三種住宅區
萬華區,華中,3,86,0,道路用地(公共設施用地)
萬華區,華中,3,87,0,道路用地(公共設施用地)
萬華區,華中,3,88,0,第三種住宅區
萬華區,華中,3,89,0,第三種住宅區
萬華區,華中,3,90,0,第三種住宅區
萬華區,華中,3,91,0,第三種住宅區
萬華區,華中,3,92,0,第三種住宅區
萬華區,華中,3,93,0,"道路用地(公共設施用地),但是否在第三種住宅區(應依建築線或俟地籍測量分割後,再確定)"
萬華區,華中,3,94,0,第三之二種住宅區
萬華區,華中,3,94,1,第三種住宅區
萬華區,華中,3,95,0,第三之二種住宅區
萬華區,華中,3,96,0,第三之二種住宅區
萬華區,華中,3,97,0,第三之二種住宅區
萬華區,華中,3,98,0,第三之二種住宅區
萬華區,華中,3,99,0,第三之二種住宅區
萬華區,華中,3,100,0,第三之二種住宅區
萬華區,華中,3,101,0,第三之二種住宅區
萬華區,華中,3,102,0,第三之二種住宅區
萬華區,華中,3,102,1,第三種住宅區
萬華區,華中,3,103,0,第三種住宅區
萬華區,華中,3,104,0,第三種住宅區
萬華區,華中,3,105,0,道路用地(公共設施用地)
萬華區,華中,3,106,0,第三種住宅區
萬華區,華中,3,107,0,第三種住宅區
萬華區,華中,3,108,0,第三之二種住宅區
萬華區,華中,3,108,1,第三種住宅區
萬華區,華中,3,109,0,第三之二種住宅區
萬華區,華中,3,110,0,第三之二種住宅區
萬華區,華中,3,111,0,第三之二種住宅區
萬華區,華中,3,112,0,"第三種住宅區及第三之二種住宅區,但是否在道路用地(公共設施用地)(應依建築線或俟地籍測量分割後,再確定)"
萬華區,華中,3,113,0,第三種住宅區及道路用地(公共設施用地)
萬華區,華中,3,113,1,道路用地(公共設施用地)
萬華區,華中,3,113,2,第三種住宅區
萬華區,華中,3,113,3,道路用地(公共設施用地)
萬華區,華中,3,114,0,道路用地(公共設施用地)
萬華區,華中,3,114,1,第三種住宅區
萬華區,華中,3,115,0,道路用地(公共設施用地)
萬華區,華中,3,116,0,道路用地(公共設施用地)
萬華區,華中,3,117,0,第三種住宅區
萬華區,華中,3,118,0,"道路用地(公共設施用地),但是否在第三種住宅區(應依建築線或俟地籍測量分割後,再確定)"
萬華區,華中,3,118,1,道路用地(公共設施用地)
萬華區,華中,3,118,2,道路用地(公共設施用地)
萬華區,華中,3,119,0,道路用地(公共設施用地)
萬華區,華中,3,119,1,道路用地(公共設施用地)
萬華區,華中,3,119,2,道路用地(公共設施用地)
萬華區,華中,3,120,0,道路用地(公共設施用地)
萬華區,華中,3,120,1,"道路用地(公共設施用地),但是否在第三種住宅區(應依建築線或俟地籍測量分割後,再確定)"
萬華區,華中,3,120,2,道路用地(公共設施用地)
萬華區,華中,3,121,0,道路用地(公共設施用地)
萬華區,華中,3,122,0,道路用地(公共設施用地)
萬華區,華中,3,122,1,第三種住宅區
萬華區,華中,3,123,0,第三種住宅區
萬華區,華中,3,123,1,道路用地(公共設施用地)
萬華區,華中,3,124,0,第三種住宅區(特)(遷)
萬華區,華中,3,124,1,第三種住宅區(特)(遷)
萬華區,華中,3,124,2,第三種住宅區(特)(遷)
萬華區,華中,3,124,3,第三種住宅區(特)(遷)
萬華區,華中,3,124,4,第三種住宅區(特)(遷)
萬華區,華中,3,124,5,第三種住宅區(特)(遷)
萬華區,華中,3,124,6,第三種住宅區(特)(遷)
萬華區,華中,3,124,7,第三種住宅區(特)(遷)
萬華區,華中,3,124,8,第三種住宅區(特)(遷)
萬華區,華中,3,124,9,第三種住宅區(特)(遷)
萬華區,華中,3,125,0,第三種住宅區(特)(遷)
萬華區,華中,3,126,0,第三種住宅區
萬華區,華中,3,127,0,第三種住宅區
萬華區,華中,3,128,0,第三種住宅區
萬華區,華中,3,129,0,第三種住宅區
萬華區,華中,3,130,0,第三種住宅區(特)(遷)
萬華區,華中,3,133,0,第三種住宅區
萬華區,華中,3,134,0,第三種住宅區
萬華區,華中,3,135,0,第三種住宅區
萬華區,華中,3,136,0,第三種住宅區
萬華區,華中,3,137,0,第三種住宅區
萬華區,華中,3,138,0,第三種住宅區
萬華區,華中,3,139,0,第三種住宅區
萬華區,華中,3,140,0,第三種住宅區
萬華區,華中,3,141,0,第三種住宅區
萬華區,華中,3,142,0,第三種住宅區
萬華區,華中,3,143,0,第三種住宅區
萬華區,華中,3,144,0,第三種住宅區
萬華區,華中,3,145,0,第三種住宅區
萬華區,華中,3,146,0,第三種住宅區
萬華區,華中,3,147,0,第三種住宅區
萬華區,華中,3,148,0,第三種住宅區
萬華區,華中,3,149,0,第三種住宅區
萬華區,華中,3,150,0,第三種住宅區
萬華區,華中,3,151,0,第三種住宅區
萬華區,華中,3,152,0,第三種住宅區
萬華區,華中,3,152,1,第三種住宅區
萬華區,華中,3,153,0,道路用地(公共設施用地)
萬華區,華中,3,154,0,第三種住宅區
萬華區,華中,3,155,0,第三種住宅區
萬華區,華中,3,156,0,第三種住宅區
萬華區,華中,3,157,0,"道路用地(公共設施用地),但是否在第三種住宅區(應依建築線或俟地籍測量分割後,再確定)"
萬華區,華中,3,157,1,道路用地(公共設施用地)
萬華區,華中,3,158,0,道路用地(公共設施用地)
萬華區,華中,3,158,1,道路用地(公共設施用地)
萬華區,華中,3,159,0,第三種住宅區
萬華區,華中,3,160,0,第三種住宅區
萬華區,華中,3,161,0,第三種住宅區
萬華區,華中,3,162,0,第三種住宅區
萬華區,華中,3,163,0,第三種住宅區
萬華區,華中,3,164,0,第三種住宅區
萬華區,華中,3,165,0,第三種住宅區
萬華區,華中,3,166,0,第三種住宅區
萬華區,華中,3,167,0,道路用地(公共設施用地)
萬華區,華中,3,168,0,第三種住宅區
萬華區,華中,3,169,0,"第三種住宅區,但是否在道路用地(公共設施用地)(應依建築線或俟地籍測量分割後,再確定)"
萬華區,華中,3,170,0,第三種住宅區
萬華區,華中,3,171,0,第三種住宅區
萬華區,華中,3,172,0,第三種住宅區
萬華區,華中,3,173,0,第三種住宅區
萬華區,華中,3,174,0,第三種住宅區
萬華區,華中,3,175,0,第三種住宅區
萬華區,華中,3,176,0,第三種住宅區
萬華區,華中,3,177,0,第三種住宅區
萬華區,華中,3,178,0,第三種住宅區
萬華區,華中,3,179,0,第三種住宅區
萬華區,華中,3,180,1,第三種住宅區
萬華區,華中,3,180,2,第三種住宅區
萬華區,華中,3,181,0,第三種住宅區
萬華區,華中,3,182,0,第三種住宅區
萬華區,華中,3,183,0,第三種住宅區
萬華區,華中,3,184,0,第三種住宅區
萬華區,華中,3,185,0,第三種住宅區
萬華區,華中,3,186,0,第三種住宅區
萬華區,華中,3,187,0,第三種住宅區
萬華區,華中,3,188,0,第三種住宅區
萬華區,華中,3,189,0,第三種住宅區
萬華區,華中,3,190,0,第三種住宅區
萬華區,華中,3,191,0,第三種住宅區
萬華區,華中,3,192,0,第三種住宅區
萬華區,華中,3,193,0,第三種住宅區
萬華區,華中,3,194,0,第三種住宅區
萬華區,華中,3,195,0,第三種住宅區
萬華區,華中,3,196,0,第三種住宅區
萬華區,華中,3,197,0,第三種住宅區
萬華區,華中,3,198,0,第三種住宅區
萬華區,華中,3,199,0,第三種住宅區
萬華區,華中,3,200,0,第三種住宅區
萬華區,華中,3,201,0,第三種住宅區
萬華區,華中,3,202,0,第三種住宅區
萬華區,華中,3,203,0,第三種住宅區
萬華區,華中,3,204,0,第三種住宅區
萬華區,華中,3,205,0,第三種住宅區
萬華區,華中,3,206,0,第三種住宅區
萬華區,華中,3,207,0,第三種住宅區
萬華區,華中,3,208,0,第三種住宅區
萬華區,華中,3,209,0,第三種住宅區
萬華區,華中,3,210,0,第三種住宅區
萬華區,華中,3,211,0,第三種住宅區
萬華區,華中,3,212,0,道路用地(公共設施用地)
萬華區,華中,3,213,0,"道路用地(公共設施用地),但是否在第三種住宅區(應依建築線或俟地籍測量分割後,再確定)"
萬華區,華中,3,214,0,第三種住宅區
萬華區,華中,3,215,0,第三種住宅區
萬華區,華中,3,216,0,第三種住宅區
萬華區,華中,3,217,0,第三種住宅區
萬華區,華中,3,218,0,第三種住宅區
萬華區,華中,3,219,0,第三種住宅區
萬華區,華中,3,220,0,第三種住宅區
萬華區,華中,3,221,0,第三種住宅區
萬華區,華中,3,222,0,"道路用地(公共設施用地),但是否在第三種住宅區(應依建築線或俟地籍測量分割後,再確定)"
萬華區,華中,3,222,1,第三種住宅區
萬華區,華中,3,223,0,第三種住宅區
萬華區,華中,3,224,0,第三種住宅區
萬華區,華中,3,225,0,第三種住宅區
萬華區,華中,3,226,0,第三種住宅區
萬華區,華中,3,227,0,第三種住宅區
萬華區,華中,3,228,0,第三種住宅區
萬華區,華中,3,229,0,第三種住宅區
萬華區,華中,3,230,0,第三種住宅區
萬華區,華中,3,231,0,第三種住宅區
萬華區,華中,3,232,0,第三種住宅區
萬華區,華中,3,233,0,第三種住宅區
萬華區,華中,3,234,0,第三種住宅區
萬華區,華中,3,235,0,"第三種住宅區,但是否在道路用地(公共設施用地)(應依建築線或俟地籍測量分割後,再確定)"
萬華區,華中,3,236,0,道路用地(公共設施用地)
萬華區,華中,3,237,0,道路用地(公共設施用地)
萬華區,華中,3,238,0,第三種住宅區
萬華區,華中,3,239,0,第三種住宅區
萬華區,華中,3,240,0,第三種住宅區
萬華區,華中,3,241,0,第三種住宅區
萬華區,華中,3,242,0,第三種住宅區
萬華區,華中,3,243,0,第三種住宅區
萬華區,華中,3,244,0,第三種住宅區
萬華區,華中,3,245,0,"第三種住宅區,但是否在道路用地(公共設施用地)(應依建築線或俟地籍測量分割後,再確定)"
萬華區,華中,3,246,0,第三種住宅區
萬華區,華中,3,246,2,道路用地(公共設施用地)
萬華區,華中,3,247,0,第三種住宅區
萬華區,華中,3,247,1,第三種住宅區
萬華區,華中,3,247,2,第三種住宅區
萬華區,華中,3,248,0,第三種住宅區
萬華區,華中,3,249,0,第三種住宅區
萬華區,華中,3,250,0,第三種住宅區
萬華區,華中,3,251,0,第三種住宅區
萬華區,華中,3,252,0,第三種住宅區
萬華區,華中,3,253,0,第三種住宅區
萬華區,華中,3,254,0,第三種住宅區
萬華區,華中,3,255,0,第三種住宅區
萬華區,華中,3,256,0,第三種住宅區
萬華區,華中,3,257,0,"第三種住宅區,但是否在道路用地(公共設施用地)(應依建築線或俟地籍測量分割後,再確定)"
萬華區,華中,3,259,0,第三種住宅區
萬華區,華中,3,259,1,第三種住宅區
萬華區,華中,3,259,2,第三種住宅區
萬華區,華中,3,260,0,道路用地(公共設施用地)
萬華區,華中,3,261,0,第三種住宅區
萬華區,華中,3,261,1,第三種住宅區
萬華區,華中,3,261,2,第三種住宅區
萬華區,華中,3,261,3,第三種住宅區
萬華區,華中,3,261,4,第三種住宅區
萬華區,華中,3,261,5,第三種住宅區
萬華區,華中,3,261,6,第三種住宅區
萬華區,華中,3,261,8,第三種住宅區
萬華區,華中,3,262,0,道路用地(公共設施用地)
萬華區,華中,3,263,0,第三種住宅區
萬華區,華中,3,264,0,第三種住宅區
萬華區,華中,3,265,0,第三種住宅區
萬華區,華中,3,266,0,第三種住宅區
萬華區,華中,3,267,0,第三種住宅區
萬華區,華中,3,268,0,第三種住宅區
萬華區,華中,3,269,0,第三種住宅區
萬華區,華中,3,270,0,道路用地(公共設施用地)
萬華區,華中,3,271,0,道路用地(公共設施用地)
萬華區,華中,3,272,0,第三種住宅區
萬華區,華中,3,273,0,第三種住宅區
萬華區,華中,3,274,0,第三種住宅區
萬華區,華中,3,275,0,第三種住宅區
萬華區,華中,3,276,0,第三種住宅區
萬華區,華中,3,277,0,第三種住宅區
萬華區,華中,3,278,0,道路用地(公共設施用地)
萬華區,華中,3,279,0,第三種住宅區
萬華區,華中,3,280,0,第三種住宅區
萬華區,華中,3,281,0,道路用地(公共設施用地)
萬華區,華中,3,282,0,道路用地(公共設施用地)
萬華區,華中,3,283,0,第三種住宅區
萬華區,華中,3,284,0,第三種住宅區
萬華區,華中,3,285,0,第三種住宅區
萬華區,華中,3,286,0,第三種住宅區
萬華區,華中,3,287,0,道路用地(公共設施用地)
萬華區,華中,3,288,0,道路用地(公共設施用地)
萬華區,華中,3,289,0,第三種住宅區
萬華區,華中,3,290,0,第三種住宅區
萬華區,華中,3,291,0,第三種住宅區及道路用地(公共設施用地)
萬華區,華中,3,292,0,道路用地(公共設施用地)
萬華區,華中,3,293,0,"第三種住宅區,但是否在道路用地(公共設施用地)(應依建築線或俟地籍測量分割後,再確定)"
萬華區,華中,3,294,0,道路用地(公共設施用地)
萬華區,華中,3,295,0,道路用地(公共設施用地)
萬華區,華中,3,296,0,道路用地(公共設施用地)
萬華區,華中,3,297,0,道路用地(公共設施用地)
萬華區,華中,3,298,0,道路用地(公共設施用地)
萬華區,華中,3,299,0,道路用地(公共設施用地)
萬華區,華中,3,300,0,道路用地(公共設施用地)
萬華區,華中,3,301,0,道路用地(公共設施用地)
萬華區,華中,3,302,0,第三種住宅區
萬華區,華中,3,303,0,第三種住宅區
萬華區,華中,3,304,0,第三種住宅區
萬華區,華中,3,305,0,"第三種住宅區,但是否在第三之一種住宅區(應依建築線或俟地籍測量分割後,再確定)"
萬華區,華中,3,306,0,第三之一種住宅區
萬華區,華中,3,307,0,第三之一種住宅區
萬華區,華中,3,308,0,第三之一種住宅區
萬華區,華中,3,308,1,第三之一種住宅區
萬華區,華中,3,308,2,第三之一種住宅區
萬華區,華中,3,308,3,第三之一種住宅區
萬華區,華中,3,308,4,第三之一種住宅區
萬華區,華中,3,308,5,第三種住宅區
萬華區,華中,3,308,6,第三種住宅區
萬華區,華中,3,309,0,第三種住宅區
萬華區,華中,3,309,1,第三種住宅區
萬華區,華中,3,309,2,第三種住宅區
萬華區,華中,3,309,3,第三之一種住宅區
萬華區,華中,3,309,4,第三之一種住宅區
萬華區,華中,3,309,5,第三之一種住宅區
萬華區,華中,3,309,6,第三種住宅區
萬華區,華中,3,309,7,第三種住宅區
萬華區,華中,3,309,8,第三種住宅區
萬華區,華中,3,309,9,第三種住宅區
萬華區,華中,3,310,0,道路用地(公共設施用地)
萬華區,華中,3,311,0,第三種住宅區
萬華區,華中,3,311,1,第三種住宅區
萬華區,華中,3,311,2,第三種住宅區
萬華區,華中,3,311,3,第三種住宅區
萬華區,華中,3,311,4,第三種住宅區
萬華區,華中,3,311,5,第三種住宅區
萬華區,華中,3,312,0,第三種住宅區
萬華區,華中,3,312,1,第三種住宅區
萬華區,華中,3,313,0,道路用地(公共設施用地)
萬華區,華中,3,314,0,第三種住宅區
萬華區,華中,3,316,0,第三種住宅區
萬華區,華中,3,317,0,第三種住宅區
萬華區,華中,3,318,0,第三種住宅區
萬華區,華中,3,319,0,第三種住宅區
萬華區,華中,3,320,0,第三種住宅區
萬華區,華中,3,321,0,第三種住宅區
萬華區,華中,3,322,0,第三種住宅區
萬華區,華中,3,325,0,第三種住宅區
萬華區,華中,3,325,1,第三種住宅區
萬華區,華中,3,325,2,第三種住宅區
萬華區,華中,3,325,3,第三種住宅區
萬華區,華中,3,325,4,第三種住宅區
萬華區,華中,3,325,5,第三種住宅區
萬華區,華中,3,326,0,第三種住宅區
萬華區,華中,3,327,0,第三種住宅區
萬華區,華中,3,329,0,第三種住宅區
萬華區,華中,3,330,0,第三種住宅區
萬華區,華中,3,331,0,第三種住宅區
萬華區,華中,3,332,0,第三種住宅區
萬華區,華中,3,337,0,第三種住宅區
萬華區,華中,3,338,1,道路用地(公共設施用地)
萬華區,華中,3,339,0,第三種住宅區
萬華區,華中,3,340,0,第三種住宅區
萬華區,華中,3,341,0,第三種住宅區
萬華區,華中,3,342,0,第三種住宅區
萬華區,華中,3,343,0,第三種住宅區
萬華區,華中,3,344,2,第三種住宅區
萬華區,華中,3,345,0,第三種住宅區
萬華區,華中,3,346,0,道路用地(公共設施用地)
萬華區,華中,3,346,1,道路用地(公共設施用地)
萬華區,華中,3,346,2,第三種住宅區
萬華區,華中,3,347,0,道路用地(公共設施用地)
萬華區,華中,3,348,0,道路用地(公共設施用地)
萬華區,華中,3,349,0,第三種住宅區
萬華區,華中,3,349,1,第三之一種住宅區
萬華區,華中,3,349,2,第三種住宅區
萬華區,華中,3,350,0,第三之一種住宅區
萬華區,華中,3,350,1,第三種住宅區
萬華區,華中,3,351,0,第三之一種住宅區
萬華區,華中,3,351,1,第三種住宅區
萬華區,華中,3,352,0,第三種住宅區
萬華區,華中,3,353,0,第三種住宅區
萬華區,華中,3,353,1,道路用地(公共設施用地)
萬華區,華中,3,354,0,第三之一種住宅區
萬華區,華中,3,354,1,第三種住宅區
萬華區,華中,3,355,0,第三之一種住宅區
萬華區,華中,3,355,1,第三種住宅區
萬華區,華中,3,356,0,第三之一種住宅區
萬華區,華中,3,356,1,第三種住宅區
萬華區,華中,3,357,0,第三之一種住宅區
萬華區,華中,3,357,1,第三種住宅區
萬華區,華中,3,358,0,第三之一種住宅區
萬華區,華中,3,358,1,第三種住宅區
萬華區,華中,3,359,0,第三之一種住宅區
萬華區,華中,3,359,1,第三種住宅區
萬華區,華中,3,360,0,第三之一種住宅區
萬華區,華中,3,361,0,第三之一種住宅區
萬華區,華中,3,362,0,第三之一種住宅區
萬華區,華中,3,362,1,第三之一種住宅區
萬華區,華中,3,362,2,第三之一種住宅區
萬華區,華中,3,362,3,第三之一種住宅區
萬華區,華中,3,362,4,第三之一種住宅區
萬華區,華中,3,363,0,第三之一種住宅區
萬華區,華中,3,364,0,第三之一種住宅區
萬華區,華中,3,365,0,第三之一種住宅區
萬華區,華中,3,365,1,第三之一種住宅區
萬華區,華中,3,366,0,第三之一種住宅區
萬華區,華中,3,367,0,第三之一種住宅區
萬華區,華中,3,373,0,第三之一種住宅區
萬華區,華中,3,374,0,第三之一種住宅區
萬華區,華中,3,375,0,第三之一種住宅區
萬華區,華中,3,375,1,第三種住宅區
萬華區,華中,3,376,0,第三之一種住宅區
萬華區,華中,3,376,1,第三種住宅區
萬華區,華中,3,377,0,第三之一種住宅區
萬華區,華中,3,377,1,第三種住宅區
萬華區,華中,3,378,0,第三之一種住宅區
萬華區,華中,3,378,1,第三種住宅區
萬華區,華中,3,379,0,第三之一種住宅區
萬華區,華中,3,379,1,第三種住宅區
萬華區,華中,3,380,0,第三種住宅區
萬華區,華中,3,381,0,第三種住宅區
萬華區,華中,3,382,1,道路用地(公共設施用地)
萬華區,華中,3,384,1,道路用地(公共設施用地)
萬華區,華中,3,385,0,道路用地(公共設施用地)
萬華區,華中,3,386,0,"第三種住宅區,但是否在道路用地(公共設施用地)(應依建築線或俟地籍測量分割後,再確定)"
萬華區,華中,3,387,0,第三種住宅區
萬華區,華中,3,388,0,第三之一種住宅區
萬華區,華中,3,388,1,第三種住宅區
萬華區,華中,3,389,0,第三之一種住宅區
萬華區,華中,3,390,0,第三之一種住宅區
萬華區,華中,3,390,1,第三種住宅區
萬華區,華中,3,393,0,第三之一種住宅區
萬華區,華中,3,394,0,郵政用地(公共設施用地)
萬華區,華中,3,395,0,第三之一種住宅區
萬華區,華中,3,396,0,第三之一種住宅區
萬華區,華中,3,397,0,第三之一種住宅區
萬華區,華中,3,398,0,第三之一種住宅區
萬華區,華中,3,399,0,第三之一種住宅區
萬華區,華中,3,400,0,道路用地(公共設施用地)
萬華區,華中,3,401,0,道路用地(公共設施用地)
萬華區,華中,3,402,0,道路用地(公共設施用地)
萬華區,華中,3,403,0,道路用地(公共設施用地)
萬華區,華中,3,404,0,第三之一種住宅區
萬華區,華中,3,405,0,第三之一種住宅區
萬華區,華中,3,405,1,第三種住宅區
萬華區,華中,3,406,0,第三之一種住宅區
萬華區,華中,3,406,1,第三種住宅區
萬華區,華中,3,407,0,第三之一種住宅區
萬華區,華中,3,408,0,第三之一種住宅區
萬華區,華中,3,409,0,第三之一種住宅區
萬華區,華中,3,409,1,第三種住宅區
萬華區,華中,3,410,0,第三之一種住宅區
萬華區,華中,3,410,1,第三種住宅區
萬華區,華中,3,411,0,第三之一種住宅區
萬華區,華中,3,412,0,第三之一種住宅區
萬華區,華中,3,413,0,第三之一種住宅區
萬華區,華中,3,413,1,第三種住宅區
萬華區,華中,3,414,0,第三之一種住宅區
萬華區,華中,3,414,1,第三種住宅區
萬華區,華中,3,415,0,第三之一種住宅區
萬華區,華中,3,416,0,道路用地(公共設施用地)
萬華區,華中,3,417,0,道路用地(公共設施用地)
萬華區,華中,3,418,0,道路用地(公共設施用地)
萬華區,華中,3,419,0,道路用地(公共設施用地)
萬華區,華中,3,420,0,道路用地(公共設施用地)
萬華區,華中,3,421,0,第三之一種住宅區
萬華區,華中,3,422,0,第三之一種住宅區
萬華區,華中,3,423,0,第三之一種住宅區
萬華區,華中,3,424,0,第三之一種住宅區
萬華區,華中,3,425,0,第三之一種住宅區
萬華區,華中,3,426,0,第三之一種住宅區
萬華區,華中,3,427,0,第三之一種住宅區
萬華區,華中,3,428,0,第三之一種住宅區
萬華區,華中,3,429,0,第三之一種住宅區
萬華區,華中,3,430,0,第三之一種住宅區
萬華區,華中,3,431,0,第三之一種住宅區
萬華區,華中,3,432,0,第三之一種住宅區
萬華區,華中,3,433,0,第三之一種住宅區
萬華區,華中,3,433,1,第三種住宅區
萬華區,華中,3,434,0,第三之一種住宅區
萬華區,華中,3,434,1,第三種住宅區
萬華區,華中,3,435,0,第三之一種住宅區
萬華區,華中,3,435,1,第三種住宅區
萬華區,華中,3,436,0,第三之一種住宅區
萬華區,華中,3,436,1,第三種住宅區
萬華區,華中,3,437,0,第三之一種住宅區
萬華區,華中,3,437,1,第三種住宅區
萬華區,華中,3,438,0,第三之一種住宅區
萬華區,華中,3,438,1,第三種住宅區
萬華區,華中,3,439,0,第三之一種住宅區
萬華區,華中,3,439,1,第三種住宅區
萬華區,華中,3,440,0,第三之一種住宅區
萬華區,華中,3,440,1,第三種住宅區
萬華區,華中,3,441,0,道路用地(公共設施用地)
萬華區,華中,3,442,0,道路用地(公共設施用地)
萬華區,華中,3,442,1,第三種住宅區
萬華區,華中,3,443,0,道路用地(公共設施用地)
萬華區,華中,3,444,0,道路用地(公共設施用地)
萬華區,華中,3,444,1,第三種住宅區
萬華區,華中,3,445,0,第三種住宅區
萬華區,華中,3,446,0,第三種住宅區
萬華區,華中,3,447,0,第三種住宅區
萬華區,華中,3,448,0,第三種住宅區
萬華區,華中,3,449,0,第三種住宅區
萬華區,華中,3,450,0,第三種住宅區
萬華區,華中,3,451,0,第三種住宅區
萬華區,華中,3,452,0,第三種住宅區
萬華區,華中,3,453,0,第三種住宅區
萬華區,華中,3,454,0,第三種住宅區
萬華區,華中,3,455,0,第三種住宅區
萬華區,華中,3,456,0,第三種住宅區
萬華區,華中,3,457,0,第三種住宅區
萬華區,華中,3,458,0,第三種住宅區
萬華區,華中,3,459,0,第三種住宅區
萬華區,華中,3,460,0,第三種住宅區
萬華區,華中,3,461,0,第三種住宅區
萬華區,華中,3,462,0,第三種住宅區
萬華區,華中,3,463,0,第三種住宅區
萬華區,華中,3,464,0,第三種住宅區
萬華區,華中,3,465,0,第三種住宅區
萬華區,華中,3,466,0,道路用地(公共設施用地)
萬華區,華中,3,467,0,"道路用地(公共設施用地)及第三種住宅區(應依建築線或俟地籍測量分割後,再確定)"
萬華區,華中,3,468,0,第三種住宅區
萬華區,華中,3,469,0,第三種住宅區
萬華區,華中,3,470,0,第三種住宅區
萬華區,華中,3,471,0,第三種住宅區
萬華區,華中,3,472,0,第三種住宅區
萬華區,華中,3,473,0,第三種住宅區
萬華區,華中,3,474,0,第三種住宅區
萬華區,華中,3,475,0,第三種住宅區
萬華區,華中,3,476,0,第三種住宅區
萬華區,華中,3,477,0,第三種住宅區
萬華區,華中,3,478,0,第三種住宅區
萬華區,華中,3,479,0,第三種住宅區
萬華區,華中,3,480,0,第三種住宅區
萬華區,華中,3,481,0,第三種住宅區
萬華區,華中,3,482,0,第三種住宅區
萬華區,華中,3,483,0,第三種住宅區
萬華區,華中,3,484,0,第三種住宅區
萬華區,華中,3,485,0,道路用地(公共設施用地)
萬華區,華中,3,485,1,第三種住宅區
萬華區,華中,3,486,0,道路用地(公共設施用地)
萬華區,華中,3,487,0,道路用地(公共設施用地)
萬華區,華中,3,488,0,第三種住宅區
萬華區,華中,3,489,0,第三種住宅區
萬華區,華中,3,490,0,第三種住宅區
萬華區,華中,3,491,0,第三種住宅區
萬華區,華中,3,492,0,第三種住宅區
萬華區,華中,3,493,0,第三種住宅區
萬華區,華中,3,494,0,第三種住宅區
萬華區,華中,3,495,0,第三種住宅區
萬華區,華中,3,496,0,第三種住宅區
萬華區,華中,3,497,0,第三種住宅區
萬華區,華中,3,498,0,第三種住宅區
萬華區,華中,3,499,0,第三種住宅區
萬華區,華中,3,500,0,第三種住宅區
萬華區,華中,3,501,0,"道路用地(公共設施用地),但是否在第三種住宅區(應依建築線或俟地籍測量分割後,再確定)"
萬華區,華中,3,502,0,"道路用地(公共設施用地),但是否在第三種住宅區(應依建築線或俟地籍測量分割後,再確定)"
萬華區,華中,3,503,0,第三種住宅區
萬華區,華中,3,504,0,第三種住宅區
萬華區,華中,3,505,0,第三種住宅區
萬華區,華中,3,506,0,第三種住宅區
萬華區,華中,3,507,0,第三種住宅區
萬華區,華中,3,508,0,第三種住宅區
萬華區,華中,3,509,0,第三種住宅區及道路用地(公共設施用地)
萬華區,華中,3,510,0,第三種住宅區及道路用地(公共設施用地)
萬華區,華中,3,511,0,第三種住宅區
萬華區,華中,3,512,0,第三種住宅區
萬華區,華中,3,513,0,道路用地(公共設施用地)
萬華區,華中,3,514,0,第三種住宅區
萬華區,華中,3,515,0,第三種住宅區
萬華區,華中,3,516,0,第三種住宅區
萬華區,華中,3,517,0,第三種住宅區
萬華區,華中,3,518,0,第三種住宅區
萬華區,華中,3,519,0,第三種住宅區
萬華區,華中,3,520,0,第三種住宅區
萬華區,華中,3,521,0,第三種住宅區
萬華區,華中,3,522,0,第三種住宅區
萬華區,華中,3,523,0,第三種住宅區
萬華區,華中,3,524,0,第三種住宅區
萬華區,華中,3,525,0,"道路用地(公共設施用地),但是否在第三種住宅區(應依建築線或俟地籍測量分割後,再確定)"
萬華區,華中,3,526,0,第三種住宅區
萬華區,華中,3,527,0,第三種住宅區
萬華區,華中,3,528,0,第三種住宅區
萬華區,華中,3,529,0,第三種住宅區
萬華區,華中,3,530,0,第三種住宅區及道路用地(公共設施用地)
萬華區,華中,3,531,0,"道路用地(公共設施用地),但是否在第三種住宅區(應依建築線或俟地籍測量分割後,再確定)"
萬華區,華中,3,532,0,第三種住宅區及道路用地(公共設施用地)
萬華區,華中,3,533,0,第三種住宅區
萬華區,華中,3,534,0,第三種住宅區
萬華區,華中,3,535,0,第三種住宅區
萬華區,華中,3,536,0,第三種住宅區
萬華區,華中,3,537,0,第三種住宅區
萬華區,華中,3,538,0,第三種住宅區
萬華區,華中,3,539,0,第三種住宅區
萬華區,華中,3,540,0,第三種住宅區
萬華區,華中,3,541,0,第三種住宅區
萬華區,華中,3,542,0,第三種住宅區
萬華區,華中,3,543,0,第三種住宅區
萬華區,華中,3,544,0,第三種住宅區
萬華區,華中,3,545,0,第三種住宅區
萬華區,華中,3,546,0,第三種住宅區
萬華區,華中,3,547,0,第三種住宅區
萬華區,華中,3,548,0,第三種住宅區
萬華區,華中,3,549,0,第三種住宅區
萬華區,華中,3,550,0,"道路用地(公共設施用地),但是否在第三種住宅區(特)(遷)(應依建築線或俟地籍測量分割後,再確定)"
萬華區,華中,3,550,1,第三種住宅區(特)(遷)
萬華區,華中,3,551,0,第三種住宅區(特)(遷)
萬華區,華中,3,551,1,第三種住宅區(特)(遷)
萬華區,華中,3,551,8,第三種住宅區(特)(遷)
萬華區,華中,3,551,9,第三種住宅區(特)(遷)
萬華區,華中,3,551,11,第三種住宅區(特)(遷)
萬華區,華中,3,551,12,第三種住宅區(特)(遷)
萬華區,華中,3,551,15,第三種住宅區(特)(遷)
萬華區,華中,3,551,16,第三種住宅區(特)(遷)
萬華區,華中,3,551,19,第三種住宅區(特)(遷)
萬華區,華中,3,551,20,第三種住宅區(特)(遷)
萬華區,華中,3,551,21,第三種住宅區(特)(遷)
萬華區,華中,3,551,22,第三種住宅區(特)(遷)
萬華區,華中,3,551,23,第三種住宅區(特)(遷)
萬華區,華中,3,551,24,第三種住宅區(特)(遷)
萬華區,華中,3,551,25,第三種住宅區(特)(遷)
萬華區,華中,3,551,26,第三種住宅區(特)(遷)
萬華區,華中,3,551,27,第三種住宅區(特)(遷)
萬華區,華中,3,551,28,第三種住宅區(特)(遷)
萬華區,華中,3,551,29,第三種住宅區(特)(遷)
萬華區,華中,3,551,30,第三種住宅區(特)(遷)
萬華區,華中,3,551,31,第三種住宅區(特)(遷)
萬華區,華中,3,551,32,第三種住宅區(特)(遷)
萬華區,華中,3,551,33,第三種住宅區(特)(遷)
萬華區,華中,3,551,34,第三種住宅區(特)(遷)
萬華區,華中,3,551,35,第三種住宅區(特)(遷)
萬華區,華中,3,551,36,第三種住宅區(特)(遷)
萬華區,華中,3,551,37,第三種住宅區(特)(遷)
萬華區,華中,3,551,38,第三種住宅區(特)(遷)
萬華區,華中,3,551,39,第三種住宅區(特)(遷)
萬華區,華中,3,551,40,第三種住宅區(特)(遷)
萬華區,華中,3,551,41,第三種住宅區(特)(遷)
萬華區,華中,3,551,42,第三種住宅區(特)(遷)
萬華區,華中,3,551,43,第三種住宅區(特)(遷)
萬華區,華中,3,551,44,第三種住宅區(特)(遷)
萬華區,華中,3,551,45,第三種住宅區(特)(遷)
萬華區,華中,3,551,46,第三種住宅區(特)(遷)
萬華區,華中,3,551,47,第三種住宅區(特)(遷)
萬華區,華中,3,551,48,第三種住宅區(特)(遷)
萬華區,華中,3,551,49,第三種住宅區(特)(遷)
萬華區,華中,3,551,50,第三種住宅區(特)(遷)
萬華區,華中,3,551,51,第三種住宅區(特)(遷)
萬華區,華中,3,551,52,第三種住宅區(特)(遷)
萬華區,華中,3,551,53,第三種住宅區(特)(遷)
萬華區,華中,3,551,54,第三種住宅區(特)(遷)
萬華區,華中,3,551,55,第三種住宅區(特)(遷)
萬華區,華中,3,551,56,第三種住宅區(特)(遷)
萬華區,華中,3,551,57,第三種住宅區(特)(遷)
萬華區,華中,3,551,58,第三種住宅區(特)(遷)
萬華區,華中,3,551,59,第三種住宅區(特)(遷)
萬華區,華中,3,551,60,第三種住宅區(特)(遷)
萬華區,華中,3,551,61,第三種住宅區(特)(遷)
萬華區,華中,3,551,62,第三種住宅區(特)(遷)
萬華區,華中,3,551,63,第三種住宅區(特)(遷)
萬華區,華中,3,551,64,第三種住宅區(特)(遷)
萬華區,華中,3,551,65,第三種住宅區(特)(遷)
萬華區,華中,3,551,66,第三種住宅區(特)(遷)
萬華區,華中,3,551,67,第三種住宅區(特)(遷)
萬華區,華中,3,551,68,第三種住宅區(特)(遷)
萬華區,華中,3,551,69,第三種住宅區(特)(遷)
萬華區,華中,3,551,70,第三種住宅區(特)(遷)
萬華區,華中,3,551,71,第三種住宅區(特)(遷)
萬華區,華中,3,551,72,第三種住宅區(特)(遷)
萬華區,華中,3,551,73,第三種住宅區(特)(遷)
萬華區,華中,3,551,74,第三種住宅區(特)(遷)
萬華區,華中,3,551,75,第三種住宅區(特)(遷)
萬華區,華中,3,551,76,第三種住宅區(特)(遷)
萬華區,華中,3,551,77,第三種住宅區(特)(遷)
萬華區,華中,3,551,78,第三種住宅區(特)(遷)
萬華區,華中,3,551,79,第三種住宅區(特)(遷)
萬華區,華中,3,551,80,第三種住宅區(特)(遷)
萬華區,華中,3,551,81,第三種住宅區(特)(遷)
萬華區,華中,3,551,82,第三種住宅區(特)(遷)
萬華區,華中,3,551,83,第三種住宅區(特)(遷)
萬華區,華中,3,551,84,第三種住宅區(特)(遷)
萬華區,華中,3,551,85,第三種住宅區(特)(遷)
萬華區,華中,3,551,86,第三種住宅區(特)(遷)
萬華區,華中,3,551,87,第三種住宅區(特)(遷)
萬華區,華中,3,551,88,第三種住宅區(特)(遷)
萬華區,華中,3,551,89,第三種住宅區(特)(遷)
萬華區,華中,3,551,90,第三種住宅區(特)(遷)
萬華區,華中,3,551,91,第三種住宅區(特)(遷)
萬華區,華中,3,551,92,第三種住宅區(特)(遷)
萬華區,華中,3,551,93,第三種住宅區(特)(遷)
萬華區,華中,3,551,94,第三種住宅區(特)(遷)
萬華區,華中,3,551,95,第三種住宅區(特)(遷)
萬華區,華中,3,551,96,第三種住宅區(特)(遷)
萬華區,華中,3,551,97,第三種住宅區(特)(遷)
萬華區,華中,3,551,98,第三種住宅區(特)(遷)
萬華區,華中,3,551,99,第三種住宅區(特)(遷)
萬華區,華中,3,551,100,第三種住宅區(特)(遷)
萬華區,華中,3,551,101,第三種住宅區(特)(遷)
萬華區,華中,3,551,102,第三種住宅區(特)(遷)
萬華區,華中,3,551,103,第三種住宅區(特)(遷)
萬華區,華中,3,551,104,第三種住宅區(特)(遷)
萬華區,華中,3,551,105,第三種住宅區(特)(遷)
萬華區,華中,3,551,106,第三種住宅區(特)(遷)
萬華區,華中,3,551,107,第三種住宅區(特)(遷)
萬華區,華中,3,551,108,第三種住宅區(特)(遷)
萬華區,華中,3,551,109,第三種住宅區(特)(遷)
萬華區,華中,3,551,110,第三種住宅區(特)(遷)
萬華區,華中,3,551,111,第三種住宅區(特)(遷)
萬華區,華中,3,551,112,第三種住宅區(特)(遷)
萬華區,華中,3,551,113,第三種住宅區(特)(遷)
萬華區,華中,3,551,114,第三種住宅區(特)(遷)
萬華區,華中,3,551,115,第三種住宅區(特)(遷)
萬華區,華中,3,551,118,第三種住宅區(特)(遷)
萬華區,華中,3,552,0,第三種住宅區(特)(遷)
萬華區,華中,3,553,0,第三種住宅區(特)(遷)
萬華區,華中,3,553,1,第三種住宅區(特)(遷)
萬華區,華中,3,553,2,第三種住宅區(特)(遷)
萬華區,華中,3,553,3,第三種住宅區(特)(遷)
萬華區,華中,3,553,4,第三種住宅區(特)(遷)
萬華區,華中,3,553,5,第三種住宅區(特)(遷)
萬華區,華中,3,553,6,第三種住宅區(特)(遷)
萬華區,華中,3,553,7,第三種住宅區(特)(遷)
萬華區,華中,3,553,8,第三種住宅區(特)(遷)
萬華區,華中,3,553,9,第三種住宅區(特)(遷)
萬華區,華中,3,553,10,第三種住宅區(特)(遷)
萬華區,華中,3,553,11,第三種住宅區(特)(遷)
萬華區,華中,3,553,12,第三種住宅區(特)(遷)
萬華區,華中,3,553,13,第三種住宅區(特)(遷)
萬華區,華中,3,553,14,第三種住宅區(特)(遷)
萬華區,華中,3,553,15,第三種住宅區(特)(遷)
萬華區,華中,3,553,16,第三種住宅區(特)(遷)
萬華區,華中,3,553,17,第三種住宅區(特)(遷)
萬華區,華中,3,553,18,第三種住宅區(特)(遷)
萬華區,華中,3,553,19,第三種住宅區(特)(遷)
萬華區,華中,3,553,20,第三種住宅區(特)(遷)
萬華區,華中,3,553,21,第三種住宅區(特)(遷)
萬華區,華中,3,553,22,第三種住宅區(特)(遷)
萬華區,華中,3,553,23,第三種住宅區(特)(遷)
萬華區,華中,3,553,24,第三種住宅區(特)(遷)
萬華區,華中,3,553,25,第三種住宅區(特)(遷)
萬華區,華中,3,553,26,第三種住宅區(特)(遷)
萬華區,華中,3,553,27,第三種住宅區(特)(遷)
萬華區,華中,3,553,28,第三種住宅區(特)(遷)
萬華區,華中,3,553,29,第三種住宅區(特)(遷)
萬華區,華中,3,553,30,第三種住宅區(特)(遷)
萬華區,華中,3,553,31,第三種住宅區(特)(遷)
萬華區,華中,3,553,32,第三種住宅區(特)(遷)
萬華區,華中,3,553,33,第三種住宅區(特)(遷)
萬華區,華中,3,553,34,第三種住宅區(特)(遷)
萬華區,華中,3,553,35,第三種住宅區(特)(遷)
萬華區,華中,3,553,36,第三種住宅區(特)(遷)
萬華區,華中,3,553,37,第三種住宅區(特)(遷)
萬華區,華中,3,553,38,第三種住宅區(特)(遷)
萬華區,華中,3,553,39,第三種住宅區(特)(遷)
萬華區,華中,3,553,40,第三種住宅區(特)(遷)
萬華區,華中,3,553,41,第三種住宅區(特)(遷)
萬華區,華中,3,553,42,第三種住宅區(特)(遷)
萬華區,華中,3,553,43,第三種住宅區(特)(遷)
萬華區,華中,3,553,44,第三種住宅區(特)(遷)
萬華區,華中,3,553,45,第三種住宅區(特)(遷)
萬華區,華中,3,553,46,第三種住宅區(特)(遷)
萬華區,華中,3,553,47,第三種住宅區(特)(遷)
萬華區,華中,3,553,48,第三種住宅區(特)(遷)
萬華區,華中,3,553,49,第三種住宅區(特)(遷)
萬華區,華中,3,553,50,第三種住宅區(特)(遷)
萬華區,華中,3,553,51,第三種住宅區(特)(遷)
萬華區,華中,3,553,52,第三種住宅區(特)(遷)
萬華區,華中,3,553,53,第三種住宅區(特)(遷)
萬華區,華中,3,553,54,第三種住宅區(特)(遷)
萬華區,華中,3,553,55,第三種住宅區(特)(遷)
萬華區,華中,3,553,56,第三種住宅區(特)(遷)
萬華區,華中,3,553,57,第三種住宅區(特)(遷)
萬華區,華中,3,553,58,第三種住宅區(特)(遷)
萬華區,華中,3,553,59,第三種住宅區(特)(遷)
萬華區,華中,3,553,60,第三種住宅區(特)(遷)
萬華區,華中,3,553,61,第三種住宅區(特)(遷)
萬華區,華中,3,553,62,第三種住宅區(特)(遷)
萬華區,華中,3,553,63,第三種住宅區(特)(遷)
萬華區,華中,3,553,64,道路用地(公共設施用地)
萬華區,華中,3,553,65,第三種住宅區(特)(遷)
萬華區,華中,3,554,0,第三種住宅區(特)(遷)
萬華區,華中,3,554,1,第三種住宅區(特)(遷)
萬華區,華中,3,554,2,第三種住宅區(特)(遷)
萬華區,華中,3,554,3,第三種住宅區(特)(遷)
萬華區,華中,3,554,4,第三種住宅區(特)(遷)
萬華區,華中,3,554,5,第三種住宅區(特)(遷)
萬華區,華中,3,554,6,第三種住宅區(特)(遷)
萬華區,華中,3,554,7,第三種住宅區(特)(遷)
萬華區,華中,3,554,8,第三種住宅區(特)(遷)
萬華區,華中,3,554,9,第三種住宅區(特)(遷)
萬華區,華中,3,554,10,第三種住宅區(特)(遷)
萬華區,華中,3,554,11,第三種住宅區(特)(遷)
萬華區,華中,3,554,12,第三種住宅區(特)(遷)
萬華區,華中,3,554,13,第三種住宅區(特)(遷)
萬華區,華中,3,554,14,第三種住宅區(特)(遷)
萬華區,華中,3,554,15,第三種住宅區(特)(遷)
萬華區,華中,3,554,16,第三種住宅區(特)(遷)
萬華區,華中,3,554,17,"第三種住宅區(特)(遷),但是否在道路用地(公共設施用地)(應依建築線或俟地籍測量分割後,再確定)"
萬華區,華中,3,554,18,第三種住宅區(特)(遷)
萬華區,華中,3,554,19,第三種住宅區(特)(遷)
萬華區,華中,3,554,20,第三種住宅區(特)(遷)
萬華區,華中,3,554,21,第三種住宅區(特)(遷)
萬華區,華中,3,554,22,第三種住宅區(特)(遷)
萬華區,華中,3,554,23,第三種住宅區(特)(遷)
萬華區,華中,3,554,24,第三種住宅區(特)(遷)
萬華區,華中,3,554,25,第三種住宅區(特)(遷)
萬華區,華中,3,554,26,第三種住宅區(特)(遷)
萬華區,華中,3,554,27,第三種住宅區(特)(遷)
萬華區,華中,3,554,28,第三種住宅區(特)(遷)
萬華區,華中,3,554,29,第三種住宅區(特)(遷)
萬華區,華中,3,554,30,第三種住宅區(特)(遷)
萬華區,華中,3,554,31,第三種住宅區(特)(遷)
萬華區,華中,3,554,32,第三種住宅區(特)(遷)
萬華區,華中,3,554,33,第三種住宅區(特)(遷)
萬華區,華中,3,554,34,第三種住宅區(特)(遷)
萬華區,華中,3,554,35,第三種住宅區(特)(遷)
萬華區,華中,3,554,36,第三種住宅區(特)(遷)
萬華區,華中,3,554,37,第三種住宅區(特)(遷)
萬華區,華中,3,554,38,第三種住宅區(特)(遷)
萬華區,華中,3,554,39,第三種住宅區(特)(遷)
萬華區,華中,3,554,40,第三種住宅區(特)(遷)
萬華區,華中,3,554,41,第三種住宅區(特)(遷)
萬華區,華中,3,554,42,第三種住宅區(特)(遷)
萬華區,華中,3,554,43,第三種住宅區(特)(遷)
萬華區,華中,3,554,44,第三種住宅區(特)(遷)
萬華區,華中,3,554,45,第三種住宅區(特)(遷)
萬華區,華中,3,554,46,第三種住宅區(特)(遷)
萬華區,華中,3,554,47,第三種住宅區(特)(遷)
萬華區,華中,3,554,48,第三種住宅區(特)(遷)
萬華區,華中,3,554,49,第三種住宅區(特)(遷)
萬華區,華中,3,554,50,第三種住宅區(特)(遷)
萬華區,華中,3,554,51,第三種住宅區(特)(遷)
萬華區,華中,3,554,52,第三種住宅區(特)(遷)
萬華區,華中,3,554,53,第三種住宅區(特)(遷)
萬華區,華中,3,554,54,"第三種住宅區(特)(遷),但是否在道路用地(公共設施用地)(應依建築線或俟地籍測量分割後,再確定)"
萬華區,華中,3,554,55,第三種住宅區(特)(遷)
萬華區,華中,3,554,56,第三種住宅區(特)(遷)
萬華區,華中,3,554,57,第三種住宅區(特)(遷)
萬華區,華中,3,554,58,第三種住宅區(特)(遷)
萬華區,華中,3,554,59,第三種住宅區(特)(遷)
萬華區,華中,3,554,60,第三種住宅區(特)(遷)
萬華區,華中,3,554,61,第三種住宅區(特)(遷)
萬華區,華中,3,554,62,第三種住宅區(特)(遷)
萬華區,華中,3,554,63,第三種住宅區(特)(遷)
萬華區,華中,3,554,64,第三種住宅區(特)(遷)
萬華區,華中,3,554,65,第三種住宅區(特)(遷)
萬華區,華中,3,554,66,第三種住宅區(特)(遷)
萬華區,華中,3,554,67,第三種住宅區(特)(遷)
萬華區,華中,3,554,68,第三種住宅區(特)(遷)
萬華區,華中,3,554,69,第三種住宅區(特)(遷)
萬華區,華中,3,554,70,第三種住宅區(特)(遷)
萬華區,華中,3,554,71,第三種住宅區(特)(遷)
萬華區,華中,3,555,0,"道路用地(公共設施用地),但是否在第三種住宅區(特)(遷)(應依建築線或俟地籍測量分割後,再確定)"
萬華區,華中,3,556,0,第三種住宅區及道路用地(公共設施用地)
萬華區,華中,3,557,0,道路用地(公共設施用地)
萬華區,華中,3,558,0,第三種住宅區(特)(遷)
萬華區,華中,3,558,1,第三種住宅區(特)(遷)
萬華區,華中,3,558,2,第三種住宅區(特)(遷)
萬華區,華中,3,558,3,第三種住宅區(特)(遷)
萬華區,華中,3,558,4,第三種住宅區(特)(遷)
萬華區,華中,3,558,5,第三種住宅區(特)(遷)
萬華區,華中,3,558,6,第三種住宅區(特)(遷)
萬華區,華中,3,558,7,第三種住宅區(特)(遷)
萬華區,華中,3,558,8,第三種住宅區(特)(遷)
萬華區,華中,3,558,9,第三種住宅區(特)(遷)
萬華區,華中,3,558,10,第三種住宅區(特)(遷)
萬華區,華中,3,558,11,第三種住宅區(特)(遷)
萬華區,華中,3,558,12,第三種住宅區(特)(遷)
萬華區,華中,3,558,13,第三種住宅區(特)(遷)
萬華區,華中,3,558,14,第三種住宅區(特)(遷)
萬華區,華中,3,558,15,第三種住宅區(特)(遷)
萬華區,華中,3,558,16,第三種住宅區(特)(遷)
萬華區,華中,3,558,17,第三種住宅區(特)(遷)
萬華區,華中,3,558,18,第三種住宅區(特)(遷)
萬華區,華中,3,558,19,第三種住宅區(特)(遷)
萬華區,華中,3,558,20,第三種住宅區(特)(遷)
萬華區,華中,3,558,21,第三種住宅區(特)(遷)
萬華區,華中,3,558,22,第三種住宅區(特)(遷)
萬華區,華中,3,558,23,第三種住宅區(特)(遷)
萬華區,華中,3,558,24,第三種住宅區(特)(遷)
萬華區,華中,3,558,25,第三種住宅區(特)(遷)
萬華區,華中,3,558,26,第三種住宅區(特)(遷)
萬華區,華中,3,558,27,第三種住宅區(特)(遷)
萬華區,華中,3,558,28,第三種住宅區(特)(遷)
萬華區,華中,3,558,29,第三種住宅區(特)(遷)
萬華區,華中,3,558,30,第三種住宅區(特)(遷)
萬華區,華中,3,558,31,第三種住宅區(特)(遷)
萬華區,華中,3,558,32,第三種住宅區(特)(遷)
萬華區,華中,3,558,33,第三種住宅區(特)(遷)
萬華區,華中,3,558,34,第三種住宅區(特)(遷)
萬華區,華中,3,558,35,第三種住宅區(特)(遷)
萬華區,華中,3,558,36,第三種住宅區(特)(遷)
萬華區,華中,3,558,37,第三種住宅區(特)(遷)
萬華區,華中,3,558,38,第三種住宅區(特)(遷)
萬華區,華中,3,558,39,第三種住宅區(特)(遷)
萬華區,華中,3,558,40,第三種住宅區(特)(遷)
萬華區,華中,3,558,41,第三種住宅區(特)(遷)
萬華區,華中,3,558,42,第三種住宅區(特)(遷)
萬華區,華中,3,558,43,第三種住宅區(特)(遷)
萬華區,華中,3,558,44,第三種住宅區(特)(遷)
萬華區,華中,3,558,45,第三種住宅區(特)(遷)
萬華區,華中,3,558,46,第三種住宅區(特)(遷)
萬華區,華中,3,558,47,第三種住宅區(特)(遷)
萬華區,華中,3,558,48,第三種住宅區(特)(遷)
萬華區,華中,3,558,49,第三種住宅區(特)(遷)
萬華區,華中,3,558,50,第三種住宅區(特)(遷)
萬華區,華中,3,558,51,第三種住宅區(特)(遷)
萬華區,華中,3,558,52,第三種住宅區(特)(遷)
萬華區,華中,3,558,53,第三種住宅區(特)(遷)
萬華區,華中,3,558,54,第三種住宅區(特)(遷)
萬華區,華中,3,558,55,第三種住宅區(特)(遷)
萬華區,華中,3,558,56,第三種住宅區(特)(遷)
萬華區,華中,3,558,57,第三種住宅區(特)(遷)
萬華區,華中,3,558,58,第三種住宅區(特)(遷)
萬華區,華中,3,558,59,第三種住宅區(特)(遷)
萬華區,華中,3,558,60,第三種住宅區(特)(遷)
萬華區,華中,3,558,62,第三種住宅區(特)(遷)
萬華區,華中,3,558,63,第三種住宅區(特)(遷)
萬華區,華中,3,558,64,第三種住宅區(特)(遷)
萬華區,華中,3,558,65,第三種住宅區(特)(遷)
萬華區,華中,3,558,66,第三種住宅區(特)(遷)
萬華區,華中,3,558,67,第三種住宅區(特)(遷)
萬華區,華中,3,558,68,第三種住宅區(特)(遷)
萬華區,華中,3,558,69,第三種住宅區(特)(遷)
萬華區,華中,3,558,70,第三種住宅區(特)(遷)
萬華區,華中,3,558,71,第三種住宅區(特)(遷)
萬華區,華中,3,558,72,第三種住宅區(特)(遷)
萬華區,華中,3,558,73,第三種住宅區(特)(遷)
萬華區,華中,3,558,74,第三種住宅區(特)(遷)
萬華區,華中,3,558,75,第三種住宅區(特)(遷)
萬華區,華中,3,558,76,第三種住宅區(特)(遷)
萬華區,華中,3,558,77,第三種住宅區(特)(遷)
萬華區,華中,3,558,78,第三種住宅區(特)(遷)
萬華區,華中,3,558,79,第三種住宅區(特)(遷)
萬華區,華中,3,558,80,第三種住宅區(特)(遷)
萬華區,華中,3,558,81,第三種住宅區(特)(遷)
萬華區,華中,3,558,82,第三種住宅區(特)(遷)
萬華區,華中,3,558,83,第三種住宅區(特)(遷)
萬華區,華中,3,558,84,第三種住宅區(特)(遷)
萬華區,華中,3,558,85,第三種住宅區(特)(遷)
萬華區,華中,3,558,86,第三種住宅區(特)(遷)
萬華區,華中,3,558,87,第三種住宅區(特)(遷)
萬華區,華中,3,558,88,第三種住宅區(特)(遷)
萬華區,華中,3,558,89,第三種住宅區(特)(遷)
萬華區,華中,3,558,90,第三種住宅區(特)(遷)
萬華區,華中,3,558,91,第三種住宅區(特)(遷)
萬華區,華中,3,558,92,第三種住宅區(特)(遷)
萬華區,華中,3,558,93,第三種住宅區(特)(遷)
萬華區,華中,3,558,94,"第三種住宅區(特)(遷),但是否在道路用地(公共設施用地)(應依建築線或俟地籍測量分割後,再確定)"
萬華區,華中,3,559,0,第三種住宅區(特)(遷)
萬華區,華中,3,561,0,道路用地(公共設施用地)
萬華區,華中,3,564,0,"道路用地(公共設施用地),但是否在第三種住宅區(特)(遷)(應依建築線或俟地籍測量分割後,再確定)"
萬華區,華中,3,567,0,第三種住宅區(特)(遷)
萬華區,華中,3,569,0,道路用地(公共設施用地)
萬華區,華中,3,570,0,道路用地(公共設施用地)
萬華區,華中,3,571,0,道路用地(公共設施用地)
萬華區,華中,3,573,0,道路用地(公共設施用地)
萬華區,華中,3,573,1,第三種住宅區(特)(遷)
萬華區,華中,3,574,1,第三種住宅區(特)(遷)
萬華區,華中,3,574,2,第三種住宅區(特)(遷)
萬華區,華中,3,574,3,第三種住宅區(特)(遷)
萬華區,華中,3,574,4,第三種住宅區(特)(遷)
萬華區,華中,3,574,5,第三種住宅區(特)(遷)
萬華區,華中,3,574,6,第三種住宅區(特)(遷)
萬華區,華中,3,574,7,第三種住宅區(特)(遷)
萬華區,華中,3,574,8,第三種住宅區(特)(遷)
萬華區,華中,3,574,9,第三種住宅區(特)(遷)
萬華區,華中,3,574,10,第三種住宅區(特)(遷)
萬華區,華中,3,574,12,第三種住宅區(特)(遷)
萬華區,華中,3,574,13,第三種住宅區(特)(遷)
萬華區,華中,3,574,14,第三種住宅區(特)(遷)
萬華區,華中,3,574,15,第三種住宅區(特)(遷)
萬華區,華中,3,574,16,第三種住宅區(特)(遷)
萬華區,華中,3,574,17,第三種住宅區(特)(遷)
萬華區,華中,3,574,18,第三種住宅區(特)(遷)
萬華區,華中,3,574,19,第三種住宅區(特)(遷)
萬華區,華中,3,574,20,第三種住宅區(特)(遷)
萬華區,華中,3,574,21,第三種住宅區(特)(遷)
萬華區,華中,3,574,22,第三種住宅區(特)(遷)
萬華區,華中,3,574,23,第三種住宅區(特)(遷)
萬華區,華中,3,574,24,第三種住宅區(特)(遷)
萬華區,華中,3,574,25,第三種住宅區(特)(遷)
萬華區,華中,3,574,26,第三種住宅區(特)(遷)
萬華區,華中,3,574,27,第三種住宅區(特)(遷)
萬華區,華中,3,574,28,第三種住宅區(特)(遷)
萬華區,華中,3,574,29,第三種住宅區(特)(遷)
萬華區,華中,3,574,30,第三種住宅區(特)(遷)
萬華區,華中,3,574,31,第三種住宅區(特)(遷)
萬華區,華中,3,574,32,第三種住宅區(特)(遷)
萬華區,華中,3,574,33,第三種住宅區(特)(遷)
萬華區,華中,3,574,34,第三種住宅區(特)(遷)
萬華區,華中,3,574,35,第三種住宅區(特)(遷)
萬華區,華中,3,574,36,第三種住宅區(特)(遷)
萬華區,華中,3,574,37,第三種住宅區(特)(遷)
萬華區,華中,3,574,38,第三種住宅區(特)(遷)
萬華區,華中,3,574,39,第三種住宅區(特)(遷)
萬華區,華中,3,574,40,第三種住宅區(特)(遷)
萬華區,華中,3,574,41,第三種住宅區(特)(遷)
萬華區,華中,3,574,42,第三種住宅區(特)(遷)
萬華區,華中,3,574,43,第三種住宅區(特)(遷)
萬華區,華中,3,574,44,第三種住宅區(特)(遷)
萬華區,華中,3,574,45,第三種住宅區(特)(遷)
萬華區,華中,3,574,46,第三種住宅區(特)(遷)
萬華區,華中,3,574,47,第三種住宅區(特)(遷)
萬華區,華中,3,574,48,第三種住宅區(特)(遷)
萬華區,華中,3,574,49,第三種住宅區(特)(遷)
萬華區,華中,3,574,50,第三種住宅區(特)(遷)
萬華區,華中,3,574,51,第三種住宅區(特)(遷)
萬華區,華中,3,574,52,第三種住宅區(特)(遷)
萬華區,華中,3,574,53,第三種住宅區(特)(遷)
萬華區,華中,3,574,54,第三種住宅區(特)(遷)
萬華區,華中,3,574,55,第三種住宅區(特)(遷)
萬華區,華中,3,574,56,第三種住宅區(特)(遷)
萬華區,華中,3,574,57,第三種住宅區(特)(遷)
萬華區,華中,3,574,58,第三種住宅區(特)(遷)
萬華區,華中,3,574,59,第三種住宅區(特)(遷)
萬華區,華中,3,574,60,第三種住宅區(特)(遷)
萬華區,華中,3,574,61,第三種住宅區(特)(遷)
萬華區,華中,3,574,62,第三種住宅區(特)(遷)
萬華區,華中,3,574,63,第三種住宅區(特)(遷)
萬華區,華中,3,574,64,第三種住宅區(特)(遷)
萬華區,華中,3,574,65,第三種住宅區(特)(遷)
萬華區,華中,3,574,66,第三種住宅區(特)(遷)
萬華區,華中,3,574,67,第三種住宅區(特)(遷)
萬華區,華中,3,574,68,第三種住宅區(特)(遷)
萬華區,華中,3,574,69,第三種住宅區(特)(遷)
萬華區,華中,3,574,70,第三種住宅區(特)(遷)
萬華區,華中,3,574,73,第三種住宅區(特)(遷)
萬華區,華中,3,574,74,第三種住宅區(特)(遷)
萬華區,華中,3,574,76,第三種住宅區(特)(遷)
萬華區,華中,3,574,77,第三種住宅區(特)(遷)
萬華區,華中,3,574,78,第三種住宅區(特)(遷)
萬華區,華中,3,574,79,第三種住宅區(特)(遷)
萬華區,華中,3,574,80,第三種住宅區(特)(遷)
萬華區,華中,3,574,81,第三種住宅區(特)(遷)
萬華區,華中,3,574,82,第三種住宅區(特)(遷)
萬華區,華中,3,574,86,第三種住宅區(特)(遷)
萬華區,華中,3,574,89,第三種住宅區(特)(遷)
萬華區,華中,3,574,91,第三種住宅區(特)(遷)
萬華區,華中,3,574,92,第三種住宅區(特)(遷)
萬華區,華中,3,574,93,第三種住宅區(特)(遷)
萬華區,華中,3,574,94,第三種住宅區(特)(遷)
萬華區,華中,3,574,95,第三種住宅區(特)(遷)
萬華區,華中,3,574,96,第三種住宅區(特)(遷)
萬華區,華中,3,574,97,第三種住宅區(特)(遷)
萬華區,華中,3,574,98,第三種住宅區(特)(遷)
萬華區,華中,3,574,99,第三種住宅區(特)(遷)
萬華區,華中,3,574,100,第三種住宅區(特)(遷)
萬華區,華中,3,574,101,第三種住宅區(特)(遷)
萬華區,華中,3,574,103,第三種住宅區(特)(遷)
萬華區,華中,3,574,104,第三種住宅區(特)(遷)
萬華區,華中,3,574,105,第三種住宅區(特)(遷)
萬華區,華中,3,574,106,第三種住宅區(特)(遷)
萬華區,華中,3,574,107,第三種住宅區(特)(遷)
萬華區,華中,3,574,108,第三種住宅區(特)(遷)
萬華區,華中,3,574,109,第三種住宅區(特)(遷)
萬華區,華中,3,574,110,第三種住宅區(特)(遷)
萬華區,華中,3,574,111,第三種住宅區(特)(遷)
萬華區,華中,3,574,112,第三種住宅區(特)(遷)
萬華區,華中,3,574,113,第三種住宅區(特)(遷)
萬華區,華中,3,574,114,第三種住宅區(特)(遷)
萬華區,華中,3,574,115,第三種住宅區(特)(遷)
萬華區,華中,3,574,116,第三種住宅區(特)(遷)
萬華區,華中,3,574,117,第三種住宅區(特)(遷)
萬華區,華中,3,574,118,第三種住宅區(特)(遷)
萬華區,華中,3,574,119,第三種住宅區(特)(遷)
萬華區,華中,3,574,120,第三種住宅區(特)(遷)
萬華區,華中,3,574,121,第三種住宅區(特)(遷)
萬華區,華中,3,574,122,第三種住宅區(特)(遷)
萬華區,華中,3,574,123,第三種住宅區(特)(遷)
萬華區,華中,3,574,124,第三種住宅區(特)(遷)
萬華區,華中,3,574,125,第三種住宅區(特)(遷)
萬華區,華中,3,574,126,第三種住宅區(特)(遷)
萬華區,華中,3,574,127,第三種住宅區(特)(遷)
萬華區,華中,3,574,128,第三種住宅區(特)(遷)
萬華區,華中,3,574,129,第三種住宅區(特)(遷)
萬華區,華中,3,574,130,第三種住宅區(特)(遷)
萬華區,華中,3,574,131,第三種住宅區(特)(遷)
萬華區,華中,3,574,132,第三種住宅區(特)(遷)
萬華區,華中,3,574,133,第三種住宅區(特)(遷)
萬華區,華中,3,574,134,第三種住宅區(特)(遷)
萬華區,華中,3,574,135,第三種住宅區(特)(遷)
萬華區,華中,3,574,136,第三種住宅區(特)(遷)
萬華區,華中,3,574,137,第三種住宅區(特)(遷)
萬華區,華中,3,574,138,第三種住宅區(特)(遷)
萬華區,華中,3,574,139,第三種住宅區(特)(遷)
萬華區,華中,3,574,140,第三種住宅區(特)(遷)
萬華區,華中,3,574,141,第三種住宅區(特)(遷)
萬華區,華中,3,574,142,第三種住宅區(特)(遷)
萬華區,華中,3,574,143,第三種住宅區(特)(遷)
萬華區,華中,3,574,144,第三種住宅區(特)(遷)
萬華區,華中,3,574,145,第三種住宅區(特)(遷)
萬華區,華中,3,574,146,第三種住宅區(特)(遷)
萬華區,華中,3,574,147,第三種住宅區(特)(遷)
萬華區,華中,3,574,148,第三種住宅區(特)(遷)
萬華區,華中,3,574,149,第三種住宅區(特)(遷)
萬華區,華中,3,574,150,第三種住宅區(特)(遷)
萬華區,華中,3,574,151,第三種住宅區(特)(遷)
萬華區,華中,3,574,152,第三種住宅區(特)(遷)
萬華區,華中,3,574,153,第三種住宅區(特)(遷)
萬華區,華中,3,574,154,第三種住宅區(特)(遷)
萬華區,華中,3,574,155,第三種住宅區(特)(遷)
萬華區,華中,3,574,156,道路用地(公共設施用地)
萬華區,華中,3,576,0,道路用地(公共設施用地)
萬華區,華中,3,577,0,"道路用地(公共設施用地),但是否在第三種住宅區(應依建築線或俟地籍測量分割後,再確定)"
萬華區,華中,3,578,0,道路用地(公共設施用地)
萬華區,華中,3,579,0,第三種住宅區(特)(遷)
萬華區,華中,3,580,0,第三種住宅區(特)(遷)
萬華區,華中,3,581,0,道路用地(公共設施用地)
萬華區,華中,3,582,1,第三種住宅區
萬華區,華中,3,582,2,第三種住宅區
萬華區,華中,3,582,3,第三種住宅區
萬華區,華中,3,582,4,第三種住宅區
萬華區,華中,3,582,5,第三種住宅區
萬華區,華中,3,582,6,第三種住宅區
萬華區,華中,3,582,7,第三種住宅區
萬華區,華中,3,582,8,第三種住宅區
萬華區,華中,3,582,9,第三種住宅區
萬華區,華中,3,582,10,第三種住宅區
萬華區,華中,3,582,11,第三種住宅區
萬華區,華中,3,582,12,第三種住宅區
萬華區,華中,3,582,13,第三種住宅區
萬華區,華中,3,582,14,第三種住宅區
萬華區,華中,3,582,15,第三種住宅區
萬華區,華中,3,582,16,第三種住宅區
萬華區,華中,3,582,17,第三種住宅區
萬華區,華中,3,582,18,第三種住宅區
萬華區,華中,3,582,19,第三種住宅區
萬華區,華中,3,582,20,第三種住宅區
萬華區,華中,3,582,21,第三種住宅區
萬華區,華中,3,582,22,第三種住宅區
萬華區,華中,3,582,23,第三種住宅區
萬華區,華中,3,582,24,第三種住宅區
萬華區,華中,3,582,25,第三種住宅區
萬華區,華中,3,582,26,第三種住宅區
萬華區,華中,3,582,27,第三種住宅區
萬華區,華中,3,582,28,第三種住宅區
萬華區,華中,3,582,29,第三種住宅區
萬華區,華中,3,582,30,第三種住宅區
萬華區,華中,3,582,31,第三種住宅區
萬華區,華中,3,582,32,第三種住宅區
萬華區,華中,3,582,33,第三種住宅區
萬華區,華中,3,582,34,第三種住宅區
萬華區,華中,3,582,35,第三種住宅區
萬華區,華中,3,582,36,第三種住宅區
萬華區,華中,3,582,37,第三種住宅區
萬華區,華中,3,582,38,第三種住宅區
萬華區,華中,3,582,39,第三種住宅區
萬華區,華中,3,582,40,第三種住宅區
萬華區,華中,3,582,41,第三種住宅區
萬華區,華中,3,582,42,第三種住宅區
萬華區,華中,3,582,43,第三種住宅區
萬華區,華中,3,582,44,第三種住宅區
萬華區,華中,3,582,45,第三種住宅區
萬華區,華中,3,582,46,第三種住宅區
萬華區,華中,3,582,47,第三種住宅區
萬華區,華中,3,582,48,第三種住宅區
萬華區,華中,3,583,0,道路用地(公共設施用地)
萬華區,華中,3,584,0,第三種住宅區
萬華區,華中,3,584,1,第三種住宅區
萬華區,華中,3,584,2,第三種住宅區
萬華區,華中,3,584,3,第三種住宅區
萬華區,華中,3,584,4,第三種住宅區
萬華區,華中,3,584,5,第三種住宅區
萬華區,華中,3,584,6,第三種住宅區
萬華區,華中,3,584,7,第三種住宅區
萬華區,華中,3,584,8,第三種住宅區
萬華區,華中,3,584,9,第三種住宅區
萬華區,華中,3,584,10,第三種住宅區
萬華區,華中,3,584,11,第三種住宅區
萬華區,華中,3,584,12,第三種住宅區
萬華區,華中,3,584,13,第三種住宅區
萬華區,華中,3,584,14,第三種住宅區
萬華區,華中,3,584,15,第三種住宅區
萬華區,華中,3,584,16,第三種住宅區
萬華區,華中,3,584,17,第三種住宅區
萬華區,華中,3,584,18,第三種住宅區
萬華區,華中,3,584,19,第三種住宅區
萬華區,華中,3,584,20,第三種住宅區
萬華區,華中,3,584,21,第三種住宅區
萬華區,華中,3,584,22,第三種住宅區
萬華區,華中,3,584,23,第三種住宅區
萬華區,華中,3,584,24,第三種住宅區
萬華區,華中,3,584,25,第三種住宅區
萬華區,華中,3,585,0,道路用地(公共設施用地)
萬華區,華中,3,586,0,道路用地(公共設施用地)
萬華區,華中,3,586,1,道路用地(公共設施用地)
萬華區,華中,3,586,2,道路用地(公共設施用地)
萬華區,華中,3,586,3,道路用地(公共設施用地)
萬華區,華中,3,586,4,道路用地(公共設施用地)
萬華區,華中,3,586,5,道路用地(公共設施用地)
萬華區,華中,3,587,0,第三種住宅區
萬華區,華中,3,588,0,第三種住宅區
萬華區,華中,3,589,0,第三種住宅區
萬華區,華中,3,590,0,第三種住宅區
萬華區,華中,3,591,0,第三種住宅區
萬華區,華中,3,592,0,第三之二種住宅區
萬華區,華中,3,592,1,第三種住宅區
萬華區,華中,3,593,0,第三之二種住宅區
萬華區,華中,3,593,1,第三種住宅區
萬華區,華中,3,594,0,第三之二種住宅區
萬華區,華中,3,594,1,第三種住宅區
萬華區,華中,3,595,0,第三之二種住宅區
萬華區,華中,3,595,1,第三種住宅區
萬華區,華中,3,596,0,第三之二種住宅區
萬華區,華中,3,596,1,第三種住宅區
萬華區,華中,3,597,0,第三之二種住宅區
萬華區,華中,3,597,1,第三種住宅區
萬華區,華中,3,598,0,第三之二種住宅區
萬華區,華中,3,599,0,第三之二種住宅區
萬華區,華中,3,600,0,第三之二種住宅區
萬華區,華中,3,601,0,第三之二種住宅區
萬華區,華中,3,602,0,第三之二種住宅區
萬華區,華中,3,603,0,第三之二種住宅區
萬華區,華中,3,604,0,第三之二種住宅區
萬華區,華中,3,605,0,第三之二種住宅區
萬華區,華中,3,606,0,第三之二種住宅區
萬華區,華中,3,607,0,第三之二種住宅區
萬華區,華中,3,608,0,第三之二種住宅區
萬華區,華中,3,609,0,第三之二種住宅區
萬華區,華中,3,610,0,第三種住宅區及第三之二種住宅區
萬華區,華中,3,611,0,第三種住宅區
萬華區,華中,3,612,0,第三種住宅區
萬華區,華中,3,613,0,第三之二種住宅區
萬華區,華中,3,613,1,第三種住宅區
萬華區,華中,3,614,0,第三之二種住宅區
萬華區,華中,3,615,0,第三之二種住宅區
萬華區,華中,3,616,0,第三之二種住宅區
萬華區,華中,3,617,0,第三之二種住宅區
萬華區,華中,3,618,0,第三之二種住宅區
萬華區,華中,3,619,0,第三之二種住宅區
萬華區,華中,3,620,0,第三之二種住宅區
萬華區,華中,3,620,1,第三種住宅區
萬華區,華中,3,621,0,第三種住宅區
萬華區,華中,3,622,0,第三種住宅區
萬華區,華中,3,623,0,"道路用地(公共設施用地),但是否在第三種住宅區(應依建築線或俟地籍測量分割後,再確定)"
萬華區,華中,3,624,0,第三種住宅區
萬華區,華中,3,625,0,第三種住宅區
萬華區,華中,3,626,0,第三之二種住宅區
萬華區,華中,3,626,1,第三種住宅區
萬華區,華中,3,627,0,第三之二種住宅區
萬華區,華中,3,628,0,第三之二種住宅區
萬華區,華中,3,629,0,第三之二種住宅區
萬華區,華中,3,629,1,第三之二種住宅區
萬華區,華中,3,629,2,第三之二種住宅區
萬華區,華中,3,629,3,第三之二種住宅區
萬華區,華中,3,629,4,第三之二種住宅區
萬華區,華中,3,629,5,第三之二種住宅區
萬華區,華中,3,629,6,第三種住宅區
萬華區,華中,3,629,7,第三種住宅區
萬華區,華中,3,629,8,第三種住宅區
萬華區,華中,3,629,9,第三種住宅區
萬華區,華中,3,630,0,道路用地(公共設施用地)
萬華區,華中,3,631,0,道路用地(公共設施用地)
萬華區,華中,3,632,0,第三種住宅區
萬華區,華中,3,633,0,第三種住宅區
萬華區,華中,3,634,0,第三種住宅區
萬華區,華中,3,635,0,第三種住宅區
萬華區,華中,3,636,0,第三之二種住宅區
萬華區,華中,3,636,1,第三種住宅區
萬華區,華中,3,637,0,第三之二種住宅區
萬華區,華中,3,638,0,第三之二種住宅區
萬華區,華中,3,639,0,第三之二種住宅區
萬華區,華中,3,640,0,第三之二種住宅區
萬華區,華中,3,641,0,第三之二種住宅區
萬華區,華中,3,642,0,第三之二種住宅區
萬華區,華中,3,643,0,第三之二種住宅區
萬華區,華中,3,644,0,第三之二種住宅區
萬華區,華中,3,645,0,第三之二種住宅區
萬華區,華中,3,645,1,第三種住宅區
萬華區,華中,3,646,0,第三種住宅區
萬華區,華中,3,647,0,第三種住宅區
萬華區,華中,3,648,0,第三種住宅區
萬華區,華中,3,649,0,第三種住宅區
萬華區,華中,3,650,0,第三種住宅區
萬華區,華中,3,651,0,第三種住宅區
萬華區,華中,3,652,0,"第三種住宅區,但是否在道路用地(公共設施用地)(應依建築線或俟地籍測量分割後,再確定)"
萬華區,華中,3,653,0,第三種住宅區
萬華區,華中,3,654,0,第三種住宅區
萬華區,華中,3,655,0,第三種住宅區
萬華區,華中,3,656,0,第三種住宅區
萬華區,華中,3,657,0,第三之二種住宅區
萬華區,華中,3,657,1,第三種住宅區
萬華區,華中,3,658,0,第三之二種住宅區
萬華區,華中,3,658,1,第三種住宅區
萬華區,華中,3,659,0,第三之二種住宅區
萬華區,華中,3,660,0,第三之二種住宅區
萬華區,華中,3,661,0,第三之二種住宅區
萬華區,華中,3,662,0,第三之二種住宅區
萬華區,華中,3,663,0,"第三之二種住宅區及第三種住宅區,但是否在道路用地(公共設施用地)(應依建築線或俟地籍測量分割後,再確定)"
萬華區,華中,3,664,0,第三之二種住宅區
萬華區,華中,3,665,0,第三之二種住宅區
萬華區,華中,3,666,0,第三之二種住宅區
萬華區,華中,3,667,0,第三之二種住宅區
萬華區,華中,3,668,0,第三之二種住宅區
萬華區,華中,3,668,1,第三種住宅區
萬華區,華中,3,669,0,第三種住宅區
萬華區,華中,3,670,0,第三種住宅區
萬華區,華中,3,671,0,第三種住宅區
萬華區,華中,3,672,0,第三種住宅區
萬華區,華中,3,673,0,第三種住宅區
萬華區,華中,3,674,0,第三種住宅區
萬華區,華中,3,675,0,"第三種住宅區,但是否在道路用地(公共設施用地)(應依建築線或俟地籍測量分割後,再確定)"
萬華區,華中,3,676,0,第三種住宅區(特)(遷)
萬華區,華中,3,677,0,第三種住宅區(特)(遷)
萬華區,華中,3,678,0,道路用地(公共設施用地)
萬華區,華中,3,679,0,"第三種住宅區,但是否在道路用地(公共設施用地)(應依建築線或俟地籍測量分割後,再確定)"
萬華區,華中,3,680,0,第三種住宅區
萬華區,華中,3,681,0,第三種住宅區
萬華區,華中,3,682,0,第三種住宅區
萬華區,華中,3,683,0,第三種住宅區
萬華區,華中,3,684,0,第三種住宅區
萬華區,華中,3,685,0,第三之二種住宅區
萬華區,華中,3,685,1,第三種住宅區
萬華區,華中,3,686,0,第三之二種住宅區
萬華區,華中,3,687,0,第三之二種住宅區
萬華區,華中,3,688,0,第三之二種住宅區
萬華區,華中,3,689,0,第三之二種住宅區
萬華區,華中,3,690,0,道路用地(公共設施用地)
萬華區,華中,3,691,0,道路用地(公共設施用地)
萬華區,華中,3,692,0,道路用地(公共設施用地)
萬華區,華中,3,693,0,道路用地(公共設施用地)
萬華區,華中,3,694,0,道路用地(公共設施用地)
萬華區,華中,3,695,0,道路用地(公共設施用地)
萬華區,華中,3,696,0,道路用地(公共設施用地)
萬華區,華中,3,697,0,道路用地(公共設施用地)及河川區
萬華區,華中,3,698,0,道路用地(公共設施用地)及河川區
萬華區,華中,3,698,1,道路用地(公共設施用地)及河川區
萬華區,華中,3,699,0,河川區
萬華區,華中,3,700,0,河川區
萬華區,華中,3,701,0,河川區
萬華區,華中,3,702,0,河川區
萬華區,華中,3,703,0,河川區
萬華區,華中,3,704,0,河川區
萬華區,華中,3,705,0,河川區
萬華區,華中,3,706,0,河川區
萬華區,華中,3,707,0,河川區
萬華區,華中,3,708,0,河川區
萬華區,華中,3,709,0,河川區
萬華區,華中,3,710,0,河川區
萬華區,華中,3,711,0,河川區
萬華區,華中,3,712,0,河川區
萬華區,華中,3,713,0,河川區
萬華區,華中,3,714,0,河川區
萬華區,華中,3,714,1,河川區
萬華區,華中,3,715,0,河川區
萬華區,華中,3,715,1,河川區
萬華區,華中,3,716,0,河川區
萬華區,華中,3,716,1,河川區
萬華區,華中,3,717,0,河川區
萬華區,華中,3,718,0,河川區
萬華區,華中,3,719,0,河川區
萬華區,華中,3,720,0,河川區
萬華區,華中,3,721,0,河川區
萬華區,華中,3,734,0,道路用地(公共設施用地)
萬華區,華中,4,1,0,道路用地(公共設施用地)
萬華區,華中,4,2,0,"道路用地(公共設施用地),但是否在第三之一種住宅區(應依建築線或俟地籍測量分割後,再確定)"
萬華區,華中,4,3,0,道路用地(公共設施用地)
萬華區,華中,4,4,0,第三之一種住宅區
萬華區,華中,4,5,0,第三之一種住宅區
萬華區,華中,4,6,0,第三之一種住宅區
萬華區,華中,4,7,0,第三之一種住宅區
萬華區,華中,4,8,0,第三之一種住宅區
萬華區,華中,4,9,0,第三之一種住宅區
萬華區,華中,4,10,0,第三之一種住宅區
萬華區,華中,4,11,0,第三之一種住宅區
萬華區,華中,4,12,0,第三之一種住宅區
萬華區,華中,4,13,0,第三之一種住宅區
萬華區,華中,4,14,0,第三之一種住宅區
萬華區,華中,4,15,0,第三之一種住宅區
萬華區,華中,4,16,0,第三之一種住宅區
萬華區,華中,4,16,1,第三之一種住宅區
萬華區,華中,4,16,2,第三之一種住宅區
萬華區,華中,4,17,0,第三之一種住宅區
萬華區,華中,4,18,0,第三之一種住宅區
萬華區,華中,4,19,0,第三之一種住宅區
萬華區,華中,4,20,0,第三之一種住宅區
萬華區,華中,4,21,0,第三之一種住宅區
萬華區,華中,4,22,0,第三之一種住宅區
萬華區,華中,4,23,0,第三之一種住宅區
萬華區,華中,4,24,0,第三之一種住宅區
萬華區,華中,4,25,0,第三之一種住宅區
萬華區,華中,4,26,0,第三之一種住宅區
萬華區,華中,4,27,0,第三之一種住宅區
萬華區,華中,4,28,0,第三之一種住宅區
萬華區,華中,4,29,0,第三之一種住宅區
萬華區,華中,4,30,0,第三之一種住宅區
萬華區,華中,4,31,0,第三之一種住宅區
萬華區,華中,4,32,0,第三之一種住宅區
萬華區,華中,4,33,0,"第三種住宅區及第三之一種住宅區,但是否在道路用地(公共設施用地)(應依建築線或俟地籍測量分割後,再確定)"
萬華區,華中,4,33,1,"第三種住宅區,但是否在道路用地(公共設施用地)(應依建築線或俟地籍測量分割後,再確定)"
萬華區,華中,4,34,0,"第三種住宅區,但是否在道路用地(公共設施用地)(應依建築線或俟地籍測量分割後,再確定)"
萬華區,華中,4,35,0,第三種住宅區
萬華區,華中,4,36,0,第三種住宅區及第三之一種住宅區
萬華區,華中,4,37,0,第三之一種住宅區
萬華區,華中,4,38,0,第三種住宅區及第三之一種住宅區
萬華區,華中,4,39,0,第三種住宅區及第三之一種住宅區
萬華區,華中,4,40,0,第三種住宅區及第三之一種住宅區
萬華區,華中,4,41,0,第三種住宅區及第三之一種住宅區
萬華區,華中,4,42,0,第三種住宅區及第三之一種住宅區
萬華區,華中,4,43,0,第三種住宅區及第三之一種住宅區
萬華區,華中,4,44,0,第三種住宅區及第三之一種住宅區
萬華區,華中,4,45,0,第三之一種住宅區
萬華區,華中,4,46,0,第三種住宅區及第三之一種住宅區
萬華區,華中,4,47,0,第三種住宅區及第三之一種住宅區
萬華區,華中,4,48,0,第三種住宅區及第三之一種住宅區
萬華區,華中,4,49,0,第三種住宅區及第三之一種住宅區
萬華區,華中,4,50,0,第三種住宅區及第三之一種住宅區
萬華區,華中,4,51,0,第三種住宅區及第三之一種住宅區
萬華區,華中,4,52,0,第三種住宅區及第三之一種住宅區
萬華區,華中,4,53,0,第三之一種住宅區
萬華區,華中,4,54,0,第三之一種住宅區
萬華區,華中,4,55,0,道路用地(公共設施用地)
萬華區,華中,4,56,0,第三種住宅區及第三之一種住宅區
萬華區,華中,4,57,0,第三種住宅區
萬華區,華中,4,58,0,道路用地(公共設施用地)
萬華區,華中,4,59,0,道路用地(公共設施用地)
萬華區,華中,4,60,0,第三種住宅區
萬華區,華中,4,61,0,第三種住宅區
萬華區,華中,4,62,0,道路用地(公共設施用地)
萬華區,華中,4,63,0,道路用地(公共設施用地)
萬華區,華中,4,64,0,第三種住宅區
萬華區,華中,4,65,0,道路用地(公共設施用地)
萬華區,華中,4,66,0,第三種住宅區
萬華區,華中,4,69,0,道路用地(公共設施用地)
萬華區,華中,4,70,0,道路用地(公共設施用地)
萬華區,華中,4,71,0,道路用地(公共設施用地)
萬華區,華中,4,72,0,道路用地(公共設施用地)
萬華區,華中,4,73,0,道路用地(公共設施用地)
萬華區,華中,4,74,0,第三種住宅區
萬華區,華中,4,75,0,第三種住宅區
萬華區,華中,4,76,0,道路用地(公共設施用地)
萬華區,華中,4,77,0,第三種住宅區
萬華區,華中,4,77,1,第三種住宅區
萬華區,華中,4,78,0,道路用地(公共設施用地)
萬華區,華中,4,79,0,第三種住宅區
萬華區,華中,4,80,0,第三種住宅區
萬華區,華中,4,81,0,第三種住宅區
萬華區,華中,4,82,0,第三種住宅區
萬華區,華中,4,83,0,第三種住宅區
萬華區,華中,4,84,0,第三種住宅區
萬華區,華中,4,85,0,第三種住宅區
萬華區,華中,4,86,0,第三種住宅區
萬華區,華中,4,89,0,第三種住宅區
萬華區,華中,4,89,1,第三種住宅區
萬華區,華中,4,90,0,第三種住宅區
萬華區,華中,4,91,0,第三種住宅區
萬華區,華中,4,92,0,第三種住宅區
萬華區,華中,4,93,0,第三種住宅區
萬華區,華中,4,94,0,第三種住宅區
萬華區,華中,4,95,0,第三種住宅區
萬華區,華中,4,96,0,第三種住宅區
萬華區,華中,4,97,0,第三種住宅區
萬華區,華中,4,98,0,第三種住宅區
萬華區,華中,4,99,0,道路用地(公共設施用地)
萬華區,華中,4,100,0,道路用地(公共設施用地)
萬華區,華中,4,101,0,道路用地(公共設施用地)
萬華區,華中,4,102,0,第三種住宅區
萬華區,華中,4,102,1,第三種住宅區
萬華區,華中,4,103,0,第三種住宅區
萬華區,華中,4,104,0,道路用地(公共設施用地)
萬華區,華中,4,105,0,第三種住宅區
萬華區,華中,4,105,1,第三種住宅區
萬華區,華中,4,106,0,第三種住宅區
萬華區,華中,4,107,0,第三種住宅區
萬華區,華中,4,108,0,第三種住宅區
萬華區,華中,4,108,1,第三種住宅區
萬華區,華中,4,109,0,第三種住宅區
萬華區,華中,4,110,0,第三種住宅區
萬華區,華中,4,111,0,第三種住宅區
萬華區,華中,4,112,0,第三種住宅區
萬華區,華中,4,113,0,第三種住宅區
萬華區,華中,4,114,0,第三種住宅區
萬華區,華中,4,115,0,第三種住宅區
萬華區,華中,4,117,0,第三種住宅區
萬華區,華中,4,118,0,第三種住宅區
萬華區,華中,4,121,0,第三種住宅區
萬華區,華中,4,122,0,第三種住宅區
萬華區,華中,4,125,0,第三種住宅區
萬華區,華中,4,126,0,第三種住宅區
萬華區,華中,4,127,0,第三種住宅區
萬華區,華中,4,128,0,第三種住宅區
萬華區,華中,4,129,0,第三種住宅區
萬華區,華中,4,130,0,第三種住宅區
萬華區,華中,4,131,0,第三種住宅區
萬華區,華中,4,132,0,第三種住宅區
萬華區,華中,4,133,0,道路用地(公共設施用地)
萬華區,華中,4,134,0,第三種住宅區
萬華區,華中,4,135,0,第三種住宅區
萬華區,華中,4,136,0,第三種住宅區
萬華區,華中,4,137,0,第三種住宅區
萬華區,華中,4,138,0,道路用地(公共設施用地)
萬華區,華中,4,139,0,第三種住宅區
萬華區,華中,4,140,0,第三種住宅區
萬華區,華中,4,141,0,第三種住宅區
萬華區,華中,4,141,1,第三種住宅區
萬華區,華中,4,142,0,第三種住宅區
萬華區,華中,4,143,0,第三種住宅區
萬華區,華中,4,144,0,第三種住宅區
萬華區,華中,4,145,0,第三種住宅區
萬華區,華中,4,146,0,第三種住宅區
萬華區,華中,4,147,0,第三種住宅區
萬華區,華中,4,148,0,第三種住宅區
萬華區,華中,4,149,0,第三種住宅區
萬華區,華中,4,150,0,第三種住宅區
萬華區,華中,4,151,0,第三種住宅區
萬華區,華中,4,152,0,第三種住宅區
萬華區,華中,4,153,0,第三種住宅區
萬華區,華中,4,154,0,第三種住宅區
萬華區,華中,4,155,0,第三種住宅區
萬華區,華中,4,156,0,第三種住宅區
萬華區,華中,4,157,0,第三種住宅區
萬華區,華中,4,158,0,第三種住宅區
萬華區,華中,4,159,0,第三種住宅區
萬華區,華中,4,160,0,道路用地(公共設施用地)
萬華區,華中,4,161,0,道路用地(公共設施用地)
萬華區,華中,4,161,1,道路用地(公共設施用地)
萬華區,華中,4,161,2,道路用地(公共設施用地)
萬華區,華中,4,161,3,道路用地(公共設施用地)
萬華區,華中,4,162,0,道路用地(公共設施用地)
萬華區,華中,4,163,0,"道路用地(公共設施用地),但是否在第三種住宅區(應依建築線或俟地籍測量分割後,再確定)"
萬華區,華中,4,164,0,第三種住宅區
萬華區,華中,4,165,0,第三種住宅區
萬華區,華中,4,166,0,第三種住宅區
萬華區,華中,4,167,0,第三種住宅區
萬華區,華中,4,168,0,第三種住宅區
萬華區,華中,4,169,0,第三種住宅區
萬華區,華中,4,170,0,第三種住宅區
萬華區,華中,4,171,0,第三種住宅區
萬華區,華中,4,172,0,第三種住宅區
萬華區,華中,4,173,0,第三種住宅區
萬華區,華中,4,174,0,第三種住宅區
萬華區,華中,4,175,0,第三種住宅區
萬華區,華中,4,176,0,第三種住宅區
萬華區,華中,4,177,0,第三種住宅區
萬華區,華中,4,178,0,第三種住宅區
萬華區,華中,4,179,0,第三種住宅區
萬華區,華中,4,180,0,第三種住宅區
萬華區,華中,4,181,0,第三種住宅區
萬華區,華中,4,182,0,道路用地(公共設施用地)
萬華區,華中,4,183,0,道路用地(公共設施用地)
萬華區,華中,4,184,0,第三種住宅區
萬華區,華中,4,185,0,第三種住宅區
萬華區,華中,4,186,0,第三種住宅區
萬華區,華中,4,187,0,第三種住宅區
萬華區,華中,4,188,0,第三種住宅區
萬華區,華中,4,189,0,第三種住宅區
萬華區,華中,4,190,0,第三種住宅區
萬華區,華中,4,191,0,第三種住宅區
萬華區,華中,4,192,0,"道路用地(公共設施用地),但是否在第三種住宅區(應依建築線或俟地籍測量分割後,再確定)"
萬華區,華中,4,193,0,第三種住宅區
萬華區,華中,4,194,0,第三種住宅區
萬華區,華中,4,195,0,第三種住宅區
萬華區,華中,4,196,0,第三種住宅區
萬華區,華中,4,197,0,第三種住宅區
萬華區,華中,4,198,0,第三種住宅區
萬華區,華中,4,199,0,"道路用地(公共設施用地),但是否在第三種住宅區(應依建築線或俟地籍測量分割後,再確定)"
萬華區,華中,4,200,0,道路用地(公共設施用地)
萬華區,華中,4,201,0,"第三種住宅區,但是否在道路用地(公共設施用地)(應依建築線或俟地籍測量分割後,再確定)"
萬華區,華中,4,202,0,第三種住宅區
萬華區,華中,4,203,0,道路用地(公共設施用地)
萬華區,華中,4,203,1,第三種住宅區
萬華區,華中,4,203,2,道路用地(公共設施用地)
萬華區,華中,4,204,0,第三種住宅區
萬華區,華中,4,205,0,第三種住宅區
萬華區,華中,4,206,0,第三種住宅區
萬華區,華中,4,207,0,"第三種住宅區,但是否在道路用地(公共設施用地)(應依建築線或俟地籍測量分割後,再確定)"
萬華區,華中,4,208,0,第三種住宅區
萬華區,華中,4,209,0,第三種住宅區
萬華區,華中,4,210,0,第三種住宅區
萬華區,華中,4,211,0,第三種住宅區
萬華區,華中,4,212,0,第三種住宅區
萬華區,華中,4,213,0,第三種住宅區
萬華區,華中,4,214,0,第三種住宅區
萬華區,華中,4,215,0,道路用地(公共設施用地)
萬華區,華中,4,216,0,第三種住宅區
萬華區,華中,4,217,0,道路用地(公共設施用地)
萬華區,華中,4,218,0,第三種住宅區
萬華區,華中,4,219,0,道路用地(公共設施用地)
萬華區,華中,4,220,0,道路用地(公共設施用地)
萬華區,華中,4,221,0,道路用地(公共設施用地)
萬華區,華中,4,222,0,第三種住宅區
萬華區,華中,4,223,0,第三種住宅區
萬華區,華中,4,224,0,第三種住宅區
萬華區,華中,4,225,0,第三種住宅區
萬華區,華中,4,226,0,第三種住宅區
萬華區,華中,4,227,0,第三種住宅區
萬華區,華中,4,228,0,道路用地(公共設施用地)
萬華區,華中,4,229,0,第三種住宅區
萬華區,華中,4,230,0,第三種住宅區
萬華區,華中,4,231,0,第三種住宅區
萬華區,華中,4,232,0,第三種住宅區
萬華區,華中,4,233,0,第三種住宅區
萬華區,華中,4,234,0,道路用地(公共設施用地)
萬華區,華中,4,235,0,道路用地(公共設施用地)
萬華區,華中,4,236,0,第三種住宅區
萬華區,華中,4,237,0,第三種住宅區
萬華區,華中,4,238,0,"第三種住宅區,但是否在道路用地(公共設施用地)(應依建築線或俟地籍測量分割後,再確定)"
萬華區,華中,4,239,0,道路用地(公共設施用地)
萬華區,華中,4,240,0,道路用地(公共設施用地)
萬華區,華中,4,241,0,第三種住宅區
萬華區,華中,4,242,0,第三種住宅區
萬華區,華中,4,244,0,第三種住宅區
萬華區,華中,4,245,0,第三種住宅區
萬華區,華中,4,246,0,第三種住宅區
萬華區,華中,4,247,0,第三種住宅區
萬華區,華中,4,248,0,第三種住宅區
萬華區,華中,4,249,0,第三種住宅區
萬華區,華中,4,250,0,第三種住宅區
萬華區,華中,4,251,0,第三種住宅區
萬華區,華中,4,252,0,第三種住宅區
萬華區,華中,4,253,0,第三種住宅區
萬華區,華中,4,254,0,第三種住宅區
萬華區,華中,4,255,0,第三種住宅區
萬華區,華中,4,256,0,第三種住宅區
萬華區,華中,4,257,0,第三種住宅區
萬華區,華中,4,258,0,第三種住宅區
萬華區,華中,4,259,0,道路用地(公共設施用地)
萬華區,華中,4,260,0,道路用地(公共設施用地)
萬華區,華中,4,261,0,道路用地(公共設施用地)
萬華區,華中,4,262,0,第三種住宅區
萬華區,華中,4,262,1,第三之二種住宅區
萬華區,華中,4,262,2,第三之二種住宅區
萬華區,華中,4,263,0,第三種住宅區
萬華區,華中,4,263,1,第三之二種住宅區
萬華區,華中,4,264,0,道路用地(公共設施用地)
萬華區,華中,4,265,0,道路用地(公共設施用地)
萬華區,華中,4,266,0,道路用地(公共設施用地)
萬華區,華中,4,267,0,道路用地(公共設施用地)
萬華區,華中,4,268,0,第三種住宅區
萬華區,華中,4,268,1,第三之二種住宅區
萬華區,華中,4,269,0,道路用地(公共設施用地)
萬華區,華中,4,269,1,第三之二種住宅區
萬華區,華中,4,269,2,第三種住宅區
萬華區,華中,4,269,3,道路用地(公共設施用地)
萬華區,華中,4,270,0,道路用地(公共設施用地)
萬華區,華中,4,271,0,第三種住宅區
萬華區,華中,4,271,1,道路用地(公共設施用地)
萬華區,華中,4,272,0,"道路用地(公共設施用地),但是否在第三種住宅區(應依建築線或俟地籍測量分割後,再確定)"
萬華區,華中,4,273,0,道路用地(公共設施用地)
萬華區,華中,4,274,0,"道路用地(公共設施用地),但是否在第三種住宅區(應依建築線或俟地籍測量分割後,再確定)"
萬華區,華中,4,275,0,道路用地(公共設施用地)
萬華區,華中,4,276,0,"第三種住宅區及第三之二種住宅區,但是否在道路用地(公共設施用地)(應依建築線或俟地籍測量分割後,再確定)"
萬華區,華中,4,277,0,"第三種住宅區及第三之二種住宅區,但是否在道路用地(公共設施用地)(應依建築線或俟地籍測量分割後,再確定)"
萬華區,華中,4,278,0,"道路用地(公共設施用地),但是否在第三種住宅區(應依建築線或俟地籍測量分割後,再確定)"
萬華區,華中,4,279,0,"道路用地(公共設施用地),但是否在第三種住宅區(應依建築線或俟地籍測量分割後,再確定)"
萬華區,華中,4,280,0,第三種住宅區及第三之二種住宅區
萬華區,華中,4,281,0,第三種住宅區及第三之二種住宅區
萬華區,華中,4,281,1,道路用地(公共設施用地)
萬華區,華中,4,282,0,第三之二種住宅區
萬華區,華中,4,282,1,道路用地(公共設施用地)
萬華區,華中,4,282,2,第三種住宅區
萬華區,華中,4,283,0,第三種住宅區
萬華區,華中,4,284,0,第三之二種住宅區
萬華區,華中,4,284,1,第三種住宅區
萬華區,華中,4,285,0,第三之二種住宅區
萬華區,華中,4,285,1,第三種住宅區
萬華區,華中,4,286,0,第三種住宅區
萬華區,華中,4,287,0,第三種住宅區
萬華區,華中,4,288,0,第三之二種住宅區
萬華區,華中,4,288,1,第三種住宅區
萬華區,華中,4,289,0,第三之二種住宅區
萬華區,華中,4,289,1,第三種住宅區
萬華區,華中,4,290,0,第三種住宅區
萬華區,華中,4,291,0,第三種住宅區
萬華區,華中,4,292,0,第三之二種住宅區
萬華區,華中,4,292,1,第三種住宅區
萬華區,華中,4,293,0,第三之二種住宅區
萬華區,華中,4,293,1,第三種住宅區
萬華區,華中,4,294,0,第三種住宅區
萬華區,華中,4,295,0,第三種住宅區
萬華區,華中,4,295,1,道路用地(公共設施用地)
萬華區,華中,4,296,0,第三之二種住宅區
萬華區,華中,4,296,1,第三種住宅區
萬華區,華中,4,297,0,第三之二種住宅區
萬華區,華中,4,297,1,道路用地(公共設施用地)
萬華區,華中,4,297,2,第三種住宅區
萬華區,華中,4,298,0,第三之二種住宅區
萬華區,華中,4,298,1,道路用地(公共設施用地)
萬華區,華中,4,298,2,第三種住宅區
萬華區,華中,4,299,0,第三之二種住宅區
萬華區,華中,4,299,1,道路用地(公共設施用地)
萬華區,華中,4,299,2,第三種住宅區
萬華區,華中,4,300,0,第三之二種住宅區
萬華區,華中,4,300,1,道路用地(公共設施用地)
萬華區,華中,4,300,2,第三種住宅區
萬華區,華中,4,301,0,道路用地(公共設施用地)
萬華區,華中,4,302,0,第三之二種住宅區
萬華區,華中,4,302,1,道路用地(公共設施用地)
萬華區,華中,4,302,2,第三種住宅區
萬華區,華中,4,303,0,第三之二種住宅區
萬華區,華中,4,303,1,道路用地(公共設施用地)
萬華區,華中,4,303,2,第三種住宅區
萬華區,華中,4,304,0,道路用地(公共設施用地)
萬華區,華中,4,305,0,第三之二種住宅區
萬華區,華中,4,305,1,道路用地(公共設施用地)
萬華區,華中,4,305,2,第三種住宅區及第三之一種住宅區
萬華區,華中,4,306,0,第三之二種住宅區
萬華區,華中,4,306,1,道路用地(公共設施用地)
萬華區,華中,4,306,2,第三之一種住宅區
萬華區,華中,4,307,0,第三之二種住宅區
萬華區,華中,4,308,0,第三之二種住宅區
萬華區,華中,4,308,1,道路用地(公共設施用地)
萬華區,華中,4,308,2,第三之一種住宅區
萬華區,華中,4,309,0,道路用地(公共設施用地)
萬華區,華中,4,310,0,道路用地(公共設施用地)
萬華區,華中,4,311,1,道路用地(公共設施用地)
萬華區,華中,4,312,1,道路用地(公共設施用地)
萬華區,華中,4,313,0,第三之一種住宅區
萬華區,華中,4,313,1,道路用地(公共設施用地)
萬華區,華中,4,313,2,第三之一種住宅區
萬華區,華中,4,315,0,第三之二種住宅區
萬華區,華中,4,318,0,道路用地(公共設施用地)
萬華區,華中,4,319,1,道路用地(公共設施用地)
萬華區,華中,4,320,0,第三之二種住宅區
萬華區,華中,4,321,0,第三之二種住宅區
萬華區,華中,4,322,0,第三之二種住宅區
萬華區,華中,4,323,0,第三之二種住宅區
萬華區,華中,4,324,0,第三之二種住宅區
萬華區,華中,4,325,0,第三之二種住宅區
萬華區,華中,4,326,0,第三之二種住宅區
萬華區,華中,4,327,0,第三之二種住宅區
萬華區,華中,4,328,0,第三之二種住宅區
萬華區,華中,4,329,0,第三之二種住宅區
萬華區,華中,4,330,0,第三之二種住宅區
萬華區,華中,4,331,0,第三之二種住宅區
萬華區,華中,4,332,0,第三之二種住宅區
萬華區,華中,4,333,0,第三之二種住宅區
萬華區,華中,4,334,0,第三之二種住宅區
萬華區,華中,4,335,0,道路用地(公共設施用地)
萬華區,華中,4,336,0,道路用地(公共設施用地)
萬華區,華中,4,337,0,第三之二種住宅區
萬華區,華中,4,337,1,第三之二種住宅區
萬華區,華中,4,337,2,第三之二種住宅區
萬華區,華中,4,338,0,第三之二種住宅區
萬華區,華中,4,339,0,第三之二種住宅區
萬華區,華中,4,340,0,第三之二種住宅區
萬華區,華中,4,341,0,第三之二種住宅區
萬華區,華中,4,342,0,第三之二種住宅區
萬華區,華中,4,343,0,"第三之二種住宅區,但是否在道路用地(公共設施用地)(應依建築線或俟地籍測量分割後,再確定)"
萬華區,華中,4,344,0,第三之二種住宅區
萬華區,華中,4,345,0,第三之二種住宅區
萬華區,華中,4,345,3,第三之二種住宅區
萬華區,華中,4,345,4,第三之二種住宅區
萬華區,華中,4,346,0,道路用地(公共設施用地)
萬華區,華中,4,347,0,道路用地(公共設施用地)
萬華區,華中,4,348,1,第三之二種住宅區
萬華區,華中,4,348,2,道路用地(公共設施用地)
萬華區,華中,4,351,0,道路用地(公共設施用地)
萬華區,華中,4,351,1,第三之二種住宅區
萬華區,華中,4,352,0,道路用地(公共設施用地)
萬華區,華中,4,353,0,第三之二種住宅區
萬華區,華中,4,353,1,道路用地(公共設施用地)
萬華區,華中,4,354,0,第三之二種住宅區
萬華區,華中,4,354,1,道路用地(公共設施用地)
萬華區,華中,4,355,0,第三之二種住宅區
萬華區,華中,4,356,0,第三之二種住宅區
萬華區,華中,4,357,0,第三之二種住宅區
萬華區,華中,4,358,0,第三之二種住宅區
萬華區,華中,4,359,0,第三之二種住宅區
萬華區,華中,4,359,1,第三之二種住宅區
萬華區,華中,4,360,0,第三之二種住宅區
萬華區,華中,4,361,0,道路用地(公共設施用地)
萬華區,華中,4,362,0,道路用地(公共設施用地)
萬華區,華中,4,363,0,第三之二種住宅區
萬華區,華中,4,363,1,第三之二種住宅區
萬華區,華中,4,364,0,第三之二種住宅區
萬華區,華中,4,365,0,第三之二種住宅區
萬華區,華中,4,366,0,第三之二種住宅區
萬華區,華中,4,367,0,第三種住宅區及第三之二種住宅區及道路用地(公共設施用地)
萬華區,華中,4,368,0,第三種住宅區及第三之二種住宅區
萬華區,華中,4,369,0,第三種住宅區及第三之二種住宅區
萬華區,華中,4,370,0,第三種住宅區及第三之二種住宅區
萬華區,華中,4,371,0,第三種住宅區及第三之二種住宅區
萬華區,華中,4,372,0,第三之二種住宅區
萬華區,華中,4,373,0,第三之二種住宅區
萬華區,華中,4,374,0,第三之二種住宅區
萬華區,華中,4,375,0,第三之二種住宅區
萬華區,華中,4,376,0,道路用地(公共設施用地)
萬華區,華中,4,377,0,"道路用地(公共設施用地),但是否在第三之二種住宅區(應依建築線或俟地籍測量分割後,再確定)"
萬華區,華中,4,378,0,第三之二種住宅區
萬華區,華中,4,379,0,第三之二種住宅區
萬華區,華中,4,380,0,第三之二種住宅區
萬華區,華中,4,381,0,第三之二種住宅區
萬華區,華中,4,382,0,第三種住宅區
萬華區,華中,4,382,1,第三之二種住宅區
萬華區,華中,4,383,0,第三種住宅區
萬華區,華中,4,383,1,第三之二種住宅區
萬華區,華中,4,384,0,第三種住宅區
萬華區,華中,4,384,1,第三之二種住宅區
萬華區,華中,4,385,0,第三種住宅區
萬華區,華中,4,385,1,第三之二種住宅區
萬華區,華中,4,386,0,道路用地(公共設施用地)
萬華區,華中,4,386,1,第三種住宅區
萬華區,華中,4,386,2,道路用地(公共設施用地)
萬華區,華中,4,386,3,道路用地(公共設施用地)
萬華區,華中,4,386,4,道路用地(公共設施用地)
萬華區,華中,4,387,0,第三種住宅區
萬華區,華中,4,388,0,第三種住宅區
萬華區,華中,4,388,1,第三之二種住宅區
萬華區,華中,4,389,0,第三種住宅區
萬華區,華中,4,389,1,第三之二種住宅區
萬華區,華中,4,390,0,第三之二種住宅區
萬華區,華中,4,391,0,第三之二種住宅區
萬華區,華中,4,392,0,第三之二種住宅區
萬華區,華中,4,393,0,第三之二種住宅區
萬華區,華中,4,394,0,第三之二種住宅區
萬華區,華中,4,395,0,第三之二種住宅區
萬華區,華中,4,396,0,第三之二種住宅區
萬華區,華中,4,397,0,第三之二種住宅區
萬華區,華中,4,398,0,第三之二種住宅區
萬華區,華中,4,399,0,道路用地(公共設施用地)
萬華區,華中,4,399,1,河川區
萬華區,華中,4,399,2,河川區
萬華區,華中,4,400,0,河川區
萬華區,華中,4,400,1,河川區
萬華區,華中,4,400,2,河川區
萬華區,華中,4,434,0,道路用地(公共設施用地)
萬華區,華中,4,434,2,河川區
萬華區,華中,4,434,3,河川區
萬華區,華中,4,435,0,河川區
萬華區,華中,4,437,1,河川區
萬華區,華中,4,438,1,河川區
萬華區,華中,4,440,0,河川區
萬華區,華中,4,440,3,河川區
萬華區,華中,4,440,4,河川區
萬華區,華中,4,440,11,河川區
萬華區,華中,4,440,12,河川區
萬華區,華中,4,440,13,河川區
萬華區,華中,4,441,0,河川區
萬華區,華中,4,442,0,河川區
萬華區,華中,4,443,0,河川區
萬華區,華中,4,464,0,河川區
萬華區,華中,4,465,0,河川區
萬華區,華中,4,468,0,河川區
萬華區,華中,4,494,0,河川區
萬華區,華中,4,511,0,河川區
萬華區,華中,4,522,0,河川區
萬華區,華中,4,528,0,河川區
萬華區,華中,4,538,0,河川區
萬華區,華中,4,540,0,河川區
萬華區,華中,4,541,0,河川區
萬華區,華中,4,547,0,河川區
萬華區,華中,4,552,0,河川區
萬華區,華中,4,553,0,河川區
萬華區,華中,4,554,0,河川區
萬華區,華江,1,1,0,第四種住宅區
萬華區,華江,1,2,0,道路用地(公共設施用地)
萬華區,華江,1,2,2,道路用地(公共設施用地)
萬華區,華江,1,2,3,第四種住宅區
萬華區,華江,1,2,5,公共服務設施用地(公共設施用地)(供公務機關、區民活動中心、圖書館、商場及再生家具拍賣展示場使用)
萬華區,華江,1,3,4,公園用地(公共設施用地)
萬華區,華江,1,4,0,第四種住宅區
萬華區,華江,1,4,1,道路用地(公共設施用地)
萬華區,華江,1,5,0,第四種住宅區
萬華區,華江,1,5,1,道路用地(公共設施用地)
萬華區,華江,1,6,0,第四種住宅區
萬華區,華江,1,6,1,道路用地(公共設施用地)
萬華區,華江,1,7,1,道路用地(公共設施用地)
萬華區,華江,1,8,1,道路用地(公共設施用地)
萬華區,華江,1,9,1,道路用地(公共設施用地)
萬華區,華江,1,10,1,道路用地(公共設施用地)
萬華區,華江,1,11,1,道路用地(公共設施用地)
萬華區,華江,1,12,1,道路用地(公共設施用地)
萬華區,華江,1,13,1,道路用地(公共設施用地)
萬華區,華江,1,15,0,第四種住宅區
萬華區,華江,1,16,0,第四種住宅區
萬華區,華江,1,16,1,道路用地(公共設施用地)
萬華區,華江,1,17,0,第四種住宅區
萬華區,華江,1,17,1,道路用地(公共設施用地)
萬華區,華江,1,18,0,第四種住宅區
萬華區,華江,1,18,1,道路用地(公共設施用地)
萬華區,華江,1,19,0,第四種住宅區
萬華區,華江,1,20,0,第四種住宅區
萬華區,華江,1,21,0,第四種住宅區
萬華區,華江,1,21,1,道路用地(公共設施用地)
萬華區,華江,1,22,0,第四種住宅區
萬華區,華江,1,22,1,道路用地(公共設施用地)
萬華區,華江,1,23,0,第四種住宅區
萬華區,華江,1,23,1,道路用地(公共設施用地)
萬華區,華江,1,24,0,第四種住宅區
萬華區,華江,1,24,1,道路用地(公共設施用地)
萬華區,華江,1,25,0,第四種住宅區
萬華區,華江,1,26,0,第四種住宅區
萬華區,華江,1,27,0,第四種住宅區
萬華區,華江,1,27,1,道路用地(公共設施用地)
萬華區,華江,1,28,0,第四種住宅區
萬華區,華江,1,28,1,道路用地(公共設施用地)
萬華區,華江,1,29,0,第四種住宅區
萬華區,華江,1,29,1,道路用地(公共設施用地)
萬華區,華江,1,30,0,第四種住宅區
萬華區,華江,1,31,0,第四種住宅區
萬華區,華江,1,32,0,第四種住宅區
萬華區,華江,1,32,1,道路用地(公共設施用地)
萬華區,華江,1,33,0,第四種住宅區
萬華區,華江,1,33,2,道路用地(公共設施用地)
萬華區,華江,1,34,0,第四之一種住宅區及第四種住宅區
萬華區,華江,1,34,2,道路用地(公共設施用地)
萬華區,華江,1,34,4,"第四之一種住宅區,但是否在第四種住宅區(應依建築線或俟地籍測量分割後,再確定)"
萬華區,華江,1,34,5,道路用地(公共設施用地)
萬華區,華江,1,34,6,第四種住宅區
萬華區,華江,1,34,7,道路用地(公共設施用地)
萬華區,華江,1,35,0,第四之一種住宅區
萬華區,華江,1,35,1,道路用地(公共設施用地)
萬華區,華江,1,36,0,第四之一種住宅區
萬華區,華江,1,36,1,道路用地(公共設施用地)
萬華區,華江,1,37,0,第四之一種住宅區
萬華區,華江,1,37,1,道路用地(公共設施用地)
萬華區,華江,1,38,0,第四之一種住宅區
萬華區,華江,1,38,1,道路用地(公共設施用地)
萬華區,華江,1,39,0,第四之一種住宅區
萬華區,華江,1,39,1,道路用地(公共設施用地)
萬華區,華江,1,40,0,第四之一種住宅區及第四種住宅區
萬華區,華江,1,40,1,道路用地(公共設施用地)
萬華區,華江,1,41,0,"第四種住宅區,但是否在第四之一種住宅區(應依建築線或俟地籍測量分割後,再確定)"
萬華區,華江,1,41,1,道路用地(公共設施用地)
萬華區,華江,1,42,0,第四種住宅區
萬華區,華江,1,42,1,道路用地(公共設施用地)
萬華區,華江,1,43,0,第四種住宅區
萬華區,華江,1,43,1,道路用地(公共設施用地)
萬華區,華江,1,44,0,第四種住宅區
萬華區,華江,1,44,1,道路用地(公共設施用地)
萬華區,華江,1,45,0,第四種住宅區
萬華區,華江,1,45,1,道路用地(公共設施用地)
萬華區,華江,1,46,0,第四種住宅區
萬華區,華江,1,46,1,道路用地(公共設施用地)
萬華區,華江,1,47,0,第四種住宅區
萬華區,華江,1,47,1,道路用地(公共設施用地)
萬華區,華江,1,48,0,第四種住宅區
萬華區,華江,1,48,1,道路用地(公共設施用地)
萬華區,華江,1,49,0,第四種住宅區
萬華區,華江,1,49,2,道路用地(公共設施用地)
萬華區,華江,1,49,3,道路用地(公共設施用地)
萬華區,華江,1,50,0,第四種住宅區
萬華區,華江,1,50,1,道路用地(公共設施用地)
萬華區,華江,1,51,0,第四種住宅區
萬華區,華江,1,52,0,第四種住宅區
萬華區,華江,1,53,0,第四種住宅區及第四之一種住宅區
萬華區,華江,1,54,0,第四種住宅區及第四之一種住宅區
萬華區,華江,1,55,0,第四種住宅區及第四之一種住宅區
萬華區,華江,1,56,0,第四種住宅區及第四之一種住宅區
萬華區,華江,1,57,0,第四種住宅區及第四之一種住宅區
萬華區,華江,1,58,0,第四種住宅區及第四之一種住宅區
萬華區,華江,1,59,0,第四之一種住宅區
萬華區,華江,1,60,0,第四之一種住宅區
萬華區,華江,1,61,0,第四之一種住宅區
萬華區,華江,1,62,0,第四之一種住宅區
萬華區,華江,1,63,0,第四之一種住宅區
萬華區,華江,1,64,0,第四之一種住宅區
萬華區,華江,1,65,0,第四之一種住宅區
萬華區,華江,1,66,0,第四之一種住宅區
萬華區,華江,1,67,0,第四之一種住宅區
萬華區,華江,1,68,0,第四之一種住宅區
萬華區,華江,1,69,0,第四之一種住宅區
萬華區,華江,1,70,0,第四之一種住宅區
萬華區,華江,1,71,0,第四之一種住宅區
萬華區,華江,1,72,0,第四之一種住宅區
萬華區,華江,1,73,0,第四之一種住宅區
萬華區,華江,1,80,0,第四之一種住宅區
萬華區,華江,1,81,0,第四之一種住宅區
萬華區,華江,1,82,0,第四之一種住宅區
萬華區,華江,1,83,0,第四之一種住宅區
萬華區,華江,1,84,0,第四之一種住宅區
萬華區,華江,1,85,0,第四之一種住宅區
萬華區,華江,1,86,0,第四之一種住宅區
萬華區,華江,1,87,0,第四之一種住宅區
萬華區,華江,1,88,0,第四之一種住宅區
萬華區,華江,1,89,0,第四之一種住宅區
萬華區,華江,1,89,1,道路用地(公共設施用地)
萬華區,華江,1,90,0,第四之一種住宅區
萬華區,華江,1,90,1,道路用地(公共設施用地)
萬華區,華江,1,91,0,第四之一種住宅區
萬華區,華江,1,91,1,道路用地(公共設施用地)
萬華區,華江,1,92,0,第四之一種住宅區
萬華區,華江,1,92,1,道路用地(公共設施用地)
萬華區,華江,1,93,0,第四之一種住宅區
萬華區,華江,1,93,1,道路用地(公共設施用地)
萬華區,華江,1,94,0,第四之一種住宅區
萬華區,華江,1,94,1,道路用地(公共設施用地)
萬華區,華江,1,95,0,第四之一種住宅區
萬華區,華江,1,95,1,道路用地(公共設施用地)
萬華區,華江,1,96,0,第四之一種住宅區
萬華區,華江,1,96,1,道路用地(公共設施用地)
萬華區,華江,1,96,2,道路用地(公共設施用地)
萬華區,華江,1,97,1,道路用地(公共設施用地)
萬華區,華江,1,98,1,道路用地(公共設施用地)
萬華區,華江,1,99,1,道路用地(公共設施用地)
萬華區,華江,1,100,1,道路用地(公共設施用地)
萬華區,華江,1,101,1,道路用地(公共設施用地)
萬華區,華江,1,102,1,道路用地(公共設施用地)
萬華區,華江,1,112,0,"第四之一種住宅區,但是否在第四種住宅區(應依建築線或俟地籍測量分割後,再確定)"
萬華區,華江,1,113,0,"第四之一種住宅區,但是否在第四種住宅區(應依建築線或俟地籍測量分割後,再確定)"
萬華區,華江,1,114,0,"第四之一種住宅區,但是否在第四種住宅區(應依建築線或俟地籍測量分割後,再確定)"
萬華區,華江,1,115,0,"第四之一種住宅區,但是否在第四種住宅區(應依建築線或俟地籍測量分割後,再確定)"
萬華區,華江,1,116,0,"第四之一種住宅區,但是否在第四種住宅區(應依建築線或俟地籍測量分割後,再確定)"
萬華區,華江,1,117,0,"第四之一種住宅區,但是否在第四種住宅區(應依建築線或俟地籍測量分割後,再確定)"
萬華區,華江,1,118,0,"第四之一種住宅區,但是否在第四種住宅區(應依建築線或俟地籍測量分割後,再確定)"
萬華區,華江,1,119,0,第四種住宅區
萬華區,華江,1,122,1,道路用地(公共設施用地)
萬華區,華江,1,123,0,第四種住宅區
萬華區,華江,1,123,1,道路用地(公共設施用地)
萬華區,華江,1,124,0,第四種住宅區
萬華區,華江,1,124,1,道路用地(公共設施用地)
萬華區,華江,1,125,0,第四種住宅區
萬華區,華江,1,125,1,道路用地(公共設施用地)
萬華區,華江,1,126,0,第四種住宅區
萬華區,華江,1,126,1,道路用地(公共設施用地)
萬華區,華江,1,127,1,道路用地(公共設施用地)
萬華區,華江,1,128,1,道路用地(公共設施用地)
萬華區,華江,1,129,1,道路用地(公共設施用地)
萬華區,華江,1,130,0,第四種住宅區
萬華區,華江,1,136,0,"第四種住宅區,但是否在道路用地(公共設施用地)(應依建築線或俟地籍測量分割後,再確定)"
萬華區,華江,1,136,2,道路用地(公共設施用地)
萬華區,華江,1,137,0,第四種住宅區
萬華區,華江,1,138,0,第四種住宅區
萬華區,華江,1,141,0,"第四之一種住宅區,但是否在第四種住宅區(應依建築線或俟地籍測量分割後,再確定)"
萬華區,華江,1,142,0,第四種住宅區及第四之一種住宅區
萬華區,華江,1,143,0,第四種住宅區
萬華區,華江,1,144,0,第四種住宅區
萬華區,華江,1,145,0,第四種住宅區
萬華區,華江,1,146,0,第四種住宅區
萬華區,華江,1,149,0,第四種住宅區
萬華區,華江,1,150,0,第四種住宅區
萬華區,華江,1,151,0,第四種住宅區
萬華區,華江,1,152,0,第四種住宅區
萬華區,華江,1,153,0,"第四種住宅區,但是否在第四之一種住宅區(應依建築線或俟地籍測量分割後,再確定)"
萬華區,華江,1,154,0,"第四種住宅區,但是否在第四之一種住宅區(應依建築線或俟地籍測量分割後,再確定)"
萬華區,華江,1,154,1,道路用地(公共設施用地)
萬華區,華江,1,155,0,第四種住宅區
萬華區,華江,1,155,1,道路用地(公共設施用地)
萬華區,華江,1,156,0,第四種住宅區
萬華區,華江,1,156,1,道路用地(公共設施用地)
萬華區,華江,1,157,0,第四種住宅區
萬華區,華江,1,157,1,道路用地(公共設施用地)
萬華區,華江,1,158,0,第四種住宅區
萬華區,華江,1,158,1,道路用地(公共設施用地)
萬華區,華江,1,166,0,第四種住宅區
萬華區,華江,1,166,2,"第四種住宅區,但是否在道路用地(公共設施用地)(應依建築線或俟地籍測量分割後,再確定)"
萬華區,華江,1,166,6,道路用地(公共設施用地)
萬華區,華江,1,168,0,第四種住宅區
萬華區,華江,1,172,0,第四種住宅區
萬華區,華江,1,173,0,第四種住宅區
萬華區,華江,1,174,0,第四種住宅區
萬華區,華江,1,175,0,第四種住宅區
萬華區,華江,1,176,0,第四種住宅區
萬華區,華江,1,177,0,第四種住宅區
萬華區,華江,1,178,0,第四種住宅區
萬華區,華江,1,179,0,第四種住宅區
萬華區,華江,1,180,0,第四種住宅區
萬華區,華江,1,181,0,第四種住宅區
萬華區,華江,1,182,0,第四種住宅區
萬華區,華江,1,183,0,第四種住宅區
萬華區,華江,1,183,1,道路用地(公共設施用地)
萬華區,華江,1,184,0,道路用地(公共設施用地)
萬華區,華江,1,185,0,第四種住宅區
萬華區,華江,1,185,2,道路用地(公共設施用地)
萬華區,華江,1,186,0,第四種住宅區
萬華區,華江,1,186,1,道路用地(公共設施用地)
萬華區,華江,1,187,0,第四種住宅區
萬華區,華江,1,188,0,第四種住宅區
萬華區,華江,1,189,0,第四種住宅區
萬華區,華江,1,190,0,第四種住宅區
萬華區,華江,1,191,0,第四種住宅區
萬華區,華江,1,192,0,第四種住宅區
萬華區,華江,1,193,0,第四種住宅區
萬華區,華江,1,194,0,第四種住宅區
萬華區,華江,1,194,1,第四種住宅區
萬華區,華江,1,195,0,第四種住宅區
萬華區,華江,1,196,0,第四種住宅區
萬華區,華江,1,197,0,第四種住宅區
萬華區,華江,1,197,1,道路用地(公共設施用地)
萬華區,華江,1,198,0,第四種住宅區
萬華區,華江,1,199,0,第四種住宅區
萬華區,華江,1,199,1,道路用地(公共設施用地)
萬華區,華江,1,200,0,第四種住宅區
萬華區,華江,1,200,1,道路用地(公共設施用地)
萬華區,華江,1,201,0,第四種住宅區
萬華區,華江,1,202,0,第四種住宅區
萬華區,華江,1,202,1,道路用地(公共設施用地)
萬華區,華江,1,203,0,第四種住宅區
萬華區,華江,1,203,1,道路用地(公共設施用地)
萬華區,華江,1,203,2,第四種住宅區
萬華區,華江,1,204,0,第四種住宅區
萬華區,華江,1,205,0,第四種住宅區
萬華區,華江,1,206,0,第四種住宅區
萬華區,華江,1,207,0,第四種住宅區
萬華區,華江,1,208,0,第四種住宅區
萬華區,華江,1,208,2,道路用地(公共設施用地)
萬華區,華江,1,208,3,第四種住宅區
萬華區,華江,1,210,0,第四種住宅區
萬華區,華江,1,210,4,道路用地(公共設施用地)
萬華區,華江,1,211,0,第四種住宅區
萬華區,華江,1,212,0,第四種住宅區
萬華區,華江,1,213,0,第四種住宅區
萬華區,華江,1,214,0,第四種住宅區
萬華區,華江,1,215,0,第四種住宅區
萬華區,華江,1,216,0,第四種住宅區
萬華區,華江,1,217,0,第四種住宅區
萬華區,華江,1,218,0,第四種住宅區
萬華區,華江,1,219,0,第四種住宅區
萬華區,華江,1,220,0,第四種住宅區
萬華區,華江,1,220,1,道路用地(公共設施用地)
萬華區,華江,1,221,0,道路用地(公共設施用地)
萬華區,華江,1,222,0,第四種住宅區
萬華區,華江,1,222,1,道路用地(公共設施用地)
萬華區,華江,1,223,0,第四種住宅區
萬華區,華江,1,224,0,第四種住宅區
萬華區,華江,1,225,0,第四種住宅區
萬華區,華江,1,226,0,第四種住宅區
萬華區,華江,1,227,0,第四種住宅區
萬華區,華江,1,228,0,第四種住宅區
萬華區,華江,1,229,0,第四種住宅區
萬華區,華江,1,230,0,第四種住宅區
萬華區,華江,1,231,0,第四種住宅區
萬華區,華江,1,232,0,第四種住宅區
萬華區,華江,1,233,0,第四種住宅區
萬華區,華江,1,233,1,道路用地(公共設施用地)
萬華區,華江,1,234,0,第四種住宅區
萬華區,華江,1,234,1,道路用地(公共設施用地)
萬華區,華江,1,235,0,第四種住宅區
萬華區,華江,1,236,0,第四種住宅區
萬華區,華江,1,237,0,第四種住宅區
萬華區,華江,1,238,0,第四種住宅區
萬華區,華江,1,239,0,第四種住宅區
萬華區,華江,1,240,0,第四種住宅區
萬華區,華江,1,241,0,第四種住宅區
萬華區,華江,1,242,0,第四種住宅區
萬華區,華江,1,243,0,第四種住宅區
萬華區,華江,1,244,0,第四種住宅區
萬華區,華江,1,245,0,第四種住宅區
萬華區,華江,1,246,0,第四種住宅區
萬華區,華江,1,247,0,第四種住宅區
萬華區,華江,1,248,0,第四種住宅區
萬華區,華江,1,249,0,第四種住宅區
萬華區,華江,1,250,0,第四種住宅區
萬華區,華江,1,250,2,第四種住宅區
萬華區,華江,1,250,3,第四種住宅區
萬華區,華江,1,250,4,第四種住宅區
萬華區,華江,1,250,5,第四種住宅區
萬華區,華江,1,251,0,第四種住宅區
萬華區,華江,1,252,0,第四種住宅區
萬華區,華江,1,253,0,第四種住宅區
萬華區,華江,1,254,0,第四種住宅區
萬華區,華江,1,255,0,第四種住宅區
萬華區,華江,1,256,0,第四種住宅區
萬華區,華江,1,257,0,第四種住宅區
萬華區,華江,1,258,0,第四種住宅區
萬華區,華江,1,259,0,第四種住宅區
萬華區,華江,1,260,0,第四種住宅區
萬華區,華江,1,261,0,第四種住宅區
萬華區,華江,1,262,0,第四種住宅區
萬華區,華江,1,263,0,第四種住宅區
萬華區,華江,1,264,0,第四種住宅區
萬華區,華江,1,265,0,第四種住宅區
萬華區,華江,1,266,0,第四種住宅區
萬華區,華江,1,267,0,第四種住宅區
萬華區,華江,1,268,0,第四種住宅區
萬華區,華江,1,269,0,第四種住宅區
萬華區,華江,1,270,0,第四種住宅區
萬華區,華江,1,271,0,第四種住宅區
萬華區,華江,1,272,0,第四種住宅區
萬華區,華江,1,272,1,道路用地(公共設施用地)
萬華區,華江,1,273,0,第四種住宅區
萬華區,華江,1,273,1,道路用地(公共設施用地)
萬華區,華江,1,274,0,第四種住宅區
萬華區,華江,1,274,1,道路用地(公共設施用地)
萬華區,華江,1,275,0,第四種住宅區
萬華區,華江,1,276,0,第四種住宅區
萬華區,華江,1,277,0,第四種住宅區
萬華區,華江,1,278,0,第四種住宅區
萬華區,華江,1,278,1,道路用地(公共設施用地)
萬華區,華江,1,279,0,第四種住宅區
萬華區,華江,1,279,1,道路用地(公共設施用地)
萬華區,華江,1,280,0,第四種住宅區
萬華區,華江,1,280,1,道路用地(公共設施用地)
萬華區,華江,1,281,0,第四種住宅區
萬華區,華江,1,282,0,第四種住宅區
萬華區,華江,1,283,0,第四種住宅區
萬華區,華江,1,283,1,道路用地(公共設施用地)
萬華區,華江,1,284,0,第四種住宅區
萬華區,華江,1,284,1,道路用地(公共設施用地)
萬華區,華江,1,285,0,第四種住宅區
萬華區,華江,1,286,0,第四種住宅區
萬華區,華江,1,287,0,第四種住宅區
萬華區,華江,1,287,1,道路用地(公共設施用地)
萬華區,華江,1,288,0,第四種住宅區
萬華區,華江,1,288,1,道路用地(公共設施用地)
萬華區,華江,1,289,0,第四種住宅區
萬華區,華江,1,290,0,第四種住宅區
萬華區,華江,1,291,0,第四種住宅區
萬華區,華江,1,291,1,道路用地(公共設施用地)
萬華區,華江,1,292,0,第四種住宅區
萬華區,華江,1,292,1,道路用地(公共設施用地)
萬華區,華江,1,293,0,第四種住宅區
萬華區,華江,1,294,0,第四種住宅區
萬華區,華江,1,294,1,道路用地(公共設施用地)
萬華區,華江,1,295,0,第四種住宅區
萬華區,華江,1,295,1,道路用地(公共設施用地)
萬華區,華江,1,296,0,道路用地(公共設施用地)
萬華區,華江,1,297,0,第四種住宅區
萬華區,華江,1,297,1,道路用地(公共設施用地)
萬華區,華江,1,298,0,第四種住宅區
萬華區,華江,1,298,1,道路用地(公共設施用地)
萬華區,華江,1,299,0,第四種住宅區
萬華區,華江,1,299,1,道路用地(公共設施用地)
萬華區,華江,1,300,0,第四種住宅區
萬華區,華江,1,300,1,道路用地(公共設施用地)
萬華區,華江,1,301,0,第四種住宅區
萬華區,華江,1,301,1,道路用地(公共設施用地)
萬華區,華江,1,302,0,第四種住宅區
萬華區,華江,1,302,1,道路用地(公共設施用地)
萬華區,華江,1,303,0,第四種住宅區
萬華區,華江,1,304,0,第四種住宅區
萬華區,華江,1,305,0,第四種住宅區
萬華區,華江,1,306,0,第四種住宅區
萬華區,華江,1,307,0,第四種住宅區
萬華區,華江,1,308,0,第四種住宅區
萬華區,華江,1,308,1,道路用地(公共設施用地)
萬華區,華江,1,309,0,第四種住宅區
萬華區,華江,1,309,1,道路用地(公共設施用地)
萬華區,華江,1,310,0,第四種住宅區
萬華區,華江,1,311,0,第四種住宅區
萬華區,華江,1,312,0,第四種住宅區
萬華區,華江,1,313,0,第四種住宅區
萬華區,華江,1,314,0,第四種住宅區
萬華區,華江,1,315,0,第四種住宅區
萬華區,華江,1,315,1,道路用地(公共設施用地)
萬華區,華江,1,316,0,第四種住宅區
萬華區,華江,1,317,0,第四種住宅區
萬華區,華江,1,317,1,道路用地(公共設施用地)
萬華區,華江,1,317,2,第四種住宅區
萬華區,華江,1,318,0,第四種住宅區
萬華區,華江,1,319,0,第四種住宅區
萬華區,華江,1,320,0,第四種住宅區
萬華區,華江,1,320,1,道路用地(公共設施用地)
萬華區,華江,1,320,2,第四種住宅區
萬華區,華江,1,321,0,第四種住宅區
萬華區,華江,1,322,0,第四種住宅區
萬華區,華江,1,323,0,第四種住宅區
萬華區,華江,1,323,1,道路用地(公共設施用地)
萬華區,華江,1,324,0,第四種住宅區
萬華區,華江,1,324,1,道路用地(公共設施用地)
萬華區,華江,1,325,0,第四種住宅區
萬華區,華江,1,325,1,道路用地(公共設施用地)
萬華區,華江,1,326,0,第四種住宅區
萬華區,華江,1,326,1,道路用地(公共設施用地)
萬華區,華江,1,327,0,第四種住宅區
萬華區,華江,1,327,1,道路用地(公共設施用地)
萬華區,華江,1,328,0,第四種住宅區
萬華區,華江,1,328,1,道路用地(公共設施用地)
萬華區,華江,1,329,0,第四種住宅區
萬華區,華江,1,329,1,道路用地(公共設施用地)
萬華區,華江,1,330,0,第四種住宅區
萬華區,華江,1,330,1,道路用地(公共設施用地)
萬華區,華江,1,331,0,第四種住宅區
萬華區,華江,1,331,1,道路用地(公共設施用地)
萬華區,華江,1,332,0,第四種住宅區
萬華區,華江,1,332,1,道路用地(公共設施用地)
萬華區,華江,1,333,0,第四種住宅區
萬華區,華江,1,333,1,道路用地(公共設施用地)
萬華區,華江,1,334,0,第四種住宅區
萬華區,華江,1,334,1,道路用地(公共設施用地)
萬華區,華江,1,335,0,第四種住宅區
萬華區,華江,1,335,1,道路用地(公共設施用地)
萬華區,華江,1,336,0,第四種住宅區
萬華區,華江,1,336,1,道路用地(公共設施用地)
萬華區,華江,1,337,0,道路用地(公共設施用地)
萬華區,華江,1,338,0,第四種住宅區
萬華區,華江,1,338,1,道路用地(公共設施用地)
萬華區,華江,1,339,0,第四種住宅區
萬華區,華江,1,339,1,道路用地(公共設施用地)
萬華區,華江,1,340,0,第四種住宅區
萬華區,華江,1,340,1,道路用地(公共設施用地)
萬華區,華江,1,341,0,第四種住宅區
萬華區,華江,1,341,1,道路用地(公共設施用地)
萬華區,華江,1,342,0,第四種住宅區
萬華區,華江,1,342,1,道路用地(公共設施用地)
萬華區,華江,1,343,0,第四種住宅區
萬華區,華江,1,343,1,道路用地(公共設施用地)
萬華區,華江,1,344,0,第四種住宅區
萬華區,華江,1,344,1,道路用地(公共設施用地)
萬華區,華江,1,345,0,第四種住宅區
萬華區,華江,1,345,1,道路用地(公共設施用地)
萬華區,華江,1,346,0,道路用地(公共設施用地)
萬華區,華江,1,347,0,道路用地(公共設施用地)
萬華區,華江,1,348,0,第四種住宅區
萬華區,華江,1,348,1,道路用地(公共設施用地)
萬華區,華江,1,348,2,第四種住宅區
萬華區,華江,1,348,3,第四種住宅區
萬華區,華江,1,349,0,第四種住宅區
萬華區,華江,1,350,0,第四種住宅區
萬華區,華江,1,351,0,第四種住宅區
萬華區,華江,1,352,0,第四種住宅區
萬華區,華江,1,353,0,第四種住宅區
萬華區,華江,1,354,0,第四種住宅區
萬華區,華江,1,355,0,第四種住宅區
萬華區,華江,1,356,0,第四種住宅區
萬華區,華江,1,357,0,第四種住宅區
萬華區,華江,1,358,0,第四種住宅區
萬華區,華江,1,359,0,第四種住宅區
萬華區,華江,1,360,0,第四種住宅區
萬華區,華江,1,361,0,第四種住宅區
萬華區,華江,1,362,0,第四種住宅區
萬華區,華江,1,362,1,道路用地(公共設施用地)
萬華區,華江,1,363,0,道路用地(公共設施用地)
萬華區,華江,1,364,0,第四種住宅區
萬華區,華江,1,364,1,道路用地(公共設施用地)
萬華區,華江,1,364,2,第四種住宅區
萬華區,華江,1,365,1,第四種住宅區
萬華區,華江,1,366,0,第四種住宅區
萬華區,華江,1,367,0,第四種住宅區
萬華區,華江,1,368,0,第四種住宅區
萬華區,華江,1,369,0,第四種住宅區
萬華區,華江,1,370,0,第四種住宅區
萬華區,華江,1,371,0,第四種住宅區
萬華區,華江,1,372,0,第四種住宅區
萬華區,華江,1,373,0,第四種住宅區
萬華區,華江,1,374,0,第四種住宅區
萬華區,華江,1,375,0,第四種住宅區
萬華區,華江,1,388,1,道路用地(公共設施用地)
萬華區,華江,1,389,0,第四種住宅區
萬華區,華江,1,389,1,道路用地(公共設施用地)
萬華區,華江,1,390,0,第四種住宅區
萬華區,華江,1,391,0,第四種住宅區
萬華區,華江,1,392,0,第四種住宅區
萬華區,華江,1,393,0,第四種住宅區
萬華區,華江,1,394,0,第四種住宅區
萬華區,華江,1,395,0,第四種住宅區
萬華區,華江,1,396,0,第四種住宅區
萬華區,華江,1,397,0,第四種住宅區
萬華區,華江,1,398,0,第四種住宅區
萬華區,華江,1,399,0,第四種住宅區
萬華區,華江,1,400,0,第四種住宅區
萬華區,華江,1,401,0,第四種住宅區
萬華區,華江,1,402,0,第四種住宅區
萬華區,華江,1,403,0,第四種住宅區
萬華區,華江,1,403,1,道路用地(公共設施用地)
萬華區,華江,1,404,0,第四種住宅區
萬華區,華江,1,405,0,第四種住宅區
萬華區,華江,1,406,0,第四種住宅區
萬華區,華江,1,407,0,第四種住宅區
萬華區,華江,1,408,0,第四種住宅區
萬華區,華江,1,409,0,第四種住宅區
萬華區,華江,1,410,0,第四種住宅區
萬華區,華江,1,411,0,第四種住宅區
萬華區,華江,1,412,0,第四種住宅區
萬華區,華江,1,413,0,第四種住宅區
萬華區,華江,1,414,0,第四種住宅區
萬華區,華江,1,415,0,第四種住宅區
萬華區,華江,1,415,1,道路用地(公共設施用地)
萬華區,華江,1,416,1,道路用地(公共設施用地)
萬華區,華江,1,417,1,道路用地(公共設施用地)
萬華區,華江,1,423,0,第四種住宅區
萬華區,華江,1,424,0,第四種住宅區
萬華區,華江,1,425,0,第四種住宅區
萬華區,華江,1,426,0,第四種住宅區
萬華區,華江,1,427,0,第四種住宅區
萬華區,華江,1,428,0,第四種住宅區
萬華區,華江,1,429,0,第四種住宅區
萬華區,華江,1,430,0,第四種住宅區
萬華區,華江,1,431,0,第四種住宅區
萬華區,華江,1,432,0,第四種住宅區
萬華區,華江,1,433,0,第四種住宅區
萬華區,華江,1,434,0,第四種住宅區
萬華區,華江,1,435,0,第四種住宅區
萬華區,華江,1,436,0,第四種住宅區
萬華區,華江,1,437,0,第四種住宅區
萬華區,華江,1,438,0,第四種住宅區
萬華區,華江,1,439,0,第四種住宅區
萬華區,華江,1,440,0,第四種住宅區
萬華區,華江,1,441,0,第四種住宅區
萬華區,華江,1,442,0,第四種住宅區
萬華區,華江,1,443,0,第四種住宅區
萬華區,華江,1,444,0,第四種住宅區
萬華區,華江,1,445,0,第四種住宅區
萬華區,華江,1,446,0,第四種住宅區
萬華區,華江,1,447,0,第四種住宅區
萬華區,華江,1,448,0,第四種住宅區
萬華區,華江,1,449,0,第四種住宅區
萬華區,華江,1,452,0,第四種住宅區
萬華區,華江,1,453,0,第四種住宅區
萬華區,華江,1,454,0,"第四種住宅區,但是否在綠地用地(公共設施用地)(應依建築線或俟地籍測量分割後,再確定)"
萬華區,華江,1,455,0,"第四種住宅區,但是否在綠地用地(公共設施用地)(應依建築線或俟地籍測量分割後,再確定)"
萬華區,華江,1,456,0,綠地用地(公共設施用地)
萬華區,華江,1,456,1,綠地用地(公共設施用地)
萬華區,華江,1,456,2,綠地用地(公共設施用地)
萬華區,華江,1,457,0,第四種住宅區
萬華區,華江,1,458,0,第四種住宅區
萬華區,華江,1,459,0,第四種住宅區
萬華區,華江,1,460,0,第四種住宅區
萬華區,華江,1,466,0,第四種住宅區
萬華區,華江,1,467,0,第四種住宅區
萬華區,華江,1,468,0,第四種住宅區
萬華區,華江,1,469,0,第四種住宅區
萬華區,華江,1,469,1,道路用地(公共設施用地)
萬華區,華江,1,470,0,第四種住宅區
萬華區,華江,1,470,1,道路用地(公共設施用地)
萬華區,華江,1,471,0,第四種住宅區
萬華區,華江,1,471,1,道路用地(公共設施用地)
萬華區,華江,1,472,0,第四種住宅區
萬華區,華江,1,472,1,道路用地(公共設施用地)
萬華區,華江,1,473,0,第四種住宅區
萬華區,華江,1,473,1,道路用地(公共設施用地)
萬華區,華江,1,474,0,第四種住宅區
萬華區,華江,1,474,1,道路用地(公共設施用地)
萬華區,華江,1,476,1,道路用地(公共設施用地)
萬華區,華江,1,477,0,道路用地(公共設施用地)
萬華區,華江,1,478,0,第四種住宅區
萬華區,華江,1,478,1,道路用地(公共設施用地)
萬華區,華江,1,479,0,第四種住宅區
萬華區,華江,1,480,0,第四種住宅區
萬華區,華江,1,481,0,第四種住宅區
萬華區,華江,1,482,0,第四種住宅區
萬華區,華江,1,483,0,第四種住宅區
萬華區,華江,1,484,0,第四種住宅區
萬華區,華江,1,485,0,第四種住宅區
萬華區,華江,1,486,0,第四種住宅區
萬華區,華江,1,487,0,第四種住宅區
萬華區,華江,1,488,0,第四種住宅區
萬華區,華江,1,489,0,第四種住宅區
萬華區,華江,1,490,0,第四種住宅區
萬華區,華江,1,491,0,第四種住宅區
萬華區,華江,1,492,0,第四種住宅區
萬華區,華江,1,493,0,第四種住宅區
萬華區,華江,1,494,0,第四種住宅區
萬華區,華江,1,495,0,第四種住宅區
萬華區,華江,1,496,0,第四種住宅區
萬華區,華江,1,497,0,第四種住宅區
萬華區,華江,1,498,0,第四種住宅區
萬華區,華江,1,499,0,第四種住宅區
萬華區,華江,1,500,0,第四種住宅區
萬華區,華江,1,501,0,第四種住宅區
萬華區,華江,1,502,0,第四種住宅區
萬華區,華江,1,503,0,第四種住宅區
萬華區,華江,1,504,0,第四種住宅區
萬華區,華江,1,505,0,第四種住宅區
萬華區,華江,1,505,1,道路用地(公共設施用地)
萬華區,華江,1,506,0,道路用地(公共設施用地)
萬華區,華江,1,507,0,第四種住宅區
萬華區,華江,1,507,1,道路用地(公共設施用地)
萬華區,華江,1,508,0,第四種住宅區
萬華區,華江,1,509,0,第四種住宅區
萬華區,華江,1,510,0,第四種住宅區
萬華區,華江,1,511,0,第四種住宅區
萬華區,華江,1,512,0,第四種住宅區
萬華區,華江,1,513,0,第四種住宅區
萬華區,華江,1,514,0,第四種住宅區
萬華區,華江,1,515,0,第四種住宅區
萬華區,華江,1,516,0,第四種住宅區
萬華區,華江,1,517,0,第四種住宅區
萬華區,華江,1,518,0,第四種住宅區
萬華區,華江,1,519,0,第四種住宅區
萬華區,華江,1,520,0,第四種住宅區
萬華區,華江,1,521,0,道路用地(公共設施用地)
萬華區,華江,1,522,0,道路用地(公共設施用地)
萬華區,華江,1,523,0,第四種住宅區
萬華區,華江,1,524,0,第四種住宅區
萬華區,華江,1,524,1,道路用地(公共設施用地)
萬華區,華江,1,525,0,第四種住宅區
萬華區,華江,1,525,1,道路用地(公共設施用地)
萬華區,華江,1,526,0,第四種住宅區
萬華區,華江,1,526,1,道路用地(公共設施用地)
萬華區,華江,1,527,0,第四種住宅區
萬華區,華江,1,527,1,道路用地(公共設施用地)
萬華區,華江,1,528,0,第四種住宅區
萬華區,華江,1,528,1,道路用地(公共設施用地)
萬華區,華江,1,529,0,第四種住宅區
萬華區,華江,1,529,1,道路用地(公共設施用地)
萬華區,華江,1,530,0,道路用地(公共設施用地)
萬華區,華江,1,531,0,第四種住宅區
萬華區,華江,1,531,1,道路用地(公共設施用地)
萬華區,華江,1,532,1,道路用地(公共設施用地)
萬華區,華江,1,533,1,道路用地(公共設施用地)
萬華區,華江,1,534,1,道路用地(公共設施用地)
萬華區,華江,1,535,0,第四種住宅區
萬華區,華江,1,535,1,道路用地(公共設施用地)
萬華區,華江,1,536,1,道路用地(公共設施用地)
萬華區,華江,1,537,1,道路用地(公共設施用地)
萬華區,華江,1,538,1,道路用地(公共設施用地)
萬華區,華江,1,539,0,道路用地(公共設施用地)
萬華區,華江,1,539,1,第四種住宅區
萬華區,華江,1,540,0,第四種住宅區
萬華區,華江,1,540,1,道路用地(公共設施用地)
萬華區,華江,1,541,0,第四種住宅區
萬華區,華江,1,541,1,道路用地(公共設施用地)
萬華區,華江,1,542,0,第四種住宅區
萬華區,華江,1,542,1,道路用地(公共設施用地)
萬華區,華江,1,543,0,第四種住宅區
萬華區,華江,1,543,1,道路用地(公共設施用地)
萬華區,華江,1,544,0,第四種住宅區
萬華區,華江,1,544,1,道路用地(公共設施用地)
萬華區,華江,1,547,0,道路用地(公共設施用地)
萬華區,華江,1,548,0,道路用地(公共設施用地)
萬華區,華江,1,549,0,第四種住宅區
萬華區,華江,1,549,1,道路用地(公共設施用地)
萬華區,華江,1,549,2,道路用地(公共設施用地)
萬華區,華江,1,550,0,道路用地(公共設施用地)
萬華區,華江,1,551,0,道路用地(公共設施用地)
萬華區,華江,1,551,1,道路用地(公共設施用地)
萬華區,華江,1,552,0,第四種住宅區
萬華區,華江,1,553,0,第四種住宅區
萬華區,華江,1,554,0,道路用地(公共設施用地)
萬華區,華江,1,555,0,道路用地(公共設施用地)
萬華區,華江,1,556,0,第四種住宅區
萬華區,華江,1,557,0,第四種住宅區
萬華區,華江,1,558,0,道路用地(公共設施用地)
萬華區,華江,1,559,0,道路用地(公共設施用地)
萬華區,華江,1,560,0,第四種住宅區
萬華區,華江,1,565,1,第四種住宅區
萬華區,華江,1,566,0,第四種住宅區
萬華區,華江,1,567,0,第四種住宅區
萬華區,華江,1,568,0,第四種住宅區
萬華區,華江,1,569,0,"第四種住宅區,但是否在綠地用地(公共設施用地)(應依建築線或俟地籍測量分割後,再確定)"
萬華區,華江,1,573,0,第四種住宅區
萬華區,華江,1,574,0,綠地用地(公共設施用地)
萬華區,華江,1,575,0,綠地用地(公共設施用地)
萬華區,華江,1,576,0,第四種住宅區
萬華區,華江,1,577,0,第四種住宅區
萬華區,華江,1,578,0,第四種住宅區
萬華區,華江,1,579,0,第四種住宅區
萬華區,華江,1,580,0,第四種住宅區
萬華區,華江,1,581,0,第四種住宅區
萬華區,華江,1,582,0,第四種住宅區
萬華區,華江,1,583,0,第四種住宅區
萬華區,華江,1,584,0,第四種住宅區
萬華區,華江,1,585,0,第四種住宅區
萬華區,華江,1,586,0,第四種住宅區
萬華區,華江,1,587,0,道路用地(公共設施用地)
萬華區,華江,1,588,0,道路用地(公共設施用地)
萬華區,華江,1,589,0,第四種住宅區
萬華區,華江,1,589,1,道路用地(公共設施用地)
萬華區,華江,1,591,0,第四種住宅區
萬華區,華江,1,592,0,第四種住宅區
萬華區,華江,1,595,0,第四種住宅區及道路用地(公共設施用地)
萬華區,華江,1,596,0,第四種住宅區
萬華區,華江,1,597,0,第四種住宅區
萬華區,華江,1,598,0,第四種住宅區
萬華區,華江,1,599,0,第四種住宅區
萬華區,華江,1,600,0,第四種住宅區
萬華區,華江,1,601,0,第四種住宅區
萬華區,華江,1,602,0,第四種住宅區
萬華區,華江,1,603,0,第四種住宅區
萬華區,華江,1,604,0,第四種住宅區及道路用地(公共設施用地)
萬華區,華江,1,605,0,道路用地(公共設施用地)
萬華區,華江,1,606,0,道路用地(公共設施用地)
萬華區,華江,1,607,0,第四種住宅區
萬華區,華江,1,608,0,第四種住宅區
萬華區,華江,1,609,0,第四種住宅區
萬華區,華江,1,610,0,第四種住宅區
萬華區,華江,1,611,0,第四種住宅區
萬華區,華江,1,612,0,第四種住宅區
萬華區,華江,1,613,0,第四種住宅區
萬華區,華江,1,614,0,第四種住宅區
萬華區,華江,1,615,0,道路用地(公共設施用地)
萬華區,華江,1,616,0,第四種住宅區
萬華區,華江,1,617,0,第四種住宅區
萬華區,華江,1,618,0,第四種住宅區
萬華區,華江,1,619,0,第四種住宅區
萬華區,華江,1,620,0,第四種住宅區
萬華區,華江,1,621,0,第四種住宅區
萬華區,華江,1,622,0,第四種住宅區
萬華區,華江,1,623,0,第四種住宅區
萬華區,華江,1,624,0,第四種住宅區
萬華區,華江,1,625,0,第四種住宅區
萬華區,華江,1,626,0,第四種住宅區
萬華區,華江,1,627,0,第四種住宅區
萬華區,華江,1,628,0,第四種住宅區
萬華區,華江,1,629,0,第四種住宅區
萬華區,華江,1,630,0,第四種住宅區
萬華區,華江,1,631,0,第四種住宅區
萬華區,華江,1,632,0,道路用地(公共設施用地)
萬華區,華江,1,633,0,第四種住宅區
萬華區,華江,1,635,0,第四種住宅區
萬華區,華江,1,636,0,第四種住宅區
萬華區,華江,1,637,0,第四種住宅區
萬華區,華江,1,638,0,第四種住宅區
萬華區,華江,1,639,0,第四種住宅區
萬華區,華江,1,640,0,第四種住宅區
萬華區,華江,1,641,0,第四種住宅區
萬華區,華江,1,642,0,第四種住宅區
萬華區,華江,1,643,0,第四種住宅區
萬華區,華江,1,644,0,第四種住宅區
萬華區,華江,1,645,0,第四種住宅區
萬華區,華江,1,646,0,第四種住宅區
萬華區,華江,1,647,0,第四種住宅區
萬華區,華江,1,648,0,第四種住宅區
萬華區,華江,1,649,0,第四種住宅區
萬華區,華江,1,650,0,第四種住宅區
萬華區,華江,1,651,0,第四種住宅區
萬華區,華江,1,651,1,第四種住宅區
萬華區,華江,1,652,0,第四種住宅區
萬華區,華江,1,652,1,第四種住宅區
萬華區,華江,1,653,0,道路用地(公共設施用地)
萬華區,華江,1,654,0,道路用地(公共設施用地)
萬華區,華江,1,655,0,道路用地(公共設施用地)
萬華區,華江,1,656,0,第四種住宅區
萬華區,華江,1,657,0,第四之一種住宅區
萬華區,華江,1,657,1,第四種住宅區
萬華區,華江,1,658,0,第四之一種住宅區
萬華區,華江,1,659,0,第四之一種住宅區
萬華區,華江,1,660,0,第四之一種住宅區
萬華區,華江,1,661,0,第四之一種住宅區
萬華區,華江,1,662,0,道路用地(公共設施用地)
萬華區,華江,1,662,1,道路用地(公共設施用地)
萬華區,華江,1,663,0,道路用地(公共設施用地)
萬華區,華江,1,664,0,第四之一種住宅區
萬華區,華江,1,665,0,第四之一種住宅區
萬華區,華江,1,665,1,第四種住宅區
萬華區,華江,1,666,0,第四之一種住宅區
萬華區,華江,1,666,1,第四種住宅區
萬華區,華江,1,667,0,第四之一種住宅區
萬華區,華江,1,668,0,第四之一種住宅區
萬華區,華江,1,669,0,第四之一種住宅區
萬華區,華江,1,669,1,第四種住宅區
萬華區,華江,1,670,0,第四之一種住宅區
萬華區,華江,1,670,1,第四種住宅區
萬華區,華江,1,671,0,第四之一種住宅區
萬華區,華江,1,672,0,第四之一種住宅區
萬華區,華江,1,672,1,道路用地(公共設施用地)
萬華區,華江,1,673,0,第四之一種住宅區
萬華區,華江,1,673,1,第四種住宅區
萬華區,華江,1,674,0,第四之一種住宅區
萬華區,華江,1,674,1,第四種住宅區
萬華區,華江,1,675,0,第四之一種住宅區
萬華區,華江,1,675,1,道路用地(公共設施用地)
萬華區,華江,1,676,0,第四之一種住宅區
萬華區,華江,1,676,1,道路用地(公共設施用地)
萬華區,華江,1,677,0,第四之一種住宅區
萬華區,華江,1,678,0,道路用地(公共設施用地)
萬華區,華江,1,679,0,第四之一種住宅區
萬華區,華江,1,680,0,第四之一種住宅區
萬華區,華江,1,681,0,第四之一種住宅區
萬華區,華江,1,682,0,第四之一種住宅區
萬華區,華江,1,683,0,第四之一種住宅區
萬華區,華江,1,684,0,第四之一種住宅區
萬華區,華江,1,685,0,第四之一種住宅區
萬華區,華江,1,685,1,道路用地(公共設施用地)
萬華區,華江,1,686,0,第四之一種住宅區
萬華區,華江,1,686,1,道路用地(公共設施用地)
萬華區,華江,1,687,0,道路用地(公共設施用地)
萬華區,華江,1,688,0,道路用地(公共設施用地)
萬華區,華江,1,688,1,第四之一種住宅區
萬華區,華江,1,689,0,道路用地(公共設施用地)
萬華區,華江,1,690,0,道路用地(公共設施用地)
萬華區,華江,1,691,0,道路用地(公共設施用地)
萬華區,華江,1,692,0,道路用地(公共設施用地)
萬華區,華江,1,692,1,第四種住宅區
萬華區,華江,1,692,2,第四種住宅區
萬華區,華江,1,692,3,道路用地(公共設施用地)
萬華區,華江,1,692,4,道路用地(公共設施用地)
萬華區,華江,1,692,5,道路用地(公共設施用地)
萬華區,華江,1,692,6,道路用地(公共設施用地)
萬華區,華江,1,693,0,道路用地(公共設施用地)
萬華區,華江,1,694,0,道路用地(公共設施用地)
萬華區,華江,1,695,0,道路用地(公共設施用地)
萬華區,華江,1,696,0,道路用地(公共設施用地)
萬華區,華江,1,697,0,道路用地(公共設施用地)
萬華區,華江,1,698,0,第四種住宅區
萬華區,華江,1,698,1,道路用地(公共設施用地)
萬華區,華江,1,698,2,道路用地(公共設施用地)
萬華區,華江,1,699,0,道路用地(公共設施用地)
萬華區,華江,1,700,0,"道路用地(公共設施用地),但是否在第四種住宅區(應依建築線或俟地籍測量分割後,再確定)"
萬華區,華江,1,701,0,"第四種住宅區,但是否在道路用地(公共設施用地)(應依建築線或俟地籍測量分割後,再確定)"
萬華區,華江,1,702,0,道路用地(公共設施用地)
萬華區,華江,1,703,0,道路用地(公共設施用地)
萬華區,華江,1,704,0,第四種住宅區
萬華區,華江,1,705,0,第四種住宅區
萬華區,華江,1,706,0,道路用地(公共設施用地)
萬華區,華江,1,707,0,道路用地(公共設施用地)
萬華區,華江,1,708,0,第四種住宅區
萬華區,華江,1,709,0,第四種住宅區
萬華區,華江,1,710,0,道路用地(公共設施用地)
萬華區,華江,1,711,0,道路用地(公共設施用地)
萬華區,華江,1,712,0,第四種住宅區
萬華區,華江,1,713,0,第四種住宅區
萬華區,華江,1,714,0,第四種住宅區
萬華區,華江,1,715,0,第四種住宅區
萬華區,華江,1,716,0,第四種住宅區
萬華區,華江,1,717,0,第四種住宅區
萬華區,華江,1,718,0,第四種住宅區
萬華區,華江,1,719,0,第四種住宅區
萬華區,華江,1,720,0,第四種住宅區
萬華區,華江,1,721,0,第四種住宅區
萬華區,華江,1,722,0,第四種住宅區
萬華區,華江,1,723,0,第四種住宅區
萬華區,華江,1,724,0,第四種住宅區
萬華區,華江,1,725,0,第四種住宅區
萬華區,華江,1,726,0,第四種住宅區及道路用地(公共設施用地)
萬華區,華江,1,727,0,第四種住宅區
萬華區,華江,1,728,0,第四種住宅區
萬華區,華江,1,729,0,第四種住宅區
萬華區,華江,1,730,0,第四種住宅區
萬華區,華江,1,731,0,第四種住宅區
萬華區,華江,1,732,0,第四種住宅區
萬華區,華江,1,733,0,第四種住宅區
萬華區,華江,1,734,0,第四種住宅區
萬華區,華江,1,735,0,第四種住宅區
萬華區,華江,1,736,0,第四種住宅區
萬華區,華江,1,737,0,第四種住宅區
萬華區,華江,1,738,0,第四種住宅區
萬華區,華江,1,739,0,第四種住宅區
萬華區,華江,1,740,0,第四種住宅區
萬華區,華江,1,741,0,第四種住宅區
萬華區,華江,1,742,0,道路用地(公共設施用地)
萬華區,華江,1,743,0,道路用地(公共設施用地)
萬華區,華江,1,744,0,第四種住宅區
萬華區,華江,1,745,0,第四種住宅區
萬華區,華江,1,746,0,道路用地(公共設施用地)
萬華區,華江,1,747,0,道路用地(公共設施用地)
萬華區,華江,1,748,0,第四種住宅區
萬華區,華江,1,749,0,第四種住宅區
萬華區,華江,1,750,0,道路用地(公共設施用地)
萬華區,華江,1,751,0,道路用地(公共設施用地)
萬華區,華江,1,752,0,第四種住宅區
萬華區,華江,1,752,2,道路用地(公共設施用地)
萬華區,華江,1,753,0,變電所用地(公共設施用地)
萬華區,華江,1,753,1,道路用地(公共設施用地)
萬華區,華江,1,753,3,道路用地(公共設施用地)
萬華區,華江,1,753,6,變電所用地(公共設施用地)
萬華區,華江,1,753,7,變電所用地(公共設施用地)
萬華區,華江,1,753,8,變電所用地(公共設施用地)
萬華區,華江,1,753,9,變電所用地(公共設施用地)
萬華區,華江,1,753,10,變電所用地(公共設施用地)
萬華區,華江,1,754,0,第四之一種住宅區
萬華區,華江,1,754,1,道路用地(公共設施用地)
萬華區,華江,1,755,0,第四之一種住宅區
萬華區,華江,1,755,3,第四種住宅區
萬華區,華江,1,755,4,道路用地(公共設施用地)
萬華區,華江,1,755,5,道路用地(公共設施用地)
萬華區,華江,1,757,0,道路用地(公共設施用地)
萬華區,華江,1,758,0,道路用地(公共設施用地)
萬華區,華江,1,759,0,第四之一種住宅區
萬華區,華江,1,759,1,第四種住宅區
萬華區,華江,1,760,0,第四之一種住宅區
萬華區,華江,1,760,1,道路用地(公共設施用地)
萬華區,華江,1,761,0,第四之一種住宅區
萬華區,華江,1,761,1,道路用地(公共設施用地)
萬華區,華江,1,762,0,第四之一種住宅區
萬華區,華江,1,762,1,第四種住宅區
萬華區,華江,1,763,0,道路用地(公共設施用地)
萬華區,華江,1,764,0,道路用地(公共設施用地)
萬華區,華江,1,765,0,第四之一種住宅區
萬華區,華江,1,765,1,第四種住宅區
萬華區,華江,1,766,0,第四之一種住宅區
萬華區,華江,1,766,1,道路用地(公共設施用地)
萬華區,華江,1,767,0,第四之一種住宅區
萬華區,華江,1,767,1,道路用地(公共設施用地)
萬華區,華江,1,768,0,第四之一種住宅區
萬華區,華江,1,768,1,第四種住宅區
萬華區,華江,1,769,0,道路用地(公共設施用地)
萬華區,華江,1,770,0,道路用地(公共設施用地)
萬華區,華江,1,771,0,第四之一種住宅區
萬華區,華江,1,771,1,第四種住宅區
萬華區,華江,1,772,0,第四之一種住宅區
萬華區,華江,1,772,1,道路用地(公共設施用地)
萬華區,華江,1,773,0,第四之一種住宅區
萬華區,華江,1,773,1,道路用地(公共設施用地)
萬華區,華江,1,774,0,第四之一種住宅區
萬華區,華江,1,774,1,第四種住宅區
萬華區,華江,1,775,0,第四之一種住宅區
萬華區,華江,1,775,1,第四種住宅區
萬華區,華江,1,776,0,第四之一種住宅區
萬華區,華江,1,776,1,道路用地(公共設施用地)
萬華區,華江,1,777,0,第四之一種住宅區
萬華區,華江,1,778,0,第四之一種住宅區
萬華區,華江,1,778,1,第四種住宅區
萬華區,華江,1,779,0,道路用地(公共設施用地)
萬華區,華江,1,780,0,道路用地(公共設施用地)
萬華區,華江,1,780,1,道路用地(公共設施用地)
萬華區,華江,1,780,2,道路用地(公共設施用地)
萬華區,華江,1,781,0,第四之一種住宅區
萬華區,華江,1,781,1,第四種住宅區
萬華區,華江,1,784,0,第四之一種住宅區
萬華區,華江,1,784,1,第四種住宅區
萬華區,華江,1,785,0,第四之一種住宅區
萬華區,華江,1,785,1,第四種住宅區
萬華區,華江,1,787,1,道路用地(公共設施用地)
萬華區,華江,1,787,2,第四種住宅區
萬華區,華江,1,787,3,第四之一種住宅區(公共設施用地)
萬華區,華江,1,787,4,第四種住宅區
萬華區,華江,1,788,0,第四之一種住宅區
萬華區,華江,1,788,1,第四之一種住宅區
萬華區,華江,1,789,0,第四之一種住宅區
萬華區,華江,1,789,1,第四種住宅區
萬華區,華江,1,790,0,第四種住宅區
萬華區,華江,1,791,0,第四種住宅區
萬華區,華江,1,792,0,第四之一種住宅區
萬華區,華江,1,792,1,第四種住宅區
萬華區,華江,1,793,0,第四之一種住宅區
萬華區,華江,1,793,1,第四種住宅區
萬華區,華江,1,794,0,第四種住宅區
萬華區,華江,1,795,0,第四種住宅區
萬華區,華江,1,796,0,第四之一種住宅區
萬華區,華江,1,796,1,第四種住宅區
萬華區,華江,1,797,0,第四之一種住宅區
萬華區,華江,1,798,0,第四之一種住宅區
萬華區,華江,1,799,0,第四之一種住宅區
萬華區,華江,1,799,1,第四種住宅區
萬華區,華江,1,800,0,第四種住宅區
萬華區,華江,1,801,0,第四種住宅區
萬華區,華江,1,802,0,第四之一種住宅區
萬華區,華江,1,802,1,第四種住宅區
萬華區,華江,1,803,0,第四之一種住宅區
萬華區,華江,1,804,0,第四之一種住宅區
萬華區,華江,1,805,0,第四之一種住宅區
萬華區,華江,1,805,1,第四種住宅區
萬華區,華江,1,806,0,第四種住宅區
萬華區,華江,1,807,0,"第四種住宅區,但是否在道路用地(公共設施用地)(應依建築線或俟地籍測量分割後,再確定)"
萬華區,華江,1,808,0,第四之一種住宅區
萬華區,華江,1,808,1,第四種住宅區
萬華區,華江,1,809,0,第四之一種住宅區
萬華區,華江,1,810,0,第四之一種住宅區
萬華區,華江,1,810,1,道路用地(公共設施用地)
萬華區,華江,1,811,0,第四之一種住宅區
萬華區,華江,1,811,1,第四之一種住宅區
萬華區,華江,1,812,0,道路用地(公共設施用地)
萬華區,華江,1,812,1,第四之一種住宅區
萬華區,華江,1,813,0,道路用地(公共設施用地)
萬華區,華江,1,814,0,道路用地(公共設施用地)
萬華區,華江,1,815,0,道路用地(公共設施用地)
萬華區,華江,1,816,0,道路用地(公共設施用地)
萬華區,華江,1,817,0,道路用地(公共設施用地)
萬華區,華江,1,818,0,道路用地(公共設施用地)
萬華區,華江,1,819,0,道路用地(公共設施用地)
萬華區,華江,1,820,0,道路用地(公共設施用地)
萬華區,華江,1,821,0,道路用地(公共設施用地)
萬華區,華江,1,821,1,道路用地(公共設施用地)
萬華區,華江,1,821,2,第四之一種住宅區
萬華區,華江,1,824,2,道路用地(公共設施用地)
萬華區,華江,1,825,0,道路用地(公共設施用地)
萬華區,華江,1,826,0,道路用地(公共設施用地)
萬華區,華江,1,826,1,道路用地(公共設施用地)
萬華區,華江,1,828,0,變電所用地(公共設施用地)
萬華區,華江,1,828,1,道路用地(公共設施用地)
萬華區,華江,1,829,1,道路用地(公共設施用地)
萬華區,華江,1,830,1,道路用地(公共設施用地)
萬華區,華江,1,831,0,"道路用地(公共設施用地),但是否在第四種住宅區(應依建築線或俟地籍測量分割後,再確定)"
萬華區,華江,1,832,0,"第四種住宅區,但是否在道路用地(公共設施用地)(應依建築線或俟地籍測量分割後,再確定)"
萬華區,華江,1,832,1,道路用地(公共設施用地)
萬華區,華江,1,832,2,道路用地(公共設施用地)
萬華區,華江,1,833,0,第四種住宅區
萬華區,華江,1,834,0,"第四種住宅區,但是否在道路用地(公共設施用地)(應依建築線或俟地籍測量分割後,再確定)"
萬華區,華江,1,835,0,第四種住宅區
萬華區,華江,1,836,0,第四種住宅區
萬華區,華江,1,837,0,第四種住宅區
萬華區,華江,1,838,0,第四種住宅區
萬華區,華江,1,839,0,第四種住宅區
萬華區,華江,1,840,0,第四種住宅區
萬華區,華江,1,841,0,第四種住宅區
萬華區,華江,1,842,0,第四種住宅區
萬華區,華江,1,843,0,第四種住宅區
萬華區,華江,1,844,0,第四種住宅區
萬華區,華江,1,845,0,第四種住宅區
萬華區,華江,1,846,0,第四種住宅區
萬華區,華江,1,847,0,第四種住宅區
萬華區,華江,1,848,0,第四種住宅區
萬華區,華江,1,849,0,第四種住宅區
萬華區,華江,1,850,0,第四種住宅區
萬華區,華江,1,851,0,第四種住宅區
萬華區,華江,1,852,0,第四種住宅區
萬華區,華江,1,853,0,第四種住宅區
萬華區,華江,1,854,0,第四種住宅區
萬華區,華江,1,855,0,第四種住宅區
萬華區,華江,1,856,0,第四種住宅區
萬華區,華江,1,857,0,第四種住宅區
萬華區,華江,1,858,0,第四種住宅區
萬華區,華江,1,859,0,第四種住宅區
萬華區,華江,1,860,0,道路用地(公共設施用地)
萬華區,華江,1,860,1,道路用地(公共設施用地)
萬華區,華江,1,861,0,道路用地(公共設施用地)
萬華區,華江,1,862,0,第四種住宅區
萬華區,華江,1,863,0,"第四種住宅區,但是否在第四之一種住宅區(應依建築線或俟地籍測量分割後,再確定)"
萬華區,華江,1,864,0,第四種住宅區
萬華區,華江,1,865,0,第四種住宅區及第四之一種住宅區
萬華區,華江,1,866,0,第四之一種住宅區及第四種住宅區
萬華區,華江,1,867,0,第四之一種住宅區及第四種住宅區
萬華區,華江,1,868,0,第四之一種住宅區及第四種住宅區
萬華區,華江,1,869,0,"第四種住宅區,但是否在第四之一種住宅區(應依建築線或俟地籍測量分割後,再確定)"
萬華區,華江,1,870,0,第四之一種住宅區
萬華區,華江,1,871,0,第四之一種住宅區
萬華區,華江,1,872,0,第四之一種住宅區
萬華區,華江,1,873,0,第四之一種住宅區
萬華區,華江,1,874,0,第四種住宅區及第四之一種住宅區
萬華區,華江,1,875,0,第四種住宅區及第四之一種住宅區
萬華區,華江,1,876,0,第四種住宅區及第四之一種住宅區
萬華區,華江,1,877,0,第四之一種住宅區
萬華區,華江,1,878,0,第四之一種住宅區
萬華區,華江,1,879,0,第四種住宅區及第四之一種住宅區
萬華區,華江,1,880,0,第四種住宅區及第四之一種住宅區
萬華區,華江,1,881,0,第四之一種住宅區
萬華區,華江,1,882,0,第四之一種住宅區
萬華區,華江,1,883,0,第四種住宅區及第四之一種住宅區
萬華區,華江,1,884,0,第四之一種住宅區及第四種住宅區
萬華區,華江,1,885,0,第四之一種住宅區及第四種住宅區
萬華區,華江,1,886,0,第四之一種住宅區
萬華區,華江,1,887,0,第四之一種住宅區
萬華區,華江,1,888,0,第四之一種住宅區及第四種住宅區
萬華區,華江,1,889,0,第四之一種住宅區及第四種住宅區
萬華區,華江,1,890,0,第四之一種住宅區
萬華區,華江,1,891,0,第四之一種住宅區
萬華區,華江,1,892,0,第四之一種住宅區及第四種住宅區
萬華區,華江,1,893,0,第四之一種住宅區
萬華區,華江,1,894,0,第四之一種住宅區
萬華區,華江,1,895,0,第四之一種住宅區
萬華區,華江,1,896,0,第四之一種住宅區
萬華區,華江,1,897,0,第四之一種住宅區
萬華區,華江,1,898,0,第四之一種住宅區
萬華區,華江,1,899,0,第四之一種住宅區
萬華區,華江,1,900,0,第四之一種住宅區
萬華區,華江,1,901,0,第四之一種住宅區
萬華區,華江,1,902,0,道路用地(公共設施用地)
萬華區,華江,1,902,1,道路用地(公共設施用地)
萬華區,華江,1,903,0,第四之一種住宅區
萬華區,華江,1,904,0,第四之一種住宅區
萬華區,華江,1,905,0,第四之一種住宅區
萬華區,華江,1,906,0,第四之一種住宅區
萬華區,華江,1,907,0,第四之一種住宅區
萬華區,華江,1,908,0,道路用地(公共設施用地)
萬華區,華江,1,908,1,道路用地(公共設施用地)
萬華區,華江,1,910,0,"道路用地(公共設施用地)及河川區,但是否在第四之一種住宅區(應依建築線或俟地籍測量分割後,再確定)"
萬華區,華江,1,910,1,河川區
萬華區,華江,1,910,2,第四之一種住宅區
萬華區,華江,1,910,3,道路用地(公共設施用地)
萬華區,華江,1,911,0,河川區
萬華區,華江,1,913,0,"道路用地(公共設施用地)及河川區(應依建築線或俟地籍測量分割後,再確定)"
萬華區,華江,1,914,0,道路用地(公共設施用地)
萬華區,華江,1,915,0,"道路用地(公共設施用地)及河川區(應依建築線或俟地籍測量分割後,再確定)"
萬華區,華江,1,916,0,河川區
萬華區,華江,1,918,0,河川區
萬華區,華江,1,922,0,河川區
萬華區,華江,1,926,0,道路用地(公共設施用地)及河川區
萬華區,華江,1,927,0,道路用地(公共設施用地)
萬華區,華江,1,928,0,道路用地(公共設施用地)及河川區
萬華區,華江,1,929,0,道路用地(公共設施用地)及河川區
萬華區,華江,1,932,0,道路用地(公共設施用地)及河川區
萬華區,華江,1,933,0,道路用地(公共設施用地)及河川區
萬華區,華江,1,936,0,河川區
萬華區,華江,1,937,0,道路用地(公共設施用地)及河川區
萬華區,華江,1,938,0,道路用地(公共設施用地)及河川區
萬華區,華江,1,941,0,道路用地(公共設施用地)及河川區
萬華區,華江,1,942,0,道路用地(公共設施用地)及河川區
萬華區,華江,1,943,0,道路用地(公共設施用地)及河川區
萬華區,華江,2,1,0,道路用地(公共設施用地)
萬華區,華江,2,1,1,道路用地(公共設施用地)
萬華區,華江,2,2,0,第四之一種住宅區
萬華區,華江,2,3,0,第四之一種住宅區
萬華區,華江,2,4,0,綠地用地(公共設施用地)
萬華區,華江,2,5,0,道路用地(公共設施用地)
萬華區,華江,2,6,0,"道路用地(公共設施用地),但是否在第四種住宅區(應依建築線或俟地籍測量分割後,再確定)"
萬華區,華江,2,7,0,道路用地(公共設施用地)
萬華區,華江,2,8,0,污水處理場用地(公共設施用地)
萬華區,華江,2,9,0,道路用地(公共設施用地)及污水處理場用地(公共設施用地)
萬華區,華江,2,9,1,道路用地(公共設施用地)
萬華區,華江,2,10,0,交通用地(公共設施用地)
萬華區,華江,2,10,1,交通用地(公共設施用地)
萬華區,華江,2,11,0,交通用地(公共設施用地)
萬華區,華江,2,12,0,道路用地(公共設施用地)
萬華區,華江,2,12,1,交通用地(公共設施用地)
萬華區,華江,2,13,0,第四之一種住宅區
萬華區,華江,2,13,1,第四種住宅區
萬華區,華江,2,14,0,第四之一種住宅區
萬華區,華江,2,14,1,第四種住宅區
萬華區,華江,2,15,0,第四之一種住宅區
萬華區,華江,2,15,1,第四種住宅區
萬華區,華江,2,16,0,第四之一種住宅區
萬華區,華江,2,16,1,第四種住宅區
萬華區,華江,2,17,0,第四之一種住宅區
萬華區,華江,2,17,1,第四種住宅區
萬華區,華江,2,18,0,第四之一種住宅區
萬華區,華江,2,18,1,第四種住宅區
萬華區,華江,2,19,0,第四之一種住宅區
萬華區,華江,2,19,1,第四種住宅區
萬華區,華江,2,20,0,第四之一種住宅區
萬華區,華江,2,20,1,第四種住宅區
萬華區,華江,2,21,0,第四之一種住宅區
萬華區,華江,2,21,1,第四種住宅區
萬華區,華江,2,22,0,第四之一種住宅區
萬華區,華江,2,22,1,第四種住宅區
萬華區,華江,2,23,0,第四之一種住宅區
萬華區,華江,2,24,0,第四之一種住宅區
萬華區,華江,2,25,0,第四之一種住宅區
萬華區,華江,2,26,0,第四之一種住宅區
萬華區,華江,2,27,0,第四之一種住宅區
萬華區,華江,2,28,0,第四之一種住宅區
萬華區,華江,2,29,0,第四之一種住宅區
萬華區,華江,2,30,0,第四之一種住宅區
萬華區,華江,2,31,0,第四之一種住宅區
萬華區,華江,2,32,0,第四之一種住宅區
萬華區,華江,2,33,0,第四之一種住宅區
萬華區,華江,2,34,0,第四之一種住宅區
萬華區,華江,2,35,0,第四之一種住宅區
萬華區,華江,2,36,0,道路用地(公共設施用地)
萬華區,華江,2,36,1,道路用地(公共設施用地)
萬華區,華江,2,37,0,第三之一種住宅區
萬華區,華江,2,38,0,第三之一種住宅區
萬華區,華江,2,38,1,第三種住宅區
萬華區,華江,2,39,0,第三之一種住宅區
萬華區,華江,2,39,1,第三種住宅區
萬華區,華江,2,40,0,第三種住宅區
萬華區,華江,2,41,0,第三種住宅區
萬華區,華江,2,41,1,道路用地(公共設施用地)
萬華區,華江,2,42,0,公園用地(公共設施用地)
萬華區,華江,2,43,0,公園用地(公共設施用地)
萬華區,華江,2,44,0,第三之一種住宅區
萬華區,華江,2,45,0,第三之一種住宅區
萬華區,華江,2,47,0,第三之一種住宅區
萬華區,華江,2,48,0,第三之一種住宅區
萬華區,華江,2,49,0,第三之一種住宅區
萬華區,華江,2,50,0,第三之一種住宅區
萬華區,華江,2,51,0,第三之一種住宅區
萬華區,華江,2,52,0,第三之一種住宅區
萬華區,華江,2,53,0,第三之一種住宅區
萬華區,華江,2,54,0,第三之一種住宅區
萬華區,華江,2,55,0,第三之一種住宅區
萬華區,華江,2,56,0,第三之一種住宅區
萬華區,華江,2,57,0,第三之一種住宅區
萬華區,華江,2,58,0,第三之一種住宅區
萬華區,華江,2,59,0,第三之一種住宅區
萬華區,華江,2,60,0,第三之一種住宅區
萬華區,華江,2,61,0,第三之一種住宅區
萬華區,華江,2,62,0,第三之一種住宅區
萬華區,華江,2,63,0,第三之一種住宅區
萬華區,華江,2,64,0,第三之一種住宅區
萬華區,華江,2,65,0,第三之一種住宅區
萬華區,華江,2,66,0,第三之一種住宅區
萬華區,華江,2,67,0,第三之一種住宅區
萬華區,華江,2,68,0,第三之一種住宅區
萬華區,華江,2,69,0,第三之一種住宅區
萬華區,華江,2,70,0,第三之一種住宅區
萬華區,華江,2,71,0,第三之一種住宅區
萬華區,華江,2,72,0,第三之一種住宅區
萬華區,華江,2,72,1,第三種住宅區
萬華區,華江,2,73,0,第三之一種住宅區
萬華區,華江,2,73,1,第三種住宅區
萬華區,華江,2,74,0,第三之一種住宅區
萬華區,華江,2,74,1,第三種住宅區
萬華區,華江,2,75,0,第三之一種住宅區
萬華區,華江,2,75,1,第三種住宅區
萬華區,華江,2,76,0,第三之一種住宅區
萬華區,華江,2,76,1,第三種住宅區
萬華區,華江,2,77,0,第三之一種住宅區
萬華區,華江,2,77,1,第三種住宅區
萬華區,華江,2,78,0,第三之一種住宅區
萬華區,華江,2,78,1,第三種住宅區
萬華區,華江,2,79,0,第三之一種住宅區
萬華區,華江,2,79,1,第三種住宅區
萬華區,華江,2,80,0,第三之一種住宅區
萬華區,華江,2,80,1,第三種住宅區
萬華區,華江,2,81,0,第三之一種住宅區
萬華區,華江,2,81,1,第三種住宅區
萬華區,華江,2,82,0,第三之一種住宅區
萬華區,華江,2,82,1,第三種住宅區
萬華區,華江,2,83,0,第三之一種住宅區
萬華區,華江,2,83,1,第三種住宅區
萬華區,華江,2,84,0,第三之一種住宅區
萬華區,華江,2,84,1,第三種住宅區
萬華區,華江,2,85,0,第三之一種住宅區
萬華區,華江,2,85,1,第三種住宅區
萬華區,華江,2,86,0,第三之一種住宅區
萬華區,華江,2,86,1,第三種住宅區
萬華區,華江,2,87,0,第三之一種住宅區
萬華區,華江,2,87,1,第三種住宅區
萬華區,華江,2,88,0,第三之一種住宅區
萬華區,華江,2,88,1,第三種住宅區
萬華區,華江,2,89,0,第三之一種住宅區
萬華區,華江,2,89,1,第三種住宅區
萬華區,華江,2,90,0,第三之一種住宅區
萬華區,華江,2,90,1,第三種住宅區
萬華區,華江,2,91,0,第三之一種住宅區
萬華區,華江,2,91,1,第三種住宅區
萬華區,華江,2,92,0,道路用地(公共設施用地)
萬華區,華江,2,93,0,"道路用地(公共設施用地),但是否在第三種住宅區(應依建築線或俟地籍測量分割後,再確定)"
萬華區,華江,2,94,0,第三之一種住宅區
萬華區,華江,2,94,1,第三種住宅區
萬華區,華江,2,100,0,第三之一種住宅區
萬華區,華江,2,100,1,第三種住宅區
萬華區,華江,2,101,0,第三之二種住宅區
萬華區,華江,2,101,1,第三之一種住宅區
萬華區,華江,2,102,0,第三之二種住宅區
萬華區,華江,2,102,1,第三之一種住宅區
萬華區,華江,2,103,0,第三之一種住宅區
萬華區,華江,2,103,1,第三種住宅區
萬華區,華江,2,104,0,第三之二種住宅區
萬華區,華江,2,104,1,第三種住宅區
萬華區,華江,2,104,2,第三之一種住宅區
萬華區,華江,2,105,0,第三之二種住宅區
萬華區,華江,2,105,1,第三之一種住宅區
萬華區,華江,2,106,0,第三之二種住宅區
萬華區,華江,2,107,0,第三之二種住宅區
萬華區,華江,2,107,1,第三種住宅區
萬華區,華江,2,107,2,第三之一種住宅區
萬華區,華江,2,108,0,第三之二種住宅區
萬華區,華江,2,108,1,第三種住宅區
萬華區,華江,2,109,0,第三之二種住宅區
萬華區,華江,2,110,0,第三之二種住宅區
萬華區,華江,2,111,0,第三之二種住宅區
萬華區,華江,2,112,0,第三之二種住宅區
萬華區,華江,2,113,0,第三之二種住宅區
萬華區,華江,2,114,0,第三之二種住宅區
萬華區,華江,2,115,0,第三之二種住宅區
萬華區,華江,2,116,0,第三之二種住宅區
萬華區,華江,2,116,1,第三之二種住宅區
萬華區,華江,2,116,2,第三之二種住宅區
萬華區,華江,2,117,0,第三之二種住宅區
萬華區,華江,2,118,0,第三之二種住宅區
萬華區,華江,2,119,0,第三之二種住宅區
萬華區,華江,2,119,1,第三種住宅區
萬華區,華江,2,120,0,第三之二種住宅區
萬華區,華江,2,120,1,第三種住宅區
萬華區,華江,2,121,0,第三之二種住宅區
萬華區,華江,2,121,1,第三種住宅區
萬華區,華江,2,122,0,第三種住宅區
萬華區,華江,2,123,0,第三種住宅區
萬華區,華江,2,124,0,第三種住宅區
萬華區,華江,2,125,0,第三種住宅區
萬華區,華江,2,126,0,第三種住宅區
萬華區,華江,2,127,0,第三種住宅區
萬華區,華江,2,128,0,第三種住宅區
萬華區,華江,2,129,0,第三種住宅區
萬華區,華江,2,130,0,第三種住宅區
萬華區,華江,2,131,0,第三種住宅區
萬華區,華江,2,132,0,第三種住宅區
萬華區,華江,2,133,0,第三種住宅區
萬華區,華江,2,134,0,第三種住宅區
萬華區,華江,2,135,0,"道路用地(公共設施用地),但是否在第三種住宅區(應依建築線或俟地籍測量分割後,再確定)"
萬華區,華江,2,136,0,第三種住宅區
萬華區,華江,2,137,0,第三種住宅區
萬華區,華江,2,138,0,第三種住宅區
萬華區,華江,2,139,0,第三種住宅區
萬華區,華江,2,140,0,第三種住宅區
萬華區,華江,2,141,0,第三種住宅區
萬華區,華江,2,142,0,第三種住宅區
萬華區,華江,2,143,0,第三種住宅區
萬華區,華江,2,144,0,第三種住宅區
萬華區,華江,2,145,0,第三種住宅區
萬華區,華江,2,146,0,第三種住宅區
萬華區,華江,2,147,1,第三種住宅區
萬華區,華江,2,147,2,道路用地(公共設施用地)
萬華區,華江,2,147,3,第三種住宅區
萬華區,華江,2,147,4,第三種住宅區
萬華區,華江,2,147,5,第三種住宅區
萬華區,華江,2,147,6,第三種住宅區
萬華區,華江,2,147,7,道路用地(公共設施用地)
萬華區,華江,2,147,8,公園用地(公共設施用地)
萬華區,華江,2,147,9,第三種住宅區
萬華區,華江,2,147,10,國小用地(公共設施用地)
萬華區,華江,2,147,11,國小用地(公共設施用地)
萬華區,華江,2,147,12,道路用地(公共設施用地)
萬華區,華江,2,147,13,社福及機關用地(公共設施用地)
萬華區,華江,2,147,14,第三種住宅區
萬華區,華江,2,147,15,"第三種住宅區,但是否在道路用地(公共設施用地)(應依建築線或俟地籍測量分割後,再確定)"
萬華區,華江,2,147,16,第三種住宅區
萬華區,華江,2,147,17,第三種住宅區
萬華區,華江,2,147,18,第三種住宅區
萬華區,華江,2,147,19,第三種住宅區
萬華區,華江,2,147,20,第三種住宅區
萬華區,華江,2,147,21,第三種住宅區
萬華區,華江,2,147,22,第三種住宅區
萬華區,華江,2,147,23,第三種住宅區
萬華區,華江,2,147,24,第三種住宅區
萬華區,華江,2,147,25,第三種住宅區
萬華區,華江,2,147,26,第三種住宅區
萬華區,華江,2,147,27,第三種住宅區
萬華區,華江,2,147,28,第三種住宅區
萬華區,華江,2,147,29,第三種住宅區
萬華區,華江,2,147,30,第三種住宅區
萬華區,華江,2,147,31,第三種住宅區
萬華區,華江,2,147,32,第三種住宅區
萬華區,華江,2,147,33,第三種住宅區
萬華區,華江,2,147,34,第三種住宅區
萬華區,華江,2,147,35,第三種住宅區
萬華區,華江,2,147,36,第三種住宅區
萬華區,華江,2,147,37,第三種住宅區
萬華區,華江,2,147,38,第三種住宅區
萬華區,華江,2,147,39,道路用地(公共設施用地)
萬華區,華江,2,147,40,第三種住宅區
萬華區,華江,2,147,41,道路用地(公共設施用地)
萬華區,華江,2,147,42,第三種住宅區
萬華區,華江,2,147,43,第三種住宅區
萬華區,華江,2,147,44,第三種住宅區
萬華區,華江,2,147,45,第三種住宅區
萬華區,華江,2,147,46,第三種住宅區
萬華區,華江,2,147,47,第三種住宅區
萬華區,華江,2,147,48,第三種住宅區
萬華區,華江,2,147,49,第三種住宅區
萬華區,華江,2,147,50,第三種住宅區
萬華區,華江,2,147,51,第三種住宅區
萬華區,華江,2,147,52,第三種住宅區
萬華區,華江,2,147,53,第三種住宅區
萬華區,華江,2,147,54,第三種住宅區
萬華區,華江,2,147,55,第三種住宅區
萬華區,華江,2,147,56,第三種住宅區
萬華區,華江,2,147,57,道路用地(公共設施用地)
萬華區,華江,2,147,58,道路用地(公共設施用地)
萬華區,華江,2,147,59,第三種住宅區
萬華區,華江,2,147,60,第三種住宅區
萬華區,華江,2,147,61,第三種住宅區
萬華區,華江,2,147,62,第三種住宅區
萬華區,華江,2,147,63,第三種住宅區
萬華區,華江,2,147,65,第三種住宅區
萬華區,華江,2,147,68,第三種住宅區
萬華區,華江,2,147,69,第三種住宅區
萬華區,華江,2,147,70,第三種住宅區
萬華區,華江,2,147,71,第三種住宅區
萬華區,華江,2,147,72,第三種住宅區
萬華區,華江,2,147,74,第三種住宅區
萬華區,華江,2,147,76,第三種住宅區
萬華區,華江,2,147,77,第三種住宅區
萬華區,華江,2,147,78,第三種住宅區
萬華區,華江,2,147,79,第三種住宅區
萬華區,華江,2,147,80,道路用地(公共設施用地)
萬華區,華江,2,147,81,道路用地(公共設施用地)
萬華區,華江,2,147,82,第三種住宅區
萬華區,華江,2,147,83,第三種住宅區
萬華區,華江,2,147,84,道路用地(公共設施用地)
萬華區,華江,2,147,85,道路用地(公共設施用地)
萬華區,華江,2,147,86,道路用地(公共設施用地)
萬華區,華江,2,147,87,道路用地(公共設施用地)
萬華區,華江,2,147,88,道路用地(公共設施用地)
萬華區,華江,2,147,89,道路用地(公共設施用地)
萬華區,華江,2,147,90,道路用地(公共設施用地)
萬華區,華江,2,147,91,道路用地(公共設施用地)
萬華區,華江,2,147,92,道路用地(公共設施用地)
萬華區,華江,2,147,93,道路用地(公共設施用地)
萬華區,華江,2,148,0,道路用地(公共設施用地)
萬華區,華江,2,148,1,道路用地(公共設施用地)
萬華區,華江,2,149,0,道路用地(公共設施用地)
萬華區,華江,2,150,0,道路用地(公共設施用地)
萬華區,華江,2,151,0,道路用地(公共設施用地)
萬華區,華江,2,152,0,道路用地(公共設施用地)及第三種住宅區
萬華區,華江,2,152,1,道路用地(公共設施用地)
萬華區,華江,2,152,2,"第三種住宅區,但是否在道路用地(公共設施用地)(應依建築線或俟地籍測量分割後,再確定)"
萬華區,華江,2,152,3,道路用地(公共設施用地)
萬華區,華江,2,154,0,第三種住宅區
萬華區,華江,2,155,0,第三種住宅區
萬華區,華江,2,156,0,第三種住宅區
萬華區,華江,2,157,0,第三種住宅區
萬華區,華江,2,158,0,第三種住宅區
萬華區,華江,2,159,0,道路用地(公共設施用地)
萬華區,華江,2,159,1,道路用地(公共設施用地)
萬華區,華江,2,160,0,道路用地(公共設施用地)
萬華區,華江,2,161,0,道路用地(公共設施用地)
萬華區,華江,2,161,1,道路用地(公共設施用地)
萬華區,華江,2,162,0,道路用地(公共設施用地)
萬華區,華江,2,162,1,道路用地(公共設施用地)
萬華區,華江,2,162,2,道路用地(公共設施用地)
萬華區,華江,2,163,0,加油站用地(公共設施用地)
萬華區,華江,2,163,1,道路用地(公共設施用地)
萬華區,華江,2,164,0,第三種住宅區
萬華區,華江,2,165,0,第三種住宅區
萬華區,華江,2,168,0,道路用地(公共設施用地)
萬華區,華江,2,168,2,道路用地(公共設施用地)
萬華區,華江,2,168,3,道路用地(公共設施用地)
萬華區,華江,2,168,4,道路用地(公共設施用地)
萬華區,華江,2,168,5,道路用地(公共設施用地)
萬華區,華江,2,168,6,道路用地(公共設施用地)
萬華區,華江,2,169,0,道路用地(公共設施用地)
萬華區,華江,2,170,0,道路用地(公共設施用地)
萬華區,華江,2,170,1,"道路用地(公共設施用地),但是否在第三種住宅區(應依建築線或俟地籍測量分割後,再確定)"
萬華區,華江,2,171,0,道路用地(公共設施用地)
萬華區,華江,2,172,0,第三種住宅區
萬華區,華江,2,173,0,第三種住宅區
萬華區,華江,2,174,0,道路用地(公共設施用地)
萬華區,華江,2,175,0,道路用地(公共設施用地)
萬華區,華江,2,175,1,道路用地(公共設施用地)
萬華區,華江,2,176,0,道路用地(公共設施用地)
萬華區,華江,2,177,0,第三種住宅區
萬華區,華江,2,178,0,第三種住宅區
萬華區,華江,2,179,0,第三種住宅區
萬華區,華江,2,180,0,第三種住宅區
萬華區,華江,2,181,0,第三種住宅區
萬華區,華江,2,182,0,第三種住宅區
萬華區,華江,2,183,0,道路用地(公共設施用地)
萬華區,華江,2,185,0,第三種住宅區
萬華區,華江,2,186,0,第三種住宅區
萬華區,華江,2,187,0,第三種住宅區
萬華區,華江,2,188,0,第三種住宅區
萬華區,華江,2,189,0,第三種住宅區
萬華區,華江,2,190,0,第三種住宅區
萬華區,華江,2,191,0,第三種住宅區
萬華區,華江,2,192,0,道路用地(公共設施用地)
萬華區,華江,2,193,0,道路用地(公共設施用地)
萬華區,華江,2,195,0,第三種住宅區
萬華區,華江,2,195,1,第三種住宅區
萬華區,華江,2,195,2,第三種住宅區
萬華區,華江,2,195,3,第三種住宅區
萬華區,華江,2,195,4,第三種住宅區
萬華區,華江,2,195,5,第三種住宅區
萬華區,華江,2,195,6,第三種住宅區
萬華區,華江,2,196,0,第三種住宅區
萬華區,華江,2,196,1,第三種住宅區
萬華區,華江,2,196,2,第三種住宅區
萬華區,華江,2,196,3,第三種住宅區
萬華區,華江,2,197,0,"第三種住宅區,但是否在道路用地(公共設施用地)(應依建築線或俟地籍測量分割後,再確定)"
萬華區,華江,2,198,0,第三種住宅區
萬華區,華江,2,198,1,第三種住宅區
萬華區,華江,2,198,2,第三種住宅區
萬華區,華江,2,198,3,第三種住宅區
萬華區,華江,2,198,4,第三種住宅區
萬華區,華江,2,198,5,第三種住宅區
萬華區,華江,2,198,6,第三種住宅區
萬華區,華江,2,199,1,第三種住宅區
萬華區,華江,2,199,2,第三種住宅區
萬華區,華江,2,199,3,第三種住宅區
萬華區,華江,2,199,4,第三種住宅區
萬華區,華江,2,199,5,道路用地(公共設施用地)
萬華區,華江,2,200,0,道路用地(公共設施用地)
萬華區,華江,2,201,0,道路用地(公共設施用地)
萬華區,華江,2,202,0,道路用地(公共設施用地)
萬華區,華江,2,203,0,道路用地(公共設施用地)
萬華區,華江,2,204,0,道路用地(公共設施用地)
萬華區,華江,2,205,0,道路用地(公共設施用地)
萬華區,華江,2,206,0,第三種住宅區
萬華區,華江,2,206,1,第三種住宅區
萬華區,華江,2,206,2,第三種住宅區
萬華區,華江,2,206,3,第三種住宅區
萬華區,華江,2,206,4,第三種住宅區
萬華區,華江,2,206,6,道路用地(公共設施用地)
萬華區,華江,2,206,7,第三種住宅區
萬華區,華江,2,206,8,第三種住宅區
萬華區,華江,2,206,9,第三種住宅區
萬華區,華江,2,206,10,第三種住宅區
萬華區,華江,2,207,0,第三種住宅區
萬華區,華江,2,207,1,第三種住宅區
萬華區,華江,2,207,2,第三種住宅區
萬華區,華江,2,207,3,道路用地(公共設施用地)
萬華區,華江,2,207,4,第三種住宅區
萬華區,華江,2,207,5,第三種住宅區
萬華區,華江,2,207,6,第三種住宅區
萬華區,華江,2,207,7,第三種住宅區
萬華區,華江,2,208,0,第三種住宅區
萬華區,華江,2,208,1,第三種住宅區
萬華區,華江,2,208,2,第三種住宅區
萬華區,華江,2,208,3,第三種住宅區
萬華區,華江,2,208,4,第三種住宅區
萬華區,華江,2,208,5,第三種住宅區
萬華區,華江,2,208,7,第三種住宅區
萬華區,華江,2,208,8,第三種住宅區
萬華區,華江,2,208,9,第三種住宅區
萬華區,華江,2,208,10,第三種住宅區
萬華區,華江,2,208,11,第三種住宅區
萬華區,華江,2,208,12,第三種住宅區
萬華區,華江,2,208,13,第三種住宅區
萬華區,華江,2,208,15,第三種住宅區
萬華區,華江,2,208,16,第三種住宅區
萬華區,華江,2,208,17,第三種住宅區
萬華區,華江,2,209,0,"第三之二種住宅區,但是否在道路用地(公共設施用地)(依都市計畫說明書圖規定辦理)"
萬華區,華江,2,209,1,第三種住宅區
萬華區,華江,2,209,5,道路用地(公共設施用地)
萬華區,華江,2,209,6,道路用地(公共設施用地)
萬華區,華江,2,209,7,道路用地(公共設施用地)
萬華區,華江,2,209,8,道路用地(公共設施用地)
萬華區,華江,2,209,9,道路用地(公共設施用地)
萬華區,華江,2,209,10,道路用地(公共設施用地)
萬華區,華江,2,209,11,第三種住宅區
萬華區,華江,2,209,12,第三種住宅區
萬華區,華江,2,209,13,第三種住宅區
萬華區,華江,2,209,14,第三種住宅區
萬華區,華江,2,209,15,道路用地(公共設施用地)
萬華區,華江,2,210,0,"道路用地(公共設施用地),但是否在第三之二種住宅區(依都市計畫說明書圖規定辦理)"
萬華區,華江,2,210,1,道路用地(公共設施用地)
萬華區,華江,2,211,0,第三之二種住宅區
萬華區,華江,2,211,1,道路用地(公共設施用地)
萬華區,華江,2,212,0,第三之二種住宅區
萬華區,華江,2,213,0,第三之二種住宅區
萬華區,華江,2,214,0,第三之二種住宅區
萬華區,華江,2,215,0,第三之二種住宅區
萬華區,華江,2,215,1,"道路用地(公共設施用地),但是否在第三種住宅區(應依建築線或俟地籍測量分割後,再確定)"
萬華區,華江,2,215,2,第三種住宅區
萬華區,華江,2,216,0,第三種住宅區
萬華區,華江,2,217,0,第三種住宅區
萬華區,華江,2,218,0,第三種住宅區
萬華區,華江,2,219,0,第三種住宅區
萬華區,華江,2,220,0,第三種住宅區
萬華區,華江,2,220,1,"第三種住宅區,但是否在道路用地(公共設施用地)(應依建築線或俟地籍測量分割後,再確定)"
萬華區,華江,2,221,0,道路用地(公共設施用地)
萬華區,華江,2,221,1,道路用地(公共設施用地)
萬華區,華江,2,221,2,"道路用地(公共設施用地),但是否在第三種住宅區(應依建築線或俟地籍測量分割後,再確定)"
萬華區,華江,2,222,0,道路用地(公共設施用地)
萬華區,華江,2,223,0,道路用地(公共設施用地)
萬華區,華江,2,224,0,道路用地(公共設施用地)
萬華區,華江,2,224,1,道路用地(公共設施用地)
萬華區,華江,2,224,2,道路用地(公共設施用地)
萬華區,華江,2,225,0,"道路用地(公共設施用地),但是否在第三種住宅區(應依建築線或俟地籍測量分割後,再確定)"
萬華區,華江,2,226,0,道路用地(公共設施用地)
萬華區,華江,2,227,0,第三種住宅區
萬華區,華江,2,228,0,第三種住宅區
萬華區,華江,2,229,0,第三種住宅區
萬華區,華江,2,230,0,第三種住宅區
萬華區,華江,2,231,0,第三種住宅區
萬華區,華江,2,232,0,第三種住宅區
萬華區,華江,2,233,0,第三種住宅區
萬華區,華江,2,234,0,第三種住宅區
萬華區,華江,2,235,0,第三種住宅區
萬華區,華江,2,236,0,第三種住宅區
萬華區,華江,2,237,0,第三種住宅區
萬華區,華江,2,238,0,第三種住宅區
萬華區,華江,2,239,0,第三種住宅區
萬華區,華江,2,240,0,第三種住宅區
萬華區,華江,2,241,0,第三種住宅區
萬華區,華江,2,242,0,第三種住宅區
萬華區,華江,2,243,0,第三種住宅區
萬華區,華江,2,244,0,第三種住宅區
萬華區,華江,2,245,0,第三種住宅區
萬華區,華江,2,246,0,第三種住宅區
萬華區,華江,2,247,0,第三種住宅區
萬華區,華江,2,248,0,第三種住宅區
萬華區,華江,2,249,0,"道路用地(公共設施用地),但是否在第三種住宅區(應依建築線或俟地籍測量分割後,再確定)"
萬華區,華江,2,249,1,"道路用地(公共設施用地),但是否在第三種住宅區(應依建築線或俟地籍測量分割後,再確定)"
萬華區,華江,2,250,0,道路用地(公共設施用地)
萬華區,華江,2,251,0,第三種住宅區
萬華區,華江,2,252,0,第三種住宅區
萬華區,華江,2,253,0,第三種住宅區
萬華區,華江,2,254,0,第三種住宅區
萬華區,華江,2,255,0,第三種住宅區
萬華區,華江,2,256,0,第三種住宅區
萬華區,華江,2,257,0,第三種住宅區
萬華區,華江,2,258,0,第三種住宅區
萬華區,華江,2,259,0,第三種住宅區
萬華區,華江,2,260,0,第三種住宅區
萬華區,華江,2,261,0,第三種住宅區
萬華區,華江,2,262,0,第三種住宅區
萬華區,華江,2,263,0,第三種住宅區
萬華區,華江,2,264,0,第三種住宅區
萬華區,華江,2,265,0,第三種住宅區
萬華區,華江,2,266,0,"第三種住宅區,但是否在道路用地(公共設施用地)(應依建築線或俟地籍測量分割後,再確定)"
萬華區,華江,2,267,0,道路用地(公共設施用地)
萬華區,華江,2,268,0,道路用地(公共設施用地)
萬華區,華江,2,269,0,第三種住宅區
萬華區,華江,2,270,0,第三種住宅區
萬華區,華江,2,271,0,道路用地(公共設施用地)
萬華區,華江,2,272,0,道路用地(公共設施用地)
萬華區,華江,2,273,0,第三種住宅區
萬華區,華江,2,274,0,第三種住宅區
萬華區,華江,2,275,0,道路用地(公共設施用地)
萬華區,華江,2,276,0,道路用地(公共設施用地)
萬華區,華江,2,277,0,第三種住宅區
萬華區,華江,2,278,0,第三種住宅區
萬華區,華江,2,279,0,道路用地(公共設施用地)
萬華區,華江,2,280,0,道路用地(公共設施用地)
萬華區,華江,2,281,0,第三種住宅區
萬華區,華江,2,282,0,第三種住宅區
萬華區,華江,2,283,0,道路用地(公共設施用地)
萬華區,華江,2,284,0,道路用地(公共設施用地)
萬華區,華江,2,285,0,第三種住宅區
萬華區,華江,2,286,0,第三種住宅區
萬華區,華江,2,287,0,"道路用地(公共設施用地),但是否在第三種住宅區(應依建築線或俟地籍測量分割後,再確定)"
萬華區,華江,2,288,0,道路用地(公共設施用地)
萬華區,華江,2,288,1,第三種住宅區
萬華區,華江,2,289,0,第三種住宅區
萬華區,華江,2,290,0,第三種住宅區
萬華區,華江,2,291,0,道路用地(公共設施用地)
萬華區,華江,2,292,0,道路用地(公共設施用地)
萬華區,華江,2,293,0,第三種住宅區
萬華區,華江,2,294,0,第三種住宅區
萬華區,華江,2,295,0,第三種住宅區
萬華區,華江,2,296,0,第三種住宅區
萬華區,華江,2,297,0,第三種住宅區
萬華區,華江,2,298,0,第三種住宅區
萬華區,華江,2,299,0,第三種住宅區
萬華區,華江,2,301,0,第三種住宅區
萬華區,華江,2,302,0,第三種住宅區
萬華區,華江,2,303,0,第三種住宅區
萬華區,華江,2,304,0,第三種住宅區
萬華區,華江,2,305,0,"第三種住宅區,但是否在道路用地(公共設施用地)(應依建築線或俟地籍測量分割後,再確定)"
萬華區,華江,2,306,0,第三種住宅區及道路用地(公共設施用地)
萬華區,華江,2,307,0,第三種住宅區
萬華區,華江,2,308,0,第三種住宅區
萬華區,華江,2,309,0,第三種住宅區
萬華區,華江,2,310,0,第三種住宅區
萬華區,華江,2,311,0,第三種住宅區
萬華區,華江,2,312,0,第三種住宅區
萬華區,華江,2,313,0,第三種住宅區
萬華區,華江,2,313,2,第三種住宅區
萬華區,華江,2,313,3,第三種住宅區
萬華區,華江,2,315,0,第三種住宅區
萬華區,華江,2,316,0,道路用地(公共設施用地)
萬華區,華江,2,317,0,道路用地(公共設施用地)
萬華區,華江,2,318,0,第三種住宅區
萬華區,華江,2,319,0,第三種住宅區
萬華區,華江,2,320,0,道路用地(公共設施用地)
萬華區,華江,2,321,0,道路用地(公共設施用地)
萬華區,華江,2,322,0,第三種住宅區
萬華區,華江,2,323,0,第三種住宅區
萬華區,華江,2,324,0,道路用地(公共設施用地)
萬華區,華江,2,325,0,道路用地(公共設施用地)
萬華區,華江,2,326,0,道路用地(公共設施用地)
萬華區,華江,2,327,0,第三種住宅區
萬華區,華江,2,328,0,第三種住宅區
萬華區,華江,2,329,0,第三種住宅區
萬華區,華江,2,330,0,道路用地(公共設施用地)
萬華區,華江,2,331,0,道路用地(公共設施用地)
萬華區,華江,2,332,0,第三種住宅區
萬華區,華江,2,333,0,第三種住宅區
萬華區,華江,2,334,0,第三種住宅區
萬華區,華江,2,335,0,第三種住宅區
萬華區,華江,2,336,0,道路用地(公共設施用地)
萬華區,華江,2,337,0,道路用地(公共設施用地)
萬華區,華江,2,338,0,第三種住宅區
萬華區,華江,2,339,0,第三種住宅區
萬華區,華江,2,340,0,第三種住宅區
萬華區,華江,2,341,0,第三種住宅區
萬華區,華江,2,342,0,第三種住宅區
萬華區,華江,2,343,0,道路用地(公共設施用地)
萬華區,華江,2,344,0,道路用地(公共設施用地)
萬華區,華江,2,345,0,第三種住宅區
萬華區,華江,2,346,0,第三種住宅區
萬華區,華江,2,347,0,第三種住宅區
萬華區,華江,2,348,0,第三種住宅區
萬華區,華江,2,349,0,道路用地(公共設施用地)
萬華區,華江,2,350,0,道路用地(公共設施用地)
萬華區,華江,2,351,0,第三種住宅區
萬華區,華江,2,352,0,第三種住宅區
萬華區,華江,2,353,0,第三種住宅區
萬華區,華江,2,354,0,第三種住宅區
萬華區,華江,2,355,0,第三種住宅區及道路用地(公共設施用地)
萬華區,華江,2,356,0,道路用地(公共設施用地)
萬華區,華江,2,357,0,"第三之二種住宅區及第三種住宅區,但是否在道路用地(公共設施用地)(應依建築線或俟地籍測量分割後,再確定)"
萬華區,華江,2,357,1,道路用地(公共設施用地)
萬華區,華江,2,358,0,道路用地(公共設施用地)
萬華區,華江,2,358,1,第三種住宅區
萬華區,華江,2,359,0,道路用地(公共設施用地)
萬華區,華江,2,360,0,道路用地(公共設施用地)
萬華區,華江,2,361,0,第三之二種住宅區
萬華區,華江,2,361,1,第三種住宅區
萬華區,華江,2,361,2,第三種住宅區
萬華區,華江,2,362,0,第三之二種住宅區
萬華區,華江,2,363,0,第三之二種住宅區
萬華區,華江,2,364,0,道路用地(公共設施用地)
萬華區,華江,2,365,0,第三之二種住宅區
萬華區,華江,2,366,0,第三之二種住宅區
萬華區,華江,2,366,1,第三種住宅區
萬華區,華江,2,367,0,第三之二種住宅區
萬華區,華江,2,367,1,第三種住宅區
萬華區,華江,2,368,0,第三之二種住宅區
萬華區,華江,2,368,1,第三種住宅區
萬華區,華江,2,369,0,第三之二種住宅區
萬華區,華江,2,369,1,第三種住宅區
萬華區,華江,2,370,0,第三之二種住宅區
萬華區,華江,2,370,1,第三種住宅區
萬華區,華江,2,371,0,第三之二種住宅區
萬華區,華江,2,371,1,第三種住宅區
萬華區,華江,2,373,0,第三之二種住宅區
萬華區,華江,2,374,0,第三之二種住宅區
萬華區,華江,2,375,0,第三之二種住宅區
萬華區,華江,2,376,0,第三之二種住宅區
萬華區,華江,2,377,0,第三之二種住宅區
萬華區,華江,2,378,0,第三之二種住宅區
萬華區,華江,2,379,0,道路用地(公共設施用地)
萬華區,華江,2,380,0,第三之二種住宅區
萬華區,華江,2,381,0,第三之二種住宅區
萬華區,華江,2,382,0,第三之二種住宅區
萬華區,華江,2,383,0,第三之二種住宅區
萬華區,華江,2,384,0,第三之二種住宅區
萬華區,華江,2,385,0,"第三之二種住宅區,但是否在道路用地(公共設施用地)(應依建築線或俟地籍測量分割後,再確定)"
萬華區,華江,2,386,0,道路用地(公共設施用地)
萬華區,華江,2,387,0,道路用地(公共設施用地)及河川區
萬華區,華江,2,388,0,道路用地(公共設施用地)及河川區
萬華區,華江,2,389,0,河川區
萬華區,華江,2,390,0,河川區
萬華區,華江,2,391,0,道路用地(公共設施用地)及河川區
萬華區,華江,2,392,0,道路用地(公共設施用地)及河川區
萬華區,華江,2,393,0,河川區
萬華區,華江,2,394,0,河川區
萬華區,華江,2,395,0,道路用地(公共設施用地)及河川區
萬華區,華江,2,396,0,道路用地(公共設施用地)及河川區
萬華區,華江,2,397,0,道路用地(公共設施用地)
萬華區,華江,2,398,0,道路用地(公共設施用地)
萬華區,華江,2,399,0,河川區
萬華區,華江,2,400,0,河川區
萬華區,華江,2,401,0,河川區
萬華區,華江,2,402,0,河川區
萬華區,華江,2,403,0,河川區
萬華區,華江,2,404,0,河川區
萬華區,華江,2,405,0,河川區
萬華區,華江,2,406,0,河川區
萬華區,華江,2,407,0,河川區
萬華區,華江,2,408,0,河川區
萬華區,華江,2,409,0,河川區
萬華區,華江,2,410,0,河川區
萬華區,華江,2,411,0,河川區
萬華區,華江,2,412,0,河川區
萬華區,華江,2,413,0,河川區
萬華區,華江,2,414,0,河川區
萬華區,華江,2,415,0,河川區
萬華區,華江,2,416,0,河川區
萬華區,華江,2,417,0,河川區
萬華區,華江,2,418,0,河川區
萬華區,華江,2,418,1,河川區
萬華區,華江,2,419,0,河川區
萬華區,華江,2,420,0,河川區
萬華區,華江,2,421,0,河川區
萬華區,華江,2,422,0,河川區
萬華區,華江,2,423,0,河川區
萬華區,華江,2,423,1,河川區
萬華區,華江,2,424,0,河川區
萬華區,華江,2,425,0,河川區
萬華區,華江,2,426,0,河川區
萬華區,華江,2,427,0,河川區
萬華區,華江,2,428,0,河川區
萬華區,華江,2,429,0,河川區
萬華區,華江,2,429,1,河川區
萬華區,華江,2,430,0,河川區
萬華區,華江,2,431,0,道路用地(公共設施用地)及河川區
萬華區,華江,2,432,0,"道路用地(公共設施用地),但是否在河川區(應依建築線或俟地籍測量分割後,再確定)"
萬華區,華江,2,433,0,道路用地(公共設施用地)
萬華區,華江,2,434,0,道路用地(公共設施用地)及河川區
萬華區,華江,2,435,0,河川區
萬華區,華江,2,436,0,河川區
萬華區,華江,2,437,0,道路用地(公共設施用地)及河川區
萬華區,華江,2,438,0,道路用地(公共設施用地)
萬華區,華江,2,439,0,道路用地(公共設施用地)及河川區
萬華區,華江,2,440,0,河川區
萬華區,華江,2,441,0,河川區
萬華區,華江,2,442,0,河川區
萬華區,華江,2,443,0,道路用地(公共設施用地)及河川區
萬華區,華江,2,444,0,道路用地(公共設施用地)及河川區
萬華區,華江,2,445,0,河川區
萬華區,華江,2,446,0,河川區
萬華區,華江,2,447,0,道路用地(公共設施用地)及河川區
萬華區,華江,2,448,0,道路用地(公共設施用地)及河川區
萬華區,華江,2,449,0,道路用地(公共設施用地)及河川區
萬華區,華江,2,450,0,河川區
萬華區,華江,2,450,1,河川區
萬華區,華江,2,451,0,河川區
萬華區,華江,2,452,0,河川區
萬華區,華江,2,452,1,河川區及道路用地(公共設施用地)
萬華區,華江,2,453,0,河川區
萬華區,華江,2,453,1,河川區
萬華區,華江,2,453,2,河川區
萬華區,華江,2,453,3,河川區
萬華區,華江,2,453,4,道路用地(公共設施用地)
萬華區,華江,2,453,5,道路用地(公共設施用地)及河川區
萬華區,華江,2,453,6,河川區
萬華區,華江,2,453,7,排水溝用地(公共設施用地)
萬華區,華江,2,453,8,抽水站用地(公共設施用地)
萬華區,華江,2,454,0,河川區
萬華區,華江,2,455,0,河川區
萬華區,華江,2,455,1,道路用地(公共設施用地)及河川區
萬華區,華江,2,455,2,道路用地(公共設施用地)
萬華區,華江,2,456,0,道路用地(公共設施用地)
萬華區,華江,2,457,0,道路用地(公共設施用地)
萬華區,華江,2,458,0,第三種住宅區
萬華區,華江,2,459,0,道路用地(公共設施用地)
萬華區,華江,2,460,0,道路用地(公共設施用地)
萬華區,華江,2,461,0,道路用地(公共設施用地)
萬華區,華江,2,462,0,道路用地(公共設施用地)
萬華區,華江,2,463,0,第三種住宅區
萬華區,華江,2,464,0,第三種住宅區
萬華區,華江,2,465,0,第三種住宅區
萬華區,華江,2,466,0,第三種住宅區
萬華區,華江,2,467,0,第三種住宅區
萬華區,華江,2,468,0,第三種住宅區
萬華區,華江,2,469,0,第三種住宅區
萬華區,華江,2,470,0,第三種住宅區
萬華區,華江,2,471,0,第三種住宅區
萬華區,華江,2,472,0,第三種住宅區
萬華區,華江,2,473,0,第三種住宅區
萬華區,華江,2,474,0,第三種住宅區
萬華區,華江,2,475,0,第三種住宅區
萬華區,華江,2,476,0,第三種住宅區
萬華區,華江,2,477,0,第三種住宅區
萬華區,華江,2,478,0,道路用地(公共設施用地)
萬華區,華江,2,478,1,道路用地(公共設施用地)
萬華區,華江,2,479,0,道路用地(公共設施用地)
萬華區,華江,2,480,0,第三種住宅區
萬華區,華江,2,481,0,第三種住宅區
萬華區,華江,2,482,0,道路用地(公共設施用地)
萬華區,華江,2,483,0,道路用地(公共設施用地)
萬華區,華江,2,484,0,第三種住宅區
萬華區,華江,2,485,0,第三種住宅區
萬華區,華江,2,486,0,道路用地(公共設施用地)
萬華區,華江,2,487,0,道路用地(公共設施用地)
萬華區,華江,2,488,0,第三種住宅區
萬華區,華江,2,489,0,第三種住宅區
萬華區,華江,2,490,0,道路用地(公共設施用地)
萬華區,華江,2,491,0,道路用地(公共設施用地)
萬華區,華江,2,492,0,第三種住宅區
萬華區,華江,2,493,0,第三種住宅區
萬華區,華江,2,494,0,道路用地(公共設施用地)
萬華區,華江,2,495,0,道路用地(公共設施用地)
萬華區,華江,2,496,0,第三種住宅區
萬華區,華江,2,497,0,第三種住宅區
萬華區,華江,2,498,0,道路用地(公共設施用地)
萬華區,華江,2,499,0,道路用地(公共設施用地)
萬華區,華江,2,500,0,第三種住宅區
萬華區,華江,2,501,0,第三種住宅區
萬華區,華江,2,502,0,道路用地(公共設施用地)
萬華區,華江,2,503,0,道路用地(公共設施用地)
萬華區,華江,2,504,0,第三種住宅區
萬華區,華江,2,505,0,第三種住宅區
萬華區,華江,2,506,0,道路用地(公共設施用地)
萬華區,華江,2,507,0,道路用地(公共設施用地)
萬華區,華江,2,508,0,第三種住宅區
萬華區,華江,2,509,0,第三種住宅區
萬華區,華江,2,510,0,道路用地(公共設施用地)
萬華區,華江,2,511,0,道路用地(公共設施用地)
萬華區,華江,2,512,0,第三種住宅區
萬華區,華江,2,513,0,第三種住宅區
萬華區,華江,2,514,0,道路用地(公共設施用地)
萬華區,華江,2,515,0,第三種住宅區
萬華區,華江,2,516,0,第三種住宅區
萬華區,華江,2,517,0,第三種住宅區
萬華區,華江,2,518,0,道路用地(公共設施用地)
萬華區,華江,2,519,0,道路用地(公共設施用地)
萬華區,華江,2,520,0,第三種住宅區及道路用地(公共設施用地)
萬華區,華江,2,521,0,道路用地(公共設施用地)
萬華區,華江,2,522,0,道路用地(公共設施用地)
萬華區,華江,2,523,0,道路用地(公共設施用地)
萬華區,華江,2,524,0,第三種住宅區
萬華區,華江,2,525,0,第三種住宅區
萬華區,華江,2,526,0,第三種住宅區
萬華區,華江,2,527,0,第三種住宅區
萬華區,華江,2,528,0,第三種住宅區
萬華區,華江,2,529,0,第三種住宅區及道路用地(公共設施用地)
萬華區,華江,2,530,0,道路用地(公共設施用地)
萬華區,華江,2,531,0,第三之二種住宅區
萬華區,華江,2,531,1,第三種住宅區
萬華區,華江,2,531,2,道路用地(公共設施用地)
萬華區,華江,2,532,0,第三之二種住宅區
萬華區,華江,2,532,1,第三種住宅區
萬華區,華江,2,532,2,道路用地(公共設施用地)
萬華區,華江,2,533,0,第三之二種住宅區
萬華區,華江,2,533,1,第三種住宅區
萬華區,華江,2,533,2,道路用地(公共設施用地)
萬華區,華江,2,534,0,第三之二種住宅區
萬華區,華江,2,535,0,第三之二種住宅區
萬華區,華江,2,536,0,第三之二種住宅區
萬華區,華江,2,537,0,第三之二種住宅區
萬華區,華江,2,537,1,道路用地(公共設施用地)
萬華區,華江,2,538,0,第三之二種住宅區
萬華區,華江,2,539,0,第三之二種住宅區
萬華區,華江,2,540,0,道路用地(公共設施用地)
萬華區,華江,2,541,0,道路用地(公共設施用地)
萬華區,華江,2,542,0,道路用地(公共設施用地)及河川區
萬華區,華江,2,543,0,河川區
萬華區,華江,2,544,0,道路用地(公共設施用地)及河川區
萬華區,華江,2,545,0,道路用地(公共設施用地)及河川區
萬華區,華江,2,546,0,道路用地(公共設施用地)及河川區
萬華區,華江,2,547,0,河川區
萬華區,華江,2,548,0,道路用地(公共設施用地)及河川區
萬華區,華江,2,549,0,道路用地(公共設施用地)
萬華區,華江,2,549,1,道路用地(公共設施用地)
萬華區,華江,2,549,2,第三之二種住宅區
萬華區,華江,2,549,3,道路用地(公共設施用地)
萬華區,華江,2,550,0,道路用地(公共設施用地)
萬華區,華江,2,551,0,第三之二種住宅區
萬華區,華江,2,552,0,第三之二種住宅區
萬華區,華江,2,553,0,第三之二種住宅區
萬華區,華江,2,554,0,第三之二種住宅區
萬華區,華江,2,555,0,第三之二種住宅區
萬華區,華江,2,556,0,第三之二種住宅區
萬華區,華江,2,557,0,第三之二種住宅區
萬華區,華江,2,558,0,第三之二種住宅區
萬華區,華江,2,559,0,第三之二種住宅區
萬華區,華江,2,560,0,第三之二種住宅區
萬華區,華江,2,561,0,第三之二種住宅區
萬華區,華江,2,562,0,第三之二種住宅區
萬華區,華江,2,563,0,第三之二種住宅區
萬華區,華江,2,564,0,第三之二種住宅區
萬華區,華江,2,565,0,第三之二種住宅區
萬華區,華江,2,566,0,第三之二種住宅區
萬華區,華江,2,567,0,第三之二種住宅區
萬華區,華江,2,568,0,第三之二種住宅區
萬華區,華江,2,569,0,第三之二種住宅區
萬華區,華江,2,570,0,第三之二種住宅區
萬華區,華江,2,571,0,第三之二種住宅區
萬華區,華江,2,572,0,第三之二種住宅區
萬華區,華江,2,573,0,第三之二種住宅區
萬華區,華江,2,574,0,第三之二種住宅區
萬華區,華江,2,574,1,第三種住宅區
萬華區,華江,2,575,0,第三種住宅區
萬華區,華江,2,576,0,第三之二種住宅區
萬華區,華江,2,576,1,第三種住宅區
萬華區,華江,2,577,0,第三之二種住宅區
萬華區,華江,2,577,1,第三種住宅區
萬華區,華江,2,578,0,第三之二種住宅區
萬華區,華江,2,578,1,第三種住宅區
萬華區,華江,2,579,0,第三之二種住宅區
萬華區,華江,2,579,1,第三種住宅區
萬華區,華江,2,580,0,第三種住宅區
萬華區,華江,2,581,0,第三之二種住宅區
萬華區,華江,2,582,0,第三之二種住宅區
萬華區,華江,2,583,0,第三之二種住宅區
萬華區,華江,2,583,1,第三種住宅區
萬華區,華江,2,584,0,第三之二種住宅區
萬華區,華江,2,585,0,第三之二種住宅區
萬華區,華江,2,585,1,第三種住宅區
萬華區,華江,2,586,0,第三之二種住宅區
萬華區,華江,2,587,0,第三之二種住宅區
萬華區,華江,2,587,1,第三種住宅區
萬華區,華江,2,588,0,第三之二種住宅區
萬華區,華江,2,588,1,第三種住宅區
萬華區,華江,2,589,0,第三之二種住宅區
萬華區,華江,2,590,0,第三之二種住宅區
萬華區,華江,2,591,0,第三之二種住宅區
萬華區,華江,2,591,1,第三種住宅區
萬華區,華江,2,592,0,第三之二種住宅區
萬華區,華江,2,592,1,第三種住宅區
萬華區,華江,2,593,0,第三之二種住宅區
萬華區,華江,2,594,0,第三之二種住宅區
萬華區,華江,2,595,0,第三之二種住宅區
萬華區,華江,2,595,1,第三種住宅區
萬華區,華江,2,596,0,第三之二種住宅區
萬華區,華江,2,596,1,第三種住宅區
萬華區,華江,2,597,0,第三之二種住宅區
萬華區,華江,2,598,0,第三之二種住宅區
萬華區,華江,2,599,0,第三之二種住宅區
萬華區,華江,2,599,1,第三種住宅區
萬華區,華江,2,600,0,第三之二種住宅區
萬華區,華江,2,600,1,第三種住宅區
萬華區,華江,2,601,0,第三之二種住宅區
萬華區,華江,2,602,0,第三之二種住宅區
萬華區,華江,2,603,0,第三之二種住宅區
萬華區,華江,2,603,1,第三種住宅區
萬華區,華江,2,604,0,第三之二種住宅區
萬華區,華江,2,604,1,第三種住宅區
萬華區,華江,2,605,0,第三之二種住宅區
萬華區,華江,2,606,0,第三之二種住宅區
萬華區,華江,2,607,0,第三之二種住宅區
萬華區,華江,2,607,1,第三種住宅區
萬華區,華江,2,608,0,第三種住宅區
萬華區,華江,2,609,0,第三之二種住宅區
萬華區,華江,2,609,1,第三種住宅區
萬華區,華江,2,610,0,第三之二種住宅區
萬華區,華江,2,610,1,第三種住宅區
萬華區,華江,2,611,0,第三之二種住宅區
萬華區,華江,2,612,0,第三之二種住宅區
萬華區,華江,2,613,0,第三之二種住宅區
萬華區,華江,2,614,0,第三之二種住宅區
萬華區,華江,2,614,1,第三種住宅區
萬華區,華江,2,615,0,第三種住宅區
萬華區,華江,2,616,0,公園用地(公共設施用地)
萬華區,華江,2,616,2,道路用地(公共設施用地)
萬華區,華江,2,616,3,道路用地(公共設施用地)
萬華區,華江,2,617,0,第三種住宅區
萬華區,華江,2,620,0,道路用地(公共設施用地)
萬華區,華江,2,621,0,道路用地(公共設施用地)
萬華區,華江,2,622,0,第三種住宅區
萬華區,華江,2,623,0,第三種住宅區
萬華區,華江,2,624,0,第三種住宅區
萬華區,華江,2,625,0,第三種住宅區
萬華區,華江,2,626,0,第三種住宅區
萬華區,華江,2,627,0,第三種住宅區
萬華區,華江,2,628,0,第三種住宅區
萬華區,華江,2,629,0,第三種住宅區
萬華區,華江,2,630,0,第三種住宅區
萬華區,華江,2,631,0,第三種住宅區
萬華區,華江,2,632,0,第三種住宅區
萬華區,華江,2,633,0,第三種住宅區
萬華區,華江,2,634,0,第三種住宅區
萬華區,華江,2,635,0,第三種住宅區
萬華區,華江,2,636,0,第三種住宅區
萬華區,華江,2,637,0,第三種住宅區
萬華區,華江,2,638,0,第三種住宅區
萬華區,華江,2,639,0,第三種住宅區
萬華區,華江,2,640,0,第三種住宅區
萬華區,華江,2,641,0,第三種住宅區
萬華區,華江,2,642,0,第三種住宅區
萬華區,華江,2,643,0,第三種住宅區
萬華區,華江,2,644,0,第三種住宅區
萬華區,華江,2,645,0,道路用地(公共設施用地)
萬華區,華江,2,646,0,道路用地(公共設施用地)
萬華區,華江,2,647,0,道路用地(公共設施用地)
萬華區,華江,2,648,0,第三種住宅區
萬華區,華江,2,650,0,道路用地(公共設施用地)
萬華區,華江,2,651,0,道路用地(公共設施用地)
萬華區,華江,2,653,1,道路用地(公共設施用地)
萬華區,華江,2,654,0,道路用地(公共設施用地)
萬華區,華江,2,655,0,第三種住宅區
萬華區,華江,2,656,0,第三種住宅區
萬華區,華江,2,657,0,道路用地(公共設施用地)
萬華區,華江,2,658,0,道路用地(公共設施用地)
萬華區,華江,2,659,0,第三種住宅區
萬華區,華江,2,660,0,第三種住宅區
萬華區,華江,2,661,0,道路用地(公共設施用地)
萬華區,華江,2,662,0,道路用地(公共設施用地)
萬華區,華江,2,663,0,第三種住宅區
萬華區,華江,2,664,0,第三種住宅區
萬華區,華江,2,665,0,道路用地(公共設施用地)
萬華區,華江,2,666,0,道路用地(公共設施用地)
萬華區,華江,2,667,0,第三種住宅區
萬華區,華江,2,668,0,第三種住宅區
萬華區,華江,2,669,0,道路用地(公共設施用地)
萬華區,華江,2,670,0,道路用地(公共設施用地)
萬華區,華江,2,671,0,第三種住宅區
萬華區,華江,2,672,0,第三種住宅區
萬華區,華江,2,673,0,道路用地(公共設施用地)
萬華區,華江,2,674,0,道路用地(公共設施用地)
萬華區,華江,2,675,0,第三種住宅區
萬華區,華江,2,676,0,第三種住宅區
萬華區,華江,2,677,0,道路用地(公共設施用地)
萬華區,華江,2,678,0,道路用地(公共設施用地)
萬華區,華江,2,679,0,第三種住宅區
萬華區,華江,2,680,0,第三種住宅區
萬華區,華江,2,680,1,第三種住宅區
萬華區,華江,2,681,0,第三種住宅區
萬華區,華江,2,681,1,道路用地(公共設施用地)
萬華區,華江,2,681,2,道路用地(公共設施用地)
萬華區,華江,2,682,0,道路用地(公共設施用地)
萬華區,華江,2,682,1,道路用地(公共設施用地)
萬華區,華江,2,683,0,道路用地(公共設施用地)
萬華區,華江,2,683,1,道路用地(公共設施用地)
萬華區,華江,2,683,2,抽水站用地(公共設施用地)
萬華區,華江,2,683,5,道路用地(公共設施用地)
萬華區,華江,2,684,0,道路用地(公共設施用地)
萬華區,華江,2,684,1,道路用地(公共設施用地)
萬華區,華江,2,684,6,道路用地(公共設施用地)
萬華區,華江,2,685,0,抽水站用地(公共設施用地)
萬華區,華江,2,685,3,批發市場用地(公共設施用地)
萬華區,華江,2,687,0,排水溝用地(公共設施用地)
萬華區,華江,2,688,0,道路用地(公共設施用地)
萬華區,華江,2,688,3,第三種住宅區
萬華區,華江,2,688,4,第三種住宅區
萬華區,華江,2,689,0,抽水站用地(公共設施用地)
萬華區,華江,2,689,2,道路用地(公共設施用地)
萬華區,華江,2,689,3,排水溝用地(公共設施用地)
萬華區,華江,2,690,0,抽水站用地(公共設施用地)
萬華區,華江,2,690,2,排水溝用地(公共設施用地)
萬華區,華江,2,691,0,批發市場用地(公共設施用地)
萬華區,華江,2,691,2,排水溝用地(公共設施用地)
萬華區,華江,2,693,0,抽水站用地(公共設施用地)
萬華區,華江,2,693,2,批發市場用地(公共設施用地)
萬華區,華江,2,693,5,排水溝用地(公共設施用地)
萬華區,華江,2,693,6,排水溝用地(公共設施用地)
萬華區,華江,2,693,9,批發市場用地(公共設施用地)
萬華區,華江,2,694,1,排水溝用地(公共設施用地)
萬華區,華江,2,694,11,抽水站用地(公共設施用地)
萬華區,華江,2,695,0,排水溝用地(公共設施用地)
萬華區,華江,2,696,2,批發市場用地(公共設施用地)
萬華區,華江,2,696,6,道路用地(公共設施用地)
萬華區,華江,2,696,7,批發市場用地(公共設施用地)
萬華區,華江,2,698,0,排水溝用地(公共設施用地)
萬華區,華江,2,699,0,道路用地(公共設施用地)及河川區
萬華區,華江,2,700,0,河川區
萬華區,華江,2,700,1,河川區
萬華區,華江,2,701,0,道路用地(公共設施用地)及河川區
萬華區,華江,2,704,0,批發市場用地(公共設施用地)
萬華區,華江,2,704,4,批發市場用地(公共設施用地)
萬華區,華江,2,704,6,批發市場用地(公共設施用地)
萬華區,華江,2,705,1,批發市場用地(公共設施用地)
萬華區,華江,2,706,1,批發市場用地(公共設施用地)
萬華區,華江,2,707,0,道路用地(公共設施用地)及河川區
萬華區,華江,2,708,0,河川區
萬華區,華江,2,709,0,河川區
萬華區,華江,2,709,1,河川區
萬華區,華江,2,710,0,河川區
萬華區,華江,2,711,0,河川區
萬華區,華江,2,712,0,道路用地(公共設施用地)及河川區
萬華區,華江,2,713,1,批發市場用地(公共設施用地)
萬華區,華江,2,713,3,道路用地(公共設施用地)
萬華區,華江,2,713,4,批發市場用地(公共設施用地)
萬華區,華江,2,714,0,道路用地(公共設施用地)
萬華區,華江,2,714,1,批發市場用地(公共設施用地)
萬華區,華江,2,715,0,道路用地(公共設施用地)
萬華區,華江,2,716,0,道路用地(公共設施用地)
萬華區,華江,2,717,0,道路用地(公共設施用地)
萬華區,華江,2,718,0,道路用地(公共設施用地)及河川區
萬華區,華江,2,719,0,道路用地(公共設施用地)
萬華區,華江,2,720,0,道路用地(公共設施用地)
萬華區,華江,2,721,0,道路用地(公共設施用地)及河川區
萬華區,華江,2,722,0,河川區
萬華區,華江,2,723,0,河川區
萬華區,華江,2,723,1,河川區
萬華區,華江,2,724,0,河川區
萬華區,華江,2,725,0,道路用地(公共設施用地)及河川區
萬華區,華江,2,726,0,道路用地(公共設施用地)及河川區
萬華區,華江,2,727,0,河川區
萬華區,華江,2,728,0,河川區
萬華區,華江,2,729,0,道路用地(公共設施用地)及河川區
萬華區,華江,2,730,0,道路用地(公共設施用地)
萬華區,華江,2,731,0,道路用地(公共設施用地)
萬華區,華江,2,731,1,道路用地(公共設施用地)
萬華區,華江,2,732,0,特定專用區
萬華區,華江,2,732,1,特定專用區
萬華區,華江,2,732,2,特定專用區
萬華區,華江,2,732,3,特定專用區
萬華區,華江,2,733,0,特定專用區
萬華區,華江,2,733,1,特定專用區
萬華區,華江,2,734,0,特定專用區
萬華區,華江,2,734,1,特定專用區
萬華區,華江,2,735,0,鐵路用地(公共設施用地)
萬華區,華江,2,735,1,特定專用區
萬華區,華江,2,735,2,鐵路用地(公共設施用地)
萬華區,華江,2,736,0,鐵路用地(公共設施用地)
萬華區,華江,2,736,1,特定專用區
萬華區,華江,2,736,2,鐵路用地(公共設施用地)
萬華區,華江,2,737,0,鐵路用地(公共設施用地)
萬華區,華江,2,738,0,道路用地(公共設施用地)
萬華區,華江,2,739,0,河川區
萬華區,華江,2,739,1,道路用地(公共設施用地)及河川區
萬華區,華江,2,740,0,河川區
萬華區,華江,2,741,0,河川區
萬華區,華江,2,741,1,鐵路用地(公共設施用地)
萬華區,華江,2,741,2,道路用地(公共設施用地)及河川區
萬華區,華江,2,741,3,"鐵路用地(公共設施用地),但是否在道路用地(公共設施用地)(應依建築線或俟地籍測量分割後,再確定)"
萬華區,華江,2,741,4,河川區
萬華區,華江,2,741,5,道路用地(公共設施用地)及河川區
萬華區,華江,2,741,6,"鐵路用地(公共設施用地),但是否在道路用地(公共設施用地)(應依建築線或俟地籍測量分割後,再確定)"
萬華區,華江,2,741,7,鐵路用地(公共設施用地)
萬華區,華江,2,742,0,河川區
萬華區,華江,2,742,1,河川區
萬華區,華江,2,743,0,河川區
萬華區,華江,2,744,0,河川區
萬華區,華江,2,745,0,河川區
萬華區,華江,2,746,0,河川區
萬華區,華江,2,747,0,河川區
萬華區,華江,2,748,0,河川區
萬華區,華江,2,749,0,河川區
萬華區,華江,2,750,0,河川區
萬華區,華江,2,751,0,河川區
萬華區,華江,2,752,0,河川區
萬華區,華江,2,753,0,河川區
萬華區,華江,2,754,0,河川區
萬華區,華江,2,755,0,河川區
萬華區,華江,2,756,0,河川區
萬華區,華江,2,757,0,河川區
萬華區,華江,2,758,0,河川區
萬華區,華江,3,1,0,道路用地(公共設施用地)
萬華區,華江,3,1,1,道路用地(公共設施用地)
萬華區,華江,3,2,0,道路用地(公共設施用地)
萬華區,華江,3,3,0,特定專用區(一)
萬華區,華江,3,4,0,特定專用區(一)
萬華區,華江,3,4,1,特定專用區(一)
萬華區,華江,3,6,0,特定專用區(一)
萬華區,華江,3,7,0,特定專用區(一)
萬華區,華江,3,8,0,特定專用區(一)
萬華區,華江,3,9,0,特定專用區(一)
萬華區,華江,3,10,0,特定專用區(一)
萬華區,華江,3,11,0,特定專用區(一)
萬華區,華江,3,12,0,特定專用區(一)
萬華區,華江,3,16,0,特定專用區(一)
萬華區,華江,3,17,0,特定專用區(一)
萬華區,華江,3,18,0,特定專用區(一)
萬華區,華江,3,19,0,特定專用區(一)
萬華區,華江,3,20,0,特定專用區(一)
萬華區,華江,3,20,1,道路用地(公共設施用地)
萬華區,華江,3,21,0,特定專用區(一)
萬華區,華江,3,21,1,道路用地(公共設施用地)
萬華區,華江,3,22,0,特定專用區(一)
萬華區,華江,3,22,1,道路用地(公共設施用地)
萬華區,華江,3,23,0,特定專用區(一)
萬華區,華江,3,23,2,道路用地(公共設施用地)
萬華區,華江,3,24,0,特定專用區(一)
萬華區,華江,3,24,1,道路用地(公共設施用地)
萬華區,華江,3,25,0,特定專用區(一)
萬華區,華江,3,26,0,特定專用區(一)
萬華區,華江,3,26,1,道路用地(公共設施用地)
萬華區,華江,3,27,0,特定專用區(一)
萬華區,華江,3,27,1,道路用地(公共設施用地)
萬華區,華江,3,28,0,特定專用區(一)
萬華區,華江,3,28,1,道路用地(公共設施用地)
萬華區,華江,3,29,0,特定專用區(一)
萬華區,華江,3,29,1,道路用地(公共設施用地)
萬華區,華江,3,30,0,特定專用區(一)
萬華區,華江,3,31,0,特定專用區(一)
萬華區,華江,3,32,0,特定專用區(一)
萬華區,華江,3,32,1,道路用地(公共設施用地)
萬華區,華江,3,33,0,特定專用區(一)
萬華區,華江,3,33,1,道路用地(公共設施用地)
萬華區,華江,3,34,0,特定專用區(一)
萬華區,華江,3,34,1,道路用地(公共設施用地)
萬華區,華江,3,35,0,特定專用區(一)
萬華區,華江,3,35,1,特定專用區(一)
萬華區,華江,3,36,0,特定專用區(一)
萬華區,華江,3,37,0,特定專用區(一)
萬華區,華江,3,37,1,特定專用區(一)
萬華區,華江,3,41,0,"特定專用區(一),但是否在道路用地(公共設施用地)(應依建築線或俟地籍測量分割後,再確定)"
萬華區,華江,3,42,0,特定專用區(一)
萬華區,華江,3,42,1,道路用地(公共設施用地)
萬華區,華江,3,43,0,特定專用區(一)
萬華區,華江,3,43,1,道路用地(公共設施用地)
萬華區,華江,3,44,0,特定專用區(一)
萬華區,華江,3,45,0,特定專用區(一)
萬華區,華江,3,46,0,特定專用區(一)
萬華區,華江,3,47,0,特定專用區(一)
萬華區,華江,3,48,0,特定專用區(一)
萬華區,華江,3,49,0,特定專用區(一)
萬華區,華江,3,50,0,特定專用區(一)
萬華區,華江,3,50,1,特定專用區(一)
萬華區,華江,3,50,2,特定專用區(一)
萬華區,華江,3,50,3,特定專用區(一)
萬華區,華江,3,51,0,特定專用區(一)
萬華區,華江,3,51,1,特定專用區(一)
萬華區,華江,3,51,2,特定專用區(一)
萬華區,華江,3,51,3,特定專用區(一)
萬華區,華江,3,52,0,道路用地(公共設施用地)
萬華區,華江,3,53,0,特定專用區(一)
萬華區,華江,3,54,0,特定專用區(一)
萬華區,華江,3,55,0,特定專用區(一)
萬華區,華江,3,56,0,特定專用區(一)
萬華區,華江,3,57,0,特定專用區(一)
萬華區,華江,3,58,0,特定專用區(一)
萬華區,華江,3,59,0,特定專用區(一)
萬華區,華江,3,60,0,道路用地(公共設施用地)
萬華區,華江,3,61,0,特定專用區(一)
萬華區,華江,3,62,0,特定專用區(一)
萬華區,華江,3,63,0,特定專用區(一)
萬華區,華江,3,64,0,特定專用區(一)
萬華區,華江,3,65,0,特定專用區(一)
萬華區,華江,3,66,0,特定專用區(一)
萬華區,華江,3,67,0,特定專用區(一)
萬華區,華江,3,68,0,特定專用區(一)
萬華區,華江,3,69,0,特定專用區(一)
萬華區,華江,3,70,0,特定專用區(一)
萬華區,華江,3,71,0,特定專用區(一)
萬華區,華江,3,72,0,特定專用區(一)
萬華區,華江,3,73,0,特定專用區(一)
萬華區,華江,3,74,0,特定專用區(一)
萬華區,華江,3,75,0,特定專用區(一)
萬華區,華江,3,76,0,特定專用區(一)
萬華區,華江,3,77,0,特定專用區(一)
萬華區,華江,3,78,0,特定專用區(一)
萬華區,華江,3,79,0,道路用地(公共設施用地)
萬華區,華江,3,79,1,特定專用區(一)
萬華區,華江,3,80,0,特定專用區(一)
萬華區,華江,3,81,0,特定專用區(一)
萬華區,華江,3,82,0,特定專用區(一)
萬華區,華江,3,83,0,特定專用區(一)
萬華區,華江,3,84,0,特定專用區(一)
萬華區,華江,3,85,0,特定專用區(一)
萬華區,華江,3,86,0,特定專用區(一)
萬華區,華江,3,87,0,特定專用區(一)
萬華區,華江,3,88,0,"特定專用區(一),但是否在道路用地(公共設施用地)(應依建築線或俟地籍測量分割後,再確定)"
萬華區,華江,3,89,0,"特定專用區(一),但是否在道路用地(公共設施用地)(應依建築線或俟地籍測量分割後,再確定)"
萬華區,華江,3,90,0,"特定專用區(一),但是否在道路用地(公共設施用地)(應依建築線或俟地籍測量分割後,再確定)"
萬華區,華江,3,90,1,道路用地(公共設施用地)
萬華區,華江,3,91,0,道路用地(公共設施用地)
萬華區,華江,3,92,0,特定專用區(一)
萬華區,華江,3,93,0,特定專用區(一)
萬華區,華江,3,94,0,特定專用區(一)
萬華區,華江,3,95,0,特定專用區(一)
萬華區,華江,3,96,0,特定專用區(一)
萬華區,華江,3,97,0,特定專用區(一)
萬華區,華江,3,98,0,道路用地(公共設施用地)
萬華區,華江,3,98,1,特定專用區(一)
萬華區,華江,3,99,0,特定專用區(一)
萬華區,華江,3,100,0,特定專用區(一)
萬華區,華江,3,101,0,特定專用區(一)
萬華區,華江,3,102,0,道路用地(公共設施用地)
萬華區,華江,3,103,0,特定專用區(一)
萬華區,華江,3,104,0,特定專用區(一)
萬華區,華江,3,105,0,特定專用區(一)
萬華區,華江,3,106,0,特定專用區(一)
萬華區,華江,3,107,0,道路用地(公共設施用地)
萬華區,華江,3,108,0,道路用地(公共設施用地)
萬華區,華江,3,109,0,特定專用區(一)
萬華區,華江,3,109,1,道路用地(公共設施用地)
萬華區,華江,3,110,0,特定專用區(一)
萬華區,華江,3,111,0,特定專用區(一)
萬華區,華江,3,112,0,特定專用區(一)
萬華區,華江,3,112,1,道路用地(公共設施用地)
萬華區,華江,3,113,0,特定專用區(一)
萬華區,華江,3,113,1,道路用地(公共設施用地)
萬華區,華江,3,114,0,特定專用區(一)
萬華區,華江,3,114,1,道路用地(公共設施用地)
萬華區,華江,3,115,0,特定專用區(一)
萬華區,華江,3,116,0,特定專用區(一)
萬華區,華江,3,116,1,道路用地(公共設施用地)
萬華區,華江,3,117,0,特定專用區(一)
萬華區,華江,3,117,1,道路用地(公共設施用地)
萬華區,華江,3,118,0,"特定專用區(一),但是否在道路用地(公共設施用地)(應依建築線或俟地籍測量分割後,再確定)"
萬華區,華江,3,118,1,道路用地(公共設施用地)
萬華區,華江,3,119,1,道路用地(公共設施用地)
萬華區,華江,3,121,0,特定專用區(一)
萬華區,華江,3,122,0,特定專用區(一)
萬華區,華江,3,122,1,道路用地(公共設施用地)
萬華區,華江,3,123,0,特定專用區(一)
萬華區,華江,3,123,1,道路用地(公共設施用地)
萬華區,華江,3,124,0,特定專用區(一)
萬華區,華江,3,125,0,特定專用區(一)
萬華區,華江,3,125,1,特定專用區(一)
萬華區,華江,3,125,2,特定專用區(一)
萬華區,華江,3,126,0,特定專用區(一)
萬華區,華江,3,127,0,特定專用區(一)
萬華區,華江,3,128,0,特定專用區(一)
萬華區,華江,3,129,0,特定專用區(一)
萬華區,華江,3,130,0,"道路用地(公共設施用地),但是否在特定專用區(一)(應依建築線或俟地籍測量分割後,再確定)"
萬華區,華江,3,131,0,道路用地(公共設施用地)
萬華區,華江,3,132,0,道路用地(公共設施用地)
萬華區,華江,3,133,0,道路用地(公共設施用地)
萬華區,華江,3,134,0,特定專用區(一)
萬華區,華江,3,134,1,道路用地(公共設施用地)
萬華區,華江,3,134,2,道路用地(公共設施用地)
萬華區,華江,3,134,3,特定專用區(一)
萬華區,華江,3,134,4,特定專用區(一)
萬華區,華江,3,135,0,特定專用區(一)
萬華區,華江,3,136,0,道路用地(公共設施用地)
萬華區,華江,3,136,1,道路用地(公共設施用地)
萬華區,華江,3,136,2,道路用地(公共設施用地)
萬華區,華江,3,136,3,特定專用區(一)
萬華區,華江,3,136,4,特定專用區(一)
萬華區,華江,3,137,0,道路用地(公共設施用地)
萬華區,華江,3,138,0,特定專用區(一)
萬華區,華江,3,139,1,道路用地(公共設施用地)
萬華區,華江,3,142,0,特定專用區(一)
萬華區,華江,3,150,0,特定專用區(一)
萬華區,華江,3,151,0,特定專用區(一)
萬華區,華江,3,152,0,特定專用區(一)
萬華區,華江,3,153,0,特定專用區(一)
萬華區,華江,3,154,0,特定專用區(一)
萬華區,華江,3,155,0,特定專用區(一)
萬華區,華江,3,156,0,特定專用區(一)
萬華區,華江,3,157,0,特定專用區(一)
萬華區,華江,3,157,1,道路用地(公共設施用地)
萬華區,華江,3,158,0,特定專用區(一)
萬華區,華江,3,158,1,道路用地(公共設施用地)
萬華區,華江,3,159,0,特定專用區(一)
萬華區,華江,3,159,1,道路用地(公共設施用地)
萬華區,華江,3,160,0,特定專用區(一)
萬華區,華江,3,160,1,道路用地(公共設施用地)
萬華區,華江,3,161,0,特定專用區(一)
萬華區,華江,3,161,1,道路用地(公共設施用地)
萬華區,華江,3,162,0,特定專用區(一)
萬華區,華江,3,163,0,特定專用區(一)
萬華區,華江,3,164,0,特定專用區(一)
萬華區,華江,3,165,0,特定專用區(一)
萬華區,華江,3,172,0,特定專用區(一)
萬華區,華江,3,173,0,特定專用區(一)
萬華區,華江,3,174,0,特定專用區(一)
萬華區,華江,3,175,0,特定專用區(一)
萬華區,華江,3,176,0,特定專用區(一)
萬華區,華江,3,176,1,道路用地(公共設施用地)
萬華區,華江,3,177,0,特定專用區(一)
萬華區,華江,3,177,1,道路用地(公共設施用地)
萬華區,華江,3,178,0,道路用地(公共設施用地)
萬華區,華江,3,179,0,"道路用地(公共設施用地),但是否在特定專用區(一)(應依建築線或俟地籍測量分割後,再確定)"
萬華區,華江,3,180,0,"道路用地(公共設施用地),但是否在特定專用區(一)(應依建築線或俟地籍測量分割後,再確定)"
萬華區,華江,3,181,0,特定專用區(一)
萬華區,華江,3,182,0,特定專用區(一)
萬華區,華江,3,183,0,特定專用區(一)
萬華區,華江,3,184,0,特定專用區(一)
萬華區,華江,3,185,0,特定專用區(一)
萬華區,華江,3,186,0,特定專用區(一)
萬華區,華江,3,187,0,特定專用區(一)
萬華區,華江,3,188,0,特定專用區(一)
萬華區,華江,3,189,0,特定專用區(一)
萬華區,華江,3,190,0,特定專用區(一)
萬華區,華江,3,191,0,特定專用區(一)
萬華區,華江,3,192,0,特定專用區(一)
萬華區,華江,3,193,0,特定專用區(一)
萬華區,華江,3,194,0,特定專用區(一)
萬華區,華江,3,195,0,特定專用區(一)
萬華區,華江,3,196,0,特定專用區(一)
萬華區,華江,3,197,0,特定專用區(一)
萬華區,華江,3,198,0,特定專用區(一)
萬華區,華江,3,199,0,特定專用區(一)
萬華區,華江,3,200,0,特定專用區(一)
萬華區,華江,3,201,0,特定專用區(一)
萬華區,華江,3,202,0,特定專用區(一)
萬華區,華江,3,203,0,特定專用區(一)
萬華區,華江,3,204,0,特定專用區(一)
萬華區,華江,3,205,0,特定專用區(一)
萬華區,華江,3,206,0,特定專用區(一)
萬華區,華江,3,207,0,特定專用區(一)
萬華區,華江,3,208,0,特定專用區(一)
萬華區,華江,3,209,0,特定專用區(一)
萬華區,華江,3,210,0,特定專用區(一)
萬華區,華江,3,211,0,特定專用區(一)
萬華區,華江,3,212,0,特定專用區(一)
萬華區,華江,3,213,0,特定專用區(一)
萬華區,華江,3,214,0,特定專用區(一)
萬華區,華江,3,214,1,道路用地(公共設施用地)
萬華區,華江,3,215,0,特定專用區(一)
萬華區,華江,3,215,1,道路用地(公共設施用地)
萬華區,華江,3,215,3,道路用地(公共設施用地)
萬華區,華江,3,215,4,特定專用區(一)
萬華區,華江,3,215,5,道路用地(公共設施用地)
萬華區,華江,3,215,6,道路用地(公共設施用地)
萬華區,華江,3,215,7,道路用地(公共設施用地)
萬華區,華江,3,216,1,道路用地(公共設施用地)
萬華區,華江,3,216,2,"特定專用區(一),但是否在道路用地(公共設施用地)(應依建築線或俟地籍測量分割後,再確定)"
萬華區,華江,3,217,0,特定專用區(一)
萬華區,華江,3,217,1,道路用地(公共設施用地)
萬華區,華江,3,218,0,特定專用區(一)
萬華區,華江,3,218,1,道路用地(公共設施用地)
萬華區,華江,3,219,0,特定專用區(一)
萬華區,華江,3,219,1,道路用地(公共設施用地)
萬華區,華江,3,220,0,特定專用區(一)
萬華區,華江,3,220,1,道路用地(公共設施用地)
萬華區,華江,3,221,0,特定專用區(一)
萬華區,華江,3,221,1,道路用地(公共設施用地)
萬華區,華江,3,222,0,特定專用區(一)
萬華區,華江,3,222,1,道路用地(公共設施用地)
萬華區,華江,3,223,1,道路用地(公共設施用地)
萬華區,華江,3,224,1,道路用地(公共設施用地)
萬華區,華江,3,225,1,道路用地(公共設施用地)
萬華區,華江,3,226,0,特定專用區(一)
萬華區,華江,3,226,1,道路用地(公共設施用地)
萬華區,華江,3,227,0,特定專用區(一)
萬華區,華江,3,227,1,道路用地(公共設施用地)
萬華區,華江,3,228,0,特定專用區(一)
萬華區,華江,3,229,0,特定專用區(一)
萬華區,華江,3,230,0,道路用地(公共設施用地)
萬華區,華江,3,231,0,道路用地(公共設施用地)
萬華區,華江,3,231,1,特定專用區(一)
萬華區,華江,3,232,0,特定專用區(一)
萬華區,華江,3,232,1,道路用地(公共設施用地)
萬華區,華江,3,233,0,特定專用區(一)
萬華區,華江,3,233,1,道路用地(公共設施用地)
萬華區,華江,3,234,0,特定專用區(一)
萬華區,華江,3,234,1,道路用地(公共設施用地)
萬華區,華江,3,235,0,特定專用區(一)
萬華區,華江,3,235,1,道路用地(公共設施用地)
萬華區,華江,3,236,0,特定專用區(一)
萬華區,華江,3,237,0,特定專用區(一)
萬華區,華江,3,237,1,道路用地(公共設施用地)
萬華區,華江,3,238,0,特定專用區(一)
萬華區,華江,3,238,1,道路用地(公共設施用地)
萬華區,華江,3,239,0,特定專用區(一)
萬華區,華江,3,239,1,道路用地(公共設施用地)
萬華區,華江,3,240,0,特定專用區(一)
萬華區,華江,3,240,1,道路用地(公共設施用地)
萬華區,華江,3,241,0,特定專用區(一)
萬華區,華江,3,241,1,道路用地(公共設施用地)
萬華區,華江,3,242,0,特定專用區(一)
萬華區,華江,3,242,1,道路用地(公共設施用地)
萬華區,華江,3,243,0,道路用地(公共設施用地)
萬華區,華江,3,243,1,"道路用地(公共設施用地),但是否在特定專用區(一)(應依建築線或俟地籍測量分割後,再確定)"
萬華區,華江,3,244,0,特定專用區(一)
萬華區,華江,3,245,0,特定專用區(一)
萬華區,華江,3,246,0,特定專用區(一)
萬華區,華江,3,247,0,特定專用區(一)
萬華區,華江,3,248,0,特定專用區(一)
萬華區,華江,3,249,0,特定專用區(一)
萬華區,華江,3,250,0,特定專用區(一)
萬華區,華江,3,250,1,特定專用區(一)
萬華區,華江,3,251,0,特定專用區(一)
萬華區,華江,3,251,1,特定專用區(一)
萬華區,華江,3,252,0,特定專用區(一)
萬華區,華江,3,253,0,特定專用區(一)
萬華區,華江,3,254,0,特定專用區(一)
萬華區,華江,3,255,0,特定專用區(一)
萬華區,華江,3,255,1,特定專用區(一)
萬華區,華江,3,255,2,道路用地(公共設施用地)
萬華區,華江,3,256,0,道路用地(公共設施用地)
萬華區,華江,3,256,1,道路用地(公共設施用地)
萬華區,華江,3,257,0,道路用地(公共設施用地)
萬華區,華江,3,257,1,道路用地(公共設施用地)
萬華區,華江,3,258,0,道路用地(公共設施用地)
萬華區,華江,3,258,1,道路用地(公共設施用地)
萬華區,華江,3,258,2,道路用地(公共設施用地)
萬華區,華江,3,259,0,道路用地(公共設施用地)
萬華區,華江,3,260,0,道路用地(公共設施用地)
萬華區,華江,3,260,1,道路用地(公共設施用地)
萬華區,華江,3,260,2,道路用地(公共設施用地)
萬華區,華江,3,260,3,公園用地(公共設施用地)
萬華區,華江,3,260,4,公園用地(公共設施用地)
萬華區,華江,3,260,5,公園用地(公共設施用地)
萬華區,華江,3,260,6,公園用地(公共設施用地)
萬華區,華江,3,260,7,公園用地(公共設施用地)
萬華區,華江,3,260,8,公園用地(公共設施用地)
萬華區,華江,3,260,9,公園用地(公共設施用地)
萬華區,華江,3,260,10,公園用地(公共設施用地)
萬華區,華江,3,260,11,公園用地(公共設施用地)
萬華區,華江,3,260,12,公園用地(公共設施用地)
萬華區,華江,3,260,13,特定專用區(一)
萬華區,華江,3,260,14,道路用地(公共設施用地)
萬華區,華江,3,260,15,公園用地(公共設施用地)
萬華區,華江,3,260,16,道路用地(公共設施用地)
萬華區,華江,3,260,17,道路用地(公共設施用地)
萬華區,華江,3,260,18,道路用地(公共設施用地)
萬華區,華江,3,260,19,道路用地(公共設施用地)
萬華區,華江,3,260,20,道路用地(公共設施用地)
萬華區,華江,3,260,21,道路用地(公共設施用地)
萬華區,華江,3,260,22,道路用地(公共設施用地)
萬華區,華江,3,260,23,道路用地(公共設施用地)
萬華區,華江,3,260,24,道路用地(公共設施用地)
萬華區,華江,3,260,25,道路用地(公共設施用地)
萬華區,華江,3,260,26,道路用地(公共設施用地)
萬華區,華江,3,261,0,道路用地(公共設施用地)
萬華區,華江,3,262,0,道路用地(公共設施用地)
萬華區,華江,3,262,1,道路用地(公共設施用地)
萬華區,華江,3,263,0,特定專用區(一)
萬華區,華江,3,263,1,道路用地(公共設施用地)
萬華區,華江,3,264,0,道路用地(公共設施用地)
萬華區,華江,3,265,0,特定專用區(一)
萬華區,華江,3,265,1,道路用地(公共設施用地)
萬華區,華江,3,265,2,道路用地(公共設施用地)
萬華區,華江,3,266,0,特定專用區(一)
萬華區,華江,3,267,0,特定專用區(一)
萬華區,華江,3,267,1,道路用地(公共設施用地)
萬華區,華江,3,268,0,特定專用區(一)
萬華區,華江,3,269,0,特定專用區(一)
萬華區,華江,3,270,0,特定專用區(一)
萬華區,華江,3,271,0,特定專用區(一)
萬華區,華江,3,272,0,特定專用區(一)
萬華區,華江,3,273,0,特定專用區(一)
萬華區,華江,3,274,0,特定專用區(一)
萬華區,華江,3,274,1,道路用地(公共設施用地)
萬華區,華江,3,275,1,道路用地(公共設施用地)
萬華區,華江,3,276,1,道路用地(公共設施用地)
萬華區,華江,3,281,0,特定專用區(一)
萬華區,華江,3,284,0,特定專用區(一)
萬華區,華江,3,284,1,道路用地(公共設施用地)
萬華區,華江,3,285,0,特定專用區(一)
萬華區,華江,3,285,1,道路用地(公共設施用地)
萬華區,華江,3,288,0,道路用地(公共設施用地)
萬華區,華江,3,289,0,道路用地(公共設施用地)
萬華區,華江,3,290,1,道路用地(公共設施用地)
萬華區,華江,3,291,0,道路用地(公共設施用地)
萬華區,華江,3,293,0,特定專用區(一)
萬華區,華江,3,296,1,道路用地(公共設施用地)
萬華區,華江,3,297,0,道路用地(公共設施用地)
萬華區,華江,3,298,0,道路用地(公共設施用地)
萬華區,華江,3,299,1,道路用地(公共設施用地)
萬華區,華江,3,300,1,道路用地(公共設施用地)
萬華區,華江,3,304,1,道路用地(公共設施用地)
萬華區,華江,3,305,1,道路用地(公共設施用地)
萬華區,華江,3,306,1,道路用地(公共設施用地)
萬華區,華江,3,307,1,道路用地(公共設施用地)
萬華區,華江,3,307,2,道路用地(公共設施用地)
萬華區,華江,3,308,0,道路用地(公共設施用地)
萬華區,華江,3,308,1,特定專用區(一)
萬華區,華江,3,308,2,特定專用區(一)
萬華區,華江,3,309,0,道路用地(公共設施用地)
萬華區,華江,3,310,0,特定專用區(一)
萬華區,華江,3,310,1,特定專用區(一)
萬華區,華江,3,310,2,道路用地(公共設施用地)
萬華區,華江,3,310,3,道路用地(公共設施用地)
萬華區,華江,3,311,0,特定專用區(一)
萬華區,華江,3,311,1,道路用地(公共設施用地)
萬華區,華江,3,312,0,特定專用區(一)
萬華區,華江,3,313,0,特定專用區(一)
萬華區,華江,3,314,0,特定專用區(一)
萬華區,華江,3,315,0,特定專用區(一)
萬華區,華江,3,316,0,特定專用區(一)
萬華區,華江,3,317,0,特定專用區(一)
萬華區,華江,3,318,0,特定專用區(一)
萬華區,華江,3,319,0,特定專用區(一)
萬華區,華江,3,320,0,特定專用區(一)
萬華區,華江,3,321,0,特定專用區(一)
萬華區,華江,3,322,0,特定專用區(一)
萬華區,華江,3,323,0,特定專用區(一)
萬華區,華江,3,324,0,特定專用區(一)
萬華區,華江,3,325,0,特定專用區(一)
萬華區,華江,3,326,0,特定專用區(一)
萬華區,華江,3,327,0,特定專用區(一)
萬華區,華江,3,327,1,道路用地(公共設施用地)
萬華區,華江,3,328,0,特定專用區(一)
萬華區,華江,3,328,1,道路用地(公共設施用地)
萬華區,華江,3,329,0,特定專用區(一)
萬華區,華江,3,329,1,道路用地(公共設施用地)
萬華區,華江,3,330,0,特定專用區(一)
萬華區,華江,3,330,1,道路用地(公共設施用地)
萬華區,華江,3,331,0,特定專用區(一)
萬華區,華江,3,331,1,道路用地(公共設施用地)
萬華區,華江,3,332,0,特定專用區(一)
萬華區,華江,3,332,1,道路用地(公共設施用地)
萬華區,華江,3,333,0,特定專用區(一)
萬華區,華江,3,333,1,道路用地(公共設施用地)
萬華區,華江,3,334,0,特定專用區(一)
萬華區,華江,3,334,1,道路用地(公共設施用地)
萬華區,華江,3,335,0,特定專用區(一)
萬華區,華江,3,336,0,特定專用區(一)
萬華區,華江,3,337,0,特定專用區(一)
萬華區,華江,3,338,0,特定專用區(一)
萬華區,華江,3,339,0,特定專用區(一)
萬華區,華江,3,340,0,特定專用區(一)
萬華區,華江,3,341,0,特定專用區(一)
萬華區,華江,3,342,0,特定專用區(一)
萬華區,華江,3,343,0,特定專用區(一)
萬華區,華江,3,344,0,特定專用區(一)
萬華區,華江,3,345,0,特定專用區(一)
萬華區,華江,3,346,0,特定專用區(一)
萬華區,華江,3,347,0,特定專用區(一)
萬華區,華江,3,348,0,特定專用區(一)
萬華區,華江,3,348,1,道路用地(公共設施用地)
萬華區,華江,3,349,0,特定專用區(一)
萬華區,華江,3,349,1,道路用地(公共設施用地)
萬華區,華江,3,350,0,特定專用區(一)
萬華區,華江,3,351,0,特定專用區(一)
萬華區,華江,3,352,0,特定專用區(一)
萬華區,華江,3,352,1,道路用地(公共設施用地)
萬華區,華江,3,353,0,特定專用區(一)
萬華區,華江,3,353,1,道路用地(公共設施用地)
萬華區,華江,3,353,2,特定專用區(一)
萬華區,華江,3,354,0,道路用地(公共設施用地)
萬華區,華江,3,355,0,特定專用區(一)
萬華區,華江,3,356,0,特定專用區(一)
萬華區,華江,3,357,0,特定專用區(一)
萬華區,華江,3,358,0,特定專用區(一)
萬華區,華江,3,359,0,特定專用區(一)
萬華區,華江,3,363,0,特定專用區(一)
萬華區,華江,3,364,0,特定專用區(一)
萬華區,華江,3,365,0,特定專用區(一)
萬華區,華江,3,366,0,特定專用區(一)
萬華區,華江,3,367,0,特定專用區(一)
萬華區,華江,3,368,0,特定專用區(一)
萬華區,華江,3,369,0,特定專用區(一)
萬華區,華江,3,370,0,特定專用區(一)
萬華區,華江,3,371,0,特定專用區(一)
萬華區,華江,3,371,1,道路用地(公共設施用地)
萬華區,華江,3,372,0,特定專用區(一)
萬華區,華江,3,372,1,道路用地(公共設施用地)
萬華區,華江,3,372,2,道路用地(公共設施用地)
萬華區,華江,3,373,0,道路用地(公共設施用地)
萬華區,華江,3,374,0,道路用地(公共設施用地)
萬華區,華江,3,374,1,特定專用區(一)
萬華區,華江,3,374,4,道路用地(公共設施用地)
萬華區,華江,3,374,5,道路用地(公共設施用地)
萬華區,華江,3,375,0,道路用地(公共設施用地)
萬華區,華江,3,376,0,特定專用區(一)
萬華區,華江,3,377,0,特定專用區(一)
萬華區,華江,3,378,0,特定專用區(一)
萬華區,華江,3,379,0,特定專用區(一)
萬華區,華江,3,380,0,特定專用區(一)
萬華區,華江,3,380,1,道路用地(公共設施用地)
萬華區,華江,3,380,2,道路用地(公共設施用地)
萬華區,華江,3,381,0,特定專用區(一)
萬華區,華江,3,381,1,特定專用區(一)
萬華區,華江,3,381,2,特定專用區(一)
萬華區,華江,3,382,0,特定專用區(一)
萬華區,華江,3,382,1,特定專用區(一)
萬華區,華江,3,382,2,特定專用區(一)
萬華區,華江,3,383,0,特定專用區(一)
萬華區,華江,3,383,1,特定專用區(一)
萬華區,華江,3,383,2,特定專用區(一)
萬華區,華江,3,383,3,特定專用區(一)
萬華區,華江,3,384,0,特定專用區(一)
萬華區,華江,3,384,1,特定專用區(一)
萬華區,華江,3,384,2,特定專用區(一)
萬華區,華江,3,384,3,特定專用區(一)
萬華區,華江,3,384,4,特定專用區(一)
萬華區,華江,3,385,0,特定專用區(一)
萬華區,華江,3,385,1,道路用地(公共設施用地)
萬華區,華江,3,385,2,特定專用區(一)
萬華區,華江,3,385,3,特定專用區(一)
萬華區,華江,3,385,4,特定專用區(一)
萬華區,華江,3,385,5,特定專用區(一)
萬華區,華江,3,385,6,特定專用區(一)
萬華區,華江,3,385,7,特定專用區(一)
萬華區,華江,3,385,8,特定專用區(一)
萬華區,華江,3,386,0,特定專用區(一)
萬華區,華江,3,386,1,道路用地(公共設施用地)
萬華區,華江,3,387,0,特定專用區(一)
萬華區,華江,3,387,1,道路用地(公共設施用地)
萬華區,華江,3,388,0,特定專用區(一)
萬華區,華江,3,389,0,特定專用區(一)
萬華區,華江,3,389,1,特定專用區(一)
萬華區,華江,3,389,2,特定專用區(一)
萬華區,華江,3,389,3,特定專用區(一)
萬華區,華江,3,389,4,特定專用區(一)
萬華區,華江,3,390,0,特定專用區(一)
萬華區,華江,3,390,1,特定專用區(一)
萬華區,華江,3,391,0,特定專用區(一)
萬華區,華江,3,392,0,特定專用區(一)
萬華區,華江,3,393,0,特定專用區(一)
萬華區,華江,3,394,0,特定專用區(一)
萬華區,華江,3,395,0,特定專用區(一)
萬華區,華江,3,396,0,特定專用區(一)
萬華區,華江,3,397,0,特定專用區(一)
萬華區,華江,3,398,0,特定專用區(一)
萬華區,華江,3,399,0,特定專用區(一)
萬華區,華江,3,400,0,特定專用區(一)
萬華區,華江,3,401,0,特定專用區(一)
萬華區,華江,3,402,0,特定專用區(一)
萬華區,華江,3,403,0,特定專用區(一)
萬華區,華江,3,404,0,特定專用區(一)
萬華區,華江,3,405,0,特定專用區(一)
萬華區,華江,3,406,0,特定專用區(一)
萬華區,華江,3,407,0,特定專用區(一)
萬華區,華江,3,408,0,特定專用區(一)
萬華區,華江,3,409,0,特定專用區(一)
萬華區,華江,3,410,0,特定專用區(一)
萬華區,華江,3,411,0,特定專用區(一)
萬華區,華江,3,412,0,特定專用區(一)
萬華區,華江,3,413,0,特定專用區(一)
萬華區,華江,3,414,0,特定專用區(一)
萬華區,華江,3,415,0,特定專用區(一)
萬華區,華江,3,416,0,特定專用區(一)
萬華區,華江,3,417,0,特定專用區(一)
萬華區,華江,3,418,0,道路用地(公共設施用地)
萬華區,華江,3,419,0,道路用地(公共設施用地)
萬華區,華江,3,420,0,道路用地(公共設施用地)
萬華區,華江,3,421,0,道路用地(公共設施用地)
萬華區,華江,3,422,0,道路用地(公共設施用地)
萬華區,華江,3,423,0,道路用地(公共設施用地)
萬華區,華江,3,424,0,道路用地(公共設施用地)
萬華區,華江,3,425,0,特定專用區(一)
萬華區,華江,3,426,0,特定專用區(一)
萬華區,華江,3,427,0,特定專用區(一)
萬華區,華江,3,431,0,特定專用區(一)
萬華區,華江,3,432,1,道路用地(公共設施用地)
萬華區,華江,3,433,0,特定專用區(一)
萬華區,華江,3,434,0,特定專用區(一)
萬華區,華江,3,435,0,特定專用區(一)
萬華區,華江,3,436,0,特定專用區(一)
萬華區,華江,3,437,0,特定專用區(一)
萬華區,華江,3,438,0,特定專用區(一)
萬華區,華江,3,439,0,特定專用區(一)
萬華區,華江,3,440,0,特定專用區(一)
萬華區,華江,3,441,0,特定專用區(一)
萬華區,華江,3,442,0,特定專用區(一)
萬華區,華江,3,443,0,特定專用區(一)
萬華區,華江,3,444,0,特定專用區(一)
萬華區,華江,3,445,0,特定專用區(一)
萬華區,華江,3,446,0,特定專用區(一)
萬華區,華江,3,447,0,特定專用區(一)
萬華區,華江,3,448,0,特定專用區(一)
萬華區,華江,3,449,0,特定專用區(一)
萬華區,華江,3,450,0,特定專用區(一)
萬華區,華江,3,450,1,道路用地(公共設施用地)
萬華區,華江,3,451,0,特定專用區(一)
萬華區,華江,3,451,1,道路用地(公共設施用地)
萬華區,華江,3,452,0,特定專用區(一)
萬華區,華江,3,452,1,道路用地(公共設施用地)
萬華區,華江,3,453,0,道路用地(公共設施用地)
萬華區,華江,3,453,1,特定專用區(一)
萬華區,華江,3,453,2,特定專用區(一)
萬華區,華江,3,454,0,特定專用區(一)
萬華區,華江,3,454,1,道路用地(公共設施用地)
萬華區,華江,3,455,0,特定專用區(一)
萬華區,華江,3,456,0,特定專用區(一)
萬華區,華江,3,457,0,特定專用區(一)
萬華區,華江,3,458,0,特定專用區(一)
萬華區,華江,3,459,0,特定專用區(一)
萬華區,華江,3,460,0,特定專用區(一)
萬華區,華江,3,461,0,特定專用區(一)
萬華區,華江,3,462,0,特定專用區(一)
萬華區,華江,3,463,1,道路用地(公共設施用地)
萬華區,華江,3,463,2,特定專用區(一)
萬華區,華江,3,464,1,道路用地(公共設施用地)
萬華區,華江,3,465,0,特定專用區(一)
萬華區,華江,3,465,1,道路用地(公共設施用地)
萬華區,華江,3,466,0,特定專用區(一)
萬華區,華江,3,466,1,道路用地(公共設施用地)
萬華區,華江,3,467,0,特定專用區(一)
萬華區,華江,3,467,1,道路用地(公共設施用地)
萬華區,華江,3,468,0,特定專用區(一)
萬華區,華江,3,468,1,道路用地(公共設施用地)
萬華區,華江,3,469,0,特定專用區(一)
萬華區,華江,3,469,1,道路用地(公共設施用地)
萬華區,華江,3,470,0,特定專用區(一)
萬華區,華江,3,470,1,道路用地(公共設施用地)
萬華區,華江,3,471,0,特定專用區(一)
萬華區,華江,3,471,1,道路用地(公共設施用地)
萬華區,華江,3,472,0,特定專用區(一)
萬華區,華江,3,472,1,特定專用區(一)
萬華區,華江,3,472,2,道路用地(公共設施用地)
萬華區,華江,3,472,3,道路用地(公共設施用地)
萬華區,華江,3,472,4,道路用地(公共設施用地)
萬華區,華江,3,472,5,道路用地(公共設施用地)
萬華區,華江,3,473,0,特定專用區(一)
萬華區,華江,3,473,1,特定專用區(一)
萬華區,華江,3,473,2,特定專用區(一)
萬華區,華江,3,473,3,特定專用區(一)
萬華區,華江,3,473,4,特定專用區(二)
萬華區,華江,3,473,5,特定專用區(二)
萬華區,華江,3,473,6,特定專用區(二)
萬華區,華江,3,473,7,特定專用區(二)
萬華區,華江,3,473,8,道路用地(公共設施用地)
萬華區,華江,3,473,9,道路用地(公共設施用地)
萬華區,華江,3,473,10,特定專用區(一)
萬華區,華江,3,473,11,"道路用地(公共設施用地),但是否在特定專用區(二)(應依建築線或俟地籍測量分割後,再確定)"
萬華區,華江,3,473,12,公園用地(公共設施用地)
萬華區,華江,3,473,13,特定專用區(一)
萬華區,華江,3,473,17,特定專用區(一)
萬華區,華江,3,473,18,特定專用區(一)
萬華區,華江,3,473,19,特定專用區(一)
萬華區,華江,3,473,20,特定專用區(二)
萬華區,華江,3,473,21,特定專用區(一)
萬華區,華江,3,473,22,特定專用區(一)
萬華區,華江,3,473,23,特定專用區(一)
萬華區,華江,3,473,24,特定專用區(一)
萬華區,華江,3,473,25,特定專用區(一)
萬華區,華江,3,473,26,特定專用區(一)
萬華區,華江,3,473,27,特定專用區(一)
萬華區,華江,3,473,28,特定專用區(一)
萬華區,華江,3,474,0,道路用地(公共設施用地)
萬華區,華江,3,475,0,特定專用區(一)
萬華區,華江,3,476,0,特定專用區(一)
萬華區,華江,3,477,0,特定專用區(一)
萬華區,華江,3,478,0,特定專用區(一)
萬華區,華江,3,479,0,特定專用區(一)
萬華區,華江,3,480,0,特定專用區(一)
萬華區,華江,3,481,0,特定專用區(一)
萬華區,華江,3,482,0,特定專用區(一)
萬華區,華江,3,483,0,特定專用區(一)
萬華區,華江,3,484,0,特定專用區(一)
萬華區,華江,3,485,0,特定專用區(一)
萬華區,華江,3,486,0,特定專用區(一)
萬華區,華江,3,487,0,特定專用區(一)
萬華區,華江,3,487,1,特定專用區(一)
萬華區,華江,3,488,0,特定專用區(一)
萬華區,華江,3,489,0,特定專用區(一)
萬華區,華江,3,490,0,特定專用區(一)
萬華區,華江,3,490,1,特定專用區(一)
萬華區,華江,3,491,0,特定專用區(一)
萬華區,華江,3,491,1,特定專用區(一)
萬華區,華江,3,492,0,特定專用區(一)
萬華區,華江,3,497,0,"特定專用區(二)(依都市計畫書圖規定辦理,始得比照特定專用區(一)使用)"
萬華區,華江,3,498,0,"特定專用區(二)(依都市計畫書圖規定辦理,始得比照特定專用區(一)使用)"
萬華區,華江,3,499,0,"特定專用區(二)(依都市計畫書圖規定辦理,始得比照特定專用區(一)使用)"
萬華區,華江,3,500,0,"特定專用區(二)(依都市計畫書圖規定辦理,始得比照特定專用區(一)使用)"
萬華區,華江,3,501,0,"特定專用區(二)(依都市計畫書圖規定辦理,始得比照特定專用區(一)使用)"
萬華區,華江,3,502,0,"特定專用區(二)(依都市計畫書圖規定辦理,始得比照特定專用區(一)使用)"
萬華區,華江,3,503,0,特定專用區(二)
萬華區,華江,3,504,0,特定專用區(二)
萬華區,華江,3,505,0,特定專用區(二)
萬華區,華江,3,505,1,公園用地(公共設施用地)
萬華區,華江,3,505,2,公園用地(公共設施用地)
萬華區,華江,3,505,3,"特定專用區(二)(依都市計畫書圖規定辦理,始得比照特定專用區(一)使用),但是否在特定專用區(二)(應依建築線或俟地籍測量分割後,再確定)"
萬華區,華江,3,505,4,"特定專用區(二)及特定專用區(二)(依都市計畫書圖規定辦理,始得比照特定專用區(一)使用)"
萬華區,華江,3,505,6,特定專用區(二)
萬華區,華江,3,505,7,"特定專用區(二)(依都市計畫書圖規定辦理,始得比照特定專用區(一)使用),但是否在特定專用區(二)(應依建築線或俟地籍測量分割後,再確定)"
萬華區,華江,3,505,8,公園用地(公共設施用地)
萬華區,華江,3,505,9,"特定專用區(二)(依都市計畫書圖規定辦理,始得比照特定專用區(一)使用),但是否在特定專用區(二)(應依建築線或俟地籍測量分割後,再確定)"
萬華區,華江,3,505,10,道路用地(公共設施用地)
萬華區,華江,3,505,11,道路用地(公共設施用地)
萬華區,華江,3,505,12,特定專用區(二)
萬華區,華江,3,505,13,"特定專用區(二),但是否在道路用地(公共設施用地)(應依建築線或俟地籍測量分割後,再確定)"
萬華區,華江,3,505,14,特定專用區(二)
萬華區,華江,3,505,15,特定專用區(二)
萬華區,華江,3,505,16,特定專用區(二)
萬華區,華江,3,505,17,特定專用區(二)
萬華區,華江,3,505,18,公園用地(公共設施用地)
萬華區,華江,3,505,19,公園用地(公共設施用地)
萬華區,華江,3,505,20,特定專用區(一)
萬華區,華江,3,505,21,"道路用地(公共設施用地),但是否在特定專用區(二)(應依建築線或俟地籍測量分割後,再確定)"
萬華區,華江,3,506,0,特定專用區(一)
萬華區,華江,3,511,0,特定專用區(一)
萬華區,華江,3,512,0,特定專用區(一)
萬華區,華江,3,513,0,特定專用區(一)
萬華區,華江,3,513,1,道路用地(公共設施用地)
萬華區,華江,3,514,0,特定專用區(一)
萬華區,華江,3,514,1,道路用地(公共設施用地)
萬華區,華江,3,514,2,公園用地(公共設施用地)
萬華區,華江,3,514,3,道路用地(公共設施用地)
萬華區,華江,3,514,5,特定專用區(一)
萬華區,華江,3,514,6,特定專用區(一)
萬華區,華江,3,514,7,特定專用區(一)
萬華區,華江,3,515,0,特定專用區(一)
萬華區,華江,3,515,1,道路用地(公共設施用地)
萬華區,華江,3,515,2,特定專用區(一)
萬華區,華江,3,515,3,道路用地(公共設施用地)
萬華區,華江,3,516,0,特定專用區(一)
萬華區,華江,3,517,0,特定專用區(一)
萬華區,華江,3,518,0,特定專用區(一)
萬華區,華江,3,518,1,道路用地(公共設施用地)
萬華區,華江,3,519,0,道路用地(公共設施用地)
萬華區,華江,3,519,1,特定專用區(二)
萬華區,華江,3,520,0,特定專用區(二)
萬華區,華江,3,520,1,特定專用區(二)
萬華區,華江,3,520,2,特定專用區(二)
萬華區,華江,3,520,3,特定專用區(二)
萬華區,華江,3,520,4,特定專用區(二)
萬華區,華江,3,520,5,特定專用區(二)
萬華區,華江,3,520,6,特定專用區(二)
萬華區,華江,3,520,7,特定專用區(二)
萬華區,華江,3,520,8,特定專用區(二)
萬華區,華江,3,520,9,特定專用區(二)
萬華區,華江,3,520,10,特定專用區(二)
萬華區,華江,3,520,11,特定專用區(二)
萬華區,華江,3,520,12,特定專用區(二)
萬華區,華江,3,520,13,特定專用區(二)
萬華區,華江,3,520,14,特定專用區(二)
萬華區,華江,3,520,15,特定專用區(二)
萬華區,華江,3,520,16,特定專用區(二)
萬華區,華江,3,520,17,特定專用區(二)
萬華區,華江,3,531,0,特定專用區(二)
萬華區,華江,3,531,1,道路用地(公共設施用地)
萬華區,華江,3,532,0,道路用地(公共設施用地)
萬華區,華江,3,540,0,"道路用地(公共設施用地),但是否在特定專用區(二)(應依建築線或俟地籍測量分割後,再確定)"
萬華區,華江,3,541,0,道路用地(公共設施用地)
萬華區,華江,3,542,0,道路用地(公共設施用地)
萬華區,華江,3,542,1,道路用地(公共設施用地)
萬華區,華江,3,542,2,特定專用區(二)
萬華區,華江,3,542,3,特定專用區(二)
萬華區,華江,3,542,4,特定專用區(二)
萬華區,華江,3,542,5,特定專用區(二)
萬華區,華江,3,542,6,道路用地(公共設施用地)
萬華區,華江,3,542,7,特定專用區(二)
萬華區,華江,3,542,8,特定專用區(二)
萬華區,華江,3,542,9,道路用地(公共設施用地)
萬華區,華江,3,548,0,道路用地(公共設施用地)
萬華區,華江,3,552,0,道路用地(公共設施用地)
萬華區,華江,3,552,1,公園用地(公共設施用地)
萬華區,華江,3,553,0,特定專用區(二)
萬華區,華江,3,553,1,道路用地(公共設施用地)
萬華區,華江,3,554,0,特定專用區(二)
萬華區,華江,3,554,1,特定專用區(二)
萬華區,華江,3,554,2,特定專用區(二)
萬華區,華江,3,554,3,道路用地(公共設施用地)
萬華區,華江,3,555,0,特定專用區(二)
萬華區,華江,3,555,1,道路用地(公共設施用地)
萬華區,華江,3,557,0,特定專用區(二)
萬華區,華江,3,558,0,特定專用區(一)
萬華區,華江,3,559,0,特定專用區(二)
萬華區,華江,3,560,0,特定專用區(二)
萬華區,華江,3,560,1,特定專用區(二)
萬華區,華江,3,561,0,特定專用區(一)
萬華區,華江,3,561,1,道路用地(公共設施用地)
萬華區,華江,3,561,2,特定專用區(一)
萬華區,華江,3,561,3,特定專用區(一)
萬華區,華江,3,561,4,道路用地(公共設施用地)
萬華區,華江,3,561,5,特定專用區(一)
萬華區,華江,3,561,6,特定專用區(一)
萬華區,華江,3,561,7,道路用地(公共設施用地)
萬華區,華江,3,561,8,道路用地(公共設施用地)
萬華區,華江,3,564,0,特定專用區(一)
萬華區,華江,3,564,1,特定專用區(一)
萬華區,華江,3,564,2,特定專用區(一)
萬華區,華江,3,564,3,特定專用區(一)
萬華區,華江,3,564,4,特定專用區(一)
萬華區,華江,3,564,5,道路用地(公共設施用地)
萬華區,華江,3,565,0,道路用地(公共設施用地)
萬華區,華江,3,566,0,道路用地(公共設施用地)
萬華區,華江,3,566,1,道路用地(公共設施用地)
萬華區,華江,3,567,0,道路用地(公共設施用地)
萬華區,華江,3,567,1,道路用地(公共設施用地)
萬華區,華江,3,568,0,"道路用地(公共設施用地),但是否在鐵路用地(公共設施用地)(應依建築線或俟地籍測量分割後,再確定)"
萬華區,華江,3,568,1,道路用地(公共設施用地)
萬華區,華江,3,568,2,道路用地(公共設施用地)
萬華區,華江,3,568,8,特定專用區(一)
萬華區,華江,3,568,9,特定專用區(一)
萬華區,華江,3,568,10,特定專用區(一)
萬華區,華江,3,568,11,特定專用區(一)
萬華區,華江,3,568,17,道路用地(公共設施用地)
萬華區,華江,3,568,18,特定專用區(一)
萬華區,華江,3,568,27,道路用地(公共設施用地)
萬華區,華江,3,568,28,道路用地(公共設施用地)
萬華區,華江,3,568,29,道路用地(公共設施用地)
萬華區,華江,3,568,30,道路用地(公共設施用地)
萬華區,華江,3,568,46,道路用地(公共設施用地)
萬華區,華江,3,568,47,道路用地(公共設施用地)
萬華區,華江,3,568,48,道路用地(公共設施用地)
萬華區,華江,3,568,49,道路用地(公共設施用地)
萬華區,華江,3,568,50,道路用地(公共設施用地)
萬華區,華江,3,568,51,道路用地(公共設施用地)
萬華區,華江,3,568,52,道路用地(公共設施用地)
萬華區,華江,3,568,56,"道路用地(公共設施用地),但是否在鐵路用地(公共設施用地)(應依建築線或俟地籍測量分割後,再確定)"
萬華區,華江,3,568,57,"鐵路用地(公共設施用地),但是否在道路用地(公共設施用地)(應依建築線或俟地籍測量分割後,再確定)"
萬華區,華江,3,568,83,特定專用區(一)
萬華區,華江,3,569,0,道路用地(公共設施用地)
萬華區,華江,3,570,0,道路用地(公共設施用地)
萬華區,華江,3,570,1,道路用地(公共設施用地)
萬華區,華江,3,570,2,變電所用地(公共設施用地)
萬華區,華江,3,570,3,特定專用區(一)
萬華區,華江,3,570,4,特定專用區(一)
萬華區,華江,3,571,0,變電所用地(公共設施用地)
萬華區,華江,3,572,0,變電所用地(公共設施用地)
萬華區,華江,3,572,1,變電所用地(公共設施用地)
萬華區,華江,3,572,2,道路用地(公共設施用地)
萬華區,華江,3,572,3,變電所用地(公共設施用地)
萬華區,華江,3,573,0,道路用地(公共設施用地)
萬華區,華江,3,573,1,道路用地(公共設施用地)
萬華區,華江,3,573,2,道路用地(公共設施用地)
萬華區,華江,3,573,3,道路用地(公共設施用地)
萬華區,華江,3,574,0,變電所用地(公共設施用地)
萬華區,華江,3,574,1,道路用地(公共設施用地)
萬華區,華江,3,574,2,變電所用地(公共設施用地)
萬華區,華江,3,575,0,特定專用區(二)
萬華區,華江,3,575,1,"特定專用區(二),但是否在道路用地(公共設施用地)(應依建築線或俟地籍測量分割後,再確定)"
萬華區,華江,3,575,2,道路用地(公共設施用地)
萬華區,華江,3,575,3,道路用地(公共設施用地)
萬華區,華江,3,575,4,道路用地(公共設施用地)
萬華區,華江,3,576,0,公園用地(公共設施用地)
萬華區,華江,3,576,1,公園用地(公共設施用地)
萬華區,華江,3,576,2,道路用地(公共設施用地)
萬華區,華江,3,577,0,公園用地(公共設施用地)
萬華區,華江,3,577,1,公園用地(公共設施用地)
萬華區,華江,3,577,2,道路用地(公共設施用地)
萬華區,華江,3,578,0,公園用地(公共設施用地)
萬華區,華江,3,578,1,公園用地(公共設施用地)
萬華區,華江,3,578,2,道路用地(公共設施用地)
萬華區,華江,3,578,3,道路用地(公共設施用地)
萬華區,華江,3,578,4,道路用地(公共設施用地)
萬華區,華江,3,579,0,公園用地(公共設施用地)
萬華區,華江,3,580,0,公園用地(公共設施用地)
萬華區,華江,3,581,0,公園用地(公共設施用地)
萬華區,華江,3,582,0,道路用地(公共設施用地)
萬華區,華江,3,583,0,道路用地(公共設施用地)
萬華區,華江,3,584,0,道路用地(公共設施用地)
萬華區,華江,3,584,1,道路用地(公共設施用地)
萬華區,華江,3,585,0,加油站用地(公共設施用地)
萬華區,華江,3,586,0,第三種住宅區
萬華區,華江,3,586,1,道路用地(公共設施用地)
萬華區,華江,3,586,2,道路用地(公共設施用地)
萬華區,華江,3,586,3,道路用地(公共設施用地)
萬華區,華江,3,586,4,第三種住宅區
萬華區,華江,3,586,5,道路用地(公共設施用地)
萬華區,華江,3,587,0,道路用地(公共設施用地)
萬華區,華江,3,588,0,道路用地(公共設施用地)
萬華區,華江,3,589,0,第三之二種住宅區(特)
萬華區,華江,3,589,1,道路用地(公共設施用地)
萬華區,華江,3,590,1,道路用地(公共設施用地)
萬華區,華江,3,591,0,第三之二種住宅區(特)
萬華區,華江,3,592,1,第三之二種住宅區(特)
萬華區,華江,3,592,2,道路用地(公共設施用地)
萬華區,華江,3,593,0,道路用地(公共設施用地)
萬華區,華江,3,593,2,道路用地(公共設施用地)
萬華區,華江,3,593,3,第三之二種住宅區(特)
萬華區,華江,3,594,0,道路用地(公共設施用地)
萬華區,華江,3,595,0,特定專用區(二)
萬華區,華江,3,595,1,道路用地(公共設施用地)
萬華區,華江,3,595,2,"特定專用區(二)(依都市計畫書圖規定辦理,始得比照特定專用區(一)使用),但是否在特定專用區(二)(應依建築線或俟地籍測量分割後,再確定)"
萬華區,華江,3,595,3,"特定專用區(二),但是否在道路用地(公共設施用地)(應依建築線或俟地籍測量分割後,再確定)"
萬華區,華江,3,595,4,"特定專用區(二)(依都市計畫書圖規定辦理,始得比照特定專用區(一)使用),但是否在特定專用區(二)(應依建築線或俟地籍測量分割後,再確定)"
萬華區,華江,3,595,5,道路用地(公共設施用地)
萬華區,華江,3,596,1,道路用地(公共設施用地)
萬華區,華江,3,596,2,道路用地(公共設施用地)
萬華區,華江,3,597,0,道路用地(公共設施用地)
萬華區,華江,3,598,0,道路用地(公共設施用地)
萬華區,華江,3,601,0,公園用地(公共設施用地)及道路用地(公共設施用地)
萬華區,華江,3,602,0,公園用地(公共設施用地)
萬華區,華江,3,602,1,道路用地(公共設施用地)
萬華區,華江,3,603,1,道路用地(公共設施用地)
萬華區,華江,3,604,0,道路用地(公共設施用地)
萬華區,華江,3,605,0,道路用地(公共設施用地)
萬華區,華江,3,606,0,道路用地(公共設施用地)
萬華區,華江,3,607,0,道路用地(公共設施用地)
萬華區,華江,3,607,1,道路用地(公共設施用地)
萬華區,華江,3,608,0,道路用地(公共設施用地)
萬華區,華江,3,609,0,道路用地(公共設施用地)
萬華區,華江,3,610,0,道路用地(公共設施用地)
萬華區,華江,3,611,0,道路用地(公共設施用地)
萬華區,華江,3,612,0,道路用地(公共設施用地)
萬華區,華江,3,613,0,道路用地(公共設施用地)
萬華區,華江,3,614,0,國小用地(公共設施用地)
萬華區,華江,3,614,5,道路用地(公共設施用地)
萬華區,華江,3,614,6,道路用地(公共設施用地)
萬華區,華江,3,614,7,道路用地(公共設施用地)
萬華區,華江,3,614,8,道路用地(公共設施用地)
萬華區,華江,3,614,9,道路用地(公共設施用地)
萬華區,華江,3,614,10,道路用地(公共設施用地)
萬華區,華江,3,614,11,道路用地(公共設施用地)
萬華區,華江,3,614,12,道路用地(公共設施用地)
萬華區,華江,3,614,13,道路用地(公共設施用地)
萬華區,華江,3,615,0,道路用地(公共設施用地)
萬華區,華江,3,616,0,第三種住宅區
萬華區,華江,3,617,0,第三種住宅區
萬華區,華江,3,618,0,第三種住宅區
萬華區,華江,3,619,0,第三種住宅區
萬華區,華江,3,619,1,道路用地(公共設施用地)
萬華區,華江,3,620,0,第三種住宅區
萬華區,華江,3,621,0,第三種住宅區
萬華區,華江,3,622,0,第三種住宅區
萬華區,華江,3,623,0,第三種住宅區
萬華區,華江,3,624,0,第三種住宅區
萬華區,華江,3,625,0,第三種住宅區
萬華區,華江,3,625,1,道路用地(公共設施用地)
萬華區,華江,3,626,0,道路用地(公共設施用地)
萬華區,華江,3,627,0,第三種住宅區
萬華區,華江,3,628,0,第三種住宅區
萬華區,華江,3,628,1,道路用地(公共設施用地)
萬華區,華江,3,629,0,第三種住宅區
萬華區,華江,3,630,0,第三種住宅區
萬華區,華江,3,631,0,第三種住宅區
萬華區,華江,3,632,0,第三種住宅區
萬華區,華江,3,633,0,第三種住宅區
萬華區,華江,3,633,1,道路用地(公共設施用地)
萬華區,華江,3,634,0,第三種住宅區
萬華區,華江,3,634,1,第三種住宅區
萬華區,華江,3,635,0,第三種住宅區
萬華區,華江,3,636,0,第三種住宅區
萬華區,華江,3,637,0,第三種住宅區
萬華區,華江,3,638,0,道路用地(公共設施用地)
萬華區,華江,3,639,0,第三種住宅區
萬華區,華江,3,640,0,第三種住宅區
萬華區,華江,3,640,1,道路用地(公共設施用地)
萬華區,華江,3,640,2,道路用地(公共設施用地)
萬華區,華江,3,640,3,第三種住宅區
萬華區,華江,3,641,0,第三種住宅區
萬華區,華江,3,642,0,第三種住宅區
萬華區,華江,3,642,1,道路用地(公共設施用地)
萬華區,華江,3,643,0,道路用地(公共設施用地)
萬華區,華江,3,644,0,第三種住宅區
萬華區,華江,3,645,0,第三種住宅區
萬華區,華江,3,646,0,第三種住宅區
萬華區,華江,3,647,0,第三種住宅區
萬華區,華江,3,648,0,第三種住宅區
萬華區,華江,3,649,0,第三種住宅區
萬華區,華江,3,650,0,第三種住宅區
萬華區,華江,3,651,0,第三種住宅區
萬華區,華江,3,652,0,第三種住宅區
萬華區,華江,3,653,0,第三種住宅區
萬華區,華江,3,658,0,第三種住宅區
萬華區,華江,3,659,0,第三種住宅區
萬華區,華江,3,660,0,第三種住宅區
萬華區,華江,3,661,0,第三種住宅區
萬華區,華江,3,661,1,第三種住宅區
萬華區,華江,3,662,0,第三種住宅區
萬華區,華江,3,663,0,第三種住宅區
萬華區,華江,3,664,0,第三種住宅區
萬華區,華江,3,665,0,第三種住宅區
萬華區,華江,3,666,0,第三種住宅區
萬華區,華江,3,667,0,第三種住宅區
萬華區,華江,3,668,0,第三種住宅區
萬華區,華江,3,669,0,第三種住宅區
萬華區,華江,3,670,0,第三種住宅區
萬華區,華江,3,671,0,第三種住宅區
萬華區,華江,3,672,0,第三種住宅區
萬華區,華江,3,673,0,道路用地(公共設施用地)
萬華區,華江,3,674,0,第三種住宅區
萬華區,華江,3,675,0,第三種住宅區
萬華區,華江,3,676,0,第三種住宅區
萬華區,華江,3,677,0,第三種住宅區
萬華區,華江,3,678,0,第三種住宅區
萬華區,華江,3,679,0,第三種住宅區
萬華區,華江,3,680,0,第三種住宅區
萬華區,華江,3,681,0,第三種住宅區
萬華區,華江,3,682,0,第三種住宅區
萬華區,華江,3,683,0,第三種住宅區
萬華區,華江,3,684,0,第三種住宅區
萬華區,華江,3,685,0,第三種住宅區
萬華區,華江,3,686,0,第三種住宅區
萬華區,華江,3,687,0,第三種住宅區
萬華區,華江,3,687,1,第三種住宅區
萬華區,華江,3,687,2,第三種住宅區
萬華區,華江,3,688,0,第三種住宅區
萬華區,華江,3,689,0,第三種住宅區
萬華區,華江,3,690,0,第三種住宅區
萬華區,華江,3,691,0,第三種住宅區
萬華區,華江,3,692,0,第三種住宅區
萬華區,華江,3,693,0,第三種住宅區
萬華區,華江,3,694,0,第三種住宅區
萬華區,華江,3,695,0,第三種住宅區
萬華區,華江,3,696,0,第三種住宅區
萬華區,華江,3,697,0,第三種住宅區
萬華區,華江,3,698,0,道路用地(公共設施用地)
萬華區,華江,3,699,0,道路用地(公共設施用地)
萬華區,華江,3,700,0,道路用地(公共設施用地)
萬華區,華江,3,701,0,"道路用地(公共設施用地),但是否在第三種住宅區(應依建築線或俟地籍測量分割後,再確定)"
萬華區,華江,3,702,0,第三種住宅區
萬華區,華江,3,703,0,第三種住宅區
萬華區,華江,3,704,0,第三種住宅區
萬華區,華江,3,705,0,第三種住宅區
萬華區,華江,3,705,1,第三種住宅區
萬華區,華江,3,706,0,第三種住宅區
萬華區,華江,3,707,0,第三種住宅區
萬華區,華江,3,708,0,第三種住宅區
萬華區,華江,3,709,0,第三種住宅區
萬華區,華江,3,710,0,第三種住宅區
萬華區,華江,3,711,0,第三種住宅區
萬華區,華江,3,713,0,第三種住宅區
萬華區,華江,3,714,0,第三種住宅區
萬華區,華江,3,715,0,第三種住宅區
萬華區,華江,3,716,0,第三種住宅區
萬華區,華江,3,717,0,第三種住宅區
萬華區,華江,3,718,0,第三種住宅區
萬華區,華江,3,719,0,第三種住宅區
萬華區,華江,3,720,0,第三種住宅區
萬華區,華江,3,721,0,第三種住宅區
萬華區,華江,3,722,0,第三種住宅區
萬華區,華江,3,723,0,第三種住宅區
萬華區,華江,3,724,0,第三種住宅區
萬華區,華江,3,725,0,"第三種住宅區,但是否在道路用地(公共設施用地)(應依建築線或俟地籍測量分割後,再確定)"
萬華區,華江,3,727,0,道路用地(公共設施用地)
萬華區,華江,3,728,0,道路用地(公共設施用地)
萬華區,華江,3,729,0,道路用地(公共設施用地)
萬華區,華江,3,730,0,道路用地(公共設施用地)
萬華區,華江,3,731,0,道路用地(公共設施用地)
萬華區,華江,3,732,0,道路用地(公共設施用地)
萬華區,華江,3,733,0,道路用地(公共設施用地)
萬華區,華江,3,734,0,第三種住宅區
萬華區,華江,3,735,0,道路用地(公共設施用地)
萬華區,華江,3,735,1,道路用地(公共設施用地)
萬華區,華江,3,736,0,道路用地(公共設施用地)
萬華區,華江,3,736,1,第三種住宅區
萬華區,華江,3,737,0,道路用地(公共設施用地)
萬華區,華江,3,738,0,道路用地(公共設施用地)
萬華區,華江,3,739,0,第三種住宅區
萬華區,華江,3,739,1,第三種住宅區
萬華區,華江,3,739,2,道路用地(公共設施用地)
萬華區,華江,3,739,3,道路用地(公共設施用地)
萬華區,華江,3,740,0,第三種住宅區
萬華區,華江,3,741,0,道路用地(公共設施用地)
萬華區,華江,3,742,0,道路用地(公共設施用地)
萬華區,華江,3,743,0,第三種住宅區
萬華區,華江,3,744,0,第三種住宅區
萬華區,華江,3,745,0,道路用地(公共設施用地)
萬華區,華江,3,746,0,道路用地(公共設施用地)
萬華區,華江,3,747,0,第三種住宅區
萬華區,華江,3,748,0,第三種住宅區
萬華區,華江,3,749,0,道路用地(公共設施用地)
萬華區,華江,3,750,0,道路用地(公共設施用地)
萬華區,華江,3,751,0,第三種住宅區
萬華區,華江,3,752,0,第三種住宅區
萬華區,華江,3,753,0,第三種住宅區
萬華區,華江,3,754,0,第三種住宅區
萬華區,華江,3,755,0,第三種住宅區
萬華區,華江,3,756,0,第三種住宅區
萬華區,華江,3,757,0,"第三種住宅區,但是否在道路用地(公共設施用地)(應依建築線或俟地籍測量分割後,再確定)"
萬華區,華江,3,758,0,第三種住宅區
萬華區,華江,3,759,0,第三種住宅區
萬華區,華江,3,760,0,第三種住宅區
萬華區,華江,3,761,0,第三種住宅區
萬華區,華江,3,762,0,第三種住宅區
萬華區,華江,3,763,0,第三種住宅區
萬華區,華江,3,764,0,第三種住宅區
萬華區,華江,3,765,0,第三種住宅區
萬華區,華江,3,766,0,第三種住宅區
萬華區,華江,3,767,0,第三種住宅區
萬華區,華江,3,768,0,第三種住宅區
萬華區,華江,3,769,0,"第三種住宅區,但是否在道路用地(公共設施用地)(應依建築線或俟地籍測量分割後,再確定)"
萬華區,華江,3,770,0,"第三種住宅區,但是否在道路用地(公共設施用地)(應依建築線或俟地籍測量分割後,再確定)"
萬華區,華江,3,770,1,道路用地(公共設施用地)
萬華區,華江,3,771,0,道路用地(公共設施用地)
萬華區,華江,3,772,0,第三種住宅區
萬華區,華江,3,773,0,第三種住宅區
萬華區,華江,3,774,0,第三種住宅區
萬華區,華江,3,775,0,第三種住宅區
萬華區,華江,3,776,0,第三種住宅區
萬華區,華江,3,777,0,第三種住宅區
萬華區,華江,3,778,0,第三種住宅區
萬華區,華江,3,779,0,第三種住宅區
萬華區,華江,3,780,0,第三種住宅區
萬華區,華江,3,781,0,道路用地(公共設施用地)
萬華區,華江,3,782,0,第三種住宅區
萬華區,華江,3,783,0,第三種住宅區
萬華區,華江,3,784,0,第三種住宅區
萬華區,華江,3,785,0,第三種住宅區
萬華區,華江,3,786,0,第三種住宅區
萬華區,華江,3,787,0,道路用地(公共設施用地)
萬華區,華江,3,788,0,第三種住宅區
萬華區,華江,3,788,3,道路用地(公共設施用地)
萬華區,華江,3,789,0,第三種住宅區
萬華區,華江,3,790,0,第三種住宅區
萬華區,華江,3,791,0,第三種住宅區
萬華區,華江,3,792,0,第三種住宅區
萬華區,華江,3,793,0,第三種住宅區
萬華區,華江,3,794,0,第三種住宅區
萬華區,華江,3,795,0,第三種住宅區
萬華區,華江,3,796,0,道路用地(公共設施用地)
萬華區,華江,3,797,0,第三種住宅區
萬華區,華江,3,798,0,第三種住宅區
萬華區,華江,3,799,0,第三種住宅區
萬華區,華江,3,800,0,第三種住宅區
萬華區,華江,3,801,0,第三種住宅區
萬華區,華江,3,802,0,第三種住宅區
萬華區,華江,3,803,0,第三種住宅區
萬華區,華江,3,804,0,第三種住宅區
萬華區,華江,3,805,0,"第三種住宅區,但是否在道路用地(公共設施用地)(應依建築線或俟地籍測量分割後,再確定)"
萬華區,華江,3,809,0,道路用地(公共設施用地)
萬華區,華江,3,810,0,道路用地(公共設施用地)
萬華區,華江,3,811,0,"第三種住宅區,但是否在道路用地(公共設施用地)(應依建築線或俟地籍測量分割後,再確定)"
萬華區,華江,3,812,0,第三種住宅區
萬華區,華江,3,813,0,道路用地(公共設施用地)
萬華區,華江,3,814,0,道路用地(公共設施用地)
萬華區,華江,3,815,0,第三種住宅區
萬華區,華江,3,816,0,第三種住宅區
萬華區,華江,3,817,0,道路用地(公共設施用地)
萬華區,華江,3,818,0,道路用地(公共設施用地)
萬華區,華江,3,819,0,第三種住宅區
萬華區,華江,3,820,0,第三種住宅區
萬華區,華江,3,821,0,道路用地(公共設施用地)
萬華區,華江,3,822,0,道路用地(公共設施用地)
萬華區,華江,3,823,0,第三種住宅區
萬華區,華江,3,823,1,第三種住宅區
萬華區,華江,3,824,0,第三種住宅區
萬華區,華江,3,825,0,第三種住宅區
萬華區,華江,3,826,0,第三種住宅區
萬華區,華江,3,827,0,第三種住宅區
萬華區,華江,3,828,0,第三種住宅區
萬華區,華江,3,829,0,第三種住宅區
萬華區,華江,3,830,0,第三種住宅區
萬華區,華江,3,831,0,第三種住宅區
萬華區,華江,3,832,0,第三種住宅區
萬華區,華江,3,833,0,第三種住宅區
萬華區,華江,3,834,0,第三種住宅區
萬華區,華江,3,835,0,道路用地(公共設施用地)
萬華區,華江,3,836,0,第三之二種住宅區(特)
萬華區,華江,3,837,0,第三之二種住宅區(特)
萬華區,華江,3,838,0,第三之二種住宅區(特)
萬華區,華江,3,839,0,第三之二種住宅區(特)
萬華區,華江,3,840,0,第三之二種住宅區(特)
萬華區,華江,3,841,0,第三之二種住宅區(特)
萬華區,華江,3,842,0,第三之二種住宅區(特)
萬華區,華江,3,843,0,第三之二種住宅區(特)
萬華區,華江,3,844,0,"第三之二種住宅區(特),但是否在道路用地(公共設施用地)(應依建築線或俟地籍測量分割後,再確定)"
萬華區,華江,3,845,0,第三之二種住宅區(特)
萬華區,華江,3,846,0,第三之二種住宅區(特)
萬華區,華江,3,847,0,第三之二種住宅區(特)
萬華區,華江,3,848,0,第三之二種住宅區(特)
萬華區,華江,3,849,0,第三之二種住宅區(特)
萬華區,華江,3,850,0,第三之二種住宅區(特)
萬華區,華江,3,851,0,第三之二種住宅區(特)
萬華區,華江,3,852,0,第三之二種住宅區(特)
萬華區,華江,3,853,0,第三之二種住宅區(特)
萬華區,華江,3,853,1,第三之二種住宅區(特)
萬華區,華江,3,854,0,第三之二種住宅區(特)
萬華區,華江,3,855,0,第三之二種住宅區(特)
萬華區,華江,3,856,0,第三之二種住宅區(特)
萬華區,華江,3,857,0,"第三之二種住宅區(特),但是否在道路用地(公共設施用地)(應依建築線或俟地籍測量分割後,再確定)"
萬華區,華江,3,858,0,第三之二種住宅區(特)
萬華區,華江,3,859,0,第三之二種住宅區(特)
萬華區,華江,3,860,0,第三之二種住宅區(特)
萬華區,華江,3,861,0,第三之二種住宅區(特)
萬華區,華江,3,862,0,第三之二種住宅區(特)
萬華區,華江,3,863,0,第三之二種住宅區(特)
萬華區,華江,3,864,0,第三之二種住宅區(特)
萬華區,華江,3,865,0,第三之二種住宅區(特)
萬華區,華江,3,866,0,第三之二種住宅區(特)
萬華區,華江,3,867,0,第三之二種住宅區(特)
萬華區,華江,3,868,0,第三之二種住宅區(特)
萬華區,華江,3,869,0,道路用地(公共設施用地)
萬華區,華江,3,870,0,道路用地(公共設施用地)
萬華區,華江,3,871,0,"道路用地(公共設施用地),但是否在第三種住宅區(應依建築線或俟地籍測量分割後,再確定)"
萬華區,華江,3,872,0,第三之二種住宅區(特)
萬華區,華江,3,873,0,第三之二種住宅區(特)
萬華區,華江,3,874,0,第三之二種住宅區(特)
萬華區,華江,3,875,0,第三之二種住宅區(特)
萬華區,華江,3,876,0,第三之二種住宅區(特)
萬華區,華江,3,877,0,第三之二種住宅區(特)
萬華區,華江,3,878,0,第三之二種住宅區(特)
萬華區,華江,3,879,0,第三之二種住宅區(特)
萬華區,華江,3,880,0,第三之二種住宅區(特)
萬華區,華江,3,881,0,第三之二種住宅區(特)
萬華區,華江,3,882,0,第三之二種住宅區(特)
萬華區,華江,3,883,0,第三之二種住宅區(特)
萬華區,華江,3,884,0,道路用地(公共設施用地)
萬華區,華江,3,885,0,道路用地(公共設施用地)
萬華區,華江,3,886,0,第三之二種住宅區(特)
萬華區,華江,3,887,0,第三之二種住宅區(特)
萬華區,華江,3,888,0,道路用地(公共設施用地)
萬華區,華江,3,889,0,道路用地(公共設施用地)
萬華區,華江,3,890,0,第三之二種住宅區(特)
萬華區,華江,3,891,0,"第三之二種住宅區(特),但是否在道路用地(公共設施用地)(應依建築線或俟地籍測量分割後,再確定)"
萬華區,華江,3,892,0,第三之二種住宅區(特)
萬華區,華江,3,893,0,第三之二種住宅區(特)
萬華區,華江,3,894,0,第三之二種住宅區(特)
萬華區,華江,3,895,0,第三之二種住宅區(特)
萬華區,華江,3,896,0,道路用地(公共設施用地)
萬華區,華江,3,897,0,道路用地(公共設施用地)
萬華區,華江,3,897,1,道路用地(公共設施用地)
萬華區,華江,3,898,0,第三之二種住宅區(特)
萬華區,華江,3,899,0,第三之二種住宅區(特)
萬華區,華江,3,900,0,第三之二種住宅區(特)
萬華區,華江,3,901,0,道路用地(公共設施用地)
萬華區,華江,3,901,1,道路用地(公共設施用地)
萬華區,華江,3,902,0,道路用地(公共設施用地)
萬華區,華江,3,902,1,道路用地(公共設施用地)
萬華區,華江,3,903,0,道路用地(公共設施用地)
萬華區,華江,3,903,1,道路用地(公共設施用地)
萬華區,華江,3,904,0,道路用地(公共設施用地)
萬華區,華江,3,905,0,道路用地(公共設施用地)
萬華區,華江,3,906,0,國中用地(公共設施用地)
萬華區,華江,3,906,1,道路用地(公共設施用地)
萬華區,華江,3,907,0,道路用地(公共設施用地)
萬華區,華江,3,908,0,道路用地(公共設施用地)
萬華區,華江,3,909,0,道路用地(公共設施用地)
萬華區,華江,3,909,1,道路用地(公共設施用地)
萬華區,華江,3,910,0,道路用地(公共設施用地)
萬華區,華江,3,911,0,"鐵路用地(公共設施用地),但是否在道路用地(公共設施用地)(應依建築線或俟地籍測量分割後,再確定)"
萬華區,華江,3,911,1,"鐵路用地(公共設施用地),但是否在道路用地(公共設施用地)(應依建築線或俟地籍測量分割後,再確定)"
萬華區,華江,3,911,2,"鐵路用地(公共設施用地),但是否在道路用地(公共設施用地)(應依建築線或俟地籍測量分割後,再確定)"
萬華區,華江,3,912,0,特定專用區(一)
萬華區,萬大,1,1,0,道路用地(公共設施用地)
萬華區,萬大,1,1,1,道路用地(公共設施用地)
萬華區,萬大,1,1,2,道路用地(公共設施用地)
萬華區,萬大,1,1,3,道路用地(公共設施用地)
萬華區,萬大,1,1,4,道路用地(公共設施用地)
萬華區,萬大,1,1,5,道路用地(公共設施用地)
萬華區,萬大,1,1,6,道路用地(公共設施用地)
萬華區,萬大,1,1,7,道路用地(公共設施用地)
萬華區,萬大,1,2,0,道路用地(公共設施用地)
萬華區,萬大,1,3,0,道路用地(公共設施用地)
萬華區,萬大,1,4,0,道路用地(公共設施用地)
萬華區,萬大,1,5,0,道路用地(公共設施用地)
萬華區,萬大,1,6,0,道路用地(公共設施用地)
萬華區,萬大,1,7,0,道路用地(公共設施用地)
萬華區,萬大,1,8,0,道路用地(公共設施用地)
萬華區,萬大,1,9,0,道路用地(公共設施用地)
萬華區,萬大,1,10,0,道路用地(公共設施用地)
萬華區,萬大,1,11,0,道路用地(公共設施用地)
萬華區,萬大,1,12,0,道路用地(公共設施用地)
萬華區,萬大,1,13,0,道路用地(公共設施用地)
萬華區,萬大,1,13,1,國中用地(公共設施用地)
萬華區,萬大,1,13,2,道路用地(公共設施用地)
萬華區,萬大,1,14,0,"道路用地(公共設施用地),但是否在第三之一種住宅區(應依建築線或俟地籍測量分割後,再確定)"
萬華區,萬大,1,14,1,"道路用地(公共設施用地),但是否在第三之一種住宅區(應依建築線或俟地籍測量分割後,再確定)"
萬華區,萬大,1,14,2,"道路用地(公共設施用地),但是否在第三之一種住宅區(應依建築線或俟地籍測量分割後,再確定)"
萬華區,萬大,1,14,3,"道路用地(公共設施用地),但是否在第三之一種住宅區(應依建築線或俟地籍測量分割後,再確定)"
萬華區,萬大,1,14,4,"道路用地(公共設施用地),但是否在第三之一種住宅區(應依建築線或俟地籍測量分割後,再確定)"
萬華區,萬大,1,15,0,第三之一種住宅區
萬華區,萬大,1,19,0,第三之一種住宅區
萬華區,萬大,1,20,0,第三之一種住宅區
萬華區,萬大,1,21,0,第三之一種住宅區
萬華區,萬大,1,22,0,第三之一種住宅區
萬華區,萬大,1,23,0,第三之一種住宅區
萬華區,萬大,1,24,0,第三之一種住宅區
萬華區,萬大,1,25,0,第三之一種住宅區
萬華區,萬大,1,26,0,道路用地(公共設施用地)
萬華區,萬大,1,27,0,第三之一種住宅區
萬華區,萬大,1,28,0,第三之一種住宅區
萬華區,萬大,1,29,0,"第三之一種住宅區,但是否在第三種住宅區(應依建築線或俟地籍測量分割後,再確定)"
萬華區,萬大,1,30,0,第三種住宅區及第三之一種住宅區
萬華區,萬大,1,31,0,第三種住宅區
萬華區,萬大,1,32,0,第三種住宅區
萬華區,萬大,1,33,0,第三種住宅區
萬華區,萬大,1,35,0,第三種住宅區
萬華區,萬大,1,35,2,第三種住宅區
萬華區,萬大,1,35,3,第三種住宅區
萬華區,萬大,1,36,0,第三種住宅區
萬華區,萬大,1,37,0,第三種住宅區
萬華區,萬大,1,38,0,第三種住宅區及第三之一種住宅區
萬華區,萬大,1,39,0,第三種住宅區及第三之一種住宅區
萬華區,萬大,1,40,0,第三之一種住宅區
萬華區,萬大,1,41,0,第三之一種住宅區
萬華區,萬大,1,42,0,第三種住宅區及第三之一種住宅區
萬華區,萬大,1,43,0,第三種住宅區
萬華區,萬大,1,44,0,第三種住宅區
萬華區,萬大,1,45,0,第三種住宅區
萬華區,萬大,1,46,0,第三種住宅區
萬華區,萬大,1,46,1,第三種住宅區
萬華區,萬大,1,49,0,道路用地(公共設施用地)
萬華區,萬大,1,50,5,第三種住宅區
萬華區,萬大,1,50,6,第三種住宅區
萬華區,萬大,1,50,7,第三種住宅區
萬華區,萬大,1,50,8,第三種住宅區
萬華區,萬大,1,50,10,第三種住宅區
萬華區,萬大,1,50,11,第三種住宅區
萬華區,萬大,1,50,13,第三種住宅區
萬華區,萬大,1,55,1,第三種住宅區
萬華區,萬大,1,56,0,道路用地(公共設施用地)
萬華區,萬大,1,57,0,道路用地(公共設施用地)
萬華區,萬大,1,58,0,第三種住宅區
萬華區,萬大,1,59,0,第三種住宅區
萬華區,萬大,1,60,0,第三種住宅區
萬華區,萬大,1,61,0,第三種住宅區
萬華區,萬大,1,62,0,第三種住宅區
萬華區,萬大,1,63,0,第三種住宅區
萬華區,萬大,1,64,0,第三種住宅區
萬華區,萬大,1,65,0,第三種住宅區
萬華區,萬大,1,66,0,第三種住宅區
萬華區,萬大,1,67,0,第三種住宅區
萬華區,萬大,1,68,0,第三種住宅區
萬華區,萬大,1,69,0,第三種住宅區
萬華區,萬大,1,70,0,第三種住宅區
萬華區,萬大,1,71,0,第三種住宅區
萬華區,萬大,1,72,0,第三種住宅區
萬華區,萬大,1,73,0,第三種住宅區
萬華區,萬大,1,74,0,第三種住宅區
萬華區,萬大,1,75,0,第三種住宅區
萬華區,萬大,1,76,0,第三種住宅區
萬華區,萬大,1,77,0,第三種住宅區
萬華區,萬大,1,78,0,第三種住宅區
萬華區,萬大,1,79,0,第三種住宅區
萬華區,萬大,1,80,0,第三種住宅區
萬華區,萬大,1,81,0,第三種住宅區
萬華區,萬大,1,82,0,第三種住宅區
萬華區,萬大,1,83,0,第三種住宅區
萬華區,萬大,1,84,0,第三種住宅區
萬華區,萬大,1,85,0,第三種住宅區
萬華區,萬大,1,86,0,第三種住宅區
萬華區,萬大,1,87,0,第三種住宅區
萬華區,萬大,1,88,0,第三種住宅區
萬華區,萬大,1,89,0,第三種住宅區
萬華區,萬大,1,90,0,第三種住宅區
萬華區,萬大,1,91,0,第三種住宅區
萬華區,萬大,1,92,0,第三種住宅區
萬華區,萬大,1,93,0,第三種住宅區
萬華區,萬大,1,94,0,道路用地(公共設施用地)
萬華區,萬大,1,94,1,道路用地(公共設施用地)
萬華區,萬大,1,94,2,第三種住宅區
萬華區,萬大,1,95,0,道路用地(公共設施用地)
萬華區,萬大,1,96,0,道路用地(公共設施用地)
萬華區,萬大,1,96,1,道路用地(公共設施用地)
萬華區,萬大,1,97,0,第三種住宅區
萬華區,萬大,1,98,1,道路用地(公共設施用地)
萬華區,萬大,1,98,2,道路用地(公共設施用地)
萬華區,萬大,1,99,1,道路用地(公共設施用地)
萬華區,萬大,1,100,0,道路用地(公共設施用地)
萬華區,萬大,1,101,0,道路用地(公共設施用地)
萬華區,萬大,1,102,0,第三種住宅區
萬華區,萬大,1,103,0,第三種住宅區
萬華區,萬大,1,104,0,第三種住宅區
萬華區,萬大,1,104,1,第三種住宅區
萬華區,萬大,1,106,0,第三種住宅區
萬華區,萬大,1,111,0,道路用地(公共設施用地)
萬華區,萬大,1,112,0,道路用地(公共設施用地)
萬華區,萬大,1,113,0,道路用地(公共設施用地)
萬華區,萬大,1,113,1,道路用地(公共設施用地)
萬華區,萬大,1,114,0,道路用地(公共設施用地)
萬華區,萬大,1,115,0,道路用地(公共設施用地)
萬華區,萬大,1,116,0,道路用地(公共設施用地)
萬華區,萬大,1,117,0,第三種住宅區
萬華區,萬大,1,117,1,道路用地(公共設施用地)
萬華區,萬大,1,118,1,道路用地(公共設施用地)
萬華區,萬大,1,119,1,道路用地(公共設施用地)
萬華區,萬大,1,120,0,第三種住宅區
萬華區,萬大,1,120,1,道路用地(公共設施用地)
萬華區,萬大,1,120,2,道路用地(公共設施用地)
萬華區,萬大,1,122,0,第三種住宅區
萬華區,萬大,1,123,0,第三種住宅區
萬華區,萬大,1,124,1,道路用地(公共設施用地)
萬華區,萬大,1,125,0,道路用地(公共設施用地)
萬華區,萬大,1,125,1,第三種住宅區
萬華區,萬大,1,126,0,道路用地(公共設施用地)
萬華區,萬大,1,127,0,道路用地(公共設施用地)
萬華區,萬大,1,128,0,道路用地(公共設施用地)
萬華區,萬大,1,129,0,道路用地(公共設施用地)
萬華區,萬大,1,130,0,道路用地(公共設施用地)
萬華區,萬大,1,131,0,道路用地(公共設施用地)
萬華區,萬大,1,132,0,道路用地(公共設施用地)
萬華區,萬大,1,133,0,道路用地(公共設施用地)
萬華區,萬大,1,134,0,第三種住宅區
萬華區,萬大,1,134,1,道路用地(公共設施用地)
萬華區,萬大,1,134,2,道路用地(公共設施用地)
萬華區,萬大,1,135,1,道路用地(公共設施用地)
萬華區,萬大,1,136,1,道路用地(公共設施用地)
萬華區,萬大,1,137,1,道路用地(公共設施用地)
萬華區,萬大,1,138,1,道路用地(公共設施用地)
萬華區,萬大,1,139,0,第三種住宅區
萬華區,萬大,1,139,1,道路用地(公共設施用地)
萬華區,萬大,1,140,0,第三種住宅區
萬華區,萬大,1,140,1,道路用地(公共設施用地)
萬華區,萬大,1,141,0,第三種住宅區
萬華區,萬大,1,141,1,道路用地(公共設施用地)
萬華區,萬大,1,142,0,道路用地(公共設施用地)
萬華區,萬大,1,143,0,第三種住宅區
萬華區,萬大,1,144,0,第三種住宅區
萬華區,萬大,1,145,0,第三種住宅區
萬華區,萬大,1,146,0,第三種住宅區
萬華區,萬大,1,147,0,第三種住宅區
萬華區,萬大,1,148,0,第三種住宅區
萬華區,萬大,1,149,0,第三種住宅區
萬華區,萬大,1,150,0,第三種住宅區
萬華區,萬大,1,151,0,第三種住宅區
萬華區,萬大,1,152,0,第三種住宅區
萬華區,萬大,1,153,0,第三種住宅區
萬華區,萬大,1,154,0,第三種住宅區
萬華區,萬大,1,155,0,第三種住宅區
萬華區,萬大,1,156,0,第三種住宅區
萬華區,萬大,1,157,0,第三種住宅區
萬華區,萬大,1,157,1,道路用地(公共設施用地)
萬華區,萬大,1,158,0,道路用地(公共設施用地)
萬華區,萬大,1,159,0,道路用地(公共設施用地)
萬華區,萬大,1,160,0,第三種住宅區
萬華區,萬大,1,160,1,道路用地(公共設施用地)
萬華區,萬大,1,161,0,第三種住宅區
萬華區,萬大,1,161,1,道路用地(公共設施用地)
萬華區,萬大,1,162,0,第三種住宅區
萬華區,萬大,1,162,1,道路用地(公共設施用地)
萬華區,萬大,1,163,0,第三種住宅區
萬華區,萬大,1,164,0,第三種住宅區
萬華區,萬大,1,165,0,第三種住宅區
萬華區,萬大,1,166,0,第三種住宅區
萬華區,萬大,1,167,0,第三種住宅區
萬華區,萬大,1,168,0,第三種住宅區
萬華區,萬大,1,169,0,第三種住宅區
萬華區,萬大,1,170,0,第三種住宅區
萬華區,萬大,1,171,0,第三種住宅區
萬華區,萬大,1,172,0,第三種住宅區
萬華區,萬大,1,173,0,第三種住宅區
萬華區,萬大,1,174,0,第三種住宅區
萬華區,萬大,1,175,0,第三種住宅區
萬華區,萬大,1,176,0,道路用地(公共設施用地)
萬華區,萬大,1,176,1,道路用地(公共設施用地)
萬華區,萬大,1,177,0,第三種住宅區
萬華區,萬大,1,178,0,第三種住宅區
萬華區,萬大,1,179,0,第三種住宅區
萬華區,萬大,1,180,0,第三種住宅區
萬華區,萬大,1,181,0,第三種住宅區
萬華區,萬大,1,182,0,第三種住宅區
萬華區,萬大,1,183,0,第三種住宅區
萬華區,萬大,1,184,0,第三種住宅區
萬華區,萬大,1,185,1,道路用地(公共設施用地)
萬華區,萬大,1,186,1,道路用地(公共設施用地)
萬華區,萬大,1,187,1,道路用地(公共設施用地)
萬華區,萬大,1,188,0,道路用地(公共設施用地)
萬華區,萬大,1,190,1,道路用地(公共設施用地)
萬華區,萬大,1,191,0,道路用地(公共設施用地)
萬華區,萬大,1,191,1,第三種住宅區
萬華區,萬大,1,192,0,道路用地(公共設施用地)
萬華區,萬大,1,192,1,第三種住宅區
萬華區,萬大,1,193,0,第三種住宅區
萬華區,萬大,1,194,1,道路用地(公共設施用地)
萬華區,萬大,1,195,1,道路用地(公共設施用地)
萬華區,萬大,1,196,0,第三種住宅區
萬華區,萬大,1,197,0,第三種住宅區
萬華區,萬大,1,198,0,第三種住宅區
萬華區,萬大,1,199,0,第三種住宅區
萬華區,萬大,1,200,0,第三種住宅區
萬華區,萬大,1,201,0,第三種住宅區
萬華區,萬大,1,202,0,第三種住宅區
萬華區,萬大,1,203,0,第三種住宅區
萬華區,萬大,1,204,0,第三種住宅區
萬華區,萬大,1,205,0,第三種住宅區
萬華區,萬大,1,206,0,第三種住宅區
萬華區,萬大,1,207,0,第三種住宅區
萬華區,萬大,1,208,0,第三種住宅區
萬華區,萬大,1,209,0,第三種住宅區
萬華區,萬大,1,210,0,第三種住宅區
萬華區,萬大,1,211,0,第三種住宅區
萬華區,萬大,1,212,0,第三種住宅區
萬華區,萬大,1,213,0,第三種住宅區
萬華區,萬大,1,214,0,道路用地(公共設施用地)
萬華區,萬大,1,214,1,第三種住宅區
萬華區,萬大,1,214,2,道路用地(公共設施用地)
萬華區,萬大,1,215,0,道路用地(公共設施用地)
萬華區,萬大,1,215,1,國小用地(公共設施用地)
萬華區,萬大,1,215,2,道路用地(公共設施用地)
萬華區,萬大,1,216,0,國小用地(公共設施用地)
萬華區,萬大,1,217,0,國小用地(公共設施用地)
萬華區,萬大,1,218,0,國中用地(公共設施用地)
萬華區,萬大,1,218,1,國小用地(公共設施用地)
萬華區,萬大,1,233,0,高中用地(公共設施用地)
萬華區,萬大,1,234,0,高中用地(公共設施用地)
萬華區,萬大,1,255,0,高中用地(公共設施用地)
萬華區,萬大,1,256,0,機關用地(公共設施用地)
萬華區,萬大,1,257,0,機關用地(公共設施用地)
萬華區,萬大,1,257,1,道路用地(公共設施用地)
萬華區,萬大,1,258,1,道路用地(公共設施用地)
萬華區,萬大,1,260,0,機關用地(公共設施用地)
萬華區,萬大,1,262,0,機關用地(公共設施用地)
萬華區,萬大,1,263,0,機關用地(公共設施用地)
萬華區,萬大,1,264,0,道路用地(公共設施用地)
萬華區,萬大,1,265,0,道路用地(公共設施用地)
萬華區,萬大,1,266,0,道路用地(公共設施用地)
萬華區,萬大,1,269,0,道路用地(公共設施用地)
萬華區,萬大,1,270,0,道路用地(公共設施用地)
萬華區,萬大,1,272,0,道路用地(公共設施用地)
萬華區,萬大,1,273,0,第三種住宅區
萬華區,萬大,1,274,0,第三種住宅區
萬華區,萬大,1,275,0,第三種住宅區
萬華區,萬大,1,276,0,第三種住宅區
萬華區,萬大,1,277,0,第三種住宅區
萬華區,萬大,1,278,0,第三種住宅區
萬華區,萬大,1,279,0,第三種住宅區
萬華區,萬大,1,280,0,第三種住宅區
萬華區,萬大,1,281,0,第三種住宅區
萬華區,萬大,1,282,0,第三種住宅區
萬華區,萬大,1,283,0,第三種住宅區
萬華區,萬大,1,284,0,第三種住宅區
萬華區,萬大,1,285,0,第三種住宅區
萬華區,萬大,1,286,0,第三種住宅區
萬華區,萬大,1,287,0,第三種住宅區
萬華區,萬大,1,288,0,第三種住宅區
萬華區,萬大,1,289,0,第三種住宅區
萬華區,萬大,1,290,0,第三種住宅區
萬華區,萬大,1,290,1,機關用地(公共設施用地)
萬華區,萬大,1,291,0,第三種住宅區
萬華區,萬大,1,291,1,道路用地(公共設施用地)
萬華區,萬大,1,291,2,機關用地(公共設施用地)
萬華區,萬大,1,291,3,公園用地(公共設施用地)
萬華區,萬大,1,291,4,機關用地(公共設施用地)
萬華區,萬大,1,292,0,道路用地(公共設施用地)
萬華區,萬大,1,293,0,道路用地(公共設施用地)
萬華區,萬大,1,294,0,道路用地(公共設施用地)
萬華區,萬大,1,295,0,道路用地(公共設施用地)
萬華區,萬大,1,296,0,道路用地(公共設施用地)
萬華區,萬大,1,297,0,道路用地(公共設施用地)
萬華區,萬大,1,298,0,道路用地(公共設施用地)
萬華區,萬大,1,299,0,道路用地(公共設施用地)
萬華區,萬大,1,300,0,第三種住宅區
萬華區,萬大,1,300,2,道路用地(公共設施用地)
萬華區,萬大,1,300,3,道路用地(公共設施用地)
萬華區,萬大,1,300,4,道路用地(公共設施用地)
萬華區,萬大,1,301,0,道路用地(公共設施用地)
萬華區,萬大,1,301,2,道路用地(公共設施用地)
萬華區,萬大,1,303,0,第三種住宅區
萬華區,萬大,1,304,0,第三種住宅區
萬華區,萬大,1,305,0,道路用地(公共設施用地)
萬華區,萬大,1,305,1,道路用地(公共設施用地)
萬華區,萬大,1,306,0,第三種住宅區
萬華區,萬大,1,311,0,第三種住宅區
萬華區,萬大,1,312,0,道路用地(公共設施用地)
萬華區,萬大,1,313,0,道路用地(公共設施用地)
萬華區,萬大,1,314,0,道路用地(公共設施用地)
萬華區,萬大,1,315,0,道路用地(公共設施用地)
萬華區,萬大,1,318,0,道路用地(公共設施用地)
萬華區,萬大,1,319,0,道路用地(公共設施用地)
萬華區,萬大,1,321,0,第三種住宅區
萬華區,萬大,1,322,0,第三種住宅區
萬華區,萬大,1,323,0,道路用地(公共設施用地)
萬華區,萬大,1,324,0,道路用地(公共設施用地)
萬華區,萬大,1,325,0,道路用地(公共設施用地)
萬華區,萬大,1,326,0,道路用地(公共設施用地)
萬華區,萬大,1,327,0,第三種住宅區
萬華區,萬大,1,328,0,第三種住宅區
萬華區,萬大,1,329,0,道路用地(公共設施用地)
萬華區,萬大,1,330,0,道路用地(公共設施用地)
萬華區,萬大,1,331,0,第三種住宅區
萬華區,萬大,1,332,0,道路用地(公共設施用地)
萬華區,萬大,1,333,0,道路用地(公共設施用地)
萬華區,萬大,1,334,0,第三種住宅區
萬華區,萬大,1,335,0,第三種住宅區
萬華區,萬大,1,335,1,道路用地(公共設施用地)
萬華區,萬大,1,336,0,第三種住宅區
萬華區,萬大,1,336,1,道路用地(公共設施用地)
萬華區,萬大,1,337,0,第三種住宅區
萬華區,萬大,1,338,1,道路用地(公共設施用地)
萬華區,萬大,1,339,0,第三種住宅區
萬華區,萬大,1,339,1,道路用地(公共設施用地)
萬華區,萬大,1,340,1,第三種住宅區
萬華區,萬大,1,342,0,第三種住宅區
萬華區,萬大,1,343,0,第三種住宅區
萬華區,萬大,1,344,0,第三種住宅區
萬華區,萬大,1,345,0,第三種住宅區
萬華區,萬大,1,346,0,第三種住宅區
萬華區,萬大,1,347,0,第三種住宅區
萬華區,萬大,1,348,0,第三種住宅區
萬華區,萬大,1,348,1,道路用地(公共設施用地)
萬華區,萬大,1,349,0,第三種住宅區
萬華區,萬大,1,349,1,道路用地(公共設施用地)
萬華區,萬大,1,350,0,第三種住宅區
萬華區,萬大,1,350,1,道路用地(公共設施用地)
萬華區,萬大,1,351,0,第三種住宅區
萬華區,萬大,1,351,1,道路用地(公共設施用地)
萬華區,萬大,1,352,0,第三種住宅區
萬華區,萬大,1,352,1,道路用地(公共設施用地)
萬華區,萬大,1,353,0,第三種住宅區
萬華區,萬大,1,353,1,道路用地(公共設施用地)
萬華區,萬大,1,354,0,第三種住宅區
萬華區,萬大,1,354,1,道路用地(公共設施用地)
萬華區,萬大,1,355,0,第三種住宅區
萬華區,萬大,1,355,1,道路用地(公共設施用地)
萬華區,萬大,1,356,0,第三種住宅區
萬華區,萬大,1,356,1,道路用地(公共設施用地)
萬華區,萬大,1,357,0,第三種住宅區
萬華區,萬大,1,357,1,道路用地(公共設施用地)
萬華區,萬大,1,358,0,道路用地(公共設施用地)
萬華區,萬大,1,358,1,道路用地(公共設施用地)
萬華區,萬大,1,358,3,第三種住宅區
萬華區,萬大,1,358,4,第三種住宅區
萬華區,萬大,1,358,5,第三種住宅區
萬華區,萬大,1,359,0,公園用地(公共設施用地)
萬華區,萬大,1,360,0,公園用地(公共設施用地)
萬華區,萬大,1,360,1,公園用地(公共設施用地)
萬華區,萬大,1,360,2,第三種住宅區
萬華區,萬大,1,361,0,第三種住宅區
萬華區,萬大,1,363,0,"道路用地(公共設施用地),但是否在第三種住宅區(應依建築線或俟地籍測量分割後,再確定)"
萬華區,萬大,1,364,0,道路用地(公共設施用地)
萬華區,萬大,1,365,0,"道路用地(公共設施用地),但是否在第三種住宅區(應依建築線或俟地籍測量分割後,再確定)"
萬華區,萬大,1,367,0,第三種住宅區
萬華區,萬大,1,368,0,第三種住宅區
萬華區,萬大,1,369,0,第三種住宅區
萬華區,萬大,1,370,0,第三種住宅區
萬華區,萬大,1,371,0,第三種住宅區
萬華區,萬大,1,372,0,第三種住宅區
萬華區,萬大,1,372,2,道路用地(公共設施用地)
萬華區,萬大,1,372,3,道路用地(公共設施用地)
萬華區,萬大,1,372,4,第三種住宅區
萬華區,萬大,1,373,0,第三種住宅區
萬華區,萬大,1,374,0,第三種住宅區
萬華區,萬大,1,375,0,第三種住宅區
萬華區,萬大,1,376,0,第三種住宅區
萬華區,萬大,1,377,0,第三種住宅區
萬華區,萬大,1,378,0,第三種住宅區
萬華區,萬大,1,379,0,第三種住宅區
萬華區,萬大,1,380,0,第三種住宅區
萬華區,萬大,1,381,0,第三種住宅區
萬華區,萬大,1,382,0,第三種住宅區
萬華區,萬大,1,383,0,第三種住宅區
萬華區,萬大,1,384,0,第三種住宅區
萬華區,萬大,1,385,0,道路用地(公共設施用地)
萬華區,萬大,1,386,0,道路用地(公共設施用地)
萬華區,萬大,1,387,0,第三種住宅區
萬華區,萬大,1,387,1,"第三種住宅區,但是否在道路用地(公共設施用地)(應依建築線或俟地籍測量分割後,再確定)"
萬華區,萬大,1,389,1,道路用地(公共設施用地)
萬華區,萬大,1,390,1,道路用地(公共設施用地)
萬華區,萬大,1,391,0,道路用地(公共設施用地)
萬華區,萬大,1,392,1,道路用地(公共設施用地)
萬華區,萬大,1,392,2,道路用地(公共設施用地)
萬華區,萬大,1,393,0,第三種住宅區
萬華區,萬大,1,394,0,第三種住宅區
萬華區,萬大,1,395,0,第三種住宅區
萬華區,萬大,1,396,0,第三種住宅區
萬華區,萬大,1,397,0,第三種住宅區
萬華區,萬大,1,398,0,第三種住宅區
萬華區,萬大,1,399,0,道路用地(公共設施用地)
萬華區,萬大,1,399,1,道路用地(公共設施用地)
萬華區,萬大,1,399,2,第三種住宅區
萬華區,萬大,1,399,3,道路用地(公共設施用地)
萬華區,萬大,1,400,0,道路用地(公共設施用地)
萬華區,萬大,1,400,1,道路用地(公共設施用地)
萬華區,萬大,1,401,0,道路用地(公共設施用地)
萬華區,萬大,1,402,0,"公園用地(公共設施用地),但是否在道路用地(公共設施用地)(應依建築線或俟地籍測量分割後,再確定)"
萬華區,萬大,1,402,1,"道路用地(公共設施用地),但是否在公園用地(公共設施用地)(應依建築線或俟地籍測量分割後,再確定)"
萬華區,萬大,1,403,0,道路用地(公共設施用地)
萬華區,萬大,1,404,0,道路用地(公共設施用地)
萬華區,萬大,1,405,0,公園用地(公共設施用地)
萬華區,萬大,1,407,0,第三種住宅區
萬華區,萬大,1,408,0,第三種住宅區
萬華區,萬大,1,409,0,第三種住宅區
萬華區,萬大,1,410,0,第三種住宅區
萬華區,萬大,1,411,0,道路用地(公共設施用地)
萬華區,萬大,1,412,0,道路用地(公共設施用地)
萬華區,萬大,1,414,0,第三種住宅區
萬華區,萬大,1,414,1,道路用地(公共設施用地)
萬華區,萬大,1,414,3,道路用地(公共設施用地)
萬華區,萬大,1,414,4,道路用地(公共設施用地)
萬華區,萬大,1,414,5,道路用地(公共設施用地)
萬華區,萬大,1,415,0,道路用地(公共設施用地)
萬華區,萬大,1,416,0,道路用地(公共設施用地)
萬華區,萬大,1,416,1,道路用地(公共設施用地)
萬華區,萬大,1,417,0,"道路用地(公共設施用地),但是否在第三種住宅區(應依建築線或俟地籍測量分割後,再確定)"
萬華區,萬大,1,418,0,道路用地(公共設施用地)
萬華區,萬大,1,419,0,道路用地(公共設施用地)
萬華區,萬大,1,420,0,道路用地(公共設施用地)
萬華區,萬大,1,420,1,道路用地(公共設施用地)
萬華區,萬大,1,421,0,道路用地(公共設施用地)
萬華區,萬大,1,422,0,道路用地(公共設施用地)
萬華區,萬大,1,422,1,道路用地(公共設施用地)
萬華區,萬大,1,423,0,道路用地(公共設施用地)
萬華區,萬大,1,424,0,道路用地(公共設施用地)
萬華區,萬大,1,425,0,第三種住宅區
萬華區,萬大,1,428,0,道路用地(公共設施用地)
萬華區,萬大,1,429,0,道路用地(公共設施用地)
萬華區,萬大,1,431,1,第三種住宅區
萬華區,萬大,1,432,0,第三種住宅區
萬華區,萬大,1,433,1,第三種住宅區
萬華區,萬大,1,434,0,第三種住宅區
萬華區,萬大,1,434,1,第三種住宅區
萬華區,萬大,1,441,0,第三種住宅區
萬華區,萬大,1,442,1,第三種住宅區
萬華區,萬大,1,442,2,第三種住宅區
萬華區,萬大,1,442,3,第三種住宅區
萬華區,萬大,1,442,4,第三種住宅區
萬華區,萬大,1,442,5,第三種住宅區
萬華區,萬大,1,442,6,第三種住宅區
萬華區,萬大,1,443,0,第三種住宅區
萬華區,萬大,1,444,0,第三種住宅區
萬華區,萬大,1,445,0,第三種住宅區
萬華區,萬大,1,446,0,第三種住宅區
萬華區,萬大,1,447,0,第三種住宅區
萬華區,萬大,1,449,0,第三種住宅區
萬華區,萬大,1,450,0,第三種住宅區
萬華區,萬大,1,451,0,第三種住宅區
萬華區,萬大,1,452,0,道路用地(公共設施用地)
萬華區,萬大,1,453,0,第三種住宅區
萬華區,萬大,1,454,0,第三種住宅區
萬華區,萬大,1,455,0,第三種住宅區
萬華區,萬大,1,456,0,第三種住宅區
萬華區,萬大,1,457,0,第三種住宅區
萬華區,萬大,1,458,0,第三種住宅區
萬華區,萬大,1,459,0,第三種住宅區
萬華區,萬大,1,460,0,第三種住宅區
萬華區,萬大,1,461,0,第三種住宅區
萬華區,萬大,1,462,0,第三種住宅區
萬華區,萬大,1,463,0,第三種住宅區
萬華區,萬大,1,464,0,第三種住宅區
萬華區,萬大,1,465,0,第三種住宅區
萬華區,萬大,1,466,0,第三種住宅區
萬華區,萬大,1,466,1,第三種住宅區
萬華區,萬大,1,467,0,第三種住宅區
萬華區,萬大,1,468,0,第三種住宅區
萬華區,萬大,1,469,0,第三種住宅區
萬華區,萬大,1,469,1,第三種住宅區
萬華區,萬大,1,470,0,第三種住宅區
萬華區,萬大,1,471,0,道路用地(公共設施用地)
萬華區,萬大,1,472,0,道路用地(公共設施用地)
萬華區,萬大,1,473,0,第三種住宅區
萬華區,萬大,1,474,0,第三種住宅區
萬華區,萬大,1,474,1,第三種住宅區
萬華區,萬大,1,475,0,第三種住宅區
萬華區,萬大,1,476,0,第三種住宅區
萬華區,萬大,1,477,0,第三種住宅區
萬華區,萬大,1,478,0,第三種住宅區
萬華區,萬大,1,479,0,道路用地(公共設施用地)
萬華區,萬大,1,480,0,第三種住宅區
萬華區,萬大,1,481,0,第三種住宅區
萬華區,萬大,1,482,0,第三種住宅區
萬華區,萬大,1,483,0,第三種住宅區
萬華區,萬大,1,484,0,第三種住宅區
萬華區,萬大,1,485,0,第三種住宅區
萬華區,萬大,1,486,0,第三種住宅區
萬華區,萬大,1,487,0,第三種住宅區
萬華區,萬大,1,488,0,第三種住宅區
萬華區,萬大,1,489,0,第三種住宅區
萬華區,萬大,1,490,0,第三種住宅區
萬華區,萬大,1,491,0,第三種住宅區
萬華區,萬大,1,491,1,道路用地(公共設施用地)
萬華區,萬大,1,492,0,道路用地(公共設施用地)
萬華區,萬大,1,493,0,道路用地(公共設施用地)
萬華區,萬大,1,494,0,第三種住宅區
萬華區,萬大,1,494,1,道路用地(公共設施用地)
萬華區,萬大,1,495,0,第三種住宅區
萬華區,萬大,1,495,1,道路用地(公共設施用地)
萬華區,萬大,1,496,0,第三種住宅區
萬華區,萬大,1,496,1,道路用地(公共設施用地)
萬華區,萬大,1,496,2,第三種住宅區
萬華區,萬大,1,497,0,第三種住宅區
萬華區,萬大,1,498,0,第三種住宅區
萬華區,萬大,1,499,1,道路用地(公共設施用地)
萬華區,萬大,1,499,2,第三種住宅區
萬華區,萬大,1,500,1,道路用地(公共設施用地)
萬華區,萬大,1,501,0,第三種住宅區
萬華區,萬大,1,502,0,第三種住宅區
萬華區,萬大,1,503,0,第三種住宅區
萬華區,萬大,1,504,0,第三種住宅區
萬華區,萬大,1,505,0,第三種住宅區
萬華區,萬大,1,506,0,第三種住宅區
萬華區,萬大,1,507,0,第三種住宅區
萬華區,萬大,1,508,0,第三種住宅區
萬華區,萬大,1,509,0,第三種住宅區
萬華區,萬大,1,510,0,第三種住宅區
萬華區,萬大,1,511,0,第三種住宅區
萬華區,萬大,1,512,0,第三種住宅區
萬華區,萬大,1,513,0,第三種住宅區
萬華區,萬大,1,514,0,第三種住宅區
萬華區,萬大,1,515,0,道路用地(公共設施用地)
萬華區,萬大,1,516,0,道路用地(公共設施用地)
萬華區,萬大,1,517,0,第三種住宅區
萬華區,萬大,1,518,0,第三種住宅區
萬華區,萬大,1,518,2,第三種住宅區
萬華區,萬大,1,519,0,第三種住宅區
萬華區,萬大,1,519,1,第三種住宅區
萬華區,萬大,1,519,4,第三種住宅區
萬華區,萬大,1,520,0,第三種住宅區
萬華區,萬大,1,520,1,道路用地(公共設施用地)
萬華區,萬大,1,520,3,第三種住宅區
萬華區,萬大,1,520,4,第三種住宅區
萬華區,萬大,1,520,5,第三種住宅區
萬華區,萬大,1,520,6,第三種住宅區
萬華區,萬大,1,520,7,第三種住宅區
萬華區,萬大,1,520,8,第三種住宅區
萬華區,萬大,1,520,9,第三種住宅區
萬華區,萬大,1,520,10,第三種住宅區
萬華區,萬大,1,520,11,第三種住宅區
萬華區,萬大,1,520,12,第三種住宅區
萬華區,萬大,1,520,13,第三種住宅區
萬華區,萬大,1,521,0,第三種住宅區
萬華區,萬大,1,557,0,第三種住宅區
萬華區,萬大,1,558,0,道路用地(公共設施用地)
萬華區,萬大,1,559,0,第三種住宅區
萬華區,萬大,1,560,0,第三種住宅區
萬華區,萬大,1,561,0,第三種住宅區
萬華區,萬大,1,562,0,第三種住宅區
萬華區,萬大,1,563,0,第三種住宅區
萬華區,萬大,1,570,0,第三種住宅區
萬華區,萬大,1,571,0,第三種住宅區
萬華區,萬大,1,571,1,第三種住宅區
萬華區,萬大,1,571,2,第三種住宅區
萬華區,萬大,1,571,3,第三種住宅區
萬華區,萬大,1,571,4,第三種住宅區
萬華區,萬大,1,571,5,第三種住宅區
萬華區,萬大,1,571,6,第三種住宅區
萬華區,萬大,1,571,7,第三種住宅區
萬華區,萬大,1,571,8,第三種住宅區
萬華區,萬大,1,571,9,第三種住宅區
萬華區,萬大,1,571,10,第三種住宅區
萬華區,萬大,1,571,11,第三種住宅區
萬華區,萬大,1,571,12,第三種住宅區
萬華區,萬大,1,571,13,第三種住宅區
萬華區,萬大,1,571,14,第三種住宅區
萬華區,萬大,1,571,15,第三種住宅區
萬華區,萬大,1,572,0,第三種住宅區
萬華區,萬大,1,573,0,第三種住宅區
萬華區,萬大,1,574,0,第三種住宅區
萬華區,萬大,1,575,0,第三種住宅區
萬華區,萬大,1,576,0,第三種住宅區
萬華區,萬大,1,577,0,第三種住宅區
萬華區,萬大,1,578,0,第三種住宅區
萬華區,萬大,1,578,1,第三種住宅區
萬華區,萬大,1,579,0,第三種住宅區
萬華區,萬大,1,580,0,第三種住宅區
萬華區,萬大,1,581,0,第三種住宅區
萬華區,萬大,1,582,0,第三種住宅區
萬華區,萬大,1,582,1,第三種住宅區
萬華區,萬大,1,583,0,第三種住宅區
萬華區,萬大,1,584,0,第三種住宅區
萬華區,萬大,1,585,0,第三種住宅區
萬華區,萬大,1,586,0,第三種住宅區
萬華區,萬大,1,586,1,第三種住宅區
萬華區,萬大,1,586,2,第三種住宅區
萬華區,萬大,1,587,0,第三種住宅區
萬華區,萬大,1,587,1,第三種住宅區
萬華區,萬大,1,587,2,第三種住宅區
萬華區,萬大,1,588,0,第三種住宅區
萬華區,萬大,1,589,0,第三種住宅區
萬華區,萬大,1,590,0,第三種住宅區
萬華區,萬大,1,591,0,第三種住宅區
萬華區,萬大,1,592,0,第三種住宅區
萬華區,萬大,1,593,0,第三種住宅區
萬華區,萬大,1,594,0,第三種住宅區
萬華區,萬大,1,595,0,第三種住宅區
萬華區,萬大,1,596,1,第三種住宅區
萬華區,萬大,1,597,0,第三種住宅區
萬華區,萬大,1,598,0,第三種住宅區
萬華區,萬大,1,599,0,第三種住宅區
萬華區,萬大,1,601,0,第三種住宅區
萬華區,萬大,1,604,1,道路用地(公共設施用地)
萬華區,萬大,1,605,0,道路用地(公共設施用地)
萬華區,萬大,1,606,0,道路用地(公共設施用地)
萬華區,萬大,1,607,0,道路用地(公共設施用地)
萬華區,萬大,1,608,0,道路用地(公共設施用地)
萬華區,萬大,1,609,0,道路用地(公共設施用地)
萬華區,萬大,1,610,0,道路用地(公共設施用地)
萬華區,萬大,1,611,0,道路用地(公共設施用地)
萬華區,萬大,1,612,0,第三種住宅區
萬華區,萬大,2,1,0,道路用地(公共設施用地)
萬華區,萬大,2,2,0,第三種住宅區
萬華區,萬大,2,3,0,第三種住宅區
萬華區,萬大,2,4,0,第三種住宅區
萬華區,萬大,2,5,0,第三種住宅區
萬華區,萬大,2,6,0,第三種住宅區
萬華區,萬大,2,7,0,第三種住宅區
萬華區,萬大,2,8,0,第三種住宅區
萬華區,萬大,2,9,0,第三種住宅區
萬華區,萬大,2,10,0,第三種住宅區
萬華區,萬大,2,11,0,道路用地(公共設施用地)
萬華區,萬大,2,12,0,"第三種住宅區,但是否在道路用地(公共設施用地)(應依建築線或俟地籍測量分割後,再確定)"
萬華區,萬大,2,13,0,第三種住宅區
萬華區,萬大,2,14,0,第三種住宅區
萬華區,萬大,2,15,0,第三種住宅區
萬華區,萬大,2,16,0,第三種住宅區
萬華區,萬大,2,17,0,第三種住宅區
萬華區,萬大,2,18,0,第三種住宅區
萬華區,萬大,2,19,0,第三種住宅區
萬華區,萬大,2,20,0,第三種住宅區
萬華區,萬大,2,21,0,第三種住宅區
萬華區,萬大,2,22,0,第三種住宅區
萬華區,萬大,2,23,0,第三種住宅區
萬華區,萬大,2,24,0,第三種住宅區
萬華區,萬大,2,25,0,第三種住宅區
萬華區,萬大,2,26,0,第三種住宅區
萬華區,萬大,2,27,0,第三種住宅區
萬華區,萬大,2,28,0,第三種住宅區
萬華區,萬大,2,29,0,第三種住宅區
萬華區,萬大,2,30,0,第三種住宅區
萬華區,萬大,2,31,0,第三種住宅區
萬華區,萬大,2,32,0,第三種住宅區
萬華區,萬大,2,33,0,第三種住宅區
萬華區,萬大,2,34,0,第三種住宅區
萬華區,萬大,2,35,0,道路用地(公共設施用地)
萬華區,萬大,2,36,0,道路用地(公共設施用地)
萬華區,萬大,2,37,0,第三種住宅區
萬華區,萬大,2,38,0,第三種住宅區
萬華區,萬大,2,38,1,道路用地(公共設施用地)
萬華區,萬大,2,39,1,道路用地(公共設施用地)
萬華區,萬大,2,40,0,第三種住宅區
萬華區,萬大,2,41,0,第三種住宅區
萬華區,萬大,2,42,0,道路用地(公共設施用地)
萬華區,萬大,2,43,0,第三種住宅區
萬華區,萬大,2,44,0,第三種住宅區
萬華區,萬大,2,45,0,第三種住宅區
萬華區,萬大,2,46,0,第三種住宅區
萬華區,萬大,2,47,0,第三種住宅區
萬華區,萬大,2,48,0,第三種住宅區
萬華區,萬大,2,49,0,第三種住宅區
萬華區,萬大,2,50,0,道路用地(公共設施用地)
萬華區,萬大,2,51,0,道路用地(公共設施用地)
萬華區,萬大,2,52,0,第三種住宅區
萬華區,萬大,2,53,0,道路用地(公共設施用地)
萬華區,萬大,2,54,0,第三種住宅區
萬華區,萬大,2,55,1,道路用地(公共設施用地)
萬華區,萬大,2,55,2,道路用地(公共設施用地)
萬華區,萬大,2,55,3,第三種住宅區
萬華區,萬大,2,56,0,第三種住宅區
萬華區,萬大,2,57,0,第三種住宅區
萬華區,萬大,2,58,0,第三種住宅區
萬華區,萬大,2,59,0,第三種住宅區
萬華區,萬大,2,60,0,第三種住宅區
萬華區,萬大,2,61,0,第三種住宅區
萬華區,萬大,2,62,0,第三種住宅區
萬華區,萬大,2,63,0,第三種住宅區
萬華區,萬大,2,64,0,第三種住宅區
萬華區,萬大,2,65,0,第三種住宅區
萬華區,萬大,2,66,0,第三種住宅區
萬華區,萬大,2,67,0,第三種住宅區
萬華區,萬大,2,68,0,第三種住宅區
萬華區,萬大,2,69,0,第三種住宅區
萬華區,萬大,2,70,0,第三種住宅區
萬華區,萬大,2,71,0,第三種住宅區
萬華區,萬大,2,72,0,第三種住宅區
萬華區,萬大,2,73,0,第三種住宅區
萬華區,萬大,2,74,0,第三種住宅區
萬華區,萬大,2,75,0,第三種住宅區
萬華區,萬大,2,76,0,第三種住宅區
萬華區,萬大,2,77,0,第三種住宅區
萬華區,萬大,2,78,0,第三種住宅區
萬華區,萬大,2,79,0,第三種住宅區
萬華區,萬大,2,80,0,第三種住宅區
萬華區,萬大,2,81,0,第三種住宅區
萬華區,萬大,2,82,0,第三種住宅區
萬華區,萬大,2,83,0,第三種住宅區
萬華區,萬大,2,84,0,第三種住宅區
萬華區,萬大,2,85,0,第三種住宅區
萬華區,萬大,2,86,0,第三種住宅區
萬華區,萬大,2,87,0,第三種住宅區
萬華區,萬大,2,88,0,第三種住宅區
萬華區,萬大,2,89,1,第三種住宅區
萬華區,萬大,2,89,2,第三種住宅區
萬華區,萬大,2,90,1,第三種住宅區
萬華區,萬大,2,90,2,第三種住宅區
萬華區,萬大,2,90,3,第三種住宅區
萬華區,萬大,2,91,0,第三種住宅區
萬華區,萬大,2,92,0,第三種住宅區
萬華區,萬大,2,92,1,第三種住宅區
萬華區,萬大,2,92,2,第三種住宅區
萬華區,萬大,2,93,0,第三種住宅區
萬華區,萬大,2,94,0,第三種住宅區
萬華區,萬大,2,95,1,第三種住宅區
萬華區,萬大,2,96,0,第三種住宅區
萬華區,萬大,2,96,1,道路用地(公共設施用地)
萬華區,萬大,2,97,0,第三種住宅區
萬華區,萬大,2,97,1,道路用地(公共設施用地)
萬華區,萬大,2,98,0,第三種住宅區
萬華區,萬大,2,98,1,道路用地(公共設施用地)
萬華區,萬大,2,100,0,第三種住宅區
萬華區,萬大,2,101,0,道路用地(公共設施用地)
萬華區,萬大,2,102,0,道路用地(公共設施用地)
萬華區,萬大,2,103,0,第三種住宅區
萬華區,萬大,2,104,0,第三種住宅區
萬華區,萬大,2,105,0,道路用地(公共設施用地)
萬華區,萬大,2,106,0,道路用地(公共設施用地)
萬華區,萬大,2,107,0,第三種住宅區
萬華區,萬大,2,108,0,第三種住宅區
萬華區,萬大,2,109,0,道路用地(公共設施用地)
萬華區,萬大,2,110,0,道路用地(公共設施用地)
萬華區,萬大,2,111,0,第三種住宅區
萬華區,萬大,2,111,1,道路用地(公共設施用地)
萬華區,萬大,2,112,0,第三種住宅區
萬華區,萬大,2,113,0,第三種住宅區
萬華區,萬大,2,114,0,道路用地(公共設施用地)
萬華區,萬大,2,114,2,道路用地(公共設施用地)
萬華區,萬大,2,114,4,第三種住宅區
萬華區,萬大,2,115,0,第三種住宅區
萬華區,萬大,2,116,0,第三種住宅區
萬華區,萬大,2,117,0,第三種住宅區
萬華區,萬大,2,118,0,第三種住宅區
萬華區,萬大,2,119,0,第三種住宅區
萬華區,萬大,2,119,2,道路用地(公共設施用地)
萬華區,萬大,2,119,4,第三種住宅區
萬華區,萬大,2,120,0,第三種住宅區
萬華區,萬大,2,120,1,第三種住宅區
萬華區,萬大,2,121,0,第三種住宅區
萬華區,萬大,2,121,1,第三種住宅區
萬華區,萬大,2,123,0,道路用地(公共設施用地)
萬華區,萬大,2,123,1,道路用地(公共設施用地)
萬華區,萬大,2,123,2,第三種住宅區
萬華區,萬大,2,123,3,"第參種商業區(依都市計畫說明書圖規定辦理,始得作第參種商業區使用)(原屬第壹種商業區)"
萬華區,萬大,2,124,0,"第參種商業區(依都市計畫說明書圖規定辦理,始得作第參種商業區使用)(原屬第壹種商業區)"
萬華區,萬大,2,125,0,"第參種商業區(依都市計畫說明書圖規定辦理,始得作第參種商業區使用)(原屬第壹種商業區)"
萬華區,萬大,2,126,0,"第參種商業區(依都市計畫說明書圖規定辦理,始得作第參種商業區使用)(原屬第壹種商業區)"
萬華區,萬大,2,127,0,"第參種商業區(依都市計畫說明書圖規定辦理,始得作第參種商業區使用)(原屬第壹種商業區)"
萬華區,萬大,2,128,0,"第參種商業區(依都市計畫說明書圖規定辦理,始得作第參種商業區使用)(原屬第壹種商業區)"
萬華區,萬大,2,129,0,"第參種商業區(依都市計畫說明書圖規定辦理,始得作第參種商業區使用)(原屬第壹種商業區)"
萬華區,萬大,2,130,0,"第參種商業區(依都市計畫說明書圖規定辦理,始得作第參種商業區使用)(原屬第壹種商業區)"
萬華區,萬大,2,131,0,"第參種商業區(依都市計畫說明書圖規定辦理,始得作第參種商業區使用)(原屬第壹種商業區)"
萬華區,萬大,2,132,0,"第參種商業區(依都市計畫說明書圖規定辦理,始得作第參種商業區使用)(原屬第壹種商業區)"
萬華區,萬大,2,133,0,"第參種商業區(依都市計畫說明書圖規定辦理,始得作第參種商業區使用)(原屬第壹種商業區)"
萬華區,萬大,2,134,0,"第參種商業區(依都市計畫說明書圖規定辦理,始得作第參種商業區使用)(原屬第壹種商業區)"
萬華區,萬大,2,135,0,"第參種商業區(依都市計畫說明書圖規定辦理,始得作第參種商業區使用)(原屬第壹種商業區)"
萬華區,萬大,2,136,0,"第參種商業區(依都市計畫說明書圖規定辦理,始得作第參種商業區使用)(原屬第壹種商業區)"
萬華區,萬大,2,137,0,"第參種商業區(依都市計畫說明書圖規定辦理,始得作第參種商業區使用)(原屬第壹種商業區)"
萬華區,萬大,2,138,0,"第參種商業區(依都市計畫說明書圖規定辦理,始得作第參種商業區使用)(原屬第壹種商業區)"
萬華區,萬大,2,139,0,"第參種商業區(依都市計畫說明書圖規定辦理,始得作第參種商業區使用)(原屬第壹種商業區)"
萬華區,萬大,2,140,0,"第參種商業區(依都市計畫說明書圖規定辦理,始得作第參種商業區使用)(原屬第壹種商業區)"
萬華區,萬大,2,141,0,"第參種商業區(依都市計畫說明書圖規定辦理,始得作第參種商業區使用)(原屬第壹種商業區)"
萬華區,萬大,2,142,0,"第參種商業區(依都市計畫說明書圖規定辦理,始得作第參種商業區使用)(原屬第壹種商業區)"
萬華區,萬大,2,142,1,道路用地(公共設施用地)
萬華區,萬大,2,142,2,道路用地(公共設施用地)
萬華區,萬大,2,142,3,道路用地(公共設施用地)
萬華區,萬大,2,143,0,"第參種商業區(依都市計畫說明書圖規定辦理,始得作第參種商業區使用)(原屬第壹種商業區)"
萬華區,萬大,2,143,1,道路用地(公共設施用地)
萬華區,萬大,2,144,0,"第參種商業區(依都市計畫說明書圖規定辦理,始得作第參種商業區使用)(原屬第壹種商業區)"
萬華區,萬大,2,144,1,道路用地(公共設施用地)
萬華區,萬大,2,145,0,"第參種商業區(依都市計畫說明書圖規定辦理,始得作第參種商業區使用)(原屬第壹種商業區)"
萬華區,萬大,2,145,1,道路用地(公共設施用地)
萬華區,萬大,2,146,0,"第參種商業區(依都市計畫說明書圖規定辦理,始得作第參種商業區使用)(原屬第壹種商業區)"
萬華區,萬大,2,146,1,道路用地(公共設施用地)
萬華區,萬大,2,147,0,"第參種商業區(依都市計畫說明書圖規定辦理,始得作第參種商業區使用)(原屬第壹種商業區)"
萬華區,萬大,2,147,1,道路用地(公共設施用地)
萬華區,萬大,2,148,0,"第參種商業區(依都市計畫說明書圖規定辦理,始得作第參種商業區使用)(原屬第壹種商業區)"
萬華區,萬大,2,148,1,道路用地(公共設施用地)
萬華區,萬大,2,149,0,"第參種商業區(依都市計畫說明書圖規定辦理,始得作第參種商業區使用)(原屬第壹種商業區)"
萬華區,萬大,2,150,0,"第參種商業區(依都市計畫說明書圖規定辦理,始得作第參種商業區使用)(原屬第壹種商業區)"
萬華區,萬大,2,151,0,"第參種商業區(依都市計畫說明書圖規定辦理,始得作第參種商業區使用)(原屬第壹種商業區)"
萬華區,萬大,2,152,0,"第參種商業區(依都市計畫說明書圖規定辦理,始得作第參種商業區使用)(原屬第壹種商業區)"
萬華區,萬大,2,153,0,"第參種商業區(依都市計畫說明書圖規定辦理,始得作第參種商業區使用)(原屬第壹種商業區)"
萬華區,萬大,2,154,0,"第參種商業區(依都市計畫說明書圖規定辦理,始得作第參種商業區使用)(原屬第壹種商業區)"
萬華區,萬大,2,155,0,"第參種商業區(依都市計畫說明書圖規定辦理,始得作第參種商業區使用)(原屬第壹種商業區)"
萬華區,萬大,2,156,0,"第參種商業區(依都市計畫說明書圖規定辦理,始得作第參種商業區使用)(原屬第壹種商業區)"
萬華區,萬大,2,157,0,"第參種商業區(依都市計畫說明書圖規定辦理,始得作第參種商業區使用)(原屬第壹種商業區)"
萬華區,萬大,2,158,0,"第參種商業區(依都市計畫說明書圖規定辦理,始得作第參種商業區使用)(原屬第壹種商業區)"
萬華區,萬大,2,159,0,"第參種商業區(依都市計畫說明書圖規定辦理,始得作第參種商業區使用)(原屬第壹種商業區)"
萬華區,萬大,2,160,0,"第參種商業區(依都市計畫說明書圖規定辦理,始得作第參種商業區使用)(原屬第壹種商業區)"
萬華區,萬大,2,161,0,"第參種商業區(依都市計畫說明書圖規定辦理,始得作第參種商業區使用)(原屬第壹種商業區)"
萬華區,萬大,2,162,0,"第參種商業區(依都市計畫說明書圖規定辦理,始得作第參種商業區使用)(原屬第壹種商業區)"
萬華區,萬大,2,163,0,"第參種商業區(依都市計畫說明書圖規定辦理,始得作第參種商業區使用)(原屬第壹種商業區)"
萬華區,萬大,2,164,0,"第參種商業區(依都市計畫說明書圖規定辦理,始得作第參種商業區使用)(原屬第壹種商業區)"
萬華區,萬大,2,165,0,"第參種商業區(依都市計畫說明書圖規定辦理,始得作第參種商業區使用)(原屬第壹種商業區)"
萬華區,萬大,2,166,0,"第參種商業區(依都市計畫說明書圖規定辦理,始得作第參種商業區使用)(原屬第壹種商業區)"
萬華區,萬大,2,167,0,"第參種商業區(依都市計畫說明書圖規定辦理,始得作第參種商業區使用)(原屬第壹種商業區)"
萬華區,萬大,2,168,0,"第參種商業區(依都市計畫說明書圖規定辦理,始得作第參種商業區使用)(原屬第壹種商業區)"
萬華區,萬大,2,169,0,"第參種商業區(依都市計畫說明書圖規定辦理,始得作第參種商業區使用)(原屬第壹種商業區)"
萬華區,萬大,2,170,0,"第參種商業區(依都市計畫說明書圖規定辦理,始得作第參種商業區使用)(原屬第壹種商業區)"
萬華區,萬大,2,171,0,"第參種商業區(依都市計畫說明書圖規定辦理,始得作第參種商業區使用)(原屬第壹種商業區)"
萬華區,萬大,2,172,0,"第參種商業區(依都市計畫說明書圖規定辦理,始得作第參種商業區使用)(原屬第壹種商業區)"
萬華區,萬大,2,173,0,"第參種商業區(依都市計畫說明書圖規定辦理,始得作第參種商業區使用)(原屬第壹種商業區)"
萬華區,萬大,2,174,0,"第參種商業區(依都市計畫說明書圖規定辦理,始得作第參種商業區使用)(原屬第壹種商業區)"
萬華區,萬大,2,175,0,"第參種商業區(依都市計畫說明書圖規定辦理,始得作第參種商業區使用)(原屬第壹種商業區)"
萬華區,萬大,2,176,0,"第參種商業區(依都市計畫說明書圖規定辦理,始得作第參種商業區使用)(原屬第壹種商業區)"
萬華區,萬大,2,177,0,"第參種商業區(依都市計畫說明書圖規定辦理,始得作第參種商業區使用)(原屬第壹種商業區)"
萬華區,萬大,2,178,0,"第參種商業區(依都市計畫說明書圖規定辦理,始得作第參種商業區使用)(原屬第壹種商業區)"
萬華區,萬大,2,179,0,"第參種商業區(依都市計畫說明書圖規定辦理,始得作第參種商業區使用)(原屬第壹種商業區)"
萬華區,萬大,2,180,0,"第參種商業區(依都市計畫說明書圖規定辦理,始得作第參種商業區使用)(原屬第壹種商業區)"
萬華區,萬大,2,181,0,"第參種商業區(依都市計畫說明書圖規定辦理,始得作第參種商業區使用)(原屬第壹種商業區)"
萬華區,萬大,2,182,0,"第參種商業區(依都市計畫說明書圖規定辦理,始得作第參種商業區使用)(原屬第壹種商業區)"
萬華區,萬大,2,183,0,"第參種商業區(依都市計畫說明書圖規定辦理,始得作第參種商業區使用)(原屬第壹種商業區)"
萬華區,萬大,2,184,0,"第參種商業區(依都市計畫說明書圖規定辦理,始得作第參種商業區使用)(原屬第壹種商業區)"
萬華區,萬大,2,185,0,"第參種商業區(依都市計畫說明書圖規定辦理,始得作第參種商業區使用)(原屬第壹種商業區)"
萬華區,萬大,2,186,0,"第參種商業區(依都市計畫說明書圖規定辦理,始得作第參種商業區使用)(原屬第壹種商業區)"
萬華區,萬大,2,187,0,"第參種商業區(依都市計畫說明書圖規定辦理,始得作第參種商業區使用)(原屬第壹種商業區)"
萬華區,萬大,2,188,0,"第參種商業區(依都市計畫說明書圖規定辦理,始得作第參種商業區使用)(原屬第壹種商業區)"
萬華區,萬大,2,189,0,"第參種商業區(依都市計畫說明書圖規定辦理,始得作第參種商業區使用)(原屬第壹種商業區)"
萬華區,萬大,2,190,0,"第參種商業區(依都市計畫說明書圖規定辦理,始得作第參種商業區使用)(原屬第壹種商業區)"
萬華區,萬大,2,191,0,"第參種商業區(依都市計畫說明書圖規定辦理,始得作第參種商業區使用)(原屬第壹種商業區)"
萬華區,萬大,2,192,0,"第參種商業區(依都市計畫說明書圖規定辦理,始得作第參種商業區使用)(原屬第壹種商業區)"
萬華區,萬大,2,193,0,"第參種商業區(依都市計畫說明書圖規定辦理,始得作第參種商業區使用)(原屬第壹種商業區)"
萬華區,萬大,2,194,0,"第參種商業區(依都市計畫說明書圖規定辦理,始得作第參種商業區使用)(原屬第壹種商業區)"
萬華區,萬大,2,195,0,"第參種商業區(依都市計畫說明書圖規定辦理,始得作第參種商業區使用)(原屬第壹種商業區)"
萬華區,萬大,2,196,0,"第參種商業區(依都市計畫說明書圖規定辦理,始得作第參種商業區使用)(原屬第壹種商業區)"
萬華區,萬大,2,197,0,"第參種商業區(依都市計畫說明書圖規定辦理,始得作第參種商業區使用)(原屬第壹種商業區)"
萬華區,萬大,2,198,0,"第參種商業區(依都市計畫說明書圖規定辦理,始得作第參種商業區使用)(原屬第壹種商業區)"
萬華區,萬大,2,199,0,"第參種商業區(依都市計畫說明書圖規定辦理,始得作第參種商業區使用)(原屬第壹種商業區)"
萬華區,萬大,2,200,0,"第參種商業區(依都市計畫說明書圖規定辦理,始得作第參種商業區使用)(原屬第壹種商業區)"
萬華區,萬大,2,201,0,"第參種商業區(依都市計畫說明書圖規定辦理,始得作第參種商業區使用)(原屬第壹種商業區)"
萬華區,萬大,2,202,0,"第參種商業區(依都市計畫說明書圖規定辦理,始得作第參種商業區使用)(原屬第壹種商業區)"
萬華區,萬大,2,203,0,"第參種商業區(依都市計畫說明書圖規定辦理,始得作第參種商業區使用)(原屬第壹種商業區)"
萬華區,萬大,2,204,0,"第參種商業區(依都市計畫說明書圖規定辦理,始得作第參種商業區使用)(原屬第壹種商業區)"
萬華區,萬大,2,205,0,"第參種商業區(依都市計畫說明書圖規定辦理,始得作第參種商業區使用)(原屬第壹種商業區)"
萬華區,萬大,2,206,0,"第參種商業區(依都市計畫說明書圖規定辦理,始得作第參種商業區使用)(原屬第壹種商業區)"
萬華區,萬大,2,206,1,"第參種商業區(依都市計畫說明書圖規定辦理,始得作第參種商業區使用)(原屬第壹種商業區)及道路用地(公共設施用地)(應依建築線或俟地籍測量分割後,再確定)"
萬華區,萬大,2,207,0,"第參種商業區(依都市計畫說明書圖規定辦理,始得作第參種商業區使用)(原屬第壹種商業區)"
萬華區,萬大,2,208,0,"第參種商業區(依都市計畫說明書圖規定辦理,始得作第參種商業區使用)(原屬第壹種商業區)"
萬華區,萬大,2,209,0,"第參種商業區(依都市計畫說明書圖規定辦理,始得作第參種商業區使用)(原屬第壹種商業區)"
萬華區,萬大,2,209,1,"第參種商業區(依都市計畫說明書圖規定辦理,始得作第參種商業區使用)(原屬第壹種商業區)"
萬華區,萬大,2,210,0,"第參種商業區(依都市計畫說明書圖規定辦理,始得作第參種商業區使用)(原屬第壹種商業區)"
萬華區,萬大,2,211,0,"第參種商業區(依都市計畫說明書圖規定辦理,始得作第參種商業區使用)(原屬第壹種商業區)"
萬華區,萬大,2,212,0,道路用地(公共設施用地)
萬華區,萬大,2,213,0,"第參種商業區(依都市計畫說明書圖規定辦理,始得作第參種商業區使用)(原屬第壹種商業區)"
萬華區,萬大,2,214,0,"第參種商業區(依都市計畫說明書圖規定辦理,始得作第參種商業區使用)(原屬第壹種商業區)"
萬華區,萬大,2,215,0,"第參種商業區(依都市計畫說明書圖規定辦理,始得作第參種商業區使用)(原屬第壹種商業區)"
萬華區,萬大,2,216,0,"第參種商業區(依都市計畫說明書圖規定辦理,始得作第參種商業區使用)(原屬第壹種商業區)"
萬華區,萬大,2,217,0,"第參種商業區(依都市計畫說明書圖規定辦理,始得作第參種商業區使用)(原屬第壹種商業區)"
萬華區,萬大,2,218,0,"第參種商業區(依都市計畫說明書圖規定辦理,始得作第參種商業區使用)(原屬第壹種商業區)"
萬華區,萬大,2,219,0,"第參種商業區(依都市計畫說明書圖規定辦理,始得作第參種商業區使用)(原屬第壹種商業區)"
萬華區,萬大,2,220,0,"第參種商業區(依都市計畫說明書圖規定辦理,始得作第參種商業區使用)(原屬第壹種商業區)"
萬華區,萬大,2,221,0,"第參種商業區(依都市計畫說明書圖規定辦理,始得作第參種商業區使用)(原屬第壹種商業區)"
萬華區,萬大,2,222,0,"第參種商業區(依都市計畫說明書圖規定辦理,始得作第參種商業區使用)(原屬第壹種商業區)"
萬華區,萬大,2,223,0,"第參種商業區(依都市計畫說明書圖規定辦理,始得作第參種商業區使用)(原屬第壹種商業區)"
萬華區,萬大,2,224,0,"第參種商業區(依都市計畫說明書圖規定辦理,始得作第參種商業區使用)(原屬第壹種商業區)"
萬華區,萬大,2,225,0,"第參種商業區(依都市計畫說明書圖規定辦理,始得作第參種商業區使用)"
萬華區,萬大,2,226,0,"第參種商業區(依都市計畫說明書圖規定辦理,始得作第參種商業區使用)(原屬第壹種商業區)"
萬華區,萬大,2,227,0,"第參種商業區(依都市計畫說明書圖規定辦理,始得作第參種商業區使用)(原屬第壹種商業區)"
萬華區,萬大,2,228,0,"第參種商業區(依都市計畫說明書圖規定辦理,始得作第參種商業區使用)(原屬第壹種商業區)"
萬華區,萬大,2,229,0,"第參種商業區(依都市計畫說明書圖規定辦理,始得作第參種商業區使用)(原屬第壹種商業區),但是否在道路用地(公共設施用地)(應依建築線或俟地籍測量分割後,再確定)"
萬華區,萬大,2,230,0,"第參種商業區(依都市計畫說明書圖規定辦理,始得作第參種商業區使用)(原屬第壹種商業區),但是否在道路用地(公共設施用地)(應依建築線或俟地籍測量分割後,再確定)"
萬華區,萬大,2,231,0,"第參種商業區(依都市計畫說明書圖規定辦理,始得作第參種商業區使用)(原屬第壹種商業區)"
萬華區,萬大,2,231,1,"第參種商業區(依都市計畫說明書圖規定辦理,始得作第參種商業區使用)(原屬第壹種商業區),但是否在道路用地(公共設施用地)(應依建築線或俟地籍測量分割後,再確定)"
萬華區,萬大,2,233,0,"道路用地(公共設施用地),但是否在第參種商業區(依都市計畫說明書圖規定辦理,始得作第參種商業區使用)(原屬第壹種商業區)"
萬華區,萬大,2,234,0,"第參種商業區(依都市計畫說明書圖規定辦理,始得作第參種商業區使用)(原屬第壹種商業區)"
萬華區,萬大,2,235,0,道路用地(公共設施用地)
萬華區,萬大,2,236,0,"第參種商業區(依都市計畫說明書圖規定辦理,始得作第參種商業區使用)(原屬第壹種商業區)"
萬華區,萬大,2,237,0,道路用地(公共設施用地)
萬華區,萬大,2,238,0,"第參種商業區(依都市計畫說明書圖規定辦理,始得作第參種商業區使用)(原屬第壹種商業區)"
萬華區,萬大,2,238,1,道路用地(公共設施用地)
萬華區,萬大,2,239,0,"第參種商業區(依都市計畫說明書圖規定辦理,始得作第參種商業區使用)(原屬第壹種商業區)"
萬華區,萬大,2,240,0,"第參種商業區(依都市計畫說明書圖規定辦理,始得作第參種商業區使用)(原屬第壹種商業區)"
萬華區,萬大,2,241,0,道路用地(公共設施用地)
萬華區,萬大,2,241,1,"第參種商業區(依都市計畫說明書圖規定辦理,始得作第參種商業區使用)(原屬第壹種商業區)"
萬華區,萬大,2,242,0,道路用地(公共設施用地)
萬華區,萬大,2,243,0,道路用地(公共設施用地)
萬華區,萬大,2,244,0,"第參種商業區(依都市計畫說明書圖規定辦理,始得作第參種商業區使用)(原屬第壹種商業區)"
萬華區,萬大,2,244,1,道路用地(公共設施用地)
萬華區,萬大,2,245,0,"第參種商業區(依都市計畫說明書圖規定辦理,始得作第參種商業區使用)(原屬第壹種商業區)"
萬華區,萬大,2,245,1,道路用地(公共設施用地)
萬華區,萬大,2,246,0,"第參種商業區(依都市計畫說明書圖規定辦理,始得作第參種商業區使用)(原屬第壹種商業區)"
萬華區,萬大,2,246,1,道路用地(公共設施用地)
萬華區,萬大,2,247,0,道路用地(公共設施用地)
萬華區,萬大,2,248,0,"第參種商業區(依都市計畫說明書圖規定辦理,始得作第參種商業區使用)(原屬第壹種商業區)"
萬華區,萬大,2,249,0,"第參種商業區(依都市計畫說明書圖規定辦理,始得作第參種商業區使用)(原屬第壹種商業區)"
萬華區,萬大,2,249,1,道路用地(公共設施用地)
萬華區,萬大,2,250,0,"第參種商業區(依都市計畫說明書圖規定辦理,始得作第參種商業區使用)(原屬第壹種商業區)"
萬華區,萬大,2,250,1,道路用地(公共設施用地)
萬華區,萬大,2,251,0,"第參種商業區(依都市計畫說明書圖規定辦理,始得作第參種商業區使用)(原屬第壹種商業區)"
萬華區,萬大,2,252,0,"第參種商業區(依都市計畫說明書圖規定辦理,始得作第參種商業區使用)(原屬第壹種商業區),但是否在道路用地(公共設施用地)(應依建築線或俟地籍測量分割後,再確定)"
萬華區,萬大,2,252,1,"道路用地(公共設施用地),但是否在第參種商業區(依都市計畫說明書圖規定辦理,始得作第參種商業區使用)(應依建築線或俟地籍測量分割後,再確定)"
萬華區,萬大,2,253,0,道路用地(公共設施用地)
萬華區,萬大,2,254,0,第三種住宅區
萬華區,萬大,2,254,2,"第參種商業區(依都市計畫說明書圖規定辦理,始得作第參種商業區使用)(原屬第壹種商業區)"
萬華區,萬大,2,254,3,道路用地(公共設施用地)
萬華區,萬大,2,254,4,道路用地(公共設施用地)
萬華區,萬大,2,254,5,道路用地(公共設施用地)
萬華區,萬大,2,254,6,道路用地(公共設施用地)
萬華區,萬大,2,254,8,"第參種商業區(依都市計畫說明書圖規定辦理,始得作第參種商業區使用)(原屬第壹種商業區)"
萬華區,萬大,2,255,0,道路用地(公共設施用地)
萬華區,萬大,2,256,0,道路用地(公共設施用地)
萬華區,萬大,2,256,1,第三種住宅區
萬華區,萬大,2,257,0,第三種住宅區
萬華區,萬大,2,258,0,第三種住宅區
萬華區,萬大,2,258,1,道路用地(公共設施用地)
萬華區,萬大,2,259,0,第三種住宅區
萬華區,萬大,2,260,0,第三種住宅區
萬華區,萬大,2,261,0,第三種住宅區
萬華區,萬大,2,262,0,第三種住宅區
萬華區,萬大,2,263,0,第三種住宅區
萬華區,萬大,2,264,0,第三種住宅區
萬華區,萬大,2,265,0,第三種住宅區
萬華區,萬大,2,266,0,第三種住宅區
萬華區,萬大,2,267,0,第三種住宅區
萬華區,萬大,2,268,0,第三種住宅區
萬華區,萬大,2,269,0,第三種住宅區
萬華區,萬大,2,270,0,第三種住宅區
萬華區,萬大,2,271,0,第三種住宅區
萬華區,萬大,2,272,0,第三種住宅區
萬華區,萬大,2,273,0,第三種住宅區
萬華區,萬大,2,274,0,第三種住宅區
萬華區,萬大,2,275,0,第三種住宅區
萬華區,萬大,2,276,0,第三種住宅區
萬華區,萬大,2,277,0,第三種住宅區
萬華區,萬大,2,278,0,第三種住宅區
萬華區,萬大,2,279,0,第三種住宅區
萬華區,萬大,2,280,0,第三種住宅區
萬華區,萬大,2,281,0,第三種住宅區
萬華區,萬大,2,282,0,第三種住宅區
萬華區,萬大,2,283,0,第三種住宅區
萬華區,萬大,2,284,0,第三種住宅區
萬華區,萬大,2,285,0,第三種住宅區
萬華區,萬大,2,286,0,第三種住宅區
萬華區,萬大,2,287,0,第三種住宅區
萬華區,萬大,2,288,0,第三種住宅區
萬華區,萬大,2,289,0,第三種住宅區
萬華區,萬大,2,290,0,第三種住宅區
萬華區,萬大,2,291,0,第三種住宅區
萬華區,萬大,2,292,0,第三種住宅區
萬華區,萬大,2,293,0,道路用地(公共設施用地)
萬華區,萬大,2,293,1,第三種住宅區
萬華區,萬大,2,294,0,第三種住宅區
萬華區,萬大,2,295,0,第三種住宅區
萬華區,萬大,2,296,0,第三種住宅區
萬華區,萬大,2,297,0,第三種住宅區
萬華區,萬大,2,298,0,第三種住宅區
萬華區,萬大,2,299,0,第三種住宅區
萬華區,萬大,2,300,0,第三種住宅區
萬華區,萬大,2,300,1,第三種住宅區
萬華區,萬大,2,301,0,第三種住宅區
萬華區,萬大,2,302,0,道路用地(公共設施用地)
萬華區,萬大,2,303,0,第三種住宅區
萬華區,萬大,2,304,0,第三種住宅區
萬華區,萬大,2,304,1,第三種住宅區
萬華區,萬大,2,305,0,第三種住宅區
萬華區,萬大,2,306,0,第三種住宅區
萬華區,萬大,2,307,0,第三種住宅區
萬華區,萬大,2,307,1,第三種住宅區
萬華區,萬大,2,308,0,第三種住宅區
萬華區,萬大,2,308,1,第三種住宅區
萬華區,萬大,2,309,0,第三種住宅區
萬華區,萬大,2,310,0,第三種住宅區
萬華區,萬大,2,310,1,第三種住宅區
萬華區,萬大,2,311,0,第三種住宅區
萬華區,萬大,2,312,0,第三種住宅區
萬華區,萬大,2,313,0,第三種住宅區
萬華區,萬大,2,314,0,第三種住宅區
萬華區,萬大,2,314,1,第三種住宅區
萬華區,萬大,2,315,0,道路用地(公共設施用地)
萬華區,萬大,2,316,0,第三種住宅區
萬華區,萬大,2,317,0,第三種住宅區
萬華區,萬大,2,318,0,第三種住宅區
萬華區,萬大,2,319,0,第三種住宅區
萬華區,萬大,2,320,0,第三種住宅區
萬華區,萬大,2,321,0,道路用地(公共設施用地)
萬華區,萬大,2,322,0,道路用地(公共設施用地)
萬華區,萬大,2,323,0,第三種住宅區
萬華區,萬大,2,324,0,第三種住宅區
萬華區,萬大,2,325,0,第三種住宅區
萬華區,萬大,2,326,0,第三種住宅區
萬華區,萬大,2,328,0,道路用地(公共設施用地)
萬華區,萬大,2,330,0,道路用地(公共設施用地)
萬華區,萬大,2,331,0,第三種住宅區
萬華區,萬大,2,331,1,"道路用地(公共設施用地),但是否在第三種住宅區(應依建築線或俟地籍測量分割後,再確定)"
萬華區,萬大,2,331,2,道路用地(公共設施用地)
萬華區,萬大,2,332,0,第三種住宅區
萬華區,萬大,2,332,1,"道路用地(公共設施用地),但是否在第三種住宅區(應依建築線或俟地籍測量分割後,再確定)"
萬華區,萬大,2,334,0,第三種住宅區
萬華區,萬大,2,334,1,道路用地(公共設施用地)及第三種住宅區
萬華區,萬大,2,334,3,道路用地(公共設施用地)
萬華區,萬大,2,335,1,道路用地(公共設施用地)
萬華區,萬大,2,336,1,道路用地(公共設施用地)
萬華區,萬大,2,336,2,道路用地(公共設施用地)
萬華區,萬大,2,337,0,第三種住宅區
萬華區,萬大,2,337,1,道路用地(公共設施用地)
萬華區,萬大,2,338,0,第三種住宅區
萬華區,萬大,2,338,1,道路用地(公共設施用地)
萬華區,萬大,2,339,0,第三種住宅區
萬華區,萬大,2,339,1,道路用地(公共設施用地)
萬華區,萬大,2,340,0,第三種住宅區
萬華區,萬大,2,340,1,道路用地(公共設施用地)
萬華區,萬大,2,341,0,第三種住宅區
萬華區,萬大,2,341,1,道路用地(公共設施用地)
萬華區,萬大,2,342,0,第三種住宅區
萬華區,萬大,2,343,0,第三種住宅區
萬華區,萬大,2,343,1,道路用地(公共設施用地)
萬華區,萬大,2,344,1,道路用地(公共設施用地)
萬華區,萬大,2,345,0,第三種住宅區
萬華區,萬大,2,345,1,道路用地(公共設施用地)
萬華區,萬大,2,345,2,第三種住宅區
萬華區,萬大,2,346,0,道路用地(公共設施用地)
萬華區,萬大,2,346,1,第三種住宅區
萬華區,萬大,2,346,2,道路用地(公共設施用地)
萬華區,萬大,2,346,3,第三種住宅區
萬華區,萬大,2,347,0,道路用地(公共設施用地)
萬華區,萬大,2,347,1,第三種住宅區
萬華區,萬大,2,347,2,道路用地(公共設施用地)
萬華區,萬大,2,348,0,"第三種住宅區,但是否在道路用地(公共設施用地)(應依建築線或俟地籍測量分割後,再確定)"
萬華區,萬大,2,349,0,第三種住宅區
萬華區,萬大,2,350,0,第三種住宅區
萬華區,萬大,2,351,0,第三種住宅區
萬華區,萬大,2,352,0,第三種住宅區
萬華區,萬大,2,353,0,第三種住宅區
萬華區,萬大,2,354,0,第三種住宅區
萬華區,萬大,2,355,0,第三種住宅區
萬華區,萬大,2,356,0,第三種住宅區
萬華區,萬大,2,357,0,第三種住宅區
萬華區,萬大,2,358,0,第三種住宅區
萬華區,萬大,2,358,1,第三種住宅區
萬華區,萬大,2,358,2,道路用地(公共設施用地)
萬華區,萬大,2,358,3,道路用地(公共設施用地)
萬華區,萬大,2,358,4,道路用地(公共設施用地)
萬華區,萬大,2,359,0,第三種住宅區
萬華區,萬大,2,360,0,第三種住宅區
萬華區,萬大,2,361,0,第三種住宅區
萬華區,萬大,2,362,0,第三種住宅區
萬華區,萬大,2,363,0,第三種住宅區
萬華區,萬大,2,364,0,第三種住宅區
萬華區,萬大,2,365,0,道路用地(公共設施用地)
萬華區,萬大,2,366,0,道路用地(公共設施用地)
萬華區,萬大,2,367,0,道路用地(公共設施用地)
萬華區,萬大,2,368,0,道路用地(公共設施用地)
萬華區,萬大,2,369,0,道路用地(公共設施用地)
萬華區,萬大,2,370,0,道路用地(公共設施用地)
萬華區,萬大,2,371,0,道路用地(公共設施用地)
萬華區,萬大,2,372,0,第三種住宅區
萬華區,萬大,2,373,0,第三種住宅區
萬華區,萬大,2,374,0,第三種住宅區
萬華區,萬大,2,375,0,第三種住宅區
萬華區,萬大,2,376,0,第三種住宅區
萬華區,萬大,2,377,0,第三種住宅區
萬華區,萬大,2,381,0,第三種住宅區
萬華區,萬大,2,382,0,第三種住宅區
萬華區,萬大,2,383,0,第三種住宅區
萬華區,萬大,2,384,0,第三種住宅區
萬華區,萬大,2,385,0,第三種住宅區
萬華區,萬大,2,386,0,第三種住宅區
萬華區,萬大,2,387,0,第三種住宅區
萬華區,萬大,2,388,0,第三種住宅區
萬華區,萬大,2,389,0,第三種住宅區
萬華區,萬大,2,390,0,第三種住宅區
萬華區,萬大,2,391,0,第三種住宅區
萬華區,萬大,2,392,0,第三種住宅區
萬華區,萬大,2,393,0,第三種住宅區
萬華區,萬大,2,394,0,第三種住宅區
萬華區,萬大,2,395,0,第三種住宅區
萬華區,萬大,2,396,0,第三種住宅區
萬華區,萬大,2,397,0,第三種住宅區
萬華區,萬大,2,398,0,第三種住宅區
萬華區,萬大,2,399,0,第三種住宅區
萬華區,萬大,2,400,0,第三種住宅區
萬華區,萬大,2,401,0,第三種住宅區
萬華區,萬大,2,402,0,"道路用地(公共設施用地),但是否在第三種住宅區(應依建築線或俟地籍測量分割後,再確定)"
萬華區,萬大,2,403,0,"道路用地(公共設施用地),但是否在第三種住宅區(應依建築線或俟地籍測量分割後,再確定)"
萬華區,萬大,2,404,0,第三種住宅區
萬華區,萬大,2,404,1,道路用地(公共設施用地)
萬華區,萬大,2,405,0,第三種住宅區
萬華區,萬大,2,405,1,道路用地(公共設施用地)
萬華區,萬大,2,406,0,第三種住宅區
萬華區,萬大,2,406,1,道路用地(公共設施用地)
萬華區,萬大,2,407,0,第三種住宅區
萬華區,萬大,2,407,1,道路用地(公共設施用地)
萬華區,萬大,2,408,0,第三種住宅區
萬華區,萬大,2,408,1,道路用地(公共設施用地)
萬華區,萬大,2,409,0,第三種住宅區
萬華區,萬大,2,410,0,第三種住宅區
萬華區,萬大,2,411,0,第三種住宅區
萬華區,萬大,2,412,0,第三種住宅區
萬華區,萬大,2,413,0,第三種住宅區
萬華區,萬大,2,414,0,道路用地(公共設施用地)
萬華區,萬大,2,415,0,道路用地(公共設施用地)
萬華區,萬大,2,415,1,"第參種商業區(依都市計畫說明書圖規定辦理,始得作第參種商業區使用)(原屬第壹種商業區)及道路用地(公共設施用地)(應依建築線或俟地籍測量分割後,再確定)"
萬華區,萬大,2,415,2,第三種住宅區
萬華區,萬大,2,415,3,道路用地(公共設施用地)
萬華區,萬大,2,415,4,第三種住宅區
萬華區,萬大,2,415,5,第三種住宅區
萬華區,萬大,2,416,0,道路用地(公共設施用地)
萬華區,萬大,2,417,0,第三種住宅區
萬華區,萬大,2,417,1,第三種住宅區
萬華區,萬大,2,417,2,第三種住宅區
萬華區,萬大,2,417,3,第三種住宅區
萬華區,萬大,2,417,4,第三種住宅區
萬華區,萬大,2,417,5,第三種住宅區
萬華區,萬大,2,417,6,第三種住宅區
萬華區,萬大,2,417,7,第三種住宅區
萬華區,萬大,2,417,8,第三種住宅區
萬華區,萬大,2,418,0,第三種住宅區
萬華區,萬大,2,418,1,道路用地(公共設施用地)
萬華區,萬大,2,418,2,第三種住宅區
萬華區,萬大,2,418,3,第三種住宅區
萬華區,萬大,2,418,4,第三種住宅區
萬華區,萬大,2,418,5,第三種住宅區
萬華區,萬大,2,418,6,第三種住宅區
萬華區,萬大,2,418,7,第三種住宅區
萬華區,萬大,2,418,8,第三種住宅區
萬華區,萬大,2,419,0,道路用地(公共設施用地)
萬華區,萬大,2,420,0,道路用地(公共設施用地)
萬華區,萬大,2,421,0,道路用地(公共設施用地)
萬華區,萬大,2,422,0,道路用地(公共設施用地)
萬華區,萬大,2,422,1,道路用地(公共設施用地)
萬華區,萬大,2,422,2,道路用地(公共設施用地)
萬華區,萬大,2,423,0,道路用地(公共設施用地)
萬華區,萬大,2,424,0,道路用地(公共設施用地)
萬華區,萬大,2,425,0,國小用地(公共設施用地)
萬華區,萬大,2,425,1,道路用地(公共設施用地)
萬華區,萬大,2,428,0,道路用地(公共設施用地)
萬華區,萬大,2,428,1,道路用地(公共設施用地)
萬華區,萬大,2,428,2,道路用地(公共設施用地)
萬華區,萬大,2,429,0,道路用地(公共設施用地)
萬華區,萬大,2,430,0,道路用地(公共設施用地)
萬華區,萬大,2,431,0,道路用地(公共設施用地)
萬華區,萬大,2,432,0,道路用地(公共設施用地)
萬華區,萬大,2,433,0,道路用地(公共設施用地)
萬華區,萬大,2,437,1,道路用地(公共設施用地)
萬華區,萬大,2,438,1,道路用地(公共設施用地)
萬華區,萬大,2,440,0,道路用地(公共設施用地)
萬華區,萬大,2,441,0,第三種住宅區
萬華區,萬大,2,442,0,第三種住宅區
萬華區,萬大,2,442,1,第三種住宅區
萬華區,萬大,2,442,2,第三種住宅區
萬華區,萬大,2,442,3,第三種住宅區
萬華區,萬大,2,442,4,道路用地(公共設施用地)
萬華區,萬大,2,443,0,第三種住宅區
萬華區,萬大,2,443,1,第三種住宅區
萬華區,萬大,2,443,2,第三種住宅區
萬華區,萬大,2,443,3,第三種住宅區
萬華區,萬大,2,443,4,第三種住宅區
萬華區,萬大,2,443,5,第三種住宅區
萬華區,萬大,2,443,6,道路用地(公共設施用地)
萬華區,萬大,2,444,0,道路用地(公共設施用地)
萬華區,萬大,2,445,0,第三種住宅區
萬華區,萬大,2,445,1,第三種住宅區
萬華區,萬大,2,445,2,第三種住宅區
萬華區,萬大,2,445,3,第三種住宅區
萬華區,萬大,2,445,4,第三種住宅區
萬華區,萬大,2,445,5,道路用地(公共設施用地)
萬華區,萬大,2,446,0,"第三種住宅區,但是否在道路用地(公共設施用地)(應依建築線或俟地籍測量分割後,再確定)"
萬華區,萬大,2,447,0,第三種住宅區
萬華區,萬大,2,448,0,第三種住宅區
萬華區,萬大,2,449,0,第三種住宅區
萬華區,萬大,2,450,0,第三種住宅區
萬華區,萬大,2,451,0,第三種住宅區
萬華區,萬大,2,452,0,第三種住宅區
萬華區,萬大,2,453,0,第三種住宅區
萬華區,萬大,2,453,1,第三種住宅區
萬華區,萬大,2,453,2,第三種住宅區
萬華區,萬大,2,453,3,第三種住宅區
萬華區,萬大,2,453,4,第三種住宅區
萬華區,萬大,2,454,0,第三種住宅區
萬華區,萬大,2,455,0,第三種住宅區
萬華區,萬大,2,456,0,第三種住宅區
萬華區,萬大,2,456,1,道路用地(公共設施用地)
萬華區,萬大,2,457,0,道路用地(公共設施用地)
萬華區,萬大,2,458,0,第三種住宅區
萬華區,萬大,2,458,1,第三種住宅區
萬華區,萬大,2,458,2,道路用地(公共設施用地)
萬華區,萬大,2,462,0,第三種住宅區
萬華區,萬大,2,462,1,第三種住宅區
萬華區,萬大,2,462,2,第三種住宅區
萬華區,萬大,2,462,3,第三種住宅區
萬華區,萬大,2,462,4,第三種住宅區
萬華區,萬大,2,462,5,第三種住宅區
萬華區,萬大,2,462,6,第三種住宅區
萬華區,萬大,2,462,7,第三種住宅區
萬華區,萬大,2,462,8,第三種住宅區
萬華區,萬大,2,462,9,第三種住宅區
萬華區,萬大,2,462,10,道路用地(公共設施用地)
萬華區,萬大,2,462,11,第三種住宅區
萬華區,萬大,2,463,0,第三種住宅區
萬華區,萬大,2,464,0,"第三種住宅區,但是否在道路用地(公共設施用地)(應依建築線或俟地籍測量分割後,再確定)"
萬華區,萬大,2,464,1,道路用地(公共設施用地)
萬華區,萬大,2,464,2,道路用地(公共設施用地)
萬華區,萬大,2,465,0,道路用地(公共設施用地)
萬華區,萬大,2,465,1,道路用地(公共設施用地)
萬華區,萬大,2,466,1,道路用地(公共設施用地)
萬華區,萬大,2,466,3,第三種住宅區
萬華區,萬大,2,467,0,道路用地(公共設施用地)
萬華區,萬大,2,467,1,道路用地(公共設施用地)
萬華區,萬大,2,496,1,道路用地(公共設施用地)
萬華區,萬大,2,496,2,道路用地(公共設施用地)
萬華區,萬大,2,498,1,道路用地(公共設施用地)
萬華區,萬大,2,499,1,道路用地(公共設施用地)
萬華區,萬大,2,502,1,道路用地(公共設施用地)
萬華區,萬大,2,503,1,道路用地(公共設施用地)
萬華區,萬大,2,507,1,道路用地(公共設施用地)
萬華區,萬大,2,508,1,道路用地(公共設施用地)
萬華區,萬大,2,513,1,道路用地(公共設施用地)
萬華區,萬大,2,514,0,道路用地(公共設施用地)
萬華區,萬大,2,515,0,"第參種商業區(依都市計畫說明書圖規定辦理,始得作第參種商業區使用)(原屬第壹種商業區)"
萬華區,萬大,2,518,0,"第參種商業區(依都市計畫說明書圖規定辦理,始得作第參種商業區使用)(原屬第壹種商業區)"
萬華區,萬大,2,518,1,"第參種商業區(依都市計畫說明書圖規定辦理,始得作第參種商業區使用)(原屬第壹種商業區)"
萬華區,萬大,2,519,0,"第參種商業區(依都市計畫說明書圖規定辦理,始得作第參種商業區使用)(原屬第壹種商業區)"
萬華區,萬大,2,520,0,"第參種商業區(依都市計畫說明書圖規定辦理,始得作第參種商業區使用)(原屬第壹種商業區)"
萬華區,萬大,2,521,0,"第參種商業區(依都市計畫說明書圖規定辦理,始得作第參種商業區使用)(原屬第壹種商業區)"
萬華區,萬大,2,522,0,"第參種商業區(依都市計畫說明書圖規定辦理,始得作第參種商業區使用)(原屬第壹種商業區)"
萬華區,萬大,2,523,0,"第參種商業區(依都市計畫說明書圖規定辦理,始得作第參種商業區使用)(原屬第壹種商業區)"
萬華區,萬大,2,524,0,"第參種商業區(依都市計畫說明書圖規定辦理,始得作第參種商業區使用)(原屬第壹種商業區)"
萬華區,萬大,2,524,3,"第參種商業區(依都市計畫說明書圖規定辦理,始得作第參種商業區使用)(原屬第壹種商業區)"
萬華區,萬大,2,525,0,"第參種商業區(依都市計畫說明書圖規定辦理,始得作第參種商業區使用)(原屬第壹種商業區)"
萬華區,萬大,2,526,0,"第參種商業區(依都市計畫說明書圖規定辦理,始得作第參種商業區使用)(原屬第壹種商業區)"
萬華區,萬大,2,527,0,道路用地(公共設施用地)
萬華區,萬大,2,528,0,"道路用地(公共設施用地),但是否在第參種商業區(依都市計畫說明書圖規定辦理,始得作第參種商業區使用)(原屬第壹種商業區)"
萬華區,萬大,2,529,0,"第參種商業區(依都市計畫說明書圖規定辦理,始得作第參種商業區使用)(原屬第壹種商業區)"
萬華區,萬大,2,530,0,道路用地(公共設施用地)
萬華區,萬大,2,531,0,"第參種商業區(依都市計畫說明書圖規定辦理,始得作第參種商業區使用)(原屬第壹種商業區)"
萬華區,萬大,2,532,0,"第參種商業區(依都市計畫說明書圖規定辦理,始得作第參種商業區使用)(原屬第壹種商業區)"
萬華區,萬大,2,533,0,"第參種商業區(依都市計畫說明書圖規定辦理,始得作第參種商業區使用)(原屬第壹種商業區)"
萬華區,萬大,2,533,1,"第參種商業區(依都市計畫說明書圖規定辦理,始得作第參種商業區使用)(原屬第壹種商業區)"
萬華區,萬大,2,534,0,"第參種商業區(依都市計畫說明書圖規定辦理,始得作第參種商業區使用)(原屬第壹種商業區)"
萬華區,萬大,2,535,0,"第參種商業區(依都市計畫說明書圖規定辦理,始得作第參種商業區使用)(原屬第壹種商業區)"
萬華區,萬大,2,536,0,"第參種商業區(依都市計畫說明書圖規定辦理,始得作第參種商業區使用)(原屬第壹種商業區)"
萬華區,萬大,2,540,1,道路用地(公共設施用地)
萬華區,萬大,2,540,2,"第參種商業區(依都市計畫說明書圖規定辦理,始得作第參種商業區使用)(原屬第壹種商業區)"
萬華區,萬大,2,540,3,"第參種商業區(依都市計畫說明書圖規定辦理,始得作第參種商業區使用)(原屬第壹種商業區)"
萬華區,萬大,2,540,4,"第參種商業區(依都市計畫說明書圖規定辦理,始得作第參種商業區使用)(原屬第壹種商業區)"
萬華區,萬大,2,540,5,"第參種商業區(依都市計畫說明書圖規定辦理,始得作第參種商業區使用)(原屬第壹種商業區)"
萬華區,萬大,2,540,7,"第參種商業區(依都市計畫說明書圖規定辦理,始得作第參種商業區使用)(原屬第壹種商業區)"
萬華區,萬大,2,540,8,"第參種商業區(依都市計畫說明書圖規定辦理,始得作第參種商業區使用)(原屬第壹種商業區)"
萬華區,萬大,2,540,9,"第參種商業區(依都市計畫說明書圖規定辦理,始得作第參種商業區使用)(原屬第壹種商業區)"
萬華區,萬大,2,540,10,"第參種商業區(依都市計畫說明書圖規定辦理,始得作第參種商業區使用)(原屬第壹種商業區)"
萬華區,萬大,2,540,11,"第參種商業區(依都市計畫說明書圖規定辦理,始得作第參種商業區使用)(原屬第壹種商業區)"
萬華區,萬大,2,542,0,"第參種商業區(依都市計畫說明書圖規定辦理,始得作第參種商業區使用)(原屬第壹種商業區)"
萬華區,萬大,2,543,0,"第參種商業區(依都市計畫說明書圖規定辦理,始得作第參種商業區使用)(原屬第壹種商業區)"
萬華區,萬大,2,544,0,"第參種商業區(依都市計畫說明書圖規定辦理,始得作第參種商業區使用)(原屬第壹種商業區)"
萬華區,萬大,2,545,0,"第參種商業區(依都市計畫說明書圖規定辦理,始得作第參種商業區使用)(原屬第壹種商業區)"
萬華區,萬大,2,546,0,"第參種商業區(依都市計畫說明書圖規定辦理,始得作第參種商業區使用)(原屬第壹種商業區)"
萬華區,萬大,2,546,1,道路用地(公共設施用地)
萬華區,萬大,2,547,0,"第參種商業區(依都市計畫說明書圖規定辦理,始得作第參種商業區使用)(原屬第壹種商業區)"
萬華區,萬大,2,547,1,道路用地(公共設施用地)
萬華區,萬大,2,548,0,道路用地(公共設施用地)
萬華區,萬大,2,548,1,道路用地(公共設施用地)
萬華區,萬大,2,549,0,國小用地(公共設施用地)
萬華區,萬大,2,549,1,道路用地(公共設施用地)
萬華區,萬大,2,550,0,機關用地(公共設施用地)
萬華區,萬大,2,551,0,機關用地(公共設施用地)
萬華區,萬大,2,552,0,道路用地(公共設施用地)
萬華區,萬大,2,553,0,道路用地(公共設施用地)
萬華區,萬大,2,554,0,道路用地(公共設施用地)
萬華區,萬大,2,555,0,道路用地(公共設施用地)
萬華區,萬大,2,555,1,道路用地(公共設施用地)
萬華區,萬大,2,556,0,道路用地(公共設施用地)
萬華區,萬大,2,557,0,道路用地(公共設施用地)
萬華區,萬大,2,558,0,道路用地(公共設施用地)
萬華區,萬大,2,559,0,道路用地(公共設施用地)
萬華區,萬大,2,560,0,道路用地(公共設施用地)
萬華區,萬大,2,561,0,道路用地(公共設施用地)
萬華區,萬大,2,562,0,道路用地(公共設施用地)
萬華區,萬大,2,563,0,第三種住宅區
萬華區,萬大,2,564,0,第三種住宅區
萬華區,萬大,2,565,0,道路用地(公共設施用地)
萬華區,萬大,2,566,0,道路用地(公共設施用地)
萬華區,萬大,2,567,0,第三種住宅區
萬華區,萬大,2,568,0,道路用地(公共設施用地)
萬華區,萬大,2,569,0,道路用地(公共設施用地)
萬華區,萬大,2,570,0,第三種住宅區
萬華區,萬大,2,570,1,第三種住宅區
萬華區,萬大,2,570,4,第三種住宅區
萬華區,萬大,2,570,5,第三種住宅區
萬華區,萬大,2,570,7,捷運系統用地(公共設施用地)
萬華區,萬大,2,570,8,捷運系統用地(公共設施用地)
萬華區,萬大,2,572,0,道路用地(公共設施用地)
萬華區,萬大,2,573,0,道路用地(公共設施用地)
萬華區,萬大,2,574,0,道路用地(公共設施用地)
萬華區,萬大,2,575,0,第三種住宅區
萬華區,萬大,2,576,1,第三種住宅區
萬華區,萬大,2,577,0,第三種住宅區
萬華區,萬大,2,578,0,第三種住宅區
萬華區,萬大,2,579,0,第三種住宅區
萬華區,萬大,2,580,0,第三種住宅區
萬華區,萬大,2,581,0,第三種住宅區
萬華區,萬大,2,582,0,第三種住宅區
萬華區,萬大,2,583,0,第三種住宅區
萬華區,萬大,2,584,0,第三種住宅區
萬華區,萬大,2,585,0,第三種住宅區
萬華區,萬大,2,586,0,第三種住宅區
萬華區,萬大,2,587,0,第三種住宅區
萬華區,萬大,2,588,0,第三種住宅區
萬華區,萬大,2,589,0,第三種住宅區
萬華區,萬大,2,590,0,第三種住宅區
萬華區,萬大,2,591,0,第三種住宅區
萬華區,萬大,2,592,0,第三種住宅區
萬華區,萬大,2,593,0,道路用地(公共設施用地)
萬華區,萬大,2,594,0,第三種住宅區
萬華區,萬大,2,595,0,第三種住宅區
萬華區,萬大,2,596,0,道路用地(公共設施用地)
萬華區,萬大,2,597,0,道路用地(公共設施用地)
萬華區,萬大,2,598,0,道路用地(公共設施用地)
萬華區,萬大,2,599,0,道路用地(公共設施用地)
萬華區,萬大,2,600,0,道路用地(公共設施用地)
萬華區,萬大,2,601,0,道路用地(公共設施用地)
萬華區,萬大,2,602,0,"第參種商業區(依都市計畫說明書圖規定辦理,始得作第參種商業區使用)(原屬第壹種商業區)"
萬華區,萬華,1,1,0,道路用地(公共設施用地)
萬華區,萬華,1,2,0,道路用地(公共設施用地)
萬華區,萬華,1,2,1,道路用地(公共設施用地)
萬華區,萬華,1,3,0,道路用地(公共設施用地)
萬華區,萬華,1,4,0,第三種商業區
萬華區,萬華,1,5,0,第三種商業區
萬華區,萬華,1,6,0,第三種商業區
萬華區,萬華,1,7,0,第三種商業區
萬華區,萬華,1,8,0,第三種商業區
萬華區,萬華,1,9,0,第三種商業區
萬華區,萬華,1,10,0,第三種商業區
萬華區,萬華,1,11,0,第三種商業區
萬華區,萬華,1,12,0,第三種商業區
萬華區,萬華,1,13,0,第三種商業區
萬華區,萬華,1,14,0,第三種商業區
萬華區,萬華,1,15,0,第三種商業區
萬華區,萬華,1,15,1,道路用地(公共設施用地)
萬華區,萬華,1,16,0,道路用地(公共設施用地)
萬華區,萬華,1,17,0,第三種商業區
萬華區,萬華,1,18,0,第三種商業區
萬華區,萬華,1,19,0,第三種商業區
萬華區,萬華,1,22,0,道路用地(公共設施用地)
萬華區,萬華,1,22,1,第三種商業區
萬華區,萬華,1,26,1,道路用地(公共設施用地)
萬華區,萬華,1,29,0,道路用地(公共設施用地)
萬華區,萬華,1,30,1,道路用地(公共設施用地)
萬華區,萬華,1,31,0,道路用地(公共設施用地)
萬華區,萬華,1,32,0,道路用地(公共設施用地)
萬華區,萬華,1,34,0,道路用地(公共設施用地)
萬華區,萬華,1,35,0,道路用地(公共設施用地)
萬華區,萬華,1,36,0,道路用地(公共設施用地)
萬華區,萬華,1,37,0,第三種商業區
萬華區,萬華,1,39,0,道路用地(公共設施用地)
萬華區,萬華,1,40,0,道路用地(公共設施用地)
萬華區,萬華,1,43,0,道路用地(公共設施用地)
萬華區,萬華,1,44,0,第三種商業區
萬華區,萬華,1,45,0,道路用地(公共設施用地)
萬華區,萬華,1,46,0,"第參種商業區(依都市計畫說明書圖規定辦理,始得作第參種商業區使用)(原屬第參之壹種住宅區)"
萬華區,萬華,1,46,1,道路用地(公共設施用地)
萬華區,萬華,1,47,2,"第參種商業區(依都市計畫說明書圖規定辦理,始得作第參種商業區使用)(原屬第參之壹種住宅區)"
萬華區,萬華,1,47,3,"第參種商業區(依都市計畫說明書圖規定辦理,始得作第參種商業區使用)(原屬第參之壹種住宅區)"
萬華區,萬華,1,47,5,"第參種商業區(依都市計畫說明書圖規定辦理,始得作第參種商業區使用)(原屬第參之壹種住宅區)"
萬華區,萬華,1,48,0,"第參種商業區(依都市計畫說明書圖規定辦理,始得作第參種商業區使用)(原屬第參之壹種住宅區)"
萬華區,萬華,1,49,0,"第參種商業區(依都市計畫說明書圖規定辦理,始得作第參種商業區使用)(原屬第參之壹種住宅區)"
萬華區,萬華,1,50,0,"第參種商業區(依都市計畫說明書圖規定辦理,始得作第參種商業區使用)(原屬第參之壹種住宅區)"
萬華區,萬華,1,51,0,"第參種商業區(依都市計畫說明書圖規定辦理,始得作第參種商業區使用)(原屬第參之壹種住宅區)"
萬華區,萬華,1,52,0,"第參種商業區(依都市計畫說明書圖規定辦理,始得作第參種商業區使用)(原屬第參之壹種住宅區)"
萬華區,萬華,1,53,0,"第參種商業區(依都市計畫說明書圖規定辦理,始得作第參種商業區使用)(原屬第參之壹種住宅區)"
萬華區,萬華,1,53,1,道路用地(公共設施用地)
萬華區,萬華,1,54,0,"第參種商業區(依都市計畫說明書圖規定辦理,始得作第參種商業區使用)(原屬第參之壹種住宅區)"
萬華區,萬華,1,54,1,道路用地(公共設施用地)
萬華區,萬華,1,55,0,"第參種商業區(依都市計畫說明書圖規定辦理,始得作第參種商業區使用)(原屬第參之壹種住宅區)"
萬華區,萬華,1,56,0,"第參種商業區(依都市計畫說明書圖規定辦理,始得作第參種商業區使用)(原屬第參之壹種住宅區)"
萬華區,萬華,1,57,0,"第參種商業區(依都市計畫說明書圖規定辦理,始得作第參種商業區使用)(原屬第參之壹種住宅區)"
萬華區,萬華,1,58,0,"第參種商業區(依都市計畫說明書圖規定辦理,始得作第參種商業區使用)(原屬第參之壹種住宅區)"
萬華區,萬華,1,59,0,"第參種商業區(依都市計畫說明書圖規定辦理,始得作第參種商業區使用)(原屬第參之壹種住宅區)"
萬華區,萬華,1,60,0,"第參種商業區(依都市計畫說明書圖規定辦理,始得作第參種商業區使用)(原屬第參種住宅區及第參之壹種住宅區)"
萬華區,萬華,1,60,1,"第參種商業區(依都市計畫說明書圖規定辦理,始得作第參種商業區使用)(原屬第參之壹種住宅區)"
萬華區,萬華,1,61,0,"第參種商業區(依都市計畫說明書圖規定辦理,始得作第參種商業區使用)(原屬第參之壹種住宅區)"
萬華區,萬華,1,61,1,"第參種商業區(依都市計畫說明書圖規定辦理,始得作第參種商業區使用)(原屬第參種住宅區)"
萬華區,萬華,1,62,0,"第參種商業區(依都市計畫說明書圖規定辦理,始得作第參種商業區使用)(原屬第參之壹種住宅區)"
萬華區,萬華,1,63,0,"第參種商業區(依都市計畫說明書圖規定辦理,始得作第參種商業區使用)(原屬第參之壹種住宅區)"
萬華區,萬華,1,63,1,"第參種商業區(依都市計畫說明書圖規定辦理,始得作第參種商業區使用)(原屬第參種住宅區)"
萬華區,萬華,1,64,0,"第參種商業區(依都市計畫說明書圖規定辦理,始得作第參種商業區使用)(原屬第參之壹種住宅區)"
萬華區,萬華,1,65,0,"第參種商業區(依都市計畫說明書圖規定辦理,始得作第參種商業區使用)(原屬第參之壹種住宅區)"
萬華區,萬華,1,66,0,"第參種商業區(依都市計畫說明書圖規定辦理,始得作第參種商業區使用)(原屬第參種住宅區)"
萬華區,萬華,1,66,1,"第參種商業區(依都市計畫說明書圖規定辦理,始得作第參種商業區使用)(原屬第參之壹種住宅區)"
萬華區,萬華,1,67,0,"第參種商業區(依都市計畫說明書圖規定辦理,始得作第參種商業區使用)(原屬第參種住宅區)"
萬華區,萬華,1,67,1,"第參種商業區(依都市計畫說明書圖規定辦理,始得作第參種商業區使用)(原屬第參之壹種住宅區)"
萬華區,萬華,1,68,0,"第參種商業區(依都市計畫說明書圖規定辦理,始得作第參種商業區使用)(原屬第參之壹種住宅區)"
萬華區,萬華,1,68,1,"第參種商業區(依都市計畫說明書圖規定辦理,始得作第參種商業區使用)(原屬第參種住宅區)"
萬華區,萬華,1,69,0,"第參種商業區(依都市計畫說明書圖規定辦理,始得作第參種商業區使用)(原屬第參之壹種住宅區)"
萬華區,萬華,1,69,1,鐵路用地(公共設施用地)
萬華區,萬華,1,69,2,道路用地(公共設施用地)
萬華區,萬華,1,69,3,"第參種商業區(依都市計畫說明書圖規定辦理,始得作第參種商業區使用)(原屬第參種住宅區)"
萬華區,萬華,1,69,4,道路用地(公共設施用地)
萬華區,萬華,1,70,0,鐵路用地(公共設施用地)
萬華區,萬華,1,70,1,道路用地(公共設施用地)
萬華區,萬華,1,70,2,鐵路用地(公共設施用地)
萬華區,萬華,1,70,3,道路用地(公共設施用地)
萬華區,萬華,1,71,0,鐵路用地(公共設施用地)
萬華區,萬華,1,71,1,鐵路用地(公共設施用地)
萬華區,萬華,1,71,2,道路用地(公共設施用地)
萬華區,萬華,1,71,3,道路用地(公共設施用地)
萬華區,萬華,1,72,0,鐵路用地(公共設施用地)
萬華區,萬華,1,72,1,鐵路用地(公共設施用地)
萬華區,萬華,1,72,2,道路用地(公共設施用地)
萬華區,萬華,1,73,0,道路用地(公共設施用地)
萬華區,萬華,1,73,1,道路用地(公共設施用地)
萬華區,萬華,1,74,0,鐵路用地(公共設施用地)
萬華區,萬華,1,74,1,鐵路用地(公共設施用地)
萬華區,萬華,1,75,0,"第參種商業區(依都市計畫說明書圖規定辦理,始得作第參種商業區使用)(原屬第參種住宅區)"
萬華區,萬華,1,75,1,鐵路用地(公共設施用地)
萬華區,萬華,1,76,0,"第參種商業區(依都市計畫說明書圖規定辦理,始得作第參種商業區使用)(原屬第參種住宅區)"
萬華區,萬華,1,76,1,鐵路用地(公共設施用地)
萬華區,萬華,1,77,0,"第參種商業區(依都市計畫說明書圖規定辦理,始得作第參種商業區使用)(原屬第參種住宅區)"
萬華區,萬華,1,78,0,"第參種商業區(依都市計畫說明書圖規定辦理,始得作第參種商業區使用)(原屬第參種住宅區)"
萬華區,萬華,1,78,1,鐵路用地(公共設施用地)
萬華區,萬華,1,79,0,"第參種商業區(依都市計畫說明書圖規定辦理,始得作第參種商業區使用)(原屬第參種住宅區)"
萬華區,萬華,1,79,1,"第參種商業區(依都市計畫說明書圖規定辦理,始得作第參種商業區使用)(原屬第參種住宅區)"
萬華區,萬華,1,80,0,"第參種商業區(依都市計畫說明書圖規定辦理,始得作第參種商業區使用)(原屬第參種住宅區)"
萬華區,萬華,1,80,1,"第參種商業區(依都市計畫說明書圖規定辦理,始得作第參種商業區使用)(原屬第參種住宅區)"
萬華區,萬華,1,81,0,"第參種商業區(依都市計畫說明書圖規定辦理,始得作第參種商業區使用)(原屬第參種住宅區)"
萬華區,萬華,1,82,0,"第參種商業區(依都市計畫說明書圖規定辦理,始得作第參種商業區使用)(原屬第參種住宅區)"
萬華區,萬華,1,83,0,"第參種商業區(依都市計畫說明書圖規定辦理,始得作第參種商業區使用)(原屬第參種住宅區)"
萬華區,萬華,1,84,0,"第參種商業區(依都市計畫說明書圖規定辦理,始得作第參種商業區使用)(原屬第參種住宅區)"
萬華區,萬華,1,85,0,"第參種商業區(依都市計畫說明書圖規定辦理,始得作第參種商業區使用)(原屬第參種住宅區)"
萬華區,萬華,1,86,0,"第參種商業區(依都市計畫說明書圖規定辦理,始得作第參種商業區使用)(原屬第參種住宅區)"
萬華區,萬華,1,86,1,"第參種商業區(依都市計畫說明書圖規定辦理,始得作第參種商業區使用)(原屬第參之壹種住宅區)"
萬華區,萬華,1,87,0,"第參種商業區(依都市計畫說明書圖規定辦理,始得作第參種商業區使用)(原屬第參種住宅區)"
萬華區,萬華,1,87,1,"第參種商業區(依都市計畫說明書圖規定辦理,始得作第參種商業區使用)(原屬第參之壹種住宅區)"
萬華區,萬華,1,88,0,"第參種商業區(依都市計畫說明書圖規定辦理,始得作第參種商業區使用)(原屬第參之壹種住宅區)"
萬華區,萬華,1,88,1,"第參種商業區(依都市計畫說明書圖規定辦理,始得作第參種商業區使用)(原屬第參種住宅區)"
萬華區,萬華,1,89,0,"第參種商業區(依都市計畫說明書圖規定辦理,始得作第參種商業區使用)(原屬第參之壹種住宅區)"
萬華區,萬華,1,89,1,"第參種商業區(依都市計畫說明書圖規定辦理,始得作第參種商業區使用)(原屬第參種住宅區)"
萬華區,萬華,1,90,0,"第參種商業區(依都市計畫說明書圖規定辦理,始得作第參種商業區使用)(原屬第參之壹種住宅區)"
萬華區,萬華,1,90,1,"第參種商業區(依都市計畫說明書圖規定辦理,始得作第參種商業區使用)(原屬第參種住宅區)"
萬華區,萬華,1,90,2,道路用地(公共設施用地)
萬華區,萬華,1,91,0,"第參種商業區(依都市計畫說明書圖規定辦理,始得作第參種商業區使用)(原屬第參種住宅區)"
萬華區,萬華,1,91,1,"第參種商業區(依都市計畫說明書圖規定辦理,始得作第參種商業區使用)(原屬第參之壹種住宅區)"
萬華區,萬華,1,91,2,道路用地(公共設施用地)
萬華區,萬華,1,91,3,道路用地(公共設施用地)
萬華區,萬華,1,92,0,"第參種商業區(依都市計畫說明書圖規定辦理,始得作第參種商業區使用)(原屬第參種住宅區)"
萬華區,萬華,1,93,0,"第參種商業區(依都市計畫說明書圖規定辦理,始得作第參種商業區使用)(原屬第參種住宅區)"
萬華區,萬華,1,94,0,"第參種商業區(依都市計畫說明書圖規定辦理,始得作第參種商業區使用)(原屬第參種住宅區)"
萬華區,萬華,1,95,0,"第參種商業區(依都市計畫說明書圖規定辦理,始得作第參種商業區使用)(原屬第參種住宅區)"
萬華區,萬華,1,96,0,"第參種商業區(依都市計畫說明書圖規定辦理,始得作第參種商業區使用)(原屬第參種住宅區)"
萬華區,萬華,1,97,0,"第參種商業區(依都市計畫說明書圖規定辦理,始得作第參種商業區使用)(原屬第參種住宅區)"
萬華區,萬華,1,98,0,"第參種商業區(依都市計畫說明書圖規定辦理,始得作第參種商業區使用)(原屬第參種住宅區)"
萬華區,萬華,1,98,1,道路用地(公共設施用地)
萬華區,萬華,1,99,0,道路用地(公共設施用地)
萬華區,萬華,1,100,0,道路用地(公共設施用地)
萬華區,萬華,1,100,1,道路用地(公共設施用地)
萬華區,萬華,1,100,2,道路用地(公共設施用地)
萬華區,萬華,1,101,0,道路用地(公共設施用地)
萬華區,萬華,1,102,0,道路用地(公共設施用地)
萬華區,萬華,1,103,0,"第參種商業區(依都市計畫說明書圖規定辦理,始得作第參種商業區使用)(原屬第參種住宅區)"
萬華區,萬華,1,104,0,"第參種商業區(依都市計畫說明書圖規定辦理,始得作第參種商業區使用)(原屬第參種住宅區)"
萬華區,萬華,1,104,1,"第參種商業區(依都市計畫說明書圖規定辦理,始得作第參種商業區使用)(原屬第參之壹種住宅區)"
萬華區,萬華,1,105,0,"第參種商業區(依都市計畫說明書圖規定辦理,始得作第參種商業區使用)(原屬第參之壹種住宅區)"
萬華區,萬華,1,105,1,"第參種商業區(依都市計畫說明書圖規定辦理,始得作第參種商業區使用)(原屬第參種住宅區)"
萬華區,萬華,1,106,0,"第參種商業區(依都市計畫說明書圖規定辦理,始得作第參種商業區使用)(原屬第參種住宅區)"
萬華區,萬華,1,107,0,"第參種商業區(依都市計畫說明書圖規定辦理,始得作第參種商業區使用)(原屬第參種住宅區)"
萬華區,萬華,1,107,1,"第參種商業區(依都市計畫說明書圖規定辦理,始得作第參種商業區使用)(原屬第參之壹種住宅區)"
萬華區,萬華,1,108,0,"第參種商業區(依都市計畫說明書圖規定辦理,始得作第參種商業區使用)(原屬第參之壹種住宅區)"
萬華區,萬華,1,108,1,"第參種商業區(依都市計畫說明書圖規定辦理,始得作第參種商業區使用)(原屬第參種住宅區)"
萬華區,萬華,1,109,0,"第參種商業區(依都市計畫說明書圖規定辦理,始得作第參種商業區使用)(原屬第參之壹種住宅區)"
萬華區,萬華,1,109,1,道路用地(公共設施用地)
萬華區,萬華,1,110,0,"第參種商業區(依都市計畫說明書圖規定辦理,始得作第參種商業區使用)(原屬第參之壹種住宅區)"
萬華區,萬華,1,111,0,"第參種商業區(依都市計畫說明書圖規定辦理,始得作第參種商業區使用)(原屬第參之壹種住宅區)"
萬華區,萬華,1,111,1,"第參種商業區(依都市計畫說明書圖規定辦理,始得作第參種商業區使用)(原屬第參種住宅區)"
萬華區,萬華,1,112,0,"第參種商業區(依都市計畫說明書圖規定辦理,始得作第參種商業區使用)(原屬第參之壹種住宅區)"
萬華區,萬華,1,113,0,"第參種商業區(依都市計畫說明書圖規定辦理,始得作第參種商業區使用)(原屬第參之壹種住宅區)"
萬華區,萬華,1,114,0,"第參種商業區(依都市計畫說明書圖規定辦理,始得作第參種商業區使用)(原屬第參之壹種住宅區)"
萬華區,萬華,1,115,0,"第參種商業區(依都市計畫說明書圖規定辦理,始得作第參種商業區使用)(原屬第參之壹種住宅區)"
萬華區,萬華,1,116,0,"第參種商業區(依都市計畫說明書圖規定辦理,始得作第參種商業區使用)(原屬第參之壹種住宅區)"
萬華區,萬華,1,117,0,"第參種商業區(依都市計畫說明書圖規定辦理,始得作第參種商業區使用)(原屬第參之壹種住宅區)"
萬華區,萬華,1,118,0,"第參種商業區(依都市計畫說明書圖規定辦理,始得作第參種商業區使用)(原屬第參之壹種住宅區)"
萬華區,萬華,1,119,0,"第參種商業區(依都市計畫說明書圖規定辦理,始得作第參種商業區使用)(原屬第參之壹種住宅區)"
萬華區,萬華,1,120,0,"第參種商業區(依都市計畫說明書圖規定辦理,始得作第參種商業區使用)(原屬第參之壹種住宅區)"
萬華區,萬華,1,121,0,"第參種商業區(依都市計畫說明書圖規定辦理,始得作第參種商業區使用)(原屬第參之壹種住宅區)"
萬華區,萬華,1,122,0,"第參種商業區(依都市計畫說明書圖規定辦理,始得作第參種商業區使用)(原屬第參之壹種住宅區)"
萬華區,萬華,1,123,0,"第參種商業區(依都市計畫說明書圖規定辦理,始得作第參種商業區使用)(原屬第參之壹種住宅區)"
萬華區,萬華,1,124,0,"第參種商業區(依都市計畫說明書圖規定辦理,始得作第參種商業區使用)(原屬第參之壹種住宅區)"
萬華區,萬華,1,126,1,"第參種商業區(依都市計畫說明書圖規定辦理,始得作第參種商業區使用)(原屬第參之壹種住宅區)"
萬華區,萬華,1,127,0,"第參種商業區(依都市計畫說明書圖規定辦理,始得作第參種商業區使用)(原屬第參之壹種住宅區)"
萬華區,萬華,1,128,0,"第參種商業區(依都市計畫說明書圖規定辦理,始得作第參種商業區使用)(原屬第參之壹種住宅區)"
萬華區,萬華,1,129,0,"第參種商業區(依都市計畫說明書圖規定辦理,始得作第參種商業區使用)(原屬第參之壹種住宅區)"
萬華區,萬華,1,130,0,"第參種商業區(依都市計畫說明書圖規定辦理,始得作第參種商業區使用)(原屬第參之壹種住宅區)"
萬華區,萬華,1,131,0,"第參種商業區(依都市計畫說明書圖規定辦理,始得作第參種商業區使用)(原屬第參之壹種住宅區)"
萬華區,萬華,1,132,0,"第參種商業區(依都市計畫說明書圖規定辦理,始得作第參種商業區使用)(原屬第參之壹種住宅區)"
萬華區,萬華,1,132,1,道路用地(公共設施用地)
萬華區,萬華,1,133,0,"第參種商業區(依都市計畫說明書圖規定辦理,始得作第參種商業區使用)(原屬第參之壹種住宅區)"
萬華區,萬華,1,133,1,道路用地(公共設施用地)
萬華區,萬華,1,134,0,道路用地(公共設施用地)
萬華區,萬華,1,135,0,道路用地(公共設施用地)
萬華區,萬華,1,136,0,道路用地(公共設施用地)
萬華區,萬華,1,137,0,道路用地(公共設施用地)
萬華區,萬華,1,138,0,道路用地(公共設施用地)
萬華區,萬華,1,139,0,道路用地(公共設施用地)
萬華區,萬華,1,140,0,道路用地(公共設施用地)
萬華區,萬華,1,141,0,道路用地(公共設施用地)
萬華區,萬華,1,142,0,道路用地(公共設施用地)
萬華區,萬華,1,143,0,第三種商業區
萬華區,萬華,1,144,0,第三種商業區
萬華區,萬華,1,145,0,第三種商業區
萬華區,萬華,1,146,0,道路用地(公共設施用地)
萬華區,萬華,1,147,0,道路用地(公共設施用地)
萬華區,萬華,1,148,0,"第參種商業區(依都市計畫說明書圖規定辦理,始得作第參種商業區使用)(原屬第參之壹種住宅區)"
萬華區,萬華,1,148,1,"第參種商業區(依都市計畫說明書圖規定辦理,始得作第參種商業區使用)(原屬第參之壹種住宅區)"
萬華區,萬華,1,149,0,"第參種商業區(依都市計畫說明書圖規定辦理,始得作第參種商業區使用)(原屬第參之壹種住宅區)"
萬華區,萬華,1,150,0,道路用地(公共設施用地)
萬華區,萬華,1,151,0,道路用地(公共設施用地)
萬華區,萬華,1,151,1,道路用地(公共設施用地)
萬華區,萬華,1,152,0,"第參種商業區(依都市計畫說明書圖規定辦理,始得作第參種商業區使用)(原屬第參之壹種住宅區)"
萬華區,萬華,1,152,1,"第參種商業區(依都市計畫說明書圖規定辦理,始得作第參種商業區使用)(原屬第參之壹種住宅區)"
萬華區,萬華,1,153,0,"第參種商業區(依都市計畫說明書圖規定辦理,始得作第參種商業區使用)(原屬第參之壹種住宅區)"
萬華區,萬華,1,154,0,"第參種商業區(依都市計畫說明書圖規定辦理,始得作第參種商業區使用)(原屬第參之壹種住宅區)"
萬華區,萬華,1,155,0,"第參種商業區(依都市計畫說明書圖規定辦理,始得作第參種商業區使用)(原屬第參之壹種住宅區)"
萬華區,萬華,1,156,0,"第參種商業區(依都市計畫說明書圖規定辦理,始得作第參種商業區使用)(原屬第參之壹種住宅區)"
萬華區,萬華,1,157,0,"第參種商業區(依都市計畫說明書圖規定辦理,始得作第參種商業區使用)(原屬第參之壹種住宅區)"
萬華區,萬華,1,158,0,"第參種商業區(依都市計畫說明書圖規定辦理,始得作第參種商業區使用)(原屬第參之壹種住宅區)"
萬華區,萬華,1,159,0,"第參種商業區(依都市計畫說明書圖規定辦理,始得作第參種商業區使用)(原屬第參之壹種住宅區)"
萬華區,萬華,1,159,1,道路用地(公共設施用地)
萬華區,萬華,1,160,0,"第參種商業區(依都市計畫說明書圖規定辦理,始得作第參種商業區使用)(原屬第參之壹種住宅區)"
萬華區,萬華,1,160,1,道路用地(公共設施用地)
萬華區,萬華,1,161,0,"第參種商業區(依都市計畫說明書圖規定辦理,始得作第參種商業區使用)(原屬第參之壹種住宅區)"
萬華區,萬華,1,162,0,"第參種商業區(依都市計畫說明書圖規定辦理,始得作第參種商業區使用)(原屬第參之壹種住宅區)"
萬華區,萬華,1,162,1,道路用地(公共設施用地)
萬華區,萬華,1,163,0,"第參種商業區(依都市計畫說明書圖規定辦理,始得作第參種商業區使用)(原屬第參之壹種住宅區)"
萬華區,萬華,1,163,1,道路用地(公共設施用地)
萬華區,萬華,1,164,0,"第參種商業區(依都市計畫說明書圖規定辦理,始得作第參種商業區使用)(原屬第參之壹種住宅區)"
萬華區,萬華,1,164,1,道路用地(公共設施用地)
萬華區,萬華,1,165,0,"第參種商業區(依都市計畫說明書圖規定辦理,始得作第參種商業區使用)(原屬第參之壹種住宅區)"
萬華區,萬華,1,165,1,道路用地(公共設施用地)
萬華區,萬華,1,166,0,道路用地(公共設施用地)
萬華區,萬華,1,167,0,道路用地(公共設施用地)
萬華區,萬華,1,168,0,道路用地(公共設施用地)
萬華區,萬華,1,169,0,道路用地(公共設施用地)
萬華區,萬華,1,170,0,第三種商業區
萬華區,萬華,1,171,0,第三種商業區
萬華區,萬華,1,172,0,第三種商業區
萬華區,萬華,1,177,0,第三種商業區
萬華區,萬華,1,178,0,第三種商業區
萬華區,萬華,1,179,0,第三種商業區
萬華區,萬華,1,180,0,第三種商業區
萬華區,萬華,1,181,0,第三種商業區
萬華區,萬華,1,182,0,第三種商業區
萬華區,萬華,1,183,0,第三種商業區
萬華區,萬華,1,184,0,第三種商業區
萬華區,萬華,1,184,1,第三種商業區
萬華區,萬華,1,185,0,第三種商業區
萬華區,萬華,1,185,1,第三種商業區
萬華區,萬華,1,186,0,第三種商業區
萬華區,萬華,1,187,0,第三種商業區
萬華區,萬華,1,188,0,第三種商業區
萬華區,萬華,1,189,0,第三種商業區
萬華區,萬華,1,190,0,第三種商業區
萬華區,萬華,1,192,0,道路用地(公共設施用地)
萬華區,萬華,1,193,0,道路用地(公共設施用地)
萬華區,萬華,1,194,0,第三種商業區
萬華區,萬華,1,194,1,道路用地(公共設施用地)
萬華區,萬華,1,195,0,第三種商業區
萬華區,萬華,1,196,0,第三種商業區
萬華區,萬華,1,197,0,第三種商業區
萬華區,萬華,1,198,0,第三種商業區
萬華區,萬華,1,199,0,第三種商業區
萬華區,萬華,1,200,0,第三種商業區
萬華區,萬華,1,201,0,第三種商業區
萬華區,萬華,1,202,0,第三種商業區
萬華區,萬華,1,203,0,第三種商業區
萬華區,萬華,1,204,0,第三種商業區
萬華區,萬華,1,204,1,第三種商業區
萬華區,萬華,1,205,0,第三種商業區
萬華區,萬華,1,206,0,第三種商業區
萬華區,萬華,1,207,0,第三種商業區
萬華區,萬華,1,207,1,道路用地(公共設施用地)
萬華區,萬華,1,208,0,第三種商業區
萬華區,萬華,1,209,0,第三種商業區
萬華區,萬華,1,210,0,第三種商業區
萬華區,萬華,1,210,1,第三種商業區
萬華區,萬華,1,211,0,第三種商業區
萬華區,萬華,1,211,1,道路用地(公共設施用地)
萬華區,萬華,1,211,2,第三種商業區
萬華區,萬華,1,211,3,第三種商業區
萬華區,萬華,1,212,0,第三種商業區
萬華區,萬華,1,212,1,道路用地(公共設施用地)
萬華區,萬華,1,215,1,道路用地(公共設施用地)
萬華區,萬華,1,216,1,道路用地(公共設施用地)
萬華區,萬華,1,217,1,道路用地(公共設施用地)
萬華區,萬華,1,218,1,道路用地(公共設施用地)
萬華區,萬華,1,220,1,道路用地(公共設施用地)
萬華區,萬華,1,221,1,道路用地(公共設施用地)
萬華區,萬華,1,222,0,道路用地(公共設施用地)
萬華區,萬華,1,223,0,第三種商業區
萬華區,萬華,1,224,0,第三種商業區
萬華區,萬華,1,225,0,道路用地(公共設施用地)
萬華區,萬華,1,226,0,道路用地(公共設施用地)
萬華區,萬華,1,239,0,第三種商業區
萬華區,萬華,1,240,1,道路用地(公共設施用地)
萬華區,萬華,1,250,1,道路用地(公共設施用地)
萬華區,萬華,1,268,0,第三種商業區
萬華區,萬華,1,269,0,第三種商業區
萬華區,萬華,1,276,0,第三種商業區
萬華區,萬華,1,277,0,第三種商業區
萬華區,萬華,1,278,0,第三種商業區
萬華區,萬華,1,279,0,第三種商業區
萬華區,萬華,1,280,0,第三種商業區
萬華區,萬華,1,280,1,道路用地(公共設施用地)
萬華區,萬華,1,280,2,第三種商業區
萬華區,萬華,1,280,3,道路用地(公共設施用地)
萬華區,萬華,1,281,0,"第三種商業區,但是否在道路用地(公共設施用地)(應依建築線或俟地籍測量分割後,再確定)"
萬華區,萬華,1,281,1,第三種商業區
萬華區,萬華,1,291,0,第三種商業區
萬華區,萬華,1,292,0,第三種商業區
萬華區,萬華,1,293,0,第三種商業區
萬華區,萬華,1,294,0,第三種商業區
萬華區,萬華,1,295,0,第三種商業區
萬華區,萬華,1,295,1,道路用地(公共設施用地)
萬華區,萬華,1,296,0,第三種商業區
萬華區,萬華,1,296,1,道路用地(公共設施用地)
萬華區,萬華,1,297,0,第三種商業區
萬華區,萬華,1,297,1,道路用地(公共設施用地)
萬華區,萬華,1,298,0,第三種商業區
萬華區,萬華,1,299,0,第三種商業區
萬華區,萬華,1,300,0,第三種商業區
萬華區,萬華,1,301,0,第三種商業區
萬華區,萬華,1,302,0,第三種商業區
萬華區,萬華,1,303,0,第三種商業區
萬華區,萬華,1,304,0,第三種商業區
萬華區,萬華,1,305,0,第三種商業區
萬華區,萬華,1,306,0,第三種商業區
萬華區,萬華,1,307,0,第三種商業區
萬華區,萬華,1,308,0,第三種商業區
萬華區,萬華,1,309,1,道路用地(公共設施用地)
萬華區,萬華,1,310,1,道路用地(公共設施用地)
萬華區,萬華,1,312,0,第三種商業區
萬華區,萬華,1,315,1,道路用地(公共設施用地)
萬華區,萬華,1,316,1,道路用地(公共設施用地)
萬華區,萬華,1,316,2,道路用地(公共設施用地)
萬華區,萬華,1,317,1,道路用地(公共設施用地)
萬華區,萬華,1,317,2,道路用地(公共設施用地)
萬華區,萬華,1,318,0,道路用地(公共設施用地)
萬華區,萬華,1,319,0,道路用地(公共設施用地)
萬華區,萬華,1,320,0,道路用地(公共設施用地)
萬華區,萬華,1,321,0,道路用地(公共設施用地)
萬華區,萬華,1,322,0,第三種商業區
萬華區,萬華,1,323,0,第三種商業區
萬華區,萬華,1,324,0,第三種商業區
萬華區,萬華,1,325,0,道路用地(公共設施用地)
萬華區,萬華,1,326,0,第三種商業區
萬華區,萬華,1,327,0,第三種商業區
萬華區,萬華,1,328,0,第三種商業區
萬華區,萬華,1,329,0,第三種商業區
萬華區,萬華,1,329,1,道路用地(公共設施用地)
萬華區,萬華,1,329,2,第三種商業區
萬華區,萬華,1,329,3,道路用地(公共設施用地)
萬華區,萬華,1,330,0,第三種商業區
萬華區,萬華,1,330,1,道路用地(公共設施用地)
萬華區,萬華,1,330,2,第三種商業區
萬華區,萬華,1,331,0,第三種商業區
萬華區,萬華,1,331,1,第三種商業區
萬華區,萬華,1,332,0,第三種商業區
萬華區,萬華,1,333,0,第三種商業區
萬華區,萬華,1,333,1,道路用地(公共設施用地)
萬華區,萬華,1,334,0,第三種商業區
萬華區,萬華,1,334,1,道路用地(公共設施用地)
萬華區,萬華,1,335,0,第三種商業區
萬華區,萬華,1,335,1,道路用地(公共設施用地)
萬華區,萬華,1,336,0,第三種商業區
萬華區,萬華,1,337,0,第三種商業區
萬華區,萬華,1,338,0,第三種商業區
萬華區,萬華,1,339,0,"第三種商業區,但是否在道路用地(公共設施用地)(應依建築線或俟地籍測量分割後,再確定)"
萬華區,萬華,1,339,1,道路用地(公共設施用地)
萬華區,萬華,1,340,0,第三種商業區
萬華區,萬華,1,340,1,道路用地(公共設施用地)
萬華區,萬華,1,341,0,第三種商業區
萬華區,萬華,1,342,0,第三種商業區
萬華區,萬華,1,342,1,道路用地(公共設施用地)
萬華區,萬華,1,343,0,第三種商業區
萬華區,萬華,1,343,1,道路用地(公共設施用地)
萬華區,萬華,1,344,0,第三種商業區
萬華區,萬華,1,344,1,道路用地(公共設施用地)
萬華區,萬華,1,344,2,道路用地(公共設施用地)
萬華區,萬華,1,344,3,道路用地(公共設施用地)
萬華區,萬華,1,344,4,道路用地(公共設施用地)
萬華區,萬華,1,345,0,第三種商業區
萬華區,萬華,1,345,1,第三種商業區
萬華區,萬華,1,345,2,道路用地(公共設施用地)
萬華區,萬華,1,345,3,道路用地(公共設施用地)
萬華區,萬華,1,345,4,道路用地(公共設施用地)
萬華區,萬華,1,345,5,道路用地(公共設施用地)
萬華區,萬華,1,345,6,道路用地(公共設施用地)
萬華區,萬華,1,346,0,第三種商業區
萬華區,萬華,1,346,1,道路用地(公共設施用地)
萬華區,萬華,1,347,0,第三種商業區
萬華區,萬華,1,347,1,第三種商業區
萬華區,萬華,1,347,2,道路用地(公共設施用地)
萬華區,萬華,1,347,3,第三種商業區
萬華區,萬華,1,347,4,第三種商業區
萬華區,萬華,1,347,5,第三種商業區
萬華區,萬華,1,348,0,第三種商業區
萬華區,萬華,1,349,0,第三種商業區
萬華區,萬華,1,349,1,道路用地(公共設施用地)
萬華區,萬華,1,349,2,第三種商業區
萬華區,萬華,1,350,0,第三種商業區
萬華區,萬華,1,350,1,道路用地(公共設施用地)
萬華區,萬華,1,351,0,第三種商業區
萬華區,萬華,1,351,1,道路用地(公共設施用地)
萬華區,萬華,1,352,0,第三種商業區
萬華區,萬華,1,352,1,道路用地(公共設施用地)
萬華區,萬華,1,352,2,第三種商業區
萬華區,萬華,1,353,0,第三種商業區
萬華區,萬華,1,354,0,第三種商業區
萬華區,萬華,1,354,1,道路用地(公共設施用地)
萬華區,萬華,1,355,0,第三種商業區
萬華區,萬華,1,355,1,道路用地(公共設施用地)
萬華區,萬華,1,356,0,第三種商業區
萬華區,萬華,1,356,1,道路用地(公共設施用地)
萬華區,萬華,1,356,2,道路用地(公共設施用地)
萬華區,萬華,1,357,0,道路用地(公共設施用地)
萬華區,萬華,1,358,0,"道路用地(公共設施用地),但是否在第三種商業區(應依建築線或俟地籍測量分割後,再確定)"
萬華區,萬華,1,359,0,第三種商業區
萬華區,萬華,1,360,0,第三種商業區
萬華區,萬華,1,361,0,道路用地(公共設施用地)
萬華區,萬華,1,362,0,道路用地(公共設施用地)
萬華區,萬華,1,363,0,第三種商業區
萬華區,萬華,1,364,0,第三種商業區
萬華區,萬華,1,365,0,道路用地(公共設施用地)
萬華區,萬華,1,365,1,道路用地(公共設施用地)
萬華區,萬華,1,366,0,第三種商業區
萬華區,萬華,1,366,1,道路用地(公共設施用地)
萬華區,萬華,1,366,2,道路用地(公共設施用地)
萬華區,萬華,1,367,0,道路用地(公共設施用地)
萬華區,萬華,1,367,1,道路用地(公共設施用地)
萬華區,萬華,1,368,0,第三種商業區
萬華區,萬華,1,368,1,道路用地(公共設施用地)
萬華區,萬華,1,368,2,道路用地(公共設施用地)
萬華區,萬華,1,369,0,第三種商業區
萬華區,萬華,1,369,1,道路用地(公共設施用地)
萬華區,萬華,1,370,0,第三種商業區
萬華區,萬華,1,370,1,道路用地(公共設施用地)
萬華區,萬華,1,371,0,第三種商業區
萬華區,萬華,1,371,1,道路用地(公共設施用地)
萬華區,萬華,1,372,0,第三種商業區
萬華區,萬華,1,372,1,道路用地(公共設施用地)
萬華區,萬華,1,373,0,第三種商業區
萬華區,萬華,1,374,0,第三種商業區
萬華區,萬華,1,374,1,道路用地(公共設施用地)
萬華區,萬華,1,375,0,第三種商業區
萬華區,萬華,1,375,1,道路用地(公共設施用地)
萬華區,萬華,1,376,0,第三種商業區
萬華區,萬華,1,377,0,第三種商業區
萬華區,萬華,1,378,0,第三種商業區
萬華區,萬華,1,378,1,道路用地(公共設施用地)
萬華區,萬華,1,378,2,道路用地(公共設施用地)
萬華區,萬華,1,379,0,第三種商業區
萬華區,萬華,1,379,1,道路用地(公共設施用地)
萬華區,萬華,1,379,2,第三種商業區
萬華區,萬華,1,379,3,道路用地(公共設施用地)
萬華區,萬華,1,380,0,第三種商業區
萬華區,萬華,1,380,1,道路用地(公共設施用地)
萬華區,萬華,1,380,2,第三種商業區
萬華區,萬華,1,380,3,道路用地(公共設施用地)
萬華區,萬華,1,381,0,第三種商業區
萬華區,萬華,1,381,1,道路用地(公共設施用地)
萬華區,萬華,1,386,0,第三種商業區
萬華區,萬華,1,386,1,道路用地(公共設施用地)
萬華區,萬華,1,386,2,第三種商業區
萬華區,萬華,1,387,0,第三種商業區
萬華區,萬華,1,387,1,道路用地(公共設施用地)
萬華區,萬華,1,388,0,第三種商業區
萬華區,萬華,1,388,1,道路用地(公共設施用地)
萬華區,萬華,1,389,0,第三種商業區
萬華區,萬華,1,390,0,第三種商業區
萬華區,萬華,1,391,0,第三種商業區
萬華區,萬華,1,392,0,第三種商業區
萬華區,萬華,1,393,0,第三種商業區
萬華區,萬華,1,394,0,第三種商業區
萬華區,萬華,1,395,0,第三種商業區
萬華區,萬華,1,396,0,第三種商業區
萬華區,萬華,1,397,0,第三種商業區
萬華區,萬華,1,398,0,第三種商業區
萬華區,萬華,1,399,0,第三種商業區
萬華區,萬華,1,399,1,道路用地(公共設施用地)
萬華區,萬華,1,399,2,第三種商業區
萬華區,萬華,1,400,0,第三種商業區
萬華區,萬華,1,401,0,第三種商業區
萬華區,萬華,1,402,0,第三種商業區
萬華區,萬華,1,403,0,第三種商業區
萬華區,萬華,1,404,0,第三種商業區
萬華區,萬華,1,405,0,第三種商業區
萬華區,萬華,1,409,1,道路用地(公共設施用地)
萬華區,萬華,1,410,0,道路用地(公共設施用地)
萬華區,萬華,1,411,0,第三種商業區
萬華區,萬華,1,411,1,道路用地(公共設施用地)
萬華區,萬華,1,412,0,第三種商業區
萬華區,萬華,1,413,0,第三種商業區
萬華區,萬華,1,414,0,第三種商業區
萬華區,萬華,1,415,0,第三種商業區
萬華區,萬華,1,416,0,第三種商業區
萬華區,萬華,1,417,0,第三種商業區
萬華區,萬華,1,418,0,第三種商業區
萬華區,萬華,1,419,0,第三種商業區
萬華區,萬華,1,420,0,第三種商業區
萬華區,萬華,1,421,0,第三種商業區
萬華區,萬華,1,424,1,道路用地(公共設施用地)
萬華區,萬華,1,425,0,第三種商業區
萬華區,萬華,1,425,1,道路用地(公共設施用地)
萬華區,萬華,1,426,0,第三種商業區
萬華區,萬華,1,426,1,道路用地(公共設施用地)
萬華區,萬華,1,427,0,第三種商業區
萬華區,萬華,1,428,0,第三種商業區
萬華區,萬華,1,429,0,第三種商業區
萬華區,萬華,1,429,1,第三種商業區
萬華區,萬華,1,434,0,第三種商業區
萬華區,萬華,1,435,0,第三種商業區
萬華區,萬華,1,436,0,第三種商業區
萬華區,萬華,1,437,0,第三種商業區
萬華區,萬華,1,438,1,第三種商業區
萬華區,萬華,1,439,1,第三種商業區
萬華區,萬華,1,441,0,道路用地(公共設施用地)
萬華區,萬華,1,442,0,道路用地(公共設施用地)
萬華區,萬華,1,444,0,道路用地(公共設施用地)
萬華區,萬華,1,445,0,道路用地(公共設施用地)
萬華區,萬華,1,446,0,道路用地(公共設施用地)
萬華區,萬華,1,447,0,第三種商業區及道路用地(公共設施用地)
萬華區,萬華,1,448,0,道路用地(公共設施用地)
萬華區,萬華,1,449,0,第三種商業區
萬華區,萬華,1,450,0,第三種商業區
萬華區,萬華,1,450,1,第三種商業區
萬華區,萬華,1,451,0,第三種商業區及道路用地(公共設施用地)
萬華區,萬華,1,451,1,"第三種商業區,但是否在道路用地(公共設施用地)(應依建築線或俟地籍測量分割後,再確定)"
萬華區,萬華,1,452,0,郵政用地(公共設施用地)及道路用地(公共設施用地)
萬華區,萬華,1,453,0,郵政用地(公共設施用地)
萬華區,萬華,1,454,0,第三種商業區
萬華區,萬華,1,455,0,第三種商業區及道路用地(公共設施用地)
萬華區,萬華,1,456,0,第三種商業區及道路用地(公共設施用地)
萬華區,萬華,1,457,0,第三種商業區
萬華區,萬華,1,458,0,第三種商業區
萬華區,萬華,1,458,1,道路用地(公共設施用地)
萬華區,萬華,1,459,0,第三種商業區
萬華區,萬華,1,459,1,道路用地(公共設施用地)
萬華區,萬華,1,460,0,第三種商業區
萬華區,萬華,1,460,1,道路用地(公共設施用地)
萬華區,萬華,1,461,1,道路用地(公共設施用地)
萬華區,萬華,1,461,2,第三種商業區
萬華區,萬華,1,462,1,道路用地(公共設施用地)
萬華區,萬華,1,463,1,道路用地(公共設施用地)
萬華區,萬華,1,466,0,第三種商業區
萬華區,萬華,1,468,0,第三種商業區
萬華區,萬華,1,477,0,第三種商業區
萬華區,萬華,1,478,0,第三種商業區
萬華區,萬華,1,478,2,第三種商業區
萬華區,萬華,1,478,3,第三種商業區
萬華區,萬華,1,478,4,道路用地(公共設施用地)
萬華區,萬華,1,479,0,第三種商業區
萬華區,萬華,1,479,2,第三種商業區
萬華區,萬華,1,479,3,道路用地(公共設施用地)
萬華區,萬華,1,480,0,第三種商業區
萬華區,萬華,1,480,1,道路用地(公共設施用地)
萬華區,萬華,1,481,0,第三種商業區
萬華區,萬華,1,481,1,道路用地(公共設施用地)
萬華區,萬華,1,482,0,第三種商業區
萬華區,萬華,1,482,1,道路用地(公共設施用地)
萬華區,萬華,1,482,2,第三種商業區
萬華區,萬華,1,482,3,第三種商業區
萬華區,萬華,1,483,0,第三種商業區
萬華區,萬華,1,484,0,第三種商業區
萬華區,萬華,1,485,0,第三種商業區
萬華區,萬華,1,485,1,道路用地(公共設施用地)
萬華區,萬華,1,486,0,第三種商業區
萬華區,萬華,1,486,1,道路用地(公共設施用地)
萬華區,萬華,1,486,2,第三種商業區
萬華區,萬華,1,487,0,第三種商業區
萬華區,萬華,1,487,1,道路用地(公共設施用地)
萬華區,萬華,1,487,2,第三種商業區
萬華區,萬華,1,487,3,第三種商業區
萬華區,萬華,1,487,4,道路用地(公共設施用地)
萬華區,萬華,1,487,5,第三種商業區
萬華區,萬華,1,488,0,第三種商業區
萬華區,萬華,1,488,1,道路用地(公共設施用地)
萬華區,萬華,1,489,0,第三種商業區
萬華區,萬華,1,489,1,道路用地(公共設施用地)
萬華區,萬華,1,490,0,第三種商業區
萬華區,萬華,1,491,0,第三種商業區
萬華區,萬華,1,491,1,道路用地(公共設施用地)
萬華區,萬華,1,492,0,第三種商業區
萬華區,萬華,1,493,0,第三種商業區
萬華區,萬華,1,494,0,第三種商業區
萬華區,萬華,1,494,1,道路用地(公共設施用地)
萬華區,萬華,1,494,2,道路用地(公共設施用地)
萬華區,萬華,1,495,0,第三種商業區
萬華區,萬華,1,496,0,道路用地(公共設施用地)
萬華區,萬華,1,497,0,第三種商業區
萬華區,萬華,1,498,0,第三種商業區
萬華區,萬華,1,499,0,第三種商業區
萬華區,萬華,1,500,0,第三種商業區
萬華區,萬華,1,501,0,第三種商業區
萬華區,萬華,1,502,0,第三種商業區
萬華區,萬華,1,503,0,第三種商業區
萬華區,萬華,1,504,0,第三種商業區
萬華區,萬華,1,505,0,第三種商業區
萬華區,萬華,1,506,0,第三種商業區
萬華區,萬華,1,507,0,第三種商業區
萬華區,萬華,1,508,0,第三種商業區
萬華區,萬華,1,509,0,第三種商業區
萬華區,萬華,1,510,0,第三種商業區
萬華區,萬華,1,511,0,第三種商業區
萬華區,萬華,1,512,0,第三種商業區
萬華區,萬華,1,513,0,第三種商業區
萬華區,萬華,1,514,0,第三種商業區
萬華區,萬華,1,515,0,第三種商業區
萬華區,萬華,1,515,1,第三種商業區
萬華區,萬華,1,515,2,道路用地(公共設施用地)
萬華區,萬華,1,516,0,第三種商業區
萬華區,萬華,1,516,1,道路用地(公共設施用地)
萬華區,萬華,1,516,2,第三種商業區
萬華區,萬華,1,517,0,第三種商業區
萬華區,萬華,1,518,0,第三種商業區
萬華區,萬華,1,519,0,第三種商業區
萬華區,萬華,1,520,0,第三種商業區
萬華區,萬華,1,521,0,第三種商業區
萬華區,萬華,1,522,0,第三種商業區
萬華區,萬華,1,523,0,第三種商業區
萬華區,萬華,1,524,0,第三種商業區
萬華區,萬華,1,525,0,第三種商業區
萬華區,萬華,1,526,0,第三種商業區
萬華區,萬華,1,527,0,第三種商業區
萬華區,萬華,1,528,0,第三種商業區
萬華區,萬華,1,529,0,第三種商業區
萬華區,萬華,1,530,0,第三種商業區
萬華區,萬華,1,531,0,第三種商業區
萬華區,萬華,1,532,0,第三種商業區
萬華區,萬華,1,533,0,第三種商業區
萬華區,萬華,1,534,0,第三種商業區
萬華區,萬華,1,535,0,第三種商業區
萬華區,萬華,1,536,0,道路用地(公共設施用地)
萬華區,萬華,1,537,0,道路用地(公共設施用地)
萬華區,萬華,1,538,0,第三種商業區
萬華區,萬華,1,539,0,第三種商業區
萬華區,萬華,1,540,0,道路用地(公共設施用地)
萬華區,萬華,1,540,1,道路用地(公共設施用地)
萬華區,萬華,1,540,2,道路用地(公共設施用地)
萬華區,萬華,1,540,3,國小用地(公共設施用地)
萬華區,萬華,1,541,0,第三種商業區
萬華區,萬華,1,541,1,道路用地(公共設施用地)
萬華區,萬華,1,545,0,第三種商業區
萬華區,萬華,1,546,0,第三種商業區
萬華區,萬華,1,547,0,第三種商業區
萬華區,萬華,1,548,0,第三種商業區
萬華區,萬華,1,549,0,第三種商業區
萬華區,萬華,1,550,0,第三種商業區
萬華區,萬華,1,551,0,第三種商業區
萬華區,萬華,1,552,0,第三種商業區
萬華區,萬華,1,553,0,第三種商業區
萬華區,萬華,1,554,0,第三種商業區
萬華區,萬華,1,555,0,第三種商業區
萬華區,萬華,1,556,0,第三種商業區
萬華區,萬華,1,557,0,第三種商業區
萬華區,萬華,1,558,0,第三種商業區
萬華區,萬華,1,559,0,第三種商業區
萬華區,萬華,1,560,0,第三種商業區
萬華區,萬華,1,561,0,第三種商業區
萬華區,萬華,1,562,0,第三種商業區
萬華區,萬華,1,563,0,第三種商業區
萬華區,萬華,1,568,0,第三種商業區
萬華區,萬華,1,569,0,第三種商業區
萬華區,萬華,1,570,0,第三種商業區
萬華區,萬華,1,571,0,第三種商業區
萬華區,萬華,1,572,0,第三種商業區
萬華區,萬華,1,573,0,第三種商業區
萬華區,萬華,1,574,0,第三種商業區
萬華區,萬華,1,578,0,第三種商業區
萬華區,萬華,1,580,1,道路用地(公共設施用地)
萬華區,萬華,1,582,0,道路用地(公共設施用地)
萬華區,萬華,1,583,0,道路用地(公共設施用地)
萬華區,萬華,1,584,1,道路用地(公共設施用地)
萬華區,萬華,1,585,1,道路用地(公共設施用地)
萬華區,萬華,1,586,0,道路用地(公共設施用地)
萬華區,萬華,1,587,0,道路用地(公共設施用地)
萬華區,萬華,1,588,0,道路用地(公共設施用地)
萬華區,萬華,1,589,0,道路用地(公共設施用地)
萬華區,萬華,1,590,0,道路用地(公共設施用地)
萬華區,萬華,1,591,0,道路用地(公共設施用地)
萬華區,萬華,1,592,0,道路用地(公共設施用地)
萬華區,萬華,1,593,0,道路用地(公共設施用地)
萬華區,萬華,1,594,0,道路用地(公共設施用地)
萬華區,萬華,1,595,0,道路用地(公共設施用地)
萬華區,萬華,1,596,0,道路用地(公共設施用地)
萬華區,萬華,1,597,0,道路用地(公共設施用地)
萬華區,萬華,1,598,0,道路用地(公共設施用地)
萬華區,萬華,1,599,0,道路用地(公共設施用地)
萬華區,萬華,1,600,0,道路用地(公共設施用地)
萬華區,萬華,1,601,0,道路用地(公共設施用地)
萬華區,萬華,1,602,0,道路用地(公共設施用地)
萬華區,萬華,1,603,0,道路用地(公共設施用地)
萬華區,萬華,1,604,0,道路用地(公共設施用地)
萬華區,萬華,1,605,0,道路用地(公共設施用地)
萬華區,萬華,1,606,0,道路用地(公共設施用地)
萬華區,萬華,1,607,0,道路用地(公共設施用地)
萬華區,萬華,1,608,0,道路用地(公共設施用地)
萬華區,萬華,1,609,0,道路用地(公共設施用地)
萬華區,萬華,1,610,0,道路用地(公共設施用地)
萬華區,萬華,1,611,0,道路用地(公共設施用地)
萬華區,萬華,1,612,0,道路用地(公共設施用地)
萬華區,萬華,1,613,0,道路用地(公共設施用地)
萬華區,萬華,1,614,0,道路用地(公共設施用地)
萬華區,萬華,1,615,0,道路用地(公共設施用地)
萬華區,萬華,1,616,0,道路用地(公共設施用地)
萬華區,萬華,1,617,0,道路用地(公共設施用地)
萬華區,萬華,1,618,0,道路用地(公共設施用地)
萬華區,萬華,1,619,0,道路用地(公共設施用地)
萬華區,萬華,1,620,0,道路用地(公共設施用地)
萬華區,萬華,1,621,0,道路用地(公共設施用地)
萬華區,萬華,1,622,0,道路用地(公共設施用地)
萬華區,萬華,1,623,0,道路用地(公共設施用地)
萬華區,萬華,1,624,0,道路用地(公共設施用地)
萬華區,萬華,1,625,0,道路用地(公共設施用地)
萬華區,萬華,1,625,1,道路用地(公共設施用地)
萬華區,萬華,1,626,0,國中用地(公共設施用地)
萬華區,萬華,1,626,1,道路用地(公共設施用地)
萬華區,萬華,1,626,2,鐵路用地(公共設施用地)
萬華區,萬華,1,626,3,國中用地(公共設施用地)
萬華區,萬華,1,626,4,道路用地(公共設施用地)
萬華區,萬華,1,626,5,道路用地(公共設施用地)
萬華區,萬華,1,626,6,道路用地(公共設施用地)
萬華區,萬華,1,626,7,道路用地(公共設施用地)
萬華區,萬華,1,627,0,道路用地(公共設施用地)
萬華區,萬華,1,627,1,鐵路用地(公共設施用地)
萬華區,萬華,1,627,2,道路用地(公共設施用地)
萬華區,萬華,1,627,3,道路用地(公共設施用地)
萬華區,萬華,1,627,4,鐵路用地(公共設施用地)
萬華區,萬華,1,627,5,鐵路用地(公共設施用地)
萬華區,萬華,1,627,6,道路用地(公共設施用地)
萬華區,萬華,1,628,0,"道路用地(公共設施用地),但是否在第參種商業區(依都市計畫說明書圖規定辦理,始得作第參種商業區使用)(原屬第三之一種住宅區(特),應依建築線或俟地籍測量分割後,再確定)"
萬華區,萬華,1,628,1,"第參種商業區(依都市計畫說明書圖規定辦理,始得作第參種商業區使用)(原屬第參之壹種住宅區)"
萬華區,萬華,1,628,2,道路用地(公共設施用地)
萬華區,萬華,1,628,3,"第參種商業區(依都市計畫說明書圖規定辦理,始得作第參種商業區使用)(原屬第參之壹種住宅區)"
萬華區,萬華,1,628,4,道路用地(公共設施用地)
萬華區,萬華,1,628,5,鐵路用地(公共設施用地)
萬華區,萬華,1,628,6,"第參種商業區(依都市計畫說明書圖規定辦理,始得作第參種商業區使用)(原屬第參之壹種住宅區)"
萬華區,萬華,1,628,7,國中用地(公共設施用地)
萬華區,萬華,1,629,0,道路用地(公共設施用地)
萬華區,萬華,1,630,0,"第參種商業區(依都市計畫說明書圖規定辦理,始得作第參種商業區使用)(原屬第參之壹種住宅區)"
萬華區,萬華,1,631,0,"第參種商業區(依都市計畫說明書圖規定辦理,始得作第參種商業區使用)(原屬第參之壹種住宅區)"
萬華區,萬華,1,631,1,道路用地(公共設施用地)
萬華區,萬華,1,632,0,道路用地(公共設施用地)
萬華區,萬華,1,633,0,道路用地(公共設施用地)
萬華區,萬華,1,634,0,道路用地(公共設施用地)
萬華區,萬華,1,635,0,道路用地(公共設施用地)
萬華區,萬華,1,636,0,道路用地(公共設施用地)
萬華區,萬華,1,637,0,道路用地(公共設施用地)
萬華區,萬華,1,640,0,道路用地(公共設施用地)
萬華區,萬華,1,641,0,道路用地(公共設施用地)
萬華區,萬華,1,642,0,道路用地(公共設施用地)
萬華區,萬華,1,643,0,第三種商業區
萬華區,萬華,1,643,1,道路用地(公共設施用地)
萬華區,萬華,1,644,1,道路用地(公共設施用地)
萬華區,萬華,1,645,1,道路用地(公共設施用地)
萬華區,萬華,1,646,1,道路用地(公共設施用地)
萬華區,萬華,1,647,1,道路用地(公共設施用地)
萬華區,萬華,1,650,0,第三種商業區
萬華區,萬華,1,654,0,第三種商業區
萬華區,萬華,1,655,0,第三種商業區
萬華區,萬華,1,656,0,第三種商業區
萬華區,萬華,1,657,0,道路用地(公共設施用地)
萬華區,萬華,1,658,0,第三種商業區
萬華區,萬華,1,659,0,第三種商業區
萬華區,萬華,1,659,1,道路用地(公共設施用地)
萬華區,萬華,1,660,0,道路用地(公共設施用地)
萬華區,萬華,1,660,1,道路用地(公共設施用地)
萬華區,萬華,1,661,0,第三種商業區
萬華區,萬華,1,661,1,第三種商業區
萬華區,萬華,1,661,2,道路用地(公共設施用地)
萬華區,萬華,1,662,0,第三種商業區
萬華區,萬華,1,663,0,第三種商業區
萬華區,萬華,1,664,0,第三種商業區
萬華區,萬華,1,664,1,道路用地(公共設施用地)
萬華區,萬華,1,664,2,道路用地(公共設施用地)
萬華區,萬華,1,665,0,第三種商業區
萬華區,萬華,1,665,1,道路用地(公共設施用地)
萬華區,萬華,1,666,0,第三種商業區
萬華區,萬華,1,666,1,道路用地(公共設施用地)
萬華區,萬華,1,667,0,道路用地(公共設施用地)
萬華區,萬華,1,668,0,道路用地(公共設施用地)
萬華區,萬華,1,668,1,道路用地(公共設施用地)
萬華區,萬華,1,668,2,道路用地(公共設施用地)
萬華區,萬華,1,669,0,第三種商業區
萬華區,萬華,1,670,0,第三種商業區
萬華區,萬華,1,671,0,第三種商業區
萬華區,萬華,1,672,0,第三種商業區
萬華區,萬華,1,672,1,道路用地(公共設施用地)
萬華區,萬華,1,673,0,第三種商業區
萬華區,萬華,1,673,1,道路用地(公共設施用地)
萬華區,萬華,1,674,0,第三種商業區
萬華區,萬華,1,675,0,道路用地(公共設施用地)
萬華區,萬華,1,676,0,"第參種商業區(依都市計畫說明書圖規定辦理,始得作第參種商業區使用)(原屬第參之壹種住宅區)"
萬華區,萬華,1,676,1,道路用地(公共設施用地)
萬華區,萬華,1,677,0,"第參種商業區(依都市計畫說明書圖規定辦理,始得作第參種商業區使用)(原屬第參之壹種住宅區)"
萬華區,萬華,1,678,0,道路用地(公共設施用地)
萬華區,萬華,1,679,0,道路用地(公共設施用地)
萬華區,萬華,1,680,0,道路用地(公共設施用地)
萬華區,萬華,1,681,0,道路用地(公共設施用地)
萬華區,萬華,1,682,0,道路用地(公共設施用地)
萬華區,萬華,1,683,0,道路用地(公共設施用地)
萬華區,萬華,1,684,0,"第參種商業區(依都市計畫說明書圖規定辦理,始得作第參種商業區使用)(原屬第參之壹種住宅區)"
萬華區,萬華,1,685,0,"第參種商業區(依都市計畫說明書圖規定辦理,始得作第參種商業區使用)(原屬第參之壹種住宅區)"
萬華區,萬華,1,686,0,"第參種商業區(依都市計畫說明書圖規定辦理,始得作第參種商業區使用)(原屬第參之壹種住宅區)"
萬華區,萬華,1,687,0,"第參種商業區(依都市計畫說明書圖規定辦理,始得作第參種商業區使用)(原屬第參之壹種住宅區)"
萬華區,萬華,1,688,0,"第參種商業區(依都市計畫說明書圖規定辦理,始得作第參種商業區使用)(原屬第參之壹種住宅區)"
萬華區,萬華,1,689,0,"第參種商業區(依都市計畫說明書圖規定辦理,始得作第參種商業區使用)(原屬第參之壹種住宅區)"
萬華區,萬華,1,690,0,道路用地(公共設施用地)
萬華區,萬華,1,691,0,道路用地(公共設施用地)
萬華區,萬華,1,693,0,"第參種商業區(依都市計畫說明書圖規定辦理,始得作第參種商業區使用)(原屬第參之壹種住宅區)"
萬華區,萬華,1,694,0,"第參種商業區(依都市計畫說明書圖規定辦理,始得作第參種商業區使用)(原屬第參之壹種住宅區)"
萬華區,萬華,1,695,0,"第參種商業區(依都市計畫說明書圖規定辦理,始得作第參種商業區使用)(原屬第參之壹種住宅區)"
萬華區,萬華,1,696,0,道路用地(公共設施用地)
萬華區,萬華,1,697,0,道路用地(公共設施用地)
萬華區,萬華,1,698,0,道路用地(公共設施用地)
萬華區,萬華,1,699,0,道路用地(公共設施用地)
萬華區,萬華,1,700,0,道路用地(公共設施用地)
萬華區,萬華,1,701,0,道路用地(公共設施用地)
萬華區,萬華,1,702,0,道路用地(公共設施用地)
萬華區,萬華,1,703,0,道路用地(公共設施用地)
萬華區,萬華,1,704,0,道路用地(公共設施用地)
萬華區,萬華,1,705,0,道路用地(公共設施用地)
萬華區,萬華,1,706,0,道路用地(公共設施用地)
萬華區,萬華,1,706,1,道路用地(公共設施用地)
萬華區,萬華,1,706,2,道路用地(公共設施用地)
萬華區,萬華,1,706,3,道路用地(公共設施用地)
萬華區,萬華,1,706,6,道路用地(公共設施用地)
萬華區,萬華,1,706,7,"第參種商業區(依都市計畫說明書圖規定辦理,始得作第參種商業區使用)(原屬第參之壹種住宅區)"
萬華區,萬華,1,706,8,道路用地(公共設施用地)
萬華區,萬華,1,706,10,"第參種商業區(依都市計畫說明書圖規定辦理,始得作第參種商業區使用)(原屬第參之壹種住宅區)"
萬華區,萬華,1,706,11,"第參種商業區(依都市計畫說明書圖規定辦理,始得作第參種商業區使用)(原屬第參之壹種住宅區)"
萬華區,萬華,1,706,12,道路用地(公共設施用地)
萬華區,萬華,1,706,13,"第參種商業區(依都市計畫說明書圖規定辦理,始得作第參種商業區使用)(原屬第參之壹種住宅區)"
萬華區,萬華,1,707,0,"第參種商業區(依都市計畫說明書圖規定辦理,始得作第參種商業區使用)(原屬第參之壹種住宅區)"
萬華區,萬華,1,707,1,道路用地(公共設施用地)
萬華區,萬華,1,712,0,"第參種商業區(依都市計畫說明書圖規定辦理,始得作第參種商業區使用)(原屬第參之壹種住宅區)"
萬華區,萬華,1,712,1,道路用地(公共設施用地)
萬華區,萬華,1,713,0,"第參種商業區(依都市計畫說明書圖規定辦理,始得作第參種商業區使用)(原屬第參之壹種住宅區)"
萬華區,萬華,1,713,1,道路用地(公共設施用地)
萬華區,萬華,1,714,0,道路用地(公共設施用地)
萬華區,萬華,1,715,0,"第參種商業區(依都市計畫說明書圖規定辦理,始得作第參種商業區使用)(原屬第參之壹種住宅區)"
萬華區,萬華,1,715,1,道路用地(公共設施用地)
萬華區,萬華,1,716,0,"第參種商業區(依都市計畫說明書圖規定辦理,始得作第參種商業區使用)(原屬第參之壹種住宅區)"
萬華區,萬華,1,717,0,"第參種商業區(依都市計畫說明書圖規定辦理,始得作第參種商業區使用)(原屬第參之壹種住宅區)"
萬華區,萬華,1,718,0,"第參種商業區(依都市計畫說明書圖規定辦理,始得作第參種商業區使用)(原屬第參之壹種住宅區)"
萬華區,萬華,1,718,1,"第參種商業區(依都市計畫說明書圖規定辦理,始得作第參種商業區使用)(原屬第參之壹種住宅區)"
萬華區,萬華,1,719,0,"第參種商業區(依都市計畫說明書圖規定辦理,始得作第參種商業區使用)(原屬第參之壹種住宅區)"
萬華區,萬華,1,720,0,"第參種商業區(依都市計畫說明書圖規定辦理,始得作第參種商業區使用)(原屬第參之壹種住宅區)"
萬華區,萬華,1,721,0,"第參種商業區(依都市計畫說明書圖規定辦理,始得作第參種商業區使用)(原屬第參之壹種住宅區)"
萬華區,萬華,1,722,0,"第參種商業區(依都市計畫說明書圖規定辦理,始得作第參種商業區使用)(原屬第參之壹種住宅區)"
萬華區,萬華,1,723,0,"第參種商業區(依都市計畫說明書圖規定辦理,始得作第參種商業區使用)(原屬第參之壹種住宅區)"
萬華區,萬華,1,724,0,"第參種商業區(依都市計畫說明書圖規定辦理,始得作第參種商業區使用)(原屬第參之壹種住宅區)"
萬華區,萬華,1,724,1,"第參種商業區(依都市計畫說明書圖規定辦理,始得作第參種商業區使用)(原屬第參之壹種住宅區)"
萬華區,萬華,1,725,0,"第參種商業區(依都市計畫說明書圖規定辦理,始得作第參種商業區使用)(原屬第參之壹種住宅區)"
萬華區,萬華,1,725,1,道路用地(公共設施用地)
萬華區,萬華,1,726,0,道路用地(公共設施用地)
萬華區,萬華,1,727,0,道路用地(公共設施用地)
萬華區,萬華,1,728,0,"第參種商業區(依都市計畫說明書圖規定辦理,始得作第參種商業區使用)(原屬第參種住宅區)"
萬華區,萬華,1,729,0,"第參種商業區(依都市計畫說明書圖規定辦理,始得作第參種商業區使用)(原屬第參種住宅區)"
萬華區,萬華,1,730,0,"第參種商業區(依都市計畫說明書圖規定辦理,始得作第參種商業區使用)(原屬第參種住宅區)"
萬華區,萬華,1,731,0,"第參種商業區(依都市計畫說明書圖規定辦理,始得作第參種商業區使用)(原屬第參種住宅區)"
萬華區,萬華,1,732,0,"第參種商業區(依都市計畫說明書圖規定辦理,始得作第參種商業區使用)(原屬第參種住宅區)"
萬華區,萬華,1,733,0,"第參種商業區(依都市計畫說明書圖規定辦理,始得作第參種商業區使用)(原屬第參種住宅區)"
萬華區,萬華,1,734,0,"第參種商業區(依都市計畫說明書圖規定辦理,始得作第參種商業區使用)(原屬第參種住宅區)"
萬華區,萬華,1,736,0,"第參種商業區(依都市計畫說明書圖規定辦理,始得作第參種商業區使用)(原屬第參種住宅區)"
萬華區,萬華,1,737,0,"第參種商業區(依都市計畫說明書圖規定辦理,始得作第參種商業區使用)(原屬第參種住宅區)"
萬華區,萬華,1,738,0,"第參種商業區(依都市計畫說明書圖規定辦理,始得作第參種商業區使用)(原屬第參種住宅區)"
萬華區,萬華,1,738,1,道路用地(公共設施用地)
萬華區,萬華,1,739,0,"第參種商業區(依都市計畫說明書圖規定辦理,始得作第參種商業區使用)(原屬第參種住宅區)"
萬華區,萬華,1,740,0,"第參種商業區(依都市計畫說明書圖規定辦理,始得作第參種商業區使用)(原屬第參種住宅區)"
萬華區,萬華,1,741,0,"第參種商業區(依都市計畫說明書圖規定辦理,始得作第參種商業區使用)(原屬第參種住宅區)"
萬華區,萬華,1,742,0,"第參種商業區(依都市計畫說明書圖規定辦理,始得作第參種商業區使用)(原屬第參種住宅區)"
萬華區,萬華,1,743,0,"第參種商業區(依都市計畫說明書圖規定辦理,始得作第參種商業區使用)(原屬第參種住宅區)"
萬華區,萬華,1,744,0,"第參種商業區(依都市計畫說明書圖規定辦理,始得作第參種商業區使用)(原屬第參種住宅區)"
萬華區,萬華,1,745,0,"第參種商業區(依都市計畫說明書圖規定辦理,始得作第參種商業區使用)(原屬第參種住宅區)"
萬華區,萬華,1,746,0,"第參種商業區(依都市計畫說明書圖規定辦理,始得作第參種商業區使用)(原屬第參種住宅區)"
萬華區,萬華,1,747,0,"第參種商業區(依都市計畫說明書圖規定辦理,始得作第參種商業區使用)(原屬第參種住宅區)"
萬華區,萬華,1,748,0,"第參種商業區(依都市計畫說明書圖規定辦理,始得作第參種商業區使用)(原屬第參種住宅區)"
萬華區,萬華,1,748,1,道路用地(公共設施用地)
萬華區,萬華,1,749,0,"第參種商業區(依都市計畫說明書圖規定辦理,始得作第參種商業區使用)(原屬第參種住宅區)"
萬華區,萬華,1,749,1,道路用地(公共設施用地)
萬華區,萬華,1,750,0,"第參種商業區(依都市計畫說明書圖規定辦理,始得作第參種商業區使用)(原屬第參種住宅區)"
萬華區,萬華,1,750,1,道路用地(公共設施用地)
萬華區,萬華,1,751,0,道路用地(公共設施用地)
萬華區,萬華,1,752,0,"第參種商業區(依都市計畫說明書圖規定辦理,始得作第參種商業區使用)(原屬第參種住宅區)"
萬華區,萬華,1,753,0,"第參種商業區(依都市計畫說明書圖規定辦理,始得作第參種商業區使用)(原屬第參種住宅區)"
萬華區,萬華,1,754,0,"第參種商業區(依都市計畫說明書圖規定辦理,始得作第參種商業區使用)(原屬第參種住宅區)"
萬華區,萬華,1,754,1,道路用地(公共設施用地)
萬華區,萬華,1,755,0,"第參種商業區(依都市計畫說明書圖規定辦理,始得作第參種商業區使用)(原屬第參種住宅區)"
萬華區,萬華,1,755,1,道路用地(公共設施用地)
萬華區,萬華,1,756,0,"第參種商業區(依都市計畫說明書圖規定辦理,始得作第參種商業區使用)(原屬第參種住宅區)"
萬華區,萬華,1,756,1,道路用地(公共設施用地)
萬華區,萬華,1,757,0,"第參種商業區(依都市計畫說明書圖規定辦理,始得作第參種商業區使用)(原屬第參種住宅區)"
萬華區,萬華,1,757,1,道路用地(公共設施用地)
萬華區,萬華,1,758,0,"第參種商業區(依都市計畫說明書圖規定辦理,始得作第參種商業區使用)(原屬第參種住宅區)"
萬華區,萬華,1,758,1,道路用地(公共設施用地)
萬華區,萬華,1,758,2,道路用地(公共設施用地)
萬華區,萬華,1,759,0,"第參種商業區(依都市計畫說明書圖規定辦理,始得作第參種商業區使用)(原屬第參種住宅區)"
萬華區,萬華,1,759,1,道路用地(公共設施用地)
萬華區,萬華,1,760,0,"第參種商業區(依都市計畫說明書圖規定辦理,始得作第參種商業區使用)(原屬第參種住宅區)"
萬華區,萬華,1,761,0,道路用地(公共設施用地)
萬華區,萬華,1,762,0,道路用地(公共設施用地)
萬華區,萬華,1,763,0,"第參種商業區(依都市計畫說明書圖規定辦理,始得作第參種商業區使用)(原屬第參種住宅區)"
萬華區,萬華,1,764,0,"第參種商業區(依都市計畫說明書圖規定辦理,始得作第參種商業區使用)(原屬第參種住宅區)"
萬華區,萬華,1,764,1,道路用地(公共設施用地)
萬華區,萬華,1,765,0,"第參種商業區(依都市計畫說明書圖規定辦理,始得作第參種商業區使用)(原屬第參種住宅區)"
萬華區,萬華,1,765,1,道路用地(公共設施用地)
萬華區,萬華,1,766,0,"第參種商業區(依都市計畫說明書圖規定辦理,始得作第參種商業區使用)(原屬第參種住宅區)"
萬華區,萬華,1,766,1,道路用地(公共設施用地)
萬華區,萬華,1,767,0,"第參種商業區(依都市計畫說明書圖規定辦理,始得作第參種商業區使用)(原屬第參種住宅區)"
萬華區,萬華,1,767,1,道路用地(公共設施用地)
萬華區,萬華,1,768,0,道路用地(公共設施用地)
萬華區,萬華,1,769,0,"第參種商業區(依都市計畫說明書圖規定辦理,始得作第參種商業區使用)(原屬第參種住宅區)"
萬華區,萬華,1,770,0,"第參種商業區(依都市計畫說明書圖規定辦理,始得作第參種商業區使用)(原屬第參種住宅區)"
萬華區,萬華,1,770,1,道路用地(公共設施用地)
萬華區,萬華,1,771,0,"第參種商業區(依都市計畫說明書圖規定辦理,始得作第參種商業區使用)(原屬第參種住宅區)"
萬華區,萬華,1,772,0,道路用地(公共設施用地)
萬華區,萬華,1,773,0,道路用地(公共設施用地)
萬華區,萬華,1,774,0,道路用地(公共設施用地)
萬華區,萬華,1,775,0,"第參種商業區(依都市計畫說明書圖規定辦理,始得作第參種商業區使用)(原屬第參種住宅區)"
萬華區,萬華,1,777,0,"第參種商業區(依都市計畫說明書圖規定辦理,始得作第參種商業區使用)(原屬第參種住宅區)"
萬華區,萬華,1,777,1,"第參種商業區(依都市計畫說明書圖規定辦理,始得作第參種商業區使用)(原屬第參種住宅區)"
萬華區,萬華,1,777,2,道路用地(公共設施用地)
萬華區,萬華,1,777,3,道路用地(公共設施用地)
萬華區,萬華,1,778,0,"第參種商業區(依都市計畫說明書圖規定辦理,始得作第參種商業區使用)(原屬第參種住宅區)"
萬華區,萬華,1,778,1,道路用地(公共設施用地)
萬華區,萬華,1,779,0,"第參種商業區(依都市計畫說明書圖規定辦理,始得作第參種商業區使用)(原屬第參種住宅區)"
萬華區,萬華,1,779,1,道路用地(公共設施用地)
萬華區,萬華,1,780,0,"第參種商業區(依都市計畫說明書圖規定辦理,始得作第參種商業區使用)(原屬第參種住宅區)"
萬華區,萬華,1,781,0,道路用地(公共設施用地)
萬華區,萬華,1,782,0,道路用地(公共設施用地)
萬華區,萬華,1,783,0,"第參種商業區(依都市計畫說明書圖規定辦理,始得作第參種商業區使用)(原屬第參種住宅區)"
萬華區,萬華,1,784,0,"第參種商業區(依都市計畫說明書圖規定辦理,始得作第參種商業區使用)(原屬第參種住宅區)"
萬華區,萬華,1,784,1,道路用地(公共設施用地)
萬華區,萬華,1,785,0,"第參種商業區(依都市計畫說明書圖規定辦理,始得作第參種商業區使用)(原屬第參種住宅區)"
萬華區,萬華,1,785,1,道路用地(公共設施用地)
萬華區,萬華,1,786,0,"第參種商業區(依都市計畫說明書圖規定辦理,始得作第參種商業區使用)(原屬第參種住宅區)"
萬華區,萬華,1,786,1,道路用地(公共設施用地)
萬華區,萬華,1,787,0,"第參種商業區(依都市計畫說明書圖規定辦理,始得作第參種商業區使用)(原屬第參種住宅區)"
萬華區,萬華,1,788,0,道路用地(公共設施用地)
萬華區,萬華,1,789,0,道路用地(公共設施用地)
萬華區,萬華,1,790,0,"第參種商業區(依都市計畫說明書圖規定辦理,始得作第參種商業區使用)(原屬第參種住宅區)"
萬華區,萬華,1,791,0,"第參種商業區(依都市計畫說明書圖規定辦理,始得作第參種商業區使用)(原屬第參種住宅區)"
萬華區,萬華,1,792,0,"第參種商業區(依都市計畫說明書圖規定辦理,始得作第參種商業區使用)(原屬第參種住宅區)"
萬華區,萬華,1,793,0,"第參種商業區(依都市計畫說明書圖規定辦理,始得作第參種商業區使用)(原屬第參種住宅區)"
萬華區,萬華,1,794,0,"第參種商業區(依都市計畫說明書圖規定辦理,始得作第參種商業區使用)(原屬第參種住宅區)"
萬華區,萬華,1,795,0,"第參種商業區(依都市計畫說明書圖規定辦理,始得作第參種商業區使用)(原屬第參種住宅區)"
萬華區,萬華,1,796,0,"第參種商業區(依都市計畫說明書圖規定辦理,始得作第參種商業區使用)(原屬第參種住宅區)"
萬華區,萬華,1,796,1,"第參種商業區(依都市計畫說明書圖規定辦理,始得作第參種商業區使用)(原屬第參種住宅區)"
萬華區,萬華,1,797,0,道路用地(公共設施用地)
萬華區,萬華,1,798,0,"第參種商業區(依都市計畫說明書圖規定辦理,始得作第參種商業區使用)(原屬第參種住宅區)"
萬華區,萬華,1,799,0,"第參種商業區(依都市計畫說明書圖規定辦理,始得作第參種商業區使用)(原屬第參種住宅區)"
萬華區,萬華,1,800,0,"第參種商業區(依都市計畫說明書圖規定辦理,始得作第參種商業區使用)(原屬第參種住宅區)"
萬華區,萬華,1,801,0,"第參種商業區(依都市計畫說明書圖規定辦理,始得作第參種商業區使用)(原屬第參種住宅區)"
萬華區,萬華,1,801,1,"第參種商業區(依都市計畫說明書圖規定辦理,始得作第參種商業區使用)(原屬第參種住宅區)"
萬華區,萬華,1,802,0,道路用地(公共設施用地)
萬華區,萬華,1,803,0,道路用地(公共設施用地)
萬華區,萬華,1,804,0,道路用地(公共設施用地)
萬華區,萬華,1,805,0,"第參種商業區(依都市計畫說明書圖規定辦理,始得作第參種商業區使用)(原屬第參之壹種住宅區)"
萬華區,萬華,1,805,1,道路用地(公共設施用地)
萬華區,萬華,1,809,0,"第參種商業區(依都市計畫說明書圖規定辦理,始得作第參種商業區使用)(原屬第參之壹種住宅區)"
萬華區,萬華,1,809,1,道路用地(公共設施用地)
萬華區,萬華,1,810,0,"第參種商業區(依都市計畫說明書圖規定辦理,始得作第參種商業區使用)(原屬第參之壹種住宅區)"
萬華區,萬華,1,810,1,道路用地(公共設施用地)
萬華區,萬華,1,811,0,"第參種商業區(依都市計畫說明書圖規定辦理,始得作第參種商業區使用)(原屬第參之壹種住宅區)"
萬華區,萬華,1,812,0,"第參種商業區(依都市計畫說明書圖規定辦理,始得作第參種商業區使用)(原屬第參之壹種住宅區)"
萬華區,萬華,1,813,0,"第參種商業區(依都市計畫說明書圖規定辦理,始得作第參種商業區使用)(原屬第參之壹種住宅區)"
萬華區,萬華,1,814,0,"第參種商業區(依都市計畫說明書圖規定辦理,始得作第參種商業區使用)(原屬第參之壹種住宅區)"
萬華區,萬華,1,815,0,"第參種商業區(依都市計畫說明書圖規定辦理,始得作第參種商業區使用)(原屬第參之壹種住宅區)"
萬華區,萬華,1,816,0,"第參種商業區(依都市計畫說明書圖規定辦理,始得作第參種商業區使用)(原屬第參之壹種住宅區)"
萬華區,萬華,1,817,0,"第參種商業區(依都市計畫說明書圖規定辦理,始得作第參種商業區使用)(原屬第參之壹種住宅區)"
萬華區,萬華,1,817,1,道路用地(公共設施用地)
萬華區,萬華,1,818,0,"第參種商業區(依都市計畫說明書圖規定辦理,始得作第參種商業區使用)(原屬第參之壹種住宅區)"
萬華區,萬華,1,818,1,道路用地(公共設施用地)
萬華區,萬華,1,819,0,"第參種商業區(依都市計畫說明書圖規定辦理,始得作第參種商業區使用)(原屬第參之壹種住宅區)"
萬華區,萬華,1,819,1,道路用地(公共設施用地)
萬華區,萬華,1,820,0,"第參種商業區(依都市計畫說明書圖規定辦理,始得作第參種商業區使用)(原屬第參之壹種住宅區)"
萬華區,萬華,1,821,0,"第參種商業區(依都市計畫說明書圖規定辦理,始得作第參種商業區使用)(原屬第參之壹種住宅區)"
萬華區,萬華,1,822,0,"第參種商業區(依都市計畫說明書圖規定辦理,始得作第參種商業區使用)(原屬第參之壹種住宅區)"
萬華區,萬華,1,823,0,"第參種商業區(依都市計畫說明書圖規定辦理,始得作第參種商業區使用)(原屬第參之壹種住宅區)"
萬華區,萬華,1,823,1,道路用地(公共設施用地)
萬華區,萬華,1,824,0,"第參種商業區(依都市計畫說明書圖規定辦理,始得作第參種商業區使用)(原屬第參之壹種住宅區)"
萬華區,萬華,1,824,1,道路用地(公共設施用地)
萬華區,萬華,1,825,0,"第參種商業區(依都市計畫說明書圖規定辦理,始得作第參種商業區使用)(原屬第參之壹種住宅區)"
萬華區,萬華,1,825,1,道路用地(公共設施用地)
萬華區,萬華,1,826,0,"第參種商業區(依都市計畫說明書圖規定辦理,始得作第參種商業區使用)(原屬第參之壹種住宅區)"
萬華區,萬華,1,827,0,"第參種商業區(依都市計畫說明書圖規定辦理,始得作第參種商業區使用)(原屬第參之壹種住宅區)"
萬華區,萬華,1,828,0,"第參種商業區(依都市計畫說明書圖規定辦理,始得作第參種商業區使用)(原屬第參之壹種住宅區)"
萬華區,萬華,1,829,0,"第參種商業區(依都市計畫說明書圖規定辦理,始得作第參種商業區使用)(原屬第參之壹種住宅區)"
萬華區,萬華,1,829,1,道路用地(公共設施用地)
萬華區,萬華,1,830,0,"第參種商業區(依都市計畫說明書圖規定辦理,始得作第參種商業區使用)(原屬第參之壹種住宅區)"
萬華區,萬華,1,830,1,道路用地(公共設施用地)
萬華區,萬華,1,831,0,"第參種商業區(依都市計畫說明書圖規定辦理,始得作第參種商業區使用)(原屬第參之壹種住宅區)"
萬華區,萬華,1,832,0,"第參種商業區(依都市計畫說明書圖規定辦理,始得作第參種商業區使用)(原屬第參之壹種住宅區)"
萬華區,萬華,1,832,1,道路用地(公共設施用地)
萬華區,萬華,1,833,0,"第參種商業區(依都市計畫說明書圖規定辦理,始得作第參種商業區使用)(原屬第參之壹種住宅區)"
萬華區,萬華,1,833,1,道路用地(公共設施用地)
萬華區,萬華,1,834,0,道路用地(公共設施用地)
萬華區,萬華,1,835,0,"第參種商業區(依都市計畫說明書圖規定辦理,始得作第參種商業區使用)(原屬第參之壹種住宅區)"
萬華區,萬華,1,837,1,道路用地(公共設施用地)
萬華區,萬華,1,838,0,"第參種商業區(依都市計畫說明書圖規定辦理,始得作第參種商業區使用)(原屬第參之壹種住宅區)"
萬華區,萬華,1,839,0,"第參種商業區(依都市計畫說明書圖規定辦理,始得作第參種商業區使用)(原屬第參之壹種住宅區)"
萬華區,萬華,1,839,1,道路用地(公共設施用地)
萬華區,萬華,1,839,2,"第參種商業區(依都市計畫說明書圖規定辦理,始得作第參種商業區使用)(原屬第參種住宅區)"
萬華區,萬華,1,840,1,道路用地(公共設施用地)
萬華區,萬華,1,841,0,"第參種商業區(依都市計畫說明書圖規定辦理,始得作第參種商業區使用)(原屬第參之壹種住宅區)"
萬華區,萬華,1,841,1,道路用地(公共設施用地)
萬華區,萬華,1,841,2,"第參種商業區(依都市計畫說明書圖規定辦理,始得作第參種商業區使用)(原屬第參種住宅區)"
萬華區,萬華,1,843,0,道路用地(公共設施用地)
萬華區,萬華,1,844,1,道路用地(公共設施用地)
萬華區,萬華,1,845,1,道路用地(公共設施用地)
萬華區,萬華,1,848,0,道路用地(公共設施用地)
萬華區,萬華,1,848,1,"第參種商業區(依都市計畫說明書圖規定辦理,始得作第參種商業區使用)(原屬第參種住宅區)"
萬華區,萬華,1,848,2,道路用地(公共設施用地)
萬華區,萬華,1,849,0,"第參種商業區(依都市計畫說明書圖規定辦理,始得作第參種商業區使用)(原屬第參種住宅區)"
萬華區,萬華,1,849,1,道路用地(公共設施用地)
萬華區,萬華,1,850,0,道路用地(公共設施用地)
萬華區,萬華,1,852,0,"第參種商業區(依都市計畫說明書圖規定辦理,始得作第參種商業區使用)(原屬第參種住宅區)"
萬華區,萬華,1,852,1,道路用地(公共設施用地)
萬華區,萬華,1,853,0,"第參種商業區(依都市計畫說明書圖規定辦理,始得作第參種商業區使用)(原屬第參種住宅區)"
萬華區,萬華,1,853,1,道路用地(公共設施用地)
萬華區,萬華,1,854,0,"第參種商業區(依都市計畫說明書圖規定辦理,始得作第參種商業區使用)(原屬第參種住宅區)"
萬華區,萬華,1,855,0,"第參種商業區(依都市計畫說明書圖規定辦理,始得作第參種商業區使用)(原屬第參種住宅區)"
萬華區,萬華,1,856,0,"第參種商業區(依都市計畫說明書圖規定辦理,始得作第參種商業區使用)(原屬第參種住宅區)"
萬華區,萬華,1,857,0,"第參種商業區(依都市計畫說明書圖規定辦理,始得作第參種商業區使用)(原屬第參種住宅區)"
萬華區,萬華,1,858,1,道路用地(公共設施用地)
萬華區,萬華,1,859,1,道路用地(公共設施用地)
萬華區,萬華,1,861,1,道路用地(公共設施用地)
萬華區,萬華,1,862,0,道路用地(公共設施用地)
萬華區,萬華,1,863,0,"第參種商業區(依都市計畫說明書圖規定辦理,始得作第參種商業區使用)(原屬第參種住宅區)"
萬華區,萬華,1,864,0,"第參種商業區(依都市計畫說明書圖規定辦理,始得作第參種商業區使用)(原屬第參種住宅區)"
萬華區,萬華,1,865,0,"第參種商業區(依都市計畫說明書圖規定辦理,始得作第參種商業區使用)(原屬第參種住宅區)"
萬華區,萬華,1,866,0,"第參種商業區(依都市計畫說明書圖規定辦理,始得作第參種商業區使用)(原屬第參種住宅區)"
萬華區,萬華,1,867,0,"第參種商業區(依都市計畫說明書圖規定辦理,始得作第參種商業區使用)(原屬第參種住宅區)"
萬華區,萬華,1,867,1,道路用地(公共設施用地)
萬華區,萬華,1,868,0,"第參種商業區(依都市計畫說明書圖規定辦理,始得作第參種商業區使用)(原屬第參種住宅區)"
萬華區,萬華,1,868,1,道路用地(公共設施用地)
萬華區,萬華,1,869,0,"第參種商業區(依都市計畫說明書圖規定辦理,始得作第參種商業區使用)(原屬第參種住宅區)"
萬華區,萬華,1,870,0,"第參種商業區(依都市計畫說明書圖規定辦理,始得作第參種商業區使用)(原屬第參種住宅區)"
萬華區,萬華,1,871,0,"第參種商業區(依都市計畫說明書圖規定辦理,始得作第參種商業區使用)(原屬第參種住宅區)"
萬華區,萬華,1,871,1,道路用地(公共設施用地)
萬華區,萬華,1,872,0,"第參種商業區(依都市計畫說明書圖規定辦理,始得作第參種商業區使用)(原屬第三之一種住宅區(特))"
萬華區,萬華,1,872,1,道路用地(公共設施用地)
萬華區,萬華,1,873,0,"第參種商業區(依都市計畫說明書圖規定辦理,始得作第參種商業區使用)(原屬第三之一種住宅區(特))"
萬華區,萬華,1,874,0,"第參種商業區(依都市計畫說明書圖規定辦理,始得作第參種商業區使用)(原屬第三之一種住宅區(特))"
萬華區,萬華,1,875,0,"第參種商業區(依都市計畫說明書圖規定辦理,始得作第參種商業區使用)(原屬第三之一種住宅區(特))"
萬華區,萬華,1,876,0,"第參種商業區(依都市計畫說明書圖規定辦理,始得作第參種商業區使用)(原屬第三之一種住宅區(特))"
萬華區,萬華,1,877,0,道路用地(公共設施用地)
萬華區,萬華,1,877,1,鐵路用地(公共設施用地)
萬華區,萬華,1,878,0,"第參種商業區(依都市計畫說明書圖規定辦理,始得作第參種商業區使用)(原屬第三之一種住宅區(特))及道路用地(公共設施用地)"
萬華區,萬華,1,878,1,道路用地(公共設施用地)
萬華區,萬華,1,879,0,道路用地(公共設施用地)
萬華區,萬華,1,879,1,鐵路用地(公共設施用地)
萬華區,萬華,1,880,1,鐵路用地(公共設施用地)
萬華區,萬華,1,881,1,鐵路用地(公共設施用地)
萬華區,萬華,1,882,0,鐵路用地(公共設施用地)
萬華區,萬華,1,883,1,鐵路用地(公共設施用地)
萬華區,萬華,1,884,0,道路用地(公共設施用地)
萬華區,萬華,1,884,1,鐵路用地(公共設施用地)
萬華區,萬華,1,884,2,鐵路用地(公共設施用地)
萬華區,萬華,1,885,0,鐵路用地(公共設施用地)
萬華區,萬華,1,886,1,鐵路用地(公共設施用地)
萬華區,萬華,1,888,0,"第參種商業區(依都市計畫說明書圖規定辦理,始得作第參種商業區使用)(原屬第三之一種住宅區(特))"
萬華區,萬華,1,889,0,"第參種商業區(依都市計畫說明書圖規定辦理,始得作第參種商業區使用)(原屬第三之一種住宅區(特))"
萬華區,萬華,1,890,0,"第參種商業區(依都市計畫說明書圖規定辦理,始得作第參種商業區使用)(原屬第三之一種住宅區(特))"
萬華區,萬華,1,891,0,"第參種商業區(依都市計畫說明書圖規定辦理,始得作第參種商業區使用)(原屬第三之一種住宅區(特))"
萬華區,萬華,1,892,0,"第參種商業區(依都市計畫說明書圖規定辦理,始得作第參種商業區使用)(原屬第三之一種住宅區(特))"
萬華區,萬華,1,893,0,"第參種商業區(依都市計畫說明書圖規定辦理,始得作第參種商業區使用)(原屬第三之一種住宅區(特))"
萬華區,萬華,1,893,1,道路用地(公共設施用地)
萬華區,萬華,1,894,0,"第參種商業區(依都市計畫說明書圖規定辦理,始得作第參種商業區使用)(原屬第參種住宅區)"
萬華區,萬華,1,894,1,道路用地(公共設施用地)
萬華區,萬華,1,895,0,"第參種商業區(依都市計畫說明書圖規定辦理,始得作第參種商業區使用)(原屬第參種住宅區)"
萬華區,萬華,1,896,0,"第參種商業區(依都市計畫說明書圖規定辦理,始得作第參種商業區使用)(原屬第參種住宅區)"
萬華區,萬華,1,897,0,"第參種商業區(依都市計畫說明書圖規定辦理,始得作第參種商業區使用)(原屬第參種住宅區)"
萬華區,萬華,1,898,0,"第參種商業區(依都市計畫說明書圖規定辦理,始得作第參種商業區使用)(原屬第參種住宅區)"
萬華區,萬華,1,898,1,道路用地(公共設施用地)
萬華區,萬華,1,899,0,"第參種商業區(依都市計畫說明書圖規定辦理,始得作第參種商業區使用)(原屬第參種住宅區)"
萬華區,萬華,1,899,1,道路用地(公共設施用地)
萬華區,萬華,1,900,0,"第參種商業區(依都市計畫說明書圖規定辦理,始得作第參種商業區使用)(原屬第參種住宅區)"
萬華區,萬華,1,901,0,"第參種商業區(依都市計畫說明書圖規定辦理,始得作第參種商業區使用)(原屬第參種住宅區)"
萬華區,萬華,1,901,1,道路用地(公共設施用地)
萬華區,萬華,1,902,0,"第參種商業區(依都市計畫說明書圖規定辦理,始得作第參種商業區使用)(原屬第參種住宅區)"
萬華區,萬華,1,902,1,道路用地(公共設施用地)
萬華區,萬華,1,903,0,"第參種商業區(依都市計畫說明書圖規定辦理,始得作第參種商業區使用)(原屬第參種住宅區)"
萬華區,萬華,1,903,1,道路用地(公共設施用地)
萬華區,萬華,1,904,0,道路用地(公共設施用地)
萬華區,萬華,1,905,0,"第參種商業區(依都市計畫說明書圖規定辦理,始得作第參種商業區使用)(原屬第三之一種住宅區(特))"
萬華區,萬華,1,905,1,道路用地(公共設施用地)
萬華區,萬華,1,905,2,"第參種商業區(依都市計畫說明書圖規定辦理,始得作第參種商業區使用)(原屬第參之壹種住宅區)"
萬華區,萬華,1,906,0,"第參種商業區(依都市計畫說明書圖規定辦理,始得作第參種商業區使用)(原屬第三之一種住宅區(特))"
萬華區,萬華,1,906,1,"第參種商業區(依都市計畫說明書圖規定辦理,始得作第參種商業區使用)(原屬第參之壹種住宅區)"
萬華區,萬華,1,907,0,"第參種商業區(依都市計畫說明書圖規定辦理,始得作第參種商業區使用)(原屬第三之一種住宅區(特))"
萬華區,萬華,1,907,1,"第參種商業區(依都市計畫說明書圖規定辦理,始得作第參種商業區使用)(原屬第參之壹種住宅區)"
萬華區,萬華,1,908,0,"第參種商業區(依都市計畫說明書圖規定辦理,始得作第參種商業區使用)(原屬第三之一種住宅區(特))"
萬華區,萬華,1,908,1,"第參種商業區(依都市計畫說明書圖規定辦理,始得作第參種商業區使用)(原屬第參之壹種住宅區)"
萬華區,萬華,1,909,0,"第參種商業區(依都市計畫說明書圖規定辦理,始得作第參種商業區使用)(原屬第三之一種住宅區(特))"
萬華區,萬華,1,909,2,鐵路用地(公共設施用地)
萬華區,萬華,1,910,0,"第參種商業區(依都市計畫說明書圖規定辦理,始得作第參種商業區使用)(原屬第參之壹種住宅區)"
萬華區,萬華,1,910,2,鐵路用地(公共設施用地)
萬華區,萬華,1,910,3,"第參種商業區(依都市計畫說明書圖規定辦理,始得作第參種商業區使用)(原屬第三之一種住宅區(特))"
萬華區,萬華,1,911,0,"第參種商業區(依都市計畫說明書圖規定辦理,始得作第參種商業區使用)(原屬第參之壹種住宅區)"
萬華區,萬華,1,911,1,道路用地(公共設施用地)
萬華區,萬華,1,912,0,"第參種商業區(依都市計畫說明書圖規定辦理,始得作第參種商業區使用)(原屬第參之壹種住宅區)"
萬華區,萬華,1,912,1,道路用地(公共設施用地)
萬華區,萬華,1,913,0,"第參種商業區(依都市計畫說明書圖規定辦理,始得作第參種商業區使用)(原屬第參之壹種住宅區)"
萬華區,萬華,1,913,1,道路用地(公共設施用地)
萬華區,萬華,1,914,0,"第參種商業區(依都市計畫說明書圖規定辦理,始得作第參種商業區使用)(原屬第參之壹種住宅區)"
萬華區,萬華,1,914,1,道路用地(公共設施用地)
萬華區,萬華,1,915,0,"第參種商業區(依都市計畫說明書圖規定辦理,始得作第參種商業區使用)(原屬第參之壹種住宅區)"
萬華區,萬華,1,916,0,"第參種商業區(依都市計畫說明書圖規定辦理,始得作第參種商業區使用)(原屬第參之壹種住宅區)"
萬華區,萬華,1,917,0,"第參種商業區(依都市計畫說明書圖規定辦理,始得作第參種商業區使用)(原屬第參之壹種住宅區)"
萬華區,萬華,1,918,0,"第參種商業區(依都市計畫說明書圖規定辦理,始得作第參種商業區使用)(原屬第參之壹種住宅區)"
萬華區,萬華,1,919,0,"第參種商業區(依都市計畫說明書圖規定辦理,始得作第參種商業區使用)(原屬第參之壹種住宅區)"
萬華區,萬華,1,920,0,"第參種商業區(依都市計畫說明書圖規定辦理,始得作第參種商業區使用)(原屬第參之壹種住宅區)"
萬華區,萬華,1,921,0,"第參種商業區(依都市計畫說明書圖規定辦理,始得作第參種商業區使用)(原屬第參之壹種住宅區)"
萬華區,萬華,1,922,0,"第參種商業區(依都市計畫說明書圖規定辦理,始得作第參種商業區使用)(原屬第參之壹種住宅區)"
萬華區,萬華,1,923,0,"第參種商業區(依都市計畫說明書圖規定辦理,始得作第參種商業區使用)(原屬第參之壹種住宅區)"
萬華區,萬華,1,924,0,"第參種商業區(依都市計畫說明書圖規定辦理,始得作第參種商業區使用)(原屬第參之壹種住宅區)"
萬華區,萬華,1,924,1,道路用地(公共設施用地)
萬華區,萬華,1,925,0,"第參種商業區(依都市計畫說明書圖規定辦理,始得作第參種商業區使用)(原屬第參之壹種住宅區)"
萬華區,萬華,1,925,1,道路用地(公共設施用地)
萬華區,萬華,1,926,0,"第參種商業區(依都市計畫說明書圖規定辦理,始得作第參種商業區使用)(原屬第參之壹種住宅區)"
萬華區,萬華,1,928,1,鐵路用地(公共設施用地)
萬華區,萬華,1,929,0,"第參種商業區(依都市計畫說明書圖規定辦理,始得作第參種商業區使用)(原屬第參之壹種住宅區)"
萬華區,萬華,1,929,2,鐵路用地(公共設施用地)
萬華區,萬華,1,930,0,鐵路用地(公共設施用地)
萬華區,萬華,1,931,0,鐵路用地(公共設施用地)
萬華區,萬華,1,931,1,鐵路用地(公共設施用地)
萬華區,萬華,1,931,2,鐵路用地(公共設施用地)
萬華區,萬華,1,931,3,鐵路用地(公共設施用地)
萬華區,萬華,1,931,4,道路用地(公共設施用地)
萬華區,萬華,1,931,5,道路用地(公共設施用地)
萬華區,萬華,2,1,0,國小用地(公共設施用地)
萬華區,萬華,2,2,0,國小用地(公共設施用地)
萬華區,萬華,2,3,0,國小用地(公共設施用地)
萬華區,萬華,2,64,0,國小用地(公共設施用地)
萬華區,萬華,2,65,0,國小用地(公共設施用地)
萬華區,萬華,2,118,0,道路用地(公共設施用地)
萬華區,萬華,2,118,1,道路用地(公共設施用地)
萬華區,萬華,2,118,2,國小用地(公共設施用地)
萬華區,萬華,2,118,3,第三種商業區
萬華區,萬華,2,118,4,國小用地(公共設施用地)
萬華區,萬華,2,119,0,第三種商業區
萬華區,萬華,2,120,0,第三種商業區
萬華區,萬華,2,121,0,第三種商業區
萬華區,萬華,2,122,0,第三種商業區
萬華區,萬華,2,123,0,第三種商業區
萬華區,萬華,2,128,0,第三種商業區
萬華區,萬華,2,129,0,第三種商業區
萬華區,萬華,2,130,0,第三種商業區
萬華區,萬華,2,131,0,第三種商業區
萬華區,萬華,2,132,0,第三種商業區
萬華區,萬華,2,133,0,第三種商業區及道路用地(公共設施用地)
萬華區,萬華,2,134,0,第三種商業區
萬華區,萬華,2,135,0,第三種商業區
萬華區,萬華,2,136,0,第三種商業區
萬華區,萬華,2,137,0,第三種商業區
萬華區,萬華,2,139,0,第三種商業區
萬華區,萬華,2,140,0,第三種商業區
萬華區,萬華,2,141,0,第三種商業區
萬華區,萬華,2,142,0,第三種商業區
萬華區,萬華,2,144,0,第三種商業區
萬華區,萬華,2,145,0,第三種商業區
萬華區,萬華,2,146,0,第三種商業區
萬華區,萬華,2,147,0,第三種商業區
萬華區,萬華,2,148,0,第三種商業區
萬華區,萬華,2,149,0,第三種商業區
萬華區,萬華,2,150,0,第三種商業區
萬華區,萬華,2,151,0,第三種商業區
萬華區,萬華,2,152,0,第三種商業區
萬華區,萬華,2,153,0,第三種商業區
萬華區,萬華,2,154,0,第三種商業區
萬華區,萬華,2,155,0,第三種商業區
萬華區,萬華,2,156,0,第三種商業區
萬華區,萬華,2,157,0,第三種商業區
萬華區,萬華,2,158,0,第三種商業區
萬華區,萬華,2,159,0,第三種商業區
萬華區,萬華,2,160,0,第三種商業區
萬華區,萬華,2,161,0,第三種商業區
萬華區,萬華,2,162,0,第三種商業區
萬華區,萬華,2,163,0,第三種商業區
萬華區,萬華,2,164,0,第三種商業區
萬華區,萬華,2,165,0,"第三種商業區,但是否在道路用地(公共設施用地)(應依建築線或俟地籍測量分割後,再確定)"
萬華區,萬華,2,166,0,第三種商業區
萬華區,萬華,2,167,0,第三種商業區
萬華區,萬華,2,168,0,第三種商業區
萬華區,萬華,2,169,0,第三種商業區
萬華區,萬華,2,170,0,第三種商業區
萬華區,萬華,2,171,0,第三種商業區
萬華區,萬華,2,172,0,第三種商業區
萬華區,萬華,2,173,0,第三種商業區
萬華區,萬華,2,174,0,第三種商業區
萬華區,萬華,2,179,0,第三種商業區
萬華區,萬華,2,183,0,第三種商業區
萬華區,萬華,2,184,0,第三種商業區
萬華區,萬華,2,185,0,第三種商業區
萬華區,萬華,2,186,0,第三種商業區
萬華區,萬華,2,187,0,第三種商業區
萬華區,萬華,2,188,0,第三種商業區
萬華區,萬華,2,189,0,第三種商業區
萬華區,萬華,2,190,0,第三種商業區
萬華區,萬華,2,191,0,第三種商業區
萬華區,萬華,2,192,0,第三種商業區
萬華區,萬華,2,192,1,道路用地(公共設施用地)
萬華區,萬華,2,193,0,道路用地(公共設施用地)
萬華區,萬華,2,194,0,第三種商業區
萬華區,萬華,2,195,0,第三種商業區
萬華區,萬華,2,196,0,第三種商業區
萬華區,萬華,2,198,0,第三種商業區
萬華區,萬華,2,199,0,第三種商業區
萬華區,萬華,2,200,0,第三種商業區
萬華區,萬華,2,201,0,第三種商業區
萬華區,萬華,2,202,0,第三種商業區
萬華區,萬華,2,203,0,第三種商業區
萬華區,萬華,2,204,0,第三種商業區
萬華區,萬華,2,205,0,第三種商業區
萬華區,萬華,2,206,0,第三種商業區
萬華區,萬華,2,207,0,第三種商業區
萬華區,萬華,2,208,0,第三種商業區
萬華區,萬華,2,209,0,第三種商業區
萬華區,萬華,2,210,0,第三種商業區
萬華區,萬華,2,211,0,第三種商業區
萬華區,萬華,2,212,0,第三種商業區
萬華區,萬華,2,213,0,第三種商業區
萬華區,萬華,2,214,0,第三種商業區
萬華區,萬華,2,215,0,第三種商業區
萬華區,萬華,2,216,0,第三種商業區
萬華區,萬華,2,216,1,第三種商業區
萬華區,萬華,2,217,0,第三種商業區
萬華區,萬華,2,217,1,第三種商業區
萬華區,萬華,2,218,0,第三種商業區
萬華區,萬華,2,219,0,第三種商業區
萬華區,萬華,2,220,0,第三種商業區
萬華區,萬華,2,221,0,第三種商業區
萬華區,萬華,2,222,0,第三種商業區
萬華區,萬華,2,223,0,第三種商業區
萬華區,萬華,2,224,0,第三種商業區
萬華區,萬華,2,225,0,第三種商業區
萬華區,萬華,2,226,0,第三種商業區
萬華區,萬華,2,227,0,第三種商業區
萬華區,萬華,2,228,0,第三種商業區
萬華區,萬華,2,229,0,第三種商業區
萬華區,萬華,2,230,0,第三種商業區及道路用地(公共設施用地)
萬華區,萬華,2,231,0,第三種商業區
萬華區,萬華,2,232,0,第三種商業區
萬華區,萬華,2,233,0,第三種商業區
萬華區,萬華,2,234,0,第三種商業區
萬華區,萬華,2,235,0,第三種商業區
萬華區,萬華,2,236,0,第三種商業區
萬華區,萬華,2,236,1,第三種商業區
萬華區,萬華,2,237,0,第三種商業區
萬華區,萬華,2,238,0,第三種商業區
萬華區,萬華,2,239,0,第三種商業區
萬華區,萬華,2,240,0,第三種商業區
萬華區,萬華,2,241,0,第三種商業區
萬華區,萬華,2,242,0,第三種商業區
萬華區,萬華,2,243,0,第三種商業區
萬華區,萬華,2,244,0,第三種商業區
萬華區,萬華,2,245,0,第三種商業區
萬華區,萬華,2,246,0,第三種商業區
萬華區,萬華,2,247,0,第三種商業區
萬華區,萬華,2,248,0,第三種商業區
萬華區,萬華,2,249,0,第三種商業區
萬華區,萬華,2,250,0,第三種商業區
萬華區,萬華,2,251,0,第三種商業區
萬華區,萬華,2,252,0,第三種商業區
萬華區,萬華,2,253,0,第三種商業區及道路用地(公共設施用地)
萬華區,萬華,2,254,0,"第參種商業區(依都市計畫說明書圖規定辦理,始得作第參種商業區使用)(原屬第參種住宅區)"
萬華區,萬華,2,257,1,"道路用地(公共設施用地),但是否在第三種住宅區(應依建築線或俟地籍測量分割後,再確定)"
萬華區,萬華,2,258,1,"第參種商業區(依都市計畫說明書圖規定辦理,始得作第參種商業區使用)(原屬第參種住宅區)"
萬華區,萬華,2,259,0,"第參種商業區(依都市計畫說明書圖規定辦理,始得作第參種商業區使用)(原屬第參種住宅區)"
萬華區,萬華,2,259,1,道路用地(公共設施用地)
萬華區,萬華,2,260,0,"第參種商業區(依都市計畫說明書圖規定辦理,始得作第參種商業區使用)(原屬第參種住宅區)"
萬華區,萬華,2,260,1,道路用地(公共設施用地)
萬華區,萬華,2,261,0,"第參種商業區(依都市計畫說明書圖規定辦理,始得作第參種商業區使用)(原屬第參種住宅區)"
萬華區,萬華,2,261,1,道路用地(公共設施用地)
萬華區,萬華,2,262,0,"第參種商業區(依都市計畫說明書圖規定辦理,始得作第參種商業區使用)(原屬第參種住宅區)"
萬華區,萬華,2,262,1,道路用地(公共設施用地)
萬華區,萬華,2,263,0,"第參種商業區(依都市計畫說明書圖規定辦理,始得作第參種商業區使用)(原屬第參種住宅區)"
萬華區,萬華,2,263,1,道路用地(公共設施用地)
萬華區,萬華,2,264,0,"第參種商業區(依都市計畫說明書圖規定辦理,始得作第參種商業區使用)(原屬第參種住宅區)"
萬華區,萬華,2,264,1,道路用地(公共設施用地)
萬華區,萬華,2,265,0,"第參種商業區(依都市計畫說明書圖規定辦理,始得作第參種商業區使用)(原屬第參種住宅區)"
萬華區,萬華,2,265,1,道路用地(公共設施用地)
萬華區,萬華,2,265,2,道路用地(公共設施用地)
萬華區,萬華,2,265,3,道路用地(公共設施用地)
萬華區,萬華,2,266,0,"第參種商業區(依都市計畫說明書圖規定辦理,始得作第參種商業區使用)(原屬第參種住宅區)"
萬華區,萬華,2,267,0,"第參種商業區(依都市計畫說明書圖規定辦理,始得作第參種商業區使用)(原屬第參種住宅區)"
萬華區,萬華,2,268,0,道路用地(公共設施用地)
萬華區,萬華,2,268,1,"第參種商業區(依都市計畫說明書圖規定辦理,始得作第參種商業區使用)(原屬第參種住宅區)"
萬華區,萬華,2,268,3,"第參種商業區(依都市計畫說明書圖規定辦理,始得作第參種商業區使用)(原屬第參種住宅區)"
萬華區,萬華,2,269,0,"第參種商業區(依都市計畫說明書圖規定辦理,始得作第參種商業區使用)(原屬第參種住宅區)"
萬華區,萬華,2,269,1,"第參種商業區(依都市計畫說明書圖規定辦理,始得作第參種商業區使用)(原屬第參種住宅區)"
萬華區,萬華,2,269,2,"第參種商業區(依都市計畫說明書圖規定辦理,始得作第參種商業區使用)(原屬第參種住宅區)"
萬華區,萬華,2,270,0,道路用地(公共設施用地)
萬華區,萬華,2,270,1,道路用地(公共設施用地)
萬華區,萬華,2,271,0,"第參種商業區(依都市計畫說明書圖規定辦理,始得作第參種商業區使用)(原屬第參之壹種住宅區)"
萬華區,萬華,2,271,1,"第參種商業區(依都市計畫說明書圖規定辦理,始得作第參種商業區使用)(原屬第參種住宅區)"
萬華區,萬華,2,271,2,道路用地(公共設施用地)
萬華區,萬華,2,272,1,"第參種商業區(依都市計畫說明書圖規定辦理,始得作第參種商業區使用)(原屬第參種住宅區)"
萬華區,萬華,2,272,2,道路用地(公共設施用地)
萬華區,萬華,2,273,1,道路用地(公共設施用地)
萬華區,萬華,2,274,1,道路用地(公共設施用地)
萬華區,萬華,2,275,1,道路用地(公共設施用地)
萬華區,萬華,2,276,1,道路用地(公共設施用地)
萬華區,萬華,2,285,1,道路用地(公共設施用地)
萬華區,萬華,2,287,1,道路用地(公共設施用地)
萬華區,萬華,2,287,2,道路用地(公共設施用地)
萬華區,萬華,2,287,3,道路用地(公共設施用地)
萬華區,萬華,2,288,1,道路用地(公共設施用地)
萬華區,萬華,2,291,1,道路用地(公共設施用地)
萬華區,萬華,2,292,0,道路用地(公共設施用地)
萬華區,萬華,2,292,1,道路用地(公共設施用地)
萬華區,萬華,2,292,2,道路用地(公共設施用地)
萬華區,萬華,2,292,3,道路用地(公共設施用地)
萬華區,萬華,2,293,0,"第參種商業區(依都市計畫說明書圖規定辦理,始得作第參種商業區使用)(原屬第參之壹種住宅區)"
萬華區,萬華,2,294,0,"第參種商業區(依都市計畫說明書圖規定辦理,始得作第參種商業區使用)(原屬第參之壹種住宅區)"
萬華區,萬華,2,295,0,"第參種商業區(依都市計畫說明書圖規定辦理,始得作第參種商業區使用)(原屬第參之壹種住宅區)"
萬華區,萬華,2,296,0,"第參種商業區(依都市計畫說明書圖規定辦理,始得作第參種商業區使用)(原屬第參之壹種住宅區)"
萬華區,萬華,2,296,1,道路用地(公共設施用地)
萬華區,萬華,2,297,0,"第參種商業區(依都市計畫說明書圖規定辦理,始得作第參種商業區使用)(原屬第參之壹種住宅區)"
萬華區,萬華,2,297,1,道路用地(公共設施用地)
萬華區,萬華,2,298,0,"第參種商業區(依都市計畫說明書圖規定辦理,始得作第參種商業區使用)(原屬第參種住宅區)"
萬華區,萬華,2,298,1,"第參種商業區(依都市計畫說明書圖規定辦理,始得作第參種商業區使用)(原屬第參之壹種住宅區)"
萬華區,萬華,2,298,2,道路用地(公共設施用地)
萬華區,萬華,2,298,3,道路用地(公共設施用地)
萬華區,萬華,2,299,0,"第參種商業區(依都市計畫說明書圖規定辦理,始得作第參種商業區使用)(原屬第參種住宅區)"
萬華區,萬華,2,299,1,道路用地(公共設施用地)
萬華區,萬華,2,300,0,"第參種商業區(依都市計畫說明書圖規定辦理,始得作第參種商業區使用)(原屬第參種住宅區)"
萬華區,萬華,2,300,1,道路用地(公共設施用地)
萬華區,萬華,2,301,0,"第參種商業區(依都市計畫說明書圖規定辦理,始得作第參種商業區使用)(原屬第參種住宅區)"
萬華區,萬華,2,301,1,道路用地(公共設施用地)
萬華區,萬華,2,302,0,"第參種商業區(依都市計畫說明書圖規定辦理,始得作第參種商業區使用)(原屬第參種住宅區)"
萬華區,萬華,2,302,1,道路用地(公共設施用地)
萬華區,萬華,2,303,0,"第參種商業區(依都市計畫說明書圖規定辦理,始得作第參種商業區使用)(原屬第參種住宅區)"
萬華區,萬華,2,303,1,道路用地(公共設施用地)
萬華區,萬華,2,304,0,"第參種商業區(依都市計畫說明書圖規定辦理,始得作第參種商業區使用)(原屬第參種住宅區)"
萬華區,萬華,2,304,1,道路用地(公共設施用地)
萬華區,萬華,2,305,0,"第參種商業區(依都市計畫說明書圖規定辦理,始得作第參種商業區使用)(原屬第參種住宅區)"
萬華區,萬華,2,305,1,道路用地(公共設施用地)
萬華區,萬華,2,306,0,"第參種商業區(依都市計畫說明書圖規定辦理,始得作第參種商業區使用)(原屬第參種住宅區)"
萬華區,萬華,2,306,1,道路用地(公共設施用地)
萬華區,萬華,2,307,0,"第參種商業區(依都市計畫說明書圖規定辦理,始得作第參種商業區使用)(原屬第參種住宅區及第參之壹種住宅區)"
萬華區,萬華,2,307,1,道路用地(公共設施用地)
萬華區,萬華,2,308,0,"第參種商業區(依都市計畫說明書圖規定辦理,始得作第參種商業區使用)(原屬第參種住宅區)"
萬華區,萬華,2,309,0,"第參種商業區(依都市計畫說明書圖規定辦理,始得作第參種商業區使用)(原屬第參種住宅區)"
萬華區,萬華,2,310,0,"第參種商業區(依都市計畫說明書圖規定辦理,始得作第參種商業區使用)(原屬第參種住宅區)"
萬華區,萬華,2,311,1,"第參種商業區(依都市計畫說明書圖規定辦理,始得作第參種商業區使用)(原屬第參種住宅區)"
萬華區,萬華,2,312,1,"第參種商業區(依都市計畫說明書圖規定辦理,始得作第參種商業區使用)(原屬第參種住宅區)"
萬華區,萬華,2,313,0,"第參種商業區(依都市計畫說明書圖規定辦理,始得作第參種商業區使用)(原屬第參種住宅區)"
萬華區,萬華,2,313,1,道路用地(公共設施用地)
萬華區,萬華,2,313,2,道路用地(公共設施用地)
萬華區,萬華,2,314,0,道路用地(公共設施用地)
萬華區,萬華,2,315,0,"第參種商業區(依都市計畫說明書圖規定辦理,始得作第參種商業區使用)(原屬第參種住宅區)"
萬華區,萬華,2,315,1,道路用地(公共設施用地)
萬華區,萬華,2,316,0,"第參種商業區(依都市計畫說明書圖規定辦理,始得作第參種商業區使用)(原屬第參種住宅區)"
萬華區,萬華,2,317,0,"第參種商業區(依都市計畫說明書圖規定辦理,始得作第參種商業區使用)(原屬第參種住宅區)"
萬華區,萬華,2,318,0,"第參種商業區(依都市計畫說明書圖規定辦理,始得作第參種商業區使用)(原屬第參種住宅區)"
萬華區,萬華,2,320,0,"第參種商業區(依都市計畫說明書圖規定辦理,始得作第參種商業區使用)(原屬第參種住宅區)"
萬華區,萬華,2,321,0,"第參種商業區(依都市計畫說明書圖規定辦理,始得作第參種商業區使用)(原屬第參種住宅區)"
萬華區,萬華,2,322,0,"第參種商業區(依都市計畫說明書圖規定辦理,始得作第參種商業區使用)(原屬第參種住宅區)"
萬華區,萬華,2,323,0,"第參種商業區(依都市計畫說明書圖規定辦理,始得作第參種商業區使用)(原屬第參種住宅區)"
萬華區,萬華,2,324,0,"第參種商業區(依都市計畫說明書圖規定辦理,始得作第參種商業區使用)(原屬第參種住宅區)"
萬華區,萬華,2,325,0,"第參種商業區(依都市計畫說明書圖規定辦理,始得作第參種商業區使用)(原屬第參種住宅區)"
萬華區,萬華,2,325,1,道路用地(公共設施用地)
萬華區,萬華,2,326,0,"第參種商業區(依都市計畫說明書圖規定辦理,始得作第參種商業區使用)(原屬第參種住宅區)"
萬華區,萬華,2,326,1,道路用地(公共設施用地)
萬華區,萬華,2,327,0,"第參種商業區(依都市計畫說明書圖規定辦理,始得作第參種商業區使用)(原屬第參種住宅區)"
萬華區,萬華,2,327,1,道路用地(公共設施用地)
萬華區,萬華,2,327,2,"第參種商業區(依都市計畫說明書圖規定辦理,始得作第參種商業區使用)(原屬第參種住宅區)"
萬華區,萬華,2,328,0,"第參種商業區(依都市計畫說明書圖規定辦理,始得作第參種商業區使用)(原屬第參種住宅區)"
萬華區,萬華,2,329,0,"第參種商業區(依都市計畫說明書圖規定辦理,始得作第參種商業區使用)(原屬第參種住宅區)"
萬華區,萬華,2,329,1,"第參種商業區(依都市計畫說明書圖規定辦理,始得作第參種商業區使用)(原屬第參之壹種住宅區)"
萬華區,萬華,2,330,0,"第參種商業區(依都市計畫說明書圖規定辦理,始得作第參種商業區使用)(原屬第參種住宅區)"
萬華區,萬華,2,330,1,"第參種商業區(依都市計畫說明書圖規定辦理,始得作第參種商業區使用)(原屬第參之壹種住宅區)"
萬華區,萬華,2,331,0,"第參種商業區(依都市計畫說明書圖規定辦理,始得作第參種商業區使用)(原屬第參種住宅區)"
萬華區,萬華,2,332,0,"第參種商業區(依都市計畫說明書圖規定辦理,始得作第參種商業區使用)(原屬第參種住宅區及第參之壹種住宅區)"
萬華區,萬華,2,333,0,"第參種商業區(依都市計畫說明書圖規定辦理,始得作第參種商業區使用)(原屬第參之壹種住宅區)"
萬華區,萬華,2,333,1,"第參種商業區(依都市計畫說明書圖規定辦理,始得作第參種商業區使用)(原屬第參種住宅區)"
萬華區,萬華,2,334,0,"第參種商業區(依都市計畫說明書圖規定辦理,始得作第參種商業區使用)(原屬第參之壹種住宅區)"
萬華區,萬華,2,335,0,"第參種商業區(依都市計畫說明書圖規定辦理,始得作第參種商業區使用)(原屬第參之壹種住宅區)"
萬華區,萬華,2,336,0,"第參種商業區(依都市計畫說明書圖規定辦理,始得作第參種商業區使用)(原屬第參之壹種住宅區)"
萬華區,萬華,2,337,0,"道路用地(公共設施用地),但是否在第參種商業區(依都市計畫說明書圖規定辦理,始得作第參種商業區使用)(應依建築線或俟地籍測量分割後,再確定)"
萬華區,萬華,2,338,0,"道路用地(公共設施用地),但是否在第參種商業區(依都市計畫說明書圖規定辦理,始得作第參種商業區使用)(應依建築線或俟地籍測量分割後,再確定)"
萬華區,萬華,2,339,0,"第參種商業區(依都市計畫說明書圖規定辦理,始得作第參種商業區使用)(原屬第參之壹種住宅區)"
萬華區,萬華,2,340,0,"第參種商業區(依都市計畫說明書圖規定辦理,始得作第參種商業區使用)(原屬第參之壹種住宅區)"
萬華區,萬華,2,341,0,"第參種商業區(依都市計畫說明書圖規定辦理,始得作第參種商業區使用)(原屬第參之壹種住宅區)"
萬華區,萬華,2,342,0,"第參種商業區(依都市計畫說明書圖規定辦理,始得作第參種商業區使用)(原屬第參之壹種住宅區)"
萬華區,萬華,2,343,0,"第參種商業區(依都市計畫說明書圖規定辦理,始得作第參種商業區使用)(原屬第參之壹種住宅區)"
萬華區,萬華,2,344,0,"第參種商業區(依都市計畫說明書圖規定辦理,始得作第參種商業區使用)(原屬第參之壹種住宅區)"
萬華區,萬華,2,345,0,"第參種商業區(依都市計畫說明書圖規定辦理,始得作第參種商業區使用)(原屬第參之壹種住宅區)"
萬華區,萬華,2,346,0,"第參種商業區(依都市計畫說明書圖規定辦理,始得作第參種商業區使用)(原屬第參之壹種住宅區)"
萬華區,萬華,2,347,0,"第參種商業區(依都市計畫說明書圖規定辦理,始得作第參種商業區使用)(原屬第參之壹種住宅區)"
萬華區,萬華,2,347,1,道路用地(公共設施用地)
萬華區,萬華,2,348,0,"第參種商業區(依都市計畫說明書圖規定辦理,始得作第參種商業區使用)(原屬第參之壹種住宅區)"
萬華區,萬華,2,348,1,道路用地(公共設施用地)
萬華區,萬華,2,349,0,"第參種商業區(依都市計畫說明書圖規定辦理,始得作第參種商業區使用)(原屬第參之壹種住宅區)"
萬華區,萬華,2,349,1,道路用地(公共設施用地)
萬華區,萬華,2,350,0,"第參種商業區(依都市計畫說明書圖規定辦理,始得作第參種商業區使用)(原屬第參之壹種住宅區)"
萬華區,萬華,2,350,1,道路用地(公共設施用地)
萬華區,萬華,2,351,0,"第參種商業區(依都市計畫說明書圖規定辦理,始得作第參種商業區使用)(原屬第參之壹種住宅區)"
萬華區,萬華,2,351,1,道路用地(公共設施用地)
萬華區,萬華,2,352,0,"第參種商業區(依都市計畫說明書圖規定辦理,始得作第參種商業區使用)(原屬第參之壹種住宅區)"
萬華區,萬華,2,353,0,"第參種商業區(依都市計畫說明書圖規定辦理,始得作第參種商業區使用)(原屬第參之壹種住宅區)"
萬華區,萬華,2,354,0,"第參種商業區(依都市計畫說明書圖規定辦理,始得作第參種商業區使用)(原屬第參之壹種住宅區)"
萬華區,萬華,2,355,0,"第參種商業區(依都市計畫說明書圖規定辦理,始得作第參種商業區使用)(原屬第參之壹種住宅區)"
萬華區,萬華,2,356,0,"第參種商業區(依都市計畫說明書圖規定辦理,始得作第參種商業區使用)(原屬第參之壹種住宅區)"
萬華區,萬華,2,356,1,道路用地(公共設施用地)
萬華區,萬華,2,357,0,"第參種商業區(依都市計畫說明書圖規定辦理,始得作第參種商業區使用)(原屬第參之壹種住宅區),但是否在道路用地(公共設施用地)(應依建築線或俟地籍測量分割後,再確定)"
萬華區,萬華,2,358,0,"第參種商業區(依都市計畫說明書圖規定辦理,始得作第參種商業區使用)(原屬第參之壹種住宅區)"
萬華區,萬華,2,358,1,道路用地(公共設施用地)
萬華區,萬華,2,359,0,"第參種商業區(依都市計畫說明書圖規定辦理,始得作第參種商業區使用)(原屬第參之壹種住宅區)"
萬華區,萬華,2,359,1,道路用地(公共設施用地)
萬華區,萬華,2,359,2,"第參種商業區(依都市計畫說明書圖規定辦理,始得作第參種商業區使用)(原屬第參種住宅區)"
萬華區,萬華,2,360,0,"第參種商業區(依都市計畫說明書圖規定辦理,始得作第參種商業區使用)(原屬第參種住宅區)"
萬華區,萬華,2,360,1,道路用地(公共設施用地)
萬華區,萬華,2,360,2,"第參種商業區(依都市計畫說明書圖規定辦理,始得作第參種商業區使用)(原屬第參之壹種住宅區)"
萬華區,萬華,2,361,0,道路用地(公共設施用地)
萬華區,萬華,2,362,0,"第參種商業區(依都市計畫說明書圖規定辦理,始得作第參種商業區使用)(原屬第參種住宅區)"
萬華區,萬華,2,362,1,道路用地(公共設施用地)
萬華區,萬華,2,363,0,"第參種商業區(依都市計畫說明書圖規定辦理,始得作第參種商業區使用)(原屬第參種住宅區)"
萬華區,萬華,2,363,1,道路用地(公共設施用地)
萬華區,萬華,2,367,0,"第參種商業區(依都市計畫說明書圖規定辦理,始得作第參種商業區使用)(原屬第參種住宅區)"
萬華區,萬華,2,370,1,道路用地(公共設施用地)
萬華區,萬華,2,371,0,"第參種商業區(依都市計畫說明書圖規定辦理,始得作第參種商業區使用)(原屬第參種住宅區)"
萬華區,萬華,2,371,1,道路用地(公共設施用地)
萬華區,萬華,2,372,0,"第參種商業區(依都市計畫說明書圖規定辦理,始得作第參種商業區使用)(原屬第參種住宅區)"
萬華區,萬華,2,373,0,"第參種商業區(依都市計畫說明書圖規定辦理,始得作第參種商業區使用)(原屬第參種住宅區)"
萬華區,萬華,2,374,0,"第參種商業區(依都市計畫說明書圖規定辦理,始得作第參種商業區使用)(原屬第參種住宅區)"
萬華區,萬華,2,375,0,市場用地(公共設施用地)
萬華區,萬華,2,375,1,道路用地(公共設施用地)
萬華區,萬華,2,376,0,道路用地(公共設施用地)
萬華區,萬華,2,377,0,第三種商業區
萬華區,萬華,2,377,1,道路用地(公共設施用地)
萬華區,萬華,2,377,2,"第參種商業區(依都市計畫說明書圖規定辦理,始得作第參種商業區使用)(原屬第參種住宅區),但是否在道路用地(公共設施用地)(應依建築線或俟地籍測量分割後,再確定)"
萬華區,萬華,2,378,0,第三種商業區及道路用地(公共設施用地)
萬華區,萬華,2,379,0,第三種商業區
萬華區,萬華,2,380,0,第三種商業區
萬華區,萬華,2,381,0,第三種商業區
萬華區,萬華,2,382,0,第三種商業區
萬華區,萬華,2,383,0,第三種商業區
萬華區,萬華,2,384,0,第三種商業區
萬華區,萬華,2,384,1,"第參種商業區(依都市計畫說明書圖規定辦理,始得作第參種商業區使用)(原屬第參種住宅區),但是否在道路用地(公共設施用地)(應依建築線或俟地籍測量分割後,再確定)"
萬華區,萬華,2,385,0,第三種商業區
萬華區,萬華,2,385,1,道路用地(公共設施用地)
萬華區,萬華,2,385,2,"第參種商業區(依都市計畫說明書圖規定辦理,始得作第參種商業區使用)(原屬第參種住宅區)"
萬華區,萬華,2,386,0,"第參種商業區(依都市計畫說明書圖規定辦理,始得作第參種商業區使用)(原屬第參種住宅區)"
萬華區,萬華,2,386,1,道路用地(公共設施用地)
萬華區,萬華,2,386,2,第三種商業區
萬華區,萬華,2,387,0,第三種商業區
萬華區,萬華,2,388,0,第三種商業區
萬華區,萬華,2,389,0,第三種商業區
萬華區,萬華,2,389,1,道路用地(公共設施用地)
萬華區,萬華,2,389,2,"第參種商業區(依都市計畫說明書圖規定辦理,始得作第參種商業區使用)(原屬第參種住宅區)"
萬華區,萬華,2,390,0,"第參種商業區(依都市計畫說明書圖規定辦理,始得作第參種商業區使用)(原屬第參之壹種住宅區)"
萬華區,萬華,2,390,1,道路用地(公共設施用地)
萬華區,萬華,2,390,2,第三種商業區
萬華區,萬華,2,390,3,"第參種商業區(依都市計畫說明書圖規定辦理,始得作第參種商業區使用)(原屬第參種住宅區)"
萬華區,萬華,2,391,0,"交通用地(公共設施用地)(依都市計畫說明書圖規定辦理,本地號部分土地另於83年12月7日劃設,)"
萬華區,萬華,2,392,0,第三種商業區
萬華區,萬華,2,393,0,第三種商業區
萬華區,萬華,2,394,0,"第三種商業區,但是否在交通用地(公共設施用地)(應依建築線或俟地籍測量分割後,再確定)"
萬華區,萬華,2,395,1,道路用地(公共設施用地)
萬華區,萬華,2,396,1,道路用地(公共設施用地)
萬華區,萬華,2,401,1,道路用地(公共設施用地)
萬華區,萬華,2,402,1,道路用地(公共設施用地)
萬華區,萬華,2,404,0,第三種商業區
萬華區,萬華,2,412,0,道路用地(公共設施用地)
萬華區,萬華,2,413,0,第三種商業區
萬華區,萬華,2,413,1,道路用地(公共設施用地)
萬華區,萬華,2,414,0,第三種商業區
萬華區,萬華,2,414,1,道路用地(公共設施用地)
萬華區,萬華,2,415,0,"第參種商業區(依都市計畫說明書圖規定辦理,始得作第參種商業區使用)(原屬第參之壹種住宅區)"
萬華區,萬華,2,415,1,第三種商業區
萬華區,萬華,2,415,2,第三種商業區
萬華區,萬華,2,415,3,"第參種商業區(依都市計畫說明書圖規定辦理,始得作第參種商業區使用)(原屬第參種住宅區)"
萬華區,萬華,2,415,4,道路用地(公共設施用地)
萬華區,萬華,2,415,5,"第參種商業區(依都市計畫說明書圖規定辦理,始得作第參種商業區使用)(原屬第參之壹種住宅區)"
萬華區,萬華,2,415,6,第三種商業區
萬華區,萬華,2,415,7,第三種商業區
萬華區,萬華,2,415,8,"第參種商業區(依都市計畫說明書圖規定辦理,始得作第參種商業區使用)(原屬第參之壹種住宅區)"
萬華區,萬華,2,415,9,"第參種商業區(依都市計畫說明書圖規定辦理,始得作第參種商業區使用)(原屬第參之壹種住宅區)"
萬華區,萬華,2,415,10,第三種商業區
萬華區,萬華,2,415,11,第三種商業區
萬華區,萬華,2,416,0,第三種商業區
萬華區,萬華,2,416,1,"第參種商業區(依都市計畫說明書圖規定辦理,始得作第參種商業區使用)(原屬第參之壹種住宅區)"
萬華區,萬華,2,416,2,道路用地(公共設施用地)
萬華區,萬華,2,417,0,第三種商業區
萬華區,萬華,2,418,0,第三種商業區
萬華區,萬華,2,418,1,道路用地(公共設施用地)
萬華區,萬華,2,419,0,第三種商業區
萬華區,萬華,2,419,1,道路用地(公共設施用地)
萬華區,萬華,2,420,0,第三種商業區
萬華區,萬華,2,421,0,第三種商業區
萬華區,萬華,2,422,0,第三種商業區
萬華區,萬華,2,422,1,道路用地(公共設施用地)
萬華區,萬華,2,423,0,第三種商業區
萬華區,萬華,2,423,1,道路用地(公共設施用地)
萬華區,萬華,2,425,0,道路用地(公共設施用地)
萬華區,萬華,2,426,0,道路用地(公共設施用地)
萬華區,萬華,2,426,1,公園用地(公共設施用地)
萬華區,萬華,2,426,2,公園用地(公共設施用地)
萬華區,萬華,2,426,3,公園用地(公共設施用地)
萬華區,萬華,2,426,4,道路用地(公共設施用地)
萬華區,萬華,2,426,5,"第參種商業區(依都市計畫說明書圖規定辦理,始得作第參種商業區使用)(原屬第參種住宅區)"
萬華區,萬華,2,426,6,道路用地(公共設施用地)
萬華區,萬華,2,426,7,道路用地(公共設施用地)
萬華區,萬華,2,427,0,道路用地(公共設施用地)
萬華區,萬華,2,427,1,公園用地(公共設施用地)
萬華區,萬華,2,427,2,公園用地(公共設施用地)
萬華區,萬華,2,427,3,公園用地(公共設施用地)
萬華區,萬華,2,427,6,道路用地(公共設施用地)
萬華區,萬華,2,428,0,道路用地(公共設施用地)
萬華區,萬華,2,429,0,"第參種商業區(依都市計畫說明書圖規定辦理,始得作第參種商業區使用)(原屬第參之壹種住宅區),但是否在道路用地(公共設施用地)(應依建築線或俟地籍測量分割後,再確定)"
萬華區,萬華,2,429,1,"道路用地(公共設施用地),但是否在第參種商業區(依都市計畫說明書圖規定辦理,始得作第參種商業區使用)(原屬第參種住宅區,應依建築線或俟地籍測量分割後,再確定)"
萬華區,萬華,2,430,0,"道路用地(公共設施用地),但是否在第參種商業區(依都市計畫說明書圖規定辦理,始得作第參種商業區使用)(原屬第參種住宅區,應依建築線或俟地籍測量分割後,再確定)"
萬華區,萬華,2,431,0,"第參種商業區(依都市計畫說明書圖規定辦理,始得作第參種商業區使用)(原屬第參之壹種住宅區)"
萬華區,萬華,2,431,1,"第參種商業區(依都市計畫說明書圖規定辦理,始得作第參種商業區使用)(原屬第參種住宅區及第參之壹種住宅區)"
萬華區,萬華,2,431,2,"第參種商業區(依都市計畫說明書圖規定辦理,始得作第參種商業區使用)(原屬第參種住宅區)"
萬華區,萬華,2,432,0,"第參種商業區(依都市計畫說明書圖規定辦理,始得作第參種商業區使用)(原屬第參之壹種住宅區)"
萬華區,萬華,2,432,1,"第參種商業區(依都市計畫說明書圖規定辦理,始得作第參種商業區使用)(原屬第參種住宅區及第參之壹種住宅區)"
萬華區,萬華,2,432,2,"第參種商業區(依都市計畫說明書圖規定辦理,始得作第參種商業區使用)(原屬第參種住宅區)"
萬華區,萬華,2,433,0,"第參種商業區(依都市計畫說明書圖規定辦理,始得作第參種商業區使用)(原屬第參之壹種住宅區)"
萬華區,萬華,2,433,1,"第參種商業區(依都市計畫說明書圖規定辦理,始得作第參種商業區使用)(原屬第參種住宅區)"
萬華區,萬華,2,434,0,"第參種商業區(依都市計畫說明書圖規定辦理,始得作第參種商業區使用)(原屬第參之壹種住宅區)"
萬華區,萬華,2,434,1,"第參種商業區(依都市計畫說明書圖規定辦理,始得作第參種商業區使用)(原屬第參種住宅區)"
萬華區,萬華,2,435,0,"第參種商業區(依都市計畫說明書圖規定辦理,始得作第參種商業區使用)(原屬第參種住宅區)"
萬華區,萬華,2,436,0,"第參種商業區(依都市計畫說明書圖規定辦理,始得作第參種商業區使用)(原屬第參之壹種住宅區)"
萬華區,萬華,2,437,0,"第參種商業區(依都市計畫說明書圖規定辦理,始得作第參種商業區使用)(原屬第參之壹種住宅區)"
萬華區,萬華,2,441,0,道路用地(公共設施用地)
萬華區,萬華,2,442,0,"第參種商業區(依都市計畫說明書圖規定辦理,始得作第參種商業區使用)(原屬第參之壹種住宅區)"
萬華區,萬華,2,443,0,"第參種商業區(依都市計畫說明書圖規定辦理,始得作第參種商業區使用),但是否在道路用地(公共設施用地)(應依建築線或俟地籍測量分割後,再確定)"
萬華區,萬華,2,444,0,"第參種商業區(依都市計畫說明書圖規定辦理,始得作第參種商業區使用)(原屬第參之壹種住宅區)"
萬華區,萬華,2,445,0,"第參種商業區(依都市計畫說明書圖規定辦理,始得作第參種商業區使用)(原屬第參之壹種住宅區)"
萬華區,萬華,2,446,0,"第參種商業區(依都市計畫說明書圖規定辦理,始得作第參種商業區使用)(原屬第參之壹種住宅區)"
萬華區,萬華,2,447,0,"第參種商業區(依都市計畫說明書圖規定辦理,始得作第參種商業區使用)(原屬第參之壹種住宅區)"
萬華區,萬華,2,448,0,"第參種商業區(依都市計畫說明書圖規定辦理,始得作第參種商業區使用)(原屬第參之壹種住宅區)"
萬華區,萬華,2,449,0,"第參種商業區(依都市計畫說明書圖規定辦理,始得作第參種商業區使用)(原屬第參之壹種住宅區)"
萬華區,萬華,2,450,0,"第參種商業區(依都市計畫說明書圖規定辦理,始得作第參種商業區使用)(原屬第參種住宅區)"
萬華區,萬華,2,450,1,"第參種商業區(依都市計畫說明書圖規定辦理,始得作第參種商業區使用)(原屬第參之壹種住宅區)"
萬華區,萬華,2,450,4,"第參種商業區(依都市計畫說明書圖規定辦理,始得作第參種商業區使用)(原屬第參之壹種住宅區)"
萬華區,萬華,2,451,0,"第參種商業區(依都市計畫說明書圖規定辦理,始得作第參種商業區使用)(原屬第參種住宅區)"
萬華區,萬華,2,451,1,"第參種商業區(依都市計畫說明書圖規定辦理,始得作第參種商業區使用)(原屬第參之壹種住宅區)"
萬華區,萬華,2,452,0,"第參種商業區(依都市計畫說明書圖規定辦理,始得作第參種商業區使用)(原屬第參種住宅區及第參之壹種住宅區)"
萬華區,萬華,2,452,1,"第參種商業區(依都市計畫說明書圖規定辦理,始得作第參種商業區使用)(原屬第參種住宅區)"
萬華區,萬華,2,453,0,"第參種商業區(依都市計畫說明書圖規定辦理,始得作第參種商業區使用)(原屬第參之壹種住宅區)"
萬華區,萬華,2,453,1,"第參種商業區(依都市計畫說明書圖規定辦理,始得作第參種商業區使用)(原屬第參種住宅區)"
萬華區,萬華,2,454,0,"第參種商業區(依都市計畫說明書圖規定辦理,始得作第參種商業區使用)(原屬第參之壹種住宅區)"
萬華區,萬華,2,455,0,"第參種商業區(依都市計畫說明書圖規定辦理,始得作第參種商業區使用)(原屬第參之壹種住宅區)"
萬華區,萬華,2,456,0,"第參種商業區(依都市計畫說明書圖規定辦理,始得作第參種商業區使用)(原屬第參之壹種住宅區)"
萬華區,萬華,2,457,0,"第參種商業區(依都市計畫說明書圖規定辦理,始得作第參種商業區使用)(原屬第參之壹種住宅區)"
萬華區,萬華,2,458,0,"第參種商業區(依都市計畫說明書圖規定辦理,始得作第參種商業區使用)(原屬第參之壹種住宅區)"
萬華區,萬華,2,459,0,"第參種商業區(依都市計畫說明書圖規定辦理,始得作第參種商業區使用)(原屬第參之壹種住宅區)"
萬華區,萬華,2,460,0,"第參種商業區(依都市計畫說明書圖規定辦理,始得作第參種商業區使用)(原屬第參之壹種住宅區)"
萬華區,萬華,2,460,1,"第參種商業區(依都市計畫說明書圖規定辦理,始得作第參種商業區使用)(原屬第參之壹種住宅區)"
萬華區,萬華,2,460,2,"第參種商業區(依都市計畫說明書圖規定辦理,始得作第參種商業區使用)(原屬第參種住宅區)"
萬華區,萬華,2,460,3,"第參種商業區(依都市計畫說明書圖規定辦理,始得作第參種商業區使用)(原屬第參種住宅區)"
萬華區,萬華,2,461,0,"第參種商業區(依都市計畫說明書圖規定辦理,始得作第參種商業區使用)(原屬第參種住宅區)"
萬華區,萬華,2,461,1,道路用地(公共設施用地)
萬華區,萬華,2,461,2,"第參種商業區(依都市計畫說明書圖規定辦理,始得作第參種商業區使用)(原屬第參之壹種住宅區)"
萬華區,萬華,2,462,0,"第參種商業區(依都市計畫說明書圖規定辦理,始得作第參種商業區使用)(原屬第參種住宅區及第參之壹種住宅區)"
萬華區,萬華,2,462,1,"第參種商業區(依都市計畫說明書圖規定辦理,始得作第參種商業區使用)(原屬第參種住宅區)"
萬華區,萬華,2,462,2,道路用地(公共設施用地)
萬華區,萬華,2,462,3,道路用地(公共設施用地)
萬華區,萬華,2,463,0,"第參種商業區(依都市計畫說明書圖規定辦理,始得作第參種商業區使用)(原屬第參種住宅區)"
萬華區,萬華,2,463,1,道路用地(公共設施用地)
萬華區,萬華,2,466,0,"第參種商業區(依都市計畫說明書圖規定辦理,始得作第參種商業區使用)(原屬第參之壹種住宅區)"
萬華區,萬華,2,467,0,"第參種商業區(依都市計畫說明書圖規定辦理,始得作第參種商業區使用)(原屬第參之壹種住宅區)"
萬華區,萬華,2,468,0,"第參種商業區(依都市計畫說明書圖規定辦理,始得作第參種商業區使用)(原屬第參之壹種住宅區)"
萬華區,萬華,2,469,0,"第參種商業區(依都市計畫說明書圖規定辦理,始得作第參種商業區使用)(原屬第參之壹種住宅區)"
萬華區,萬華,2,470,0,"第參種商業區(依都市計畫說明書圖規定辦理,始得作第參種商業區使用)(原屬第參之壹種住宅區)"
萬華區,萬華,2,470,1,"第參種商業區(依都市計畫說明書圖規定辦理,始得作第參種商業區使用)(原屬第參種住宅區)"
萬華區,萬華,2,471,0,"第參種商業區(依都市計畫說明書圖規定辦理,始得作第參種商業區使用)(原屬第參之壹種住宅區)"
萬華區,萬華,2,471,1,"第參種商業區(依都市計畫說明書圖規定辦理,始得作第參種商業區使用)(原屬第參種住宅區)"
萬華區,萬華,2,472,0,"第參種商業區(依都市計畫說明書圖規定辦理,始得作第參種商業區使用)(原屬第參之壹種住宅區)"
萬華區,萬華,2,473,0,"第參種商業區(依都市計畫說明書圖規定辦理,始得作第參種商業區使用)(原屬第參之壹種住宅區)"
萬華區,萬華,2,474,0,"第參種商業區(依都市計畫說明書圖規定辦理,始得作第參種商業區使用)(原屬第參之壹種住宅區)"
萬華區,萬華,2,475,0,"第參種商業區(依都市計畫說明書圖規定辦理,始得作第參種商業區使用)(原屬第參之壹種住宅區)"
萬華區,萬華,2,475,1,"第參種商業區(依都市計畫說明書圖規定辦理,始得作第參種商業區使用)(原屬第參之壹種住宅區)"
萬華區,萬華,2,476,0,"第參種商業區(依都市計畫說明書圖規定辦理,始得作第參種商業區使用)(原屬第參之壹種住宅區)"
萬華區,萬華,2,477,0,"第參種商業區(依都市計畫說明書圖規定辦理,始得作第參種商業區使用)(原屬第參之壹種住宅區)"
萬華區,萬華,2,478,0,"第參種商業區(依都市計畫說明書圖規定辦理,始得作第參種商業區使用)(原屬第參之壹種住宅區)"
萬華區,萬華,2,479,0,"第參種商業區(依都市計畫說明書圖規定辦理,始得作第參種商業區使用)(原屬第參之壹種住宅區)"
萬華區,萬華,2,480,0,"第參種商業區(依都市計畫說明書圖規定辦理,始得作第參種商業區使用)(原屬第參之壹種住宅區)"
萬華區,萬華,2,481,0,道路用地(公共設施用地)
萬華區,萬華,2,482,0,"第參種商業區(依都市計畫說明書圖規定辦理,始得作第參種商業區使用)(原屬第參之壹種住宅區)"
萬華區,萬華,2,483,0,"第參種商業區(依都市計畫說明書圖規定辦理,始得作第參種商業區使用)(原屬第參之壹種住宅區)"
萬華區,萬華,2,484,0,"第參種商業區(依都市計畫說明書圖規定辦理,始得作第參種商業區使用)(原屬第參之壹種住宅區)"
萬華區,萬華,2,485,0,"第參種商業區(依都市計畫說明書圖規定辦理,始得作第參種商業區使用)(原屬第參之壹種住宅區)"
萬華區,萬華,2,486,0,"第參種商業區(依都市計畫說明書圖規定辦理,始得作第參種商業區使用)(原屬第參之壹種住宅區)"
萬華區,萬華,2,487,0,道路用地(公共設施用地)
萬華區,萬華,2,488,0,道路用地(公共設施用地)
萬華區,萬華,2,488,1,"第參種商業區(依都市計畫說明書圖規定辦理,始得作第參種商業區使用)(原屬第參種住宅區)"
萬華區,萬華,2,488,2,"第參種商業區(依都市計畫說明書圖規定辦理,始得作第參種商業區使用)(原屬第參之壹種住宅區),但是否在道路用地(公共設施用地)(應依建築線或俟地籍測量分割後,再確定)"
萬華區,萬華,2,489,0,"第參種商業區(依都市計畫說明書圖規定辦理,始得作第參種商業區使用)(原屬第參種住宅區)"
萬華區,萬華,2,489,1,道路用地(公共設施用地)
萬華區,萬華,2,490,0,"第參種商業區(依都市計畫說明書圖規定辦理,始得作第參種商業區使用)(原屬第參種住宅區)"
萬華區,萬華,2,490,1,道路用地(公共設施用地)
萬華區,萬華,2,491,0,"第參種商業區(依都市計畫說明書圖規定辦理,始得作第參種商業區使用)(原屬第參種住宅區)"
萬華區,萬華,2,491,1,道路用地(公共設施用地)
萬華區,萬華,2,492,0,"第參種商業區(依都市計畫說明書圖規定辦理,始得作第參種商業區使用)(原屬第參種住宅區)"
萬華區,萬華,2,492,1,道路用地(公共設施用地)
萬華區,萬華,2,492,2,"第參種商業區(依都市計畫說明書圖規定辦理,始得作第參種商業區使用)(原屬第參之壹種住宅區)"
萬華區,萬華,2,493,0,"第參種商業區(依都市計畫說明書圖規定辦理,始得作第參種商業區使用)(原屬第參種住宅區)"
萬華區,萬華,2,493,1,道路用地(公共設施用地)
萬華區,萬華,2,493,2,"第參種商業區(依都市計畫說明書圖規定辦理,始得作第參種商業區使用)(原屬第參之壹種住宅區)"
萬華區,萬華,2,494,0,"第參種商業區(依都市計畫說明書圖規定辦理,始得作第參種商業區使用)(原屬第參種住宅區)"
萬華區,萬華,2,494,1,道路用地(公共設施用地)
萬華區,萬華,2,494,2,"第參種商業區(依都市計畫說明書圖規定辦理,始得作第參種商業區使用)(原屬第參之壹種住宅區)"
萬華區,萬華,2,495,0,"第參種商業區(依都市計畫說明書圖規定辦理,始得作第參種商業區使用)(原屬第參之壹種住宅區)"
萬華區,萬華,2,495,1,道路用地(公共設施用地)
萬華區,萬華,2,495,2,"第參種商業區(依都市計畫說明書圖規定辦理,始得作第參種商業區使用)(原屬第參種住宅區)"
萬華區,萬華,2,496,0,"第參種商業區(依都市計畫說明書圖規定辦理,始得作第參種商業區使用)(原屬第參之壹種住宅區)"
萬華區,萬華,2,496,1,道路用地(公共設施用地)
萬華區,萬華,2,496,2,"第參種商業區(依都市計畫說明書圖規定辦理,始得作第參種商業區使用)(原屬第參種住宅區)"
萬華區,萬華,2,497,0,道路用地(公共設施用地)
萬華區,萬華,2,498,0,"第參種商業區(依都市計畫說明書圖規定辦理,始得作第參種商業區使用)(原屬第參之壹種住宅區)"
萬華區,萬華,2,499,0,道路用地(公共設施用地)
萬華區,萬華,2,499,1,道路用地(公共設施用地)
萬華區,萬華,2,499,2,道路用地(公共設施用地)
萬華區,萬華,2,500,0,"第參種商業區(依都市計畫說明書圖規定辦理,始得作第參種商業區使用)(原屬第參種住宅區)"
萬華區,萬華,2,500,1,道路用地(公共設施用地)
萬華區,萬華,2,501,0,道路用地(公共設施用地)
萬華區,萬華,2,502,0,"第參種商業區(依都市計畫說明書圖規定辦理,始得作第參種商業區使用)(原屬第參種住宅區)"
萬華區,萬華,2,502,1,道路用地(公共設施用地)
萬華區,萬華,2,503,0,"第參種商業區(依都市計畫說明書圖規定辦理,始得作第參種商業區使用)(原屬第參種住宅區)"
萬華區,萬華,2,503,1,道路用地(公共設施用地)
萬華區,萬華,2,504,0,"第參種商業區(依都市計畫說明書圖規定辦理,始得作第參種商業區使用)(原屬第參種住宅區)"
萬華區,萬華,2,504,1,"第參種商業區(依都市計畫說明書圖規定辦理,始得作第參種商業區使用)(原屬第參種住宅區)"
萬華區,萬華,2,505,0,"第參種商業區(依都市計畫說明書圖規定辦理,始得作第參種商業區使用)(原屬第參種住宅區)"
萬華區,萬華,2,505,1,道路用地(公共設施用地)
萬華區,萬華,2,506,0,"第參種商業區(依都市計畫說明書圖規定辦理,始得作第參種商業區使用)(原屬第參種住宅區)"
萬華區,萬華,2,506,1,道路用地(公共設施用地)
萬華區,萬華,2,507,0,"第參種商業區(依都市計畫說明書圖規定辦理,始得作第參種商業區使用)(原屬第參種住宅區)"
萬華區,萬華,2,507,1,道路用地(公共設施用地)
萬華區,萬華,2,508,0,"第參種商業區(依都市計畫說明書圖規定辦理,始得作第參種商業區使用)(原屬第參種住宅區)"
萬華區,萬華,2,509,0,"第參種商業區(依都市計畫說明書圖規定辦理,始得作第參種商業區使用)(原屬第參種住宅區)"
萬華區,萬華,2,509,1,道路用地(公共設施用地)
萬華區,萬華,2,510,0,"第參種商業區(依都市計畫說明書圖規定辦理,始得作第參種商業區使用)(原屬第參種住宅區)"
萬華區,萬華,2,511,0,"第參種商業區(依都市計畫說明書圖規定辦理,始得作第參種商業區使用)(原屬第參種住宅區)"
萬華區,萬華,2,512,0,"第參種商業區(依都市計畫說明書圖規定辦理,始得作第參種商業區使用)(原屬第參種住宅區)"
萬華區,萬華,2,513,0,"第參種商業區(依都市計畫說明書圖規定辦理,始得作第參種商業區使用)(原屬第參種住宅區)"
萬華區,萬華,2,514,0,"第參種商業區(依都市計畫說明書圖規定辦理,始得作第參種商業區使用)(原屬第參種住宅區)"
萬華區,萬華,2,515,0,"第參種商業區(依都市計畫說明書圖規定辦理,始得作第參種商業區使用)(原屬第參種住宅區)"
萬華區,萬華,2,516,0,"第參種商業區(依都市計畫說明書圖規定辦理,始得作第參種商業區使用)(原屬第參種住宅區)"
萬華區,萬華,2,517,0,"第參種商業區(依都市計畫說明書圖規定辦理,始得作第參種商業區使用)(原屬第參種住宅區)"
萬華區,萬華,2,518,0,"第參種商業區(依都市計畫說明書圖規定辦理,始得作第參種商業區使用)(原屬第參種住宅區)"
萬華區,萬華,2,519,0,"第參種商業區(依都市計畫說明書圖規定辦理,始得作第參種商業區使用)(原屬第參種住宅區)"
萬華區,萬華,2,520,0,"第參種商業區(依都市計畫說明書圖規定辦理,始得作第參種商業區使用)(原屬第參種住宅區)"
萬華區,萬華,2,521,0,"第參種商業區(依都市計畫說明書圖規定辦理,始得作第參種商業區使用)(原屬第參種住宅區)"
萬華區,萬華,2,522,0,"第參種商業區(依都市計畫說明書圖規定辦理,始得作第參種商業區使用)(原屬第參種住宅區)"
萬華區,萬華,2,523,0,"第參種商業區(依都市計畫說明書圖規定辦理,始得作第參種商業區使用)(原屬第參種住宅區)"
萬華區,萬華,2,524,0,"第參種商業區(依都市計畫說明書圖規定辦理,始得作第參種商業區使用)(原屬第參種住宅區)"
萬華區,萬華,2,525,0,"第參種商業區(依都市計畫說明書圖規定辦理,始得作第參種商業區使用)(原屬第參種住宅區)"
萬華區,萬華,2,526,0,道路用地(公共設施用地)
萬華區,萬華,2,527,0,道路用地(公共設施用地)
萬華區,萬華,2,528,0,道路用地(公共設施用地)
萬華區,萬華,2,529,0,"第參種商業區(依都市計畫說明書圖規定辦理,始得作第參種商業區使用)(原屬第參種住宅區)"
萬華區,萬華,2,530,0,"第參種商業區(依都市計畫說明書圖規定辦理,始得作第參種商業區使用)(原屬第參種住宅區)"
萬華區,萬華,2,531,0,"第參種商業區(依都市計畫說明書圖規定辦理,始得作第參種商業區使用)(原屬第參種住宅區)"
萬華區,萬華,2,532,0,"第參種商業區(依都市計畫說明書圖規定辦理,始得作第參種商業區使用)(原屬第參種住宅區)"
萬華區,萬華,2,533,0,"第參種商業區(依都市計畫說明書圖規定辦理,始得作第參種商業區使用)(原屬第參種住宅區)"
萬華區,萬華,2,534,0,"第參種商業區(依都市計畫說明書圖規定辦理,始得作第參種商業區使用)(原屬第參種住宅區)"
萬華區,萬華,2,535,0,"第參種商業區(依都市計畫說明書圖規定辦理,始得作第參種商業區使用)(原屬第參種住宅區)"
萬華區,萬華,2,536,0,"第參種商業區(依都市計畫說明書圖規定辦理,始得作第參種商業區使用)(原屬第參種住宅區)"
萬華區,萬華,2,537,0,"第參種商業區(依都市計畫說明書圖規定辦理,始得作第參種商業區使用)(原屬第參種住宅區)"
萬華區,萬華,2,538,0,"第參種商業區(依都市計畫說明書圖規定辦理,始得作第參種商業區使用)(原屬第參種住宅區)"
萬華區,萬華,2,539,0,"第參種商業區(依都市計畫說明書圖規定辦理,始得作第參種商業區使用)(原屬第參種住宅區)"
萬華區,萬華,2,540,0,"第參種商業區(依都市計畫說明書圖規定辦理,始得作第參種商業區使用)(原屬第參種住宅區)"
萬華區,萬華,2,541,0,"第參種商業區(依都市計畫說明書圖規定辦理,始得作第參種商業區使用)(原屬第參種住宅區)"
萬華區,萬華,2,542,0,"第參種商業區(依都市計畫說明書圖規定辦理,始得作第參種商業區使用)(原屬第參種住宅區)"
萬華區,萬華,2,543,0,"第參種商業區(依都市計畫說明書圖規定辦理,始得作第參種商業區使用)(原屬第參種住宅區)"
萬華區,萬華,2,544,0,"第參種商業區(依都市計畫說明書圖規定辦理,始得作第參種商業區使用)(原屬第參種住宅區)"
萬華區,萬華,2,545,0,"第參種商業區(依都市計畫說明書圖規定辦理,始得作第參種商業區使用)(原屬第參種住宅區)"
萬華區,萬華,2,546,0,"第參種商業區(依都市計畫說明書圖規定辦理,始得作第參種商業區使用)(原屬第參種住宅區)"
萬華區,萬華,2,547,0,"第參種商業區(依都市計畫說明書圖規定辦理,始得作第參種商業區使用)"
萬華區,萬華,2,548,0,"第參種商業區(依都市計畫說明書圖規定辦理,始得作第參種商業區使用)(原屬第參種住宅區)"
萬華區,萬華,2,548,1,"第參種商業區(依都市計畫說明書圖規定辦理,始得作第參種商業區使用)(原屬第參種住宅區)"
萬華區,萬華,2,554,0,道路用地(公共設施用地)
萬華區,萬華,2,555,1,道路用地(公共設施用地)
萬華區,萬華,2,555,2,道路用地(公共設施用地)
萬華區,萬華,2,555,3,"第參種商業區(依都市計畫說明書圖規定辦理,始得作第參種商業區使用)(原屬第參種住宅區)"
萬華區,萬華,2,555,4,道路用地(公共設施用地)
萬華區,萬華,2,556,0,道路用地(公共設施用地)
萬華區,萬華,2,557,0,"第參種商業區(依都市計畫說明書圖規定辦理,始得作第參種商業區使用)(原屬第參種住宅區)"
萬華區,萬華,2,558,0,"第參種商業區(依都市計畫說明書圖規定辦理,始得作第參種商業區使用)(原屬第參種住宅區)"
萬華區,萬華,2,559,0,"第參種商業區(依都市計畫說明書圖規定辦理,始得作第參種商業區使用)(原屬第參種住宅區)"
萬華區,萬華,2,560,0,"第參種商業區(依都市計畫說明書圖規定辦理,始得作第參種商業區使用)(原屬第參種住宅區)"
萬華區,萬華,2,561,0,"第參種商業區(依都市計畫說明書圖規定辦理,始得作第參種商業區使用)(原屬第參種住宅區)"
萬華區,萬華,2,562,0,"第參種商業區(依都市計畫說明書圖規定辦理,始得作第參種商業區使用)(原屬第參種住宅區)"
萬華區,萬華,2,562,1,道路用地(公共設施用地)
萬華區,萬華,2,562,2,"第參種商業區(依都市計畫說明書圖規定辦理,始得作第參種商業區使用)(原屬第參之壹種住宅區)"
萬華區,萬華,2,563,0,"第參種商業區(依都市計畫說明書圖規定辦理,始得作第參種商業區使用)(原屬第參種住宅區)"
萬華區,萬華,2,563,1,道路用地(公共設施用地)
萬華區,萬華,2,563,2,"第參種商業區(依都市計畫說明書圖規定辦理,始得作第參種商業區使用)(原屬第參之壹種住宅區)"
萬華區,萬華,2,563,3,"第參種商業區(依都市計畫說明書圖規定辦理,始得作第參種商業區使用)(原屬第參種住宅區)"
萬華區,萬華,2,563,4,"第參種商業區(依都市計畫說明書圖規定辦理,始得作第參種商業區使用)(原屬第參之壹種住宅區)"
萬華區,萬華,2,564,0,"第參種商業區(依都市計畫說明書圖規定辦理,始得作第參種商業區使用)(原屬第參之壹種住宅區)"
萬華區,萬華,2,564,1,"第參種商業區(依都市計畫說明書圖規定辦理,始得作第參種商業區使用)(原屬第參種住宅區)"
萬華區,萬華,2,564,2,道路用地(公共設施用地)
萬華區,萬華,2,565,0,"第參種商業區(依都市計畫說明書圖規定辦理,始得作第參種商業區使用)(原屬第參之壹種住宅區)"
萬華區,萬華,2,565,1,道路用地(公共設施用地)
萬華區,萬華,2,566,0,"第參種商業區(依都市計畫說明書圖規定辦理,始得作第參種商業區使用)(原屬第參之壹種住宅區)"
萬華區,萬華,2,566,1,道路用地(公共設施用地)
萬華區,萬華,2,567,0,"第參種商業區(依都市計畫說明書圖規定辦理,始得作第參種商業區使用)(原屬第參之壹種住宅區)"
萬華區,萬華,2,567,1,道路用地(公共設施用地)
萬華區,萬華,2,568,0,"第參種商業區(依都市計畫說明書圖規定辦理,始得作第參種商業區使用)(原屬第參之壹種住宅區)"
萬華區,萬華,2,568,1,道路用地(公共設施用地)
萬華區,萬華,2,569,0,"第參種商業區(依都市計畫說明書圖規定辦理,始得作第參種商業區使用)(原屬第參之壹種住宅區)"
萬華區,萬華,2,569,1,道路用地(公共設施用地)
萬華區,萬華,2,570,0,"第參種商業區(依都市計畫說明書圖規定辦理,始得作第參種商業區使用)(原屬第參之壹種住宅區)"
萬華區,萬華,2,570,1,道路用地(公共設施用地)
萬華區,萬華,2,571,0,"第參種商業區(依都市計畫說明書圖規定辦理,始得作第參種商業區使用)(原屬第參之壹種住宅區)"
萬華區,萬華,2,572,0,"第參種商業區(依都市計畫說明書圖規定辦理,始得作第參種商業區使用)(原屬第參之壹種住宅區)"
萬華區,萬華,2,573,0,"第參種商業區(依都市計畫說明書圖規定辦理,始得作第參種商業區使用)(原屬第參之壹種住宅區)"
萬華區,萬華,2,574,0,"第參種商業區(依都市計畫說明書圖規定辦理,始得作第參種商業區使用)(原屬第參之壹種住宅區)"
萬華區,萬華,2,575,0,"第參種商業區(依都市計畫說明書圖規定辦理,始得作第參種商業區使用)(原屬第參之壹種住宅區)"
萬華區,萬華,2,576,0,"第參種商業區(依都市計畫說明書圖規定辦理,始得作第參種商業區使用)(原屬第參之壹種住宅區)"
萬華區,萬華,2,576,1,道路用地(公共設施用地)
萬華區,萬華,2,576,2,"第參種商業區(依都市計畫說明書圖規定辦理,始得作第參種商業區使用)(原屬第參之壹種住宅區)"
萬華區,萬華,2,577,0,道路用地(公共設施用地)
萬華區,萬華,2,578,0,"第參種商業區(依都市計畫說明書圖規定辦理,始得作第參種商業區使用)(原屬第參之壹種住宅區)"
萬華區,萬華,2,578,1,道路用地(公共設施用地)
萬華區,萬華,2,579,0,"第參種商業區(依都市計畫說明書圖規定辦理,始得作第參種商業區使用)(原屬第參之壹種住宅區)"
萬華區,萬華,2,579,1,道路用地(公共設施用地)
萬華區,萬華,2,580,0,"第參種商業區(依都市計畫說明書圖規定辦理,始得作第參種商業區使用)(原屬第參之壹種住宅區)"
萬華區,萬華,2,580,1,道路用地(公共設施用地)
萬華區,萬華,2,581,0,"第參種商業區(依都市計畫說明書圖規定辦理,始得作第參種商業區使用)(原屬第參之壹種住宅區)"
萬華區,萬華,2,581,1,"第參種商業區(依都市計畫說明書圖規定辦理,始得作第參種商業區使用)(原屬第參種住宅區)"
萬華區,萬華,2,581,2,道路用地(公共設施用地)
萬華區,萬華,2,582,0,"第參種商業區(依都市計畫說明書圖規定辦理,始得作第參種商業區使用)(原屬第參種住宅區)"
萬華區,萬華,2,583,0,"第參種商業區(依都市計畫說明書圖規定辦理,始得作第參種商業區使用)(原屬第參種住宅區)"
萬華區,萬華,2,583,1,"第參種商業區(依都市計畫說明書圖規定辦理,始得作第參種商業區使用)(原屬第參之壹種住宅區)"
萬華區,萬華,2,584,0,"第參種商業區(依都市計畫說明書圖規定辦理,始得作第參種商業區使用)(原屬第參種住宅區)"
萬華區,萬華,2,584,1,"第參種商業區(依都市計畫說明書圖規定辦理,始得作第參種商業區使用)(原屬第參之壹種住宅區)"
萬華區,萬華,2,585,0,"第參種商業區(依都市計畫說明書圖規定辦理,始得作第參種商業區使用)(原屬第參種住宅區)"
萬華區,萬華,2,586,0,"第參種商業區(依都市計畫說明書圖規定辦理,始得作第參種商業區使用)(原屬第參之壹種住宅區)"
萬華區,萬華,2,586,1,"第參種商業區(依都市計畫說明書圖規定辦理,始得作第參種商業區使用)(原屬第參種住宅區)"
萬華區,萬華,2,587,0,"第參種商業區(依都市計畫說明書圖規定辦理,始得作第參種商業區使用)(原屬第參之壹種住宅區)"
萬華區,萬華,2,587,1,道路用地(公共設施用地)
萬華區,萬華,2,588,0,"第參種商業區(依都市計畫說明書圖規定辦理,始得作第參種商業區使用)(原屬第參之壹種住宅區)"
萬華區,萬華,2,588,1,道路用地(公共設施用地)
萬華區,萬華,2,589,0,"第參種商業區(依都市計畫說明書圖規定辦理,始得作第參種商業區使用)(原屬第參之壹種住宅區)"
萬華區,萬華,2,589,1,"第參種商業區(依都市計畫說明書圖規定辦理,始得作第參種商業區使用)(原屬第參種住宅區)"
萬華區,萬華,2,590,0,"第參種商業區(依都市計畫說明書圖規定辦理,始得作第參種商業區使用)(原屬第參之壹種住宅區)"
萬華區,萬華,2,590,1,"第參種商業區(依都市計畫說明書圖規定辦理,始得作第參種商業區使用)(原屬第參種住宅區)"
萬華區,萬華,2,591,0,"第參種商業區(依都市計畫說明書圖規定辦理,始得作第參種商業區使用)(原屬第參之壹種住宅區)"
萬華區,萬華,2,592,0,"第參種商業區(依都市計畫說明書圖規定辦理,始得作第參種商業區使用)(原屬第參之壹種住宅區)"
萬華區,萬華,2,593,0,"第參種商業區(依都市計畫說明書圖規定辦理,始得作第參種商業區使用)(原屬第參之壹種住宅區)"
萬華區,萬華,2,594,0,"第參種商業區(依都市計畫說明書圖規定辦理,始得作第參種商業區使用)(原屬第參之壹種住宅區)"
萬華區,萬華,2,595,0,"第參種商業區(依都市計畫說明書圖規定辦理,始得作第參種商業區使用)(原屬第參之壹種住宅區)"
萬華區,萬華,2,596,0,"第參種商業區(依都市計畫說明書圖規定辦理,始得作第參種商業區使用)(原屬第參之壹種住宅區)"
萬華區,萬華,2,597,0,"第參種商業區(依都市計畫說明書圖規定辦理,始得作第參種商業區使用)(原屬第參之壹種住宅區)"
萬華區,萬華,2,598,0,"第參種商業區(依都市計畫說明書圖規定辦理,始得作第參種商業區使用)(原屬第參之壹種住宅區)"
萬華區,萬華,2,599,0,"第參種商業區(依都市計畫說明書圖規定辦理,始得作第參種商業區使用)(原屬第參之壹種住宅區)"
萬華區,萬華,2,600,0,"第參種商業區(依都市計畫說明書圖規定辦理,始得作第參種商業區使用)(原屬第參之壹種住宅區)"
萬華區,萬華,2,601,0,"第參種商業區(依都市計畫說明書圖規定辦理,始得作第參種商業區使用)(原屬第參之壹種住宅區)"
萬華區,萬華,2,602,0,"第參種商業區(依都市計畫說明書圖規定辦理,始得作第參種商業區使用)(原屬第參之壹種住宅區)"
萬華區,萬華,2,602,1,"第參種商業區(依都市計畫說明書圖規定辦理,始得作第參種商業區使用)(原屬第參種住宅區)"
萬華區,萬華,2,603,0,"第參種商業區(依都市計畫說明書圖規定辦理,始得作第參種商業區使用)(原屬第參之壹種住宅區)"
萬華區,萬華,2,606,0,道路用地(公共設施用地)
萬華區,萬華,2,607,0,"第參種商業區(依都市計畫說明書圖規定辦理,始得作第參種商業區使用)(原屬第參之壹種住宅區)"
萬華區,萬華,2,608,0,"第參種商業區(依都市計畫說明書圖規定辦理,始得作第參種商業區使用)(原屬第參之壹種住宅區)"
萬華區,萬華,2,609,0,"第參種商業區(依都市計畫說明書圖規定辦理,始得作第參種商業區使用)(原屬第參之壹種住宅區)"
萬華區,萬華,2,610,0,"第參種商業區(依都市計畫說明書圖規定辦理,始得作第參種商業區使用)(原屬第參之壹種住宅區)"
萬華區,萬華,2,611,0,"第參種商業區(依都市計畫說明書圖規定辦理,始得作第參種商業區使用)(原屬第參之壹種住宅區)"
萬華區,萬華,2,611,1,"第參種商業區(依都市計畫說明書圖規定辦理,始得作第參種商業區使用)(原屬第參之壹種住宅區)"
萬華區,萬華,2,611,2,道路用地(公共設施用地)
萬華區,萬華,2,612,0,"第參種商業區(依都市計畫說明書圖規定辦理,始得作第參種商業區使用)(原屬第參之壹種住宅區)"
萬華區,萬華,2,613,0,"第參種商業區(依都市計畫說明書圖規定辦理,始得作第參種商業區使用)(原屬第參之壹種住宅區)"
萬華區,萬華,2,614,0,"第參種商業區(依都市計畫說明書圖規定辦理,始得作第參種商業區使用)(原屬第參之壹種住宅區)"
萬華區,萬華,2,615,0,"第參種商業區(依都市計畫說明書圖規定辦理,始得作第參種商業區使用)(原屬第參之壹種住宅區)"
萬華區,萬華,2,615,1,"第參種商業區(依都市計畫說明書圖規定辦理,始得作第參種商業區使用)(原屬第參之壹種住宅區)"
萬華區,萬華,2,616,0,"第參種商業區(依都市計畫說明書圖規定辦理,始得作第參種商業區使用)(原屬第參之壹種住宅區)"
萬華區,萬華,2,617,0,"第參種商業區(依都市計畫說明書圖規定辦理,始得作第參種商業區使用)(原屬第參之壹種住宅區)"
萬華區,萬華,2,618,0,"第參種商業區(依都市計畫說明書圖規定辦理,始得作第參種商業區使用)(原屬第參之壹種住宅區)"
萬華區,萬華,2,618,2,道路用地(公共設施用地)
萬華區,萬華,2,618,3,"第參種商業區(依都市計畫說明書圖規定辦理,始得作第參種商業區使用)(原屬第參種住宅區)"
萬華區,萬華,2,618,4,道路用地(公共設施用地)
萬華區,萬華,2,619,0,"第參種商業區(依都市計畫說明書圖規定辦理,始得作第參種商業區使用)(原屬第參之壹種住宅區)"
萬華區,萬華,2,621,0,"第參種商業區(依都市計畫說明書圖規定辦理,始得作第參種商業區使用)(原屬第參之壹種住宅區)"
萬華區,萬華,2,622,0,"第參種商業區(依都市計畫說明書圖規定辦理,始得作第參種商業區使用)(原屬第參之壹種住宅區)"
萬華區,萬華,2,622,1,道路用地(公共設施用地)
萬華區,萬華,2,623,0,道路用地(公共設施用地)
萬華區,萬華,2,623,1,鐵路用地(公共設施用地)
萬華區,萬華,2,624,1,道路用地(公共設施用地)
萬華區,萬華,2,624,2,鐵路用地(公共設施用地)
萬華區,萬華,2,626,1,道路用地(公共設施用地)
萬華區,萬華,2,627,1,道路用地(公共設施用地)
萬華區,萬華,2,627,2,鐵路用地(公共設施用地)
萬華區,萬華,2,628,0,"第參種商業區(依都市計畫說明書圖規定辦理,始得作第參種商業區使用)(原屬第參之壹種住宅區)"
萬華區,萬華,2,628,1,道路用地(公共設施用地)
萬華區,萬華,2,628,2,鐵路用地(公共設施用地)
萬華區,萬華,2,629,0,"第參種商業區(依都市計畫說明書圖規定辦理,始得作第參種商業區使用)(原屬第參之壹種住宅區)"
萬華區,萬華,2,629,1,道路用地(公共設施用地)
萬華區,萬華,2,629,2,鐵路用地(公共設施用地)
萬華區,萬華,2,629,3,"第參種商業區(依都市計畫說明書圖規定辦理,始得作第參種商業區使用)(原屬第參種住宅區)"
萬華區,萬華,2,630,0,"第參種商業區(依都市計畫說明書圖規定辦理,始得作第參種商業區使用)(原屬第參之壹種住宅區)"
萬華區,萬華,2,630,1,"第參種商業區(依都市計畫說明書圖規定辦理,始得作第參種商業區使用)(原屬第參種住宅區)"
萬華區,萬華,2,631,0,"第參種商業區(依都市計畫說明書圖規定辦理,始得作第參種商業區使用)(原屬第參之壹種住宅區)"
萬華區,萬華,2,631,1,"第參種商業區(依都市計畫說明書圖規定辦理,始得作第參種商業區使用)(原屬第參種住宅區)"
萬華區,萬華,2,633,1,道路用地(公共設施用地)
萬華區,萬華,2,634,0,道路用地(公共設施用地)
萬華區,萬華,2,635,0,"第參種商業區(依都市計畫說明書圖規定辦理,始得作第參種商業區使用)(原屬第參種住宅區)"
萬華區,萬華,2,635,1,道路用地(公共設施用地)
萬華區,萬華,2,636,0,"第參種商業區(依都市計畫說明書圖規定辦理,始得作第參種商業區使用)(原屬第參種住宅區)"
萬華區,萬華,2,636,1,道路用地(公共設施用地)
萬華區,萬華,2,637,0,"第參種商業區(依都市計畫說明書圖規定辦理,始得作第參種商業區使用)(原屬第參種住宅區)"
萬華區,萬華,2,638,0,"第參種商業區(依都市計畫說明書圖規定辦理,始得作第參種商業區使用)(原屬第參種住宅區)"
萬華區,萬華,2,639,0,"第參種商業區(依都市計畫說明書圖規定辦理,始得作第參種商業區使用)(原屬第參之壹種住宅區)"
萬華區,萬華,2,639,1,"第參種商業區(依都市計畫說明書圖規定辦理,始得作第參種商業區使用)(原屬第參種住宅區)"
萬華區,萬華,2,640,0,"第參種商業區(依都市計畫說明書圖規定辦理,始得作第參種商業區使用)(原屬第參種住宅區)"
萬華區,萬華,2,640,1,"第參種商業區(依都市計畫說明書圖規定辦理,始得作第參種商業區使用)(原屬第參之壹種住宅區)"
萬華區,萬華,2,641,0,"第參種商業區(依都市計畫說明書圖規定辦理,始得作第參種商業區使用)(原屬第參種住宅區)"
萬華區,萬華,2,641,1,"第參種商業區(依都市計畫說明書圖規定辦理,始得作第參種商業區使用)(原屬第參之壹種住宅區)"
萬華區,萬華,2,642,0,"第參種商業區(依都市計畫說明書圖規定辦理,始得作第參種商業區使用)(原屬第參種住宅區)"
萬華區,萬華,2,643,0,"第參種商業區(依都市計畫說明書圖規定辦理,始得作第參種商業區使用)(原屬第參之壹種住宅區)"
萬華區,萬華,2,643,1,"第參種商業區(依都市計畫說明書圖規定辦理,始得作第參種商業區使用)(原屬第參種住宅區)"
萬華區,萬華,2,644,0,"第參種商業區(依都市計畫說明書圖規定辦理,始得作第參種商業區使用)(原屬第參種住宅區)"
萬華區,萬華,2,644,1,"第參種商業區(依都市計畫說明書圖規定辦理,始得作第參種商業區使用)(原屬第參之壹種住宅區)"
萬華區,萬華,2,645,0,"第參種商業區(依都市計畫說明書圖規定辦理,始得作第參種商業區使用)(原屬第參種住宅區)"
萬華區,萬華,2,646,0,"第參種商業區(依都市計畫說明書圖規定辦理,始得作第參種商業區使用)(原屬第參種住宅區)"
萬華區,萬華,2,647,0,"第參種商業區(依都市計畫說明書圖規定辦理,始得作第參種商業區使用)(原屬第參種住宅區)"
萬華區,萬華,2,648,0,"第參種商業區(依都市計畫說明書圖規定辦理,始得作第參種商業區使用)(原屬第參種住宅區)"
萬華區,萬華,2,648,1,道路用地(公共設施用地)
萬華區,萬華,2,649,0,"第參種商業區(依都市計畫說明書圖規定辦理,始得作第參種商業區使用)(原屬第參種住宅區)"
萬華區,萬華,2,649,1,道路用地(公共設施用地)
萬華區,萬華,2,650,0,"第參種商業區(依都市計畫說明書圖規定辦理,始得作第參種商業區使用)(原屬第參種住宅區)"
萬華區,萬華,2,650,1,道路用地(公共設施用地)
萬華區,萬華,2,651,0,"第參種商業區(依都市計畫說明書圖規定辦理,始得作第參種商業區使用)(原屬第參種住宅區)"
萬華區,萬華,2,651,1,道路用地(公共設施用地)
萬華區,萬華,2,652,0,"第參種商業區(依都市計畫說明書圖規定辦理,始得作第參種商業區使用)(原屬第參種住宅區)"
萬華區,萬華,2,652,1,道路用地(公共設施用地)
萬華區,萬華,2,653,0,"第參種商業區(依都市計畫說明書圖規定辦理,始得作第參種商業區使用)(原屬第參種住宅區)"
萬華區,萬華,2,653,1,"第參種商業區(依都市計畫說明書圖規定辦理,始得作第參種商業區使用)(原屬第參種住宅區)"
萬華區,萬華,2,653,2,"第參種商業區(依都市計畫說明書圖規定辦理,始得作第參種商業區使用)(原屬第參種住宅區)"
萬華區,萬華,2,653,3,"第參種商業區(依都市計畫說明書圖規定辦理,始得作第參種商業區使用)(原屬第參種住宅區)"
萬華區,萬華,2,654,0,"第參種商業區(依都市計畫說明書圖規定辦理,始得作第參種商業區使用)(原屬第參種住宅區)"
萬華區,萬華,2,655,0,"第參種商業區(依都市計畫說明書圖規定辦理,始得作第參種商業區使用)(原屬第參種住宅區)"
萬華區,萬華,2,656,0,"第參種商業區(依都市計畫說明書圖規定辦理,始得作第參種商業區使用)(原屬第參種住宅區)"
萬華區,萬華,2,657,0,"第參種商業區(依都市計畫說明書圖規定辦理,始得作第參種商業區使用)(原屬第參種住宅區)"
萬華區,萬華,2,658,0,"第參種商業區(依都市計畫說明書圖規定辦理,始得作第參種商業區使用)(原屬第參種住宅區)"
萬華區,萬華,2,659,0,"第參種商業區(依都市計畫說明書圖規定辦理,始得作第參種商業區使用)(原屬第參種住宅區)"
萬華區,萬華,2,660,0,"第參種商業區(依都市計畫說明書圖規定辦理,始得作第參種商業區使用)(原屬第參種住宅區)"
萬華區,萬華,2,661,0,"第參種商業區(依都市計畫說明書圖規定辦理,始得作第參種商業區使用)(原屬第參種住宅區)"
萬華區,萬華,2,662,0,"第參種商業區(依都市計畫說明書圖規定辦理,始得作第參種商業區使用)(原屬第參種住宅區)"
萬華區,萬華,2,663,0,"第參種商業區(依都市計畫說明書圖規定辦理,始得作第參種商業區使用)(原屬第參種住宅區)"
萬華區,萬華,2,664,0,"第參種商業區(依都市計畫說明書圖規定辦理,始得作第參種商業區使用)(原屬第參種住宅區)"
萬華區,萬華,2,665,0,"第參種商業區(依都市計畫說明書圖規定辦理,始得作第參種商業區使用)(原屬第參種住宅區)"
萬華區,萬華,2,666,0,"第參種商業區(依都市計畫說明書圖規定辦理,始得作第參種商業區使用)(原屬第參種住宅區)"
萬華區,萬華,2,667,0,"第參種商業區(依都市計畫說明書圖規定辦理,始得作第參種商業區使用)(原屬第參種住宅區)"
萬華區,萬華,2,667,1,道路用地(公共設施用地)
萬華區,萬華,2,668,0,道路用地(公共設施用地)
萬華區,萬華,2,669,0,道路用地(公共設施用地)
萬華區,萬華,2,670,0,道路用地(公共設施用地)
萬華區,萬華,2,671,0,道路用地(公共設施用地)
萬華區,萬華,2,672,0,道路用地(公共設施用地)
萬華區,萬華,2,673,0,道路用地(公共設施用地)
萬華區,萬華,2,674,0,"第參種商業區(依都市計畫說明書圖規定辦理,始得作第參種商業區使用)(原屬第參種住宅區)"
萬華區,萬華,2,674,1,道路用地(公共設施用地)
萬華區,萬華,2,675,0,"第參種商業區(依都市計畫說明書圖規定辦理,始得作第參種商業區使用)(原屬第參種住宅區)"
萬華區,萬華,2,675,1,道路用地(公共設施用地)
萬華區,萬華,2,676,0,"第參種商業區(依都市計畫說明書圖規定辦理,始得作第參種商業區使用)(原屬第參種住宅區)"
萬華區,萬華,2,677,0,"第參種商業區(依都市計畫說明書圖規定辦理,始得作第參種商業區使用)(原屬第參種住宅區)"
萬華區,萬華,2,678,0,"第參種商業區(依都市計畫說明書圖規定辦理,始得作第參種商業區使用)(原屬第參種住宅區)"
萬華區,萬華,2,679,0,"第參種商業區(依都市計畫說明書圖規定辦理,始得作第參種商業區使用)(原屬第參種住宅區)"
萬華區,萬華,2,680,0,"第參種商業區(依都市計畫說明書圖規定辦理,始得作第參種商業區使用)(原屬第參種住宅區)"
萬華區,萬華,2,681,0,道路用地(公共設施用地)
萬華區,萬華,2,682,0,道路用地(公共設施用地)
萬華區,萬華,2,682,1,"第參種商業區(依都市計畫說明書圖規定辦理,始得作第參種商業區使用)(原屬第參種住宅區)"
萬華區,萬華,2,682,2,"第參種商業區(依都市計畫說明書圖規定辦理,始得作第參種商業區使用)(原屬第參種住宅區)"
萬華區,萬華,2,683,0,"第參種商業區(依都市計畫說明書圖規定辦理,始得作第參種商業區使用)(原屬第參種住宅區)"
萬華區,萬華,2,684,0,"第參種商業區(依都市計畫說明書圖規定辦理,始得作第參種商業區使用)(原屬第參種住宅區)"
萬華區,萬華,2,685,0,"第參種商業區(依都市計畫說明書圖規定辦理,始得作第參種商業區使用)(原屬第參種住宅區)"
萬華區,萬華,2,686,0,"第參種商業區(依都市計畫說明書圖規定辦理,始得作第參種商業區使用)(原屬第參種住宅區)"
萬華區,萬華,2,687,0,"第參種商業區(依都市計畫說明書圖規定辦理,始得作第參種商業區使用)(原屬第參種住宅區)"
萬華區,萬華,2,688,0,"第參種商業區(依都市計畫說明書圖規定辦理,始得作第參種商業區使用)(原屬第參種住宅區)"
萬華區,萬華,2,689,0,"第參種商業區(依都市計畫說明書圖規定辦理,始得作第參種商業區使用)(原屬第參種住宅區)"
萬華區,萬華,2,690,0,"第參種商業區(依都市計畫說明書圖規定辦理,始得作第參種商業區使用)(原屬第參種住宅區)"
萬華區,萬華,2,691,0,"第參種商業區(依都市計畫說明書圖規定辦理,始得作第參種商業區使用)(原屬第參種住宅區)"
萬華區,萬華,2,692,0,"第參種商業區(依都市計畫說明書圖規定辦理,始得作第參種商業區使用)(原屬第參種住宅區)"
萬華區,萬華,2,692,1,"第參種商業區(依都市計畫說明書圖規定辦理,始得作第參種商業區使用)(原屬第參種住宅區)"
萬華區,萬華,2,692,2,"第參種商業區(依都市計畫說明書圖規定辦理,始得作第參種商業區使用)(原屬第參種住宅區)"
萬華區,萬華,2,692,3,"第參種商業區(依都市計畫說明書圖規定辦理,始得作第參種商業區使用)(原屬第參種住宅區)"
萬華區,萬華,2,695,0,"第參種商業區(依都市計畫說明書圖規定辦理,始得作第參種商業區使用)(原屬第參種住宅區)"
萬華區,萬華,2,696,0,"第參種商業區(依都市計畫說明書圖規定辦理,始得作第參種商業區使用)(原屬第參種住宅區)"
萬華區,萬華,2,697,0,"第參種商業區(依都市計畫說明書圖規定辦理,始得作第參種商業區使用)(原屬第參種住宅區)"
萬華區,萬華,2,698,0,"第參種商業區(依都市計畫說明書圖規定辦理,始得作第參種商業區使用)(原屬第參種住宅區)"
萬華區,萬華,2,699,0,道路用地(公共設施用地)
萬華區,萬華,2,699,1,道路用地(公共設施用地)
萬華區,萬華,2,699,2,道路用地(公共設施用地)
萬華區,萬華,2,699,3,交通用地(公共設施用地)
萬華區,萬華,2,700,0,道路用地(公共設施用地)
萬華區,萬華,2,700,1,廣場用地(公共設施用地)
萬華區,萬華,2,701,0,道路用地(公共設施用地)
萬華區,萬華,2,702,0,"第參種商業區(依都市計畫說明書圖規定辦理,始得作第參種商業區使用)(原屬第參種住宅區)"
萬華區,萬華,2,703,0,"第參種商業區(依都市計畫說明書圖規定辦理,始得作第參種商業區使用)(原屬第參種住宅區)"
萬華區,萬華,2,704,0,"第參種商業區(依都市計畫說明書圖規定辦理,始得作第參種商業區使用)(原屬第參種住宅區)"
萬華區,萬華,2,705,0,"第參種商業區(依都市計畫說明書圖規定辦理,始得作第參種商業區使用)(原屬第參種住宅區)"
萬華區,萬華,2,706,0,"第參種商業區(依都市計畫說明書圖規定辦理,始得作第參種商業區使用)(原屬第參種住宅區)"
萬華區,萬華,2,707,0,"第參種商業區(依都市計畫說明書圖規定辦理,始得作第參種商業區使用)(原屬第參種住宅區)"
萬華區,萬華,2,708,0,"第參種商業區(依都市計畫說明書圖規定辦理,始得作第參種商業區使用)(原屬第參種住宅區)"
萬華區,萬華,2,709,0,"第參種商業區(依都市計畫說明書圖規定辦理,始得作第參種商業區使用)(原屬第參種住宅區)"
萬華區,萬華,2,710,0,"第參種商業區(依都市計畫說明書圖規定辦理,始得作第參種商業區使用)(原屬第參種住宅區)"
萬華區,萬華,2,712,0,"第參種商業區(依都市計畫說明書圖規定辦理,始得作第參種商業區使用)(原屬第參種住宅區)"
萬華區,萬華,2,713,0,廣場用地(公共設施用地)
萬華區,萬華,2,713,1,廣場用地(公共設施用地)
萬華區,萬華,2,713,2,道路用地(公共設施用地)
萬華區,萬華,2,713,3,道路用地(公共設施用地)
萬華區,萬華,2,714,0,廣場用地(公共設施用地)
萬華區,萬華,2,715,0,"第參種商業區(依都市計畫說明書圖規定辦理,始得作第參種商業區使用)(原屬第參種住宅區)"
萬華區,萬華,2,715,1,"第參種商業區(依都市計畫說明書圖規定辦理,始得作第參種商業區使用)(原屬第參種住宅區),但是否在道路用地(公共設施用地)(應依建築線或俟地籍測量分割後,再確定)"
萬華區,萬華,2,716,0,"第參種商業區(依都市計畫說明書圖規定辦理,始得作第參種商業區使用)(原屬第參種住宅區),但是否在道路用地(公共設施用地)(應依建築線或俟地籍測量分割後,再確定)"
萬華區,萬華,2,717,0,道路用地(公共設施用地)
萬華區,萬華,2,718,0,道路用地(公共設施用地)
萬華區,萬華,2,719,0,"第參種商業區(依都市計畫說明書圖規定辦理,始得作第參種商業區使用)(原屬第參種住宅區)"
萬華區,萬華,2,720,0,"第參種商業區(依都市計畫說明書圖規定辦理,始得作第參種商業區使用)(原屬第參種住宅區)"
萬華區,萬華,2,721,0,"第參種商業區(依都市計畫說明書圖規定辦理,始得作第參種商業區使用)(原屬第參種住宅區)"
萬華區,萬華,2,722,0,"第參種商業區(依都市計畫說明書圖規定辦理,始得作第參種商業區使用)(原屬第參種住宅區)"
萬華區,萬華,2,723,0,"第參種商業區(依都市計畫說明書圖規定辦理,始得作第參種商業區使用)(原屬第參種住宅區)"
萬華區,萬華,2,724,0,道路用地(公共設施用地)
萬華區,萬華,2,725,0,道路用地(公共設施用地)
萬華區,萬華,2,726,0,道路用地(公共設施用地)
萬華區,萬華,2,727,0,道路用地(公共設施用地)
萬華區,萬華,2,728,0,道路用地(公共設施用地)
萬華區,萬華,2,729,0,道路用地(公共設施用地)
萬華區,萬華,2,730,0,道路用地(公共設施用地)
萬華區,萬華,2,731,0,道路用地(公共設施用地)
萬華區,萬華,2,731,1,"第參種商業區(依都市計畫說明書圖規定辦理,始得作第參種商業區使用)(原屬第參種住宅區)"
萬華區,萬華,2,731,2,"第參種商業區(依都市計畫說明書圖規定辦理,始得作第參種商業區使用)(原屬第參種住宅區)"
萬華區,萬華,2,732,0,"第參種商業區(依都市計畫說明書圖規定辦理,始得作第參種商業區使用)(原屬第參種住宅區)"
萬華區,萬華,2,733,0,"第參種商業區(依都市計畫說明書圖規定辦理,始得作第參種商業區使用)(原屬第參種住宅區)"
萬華區,萬華,2,734,0,"第參種商業區(依都市計畫說明書圖規定辦理,始得作第參種商業區使用)(原屬第參種住宅區)"
萬華區,萬華,2,735,0,"第參種商業區(依都市計畫說明書圖規定辦理,始得作第參種商業區使用)(原屬第參種住宅區)"
萬華區,萬華,2,736,0,"第參種商業區(依都市計畫說明書圖規定辦理,始得作第參種商業區使用)(原屬第參種住宅區)"
萬華區,萬華,2,737,0,"第參種商業區(依都市計畫說明書圖規定辦理,始得作第參種商業區使用)(原屬第參種住宅區)"
萬華區,萬華,2,738,0,"第參種商業區(依都市計畫說明書圖規定辦理,始得作第參種商業區使用)(原屬第參種住宅區)"
萬華區,萬華,2,739,0,"第參種商業區(依都市計畫說明書圖規定辦理,始得作第參種商業區使用)(原屬第參種住宅區)"
萬華區,萬華,2,740,0,"第參種商業區(依都市計畫說明書圖規定辦理,始得作第參種商業區使用)(原屬第參種住宅區)"
萬華區,萬華,2,741,0,"第參種商業區(依都市計畫說明書圖規定辦理,始得作第參種商業區使用)(原屬第參種住宅區)"
萬華區,萬華,2,742,0,"第參種商業區(依都市計畫說明書圖規定辦理,始得作第參種商業區使用)(原屬第參種住宅區)"
萬華區,萬華,2,743,0,"第參種商業區(依都市計畫說明書圖規定辦理,始得作第參種商業區使用)(原屬第參種住宅區)"
萬華區,萬華,2,744,0,"第參種商業區(依都市計畫說明書圖規定辦理,始得作第參種商業區使用)(原屬第參種住宅區)"
萬華區,萬華,2,745,0,"第參種商業區(依都市計畫說明書圖規定辦理,始得作第參種商業區使用)(原屬第參種住宅區)"
萬華區,萬華,2,746,0,"第參種商業區(依都市計畫說明書圖規定辦理,始得作第參種商業區使用)(原屬第參種住宅區)"
萬華區,萬華,2,747,0,"第參種商業區(依都市計畫說明書圖規定辦理,始得作第參種商業區使用)(原屬第參種住宅區)"
萬華區,萬華,2,748,0,"第參種商業區(依都市計畫說明書圖規定辦理,始得作第參種商業區使用)(原屬第參種住宅區)"
萬華區,萬華,2,749,0,"第參種商業區(依都市計畫說明書圖規定辦理,始得作第參種商業區使用)(原屬第參種住宅區)"
萬華區,萬華,2,749,1,道路用地(公共設施用地)
萬華區,萬華,2,750,0,"第參種商業區(依都市計畫說明書圖規定辦理,始得作第參種商業區使用)(原屬第參種住宅區)"
萬華區,萬華,2,751,0,"第參種商業區(依都市計畫說明書圖規定辦理,始得作第參種商業區使用)(原屬第參種住宅區)"
萬華區,萬華,2,752,0,第三種商業區
萬華區,萬華,2,752,1,"第參種商業區(依都市計畫說明書圖規定辦理,始得作第參種商業區使用)(原屬第參種住宅區)"
萬華區,萬華,2,753,0,第三種商業區
萬華區,萬華,2,754,0,第三種商業區
萬華區,萬華,2,755,0,第三種商業區
萬華區,萬華,2,756,0,第三種商業區
萬華區,萬華,2,757,0,第三種商業區
萬華區,萬華,2,757,1,道路用地(公共設施用地)
萬華區,萬華,2,757,2,"第參種商業區(依都市計畫說明書圖規定辦理,始得作第參種商業區使用)(原屬第參種住宅區)"
萬華區,萬華,2,758,0,第三種商業區
萬華區,萬華,2,758,1,道路用地(公共設施用地)
萬華區,萬華,2,759,0,第三種商業區
萬華區,萬華,2,759,1,道路用地(公共設施用地)
萬華區,萬華,2,759,2,道路用地(公共設施用地)
萬華區,萬華,2,759,3,第三種商業區
萬華區,萬華,2,759,4,第三種商業區
萬華區,萬華,2,760,0,第三種商業區
萬華區,萬華,2,760,1,道路用地(公共設施用地)
萬華區,萬華,2,760,2,第三種商業區
萬華區,萬華,2,760,3,第三種商業區
萬華區,萬華,2,761,0,第三種商業區
萬華區,萬華,2,761,1,道路用地(公共設施用地)
萬華區,萬華,2,762,0,第三種商業區
萬華區,萬華,2,762,1,道路用地(公共設施用地)
萬華區,萬華,2,763,0,第三種商業區
萬華區,萬華,2,763,1,道路用地(公共設施用地)
萬華區,萬華,2,764,0,"第參種商業區(依都市計畫說明書圖規定辦理,始得作第參種商業區使用)(原屬第參種住宅區)"
萬華區,萬華,2,764,1,道路用地(公共設施用地)
萬華區,萬華,2,764,2,第三種商業區
萬華區,萬華,2,765,0,"第參種商業區(依都市計畫說明書圖規定辦理,始得作第參種商業區使用)(原屬第參種住宅區)"
萬華區,萬華,2,765,1,道路用地(公共設施用地)
萬華區,萬華,2,766,0,"第參種商業區(依都市計畫說明書圖規定辦理,始得作第參種商業區使用)(原屬第參種住宅區)"
萬華區,萬華,2,766,1,道路用地(公共設施用地)
萬華區,萬華,2,766,2,"第參種商業區(依都市計畫說明書圖規定辦理,始得作第參種商業區使用)"
萬華區,萬華,2,767,0,"第參種商業區(依都市計畫說明書圖規定辦理,始得作第參種商業區使用)(原屬第參種住宅區)"
萬華區,萬華,2,767,1,道路用地(公共設施用地)
萬華區,萬華,2,767,2,"第參種商業區(依都市計畫說明書圖規定辦理,始得作第參種商業區使用)(原屬第參種住宅區)"
萬華區,萬華,2,768,0,"第參種商業區(依都市計畫說明書圖規定辦理,始得作第參種商業區使用)(原屬第參種住宅區)"
萬華區,萬華,2,768,1,"第參種商業區(依都市計畫說明書圖規定辦理,始得作第參種商業區使用)(原屬第參種住宅區)"
萬華區,萬華,2,768,2,道路用地(公共設施用地)
萬華區,萬華,2,768,3,"第參種商業區(依都市計畫說明書圖規定辦理,始得作第參種商業區使用)(原屬第參種住宅區)"
萬華區,萬華,2,769,0,"第參種商業區(依都市計畫說明書圖規定辦理,始得作第參種商業區使用)(原屬第參種住宅區)"
萬華區,萬華,2,770,0,"第參種商業區(依都市計畫說明書圖規定辦理,始得作第參種商業區使用)(原屬第參種住宅區)"
萬華區,萬華,2,771,0,"第參種商業區(依都市計畫說明書圖規定辦理,始得作第參種商業區使用)(原屬第參種住宅區)"
萬華區,萬華,2,771,1,道路用地(公共設施用地)
萬華區,萬華,2,771,2,"第參種商業區(依都市計畫說明書圖規定辦理,始得作第參種商業區使用)(原屬第參種住宅區)"
萬華區,萬華,2,772,0,"第參種商業區(依都市計畫說明書圖規定辦理,始得作第參種商業區使用)(原屬第參種住宅區)"
萬華區,萬華,2,772,1,道路用地(公共設施用地)
萬華區,萬華,2,772,2,道路用地(公共設施用地)
萬華區,萬華,2,773,0,道路用地(公共設施用地)
萬華區,萬華,2,774,0,"第參種商業區(依都市計畫說明書圖規定辦理,始得作第參種商業區使用)(原屬第參種住宅區)"
萬華區,萬華,2,774,1,道路用地(公共設施用地)
萬華區,萬華,2,775,0,"第參種商業區(依都市計畫說明書圖規定辦理,始得作第參種商業區使用)(原屬第參種住宅區)"
萬華區,萬華,2,776,0,"第參種商業區(依都市計畫說明書圖規定辦理,始得作第參種商業區使用)(原屬第參種住宅區)"
萬華區,萬華,2,777,0,"第參種商業區(依都市計畫說明書圖規定辦理,始得作第參種商業區使用)(原屬第參種住宅區),但是否在道路用地(公共設施用地)(應依建築線或俟地籍測量分割後,再確定)"
萬華區,萬華,2,778,0,"第參種商業區(依都市計畫說明書圖規定辦理,始得作第參種商業區使用)(原屬第參種住宅區)"
萬華區,萬華,2,779,0,"第參種商業區(依都市計畫說明書圖規定辦理,始得作第參種商業區使用)(原屬第參種住宅區)"
萬華區,萬華,2,780,0,"第參種商業區(依都市計畫說明書圖規定辦理,始得作第參種商業區使用)(原屬第參種住宅區)"
萬華區,萬華,2,781,0,"第參種商業區(依都市計畫說明書圖規定辦理,始得作第參種商業區使用)(原屬第參種住宅區)"
萬華區,萬華,2,782,1,"第參種商業區(依都市計畫說明書圖規定辦理,始得作第參種商業區使用)(原屬第參種住宅區)"
萬華區,萬華,2,783,1,"第參種商業區(依都市計畫說明書圖規定辦理,始得作第參種商業區使用)(原屬第參種住宅區)"
萬華區,萬華,2,784,1,"第參種商業區(依都市計畫說明書圖規定辦理,始得作第參種商業區使用)(原屬第參種住宅區)"
萬華區,萬華,2,787,0,"第參種商業區(依都市計畫說明書圖規定辦理,始得作第參種商業區使用)(原屬第參種住宅區)"
萬華區,萬華,2,787,2,"第參種商業區(依都市計畫說明書圖規定辦理,始得作第參種商業區使用)(原屬第參種住宅區)"
萬華區,萬華,2,787,3,"第參種商業區(依都市計畫說明書圖規定辦理,始得作第參種商業區使用)(原屬第參種住宅區)"
萬華區,萬華,2,787,4,"第參種商業區(依都市計畫說明書圖規定辦理,始得作第參種商業區使用)(原屬第參種住宅區)"
萬華區,萬華,2,787,5,"第參種商業區(依都市計畫說明書圖規定辦理,始得作第參種商業區使用)(原屬第參種住宅區)"
萬華區,萬華,2,787,6,第三種商業區
萬華區,萬華,2,787,7,"第參種商業區(依都市計畫說明書圖規定辦理,始得作第參種商業區使用)(原屬第參種住宅區)"
萬華區,萬華,2,788,0,第三種商業區
萬華區,萬華,2,788,1,道路用地(公共設施用地)
萬華區,萬華,2,789,1,道路用地(公共設施用地)
萬華區,萬華,2,791,1,道路用地(公共設施用地)
萬華區,萬華,2,792,0,第三種商業區
萬華區,萬華,2,792,1,第三種商業區
萬華區,萬華,2,793,0,第三種商業區
萬華區,萬華,2,794,0,第三種商業區
萬華區,萬華,2,794,1,道路用地(公共設施用地)
萬華區,萬華,2,795,0,道路用地(公共設施用地)
萬華區,萬華,2,796,0,道路用地(公共設施用地)
萬華區,萬華,2,796,1,道路用地(公共設施用地)
萬華區,萬華,2,796,2,道路用地(公共設施用地)
萬華區,萬華,2,796,3,道路用地(公共設施用地)
萬華區,萬華,2,796,4,道路用地(公共設施用地)
萬華區,萬華,2,796,5,廣場用地(公共設施用地)
萬華區,萬華,2,797,0,第三種商業區
萬華區,萬華,2,805,0,第三種商業區
萬華區,萬華,2,806,0,第三種商業區
萬華區,萬華,2,807,0,第三種商業區
萬華區,萬華,2,807,1,"第參種商業區(依都市計畫說明書圖規定辦理,始得作第參種商業區使用)(原屬第參之壹種住宅區)"
萬華區,萬華,2,808,0,"第參種商業區(依都市計畫說明書圖規定辦理,始得作第參種商業區使用)(原屬第參之壹種住宅區)"
萬華區,萬華,2,809,0,"第參種商業區(依都市計畫說明書圖規定辦理,始得作第參種商業區使用)(原屬第參之壹種住宅區)"
萬華區,萬華,2,810,0,"第參種商業區(依都市計畫說明書圖規定辦理,始得作第參種商業區使用)(原屬第參之壹種住宅區)"
萬華區,萬華,2,811,0,"第參種商業區(依都市計畫說明書圖規定辦理,始得作第參種商業區使用)(原屬第參之壹種住宅區)"
萬華區,萬華,2,812,0,"第參種商業區(依都市計畫說明書圖規定辦理,始得作第參種商業區使用)(原屬第參之壹種住宅區)"
萬華區,萬華,2,813,0,"第參種商業區(依都市計畫說明書圖規定辦理,始得作第參種商業區使用)(原屬第參之壹種住宅區)"
萬華區,萬華,2,814,0,"第參種商業區(依都市計畫說明書圖規定辦理,始得作第參種商業區使用)(原屬第參之壹種住宅區)"
萬華區,萬華,2,815,0,"第參種商業區(依都市計畫說明書圖規定辦理,始得作第參種商業區使用)(原屬第參之壹種住宅區)"
萬華區,萬華,2,816,0,"第參種商業區(依都市計畫說明書圖規定辦理,始得作第參種商業區使用)(原屬第參之壹種住宅區)"
萬華區,萬華,2,816,1,"第參種商業區(依都市計畫說明書圖規定辦理,始得作第參種商業區使用)(原屬第參種住宅區)"
萬華區,萬華,2,817,0,"第參種商業區(依都市計畫說明書圖規定辦理,始得作第參種商業區使用)(原屬第參之壹種住宅區)"
萬華區,萬華,2,817,1,"第參種商業區(依都市計畫說明書圖規定辦理,始得作第參種商業區使用)(原屬第參種住宅區)"
萬華區,萬華,2,818,0,"第參種商業區(依都市計畫說明書圖規定辦理,始得作第參種商業區使用)(原屬第參之壹種住宅區)"
萬華區,萬華,2,818,1,"第參種商業區(依都市計畫說明書圖規定辦理,始得作第參種商業區使用)(原屬第參種住宅區)"
萬華區,萬華,2,819,0,"第參種商業區(依都市計畫說明書圖規定辦理,始得作第參種商業區使用)(原屬第參之壹種住宅區)"
萬華區,萬華,2,819,1,"第參種商業區(依都市計畫說明書圖規定辦理,始得作第參種商業區使用)(原屬第參種住宅區)"
萬華區,萬華,2,820,0,"第參種商業區(依都市計畫說明書圖規定辦理,始得作第參種商業區使用)(原屬第參之壹種住宅區)"
萬華區,萬華,2,820,1,"第參種商業區(依都市計畫說明書圖規定辦理,始得作第參種商業區使用)(原屬第參種住宅區)"
萬華區,萬華,2,821,0,第三種商業區
萬華區,萬華,2,821,1,"第參種商業區(依都市計畫說明書圖規定辦理,始得作第參種商業區使用)(原屬第參之壹種住宅區)"
萬華區,萬華,2,821,2,"第參種商業區(依都市計畫說明書圖規定辦理,始得作第參種商業區使用)(原屬第參種住宅區)"
萬華區,萬華,2,822,0,第三種商業區
萬華區,萬華,2,823,0,第三種商業區
萬華區,萬華,2,824,0,第三種商業區
萬華區,萬華,2,825,0,第三種商業區
萬華區,萬華,2,826,0,第三種商業區
萬華區,萬華,2,827,0,第三種商業區
萬華區,萬華,2,828,0,第三種商業區
萬華區,萬華,2,829,0,第三種商業區
萬華區,萬華,2,830,0,第三種商業區
萬華區,萬華,2,831,0,第三種商業區
萬華區,萬華,2,832,0,第三種商業區
萬華區,萬華,2,833,0,第三種商業區及道路用地(公共設施用地)
萬華區,萬華,2,834,0,第三種商業區
萬華區,萬華,2,835,0,第三種商業區
萬華區,萬華,2,836,0,第三種商業區
萬華區,萬華,2,837,0,第三種商業區
萬華區,萬華,2,838,0,"第參種商業區(依都市計畫說明書圖規定辦理,始得作第參種商業區使用)(原屬第參種住宅區)"
萬華區,萬華,2,838,1,第三種商業區
萬華區,萬華,2,839,0,"第參種商業區(依都市計畫說明書圖規定辦理,始得作第參種商業區使用)(原屬第參種住宅區)"
萬華區,萬華,2,839,1,第三種商業區
萬華區,萬華,2,840,0,"第參種商業區(依都市計畫說明書圖規定辦理,始得作第參種商業區使用)(原屬第參種住宅區)"
萬華區,萬華,2,841,0,"第參種商業區(依都市計畫說明書圖規定辦理,始得作第參種商業區使用)(原屬第參種住宅區)"
萬華區,萬華,2,842,0,"第參種商業區(依都市計畫說明書圖規定辦理,始得作第參種商業區使用)(原屬第參種住宅區)"
萬華區,萬華,2,843,0,"第參種商業區(依都市計畫說明書圖規定辦理,始得作第參種商業區使用)(原屬第參種住宅區)"
萬華區,萬華,2,844,0,"第參種商業區(依都市計畫說明書圖規定辦理,始得作第參種商業區使用)(原屬第參種住宅區)"
萬華區,萬華,2,845,0,"第參種商業區(依都市計畫說明書圖規定辦理,始得作第參種商業區使用)(原屬第參種住宅區)"
萬華區,萬華,2,846,0,"第參種商業區(依都市計畫說明書圖規定辦理,始得作第參種商業區使用)(原屬第參種住宅區)"
萬華區,萬華,2,847,0,"第參種商業區(依都市計畫說明書圖規定辦理,始得作第參種商業區使用)(原屬第參種住宅區)"
萬華區,萬華,2,848,0,"第參種商業區(依都市計畫說明書圖規定辦理,始得作第參種商業區使用)(原屬第參種住宅區)"
萬華區,萬華,2,849,0,"第參種商業區(依都市計畫說明書圖規定辦理,始得作第參種商業區使用)(原屬第參種住宅區)"
萬華區,萬華,2,850,0,"第參種商業區(依都市計畫說明書圖規定辦理,始得作第參種商業區使用)(原屬第參種住宅區)"
萬華區,萬華,2,850,1,"第參種商業區(依都市計畫說明書圖規定辦理,始得作第參種商業區使用)(原屬第參之壹種住宅區)"
萬華區,萬華,2,851,0,"第參種商業區(依都市計畫說明書圖規定辦理,始得作第參種商業區使用)(原屬第參之壹種住宅區)"
萬華區,萬華,2,852,0,市場用地(公共設施用地)
萬華區,萬華,2,853,0,市場用地(公共設施用地)
萬華區,萬華,2,853,1,市場用地(公共設施用地)
萬華區,萬華,2,854,0,"第參種商業區(依都市計畫說明書圖規定辦理,始得作第參種商業區使用)(原屬第參種住宅區)"
萬華區,萬華,2,855,0,"第參種商業區(依都市計畫說明書圖規定辦理,始得作第參種商業區使用)(原屬第參種住宅區)"
萬華區,萬華,2,856,0,"第參種商業區(依都市計畫說明書圖規定辦理,始得作第參種商業區使用)(原屬第參種住宅區)"
萬華區,萬華,2,859,0,"第參種商業區(依都市計畫說明書圖規定辦理,始得作第參種商業區使用)(原屬第參種住宅區)"
萬華區,萬華,2,860,0,"第參種商業區(依都市計畫說明書圖規定辦理,始得作第參種商業區使用)(原屬第參種住宅區)"
萬華區,萬華,2,861,0,"第參種商業區(依都市計畫說明書圖規定辦理,始得作第參種商業區使用)(原屬第參種住宅區)"
萬華區,萬華,2,862,0,"第參種商業區(依都市計畫說明書圖規定辦理,始得作第參種商業區使用)(原屬第參種住宅區)"
萬華區,萬華,2,863,0,"第參種商業區(依都市計畫說明書圖規定辦理,始得作第參種商業區使用)(原屬第參種住宅區)"
萬華區,萬華,2,864,0,"第參種商業區(依都市計畫說明書圖規定辦理,始得作第參種商業區使用)(原屬第參種住宅區及第參之壹種住宅區)"
萬華區,萬華,2,865,0,"第參種商業區(依都市計畫說明書圖規定辦理,始得作第參種商業區使用)(原屬第參種住宅區及第參之壹種住宅區)"
萬華區,萬華,2,866,0,"第參種商業區(依都市計畫說明書圖規定辦理,始得作第參種商業區使用)(原屬第參之壹種住宅區)"
萬華區,萬華,2,867,0,"第參種商業區(依都市計畫說明書圖規定辦理,始得作第參種商業區使用)(原屬第參之壹種住宅區)"
萬華區,萬華,2,868,0,"第參種商業區(依都市計畫說明書圖規定辦理,始得作第參種商業區使用)(原屬第參之壹種住宅區)"
萬華區,萬華,2,869,0,"第參種商業區(依都市計畫說明書圖規定辦理,始得作第參種商業區使用)(原屬第參之壹種住宅區)"
萬華區,萬華,2,870,0,"第參種商業區(依都市計畫說明書圖規定辦理,始得作第參種商業區使用)(原屬第參之壹種住宅區)"
萬華區,萬華,2,871,0,道路用地(公共設施用地)
萬華區,萬華,2,872,0,道路用地(公共設施用地)
萬華區,萬華,2,873,0,"第參種商業區(依都市計畫說明書圖規定辦理,始得作第參種商業區使用)(原屬第參之壹種住宅區)"
萬華區,萬華,2,874,0,"第參種商業區(依都市計畫說明書圖規定辦理,始得作第參種商業區使用)(原屬第參之壹種住宅區)"
萬華區,萬華,2,875,0,"第參種商業區(依都市計畫說明書圖規定辦理,始得作第參種商業區使用)(原屬第參之壹種住宅區)"
萬華區,萬華,2,876,0,"第參種商業區(依都市計畫說明書圖規定辦理,始得作第參種商業區使用)(原屬第參之壹種住宅區)"
萬華區,萬華,2,877,0,"第參種商業區(依都市計畫說明書圖規定辦理,始得作第參種商業區使用)(原屬第參之壹種住宅區)"
萬華區,萬華,2,878,0,"第參種商業區(依都市計畫說明書圖規定辦理,始得作第參種商業區使用)(原屬第參種住宅區及第參之壹種住宅區)"
萬華區,萬華,2,879,0,"第參種商業區(依都市計畫說明書圖規定辦理,始得作第參種商業區使用)(原屬第參種住宅區)"
萬華區,萬華,2,880,0,"第參種商業區(依都市計畫說明書圖規定辦理,始得作第參種商業區使用)(原屬第參種住宅區)"
萬華區,萬華,2,881,0,"第參種商業區(依都市計畫說明書圖規定辦理,始得作第參種商業區使用)(原屬第參種住宅區)"
萬華區,萬華,2,882,0,"第參種商業區(依都市計畫說明書圖規定辦理,始得作第參種商業區使用)(原屬第參種住宅區)"
萬華區,萬華,2,883,0,"第參種商業區(依都市計畫說明書圖規定辦理,始得作第參種商業區使用)(原屬第參種住宅區)"
萬華區,萬華,2,884,0,"第參種商業區(依都市計畫說明書圖規定辦理,始得作第參種商業區使用)(原屬第參種住宅區)"
萬華區,萬華,2,885,1,"人行步道用地(公共設施用地),但是否在第參種商業區(依都市計畫說明書圖規定辦理,始得作第參種商業區使用)(應依建築線或俟地籍測量分割後,再確定)"
萬華區,萬華,2,886,0,道路用地(公共設施用地)
萬華區,萬華,2,887,0,"第參種商業區(依都市計畫說明書圖規定辦理,始得作第參種商業區使用)(原屬第參種住宅區)"
萬華區,萬華,2,888,0,"第參種商業區(依都市計畫說明書圖規定辦理,始得作第參種商業區使用)(原屬第參種住宅區)"
萬華區,萬華,2,889,0,"第參種商業區(依都市計畫說明書圖規定辦理,始得作第參種商業區使用)(原屬第參種住宅區)"
萬華區,萬華,2,890,0,"第參種商業區(依都市計畫說明書圖規定辦理,始得作第參種商業區使用)(原屬第參種住宅區)"
萬華區,萬華,2,891,0,"第參種商業區(依都市計畫說明書圖規定辦理,始得作第參種商業區使用)(原屬第參種住宅區)"
萬華區,萬華,2,892,0,"第參種商業區(依都市計畫說明書圖規定辦理,始得作第參種商業區使用)"
萬華區,萬華,2,893,0,"第參種商業區(依都市計畫說明書圖規定辦理,始得作第參種商業區使用)(原屬第參種住宅區)"
萬華區,萬華,2,893,1,第三種商業區
萬華區,萬華,2,894,0,第三種商業區
萬華區,萬華,2,894,1,"第參種商業區(依都市計畫說明書圖規定辦理,始得作第參種商業區使用)(原屬第參種住宅區)"
萬華區,萬華,2,895,0,第三種商業區
萬華區,萬華,2,896,0,道路用地(公共設施用地)
萬華區,萬華,2,897,0,第三種商業區
萬華區,萬華,2,898,0,第三種商業區
萬華區,萬華,2,899,0,第三種商業區
萬華區,萬華,2,900,0,第三種商業區
萬華區,萬華,2,901,0,第三種商業區
萬華區,萬華,2,902,0,第三種商業區
萬華區,萬華,2,903,0,第三種商業區
萬華區,萬華,2,904,0,廣場用地(公共設施用地)
萬華區,萬華,2,905,0,第三種商業區
萬華區,萬華,2,906,0,第三種商業區
萬華區,萬華,2,907,0,第三種商業區
萬華區,萬華,2,908,0,第三種商業區
萬華區,萬華,2,909,0,第三種商業區
萬華區,萬華,2,910,0,第三種商業區
萬華區,萬華,2,911,0,第三種商業區
萬華區,萬華,2,912,0,第三種商業區
萬華區,萬華,2,913,0,第三種商業區
萬華區,萬華,2,914,0,第三種商業區
萬華區,萬華,2,915,0,第三種商業區
萬華區,萬華,2,916,0,第三種商業區
萬華區,萬華,2,917,0,廣場用地(公共設施用地)
萬華區,萬華,2,918,0,廣場用地(公共設施用地)
萬華區,萬華,2,919,0,廣場用地(公共設施用地)
萬華區,萬華,2,919,1,交通用地(公共設施用地)
萬華區,萬華,2,919,2,人行步道用地(公共設施用地)
萬華區,萬華,2,919,3,道路用地(公共設施用地)
萬華區,萬華,2,920,0,"第參種商業區(依都市計畫說明書圖規定辦理,始得作第參種商業區使用)(原屬第參種住宅區)"
萬華區,萬華,2,921,0,"第參種商業區(依都市計畫說明書圖規定辦理,始得作第參種商業區使用)(原屬第參種住宅區)"
萬華區,萬華,2,922,0,道路用地(公共設施用地)
萬華區,萬華,2,923,0,"第參種商業區(依都市計畫說明書圖規定辦理,始得作第參種商業區使用)(原屬第參種住宅區)"
萬華區,萬華,2,924,0,"第參種商業區(依都市計畫說明書圖規定辦理,始得作第參種商業區使用)(原屬第參種住宅區)"
萬華區,萬華,2,925,0,"第參種商業區(依都市計畫說明書圖規定辦理,始得作第參種商業區使用)(原屬第參種住宅區)"
萬華區,萬華,2,926,0,"第參種商業區(依都市計畫說明書圖規定辦理,始得作第參種商業區使用)(原屬第參種住宅區)"
萬華區,萬華,2,926,1,交通用地(公共設施用地)
萬華區,萬華,2,927,0,"第參種商業區(依都市計畫說明書圖規定辦理,始得作第參種商業區使用)(原屬第參種住宅區)"
萬華區,萬華,2,928,0,"第參種商業區(依都市計畫說明書圖規定辦理,始得作第參種商業區使用)(原屬第參種住宅區)"
萬華區,萬華,2,929,0,"第參種商業區(依都市計畫說明書圖規定辦理,始得作第參種商業區使用)(原屬第參種住宅區)"
萬華區,萬華,2,930,0,道路用地(公共設施用地)
萬華區,萬華,2,931,0,道路用地(公共設施用地)
萬華區,萬華,2,932,0,"道路用地(公共設施用地),但是否在第參種商業區(依都市計畫說明書圖規定辦理,始得作第參種商業區使用)(原屬第參種住宅區,應依建築線或俟地籍測量分割後,再確定)"
萬華區,萬華,2,932,1,"第參種商業區(依都市計畫說明書圖規定辦理,始得作第參種商業區使用)(原屬第參種住宅區)"
萬華區,萬華,2,933,0,"第參種商業區(依都市計畫說明書圖規定辦理,始得作第參種商業區使用)(原屬第參種住宅區)"
萬華區,萬華,2,934,0,"第參種商業區(依都市計畫說明書圖規定辦理,始得作第參種商業區使用)(原屬第參種住宅區)"
萬華區,萬華,2,935,0,"第參種商業區(依都市計畫說明書圖規定辦理,始得作第參種商業區使用)(原屬第參種住宅區)"
萬華區,萬華,2,936,0,"第參種商業區(依都市計畫說明書圖規定辦理,始得作第參種商業區使用)(原屬第參種住宅區)"
萬華區,萬華,2,937,0,"第參種商業區(依都市計畫說明書圖規定辦理,始得作第參種商業區使用)(原屬第參種住宅區)"
萬華區,萬華,2,938,0,"第參種商業區(依都市計畫說明書圖規定辦理,始得作第參種商業區使用)(原屬第參種住宅區)"
萬華區,萬華,2,939,0,"第參種商業區(依都市計畫說明書圖規定辦理,始得作第參種商業區使用)(原屬第參種住宅區)"
萬華區,萬華,2,940,0,"第參種商業區(依都市計畫說明書圖規定辦理,始得作第參種商業區使用)(原屬第參種住宅區)"
萬華區,萬華,2,941,0,"第參種商業區(依都市計畫說明書圖規定辦理,始得作第參種商業區使用)(原屬第參種住宅區)"
萬華區,萬華,2,942,0,"第參種商業區(依都市計畫說明書圖規定辦理,始得作第參種商業區使用)(原屬第參種住宅區)"
萬華區,萬華,2,943,0,"第參種商業區(依都市計畫說明書圖規定辦理,始得作第參種商業區使用)(原屬第參種住宅區)"
萬華區,萬華,2,944,0,"第參種商業區(依都市計畫說明書圖規定辦理,始得作第參種商業區使用)(原屬第參種住宅區)"
萬華區,萬華,2,945,0,"第參種商業區(依都市計畫說明書圖規定辦理,始得作第參種商業區使用)(原屬第參種住宅區)"
萬華區,萬華,2,946,0,"第參種商業區(依都市計畫說明書圖規定辦理,始得作第參種商業區使用)(原屬第參種住宅區)"
萬華區,萬華,2,947,0,"第參種商業區(依都市計畫說明書圖規定辦理,始得作第參種商業區使用)(原屬第參種住宅區)"
萬華區,萬華,2,948,0,"第參種商業區(依都市計畫說明書圖規定辦理,始得作第參種商業區使用)(原屬第參種住宅區)"
萬華區,萬華,2,949,0,"第參種商業區(依都市計畫說明書圖規定辦理,始得作第參種商業區使用)(原屬第參種住宅區)"
萬華區,萬華,2,950,0,"第參種商業區(依都市計畫說明書圖規定辦理,始得作第參種商業區使用)(原屬第參種住宅區)"
萬華區,萬華,2,951,0,"第參種商業區(依都市計畫說明書圖規定辦理,始得作第參種商業區使用)(原屬第參種住宅區)"
萬華區,萬華,2,952,0,"第參種商業區(依都市計畫說明書圖規定辦理,始得作第參種商業區使用)(原屬第參種住宅區)"
萬華區,萬華,2,953,0,"第參種商業區(依都市計畫說明書圖規定辦理,始得作第參種商業區使用)(原屬第參種住宅區)"
萬華區,萬華,2,954,0,"第參種商業區(依都市計畫說明書圖規定辦理,始得作第參種商業區使用)(原屬第參種住宅區)"
萬華區,萬華,2,955,0,"第參種商業區(依都市計畫說明書圖規定辦理,始得作第參種商業區使用)(原屬第參種住宅區)"
萬華區,萬華,2,956,0,"第參種商業區(依都市計畫說明書圖規定辦理,始得作第參種商業區使用)(原屬第參種住宅區)"
萬華區,萬華,2,957,0,"第參種商業區(依都市計畫說明書圖規定辦理,始得作第參種商業區使用)(原屬第參種住宅區)"
萬華區,萬華,2,958,0,"第參種商業區(依都市計畫說明書圖規定辦理,始得作第參種商業區使用)(原屬第參種住宅區)"
萬華區,萬華,2,959,0,"第參種商業區(依都市計畫說明書圖規定辦理,始得作第參種商業區使用)(原屬第參種住宅區)"
萬華區,萬華,2,960,0,"第參種商業區(依都市計畫說明書圖規定辦理,始得作第參種商業區使用)(原屬第參種住宅區)"
萬華區,萬華,2,961,0,"第參種商業區(依都市計畫說明書圖規定辦理,始得作第參種商業區使用)(原屬第參種住宅區)"
萬華區,萬華,2,962,0,道路用地(公共設施用地)
萬華區,萬華,2,963,0,道路用地(公共設施用地)
萬華區,萬華,2,964,0,"第參種商業區(依都市計畫說明書圖規定辦理,始得作第參種商業區使用)(原屬第參種住宅區)"
萬華區,萬華,2,965,0,"第參種商業區(依都市計畫說明書圖規定辦理,始得作第參種商業區使用)(原屬第參種住宅區)"
萬華區,萬華,2,966,0,道路用地(公共設施用地)
萬華區,萬華,2,967,0,道路用地(公共設施用地)
萬華區,萬華,2,968,0,"第參種商業區(依都市計畫說明書圖規定辦理,始得作第參種商業區使用)(原屬第參種住宅區)"
萬華區,萬華,2,969,0,"第參種商業區(依都市計畫說明書圖規定辦理,始得作第參種商業區使用)(原屬第參種住宅區)"
萬華區,萬華,2,970,0,"第參種商業區(依都市計畫說明書圖規定辦理,始得作第參種商業區使用)(原屬第參種住宅區)"
萬華區,萬華,2,971,0,"第參種商業區(依都市計畫說明書圖規定辦理,始得作第參種商業區使用)(原屬第參種住宅區)"
萬華區,萬華,2,972,0,"第參種商業區(依都市計畫說明書圖規定辦理,始得作第參種商業區使用)(原屬第參種住宅區)"
萬華區,萬華,2,973,0,"第參種商業區(依都市計畫說明書圖規定辦理,始得作第參種商業區使用)(原屬第參種住宅區)"
萬華區,萬華,2,974,0,"第參種商業區(依都市計畫說明書圖規定辦理,始得作第參種商業區使用)(原屬第參種住宅區)"
萬華區,萬華,2,975,0,"人行步道用地(公共設施用地)及道路用地(公共設施用地),但是否在第參種商業區(依都市計畫說明書圖規定辦理,始得作第參種商業區使用)(原屬第參種住宅區,應依建築線或俟地籍測量分割後,再確定)"
萬華區,萬華,2,976,0,公園用地(公共設施用地)及人行步道用地(公共設施用地)
萬華區,萬華,2,977,0,"道路用地(公共設施用地)及第參種商業區(依都市計畫說明書圖規定辦理,始得作第參種商業區使用)及公園用地(公共設施用地)及人行步道用地(公共設施用地)"
萬華區,萬華,2,978,0,"第參種商業區(依都市計畫說明書圖規定辦理,始得作第參種商業區使用)(原屬第參之壹種住宅區)"
萬華區,萬華,2,978,1,"第參種商業區(依都市計畫說明書圖規定辦理,始得作第參種商業區使用)(原屬第參種住宅區)"
萬華區,萬華,2,979,0,"第參種商業區(依都市計畫說明書圖規定辦理,始得作第參種商業區使用)(原屬第參之壹種住宅區)"
萬華區,萬華,2,980,0,"第參種商業區(依都市計畫說明書圖規定辦理,始得作第參種商業區使用)(原屬第參之壹種住宅區)"
萬華區,萬華,2,981,0,"第參種商業區(依都市計畫說明書圖規定辦理,始得作第參種商業區使用)(原屬第參之壹種住宅區)"
萬華區,萬華,2,982,0,"第參種商業區(依都市計畫說明書圖規定辦理,始得作第參種商業區使用)(原屬第參之壹種住宅區)"
萬華區,萬華,2,982,1,"第參種商業區(依都市計畫說明書圖規定辦理,始得作第參種商業區使用)(原屬第參種住宅區)"
萬華區,萬華,2,983,0,"第參種商業區(依都市計畫說明書圖規定辦理,始得作第參種商業區使用)(原屬第參種住宅區)"
萬華區,萬華,2,983,1,"第參種商業區(依都市計畫說明書圖規定辦理,始得作第參種商業區使用)(原屬第參之壹種住宅區)"
萬華區,萬華,2,984,0,"第參種商業區(依都市計畫說明書圖規定辦理,始得作第參種商業區使用)(原屬第參種住宅區)"
萬華區,萬華,2,984,1,"第參種商業區(依都市計畫說明書圖規定辦理,始得作第參種商業區使用)(原屬第參之壹種住宅區)"
萬華區,萬華,2,985,0,"第參種商業區(依都市計畫說明書圖規定辦理,始得作第參種商業區使用)(原屬第參種住宅區)"
萬華區,萬華,2,985,1,"第參種商業區(依都市計畫說明書圖規定辦理,始得作第參種商業區使用)(原屬第參之壹種住宅區)"
萬華區,萬華,2,986,0,"第參種商業區(依都市計畫說明書圖規定辦理,始得作第參種商業區使用)(原屬第參種住宅區)"
萬華區,萬華,2,987,0,"第參種商業區(依都市計畫說明書圖規定辦理,始得作第參種商業區使用)(原屬第參種住宅區)"
萬華區,萬華,2,988,0,"第參種商業區(依都市計畫說明書圖規定辦理,始得作第參種商業區使用)(原屬第參種住宅區)"
萬華區,萬華,2,989,0,"第參種商業區(依都市計畫說明書圖規定辦理,始得作第參種商業區使用)(原屬第參種住宅區)"
萬華區,萬華,2,990,0,"第參種商業區(依都市計畫說明書圖規定辦理,始得作第參種商業區使用)(原屬第參種住宅區)"
萬華區,萬華,2,991,0,"第參種商業區(依都市計畫說明書圖規定辦理,始得作第參種商業區使用)(原屬第參種住宅區)"
萬華區,萬華,2,992,0,"第參種商業區(依都市計畫說明書圖規定辦理,始得作第參種商業區使用)(原屬第參種住宅區)"
萬華區,萬華,2,993,0,"第參種商業區(依都市計畫說明書圖規定辦理,始得作第參種商業區使用)(原屬第參之壹種住宅區)"
萬華區,萬華,2,993,2,"第參種商業區(依都市計畫說明書圖規定辦理,始得作第參種商業區使用)(原屬第參種住宅區)"
萬華區,萬華,2,993,3,"第參種商業區(依都市計畫說明書圖規定辦理,始得作第參種商業區使用)(原屬第參種住宅區)"
萬華區,萬華,2,994,0,"第參種商業區(依都市計畫說明書圖規定辦理,始得作第參種商業區使用)(原屬第參之壹種住宅區)"
萬華區,萬華,2,995,0,"第參種商業區(依都市計畫說明書圖規定辦理,始得作第參種商業區使用)(原屬第參之壹種住宅區)"
萬華區,萬華,2,996,0,"第參種商業區(依都市計畫說明書圖規定辦理,始得作第參種商業區使用)(原屬第參之壹種住宅區)"
萬華區,萬華,2,997,0,"第參種商業區(依都市計畫說明書圖規定辦理,始得作第參種商業區使用)(原屬第參之壹種住宅區)"
萬華區,萬華,2,999,0,"第參種商業區(依都市計畫說明書圖規定辦理,始得作第參種商業區使用)(原屬第參之壹種住宅區)"
萬華區,萬華,2,999,1,"第參種商業區(依都市計畫說明書圖規定辦理,始得作第參種商業區使用)(原屬第參之壹種住宅區)"
萬華區,萬華,2,999,2,"第參種商業區(依都市計畫說明書圖規定辦理,始得作第參種商業區使用)(原屬第參之壹種住宅區)"
萬華區,萬華,2,1000,0,"第參種商業區(依都市計畫說明書圖規定辦理,始得作第參種商業區使用)(原屬第參之壹種住宅區)"
萬華區,萬華,2,1000,1,"第參種商業區(依都市計畫說明書圖規定辦理,始得作第參種商業區使用)(原屬第參種住宅區)"
萬華區,萬華,2,1003,0,"第參種商業區(依都市計畫說明書圖規定辦理,始得作第參種商業區使用)(原屬第參之壹種住宅區)"
萬華區,萬華,2,1004,0,"第參種商業區(依都市計畫說明書圖規定辦理,始得作第參種商業區使用)(原屬第參之壹種住宅區)"
萬華區,萬華,2,1005,0,"第參種商業區(依都市計畫說明書圖規定辦理,始得作第參種商業區使用)(原屬第參種住宅區及第參之壹種住宅區)"
萬華區,萬華,2,1006,0,"第參種商業區(依都市計畫說明書圖規定辦理,始得作第參種商業區使用)(原屬第參之壹種住宅區)"
萬華區,萬華,2,1006,1,"第參種商業區(依都市計畫說明書圖規定辦理,始得作第參種商業區使用)(原屬第參種住宅區)"
萬華區,萬華,2,1007,0,"第參種商業區(依都市計畫說明書圖規定辦理,始得作第參種商業區使用)(原屬第參種住宅區)"
萬華區,萬華,2,1007,1,"第參種商業區(依都市計畫說明書圖規定辦理,始得作第參種商業區使用)(原屬第參之壹種住宅區)"
萬華區,萬華,2,1009,0,"第參種商業區(依都市計畫說明書圖規定辦理,始得作第參種商業區使用)(原屬第參種住宅區)"
萬華區,萬華,2,1009,1,"第參種商業區(依都市計畫說明書圖規定辦理,始得作第參種商業區使用)(原屬第參之壹種住宅區)"
萬華區,萬華,2,1010,0,"第參種商業區(依都市計畫說明書圖規定辦理,始得作第參種商業區使用)(原屬第參種住宅區)"
萬華區,萬華,2,1010,1,"第參種商業區(依都市計畫說明書圖規定辦理,始得作第參種商業區使用)(原屬第參之壹種住宅區)"
萬華區,萬華,2,1019,0,"第參種商業區(依都市計畫說明書圖規定辦理,始得作第參種商業區使用)"
萬華區,萬華,2,1020,0,公園用地(公共設施用地)
萬華區,萬華,2,1020,1,道路用地(公共設施用地)
萬華區,萬華,2,1020,2,公園用地(公共設施用地)
萬華區,萬華,2,1021,0,"第參種商業區(依都市計畫說明書圖規定辦理,始得作第參種商業區使用)(原屬第參種住宅區)"
萬華區,萬華,2,1021,1,公園用地(公共設施用地)
萬華區,萬華,2,1022,0,"第參種商業區(依都市計畫說明書圖規定辦理,始得作第參種商業區使用)(原屬第參種住宅區)"
萬華區,萬華,2,1022,1,公園用地(公共設施用地)
萬華區,萬華,2,1022,2,"第參種商業區(依都市計畫說明書圖規定辦理,始得作第參種商業區使用)(原屬第參種住宅區)"
萬華區,萬華,2,1023,0,公園用地(公共設施用地)
萬華區,萬華,2,1024,0,公園用地(公共設施用地)
萬華區,萬華,2,1024,1,公園用地(公共設施用地)
萬華區,萬華,2,1025,0,"第參種商業區(依都市計畫說明書圖規定辦理,始得作第參種商業區使用)(原屬第參種住宅區)"
萬華區,萬華,2,1025,1,"第參種商業區(依都市計畫說明書圖規定辦理,始得作第參種商業區使用)(原屬第參種住宅區)"
萬華區,萬華,2,1025,2,"第參種商業區(依都市計畫說明書圖規定辦理,始得作第參種商業區使用)(原屬第參種住宅區)"
萬華區,萬華,2,1025,3,"第參種商業區(依都市計畫說明書圖規定辦理,始得作第參種商業區使用)(原屬第參種住宅區)"
萬華區,萬華,2,1026,0,"第參種商業區(依都市計畫說明書圖規定辦理,始得作第參種商業區使用)(原屬第參種住宅區及第參之壹種住宅區)"
萬華區,萬華,2,1027,0,"第參種商業區(依都市計畫說明書圖規定辦理,始得作第參種商業區使用)(原屬第參之壹種住宅區)"
萬華區,萬華,2,1027,1,"第參種商業區(依都市計畫說明書圖規定辦理,始得作第參種商業區使用)(原屬第參種住宅區)"
萬華區,萬華,2,1028,0,"第參種商業區(依都市計畫說明書圖規定辦理,始得作第參種商業區使用)(原屬第參種住宅區)"
萬華區,萬華,2,1028,1,"第參種商業區(依都市計畫說明書圖規定辦理,始得作第參種商業區使用)(原屬第參之壹種住宅區)"
萬華區,萬華,2,1029,0,"第參種商業區(依都市計畫說明書圖規定辦理,始得作第參種商業區使用)(原屬第參之壹種住宅區)"
萬華區,萬華,2,1030,0,"第參種商業區(依都市計畫說明書圖規定辦理,始得作第參種商業區使用)(原屬第參之壹種住宅區)"
萬華區,萬華,2,1031,0,"第參種商業區(依都市計畫說明書圖規定辦理,始得作第參種商業區使用)(原屬第參之壹種住宅區)"
萬華區,萬華,2,1032,0,"第參種商業區(依都市計畫說明書圖規定辦理,始得作第參種商業區使用)(原屬第參之壹種住宅區)"
萬華區,萬華,2,1033,0,"第參種商業區(依都市計畫說明書圖規定辦理,始得作第參種商業區使用)(原屬第參之壹種住宅區)"
萬華區,萬華,2,1034,0,"第參種商業區(依都市計畫說明書圖規定辦理,始得作第參種商業區使用)(原屬第參之壹種住宅區)"
萬華區,萬華,2,1035,0,"第參種商業區(依都市計畫說明書圖規定辦理,始得作第參種商業區使用)(原屬第參之壹種住宅區)"
萬華區,萬華,2,1036,0,公園用地(公共設施用地)
萬華區,萬華,2,1037,0,交通用地(公共設施用地)
萬華區,萬華,2,1037,2,廣場用地(公共設施用地)
萬華區,萬華,2,1037,3,"第參種商業區(依都市計畫說明書圖規定辦理,始得作第參種商業區使用)(原屬第參種住宅區)"
萬華區,萬華,2,1037,4,"第參種商業區(依都市計畫說明書圖規定辦理,始得作第參種商業區使用)(原屬第參種住宅區)"
萬華區,萬華,2,1037,5,交通用地(公共設施用地)
萬華區,萬華,2,1037,7,道路用地(公共設施用地)
萬華區,萬華,2,1037,8,廣場用地(公共設施用地)
萬華區,萬華,2,1037,9,道路用地(公共設施用地)
萬華區,萬華,2,1037,10,交通用地(公共設施用地)
萬華區,萬華,2,1037,11,交通用地(公共設施用地)
萬華區,萬華,2,1037,12,交通用地(公共設施用地)
萬華區,萬華,2,1037,13,道路用地(公共設施用地)
萬華區,萬華,2,1037,14,道路用地(公共設施用地)
萬華區,萬華,2,1037,15,道路用地(公共設施用地)
萬華區,萬華,2,1037,16,道路用地(公共設施用地)
萬華區,萬華,2,1037,17,道路用地(公共設施用地)
萬華區,萬華,2,1037,18,道路用地(公共設施用地)
萬華區,萬華,2,1037,19,道路用地(公共設施用地)
萬華區,萬華,2,1037,20,道路用地(公共設施用地)
萬華區,萬華,2,1038,0,交通用地(公共設施用地)
萬華區,萬華,2,1038,1,道路用地(公共設施用地)
萬華區,漢中,1,1,0,道路用地(公共設施用地)
萬華區,漢中,1,1,1,道路用地(公共設施用地)
萬華區,漢中,1,1,2,道路用地(公共設施用地)
萬華區,漢中,1,2,0,道路用地(公共設施用地)
萬華區,漢中,1,3,0,道路用地(公共設施用地)
萬華區,漢中,1,4,0,道路用地(公共設施用地)
萬華區,漢中,1,5,0,道路用地(公共設施用地)
萬華區,漢中,1,6,0,第四種商業區
萬華區,漢中,1,8,0,第四種商業區
萬華區,漢中,1,10,0,第四種商業區
萬華區,漢中,1,11,0,第四種商業區
萬華區,漢中,1,15,0,第四種商業區
萬華區,漢中,1,16,0,第四種商業區
萬華區,漢中,1,17,0,第四種商業區
萬華區,漢中,1,20,0,第四種商業區
萬華區,漢中,1,26,0,第四種商業區
萬華區,漢中,1,28,0,第四種商業區
萬華區,漢中,1,32,1,道路用地(公共設施用地)
萬華區,漢中,1,36,0,第四種商業區
萬華區,漢中,1,36,1,道路用地(公共設施用地)
萬華區,漢中,1,37,0,第四種商業區
萬華區,漢中,1,37,1,道路用地(公共設施用地)
萬華區,漢中,1,38,1,道路用地(公共設施用地)
萬華區,漢中,1,39,2,道路用地(公共設施用地)
萬華區,漢中,1,40,1,道路用地(公共設施用地)
萬華區,漢中,1,40,2,道路用地(公共設施用地)
萬華區,漢中,1,41,0,第四種商業區
萬華區,漢中,1,41,1,道路用地(公共設施用地)
萬華區,漢中,1,42,0,第四種商業區
萬華區,漢中,1,42,1,道路用地(公共設施用地)
萬華區,漢中,1,43,0,第四種商業區
萬華區,漢中,1,44,0,第四種商業區
萬華區,漢中,1,45,0,第四種商業區
萬華區,漢中,1,45,1,第四種商業區
萬華區,漢中,1,46,0,第四種商業區
萬華區,漢中,1,46,1,第四種商業區
萬華區,漢中,1,47,0,第四種商業區
萬華區,漢中,1,48,0,第四種商業區
萬華區,漢中,1,49,0,第四種商業區
萬華區,漢中,1,49,1,道路用地(公共設施用地)
萬華區,漢中,1,50,0,第四種商業區
萬華區,漢中,1,50,1,道路用地(公共設施用地)
萬華區,漢中,1,51,0,第四種商業區
萬華區,漢中,1,51,1,道路用地(公共設施用地)
萬華區,漢中,1,52,0,道路用地(公共設施用地)
萬華區,漢中,1,53,0,第四種商業區
萬華區,漢中,1,54,0,第四種商業區
萬華區,漢中,1,58,0,第四種商業區
萬華區,漢中,1,59,0,第四種商業區
萬華區,漢中,1,60,0,第四種商業區
萬華區,漢中,1,61,0,第四種商業區
萬華區,漢中,1,62,0,第四種商業區
萬華區,漢中,1,62,1,道路用地(公共設施用地)
萬華區,漢中,1,63,0,第四種商業區
萬華區,漢中,1,63,1,道路用地(公共設施用地)
萬華區,漢中,1,64,0,第四種商業區
萬華區,漢中,1,64,1,道路用地(公共設施用地)
萬華區,漢中,1,65,0,第四種商業區
萬華區,漢中,1,66,0,道路用地(公共設施用地)
萬華區,漢中,1,67,0,道路用地(公共設施用地)
萬華區,漢中,1,68,0,第四種商業區
萬華區,漢中,1,69,0,第四種商業區
萬華區,漢中,1,70,0,道路用地(公共設施用地)
萬華區,漢中,1,71,0,道路用地(公共設施用地)
萬華區,漢中,1,72,0,第四種商業區
萬華區,漢中,1,73,0,第四種商業區
萬華區,漢中,1,73,1,道路用地(公共設施用地)
萬華區,漢中,1,74,0,第四種商業區
萬華區,漢中,1,74,1,道路用地(公共設施用地)
萬華區,漢中,1,75,0,第四種商業區
萬華區,漢中,1,75,1,道路用地(公共設施用地)
萬華區,漢中,1,76,0,道路用地(公共設施用地)
萬華區,漢中,1,77,0,道路用地(公共設施用地)
萬華區,漢中,1,78,0,第四種商業區
萬華區,漢中,1,78,1,道路用地(公共設施用地)
萬華區,漢中,1,79,0,第四種商業區
萬華區,漢中,1,79,1,道路用地(公共設施用地)
萬華區,漢中,1,80,0,第四種商業區
萬華區,漢中,1,80,1,道路用地(公共設施用地)
萬華區,漢中,1,81,0,第四種商業區
萬華區,漢中,1,82,0,第四種商業區
萬華區,漢中,1,82,1,道路用地(公共設施用地)
萬華區,漢中,1,83,0,第四種商業區
萬華區,漢中,1,83,1,道路用地(公共設施用地)
萬華區,漢中,1,84,1,道路用地(公共設施用地)
萬華區,漢中,1,87,0,第四種商業區
萬華區,漢中,1,87,1,道路用地(公共設施用地)
萬華區,漢中,1,90,1,道路用地(公共設施用地)
萬華區,漢中,1,93,0,第四種商業區
萬華區,漢中,1,99,0,第四種商業區
萬華區,漢中,1,100,0,第四種商業區
萬華區,漢中,1,101,0,道路用地(公共設施用地)
萬華區,漢中,1,102,0,第四種商業區
萬華區,漢中,1,103,0,第四種商業區
萬華區,漢中,1,104,0,第四種商業區
萬華區,漢中,1,105,0,道路用地(公共設施用地)
萬華區,漢中,1,106,0,道路用地(公共設施用地)
萬華區,漢中,1,107,0,第四種商業區
萬華區,漢中,1,108,0,第四種商業區
萬華區,漢中,1,108,1,第四種商業區
萬華區,漢中,1,108,4,道路用地(公共設施用地)
萬華區,漢中,1,108,5,第四種商業區
萬華區,漢中,1,108,6,道路用地(公共設施用地)
萬華區,漢中,1,109,0,道路用地(公共設施用地)
萬華區,漢中,1,110,0,第四種商業區
萬華區,漢中,1,110,1,道路用地(公共設施用地)
萬華區,漢中,1,111,1,第四種商業區
萬華區,漢中,1,112,0,第四種商業區
萬華區,漢中,1,112,1,道路用地(公共設施用地)
萬華區,漢中,1,113,0,第四種商業區
萬華區,漢中,1,113,1,道路用地(公共設施用地)
萬華區,漢中,1,114,0,第四種商業區
萬華區,漢中,1,114,1,道路用地(公共設施用地)
萬華區,漢中,1,115,0,第四種商業區
萬華區,漢中,1,116,0,第四種商業區
萬華區,漢中,1,117,0,第四種商業區
萬華區,漢中,1,117,1,第四種商業區
萬華區,漢中,1,117,2,第四種商業區
萬華區,漢中,1,118,0,第四種商業區
萬華區,漢中,1,119,0,郵政用地(公共設施用地)
萬華區,漢中,1,120,0,郵政用地(公共設施用地)
萬華區,漢中,1,121,0,第四種商業區
萬華區,漢中,1,122,0,第四種商業區
萬華區,漢中,1,123,0,第四種商業區
萬華區,漢中,1,124,0,第四種商業區
萬華區,漢中,1,129,0,第四種商業區
萬華區,漢中,1,130,0,第四種商業區
萬華區,漢中,1,131,0,第四種商業區
萬華區,漢中,1,132,0,第四種商業區
萬華區,漢中,1,133,0,第四種商業區
萬華區,漢中,1,134,0,第四種商業區
萬華區,漢中,1,135,0,第四種商業區
萬華區,漢中,1,136,0,第四種商業區
萬華區,漢中,1,137,0,第四種商業區
萬華區,漢中,1,138,0,第四種商業區
萬華區,漢中,1,139,0,第四種商業區
萬華區,漢中,1,140,0,第四種商業區
萬華區,漢中,1,141,0,第四種商業區
萬華區,漢中,1,142,0,第四種商業區
萬華區,漢中,1,143,0,第四種商業區
萬華區,漢中,1,144,0,第四種商業區
萬華區,漢中,1,144,1,第四種商業區
萬華區,漢中,1,145,0,第四種商業區
萬華區,漢中,1,146,0,第四種商業區
萬華區,漢中,1,147,0,第四種商業區
萬華區,漢中,1,148,0,第四種商業區
萬華區,漢中,1,149,0,第四種商業區
萬華區,漢中,1,150,0,第四種商業區
萬華區,漢中,1,151,0,第四種商業區
萬華區,漢中,1,152,0,第四種商業區
萬華區,漢中,1,153,0,第四種商業區
萬華區,漢中,1,154,0,第四種商業區
萬華區,漢中,1,155,0,第四種商業區
萬華區,漢中,1,155,1,第四種商業區
萬華區,漢中,1,156,0,第四種商業區
萬華區,漢中,1,157,0,第四種商業區
萬華區,漢中,1,158,0,第四種商業區
萬華區,漢中,1,159,0,道路用地(公共設施用地)
萬華區,漢中,1,160,0,道路用地(公共設施用地)
萬華區,漢中,1,161,0,第四種商業區
萬華區,漢中,1,162,0,第四種商業區
萬華區,漢中,1,163,0,第四種商業區
萬華區,漢中,1,164,0,第四種商業區
萬華區,漢中,1,165,0,第四種商業區
萬華區,漢中,1,166,0,第四種商業區
萬華區,漢中,1,167,0,第四種商業區
萬華區,漢中,1,168,0,第四種商業區
萬華區,漢中,1,169,0,第四種商業區
萬華區,漢中,1,170,0,第四種商業區
萬華區,漢中,1,171,0,第四種商業區
萬華區,漢中,1,172,0,第四種商業區
萬華區,漢中,1,173,0,第四種商業區
萬華區,漢中,1,174,0,第四種商業區
萬華區,漢中,1,175,0,第四種商業區
萬華區,漢中,1,176,0,第四種商業區
萬華區,漢中,1,177,0,第四種商業區
萬華區,漢中,1,178,0,第四種商業區
萬華區,漢中,1,179,0,第四種商業區
萬華區,漢中,1,180,0,第四種商業區
萬華區,漢中,1,181,0,第四種商業區
萬華區,漢中,1,182,0,第四種商業區
萬華區,漢中,1,183,0,第四種商業區
萬華區,漢中,1,184,0,第四種商業區
萬華區,漢中,1,185,0,第四種商業區
萬華區,漢中,1,186,0,第四種商業區
萬華區,漢中,1,187,0,第四種商業區
萬華區,漢中,1,188,0,第四種商業區
萬華區,漢中,1,189,0,第四種商業區
萬華區,漢中,1,190,0,第四種商業區
萬華區,漢中,1,191,0,第四種商業區
萬華區,漢中,1,192,0,第四種商業區
萬華區,漢中,1,193,0,第四種商業區
萬華區,漢中,1,194,0,第四種商業區
萬華區,漢中,1,195,0,第四種商業區
萬華區,漢中,1,196,0,第四種商業區
萬華區,漢中,1,197,0,第四種商業區
萬華區,漢中,1,198,0,第四種商業區
萬華區,漢中,1,198,1,道路用地(公共設施用地)
萬華區,漢中,1,199,0,第四種商業區
萬華區,漢中,1,200,0,第四種商業區
萬華區,漢中,1,201,0,第四種商業區
萬華區,漢中,1,202,0,第四種商業區
萬華區,漢中,1,203,0,第四種商業區
萬華區,漢中,1,204,0,第四種商業區
萬華區,漢中,1,205,0,第四種商業區
萬華區,漢中,1,206,0,第四種商業區
萬華區,漢中,1,207,0,第四種商業區
萬華區,漢中,1,208,0,第四種商業區
萬華區,漢中,1,209,0,第四種商業區
萬華區,漢中,1,210,0,第四種商業區
萬華區,漢中,1,211,0,第四種商業區
萬華區,漢中,1,212,0,第四種商業區
萬華區,漢中,1,213,0,第四種商業區
萬華區,漢中,1,214,0,第四種商業區
萬華區,漢中,1,215,0,第四種商業區
萬華區,漢中,1,216,0,第四種商業區
萬華區,漢中,1,217,0,第四種商業區
萬華區,漢中,1,218,0,第四種商業區
萬華區,漢中,1,219,0,第四種商業區
萬華區,漢中,1,220,0,第四種商業區
萬華區,漢中,1,229,0,第四種商業區
萬華區,漢中,1,230,0,第四種商業區
萬華區,漢中,1,231,0,第四種商業區
萬華區,漢中,1,232,0,第四種商業區
萬華區,漢中,1,233,0,第四種商業區
萬華區,漢中,1,233,1,道路用地(公共設施用地)
萬華區,漢中,1,234,0,第四種商業區
萬華區,漢中,1,235,0,第四種商業區
萬華區,漢中,1,236,0,第四種商業區
萬華區,漢中,1,237,0,第四種商業區
萬華區,漢中,1,242,0,第四種商業區
萬華區,漢中,1,244,0,第四種商業區
萬華區,漢中,1,245,0,第四種商業區
萬華區,漢中,1,246,0,第四種商業區
萬華區,漢中,1,247,0,第四種商業區
萬華區,漢中,1,248,0,第四種商業區
萬華區,漢中,1,249,0,第四種商業區
萬華區,漢中,1,250,0,第四種商業區
萬華區,漢中,1,251,0,第四種商業區
萬華區,漢中,1,252,0,第四種商業區
萬華區,漢中,1,253,0,第四種商業區
萬華區,漢中,1,254,0,第四種商業區
萬華區,漢中,1,255,0,第四種商業區
萬華區,漢中,1,256,0,第四種商業區
萬華區,漢中,1,257,0,第四種商業區
萬華區,漢中,1,258,0,第四種商業區
萬華區,漢中,1,259,0,第四種商業區
萬華區,漢中,1,261,0,第四種商業區
萬華區,漢中,1,261,1,道路用地(公共設施用地)
萬華區,漢中,1,262,0,第四種商業區
萬華區,漢中,1,269,0,第四種商業區
萬華區,漢中,1,270,0,第四種商業區
萬華區,漢中,1,271,0,第四種商業區
萬華區,漢中,1,272,0,第四種商業區
萬華區,漢中,1,273,0,第四種商業區
萬華區,漢中,1,274,0,第四種商業區
萬華區,漢中,1,275,0,道路用地(公共設施用地)
萬華區,漢中,1,275,1,第四種商業區
萬華區,漢中,1,275,2,道路用地(公共設施用地)
萬華區,漢中,1,275,3,道路用地(公共設施用地)
萬華區,漢中,1,276,0,第四種商業區
萬華區,漢中,1,278,0,第四種商業區
萬華區,漢中,1,282,0,第四種商業區
萬華區,漢中,1,283,0,第四種商業區
萬華區,漢中,1,284,0,"道路用地(公共設施用地),但是否在第四種商業區(應依建築線或俟地籍測量分割後,再確定)"
萬華區,漢中,1,285,0,第四種商業區
萬華區,漢中,1,286,0,第四種商業區
萬華區,漢中,1,287,0,第四種商業區
萬華區,漢中,1,289,0,道路用地(公共設施用地)
萬華區,漢中,1,292,0,第四種商業區
萬華區,漢中,1,293,0,道路用地(公共設施用地)
萬華區,漢中,1,294,0,道路用地(公共設施用地)
萬華區,漢中,1,295,0,第四種商業區
萬華區,漢中,1,299,0,第四種商業區
萬華區,漢中,1,300,1,道路用地(公共設施用地)
萬華區,漢中,1,301,1,道路用地(公共設施用地)
萬華區,漢中,1,303,0,第四種商業區
萬華區,漢中,1,303,1,道路用地(公共設施用地)
萬華區,漢中,1,304,0,第四種商業區
萬華區,漢中,1,305,0,第四種商業區
萬華區,漢中,1,305,2,道路用地(公共設施用地)
萬華區,漢中,1,305,3,道路用地(公共設施用地)
萬華區,漢中,1,306,0,道路用地(公共設施用地)
萬華區,漢中,1,307,0,道路用地(公共設施用地)
萬華區,漢中,1,307,1,第四種商業區
萬華區,漢中,1,308,0,第四種商業區
萬華區,漢中,1,309,0,第四種商業區
萬華區,漢中,1,310,0,第四種商業區
萬華區,漢中,1,311,0,第四種商業區
萬華區,漢中,1,312,0,第四種商業區
萬華區,漢中,1,313,0,第四種商業區
萬華區,漢中,1,314,0,第四種商業區
萬華區,漢中,1,315,0,第四種商業區
萬華區,漢中,1,316,0,道路用地(公共設施用地)
萬華區,漢中,1,317,0,道路用地(公共設施用地)
萬華區,漢中,1,318,0,第四種商業區
萬華區,漢中,1,319,0,第四種商業區
萬華區,漢中,1,320,0,第四種商業區
萬華區,漢中,1,322,0,道路用地(公共設施用地)
萬華區,漢中,1,323,0,道路用地(公共設施用地)
萬華區,漢中,1,324,0,道路用地(公共設施用地)
萬華區,漢中,1,325,0,道路用地(公共設施用地)
萬華區,漢中,1,326,0,道路用地(公共設施用地)
萬華區,漢中,1,327,0,道路用地(公共設施用地)
萬華區,漢中,1,328,0,第四種商業區
萬華區,漢中,1,334,0,道路用地(公共設施用地)
萬華區,漢中,1,335,0,道路用地(公共設施用地)
萬華區,漢中,1,340,0,道路用地(公共設施用地)
萬華區,漢中,1,341,0,道路用地(公共設施用地)
萬華區,漢中,1,342,0,道路用地(公共設施用地)
萬華區,漢中,1,343,1,道路用地(公共設施用地)
萬華區,漢中,1,350,0,第四種商業區
萬華區,漢中,1,350,1,道路用地(公共設施用地)
萬華區,漢中,1,359,0,第四種商業區
萬華區,漢中,1,385,0,第四種商業區
萬華區,漢中,1,386,0,第四種商業區
萬華區,漢中,1,387,0,第四種商業區
萬華區,漢中,1,388,0,第四種商業區
萬華區,漢中,1,389,0,第四種商業區
萬華區,漢中,1,390,0,第四種商業區
萬華區,漢中,1,390,1,第四種商業區
萬華區,漢中,1,391,0,第四種商業區
萬華區,漢中,1,391,1,第四種商業區
萬華區,漢中,1,392,0,第四種商業區
萬華區,漢中,1,393,0,第四種商業區
萬華區,漢中,1,394,0,第四種商業區
萬華區,漢中,1,395,0,第四種商業區
萬華區,漢中,1,396,0,第四種商業區
萬華區,漢中,1,397,0,第四種商業區
萬華區,漢中,1,397,1,道路用地(公共設施用地)
萬華區,漢中,1,398,1,道路用地(公共設施用地)
萬華區,漢中,1,399,0,第四種商業區
萬華區,漢中,1,400,0,第四種商業區
萬華區,漢中,1,401,0,第四種商業區
萬華區,漢中,1,402,0,第四種商業區
萬華區,漢中,1,403,0,第四種商業區
萬華區,漢中,1,404,0,第四種商業區
萬華區,漢中,1,405,0,第四種商業區
萬華區,漢中,1,406,0,第四種商業區
萬華區,漢中,1,407,0,第四種商業區
萬華區,漢中,1,407,1,第四種商業區
萬華區,漢中,1,407,2,第四種商業區
萬華區,漢中,1,407,3,第四種商業區
萬華區,漢中,1,410,0,第四種商業區
萬華區,漢中,1,414,0,第四種商業區
萬華區,漢中,1,415,0,第四種商業區
萬華區,漢中,1,416,0,第四種商業區
萬華區,漢中,1,417,0,第四種商業區
萬華區,漢中,1,417,1,道路用地(公共設施用地)
萬華區,漢中,1,418,0,第四種商業區
萬華區,漢中,1,419,1,道路用地(公共設施用地)
萬華區,漢中,1,420,1,道路用地(公共設施用地)
萬華區,漢中,1,424,1,道路用地(公共設施用地)
萬華區,漢中,1,425,0,第四種商業區
萬華區,漢中,1,425,1,道路用地(公共設施用地)
萬華區,漢中,1,426,0,第四種商業區
萬華區,漢中,1,427,0,第四種商業區
萬華區,漢中,1,428,0,第四種商業區
萬華區,漢中,1,429,0,第四種商業區
萬華區,漢中,1,430,0,第四種商業區
萬華區,漢中,1,432,0,第四種商業區
萬華區,漢中,1,433,0,第四種商業區
萬華區,漢中,1,434,0,第四種商業區
萬華區,漢中,1,435,0,第四種商業區
萬華區,漢中,1,436,0,第四種商業區
萬華區,漢中,1,437,0,第四種商業區
萬華區,漢中,1,438,0,第四種商業區
萬華區,漢中,1,439,0,第四種商業區
萬華區,漢中,1,440,0,第四種商業區
萬華區,漢中,1,441,0,第四種商業區
萬華區,漢中,1,442,0,第四種商業區
萬華區,漢中,1,443,0,第四種商業區
萬華區,漢中,1,444,0,第四種商業區
萬華區,漢中,1,445,0,第四種商業區
萬華區,漢中,1,446,0,第四種商業區
萬華區,漢中,1,447,0,第四種商業區
萬華區,漢中,1,448,0,第四種商業區
萬華區,漢中,1,449,0,第四種商業區
萬華區,漢中,1,450,0,第四種商業區
萬華區,漢中,1,451,0,第四種商業區
萬華區,漢中,1,452,0,第四種商業區
萬華區,漢中,1,453,0,第四種商業區
萬華區,漢中,1,454,0,第四種商業區
萬華區,漢中,1,455,0,第四種商業區
萬華區,漢中,1,456,0,第四種商業區
萬華區,漢中,1,457,0,第四種商業區
萬華區,漢中,1,458,0,第四種商業區
萬華區,漢中,1,459,0,第四種商業區
萬華區,漢中,1,460,0,第四種商業區
萬華區,漢中,1,461,0,第四種商業區
萬華區,漢中,1,462,0,第四種商業區
萬華區,漢中,1,463,0,第四種商業區
萬華區,漢中,1,464,0,第四種商業區
萬華區,漢中,1,465,0,第四種商業區
萬華區,漢中,1,465,1,道路用地(公共設施用地)
萬華區,漢中,1,466,0,第四種商業區
萬華區,漢中,1,467,0,第四種商業區
萬華區,漢中,1,467,1,道路用地(公共設施用地)
萬華區,漢中,1,467,2,道路用地(公共設施用地)
萬華區,漢中,1,468,0,"道路用地(公共設施用地),但是否在第四種商業區(應依建築線或俟地籍測量分割後,再確定)"
萬華區,漢中,1,469,0,第四種商業區
萬華區,漢中,1,469,1,道路用地(公共設施用地)
萬華區,漢中,1,470,0,第四種商業區
萬華區,漢中,1,471,0,第四種商業區
萬華區,漢中,1,471,1,道路用地(公共設施用地)
萬華區,漢中,1,472,0,第四種商業區
萬華區,漢中,1,473,0,第四種商業區
萬華區,漢中,1,474,0,第四種商業區
萬華區,漢中,1,475,0,第四種商業區
萬華區,漢中,1,476,0,第四種商業區
萬華區,漢中,1,477,0,第四種商業區
萬華區,漢中,1,478,0,第四種商業區
萬華區,漢中,1,479,0,第四種商業區
萬華區,漢中,1,480,0,第四種商業區
萬華區,漢中,1,481,0,第四種商業區
萬華區,漢中,1,481,1,第四種商業區
萬華區,漢中,1,482,0,第四種商業區
萬華區,漢中,1,483,0,第四種商業區
萬華區,漢中,1,484,0,第四種商業區
萬華區,漢中,1,485,0,第四種商業區
萬華區,漢中,1,486,0,第四種商業區
萬華區,漢中,1,487,0,第四種商業區
萬華區,漢中,1,488,0,第四種商業區
萬華區,漢中,1,489,0,第四種商業區
萬華區,漢中,1,490,0,第四種商業區
萬華區,漢中,1,491,0,第四種商業區
萬華區,漢中,1,492,0,第四種商業區
萬華區,漢中,1,493,0,第四種商業區
萬華區,漢中,1,494,0,第四種商業區
萬華區,漢中,1,494,1,第四種商業區
萬華區,漢中,1,494,2,道路用地(公共設施用地)
萬華區,漢中,1,495,0,第四種商業區
萬華區,漢中,1,495,1,道路用地(公共設施用地)
萬華區,漢中,1,496,0,第四種商業區
萬華區,漢中,1,497,0,第四種商業區
萬華區,漢中,1,498,0,第四種商業區
萬華區,漢中,1,499,0,第四種商業區
萬華區,漢中,1,500,0,第四種商業區
萬華區,漢中,1,500,1,道路用地(公共設施用地)
萬華區,漢中,1,501,0,第四種商業區
萬華區,漢中,1,502,0,第四種商業區
萬華區,漢中,1,503,0,第四種商業區
萬華區,漢中,1,504,0,第四種商業區
萬華區,漢中,1,505,0,第四種商業區
萬華區,漢中,1,506,0,第四種商業區
萬華區,漢中,1,507,0,第四種商業區
萬華區,漢中,1,508,0,第四種商業區
萬華區,漢中,1,509,0,第四種商業區
萬華區,漢中,1,510,0,第四種商業區
萬華區,漢中,1,511,0,第四種商業區
萬華區,漢中,1,512,0,第四種商業區
萬華區,漢中,1,513,0,第四種商業區
萬華區,漢中,1,514,0,第四種商業區
萬華區,漢中,1,515,0,道路用地(公共設施用地)
萬華區,漢中,1,515,1,道路用地(公共設施用地)
萬華區,漢中,1,515,2,道路用地(公共設施用地)
萬華區,漢中,1,515,3,道路用地(公共設施用地)
萬華區,漢中,1,516,0,第四種商業區
萬華區,漢中,1,516,1,道路用地(公共設施用地)
萬華區,漢中,1,518,0,第四種商業區
萬華區,漢中,1,519,0,第四種商業區
萬華區,漢中,1,524,1,道路用地(公共設施用地)
萬華區,漢中,1,526,0,道路用地(公共設施用地)
萬華區,漢中,1,530,0,第四種商業區
萬華區,漢中,1,532,1,道路用地(公共設施用地)
萬華區,漢中,1,533,0,道路用地(公共設施用地)
萬華區,漢中,1,539,1,道路用地(公共設施用地)
萬華區,漢中,1,540,0,道路用地(公共設施用地)
萬華區,漢中,1,541,0,第四種商業區
萬華區,漢中,1,541,1,道路用地(公共設施用地)
萬華區,漢中,1,542,0,第四種商業區
萬華區,漢中,1,542,1,道路用地(公共設施用地)
萬華區,漢中,1,543,0,第四種商業區
萬華區,漢中,1,543,1,道路用地(公共設施用地)
萬華區,漢中,1,543,2,道路用地(公共設施用地)
萬華區,漢中,1,543,3,第四種商業區
萬華區,漢中,1,544,0,第四種商業區
萬華區,漢中,1,545,0,第四種商業區
萬華區,漢中,1,546,0,第四種商業區
萬華區,漢中,1,547,0,第四種商業區
萬華區,漢中,1,548,0,第四種商業區
萬華區,漢中,1,549,0,第四種商業區
萬華區,漢中,1,549,1,第四種商業區
萬華區,漢中,1,550,0,道路用地(公共設施用地)
萬華區,漢中,1,550,1,道路用地(公共設施用地)
萬華區,漢中,1,550,2,第四種商業區
萬華區,漢中,1,550,3,道路用地(公共設施用地)
萬華區,漢中,1,550,4,第四種商業區
萬華區,漢中,1,551,0,第四種商業區
萬華區,漢中,1,551,1,道路用地(公共設施用地)
萬華區,漢中,1,553,0,第四種商業區
萬華區,漢中,1,553,1,道路用地(公共設施用地)
萬華區,漢中,1,554,0,第四種商業區
萬華區,漢中,1,554,1,道路用地(公共設施用地)
萬華區,漢中,1,555,0,第四種商業區
萬華區,漢中,1,556,0,第四種商業區
萬華區,漢中,1,557,0,第四種商業區
萬華區,漢中,1,559,0,第四種商業區
萬華區,漢中,1,560,0,第四種商業區
萬華區,漢中,1,561,0,第四種商業區
萬華區,漢中,1,561,2,第四種商業區
萬華區,漢中,1,562,0,道路用地(公共設施用地)
萬華區,漢中,1,563,0,第四種商業區
萬華區,漢中,1,563,1,道路用地(公共設施用地)
萬華區,漢中,1,564,0,第四種商業區
萬華區,漢中,1,565,0,第四種商業區
萬華區,漢中,1,565,1,道路用地(公共設施用地)
萬華區,漢中,1,567,0,道路用地(公共設施用地)
萬華區,漢中,1,570,0,第四種商業區
萬華區,漢中,1,571,0,第四種商業區
萬華區,漢中,1,573,0,第四種商業區
萬華區,漢中,1,574,0,第四種商業區
萬華區,漢中,1,575,0,第四種商業區
萬華區,漢中,1,576,0,第四種商業區
萬華區,漢中,1,577,0,第四種商業區
萬華區,漢中,1,577,1,道路用地(公共設施用地)
萬華區,漢中,1,578,0,第四種商業區
萬華區,漢中,1,579,0,第四種商業區
萬華區,漢中,1,580,0,第四種商業區
萬華區,漢中,1,581,0,第四種商業區
萬華區,漢中,1,583,0,第四種商業區
萬華區,漢中,1,583,1,道路用地(公共設施用地)
萬華區,漢中,1,584,1,道路用地(公共設施用地)
萬華區,漢中,1,585,1,道路用地(公共設施用地)
萬華區,漢中,1,585,2,道路用地(公共設施用地)
萬華區,漢中,1,586,0,第四種商業區
萬華區,漢中,1,587,0,第四種商業區
萬華區,漢中,1,587,1,道路用地(公共設施用地)
萬華區,漢中,1,588,0,第四種商業區
萬華區,漢中,1,589,0,第四種商業區
萬華區,漢中,1,590,0,第四種商業區
萬華區,漢中,1,591,0,第四種商業區
萬華區,漢中,1,592,0,第四種商業區
萬華區,漢中,1,592,2,道路用地(公共設施用地)
萬華區,漢中,1,593,0,第四種商業區
萬華區,漢中,1,594,0,第四種商業區
萬華區,漢中,1,594,2,第四種商業區
萬華區,漢中,1,595,0,第四種商業區
萬華區,漢中,1,596,0,第四種商業區
萬華區,漢中,1,597,0,第四種商業區
萬華區,漢中,1,598,0,第四種商業區
萬華區,漢中,1,598,1,第四種商業區
萬華區,漢中,1,599,0,第四種商業區
萬華區,漢中,1,600,0,第四種商業區
萬華區,漢中,1,601,0,第四種商業區
萬華區,漢中,1,602,0,第四種商業區
萬華區,漢中,1,603,0,第四種商業區
萬華區,漢中,1,603,2,道路用地(公共設施用地)
萬華區,漢中,1,603,3,道路用地(公共設施用地)
萬華區,漢中,1,603,4,第四種商業區
萬華區,漢中,1,604,0,道路用地(公共設施用地)
萬華區,漢中,1,604,1,道路用地(公共設施用地)
萬華區,漢中,1,605,0,第四種商業區
萬華區,漢中,1,605,1,道路用地(公共設施用地)
萬華區,漢中,1,606,0,第四種商業區
萬華區,漢中,1,607,0,第四種商業區
萬華區,漢中,1,608,0,第四種商業區
萬華區,漢中,1,609,0,第四種商業區
萬華區,漢中,1,610,0,第四種商業區
萬華區,漢中,1,611,0,第四種商業區
萬華區,漢中,1,612,0,第四種商業區
萬華區,漢中,1,613,0,第四種商業區
萬華區,漢中,1,614,0,第四種商業區
萬華區,漢中,1,615,0,第四種商業區
萬華區,漢中,1,616,0,第四種商業區
萬華區,漢中,1,617,0,第四種商業區
萬華區,漢中,1,617,1,道路用地(公共設施用地)
萬華區,漢中,1,618,0,第四種商業區
萬華區,漢中,1,619,0,第四種商業區
萬華區,漢中,1,620,0,第四種商業區
萬華區,漢中,1,621,0,第四種商業區
萬華區,漢中,1,622,0,第四種商業區
萬華區,漢中,1,623,0,第四種商業區
萬華區,漢中,1,624,0,第四種商業區
萬華區,漢中,1,625,0,第四種商業區
萬華區,漢中,1,625,1,第四種商業區
萬華區,漢中,1,626,0,"道路用地(公共設施用地),但是否在第四種商業區(應依建築線或俟地籍測量分割後,再確定)"
萬華區,漢中,1,626,1,道路用地(公共設施用地)
萬華區,漢中,1,627,0,道路用地(公共設施用地)
萬華區,漢中,1,627,1,道路用地(公共設施用地)
萬華區,漢中,1,627,2,第四種商業區
萬華區,漢中,1,627,4,道路用地(公共設施用地)
萬華區,漢中,1,627,5,道路用地(公共設施用地)
萬華區,漢中,1,627,6,道路用地(公共設施用地)
萬華區,漢中,1,627,7,道路用地(公共設施用地)
萬華區,漢中,1,628,0,道路用地(公共設施用地)
萬華區,漢中,1,628,1,道路用地(公共設施用地)
萬華區,漢中,1,628,2,道路用地(公共設施用地)
萬華區,漢中,1,629,0,"第四種商業區,但是否在道路用地(公共設施用地)(應依建築線或俟地籍測量分割後,再確定)"
萬華區,漢中,1,629,1,"第四種商業區,但是否在道路用地(公共設施用地)(應依建築線或俟地籍測量分割後,再確定)"
萬華區,漢中,1,629,2,道路用地(公共設施用地)
萬華區,漢中,1,629,3,道路用地(公共設施用地)
萬華區,漢中,1,630,0,"第四種商業區,但是否在道路用地(公共設施用地)(應依建築線或俟地籍測量分割後,再確定)"
萬華區,漢中,1,631,0,"第四種商業區,但是否在道路用地(公共設施用地)(應依建築線或俟地籍測量分割後,再確定)"
萬華區,漢中,1,632,0,"第四種商業區,但是否在道路用地(公共設施用地)(應依建築線或俟地籍測量分割後,再確定)"
萬華區,漢中,1,633,0,第四種商業區
萬華區,漢中,1,633,1,道路用地(公共設施用地)
萬華區,漢中,1,634,0,第四種商業區
萬華區,漢中,1,635,0,第四種商業區
萬華區,漢中,1,636,0,第四種商業區
萬華區,漢中,1,637,0,第四種商業區
萬華區,漢中,1,637,1,道路用地(公共設施用地)
萬華區,漢中,1,637,2,道路用地(公共設施用地)
萬華區,漢中,1,638,0,第四種商業區
萬華區,漢中,1,638,1,道路用地(公共設施用地)
萬華區,漢中,1,638,2,第四種商業區
萬華區,漢中,1,638,3,道路用地(公共設施用地)
萬華區,漢中,1,639,0,第四種商業區
萬華區,漢中,1,640,0,第四種商業區
萬華區,漢中,1,641,0,第四種商業區
萬華區,漢中,1,641,1,道路用地(公共設施用地)
萬華區,漢中,1,642,0,第四種商業區
萬華區,漢中,1,642,1,第四種商業區
萬華區,漢中,1,642,2,道路用地(公共設施用地)
萬華區,漢中,1,643,0,第四種商業區
萬華區,漢中,1,643,1,第四種商業區
萬華區,漢中,1,644,0,第四種商業區
萬華區,漢中,1,645,0,"第四種商業區,但是否在道路用地(公共設施用地)(應依建築線或俟地籍測量分割後,再確定)"
萬華區,漢中,1,646,0,第四種商業區
萬華區,漢中,1,647,0,"第四種商業區,但是否在道路用地(公共設施用地)(應依建築線或俟地籍測量分割後,再確定)"
萬華區,漢中,1,648,0,"第四種商業區,但是否在道路用地(公共設施用地)(應依建築線或俟地籍測量分割後,再確定)"
萬華區,漢中,1,649,0,第四種商業區
萬華區,漢中,1,650,0,"第四種商業區,但是否在道路用地(公共設施用地)(應依建築線或俟地籍測量分割後,再確定)"
萬華區,漢中,1,651,0,第四種商業區
萬華區,漢中,1,651,2,道路用地(公共設施用地)
萬華區,漢中,1,651,3,道路用地(公共設施用地)
萬華區,漢中,1,652,0,第四種商業區
萬華區,漢中,1,652,1,道路用地(公共設施用地)
萬華區,漢中,1,653,0,第四種商業區
萬華區,漢中,1,653,1,道路用地(公共設施用地)
萬華區,漢中,1,654,0,道路用地(公共設施用地)
萬華區,漢中,1,654,1,道路用地(公共設施用地)
萬華區,漢中,1,654,2,道路用地(公共設施用地)
萬華區,漢中,1,654,3,第四種商業區
萬華區,漢中,1,654,4,道路用地(公共設施用地)
萬華區,漢中,1,654,5,道路用地(公共設施用地)
萬華區,漢中,1,654,6,道路用地(公共設施用地)
萬華區,漢中,1,654,7,第四種商業區
萬華區,漢中,1,655,0,第四種商業區
萬華區,漢中,1,655,1,道路用地(公共設施用地)
萬華區,漢中,1,655,2,第四種商業區
萬華區,漢中,1,656,0,第四種商業區
萬華區,漢中,1,656,1,道路用地(公共設施用地)
萬華區,漢中,1,656,2,第四種商業區
萬華區,漢中,1,657,0,第四種商業區
萬華區,漢中,1,657,1,道路用地(公共設施用地)
萬華區,漢中,1,658,0,第四種商業區
萬華區,漢中,1,659,0,第四種商業區
萬華區,漢中,1,660,0,第四種商業區
萬華區,漢中,1,660,1,道路用地(公共設施用地)
萬華區,漢中,1,661,0,第四種商業區
萬華區,漢中,1,661,1,道路用地(公共設施用地)
萬華區,漢中,1,662,0,第四種商業區
萬華區,漢中,1,662,1,道路用地(公共設施用地)
萬華區,漢中,1,663,0,第四種商業區
萬華區,漢中,1,663,1,道路用地(公共設施用地)
萬華區,漢中,1,664,0,第四種商業區
萬華區,漢中,1,665,0,第四種商業區
萬華區,漢中,1,666,0,第四種商業區
萬華區,漢中,1,666,1,道路用地(公共設施用地)
萬華區,漢中,1,667,0,第四種商業區
萬華區,漢中,1,667,1,道路用地(公共設施用地)
萬華區,漢中,1,668,0,第四種商業區
萬華區,漢中,1,669,0,第四種商業區
萬華區,漢中,1,670,0,第四種商業區
萬華區,漢中,1,671,0,道路用地(公共設施用地)
萬華區,漢中,1,672,0,第四種商業區
萬華區,漢中,1,678,0,第四種商業區
萬華區,漢中,1,679,0,第四種商業區
萬華區,漢中,1,680,0,第四種商業區
萬華區,漢中,1,681,0,第四種商業區
萬華區,漢中,1,682,0,第四種商業區
萬華區,漢中,1,683,0,第四種商業區
萬華區,漢中,1,684,0,第四種商業區
萬華區,漢中,1,685,0,第四種商業區
萬華區,漢中,1,686,0,第四種商業區
萬華區,漢中,1,687,0,第四種商業區
萬華區,漢中,1,688,0,第四種商業區
萬華區,漢中,1,689,0,大專用地(公共設施用地)
萬華區,漢中,1,690,0,第四種商業區
萬華區,漢中,1,691,0,國小用地(公共設施用地)
萬華區,漢中,1,692,0,國小用地(公共設施用地)
萬華區,漢中,1,694,0,第四種商業區
萬華區,漢中,1,695,0,第四種商業區
萬華區,漢中,1,695,1,國小用地(公共設施用地)
萬華區,漢中,1,696,0,第四種商業區
萬華區,漢中,1,697,0,第四種商業區
萬華區,漢中,1,698,0,第四種商業區
萬華區,漢中,1,699,0,第四種商業區
萬華區,漢中,1,700,0,第四種商業區
萬華區,漢中,1,701,0,第四種商業區
萬華區,漢中,1,702,0,第四種商業區
萬華區,漢中,1,703,0,第四種商業區
萬華區,漢中,1,704,0,第四種商業區
萬華區,漢中,1,705,0,第四種商業區
萬華區,漢中,1,705,2,大專用地(公共設施用地)
萬華區,漢中,1,706,0,第四種商業區
萬華區,漢中,1,709,0,第四種商業區
萬華區,漢中,1,710,0,第四種商業區
萬華區,漢中,1,711,0,第四種商業區
萬華區,漢中,1,712,0,第四種商業區
萬華區,漢中,1,713,0,第四種商業區
萬華區,漢中,1,714,0,第四種商業區
萬華區,漢中,1,715,0,第四種商業區
萬華區,漢中,1,716,0,第四種商業區
萬華區,漢中,1,717,0,第四種商業區
萬華區,漢中,1,718,0,第四種商業區
萬華區,漢中,1,719,0,第四種商業區
萬華區,漢中,1,720,0,第四種商業區
萬華區,漢中,1,721,0,第四種商業區
萬華區,漢中,1,722,0,第四種商業區
萬華區,漢中,1,723,0,第四種商業區
萬華區,漢中,1,724,0,第四種商業區
萬華區,漢中,1,725,0,第四種商業區
萬華區,漢中,1,726,0,第四種商業區
萬華區,漢中,1,727,0,第四種商業區
萬華區,漢中,1,729,0,第四種商業區
萬華區,漢中,1,731,0,第四種商業區
萬華區,漢中,1,732,0,第四種商業區
萬華區,漢中,1,733,0,第四種商業區
萬華區,漢中,1,734,0,第四種商業區
萬華區,漢中,1,734,1,第四種商業區
萬華區,漢中,1,735,0,第四種商業區
萬華區,漢中,1,736,0,第四種商業區
萬華區,漢中,1,737,0,第四種商業區
萬華區,漢中,1,738,0,第四種商業區
萬華區,漢中,1,739,0,第四種商業區
萬華區,漢中,1,740,0,第四種商業區
萬華區,漢中,1,741,0,第四種商業區
萬華區,漢中,1,742,0,第四種商業區
萬華區,漢中,1,743,0,第四種商業區
萬華區,漢中,1,746,0,第四種商業區
萬華區,漢中,1,760,0,第四種商業區
萬華區,漢中,1,761,0,第四種商業區
萬華區,漢中,1,762,0,第四種商業區
萬華區,漢中,1,763,0,第四種商業區
萬華區,漢中,1,764,0,第四種商業區
萬華區,漢中,1,764,2,第四種商業區
萬華區,漢中,1,765,1,第四種商業區
萬華區,漢中,1,766,0,第四種商業區
萬華區,漢中,1,767,0,第四種商業區
萬華區,漢中,1,768,0,第四種商業區
萬華區,漢中,1,769,0,第四種商業區
萬華區,漢中,1,770,0,第四種商業區
萬華區,漢中,1,771,0,第四種商業區
萬華區,漢中,1,772,0,第四種商業區
萬華區,漢中,1,773,0,第四種商業區
萬華區,漢中,1,774,0,第四種商業區
萬華區,漢中,1,775,0,第四種商業區
萬華區,漢中,1,776,0,第四種商業區
萬華區,漢中,1,777,0,第四種商業區
萬華區,漢中,1,778,0,第四種商業區
萬華區,漢中,1,779,0,第四種商業區
萬華區,漢中,1,779,1,第四種商業區
萬華區,漢中,1,780,0,第四種商業區
萬華區,漢中,1,780,1,第四種商業區
萬華區,漢中,1,785,0,道路用地(公共設施用地)
萬華區,漢中,1,786,0,道路用地(公共設施用地)
萬華區,漢中,1,789,0,大專用地(公共設施用地)
萬華區,漢中,1,789,1,大專用地(公共設施用地)
萬華區,漢中,1,789,2,大專用地(公共設施用地)
萬華區,漢中,1,792,0,道路用地(公共設施用地)
萬華區,漢中,2,1,0,道路用地(公共設施用地)
萬華區,漢中,2,1,1,道路用地(公共設施用地)
萬華區,漢中,2,1,2,道路用地(公共設施用地)
萬華區,漢中,2,2,0,道路用地(公共設施用地)
萬華區,漢中,2,3,0,道路用地(公共設施用地)
萬華區,漢中,2,4,0,道路用地(公共設施用地)
萬華區,漢中,2,5,0,廣場用地(公共設施用地)
萬華區,漢中,2,5,1,第四種商業區
萬華區,漢中,2,5,2,鐵路用地(公共設施用地)
萬華區,漢中,2,5,3,道路用地(公共設施用地)
萬華區,漢中,2,5,4,廣場用地(公共設施用地)
萬華區,漢中,2,5,5,第四種商業區
萬華區,漢中,2,5,6,第四種商業區
萬華區,漢中,2,5,7,第四種商業區
萬華區,漢中,2,5,8,第四種商業區
萬華區,漢中,2,5,9,第四種商業區
萬華區,漢中,2,5,10,第四種商業區
萬華區,漢中,2,5,11,第四種商業區
萬華區,漢中,2,5,12,第四種商業區
萬華區,漢中,2,5,13,第四種商業區
萬華區,漢中,2,5,14,第四種商業區
萬華區,漢中,2,5,15,第四種商業區
萬華區,漢中,2,5,16,廣場用地(公共設施用地)
萬華區,漢中,2,6,0,道路用地(公共設施用地)
萬華區,漢中,2,7,0,道路用地(公共設施用地)
萬華區,漢中,2,8,0,第四種商業區
萬華區,漢中,2,8,1,第四種商業區
萬華區,漢中,2,8,2,第四種商業區
萬華區,漢中,2,8,3,第四種商業區
萬華區,漢中,2,8,5,第四種商業區
萬華區,漢中,2,8,6,第四種商業區
萬華區,漢中,2,8,7,第四種商業區
萬華區,漢中,2,8,8,第四種商業區
萬華區,漢中,2,8,9,第四種商業區
萬華區,漢中,2,8,10,第四種商業區
萬華區,漢中,2,8,11,第四種商業區
萬華區,漢中,2,8,12,第四種商業區
萬華區,漢中,2,9,0,道路用地(公共設施用地)
萬華區,漢中,2,10,0,第四種商業區
萬華區,漢中,2,10,1,道路用地(公共設施用地)
萬華區,漢中,2,10,2,道路用地(公共設施用地)
萬華區,漢中,2,30,0,第四種商業區
萬華區,漢中,2,31,0,第四種商業區
萬華區,漢中,2,32,0,第四種商業區
萬華區,漢中,2,33,1,道路用地(公共設施用地)
萬華區,漢中,2,34,1,道路用地(公共設施用地)
萬華區,漢中,2,36,0,第四種商業區
萬華區,漢中,2,36,1,道路用地(公共設施用地)
萬華區,漢中,2,37,0,第四種商業區
萬華區,漢中,2,37,1,道路用地(公共設施用地)
萬華區,漢中,2,38,0,第四種商業區
萬華區,漢中,2,38,1,道路用地(公共設施用地)
萬華區,漢中,2,39,0,第四種商業區
萬華區,漢中,2,39,1,道路用地(公共設施用地)
萬華區,漢中,2,40,0,道路用地(公共設施用地)
萬華區,漢中,2,41,0,第四種商業區
萬華區,漢中,2,41,1,道路用地(公共設施用地)
萬華區,漢中,2,42,0,第四種商業區
萬華區,漢中,2,42,1,道路用地(公共設施用地)
萬華區,漢中,2,43,0,第四種商業區
萬華區,漢中,2,43,1,道路用地(公共設施用地)
萬華區,漢中,2,44,0,第四種商業區
萬華區,漢中,2,45,0,第四種商業區
萬華區,漢中,2,46,0,第四種商業區
萬華區,漢中,2,46,1,道路用地(公共設施用地)
萬華區,漢中,2,47,0,第四種商業區
萬華區,漢中,2,47,2,道路用地(公共設施用地)
萬華區,漢中,2,47,3,道路用地(公共設施用地)
萬華區,漢中,2,49,0,第四種商業區
萬華區,漢中,2,50,0,第四種商業區
萬華區,漢中,2,51,0,第四種商業區
萬華區,漢中,2,52,0,第四種商業區
萬華區,漢中,2,53,0,第四種商業區
萬華區,漢中,2,56,0,第四種商業區
萬華區,漢中,2,57,0,"第四種商業區及道路用地(公共設施用地)(應依建築線或俟地籍測量分割後,再確定)"
萬華區,漢中,2,57,1,道路用地(公共設施用地)
萬華區,漢中,2,58,1,"道路用地(公共設施用地),但是否在第四種商業區(應依建築線或俟地籍測量分割後,再確定)"
萬華區,漢中,2,76,0,第四種商業區
萬華區,漢中,2,77,0,第四種商業區
萬華區,漢中,2,78,0,第四種商業區
萬華區,漢中,2,79,0,第四種商業區
萬華區,漢中,2,80,0,第四種商業區
萬華區,漢中,2,81,0,第四種商業區
萬華區,漢中,2,84,0,第四種商業區
萬華區,漢中,2,85,0,第四種商業區
萬華區,漢中,2,86,0,第四種商業區
萬華區,漢中,2,87,0,第四種商業區
萬華區,漢中,2,90,0,第四種商業區
萬華區,漢中,2,91,0,第四種商業區
萬華區,漢中,2,92,0,第四種商業區
萬華區,漢中,2,93,0,第四種商業區
萬華區,漢中,2,94,0,第四種商業區
萬華區,漢中,2,95,0,第四種商業區
萬華區,漢中,2,96,0,第四種商業區
萬華區,漢中,2,97,0,第四種商業區
萬華區,漢中,2,98,0,第四種商業區
萬華區,漢中,2,99,0,第四種商業區
萬華區,漢中,2,100,0,第四種商業區
萬華區,漢中,2,104,1,"道路用地(公共設施用地)及第四種商業區(應依建築線或俟地籍測量分割後,再確定)"
萬華區,漢中,2,105,1,道路用地(公共設施用地)
萬華區,漢中,2,106,1,道路用地(公共設施用地)
萬華區,漢中,2,106,2,道路用地(公共設施用地)
萬華區,漢中,2,107,0,第四種商業區
萬華區,漢中,2,107,1,道路用地(公共設施用地)
萬華區,漢中,2,108,0,"第四種商業區,但是否在道路用地(公共設施用地)(應依建築線或俟地籍測量分割後,再確定)"
萬華區,漢中,2,110,1,道路用地(公共設施用地)
萬華區,漢中,2,111,1,道路用地(公共設施用地)
萬華區,漢中,2,114,1,道路用地(公共設施用地)
萬華區,漢中,2,115,0,第四種商業區
萬華區,漢中,2,115,1,道路用地(公共設施用地)
萬華區,漢中,2,116,0,第四種商業區
萬華區,漢中,2,117,0,第四種商業區
萬華區,漢中,2,118,0,第四種商業區
萬華區,漢中,2,118,1,道路用地(公共設施用地)
萬華區,漢中,2,119,0,第四種商業區
萬華區,漢中,2,119,1,道路用地(公共設施用地)
萬華區,漢中,2,120,0,第四種商業區
萬華區,漢中,2,121,0,第四種商業區
萬華區,漢中,2,122,0,第四種商業區
萬華區,漢中,2,123,0,第四種商業區
萬華區,漢中,2,124,0,第四種商業區
萬華區,漢中,2,124,1,道路用地(公共設施用地)
萬華區,漢中,2,125,0,第四種商業區
萬華區,漢中,2,125,1,道路用地(公共設施用地)
萬華區,漢中,2,129,1,道路用地(公共設施用地)
萬華區,漢中,2,130,0,第四種商業區
萬華區,漢中,2,130,1,道路用地(公共設施用地)
萬華區,漢中,2,131,0,第四種商業區
萬華區,漢中,2,132,0,第四種商業區
萬華區,漢中,2,132,1,道路用地(公共設施用地)
萬華區,漢中,2,133,0,第四種商業區
萬華區,漢中,2,133,1,廣場用地(公共設施用地)
萬華區,漢中,2,134,0,第四種商業區
萬華區,漢中,2,134,1,廣場用地(公共設施用地)
萬華區,漢中,2,135,0,廣場用地(公共設施用地)
萬華區,漢中,2,136,0,廣場用地(公共設施用地)
萬華區,漢中,2,137,0,廣場用地(公共設施用地)
萬華區,漢中,2,137,1,第四種商業區
萬華區,漢中,2,137,2,第四種商業區
萬華區,漢中,2,137,3,道路用地(公共設施用地)
萬華區,漢中,2,138,0,第四種商業區
萬華區,漢中,2,138,1,道路用地(公共設施用地)
萬華區,漢中,2,139,0,第四種商業區
萬華區,漢中,2,140,0,第四種商業區
萬華區,漢中,2,141,0,第四種商業區
萬華區,漢中,2,141,1,道路用地(公共設施用地)
萬華區,漢中,2,142,0,第四種商業區
萬華區,漢中,2,142,1,道路用地(公共設施用地)
萬華區,漢中,2,143,0,第四種商業區
萬華區,漢中,2,144,0,第四種商業區
萬華區,漢中,2,145,0,第四種商業區
萬華區,漢中,2,145,1,道路用地(公共設施用地)
萬華區,漢中,2,146,0,第四種商業區
萬華區,漢中,2,146,2,道路用地(公共設施用地)
萬華區,漢中,2,149,0,第四種商業區
萬華區,漢中,2,150,0,第四種商業區
萬華區,漢中,2,151,0,第四種商業區
萬華區,漢中,2,151,1,道路用地(公共設施用地)
萬華區,漢中,2,152,0,第四種商業區
萬華區,漢中,2,152,1,道路用地(公共設施用地)
萬華區,漢中,2,153,0,第四種商業區
萬華區,漢中,2,154,0,第四種商業區
萬華區,漢中,2,155,1,道路用地(公共設施用地)
萬華區,漢中,2,156,1,道路用地(公共設施用地)
萬華區,漢中,2,159,1,道路用地(公共設施用地)
萬華區,漢中,2,160,1,道路用地(公共設施用地)
萬華區,漢中,2,162,0,第四種商業區
萬華區,漢中,2,163,0,第四種商業區
萬華區,漢中,2,163,1,道路用地(公共設施用地)
萬華區,漢中,2,164,0,第四種商業區
萬華區,漢中,2,164,1,道路用地(公共設施用地)
萬華區,漢中,2,165,0,第四種商業區
萬華區,漢中,2,166,0,第四種商業區
萬華區,漢中,2,167,0,第四種商業區
萬華區,漢中,2,167,1,道路用地(公共設施用地)
萬華區,漢中,2,168,0,第四種商業區
萬華區,漢中,2,168,1,道路用地(公共設施用地)
萬華區,漢中,2,169,0,第四種商業區
萬華區,漢中,2,170,1,第四種商業區
萬華區,漢中,2,171,0,第四種商業區
萬華區,漢中,2,172,0,第四種商業區
萬華區,漢中,2,172,1,道路用地(公共設施用地)
萬華區,漢中,2,173,0,第四種商業區
萬華區,漢中,2,173,1,道路用地(公共設施用地)
萬華區,漢中,2,174,0,第四種商業區
萬華區,漢中,2,175,0,第四種商業區
萬華區,漢中,2,176,0,第四種商業區
萬華區,漢中,2,177,0,第四種商業區
萬華區,漢中,2,178,0,第四種商業區
萬華區,漢中,2,179,0,第四種商業區
萬華區,漢中,2,180,0,第四種商業區
萬華區,漢中,2,181,0,第四種商業區
萬華區,漢中,2,181,1,道路用地(公共設施用地)
萬華區,漢中,2,182,0,第四種商業區
萬華區,漢中,2,182,1,道路用地(公共設施用地)
萬華區,漢中,2,183,0,第四種商業區
萬華區,漢中,2,184,0,第四種商業區
萬華區,漢中,2,185,0,第四種商業區
萬華區,漢中,2,185,1,道路用地(公共設施用地)
萬華區,漢中,2,186,0,"道路用地(公共設施用地),但是否在第四種商業區(應依建築線或俟地籍測量分割後,再確定)"
萬華區,漢中,2,187,0,道路用地(公共設施用地)
萬華區,漢中,2,188,0,第四種商業區
萬華區,漢中,2,188,1,道路用地(公共設施用地)
萬華區,漢中,2,195,0,第四種商業區
萬華區,漢中,2,196,0,第四種商業區
萬華區,漢中,2,196,1,道路用地(公共設施用地)
萬華區,漢中,2,197,0,第四種商業區
萬華區,漢中,2,197,1,道路用地(公共設施用地)
萬華區,漢中,2,198,0,第四種商業區
萬華區,漢中,2,199,0,第四種商業區
萬華區,漢中,2,200,0,第四種商業區
萬華區,漢中,2,200,1,道路用地(公共設施用地)
萬華區,漢中,2,201,0,第四種商業區
萬華區,漢中,2,201,1,道路用地(公共設施用地)
萬華區,漢中,2,202,0,第四種商業區
萬華區,漢中,2,203,0,第四種商業區
萬華區,漢中,2,204,0,第四種商業區
萬華區,漢中,2,204,1,道路用地(公共設施用地)
萬華區,漢中,2,205,0,第四種商業區
萬華區,漢中,2,205,1,道路用地(公共設施用地)
萬華區,漢中,2,206,0,第四種商業區
萬華區,漢中,2,207,0,第四種商業區
萬華區,漢中,2,208,0,第四種商業區
萬華區,漢中,2,208,1,道路用地(公共設施用地)
萬華區,漢中,2,209,0,第四種商業區
萬華區,漢中,2,209,1,道路用地(公共設施用地)
萬華區,漢中,2,210,0,第四種商業區
萬華區,漢中,2,211,0,第四種商業區
萬華區,漢中,2,212,0,第四種商業區
萬華區,漢中,2,213,0,第四種商業區
萬華區,漢中,2,214,0,第四種商業區
萬華區,漢中,2,214,1,道路用地(公共設施用地)
萬華區,漢中,2,215,0,第四種商業區
萬華區,漢中,2,215,1,道路用地(公共設施用地)
萬華區,漢中,2,216,0,第四種商業區
萬華區,漢中,2,217,0,第四種商業區
萬華區,漢中,2,218,0,第四種商業區
萬華區,漢中,2,219,0,第四種商業區
萬華區,漢中,2,221,0,第四種商業區
萬華區,漢中,2,222,0,第四種商業區
萬華區,漢中,2,223,0,第四種商業區
萬華區,漢中,2,224,0,第四種商業區
萬華區,漢中,2,225,0,第四種商業區
萬華區,漢中,2,226,0,第四種商業區
萬華區,漢中,2,227,0,第四種商業區
萬華區,漢中,2,227,1,道路用地(公共設施用地)
萬華區,漢中,2,228,0,第四種商業區
萬華區,漢中,2,228,1,道路用地(公共設施用地)
萬華區,漢中,2,229,0,第四種商業區
萬華區,漢中,2,230,0,第四種商業區
萬華區,漢中,2,231,0,第四種商業區
萬華區,漢中,2,232,0,第四種商業區
萬華區,漢中,2,232,1,道路用地(公共設施用地)
萬華區,漢中,2,233,0,第四種商業區
萬華區,漢中,2,233,1,道路用地(公共設施用地)
萬華區,漢中,2,234,0,第四種商業區
萬華區,漢中,2,235,0,第四種商業區
萬華區,漢中,2,236,0,第四種商業區
萬華區,漢中,2,237,0,第四種商業區
萬華區,漢中,2,238,0,第四種商業區
萬華區,漢中,2,238,1,道路用地(公共設施用地)
萬華區,漢中,2,239,0,第四種商業區
萬華區,漢中,2,239,1,道路用地(公共設施用地)
萬華區,漢中,2,240,0,第四種商業區
萬華區,漢中,2,241,0,第四種商業區
萬華區,漢中,2,242,0,第四種商業區
萬華區,漢中,2,242,1,道路用地(公共設施用地)
萬華區,漢中,2,243,0,第四種商業區
萬華區,漢中,2,243,1,道路用地(公共設施用地)
萬華區,漢中,2,244,0,第四種商業區
萬華區,漢中,2,244,1,道路用地(公共設施用地)
萬華區,漢中,2,250,0,第四種商業區
萬華區,漢中,2,251,0,第四種商業區
萬華區,漢中,2,255,0,第四種商業區
萬華區,漢中,2,264,0,第四種商業區
萬華區,漢中,2,264,1,第四種商業區
萬華區,漢中,2,265,1,第四種商業區
萬華區,漢中,2,270,0,第四種商業區
萬華區,漢中,2,271,0,第四種商業區
萬華區,漢中,2,272,0,第四種商業區
萬華區,漢中,2,272,1,道路用地(公共設施用地)
萬華區,漢中,2,273,0,第四種商業區
萬華區,漢中,2,273,1,道路用地(公共設施用地)
萬華區,漢中,2,274,0,第四種商業區
萬華區,漢中,2,275,0,第四種商業區
萬華區,漢中,2,276,0,第四種商業區
萬華區,漢中,2,277,0,第四種商業區
萬華區,漢中,2,278,0,第四種商業區
萬華區,漢中,2,279,0,第四種商業區
萬華區,漢中,2,280,0,第四種商業區
萬華區,漢中,2,284,0,第四種商業區
萬華區,漢中,2,285,0,第四種商業區
萬華區,漢中,2,286,0,第四種商業區
萬華區,漢中,2,287,0,道路用地(公共設施用地)
萬華區,漢中,2,287,1,第四種商業區
萬華區,漢中,2,288,0,第四種商業區
萬華區,漢中,2,292,0,第四種商業區
萬華區,漢中,2,293,0,第四種商業區
萬華區,漢中,2,294,0,第四種商業區
萬華區,漢中,2,300,0,第四種商業區
萬華區,漢中,2,303,0,道路用地(公共設施用地)
萬華區,漢中,2,308,0,第四種商業區
萬華區,漢中,2,309,0,第四種商業區
萬華區,漢中,2,319,0,道路用地(公共設施用地)
萬華區,漢中,2,319,1,第四種商業區
萬華區,漢中,2,319,2,第四種商業區
萬華區,漢中,2,320,0,第四種商業區
萬華區,漢中,2,320,1,道路用地(公共設施用地)
萬華區,漢中,2,324,0,道路用地(公共設施用地)
萬華區,漢中,2,373,0,道路用地(公共設施用地)
萬華區,漢中,2,374,0,第四種商業區
萬華區,漢中,2,380,0,道路用地(公共設施用地)
萬華區,漢中,2,381,0,道路用地(公共設施用地)
萬華區,漢中,2,382,0,第四種商業區
萬華區,漢中,2,390,0,道路用地(公共設施用地)
萬華區,漢中,2,391,0,道路用地(公共設施用地)
萬華區,漢中,2,396,0,道路用地(公共設施用地)
萬華區,漢中,2,401,0,道路用地(公共設施用地)
萬華區,漢中,2,405,0,第四種商業區
萬華區,漢中,2,437,0,道路用地(公共設施用地)
萬華區,漢中,2,460,0,道路用地(公共設施用地)
萬華區,漢中,2,461,0,第四種商業區
萬華區,漢中,2,469,0,道路用地(公共設施用地)
萬華區,漢中,2,470,0,道路用地(公共設施用地)
萬華區,漢中,2,473,0,第四種商業區
萬華區,漢中,2,474,0,第四種商業區
萬華區,漢中,2,475,0,第四種商業區
萬華區,漢中,2,476,0,第四種商業區
萬華區,漢中,2,477,0,第四種商業區
萬華區,漢中,2,478,0,第四種商業區
萬華區,漢中,2,479,0,第四種商業區
萬華區,漢中,2,480,0,第四種商業區
萬華區,漢中,2,481,0,第四種商業區
萬華區,漢中,2,492,0,第四種商業區
萬華區,漢中,2,498,0,第四種商業區
萬華區,漢中,2,499,0,第四種商業區
萬華區,漢中,2,509,0,道路用地(公共設施用地)
萬華區,漢中,2,510,0,第四種商業區
萬華區,漢中,2,519,0,道路用地(公共設施用地)
萬華區,漢中,2,520,0,第四種商業區
萬華區,漢中,2,521,0,第四種商業區
萬華區,漢中,2,524,0,第四種商業區
萬華區,漢中,2,525,0,第四種商業區
萬華區,漢中,2,526,0,第四種商業區
萬華區,漢中,2,527,0,道路用地(公共設施用地)
萬華區,漢中,2,528,0,道路用地(公共設施用地)
萬華區,漢中,2,529,0,第四種商業區
萬華區,漢中,2,530,0,第四種商業區
萬華區,漢中,2,531,0,第四種商業區
萬華區,漢中,2,532,0,第四種商業區
萬華區,漢中,2,533,0,第四種商業區
萬華區,漢中,2,534,0,第四種商業區
萬華區,漢中,2,535,0,第四種商業區
萬華區,漢中,2,536,0,道路用地(公共設施用地)
萬華區,漢中,2,537,0,道路用地(公共設施用地)
萬華區,漢中,2,538,0,第四種商業區
萬華區,漢中,2,539,0,第四種商業區
萬華區,漢中,2,540,0,第四種商業區
萬華區,漢中,2,541,0,第四種商業區
萬華區,漢中,2,542,0,第四種商業區
萬華區,漢中,2,543,0,第四種商業區
萬華區,漢中,2,544,0,第四種商業區
萬華區,漢中,2,545,0,第四種商業區
萬華區,漢中,2,545,1,道路用地(公共設施用地)
萬華區,漢中,2,546,0,第四種商業區
萬華區,漢中,2,547,0,第四種商業區
萬華區,漢中,2,548,0,第四種商業區
萬華區,漢中,2,549,0,第四種商業區
萬華區,漢中,2,554,1,道路用地(公共設施用地)
萬華區,漢中,2,555,0,道路用地(公共設施用地)
萬華區,漢中,2,556,0,道路用地(公共設施用地)
萬華區,漢中,2,557,0,道路用地(公共設施用地)
萬華區,漢中,2,557,1,第四種商業區
萬華區,漢中,2,557,2,第四種商業區
萬華區,漢中,2,558,0,道路用地(公共設施用地)
萬華區,漢中,2,559,0,第四種商業區
萬華區,漢中,2,560,0,第四種商業區
萬華區,漢中,2,561,0,第四種商業區
萬華區,漢中,2,562,0,第四種商業區
萬華區,漢中,2,563,0,第四種商業區
萬華區,漢中,2,563,1,道路用地(公共設施用地)
萬華區,漢中,2,564,0,第四種商業區
萬華區,漢中,2,564,1,道路用地(公共設施用地)
萬華區,漢中,2,565,0,第四種商業區
萬華區,漢中,2,566,0,道路用地(公共設施用地)
萬華區,漢中,2,567,0,道路用地(公共設施用地)
萬華區,漢中,2,568,0,第四種商業區
萬華區,漢中,2,569,0,第四種商業區
萬華區,漢中,2,570,0,第四種商業區
萬華區,漢中,2,570,1,道路用地(公共設施用地)
萬華區,漢中,2,571,0,第四種商業區
萬華區,漢中,2,571,1,道路用地(公共設施用地)
萬華區,漢中,2,572,0,第四種商業區
萬華區,漢中,2,572,1,第四種商業區
萬華區,漢中,2,573,0,第四種商業區
萬華區,漢中,2,573,1,道路用地(公共設施用地)
萬華區,漢中,2,574,0,第四種商業區
萬華區,漢中,2,575,0,道路用地(公共設施用地)
萬華區,漢中,2,576,0,道路用地(公共設施用地)
萬華區,漢中,2,577,0,第四種商業區
萬華區,漢中,2,578,0,第四種商業區
萬華區,漢中,2,579,0,第四種商業區
萬華區,漢中,2,580,0,第四種商業區
萬華區,漢中,2,581,0,第四種商業區
萬華區,漢中,2,582,0,道路用地(公共設施用地)
萬華區,漢中,2,583,0,道路用地(公共設施用地)
萬華區,漢中,2,584,0,道路用地(公共設施用地)
萬華區,漢中,2,585,0,第四種商業區
萬華區,漢中,2,586,0,第四種商業區
萬華區,漢中,2,587,0,第四種商業區
萬華區,漢中,2,588,0,第四種商業區
萬華區,漢中,2,589,0,第四種商業區
萬華區,漢中,2,590,0,道路用地(公共設施用地)
萬華區,漢中,2,591,0,第四種商業區
萬華區,漢中,2,592,0,第四種商業區
萬華區,漢中,2,593,0,第四種商業區
萬華區,漢中,2,594,0,第四種商業區
萬華區,漢中,2,595,0,第四種商業區
萬華區,漢中,2,596,0,道路用地(公共設施用地)
萬華區,漢中,2,596,1,道路用地(公共設施用地)
萬華區,漢中,2,597,0,道路用地(公共設施用地)
萬華區,漢中,2,600,0,第四種商業區
萬華區,漢中,2,601,0,第四種商業區
萬華區,漢中,2,604,0,道路用地(公共設施用地)
萬華區,漢中,2,605,0,第四種商業區
萬華區,漢中,2,606,0,第四種商業區
萬華區,漢中,2,607,0,第四種商業區
萬華區,漢中,2,608,0,第四種商業區
萬華區,漢中,2,609,0,第四種商業區
萬華區,漢中,2,610,0,第四種商業區
萬華區,漢中,2,611,0,第四種商業區
萬華區,漢中,2,613,0,道路用地(公共設施用地)
萬華區,漢中,2,618,0,道路用地(公共設施用地)
萬華區,漢中,2,619,0,道路用地(公共設施用地)
萬華區,漢中,2,626,0,第四種商業區
萬華區,漢中,2,627,0,第四種商業區
萬華區,漢中,2,628,0,第四種商業區
萬華區,漢中,2,629,0,第四種商業區
萬華區,漢中,2,630,0,第四種商業區
萬華區,漢中,2,631,0,第四種商業區
萬華區,漢中,2,632,0,第四種商業區
萬華區,漢中,2,636,0,第四種商業區
萬華區,漢中,2,637,0,第四種商業區
萬華區,漢中,2,638,0,第四種商業區
萬華區,漢中,2,639,0,第四種商業區
萬華區,漢中,2,644,0,第四種商業區
萬華區,漢中,2,644,1,道路用地(公共設施用地)
萬華區,漢中,2,648,0,第四種商業區
萬華區,漢中,2,648,1,道路用地(公共設施用地)
萬華區,漢中,2,652,1,道路用地(公共設施用地)
萬華區,漢中,2,652,2,道路用地(公共設施用地)
萬華區,漢中,2,653,1,道路用地(公共設施用地)
萬華區,漢中,2,654,1,道路用地(公共設施用地)
萬華區,漢中,2,655,1,道路用地(公共設施用地)
萬華區,漢中,2,656,0,道路用地(公共設施用地)
萬華區,漢中,2,656,1,第四種商業區
萬華區,漢中,2,656,2,第四種商業區
萬華區,漢中,2,656,3,第四種商業區
萬華區,漢中,2,656,4,道路用地(公共設施用地)
萬華區,漢中,2,657,0,第四種商業區
萬華區,漢中,2,657,1,道路用地(公共設施用地)
萬華區,漢中,2,658,1,道路用地(公共設施用地)
萬華區,漢中,2,659,0,第四種商業區
萬華區,漢中,2,660,0,第四種商業區
萬華區,漢中,2,661,0,第四種商業區
萬華區,漢中,2,662,0,第四種商業區
萬華區,漢中,2,663,0,第四種商業區
萬華區,漢中,2,664,0,第四種商業區
萬華區,漢中,2,665,0,第四種商業區
萬華區,漢中,2,666,0,第四種商業區
萬華區,漢中,2,667,0,第四種商業區
萬華區,漢中,2,668,0,第四種商業區
萬華區,漢中,2,668,1,道路用地(公共設施用地)
萬華區,漢中,2,669,0,道路用地(公共設施用地)
萬華區,漢中,2,669,1,道路用地(公共設施用地)
萬華區,漢中,2,670,0,第四種商業區
萬華區,漢中,2,670,1,道路用地(公共設施用地)
萬華區,漢中,2,671,0,第四種商業區
萬華區,漢中,2,671,1,道路用地(公共設施用地)
萬華區,漢中,2,672,0,第四種商業區
萬華區,漢中,2,673,0,第四種商業區
萬華區,漢中,2,674,0,第四種商業區
萬華區,漢中,2,674,1,道路用地(公共設施用地)
萬華區,漢中,2,674,2,第四種商業區
萬華區,漢中,2,675,0,第四種商業區
萬華區,漢中,2,675,1,道路用地(公共設施用地)
萬華區,漢中,2,675,2,道路用地(公共設施用地)
萬華區,漢中,2,676,0,第四種商業區
萬華區,漢中,2,676,1,道路用地(公共設施用地)
萬華區,漢中,2,676,2,道路用地(公共設施用地)
萬華區,漢中,2,677,0,第四種商業區
萬華區,漢中,2,677,1,第四種商業區
萬華區,漢中,2,677,2,第四種商業區
萬華區,漢中,2,677,3,第四種商業區
萬華區,漢中,2,677,4,道路用地(公共設施用地)
萬華區,漢中,2,678,0,道路用地(公共設施用地)
萬華區,漢中,2,679,1,第四種商業區
萬華區,漢中,2,679,2,道路用地(公共設施用地)
萬華區,漢中,2,680,0,第四種商業區
萬華區,漢中,2,680,1,道路用地(公共設施用地)
萬華區,漢中,2,681,0,第四種商業區
萬華區,漢中,2,682,0,第四種商業區
萬華區,漢中,2,683,0,道路用地(公共設施用地)
萬華區,漢中,2,684,0,第四種商業區
萬華區,漢中,2,684,1,道路用地(公共設施用地)
萬華區,漢中,2,685,1,道路用地(公共設施用地)
萬華區,漢中,2,690,0,第四種商業區
萬華區,漢中,2,694,0,道路用地(公共設施用地)
萬華區,漢中,2,695,0,第四種商業區
萬華區,漢中,2,695,1,道路用地(公共設施用地)
萬華區,漢中,2,696,0,第四種商業區
萬華區,漢中,2,697,0,第四種商業區
萬華區,漢中,2,698,0,第四種商業區
萬華區,漢中,2,698,1,道路用地(公共設施用地)
萬華區,漢中,2,699,0,第四種商業區
萬華區,漢中,2,699,1,道路用地(公共設施用地)
萬華區,漢中,2,701,0,第四種商業區
萬華區,漢中,2,701,1,道路用地(公共設施用地)
萬華區,漢中,2,702,0,第四種商業區
萬華區,漢中,2,702,1,道路用地(公共設施用地)
萬華區,漢中,2,703,0,第四種商業區
萬華區,漢中,2,704,0,第四種商業區
萬華區,漢中,2,705,0,第四種商業區
萬華區,漢中,2,706,0,第四種商業區
萬華區,漢中,2,707,0,第四種商業區
萬華區,漢中,2,708,0,第四種商業區
萬華區,漢中,2,709,0,第四種商業區
萬華區,漢中,2,710,0,第四種商業區
萬華區,漢中,2,711,0,第四種商業區
萬華區,漢中,2,712,0,第四種商業區
萬華區,漢中,2,712,4,第四種商業區
萬華區,漢中,2,712,5,道路用地(公共設施用地)
萬華區,漢中,2,713,0,第四種商業區
萬華區,漢中,2,713,1,道路用地(公共設施用地)
萬華區,漢中,2,714,0,第四種商業區
萬華區,漢中,2,714,1,道路用地(公共設施用地)
萬華區,漢中,2,714,2,第四種商業區
萬華區,漢中,2,715,0,第四種商業區
萬華區,漢中,2,715,1,道路用地(公共設施用地)
萬華區,漢中,2,715,2,第四種商業區
萬華區,漢中,2,716,0,第四種商業區
萬華區,漢中,2,716,1,道路用地(公共設施用地)
萬華區,漢中,2,717,0,道路用地(公共設施用地)
萬華區,漢中,2,718,0,第四種商業區
萬華區,漢中,2,718,1,道路用地(公共設施用地)
萬華區,漢中,2,719,0,第四種商業區
萬華區,漢中,2,719,1,道路用地(公共設施用地)
萬華區,漢中,2,720,0,第四種商業區
萬華區,漢中,2,721,0,第四種商業區
萬華區,漢中,2,722,0,第四種商業區
萬華區,漢中,2,723,0,第四種商業區
萬華區,漢中,2,723,1,道路用地(公共設施用地)
萬華區,漢中,2,724,0,第四種商業區
萬華區,漢中,2,724,1,第四種商業區
萬華區,漢中,2,724,2,道路用地(公共設施用地)
萬華區,漢中,2,724,3,道路用地(公共設施用地)
萬華區,漢中,2,725,0,第四種商業區
萬華區,漢中,2,725,1,道路用地(公共設施用地)
萬華區,漢中,2,726,0,第四種商業區
萬華區,漢中,2,727,0,第四種商業區
萬華區,漢中,2,728,0,第四種商業區
萬華區,漢中,2,728,1,第四種商業區
萬華區,漢中,2,728,2,道路用地(公共設施用地)
萬華區,漢中,2,728,3,道路用地(公共設施用地)
萬華區,漢中,2,728,4,道路用地(公共設施用地)
萬華區,漢中,2,729,0,第四種商業區
萬華區,漢中,2,730,0,第四種商業區
萬華區,漢中,2,730,1,第四種商業區
萬華區,漢中,2,730,2,道路用地(公共設施用地)
萬華區,漢中,2,731,0,第四種商業區
萬華區,漢中,2,731,1,道路用地(公共設施用地)
萬華區,漢中,2,732,0,第四種商業區
萬華區,漢中,2,732,3,第四種商業區
萬華區,漢中,2,733,0,第四種商業區
萬華區,漢中,2,734,0,第四種商業區
萬華區,漢中,2,735,0,第四種商業區
萬華區,漢中,2,736,0,第四種商業區
萬華區,漢中,2,737,0,第四種商業區
萬華區,漢中,2,742,0,第四種商業區
萬華區,漢中,2,748,0,第四種商業區
萬華區,漢中,2,749,0,第四種商業區
萬華區,漢中,2,755,0,第四種商業區
萬華區,漢中,2,756,0,第四種商業區
萬華區,漢中,2,757,0,第四種商業區
萬華區,漢中,2,758,0,第四種商業區
萬華區,漢中,2,759,0,第四種商業區
萬華區,漢中,2,760,0,第四種商業區
萬華區,漢中,2,761,0,第四種商業區
萬華區,漢中,2,762,0,第四種商業區
萬華區,漢中,2,763,0,第四種商業區
萬華區,漢中,2,764,0,第四種商業區
萬華區,漢中,2,765,0,道路用地(公共設施用地)
萬華區,漢中,2,765,1,道路用地(公共設施用地)
萬華區,漢中,2,766,0,第四種商業區
萬華區,漢中,2,767,0,第四種商業區
萬華區,漢中,2,768,0,道路用地(公共設施用地)
萬華區,漢中,2,769,0,第四種商業區
萬華區,漢中,2,769,1,道路用地(公共設施用地)
萬華區,漢中,2,770,0,第四種商業區
萬華區,漢中,2,770,1,道路用地(公共設施用地)
萬華區,漢中,2,771,0,第四種商業區
萬華區,漢中,2,771,1,道路用地(公共設施用地)
萬華區,漢中,2,772,0,第四種商業區
萬華區,漢中,2,773,0,第四種商業區
萬華區,漢中,2,774,0,第四種商業區
萬華區,漢中,2,775,0,第四種商業區
萬華區,漢中,2,776,0,第四種商業區
萬華區,漢中,2,777,0,第四種商業區
萬華區,漢中,2,778,1,第四種商業區
萬華區,漢中,2,779,1,第四種商業區
萬華區,漢中,2,782,0,第四種商業區
萬華區,漢中,2,782,1,道路用地(公共設施用地)
萬華區,漢中,2,782,2,道路用地(公共設施用地)
萬華區,漢中,2,783,0,第四種商業區
萬華區,漢中,2,783,1,道路用地(公共設施用地)
萬華區,漢中,2,784,0,第四種商業區
萬華區,漢中,2,784,1,道路用地(公共設施用地)
萬華區,漢中,2,785,0,第四種商業區
萬華區,漢中,2,785,1,道路用地(公共設施用地)
萬華區,漢中,2,786,0,第四種商業區
萬華區,漢中,2,786,1,道路用地(公共設施用地)
萬華區,漢中,2,787,0,第四種商業區
萬華區,漢中,2,788,0,第四種商業區
萬華區,漢中,2,789,0,第四種商業區
萬華區,漢中,2,789,1,道路用地(公共設施用地)
萬華區,漢中,2,790,0,第四種商業區
萬華區,漢中,2,790,1,道路用地(公共設施用地)
萬華區,漢中,2,791,0,道路用地(公共設施用地)
萬華區,漢中,2,792,0,第四種商業區
萬華區,漢中,2,792,1,道路用地(公共設施用地)
萬華區,漢中,2,793,1,道路用地(公共設施用地)
萬華區,漢中,2,806,0,"第四種商業區,但是否在道路用地(公共設施用地)(應依建築線或俟地籍測量分割後,再確定)"
萬華區,漢中,2,808,1,第四種商業區
萬華區,漢中,2,808,2,第四種商業區
萬華區,漢中,2,808,3,道路用地(公共設施用地)
萬華區,漢中,2,811,1,道路用地(公共設施用地)
萬華區,漢中,2,815,0,道路用地(公共設施用地)
萬華區,漢中,2,816,1,道路用地(公共設施用地)
萬華區,漢中,2,820,0,第四種商業區
萬華區,漢中,2,820,1,道路用地(公共設施用地)
萬華區,漢中,2,820,2,第四種商業區
萬華區,漢中,2,821,0,第四種商業區
萬華區,漢中,2,822,0,第四種商業區
萬華區,漢中,2,823,0,第四種商業區
萬華區,漢中,2,824,0,第四種商業區
萬華區,漢中,2,825,0,第四種商業區
萬華區,漢中,2,826,0,第四種商業區
萬華區,漢中,2,827,0,第四種商業區
萬華區,漢中,2,828,0,第四種商業區
萬華區,漢中,2,829,0,第四種商業區
萬華區,漢中,2,829,1,道路用地(公共設施用地)
萬華區,漢中,2,830,0,第四種商業區
萬華區,漢中,2,831,0,第四種商業區
萬華區,漢中,2,832,0,第四種商業區
萬華區,漢中,2,832,1,道路用地(公共設施用地)
萬華區,漢中,2,833,0,第四種商業區
萬華區,漢中,2,834,0,第四種商業區
萬華區,漢中,2,834,1,道路用地(公共設施用地)
萬華區,漢中,2,835,0,第四種商業區
萬華區,漢中,2,836,0,道路用地(公共設施用地)
萬華區,漢中,2,837,0,第四種商業區
萬華區,漢中,2,838,0,第四種商業區
萬華區,漢中,2,838,1,道路用地(公共設施用地)
萬華區,漢中,2,839,0,第四種商業區
萬華區,漢中,2,840,0,第四種商業區
萬華區,漢中,2,841,0,第四種商業區
萬華區,漢中,2,842,0,第四種商業區
萬華區,漢中,2,843,0,第四種商業區
萬華區,漢中,2,843,1,第四種商業區
萬華區,漢中,2,844,0,第四種商業區
萬華區,漢中,2,844,1,道路用地(公共設施用地)
萬華區,漢中,2,846,0,第四種商業區
萬華區,漢中,2,846,1,道路用地(公共設施用地)
萬華區,漢中,2,846,2,第四種商業區
萬華區,漢中,2,847,0,第四種商業區
萬華區,漢中,2,847,1,道路用地(公共設施用地)
萬華區,漢中,2,848,0,第四種商業區
萬華區,漢中,2,849,0,"第四種商業區,但是否在道路用地(公共設施用地)(應依建築線或俟地籍測量分割後,再確定)"
萬華區,漢中,2,849,1,道路用地(公共設施用地)
萬華區,漢中,2,850,0,"第四種商業區,但是否在道路用地(公共設施用地)(應依建築線或俟地籍測量分割後,再確定)"
萬華區,漢中,2,851,0,"第四種商業區,但是否在道路用地(公共設施用地)(應依建築線或俟地籍測量分割後,再確定)"
萬華區,漢中,2,852,0,"第四種商業區,但是否在道路用地(公共設施用地)(應依建築線或俟地籍測量分割後,再確定)"
萬華區,漢中,2,853,0,"第四種商業區,但是否在道路用地(公共設施用地)(應依建築線或俟地籍測量分割後,再確定)"
萬華區,漢中,2,855,0,"第四種商業區,但是否在道路用地(公共設施用地)(應依建築線或俟地籍測量分割後,再確定)"
萬華區,漢中,2,856,0,"道路用地(公共設施用地),但是否在第四種商業區(應依建築線或俟地籍測量分割後,再確定)"
萬華區,漢中,2,857,0,"第四種商業區,但是否在道路用地(公共設施用地)(應依建築線或俟地籍測量分割後,再確定)"
萬華區,漢中,2,857,2,道路用地(公共設施用地)
萬華區,漢中,2,860,0,第四種商業區
萬華區,漢中,2,861,0,"第四種商業區,但是否在道路用地(公共設施用地)(應依建築線或俟地籍測量分割後,再確定)"
萬華區,漢中,2,871,0,第四種商業區
萬華區,漢中,2,872,0,第四種商業區
萬華區,漢中,2,873,0,"第四種商業區,但是否在道路用地(公共設施用地)(應依建築線或俟地籍測量分割後,再確定)"
萬華區,漢中,2,874,0,第四種商業區
萬華區,漢中,2,875,0,第四種商業區
萬華區,漢中,2,876,0,第四種商業區
萬華區,漢中,2,877,0,第四種商業區
萬華區,漢中,2,878,0,第四種商業區
萬華區,漢中,2,879,0,第四種商業區
萬華區,漢中,2,880,0,第四種商業區
萬華區,漢中,2,881,0,第四種商業區
萬華區,漢中,2,882,0,第四種商業區
萬華區,漢中,2,883,0,第四種商業區
萬華區,漢中,2,884,0,第四種商業區
萬華區,漢中,2,885,0,第四種商業區
萬華區,漢中,2,886,0,第四種商業區
萬華區,漢中,2,887,0,道路用地(公共設施用地)
萬華區,漢中,2,888,0,第四種商業區
萬華區,漢中,2,889,0,第四種商業區
萬華區,漢中,2,890,0,第四種商業區
萬華區,漢中,2,891,0,第四種商業區
萬華區,漢中,2,891,2,道路用地(公共設施用地)
萬華區,漢中,2,892,0,第四種商業區
萬華區,漢中,2,892,1,第四種商業區
萬華區,漢中,2,893,0,第四種商業區
萬華區,漢中,2,894,0,第四種商業區
萬華區,漢中,2,902,0,第四種商業區
萬華區,漢中,2,903,0,第四種商業區
萬華區,漢中,2,934,1,道路用地(公共設施用地)
萬華區,漢中,2,935,1,道路用地(公共設施用地)
萬華區,漢中,2,936,1,道路用地(公共設施用地)
萬華區,漢中,2,937,0,道路用地(公共設施用地)
萬華區,漢中,2,938,1,道路用地(公共設施用地)
萬華區,漢中,2,943,0,道路用地(公共設施用地)
萬華區,漢中,2,943,1,道路用地(公共設施用地)
萬華區,漢中,2,943,2,第四種商業區
萬華區,漢中,2,944,0,道路用地(公共設施用地)
萬華區,漢中,2,944,1,第四種商業區
萬華區,漢中,2,944,2,第四種商業區
萬華區,漢中,2,944,3,第四種商業區
萬華區,漢中,2,944,4,第四種商業區
萬華區,漢中,2,945,0,第四種商業區
萬華區,漢中,2,945,1,道路用地(公共設施用地)
萬華區,漢中,2,946,0,第四種商業區
萬華區,漢中,2,946,1,道路用地(公共設施用地)
萬華區,漢中,2,946,2,第四種商業區
萬華區,漢中,2,947,0,第四種商業區
萬華區,漢中,2,948,0,第四種商業區
萬華區,漢中,2,948,1,道路用地(公共設施用地)
萬華區,漢中,2,949,0,第四種商業區
萬華區,漢中,2,950,0,第四種商業區
萬華區,漢中,2,951,0,第四種商業區
萬華區,漢中,2,952,0,第四種商業區
萬華區,漢中,2,953,0,第四種商業區
萬華區,漢中,2,954,0,第四種商業區
萬華區,漢中,2,958,0,第四種商業區
萬華區,漢中,2,959,0,道路用地(公共設施用地)
萬華區,漢中,2,960,0,第四種商業區
萬華區,漢中,2,961,0,道路用地(公共設施用地)
萬華區,漢中,2,961,1,道路用地(公共設施用地)
萬華區,漢中,2,962,0,道路用地(公共設施用地)
萬華區,漢中,2,963,0,道路用地(公共設施用地)
萬華區,漢中,2,964,0,道路用地(公共設施用地)
萬華區,漢中,2,965,0,道路用地(公共設施用地)
萬華區,漢中,2,965,1,保存區
萬華區,漢中,2,966,0,保存區
萬華區,漢中,2,966,1,道路用地(公共設施用地)
萬華區,漢中,2,967,0,保存區
萬華區,漢中,2,967,1,道路用地(公共設施用地)
萬華區,漢中,2,967,2,道路用地(公共設施用地)
萬華區,漢中,2,967,3,道路用地(公共設施用地)
萬華區,漢中,2,967,4,道路用地(公共設施用地)
萬華區,漢中,2,968,0,第四種商業區
萬華區,漢中,2,969,0,第四種商業區
萬華區,漢中,2,970,0,第四種商業區
萬華區,漢中,2,971,0,第四種商業區
萬華區,漢中,2,972,0,第四種商業區
萬華區,漢中,2,973,0,第四種商業區
萬華區,漢中,2,974,0,第四種商業區及保存區
萬華區,漢中,2,975,0,第四種商業區及保存區
萬華區,漢中,2,976,0,"道路用地(公共設施用地),但是否在第四種商業區(應依建築線或俟地籍測量分割後,再確定)"
萬華區,漢中,2,977,0,第四種商業區
萬華區,漢中,2,978,0,道路用地(公共設施用地)
萬華區,漢中,3,1,0,第四種商業區
萬華區,漢中,3,1,1,道路用地(公共設施用地)
萬華區,漢中,3,5,0,第四種商業區
萬華區,漢中,3,5,1,道路用地(公共設施用地)
萬華區,漢中,3,8,0,第四種商業區
萬華區,漢中,3,13,0,第四種商業區
萬華區,漢中,3,14,0,第四種商業區
萬華區,漢中,3,15,0,第四種商業區
萬華區,漢中,3,16,0,第四種商業區
萬華區,漢中,3,17,0,第四種商業區
萬華區,漢中,3,18,0,第四種商業區
萬華區,漢中,3,19,0,第四種商業區
萬華區,漢中,3,20,0,第四種商業區
萬華區,漢中,3,21,0,第四種商業區
萬華區,漢中,3,22,0,"道路用地(公共設施用地)(但是否在第四種商業區(應依建築線或俟地籍測量分割後,再確定)"
萬華區,漢中,3,23,0,第四種商業區
萬華區,漢中,3,23,1,道路用地(公共設施用地)
萬華區,漢中,3,24,1,道路用地(公共設施用地)
萬華區,漢中,3,25,1,道路用地(公共設施用地)
萬華區,漢中,3,26,1,道路用地(公共設施用地)
萬華區,漢中,3,28,1,道路用地(公共設施用地)
萬華區,漢中,3,28,2,第四種商業區
萬華區,漢中,3,29,0,第四種商業區
萬華區,漢中,3,30,0,第四種商業區
萬華區,漢中,3,31,0,第四種商業區
萬華區,漢中,3,32,0,第四種商業區
萬華區,漢中,3,35,1,道路用地(公共設施用地)
萬華區,漢中,3,36,0,第四種商業區
萬華區,漢中,3,36,2,道路用地(公共設施用地)
萬華區,漢中,3,36,3,道路用地(公共設施用地)
萬華區,漢中,3,36,4,第四種商業區
萬華區,漢中,3,36,5,第四種商業區
萬華區,漢中,3,36,6,第四種商業區
萬華區,漢中,3,36,7,第四種商業區
萬華區,漢中,3,38,1,道路用地(公共設施用地)
萬華區,漢中,3,38,2,道路用地(公共設施用地)
萬華區,漢中,3,38,3,道路用地(公共設施用地)
萬華區,漢中,3,38,4,道路用地(公共設施用地)
萬華區,漢中,3,38,5,道路用地(公共設施用地)
萬華區,漢中,3,38,11,道路用地(公共設施用地)
萬華區,漢中,3,39,0,第四種商業區
萬華區,漢中,3,39,1,道路用地(公共設施用地)
萬華區,漢中,3,40,1,道路用地(公共設施用地)
萬華區,漢中,3,41,1,道路用地(公共設施用地)
萬華區,漢中,3,50,1,道路用地(公共設施用地)
萬華區,漢中,3,51,1,道路用地(公共設施用地)
萬華區,漢中,3,62,1,道路用地(公共設施用地)
萬華區,漢中,3,72,0,道路用地(公共設施用地)
萬華區,漢中,3,74,0,道路用地(公共設施用地)
萬華區,漢中,3,75,1,道路用地(公共設施用地)
萬華區,漢中,3,76,1,道路用地(公共設施用地)
萬華區,漢中,3,77,0,道路用地(公共設施用地)
萬華區,漢中,3,78,0,道路用地(公共設施用地)
萬華區,漢中,3,79,0,道路用地(公共設施用地)
萬華區,漢中,3,80,0,第四種商業區
萬華區,漢中,3,80,1,道路用地(公共設施用地)
萬華區,漢中,3,80,2,道路用地(公共設施用地)
萬華區,漢中,3,86,0,第四種商業區
萬華區,漢中,3,86,1,道路用地(公共設施用地)
萬華區,漢中,3,87,0,第四種商業區
萬華區,漢中,3,87,1,道路用地(公共設施用地)
萬華區,漢中,3,88,0,第四種商業區
萬華區,漢中,3,88,1,道路用地(公共設施用地)
萬華區,漢中,3,88,2,第四種商業區
萬華區,漢中,3,89,0,第四種商業區
萬華區,漢中,3,89,1,道路用地(公共設施用地)
萬華區,漢中,3,89,2,第四種商業區
萬華區,漢中,3,90,0,第四種商業區
萬華區,漢中,3,90,1,道路用地(公共設施用地)
萬華區,漢中,3,90,2,第四種商業區
萬華區,漢中,3,91,0,第四種商業區
萬華區,漢中,3,91,1,道路用地(公共設施用地)
萬華區,漢中,3,91,2,第四種商業區
萬華區,漢中,3,92,0,"第四種商業區,但是否在道路用地(公共設施用地)(應依建築線或俟地籍測量分割後,再確定)"
萬華區,漢中,3,92,1,道路用地(公共設施用地)
萬華區,漢中,3,93,0,第四種商業區
萬華區,漢中,3,94,0,第四種商業區
萬華區,漢中,3,95,0,第四種商業區
萬華區,漢中,3,96,0,第四種商業區
萬華區,漢中,3,97,0,第四種商業區
萬華區,漢中,3,98,0,第四種商業區
萬華區,漢中,3,98,1,道路用地(公共設施用地)
萬華區,漢中,3,98,2,第四種商業區
萬華區,漢中,3,98,3,第四種商業區
萬華區,漢中,3,99,0,第四種商業區
萬華區,漢中,3,100,0,第四種商業區
萬華區,漢中,3,101,0,第四種商業區
萬華區,漢中,3,102,0,第四種商業區
萬華區,漢中,3,103,0,第四種商業區
萬華區,漢中,3,104,0,第四種商業區
萬華區,漢中,3,110,0,第四種商業區
萬華區,漢中,3,111,0,第四種商業區
萬華區,漢中,3,112,0,第四種商業區
萬華區,漢中,3,113,0,第四種商業區
萬華區,漢中,3,114,0,第四種商業區
萬華區,漢中,3,115,0,第四種商業區
萬華區,漢中,3,116,0,第四種商業區
萬華區,漢中,3,117,0,第四種商業區
萬華區,漢中,3,117,1,道路用地(公共設施用地)
萬華區,漢中,3,118,0,第四種商業區
萬華區,漢中,3,119,0,第四種商業區
萬華區,漢中,3,120,0,第四種商業區
萬華區,漢中,3,121,0,第四種商業區
萬華區,漢中,3,122,0,第四種商業區
萬華區,漢中,3,123,0,第四種商業區
萬華區,漢中,3,124,0,第四種商業區
萬華區,漢中,3,125,0,第四種商業區
萬華區,漢中,3,126,0,第四種商業區
萬華區,漢中,3,126,1,道路用地(公共設施用地)
萬華區,漢中,3,127,0,道路用地(公共設施用地)
萬華區,漢中,3,128,0,第四種商業區
萬華區,漢中,3,128,1,道路用地(公共設施用地)
萬華區,漢中,3,128,2,道路用地(公共設施用地)
萬華區,漢中,3,129,0,第四種商業區
萬華區,漢中,3,129,1,道路用地(公共設施用地)
萬華區,漢中,3,129,2,道路用地(公共設施用地)
萬華區,漢中,3,130,0,第四種商業區
萬華區,漢中,3,130,1,道路用地(公共設施用地)
萬華區,漢中,3,131,0,第四種商業區
萬華區,漢中,3,131,1,道路用地(公共設施用地)
萬華區,漢中,3,132,0,第四種商業區
萬華區,漢中,3,132,1,道路用地(公共設施用地)
萬華區,漢中,3,133,0,第四種商業區
萬華區,漢中,3,133,1,道路用地(公共設施用地)
萬華區,漢中,3,134,0,第四種商業區
萬華區,漢中,3,134,1,道路用地(公共設施用地)
萬華區,漢中,3,135,0,第四種商業區
萬華區,漢中,3,136,0,第四種商業區
萬華區,漢中,3,137,0,第四種商業區
萬華區,漢中,3,137,1,道路用地(公共設施用地)
萬華區,漢中,3,138,0,第四種商業區
萬華區,漢中,3,138,1,道路用地(公共設施用地)
萬華區,漢中,3,139,0,第四種商業區
萬華區,漢中,3,139,1,道路用地(公共設施用地)
萬華區,漢中,3,140,0,第四種商業區
萬華區,漢中,3,141,0,第四種商業區
萬華區,漢中,3,142,0,第四種商業區
萬華區,漢中,3,144,0,第四種商業區
萬華區,漢中,3,144,1,第四種商業區
萬華區,漢中,3,144,4,第四種商業區
萬華區,漢中,3,144,8,第四種商業區
萬華區,漢中,3,144,9,第四種商業區
萬華區,漢中,3,145,0,"第四種商業區,但是否在道路用地(公共設施用地)(應依建築線或俟地籍測量分割後,再確定)"
萬華區,漢中,3,151,1,道路用地(公共設施用地)
萬華區,漢中,3,152,0,道路用地(公共設施用地)
萬華區,漢中,3,152,1,道路用地(公共設施用地)
萬華區,漢中,3,152,4,第四種商業區
萬華區,漢中,3,152,5,第四種商業區
萬華區,漢中,3,153,0,道路用地(公共設施用地)
萬華區,漢中,3,154,0,第四種商業區
萬華區,漢中,3,154,1,道路用地(公共設施用地)
萬華區,漢中,3,161,2,第四種商業區
萬華區,漢中,3,162,0,第四種商業區
萬華區,漢中,3,163,0,第四種商業區
萬華區,漢中,3,164,0,第四種商業區
萬華區,漢中,3,165,0,第四種商業區
萬華區,漢中,3,166,0,第四種商業區
萬華區,漢中,3,167,0,第四種商業區
萬華區,漢中,3,168,0,第四種商業區
萬華區,漢中,3,168,1,道路用地(公共設施用地)
萬華區,漢中,3,169,0,道路用地(公共設施用地)
萬華區,漢中,3,170,0,"第四種商業區,但是否在道路用地(公共設施用地)(應依建築線或俟地籍測量分割後,再確定)"
萬華區,漢中,3,170,1,道路用地(公共設施用地)
萬華區,漢中,3,171,0,第四種商業區
萬華區,漢中,3,172,0,道路用地(公共設施用地)
萬華區,漢中,3,173,0,道路用地(公共設施用地)
萬華區,漢中,3,174,0,道路用地(公共設施用地)
萬華區,漢中,3,175,0,道路用地(公共設施用地)
萬華區,漢中,3,176,0,道路用地(公共設施用地)
萬華區,漢中,3,176,1,道路用地(公共設施用地)
萬華區,漢中,3,176,2,道路用地(公共設施用地)
萬華區,漢中,3,177,0,道路用地(公共設施用地)
萬華區,漢中,3,178,0,第四種商業區
萬華區,漢中,3,184,0,第四種商業區
萬華區,漢中,3,185,0,第四種商業區
萬華區,漢中,3,186,0,第四種商業區
萬華區,漢中,3,186,1,道路用地(公共設施用地)
萬華區,漢中,3,187,0,第四種商業區
萬華區,漢中,3,187,1,道路用地(公共設施用地)
萬華區,漢中,3,192,0,第四種商業區
萬華區,漢中,3,196,0,第四種商業區
萬華區,漢中,3,200,0,第四種商業區
萬華區,漢中,3,201,0,第四種商業區
萬華區,漢中,3,202,0,第四種商業區
萬華區,漢中,3,203,0,第四種商業區
萬華區,漢中,3,204,0,第四種商業區
萬華區,漢中,3,205,0,第四種商業區
萬華區,漢中,3,206,0,第四種商業區
萬華區,漢中,3,207,0,第四種商業區
萬華區,漢中,3,208,0,第四種商業區
萬華區,漢中,3,209,0,第四種商業區
萬華區,漢中,3,210,0,第四種商業區
萬華區,漢中,3,211,0,第四種商業區及道路用地(公共設施用地)
萬華區,漢中,3,212,0,第四種商業區
萬華區,漢中,3,213,0,第四種商業區
萬華區,漢中,3,214,0,第四種商業區
萬華區,漢中,3,214,1,第四種商業區
萬華區,漢中,3,214,2,道路用地(公共設施用地)
萬華區,漢中,3,214,3,第四種商業區
萬華區,漢中,3,215,0,道路用地(公共設施用地)
萬華區,漢中,3,216,0,第四種商業區
萬華區,漢中,3,216,1,道路用地(公共設施用地)
萬華區,漢中,3,217,0,第四種商業區
萬華區,漢中,3,218,0,第四種商業區
萬華區,漢中,3,219,0,第四種商業區
萬華區,漢中,3,220,0,第四種商業區
萬華區,漢中,3,221,0,第四種商業區
萬華區,漢中,3,222,0,第四種商業區
萬華區,漢中,3,223,0,第四種商業區
萬華區,漢中,3,224,0,第四種商業區
萬華區,漢中,3,225,0,第四種商業區
萬華區,漢中,3,226,0,第四種商業區
萬華區,漢中,3,227,0,第四種商業區
萬華區,漢中,3,228,0,第四種商業區
萬華區,漢中,3,229,0,第四種商業區
萬華區,漢中,3,230,0,第四種商業區
萬華區,漢中,3,231,0,第四種商業區
萬華區,漢中,3,232,0,第四種商業區
萬華區,漢中,3,235,0,第四種商業區
萬華區,漢中,3,236,0,第四種商業區
萬華區,漢中,3,237,0,第四種商業區
萬華區,漢中,3,238,0,第四種商業區
萬華區,漢中,3,239,0,第四種商業區
萬華區,漢中,3,240,0,第四種商業區
萬華區,漢中,3,243,0,第四種商業區
萬華區,漢中,3,249,0,第四種商業區
萬華區,漢中,3,253,0,第四種商業區
萬華區,漢中,3,254,0,第四種商業區
萬華區,漢中,3,255,0,第四種商業區
萬華區,漢中,3,255,1,道路用地(公共設施用地)
萬華區,漢中,3,256,0,第四種商業區
萬華區,漢中,3,256,1,道路用地(公共設施用地)
萬華區,漢中,3,257,0,道路用地(公共設施用地)
萬華區,漢中,3,258,0,道路用地(公共設施用地)
萬華區,漢中,3,259,0,第四種商業區
萬華區,漢中,3,259,1,道路用地(公共設施用地)
萬華區,漢中,3,260,0,第四種商業區
萬華區,漢中,3,261,0,道路用地(公共設施用地)
萬華區,漢中,3,262,0,第四種商業區
萬華區,漢中,3,262,1,道路用地(公共設施用地)
萬華區,漢中,3,263,0,第四種商業區
萬華區,漢中,3,263,1,道路用地(公共設施用地)
萬華區,漢中,3,264,0,第四種商業區
萬華區,漢中,3,264,1,道路用地(公共設施用地)
萬華區,漢中,3,265,0,第四種商業區
萬華區,漢中,3,265,1,道路用地(公共設施用地)
萬華區,漢中,3,266,0,第四種商業區
萬華區,漢中,3,266,1,道路用地(公共設施用地)
萬華區,漢中,3,267,0,第四種商業區
萬華區,漢中,3,267,1,道路用地(公共設施用地)
萬華區,漢中,3,270,0,第四種商業區
萬華區,漢中,3,270,1,道路用地(公共設施用地)
萬華區,漢中,3,271,1,道路用地(公共設施用地)
萬華區,漢中,3,275,1,道路用地(公共設施用地)
萬華區,漢中,3,279,1,道路用地(公共設施用地)
萬華區,漢中,3,280,1,道路用地(公共設施用地)
萬華區,漢中,3,281,1,道路用地(公共設施用地)
萬華區,漢中,3,292,1,道路用地(公共設施用地)
萬華區,漢中,3,304,0,第四種商業區
萬華區,漢中,3,307,0,第四種商業區
萬華區,漢中,3,307,1,道路用地(公共設施用地)
萬華區,漢中,3,308,0,道路用地(公共設施用地)
萬華區,漢中,3,309,0,第四種商業區及道路用地(公共設施用地)
萬華區,漢中,3,310,0,第四種商業區
萬華區,漢中,3,311,0,第四種商業區
萬華區,漢中,3,312,0,第四種商業區
萬華區,漢中,3,313,0,第四種商業區
萬華區,漢中,3,314,0,第四種商業區
萬華區,漢中,3,315,0,第四種商業區
萬華區,漢中,3,319,0,第四種商業區
萬華區,漢中,3,320,0,第四種商業區
萬華區,漢中,3,321,0,第四種商業區
萬華區,漢中,3,321,1,道路用地(公共設施用地)
萬華區,漢中,3,322,0,第四種商業區
萬華區,漢中,3,323,0,第四種商業區
萬華區,漢中,3,324,0,第四種商業區
萬華區,漢中,3,324,1,道路用地(公共設施用地)
萬華區,漢中,3,325,0,第四種商業區
萬華區,漢中,3,325,1,道路用地(公共設施用地)
萬華區,漢中,3,326,0,第四種商業區
萬華區,漢中,3,326,1,道路用地(公共設施用地)
萬華區,漢中,3,327,0,第四種商業區
萬華區,漢中,3,327,1,道路用地(公共設施用地)
萬華區,漢中,3,328,0,第四種商業區
萬華區,漢中,3,328,1,道路用地(公共設施用地)
萬華區,漢中,3,329,0,第四種商業區
萬華區,漢中,3,329,1,道路用地(公共設施用地)
萬華區,漢中,3,329,2,第四種商業區
萬華區,漢中,3,330,0,第四種商業區
萬華區,漢中,3,330,1,道路用地(公共設施用地)
萬華區,漢中,3,330,2,第四種商業區
萬華區,漢中,3,331,0,第四種商業區
萬華區,漢中,3,331,1,道路用地(公共設施用地)
萬華區,漢中,3,331,2,第四種商業區
萬華區,漢中,3,332,0,第四種商業區
萬華區,漢中,3,332,1,道路用地(公共設施用地)
萬華區,漢中,3,333,0,第四種商業區
萬華區,漢中,3,334,0,第四種商業區
萬華區,漢中,3,337,0,第四種商業區
萬華區,漢中,3,338,0,第四種商業區
萬華區,漢中,3,339,0,第四種商業區
萬華區,漢中,3,340,0,第四種商業區
萬華區,漢中,3,340,1,第四種商業區
萬華區,漢中,3,340,3,道路用地(公共設施用地)
萬華區,漢中,3,340,4,第四種商業區
萬華區,漢中,3,340,5,第四種商業區
萬華區,漢中,3,340,6,道路用地(公共設施用地)
萬華區,漢中,3,340,7,道路用地(公共設施用地)
萬華區,漢中,3,341,0,第四種商業區
萬華區,漢中,3,342,0,第四種商業區
萬華區,漢中,3,343,0,第四種商業區
萬華區,漢中,3,344,0,第四種商業區
萬華區,漢中,3,345,0,第四種商業區
萬華區,漢中,3,346,0,第四種商業區
萬華區,漢中,3,347,0,第四種商業區
萬華區,漢中,3,348,0,第四種商業區
萬華區,漢中,3,349,0,第四種商業區
萬華區,漢中,3,350,0,第四種商業區
萬華區,漢中,3,351,0,第四種商業區
萬華區,漢中,3,352,0,第四種商業區
萬華區,漢中,3,356,0,第四種商業區
萬華區,漢中,3,360,0,第四種商業區
萬華區,漢中,3,361,0,第四種商業區
萬華區,漢中,3,364,0,第四種商業區
萬華區,漢中,3,365,0,第四種商業區
萬華區,漢中,3,365,1,道路用地(公共設施用地)
萬華區,漢中,3,366,1,道路用地(公共設施用地)
萬華區,漢中,3,367,0,第四種商業區
萬華區,漢中,3,368,0,第四種商業區
萬華區,漢中,3,369,0,第四種商業區
萬華區,漢中,3,370,0,第四種商業區
萬華區,漢中,3,370,1,第四種商業區
萬華區,漢中,3,371,0,第四種商業區
萬華區,漢中,3,372,0,第四種商業區
萬華區,漢中,3,373,0,第四種商業區
萬華區,漢中,3,373,1,第四種商業區
萬華區,漢中,3,374,0,第四種商業區
萬華區,漢中,3,375,0,第四種商業區
萬華區,漢中,3,376,0,第四種商業區
萬華區,漢中,3,377,0,第四種商業區
萬華區,漢中,3,378,0,第四種商業區及道路用地(公共設施用地)
萬華區,漢中,3,379,0,第四種商業區及道路用地(公共設施用地)
萬華區,漢中,3,380,0,第四種商業區及道路用地(公共設施用地)
萬華區,漢中,3,381,0,第四種商業區及道路用地(公共設施用地)
萬華區,漢中,3,382,0,道路用地(公共設施用地)
萬華區,漢中,3,383,0,第四種商業區及道路用地(公共設施用地)
萬華區,漢中,3,384,0,"第四種商業區,但是否在道路用地(公共設施用地)(應依建築線或俟地籍測量分割後,再確定)"
萬華區,漢中,3,385,0,第四種商業區
萬華區,漢中,3,386,0,第四種商業區
萬華區,漢中,3,387,0,第四種商業區
萬華區,漢中,3,388,0,第四種商業區
萬華區,漢中,3,389,0,第四種商業區
萬華區,漢中,3,390,0,第四種商業區
萬華區,漢中,3,390,1,道路用地(公共設施用地)
萬華區,漢中,3,391,0,第四種商業區
萬華區,漢中,3,392,0,第四種商業區
萬華區,漢中,3,393,0,第四種商業區
萬華區,漢中,3,394,0,第四種商業區
萬華區,漢中,3,395,0,第四種商業區
萬華區,漢中,3,396,0,第四種商業區
萬華區,漢中,3,397,0,第四種商業區
萬華區,漢中,3,399,0,第四種商業區
萬華區,漢中,3,400,0,第四種商業區
萬華區,漢中,3,401,0,第四種商業區
萬華區,漢中,3,402,0,第四種商業區及道路用地(公共設施用地)
萬華區,漢中,3,403,0,道路用地(公共設施用地)
萬華區,漢中,3,404,0,第四種商業區及道路用地(公共設施用地)
萬華區,漢中,3,405,0,第四種商業區
萬華區,漢中,3,406,0,第四種商業區
萬華區,漢中,3,407,0,第四種商業區
萬華區,漢中,3,408,0,第四種商業區及道路用地(公共設施用地)
萬華區,漢中,3,409,0,第四種商業區及道路用地(公共設施用地)
萬華區,漢中,3,410,0,第四種商業區
萬華區,漢中,3,411,0,第四種商業區及道路用地(公共設施用地)
萬華區,漢中,3,412,0,第四種商業區及道路用地(公共設施用地)
萬華區,漢中,3,413,0,第四種商業區
萬華區,漢中,3,414,0,第四種商業區
萬華區,漢中,3,415,0,第四種商業區
萬華區,漢中,3,416,0,"第四種商業區,但是否在道路用地(公共設施用地)(應依建築線或俟地籍測量分割後,再確定)"
萬華區,漢中,3,417,0,道路用地(公共設施用地)
萬華區,漢中,3,418,0,第四種商業區
萬華區,漢中,3,422,1,道路用地(公共設施用地)
萬華區,漢中,3,423,0,第四種商業區
萬華區,漢中,3,424,0,第四種商業區
萬華區,漢中,3,426,0,第四種商業區
萬華區,漢中,3,432,0,第四種商業區
萬華區,漢中,3,433,0,第四種商業區
萬華區,漢中,3,434,0,第四種商業區
萬華區,漢中,3,435,0,第四種商業區
萬華區,漢中,3,436,0,第四種商業區
萬華區,漢中,3,442,0,第四種商業區及道路用地(公共設施用地)
萬華區,漢中,3,443,0,道路用地(公共設施用地)
萬華區,漢中,3,444,0,道路用地(公共設施用地)
萬華區,漢中,3,444,1,第四種商業區
萬華區,漢中,3,444,2,道路用地(公共設施用地)
萬華區,漢中,3,444,4,第四種商業區
萬華區,漢中,3,445,0,道路用地(公共設施用地)
萬華區,漢中,3,445,2,道路用地(公共設施用地)
萬華區,漢中,3,446,0,第四種商業區
萬華區,漢中,3,446,1,道路用地(公共設施用地)
萬華區,漢中,3,447,0,第四種商業區
萬華區,漢中,3,448,0,第四種商業區
萬華區,漢中,3,449,0,第四種商業區
萬華區,漢中,3,450,0,第四種商業區
萬華區,漢中,3,451,0,第四種商業區
萬華區,漢中,3,452,0,第四種商業區
萬華區,漢中,3,453,0,第四種商業區
萬華區,漢中,3,454,0,第四種商業區
萬華區,漢中,3,455,0,第四種商業區
萬華區,漢中,3,456,0,道路用地(公共設施用地)
萬華區,漢中,3,457,0,第四種商業區
萬華區,漢中,3,457,1,道路用地(公共設施用地)
萬華區,漢中,3,458,0,第四種商業區
萬華區,漢中,3,459,0,第四種商業區
萬華區,漢中,3,460,0,第四種商業區
萬華區,漢中,3,461,0,第四種商業區
萬華區,漢中,3,462,0,第四種商業區
萬華區,漢中,3,463,0,第四種商業區
萬華區,漢中,3,464,0,第四種商業區
萬華區,漢中,3,465,0,第四種商業區
萬華區,漢中,3,465,1,道路用地(公共設施用地)
萬華區,漢中,3,466,0,第四種商業區
萬華區,漢中,3,466,1,道路用地(公共設施用地)
萬華區,漢中,3,467,0,第四種商業區
萬華區,漢中,3,468,1,道路用地(公共設施用地)
萬華區,漢中,3,471,0,第四種商業區
萬華區,漢中,3,472,0,第四種商業區
萬華區,漢中,3,473,0,第四種商業區
萬華區,漢中,3,474,0,第四種商業區
萬華區,漢中,3,475,0,第四種商業區
萬華區,漢中,3,476,0,第四種商業區
萬華區,漢中,3,477,0,第四種商業區
萬華區,漢中,3,478,0,第四種商業區
萬華區,漢中,3,479,0,第四種商業區
萬華區,漢中,3,485,0,郵政用地(公共設施用地)
萬華區,漢中,3,486,0,郵政用地(公共設施用地)
萬華區,漢中,3,487,0,道路用地(公共設施用地)
萬華區,漢中,3,487,1,道路用地(公共設施用地)
萬華區,漢中,3,487,2,道路用地(公共設施用地)
萬華區,漢中,3,487,4,第四種商業區
萬華區,漢中,3,488,0,道路用地(公共設施用地)
萬華區,漢中,3,489,0,道路用地(公共設施用地)
萬華區,漢中,3,490,0,道路用地(公共設施用地)
萬華區,漢中,3,491,0,道路用地(公共設施用地)
萬華區,漢中,3,492,0,道路用地(公共設施用地)
萬華區,漢中,3,493,0,道路用地(公共設施用地)
萬華區,漢中,3,494,0,第四種商業區
萬華區,漢中,3,495,0,第四種商業區
萬華區,漢中,3,496,0,第四種商業區
萬華區,漢中,3,497,0,第四種商業區
萬華區,漢中,3,497,1,第四種商業區
萬華區,漢中,3,498,0,道路用地(公共設施用地)
萬華區,漢中,3,499,0,第四種商業區
萬華區,漢中,3,499,1,道路用地(公共設施用地)
萬華區,漢中,3,500,0,第四種商業區
萬華區,漢中,3,501,0,第四種商業區
萬華區,漢中,3,502,0,第四種商業區
萬華區,漢中,3,503,0,第四種商業區
萬華區,漢中,3,504,0,第四種商業區
萬華區,漢中,3,505,0,第四種商業區
萬華區,漢中,3,506,0,第四種商業區
萬華區,漢中,3,507,0,第四種商業區
萬華區,漢中,3,508,0,第四種商業區
萬華區,漢中,3,509,0,第四種商業區
萬華區,漢中,3,510,0,第四種商業區
萬華區,漢中,3,511,0,第四種商業區
萬華區,漢中,3,512,0,第四種商業區
萬華區,漢中,3,513,0,第四種商業區
萬華區,漢中,3,514,0,第四種商業區
萬華區,漢中,3,515,0,第四種商業區
萬華區,漢中,3,516,0,第四種商業區
萬華區,漢中,3,517,0,第四種商業區
萬華區,漢中,3,518,0,第四種商業區
萬華區,漢中,3,519,0,第四種商業區
萬華區,漢中,3,520,0,第四種商業區
萬華區,漢中,3,521,0,第四種商業區
萬華區,漢中,3,522,0,第四種商業區
萬華區,漢中,3,523,0,第四種商業區
萬華區,漢中,3,524,0,第四種商業區
萬華區,漢中,3,525,0,第四種商業區
萬華區,漢中,3,526,0,第四種商業區
萬華區,漢中,3,527,0,第四種商業區
萬華區,漢中,3,528,0,第四種商業區
萬華區,漢中,3,529,0,第四種商業區
萬華區,漢中,3,530,0,第四種商業區
萬華區,漢中,3,531,0,第四種商業區
萬華區,漢中,3,532,0,第四種商業區
萬華區,漢中,3,533,0,第四種商業區
萬華區,漢中,3,534,0,第四種商業區
萬華區,漢中,3,535,0,第四種商業區
萬華區,漢中,3,536,0,"第四種商業區,但是否在道路用地(公共設施用地)(應依建築線或俟地籍測量分割後,再確定)"
萬華區,漢中,3,536,1,道路用地(公共設施用地)
萬華區,漢中,3,537,1,道路用地(公共設施用地)
萬華區,漢中,3,538,1,道路用地(公共設施用地)
萬華區,漢中,3,539,0,第四種商業區
萬華區,漢中,3,539,1,第四種商業區
萬華區,漢中,3,540,0,第四種商業區
萬華區,漢中,3,540,1,第四種商業區
萬華區,漢中,3,540,2,第四種商業區
萬華區,漢中,3,540,3,道路用地(公共設施用地)
萬華區,漢中,3,540,4,道路用地(公共設施用地)
萬華區,漢中,3,541,0,道路用地(公共設施用地)
萬華區,漢中,3,542,0,道路用地(公共設施用地)
萬華區,漢中,3,543,0,道路用地(公共設施用地)
萬華區,漢中,3,544,0,第四種商業區
萬華區,漢中,3,544,1,道路用地(公共設施用地)
萬華區,漢中,3,545,0,第四種商業區
萬華區,漢中,3,545,1,道路用地(公共設施用地)
萬華區,漢中,3,546,0,道路用地(公共設施用地)
萬華區,漢中,3,547,0,第四種商業區
萬華區,漢中,3,547,1,道路用地(公共設施用地)
萬華區,漢中,3,548,0,第四種商業區
萬華區,漢中,3,548,1,道路用地(公共設施用地)
萬華區,漢中,3,549,0,第四種商業區
萬華區,漢中,3,550,0,第四種商業區
萬華區,漢中,3,551,0,第四種商業區
萬華區,漢中,3,552,0,第四種商業區
萬華區,漢中,3,554,0,第四種商業區
萬華區,漢中,3,555,0,第四種商業區
萬華區,漢中,3,556,0,第四種商業區
萬華區,漢中,3,557,0,第四種商業區
萬華區,漢中,3,558,0,第四種商業區
萬華區,漢中,3,566,0,第四種商業區
萬華區,漢中,3,573,1,道路用地(公共設施用地)
萬華區,漢中,3,574,0,道路用地(公共設施用地)
萬華區,漢中,3,574,1,道路用地(公共設施用地)
萬華區,漢中,3,574,2,道路用地(公共設施用地)
萬華區,漢中,3,575,0,第四種商業區及道路用地(公共設施用地)
萬華區,漢中,3,576,0,第四種商業區
萬華區,漢中,3,577,0,第四種商業區
萬華區,漢中,3,579,0,第四種商業區
萬華區,漢中,3,580,0,第四種商業區
萬華區,漢中,3,581,0,第四種商業區
萬華區,漢中,3,582,0,第四種商業區
萬華區,漢中,3,583,0,第四種商業區
萬華區,漢中,3,584,0,第四種商業區
萬華區,漢中,3,585,0,第四種商業區
萬華區,漢中,3,585,1,道路用地(公共設施用地)
萬華區,漢中,3,586,0,第四種商業區
萬華區,漢中,3,587,0,第四種商業區
萬華區,漢中,3,588,0,第四種商業區
萬華區,漢中,3,588,1,道路用地(公共設施用地)
萬華區,漢中,3,589,0,"道路用地(公共設施用地),但是否在第四種商業區(應依建築線或俟地籍測量分割後,再確定)"
萬華區,漢中,3,589,1,道路用地(公共設施用地)
萬華區,漢中,3,589,2,公園用地(公共設施用地)
萬華區,漢中,3,589,3,道路用地(公共設施用地)
萬華區,漢中,3,589,4,道路用地(公共設施用地)
萬華區,漢中,3,590,0,第四種商業區
萬華區,漢中,3,591,0,第四種商業區
萬華區,漢中,3,592,0,第四種商業區
萬華區,漢中,3,593,0,第四種商業區
萬華區,漢中,3,594,0,第四種商業區
萬華區,漢中,3,595,0,第四種商業區
萬華區,漢中,3,596,0,第四種商業區
萬華區,漢中,3,597,0,第四種商業區
萬華區,漢中,3,598,0,第四種商業區
萬華區,漢中,3,599,0,第四種商業區
萬華區,漢中,3,600,0,第四種商業區
萬華區,漢中,3,601,0,第四種商業區
萬華區,漢中,3,602,0,第四種商業區
萬華區,漢中,3,603,0,第四種商業區
萬華區,漢中,3,604,0,第四種商業區
萬華區,漢中,3,605,0,第四種商業區
萬華區,漢中,3,606,0,第四種商業區
萬華區,漢中,3,607,0,第四種商業區
萬華區,漢中,3,608,0,第四種商業區及道路用地(公共設施用地)
萬華區,漢中,3,609,0,道路用地(公共設施用地)
萬華區,漢中,3,610,0,道路用地(公共設施用地)
萬華區,漢中,3,611,0,第四種商業區
萬華區,漢中,3,611,1,道路用地(公共設施用地)
萬華區,漢中,3,612,0,第四種商業區及道路用地(公共設施用地)
萬華區,漢中,3,613,0,第四種商業區
萬華區,漢中,3,614,0,第四種商業區
萬華區,漢中,3,615,0,第四種商業區及道路用地(公共設施用地)
萬華區,漢中,3,616,0,第四種商業區及道路用地(公共設施用地)
萬華區,漢中,3,617,0,道路用地(公共設施用地)及第四種商業區
萬華區,漢中,3,618,0,"第四種商業區,但是否在道路用地(公共設施用地)(應依建築線或俟地籍測量分割後,再確定)"
萬華區,漢中,3,619,0,第四種商業區
萬華區,漢中,3,620,0,第四種商業區及道路用地(公共設施用地)
萬華區,漢中,3,621,0,第四種商業區及道路用地(公共設施用地)
萬華區,漢中,3,622,0,第四種商業區及道路用地(公共設施用地)
萬華區,漢中,3,623,0,第四種商業區及道路用地(公共設施用地)
萬華區,漢中,3,624,0,第四種商業區及道路用地(公共設施用地)
萬華區,漢中,3,624,1,道路用地(公共設施用地)
萬華區,漢中,3,625,0,第四種商業區
萬華區,漢中,3,626,0,第四種商業區
萬華區,漢中,3,627,0,第四種商業區
萬華區,漢中,3,631,0,第四種商業區
萬華區,漢中,3,632,0,第四種商業區
萬華區,漢中,3,633,0,第四種商業區
萬華區,漢中,3,634,0,第四種商業區
萬華區,漢中,3,635,0,第四種商業區
萬華區,漢中,3,636,0,第四種商業區
萬華區,漢中,3,637,0,第四種商業區
萬華區,漢中,3,638,0,第四種商業區
萬華區,漢中,3,638,1,道路用地(公共設施用地)
萬華區,漢中,3,639,0,第四種商業區
萬華區,漢中,3,639,1,道路用地(公共設施用地)
萬華區,漢中,3,640,0,道路用地(公共設施用地)
萬華區,漢中,3,641,0,第四種商業區
萬華區,漢中,3,642,0,第四種商業區
萬華區,漢中,3,643,0,第四種商業區
萬華區,漢中,3,644,0,第四種商業區
萬華區,漢中,3,645,0,第四種商業區
萬華區,漢中,3,646,0,第四種商業區
萬華區,漢中,3,647,0,第四種商業區
萬華區,漢中,3,648,0,第四種商業區
萬華區,漢中,3,649,0,第四種商業區及道路用地(公共設施用地)
萬華區,漢中,3,650,0,道路用地(公共設施用地)
萬華區,漢中,3,651,0,道路用地(公共設施用地)
萬華區,漢中,3,652,0,第四種商業區(公共設施用地)
萬華區,漢中,3,652,1,道路用地(公共設施用地)
萬華區,漢中,3,653,0,加油站用地(公共設施用地)
萬華區,漢中,3,654,0,加油站用地(公共設施用地)
萬華區,漢中,3,655,0,第四種商業區
萬華區,漢中,3,656,0,第四種商業區
萬華區,漢中,3,657,0,第四種商業區
萬華區,漢中,3,658,0,第四種商業區
萬華區,漢中,3,659,0,第四種商業區
萬華區,漢中,3,660,0,第四種商業區
萬華區,漢中,3,661,0,第四種商業區
萬華區,漢中,3,662,0,道路用地(公共設施用地)
萬華區,漢中,3,663,0,道路用地(公共設施用地)
萬華區,漢中,3,664,0,道路用地(公共設施用地)
萬華區,漢中,3,665,0,公園用地(公共設施用地)
萬華區,漢中,3,665,1,道路用地(公共設施用地)
萬華區,漢中,3,665,2,道路用地(公共設施用地)
萬華區,漢中,3,666,0,道路用地(公共設施用地)
萬華區,漢中,3,667,0,第四種商業區
萬華區,漢中,3,668,0,道路用地(公共設施用地)
萬華區,漢中,3,669,0,道路用地(公共設施用地)
萬華區,漢中,3,670,0,道路用地(公共設施用地)
萬華區,漢中,3,671,0,第四種商業區
萬華區,漢中,3,671,1,道路用地(公共設施用地)
萬華區,漢中,3,672,0,道路用地(公共設施用地)
萬華區,漢中,3,673,0,道路用地(公共設施用地)
萬華區,漢中,3,674,0,道路用地(公共設施用地)
萬華區,漢中,3,675,0,道路用地(公共設施用地)
萬華區,漢中,3,676,0,道路用地(公共設施用地)
萬華區,漢中,3,676,1,道路用地(公共設施用地)
萬華區,漢中,3,677,0,道路用地(公共設施用地)
萬華區,漢中,3,678,0,道路用地(公共設施用地)
萬華區,漢中,3,679,0,道路用地(公共設施用地)
萬華區,漢中,3,679,1,第四種商業區
萬華區,漢中,3,680,0,道路用地(公共設施用地)
萬華區,漢中,3,681,0,道路用地(公共設施用地)
萬華區,漢中,3,681,1,道路用地(公共設施用地)
萬華區,漢中,3,682,0,道路用地(公共設施用地)
萬華區,漢中,3,683,0,道路用地(公共設施用地)
萬華區,漢中,3,684,0,道路用地(公共設施用地)
萬華區,漢中,3,685,0,道路用地(公共設施用地)
萬華區,漢中,3,686,0,道路用地(公共設施用地)
萬華區,漢中,3,687,0,道路用地(公共設施用地)
萬華區,漢中,3,688,0,道路用地(公共設施用地)
萬華區,漢中,3,688,1,公園用地(公共設施用地)
萬華區,漢中,3,688,2,道路用地(公共設施用地)
萬華區,漢中,3,689,0,第四種商業區
萬華區,漢中,3,689,1,道路用地(公共設施用地)
萬華區,漢中,3,690,0,第四種商業區
萬華區,漢中,3,691,0,第四種商業區
萬華區,漢中,3,692,0,第四種商業區
萬華區,漢中,3,693,0,第四種商業區
萬華區,漢中,3,694,0,第四種商業區
萬華區,漢中,3,695,0,第四種商業區
萬華區,漢中,3,696,0,第四種商業區
萬華區,漢中,3,697,0,第四種商業區
萬華區,漢中,3,698,0,第四種商業區
萬華區,漢中,3,699,0,第四種商業區
萬華區,漢中,3,700,0,第四種商業區
萬華區,漢中,3,701,0,第四種商業區
萬華區,漢中,3,702,0,第四種商業區
萬華區,漢中,3,703,0,第四種商業區
萬華區,漢中,3,705,0,第四種商業區
萬華區,漢中,3,705,4,道路用地(公共設施用地)
萬華區,漢中,3,706,0,道路用地(公共設施用地)
萬華區,漢中,3,707,0,道路用地(公共設施用地)
萬華區,漢中,3,708,0,道路用地(公共設施用地)
萬華區,漢中,3,709,1,道路用地(公共設施用地)
萬華區,漢中,3,710,1,道路用地(公共設施用地)
萬華區,漢中,3,714,0,第四種商業區
萬華區,漢中,3,715,0,第四種商業區
萬華區,漢中,3,716,0,第四種商業區
萬華區,漢中,3,717,0,第四種商業區
萬華區,漢中,3,718,0,第四種商業區
萬華區,漢中,3,719,0,第四種商業區
萬華區,漢中,3,720,0,第四種商業區
萬華區,漢中,3,721,0,第四種商業區
萬華區,漢中,3,722,0,道路用地(公共設施用地)
萬華區,漢中,3,723,0,道路用地(公共設施用地)
萬華區,漢中,3,724,0,第四種商業區
萬華區,漢中,3,725,0,第四種商業區
萬華區,漢中,3,726,0,第四種商業區
萬華區,漢中,3,727,0,第四種商業區
萬華區,漢中,3,728,0,第四種商業區
萬華區,漢中,3,729,0,道路用地(公共設施用地)
萬華區,漢中,3,730,0,道路用地(公共設施用地)
萬華區,漢中,3,731,0,第四種商業區
萬華區,漢中,3,732,0,第四種商業區
萬華區,漢中,3,733,0,第四種商業區
萬華區,漢中,3,734,0,第四種商業區
萬華區,漢中,3,735,0,第四種商業區
萬華區,漢中,3,736,0,第四種商業區
萬華區,漢中,3,737,0,道路用地(公共設施用地)
萬華區,漢中,3,738,0,道路用地(公共設施用地)
萬華區,漢中,3,739,0,第四種商業區
萬華區,漢中,3,740,0,第四種商業區
萬華區,漢中,3,741,0,第四種商業區
萬華區,漢中,3,742,0,第四種商業區
萬華區,漢中,3,743,0,第四種商業區
萬華區,漢中,3,744,0,第四種商業區
萬華區,漢中,3,745,0,道路用地(公共設施用地)
萬華區,漢中,3,746,0,道路用地(公共設施用地)
萬華區,漢中,3,747,0,第四種商業區
萬華區,漢中,3,748,0,第四種商業區
萬華區,漢中,3,749,0,第四種商業區
萬華區,漢中,3,750,0,第四種商業區
萬華區,漢中,3,751,0,道路用地(公共設施用地)
萬華區,漢中,3,752,0,道路用地(公共設施用地)
萬華區,漢中,3,753,0,第四種商業區
萬華區,漢中,3,754,0,第四種商業區
萬華區,漢中,3,755,0,道路用地(公共設施用地)
萬華區,漢中,3,756,0,道路用地(公共設施用地)
萬華區,漢中,3,757,1,道路用地(公共設施用地)
萬華區,漢中,3,760,0,第四種商業區
萬華區,漢中,3,766,0,第四種商業區
萬華區,漢中,3,767,0,第四種商業區
萬華區,漢中,3,767,1,道路用地(公共設施用地)
萬華區,漢中,3,768,0,第四種商業區
萬華區,漢中,3,769,0,第四種商業區
萬華區,漢中,3,770,0,第四種商業區
萬華區,漢中,3,770,1,道路用地(公共設施用地)
萬華區,漢中,3,771,0,第四種商業區
萬華區,漢中,3,771,1,道路用地(公共設施用地)
萬華區,漢中,3,772,0,第四種商業區
萬華區,漢中,3,772,1,道路用地(公共設施用地)
萬華區,漢中,3,773,0,第四種商業區
萬華區,漢中,3,773,1,道路用地(公共設施用地)
萬華區,漢中,3,774,0,第四種商業區
萬華區,漢中,3,774,1,道路用地(公共設施用地)
萬華區,漢中,3,775,0,第四種商業區
萬華區,漢中,3,775,1,道路用地(公共設施用地)
萬華區,漢中,3,776,0,道路用地(公共設施用地)
萬華區,漢中,3,776,1,第四種商業區
萬華區,漢中,3,777,0,第四種商業區
萬華區,漢中,3,777,1,道路用地(公共設施用地)
萬華區,漢中,3,781,0,第四種商業區
萬華區,漢中,3,781,1,道路用地(公共設施用地)
萬華區,漢中,3,782,0,第四種商業區
萬華區,漢中,3,782,1,道路用地(公共設施用地)
萬華區,漢中,3,786,1,第四種商業區
萬華區,漢中,3,787,0,第四種商業區
萬華區,漢中,3,788,0,第四種商業區
萬華區,漢中,3,789,0,第四種商業區
萬華區,漢中,3,790,0,第四種商業區
萬華區,漢中,3,791,0,第四種商業區
萬華區,漢中,3,792,0,第四種商業區
萬華區,漢中,3,793,0,第四種商業區
萬華區,漢中,3,797,0,第四種商業區
萬華區,漢中,3,798,0,第四種商業區
萬華區,漢中,3,799,0,第四種商業區
萬華區,漢中,3,802,0,第四種商業區
萬華區,漢中,3,802,1,道路用地(公共設施用地)
萬華區,漢中,3,807,0,第四種商業區
萬華區,漢中,3,809,0,第四種商業區
萬華區,漢中,3,810,0,第四種商業區
萬華區,漢中,3,811,0,第四種商業區
萬華區,漢中,3,812,0,道路用地(公共設施用地)
萬華區,漢中,3,813,0,道路用地(公共設施用地)
萬華區,漢中,3,814,0,第四種商業區
萬華區,漢中,3,814,1,道路用地(公共設施用地)
萬華區,漢中,3,815,0,第四種商業區
萬華區,漢中,3,815,1,道路用地(公共設施用地)
萬華區,漢中,3,816,0,第四種商業區
萬華區,漢中,3,817,1,道路用地(公共設施用地)
萬華區,漢中,3,818,1,道路用地(公共設施用地)
萬華區,漢中,3,820,0,道路用地(公共設施用地)
萬華區,漢中,3,821,0,道路用地(公共設施用地)
萬華區,漢中,3,821,1,道路用地(公共設施用地)
萬華區,漢中,3,824,0,道路用地(公共設施用地)
萬華區,漢中,3,845,0,第四種商業區
萬華區,漢中,3,845,1,道路用地(公共設施用地)
萬華區,漢中,3,846,0,道路用地(公共設施用地)
萬華區,漢中,3,847,0,第四種商業區
萬華區,漢中,3,847,1,道路用地(公共設施用地)
萬華區,漢中,3,848,1,道路用地(公共設施用地)
萬華區,漢中,3,849,0,第四種商業區
萬華區,漢中,3,849,1,道路用地(公共設施用地)
萬華區,漢中,3,850,0,第四種商業區
萬華區,漢中,3,850,1,道路用地(公共設施用地)
萬華區,漢中,3,865,0,第四種商業區
萬華區,漢中,3,866,0,第四種商業區
萬華區,漢中,3,868,1,道路用地(公共設施用地)
萬華區,漢中,3,869,2,道路用地(公共設施用地)
萬華區,漢中,3,870,0,道路用地(公共設施用地)
萬華區,漢中,3,871,0,道路用地(公共設施用地)
萬華區,漢中,3,872,0,道路用地(公共設施用地)
萬華區,漢中,3,880,0,道路用地(公共設施用地)
萬華區,漢中,3,881,0,道路用地(公共設施用地)
萬華區,漢中,3,884,2,第四種商業區
萬華區,漢中,3,885,1,道路用地(公共設施用地)
萬華區,漢中,3,887,0,道路用地(公共設施用地)
萬華區,漢中,3,888,0,道路用地(公共設施用地)
萬華區,漢中,3,889,0,第四種商業區
萬華區,漢中,3,890,0,第四種商業區
萬華區,漢中,3,891,0,第四種商業區
萬華區,漢中,3,892,0,第四種商業區
萬華區,漢中,3,893,0,道路用地(公共設施用地)
萬華區,漢中,3,894,0,道路用地(公共設施用地)
萬華區,漢中,3,895,0,第四種商業區
萬華區,漢中,3,896,0,第四種商業區
萬華區,漢中,3,897,0,第四種商業區
萬華區,漢中,3,897,1,道路用地(公共設施用地)
萬華區,漢中,3,898,0,道路用地(公共設施用地)
萬華區,漢中,3,899,1,道路用地(公共設施用地)
萬華區,漢中,3,900,0,道路用地(公共設施用地)
萬華區,漢中,3,901,0,道路用地(公共設施用地)
萬華區,漢中,3,902,1,道路用地(公共設施用地)
萬華區,漢中,3,904,1,道路用地(公共設施用地)
萬華區,漢中,3,905,0,道路用地(公共設施用地)
萬華區,漢中,3,906,0,第四種商業區
萬華區,漢中,3,906,1,道路用地(公共設施用地)
萬華區,漢中,3,907,0,第四種商業區
萬華區,漢中,3,908,0,道路用地(公共設施用地)
萬華區,漢中,3,909,0,道路用地(公共設施用地)
萬華區,漢中,3,910,0,第四種商業區
萬華區,漢中,3,911,0,第四種商業區
萬華區,漢中,3,912,0,道路用地(公共設施用地)
萬華區,漢中,3,913,0,道路用地(公共設施用地)
萬華區,漢中,3,914,0,第四種商業區
萬華區,漢中,3,915,0,道路用地(公共設施用地)
萬華區,漢中,3,916,0,道路用地(公共設施用地)
萬華區,漢中,3,917,0,第四種商業區
萬華區,漢中,3,917,1,道路用地(公共設施用地)
萬華區,漢中,3,918,0,第四種商業區
萬華區,漢中,3,919,0,第四種商業區
萬華區,漢中,3,920,0,第四種商業區
萬華區,漢中,3,921,0,第四種商業區
萬華區,漢中,3,922,0,第四種商業區
萬華區,漢中,3,922,1,道路用地(公共設施用地)
萬華區,漢中,3,922,2,第四種商業區
萬華區,漢中,3,922,3,道路用地(公共設施用地)
萬華區,漢中,3,922,4,第四種商業區
萬華區,漢中,3,923,0,第四種商業區
萬華區,漢中,3,923,1,道路用地(公共設施用地)
萬華區,漢中,3,923,2,第四種商業區
萬華區,漢中,3,924,0,第四種商業區
萬華區,漢中,3,924,1,道路用地(公共設施用地)
萬華區,漢中,3,924,2,第四種商業區
萬華區,漢中,3,925,0,第四種商業區
萬華區,漢中,3,925,1,道路用地(公共設施用地)
萬華區,漢中,3,926,1,道路用地(公共設施用地)
萬華區,漢中,3,932,0,第四種商業區
萬華區,漢中,3,932,1,道路用地(公共設施用地)
萬華區,漢中,3,933,0,第四種商業區
萬華區,漢中,3,934,0,第四種商業區
萬華區,漢中,3,935,0,第四種商業區
萬華區,漢中,3,936,0,第四種商業區
萬華區,漢中,3,936,1,道路用地(公共設施用地)
萬華區,漢中,3,939,0,第四種商業區
萬華區,漢中,3,940,0,第四種商業區
萬華區,漢中,3,943,0,第四種商業區
萬華區,漢中,3,944,0,第四種商業區
萬華區,漢中,3,945,0,第四種商業區
萬華區,漢中,3,946,0,道路用地(公共設施用地)
萬華區,漢中,3,947,0,第四種商業區
萬華區,漢中,3,948,0,道路用地(公共設施用地)
萬華區,漢中,3,949,0,道路用地(公共設施用地)
萬華區,漢中,3,950,0,道路用地(公共設施用地)
萬華區,漢中,3,951,0,道路用地(公共設施用地)
萬華區,漢中,3,952,0,道路用地(公共設施用地)
萬華區,漢中,3,953,0,道路用地(公共設施用地)
萬華區,漢中,3,954,0,道路用地(公共設施用地)
萬華區,漢中,3,955,0,道路用地(公共設施用地)
萬華區,漢中,3,956,0,道路用地(公共設施用地)
萬華區,漢中,3,957,0,道路用地(公共設施用地)
萬華區,漢中,3,957,1,國小用地(公共設施用地)
萬華區,漢中,3,958,0,第四種商業區
萬華區,福星,1,1,0,道路用地(公共設施用地)
萬華區,福星,1,1,1,廣場用地(公共設施用地)
萬華區,福星,1,2,0,道路用地(公共設施用地)
萬華區,福星,1,2,1,廣場用地(公共設施用地)
萬華區,福星,1,3,0,道路用地(公共設施用地)
萬華區,福星,1,4,0,道路用地(公共設施用地)
萬華區,福星,1,4,1,道路用地(公共設施用地)
萬華區,福星,1,4,2,道路用地(公共設施用地)
萬華區,福星,1,4,3,廣場用地(公共設施用地)
萬華區,福星,1,4,4,廣場用地(公共設施用地)
萬華區,福星,1,4,5,道路用地(公共設施用地)
萬華區,福星,1,4,6,廣場用地(公共設施用地)
萬華區,福星,1,5,0,道路用地(公共設施用地)
萬華區,福星,1,6,0,道路用地(公共設施用地)
萬華區,福星,1,7,0,道路用地(公共設施用地)
萬華區,福星,1,7,1,道路用地(公共設施用地)
萬華區,福星,1,7,2,廣場用地(公共設施用地)
萬華區,福星,1,8,0,"第肆種商業區(依都市計畫說明書圖規定辦理,始得作第肆種商業區使用)(原屬第參種商業區)"
萬華區,福星,1,9,0,道路用地(公共設施用地)
萬華區,福星,1,10,0,"第肆種商業區(依都市計畫說明書圖規定辦理,始得作第肆種商業區使用)(原屬第參種商業區)"
萬華區,福星,1,10,1,道路用地(公共設施用地)
萬華區,福星,1,11,0,"第肆種商業區(依都市計畫說明書圖規定辦理,始得作第肆種商業區使用)(原屬第參種商業區)"
萬華區,福星,1,12,0,"第肆種商業區(依都市計畫說明書圖規定辦理,始得作第肆種商業區使用)(原屬第參種商業區)"
萬華區,福星,1,13,0,"第肆種商業區(依都市計畫說明書圖規定辦理,始得作第肆種商業區使用)(原屬第參種商業區)"
萬華區,福星,1,14,0,"第肆種商業區(依都市計畫說明書圖規定辦理,始得作第肆種商業區使用)(原屬第參種商業區)"
萬華區,福星,1,15,0,"第肆種商業區(依都市計畫說明書圖規定辦理,始得作第肆種商業區使用)(原屬第參種商業區)"
萬華區,福星,1,16,0,"第肆種商業區(依都市計畫說明書圖規定辦理,始得作第肆種商業區使用)(原屬第參種商業區)"
萬華區,福星,1,17,0,"第肆種商業區(依都市計畫說明書圖規定辦理,始得作第肆種商業區使用)(原屬第參種商業區)"
萬華區,福星,1,18,0,"第肆種商業區(依都市計畫說明書圖規定辦理,始得作第肆種商業區使用)(原屬第參種商業區)"
萬華區,福星,1,19,0,"第肆種商業區(依都市計畫說明書圖規定辦理,始得作第肆種商業區使用)(原屬第參種商業區)"
萬華區,福星,1,20,0,"第肆種商業區(依都市計畫說明書圖規定辦理,始得作第肆種商業區使用)(原屬第參種商業區)"
萬華區,福星,1,21,0,"第肆種商業區(依都市計畫說明書圖規定辦理,始得作第肆種商業區使用)(原屬第參種商業區)"
萬華區,福星,1,22,0,"第肆種商業區(依都市計畫說明書圖規定辦理,始得作第肆種商業區使用)(原屬第參種商業區)"
萬華區,福星,1,23,0,"第肆種商業區(依都市計畫說明書圖規定辦理,始得作第肆種商業區使用)(原屬第參種商業區)"
萬華區,福星,1,24,0,"第肆種商業區(依都市計畫說明書圖規定辦理,始得作第肆種商業區使用)(原屬第參種商業區)"
萬華區,福星,1,25,0,"第肆種商業區(依都市計畫說明書圖規定辦理,始得作第肆種商業區使用)(原屬第參種商業區)"
萬華區,福星,1,26,0,"第肆種商業區(依都市計畫說明書圖規定辦理,始得作第肆種商業區使用)(原屬第參種商業區)"
萬華區,福星,1,27,0,"第肆種商業區(依都市計畫說明書圖規定辦理,始得作第肆種商業區使用)(原屬第參種商業區)"
萬華區,福星,1,28,0,"第肆種商業區(依都市計畫說明書圖規定辦理,始得作第肆種商業區使用)(原屬第參種商業區)"
萬華區,福星,1,29,0,"第肆種商業區(依都市計畫說明書圖規定辦理,始得作第肆種商業區使用)(原屬第參種商業區)"
萬華區,福星,1,30,0,"第肆種商業區(依都市計畫說明書圖規定辦理,始得作第肆種商業區使用)(原屬第參種商業區)"
萬華區,福星,1,34,1,"第肆種商業區(依都市計畫說明書圖規定辦理,始得作第肆種商業區使用)(原屬第參種商業區)"
萬華區,福星,1,35,0,"第肆種商業區(依都市計畫說明書圖規定辦理,始得作第肆種商業區使用)(原屬第參種商業區)"
萬華區,福星,1,36,0,"第肆種商業區(依都市計畫說明書圖規定辦理,始得作第肆種商業區使用)(原屬第參種商業區)"
萬華區,福星,1,37,0,"第肆種商業區(依都市計畫說明書圖規定辦理,始得作第肆種商業區使用)(原屬第參種商業區)"
萬華區,福星,1,38,0,"第肆種商業區(依都市計畫說明書圖規定辦理,始得作第肆種商業區使用)(原屬第參種商業區)"
萬華區,福星,1,39,0,"第肆種商業區(依都市計畫說明書圖規定辦理,始得作第肆種商業區使用)(原屬第參種商業區)"
萬華區,福星,1,52,1,"第肆種商業區(依都市計畫說明書圖規定辦理,始得作第肆種商業區使用)(原屬第參種商業區)"
萬華區,福星,1,53,0,"第肆種商業區(依都市計畫說明書圖規定辦理,始得作第肆種商業區使用)(原屬第參種商業區)"
萬華區,福星,1,54,0,"第肆種商業區(依都市計畫說明書圖規定辦理,始得作第肆種商業區使用)(原屬第參種商業區)"
萬華區,福星,1,55,0,"第肆種商業區(依都市計畫說明書圖規定辦理,始得作第肆種商業區使用)(原屬第參種商業區)"
萬華區,福星,1,56,0,"第肆種商業區(依都市計畫說明書圖規定辦理,始得作第肆種商業區使用)(原屬第參種商業區)"
萬華區,福星,1,57,0,"第肆種商業區(依都市計畫說明書圖規定辦理,始得作第肆種商業區使用)(原屬第參種商業區)"
萬華區,福星,1,58,0,"第肆種商業區(依都市計畫說明書圖規定辦理,始得作第肆種商業區使用)(原屬第參種商業區)"
萬華區,福星,1,59,0,"第肆種商業區(依都市計畫說明書圖規定辦理,始得作第肆種商業區使用)(原屬第參種商業區)"
萬華區,福星,1,60,0,"第肆種商業區(依都市計畫說明書圖規定辦理,始得作第肆種商業區使用)(原屬第參種商業區)"
萬華區,福星,1,61,0,"第肆種商業區(依都市計畫說明書圖規定辦理,始得作第肆種商業區使用)(原屬第參種商業區)"
萬華區,福星,1,65,0,"第肆種商業區(依都市計畫說明書圖規定辦理,始得作第肆種商業區使用)(原屬第參種商業區)"
萬華區,福星,1,66,0,"第肆種商業區(依都市計畫說明書圖規定辦理,始得作第肆種商業區使用)(原屬第參種商業區)"
萬華區,福星,1,66,1,"第肆種商業區(依都市計畫說明書圖規定辦理,始得作第肆種商業區使用)(原屬第參種商業區)"
萬華區,福星,1,66,2,"第肆種商業區(依都市計畫說明書圖規定辦理,始得作第肆種商業區使用)(原屬第參種商業區)"
萬華區,福星,1,67,0,"第肆種商業區(依都市計畫說明書圖規定辦理,始得作第肆種商業區使用)(原屬第參種商業區)"
萬華區,福星,1,68,0,"第肆種商業區(依都市計畫說明書圖規定辦理,始得作第肆種商業區使用)(原屬第參種商業區)"
萬華區,福星,1,69,0,"第肆種商業區(依都市計畫說明書圖規定辦理,始得作第肆種商業區使用)(原屬第參種商業區)"
萬華區,福星,1,70,0,"第肆種商業區(依都市計畫說明書圖規定辦理,始得作第肆種商業區使用)(原屬第參種商業區)"
萬華區,福星,1,71,0,"第肆種商業區(依都市計畫說明書圖規定辦理,始得作第肆種商業區使用)(原屬第參種商業區)"
萬華區,福星,1,72,0,"第肆種商業區(依都市計畫說明書圖規定辦理,始得作第肆種商業區使用)(原屬第參種商業區)"
萬華區,福星,1,73,0,"第肆種商業區(依都市計畫說明書圖規定辦理,始得作第肆種商業區使用)(原屬第參種商業區)"
萬華區,福星,1,77,0,"第肆種商業區(依都市計畫說明書圖規定辦理,始得作第肆種商業區使用)(原屬第參種商業區)"
萬華區,福星,1,77,2,"第肆種商業區(依都市計畫說明書圖規定辦理,始得作第肆種商業區使用)(原屬第參種商業區)"
萬華區,福星,1,77,3,"第肆種商業區(依都市計畫說明書圖規定辦理,始得作第肆種商業區使用)(原屬第參種商業區)"
萬華區,福星,1,77,4,"第肆種商業區(依都市計畫說明書圖規定辦理,始得作第肆種商業區使用)(原屬第參種商業區)"
萬華區,福星,1,78,0,"第肆種商業區(依都市計畫說明書圖規定辦理,始得作第肆種商業區使用)(原屬第參種商業區)"
萬華區,福星,1,79,0,"第肆種商業區(依都市計畫說明書圖規定辦理,始得作第肆種商業區使用)(原屬第參種商業區)"
萬華區,福星,1,80,0,"第肆種商業區(依都市計畫說明書圖規定辦理,始得作第肆種商業區使用)(原屬第參種商業區)"
萬華區,福星,1,81,0,"第肆種商業區(依都市計畫說明書圖規定辦理,始得作第肆種商業區使用)(原屬第參種商業區)"
萬華區,福星,1,82,0,"第肆種商業區(依都市計畫說明書圖規定辦理,始得作第肆種商業區使用)(原屬第參種商業區)"
萬華區,福星,1,83,0,道路用地(公共設施用地)
萬華區,福星,1,83,1,"第肆種商業區(依都市計畫說明書圖規定辦理,始得作第肆種商業區使用)(原屬第參種商業區)"
萬華區,福星,1,84,0,道路用地(公共設施用地)
萬華區,福星,1,84,1,"第肆種商業區(依都市計畫說明書圖規定辦理,始得作第肆種商業區使用)(原屬第參種商業區)"
萬華區,福星,1,85,0,"第肆種商業區(依都市計畫說明書圖規定辦理,始得作第肆種商業區使用)(原屬第參種商業區)"
萬華區,福星,1,86,0,"第肆種商業區(依都市計畫說明書圖規定辦理,始得作第肆種商業區使用)(原屬第參種商業區)"
萬華區,福星,1,87,0,"第肆種商業區(依都市計畫說明書圖規定辦理,始得作第肆種商業區使用)(原屬第參種商業區)"
萬華區,福星,1,88,0,"第肆種商業區(依都市計畫說明書圖規定辦理,始得作第肆種商業區使用)(原屬第參種商業區)"
萬華區,福星,1,89,0,"第肆種商業區(依都市計畫說明書圖規定辦理,始得作第肆種商業區使用)(原屬第參種商業區)"
萬華區,福星,1,90,0,"第肆種商業區(依都市計畫說明書圖規定辦理,始得作第肆種商業區使用)(原屬第參種商業區)"
萬華區,福星,1,91,0,"第肆種商業區(依都市計畫說明書圖規定辦理,始得作第肆種商業區使用)(原屬第參種商業區)"
萬華區,福星,1,92,0,"第肆種商業區(依都市計畫說明書圖規定辦理,始得作第肆種商業區使用)(原屬第參種商業區)"
萬華區,福星,1,93,0,"第肆種商業區(依都市計畫說明書圖規定辦理,始得作第肆種商業區使用)(原屬第參種商業區)"
萬華區,福星,1,94,0,"第肆種商業區(依都市計畫說明書圖規定辦理,始得作第肆種商業區使用)(原屬第參種商業區)"
萬華區,福星,1,94,1,道路用地(公共設施用地)
萬華區,福星,1,95,0,"第肆種商業區(依都市計畫說明書圖規定辦理,始得作第肆種商業區使用)(原屬第參種商業區)"
萬華區,福星,1,97,0,"第肆種商業區(依都市計畫說明書圖規定辦理,始得作第肆種商業區使用)(原屬第參種商業區)"
萬華區,福星,1,98,0,"第肆種商業區(依都市計畫說明書圖規定辦理,始得作第肆種商業區使用)(原屬第參種商業區)"
萬華區,福星,1,99,0,"第肆種商業區(依都市計畫說明書圖規定辦理,始得作第肆種商業區使用)(原屬第參種商業區)"
萬華區,福星,1,99,1,"第肆種商業區(依都市計畫說明書圖規定辦理,始得作第肆種商業區使用)(原屬第參種商業區)"
萬華區,福星,1,101,0,"第肆種商業區(依都市計畫說明書圖規定辦理,始得作第肆種商業區使用)(原屬第參種商業區)"
萬華區,福星,1,103,0,"第肆種商業區(依都市計畫說明書圖規定辦理,始得作第肆種商業區使用)(原屬第參種商業區)"
萬華區,福星,1,104,0,"第肆種商業區(依都市計畫說明書圖規定辦理,始得作第肆種商業區使用)(原屬第參種商業區)"
萬華區,福星,1,105,0,"第肆種商業區(依都市計畫說明書圖規定辦理,始得作第肆種商業區使用)(原屬第參種商業區)"
萬華區,福星,1,106,0,"第肆種商業區(依都市計畫說明書圖規定辦理,始得作第肆種商業區使用)(原屬第參種商業區)"
萬華區,福星,1,107,0,"第肆種商業區(依都市計畫說明書圖規定辦理,始得作第肆種商業區使用)(原屬第參種商業區)"
萬華區,福星,1,108,0,"第肆種商業區(依都市計畫說明書圖規定辦理,始得作第肆種商業區使用)(原屬第參種商業區)"
萬華區,福星,1,109,0,"第肆種商業區(依都市計畫說明書圖規定辦理,始得作第肆種商業區使用)(原屬第參種商業區)"
萬華區,福星,1,110,0,"第肆種商業區(依都市計畫說明書圖規定辦理,始得作第肆種商業區使用)(原屬第參種商業區)"
萬華區,福星,1,111,0,"第肆種商業區(依都市計畫說明書圖規定辦理,始得作第肆種商業區使用)(原屬第參種商業區)"
萬華區,福星,1,112,0,"第肆種商業區(依都市計畫說明書圖規定辦理,始得作第肆種商業區使用)(原屬第參種商業區)"
萬華區,福星,1,113,0,"第肆種商業區(依都市計畫說明書圖規定辦理,始得作第肆種商業區使用)(原屬第參種商業區)"
萬華區,福星,1,114,0,"第肆種商業區(依都市計畫說明書圖規定辦理,始得作第肆種商業區使用)(原屬第參種商業區)"
萬華區,福星,1,115,0,"第肆種商業區(依都市計畫說明書圖規定辦理,始得作第肆種商業區使用)(原屬第參種商業區)"
萬華區,福星,1,116,0,"第肆種商業區(依都市計畫說明書圖規定辦理,始得作第肆種商業區使用)(原屬第參種商業區)"
萬華區,福星,1,117,0,"第肆種商業區(依都市計畫說明書圖規定辦理,始得作第肆種商業區使用)(原屬第參種商業區)"
萬華區,福星,1,118,0,"第肆種商業區(依都市計畫說明書圖規定辦理,始得作第肆種商業區使用)(原屬第參種商業區)"
萬華區,福星,1,119,0,"第肆種商業區(依都市計畫說明書圖規定辦理,始得作第肆種商業區使用)(原屬第參種商業區)"
萬華區,福星,1,120,0,"第肆種商業區(依都市計畫說明書圖規定辦理,始得作第肆種商業區使用)(原屬第參種商業區)"
萬華區,福星,1,121,0,"第肆種商業區(依都市計畫說明書圖規定辦理,始得作第肆種商業區使用)(原屬第參種商業區)"
萬華區,福星,1,122,0,"第肆種商業區(依都市計畫說明書圖規定辦理,始得作第肆種商業區使用)(原屬第參種商業區)"
萬華區,福星,1,123,0,"第肆種商業區(依都市計畫說明書圖規定辦理,始得作第肆種商業區使用)(原屬第參種商業區)"
萬華區,福星,1,124,0,"第肆種商業區(依都市計畫說明書圖規定辦理,始得作第肆種商業區使用)(原屬第參種商業區)"
萬華區,福星,1,125,0,"第肆種商業區(依都市計畫說明書圖規定辦理,始得作第肆種商業區使用)(原屬第參種商業區)"
萬華區,福星,1,126,0,"第肆種商業區(依都市計畫說明書圖規定辦理,始得作第肆種商業區使用)(原屬第參種商業區)"
萬華區,福星,1,127,0,"第肆種商業區(依都市計畫說明書圖規定辦理,始得作第肆種商業區使用)(原屬第參種商業區)"
萬華區,福星,1,128,0,"第肆種商業區(依都市計畫說明書圖規定辦理,始得作第肆種商業區使用)(原屬第參種商業區)"
萬華區,福星,1,129,0,"第肆種商業區(依都市計畫說明書圖規定辦理,始得作第肆種商業區使用)(原屬第參種商業區)"
萬華區,福星,1,130,0,"第肆種商業區(依都市計畫說明書圖規定辦理,始得作第肆種商業區使用)(原屬第參種商業區)"
萬華區,福星,1,131,0,"第肆種商業區(依都市計畫說明書圖規定辦理,始得作第肆種商業區使用)(原屬第參種商業區)"
萬華區,福星,1,132,0,"第肆種商業區(依都市計畫說明書圖規定辦理,始得作第肆種商業區使用)(原屬第參種商業區)"
萬華區,福星,1,133,0,"第肆種商業區(依都市計畫說明書圖規定辦理,始得作第肆種商業區使用)(原屬第參種商業區)"
萬華區,福星,1,133,1,"第肆種商業區(依都市計畫說明書圖規定辦理,始得作第肆種商業區使用)(原屬第參種商業區)"
萬華區,福星,1,134,0,"第肆種商業區(依都市計畫說明書圖規定辦理,始得作第肆種商業區使用)(原屬第參種商業區)"
萬華區,福星,1,135,0,"第肆種商業區(依都市計畫說明書圖規定辦理,始得作第肆種商業區使用)(原屬第參種商業區)"
萬華區,福星,1,136,0,"第肆種商業區(依都市計畫說明書圖規定辦理,始得作第肆種商業區使用)(原屬第參種商業區)"
萬華區,福星,1,137,0,"第肆種商業區(依都市計畫說明書圖規定辦理,始得作第肆種商業區使用)(原屬第參種商業區)"
萬華區,福星,1,138,0,"第肆種商業區(依都市計畫說明書圖規定辦理,始得作第肆種商業區使用)(原屬第參種商業區)"
萬華區,福星,1,139,0,"第肆種商業區(依都市計畫說明書圖規定辦理,始得作第肆種商業區使用)(原屬第參種商業區)"
萬華區,福星,1,140,0,道路用地(公共設施用地)
萬華區,福星,1,141,0,"第肆種商業區(依都市計畫說明書圖規定辦理,始得作第肆種商業區使用)(原屬第參種商業區)"
萬華區,福星,1,141,1,道路用地(公共設施用地)
萬華區,福星,1,141,2,"第肆種商業區(依都市計畫說明書圖規定辦理,始得作第肆種商業區使用)(原屬第參種商業區)"
萬華區,福星,1,142,0,道路用地(公共設施用地)
萬華區,福星,1,142,1,國小用地(公共設施用地)
萬華區,福星,1,142,2,國小用地(公共設施用地)
萬華區,福星,1,143,0,道路用地(公共設施用地)
萬華區,福星,1,143,1,"第肆種商業區(依都市計畫說明書圖規定辦理,始得作第肆種商業區使用)(原屬第參種商業區)"
萬華區,福星,1,143,2,"第肆種商業區(依都市計畫說明書圖規定辦理,始得作第肆種商業區使用)(原屬第參種商業區),但是否在道路用地(公共設施用地)(應依建築線或俟地籍測量分割後,再確定)"
萬華區,福星,1,144,0,"第肆種商業區(依都市計畫說明書圖規定辦理,始得作第肆種商業區使用)(原屬第參種商業區)"
萬華區,福星,1,144,1,道路用地(公共設施用地)
萬華區,福星,1,144,2,"第肆種商業區(依都市計畫說明書圖規定辦理,始得作第肆種商業區使用)(原屬第參種商業區)"
萬華區,福星,1,144,3,"第肆種商業區(依都市計畫說明書圖規定辦理,始得作第肆種商業區使用)(原屬第參種商業區)"
萬華區,福星,1,145,0,停車場用地(公共設施用地)
萬華區,福星,1,145,1,道路用地(公共設施用地)
萬華區,福星,1,145,2,停車場用地(公共設施用地)
萬華區,福星,1,145,3,"第肆種商業區(依都市計畫說明書圖規定辦理,始得作第肆種商業區使用)(原屬第參種商業區)"
萬華區,福星,1,146,0,停車場用地(公共設施用地)
萬華區,福星,1,147,0,停車場用地(公共設施用地)
萬華區,福星,1,148,0,停車場用地(公共設施用地)
萬華區,福星,1,149,0,停車場用地(公共設施用地)
萬華區,福星,1,150,0,停車場用地(公共設施用地)
萬華區,福星,1,150,1,道路用地(公共設施用地)
萬華區,福星,1,150,2,停車場用地(公共設施用地)
萬華區,福星,1,150,3,停車場用地(公共設施用地)
萬華區,福星,1,151,0,道路用地(公共設施用地)
萬華區,福星,1,151,1,停車場用地(公共設施用地)
萬華區,福星,1,152,0,停車場用地(公共設施用地)
萬華區,福星,1,152,1,道路用地(公共設施用地)
萬華區,福星,1,152,2,停車場用地(公共設施用地)
萬華區,福星,1,153,0,國小用地(公共設施用地)
萬華區,福星,1,154,0,國小用地(公共設施用地)
萬華區,福星,1,157,0,國小用地(公共設施用地)
萬華區,福星,1,163,0,國小用地(公共設施用地)
萬華區,福星,1,166,0,國小用地(公共設施用地)
萬華區,福星,1,172,0,國小用地(公共設施用地)
萬華區,福星,1,177,0,國小用地(公共設施用地)
萬華區,福星,1,179,0,國小用地(公共設施用地)
萬華區,福星,1,180,0,國小用地(公共設施用地)
萬華區,福星,1,193,0,國小用地(公共設施用地)
萬華區,福星,1,195,0,國小用地(公共設施用地)
萬華區,福星,1,207,0,國小用地(公共設施用地)
萬華區,福星,1,224,0,國小用地(公共設施用地)
萬華區,福星,1,233,0,國小用地(公共設施用地)
萬華區,福星,1,238,0,道路用地(公共設施用地)
萬華區,福星,1,238,1,道路用地(公共設施用地)
萬華區,福星,1,238,2,道路用地(公共設施用地)
萬華區,福星,1,238,3,道路用地(公共設施用地)
萬華區,福星,1,238,4,道路用地(公共設施用地)
萬華區,福星,1,238,5,道路用地(公共設施用地)
萬華區,福星,1,238,6,國小用地(公共設施用地)
萬華區,福星,1,239,0,道路用地(公共設施用地)
萬華區,福星,1,239,1,文教區
萬華區,福星,1,240,0,第四種住宅區(特)
萬華區,福星,1,240,1,文教區
萬華區,福星,1,241,1,道路用地(公共設施用地)
萬華區,福星,1,245,0,"第肆種商業區(依都市計畫說明書圖規定辦理,始得作第肆種商業區使用)(原屬第參種商業區)"
萬華區,福星,1,246,0,"第肆種商業區(依都市計畫說明書圖規定辦理,始得作第肆種商業區使用)(原屬第參種商業區)"
萬華區,福星,1,247,0,"第肆種商業區(依都市計畫說明書圖規定辦理,始得作第肆種商業區使用)(原屬第參種商業區)"
萬華區,福星,1,248,0,"第肆種商業區(依都市計畫說明書圖規定辦理,始得作第肆種商業區使用)(原屬第參種商業區)"
萬華區,福星,1,249,0,"第肆種商業區(依都市計畫說明書圖規定辦理,始得作第肆種商業區使用)(原屬第參種商業區)"
萬華區,福星,1,253,0,"第肆種商業區(依都市計畫說明書圖規定辦理,始得作第肆種商業區使用)(原屬第參種商業區)"
萬華區,福星,1,254,0,"第肆種商業區(依都市計畫說明書圖規定辦理,始得作第肆種商業區使用)(原屬第參種商業區)"
萬華區,福星,1,255,0,道路用地(公共設施用地)
萬華區,福星,1,255,1,"第肆種商業區(依都市計畫說明書圖規定辦理,始得作第肆種商業區使用)(原屬第參種商業區)"
萬華區,福星,1,256,0,停車場用地(公共設施用地)
萬華區,福星,1,256,1,道路用地(公共設施用地)
萬華區,福星,1,256,2,停車場用地(公共設施用地)
萬華區,福星,1,256,3,"第肆種商業區(依都市計畫說明書圖規定辦理,始得作第肆種商業區使用)(原屬第參種商業區)"
萬華區,福星,1,256,4,第四種住宅區(特)
萬華區,福星,1,257,0,停車場用地(公共設施用地)
萬華區,福星,1,263,0,停車場用地(公共設施用地)
萬華區,福星,1,264,0,停車場用地(公共設施用地)
萬華區,福星,1,265,0,停車場用地(公共設施用地)
萬華區,福星,1,280,0,"第肆種商業區(依都市計畫說明書圖規定辦理,始得作第肆種商業區使用)(原屬第參種商業區)"
萬華區,福星,1,281,0,"第肆種商業區(依都市計畫說明書圖規定辦理,始得作第肆種商業區使用)(原屬第參種商業區)"
萬華區,福星,1,282,0,"第肆種商業區(依都市計畫說明書圖規定辦理,始得作第肆種商業區使用)(原屬第參種商業區)"
萬華區,福星,1,289,0,"第肆種商業區(依都市計畫說明書圖規定辦理,始得作第肆種商業區使用)(原屬第參種商業區)"
萬華區,福星,1,290,0,"第肆種商業區(依都市計畫說明書圖規定辦理,始得作第肆種商業區使用)(原屬第參種商業區)"
萬華區,福星,1,291,0,"第肆種商業區(依都市計畫說明書圖規定辦理,始得作第肆種商業區使用)(原屬第參種商業區)"
萬華區,福星,1,292,0,"第肆種商業區(依都市計畫說明書圖規定辦理,始得作第肆種商業區使用)(原屬第參種商業區)"
萬華區,福星,1,293,0,"第肆種商業區(依都市計畫說明書圖規定辦理,始得作第肆種商業區使用)(原屬第參種商業區)"
萬華區,福星,1,294,0,"第肆種商業區(依都市計畫說明書圖規定辦理,始得作第肆種商業區使用)(原屬第參種商業區)"
萬華區,福星,1,295,0,"第肆種商業區(依都市計畫說明書圖規定辦理,始得作第肆種商業區使用)(原屬第參種商業區)"
萬華區,福星,1,296,0,"第肆種商業區(依都市計畫說明書圖規定辦理,始得作第肆種商業區使用)(原屬第參種商業區)"
萬華區,福星,1,297,0,"第肆種商業區(依都市計畫說明書圖規定辦理,始得作第肆種商業區使用)(原屬第參種商業區)"
萬華區,福星,1,298,0,"第肆種商業區(依都市計畫說明書圖規定辦理,始得作第肆種商業區使用)(原屬第參種商業區)"
萬華區,福星,1,299,0,"第肆種商業區(依都市計畫說明書圖規定辦理,始得作第肆種商業區使用)(原屬第參種商業區)"
萬華區,福星,1,300,0,"第肆種商業區(依都市計畫說明書圖規定辦理,始得作第肆種商業區使用)(原屬第參種商業區)"
萬華區,福星,1,301,0,"第肆種商業區(依都市計畫說明書圖規定辦理,始得作第肆種商業區使用)(原屬第參種商業區)"
萬華區,福星,1,302,0,"第肆種商業區(依都市計畫說明書圖規定辦理,始得作第肆種商業區使用)(原屬第參種商業區)"
萬華區,福星,1,303,0,"第肆種商業區(依都市計畫說明書圖規定辦理,始得作第肆種商業區使用)(原屬第參種商業區)"
萬華區,福星,1,304,0,"第肆種商業區(依都市計畫說明書圖規定辦理,始得作第肆種商業區使用)(原屬第參種商業區)"
萬華區,福星,1,305,0,停車場用地(公共設施用地)
萬華區,福星,1,305,1,"第肆種商業區(依都市計畫說明書圖規定辦理,始得作第肆種商業區使用)(原屬第參種商業區)"
萬華區,福星,1,306,0,"第肆種商業區(依都市計畫說明書圖規定辦理,始得作第肆種商業區使用)(原屬第參種商業區)"
萬華區,福星,1,307,0,"第肆種商業區(依都市計畫說明書圖規定辦理,始得作第肆種商業區使用)(原屬第參種商業區)"
萬華區,福星,1,308,0,"第肆種商業區(依都市計畫說明書圖規定辦理,始得作第肆種商業區使用)(原屬第參種商業區)"
萬華區,福星,1,309,0,"第肆種商業區(依都市計畫說明書圖規定辦理,始得作第肆種商業區使用)(原屬第參種商業區)"
萬華區,福星,1,310,1,"第肆種商業區(依都市計畫說明書圖規定辦理,始得作第肆種商業區使用)(原屬第參種商業區)"
萬華區,福星,1,311,1,"第肆種商業區(依都市計畫說明書圖規定辦理,始得作第肆種商業區使用)(原屬第參種商業區)"
萬華區,福星,1,322,0,"第肆種商業區(依都市計畫說明書圖規定辦理,始得作第肆種商業區使用)(原屬第參種商業區)"
萬華區,福星,1,323,0,"第肆種商業區(依都市計畫說明書圖規定辦理,始得作第肆種商業區使用)(原屬第參種商業區)"
萬華區,福星,1,324,0,"第肆種商業區(依都市計畫說明書圖規定辦理,始得作第肆種商業區使用)(原屬第參種商業區)"
萬華區,福星,1,333,0,"第肆種商業區(依都市計畫說明書圖規定辦理,始得作第肆種商業區使用)(原屬第參種商業區)"
萬華區,福星,1,334,0,"第肆種商業區(依都市計畫說明書圖規定辦理,始得作第肆種商業區使用)(原屬第參種商業區)"
萬華區,福星,1,335,0,"第肆種商業區(依都市計畫說明書圖規定辦理,始得作第肆種商業區使用)(原屬第參種商業區)"
萬華區,福星,1,336,0,"第肆種商業區(依都市計畫說明書圖規定辦理,始得作第肆種商業區使用)(原屬第參種商業區)"
萬華區,福星,1,337,0,"第肆種商業區(依都市計畫說明書圖規定辦理,始得作第肆種商業區使用)(原屬第參種商業區)"
萬華區,福星,1,338,1,"第肆種商業區(依都市計畫說明書圖規定辦理,始得作第肆種商業區使用)(原屬第參種商業區)"
萬華區,福星,1,343,0,"第肆種商業區(依都市計畫說明書圖規定辦理,始得作第肆種商業區使用)(原屬第參種商業區)"
萬華區,福星,1,344,0,"第肆種商業區(依都市計畫說明書圖規定辦理,始得作第肆種商業區使用)(原屬第參種商業區)"
萬華區,福星,1,345,0,"第肆種商業區(依都市計畫說明書圖規定辦理,始得作第肆種商業區使用)(原屬第參種商業區)"
萬華區,福星,1,351,0,"第肆種商業區(依都市計畫說明書圖規定辦理,始得作第肆種商業區使用)(原屬第參種商業區)"
萬華區,福星,1,352,0,"第肆種商業區(依都市計畫說明書圖規定辦理,始得作第肆種商業區使用)(原屬第參種商業區)"
萬華區,福星,1,353,0,"第肆種商業區(依都市計畫說明書圖規定辦理,始得作第肆種商業區使用)(原屬第參種商業區)"
萬華區,福星,1,354,0,"第肆種商業區(依都市計畫說明書圖規定辦理,始得作第肆種商業區使用)(原屬第參種商業區)"
萬華區,福星,1,355,0,"第肆種商業區(依都市計畫說明書圖規定辦理,始得作第肆種商業區使用)(原屬第參種商業區)"
萬華區,福星,1,355,1,"第肆種商業區(依都市計畫說明書圖規定辦理,始得作第肆種商業區使用)(原屬第參種商業區)"
萬華區,福星,1,357,1,"第肆種商業區(依都市計畫說明書圖規定辦理,始得作第肆種商業區使用)(原屬第參種商業區)"
萬華區,福星,1,359,0,"第肆種商業區(依都市計畫說明書圖規定辦理,始得作第肆種商業區使用)(原屬第參種商業區)"
萬華區,福星,1,368,0,河川區及抽水站用地(公共設施用地)
萬華區,福星,2,1,0,道路用地(公共設施用地)
萬華區,福星,2,2,0,道路用地(公共設施用地)
萬華區,福星,2,3,0,道路用地(公共設施用地)
萬華區,福星,2,4,0,道路用地(公共設施用地)
萬華區,福星,2,4,1,道路用地(公共設施用地)
萬華區,福星,2,4,2,道路用地(公共設施用地)
萬華區,福星,2,5,0,道路用地(公共設施用地)
萬華區,福星,2,5,1,道路用地(公共設施用地)
萬華區,福星,2,5,2,道路用地(公共設施用地)
萬華區,福星,2,6,0,第四種商業區
萬華區,福星,2,8,0,第四種商業區
萬華區,福星,2,9,0,第四種商業區
萬華區,福星,2,10,0,第四種商業區
萬華區,福星,2,13,0,第四種商業區
萬華區,福星,2,13,1,道路用地(公共設施用地)
萬華區,福星,2,17,1,道路用地(公共設施用地)
萬華區,福星,2,18,0,道路用地(公共設施用地)
萬華區,福星,2,19,0,第四種商業區
萬華區,福星,2,19,1,道路用地(公共設施用地)
萬華區,福星,2,25,0,第四種商業區
萬華區,福星,2,25,1,第四種商業區
萬華區,福星,2,29,1,道路用地(公共設施用地)
萬華區,福星,2,30,0,第四種商業區
萬華區,福星,2,30,1,道路用地(公共設施用地)
萬華區,福星,2,31,0,第四種商業區
萬華區,福星,2,32,0,第四種商業區
萬華區,福星,2,33,0,第四種商業區
萬華區,福星,2,34,0,第四種商業區
萬華區,福星,2,35,0,第四種商業區
萬華區,福星,2,36,0,第四種商業區
萬華區,福星,2,37,0,第四種商業區
萬華區,福星,2,38,0,第四種商業區
萬華區,福星,2,40,0,道路用地(公共設施用地)
萬華區,福星,2,41,0,道路用地(公共設施用地)
萬華區,福星,2,42,0,道路用地(公共設施用地)
萬華區,福星,2,43,1,道路用地(公共設施用地)
萬華區,福星,2,43,2,道路用地(公共設施用地)
萬華區,福星,2,44,0,第四種商業區
萬華區,福星,2,44,1,道路用地(公共設施用地)
萬華區,福星,2,45,1,道路用地(公共設施用地)
萬華區,福星,2,46,0,第四種商業區
萬華區,福星,2,46,1,道路用地(公共設施用地)
萬華區,福星,2,47,0,第四種商業區
萬華區,福星,2,47,1,道路用地(公共設施用地)
萬華區,福星,2,48,0,道路用地(公共設施用地)
萬華區,福星,2,48,1,道路用地(公共設施用地)
萬華區,福星,2,48,2,道路用地(公共設施用地)
萬華區,福星,2,48,3,第四種商業區
萬華區,福星,2,49,0,道路用地(公共設施用地)
萬華區,福星,2,49,3,道路用地(公共設施用地)
萬華區,福星,2,49,5,第四種商業區
萬華區,福星,2,50,0,第四種商業區
萬華區,福星,2,50,1,道路用地(公共設施用地)
萬華區,福星,2,52,0,第四種商業區
萬華區,福星,2,54,0,第四種商業區
萬華區,福星,2,55,0,第四種商業區
萬華區,福星,2,55,1,道路用地(公共設施用地)
萬華區,福星,2,57,1,道路用地(公共設施用地)
萬華區,福星,2,57,2,道路用地(公共設施用地)
萬華區,福星,2,58,0,道路用地(公共設施用地)
萬華區,福星,2,59,0,第四種商業區
萬華區,福星,2,59,1,道路用地(公共設施用地)
萬華區,福星,2,60,0,第四種商業區
萬華區,福星,2,60,1,道路用地(公共設施用地)
萬華區,福星,2,61,0,第四種商業區
萬華區,福星,2,62,0,第四種商業區
萬華區,福星,2,63,0,第四種商業區及道路用地(公共設施用地)
萬華區,福星,2,64,0,第四種商業區
萬華區,福星,2,65,0,第四種商業區
萬華區,福星,2,66,0,第四種商業區
萬華區,福星,2,67,0,第四種商業區
萬華區,福星,2,68,0,第四種商業區
萬華區,福星,2,69,0,第四種商業區
萬華區,福星,2,70,0,第四種商業區
萬華區,福星,2,71,0,第四種商業區
萬華區,福星,2,72,0,第四種商業區
萬華區,福星,2,73,0,第四種商業區
萬華區,福星,2,74,0,第四種商業區
萬華區,福星,2,75,0,第四種商業區
萬華區,福星,2,76,0,第四種商業區
萬華區,福星,2,77,0,第四種商業區
萬華區,福星,2,77,1,第四種商業區
萬華區,福星,2,78,0,第四種商業區
萬華區,福星,2,79,0,第四種商業區
萬華區,福星,2,80,1,道路用地(公共設施用地)
萬華區,福星,2,81,0,第四種商業區
萬華區,福星,2,81,1,第四種商業區
萬華區,福星,2,81,2,道路用地(公共設施用地)
萬華區,福星,2,82,0,第四種商業區
萬華區,福星,2,82,1,道路用地(公共設施用地)
萬華區,福星,2,83,0,第四種商業區
萬華區,福星,2,85,0,第四種商業區
萬華區,福星,2,86,0,第四種商業區
萬華區,福星,2,87,0,第四種商業區
萬華區,福星,2,88,0,第四種商業區
萬華區,福星,2,89,0,"第四種商業區,但是否在道路用地(公共設施用地)(應依建築線或俟地籍測量分割後,再確定)"
萬華區,福星,2,90,0,第四種商業區
萬華區,福星,2,90,1,道路用地(公共設施用地)
萬華區,福星,2,91,0,"第四種商業區,但是否在道路用地(公共設施用地)(應依建築線或俟地籍測量分割後,再確定)"
萬華區,福星,2,92,0,道路用地(公共設施用地)
萬華區,福星,2,93,0,道路用地(公共設施用地)
萬華區,福星,2,94,0,道路用地(公共設施用地)
萬華區,福星,2,94,1,第四種商業區
萬華區,福星,2,95,0,第四種商業區
萬華區,福星,2,95,1,道路用地(公共設施用地)
萬華區,福星,2,95,2,第四種商業區
萬華區,福星,2,96,0,道路用地(公共設施用地)
萬華區,福星,2,97,0,第四種商業區
萬華區,福星,2,98,0,第四種商業區
萬華區,福星,2,99,0,第四種商業區
萬華區,福星,2,100,0,道路用地(公共設施用地)
萬華區,福星,2,101,0,道路用地(公共設施用地)
萬華區,福星,2,102,0,道路用地(公共設施用地)
萬華區,福星,2,103,0,第四種商業區
萬華區,福星,2,103,1,道路用地(公共設施用地)
萬華區,福星,2,104,0,第四種商業區
萬華區,福星,2,105,0,第四種商業區
萬華區,福星,2,106,0,第四種商業區
萬華區,福星,2,107,0,第四種商業區
萬華區,福星,2,108,0,第四種商業區
萬華區,福星,2,109,0,第四種商業區
萬華區,福星,2,110,0,第四種商業區
萬華區,福星,2,110,1,道路用地(公共設施用地)
萬華區,福星,2,111,0,第四種商業區
萬華區,福星,2,112,0,第四種商業區
萬華區,福星,2,112,1,道路用地(公共設施用地)
萬華區,福星,2,112,2,道路用地(公共設施用地)
萬華區,福星,2,113,0,第四種商業區
萬華區,福星,2,113,1,道路用地(公共設施用地)
萬華區,福星,2,114,0,道路用地(公共設施用地)
萬華區,福星,2,115,0,道路用地(公共設施用地)
萬華區,福星,2,116,0,第四種商業區
萬華區,福星,2,116,1,道路用地(公共設施用地)
萬華區,福星,2,117,0,第四種商業區
萬華區,福星,2,117,1,道路用地(公共設施用地)
萬華區,福星,2,118,0,第四種商業區
萬華區,福星,2,119,0,第四種商業區
萬華區,福星,2,120,0,第四種商業區
萬華區,福星,2,121,0,第四種商業區
萬華區,福星,2,122,0,第四種商業區
萬華區,福星,2,122,1,道路用地(公共設施用地)
萬華區,福星,2,123,0,第四種商業區
萬華區,福星,2,124,0,第四種商業區
萬華區,福星,2,124,1,道路用地(公共設施用地)
萬華區,福星,2,125,0,第四種商業區
萬華區,福星,2,125,1,道路用地(公共設施用地)
萬華區,福星,2,126,0,第四種商業區
萬華區,福星,2,127,0,道路用地(公共設施用地)
萬華區,福星,2,127,1,第四種商業區
萬華區,福星,2,128,0,道路用地(公共設施用地)
萬華區,福星,2,128,1,第四種商業區
萬華區,福星,2,129,0,第四種商業區
萬華區,福星,2,130,0,第四種商業區
萬華區,福星,2,130,1,道路用地(公共設施用地)
萬華區,福星,2,131,0,第四種商業區
萬華區,福星,2,131,1,道路用地(公共設施用地)
萬華區,福星,2,132,0,第四種商業區
萬華區,福星,2,132,1,道路用地(公共設施用地)
萬華區,福星,2,133,0,道路用地(公共設施用地)
萬華區,福星,2,134,0,第四種商業區
萬華區,福星,2,135,0,第四種商業區
萬華區,福星,2,136,0,第四種商業區
萬華區,福星,2,137,0,第四種商業區
萬華區,福星,2,138,0,第四種商業區
萬華區,福星,2,139,0,第四種商業區
萬華區,福星,2,140,0,第四種商業區
萬華區,福星,2,140,1,道路用地(公共設施用地)
萬華區,福星,2,141,0,第四種商業區
萬華區,福星,2,141,1,道路用地(公共設施用地)
萬華區,福星,2,142,0,第四種商業區
萬華區,福星,2,143,0,第四種商業區
萬華區,福星,2,144,0,第四種商業區
萬華區,福星,2,145,0,第四種商業區
萬華區,福星,2,146,0,第四種商業區
萬華區,福星,2,146,1,第四種商業區
萬華區,福星,2,147,0,第四種商業區
萬華區,福星,2,147,1,第四種商業區
萬華區,福星,2,148,0,道路用地(公共設施用地)
萬華區,福星,2,148,1,道路用地(公共設施用地)
萬華區,福星,2,148,2,道路用地(公共設施用地)
萬華區,福星,2,148,3,道路用地(公共設施用地)
萬華區,福星,2,149,0,第四種商業區
萬華區,福星,2,150,0,道路用地(公共設施用地)
萬華區,福星,2,150,1,道路用地(公共設施用地)
萬華區,福星,2,151,0,"第四種商業區,但是否在道路用地(公共設施用地)(應依建築線或俟地籍測量分割後,再確定)"
萬華區,福星,2,152,0,道路用地(公共設施用地)
萬華區,福星,2,153,0,第四種商業區
萬華區,福星,2,154,0,第四種商業區
萬華區,福星,2,155,0,道路用地(公共設施用地)
萬華區,福星,2,156,0,道路用地(公共設施用地)
萬華區,福星,2,157,0,第四種商業區
萬華區,福星,2,158,0,第四種商業區
萬華區,福星,2,159,0,道路用地(公共設施用地)
萬華區,福星,2,160,0,"道路用地(公共設施用地),但是否在第四種商業區(應依建築線或俟地籍測量分割後,再確定)"
萬華區,福星,2,161,0,第四種商業區
萬華區,福星,2,162,0,"道路用地(公共設施用地),但是否在第四種商業區(應依建築線或俟地籍測量分割後,再確定)"
萬華區,福星,2,163,0,道路用地(公共設施用地)
萬華區,福星,2,163,1,第四種商業區
萬華區,福星,2,163,2,第四種商業區
萬華區,福星,2,163,3,第四種商業區
萬華區,福星,2,164,0,第四種商業區
萬華區,福星,2,165,0,第四種商業區
萬華區,福星,2,166,0,第四種商業區
萬華區,福星,2,167,0,第四種商業區
萬華區,福星,2,168,0,第四種商業區
萬華區,福星,2,169,0,第四種商業區
萬華區,福星,2,169,1,第四種商業區
萬華區,福星,2,170,0,道路用地(公共設施用地)
萬華區,福星,2,171,0,道路用地(公共設施用地)
萬華區,福星,2,172,0,第四種商業區
萬華區,福星,2,173,0,第四種商業區
萬華區,福星,2,176,0,道路用地(公共設施用地)
萬華區,福星,2,177,0,道路用地(公共設施用地)
萬華區,福星,2,178,1,道路用地(公共設施用地)
萬華區,福星,2,180,0,道路用地(公共設施用地)
萬華區,福星,2,181,1,道路用地(公共設施用地)
萬華區,福星,2,182,0,道路用地(公共設施用地)
萬華區,福星,2,183,0,道路用地(公共設施用地)
萬華區,福星,2,184,0,道路用地(公共設施用地)
萬華區,福星,2,185,0,道路用地(公共設施用地)
萬華區,福星,2,186,0,第四種商業區
萬華區,福星,2,187,1,道路用地(公共設施用地)
萬華區,福星,2,187,2,道路用地(公共設施用地)
萬華區,福星,2,191,1,道路用地(公共設施用地)
萬華區,福星,2,193,0,道路用地(公共設施用地)
萬華區,福星,2,194,0,第四種商業區
萬華區,福星,2,194,1,道路用地(公共設施用地)
萬華區,福星,2,195,0,第四種商業區
萬華區,福星,2,195,1,道路用地(公共設施用地)
萬華區,福星,2,195,2,道路用地(公共設施用地)
萬華區,福星,2,195,3,道路用地(公共設施用地)
萬華區,福星,2,197,0,第四種商業區
萬華區,福星,2,198,0,第四種商業區
萬華區,福星,2,199,0,第四種商業區
萬華區,福星,2,200,0,第四種商業區
萬華區,福星,2,201,0,第四種商業區
萬華區,福星,2,202,0,第四種商業區
萬華區,福星,2,203,0,第四種商業區
萬華區,福星,2,204,0,第四種商業區
萬華區,福星,2,205,0,第四種商業區
萬華區,福星,2,206,0,第四種商業區
萬華區,福星,2,207,0,第四種商業區
萬華區,福星,2,208,0,第四種商業區
萬華區,福星,2,209,0,第四種商業區
萬華區,福星,2,210,0,第四種商業區
萬華區,福星,2,211,0,第四種商業區
萬華區,福星,2,212,0,第四種商業區
萬華區,福星,2,213,0,第四種商業區
萬華區,福星,2,214,0,第四種商業區
萬華區,福星,2,215,0,第四種商業區
萬華區,福星,2,216,0,第四種商業區
萬華區,福星,2,218,0,第四種商業區
萬華區,福星,2,220,0,第四種商業區
萬華區,福星,2,221,0,第四種商業區
萬華區,福星,2,222,0,第四種商業區
萬華區,福星,2,223,0,第四種商業區
萬華區,福星,2,224,0,第四種商業區
萬華區,福星,2,225,0,第四種商業區
萬華區,福星,2,226,0,第四種商業區
萬華區,福星,2,227,0,第四種商業區
萬華區,福星,2,228,0,第四種商業區
萬華區,福星,2,229,0,第四種商業區
萬華區,福星,2,230,0,道路用地(公共設施用地)
萬華區,福星,2,231,0,道路用地(公共設施用地)
萬華區,福星,2,232,0,道路用地(公共設施用地)
萬華區,福星,2,233,0,第四種商業區
萬華區,福星,2,233,1,道路用地(公共設施用地)
萬華區,福星,2,234,0,道路用地(公共設施用地)
萬華區,福星,2,235,0,第四種商業區
萬華區,福星,2,235,1,"第四種商業區,但是否在道路用地(公共設施用地)(應依建築線或俟地籍測量分割後,再確定)"
萬華區,福星,2,235,2,道路用地(公共設施用地)
萬華區,福星,2,235,3,第四種商業區
萬華區,福星,2,235,4,第四種商業區
萬華區,福星,2,235,5,第四種商業區
萬華區,福星,2,235,6,第四種商業區
萬華區,福星,2,235,7,第四種商業區
萬華區,福星,2,235,8,第四種商業區
萬華區,福星,2,235,9,第四種商業區
萬華區,福星,2,235,10,第四種商業區
萬華區,福星,2,235,11,第四種商業區
萬華區,福星,2,235,12,第四種商業區
萬華區,福星,2,235,13,第四種商業區
萬華區,福星,2,236,0,第四種商業區
萬華區,福星,2,237,0,第四種商業區
萬華區,福星,2,238,0,第四種商業區
萬華區,福星,2,239,0,第四種商業區
萬華區,福星,2,240,0,第四種商業區
萬華區,福星,2,241,0,第四種商業區
萬華區,福星,2,242,0,第四種商業區
萬華區,福星,2,243,0,第四種商業區
萬華區,福星,2,244,0,第四種商業區
萬華區,福星,2,245,0,第四種商業區
萬華區,福星,2,245,1,道路用地(公共設施用地)
萬華區,福星,2,245,2,第四種商業區
萬華區,福星,2,246,0,第四種商業區
萬華區,福星,2,246,1,道路用地(公共設施用地)
萬華區,福星,2,246,2,第四種商業區
萬華區,福星,2,247,0,第四種商業區
萬華區,福星,2,247,1,道路用地(公共設施用地)
萬華區,福星,2,247,2,第四種商業區
萬華區,福星,2,248,0,第四種商業區
萬華區,福星,2,248,1,道路用地(公共設施用地)
萬華區,福星,2,248,2,第四種商業區
萬華區,福星,2,249,0,第四種商業區
萬華區,福星,2,249,1,道路用地(公共設施用地)
萬華區,福星,2,250,0,第四種商業區
萬華區,福星,2,251,0,第四種商業區
萬華區,福星,2,251,1,第四種商業區
萬華區,福星,2,251,2,第四種商業區
萬華區,福星,2,253,0,第四種商業區
萬華區,福星,2,254,0,第四種商業區
萬華區,福星,2,255,0,第四種商業區
萬華區,福星,2,255,1,道路用地(公共設施用地)
萬華區,福星,2,256,0,道路用地(公共設施用地)
萬華區,福星,2,257,0,第四種商業區
萬華區,福星,2,257,1,道路用地(公共設施用地)
萬華區,福星,2,258,0,第四種商業區
萬華區,福星,2,259,0,第四種商業區
萬華區,福星,2,260,0,第四種商業區
萬華區,福星,2,261,0,第四種商業區
萬華區,福星,2,262,0,第四種商業區
萬華區,福星,2,263,0,第四種商業區
萬華區,福星,2,264,0,第四種商業區
萬華區,福星,2,265,0,第四種商業區
萬華區,福星,2,265,1,第四種商業區
萬華區,福星,2,266,0,第四種商業區
萬華區,福星,2,266,1,第四種商業區
萬華區,福星,2,267,0,第四種商業區
萬華區,福星,2,267,1,第四種商業區
萬華區,福星,2,268,0,第四種商業區
萬華區,福星,2,268,1,第四種商業區
萬華區,福星,2,269,0,第四種商業區
萬華區,福星,2,269,1,第四種商業區
萬華區,福星,2,270,0,第四種商業區
萬華區,福星,2,270,1,第四種商業區
萬華區,福星,2,271,0,道路用地(公共設施用地)
萬華區,福星,2,272,0,道路用地(公共設施用地)
萬華區,福星,2,273,0,道路用地(公共設施用地)
萬華區,福星,2,274,0,第四種商業區
萬華區,福星,2,274,1,道路用地(公共設施用地)
萬華區,福星,2,274,2,第四種商業區
萬華區,福星,2,275,0,第四種商業區
萬華區,福星,2,276,0,第四種商業區
萬華區,福星,2,277,0,第四種商業區
萬華區,福星,2,278,0,第四種商業區
萬華區,福星,2,279,0,第四種商業區
萬華區,福星,2,280,0,第四種商業區
萬華區,福星,2,281,0,第四種商業區
萬華區,福星,2,282,0,第四種商業區
萬華區,福星,2,283,0,第四種商業區
萬華區,福星,2,284,0,第四種商業區
萬華區,福星,2,285,0,第四種商業區
萬華區,福星,2,286,0,第四種商業區
萬華區,福星,2,287,0,第四種商業區
萬華區,福星,2,288,0,第四種商業區
萬華區,福星,2,289,0,第四種商業區
萬華區,福星,2,290,0,第四種商業區
萬華區,福星,2,291,0,第四種商業區
萬華區,福星,2,292,0,第四種商業區
萬華區,福星,2,293,0,第四種商業區
萬華區,福星,2,294,0,第四種商業區
萬華區,福星,2,294,1,道路用地(公共設施用地)
萬華區,福星,2,295,0,第四種商業區
萬華區,福星,2,295,1,道路用地(公共設施用地)
萬華區,福星,2,296,0,"第四種商業區,但是否在道路用地(公共設施用地)(應依建築線或俟地籍測量分割後,再確定)"
萬華區,福星,2,296,1,道路用地(公共設施用地)
萬華區,福星,2,297,1,道路用地(公共設施用地)
萬華區,福星,2,298,0,道路用地(公共設施用地)
萬華區,福星,2,299,0,第四種商業區
萬華區,福星,2,300,0,第四種商業區
萬華區,福星,2,300,1,道路用地(公共設施用地)
萬華區,福星,2,301,0,第四種商業區
萬華區,福星,2,301,1,道路用地(公共設施用地)
萬華區,福星,2,302,0,第四種商業區
萬華區,福星,2,302,1,道路用地(公共設施用地)
萬華區,福星,2,303,0,道路用地(公共設施用地)
萬華區,福星,2,304,0,第四種商業區
萬華區,福星,2,304,1,道路用地(公共設施用地)
萬華區,福星,2,305,0,第四種商業區
萬華區,福星,2,311,1,道路用地(公共設施用地)
萬華區,福星,2,312,1,道路用地(公共設施用地)
萬華區,福星,2,313,0,道路用地(公共設施用地)
萬華區,福星,2,314,0,第四種商業區
萬華區,福星,2,314,1,道路用地(公共設施用地)
萬華區,福星,2,315,0,道路用地(公共設施用地)
萬華區,福星,2,316,0,第四種商業區
萬華區,福星,2,316,1,第四種商業區
萬華區,福星,2,318,0,第四種商業區
萬華區,福星,2,319,0,第四種商業區
萬華區,福星,2,320,0,第四種商業區
萬華區,福星,2,321,0,第四種商業區
萬華區,福星,2,322,0,第四種商業區
萬華區,福星,2,323,0,第四種商業區
萬華區,福星,2,324,0,第四種商業區
萬華區,福星,2,325,0,第四種商業區
萬華區,福星,2,326,0,第四種商業區
萬華區,福星,2,327,0,第四種商業區
萬華區,福星,2,328,0,第四種商業區
萬華區,福星,2,329,0,第四種商業區
萬華區,福星,2,330,0,第四種商業區
萬華區,福星,2,331,0,第四種商業區
萬華區,福星,2,332,0,第四種商業區
萬華區,福星,2,332,1,第四種商業區
萬華區,福星,2,332,2,第四種商業區
萬華區,福星,2,333,0,第四種商業區
萬華區,福星,2,334,0,第四種商業區
萬華區,福星,2,335,0,第四種商業區
萬華區,福星,2,336,0,第四種商業區
萬華區,福星,2,337,0,第四種商業區
萬華區,福星,2,338,0,道路用地(公共設施用地)
萬華區,福星,2,339,0,第四種商業區
萬華區,福星,2,340,0,第四種商業區
萬華區,福星,2,341,0,第四種商業區
萬華區,福星,2,342,0,第四種商業區
萬華區,福星,2,343,0,第四種商業區
萬華區,福星,2,344,0,第四種商業區
萬華區,福星,2,345,0,第四種商業區
萬華區,福星,2,346,0,第四種商業區
萬華區,福星,2,347,0,第四種商業區
萬華區,福星,2,348,0,第四種商業區
萬華區,福星,2,349,0,第四種商業區
萬華區,福星,2,350,0,第四種商業區
萬華區,福星,2,351,0,第四種商業區
萬華區,福星,2,352,0,第四種商業區
萬華區,福星,2,353,0,第四種商業區
萬華區,福星,2,354,0,第四種商業區
萬華區,福星,2,355,0,第四種商業區
萬華區,福星,2,356,0,第四種商業區
萬華區,福星,2,357,0,第四種商業區
萬華區,福星,2,358,0,第四種商業區
萬華區,福星,2,359,0,第四種商業區
萬華區,福星,2,360,0,第四種商業區
萬華區,福星,2,361,0,第四種商業區
萬華區,福星,2,362,0,第四種商業區
萬華區,福星,2,363,0,第四種商業區
萬華區,福星,2,364,0,第四種商業區
萬華區,福星,2,364,1,道路用地(公共設施用地)
萬華區,福星,2,365,0,第四種商業區
萬華區,福星,2,366,0,第四種商業區
萬華區,福星,2,367,0,第四種商業區
萬華區,福星,2,368,0,第四種商業區
萬華區,福星,2,369,0,第四種商業區
萬華區,福星,2,387,0,道路用地(公共設施用地)
萬華區,福星,2,388,0,第四種商業區
萬華區,福星,2,391,0,第四種商業區
萬華區,福星,2,392,1,第四種商業區
萬華區,福星,2,393,0,第四種商業區
萬華區,福星,2,393,1,第四種商業區
萬華區,福星,2,394,0,第四種商業區
萬華區,福星,2,394,1,第四種商業區
萬華區,福星,2,395,0,第四種商業區
萬華區,福星,2,395,1,第四種商業區
萬華區,福星,2,396,0,第四種商業區
萬華區,福星,2,396,1,第四種商業區
萬華區,福星,2,397,0,第四種商業區
萬華區,福星,2,397,1,第四種商業區
萬華區,福星,2,398,0,第四種商業區
萬華區,福星,2,406,0,第四種商業區
萬華區,福星,2,407,0,第四種商業區
萬華區,福星,2,407,1,道路用地(公共設施用地)
萬華區,福星,2,408,0,第四種商業區
萬華區,福星,2,408,1,道路用地(公共設施用地)
萬華區,福星,2,409,0,第四種商業區
萬華區,福星,2,409,1,道路用地(公共設施用地)
萬華區,福星,2,410,0,第四種商業區
萬華區,福星,2,411,0,第四種商業區
萬華區,福星,2,415,1,道路用地(公共設施用地)
萬華區,福星,2,416,1,道路用地(公共設施用地)
萬華區,福星,2,417,1,道路用地(公共設施用地)
萬華區,福星,2,426,0,公園用地(公共設施用地)
萬華區,福星,2,427,0,公園用地(公共設施用地)
萬華區,福星,2,428,0,公園用地(公共設施用地)
萬華區,福星,2,429,0,公園用地(公共設施用地)
萬華區,福星,2,430,0,"道路用地(公共設施用地),但是否在第四種商業區(應依建築線或俟地籍測量分割後,再確定)"
萬華區,福星,2,430,2,第四種商業區
萬華區,福星,2,431,0,第四種商業區
萬華區,福星,2,435,3,第四種商業區
萬華區,福星,2,435,6,道路用地(公共設施用地)
萬華區,福星,2,435,7,道路用地(公共設施用地)
萬華區,福星,2,435,8,道路用地(公共設施用地)
萬華區,福星,2,436,0,道路用地(公共設施用地)
萬華區,福星,2,436,1,道路用地(公共設施用地)
萬華區,福星,2,437,0,道路用地(公共設施用地)
萬華區,福星,2,437,1,第四種商業區
萬華區,福星,2,438,0,道路用地(公共設施用地)
萬華區,福星,2,439,0,第四種商業區
萬華區,福星,2,440,0,第四種商業區
萬華區,福星,2,441,0,第四種商業區
萬華區,福星,2,442,0,第四種商業區
萬華區,福星,2,443,0,第四種商業區
萬華區,福星,2,444,0,第四種商業區及道路用地(公共設施用地)
萬華區,福星,2,445,0,道路用地(公共設施用地)
萬華區,福星,2,445,1,道路用地(公共設施用地)
萬華區,福星,2,445,2,道路用地(公共設施用地)
萬華區,福星,2,445,3,道路用地(公共設施用地)
萬華區,福星,2,445,4,道路用地(公共設施用地)
萬華區,福星,2,445,5,道路用地(公共設施用地)
萬華區,福星,2,446,0,第四種商業區及道路用地(公共設施用地)
萬華區,福星,2,447,0,第四種商業區
萬華區,福星,2,448,0,第四種商業區
萬華區,福星,2,449,0,第四種商業區
萬華區,福星,2,450,0,第四種商業區
萬華區,福星,2,450,1,第四種商業區
萬華區,福星,2,451,0,第四種商業區
萬華區,福星,2,452,0,第四種商業區
萬華區,福星,2,453,0,第四種商業區
萬華區,福星,2,454,0,第四種商業區
萬華區,福星,2,455,0,第四種商業區
萬華區,福星,2,456,0,第四種商業區
萬華區,福星,2,456,1,道路用地(公共設施用地)
萬華區,福星,2,456,2,道路用地(公共設施用地)
萬華區,福星,2,457,0,第四種商業區
萬華區,福星,2,457,1,道路用地(公共設施用地)
萬華區,福星,2,457,2,道路用地(公共設施用地)
萬華區,福星,2,458,0,第四種商業區
萬華區,福星,2,458,1,道路用地(公共設施用地)
萬華區,福星,2,458,2,道路用地(公共設施用地)
萬華區,福星,2,459,0,第四種商業區
萬華區,福星,2,459,1,道路用地(公共設施用地)
萬華區,福星,2,459,2,道路用地(公共設施用地)
萬華區,福星,2,460,0,第四種商業區
萬華區,福星,2,460,1,道路用地(公共設施用地)
萬華區,福星,2,460,2,道路用地(公共設施用地)
萬華區,福星,2,461,0,第四種商業區
萬華區,福星,2,461,1,道路用地(公共設施用地)
萬華區,福星,2,461,2,道路用地(公共設施用地)
萬華區,福星,2,462,0,第四種商業區
萬華區,福星,2,462,1,道路用地(公共設施用地)
萬華區,福星,2,462,2,道路用地(公共設施用地)
萬華區,福星,2,463,0,第四種商業區
萬華區,福星,2,463,1,道路用地(公共設施用地)
萬華區,福星,2,463,2,道路用地(公共設施用地)
萬華區,福星,2,464,0,第四種商業區
萬華區,福星,2,465,0,第四種商業區
萬華區,福星,2,466,0,第四種商業區
萬華區,福星,2,466,1,道路用地(公共設施用地)
萬華區,福星,2,467,0,第四種商業區
萬華區,福星,2,467,1,第四種商業區
萬華區,福星,2,467,2,第四種商業區
萬華區,福星,2,467,3,道路用地(公共設施用地)
萬華區,福星,2,467,4,道路用地(公共設施用地)
萬華區,福星,2,468,0,第四種商業區
萬華區,福星,2,469,0,第四種商業區
萬華區,福星,2,470,0,第四種商業區
萬華區,福星,2,471,0,第四種商業區
萬華區,福星,2,471,1,第四種商業區
萬華區,福星,2,471,2,道路用地(公共設施用地)
萬華區,福星,2,472,0,第四種商業區
萬華區,福星,2,473,0,第四種商業區
萬華區,福星,2,474,0,第四種商業區
萬華區,福星,2,475,0,第四種商業區
萬華區,福星,2,476,0,第四種商業區
萬華區,福星,2,477,0,第四種商業區
萬華區,福星,2,478,0,第四種商業區
萬華區,福星,2,482,0,第四種商業區
萬華區,福星,2,483,0,第四種商業區
萬華區,福星,2,484,0,第四種商業區
萬華區,福星,2,485,0,第四種商業區
萬華區,福星,2,485,1,第四種商業區
萬華區,福星,2,486,0,第四種商業區
萬華區,福星,2,487,0,第四種商業區
萬華區,福星,2,488,0,第四種商業區及道路用地(公共設施用地)
萬華區,福星,2,490,0,第四種商業區
萬華區,福星,2,492,0,第四種商業區及道路用地(公共設施用地)
萬華區,福星,2,493,0,第四種商業區
萬華區,福星,2,503,0,第四種商業區
萬華區,福星,2,504,0,第四種商業區
萬華區,福星,2,506,0,第四種商業區
萬華區,福星,2,507,0,第四種商業區
萬華區,福星,2,508,0,第四種商業區
萬華區,福星,2,509,0,第四種商業區
萬華區,福星,2,510,0,第四種商業區
萬華區,福星,2,511,0,第四種商業區
萬華區,福星,2,512,0,第四種商業區
萬華區,福星,2,512,1,道路用地(公共設施用地)
萬華區,福星,2,512,2,道路用地(公共設施用地)
萬華區,福星,2,513,0,道路用地(公共設施用地)
萬華區,福星,2,514,0,第四種商業區
萬華區,福星,2,515,0,第四種商業區
萬華區,福星,2,516,0,第四種商業區
萬華區,福星,2,516,1,道路用地(公共設施用地)
萬華區,福星,2,517,0,第四種商業區
萬華區,福星,2,518,0,第四種商業區
萬華區,福星,2,518,1,道路用地(公共設施用地)
萬華區,福星,2,519,0,道路用地(公共設施用地)
萬華區,福星,2,520,0,第四種商業區
萬華區,福星,2,520,1,道路用地(公共設施用地)
萬華區,福星,2,521,1,道路用地(公共設施用地)
萬華區,福星,2,522,1,道路用地(公共設施用地)
萬華區,福星,2,523,1,道路用地(公共設施用地)
萬華區,福星,2,524,1,道路用地(公共設施用地)
萬華區,福星,2,525,1,道路用地(公共設施用地)
萬華區,福星,2,526,1,道路用地(公共設施用地)
萬華區,福星,2,530,0,第四種商業區
萬華區,福星,2,532,0,第四種商業區
萬華區,福星,2,533,0,第四種商業區
萬華區,福星,2,538,1,道路用地(公共設施用地)
萬華區,福星,2,540,1,道路用地(公共設施用地)
萬華區,福星,2,542,0,第四種商業區
萬華區,福星,2,542,1,道路用地(公共設施用地)
萬華區,福星,2,543,0,第四種商業區
萬華區,福星,2,544,0,第四種商業區
萬華區,福星,2,545,0,第四種商業區
萬華區,福星,2,545,1,道路用地(公共設施用地)
萬華區,福星,2,546,0,道路用地(公共設施用地)
萬華區,福星,2,547,0,第四種商業區
萬華區,福星,2,549,0,道路用地(公共設施用地)
萬華區,福星,2,550,0,道路用地(公共設施用地)
萬華區,福星,2,551,0,第四種商業區
萬華區,福星,2,552,0,第四種商業區
萬華區,福星,2,554,0,第四種商業區
萬華區,福星,2,555,0,道路用地(公共設施用地)
萬華區,福星,2,555,1,第四種商業區
萬華區,福星,2,555,2,第四種商業區
萬華區,福星,2,555,3,第四種商業區
萬華區,福星,2,555,4,第四種商業區
萬華區,福星,2,556,0,第四種商業區
萬華區,福星,2,558,0,第四種商業區
萬華區,福星,2,559,0,第四種商業區
萬華區,福星,2,560,0,第四種商業區
萬華區,福星,2,560,1,道路用地(公共設施用地)
萬華區,福星,2,561,0,第四種商業區
萬華區,福星,2,562,0,第四種商業區
萬華區,福星,2,568,0,第四種商業區
萬華區,福星,2,572,0,第四種商業區
萬華區,福星,2,572,1,第四種商業區
萬華區,福星,2,572,2,第四種商業區
萬華區,福星,2,572,3,第四種商業區
萬華區,福星,2,573,0,第四種商業區
萬華區,福星,2,574,0,第四種商業區
萬華區,福星,2,575,0,第四種商業區
萬華區,福星,2,576,0,第四種商業區
萬華區,福星,2,577,0,第四種商業區
萬華區,福星,2,578,0,第四種商業區
萬華區,福星,2,578,1,第四種商業區
萬華區,福星,2,578,2,第四種商業區
萬華區,福星,2,579,0,第四種商業區
萬華區,福星,2,580,0,第四種商業區
萬華區,福星,2,581,0,第四種商業區
萬華區,福星,2,582,0,第四種商業區
萬華區,福星,2,583,0,第四種商業區
萬華區,福星,2,583,1,第四種商業區
萬華區,福星,2,584,0,第四種商業區
萬華區,福星,2,585,0,第四種商業區
萬華區,福星,2,585,1,第四種商業區
萬華區,福星,2,585,2,第四種商業區
萬華區,福星,2,585,3,第四種商業區
萬華區,福星,2,585,4,第四種商業區
萬華區,福星,2,585,6,第四種商業區
萬華區,福星,2,586,0,第四種商業區
萬華區,福星,2,587,0,第四種商業區
萬華區,福星,2,588,0,第四種商業區
萬華區,福星,2,589,0,第四種商業區
萬華區,福星,2,590,0,第四種商業區
萬華區,福星,2,591,0,第四種商業區
萬華區,福星,2,592,0,第四種商業區
萬華區,福星,2,593,0,第四種商業區
萬華區,福星,2,594,0,第四種商業區
萬華區,福星,2,595,0,第四種商業區
萬華區,福星,2,596,0,第四種商業區
萬華區,福星,2,596,1,第四種商業區
萬華區,福星,2,596,2,第四種商業區
萬華區,福星,2,597,0,第四種商業區
萬華區,福星,2,598,0,第四種商業區
萬華區,福星,2,599,0,第四種商業區
萬華區,福星,2,600,0,第四種商業區
萬華區,福星,2,601,0,第四種商業區
萬華區,福星,2,602,0,第四種商業區
萬華區,福星,2,603,0,第四種商業區
萬華區,福星,2,604,0,第四種商業區
萬華區,福星,2,605,0,第四種商業區
萬華區,福星,2,606,0,第四種商業區
萬華區,福星,2,607,0,第四種商業區
萬華區,福星,2,608,0,第四種商業區
萬華區,福星,2,609,0,第四種商業區
萬華區,福星,2,610,0,第四種商業區
萬華區,福星,2,611,0,第四種商業區
萬華區,福星,2,612,0,第四種商業區
萬華區,福星,2,613,0,第四種商業區
萬華區,福星,2,614,0,第四種商業區
萬華區,福星,2,615,0,第四種商業區
萬華區,福星,2,616,0,第四種商業區
萬華區,福星,2,617,0,第四種商業區
萬華區,福星,2,618,0,第四種商業區
萬華區,福星,2,619,1,道路用地(公共設施用地)
萬華區,福星,2,619,2,道路用地(公共設施用地)
萬華區,福星,2,619,5,道路用地(公共設施用地)
萬華區,福星,2,625,1,道路用地(公共設施用地)
萬華區,福星,2,627,0,道路用地(公共設施用地)
萬華區,福星,2,627,1,道路用地(公共設施用地)
萬華區,福星,2,627,2,道路用地(公共設施用地)
萬華區,福星,2,628,0,道路用地(公共設施用地)
萬華區,福星,2,629,0,第四種商業區
萬華區,福星,2,629,1,道路用地(公共設施用地)
萬華區,福星,2,630,0,第四種商業區
萬華區,福星,2,630,1,道路用地(公共設施用地)
萬華區,福星,2,631,0,第四種商業區
萬華區,福星,2,631,1,道路用地(公共設施用地)
萬華區,福星,2,632,0,第四種商業區
萬華區,福星,2,632,1,道路用地(公共設施用地)
萬華區,福星,2,633,0,第四種商業區
萬華區,福星,2,634,0,第四種商業區
萬華區,福星,2,635,0,第四種商業區
萬華區,福星,2,636,0,第四種商業區
萬華區,福星,2,637,0,第四種商業區
萬華區,福星,2,637,1,道路用地(公共設施用地)
萬華區,福星,2,638,0,第四種商業區
萬華區,福星,2,638,1,道路用地(公共設施用地)
萬華區,福星,2,639,0,第四種商業區
萬華區,福星,2,640,0,第四種商業區
萬華區,福星,2,641,0,第四種商業區
萬華區,福星,2,642,0,第四種商業區
萬華區,福星,2,643,0,第四種商業區
萬華區,福星,2,643,1,道路用地(公共設施用地)
萬華區,福星,2,644,0,第四種商業區
萬華區,福星,2,645,0,第四種商業區
萬華區,福星,2,646,0,第四種商業區
萬華區,福星,2,647,0,第四種商業區
萬華區,福星,2,648,0,第四種商業區
萬華區,福星,2,649,0,第四種商業區
萬華區,福星,2,650,0,第四種商業區
萬華區,福星,2,651,0,第四種商業區
萬華區,福星,2,652,0,第四種商業區
萬華區,福星,2,653,0,第四種商業區
萬華區,福星,2,653,1,道路用地(公共設施用地)
萬華區,福星,2,653,2,道路用地(公共設施用地)
萬華區,福星,2,653,3,道路用地(公共設施用地)
萬華區,福星,2,653,4,道路用地(公共設施用地)
萬華區,福星,2,653,5,道路用地(公共設施用地)
萬華區,福星,2,653,6,第四種商業區
萬華區,福星,2,654,0,道路用地(公共設施用地)
萬華區,福星,2,654,1,第四種商業區
萬華區,福星,2,655,0,道路用地(公共設施用地)
萬華區,福星,2,656,0,第四種商業區
萬華區,福星,2,656,1,第四種商業區
萬華區,福星,2,657,0,第四種商業區
萬華區,福星,2,658,0,第四種商業區
萬華區,福星,2,659,0,第四種商業區
萬華區,福星,2,660,0,第四種商業區
萬華區,福星,2,661,0,第四種商業區
萬華區,福星,2,662,0,第四種商業區
萬華區,福星,2,663,0,第四種商業區
萬華區,福星,2,664,0,第四種商業區
萬華區,福星,2,665,0,第四種商業區
萬華區,福星,2,666,0,第四種商業區
萬華區,福星,2,667,0,第四種商業區
萬華區,福星,2,668,0,第四種商業區
萬華區,福星,2,669,0,第四種商業區
萬華區,福星,2,670,0,第四種商業區
萬華區,福星,2,671,0,第四種商業區
萬華區,福星,2,672,0,第四種商業區
萬華區,福星,2,673,0,第四種商業區
萬華區,福星,2,673,1,第四種商業區
萬華區,福星,2,674,0,"第肆種商業區(依都市計畫說明書圖規定辦理,始得作第肆種商業區使用)"
萬華區,福星,2,674,1,道路用地(公共設施用地)
萬華區,福星,2,675,0,"第肆種商業區(依都市計畫說明書圖規定辦理,始得作第肆種商業區使用)"
萬華區,福星,2,675,1,道路用地(公共設施用地)
萬華區,福星,2,676,0,第四種商業區及道路用地(公共設施用地)
萬華區,福星,2,677,0,第四種商業區
萬華區,福星,2,678,0,第四種商業區
萬華區,福星,2,678,1,第四種商業區
萬華區,福星,2,679,0,第四種商業區
萬華區,福星,2,680,0,第四種商業區
萬華區,福星,2,681,0,第四種商業區
萬華區,福星,2,682,0,第四種商業區
萬華區,福星,2,683,0,第四種商業區
萬華區,福星,2,684,0,第四種商業區
萬華區,福星,2,685,0,第四種商業區
萬華區,福星,2,686,0,第四種商業區
萬華區,福星,2,688,1,第四種商業區
萬華區,福星,2,691,0,第四種商業區
萬華區,福星,2,692,0,第四種商業區
萬華區,福星,2,693,0,第四種商業區
萬華區,福星,2,694,0,第四種商業區
萬華區,福星,2,695,0,第四種商業區
萬華區,福星,2,696,0,第四種商業區
萬華區,福星,2,697,0,第四種商業區
萬華區,福星,2,698,0,第四種商業區
萬華區,福星,2,699,0,第四種商業區
萬華區,福星,2,699,1,道路用地(公共設施用地)
萬華區,福星,2,700,0,第四種商業區
萬華區,福星,2,701,0,第四種商業區
萬華區,福星,2,702,0,道路用地(公共設施用地)
萬華區,福星,2,703,0,第四種商業區
萬華區,福星,2,704,0,第四種商業區
萬華區,福星,2,705,0,第四種商業區
萬華區,福星,2,706,0,第四種商業區
萬華區,福星,2,707,0,第四種商業區
萬華區,福星,2,708,0,第四種商業區
萬華區,福星,2,708,1,第四種商業區
萬華區,福星,2,709,0,第四種商業區
萬華區,福星,2,709,1,第四種商業區
萬華區,福星,2,709,2,道路用地(公共設施用地)
萬華區,福星,2,710,1,道路用地(公共設施用地)
萬華區,福星,2,711,0,第四種商業區
萬華區,福星,2,711,1,第四種商業區
萬華區,福星,2,711,2,第四種商業區
萬華區,福星,2,711,3,第四種商業區
萬華區,福星,2,712,0,第四種商業區
萬華區,福星,2,713,0,道路用地(公共設施用地)
萬華區,福星,2,714,0,道路用地(公共設施用地)
萬華區,福星,2,715,0,第四種商業區
萬華區,福星,2,715,1,第四種商業區
萬華區,福星,2,716,0,第四種商業區
萬華區,福星,2,717,0,第四種商業區
萬華區,福星,2,717,1,道路用地(公共設施用地)
萬華區,福星,2,717,2,第四種商業區
萬華區,福星,2,718,0,第四種商業區
萬華區,福星,2,719,0,第四種商業區
萬華區,福星,2,720,0,第四種商業區
萬華區,福星,2,721,0,第四種商業區
萬華區,福星,2,722,0,第四種商業區
萬華區,福星,2,723,0,第四種商業區
萬華區,福星,2,724,0,第四種商業區
萬華區,福星,2,725,0,第四種商業區
萬華區,福星,2,726,0,第四種商業區
萬華區,福星,2,727,0,第四種商業區
萬華區,福星,2,728,0,第四種商業區
萬華區,福星,2,729,0,第四種商業區及道路用地(公共設施用地)
萬華區,福星,2,730,0,第四種商業區
萬華區,福星,2,731,0,第四種商業區
萬華區,福星,2,732,0,第四種商業區
萬華區,福星,2,733,0,第四種商業區
萬華區,福星,2,734,0,第四種商業區
萬華區,福星,2,735,0,道路用地(公共設施用地)
萬華區,福星,2,736,0,道路用地(公共設施用地)
萬華區,福星,2,737,0,道路用地(公共設施用地)
萬華區,福星,2,738,0,第四種商業區及道路用地(公共設施用地)
萬華區,福星,2,739,0,第四種商業區及道路用地(公共設施用地)
萬華區,福星,2,740,0,第四種商業區
萬華區,福星,2,753,0,第四種商業區
萬華區,福星,2,754,0,第四種商業區
萬華區,福星,2,755,0,第四種商業區
萬華區,福星,2,756,0,第四種商業區
萬華區,福星,2,759,0,第四種商業區
萬華區,福星,2,759,1,道路用地(公共設施用地)
萬華區,福星,2,760,1,道路用地(公共設施用地)
萬華區,福星,2,772,0,"道路用地(公共設施用地),但是否在第四種商業區(應依建築線或俟地籍測量分割後,再確定)"
萬華區,福星,2,773,0,"道路用地(公共設施用地),但是否在第四種商業區(應依建築線或俟地籍測量分割後,再確定)"
萬華區,福星,2,774,0,第四種商業區及道路用地(公共設施用地)
萬華區,福星,2,775,0,第四種商業區
萬華區,福星,2,776,0,第四種商業區
萬華區,福星,2,777,0,第四種商業區
萬華區,福星,2,778,0,第四種商業區
萬華區,福星,2,779,0,第四種商業區
萬華區,福星,2,780,0,第四種商業區
萬華區,福星,2,780,1,第四種商業區
萬華區,福星,2,781,0,第四種商業區
萬華區,福星,2,782,0,第四種商業區
萬華區,福星,2,783,0,第四種商業區
萬華區,福星,2,783,1,第四種商業區
萬華區,福星,2,784,0,第四種商業區
萬華區,福星,2,785,0,第四種商業區
萬華區,福星,2,786,0,道路用地(公共設施用地)
萬華區,福星,2,786,1,道路用地(公共設施用地)
萬華區,福星,2,786,2,道路用地(公共設施用地)
萬華區,福星,2,786,3,道路用地(公共設施用地)
萬華區,福星,2,786,4,道路用地(公共設施用地)
萬華區,福星,2,786,5,道路用地(公共設施用地)
萬華區,福星,2,786,6,道路用地(公共設施用地)
萬華區,福星,2,786,7,道路用地(公共設施用地)
萬華區,福星,2,786,8,道路用地(公共設施用地)
萬華區,福星,2,786,9,道路用地(公共設施用地)
萬華區,福星,2,786,10,道路用地(公共設施用地)
萬華區,福星,2,786,11,道路用地(公共設施用地)
萬華區,福星,2,786,12,道路用地(公共設施用地)
萬華區,福星,2,786,13,道路用地(公共設施用地)
萬華區,福星,2,786,14,"道路用地(公共設施用地),但是否在第四種商業區(應依建築線或俟地籍測量分割後,再確定)"
萬華區,福星,2,787,0,河川區
萬華區,福星,3,1,0,道路用地(公共設施用地)
萬華區,福星,3,2,0,道路用地(公共設施用地)
萬華區,福星,3,3,0,道路用地(公共設施用地)
萬華區,福星,3,3,1,道路用地(公共設施用地)
萬華區,福星,3,3,2,道路用地(公共設施用地)
萬華區,福星,3,4,0,道路用地(公共設施用地)
萬華區,福星,3,5,0,第四種商業區
萬華區,福星,3,6,0,第四種商業區
萬華區,福星,3,6,1,第四種商業區
萬華區,福星,3,7,0,第四種商業區
萬華區,福星,3,8,0,第四種商業區
萬華區,福星,3,9,0,第四種商業區
萬華區,福星,3,10,0,第四種商業區
萬華區,福星,3,11,0,第四種商業區
萬華區,福星,3,12,0,第四種商業區
萬華區,福星,3,13,0,第四種商業區
萬華區,福星,3,14,0,第四種商業區
萬華區,福星,3,15,0,第四種商業區
萬華區,福星,3,16,0,第四種商業區
萬華區,福星,3,17,0,第四種商業區
萬華區,福星,3,18,0,第四種商業區
萬華區,福星,3,19,0,第四種商業區
萬華區,福星,3,20,0,第四種商業區
萬華區,福星,3,21,0,第四種商業區
萬華區,福星,3,22,0,第四種商業區
萬華區,福星,3,23,0,第四種商業區
萬華區,福星,3,24,0,第四種商業區
萬華區,福星,3,25,0,第四種商業區
萬華區,福星,3,26,0,第四種商業區
萬華區,福星,3,27,0,第四種商業區
萬華區,福星,3,28,0,第四種商業區
萬華區,福星,3,29,0,第四種商業區
萬華區,福星,3,30,0,第四種商業區
萬華區,福星,3,31,0,第四種商業區
萬華區,福星,3,32,0,第四種商業區
萬華區,福星,3,33,0,第四種商業區
萬華區,福星,3,34,0,第四種商業區
萬華區,福星,3,35,0,第四種商業區
萬華區,福星,3,36,0,第四種商業區
萬華區,福星,3,37,0,第四種商業區
萬華區,福星,3,38,0,第四種商業區
萬華區,福星,3,39,0,第四種商業區
萬華區,福星,3,39,1,第四種商業區
萬華區,福星,3,39,2,第四種商業區
萬華區,福星,3,39,3,第四種商業區
萬華區,福星,3,40,0,第四種商業區
萬華區,福星,3,41,0,第四種商業區
萬華區,福星,3,42,0,第四種商業區
萬華區,福星,3,43,0,第四種商業區
萬華區,福星,3,44,0,第四種商業區
萬華區,福星,3,45,0,第四種商業區
萬華區,福星,3,46,0,第四種商業區
萬華區,福星,3,47,0,第四種商業區
萬華區,福星,3,48,0,第四種商業區
萬華區,福星,3,49,0,機關用地(公共設施用地)(供本府及相關單位公務使用)
萬華區,福星,3,50,0,第四種商業區
萬華區,福星,3,51,0,第四種商業區
萬華區,福星,3,52,0,第四種商業區
萬華區,福星,3,52,1,道路用地(公共設施用地)
萬華區,福星,3,53,0,第四種商業區
萬華區,福星,3,54,0,第四種商業區
萬華區,福星,3,55,0,第四種商業區
萬華區,福星,3,56,0,第四種商業區
萬華區,福星,3,56,1,第四種商業區
萬華區,福星,3,57,0,第四種商業區
萬華區,福星,3,57,1,第四種商業區
萬華區,福星,3,58,0,第四種商業區
萬華區,福星,3,59,0,第四種商業區
萬華區,福星,3,60,0,第四種商業區
萬華區,福星,3,61,0,第四種商業區
萬華區,福星,3,62,0,第四種商業區
萬華區,福星,3,63,0,第四種商業區
萬華區,福星,3,64,0,第四種商業區
萬華區,福星,3,65,0,第四種商業區
萬華區,福星,3,66,0,第四種商業區
萬華區,福星,3,67,0,第四種商業區
萬華區,福星,3,68,0,第四種商業區
萬華區,福星,3,69,0,第四種商業區
萬華區,福星,3,70,0,第四種商業區
萬華區,福星,3,71,0,第四種商業區
萬華區,福星,3,75,0,第四種商業區
萬華區,福星,3,75,1,道路用地(公共設施用地)
萬華區,福星,3,79,0,道路用地(公共設施用地)
萬華區,福星,3,79,1,第四種商業區
萬華區,福星,3,79,2,第四種商業區
萬華區,福星,3,80,0,第四種商業區
萬華區,福星,3,80,1,道路用地(公共設施用地)
萬華區,福星,3,81,0,第四種商業區
萬華區,福星,3,82,0,第四種商業區
萬華區,福星,3,83,0,第四種商業區
萬華區,福星,3,84,0,第四種商業區
萬華區,福星,3,85,0,第四種商業區
萬華區,福星,3,86,0,第四種商業區
萬華區,福星,3,87,0,第四種商業區
萬華區,福星,3,88,0,第四種商業區
萬華區,福星,3,89,0,第四種商業區
萬華區,福星,3,90,0,第四種商業區
萬華區,福星,3,91,0,第四種商業區
萬華區,福星,3,92,0,第四種商業區
萬華區,福星,3,93,0,第四種商業區
萬華區,福星,3,94,0,第四種商業區
萬華區,福星,3,95,0,第四種商業區
萬華區,福星,3,104,0,第四種商業區
萬華區,福星,3,105,0,第四種商業區
萬華區,福星,3,106,0,第四種商業區
萬華區,福星,3,107,0,第四種商業區
萬華區,福星,3,108,0,第四種商業區
萬華區,福星,3,109,0,第四種商業區
萬華區,福星,3,110,0,第四種商業區
萬華區,福星,3,110,1,道路用地(公共設施用地)
萬華區,福星,3,111,0,第四種商業區
萬華區,福星,3,112,0,第四種商業區
萬華區,福星,3,113,0,第四種商業區
萬華區,福星,3,114,0,第四種商業區
萬華區,福星,3,115,0,第四種商業區
萬華區,福星,3,116,0,第四種商業區
萬華區,福星,3,117,0,第四種商業區
萬華區,福星,3,118,0,第四種商業區
萬華區,福星,3,119,0,第四種商業區
萬華區,福星,3,120,0,第四種商業區
萬華區,福星,3,121,0,第四種商業區
萬華區,福星,3,122,0,第四種商業區
萬華區,福星,3,123,0,第四種商業區
萬華區,福星,3,124,0,第四種商業區
萬華區,福星,3,125,0,第四種商業區
萬華區,福星,3,126,0,第四種商業區
萬華區,福星,3,126,1,第四種商業區
萬華區,福星,3,127,0,第四種商業區
萬華區,福星,3,127,1,第四種商業區
萬華區,福星,3,127,2,第四種商業區
萬華區,福星,3,128,0,第四種商業區
萬華區,福星,3,129,0,第四種商業區
萬華區,福星,3,130,0,第四種商業區
萬華區,福星,3,131,0,第四種商業區
萬華區,福星,3,132,0,第四種商業區
萬華區,福星,3,133,0,第四種商業區
萬華區,福星,3,134,0,第四種商業區
萬華區,福星,3,136,1,第四種商業區
萬華區,福星,3,136,2,第四種商業區
萬華區,福星,3,139,0,第四種商業區
萬華區,福星,3,140,0,第四種商業區
萬華區,福星,3,140,1,第四種商業區
萬華區,福星,3,140,2,第四種商業區
萬華區,福星,3,140,5,第四種商業區
萬華區,福星,3,140,6,第四種商業區
萬華區,福星,3,141,0,第四種商業區
萬華區,福星,3,142,0,第四種商業區
萬華區,福星,3,143,0,第四種商業區
萬華區,福星,3,144,0,第四種商業區
萬華區,福星,3,145,0,第四種商業區
萬華區,福星,3,146,0,第四種商業區
萬華區,福星,3,147,0,第四種商業區
萬華區,福星,3,148,0,第四種商業區
萬華區,福星,3,149,0,第四種商業區
萬華區,福星,3,150,0,第四種商業區
萬華區,福星,3,151,0,道路用地(公共設施用地)
萬華區,福星,3,152,0,第四種商業區
萬華區,福星,3,152,1,道路用地(公共設施用地)
萬華區,福星,3,152,2,道路用地(公共設施用地)
萬華區,福星,3,154,0,第四種商業區
萬華區,福星,3,155,0,第四種商業區
萬華區,福星,3,156,0,第四種商業區
萬華區,福星,3,157,0,第四種商業區
萬華區,福星,3,158,0,第四種商業區
萬華區,福星,3,159,0,第四種商業區
萬華區,福星,3,160,0,第四種商業區
萬華區,福星,3,161,0,第四種商業區
萬華區,福星,3,162,0,第四種商業區
萬華區,福星,3,163,0,第四種商業區
萬華區,福星,3,164,0,第四種商業區
萬華區,福星,3,165,0,第四種商業區
萬華區,福星,3,166,0,第四種商業區
萬華區,福星,3,167,0,第四種商業區
萬華區,福星,3,169,1,道路用地(公共設施用地)
萬華區,福星,3,170,0,第四種商業區
萬華區,福星,3,170,1,道路用地(公共設施用地)
萬華區,福星,3,171,0,第四種商業區
萬華區,福星,3,171,1,道路用地(公共設施用地)
萬華區,福星,3,172,0,第四種商業區
萬華區,福星,3,173,0,第四種商業區
萬華區,福星,3,173,1,道路用地(公共設施用地)
萬華區,福星,3,173,2,道路用地(公共設施用地)
萬華區,福星,3,174,0,第四種商業區
萬華區,福星,3,174,1,第四種商業區
萬華區,福星,3,174,2,道路用地(公共設施用地)
萬華區,福星,3,175,0,第四種商業區
萬華區,福星,3,176,0,第四種商業區
萬華區,福星,3,177,0,第四種商業區
萬華區,福星,3,178,0,第四種商業區
萬華區,福星,3,178,1,道路用地(公共設施用地)
萬華區,福星,3,179,0,道路用地(公共設施用地)
萬華區,福星,3,180,0,第四種商業區
萬華區,福星,3,180,1,道路用地(公共設施用地)
萬華區,福星,3,181,0,第四種商業區
萬華區,福星,3,182,0,第四種商業區
萬華區,福星,3,183,0,第四種商業區
萬華區,福星,3,184,0,第四種商業區
萬華區,福星,3,185,0,第四種商業區
萬華區,福星,3,186,0,第四種商業區
萬華區,福星,3,187,0,第四種商業區
萬華區,福星,3,188,0,第四種商業區
萬華區,福星,3,189,0,第四種商業區
萬華區,福星,3,190,0,道路用地(公共設施用地)
萬華區,福星,3,191,0,道路用地(公共設施用地)
萬華區,福星,3,192,0,道路用地(公共設施用地)
萬華區,福星,3,193,0,第四種商業區
萬華區,福星,3,194,0,第四種商業區
萬華區,福星,3,195,0,第四種商業區
萬華區,福星,3,196,0,第四種商業區
萬華區,福星,3,197,0,第四種商業區
萬華區,福星,3,198,0,第四種商業區
萬華區,福星,3,199,0,第四種商業區
萬華區,福星,3,200,0,第四種商業區
萬華區,福星,3,201,0,第四種商業區
萬華區,福星,3,201,1,第四種商業區
萬華區,福星,3,202,0,第四種商業區
萬華區,福星,3,202,1,第四種商業區
萬華區,福星,3,203,0,廣場用地(公共設施用地)
萬華區,福星,3,203,1,道路用地(公共設施用地)
萬華區,福星,3,204,0,廣場用地(公共設施用地)
萬華區,福星,3,205,0,道路用地(公共設施用地)
萬華區,福星,3,205,1,廣場用地(公共設施用地)
萬華區,福星,3,206,0,道路用地(公共設施用地)
萬華區,福星,3,206,1,道路用地(公共設施用地)
萬華區,福星,3,206,2,道路用地(公共設施用地)
萬華區,福星,3,206,3,道路用地(公共設施用地)
萬華區,福星,3,206,4,道路用地(公共設施用地)
萬華區,福星,3,206,5,道路用地(公共設施用地)
萬華區,福星,3,207,0,第四種商業區
萬華區,福星,3,208,0,第四種商業區
萬華區,福星,3,209,0,第四種商業區
萬華區,福星,3,210,0,第四種商業區
萬華區,福星,3,211,0,第四種商業區
萬華區,福星,3,212,0,第四種商業區
萬華區,福星,3,213,0,第四種商業區
萬華區,福星,3,213,1,道路用地(公共設施用地)
萬華區,福星,3,214,0,第四種商業區
萬華區,福星,3,214,1,道路用地(公共設施用地)
萬華區,福星,3,215,0,第四種商業區
萬華區,福星,3,215,1,道路用地(公共設施用地)
萬華區,福星,3,216,0,第四種商業區
萬華區,福星,3,216,1,道路用地(公共設施用地)
萬華區,福星,3,217,0,第四種商業區
萬華區,福星,3,217,1,道路用地(公共設施用地)
萬華區,福星,3,218,0,第四種商業區
萬華區,福星,3,218,1,道路用地(公共設施用地)
萬華區,福星,3,219,0,第四種商業區
萬華區,福星,3,219,1,道路用地(公共設施用地)
萬華區,福星,3,220,0,第四種商業區
萬華區,福星,3,220,1,道路用地(公共設施用地)
萬華區,福星,3,221,0,第四種商業區
萬華區,福星,3,222,0,第四種商業區
萬華區,福星,3,222,1,道路用地(公共設施用地)
萬華區,福星,3,223,0,第四種商業區
萬華區,福星,3,223,1,道路用地(公共設施用地)
萬華區,福星,3,236,0,第四種商業區
萬華區,福星,3,237,0,第四種商業區
萬華區,福星,3,238,0,第四種商業區
萬華區,福星,3,239,0,第四種商業區
萬華區,福星,3,239,1,第四種商業區
萬華區,福星,3,240,0,第四種商業區
萬華區,福星,3,240,1,道路用地(公共設施用地)
萬華區,福星,3,241,0,道路用地(公共設施用地)
萬華區,福星,3,242,0,第四種商業區
萬華區,福星,3,242,1,道路用地(公共設施用地)
萬華區,福星,3,243,0,第四種商業區
萬華區,福星,3,244,0,第四種商業區
萬華區,福星,3,249,0,第四種商業區
萬華區,福星,3,250,0,第四種商業區
萬華區,福星,3,261,0,第四種商業區
萬華區,福星,3,262,0,第四種商業區
萬華區,福星,3,263,0,第四種商業區
萬華區,福星,3,265,0,第四種商業區
萬華區,福星,3,267,0,第四種商業區
萬華區,福星,3,267,1,道路用地(公共設施用地)
萬華區,福星,3,267,2,道路用地(公共設施用地)
萬華區,福星,3,268,0,道路用地(公共設施用地)
萬華區,福星,3,269,0,第四種商業區
萬華區,福星,3,269,1,道路用地(公共設施用地)
萬華區,福星,3,271,0,第四種商業區
萬華區,福星,3,272,0,第四種商業區
萬華區,福星,3,273,0,第四種商業區
萬華區,福星,3,274,0,第四種商業區
萬華區,福星,3,275,0,第四種商業區
萬華區,福星,3,276,0,第四種商業區
萬華區,福星,3,277,0,第四種商業區
萬華區,福星,3,277,1,道路用地(公共設施用地)
萬華區,福星,3,278,0,第四種商業區
萬華區,福星,3,279,0,道路用地(公共設施用地)
萬華區,福星,3,279,1,第四種商業區
萬華區,福星,3,280,0,第四種商業區
萬華區,福星,3,280,1,道路用地(公共設施用地)
萬華區,福星,3,281,0,第四種商業區
萬華區,福星,3,281,1,第四種商業區
萬華區,福星,3,282,0,第四種商業區
萬華區,福星,3,283,0,第四種商業區
萬華區,福星,3,283,1,道路用地(公共設施用地)
萬華區,福星,3,284,0,第四種商業區
萬華區,福星,3,285,0,第四種商業區
萬華區,福星,3,286,0,第四種商業區
萬華區,福星,3,287,0,第四種商業區
萬華區,福星,3,288,0,第四種商業區
萬華區,福星,3,289,0,第四種商業區
萬華區,福星,3,290,0,第四種商業區
萬華區,福星,3,291,0,第四種商業區
萬華區,福星,3,292,0,第四種商業區
萬華區,福星,3,293,0,第四種商業區
萬華區,福星,3,294,0,第四種商業區
萬華區,福星,3,295,0,第四種商業區
萬華區,福星,3,296,0,第四種商業區
萬華區,福星,3,297,0,第四種商業區
萬華區,福星,3,298,0,第四種商業區
萬華區,福星,3,299,0,第四種商業區
萬華區,福星,3,300,0,第四種商業區
萬華區,福星,3,301,0,第四種商業區
萬華區,福星,3,302,0,第四種商業區
萬華區,福星,3,303,0,第四種商業區
萬華區,福星,3,303,1,道路用地(公共設施用地)
萬華區,福星,3,304,0,道路用地(公共設施用地)
萬華區,福星,3,305,0,第四種商業區
萬華區,福星,3,306,0,第四種商業區
萬華區,福星,3,307,0,道路用地(公共設施用地)
萬華區,福星,3,308,0,第四種商業區
萬華區,福星,3,314,0,第四種商業區
萬華區,福星,3,315,0,第四種商業區
萬華區,福星,3,316,0,第四種商業區
萬華區,福星,3,317,0,第四種商業區
萬華區,福星,3,318,0,第四種商業區及道路用地(公共設施用地)
萬華區,福星,3,319,0,第四種商業區
萬華區,福星,3,327,0,第四種商業區
萬華區,福星,3,328,0,第四種商業區
萬華區,福星,3,328,1,第四種商業區
萬華區,福星,3,329,0,第四種商業區
萬華區,福星,3,330,0,第四種商業區
萬華區,福星,3,331,0,第四種商業區
萬華區,福星,3,332,0,第四種商業區
萬華區,福星,3,333,0,第四種商業區
萬華區,福星,3,334,0,第四種商業區
萬華區,福星,3,335,0,第四種商業區
萬華區,福星,3,336,0,第四種商業區
萬華區,福星,3,337,0,第四種商業區
萬華區,福星,3,338,0,第四種商業區
萬華區,福星,3,339,0,第四種商業區
萬華區,福星,3,339,1,道路用地(公共設施用地)
萬華區,福星,3,340,0,第四種商業區
萬華區,福星,3,341,0,第四種商業區
萬華區,福星,3,342,0,第四種商業區
萬華區,福星,3,343,0,第四種商業區
萬華區,福星,3,344,0,第四種商業區
萬華區,福星,3,345,0,第四種商業區
萬華區,福星,3,346,0,道路用地(公共設施用地)
萬華區,福星,3,347,0,道路用地(公共設施用地)
萬華區,福星,3,348,0,第四種商業區
萬華區,福星,3,348,1,"道路用地(公共設施用地),但是否在第四種商業區(應依建築線或俟地籍測量分割後,再確定)"
萬華區,福星,3,349,0,第四種商業區
萬華區,福星,3,350,0,第四種商業區
萬華區,福星,3,351,0,第四種商業區
萬華區,福星,3,352,0,第四種商業區
萬華區,福星,3,353,0,第四種商業區
萬華區,福星,3,354,0,第四種商業區
萬華區,福星,3,355,0,第四種商業區
萬華區,福星,3,356,0,第四種商業區
萬華區,福星,3,357,0,第四種商業區
萬華區,福星,3,358,0,第四種商業區
萬華區,福星,3,359,0,第四種商業區
萬華區,福星,3,360,0,第四種商業區
萬華區,福星,3,361,0,第四種商業區
萬華區,福星,3,362,0,第四種商業區
萬華區,福星,3,363,0,第四種商業區
萬華區,福星,3,364,0,第四種商業區
萬華區,福星,3,365,0,第四種商業區
萬華區,福星,3,366,0,第四種商業區
萬華區,福星,3,367,0,第四種商業區
萬華區,福星,3,368,0,第四種商業區
萬華區,福星,3,369,0,第四種商業區
萬華區,福星,3,370,0,第四種商業區
萬華區,福星,3,371,0,第四種商業區
萬華區,福星,3,372,0,第四種商業區
萬華區,福星,3,373,0,第四種商業區
萬華區,福星,3,374,0,第四種商業區
萬華區,福星,3,375,0,第四種商業區
萬華區,福星,3,376,0,第四種商業區
萬華區,福星,3,377,0,第四種商業區
萬華區,福星,3,378,0,第四種商業區
萬華區,福星,3,379,0,第四種商業區
萬華區,福星,3,380,0,第四種商業區
萬華區,福星,3,381,0,第四種商業區
萬華區,福星,3,382,0,第四種商業區
萬華區,福星,3,383,0,第四種商業區
萬華區,福星,3,384,0,第四種商業區
萬華區,福星,3,385,0,第四種商業區
萬華區,福星,3,386,0,第四種商業區
萬華區,福星,3,387,0,第四種商業區
萬華區,福星,3,388,0,第四種商業區
萬華區,福星,3,389,0,第四種商業區
萬華區,福星,3,390,0,第四種商業區
萬華區,福星,3,391,0,第四種商業區
萬華區,福星,3,392,0,第四種商業區
萬華區,福星,3,393,0,第四種商業區
萬華區,福星,3,394,0,第四種商業區
萬華區,福星,3,394,1,道路用地(公共設施用地)
萬華區,福星,3,395,0,第四種商業區
萬華區,福星,3,396,0,第四種商業區
萬華區,福星,3,397,0,第四種商業區
萬華區,福星,3,398,0,第四種商業區
萬華區,福星,3,399,0,第四種商業區
萬華區,福星,3,400,0,第四種商業區
萬華區,福星,3,401,0,道路用地(公共設施用地)
萬華區,福星,3,402,0,停車場用地(公共設施用地)
萬華區,福星,3,402,1,道路用地(公共設施用地)
萬華區,福星,3,402,2,道路用地(公共設施用地)
萬華區,福星,3,403,0,停車場用地(公共設施用地)
萬華區,福星,3,403,1,道路用地(公共設施用地)
萬華區,福星,3,404,0,第四種商業區
萬華區,福星,3,404,1,道路用地(公共設施用地)
萬華區,福星,3,405,0,第四種商業區
萬華區,福星,3,405,1,道路用地(公共設施用地)
萬華區,福星,3,406,0,第四種商業區
萬華區,福星,3,407,0,第四種商業區
萬華區,福星,3,408,0,第四種商業區
萬華區,福星,3,409,0,第四種商業區及道路用地(公共設施用地)
萬華區,福星,3,409,1,第四種商業區及道路用地(公共設施用地)
萬華區,福星,3,409,2,停車場用地(公共設施用地)
萬華區,福星,3,409,3,停車場用地(公共設施用地)
萬華區,福星,3,410,0,第四種商業區
萬華區,福星,3,411,0,第四種商業區及道路用地(公共設施用地)
萬華區,福星,3,411,1,停車場用地(公共設施用地)
萬華區,福星,3,412,0,第四種商業區及道路用地(公共設施用地)
萬華區,福星,3,412,1,停車場用地(公共設施用地)
萬華區,福星,3,413,0,道路用地(公共設施用地)
萬華區,福星,3,414,0,"道路用地(公共設施用地),但是否在停車場用地(公共設施用地)及第四種商業區(應依建築線或俟地籍測量分割後,再確定)"
萬華區,福星,3,415,0,第四種商業區及道路用地(公共設施用地)
萬華區,福星,3,416,0,第四種商業區
萬華區,福星,3,417,0,第四種商業區
萬華區,福星,3,418,0,第四種商業區
萬華區,福星,3,419,0,第四種商業區
萬華區,福星,3,420,0,第四種商業區
萬華區,福星,3,421,0,第四種商業區
萬華區,福星,3,422,0,第四種商業區
萬華區,福星,3,423,0,第四種商業區
萬華區,福星,3,424,0,第四種商業區
萬華區,福星,3,424,1,第四種商業區
萬華區,福星,3,425,0,第四種商業區
萬華區,福星,3,425,1,第四種商業區
萬華區,福星,3,426,0,第四種商業區
萬華區,福星,3,427,0,第四種商業區
萬華區,福星,3,428,0,第四種商業區
萬華區,福星,3,429,0,第四種商業區
萬華區,福星,3,430,0,第四種商業區
萬華區,福星,3,431,0,第四種商業區
萬華區,福星,3,431,1,第四種商業區
萬華區,福星,3,432,0,第四種商業區
萬華區,福星,3,432,1,第四種商業區
萬華區,福星,3,433,0,第四種商業區
萬華區,福星,3,434,0,第四種商業區
萬華區,福星,3,435,0,第四種商業區
萬華區,福星,3,436,0,第四種商業區
萬華區,福星,3,437,0,道路用地(公共設施用地)
萬華區,福星,3,438,0,道路用地(公共設施用地)
萬華區,福星,3,439,0,第四種商業區
萬華區,福星,3,440,0,第四種商業區
萬華區,福星,3,441,0,道路用地(公共設施用地)
萬華區,福星,3,442,0,道路用地(公共設施用地)
萬華區,福星,3,443,0,第四種商業區及道路用地(公共設施用地)
萬華區,福星,3,444,0,道路用地(公共設施用地)
萬華區,福星,3,445,0,第四種商業區
萬華區,福星,3,446,0,道路用地(公共設施用地)
萬華區,福星,3,447,0,"道路用地(公共設施用地),但是否在第四種商業區(應依建築線或俟地籍測量分割後,再確定)"
萬華區,福星,3,448,0,道路用地(公共設施用地)
萬華區,福星,3,449,0,第四種商業區
萬華區,福星,3,450,0,第四種商業區
萬華區,福星,3,451,0,第四種商業區
萬華區,福星,3,452,0,第四種商業區
萬華區,福星,3,453,0,第四種商業區
萬華區,福星,3,454,0,第四種商業區
萬華區,福星,3,455,0,第四種商業區
萬華區,福星,3,456,0,第四種商業區
萬華區,福星,3,457,0,第四種商業區
萬華區,福星,3,458,0,第四種商業區
萬華區,福星,3,459,0,第四種商業區
萬華區,福星,3,460,0,第四種商業區
萬華區,福星,3,461,0,第四種商業區
萬華區,福星,3,462,0,第四種商業區
萬華區,福星,3,463,0,第四種商業區
萬華區,福星,3,464,0,第四種商業區
萬華區,福星,3,465,0,第四種商業區
萬華區,福星,3,466,0,第四種商業區
萬華區,福星,3,467,0,第四種商業區
萬華區,福星,3,468,0,第四種商業區
萬華區,福星,3,469,0,第四種商業區
萬華區,福星,3,470,0,第四種商業區
萬華區,福星,3,471,0,第四種商業區
萬華區,福星,3,472,0,第四種商業區
萬華區,福星,3,473,0,第四種商業區
萬華區,福星,3,474,0,第四種商業區
萬華區,福星,3,475,0,第四種商業區
萬華區,福星,3,476,0,第四種商業區
萬華區,福星,3,477,0,道路用地(公共設施用地)
萬華區,福星,3,478,0,道路用地(公共設施用地)
萬華區,福星,3,479,0,第四種商業區
萬華區,福星,3,480,0,第四種商業區
萬華區,福星,3,481,0,道路用地(公共設施用地)
萬華區,福星,3,482,0,道路用地(公共設施用地)
萬華區,福星,3,483,0,第四種商業區
萬華區,福星,3,484,0,第四種商業區
萬華區,福星,3,485,0,第四種商業區
萬華區,福星,3,486,0,第四種商業區
萬華區,福星,3,487,0,第四種商業區
萬華區,福星,3,488,0,第四種商業區
萬華區,福星,3,489,0,第四種商業區
萬華區,福星,3,490,0,第四種商業區
萬華區,福星,3,491,0,第四種商業區
萬華區,福星,3,492,0,第四種商業區
萬華區,福星,3,493,0,第四種商業區
萬華區,福星,3,494,0,第四種商業區
萬華區,福星,3,495,0,第四種商業區
萬華區,福星,3,496,0,第四種商業區
萬華區,福星,3,497,0,第四種商業區
萬華區,福星,3,498,0,第四種商業區
萬華區,福星,3,499,0,第四種商業區
萬華區,福星,3,500,0,第四種商業區
萬華區,福星,3,500,1,第四種商業區
萬華區,福星,3,501,0,第四種商業區
萬華區,福星,3,502,0,第四種商業區
萬華區,福星,3,503,0,道路用地(公共設施用地)
萬華區,福星,3,504,0,道路用地(公共設施用地)
萬華區,福星,3,505,0,第四種商業區
萬華區,福星,3,506,0,第四種商業區
萬華區,福星,3,507,0,第四種商業區
萬華區,福星,3,508,0,第四種商業區
萬華區,福星,3,509,0,道路用地(公共設施用地)
萬華區,福星,3,510,0,道路用地(公共設施用地)
萬華區,福星,3,511,0,道路用地(公共設施用地)
萬華區,福星,3,512,0,第四種商業區
萬華區,福星,3,513,0,道路用地(公共設施用地)
萬華區,福星,3,514,0,道路用地(公共設施用地)
萬華區,福星,3,515,0,道路用地(公共設施用地)
萬華區,福星,3,516,0,第四種商業區
萬華區,福星,3,517,0,第四種商業區
萬華區,福星,3,518,0,第四種商業區
萬華區,福星,3,519,0,第四種商業區
萬華區,福星,3,520,0,第四種商業區
萬華區,福星,3,521,0,第四種商業區
萬華區,福星,3,522,0,第四種商業區
萬華區,福星,3,523,0,第四種商業區
萬華區,福星,3,524,0,第四種商業區
萬華區,福星,3,525,0,第四種商業區
萬華區,福星,3,526,0,第四種商業區
萬華區,福星,3,527,0,第四種商業區
萬華區,福星,3,528,0,第四種商業區
萬華區,福星,3,528,1,第四種商業區
萬華區,福星,3,529,0,第四種商業區
萬華區,福星,3,529,1,第四種商業區
萬華區,福星,3,530,0,第四種商業區
萬華區,福星,3,531,0,第四種商業區
萬華區,福星,3,532,0,第四種商業區
萬華區,福星,3,533,0,第四種商業區
萬華區,福星,3,533,1,第四種商業區
萬華區,福星,3,534,0,第四種商業區
萬華區,福星,3,535,0,第四種商業區
萬華區,福星,3,536,0,第四種商業區
萬華區,福星,3,537,0,第四種商業區
萬華區,福星,3,538,0,第四種商業區
萬華區,福星,3,539,0,第四種商業區
萬華區,福星,3,539,1,第四種商業區
萬華區,福星,3,540,0,第四種商業區
萬華區,福星,3,540,1,第四種商業區
萬華區,福星,3,541,0,第四種商業區
萬華區,福星,3,542,0,第四種商業區
萬華區,福星,3,543,0,第四種商業區
萬華區,福星,3,544,0,第四種商業區
萬華區,福星,3,545,0,第四種商業區
萬華區,福星,3,546,0,第四種商業區
萬華區,福星,3,547,0,第四種商業區
萬華區,福星,3,548,0,第四種商業區
萬華區,福星,3,549,0,第四種商業區
萬華區,福星,3,550,0,第四種商業區
萬華區,福星,3,550,1,第四種商業區
萬華區,福星,3,550,2,第四種商業區
萬華區,福星,3,551,0,第四種商業區
萬華區,福星,3,552,0,第四種商業區
萬華區,福星,3,553,0,第四種商業區
萬華區,福星,3,554,0,第四種商業區
萬華區,福星,3,555,0,第四種商業區
萬華區,福星,3,556,0,第四種商業區
萬華區,福星,3,557,0,第四種商業區
萬華區,福星,3,558,0,第四種商業區
萬華區,福星,3,559,0,第四種商業區
萬華區,福星,3,560,0,第四種商業區
萬華區,福星,3,561,0,第四種商業區
萬華區,福星,3,562,0,第四種商業區
萬華區,福星,3,563,0,第四種商業區
萬華區,福星,3,564,0,第四種商業區
萬華區,福星,3,565,0,第四種商業區
萬華區,福星,3,566,0,第四種商業區
萬華區,福星,3,567,0,第四種商業區
萬華區,福星,3,568,0,第四種商業區
萬華區,福星,3,569,0,第四種商業區
萬華區,福星,3,570,0,第四種商業區
萬華區,福星,3,571,0,第四種商業區
萬華區,福星,3,572,0,第四種商業區
萬華區,福星,3,573,0,第四種商業區
萬華區,福星,3,574,0,第四種商業區
萬華區,福星,3,575,0,第四種商業區
萬華區,福星,3,576,0,第四種商業區
萬華區,福星,3,577,0,第四種商業區
萬華區,福星,3,579,0,第四種商業區
萬華區,福星,3,580,0,第四種商業區
萬華區,福星,4,1,0,道路用地(公共設施用地)
萬華區,福星,4,2,0,第四種商業區
萬華區,福星,4,3,0,第四種商業區
萬華區,福星,4,4,0,第四種商業區
萬華區,福星,4,5,0,第四種商業區
萬華區,福星,4,6,0,第四種商業區
萬華區,福星,4,7,0,第四種商業區
萬華區,福星,4,8,0,第四種商業區
萬華區,福星,4,8,1,第四種商業區
萬華區,福星,4,8,2,道路用地(公共設施用地)
萬華區,福星,4,9,0,第四種商業區
萬華區,福星,4,9,1,第四種商業區
萬華區,福星,4,10,0,第四種商業區
萬華區,福星,4,11,0,第四種商業區
萬華區,福星,4,12,0,第四種商業區
萬華區,福星,4,13,0,第四種商業區
萬華區,福星,4,14,0,第四種商業區
萬華區,福星,4,15,0,第四種商業區
萬華區,福星,4,16,0,第四種商業區
萬華區,福星,4,17,0,第四種商業區
萬華區,福星,4,18,0,第四種商業區
萬華區,福星,4,19,0,第四種商業區
萬華區,福星,4,20,0,第四種商業區
萬華區,福星,4,21,0,第四種商業區
萬華區,福星,4,22,0,第四種商業區
萬華區,福星,4,23,0,第四種商業區
萬華區,福星,4,24,0,第四種商業區
萬華區,福星,4,25,0,第四種商業區
萬華區,福星,4,26,0,第四種商業區
萬華區,福星,4,27,0,第四種商業區
萬華區,福星,4,28,0,第四種商業區
萬華區,福星,4,29,0,第四種商業區
萬華區,福星,4,30,0,第四種商業區
萬華區,福星,4,31,0,第四種商業區
萬華區,福星,4,32,0,第四種商業區
萬華區,福星,4,33,0,第四種商業區
萬華區,福星,4,34,0,第四種商業區
萬華區,福星,4,35,0,第四種商業區
萬華區,福星,4,36,0,第四種商業區
萬華區,福星,4,37,0,第四種商業區
萬華區,福星,4,38,0,第四種商業區
萬華區,福星,4,39,0,第四種商業區
萬華區,福星,4,40,0,第四種商業區
萬華區,福星,4,41,0,第四種商業區
萬華區,福星,4,42,0,第四種商業區
萬華區,福星,4,43,0,第四種商業區
萬華區,福星,4,44,0,第四種商業區
萬華區,福星,4,45,0,第四種商業區
萬華區,福星,4,46,0,第四種商業區
萬華區,福星,4,47,0,第四種商業區
萬華區,福星,4,48,0,第四種商業區
萬華區,福星,4,49,0,第四種商業區
萬華區,福星,4,50,0,第四種商業區
萬華區,福星,4,51,0,第四種商業區
萬華區,福星,4,52,0,第四種商業區
萬華區,福星,4,53,0,第四種商業區
萬華區,福星,4,54,0,第四種商業區
萬華區,福星,4,55,0,第四種商業區
萬華區,福星,4,56,0,第四種商業區
萬華區,福星,4,57,0,第四種商業區
萬華區,福星,4,58,0,第四種商業區
萬華區,福星,4,59,0,第四種商業區
萬華區,福星,4,60,0,第四種商業區及道路用地(公共設施用地)
萬華區,福星,4,61,0,第四種商業區
萬華區,福星,4,61,1,道路用地(公共設施用地)
萬華區,福星,4,62,0,道路用地(公共設施用地)
萬華區,福星,4,64,0,道路用地(公共設施用地)
萬華區,福星,4,65,0,第四種商業區
萬華區,福星,4,65,1,道路用地(公共設施用地)
萬華區,福星,4,66,0,第四種商業區
萬華區,福星,4,66,1,道路用地(公共設施用地)
萬華區,福星,4,67,0,第四種商業區
萬華區,福星,4,68,0,第四種商業區
萬華區,福星,4,69,0,第四種商業區
萬華區,福星,4,70,0,第四種商業區
萬華區,福星,4,71,0,第四種商業區
萬華區,福星,4,71,1,道路用地(公共設施用地)
萬華區,福星,4,72,0,第四種商業區
萬華區,福星,4,72,1,道路用地(公共設施用地)
萬華區,福星,4,73,0,第四種商業區
萬華區,福星,4,73,1,道路用地(公共設施用地)
萬華區,福星,4,74,0,第四種商業區
萬華區,福星,4,74,1,道路用地(公共設施用地)
萬華區,福星,4,75,0,第四種商業區
萬華區,福星,4,75,1,道路用地(公共設施用地)
萬華區,福星,4,76,0,第四種商業區
萬華區,福星,4,77,0,第四種商業區
萬華區,福星,4,78,0,機關用地(公共設施用地)
萬華區,福星,4,78,1,道路用地(公共設施用地)
萬華區,福星,4,79,0,機關用地(公共設施用地)
萬華區,福星,4,80,0,機關用地(公共設施用地)
萬華區,福星,4,82,0,第四種商業區
萬華區,福星,4,82,1,第四種商業區
萬華區,福星,4,82,2,道路用地(公共設施用地)
萬華區,福星,4,82,3,道路用地(公共設施用地)
萬華區,福星,4,82,4,道路用地(公共設施用地)
萬華區,福星,4,83,0,道路用地(公共設施用地)
萬華區,福星,4,84,0,第四種商業區
萬華區,福星,4,84,1,道路用地(公共設施用地)
萬華區,福星,4,85,0,第四種商業區
萬華區,福星,4,86,0,第四種商業區
萬華區,福星,4,86,1,道路用地(公共設施用地)
萬華區,福星,4,86,2,道路用地(公共設施用地)
萬華區,福星,4,87,0,第四種商業區
萬華區,福星,4,87,1,道路用地(公共設施用地)
萬華區,福星,4,88,0,第四種商業區
萬華區,福星,4,88,1,道路用地(公共設施用地)
萬華區,福星,4,89,0,第四種商業區
萬華區,福星,4,90,0,第四種商業區
萬華區,福星,4,91,0,第四種商業區
萬華區,福星,4,91,1,道路用地(公共設施用地)
萬華區,福星,4,92,0,第四種商業區及道路用地(公共設施用地)
萬華區,福星,4,93,0,第四種商業區
萬華區,福星,4,94,0,第四種商業區
萬華區,福星,4,94,1,道路用地(公共設施用地)
萬華區,福星,4,95,0,第四種商業區
萬華區,福星,4,95,1,道路用地(公共設施用地)
萬華區,福星,4,96,0,第四種商業區
萬華區,福星,4,96,1,道路用地(公共設施用地)
萬華區,福星,4,97,0,第四種商業區
萬華區,福星,4,97,1,道路用地(公共設施用地)
萬華區,福星,4,98,0,第四種商業區
萬華區,福星,4,98,1,道路用地(公共設施用地)
萬華區,福星,4,98,2,道路用地(公共設施用地)
萬華區,福星,4,99,0,第四種商業區
萬華區,福星,4,100,0,第四種商業區
萬華區,福星,4,101,0,第四種商業區
萬華區,福星,4,102,0,第四種商業區
萬華區,福星,4,103,0,第四種商業區
萬華區,福星,4,104,0,第四種商業區
萬華區,福星,4,105,0,第四種商業區
萬華區,福星,4,106,0,第四種商業區
萬華區,福星,4,107,0,第四種商業區
萬華區,福星,4,108,0,第四種商業區
萬華區,福星,4,109,0,第四種商業區
萬華區,福星,4,110,0,第四種商業區
萬華區,福星,4,110,1,道路用地(公共設施用地)
萬華區,福星,4,111,0,第四種商業區
萬華區,福星,4,112,0,第四種商業區
萬華區,福星,4,113,0,第四種商業區
萬華區,福星,4,114,0,第四種商業區
萬華區,福星,4,115,0,第四種商業區
萬華區,福星,4,115,1,道路用地(公共設施用地)
萬華區,福星,4,116,0,第四種商業區
萬華區,福星,4,116,1,道路用地(公共設施用地)
萬華區,福星,4,117,0,第四種商業區
萬華區,福星,4,118,0,第四種商業區
萬華區,福星,4,119,0,第四種商業區
萬華區,福星,4,120,0,第四種商業區
萬華區,福星,4,121,0,第四種商業區
萬華區,福星,4,122,0,第四種商業區
萬華區,福星,4,123,0,第四種商業區
萬華區,福星,4,124,0,第四種商業區
萬華區,福星,4,125,0,第四種商業區
萬華區,福星,4,126,0,第四種商業區
萬華區,福星,4,126,1,第四種商業區
萬華區,福星,4,127,0,第四種商業區
萬華區,福星,4,127,1,第四種商業區
萬華區,福星,4,128,0,第四種商業區
萬華區,福星,4,129,0,第四種商業區
萬華區,福星,4,130,0,第四種商業區
萬華區,福星,4,131,0,第四種商業區
萬華區,福星,4,131,1,道路用地(公共設施用地)
萬華區,福星,4,132,0,第四種商業區
萬華區,福星,4,133,0,第四種商業區
萬華區,福星,4,134,0,道路用地(公共設施用地)
萬華區,福星,4,134,1,道路用地(公共設施用地)
萬華區,福星,4,135,0,第四種商業區
萬華區,福星,4,135,1,道路用地(公共設施用地)
萬華區,福星,4,136,0,第四種商業區
萬華區,福星,4,137,0,第四種商業區
萬華區,福星,4,138,0,第四種商業區
萬華區,福星,4,139,0,第四種商業區
萬華區,福星,4,140,0,第四種商業區
萬華區,福星,4,141,0,第四種商業區
萬華區,福星,4,142,0,第四種商業區
萬華區,福星,4,142,1,第四種商業區
萬華區,福星,4,143,0,第四種商業區
萬華區,福星,4,144,0,第四種商業區
萬華區,福星,4,145,0,第四種商業區
萬華區,福星,4,146,0,第四種商業區
萬華區,福星,4,147,0,第四種商業區
萬華區,福星,4,148,0,公園用地(公共設施用地)
萬華區,福星,4,149,0,公園用地(公共設施用地)
萬華區,福星,4,150,0,公園用地(公共設施用地)
萬華區,福星,4,151,0,公園用地(公共設施用地)
萬華區,福星,4,152,0,第四種商業區
萬華區,福星,4,153,0,第四種商業區
萬華區,福星,4,154,0,第四種商業區
萬華區,福星,4,154,1,道路用地(公共設施用地)
萬華區,福星,4,155,0,公園用地(公共設施用地)
萬華區,福星,4,156,0,第四種商業區
萬華區,福星,4,156,1,公園用地(公共設施用地)
萬華區,福星,4,157,0,公園用地(公共設施用地)
萬華區,福星,4,158,0,公園用地(公共設施用地)
萬華區,福星,4,159,0,道路用地(公共設施用地)
萬華區,福星,4,160,0,第四種商業區
萬華區,福星,4,161,0,第四種商業區
萬華區,福星,4,162,0,第四種商業區
萬華區,福星,4,163,0,第四種商業區
萬華區,福星,4,164,0,第四種商業區
萬華區,福星,4,167,0,第四種商業區
萬華區,福星,4,168,0,第四種商業區
萬華區,福星,4,169,0,第四種商業區
萬華區,福星,4,170,0,第四種商業區
萬華區,福星,4,170,1,道路用地(公共設施用地)
萬華區,福星,4,173,0,道路用地(公共設施用地)
萬華區,福星,4,174,1,道路用地(公共設施用地)
萬華區,福星,4,175,0,道路用地(公共設施用地)
萬華區,福星,4,175,1,第四種商業區
萬華區,福星,4,175,2,第四種商業區
萬華區,福星,4,175,3,第四種商業區
萬華區,福星,4,176,0,機關用地(公共設施用地)(供本府及相關單位公務使用)
萬華區,福星,4,177,0,機關用地(公共設施用地)(供本府及相關單位公務使用)
萬華區,福星,4,178,0,第四種商業區
萬華區,福星,4,180,0,第四種商業區
萬華區,福星,4,181,0,第四種商業區
萬華區,福星,4,182,0,第四種商業區
萬華區,福星,4,183,0,第四種商業區
萬華區,福星,4,184,0,第四種商業區
萬華區,福星,4,185,0,第四種商業區
萬華區,福星,4,186,0,第四種商業區
萬華區,福星,4,187,0,第四種商業區
萬華區,福星,4,188,0,第四種商業區
萬華區,福星,4,188,1,道路用地(公共設施用地)
萬華區,福星,4,189,0,第四種商業區
萬華區,福星,4,189,1,道路用地(公共設施用地)
萬華區,福星,4,190,0,第四種商業區
萬華區,福星,4,190,1,道路用地(公共設施用地)
萬華區,福星,4,191,0,第四種商業區
萬華區,福星,4,192,0,道路用地(公共設施用地)
萬華區,福星,4,193,0,第四種商業區
萬華區,福星,4,196,0,第四種商業區
萬華區,福星,4,196,1,道路用地(公共設施用地)
萬華區,福星,4,199,0,第四種商業區
萬華區,福星,4,200,0,第四種商業區
萬華區,福星,4,200,1,道路用地(公共設施用地)
萬華區,福星,4,201,0,第四種商業區
萬華區,福星,4,202,0,第四種商業區
萬華區,福星,4,203,0,第四種商業區
萬華區,福星,4,204,0,第四種商業區
萬華區,福星,4,204,1,第四種商業區
萬華區,福星,4,205,0,第四種商業區
萬華區,福星,4,205,1,道路用地(公共設施用地)
萬華區,福星,4,206,0,第四種商業區
萬華區,福星,4,207,0,第四種商業區
萬華區,福星,4,208,0,第四種商業區
萬華區,福星,4,209,0,第四種商業區
萬華區,福星,4,210,0,第四種商業區
萬華區,福星,4,211,0,第四種商業區
萬華區,福星,4,212,0,第四種商業區
萬華區,福星,4,213,0,第四種商業區
萬華區,福星,4,213,1,道路用地(公共設施用地)
萬華區,福星,4,214,0,第四種商業區
萬華區,福星,4,215,0,第四種商業區
萬華區,福星,4,216,0,第四種商業區
萬華區,福星,4,217,0,第四種商業區
萬華區,福星,4,218,0,第四種商業區
萬華區,福星,4,219,0,第四種商業區
萬華區,福星,4,220,0,第四種商業區
萬華區,福星,4,221,0,第四種商業區
萬華區,福星,4,222,0,第四種商業區
萬華區,福星,4,223,0,第四種商業區
萬華區,福星,4,224,0,第四種商業區
萬華區,福星,4,225,0,第四種商業區
萬華區,福星,4,226,0,第四種商業區
萬華區,福星,4,227,0,第四種商業區
萬華區,福星,4,228,0,第四種商業區
萬華區,福星,4,229,0,第四種商業區
萬華區,福星,4,230,0,第四種商業區
萬華區,福星,4,231,0,第四種商業區
萬華區,福星,4,232,0,第四種商業區
萬華區,福星,4,233,0,道路用地(公共設施用地)
萬華區,福星,4,234,0,第四種商業區
萬華區,福星,4,235,0,第四種商業區
萬華區,福星,4,236,0,第四種商業區
萬華區,福星,4,237,0,第四種商業區
萬華區,福星,4,238,0,道路用地(公共設施用地)
萬華區,福星,4,239,0,道路用地(公共設施用地)
萬華區,福星,4,240,0,第四種商業區
萬華區,福星,4,241,0,第四種商業區
萬華區,福星,4,242,0,第四種商業區
萬華區,福星,4,243,0,第四種商業區
萬華區,福星,4,244,0,第四種商業區
萬華區,福星,4,245,0,第四種商業區
萬華區,福星,4,246,0,第四種商業區
萬華區,福星,4,247,0,第四種商業區
萬華區,福星,4,248,0,第四種商業區
萬華區,福星,4,249,0,第四種商業區
萬華區,福星,4,250,0,第四種商業區
萬華區,福星,4,251,0,第四種商業區
萬華區,福星,4,252,0,第四種商業區及道路用地(公共設施用地)
萬華區,福星,4,253,0,第四種商業區
萬華區,福星,4,254,0,第四種商業區
萬華區,福星,4,255,0,第四種商業區
萬華區,福星,4,256,0,第四種商業區
萬華區,福星,4,257,0,第四種商業區
萬華區,福星,4,258,0,第四種商業區
萬華區,福星,4,259,0,第四種商業區
萬華區,福星,4,260,0,第四種商業區
萬華區,福星,4,261,0,第四種商業區
萬華區,福星,4,262,0,第四種商業區
萬華區,福星,4,263,0,第四種商業區
萬華區,福星,4,264,0,第四種商業區
萬華區,福星,4,265,0,第四種商業區
萬華區,福星,4,266,0,第四種商業區
萬華區,福星,4,267,0,第四種商業區
萬華區,福星,4,268,0,第四種商業區
萬華區,福星,4,269,0,第四種商業區
萬華區,福星,4,270,0,第四種商業區
萬華區,福星,4,271,0,第四種商業區
萬華區,福星,4,272,0,第四種商業區
萬華區,福星,4,273,0,第四種商業區
萬華區,福星,4,274,0,第四種商業區
萬華區,福星,4,275,0,第四種商業區
萬華區,福星,4,276,0,第四種商業區
萬華區,福星,4,277,0,第四種商業區
萬華區,福星,4,279,0,第四種商業區
萬華區,福星,4,280,0,道路用地(公共設施用地)
萬華區,福星,4,281,0,道路用地(公共設施用地)
萬華區,福星,4,282,0,道路用地(公共設施用地)
萬華區,福星,4,283,0,第四種商業區
萬華區,福星,4,287,0,第四種商業區
萬華區,福星,4,288,0,第四種商業區
萬華區,福星,4,289,0,第四種商業區
萬華區,福星,4,290,0,第四種商業區
萬華區,福星,4,291,0,第四種商業區
萬華區,福星,4,291,1,道路用地(公共設施用地)
萬華區,福星,4,292,0,第四種商業區
萬華區,福星,4,292,1,道路用地(公共設施用地)
萬華區,福星,4,293,0,第四種商業區
萬華區,福星,4,293,1,道路用地(公共設施用地)
萬華區,福星,4,294,0,第四種商業區
萬華區,福星,4,294,1,道路用地(公共設施用地)
萬華區,福星,4,295,0,第四種商業區
萬華區,福星,4,295,1,道路用地(公共設施用地)
萬華區,福星,4,296,0,第四種商業區
萬華區,福星,4,296,1,道路用地(公共設施用地)
萬華區,福星,4,297,0,第四種商業區
萬華區,福星,4,297,1,道路用地(公共設施用地)
萬華區,福星,4,298,0,第四種商業區
萬華區,福星,4,298,1,道路用地(公共設施用地)
萬華區,福星,4,299,0,第四種商業區
萬華區,福星,4,300,0,第四種商業區
萬華區,福星,4,301,0,第四種商業區
萬華區,福星,4,302,0,第四種商業區
萬華區,福星,4,303,0,第四種商業區
萬華區,福星,4,304,0,第四種商業區
萬華區,福星,4,305,0,第四種商業區
萬華區,福星,4,306,0,第四種商業區
萬華區,福星,4,307,0,第四種商業區
萬華區,福星,4,307,1,道路用地(公共設施用地)
萬華區,福星,4,308,0,道路用地(公共設施用地)
萬華區,福星,4,309,0,道路用地(公共設施用地)
萬華區,福星,4,310,0,第四種商業區
萬華區,福星,4,310,1,道路用地(公共設施用地)
萬華區,福星,4,313,0,第四種商業區
萬華區,福星,4,319,0,第四種商業區
萬華區,福星,4,320,0,第四種商業區
萬華區,福星,4,321,0,第四種商業區
萬華區,福星,4,322,0,第四種商業區
萬華區,福星,4,323,0,第四種商業區
萬華區,福星,4,324,0,第四種商業區
萬華區,福星,4,325,0,第四種商業區
萬華區,福星,4,326,0,第四種商業區
萬華區,福星,4,327,0,第四種商業區
萬華區,福星,4,328,0,第四種商業區
萬華區,福星,4,329,0,第四種商業區
萬華區,福星,4,330,0,第四種商業區
萬華區,福星,4,342,0,第四種商業區
萬華區,福星,4,343,0,第四種商業區
萬華區,福星,4,344,0,道路用地(公共設施用地)
萬華區,福星,4,345,0,道路用地(公共設施用地)
萬華區,福星,4,346,0,第四種商業區
萬華區,福星,4,346,1,道路用地(公共設施用地)
萬華區,福星,4,347,0,第四種商業區
萬華區,福星,4,348,0,第四種商業區
萬華區,福星,4,349,0,第四種商業區
萬華區,福星,4,350,0,第四種商業區
萬華區,福星,4,351,0,第四種商業區
萬華區,福星,4,352,0,第四種商業區
萬華區,福星,4,353,0,第四種商業區
萬華區,福星,4,354,0,第四種商業區
萬華區,福星,4,355,0,第四種商業區
萬華區,福星,4,356,0,第四種商業區
萬華區,福星,4,357,0,第四種商業區
萬華區,福星,4,358,0,第四種商業區
萬華區,福星,4,361,0,第四種商業區
萬華區,福星,4,362,0,第四種商業區
萬華區,福星,4,363,0,第四種商業區
萬華區,福星,4,364,0,第四種商業區
萬華區,福星,4,365,0,第四種商業區
萬華區,福星,4,366,0,第四種商業區
萬華區,福星,4,367,0,第四種商業區
萬華區,福星,4,368,0,道路用地(公共設施用地)
萬華區,福星,4,369,0,第四種商業區
萬華區,福星,4,370,0,道路用地(公共設施用地)
萬華區,福星,4,371,0,第四種商業區
萬華區,福星,4,371,1,道路用地(公共設施用地)
萬華區,福星,4,371,2,第四種商業區
萬華區,福星,4,372,0,第四種商業區
萬華區,福星,4,373,0,第四種商業區
萬華區,福星,4,373,1,道路用地(公共設施用地)
萬華區,福星,4,374,0,第四種商業區
萬華區,福星,4,374,1,道路用地(公共設施用地)
萬華區,福星,4,375,0,第四種商業區
萬華區,福星,4,375,1,道路用地(公共設施用地)
萬華區,福星,4,376,0,道路用地(公共設施用地)
萬華區,福星,4,377,0,"第肆種商業區(依都市計畫說明書圖規定辦理,始得作第肆種商業區使用)(原屬第肆種住宅區)"
萬華區,福星,4,378,0,"第肆種商業區(依都市計畫說明書圖規定辦理,始得作第肆種商業區使用)(原屬第肆種住宅區)"
萬華區,福星,4,378,1,道路用地(公共設施用地)
萬華區,福星,4,379,0,"第肆種商業區(依都市計畫說明書圖規定辦理,始得作第肆種商業區使用)(原屬第肆種住宅區)"
萬華區,福星,4,380,0,"第肆種商業區(依都市計畫說明書圖規定辦理,始得作第肆種商業區使用)(原屬第肆種住宅區)"
萬華區,福星,4,381,0,"第肆種商業區(依都市計畫說明書圖規定辦理,始得作第肆種商業區使用)(原屬第肆種住宅區)"
萬華區,福星,4,381,1,"第肆種商業區(依都市計畫說明書圖規定辦理,始得作第肆種商業區使用)(原屬第肆之壹種住宅區)"
萬華區,福星,4,382,0,"第肆種商業區(依都市計畫說明書圖規定辦理,始得作第肆種商業區使用)(原屬第肆種住宅區)"
萬華區,福星,4,383,0,"第肆種商業區(依都市計畫說明書圖規定辦理,始得作第肆種商業區使用)(原屬第肆種住宅區)"
萬華區,福星,4,384,0,"第肆種商業區(依都市計畫說明書圖規定辦理,始得作第肆種商業區使用)(原屬第肆種住宅區)"
萬華區,福星,4,385,0,"第肆種商業區(依都市計畫說明書圖規定辦理,始得作第肆種商業區使用)(原屬第肆種住宅區)"
萬華區,福星,4,385,1,"第肆種商業區(依都市計畫說明書圖規定辦理,始得作第肆種商業區使用)(原屬第肆之壹種住宅區)"
萬華區,福星,4,385,2,"第肆種商業區(依都市計畫說明書圖規定辦理,始得作第肆種商業區使用)(原屬第肆種住宅區)"
萬華區,福星,4,386,0,"第肆種商業區(依都市計畫說明書圖規定辦理,始得作第肆種商業區使用)(原屬第肆種住宅區)"
萬華區,福星,4,387,0,道路用地(公共設施用地)
萬華區,福星,4,388,0,"第肆種商業區(依都市計畫說明書圖規定辦理,始得作第肆種商業區使用)(原屬第肆之壹種住宅區),但是否在道路用地(公共設施用地)(應依建築線或俟地籍測量分割後,再確定)"
萬華區,福星,4,388,1,"第肆種商業區(依都市計畫說明書圖規定辦理,始得作第肆種商業區使用)(原屬第肆種住宅區)"
萬華區,福星,4,389,0,"第肆種商業區(依都市計畫說明書圖規定辦理,始得作第肆種商業區使用)(原屬第肆之壹種住宅區)"
萬華區,福星,4,389,1,"第肆種商業區(依都市計畫說明書圖規定辦理,始得作第肆種商業區使用)(原屬第肆種住宅區)"
萬華區,福星,4,390,0,"第肆種商業區(依都市計畫說明書圖規定辦理,始得作第肆種商業區使用)(原屬第肆之壹種住宅區)"
萬華區,福星,4,391,0,"第肆種商業區(依都市計畫說明書圖規定辦理,始得作第肆種商業區使用)(原屬第肆之壹種住宅區)"
萬華區,福星,4,391,1,道路用地(公共設施用地)
萬華區,福星,4,392,0,道路用地(公共設施用地)
萬華區,福星,4,393,0,道路用地(公共設施用地)
萬華區,福星,4,393,1,第四之一種住宅區
萬華區,福星,4,394,0,第四之一種住宅區
萬華區,福星,4,394,1,道路用地(公共設施用地)
萬華區,福星,4,395,0,第四之一種住宅區
萬華區,福星,4,395,1,道路用地(公共設施用地)
萬華區,福星,4,396,0,道路用地(公共設施用地)
萬華區,福星,4,397,0,道路用地(公共設施用地)
萬華區,福星,4,398,0,第四之一種住宅區
萬華區,福星,4,398,1,道路用地(公共設施用地)
萬華區,福星,4,399,0,第四之一種住宅區
萬華區,福星,4,400,0,第四之一種住宅區
萬華區,福星,4,401,0,第四之一種住宅區
萬華區,福星,4,402,0,第四之一種住宅區
萬華區,福星,4,403,0,第四之一種住宅區
萬華區,福星,4,404,0,第四之一種住宅區
萬華區,福星,4,405,0,第四之一種住宅區
萬華區,福星,4,406,0,第四之一種住宅區
萬華區,福星,4,407,0,第四之一種住宅區
萬華區,福星,4,409,0,第四之一種住宅區
萬華區,福星,4,410,0,第四之一種住宅區
萬華區,福星,4,411,0,道路用地(公共設施用地)
萬華區,福星,4,412,0,道路用地(公共設施用地)
萬華區,福星,4,413,0,第四種商業區
萬華區,福星,4,413,1,道路用地(公共設施用地)
萬華區,福星,4,414,0,第四種商業區
萬華區,福星,4,415,0,道路用地(公共設施用地)
萬華區,福星,4,416,0,道路用地(公共設施用地)
萬華區,福星,4,417,0,道路用地(公共設施用地)
萬華區,福星,4,418,0,道路用地(公共設施用地)
萬華區,福星,4,419,0,道路用地(公共設施用地)
萬華區,福星,4,420,0,第四種商業區
萬華區,福星,4,421,0,第四種商業區
萬華區,福星,4,422,0,第四種商業區
萬華區,福星,4,422,1,第四種商業區
萬華區,福星,4,423,0,第四種商業區
萬華區,福星,4,424,0,第四種商業區
萬華區,福星,4,425,0,第四種商業區
萬華區,福星,4,426,0,第四種商業區
萬華區,福星,4,427,0,第四種商業區
萬華區,福星,4,428,0,第四種商業區
萬華區,福星,4,429,0,第四種商業區
萬華區,福星,4,430,0,道路用地(公共設施用地)
萬華區,福星,4,431,0,第四種商業區
萬華區,福星,4,432,0,第四種商業區
萬華區,福星,4,433,0,第四種商業區
萬華區,福星,4,434,0,第四種商業區
萬華區,福星,4,434,1,道路用地(公共設施用地)
萬華區,福星,4,435,0,道路用地(公共設施用地)
萬華區,福星,4,435,1,道路用地(公共設施用地)
萬華區,福星,4,435,2,道路用地(公共設施用地)
萬華區,福星,4,435,3,道路用地(公共設施用地)
萬華區,福星,4,435,4,道路用地(公共設施用地)
萬華區,福星,4,435,5,道路用地(公共設施用地)
萬華區,福星,4,435,6,道路用地(公共設施用地)
萬華區,福星,4,435,7,道路用地(公共設施用地)
萬華區,福星,4,435,8,道路用地(公共設施用地)
萬華區,福星,4,435,9,道路用地(公共設施用地)
萬華區,福星,4,435,10,道路用地(公共設施用地)
萬華區,福星,4,436,0,第四種商業區
萬華區,福星,4,436,1,道路用地(公共設施用地)
萬華區,福星,4,439,0,第四種商業區
萬華區,福星,4,440,0,第四種商業區
萬華區,福星,4,441,0,道路用地(公共設施用地)
萬華區,福星,4,442,0,道路用地(公共設施用地)
萬華區,福星,4,443,0,第四種商業區
萬華區,福星,4,445,0,道路用地(公共設施用地)
萬華區,福星,4,445,2,道路用地(公共設施用地)
萬華區,福星,4,447,0,道路用地(公共設施用地)
萬華區,福星,4,448,1,第四種商業區
萬華區,福星,4,448,2,道路用地(公共設施用地)
萬華區,福星,4,449,0,第四種商業區
萬華區,福星,4,450,0,第四種商業區
萬華區,福星,4,460,0,第四種商業區
萬華區,福星,4,469,0,第四種商業區
萬華區,福星,4,470,0,第四種商業區
萬華區,福星,4,471,0,第四種商業區
萬華區,福星,4,472,0,第四種商業區
萬華區,福星,4,473,0,第四種商業區
萬華區,福星,4,474,0,第四種商業區
萬華區,福星,4,475,0,第四種商業區
萬華區,福星,4,476,0,第四種商業區及道路用地(公共設施用地)
萬華區,福星,4,477,0,第四種商業區
萬華區,福星,4,478,0,第四種商業區
萬華區,福星,4,479,0,第四種商業區
萬華區,福星,4,486,0,第四種商業區
萬華區,福星,4,487,0,第四種商業區
萬華區,福星,4,488,0,第四種商業區
萬華區,福星,4,489,0,第四種商業區
萬華區,福星,4,490,0,第四種商業區及道路用地(公共設施用地)
萬華區,福星,4,491,0,"第四種商業區,但是否在道路用地(公共設施用地)(應依建築線或俟地籍測量分割後,再確定)"
萬華區,福星,4,492,0,第四種商業區
萬華區,福星,4,493,0,第四種商業區
萬華區,福星,4,494,0,第四種商業區
萬華區,福星,4,495,0,第四種商業區
萬華區,福星,4,496,0,第四種商業區
萬華區,福星,4,496,1,道路用地(公共設施用地)
萬華區,福星,4,497,0,第四種商業區
萬華區,福星,4,498,0,第四種商業區
萬華區,福星,4,499,0,第四種商業區
萬華區,福星,4,500,0,第四種商業區
萬華區,福星,4,501,0,第四種商業區
萬華區,福星,4,502,0,第四種商業區
萬華區,福星,4,503,0,第四種商業區
萬華區,福星,4,504,0,第四種商業區
萬華區,福星,4,505,0,第四種商業區
萬華區,福星,4,506,0,第四種商業區
萬華區,福星,4,507,0,第四種商業區
萬華區,福星,4,508,0,第四種商業區
萬華區,福星,4,509,0,第四種商業區
萬華區,福星,4,510,0,第四種商業區
萬華區,福星,4,511,0,第四種商業區
萬華區,福星,4,512,0,第四種商業區
萬華區,福星,4,513,0,第四種商業區
萬華區,福星,4,514,0,第四種商業區
萬華區,福星,4,515,0,第四種商業區
萬華區,福星,4,516,0,第四種商業區
萬華區,福星,4,517,0,第四種商業區
萬華區,福星,4,518,0,第四種商業區
萬華區,福星,4,519,0,第四種商業區
萬華區,福星,4,520,0,第四種商業區
萬華區,福星,4,521,0,第四種商業區
萬華區,福星,4,522,0,第四種商業區
萬華區,福星,4,523,0,第四種商業區
萬華區,福星,4,524,0,第四種商業區
萬華區,福星,4,525,0,第四種商業區
萬華區,福星,4,526,0,第四種商業區
萬華區,福星,4,527,0,第四種商業區
萬華區,福星,4,528,0,第四種商業區
萬華區,福星,4,529,0,第四種商業區
萬華區,福星,4,530,0,第四種商業區
萬華區,福星,4,531,0,第四種商業區
萬華區,福星,4,532,0,第四種商業區
萬華區,福星,4,533,0,第四種商業區
萬華區,福星,4,534,0,第四種商業區
萬華區,福星,4,535,0,第四種商業區
萬華區,福星,4,536,0,第四種商業區
萬華區,福星,4,537,0,第四種商業區
萬華區,福星,4,538,0,第四種商業區
萬華區,福星,4,539,0,第四種商業區
萬華區,福星,4,540,0,第四種商業區
萬華區,福星,4,541,0,道路用地(公共設施用地)
萬華區,福星,4,542,0,第四種商業區及道路用地(公共設施用地)
萬華區,福星,4,543,0,第四種商業區及道路用地(公共設施用地)
萬華區,福星,4,544,0,第四種商業區
萬華區,福星,4,545,0,道路用地(公共設施用地)及第四種商業區
萬華區,福星,4,546,0,第四種商業區
萬華區,福星,4,547,0,第四種商業區
萬華區,福星,4,548,0,第四種商業區及道路用地(公共設施用地)
萬華區,福星,4,549,0,第四種商業區及道路用地(公共設施用地)
萬華區,福星,4,550,0,道路用地(公共設施用地)
萬華區,福星,4,551,0,第四種商業區
萬華區,福星,4,552,0,第四種商業區
萬華區,福星,4,553,0,第四種商業區
萬華區,福星,4,554,0,第四種商業區及道路用地(公共設施用地)
萬華區,福星,4,554,1,第四種商業區
萬華區,福星,4,555,0,第四種商業區及道路用地(公共設施用地)
萬華區,福星,4,556,0,第四種商業區及道路用地(公共設施用地)
萬華區,福星,4,557,0,第四種商業區
萬華區,福星,4,558,0,道路用地(公共設施用地)
萬華區,福星,4,559,0,第四種商業區及道路用地(公共設施用地)
萬華區,福星,4,560,0,第四種商業區
萬華區,福星,4,561,0,第四種商業區
萬華區,福星,4,563,0,第四種商業區
萬華區,福星,4,564,0,第四種商業區
萬華區,福星,4,565,0,第四種商業區
萬華區,福星,4,566,0,第四種商業區
萬華區,福星,4,567,0,第四種商業區
萬華區,福星,4,568,0,第四種商業區
萬華區,福星,4,569,0,第四種商業區
萬華區,福星,4,570,0,第四種商業區
萬華區,福星,4,571,0,第四種商業區
萬華區,福星,4,572,0,第四種商業區
萬華區,福星,4,573,0,第四種商業區
萬華區,福星,4,574,0,第四種商業區
萬華區,福星,4,574,1,第四種商業區
萬華區,福星,4,575,0,第四種商業區
萬華區,福星,4,576,0,第四種商業區及道路用地(公共設施用地)
萬華區,福星,4,577,0,第四種商業區
萬華區,福星,4,578,0,第四種商業區
萬華區,福星,4,579,0,第四種商業區
萬華區,福星,4,581,0,第四種商業區
萬華區,福星,4,582,0,第四種商業區
萬華區,福星,4,583,0,第四種商業區
萬華區,福星,4,584,0,第四種商業區
萬華區,福星,4,585,0,第四種商業區
萬華區,福星,4,586,0,第四種商業區
萬華區,福星,4,587,0,第四種商業區
萬華區,福星,4,588,0,第四種商業區
萬華區,福星,4,589,0,道路用地(公共設施用地)
萬華區,福星,4,590,0,河川區
萬華區,龍山,1,1,0,道路用地(公共設施用地)
萬華區,龍山,1,2,0,道路用地(公共設施用地)
萬華區,龍山,1,3,0,第三種商業區
萬華區,龍山,1,4,0,第三種商業區
萬華區,龍山,1,5,0,第三種商業區
萬華區,龍山,1,6,0,第三種商業區
萬華區,龍山,1,7,0,第三種商業區
萬華區,龍山,1,8,0,第三種商業區
萬華區,龍山,1,9,0,第三種商業區
萬華區,龍山,1,10,0,第三種商業區
萬華區,龍山,1,11,0,第三種商業區
萬華區,龍山,1,12,0,第三種商業區
萬華區,龍山,1,13,0,第三種商業區
萬華區,龍山,1,14,0,第三種商業區
萬華區,龍山,1,15,0,第三種商業區
萬華區,龍山,1,16,0,第三種商業區
萬華區,龍山,1,17,0,第三種商業區
萬華區,龍山,1,18,0,第三種商業區
萬華區,龍山,1,19,0,第三種商業區
萬華區,龍山,1,20,0,第三種商業區
萬華區,龍山,1,21,0,第三種商業區
萬華區,龍山,1,22,0,第三種商業區
萬華區,龍山,1,23,0,第三種商業區
萬華區,龍山,1,24,0,第三種商業區
萬華區,龍山,1,25,0,第三種商業區
萬華區,龍山,1,25,1,第三種商業區
萬華區,龍山,1,25,2,第三種商業區
萬華區,龍山,1,26,0,第三種商業區
萬華區,龍山,1,27,0,第三種商業區
萬華區,龍山,1,27,1,第三種商業區
萬華區,龍山,1,28,0,第三種商業區
萬華區,龍山,1,29,0,第三種商業區
萬華區,龍山,1,30,0,第三種商業區
萬華區,龍山,1,31,0,第三種商業區
萬華區,龍山,1,32,0,第三種商業區
萬華區,龍山,1,33,0,第三種商業區
萬華區,龍山,1,34,0,第三種商業區
萬華區,龍山,1,41,0,第三種商業區
萬華區,龍山,1,42,0,第三種商業區
萬華區,龍山,1,43,0,第三種商業區
萬華區,龍山,1,44,0,第三種商業區
萬華區,龍山,1,45,0,第三種商業區
萬華區,龍山,1,45,1,第三種商業區
萬華區,龍山,1,45,2,第三種商業區
萬華區,龍山,1,45,3,第三種商業區
萬華區,龍山,1,46,0,第三種商業區
萬華區,龍山,1,47,0,第三種商業區
萬華區,龍山,1,50,2,第三種商業區
萬華區,龍山,1,50,3,第三種商業區
萬華區,龍山,1,52,0,第三種商業區
萬華區,龍山,1,53,0,第三種商業區
萬華區,龍山,1,54,0,第三種商業區
萬華區,龍山,1,55,0,第三種商業區
萬華區,龍山,1,56,0,第三種商業區
萬華區,龍山,1,57,0,第三種商業區
萬華區,龍山,1,58,0,第三種商業區
萬華區,龍山,1,60,0,第三種商業區
萬華區,龍山,1,60,1,第三種商業區
萬華區,龍山,1,60,2,第三種商業區
萬華區,龍山,1,61,0,第三種商業區
萬華區,龍山,1,62,0,第三種商業區
萬華區,龍山,1,63,0,第三種商業區
萬華區,龍山,1,64,0,第三種商業區
萬華區,龍山,1,65,0,第三種商業區
萬華區,龍山,1,66,0,第三種商業區
萬華區,龍山,1,67,0,第三種商業區
萬華區,龍山,1,67,1,第三種商業區
萬華區,龍山,1,67,2,第三種商業區
萬華區,龍山,1,68,0,第三種商業區
萬華區,龍山,1,72,0,第三種商業區
萬華區,龍山,1,73,0,第三種商業區
萬華區,龍山,1,74,0,第三種商業區
萬華區,龍山,1,75,0,第三種商業區
萬華區,龍山,1,76,0,第三種商業區
萬華區,龍山,1,81,0,道路用地(公共設施用地)
萬華區,龍山,1,81,1,第三種商業區
萬華區,龍山,1,82,0,第三種商業區
萬華區,龍山,1,83,0,第三種商業區
萬華區,龍山,1,84,0,第三種商業區
萬華區,龍山,1,85,0,第三種商業區
萬華區,龍山,1,86,0,第三種商業區
萬華區,龍山,1,86,1,第三種商業區
萬華區,龍山,1,86,2,第三種商業區
萬華區,龍山,1,87,0,第三種商業區
萬華區,龍山,1,87,1,第三種商業區
萬華區,龍山,1,87,2,第三種商業區
萬華區,龍山,1,88,0,第三種商業區
萬華區,龍山,1,89,0,第三種商業區
萬華區,龍山,1,90,0,第三種商業區
萬華區,龍山,1,91,0,第三種商業區
萬華區,龍山,1,92,0,第三種商業區
萬華區,龍山,1,93,0,第三種商業區
萬華區,龍山,1,94,0,第三種商業區
萬華區,龍山,1,94,1,第三種商業區
萬華區,龍山,1,94,2,道路用地(公共設施用地)
萬華區,龍山,1,95,0,第三種商業區
萬華區,龍山,1,95,1,道路用地(公共設施用地)
萬華區,龍山,1,96,0,第三種商業區
萬華區,龍山,1,96,1,道路用地(公共設施用地)
萬華區,龍山,1,97,0,第三種商業區
萬華區,龍山,1,98,0,第三種商業區
萬華區,龍山,1,99,0,第三種商業區
萬華區,龍山,1,99,1,道路用地(公共設施用地)
萬華區,龍山,1,100,0,第三種商業區
萬華區,龍山,1,100,1,第三種商業區
萬華區,龍山,1,101,0,第三種商業區
萬華區,龍山,1,102,0,第三種商業區
萬華區,龍山,1,103,0,第三種商業區
萬華區,龍山,1,104,0,第三種商業區
萬華區,龍山,1,104,1,道路用地(公共設施用地)
萬華區,龍山,1,105,0,第三種商業區
萬華區,龍山,1,105,1,道路用地(公共設施用地)
萬華區,龍山,1,107,0,第三種商業區
萬華區,龍山,1,108,0,第三種商業區
萬華區,龍山,1,110,0,第三種商業區
萬華區,龍山,1,112,0,第三種商業區
萬華區,龍山,1,113,0,第三種商業區
萬華區,龍山,1,114,0,第三種商業區
萬華區,龍山,1,114,2,第三種商業區
萬華區,龍山,1,115,1,第三種商業區
萬華區,龍山,1,119,0,第三種商業區
萬華區,龍山,1,120,0,第三種商業區
萬華區,龍山,1,121,0,第三種商業區
萬華區,龍山,1,122,0,第三種商業區
萬華區,龍山,1,123,0,第三種商業區
萬華區,龍山,1,124,0,第三種商業區
萬華區,龍山,1,125,0,第三種商業區
萬華區,龍山,1,126,0,第三種商業區
萬華區,龍山,1,127,0,第三種商業區
萬華區,龍山,1,128,0,第三種商業區
萬華區,龍山,1,129,0,第三種商業區
萬華區,龍山,1,129,1,道路用地(公共設施用地)
萬華區,龍山,1,130,0,第三種商業區
萬華區,龍山,1,130,1,道路用地(公共設施用地)
萬華區,龍山,1,131,0,第三種商業區
萬華區,龍山,1,131,1,道路用地(公共設施用地)
萬華區,龍山,1,132,0,第三種商業區
萬華區,龍山,1,132,1,道路用地(公共設施用地)
萬華區,龍山,1,133,0,第三種商業區
萬華區,龍山,1,133,1,道路用地(公共設施用地)
萬華區,龍山,1,134,0,第三種商業區
萬華區,龍山,1,135,0,第三種商業區
萬華區,龍山,1,136,0,第三種商業區
萬華區,龍山,1,136,1,道路用地(公共設施用地)
萬華區,龍山,1,137,0,第三種商業區
萬華區,龍山,1,137,1,道路用地(公共設施用地)
萬華區,龍山,1,138,0,第三種商業區
萬華區,龍山,1,138,1,道路用地(公共設施用地)
萬華區,龍山,1,142,1,道路用地(公共設施用地)
萬華區,龍山,1,143,1,道路用地(公共設施用地)
萬華區,龍山,1,143,2,道路用地(公共設施用地)
萬華區,龍山,1,144,0,道路用地(公共設施用地)
萬華區,龍山,1,145,0,道路用地(公共設施用地)
萬華區,龍山,1,145,2,第三種商業區
萬華區,龍山,1,145,3,第三種商業區
萬華區,龍山,1,146,0,道路用地(公共設施用地)
萬華區,龍山,1,147,0,道路用地(公共設施用地)
萬華區,龍山,1,148,0,第三種商業區
萬華區,龍山,1,148,1,道路用地(公共設施用地)
萬華區,龍山,1,149,0,第三種商業區
萬華區,龍山,1,149,1,道路用地(公共設施用地)
萬華區,龍山,1,150,0,第三種商業區
萬華區,龍山,1,150,1,道路用地(公共設施用地)
萬華區,龍山,1,151,0,第三種商業區
萬華區,龍山,1,152,0,第三種商業區
萬華區,龍山,1,153,0,第三種商業區
萬華區,龍山,1,154,0,第三種商業區
萬華區,龍山,1,155,0,第三種商業區
萬華區,龍山,1,155,1,道路用地(公共設施用地)
萬華區,龍山,1,156,0,第三種商業區
萬華區,龍山,1,156,1,第三種商業區
萬華區,龍山,1,156,2,道路用地(公共設施用地)
萬華區,龍山,1,157,0,第三種商業區
萬華區,龍山,1,158,0,第三種商業區
萬華區,龍山,1,159,0,第三種商業區
萬華區,龍山,1,160,0,第三種商業區
萬華區,龍山,1,161,0,第三種商業區
萬華區,龍山,1,161,1,道路用地(公共設施用地)
萬華區,龍山,1,162,0,第三種商業區
萬華區,龍山,1,163,0,第三種商業區
萬華區,龍山,1,164,0,第三種商業區
萬華區,龍山,1,165,0,第三種商業區
萬華區,龍山,1,166,0,第三種商業區
萬華區,龍山,1,167,0,第三種商業區
萬華區,龍山,1,168,0,第三種商業區
萬華區,龍山,1,169,0,第三種商業區
萬華區,龍山,1,170,0,第三種商業區
萬華區,龍山,1,171,0,第三種商業區
萬華區,龍山,1,172,0,第三種商業區
萬華區,龍山,1,173,0,第三種商業區
萬華區,龍山,1,174,0,第三種商業區
萬華區,龍山,1,175,0,第三種商業區
萬華區,龍山,1,176,0,第三種商業區
萬華區,龍山,1,176,1,道路用地(公共設施用地)
萬華區,龍山,1,176,2,道路用地(公共設施用地)
萬華區,龍山,1,177,0,第三種商業區
萬華區,龍山,1,178,0,第三種商業區
萬華區,龍山,1,179,0,第三種商業區
萬華區,龍山,1,180,0,第三種商業區
萬華區,龍山,1,181,0,道路用地(公共設施用地)
萬華區,龍山,1,181,1,第三種商業區
萬華區,龍山,1,181,2,第三種商業區
萬華區,龍山,1,182,0,第三種商業區
萬華區,龍山,1,183,0,第三種商業區
萬華區,龍山,1,184,0,"第三種商業區,但是否在道路用地(公共設施用地)(應依建築線或俟地籍測量分割後,再確定)"
萬華區,龍山,1,185,0,"第三種商業區,但是否在道路用地(公共設施用地)(應依建築線或俟地籍測量分割後,再確定)"
萬華區,龍山,1,186,0,第三種商業區
萬華區,龍山,1,187,0,第三種商業區
萬華區,龍山,1,188,0,第三種商業區
萬華區,龍山,1,189,0,第三種商業區
萬華區,龍山,1,190,0,第三種商業區
萬華區,龍山,1,191,0,第三種商業區
萬華區,龍山,1,192,0,第三種商業區
萬華區,龍山,1,193,0,保存區
萬華區,龍山,1,194,0,第三種商業區
萬華區,龍山,1,195,0,第三種商業區
萬華區,龍山,1,196,0,道路用地(公共設施用地)
萬華區,龍山,1,196,1,道路用地(公共設施用地)
萬華區,龍山,1,197,0,第三種商業區
萬華區,龍山,1,198,0,第三種商業區
萬華區,龍山,1,199,0,第三種商業區
萬華區,龍山,1,200,0,第三種商業區
萬華區,龍山,1,201,0,第三種商業區
萬華區,龍山,1,202,0,第三種商業區
萬華區,龍山,1,203,0,第三種商業區
萬華區,龍山,1,204,0,第三種商業區
萬華區,龍山,1,205,0,第三種商業區
萬華區,龍山,1,206,0,第三種商業區
萬華區,龍山,1,206,1,第三種商業區
萬華區,龍山,1,207,0,第三種商業區
萬華區,龍山,1,208,0,第三種商業區
萬華區,龍山,1,209,0,第三種商業區
萬華區,龍山,1,210,0,第三種商業區
萬華區,龍山,1,211,0,第三種商業區
萬華區,龍山,1,212,0,第三種商業區
萬華區,龍山,1,213,0,第三種商業區
萬華區,龍山,1,214,0,第三種商業區
萬華區,龍山,1,215,0,第三種商業區
萬華區,龍山,1,216,0,第三種商業區
萬華區,龍山,1,217,0,第三種商業區
萬華區,龍山,1,218,0,第三種商業區
萬華區,龍山,1,219,0,第三種商業區
萬華區,龍山,1,220,0,第三種商業區
萬華區,龍山,1,221,0,第三種商業區
萬華區,龍山,1,222,0,第三種商業區
萬華區,龍山,1,223,0,第三種商業區
萬華區,龍山,1,224,0,第三種商業區
萬華區,龍山,1,225,0,第三種商業區
萬華區,龍山,1,226,0,第三種商業區
萬華區,龍山,1,227,0,第三種商業區
萬華區,龍山,1,229,0,第三種商業區
萬華區,龍山,1,230,0,第三種商業區
萬華區,龍山,1,231,0,第三種商業區
萬華區,龍山,1,232,0,第三種商業區
萬華區,龍山,1,233,0,第三種商業區
萬華區,龍山,1,234,0,第三種商業區
萬華區,龍山,1,235,0,第三種商業區
萬華區,龍山,1,236,0,"第三種商業區,但是否在道路用地(公共設施用地)(應依建築線或俟地籍測量分割後,再確定)"
萬華區,龍山,1,237,0,第三種商業區
萬華區,龍山,1,238,0,第三種商業區
萬華區,龍山,1,239,0,第三種商業區
萬華區,龍山,1,240,0,第三種商業區
萬華區,龍山,1,241,0,第三種商業區
萬華區,龍山,1,242,0,第三種商業區
萬華區,龍山,1,243,0,第三種商業區
萬華區,龍山,1,244,0,第三種商業區
萬華區,龍山,1,245,0,第三種商業區
萬華區,龍山,1,246,0,第三種商業區
萬華區,龍山,1,247,0,第三種商業區
萬華區,龍山,1,248,0,道路用地(公共設施用地)
萬華區,龍山,1,248,1,道路用地(公共設施用地)
萬華區,龍山,1,249,0,第三種商業區
萬華區,龍山,1,250,0,第三種商業區
萬華區,龍山,1,251,0,第三種商業區
萬華區,龍山,1,252,0,第三種商業區
萬華區,龍山,1,253,0,第三種商業區
萬華區,龍山,1,254,0,第三種商業區
萬華區,龍山,1,255,0,第三種商業區
萬華區,龍山,1,257,1,第三種商業區
萬華區,龍山,1,269,0,第三種商業區
萬華區,龍山,1,270,0,第三種商業區
萬華區,龍山,1,271,0,第三種商業區
萬華區,龍山,1,272,0,第三種商業區
萬華區,龍山,1,273,0,第三種商業區
萬華區,龍山,1,274,0,第三種商業區
萬華區,龍山,1,275,0,第三種商業區
萬華區,龍山,1,276,0,第三種商業區
萬華區,龍山,1,277,0,保存區
萬華區,龍山,1,278,0,第三種商業區
萬華區,龍山,1,279,0,保存區
萬華區,龍山,1,280,1,第三種商業區
萬華區,龍山,1,281,0,第三種商業區
萬華區,龍山,1,282,0,第三種商業區
萬華區,龍山,1,283,0,第三種商業區
萬華區,龍山,1,284,0,第三種商業區
萬華區,龍山,1,285,0,第三種商業區
萬華區,龍山,1,286,0,第三種商業區
萬華區,龍山,1,287,0,第三種商業區
萬華區,龍山,1,292,0,道路用地(公共設施用地)
萬華區,龍山,1,293,0,道路用地(公共設施用地)
萬華區,龍山,1,294,0,第三種商業區
萬華區,龍山,1,295,0,第三種商業區
萬華區,龍山,1,296,0,第三種商業區
萬華區,龍山,1,297,0,第三種商業區
萬華區,龍山,1,306,0,第三種商業區
萬華區,龍山,1,307,0,道路用地(公共設施用地)
萬華區,龍山,1,307,1,第三種商業區
萬華區,龍山,1,308,0,道路用地(公共設施用地)
萬華區,龍山,1,309,0,第三種商業區
萬華區,龍山,1,310,0,第三種商業區
萬華區,龍山,1,313,2,道路用地(公共設施用地)
萬華區,龍山,1,314,0,第三種商業區
萬華區,龍山,1,315,0,道路用地(公共設施用地)
萬華區,龍山,1,316,0,道路用地(公共設施用地)
萬華區,龍山,1,317,0,道路用地(公共設施用地)
萬華區,龍山,1,318,0,道路用地(公共設施用地)
萬華區,龍山,1,319,0,道路用地(公共設施用地)
萬華區,龍山,1,320,0,第三種商業區
萬華區,龍山,1,320,1,道路用地(公共設施用地)
萬華區,龍山,1,321,1,道路用地(公共設施用地)
萬華區,龍山,1,324,0,道路用地(公共設施用地)
萬華區,龍山,1,325,0,第三種商業區
萬華區,龍山,1,326,0,道路用地(公共設施用地)
萬華區,龍山,1,329,1,道路用地(公共設施用地)
萬華區,龍山,1,330,1,道路用地(公共設施用地)
萬華區,龍山,1,335,1,第三種商業區
萬華區,龍山,1,336,1,第三種商業區
萬華區,龍山,1,337,0,第三種商業區
萬華區,龍山,1,338,0,第三種商業區
萬華區,龍山,1,339,0,第三種商業區
萬華區,龍山,1,345,0,第三種商業區
萬華區,龍山,1,346,0,道路用地(公共設施用地)
萬華區,龍山,1,346,1,第三種商業區
萬華區,龍山,1,347,0,道路用地(公共設施用地)
萬華區,龍山,1,347,1,第三種商業區
萬華區,龍山,1,348,0,道路用地(公共設施用地)
萬華區,龍山,1,348,1,第三種商業區
萬華區,龍山,1,349,0,第三種商業區
萬華區,龍山,1,350,0,道路用地(公共設施用地)
萬華區,龍山,1,351,0,道路用地(公共設施用地)
萬華區,龍山,1,352,0,第三種商業區
萬華區,龍山,1,352,1,第三種商業區
萬華區,龍山,1,352,2,道路用地(公共設施用地)
萬華區,龍山,1,352,3,第三種商業區
萬華區,龍山,1,353,0,第三種商業區
萬華區,龍山,1,353,1,第三種商業區
萬華區,龍山,1,353,2,道路用地(公共設施用地)
萬華區,龍山,1,354,0,第三種商業區
萬華區,龍山,1,354,1,第三種商業區
萬華區,龍山,1,354,2,道路用地(公共設施用地)
萬華區,龍山,1,355,0,第三種商業區
萬華區,龍山,1,355,1,第三種商業區
萬華區,龍山,1,355,2,道路用地(公共設施用地)
萬華區,龍山,1,356,0,第三種商業區
萬華區,龍山,1,356,1,道路用地(公共設施用地)
萬華區,龍山,1,356,2,道路用地(公共設施用地)
萬華區,龍山,1,357,0,第三種商業區
萬華區,龍山,1,357,1,第三種商業區
萬華區,龍山,1,357,2,道路用地(公共設施用地)
萬華區,龍山,1,357,3,第三種商業區
萬華區,龍山,1,358,0,第三種商業區
萬華區,龍山,1,359,0,第三種商業區
萬華區,龍山,1,359,1,道路用地(公共設施用地)
萬華區,龍山,1,359,2,道路用地(公共設施用地)
萬華區,龍山,1,360,0,第三種商業區
萬華區,龍山,1,360,1,道路用地(公共設施用地)
萬華區,龍山,1,360,2,道路用地(公共設施用地)
萬華區,龍山,1,361,0,第三種商業區
萬華區,龍山,1,363,0,第三種商業區
萬華區,龍山,1,363,1,道路用地(公共設施用地)
萬華區,龍山,1,363,2,道路用地(公共設施用地)
萬華區,龍山,1,369,0,第三種商業區
萬華區,龍山,1,369,2,道路用地(公共設施用地)
萬華區,龍山,1,370,2,道路用地(公共設施用地)
萬華區,龍山,1,371,0,第三種商業區
萬華區,龍山,1,377,2,道路用地(公共設施用地)
萬華區,龍山,1,378,0,道路用地(公共設施用地)
萬華區,龍山,1,379,0,第三種商業區
萬華區,龍山,1,379,2,道路用地(公共設施用地)
萬華區,龍山,1,380,0,道路用地(公共設施用地)
萬華區,龍山,1,380,2,道路用地(公共設施用地)
萬華區,龍山,1,381,0,道路用地(公共設施用地)
萬華區,龍山,1,382,0,第三種商業區
萬華區,龍山,1,382,2,道路用地(公共設施用地)
萬華區,龍山,1,383,3,道路用地(公共設施用地)
萬華區,龍山,1,383,4,第三種商業區
萬華區,龍山,1,383,7,第三種商業區
萬華區,龍山,1,383,8,第三種商業區
萬華區,龍山,1,383,9,第三種商業區
萬華區,龍山,1,383,10,第三種商業區
萬華區,龍山,1,383,11,第三種商業區
萬華區,龍山,1,383,12,第三種商業區
萬華區,龍山,1,383,13,第三種商業區
萬華區,龍山,1,383,15,第三種商業區
萬華區,龍山,1,384,0,第三種商業區
萬華區,龍山,1,385,0,道路用地(公共設施用地)
萬華區,龍山,1,388,0,道路用地(公共設施用地)
萬華區,龍山,1,389,0,第三種商業區
萬華區,龍山,1,391,0,第三種商業區
萬華區,龍山,1,392,0,第三種商業區
萬華區,龍山,1,395,0,道路用地(公共設施用地)
萬華區,龍山,1,396,1,道路用地(公共設施用地)
萬華區,龍山,1,397,1,道路用地(公共設施用地)
萬華區,龍山,1,398,0,第三種商業區
萬華區,龍山,1,398,1,道路用地(公共設施用地)
萬華區,龍山,1,400,1,道路用地(公共設施用地)
萬華區,龍山,1,401,0,道路用地(公共設施用地)
萬華區,龍山,1,402,0,第三種商業區
萬華區,龍山,1,403,1,道路用地(公共設施用地)
萬華區,龍山,1,404,0,道路用地(公共設施用地)
萬華區,龍山,1,413,0,道路用地(公共設施用地)
萬華區,龍山,1,417,0,道路用地(公共設施用地)
萬華區,龍山,1,418,0,道路用地(公共設施用地)
萬華區,龍山,1,419,0,第三種商業區
萬華區,龍山,1,420,0,第三種商業區
萬華區,龍山,1,421,0,第三種商業區
萬華區,龍山,1,422,0,第三種商業區
萬華區,龍山,1,423,0,第三種商業區
萬華區,龍山,1,424,0,第三種商業區
萬華區,龍山,1,425,0,道路用地(公共設施用地)
萬華區,龍山,1,426,0,道路用地(公共設施用地)
萬華區,龍山,1,427,0,第三種商業區
萬華區,龍山,1,428,0,第三種商業區
萬華區,龍山,1,428,1,道路用地(公共設施用地)
萬華區,龍山,1,429,0,道路用地(公共設施用地)
萬華區,龍山,1,430,0,第三種商業區
萬華區,龍山,1,431,0,道路用地(公共設施用地)
萬華區,龍山,1,432,0,道路用地(公共設施用地)
萬華區,龍山,1,433,0,第三種商業區
萬華區,龍山,1,434,0,第三種商業區
萬華區,龍山,1,435,0,第三種商業區
萬華區,龍山,1,436,0,"第三種商業區,但是否在道路用地(公共設施用地)(應依建築線或俟地籍測量分割後,再確定)"
萬華區,龍山,1,437,0,第三種商業區
萬華區,龍山,1,438,0,第三種商業區
萬華區,龍山,1,438,1,道路用地(公共設施用地)
萬華區,龍山,1,439,0,第三種商業區
萬華區,龍山,1,439,1,道路用地(公共設施用地)
萬華區,龍山,1,440,0,第三種商業區
萬華區,龍山,1,440,1,道路用地(公共設施用地)
萬華區,龍山,1,441,0,道路用地(公共設施用地)
萬華區,龍山,1,442,0,道路用地(公共設施用地)
萬華區,龍山,1,442,1,道路用地(公共設施用地)
萬華區,龍山,1,443,0,第三種商業區
萬華區,龍山,1,443,1,道路用地(公共設施用地)
萬華區,龍山,1,443,2,第三種商業區
萬華區,龍山,1,443,3,道路用地(公共設施用地)
萬華區,龍山,1,444,0,道路用地(公共設施用地)
萬華區,龍山,1,444,1,第三種商業區
萬華區,龍山,1,444,2,道路用地(公共設施用地)
萬華區,龍山,1,444,3,第三種商業區
萬華區,龍山,1,444,4,第三種商業區
萬華區,龍山,1,444,5,第三種商業區
萬華區,龍山,1,444,6,道路用地(公共設施用地)
萬華區,龍山,1,445,0,道路用地(公共設施用地)
萬華區,龍山,1,446,0,道路用地(公共設施用地)
萬華區,龍山,1,447,0,第三種商業區及道路用地(公共設施用地)
萬華區,龍山,1,448,0,第三種商業區
萬華區,龍山,1,449,0,"第三種商業區,但是否在道路用地(公共設施用地)(應依建築線或俟地籍測量分割後,再確定)"
萬華區,龍山,1,450,0,"第三種商業區,但是否在道路用地(公共設施用地)(應依建築線或俟地籍測量分割後,再確定)"
萬華區,龍山,1,451,0,第三種商業區
萬華區,龍山,1,451,1,道路用地(公共設施用地)
萬華區,龍山,1,452,0,第三種商業區
萬華區,龍山,1,453,0,道路用地(公共設施用地)
萬華區,龍山,1,454,0,道路用地(公共設施用地)
萬華區,龍山,1,455,0,第三種商業區
萬華區,龍山,1,456,0,第三種商業區
萬華區,龍山,1,457,0,第三種商業區
萬華區,龍山,1,458,0,第三種商業區
萬華區,龍山,1,459,0,道路用地(公共設施用地)
萬華區,龍山,1,460,0,道路用地(公共設施用地)
萬華區,龍山,1,461,0,第三種商業區
萬華區,龍山,1,462,0,第三種商業區
萬華區,龍山,1,463,0,第三種商業區
萬華區,龍山,1,464,0,第三種商業區
萬華區,龍山,1,465,0,道路用地(公共設施用地)
萬華區,龍山,1,465,1,道路用地(公共設施用地)
萬華區,龍山,1,466,0,道路用地(公共設施用地)
萬華區,龍山,1,467,0,道路用地(公共設施用地)
萬華區,龍山,1,467,1,道路用地(公共設施用地)
萬華區,龍山,1,467,2,道路用地(公共設施用地)
萬華區,龍山,1,467,3,道路用地(公共設施用地)
萬華區,龍山,1,467,4,道路用地(公共設施用地)
萬華區,龍山,1,468,0,第三種商業區
萬華區,龍山,1,468,1,第三種商業區
萬華區,龍山,1,469,0,第三種商業區
萬華區,龍山,1,470,0,第三種商業區
萬華區,龍山,1,471,0,第三種商業區
萬華區,龍山,1,472,0,第三種商業區
萬華區,龍山,1,473,0,道路用地(公共設施用地)
萬華區,龍山,1,473,1,第三種商業區
萬華區,龍山,1,474,0,道路用地(公共設施用地)
萬華區,龍山,1,475,0,第三種商業區
萬華區,龍山,1,476,0,第三種商業區
萬華區,龍山,1,477,0,道路用地(公共設施用地)
萬華區,龍山,1,478,0,道路用地(公共設施用地)
萬華區,龍山,1,478,1,第三種商業區
萬華區,龍山,1,478,2,第三種商業區
萬華區,龍山,1,478,3,道路用地(公共設施用地)
萬華區,龍山,1,479,0,道路用地(公共設施用地)
萬華區,龍山,1,479,1,第三種商業區
萬華區,龍山,1,479,2,第三種商業區
萬華區,龍山,1,479,3,道路用地(公共設施用地)
萬華區,龍山,1,480,0,第三種商業區
萬華區,龍山,1,481,0,第三種商業區
萬華區,龍山,1,482,0,第三種商業區
萬華區,龍山,1,482,1,道路用地(公共設施用地)
萬華區,龍山,1,482,2,第三種商業區
萬華區,龍山,1,483,0,第三種商業區
萬華區,龍山,1,484,0,第三種商業區
萬華區,龍山,1,485,0,第三種商業區
萬華區,龍山,1,486,0,第三種商業區
萬華區,龍山,1,487,0,第三種商業區
萬華區,龍山,1,488,0,第三種商業區
萬華區,龍山,1,489,1,道路用地(公共設施用地)
萬華區,龍山,1,490,0,第三種商業區
萬華區,龍山,1,490,1,道路用地(公共設施用地)
萬華區,龍山,1,491,1,道路用地(公共設施用地)
萬華區,龍山,1,492,0,第三種商業區
萬華區,龍山,1,492,1,道路用地(公共設施用地)
萬華區,龍山,1,493,0,第三種商業區
萬華區,龍山,1,494,0,第三種商業區
萬華區,龍山,1,495,0,道路用地(公共設施用地)
萬華區,龍山,1,495,1,道路用地(公共設施用地)
萬華區,龍山,1,495,2,道路用地(公共設施用地)
萬華區,龍山,1,495,3,道路用地(公共設施用地)
萬華區,龍山,1,495,4,道路用地(公共設施用地)
萬華區,龍山,1,495,5,道路用地(公共設施用地)
萬華區,龍山,1,495,6,道路用地(公共設施用地)
萬華區,龍山,1,496,0,第三種商業區
萬華區,龍山,1,497,0,第三種商業區及道路用地(公共設施用地)
萬華區,龍山,1,498,0,第三種商業區
萬華區,龍山,1,498,2,道路用地(公共設施用地)
萬華區,龍山,1,498,3,第三種商業區
萬華區,龍山,1,499,0,第三種商業區
萬華區,龍山,1,500,0,第三種商業區
萬華區,龍山,1,501,0,第三種商業區
萬華區,龍山,1,502,0,第三種商業區
萬華區,龍山,1,503,0,第三種商業區
萬華區,龍山,1,504,0,第三種商業區
萬華區,龍山,1,505,0,第三種商業區
萬華區,龍山,1,506,0,第三種商業區
萬華區,龍山,1,506,1,道路用地(公共設施用地)
萬華區,龍山,1,506,2,第三種商業區
萬華區,龍山,1,507,0,第三種商業區
萬華區,龍山,1,507,1,道路用地(公共設施用地)
萬華區,龍山,1,508,0,第三種商業區
萬華區,龍山,1,508,1,道路用地(公共設施用地)
萬華區,龍山,1,509,0,道路用地(公共設施用地)
萬華區,龍山,1,510,0,第三種商業區
萬華區,龍山,1,510,1,道路用地(公共設施用地)
萬華區,龍山,1,511,0,道路用地(公共設施用地)
萬華區,龍山,1,512,0,道路用地(公共設施用地)
萬華區,龍山,1,513,0,第三種商業區
萬華區,龍山,1,514,0,道路用地(公共設施用地)
萬華區,龍山,1,515,0,道路用地(公共設施用地)
萬華區,龍山,1,515,1,第三種商業區
萬華區,龍山,1,516,0,道路用地(公共設施用地)
萬華區,龍山,1,516,1,第三種商業區
萬華區,龍山,1,516,2,第三種商業區
萬華區,龍山,1,517,0,第三種商業區
萬華區,龍山,1,517,1,道路用地(公共設施用地)
萬華區,龍山,1,517,2,第三種商業區
萬華區,龍山,1,517,3,道路用地(公共設施用地)
萬華區,龍山,1,518,0,第三種商業區
萬華區,龍山,1,518,1,道路用地(公共設施用地)
萬華區,龍山,1,519,0,第三種商業區
萬華區,龍山,1,519,1,道路用地(公共設施用地)
萬華區,龍山,1,520,0,第三種商業區
萬華區,龍山,1,520,1,道路用地(公共設施用地)
萬華區,龍山,1,521,0,第三種商業區
萬華區,龍山,1,522,0,第三種商業區
萬華區,龍山,1,522,1,道路用地(公共設施用地)
萬華區,龍山,1,523,0,第三種商業區
萬華區,龍山,1,523,1,道路用地(公共設施用地)
萬華區,龍山,1,524,0,第三種商業區
萬華區,龍山,1,525,0,第三種商業區
萬華區,龍山,1,526,0,第三種商業區
萬華區,龍山,1,526,1,道路用地(公共設施用地)
萬華區,龍山,1,527,0,第三種商業區
萬華區,龍山,1,528,0,第三種商業區
萬華區,龍山,1,529,0,第三種商業區
萬華區,龍山,1,529,1,第三種商業區
萬華區,龍山,1,530,0,第三種商業區
萬華區,龍山,1,530,1,第三種商業區
萬華區,龍山,1,531,0,第三種商業區
萬華區,龍山,1,531,1,第三種商業區
萬華區,龍山,1,532,0,第三種商業區
萬華區,龍山,1,533,0,第三種商業區
萬華區,龍山,1,534,0,第三種商業區
萬華區,龍山,1,535,0,第三種商業區
萬華區,龍山,1,536,0,第三種商業區
萬華區,龍山,1,537,0,第三種商業區
萬華區,龍山,1,538,0,第三種商業區
萬華區,龍山,1,539,0,第三種商業區
萬華區,龍山,1,540,0,第三種商業區
萬華區,龍山,1,541,0,第三種商業區
萬華區,龍山,1,542,0,第三種商業區
萬華區,龍山,1,543,0,第三種商業區
萬華區,龍山,1,544,0,第三種商業區
萬華區,龍山,1,545,0,第三種商業區
萬華區,龍山,1,546,0,第三種商業區
萬華區,龍山,1,546,1,道路用地(公共設施用地)
萬華區,龍山,1,547,0,第三種商業區
萬華區,龍山,1,547,1,道路用地(公共設施用地)
萬華區,龍山,1,548,0,第三種商業區
萬華區,龍山,1,548,1,道路用地(公共設施用地)
萬華區,龍山,1,549,0,第三種商業區
萬華區,龍山,1,549,1,道路用地(公共設施用地)
萬華區,龍山,1,550,0,第三種商業區
萬華區,龍山,1,551,0,第三種商業區
萬華區,龍山,1,552,0,第三種商業區
萬華區,龍山,1,553,0,第三種商業區
萬華區,龍山,1,554,0,第三種商業區
萬華區,龍山,1,554,1,第三種商業區
萬華區,龍山,1,555,0,第三種商業區
萬華區,龍山,1,556,0,第三種商業區
萬華區,龍山,1,557,0,第三種商業區
萬華區,龍山,1,558,0,第三種商業區
萬華區,龍山,1,559,0,第三種商業區
萬華區,龍山,1,560,0,道路用地(公共設施用地)
萬華區,龍山,1,560,3,道路用地(公共設施用地)
萬華區,龍山,1,560,4,道路用地(公共設施用地)
萬華區,龍山,1,560,5,道路用地(公共設施用地)
萬華區,龍山,1,560,6,第三種商業區
萬華區,龍山,1,560,7,道路用地(公共設施用地)
萬華區,龍山,1,560,8,第三種商業區
萬華區,龍山,1,560,9,道路用地(公共設施用地)
萬華區,龍山,1,561,0,道路用地(公共設施用地)
萬華區,龍山,1,562,0,道路用地(公共設施用地)
萬華區,龍山,1,562,1,道路用地(公共設施用地)
萬華區,龍山,1,562,2,第三種商業區
萬華區,龍山,1,562,3,道路用地(公共設施用地)
萬華區,龍山,1,563,0,第三種商業區
萬華區,龍山,1,563,1,道路用地(公共設施用地)
萬華區,龍山,1,567,0,第三種商業區
萬華區,龍山,1,570,0,第三種商業區
萬華區,龍山,1,570,1,第三種商業區
萬華區,龍山,1,571,1,第三種商業區
萬華區,龍山,1,572,0,第三種商業區
萬華區,龍山,1,572,1,第三種商業區
萬華區,龍山,1,572,2,第三種商業區
萬華區,龍山,1,573,0,第三種商業區
萬華區,龍山,1,574,0,第三種商業區
萬華區,龍山,1,575,0,第三種商業區
萬華區,龍山,1,575,1,道路用地(公共設施用地)
萬華區,龍山,1,576,0,第三種商業區
萬華區,龍山,1,576,1,道路用地(公共設施用地)
萬華區,龍山,1,577,0,道路用地(公共設施用地)
萬華區,龍山,1,578,0,第三種商業區
萬華區,龍山,1,578,1,道路用地(公共設施用地)
萬華區,龍山,1,579,0,第三種商業區
萬華區,龍山,1,579,1,道路用地(公共設施用地)
萬華區,龍山,1,580,0,第三種商業區
萬華區,龍山,1,581,0,第三種商業區
萬華區,龍山,1,582,0,第三種商業區
萬華區,龍山,1,583,0,第三種商業區
萬華區,龍山,1,583,1,道路用地(公共設施用地)
萬華區,龍山,1,583,2,第三種商業區
萬華區,龍山,1,584,0,第三種商業區
萬華區,龍山,1,584,1,第三種商業區
萬華區,龍山,1,585,0,第三種商業區
萬華區,龍山,1,585,1,道路用地(公共設施用地)
萬華區,龍山,1,586,0,第三種商業區
萬華區,龍山,1,586,1,道路用地(公共設施用地)
萬華區,龍山,1,587,0,第三種商業區
萬華區,龍山,1,587,1,道路用地(公共設施用地)
萬華區,龍山,1,588,0,道路用地(公共設施用地)
萬華區,龍山,1,589,0,第三種商業區
萬華區,龍山,1,589,1,道路用地(公共設施用地)
萬華區,龍山,1,590,0,第三種商業區
萬華區,龍山,1,591,0,第三種商業區
萬華區,龍山,1,591,1,道路用地(公共設施用地)
萬華區,龍山,1,592,0,第三種商業區
萬華區,龍山,1,592,1,道路用地(公共設施用地)
萬華區,龍山,1,592,2,第三種商業區
萬華區,龍山,1,593,0,第三種商業區
萬華區,龍山,1,593,1,道路用地(公共設施用地)
萬華區,龍山,1,593,2,第三種商業區
萬華區,龍山,1,594,0,第三種商業區
萬華區,龍山,1,594,1,道路用地(公共設施用地)
萬華區,龍山,1,594,2,第三種商業區
萬華區,龍山,1,595,0,第三種商業區
萬華區,龍山,1,596,0,第三種商業區
萬華區,龍山,1,597,0,第三種商業區
萬華區,龍山,1,598,0,第三種商業區
萬華區,龍山,1,599,0,第三種商業區
萬華區,龍山,1,600,0,第三種商業區
萬華區,龍山,1,601,0,第三種商業區
萬華區,龍山,1,602,0,第三種商業區
萬華區,龍山,1,603,0,第三種商業區
萬華區,龍山,1,603,1,第三種商業區
萬華區,龍山,1,604,0,第三種商業區
萬華區,龍山,1,605,0,第三種商業區
萬華區,龍山,1,606,0,第三種商業區
萬華區,龍山,1,607,0,第三種商業區
萬華區,龍山,1,608,0,第三種商業區
萬華區,龍山,1,609,0,第三種商業區
萬華區,龍山,1,610,0,第三種商業區
萬華區,龍山,1,611,0,第三種商業區
萬華區,龍山,1,612,0,第三種商業區
萬華區,龍山,1,613,0,第三種商業區
萬華區,龍山,1,614,0,第三種商業區
萬華區,龍山,1,615,0,道路用地(公共設施用地)
萬華區,龍山,1,616,0,第三種商業區
萬華區,龍山,1,616,1,道路用地(公共設施用地)
萬華區,龍山,1,617,0,第三種商業區
萬華區,龍山,1,617,1,第三種商業區
萬華區,龍山,1,617,2,第三種商業區
萬華區,龍山,1,617,3,第三種商業區
萬華區,龍山,1,617,4,第三種商業區
萬華區,龍山,1,618,0,第三種商業區
萬華區,龍山,1,619,0,第三種商業區
萬華區,龍山,1,620,0,道路用地(公共設施用地)
萬華區,龍山,1,620,1,第三種商業區
萬華區,龍山,1,621,0,第三種商業區
萬華區,龍山,1,622,0,第三種商業區
萬華區,龍山,1,628,0,第三種商業區
萬華區,龍山,1,632,0,第三種商業區
萬華區,龍山,1,633,0,第三種商業區
萬華區,龍山,1,634,0,第三種商業區
萬華區,龍山,1,635,0,第三種商業區
萬華區,龍山,1,636,0,第三種商業區
萬華區,龍山,1,637,0,第三種商業區
萬華區,龍山,1,638,0,第三種商業區
萬華區,龍山,1,639,0,第三種商業區
萬華區,龍山,1,640,0,第三種商業區
萬華區,龍山,1,641,0,第三種商業區
萬華區,龍山,1,642,0,道路用地(公共設施用地)
萬華區,龍山,1,643,0,"道路用地(公共設施用地),但是否在第三種商業區(應依建築線或俟地籍測量分割後,再確定)"
萬華區,龍山,1,644,0,"道路用地(公共設施用地),但是否在第三種商業區(應依建築線或俟地籍測量分割後,再確定)"
萬華區,龍山,1,645,0,第三種商業區
萬華區,龍山,1,646,0,第三種商業區
萬華區,龍山,1,647,0,第三種商業區
萬華區,龍山,1,648,0,第三種商業區
萬華區,龍山,1,648,1,第三種商業區
萬華區,龍山,1,649,0,第三種商業區
萬華區,龍山,1,649,1,第三種商業區
萬華區,龍山,1,650,0,第三種商業區
萬華區,龍山,1,651,0,第三種商業區
萬華區,龍山,1,652,0,第三種商業區
萬華區,龍山,1,653,0,第三種商業區
萬華區,龍山,1,655,0,第三種商業區
萬華區,龍山,1,656,0,道路用地(公共設施用地)
萬華區,龍山,1,657,0,道路用地(公共設施用地)
萬華區,龍山,1,658,0,第三種商業區
萬華區,龍山,1,659,0,第三種商業區
萬華區,龍山,1,660,0,道路用地(公共設施用地)
萬華區,龍山,1,661,0,道路用地(公共設施用地)
萬華區,龍山,1,662,0,第三種商業區
萬華區,龍山,1,663,0,第三種商業區
萬華區,龍山,1,663,1,第三種商業區
萬華區,龍山,1,663,2,第三種商業區
萬華區,龍山,1,664,0,道路用地(公共設施用地)
萬華區,龍山,1,665,0,道路用地(公共設施用地)
萬華區,龍山,1,665,1,第三種商業區
萬華區,龍山,1,666,0,道路用地(公共設施用地)
萬華區,龍山,1,667,0,道路用地(公共設施用地)
萬華區,龍山,1,668,0,第三種商業區
萬華區,龍山,1,669,0,道路用地(公共設施用地)
萬華區,龍山,1,670,0,第三種商業區
萬華區,龍山,1,672,0,第三種商業區
萬華區,龍山,1,673,0,第三種商業區
萬華區,龍山,1,677,0,第三種商業區
萬華區,龍山,1,678,0,第三種商業區
萬華區,龍山,1,679,0,第三種商業區
萬華區,龍山,1,679,1,道路用地(公共設施用地)
萬華區,龍山,1,680,0,第三種商業區
萬華區,龍山,1,680,1,道路用地(公共設施用地)
萬華區,龍山,1,681,0,第三種商業區
萬華區,龍山,1,681,1,第三種商業區
萬華區,龍山,1,681,2,道路用地(公共設施用地)
萬華區,龍山,1,682,0,第三種商業區
萬華區,龍山,1,682,1,道路用地(公共設施用地)
萬華區,龍山,1,683,0,第三種商業區
萬華區,龍山,1,683,1,道路用地(公共設施用地)
萬華區,龍山,1,684,0,道路用地(公共設施用地)
萬華區,龍山,1,684,1,道路用地(公共設施用地)
萬華區,龍山,1,684,2,第三種商業區
萬華區,龍山,1,684,3,第三種商業區
萬華區,龍山,1,684,5,第三種商業區
萬華區,龍山,1,685,0,第三種商業區
萬華區,龍山,1,686,0,第三種商業區
萬華區,龍山,1,686,1,道路用地(公共設施用地)
萬華區,龍山,1,687,0,第三種商業區
萬華區,龍山,1,687,1,道路用地(公共設施用地)
萬華區,龍山,1,688,0,道路用地(公共設施用地)
萬華區,龍山,1,689,0,道路用地(公共設施用地)
萬華區,龍山,1,690,0,第三種商業區
萬華區,龍山,1,690,1,道路用地(公共設施用地)
萬華區,龍山,1,690,2,道路用地(公共設施用地)
萬華區,龍山,1,691,0,第三種商業區
萬華區,龍山,1,691,1,道路用地(公共設施用地)
萬華區,龍山,1,691,2,道路用地(公共設施用地)
萬華區,龍山,1,692,0,第三種商業區
萬華區,龍山,1,693,0,道路用地(公共設施用地)
萬華區,龍山,1,694,0,道路用地(公共設施用地)
萬華區,龍山,1,695,0,道路用地(公共設施用地)
萬華區,龍山,1,696,0,第三種商業區
萬華區,龍山,1,696,1,道路用地(公共設施用地)
萬華區,龍山,1,697,0,第三種商業區
萬華區,龍山,1,697,1,道路用地(公共設施用地)
萬華區,龍山,1,698,0,第三種商業區
萬華區,龍山,1,698,1,道路用地(公共設施用地)
萬華區,龍山,1,699,1,道路用地(公共設施用地)
萬華區,龍山,1,700,0,道路用地(公共設施用地)
萬華區,龍山,1,701,0,道路用地(公共設施用地)
萬華區,龍山,1,702,0,道路用地(公共設施用地)
萬華區,龍山,1,703,0,道路用地(公共設施用地)
萬華區,龍山,1,704,0,道路用地(公共設施用地)
萬華區,龍山,1,705,0,道路用地(公共設施用地)
萬華區,龍山,1,706,0,道路用地(公共設施用地)
萬華區,龍山,1,707,0,道路用地(公共設施用地)
萬華區,龍山,1,708,0,道路用地(公共設施用地)
萬華區,龍山,1,709,0,道路用地(公共設施用地)
萬華區,龍山,1,710,0,道路用地(公共設施用地)
萬華區,龍山,1,711,0,第三種商業區
萬華區,龍山,1,711,1,道路用地(公共設施用地)
萬華區,龍山,1,712,0,第三種商業區
萬華區,龍山,1,712,1,道路用地(公共設施用地)
萬華區,龍山,1,713,0,第三種商業區
萬華區,龍山,1,713,1,道路用地(公共設施用地)
萬華區,龍山,1,714,0,道路用地(公共設施用地)
萬華區,龍山,1,715,0,道路用地(公共設施用地)
萬華區,龍山,1,716,0,道路用地(公共設施用地)
萬華區,龍山,1,717,1,道路用地(公共設施用地)
萬華區,龍山,1,718,1,道路用地(公共設施用地)
萬華區,龍山,1,719,1,道路用地(公共設施用地)
萬華區,龍山,1,724,1,道路用地(公共設施用地)
萬華區,龍山,1,728,0,第三種商業區
萬華區,龍山,1,728,1,第三種商業區
萬華區,龍山,1,731,0,第三種商業區
萬華區,龍山,1,731,1,第三種商業區
萬華區,龍山,1,735,0,第三種商業區
萬華區,龍山,1,735,1,道路用地(公共設施用地)
萬華區,龍山,1,736,0,第三種商業區
萬華區,龍山,1,736,1,道路用地(公共設施用地)
萬華區,龍山,1,737,0,第三種商業區
萬華區,龍山,1,738,0,第三種商業區
萬華區,龍山,1,738,1,道路用地(公共設施用地)
萬華區,龍山,1,739,0,第三種商業區
萬華區,龍山,1,739,1,第三種商業區
萬華區,龍山,1,739,2,道路用地(公共設施用地)
萬華區,龍山,1,740,0,第三種商業區
萬華區,龍山,1,740,1,第三種商業區
萬華區,龍山,1,740,2,道路用地(公共設施用地)
萬華區,龍山,1,741,0,第三種商業區
萬華區,龍山,1,741,1,第三種商業區
萬華區,龍山,1,741,2,道路用地(公共設施用地)
萬華區,龍山,1,742,0,第三種商業區
萬華區,龍山,1,742,1,第三種商業區
萬華區,龍山,1,742,2,道路用地(公共設施用地)
萬華區,龍山,1,743,0,第三種商業區
萬華區,龍山,1,744,0,第三種商業區
萬華區,龍山,1,746,0,道路用地(公共設施用地)
萬華區,龍山,1,746,1,第三種商業區
萬華區,龍山,1,746,2,第三種商業區
萬華區,龍山,1,747,0,第三種商業區
萬華區,龍山,1,747,1,道路用地(公共設施用地)
萬華區,龍山,1,749,2,第三種商業區
萬華區,龍山,1,751,0,第三種商業區
萬華區,龍山,1,751,1,第三種商業區
萬華區,龍山,1,752,0,第三種商業區
萬華區,龍山,1,752,2,第三種商業區
萬華區,龍山,1,752,3,第三種商業區
萬華區,龍山,1,753,0,第三種商業區
萬華區,龍山,1,754,0,第三種商業區
萬華區,龍山,1,754,2,第三種商業區
萬華區,龍山,1,755,0,第三種商業區
萬華區,龍山,1,756,1,第三種商業區
萬華區,龍山,1,757,1,第三種商業區
萬華區,龍山,1,757,2,道路用地(公共設施用地)
萬華區,龍山,1,758,0,第三種商業區
萬華區,龍山,1,758,1,道路用地(公共設施用地)
萬華區,龍山,1,758,2,道路用地(公共設施用地)
萬華區,龍山,1,759,0,第三種商業區
萬華區,龍山,1,761,1,道路用地(公共設施用地)
萬華區,龍山,1,761,2,道路用地(公共設施用地)
萬華區,龍山,1,762,1,道路用地(公共設施用地)
萬華區,龍山,1,763,1,道路用地(公共設施用地)
萬華區,龍山,1,765,0,道路用地(公共設施用地)
萬華區,龍山,1,766,0,道路用地(公共設施用地)
萬華區,龍山,1,767,0,道路用地(公共設施用地)
萬華區,龍山,1,768,0,道路用地(公共設施用地)
萬華區,龍山,1,769,0,道路用地(公共設施用地)
萬華區,龍山,1,770,0,道路用地(公共設施用地)
萬華區,龍山,1,771,0,第三種商業區
萬華區,龍山,1,771,1,道路用地(公共設施用地)
萬華區,龍山,1,772,0,第三種商業區
萬華區,龍山,1,773,0,第三種商業區
萬華區,龍山,1,774,0,第三種商業區
萬華區,龍山,1,776,0,第三種商業區
萬華區,龍山,1,777,0,第三種商業區
萬華區,龍山,1,778,0,道路用地(公共設施用地)
萬華區,龍山,1,779,0,道路用地(公共設施用地)
萬華區,龍山,1,780,0,第三種商業區
萬華區,龍山,1,782,0,第三種商業區
萬華區,龍山,1,783,0,第三種商業區
萬華區,龍山,1,783,1,第三種商業區
萬華區,龍山,1,783,2,道路用地(公共設施用地)
萬華區,龍山,1,784,0,第三種商業區
萬華區,龍山,1,784,1,第三種商業區
萬華區,龍山,1,784,2,道路用地(公共設施用地)
萬華區,龍山,1,785,0,第三種商業區
萬華區,龍山,1,786,0,道路用地(公共設施用地)
萬華區,龍山,1,786,1,第三種商業區
萬華區,龍山,1,786,2,第三種商業區
萬華區,龍山,1,787,0,第三種商業區
萬華區,龍山,1,788,0,第三種商業區
萬華區,龍山,1,789,0,第三種商業區
萬華區,龍山,1,790,0,第三種商業區
萬華區,龍山,1,791,0,第三種商業區
萬華區,龍山,1,792,0,第三種商業區
萬華區,龍山,1,793,0,第三種商業區
萬華區,龍山,1,794,0,第三種商業區
萬華區,龍山,1,795,0,道路用地(公共設施用地)
萬華區,龍山,1,796,0,道路用地(公共設施用地)
萬華區,龍山,1,797,0,道路用地(公共設施用地)
萬華區,龍山,1,798,0,道路用地(公共設施用地)
萬華區,龍山,1,798,1,道路用地(公共設施用地)
萬華區,龍山,1,798,2,第三種商業區
萬華區,龍山,1,798,4,第三種商業區
萬華區,龍山,1,798,5,道路用地(公共設施用地)
萬華區,龍山,1,799,0,道路用地(公共設施用地)
萬華區,龍山,1,800,0,第三種商業區
萬華區,龍山,1,801,0,第三種商業區
萬華區,龍山,1,802,0,第三種商業區
萬華區,龍山,1,803,0,第三種商業區
萬華區,龍山,1,806,0,第三種商業區
萬華區,龍山,1,807,0,第三種商業區
萬華區,龍山,1,807,1,道路用地(公共設施用地)
萬華區,龍山,1,808,1,道路用地(公共設施用地)
萬華區,龍山,1,808,2,道路用地(公共設施用地)
萬華區,龍山,1,815,1,道路用地(公共設施用地)
萬華區,龍山,1,817,1,道路用地(公共設施用地)
萬華區,龍山,1,819,1,道路用地(公共設施用地)
萬華區,龍山,1,820,1,道路用地(公共設施用地)
萬華區,龍山,1,821,0,第三種商業區
萬華區,龍山,1,821,1,道路用地(公共設施用地)
萬華區,龍山,1,821,2,第三種商業區
萬華區,龍山,1,822,0,第三種商業區
萬華區,龍山,1,823,0,第三種商業區
萬華區,龍山,1,824,0,第三種商業區
萬華區,龍山,1,824,1,道路用地(公共設施用地)
萬華區,龍山,1,824,2,第三種商業區
萬華區,龍山,1,824,3,道路用地(公共設施用地)
萬華區,龍山,1,825,0,第三種商業區
萬華區,龍山,1,826,0,第三種商業區
萬華區,龍山,1,827,0,第三種商業區
萬華區,龍山,1,828,0,第三種商業區
萬華區,龍山,1,829,0,第三種商業區
萬華區,龍山,1,829,1,道路用地(公共設施用地)
萬華區,龍山,1,830,0,第三種商業區
萬華區,龍山,1,830,1,道路用地(公共設施用地)
萬華區,龍山,1,831,1,道路用地(公共設施用地)
萬華區,龍山,1,832,0,道路用地(公共設施用地)
萬華區,龍山,1,833,0,道路用地(公共設施用地)
萬華區,龍山,1,835,1,道路用地(公共設施用地)
萬華區,龍山,1,836,0,道路用地(公共設施用地)
萬華區,龍山,1,836,1,第三種商業區
萬華區,龍山,1,836,2,道路用地(公共設施用地)
萬華區,龍山,1,841,0,道路用地(公共設施用地)
萬華區,龍山,1,841,1,道路用地(公共設施用地)
萬華區,龍山,1,842,0,道路用地(公共設施用地)
萬華區,龍山,1,843,0,第三種商業區
萬華區,龍山,1,843,1,第三種商業區
萬華區,龍山,1,843,2,道路用地(公共設施用地)
萬華區,龍山,1,844,0,第三種商業區
萬華區,龍山,1,844,1,第三種商業區
萬華區,龍山,1,845,0,第三種商業區
萬華區,龍山,1,846,0,第三種商業區
萬華區,龍山,1,847,0,第三種商業區
萬華區,龍山,1,848,0,第三種商業區
萬華區,龍山,1,849,0,第三種商業區
萬華區,龍山,1,849,1,第三種商業區
萬華區,龍山,1,850,0,第三種商業區
萬華區,龍山,1,850,1,第三種商業區
萬華區,龍山,1,851,0,第三種商業區
萬華區,龍山,1,852,0,第三種商業區
萬華區,龍山,1,853,0,第三種商業區
萬華區,龍山,1,854,0,第三種商業區
萬華區,龍山,1,855,0,第三種商業區
萬華區,龍山,1,856,0,第三種商業區
萬華區,龍山,1,857,0,第三種商業區
萬華區,龍山,1,858,0,第三種商業區
萬華區,龍山,1,858,2,"第參種商業區(依都市計畫說明書圖規定辦理,始得作第參種商業區使用)(原屬第肆種住宅區)"
萬華區,龍山,1,859,0,"第參種商業區(依都市計畫說明書圖規定辦理,始得作第參種商業區使用)(原屬第肆種住宅區)"
萬華區,龍山,1,860,0,"第參種商業區(依都市計畫說明書圖規定辦理,始得作第參種商業區使用)(原屬第肆種住宅區)"
萬華區,龍山,1,861,0,道路用地(公共設施用地)
萬華區,龍山,1,861,1,道路用地(公共設施用地)
萬華區,龍山,1,861,2,道路用地(公共設施用地)
萬華區,龍山,1,862,0,"第參種商業區(依都市計畫說明書圖規定辦理,始得作第參種商業區使用)(原屬第肆種住宅區)"
萬華區,龍山,1,863,0,"第參種商業區(依都市計畫說明書圖規定辦理,始得作第參種商業區使用)(原屬第肆種住宅區)"
萬華區,龍山,1,864,0,"第參種商業區(依都市計畫說明書圖規定辦理,始得作第參種商業區使用)(原屬第肆種住宅區)"
萬華區,龍山,1,865,0,"第參種商業區(依都市計畫說明書圖規定辦理,始得作第參種商業區使用)(原屬第肆種住宅區)"
萬華區,龍山,1,866,0,"第參種商業區(依都市計畫說明書圖規定辦理,始得作第參種商業區使用)(原屬第肆種住宅區)"
萬華區,龍山,1,867,0,"第參種商業區(依都市計畫說明書圖規定辦理,始得作第參種商業區使用)(原屬第肆種住宅區)"
萬華區,龍山,1,868,0,"第參種商業區(依都市計畫說明書圖規定辦理,始得作第參種商業區使用)(原屬第肆種住宅區)"
萬華區,龍山,1,869,0,"第參種商業區(依都市計畫說明書圖規定辦理,始得作第參種商業區使用)(原屬第肆種住宅區)"
萬華區,龍山,1,870,0,"第參種商業區(依都市計畫說明書圖規定辦理,始得作第參種商業區使用)(原屬第肆種住宅區)"
萬華區,龍山,1,871,0,"第參種商業區(依都市計畫說明書圖規定辦理,始得作第參種商業區使用)(原屬第肆種住宅區)"
萬華區,龍山,1,872,0,"第參種商業區(依都市計畫說明書圖規定辦理,始得作第參種商業區使用)(原屬第肆種住宅區),但是否在第三種商業區(應依建築線或俟地籍測量分割後,再確定)"
萬華區,龍山,1,873,0,"第參種商業區(依都市計畫說明書圖規定辦理,始得作第參種商業區使用)(原屬第肆種住宅區)"
萬華區,龍山,1,874,0,"第參種商業區(依都市計畫說明書圖規定辦理,始得作第參種商業區使用)(原屬第肆種住宅區),但是否在第三種商業區(應依建築線或俟地籍測量分割後,再確定)"
萬華區,龍山,1,875,0,第三種商業區
萬華區,龍山,1,876,0,第三種商業區
萬華區,龍山,1,877,0,第三種商業區
萬華區,龍山,1,878,0,第三種商業區
萬華區,龍山,1,879,0,第三種商業區
萬華區,龍山,1,880,0,第三種商業區
萬華區,龍山,1,881,0,第三種商業區
萬華區,龍山,1,882,0,第三種商業區
萬華區,龍山,1,883,0,第三種商業區
萬華區,龍山,1,884,0,第三種商業區
萬華區,龍山,1,885,0,第三種商業區
萬華區,龍山,1,886,0,第三種商業區
萬華區,龍山,1,887,0,第三種商業區
萬華區,龍山,1,888,0,"第參種商業區(依都市計畫說明書圖規定辦理,始得作第參種商業區使用)(原屬第肆種住宅區)"
萬華區,龍山,1,888,1,第三種商業區
萬華區,龍山,1,889,0,第三種商業區
萬華區,龍山,1,890,0,第三種商業區
萬華區,龍山,1,891,0,第三種商業區
萬華區,龍山,1,892,0,第三種商業區
萬華區,龍山,1,893,0,第三種商業區
萬華區,龍山,1,894,0,第三種商業區
萬華區,龍山,1,895,0,第三種商業區
萬華區,龍山,1,896,0,第三種商業區
萬華區,龍山,1,897,0,第三種商業區
萬華區,龍山,1,898,0,第三種商業區
萬華區,龍山,1,899,0,第三種商業區
萬華區,龍山,1,900,0,第三種商業區
萬華區,龍山,1,901,0,第三種商業區
萬華區,龍山,1,902,0,第三種商業區
萬華區,龍山,1,903,0,第三種商業區
萬華區,龍山,1,904,0,第三種商業區
萬華區,龍山,1,907,0,第三種商業區
萬華區,龍山,1,907,1,"第參種商業區(依都市計畫說明書圖規定辦理,始得作第參種商業區使用)(原屬第肆種住宅區)"
萬華區,龍山,1,908,0,"第參種商業區(依都市計畫說明書圖規定辦理,始得作第參種商業區使用)(原屬第肆種住宅區)"
萬華區,龍山,1,909,0,"第參種商業區(依都市計畫說明書圖規定辦理,始得作第參種商業區使用)(原屬第肆種住宅區)"
萬華區,龍山,1,910,0,"第參種商業區(依都市計畫說明書圖規定辦理,始得作第參種商業區使用)(原屬第肆種住宅區)"
萬華區,龍山,1,911,0,"第參種商業區(依都市計畫說明書圖規定辦理,始得作第參種商業區使用)(原屬第肆種住宅區)"
萬華區,龍山,1,912,0,"第參種商業區(依都市計畫說明書圖規定辦理,始得作第參種商業區使用)(原屬第肆種住宅區)"
萬華區,龍山,1,913,0,"第參種商業區(依都市計畫說明書圖規定辦理,始得作第參種商業區使用)(原屬第肆種住宅區)"
萬華區,龍山,1,914,0,"第參種商業區(依都市計畫說明書圖規定辦理,始得作第參種商業區使用)(原屬第肆種住宅區)"
萬華區,龍山,1,915,0,"第參種商業區(依都市計畫說明書圖規定辦理,始得作第參種商業區使用)(原屬第肆種住宅區)"
萬華區,龍山,1,916,0,"第參種商業區(依都市計畫說明書圖規定辦理,始得作第參種商業區使用)(原屬第肆種住宅區)"
萬華區,龍山,1,917,0,"第參種商業區(依都市計畫說明書圖規定辦理,始得作第參種商業區使用)(原屬第肆種住宅區)"
萬華區,龍山,1,918,0,"第參種商業區(依都市計畫說明書圖規定辦理,始得作第參種商業區使用)(原屬第肆種住宅區),但是否在第三種商業區(應依建築線或俟地籍測量分割後,再確定)"
萬華區,龍山,1,919,0,"第參種商業區(依都市計畫說明書圖規定辦理,始得作第參種商業區使用)(原屬第肆種住宅區),但是否在第三種商業區(應依建築線或俟地籍測量分割後,再確定)"
萬華區,龍山,1,919,1,道路用地(公共設施用地)
萬華區,龍山,1,919,2,道路用地(公共設施用地)
萬華區,龍山,1,920,0,第三種商業區
萬華區,龍山,1,921,0,第三種商業區
萬華區,龍山,1,921,1,道路用地(公共設施用地)
萬華區,龍山,1,922,0,第三種商業區
萬華區,龍山,1,922,1,第三種商業區
萬華區,龍山,1,923,0,第三種商業區
萬華區,龍山,1,924,0,第三種商業區
萬華區,龍山,1,925,0,第三種商業區
萬華區,龍山,1,926,0,第三種商業區
萬華區,龍山,1,927,0,第三種商業區
萬華區,龍山,1,928,0,第三種商業區
萬華區,龍山,1,929,0,第三種商業區
萬華區,龍山,1,930,0,道路用地(公共設施用地)
萬華區,龍山,1,931,0,道路用地(公共設施用地)
萬華區,龍山,1,932,0,第三種商業區
萬華區,龍山,1,933,0,第三種商業區
萬華區,龍山,1,933,1,道路用地(公共設施用地)
萬華區,龍山,1,933,2,第三種商業區
萬華區,龍山,1,933,3,第三種商業區
萬華區,龍山,1,934,0,第三種商業區
萬華區,龍山,1,934,1,道路用地(公共設施用地)
萬華區,龍山,1,934,2,第三種商業區
萬華區,龍山,1,935,0,第三種商業區
萬華區,龍山,1,935,1,道路用地(公共設施用地)
萬華區,龍山,1,936,0,道路用地(公共設施用地)
萬華區,龍山,1,937,0,第三種商業區
萬華區,龍山,1,938,0,第三種商業區
萬華區,龍山,1,939,0,第三種商業區
萬華區,龍山,1,939,1,"第參種商業區(依都市計畫說明書圖規定辦理,始得作第參種商業區使用)(原屬第肆種住宅區)"
萬華區,龍山,1,940,0,道路用地(公共設施用地)
萬華區,龍山,1,941,0,"第參種商業區(依都市計畫說明書圖規定辦理,始得作第參種商業區使用)(原屬第肆種住宅區)"
萬華區,龍山,1,941,1,道路用地(公共設施用地)
萬華區,龍山,1,942,0,道路用地(公共設施用地)
萬華區,龍山,1,943,0,"第參種商業區(依都市計畫說明書圖規定辦理,始得作第參種商業區使用)(原屬第肆種住宅區)"
萬華區,龍山,1,943,1,道路用地(公共設施用地)
萬華區,龍山,1,943,2,道路用地(公共設施用地)
萬華區,龍山,1,944,0,"第參種商業區(依都市計畫說明書圖規定辦理,始得作第參種商業區使用)(原屬第肆種住宅區)"
萬華區,龍山,1,944,1,道路用地(公共設施用地)
萬華區,龍山,1,944,2,第三種商業區
萬華區,龍山,1,945,0,"第參種商業區(依都市計畫說明書圖規定辦理,始得作第參種商業區使用)(原屬第肆種住宅區)"
萬華區,龍山,1,946,0,道路用地(公共設施用地)
萬華區,龍山,1,947,0,道路用地(公共設施用地)
萬華區,龍山,1,947,1,道路用地(公共設施用地)
萬華區,龍山,2,1,0,道路用地(公共設施用地)
萬華區,龍山,2,2,0,第三種商業區
萬華區,龍山,2,3,0,第三種商業區
萬華區,龍山,2,4,0,第三種商業區
萬華區,龍山,2,5,0,第三種商業區
萬華區,龍山,2,6,0,第三種商業區
萬華區,龍山,2,7,0,第三種商業區
萬華區,龍山,2,8,0,第三種商業區
萬華區,龍山,2,9,0,第三種商業區
萬華區,龍山,2,10,0,第三種商業區
萬華區,龍山,2,11,0,第三種商業區
萬華區,龍山,2,12,0,第三種商業區
萬華區,龍山,2,17,0,第三種商業區
萬華區,龍山,2,18,0,第三種商業區
萬華區,龍山,2,19,0,第三種商業區
萬華區,龍山,2,20,0,第三種商業區
萬華區,龍山,2,21,0,第三種商業區
萬華區,龍山,2,22,0,第三種商業區
萬華區,龍山,2,23,0,第三種商業區
萬華區,龍山,2,24,0,第三種商業區
萬華區,龍山,2,30,0,第三種商業區
萬華區,龍山,2,31,0,第三種商業區
萬華區,龍山,2,32,0,第三種商業區
萬華區,龍山,2,32,1,道路用地(公共設施用地)
萬華區,龍山,2,33,0,第三種商業區
萬華區,龍山,2,34,0,第三種商業區
萬華區,龍山,2,35,0,第三種商業區
萬華區,龍山,2,36,0,第三種商業區
萬華區,龍山,2,37,0,第三種商業區
萬華區,龍山,2,37,1,道路用地(公共設施用地)
萬華區,龍山,2,38,0,第三種商業區
萬華區,龍山,2,39,0,第三種商業區
萬華區,龍山,2,40,0,第三種商業區
萬華區,龍山,2,41,0,第三種商業區
萬華區,龍山,2,42,0,第三種商業區
萬華區,龍山,2,42,1,第三種商業區
萬華區,龍山,2,43,0,第三種商業區
萬華區,龍山,2,44,0,第三種商業區
萬華區,龍山,2,45,0,第三種商業區
萬華區,龍山,2,46,0,第三種商業區
萬華區,龍山,2,47,0,第三種商業區
萬華區,龍山,2,48,0,第三種商業區
萬華區,龍山,2,49,0,第三種商業區
萬華區,龍山,2,50,0,第三種商業區
萬華區,龍山,2,50,1,道路用地(公共設施用地)
萬華區,龍山,2,51,0,道路用地(公共設施用地)
萬華區,龍山,2,52,0,第三種商業區
萬華區,龍山,2,52,1,道路用地(公共設施用地)
萬華區,龍山,2,53,0,第三種商業區及道路用地(公共設施用地)
萬華區,龍山,2,54,0,第三種商業區
萬華區,龍山,2,55,0,第三種商業區
萬華區,龍山,2,56,0,第三種商業區
萬華區,龍山,2,57,0,第三種商業區
萬華區,龍山,2,58,0,第三種商業區
萬華區,龍山,2,60,0,第三種商業區
萬華區,龍山,2,61,0,第三種商業區
萬華區,龍山,2,62,0,第三種商業區
萬華區,龍山,2,63,0,第三種商業區
萬華區,龍山,2,64,0,第三種商業區
萬華區,龍山,2,65,0,第三種商業區
萬華區,龍山,2,66,0,第三種商業區
萬華區,龍山,2,67,0,第三種商業區
萬華區,龍山,2,68,0,第三種商業區
萬華區,龍山,2,69,0,第三種商業區
萬華區,龍山,2,70,0,第三種商業區
萬華區,龍山,2,71,0,第三種商業區
萬華區,龍山,2,72,0,第三種商業區
萬華區,龍山,2,73,0,道路用地(公共設施用地)
萬華區,龍山,2,74,0,第三種商業區及道路用地(公共設施用地)
萬華區,龍山,2,75,0,第三種商業區
萬華區,龍山,2,76,0,第三種商業區
萬華區,龍山,2,79,0,第三種商業區
萬華區,龍山,2,80,0,第三種商業區
萬華區,龍山,2,81,0,第三種商業區
萬華區,龍山,2,82,0,第三種商業區
萬華區,龍山,2,83,0,第三種商業區
萬華區,龍山,2,84,0,第三種商業區
萬華區,龍山,2,85,0,第三種商業區
萬華區,龍山,2,86,0,第三種商業區
萬華區,龍山,2,87,0,第三種商業區
萬華區,龍山,2,88,0,第三種商業區
萬華區,龍山,2,88,1,第三種商業區
萬華區,龍山,2,88,2,第三種商業區
萬華區,龍山,2,88,3,第三種商業區
萬華區,龍山,2,88,4,第三種商業區
萬華區,龍山,2,88,5,第三種商業區
萬華區,龍山,2,88,6,第三種商業區
萬華區,龍山,2,89,0,第三種商業區
萬華區,龍山,2,90,0,第三種商業區
萬華區,龍山,2,91,0,第三種商業區
萬華區,龍山,2,92,0,第三種商業區
萬華區,龍山,2,94,0,第三種商業區
萬華區,龍山,2,95,0,第三種商業區
萬華區,龍山,2,96,0,第三種商業區
萬華區,龍山,2,96,1,第三種商業區
萬華區,龍山,2,97,0,第三種商業區
萬華區,龍山,2,98,0,第三種商業區
萬華區,龍山,2,99,0,第三種商業區
萬華區,龍山,2,100,0,第三種商業區
萬華區,龍山,2,101,0,第三種商業區
萬華區,龍山,2,102,0,第三種商業區
萬華區,龍山,2,103,0,第三種商業區
萬華區,龍山,2,104,0,第三種商業區
萬華區,龍山,2,105,0,第三種商業區
萬華區,龍山,2,106,0,第三種商業區
萬華區,龍山,2,107,0,第三種商業區
萬華區,龍山,2,108,0,第三種商業區
萬華區,龍山,2,109,0,第三種商業區
萬華區,龍山,2,110,0,第三種商業區
萬華區,龍山,2,111,0,第三種商業區
萬華區,龍山,2,112,0,第三種商業區
萬華區,龍山,2,112,1,第三種商業區
萬華區,龍山,2,113,0,第三種商業區
萬華區,龍山,2,114,0,第三種商業區
萬華區,龍山,2,115,0,第三種商業區
萬華區,龍山,2,116,0,第三種商業區
萬華區,龍山,2,117,0,第三種商業區
萬華區,龍山,2,118,0,第三種商業區
萬華區,龍山,2,119,0,第三種商業區
萬華區,龍山,2,119,1,第三種商業區
萬華區,龍山,2,120,0,第三種商業區
萬華區,龍山,2,121,0,第三種商業區
萬華區,龍山,2,122,0,第三種商業區
萬華區,龍山,2,123,0,第三種商業區
萬華區,龍山,2,124,0,第三種商業區
萬華區,龍山,2,125,0,第三種商業區
萬華區,龍山,2,125,1,第三種商業區
萬華區,龍山,2,125,2,道路用地(公共設施用地)
萬華區,龍山,2,126,0,道路用地(公共設施用地)
萬華區,龍山,2,126,1,道路用地(公共設施用地)
萬華區,龍山,2,127,0,公園用地(公共設施用地)
萬華區,龍山,2,127,1,公園用地(公共設施用地)
萬華區,龍山,2,131,0,公園用地(公共設施用地)
萬華區,龍山,2,131,1,公園用地(公共設施用地)
萬華區,龍山,2,131,2,公園用地(公共設施用地)
萬華區,龍山,2,131,3,公園用地(公共設施用地)
萬華區,龍山,2,132,0,公園用地(公共設施用地)
萬華區,龍山,2,133,0,公園用地(公共設施用地)
萬華區,龍山,2,133,1,道路用地(公共設施用地)
萬華區,龍山,2,133,4,公園用地(公共設施用地)
萬華區,龍山,2,133,7,道路用地(公共設施用地)
萬華區,龍山,2,133,8,道路用地(公共設施用地)
萬華區,龍山,2,140,3,公園用地(公共設施用地)
萬華區,龍山,2,140,4,公園用地(公共設施用地)
萬華區,龍山,2,141,0,道路用地(公共設施用地)
萬華區,龍山,2,141,1,道路用地(公共設施用地)
萬華區,龍山,2,142,0,道路用地(公共設施用地)
萬華區,龍山,2,142,1,道路用地(公共設施用地)
萬華區,龍山,2,143,0,道路用地(公共設施用地)
萬華區,龍山,2,144,0,道路用地(公共設施用地)
萬華區,龍山,2,145,0,道路用地(公共設施用地)
萬華區,龍山,2,146,0,道路用地(公共設施用地)
萬華區,龍山,2,147,0,第三種商業區
萬華區,龍山,2,148,0,第三種商業區
萬華區,龍山,2,149,0,第三種商業區
萬華區,龍山,2,150,0,第三種商業區
萬華區,龍山,2,151,0,第三種商業區
萬華區,龍山,2,152,0,第三種商業區
萬華區,龍山,2,153,0,第三種商業區
萬華區,龍山,2,154,0,第三種商業區
萬華區,龍山,2,155,0,第三種商業區
萬華區,龍山,2,156,0,第三種商業區
萬華區,龍山,2,157,0,第三種商業區
萬華區,龍山,2,158,0,第三種商業區
萬華區,龍山,2,159,0,第三種商業區
萬華區,龍山,2,160,0,第三種商業區
萬華區,龍山,2,161,0,第三種商業區
萬華區,龍山,2,162,0,第三種商業區
萬華區,龍山,2,162,1,第三種商業區
萬華區,龍山,2,162,3,第三種商業區
萬華區,龍山,2,163,0,第三種商業區
萬華區,龍山,2,163,1,第三種商業區
萬華區,龍山,2,163,2,道路用地(公共設施用地)
萬華區,龍山,2,164,0,第三種商業區
萬華區,龍山,2,164,1,道路用地(公共設施用地)
萬華區,龍山,2,165,0,第三種商業區
萬華區,龍山,2,165,1,道路用地(公共設施用地)
萬華區,龍山,2,166,0,第三種商業區
萬華區,龍山,2,166,1,道路用地(公共設施用地)
萬華區,龍山,2,167,0,第三種商業區
萬華區,龍山,2,168,0,第三種商業區
萬華區,龍山,2,169,0,第三種商業區
萬華區,龍山,2,170,0,第三種商業區
萬華區,龍山,2,171,0,第三種商業區
萬華區,龍山,2,172,0,第三種商業區
萬華區,龍山,2,173,0,第三種商業區
萬華區,龍山,2,174,0,第三種商業區
萬華區,龍山,2,175,0,第三種商業區
萬華區,龍山,2,179,0,第三種商業區
萬華區,龍山,2,180,0,第三種商業區
萬華區,龍山,2,180,1,第三種商業區
萬華區,龍山,2,185,1,道路用地(公共設施用地)
萬華區,龍山,2,186,0,道路用地(公共設施用地)
萬華區,龍山,2,186,1,第三種商業區
萬華區,龍山,2,186,3,道路用地(公共設施用地)及第三種商業區
萬華區,龍山,2,187,0,第三種商業區
萬華區,龍山,2,188,0,第三種商業區
萬華區,龍山,2,189,0,第三種商業區
萬華區,龍山,2,190,0,第三種商業區
萬華區,龍山,2,191,0,第三種商業區
萬華區,龍山,2,192,0,第三種商業區
萬華區,龍山,2,193,0,第三種商業區
萬華區,龍山,2,194,0,第三種商業區
萬華區,龍山,2,195,0,第三種商業區
萬華區,龍山,2,196,0,第三種商業區
萬華區,龍山,2,197,0,第三種商業區
萬華區,龍山,2,198,0,第三種商業區
萬華區,龍山,2,199,0,第三種商業區
萬華區,龍山,2,200,0,第三種商業區及道路用地(公共設施用地)
萬華區,龍山,2,201,0,第三種商業區
萬華區,龍山,2,202,0,第三種商業區
萬華區,龍山,2,203,0,第三種商業區
萬華區,龍山,2,204,0,第三種商業區
萬華區,龍山,2,205,0,第三種商業區
萬華區,龍山,2,206,0,第三種商業區
萬華區,龍山,2,206,1,第三種商業區
萬華區,龍山,2,206,2,第三種商業區
萬華區,龍山,2,207,1,第三種商業區
萬華區,龍山,2,207,2,第三種商業區
萬華區,龍山,2,208,0,第三種商業區
萬華區,龍山,2,209,0,第三種商業區
萬華區,龍山,2,210,0,第三種商業區
萬華區,龍山,2,211,1,第三種商業區
萬華區,龍山,2,212,2,第三種商業區
萬華區,龍山,2,216,0,第三種商業區
萬華區,龍山,2,225,0,第三種商業區
萬華區,龍山,2,231,1,道路用地(公共設施用地)
萬華區,龍山,2,232,1,道路用地(公共設施用地)
萬華區,龍山,2,233,0,第三種商業區
萬華區,龍山,2,233,1,第三種商業區
萬華區,龍山,2,233,2,道路用地(公共設施用地)
萬華區,龍山,2,234,0,第三種商業區
萬華區,龍山,2,235,0,第三種商業區
萬華區,龍山,2,235,1,第三種商業區
萬華區,龍山,2,235,2,道路用地(公共設施用地)
萬華區,龍山,2,236,0,第三種商業區
萬華區,龍山,2,236,1,第三種商業區
萬華區,龍山,2,236,2,道路用地(公共設施用地)
萬華區,龍山,2,237,0,第三種商業區
萬華區,龍山,2,237,1,道路用地(公共設施用地)
萬華區,龍山,2,238,0,第三種商業區
萬華區,龍山,2,239,0,第三種商業區
萬華區,龍山,2,240,0,第三種商業區
萬華區,龍山,2,241,0,第三種商業區
萬華區,龍山,2,242,0,第三種商業區
萬華區,龍山,2,243,0,第三種商業區
萬華區,龍山,2,244,0,第三種商業區
萬華區,龍山,2,245,0,第三種商業區
萬華區,龍山,2,246,0,第三種商業區
萬華區,龍山,2,247,0,第三種商業區
萬華區,龍山,2,251,0,第三種商業區
萬華區,龍山,2,251,1,道路用地(公共設施用地)
萬華區,龍山,2,263,0,道路用地(公共設施用地)
萬華區,龍山,2,265,0,第三種商業區
萬華區,龍山,2,265,1,道路用地(公共設施用地)
萬華區,龍山,2,266,0,第三種商業區
萬華區,龍山,2,266,1,道路用地(公共設施用地)
萬華區,龍山,2,267,0,第三種商業區
萬華區,龍山,2,267,1,道路用地(公共設施用地)
萬華區,龍山,2,268,0,第三種商業區
萬華區,龍山,2,268,1,道路用地(公共設施用地)
萬華區,龍山,2,269,0,第三種商業區
萬華區,龍山,2,269,1,道路用地(公共設施用地)
萬華區,龍山,2,270,0,第三種商業區
萬華區,龍山,2,270,1,道路用地(公共設施用地)
萬華區,龍山,2,271,0,第三種商業區
萬華區,龍山,2,271,1,道路用地(公共設施用地)
萬華區,龍山,2,272,0,第三種商業區
萬華區,龍山,2,272,1,道路用地(公共設施用地)
萬華區,龍山,2,273,0,道路用地(公共設施用地)
萬華區,龍山,2,274,0,道路用地(公共設施用地)
萬華區,龍山,2,274,2,第三種商業區
萬華區,龍山,2,274,3,第三種商業區
萬華區,龍山,2,274,4,道路用地(公共設施用地)
萬華區,龍山,2,275,0,第三種商業區
萬華區,龍山,2,275,1,道路用地(公共設施用地)
萬華區,龍山,2,275,2,第三種商業區
萬華區,龍山,2,275,3,道路用地(公共設施用地)
萬華區,龍山,2,275,4,第三種商業區
萬華區,龍山,2,276,0,第三種商業區
萬華區,龍山,2,276,1,道路用地(公共設施用地)
萬華區,龍山,2,277,0,第三種商業區
萬華區,龍山,2,277,1,道路用地(公共設施用地)
萬華區,龍山,2,278,0,第三種商業區
萬華區,龍山,2,278,1,道路用地(公共設施用地)
萬華區,龍山,2,279,0,第三種商業區
萬華區,龍山,2,279,1,道路用地(公共設施用地)
萬華區,龍山,2,280,0,第三種商業區
萬華區,龍山,2,280,1,道路用地(公共設施用地)
萬華區,龍山,2,281,0,第三種商業區
萬華區,龍山,2,281,1,道路用地(公共設施用地)
萬華區,龍山,2,282,0,第三種商業區
萬華區,龍山,2,282,1,道路用地(公共設施用地)
萬華區,龍山,2,283,0,第三種商業區
萬華區,龍山,2,283,1,道路用地(公共設施用地)
萬華區,龍山,2,284,0,第三種商業區
萬華區,龍山,2,285,0,第三種商業區
萬華區,龍山,2,286,0,第三種商業區
萬華區,龍山,2,287,0,第三種商業區及道路用地(公共設施用地)
萬華區,龍山,2,290,0,道路用地(公共設施用地)
萬華區,龍山,2,291,0,道路用地(公共設施用地)
萬華區,龍山,2,292,0,第三種商業區
萬華區,龍山,2,294,0,道路用地(公共設施用地)
萬華區,龍山,2,295,0,道路用地(公共設施用地)
萬華區,龍山,2,296,0,第三種商業區
萬華區,龍山,2,297,0,第三種商業區
萬華區,龍山,2,298,0,道路用地(公共設施用地)
萬華區,龍山,2,299,0,道路用地(公共設施用地)
萬華區,龍山,2,300,0,第三種商業區
萬華區,龍山,2,301,0,第三種商業區
萬華區,龍山,2,302,0,道路用地(公共設施用地)
萬華區,龍山,2,303,0,道路用地(公共設施用地)
萬華區,龍山,2,303,1,道路用地(公共設施用地)
萬華區,龍山,2,304,0,第三種商業區
萬華區,龍山,2,304,1,道路用地(公共設施用地)
萬華區,龍山,2,304,2,道路用地(公共設施用地)
萬華區,龍山,2,305,0,第三種商業區
萬華區,龍山,2,305,1,道路用地(公共設施用地)
萬華區,龍山,2,305,2,第三種商業區
萬華區,龍山,2,306,0,道路用地(公共設施用地)
萬華區,龍山,2,306,1,第三種商業區
萬華區,龍山,2,307,0,第三種商業區
萬華區,龍山,2,307,1,道路用地(公共設施用地)
萬華區,龍山,2,308,0,道路用地(公共設施用地)
萬華區,龍山,2,308,1,道路用地(公共設施用地)
萬華區,龍山,2,309,0,第三種商業區
萬華區,龍山,2,309,1,道路用地(公共設施用地)
萬華區,龍山,2,309,2,道路用地(公共設施用地)
萬華區,龍山,2,311,0,道路用地(公共設施用地)
萬華區,龍山,2,312,0,道路用地(公共設施用地)
萬華區,龍山,2,314,0,第三種商業區
萬華區,龍山,2,315,0,道路用地(公共設施用地)
萬華區,龍山,2,316,0,道路用地(公共設施用地)
萬華區,龍山,2,318,0,第三種商業區
萬華區,龍山,2,319,0,道路用地(公共設施用地)
萬華區,龍山,2,320,0,道路用地(公共設施用地)
萬華區,龍山,2,321,0,第三種商業區
萬華區,龍山,2,322,0,道路用地(公共設施用地)
萬華區,龍山,2,323,0,"第三種商業區,但是否在道路用地(公共設施用地)(應依建築線或俟地籍測量分割後,再確定)"
萬華區,龍山,2,323,1,道路用地(公共設施用地)
萬華區,龍山,2,325,0,第三種商業區
萬華區,龍山,2,326,0,第三種商業區
萬華區,龍山,2,326,1,第三種商業區
萬華區,龍山,2,327,0,第三種商業區
萬華區,龍山,2,329,0,第三種商業區
萬華區,龍山,2,331,0,第三種商業區
萬華區,龍山,2,331,1,道路用地(公共設施用地)
萬華區,龍山,2,332,0,第三種商業區
萬華區,龍山,2,332,1,第三種商業區
萬華區,龍山,2,332,2,道路用地(公共設施用地)
萬華區,龍山,2,332,3,第三種商業區
萬華區,龍山,2,332,4,第三種商業區
萬華區,龍山,2,333,0,第三種商業區
萬華區,龍山,2,334,0,第三種商業區
萬華區,龍山,2,335,0,第三種商業區
萬華區,龍山,2,335,1,第三種商業區
萬華區,龍山,2,335,2,道路用地(公共設施用地)
萬華區,龍山,2,335,3,第三種商業區
萬華區,龍山,2,336,0,第三種商業區
萬華區,龍山,2,337,0,第三種商業區
萬華區,龍山,2,337,1,道路用地(公共設施用地)
萬華區,龍山,2,338,0,第三種商業區
萬華區,龍山,2,339,0,第三種商業區
萬華區,龍山,2,340,0,道路用地(公共設施用地)
萬華區,龍山,2,341,0,"道路用地(公共設施用地),但是否在第三種商業區(應依建築線或俟地籍測量分割後,再確定)"
萬華區,龍山,2,342,0,第四種住宅區
萬華區,龍山,2,343,0,第四種住宅區
萬華區,龍山,2,344,0,第四種住宅區
萬華區,龍山,2,345,0,第四種住宅區
萬華區,龍山,2,346,0,第四種住宅區
萬華區,龍山,2,347,0,第四種住宅區
萬華區,龍山,2,348,0,第四種住宅區
萬華區,龍山,2,349,0,第四種住宅區
萬華區,龍山,2,350,0,第四種住宅區
萬華區,龍山,2,351,0,第四種住宅區
萬華區,龍山,2,352,0,第四種住宅區
萬華區,龍山,2,353,0,第四種住宅區
萬華區,龍山,2,353,1,道路用地(公共設施用地)
萬華區,龍山,2,353,2,道路用地(公共設施用地)
萬華區,龍山,2,354,0,第四種住宅區
萬華區,龍山,2,354,1,道路用地(公共設施用地)
萬華區,龍山,2,355,0,第四種住宅區
萬華區,龍山,2,356,0,第四種住宅區
萬華區,龍山,2,357,0,第四種住宅區
萬華區,龍山,2,358,0,第四種住宅區
萬華區,龍山,2,359,0,第四種住宅區
萬華區,龍山,2,359,1,道路用地(公共設施用地)
萬華區,龍山,2,360,0,第四種住宅區
萬華區,龍山,2,360,1,道路用地(公共設施用地)
萬華區,龍山,2,361,0,第四種住宅區
萬華區,龍山,2,361,1,道路用地(公共設施用地)
萬華區,龍山,2,361,2,道路用地(公共設施用地)
萬華區,龍山,2,362,0,第四種住宅區
萬華區,龍山,2,363,0,第四種住宅區
萬華區,龍山,2,364,0,第四種住宅區
萬華區,龍山,2,365,0,第四種住宅區
萬華區,龍山,2,366,0,第四種住宅區
萬華區,龍山,2,366,1,道路用地(公共設施用地)
萬華區,龍山,2,366,2,道路用地(公共設施用地)
萬華區,龍山,2,367,0,第四種住宅區
萬華區,龍山,2,367,1,道路用地(公共設施用地)
萬華區,龍山,2,367,2,道路用地(公共設施用地)
萬華區,龍山,2,368,0,第四種住宅區
萬華區,龍山,2,369,0,第四種住宅區
萬華區,龍山,2,370,0,第四種住宅區
萬華區,龍山,2,371,0,第四種住宅區
萬華區,龍山,2,372,0,第四種住宅區
萬華區,龍山,2,372,1,道路用地(公共設施用地)
萬華區,龍山,2,372,2,道路用地(公共設施用地)
萬華區,龍山,2,373,0,第四種住宅區
萬華區,龍山,2,373,1,道路用地(公共設施用地)
萬華區,龍山,2,373,2,道路用地(公共設施用地)
萬華區,龍山,2,373,3,道路用地(公共設施用地)
萬華區,龍山,2,374,0,道路用地(公共設施用地)
萬華區,龍山,2,375,0,道路用地(公共設施用地)
萬華區,龍山,2,376,0,第四種住宅區
萬華區,龍山,2,376,1,道路用地(公共設施用地)
萬華區,龍山,2,376,3,道路用地(公共設施用地)
萬華區,龍山,2,377,1,道路用地(公共設施用地)
萬華區,龍山,2,378,1,道路用地(公共設施用地)
萬華區,龍山,2,379,1,道路用地(公共設施用地)
萬華區,龍山,2,380,1,道路用地(公共設施用地)
萬華區,龍山,2,381,1,道路用地(公共設施用地)
萬華區,龍山,2,382,1,道路用地(公共設施用地)
萬華區,龍山,2,383,0,第四種住宅區
萬華區,龍山,2,383,1,道路用地(公共設施用地)
萬華區,龍山,2,383,2,道路用地(公共設施用地)
萬華區,龍山,2,386,1,道路用地(公共設施用地)
萬華區,龍山,2,387,0,道路用地(公共設施用地)
萬華區,龍山,2,388,0,道路用地(公共設施用地)
萬華區,龍山,2,389,0,道路用地(公共設施用地)
萬華區,龍山,2,390,0,第四種住宅區
萬華區,龍山,2,390,1,第四種住宅區
萬華區,龍山,2,390,2,道路用地(公共設施用地)
萬華區,龍山,2,391,0,第四種住宅區
萬華區,龍山,2,391,1,道路用地(公共設施用地)
萬華區,龍山,2,392,0,第四種住宅區
萬華區,龍山,2,393,0,第四種住宅區
萬華區,龍山,2,394,0,第四種住宅區
萬華區,龍山,2,395,0,第四種住宅區
萬華區,龍山,2,396,0,第四種住宅區
萬華區,龍山,2,397,0,第四種住宅區
萬華區,龍山,2,398,0,第四種住宅區
萬華區,龍山,2,399,0,第四種住宅區
萬華區,龍山,2,399,3,道路用地(公共設施用地)
萬華區,龍山,2,399,4,第四種住宅區
萬華區,龍山,2,399,5,第四種住宅區
萬華區,龍山,2,399,6,第四種住宅區
萬華區,龍山,2,399,7,第四種住宅區
萬華區,龍山,2,400,0,第四種住宅區
萬華區,龍山,2,400,1,道路用地(公共設施用地)
萬華區,龍山,2,401,0,第四種住宅區
萬華區,龍山,2,401,1,道路用地(公共設施用地)
萬華區,龍山,2,402,0,第四種住宅區
萬華區,龍山,2,402,1,道路用地(公共設施用地)
萬華區,龍山,2,402,2,第四種住宅區
萬華區,龍山,2,402,3,道路用地(公共設施用地)
萬華區,龍山,2,403,0,第四種住宅區
萬華區,龍山,2,403,1,道路用地(公共設施用地)
萬華區,龍山,2,404,0,第四種住宅區
萬華區,龍山,2,405,0,第四種住宅區
萬華區,龍山,2,406,0,第四種住宅區
萬華區,龍山,2,407,0,第四種住宅區
萬華區,龍山,2,407,1,道路用地(公共設施用地)
萬華區,龍山,2,408,0,國小用地(公共設施用地)
萬華區,龍山,2,408,1,國小用地(公共設施用地)
萬華區,龍山,2,408,2,道路用地(公共設施用地)
萬華區,龍山,2,409,0,保存區
萬華區,龍山,2,410,0,國小用地(公共設施用地)
萬華區,龍山,2,413,0,道路用地(公共設施用地)
萬華區,龍山,2,414,0,道路用地(公共設施用地)
萬華區,龍山,2,415,0,道路用地(公共設施用地)
萬華區,龍山,2,416,0,道路用地(公共設施用地)
萬華區,龍山,2,417,0,機關用地(公共設施用地)
萬華區,龍山,2,418,0,第三種商業區
萬華區,龍山,2,419,0,道路用地(公共設施用地)
萬華區,龍山,2,420,0,道路用地(公共設施用地)
萬華區,龍山,2,421,0,道路用地(公共設施用地)
萬華區,雙園,1,1,0,道路用地(公共設施用地)
萬華區,雙園,1,2,0,道路用地(公共設施用地)
萬華區,雙園,1,3,0,"第壹種商業區(依都市計畫說明書圖規定辦理,始得作第壹種商業區使用)(原屬第參之壹種住宅區)"
萬華區,雙園,1,3,3,"第壹種商業區(依都市計畫說明書圖規定辦理,始得作第壹種商業區使用)(原屬第參之壹種住宅區)"
萬華區,雙園,1,4,0,"第壹種商業區(依都市計畫說明書圖規定辦理,始得作第壹種商業區使用)(原屬第參之壹種住宅區)"
萬華區,雙園,1,4,1,"第壹種商業區(依都市計畫說明書圖規定辦理,始得作第壹種商業區使用)(原屬第參之壹種住宅區)"
萬華區,雙園,1,5,0,"第壹種商業區(依都市計畫說明書圖規定辦理,始得作第壹種商業區使用)(原屬第參之壹種住宅區)"
萬華區,雙園,1,5,4,"第壹種商業區(依都市計畫說明書圖規定辦理,始得作第壹種商業區使用)(原屬第參之壹種住宅區)"
萬華區,雙園,1,5,5,"第壹種商業區(依都市計畫說明書圖規定辦理,始得作第壹種商業區使用)(原屬第參之壹種住宅區)"
萬華區,雙園,1,5,6,"第壹種商業區(依都市計畫說明書圖規定辦理,始得作第壹種商業區使用)(原屬第參之壹種住宅區)"
萬華區,雙園,1,5,7,"第壹種商業區(依都市計畫說明書圖規定辦理,始得作第壹種商業區使用)(原屬第參之壹種住宅區)"
萬華區,雙園,1,5,8,"第壹種商業區(依都市計畫說明書圖規定辦理,始得作第壹種商業區使用)(原屬第參之壹種住宅區)"
萬華區,雙園,1,5,9,"第壹種商業區(依都市計畫說明書圖規定辦理,始得作第壹種商業區使用)(原屬第參之壹種住宅區)"
萬華區,雙園,1,5,10,"第壹種商業區(依都市計畫說明書圖規定辦理,始得作第壹種商業區使用)(原屬第參之壹種住宅區)"
萬華區,雙園,1,5,11,"第壹種商業區(依都市計畫說明書圖規定辦理,始得作第壹種商業區使用)(原屬第參之壹種住宅區)"
萬華區,雙園,1,5,12,"第壹種商業區(依都市計畫說明書圖規定辦理,始得作第壹種商業區使用)(原屬第參之壹種住宅區)"
萬華區,雙園,1,5,13,"第壹種商業區(依都市計畫說明書圖規定辦理,始得作第壹種商業區使用)(原屬第參之壹種住宅區)"
萬華區,雙園,1,5,14,"第壹種商業區(依都市計畫說明書圖規定辦理,始得作第壹種商業區使用)(原屬第參之壹種住宅區)"
萬華區,雙園,1,6,0,"第壹種商業區(依都市計畫說明書圖規定辦理,始得作第壹種商業區使用)(原屬第參之壹種住宅區)"
萬華區,雙園,1,7,0,道路用地(公共設施用地)
萬華區,雙園,1,8,0,"第壹種商業區(依都市計畫說明書圖規定辦理,始得作第壹種商業區使用)(原屬第參之壹種住宅區)"
萬華區,雙園,1,9,0,"第壹種商業區(依都市計畫說明書圖規定辦理,始得作第壹種商業區使用)(原屬第參之壹種住宅區)"
萬華區,雙園,1,9,1,"第壹種商業區(依都市計畫說明書圖規定辦理,始得作第壹種商業區使用)(原屬第參之壹種住宅區)"
萬華區,雙園,1,10,0,"第壹種商業區(依都市計畫說明書圖規定辦理,始得作第壹種商業區使用)(原屬第參之壹種住宅區)"
萬華區,雙園,1,10,1,"第壹種商業區(依都市計畫說明書圖規定辦理,始得作第壹種商業區使用)(原屬第參之壹種住宅區)"
萬華區,雙園,1,11,0,"第壹種商業區(依都市計畫說明書圖規定辦理,始得作第壹種商業區使用)(原屬第參之壹種住宅區)"
萬華區,雙園,1,11,1,"第壹種商業區(依都市計畫說明書圖規定辦理,始得作第壹種商業區使用)(原屬第參之壹種住宅區)"
萬華區,雙園,1,12,0,"第壹種商業區(依都市計畫說明書圖規定辦理,始得作第壹種商業區使用)(原屬第參之壹種住宅區)"
萬華區,雙園,1,12,1,"第壹種商業區(依都市計畫說明書圖規定辦理,始得作第壹種商業區使用)(原屬第參之壹種住宅區)"
萬華區,雙園,1,12,2,"第壹種商業區(依都市計畫說明書圖規定辦理,始得作第壹種商業區使用)(原屬第參之壹種住宅區)"
萬華區,雙園,1,13,0,"第壹種商業區(依都市計畫說明書圖規定辦理,始得作第壹種商業區使用)(原屬第參之壹種住宅區)"
萬華區,雙園,1,13,1,"第壹種商業區(依都市計畫說明書圖規定辦理,始得作第壹種商業區使用)(原屬第參之壹種住宅區)"
萬華區,雙園,1,14,0,道路用地(公共設施用地)
萬華區,雙園,1,15,0,道路用地(公共設施用地)
萬華區,雙園,1,16,0,道路用地(公共設施用地)
萬華區,雙園,1,17,0,"第壹種商業區(依都市計畫說明書圖規定辦理,始得作第壹種商業區使用)(原屬第參之壹種住宅區)"
萬華區,雙園,1,18,0,"第壹種商業區(依都市計畫說明書圖規定辦理,始得作第壹種商業區使用)(原屬第參之壹種住宅區)"
萬華區,雙園,1,19,0,"第壹種商業區(依都市計畫說明書圖規定辦理,始得作第壹種商業區使用)(原屬第參之壹種住宅區)"
萬華區,雙園,1,20,0,"第壹種商業區(依都市計畫說明書圖規定辦理,始得作第壹種商業區使用)(原屬第參之壹種住宅區)"
萬華區,雙園,1,21,0,"第壹種商業區(依都市計畫說明書圖規定辦理,始得作第壹種商業區使用)(原屬第參之壹種住宅區)"
萬華區,雙園,1,22,0,"第壹種商業區(依都市計畫說明書圖規定辦理,始得作第壹種商業區使用)(原屬第參之壹種住宅區)"
萬華區,雙園,1,23,0,"第壹種商業區(依都市計畫說明書圖規定辦理,始得作第壹種商業區使用)(原屬第參之壹種住宅區)"
萬華區,雙園,1,24,1,"第壹種商業區(依都市計畫說明書圖規定辦理,始得作第壹種商業區使用)(原屬第參之壹種住宅區)"
萬華區,雙園,1,24,2,"第壹種商業區(依都市計畫說明書圖規定辦理,始得作第壹種商業區使用)(原屬第參之壹種住宅區)"
萬華區,雙園,1,24,3,"第壹種商業區(依都市計畫說明書圖規定辦理,始得作第壹種商業區使用)(原屬第參之壹種住宅區)"
萬華區,雙園,1,25,0,"第壹種商業區(依都市計畫說明書圖規定辦理,始得作第壹種商業區使用)(原屬第參之壹種住宅區)"
萬華區,雙園,1,26,0,"第壹種商業區(依都市計畫說明書圖規定辦理,始得作第壹種商業區使用)(原屬第參之壹種住宅區)"
萬華區,雙園,1,27,0,"第壹種商業區(依都市計畫說明書圖規定辦理,始得作第壹種商業區使用)(原屬第參之壹種住宅區)"
萬華區,雙園,1,28,0,"第壹種商業區(依都市計畫說明書圖規定辦理,始得作第壹種商業區使用)(原屬第參之壹種住宅區)"
萬華區,雙園,1,29,0,"第壹種商業區(依都市計畫說明書圖規定辦理,始得作第壹種商業區使用)(原屬第參之壹種住宅區)"
萬華區,雙園,1,30,0,"第壹種商業區(依都市計畫說明書圖規定辦理,始得作第壹種商業區使用)(原屬第參之壹種住宅區)"
萬華區,雙園,1,31,0,"第壹種商業區(依都市計畫說明書圖規定辦理,始得作第壹種商業區使用)(原屬第參之壹種住宅區)"
萬華區,雙園,1,32,0,"第壹種商業區(依都市計畫說明書圖規定辦理,始得作第壹種商業區使用)(原屬第參之壹種住宅區)"
萬華區,雙園,1,33,0,第三種住宅區
萬華區,雙園,1,33,1,道路用地(公共設施用地)
萬華區,雙園,1,33,2,道路用地(公共設施用地)
萬華區,雙園,1,34,0,道路用地(公共設施用地)
萬華區,雙園,1,34,1,"第壹種商業區(依都市計畫說明書圖規定辦理,始得作第壹種商業區使用)(原屬第參種住宅區)"
萬華區,雙園,1,34,2,道路用地(公共設施用地)
萬華區,雙園,1,35,0,"第壹種商業區(依都市計畫說明書圖規定辦理,始得作第壹種商業區使用)(原屬第參之壹種住宅區)"
萬華區,雙園,1,35,1,"第壹種商業區(依都市計畫說明書圖規定辦理,始得作第壹種商業區使用)(原屬第參種住宅區)"
萬華區,雙園,1,36,0,"第壹種商業區(依都市計畫說明書圖規定辦理,始得作第壹種商業區使用)(原屬第參之壹種住宅區)"
萬華區,雙園,1,36,1,"第壹種商業區(依都市計畫說明書圖規定辦理,始得作第壹種商業區使用)(原屬第參種住宅區)"
萬華區,雙園,1,37,0,"第壹種商業區(依都市計畫說明書圖規定辦理,始得作第壹種商業區使用)(原屬第參之壹種住宅區)"
萬華區,雙園,1,37,1,"第壹種商業區(依都市計畫說明書圖規定辦理,始得作第壹種商業區使用)(原屬第參種住宅區)"
萬華區,雙園,1,40,0,"第壹種商業區(依都市計畫說明書圖規定辦理,始得作第壹種商業區使用)(原屬第參之壹種住宅區)"
萬華區,雙園,1,41,0,"第壹種商業區(依都市計畫說明書圖規定辦理,始得作第壹種商業區使用)(原屬第參之壹種住宅區)"
萬華區,雙園,1,42,0,"第壹種商業區(依都市計畫說明書圖規定辦理,始得作第壹種商業區使用)(原屬第參之壹種住宅區)"
萬華區,雙園,1,43,0,"第壹種商業區(依都市計畫說明書圖規定辦理,始得作第壹種商業區使用)(原屬第參之壹種住宅區)"
萬華區,雙園,1,44,0,"第壹種商業區(依都市計畫說明書圖規定辦理,始得作第壹種商業區使用)(原屬第參之壹種住宅區)"
萬華區,雙園,1,45,0,"第壹種商業區(依都市計畫說明書圖規定辦理,始得作第壹種商業區使用)(原屬第參之壹種住宅區)"
萬華區,雙園,1,46,0,"第壹種商業區(依都市計畫說明書圖規定辦理,始得作第壹種商業區使用)(原屬第參之壹種住宅區)"
萬華區,雙園,1,47,0,道路用地(公共設施用地)
萬華區,雙園,1,48,0,道路用地(公共設施用地)
萬華區,雙園,1,48,1,道路用地(公共設施用地)
萬華區,雙園,1,49,0,道路用地(公共設施用地)
萬華區,雙園,1,50,0,第三之一種住宅區
萬華區,雙園,1,51,0,第三之一種住宅區
萬華區,雙園,1,52,0,第三之一種住宅區
萬華區,雙園,1,53,0,第三之一種住宅區
萬華區,雙園,1,54,0,第三之一種住宅區
萬華區,雙園,1,55,0,第三之一種住宅區
萬華區,雙園,1,56,0,第三之一種住宅區
萬華區,雙園,1,57,0,第三之一種住宅區
萬華區,雙園,1,58,0,第三之一種住宅區
萬華區,雙園,1,59,0,道路用地(公共設施用地)
萬華區,雙園,1,60,0,道路用地(公共設施用地)
萬華區,雙園,1,61,0,第三之一種住宅區
萬華區,雙園,1,61,1,第三之一種住宅區
萬華區,雙園,1,61,2,第三種住宅區
萬華區,雙園,1,61,3,"第三種住宅區,但是否在第三之一種住宅區(應依建築線或俟地籍測量分割後,再確定)"
萬華區,雙園,1,61,4,第三種住宅區
萬華區,雙園,1,62,0,第三之一種住宅區
萬華區,雙園,1,63,0,第三之一種住宅區
萬華區,雙園,1,64,0,第三之一種住宅區
萬華區,雙園,1,65,0,第三之一種住宅區
萬華區,雙園,1,66,0,第三之一種住宅區
萬華區,雙園,1,67,0,第三之一種住宅區
萬華區,雙園,1,68,0,第三之一種住宅區
萬華區,雙園,1,69,0,第三之一種住宅區
萬華區,雙園,1,70,0,第三之一種住宅區
萬華區,雙園,1,71,0,第三之一種住宅區
萬華區,雙園,1,72,0,第三之一種住宅區
萬華區,雙園,1,73,0,第三之一種住宅區
萬華區,雙園,1,74,0,道路用地(公共設施用地)
萬華區,雙園,1,75,0,道路用地(公共設施用地)
萬華區,雙園,1,76,0,道路用地(公共設施用地)
萬華區,雙園,1,76,1,道路用地(公共設施用地)
萬華區,雙園,1,77,0,第三之一種住宅區
萬華區,雙園,1,78,0,第三之一種住宅區
萬華區,雙園,1,79,0,第三之一種住宅區
萬華區,雙園,1,80,0,第三之一種住宅區
萬華區,雙園,1,81,0,第三之一種住宅區
萬華區,雙園,1,81,1,第三種住宅區
萬華區,雙園,1,82,0,第三種住宅區
萬華區,雙園,1,83,0,第三種住宅區
萬華區,雙園,1,83,1,道路用地(公共設施用地)
萬華區,雙園,1,84,0,第三之一種住宅區
萬華區,雙園,1,84,1,第三種住宅區
萬華區,雙園,1,85,0,第三之一種住宅區
萬華區,雙園,1,85,1,第三種住宅區
萬華區,雙園,1,86,0,第三之一種住宅區
萬華區,雙園,1,86,1,第三種住宅區
萬華區,雙園,1,87,0,第三之一種住宅區
萬華區,雙園,1,87,1,第三種住宅區
萬華區,雙園,1,88,0,第三之一種住宅區
萬華區,雙園,1,88,1,第三種住宅區
萬華區,雙園,1,89,0,第三之一種住宅區
萬華區,雙園,1,89,1,第三種住宅區
萬華區,雙園,1,90,0,第三之一種住宅區
萬華區,雙園,1,90,1,第三種住宅區
萬華區,雙園,1,91,0,第三之一種住宅區
萬華區,雙園,1,91,1,第三種住宅區
萬華區,雙園,1,92,0,第三之一種住宅區
萬華區,雙園,1,92,1,第三種住宅區
萬華區,雙園,1,93,0,第三之一種住宅區
萬華區,雙園,1,93,1,第三種住宅區
萬華區,雙園,1,94,0,第三之一種住宅區
萬華區,雙園,1,94,1,第三種住宅區
萬華區,雙園,1,95,0,第三之一種住宅區
萬華區,雙園,1,95,1,第三種住宅區
萬華區,雙園,1,96,0,第三之一種住宅區
萬華區,雙園,1,96,1,第三種住宅區
萬華區,雙園,1,97,0,第三之一種住宅區
萬華區,雙園,1,97,1,第三種住宅區
萬華區,雙園,1,98,0,第三之一種住宅區
萬華區,雙園,1,98,1,第三種住宅區
萬華區,雙園,1,99,0,第三之一種住宅區
萬華區,雙園,1,99,1,第三之一種住宅區
萬華區,雙園,1,99,3,第三種住宅區
萬華區,雙園,1,100,0,第三之一種住宅區
萬華區,雙園,1,100,1,第三種住宅區
萬華區,雙園,1,102,0,道路用地(公共設施用地)
萬華區,雙園,1,103,0,道路用地(公共設施用地)
萬華區,雙園,1,104,0,"第壹種商業區(依都市計畫說明書圖規定辦理,始得作第壹種商業區使用)(原屬第參之壹種住宅區)"
萬華區,雙園,1,104,1,道路用地(公共設施用地)
萬華區,雙園,1,104,2,道路用地(公共設施用地)
萬華區,雙園,1,104,3,第三種住宅區(原屬第參種住宅區)
萬華區,雙園,1,105,0,"第壹種商業區(依都市計畫說明書圖規定辦理,始得作第壹種商業區使用)(原屬第參之壹種住宅區)"
萬華區,雙園,1,105,1,道路用地(公共設施用地)
萬華區,雙園,1,106,0,"第壹種商業區(依都市計畫說明書圖規定辦理,始得作第壹種商業區使用)(原屬第參之壹種住宅區)"
萬華區,雙園,1,107,1,"第壹種商業區(依都市計畫說明書圖規定辦理,始得作第壹種商業區使用)(原屬第參之壹種住宅區)"
萬華區,雙園,1,108,0,"第壹種商業區(依都市計畫說明書圖規定辦理,始得作第壹種商業區使用)(原屬第參之壹種住宅區)"
萬華區,雙園,1,108,1,第三種住宅區
萬華區,雙園,1,109,0,"第壹種商業區(依都市計畫說明書圖規定辦理,始得作第壹種商業區使用)(原屬第參之壹種住宅區)"
萬華區,雙園,1,109,1,第三種住宅區
萬華區,雙園,1,110,0,第三種住宅區
萬華區,雙園,1,111,0,第三種住宅區
萬華區,雙園,1,112,0,"第三種住宅區,但是否在第壹種商業區(依都市計畫說明書圖規定辦理,始得作第壹種商業區使用)(原屬第參之壹種住宅區,應依建築線或俟地籍測量分割後,再確定)"
萬華區,雙園,1,112,1,道路用地(公共設施用地)
萬華區,雙園,1,113,0,第三種住宅區
萬華區,雙園,1,114,0,第三種住宅區
萬華區,雙園,1,115,0,第三種住宅區
萬華區,雙園,1,116,0,第三種住宅區
萬華區,雙園,1,117,0,"第壹種商業區(依都市計畫說明書圖規定辦理,始得作第壹種商業區使用)(原屬第參之壹種住宅區)"
萬華區,雙園,1,117,1,第三種住宅區
萬華區,雙園,1,118,0,"第壹種商業區(依都市計畫說明書圖規定辦理,始得作第壹種商業區使用)(原屬第參之壹種住宅區)"
萬華區,雙園,1,119,0,"第壹種商業區(依都市計畫說明書圖規定辦理,始得作第壹種商業區使用)(原屬第參之壹種住宅區)"
萬華區,雙園,1,120,0,"第壹種商業區(依都市計畫說明書圖規定辦理,始得作第壹種商業區使用)(原屬第參之壹種住宅區)"
萬華區,雙園,1,121,0,"第壹種商業區(依都市計畫說明書圖規定辦理,始得作第壹種商業區使用)(原屬第參之壹種住宅區)"
萬華區,雙園,1,122,0,"第壹種商業區(依都市計畫說明書圖規定辦理,始得作第壹種商業區使用)(原屬第參之壹種住宅區)"
萬華區,雙園,1,123,0,"第壹種商業區(依都市計畫說明書圖規定辦理,始得作第壹種商業區使用)(原屬第參之壹種住宅區)"
萬華區,雙園,1,123,1,第三種住宅區
萬華區,雙園,1,124,0,第三種住宅區
萬華區,雙園,1,125,0,第三種住宅區
萬華區,雙園,1,126,0,第三種住宅區
萬華區,雙園,1,127,0,第三種住宅區
萬華區,雙園,1,128,0,第三種住宅區
萬華區,雙園,1,129,0,第三種住宅區
萬華區,雙園,1,130,0,第三種住宅區
萬華區,雙園,1,131,0,第三種住宅區
萬華區,雙園,1,131,1,道路用地(公共設施用地)
萬華區,雙園,1,132,0,道路用地(公共設施用地)
萬華區,雙園,1,132,1,"第三種住宅區,但是否在第壹種商業區(依都市計畫說明書圖規定辦理,始得作第壹種商業區使用)(原屬第參之壹種住宅區,應依建築線或俟地籍測量分割後,再確定)"
萬華區,雙園,1,133,0,道路用地(公共設施用地)
萬華區,雙園,1,134,0,第三種住宅區
萬華區,雙園,1,134,1,道路用地(公共設施用地)
萬華區,雙園,1,135,0,第三種住宅區
萬華區,雙園,1,135,1,道路用地(公共設施用地)
萬華區,雙園,1,136,0,第三種住宅區
萬華區,雙園,1,136,1,道路用地(公共設施用地)
萬華區,雙園,1,137,0,第三種住宅區
萬華區,雙園,1,137,1,道路用地(公共設施用地)
萬華區,雙園,1,138,0,第三種住宅區
萬華區,雙園,1,138,1,道路用地(公共設施用地)
萬華區,雙園,1,139,0,第三種住宅區
萬華區,雙園,1,139,1,道路用地(公共設施用地)
萬華區,雙園,1,140,0,第三種住宅區
萬華區,雙園,1,140,1,道路用地(公共設施用地)
萬華區,雙園,1,141,0,第三種住宅區
萬華區,雙園,1,142,0,道路用地(公共設施用地)
萬華區,雙園,1,143,0,道路用地(公共設施用地)
萬華區,雙園,1,144,0,道路用地(公共設施用地)
萬華區,雙園,1,145,0,第三種住宅區
萬華區,雙園,1,146,0,第三種住宅區
萬華區,雙園,1,147,0,第三種住宅區
萬華區,雙園,1,148,0,第三種住宅區
萬華區,雙園,1,149,0,第三種住宅區
萬華區,雙園,1,150,0,第三種住宅區
萬華區,雙園,1,151,0,第三種住宅區
萬華區,雙園,1,152,0,第三種住宅區
萬華區,雙園,1,153,0,第三種住宅區
萬華區,雙園,1,154,0,第三種住宅區
萬華區,雙園,1,155,0,第三種住宅區
萬華區,雙園,1,156,0,第三種住宅區
萬華區,雙園,1,157,0,第三種住宅區
萬華區,雙園,1,158,0,第三種住宅區
萬華區,雙園,1,159,0,第三種住宅區
萬華區,雙園,1,160,0,第三種住宅區
萬華區,雙園,1,161,0,第三種住宅區
萬華區,雙園,1,162,0,第三種住宅區
萬華區,雙園,1,163,0,"第壹種商業區(依都市計畫說明書圖規定辦理,始得作第壹種商業區使用)(原屬第參之壹種住宅區)"
萬華區,雙園,1,163,1,第三種住宅區
萬華區,雙園,1,164,0,"第壹種商業區(依都市計畫說明書圖規定辦理,始得作第壹種商業區使用)(原屬第參之壹種住宅區)"
萬華區,雙園,1,165,0,"第壹種商業區(依都市計畫說明書圖規定辦理,始得作第壹種商業區使用)(原屬第參之壹種住宅區)"
萬華區,雙園,1,166,0,"第壹種商業區(依都市計畫說明書圖規定辦理,始得作第壹種商業區使用)(原屬第參之壹種住宅區)"
萬華區,雙園,1,167,0,"第壹種商業區(依都市計畫說明書圖規定辦理,始得作第壹種商業區使用)(原屬第參之壹種住宅區)"
萬華區,雙園,1,168,0,"第壹種商業區(依都市計畫說明書圖規定辦理,始得作第壹種商業區使用)(原屬第參之壹種住宅區)"
萬華區,雙園,1,169,0,"第壹種商業區(依都市計畫說明書圖規定辦理,始得作第壹種商業區使用)(原屬第參之壹種住宅區)"
萬華區,雙園,1,170,0,"第壹種商業區(依都市計畫說明書圖規定辦理,始得作第壹種商業區使用)(原屬第參之壹種住宅區)"
萬華區,雙園,1,171,0,"道路用地(公共設施用地),但是否在商業區(原屬第參之壹種住宅區,應依建築線或俟地籍測量分割後,再確定)"
萬華區,雙園,1,172,0,道路用地(公共設施用地)
萬華區,雙園,1,173,0,道路用地(公共設施用地)
萬華區,雙園,1,174,0,道路用地(公共設施用地)
萬華區,雙園,1,175,0,道路用地(公共設施用地)
萬華區,雙園,1,176,0,第三種住宅區
萬華區,雙園,1,177,0,第三種住宅區
萬華區,雙園,1,178,0,第三種住宅區
萬華區,雙園,1,179,0,第三種住宅區
萬華區,雙園,1,180,0,第三種住宅區
萬華區,雙園,1,181,0,第三種住宅區
萬華區,雙園,1,182,0,第三種住宅區
萬華區,雙園,1,183,0,第三種住宅區
萬華區,雙園,1,184,0,"第壹種商業區(依都市計畫說明書圖規定辦理,始得作第壹種商業區使用)(原屬第參之壹種住宅區)"
萬華區,雙園,1,184,1,第三種住宅區
萬華區,雙園,1,185,0,"第壹種商業區(依都市計畫說明書圖規定辦理,始得作第壹種商業區使用)(原屬第參之壹種住宅區)"
萬華區,雙園,1,185,1,第三種住宅區
萬華區,雙園,1,186,0,"第壹種商業區(依都市計畫說明書圖規定辦理,始得作第壹種商業區使用)(原屬第參之壹種住宅區)"
萬華區,雙園,1,186,1,第三種住宅區
萬華區,雙園,1,187,0,"第壹種商業區(依都市計畫說明書圖規定辦理,始得作第壹種商業區使用)(原屬第參之壹種住宅區)"
萬華區,雙園,1,188,0,"第壹種商業區(依都市計畫說明書圖規定辦理,始得作第壹種商業區使用)(原屬第參之壹種住宅區)"
萬華區,雙園,1,189,0,"第壹種商業區(依都市計畫說明書圖規定辦理,始得作第壹種商業區使用)(原屬第參之壹種住宅區)"
萬華區,雙園,1,190,0,"第壹種商業區(依都市計畫說明書圖規定辦理,始得作第壹種商業區使用)(原屬第參之壹種住宅區)"
萬華區,雙園,1,191,0,"第壹種商業區(依都市計畫說明書圖規定辦理,始得作第壹種商業區使用)(原屬第參之壹種住宅區)"
萬華區,雙園,1,192,0,"第壹種商業區(依都市計畫說明書圖規定辦理,始得作第壹種商業區使用)(原屬第參之壹種住宅區)"
萬華區,雙園,1,193,0,"第壹種商業區(依都市計畫說明書圖規定辦理,始得作第壹種商業區使用)(原屬第參之壹種住宅區)"
萬華區,雙園,1,193,1,第三種住宅區
萬華區,雙園,1,194,0,"第壹種商業區(依都市計畫說明書圖規定辦理,始得作第壹種商業區使用)(原屬第參之壹種住宅區)"
萬華區,雙園,1,194,1,第三種住宅區
萬華區,雙園,1,195,0,"第壹種商業區(依都市計畫說明書圖規定辦理,始得作第壹種商業區使用)(原屬第參之壹種住宅區)"
萬華區,雙園,1,195,1,第三種住宅區
萬華區,雙園,1,196,0,"第壹種商業區(依都市計畫說明書圖規定辦理,始得作第壹種商業區使用)(原屬第參之壹種住宅區),但是否在第三種住宅區(應依建築線或俟地籍測量分割後,再確定)"
萬華區,雙園,1,197,0,"第壹種商業區(依都市計畫說明書圖規定辦理,始得作第壹種商業區使用)(原屬第參之壹種住宅區)"
萬華區,雙園,1,198,0,"第壹種商業區(依都市計畫說明書圖規定辦理,始得作第壹種商業區使用)(原屬第參之壹種住宅區)"
萬華區,雙園,1,199,0,"第壹種商業區(依都市計畫說明書圖規定辦理,始得作第壹種商業區使用)(原屬第參之壹種住宅區)"
萬華區,雙園,1,200,0,"第壹種商業區(依都市計畫說明書圖規定辦理,始得作第壹種商業區使用)(原屬第參之壹種住宅區)"
萬華區,雙園,1,201,0,"第壹種商業區(依都市計畫說明書圖規定辦理,始得作第壹種商業區使用)(原屬第參之壹種住宅區)"
萬華區,雙園,1,202,0,"第壹種商業區(依都市計畫說明書圖規定辦理,始得作第壹種商業區使用)(原屬第參之壹種住宅區)"
萬華區,雙園,1,203,0,"第壹種商業區(依都市計畫說明書圖規定辦理,始得作第壹種商業區使用)(原屬第參之壹種住宅區)"
萬華區,雙園,1,204,0,"第壹種商業區(依都市計畫說明書圖規定辦理,始得作第壹種商業區使用)(原屬第參之壹種住宅區)"
萬華區,雙園,1,205,0,"第壹種商業區(依都市計畫說明書圖規定辦理,始得作第壹種商業區使用)(原屬第參之壹種住宅區)"
萬華區,雙園,1,205,1,第三種住宅區
萬華區,雙園,1,206,0,"第壹種商業區(依都市計畫說明書圖規定辦理,始得作第壹種商業區使用)(原屬第參之壹種住宅區)"
萬華區,雙園,1,206,1,第三種住宅區
萬華區,雙園,1,207,0,"第壹種商業區(依都市計畫說明書圖規定辦理,始得作第壹種商業區使用)(原屬第參之壹種住宅區)"
萬華區,雙園,1,208,0,"第壹種商業區(依都市計畫說明書圖規定辦理,始得作第壹種商業區使用)(原屬第參之壹種住宅區)"
萬華區,雙園,1,209,0,"第壹種商業區(依都市計畫說明書圖規定辦理,始得作第壹種商業區使用)(原屬第參之壹種住宅區)"
萬華區,雙園,1,210,0,"第壹種商業區(依都市計畫說明書圖規定辦理,始得作第壹種商業區使用)(原屬第參之壹種住宅區)"
萬華區,雙園,1,211,0,"第壹種商業區(依都市計畫說明書圖規定辦理,始得作第壹種商業區使用)(原屬第參之壹種住宅區)"
萬華區,雙園,1,212,0,"第壹種商業區(依都市計畫說明書圖規定辦理,始得作第壹種商業區使用)(原屬第參之壹種住宅區)"
萬華區,雙園,1,213,0,道路用地(公共設施用地)
萬華區,雙園,1,214,0,道路用地(公共設施用地)
萬華區,雙園,1,215,0,道路用地(公共設施用地)
萬華區,雙園,1,216,0,國中用地(公共設施用地)
萬華區,雙園,1,218,0,道路用地(公共設施用地)
萬華區,雙園,1,219,0,道路用地(公共設施用地)
萬華區,雙園,1,221,0,道路用地(公共設施用地)
萬華區,雙園,1,222,0,道路用地(公共設施用地)
萬華區,雙園,1,223,0,第三之二種住宅區(特)
萬華區,雙園,1,224,0,第三之二種住宅區(特)
萬華區,雙園,1,225,0,第三之二種住宅區(特)
萬華區,雙園,1,226,0,第三之二種住宅區(特)
萬華區,雙園,1,227,0,第三之二種住宅區(特)
萬華區,雙園,1,228,0,第三之二種住宅區(特)
萬華區,雙園,1,229,0,第三之二種住宅區(特)
萬華區,雙園,1,230,0,"第三之二種住宅區(特),但是否在第壹種商業區(依都市計畫說明書圖規定辦理,始得作第壹種商業區使用)(原屬第參之壹種住宅區,應依建築線或俟地籍測量分割後,再確定)"
萬華區,雙園,1,231,0,"第三之二種住宅區(特),但是否在第壹種商業區(依都市計畫說明書圖規定辦理,始得作第壹種商業區使用)(原屬第參之壹種住宅區)"
萬華區,雙園,1,233,0,"第壹種商業區(依都市計畫說明書圖規定辦理,始得作第壹種商業區使用)(原屬第參之壹種住宅區)"
萬華區,雙園,1,235,1,"第壹種商業區(依都市計畫說明書圖規定辦理,始得作第壹種商業區使用)(原屬第參之壹種住宅區)"
萬華區,雙園,1,236,0,"第壹種商業區(依都市計畫說明書圖規定辦理,始得作第壹種商業區使用)(原屬第參之壹種住宅區)"
萬華區,雙園,1,237,0,"第壹種商業區(依都市計畫說明書圖規定辦理,始得作第壹種商業區使用)(原屬第參之壹種住宅區)"
萬華區,雙園,1,237,1,"第三之二種住宅區(特),但是否在第壹種商業區(依都市計畫說明書圖規定辦理,始得作第壹種商業區使用)(原屬第參之壹種住宅區)"
萬華區,雙園,1,238,0,道路用地(公共設施用地)
萬華區,雙園,1,238,1,"第壹種商業區(依都市計畫說明書圖規定辦理,始得作第壹種商業區使用)(原屬第參之壹種住宅區),但是否在道路用地(公共設施用地)(應依建築線或俟地籍測量分割後,再確定)"
萬華區,雙園,1,239,0,道路用地(公共設施用地)
萬華區,雙園,1,240,0,"第三之二種住宅區(特),但是否在第壹種商業區(依都市計畫說明書圖規定辦理,始得作第壹種商業區使用)(原屬第參之壹種住宅區)"
萬華區,雙園,1,240,1,"第壹種商業區(依都市計畫說明書圖規定辦理,始得作第壹種商業區使用)(原屬第參之壹種住宅區)"
萬華區,雙園,1,241,0,"第三之二種住宅區(特),但是否在第壹種商業區(依都市計畫說明書圖規定辦理,始得作第壹種商業區使用)(原屬第參之壹種住宅區)"
萬華區,雙園,1,241,1,"第三之二種住宅區(特),但是否在第壹種商業區(依都市計畫說明書圖規定辦理,始得作第壹種商業區使用)(原屬第參之壹種住宅區,應依建築線或俟地籍測量分割後,再確定)"
萬華區,雙園,1,242,0,第三之二種住宅區(特)
萬華區,雙園,1,243,0,第三之二種住宅區(特)
萬華區,雙園,1,244,0,道路用地(公共設施用地)
萬華區,雙園,1,245,0,道路用地(公共設施用地)
萬華區,雙園,1,246,0,第三之二種住宅區(特)
萬華區,雙園,1,247,0,"道路用地(公共設施用地),但是否在第三種住宅區(應依建築線或俟地籍測量分割後,再確定)"
萬華區,雙園,1,247,1,道路用地(公共設施用地)
萬華區,雙園,1,247,2,道路用地(公共設施用地)
萬華區,雙園,1,248,0,第三之二種住宅區(特)
萬華區,雙園,1,248,1,道路用地(公共設施用地)
萬華區,雙園,1,248,2,第三之二種住宅區(特)
萬華區,雙園,1,248,3,道路用地(公共設施用地)
萬華區,雙園,1,249,0,道路用地(公共設施用地)
萬華區,雙園,1,250,0,道路用地(公共設施用地)
萬華區,雙園,1,251,0,道路用地(公共設施用地)
萬華區,雙園,1,252,0,道路用地(公共設施用地)
萬華區,雙園,1,253,0,道路用地(公共設施用地)
萬華區,雙園,1,261,0,道路用地(公共設施用地)
萬華區,雙園,1,262,0,道路用地(公共設施用地)
萬華區,雙園,1,263,0,道路用地(公共設施用地)
萬華區,雙園,1,264,0,道路用地(公共設施用地)
萬華區,雙園,1,265,0,道路用地(公共設施用地)
萬華區,雙園,1,266,0,道路用地(公共設施用地)
萬華區,雙園,1,267,0,第三種住宅區
萬華區,雙園,1,268,0,第三種住宅區
萬華區,雙園,1,269,0,第三種住宅區
萬華區,雙園,1,270,0,第三種住宅區
萬華區,雙園,1,271,0,第三種住宅區
萬華區,雙園,1,272,0,道路用地(公共設施用地)
萬華區,雙園,1,273,0,道路用地(公共設施用地)
萬華區,雙園,1,274,0,第三種住宅區
萬華區,雙園,1,275,0,第三種住宅區
萬華區,雙園,1,276,0,第三種住宅區
萬華區,雙園,1,277,0,第三種住宅區
萬華區,雙園,1,278,0,第三種住宅區
萬華區,雙園,1,279,0,第三種住宅區
萬華區,雙園,1,280,0,第三種住宅區
萬華區,雙園,1,281,0,第三種住宅區
萬華區,雙園,1,282,0,第三種住宅區
萬華區,雙園,1,283,0,第三種住宅區
萬華區,雙園,1,284,0,第三種住宅區
萬華區,雙園,1,284,1,道路用地(公共設施用地)
萬華區,雙園,1,284,2,道路用地(公共設施用地)
萬華區,雙園,1,285,0,第三種住宅區
萬華區,雙園,1,285,1,道路用地(公共設施用地)
萬華區,雙園,1,285,2,第三種住宅區
萬華區,雙園,1,286,0,第三種住宅區
萬華區,雙園,1,287,0,第三種住宅區
萬華區,雙園,1,288,0,第三種住宅區
萬華區,雙園,1,289,0,第三種住宅區
萬華區,雙園,1,290,0,第三種住宅區
萬華區,雙園,1,290,1,道路用地(公共設施用地)
萬華區,雙園,1,291,0,第三種住宅區
萬華區,雙園,1,292,0,第三種住宅區
萬華區,雙園,1,293,0,第三種住宅區
萬華區,雙園,1,294,0,第三種住宅區
萬華區,雙園,1,295,0,第三種住宅區
萬華區,雙園,1,296,0,第三種住宅區
萬華區,雙園,1,297,0,第三種住宅區
萬華區,雙園,1,298,0,第三種住宅區
萬華區,雙園,1,299,0,第三種住宅區
萬華區,雙園,1,300,0,第三種住宅區
萬華區,雙園,1,301,0,第三種住宅區
萬華區,雙園,1,302,0,第三種住宅區
萬華區,雙園,1,303,0,第三種住宅區
萬華區,雙園,1,304,0,第三種住宅區
萬華區,雙園,1,305,0,第三種住宅區
萬華區,雙園,1,306,0,第三種住宅區
萬華區,雙園,1,307,0,第三種住宅區
萬華區,雙園,1,308,0,第三種住宅區
萬華區,雙園,1,309,0,第三種住宅區
萬華區,雙園,1,310,0,道路用地(公共設施用地)
萬華區,雙園,1,311,0,道路用地(公共設施用地)
萬華區,雙園,1,312,0,道路用地(公共設施用地)
萬華區,雙園,1,312,1,第三種住宅區
萬華區,雙園,1,312,2,第三種住宅區
萬華區,雙園,1,313,0,第三種住宅區
萬華區,雙園,1,314,0,第三種住宅區
萬華區,雙園,1,315,0,第三之一種住宅區
萬華區,雙園,1,315,1,第三種住宅區
萬華區,雙園,1,316,0,第三之一種住宅區
萬華區,雙園,1,317,0,第三之一種住宅區
萬華區,雙園,1,317,1,第三種住宅區
萬華區,雙園,1,318,0,第三之一種住宅區
萬華區,雙園,1,318,1,第三種住宅區
萬華區,雙園,1,319,0,第三之一種住宅區
萬華區,雙園,1,319,1,第三種住宅區
萬華區,雙園,1,320,0,第三之一種住宅區
萬華區,雙園,1,320,1,第三種住宅區
萬華區,雙園,1,321,0,第三之一種住宅區
萬華區,雙園,1,321,1,第三種住宅區
萬華區,雙園,1,322,0,第三之一種住宅區
萬華區,雙園,1,322,1,第三種住宅區
萬華區,雙園,1,323,0,第三之一種住宅區
萬華區,雙園,1,323,1,第三種住宅區
萬華區,雙園,1,324,0,第三之一種住宅區
萬華區,雙園,1,324,1,第三種住宅區
萬華區,雙園,1,325,0,第三之一種住宅區
萬華區,雙園,1,325,1,第三種住宅區
萬華區,雙園,1,326,0,第三之一種住宅區
萬華區,雙園,1,326,1,第三種住宅區
萬華區,雙園,1,327,0,第三之一種住宅區
萬華區,雙園,1,327,1,第三種住宅區
萬華區,雙園,1,328,0,道路用地(公共設施用地)
萬華區,雙園,1,328,1,第三種住宅區
萬華區,雙園,1,329,0,道路用地(公共設施用地)
萬華區,雙園,1,330,0,第三之一種住宅區
萬華區,雙園,1,330,1,道路用地(公共設施用地)
萬華區,雙園,1,330,3,第三之一種住宅區
萬華區,雙園,1,330,4,第三種住宅區
萬華區,雙園,1,330,5,第三種住宅區
萬華區,雙園,1,331,0,第三之一種住宅區
萬華區,雙園,1,331,1,第三之一種住宅區
萬華區,雙園,1,331,2,第三種住宅區
萬華區,雙園,1,332,0,第三之一種住宅區
萬華區,雙園,1,332,1,第三種住宅區
萬華區,雙園,1,333,0,第三之一種住宅區
萬華區,雙園,1,333,1,第三種住宅區
萬華區,雙園,1,334,0,第三之一種住宅區
萬華區,雙園,1,334,1,第三種住宅區
萬華區,雙園,1,335,0,第三之一種住宅區
萬華區,雙園,1,335,1,第三種住宅區
萬華區,雙園,1,336,0,道路用地(公共設施用地)
萬華區,雙園,1,337,0,第三種住宅區
萬華區,雙園,1,338,0,第三種住宅區
萬華區,雙園,1,339,0,第三之一種住宅區
萬華區,雙園,1,339,1,第三種住宅區
萬華區,雙園,1,340,0,第三之一種住宅區
萬華區,雙園,1,341,0,道路用地(公共設施用地)
萬華區,雙園,1,342,0,道路用地(公共設施用地)
萬華區,雙園,1,343,0,道路用地(公共設施用地)
萬華區,雙園,1,344,0,第三之一種住宅區
萬華區,雙園,1,345,0,第三之一種住宅區
萬華區,雙園,1,346,0,第三之一種住宅區
萬華區,雙園,1,347,0,第三之一種住宅區
萬華區,雙園,1,348,0,第三之一種住宅區
萬華區,雙園,1,349,0,第三之一種住宅區
萬華區,雙園,1,350,0,第三之一種住宅區
萬華區,雙園,1,350,1,第三之一種住宅區
萬華區,雙園,1,351,0,第三之一種住宅區
萬華區,雙園,1,352,0,第三之一種住宅區
萬華區,雙園,1,353,0,第三之一種住宅區
萬華區,雙園,1,355,1,第三之一種住宅區
萬華區,雙園,1,356,0,第三之一種住宅區
萬華區,雙園,1,357,0,第三之一種住宅區
萬華區,雙園,1,358,0,第三之一種住宅區
萬華區,雙園,1,358,1,第三種住宅區
萬華區,雙園,1,359,0,第三之一種住宅區
萬華區,雙園,1,359,1,第三種住宅區
萬華區,雙園,1,360,0,第三之一種住宅區
萬華區,雙園,1,361,0,第三之一種住宅區
萬華區,雙園,1,362,0,第三之一種住宅區
萬華區,雙園,1,363,0,第三之一種住宅區
萬華區,雙園,1,364,0,第三之一種住宅區
萬華區,雙園,1,365,0,第三之一種住宅區
萬華區,雙園,1,366,0,道路用地(公共設施用地)
萬華區,雙園,1,366,1,道路用地(公共設施用地)
萬華區,雙園,1,367,0,道路用地(公共設施用地)
萬華區,雙園,1,367,1,道路用地(公共設施用地)
萬華區,雙園,1,368,0,道路用地(公共設施用地)
萬華區,雙園,1,369,0,道路用地(公共設施用地)
萬華區,雙園,1,370,0,道路用地(公共設施用地)
萬華區,雙園,1,371,0,道路用地(公共設施用地)
萬華區,雙園,1,372,0,道路用地(公共設施用地)
萬華區,雙園,1,373,0,道路用地(公共設施用地)
萬華區,雙園,1,374,0,道路用地(公共設施用地)
萬華區,雙園,1,375,0,道路用地(公共設施用地)
萬華區,雙園,1,376,0,道路用地(公共設施用地)
萬華區,雙園,1,377,0,道路用地(公共設施用地)
萬華區,雙園,1,378,0,道路用地(公共設施用地)
萬華區,雙園,1,379,0,道路用地(公共設施用地)
萬華區,雙園,1,380,0,道路用地(公共設施用地)
萬華區,雙園,1,381,0,第三之一種住宅區
萬華區,雙園,1,382,0,第三之一種住宅區
萬華區,雙園,1,383,0,第三之一種住宅區
萬華區,雙園,1,384,0,第三之一種住宅區
萬華區,雙園,1,385,0,第三之一種住宅區
萬華區,雙園,1,386,0,第三之一種住宅區
萬華區,雙園,1,387,3,第三之一種住宅區
萬華區,雙園,1,387,6,第三之一種住宅區
萬華區,雙園,1,387,8,第三之一種住宅區
萬華區,雙園,1,389,0,第三之一種住宅區
萬華區,雙園,1,390,0,第三之一種住宅區
萬華區,雙園,1,392,5,第三之一種住宅區
萬華區,雙園,1,393,0,第三之一種住宅區
萬華區,雙園,1,393,2,第三之一種住宅區
萬華區,雙園,1,393,3,第三之一種住宅區
萬華區,雙園,1,394,1,第三之一種住宅區
萬華區,雙園,1,395,0,第三之一種住宅區
萬華區,雙園,1,395,1,第三之一種住宅區
萬華區,雙園,1,395,2,第三之一種住宅區
萬華區,雙園,1,395,3,第三之一種住宅區
萬華區,雙園,1,395,5,第三之一種住宅區
萬華區,雙園,1,396,0,第三之一種住宅區
萬華區,雙園,1,401,0,第三之一種住宅區
萬華區,雙園,1,402,0,第三之一種住宅區
萬華區,雙園,1,402,1,第三種住宅區
萬華區,雙園,1,403,0,第三種住宅區
萬華區,雙園,1,404,0,第三種住宅區
萬華區,雙園,1,405,0,第三之一種住宅區
萬華區,雙園,1,405,1,第三種住宅區
萬華區,雙園,1,406,1,第三之一種住宅區
萬華區,雙園,1,406,2,第三之一種住宅區
萬華區,雙園,1,406,3,第三之一種住宅區
萬華區,雙園,1,406,4,第三之一種住宅區
萬華區,雙園,1,409,0,第三之一種住宅區
萬華區,雙園,1,409,1,第三種住宅區
萬華區,雙園,1,410,0,第三之一種住宅區
萬華區,雙園,1,410,1,第三種住宅區
萬華區,雙園,1,411,0,第三之一種住宅區
萬華區,雙園,1,411,1,第三種住宅區
萬華區,雙園,1,416,0,第三之一種住宅區
萬華區,雙園,1,416,1,第三種住宅區
萬華區,雙園,1,417,0,第三之一種住宅區
萬華區,雙園,1,417,1,第三種住宅區
萬華區,雙園,1,420,0,第三之一種住宅區
萬華區,雙園,1,420,1,第三種住宅區
萬華區,雙園,1,421,0,第三之一種住宅區
萬華區,雙園,1,421,1,第三種住宅區
萬華區,雙園,1,422,0,第三之一種住宅區
萬華區,雙園,1,422,1,第三種住宅區
萬華區,雙園,1,423,0,第三之一種住宅區
萬華區,雙園,1,423,2,第三之一種住宅區
萬華區,雙園,1,423,3,第三種住宅區
萬華區,雙園,1,424,0,第三之一種住宅區
萬華區,雙園,1,424,2,第三種住宅區
萬華區,雙園,1,425,0,第三之一種住宅區
萬華區,雙園,1,425,3,第三種住宅區
萬華區,雙園,1,426,0,第三之一種住宅區
萬華區,雙園,1,426,1,第三種住宅區
萬華區,雙園,1,427,0,第三之一種住宅區
萬華區,雙園,1,427,2,第三種住宅區
萬華區,雙園,1,428,0,第三之一種住宅區
萬華區,雙園,1,428,1,第三種住宅區
萬華區,雙園,1,429,0,第三之一種住宅區
萬華區,雙園,1,429,1,第三種住宅區
萬華區,雙園,1,430,0,第三之一種住宅區
萬華區,雙園,1,430,1,第三種住宅區
萬華區,雙園,1,431,0,第三之一種住宅區
萬華區,雙園,1,431,1,第三種住宅區
萬華區,雙園,1,432,0,第三之一種住宅區
萬華區,雙園,1,432,1,第三種住宅區
萬華區,雙園,1,433,0,第三之一種住宅區
萬華區,雙園,1,433,1,第三種住宅區
萬華區,雙園,1,434,0,第三種住宅區
萬華區,雙園,1,435,0,第三種住宅區
萬華區,雙園,1,436,0,第三種住宅區
萬華區,雙園,1,437,0,第三種住宅區
萬華區,雙園,1,438,0,第三種住宅區
萬華區,雙園,1,439,0,第三種住宅區
萬華區,雙園,1,440,0,第三種住宅區
萬華區,雙園,1,441,0,第三種住宅區
萬華區,雙園,1,442,0,第三種住宅區
萬華區,雙園,1,443,0,第三種住宅區
萬華區,雙園,1,444,0,第三種住宅區
萬華區,雙園,1,445,0,第三種住宅區
萬華區,雙園,1,446,0,道路用地(公共設施用地)
萬華區,雙園,1,447,0,道路用地(公共設施用地)
萬華區,雙園,1,448,0,道路用地(公共設施用地)
萬華區,雙園,1,449,0,道路用地(公共設施用地)
萬華區,雙園,1,450,0,第三種住宅區
萬華區,雙園,1,451,0,第三種住宅區
萬華區,雙園,1,452,0,第三種住宅區
萬華區,雙園,1,453,0,第三種住宅區
萬華區,雙園,1,454,0,第三種住宅區
萬華區,雙園,1,455,0,第三種住宅區
萬華區,雙園,1,456,0,第三種住宅區
萬華區,雙園,1,457,0,第三種住宅區
萬華區,雙園,1,458,0,第三種住宅區
萬華區,雙園,1,459,0,第三種住宅區
萬華區,雙園,1,460,0,第三種住宅區
萬華區,雙園,1,461,0,第三種住宅區
萬華區,雙園,1,462,0,第三種住宅區
萬華區,雙園,1,463,0,第三種住宅區
萬華區,雙園,1,464,0,第三種住宅區
萬華區,雙園,1,465,0,第三種住宅區
萬華區,雙園,1,466,0,第三種住宅區
萬華區,雙園,1,467,0,第三種住宅區
萬華區,雙園,1,468,0,第三種住宅區
萬華區,雙園,1,469,0,第三種住宅區
萬華區,雙園,1,470,0,第三種住宅區
萬華區,雙園,1,471,0,第三種住宅區
萬華區,雙園,1,472,0,第三種住宅區
萬華區,雙園,1,473,0,第三種住宅區
萬華區,雙園,1,474,0,第三種住宅區
萬華區,雙園,1,475,0,第三種住宅區
萬華區,雙園,1,476,0,第三種住宅區
萬華區,雙園,1,477,0,第三種住宅區
萬華區,雙園,1,477,1,道路用地(公共設施用地)
萬華區,雙園,1,478,0,第三種住宅區
萬華區,雙園,1,479,0,第三種住宅區
萬華區,雙園,1,480,0,第三種住宅區
萬華區,雙園,1,481,0,第三種住宅區
萬華區,雙園,1,482,0,第三種住宅區
萬華區,雙園,1,483,0,第三種住宅區
萬華區,雙園,1,484,0,第三種住宅區
萬華區,雙園,1,485,0,第三種住宅區
萬華區,雙園,1,486,0,第三種住宅區
萬華區,雙園,1,487,0,第三種住宅區
萬華區,雙園,1,488,0,第三種住宅區
萬華區,雙園,1,489,0,第三種住宅區
萬華區,雙園,1,490,0,第三種住宅區
萬華區,雙園,1,491,0,第三種住宅區
萬華區,雙園,1,492,0,第三種住宅區
萬華區,雙園,1,493,0,第三種住宅區
萬華區,雙園,1,494,0,第三種住宅區
萬華區,雙園,1,495,0,第三種住宅區
萬華區,雙園,1,496,0,第三種住宅區
萬華區,雙園,1,497,0,第三種住宅區
萬華區,雙園,1,498,0,第三種住宅區
萬華區,雙園,1,499,0,第三種住宅區
萬華區,雙園,1,500,0,第三種住宅區
萬華區,雙園,1,501,0,第三種住宅區
萬華區,雙園,1,502,0,第三種住宅區
萬華區,雙園,1,503,0,第三種住宅區
萬華區,雙園,1,504,0,第三種住宅區
萬華區,雙園,1,505,0,第三種住宅區
萬華區,雙園,1,506,0,第三種住宅區
萬華區,雙園,1,507,0,第三種住宅區
萬華區,雙園,1,508,0,道路用地(公共設施用地)
萬華區,雙園,1,508,1,第三種住宅區
萬華區,雙園,1,508,2,第三種住宅區
萬華區,雙園,1,509,0,道路用地(公共設施用地)
萬華區,雙園,1,510,0,道路用地(公共設施用地)
萬華區,雙園,1,511,0,道路用地(公共設施用地)
萬華區,雙園,1,512,0,道路用地(公共設施用地)
萬華區,雙園,1,513,0,道路用地(公共設施用地)
萬華區,雙園,1,514,0,道路用地(公共設施用地)
萬華區,雙園,1,515,0,第三種住宅區
萬華區,雙園,1,516,0,第三種住宅區
萬華區,雙園,1,517,0,第三種住宅區
萬華區,雙園,1,518,0,第三種住宅區
萬華區,雙園,1,519,0,第三種住宅區
萬華區,雙園,1,520,0,第三種住宅區
萬華區,雙園,1,521,0,第三種住宅區
萬華區,雙園,1,522,0,第三種住宅區
萬華區,雙園,1,523,0,第三種住宅區
萬華區,雙園,1,524,0,第三種住宅區
萬華區,雙園,1,525,0,第三種住宅區
萬華區,雙園,1,526,0,第三種住宅區
萬華區,雙園,1,527,0,第三種住宅區
萬華區,雙園,1,528,0,第三種住宅區
萬華區,雙園,1,530,1,第三種住宅區
萬華區,雙園,1,532,0,第三種住宅區
萬華區,雙園,1,533,0,第三種住宅區
萬華區,雙園,1,534,0,第三種住宅區
萬華區,雙園,1,535,0,第三種住宅區
萬華區,雙園,1,536,0,第三種住宅區
萬華區,雙園,1,536,1,第三種住宅區
萬華區,雙園,1,536,2,第三種住宅區
萬華區,雙園,1,536,3,第三種住宅區
萬華區,雙園,1,536,4,第三種住宅區
萬華區,雙園,1,536,5,第三種住宅區
萬華區,雙園,1,536,6,第三種住宅區
萬華區,雙園,1,537,0,第三種住宅區
萬華區,雙園,1,537,1,第三種住宅區
萬華區,雙園,1,537,2,第三種住宅區
萬華區,雙園,1,537,3,第三種住宅區
萬華區,雙園,1,537,4,第三種住宅區
萬華區,雙園,1,537,5,第三種住宅區
萬華區,雙園,1,537,6,第三種住宅區
萬華區,雙園,1,537,7,第三種住宅區
萬華區,雙園,1,537,8,第三種住宅區
萬華區,雙園,1,537,9,第三種住宅區
萬華區,雙園,1,537,10,第三種住宅區
萬華區,雙園,1,537,11,第三種住宅區
萬華區,雙園,1,537,12,"道路用地(公共設施用地),但是否在第三種住宅區及國中用地(公共設施用地)(應依建築線或俟地籍測量分割後,再確定)"
萬華區,雙園,1,537,13,第三之二種住宅區(特)
萬華區,雙園,1,537,14,第三種住宅區
萬華區,雙園,1,540,0,第三種住宅區
萬華區,雙園,1,541,0,第三種住宅區
萬華區,雙園,1,542,0,第三種住宅區
萬華區,雙園,1,543,0,第三種住宅區
萬華區,雙園,1,544,0,第三種住宅區
萬華區,雙園,1,545,0,第三種住宅區
萬華區,雙園,1,546,0,第三種住宅區
萬華區,雙園,1,547,0,第三種住宅區
萬華區,雙園,1,548,0,第三種住宅區
萬華區,雙園,1,549,0,第三種住宅區
萬華區,雙園,1,550,0,第三種住宅區
萬華區,雙園,1,551,0,第三種住宅區
萬華區,雙園,1,552,0,第三種住宅區
萬華區,雙園,1,553,0,道路用地(公共設施用地)
萬華區,雙園,1,554,0,道路用地(公共設施用地)
萬華區,雙園,1,555,0,道路用地(公共設施用地)
萬華區,雙園,1,556,0,道路用地(公共設施用地)
萬華區,雙園,1,562,1,第三之二種住宅區(特)
萬華區,雙園,1,562,2,道路用地(公共設施用地)
萬華區,雙園,1,563,0,第三之二種住宅區(特)
萬華區,雙園,1,563,2,道路用地(公共設施用地)
萬華區,雙園,1,564,0,道路用地(公共設施用地)
萬華區,雙園,1,565,0,第三之二種住宅區(特)
萬華區,雙園,1,565,2,道路用地(公共設施用地)
萬華區,雙園,1,565,3,道路用地(公共設施用地)
萬華區,雙園,1,566,0,第三之二種住宅區(特)
萬華區,雙園,1,566,2,道路用地(公共設施用地)
萬華區,雙園,1,567,1,道路用地(公共設施用地)
萬華區,雙園,1,569,0,道路用地(公共設施用地)
萬華區,雙園,1,570,0,道路用地(公共設施用地)
萬華區,雙園,1,571,0,道路用地(公共設施用地)
萬華區,雙園,1,572,0,道路用地(公共設施用地)
萬華區,雙園,1,573,0,道路用地(公共設施用地)
萬華區,雙園,1,575,0,"道路用地(公共設施用地),但是否在第三種住宅區(應依建築線或俟地籍測量分割後,再確定)"
萬華區,雙園,1,576,0,第三之二種住宅區
萬華區,雙園,1,576,1,第三種住宅區
萬華區,雙園,1,577,0,第三之二種住宅區
萬華區,雙園,1,577,1,第三種住宅區
萬華區,雙園,1,578,0,第三之二種住宅區
萬華區,雙園,1,578,1,第三種住宅區
萬華區,雙園,1,579,0,第三之二種住宅區
萬華區,雙園,1,579,1,第三種住宅區
萬華區,雙園,1,580,0,第三之二種住宅區
萬華區,雙園,1,580,1,第三種住宅區
萬華區,雙園,1,581,0,第三之二種住宅區
萬華區,雙園,1,581,1,第三種住宅區
萬華區,雙園,1,582,0,第三之二種住宅區
萬華區,雙園,1,582,1,第三種住宅區
萬華區,雙園,1,583,0,第三之二種住宅區
萬華區,雙園,1,583,1,第三種住宅區
萬華區,雙園,1,584,0,第三之二種住宅區
萬華區,雙園,1,584,1,第三種住宅區
萬華區,雙園,1,585,0,第三之二種住宅區
萬華區,雙園,1,585,1,第三種住宅區
萬華區,雙園,1,586,0,第三之二種住宅區
萬華區,雙園,1,586,1,第三種住宅區
萬華區,雙園,1,587,0,第三之二種住宅區
萬華區,雙園,1,587,1,第三種住宅區
萬華區,雙園,1,588,0,第三之二種住宅區
萬華區,雙園,1,588,1,第三種住宅區
萬華區,雙園,1,589,0,第三之二種住宅區
萬華區,雙園,1,589,1,第三種住宅區
萬華區,雙園,1,590,0,第三之二種住宅區
萬華區,雙園,1,590,1,第三種住宅區
萬華區,雙園,1,591,0,第三之二種住宅區
萬華區,雙園,1,591,1,第三種住宅區
萬華區,雙園,1,592,0,第三之二種住宅區
萬華區,雙園,1,592,1,第三種住宅區
萬華區,雙園,1,593,0,第三之二種住宅區
萬華區,雙園,1,593,1,第三種住宅區
萬華區,雙園,1,594,0,第三之二種住宅區
萬華區,雙園,1,594,1,第三種住宅區
萬華區,雙園,1,595,0,第三之二種住宅區
萬華區,雙園,1,595,1,第三種住宅區
萬華區,雙園,1,596,0,第三之二種住宅區
萬華區,雙園,1,596,1,第三種住宅區
萬華區,雙園,1,597,0,第三之二種住宅區
萬華區,雙園,1,597,1,第三種住宅區
萬華區,雙園,1,598,0,第三之二種住宅區
萬華區,雙園,1,598,1,第三種住宅區
萬華區,雙園,1,599,0,第三之二種住宅區
萬華區,雙園,1,599,1,第三種住宅區
萬華區,雙園,1,600,0,第三之二種住宅區
萬華區,雙園,1,600,1,第三種住宅區
萬華區,雙園,1,601,0,第三之二種住宅區
萬華區,雙園,1,601,1,第三種住宅區
萬華區,雙園,1,602,0,第三之二種住宅區
萬華區,雙園,1,602,1,第三種住宅區
萬華區,雙園,1,603,0,第三之二種住宅區
萬華區,雙園,1,603,1,第三種住宅區
萬華區,雙園,1,604,0,第三之二種住宅區
萬華區,雙園,1,604,1,第三種住宅區
萬華區,雙園,1,605,0,第三之二種住宅區
萬華區,雙園,1,605,1,第三種住宅區
萬華區,雙園,1,606,0,第三之二種住宅區
萬華區,雙園,1,606,1,道路用地(公共設施用地)
萬華區,雙園,1,606,2,第三種住宅區
萬華區,雙園,1,607,0,第三之二種住宅區
萬華區,雙園,1,608,0,第三之二種住宅區
萬華區,雙園,1,609,0,第三之二種住宅區
萬華區,雙園,1,610,0,第三之二種住宅區
萬華區,雙園,1,611,0,第三之二種住宅區
萬華區,雙園,1,612,0,第三之二種住宅區
萬華區,雙園,1,613,0,第三之二種住宅區
萬華區,雙園,1,614,0,第三之二種住宅區
萬華區,雙園,1,615,0,第三之二種住宅區
萬華區,雙園,1,616,0,第三之二種住宅區
萬華區,雙園,1,617,0,第三之二種住宅區
萬華區,雙園,1,618,0,第三之二種住宅區
萬華區,雙園,1,619,0,第三之二種住宅區
萬華區,雙園,1,620,0,第三之二種住宅區
萬華區,雙園,1,621,0,第三之二種住宅區
萬華區,雙園,1,622,0,第三之二種住宅區
萬華區,雙園,1,623,0,第三之二種住宅區
萬華區,雙園,1,624,0,第三之二種住宅區
萬華區,雙園,1,625,0,第三之二種住宅區
萬華區,雙園,1,626,0,第三之二種住宅區
萬華區,雙園,1,627,0,第三之二種住宅區
萬華區,雙園,1,628,0,第三之二種住宅區
萬華區,雙園,1,629,0,第三之二種住宅區
萬華區,雙園,1,630,0,第三之二種住宅區
萬華區,雙園,1,631,0,第三之二種住宅區
萬華區,雙園,1,632,0,第三之二種住宅區
萬華區,雙園,1,633,0,第三之二種住宅區
萬華區,雙園,1,634,0,第三之二種住宅區
萬華區,雙園,1,635,0,第三之二種住宅區
萬華區,雙園,1,636,0,第三之二種住宅區
萬華區,雙園,1,637,0,第三之二種住宅區
萬華區,雙園,1,637,1,第三之二種住宅區
萬華區,雙園,1,639,0,第三之二種住宅區
萬華區,雙園,1,640,0,第三之二種住宅區
萬華區,雙園,1,641,0,第三之二種住宅區
萬華區,雙園,1,642,0,第三之二種住宅區
萬華區,雙園,1,643,0,第三之二種住宅區
萬華區,雙園,1,644,0,第三之二種住宅區
萬華區,雙園,1,645,0,道路用地(公共設施用地)
萬華區,雙園,1,645,1,第三之二種住宅區
萬華區,雙園,1,645,2,第三種住宅區
萬華區,雙園,1,645,3,道路用地(公共設施用地)
萬華區,雙園,1,646,0,道路用地(公共設施用地)
萬華區,雙園,1,647,0,道路用地(公共設施用地)
萬華區,雙園,1,648,0,道路用地(公共設施用地)
萬華區,雙園,1,649,0,道路用地(公共設施用地)
萬華區,雙園,1,650,0,道路用地(公共設施用地)
萬華區,雙園,1,651,0,道路用地(公共設施用地)
萬華區,雙園,1,652,0,道路用地(公共設施用地)
萬華區,雙園,1,653,0,道路用地(公共設施用地)
萬華區,雙園,1,653,1,道路用地(公共設施用地)
萬華區,雙園,1,654,0,道路用地(公共設施用地)
萬華區,雙園,1,655,0,河川區及道路用地(公共設施用地)
萬華區,雙園,1,655,1,河川區及道路用地(公共設施用地)
萬華區,雙園,1,656,0,河川區
萬華區,雙園,1,656,1,河川區
萬華區,雙園,1,657,0,河川區
萬華區,雙園,1,658,0,河川區及道路用地(公共設施用地)
萬華區,雙園,1,659,0,河川區及道路用地(公共設施用地)
萬華區,雙園,1,660,0,河川區
萬華區,雙園,1,661,0,河川區
萬華區,雙園,1,662,0,"河川區,但是否在道路用地(公共設施用地)(應依建築線或俟地籍測量分割後,再確定)"
萬華區,雙園,1,663,0,道路用地(公共設施用地)及河川區
萬華區,雙園,1,664,0,道路用地(公共設施用地)
萬華區,雙園,1,665,0,道路用地(公共設施用地)
萬華區,雙園,1,666,0,道路用地(公共設施用地)
萬華區,雙園,1,667,0,道路用地(公共設施用地)
萬華區,雙園,1,668,0,道路用地(公共設施用地)
萬華區,雙園,1,669,0,河川區
萬華區,雙園,1,670,0,河川區
萬華區,雙園,1,671,0,河川區
萬華區,雙園,1,672,0,河川區
萬華區,雙園,1,673,0,河川區
萬華區,雙園,1,674,0,道路用地(公共設施用地)及河川區
萬華區,雙園,1,675,0,道路用地(公共設施用地)
萬華區,雙園,1,676,0,道路用地(公共設施用地)
萬華區,雙園,1,677,0,道路用地(公共設施用地)
萬華區,雙園,1,678,0,道路用地(公共設施用地)
萬華區,雙園,1,679,0,道路用地(公共設施用地)及河川區
萬華區,雙園,1,680,0,道路用地(公共設施用地)及河川區
萬華區,雙園,1,681,0,河川區
萬華區,雙園,1,682,0,河川區
萬華區,雙園,1,683,0,河川區
萬華區,雙園,1,684,0,道路用地(公共設施用地)及河川區
萬華區,雙園,1,685,0,道路用地(公共設施用地)及河川區
萬華區,雙園,1,686,0,道路用地(公共設施用地)
萬華區,雙園,1,687,0,道路用地(公共設施用地)
萬華區,雙園,1,688,0,道路用地(公共設施用地)
萬華區,雙園,1,689,0,"道路用地(公共設施用地),但是否在第三種住宅區(應依建築線或俟地籍測量分割後,再確定)"
萬華區,雙園,1,689,1,第三種住宅區
萬華區,雙園,1,689,3,第三之二種住宅區
萬華區,雙園,1,690,0,第三之二種住宅區
萬華區,雙園,1,690,1,"第三種住宅區,但是否在道路用地(公共設施用地)(應依建築線或俟地籍測量分割後,再確定)"
萬華區,雙園,1,691,0,第三之二種住宅區
萬華區,雙園,1,691,1,第三種住宅區
萬華區,雙園,1,692,0,第三之二種住宅區
萬華區,雙園,1,692,1,第三種住宅區
萬華區,雙園,1,693,0,第三之二種住宅區
萬華區,雙園,1,693,1,第三種住宅區
萬華區,雙園,1,694,0,第三之二種住宅區
萬華區,雙園,1,694,1,第三種住宅區
萬華區,雙園,1,695,0,第三之二種住宅區
萬華區,雙園,1,695,1,第三種住宅區
萬華區,雙園,1,696,0,第三之二種住宅區
萬華區,雙園,1,696,1,第三種住宅區
萬華區,雙園,1,697,0,第三之二種住宅區
萬華區,雙園,1,697,1,第三種住宅區
萬華區,雙園,1,698,0,第三種住宅區
萬華區,雙園,1,699,0,第三種住宅區
萬華區,雙園,1,700,0,第三種住宅區
萬華區,雙園,1,701,0,第三種住宅區
萬華區,雙園,1,702,0,第三之二種住宅區
萬華區,雙園,1,702,1,第三種住宅區
萬華區,雙園,1,705,0,第三之二種住宅區
萬華區,雙園,1,705,1,第三之二種住宅區
萬華區,雙園,1,706,0,第三之二種住宅區
萬華區,雙園,1,707,0,第三之二種住宅區
萬華區,雙園,1,708,0,第三之二種住宅區
萬華區,雙園,1,718,1,第三種住宅區及第三之一種住宅區
萬華區,雙園,1,720,0,第三之一種住宅區
萬華區,雙園,1,720,1,第三種住宅區
萬華區,雙園,1,721,0,第三之一種住宅區
萬華區,雙園,1,721,1,第三種住宅區
萬華區,雙園,1,722,0,第三種住宅區
萬華區,雙園,1,723,0,第三種住宅區
萬華區,雙園,1,724,0,第三之一種住宅區
萬華區,雙園,1,724,1,第三種住宅區
萬華區,雙園,1,725,0,第三之一種住宅區
萬華區,雙園,1,726,0,第三之一種住宅區
萬華區,雙園,1,727,0,第三之一種住宅區
萬華區,雙園,1,727,1,第三之一種住宅區
萬華區,雙園,1,728,0,第三之一種住宅區
萬華區,雙園,1,729,0,第三之一種住宅區
萬華區,雙園,1,730,0,第三之一種住宅區
萬華區,雙園,1,731,0,第三之一種住宅區
萬華區,雙園,1,732,0,第三之一種住宅區
萬華區,雙園,1,732,1,第三之一種住宅區
萬華區,雙園,1,733,0,第三之一種住宅區
萬華區,雙園,1,734,0,第三之一種住宅區
萬華區,雙園,1,735,0,第三之一種住宅區
萬華區,雙園,1,736,0,第三之二種住宅區
萬華區,雙園,1,736,1,第三之一種住宅區
萬華區,雙園,1,737,0,第三之二種住宅區
萬華區,雙園,1,737,1,第三之一種住宅區
萬華區,雙園,1,738,0,第三之二種住宅區
萬華區,雙園,1,739,0,第三之二種住宅區
萬華區,雙園,1,739,1,第三之一種住宅區
萬華區,雙園,1,740,0,第三之二種住宅區
萬華區,雙園,1,741,0,第三之二種住宅區
萬華區,雙園,1,742,0,第三之二種住宅區
萬華區,雙園,1,743,0,第三之二種住宅區
萬華區,雙園,1,744,0,第三之二種住宅區
萬華區,雙園,1,745,0,道路用地(公共設施用地)
萬華區,雙園,1,746,0,道路用地(公共設施用地)
萬華區,雙園,1,747,0,道路用地(公共設施用地)
萬華區,雙園,1,748,0,道路用地(公共設施用地)
萬華區,雙園,1,749,0,道路用地(公共設施用地)
萬華區,雙園,1,750,0,"道路用地(公共設施用地),但是否在第三之二種住宅區(應依建築線或俟地籍測量分割後,再確定)"
萬華區,雙園,1,751,0,道路用地(公共設施用地)
萬華區,雙園,1,752,0,道路用地(公共設施用地)
萬華區,雙園,1,753,0,道路用地(公共設施用地)
萬華區,雙園,1,754,0,道路用地(公共設施用地)
萬華區,雙園,1,755,0,道路用地(公共設施用地)
萬華區,雙園,1,756,0,道路用地(公共設施用地)
萬華區,雙園,1,757,0,道路用地(公共設施用地)
萬華區,雙園,1,758,0,道路用地(公共設施用地)
萬華區,雙園,1,759,0,道路用地(公共設施用地)及河川區
萬華區,雙園,1,760,0,道路用地(公共設施用地)及河川區
萬華區,雙園,1,761,0,河川區
萬華區,雙園,1,762,0,道路用地(公共設施用地)及河川區
萬華區,雙園,1,763,0,河川區
萬華區,雙園,1,764,0,河川區
萬華區,雙園,1,765,0,河川區
萬華區,雙園,1,766,0,河川區
萬華區,雙園,2,1,0,道路用地(公共設施用地)
萬華區,雙園,2,2,0,道路用地(公共設施用地)
萬華區,雙園,2,3,0,道路用地(公共設施用地)
萬華區,雙園,2,4,0,道路用地(公共設施用地)
萬華區,雙園,2,5,0,道路用地(公共設施用地)
萬華區,雙園,2,6,0,道路用地(公共設施用地)
萬華區,雙園,2,7,0,第三之一種住宅區
萬華區,雙園,2,8,0,第三之一種住宅區
萬華區,雙園,2,8,1,第三種住宅區
萬華區,雙園,2,9,0,"第壹種商業區(依都市計畫說明書圖規定辦理,始得作第壹種商業區使用)(原屬第參之壹種住宅區)"
萬華區,雙園,2,10,0,"第壹種商業區(依都市計畫說明書圖規定辦理,始得作第壹種商業區使用)(原屬第參之壹種住宅區)"
萬華區,雙園,2,11,0,"第壹種商業區(依都市計畫說明書圖規定辦理,始得作第壹種商業區使用)(原屬第參之壹種住宅區)"
萬華區,雙園,2,12,0,"第壹種商業區(依都市計畫說明書圖規定辦理,始得作第壹種商業區使用)(原屬第參之壹種住宅區)"
萬華區,雙園,2,13,0,"第壹種商業區(依都市計畫說明書圖規定辦理,始得作第壹種商業區使用)(原屬第參之壹種住宅區)"
萬華區,雙園,2,14,0,"第壹種商業區(依都市計畫說明書圖規定辦理,始得作第壹種商業區使用)(原屬第參之壹種住宅區)"
萬華區,雙園,2,15,0,"第壹種商業區(依都市計畫說明書圖規定辦理,始得作第壹種商業區使用)(原屬第參之壹種住宅區)"
萬華區,雙園,2,16,0,"第壹種商業區(依都市計畫說明書圖規定辦理,始得作第壹種商業區使用)(原屬第參之壹種住宅區)"
萬華區,雙園,2,17,0,"第壹種商業區(依都市計畫說明書圖規定辦理,始得作第壹種商業區使用)(原屬第參之壹種住宅區)"
萬華區,雙園,2,18,0,"第壹種商業區(依都市計畫說明書圖規定辦理,始得作第壹種商業區使用)(原屬第參之壹種住宅區)"
萬華區,雙園,2,19,0,"第壹種商業區(依都市計畫說明書圖規定辦理,始得作第壹種商業區使用)(原屬第參之壹種住宅區)"
萬華區,雙園,2,20,0,"第壹種商業區(依都市計畫說明書圖規定辦理,始得作第壹種商業區使用)(原屬第參之壹種住宅區)"
萬華區,雙園,2,21,0,"第壹種商業區(依都市計畫說明書圖規定辦理,始得作第壹種商業區使用)(原屬第參之壹種住宅區)"
萬華區,雙園,2,22,0,道路用地(公共設施用地)
萬華區,雙園,2,23,0,道路用地(公共設施用地)
萬華區,雙園,2,24,0,"第壹種商業區(依都市計畫說明書圖規定辦理,始得作第壹種商業區使用)(原屬第參之壹種住宅區)"
萬華區,雙園,2,25,0,"第壹種商業區(依都市計畫說明書圖規定辦理,始得作第壹種商業區使用)(原屬第參之壹種住宅區)"
萬華區,雙園,2,25,1,"第壹種商業區(依都市計畫說明書圖規定辦理,始得作第壹種商業區使用)(原屬第參種住宅區)"
萬華區,雙園,2,26,0,"第壹種商業區(依都市計畫說明書圖規定辦理,始得作第壹種商業區使用)(原屬第參之壹種住宅區)"
萬華區,雙園,2,26,1,"第壹種商業區(依都市計畫說明書圖規定辦理,始得作第壹種商業區使用)(原屬第參種住宅區)"
萬華區,雙園,2,27,0,"第壹種商業區(依都市計畫說明書圖規定辦理,始得作第壹種商業區使用)(原屬第參之壹種住宅區)"
萬華區,雙園,2,27,1,"第壹種商業區(依都市計畫說明書圖規定辦理,始得作第壹種商業區使用)(原屬第參種住宅區)"
萬華區,雙園,2,28,0,"第壹種商業區(依都市計畫說明書圖規定辦理,始得作第壹種商業區使用)(原屬第參種住宅區)"
萬華區,雙園,2,29,0,"第壹種商業區(依都市計畫說明書圖規定辦理,始得作第壹種商業區使用)(原屬第參之壹種住宅區)"
萬華區,雙園,2,29,1,"第壹種商業區(依都市計畫說明書圖規定辦理,始得作第壹種商業區使用)(原屬第參種住宅區)"
萬華區,雙園,2,30,0,"第壹種商業區(依都市計畫說明書圖規定辦理,始得作第壹種商業區使用)(原屬第參之壹種住宅區)"
萬華區,雙園,2,30,1,"第壹種商業區(依都市計畫說明書圖規定辦理,始得作第壹種商業區使用)(原屬第參種住宅區)"
萬華區,雙園,2,31,0,"第壹種商業區(依都市計畫說明書圖規定辦理,始得作第壹種商業區使用)(原屬第參之壹種住宅區)"
萬華區,雙園,2,31,1,"第壹種商業區(依都市計畫說明書圖規定辦理,始得作第壹種商業區使用)(原屬第參種住宅區)"
萬華區,雙園,2,32,0,"第壹種商業區(依都市計畫說明書圖規定辦理,始得作第壹種商業區使用)(原屬第參之壹種住宅區)"
萬華區,雙園,2,32,1,"第壹種商業區(依都市計畫說明書圖規定辦理,始得作第壹種商業區使用)(原屬第參種住宅區)"
萬華區,雙園,2,33,0,"第壹種商業區(依都市計畫說明書圖規定辦理,始得作第壹種商業區使用)(原屬第參之壹種住宅區)"
萬華區,雙園,2,33,1,"第壹種商業區(依都市計畫說明書圖規定辦理,始得作第壹種商業區使用)(原屬第參種住宅區)"
萬華區,雙園,2,34,0,"第壹種商業區(依都市計畫說明書圖規定辦理,始得作第壹種商業區使用)(原屬第參之壹種住宅區)"
萬華區,雙園,2,34,1,"第壹種商業區(依都市計畫說明書圖規定辦理,始得作第壹種商業區使用)(原屬第參種住宅區)"
萬華區,雙園,2,35,0,"第壹種商業區(依都市計畫說明書圖規定辦理,始得作第壹種商業區使用)(原屬第參之壹種住宅區)"
萬華區,雙園,2,35,1,"第壹種商業區(依都市計畫說明書圖規定辦理,始得作第壹種商業區使用)(原屬第參種住宅區)"
萬華區,雙園,2,36,0,道路用地(公共設施用地)
萬華區,雙園,2,37,0,第三種住宅區
萬華區,雙園,2,42,0,第三種住宅區
萬華區,雙園,2,43,0,第三種住宅區
萬華區,雙園,2,44,0,第三種住宅區
萬華區,雙園,2,45,0,第三種住宅區
萬華區,雙園,2,45,1,第三種住宅區
萬華區,雙園,2,45,2,第三種住宅區
萬華區,雙園,2,46,0,第三種住宅區
萬華區,雙園,2,46,1,第三種住宅區
萬華區,雙園,2,46,2,第三種住宅區
萬華區,雙園,2,47,0,第三種住宅區
萬華區,雙園,2,47,1,第三種住宅區
萬華區,雙園,2,47,2,第三種住宅區
萬華區,雙園,2,47,3,第三種住宅區
萬華區,雙園,2,47,4,第三種住宅區
萬華區,雙園,2,48,0,第三種住宅區
萬華區,雙園,2,49,0,第三種住宅區
萬華區,雙園,2,49,1,第三種住宅區
萬華區,雙園,2,49,2,第三種住宅區
萬華區,雙園,2,49,3,第三種住宅區
萬華區,雙園,2,49,4,第三種住宅區
萬華區,雙園,2,49,5,第三種住宅區
萬華區,雙園,2,50,0,第三種住宅區
萬華區,雙園,2,50,1,第三種住宅區
萬華區,雙園,2,50,2,第三種住宅區
萬華區,雙園,2,50,3,第三種住宅區
萬華區,雙園,2,51,0,第三種住宅區
萬華區,雙園,2,51,1,第三種住宅區
萬華區,雙園,2,51,2,第三種住宅區
萬華區,雙園,2,51,3,第三種住宅區
萬華區,雙園,2,52,0,第三種住宅區
萬華區,雙園,2,53,0,第三種住宅區
萬華區,雙園,2,54,0,第三種住宅區
萬華區,雙園,2,55,0,第三種住宅區
萬華區,雙園,2,56,0,第三種住宅區
萬華區,雙園,2,57,0,第三種住宅區
萬華區,雙園,2,58,0,第三種住宅區
萬華區,雙園,2,59,0,第三種住宅區
萬華區,雙園,2,60,0,第三種住宅區
萬華區,雙園,2,61,0,第三種住宅區
萬華區,雙園,2,61,3,第三種住宅區
萬華區,雙園,2,62,0,道路用地(公共設施用地)
萬華區,雙園,2,62,1,"道路用地(公共設施用地),但是否在第三種住宅區(應依建築線或俟地籍測量分割後,再確定)"
萬華區,雙園,2,62,2,道路用地(公共設施用地)
萬華區,雙園,2,62,3,道路用地(公共設施用地)
萬華區,雙園,2,62,4,道路用地(公共設施用地)
萬華區,雙園,2,62,5,道路用地(公共設施用地)
萬華區,雙園,2,62,6,道路用地(公共設施用地)
萬華區,雙園,2,62,7,道路用地(公共設施用地)
萬華區,雙園,2,62,8,道路用地(公共設施用地)
萬華區,雙園,2,62,9,道路用地(公共設施用地)
萬華區,雙園,2,64,0,第三種住宅區
萬華區,雙園,2,65,0,第三種住宅區
萬華區,雙園,2,66,0,第三種住宅區
萬華區,雙園,2,67,0,第三種住宅區
萬華區,雙園,2,68,0,"道路用地(公共設施用地),但是否在第三種住宅區(應依建築線或俟地籍測量分割後,再確定)"
萬華區,雙園,2,68,1,道路用地(公共設施用地)
萬華區,雙園,2,69,0,道路用地(公共設施用地)
萬華區,雙園,2,69,1,道路用地(公共設施用地)
萬華區,雙園,2,70,0,道路用地(公共設施用地)
萬華區,雙園,2,71,0,第三之一種住宅區
萬華區,雙園,2,71,1,第三種住宅區
萬華區,雙園,2,72,0,第三之一種住宅區
萬華區,雙園,2,72,1,第三種住宅區
萬華區,雙園,2,73,0,道路用地(公共設施用地)
萬華區,雙園,2,73,1,道路用地(公共設施用地)
萬華區,雙園,2,74,0,道路用地(公共設施用地)
萬華區,雙園,2,75,0,第三之一種住宅區
萬華區,雙園,2,75,1,第三種住宅區
萬華區,雙園,2,75,2,第三種住宅區
萬華區,雙園,2,80,0,第三之一種住宅區
萬華區,雙園,2,81,0,第三之一種住宅區
萬華區,雙園,2,82,0,道路用地(公共設施用地)
萬華區,雙園,2,83,0,道路用地(公共設施用地)
萬華區,雙園,2,84,0,道路用地(公共設施用地)
萬華區,雙園,2,85,0,第三之一種住宅區
萬華區,雙園,2,86,0,第三之一種住宅區
萬華區,雙園,2,87,0,第三之一種住宅區
萬華區,雙園,2,88,0,第三之一種住宅區
萬華區,雙園,2,89,0,第三之一種住宅區
萬華區,雙園,2,90,0,第三之一種住宅區
萬華區,雙園,2,92,0,第三之一種住宅區
萬華區,雙園,2,93,0,第三之一種住宅區
萬華區,雙園,2,94,0,第三之一種住宅區
萬華區,雙園,2,95,0,第三之一種住宅區
萬華區,雙園,2,96,0,道路用地(公共設施用地)
萬華區,雙園,2,96,1,道路用地(公共設施用地)
萬華區,雙園,2,97,0,第三之一種住宅區
萬華區,雙園,2,98,0,第三之一種住宅區
萬華區,雙園,2,99,0,第三之一種住宅區
萬華區,雙園,2,99,1,第三種住宅區
萬華區,雙園,2,100,0,第三種住宅區
萬華區,雙園,2,101,0,第三種住宅區
萬華區,雙園,2,102,0,第三種住宅區
萬華區,雙園,2,103,0,"道路用地(公共設施用地),但是否在第三種住宅區(應依建築線或俟地籍測量分割後,再確定)"
萬華區,雙園,2,104,0,道路用地(公共設施用地)
萬華區,雙園,2,105,0,道路用地(公共設施用地)
萬華區,雙園,2,106,0,第三之一種住宅區
萬華區,雙園,2,106,1,第三種住宅區
萬華區,雙園,2,107,0,第三之一種住宅區
萬華區,雙園,2,107,1,第三種住宅區
萬華區,雙園,2,108,0,第三之一種住宅區
萬華區,雙園,2,108,2,第三之一種住宅區
萬華區,雙園,2,108,3,第三種住宅區
萬華區,雙園,2,109,0,道路用地(公共設施用地)
萬華區,雙園,2,110,0,第三種住宅區
萬華區,雙園,2,112,0,第三種住宅區
萬華區,雙園,2,112,2,第三種住宅區
萬華區,雙園,2,112,3,第三種住宅區
萬華區,雙園,2,112,4,第三種住宅區
萬華區,雙園,2,112,5,第三種住宅區
萬華區,雙園,2,112,6,第三種住宅區
萬華區,雙園,2,112,7,第三種住宅區
萬華區,雙園,2,112,8,第三種住宅區
萬華區,雙園,2,112,9,第三種住宅區
萬華區,雙園,2,112,10,第三種住宅區
萬華區,雙園,2,116,0,第三種住宅區
萬華區,雙園,2,117,0,第三種住宅區
萬華區,雙園,2,118,0,第三種住宅區
萬華區,雙園,2,119,0,第三種住宅區
萬華區,雙園,2,120,0,第三種住宅區
萬華區,雙園,2,121,0,第三種住宅區
萬華區,雙園,2,122,0,第三種住宅區
萬華區,雙園,2,123,0,第三種住宅區
萬華區,雙園,2,124,0,道路用地(公共設施用地)
萬華區,雙園,2,125,0,第三種住宅區
萬華區,雙園,2,126,0,道路用地(公共設施用地)
萬華區,雙園,2,127,0,第三種住宅區
萬華區,雙園,2,127,1,"道路用地(公共設施用地),但是否在第三種住宅區(應依建築線或俟地籍測量分割後,再確定)"
萬華區,雙園,2,130,0,第三種住宅區
萬華區,雙園,2,131,0,第三種住宅區
萬華區,雙園,2,132,0,第三種住宅區
萬華區,雙園,2,133,0,第三種住宅區
萬華區,雙園,2,134,0,第三種住宅區
萬華區,雙園,2,135,0,第三種住宅區
萬華區,雙園,2,136,0,第三種住宅區
萬華區,雙園,2,137,0,道路用地(公共設施用地)
萬華區,雙園,2,137,5,道路用地(公共設施用地)
萬華區,雙園,2,137,6,道路用地(公共設施用地)
萬華區,雙園,2,137,7,道路用地(公共設施用地)
萬華區,雙園,2,137,8,道路用地(公共設施用地)
萬華區,雙園,2,137,9,道路用地(公共設施用地)
萬華區,雙園,2,137,10,道路用地(公共設施用地)
萬華區,雙園,2,137,11,道路用地(公共設施用地)
萬華區,雙園,2,137,12,道路用地(公共設施用地)
萬華區,雙園,2,137,13,道路用地(公共設施用地)
萬華區,雙園,2,137,14,道路用地(公共設施用地)
萬華區,雙園,2,137,15,道路用地(公共設施用地)
萬華區,雙園,2,137,16,道路用地(公共設施用地)
萬華區,雙園,2,137,17,道路用地(公共設施用地)
萬華區,雙園,2,137,18,道路用地(公共設施用地)
萬華區,雙園,2,138,0,道路用地(公共設施用地)
萬華區,雙園,2,139,0,道路用地(公共設施用地)
萬華區,雙園,2,140,0,道路用地(公共設施用地)
萬華區,雙園,2,141,0,道路用地(公共設施用地)
萬華區,雙園,2,142,0,第三種住宅區
萬華區,雙園,2,143,0,第三種住宅區
萬華區,雙園,2,144,0,第三種住宅區
萬華區,雙園,2,145,0,第三種住宅區
萬華區,雙園,2,146,0,第三種住宅區
萬華區,雙園,2,147,0,第三種住宅區
萬華區,雙園,2,148,0,第三種住宅區
萬華區,雙園,2,149,0,第三種住宅區
萬華區,雙園,2,150,0,第三種住宅區
萬華區,雙園,2,151,0,第三種住宅區
萬華區,雙園,2,152,0,第三種住宅區
萬華區,雙園,2,153,0,第三種住宅區
萬華區,雙園,2,153,1,第三種住宅區
萬華區,雙園,2,153,2,第三種住宅區
萬華區,雙園,2,153,3,第三種住宅區
萬華區,雙園,2,153,4,第三種住宅區
萬華區,雙園,2,154,0,第三種住宅區
萬華區,雙園,2,155,1,第三種住宅區
萬華區,雙園,2,156,0,第三種住宅區
萬華區,雙園,2,156,1,第三種住宅區
萬華區,雙園,2,157,0,第三種住宅區
萬華區,雙園,2,158,0,第三種住宅區
萬華區,雙園,2,159,0,第三種住宅區
萬華區,雙園,2,160,0,第三種住宅區
萬華區,雙園,2,160,1,第三種住宅區
萬華區,雙園,2,161,0,第三種住宅區
萬華區,雙園,2,162,0,道路用地(公共設施用地)
萬華區,雙園,2,163,0,道路用地(公共設施用地)
萬華區,雙園,2,164,0,第三種住宅區
萬華區,雙園,2,164,1,道路用地(公共設施用地)
萬華區,雙園,2,164,2,第三種住宅區
萬華區,雙園,2,165,0,第三種住宅區
萬華區,雙園,2,166,0,第三種住宅區
萬華區,雙園,2,167,0,第三種住宅區
萬華區,雙園,2,168,0,第三種住宅區
萬華區,雙園,2,169,0,第三種住宅區
萬華區,雙園,2,170,0,第三種住宅區
萬華區,雙園,2,171,0,第三種住宅區
萬華區,雙園,2,172,0,第三種住宅區
萬華區,雙園,2,173,0,第三種住宅區
萬華區,雙園,2,174,0,第三種住宅區
萬華區,雙園,2,175,0,第三種住宅區
萬華區,雙園,2,176,0,第三種住宅區
萬華區,雙園,2,177,0,第三種住宅區
萬華區,雙園,2,178,0,第三種住宅區
萬華區,雙園,2,179,0,第三種住宅區
萬華區,雙園,2,180,0,第三種住宅區
萬華區,雙園,2,181,0,第三種住宅區
萬華區,雙園,2,182,0,第三種住宅區
萬華區,雙園,2,183,0,第三種住宅區
萬華區,雙園,2,184,0,道路用地(公共設施用地)
萬華區,雙園,2,184,1,道路用地(公共設施用地)
萬華區,雙園,2,185,0,第三種住宅區
萬華區,雙園,2,186,0,第三種住宅區
萬華區,雙園,2,187,0,第三種住宅區
萬華區,雙園,2,188,0,道路用地(公共設施用地)
萬華區,雙園,2,188,1,第三種住宅區
萬華區,雙園,2,189,0,第三種住宅區
萬華區,雙園,2,190,0,第三種住宅區
萬華區,雙園,2,191,0,第三種住宅區
萬華區,雙園,2,192,0,第三種住宅區
萬華區,雙園,2,193,0,第三種住宅區
萬華區,雙園,2,194,0,第三種住宅區
萬華區,雙園,2,195,0,第三種住宅區
萬華區,雙園,2,196,0,第三種住宅區
萬華區,雙園,2,197,0,第三種住宅區
萬華區,雙園,2,198,0,第三種住宅區
萬華區,雙園,2,199,0,第三種住宅區
萬華區,雙園,2,200,0,第三種住宅區
萬華區,雙園,2,201,0,第三種住宅區
萬華區,雙園,2,202,0,第三種住宅區
萬華區,雙園,2,203,0,第三種住宅區
萬華區,雙園,2,204,0,第三種住宅區
萬華區,雙園,2,205,0,第三種住宅區
萬華區,雙園,2,206,0,第三種住宅區
萬華區,雙園,2,207,0,第三種住宅區
萬華區,雙園,2,208,0,第三種住宅區
萬華區,雙園,2,209,0,第三種住宅區
萬華區,雙園,2,210,0,第三種住宅區
萬華區,雙園,2,211,0,第三種住宅區
萬華區,雙園,2,212,0,第三種住宅區
萬華區,雙園,2,213,0,第三種住宅區
萬華區,雙園,2,214,0,第三種住宅區
萬華區,雙園,2,215,0,第三種住宅區
萬華區,雙園,2,216,0,第三種住宅區
萬華區,雙園,2,217,0,第三種住宅區
萬華區,雙園,2,218,0,第三種住宅區
萬華區,雙園,2,219,0,第三種住宅區
萬華區,雙園,2,220,0,第三種住宅區
萬華區,雙園,2,221,0,第三種住宅區
萬華區,雙園,2,222,0,第三種住宅區
萬華區,雙園,2,223,0,第三種住宅區
萬華區,雙園,2,224,0,第三種住宅區
萬華區,雙園,2,225,0,第三種住宅區
萬華區,雙園,2,226,0,第三種住宅區
萬華區,雙園,2,227,0,第三種住宅區
萬華區,雙園,2,228,0,第三種住宅區
萬華區,雙園,2,229,0,第三種住宅區
萬華區,雙園,2,230,0,第三種住宅區
萬華區,雙園,2,231,0,第三種住宅區
萬華區,雙園,2,232,0,第三種住宅區
萬華區,雙園,2,233,0,第三種住宅區
萬華區,雙園,2,234,0,第三種住宅區
萬華區,雙園,2,235,0,第三種住宅區
萬華區,雙園,2,236,0,第三種住宅區
萬華區,雙園,2,237,0,第三種住宅區
萬華區,雙園,2,238,0,第三種住宅區
萬華區,雙園,2,239,0,第三種住宅區
萬華區,雙園,2,240,0,第三種住宅區
萬華區,雙園,2,241,0,第三種住宅區
萬華區,雙園,2,242,0,第三種住宅區
萬華區,雙園,2,243,0,第三種住宅區
萬華區,雙園,2,244,0,第三種住宅區
萬華區,雙園,2,245,0,第三種住宅區
萬華區,雙園,2,246,0,第三種住宅區
萬華區,雙園,2,247,0,第三種住宅區
萬華區,雙園,2,248,0,第三種住宅區
萬華區,雙園,2,249,0,第三種住宅區
萬華區,雙園,2,250,0,第三種住宅區
萬華區,雙園,2,251,0,道路用地(公共設施用地)
萬華區,雙園,2,251,1,第三種住宅區
萬華區,雙園,2,252,0,第三種住宅區
萬華區,雙園,2,253,0,第三種住宅區
萬華區,雙園,2,254,0,道路用地(公共設施用地)
萬華區,雙園,2,255,0,道路用地(公共設施用地)
萬華區,雙園,2,256,0,第三種住宅區
萬華區,雙園,2,257,0,第三種住宅區
萬華區,雙園,2,258,0,道路用地(公共設施用地)
萬華區,雙園,2,259,0,道路用地(公共設施用地)
萬華區,雙園,2,260,0,第三種住宅區
萬華區,雙園,2,261,0,第三種住宅區
萬華區,雙園,2,262,0,道路用地(公共設施用地)
萬華區,雙園,2,262,1,道路用地(公共設施用地)
萬華區,雙園,2,263,0,道路用地(公共設施用地)
萬華區,雙園,2,263,1,道路用地(公共設施用地)
萬華區,雙園,2,264,0,道路用地(公共設施用地)
萬華區,雙園,2,265,0,第三種住宅區
萬華區,雙園,2,265,1,道路用地(公共設施用地)
萬華區,雙園,2,266,0,第三種住宅區
萬華區,雙園,2,266,1,道路用地(公共設施用地)
萬華區,雙園,2,267,0,第三種住宅區
萬華區,雙園,2,267,1,道路用地(公共設施用地)
萬華區,雙園,2,268,0,第三種住宅區
萬華區,雙園,2,268,1,道路用地(公共設施用地)
萬華區,雙園,2,269,0,第三種住宅區
萬華區,雙園,2,269,1,道路用地(公共設施用地)
萬華區,雙園,2,270,0,第三種住宅區
萬華區,雙園,2,270,1,道路用地(公共設施用地)
萬華區,雙園,2,271,0,第三種住宅區
萬華區,雙園,2,271,1,道路用地(公共設施用地)
萬華區,雙園,2,272,0,第三種住宅區
萬華區,雙園,2,273,0,道路用地(公共設施用地)
萬華區,雙園,2,274,0,道路用地(公共設施用地)
萬華區,雙園,2,275,0,道路用地(公共設施用地)
萬華區,雙園,2,276,0,第三種住宅區
萬華區,雙園,2,276,1,道路用地(公共設施用地)
萬華區,雙園,2,277,0,第三種住宅區
萬華區,雙園,2,277,1,道路用地(公共設施用地)
萬華區,雙園,2,278,0,第三種住宅區
萬華區,雙園,2,278,1,道路用地(公共設施用地)
萬華區,雙園,2,279,0,第三種住宅區
萬華區,雙園,2,279,1,道路用地(公共設施用地)
萬華區,雙園,2,280,0,第三種住宅區
萬華區,雙園,2,280,1,道路用地(公共設施用地)
萬華區,雙園,2,281,0,第三種住宅區
萬華區,雙園,2,281,1,道路用地(公共設施用地)
萬華區,雙園,2,282,0,第三種住宅區
萬華區,雙園,2,282,1,道路用地(公共設施用地)
萬華區,雙園,2,283,0,第三種住宅區
萬華區,雙園,2,283,1,道路用地(公共設施用地)
萬華區,雙園,2,284,0,第三種住宅區
萬華區,雙園,2,285,0,道路用地(公共設施用地)
萬華區,雙園,2,286,0,第三種住宅區
萬華區,雙園,2,286,1,道路用地(公共設施用地)
萬華區,雙園,2,287,0,第三種住宅區
萬華區,雙園,2,288,0,道路用地(公共設施用地)
萬華區,雙園,2,288,1,第三種住宅區
萬華區,雙園,2,289,0,道路用地(公共設施用地)
萬華區,雙園,2,290,0,綠地用地(公共設施用地)
萬華區,雙園,2,291,0,綠地用地(公共設施用地)
萬華區,雙園,2,291,1,道路用地(公共設施用地)
萬華區,雙園,2,292,0,第三種住宅區
萬華區,雙園,2,292,1,道路用地(公共設施用地)
萬華區,雙園,2,293,0,第三種住宅區
萬華區,雙園,2,293,1,道路用地(公共設施用地)
萬華區,雙園,2,294,0,第三種住宅區
萬華區,雙園,2,294,1,道路用地(公共設施用地)
萬華區,雙園,2,295,0,第三種住宅區
萬華區,雙園,2,295,1,道路用地(公共設施用地)
萬華區,雙園,2,296,0,第三種住宅區
萬華區,雙園,2,296,1,道路用地(公共設施用地)
萬華區,雙園,2,297,0,第三種住宅區
萬華區,雙園,2,297,1,道路用地(公共設施用地)
萬華區,雙園,2,298,0,第三種住宅區
萬華區,雙園,2,298,1,道路用地(公共設施用地)
萬華區,雙園,2,299,0,第三種住宅區
萬華區,雙園,2,299,1,道路用地(公共設施用地)
萬華區,雙園,2,300,0,第三種住宅區
萬華區,雙園,2,300,1,道路用地(公共設施用地)
萬華區,雙園,2,301,0,第三種住宅區
萬華區,雙園,2,301,1,道路用地(公共設施用地)
萬華區,雙園,2,302,0,第三種住宅區
萬華區,雙園,2,302,1,道路用地(公共設施用地)
萬華區,雙園,2,303,0,第三種住宅區
萬華區,雙園,2,303,1,道路用地(公共設施用地)
萬華區,雙園,2,304,0,第三種住宅區
萬華區,雙園,2,304,1,道路用地(公共設施用地)
萬華區,雙園,2,305,0,第三種住宅區
萬華區,雙園,2,305,1,道路用地(公共設施用地)
萬華區,雙園,2,306,0,第三種住宅區
萬華區,雙園,2,306,1,道路用地(公共設施用地)
萬華區,雙園,2,307,0,第三種住宅區
萬華區,雙園,2,307,1,道路用地(公共設施用地)
萬華區,雙園,2,308,0,第三種住宅區
萬華區,雙園,2,308,1,道路用地(公共設施用地)
萬華區,雙園,2,309,0,道路用地(公共設施用地)
萬華區,雙園,2,310,0,第三種住宅區
萬華區,雙園,2,310,1,道路用地(公共設施用地)
萬華區,雙園,2,311,0,第三種住宅區
萬華區,雙園,2,312,0,道路用地(公共設施用地)
萬華區,雙園,2,313,0,第三種住宅區
萬華區,雙園,2,313,1,道路用地(公共設施用地)
萬華區,雙園,2,314,0,第三種住宅區
萬華區,雙園,2,314,1,道路用地(公共設施用地)
萬華區,雙園,2,315,0,道路用地(公共設施用地)
萬華區,雙園,2,316,0,第三種住宅區
萬華區,雙園,2,316,1,道路用地(公共設施用地)
萬華區,雙園,2,317,0,第三種住宅區
萬華區,雙園,2,317,1,道路用地(公共設施用地)
萬華區,雙園,2,318,0,第三種住宅區
萬華區,雙園,2,318,1,道路用地(公共設施用地)
萬華區,雙園,2,319,0,第三種住宅區
萬華區,雙園,2,319,1,道路用地(公共設施用地)
萬華區,雙園,2,320,0,第三種住宅區
萬華區,雙園,2,320,1,道路用地(公共設施用地)
萬華區,雙園,2,321,0,第三種住宅區
萬華區,雙園,2,321,1,道路用地(公共設施用地)
萬華區,雙園,2,322,0,第三種住宅區
萬華區,雙園,2,322,1,道路用地(公共設施用地)
萬華區,雙園,2,323,0,第三種住宅區
萬華區,雙園,2,323,1,道路用地(公共設施用地)
萬華區,雙園,2,324,0,第三種住宅區
萬華區,雙園,2,324,1,道路用地(公共設施用地)
萬華區,雙園,2,324,2,道路用地(公共設施用地)
萬華區,雙園,2,325,0,道路用地(公共設施用地)
萬華區,雙園,2,326,0,第三種住宅區
萬華區,雙園,2,326,1,道路用地(公共設施用地)
萬華區,雙園,2,327,0,道路用地(公共設施用地)
萬華區,雙園,2,327,1,道路用地(公共設施用地)
萬華區,雙園,2,328,0,第三種住宅區
萬華區,雙園,2,329,0,第三種住宅區
萬華區,雙園,2,329,1,道路用地(公共設施用地)
萬華區,雙園,2,330,0,第三種住宅區
萬華區,雙園,2,330,1,"道路用地(公共設施用地),但是否在第三種住宅區(應依建築線或俟地籍測量分割後,再確定)"
萬華區,雙園,2,331,0,第三種住宅區
萬華區,雙園,2,331,1,道路用地(公共設施用地)
萬華區,雙園,2,332,0,第三種住宅區
萬華區,雙園,2,332,1,道路用地(公共設施用地)
萬華區,雙園,2,333,0,第三種住宅區
萬華區,雙園,2,333,1,道路用地(公共設施用地)
萬華區,雙園,2,334,0,道路用地(公共設施用地)
萬華區,雙園,2,335,0,道路用地(公共設施用地)
萬華區,雙園,2,335,1,道路用地(公共設施用地)
萬華區,雙園,2,336,0,第三種住宅區
萬華區,雙園,2,336,1,"道路用地(公共設施用地),但是否在第三種住宅區(應依建築線或俟地籍測量分割後,再確定)"
萬華區,雙園,2,337,0,第三種住宅區
萬華區,雙園,2,337,1,道路用地(公共設施用地)
萬華區,雙園,2,338,0,第三種住宅區
萬華區,雙園,2,338,1,道路用地(公共設施用地)
萬華區,雙園,2,338,2,第三種住宅區
萬華區,雙園,2,339,0,第三種住宅區
萬華區,雙園,2,339,1,道路用地(公共設施用地)
萬華區,雙園,2,340,0,第三種住宅區
萬華區,雙園,2,340,1,道路用地(公共設施用地)
萬華區,雙園,2,341,0,第三種住宅區
萬華區,雙園,2,341,1,道路用地(公共設施用地)
萬華區,雙園,2,342,0,第三種住宅區
萬華區,雙園,2,342,1,道路用地(公共設施用地)
萬華區,雙園,2,343,0,第三種住宅區
萬華區,雙園,2,343,1,道路用地(公共設施用地)
萬華區,雙園,2,344,0,第三種住宅區
萬華區,雙園,2,344,1,道路用地(公共設施用地)
萬華區,雙園,2,345,0,第三種住宅區
萬華區,雙園,2,345,1,道路用地(公共設施用地)
萬華區,雙園,2,346,0,第三種住宅區
萬華區,雙園,2,346,1,道路用地(公共設施用地)
萬華區,雙園,2,347,0,第三種住宅區
萬華區,雙園,2,347,1,道路用地(公共設施用地)
萬華區,雙園,2,348,0,第三種住宅區
萬華區,雙園,2,348,1,道路用地(公共設施用地)
萬華區,雙園,2,349,0,道路用地(公共設施用地)
萬華區,雙園,2,350,0,第三種住宅區
萬華區,雙園,2,350,1,道路用地(公共設施用地)
萬華區,雙園,2,351,0,第三種住宅區
萬華區,雙園,2,351,1,道路用地(公共設施用地)
萬華區,雙園,2,352,0,第三種住宅區
萬華區,雙園,2,352,1,道路用地(公共設施用地)
萬華區,雙園,2,353,0,第三種住宅區
萬華區,雙園,2,353,1,道路用地(公共設施用地)
萬華區,雙園,2,354,0,第三種住宅區
萬華區,雙園,2,354,1,道路用地(公共設施用地)
萬華區,雙園,2,355,0,第三種住宅區
萬華區,雙園,2,355,1,道路用地(公共設施用地)
萬華區,雙園,2,356,0,第三種住宅區
萬華區,雙園,2,356,1,道路用地(公共設施用地)
萬華區,雙園,2,357,0,第三種住宅區
萬華區,雙園,2,357,1,道路用地(公共設施用地)
萬華區,雙園,2,358,0,第三種住宅區
萬華區,雙園,2,358,1,道路用地(公共設施用地)
萬華區,雙園,2,359,0,第三種住宅區
萬華區,雙園,2,359,1,道路用地(公共設施用地)
萬華區,雙園,2,360,0,第三種住宅區
萬華區,雙園,2,360,1,道路用地(公共設施用地)
萬華區,雙園,2,361,0,第三種住宅區
萬華區,雙園,2,361,1,道路用地(公共設施用地)
萬華區,雙園,2,362,0,第三種住宅區
萬華區,雙園,2,362,1,道路用地(公共設施用地)
萬華區,雙園,2,363,0,第三種住宅區
萬華區,雙園,2,363,1,道路用地(公共設施用地)
萬華區,雙園,2,364,0,第三種住宅區
萬華區,雙園,2,364,1,道路用地(公共設施用地)
萬華區,雙園,2,365,0,第三種住宅區
萬華區,雙園,2,365,1,道路用地(公共設施用地)
萬華區,雙園,2,366,0,第三種住宅區
萬華區,雙園,2,366,1,道路用地(公共設施用地)
萬華區,雙園,2,367,0,第三種住宅區
萬華區,雙園,2,367,1,道路用地(公共設施用地)
萬華區,雙園,2,368,0,第三種住宅區
萬華區,雙園,2,368,1,道路用地(公共設施用地)
萬華區,雙園,2,368,2,綠地用地(公共設施用地)
萬華區,雙園,2,369,0,"第三種住宅區,但是否在道路用地(公共設施用地)(應依建築線或俟地籍測量分割後,再確定)"
萬華區,雙園,2,369,1,道路用地(公共設施用地)
萬華區,雙園,2,370,0,第三種住宅區
萬華區,雙園,2,370,1,道路用地(公共設施用地)
萬華區,雙園,2,371,0,第三種住宅區
萬華區,雙園,2,371,1,道路用地(公共設施用地)
萬華區,雙園,2,372,0,第三種住宅區
萬華區,雙園,2,372,1,道路用地(公共設施用地)
萬華區,雙園,2,373,0,第三種住宅區
萬華區,雙園,2,373,1,道路用地(公共設施用地)
萬華區,雙園,2,374,0,第三種住宅區
萬華區,雙園,2,374,1,道路用地(公共設施用地)
萬華區,雙園,2,375,0,第三種住宅區
萬華區,雙園,2,375,1,道路用地(公共設施用地)
萬華區,雙園,2,376,0,第三種住宅區
萬華區,雙園,2,376,1,道路用地(公共設施用地)
萬華區,雙園,2,377,0,第三種住宅區
萬華區,雙園,2,377,1,道路用地(公共設施用地)
萬華區,雙園,2,378,0,第三種住宅區
萬華區,雙園,2,378,1,道路用地(公共設施用地)
萬華區,雙園,2,379,0,第三種住宅區
萬華區,雙園,2,379,1,道路用地(公共設施用地)
萬華區,雙園,2,380,0,第三種住宅區
萬華區,雙園,2,380,1,道路用地(公共設施用地)
萬華區,雙園,2,381,0,第三種住宅區
萬華區,雙園,2,381,1,道路用地(公共設施用地)
萬華區,雙園,2,382,0,第三種住宅區
萬華區,雙園,2,382,1,道路用地(公共設施用地)
萬華區,雙園,2,383,0,第三種住宅區
萬華區,雙園,2,383,1,道路用地(公共設施用地)
萬華區,雙園,2,384,0,道路用地(公共設施用地)
萬華區,雙園,2,385,0,第三種住宅區
萬華區,雙園,2,385,1,道路用地(公共設施用地)
萬華區,雙園,2,386,0,第三種住宅區
萬華區,雙園,2,386,1,道路用地(公共設施用地)
萬華區,雙園,2,387,0,第三種住宅區
萬華區,雙園,2,387,1,道路用地(公共設施用地)
萬華區,雙園,2,388,1,道路用地(公共設施用地)
萬華區,雙園,2,389,0,第三種住宅區
萬華區,雙園,2,389,1,道路用地(公共設施用地)
萬華區,雙園,2,390,1,道路用地(公共設施用地)
萬華區,雙園,2,391,0,第三種住宅區
萬華區,雙園,2,391,1,道路用地(公共設施用地)
萬華區,雙園,2,392,1,道路用地(公共設施用地)
萬華區,雙園,2,393,0,第三種住宅區
萬華區,雙園,2,393,1,道路用地(公共設施用地)
萬華區,雙園,2,394,1,道路用地(公共設施用地)
萬華區,雙園,2,395,0,第三種住宅區
萬華區,雙園,2,395,1,道路用地(公共設施用地)
萬華區,雙園,2,396,0,第三種住宅區
萬華區,雙園,2,396,1,道路用地(公共設施用地)
萬華區,雙園,2,397,0,第三種住宅區
萬華區,雙園,2,397,1,道路用地(公共設施用地)
萬華區,雙園,2,398,0,第三種住宅區
萬華區,雙園,2,398,1,道路用地(公共設施用地)
萬華區,雙園,2,399,0,道路用地(公共設施用地)
萬華區,雙園,2,399,1,道路用地(公共設施用地)
萬華區,雙園,2,400,0,第三種住宅區
萬華區,雙園,2,400,1,道路用地(公共設施用地)
萬華區,雙園,2,401,0,第三種住宅區
萬華區,雙園,2,402,0,第三種住宅區
萬華區,雙園,2,403,0,第三種住宅區
萬華區,雙園,2,404,0,第三種住宅區
萬華區,雙園,2,405,0,第三種住宅區
萬華區,雙園,2,406,0,道路用地(公共設施用地)
萬華區,雙園,2,407,0,道路用地(公共設施用地)
萬華區,雙園,2,407,1,"道路用地(公共設施用地),但是否在第三種住宅區(應依建築線或俟地籍測量分割後,再確定)"
萬華區,雙園,2,408,0,第三種住宅區
萬華區,雙園,2,409,0,第三種住宅區
萬華區,雙園,2,410,0,第三種住宅區
萬華區,雙園,2,411,0,第三種住宅區
萬華區,雙園,2,411,1,道路用地(公共設施用地)
萬華區,雙園,2,412,0,第三種住宅區
萬華區,雙園,2,412,1,道路用地(公共設施用地)
萬華區,雙園,2,413,0,第三種住宅區
萬華區,雙園,2,413,1,道路用地(公共設施用地)
萬華區,雙園,2,414,0,第三種住宅區
萬華區,雙園,2,414,1,道路用地(公共設施用地)
萬華區,雙園,2,415,0,第三種住宅區
萬華區,雙園,2,415,1,道路用地(公共設施用地)
萬華區,雙園,2,416,0,第三種住宅區
萬華區,雙園,2,416,1,道路用地(公共設施用地)
萬華區,雙園,2,416,2,第三種住宅區
萬華區,雙園,2,417,0,第三種住宅區
萬華區,雙園,2,417,1,道路用地(公共設施用地)
萬華區,雙園,2,418,0,第三種住宅區
萬華區,雙園,2,418,1,道路用地(公共設施用地)
萬華區,雙園,2,418,2,第三種住宅區
萬華區,雙園,2,419,0,第三種住宅區
萬華區,雙園,2,419,1,道路用地(公共設施用地)
萬華區,雙園,2,420,0,第三種住宅區
萬華區,雙園,2,420,1,道路用地(公共設施用地)
萬華區,雙園,2,421,0,第三種住宅區
萬華區,雙園,2,421,1,道路用地(公共設施用地)
萬華區,雙園,2,422,0,第三種住宅區
萬華區,雙園,2,422,1,道路用地(公共設施用地)
萬華區,雙園,2,423,0,第三種住宅區
萬華區,雙園,2,423,1,道路用地(公共設施用地)
萬華區,雙園,2,424,0,第三種住宅區
萬華區,雙園,2,424,1,道路用地(公共設施用地)
萬華區,雙園,2,425,0,第三種住宅區
萬華區,雙園,2,425,1,道路用地(公共設施用地)
萬華區,雙園,2,426,0,第三種住宅區
萬華區,雙園,2,426,1,道路用地(公共設施用地)
萬華區,雙園,2,427,0,第三種住宅區
萬華區,雙園,2,427,1,道路用地(公共設施用地)
萬華區,雙園,2,429,0,綠地用地(公共設施用地)
萬華區,雙園,2,429,1,道路用地(公共設施用地)
萬華區,雙園,2,429,3,第三種住宅區
萬華區,雙園,2,429,4,第三種住宅區
萬華區,雙園,2,430,1,道路用地(公共設施用地)
萬華區,雙園,2,430,2,綠地用地(公共設施用地)
萬華區,雙園,2,431,1,道路用地(公共設施用地)
萬華區,雙園,2,431,2,道路用地(公共設施用地)
萬華區,雙園,2,431,3,道路用地(公共設施用地)
萬華區,雙園,2,433,1,道路用地(公共設施用地)
萬華區,雙園,2,434,0,道路用地(公共設施用地)
萬華區,雙園,2,435,0,第三種住宅區
萬華區,雙園,2,435,1,道路用地(公共設施用地)
萬華區,雙園,2,436,0,道路用地(公共設施用地)
萬華區,雙園,2,437,1,道路用地(公共設施用地)
萬華區,雙園,2,437,2,第三種住宅區
萬華區,雙園,2,438,0,第三種住宅區
萬華區,雙園,2,439,0,第三種住宅區
萬華區,雙園,2,440,0,第三種住宅區
萬華區,雙園,2,441,0,第三種住宅區
萬華區,雙園,2,442,0,第三種住宅區
萬華區,雙園,2,443,0,第三種住宅區
萬華區,雙園,2,444,0,第三種住宅區
萬華區,雙園,2,445,0,第三種住宅區
萬華區,雙園,2,446,0,第三種住宅區
萬華區,雙園,2,447,2,第三種住宅區
萬華區,雙園,2,448,0,第三種住宅區
萬華區,雙園,2,449,0,第三種住宅區
萬華區,雙園,2,449,1,第三種住宅區
萬華區,雙園,2,450,0,第三種住宅區
萬華區,雙園,2,451,0,第三種住宅區
萬華區,雙園,2,451,1,第三種住宅區
萬華區,雙園,2,452,0,第三種住宅區
萬華區,雙園,2,453,0,第三種住宅區
萬華區,雙園,2,454,0,第三種住宅區
萬華區,雙園,2,455,0,第三種住宅區
萬華區,雙園,2,456,0,第三種住宅區
萬華區,雙園,2,457,0,第三種住宅區
萬華區,雙園,2,458,0,第三種住宅區
萬華區,雙園,2,458,1,第三種住宅區
萬華區,雙園,2,458,2,第三種住宅區
萬華區,雙園,2,458,3,第三種住宅區
萬華區,雙園,2,458,4,第三種住宅區
萬華區,雙園,2,458,5,第三種住宅區
萬華區,雙園,2,458,8,第三種住宅區
萬華區,雙園,2,458,9,第三種住宅區
萬華區,雙園,2,458,10,第三種住宅區
萬華區,雙園,2,458,11,第三種住宅區
萬華區,雙園,2,458,12,第三種住宅區
萬華區,雙園,2,458,13,第三種住宅區
萬華區,雙園,2,458,14,第三種住宅區
萬華區,雙園,2,458,15,第三種住宅區
萬華區,雙園,2,458,16,第三種住宅區
萬華區,雙園,2,458,17,第三種住宅區
萬華區,雙園,2,458,18,第三種住宅區
萬華區,雙園,2,458,19,第三種住宅區
萬華區,雙園,2,458,20,第三種住宅區
萬華區,雙園,2,458,21,第三種住宅區
萬華區,雙園,2,458,22,第三種住宅區
萬華區,雙園,2,458,23,第三種住宅區
萬華區,雙園,2,459,0,第三種住宅區
萬華區,雙園,2,459,1,道路用地(公共設施用地)
萬華區,雙園,2,460,0,第三種住宅區
萬華區,雙園,2,460,1,道路用地(公共設施用地)
萬華區,雙園,2,461,0,第三種住宅區
萬華區,雙園,2,461,1,道路用地(公共設施用地)
萬華區,雙園,2,462,0,第三種住宅區
萬華區,雙園,2,462,1,道路用地(公共設施用地)
萬華區,雙園,2,463,0,第三種住宅區
萬華區,雙園,2,463,1,道路用地(公共設施用地)
萬華區,雙園,2,464,0,第三種住宅區
萬華區,雙園,2,464,1,道路用地(公共設施用地)
萬華區,雙園,2,465,0,第三種住宅區
萬華區,雙園,2,465,1,道路用地(公共設施用地)
萬華區,雙園,2,466,0,第三種住宅區
萬華區,雙園,2,466,1,道路用地(公共設施用地)
萬華區,雙園,2,467,1,道路用地(公共設施用地)
萬華區,雙園,2,468,1,道路用地(公共設施用地)
萬華區,雙園,2,469,1,道路用地(公共設施用地)
萬華區,雙園,2,470,1,道路用地(公共設施用地)
萬華區,雙園,2,471,0,第三種住宅區
萬華區,雙園,2,471,1,道路用地(公共設施用地)
萬華區,雙園,2,472,0,第三種住宅區
萬華區,雙園,2,473,0,第三種住宅區
萬華區,雙園,2,474,0,第三種住宅區
萬華區,雙園,2,475,0,第三種住宅區
萬華區,雙園,2,476,0,道路用地(公共設施用地)
萬華區,雙園,2,476,1,第三種住宅區
萬華區,雙園,2,477,0,道路用地(公共設施用地)
萬華區,雙園,2,478,0,第三種住宅區
萬華區,雙園,2,479,0,第三種住宅區
萬華區,雙園,2,480,0,第三種住宅區
萬華區,雙園,2,481,0,第三種住宅區
萬華區,雙園,2,482,0,第三種住宅區
萬華區,雙園,2,483,0,第三種住宅區
萬華區,雙園,2,484,0,第三種住宅區
萬華區,雙園,2,485,0,第三種住宅區
萬華區,雙園,2,486,0,第三種住宅區
萬華區,雙園,2,487,0,第三種住宅區
萬華區,雙園,2,488,0,第三種住宅區
萬華區,雙園,2,489,0,第三種住宅區
萬華區,雙園,2,490,0,第三種住宅區
萬華區,雙園,2,491,2,"道路用地(公共設施用地),但是否在第三種住宅區(應依建築線或俟地籍測量分割後,再確定)"
萬華區,雙園,2,492,0,"道路用地(公共設施用地),但是否在第三種住宅區(應依建築線或俟地籍測量分割後,再確定)"
萬華區,雙園,2,493,0,第三種住宅區
萬華區,雙園,2,494,0,第三種住宅區
萬華區,雙園,2,495,0,第三種住宅區
萬華區,雙園,2,496,0,第三種住宅區
萬華區,雙園,2,497,0,第三種住宅區
萬華區,雙園,2,498,0,第三種住宅區
萬華區,雙園,2,499,0,第三種住宅區
萬華區,雙園,2,500,0,第三種住宅區
萬華區,雙園,2,501,0,第三種住宅區
萬華區,雙園,2,502,0,第三種住宅區
萬華區,雙園,2,503,0,第三種住宅區
萬華區,雙園,2,504,0,第三種住宅區
萬華區,雙園,2,505,1,第三種住宅區
萬華區,雙園,2,511,0,第三種住宅區
萬華區,雙園,2,530,0,第三種住宅區
萬華區,雙園,2,530,1,道路用地(公共設施用地)
萬華區,雙園,2,531,0,第三種住宅區
萬華區,雙園,2,532,0,第三種住宅區
萬華區,雙園,2,532,1,道路用地(公共設施用地)
萬華區,雙園,2,533,0,第三種住宅區
萬華區,雙園,2,533,1,道路用地(公共設施用地)
萬華區,雙園,2,534,1,道路用地(公共設施用地)
萬華區,雙園,2,535,0,第三種住宅區
萬華區,雙園,2,536,0,第三種住宅區
萬華區,雙園,2,537,0,第三種住宅區
萬華區,雙園,2,538,0,第三種住宅區
萬華區,雙園,2,538,1,道路用地(公共設施用地)
萬華區,雙園,2,539,0,第三種住宅區
萬華區,雙園,2,539,1,道路用地(公共設施用地)
萬華區,雙園,2,540,0,第三種住宅區
萬華區,雙園,2,540,1,道路用地(公共設施用地)
萬華區,雙園,2,542,1,道路用地(公共設施用地)
萬華區,雙園,2,542,2,道路用地(公共設施用地)
萬華區,雙園,2,542,7,第三種住宅區
萬華區,雙園,2,542,8,第三種住宅區
萬華區,雙園,2,542,9,第三種住宅區
萬華區,雙園,2,542,10,道路用地(公共設施用地)
萬華區,雙園,2,542,11,第三種住宅區
萬華區,雙園,2,551,1,道路用地(公共設施用地)
萬華區,雙園,2,553,1,道路用地(公共設施用地)
萬華區,雙園,2,554,0,第三種住宅區
萬華區,雙園,2,554,1,道路用地(公共設施用地)
萬華區,雙園,2,554,2,道路用地(公共設施用地)
萬華區,雙園,2,555,0,第三種住宅區
萬華區,雙園,2,555,1,道路用地(公共設施用地)
萬華區,雙園,2,555,2,道路用地(公共設施用地)
萬華區,雙園,2,555,3,道路用地(公共設施用地)
萬華區,雙園,2,556,0,第三種住宅區
萬華區,雙園,2,556,1,道路用地(公共設施用地)
萬華區,雙園,2,557,0,第三種住宅區
萬華區,雙園,2,558,0,第三種住宅區
萬華區,雙園,2,559,0,第三種住宅區
萬華區,雙園,2,560,0,第三種住宅區
萬華區,雙園,2,561,0,第三種住宅區
萬華區,雙園,2,562,0,第三種住宅區
萬華區,雙園,2,563,0,第三種住宅區
萬華區,雙園,2,564,0,第三種住宅區
萬華區,雙園,2,564,1,道路用地(公共設施用地)
萬華區,雙園,2,565,0,第三種住宅區
萬華區,雙園,2,565,1,道路用地(公共設施用地)
萬華區,雙園,2,566,1,道路用地(公共設施用地)
萬華區,雙園,2,570,1,道路用地(公共設施用地)
萬華區,雙園,2,575,0,道路用地(公共設施用地)
萬華區,雙園,2,575,2,道路用地(公共設施用地)
萬華區,雙園,2,578,1,道路用地(公共設施用地)
萬華區,雙園,2,579,0,第三種住宅區
萬華區,雙園,2,579,1,道路用地(公共設施用地)
萬華區,雙園,2,580,0,第三種住宅區
萬華區,雙園,2,580,1,第三種住宅區
萬華區,雙園,2,581,0,第三種住宅區
萬華區,雙園,2,581,1,第三種住宅區
萬華區,雙園,2,581,2,道路用地(公共設施用地)
萬華區,雙園,2,581,3,道路用地(公共設施用地)
萬華區,雙園,2,582,0,第三種住宅區
萬華區,雙園,2,582,1,道路用地(公共設施用地)
萬華區,雙園,2,583,0,第三種住宅區
萬華區,雙園,2,584,0,道路用地(公共設施用地)
萬華區,雙園,2,584,1,道路用地(公共設施用地)
萬華區,雙園,2,585,0,第三種住宅區
萬華區,雙園,2,586,0,第三種住宅區
萬華區,雙園,2,587,0,第三種住宅區
萬華區,雙園,2,588,0,第三種住宅區
萬華區,雙園,2,589,0,第三種住宅區
萬華區,雙園,2,590,0,第三種住宅區
萬華區,雙園,2,591,0,第三種住宅區
萬華區,雙園,2,592,0,第三種住宅區
萬華區,雙園,2,593,0,第三種住宅區
萬華區,雙園,2,594,0,第三種住宅區
萬華區,雙園,2,595,0,第三種住宅區
萬華區,雙園,2,596,0,第三種住宅區
萬華區,雙園,2,597,0,第三種住宅區
萬華區,雙園,2,598,0,第三種住宅區
萬華區,雙園,2,599,0,第三種住宅區
萬華區,雙園,2,600,0,第三種住宅區
萬華區,雙園,2,601,0,第三種住宅區
萬華區,雙園,2,602,0,第三種住宅區
萬華區,雙園,2,603,0,第三種住宅區
萬華區,雙園,2,604,0,第三種住宅區
萬華區,雙園,2,605,0,第三種住宅區
萬華區,雙園,2,606,0,第三種住宅區
萬華區,雙園,2,607,0,第三種住宅區
萬華區,雙園,2,608,0,第三種住宅區
萬華區,雙園,2,609,0,第三種住宅區
萬華區,雙園,2,610,0,第三種住宅區
萬華區,雙園,2,611,0,第三種住宅區
萬華區,雙園,2,612,0,第三種住宅區
萬華區,雙園,2,613,0,第三種住宅區
萬華區,雙園,2,614,0,道路用地(公共設施用地)
萬華區,雙園,2,614,1,"道路用地(公共設施用地),但是否在第三種住宅區(應依建築線或俟地籍測量分割後,再確定)"
萬華區,雙園,2,615,0,第三種住宅區
萬華區,雙園,2,616,0,第三種住宅區
萬華區,雙園,2,617,0,第三種住宅區
萬華區,雙園,2,618,0,第三種住宅區
萬華區,雙園,2,618,1,第三種住宅區
萬華區,雙園,2,618,3,道路用地(公共設施用地)
萬華區,雙園,2,619,0,第三種住宅區
萬華區,雙園,2,620,0,第三種住宅區
萬華區,雙園,2,621,0,第三種住宅區
萬華區,雙園,2,622,0,道路用地(公共設施用地)
萬華區,雙園,2,622,1,第三種住宅區
萬華區,雙園,2,623,0,第三種住宅區
萬華區,雙園,2,624,0,"道路用地(公共設施用地),但是否在第三種住宅區(應依建築線或俟地籍測量分割後,再確定)"
萬華區,雙園,2,625,0,道路用地(公共設施用地)
萬華區,雙園,2,626,0,第三種住宅區
萬華區,雙園,2,627,0,第三種住宅區
萬華區,雙園,2,628,0,道路用地(公共設施用地)
萬華區,雙園,2,629,0,道路用地(公共設施用地)
萬華區,雙園,2,630,0,第三種住宅區
萬華區,雙園,2,631,0,第三種住宅區
萬華區,雙園,2,632,0,第三種住宅區
萬華區,雙園,2,633,0,道路用地(公共設施用地)
萬華區,雙園,2,634,0,道路用地(公共設施用地)
萬華區,雙園,2,635,0,第三種住宅區
萬華區,雙園,2,636,0,第三種住宅區
萬華區,雙園,2,637,0,郵政用地(公共設施用地)
萬華區,雙園,2,638,0,道路用地(公共設施用地)
萬華區,雙園,2,639,0,第三種住宅區
萬華區,雙園,2,640,0,第三種住宅區
萬華區,雙園,2,641,0,第三種住宅區
萬華區,雙園,2,642,0,道路用地(公共設施用地)
萬華區,雙園,2,643,0,第三種住宅區
萬華區,雙園,2,643,1,第三種住宅區
萬華區,雙園,2,644,0,第三種住宅區
萬華區,雙園,2,645,0,第三種住宅區
萬華區,雙園,2,646,0,第三種住宅區
萬華區,雙園,2,646,1,第三種住宅區
萬華區,雙園,2,646,2,道路用地(公共設施用地)
萬華區,雙園,2,647,0,第三種住宅區
萬華區,雙園,2,647,3,第三種住宅區
萬華區,雙園,2,648,0,第三種住宅區
萬華區,雙園,2,648,1,道路用地(公共設施用地)
萬華區,雙園,2,651,0,第三種住宅區
萬華區,雙園,2,651,1,道路用地(公共設施用地)
萬華區,雙園,2,651,2,"第參種商業區(依都市計畫說明書圖規定辦理,始得作第參種商業區使用)(原屬第壹種商業區)"
萬華區,雙園,2,652,0,"第參種商業區(依都市計畫說明書圖規定辦理,始得作第參種商業區使用)(原屬第壹種商業區)"
萬華區,雙園,2,652,1,道路用地(公共設施用地)
萬華區,雙園,2,652,2,道路用地(公共設施用地)
萬華區,雙園,2,653,0,"第參種商業區(依都市計畫說明書圖規定辦理,始得作第參種商業區使用)(原屬第壹種商業區)"
萬華區,雙園,2,653,1,道路用地(公共設施用地)
萬華區,雙園,2,653,2,道路用地(公共設施用地)
萬華區,雙園,2,654,0,"第參種商業區(依都市計畫說明書圖規定辦理,始得作第參種商業區使用)(原屬第壹種商業區)"
萬華區,雙園,2,655,0,道路用地(公共設施用地)
萬華區,雙園,2,655,1,"第參種商業區(依都市計畫說明書圖規定辦理,始得作第參種商業區使用)(原屬第壹種商業區)"
萬華區,雙園,2,655,2,"第參種商業區(依都市計畫說明書圖規定辦理,始得作第參種商業區使用)(原屬第壹種商業區)"
萬華區,雙園,2,656,0,"第參種商業區(依都市計畫說明書圖規定辦理,始得作第參種商業區使用)(原屬第壹種商業區)"
萬華區,雙園,2,657,0,"第參種商業區(依都市計畫說明書圖規定辦理,始得作第參種商業區使用)(原屬第壹種商業區)"
萬華區,雙園,2,658,0,"第參種商業區(依都市計畫說明書圖規定辦理,始得作第參種商業區使用)(原屬第壹種商業區)"
萬華區,雙園,2,659,0,"第參種商業區(依都市計畫說明書圖規定辦理,始得作第參種商業區使用)(原屬第壹種商業區)"
萬華區,雙園,2,660,0,"第參種商業區(依都市計畫說明書圖規定辦理,始得作第參種商業區使用)(原屬第壹種商業區)"
萬華區,雙園,2,661,0,"第參種商業區(依都市計畫說明書圖規定辦理,始得作第參種商業區使用)(原屬第壹種商業區)"
萬華區,雙園,2,662,0,道路用地(公共設施用地)
萬華區,雙園,2,663,0,道路用地(公共設施用地)
萬華區,雙園,2,664,0,"第參種商業區(依都市計畫說明書圖規定辦理,始得作第參種商業區使用)(原屬第壹種商業區)"
萬華區,雙園,2,665,0,"第參種商業區(依都市計畫說明書圖規定辦理,始得作第參種商業區使用)(原屬第壹種商業區)"
萬華區,雙園,2,666,0,道路用地(公共設施用地)
萬華區,雙園,2,667,0,道路用地(公共設施用地)
萬華區,雙園,2,668,0,道路用地(公共設施用地)
萬華區,雙園,2,669,0,"第參種商業區(依都市計畫說明書圖規定辦理,始得作第參種商業區使用)(原屬第壹種商業區)"
萬華區,雙園,2,670,0,"第參種商業區(依都市計畫說明書圖規定辦理,始得作第參種商業區使用)(原屬第壹種商業區)"
萬華區,雙園,2,671,0,"第參種商業區(依都市計畫說明書圖規定辦理,始得作第參種商業區使用)(原屬第壹種商業區)"
萬華區,雙園,2,672,0,"第參種商業區(依都市計畫說明書圖規定辦理,始得作第參種商業區使用)(原屬第壹種商業區)"
萬華區,雙園,2,673,0,"第參種商業區(依都市計畫說明書圖規定辦理,始得作第參種商業區使用)(原屬第壹種商業區)"
萬華區,雙園,2,674,0,"第參種商業區(依都市計畫說明書圖規定辦理,始得作第參種商業區使用)(原屬第壹種商業區)"
萬華區,雙園,2,675,0,"第參種商業區(依都市計畫說明書圖規定辦理,始得作第參種商業區使用)(原屬第壹種商業區)"
萬華區,雙園,2,676,0,"第參種商業區(依都市計畫說明書圖規定辦理,始得作第參種商業區使用)(原屬第壹種商業區)"
萬華區,雙園,2,677,0,"第參種商業區(依都市計畫說明書圖規定辦理,始得作第參種商業區使用)(原屬第壹種商業區)"
萬華區,雙園,2,678,0,"第參種商業區(依都市計畫說明書圖規定辦理,始得作第參種商業區使用)(原屬第壹種商業區)"
萬華區,雙園,2,679,0,"第參種商業區(依都市計畫說明書圖規定辦理,始得作第參種商業區使用)(原屬第壹種商業區)"
萬華區,雙園,2,680,0,"第參種商業區(依都市計畫說明書圖規定辦理,始得作第參種商業區使用)(原屬第壹種商業區)"
萬華區,雙園,2,681,0,道路用地(公共設施用地)
萬華區,雙園,2,682,0,"第參種商業區(依都市計畫說明書圖規定辦理,始得作第參種商業區使用)(原屬第壹種商業區)"
萬華區,雙園,2,683,0,"第參種商業區(依都市計畫說明書圖規定辦理,始得作第參種商業區使用)(原屬第壹種商業區)"
萬華區,雙園,2,684,0,"第參種商業區(依都市計畫說明書圖規定辦理,始得作第參種商業區使用)(原屬第壹種商業區)"
萬華區,雙園,2,685,0,"第參種商業區(依都市計畫說明書圖規定辦理,始得作第參種商業區使用)(原屬第壹種商業區)"
萬華區,雙園,2,686,0,"第參種商業區(依都市計畫說明書圖規定辦理,始得作第參種商業區使用)(原屬第壹種商業區)"
萬華區,雙園,2,687,0,"第參種商業區(依都市計畫說明書圖規定辦理,始得作第參種商業區使用)(原屬第壹種商業區)"
萬華區,雙園,2,688,0,"第參種商業區(依都市計畫說明書圖規定辦理,始得作第參種商業區使用)(原屬第壹種商業區)"
萬華區,雙園,2,689,0,"第參種商業區(依都市計畫說明書圖規定辦理,始得作第參種商業區使用)(原屬第壹種商業區)"
萬華區,雙園,2,690,0,"第參種商業區(依都市計畫說明書圖規定辦理,始得作第參種商業區使用)(原屬第壹種商業區)"
萬華區,雙園,2,691,0,道路用地(公共設施用地)
萬華區,雙園,2,692,0,"第參種商業區(依都市計畫說明書圖規定辦理,始得作第參種商業區使用)(原屬第壹種商業區)"
萬華區,雙園,2,693,0,"第參種商業區(依都市計畫說明書圖規定辦理,始得作第參種商業區使用)(原屬第壹種商業區)"
萬華區,雙園,2,694,0,"第參種商業區(依都市計畫說明書圖規定辦理,始得作第參種商業區使用)(原屬第壹種商業區)"
萬華區,雙園,2,695,0,"第參種商業區(依都市計畫說明書圖規定辦理,始得作第參種商業區使用)(原屬第壹種商業區)"
萬華區,雙園,2,696,0,道路用地(公共設施用地)
萬華區,雙園,2,697,0,道路用地(公共設施用地)
萬華區,雙園,2,698,0,"第參種商業區(依都市計畫說明書圖規定辦理,始得作第參種商業區使用)(原屬第壹種商業區)"
萬華區,雙園,2,699,0,"第參種商業區(依都市計畫說明書圖規定辦理,始得作第參種商業區使用)(原屬第壹種商業區)"
萬華區,雙園,2,700,0,"第參種商業區(依都市計畫說明書圖規定辦理,始得作第參種商業區使用)(原屬第壹種商業區)"
萬華區,雙園,2,701,0,道路用地(公共設施用地)
萬華區,雙園,2,702,0,"第參種商業區(依都市計畫說明書圖規定辦理,始得作第參種商業區使用)(原屬第壹種商業區)"
萬華區,雙園,2,703,0,"第參種商業區(依都市計畫說明書圖規定辦理,始得作第參種商業區使用)(原屬第壹種商業區)"
萬華區,雙園,2,704,0,"第參種商業區(依都市計畫說明書圖規定辦理,始得作第參種商業區使用)(原屬第壹種商業區)"
萬華區,雙園,2,705,0,"第參種商業區(依都市計畫說明書圖規定辦理,始得作第參種商業區使用)(原屬第壹種商業區)"
萬華區,雙園,2,706,0,"第參種商業區(依都市計畫說明書圖規定辦理,始得作第參種商業區使用)(原屬第壹種商業區)"
萬華區,雙園,2,707,0,"第參種商業區(依都市計畫說明書圖規定辦理,始得作第參種商業區使用)(原屬第壹種商業區)"
萬華區,雙園,2,708,0,"第參種商業區(依都市計畫說明書圖規定辦理,始得作第參種商業區使用)(原屬第壹種商業區)"
萬華區,雙園,2,708,1,道路用地(公共設施用地)
萬華區,雙園,2,708,2,"第參種商業區(依都市計畫說明書圖規定辦理,始得作第參種商業區使用)(原屬第壹種商業區)"
萬華區,雙園,2,708,3,道路用地(公共設施用地)
萬華區,雙園,2,709,0,"第參種商業區(依都市計畫說明書圖規定辦理,始得作第參種商業區使用)(原屬第壹種商業區)"
萬華區,雙園,2,710,0,"第參種商業區(依都市計畫說明書圖規定辦理,始得作第參種商業區使用)(原屬第壹種商業區)"
萬華區,雙園,2,710,1,道路用地(公共設施用地)
萬華區,雙園,2,710,2,道路用地(公共設施用地)
萬華區,雙園,2,711,0,"第參種商業區(依都市計畫說明書圖規定辦理,始得作第參種商業區使用)(原屬第壹種商業區)"
萬華區,雙園,2,711,1,道路用地(公共設施用地)
萬華區,雙園,2,711,2,"道路用地(公共設施用地),但是否在第三種住宅區(應依建築線或俟地籍測量分割後,再確定)"
萬華區,雙園,2,711,3,道路用地(公共設施用地)
萬華區,雙園,2,712,0,道路用地(公共設施用地)
萬華區,雙園,2,712,1,道路用地(公共設施用地)
萬華區,雙園,2,712,2,道路用地(公共設施用地)
萬華區,雙園,2,713,0,第三種住宅區
萬華區,雙園,2,720,0,第三種住宅區
萬華區,雙園,2,720,1,第三種住宅區
萬華區,雙園,2,720,2,道路用地(公共設施用地)
萬華區,雙園,2,720,3,道路用地(公共設施用地)
萬華區,雙園,2,720,4,道路用地(公共設施用地)
萬華區,雙園,2,720,5,道路用地(公共設施用地)
萬華區,雙園,2,720,6,第三種住宅區
萬華區,雙園,2,720,7,第三種住宅區
萬華區,雙園,2,721,0,第三種住宅區
萬華區,雙園,2,721,1,道路用地(公共設施用地)
萬華區,雙園,2,721,2,道路用地(公共設施用地)
萬華區,雙園,2,722,1,道路用地(公共設施用地)
萬華區,雙園,2,723,0,第三種住宅區
萬華區,雙園,2,723,1,道路用地(公共設施用地)
萬華區,雙園,2,724,0,第三種住宅區
萬華區,雙園,2,724,1,道路用地(公共設施用地)
萬華區,雙園,2,725,0,第三種住宅區
萬華區,雙園,2,725,1,道路用地(公共設施用地)
萬華區,雙園,2,726,0,第三種住宅區
萬華區,雙園,2,726,1,道路用地(公共設施用地)
萬華區,雙園,2,727,1,道路用地(公共設施用地)
萬華區,雙園,2,728,0,第三種住宅區
萬華區,雙園,2,728,1,道路用地(公共設施用地)
萬華區,雙園,2,729,0,第三種住宅區
萬華區,雙園,2,729,1,道路用地(公共設施用地)
萬華區,雙園,2,729,2,道路用地(公共設施用地)
萬華區,雙園,2,729,4,道路用地(公共設施用地)
萬華區,雙園,2,730,0,第三種住宅區
萬華區,雙園,2,730,1,道路用地(公共設施用地)
萬華區,雙園,2,730,2,道路用地(公共設施用地)
萬華區,雙園,2,730,3,道路用地(公共設施用地)
萬華區,雙園,2,731,1,道路用地(公共設施用地)
萬華區,雙園,2,732,0,第三種住宅區
萬華區,雙園,2,732,1,道路用地(公共設施用地)
萬華區,雙園,2,733,0,第三種住宅區
萬華區,雙園,2,733,1,道路用地(公共設施用地)
萬華區,雙園,2,734,0,第三種住宅區
萬華區,雙園,2,734,1,道路用地(公共設施用地)
萬華區,雙園,2,735,0,第三種住宅區
萬華區,雙園,2,735,1,道路用地(公共設施用地)
萬華區,雙園,2,736,0,第三種住宅區
萬華區,雙園,2,736,1,道路用地(公共設施用地)
萬華區,雙園,2,737,0,第三種住宅區
萬華區,雙園,2,737,2,道路用地(公共設施用地)
萬華區,雙園,2,738,0,第三種住宅區
萬華區,雙園,2,738,2,道路用地(公共設施用地)
萬華區,雙園,2,738,6,道路用地(公共設施用地)
萬華區,雙園,2,738,7,第三種住宅區
萬華區,雙園,2,739,0,第三種住宅區
萬華區,雙園,2,739,1,道路用地(公共設施用地)
萬華區,雙園,2,739,3,道路用地(公共設施用地)
萬華區,雙園,2,740,1,道路用地(公共設施用地)
萬華區,雙園,2,740,2,第三種住宅區
萬華區,雙園,2,741,0,第三種住宅區
萬華區,雙園,2,742,0,第三種住宅區
萬華區,雙園,2,743,0,第三種住宅區
萬華區,雙園,2,744,0,第三種住宅區
萬華區,雙園,2,745,0,第三種住宅區
萬華區,雙園,2,746,0,第三種住宅區
萬華區,雙園,2,747,0,第三種住宅區
萬華區,雙園,2,748,0,道路用地(公共設施用地)
萬華區,雙園,2,749,0,道路用地(公共設施用地)
萬華區,雙園,2,750,0,道路用地(公共設施用地)
萬華區,雙園,2,751,0,道路用地(公共設施用地)
萬華區,雙園,2,752,0,道路用地(公共設施用地)
萬華區,雙園,2,753,0,第三種住宅區
萬華區,雙園,2,753,3,道路用地(公共設施用地)
萬華區,雙園,2,754,0,第三種住宅區
萬華區,雙園,2,755,0,第三種住宅區
萬華區,雙園,2,756,0,第三種住宅區
萬華區,雙園,2,757,0,第三種住宅區
萬華區,雙園,2,758,0,第三種住宅區
萬華區,雙園,2,759,0,第三種住宅區
萬華區,雙園,2,760,0,第三種住宅區
萬華區,雙園,2,761,0,第三種住宅區
萬華區,雙園,2,762,1,第三種住宅區
萬華區,雙園,2,762,2,第三種住宅區
萬華區,雙園,2,762,3,第三種住宅區
萬華區,雙園,2,762,4,第三種住宅區
萬華區,雙園,2,762,5,第三種住宅區
萬華區,雙園,2,762,6,第三種住宅區
萬華區,雙園,2,762,7,第三種住宅區
萬華區,雙園,2,762,8,第三種住宅區
萬華區,雙園,2,762,9,第三種住宅區
萬華區,雙園,2,762,10,第三種住宅區
萬華區,雙園,2,762,11,第三種住宅區
萬華區,雙園,2,762,12,第三種住宅區
萬華區,雙園,2,762,13,第三種住宅區
萬華區,雙園,2,762,14,第三種住宅區
萬華區,雙園,2,762,15,道路用地(公共設施用地)
萬華區,雙園,2,762,16,道路用地(公共設施用地)
萬華區,雙園,2,762,17,道路用地(公共設施用地)
萬華區,雙園,2,762,18,道路用地(公共設施用地)
萬華區,雙園,2,762,19,第三種住宅區
萬華區,雙園,2,763,0,第三種住宅區
萬華區,雙園,2,764,0,第三種住宅區
萬華區,雙園,2,765,0,第三種住宅區
萬華區,雙園,2,766,0,第三種住宅區
萬華區,雙園,2,767,0,第三種住宅區
萬華區,雙園,2,768,0,第三種住宅區
萬華區,雙園,2,769,0,第三種住宅區
萬華區,雙園,2,769,1,第三種住宅區
萬華區,雙園,2,769,2,第三種住宅區
萬華區,雙園,2,769,3,第三種住宅區
萬華區,雙園,2,769,4,第三種住宅區
萬華區,雙園,2,769,5,第三種住宅區
萬華區,雙園,2,769,6,第三種住宅區
萬華區,雙園,2,769,7,道路用地(公共設施用地)
萬華區,雙園,2,769,8,第三種住宅區
萬華區,雙園,2,770,0,第三種住宅區
萬華區,雙園,2,771,0,道路用地(公共設施用地)
萬華區,雙園,2,772,0,道路用地(公共設施用地)
萬華區,雙園,2,773,0,道路用地(公共設施用地)
萬華區,雙園,2,774,0,第三種住宅區
萬華區,雙園,2,775,0,第三種住宅區
萬華區,雙園,2,776,0,道路用地(公共設施用地)
萬華區,雙園,2,777,0,道路用地(公共設施用地)
萬華區,雙園,2,778,0,道路用地(公共設施用地)
萬華區,雙園,2,779,0,道路用地(公共設施用地)
萬華區,雙園,2,780,0,道路用地(公共設施用地)
萬華區,雙園,3,1,0,道路用地(公共設施用地)
萬華區,雙園,3,1,1,道路用地(公共設施用地)
萬華區,雙園,3,2,0,道路用地(公共設施用地)
萬華區,雙園,3,3,0,道路用地(公共設施用地)
萬華區,雙園,3,4,0,道路用地(公共設施用地)
萬華區,雙園,3,5,0,道路用地(公共設施用地)
萬華區,雙園,3,6,0,道路用地(公共設施用地)
萬華區,雙園,3,7,0,道路用地(公共設施用地)
萬華區,雙園,3,8,0,道路用地(公共設施用地)
萬華區,雙園,3,8,1,道路用地(公共設施用地)
萬華區,雙園,3,9,0,道路用地(公共設施用地)
萬華區,雙園,3,9,1,道路用地(公共設施用地)
萬華區,雙園,3,10,0,道路用地(公共設施用地)
萬華區,雙園,3,11,0,第三之一種住宅區
萬華區,雙園,3,12,0,第三之一種住宅區
萬華區,雙園,3,13,0,第三之一種住宅區
萬華區,雙園,3,14,0,第三之一種住宅區
萬華區,雙園,3,15,0,第三之一種住宅區
萬華區,雙園,3,16,0,第三之一種住宅區
萬華區,雙園,3,17,0,第三之一種住宅區
萬華區,雙園,3,18,0,第三之一種住宅區
萬華區,雙園,3,19,0,第三之一種住宅區
萬華區,雙園,3,20,0,第三之一種住宅區
萬華區,雙園,3,21,0,第三之一種住宅區
萬華區,雙園,3,22,0,第三之一種住宅區
萬華區,雙園,3,23,0,第三之一種住宅區
萬華區,雙園,3,24,0,第三之一種住宅區
萬華區,雙園,3,25,0,第三之一種住宅區
萬華區,雙園,3,26,0,第三之一種住宅區
萬華區,雙園,3,27,0,第三之一種住宅區
萬華區,雙園,3,28,0,第三之一種住宅區
萬華區,雙園,3,29,0,第三之一種住宅區
萬華區,雙園,3,30,0,第三之一種住宅區
萬華區,雙園,3,31,0,第三之一種住宅區
萬華區,雙園,3,32,0,第三之一種住宅區
萬華區,雙園,3,33,0,第三之一種住宅區
萬華區,雙園,3,35,0,第三之一種住宅區
萬華區,雙園,3,36,0,第三之一種住宅區
萬華區,雙園,3,37,0,第三之一種住宅區
萬華區,雙園,3,37,1,道路用地(公共設施用地)
萬華區,雙園,3,38,0,道路用地(公共設施用地)
萬華區,雙園,3,39,0,道路用地(公共設施用地)
萬華區,雙園,3,40,0,道路用地(公共設施用地)
萬華區,雙園,3,41,0,第三之一種住宅區
萬華區,雙園,3,41,1,第三種住宅區
萬華區,雙園,3,42,0,第三之一種住宅區
萬華區,雙園,3,42,1,第三種住宅區
萬華區,雙園,3,43,0,道路用地(公共設施用地)
萬華區,雙園,3,44,0,道路用地(公共設施用地)
萬華區,雙園,3,46,0,道路用地(公共設施用地)
萬華區,雙園,3,47,0,道路用地(公共設施用地)
萬華區,雙園,3,48,0,道路用地(公共設施用地)
萬華區,雙園,3,49,0,道路用地(公共設施用地)
萬華區,雙園,3,50,0,第三之一種住宅區
萬華區,雙園,3,50,1,第三種住宅區
萬華區,雙園,3,51,0,第三之一種住宅區
萬華區,雙園,3,51,1,第三種住宅區
萬華區,雙園,3,52,0,第三之一種住宅區
萬華區,雙園,3,52,1,第三種住宅區
萬華區,雙園,3,53,0,第三之一種住宅區
萬華區,雙園,3,53,1,第三種住宅區
萬華區,雙園,3,54,0,第三之一種住宅區
萬華區,雙園,3,54,1,第三種住宅區
萬華區,雙園,3,55,0,第三之一種住宅區
萬華區,雙園,3,55,1,第三種住宅區
萬華區,雙園,3,56,0,道路用地(公共設施用地)
萬華區,雙園,3,57,0,道路用地(公共設施用地)
萬華區,雙園,3,58,0,道路用地(公共設施用地)
萬華區,雙園,3,59,0,第三之一種住宅區
萬華區,雙園,3,59,1,第三種住宅區
萬華區,雙園,3,60,0,第三之一種住宅區
萬華區,雙園,3,60,1,第三種住宅區
萬華區,雙園,3,61,0,道路用地(公共設施用地)
萬華區,雙園,3,62,0,道路用地(公共設施用地)
萬華區,雙園,3,63,0,第三之一種住宅區
萬華區,雙園,3,63,1,第三種住宅區
萬華區,雙園,3,64,0,第三之一種住宅區
萬華區,雙園,3,64,1,第三種住宅區
萬華區,雙園,3,69,0,第三之一種住宅區
萬華區,雙園,3,69,1,第三種住宅區
萬華區,雙園,3,70,0,第三之一種住宅區
萬華區,雙園,3,70,1,第三種住宅區
萬華區,雙園,3,71,0,第三之一種住宅區
萬華區,雙園,3,71,1,第三種住宅區
萬華區,雙園,3,72,0,第三之一種住宅區
萬華區,雙園,3,72,1,第三種住宅區
萬華區,雙園,3,73,0,第三之一種住宅區
萬華區,雙園,3,73,1,第三種住宅區
萬華區,雙園,3,74,0,第三之一種住宅區
萬華區,雙園,3,74,1,第三種住宅區
萬華區,雙園,3,75,0,第三之一種住宅區
萬華區,雙園,3,75,1,第三種住宅區
萬華區,雙園,3,76,0,第三之一種住宅區
萬華區,雙園,3,76,1,第三種住宅區
萬華區,雙園,3,77,0,第三之一種住宅區
萬華區,雙園,3,77,1,第三種住宅區
萬華區,雙園,3,78,0,第三種住宅區
萬華區,雙園,3,79,0,第三種住宅區
萬華區,雙園,3,80,0,道路用地(公共設施用地)
萬華區,雙園,3,81,0,道路用地(公共設施用地)
萬華區,雙園,3,81,1,道路用地(公共設施用地)
萬華區,雙園,3,82,0,道路用地(公共設施用地)
萬華區,雙園,3,83,0,道路用地(公共設施用地)
萬華區,雙園,3,84,0,道路用地(公共設施用地)
萬華區,雙園,3,85,0,道路用地(公共設施用地)
萬華區,雙園,3,86,0,第三種住宅區
萬華區,雙園,3,87,0,第三種住宅區
萬華區,雙園,3,88,0,第三種住宅區
萬華區,雙園,3,89,0,第三種住宅區
萬華區,雙園,3,90,0,第三種住宅區
萬華區,雙園,3,91,0,第三種住宅區
萬華區,雙園,3,92,0,第三種住宅區
萬華區,雙園,3,93,0,第三種住宅區
萬華區,雙園,3,99,0,第三種住宅區
萬華區,雙園,3,104,0,第三種住宅區
萬華區,雙園,3,105,0,第三種住宅區
萬華區,雙園,3,105,1,第三種住宅區
萬華區,雙園,3,115,0,第三種住宅區
萬華區,雙園,3,116,0,第三種住宅區
萬華區,雙園,3,117,0,第三種住宅區
萬華區,雙園,3,118,0,第三種住宅區
萬華區,雙園,3,119,0,第三種住宅區
萬華區,雙園,3,120,0,第三種住宅區
萬華區,雙園,3,121,0,第三種住宅區
萬華區,雙園,3,122,0,第三種住宅區
萬華區,雙園,3,123,0,第三種住宅區
萬華區,雙園,3,124,0,道路用地(公共設施用地)
萬華區,雙園,3,125,0,第三種住宅區
萬華區,雙園,3,126,0,第三種住宅區
萬華區,雙園,3,127,0,第三種住宅區
萬華區,雙園,3,128,0,第三種住宅區
萬華區,雙園,3,129,0,第三種住宅區
萬華區,雙園,3,130,0,第三種住宅區
萬華區,雙園,3,131,0,第三種住宅區
萬華區,雙園,3,132,0,第三種住宅區
萬華區,雙園,3,133,0,道路用地(公共設施用地)
萬華區,雙園,3,134,0,第三種住宅區
萬華區,雙園,3,135,0,第三種住宅區
萬華區,雙園,3,136,0,第三種住宅區
萬華區,雙園,3,137,0,第三種住宅區
萬華區,雙園,3,138,0,第三種住宅區
萬華區,雙園,3,139,0,道路用地(公共設施用地)
萬華區,雙園,3,140,0,道路用地(公共設施用地)
萬華區,雙園,3,141,0,第三種住宅區
萬華區,雙園,3,142,0,第三種住宅區
萬華區,雙園,3,143,0,第三種住宅區
萬華區,雙園,3,144,0,第三種住宅區
萬華區,雙園,3,145,0,第三種住宅區
萬華區,雙園,3,146,0,第三種住宅區
萬華區,雙園,3,147,0,第三種住宅區
萬華區,雙園,3,148,0,第三種住宅區
萬華區,雙園,3,149,0,第三種住宅區
萬華區,雙園,3,150,0,第三種住宅區
萬華區,雙園,3,151,0,第三種住宅區
萬華區,雙園,3,152,0,第三種住宅區
萬華區,雙園,3,153,0,第三種住宅區
萬華區,雙園,3,154,0,第三種住宅區
萬華區,雙園,3,155,0,第三種住宅區
萬華區,雙園,3,156,0,道路用地(公共設施用地)
萬華區,雙園,3,157,0,道路用地(公共設施用地)
萬華區,雙園,3,158,0,道路用地(公共設施用地)
萬華區,雙園,3,159,0,道路用地(公共設施用地)
萬華區,雙園,3,160,0,第三種住宅區
萬華區,雙園,3,160,1,道路用地(公共設施用地)
萬華區,雙園,3,161,1,第三種住宅區
萬華區,雙園,3,162,0,道路用地(公共設施用地)
萬華區,雙園,3,163,0,道路用地(公共設施用地)
萬華區,雙園,3,164,1,第三種住宅區
萬華區,雙園,3,166,0,第三種住宅區
萬華區,雙園,3,167,0,第三種住宅區
萬華區,雙園,3,168,0,第三種住宅區
萬華區,雙園,3,169,0,第三種住宅區
萬華區,雙園,3,170,0,第三種住宅區
萬華區,雙園,3,171,0,道路用地(公共設施用地)
萬華區,雙園,3,172,0,道路用地(公共設施用地)
萬華區,雙園,3,173,0,道路用地(公共設施用地)
萬華區,雙園,3,174,0,道路用地(公共設施用地)
萬華區,雙園,3,175,0,第三種住宅區
萬華區,雙園,3,176,0,第三種住宅區
萬華區,雙園,3,177,0,道路用地(公共設施用地)
萬華區,雙園,3,178,0,道路用地(公共設施用地)
萬華區,雙園,3,179,0,第三種住宅區
萬華區,雙園,3,180,0,第三種住宅區
萬華區,雙園,3,181,0,道路用地(公共設施用地)
萬華區,雙園,3,182,0,第三種住宅區
萬華區,雙園,3,183,0,第三種住宅區
萬華區,雙園,3,184,0,第三種住宅區
萬華區,雙園,3,185,0,第三種住宅區
萬華區,雙園,3,186,0,第三種住宅區
萬華區,雙園,3,187,0,第三種住宅區
萬華區,雙園,3,188,0,第三種住宅區
萬華區,雙園,3,189,0,第三種住宅區
萬華區,雙園,3,190,0,第三種住宅區
萬華區,雙園,3,191,0,第三種住宅區
萬華區,雙園,3,192,0,第三種住宅區
萬華區,雙園,3,193,0,第三種住宅區
萬華區,雙園,3,194,0,第三種住宅區
萬華區,雙園,3,195,0,第三種住宅區
萬華區,雙園,3,197,0,第三種住宅區
萬華區,雙園,3,198,0,第三種住宅區
萬華區,雙園,3,199,0,第三種住宅區
萬華區,雙園,3,200,0,第三種住宅區
萬華區,雙園,3,201,0,第三種住宅區
萬華區,雙園,3,202,0,第三種住宅區
萬華區,雙園,3,203,0,第三種住宅區
萬華區,雙園,3,204,0,第三種住宅區
萬華區,雙園,3,205,0,第三種住宅區
萬華區,雙園,3,206,0,第三種住宅區
萬華區,雙園,3,207,0,第三種住宅區
萬華區,雙園,3,208,0,第三種住宅區
萬華區,雙園,3,209,0,第三種住宅區
萬華區,雙園,3,210,0,第三種住宅區
萬華區,雙園,3,211,0,第三種住宅區
萬華區,雙園,3,212,0,第三種住宅區
萬華區,雙園,3,213,0,第三種住宅區
萬華區,雙園,3,214,0,第三種住宅區
萬華區,雙園,3,215,0,第三種住宅區
萬華區,雙園,3,216,0,第三種住宅區
萬華區,雙園,3,217,0,第三種住宅區
萬華區,雙園,3,218,0,第三種住宅區
萬華區,雙園,3,219,0,第三種住宅區
萬華區,雙園,3,221,0,第三種住宅區
萬華區,雙園,3,221,1,第三種住宅區
萬華區,雙園,3,222,0,第三種住宅區
萬華區,雙園,3,223,0,第三種住宅區
萬華區,雙園,3,223,1,道路用地(公共設施用地)
萬華區,雙園,3,224,0,第三種住宅區
萬華區,雙園,3,224,1,道路用地(公共設施用地)
萬華區,雙園,3,225,0,第三種住宅區
萬華區,雙園,3,225,1,道路用地(公共設施用地)
萬華區,雙園,3,226,0,第三種住宅區
萬華區,雙園,3,226,1,道路用地(公共設施用地)
萬華區,雙園,3,227,0,第三種住宅區
萬華區,雙園,3,227,1,道路用地(公共設施用地)
萬華區,雙園,3,228,0,第三種住宅區
萬華區,雙園,3,228,1,道路用地(公共設施用地)
萬華區,雙園,3,229,0,第三種住宅區
萬華區,雙園,3,229,1,道路用地(公共設施用地)
萬華區,雙園,3,230,0,第三種住宅區
萬華區,雙園,3,230,1,道路用地(公共設施用地)
萬華區,雙園,3,231,0,第三種住宅區
萬華區,雙園,3,231,1,道路用地(公共設施用地)
萬華區,雙園,3,232,0,第三種住宅區
萬華區,雙園,3,232,1,道路用地(公共設施用地)
萬華區,雙園,3,233,0,第三種住宅區
萬華區,雙園,3,233,1,道路用地(公共設施用地)
萬華區,雙園,3,234,0,第三種住宅區
萬華區,雙園,3,234,1,道路用地(公共設施用地)
萬華區,雙園,3,235,0,第三種住宅區
萬華區,雙園,3,235,1,道路用地(公共設施用地)
萬華區,雙園,3,236,0,第三種住宅區
萬華區,雙園,3,236,1,道路用地(公共設施用地)
萬華區,雙園,3,237,0,第三種住宅區
萬華區,雙園,3,238,0,第三種住宅區
萬華區,雙園,3,239,0,第三種住宅區
萬華區,雙園,3,240,0,第三種住宅區
萬華區,雙園,3,242,0,道路用地(公共設施用地)
萬華區,雙園,3,243,0,道路用地(公共設施用地)
萬華區,雙園,3,244,0,道路用地(公共設施用地)
萬華區,雙園,3,245,0,第三種住宅區
萬華區,雙園,3,246,0,第三種住宅區
萬華區,雙園,3,247,0,第三種住宅區
萬華區,雙園,3,248,0,第三種住宅區
萬華區,雙園,3,249,0,第三種住宅區
萬華區,雙園,3,250,0,第三種住宅區
萬華區,雙園,3,251,0,第三種住宅區
萬華區,雙園,3,252,0,第三種住宅區
萬華區,雙園,3,252,1,道路用地(公共設施用地)
萬華區,雙園,3,253,0,第三種住宅區
萬華區,雙園,3,253,1,道路用地(公共設施用地)
萬華區,雙園,3,254,0,第三種住宅區
萬華區,雙園,3,254,1,道路用地(公共設施用地)
萬華區,雙園,3,255,0,第三種住宅區
萬華區,雙園,3,255,1,道路用地(公共設施用地)
萬華區,雙園,3,256,0,第三種住宅區
萬華區,雙園,3,256,1,道路用地(公共設施用地)
萬華區,雙園,3,257,0,第三種住宅區
萬華區,雙園,3,257,1,道路用地(公共設施用地)
萬華區,雙園,3,258,0,第三種住宅區
萬華區,雙園,3,258,1,道路用地(公共設施用地)
萬華區,雙園,3,259,0,第三種住宅區
萬華區,雙園,3,259,1,道路用地(公共設施用地)
萬華區,雙園,3,260,0,第三種住宅區
萬華區,雙園,3,260,1,道路用地(公共設施用地)
萬華區,雙園,3,261,0,第三種住宅區
萬華區,雙園,3,261,1,道路用地(公共設施用地)
萬華區,雙園,3,262,0,第三種住宅區
萬華區,雙園,3,262,1,道路用地(公共設施用地)
萬華區,雙園,3,263,0,第三種住宅區
萬華區,雙園,3,263,1,道路用地(公共設施用地)
萬華區,雙園,3,264,0,第三種住宅區
萬華區,雙園,3,264,1,道路用地(公共設施用地)
萬華區,雙園,3,265,0,第三種住宅區
萬華區,雙園,3,265,1,道路用地(公共設施用地)
萬華區,雙園,3,266,0,第三種住宅區
萬華區,雙園,3,267,0,第三種住宅區
萬華區,雙園,3,268,0,第三種住宅區
萬華區,雙園,3,269,0,第三種住宅區
萬華區,雙園,3,270,0,第三種住宅區
萬華區,雙園,3,271,0,第三種住宅區
萬華區,雙園,3,272,0,第三種住宅區
萬華區,雙園,3,273,0,第三種住宅區
萬華區,雙園,3,274,0,第三種住宅區
萬華區,雙園,3,275,0,第三種住宅區
萬華區,雙園,3,276,0,第三種住宅區
萬華區,雙園,3,277,0,第三種住宅區
萬華區,雙園,3,278,0,第三種住宅區
萬華區,雙園,3,279,0,第三種住宅區
萬華區,雙園,3,280,0,第三種住宅區
萬華區,雙園,3,281,0,第三種住宅區
萬華區,雙園,3,282,0,第三種住宅區
萬華區,雙園,3,283,0,第三種住宅區
萬華區,雙園,3,284,0,第三種住宅區
萬華區,雙園,3,285,0,道路用地(公共設施用地)
萬華區,雙園,3,286,0,第三種住宅區
萬華區,雙園,3,286,1,道路用地(公共設施用地)
萬華區,雙園,3,287,0,第三種住宅區
萬華區,雙園,3,287,1,道路用地(公共設施用地)
萬華區,雙園,3,288,0,第三種住宅區
萬華區,雙園,3,289,0,第三種住宅區
萬華區,雙園,3,290,0,第三種住宅區
萬華區,雙園,3,290,1,道路用地(公共設施用地)
萬華區,雙園,3,291,0,第三種住宅區
萬華區,雙園,3,291,1,道路用地(公共設施用地)
萬華區,雙園,3,292,0,第三種住宅區
萬華區,雙園,3,293,0,第三種住宅區
萬華區,雙園,3,294,0,第三種住宅區
萬華區,雙園,3,294,1,道路用地(公共設施用地)
萬華區,雙園,3,295,0,第三種住宅區
萬華區,雙園,3,295,1,道路用地(公共設施用地)
萬華區,雙園,3,296,0,第三種住宅區
萬華區,雙園,3,297,0,第三種住宅區
萬華區,雙園,3,298,0,第三種住宅區
萬華區,雙園,3,298,1,道路用地(公共設施用地)
萬華區,雙園,3,299,0,第三種住宅區
萬華區,雙園,3,299,1,道路用地(公共設施用地)
萬華區,雙園,3,300,0,第三種住宅區
萬華區,雙園,3,301,0,第三種住宅區
萬華區,雙園,3,302,0,第三種住宅區
萬華區,雙園,3,302,1,道路用地(公共設施用地)
萬華區,雙園,3,303,0,第三種住宅區
萬華區,雙園,3,303,1,道路用地(公共設施用地)
萬華區,雙園,3,304,0,第三種住宅區
萬華區,雙園,3,305,0,第三種住宅區
萬華區,雙園,3,306,0,第三種住宅區
萬華區,雙園,3,306,1,道路用地(公共設施用地)
萬華區,雙園,3,307,0,第三種住宅區
萬華區,雙園,3,307,1,道路用地(公共設施用地)
萬華區,雙園,3,308,0,第三種住宅區
萬華區,雙園,3,309,0,第三種住宅區
萬華區,雙園,3,310,0,第三種住宅區
萬華區,雙園,3,310,1,道路用地(公共設施用地)
萬華區,雙園,3,311,0,第三種住宅區
萬華區,雙園,3,311,1,道路用地(公共設施用地)
萬華區,雙園,3,312,0,第三種住宅區
萬華區,雙園,3,313,0,第三種住宅區
萬華區,雙園,3,313,1,第三種住宅區
萬華區,雙園,3,313,2,第三種住宅區
萬華區,雙園,3,314,0,第三種住宅區
萬華區,雙園,3,315,0,第三種住宅區
萬華區,雙園,3,316,0,第三種住宅區
萬華區,雙園,3,317,0,第三種住宅區
萬華區,雙園,3,318,0,第三種住宅區
萬華區,雙園,3,318,1,道路用地(公共設施用地)
萬華區,雙園,3,319,0,第三種住宅區
萬華區,雙園,3,320,0,第三種住宅區
萬華區,雙園,3,321,0,第三種住宅區
萬華區,雙園,3,322,0,第三種住宅區
萬華區,雙園,3,323,0,第三種住宅區
萬華區,雙園,3,324,0,第三種住宅區
萬華區,雙園,3,325,0,第三種住宅區
萬華區,雙園,3,326,0,第三種住宅區
萬華區,雙園,3,326,1,道路用地(公共設施用地)
萬華區,雙園,3,327,0,第三種住宅區
萬華區,雙園,3,328,0,第三種住宅區
萬華區,雙園,3,329,0,第三種住宅區
萬華區,雙園,3,330,0,第三種住宅區
萬華區,雙園,3,331,0,第三種住宅區
萬華區,雙園,3,332,0,第三種住宅區
萬華區,雙園,3,333,0,第三種住宅區
萬華區,雙園,3,334,0,第三種住宅區
萬華區,雙園,3,335,0,第三種住宅區
萬華區,雙園,3,336,0,道路用地(公共設施用地)
萬華區,雙園,3,337,0,道路用地(公共設施用地)
萬華區,雙園,3,338,0,道路用地(公共設施用地)
萬華區,雙園,3,339,0,道路用地(公共設施用地)
萬華區,雙園,3,340,0,道路用地(公共設施用地)
萬華區,雙園,3,341,0,道路用地(公共設施用地)
萬華區,雙園,3,342,0,第三之一種住宅區
萬華區,雙園,3,342,1,第三種住宅區
萬華區,雙園,3,348,0,第三之一種住宅區
萬華區,雙園,3,348,1,第三種住宅區
萬華區,雙園,3,349,0,第三之一種住宅區
萬華區,雙園,3,349,1,第三種住宅區
萬華區,雙園,3,350,0,第三之一種住宅區
萬華區,雙園,3,350,1,第三種住宅區
萬華區,雙園,3,351,0,第三之一種住宅區
萬華區,雙園,3,351,1,第三種住宅區
萬華區,雙園,3,352,0,第三之一種住宅區
萬華區,雙園,3,352,1,第三種住宅區
萬華區,雙園,3,353,0,第三之一種住宅區
萬華區,雙園,3,353,1,第三種住宅區
萬華區,雙園,3,354,0,第三之一種住宅區
萬華區,雙園,3,354,1,第三種住宅區
萬華區,雙園,3,355,1,第三之一種住宅區
萬華區,雙園,3,355,2,第三之一種住宅區
萬華區,雙園,3,356,1,第三之一種住宅區
萬華區,雙園,3,356,2,第三之一種住宅區
萬華區,雙園,3,356,3,第三之一種住宅區
萬華區,雙園,3,356,4,第三之一種住宅區
萬華區,雙園,3,356,5,第三之一種住宅區
萬華區,雙園,3,356,6,第三之一種住宅區
萬華區,雙園,3,357,0,第三之一種住宅區
萬華區,雙園,3,357,1,第三之一種住宅區
萬華區,雙園,3,357,2,第三之一種住宅區
萬華區,雙園,3,357,3,第三之一種住宅區
萬華區,雙園,3,358,0,第三之一種住宅區
萬華區,雙園,3,358,1,第三之一種住宅區
萬華區,雙園,3,359,0,第三之一種住宅區
萬華區,雙園,3,360,0,第三之一種住宅區
萬華區,雙園,3,361,0,第三之一種住宅區
萬華區,雙園,3,362,0,第三之一種住宅區
萬華區,雙園,3,363,0,第三之一種住宅區
萬華區,雙園,3,364,0,第三之一種住宅區
萬華區,雙園,3,365,0,第三之一種住宅區
萬華區,雙園,3,366,0,第三之一種住宅區
萬華區,雙園,3,366,1,第三種住宅區
萬華區,雙園,3,367,0,第三種住宅區
萬華區,雙園,3,368,0,第三種住宅區
萬華區,雙園,3,369,0,第三之一種住宅區
萬華區,雙園,3,369,1,第三種住宅區
萬華區,雙園,3,370,0,第三之一種住宅區
萬華區,雙園,3,370,1,第三種住宅區
萬華區,雙園,3,371,0,第三之一種住宅區
萬華區,雙園,3,371,1,第三種住宅區
萬華區,雙園,3,372,0,第三之一種住宅區
萬華區,雙園,3,372,1,第三種住宅區
萬華區,雙園,3,373,0,第三之一種住宅區
萬華區,雙園,3,373,1,第三種住宅區
萬華區,雙園,3,374,0,第三之一種住宅區
萬華區,雙園,3,374,1,第三種住宅區
萬華區,雙園,3,375,0,第三之一種住宅區
萬華區,雙園,3,375,1,第三種住宅區
萬華區,雙園,3,376,0,第三之一種住宅區
萬華區,雙園,3,376,1,第三種住宅區
萬華區,雙園,3,377,0,第三之一種住宅區
萬華區,雙園,3,377,1,第三種住宅區
萬華區,雙園,3,378,0,第三之一種住宅區
萬華區,雙園,3,378,1,第三種住宅區
萬華區,雙園,3,379,0,第三之一種住宅區
萬華區,雙園,3,379,1,第三種住宅區
萬華區,雙園,3,380,0,第三之一種住宅區
萬華區,雙園,3,380,1,第三種住宅區
萬華區,雙園,3,382,0,道路用地(公共設施用地)
萬華區,雙園,3,383,0,道路用地(公共設施用地)
萬華區,雙園,3,384,0,道路用地(公共設施用地)
萬華區,雙園,3,385,0,第三種住宅區
萬華區,雙園,3,386,0,第三種住宅區
萬華區,雙園,3,387,0,第三種住宅區
萬華區,雙園,3,388,0,第三種住宅區
萬華區,雙園,3,389,0,第三種住宅區
萬華區,雙園,3,390,0,第三種住宅區
萬華區,雙園,3,391,0,第三種住宅區
萬華區,雙園,3,392,0,第三種住宅區
萬華區,雙園,3,393,0,第三種住宅區
萬華區,雙園,3,394,0,第三種住宅區
萬華區,雙園,3,395,0,第三種住宅區
萬華區,雙園,3,396,0,第三種住宅區
萬華區,雙園,3,397,0,第三種住宅區
萬華區,雙園,3,398,0,第三種住宅區
萬華區,雙園,3,399,0,第三種住宅區
萬華區,雙園,3,400,0,第三種住宅區
萬華區,雙園,3,401,0,第三種住宅區
萬華區,雙園,3,402,0,第三種住宅區
萬華區,雙園,3,403,0,第三種住宅區
萬華區,雙園,3,404,0,第三種住宅區
萬華區,雙園,3,405,0,第三種住宅區
萬華區,雙園,3,406,0,第三種住宅區
萬華區,雙園,3,406,1,道路用地(公共設施用地)
萬華區,雙園,3,407,1,道路用地(公共設施用地)
萬華區,雙園,3,408,1,道路用地(公共設施用地)
萬華區,雙園,3,409,1,道路用地(公共設施用地)
萬華區,雙園,3,410,1,道路用地(公共設施用地)
萬華區,雙園,3,411,1,道路用地(公共設施用地)
萬華區,雙園,3,412,0,第三種住宅區
萬華區,雙園,3,412,1,道路用地(公共設施用地)
萬華區,雙園,3,413,0,第三種住宅區
萬華區,雙園,3,413,1,道路用地(公共設施用地)
萬華區,雙園,3,414,0,第三種住宅區
萬華區,雙園,3,415,0,道路用地(公共設施用地)
萬華區,雙園,3,416,0,道路用地(公共設施用地)
萬華區,雙園,3,417,0,道路用地(公共設施用地)
萬華區,雙園,3,418,0,道路用地(公共設施用地)
萬華區,雙園,3,419,0,道路用地(公共設施用地)
萬華區,雙園,3,420,0,道路用地(公共設施用地)
萬華區,雙園,3,421,0,道路用地(公共設施用地)
萬華區,雙園,3,424,0,第三種住宅區
萬華區,雙園,3,425,0,第三種住宅區
萬華區,雙園,3,427,0,道路用地(公共設施用地)
萬華區,雙園,3,427,1,道路用地(公共設施用地)
萬華區,雙園,3,428,0,道路用地(公共設施用地)
萬華區,雙園,3,429,0,第三種住宅區
萬華區,雙園,3,430,0,第三種住宅區
萬華區,雙園,3,430,1,道路用地(公共設施用地)
萬華區,雙園,3,432,0,道路用地(公共設施用地)
萬華區,雙園,3,433,1,道路用地(公共設施用地)
萬華區,雙園,3,434,1,道路用地(公共設施用地)
萬華區,雙園,3,435,1,道路用地(公共設施用地)
萬華區,雙園,3,436,1,道路用地(公共設施用地)
萬華區,雙園,3,437,1,道路用地(公共設施用地)
萬華區,雙園,3,438,0,第三種住宅區
萬華區,雙園,3,438,1,道路用地(公共設施用地)
萬華區,雙園,3,439,1,道路用地(公共設施用地)
萬華區,雙園,3,440,0,道路用地(公共設施用地)
萬華區,雙園,3,440,2,道路用地(公共設施用地)
萬華區,雙園,3,441,1,道路用地(公共設施用地)
萬華區,雙園,3,442,0,第三種住宅區
萬華區,雙園,3,443,0,道路用地(公共設施用地)
萬華區,雙園,3,444,0,道路用地(公共設施用地)
萬華區,雙園,3,445,0,第三種住宅區
萬華區,雙園,3,446,0,第三種住宅區
萬華區,雙園,3,447,0,第三種住宅區
萬華區,雙園,3,448,0,第三種住宅區
萬華區,雙園,3,449,0,道路用地(公共設施用地)
萬華區,雙園,3,450,0,第三種住宅區
萬華區,雙園,3,451,0,第三種住宅區
萬華區,雙園,3,452,0,第三種住宅區
萬華區,雙園,3,453,0,第三種住宅區
萬華區,雙園,3,454,0,第三種住宅區
萬華區,雙園,3,455,0,第三種住宅區
萬華區,雙園,3,456,0,第三種住宅區
萬華區,雙園,3,457,0,"道路用地(公共設施用地),但是否在第三種住宅區(應依建築線或俟地籍測量分割後,再確定)"
萬華區,雙園,3,458,0,道路用地(公共設施用地)
萬華區,雙園,3,459,0,道路用地(公共設施用地)
萬華區,雙園,3,460,0,道路用地(公共設施用地)
萬華區,雙園,3,461,0,第三種住宅區
萬華區,雙園,3,462,0,第三種住宅區
萬華區,雙園,3,463,0,第三種住宅區
萬華區,雙園,3,464,0,第三種住宅區
萬華區,雙園,3,465,0,第三種住宅區
萬華區,雙園,3,466,0,第三種住宅區
萬華區,雙園,3,467,0,第三種住宅區
萬華區,雙園,3,468,0,第三種住宅區
萬華區,雙園,3,469,0,第三種住宅區
萬華區,雙園,3,470,0,第三種住宅區
萬華區,雙園,3,471,0,第三種住宅區
萬華區,雙園,3,472,0,第三種住宅區
萬華區,雙園,3,473,0,第三種住宅區
萬華區,雙園,3,474,0,第三種住宅區
萬華區,雙園,3,475,0,第三種住宅區
萬華區,雙園,3,476,0,第三種住宅區
萬華區,雙園,3,477,0,第三種住宅區
萬華區,雙園,3,478,0,第三種住宅區
萬華區,雙園,3,479,0,第三種住宅區
萬華區,雙園,3,480,0,第三種住宅區
萬華區,雙園,3,481,0,第三種住宅區
萬華區,雙園,3,482,0,第三種住宅區
萬華區,雙園,3,483,0,第三種住宅區
萬華區,雙園,3,484,0,第三種住宅區
萬華區,雙園,3,485,0,第三種住宅區
萬華區,雙園,3,486,0,第三種住宅區
萬華區,雙園,3,487,0,道路用地(公共設施用地)
萬華區,雙園,3,488,0,道路用地(公共設施用地)
萬華區,雙園,3,489,0,第三種住宅區
萬華區,雙園,3,490,0,第三種住宅區
萬華區,雙園,3,491,0,第三種住宅區
萬華區,雙園,3,492,0,第三種住宅區
萬華區,雙園,3,493,0,第三種住宅區
萬華區,雙園,3,494,0,第三種住宅區
萬華區,雙園,3,495,0,第三種住宅區
萬華區,雙園,3,496,0,第三種住宅區
萬華區,雙園,3,497,0,第三種住宅區
萬華區,雙園,3,498,0,第三種住宅區
萬華區,雙園,3,499,0,第三種住宅區
萬華區,雙園,3,500,0,第三種住宅區
萬華區,雙園,3,501,0,第三種住宅區
萬華區,雙園,3,502,0,第三種住宅區
萬華區,雙園,3,503,0,第三種住宅區
萬華區,雙園,3,504,0,第三種住宅區
萬華區,雙園,3,505,0,第三種住宅區
萬華區,雙園,3,506,0,第三種住宅區
萬華區,雙園,3,507,0,第三種住宅區
萬華區,雙園,3,508,0,第三種住宅區
萬華區,雙園,3,509,0,第三種住宅區
萬華區,雙園,3,510,0,第三種住宅區
萬華區,雙園,3,511,0,第三種住宅區
萬華區,雙園,3,512,0,第三種住宅區
萬華區,雙園,3,513,0,第三種住宅區
萬華區,雙園,3,514,0,第三種住宅區
萬華區,雙園,3,515,0,第三種住宅區
萬華區,雙園,3,516,0,第三種住宅區
萬華區,雙園,3,518,0,道路用地(公共設施用地)
萬華區,雙園,3,519,0,"道路用地(公共設施用地),但是否在第三種住宅區(應依建築線或俟地籍測量分割後,再確定)"
萬華區,雙園,3,520,0,第三種住宅區
萬華區,雙園,3,521,0,第三種住宅區
萬華區,雙園,3,522,0,第三種住宅區
萬華區,雙園,3,523,0,第三種住宅區
萬華區,雙園,3,524,0,第三種住宅區
萬華區,雙園,3,525,0,第三種住宅區
萬華區,雙園,3,526,0,第三種住宅區
萬華區,雙園,3,527,0,第三種住宅區
萬華區,雙園,3,528,0,第三種住宅區
萬華區,雙園,3,529,0,第三種住宅區
萬華區,雙園,3,530,0,第三種住宅區
萬華區,雙園,3,531,0,第三種住宅區
萬華區,雙園,3,532,0,第三種住宅區
萬華區,雙園,3,533,0,第三種住宅區
萬華區,雙園,3,534,0,第三種住宅區
萬華區,雙園,3,535,0,第三種住宅區
萬華區,雙園,3,536,0,第三種住宅區
萬華區,雙園,3,537,0,第三種住宅區
萬華區,雙園,3,538,0,第三種住宅區
萬華區,雙園,3,539,0,第三種住宅區
萬華區,雙園,3,540,0,第三種住宅區
萬華區,雙園,3,540,1,第三種住宅區
萬華區,雙園,3,543,0,第三種住宅區
萬華區,雙園,3,544,0,第三種住宅區
萬華區,雙園,3,545,0,第三種住宅區
萬華區,雙園,3,546,0,第三種住宅區
萬華區,雙園,3,547,0,第三種住宅區
萬華區,雙園,3,548,0,道路用地(公共設施用地)
萬華區,雙園,3,549,0,道路用地(公共設施用地)
萬華區,雙園,3,550,0,第三種住宅區
萬華區,雙園,3,551,0,第三種住宅區
萬華區,雙園,3,552,0,第三種住宅區
萬華區,雙園,3,553,0,第三種住宅區
萬華區,雙園,3,554,0,第三種住宅區
萬華區,雙園,3,555,0,第三種住宅區
萬華區,雙園,3,556,0,第三種住宅區
萬華區,雙園,3,557,0,第三種住宅區
萬華區,雙園,3,558,0,第三種住宅區
萬華區,雙園,3,559,0,第三種住宅區
萬華區,雙園,3,560,0,第三種住宅區
萬華區,雙園,3,561,0,第三種住宅區
萬華區,雙園,3,561,1,道路用地(公共設施用地)
萬華區,雙園,3,562,0,第三種住宅區
萬華區,雙園,3,562,1,道路用地(公共設施用地)
萬華區,雙園,3,563,0,第三種住宅區
萬華區,雙園,3,563,1,道路用地(公共設施用地)
萬華區,雙園,3,564,0,第三種住宅區
萬華區,雙園,3,564,1,道路用地(公共設施用地)
萬華區,雙園,3,565,0,第三種住宅區
萬華區,雙園,3,565,1,道路用地(公共設施用地)
萬華區,雙園,3,566,0,第三種住宅區
萬華區,雙園,3,566,1,道路用地(公共設施用地)
萬華區,雙園,3,567,0,第三種住宅區
萬華區,雙園,3,568,0,道路用地(公共設施用地)
萬華區,雙園,3,569,0,第三種住宅區
萬華區,雙園,3,570,0,第三種住宅區
萬華區,雙園,3,571,0,第三種住宅區
萬華區,雙園,3,572,0,第三種住宅區
萬華區,雙園,3,573,0,第三種住宅區
萬華區,雙園,3,574,0,第三種住宅區
萬華區,雙園,3,575,0,第三種住宅區
萬華區,雙園,3,576,0,道路用地(公共設施用地)
萬華區,雙園,3,577,0,"第三種住宅區,但是否在道路用地(公共設施用地)(應依建築線或俟地籍測量分割後,再確定)"
萬華區,雙園,3,578,0,"第三種住宅區,但是否在道路用地(公共設施用地)(應依建築線或俟地籍測量分割後,再確定)"
萬華區,雙園,3,579,0,第三種住宅區
萬華區,雙園,3,580,0,第三種住宅區
萬華區,雙園,3,581,0,第三種住宅區
萬華區,雙園,3,582,0,第三種住宅區
萬華區,雙園,3,583,0,道路用地(公共設施用地)
萬華區,雙園,3,583,1,"第三種住宅區,但是否在道路用地(公共設施用地)(應依建築線或俟地籍測量分割後,再確定)"
萬華區,雙園,3,584,0,"第三種住宅區,但是否在道路用地(公共設施用地)(應依建築線或俟地籍測量分割後,再確定)"
萬華區,雙園,3,585,0,第三種住宅區
萬華區,雙園,3,586,0,第三種住宅區
萬華區,雙園,3,587,0,第三種住宅區
萬華區,雙園,3,588,0,第三種住宅區
萬華區,雙園,3,589,0,第三種住宅區
萬華區,雙園,3,590,0,第三種住宅區
萬華區,雙園,3,591,0,第三種住宅區
萬華區,雙園,3,593,0,第三種住宅區
萬華區,雙園,3,593,1,道路用地(公共設施用地)
萬華區,雙園,3,594,0,道路用地(公共設施用地)
萬華區,雙園,3,595,0,道路用地(公共設施用地)
萬華區,雙園,3,595,1,第三種住宅區
萬華區,雙園,3,596,0,道路用地(公共設施用地)
萬華區,雙園,3,596,1,第三種住宅區
萬華區,雙園,3,597,0,第三種住宅區
萬華區,雙園,3,598,0,第三種住宅區
萬華區,雙園,3,599,0,第三種住宅區
萬華區,雙園,3,600,0,第三種住宅區
萬華區,雙園,3,601,0,第三種住宅區
萬華區,雙園,3,602,0,第三種住宅區
萬華區,雙園,3,603,0,"第三種住宅區,但是否在道路用地(公共設施用地)(應依建築線或俟地籍測量分割後,再確定)"
萬華區,雙園,3,604,0,"第三種住宅區,但是否在道路用地(公共設施用地)(應依建築線或俟地籍測量分割後,再確定)"
萬華區,雙園,3,604,1,道路用地(公共設施用地)
萬華區,雙園,3,605,0,"第三種住宅區,但是否在道路用地(公共設施用地)(應依建築線或俟地籍測量分割後,再確定)"
萬華區,雙園,3,605,1,"道路用地(公共設施用地),但是否在第三種住宅區(應依建築線或俟地籍測量分割後,再確定)"
萬華區,雙園,3,606,0,道路用地(公共設施用地)
萬華區,雙園,3,607,0,道路用地(公共設施用地)
萬華區,雙園,3,608,0,"第三種住宅區,但是否在道路用地(公共設施用地)(應依建築線或俟地籍測量分割後,再確定)"
萬華區,雙園,3,609,0,第三種住宅區
萬華區,雙園,3,610,0,第三種住宅區
萬華區,雙園,3,611,0,第三種住宅區
萬華區,雙園,3,612,0,第三種住宅區
萬華區,雙園,3,613,0,第三種住宅區
萬華區,雙園,3,614,0,第三種住宅區
萬華區,雙園,3,615,0,第三種住宅區
萬華區,雙園,3,616,0,第三種住宅區
萬華區,雙園,3,617,0,第三種住宅區
萬華區,雙園,3,617,1,道路用地(公共設施用地)
萬華區,雙園,3,618,0,第三種住宅區
萬華區,雙園,3,618,1,道路用地(公共設施用地)
萬華區,雙園,3,619,0,第三種住宅區
萬華區,雙園,3,619,1,道路用地(公共設施用地)
萬華區,雙園,3,620,0,第三種住宅區
萬華區,雙園,3,620,1,道路用地(公共設施用地)
萬華區,雙園,3,621,0,第三種住宅區
萬華區,雙園,3,622,0,道路用地(公共設施用地)
萬華區,雙園,3,622,1,第三種住宅區
萬華區,雙園,3,623,0,第三種住宅區
萬華區,雙園,3,623,1,道路用地(公共設施用地)
萬華區,雙園,3,623,2,第三種住宅區
萬華區,雙園,3,624,0,第三種住宅區
萬華區,雙園,3,624,1,道路用地(公共設施用地)
萬華區,雙園,3,625,0,"第三種住宅區,但是否在道路用地(公共設施用地)(應依建築線或俟地籍測量分割後,再確定)"
萬華區,雙園,3,626,0,第三種住宅區
萬華區,雙園,3,627,0,第三種住宅區
萬華區,雙園,3,628,0,第三種住宅區
萬華區,雙園,3,629,0,第三種住宅區
萬華區,雙園,3,630,0,第三種住宅區
萬華區,雙園,3,631,0,第三種住宅區
萬華區,雙園,3,632,0,第三種住宅區
萬華區,雙園,3,633,0,第三種住宅區
萬華區,雙園,3,633,1,道路用地(公共設施用地)
萬華區,雙園,3,634,1,道路用地(公共設施用地)
萬華區,雙園,3,635,1,道路用地(公共設施用地)
萬華區,雙園,3,636,1,道路用地(公共設施用地)
萬華區,雙園,3,637,0,第三種住宅區
萬華區,雙園,3,638,0,第三種住宅區
萬華區,雙園,3,639,0,第三種住宅區
萬華區,雙園,3,640,0,第三種住宅區
萬華區,雙園,3,641,0,第三種住宅區
萬華區,雙園,3,642,0,第三種住宅區
萬華區,雙園,3,643,0,第三種住宅區
萬華區,雙園,3,644,0,第三種住宅區
萬華區,雙園,3,645,0,第三種住宅區
萬華區,雙園,3,646,0,第三種住宅區
萬華區,雙園,3,647,0,第三種住宅區
萬華區,雙園,3,648,0,第三種住宅區
萬華區,雙園,3,649,1,道路用地(公共設施用地)
萬華區,雙園,3,650,0,第三種住宅區
萬華區,雙園,3,650,1,道路用地(公共設施用地)
萬華區,雙園,3,651,0,第三種住宅區
萬華區,雙園,3,652,0,第三種住宅區
萬華區,雙園,3,653,0,第三種住宅區
萬華區,雙園,3,654,0,第三種住宅區
萬華區,雙園,3,655,0,第三種住宅區
萬華區,雙園,3,656,0,第三種住宅區
萬華區,雙園,3,657,0,第三種住宅區
萬華區,雙園,3,658,0,第三種住宅區
萬華區,雙園,3,659,0,第三種住宅區
萬華區,雙園,3,660,0,第三種住宅區
萬華區,雙園,3,661,0,第三種住宅區
萬華區,雙園,3,662,0,第三種住宅區
萬華區,雙園,3,663,0,第三種住宅區及道路用地(公共設施用地)
萬華區,雙園,3,664,0,第三種住宅區
萬華區,雙園,3,665,0,第三種住宅區
萬華區,雙園,3,666,0,第三種住宅區
萬華區,雙園,3,667,0,第三種住宅區
萬華區,雙園,3,668,0,第三種住宅區
萬華區,雙園,3,669,0,第三種住宅區
萬華區,雙園,3,670,0,第三種住宅區
萬華區,雙園,3,671,0,第三種住宅區
萬華區,雙園,3,672,0,第三種住宅區
萬華區,雙園,3,673,0,道路用地(公共設施用地)
萬華區,雙園,3,673,1,道路用地(公共設施用地)
萬華區,雙園,3,673,2,第三種住宅區及道路用地(公共設施用地)
萬華區,雙園,3,674,0,第三種住宅區
萬華區,雙園,3,674,1,第三種住宅區
萬華區,雙園,3,674,2,第三種住宅區
萬華區,雙園,3,675,1,道路用地(公共設施用地)
萬華區,雙園,3,675,2,道路用地(公共設施用地)
萬華區,雙園,3,676,0,道路用地(公共設施用地)
萬華區,雙園,3,677,0,道路用地(公共設施用地)
萬華區,雙園,3,678,0,"道路用地(公共設施用地),但是否在第三種住宅區(應依建築線或俟地籍測量分割後,再確定)"
萬華區,雙園,3,678,1,道路用地(公共設施用地)
萬華區,雙園,3,679,0,道路用地(公共設施用地)
萬華區,雙園,3,679,1,道路用地(公共設施用地)
萬華區,雙園,3,680,0,道路用地(公共設施用地)
萬華區,雙園,3,681,0,第三種住宅區
萬華區,雙園,3,681,1,道路用地(公共設施用地)
萬華區,雙園,3,682,0,第三種住宅區
萬華區,雙園,3,683,0,第三種住宅區
萬華區,雙園,3,684,0,第三種住宅區
萬華區,雙園,3,685,0,第三種住宅區
萬華區,雙園,3,686,0,第三種住宅區
萬華區,雙園,3,687,0,第三種住宅區
萬華區,雙園,3,688,0,第三種住宅區
萬華區,雙園,3,689,0,第三種住宅區
萬華區,雙園,3,690,0,第三種住宅區
萬華區,雙園,3,691,0,第三種住宅區
萬華區,雙園,3,692,0,第三種住宅區
萬華區,雙園,3,693,0,第三種住宅區
萬華區,雙園,3,694,1,第三種住宅區
萬華區,雙園,3,695,0,公園用地(公共設施用地)
萬華區,雙園,3,696,0,第三種住宅區
萬華區,雙園,3,696,1,道路用地(公共設施用地)
萬華區,雙園,3,696,2,公園用地(公共設施用地)
萬華區,雙園,3,697,0,道路用地(公共設施用地)
萬華區,雙園,3,698,0,道路用地(公共設施用地)
萬華區,雙園,3,699,0,道路用地(公共設施用地)
萬華區,雙園,3,700,0,第三之二種住宅區
萬華區,雙園,3,700,2,第三種住宅區
萬華區,雙園,3,701,0,第三之二種住宅區
萬華區,雙園,3,701,1,第三種住宅區
萬華區,雙園,3,701,5,第三種住宅區
萬華區,雙園,3,702,0,道路用地(公共設施用地)
萬華區,雙園,3,703,0,道路用地(公共設施用地)
萬華區,雙園,3,704,0,第三種住宅區
萬華區,雙園,3,705,0,道路用地(公共設施用地)
萬華區,雙園,3,706,0,第三種住宅區
萬華區,雙園,3,707,0,第三種住宅區
萬華區,雙園,3,708,0,道路用地(公共設施用地)
萬華區,雙園,3,709,0,道路用地(公共設施用地)
萬華區,雙園,3,710,0,第三種住宅區
萬華區,雙園,3,711,0,第三種住宅區
萬華區,雙園,3,711,1,道路用地(公共設施用地)
萬華區,雙園,3,712,0,第三種住宅區
萬華區,雙園,3,712,1,道路用地(公共設施用地)
萬華區,雙園,3,713,0,第三種住宅區
萬華區,雙園,3,713,1,道路用地(公共設施用地)
萬華區,雙園,3,714,0,第三種住宅區
萬華區,雙園,3,714,1,道路用地(公共設施用地)
萬華區,雙園,3,715,0,第三種住宅區
萬華區,雙園,3,715,1,道路用地(公共設施用地)
萬華區,雙園,3,716,0,第三種住宅區
萬華區,雙園,3,716,1,道路用地(公共設施用地)
萬華區,雙園,3,717,0,第三種住宅區
萬華區,雙園,3,717,1,道路用地(公共設施用地)
萬華區,雙園,3,717,2,道路用地(公共設施用地)
萬華區,雙園,3,718,0,第三種住宅區
萬華區,雙園,3,718,1,道路用地(公共設施用地)
萬華區,雙園,3,719,0,第三種住宅區
萬華區,雙園,3,720,0,道路用地(公共設施用地)
萬華區,雙園,3,721,0,道路用地(公共設施用地)
萬華區,雙園,3,721,1,道路用地(公共設施用地)及河川區
萬華區,雙園,3,721,2,河川區
萬華區,雙園,3,722,0,道路用地(公共設施用地)
萬華區,雙園,3,723,0,道路用地(公共設施用地)
萬華區,雙園,3,724,0,道路用地(公共設施用地)
萬華區,雙園,3,725,0,道路用地(公共設施用地)
萬華區,雙園,3,726,0,道路用地(公共設施用地)
萬華區,雙園,3,727,0,道路用地(公共設施用地)
萬華區,雙園,3,728,0,道路用地(公共設施用地)
萬華區,雙園,3,729,0,道路用地(公共設施用地)
萬華區,雙園,3,730,0,第三之一種住宅區
萬華區,雙園,3,731,0,第三之一種住宅區
萬華區,雙園,3,732,0,第三之一種住宅區
萬華區,雙園,3,733,0,第三之一種住宅區
萬華區,雙園,3,734,0,第三之一種住宅區
萬華區,雙園,3,735,0,第三之一種住宅區
萬華區,雙園,3,736,0,第三之一種住宅區
萬華區,雙園,3,737,0,第三之一種住宅區
萬華區,雙園,3,738,0,第三之二種住宅區
萬華區,雙園,3,738,1,第三之一種住宅區
萬華區,雙園,3,739,0,第三之二種住宅區
萬華區,雙園,3,739,1,第三之一種住宅區
萬華區,雙園,3,740,0,第三之二種住宅區
萬華區,雙園,3,740,2,第三之二種住宅區
萬華區,雙園,3,740,3,第三之二種住宅區
萬華區,雙園,3,740,4,第三之二種住宅區
萬華區,雙園,3,740,7,第三之一種住宅區
萬華區,雙園,3,740,8,第三之一種住宅區
萬華區,雙園,3,740,9,第三種住宅區
萬華區,雙園,3,741,0,第三之二種住宅區
萬華區,雙園,3,741,1,第三之二種住宅區
萬華區,雙園,3,741,2,道路用地(公共設施用地)
萬華區,雙園,3,741,3,第三之二種住宅區
萬華區,雙園,3,742,0,道路用地(公共設施用地)
萬華區,雙園,3,743,0,道路用地(公共設施用地)
萬華區,雙園,3,744,0,第三之一種住宅區
萬華區,雙園,3,744,1,第三種住宅區
萬華區,雙園,3,744,2,第三之二種住宅區
萬華區,雙園,3,745,0,第三之一種住宅區
萬華區,雙園,3,745,1,第三種住宅區
萬華區,雙園,3,746,0,第三之一種住宅區
萬華區,雙園,3,746,1,第三種住宅區
萬華區,雙園,3,747,0,第三之一種住宅區
萬華區,雙園,3,747,1,第三種住宅區
萬華區,雙園,3,748,0,第三之一種住宅區
萬華區,雙園,3,748,1,第三種住宅區
萬華區,雙園,3,749,0,第三之一種住宅區
萬華區,雙園,3,749,1,第三種住宅區
萬華區,雙園,3,750,0,第三之一種住宅區
萬華區,雙園,3,750,1,第三種住宅區
萬華區,雙園,3,751,0,第三之一種住宅區
萬華區,雙園,3,751,1,第三種住宅區
萬華區,雙園,3,752,0,第三之一種住宅區
萬華區,雙園,3,752,1,第三種住宅區
萬華區,雙園,3,753,0,第三之一種住宅區
萬華區,雙園,3,753,1,第三種住宅區
萬華區,雙園,3,754,0,第三之一種住宅區
萬華區,雙園,3,754,1,第三種住宅區
萬華區,雙園,3,755,0,第三之一種住宅區
萬華區,雙園,3,755,1,第三種住宅區
萬華區,雙園,3,756,0,道路用地(公共設施用地)
萬華區,雙園,3,756,1,道路用地(公共設施用地)
萬華區,雙園,3,757,0,第三之二種住宅區
萬華區,雙園,3,757,1,第三種住宅區
萬華區,雙園,3,758,0,第三之二種住宅區
萬華區,雙園,3,758,1,道路用地(公共設施用地)
萬華區,雙園,3,758,2,第三種住宅區
萬華區,雙園,3,759,0,第三之二種住宅區
萬華區,雙園,3,759,1,道路用地(公共設施用地)
萬華區,雙園,3,759,2,第三種住宅區
萬華區,雙園,3,760,0,第三之二種住宅區
萬華區,雙園,3,760,1,道路用地(公共設施用地)
萬華區,雙園,3,760,2,第三種住宅區
萬華區,雙園,3,761,0,第三之二種住宅區
萬華區,雙園,3,761,1,道路用地(公共設施用地)
萬華區,雙園,3,761,2,第三種住宅區
萬華區,雙園,3,762,0,第三之二種住宅區
萬華區,雙園,3,762,1,道路用地(公共設施用地)
萬華區,雙園,3,762,2,第三種住宅區
萬華區,雙園,3,763,0,第三之二種住宅區
萬華區,雙園,3,763,1,道路用地(公共設施用地)
萬華區,雙園,3,763,2,第三種住宅區
萬華區,雙園,3,764,0,第三之二種住宅區
萬華區,雙園,3,764,1,道路用地(公共設施用地)
萬華區,雙園,3,764,2,第三種住宅區
萬華區,雙園,3,765,0,第三之二種住宅區
萬華區,雙園,3,765,1,道路用地(公共設施用地)
萬華區,雙園,3,765,2,第三種住宅區
萬華區,雙園,3,766,0,第三之二種住宅區
萬華區,雙園,3,766,1,第三種住宅區
萬華區,雙園,3,768,0,第三之二種住宅區
萬華區,雙園,3,768,1,"道路用地(公共設施用地),但是否在第三種住宅區(應依建築線或俟地籍測量分割後,再確定)"
萬華區,雙園,3,768,2,第三種住宅區
萬華區,雙園,3,773,0,第三之二種住宅區
萬華區,雙園,3,774,0,第三之二種住宅區
萬華區,雙園,3,774,1,道路用地(公共設施用地)
萬華區,雙園,3,775,0,道路用地(公共設施用地)
萬華區,雙園,3,776,0,道路用地(公共設施用地)
萬華區,雙園,3,777,0,道路用地(公共設施用地)
萬華區,雙園,3,778,0,道路用地(公共設施用地)
萬華區,雙園,3,779,0,道路用地(公共設施用地)
萬華區,雙園,3,780,0,道路用地(公共設施用地)
萬華區,雙園,3,781,0,道路用地(公共設施用地)
萬華區,雙園,3,782,0,道路用地(公共設施用地)及河川區
萬華區,雙園,3,783,0,道路用地(公共設施用地)
萬華區,雙園,3,784,0,道路用地(公共設施用地)
萬華區,雙園,3,785,0,道路用地(公共設施用地)
萬華區,雙園,3,786,0,"道路用地(公共設施用地),但是否在堤防用地(公共設施用地)(應依建築線或俟地籍測量分割後,再確定)"
萬華區,雙園,3,787,0,道路用地(公共設施用地)及河川區
萬華區,雙園,3,788,0,河川區
萬華區,雙園,3,789,0,河川區
萬華區,雙園,3,790,0,河川區
萬華區,雙園,3,791,0,道路用地(公共設施用地)
萬華區,雙園,3,791,1,河川區及道路用地(公共設施用地)
萬華區,雙園,3,791,2,河川區
萬華區,雙園,3,792,0,第三之二種住宅區
萬華區,雙園,3,794,0,第三之二種住宅區
萬華區,雙園,3,794,1,"道路用地(公共設施用地),但是否在第三種住宅區(應依建築線或俟地籍測量分割後,再確定)"
萬華區,雙園,3,794,2,第三之二種住宅區
萬華區,雙園,3,794,3,第三種住宅區
萬華區,雙園,3,799,0,第三之二種住宅區
萬華區,雙園,3,800,0,道路用地(公共設施用地)
萬華區,雙園,3,801,0,道路用地(公共設施用地)及河川區
萬華區,雙園,3,802,0,河川區
萬華區,雙園,3,803,0,河川區
萬華區,雙園,3,804,0,第三之二種住宅區
萬華區,雙園,3,805,0,第三之二種住宅區
萬華區,雙園,3,806,1,第三之二種住宅區
萬華區,雙園,3,807,0,道路用地(公共設施用地)
萬華區,雙園,3,808,0,道路用地(公共設施用地)
萬華區,雙園,3,808,1,道路用地(公共設施用地)
萬華區,雙園,3,809,0,道路用地(公共設施用地)及河川區
萬華區,雙園,3,810,0,河川區
萬華區,雙園,3,811,0,河川區
萬華區,雙園,3,812,0,河川區
萬華區,雙園,3,813,0,道路用地(公共設施用地)及河川區
萬華區,雙園,3,814,0,道路用地(公共設施用地)及河川區
萬華區,雙園,3,815,0,道路用地(公共設施用地)
萬華區,雙園,3,817,0,第三之二種住宅區
萬華區,雙園,3,818,0,第三之二種住宅區
萬華區,雙園,3,818,2,第三之二種住宅區
萬華區,雙園,3,818,3,道路用地(公共設施用地)
萬華區,雙園,3,818,6,第三種住宅區及道路用地(公共設施用地)
萬華區,雙園,3,820,0,第三之二種住宅區
萬華區,雙園,3,821,0,第三之二種住宅區
萬華區,雙園,3,822,0,道路用地(公共設施用地)
萬華區,雙園,3,823,0,第三之二種住宅區
萬華區,雙園,3,824,0,公園用地(公共設施用地)
萬華區,雙園,3,827,0,第三之二種住宅區
萬華區,雙園,3,827,1,第三種住宅區
萬華區,雙園,3,831,0,道路用地(公共設施用地)
萬華區,雙園,3,831,2,道路用地(公共設施用地)
萬華區,雙園,3,831,3,道路用地(公共設施用地)
萬華區,雙園,3,832,0,道路用地(公共設施用地)
萬華區,雙園,3,834,1,道路用地(公共設施用地)
萬華區,雙園,3,834,5,第三種住宅區及第三之二種住宅區及道路用地(公共設施用地)
萬華區,雙園,3,834,6,第三之二種住宅區
萬華區,雙園,3,835,0,道路用地(公共設施用地)
萬華區,雙園,3,835,1,公園用地(公共設施用地)
萬華區,雙園,3,835,2,道路用地(公共設施用地)
萬華區,雙園,3,836,0,第三之二種住宅區
萬華區,雙園,3,836,2,第三種住宅區
萬華區,雙園,3,837,0,道路用地(公共設施用地)
萬華區,雙園,3,838,0,道路用地(公共設施用地)
萬華區,雙園,3,839,0,第三種住宅區
萬華區,雙園,3,839,1,道路用地(公共設施用地)
萬華區,雙園,3,839,2,公園用地(公共設施用地)
萬華區,雙園,3,839,3,公園用地(公共設施用地)
萬華區,雙園,3,840,0,公園用地(公共設施用地)
萬華區,雙園,3,841,0,道路用地(公共設施用地)
萬華區,雙園,3,842,1,道路用地(公共設施用地)
萬華區,雙園,3,844,0,道路用地(公共設施用地)
萬華區,雙園,3,847,0,第三種住宅區
萬華區,雙園,3,847,1,第三種住宅區
萬華區,雙園,3,847,2,第三種住宅區
萬華區,雙園,3,847,3,第三種住宅區
萬華區,雙園,3,847,4,第三種住宅區
萬華區,雙園,3,848,0,第三種住宅區
萬華區,雙園,3,849,0,第三種住宅區
萬華區,雙園,3,852,1,第三種住宅區
萬華區,雙園,3,853,0,第三種住宅區
萬華區,雙園,3,854,0,第三種住宅區
萬華區,雙園,3,854,1,第三種住宅區
萬華區,雙園,3,854,2,"道路用地(公共設施用地),但是否在第三種住宅區(應依建築線或俟地籍測量分割後,再確定)"
萬華區,雙園,3,854,3,道路用地(公共設施用地)
萬華區,雙園,3,854,4,道路用地(公共設施用地)
萬華區,雙園,3,855,0,第三種住宅區
萬華區,雙園,3,855,1,第三種住宅區
萬華區,雙園,3,855,2,道路用地(公共設施用地)
萬華區,雙園,3,855,3,道路用地(公共設施用地)
萬華區,雙園,3,856,0,第三種住宅區
萬華區,雙園,3,856,1,第三種住宅區
萬華區,雙園,3,856,2,第三種住宅區
萬華區,雙園,3,856,3,道路用地(公共設施用地)
萬華區,雙園,3,857,0,第三種住宅區
萬華區,雙園,3,858,0,第三種住宅區
萬華區,雙園,3,859,0,第三種住宅區
萬華區,雙園,3,860,0,第三種住宅區
萬華區,雙園,3,860,1,第三種住宅區
萬華區,雙園,3,861,0,第三種住宅區
萬華區,雙園,3,861,1,第三種住宅區
萬華區,雙園,3,861,2,第三種住宅區
萬華區,雙園,3,861,3,第三種住宅區
萬華區,雙園,3,861,4,第三種住宅區
萬華區,雙園,3,861,5,第三種住宅區
萬華區,雙園,3,862,0,第三種住宅區
萬華區,雙園,3,862,1,第三種住宅區
萬華區,雙園,3,862,2,第三種住宅區
萬華區,雙園,3,862,3,第三種住宅區
萬華區,雙園,3,862,4,第三種住宅區
萬華區,雙園,3,862,5,第三種住宅區
萬華區,雙園,3,862,6,第三種住宅區
萬華區,雙園,3,862,7,第三種住宅區
萬華區,雙園,3,862,8,第三種住宅區
萬華區,雙園,3,862,9,第三種住宅區
萬華區,雙園,3,862,10,第三種住宅區
萬華區,雙園,3,863,0,第三種住宅區
萬華區,雙園,3,863,1,第三種住宅區
萬華區,雙園,3,863,2,第三種住宅區
萬華區,雙園,3,863,3,第三種住宅區
萬華區,雙園,3,863,4,第三種住宅區
萬華區,雙園,3,864,0,第三種住宅區
萬華區,雙園,3,864,1,第三種住宅區
萬華區,雙園,3,865,0,第三種住宅區
萬華區,雙園,3,865,1,第三種住宅區
萬華區,雙園,3,866,0,公園用地(公共設施用地)
萬華區,雙園,3,867,0,第三種住宅區
萬華區,雙園,3,868,0,第三種住宅區
萬華區,雙園,3,869,0,第三種住宅區
萬華區,雙園,3,870,0,第三種住宅區
萬華區,雙園,3,871,0,第三種住宅區
萬華區,雙園,3,872,0,第三種住宅區
萬華區,雙園,3,873,0,"道路用地(公共設施用地),但是否在第三種住宅區(應依建築線或俟地籍測量分割後,再確定)"
萬華區,雙園,3,874,0,公園用地(公共設施用地)
萬華區,雙園,3,874,1,公園用地(公共設施用地)
萬華區,雙園,3,874,2,道路用地(公共設施用地)
萬華區,雙園,3,874,3,道路用地(公共設施用地)
萬華區,雙園,3,874,4,道路用地(公共設施用地)
萬華區,雙園,3,875,0,公園用地(公共設施用地)
萬華區,雙園,3,875,1,道路用地(公共設施用地)
萬華區,雙園,3,876,0,第三種住宅區
萬華區,雙園,3,876,1,道路用地(公共設施用地)
萬華區,雙園,3,877,0,第三種住宅區
萬華區,雙園,3,877,1,道路用地(公共設施用地)
萬華區,雙園,3,878,0,第三種住宅區
萬華區,雙園,3,879,0,第三種住宅區
萬華區,雙園,3,880,0,道路用地(公共設施用地)
萬華區,雙園,3,881,0,道路用地(公共設施用地)
萬華區,雙園,3,881,1,第三種住宅區
萬華區,雙園,3,882,0,道路用地(公共設施用地)
萬華區,雙園,3,882,3,道路用地(公共設施用地)
萬華區,雙園,3,882,4,道路用地(公共設施用地)
萬華區,雙園,3,882,5,第三種住宅區
萬華區,雙園,3,882,6,第三種住宅區
萬華區,雙園,3,882,7,道路用地(公共設施用地)
萬華區,雙園,3,883,0,第三種住宅區
萬華區,雙園,3,885,1,第三種住宅區
萬華區,雙園,3,885,2,道路用地(公共設施用地)
萬華區,雙園,3,885,6,第三種住宅區
萬華區,雙園,3,885,7,道路用地(公共設施用地)
萬華區,雙園,3,885,11,第三種住宅區
萬華區,雙園,3,885,12,第三種住宅區
萬華區,雙園,3,885,13,第三種住宅區
萬華區,雙園,3,885,14,第三種住宅區
萬華區,雙園,3,885,15,第三種住宅區
萬華區,雙園,3,886,0,第三種住宅區
萬華區,雙園,3,886,1,道路用地(公共設施用地)
萬華區,雙園,3,886,3,道路用地(公共設施用地)
萬華區,雙園,3,886,4,第三種住宅區
萬華區,雙園,3,886,5,第三種住宅區
萬華區,雙園,3,886,6,道路用地(公共設施用地)
萬華區,雙園,3,887,0,第三種住宅區
萬華區,雙園,3,887,1,道路用地(公共設施用地)
萬華區,雙園,3,888,0,第三種住宅區
萬華區,雙園,3,888,1,道路用地(公共設施用地)
萬華區,雙園,3,889,1,道路用地(公共設施用地)
萬華區,雙園,3,890,0,第三種住宅區
萬華區,雙園,3,890,1,"道路用地(公共設施用地),但是否在第三種住宅區(應依建築線或俟地籍測量分割後,再確定)"
萬華區,雙園,3,891,0,第三種住宅區
萬華區,雙園,3,891,1,道路用地(公共設施用地)
萬華區,雙園,3,892,0,第三種住宅區
萬華區,雙園,3,892,1,第三種住宅區
萬華區,雙園,3,893,0,第三種住宅區
萬華區,雙園,3,893,1,第三種住宅區
萬華區,雙園,3,893,2,第三種住宅區
萬華區,雙園,3,893,3,第三種住宅區
萬華區,雙園,3,893,4,第三種住宅區
萬華區,雙園,3,893,5,第三種住宅區
萬華區,雙園,3,893,6,第三種住宅區
萬華區,雙園,3,901,1,道路用地(公共設施用地)
萬華區,雙園,3,902,0,第三種住宅區
萬華區,雙園,3,902,1,道路用地(公共設施用地)
萬華區,雙園,3,903,0,第三種住宅區
萬華區,雙園,3,903,1,道路用地(公共設施用地)
萬華區,雙園,3,904,0,第三種住宅區
萬華區,雙園,3,904,1,道路用地(公共設施用地)
萬華區,雙園,3,905,0,第三種住宅區
萬華區,雙園,3,906,0,第三種住宅區
萬華區,雙園,3,907,0,第三種住宅區
萬華區,雙園,3,908,0,第三種住宅區
萬華區,雙園,3,909,0,第三種住宅區
萬華區,雙園,3,910,0,第三種住宅區
萬華區,雙園,3,911,0,第三種住宅區
萬華區,雙園,3,913,0,第三種住宅區
萬華區,雙園,3,913,1,第三種住宅區
萬華區,雙園,3,913,2,第三種住宅區
萬華區,雙園,3,913,3,第三種住宅區
萬華區,雙園,3,913,4,第三種住宅區
萬華區,雙園,3,913,5,第三種住宅區
萬華區,雙園,3,913,6,第三種住宅區
萬華區,雙園,3,913,7,第三種住宅區
萬華區,雙園,3,913,8,第三種住宅區
萬華區,雙園,3,913,9,第三種住宅區
萬華區,雙園,3,913,10,第三種住宅區
萬華區,雙園,3,913,11,第三種住宅區
萬華區,雙園,3,913,12,第三種住宅區
萬華區,雙園,3,914,0,第三種住宅區
萬華區,雙園,3,915,0,第三種住宅區
萬華區,雙園,3,916,0,第三種住宅區
萬華區,雙園,3,917,0,第三種住宅區
萬華區,雙園,3,918,0,第三種住宅區
萬華區,雙園,3,919,0,第三種住宅區
萬華區,雙園,3,920,0,第三種住宅區
萬華區,雙園,3,921,0,第三種住宅區
萬華區,雙園,3,922,0,第三種住宅區
萬華區,雙園,3,922,1,道路用地(公共設施用地)
萬華區,雙園,3,923,0,第三種住宅區
萬華區,雙園,3,923,1,道路用地(公共設施用地)
萬華區,雙園,3,924,0,第三種住宅區
萬華區,雙園,3,924,1,道路用地(公共設施用地)
萬華區,雙園,3,925,0,第三種住宅區
萬華區,雙園,3,926,0,第三種住宅區
萬華區,雙園,3,927,0,第三種住宅區
萬華區,雙園,3,928,0,第三種住宅區
萬華區,雙園,3,929,0,第三種住宅區
萬華區,雙園,3,930,0,第三種住宅區
萬華區,雙園,3,931,0,第三種住宅區
萬華區,雙園,3,932,0,第三種住宅區
萬華區,雙園,3,933,0,第三種住宅區
萬華區,雙園,3,934,0,第三種住宅區
萬華區,雙園,3,935,0,第三種住宅區
萬華區,雙園,3,936,0,道路用地(公共設施用地)
萬華區,雙園,3,936,1,第三種住宅區
萬華區,雙園,3,936,2,道路用地(公共設施用地)
萬華區,雙園,3,937,0,道路用地(公共設施用地)
萬華區,雙園,3,938,0,"第三種住宅區,但是否在道路用地(公共設施用地)(應依建築線或俟地籍測量分割後,再確定)"
萬華區,雙園,3,939,0,道路用地(公共設施用地)
萬華區,雙園,3,940,0,道路用地(公共設施用地)
萬華區,雙園,3,941,0,道路用地(公共設施用地)
萬華區,雙園,3,942,0,道路用地(公共設施用地)
萬華區,雙園,3,943,0,道路用地(公共設施用地)
萬華區,雙園,3,943,1,道路用地(公共設施用地)
萬華區,雙園,3,944,0,道路用地(公共設施用地)
萬華區,雙園,3,945,0,"道路用地(公共設施用地),但是否在第三種住宅區(應依建築線或俟地籍測量分割後,再確定)"
萬華區,雙園,3,946,0,道路用地(公共設施用地)
萬華區,雙園,3,947,0,道路用地(公共設施用地)
萬華區,雙園,3,948,0,道路用地(公共設施用地)
萬華區,雙園,3,949,0,道路用地(公共設施用地)
萬華區,雙園,3,949,1,道路用地(公共設施用地)
萬華區,雙園,3,950,0,道路用地(公共設施用地)
萬華區,雙園,3,951,0,道路用地(公共設施用地)
萬華區,雙園,3,952,0,道路用地(公共設施用地)
萬華區,雙園,3,952,1,道路用地(公共設施用地)
萬華區,雙園,3,953,0,道路用地(公共設施用地)
萬華區,雙園,3,953,1,道路用地(公共設施用地)
萬華區,雙園,3,954,0,道路用地(公共設施用地)
萬華區,雙園,3,954,1,道路用地(公共設施用地)
萬華區,雙園,3,955,0,第三種住宅區
萬華區,雙園,3,956,0,道路用地(公共設施用地)
萬華區,雙園,3,957,0,道路用地(公共設施用地)
