districtNew,sectionNew,subsectionNew,landNumberNew,districtOld,sectionOld,subsectionOld,landNumberOld
北投區,八仙,一,10,北投區,石牌,,354-4
北投區,八仙,一,100,北投區,石牌,,350
北投區,八仙,一,101,北投區,石牌,,349
北投區,八仙,一,102,北投區,石牌,,348-1
北投區,八仙,一,103,北投區,石牌,,353
北投區,八仙,一,104,北投區,石牌,,347
北投區,八仙,一,105,北投區,石牌,,333-1
北投區,八仙,一,105-1,北投區,石牌,,333-1
北投區,八仙,一,105-2,北投區,石牌,,333-1
北投區,八仙,一,106,北投區,石牌,,334-7
北投區,八仙,一,107,北投區,石牌,,334-3
北投區,八仙,一,108,北投區,石牌,,335-3
北投區,八仙,一,109,北投區,石牌,,334-2
北投區,八仙,一,11,北投區,石牌,,354-11
北投區,八仙,一,110,北投區,石牌,,336-2
北投區,八仙,一,111,北投區,石牌,,333-2
北投區,八仙,一,111-1,北投區,石牌,,333-2
北投區,八仙,一,112,北投區,石牌,,345
北投區,八仙,一,113,北投區,石牌,,344
北投區,八仙,一,114,北投區,石牌,,340-6
北投區,八仙,一,115,北投區,石牌,,340-7
北投區,八仙,一,116,北投區,石牌,,340-8
北投區,八仙,一,117,北投區,石牌,,339-5
北投區,八仙,一,118,北投區,石牌,,340-4
北投區,八仙,一,119,北投區,石牌,,340-9
北投區,八仙,一,12,北投區,石牌,,331
北投區,八仙,一,120,北投區,石牌,,340-11
北投區,八仙,一,121,北投區,石牌,,342
北投區,八仙,一,122,北投區,石牌,,343
北投區,八仙,一,123,北投區,石牌,,396-1
北投區,八仙,一,124,北投區,石牌,,396-3
北投區,八仙,一,124-1,北投區,石牌,,396-3
北投區,八仙,一,125,北投區,石牌,,396-2
北投區,八仙,一,125-1,北投區,石牌,,396-2
北投區,八仙,一,126,北投區,石牌,,399-15
北投區,八仙,一,127,北投區,石牌,,400-3
北投區,八仙,一,128,北投區,石牌,,399-12
北投區,八仙,一,129,北投區,石牌,,399-10
北投區,八仙,一,13,北投區,石牌,,354
北投區,八仙,一,130,北投區,石牌,,399-1
北投區,八仙,一,131,北投區,石牌,,399-2
北投區,八仙,一,132,北投區,石牌,,399-3
北投區,八仙,一,133,北投區,石牌,,399-7
北投區,八仙,一,134,北投區,石牌,,399-6
北投區,八仙,一,135,北投區,石牌,,399-4
北投區,八仙,一,136,北投區,石牌,,399-5
北投區,八仙,一,137,北投區,石牌,,398
北投區,八仙,一,138,北投區,石牌,,398-1
北投區,八仙,一,139,北投區,石牌,,398-2
北投區,八仙,一,14,北投區,石牌,,354-1
北投區,八仙,一,140,北投區,石牌,,398-3
北投區,八仙,一,141,北投區,石牌,,396
北投區,八仙,一,142,北投區,石牌,,398-6
北投區,八仙,一,143,北投區,石牌,,398-4
北投區,八仙,一,144,北投區,石牌,,398-5
北投區,八仙,一,145,北投區,石牌,,397
北投區,八仙,一,146,北投區,石牌,,443-15
北投區,八仙,一,147,北投區,石牌,,397-1
北投區,八仙,一,148,北投區,石牌,,397-2
北投區,八仙,一,149,北投區,石牌,,397-3
北投區,八仙,一,15,北投區,石牌,,354-2
北投區,八仙,一,150,北投區,石牌,,397-4
北投區,八仙,一,151,北投區,石牌,,397-9
北投區,八仙,一,152,北投區,石牌,,397-5
北投區,八仙,一,153,北投區,石牌,,397-6
北投區,八仙,一,154,北投區,石牌,,397-7
北投區,八仙,一,155,北投區,石牌,,397-8
北投區,八仙,一,156,北投區,石牌,,441-2
北投區,八仙,一,157,北投區,石牌,,441-1
北投區,八仙,一,158,北投區,石牌,,441-5
北投區,八仙,一,159,北投區,石牌,,441-6
北投區,八仙,一,16,北投區,石牌,,354-3
北投區,八仙,一,160,北投區,石牌,,441-10
北投區,八仙,一,161,北投區,石牌,,440-1
北投區,八仙,一,162,北投區,石牌,,440-3
北投區,八仙,一,163,北投區,石牌,,440-2
北投區,八仙,一,164,北投區,石牌,,441
北投區,八仙,一,165,北投區,石牌,,440
北投區,八仙,一,166,北投區,石牌,,441-7
北投區,八仙,一,167,北投區,石牌,,441-8
北投區,八仙,一,168,北投區,石牌,,439
北投區,八仙,一,169,北投區,石牌,,443-1
北投區,八仙,一,17,北投區,石牌,,355
北投區,八仙,一,170,北投區,石牌,,441-4
北投區,八仙,一,171,北投區,石牌,,441-3
北投區,八仙,一,175,北投區,石牌,,398-8
北投區,八仙,一,176,北投區,石牌,,398-10
北投區,八仙,一,177,北投區,石牌,,443-14
北投區,八仙,一,178,北投區,石牌,,437-6
北投區,八仙,一,179,北投區,石牌,,437-4
北投區,八仙,一,18,北投區,石牌,,354-5
北投區,八仙,一,180,北投區,石牌,,437
北投區,八仙,一,181,北投區,石牌,,443-13
北投區,八仙,一,184,北投區,石牌,,443-2
北投區,八仙,一,185,北投區,石牌,,399-9
北投區,八仙,一,186,北投區,石牌,,399-8
北投區,八仙,一,188,北投區,石牌,,443-10
北投區,八仙,一,19,北投區,石牌,,354-10
北投區,八仙,一,191,北投區,石牌,,443-9
北投區,八仙,一,193,北投區,石牌,,443-11
北投區,八仙,一,194,北投區,石牌,,436
北投區,八仙,一,195,北投區,石牌,,434-2
北投區,八仙,一,197,北投區,石牌,,434
北投區,八仙,一,198,北投區,石牌,,443-7
北投區,八仙,一,2,北投區,石牌,,329-5
北投區,八仙,一,20,北投區,石牌,,356
北投區,八仙,一,200,北投區,石牌,,443-5
北投區,八仙,一,201,北投區,石牌,,403-58
北投區,八仙,一,203,北投區,石牌,,403-10
北投區,八仙,一,204,北投區,石牌,,403-11
北投區,八仙,一,205,北投區,石牌,,405
北投區,八仙,一,206,北投區,石牌,,403-13
北投區,八仙,一,207,北投區,石牌,,403-12
北投區,八仙,一,208,北投區,石牌,,404
北投區,八仙,一,209,北投區,石牌,,403-14
北投區,八仙,一,21,北投區,石牌,,354-6
北投區,八仙,一,210,北投區,石牌,,403-52
北投區,八仙,一,210-1,北投區,石牌,,403-52
北投區,八仙,一,211,北投區,石牌,,403-15
北投區,八仙,一,212,北投區,石牌,,403-17
北投區,八仙,一,213,北投區,石牌,,403-60
北投區,八仙,一,214,北投區,石牌,,407-3
北投區,八仙,一,215,北投區,石牌,,403-16
北投區,八仙,一,216,北投區,石牌,,406
北投區,八仙,一,217,北投區,石牌,,403-24
北投區,八仙,一,218,北投區,石牌,,403-31
北投區,八仙,一,22,北投區,石牌,,354-8
北投區,八仙,一,220,北投區,石牌,,443-3
北投區,八仙,一,222,北投區,石牌,,443-17
北投區,八仙,一,223,北投區,石牌,,431-6
北投區,八仙,一,225,北投區,石牌,,431-1
北投區,八仙,一,226,北投區,石牌,,432
北投區,八仙,一,227,北投區,石牌,,433
北投區,八仙,一,228,北投區,石牌,,462-4
北投區,八仙,一,228-1,北投區,石牌,,462-4
北投區,八仙,一,229,北投區,石牌,,470-3
北投區,八仙,一,23,北投區,石牌,,354-7
北投區,八仙,一,230,北投區,石牌,,470-1
北投區,八仙,一,231,北投區,石牌,,471-2
北投區,八仙,一,232,北投區,石牌,,469
北投區,八仙,一,233,北投區,石牌,,462-2
北投區,八仙,一,233-1,北投區,石牌,,462-2
北投區,八仙,一,234,北投區,石牌,,461-5
北投區,八仙,一,235,北投區,石牌,,468-2
北投區,八仙,一,236,北投區,石牌,,467
北投區,八仙,一,237,北投區,石牌,,466
北投區,八仙,一,238,北投區,石牌,,461-1
北投區,八仙,一,239,北投區,石牌,,461-3
北投區,八仙,一,24,北投區,石牌,,354-9
北投區,八仙,一,240,北投區,石牌,,461-2
北投區,八仙,一,241,北投區,石牌,,463
北投區,八仙,一,242,北投區,石牌,,462
北投區,八仙,一,243,北投區,石牌,,464
北投區,八仙,一,244,北投區,石牌,,465
北投區,八仙,一,245,北投區,石牌,,437-1
北投區,八仙,一,246,北投區,石牌,,437-5
北投區,八仙,一,247,北投區,石牌,,437-8
北投區,八仙,一,248,北投區,石牌,,437-2
北投區,八仙,一,249,北投區,石牌,,459
北投區,八仙,一,25,北投區,石牌,,356-1
北投區,八仙,一,250,北投區,石牌,,437-9
北投區,八仙,一,251,北投區,石牌,,437-3
北投區,八仙,一,252,北投區,石牌,,438
北投區,八仙,一,253,北投區,石牌,,437-7
北投區,八仙,一,254,北投區,石牌,,443
北投區,八仙,一,255,北投區,石牌,,442-3
北投區,八仙,一,256,北投區,石牌,,442
北投區,八仙,一,257,北投區,石牌,,444
北投區,八仙,一,258,北投區,石牌,,445
北投區,八仙,一,259,北投區,石牌,,442-5
北投區,八仙,一,26,北投區,石牌,,356-2
北投區,八仙,一,260,北投區,石牌,,442-4
北投區,八仙,一,261,北投區,石牌,,442-2
北投區,八仙,一,262,北投區,石牌,,442-1
北投區,八仙,一,263,北投區,石牌,,447-2
北投區,八仙,一,264,北投區,石牌,,447-1
北投區,八仙,一,265,北投區,石牌,,447
北投區,八仙,一,266,北投區,石牌,,448
北投區,八仙,一,267,北投區,石牌,,449
北投區,八仙,一,268,北投區,石牌,,450
北投區,八仙,一,269,北投區,石牌,,451
北投區,八仙,一,27,北投區,石牌,,357-1
北投區,八仙,一,270,北投區,石牌,,455
北投區,八仙,一,271,北投區,石牌,,457-1
北投區,八仙,一,272,北投區,石牌,,456
北投區,八仙,一,273,北投區,石牌,,457
北投區,八仙,一,274,北投區,石牌,,458
北投區,八仙,一,275,北投區,石牌,,454
北投區,八仙,一,276,北投區,石牌,,453
北投區,八仙,一,277,北投區,石牌,,452
北投區,八仙,一,278,北投區,石牌,,504
北投區,八仙,一,279,北投區,石牌,,503
北投區,八仙,一,28,北投區,石牌,,357
北投區,八仙,一,280,北投區,石牌,,499
北投區,八仙,一,281,北投區,石牌,,498
北投區,八仙,一,282,北投區,石牌,,500
北投區,八仙,一,283,北投區,石牌,,501
北投區,八仙,一,284,北投區,石牌,,530-8
北投區,八仙,一,285,北投區,石牌,,497
北投區,八仙,一,286,北投區,石牌,,492-3
北投區,八仙,一,287,北投區,石牌,,496
北投區,八仙,一,288,北投區,石牌,,495
北投區,八仙,一,289,北投區,石牌,,495-1
北投區,八仙,一,29,北投區,石牌,,358
北投區,八仙,一,290,北投區,石牌,,494
北投區,八仙,一,291,北投區,石牌,,492-2
北投區,八仙,一,292,北投區,石牌,,492-1
北投區,八仙,一,293,北投區,石牌,,492
北投區,八仙,一,294,北投區,石牌,,462-1
北投區,八仙,一,295,北投區,石牌,,491
北投區,八仙,一,296,北投區,石牌,,486-1
北投區,八仙,一,297,北投區,石牌,,486-3
北投區,八仙,一,298,北投區,石牌,,487-4
北投區,八仙,一,299,北投區,石牌,,490
北投區,八仙,一,3,北投區,石牌,,329-4
北投區,八仙,一,30,北投區,石牌,,359
北投區,八仙,一,300,北投區,石牌,,489-2
北投區,八仙,一,301,北投區,石牌,,530-11
北投區,八仙,一,301-1,北投區,石牌,,530-11
北投區,八仙,一,302,北投區,石牌,,540-2
北投區,八仙,一,303,北投區,石牌,,539-2
北投區,八仙,一,304,北投區,石牌,,539-1
北投區,八仙,一,305,北投區,石牌,,538
北投區,八仙,一,306,北投區,石牌,,537
北投區,八仙,一,307,北投區,石牌,,541-2
北投區,八仙,一,308,北投區,石牌,,541-6
北投區,八仙,一,309,北投區,石牌,,545-3
北投區,八仙,一,31,北投區,石牌,,360-4
北投區,八仙,一,310,北投區,石牌,,545-2
北投區,八仙,一,311,北投區,石牌,,544
北投區,八仙,一,312,北投區,石牌,,543
北投區,八仙,一,313,北投區,石牌,,542
北投區,八仙,一,314,北投區,石牌,,531
北投區,八仙,一,315,北投區,石牌,,532
北投區,八仙,一,316,北投區,石牌,,533
北投區,八仙,一,317,北投區,石牌,,534-2
北投區,八仙,一,318,北投區,石牌,,534-1
北投區,八仙,一,319,北投區,石牌,,534
北投區,八仙,一,32,北投區,石牌,,360-3
北投區,八仙,一,320,北投區,石牌,,535
北投區,八仙,一,321,北投區,石牌,,536
北投區,八仙,一,322,北投區,石牌,,538-1
北投區,八仙,一,323,北投區,石牌,,530-10
北投區,八仙,一,324,北投區,石牌,,506
北投區,八仙,一,325,北投區,石牌,,507
北投區,八仙,一,326,北投區,石牌,,508
北投區,八仙,一,327,北投區,石牌,,509
北投區,八仙,一,328,北投區,石牌,,505
北投區,八仙,一,329,北投區,石牌,,510
北投區,八仙,一,33,北投區,石牌,,360-2
北投區,八仙,一,330,北投區,石牌,,511
北投區,八仙,一,331,北投區,石牌,,512
北投區,八仙,一,332,北投區,石牌,,513
北投區,八仙,一,333,北投區,石牌,,514
北投區,八仙,一,334,北投區,石牌,,515
北投區,八仙,一,335,北投區,石牌,,516
北投區,八仙,一,336,北投區,石牌,,530-7
北投區,八仙,一,337,北投區,石牌,,518
北投區,八仙,一,338,北投區,石牌,,519
北投區,八仙,一,339,北投區,石牌,,519-1
北投區,八仙,一,34,北投區,石牌,,360-1
北投區,八仙,一,340,北投區,石牌,,519-2
北投區,八仙,一,341,北投區,石牌,,519-3
北投區,八仙,一,342,北投區,石牌,,530-6
北投區,八仙,一,343,北投區,石牌,,530-4
北投區,八仙,一,344,北投區,石牌,,517
北投區,八仙,一,345,北投區,石牌,,525
北投區,八仙,一,346,北投區,石牌,,527
北投區,八仙,一,347,北投區,石牌,,529
北投區,八仙,一,348,北投區,石牌,,528
北投區,八仙,一,349,北投區,石牌,,529-1
北投區,八仙,一,35,北投區,石牌,,361
北投區,八仙,一,350,北投區,石牌,,530-2
北投區,八仙,一,351,北投區,石牌,,530-1
北投區,八仙,一,351-1,北投區,石牌,,530-1
北投區,八仙,一,351-2,北投區,石牌,,530-1
北投區,八仙,一,352,北投區,石牌,,530
北投區,八仙,一,353,北投區,石牌,,530-3
北投區,八仙,一,354,北投區,石牌,,522-1
北投區,八仙,一,355,北投區,石牌,,522-2
北投區,八仙,一,356,北投區,石牌,,524
北投區,八仙,一,357,北投區,石牌,,522-3
北投區,八仙,一,358,北投區,石牌,,523
北投區,八仙,一,359,北投區,石牌,,522-5
北投區,八仙,一,36,北投區,石牌,,360
北投區,八仙,一,360,北投區,石牌,,522-4
北投區,八仙,一,361,北投區,石牌,,521
北投區,八仙,一,362,北投區,石牌,,522-9
北投區,八仙,一,363,北投區,石牌,,522-8
北投區,八仙,一,364,北投區,石牌,,522-7
北投區,八仙,一,365,北投區,石牌,,522-6
北投區,八仙,一,366,北投區,石牌,,522
北投區,八仙,一,367,北投區,石牌,,594-1
北投區,八仙,一,368,北投區,石牌,,595
北投區,八仙,一,369,北投區,石牌,,596-1
北投區,八仙,一,37,北投區,石牌,,373-1
北投區,八仙,一,370,北投區,石牌,,597
北投區,八仙,一,371,北投區,石牌,,600-9
北投區,八仙,一,372,北投區,石牌,,600-10
北投區,八仙,一,373,北投區,石牌,,600-6
北投區,八仙,一,374,北投區,石牌,,600-7
北投區,八仙,一,375,北投區,石牌,,600-8
北投區,八仙,一,376,北投區,石牌,,600-5
北投區,八仙,一,377,北投區,石牌,,600-4
北投區,八仙,一,378,北投區,石牌,,600-14
北投區,八仙,一,379,北投區,石牌,,600-3
北投區,八仙,一,38,北投區,石牌,,362
北投區,八仙,一,380,北投區,石牌,,600-1
北投區,八仙,一,381,北投區,石牌,,600-2
北投區,八仙,一,382,北投區,石牌,,600-15
北投區,八仙,一,383,北投區,石牌,,600-16
北投區,八仙,一,384,北投區,石牌,,600-17
北投區,八仙,一,385,北投區,石牌,,600-18
北投區,八仙,一,386,北投區,石牌,,600-19
北投區,八仙,一,387,北投區,石牌,,600-12
北投區,八仙,一,388,北投區,石牌,,600-13
北投區,八仙,一,389,北投區,石牌,,600-11
北投區,八仙,一,39,北投區,石牌,,363
北投區,八仙,一,390,北投區,石牌,,601-1
北投區,八仙,一,391,北投區,石牌,,520-11
北投區,八仙,一,392,北投區,石牌,,530-5
北投區,八仙,一,393,北投區,石牌,,520
北投區,八仙,一,394,北投區,石牌,,520-1
北投區,八仙,一,395,北投區,石牌,,520-5
北投區,八仙,一,396,北投區,石牌,,520-2
北投區,八仙,一,397,北投區,石牌,,520-7
北投區,八仙,一,398,北投區,石牌,,520-6
北投區,八仙,一,399,北投區,石牌,,520-3
北投區,八仙,一,4,北投區,石牌,,329-2
北投區,八仙,一,40,北投區,石牌,,363-1
北投區,八仙,一,400,北投區,石牌,,520-4
北投區,八仙,一,401,北投區,石牌,,520-8
北投區,八仙,一,402,北投區,石牌,,520-13
北投區,八仙,一,403,北投區,石牌,,520-12
北投區,八仙,一,403-1,北投區,石牌,,520-12
北投區,八仙,一,404,北投區,石牌,,520-14
北投區,八仙,一,405,北投區,石牌,,668-6
北投區,八仙,一,41,北投區,石牌,,364
北投區,八仙,一,417,北投區,石牌,,673-42
北投區,八仙,一,419,北投區,石牌,,673-58
北投區,八仙,一,42,北投區,石牌,,366
北投區,八仙,一,420,北投區,石牌,,673-31
北投區,八仙,一,43,北投區,石牌,,367
北投區,八仙,一,44,北投區,石牌,,368
北投區,八仙,一,45,北投區,石牌,,371
北投區,八仙,一,46,北投區,石牌,,372
北投區,八仙,一,47,北投區,石牌,,373
北投區,八仙,一,48,北投區,石牌,,373-2
北投區,八仙,一,49,北投區,石牌,,373-3
北投區,八仙,一,5,北投區,石牌,,333
北投區,八仙,一,50,北投區,石牌,,374-1
北投區,八仙,一,51,北投區,石牌,,374
北投區,八仙,一,52,北投區,石牌,,375-1
北投區,八仙,一,53,北投區,石牌,,375
北投區,八仙,一,54,北投區,石牌,,376-2
北投區,八仙,一,55,北投區,石牌,,376-1
北投區,八仙,一,56,北投區,石牌,,377-2
北投區,八仙,一,57,北投區,石牌,,377-1
北投區,八仙,一,58,北投區,石牌,,377
北投區,八仙,一,59,北投區,石牌,,377-3
北投區,八仙,一,6,北投區,石牌,,332
北投區,八仙,一,60,北投區,石牌,,377-4
北投區,八仙,一,61,北投區,石牌,,376
北投區,八仙,一,62,北投區,石牌,,358-1
北投區,八仙,一,63,北投區,石牌,,382
北投區,八仙,一,64,北投區,石牌,,382-1
北投區,八仙,一,65,北投區,石牌,,384
北投區,八仙,一,66,北投區,石牌,,384-1
北投區,八仙,一,67,北投區,石牌,,385
北投區,八仙,一,68,北投區,石牌,,386
北投區,八仙,一,69,北投區,石牌,,387
北投區,八仙,一,7,北投區,石牌,,332-2
北投區,八仙,一,70,北投區,石牌,,387-1
北投區,八仙,一,71,北投區,石牌,,388
北投區,八仙,一,72,北投區,石牌,,388-1
北投區,八仙,一,73,北投區,石牌,,388-2
北投區,八仙,一,74,北投區,石牌,,388-3
北投區,八仙,一,75,北投區,石牌,,388-4
北投區,八仙,一,76,北投區,石牌,,389
北投區,八仙,一,77,北投區,石牌,,390
北投區,八仙,一,78,北投區,石牌,,391
北投區,八仙,一,79,北投區,石牌,,391-1
北投區,八仙,一,8,北投區,石牌,,332-1
北投區,八仙,一,80,北投區,石牌,,391-2
北投區,八仙,一,81,北投區,石牌,,392
北投區,八仙,一,82,北投區,石牌,,393
北投區,八仙,一,83,北投區,石牌,,394
北投區,八仙,一,84,北投區,石牌,,394-1
北投區,八仙,一,85,北投區,石牌,,385-2
北投區,八仙,一,86,北投區,石牌,,385-1
北投區,八仙,一,87,北投區,石牌,,395
北投區,八仙,一,88,北投區,石牌,,396-4
北投區,八仙,一,89,北投區,石牌,,358-4
北投區,八仙,一,9,北投區,石牌,,358-5
北投區,八仙,一,90,北投區,石牌,,358-2
北投區,八仙,一,91,北投區,石牌,,358-3
北投區,八仙,一,92,北投區,石牌,,352
北投區,八仙,一,93,北投區,石牌,,351-3
北投區,八仙,一,94,北投區,石牌,,351-4
北投區,八仙,一,95,北投區,石牌,,351-2
北投區,八仙,一,98,北投區,石牌,,346
北投區,八仙,一,99,北投區,石牌,,348
北投區,八仙,二,10,北投區,唭哩岸,,563-11
北投區,八仙,二,100,北投區,唭哩岸,,594-4
北投區,八仙,二,101,北投區,唭哩岸,,594-16
北投區,八仙,二,102,北投區,唭哩岸,,586-3
北投區,八仙,二,103,北投區,唭哩岸,,586-2
北投區,八仙,二,104,北投區,唭哩岸,,586-4
北投區,八仙,二,105,北投區,唭哩岸,,586
北投區,八仙,二,106,北投區,唭哩岸,,587
北投區,八仙,二,107,北投區,唭哩岸,,589
北投區,八仙,二,109,北投區,唭哩岸,,586-1
北投區,八仙,二,11,北投區,唭哩岸,,563-6
北投區,八仙,二,110,北投區,唭哩岸,,578-12
北投區,八仙,二,110-1,北投區,唭哩岸,,576-3
北投區,八仙,二,111,北投區,唭哩岸,,584-19
北投區,八仙,二,111-1,北投區,唭哩岸,,584-19
北投區,八仙,二,112,北投區,唭哩岸,,584
北投區,八仙,二,113,北投區,唭哩岸,,584-1
北投區,八仙,二,114,北投區,唭哩岸,,583-3
北投區,八仙,二,115,北投區,唭哩岸,,578-6
北投區,八仙,二,116,北投區,唭哩岸,,576-4
北投區,八仙,二,117,北投區,唭哩岸,,578-19
北投區,八仙,二,118,北投區,唭哩岸,,578-14
北投區,八仙,二,12,北投區,唭哩岸,,565
北投區,八仙,二,120,北投區,唭哩岸,,579-8
北投區,八仙,二,121,北投區,唭哩岸,,579-6
北投區,八仙,二,122,北投區,唭哩岸,,579-7
北投區,八仙,二,122-1,北投區,唭哩岸,,579-7
北投區,八仙,二,123,北投區,唭哩岸,,579-5
北投區,八仙,二,124,北投區,北投,,289-3
北投區,八仙,二,125,北投區,北投,,289-3
北投區,八仙,二,126,北投區,北投,,289-4
北投區,八仙,二,127,北投區,唭哩岸,,580-4
北投區,八仙,二,128,北投區,北投,,290-5
北投區,八仙,二,129,北投區,北投,,296-14
北投區,八仙,二,13,北投區,唭哩岸,,564
北投區,八仙,二,130,北投區,北投,,296-1
北投區,八仙,二,131,北投區,北投,,296-4
北投區,八仙,二,132,北投區,北投,,296-13
北投區,八仙,二,134,北投區,北投,,296-12
北投區,八仙,二,135,北投區,北投,,296-11
北投區,八仙,二,137,北投區,北投,,293-8
北投區,八仙,二,138,北投區,北投,,293-6
北投區,八仙,二,139,北投區,北投,,293-3
北投區,八仙,二,14,北投區,唭哩岸,,563-9
北投區,八仙,二,140,北投區,北投,,293
北投區,八仙,二,141,北投區,北投,,295
北投區,八仙,二,142,北投區,北投,,294-5
北投區,八仙,二,143,北投區,北投,,294-7
北投區,八仙,二,144,北投區,北投,,293-13
北投區,八仙,二,145,北投區,北投,,293-4
北投區,八仙,二,146,北投區,北投,,294-4
北投區,八仙,二,147,北投區,北投,,294
北投區,八仙,二,148,北投區,北投,,294-2
北投區,八仙,二,149,北投區,北投,,293-2
北投區,八仙,二,15,北投區,唭哩岸,,563-5
北投區,八仙,二,150,北投區,北投,,275-3
北投區,八仙,二,151,北投區,北投,,275-1
北投區,八仙,二,152,北投區,北投,,276-1
北投區,八仙,二,153,北投區,北投,,276-4
北投區,八仙,二,153-3,北投區,北投,,276-8
北投區,八仙,二,155,北投區,北投,,275-2
北投區,八仙,二,156,北投區,北投,,298-10
北投區,八仙,二,157,北投區,北投,,338-5
北投區,八仙,二,158,北投區,北投,,338-5
北投區,八仙,二,159,北投區,北投,,338-5
北投區,八仙,二,16,北投區,唭哩岸,,564-1
北投區,八仙,二,16-1,北投區,唭哩岸,,564-1
北投區,八仙,二,160,北投區,北投,,338-6
北投區,八仙,二,161,北投區,北投,,338-6
北投區,八仙,二,162,北投區,北投,,338-1
北投區,八仙,二,163,北投區,北投,,338
北投區,八仙,二,166,北投區,北投,,337-1
北投區,八仙,二,167,北投區,北投,,338-3
北投區,八仙,二,168,北投區,北投,,338-2
北投區,八仙,二,168-1,北投區,北投,,338-8
北投區,八仙,二,168-2,北投區,北投,,338-9
北投區,八仙,二,168-3,北投區,北投,,338-10
北投區,八仙,二,168-4,北投區,北投,,338-11
北投區,八仙,二,169,北投區,北投,,296-7
北投區,八仙,二,17,北投區,唭哩岸,,563-4
北投區,八仙,二,170,北投區,北投,,338-7
北投區,八仙,二,171,北投區,北投,,296-5
北投區,八仙,二,172,北投區,北投,,296-8
北投區,八仙,二,173,北投區,北投,,296-6
北投區,八仙,二,175,北投區,北投,,298-4
北投區,八仙,二,176,北投區,北投,,298-8
北投區,八仙,二,176-1,北投區,北投,,298-14
北投區,八仙,二,176-2,北投區,北投,,298-12
北投區,八仙,二,177,北投區,北投,,298-3
北投區,八仙,二,178,北投區,北投,,298-2
北投區,八仙,二,179,北投區,北投,,298-1
北投區,八仙,二,18,北投區,唭哩岸,,563-2
北投區,八仙,二,180,北投區,北投,,296-2
北投區,八仙,二,181,北投區,北投,,289-2
北投區,八仙,二,181-1,北投區,北投,,289-2
北投區,八仙,二,182,北投區,北投,,289-1
北投區,八仙,二,183,北投區,北投,,298
北投區,八仙,二,184,北投區,北投,,297
北投區,八仙,二,185,北投區,北投,,298-5
北投區,八仙,二,186,北投區,北投,,298-6
北投區,八仙,二,187,北投區,唭哩岸,,582
北投區,八仙,二,188,北投區,唭哩岸,,581
北投區,八仙,二,189,北投區,唭哩岸,,583-1
北投區,八仙,二,19,北投區,唭哩岸,,563-1
北投區,八仙,二,190,北投區,唭哩岸,,583
北投區,八仙,二,191,北投區,唭哩岸,,583-2
北投區,八仙,二,192,北投區,唭哩岸,,583-4
北投區,八仙,二,193,北投區,唭哩岸,,583-5
北投區,八仙,二,194,北投區,唭哩岸,,583-7
北投區,八仙,二,195,北投區,唭哩岸,,583-9
北投區,八仙,二,196,北投區,唭哩岸,,584-15
北投區,八仙,二,197,北投區,唭哩岸,,584-2
北投區,八仙,二,198,北投區,唭哩岸,,584-3
北投區,八仙,二,199,北投區,唭哩岸,,584-4
北投區,八仙,二,2,北投區,唭哩岸,,560-4
北投區,八仙,二,20,北投區,唭哩岸,,562-4
北投區,八仙,二,200,北投區,唭哩岸,,584-17
北投區,八仙,二,201,北投區,唭哩岸,,585-3
北投區,八仙,二,202,北投區,唭哩岸,,585-2
北投區,八仙,二,203,北投區,唭哩岸,,585-1
北投區,八仙,二,204,北投區,唭哩岸,,585
北投區,八仙,二,206,北投區,唭哩岸,,585-12
北投區,八仙,二,207,北投區,唭哩岸,,598-2
北投區,八仙,二,208,北投區,唭哩岸,,598
北投區,八仙,二,209,北投區,唭哩岸,,598-1
北投區,八仙,二,21,北投區,唭哩岸,,562-5
北投區,八仙,二,210,北投區,唭哩岸,,598-3
北投區,八仙,二,210-1,北投區,唭哩岸,,598-14
北投區,八仙,二,211,北投區,唭哩岸,,599
北投區,八仙,二,212,北投區,唭哩岸,,600
北投區,八仙,二,213,北投區,唭哩岸,,603
北投區,八仙,二,214,北投區,唭哩岸,,601
北投區,八仙,二,215,北投區,唭哩岸,,602
北投區,八仙,二,216,北投區,唭哩岸,,603-1
北投區,八仙,二,217,北投區,唭哩岸,,603-6
北投區,八仙,二,218,北投區,唭哩岸,,603-3
北投區,八仙,二,219,北投區,唭哩岸,,603-2
北投區,八仙,二,22,北投區,唭哩岸,,562-3
北投區,八仙,二,220,北投區,唭哩岸,,607
北投區,八仙,二,223,北投區,唭哩岸,,608
北投區,八仙,二,224,北投區,唭哩岸,,609
北投區,八仙,二,225,北投區,唭哩岸,,612
北投區,八仙,二,226,北投區,唭哩岸,,612-1
北投區,八仙,二,227,北投區,唭哩岸,,612-2
北投區,八仙,二,228,北投區,唭哩岸,,613
北投區,八仙,二,229,北投區,唭哩岸,,613-1
北投區,八仙,二,23,北投區,唭哩岸,,562
北投區,八仙,二,230,北投區,唭哩岸,,611
北投區,八仙,二,231,北投區,唭哩岸,,610
北投區,八仙,二,232,北投區,唭哩岸,,630-1
北投區,八仙,二,233,北投區,唭哩岸,,614-4
北投區,八仙,二,234,北投區,唭哩岸,,614-3
北投區,八仙,二,235,北投區,唭哩岸,,614
北投區,八仙,二,236,北投區,唭哩岸,,633
北投區,八仙,二,236-1,北投區,唭哩岸,,632
北投區,八仙,二,237,北投區,唭哩岸,,631-1
北投區,八仙,二,238,北投區,唭哩岸,,631
北投區,八仙,二,239,北投區,唭哩岸,,630
北投區,八仙,二,239-1,北投區,唭哩岸,,629
北投區,八仙,二,24,北投區,唭哩岸,,566-8
北投區,八仙,二,241,北投區,唭哩岸,,614-2
北投區,八仙,二,245,北投區,唭哩岸,,614-8
北投區,八仙,二,246,北投區,唭哩岸,,614-10
北投區,八仙,二,247,北投區,唭哩岸,,615
北投區,八仙,二,247-1,北投區,唭哩岸,,615-1
北投區,八仙,二,248,北投區,唭哩岸,,616
北投區,八仙,二,251,北投區,唭哩岸,,617
北投區,八仙,二,252,北投區,唭哩岸,,618
北投區,八仙,二,253,北投區,唭哩岸,,618-2
北投區,八仙,二,254,北投區,唭哩岸,,618-1
北投區,八仙,二,255,北投區,唭哩岸,,618-3
北投區,八仙,二,256-1,北投區,唭哩岸,,626-4
北投區,八仙,二,257,北投區,唭哩岸,,619-5
北投區,八仙,二,257-1,北投區,唭哩岸,,619-2
北投區,八仙,二,257-2,北投區,唭哩岸,,619-9
北投區,八仙,二,257-3,北投區,唭哩岸,,619-16
北投區,八仙,二,258,北投區,唭哩岸,,623-2
北投區,八仙,二,259,北投區,唭哩岸,,626-3
北投區,八仙,二,26,北投區,唭哩岸,,566-12
北投區,八仙,二,263,北投區,唭哩岸,,626
北投區,八仙,二,264,北投區,唭哩岸,,627
北投區,八仙,二,266,北投區,唭哩岸,,627-1
北投區,八仙,二,267,北投區,唭哩岸,,628
北投區,八仙,二,268,北投區,唭哩岸,,628-1
北投區,八仙,二,269,北投區,唭哩岸,,628-2
北投區,八仙,二,27,北投區,唭哩岸,,566-6
北投區,八仙,二,270,北投區,唭哩岸,,628-3
北投區,八仙,二,271,北投區,唭哩岸,,628-4
北投區,八仙,二,272,北投區,唭哩岸,,606
北投區,八仙,二,273,北投區,唭哩岸,,605
北投區,八仙,二,274,北投區,唭哩岸,,604
北投區,八仙,二,275,北投區,唭哩岸,,603-14
北投區,八仙,二,275-1,北投區,唭哩岸,,603-13
北投區,八仙,二,275-2,北投區,唭哩岸,,603-4
北投區,八仙,二,276,北投區,唭哩岸,,619-8
北投區,八仙,二,277,北投區,唭哩岸,,625
北投區,八仙,二,278,北投區,唭哩岸,,624
北投區,八仙,二,279,北投區,唭哩岸,,619-13
北投區,八仙,二,28,北投區,唭哩岸,,566-2
北投區,八仙,二,280,北投區,唭哩岸,,619-11
北投區,八仙,二,281,北投區,唭哩岸,,619-10
北投區,八仙,二,282,北投區,唭哩岸,,619
北投區,八仙,二,283,北投區,唭哩岸,,622
北投區,八仙,二,283-1,北投區,唭哩岸,,622-2
北投區,八仙,二,284,北投區,唭哩岸,,621
北投區,八仙,二,284-1,北投區,唭哩岸,,621-1
北投區,八仙,二,285,北投區,唭哩岸,,619-3
北投區,八仙,二,286,北投區,唭哩岸,,619-4
北投區,八仙,二,287,北投區,唭哩岸,,619-7
北投區,八仙,二,287-1,北投區,唭哩岸,,620
北投區,八仙,二,287-2,北投區,唭哩岸,,619-6
北投區,八仙,二,287-3,北投區,唭哩岸,,619-17
北投區,八仙,二,287-4,北投區,唭哩岸,,620-1
北投區,八仙,二,289,北投區,北投,,305-5
北投區,八仙,二,29,北投區,唭哩岸,,566-5
北投區,八仙,二,290,北投區,北投,,305-3
北投區,八仙,二,291,北投區,北投,,305-4
北投區,八仙,二,292,北投區,北投,,305-2
北投區,八仙,二,293,北投區,北投,,305-1
北投區,八仙,二,294,北投區,北投,,305
北投區,八仙,二,295,北投區,北投,,304
北投區,八仙,二,296,北投區,北投,,303
北投區,八仙,二,297,北投區,北投,,303-1
北投區,八仙,二,298,北投區,北投,,303-18
北投區,八仙,二,299,北投區,北投,,303-2
北投區,八仙,二,3,北投區,唭哩岸,,561-2
北投區,八仙,二,30,北投區,唭哩岸,,566-7
北投區,八仙,二,300,北投區,北投,,303-3
北投區,八仙,二,301,北投區,北投,,303-21
北投區,八仙,二,302,北投區,北投,,303-68
北投區,八仙,二,303,北投區,北投,,303-5
北投區,八仙,二,304,北投區,北投,,303-22
北投區,八仙,二,305,北投區,北投,,303-24
北投區,八仙,二,306,北投區,北投,,303-27
北投區,八仙,二,307,北投區,北投,,303-61
北投區,八仙,二,308,北投區,北投,,303-65
北投區,八仙,二,309,北投區,北投,,303-66
北投區,八仙,二,31,北投區,唭哩岸,,567
北投區,八仙,二,310,北投區,北投,,303-69
北投區,八仙,二,310-1,北投區,北投,,303-6
北投區,八仙,二,311,北投區,北投,,303-3071
北投區,八仙,二,311-1,北投區,北投,,303-64
北投區,八仙,二,312,北投區,北投,,303-37
北投區,八仙,二,313,北投區,北投,,303-47
北投區,八仙,二,313-1,北投區,北投,,303-49
北投區,八仙,二,314,北投區,北投,,303-25
北投區,八仙,二,315,北投區,北投,,303-35
北投區,八仙,二,316,北投區,北投,,303-36
北投區,八仙,二,317,北投區,北投,,303-60
北投區,八仙,二,318,北投區,北投,,303-13
北投區,八仙,二,319,北投區,北投,,303-15
北投區,八仙,二,32,北投區,唭哩岸,,567-2
北投區,八仙,二,32-1,北投區,唭哩岸,,567-2
北投區,八仙,二,320,北投區,北投,,303-16
北投區,八仙,二,321,北投區,北投,,303-38
北投區,八仙,二,322,北投區,北投,,303-50
北投區,八仙,二,323,北投區,北投,,303-53
北投區,八仙,二,324,北投區,北投,,303-54
北投區,八仙,二,325,北投區,北投,,303-32
北投區,八仙,二,326,北投區,北投,,303-55
北投區,八仙,二,327,北投區,北投,,303-42
北投區,八仙,二,328,北投區,北投,,303-56
北投區,八仙,二,329,北投區,北投,,303-59
北投區,八仙,二,33,北投區,唭哩岸,,569-10
北投區,八仙,二,330,北投區,北投,,303-44
北投區,八仙,二,331,北投區,北投,,303-62
北投區,八仙,二,332,北投區,北投,,303-12
北投區,八仙,二,333,北投區,北投,,303-57
北投區,八仙,二,334,北投區,北投,,303-28
北投區,八仙,二,335,北投區,北投,,303-11
北投區,八仙,二,336,北投區,北投,,303-29
北投區,八仙,二,337,北投區,北投,,303-14
北投區,八仙,二,338,北投區,北投,,303-17
北投區,八仙,二,339,北投區,北投,,303-34
北投區,八仙,二,340,北投區,北投,,301-1
北投區,八仙,二,341,北投區,北投,,301
北投區,八仙,二,342,北投區,北投,,303-11
北投區,八仙,二,343,北投區,北投,,303-10
北投區,八仙,二,344,北投區,北投,,303-9
北投區,八仙,二,345,北投區,北投,,303-7
北投區,八仙,二,346,北投區,北投,,303-8
北投區,八仙,二,347,北投區,北投,,302
北投區,八仙,二,348,北投區,北投,,303-4
北投區,八仙,二,349,北投區,北投,,301-2
北投區,八仙,二,35,北投區,唭哩岸,,569-3
北投區,八仙,二,350,北投區,北投,,337-1
北投區,八仙,二,351,北投區,北投,,300-3
北投區,八仙,二,351-1,北投區,北投,,300-2
北投區,八仙,二,352,北投區,北投,,300
北投區,八仙,二,352-1,北投區,北投,,300-1
北投區,八仙,二,352-2,北投區,北投,,300-4
北投區,八仙,二,353,北投區,北投,,321-2
北投區,八仙,二,354,北投區,北投,,321-3
北投區,八仙,二,355,北投區,北投,,321-4
北投區,八仙,二,356,北投區,北投,,321-5
北投區,八仙,二,357,北投區,北投,,321-18
北投區,八仙,二,358,北投區,北投,,321-6
北投區,八仙,二,359,北投區,北投,,321-7
北投區,八仙,二,36,北投區,唭哩岸,,569-4
北投區,八仙,二,360,北投區,北投,,321-9
北投區,八仙,二,361,北投區,北投,,320
北投區,八仙,二,362,北投區,北投,,320-1
北投區,八仙,二,363,北投區,北投,,320-2
北投區,八仙,二,364,北投區,北投,,320-3
北投區,八仙,二,365,北投區,北投,,320-4
北投區,八仙,二,366,北投區,北投,,320-5
北投區,八仙,二,367,北投區,北投,,320-14
北投區,八仙,二,368,北投區,北投,,320-6
北投區,八仙,二,369,北投區,北投,,320-7
北投區,八仙,二,37,北投區,唭哩岸,,569-15
北投區,八仙,二,370,北投區,北投,,320-9
北投區,八仙,二,371,北投區,北投,,320-8
北投區,八仙,二,372,北投區,北投,,320-10
北投區,八仙,二,373,北投區,北投,,320-11
北投區,八仙,二,374,北投區,北投,,320-13
北投區,八仙,二,375,北投區,北投,,320-12
北投區,八仙,二,376,北投區,北投,,319
北投區,八仙,二,377,北投區,北投,,321-14
北投區,八仙,二,378,北投區,北投,,321-10
北投區,八仙,二,379,北投區,北投,,321-11
北投區,八仙,二,38,北投區,唭哩岸,,568-1
北投區,八仙,二,380,北投區,北投,,321-12
北投區,八仙,二,381,北投區,北投,,321-13
北投區,八仙,二,382,北投區,北投,,321-15
北投區,八仙,二,383,北投區,北投,,321-17
北投區,八仙,二,384,北投區,北投,,321-16
北投區,八仙,二,385,北投區,北投,,321-8
北投區,八仙,二,386,北投區,北投,,321
北投區,八仙,二,387,北投區,北投,,321-1
北投區,八仙,二,388,北投區,北投,,332-7
北投區,八仙,二,389,北投區,北投,,332-13
北投區,八仙,二,39,北投區,唭哩岸,,569-7
北投區,八仙,二,390,北投區,北投,,332-6
北投區,八仙,二,391,北投區,北投,,332-5
北投區,八仙,二,392,北投區,北投,,332-4
北投區,八仙,二,393,北投區,北投,,332-3
北投區,八仙,二,394,北投區,北投,,332-2
北投區,八仙,二,395,北投區,北投,,332-1
北投區,八仙,二,396,北投區,北投,,332
北投區,八仙,二,397,北投區,北投,,334-8
北投區,八仙,二,398,北投區,北投,,334-6
北投區,八仙,二,399,北投區,北投,,299-3
北投區,八仙,二,4,北投區,唭哩岸,,562-7
北投區,八仙,二,40,北投區,唭哩岸,,569-5
北投區,八仙,二,400,北投區,北投,,299-4
北投區,八仙,二,401,北投區,北投,,299
北投區,八仙,二,402,北投區,北投,,299-1
北投區,八仙,二,403,北投區,北投,,299-2
北投區,八仙,二,404,北投區,北投,,334-7
北投區,八仙,二,405,北投區,北投,,334-3
北投區,八仙,二,406,北投區,北投,,334-2
北投區,八仙,二,407,北投區,北投,,334-1
北投區,八仙,二,408,北投區,北投,,334-9
北投區,八仙,二,409,北投區,北投,,334
北投區,八仙,二,41,北投區,唭哩岸,,569-6
北投區,八仙,二,410,北投區,北投,,334-4
北投區,八仙,二,411,北投區,北投,,334-5
北投區,八仙,二,412,北投區,北投,,334-11
北投區,八仙,二,413,北投區,北投,,334-10
北投區,八仙,二,414,北投區,北投,,337-12
北投區,八仙,二,415,北投區,北投,,340-5
北投區,八仙,二,416,北投區,北投,,339-2
北投區,八仙,二,417,北投區,北投,,339
北投區,八仙,二,418,北投區,北投,,340-3
北投區,八仙,二,419,北投區,北投,,338-4
北投區,八仙,二,42,北投區,唭哩岸,,570-7
北投區,八仙,二,420,北投區,北投,,341-3
北投區,八仙,二,421,北投區,北投,,341-1
北投區,八仙,二,422,北投區,北投,,341-4
北投區,八仙,二,423,北投區,北投,,341-2
北投區,八仙,二,424,北投區,北投,,341
北投區,八仙,二,425,北投區,北投,,342-6
北投區,八仙,二,426,北投區,北投,,343-3
北投區,八仙,二,427,北投區,北投,,343
北投區,八仙,二,428,北投區,北投,,344-4
北投區,八仙,二,429,北投區,北投,,344-17
北投區,八仙,二,43,北投區,唭哩岸,,569-17
北投區,八仙,二,430,北投區,北投,,344-5
北投區,八仙,二,431,北投區,北投,,345
北投區,八仙,二,432,北投區,北投,,344-8
北投區,八仙,二,433,北投區,北投,,344-9
北投區,八仙,二,434,北投區,北投,,344-1
北投區,八仙,二,435,北投區,北投,,344-14
北投區,八仙,二,436,北投區,北投,,345-1
北投區,八仙,二,437,北投區,北投,,345-2
北投區,八仙,二,438,北投區,北投,,345-3
北投區,八仙,二,439,北投區,北投,,345-9
北投區,八仙,二,44,北投區,唭哩岸,,569-16
北投區,八仙,二,440,北投區,北投,,345-8
北投區,八仙,二,441,北投區,北投,,344-2
北投區,八仙,二,442,北投區,北投,,344-15
北投區,八仙,二,443,北投區,北投,,344-10
北投區,八仙,二,444,北投區,北投,,344-11
北投區,八仙,二,445,北投區,北投,,344-44
北投區,八仙,二,446,北投區,北投,,344-3
北投區,八仙,二,447,北投區,北投,,344-23
北投區,八仙,二,448,北投區,北投,,344-2
北投區,八仙,二,449,北投區,北投,,344-1
北投區,八仙,二,45,北投區,唭哩岸,,570-5
北投區,八仙,二,450,北投區,北投,,340
北投區,八仙,二,451,北投區,北投,,340-4
北投區,八仙,二,452,北投區,北投,,340-6
北投區,八仙,二,453,北投區,北投,,340-8
北投區,八仙,二,454,北投區,北投,,340-7
北投區,八仙,二,455,北投區,北投,,340-9
北投區,八仙,二,456,北投區,北投,,337-11
北投區,八仙,二,457,北投區,北投,,337-4
北投區,八仙,二,458,北投區,北投,,337-10
北投區,八仙,二,459,北投區,北投,,37-5
北投區,八仙,二,46,北投區,唭哩岸,,568-2
北投區,八仙,二,460,北投區,北投,,337-8
北投區,八仙,二,461,北投區,北投,,337-6
北投區,八仙,二,462,北投區,北投,,337-7
北投區,八仙,二,463,北投區,北投,,337-9
北投區,八仙,二,464,北投區,北投,,337-3
北投區,八仙,二,465,北投區,北投,,337-2
北投區,八仙,二,466,北投區,北投,,337
北投區,八仙,二,467,北投區,北投,,336
北投區,八仙,二,468,北投區,北投,,335
北投區,八仙,二,469,北投區,北投,,335-5
北投區,八仙,二,47,北投區,唭哩岸,,571-7
北投區,八仙,二,470,北投區,北投,,335-3
北投區,八仙,二,471,北投區,北投,,335-2
北投區,八仙,二,472,北投區,北投,,333-4
北投區,八仙,二,473,北投區,北投,,333-3
北投區,八仙,二,474,北投區,北投,,333-2
北投區,八仙,二,475,北投區,北投,,333-1
北投區,八仙,二,476,北投區,北投,,333
北投區,八仙,二,477,北投區,北投,,335-6
北投區,八仙,二,478,北投區,北投,,332-9
北投區,八仙,二,479,北投區,北投,,332-8
北投區,八仙,二,48,北投區,唭哩岸,,592-3
北投區,八仙,二,480,北投區,北投,,332-10
北投區,八仙,二,481,北投區,北投,,332-12
北投區,八仙,二,482,北投區,北投,,332-11
北投區,八仙,二,483,北投區,北投,,331-2
北投區,八仙,二,484,北投區,北投,,331-1
北投區,八仙,二,485,北投區,北投,,331
北投區,八仙,二,486,北投區,北投,,332-14
北投區,八仙,二,487,北投區,北投,,329
北投區,八仙,二,488,北投區,北投,,330-1
北投區,八仙,二,489,北投區,北投,,330
北投區,八仙,二,49,北投區,唭哩岸,,570-8
北投區,八仙,二,490,北投區,北投,,339-3
北投區,八仙,二,491,北投區,北投,,339-1
北投區,八仙,二,492,北投區,北投,,344-24
北投區,八仙,二,493,北投區,北投,,344-21
北投區,八仙,二,494,北投區,北投,,344-22
北投區,八仙,二,495,北投區,北投,,345-5
北投區,八仙,二,496,北投區,北投,,344-13
北投區,八仙,二,497,北投區,北投,,345-4
北投區,八仙,二,498,北投區,北投,,346-11
北投區,八仙,二,499,北投區,北投,,346-5
北投區,八仙,二,5,北投區,唭哩岸,,562-6
北投區,八仙,二,50,北投區,唭哩岸,,575-4
北投區,八仙,二,500,北投區,北投,,348
北投區,八仙,二,501,北投區,北投,,346-2
北投區,八仙,二,502,北投區,北投,,349
北投區,八仙,二,503,北投區,北投,,350
北投區,八仙,二,504,北投區,北投,,352
北投區,八仙,二,505,北投區,北投,,352-1
北投區,八仙,二,506,北投區,北投,,351
北投區,八仙,二,507,北投區,北投,,355-1
北投區,八仙,二,508,北投區,北投,,353
北投區,八仙,二,509,北投區,北投,,355-12
北投區,八仙,二,510,北投區,北投,,355-13
北投區,八仙,二,511,北投區,北投,,355-3
北投區,八仙,二,512,北投區,北投,,355
北投區,八仙,二,513,北投區,北投,,354
北投區,八仙,二,514,北投區,北投,,354-1
北投區,八仙,二,515,北投區,北投,,355-4
北投區,八仙,二,516,北投區,北投,,355-5
北投區,八仙,二,517,北投區,北投,,355-2
北投區,八仙,二,518,北投區,北投,,346-9
北投區,八仙,二,519,北投區,北投,,356-9
北投區,八仙,二,52,北投區,唭哩岸,,575-3
北投區,八仙,二,520,北投區,北投,,356-7
北投區,八仙,二,521,北投區,北投,,356-11
北投區,八仙,二,522,北投區,北投,,328
北投區,八仙,二,523,北投區,北投,,327-2
北投區,八仙,二,524,北投區,北投,,327-1
北投區,八仙,二,525,北投區,北投,,328-1
北投區,八仙,二,526,北投區,北投,,328-9
北投區,八仙,二,527,北投區,北投,,328-2
北投區,八仙,二,528,北投區,北投,,328-3
北投區,八仙,二,529,北投區,北投,,328-4
北投區,八仙,二,53,北投區,唭哩岸,,590
北投區,八仙,二,530,北投區,北投,,327
北投區,八仙,二,531,北投區,北投,,328-8
北投區,八仙,二,532,北投區,北投,,328-7
北投區,八仙,二,533,北投區,北投,,328-10
北投區,八仙,二,534,北投區,北投,,328-5
北投區,八仙,二,535,北投區,北投,,328-6
北投區,八仙,二,536,北投區,北投,,321-19
北投區,八仙,二,537,北投區,北投,,319-2
北投區,八仙,二,538,北投區,北投,,322
北投區,八仙,二,539,北投區,北投,,324
北投區,八仙,二,54,北投區,唭哩岸,,592-1
北投區,八仙,二,54-1,北投區,唭哩岸,,592-1
北投區,八仙,二,540,北投區,北投,,324-1
北投區,八仙,二,541,北投區,北投,,323-1
北投區,八仙,二,542,北投區,北投,,323
北投區,八仙,二,543,北投區,北投,,326-4
北投區,八仙,二,544,北投區,北投,,326-5
北投區,八仙,二,545,北投區,北投,,326-3
北投區,八仙,二,546,北投區,北投,,326-2
北投區,八仙,二,547,北投區,北投,,325-2
北投區,八仙,二,548,北投區,北投,,325-1
北投區,八仙,二,549,北投區,北投,,326-1
北投區,八仙,二,55,北投區,唭哩岸,,592
北投區,八仙,二,551,北投區,北投,,313
北投區,八仙,二,552,北投區,北投,,314
北投區,八仙,二,553,北投區,北投,,314-1
北投區,八仙,二,554,北投區,北投,,326
北投區,八仙,二,555,北投區,北投,,325
北投區,八仙,二,556,北投區,北投,,315
北投區,八仙,二,557,北投區,北投,,318
北投區,八仙,二,558,北投區,北投,,318-1
北投區,八仙,二,559,北投區,北投,,318-2
北投區,八仙,二,56,北投區,唭哩岸,,571-5
北投區,八仙,二,560,北投區,北投,,318-8
北投區,八仙,二,561,北投區,北投,,318-19
北投區,八仙,二,562,北投區,北投,,318-20
北投區,八仙,二,563,北投區,北投,,318-14
北投區,八仙,二,564,北投區,北投,,318-13
北投區,八仙,二,565,北投區,北投,,318-12
北投區,八仙,二,566,北投區,北投,,318-11
北投區,八仙,二,567,北投區,北投,,318-5
北投區,八仙,二,568,北投區,北投,,318-17
北投區,八仙,二,569,北投區,北投,,318-23
北投區,八仙,二,57,北投區,唭哩岸,,571-6
北投區,八仙,二,570,北投區,北投,,318-16
北投區,八仙,二,571,北投區,北投,,318-22
北投區,八仙,二,572,北投區,北投,,318-10
北投區,八仙,二,573,北投區,北投,,318-9
北投區,八仙,二,574,北投區,北投,,318-18
北投區,八仙,二,575,北投區,北投,,318-21
北投區,八仙,二,576,北投區,北投,,318-15
北投區,八仙,二,577,北投區,北投,,318-6
北投區,八仙,二,578,北投區,北投,,318-7
北投區,八仙,二,579,北投區,北投,,318-25
北投區,八仙,二,58,北投區,唭哩岸,,594-8
北投區,八仙,二,580,北投區,北投,,318-26
北投區,八仙,二,581,北投區,北投,,318-24
北投區,八仙,二,583,北投區,北投,,318-3
北投區,八仙,二,584,北投區,北投,,317-3
北投區,八仙,二,585,北投區,北投,,317-4
北投區,八仙,二,586,北投區,北投,,319-1
北投區,八仙,二,587,北投區,北投,,317
北投區,八仙,二,588,北投區,北投,,317-1
北投區,八仙,二,589,北投區,北投,,317-2
北投區,八仙,二,59,北投區,唭哩岸,,594-7
北投區,八仙,二,590,北投區,北投,,317-5
北投區,八仙,二,591,北投區,北投,,307
北投區,八仙,二,592,北投區,北投,,307-3
北投區,八仙,二,593,北投區,北投,,306
北投區,八仙,二,594,北投區,北投,,306-14
北投區,八仙,二,595,北投區,北投,,306-16
北投區,八仙,二,596,北投區,北投,,306-1
北投區,八仙,二,597,北投區,北投,,306-2
北投區,八仙,二,598,北投區,北投,,306-18
北投區,八仙,二,599,北投區,北投,,306-20
北投區,八仙,二,6,北投區,唭哩岸,,562-2
北投區,八仙,二,60,北投區,唭哩岸,,594-6
北投區,八仙,二,600,北投區,北投,,306-3
北投區,八仙,二,601,北投區,北投,,306-4
北投區,八仙,二,602,北投區,北投,,306-22
北投區,八仙,二,603,北投區,北投,,306-24
北投區,八仙,二,604,北投區,北投,,306-5
北投區,八仙,二,605,北投區,北投,,306-6
北投區,八仙,二,606,北投區,北投,,306-26
北投區,八仙,二,607,北投區,北投,,308
北投區,八仙,二,608,北投區,北投,,307-2
北投區,八仙,二,609,北投區,北投,,307-1
北投區,八仙,二,61,北投區,唭哩岸,,594-5
北投區,八仙,二,610,北投區,北投,,306-7
北投區,八仙,二,611,北投區,北投,,306-28
北投區,八仙,二,612,北投區,北投,,306-30
北投區,八仙,二,613,北投區,北投,,306-8
北投區,八仙,二,614,北投區,北投,,306-9
北投區,八仙,二,615,北投區,北投,,306-32
北投區,八仙,二,616,北投區,北投,,306-34
北投區,八仙,二,617,北投區,北投,,306-10
北投區,八仙,二,618,北投區,北投,,306-11
北投區,八仙,二,619,北投區,北投,,306-36
北投區,八仙,二,62,北投區,唭哩岸,,592-2
北投區,八仙,二,62-1,北投區,唭哩岸,,592-2
北投區,八仙,二,620,北投區,北投,,306-38
北投區,八仙,二,621,北投區,北投,,306-12
北投區,八仙,二,622,北投區,北投,,316-2
北投區,八仙,二,623,北投區,北投,,316-1
北投區,八仙,二,624,北投區,北投,,316
北投區,八仙,二,625,北投區,北投,,309-11
北投區,八仙,二,626,北投區,北投,,309
北投區,八仙,二,627,北投區,北投,,309-1
北投區,八仙,二,628,北投區,北投,,309-2
北投區,八仙,二,629,北投區,北投,,309-5
北投區,八仙,二,63,北投區,唭哩岸,,593-1
北投區,八仙,二,630,北投區,北投,,309-10
北投區,八仙,二,631,北投區,北投,,309-8
北投區,八仙,二,632,北投區,北投,,309-6
北投區,八仙,二,633,北投區,北投,,309-3
北投區,八仙,二,634,北投區,北投,,309-4
北投區,八仙,二,635,北投區,北投,,309-12
北投區,八仙,二,636,北投區,北投,,308-3
北投區,八仙,二,637,北投區,北投,,308-4
北投區,八仙,二,638,北投區,北投,,308-2
北投區,八仙,二,639,北投區,北投,,1136-14
北投區,八仙,二,64,北投區,唭哩岸,,593
北投區,八仙,二,640,北投區,北投,,1136-16
北投區,八仙,二,641,北投區,北投,,1136-20
北投區,八仙,二,642,北投區,北投,,1136-1
北投區,八仙,二,643,北投區,北投,,1136-10
北投區,八仙,二,644,北投區,北投,,1136-8
北投區,八仙,二,645,北投區,北投,,1136-6
北投區,八仙,二,646,北投區,北投,,1136-2
北投區,八仙,二,647,北投區,北投,,310-4
北投區,八仙,二,648,北投區,北投,,1136-4
北投區,八仙,二,649,北投區,北投,,1136-3
北投區,八仙,二,65,北投區,唭哩岸,,569-9
北投區,八仙,二,650,北投區,北投,,1136
北投區,八仙,二,651,北投區,北投,,1110-2
北投區,八仙,二,652,北投區,北投,,1112-1
北投區,八仙,二,653,北投區,北投,,1112-2
北投區,八仙,二,654,北投區,北投,,1113-2
北投區,八仙,二,655,北投區,北投,,1113-1
北投區,八仙,二,656,北投區,北投,,1110
北投區,八仙,二,657,北投區,北投,,1110-1
北投區,八仙,二,658,北投區,北投,,1111-1
北投區,八仙,二,659,北投區,北投,,1111
北投區,八仙,二,66,北投區,唭哩岸,,569-8
北投區,八仙,二,660,北投區,北投,,1112
北投區,八仙,二,661,北投區,北投,,310-1
北投區,八仙,二,662,北投區,北投,,311-2
北投區,八仙,二,663,北投區,北投,,312-3
北投區,八仙,二,664,北投區,北投,,310-2
北投區,八仙,二,665,北投區,北投,,310-3
北投區,八仙,二,666,北投區,北投,,310
北投區,八仙,二,667,北投區,北投,,315-1
北投區,八仙,二,668,北投區,北投,,311
北投區,八仙,二,669,北投區,北投,,312
北投區,八仙,二,67,北投區,唭哩岸,,569-14
北投區,八仙,二,670,北投區,北投,,312-1
北投區,八仙,二,671,北投區,北投,,1109-3
北投區,八仙,二,672,北投區,北投,,1109
北投區,八仙,二,673,北投區,北投,,1109-2
北投區,八仙,二,674,北投區,北投,,1109-1
北投區,八仙,二,675,北投區,北投,,1108
北投區,八仙,二,676,北投區,北投,,1098
北投區,八仙,二,677,北投區,北投,,1092-1
北投區,八仙,二,678,北投區,北投,,1092
北投區,八仙,二,679,北投區,北投,,1091-1
北投區,八仙,二,68,北投區,唭哩岸,,568
北投區,八仙,二,680,北投區,北投,,1091
北投區,八仙,二,681,北投區,北投,,1090
北投區,八仙,二,682,北投區,北投,,1090-1
北投區,八仙,二,683,北投區,北投,,1076-14
北投區,八仙,二,684,北投區,北投,,1076-13
北投區,八仙,二,685,北投區,北投,,1076-12
北投區,八仙,二,686,北投區,北投,,1076-11
北投區,八仙,二,687,北投區,北投,,1076-10
北投區,八仙,二,688,北投區,北投,,1076
北投區,八仙,二,689,北投區,北投,,1076-7
北投區,八仙,二,69,北投區,唭哩岸,,594-2
北投區,八仙,二,690,北投區,北投,,1076-9
北投區,八仙,二,691,北投區,北投,,1076-8
北投區,八仙,二,692,北投區,北投,,1076-6
北投區,八仙,二,693,北投區,北投,,1076-2
北投區,八仙,二,694,北投區,北投,,1074
北投區,八仙,二,695,北投區,北投,,1074-1
北投區,八仙,二,697,北投區,北投,,1076-5
北投區,八仙,二,698,北投區,北投,,1076-3
北投區,八仙,二,699,北投區,北投,,1076-1
北投區,八仙,二,7,北投區,唭哩岸,,563-3
北投區,八仙,二,70,北投區,唭哩岸,,594-1
北投區,八仙,二,700,北投區,北投,,356-13
北投區,八仙,二,701,北投區,北投,,356-12
北投區,八仙,二,702,北投區,北投,,1073-1
北投區,八仙,二,703,北投區,北投,,1073
北投區,八仙,二,704,北投區,北投,,1059-9
北投區,八仙,二,705,北投區,北投,,1059
北投區,八仙,二,706,北投區,北投,,1058-1
北投區,八仙,二,707,北投區,北投,,1058
北投區,八仙,二,709,北投區,北投,,356-14
北投區,八仙,二,71,北投區,唭哩岸,,595
北投區,八仙,二,710,北投區,北投,,1057
北投區,八仙,二,711,北投區,北投,,1057-1
北投區,八仙,二,712,北投區,北投,,1057-3
北投區,八仙,二,713,北投區,北投,,1028-2
北投區,八仙,二,713-1,北投區,北投,,1028-12
北投區,八仙,二,714,北投區,北投,,1028
北投區,八仙,二,714-1,北投區,北投,,1028-11
北投區,八仙,二,715,北投區,北投,,1028-3
北投區,八仙,二,716,北投區,北投,,1028-1
北投區,八仙,二,717,北投區,北投,,1023
北投區,八仙,二,717-1,北投區,北投,,1023-15
北投區,八仙,二,718,北投區,北投,,1023-19
北投區,八仙,二,718-1,北投區,北投,,1023-18
北投區,八仙,二,719,北投區,北投,,1023-8
北投區,八仙,二,719-1,北投區,北投,,1015-22
北投區,八仙,二,719-2,北投區,北投,,1015-10
北投區,八仙,二,719-3,北投區,北投,,1023-20
北投區,八仙,二,72,北投區,唭哩岸,,596-1
北投區,八仙,二,720,北投區,北投,,1023-3
北投區,八仙,二,721,北投區,北投,,1023-22
北投區,八仙,二,722,北投區,北投,,1028-14
北投區,八仙,二,723,北投區,北投,,1028-6
北投區,八仙,二,724,北投區,北投,,1028-20
北投區,八仙,二,725,北投區,北投,,1028-19
北投區,八仙,二,726,北投區,北投,,1028-5
北投區,八仙,二,727,北投區,北投,,1051
北投區,八仙,二,728,北投區,北投,,1028-8
北投區,八仙,二,729,北投區,北投,,1028-17
北投區,八仙,二,73,北投區,唭哩岸,,596
北投區,八仙,二,730,北投區,北投,,1045
北投區,八仙,二,731,北投區,北投,,1044-1
北投區,八仙,二,732,北投區,北投,,1044
北投區,八仙,二,733,北投區,北投,,1048
北投區,八仙,二,734,北投區,北投,,1049-1
北投區,八仙,二,735,北投區,北投,,1049
北投區,八仙,二,736,北投區,北投,,1050
北投區,八仙,二,737,北投區,北投,,1055-1
北投區,八仙,二,738,北投區,北投,,1055
北投區,八仙,二,739,北投區,北投,,1052
北投區,八仙,二,74,北投區,唭哩岸,,597
北投區,八仙,二,74-1,北投區,唭哩岸,,567-1
北投區,八仙,二,740,北投區,北投,,1053
北投區,八仙,二,741,北投區,北投,,1054
北投區,八仙,二,742,北投區,北投,,1057-2
北投區,八仙,二,743,北投區,北投,,1056
北投區,八仙,二,744,北投區,北投,,1059-1
北投區,八仙,二,745,北投區,北投,,1059-3
北投區,八仙,二,746,北投區,北投,,1059-4
北投區,八仙,二,747,北投區,北投,,1059-2
北投區,八仙,二,748,北投區,北投,,1072-2
北投區,八仙,二,749,北投區,北投,,1075-2
北投區,八仙,二,75,北投區,唭哩岸,,597-1
北投區,八仙,二,750,北投區,北投,,1072-1
北投區,八仙,二,751,北投區,北投,,1072-3
北投區,八仙,二,752,北投區,北投,,1072-5
北投區,八仙,二,753,北投區,北投,,1075
北投區,八仙,二,754,北投區,北投,,1077-4
北投區,八仙,二,755,北投區,北投,,1077-6
北投區,八仙,二,756,北投區,北投,,1077-2
北投區,八仙,二,757,北投區,北投,,1085-21
北投區,八仙,二,758,北投區,北投,,1086-3
北投區,八仙,二,759,北投區,北投,,1087-3
北投區,八仙,二,76,北投區,唭哩岸,,597-2
北投區,八仙,二,760,北投區,北投,,1087
北投區,八仙,二,761,北投區,北投,,1086-1
北投區,八仙,二,762,北投區,北投,,1089
北投區,八仙,二,763,北投區,北投,,1088
北投區,八仙,二,764,北投區,北投,,1094
北投區,八仙,二,765,北投區,北投,,1094-1
北投區,八仙,二,766,北投區,北投,,1094-2
北投區,八仙,二,767,北投區,北投,,1094-3
北投區,八仙,二,768,北投區,北投,,1094-4
北投區,八仙,二,769,北投區,北投,,1094-5
北投區,八仙,二,77,北投區,唭哩岸,,598-9
北投區,八仙,二,770,北投區,北投,,1094-11
北投區,八仙,二,771,北投區,北投,,1107-5
北投區,八仙,二,772,北投區,北投,,1107-1
北投區,八仙,二,773,北投區,北投,,1107
北投區,八仙,二,774,北投區,北投,,1106
北投區,八仙,二,775,北投區,北投,,1106-4
北投區,八仙,二,776,北投區,北投,,1113-6
北投區,八仙,二,777,北投區,北投,,1113-3
北投區,八仙,二,778,北投區,北投,,1112-3
北投區,八仙,二,779,北投區,北投,,1115-3
北投區,八仙,二,780,北投區,北投,,1115-5
北投區,八仙,二,781,北投區,北投,,1135
北投區,八仙,二,782,北投區,北投,,1135-3
北投區,八仙,二,783,北投區,北投,,1136-24
北投區,八仙,二,784,北投區,北投,,1136-23
北投區,八仙,二,785,北投區,北投,,1136-5
北投區,八仙,二,786,北投區,北投,,1136-22
北投區,八仙,二,787,北投區,北投,,1136-21
北投區,八仙,二,788,北投區,北投,,1139
北投區,八仙,二,789,北投區,北投,,1140
北投區,八仙,二,790,北投區,北投,,1139-1
北投區,八仙,二,791,北投區,北投,,1139-2
北投區,八仙,二,792,北投區,北投,,1140-2
北投區,八仙,二,8,北投區,唭哩岸,,563-10
北投區,八仙,二,80,北投區,唭哩岸,,598-8
北投區,八仙,二,81,北投區,唭哩岸,,598-6
北投區,八仙,二,83,北投區,唭哩岸,,597-4
北投區,八仙,二,84,北投區,唭哩岸,,596-3
北投區,八仙,二,85,北投區,唭哩岸,,596-2
北投區,八仙,二,86,北投區,唭哩岸,,598-7
北投區,八仙,二,88,北投區,唭哩岸,,598-5
北投區,八仙,二,89,北投區,唭哩岸,,598-4
北投區,八仙,二,90,北投區,唭哩岸,,594-9
北投區,八仙,二,91,北投區,唭哩岸,,594-10
北投區,八仙,二,92,北投區,唭哩岸,,594
北投區,八仙,二,93,北投區,唭哩岸,,594-15
北投區,八仙,二,94,北投區,唭哩岸,,594-14
北投區,八仙,二,95,北投區,唭哩岸,,595-1
北投區,八仙,二,96,北投區,唭哩岸,,594-13
北投區,八仙,二,97,北投區,唭哩岸,,594-3
北投區,八仙,二,98,北投區,唭哩岸,,594-12
北投區,八仙,二,99,北投區,唭哩岸,,594-11
北投區,大業,一,1,北投區,北投,,51-5
北投區,大業,一,10,北投區,北投,,48-1
北投區,大業,一,100,北投區,北投,,92-82
北投區,大業,一,101,北投區,北投,,92-20
北投區,大業,一,102,北投區,北投,,92-95
北投區,大業,一,103,北投區,北投,,92-19
北投區,大業,一,11,北投區,北投,,48-9
北投區,大業,一,111,北投區,北投,,92-81
北投區,大業,一,112,北投區,北投,,92-80
北投區,大業,一,115,北投區,北投,,92-99
北投區,大業,一,117,北投區,北投,,92-77
北投區,大業,一,118,北投區,北投,,92-2
北投區,大業,一,119,北投區,北投,,92-78
北投區,大業,一,120,北投區,北投,,92-76
北投區,大業,一,121,北投區,北投,,92-75
北投區,大業,一,122,北投區,北投,,92-28
北投區,大業,一,123,北投區,北投,,92-102
北投區,大業,一,124,北投區,北投,,92-103
北投區,大業,一,125,北投區,北投,,92-71
北投區,大業,一,126,北投區,北投,,92-72
北投區,大業,一,127,北投區,北投,,92-73
北投區,大業,一,128,北投區,北投,,92-74
北投區,大業,一,129,北投區,北投,,92-29
北投區,大業,一,130,北投區,北投,,92-29
北投區,大業,一,131,北投區,北投,,92-70
北投區,大業,一,14,北投區,北投,,47
北投區,大業,一,150,北投區,北投,,92-37
北投區,大業,一,152,北投區,北投,,92-55
北投區,大業,一,154,北投區,北投,,92-38
北投區,大業,一,155,北投區,北投,,92-59
北投區,大業,一,156,北投區,北投,,92-57
北投區,大業,一,157,北投區,北投,,92-52
北投區,大業,一,159,北投區,北投,,92-39
北投區,大業,一,160,北投區,北投,,92-56
北投區,大業,一,161,北投區,北投,,45-6
北投區,大業,一,162,北投區,北投,,45-6
北投區,大業,一,163,北投區,北投,,93-30
北投區,大業,一,164,北投區,北投,,93-5
北投區,大業,一,165,北投區,北投,,93-28
北投區,大業,一,166,北投區,北投,,0-422
北投區,大業,一,167,北投區,北投,,0-4
北投區,大業,一,168,北投區,北投,,91-1
北投區,大業,一,170,北投區,北投,,90-3
北投區,大業,一,171,北投區,北投,,90-4
北投區,大業,一,173,北投區,北投,,90-5
北投區,大業,一,174,北投區,北投,,90-5
北投區,大業,一,175,北投區,北投,,90-38
北投區,大業,一,176,北投區,北投,,90-38
北投區,大業,一,178,北投區,北投,,90-29
北投區,大業,一,181,北投區,北投,,90-30
北投區,大業,一,182,北投區,北投,,90-31
北投區,大業,一,19,北投區,北投,,46
北投區,大業,一,190,北投區,北投,,93
北投區,大業,一,190-1,北投區,北投,,93
北投區,大業,一,191,北投區,北投,,93-3
北投區,大業,一,192,北投區,北投,,93-4
北投區,大業,一,193,北投區,北投,,93-29
北投區,大業,一,194,北投區,北投,,45-5
北投區,大業,一,195,北投區,北投,,93-7
北投區,大業,一,196,北投區,北投,,93-26
北投區,大業,一,197,北投區,北投,,93-34
北投區,大業,一,198,北投區,北投,,93-31
北投區,大業,一,199,北投區,北投,,93-32
北投區,大業,一,2,北投區,北投,,48-2
北投區,大業,一,20,北投區,北投,,49-4
北投區,大業,一,200,北投區,北投,,93-8
北投區,大業,一,201,北投區,北投,,93-53
北投區,大業,一,202,北投區,北投,,93-52
北投區,大業,一,203,北投區,北投,,93-9
北投區,大業,一,204,北投區,北投,,93-51
北投區,大業,一,205,北投區,北投,,93-33
北投區,大業,一,206,北投區,北投,,93-35
北投區,大業,一,207,北投區,北投,,93-12
北投區,大業,一,208,北投區,北投,,93-36
北投區,大業,一,209,北投區,北投,,93-11
北投區,大業,一,21,北投區,北投,,49-2
北投區,大業,一,210,北投區,北投,,93-38
北投區,大業,一,211,北投區,北投,,93-37
北投區,大業,一,212,北投區,北投,,93-10
北投區,大業,一,213,北投區,北投,,93-13
北投區,大業,一,214,北投區,北投,,93-39
北投區,大業,一,215,北投區,北投,,93-40
北投區,大業,一,216,北投區,北投,,93-19
北投區,大業,一,217,北投區,北投,,93-20
北投區,大業,一,218,北投區,北投,,93-21
北投區,大業,一,219,北投區,北投,,93-50
北投區,大業,一,22,北投區,北投,,49-3
北投區,大業,一,220,北投區,北投,,93-49
北投區,大業,一,221,北投區,北投,,93-14
北投區,大業,一,222,北投區,北投,,93-15
北投區,大業,一,223,北投區,北投,,93-47
北投區,大業,一,224,北投區,北投,,93-41
北投區,大業,一,225,北投區,北投,,93-22
北投區,大業,一,226,北投區,北投,,93-42
北投區,大業,一,227,北投區,北投,,93-23
北投區,大業,一,228,北投區,北投,,93-24
北投區,大業,一,229,北投區,北投,,93-43
北投區,大業,一,23,北投區,北投,,49
北投區,大業,一,230,北投區,北投,,93-44
北投區,大業,一,231,北投區,北投,,93-25
北投區,大業,一,232,北投區,北投,,93-27
北投區,大業,一,233,北投區,北投,,93-18
北投區,大業,一,234,北投區,北投,,93-46
北投區,大業,一,235,北投區,北投,,93-45
北投區,大業,一,236,北投區,北投,,93-17
北投區,大業,一,237,北投區,北投,,93-16
北投區,大業,一,238,北投區,北投,,94-4
北投區,大業,一,24,北投區,北投,,590-77
北投區,大業,一,243,北投區,北投,,94-10
北投區,大業,一,244,北投區,北投,,94-11
北投區,大業,一,244-1,北投區,北投,,94-11
北投區,大業,一,245,北投區,北投,,96-2
北投區,大業,一,245-1,北投區,北投,,96-2
北投區,大業,一,246,北投區,北投,,593-7
北投區,大業,一,247,北投區,北投,,96-24
北投區,大業,一,248,北投區,北投,,96-23
北投區,大業,一,249,北投區,北投,,96-21
北投區,大業,一,25,北投區,北投,,48-18
北投區,大業,一,250,北投區,北投,,96-22
北投區,大業,一,251,北投區,北投,,96-1
北投區,大業,一,252,北投區,北投,,96-15
北投區,大業,一,253,北投區,北投,,96-16
北投區,大業,一,254,北投區,北投,,96-2
北投區,大業,一,255,北投區,北投,,96-14
北投區,大業,一,256,北投區,北投,,96-13
北投區,大業,一,257,北投區,北投,,96-7
北投區,大業,一,258,北投區,北投,,96-18
北投區,大業,一,259,北投區,北投,,96
北投區,大業,一,26,北投區,北投,,48-18
北投區,大業,一,260,北投區,北投,,96-19
北投區,大業,一,261,北投區,北投,,96-20
北投區,大業,一,262,北投區,北投,,96-6
北投區,大業,一,263,北投區,北投,,87
北投區,大業,一,264,北投區,北投,,94-3
北投區,大業,一,265,北投區,北投,,88-5
北投區,大業,一,268,北投區,北投,,88-3
北投區,大業,一,269,北投區,北投,,87-3
北投區,大業,一,27,北投區,北投,,593-4
北投區,大業,一,270,北投區,北投,,96-4
北投區,大業,一,271,北投區,北投,,97-10
北投區,大業,一,272,北投區,北投,,97-10
北投區,大業,一,273,北投區,北投,,99
北投區,大業,一,274,北投區,北投,,97
北投區,大業,一,275,北投區,北投,,97-3
北投區,大業,一,276,北投區,北投,,97-18
北投區,大業,一,277,北投區,北投,,97-1
北投區,大業,一,278,北投區,北投,,97-19
北投區,大業,一,28,北投區,北投,,664-1
北投區,大業,一,281,北投區,北投,,97-17
北投區,大業,一,282,北投區,北投,,97-16
北投區,大業,一,283,北投區,北投,,97-5
北投區,大業,一,284,北投區,北投,,97-15
北投區,大業,一,285,北投區,北投,,97-12
北投區,大業,一,286,北投區,北投,,97-14
北投區,大業,一,287,北投區,北投,,97-6
北投區,大業,一,288,北投區,北投,,97-13
北投區,大業,一,289,北投區,北投,,97-11
北投區,大業,一,29,北投區,北投,,664-1
北投區,大業,一,290,北投區,北投,,97-2
北投區,大業,一,291,北投區,北投,,87-4
北投區,大業,一,292,北投區,北投,,87-1
北投區,大業,一,293,北投區,北投,,87-2
北投區,大業,一,294,北投區,北投,,88-6
北投區,大業,一,295,北投區,北投,,88-2
北投區,大業,一,296,北投區,北投,,88-7
北投區,大業,一,297,北投區,北投,,89-8
北投區,大業,一,298,北投區,北投,,89-6
北投區,大業,一,299,北投區,北投,,89-1
北投區,大業,一,3,北投區,北投,,48
北投區,大業,一,30,北投區,北投,,590-2
北投區,大業,一,300,北投區,北投,,89-7
北投區,大業,一,301,北投區,北投,,88-1
北投區,大業,一,302,北投區,北投,,89
北投區,大業,一,303,北投區,北投,,89-2
北投區,大業,一,304,北投區,北投,,89-3
北投區,大業,一,305,北投區,北投,,89-4
北投區,大業,一,306,北投區,北投,,89-5
北投區,大業,一,307,北投區,北投,,90-11
北投區,大業,一,308,北投區,北投,,90-10
北投區,大業,一,309,北投區,北投,,90-9
北投區,大業,一,31,北投區,北投,,590-83
北投區,大業,一,310,北投區,北投,,90-19
北投區,大業,一,311,北投區,北投,,90-8
北投區,大業,一,312,北投區,北投,,90-14
北投區,大業,一,313,北投區,北投,,90-15
北投區,大業,一,314,北投區,北投,,77-4
北投區,大業,一,315,北投區,北投,,78-18
北投區,大業,一,32,北投區,北投,,590-135
北投區,大業,一,329,北投區,北投,,86
北投區,大業,一,33,北投區,北投,,590-84
北投區,大業,一,330,北投區,北投,,101-2
北投區,大業,一,331,北投區,北投,,100-21
北投區,大業,一,332,北投區,北投,,100-20
北投區,大業,一,333,北投區,北投,,100-19
北投區,大業,一,334,北投區,北投,,100-18
北投區,大業,一,335,北投區,北投,,100-17
北投區,大業,一,336,北投區,北投,,99-1
北投區,大業,一,339-1,北投區,北投,,96-3
北投區,大業,一,34,北投區,北投,,590-136
北投區,大業,一,340-1,北投區,北投,,94-12
北投區,大業,一,341,北投區,北投,,94-16
北投區,大業,一,343-1,北投區,北投,,593-6
北投區,大業,一,344,北投區,北投,,593-9
北投區,大業,一,346,北投區,北投,,527
北投區,大業,一,347,北投區,北投,,527-14
北投區,大業,一,348,北投區,北投,,527-15
北投區,大業,一,349,北投區,北投,,593-8
北投區,大業,一,350,北投區,北投,,536-9
北投區,大業,一,351,北投區,北投,,539
北投區,大業,一,352,北投區,北投,,590-6
北投區,大業,一,353,北投區,北投,,526
北投區,大業,一,354,北投區,北投,,527-8
北投區,大業,一,359,北投區,北投,,527-20
北投區,大業,一,36,北投區,北投,,590-130
北投區,大業,一,361,北投區,北投,,527-1
北投區,大業,一,362,北投區,北投,,527-10
北投區,大業,一,363,北投區,北投,,527-27
北投區,大業,一,364,北投區,北投,,527-26
北投區,大業,一,365,北投區,北投,,527-25
北投區,大業,一,366,北投區,北投,,527-19
北投區,大業,一,368,北投區,北投,,593-12
北投區,大業,一,369,北投區,北投,,593-10
北投區,大業,一,37,北投區,北投,,590-130
北投區,大業,一,370,北投區,北投,,527-18
北投區,大業,一,371,北投區,北投,,527-24
北投區,大業,一,372,北投區,北投,,527-23
北投區,大業,一,373,北投區,北投,,527-17
北投區,大業,一,374,北投區,北投,,527-29
北投區,大業,一,375,北投區,北投,,527-28
北投區,大業,一,376,北投區,北投,,527-28
北投區,大業,一,378,北投區,北投,,527-11
北投區,大業,一,38,北投區,北投,,593-3
北投區,大業,一,380,北投區,北投,,527-5
北投區,大業,一,381,北投區,北投,,590-5
北投區,大業,一,382,北投區,北投,,528-8
北投區,大業,一,383,北投區,北投,,528
北投區,大業,一,39,北投區,北投,,593-3
北投區,大業,一,392,北投區,北投,,1224
北投區,大業,一,393,北投區,北投,,590-4
北投區,大業,一,394,北投區,北投,,590-140
北投區,大業,一,397,北投區,北投,,532-143
北投區,大業,一,398,北投區,北投,,531-75
北投區,大業,一,399,北投區,北投,,531-74
北投區,大業,一,4,北投區,北投,,42
北投區,大業,一,40,北投區,北投,,593-3
北投區,大業,一,400,北投區,北投,,531-64
北投區,大業,一,401,北投區,北投,,530-4
北投區,大業,一,41,北投區,北投,,593-3
北投區,大業,一,411,北投區,北投,,590-3
北投區,大業,一,412,北投區,北投,,531-102
北投區,大業,一,414,北投區,北投,,531-63
北投區,大業,一,415,北投區,北投,,532-142
北投區,大業,一,416,北投區,北投,,532-15
北投區,大業,一,418,北投區,北投,,531-113
北投區,大業,一,419,北投區,北投,,531-5
北投區,大業,一,42,北投區,北投,,593-3
北投區,大業,一,420,北投區,北投,,531-62
北投區,大業,一,421,北投區,北投,,531-61
北投區,大業,一,422,北投區,北投,,531-4
北投區,大業,一,423,北投區,北投,,531-112
北投區,大業,一,424,北投區,北投,,531-101
北投區,大業,一,425,北投區,北投,,531-25
北投區,大業,一,426,北投區,北投,,531-60
北投區,大業,一,427,北投區,北投,,531-59
北投區,大業,一,428,北投區,北投,,531-2
北投區,大業,一,429,北投區,北投,,531-99
北投區,大業,一,43,北投區,北投,,593-4
北投區,大業,一,430,北投區,北投,,532-141
北投區,大業,一,431,北投區,北投,,532-139
北投區,大業,一,432,北投區,北投,,532-151
北投區,大業,一,437,北投區,北投,,532-154
北投區,大業,一,438,北投區,北投,,531-107
北投區,大業,一,439,北投區,北投,,531-108
北投區,大業,一,44,北投區,北投,,593-4
北投區,大業,一,440,北投區,北投,,531-66
北投區,大業,一,441,北投區,北投,,590-134
北投區,大業,一,442,北投區,北投,,593-11
北投區,大業,一,444,北投區,北投,,592
北投區,大業,一,445,北投區,北投,,590-139
北投區,大業,一,446,北投區,北投,,595-3
北投區,大業,一,447,北投區,北投,,596
北投區,大業,一,448,北投區,北投,,590-42
北投區,大業,一,449,北投區,北投,,590-41
北投區,大業,一,45,北投區,北投,,0-68
北投區,大業,一,450,北投區,北投,,590-40
北投區,大業,一,451,北投區,北投,,590-39
北投區,大業,一,452,北投區,北投,,590-38
北投區,大業,一,453,北投區,北投,,590-37
北投區,大業,一,454,北投區,北投,,590-36
北投區,大業,一,455,北投區,北投,,590-35
北投區,大業,一,456,北投區,北投,,590-34
北投區,大業,一,457,北投區,北投,,590-33
北投區,大業,一,458,北投區,北投,,590-32
北投區,大業,一,459,北投區,北投,,590-31
北投區,大業,一,460,北投區,北投,,590-30
北投區,大業,一,461,北投區,北投,,590-29
北投區,大業,一,462,北投區,北投,,590-28
北投區,大業,一,463,北投區,北投,,590-17
北投區,大業,一,464,北投區,北投,,590-18
北投區,大業,一,465,北投區,北投,,590-19
北投區,大業,一,466,北投區,北投,,590-20
北投區,大業,一,467,北投區,北投,,590-21
北投區,大業,一,468,北投區,北投,,590-22
北投區,大業,一,469,北投區,北投,,590-23
北投區,大業,一,47,北投區,北投,,593-2
北投區,大業,一,470,北投區,北投,,590-24
北投區,大業,一,471,北投區,北投,,590-25
北投區,大業,一,472,北投區,北投,,590-26
北投區,大業,一,473,北投區,北投,,590-27
北投區,大業,一,474,北投區,北投,,589
北投區,大業,一,475,北投區,北投,,589-5
北投區,大業,一,476,北投區,北投,,589-18
北投區,大業,一,477,北投區,北投,,595
北投區,大業,一,478,北投區,北投,,590-43
北投區,大業,一,479,北投區,北投,,590-44
北投區,大業,一,48,北投區,北投,,593-4
北投區,大業,一,480,北投區,北投,,590-45
北投區,大業,一,481,北投區,北投,,590-46
北投區,大業,一,482,北投區,北投,,590-47
北投區,大業,一,483,北投區,北投,,590-48
北投區,大業,一,484,北投區,北投,,590-49
北投區,大業,一,485,北投區,北投,,590-50
北投區,大業,一,486,北投區,北投,,590-51
北投區,大業,一,487,北投區,北投,,590-52
北投區,大業,一,488,北投區,北投,,590-53
北投區,大業,一,489,北投區,北投,,590-54
北投區,大業,一,490,北投區,北投,,590-55
北投區,大業,一,491,北投區,北投,,590-56
北投區,大業,一,492,北投區,北投,,590-9
北投區,大業,一,493,北投區,北投,,590-70
北投區,大業,一,494,北投區,北投,,590-71
北投區,大業,一,495,北投區,北投,,590-72
北投區,大業,一,496,北投區,北投,,590-73
北投區,大業,一,497,北投區,北投,,590-74
北投區,大業,一,498,北投區,北投,,590-75
北投區,大業,一,499,北投區,北投,,590-76
北投區,大業,一,5,北投區,北投,,48-11
北投區,大業,一,500,北投區,北投,,590-58
北投區,大業,一,501,北投區,北投,,589-22
北投區,大業,一,502,北投區,北投,,589-19
北投區,大業,一,503,北投區,北投,,589-32
北投區,大業,一,504,北投區,北投,,589-6
北投區,大業,一,505,北投區,北投,,589-15
北投區,大業,一,506,北投區,北投,,589-7
北投區,大業,一,507,北投區,北投,,589-8
北投區,大業,一,508,北投區,北投,,589-9
北投區,大業,一,509,北投區,北投,,589-10
北投區,大業,一,51,北投區,北投,,44
北投區,大業,一,510,北投區,北投,,589-11
北投區,大業,一,511,北投區,北投,,589-12
北投區,大業,一,512,北投區,北投,,589-13
北投區,大業,一,513,北投區,北投,,589-2
北投區,大業,一,514,北投區,北投,,502
北投區,大業,一,517,北投區,北投,,589-24
北投區,大業,一,518,北投區,北投,,589-24
北投區,大業,一,519,北投區,北投,,589-25
北投區,大業,一,52,北投區,北投,,45
北投區,大業,一,520,北投區,北投,,589-25
北投區,大業,一,521,北投區,北投,,589-31
北投區,大業,一,522,北投區,北投,,1225
北投區,大業,一,523,北投區,北投,,1225
北投區,大業,一,524,北投區,北投,,589-31
北投區,大業,一,525,北投區,北投,,589-31
北投區,大業,一,526,北投區,北投,,589-4
北投區,大業,一,527,北投區,北投,,589-28
北投區,大業,一,528,北投區,北投,,589-27
北投區,大業,一,529,北投區,北投,,1225
北投區,大業,一,530,北投區,北投,,590-96
北投區,大業,一,531,北投區,北投,,590-96
北投區,大業,一,532,北投區,北投,,590-95
北投區,大業,一,533,北投區,北投,,590-95
北投區,大業,一,534,北投區,北投,,590-13
北投區,大業,一,535,北投區,北投,,590-12
北投區,大業,一,536,北投區,北投,,590-12
北投區,大業,一,537,北投區,北投,,590-11
北投區,大業,一,538,北投區,北投,,590-10
北投區,大業,一,539,北投區,北投,,590-60
北投區,大業,一,540,北投區,北投,,590-61
北投區,大業,一,541,北投區,北投,,590-62
北投區,大業,一,542,北投區,北投,,590-63
北投區,大業,一,544,北投區,北投,,590-64
北投區,大業,一,545,北投區,北投,,590-65
北投區,大業,一,546,北投區,北投,,590-66
北投區,大業,一,547,北投區,北投,,590-67
北投區,大業,一,548,北投區,北投,,590-68
北投區,大業,一,549,北投區,北投,,590-68
北投區,大業,一,55,北投區,北投,,46-6
北投區,大業,一,550,北投區,北投,,1225
北投區,大業,一,551,北投區,北投,,590-69
北投區,大業,一,552,北投區,北投,,590-8
北投區,大業,一,553,北投區,北投,,590-7
北投區,大業,一,554,北投區,北投,,590-97
北投區,大業,一,555,北投區,北投,,590-98
北投區,大業,一,556,北投區,北投,,590-99
北投區,大業,一,557,北投區,北投,,590-100
北投區,大業,一,558,北投區,北投,,590-100
北投區,大業,一,559,北投區,北投,,590-101
北投區,大業,一,56,北投區,北投,,45-4
北投區,大業,一,560,北投區,北投,,1225
北投區,大業,一,561,北投區,北投,,590-101
北投區,大業,一,562,北投區,北投,,590-102
北投區,大業,一,563,北投區,北投,,590-102
北投區,大業,一,564,北投區,北投,,1225
北投區,大業,一,565,北投區,北投,,531-85
北投區,大業,一,566,北投區,北投,,531-93
北投區,大業,一,567,北投區,北投,,531-94
北投區,大業,一,568,北投區,北投,,531-94
北投區,大業,一,569,北投區,北投,,531-95
北投區,大業,一,570,北投區,北投,,531-95
北投區,大業,一,571,北投區,北投,,531-96
北投區,大業,一,572,北投區,北投,,531-96
北投區,大業,一,573,北投區,北投,,531-84
北投區,大業,一,574,北投區,北投,,531-84
北投區,大業,一,575,北投區,北投,,531-65
北投區,大業,一,576,北投區,北投,,531-7
北投區,大業,一,577,北投區,北投,,531-37
北投區,大業,一,578,北投區,北投,,531-86
北投區,大業,一,579,北投區,北投,,531-38
北投區,大業,一,580,北投區,北投,,531-38
北投區,大業,一,581,北投區,北投,,531-77
北投區,大業,一,582,北投區,北投,,531-77
北投區,大業,一,583,北投區,北投,,531-78
北投區,大業,一,584,北投區,北投,,531-79
北投區,大業,一,585,北投區,北投,,531-43
北投區,大業,一,586,北投區,北投,,531-44
北投區,大業,一,587,北投區,北投,,531-58
北投區,大業,一,588,北投區,北投,,531-45
北投區,大業,一,589,北投區,北投,,531-46
北投區,大業,一,590,北投區,北投,,531-56
北投區,大業,一,591,北投區,北投,,531-57
北投區,大業,一,592,北投區,北投,,531-53
北投區,大業,一,593,北投區,北投,,531-54
北投區,大業,一,594,北投區,北投,,531-47
北投區,大業,一,595,北投區,北投,,531-48
北投區,大業,一,596,北投區,北投,,531-49
北投區,大業,一,597,北投區,北投,,531-7
北投區,大業,一,598,北投區,北投,,531-40
北投區,大業,一,599,北投區,北投,,531-91
北投區,大業,一,600,北投區,北投,,531-41
北投區,大業,一,602,北投區,北投,,531-83
北投區,大業,一,603,北投區,北投,,531-42
北投區,大業,一,604,北投區,北投,,531-70
北投區,大業,一,605,北投區,北投,,531-69
北投區,大業,一,606,北投區,北投,,531-71
北投區,大業,一,607,北投區,北投,,531-51
北投區,大業,一,608,北投區,北投,,531-50
北投區,大業,一,609,北投區,北投,,531-8
北投區,大業,一,610,北投區,北投,,532-89
北投區,大業,一,611,北投區,北投,,531-24
北投區,大業,一,612,北投區,北投,,531-27
北投區,大業,一,613,北投區,北投,,531-27
北投區,大業,一,614,北投區,北投,,532-63
北投區,大業,一,615,北投區,北投,,532-63
北投區,大業,一,616,北投區,北投,,1225
北投區,大業,一,617,北投區,北投,,532-64
北投區,大業,一,618,北投區,北投,,532-64
北投區,大業,一,619,北投區,北投,,532-64
北投區,大業,一,620,北投區,北投,,532-63
北投區,大業,一,621,北投區,北投,,532-62
北投區,大業,一,622,北投區,北投,,532-62
北投區,大業,一,623,北投區,北投,,532-80
北投區,大業,一,624,北投區,北投,,532-80
北投區,大業,一,625,北投區,北投,,532-73
北投區,大業,一,626,北投區,北投,,532-73
北投區,大業,一,627,北投區,北投,,531-9
北投區,大業,一,628,北投區,北投,,531-10
北投區,大業,一,629,北投區,北投,,532-82
北投區,大業,一,630,北投區,北投,,532-82
北投區,大業,一,631,北投區,北投,,532-83
北投區,大業,一,632,北投區,北投,,532-83
北投區,大業,一,634,北投區,北投,,531-12
北投區,大業,一,635,北投區,北投,,532-61
北投區,大業,一,636,北投區,北投,,532-60
北投區,大業,一,637,北投區,北投,,531-12
北投區,大業,一,638,北投區,北投,,563
北投區,大業,一,639,北投區,北投,,531-35
北投區,大業,一,640,北投區,北投,,531-34
北投區,大業,一,641,北投區,北投,,531-34
北投區,大業,一,642,北投區,北投,,531-33
北投區,大業,一,643,北投區,北投,,531-32
北投區,大業,一,644,北投區,北投,,531-31
北投區,大業,一,645,北投區,北投,,531-26
北投區,大業,一,646,北投區,北投,,531-117
北投區,大業,一,647,北投區,北投,,531-115
北投區,大業,一,648,北投區,北投,,531-116
北投區,大業,一,649,北投區,北投,,531-106
北投區,大業,一,65,北投區,北投,,44-2
北投區,大業,一,650,北投區,北投,,531-118
北投區,大業,一,651,北投區,北投,,531-36
北投區,大業,一,653,北投區,北投,,531-28
北投區,大業,一,655,北投區,北投,,531-29
北投區,大業,一,656,北投區,北投,,531-13
北投區,大業,一,657,北投區,北投,,532-59
北投區,大業,一,658,北投區,北投,,532-59
北投區,大業,一,659,北投區,北投,,532-58
北投區,大業,一,660,北投區,北投,,532-58
北投區,大業,一,661,北投區,北投,,532-152
北投區,大業,一,664,北投區,北投,,532-57
北投區,大業,一,665,北投區,北投,,532-57
北投區,大業,一,666,北投區,北投,,532-72
北投區,大業,一,667,北投區,北投,,532-72
北投區,大業,一,668,北投區,北投,,532-72
北投區,大業,一,669,北投區,北投,,531-16
北投區,大業,一,67,北投區,北投,,45-5
北投區,大業,一,670,北投區,北投,,531-17
北投區,大業,一,671,北投區,北投,,532-55
北投區,大業,一,672,北投區,北投,,532-78
北投區,大業,一,673,北投區,北投,,532-100
北投區,大業,一,674,北投區,北投,,532-100
北投區,大業,一,675,北投區,北投,,532-56
北投區,大業,一,676,北投區,北投,,532-56
北投區,大業,一,677,北投區,北投,,532-101
北投區,大業,一,678,北投區,北投,,532-102
北投區,大業,一,679,北投區,北投,,532-103
北投區,大業,一,68,北投區,北投,,45-5
北投區,大業,一,680,北投區,北投,,531-18
北投區,大業,一,681,北投區,北投,,531-19
北投區,大業,一,682,北投區,北投,,532-104
北投區,大業,一,683,北投區,北投,,532-105
北投區,大業,一,684,北投區,北投,,531-20
北投區,大業,一,685,北投區,北投,,532-21
北投區,大業,一,686,北投區,北投,,532-106
北投區,大業,一,687,北投區,北投,,532-107
北投區,大業,一,688,北投區,北投,,532-50
北投區,大業,一,689,北投區,北投,,531-22
北投區,大業,一,69,北投區,北投,,45-5
北投區,大業,一,690,北投區,北投,,531-23
北投區,大業,一,691,北投區,北投,,532-108
北投區,大業,一,692,北投區,北投,,532-109
北投區,大業,一,693,北投區,北投,,532-93
北投區,大業,一,694,北投區,北投,,532-40
北投區,大業,一,695,北投區,北投,,532-110
北投區,大業,一,696,北投區,北投,,532-111
北投區,大業,一,697,北投區,北投,,532-41
北投區,大業,一,698,北投區,北投,,532-42
北投區,大業,一,699,北投區,北投,,532-112
北投區,大業,一,7,北投區,北投,,48-13
北投區,大業,一,70,北投區,北投,,92-100
北投區,大業,一,700,北投區,北投,,532-113
北投區,大業,一,701,北投區,北投,,532-91
北投區,大業,一,702,北投區,北投,,531-67
北投區,大業,一,703,北投區,北投,,531-105
北投區,大業,一,704,北投區,北投,,532-153
北投區,大業,一,705,北投區,北投,,532-47
北投區,大業,一,706,北投區,北投,,531-76
北投區,大業,一,707,北投區,北投,,531-110
北投區,大業,一,708,北投區,北投,,532-155
北投區,大業,一,709,北投區,北投,,532-156
北投區,大業,一,710,北投區,北投,,532-46
北投區,大業,一,711,北投區,北投,,532-45
北投區,大業,一,712,北投區,北投,,532-157
北投區,大業,一,713,北投區,北投,,532-158
北投區,大業,一,714,北投區,北投,,532-44
北投區,大業,一,715,北投區,北投,,532-8
北投區,大業,一,716,北投區,北投,,532-158
北投區,大業,一,717,北投區,北投,,532-159
北投區,大業,一,718,北投區,北投,,532-160
北投區,大業,一,719,北投區,北投,,532-134
北投區,大業,一,720,北投區,北投,,532-86
北投區,大業,一,721,北投區,北投,,532-86
北投區,大業,一,722,北投區,北投,,532-43
北投區,大業,一,723,北投區,北投,,532-43
北投區,大業,一,724,北投區,北投,,532-132
北投區,大業,一,725,北投區,北投,,532-12
北投區,大業,一,726,北投區,北投,,532-11
北投區,大業,一,727,北投區,北投,,532-131
北投區,大業,一,728,北投區,北投,,532-129
北投區,大業,一,729,北投區,北投,,532-10
北投區,大業,一,730,北投區,北投,,532-77
北投區,大業,一,731,北投區,北投,,532-128
北投區,大業,一,732,北投區,北投,,532-127
北投區,大業,一,733,北投區,北投,,532-38
北投區,大業,一,734,北投區,北投,,532-37
北投區,大業,一,735,北投區,北投,,532-126
北投區,大業,一,736,北投區,北投,,532-125
北投區,大業,一,737,北投區,北投,,532-36
北投區,大業,一,738,北投區,北投,,532-35
北投區,大業,一,739,北投區,北投,,532-124
北投區,大業,一,740,北投區,北投,,532-123
北投區,大業,一,741,北投區,北投,,532-34
北投區,大業,一,742,北投區,北投,,532-33
北投區,大業,一,743,北投區,北投,,532-122
北投區,大業,一,744,北投區,北投,,532-121
北投區,大業,一,745,北投區,北投,,532-121
北投區,大業,一,746,北投區,北投,,532-120
北投區,大業,一,747,北投區,北投,,532-24
北投區,大業,一,748,北投區,北投,,532-23
北投區,大業,一,749,北投區,北投,,532-32
北投區,大業,一,751,北投區,北投,,532
北投區,大業,一,753,北投區,北投,,532
北投區,大業,一,754,北投區,北投,,532-119
北投區,大業,一,755,北投區,北投,,532-5
北投區,大業,一,758,北投區,北投,,581-1
北投區,大業,一,759,北投區,北投,,588-2
北投區,大業,一,760,北投區,北投,,588-3
北投區,大業,一,761,北投區,北投,,588-3
北投區,大業,一,762,北投區,北投,,588-2
北投區,大業,一,763,北投區,北投,,588-2
北投區,大業,一,764,北投區,北投,,588-1
北投區,大業,一,765,北投區,北投,,1227
北投區,大業,一,766,北投區,北投,,624-7
北投區,大業,一,767,北投區,北投,,624-8
北投區,大業,一,768,北投區,北投,,624-8
北投區,大業,一,769,北投區,北投,,624-3
北投區,大業,一,770,北投區,北投,,624-3
北投區,大業,一,771,北投區,北投,,624-4
北投區,大業,一,772,北投區,北投,,624-4
北投區,大業,一,773,北投區,北投,,624-5
北投區,大業,一,774,北投區,北投,,624-5
北投區,大業,一,775,北投區,北投,,624-6
北投區,大業,一,776,北投區,北投,,624-9
北投區,大業,一,777,北投區,北投,,624-10
北投區,大業,一,778,北投區,北投,,624-2
北投區,大業,一,779,北投區,北投,,624-1
北投區,大業,一,78,北投區,北投,,92-88
北投區,大業,一,780,北投區,北投,,624-1
北投區,大業,一,781,北投區,北投,,1227
北投區,大業,一,782,北投區,北投,,1227
北投區,大業,一,783,北投區,北投,,1227
北投區,大業,一,784,北投區,北投,,623-12
北投區,大業,一,785,北投區,北投,,623-13
北投區,大業,一,786,北投區,北投,,623-14
北投區,大業,一,787,北投區,北投,,623-15
北投區,大業,一,788,北投區,北投,,623-16
北投區,大業,一,789,北投區,北投,,623
北投區,大業,一,79,北投區,北投,,92-91
北投區,大業,一,790,北投區,北投,,623-17
北投區,大業,一,791,北投區,北投,,623-17
北投區,大業,一,792,北投區,北投,,623-17
北投區,大業,一,793,北投區,北投,,623-18
北投區,大業,一,794,北投區,北投,,623-18
北投區,大業,一,795,北投區,北投,,623-19
北投區,大業,一,796,北投區,北投,,623-19
北投區,大業,一,797,北投區,北投,,623-20
北投區,大業,一,798,北投區,北投,,623-20
北投區,大業,一,799,北投區,北投,,623-21
北投區,大業,一,8,北投區,北投,,48-5
北投區,大業,一,800,北投區,北投,,623-21
北投區,大業,一,801,北投區,北投,,623-22
北投區,大業,一,802,北投區,北投,,623-22
北投區,大業,一,803,北投區,北投,,623-23
北投區,大業,一,804,北投區,北投,,623-24
北投區,大業,一,805,北投區,北投,,623-25
北投區,大業,一,806,北投區,北投,,623-26
北投區,大業,一,807,北投區,北投,,623-27
北投區,大業,一,808,北投區,北投,,623-28
北投區,大業,一,809,北投區,北投,,623-29
北投區,大業,一,81,北投區,北投,,92-5
北投區,大業,一,810,北投區,北投,,622-35
北投區,大業,一,811,北投區,北投,,622-1
北投區,大業,一,812,北投區,北投,,621-65
北投區,大業,一,814,北投區,北投,,621-63
北投區,大業,一,815,北投區,北投,,621-3
北投區,大業,一,816,北投區,北投,,621-58
北投區,大業,一,817,北投區,北投,,621-67
北投區,大業,一,818,北投區,北投,,621-59
北投區,大業,一,819,北投區,北投,,1227-1
北投區,大業,一,819-1,北投區,北投,,1227-1
北投區,大業,一,82,北投區,北投,,92-90
北投區,大業,一,820,北投區,北投,,629-11
北投區,大業,一,821,北投區,北投,,629-12
北投區,大業,一,822,北投區,北投,,1227
北投區,大業,一,823,北投區,北投,,588
北投區,大業,一,824,北投區,北投,,1227
北投區,大業,一,825,北投區,北投,,588
北投區,大業,一,826,北投區,北投,,588
北投區,大業,一,827,北投區,北投,,588
北投區,大業,一,828,北投區,北投,,627-6
北投區,大業,一,829,北投區,北投,,627-6
北投區,大業,一,83,北投區,北投,,92-89
北投區,大業,一,830,北投區,北投,,627
北投區,大業,一,831,北投區,北投,,627-1
北投區,大業,一,832,北投區,北投,,627-7
北投區,大業,一,833,北投區,北投,,585
北投區,大業,一,834,北投區,北投,,628
北投區,大業,一,835,北投區,北投,,628
北投區,大業,一,836,北投區,北投,,628-1
北投區,大業,一,837,北投區,北投,,628-2
北投區,大業,一,838,北投區,北投,,627-2
北投區,大業,一,839,北投區,北投,,627-3
北投區,大業,一,84,北投區,北投,,92-6
北投區,大業,一,840,北投區,北投,,627-4
北投區,大業,一,841,北投區,北投,,629-5
北投區,大業,一,842,北投區,北投,,629
北投區,大業,一,843,北投區,北投,,629-4
北投區,大業,一,844,北投區,北投,,629-5
北投區,大業,一,845,北投區,北投,,629-6
北投區,大業,一,846,北投區,北投,,629-7
北投區,大業,一,85,北投區,北投,,92-7
北投區,大業,一,856,北投區,北投,,620-38
北投區,大業,一,857,北投區,北投,,621-68
北投區,大業,一,858,北投區,北投,,621-61
北投區,大業,一,859,北投區,北投,,620-32
北投區,大業,一,860,北投區,北投,,621-26
北投區,大業,一,861,北投區,北投,,621-6
北投區,大業,一,862,北投區,北投,,620-1
北投區,大業,一,863,北投區,北投,,664-1
北投區,大業,一,864,北投區,北投,,664-1
北投區,大業,一,865,北投區,北投,,664-1
北投區,大業,一,866,北投區,北投,,664-1
北投區,大業,一,867,北投區,北投,,664-1
北投區,大業,一,868,北投區,北投,,664-1
北投區,大業,一,869,北投區,北投,,590-121
北投區,大業,一,87,北投區,北投,,92-87
北投區,大業,一,870,北投區,北投,,590-14
北投區,大業,一,871,北投區,北投,,601
北投區,大業,一,872,北投區,北投,,589-1
北投區,大業,一,873,北投區,北投,,589-33
北投區,大業,一,874,北投區,北投,,601-2
北投區,大業,一,875,北投區,北投,,601-3
北投區,大業,一,876,北投區,北投,,602-1
北投區,大業,一,877,北投區,北投,,602-2
北投區,大業,一,878,北投區,北投,,605-2
北投區,大業,一,879,北投區,北投,,605-50
北投區,大業,一,880,北投區,北投,,605-41
北投區,大業,一,881,北投區,北投,,603
北投區,大業,一,882,北投區,北投,,602-31
北投區,大業,一,883,北投區,北投,,603-2
北投區,大業,一,884,北投區,北投,,624
北投區,大業,一,885,北投區,北投,,604-6
北投區,大業,一,886,北投區,北投,,624-13
北投區,大業,一,887,北投區,北投,,624-11
北投區,大業,一,888,北投區,北投,,623-3
北投區,大業,一,889,北投區,北投,,615-14
北投區,大業,一,890,北投區,北投,,623-4
北投區,大業,一,891,北投區,北投,,623-5
北投區,大業,一,892,北投區,北投,,623-6
北投區,大業,一,893,北投區,北投,,623-7
北投區,大業,一,894,北投區,北投,,623-8
北投區,大業,一,895,北投區,北投,,623-9
北投區,大業,一,896,北投區,北投,,623-10
北投區,大業,一,897,北投區,北投,,622
北投區,大業,一,898,北投區,北投,,622-12
北投區,大業,一,899,北投區,北投,,622-15
北投區,大業,一,9,北投區,北投,,48-3
北投區,大業,一,900,北投區,北投,,622-2
北投區,大業,一,901,北投區,北投,,622-19
北投區,大業,一,902,北投區,北投,,622-20
北投區,大業,一,908,北投區,北投,,621-29
北投區,大業,一,910,北投區,北投,,621-25
北投區,大業,一,911,北投區,北投,,621-25
北投區,大業,一,912,北投區,北投,,618-2
北投區,大業,一,913,北投區,北投,,615-5
北投區,大業,一,914,北投區,北投,,621-5
北投區,大業,一,916,北投區,北投,,621-4
北投區,大業,一,917,北投區,北投,,621-55
北投區,大業,一,918,北投區,北投,,616-10
北投區,大業,一,919,北投區,北投,,616-48
北投區,大業,一,95,北投區,北投,,92-41
北投區,大業,一,96,北投區,北投,,92-85
北投區,大業,一,98,北投區,北投,,92-18
北投區,大業,一,99,北投區,北投,,92-40
北投區,大業,三,1,北投區,北投,,540-2
北投區,大業,三,10,北投區,北投,,540-10
北投區,大業,三,100,北投區,北投,,1246
北投區,大業,三,101,北投區,北投,,710-1
北投區,大業,三,102,北投區,北投,,710
北投區,大業,三,103,北投區,北投,,709
北投區,大業,三,104,北投區,北投,,709-2
北投區,大業,三,105,北投區,北投,,709-1
北投區,大業,三,106,北投區,北投,,708-2
北投區,大業,三,107,北投區,北投,,708-1
北投區,大業,三,108,北投區,北投,,708
北投區,大業,三,109,北投區,北投,,707-4
北投區,大業,三,11,北投區,北投,,540-11
北投區,大業,三,110,北投區,北投,,707-1
北投區,大業,三,111,北投區,北投,,707-9
北投區,大業,三,112,北投區,北投,,707-8
北投區,大業,三,113,北投區,北投,,707-3
北投區,大業,三,114,北投區,北投,,707-5
北投區,大業,三,115,北投區,北投,,707-2
北投區,大業,三,116,北投區,北投,,707-11
北投區,大業,三,117,北投區,北投,,707-7
北投區,大業,三,118,北投區,北投,,707-10
北投區,大業,三,119,北投區,北投,,707-6
北投區,大業,三,12,北投區,北投,,540-1
北投區,大業,三,120,北投區,北投,,707
北投區,大業,三,121,北投區,北投,,706-1
北投區,大業,三,122,北投區,北投,,706
北投區,大業,三,123,北投區,北投,,706-2
北投區,大業,三,124,北投區,北投,,705-10
北投區,大業,三,125,北投區,北投,,705-1
北投區,大業,三,126,北投區,北投,,705-11
北投區,大業,三,127,北投區,北投,,705-5
北投區,大業,三,128,北投區,北投,,705-4
北投區,大業,三,129,北投區,北投,,705-4
北投區,大業,三,13,北投區,北投,,540-3
北投區,大業,三,130,北投區,北投,,705-3
北投區,大業,三,131,北投區,北投,,705-9
北投區,大業,三,132,北投區,北投,,705-9
北投區,大業,三,133,北投區,北投,,705-2
北投區,大業,三,134,北投區,北投,,705-2
北投區,大業,三,135,北投區,北投,,705-2
北投區,大業,三,136,北投區,北投,,705-8
北投區,大業,三,137,北投區,北投,,705-8
北投區,大業,三,138,北投區,北投,,705-7
北投區,大業,三,139,北投區,北投,,705-7
北投區,大業,三,14,北投區,北投,,540-4
北投區,大業,三,140,北投區,北投,,705-6
北投區,大業,三,141,北投區,北投,,705-6
北投區,大業,三,142,北投區,北投,,536-12
北投區,大業,三,143,北投區,北投,,705
北投區,大業,三,144,北投區,北投,,704
北投區,大業,三,145,北投區,北投,,704-1
北投區,大業,三,146,北投區,北投,,703-1
北投區,大業,三,147,北投區,北投,,702-1
北投區,大業,三,148,北投區,北投,,702-1
北投區,大業,三,149,北投區,北投,,702
北投區,大業,三,15,北投區,北投,,550-2
北投區,大業,三,150,北投區,北投,,703
北投區,大業,三,151,北投區,北投,,703-2
北投區,大業,三,152,北投區,北投,,701-1
北投區,大業,三,154,北投區,北投,,701
北投區,大業,三,155,北投區,北投,,701
北投區,大業,三,156,北投區,北投,,700
北投區,大業,三,158,北投區,北投,,700-1
北投區,大業,三,159,北投區,北投,,699-1
北投區,大業,三,16,北投區,北投,,550-9
北投區,大業,三,162,北投區,北投,,699
北投區,大業,三,163,北投區,北投,,697
北投區,大業,三,166,北投區,北投,,698-1
北投區,大業,三,167,北投區,北投,,696-1
北投區,大業,三,169,北投區,北投,,696
北投區,大業,三,17,北投區,北投,,550-4
北投區,大業,三,170,北投區,北投,,695
北投區,大業,三,174,北投區,北投,,695-2
北投區,大業,三,175,北投區,北投,,679-1
北投區,大業,三,178,北投區,北投,,679
北投區,大業,三,179,北投區,北投,,678-1
北投區,大業,三,18,北投區,北投,,550-1
北投區,大業,三,182,北投區,北投,,678-2
北投區,大業,三,183,北投區,北投,,677-1
北投區,大業,三,185,北投區,北投,,676
北投區,大業,三,186,北投區,北投,,675-2
北投區,大業,三,187,北投區,北投,,675
北投區,大業,三,188,北投區,北投,,675-1
北投區,大業,三,189,北投區,北投,,674-2
北投區,大業,三,19,北投區,北投,,544-6
北投區,大業,三,190,北投區,北投,,674-6
北投區,大業,三,191,北投區,北投,,674-2
北投區,大業,三,192,北投區,北投,,674-1
北投區,大業,三,196,北投區,北投,,673
北投區,大業,三,197,北投區,北投,,673-1
北投區,大業,三,198,北投區,北投,,669-7
北投區,大業,三,199,北投區,北投,,669-8
北投區,大業,三,2,北投區,北投,,540
北投區,大業,三,20,北投區,北投,,551-6
北投區,大業,三,200,北投區,北投,,669-1
北投區,大業,三,201,北投區,北投,,669-2
北投區,大業,三,202,北投區,北投,,669-4
北投區,大業,三,203,北投區,北投,,669
北投區,大業,三,204,北投區,北投,,669-6
北投區,大業,三,205,北投區,北投,,668
北投區,大業,三,206,北投區,北投,,668-1
北投區,大業,三,207,北投區,北投,,536-9
北投區,大業,三,208,北投區,北投,,536-10
北投區,大業,三,209,北投區,北投,,718-11
北投區,大業,三,21,北投區,北投,,544-2
北投區,大業,三,210,北投區,北投,,718
北投區,大業,三,211,北投區,北投,,718
北投區,大業,三,212,北投區,北投,,718-12
北投區,大業,三,213,北投區,北投,,731-16
北投區,大業,三,214,北投區,北投,,731-17
北投區,大業,三,215,北投區,北投,,730-3
北投區,大業,三,216,北投區,北投,,717-1
北投區,大業,三,217,北投區,北投,,717-1
北投區,大業,三,218,北投區,北投,,717-2
北投區,大業,三,219,北投區,北投,,717-2
北投區,大業,三,22,北投區,北投,,544-5
北投區,大業,三,220,北投區,北投,,717
北投區,大業,三,221,北投區,北投,,730-114
北投區,大業,三,222,北投區,北投,,730-89
北投區,大業,三,223,北投區,北投,,720
北投區,大業,三,224,北投區,北投,,720-1
北投區,大業,三,225,北投區,北投,,721-16
北投區,大業,三,226,北投區,北投,,730-158
北投區,大業,三,227,北投區,北投,,721
北投區,大業,三,228,北投區,北投,,721-12
北投區,大業,三,229,北投區,北投,,721-6
北投區,大業,三,23,北投區,北投,,544-3
北投區,大業,三,230,北投區,北投,,721-2
北投區,大業,三,231,北投區,北投,,721-7
北投區,大業,三,232,北投區,北投,,721-8
北投區,大業,三,233,北投區,北投,,721-9
北投區,大業,三,234,北投區,北投,,721-10
北投區,大業,三,235,北投區,北投,,721-13
北投區,大業,三,236,北投區,北投,,721-11
北投區,大業,三,237,北投區,北投,,723
北投區,大業,三,238,北投區,北投,,723-4
北投區,大業,三,239,北投區,北投,,723-5
北投區,大業,三,24,北投區,北投,,550-12
北投區,大業,三,240,北投區,北投,,724
北投區,大業,三,241,北投區,北投,,724-2
北投區,大業,三,242,北投區,北投,,724-3
北投區,大業,三,243,北投區,北投,,724-4
北投區,大業,三,244,北投區,北投,,724-5
北投區,大業,三,245,北投區,北投,,724-9
北投區,大業,三,246,北投區,北投,,724-6
北投區,大業,三,247,北投區,北投,,724-8
北投區,大業,三,248,北投區,北投,,724-1
北投區,大業,三,249,北投區,北投,,723-1
北投區,大業,三,25,北投區,北投,,550-13
北投區,大業,三,250,北投區,北投,,722-3
北投區,大業,三,251,北投區,北投,,722
北投區,大業,三,254,北投區,北投,,723-7
北投區,大業,三,255,北投區,北投,,724-10
北投區,大業,三,256,北投區,北投,,724-11
北投區,大業,三,257,北投區,北投,,724-12
北投區,大業,三,258,北投區,北投,,723-2
北投區,大業,三,259,北投區,北投,,723-10
北投區,大業,三,26,北投區,北投,,550-14
北投區,大業,三,260,北投區,北投,,723-11
北投區,大業,三,261,北投區,北投,,724-13
北投區,大業,三,262,北投區,北投,,724-14
北投區,大業,三,263,北投區,北投,,723-12
北投區,大業,三,264,北投區,北投,,722-9
北投區,大業,三,265,北投區,北投,,722-4
北投區,大業,三,266,北投區,北投,,723-13
北投區,大業,三,267,北投區,北投,,724-15
北投區,大業,三,268,北投區,北投,,724-16
北投區,大業,三,269,北投區,北投,,723-14
北投區,大業,三,27,北投區,北投,,550-15
北投區,大業,三,270,北投區,北投,,723-15
北投區,大業,三,271,北投區,北投,,724-17
北投區,大業,三,272,北投區,北投,,724-18
北投區,大業,三,273,北投區,北投,,723-16
北投區,大業,三,274,北投區,北投,,724-19
北投區,大業,三,275,北投區,北投,,724-7
北投區,大業,三,276,北投區,北投,,724-20
北投區,大業,三,277,北投區,北投,,724-21
北投區,大業,三,278,北投區,北投,,724-22
北投區,大業,三,279,北投區,北投,,724-22
北投區,大業,三,28,北投區,北投,,553-1
北投區,大業,三,280,北投區,北投,,724-23
北投區,大業,三,282,北投區,北投,,723-3
北投區,大業,三,284,北投區,北投,,723-8
北投區,大業,三,285,北投區,北投,,723-9
北投區,大業,三,286,北投區,北投,,723-9
北投區,大業,三,287,北投區,北投,,722-8
北投區,大業,三,288,北投區,北投,,722-8
北投區,大業,三,289,北投區,北投,,722-7
北投區,大業,三,29,北投區,北投,,553-1
北投區,大業,三,290,北投區,北投,,722-7
北投區,大業,三,291,北投區,北投,,722-6
北投區,大業,三,292,北投區,北投,,722-6
北投區,大業,三,293,北投區,北投,,722-5
北投區,大業,三,294,北投區,北投,,722-5
北投區,大業,三,295,北投區,北投,,721-4
北投區,大業,三,296,北投區,北投,,721-4
北投區,大業,三,297,北投區,北投,,721-5
北投區,大業,三,298,北投區,北投,,721-5
北投區,大業,三,299,北投區,北投,,721-15
北投區,大業,三,3,北投區,北投,,540
北投區,大業,三,30,北投區,北投,,554-2
北投區,大業,三,300,北投區,北投,,721-3
北投區,大業,三,301,北投區,北投,,730-134
北投區,大業,三,302,北投區,北投,,730-133
北投區,大業,三,303,北投區,北投,,730-132
北投區,大業,三,304,北投區,北投,,730-131
北投區,大業,三,305,北投區,北投,,730-130
北投區,大業,三,306,北投區,北投,,730-154
北投區,大業,三,307,北投區,北投,,730-11
北投區,大業,三,308,北投區,北投,,730-6
北投區,大業,三,309,北投區,北投,,730-12
北投區,大業,三,31,北投區,北投,,554-1
北投區,大業,三,314,北投區,北投,,730-113
北投區,大業,三,315,北投區,北投,,730-135
北投區,大業,三,316,北投區,北投,,730-135
北投區,大業,三,317,北投區,北投,,730-136
北投區,大業,三,318,北投區,北投,,730-137
北投區,大業,三,319,北投區,北投,,730-138
北投區,大業,三,32,北投區,北投,,554
北投區,大業,三,320,北投區,北投,,730-139
北投區,大業,三,321,北投區,北投,,730-140
北投區,大業,三,322,北投區,北投,,730-141
北投區,大業,三,323,北投區,北投,,730-128
北投區,大業,三,324,北投區,北投,,731-1
北投區,大業,三,325,北投區,北投,,730-156
北投區,大業,三,326,北投區,北投,,731-20
北投區,大業,三,327,北投區,北投,,731-21
北投區,大業,三,328,北投區,北投,,731-22
北投區,大業,三,329,北投區,北投,,731-25
北投區,大業,三,33,北投區,北投,,555
北投區,大業,三,330,北投區,北投,,731-23
北投區,大業,三,331,北投區,北投,,731-4
北投區,大業,三,331-1,北投區,北投,,718-1
北投區,大業,三,332,北投區,北投,,731-24
北投區,大業,三,333,北投區,北投,,730-142
北投區,大業,三,334,北投區,北投,,730-143
北投區,大業,三,335,北投區,北投,,730-144
北投區,大業,三,336,北投區,北投,,730-145
北投區,大業,三,337,北投區,北投,,730-146
北投區,大業,三,338,北投區,北投,,730-147
北投區,大業,三,339,北投區,北投,,730-147
北投區,大業,三,34,北投區,北投,,555-2
北投區,大業,三,340,北投區,北投,,730-74
北投區,大業,三,341,北投區,北投,,730-74
北投區,大業,三,342,北投區,北投,,730-148
北投區,大業,三,343,北投區,北投,,730-149
北投區,大業,三,344,北投區,北投,,730-150
北投區,大業,三,345,北投區,北投,,730-151
北投區,大業,三,346,北投區,北投,,730-152
北投區,大業,三,347,北投區,北投,,730-153
北投區,大業,三,348,北投區,北投,,730-78
北投區,大業,三,349,北投區,北投,,730-23
北投區,大業,三,35,北投區,北投,,555-3
北投區,大業,三,350,北投區,北投,,730-14
北投區,大業,三,351,北投區,北投,,730-127
北投區,大業,三,352,北投區,北投,,730-15
北投區,大業,三,353,北投區,北投,,730-16
北投區,大業,三,354,北投區,北投,,730-25
北投區,大業,三,356,北投區,北投,,731-19
北投區,大業,三,357,北投區,北投,,730-26
北投區,大業,三,36,北投區,北投,,555-1
北投區,大業,三,360,北投區,北投,,730-79
北投區,大業,三,361,北投區,北投,,730
北投區,大業,三,362,北投區,北投,,730-75
北投區,大業,三,363,北投區,北投,,730-75
北投區,大業,三,364,北投區,北投,,730-65
北投區,大業,三,364,北投區,北投,,730-66
北投區,大業,三,365,北投區,北投,,730-65
北投區,大業,三,365,北投區,北投,,730-66
北投區,大業,三,366,北投區,北投,,730-64
北投區,大業,三,367,北投區,北投,,730-63
北投區,大業,三,368,北投區,北投,,730-62
北投區,大業,三,369,北投區,北投,,730-61
北投區,大業,三,37,北投區,北投,,555-11
北投區,大業,三,372,北投區,北投,,730-94
北投區,大業,三,374,北投區,北投,,728-2
北投區,大業,三,375,北投區,北投,,728-1
北投區,大業,三,376,北投區,北投,,728
北投區,大業,三,377,北投區,北投,,728
北投區,大業,三,378,北投區,北投,,729-2
北投區,大業,三,379,北投區,北投,,729-2
北投區,大業,三,38,北投區,北投,,555-12
北投區,大業,三,380,北投區,北投,,1250
北投區,大業,三,381,北投區,北投,,729-5
北投區,大業,三,382,北投區,北投,,725-4
北投區,大業,三,383,北投區,北投,,725-4
北投區,大業,三,384,北投區,北投,,725-4
北投區,大業,三,385,北投區,北投,,1250
北投區,大業,三,386,北投區,北投,,725-45
北投區,大業,三,387,北投區,北投,,725-45
北投區,大業,三,388,北投區,北投,,729-1
北投區,大業,三,389,北投區,北投,,728-4
北投區,大業,三,39,北投區,北投,,555-13
北投區,大業,三,390,北投區,北投,,729-8
北投區,大業,三,391,北投區,北投,,729-6
北投區,大業,三,392,北投區,北投,,729-7
北投區,大業,三,393,北投區,北投,,729
北投區,大業,三,394,北投區,北投,,729-4
北投區,大業,三,395,北投區,北投,,725-48
北投區,大業,三,396,北投區,北投,,725-15
北投區,大業,三,397,北投區,北投,,725-15
北投區,大業,三,398,北投區,北投,,725-16
北投區,大業,三,399,北投區,北投,,725-16
北投區,大業,三,4,北投區,北投,,540-5
北投區,大業,三,40,北投區,北投,,555-9
北投區,大業,三,400,北投區,北投,,725-17
北投區,大業,三,401,北投區,北投,,725-17
北投區,大業,三,402,北投區,北投,,725-19
北投區,大業,三,403,北投區,北投,,725-19
北投區,大業,三,404,北投區,北投,,725-3
北投區,大業,三,405,北投區,北投,,725-41
北投區,大業,三,406,北投區,北投,,725-42
北投區,大業,三,407,北投區,北投,,725-40
北投區,大業,三,408,北投區,北投,,725-39
北投區,大業,三,409,北投區,北投,,725-10
北投區,大業,三,41,北投區,北投,,555-8
北投區,大業,三,410,北投區,北投,,725-9
北投區,大業,三,411,北投區,北投,,725-9
北投區,大業,三,412,北投區,北投,,725-8
北投區,大業,三,413,北投區,北投,,725-8
北投區,大業,三,414,北投區,北投,,725-11
北投區,大業,三,415,北投區,北投,,725-37
北投區,大業,三,416,北投區,北投,,725-38
北投區,大業,三,417,北投區,北投,,725-34
北投區,大業,三,418,北投區,北投,,725-33
北投區,大業,三,419,北投區,北投,,725-12
北投區,大業,三,42,北投區,北投,,555-7
北投區,大業,三,420,北投區,北投,,725-47
北投區,大業,三,421,北投區,北投,,725-7
北投區,大業,三,422,北投區,北投,,725-7
北投區,大業,三,423,北投區,北投,,725-6
北投區,大業,三,424,北投區,北投,,725-6
北投區,大業,三,425,北投區,北投,,725-46
北投區,大業,三,426,北投區,北投,,725-13
北投區,大業,三,427,北投區,北投,,725-31
北投區,大業,三,428,北投區,北投,,725-32
北投區,大業,三,429,北投區,北投,,725-30
北投區,大業,三,43,北投區,北投,,555-6
北投區,大業,三,430,北投區,北投,,725-29
北投區,大業,三,431,北投區,北投,,725-14
北投區,大業,三,432,北投區,北投,,725-28
北投區,大業,三,433,北投區,北投,,725-27
北投區,大業,三,434,北投區,北投,,725-2
北投區,大業,三,435,北投區,北投,,725-25
北投區,大業,三,436,北投區,北投,,725-24
北投區,大業,三,437,北投區,北投,,725-5
北投區,大業,三,438,北投區,北投,,725-26
北投區,大業,三,439,北投區,北投,,725-26
北投區,大業,三,44,北投區,北投,,555-5
北投區,大業,三,440,北投區,北投,,1250
北投區,大業,三,441,北投區,北投,,725-23
北投區,大業,三,442,北投區,北投,,725-23
北投區,大業,三,443,北投區,北投,,725-22
北投區,大業,三,446,北投區,北投,,725-21
北投區,大業,三,447,北投區,北投,,725-20
北投區,大業,三,45,北投區,北投,,555-4
北投區,大業,三,450,北投區,北投,,725-43
北投區,大業,三,451,北投區,北投,,725
北投區,大業,三,453,北投區,北投,,725-1
北投區,大業,三,454,北投區,北投,,725-44
北投區,大業,三,455,北投區,北投,,725-44
北投區,大業,三,456,北投區,北投,,536-10
北投區,大業,三,457,北投區,北投,,683-3
北投區,大業,三,458,北投區,北投,,683-2
北投區,大業,三,459,北投區,北投,,683-2
北投區,大業,三,46,北投區,北投,,555-10
北投區,大業,三,460,北投區,北投,,682-6
北投區,大業,三,461,北投區,北投,,682-5
北投區,大業,三,469,北投區,北投,,685-1
北投區,大業,三,47,北投區,北投,,558-7
北投區,大業,三,470,北投區,北投,,686-5
北投區,大業,三,471,北投區,北投,,686-2
北投區,大業,三,473,北投區,北投,,686-1
北投區,大業,三,474,北投區,北投,,686
北投區,大業,三,475,北投區,北投,,686-3
北投區,大業,三,476,北投區,北投,,687-4
北投區,大業,三,477,北投區,北投,,687-1
北投區,大業,三,478,北投區,北投,,687
北投區,大業,三,479,北投區,北投,,687-2
北投區,大業,三,48,北投區,北投,,558-6
北投區,大業,三,480,北投區,北投,,688-2
北投區,大業,三,481,北投區,北投,,688-3
北投區,大業,三,482,北投區,北投,,688-1
北投區,大業,三,483,北投區,北投,,688
北投區,大業,三,484,北投區,北投,,688
北投區,大業,三,485,北投區,北投,,689
北投區,大業,三,486,北投區,北投,,690
北投區,大業,三,487,北投區,北投,,686-4
北投區,大業,三,488,北投區,北投,,691
北投區,大業,三,489,北投區,北投,,692
北投區,大業,三,49,北投區,北投,,558-5
北投區,大業,三,490,北投區,北投,,693
北投區,大業,三,491,北投區,北投,,694
北投區,大業,三,492,北投區,北投,,686-6
北投區,大業,三,493,北投區,北投,,680-6
北投區,大業,三,497,北投區,北投,,680-11
北投區,大業,三,498,北投區,北投,,680-9
北投區,大業,三,5,北投區,北投,,540-6
北投區,大業,三,50,北投區,北投,,557
北投區,大業,三,502,北投區,北投,,680-13
北投區,大業,三,509,北投區,北投,,680-20
北投區,大業,三,51,北投區,北投,,557
北投區,大業,三,511,北投區,北投,,665-14
北投區,大業,三,512,北投區,北投,,665-15
北投區,大業,三,513,北投區,北投,,682-10
北投區,大業,三,514,北投區,北投,,682-9
北投區,大業,三,515,北投區,北投,,665-16
北投區,大業,三,516,北投區,北投,,682-3
北投區,大業,三,517,北投區,北投,,682-4
北投區,大業,三,518,北投區,北投,,682
北投區,大業,三,519,北投區,北投,,665-12
北投區,大業,三,52,北投區,北投,,557-1
北投區,大業,三,521,北投區,北投,,680
北投區,大業,三,522,北投區,北投,,672
北投區,大業,三,526,北投區,北投,,671
北投區,大業,三,527,北投區,北投,,670-1
北投區,大業,三,53,北投區,北投,,558
北投區,大業,三,532,北投區,北投,,667-1
北投區,大業,三,533,北投區,北投,,667-2
北投區,大業,三,536,北投區,北投,,667
北投區,大業,三,537,北投區,北投,,666-6
北投區,大業,三,54,北投區,北投,,558-1
北投區,大業,三,544,北投區,北投,,666-7
北投區,大業,三,548,北投區,北投,,665-5
北投區,大業,三,549,北投區,北投,,665-8
北投區,大業,三,55,北投區,北投,,558-3
北投區,大業,三,550,北投區,北投,,665-4
北投區,大業,三,551,北投區,北投,,665-3
北投區,大業,三,552,北投區,北投,,665-11
北投區,大業,三,553,北投區,北投,,665-6
北投區,大業,三,554,北投區,北投,,665-10
北投區,大業,三,555,北投區,北投,,665-2
北投區,大業,三,556,北投區,北投,,665-2
北投區,大業,三,557,北投區,北投,,664
北投區,大業,三,558,北投區,北投,,665-9
北投區,大業,三,559,北投區,北投,,665-1
北投區,大業,三,56,北投區,北投,,559-10
北投區,大業,三,560,北投區,北投,,665
北投區,大業,三,561,北投區,北投,,664-9
北投區,大業,三,562,北投區,北投,,664
北投區,大業,三,563,北投區,北投,,664-10
北投區,大業,三,564,北投區,北投,,874-7
北投區,大業,三,565,北投區,北投,,874-7
北投區,大業,三,567,北投區,北投,,874-8
北投區,大業,三,568,北投區,北投,,874-8
北投區,大業,三,569,北投區,北投,,874-5
北投區,大業,三,57,北投區,北投,,558-2
北投區,大業,三,570,北投區,北投,,874-9
北投區,大業,三,573,北投區,北投,,874-13
北投區,大業,三,58,北投區,北投,,559-1
北投區,大業,三,581,北投區,北投,,869-25
北投區,大業,三,583,北投區,北投,,869-17
北投區,大業,三,588,北投區,北投,,869-15
北投區,大業,三,59,北投區,北投,,559
北投區,大業,三,594,北投區,北投,,870-7
北投區,大業,三,597,北投區,北投,,870-9
北投區,大業,三,598,北投區,北投,,870-11
北投區,大業,三,599,北投區,北投,,870-14
北投區,大業,三,6,北投區,北投,,541
北投區,大業,三,60,北投區,北投,,560
北投區,大業,三,600,北投區,北投,,870-16
北投區,大業,三,606,北投區,北投,,885-7
北投區,大業,三,608,北投區,北投,,885-7
北投區,大業,三,609,北投區,北投,,862-26
北投區,大業,三,61,北投區,北投,,560-25
北投區,大業,三,611,北投區,北投,,862
北投區,大業,三,612,北投區,北投,,862-13
北投區,大業,三,613,北投區,北投,,860-14
北投區,大業,三,614,北投區,北投,,852-3
北投區,大業,三,615,北投區,北投,,863-3
北投區,大業,三,616,北投區,北投,,863-1
北投區,大業,三,617,北投區,北投,,866-1
北投區,大業,三,618,北投區,北投,,863-4
北投區,大業,三,619,北投區,北投,,863-6
北投區,大業,三,62,北投區,北投,,560-24
北投區,大業,三,620,北投區,北投,,864
北投區,大業,三,621,北投區,北投,,839-17
北投區,大業,三,63,北投區,北投,,560-33
北投區,大業,三,64,北投區,北投,,560-13
北投區,大業,三,65,北投區,北投,,560-12
北投區,大業,三,66,北投區,北投,,561-1
北投區,大業,三,67,北投區,北投,,561-2
北投區,大業,三,676,北投區,北投,,832-6
北投區,大業,三,677,北投區,北投,,1255
北投區,大業,三,68,北投區,北投,,561-3
北投區,大業,三,680,北投區,北投,,831
北投區,大業,三,684,北投區,北投,,830
北投區,大業,三,685,北投區,北投,,829
北投區,大業,三,687,北投區,北投,,829-2
北投區,大業,三,688,北投區,北投,,829-2
北投區,大業,三,689,北投區,北投,,1257
北投區,大業,三,69,北投區,北投,,561-4
北投區,大業,三,690,北投區,北投,,1257
北投區,大業,三,692,北投區,北投,,828
北投區,大業,三,693,北投區,北投,,828
北投區,大業,三,7,北投區,北投,,540-7
北投區,大業,三,70,北投區,北投,,561-7
北投區,大業,三,71,北投區,北投,,561-7
北投區,大業,三,716,北投區,北投,,1254
北投區,大業,三,72,北投區,北投,,561-9
北投區,大業,三,720,北投區,北投,,839-9
北投區,大業,三,724,北投區,北投,,839-18
北投區,大業,三,73,北投區,北投,,561-8
北投區,大業,三,731,北投區,北投,,839-13
北投區,大業,三,734,北投區,北投,,839-2
北投區,大業,三,735,北投區,北投,,839-2
北投區,大業,三,737,北投區,北投,,839-3
北投區,大業,三,74,北投區,北投,,561-10
北投區,大業,三,740,北投區,北投,,839-19
北投區,大業,三,741,北投區,北投,,839-20
北投區,大業,三,745,北投區,北投,,840-42
北投區,大業,三,746,北投區,北投,,840-40
北投區,大業,三,747,北投區,北投,,840-38
北投區,大業,三,748,北投區,北投,,840-36
北投區,大業,三,749,北投區,北投,,840-34
北投區,大業,三,750,北投區,北投,,840-32
北投區,大業,三,751,北投區,北投,,840-30
北投區,大業,三,752,北投區,北投,,840-28
北投區,大業,三,753,北投區,北投,,840-26
北投區,大業,三,754,北投區,北投,,840-24
北投區,大業,三,755,北投區,北投,,840-22
北投區,大業,三,756,北投區,北投,,840-20
北投區,大業,三,757,北投區,北投,,866-13
北投區,大業,三,758,北投區,北投,,866-12
北投區,大業,三,759,北投區,北投,,866-11
北投區,大業,三,76,北投區,北投,,1246
北投區,大業,三,760,北投區,北投,,866-10
北投區,大業,三,762,北投區,北投,,866-15
北投區,大業,三,763,北投區,北投,,866
北投區,大業,三,764,北投區,北投,,866-7
北投區,大業,三,765,北投區,北投,,866-8
北投區,大業,三,766,北投區,北投,,866-9
北投區,大業,三,767,北投區,北投,,840-21
北投區,大業,三,768,北投區,北投,,840-23
北投區,大業,三,769,北投區,北投,,840-25
北投區,大業,三,77,北投區,北投,,550-11
北投區,大業,三,770,北投區,北投,,840-27
北投區,大業,三,771,北投區,北投,,840-29
北投區,大業,三,772,北投區,北投,,840-31
北投區,大業,三,773,北投區,北投,,840-33
北投區,大業,三,774,北投區,北投,,840-35
北投區,大業,三,775,北投區,北投,,840-37
北投區,大業,三,776,北投區,北投,,840-39
北投區,大業,三,777,北投區,北投,,840-41
北投區,大業,三,778,北投區,北投,,840-43
北投區,大業,三,779,北投區,北投,,840-45
北投區,大業,三,78,北投區,北投,,550
北投區,大業,三,780,北投區,北投,,840-46
北投區,大業,三,781,北投區,北投,,840-47
北投區,大業,三,782,北投區,北投,,840-48
北投區,大業,三,783,北投區,北投,,840-49
北投區,大業,三,784,北投區,北投,,840-50
北投區,大業,三,785,北投區,北投,,840-51
北投區,大業,三,786,北投區,北投,,840-52
北投區,大業,三,787,北投區,北投,,840-53
北投區,大業,三,788,北投區,北投,,840-54
北投區,大業,三,789,北投區,北投,,840-55
北投區,大業,三,79,北投區,北投,,550-16
北投區,大業,三,790,北投區,北投,,840-56
北投區,大業,三,791,北投區,北投,,840-57
北投區,大業,三,792,北投區,北投,,840-58
北投區,大業,三,793,北投區,北投,,840-60
北投區,大業,三,794,北投區,北投,,840-61
北投區,大業,三,795,北投區,北投,,840-62
北投區,大業,三,796,北投區,北投,,840-63
北投區,大業,三,797,北投區,北投,,840-18
北投區,大業,三,8,北投區,北投,,540-8
北投區,大業,三,80,北投區,北投,,550-10
北投區,大業,三,801,北投區,北投,,841-9
北投區,大業,三,802,北投區,北投,,840
北投區,大業,三,803,北投區,北投,,861
北投區,大業,三,804,北投區,北投,,861-1
北投區,大業,三,805,北投區,北投,,865-3
北投區,大業,三,806,北投區,北投,,841-1
北投區,大業,三,807,北投區,北投,,841
北投區,大業,三,808,北投區,北投,,841-11
北投區,大業,三,809,北投區,北投,,840-13
北投區,大業,三,81,北投區,北投,,545
北投區,大業,三,810,北投區,北投,,840-12
北投區,大業,三,811,北投區,北投,,840-11
北投區,大業,三,82,北投區,北投,,547-1
北投區,大業,三,83,北投區,北投,,546
北投區,大業,三,84,北投區,北投,,716
北投區,大業,三,85,北投區,北投,,536-9
北投區,大業,三,86,北投區,北投,,716-2
北投區,大業,三,87,北投區,北投,,716-3
北投區,大業,三,88,北投區,北投,,716-4
北投區,大業,三,89,北投區,北投,,715
北投區,大業,三,9,北投區,北投,,540-9
北投區,大業,三,90,北投區,北投,,715-1
北投區,大業,三,91,北投區,北投,,546-1
北投區,大業,三,92,北投區,北投,,546-4
北投區,大業,三,93,北投區,北投,,714-1
北投區,大業,三,94,北投區,北投,,714
北投區,大業,三,95,北投區,北投,,712
北投區,大業,三,96,北投區,北投,,713
北投區,大業,三,97,北投區,北投,,713-1
北投區,大業,三,98,北投區,北投,,711
北投區,大業,三,99,北投區,北投,,711-1
北投區,大業,二,1,北投區,北投,,537-11
北投區,大業,二,10,北投區,北投,,537-16
北投區,大業,二,100,北投區,北投,,661-2
北投區,大業,二,101,北投區,北投,,661-22
北投區,大業,二,102,北投區,北投,,661-20
北投區,大業,二,103,北投區,北投,,661-18
北投區,大業,二,104,北投區,北投,,661-21
北投區,大業,二,105,北投區,北投,,661-19
北投區,大業,二,106,北投區,北投,,588-7
北投區,大業,二,107,北投區,北投,,661-8
北投區,大業,二,108,北投區,北投,,661-25
北投區,大業,二,109,北投區,北投,,661-27
北投區,大業,二,11,北投區,北投,,537-13
北投區,大業,二,110,北投區,北投,,661
北投區,大業,二,111,北投區,北投,,661-10
北投區,大業,二,112,北投區,北投,,661-11
北投區,大業,二,113,北投區,北投,,661-12
北投區,大業,二,114,北投區,北投,,661-13
北投區,大業,二,115,北投區,北投,,661-14
北投區,大業,二,116,北投區,北投,,661-15
北投區,大業,二,116-1,北投區,北投,,661-15
北投區,大業,二,117,北投區,北投,,660-22
北投區,大業,二,117-1,北投區,北投,,660-22
北投區,大業,二,118,北投區,北投,,660-22
北投區,大業,二,119,北投區,北投,,660-18
北投區,大業,二,120,北投區,北投,,660-18
北投區,大業,二,121,北投區,北投,,660-17
北投區,大業,二,122,北投區,北投,,660-17
北投區,大業,二,123,北投區,北投,,660-16
北投區,大業,二,124,北投區,北投,,660-16
北投區,大業,二,125,北投區,北投,,660-15
北投區,大業,二,126,北投區,北投,,660-15
北投區,大業,二,127,北投區,北投,,660-14
北投區,大業,二,128,北投區,北投,,660-14
北投區,大業,二,129,北投區,北投,,660-13
北投區,大業,二,130,北投區,北投,,660-13
北投區,大業,二,131,北投區,北投,,660-11
北投區,大業,二,132,北投區,北投,,660-12
北投區,大業,二,133,北投區,北投,,661-9
北投區,大業,二,134,北投區,北投,,661-23
北投區,大業,二,135,北投區,北投,,661-24
北投區,大業,二,136,北投區,北投,,661-7
北投區,大業,二,137,北投區,北投,,661-6
北投區,大業,二,138,北投區,北投,,661-4
北投區,大業,二,139,北投區,北投,,661-3
北投區,大業,二,14,北投區,北投,,536-2
北投區,大業,二,140,北投區,北投,,661-5
北投區,大業,二,141,北投區,北投,,660-4
北投區,大業,二,142,北投區,北投,,588-7
北投區,大業,二,143,北投區,北投,,660-4
北投區,大業,二,144,北投區,北投,,660-11
北投區,大業,二,145,北投區,北投,,660-27
北投區,大業,二,145-1,北投區,北投,,660-27
北投區,大業,二,146,北投區,北投,,658-5
北投區,大業,二,147,北投區,北投,,660-26
北投區,大業,二,148,北投區,北投,,660-10
北投區,大業,二,149,北投區,北投,,660-10
北投區,大業,二,150,北投區,北投,,660-9
北投區,大業,二,151,北投區,北投,,660-9
北投區,大業,二,152,北投區,北投,,660-8
北投區,大業,二,153,北投區,北投,,660-8
北投區,大業,二,154,北投區,北投,,660-7
北投區,大業,二,155,北投區,北投,,660-7
北投區,大業,二,156,北投區,北投,,660-6
北投區,大業,二,157,北投區,北投,,660-6
北投區,大業,二,158,北投區,北投,,660-1
北投區,大業,二,159,北投區,北投,,660-5
北投區,大業,二,16,北投區,北投,,535-2
北投區,大業,二,160,北投區,北投,,660-5
北投區,大業,二,161,北投區,北投,,660-3
北投區,大業,二,162,北投區,北投,,660-3
北投區,大業,二,163,北投區,北投,,660-2
北投區,大業,二,164,北投區,北投,,660
北投區,大業,二,165,北投區,北投,,659-16
北投區,大業,二,166,北投區,北投,,659-15
北投區,大業,二,167,北投區,北投,,659-14
北投區,大業,二,168,北投區,北投,,659-13
北投區,大業,二,169,北投區,北投,,659-6
北投區,大業,二,17,北投區,北投,,527-6
北投區,大業,二,170,北投區,北投,,659-17
北投區,大業,二,171,北投區,北投,,659-18
北投區,大業,二,172,北投區,北投,,659-19
北投區,大業,二,173,北投區,北投,,658-10
北投區,大業,二,174,北投區,北投,,658-4
北投區,大業,二,175,北投區,北投,,658-3
北投區,大業,二,176,北投區,北投,,659-12
北投區,大業,二,177,北投區,北投,,659-4
北投區,大業,二,178,北投區,北投,,659-3
北投區,大業,二,179,北投區,北投,,659-5
北投區,大業,二,180,北投區,北投,,659-7
北投區,大業,二,181,北投區,北投,,659-2
北投區,大業,二,182,北投區,北投,,659-1
北投區,大業,二,183,北投區,北投,,659-11
北投區,大業,二,184,北投區,北投,,658-56
北投區,大業,二,185,北投區,北投,,658-55
北投區,大業,二,186,北投區,北投,,658-54
北投區,大業,二,187,北投區,北投,,659-10
北投區,大業,二,188,北投區,北投,,659-9
北投區,大業,二,189,北投區,北投,,659-8
北投區,大業,二,190,北投區,北投,,588-7
北投區,大業,二,191,北投區,北投,,659
北投區,大業,二,192,北投區,北投,,658-45
北投區,大業,二,193,北投區,北投,,658-52
北投區,大業,二,194,北投區,北投,,658-53
北投區,大業,二,195,北投區,北投,,658-6
北投區,大業,二,195-1,北投區,北投,,658-15
北投區,大業,二,195-2,北投區,北投,,658-15
北投區,大業,二,195-3,北投區,北投,,658-15
北投區,大業,二,195-4,北投區,北投,,660-19
北投區,大業,二,195-6,北投區,北投,,660-19
北投區,大業,二,195-7,北投區,北投,,664
北投區,大業,二,196,北投區,北投,,658-70
北投區,大業,二,197,北投區,北投,,588-4
北投區,大業,二,198,北投區,北投,,572-3
北投區,大業,二,199,北投區,北投,,573
北投區,大業,二,2,北投區,北投,,537-9
北投區,大業,二,200,北投區,北投,,580
北投區,大業,二,203,北投區,北投,,581-34
北投區,大業,二,205,北投區,北投,,532-18
北投區,大業,二,206,北投區,北投,,532-20
北投區,大業,二,207,北投區,北投,,532-138
北投區,大業,二,208,北投區,北投,,532-138
北投區,大業,二,209,北投區,北投,,532-19
北投區,大業,二,210,北投區,北投,,581-33
北投區,大業,二,211,北投區,北投,,580-17
北投區,大業,二,212,北投區,北投,,580-10
北投區,大業,二,213,北投區,北投,,580-1
北投區,大業,二,214,北投區,北投,,580-1
北投區,大業,二,215,北投區,北投,,580-18
北投區,大業,二,216,北投區,北投,,580-2
北投區,大業,二,217,北投區,北投,,580-3
北投區,大業,二,218,北投區,北投,,580-4
北投區,大業,二,219,北投區,北投,,581-21
北投區,大業,二,22,北投區,北投,,532-146
北投區,大業,二,220,北投區,北投,,581-32
北投區,大業,二,221,北投區,北投,,581-20
北投區,大業,二,226,北投區,北投,,532-92
北投區,大業,二,228,北投區,北投,,581-31
北投區,大業,二,229,北投區,北投,,581-31
北投區,大業,二,23,北投區,北投,,532-145
北投區,大業,二,230,北投區,北投,,581-22
北投區,大業,二,231,北投區,北投,,581-22
北投區,大業,二,232,北投區,北投,,582
北投區,大業,二,233,北投區,北投,,581-25
北投區,大業,二,234,北投區,北投,,581-24
北投區,大業,二,236,北投區,北投,,581-14
北投區,大業,二,238,北投區,北投,,581-43
北投區,大業,二,24,北投區,北投,,536-8
北投區,大業,二,243,北投區,北投,,583-6
北投區,大業,二,244,北投區,北投,,583-7
北投區,大業,二,245,北投區,北投,,583-9
北投區,大業,二,246,北投區,北投,,583-9
北投區,大業,二,247,北投區,北投,,583-19
北投區,大業,二,248,北投區,北投,,583-4
北投區,大業,二,249,北投區,北投,,583-3
北投區,大業,二,25,北投區,北投,,567-1
北投區,大業,二,251,北投區,北投,,581-35
北投區,大業,二,252,北投區,北投,,581-36
北投區,大業,二,253,北投區,北投,,583-17
北投區,大業,二,254,北投區,北投,,583
北投區,大業,二,255,北投區,北投,,581-37
北投區,大業,二,256,北投區,北投,,581-5
北投區,大業,二,257,北投區,北投,,582-6
北投區,大業,二,258,北投區,北投,,588-2
北投區,大業,二,259,北投區,北投,,582-5
北投區,大業,二,26,北投區,北投,,568-3
北投區,大業,二,260,北投區,北投,,582-4
北投區,大業,二,261,北投區,北投,,582-3
北投區,大業,二,262,北投區,北投,,588-2
北投區,大業,二,263,北投區,北投,,579-3
北投區,大業,二,264,北投區,北投,,579
北投區,大業,二,265,北投區,北投,,579-4
北投區,大業,二,266,北投區,北投,,579-6
北投區,大業,二,267,北投區,北投,,579-5
北投區,大業,二,268,北投區,北投,,579-7
北投區,大業,二,269,北投區,北投,,579-20
北投區,大業,二,27,北投區,北投,,568-4
北投區,大業,二,270,北投區,北投,,579-8
北投區,大業,二,271,北投區,北投,,579-9
北投區,大業,二,272,北投區,北投,,579-10
北投區,大業,二,273,北投區,北投,,578-10
北投區,大業,二,274,北投區,北投,,579-11
北投區,大業,二,275,北投區,北投,,579-12
北投區,大業,二,276,北投區,北投,,579-13
北投區,大業,二,277,北投區,北投,,579-14
北投區,大業,二,278,北投區,北投,,579-15
北投區,大業,二,279,北投區,北投,,579-16
北投區,大業,二,28,北投區,北投,,567-2
北投區,大業,二,280,北投區,北投,,588-2
北投區,大業,二,281,北投區,北投,,588-2
北投區,大業,二,282,北投區,北投,,578-13
北投區,大業,二,283,北投區,北投,,578-13
北投區,大業,二,284,北投區,北投,,578-12
北投區,大業,二,285,北投區,北投,,578-12
北投區,大業,二,286,北投區,北投,,578-8
北投區,大業,二,287,北投區,北投,,578-8
北投區,大業,二,288,北投區,北投,,578
北投區,大業,二,289,北投區,北投,,578-11
北投區,大業,二,29,北投區,北投,,568-7
北投區,大業,二,290,北投區,北投,,578-11
北投區,大業,二,291,北投區,北投,,577
北投區,大業,二,292,北投區,北投,,577
北投區,大業,二,293,北投區,北投,,575-1
北投區,大業,二,294,北投區,北投,,575-1
北投區,大業,二,295,北投區,北投,,575-10
北投區,大業,二,296,北投區,北投,,575-10
北投區,大業,二,297,北投區,北投,,575
北投區,大業,二,298,北投區,北投,,575-6
北投區,大業,二,299,北投區,北投,,575-6
北投區,大業,二,3,北投區,北投,,537-10
北投區,大業,二,30,北投區,北投,,568-8
北投區,大業,二,300,北投區,北投,,575-8
北投區,大業,二,301,北投區,北投,,575-8
北投區,大業,二,302,北投區,北投,,574
北投區,大業,二,303,北投區,北投,,574
北投區,大業,二,304,北投區,北投,,574
北投區,大業,二,305,北投區,北投,,573-1
北投區,大業,二,306,北投區,北投,,573-1
北投區,大業,二,307,北投區,北投,,588-3
北投區,大業,二,308,北投區,北投,,588-3
北投區,大業,二,309,北投區,北投,,588-3
北投區,大業,二,31,北投區,北投,,567-4
北投區,大業,二,312,北投區,北投,,658
北投區,大業,二,313,北投區,北投,,658
北投區,大業,二,314,北投區,北投,,658-40
北投區,大業,二,315,北投區,北投,,658-41
北投區,大業,二,316,北投區,北投,,658-42
北投區,大業,二,317,北投區,北投,,658-43
北投區,大業,二,318,北投區,北投,,658-44
北投區,大業,二,319,北投區,北投,,658-32
北投區,大業,二,32,北投區,北投,,566-9
北投區,大業,二,320,北投區,北投,,658-39
北投區,大業,二,321,北投區,北投,,645-9
北投區,大業,二,322,北投區,北投,,645-9
北投區,大業,二,323,北投區,北投,,645-6
北投區,大業,二,324,北投區,北投,,645-6
北投區,大業,二,325,北投區,北投,,645-6
北投區,大業,二,326,北投區,北投,,645-4
北投區,大業,二,327,北投區,北投,,658-33
北投區,大業,二,328,北投區,北投,,658-34
北投區,大業,二,329,北投區,北投,,658-35
北投區,大業,二,33,北投區,北投,,566
北投區,大業,二,330,北投區,北投,,658-36
北投區,大業,二,331,北投區,北投,,658-37
北投區,大業,二,332,北投區,北投,,658-23
北投區,大業,二,333,北投區,北投,,658-29
北投區,大業,二,334,北投區,北投,,658-30
北投區,大業,二,335,北投區,北投,,658-31
北投區,大業,二,336,北投區,北投,,658-28
北投區,大業,二,337,北投區,北投,,658-27
北投區,大業,二,338,北投區,北投,,658-26
北投區,大業,二,339,北投區,北投,,658-25
北投區,大業,二,34,北投區,北投,,566-8
北投區,大業,二,340,北投區,北投,,658-1
北投區,大業,二,341,北投區,北投,,658-2
北投區,大業,二,342,北投區,北投,,664-4
北投區,大業,二,343,北投區,北投,,658-24
北投區,大業,二,344,北投區,北投,,658-47
北投區,大業,二,345,北投區,北投,,658-46
北投區,大業,二,346,北投區,北投,,658-22
北投區,大業,二,347,北投區,北投,,658-21
北投區,大業,二,348,北投區,北投,,658-20
北投區,大業,二,349,北投區,北投,,658-19
北投區,大業,二,35,北投區,北投,,566-10
北投區,大業,二,350,北投區,北投,,658-18
北投區,大業,二,351,北投區,北投,,658-17
北投區,大業,二,352,北投區,北投,,658-16
北投區,大業,二,353,北投區,北投,,645-3
北投區,大業,二,354,北投區,北投,,645-2
北投區,大業,二,355,北投區,北投,,645-8
北投區,大業,二,356,北投區,北投,,645-7
北投區,大業,二,357,北投區,北投,,658-38
北投區,大業,二,358,北投區,北投,,645-10
北投區,大業,二,359,北投區,北投,,645-11
北投區,大業,二,36,北投區,北投,,566-11
北投區,大業,二,360,北投區,北投,,645-1
北投區,大業,二,361,北投區,北投,,645-12
北投區,大業,二,362,北投區,北投,,645
北投區,大業,二,363,北投區,北投,,645
北投區,大業,二,364,北投區,北投,,1252
北投區,大業,二,365,北投區,北投,,1252
北投區,大業,二,366,北投區,北投,,644-4
北投區,大業,二,367,北投區,北投,,644-3
北投區,大業,二,368,北投區,北投,,644-2
北投區,大業,二,369,北投區,北投,,644-7
北投區,大業,二,37,北投區,北投,,566-1
北投區,大業,二,370,北投區,北投,,644-6
北投區,大業,二,371,北投區,北投,,644-1
北投區,大業,二,372,北投區,北投,,644
北投區,大業,二,373,北投區,北投,,644-5
北投區,大業,二,374,北投區,北投,,643-1
北投區,大業,二,375,北投區,北投,,643
北投區,大業,二,376,北投區,北投,,641-7
北投區,大業,二,377,北投區,北投,,641-3
北投區,大業,二,378,北投區,北投,,641-2
北投區,大業,二,379,北投區,北投,,641-6
北投區,大業,二,38,北投區,北投,,566-2
北投區,大業,二,380,北投區,北投,,641-5
北投區,大業,二,381,北投區,北投,,641-1
北投區,大業,二,382,北投區,北投,,641
北投區,大業,二,383,北投區,北投,,641-4
北投區,大業,二,384,北投區,北投,,642-2
北投區,大業,二,385,北投區,北投,,642-2
北投區,大業,二,386,北投區,北投,,642-9
北投區,大業,二,387,北投區,北投,,642-8
北投區,大業,二,388,北投區,北投,,642-1
北投區,大業,二,389,北投區,北投,,642
北投區,大業,二,39,北投區,北投,,566-12
北投區,大業,二,390,北投區,北投,,642-7
北投區,大業,二,391,北投區,北投,,640-5
北投區,大業,二,392,北投區,北投,,640-2
北投區,大業,二,393,北投區,北投,,588-3
北投區,大業,二,394,北投區,北投,,588-3
北投區,大業,二,395,北投區,北投,,640-4
北投區,大業,二,396,北投區,北投,,640-4
北投區,大業,二,397,北投區,北投,,640-4
北投區,大業,二,398,北投區,北投,,639
北投區,大業,二,399,北投區,北投,,639
北投區,大業,二,4,北投區,北投,,537-5
北投區,大業,二,40,北投區,北投,,566-13
北投區,大業,二,400,北投區,北投,,637-3
北投區,大業,二,401,北投區,北投,,637-3
北投區,大業,二,402,北投區,北投,,638-1
北投區,大業,二,403,北投區,北投,,640-1
北投區,大業,二,404,北投區,北投,,640-1
北投區,大業,二,405,北投區,北投,,638
北投區,大業,二,406,北投區,北投,,638
北投區,大業,二,407,北投區,北投,,638
北投區,大業,二,408,北投區,北投,,651
北投區,大業,二,409,北投區,北投,,640-1
北投區,大業,二,41,北投區,北投,,566-3
北投區,大業,二,411,北投區,北投,,646-2
北投區,大業,二,412,北投區,北投,,646-4
北投區,大業,二,413,北投區,北投,,646-1
北投區,大業,二,414,北投區,北投,,646-10
北投區,大業,二,415,北投區,北投,,646-13
北投區,大業,二,416,北投區,北投,,646
北投區,大業,二,417,北投區,北投,,646
北投區,大業,二,418,北投區,北投,,649
北投區,大業,二,419,北投區,北投,,649-2
北投區,大業,二,42,北投區,北投,,566-14
北投區,大業,二,420,北投區,北投,,657-1
北投區,大業,二,421,北投區,北投,,657
北投區,大業,二,422,北投區,北投,,656
北投區,大業,二,423,北投區,北投,,656-1
北投區,大業,二,424,北投區,北投,,656-2
北投區,大業,二,425,北投區,北投,,656-3
北投區,大業,二,426,北投區,北投,,656-5
北投區,大業,二,427,北投區,北投,,656-5
北投區,大業,二,428,北投區,北投,,656-6
北投區,大業,二,429,北投區,北投,,656-4
北投區,大業,二,43,北投區,北投,,566-4
北投區,大業,二,430,北投區,北投,,654-4
北投區,大業,二,431,北投區,北投,,654-12
北投區,大業,二,432,北投區,北投,,654-11
北投區,大業,二,433,北投區,北投,,654-3
北投區,大業,二,434,北投區,北投,,654-6
北投區,大業,二,435,北投區,北投,,654-2
北投區,大業,二,436,北投區,北投,,654-10
北投區,大業,二,437,北投區,北投,,654-9
北投區,大業,二,44,北投區,北投,,566-5
北投區,大業,二,440,北投區,北投,,654
北投區,大業,二,441,北投區,北投,,653
北投區,大業,二,442,北投區,北投,,653
北投區,大業,二,443,北投區,北投,,654-5
北投區,大業,二,444,北投區,北投,,654-1
北投區,大業,二,445,北投區,北投,,588-3
北投區,大業,二,446,北投區,北投,,588-3
北投區,大業,二,447,北投區,北投,,654-7
北投區,大業,二,448,北投區,北投,,588-3
北投區,大業,二,449,北投區,北投,,652
北投區,大業,二,45,北投區,北投,,566-6
北投區,大業,二,450,北投區,北投,,652
北投區,大業,二,451,北投區,北投,,637-4
北投區,大業,二,453,北投區,北投,,637-4
北投區,大業,二,454,北投區,北投,,637-6
北投區,大業,二,455,北投區,北投,,637-5
北投區,大業,二,456,北投區,北投,,636-49
北投區,大業,二,457,北投區,北投,,636-49
北投區,大業,二,458,北投區,北投,,636-23
北投區,大業,二,459,北投區,北投,,636-23
北投區,大業,二,46,北投區,北投,,566-7
北投區,大業,二,460,北投區,北投,,636-22
北投區,大業,二,461,北投區,北投,,636-22
北投區,大業,二,462,北投區,北投,,636-21
北投區,大業,二,463,北投區,北投,,636-21
北投區,大業,二,464,北投區,北投,,636-20
北投區,大業,二,465,北投區,北投,,636-20
北投區,大業,二,466,北投區,北投,,636-19
北投區,大業,二,467,北投區,北投,,636-19
北投區,大業,二,468,北投區,北投,,636-18
北投區,大業,二,469,北投區,北投,,636-18
北投區,大業,二,47,北投區,北投,,565
北投區,大業,二,470,北投區,北投,,636-17
北投區,大業,二,471,北投區,北投,,636-17
北投區,大業,二,472,北投區,北投,,636-16
北投區,大業,二,473,北投區,北投,,636-16
北投區,大業,二,474,北投區,北投,,636-15
北投區,大業,二,475,北投區,北投,,636-15
北投區,大業,二,476,北投區,北投,,636-13
北投區,大業,二,477,北投區,北投,,636-13
北投區,大業,二,478,北投區,北投,,636-14
北投區,大業,二,479,北投區,北投,,635-3
北投區,大業,二,48,北投區,北投,,565-2
北投區,大業,二,480,北投區,北投,,635-3
北投區,大業,二,481,北投區,北投,,635-1
北投區,大業,二,484,北投區,北投,,635-2
北投區,大業,二,485,北投區,北投,,635
北投區,大業,二,487,北投區,北投,,635
北投區,大業,二,488,北投區,北投,,634-7
北投區,大業,二,489,北投區,北投,,634-11
北投區,大業,二,490,北投區,北投,,634-11
北投區,大業,二,491,北投區,北投,,634-10
北投區,大業,二,492,北投區,北投,,634-10
北投區,大業,二,493,北投區,北投,,634-9
北投區,大業,二,498,北投區,北投,,634-8
北投區,大業,二,499,北投區,北投,,634-7
北投區,大業,二,5,北投區,北投,,537-12
北投區,大業,二,500,北投區,北投,,634-6
北投區,大業,二,501,北投區,北投,,634-6
北投區,大業,二,502,北投區,北投,,634-5
北投區,大業,二,503,北投區,北投,,634-5
北投區,大業,二,504,北投區,北投,,634-4
北投區,大業,二,505,北投區,北投,,634-4
北投區,大業,二,506,北投區,北投,,634-3
北投區,大業,二,507,北投區,北投,,634-3
北投區,大業,二,508,北投區,北投,,634-2
北投區,大業,二,509,北投區,北投,,634-2
北投區,大業,二,51,北投區,北投,,564-8
北投區,大業,二,510,北投區,北投,,634-17
北投區,大業,二,511,北投區,北投,,634-17
北投區,大業,二,512,北投區,北投,,634-1
北投區,大業,二,513,北投區,北投,,634-1
北投區,大業,二,514,北投區,北投,,634-16
北投區,大業,二,515,北投區,北投,,633-15
北投區,大業,二,516,北投區,北投,,633-11
北投區,大業,二,517,北投區,北投,,633-13
北投區,大業,二,518,北投區,北投,,634
北投區,大業,二,519,北投區,北投,,634
北投區,大業,二,52,北投區,北投,,563-17
北投區,大業,二,520,北投區,北投,,588-3
北投區,大業,二,521,北投區,北投,,588-2
北投區,大業,二,522,北投區,北投,,633-3
北投區,大業,二,523,北投區,北投,,633-3
北投區,大業,二,524,北投區,北投,,633-3
北投區,大業,二,525,北投區,北投,,633-4
北投區,大業,二,526,北投區,北投,,633-5
北投區,大業,二,527,北投區,北投,,630-8
北投區,大業,二,528,北投區,北投,,633-12
北投區,大業,二,529,北投區,北投,,630-4
北投區,大業,二,53,北投區,北投,,563-8
北投區,大業,二,532,北投區,北投,,630
北投區,大業,二,534,北投區,北投,,629-2
北投區,大業,二,537,北投區,北投,,631
北投區,大業,二,538,北投區,北投,,620-22
北投區,大業,二,539,北投區,北投,,620-5
北投區,大業,二,54,北投區,北投,,562-7
北投區,大業,二,541,北投區,北投,,629-10
北投區,大業,二,542,北投區,北投,,620-21
北投區,大業,二,543,北投區,北投,,620-4
北投區,大業,二,544,北投區,北投,,620-22
北投區,大業,二,545,北投區,北投,,631-2
北投區,大業,二,546,北投區,北投,,631-8
北投區,大業,二,547,北投區,北投,,631-5
北投區,大業,二,549,北投區,北投,,633
北投區,大業,二,55,北投區,北投,,562
北投區,大業,二,550,北投區,北投,,631-13
北投區,大業,二,551,北投區,北投,,631-2
北投區,大業,二,553,北投區,北投,,632-10
北投區,大業,二,554,北投區,北投,,634-12
北投區,大業,二,555,北投區,北投,,634-12
北投區,大業,二,556,北投區,北投,,636-24
北投區,大業,二,557,北投區,北投,,636-24
北投區,大業,二,558,北投區,北投,,636-2
北投區,大業,二,559,北投區,北投,,636-2
北投區,大業,二,56,北投區,北投,,562-5
北投區,大業,二,560,北投區,北投,,636-5
北投區,大業,二,561,北投區,北投,,636-5
北投區,大業,二,562,北投區,北投,,636-7
北投區,大業,二,563,北投區,北投,,636-7
北投區,大業,二,564,北投區,北投,,636-8
北投區,大業,二,565,北投區,北投,,636-8
北投區,大業,二,566,北投區,北投,,636-32
北投區,大業,二,567,北投區,北投,,636-9
北投區,大業,二,568,北投區,北投,,636-9
北投區,大業,二,569,北投區,北投,,636-10
北投區,大業,二,57,北投區,北投,,562-5
北投區,大業,二,571,北投區,北投,,636
北投區,大業,二,572,北投區,北投,,636-11
北投區,大業,二,573,北投區,北投,,636-11
北投區,大業,二,574,北投區,北投,,636-42
北投區,大業,二,575,北投區,北投,,636-42
北投區,大業,二,576,北投區,北投,,636-43
北投區,大業,二,577,北投區,北投,,636-43
北投區,大業,二,578,北投區,北投,,636-12
北投區,大業,二,579,北投區,北投,,636-12
北投區,大業,二,58,北投區,北投,,562-8
北投區,大業,二,580,北投區,北投,,636-12
北投區,大業,二,581,北投區,北投,,636-12
北投區,大業,二,582,北投區,北投,,636-44
北投區,大業,二,583,北投區,北投,,636-44
北投區,大業,二,584,北投區,北投,,636-45
北投區,大業,二,585,北投區,北投,,636-45
北投區,大業,二,586,北投區,北投,,636-46
北投區,大業,二,587,北投區,北投,,636-47
北投區,大業,二,588,北投區,北投,,637
北投區,大業,二,589,北投區,北投,,637
北投區,大業,二,59,北投區,北投,,563-19
北投區,大業,二,590,北投區,北投,,618-122
北投區,大業,二,591,北投區,北投,,618-122
北投區,大業,二,592,北投區,北投,,618-121
北投區,大業,二,593,北投區,北投,,618-121
北投區,大業,二,594,北投區,北投,,618-66
北投區,大業,二,595,北投區,北投,,618-64
北投區,大業,二,596,北投區,北投,,618-120
北投區,大業,二,597,北投區,北投,,618-120
北投區,大業,二,598,北投區,北投,,618-119
北投區,大業,二,599,北投區,北投,,618-119
北投區,大業,二,60,北投區,北投,,562-6
北投區,大業,二,600,北投區,北投,,618-118
北投區,大業,二,601,北投區,北投,,618-118
北投區,大業,二,602,北投區,北投,,618-117
北投區,大業,二,603,北投區,北投,,618-117
北投區,大業,二,604,北投區,北投,,618-62
北投區,大業,二,605,北投區,北投,,618-60
北投區,大業,二,606,北投區,北投,,618-116
北投區,大業,二,607,北投區,北投,,618-116
北投區,大業,二,608,北投區,北投,,618-115
北投區,大業,二,609,北投區,北投,,618-115
北投區,大業,二,61,北投區,北投,,563-18
北投區,大業,二,610,北投區,北投,,618-59
北投區,大業,二,611,北投區,北投,,618-59
北投區,大業,二,612,北投區,北投,,618-44
北投區,大業,二,613,北投區,北投,,618-44
北投區,大業,二,614,北投區,北投,,618-78
北投區,大業,二,615,北投區,北投,,618-78
北投區,大業,二,616,北投區,北投,,618-77
北投區,大業,二,617,北投區,北投,,618-77
北投區,大業,二,618,北投區,北投,,618-43
北投區,大業,二,619,北投區,北投,,618-43
北投區,大業,二,62,北投區,北投,,563-20
北投區,大業,二,620,北投區,北投,,637-1
北投區,大業,二,621,北投區,北投,,636-40
北投區,大業,二,622,北投區,北投,,636-39
北投區,大業,二,623,北投區,北投,,636-38
北投區,大業,二,624,北投區,北投,,636-35
北投區,大業,二,625,北投區,北投,,636-33
北投區,大業,二,626,北投區,北投,,636
北投區,大業,二,627,北投區,北投,,636
北投區,大業,二,628,北投區,北投,,636-36
北投區,大業,二,629,北投區,北投,,636-36
北投區,大業,二,63,北投區,北投,,562-1
北投區,大業,二,630,北投區,北投,,636-37
北投區,大業,二,631,北投區,北投,,636-37
北投區,大業,二,632,北投區,北投,,636-37
北投區,大業,二,633,北投區,北投,,636
北投區,大業,二,634,北投區,北投,,636-29
北投區,大業,二,635,北投區,北投,,632-20
北投區,大業,二,636,北投區,北投,,636-30
北投區,大業,二,637,北投區,北投,,636-31
北投區,大業,二,638,北投區,北投,,632-19
北投區,大業,二,639,北投區,北投,,632-18
北投區,大業,二,64,北投區,北投,,562-2
北投區,大業,二,640,北投區,北投,,632-17
北投區,大業,二,641,北投區,北投,,632-16
北投區,大業,二,642,北投區,北投,,632-3
北投區,大業,二,643,北投區,北投,,632-4
北投區,大業,二,644,北投區,北投,,632-2
北投區,大業,二,645,北投區,北投,,632-1
北投區,大業,二,646,北投區,北投,,632-28
北投區,大業,二,647,北投區,北投,,632-35
北投區,大業,二,648,北投區,北投,,632-29
北投區,大業,二,649,北投區,北投,,632-30
北投區,大業,二,65,北投區,北投,,563-21
北投區,大業,二,650,北投區,北投,,632-31
北投區,大業,二,651,北投區,北投,,632-32
北投區,大業,二,652,北投區,北投,,632-33
北投區,大業,二,653,北投區,北投,,636-28
北投區,大業,二,654,北投區,北投,,636-28
北投區,大業,二,655,北投區,北投,,636
北投區,大業,二,656,北投區,北投,,636-27
北投區,大業,二,657,北投區,北投,,636-27
北投區,大業,二,658,北投區,北投,,636-27
北投區,大業,二,659,北投區,北投,,636-26
北投區,大業,二,66,北投區,北投,,564
北投區,大業,二,660,北投區,北投,,636-26
北投區,大業,二,661,北投區,北投,,636-26
北投區,大業,二,662,北投區,北投,,636
北投區,大業,二,663,北投區,北投,,636-41
北投區,大業,二,664,北投區,北投,,636-25
北投區,大業,二,665,北投區,北投,,636-25
北投區,大業,二,666,北投區,北投,,632
北投區,大業,二,667,北投區,北投,,637-1
北投區,大業,二,668,北投區,北投,,637-1
北投區,大業,二,67,北投區,北投,,564-1
北投區,大業,二,671,北投區,北投,,631-4
北投區,大業,二,672,北投區,北投,,620-12
北投區,大業,二,673,北投區,北投,,620-37
北投區,大業,二,674,北投區,北投,,620-3
北投區,大業,二,675,北投區,北投,,620-36
北投區,大業,二,676,北投區,北投,,620-8
北投區,大業,二,678,北投區,北投,,620-7
北投區,大業,二,679,北投區,北投,,620-18
北投區,大業,二,68,北投區,北投,,564-9
北投區,大業,二,682,北投區,北投,,619
北投區,大業,二,683,北投區,北投,,619
北投區,大業,二,684,北投區,北投,,620-17
北投區,大業,二,685,北投區,北投,,620-6
北投區,大業,二,686,北投區,北投,,620-9
北投區,大業,二,687,北投區,北投,,620-9
北投區,大業,二,688,北投區,北投,,620-16
北投區,大業,二,689,北投區,北投,,619-6
北投區,大業,二,69,北投區,北投,,563-22
北投區,大業,二,690,北投區,北投,,619-9
北投區,大業,二,699,北投區,北投,,619-3
北投區,大業,二,70,北投區,北投,,563-3
北投區,大業,二,700,北投區,北投,,618-1
北投區,大業,二,704,北投區,北投,,618-75
北投區,大業,二,705,北投區,北投,,618-40
北投區,大業,二,706,北投區,北投,,618-40
北投區,大業,二,707,北投區,北投,,618-74
北投區,大業,二,708,北投區,北投,,618-55
北投區,大業,二,709,北投區,北投,,618-41
北投區,大業,二,71,北投區,北投,,563-4
北投區,大業,二,710,北投區,北投,,618-42
北投區,大業,二,711,北投區,北投,,664-1
北投區,大業,二,712,北投區,北投,,664-1
北投區,大業,二,713,北投區,北投,,618-6
北投區,大業,二,714,北投區,北投,,618-80
北投區,大業,二,715,北投區,北投,,621-62
北投區,大業,二,716,北投區,北投,,621-27
北投區,大業,二,717,北投區,北投,,621-69
北投區,大業,二,718,北投區,北投,,618-58
北投區,大業,二,719,北投區,北投,,618-54
北投區,大業,二,72,北投區,北投,,563
北投區,大業,二,720,北投區,北投,,618
北投區,大業,二,721,北投區,北投,,618-81
北投區,大業,二,722,北投區,北投,,618-39
北投區,大業,二,723,北投區,北投,,618-17
北投區,大業,二,724,北投區,北投,,618-82
北投區,大業,二,725,北投區,北投,,618-84
北投區,大業,二,726,北投區,北投,,618-18
北投區,大業,二,727,北投區,北投,,618-19
北投區,大業,二,728,北投區,北投,,618-85
北投區,大業,二,729,北投區,北投,,618-86
北投區,大業,二,73,北投區,北投,,563-15
北投區,大業,二,730,北投區,北投,,618-7
北投區,大業,二,731,北投區,北投,,618-8
北投區,大業,二,732,北投區,北投,,618-87
北投區,大業,二,733,北投區,北投,,618-88
北投區,大業,二,734,北投區,北投,,618-9
北投區,大業,二,735,北投區,北投,,618-10
北投區,大業,二,736,北投區,北投,,618-89
北投區,大業,二,737,北投區,北投,,618-90
北投區,大業,二,74,北投區,北投,,564-10
北投區,大業,二,741,北投區,北投,,618-92
北投區,大業,二,742,北投區,北投,,618-13
北投區,大業,二,743,北投區,北投,,618-14
北投區,大業,二,744,北投區,北投,,618-93
北投區,大業,二,745,北投區,北投,,618-94
北投區,大業,二,746,北投區,北投,,618-15
北投區,大業,二,747,北投區,北投,,618-16
北投區,大業,二,748,北投區,北投,,618-95
北投區,大業,二,749,北投區,北投,,618-96
北投區,大業,二,75,北投區,北投,,564-7
北投區,大業,二,750,北投區,北投,,618-20
北投區,大業,二,751,北投區,北投,,618-21
北投區,大業,二,752,北投區,北投,,618-97
北投區,大業,二,753,北投區,北投,,618-98
北投區,大業,二,754,北投區,北投,,618-22
北投區,大業,二,755,北投區,北投,,618-23
北投區,大業,二,76,北投區,北投,,563-16
北投區,大業,二,765,北投區,北投,,618-104
北投區,大業,二,77,北投區,北投,,563-14
北投區,大業,二,790,北投區,北投,,640
北投區,大業,二,793,北投區,北投,,664-4
北投區,大業,二,794,北投區,北投,,639-3
北投區,大業,二,796,北投區,北投,,1228-1
北投區,大業,二,797,北投區,北投,,1228-2
北投區,大業,二,798,北投區,北投,,664-11
北投區,大業,二,799,北投區,北投,,664-11
北投區,大業,二,800,北投區,北投,,664-11
北投區,大業,二,801,北投區,北投,,664-11
北投區,大業,二,802,北投區,北投,,879-5
北投區,大業,二,803,北投區,北投,,879
北投區,大業,二,804,北投區,北投,,879-17
北投區,大業,二,805,北投區,北投,,874-2
北投區,大業,二,806,北投區,北投,,874-3
北投區,大業,二,807,北投區,北投,,664-6
北投區,大業,二,808,北投區,北投,,664-6
北投區,大業,二,809,北投區,北投,,877-6
北投區,大業,二,81,北投區,北投,,563-9
北投區,大業,二,810,北投區,北投,,664-4
北投區,大業,二,811,北投區,北投,,874-3
北投區,大業,二,812,北投區,北投,,874-2
北投區,大業,二,813,北投區,北投,,874-7
北投區,大業,二,814,北投區,北投,,874-4
北投區,大業,二,815,北投區,北投,,874-15
北投區,大業,二,816,北投區,北投,,874-16
北投區,大業,二,817,北投區,北投,,874-17
北投區,大業,二,818,北投區,北投,,874-18
北投區,大業,二,819,北投區,北投,,874-19
北投區,大業,二,82,北投區,北投,,564-2
北投區,大業,二,820,北投區,北投,,874-20
北投區,大業,二,821,北投區,北投,,874-21
北投區,大業,二,822,北投區,北投,,874-22
北投區,大業,二,823,北投區,北投,,874-23
北投區,大業,二,824,北投區,北投,,874-24
北投區,大業,二,825,北投區,北投,,871
北投區,大業,二,826,北投區,北投,,880-6
北投區,大業,二,827,北投區,北投,,879-18
北投區,大業,二,828,北投區,北投,,885-5
北投區,大業,二,83,北投區,北投,,563-10
北投區,大業,二,830,北投區,北投,,885-13
北投區,大業,二,831,北投區,北投,,885-3
北投區,大業,二,832,北投區,北投,,876-4
北投區,大業,二,837,北投區,北投,,890
北投區,大業,二,84,北投區,北投,,564-3
北投區,大業,二,841,北投區,北投,,885-16
北投區,大業,二,844,北投區,北投,,891-8
北投區,大業,二,85,北投區,北投,,564-4
北投區,大業,二,850,北投區,北投,,892-1
北投區,大業,二,855,北投區,北投,,871-1
北投區,大業,二,86,北投區,北投,,564-11
北投區,大業,二,862,北投區,北投,,892-2
北投區,大業,二,863,北投區,北投,,862-2
北投區,大業,二,864,北投區,北投,,862-16
北投區,大業,二,865,北投區,北投,,862-24
北投區,大業,二,866,北投區,北投,,862-24
北投區,大業,二,88,北投區,北投,,565-1
北投區,大業,二,89,北投區,北投,,569-6
北投區,大業,二,92,北投區,北投,,588-6
北投區,大業,二,93,北投區,北投,,662-12
北投區,大業,二,94,北投區,北投,,662-1
北投區,大業,二,95,北投區,北投,,662
北投區,大業,二,96,北投區,北投,,662-2
北投區,大業,二,97,北投區,北投,,662-3
北投區,大業,二,98,北投區,北投,,662-4
北投區,大業,二,99,北投區,北投,,662-5
北投區,大業,五,1,北投區,大業,三,631
北投區,大業,五,1,北投區,大業,三,632
北投區,大業,五,1,北投區,大業,三,636
北投區,大業,五,1,北投區,大業,三,653
北投區,大業,五,1,北投區,大業,三,654
北投區,大業,五,1,北投區,大業,三,656
北投區,大業,五,1,北投區,大業,三,662
北投區,大業,五,1,北投區,大業,三,664
北投區,大業,五,1,北投區,大業,三,671
北投區,大業,五,1,北投區,大業,三,701
北投區,大業,五,1,北投區,大業,三,702
北投區,大業,五,1,北投區,大業,三,705
北投區,大業,五,1,北投區,大業,三,709
北投區,大業,五,1,北投區,大業,三,719
北投區,大業,五,1-10,北投區,大業,三,700
北投區,大業,五,1-13,北投區,大業,五,1-11
北投區,大業,五,1-2,北投區,大業,三,696
北投區,大業,五,1-3,北投區,大業,三,639
北投區,大業,五,1-3,北投區,大業,三,639-1
北投區,大業,五,1-3,北投區,大業,三,650
北投區,大業,五,1-3,北投區,大業,三,691
北投區,大業,五,1-3,北投區,大業,三,697
北投區,大業,五,1-3,北投區,大業,三,698
北投區,大業,五,1-3,北投區,大業,三,714
北投區,大業,五,1-3,北投區,大業,四,175-1
北投區,大業,五,1-3,北投區,大業,四,283-1
北投區,大業,五,1-5,北投區,大業,三,699
北投區,大業,五,1-8,北投區,大業,三,694
北投區,大業,五,1-8,北投區,大業,三,717
北投區,大業,五,1-8,北投區,大業,三,718
北投區,大業,五,1-8,北投區,大業,四,174-1
北投區,大業,五,1-9,北投區,大業,三,695
北投區,大業,五,1-9,北投區,大業,四,176-1
北投區,大業,五,2,北投區,大業,三,640
北投區,大業,五,2-10,北投區,大業,三,623
北投區,大業,五,2-10,北投區,大業,三,626
北投區,大業,五,2-10,北投區,大業,三,630
北投區,大業,五,2-10,北投區,大業,三,635
北投區,大業,五,2-10,北投區,大業,三,638
北投區,大業,五,2-10,北投區,大業,三,640
北投區,大業,五,2-10,北投區,大業,三,642
北投區,大業,五,2-10,北投區,大業,三,643
北投區,大業,五,2-10,北投區,大業,三,644
北投區,大業,五,2-10,北投區,大業,三,722
北投區,大業,五,2-10,北投區,大業,三,725
北投區,大業,五,2-2,北投區,大業,三,649
北投區,大業,五,2-8,北投區,大業,三,632
北投區,大業,五,2-8,北投區,大業,三,633
北投區,大業,五,2-8,北投區,大業,三,634
北投區,大業,五,2-9,北投區,大業,三,645
北投區,大業,五,2-9,北投區,大業,三,657
北投區,大業,五,2-9,北投區,大業,三,659
北投區,大業,五,2-9,北投區,大業,三,660
北投區,大業,五,2-9,北投區,大業,三,661
北投區,大業,五,3-1,北投區,大業,三,678
北投區,大業,五,3-1,北投區,大業,三,679
北投區,大業,五,3-1,北投區,大業,三,713
北投區,大業,五,3-1,北投區,大業,三,715
北投區,大業,五,3-1,北投區,大業,三,723
北投區,大業,四,1,北投區,北投,,536-9
北投區,大業,四,10,北投區,北投,,730-31
北投區,大業,四,100,北投區,北投,,741-2
北投區,大業,四,101,北投區,北投,,739-4
北投區,大業,四,102,北投區,北投,,739
北投區,大業,四,103,北投區,北投,,739-1
北投區,大業,四,104,北投區,北投,,1264
北投區,大業,四,105,北投區,北投,,741-13
北投區,大業,四,106,北投區,北投,,741-14
北投區,大業,四,108,北投區,北投,,739-3
北投區,大業,四,11,北投區,北投,,732-7
北投區,大業,四,110,北投區,北投,,1259
北投區,大業,四,111,北投區,北投,,440-2
北投區,大業,四,112,北投區,北投,,440-6
北投區,大業,四,115,北投區,北投,,440-5
北投區,大業,四,117,北投區,北投,,439-1
北投區,大業,四,118,北投區,北投,,439
北投區,大業,四,119,北投區,北投,,740-2
北投區,大業,四,12,北投區,北投,,730-32
北投區,大業,四,129,北投區,北投,,1264-4
北投區,大業,四,13,北投區,北投,,730-91
北投區,大業,四,130,北投區,北投,,1264-5
北投區,大業,四,131,北投區,北投,,428
北投區,大業,四,132,北投區,北投,,741-4
北投區,大業,四,133,北投區,北投,,1259-4
北投區,大業,四,134,北投區,北投,,1262
北投區,大業,四,135,北投區,北投,,1262
北投區,大業,四,136,北投區,北投,,428-1
北投區,大業,四,137,北投區,北投,,418-59
北投區,大業,四,138,北投區,北投,,428-1
北投區,大業,四,139,北投區,北投,,518-59
北投區,大業,四,14,北投區,北投,,732-8
北投區,大業,四,140,北投區,北投,,428-7
北投區,大業,四,141,北投區,北投,,428-14
北投區,大業,四,142,北投區,北投,,428-15
北投區,大業,四,144,北投區,北投,,427-2
北投區,大業,四,145,北投區,北投,,428-16
北投區,大業,四,146,北投區,北投,,741-11
北投區,大業,四,147,北投區,北投,,741-24
北投區,大業,四,148,北投區,北投,,741-26
北投區,大業,四,149,北投區,北投,,741-27
北投區,大業,四,15,北投區,北投,,732-33
北投區,大業,四,150,北投區,北投,,741-33
北投區,大業,四,151,北投區,北投,,741-32
北投區,大業,四,152,北投區,北投,,427-5
北投區,大業,四,153,北投區,北投,,427-6
北投區,大業,四,154,北投區,北投,,418-1
北投區,大業,四,155,北投區,北投,,418-1
北投區,大業,四,156,北投區,北投,,427-7
北投區,大業,四,157,北投區,北投,,426
北投區,大業,四,158,北投區,北投,,426-3
北投區,大業,四,159,北投區,北投,,426-4
北投區,大業,四,16,北投區,北投,,732-9
北投區,大業,四,160,北投區,北投,,741-7
北投區,大業,四,161,北投區,北投,,741-8
北投區,大業,四,162,北投區,北投,,421-2
北投區,大業,四,163,北投區,北投,,421-11
北投區,大業,四,164,北投區,北投,,420-2
北投區,大業,四,165,北投區,北投,,420-5
北投區,大業,四,166,北投區,北投,,741-9
北投區,大業,四,167,北投區,北投,,420-6
北投區,大業,四,168,北投區,北投,,419-2
北投區,大業,四,169,北投區,北投,,741-10
北投區,大業,四,17,北投區,北投,,732-32
北投區,大業,四,170,北投區,北投,,664-3
北投區,大業,四,172,北投區,北投,,664
北投區,大業,四,173,北投區,北投,,828-1
北投區,大業,四,174,北投區,北投,,828-1
北投區,大業,四,176,北投區,北投,,829-5
北投區,大業,四,177,北投區,北投,,829-3
北投區,大業,四,179,北投區,北投,,820-5
北投區,大業,四,18,北投區,北投,,730-123
北投區,大業,四,180,北投區,北投,,820-4
北投區,大業,四,181,北投區,北投,,820-1
北投區,大業,四,181-1,北投區,北投,,820-1
北投區,大業,四,182,北投區,北投,,827-3
北投區,大業,四,183,北投區,北投,,828-2
北投區,大業,四,185,北投區,北投,,827-1
北投區,大業,四,185-1,北投區,北投,,827-1
北投區,大業,四,186,北投區,北投,,827
北投區,大業,四,186-1,北投區,北投,,827
北投區,大業,四,187,北投區,北投,,827-2
北投區,大業,四,188,北投區,北投,,821-2
北投區,大業,四,188-1,北投區,北投,,821-2
北投區,大業,四,188-2,北投區,北投,,821-2
北投區,大業,四,188-3,北投區,北投,,821-2
北投區,大業,四,189,北投區,北投,,821
北投區,大業,四,189-1,北投區,北投,,821
北投區,大業,四,19,北投區,北投,,730-124
北投區,大業,四,191,北投區,北投,,826
北投區,大業,四,192,北投區,北投,,825
北投區,大業,四,193,北投區,北投,,825
北投區,大業,四,195,北投區,北投,,824-1
北投區,大業,四,196,北投區,北投,,824
北投區,大業,四,197,北投區,北投,,823
北投區,大業,四,198,北投區,北投,,823-1
北投區,大業,四,199,北投區,北投,,822-1
北投區,大業,四,2,北投區,北投,,732-34
北投區,大業,四,20,北投區,北投,,730-125
北投區,大業,四,200,北投區,北投,,822
北投區,大業,四,202,北投區,北投,,743
北投區,大業,四,203,北投區,北投,,743-6
北投區,大業,四,204,北投區,北投,,744-6
北投區,大業,四,205,北投區,北投,,744-2
北投區,大業,四,206,北投區,北投,,745
北投區,大業,四,207,北投區,北投,,745-3
北投區,大業,四,208,北投區,北投,,746-5
北投區,大業,四,209,北投區,北投,,746-2
北投區,大業,四,21,北投區,北投,,730-99
北投區,大業,四,210,北投區,北投,,747
北投區,大業,四,211,北投區,北投,,747-5
北投區,大業,四,212,北投區,北投,,754-5
北投區,大業,四,213,北投區,北投,,754-2
北投區,大業,四,214,北投區,北投,,755
北投區,大業,四,215,北投區,北投,,755-5
北投區,大業,四,216,北投區,北投,,755-6
北投區,大業,四,217,北投區,北投,,746-1
北投區,大業,四,218,北投區,北投,,746-3
北投區,大業,四,219,北投區,北投,,755-6
北投區,大業,四,22,北投區,北投,,730-120
北投區,大業,四,220,北投區,北投,,754-6
北投區,大業,四,221,北投區,北投,,747-6
北投區,大業,四,222,北投區,北投,,746-6
北投區,大業,四,223,北投區,北投,,746-1
北投區,大業,四,225,北投區,北投,,755-3
北投區,大業,四,226,北投區,北投,,754-13
北投區,大業,四,227,北投區,北投,,747-23
北投區,大業,四,228,北投區,北投,,747-24
北投區,大業,四,229,北投區,北投,,746-25
北投區,大業,四,23,北投區,北投,,730-121
北投區,大業,四,230,北投區,北投,,746-24
北投區,大業,四,231,北投區,北投,,745-16
北投區,大業,四,232,北投區,北投,,745-17
北投區,大業,四,237,北投區,北投,,744-7
北投區,大業,四,238,北投區,北投,,744-1
北投區,大業,四,239,北投區,北投,,744-4
北投區,大業,四,24,北投區,北投,,730-96
北投區,大業,四,240,北投區,北投,,744-11
北投區,大業,四,241,北投區,北投,,744-8
北投區,大業,四,242,北投區,北投,,744-3
北投區,大業,四,246,北投區,北投,,743-7
北投區,大業,四,247,北投區,北投,,743-1
北投區,大業,四,248,北投區,北投,,743-5
北投區,大業,四,249,北投區,北投,,743-2
北投區,大業,四,25,北投區,北投,,730-33
北投區,大業,四,250,北投區,北投,,743-2
北投區,大業,四,251,北投區,北投,,743-5
北投區,大業,四,253,北投區,北投,,743-1
北投區,大業,四,254,北投區,北投,,743-7
北投區,大業,四,257,北投區,北投,,821-7
北投區,大業,四,258,北投區,北投,,820-31
北投區,大業,四,259,北投區,北投,,821-8
北投區,大業,四,26,北投區,北投,,730-81
北投區,大業,四,260,北投區,北投,,821-6
北投區,大業,四,261,北投區,北投,,820-29
北投區,大業,四,262,北投區,北投,,819-1
北投區,大業,四,263,北投區,北投,,819-1
北投區,大業,四,264,北投區,北投,,821-1
北投區,大業,四,265,北投區,北投,,819-6
北投區,大業,四,266,北投區,北投,,820-17
北投區,大業,四,267,北投區,北投,,748-32
北投區,大業,四,268,北投區,北投,,820
北投區,大業,四,269,北投區,北投,,819-14
北投區,大業,四,270,北投區,北投,,819-6
北投區,大業,四,271,北投區,北投,,819-6
北投區,大業,四,272,北投區,北投,,819-1
北投區,大業,四,273,北投區,北投,,819
北投區,大業,四,274,北投區,北投,,820-28
北投區,大業,四,275,北投區,北投,,821-4
北投區,大業,四,276,北投區,北投,,827-4
北投區,大業,四,277,北投區,北投,,820-15
北投區,大業,四,278,北投區,北投,,820-25
北投區,大業,四,279,北投區,北投,,820-23
北投區,大業,四,28,北投區,北投,,730-100
北投區,大業,四,280,北投區,北投,,820-21
北投區,大業,四,281,北投區,北投,,819-27
北投區,大業,四,282,北投區,北投,,829-13
北投區,大業,四,283,北投區,北投,,829-9
北投區,大業,四,284,北投區,北投,,830-4
北投區,大業,四,286,北投區,北投,,818-9
北投區,大業,四,287,北投區,北投,,818-11
北投區,大業,四,289,北投區,北投,,832-10
北投區,大業,四,29,北投區,北投,,730-101
北投區,大業,四,290,北投區,北投,,832-11
北投區,大業,四,291,北投區,北投,,1256
北投區,大業,四,298,北投區,北投,,818-10
北投區,大業,四,299,北投區,北投,,1256-4
北投區,大業,四,3,北投區,北投,,732-1
北投區,大業,四,30,北投區,北投,,730-101
北投區,大業,四,300,北投區,北投,,830-6
北投區,大業,四,301,北投區,北投,,830-6
北投區,大業,四,302,北投區,北投,,830-7
北投區,大業,四,303,北投區,北投,,1256-4
北投區,大業,四,304,北投區,北投,,818-4
北投區,大業,四,305,北投區,北投,,818-5
北投區,大業,四,306,北投區,北投,,818
北投區,大業,四,307,北投區,北投,,818-5
北投區,大業,四,308,北投區,北投,,818
北投區,大業,四,31,北投區,北投,,730-116
北投區,大業,四,310,北投區,北投,,818-18
北投區,大業,四,311,北投區,北投,,1256-6
北投區,大業,四,312,北投區,北投,,817
北投區,大業,四,314,北投區,北投,,748-30
北投區,大業,四,315,北投區,北投,,817-1
北投區,大業,四,316,北投區,北投,,818-6
北投區,大業,四,317,北投區,北投,,818-6
北投區,大業,四,319,北投區,北投,,1256-5
北投區,大業,四,32,北投區,北投,,730-115
北投區,大業,四,320,北投區,北投,,819-4
北投區,大業,四,321,北投區,北投,,819-4
北投區,大業,四,322,北投區,北投,,1256-2
北投區,大業,四,323,北投區,北投,,817-6
北投區,大業,四,324,北投區,北投,,819-4
北投區,大業,四,325,北投區,北投,,819-6
北投區,大業,四,326,北投區,北投,,819-2
北投區,大業,四,327,北投區,北投,,817-2
北投區,大業,四,328,北投區,北投,,816-4
北投區,大業,四,329,北投區,北投,,816-5
北投區,大業,四,33,北投區,北投,,730-117
北投區,大業,四,330,北投區,北投,,816-3
北投區,大業,四,331,北投區,北投,,816-6
北投區,大業,四,332,北投區,北投,,819-20
北投區,大業,四,333,北投區,北投,,819-16
北投區,大業,四,334,北投區,北投,,820-18
北投區,大業,四,335,北投區,北投,,819-17
北投區,大業,四,336,北投區,北投,,743-9
北投區,大業,四,337,北投區,北投,,743-20
北投區,大業,四,338,北投區,北投,,743-18
北投區,大業,四,339,北投區,北投,,743-16
北投區,大業,四,34,北投區,北投,,730-97
北投區,大業,四,340,北投區,北投,,743-14
北投區,大業,四,341,北投區,北投,,743-12
北投區,大業,四,342,北投區,北投,,743-10
北投區,大業,四,343,北投區,北投,,743-11
北投區,大業,四,344,北投區,北投,,743-13
北投區,大業,四,345,北投區,北投,,743-15
北投區,大業,四,346,北投區,北投,,743-17
北投區,大業,四,347,北投區,北投,,743-19
北投區,大業,四,348,北投區,北投,,743-21
北投區,大業,四,349,北投區,北投,,745-10
北投區,大業,四,35,北投區,北投,,730-98
北投區,大業,四,350,北投區,北投,,745-11
北投區,大業,四,351,北投區,北投,,745-12
北投區,大業,四,352,北投區,北投,,745-13
北投區,大業,四,353,北投區,北投,,745-14
北投區,大業,四,354,北投區,北投,,745-15
北投區,大業,四,355,北投區,北投,,746-20
北投區,大業,四,356,北投區,北投,,746-17
北投區,大業,四,357,北投區,北投,,746-15
北投區,大業,四,358,北投區,北投,,746-14
北投區,大業,四,359,北投區,北投,,746-18
北投區,大業,四,36,北投區,北投,,730-122
北投區,大業,四,360,北投區,北投,,746-21
北投區,大業,四,361,北投區,北投,,746-23
北投區,大業,四,362,北投區,北投,,747-21
北投區,大業,四,363,北投區,北投,,747-19
北投區,大業,四,364,北投區,北投,,747-17
北投區,大業,四,365,北投區,北投,,747-15
北投區,大業,四,366,北投區,北投,,754-10
北投區,大業,四,368,北投區,北投,,747-22
北投區,大業,四,369,北投區,北投,,755-14
北投區,大業,四,37,北投區,北投,,730-77
北投區,大業,四,370,北投區,北投,,748-10
北投區,大業,四,371,北投區,北投,,753-21
北投區,大業,四,372,北投區,北投,,748-8
北投區,大業,四,373,北投區,北投,,753
北投區,大業,四,374,北投區,北投,,754-9
北投區,大業,四,375,北投區,北投,,747-13
北投區,大業,四,376,北投區,北投,,747-12
北投區,大業,四,377,北投區,北投,,747-9
北投區,大業,四,378,北投區,北投,,747-8
北投區,大業,四,379,北投區,北投,,746-11
北投區,大業,四,38,北投區,北投,,730-76
北投區,大業,四,380,北投區,北投,,746-12
北投區,大業,四,381,北投區,北投,,746-10
北投區,大業,四,382,北投區,北投,,746-8
北投區,大業,四,383,北投區,北投,,746
北投區,大業,四,384,北投區,北投,,745-7
北投區,大業,四,385,北投區,北投,,745-8
北投區,大業,四,386,北投區,北投,,745-9
北投區,大業,四,387,北投區,北投,,745-2
北投區,大業,四,388,北投區,北投,,748-33
北投區,大業,四,389,北投區,北投,,743-23
北投區,大業,四,39,北投區,北投,,728-1
北投區,大業,四,390,北投區,北投,,748-15
北投區,大業,四,391,北投區,北投,,748-17
北投區,大業,四,392,北投區,北投,,748-19
北投區,大業,四,393,北投區,北投,,748-21
北投區,大業,四,394,北投區,北投,,748-20
北投區,大業,四,395,北投區,北投,,748-18
北投區,大業,四,396,北投區,北投,,748-16
北投區,大業,四,397,北投區,北投,,748-14
北投區,大業,四,398,北投區,北投,,743-22
北投區,大業,四,399,北投區,北投,,748
北投區,大業,四,4,北投區,北投,,732-1
北投區,大業,四,400,北投區,北投,,748-43
北投區,大業,四,401,北投區,北投,,748-1
北投區,大業,四,402,北投區,北投,,819-18
北投區,大業,四,403,北投區,北投,,819-24
北投區,大業,四,404,北投區,北投,,819-23
北投區,大業,四,405,北投區,北投,,819-25
北投區,大業,四,406,北投區,北投,,748-1
北投區,大業,四,408,北投區,北投,,819-22
北投區,大業,四,409,北投區,北投,,819-21
北投區,大業,四,41,北投區,北投,,730-73
北投區,大業,四,410,北投區,北投,,748-26
北投區,大業,四,411,北投區,北投,,815
北投區,大業,四,414,北投區,北投,,819-3
北投區,大業,四,415,北投區,北投,,816-2
北投區,大業,四,416,北投區,北投,,748-41
北投區,大業,四,419,北投區,北投,,815-10
北投區,大業,四,42,北投區,北投,,730-72
北投區,大業,四,420,北投區,北投,,748-40
北投區,大業,四,421,北投區,北投,,815-9
北投區,大業,四,422,北投區,北投,,748-39
北投區,大業,四,423,北投區,北投,,816-1
北投區,大業,四,424,北投區,北投,,815-8
北投區,大業,四,425,北投區,北投,,748-27
北投區,大業,四,426,北投區,北投,,816
北投區,大業,四,427,北投區,北投,,817-5
北投區,大業,四,428,北投區,北投,,817-4
北投區,大業,四,429,北投區,北投,,748-28
北投區,大業,四,43,北投區,北投,,730-71
北投區,大業,四,431,北投區,北投,,1256
北投區,大業,四,432,北投區,北投,,815-6
北投區,大業,四,433,北投區,北投,,815-7
北投區,大業,四,434,北投區,北投,,815-4
北投區,大業,四,435,北投區,北投,,815-12
北投區,大業,四,436,北投區,北投,,815-2
北投區,大業,四,437,北投區,北投,,814-26
北投區,大業,四,439,北投區,北投,,839-10
北投區,大業,四,44,北投區,北投,,730-70
北投區,大業,四,440,北投區,北投,,840-8
北投區,大業,四,441,北投區,北投,,814-22
北投區,大業,四,442,北投區,北投,,814-1
北投區,大業,四,443,北投區,北投,,814-2
北投區,大業,四,444,北投區,北投,,815-1
北投區,大業,四,445,北投區,北投,,815-1
北投區,大業,四,446,北投區,北投,,814-2
北投區,大業,四,447,北投區,北投,,814-2
北投區,大業,四,448,北投區,北投,,815-1
北投區,大業,四,449,北投區,北投,,815
北投區,大業,四,45,北投區,北投,,730-69
北投區,大業,四,450,北投區,北投,,748-1
北投區,大業,四,451,北投區,北投,,748-22
北投區,大業,四,453,北投區,北投,,815
北投區,大業,四,454,北投區,北投,,815
北投區,大業,四,455,北投區,北投,,748-1
北投區,大業,四,456,北投區,北投,,815
北投區,大業,四,458,北投區,北投,,748-34
北投區,大業,四,459,北投區,北投,,749
北投區,大業,四,46,北投區,北投,,730-68
北投區,大業,四,461,北投區,北投,,749-12
北投區,大業,四,462,北投區,北投,,749-9
北投區,大業,四,463,北投區,北投,,749-7
北投區,大業,四,464,北投區,北投,,749-5
北投區,大業,四,465,北投區,北投,,748-23
北投區,大業,四,466,北投區,北投,,749-8
北投區,大業,四,467,北投區,北投,,749-10
北投區,大業,四,468,北投區,北投,,749-13
北投區,大業,四,469,北投區,北投,,748-4
北投區,大業,四,47,北投區,北投,,730-67
北投區,大業,四,470,北投區,北投,,749-11
北投區,大業,四,471,北投區,北投,,748-25
北投區,大業,四,472,北投區,北投,,748-24
北投區,大業,四,473,北投區,北投,,748-33
北投區,大業,四,474,北投區,北投,,748-37
北投區,大業,四,475,北投區,北投,,748-3
北投區,大業,四,476,北投區,北投,,747-25
北投區,大業,四,477,北投區,北投,,754-16
北投區,大業,四,478,北投區,北投,,748-6
北投區,大業,四,479,北投區,北投,,748-5
北投區,大業,四,48,北投區,北投,,730-42
北投區,大業,四,480,北投區,北投,,753-1
北投區,大業,四,481,北投區,北投,,748-38
北投區,大業,四,482,北投區,北投,,753-24
北投區,大業,四,483,北投區,北投,,753-5
北投區,大業,四,484,北投區,北投,,753-17
北投區,大業,四,485,北投區,北投,,753-23
北投區,大業,四,486,北投區,北投,,753-25
北投區,大業,四,487,北投區,北投,,753-20
北投區,大業,四,488,北投區,北投,,753-2
北投區,大業,四,489,北投區,北投,,753-19
北投區,大業,四,49,北投區,北投,,730-41
北投區,大業,四,490,北投區,北投,,753-18
北投區,大業,四,491,北投區,北投,,753-11
北投區,大業,四,492,北投區,北投,,753-6
北投區,大業,四,495,北投區,北投,,815-5
北投區,大業,四,496,北投區,北投,,814
北投區,大業,四,497,北投區,北投,,815-3
北投區,大業,四,498,北投區,北投,,814-4
北投區,大業,四,499,北投區,北投,,814-7
北投區,大業,四,5,北投區,北投,,732-1
北投區,大業,四,50,北投區,北投,,730-40
北投區,大業,四,500,北投區,北投,,814-27
北投區,大業,四,501,北投區,北投,,813-7
北投區,大業,四,502,北投區,北投,,813-9
北投區,大業,四,503,北投區,北投,,814-14
北投區,大業,四,504,北投區,北投,,813-2
北投區,大業,四,505,北投區,北投,,814-12
北投區,大業,四,506,北投區,北投,,808-4
北投區,大業,四,507,北投區,北投,,749-2
北投區,大業,四,508,北投區,北投,,751-2
北投區,大業,四,509,北投區,北投,,808-5
北投區,大業,四,51,北投區,北投,,730-39
北投區,大業,四,510,北投區,北投,,753-3
北投區,大業,四,511,北投區,北投,,753-15
北投區,大業,四,512,北投區,北投,,753-14
北投區,大業,四,513,北投區,北投,,808-7
北投區,大業,四,514,北投區,北投,,755-12
北投區,大業,四,515,北投區,北投,,755-17
北投區,大業,四,516,北投區,北投,,756-14
北投區,大業,四,517,北投區,北投,,755-18
北投區,大業,四,518,北投區,北投,,757
北投區,大業,四,519,北投區,北投,,757-2
北投區,大業,四,52,北投區,北投,,730-38
北投區,大業,四,520,北投區,北投,,757-6
北投區,大業,四,521,北投區,北投,,766-4
北投區,大業,四,522,北投區,北投,,768-6
北投區,大業,四,523,北投區,北投,,771-5
北投區,大業,四,524,北投區,北投,,769-45
北投區,大業,四,525,北投區,北投,,757-5
北投區,大業,四,526,北投區,北投,,769-37
北投區,大業,四,527,北投區,北投,,771-4
北投區,大業,四,528,北投區,北投,,768-1
北投區,大業,四,529,北投區,北投,,757-4
北投區,大業,四,53,北投區,北投,,730-37
北投區,大業,四,530,北投區,北投,,756-6
北投區,大業,四,531,北投區,北投,,755-13
北投區,大業,四,532,北投區,北投,,755-13
北投區,大業,四,533,北投區,北投,,808-8
北投區,大業,四,534,北投區,北投,,808-8
北投區,大業,四,535,北投區,北投,,755-13
北投區,大業,四,536,北投區,北投,,756-16
北投區,大業,四,537,北投區,北投,,755-13
北投區,大業,四,538,北投區,北投,,755-16
北投區,大業,四,539,北投區,北投,,756
北投區,大業,四,54,北投區,北投,,730-36
北投區,大業,四,540,北投區,北投,,756-13
北投區,大業,四,541,北投區,北投,,756-3
北投區,大業,四,542,北投區,北投,,755-13
北投區,大業,四,543,北投區,北投,,756-17
北投區,大業,四,544,北投區,北投,,756-10
北投區,大業,四,545,北投區,北投,,756-4
北投區,大業,四,546,北投區,北投,,755-13
北投區,大業,四,547,北投區,北投,,808-8
北投區,大業,四,548,北投區,北投,,756-11
北投區,大業,四,549,北投區,北投,,755-13
北投區,大業,四,55,北投區,北投,,730-35
北投區,大業,四,550,北投區,北投,,808-8
北投區,大業,四,552,北投區,北投,,756-1
北投區,大業,四,553,北投區,北投,,756-1
北投區,大業,四,554,北投區,北投,,756-1
北投區,大業,四,555,北投區,北投,,755-18
北投區,大業,四,556,北投區,北投,,759-1
北投區,大業,四,557,北投區,北投,,759-4
北投區,大業,四,558,北投區,北投,,762-2
北投區,大業,四,559,北投區,北投,,1266
北投區,大業,四,56,北投區,北投,,730-34
北投區,大業,四,560,北投區,北投,,1265
北投區,大業,四,561,北投區,北投,,759-1
北投區,大業,四,562,北投區,北投,,755-18
北投區,大業,四,563,北投區,北投,,759
北投區,大業,四,567,北投區,北投,,763-2
北投區,大業,四,569,北投區,北投,,768
北投區,大業,四,569-4,北投區,北投,,770
北投區,大業,四,569-7,北投區,北投,,770
北投區,大業,四,57,北投區,北投,,730-43
北投區,大業,四,570,北投區,北投,,770-1
北投區,大業,四,571,北投區,北投,,770-3
北投區,大業,四,572,北投區,北投,,760-11
北投區,大業,四,573,北投區,北投,,771-4
北投區,大業,四,574,北投區,北投,,769-21
北投區,大業,四,575,北投區,北投,,769
北投區,大業,四,576,北投區,北投,,769-2
北投區,大業,四,577,北投區,北投,,769-3
北投區,大業,四,578,北投區,北投,,772-8
北投區,大業,四,579,北投區,北投,,774-3
北投區,大業,四,58,北投區,北投,,732-25
北投區,大業,四,580,北投區,北投,,772-11
北投區,大業,四,581,北投區,北投,,772-7
北投區,大業,四,59,北投區,北投,,730-44
北投區,大業,四,6,北投區,北投,,730-8
北投區,大業,四,60,北投區,北投,,730-92
北投區,大業,四,61,北投區,北投,,730-45
北投區,大業,四,62,北投區,北投,,730-46
北投區,大業,四,63,北投區,北投,,730-47
北投區,大業,四,64,北投區,北投,,730-48
北投區,大業,四,65,北投區,北投,,730-49
北投區,大業,四,66,北投區,北投,,730-50
北投區,大業,四,67,北投區,北投,,730-51
北投區,大業,四,68,北投區,北投,,730-52
北投區,大業,四,69,北投區,北投,,730-53
北投區,大業,四,7,北投區,北投,,730-83
北投區,大業,四,70,北投區,北投,,730-54
北投區,大業,四,71,北投區,北投,,730-55
北投區,大業,四,72,北投區,北投,,730-56
北投區,大業,四,73,北投區,北投,,730-57
北投區,大業,四,74,北投區,北投,,730-58
北投區,大業,四,75,北投區,北投,,733
北投區,大業,四,76,北投區,北投,,733-1
北投區,大業,四,77,北投區,北投,,733-6
北投區,大業,四,78,北投區,北投,,733-7
北投區,大業,四,79,北投區,北投,,733-2
北投區,大業,四,8,北投區,北投,,730-29
北投區,大業,四,81,北投區,北投,,734
北投區,大業,四,82,北投區,北投,,734-1
北投區,大業,四,83,北投區,北投,,536-9
北投區,大業,四,84,北投區,北投,,734-2
北投區,大業,四,85,北投區,北投,,735-1
北投區,大業,四,9,北投區,北投,,730-30
北投區,大業,四,92,北投區,北投,,737-1
北投區,大業,四,94,北投區,北投,,741-19
北投區,大業,四,95,北投區,北投,,741-20
北投區,大業,四,96,北投區,北投,,737-2
北投區,大業,四,96-1,北投區,北投,,1258
北投區,大業,四,97,北投區,北投,,738
北投區,大業,四,98,北投區,北投,,737-3
北投區,大業,四,99,北投區,北投,,741-21
北投區,奇岩,一,1,北投區,北投,,1208-15
北投區,奇岩,一,100,北投區,北投,,239-90
北投區,奇岩,一,101,北投區,北投,,239-91
北投區,奇岩,一,102,北投區,北投,,239-92
北投區,奇岩,一,103,北投區,北投,,239-93
北投區,奇岩,一,104,北投區,北投,,239-94
北投區,奇岩,一,105,北投區,北投,,239-95
北投區,奇岩,一,106,北投區,北投,,239-96
北投區,奇岩,一,107,北投區,北投,,239-97
北投區,奇岩,一,108,北投區,北投,,239-98
北投區,奇岩,一,109,北投區,北投,,239-99
北投區,奇岩,一,110,北投區,北投,,239-11
北投區,奇岩,一,111,北投區,北投,,200-38
北投區,奇岩,一,112,北投區,北投,,238-1
北投區,奇岩,一,113,北投區,北投,,238-2
北投區,奇岩,一,115,北投區,北投,,1208-7
北投區,奇岩,一,117,北投區,北投,,200-37
北投區,奇岩,一,122,北投區,北投,,1208-8
北投區,奇岩,一,124,北投區,北投,,200-31
北投區,奇岩,一,126,北投區,北投,,200
北投區,奇岩,一,127,北投區,北投,,239-6
北投區,奇岩,一,128,北投區,北投,,239-2
北投區,奇岩,一,129,北投區,北投,,239-2
北投區,奇岩,一,130,北投區,北投,,239-1
北投區,奇岩,一,131,北投區,北投,,239-1
北投區,奇岩,一,132,北投區,北投,,239-1
北投區,奇岩,一,134,北投區,北投,,234-2
北投區,奇岩,一,135,北投區,北投,,234-2
北投區,奇岩,一,137,北投區,北投,,234-3
北投區,奇岩,一,138,北投區,北投,,234-3
北投區,奇岩,一,143,北投區,北投,,224
北投區,奇岩,一,144,北投區,北投,,224
北投區,奇岩,一,145,北投區,北投,,224-1
北投區,奇岩,一,146,北投區,北投,,1285
北投區,奇岩,一,147,北投區,北投,,1285
北投區,奇岩,一,148,北投區,北投,,223-2
北投區,奇岩,一,149,北投區,北投,,223
北投區,奇岩,一,15,北投區,北投,,239-4
北投區,奇岩,一,150,北投區,北投,,223
北投區,奇岩,一,152,北投區,北投,,222-1
北投區,奇岩,一,154,北投區,北投,,222
北投區,奇岩,一,155,北投區,北投,,220-1
北投區,奇岩,一,156,北投區,北投,,1284
北投區,奇岩,一,157,北投區,北投,,1285
北投區,奇岩,一,164,北投區,北投,,221
北投區,奇岩,一,17,北投區,北投,,234-3
北投區,奇岩,一,18,北投區,北投,,230-2
北投區,奇岩,一,185,北投區,北投,,214
北投區,奇岩,一,186,北投區,北投,,214
北投區,奇岩,一,194,北投區,北投,,1201-3
北投區,奇岩,一,195,北投區,北投,,1201-3
北投區,奇岩,一,196,北投區,北投,,1201-3
北投區,奇岩,一,199,北投區,北投,,214-2
北投區,奇岩,一,2,北投區,北投,,1208-5
北投區,奇岩,一,200,北投區,北投,,215-1
北投區,奇岩,一,203,北投區,北投,,221-1
北投區,奇岩,一,204,北投區,北投,,221-1
北投區,奇岩,一,205,北投區,北投,,221-1
北投區,奇岩,一,207,北投區,北投,,220
北投區,奇岩,一,212,北投區,北投,,215
北投區,奇岩,一,213,北投區,北投,,216
北投區,奇岩,一,214,北投區,北投,,214-3
北投區,奇岩,一,215,北投區,北投,,214-4
北投區,奇岩,一,216,北投區,北投,,214-5
北投區,奇岩,一,218,北投區,北投,,213-2
北投區,奇岩,一,227,北投區,北投,,219-1
北投區,奇岩,一,231,北投區,北投,,218
北投區,奇岩,一,232,北投區,北投,,218-1
北投區,奇岩,一,234,北投區,北投,,217-1
北投區,奇岩,一,239,北投區,北投,,212-2
北投區,奇岩,一,240,北投區,北投,,212-4
北投區,奇岩,一,241,北投區,北投,,212-5
北投區,奇岩,一,242,北投區,北投,,212-6
北投區,奇岩,一,244,北投區,北投,,1283
北投區,奇岩,一,245,北投區,北投,,1283
北投區,奇岩,一,246,北投區,北投,,1283
北投區,奇岩,一,247,北投區,北投,,212-12
北投區,奇岩,一,248,北投區,北投,,212-11
北投區,奇岩,一,249,北投區,北投,,212-13
北投區,奇岩,一,250,北投區,北投,,212-14
北投區,奇岩,一,251,北投區,北投,,212
北投區,奇岩,一,252,北投區,北投,,212-8
北投區,奇岩,一,253,北投區,北投,,212-9
北投區,奇岩,一,255,北投區,北投,,210-8
北投區,奇岩,一,257,北投區,北投,,211
北投區,奇岩,一,258,北投區,北投,,211-4
北投區,奇岩,一,259,北投區,北投,,210-13
北投區,奇岩,一,262,北投區,北投,,212-15
北投區,奇岩,一,264,北投區,北投,,213-1
北投區,奇岩,一,266,北投區,北投,,210-11
北投區,奇岩,一,27,北投區,北投,,230
北投區,奇岩,一,272,北投區,北投,,210-1
北投區,奇岩,一,273,北投區,北投,,210-12
北投區,奇岩,一,274,北投區,北投,,210-9
北投區,奇岩,一,275,北投區,北投,,210
北投區,奇岩,一,276,北投區,北投,,1283-1
北投區,奇岩,一,28,北投區,北投,,1282-1
北投區,奇岩,一,283,北投區,北投,,156-10
北投區,奇岩,一,284,北投區,北投,,156-10
北投區,奇岩,一,285,北投區,北投,,156-10
北投區,奇岩,一,286,北投區,北投,,156-10
北投區,奇岩,一,287,北投區,北投,,156-10
北投區,奇岩,一,288,北投區,北投,,1199-48
北投區,奇岩,一,288-1,北投區,北投,,1199-47
北投區,奇岩,一,289,北投區,北投,,1199-18
北投區,奇岩,一,29,北投區,北投,,1282-1
北投區,奇岩,一,290,北投區,北投,,1199-14
北投區,奇岩,一,291,北投區,北投,,1199-13
北投區,奇岩,一,292,北投區,北投,,1199-10
北投區,奇岩,一,293,北投區,北投,,1198-34
北投區,奇岩,一,294,北投區,北投,,154
北投區,奇岩,一,295,北投區,北投,,153
北投區,奇岩,一,296,北投區,北投,,1278
北投區,奇岩,一,307,北投區,北投,,1199-25
北投區,奇岩,一,308,北投區,北投,,1199-27
北投區,奇岩,一,309,北投區,北投,,1199-30
北投區,奇岩,一,310,北投區,北投,,1199-33
北投區,奇岩,一,311,北投區,北投,,1199-35
北投區,奇岩,一,312,北投區,北投,,1199-37
北投區,奇岩,一,313,北投區,北投,,153-5
北投區,奇岩,一,314,北投區,北投,,153-3
北投區,奇岩,一,315,北投區,北投,,1279
北投區,奇岩,一,316,北投區,北投,,155-10
北投區,奇岩,一,317,北投區,北投,,155-29
北投區,奇岩,一,318,北投區,北投,,155-15
北投區,奇岩,一,319,北投區,北投,,155-16
北投區,奇岩,一,320,北投區,北投,,155-17
北投區,奇岩,一,321,北投區,北投,,155-18
北投區,奇岩,一,322,北投區,北投,,155-19
北投區,奇岩,一,323,北投區,北投,,155-1
北投區,奇岩,一,323-1,北投區,北投,,155-4
北投區,奇岩,一,324,北投區,北投,,155-2
北投區,奇岩,一,325,北投區,北投,,199-38
北投區,奇岩,一,327,北投區,北投,,1199-64
北投區,奇岩,一,328,北投區,北投,,1199-65
北投區,奇岩,一,329,北投區,北投,,1199-66
北投區,奇岩,一,330,北投區,北投,,1199-68
北投區,奇岩,一,331,北投區,北投,,1199-69
北投區,奇岩,一,332,北投區,北投,,1199-70
北投區,奇岩,一,333,北投區,北投,,1199-71
北投區,奇岩,一,334,北投區,北投,,1199-78
北投區,奇岩,一,335,北投區,北投,,1199-74
北投區,奇岩,一,336,北投區,北投,,1199-57
北投區,奇岩,一,337,北投區,北投,,1199-34
北投區,奇岩,一,338,北投區,北投,,155-56
北投區,奇岩,一,339,北投區,北投,,155-57
北投區,奇岩,一,340,北投區,北投,,155-30
北投區,奇岩,一,340-1,北投區,北投,,155-9
北投區,奇岩,一,341,北投區,北投,,155-20
北投區,奇岩,一,342,北投區,北投,,1199-31
北投區,奇岩,一,343,北投區,北投,,1199-32
北投區,奇岩,一,344,北投區,北投,,1199-21
北投區,奇岩,一,345,北投區,北投,,1199-24
北投區,奇岩,一,346,北投區,北投,,1199-19
北投區,奇岩,一,347,北投區,北投,,1199-29
北投區,奇岩,一,348,北投區,北投,,1199-58
北投區,奇岩,一,349,北投區,北投,,1199-28
北投區,奇岩,一,35,北投區,北投,,229
北投區,奇岩,一,350,北投區,北投,,156-6
北投區,奇岩,一,351,北投區,北投,,156-5
北投區,奇岩,一,352,北投區,北投,,1199-26
北投區,奇岩,一,353,北投區,北投,,1199-75
北投區,奇岩,一,354,北投區,北投,,156-4
北投區,奇岩,一,355,北投區,北投,,156-2
北投區,奇岩,一,356,北投區,北投,,156
北投區,奇岩,一,357,北投區,北投,,156-1
北投區,奇岩,一,357-1,北投區,北投,,156-9
北投區,奇岩,一,358,北投區,北投,,1283
北投區,奇岩,一,359,北投區,北投,,1283
北投區,奇岩,一,36,北投區,北投,,229
北投區,奇岩,一,360,北投區,北投,,209
北投區,奇岩,一,361,北投區,北投,,209-9
北投區,奇岩,一,362,北投區,北投,,209-3
北投區,奇岩,一,363,北投區,北投,,209-11
北投區,奇岩,一,364,北投區,北投,,209-7
北投區,奇岩,一,365,北投區,北投,,209-4
北投區,奇岩,一,366,北投區,北投,,209-2
北投區,奇岩,一,366-1,北投區,北投,,209-13
北投區,奇岩,一,367,北投區,北投,,209-5
北投區,奇岩,一,368,北投區,北投,,208-15
北投區,奇岩,一,369,北投區,北投,,208
北投區,奇岩,一,370,北投區,北投,,208-17
北投區,奇岩,一,371,北投區,北投,,208-18
北投區,奇岩,一,372,北投區,北投,,208-18
北投區,奇岩,一,4,北投區,北投,,1208-19
北投區,奇岩,一,42,北投區,北投,,1201-4
北投區,奇岩,一,44,北投區,北投,,1200
北投區,奇岩,一,50,北投區,北投,,1281
北投區,奇岩,一,51,北投區,北投,,1281
北投區,奇岩,一,52,北投區,北投,,1281
北投區,奇岩,一,54,北投區,北投,,227
北投區,奇岩,一,55,北投區,北投,,226
北投區,奇岩,一,56,北投區,北投,,226-1
北投區,奇岩,一,68,北投區,北投,,225-3
北投區,奇岩,一,69,北投區,北投,,225-1
北投區,奇岩,一,70,北投區,北投,,225-2
北投區,奇岩,一,71,北投區,北投,,225
北投區,奇岩,一,73,北投區,北投,,226-2
北投區,奇岩,一,74,北投區,北投,,226-3
北投區,奇岩,一,75,北投區,北投,,234-3
北投區,奇岩,一,76,北投區,北投,,1200-2
北投區,奇岩,一,77,北投區,北投,,228-1
北投區,奇岩,一,78,北投區,北投,,228
北投區,奇岩,一,83,北投區,北投,,234-3
北投區,奇岩,一,84,北投區,北投,,239-3
北投區,奇岩,一,85,北投區,北投,,239-8
北投區,奇岩,一,86,北投區,北投,,239-76
北投區,奇岩,一,87,北投區,北投,,239-77
北投區,奇岩,一,88,北投區,北投,,239-78
北投區,奇岩,一,89,北投區,北投,,239-79
北投區,奇岩,一,91,北投區,北投,,239-81
北投區,奇岩,一,92,北投區,北投,,239-82
北投區,奇岩,一,93,北投區,北投,,239-83
北投區,奇岩,一,94,北投區,北投,,239-84
北投區,奇岩,一,95,北投區,北投,,239-85
北投區,奇岩,一,96,北投區,北投,,239-86
北投區,奇岩,一,97,北投區,北投,,239-87
北投區,奇岩,一,98,北投區,北投,,239-88
北投區,奇岩,一,99,北投區,北投,,239-89
北投區,奇岩,三,1,北投區,北投,,239-6
北投區,奇岩,三,1-1,北投區,北投,,239-6
北投區,奇岩,三,10,北投區,北投,,239-106
北投區,奇岩,三,100,北投區,北投,,200-4
北投區,奇岩,三,101,北投區,北投,,200-136
北投區,奇岩,三,103,北投區,北投,,200-137
北投區,奇岩,三,104,北投區,北投,,200-13
北投區,奇岩,三,105,北投區,北投,,200-13
北投區,奇岩,三,106,北投區,北投,,200-12
北投區,奇岩,三,107,北投區,北投,,200-12
北投區,奇岩,三,108,北投區,北投,,200-14
北投區,奇岩,三,109,北投區,北投,,200-14
北投區,奇岩,三,11,北投區,北投,,239-107
北投區,奇岩,三,110,北投區,北投,,200-14
北投區,奇岩,三,111,北投區,北投,,200
北投區,奇岩,三,111-1,北投區,北投,,200
北投區,奇岩,三,111-2,北投區,北投,,200
北投區,奇岩,三,111-3,北投區,北投,,200
北投區,奇岩,三,111-4,北投區,北投,,200
北投區,奇岩,三,111-5,北投區,北投,,200
北投區,奇岩,三,112,北投區,北投,,1208-37
北投區,奇岩,三,113,北投區,北投,,1208-37
北投區,奇岩,三,114,北投區,北投,,1208-37
北投區,奇岩,三,115,北投區,北投,,1208-37
北投區,奇岩,三,116,北投區,北投,,200-108
北投區,奇岩,三,117,北投區,北投,,200-109
北投區,奇岩,三,118,北投區,北投,,200-180
北投區,奇岩,三,119,北投區,北投,,200-111
北投區,奇岩,三,12,北投區,北投,,239-108
北投區,奇岩,三,120,北投區,北投,,200-93
北投區,奇岩,三,121,北投區,北投,,200-92
北投區,奇岩,三,122,北投區,北投,,200-97
北投區,奇岩,三,123,北投區,北投,,200-98
北投區,奇岩,三,124,北投區,北投,,200-91
北投區,奇岩,三,125,北投區,北投,,200-99
北投區,奇岩,三,13,北投區,北投,,239-109
北投區,奇岩,三,131,北投區,北投,,200-87
北投區,奇岩,三,132,北投區,北投,,200-102
北投區,奇岩,三,133,北投區,北投,,1208-35
北投區,奇岩,三,134,北投區,北投,,1208-45
北投區,奇岩,三,135,北投區,北投,,200-86
北投區,奇岩,三,136,北投區,北投,,1208-21
北投區,奇岩,三,137,北投區,北投,,200-105
北投區,奇岩,三,139,北投區,北投,,241-11
北投區,奇岩,三,14,北投區,北投,,239-110
北投區,奇岩,三,140,北投區,北投,,241-11
北投區,奇岩,三,141,北投區,北投,,241-10
北投區,奇岩,三,142,北投區,北投,,241-10
北投區,奇岩,三,143,北投區,北投,,241
北投區,奇岩,三,144,北投區,北投,,241
北投區,奇岩,三,145,北投區,北投,,200-127
北投區,奇岩,三,146,北投區,北投,,241-1
北投區,奇岩,三,147,北投區,北投,,200-104
北投區,奇岩,三,148,北投區,北投,,241-3
北投區,奇岩,三,149,北投區,北投,,241-4
北投區,奇岩,三,15,北投區,北投,,239-111
北投區,奇岩,三,150,北投區,北投,,241-5
北投區,奇岩,三,151,北投區,北投,,241-6
北投區,奇岩,三,152,北投區,北投,,241-7
北投區,奇岩,三,153,北投區,北投,,241-8
北投區,奇岩,三,154,北投區,北投,,241-9
北投區,奇岩,三,155,北投區,北投,,1208-22
北投區,奇岩,三,156,北投區,北投,,1208-5
北投區,奇岩,三,157,北投區,北投,,1208-46
北投區,奇岩,三,158,北投區,北投,,1208-43
北投區,奇岩,三,159,北投區,北投,,242
北投區,奇岩,三,16,北投區,北投,,239-112
北投區,奇岩,三,160,北投區,北投,,1293
北投區,奇岩,三,163,北投區,北投,,1208-2
北投區,奇岩,三,164,北投區,北投,,1208-10
北投區,奇岩,三,17,北投區,北投,,239-113
北投區,奇岩,三,176,北投區,北投,,249
北投區,奇岩,三,177,北投區,北投,,1208-30
北投區,奇岩,三,178,北投區,北投,,1208-31
北投區,奇岩,三,179,北投區,北投,,249-5
北投區,奇岩,三,18,北投區,北投,,239-114
北投區,奇岩,三,180,北投區,北投,,249-1
北投區,奇岩,三,181,北投區,北投,,249-10
北投區,奇岩,三,182,北投區,北投,,1208-33
北投區,奇岩,三,183,北投區,北投,,249-4
北投區,奇岩,三,184,北投區,北投,,1210-3
北投區,奇岩,三,185,北投區,北投,,1208-11
北投區,奇岩,三,186,北投區,北投,,251-1
北投區,奇岩,三,187,北投區,北投,,251
北投區,奇岩,三,188,北投區,北投,,251
北投區,奇岩,三,189,北投區,北投,,251
北投區,奇岩,三,19,北投區,北投,,239-115
北投區,奇岩,三,190,北投區,北投,,251-2
北投區,奇岩,三,191,北投區,北投,,252-6
北投區,奇岩,三,193,北投區,北投,,252-21
北投區,奇岩,三,194,北投區,北投,,252-20
北投區,奇岩,三,195,北投區,北投,,252-19
北投區,奇岩,三,197,北投區,北投,,1294
北投區,奇岩,三,198,北投區,北投,,1294
北投區,奇岩,三,199,北投區,北投,,1294
北投區,奇岩,三,2,北投區,北投,,239-7
北投區,奇岩,三,20,北投區,北投,,239-116
北投區,奇岩,三,200,北投區,北投,,1294
北投區,奇岩,三,201,北投區,北投,,1294
北投區,奇岩,三,202,北投區,北投,,1294
北投區,奇岩,三,203,北投區,北投,,1294
北投區,奇岩,三,204,北投區,北投,,1294
北投區,奇岩,三,205,北投區,北投,,1294
北投區,奇岩,三,206,北投區,北投,,1294
北投區,奇岩,三,207,北投區,北投,,1294
北投區,奇岩,三,208,北投區,北投,,248
北投區,奇岩,三,209,北投區,北投,,248
北投區,奇岩,三,21,北投區,北投,,239-117
北投區,奇岩,三,210,北投區,北投,,248
北投區,奇岩,三,211,北投區,北投,,248
北投區,奇岩,三,212,北投區,北投,,248
北投區,奇岩,三,213,北投區,北投,,249-2
北投區,奇岩,三,214,北投區,北投,,249-3
北投區,奇岩,三,215,北投區,北投,,250
北投區,奇岩,三,216,北投區,北投,,250
北投區,奇岩,三,217,北投區,北投,,250-1
北投區,奇岩,三,218,北投區,北投,,248-1
北投區,奇岩,三,219,北投區,北投,,247-5
北投區,奇岩,三,22,北投區,北投,,239-118
北投區,奇岩,三,220,北投區,北投,,246-1
北投區,奇岩,三,221,北投區,北投,,1294
北投區,奇岩,三,222,北投區,北投,,196-1
北投區,奇岩,三,223,北投區,北投,,196-1
北投區,奇岩,三,224,北投區,北投,,1294
北投區,奇岩,三,225,北投區,北投,,1294
北投區,奇岩,三,226,北投區,北投,,200-113
北投區,奇岩,三,227,北投區,北投,,200-65
北投區,奇岩,三,228,北投區,北投,,200-65
北投區,奇岩,三,229,北投區,北投,,200-84
北投區,奇岩,三,23,北投區,北投,,239-159
北投區,奇岩,三,230,北投區,北投,,200-83
北投區,奇岩,三,231,北投區,北投,,200-66
北投區,奇岩,三,232,北投區,北投,,200-82
北投區,奇岩,三,233,北投區,北投,,200-81
北投區,奇岩,三,234,北投區,北投,,200-67
北投區,奇岩,三,235,北投區,北投,,200-128
北投區,奇岩,三,236,北投區,北投,,200-124
北投區,奇岩,三,237,北投區,北投,,200-117
北投區,奇岩,三,238,北投區,北投,,200-69
北投區,奇岩,三,239,北投區,北投,,200-131
北投區,奇岩,三,24,北投區,北投,,239-119
北投區,奇岩,三,240,北投區,北投,,200-80
北投區,奇岩,三,241,北投區,北投,,200-79
北投區,奇岩,三,243,北投區,北投,,200-71
北投區,奇岩,三,244,北投區,北投,,200-78
北投區,奇岩,三,245,北投區,北投,,200-77
北投區,奇岩,三,246,北投區,北投,,200-72
北投區,奇岩,三,247,北投區,北投,,200-73
北投區,奇岩,三,248,北投區,北投,,200-76
北投區,奇岩,三,249,北投區,北投,,200-75
北投區,奇岩,三,25,北投區,北投,,239-160
北投區,奇岩,三,250,北投區,北投,,200-74
北投區,奇岩,三,251,北投區,北投,,200-74
北投區,奇岩,三,252,北投區,北投,,206-4
北投區,奇岩,三,253,北投區,北投,,206-1
北投區,奇岩,三,254,北投區,北投,,206-3
北投區,奇岩,三,256,北投區,北投,,205-1
北投區,奇岩,三,257,北投區,北投,,205-2
北投區,奇岩,三,258,北投區,北投,,204-12
北投區,奇岩,三,258-1,北投區,北投,,204-13
北投區,奇岩,三,259,北投區,北投,,204-3
北投區,奇岩,三,26,北投區,北投,,239-120
北投區,奇岩,三,260,北投區,北投,,204-7
北投區,奇岩,三,261,北投區,北投,,208-1
北投區,奇岩,三,262,北投區,北投,,208-14
北投區,奇岩,三,262-1,北投區,北投,,209-10
北投區,奇岩,三,262-2,北投區,北投,,209-1
北投區,奇岩,三,263,北投區,北投,,204-2
北投區,奇岩,三,264,北投區,北投,,204-5
北投區,奇岩,三,265,北投區,北投,,199
北投區,奇岩,三,265-1,北投區,北投,,199
北投區,奇岩,三,266,北投區,北投,,205
北投區,奇岩,三,267,北投區,北投,,205
北投區,奇岩,三,268,北投區,北投,,205
北投區,奇岩,三,269,北投區,北投,,205-14
北投區,奇岩,三,27,北投區,北投,,239-161
北投區,奇岩,三,270,北投區,北投,,205-13
北投區,奇岩,三,271,北投區,北投,,205-12
北投區,奇岩,三,272,北投區,北投,,205-11
北投區,奇岩,三,273,北投區,北投,,205-10
北投區,奇岩,三,274,北投區,北投,,205-9
北投區,奇岩,三,275,北投區,北投,,205-4
北投區,奇岩,三,276,北投區,北投,,205-6
北投區,奇岩,三,277,北投區,北投,,205-3
北投區,奇岩,三,278,北投區,北投,,205-15
北投區,奇岩,三,279,北投區,北投,,205-16
北投區,奇岩,三,28,北投區,北投,,239-121
北投區,奇岩,三,280,北投區,北投,,205-17
北投區,奇岩,三,281,北投區,北投,,205-18
北投區,奇岩,三,282,北投區,北投,,205-19
北投區,奇岩,三,283,北投區,北投,,205-20
北投區,奇岩,三,284,北投區,北投,,1286
北投區,奇岩,三,285,北投區,北投,,1286
北投區,奇岩,三,286,北投區,北投,,1286
北投區,奇岩,三,287,北投區,北投,,1286
北投區,奇岩,三,288,北投區,北投,,1286
北投區,奇岩,三,289,北投區,北投,,1286
北投區,奇岩,三,29,北投區,北投,,239-162
北投區,奇岩,三,290,北投區,北投,,1286
北投區,奇岩,三,291,北投區,北投,,196-7
北投區,奇岩,三,292,北投區,北投,,196-41
北投區,奇岩,三,293,北投區,北投,,1286-3
北投區,奇岩,三,294,北投區,北投,,1286-4
北投區,奇岩,三,295,北投區,北投,,196-13
北投區,奇岩,三,296,北投區,北投,,196-8
北投區,奇岩,三,297,北投區,北投,,196-9
北投區,奇岩,三,298,北投區,北投,,196-10
北投區,奇岩,三,299,北投區,北投,,196-11
北投區,奇岩,三,3,北投區,北投,,239-100
北投區,奇岩,三,30,北投區,北投,,239-122
北投區,奇岩,三,300,北投區,北投,,196-6
北投區,奇岩,三,301,北投區,北投,,196-5
北投區,奇岩,三,302,北投區,北投,,196-4
北投區,奇岩,三,303,北投區,北投,,196-3
北投區,奇岩,三,304,北投區,北投,,196-12
北投區,奇岩,三,305,北投區,北投,,199-7
北投區,奇岩,三,306,北投區,北投,,199-9
北投區,奇岩,三,307,北投區,北投,,199-10
北投區,奇岩,三,308,北投區,北投,,199-8
北投區,奇岩,三,31,北投區,北投,,239-163
北投區,奇岩,三,311,北投區,北投,,196-2
北投區,奇岩,三,312,北投區,北投,,199-4
北投區,奇岩,三,313,北投區,北投,,199-4
北投區,奇岩,三,314,北投區,北投,,199-3
北投區,奇岩,三,315,北投區,北投,,203-4
北投區,奇岩,三,316,北投區,北投,,203-1
北投區,奇岩,三,317,北投區,北投,,203-3
北投區,奇岩,三,318,北投區,北投,,203-2
北投區,奇岩,三,319,北投區,北投,,202-2
北投區,奇岩,三,32,北投區,北投,,239-123
北投區,奇岩,三,320,北投區,北投,,202-5
北投區,奇岩,三,321,北投區,北投,,202
北投區,奇岩,三,322,北投區,北投,,202-3
北投區,奇岩,三,323,北投區,北投,,202-1
北投區,奇岩,三,324,北投區,北投,,202-1
北投區,奇岩,三,325,北投區,北投,,202-1
北投區,奇岩,三,326,北投區,北投,,202-4
北投區,奇岩,三,327,北投區,北投,,206-15
北投區,奇岩,三,328,北投區,北投,,206-14
北投區,奇岩,三,329,北投區,北投,,206-13
北投區,奇岩,三,33,北投區,北投,,239-164
北投區,奇岩,三,330,北投區,北投,,206-12
北投區,奇岩,三,331,北投區,北投,,206-27
北投區,奇岩,三,333,北投區,北投,,206-26
北投區,奇岩,三,334,北投區,北投,,206-10
北投區,奇岩,三,335,北投區,北投,,206-9
北投區,奇岩,三,336,北投區,北投,,206-8
北投區,奇岩,三,337,北投區,北投,,206-5
北投區,奇岩,三,338,北投區,北投,,206-6
北投區,奇岩,三,339,北投區,北投,,206-7
北投區,奇岩,三,34,北投區,北投,,239-10
北投區,奇岩,三,340,北投區,北投,,206
北投區,奇岩,三,341,北投區,北投,,206
北投區,奇岩,三,342,北投區,北投,,206
北投區,奇岩,三,343,北投區,北投,,206-24
北投區,奇岩,三,344,北投區,北投,,206-23
北投區,奇岩,三,345,北投區,北投,,206-22
北投區,奇岩,三,346,北投區,北投,,206-21
北投區,奇岩,三,347,北投區,北投,,206-20
北投區,奇岩,三,348,北投區,北投,,206-19
北投區,奇岩,三,35,北投區,北投,,200-30
北投區,奇岩,三,350,北投區,北投,,206-18
北投區,奇岩,三,351,北投區,北投,,206-17
北投區,奇岩,三,352,北投區,北投,,206-16
北投區,奇岩,三,353,北投區,北投,,200-56
北投區,奇岩,三,354,北投區,北投,,200-56
北投區,奇岩,三,356,北投區,北投,,200-58
北投區,奇岩,三,357,北投區,北投,,200-59
北投區,奇岩,三,358,北投區,北投,,200-60
北投區,奇岩,三,359,北投區,北投,,200-61
北投區,奇岩,三,360,北投區,北投,,200-52
北投區,奇岩,三,361,北投區,北投,,200-53
北投區,奇岩,三,362,北投區,北投,,200-54
北投區,奇岩,三,363,北投區,北投,,200-55
北投區,奇岩,三,364,北投區,北投,,200-40
北投區,奇岩,三,365,北投區,北投,,200-40
北投區,奇岩,三,366,北投區,北投,,200-41
北投區,奇岩,三,367,北投區,北投,,200-41
北投區,奇岩,三,368,北投區,北投,,200-42
北投區,奇岩,三,369,北投區,北投,,200-42
北投區,奇岩,三,37,北投區,北投,,200-123
北投區,奇岩,三,370,北投區,北投,,200-43
北投區,奇岩,三,371,北投區,北投,,200-43
北投區,奇岩,三,372,北投區,北投,,200-45
北投區,奇岩,三,373,北投區,北投,,200-44
北投區,奇岩,三,374,北投區,北投,,200-44
北投區,奇岩,三,375,北投區,北投,,200-46
北投區,奇岩,三,376,北投區,北投,,200-46
北投區,奇岩,三,377,北投區,北投,,200-47
北投區,奇岩,三,378,北投區,北投,,200-47
北投區,奇岩,三,379,北投區,北投,,200-130
北投區,奇岩,三,380,北投區,北投,,200-130
北投區,奇岩,三,381,北投區,北投,,196-14
北投區,奇岩,三,382,北投區,北投,,200-49
北投區,奇岩,三,384,北投區,北投,,200-51
北投區,奇岩,三,385,北投區,北投,,200-62
北投區,奇岩,三,386,北投區,北投,,200-63
北投區,奇岩,三,387,北投區,北投,,200-64
北投區,奇岩,三,388,北投區,北投,,196-15
北投區,奇岩,三,389,北投區,北投,,196-16
北投區,奇岩,三,390,北投區,北投,,196-17
北投區,奇岩,三,391,北投區,北投,,196-18
北投區,奇岩,三,392,北投區,北投,,196-19
北投區,奇岩,三,393,北投區,北投,,196-20
北投區,奇岩,三,394,北投區,北投,,196-21
北投區,奇岩,三,395,北投區,北投,,196-22
北投區,奇岩,三,396,北投區,北投,,196-23
北投區,奇岩,三,397,北投區,北投,,196-24
北投區,奇岩,三,398,北投區,北投,,196-25
北投區,奇岩,三,399,北投區,北投,,196-26
北投區,奇岩,三,4,北投區,北投,,239-148
北投區,奇岩,三,400,北投區,北投,,196-27
北投區,奇岩,三,401,北投區,北投,,196-37
北投區,奇岩,三,402,北投區,北投,,196-36
北投區,奇岩,三,403,北投區,北投,,196-35
北投區,奇岩,三,404,北投區,北投,,196-34
北投區,奇岩,三,405,北投區,北投,,196-33
北投區,奇岩,三,406,北投區,北投,,196-32
北投區,奇岩,三,407,北投區,北投,,196-31
北投區,奇岩,三,408,北投區,北投,,196-30
北投區,奇岩,三,409,北投區,北投,,196-29
北投區,奇岩,三,41,北投區,北投,,200-24
北投區,奇岩,三,410,北投區,北投,,196-28
北投區,奇岩,三,411,北投區,北投,,196-38
北投區,奇岩,三,412,北投區,北投,,196-39
北投區,奇岩,三,413,北投區,北投,,195
北投區,奇岩,三,414,北投區,北投,,1276-2
北投區,奇岩,三,415,北投區,北投,,196-40
北投區,奇岩,三,416,北投區,北投,,194-1
北投區,奇岩,三,417,北投區,北投,,194-2
北投區,奇岩,三,418,北投區,北投,,194-3
北投區,奇岩,三,419,北投區,北投,,194-4
北投區,奇岩,三,42,北投區,北投,,200-24
北投區,奇岩,三,420,北投區,北投,,194-5
北投區,奇岩,三,421,北投區,北投,,194-6
北投區,奇岩,三,422,北投區,北投,,194-7
北投區,奇岩,三,423,北投區,北投,,194-8
北投區,奇岩,三,424,北投區,北投,,194-9
北投區,奇岩,三,425,北投區,北投,,194-10
北投區,奇岩,三,426,北投區,北投,,194-11
北投區,奇岩,三,427,北投區,北投,,194-12
北投區,奇岩,三,428,北投區,北投,,194-13
北投區,奇岩,三,429,北投區,北投,,194-14
北投區,奇岩,三,43,北投區,北投,,200-25
北投區,奇岩,三,430,北投區,北投,,194-15
北投區,奇岩,三,431,北投區,北投,,194-16
北投區,奇岩,三,432,北投區,北投,,194-17
北投區,奇岩,三,433,北投區,北投,,194-18
北投區,奇岩,三,434,北投區,北投,,194-27
北投區,奇岩,三,435,北投區,北投,,194-26
北投區,奇岩,三,436,北投區,北投,,194-25
北投區,奇岩,三,437,北投區,北投,,194-24
北投區,奇岩,三,438,北投區,北投,,194-23
北投區,奇岩,三,439,北投區,北投,,194-22
北投區,奇岩,三,44,北投區,北投,,1208-44
北投區,奇岩,三,440,北投區,北投,,194-21
北投區,奇岩,三,441,北投區,北投,,194-20
北投區,奇岩,三,442,北投區,北投,,194-19
北投區,奇岩,三,443,北投區,北投,,191-1
北投區,奇岩,三,444,北投區,北投,,191-2
北投區,奇岩,三,446,北投區,北投,,191-4
北投區,奇岩,三,447,北投區,北投,,191-5
北投區,奇岩,三,448,北投區,北投,,191-6
北投區,奇岩,三,449,北投區,北投,,191-7
北投區,奇岩,三,45,北投區,北投,,200-23
北投區,奇岩,三,450,北投區,北投,,191-8
北投區,奇岩,三,451,北投區,北投,,191-9
北投區,奇岩,三,452,北投區,北投,,191-10
北投區,奇岩,三,453,北投區,北投,,191-20
北投區,奇岩,三,454,北投區,北投,,191-19
北投區,奇岩,三,455,北投區,北投,,191-18
北投區,奇岩,三,456,北投區,北投,,191-17
北投區,奇岩,三,457,北投區,北投,,191-16
北投區,奇岩,三,458,北投區,北投,,191-15
北投區,奇岩,三,459,北投區,北投,,191-14
北投區,奇岩,三,46,北投區,北投,,200-23
北投區,奇岩,三,460,北投區,北投,,191-13
北投區,奇岩,三,461,北投區,北投,,191-12
北投區,奇岩,三,462,北投區,北投,,191-11
北投區,奇岩,三,463,北投區,北投,,191-21
北投區,奇岩,三,464,北投區,北投,,190
北投區,奇岩,三,465,北投區,北投,,190-2
北投區,奇岩,三,466,北投區,北投,,190-3
北投區,奇岩,三,467,北投區,北投,,190-4
北投區,奇岩,三,468,北投區,北投,,190-5
北投區,奇岩,三,469,北投區,北投,,190-6
北投區,奇岩,三,47,北投區,北投,,200-23
北投區,奇岩,三,470,北投區,北投,,190-7
北投區,奇岩,三,471,北投區,北投,,190-8
北投區,奇岩,三,472,北投區,北投,,190-9
北投區,奇岩,三,473,北投區,北投,,190-10
北投區,奇岩,三,474,北投區,北投,,190-21
北投區,奇岩,三,475,北投區,北投,,190-20
北投區,奇岩,三,476,北投區,北投,,190-19
北投區,奇岩,三,477,北投區,北投,,190-18
北投區,奇岩,三,478,北投區,北投,,190-17
北投區,奇岩,三,479,北投區,北投,,190-16
北投區,奇岩,三,48,北投區,北投,,200-22
北投區,奇岩,三,480,北投區,北投,,190-15
北投區,奇岩,三,481,北投區,北投,,190-14
北投區,奇岩,三,482,北投區,北投,,190-13
北投區,奇岩,三,483,北投區,北投,,190-12
北投區,奇岩,三,484,北投區,北投,,190-11
北投區,奇岩,三,485,北投區,北投,,190-22
北投區,奇岩,三,486,北投區,北投,,190-23
北投區,奇岩,三,488,北投區,北投,,190-25
北投區,奇岩,三,489,北投區,北投,,190-26
北投區,奇岩,三,49,北投區,北投,,200-21
北投區,奇岩,三,490,北投區,北投,,190-27
北投區,奇岩,三,491,北投區,北投,,190-28
北投區,奇岩,三,492,北投區,北投,,190-29
北投區,奇岩,三,493,北投區,北投,,190-30
北投區,奇岩,三,494,北投區,北投,,190-31
北投區,奇岩,三,495,北投區,北投,,190-32
北投區,奇岩,三,496,北投區,北投,,190-33
北投區,奇岩,三,497,北投區,北投,,190-34
北投區,奇岩,三,498,北投區,北投,,189-37
北投區,奇岩,三,499,北投區,北投,,189-36
北投區,奇岩,三,5,北投區,北投,,239-101
北投區,奇岩,三,50,北投區,北投,,200-20
北投區,奇岩,三,500,北投區,北投,,189-35
北投區,奇岩,三,501,北投區,北投,,189-88
北投區,奇岩,三,502,北投區,北投,,189-34
北投區,奇岩,三,503,北投區,北投,,189-33
北投區,奇岩,三,505,北投區,北投,,189-87
北投區,奇岩,三,506,北投區,北投,,189-31
北投區,奇岩,三,507,北投區,北投,,189-30
北投區,奇岩,三,508,北投區,北投,,189-29
北投區,奇岩,三,509,北投區,北投,,189-86
北投區,奇岩,三,51,北投區,北投,,200-19
北投區,奇岩,三,510,北投區,北投,,189-28
北投區,奇岩,三,511,北投區,北投,,189-27
北投區,奇岩,三,512,北投區,北投,,189-26
北投區,奇岩,三,513,北投區,北投,,189-85
北投區,奇岩,三,514,北投區,北投,,189-25
北投區,奇岩,三,515,北投區,北投,,189-84
北投區,奇岩,三,516,北投區,北投,,189-24
北投區,奇岩,三,517,北投區,北投,,189-83
北投區,奇岩,三,518,北投區,北投,,189-82
北投區,奇岩,三,52,北投區,北投,,200-135
北投區,奇岩,三,520,北投區,北投,,189-6
北投區,奇岩,三,521,北投區,北投,,189-7
北投區,奇岩,三,522,北投區,北投,,189-4
北投區,奇岩,三,523,北投區,北投,,189-8
北投區,奇岩,三,524,北投區,北投,,189-9
北投區,奇岩,三,525,北投區,北投,,189-10
北投區,奇岩,三,526,北投區,北投,,189-11
北投區,奇岩,三,527,北投區,北投,,189-12
北投區,奇岩,三,528,北投區,北投,,189-13
北投區,奇岩,三,529,北投區,北投,,189-14
北投區,奇岩,三,53,北投區,北投,,239-13
北投區,奇岩,三,530,北投區,北投,,189-15
北投區,奇岩,三,531,北投區,北投,,189-16
北投區,奇岩,三,532,北投區,北投,,189-17
北投區,奇岩,三,533,北投區,北投,,189-18
北投區,奇岩,三,534,北投區,北投,,189-19
北投區,奇岩,三,535,北投區,北投,,189-20
北投區,奇岩,三,536,北投區,北投,,189-21
北投區,奇岩,三,537,北投區,北投,,189-22
北投區,奇岩,三,538,北投區,北投,,189-23
北投區,奇岩,三,539,北投區,北投,,189-5
北投區,奇岩,三,54,北投區,北投,,239-9
北投區,奇岩,三,540,北投區,北投,,189-38
北投區,奇岩,三,543,北投區,北投,,189-41
北投區,奇岩,三,544,北投區,北投,,189-42
北投區,奇岩,三,545,北投區,北投,,189-43
北投區,奇岩,三,546,北投區,北投,,189-51
北投區,奇岩,三,547,北投區,北投,,189-50
北投區,奇岩,三,548,北投區,北投,,189-49
北投區,奇岩,三,549,北投區,北投,,189-48
北投區,奇岩,三,55,北投區,北投,,200-134
北投區,奇岩,三,550,北投區,北投,,189-47
北投區,奇岩,三,551,北投區,北投,,189-46
北投區,奇岩,三,552,北投區,北投,,189-45
北投區,奇岩,三,553,北投區,北投,,189-44
北投區,奇岩,三,554,北投區,北投,,189-52
北投區,奇岩,三,555,北投區,北投,,189-53
北投區,奇岩,三,556,北投區,北投,,189-54
北投區,奇岩,三,557,北投區,北投,,189-55
北投區,奇岩,三,558,北投區,北投,,189-56
北投區,奇岩,三,559,北投區,北投,,189-57
北投區,奇岩,三,56,北投區,北投,,200-133
北投區,奇岩,三,560,北投區,北投,,189-58
北投區,奇岩,三,561,北投區,北投,,189-59
北投區,奇岩,三,562,北投區,北投,,189-67
北投區,奇岩,三,563,北投區,北投,,189-66
北投區,奇岩,三,564,北投區,北投,,189-65
北投區,奇岩,三,565,北投區,北投,,189-64
北投區,奇岩,三,566,北投區,北投,,189-63
北投區,奇岩,三,567,北投區,北投,,189-62
北投區,奇岩,三,568,北投區,北投,,189-61
北投區,奇岩,三,569,北投區,北投,,189-60
北投區,奇岩,三,57,北投區,北投,,200-18
北投區,奇岩,三,570,北投區,北投,,252
北投區,奇岩,三,571,北投區,北投,,189-76
北投區,奇岩,三,572,北投區,北投,,189-75
北投區,奇岩,三,573,北投區,北投,,189-74
北投區,奇岩,三,574,北投區,北投,,189-73
北投區,奇岩,三,575,北投區,北投,,189-72
北投區,奇岩,三,576,北投區,北投,,189-71
北投區,奇岩,三,577,北投區,北投,,189-70
北投區,奇岩,三,578,北投區,北投,,189-69
北投區,奇岩,三,579,北投區,北投,,189-68
北投區,奇岩,三,58,北投區,北投,,200-17
北投區,奇岩,三,580,北投區,北投,,189-78
北投區,奇岩,三,581,北投區,北投,,252-30
北投區,奇岩,三,582,北投區,北投,,252-18
北投區,奇岩,三,583,北投區,北投,,252-7
北投區,奇岩,三,584,北投區,北投,,252-17
北投區,奇岩,三,585,北投區,北投,,252-16
北投區,奇岩,三,586,北投區,北投,,189-79
北投區,奇岩,三,587,北投區,北投,,189-80
北投區,奇岩,三,588,北投區,北投,,252-29
北投區,奇岩,三,589,北投區,北投,,252-15
北投區,奇岩,三,59,北投區,北投,,200-132
北投區,奇岩,三,590,北投區,北投,,252-14
北投區,奇岩,三,591,北投區,北投,,252-28
北投區,奇岩,三,592,北投區,北投,,189-81
北投區,奇岩,三,593,北投區,北投,,252-27
北投區,奇岩,三,594,北投區,北投,,252-13
北投區,奇岩,三,595,北投區,北投,,252-12
北投區,奇岩,三,596,北投區,北投,,252-38
北投區,奇岩,三,598,北投區,北投,,252-2
北投區,奇岩,三,599,北投區,北投,,254-6
北投區,奇岩,三,6,北投區,北投,,239-102
北投區,奇岩,三,60,北投區,北投,,200-16
北投區,奇岩,三,600,北投區,北投,,198-5
北投區,奇岩,三,601,北投區,北投,,192-3
北投區,奇岩,三,602,北投區,北投,,194-29
北投區,奇岩,三,603,北投區,北投,,191-23
北投區,奇岩,三,604,北投區,北投,,190-36
北投區,奇岩,三,605,北投區,北投,,1294-3
北投區,奇岩,三,606,北投區,北投,,189-98
北投區,奇岩,三,607,北投區,北投,,189-99
北投區,奇岩,三,608,北投區,北投,,189-100
北投區,奇岩,三,609,北投區,北投,,254-21
北投區,奇岩,三,612,北投區,北投,,189-96
北投區,奇岩,三,613,北投區,北投,,189-94
北投區,奇岩,三,614,北投區,北投,,254-17
北投區,奇岩,三,62,北投區,北投,,200-9
北投區,奇岩,三,63,北投區,北投,,200-5
北投區,奇岩,三,64,北投區,北投,,200-6
北投區,奇岩,三,65,北投區,北投,,200-8
北投區,奇岩,三,66,北投區,北投,,200-7
北投區,奇岩,三,67-1,北投區,北投,,239-158
北投區,奇岩,三,68,北投區,北投,,239-135
北投區,奇岩,三,69,北投區,北投,,239-134
北投區,奇岩,三,7,北投區,北投,,239-103
北投區,奇岩,三,70,北投區,北投,,239-133
北投區,奇岩,三,71,北投區,北投,,239-132
北投區,奇岩,三,72,北投區,北投,,239-128
北投區,奇岩,三,73,北投區,北投,,239-129
北投區,奇岩,三,74,北投區,北投,,239-130
北投區,奇岩,三,75,北投區,北投,,239-131
北投區,奇岩,三,76,北投區,北投,,239-5
北投區,奇岩,三,77,北投區,北投,,239-124
北投區,奇岩,三,78,北投區,北投,,239-125
北投區,奇岩,三,79,北投區,北投,,239-126
北投區,奇岩,三,8,北投區,北投,,239-104
北投區,奇岩,三,80,北投區,北投,,200-1
北投區,奇岩,三,81-1,北投區,北投,,200-2
北投區,奇岩,三,83,北投區,北投,,239-127
北投區,奇岩,三,84,北投區,北投,,234-2
北投區,奇岩,三,85,北投區,北投,,234-2
北投區,奇岩,三,86,北投區,北投,,200-3
北投區,奇岩,三,87,北投區,北投,,200-3
北投區,奇岩,三,88,北投區,北投,,207
北投區,奇岩,三,89,北投區,北投,,1283
北投區,奇岩,三,9,北投區,北投,,239-105
北投區,奇岩,三,90,北投區,北投,,208-5
北投區,奇岩,三,94,北投區,北投,,208-10
北投區,奇岩,三,95,北投區,北投,,208-11
北投區,奇岩,三,96,北投區,北投,,208-12
北投區,奇岩,三,97,北投區,北投,,208-13
北投區,奇岩,三,98,北投區,北投,,206-2
北投區,奇岩,三,99,北投區,北投,,200-11
北投區,奇岩,二,1,北投區,北投,,474-1
北投區,奇岩,二,10,北投區,北投,,139-43
北投區,奇岩,二,100,北投區,北投,,155-42
北投區,奇岩,二,101,北投區,北投,,155-43
北投區,奇岩,二,102,北投區,北投,,1199-59
北投區,奇岩,二,11,北投區,北投,,139-44
北投區,奇岩,二,12,北投區,北投,,139-45
北投區,奇岩,二,13,北投區,北投,,141-29
北投區,奇岩,二,14,北投區,北投,,141-28
北投區,奇岩,二,15,北投區,北投,,141-27
北投區,奇岩,二,16,北投區,北投,,141-26
北投區,奇岩,二,17,北投區,北投,,141-25
北投區,奇岩,二,18,北投區,北投,,141-22
北投區,奇岩,二,19,北投區,北投,,141-21
北投區,奇岩,二,2,北投區,北投,,139-27
北投區,奇岩,二,20,北投區,北投,,141-20
北投區,奇岩,二,21,北投區,北投,,141-19
北投區,奇岩,二,22,北投區,北投,,141-18
北投區,奇岩,二,23,北投區,北投,,141-17
北投區,奇岩,二,24,北投區,北投,,141-16
北投區,奇岩,二,25,北投區,北投,,141-15
北投區,奇岩,二,26,北投區,北投,,141-1
北投區,奇岩,二,27,北投區,北投,,144-3
北投區,奇岩,二,28,北投區,北投,,144-1
北投區,奇岩,二,29,北投區,北投,,141-12
北投區,奇岩,二,32,北投區,北投,,141-9
北投區,奇岩,二,33,北投區,北投,,141-10
北投區,奇岩,二,34,北投區,北投,,141-13
北投區,奇岩,二,35,北投區,北投,,149-14
北投區,奇岩,二,36,北投區,北投,,149-9
北投區,奇岩,二,37,北投區,北投,,144-56
北投區,奇岩,二,38,北投區,北投,,144-55
北投區,奇岩,二,39,北投區,北投,,149-8
北投區,奇岩,二,4,北投區,北投,,139-33
北投區,奇岩,二,40,北投區,北投,,149-7
北投區,奇岩,二,41,北投區,北投,,144-54
北投區,奇岩,二,42,北投區,北投,,144-36
北投區,奇岩,二,43,北投區,北投,,149-6
北投區,奇岩,二,44,北投區,北投,,144-60
北投區,奇岩,二,45,北投區,北投,,144-42
北投區,奇岩,二,46,北投區,北投,,144-43
北投區,奇岩,二,47,北投區,北投,,144-59
北投區,奇岩,二,48,北投區,北投,,144-58
北投區,奇岩,二,49,北投區,北投,,144-44
北投區,奇岩,二,50,北投區,北投,,144-45
北投區,奇岩,二,51,北投區,北投,,144-46
北投區,奇岩,二,52,北投區,北投,,144-57
北投區,奇岩,二,53,北投區,北投,,144-53
北投區,奇岩,二,54,北投區,北投,,144-47
北投區,奇岩,二,55,北投區,北投,,144-48
北投區,奇岩,二,56,北投區,北投,,144-49
北投區,奇岩,二,57,北投區,北投,,144-50
北投區,奇岩,二,58,北投區,北投,,144-51
北投區,奇岩,二,59,北投區,北投,,144-52
北投區,奇岩,二,60,北投區,北投,,151-18
北投區,奇岩,二,61,北投區,北投,,151-17
北投區,奇岩,二,62,北投區,北投,,1280
北投區,奇岩,二,63,北投區,北投,,155-49
北投區,奇岩,二,64,北投區,北投,,155-50
北投區,奇岩,二,65,北投區,北投,,155-51
北投區,奇岩,二,66,北投區,北投,,155-52
北投區,奇岩,二,67,北投區,北投,,155-48
北投區,奇岩,二,68,北投區,北投,,155-47
北投區,奇岩,二,69,北投區,北投,,155-46
北投區,奇岩,二,7,北投區,北投,,139-29
北投區,奇岩,二,70,北投區,北投,,155-45
北投區,奇岩,二,71,北投區,北投,,155-32
北投區,奇岩,二,71-1,北投區,北投,,155-11
北投區,奇岩,二,72,北投區,北投,,155-33
北投區,奇岩,二,72-1,北投區,北投,,155-5
北投區,奇岩,二,73,北投區,北投,,155-34
北投區,奇岩,二,73-1,北投區,北投,,155-6
北投區,奇岩,二,74,北投區,北投,,155-53
北投區,奇岩,二,75,北投區,北投,,155-54
北投區,奇岩,二,76,北投區,北投,,155-59
北投區,奇岩,二,77,北投區,北投,,155-35
北投區,奇岩,二,77-1,北投區,北投,,155-7
北投區,奇岩,二,78,北投區,北投,,155-36
北投區,奇岩,二,8,北投區,北投,,139-30
北投區,奇岩,二,80,北投區,北投,,159-10
北投區,奇岩,二,89-1,北投區,北投,,155-13
北投區,奇岩,二,9,北投區,北投,,139-42
北投區,奇岩,二,95-1,北投區,北投,,155-67
北投區,奇岩,二,96,北投區,北投,,155-40
北投區,奇岩,二,97,北投區,北投,,155-27
北投區,奇岩,二,98,北投區,北投,,155-24
北投區,奇岩,二,99,北投區,北投,,155-41
北投區,奇岩,五,1,北投區,北投,,172-8
北投區,奇岩,五,10,北投區,北投,,188-1
北投區,奇岩,五,100,北投區,北投,,396-8
北投區,奇岩,五,101,北投區,北投,,396-8
北投區,奇岩,五,102,北投區,北投,,396-7
北投區,奇岩,五,103,北投區,北投,,396-7
北投區,奇岩,五,104,北投區,北投,,398-31
北投區,奇岩,五,105,北投區,北投,,518-48
北投區,奇岩,五,106,北投區,北投,,425-3
北投區,奇岩,五,107,北投區,北投,,396-11
北投區,奇岩,五,108,北投區,北投,,394-15
北投區,奇岩,五,109,北投區,北投,,393-10
北投區,奇岩,五,11,北投區,北投,,188-2
北投區,奇岩,五,110,北投區,北投,,391-13
北投區,奇岩,五,111,北投區,北投,,390-5
北投區,奇岩,五,112,北投區,北投,,388-8
北投區,奇岩,五,113,北投區,北投,,388-11
北投區,奇岩,五,114,北投區,北投,,387
北投區,奇岩,五,115,北投區,北投,,388-12
北投區,奇岩,五,116,北投區,北投,,387-2
北投區,奇岩,五,117,北投區,北投,,388-13
北投區,奇岩,五,118,北投區,北投,,387-3
北投區,奇岩,五,119,北投區,北投,,388-14
北投區,奇岩,五,12,北投區,北投,,203-17
北投區,奇岩,五,120,北投區,北投,,387-4
北投區,奇岩,五,121,北投區,北投,,388-15
北投區,奇岩,五,122,北投區,北投,,387-5
北投區,奇岩,五,123,北投區,北投,,388-16
北投區,奇岩,五,124,北投區,北投,,387-6
北投區,奇岩,五,125,北投區,北投,,387-6
北投區,奇岩,五,126,北投區,北投,,390-35
北投區,奇岩,五,127,北投區,北投,,390-33
北投區,奇岩,五,128,北投區,北投,,390-7
北投區,奇岩,五,129,北投區,北投,,390-7
北投區,奇岩,五,13,北投區,北投,,253-1
北投區,奇岩,五,130,北投區,北投,,390-8
北投區,奇岩,五,131,北投區,北投,,390-8
北投區,奇岩,五,132,北投區,北投,,390-11
北投區,奇岩,五,133,北投區,北投,,390-11
北投區,奇岩,五,134,北投區,北投,,390-12
北投區,奇岩,五,135,北投區,北投,,390-12
北投區,奇岩,五,136,北投區,北投,,391-15
北投區,奇岩,五,137,北投區,北投,,391-15
北投區,奇岩,五,138,北投區,北投,,392-12
北投區,奇岩,五,139,北投區,北投,,391-19
北投區,奇岩,五,14,北投區,北投,,203-16
北投區,奇岩,五,140,北投區,北投,,391-19
北投區,奇岩,五,141,北投區,北投,,391-14
北投區,奇岩,五,142,北投區,北投,,391-14
北投區,奇岩,五,143,北投區,北投,,393-12
北投區,奇岩,五,144,北投區,北投,,393-12
北投區,奇岩,五,145,北投區,北投,,393-13
北投區,奇岩,五,146,北投區,北投,,393-13
北投區,奇岩,五,147,北投區,北投,,393-19
北投區,奇岩,五,148,北投區,北投,,394-19
北投區,奇岩,五,149,北投區,北投,,394-18
北投區,奇岩,五,15,北投區,北投,,172-6
北投區,奇岩,五,15-1,北投區,北投,,172-6
北投區,奇岩,五,150,北投區,北投,,394-18
北投區,奇岩,五,151,北投區,北投,,394-17
北投區,奇岩,五,152,北投區,北投,,394-17
北投區,奇岩,五,153,北投區,北投,,394-16
北投區,奇岩,五,154,北投區,北投,,394-16
北投區,奇岩,五,155,北投區,北投,,396-13
北投區,奇岩,五,156,北投區,北投,,396-13
北投區,奇岩,五,157,北投區,北投,,396-14
北投區,奇岩,五,158,北投區,北投,,396-14
北投區,奇岩,五,159,北投區,北投,,396-15
北投區,奇岩,五,16,北投區,北投,,404-48
北投區,奇岩,五,160,北投區,北投,,396-15
北投區,奇岩,五,162,北投區,北投,,396-16
北投區,奇岩,五,164-1,北投區,北投,,518-49
北投區,奇岩,五,165,北投區,北投,,518-49
北投區,奇岩,五,167,北投區,北投,,425-3
北投區,奇岩,五,168,北投區,北投,,425-3
北投區,奇岩,五,169,北投區,北投,,396-21
北投區,奇岩,五,172,北投區,北投,,396-18
北投區,奇岩,五,173,北投區,北投,,396-18
北投區,奇岩,五,174,北投區,北投,,395-11
北投區,奇岩,五,175,北投區,北投,,395-11
北投區,奇岩,五,176,北投區,北投,,395-10
北投區,奇岩,五,177,北投區,北投,,395-10
北投區,奇岩,五,178,北投區,北投,,394-26
北投區,奇岩,五,179,北投區,北投,,394-26
北投區,奇岩,五,18,北投區,北投,,403-4
北投區,奇岩,五,18-1,北投區,北投,,389-2
北投區,奇岩,五,180,北投區,北投,,394-25
北投區,奇岩,五,181,北投區,北投,,394-25
北投區,奇岩,五,182,北投區,北投,,393-19
北投區,奇岩,五,183,北投區,北投,,393-19
北投區,奇岩,五,184,北投區,北投,,393-18
北投區,奇岩,五,185,北投區,北投,,393-18
北投區,奇岩,五,186,北投區,北投,,392-7
北投區,奇岩,五,187,北投區,北投,,392-7
北投區,奇岩,五,188,北投區,北投,,392-6
北投區,奇岩,五,189,北投區,北投,,392-6
北投區,奇岩,五,19,北投區,北投,,403
北投區,奇岩,五,190,北投區,北投,,392-14
北投區,奇岩,五,191,北投區,北投,,392-14
北投區,奇岩,五,192,北投區,北投,,390-14
北投區,奇岩,五,193,北投區,北投,,390-14
北投區,奇岩,五,194,北投區,北投,,390-13
北投區,奇岩,五,195,北投區,北投,,390-13
北投區,奇岩,五,196,北投區,北投,,390-10
北投區,奇岩,五,197,北投區,北投,,390-10
北投區,奇岩,五,198,北投區,北投,,390-9
北投區,奇岩,五,199,北投區,北投,,390-9
北投區,奇岩,五,2,北投區,北投,,172-9
北投區,奇岩,五,20,北投區,北投,,401-4
北投區,奇岩,五,20-1,北投區,北投,,401-4
北投區,奇岩,五,200,北投區,北投,,390-34
北投區,奇岩,五,201,北投區,北投,,390-3
北投區,奇岩,五,202,北投區,北投,,386-1
北投區,奇岩,五,202-1,北投區,北投,,386-1
北投區,奇岩,五,203,北投區,北投,,386
北投區,奇岩,五,204,北投區,北投,,386
北投區,奇岩,五,205,北投區,北投,,386-3
北投區,奇岩,五,205-1,北投區,北投,,386-2
北投區,奇岩,五,206,北投區,北投,,388-1
北投區,奇岩,五,206-1,北投區,北投,,387-1
北投區,奇岩,五,207,北投區,北投,,385-9
北投區,奇岩,五,208,北投區,北投,,385-13
北投區,奇岩,五,209,北投區,北投,,385-6
北投區,奇岩,五,21,北投區,北投,,391
北投區,奇岩,五,21-1,北投區,北投,,402-16
北投區,奇岩,五,210,北投區,北投,,385-3
北投區,奇岩,五,210-1,北投區,北投,,385-4
北投區,奇岩,五,211,北投區,北投,,385-12
北投區,奇岩,五,212,北投區,北投,,385-2
北投區,奇岩,五,213,北投區,北投,,385
北投區,奇岩,五,214,北投區,北投,,385-10
北投區,奇岩,五,215,北投區,北投,,385-1
北投區,奇岩,五,216,北投區,北投,,385-1
北投區,奇岩,五,217,北投區,北投,,395-12
北投區,奇岩,五,218,北投區,北投,,394-27
北投區,奇岩,五,219,北投區,北投,,393-20
北投區,奇岩,五,22,北投區,北投,,392
北投區,奇岩,五,220,北投區,北投,,392-8
北投區,奇岩,五,221,北投區,北投,,390-15
北投區,奇岩,五,222,北投區,北投,,390-22
北投區,奇岩,五,223,北投區,北投,,390-23
北投區,奇岩,五,224,北投區,北投,,390-23
北投區,奇岩,五,225,北投區,北投,,390-2
北投區,奇岩,五,226,北投區,北投,,390-24
北投區,奇岩,五,227,北投區,北投,,390-16
北投區,奇岩,五,228,北投區,北投,,390-16
北投區,奇岩,五,229,北投區,北投,,390-17
北投區,奇岩,五,23,北投區,北投,,393-2
北投區,奇岩,五,230,北投區,北投,,390-17
北投區,奇岩,五,231,北投區,北投,,390-18
北投區,奇岩,五,232,北投區,北投,,390-18
北投區,奇岩,五,233,北投區,北投,,390-26
北投區,奇岩,五,234,北投區,北投,,392-16
北投區,奇岩,五,235,北投區,北投,,392-16
北投區,奇岩,五,236,北投區,北投,,390-19
北投區,奇岩,五,237,北投區,北投,,390-19
北投區,奇岩,五,238,北投區,北投,,392-11
北投區,奇岩,五,239,北投區,北投,,392-11
北投區,奇岩,五,24,北投區,北投,,394-32
北投區,奇岩,五,240,北投區,北投,,393-22
北投區,奇岩,五,241,北投區,北投,,393-22
北投區,奇岩,五,242,北投區,北投,,393-23
北投區,奇岩,五,243,北投區,北投,,393-23
北投區,奇岩,五,244,北投區,北投,,393-24
北投區,奇岩,五,245,北投區,北投,,393-24
北投區,奇岩,五,246,北投區,北投,,394-30
北投區,奇岩,五,247,北投區,北投,,394-30
北投區,奇岩,五,248,北投區,北投,,394-31
北投區,奇岩,五,249,北投區,北投,,394-31
北投區,奇岩,五,25,北投區,北投,,395-19
北投區,奇岩,五,250,北投區,北投,,395-15
北投區,奇岩,五,251,北投區,北投,,395-15
北投區,奇岩,五,252,北投區,北投,,395-16
北投區,奇岩,五,253,北投區,北投,,395-16
北投區,奇岩,五,254,北投區,北投,,383-2
北投區,奇岩,五,255,北投區,北投,,383-24
北投區,奇岩,五,256,北投區,北投,,382-117
北投區,奇岩,五,257,北投區,北投,,383-25
北投區,奇岩,五,258,北投區,北投,,383-26
北投區,奇岩,五,259,北投區,北投,,383-3
北投區,奇岩,五,26,北投區,北投,,395-3
北投區,奇岩,五,260,北投區,北投,,382-7
北投區,奇岩,五,261,北投區,北投,,382-111
北投區,奇岩,五,262,北投區,北投,,382-110
北投區,奇岩,五,263,北投區,北投,,382-115
北投區,奇岩,五,264,北投區,北投,,382-112
北投區,奇岩,五,265,北投區,北投,,382-116
北投區,奇岩,五,266,北投區,北投,,382-113
北投區,奇岩,五,267,北投區,北投,,382-118
北投區,奇岩,五,268,北投區,北投,,382
北投區,奇岩,五,269,北投區,北投,,382-2
北投區,奇岩,五,27,北投區,北投,,425-3
北投區,奇岩,五,270,北投區,北投,,382-114
北投區,奇岩,五,271,北投區,北投,,382-4
北投區,奇岩,五,272,北投區,北投,,382-3
北投區,奇岩,五,273,北投區,北投,,382-5
北投區,奇岩,五,274,北投區,北投,,382-119
北投區,奇岩,五,275,北投區,北投,,382-109
北投區,奇岩,五,276,北投區,北投,,382-8
北投區,奇岩,五,277,北投區,北投,,382-9
北投區,奇岩,五,278,北投區,北投,,203-6
北投區,奇岩,五,278-1,北投區,北投,,203-14
北投區,奇岩,五,279,北投區,北投,,203-6
北投區,奇岩,五,28,北投區,北投,,398-10
北投區,奇岩,五,280,北投區,北投,,253-2
北投區,奇岩,五,281,北投區,北投,,253-5
北投區,奇岩,五,282,北投區,北投,,253-11
北投區,奇岩,五,283,北投區,北投,,253-11
北投區,奇岩,五,284,北投區,北投,,253-4
北投區,奇岩,五,285,北投區,北投,,253-16
北投區,奇岩,五,286,北投區,北投,,253-14
北投區,奇岩,五,286-1,北投區,北投,,253-28
北投區,奇岩,五,287,北投區,北投,,253-6
北投區,奇岩,五,287-1,北投區,北投,,253-27
北投區,奇岩,五,288,北投區,北投,,253-22
北投區,奇岩,五,289,北投區,北投,,253-23
北投區,奇岩,五,29,北投區,北投,,398-10
北投區,奇岩,五,290,北投區,北投,,253-26
北投區,奇岩,五,291,北投區,北投,,253-10
北投區,奇岩,五,292,北投區,北投,,253-25
北投區,奇岩,五,293,北投區,北投,,253-3
北投區,奇岩,五,294,北投區,北投,,253-9
北投區,奇岩,五,295,北投區,北投,,253-17
北投區,奇岩,五,296,北投區,北投,,253-10
北投區,奇岩,五,296-1,北投區,北投,,254-12
北投區,奇岩,五,297,北投區,北投,,254-4
北投區,奇岩,五,297-1,北投區,北投,,254-13
北投區,奇岩,五,298,北投區,北投,,254-1
北投區,奇岩,五,299,北投區,北投,,664-3
北投區,奇岩,五,3,北投區,北投,,172-3
北投區,奇岩,五,30,北投區,北投,,425-3
北投區,奇岩,五,300,北投區,北投,,255-3
北投區,奇岩,五,301,北投區,北投,,255-3
北投區,奇岩,五,302,北投區,北投,,254-2
北投區,奇岩,五,302-1,北投區,北投,,254-2
北投區,奇岩,五,304,北投區,北投,,254-9
北投區,奇岩,五,305,北投區,北投,,254-9
北投區,奇岩,五,307,北投區,北投,,254-5
北投區,奇岩,五,308,北投區,北投,,254-5
北投區,奇岩,五,309,北投區,北投,,253-12
北投區,奇岩,五,31,北投區,北投,,396-6
北投區,奇岩,五,310,北投區,北投,,254-5
北投區,奇岩,五,311,北投區,北投,,253-12
北投區,奇岩,五,313,北投區,北投,,253-12
北投區,奇岩,五,314,北投區,北投,,253-12
北投區,奇岩,五,315,北投區,北投,,253-8
北投區,奇岩,五,316,北投區,北投,,253-19
北投區,奇岩,五,317,北投區,北投,,253-20
北投區,奇岩,五,318,北投區,北投,,253-21
北投區,奇岩,五,319,北投區,北投,,253-7
北投區,奇岩,五,32,北投區,北投,,396-6
北投區,奇岩,五,320,北投區,北投,,203-15
北投區,奇岩,五,321,北投區,北投,,382-6
北投區,奇岩,五,322,北投區,北投,,385-5
北投區,奇岩,五,323,北投區,北投,,425-1
北投區,奇岩,五,324,北投區,北投,,518-51
北投區,奇岩,五,325,北投區,北投,,397-1
北投區,奇岩,五,326,北投區,北投,,398-5
北投區,奇岩,五,327,北投區,北投,,398-29
北投區,奇岩,五,328,北投區,北投,,398-6
北投區,奇岩,五,329,北投區,北投,,398-19
北投區,奇岩,五,33,北投區,北投,,396-5
北投區,奇岩,五,330,北投區,北投,,398-20
北投區,奇岩,五,331,北投區,北投,,398-21
北投區,奇岩,五,332,北投區,北投,,398-22
北投區,奇岩,五,333,北投區,北投,,398
北投區,奇岩,五,335,北投區,北投,,397
北投區,奇岩,五,336,北投區,北投,,397-11
北投區,奇岩,五,337,北投區,北投,,397-12
北投區,奇岩,五,338,北投區,北投,,397-5
北投區,奇岩,五,339,北投區,北投,,397-6
北投區,奇岩,五,34,北投區,北投,,396-4
北投區,奇岩,五,340,北投區,北投,,397-7
北投區,奇岩,五,341,北投區,北投,,397-8
北投區,奇岩,五,342,北投區,北投,,397-3
北投區,奇岩,五,343,北投區,北投,,397-13
北投區,奇岩,五,344,北投區,北投,,397-9
北投區,奇岩,五,345,北投區,北投,,397-10
北投區,奇岩,五,346,北投區,北投,,518-52
北投區,奇岩,五,347,北投區,北投,,425-4
北投區,奇岩,五,348,北投區,北投,,384-7
北投區,奇岩,五,349,北投區,北投,,384-6
北投區,奇岩,五,35,北投區,北投,,396-3
北投區,奇岩,五,350,北投區,北投,,384-5
北投區,奇岩,五,351,北投區,北投,,384-3
北投區,奇岩,五,352,北投區,北投,,384-2
北投區,奇岩,五,353,北投區,北投,,384
北投區,奇岩,五,354,北投區,北投,,384-12
北投區,奇岩,五,355,北投區,北投,,383
北投區,奇岩,五,356,北投區,北投,,383-15
北投區,奇岩,五,357,北投區,北投,,383-16
北投區,奇岩,五,358,北投區,北投,,383-4
北投區,奇岩,五,359,北投區,北投,,383-5
北投區,奇岩,五,36,北投區,北投,,396-2
北投區,奇岩,五,360,北投區,北投,,383-6
北投區,奇岩,五,361,北投區,北投,,383-7
北投區,奇岩,五,362,北投區,北投,,383-8
北投區,奇岩,五,363,北投區,北投,,383-9
北投區,奇岩,五,364,北投區,北投,,383-10
北投區,奇岩,五,365,北投區,北投,,383-11
北投區,奇岩,五,366,北投區,北投,,383-12
北投區,奇岩,五,367,北投區,北投,,383-13
北投區,奇岩,五,368,北投區,北投,,383-17
北投區,奇岩,五,369,北投區,北投,,383-18
北投區,奇岩,五,37,北投區,北投,,394-8
北投區,奇岩,五,370,北投區,北投,,383-19
北投區,奇岩,五,371,北投區,北投,,383-20
北投區,奇岩,五,372,北投區,北投,,382-1
北投區,奇岩,五,373,北投區,北投,,383-21
北投區,奇岩,五,376,北投區,北投,,382-62
北投區,奇岩,五,377,北投區,北投,,382-63
北投區,奇岩,五,378,北投區,北投,,382-64
北投區,奇岩,五,379,北投區,北投,,382-65
北投區,奇岩,五,38,北投區,北投,,394-7
北投區,奇岩,五,380,北投區,北投,,382-66
北投區,奇岩,五,381,北投區,北投,,382-67
北投區,奇岩,五,382,北投區,北投,,382-11
北投區,奇岩,五,383,北投區,北投,,382-68
北投區,奇岩,五,384,北投區,北投,,382-69
北投區,奇岩,五,385,北投區,北投,,382-70
北投區,奇岩,五,386,北投區,北投,,382-71
北投區,奇岩,五,387,北投區,北投,,382-72
北投區,奇岩,五,388,北投區,北投,,382-73
北投區,奇岩,五,389,北投區,北投,,382-74
北投區,奇岩,五,39,北投區,北投,,394-6
北投區,奇岩,五,390,北投區,北投,,382-75
北投區,奇岩,五,391,北投區,北投,,382-76
北投區,奇岩,五,392,北投區,北投,,382-10
北投區,奇岩,五,393,北投區,北投,,382-91
北投區,奇岩,五,394,北投區,北投,,382-90
北投區,奇岩,五,395,北投區,北投,,382-89
北投區,奇岩,五,396,北投區,北投,,382-88
北投區,奇岩,五,397,北投區,北投,,382-87
北投區,奇岩,五,398,北投區,北投,,382-86
北投區,奇岩,五,399,北投區,北投,,382-85
北投區,奇岩,五,4,北投區,北投,,173-1
北投區,奇岩,五,40,北投區,北投,,394-5
北投區,奇岩,五,400,北投區,北投,,382-84
北投區,奇岩,五,401,北投區,北投,,382-83
北投區,奇岩,五,402,北投區,北投,,382-82
北投區,奇岩,五,403,北投區,北投,,382-81
北投區,奇岩,五,404,北投區,北投,,382-80
北投區,奇岩,五,405,北投區,北投,,382-79
北投區,奇岩,五,41,北投區,北投,,393-6
北投區,奇岩,五,410,北投區,北投,,382-94
北投區,奇岩,五,411,北投區,北投,,382-95
北投區,奇岩,五,412,北投區,北投,,382-96
北投區,奇岩,五,413,北投區,北投,,382-97
北投區,奇岩,五,414,北投區,北投,,382-98
北投區,奇岩,五,415,北投區,北投,,382-99
北投區,奇岩,五,416,北投區,北投,,382-100
北投區,奇岩,五,417,北投區,北投,,382-101
北投區,奇岩,五,418,北投區,北投,,382-102
北投區,奇岩,五,419,北投區,北投,,382-103
北投區,奇岩,五,42,北投區,北投,,393-5
北投區,奇岩,五,420,北投區,北投,,382-104
北投區,奇岩,五,421,北投區,北投,,382-105
北投區,奇岩,五,422,北投區,北投,,382-106
北投區,奇岩,五,423,北投區,北投,,382-107
北投區,奇岩,五,424,北投區,北投,,664-3
北投區,奇岩,五,425,北投區,北投,,664-3
北投區,奇岩,五,426,北投區,北投,,772-25
北投區,奇岩,五,427,北投區,北投,,772-9
北投區,奇岩,五,428,北投區,北投,,772-26
北投區,奇岩,五,429,北投區,北投,,772-13
北投區,奇岩,五,429-1,北投區,北投,,772-18
北投區,奇岩,五,43,北投區,北投,,393-25
北投區,奇岩,五,430,北投區,北投,,772-19
北投區,奇岩,五,432,北投區,北投,,772-21
北投區,奇岩,五,433,北投區,北投,,772-22
北投區,奇岩,五,434,北投區,北投,,772-34
北投區,奇岩,五,435,北投區,北投,,772-24
北投區,奇岩,五,436,北投區,北投,,772-16
北投區,奇岩,五,437,北投區,北投,,772-14
北投區,奇岩,五,438,北投區,北投,,772-12
北投區,奇岩,五,439,北投區,北投,,772-2
北投區,奇岩,五,44,北投區,北投,,391-7
北投區,奇岩,五,440,北投區,北投,,772-3
北投區,奇岩,五,441,北投區,北投,,772-5
北投區,奇岩,五,444,北投區,北投,,1267
北投區,奇岩,五,445,北投區,北投,,774
北投區,奇岩,五,446,北投區,北投,,773-4
北投區,奇岩,五,447,北投區,北投,,773-3
北投區,奇岩,五,448,北投區,北投,,773
北投區,奇岩,五,449,北投區,北投,,773-1
北投區,奇岩,五,45,北投區,北投,,391-6
北投區,奇岩,五,450,北投區,北投,,773-5
北投區,奇岩,五,451,北投區,北投,,773-6
北投區,奇岩,五,452,北投區,北投,,773-7
北投區,奇岩,五,452-1,北投區,北投,,773-8
北投區,奇岩,五,453,北投區,北投,,773-2
北投區,奇岩,五,454,北投區,北投,,773-2
北投區,奇岩,五,455,北投區,北投,,774-2
北投區,奇岩,五,456,北投區,北投,,774-2
北投區,奇岩,五,457,北投區,北投,,774-2
北投區,奇岩,五,458,北投區,北投,,381-1
北投區,奇岩,五,459,北投區,北投,,381-5
北投區,奇岩,五,46,北投區,北投,,391-5
北投區,奇岩,五,460,北投區,北投,,381-6
北投區,奇岩,五,461,北投區,北投,,381-32
北投區,奇岩,五,462,北投區,北投,,773-9
北投區,奇岩,五,47,北投區,北投,,391-4
北投區,奇岩,五,472,北投區,北投,,381-9
北投區,奇岩,五,473,北投區,北投,,381-8
北投區,奇岩,五,474,北投區,北投,,381-26
北投區,奇岩,五,475,北投區,北投,,381-28
北投區,奇岩,五,476,北投區,北投,,381-27
北投區,奇岩,五,477,北投區,北投,,381-29
北投區,奇岩,五,48,北投區,北投,,391-3
北投區,奇岩,五,48-1,北投區,北投,,388-9
北投區,奇岩,五,482,北投區,北投,,381-2
北投區,奇岩,五,483,北投區,北投,,381-3
北投區,奇岩,五,484,北投區,北投,,381
北投區,奇岩,五,485,北投區,北投,,381-10
北投區,奇岩,五,486,北投區,北投,,381-11
北投區,奇岩,五,487,北投區,北投,,381-12
北投區,奇岩,五,488,北投區,北投,,381-30
北投區,奇岩,五,489,北投區,北投,,379-3
北投區,奇岩,五,49,北投區,北投,,390-30
北投區,奇岩,五,49-1,北投區,北投,,390
北投區,奇岩,五,490,北投區,北投,,272-12
北投區,奇岩,五,491,北投區,北投,,272-12
北投區,奇岩,五,492,北投區,北投,,272-12
北投區,奇岩,五,493,北投區,北投,,272-10
北投區,奇岩,五,494,北投區,北投,,272-10
北投區,奇岩,五,495,北投區,北投,,272-10
北投區,奇岩,五,496,北投區,北投,,378-1
北投區,奇岩,五,497,北投區,北投,,379-1
北投區,奇岩,五,498,北投區,北投,,379-2
北投區,奇岩,五,499,北投區,北投,,774-4
北投區,奇岩,五,5,北投區,北投,,182-1
北投區,奇岩,五,50,北投區,北投,,390-29
北投區,奇岩,五,500,北投區,北投,,380-1
北投區,奇岩,五,501,北投區,北投,,380
北投區,奇岩,五,502,北投區,北投,,376-1
北投區,奇岩,五,503,北投區,北投,,376
北投區,奇岩,五,504,北投區,北投,,375
北投區,奇岩,五,505,北投區,北投,,377
北投區,奇岩,五,506,北投區,北投,,374
北投區,奇岩,五,506-1,北投區,北投,,374-1
北投區,奇岩,五,507,北投區,北投,,378
北投區,奇岩,五,508,北投區,北投,,378-3
北投區,奇岩,五,509,北投區,北投,,373-2
北投區,奇岩,五,51,北投區,北投,,389-16
北投區,奇岩,五,510,北投區,北投,,373-1
北投區,奇岩,五,511,北投區,北投,,373
北投區,奇岩,五,512,北投區,北投,,372-5
北投區,奇岩,五,513,北投區,北投,,372-4
北投區,奇岩,五,514,北投區,北投,,372-3
北投區,奇岩,五,515,北投區,北投,,372-9
北投區,奇岩,五,516,北投區,北投,,372-6
北投區,奇岩,五,517,北投區,北投,,372-7
北投區,奇岩,五,519,北投區,北投,,372-2
北投區,奇岩,五,52,北投區,北投,,389-15
北投區,奇岩,五,520,北投區,北投,,372
北投區,奇岩,五,521,北投區,北投,,372-10
北投區,奇岩,五,522,北投區,北投,,272-7
北投區,奇岩,五,523,北投區,北投,,272-11
北投區,奇岩,五,524,北投區,北投,,272-9
北投區,奇岩,五,525,北投區,北投,,272-3
北投區,奇岩,五,526,北投區,北投,,272-2
北投區,奇岩,五,527,北投區,北投,,272-1
北投區,奇岩,五,528,北投區,北投,,271
北投區,奇岩,五,529,北投區,北投,,271-1
北投區,奇岩,五,53,北投區,北投,,389-3
北投區,奇岩,五,530,北投區,北投,,271-2
北投區,奇岩,五,531,北投區,北投,,273
北投區,奇岩,五,531-1,北投區,北投,,273-1
北投區,奇岩,五,532,北投區,北投,,273-2
北投區,奇岩,五,533,北投區,北投,,273-3
北投區,奇岩,五,534,北投區,北投,,273-5
北投區,奇岩,五,535,北投區,北投,,273-5
北投區,奇岩,五,536,北投區,北投,,273-5
北投區,奇岩,五,537,北投區,北投,,273-5
北投區,奇岩,五,538,北投區,北投,,273-5
北投區,奇岩,五,539,北投區,北投,,258
北投區,奇岩,五,54,北投區,北投,,389-4
北投區,奇岩,五,541,北投區,北投,,270
北投區,奇岩,五,542,北投區,北投,,270-1
北投區,奇岩,五,543,北投區,北投,,270-2
北投區,奇岩,五,544,北投區,北投,,277-7
北投區,奇岩,五,545,北投區,北投,,262-9
北投區,奇岩,五,546,北投區,北投,,276-5
北投區,奇岩,五,547,北投區,北投,,275
北投區,奇岩,五,547-1,北投區,北投,,273-6
北投區,奇岩,五,548,北投區,北投,,273-4
北投區,奇岩,五,549,北投區,北投,,366-12
北投區,奇岩,五,55,北投區,北投,,389-5
北投區,奇岩,五,551,北投區,北投,,366-1
北投區,奇岩,五,552,北投區,北投,,366
北投區,奇岩,五,553,北投區,北投,,366-11
北投區,奇岩,五,554,北投區,北投,,366-5
北投區,奇岩,五,555,北投區,北投,,366-17
北投區,奇岩,五,555-1,北投區,北投,,366-7
北投區,奇岩,五,556,北投區,北投,,366-6
北投區,奇岩,五,557,北投區,北投,,367-11
北投區,奇岩,五,559,北投區,北投,,367-4
北投區,奇岩,五,56,北投區,北投,,389-6
北投區,奇岩,五,560,北投區,北投,,367-22
北投區,奇岩,五,561,北投區,北投,,367-15
北投區,奇岩,五,562,北投區,北投,,367-7
北投區,奇岩,五,562-1,北投區,北投,,367-7
北投區,奇岩,五,563,北投區,北投,,367
北投區,奇岩,五,563-1,北投區,北投,,367-13
北投區,奇岩,五,564,北投區,北投,,367-1
北投區,奇岩,五,564-1,北投區,北投,,367-12
北投區,奇岩,五,567,北投區,北投,,366-18
北投區,奇岩,五,568,北投區,北投,,774-3
北投區,奇岩,五,569,北投區,北投,,714-3
北投區,奇岩,五,57,北投區,北投,,389-7
北投區,奇岩,五,570,北投區,北投,,769-2
北投區,奇岩,五,571,北投區,北投,,769-2
北投區,奇岩,五,572,北投區,北投,,769-5
北投區,奇岩,五,573,北投區,北投,,769-57
北投區,奇岩,五,574,北投區,北投,,769-31
北投區,奇岩,五,575,北投區,北投,,769-55
北投區,奇岩,五,576,北投區,北投,,769-11
北投區,奇岩,五,577,北投區,北投,,769-10
北投區,奇岩,五,578,北投區,北投,,769-6
北投區,奇岩,五,579,北投區,北投,,769-51
北投區,奇岩,五,58,北投區,北投,,389-8
北投區,奇岩,五,581,北投區,北投,,769-50
北投區,奇岩,五,582,北投區,北投,,776-19
北投區,奇岩,五,583,北投區,北投,,776-5
北投區,奇岩,五,585,北投區,北投,,776-2
北投區,奇岩,五,586,北投區,北投,,776
北投區,奇岩,五,588,北投區,北投,,775-1
北投區,奇岩,五,589,北投區,北投,,777-1
北投區,奇岩,五,59,北投區,北投,,389
北投區,奇岩,五,590,北投區,北投,,778-1
北投區,奇岩,五,591,北投區,北投,,780-1
北投區,奇岩,五,592,北投區,北投,,780
北投區,奇岩,五,593,北投區,北投,,777
北投區,奇岩,五,597,北投區,北投,,779-3
北投區,奇岩,五,599,北投區,北投,,779-31
北投區,奇岩,五,6,北投區,北投,,183-1
北投區,奇岩,五,60,北投區,北投,,389
北投區,奇岩,五,602,北投區,北投,,769-49
北投區,奇岩,五,604,北投區,北投,,769-52
北投區,奇岩,五,605,北投區,北投,,781-2
北投區,奇岩,五,606,北投區,北投,,781
北投區,奇岩,五,608,北投區,北投,,784
北投區,奇岩,五,61,北投區,北投,,388-2
北投區,奇岩,五,610,北投區,北投,,362-9
北投區,奇岩,五,610-1,北投區,北投,,1272
北投區,奇岩,五,611,北投區,北投,,783-72
北投區,奇岩,五,612,北投區,北投,,783-1
北投區,奇岩,五,614,北投區,北投,,783-11
北投區,奇岩,五,614-1,北投區,北投,,783-13
北投區,奇岩,五,615,北投區,北投,,783
北投區,奇岩,五,615-1,北投區,北投,,783-3
北投區,奇岩,五,616,北投區,北投,,783-2
北投區,奇岩,五,617,北投區,北投,,783-15
北投區,奇岩,五,618,北投區,北投,,783-17
北投區,奇岩,五,619,北投區,北投,,783-12
北投區,奇岩,五,62,北投區,北投,,388-3
北投區,奇岩,五,620,北投區,北投,,362-11
北投區,奇岩,五,621,北投區,北投,,783-19
北投區,奇岩,五,621-1,北投區,北投,,783-20
北投區,奇岩,五,622,北投區,北投,,783-71
北投區,奇岩,五,623,北投區,北投,,362-11
北投區,奇岩,五,624,北投區,北投,,1273
北投區,奇岩,五,625,北投區,北投,,371-1
北投區,奇岩,五,626,北投區,北投,,370
北投區,奇岩,五,627,北投區,北投,,361-18
北投區,奇岩,五,628,北投區,北投,,370-1
北投區,奇岩,五,629,北投區,北投,,370-4
北投區,奇岩,五,63,北投區,北投,,388-4
北投區,奇岩,五,630,北投區,北投,,361-19
北投區,奇岩,五,631,北投區,北投,,361
北投區,奇岩,五,632,北投區,北投,,361-4
北投區,奇岩,五,633,北投區,北投,,361-129
北投區,奇岩,五,634,北投區,北投,,361-128
北投區,奇岩,五,635,北投區,北投,,361-127
北投區,奇岩,五,636,北投區,北投,,361-14
北投區,奇岩,五,638,北投區,北投,,361-3
北投區,奇岩,五,639,北投區,北投,,361-2
北投區,奇岩,五,64,北投區,北投,,388-5
北投區,奇岩,五,643,北投區,北投,,369-2
北投區,奇岩,五,644,北投區,北投,,369-3
北投區,奇岩,五,647,北投區,北投,,363-1
北投區,奇岩,五,648,北投區,北投,,365-6
北投區,奇岩,五,65,北投區,北投,,388-5
北投區,奇岩,五,66,北投區,北投,,388-6
北投區,奇岩,五,67,北投區,北投,,388-6
北投區,奇岩,五,68,北投區,北投,,388-7
北投區,奇岩,五,69,北投區,北投,,388-7
北投區,奇岩,五,7,北投區,北投,,183-2
北投區,奇岩,五,70,北投區,北投,,388-10
北投區,奇岩,五,71,北投區,北投,,388-10
北投區,奇岩,五,72,北投區,北投,,391-11
北投區,奇岩,五,73,北投區,北投,,391-11
北投區,奇岩,五,74,北投區,北投,,391-10
北投區,奇岩,五,75,北投區,北投,,391-10
北投區,奇岩,五,76,北投區,北投,,391-9
北投區,奇岩,五,77,北投區,北投,,391-9
北投區,奇岩,五,78,北投區,北投,,391-8
北投區,奇岩,五,79,北投區,北投,,391-8
北投區,奇岩,五,8,北投區,北投,,184-1
北投區,奇岩,五,80,北投區,北投,,393-27
北投區,奇岩,五,81,北投區,北投,,393-27
北投區,奇岩,五,82,北投區,北投,,393-28
北投區,奇岩,五,83,北投區,北投,,393-28
北投區,奇岩,五,84,北投區,北投,,393-8
北投區,奇岩,五,85,北投區,北投,,393-8
北投區,奇岩,五,86,北投區,北投,,393-7
北投區,奇岩,五,87,北投區,北投,,393-7
北投區,奇岩,五,88,北投區,北投,,394-13
北投區,奇岩,五,89,北投區,北投,,394-13
北投區,奇岩,五,9,北投區,北投,,187-1
北投區,奇岩,五,90,北投區,北投,,394-12
北投區,奇岩,五,91,北投區,北投,,394-12
北投區,奇岩,五,92,北投區,北投,,394-11
北投區,奇岩,五,93,北投區,北投,,394-11
北投區,奇岩,五,94,北投區,北投,,394-10
北投區,奇岩,五,95,北投區,北投,,394-10
北投區,奇岩,五,96,北投區,北投,,394-9
北投區,奇岩,五,97,北投區,北投,,394-9
北投區,奇岩,五,98,北投區,北投,,396-9
北投區,奇岩,五,99,北投區,北投,,396-9
北投區,奇岩,四,1,北投區,北投,,144-22
北投區,奇岩,四,10,北投區,北投,,434-1
北投區,奇岩,四,100,北投區,北投,,427-14
北投區,奇岩,四,101,北投區,北投,,427
北投區,奇岩,四,101-1,北投區,北投,,427
北投區,奇岩,四,102,北投區,北投,,427-12
北投區,奇岩,四,103,北投區,北投,,418-1
北投區,奇岩,四,104,北投區,北投,,426-7
北投區,奇岩,四,105,北投區,北投,,427-13
北投區,奇岩,四,106,北投區,北投,,427-11
北投區,奇岩,四,107,北投區,北投,,426-2
北投區,奇岩,四,108,北投區,北投,,426-5
北投區,奇岩,四,109,北投區,北投,,421-9
北投區,奇岩,四,11,北投區,北投,,434-5
北投區,奇岩,四,110,北投區,北投,,421-10
北投區,奇岩,四,111,北投區,北投,,421-8
北投區,奇岩,四,112,北投區,北投,,421-7
北投區,奇岩,四,113,北投區,北投,,421-6
北投區,奇岩,四,114,北投區,北投,,421-5
北投區,奇岩,四,115,北投區,北投,,421-4
北投區,奇岩,四,116,北投區,北投,,421
北投區,奇岩,四,117,北投區,北投,,518-45
北投區,奇岩,四,118,北投區,北投,,518-46
北投區,奇岩,四,119,北投區,北投,,518-47
北投區,奇岩,四,120,北投區,北投,,420
北投區,奇岩,四,121,北投區,北投,,418-9
北投區,奇岩,四,122,北投區,北投,,420-4
北投區,奇岩,四,123,北投區,北投,,419-7
北投區,奇岩,四,124,北投區,北投,,419-8
北投區,奇岩,四,125,北投區,北投,,419-9
北投區,奇岩,四,126,北投區,北投,,418-3
北投區,奇岩,四,130,北投區,北投,,418
北投區,奇岩,四,131,北投區,北投,,419-3
北投區,奇岩,四,132,北投區,北投,,419
北投區,奇岩,四,133,北投區,北投,,419-4
北投區,奇岩,四,134,北投區,北投,,419-5
北投區,奇岩,四,135,北投區,北投,,422-13
北投區,奇岩,四,136,北投區,北投,,422-22
北投區,奇岩,四,137,北投區,北投,,422-1
北投區,奇岩,四,138,北投區,北投,,422-2
北投區,奇岩,四,139,北投區,北投,,422-14
北投區,奇岩,四,140,北投區,北投,,422-15
北投區,奇岩,四,141,北投區,北投,,422-3
北投區,奇岩,四,142,北投區,北投,,422-4
北投區,奇岩,四,143,北投區,北投,,422-16
北投區,奇岩,四,144,北投區,北投,,422-5
北投區,奇岩,四,145,北投區,北投,,422-17
北投區,奇岩,四,146,北投區,北投,,422-27
北投區,奇岩,四,147,北投區,北投,,422-26
北投區,奇岩,四,148,北投區,北投,,422-25
北投區,奇岩,四,149,北投區,北投,,422-6
北投區,奇岩,四,150,北投區,北投,,423-20
北投區,奇岩,四,151,北投區,北投,,423-19
北投區,奇岩,四,152,北投區,北投,,423-18
北投區,奇岩,四,155,北投區,北投,,423-9
北投區,奇岩,四,156,北投區,北投,,423-10
北投區,奇岩,四,157,北投區,北投,,423-4
北投區,奇岩,四,158,北投區,北投,,423-13
北投區,奇岩,四,160,北投區,北投,,423-5
北投區,奇岩,四,161,北投區,北投,,423-6
北投區,奇岩,四,162,北投區,北投,,423-7
北投區,奇岩,四,163,北投區,北投,,423-8
北投區,奇岩,四,164,北投區,北投,,422-7
北投區,奇岩,四,165,北投區,北投,,422-8
北投區,奇岩,四,166,北投區,北投,,422-18
北投區,奇岩,四,167,北投區,北投,,422-9
北投區,奇岩,四,168,北投區,北投,,422-11
北投區,奇岩,四,169,北投區,北投,,422
北投區,奇岩,四,170,北投區,北投,,422-29
北投區,奇岩,四,171,北投區,北投,,422-30
北投區,奇岩,四,172,北投區,北投,,422-23
北投區,奇岩,四,173,北投區,北投,,422-12
北投區,奇岩,四,174,北投區,北投,,422-31
北投區,奇岩,四,175,北投區,北投,,425-8
北投區,奇岩,四,177,北投區,北投,,425
北投區,奇岩,四,178,北投區,北投,,424-1
北投區,奇岩,四,179,北投區,北投,,423-2
北投區,奇岩,四,180,北投區,北投,,423-12
北投區,奇岩,四,181,北投區,北投,,423-23
北投區,奇岩,四,182,北投區,北投,,423-24
北投區,奇岩,四,183,北投區,北投,,423-22
北投區,奇岩,四,184,北投區,北投,,423-11
北投區,奇岩,四,187,北投區,北投,,423-3
北投區,奇岩,四,188,北投區,北投,,423-25
北投區,奇岩,四,189,北投區,北投,,416-4
北投區,奇岩,四,190,北投區,北投,,416-2
北投區,奇岩,四,192,北投區,北投,,416
北投區,奇岩,四,194,北投區,北投,,416-3
北投區,奇岩,四,195,北投區,北投,,416-3
北投區,奇岩,四,196,北投區,北投,,417
北投區,奇岩,四,198,北投區,北投,,417-2
北投區,奇岩,四,199,北投區,北投,,425-7
北投區,奇岩,四,2,北投區,北投,,144-23
北投區,奇岩,四,200,北投區,北投,,414-1
北投區,奇岩,四,202,北投區,北投,,414-3
北投區,奇岩,四,204,北投區,北投,,414
北投區,奇岩,四,205,北投區,北投,,414-9
北投區,奇岩,四,206,北投區,北投,,414-9
北投區,奇岩,四,207,北投區,北投,,414-12
北投區,奇岩,四,208,北投區,北投,,414-12
北投區,奇岩,四,209,北投區,北投,,414-10
北投區,奇岩,四,21,北投區,北投,,432-2
北投區,奇岩,四,210,北投區,北投,,414-11
北投區,奇岩,四,211,北投區,北投,,414-15
北投區,奇岩,四,212,北投區,北投,,415-2
北投區,奇岩,四,213,北投區,北投,,415-3
北投區,奇岩,四,214,北投區,北投,,415-3
北投區,奇岩,四,215,北投區,北投,,415-1
北投區,奇岩,四,216,北投區,北投,,415-1
北投區,奇岩,四,217,北投區,北投,,415
北投區,奇岩,四,218,北投區,北投,,144-25
北投區,奇岩,四,219,北投區,北投,,145-1
北投區,奇岩,四,22,北投區,北投,,432-1
北投區,奇岩,四,220,北投區,北投,,145
北投區,奇岩,四,221,北投區,北投,,405-53
北投區,奇岩,四,222,北投區,北投,,405-6
北投區,奇岩,四,224,北投區,北投,,405-16
北投區,奇岩,四,225,北投區,北投,,415-26
北投區,奇岩,四,229,北投區,北投,,405-7
北投區,奇岩,四,23,北投區,北投,,432-3
北投區,奇岩,四,231,北投區,北投,,405-5
北投區,奇岩,四,232,北投區,北投,,405-5
北投區,奇岩,四,234,北投區,北投,,405-25
北投區,奇岩,四,235,北投區,北投,,405-4
北投區,奇岩,四,238,北投區,北投,,405-3
北投區,奇岩,四,239,北投區,北投,,405-2
北投區,奇岩,四,24,北投區,北投,,432-5
北投區,奇岩,四,240,北投區,北投,,405-2
北投區,奇岩,四,241,北投區,北投,,405-56
北投區,奇岩,四,242,北投區,北投,,405-57
北投區,奇岩,四,243,北投區,北投,,405-57
北投區,奇岩,四,244,北投區,北投,,405-1
北投區,奇岩,四,245,北投區,北投,,405-1
北投區,奇岩,四,246,北投區,北投,,405-34
北投區,奇岩,四,247,北投區,北投,,405-34
北投區,奇岩,四,248,北投區,北投,,405-36
北投區,奇岩,四,249,北投區,北投,,405-36
北投區,奇岩,四,25,北投區,北投,,432-6
北投區,奇岩,四,250,北投區,北投,,405-43
北投區,奇岩,四,251,北投區,北投,,405-43
北投區,奇岩,四,252,北投區,北投,,405-14
北投區,奇岩,四,253,北投區,北投,,405-14
北投區,奇岩,四,254,北投區,北投,,405-24
北投區,奇岩,四,255,北投區,北投,,405-24
北投區,奇岩,四,256,北投區,北投,,405-23
北投區,奇岩,四,257,北投區,北投,,405-23
北投區,奇岩,四,258,北投區,北投,,405-13
北投區,奇岩,四,259,北投區,北投,,405-13
北投區,奇岩,四,26,北投區,北投,,431-2
北投區,奇岩,四,260,北投區,北投,,405
北投區,奇岩,四,261,北投區,北投,,405-49
北投區,奇岩,四,262,北投區,北投,,405-50
北投區,奇岩,四,263,北投區,北投,,405-51
北投區,奇岩,四,264,北投區,北投,,425-3
北投區,奇岩,四,265,北投區,北投,,406-4
北投區,奇岩,四,266,北投區,北投,,406-5
北投區,奇岩,四,267,北投區,北投,,406-1
北投區,奇岩,四,268,北投區,北投,,406-6
北投區,奇岩,四,269,北投區,北投,,406-8
北投區,奇岩,四,27,北投區,北投,,431-3
北投區,奇岩,四,270,北投區,北投,,406-2
北投區,奇岩,四,271,北投區,北投,,406-3
北投區,奇岩,四,272,北投區,北投,,406-10
北投區,奇岩,四,273,北投區,北投,,406-11
北投區,奇岩,四,275,北投區,北投,,406
北投區,奇岩,四,275-1,北投區,北投,,405-60
北投區,奇岩,四,276,北投區,北投,,405-58
北投區,奇岩,四,277,北投區,北投,,405-31
北投區,奇岩,四,278,北投區,北投,,405-31
北投區,奇岩,四,279,北投區,北投,,405-32
北投區,奇岩,四,279-1,北投區,北投,,405-32
北投區,奇岩,四,28,北投區,北投,,431-4
北投區,奇岩,四,280,北投區,北投,,405-9
北投區,奇岩,四,281,北投區,北投,,405-9
北投區,奇岩,四,282,北投區,北投,,405-30
北投區,奇岩,四,283,北投區,北投,,405-17
北投區,奇岩,四,284,北投區,北投,,405-17
北投區,奇岩,四,289,北投區,北投,,405-8
北投區,奇岩,四,29,北投區,北投,,431-5
北投區,奇岩,四,290,北投區,北投,,405-44
北投區,奇岩,四,291,北投區,北投,,405-45
北投區,奇岩,四,292,北投區,北投,,405-37
北投區,奇岩,四,293,北投區,北投,,405-38
北投區,奇岩,四,294,北投區,北投,,405-46
北投區,奇岩,四,295,北投區,北投,,405-47
北投區,奇岩,四,296,北投區,北投,,405-39
北投區,奇岩,四,297,北投區,北投,,405-41
北投區,奇岩,四,298,北投區,北投,,405-41
北投區,奇岩,四,3,北投區,北投,,144-24
北投區,奇岩,四,30,北投區,北投,,431-6
北投區,奇岩,四,300,北投區,北投,,405-42
北投區,奇岩,四,301,北投區,北投,,405-42
北投區,奇岩,四,302,北投區,北投,,405-42
北投區,奇岩,四,303,北投區,北投,,405-12
北投區,奇岩,四,304,北投區,北投,,405-12
北投區,奇岩,四,305,北投區,北投,,405-12
北投區,奇岩,四,306,北投區,北投,,405-48
北投區,奇岩,四,307,北投區,北投,,172-6
北投區,奇岩,四,308,北投區,北投,,160-2
北投區,奇岩,四,309,北投區,北投,,172-7
北投區,奇岩,四,31,北投區,北投,,431-7
北投區,奇岩,四,311,北投區,北投,,404-47
北投區,奇岩,四,312,北投區,北投,,404-3
北投區,奇岩,四,313,北投區,北投,,404-34
北投區,奇岩,四,314,北投區,北投,,404-35
北投區,奇岩,四,315,北投區,北投,,404-36
北投區,奇岩,四,316,北投區,北投,,404-37
北投區,奇岩,四,317,北投區,北投,,404-38
北投區,奇岩,四,318,北投區,北投,,404-39
北投區,奇岩,四,319,北投區,北投,,404-40
北投區,奇岩,四,32,北投區,北投,,431-8
北投區,奇岩,四,321,北投區,北投,,404-1
北投區,奇岩,四,323,北投區,北投,,404-22
北投區,奇岩,四,324,北投區,北投,,404-21
北投區,奇岩,四,325,北投區,北投,,404-20
北投區,奇岩,四,326,北投區,北投,,404-19
北投區,奇岩,四,327,北投區,北投,,404-18
北投區,奇岩,四,328,北投區,北投,,404-17
北投區,奇岩,四,329,北投區,北投,,404-30
北投區,奇岩,四,33,北投區,北投,,431-9
北投區,奇岩,四,330,北投區,北投,,404-33
北投區,奇岩,四,331,北投區,北投,,404-32
北投區,奇岩,四,332,北投區,北投,,404-16
北投區,奇岩,四,333,北投區,北投,,404-42
北投區,奇岩,四,334,北投區,北投,,402
北投區,奇岩,四,335,北投區,北投,,404-15
北投區,奇岩,四,336,北投區,北投,,104-45
北投區,奇岩,四,337,北投區,北投,,104-46
北投區,奇岩,四,338,北投區,北投,,404-43
北投區,奇岩,四,339,北投區,北投,,404
北投區,奇岩,四,34,北投區,北投,,431-1
北投區,奇岩,四,34-1,北投區,北投,,431-1
北投區,奇岩,四,340,北投區,北投,,404-4
北投區,奇岩,四,341,北投區,北投,,404-5
北投區,奇岩,四,342,北投區,北投,,404-6
北投區,奇岩,四,343,北投區,北投,,404-7
北投區,奇岩,四,344,北投區,北投,,404-8
北投區,奇岩,四,345,北投區,北投,,404-9
北投區,奇岩,四,346,北投區,北投,,402-3
北投區,奇岩,四,347,北投區,北投,,402-4
北投區,奇岩,四,348,北投區,北投,,402-5
北投區,奇岩,四,349,北投區,北投,,402-6
北投區,奇岩,四,35,北投區,北投,,431
北投區,奇岩,四,35-1,北投區,北投,,431
北投區,奇岩,四,350,北投區,北投,,402-7
北投區,奇岩,四,351,北投區,北投,,402-8
北投區,奇岩,四,353,北投區,北投,,402-9
北投區,奇岩,四,355,北投區,北投,,401
北投區,奇岩,四,358,北投區,北投,,394-2
北投區,奇岩,四,358-1,北投區,北投,,393-29
北投區,奇岩,四,359,北投區,北投,,395-4
北投區,奇岩,四,36,北投區,北投,,424
北投區,奇岩,四,36-1,北投區,北投,,424
北投區,奇岩,四,360,北投區,北投,,395-2
北投區,奇岩,四,361,北投區,北投,,401-3
北投區,奇岩,四,362,北投區,北投,,401-2
北投區,奇岩,四,363,北投區,北投,,401-1
北投區,奇岩,四,364,北投區,北投,,400-1
北投區,奇岩,四,365,北投區,北投,,400
北投區,奇岩,四,366,北投區,北投,,400-2
北投區,奇岩,四,367,北投區,北投,,400-3
北投區,奇岩,四,368,北投區,北投,,400-4
北投區,奇岩,四,369,北投區,北投,,400-5
北投區,奇岩,四,37,北投區,北投,,430-1
北投區,奇岩,四,37-1,北投區,北投,,430-1
北投區,奇岩,四,370,北投區,北投,,400-6
北投區,奇岩,四,371,北投區,北投,,400-7
北投區,奇岩,四,372,北投區,北投,,400-8
北投區,奇岩,四,373,北投區,北投,,400-9
北投區,奇岩,四,374,北投區,北投,,400-10
北投區,奇岩,四,375,北投區,北投,,400-11
北投區,奇岩,四,376,北投區,北投,,400-12
北投區,奇岩,四,377,北投區,北投,,395
北投區,奇岩,四,378,北投區,北投,,395-17
北投區,奇岩,四,379,北投區,北投,,395-18
北投區,奇岩,四,379-1,北投區,北投,,400-13
北投區,奇岩,四,38,北投區,北投,,430-2
北投區,奇岩,四,380,北投區,北投,,398-2
北投區,奇岩,四,381,北投區,北投,,398-26
北投區,奇岩,四,382,北投區,北投,,398-25
北投區,奇岩,四,383,北投區,北投,,398-24
北投區,奇岩,四,384,北投區,北投,,398-23
北投區,奇岩,四,385,北投區,北投,,398-1
北投區,奇岩,四,386,北投區,北投,,399-18
北投區,奇岩,四,387,北投區,北投,,399-17
北投區,奇岩,四,388,北投區,北投,,399-19
北投區,奇岩,四,389,北投區,北投,,399-15
北投區,奇岩,四,39,北投區,北投,,430-3
北投區,奇岩,四,39-1,北投區,北投,,430-4
北投區,奇岩,四,390,北投區,北投,,399-16
北投區,奇岩,四,391,北投區,北投,,399-14
北投區,奇岩,四,392,北投區,北投,,399-13
北投區,奇岩,四,393,北投區,北投,,399-12
北投區,奇岩,四,394,北投區,北投,,399-2
北投區,奇岩,四,395,北投區,北投,,399-11
北投區,奇岩,四,396,北投區,北投,,1270
北投區,奇岩,四,397,北投區,北投,,518-1
北投區,奇岩,四,398,北投區,北投,,407-5
北投區,奇岩,四,399,北投區,北投,,407-7
北投區,奇岩,四,4,北投區,北投,,474-4
北投區,奇岩,四,4-1,北投區,北投,,474-4
北投區,奇岩,四,40,北投區,北投,,430-5
北投區,奇岩,四,400,北投區,北投,,407-6
北投區,奇岩,四,401,北投區,北投,,407-1
北投區,奇岩,四,402,北投區,北投,,407-2
北投區,奇岩,四,403,北投區,北投,,407-4
北投區,奇岩,四,404,北投區,北投,,407
北投區,奇岩,四,405,北投區,北投,,407-3
北投區,奇岩,四,406,北投區,北投,,408-4
北投區,奇岩,四,407,北投區,北投,,412-3
北投區,奇岩,四,408,北投區,北投,,412-2
北投區,奇岩,四,409,北投區,北投,,412-1
北投區,奇岩,四,41,北投區,北投,,430-6
北投區,奇岩,四,410,北投區,北投,,408-3
北投區,奇岩,四,411,北投區,北投,,408-2
北投區,奇岩,四,412,北投區,北投,,412
北投區,奇岩,四,413,北投區,北投,,1268
北投區,奇岩,四,414,北投區,北投,,413-51
北投區,奇岩,四,415,北投區,北投,,413-50
北投區,奇岩,四,416,北投區,北投,,413-40
北投區,奇岩,四,419,北投區,北投,,413-8
北投區,奇岩,四,42,北投區,北投,,430-7
北投區,奇岩,四,420,北投區,北投,,413-34
北投區,奇岩,四,421,北投區,北投,,413
北投區,奇岩,四,422,北投區,北投,,413-7
北投區,奇岩,四,422-1,北投區,北投,,413-7
北投區,奇岩,四,423,北投區,北投,,518-57
北投區,奇岩,四,423-1,北投區,北投,,518-57
北投區,奇岩,四,424,北投區,北投,,425-5
北投區,奇岩,四,425,北投區,北投,,418-11
北投區,奇岩,四,426,北投區,北投,,418-8
北投區,奇岩,四,427,北投區,北投,,418-7
北投區,奇岩,四,427-1,北投區,北投,,418-15
北投區,奇岩,四,428,北投區,北投,,518-58
北投區,奇岩,四,429,北投區,北投,,413-1
北投區,奇岩,四,429-1,北投區,北投,,413-1
北投區,奇岩,四,43,北投區,北投,,430-8
北投區,奇岩,四,430,北投區,北投,,413-35
北投區,奇岩,四,431,北投區,北投,,413-10
北投區,奇岩,四,434,北投區,北投,,413-37
北投區,奇岩,四,435,北投區,北投,,413-36
北投區,奇岩,四,436,北投區,北投,,413-2
北投區,奇岩,四,437,北投區,北投,,413-11
北投區,奇岩,四,438,北投區,北投,,518-53
北投區,奇岩,四,439,北投區,北投,,425-2
北投區,奇岩,四,44,北投區,北投,,430-9
北投區,奇岩,四,440,北投區,北投,,425-6
北投區,奇岩,四,441,北投區,北投,,518-54
北投區,奇岩,四,442,北投區,北投,,413-3
北投區,奇岩,四,443,北投區,北投,,413-20
北投區,奇岩,四,444,北投區,北投,,413-21
北投區,奇岩,四,445,北投區,北投,,413-22
北投區,奇岩,四,446,北投區,北投,,413-23
北投區,奇岩,四,447,北投區,北投,,413-4
北投區,奇岩,四,448,北投區,北投,,413-15
北投區,奇岩,四,449,北投區,北投,,413-14
北投區,奇岩,四,45,北投區,北投,,430-10
北投區,奇岩,四,450,北投區,北投,,413-5
北投區,奇岩,四,451,北投區,北投,,413-19
北投區,奇岩,四,452,北投區,北投,,413-18
北投區,奇岩,四,453,北投區,北投,,413-17
北投區,奇岩,四,454,北投區,北投,,413-16
北投區,奇岩,四,455,北投區,北投,,413-24
北投區,奇岩,四,456,北投區,北投,,413-25
北投區,奇岩,四,457,北投區,北投,,413-26
北投區,奇岩,四,458,北投區,北投,,1269
北投區,奇岩,四,459,北投區,北投,,1269
北投區,奇岩,四,46,北投區,北投,,430-11
北投區,奇岩,四,460,北投區,北投,,408-1
北投區,奇岩,四,461,北投區,北投,,408
北投區,奇岩,四,462,北投區,北投,,408-8
北投區,奇岩,四,465,北投區,北投,,408-16
北投區,奇岩,四,466,北投區,北投,,408-17
北投區,奇岩,四,467,北投區,北投,,408-18
北投區,奇岩,四,468,北投區,北投,,408-19
北投區,奇岩,四,469,北投區,北投,,409
北投區,奇岩,四,47,北投區,北投,,429-1
北投區,奇岩,四,471,北投區,北投,,408-12
北投區,奇岩,四,472,北投區,北投,,408-13
北投區,奇岩,四,473,北投區,北投,,408-14
北投區,奇岩,四,474,北投區,北投,,408-15
北投區,奇岩,四,475,北投區,北投,,1271
北投區,奇岩,四,476,北投區,北投,,1271
北投區,奇岩,四,477,北投區,北投,,399-1
北投區,奇岩,四,478,北投區,北投,,399
北投區,奇岩,四,479,北投區,北投,,399-3
北投區,奇岩,四,48,北投區,北投,,429-2
北投區,奇岩,四,480,北投區,北投,,399-4
北投區,奇岩,四,481,北投區,北投,,399-5
北投區,奇岩,四,482,北投區,北投,,399-6
北投區,奇岩,四,483,北投區,北投,,399-7
北投區,奇岩,四,484,北投區,北投,,399-8
北投區,奇岩,四,485,北投區,北投,,399-9
北投區,奇岩,四,486,北投區,北投,,399-10
北投區,奇岩,四,487,北投區,北投,,518-56
北投區,奇岩,四,488,北投區,北投,,518-55
北投區,奇岩,四,489,北投區,北投,,398-3
北投區,奇岩,四,49,北投區,北投,,429-3
北投區,奇岩,四,490,北投區,北投,,398-11
北投區,奇岩,四,491,北投區,北投,,398-12
北投區,奇岩,四,492,北投區,北投,,398-13
北投區,奇岩,四,493,北投區,北投,,398-14
北投區,奇岩,四,494,北投區,北投,,398-7
北投區,奇岩,四,496,北投區,北投,,398-16
北投區,奇岩,四,497,北投區,北投,,398-17
北投區,奇岩,四,498,北投區,北投,,398-18
北投區,奇岩,四,499,北投區,北投,,398-4
北投區,奇岩,四,5,北投區,北投,,435-4
北投區,奇岩,四,50,北投區,北投,,429-4
北投區,奇岩,四,500,北投區,北投,,664-3
北投區,奇岩,四,501,北投區,北投,,760-1
北投區,奇岩,四,502,北投區,北投,,756-2
北投區,奇岩,四,503,北投區,北投,,760-7
北投區,奇岩,四,504,北投區,北投,,756-2
北投區,奇岩,四,506,北投區,北投,,760-8
北投區,奇岩,四,507,北投區,北投,,760-2
北投區,奇岩,四,508,北投區,北投,,760
北投區,奇岩,四,509,北投區,北投,,760-3
北投區,奇岩,四,51,北投區,北投,,429-5
北投區,奇岩,四,510,北投區,北投,,760-9
北投區,奇岩,四,511,北投區,北投,,759-2
北投區,奇岩,四,512,北投區,北投,,762
北投區,奇岩,四,513,北投區,北投,,760-10
北投區,奇岩,四,514,北投區,北投,,760-4
北投區,奇岩,四,515,北投區,北投,,761
北投區,奇岩,四,516,北投區,北投,,761
北投區,奇岩,四,519,北投區,北投,,760-5
北投區,奇岩,四,52,北投區,北投,,429-6
北投區,奇岩,四,521,北投區,北投,,770-2
北投區,奇岩,四,522,北投區,北投,,760-6
北投區,奇岩,四,523,北投區,北投,,771-2
北投區,奇岩,四,524,北投區,北投,,771
北投區,奇岩,四,527,北投區,北投,,772-1
北投區,奇岩,四,528,北投區,北投,,772-6
北投區,奇岩,四,529,北投區,北投,,772
北投區,奇岩,四,53,北投區,北投,,429-7
北投區,奇岩,四,530,北投區,北投,,772-4
北投區,奇岩,四,531,北投區,北投,,772
北投區,奇岩,四,532,北投區,奇岩,四,13
北投區,奇岩,四,532,北投區,奇岩,四,66
北投區,奇岩,四,54,北投區,北投,,429-8
北投區,奇岩,四,55,北投區,北投,,429-9
北投區,奇岩,四,56,北投區,北投,,429
北投區,奇岩,四,57,北投區,北投,,429-11
北投區,奇岩,四,58,北投區,北投,,429-3
北投區,奇岩,四,59,北投區,北投,,429-10
北投區,奇岩,四,6,北投區,北投,,434-7
北投區,奇岩,四,60,北投區,北投,,429-12
北投區,奇岩,四,61,北投區,北投,,432-10
北投區,奇岩,四,62,北投區,北投,,432-9
北投區,奇岩,四,63,北投區,北投,,433-6
北投區,奇岩,四,64,北投區,北投,,433-5
北投區,奇岩,四,65,北投區,北投,,503-11
北投區,奇岩,四,67,北投區,北投,,435-3
北投區,奇岩,四,68,北投區,北投,,518-59
北投區,奇岩,四,69,北投區,北投,,441-1
北投區,奇岩,四,7,北投區,北投,,434-8
北投區,奇岩,四,7-1,北投區,北投,,434-8
北投區,奇岩,四,70,北投區,北投,,436
北投區,奇岩,四,71,北投區,北投,,436-1
北投區,奇岩,四,72,北投區,北投,,436-5
北投區,奇岩,四,73,北投區,北投,,436-3
北投區,奇岩,四,74,北投區,北投,,436-6
北投區,奇岩,四,75,北投區,北投,,436-4
北投區,奇岩,四,76,北投區,北投,,437
北投區,奇岩,四,77,北投區,北投,,437-1
北投區,奇岩,四,78,北投區,北投,,437-2
北投區,奇岩,四,79,北投區,北投,,1262
北投區,奇岩,四,8,北投區,北投,,434-6
北投區,奇岩,四,8-1,北投區,北投,,434-6
北投區,奇岩,四,80,北投區,北投,,438-1
北投區,奇岩,四,81,北投區,北投,,438-2
北投區,奇岩,四,82,北投區,北投,,438-3
北投區,奇岩,四,83,北投區,北投,,439-3
北投區,奇岩,四,84,北投區,北投,,439-6
北投區,奇岩,四,85,北投區,北投,,439-1
北投區,奇岩,四,86,北投區,北投,,1262
北投區,奇岩,四,87,北投區,北投,,428-1
北投區,奇岩,四,9,北投區,北投,,434-2
北投區,奇岩,四,91,北投區,北投,,428-13
北投區,奇岩,四,92,北投區,北投,,428-12
北投區,奇岩,四,93,北投區,北投,,428-11
北投區,奇岩,四,94,北投區,北投,,428-10
北投區,奇岩,四,95,北投區,北投,,428-3
北投區,奇岩,四,96,北投區,北投,,428-9
北投區,奇岩,四,97,北投區,北投,,428-4
北投區,奇岩,四,98,北投區,北投,,428-5
北投區,奇岩,四,99,北投區,北投,,518-59
北投區,奇岩,四,99-1,北投區,北投,,518-59
北投區,振興,一,1,北投區,石牌,,1-3
北投區,振興,一,10,北投區,石牌,,3-4
北投區,振興,一,101,北投區,石牌,,37-5
北投區,振興,一,102,北投區,石牌,,26-11
北投區,振興,一,102-1,北投區,石牌,,30-80
北投區,振興,一,102-2,北投區,石牌,,30-15
北投區,振興,一,103,北投區,石牌,,30-22
北投區,振興,一,104,北投區,石牌,,30-26
北投區,振興,一,105,北投區,石牌,,30-31
北投區,振興,一,105-1,北投區,石牌,,30-98
北投區,振興,一,106,北投區,石牌,,30-23
北投區,振興,一,107,北投區,石牌,,30-31
北投區,振興,一,108,北投區,石牌,,30-133
北投區,振興,一,109,北投區,石牌,,30-132
北投區,振興,一,11,北投區,石牌,,3-12
北投區,振興,一,110,北投區,石牌,,30-123
北投區,振興,一,112,北投區,石牌,,30-125
北投區,振興,一,116,北投區,石牌,,38-12
北投區,振興,一,117,北投區,石牌,,30-21
北投區,振興,一,118,北投區,石牌,,30-28
北投區,振興,一,119,北投區,石牌,,30-27
北投區,振興,一,12,北投區,唭哩岸,,239-17
北投區,振興,一,120,北投區,石牌,,30-105
北投區,振興,一,121,北投區,石牌,,30-33
北投區,振興,一,122,北投區,石牌,,30-129
北投區,振興,一,123,北投區,石牌,,30-34
北投區,振興,一,124,北投區,石牌,,30-35
北投區,振興,一,125,北投區,石牌,,30-30
北投區,振興,一,126,北投區,石牌,,30-38
北投區,振興,一,127,北投區,石牌,,38-8
北投區,振興,一,128,北投區,石牌,,38-1
北投區,振興,一,129,北投區,石牌,,40
北投區,振興,一,13,北投區,唭哩岸,,239-32
北投區,振興,一,131,北投區,石牌,,40-6
北投區,振興,一,132,北投區,石牌,,40-5
北投區,振興,一,133,北投區,石牌,,40-4
北投區,振興,一,134,北投區,石牌,,40-3
北投區,振興,一,15,北投區,唭哩岸,,239
北投區,振興,一,156,北投區,石牌,,26-15
北投區,振興,一,159,北投區,石牌,,26-16
北投區,振興,一,160,北投區,石牌,,26-17
北投區,振興,一,161,北投區,石牌,,7-79
北投區,振興,一,162,北投區,石牌,,20-9
北投區,振興,一,163,北投區,石牌,,26-32
北投區,振興,一,164,北投區,石牌,,26-43
北投區,振興,一,165,北投區,石牌,,26-44
北投區,振興,一,166,北投區,石牌,,26-45
北投區,振興,一,167,北投區,石牌,,26-34
北投區,振興,一,168,北投區,石牌,,24
北投區,振興,一,169,北投區,石牌,,24-1
北投區,振興,一,169-1,北投區,石牌,,25-4
北投區,振興,一,17,北投區,唭哩岸,,240
北投區,振興,一,170,北投區,石牌,,24-5
北投區,振興,一,173,北投區,石牌,,681
北投區,振興,一,176,北投區,石牌,,20-3
北投區,振興,一,177,北投區,石牌,,23-3
北投區,振興,一,179,北投區,石牌,,1-18
北投區,振興,一,182,北投區,石牌,,16
北投區,振興,一,184,北投區,石牌,,25-3
北投區,振興,一,185,北投區,石牌,,24-6
北投區,振興,一,186,北投區,石牌,,24-4
北投區,振興,一,193,北投區,石牌,,9-8
北投區,振興,一,195,北投區,石牌,,9-9
北投區,振興,一,196,北投區,石牌,,9-9
北投區,振興,一,2,北投區,石牌,,1-9
北投區,振興,一,20,北投區,唭哩岸,,241
北投區,振興,一,203,北投區,石牌,,12-10
北投區,振興,一,204,北投區,石牌,,12-9
北投區,振興,一,205,北投區,石牌,,14-31
北投區,振興,一,206,北投區,石牌,,9-16
北投區,振興,一,207,北投區,石牌,,9-4
北投區,振興,一,208,北投區,石牌,,9-49
北投區,振興,一,209,北投區,石牌,,9-50
北投區,振興,一,21,北投區,唭哩岸,,240-23
北投區,振興,一,210,北投區,石牌,,9-51
北投區,振興,一,211,北投區,石牌,,9-52
北投區,振興,一,215,北投區,石牌,,70-213
北投區,振興,一,216,北投區,石牌,,7-81
北投區,振興,一,217,北投區,石牌,,9-32
北投區,振興,一,218,北投區,石牌,,9-31
北投區,振興,一,219,北投區,石牌,,9-30
北投區,振興,一,22,北投區,唭哩岸,,240-6
北投區,振興,一,221,北投區,石牌,,9-42
北投區,振興,一,222,北投區,石牌,,9-41
北投區,振興,一,223,北投區,石牌,,9-40
北投區,振興,一,224,北投區,石牌,,9-39
北投區,振興,一,225,北投區,石牌,,9-38
北投區,振興,一,226,北投區,石牌,,9-37
北投區,振興,一,227,北投區,石牌,,9-36
北投區,振興,一,228,北投區,石牌,,9-35
北投區,振興,一,229,北投區,石牌,,7-82
北投區,振興,一,234,北投區,石牌,,9-46
北投區,振興,一,235,北投區,石牌,,9-45
北投區,振興,一,236,北投區,石牌,,9-44
北投區,振興,一,237,北投區,石牌,,9-43
北投區,振興,一,238,北投區,石牌,,9-22
北投區,振興,一,243,北投區,石牌,,9-48
北投區,振興,一,244,北投區,石牌,,16-14
北投區,振興,一,245,北投區,石牌,,16-23
北投區,振興,一,246,北投區,石牌,,12-8
北投區,振興,一,247,北投區,石牌,,16-22
北投區,振興,一,248,北投區,石牌,,16-21
北投區,振興,一,249,北投區,石牌,,12-6
北投區,振興,一,25,北投區,唭哩岸,,240-9
北投區,振興,一,250,北投區,石牌,,12-13
北投區,振興,一,251,北投區,石牌,,16-20
北投區,振興,一,252,北投區,石牌,,15-12
北投區,振興,一,253,北投區,石牌,,12-4
北投區,振興,一,254,北投區,石牌,,15
北投區,振興,一,255,北投區,石牌,,15-11
北投區,振興,一,256,北投區,石牌,,15-10
北投區,振興,一,257,北投區,石牌,,12-2
北投區,振興,一,258,北投區,石牌,,14-14
北投區,振興,一,259,北投區,石牌,,14-15
北投區,振興,一,26,北投區,唭哩岸,,240-10
北投區,振興,一,260,北投區,石牌,,16-24
北投區,振興,一,261,北投區,石牌,,15-5
北投區,振興,一,262,北投區,石牌,,15-20
北投區,振興,一,263,北投區,石牌,,15-13
北投區,振興,一,264,北投區,石牌,,15-14
北投區,振興,一,265,北投區,石牌,,15-19
北投區,振興,一,266,北投區,石牌,,15-18
北投區,振興,一,267,北投區,石牌,,15-15
北投區,振興,一,268,北投區,石牌,,15-16
北投區,振興,一,269,北投區,石牌,,15-17
北投區,振興,一,270,北投區,石牌,,14-5
北投區,振興,一,271,北投區,石牌,,14-19
北投區,振興,一,272,北投區,石牌,,14-3
北投區,振興,一,273,北投區,石牌,,14-37
北投區,振興,一,274,北投區,石牌,,14-32
北投區,振興,一,275,北投區,石牌,,14-33
北投區,振興,一,276,北投區,石牌,,14-38
北投區,振興,一,278,北投區,石牌,,14-34
北投區,振興,一,28,北投區,唭哩岸,,240-12
北投區,振興,一,280,北投區,石牌,,7-85
北投區,振興,一,281,北投區,石牌,,14-11
北投區,振興,一,282,北投區,石牌,,14-13
北投區,振興,一,283,北投區,石牌,,14-12
北投區,振興,一,284,北投區,石牌,,15-26
北投區,振興,一,285,北投區,石牌,,7-90
北投區,振興,一,286,北投區,石牌,,67-20
北投區,振興,一,298,北投區,石牌,,30-90
北投區,振興,一,299,北投區,石牌,,30-75
北投區,振興,一,3,北投區,石牌,,1-2
北投區,振興,一,300,北投區,石牌,,30-75
北投區,振興,一,301,北投區,石牌,,30-68
北投區,振興,一,302,北投區,石牌,,30-68
北投區,振興,一,303,北投區,石牌,,30-69
北投區,振興,一,304,北投區,石牌,,30-69
北投區,振興,一,309,北投區,石牌,,30-52
北投區,振興,一,310,北投區,石牌,,30-52
北投區,振興,一,311,北投區,石牌,,30-43
北投區,振興,一,312,北投區,石牌,,30-99
北投區,振興,一,313,北投區,石牌,,30-42
北投區,振興,一,314,北投區,石牌,,30-100
北投區,振興,一,315,北投區,石牌,,30-53
北投區,振興,一,318,北投區,石牌,,30-54
北投區,振興,一,319,北投區,石牌,,30-101
北投區,振興,一,320,北投區,石牌,,30-120
北投區,振興,一,321,北投區,石牌,,30-102
北投區,振興,一,322,北投區,石牌,,30-55
北投區,振興,一,326,北投區,石牌,,30-61
北投區,振興,一,327,北投區,石牌,,45-15
北投區,振興,一,328,北投區,石牌,,38-10
北投區,振興,一,329,北投區,石牌,,38-15
北投區,振興,一,33,北投區,唭哩岸,,241-25
北投區,振興,一,330,北投區,石牌,,40-2
北投區,振興,一,331,北投區,石牌,,20
北投區,振興,一,332,北投區,石牌,,48-41
北投區,振興,一,333,北投區,石牌,,48-5
北投區,振興,一,334,北投區,石牌,,48-130
北投區,振興,一,337,北投區,石牌,,48-38
北投區,振興,一,339,北投區,石牌,,48-36
北投區,振興,一,349,北投區,石牌,,30-70
北投區,振興,一,352,北投區,石牌,,48-24
北投區,振興,一,352-1,北投區,石牌,,45-9
北投區,振興,一,352-2,北投區,石牌,,48-25
北投區,振興,一,352-3,北投區,石牌,,48-28
北投區,振興,一,352-4,北投區,石牌,,48-37
北投區,振興,一,352-5,北投區,石牌,,48-30
北投區,振興,一,353,北投區,石牌,,48-3
北投區,振興,一,354,北投區,石牌,,48-43
北投區,振興,一,355,北投區,石牌,,20-1
北投區,振興,一,356,北投區,石牌,,48-129
北投區,振興,一,357,北投區,石牌,,19
北投區,振興,一,358,北投區,石牌,,48-2
北投區,振興,一,359,北投區,石牌,,48-153
北投區,振興,一,360,北投區,石牌,,48-138
北投區,振興,一,361,北投區,石牌,,48-261
北投區,振興,一,364,北投區,石牌,,48-31
北投區,振興,一,365,北投區,石牌,,48-29
北投區,振興,一,369,北投區,石牌,,48-271
北投區,振興,一,370,北投區,石牌,,48-147
北投區,振興,一,371,北投區,石牌,,48-152
北投區,振興,一,372,北投區,石牌,,48-4
北投區,振興,一,373,北投區,石牌,,48-149
北投區,振興,一,374,北投區,石牌,,48-145
北投區,振興,一,376,北投區,石牌,,19-4
北投區,振興,一,377,北投區,石牌,,48-144
北投區,振興,一,378,北投區,石牌,,48-156
北投區,振興,一,379,北投區,石牌,,38-21
北投區,振興,一,381,北投區,石牌,,18-41
北投區,振興,一,383,北投區,石牌,,47
北投區,振興,一,384,北投區,石牌,,45-3
北投區,振興,一,385,北投區,石牌,,30-76
北投區,振興,一,386,北投區,石牌,,30-109
北投區,振興,一,390,北投區,石牌,,30-113
北投區,振興,一,391,北投區,石牌,,30-118
北投區,振興,一,392,北投區,石牌,,30-77
北投區,振興,一,393,北投區,石牌,,30-77
北投區,振興,一,394,北投區,石牌,,30-78
北投區,振興,一,395,北投區,石牌,,45-8
北投區,振興,一,396,北投區,石牌,,48
北投區,振興,一,397,北投區,石牌,,48-143
北投區,振興,一,398,北投區,石牌,,48-120
北投區,振興,一,399,北投區,石牌,,48-253
北投區,振興,一,4,北投區,石牌,,1-5
北投區,振興,一,400,北投區,石牌,,48-177
北投區,振興,一,401,北投區,石牌,,48-47
北投區,振興,一,402,北投區,石牌,,48-46
北投區,振興,一,403,北投區,石牌,,48-49
北投區,振興,一,404,北投區,石牌,,48-48
北投區,振興,一,405,北投區,石牌,,48-293
北投區,振興,一,405-1,北投區,石牌,,48-292
北投區,振興,一,405-2,北投區,石牌,,48-291
北投區,振興,一,405-3,北投區,石牌,,30-79
北投區,振興,一,406,北投區,石牌,,48-50
北投區,振興,一,407,北投區,石牌,,48-54
北投區,振興,一,408,北投區,石牌,,48-219
北投區,振興,一,409,北投區,石牌,,48-218
北投區,振興,一,410,北投區,石牌,,48-52
北投區,振興,一,411,北投區,石牌,,48-56
北投區,振興,一,412,北投區,石牌,,48-58
北投區,振興,一,413,北投區,石牌,,48-258
北投區,振興,一,414,北投區,石牌,,48-59
北投區,振興,一,415,北投區,石牌,,48-178
北投區,振興,一,416,北投區,石牌,,48-179
北投區,振興,一,417,北投區,石牌,,48-180
北投區,振興,一,420,北投區,石牌,,48-189
北投區,振興,一,421,北投區,石牌,,48-157
北投區,振興,一,422,北投區,石牌,,48-232
北投區,振興,一,423,北投區,石牌,,48-232
北投區,振興,一,424,北投區,石牌,,48-65
北投區,振興,一,425,北投區,石牌,,48-65
北投區,振興,一,426,北投區,石牌,,48-211
北投區,振興,一,427,北投區,石牌,,48-64
北投區,振興,一,428,北投區,石牌,,48-250
北投區,振興,一,429,北投區,石牌,,48-251
北投區,振興,一,430,北投區,石牌,,48-249
北投區,振興,一,431,北投區,石牌,,48-63
北投區,振興,一,432,北投區,石牌,,48-62
北投區,振興,一,433,北投區,石牌,,48-238
北投區,振興,一,434,北投區,石牌,,48-61
北投區,振興,一,435,北投區,石牌,,48-61
北投區,振興,一,436,北投區,石牌,,48-60
北投區,振興,一,437,北投區,石牌,,48-294
北投區,振興,一,438,北投區,石牌,,48-96
北投區,振興,一,439,北投區,石牌,,48-95
北投區,振興,一,440,北投區,石牌,,48-170
北投區,振興,一,441,北投區,石牌,,48-97
北投區,振興,一,442,北投區,石牌,,48-123
北投區,振興,一,443,北投區,石牌,,48-98
北投區,振興,一,444,北投區,石牌,,48-99
北投區,振興,一,445,北投區,石牌,,48-67
北投區,振興,一,446,北投區,石牌,,48-67
北投區,振興,一,450,北投區,石牌,,48-68
北投區,振興,一,451,北投區,石牌,,48-69
北投區,振興,一,452,北投區,石牌,,48-69
北投區,振興,一,453,北投區,石牌,,48-70
北投區,振興,一,454,北投區,石牌,,48-70
北投區,振興,一,455,北投區,石牌,,48-71
北投區,振興,一,456,北投區,石牌,,48-71
北投區,振興,一,457,北投區,石牌,,48-72
北投區,振興,一,458,北投區,石牌,,48-72
北投區,振興,一,459,北投區,石牌,,48-73
北投區,振興,一,46,北投區,唭哩岸,,241-35
北投區,振興,一,460,北投區,石牌,,48-73
北投區,振興,一,461,北投區,石牌,,48-74
北投區,振興,一,462,北投區,石牌,,48-74
北投區,振興,一,463,北投區,石牌,,48-75
北投區,振興,一,464,北投區,石牌,,48-75
北投區,振興,一,465,北投區,石牌,,48-181
北投區,振興,一,466,北投區,石牌,,48-76
北投區,振興,一,467,北投區,石牌,,48-101
北投區,振興,一,468,北投區,石牌,,48-100
北投區,振興,一,469,北投區,石牌,,48-78
北投區,振興,一,47,北投區,唭哩岸,,241-36
北投區,振興,一,470,北投區,石牌,,48-239
北投區,振興,一,471,北投區,石牌,,48-82
北投區,振興,一,472,北投區,石牌,,48-82
北投區,振興,一,473,北投區,石牌,,48-83
北投區,振興,一,474,北投區,石牌,,48-83
北投區,振興,一,475,北投區,石牌,,48-185
北投區,振興,一,476,北投區,石牌,,48-84
北投區,振興,一,477,北投區,石牌,,48-245
北投區,振興,一,478,北投區,石牌,,48-246
北投區,振興,一,479,北投區,石牌,,48-187
北投區,振興,一,48,北投區,唭哩岸,,241-39
北投區,振興,一,480,北投區,石牌,,48-186
北投區,振興,一,481,北投區,石牌,,48-192
北投區,振興,一,482,北投區,石牌,,48-127
北投區,振興,一,483,北投區,石牌,,48-124
北投區,振興,一,484,北投區,石牌,,48-125
北投區,振興,一,485,北投區,石牌,,48-102
北投區,振興,一,487,北投區,石牌,,48-105
北投區,振興,一,488,北投區,石牌,,48-105
北投區,振興,一,489,北投區,石牌,,48-171
北投區,振興,一,49,北投區,唭哩岸,,241-40
北投區,振興,一,492,北投區,石牌,,48-167
北投區,振興,一,493,北投區,石牌,,48-126
北投區,振興,一,495,北投區,石牌,,48-165
北投區,振興,一,496,北投區,石牌,,48-106
北投區,振興,一,497,北投區,石牌,,48-287
北投區,振興,一,498,北投區,石牌,,48-288
北投區,振興,一,499,北投區,石牌,,48-107
北投區,振興,一,5,北投區,石牌,,1-4
北投區,振興,一,50,北投區,唭哩岸,,241-41
北投區,振興,一,500,北投區,石牌,,48-276
北投區,振興,一,501,北投區,石牌,,48-290
北投區,振興,一,502,北投區,石牌,,48-283
北投區,振興,一,503,北投區,石牌,,48-284
北投區,振興,一,504,北投區,石牌,,48-282
北投區,振興,一,505,北投區,石牌,,48-281
北投區,振興,一,506,北投區,石牌,,48-109
北投區,振興,一,507,北投區,石牌,,48-278
北投區,振興,一,508,北投區,石牌,,48-279
北投區,振興,一,509,北投區,石牌,,48-108
北投區,振興,一,51,北投區,唭哩岸,,241-42
北投區,振興,一,510,北投區,石牌,,48-285
北投區,振興,一,511,北投區,石牌,,48-110
北投區,振興,一,512,北投區,石牌,,48-164
北投區,振興,一,514,北投區,石牌,,48-163
北投區,振興,一,515,北投區,石牌,,48-198
北投區,振興,一,516,北投區,石牌,,48-209
北投區,振興,一,517,北投區,石牌,,48-208
北投區,振興,一,518,北投區,石牌,,48-200
北投區,振興,一,519,北投區,石牌,,48-201
北投區,振興,一,52,北投區,唭哩岸,,241-43
北投區,振興,一,520,北投區,石牌,,48-207
北投區,振興,一,521,北投區,石牌,,48-86
北投區,振興,一,522,北投區,石牌,,48-202
北投區,振興,一,523,北投區,石牌,,48-214
北投區,振興,一,524,北投區,石牌,,48-213
北投區,振興,一,525,北投區,石牌,,48-203
北投區,振興,一,526,北投區,石牌,,48-241
北投區,振興,一,53,北投區,唭哩岸,,241-48
北投區,振興,一,530,北投區,石牌,,48-204
北投區,振興,一,532,北投區,石牌,,48-199
北投區,振興,一,534,北投區,石牌,,48-160
北投區,振興,一,536,北投區,石牌,,48-66
北投區,振興,一,540,北投區,石牌,,52-12
北投區,振興,一,541,北投區,石牌,,53-6
北投區,振興,一,542,北投區,石牌,,53-9
北投區,振興,一,543,北投區,石牌,,52-3
北投區,振興,一,544,北投區,石牌,,52-4
北投區,振興,一,546,北投區,石牌,,53-1
北投區,振興,一,547,北投區,石牌,,53-22
北投區,振興,一,548,北投區,石牌,,54-5
北投區,振興,一,549,北投區,石牌,,52-6
北投區,振興,一,550,北投區,石牌,,52-5
北投區,振興,一,551,北投區,石牌,,52-8
北投區,振興,一,552,北投區,石牌,,52-10
北投區,振興,一,553,北投區,石牌,,48-158
北投區,振興,一,554,北投區,石牌,,52-2
北投區,振興,一,559,北投區,石牌,,54-2
北投區,振興,一,560,北投區,石牌,,54-3
北投區,振興,一,561,北投區,石牌,,54-1
北投區,振興,一,562,北投區,石牌,,54
北投區,振興,一,563,北投區,石牌,,54-31
北投區,振興,一,564,北投區,石牌,,54-32
北投區,振興,一,565,北投區,石牌,,54-33
北投區,振興,一,566,北投區,石牌,,54-34
北投區,振興,一,567,北投區,石牌,,54-35
北投區,振興,一,568,北投區,石牌,,54-36
北投區,振興,一,569,北投區,石牌,,54-6
北投區,振興,一,570,北投區,石牌,,54-30
北投區,振興,一,571,北投區,石牌,,54-23
北投區,振興,一,572,北投區,石牌,,54-24
北投區,振興,一,573,北投區,石牌,,54-29
北投區,振興,一,574,北投區,石牌,,54-28
北投區,振興,一,575,北投區,石牌,,54-25
北投區,振興,一,576,北投區,石牌,,54-26
北投區,振興,一,577,北投區,石牌,,54-27
北投區,振興,一,578,北投區,石牌,,53-23
北投區,振興,一,579,北投區,石牌,,53-16
北投區,振興,一,580,北投區,石牌,,54-10
北投區,振興,一,581,北投區,石牌,,54-11
北投區,振興,一,582,北投區,石牌,,54-12
北投區,振興,一,583,北投區,石牌,,54-13
北投區,振興,一,584,北投區,石牌,,54-14
北投區,振興,一,585,北投區,石牌,,54-15
北投區,振興,一,586,北投區,石牌,,54-16
北投區,振興,一,587,北投區,石牌,,54-17
北投區,振興,一,588,北投區,石牌,,54-18
北投區,振興,一,589,北投區,石牌,,54-19
北投區,振興,一,59,北投區,石牌,,5
北投區,振興,一,590,北投區,石牌,,54-20
北投區,振興,一,591,北投區,石牌,,54-21
北投區,振興,一,592,北投區,石牌,,54-22
北投區,振興,一,595,北投區,石牌,,55-6
北投區,振興,一,597,北投區,石牌,,55-1
北投區,振興,一,6,北投區,石牌,,1-14
北投區,振興,一,602,北投區,石牌,,56
北投區,振興,一,603,北投區,石牌,,56-14
北投區,振興,一,604,北投區,石牌,,56-15
北投區,振興,一,605,北投區,石牌,,56-6
北投區,振興,一,606,北投區,石牌,,56-26
北投區,振興,一,607,北投區,石牌,,56-28
北投區,振興,一,609,北投區,石牌,,56-1
北投區,振興,一,61,北投區,石牌,,1-15
北投區,振興,一,610,北投區,石牌,,56-31
北投區,振興,一,611,北投區,石牌,,56-32
北投區,振興,一,612,北投區,石牌,,56-33
北投區,振興,一,613,北投區,石牌,,56-10
北投區,振興,一,614,北投區,石牌,,136-5
北投區,振興,一,615,北投區,石牌,,137
北投區,振興,一,616,北投區,石牌,,139
北投區,振興,一,618,北投區,石牌,,141
北投區,振興,一,619,北投區,石牌,,142
北投區,振興,一,620,北投區,石牌,,55-5
北投區,振興,一,621,北投區,石牌,,55-7
北投區,振興,一,623,北投區,石牌,,143-100
北投區,振興,一,624,北投區,石牌,,143-14
北投區,振興,一,627,北投區,石牌,,141-2
北投區,振興,一,628,北投區,石牌,,142-1
北投區,振興,一,63,北投區,石牌,,6-4
北投區,振興,一,630-1,北投區,石牌,,731-1
北投區,振興,一,631,北投區,石牌,,140-2
北投區,振興,一,632,北投區,石牌,,143-11
北投區,振興,一,634,北投區,石牌,,143-12
北投區,振興,一,635,北投區,石牌,,143-15
北投區,振興,一,636,北投區,石牌,,143-17
北投區,振興,一,637,北投區,石牌,,143-16
北投區,振興,一,638,北投區,石牌,,143-9
北投區,振興,一,639,北投區,石牌,,143-98
北投區,振興,一,64,北投區,石牌,,6-3
北投區,振興,一,640,北投區,石牌,,133-5
北投區,振興,一,642,北投區,石牌,,133-3
北投區,振興,一,643,北投區,石牌,,143-5
北投區,振興,一,645,北投區,石牌,,133-1
北投區,振興,一,646,北投區,石牌,,138-2
北投區,振興,一,648,北投區,石牌,,143
北投區,振興,一,649,北投區,石牌,,138-1
北投區,振興,一,65,北投區,石牌,,7
北投區,振興,一,650,北投區,石牌,,140-1
北投區,振興,一,651,北投區,石牌,,140
北投區,振興,一,652,北投區,石牌,,139-1
北投區,振興,一,653,北投區,石牌,,137-12
北投區,振興,一,654,北投區,石牌,,137-7
北投區,振興,一,655,北投區,石牌,,137-6
北投區,振興,一,656,北投區,石牌,,137-5
北投區,振興,一,657,北投區,石牌,,137-4
北投區,振興,一,658,北投區,石牌,,136-6
北投區,振興,一,658-1,北投區,石牌,,136-15
北投區,振興,一,659,北投區,石牌,,136-9
北投區,振興,一,66,北投區,唭哩岸,,241-3
北投區,振興,一,660,北投區,石牌,,137-1
北投區,振興,一,661,北投區,石牌,,137-2
北投區,振興,一,662,北投區,石牌,,136-8
北投區,振興,一,663,北投區,石牌,,136-11
北投區,振興,一,664,北投區,石牌,,137-3
北投區,振興,一,665,北投區,石牌,,134-2
北投區,振興,一,666,北投區,石牌,,134-3
北投區,振興,一,667,北投區,石牌,,137-8
北投區,振興,一,668,北投區,石牌,,137-9
北投區,振興,一,669,北投區,石牌,,137-10
北投區,振興,一,67,北投區,石牌,,7-3
北投區,振興,一,670,北投區,石牌,,137-11
北投區,振興,一,671,北投區,石牌,,138
北投區,振興,一,671-1,北投區,石牌,,138-3
北投區,振興,一,673,北投區,石牌,,134
北投區,振興,一,674,北投區,石牌,,136-12
北投區,振興,一,675,北投區,石牌,,134-5
北投區,振興,一,676,北投區,石牌,,134-6
北投區,振興,一,677,北投區,石牌,,134-7
北投區,振興,一,678,北投區,石牌,,134-8
北投區,振興,一,679,北投區,石牌,,134-9
北投區,振興,一,680,北投區,石牌,,134-10
北投區,振興,一,681,北投區,石牌,,135-9
北投區,振興,一,682,北投區,石牌,,135-10
北投區,振興,一,683,北投區,石牌,,134-11
北投區,振興,一,684,北投區,石牌,,132
北投區,振興,一,685,北投區,石牌,,132-31
北投區,振興,一,686,北投區,石牌,,132-33
北投區,振興,一,687,北投區,石牌,,134-16
北投區,振興,一,688,北投區,石牌,,134-17
北投區,振興,一,689,北投區,石牌,,134-18
北投區,振興,一,69,北投區,石牌,,9
北投區,振興,一,690,北投區,石牌,,134-19
北投區,振興,一,691,北投區,石牌,,134-20
北投區,振興,一,692,北投區,石牌,,133
北投區,振興,一,693,北投區,石牌,,133-19
北投區,振興,一,694,北投區,石牌,,133-20
北投區,振興,一,695,北投區,石牌,,133-21
北投區,振興,一,696,北投區,石牌,,134-21
北投區,振興,一,697,北投區,石牌,,133-22
北投區,振興,一,698,北投區,石牌,,133-18
北投區,振興,一,699,北投區,石牌,,133-17
北投區,振興,一,7,北投區,石牌,,3-9
北投區,振興,一,70,北投區,唭哩岸,,239-40
北投區,振興,一,700,北投區,石牌,,133-16
北投區,振興,一,701,北投區,石牌,,133-15
北投區,振興,一,702,北投區,石牌,,133-14
北投區,振興,一,703,北投區,石牌,,132-34
北投區,振興,一,704,北投區,石牌,,132-8
北投區,振興,一,705,北投區,石牌,,132-11
北投區,振興,一,706,北投區,石牌,,132-1
北投區,振興,一,707,北投區,石牌,,132-13
北投區,振興,一,708,北投區,石牌,,132-14
北投區,振興,一,709,北投區,石牌,,132-15
北投區,振興,一,71,北投區,唭哩岸,,268-7
北投區,振興,一,710,北投區,石牌,,132-16
北投區,振興,一,711,北投區,石牌,,132-17
北投區,振興,一,712,北投區,石牌,,132-18
北投區,振興,一,713,北投區,石牌,,132-23
北投區,振興,一,714,北投區,石牌,,132-24
北投區,振興,一,715,北投區,石牌,,132-22
北投區,振興,一,716,北投區,石牌,,132-21
北投區,振興,一,717,北投區,石牌,,132-19
北投區,振興,一,718,北投區,石牌,,132-20
北投區,振興,一,719,北投區,石牌,,132-29
北投區,振興,一,72,北投區,石牌,,10
北投區,振興,一,720,北投區,石牌,,132-30
北投區,振興,一,721,北投區,石牌,,132-28
北投區,振興,一,722,北投區,石牌,,132-27
北投區,振興,一,723,北投區,石牌,,132-25
北投區,振興,一,724,北投區,石牌,,132-26
北投區,振興,一,725,北投區,石牌,,133-12
北投區,振興,一,725-1,北投區,石牌,,133-12
北投區,振興,一,726,北投區,石牌,,133-7
北投區,振興,一,726-1,北投區,石牌,,133-7
北投區,振興,一,727,北投區,石牌,,143-21
北投區,振興,一,728,北投區,石牌,,132-6
北投區,振興,一,729,北投區,石牌,,132-5
北投區,振興,一,73,北投區,石牌,,7-93
北投區,振興,一,730,北投區,石牌,,131
北投區,振興,一,731,北投區,石牌,,130-2
北投區,振興,一,734,北投區,石牌,,129-6
北投區,振興,一,735,北投區,石牌,,129-3
北投區,振興,一,736,北投區,石牌,,130-3
北投區,振興,一,737,北投區,石牌,,130
北投區,振興,一,738,北投區,石牌,,143-35
北投區,振興,一,739,北投區,石牌,,143-2
北投區,振興,一,74,北投區,石牌,,70-24
北投區,振興,一,740,北投區,石牌,,129-8
北投區,振興,一,741,北投區,石牌,,143-1
北投區,振興,一,742,北投區,石牌,,143-30
北投區,振興,一,743,北投區,石牌,,143-27
北投區,振興,一,746,北投區,石牌,,143-23
北投區,振興,一,747,北投區,石牌,,143-8
北投區,振興,一,748,北投區,石牌,,133-10
北投區,振興,一,749,北投區,石牌,,133-9
北投區,振興,一,75,北投區,石牌,,30
北投區,振興,一,750,北投區,石牌,,143-22
北投區,振興,一,751,北投區,石牌,,143-28
北投區,振興,一,754,北投區,石牌,,143-40
北投區,振興,一,755,北投區,石牌,,143-42
北投區,振興,一,756,北投區,石牌,,143-43
北投區,振興,一,757,北投區,石牌,,143-88
北投區,振興,一,758,北投區,石牌,,143-89
北投區,振興,一,759,北投區,石牌,,143-44
北投區,振興,一,76,北投區,石牌,,675
北投區,振興,一,760,北投區,石牌,,143-45
北投區,振興,一,761,北投區,石牌,,143-90
北投區,振興,一,762,北投區,石牌,,143-91
北投區,振興,一,763,北投區,石牌,,143-46
北投區,振興,一,764,北投區,石牌,,143-47
北投區,振興,一,765,北投區,石牌,,143-92
北投區,振興,一,766,北投區,石牌,,143-93
北投區,振興,一,767,北投區,石牌,,143-48
北投區,振興,一,768,北投區,石牌,,143-10
北投區,振興,一,769,北投區,石牌,,143-25
北投區,振興,一,77,北投區,石牌,,45-1
北投區,振興,一,770,北投區,石牌,,143-37
北投區,振興,一,771,北投區,石牌,,143-55
北投區,振興,一,772,北投區,石牌,,143-54
北投區,振興,一,773,北投區,石牌,,143-53
北投區,振興,一,774,北投區,石牌,,143-52
北投區,振興,一,775,北投區,石牌,,143-38
北投區,振興,一,776,北投區,石牌,,143-51
北投區,振興,一,777,北投區,石牌,,143-61
北投區,振興,一,778,北投區,石牌,,143-60
北投區,振興,一,779,北投區,石牌,,143-59
北投區,振興,一,78,北投區,石牌,,38
北投區,振興,一,780,北投區,石牌,,143-58
北投區,振興,一,781,北投區,石牌,,143-57
北投區,振興,一,782,北投區,石牌,,143-56
北投區,振興,一,783,北投區,石牌,,143-68
北投區,振興,一,784,北投區,石牌,,143-67
北投區,振興,一,785,北投區,石牌,,143-66
北投區,振興,一,786,北投區,石牌,,143-65
北投區,振興,一,787,北投區,石牌,,143-64
北投區,振興,一,788,北投區,石牌,,143-63
北投區,振興,一,789,北投區,石牌,,143-62
北投區,振興,一,79,北投區,石牌,,676
北投區,振興,一,791,北投區,石牌,,143-75
北投區,振興,一,793,北投區,石牌,,143-73
北投區,振興,一,794,北投區,石牌,,143-72
北投區,振興,一,795,北投區,石牌,,143-71
北投區,振興,一,796,北投區,石牌,,143-70
北投區,振興,一,797,北投區,石牌,,143-69
北投區,振興,一,798,北投區,石牌,,143-33
北投區,振興,一,799,北投區,石牌,,143-84
北投區,振興,一,8,北投區,石牌,,3-3
北投區,振興,一,800,北投區,石牌,,143-78
北投區,振興,一,801,北投區,石牌,,143-79
北投區,振興,一,802,北投區,石牌,,143-85
北投區,振興,一,803,北投區,石牌,,143-94
北投區,振興,一,804,北投區,石牌,,143-95
北投區,振興,一,805,北投區,石牌,,143-39
北投區,振興,一,806,北投區,石牌,,143-80
北投區,振興,一,807,北投區,石牌,,143-76
北投區,振興,一,808,北投區,石牌,,143-81
北投區,振興,一,809,北投區,石牌,,143-49
北投區,振興,一,81,北投區,石牌,,28
北投區,振興,一,813,北投區,石牌,,143-82
北投區,振興,一,814,北投區,石牌,,143-77
北投區,振興,一,82,北投區,石牌,,8
北投區,振興,一,821,北投區,石牌,,144-12
北投區,振興,一,822,北投區,石牌,,143-3
北投區,振興,一,823,北投區,石牌,,143-36
北投區,振興,一,824,北投區,石牌,,143-29
北投區,振興,一,825,北投區,石牌,,144-5
北投區,振興,一,827,北投區,石牌,,144-4
北投區,振興,一,828,北投區,石牌,,144-3
北投區,振興,一,829,北投區,石牌,,144-2
北投區,振興,一,83,北投區,石牌,,7-10
北投區,振興,一,831,北投區,振興,一,212
北投區,振興,一,831-1,北投區,振興,一,214
北投區,振興,一,831-3,北投區,振興,一,230
北投區,振興,一,831-3,北投區,振興,一,295
北投區,振興,一,831-4,北投區,振興,一,232
北投區,振興,一,831-4,北投區,振興,一,240
北投區,振興,一,831-4,北投區,振興,一,292
北投區,振興,一,831-5,北投區,振興,一,233
北投區,振興,一,833,北投區,振興,一,279
北投區,振興,一,833-1,北投區,振興,一,213
北投區,振興,一,833-1,北投區,振興,一,242
北投區,振興,一,833-1,北投區,振興,一,280-1
北投區,振興,一,833-10,北投區,振興,一,296
北投區,振興,一,833-2,北投區,振興,一,232
北投區,振興,一,833-2,北投區,振興,一,240
北投區,振興,一,833-2,北投區,振興,一,292
北投區,振興,一,833-3,北投區,振興,一,277
北投區,振興,一,833-4,北投區,振興,一,231
北投區,振興,一,833-4,北投區,振興,一,241
北投區,振興,一,833-4,北投區,振興,一,287
北投區,振興,一,833-5,北投區,振興,一,288
北投區,振興,一,833-6,北投區,振興,一,289
北投區,振興,一,833-7,北投區,振興,一,291
北投區,振興,一,833-8,北投區,振興,一,290
北投區,振興,一,833-8,北投區,振興,一,293
北投區,振興,一,833-9,北投區,振興,一,294
北投區,振興,一,84,北投區,石牌,,9-11
北投區,振興,一,85,北投區,石牌,,25
北投區,振興,一,86,北投區,石牌,,26-2
北投區,振興,一,87,北投區,石牌,,26
北投區,振興,一,89,北投區,石牌,,30-12
北投區,振興,一,9,北投區,石牌,,3-6
北投區,振興,一,90,北投區,石牌,,30-91
北投區,振興,一,91,北投區,石牌,,30-9
北投區,振興,一,92,北投區,石牌,,30-74
北投區,振興,一,93,北投區,石牌,,30-6
北投區,振興,一,94,北投區,石牌,,30-6
北投區,振興,一,95,北投區,石牌,,37-2
北投區,振興,一,96,北投區,石牌,,37-7
北投區,振興,三,1,北投區,石牌,,1-19
北投區,振興,三,10,北投區,石牌,,15-53
北投區,振興,三,100,北投區,石牌,,15-73
北投區,振興,三,1001,北投區,石牌,,122-2
北投區,振興,三,1003,北投區,石牌,,122
北投區,振興,三,1004,北投區,石牌,,125-2
北投區,振興,三,1005,北投區,石牌,,125-6
北投區,振興,三,1006,北投區,石牌,,125-2
北投區,振興,三,1008,北投區,石牌,,125-1
北投區,振興,三,101,北投區,石牌,,17-2
北投區,振興,三,1016,北投區,石牌,,122-4
北投區,振興,三,1018,北投區,石牌,,125-8
北投區,振興,三,1019,北投區,石牌,,125-4
北投區,振興,三,102,北投區,石牌,,17-3
北投區,振興,三,1022,北投區,石牌,,122-14
北投區,振興,三,1023,北投區,石牌,,122-3
北投區,振興,三,1024,北投區,石牌,,122-8
北投區,振興,三,103,北投區,石牌,,29-15
北投區,振興,三,1031,北投區,石牌,,727
北投區,振興,三,1032,北投區,石牌,,120-43
北投區,振興,三,1033,北投區,石牌,,120-42
北投區,振興,三,1034,北投區,石牌,,120-41
北投區,振興,三,1035,北投區,石牌,,120-45
北投區,振興,三,1036,北投區,石牌,,120-44
北投區,振興,三,1037,北投區,石牌,,120-40
北投區,振興,三,1038,北投區,石牌,,120-23
北投區,振興,三,1039,北投區,石牌,,120-2
北投區,振興,三,104,北投區,石牌,,18-1
北投區,振興,三,1040,北投區,石牌,,120-4
北投區,振興,三,1041,北投區,石牌,,120-22
北投區,振興,三,1042,北投區,石牌,,120-21
北投區,振興,三,1043,北投區,石牌,,120-10
北投區,振興,三,1044,北投區,石牌,,120-9
北投區,振興,三,1045,北投區,石牌,,120-20
北投區,振興,三,1046,北投區,石牌,,120-3
北投區,振興,三,1046-1,北投區,石牌,,120-46
北投區,振興,三,1047,北投區,石牌,,120-19
北投區,振興,三,1048,北投區,石牌,,120-33
北投區,振興,三,1049,北投區,石牌,,120-34
北投區,振興,三,105,北投區,石牌,,18-2
北投區,振興,三,1050,北投區,石牌,,120-35
北投區,振興,三,1051,北投區,石牌,,120-36
北投區,振興,三,1052,北投區,石牌,,120-37
北投區,振興,三,1053,北投區,石牌,,119-1
北投區,振興,三,1054-3,北投區,石牌,,119-12
北投區,振興,三,1055,北投區,石牌,,119-6
北投區,振興,三,1056,北投區,石牌,,119
北投區,振興,三,1057,北投區,石牌,,119-5
北投區,振興,三,1058,北投區,石牌,,121
北投區,振興,三,106,北投區,石牌,,7-78
北投區,振興,三,1061,北投區,石牌,,122-6
北投區,振興,三,1062,北投區,石牌,,123
北投區,振興,三,1063,北投區,石牌,,123-3
北投區,振興,三,1064,北投區,石牌,,124-1
北投區,振興,三,1066,北投區,石牌,,124
北投區,振興,三,107,北投區,石牌,,7-78
北投區,振興,三,1071,北投區,石牌,,122-11
北投區,振興,三,1072,北投區,石牌,,125
北投區,振興,三,1073,北投區,石牌,,125-12
北投區,振興,三,1074,北投區,石牌,,129-2
北投區,振興,三,108,北投區,石牌,,7-75
北投區,振興,三,109,北投區,石牌,,7-74
北投區,振興,三,11,北投區,石牌,,15-30
北投區,振興,三,110,北投區,石牌,,65-139
北投區,振興,三,111,北投區,石牌,,65-140
北投區,振興,三,112,北投區,石牌,,65-141
北投區,振興,三,113,北投區,石牌,,65-142
北投區,振興,三,114,北投區,石牌,,18-6
北投區,振興,三,115,北投區,石牌,,18-7
北投區,振興,三,117,北投區,石牌,,52
北投區,振興,三,118,北投區,石牌,,53-5
北投區,振興,三,119,北投區,石牌,,53-8
北投區,振興,三,12,北投區,石牌,,15-36
北投區,振興,三,120,北投區,石牌,,53-24
北投區,振興,三,121,北投區,石牌,,53-7
北投區,振興,三,122,北投區,石牌,,53-4
北投區,振興,三,124,北投區,石牌,,53-2
北投區,振興,三,125,北投區,石牌,,53-3
北投區,振興,三,127,北投區,石牌,,18-36
北投區,振興,三,128,北投區,石牌,,18-35
北投區,振興,三,129,北投區,石牌,,18-33
北投區,振興,三,13,北投區,石牌,,15-37
北投區,振興,三,130,北投區,石牌,,18-34
北投區,振興,三,131,北投區,石牌,,18-12
北投區,振興,三,132,北投區,石牌,,18-10
北投區,振興,三,134,北投區,石牌,,53
北投區,振興,三,136,北投區,石牌,,18
北投區,振興,三,137,北投區,石牌,,18-37
北投區,振興,三,138,北投區,石牌,,18-37
北投區,振興,三,14,北投區,石牌,,15-41
北投區,振興,三,141,北投區,石牌,,18-13
北投區,振興,三,142,北投區,石牌,,18-38
北投區,振興,三,143,北投區,石牌,,685
北投區,振興,三,146,北投區,石牌,,7-76
北投區,振興,三,147,北投區,石牌,,65-24
北投區,振興,三,148,北投區,石牌,,65-116
北投區,振興,三,149,北投區,石牌,,65-115
北投區,振興,三,15,北投區,石牌,,15-3
北投區,振興,三,150,北投區,石牌,,65-114
北投區,振興,三,151,北投區,石牌,,65-15
北投區,振興,三,152,北投區,石牌,,18-3
北投區,振興,三,153,北投區,石牌,,65-117
北投區,振興,三,154,北投區,石牌,,65-112
北投區,振興,三,155,北投區,石牌,,65-118
北投區,振興,三,156,北投區,石牌,,65-111
北投區,振興,三,157,北投區,石牌,,65-119
北投區,振興,三,158,北投區,石牌,,65-110
北投區,振興,三,159,北投區,石牌,,65-120
北投區,振興,三,16,北投區,石牌,,7-62
北投區,振興,三,160,北投區,石牌,,65-16
北投區,振興,三,161,北投區,石牌,,65-121
北投區,振興,三,162,北投區,石牌,,63-51
北投區,振興,三,163,北投區,石牌,,63-52
北投區,振興,三,166,北投區,石牌,,63-29
北投區,振興,三,167,北投區,石牌,,63-30
北投區,振興,三,168,北投區,石牌,,63-27
北投區,振興,三,169,北投區,石牌,,63-11
北投區,振興,三,17,北投區,石牌,,65-3
北投區,振興,三,170,北投區,石牌,,63-17
北投區,振興,三,171,北投區,石牌,,63-53
北投區,振興,三,172,北投區,石牌,,65-31
北投區,振興,三,175,北投區,石牌,,53-10
北投區,振興,三,176,北投區,石牌,,53-11
北投區,振興,三,177,北投區,石牌,,53-13
北投區,振興,三,179,北投區,石牌,,64-1
北投區,振興,三,18,北投區,石牌,,65-143
北投區,振興,三,181,北投區,石牌,,686
北投區,振興,三,182,北投區,石牌,,63-12
北投區,振興,三,183,北投區,石牌,,63-20
北投區,振興,三,184,北投區,石牌,,63-21
北投區,振興,三,185,北投區,石牌,,63-54
北投區,振興,三,186,北投區,石牌,,65-107
北投區,振興,三,187,北投區,石牌,,65-106
北投區,振興,三,188,北投區,石牌,,65-17
北投區,振興,三,189,北投區,石牌,,65-108
北投區,振興,三,19,北投區,石牌,,65-2
北投區,振興,三,190,北投區,石牌,,63-50
北投區,振興,三,191,北投區,石牌,,63-49
北投區,振興,三,194,北投區,石牌,,63-48
北投區,振興,三,195,北投區,石牌,,63-26
北投區,振興,三,196,北投區,石牌,,63-19
北投區,振興,三,197,北投區,石牌,,63-23
北投區,振興,三,198,北投區,石牌,,63-22
北投區,振興,三,199,北投區,石牌,,63-2
北投區,振興,三,2,北投區,石牌,,20-6
北投區,振興,三,200,北投區,石牌,,15-113
北投區,振興,三,201,北投區,石牌,,7-86
北投區,振興,三,202,北投區,石牌,,67-6
北投區,振興,三,203,北投區,石牌,,67-16
北投區,振興,三,204,北投區,石牌,,7-87
北投區,振興,三,205,北投區,石牌,,7-88
北投區,振興,三,206,北投區,石牌,,7-89
北投區,振興,三,207,北投區,石牌,,67-23
北投區,振興,三,208,北投區,石牌,,67-22
北投區,振興,三,209,北投區,石牌,,67-21
北投區,振興,三,210,北投區,石牌,,67-7
北投區,振興,三,211,北投區,石牌,,67-17
北投區,振興,三,212,北投區,石牌,,7-61
北投區,振興,三,213,北投區,石牌,,65-144
北投區,振興,三,214,北投區,石牌,,65-25
北投區,振興,三,215,北投區,石牌,,65-5
北投區,振興,三,216,北投區,石牌,,65-195
北投區,振興,三,217,北投區,石牌,,65-197
北投區,振興,三,218,北投區,石牌,,65-198
北投區,振興,三,22,北投區,石牌,,7-64
北投區,振興,三,220,北投區,石牌,,65-205
北投區,振興,三,222,北投區,石牌,,65-203
北投區,振興,三,223,北投區,石牌,,65-202
北投區,振興,三,224,北投區,石牌,,65-201
北投區,振興,三,225,北投區,石牌,,65-199
北投區,振興,三,226,北投區,石牌,,65-208
北投區,振興,三,227,北投區,石牌,,65-123
北投區,振興,三,228,北投區,石牌,,65-209
北投區,振興,三,229,北投區,石牌,,65-210
北投區,振興,三,23,北投區,石牌,,65-145
北投區,振興,三,230,北投區,石牌,,65-211
北投區,振興,三,231,北投區,石牌,,65-212
北投區,振興,三,232,北投區,石牌,,65-213
北投區,振興,三,233,北投區,石牌,,65-214
北投區,振興,三,234,北投區,石牌,,65
北投區,振興,三,236,北投區,石牌,,65-216
北投區,振興,三,239,北投區,石牌,,65-219
北投區,振興,三,24,北投區,石牌,,65-73
北投區,振興,三,241,北投區,石牌,,65-221
北投區,振興,三,242,北投區,石牌,,7-77
北投區,振興,三,243,北投區,石牌,,65-29
北投區,振興,三,244,北投區,石牌,,65-26
北投區,振興,三,245,北投區,石牌,,65-6
北投區,振興,三,246,北投區,石牌,,67-4
北投區,振興,三,247,北投區,石牌,,65-7
北投區,振興,三,248,北投區,石牌,,69-23
北投區,振興,三,249,北投區,石牌,,104-5
北投區,振興,三,250,北投區,石牌,,104-4
北投區,振興,三,251,北投區,石牌,,101-59
北投區,振興,三,252,北投區,石牌,,105-9
北投區,振興,三,254,北投區,石牌,,101-128
北投區,振興,三,256,北投區,石牌,,70-204
北投區,振興,三,259,北投區,石牌,,70-205
北投區,振興,三,26,北投區,石牌,,15-67
北投區,振興,三,260,北投區,石牌,,105-3
北投區,振興,三,261,北投區,石牌,,105-18
北投區,振興,三,262,北投區,石牌,,105-15
北投區,振興,三,263,北投區,石牌,,105-24
北投區,振興,三,263-1,北投區,石牌,,105-10
北投區,振興,三,264,北投區,石牌,,105-17
北投區,振興,三,265,北投區,石牌,,105-13
北投區,振興,三,27,北投區,石牌,,15-68
北投區,振興,三,272,北投區,石牌,,65-8
北投區,振興,三,273,北投區,石牌,,65-27
北投區,振興,三,274,北投區,石牌,,65-28
北投區,振興,三,275,北投區,石牌,,105-5
北投區,振興,三,276,北投區,石牌,,105-5
北投區,振興,三,277,北投區,石牌,,105-7
北投區,振興,三,279,北投區,石牌,,105-12
北投區,振興,三,28,北投區,石牌,,15-69
北投區,振興,三,280,北投區,石牌,,101-45
北投區,振興,三,281,北投區,石牌,,101-44
北投區,振興,三,281-1,北投區,石牌,,101-164
北投區,振興,三,282,北投區,石牌,,101-46
北投區,振興,三,283,北投區,石牌,,65-22
北投區,振興,三,284,北投區,石牌,,65-49
北投區,振興,三,285,北投區,石牌,,65-50
北投區,振興,三,286,北投區,石牌,,65-51
北投區,振興,三,287,北投區,石牌,,65-52
北投區,振興,三,288,北投區,石牌,,65-53
北投區,振興,三,289,北投區,石牌,,65-30
北投區,振興,三,29,北投區,石牌,,15-33
北投區,振興,三,291,北投區,石牌,,65-55
北投區,振興,三,292,北投區,石牌,,65-56
北投區,振興,三,293,北投區,石牌,,65-57
北投區,振興,三,294,北投區,石牌,,65-58
北投區,振興,三,295,北投區,石牌,,65-59
北投區,振興,三,296,北投區,石牌,,65-60
北投區,振興,三,297,北投區,石牌,,65-33
北投區,振興,三,298,北投區,石牌,,65-34
北投區,振興,三,299,北投區,石牌,,65-35
北投區,振興,三,3,北投區,石牌,,20-5
北投區,振興,三,30,北投區,石牌,,15-32
北投區,振興,三,300,北投區,石牌,,65-36
北投區,振興,三,301,北投區,石牌,,65-37
北投區,振興,三,302,北投區,石牌,,65-38
北投區,振興,三,303,北投區,石牌,,65-39
北投區,振興,三,304,北投區,石牌,,65-40
北投區,振興,三,307,北投區,石牌,,65-41
北投區,振興,三,308,北投區,石牌,,65-42
北投區,振興,三,309,北投區,石牌,,65-43
北投區,振興,三,31,北投區,石牌,,15-55
北投區,振興,三,310,北投區,石牌,,65-44
北投區,振興,三,311,北投區,石牌,,65-45
北投區,振興,三,312,北投區,石牌,,65-46
北投區,振興,三,313,北投區,石牌,,65-47
北投區,振興,三,314,北投區,石牌,,65-48
北投區,振興,三,315,北投區,石牌,,65-21
北投區,振興,三,316,北投區,石牌,,70-209
北投區,振興,三,317,北投區,石牌,,110-112
北投區,振興,三,318,北投區,石牌,,70-207
北投區,振興,三,319,北投區,石牌,,65-23
北投區,振興,三,32,北投區,石牌,,15-71
北投區,振興,三,320,北投區,石牌,,109-2
北投區,振興,三,321,北投區,石牌,,110-90
北投區,振興,三,322,北投區,石牌,,110-91
北投區,振興,三,323,北投區,石牌,,110-92
北投區,振興,三,324,北投區,石牌,,109-54
北投區,振興,三,325,北投區,石牌,,109-1
北投區,振興,三,326,北投區,石牌,,109-39
北投區,振興,三,327,北投區,石牌,,109-40
北投區,振興,三,328,北投區,石牌,,109-41
北投區,振興,三,329,北投區,石牌,,110-89
北投區,振興,三,33,北投區,石牌,,15-72
北投區,振興,三,330,北投區,石牌,,109
北投區,振興,三,331,北投區,石牌,,109-57
北投區,振興,三,332,北投區,石牌,,109-58
北投區,振興,三,333,北投區,石牌,,109-59
北投區,振興,三,334,北投區,石牌,,110-118
北投區,振興,三,335,北投區,石牌,,110-119
北投區,振興,三,336,北投區,石牌,,110-120
北投區,振興,三,337,北投區,石牌,,110-120
北投區,振興,三,338,北投區,石牌,,101-48
北投區,振興,三,339,北投區,石牌,,110-19
北投區,振興,三,34,北投區,石牌,,15-56
北投區,振興,三,340,北投區,石牌,,109-61
北投區,振興,三,341,北投區,石牌,,109-60
北投區,振興,三,342,北投區,石牌,,109-26
北投區,振興,三,343,北投區,石牌,,109-8
北投區,振興,三,344,北投區,石牌,,109-9
北投區,振興,三,345,北投區,石牌,,109-10
北投區,振興,三,346,北投區,石牌,,109-11
北投區,振興,三,347,北投區,石牌,,109-12
北投區,振興,三,348,北投區,石牌,,109-13
北投區,振興,三,349,北投區,石牌,,109-14
北投區,振興,三,35,北投區,石牌,,15-52
北投區,振興,三,350,北投區,石牌,,109-15
北投區,振興,三,351,北投區,石牌,,109-16
北投區,振興,三,352,北投區,石牌,,109-18
北投區,振興,三,353,北投區,石牌,,109-19
北投區,振興,三,354,北投區,石牌,,109-20
北投區,振興,三,355,北投區,石牌,,109-21
北投區,振興,三,356,北投區,石牌,,109-22
北投區,振興,三,357,北投區,石牌,,109-23
北投區,振興,三,358,北投區,石牌,,109-24
北投區,振興,三,359,北投區,石牌,,109-25
北投區,振興,三,36,北投區,石牌,,15-51
北投區,振興,三,360,北投區,石牌,,109-28
北投區,振興,三,361,北投區,石牌,,109-56
北投區,振興,三,362,北投區,石牌,,109-53
北投區,振興,三,363,北投區,石牌,,110-16
北投區,振興,三,365,北投區,石牌,,110-108
北投區,振興,三,366,北投區,石牌,,110-109
北投區,振興,三,367,北投區,石牌,,110-17
北投區,振興,三,369,北投區,石牌,,112-32
北投區,振興,三,37,北投區,石牌,,15-57
北投區,振興,三,370,北投區,石牌,,112-12
北投區,振興,三,371,北投區,石牌,,112-34
北投區,振興,三,372,北投區,石牌,,112-36
北投區,振興,三,373,北投區,石牌,,112-38
北投區,振興,三,374,北投區,石牌,,112-5
北投區,振興,三,375,北投區,石牌,,112-37
北投區,振興,三,378,北投區,石牌,,110-100
北投區,振興,三,379,北投區,石牌,,110-101
北投區,振興,三,38,北投區,石牌,,683
北投區,振興,三,380,北投區,石牌,,109-29
北投區,振興,三,381,北投區,石牌,,109-46
北投區,振興,三,382,北投區,石牌,,109-45
北投區,振興,三,383,北投區,石牌,,109-44
北投區,振興,三,384,北投區,石牌,,109-43
北投區,振興,三,385,北投區,石牌,,109-42
北投區,振興,三,386,北投區,石牌,,101-58
北投區,振興,三,387,北投區,石牌,,101-129
北投區,振興,三,388,北投區,石牌,,101-130
北投區,振興,三,389,北投區,石牌,,101-35
北投區,振興,三,39,北投區,石牌,,20-8
北投區,振興,三,390,北投區,石牌,,101-148
北投區,振興,三,391,北投區,石牌,,101-149
北投區,振興,三,392,北投區,石牌,,101-150
北投區,振興,三,393,北投區,石牌,,101-151
北投區,振興,三,394,北投區,石牌,,101-152
北投區,振興,三,395,北投區,石牌,,101-153
北投區,振興,三,396,北投區,石牌,,101-154
北投區,振興,三,397,北投區,石牌,,101-155
北投區,振興,三,398,北投區,石牌,,101-156
北投區,振興,三,399,北投區,石牌,,101-157
北投區,振興,三,4,北投區,石牌,,29-13
北投區,振興,三,40,北投區,石牌,,38-16
北投區,振興,三,400,北投區,石牌,,101-159
北投區,振興,三,401,北投區,石牌,,101-158
北投區,振興,三,402,北投區,石牌,,101-8
北投區,振興,三,403,北投區,石牌,,101-14
北投區,振興,三,404,北投區,石牌,,105-11
北投區,振興,三,408,北投區,石牌,,101-10
北投區,振興,三,409,北投區,石牌,,101-11
北投區,振興,三,41,北投區,石牌,,19-5
北投區,振興,三,410,北投區,石牌,,101-162
北投區,振興,三,411,北投區,石牌,,101-38
北投區,振興,三,412,北投區,石牌,,101-40
北投區,振興,三,413,北投區,石牌,,101-9
北投區,振興,三,414,北投區,石牌,,101-37
北投區,振興,三,415,北投區,石牌,,101-133
北投區,振興,三,416,北投區,石牌,,101-90
北投區,振興,三,417,北投區,石牌,,101-135
北投區,振興,三,418,北投區,石牌,,101-136
北投區,振興,三,419,北投區,石牌,,101-137
北投區,振興,三,42,北投區,石牌,,38-20
北投區,振興,三,420,北投區,石牌,,101-138
北投區,振興,三,421,北投區,石牌,,101-139
北投區,振興,三,423,北投區,石牌,,101-106
北投區,振興,三,424,北投區,石牌,,101-105
北投區,振興,三,425,北投區,石牌,,101-104
北投區,振興,三,426,北投區,石牌,,101-91
北投區,振興,三,427,北投區,石牌,,101-27
北投區,振興,三,428,北投區,石牌,,101-107
北投區,振興,三,429,北投區,石牌,,101-108
北投區,振興,三,43,北投區,石牌,,38-10
北投區,振興,三,430,北投區,石牌,,101-109
北投區,振興,三,431,北投區,石牌,,101-78
北投區,振興,三,432,北投區,石牌,,101-79
北投區,振興,三,433,北投區,石牌,,101-80
北投區,振興,三,434,北投區,石牌,,101-81
北投區,振興,三,435,北投區,石牌,,101-82
北投區,振興,三,436,北投區,石牌,,101-83
北投區,振興,三,437,北投區,石牌,,101-84
北投區,振興,三,438,北投區,石牌,,101-85
北投區,振興,三,439,北投區,石牌,,101-86
北投區,振興,三,44,北投區,石牌,,19-2
北投區,振興,三,440,北投區,石牌,,101-87
北投區,振興,三,441,北投區,石牌,,101-88
北投區,振興,三,442,北投區,石牌,,101-89
北投區,振興,三,445,北投區,石牌,,101-28
北投區,振興,三,446,北投區,石牌,,101-29
北投區,振興,三,447,北投區,石牌,,101-21
北投區,振興,三,448,北投區,石牌,,101-12
北投區,振興,三,449,北投區,石牌,,107-1
北投區,振興,三,45,北投區,石牌,,38-17
北投區,振興,三,450,北投區,石牌,,101-43
北投區,振興,三,452,北投區,石牌,,107-2
北投區,振興,三,453,北投區,石牌,,107-6
北投區,振興,三,454,北投區,石牌,,107-7
北投區,振興,三,46,北投區,石牌,,19-3
北投區,振興,三,460,北投區,石牌,,113-9
北投區,振興,三,462,北投區,石牌,,113-10
北投區,振興,三,469,北投區,石牌,,90-6
北投區,振興,三,47,北投區,石牌,,38-18
北投區,振興,三,470,北投區,石牌,,90-4
北投區,振興,三,472,北投區,石牌,,93-19
北投區,振興,三,473,北投區,石牌,,114-4
北投區,振興,三,475,北投區,石牌,,101-26
北投區,振興,三,476,北投區,石牌,,101-25
北投區,振興,三,477,北投區,石牌,,101-110
北投區,振興,三,478,北投區,石牌,,101-111
北投區,振興,三,479,北投區,石牌,,101-112
北投區,振興,三,48,北投區,石牌,,20-7
北投區,振興,三,480,北投區,石牌,,101-113
北投區,振興,三,488,北投區,石牌,,101-71
北投區,振興,三,49,北投區,石牌,,29-13
北投區,振興,三,495,北投區,石牌,,101-114
北投區,振興,三,5,北投區,石牌,,29-13
北投區,振興,三,50,北投區,石牌,,17
北投區,振興,三,508,北投區,石牌,,93-12
北投區,振興,三,509,北投區,石牌,,92-1
北投區,振興,三,51,北投區,石牌,,18-5
北投區,振興,三,511,北投區,石牌,,90-2
北投區,振興,三,512,北投區,石牌,,101-49
北投區,振興,三,513,北投區,石牌,,107-4
北投區,振興,三,515,北投區,石牌,,113-5
北投區,振興,三,516,北投區,石牌,,112-2
北投區,振興,三,517,北投區,石牌,,112-4
北投區,振興,三,518,北投區,石牌,,112-19
北投區,振興,三,519,北投區,石牌,,112
北投區,振興,三,52,北投區,石牌,,18-15
北投區,振興,三,520,北投區,石牌,,112-57
北投區,振興,三,521,北投區,石牌,,112-13
北投區,振興,三,522,北投區,石牌,,112-14
北投區,振興,三,523,北投區,石牌,,112-55
北投區,振興,三,524,北投區,石牌,,112-15
北投區,振興,三,525,北投區,石牌,,112-16
北投區,振興,三,527,北投區,石牌,,113-14
北投區,振興,三,528,北投區,石牌,,113-13
北投區,振興,三,529,北投區,石牌,,113-12
北投區,振興,三,53,北投區,石牌,,18-16
北投區,振興,三,531,北投區,石牌,,113-15
北投區,振興,三,532,北投區,石牌,,113-16
北投區,振興,三,533,北投區,石牌,,113-17
北投區,振興,三,534,北投區,石牌,,113-18
北投區,振興,三,535,北投區,石牌,,112-18
北投區,振興,三,536,北投區,石牌,,112-52
北投區,振興,三,537,北投區,石牌,,113-3
北投區,振興,三,538,北投區,石牌,,113-2
北投區,振興,三,539,北投區,石牌,,113-20
北投區,振興,三,54,北投區,石牌,,18-17
北投區,振興,三,540,北投區,石牌,,113-21
北投區,振興,三,541,北投區,石牌,,113-23
北投區,振興,三,542,北投區,石牌,,113-22
北投區,振興,三,543,北投區,石牌,,113-24
北投區,振興,三,544,北投區,石牌,,113-26
北投區,振興,三,545,北投區,石牌,,113-27
北投區,振興,三,546,北投區,石牌,,113-25
北投區,振興,三,547,北投區,石牌,,93-30
北投區,振興,三,548,北投區,石牌,,93-33
北投區,振興,三,549,北投區,石牌,,116
北投區,振興,三,55,北投區,石牌,,18-18
北投區,振興,三,550,北投區,石牌,,117-3
北投區,振興,三,551,北投區,石牌,,117-4
北投區,振興,三,552,北投區,石牌,,112-53
北投區,振興,三,553,北投區,石牌,,93-31
北投區,振興,三,554,北投區,石牌,,117-5
北投區,振興,三,555,北投區,石牌,,117-6
北投區,振興,三,556,北投區,石牌,,117-7
北投區,振興,三,557,北投區,石牌,,116-3
北投區,振興,三,558,北投區,石牌,,117-8
北投區,振興,三,559,北投區,石牌,,117-9
北投區,振興,三,56,北投區,石牌,,18-19
北投區,振興,三,560,北投區,石牌,,117-10
北投區,振興,三,561,北投區,石牌,,117-11
北投區,振興,三,562,北投區,石牌,,117-12
北投區,振興,三,563,北投區,石牌,,117-13
北投區,振興,三,564,北投區,石牌,,117-14
北投區,振興,三,565,北投區,石牌,,117-15
北投區,振興,三,566,北投區,石牌,,117-16
北投區,振興,三,568,北投區,石牌,,117-62
北投區,振興,三,569,北投區,石牌,,117-36
北投區,振興,三,57,北投區,石牌,,18-20
北投區,振興,三,570,北投區,石牌,,117-18
北投區,振興,三,571,北投區,石牌,,117-19
北投區,振興,三,572,北投區,石牌,,117-21
北投區,振興,三,573,北投區,石牌,,117-21
北投區,振興,三,574,北投區,石牌,,117-22
北投區,振興,三,575,北投區,石牌,,117-23
北投區,振興,三,576,北投區,石牌,,117-24
北投區,振興,三,577,北投區,石牌,,117-25
北投區,振興,三,578,北投區,石牌,,117-70
北投區,振興,三,58,北投區,石牌,,18-21
北投區,振興,三,581,北投區,石牌,,116-6
北投區,振興,三,581-2,北投區,石牌,,116-8
北投區,振興,三,582,北投區,石牌,,116-10
北投區,振興,三,582-1,北投區,石牌,,116-7
北投區,振興,三,583,北投區,石牌,,90-12
北投區,振興,三,585,北投區,石牌,,90-11
北投區,振興,三,59,北投區,石牌,,18-22
北投區,振興,三,590,北投區,石牌,,93-28
北投區,振興,三,591-1,北投區,石牌,,93-22
北投區,振興,三,593-1,北投區,石牌,,86-3
北投區,振興,三,595,北投區,石牌,,86-1
北投區,振興,三,595-1,北投區,石牌,,86-4
北投區,振興,三,596,北投區,石牌,,86-2
北投區,振興,三,597,北投區,石牌,,86-6
北投區,振興,三,598,北投區,石牌,,87
北投區,振興,三,598-2,北投區,石牌,,93-14
北投區,振興,三,598-3,北投區,石牌,,93-14
北投區,振興,三,599,北投區,石牌,,86-5
北投區,振興,三,60,北投區,石牌,,18-23
北投區,振興,三,600,北投區,石牌,,87-2
北投區,振興,三,601,北投區,石牌,,87-1
北投區,振興,三,601-1,北投區,石牌,,88-1
北投區,振興,三,602,北投區,石牌,,90-1
北投區,振興,三,603,北投區,石牌,,116-2
北投區,振興,三,604,北投區,石牌,,117
北投區,振興,三,605,北投區,石牌,,117-61
北投區,振興,三,606,北投區,石牌,,118
北投區,振興,三,607,北投區,石牌,,118-46
北投區,振興,三,607-1,北投區,石牌,,118-52
北投區,振興,三,608,北投區,石牌,,118-2
北投區,振興,三,609,北投區,石牌,,118-3
北投區,振興,三,61,北投區,石牌,,18-24
北投區,振興,三,610,北投區,石牌,,117-69
北投區,振興,三,611,北投區,石牌,,117-35
北投區,振興,三,612,北投區,石牌,,117-34
北投區,振興,三,613,北投區,石牌,,117-33
北投區,振興,三,614,北投區,石牌,,117-32
北投區,振興,三,615,北投區,石牌,,117-31
北投區,振興,三,616,北投區,石牌,,117-30
北投區,振興,三,617,北投區,石牌,,117-29
北投區,振興,三,618,北投區,石牌,,117-28
北投區,振興,三,619,北投區,石牌,,117-27
北投區,振興,三,62,北投區,石牌,,18-25
北投區,振興,三,620,北投區,石牌,,117-37
北投區,振興,三,620-1,北投區,石牌,,117-37
北投區,振興,三,621,北投區,石牌,,117-53
北投區,振興,三,621-1,北投區,石牌,,117-53
北投區,振興,三,622,北投區,石牌,,117-66
北投區,振興,三,623,北投區,石牌,,117-52
北投區,振興,三,624,北投區,石牌,,117-51
北投區,振興,三,625,北投區,石牌,,117-50
北投區,振興,三,626,北投區,石牌,,117-49
北投區,振興,三,627,北投區,石牌,,117-46
北投區,振興,三,628,北投區,石牌,,117-47
北投區,振興,三,629,北投區,石牌,,117-48
北投區,振興,三,63,北投區,石牌,,18-32
北投區,振興,三,630,北投區,石牌,,117-60
北投區,振興,三,630-1,北投區,石牌,,117-60
北投區,振興,三,631,北投區,石牌,,117-57
北投區,振興,三,632,北投區,石牌,,117-58
北投區,振興,三,633,北投區,石牌,,117-56
北投區,振興,三,634,北投區,石牌,,117-55
北投區,振興,三,635,北投區,石牌,,117-54
北投區,振興,三,635-1,北投區,石牌,,117-54
北投區,振興,三,636,北投區,石牌,,117-64
北投區,振興,三,636-1,北投區,石牌,,117-64
北投區,振興,三,637,北投區,石牌,,117-63
北投區,振興,三,638,北投區,石牌,,117-59
北投區,振興,三,64,北投區,石牌,,18-31
北投區,振興,三,640,北投區,石牌,,93-32
北投區,振興,三,641,北投區,石牌,,112-103
北投區,振興,三,642,北投區,石牌,,112-102
北投區,振興,三,643,北投區,石牌,,112-10
北投區,振興,三,644,北投區,石牌,,112-11
北投區,振興,三,645,北投區,石牌,,112-6
北投區,振興,三,646,北投區,石牌,,112-47
北投區,振興,三,647,北投區,石牌,,112-8
北投區,振興,三,648,北投區,石牌,,112-30
北投區,振興,三,649,北投區,石牌,,112-45
北投區,振興,三,65,北投區,石牌,,18-30
北投區,振興,三,650,北投區,石牌,,112-7
北投區,振興,三,651,北投區,石牌,,112-41
北投區,振興,三,653,北投區,石牌,,110-22
北投區,振興,三,654,北投區,石牌,,109-3
北投區,振興,三,655,北投區,石牌,,109-51
北投區,振興,三,656,北投區,石牌,,109-52
北投區,振興,三,656-1,北投區,石牌,,110-105
北投區,振興,三,656-2,北投區,石牌,,110-29
北投區,振興,三,656-3,北投區,石牌,,109-7
北投區,振興,三,657,北投區,石牌,,109-5
北投區,振興,三,658,北投區,石牌,,109-36
北投區,振興,三,659,北投區,石牌,,109-37
北投區,振興,三,66,北投區,石牌,,18-29
北投區,振興,三,660,北投區,石牌,,109-38
北投區,振興,三,661,北投區,石牌,,110-75
北投區,振興,三,662,北投區,石牌,,110-76
北投區,振興,三,663,北投區,石牌,,110-34
北投區,振興,三,664,北投區,石牌,,110-35
北投區,振興,三,665,北投區,石牌,,110-36
北投區,振興,三,666,北投區,石牌,,110-37
北投區,振興,三,667,北投區,石牌,,110-38
北投區,振興,三,668,北投區,石牌,,110-39
北投區,振興,三,669,北投區,石牌,,110-40
北投區,振興,三,67,北投區,石牌,,18-28
北投區,振興,三,670,北投區,石牌,,110-41
北投區,振興,三,671,北投區,石牌,,110-42
北投區,振興,三,672,北投區,石牌,,110-14
北投區,振興,三,673,北投區,石牌,,110-26
北投區,振興,三,674,北投區,石牌,,110-25
北投區,振興,三,675,北投區,石牌,,110-24
北投區,振興,三,676,北投區,石牌,,110-23
北投區,振興,三,677,北投區,石牌,,110-106
北投區,振興,三,679,北投區,石牌,,112-3
北投區,振興,三,68,北投區,石牌,,18-27
北投區,振興,三,680,北投區,石牌,,112
北投區,振興,三,681,北投區,石牌,,112-68
北投區,振興,三,682,北投區,石牌,,112-69
北投區,振興,三,683,北投區,石牌,,112-70
北投區,振興,三,684,北投區,石牌,,110-128
北投區,振興,三,686,北投區,石牌,,111-1
北投區,振興,三,687,北投區,石牌,,111
北投區,振興,三,688,北投區,石牌,,111-29
北投區,振興,三,689,北投區,石牌,,112-72
北投區,振興,三,69,北投區,石牌,,18-26
北投區,振興,三,690,北投區,石牌,,112-1
北投區,振興,三,691,北投區,石牌,,112-74
北投區,振興,三,692,北投區,石牌,,112-67
北投區,振興,三,693,北投區,石牌,,112-61
北投區,振興,三,694,北投區,石牌,,112-60
北投區,振興,三,695,北投區,石牌,,112-59
北投區,振興,三,696,北投區,石牌,,112-48
北投區,振興,三,697,北投區,石牌,,112-63
北投區,振興,三,698,北投區,石牌,,112-80
北投區,振興,三,699,北投區,石牌,,112-81
北投區,振興,三,70,北投區,石牌,,18-4
北投區,振興,三,700,北投區,石牌,,112-82
北投區,振興,三,701,北投區,石牌,,112-85
北投區,振興,三,702,北投區,石牌,,112-86
北投區,振興,三,703,北投區,石牌,,112-88
北投區,振興,三,704,北投區,石牌,,112-87
北投區,振興,三,705,北投區,石牌,,112-84
北投區,振興,三,706,北投區,石牌,,112-83
北投區,振興,三,707,北投區,石牌,,120-52
北投區,振興,三,707-1,北投區,石牌,,120-52
北投區,振興,三,708,北投區,石牌,,118-4
北投區,振興,三,709,北投區,石牌,,118-48
北投區,振興,三,71,北投區,石牌,,29-14
北投區,振興,三,710,北投區,石牌,,118-5
北投區,振興,三,711,北投區,石牌,,118-10
北投區,振興,三,712,北投區,石牌,,118-6
北投區,振興,三,713,北投區,石牌,,118-7
北投區,振興,三,714,北投區,石牌,,118-8
北投區,振興,三,715,北投區,石牌,,118-9
北投區,振興,三,716,北投區,石牌,,118-11
北投區,振興,三,717,北投區,石牌,,118-12
北投區,振興,三,718,北投區,石牌,,118-13
北投區,振興,三,719,北投區,石牌,,118-14
北投區,振興,三,72,北投區,石牌,,17-4
北投區,振興,三,720,北投區,石牌,,118-15
北投區,振興,三,721,北投區,石牌,,118-16
北投區,振興,三,722,北投區,石牌,,112-89
北投區,振興,三,723,北投區,石牌,,112-90
北投區,振興,三,724,北投區,石牌,,112-94
北投區,振興,三,725,北投區,石牌,,118-17
北投區,振興,三,726,北投區,石牌,,118-18
北投區,振興,三,727,北投區,石牌,,118-19
北投區,振興,三,728,北投區,石牌,,118-20
北投區,振興,三,729,北投區,石牌,,118-21
北投區,振興,三,730,北投區,石牌,,118-22
北投區,振興,三,731,北投區,石牌,,118-23
北投區,振興,三,732,北投區,石牌,,118-24
北投區,振興,三,733,北投區,石牌,,118-25
北投區,振興,三,734,北投區,石牌,,118-26
北投區,振興,三,735,北投區,石牌,,118-27
北投區,振興,三,736,北投區,石牌,,118-47
北投區,振興,三,737,北投區,石牌,,111-4
北投區,振興,三,738,北投區,石牌,,118-28
北投區,振興,三,739,北投區,石牌,,118-29
北投區,振興,三,74,北投區,石牌,,15-34
北投區,振興,三,740,北投區,石牌,,118-30
北投區,振興,三,741,北投區,石牌,,118-31
北投區,振興,三,742,北投區,石牌,,118-32
北投區,振興,三,743,北投區,石牌,,118-50
北投區,振興,三,744,北投區,石牌,,118-55
北投區,振興,三,745,北投區,石牌,,118-33
北投區,振興,三,746,北投區,石牌,,118-34
北投區,振興,三,747,北投區,石牌,,118-57
北投區,振興,三,748,北投區,石牌,,118-54
北投區,振興,三,749,北投區,石牌,,118-35
北投區,振興,三,75,北投區,石牌,,15-75
北投區,振興,三,750,北投區,石牌,,118-36
北投區,振興,三,751,北投區,石牌,,118-37
北投區,振興,三,752,北投區,石牌,,111-23
北投區,振興,三,753,北投區,石牌,,111-24
北投區,振興,三,754,北投區,石牌,,118-38
北投區,振興,三,755,北投區,石牌,,118-39
北投區,振興,三,756,北投區,石牌,,118-40
北投區,振興,三,757,北投區,石牌,,118-41
北投區,振興,三,758,北投區,石牌,,118-58
北投區,振興,三,759,北投區,石牌,,118-61
北投區,振興,三,76,北投區,石牌,,15-76
北投區,振興,三,760,北投區,石牌,,118-59
北投區,振興,三,761,北投區,石牌,,118-42
北投區,振興,三,762,北投區,石牌,,118-43
北投區,振興,三,763,北投區,石牌,,118-65
北投區,振興,三,764,北投區,石牌,,118-53
北投區,振興,三,765,北投區,石牌,,118-44
北投區,振興,三,766,北投區,石牌,,118-45
北投區,振興,三,767,北投區,石牌,,111-26
北投區,振興,三,768,北投區,石牌,,111-25
北投區,振興,三,769,北投區,石牌,,111-3
北投區,振興,三,77,北投區,石牌,,15-77
北投區,振興,三,770,北投區,石牌,,111-22
北投區,振興,三,771,北投區,石牌,,111-21
北投區,振興,三,772,北投區,石牌,,111-14
北投區,振興,三,773,北投區,石牌,,111-13
北投區,振興,三,774,北投區,石牌,,111-19
北投區,振興,三,775,北投區,石牌,,111-20
北投區,振興,三,776,北投區,石牌,,111-18
北投區,振興,三,777,北投區,石牌,,111-17
北投區,振興,三,778,北投區,石牌,,111-15
北投區,振興,三,779,北投區,石牌,,111-16
北投區,振興,三,78,北投區,石牌,,15-78
北投區,振興,三,780,北投區,石牌,,111-27
北投區,振興,三,781,北投區,石牌,,112-92
北投區,振興,三,782,北投區,石牌,,112-91
北投區,振興,三,783,北投區,石牌,,112-49
北投區,振興,三,784,北投區,石牌,,111-7
北投區,振興,三,785,北投區,石牌,,111-8
北投區,振興,三,786,北投區,石牌,,111-6
北投區,振興,三,787,北投區,石牌,,111-5
北投區,振興,三,788,北投區,石牌,,111-9
北投區,振興,三,789,北投區,石牌,,111-12
北投區,振興,三,79,北投區,石牌,,15-79
北投區,振興,三,790,北投區,石牌,,111-11
北投區,振興,三,792,北投區,石牌,,111-28
北投區,振興,三,797,北投區,石牌,,111-10
北投區,振興,三,798,北投區,石牌,,111-2
北投區,振興,三,799,北投區,石牌,,110-88
北投區,振興,三,80,北投區,石牌,,7-66
北投區,振興,三,800,北投區,石牌,,110-13
北投區,振興,三,801,北投區,石牌,,110-1
北投區,振興,三,802,北投區,石牌,,110-51
北投區,振興,三,803,北投區,石牌,,110-12
北投區,振興,三,804,北投區,石牌,,110-55
北投區,振興,三,805,北投區,石牌,,120-51
北投區,振興,三,806,北投區,石牌,,110-50
北投區,振興,三,807,北投區,石牌,,110-72
北投區,振興,三,808,北投區,石牌,,110-71
北投區,振興,三,809,北投區,石牌,,110-70
北投區,振興,三,81,北投區,石牌,,7-65
北投區,振興,三,810,北投區,石牌,,110-69
北投區,振興,三,811,北投區,石牌,,110-68
北投區,振興,三,812,北投區,石牌,,110-67
北投區,振興,三,813,北投區,石牌,,110-66
北投區,振興,三,814,北投區,石牌,,110-65
北投區,振興,三,815,北投區,石牌,,110-46
北投區,振興,三,816,北投區,石牌,,110-45
北投區,振興,三,817,北投區,石牌,,110-7
北投區,振興,三,818,北投區,石牌,,110-6
北投區,振興,三,819,北投區,石牌,,70-210
北投區,振興,三,82,北投區,石牌,,65-77
北投區,振興,三,82-1,北投區,石牌,,65-148
北投區,振興,三,82-2,北投區,石牌,,65-192
北投區,振興,三,82-3,北投區,石牌,,65-193
北投區,振興,三,82-4,北投區,石牌,,65-147
北投區,振興,三,820,北投區,石牌,,110-2
北投區,振興,三,821,北投區,石牌,,65-66
北投區,振興,三,821-1,北投區,石牌,,70-1
北投區,振興,三,821-2,北投區,石牌,,110-57
北投區,振興,三,822,北投區,石牌,,65-65
北投區,振興,三,823,北投區,石牌,,65-69
北投區,振興,三,824,北投區,石牌,,70-178
北投區,振興,三,825,北投區,石牌,,110-58
北投區,振興,三,826,北投區,石牌,,110-59
北投區,振興,三,827,北投區,石牌,,110-60
北投區,振興,三,828,北投區,石牌,,110-61
北投區,振興,三,829,北投區,石牌,,110-62
北投區,振興,三,83,北投區,石牌,,65-132
北投區,振興,三,830,北投區,石牌,,110-47
北投區,振興,三,831,北投區,石牌,,110-48
北投區,振興,三,832,北投區,石牌,,110-49
北投區,振興,三,833,北投區,石牌,,110-64
北投區,振興,三,834,北投區,石牌,,120-39
北投區,振興,三,835,北投區,石牌,,110-127
北投區,振興,三,836,北投區,石牌,,62-14
北投區,振興,三,837,北投區,石牌,,62-10
北投區,振興,三,838,北投區,石牌,,62
北投區,振興,三,839,北投區,石牌,,63-47
北投區,振興,三,84,北投區,石牌,,7-67
北投區,振興,三,840,北投區,石牌,,65-72
北投區,振興,三,841,北投區,石牌,,65-72
北投區,振興,三,842,北投區,石牌,,65-71
北投區,振興,三,843,北投區,石牌,,65-71
北投區,振興,三,844,北投區,石牌,,65-70
北投區,振興,三,845,北投區,石牌,,65-70
北投區,振興,三,846,北投區,石牌,,65-68
北投區,振興,三,847,北投區,石牌,,65-68
北投區,振興,三,848,北投區,石牌,,65-64
北投區,振興,三,849,北投區,石牌,,65-63
北投區,振興,三,85,北投區,石牌,,7-68
北投區,振興,三,850,北投區,石牌,,65-63
北投區,振興,三,851,北投區,石牌,,65-62
北投區,振興,三,852,北投區,石牌,,65-62
北投區,振興,三,853,北投區,石牌,,63-4
北投區,振興,三,854,北投區,石牌,,63-4
北投區,振興,三,855,北投區,石牌,,65-20
北投區,振興,三,856,北投區,石牌,,65-19
北投區,振興,三,857,北投區,石牌,,63-56
北投區,振興,三,858,北投區,石牌,,65-18
北投區,振興,三,859,北投區,石牌,,63-55
北投區,振興,三,86,北投區,石牌,,15-83
北投區,振興,三,860,北投區,石牌,,63-35
北投區,振興,三,861,北投區,石牌,,63-34
北投區,振興,三,862,北投區,石牌,,63-33
北投區,振興,三,863,北投區,石牌,,63-32
北投區,振興,三,864,北投區,石牌,,63-3
北投區,振興,三,865,北投區,石牌,,687
北投區,振興,三,866,北投區,石牌,,64
北投區,振興,三,867,北投區,石牌,,53-15
北投區,振興,三,868,北投區,石牌,,53-14
北投區,振興,三,87,北投區,石牌,,15-82
北投區,振興,三,870,北投區,石牌,,61-6
北投區,振興,三,871,北投區,石牌,,61-1
北投區,振興,三,873,北投區,石牌,,63-5
北投區,振興,三,874,北投區,石牌,,63-36
北投區,振興,三,875,北投區,石牌,,63-37
北投區,振興,三,876,北投區,石牌,,63-38
北投區,振興,三,877,北投區,石牌,,63-39
北投區,振興,三,878,北投區,石牌,,63-18
北投區,振興,三,879,北投區,石牌,,63-7
北投區,振興,三,88,北投區,石牌,,15-81
北投區,振興,三,880,北投區,石牌,,62-7
北投區,振興,三,881,北投區,石牌,,62-9
北投區,振興,三,882,北投區,石牌,,688
北投區,振興,三,883,北投區,石牌,,53-20
北投區,振興,三,884,北投區,石牌,,54-9
北投區,振興,三,885,北投區,石牌,,54-8
北投區,振興,三,886,北投區,石牌,,53-21
北投區,振興,三,888,北投區,石牌,,61-2
北投區,振興,三,889,北投區,石牌,,61-5
北投區,振興,三,89,北投區,石牌,,17-5
北投區,振興,三,891,北投區,石牌,,56-5
北投區,振興,三,892,北投區,石牌,,57-1
北投區,振興,三,893,北投區,石牌,,60-2
北投區,振興,三,894,北投區,石牌,,57
北投區,振興,三,895,北投區,石牌,,60-1
北投區,振興,三,896,北投區,石牌,,61
北投區,振興,三,897,北投區,石牌,,61-3
北投區,振興,三,898,北投區,石牌,,61-9
北投區,振興,三,9,北投區,石牌,,15-31
北投區,振興,三,90,北投區,石牌,,684
北投區,振興,三,900,北投區,石牌,,62-8
北投區,振興,三,901,北投區,石牌,,126-22
北投區,振興,三,901-1,北投區,石牌,,725
北投區,振興,三,901-2,北投區,石牌,,126-24
北投區,振興,三,901-3,北投區,石牌,,126-23
北投區,振興,三,902,北投區,石牌,,61-4
北投區,振興,三,903,北投區,石牌,,59
北投區,振興,三,904,北投區,石牌,,60
北投區,振興,三,905,北投區,石牌,,59-1
北投區,振興,三,907,北投區,石牌,,126-11
北投區,振興,三,908,北投區,石牌,,126-1
北投區,振興,三,909,北投區,石牌,,126-4
北投區,振興,三,91,北投區,石牌,,15-86
北投區,振興,三,910,北投區,石牌,,126
北投區,振興,三,911,北投區,石牌,,126-5
北投區,振興,三,912,北投區,石牌,,126-8
北投區,振興,三,913,北投區,石牌,,126-9
北投區,振興,三,914,北投區,石牌,,126-6
北投區,振興,三,915,北投區,石牌,,126-7
北投區,振興,三,916,北投區,石牌,,126-10
北投區,振興,三,917,北投區,石牌,,62-5
北投區,振興,三,918,北投區,石牌,,62-4
北投區,振興,三,919,北投區,石牌,,62-3
北投區,振興,三,92,北投區,石牌,,15-112
北投區,振興,三,920,北投區,石牌,,62-2
北投區,振興,三,921,北投區,石牌,,62-1
北投區,振興,三,922,北投區,石牌,,127
北投區,振興,三,923,北投區,石牌,,126-13
北投區,振興,三,924,北投區,石牌,,126-28
北投區,振興,三,925,北投區,石牌,,126-14
北投區,振興,三,926,北投區,石牌,,126-15
北投區,振興,三,927,北投區,石牌,,126-16
北投區,振興,三,928,北投區,石牌,,126-17
北投區,振興,三,929,北投區,石牌,,126-18
北投區,振興,三,93,北投區,石牌,,7-71
北投區,振興,三,930,北投區,石牌,,126-19
北投區,振興,三,931,北投區,石牌,,126-20
北投區,振興,三,932,北投區,石牌,,126-21
北投區,振興,三,933,北投區,石牌,,126-12
北投區,振興,三,934,北投區,石牌,,126-27
北投區,振興,三,935,北投區,石牌,,126-2
北投區,振興,三,937,北投區,石牌,,59-2
北投區,振興,三,938,北投區,石牌,,58
北投區,振興,三,939,北投區,石牌,,58-2
北投區,振興,三,94,北投區,石牌,,7-70
北投區,振興,三,940,北投區,石牌,,58-3
北投區,振興,三,941,北投區,石牌,,58-4
北投區,振興,三,942,北投區,石牌,,58-1
北投區,振興,三,943,北投區,石牌,,136
北投區,振興,三,944,北投區,石牌,,136-2
北投區,振興,三,945,北投區,石牌,,126-26
北投區,振興,三,946,北投區,石牌,,126-3
北投區,振興,三,947,北投區,石牌,,126-26
北投區,振興,三,948,北投區,石牌,,136-1
北投區,振興,三,949,北投區,石牌,,126-25
北投區,振興,三,95,北投區,石牌,,65-134
北投區,振興,三,950,北投區,石牌,,135-2
北投區,振興,三,951,北投區,石牌,,135-1
北投區,振興,三,952,北投區,石牌,,135-3
北投區,振興,三,953,北投區,石牌,,135-6
北投區,振興,三,954,北投區,石牌,,135-7
北投區,振興,三,955,北投區,石牌,,134-1
北投區,振興,三,956,北投區,石牌,,129
北投區,振興,三,957,北投區,石牌,,129
北投區,振興,三,958,北投區,石牌,,132-3
北投區,振興,三,959,北投區,石牌,,132-3
北投區,振興,三,96,北投區,石牌,,65-135
北投區,振興,三,960,北投區,石牌,,135-4
北投區,振興,三,961,北投區,石牌,,135-4
北投區,振興,三,963,北投區,石牌,,127-2
北投區,振興,三,964,北投區,石牌,,127-2
北投區,振興,三,966,北投區,石牌,,127-5
北投區,振興,三,967,北投區,石牌,,127-4
北投區,振興,三,968,北投區,石牌,,127-6
北投區,振興,三,969,北投區,石牌,,127-3
北投區,振興,三,97,北投區,石牌,,65-136
北投區,振興,三,971,北投區,石牌,,120-1
北投區,振興,三,972,北投區,石牌,,120-11
北投區,振興,三,973,北投區,石牌,,119-3
北投區,振興,三,974,北投區,石牌,,120
北投區,振興,三,975,北投區,石牌,,120-32
北投區,振興,三,976,北投區,石牌,,119-7
北投區,振興,三,977,北投區,石牌,,120-31
北投區,振興,三,978,北投區,石牌,,120-30
北投區,振興,三,979,北投區,石牌,,120-29
北投區,振興,三,98,北投區,石牌,,66-2
北投區,振興,三,980,北投區,石牌,,120-16
北投區,振興,三,981,北投區,石牌,,120-15
北投區,振興,三,982,北投區,石牌,,120-14
北投區,振興,三,983,北投區,石牌,,120-13
北投區,振興,三,984,北投區,石牌,,120-12
北投區,振興,三,985,北投區,石牌,,120-18
北投區,振興,三,986,北投區,石牌,,120-8
北投區,振興,三,987,北投區,石牌,,120-7
北投區,振興,三,988,北投區,石牌,,120-24
北投區,振興,三,989,北投區,石牌,,120-25
北投區,振興,三,99,北投區,石牌,,7-73
北投區,振興,三,990,北投區,石牌,,120-6
北投區,振興,三,991,北投區,石牌,,120-5
北投區,振興,三,992,北投區,石牌,,120-26
北投區,振興,三,993,北投區,石牌,,120-47
北投區,振興,三,994,北投區,石牌,,120-27
北投區,振興,三,995,北投區,石牌,,120-28
北投區,振興,三,996,北投區,石牌,,120-48
北投區,振興,三,997,北投區,石牌,,120-49
北投區,振興,三,998,北投區,石牌,,120-50
北投區,振興,三,999,北投區,石牌,,726
北投區,振興,二,1,北投區,唭哩岸,,243
北投區,振興,二,10,北投區,唭哩岸,,244-1
北投區,振興,二,100,北投區,石牌,,67-29
北投區,振興,二,101,北投區,石牌,,7-2
北投區,振興,二,102,北投區,石牌,,7-2
北投區,振興,二,103,北投區,石牌,,70
北投區,振興,二,104,北投區,石牌,,70
北投區,振興,二,105,北投區,石牌,,67-25
北投區,振興,二,106,北投區,石牌,,67-25
北投區,振興,二,107,北投區,石牌,,67-30
北投區,振興,二,108,北投區,石牌,,67-35
北投區,振興,二,109,北投區,石牌,,67-45
北投區,振興,二,11,北投區,唭哩岸,,244-1
北投區,振興,二,110,北投區,石牌,,67-46
北投區,振興,二,111,北投區,石牌,,67-34
北投區,振興,二,112,北投區,石牌,,67-31
北投區,振興,二,113,北投區,石牌,,67-24
北投區,振興,二,114,北投區,石牌,,67-24
北投區,振興,二,115,北投區,石牌,,67-8
北投區,振興,二,116,北投區,石牌,,67-8
北投區,振興,二,117,北投區,石牌,,67-32
北投區,振興,二,118,北投區,石牌,,67-33
北投區,振興,二,119,北投區,石牌,,67-47
北投區,振興,二,12,北投區,唭哩岸,,273-12
北投區,振興,二,120,北投區,石牌,,72
北投區,振興,二,121,北投區,石牌,,70-38
北投區,振興,二,122,北投區,唭哩岸,,268-10
北投區,振興,二,123,北投區,唭哩岸,,276-3
北投區,振興,二,125,北投區,石牌,,70-61
北投區,振興,二,126,北投區,石牌,,70-183
北投區,振興,二,127,北投區,石牌,,70-193
北投區,振興,二,128,北投區,石牌,,70-192
北投區,振興,二,129,北投區,石牌,,70-184
北投區,振興,二,13,北投區,唭哩岸,,273-13
北投區,振興,二,130,北投區,石牌,,70-182
北投區,振興,二,131,北投區,石牌,,72-45
北投區,振興,二,132,北投區,石牌,,70-185
北投區,振興,二,133,北投區,石牌,,70-191
北投區,振興,二,134,北投區,石牌,,70-186
北投區,振興,二,135,北投區,石牌,,70-44
北投區,振興,二,136,北投區,石牌,,72-43
北投區,振興,二,137,北投區,石牌,,70-190
北投區,振興,二,138,北投區,石牌,,70-189
北投區,振興,二,139,北投區,石牌,,70-188
北投區,振興,二,14,北投區,唭哩岸,,273-14
北投區,振興,二,140,北投區,石牌,,72-51
北投區,振興,二,141,北投區,石牌,,72-42
北投區,振興,二,143,北投區,石牌,,72-52
北投區,振興,二,144,北投區,石牌,,70-187
北投區,振興,二,145,北投區,石牌,,72-54
北投區,振興,二,146,北投區,石牌,,72-53
北投區,振興,二,148,北投區,石牌,,73-6
北投區,振興,二,149,北投區,石牌,,70-102
北投區,振興,二,15,北投區,唭哩岸,,273-16
北投區,振興,二,150,北投區,石牌,,67-9
北投區,振興,二,151,北投區,石牌,,67-53
北投區,振興,二,152,北投區,石牌,,67-54
北投區,振興,二,153,北投區,石牌,,67-67
北投區,振興,二,154,北投區,石牌,,67-68
北投區,振興,二,155,北投區,石牌,,67-69
北投區,振興,二,156,北投區,石牌,,67-66
北投區,振興,二,157,北投區,石牌,,67-55
北投區,振興,二,158,北投區,石牌,,67-52
北投區,振興,二,159,北投區,石牌,,67-51
北投區,振興,二,16,北投區,唭哩岸,,273-17
北投區,振興,二,160,北投區,石牌,,67-56
北投區,振興,二,161,北投區,石牌,,67-65
北投區,振興,二,162,北投區,石牌,,67-70
北投區,振興,二,163,北投區,石牌,,67-71
北投區,振興,二,164,北投區,石牌,,67-64
北投區,振興,二,165,北投區,石牌,,67-57
北投區,振興,二,166,北投區,石牌,,67-50
北投區,振興,二,167,北投區,石牌,,67-49
北投區,振興,二,168,北投區,石牌,,67-58
北投區,振興,二,169,北投區,石牌,,67-63
北投區,振興,二,17,北投區,唭哩岸,,273-19
北投區,振興,二,170,北投區,石牌,,67-72
北投區,振興,二,171,北投區,石牌,,67-73
北投區,振興,二,172,北投區,石牌,,67-62
北投區,振興,二,173,北投區,石牌,,67-59
北投區,振興,二,174,北投區,石牌,,67-48
北投區,振興,二,175,北投區,石牌,,67-10
北投區,振興,二,176,北投區,石牌,,67-60
北投區,振興,二,177,北投區,石牌,,67-61
北投區,振興,二,178,北投區,石牌,,67-74
北投區,振興,二,179,北投區,石牌,,70-114
北投區,振興,二,18,北投區,唭哩岸,,273-20
北投區,振興,二,180,北投區,石牌,,70-113
北投區,振興,二,181,北投區,石牌,,70-120
北投區,振興,二,182,北投區,石牌,,70-121
北投區,振興,二,183,北投區,石牌,,70-122
北投區,振興,二,184,北投區,石牌,,70-94
北投區,振興,二,185,北投區,石牌,,70-82
北投區,振興,二,186,北投區,石牌,,70-81
北投區,振興,二,187,北投區,石牌,,70-51
北投區,振興,二,188,北投區,石牌,,70-67
北投區,振興,二,189,北投區,石牌,,70-80
北投區,振興,二,19,北投區,唭哩岸,,273-22
北投區,振興,二,190,北投區,石牌,,70-83
北投區,振興,二,191,北投區,石牌,,70-93
北投區,振興,二,192,北投區,石牌,,70-92
北投區,振興,二,193,北投區,石牌,,70-84
北投區,振興,二,194,北投區,石牌,,70-79
北投區,振興,二,195,北投區,石牌,,70-68
北投區,振興,二,196,北投區,石牌,,70-69
北投區,振興,二,197,北投區,石牌,,70-78
北投區,振興,二,198,北投區,石牌,,70-85
北投區,振興,二,199,北投區,石牌,,70-91
北投區,振興,二,2,北投區,唭哩岸,,242-2
北投區,振興,二,20,北投區,唭哩岸,,273-23
北投區,振興,二,200,北投區,石牌,,70-90
北投區,振興,二,201,北投區,石牌,,70-86
北投區,振興,二,202,北投區,石牌,,70-77
北投區,振興,二,203,北投區,石牌,,70-70
北投區,振興,二,204,北投區,石牌,,70-71
北投區,振興,二,205,北投區,石牌,,70-76
北投區,振興,二,206,北投區,石牌,,70-87
北投區,振興,二,207,北投區,石牌,,70-89
北投區,振興,二,208,北投區,石牌,,70-75
北投區,振興,二,209,北投區,石牌,,70-72
北投區,振興,二,21,北投區,唭哩岸,,273-10
北投區,振興,二,210,北投區,石牌,,70-73
北投區,振興,二,211,北投區,石牌,,70-74
北投區,振興,二,212,北投區,石牌,,70-88
北投區,振興,二,213,北投區,石牌,,70-95
北投區,振興,二,214,北投區,石牌,,70-28
北投區,振興,二,215,北投區,石牌,,70-214
北投區,振興,二,216,北投區,石牌,,67-80
北投區,振興,二,217,北投區,石牌,,67-81
北投區,振興,二,218,北投區,石牌,,67-94
北投區,振興,二,219,北投區,石牌,,67-93
北投區,振興,二,22,北投區,唭哩岸,,233-25
北投區,振興,二,220,北投區,石牌,,67-82
北投區,振興,二,221,北投區,石牌,,67-79
北投區,振興,二,222,北投區,石牌,,67-78
北投區,振興,二,223,北投區,石牌,,67-83
北投區,振興,二,224,北投區,石牌,,67-92
北投區,振興,二,225,北投區,石牌,,67-91
北投區,振興,二,226,北投區,石牌,,67-84
北投區,振興,二,227,北投區,石牌,,67-77
北投區,振興,二,228,北投區,石牌,,67-76
北投區,振興,二,229,北投區,石牌,,67-85
北投區,振興,二,23,北投區,唭哩岸,,274-8
北投區,振興,二,230,北投區,石牌,,67-90
北投區,振興,二,231,北投區,石牌,,67-89
北投區,振興,二,232,北投區,石牌,,67-86
北投區,振興,二,233,北投區,石牌,,67-75
北投區,振興,二,234,北投區,石牌,,67-12
北投區,振興,二,235,北投區,石牌,,67-87
北投區,振興,二,236,北投區,石牌,,67-88
北投區,振興,二,237,北投區,石牌,,70-126
北投區,振興,二,238,北投區,石牌,,70-155
北投區,振興,二,239,北投區,石牌,,69-30
北投區,振興,二,24,北投區,唭哩岸,,274
北投區,振興,二,240,北投區,石牌,,69-28
北投區,振興,二,241,北投區,石牌,,67-13
北投區,振興,二,242,北投區,石牌,,69-11
北投區,振興,二,243,北投區,石牌,,69-27
北投區,振興,二,247,北投區,石牌,,70-194
北投區,振興,二,248,北投區,石牌,,70-195
北投區,振興,二,249,北投區,石牌,,70-160
北投區,振興,二,250,北投區,石牌,,70-196
北投區,振興,二,251,北投區,石牌,,70-197
北投區,振興,二,252,北投區,石牌,,70-157
北投區,振興,二,253,北投區,石牌,,70-47
北投區,振興,二,254,北投區,石牌,,69-16
北投區,振興,二,255,北投區,石牌,,69-12
北投區,振興,二,256,北投區,石牌,,69-13
北投區,振興,二,257,北投區,石牌,,69-18
北投區,振興,二,26,北投區,唭哩岸,,261-15
北投區,振興,二,260,北投區,石牌,,69-19
北投區,振興,二,261,北投區,石牌,,69-22
北投區,振興,二,262,北投區,石牌,,69-21
北投區,振興,二,263,北投區,石牌,,69-1
北投區,振興,二,265,北投區,石牌,,70-158
北投區,振興,二,267,北投區,石牌,,70-202
北投區,振興,二,27,北投區,唭哩岸,,261-16
北投區,振興,二,274,北投區,石牌,,101-56
北投區,振興,二,275,北投區,石牌,,101-160
北投區,振興,二,276,北投區,石牌,,101-145
北投區,振興,二,28,北投區,唭哩岸,,261-22
北投區,振興,二,285,北投區,石牌,,70-200
北投區,振興,二,286,北投區,石牌,,70-200
北投區,振興,二,29,北投區,唭哩岸,,261-13
北投區,振興,二,290,北投區,石牌,,101-6
北投區,振興,二,291,北投區,石牌,,101-2
北投區,振興,二,3,北投區,唭哩岸,,244
北投區,振興,二,3-1,北投區,唭哩岸,,778
北投區,振興,二,3-2,北投區,唭哩岸,,245
北投區,振興,二,30,北投區,唭哩岸,,261-12
北投區,振興,二,300,北投區,石牌,,98-1
北投區,振興,二,301,北投區,石牌,,97-1
北投區,振興,二,303,北投區,石牌,,96
北投區,振興,二,304,北投區,石牌,,95-13
北投區,振興,二,306,北投區,石牌,,95-13
北投區,振興,二,308,北投區,石牌,,72-72
北投區,振興,二,31,北投區,唭哩岸,,261-14
北投區,振興,二,31-1,北投區,唭哩岸,,261-14
北投區,振興,二,310,北投區,石牌,,73-12
北投區,振興,二,311,北投區,石牌,,73-14
北投區,振興,二,312,北投區,石牌,,73-14
北投區,振興,二,313,北投區,石牌,,73-11
北投區,振興,二,315,北投區,石牌,,72-71
北投區,振興,二,317,北投區,石牌,,95-15
北投區,振興,二,319,北投區,石牌,,95-14
北投區,振興,二,32,北投區,唭哩岸,,286-2
北投區,振興,二,320,北投區,石牌,,95-14
北投區,振興,二,322,北投區,石牌,,96-1
北投區,振興,二,323,北投區,石牌,,96-8
北投區,振興,二,324,北投區,石牌,,96-8
北投區,振興,二,325,北投區,石牌,,96-7
北投區,振興,二,326,北投區,石牌,,96-9
北投區,振興,二,327,北投區,石牌,,96-6
北投區,振興,二,328,北投區,石牌,,97-8
北投區,振興,二,329,北投區,石牌,,96-5
北投區,振興,二,33,北投區,唭哩岸,,286-1
北投區,振興,二,330,北投區,石牌,,98-4
北投區,振興,二,331,北投區,石牌,,98-5
北投區,振興,二,332,北投區,石牌,,96-4
北投區,振興,二,333,北投區,石牌,,96-3
北投區,振興,二,334,北投區,石牌,,97-9
北投區,振興,二,335,北投區,石牌,,98
北投區,振興,二,336,北投區,石牌,,97-3
北投區,振興,二,337,北投區,石牌,,95
北投區,振興,二,338,北投區,石牌,,95
北投區,振興,二,339,北投區,石牌,,70-199
北投區,振興,二,34,北投區,唭哩岸,,285-3
北投區,振興,二,34-1,北投區,唭哩岸,,285-17
北投區,振興,二,34-2,北投區,唭哩岸,,285-18
北投區,振興,二,34-3,北投區,唭哩岸,,285-19
北投區,振興,二,34-4,北投區,唭哩岸,,285-20
北投區,振興,二,34-5,北投區,唭哩岸,,285-21
北投區,振興,二,34-6,北投區,唭哩岸,,285-22
北投區,振興,二,34-7,北投區,唭哩岸,,285-23
北投區,振興,二,34-8,北投區,唭哩岸,,285-24
北投區,振興,二,34-9,北投區,唭哩岸,,285-25
北投區,振興,二,340,北投區,石牌,,70-199
北投區,振興,二,341,北投區,石牌,,97-2
北投區,振興,二,349,北投區,石牌,,73-64
北投區,振興,二,35,北投區,唭哩岸,,285-1
北投區,振興,二,350,北投區,石牌,,73-66
北投區,振興,二,351,北投區,石牌,,73-68
北投區,振興,二,354,北投區,石牌,,72-30
北投區,振興,二,355,北投區,石牌,,72-39
北投區,振興,二,356,北投區,石牌,,72-38
北投區,振興,二,357,北投區,石牌,,72-37
北投區,振興,二,358,北投區,石牌,,73-10
北投區,振興,二,36,北投區,唭哩岸,,285-15
北投區,振興,二,361,北投區,石牌,,72-36
北投區,振興,二,362,北投區,石牌,,72-35
北投區,振興,二,363,北投區,石牌,,72-18
北投區,振興,二,365,北投區,唭哩岸,,239-36
北投區,振興,二,367,北投區,唭哩岸,,239-16
北投區,振興,二,368,北投區,石牌,,73
北投區,振興,二,369,北投區,石牌,,73-8
北投區,振興,二,37,北投區,唭哩岸,,285-14
北投區,振興,二,371,北投區,石牌,,73-27
北投區,振興,二,373,北投區,石牌,,73-60
北投區,振興,二,374,北投區,石牌,,73-25
北投區,振興,二,375,北投區,石牌,,73-28
北投區,振興,二,376,北投區,石牌,,73-24
北投區,振興,二,377,北投區,石牌,,73-23
北投區,振興,二,379,北投區,石牌,,73-3
北投區,振興,二,38,北投區,唭哩岸,,285-13
北投區,振興,二,382,北投區,石牌,,73-21
北投區,振興,二,383,北投區,石牌,,73-22
北投區,振興,二,384,北投區,石牌,,74-25
北投區,振興,二,385,北投區,石牌,,74-13
北投區,振興,二,386,北投區,石牌,,73-58
北投區,振興,二,387,北投區,石牌,,73-59
北投區,振興,二,388,北投區,石牌,,74-1
北投區,振興,二,389,北投區,石牌,,74
北投區,振興,二,39,北投區,唭哩岸,,285-12
北投區,振興,二,390,北投區,唭哩岸,,239-24
北投區,振興,二,391,北投區,唭哩岸,,276-5
北投區,振興,二,392,北投區,唭哩岸,,276-6
北投區,振興,二,393,北投區,唭哩岸,,239-34
北投區,振興,二,394,北投區,唭哩岸,,239-20
北投區,振興,二,395,北投區,唭哩岸,,278
北投區,振興,二,396,北投區,石牌,,75-4
北投區,振興,二,397,北投區,石牌,,75-192
北投區,振興,二,398,北投區,唭哩岸,,277-5
北投區,振興,二,399,北投區,唭哩岸,,239-27
北投區,振興,二,40,北投區,唭哩岸,,285-11
北投區,振興,二,400,北投區,唭哩岸,,239-27
北投區,振興,二,401,北投區,唭哩岸,,278-3
北投區,振興,二,402,北投區,石牌,,77-24
北投區,振興,二,403,北投區,石牌,,77-26
北投區,振興,二,404,北投區,石牌,,77-6
北投區,振興,二,405,北投區,石牌,,77-7
北投區,振興,二,406,北投區,石牌,,77-8
北投區,振興,二,407,北投區,石牌,,77-9
北投區,振興,二,408,北投區,石牌,,77-11
北投區,振興,二,409,北投區,石牌,,77-1
北投區,振興,二,41,北投區,唭哩岸,,285-10
北投區,振興,二,410,北投區,石牌,,77-25
北投區,振興,二,411,北投區,石牌,,77-23
北投區,振興,二,412,北投區,石牌,,77-22
北投區,振興,二,413,北投區,石牌,,77-2
北投區,振興,二,414,北投區,石牌,,75-167
北投區,振興,二,415,北投區,石牌,,75-166
北投區,振興,二,416,北投區,石牌,,75-165
北投區,振興,二,417,北投區,石牌,,75-163
北投區,振興,二,418,北投區,石牌,,74-39
北投區,振興,二,419,北投區,石牌,,74-40
北投區,振興,二,42,北投區,唭哩岸,,285-9
北投區,振興,二,420,北投區,石牌,,74-42
北投區,振興,二,421,北投區,石牌,,74-41
北投區,振興,二,422,北投區,石牌,,75-170
北投區,振興,二,423,北投區,石牌,,75-251
北投區,振興,二,424,北投區,石牌,,75-168
北投區,振興,二,425,北投區,石牌,,75-44
北投區,振興,二,426,北投區,石牌,,75-28
北投區,振興,二,427,北投區,石牌,,75-27
北投區,振興,二,428,北投區,石牌,,75-26
北投區,振興,二,429,北投區,石牌,,75-25
北投區,振興,二,43,北投區,唭哩岸,,285-8
北投區,振興,二,430,北投區,石牌,,75-24
北投區,振興,二,431,北投區,石牌,,75-23
北投區,振興,二,432,北投區,石牌,,75-187
北投區,振興,二,433,北投區,石牌,,75
北投區,振興,二,434,北投區,石牌,,72-31
北投區,振興,二,435,北投區,石牌,,73-15
北投區,振興,二,436,北投區,石牌,,73-31
北投區,振興,二,44,北投區,唭哩岸,,285-7
北投區,振興,二,45,北投區,唭哩岸,,285-6
北投區,振興,二,46,北投區,唭哩岸,,285-28
北投區,振興,二,47,北投區,唭哩岸,,267-48
北投區,振興,二,48,北投區,唭哩岸,,277-2
北投區,振興,二,482,北投區,石牌,,94
北投區,振興,二,483,北投區,石牌,,93-26
北投區,振興,二,484,北投區,石牌,,95-18
北投區,振興,二,487,北投區,石牌,,95-17
北投區,振興,二,488,北投區,石牌,,95-17
北投區,振興,二,491,北投區,石牌,,95-4
北投區,振興,二,493,北投區,石牌,,101-23
北投區,振興,二,494,北投區,石牌,,101-23
北投區,振興,二,495,北投區,石牌,,101-51
北投區,振興,二,497,北投區,石牌,,101-24
北投區,振興,二,498-1,北投區,石牌,,101-131
北投區,振興,二,499,北投區,石牌,,101-53
北投區,振興,二,5,北投區,唭哩岸,,241-9
北投區,振興,二,50,北投區,唭哩岸,,284-41
北投區,振興,二,500,北投區,石牌,,712
北投區,振興,二,501,北投區,石牌,,93-27
北投區,振興,二,502,北投區,石牌,,93-10
北投區,振興,二,505,北投區,石牌,,695
北投區,振興,二,506-1,北投區,石牌,,93-25
北投區,振興,二,507-1,北投區,石牌,,93-24
北投區,振興,二,508-1,北投區,石牌,,93-5
北投區,振興,二,509-1,北投區,石牌,,93-11
北投區,振興,二,510-1,北投區,石牌,,93-4
北投區,振興,二,511-1,北投區,石牌,,93-2
北投區,振興,二,519,北投區,石牌,,93-9
北投區,振興,二,519-1,北投區,石牌,,72-90
北投區,振興,二,519-2,北投區,石牌,,94-2
北投區,振興,二,519-3,北投區,石牌,,74-43
北投區,振興,二,52,北投區,唭哩岸,,285
北投區,振興,二,53,北投區,唭哩岸,,277
北投區,振興,二,54,北投區,唭哩岸,,276-1
北投區,振興,二,55,北投區,唭哩岸,,277-3
北投區,振興,二,56,北投區,石牌,,77-3
北投區,振興,二,56-1,北投區,唭哩岸,,284-13
北投區,振興,二,56-10,北投區,唭哩岸,,284-6
北投區,振興,二,56-2,北投區,唭哩岸,,284-3
北投區,振興,二,56-3,北投區,唭哩岸,,284-25
北投區,振興,二,56-4,北投區,唭哩岸,,284-24
北投區,振興,二,56-5,北投區,唭哩岸,,284-24
北投區,振興,二,56-6,北投區,唭哩岸,,284
北投區,振興,二,56-7,北投區,唭哩岸,,284-35
北投區,振興,二,56-8,北投區,唭哩岸,,284-36
北投區,振興,二,56-9,北投區,唭哩岸,,284-37
北投區,振興,二,57,北投區,唭哩岸,,277-4
北投區,振興,二,58,北投區,唭哩岸,,277-7
北投區,振興,二,59,北投區,唭哩岸,,277-8
北投區,振興,二,6,北投區,唭哩岸,,6
北投區,振興,二,60,北投區,唭哩岸,,277-9
北投區,振興,二,61,北投區,唭哩岸,,277-10
北投區,振興,二,62,北投區,唭哩岸,,277-11
北投區,振興,二,63,北投區,唭哩岸,,277-12
北投區,振興,二,64,北投區,唭哩岸,,277-13
北投區,振興,二,65,北投區,唭哩岸,,277-14
北投區,振興,二,66,北投區,唭哩岸,,277-15
北投區,振興,二,67,北投區,唭哩岸,,277-16
北投區,振興,二,68,北投區,唭哩岸,,277-17
北投區,振興,二,69,北投區,唭哩岸,,277-18
北投區,振興,二,7,北投區,唭哩岸,,7-42
北投區,振興,二,70,北投區,唭哩岸,,279-1
北投區,振興,二,71,北投區,唭哩岸,,277-29
北投區,振興,二,72,北投區,唭哩岸,,277-28
北投區,振興,二,73,北投區,唭哩岸,,277-19
北投區,振興,二,74,北投區,唭哩岸,,277-27
北投區,振興,二,75,北投區,唭哩岸,,277-26
北投區,振興,二,76,北投區,唭哩岸,,277-25
北投區,振興,二,77,北投區,唭哩岸,,277-20
北投區,振興,二,78,北投區,唭哩岸,,277-21
北投區,振興,二,79,北投區,唭哩岸,,277-22
北投區,振興,二,8,北投區,唭哩岸,,269
北投區,振興,二,80,北投區,唭哩岸,,277-23
北投區,振興,二,81,北投區,唭哩岸,,277-24
北投區,振興,二,82,北投區,唭哩岸,,239-19
北投區,振興,二,83,北投區,石牌,,7-36
北投區,振興,二,84,北投區,石牌,,7-37
北投區,振興,二,85,北投區,石牌,,7-56
北投區,振興,二,86,北投區,石牌,,7-50
北投區,振興,二,87,北投區,石牌,,7-51
北投區,振興,二,88,北投區,石牌,,67-42
北投區,振興,二,89,北投區,石牌,,7-49
北投區,振興,二,9,北投區,唭哩岸,,269
北投區,振興,二,90,北投區,石牌,,7-48
北投區,振興,二,91,北投區,石牌,,7-54
北投區,振興,二,92,北投區,唭哩岸,,268-8
北投區,振興,二,93,北投區,唭哩岸,,268-9
北投區,振興,二,94,北投區,石牌,,7-46
北投區,振興,二,95,北投區,石牌,,7-47
北投區,振興,二,96,北投區,石牌,,67-37
北投區,振興,二,97,北投區,石牌,,67-43
北投區,振興,二,98,北投區,石牌,,67-44
北投區,振興,二,99,北投區,石牌,,67-36
北投區,振興,四,1,北投區,唭哩岸,,285-2
北投區,振興,四,100,北投區,石牌,,75-100
北投區,振興,四,101,北投區,石牌,,75-101
北投區,振興,四,102,北投區,石牌,,75-102
北投區,振興,四,103,北投區,石牌,,75-103
北投區,振興,四,104,北投區,石牌,,75-104
北投區,振興,四,105,北投區,石牌,,75-105
北投區,振興,四,106,北投區,石牌,,75-106
北投區,振興,四,107,北投區,石牌,,75-107
北投區,振興,四,108,北投區,石牌,,75-30
北投區,振興,四,109,北投區,石牌,,75-31
北投區,振興,四,11,北投區,唭哩岸,,285-24
北投區,振興,四,110,北投區,石牌,,75-20
北投區,振興,四,111,北投區,石牌,,75-237
北投區,振興,四,112,北投區,石牌,,75-124
北投區,振興,四,113,北投區,石牌,,75-123
北投區,振興,四,114,北投區,石牌,,75-122
北投區,振興,四,115,北投區,石牌,,75-121
北投區,振興,四,116,北投區,石牌,,75-120
北投區,振興,四,117,北投區,石牌,,75-119
北投區,振興,四,118,北投區,石牌,,75-118
北投區,振興,四,119,北投區,石牌,,75-117
北投區,振興,四,12,北投區,唭哩岸,,285-25
北投區,振興,四,120,北投區,石牌,,75-116
北投區,振興,四,121,北投區,石牌,,75-115
北投區,振興,四,122,北投區,石牌,,75-114
北投區,振興,四,123,北投區,石牌,,75-113
北投區,振興,四,124,北投區,石牌,,75-112
北投區,振興,四,125,北投區,石牌,,75-111
北投區,振興,四,126,北投區,石牌,,75-128
北投區,振興,四,128,北投區,石牌,,75-130
北投區,振興,四,129,北投區,石牌,,75-131
北投區,振興,四,13,北投區,唭哩岸,,284-39
北投區,振興,四,130,北投區,石牌,,75-132
北投區,振興,四,131,北投區,石牌,,75-133
北投區,振興,四,132,北投區,石牌,,75-134
北投區,振興,四,133,北投區,石牌,,75-135
北投區,振興,四,134,北投區,石牌,,75-136
北投區,振興,四,135,北投區,石牌,,75-137
北投區,振興,四,136,北投區,石牌,,75-138
北投區,振興,四,137,北投區,石牌,,75-139
北投區,振興,四,138,北投區,石牌,,75-140
北投區,振興,四,139,北投區,石牌,,75-141
北投區,振興,四,140,北投區,石牌,,75-142
北投區,振興,四,141,北投區,石牌,,75-79
北投區,振興,四,142,北投區,石牌,,75-174
北投區,振興,四,143,北投區,石牌,,691
北投區,振興,四,144,北投區,石牌,,81-100
北投區,振興,四,145,北投區,石牌,,81-111
北投區,振興,四,146,北投區,石牌,,81-112
北投區,振興,四,147,北投區,石牌,,81-113
北投區,振興,四,148,北投區,石牌,,81-114
北投區,振興,四,149,北投區,石牌,,81-122
北投區,振興,四,15,北投區,唭哩岸,,286-7
北投區,振興,四,150,北投區,石牌,,81-20
北投區,振興,四,151,北投區,石牌,,81-124
北投區,振興,四,152,北投區,石牌,,81-98
北投區,振興,四,152-1,北投區,石牌,,81-98
北投區,振興,四,153,北投區,石牌,,81-116
北投區,振興,四,154,北投區,石牌,,81-117
北投區,振興,四,155,北投區,石牌,,81-118
北投區,振興,四,156,北投區,石牌,,81-119
北投區,振興,四,157,北投區,石牌,,81-121
北投區,振興,四,158,北投區,石牌,,81-120
北投區,振興,四,159,北投區,石牌,,81-18
北投區,振興,四,159-1,北投區,石牌,,81-18
北投區,振興,四,16,北投區,唭哩岸,,286-8
北投區,振興,四,160,北投區,石牌,,81-180
北投區,振興,四,160-1,北投區,石牌,,81-180
北投區,振興,四,161,北投區,石牌,,81-181
北投區,振興,四,161-1,北投區,石牌,,81-181
北投區,振興,四,162,北投區,石牌,,81-184
北投區,振興,四,162-1,北投區,石牌,,81-184
北投區,振興,四,163,北投區,石牌,,81-185
北投區,振興,四,163-1,北投區,石牌,,81-185
北投區,振興,四,164,北投區,石牌,,81-186
北投區,振興,四,164-1,北投區,石牌,,81-186
北投區,振興,四,166,北投區,石牌,,692
北投區,振興,四,168,北投區,石牌,,74-11
北投區,振興,四,17,北投區,唭哩岸,,286-9
北投區,振興,四,170,北投區,石牌,,72-91
北投區,振興,四,174,北投區,石牌,,74-44
北投區,振興,四,175,北投區,石牌,,85-3
北投區,振興,四,176,北投區,石牌,,85-9
北投區,振興,四,177,北投區,石牌,,85-8
北投區,振興,四,178,北投區,石牌,,85-7
北投區,振興,四,179,北投區,石牌,,85-6
北投區,振興,四,18,北投區,唭哩岸,,286-10
北投區,振興,四,180,北投區,石牌,,85
北投區,振興,四,181,北投區,石牌,,85-10
北投區,振興,四,182,北投區,石牌,,85-11
北投區,振興,四,183,北投區,石牌,,85-26
北投區,振興,四,184,北投區,石牌,,84-2
北投區,振興,四,185,北投區,石牌,,84-6
北投區,振興,四,186,北投區,石牌,,85-12
北投區,振興,四,187,北投區,石牌,,85-13
北投區,振興,四,188,北投區,石牌,,85-20
北投區,振興,四,189,北投區,石牌,,85-21
北投區,振興,四,19,北投區,唭哩岸,,286-11
北投區,振興,四,190,北投區,石牌,,85-14
北投區,振興,四,191,北投區,石牌,,85-15
北投區,振興,四,192,北投區,石牌,,85-22
北投區,振興,四,193,北投區,石牌,,85-23
北投區,振興,四,194,北投區,石牌,,85-16
北投區,振興,四,195,北投區,石牌,,85-17
北投區,振興,四,196,北投區,石牌,,85-28
北投區,振興,四,197,北投區,石牌,,85-24
北投區,振興,四,198,北投區,石牌,,85-25
北投區,振興,四,199,北投區,石牌,,85-27
北投區,振興,四,2,北投區,唭哩岸,,285-2
北投區,振興,四,20,北投區,唭哩岸,,284-13
北投區,振興,四,200,北投區,石牌,,85-1
北投區,振興,四,201,北投區,石牌,,85-2
北投區,振興,四,202,北投區,石牌,,85-5
北投區,振興,四,203,北投區,石牌,,84-5
北投區,振興,四,204,北投區,石牌,,84
北投區,振興,四,205,北投區,石牌,,84-1
北投區,振興,四,206,北投區,石牌,,84-3
北投區,振興,四,207,北投區,石牌,,74-46
北投區,振興,四,208,北投區,石牌,,74-47
北投區,振興,四,209,北投區,石牌,,83
北投區,振興,四,21,北投區,唭哩岸,,286-12
北投區,振興,四,210,北投區,石牌,,83-1
北投區,振興,四,211,北投區,石牌,,82-2
北投區,振興,四,212,北投區,石牌,,82-3
北投區,振興,四,213,北投區,石牌,,82-1
北投區,振興,四,214,北投區,石牌,,82-4
北投區,振興,四,215,北投區,石牌,,82
北投區,振興,四,216,北投區,石牌,,77-48
北投區,振興,四,216-1,北投區,石牌,,81-85
北投區,振興,四,217,北投區,石牌,,74-49
北投區,振興,四,218,北投區,石牌,,81-84
北投區,振興,四,219,北投區,石牌,,81-91
北投區,振興,四,22,北投區,唭哩岸,,286-14
北投區,振興,四,220,北投區,石牌,,81-90
北投區,振興,四,221,北投區,石牌,,81-94
北投區,振興,四,222,北投區,石牌,,81-168
北投區,振興,四,223,北投區,石牌,,81-155
北投區,振興,四,224,北投區,石牌,,81-150
北投區,振興,四,225,北投區,石牌,,81-149
北投區,振興,四,226,北投區,石牌,,81-148
北投區,振興,四,227,北投區,石牌,,81-154
北投區,振興,四,228,北投區,石牌,,81-167
北投區,振興,四,229,北投區,石牌,,81-166
北投區,振興,四,23,北投區,唭哩岸,,286-15
北投區,振興,四,230,北投區,石牌,,81-153
北投區,振興,四,231,北投區,石牌,,81-147
北投區,振興,四,232,北投區,石牌,,81-146
北投區,振興,四,233,北投區,石牌,,81-151
北投區,振興,四,234,北投區,石牌,,81-164
北投區,振興,四,235,北投區,石牌,,81-152
北投區,振興,四,236,北投區,石牌,,81-165
北投區,振興,四,237,北投區,石牌,,81-163
北投區,振興,四,238,北投區,石牌,,81-89
北投區,振興,四,239,北投區,石牌,,81-162
北投區,振興,四,24,北投區,唭哩岸,,283-4
北投區,振興,四,240,北投區,石牌,,81-169
北投區,振興,四,241,北投區,石牌,,81-145
北投區,振興,四,242,北投區,石牌,,81-93
北投區,振興,四,243,北投區,石牌,,81-157
北投區,振興,四,244,北投區,石牌,,81-156
北投區,振興,四,245,北投區,石牌,,81-96
北投區,振興,四,247,北投區,石牌,,81-138
北投區,振興,四,25,北投區,唭哩岸,,283-44
北投區,振興,四,251,北投區,石牌,,81-143
北投區,振興,四,252,北投區,石牌,,81-109
北投區,振興,四,254,北投區,石牌,,81-142
北投區,振興,四,255,北投區,石牌,,81-141
北投區,振興,四,256,北投區,石牌,,81-140
北投區,振興,四,257,北投區,石牌,,81-139
北投區,振興,四,258,北投區,石牌,,81-135
北投區,振興,四,259,北投區,石牌,,81-105
北投區,振興,四,26,北投區,唭哩岸,,283-12
北投區,振興,四,260,北投區,石牌,,81-103
北投區,振興,四,261,北投區,石牌,,81-187
北投區,振興,四,262,北投區,石牌,,81-188
北投區,振興,四,263,北投區,石牌,,81-99
北投區,振興,四,264,北投區,石牌,,81-102
北投區,振興,四,264-1,北投區,石牌,,81-102
北投區,振興,四,265,北投區,石牌,,81-101
北投區,振興,四,266,北投區,石牌,,81-104
北投區,振興,四,266-1,北投區,石牌,,81-104
北投區,振興,四,267,北投區,石牌,,81
北投區,振興,四,268,北投區,石牌,,81-21
北投區,振興,四,269,北投區,石牌,,81-83
北投區,振興,四,27,北投區,唭哩岸,,284
北投區,振興,四,270,北投區,石牌,,81-1
北投區,振興,四,271,北投區,石牌,,79-5
北投區,振興,四,272,北投區,石牌,,81-81
北投區,振興,四,273,北投區,石牌,,79-18
北投區,振興,四,274,北投區,石牌,,79-16
北投區,振興,四,275,北投區,石牌,,81-80
北投區,振興,四,276,北投區,石牌,,81-176
北投區,振興,四,277,北投區,石牌,,81-134
北投區,振興,四,278,北投區,石牌,,79-28
北投區,振興,四,279,北投區,石牌,,79-27
北投區,振興,四,28,北投區,唭哩岸,,284-15
北投區,振興,四,280,北投區,石牌,,79-26
北投區,振興,四,281,北投區,石牌,,81-59
北投區,振興,四,282,北投區,石牌,,79-25
北投區,振興,四,283,北投區,石牌,,79-24
北投區,振興,四,284,北投區,石牌,,79-23
北投區,振興,四,285,北投區,石牌,,79-22
北投區,振興,四,286,北投區,石牌,,81-35
北投區,振興,四,287,北投區,石牌,,81-31
北投區,振興,四,288,北投區,石牌,,79-21
北投區,振興,四,289,北投區,石牌,,79-20
北投區,振興,四,29,北投區,唭哩岸,,284-35
北投區,振興,四,290,北投區,石牌,,81-30
北投區,振興,四,291,北投區,石牌,,81-29
北投區,振興,四,292,北投區,石牌,,81-128
北投區,振興,四,292-1,北投區,石牌,,80-31
北投區,振興,四,292-2,北投區,石牌,,79-2
北投區,振興,四,293,北投區,石牌,,80-30
北投區,振興,四,294,北投區,石牌,,81-38
北投區,振興,四,295,北投區,石牌,,81-37
北投區,振興,四,296,北投區,石牌,,80-8
北投區,振興,四,297,北投區,石牌,,81-106
北投區,振興,四,298,北投區,石牌,,81-63
北投區,振興,四,299,北投區,石牌,,81-65
北投區,振興,四,3,北投區,唭哩岸,,286-23
北投區,振興,四,30,北投區,唭哩岸,,284-36
北投區,振興,四,301,北投區,石牌,,81-15
北投區,振興,四,302,北投區,石牌,,81-14
北投區,振興,四,303,北投區,石牌,,81-43
北投區,振興,四,304,北投區,石牌,,81-9
北投區,振興,四,305,北投區,石牌,,79-15
北投區,振興,四,306,北投區,石牌,,79-12
北投區,振興,四,307,北投區,石牌,,81-44
北投區,振興,四,308,北投區,石牌,,81-13
北投區,振興,四,309,北投區,石牌,,79-11
北投區,振興,四,31,北投區,唭哩岸,,284-37
北投區,振興,四,310,北投區,石牌,,81-53
北投區,振興,四,311,北投區,石牌,,81-52
北投區,振興,四,312,北投區,石牌,,81-10
北投區,振興,四,313,北投區,石牌,,81-11
北投區,振興,四,314,北投區,石牌,,79-4
北投區,振興,四,316,北投區,石牌,,79-30
北投區,振興,四,317,北投區,石牌,,75-16
北投區,振興,四,318,北投區,石牌,,75-190
北投區,振興,四,319,北投區,石牌,,79-29
北投區,振興,四,32,北投區,唭哩岸,,284-6
北投區,振興,四,320,北投區,石牌,,79-6
北投區,振興,四,321,北投區,石牌,,77-42
北投區,振興,四,322,北投區,石牌,,77
北投區,振興,四,323,北投區,石牌,,78-9
北投區,振興,四,324,北投區,石牌,,78-6
北投區,振興,四,325,北投區,石牌,,78-5
北投區,振興,四,326,北投區,石牌,,78
北投區,振興,四,327,北投區,石牌,,78-4
北投區,振興,四,328,北投區,石牌,,77-43
北投區,振興,四,329,北投區,石牌,,79-13
北投區,振興,四,33,北投區,唭哩岸,,267-44
北投區,振興,四,330,北投區,石牌,,81-64
北投區,振興,四,331,北投區,石牌,,81-2
北投區,振興,四,332,北投區,石牌,,81-62
北投區,振興,四,333,北投區,石牌,,81-16
北投區,振興,四,334,北投區,石牌,,80-7
北投區,振興,四,335,北投區,石牌,,79-17
北投區,振興,四,336,北投區,石牌,,80-28
北投區,振興,四,337,北投區,石牌,,80-27
北投區,振興,四,338,北投區,石牌,,80-22
北投區,振興,四,339,北投區,石牌,,80-21
北投區,振興,四,34,北投區,唭哩岸,,284-14
北投區,振興,四,340,北投區,石牌,,80-20
北投區,振興,四,341,北投區,石牌,,80-19
北投區,振興,四,343,北投區,石牌,,81-16
北投區,振興,四,344,北投區,石牌,,80-17
北投區,振興,四,345,北投區,石牌,,80-18
北投區,振興,四,346,北投區,石牌,,80-4
北投區,振興,四,347,北投區,石牌,,80-32
北投區,振興,四,348,北投區,石牌,,80-3
北投區,振興,四,349,北投區,石牌,,80-34
北投區,振興,四,35,北投區,唭哩岸,,284-17
北投區,振興,四,350,北投區,石牌,,80-29
北投區,振興,四,351,北投區,石牌,,80-13
北投區,振興,四,352,北投區,石牌,,80-12
北投區,振興,四,353,北投區,石牌,,80-14
北投區,振興,四,354,北投區,石牌,,80-15
北投區,振興,四,355,北投區,石牌,,8-6
北投區,振興,四,356,北投區,石牌,,80-11
北投區,振興,四,357,北投區,石牌,,80-10
北投區,振興,四,358,北投區,石牌,,80-5
北投區,振興,四,359,北投區,石牌,,77-45
北投區,振興,四,36,北投區,唭哩岸,,267-46
北投區,振興,四,360,北投區,石牌,,77-45
北投區,振興,四,361,北投區,石牌,,77-45
北投區,振興,四,364,北投區,唭哩岸,,790
北投區,振興,四,364-2,北投區,唭哩岸,,298-1
北投區,振興,四,365,北投區,唭哩岸,,300
北投區,振興,四,366,北投區,唭哩岸,,300-1
北投區,振興,四,367,北投區,唭哩岸,,299
北投區,振興,四,368,北投區,唭哩岸,,299-1
北投區,振興,四,369,北投區,唭哩岸,,300-2
北投區,振興,四,37,北投區,唭哩岸,,280
北投區,振興,四,37-1,北投區,唭哩岸,,284-8
北投區,振興,四,37-2,北投區,唭哩岸,,284-23
北投區,振興,四,37-3,北投區,唭哩岸,,283-5
北投區,振興,四,372,北投區,唭哩岸,,301-1
北投區,振興,四,374,北投區,唭哩岸,,301-2
北投區,振興,四,374-1,北投區,唭哩岸,,301-4
北投區,振興,四,375,北投區,唭哩岸,,301-3
北投區,振興,四,376,北投區,唭哩岸,,301
北投區,振興,四,379,北投區,唭哩岸,,283-78
北投區,振興,四,38,北投區,唭哩岸,,284-12
北投區,振興,四,380,北投區,唭哩岸,,295
北投區,振興,四,382,北投區,唭哩岸,,298
北投區,振興,四,383,北投區,唭哩岸,,297
北投區,振興,四,384,北投區,唭哩岸,,296-1
北投區,振興,四,385,北投區,唭哩岸,,296
北投區,振興,四,386,北投區,唭哩岸,,294
北投區,振興,四,387,北投區,唭哩岸,,294
北投區,振興,四,388,北投區,唭哩岸,,293-11
北投區,振興,四,389,北投區,唭哩岸,,293-11
北投區,振興,四,390,北投區,唭哩岸,,239-43
北投區,振興,四,394,北投區,石牌,,78-7
北投區,振興,四,395,北投區,石牌,,78-3
北投區,振興,四,396,北投區,石牌,,78-1
北投區,振興,四,398,北投區,唭哩岸,,293-1
北投區,振興,四,399,北投區,唭哩岸,,293-1
北投區,振興,四,4,北投區,唭哩岸,,285-17
北投區,振興,四,4-1,北投區,唭哩岸,,285-17
北投區,振興,四,400,北投區,唭哩岸,,293-1
北投區,振興,四,401,北投區,唭哩岸,,239-42
北投區,振興,四,402,北投區,唭哩岸,,281-26
北投區,振興,四,403,北投區,唭哩岸,,281-26
北投區,振興,四,404,北投區,唭哩岸,,279-20
北投區,振興,四,405,北投區,唭哩岸,,293-10
北投區,振興,四,406,北投區,唭哩岸,,293-2
北投區,振興,四,407,北投區,唭哩岸,,293-3
北投區,振興,四,408,北投區,唭哩岸,,293-4
北投區,振興,四,409,北投區,唭哩岸,,293-5
北投區,振興,四,410,北投區,唭哩岸,,293-5
北投區,振興,四,411,北投區,唭哩岸,,293-6
北投區,振興,四,412,北投區,唭哩岸,,293-6
北投區,振興,四,413,北投區,唭哩岸,,293-7
北投區,振興,四,414,北投區,唭哩岸,,293-7
北投區,振興,四,415,北投區,唭哩岸,,293-9
北投區,振興,四,416,北投區,唭哩岸,,293-9
北投區,振興,四,42,北投區,唭哩岸,,279-9
北投區,振興,四,420,北投區,唭哩岸,,293
北投區,振興,四,421,北投區,唭哩岸,,281-19
北投區,振興,四,422,北投區,唭哩岸,,281-20
北投區,振興,四,423,北投區,唭哩岸,,281-21
北投區,振興,四,424,北投區,唭哩岸,,281-22
北投區,振興,四,425,北投區,唭哩岸,,281-23
北投區,振興,四,426,北投區,唭哩岸,,281-24
北投區,振興,四,428,北投區,唭哩岸,,281-1
北投區,振興,四,429,北投區,唭哩岸,,281-2
北投區,振興,四,430,北投區,唭哩岸,,283-80
北投區,振興,四,431,北投區,唭哩岸,,283-81
北投區,振興,四,432,北投區,唭哩岸,,281-6
北投區,振興,四,433,北投區,唭哩岸,,281-5
北投區,振興,四,434,北投區,唭哩岸,,281-4
北投區,振興,四,435,北投區,唭哩岸,,281-3
北投區,振興,四,436,北投區,唭哩岸,,281
北投區,振興,四,437,北投區,唭哩岸,,281-10
北投區,振興,四,438,北投區,唭哩岸,,281-14
北投區,振興,四,439,北投區,唭哩岸,,281-13
北投區,振興,四,44,北投區,唭哩岸,,279-6
北投區,振興,四,440,北投區,唭哩岸,,281-9
北投區,振興,四,441,北投區,唭哩岸,,281-8
北投區,振興,四,442,北投區,唭哩岸,,281-12
北投區,振興,四,443,北投區,唭哩岸,,281-11
北投區,振興,四,444,北投區,唭哩岸,,281-7
北投區,振興,四,445,北投區,唭哩岸,,282-39
北投區,振興,四,446,北投區,唭哩岸,,282-34
北投區,振興,四,447,北投區,唭哩岸,,282-6
北投區,振興,四,448,北投區,唭哩岸,,282-38
北投區,振興,四,449,北投區,唭哩岸,,282-40
北投區,振興,四,45,北投區,唭哩岸,,279
北投區,振興,四,450,北投區,唭哩岸,,282-35
北投區,振興,四,451,北投區,唭哩岸,,282-1
北投區,振興,四,452,北投區,唭哩岸,,282
北投區,振興,四,453,北投區,唭哩岸,,282-5
北投區,振興,四,454,北投區,唭哩岸,,282-27
北投區,振興,四,455,北投區,唭哩岸,,282-32
北投區,振興,四,456,北投區,唭哩岸,,283-13
北投區,振興,四,457,北投區,唭哩岸,,282-23
北投區,振興,四,458,北投區,唭哩岸,,282-20
北投區,振興,四,459,北投區,唭哩岸,,282-16
北投區,振興,四,46,北投區,唭哩岸,,279-11
北投區,振興,四,460,北投區,唭哩岸,,282-3
北投區,振興,四,461,北投區,唭哩岸,,282-18
北投區,振興,四,464,北投區,唭哩岸,,283-43
北投區,振興,四,465,北投區,唭哩岸,,283-14
北投區,振興,四,467,北投區,唭哩岸,,283-2
北投區,振興,四,468,北投區,唭哩岸,,283-2
北投區,振興,四,47,北投區,唭哩岸,,279-11
北投區,振興,四,470,北投區,唭哩岸,,283-37
北投區,振興,四,471,北投區,唭哩岸,,283-25
北投區,振興,四,472,北投區,唭哩岸,,283-34
北投區,振興,四,473,北投區,唭哩岸,,283-34
北投區,振興,四,474,北投區,唭哩岸,,283-33
北投區,振興,四,474-1,北投區,唭哩岸,,283-39
北投區,振興,四,475,北投區,唭哩岸,,282-50
北投區,振興,四,476,北投區,唭哩岸,,282-50
北投區,振興,四,477,北投區,唭哩岸,,292
北投區,振興,四,478,北投區,唭哩岸,,283-29
北投區,振興,四,479,北投區,唭哩岸,,283-9
北投區,振興,四,48,北投區,唭哩岸,,279-12
北投區,振興,四,480,北投區,唭哩岸,,283-22
北投區,振興,四,481,北投區,唭哩岸,,283-6
北投區,振興,四,482,北投區,唭哩岸,,283-7
北投區,振興,四,483,北投區,唭哩岸,,283
北投區,振興,四,484,北投區,唭哩岸,,287
北投區,振興,四,485,北投區,唭哩岸,,286-22
北投區,振興,四,486,北投區,唭哩岸,,286-6
北投區,振興,四,487,北投區,唭哩岸,,286-19
北投區,振興,四,488,北投區,唭哩岸,,286-21
北投區,振興,四,489,北投區,唭哩岸,,287-1
北投區,振興,四,49,北投區,唭哩岸,,279-12
北投區,振興,四,490,北投區,唭哩岸,,785
北投區,振興,四,490-1,北投區,唭哩岸,,283-58
北投區,振興,四,491,北投區,唭哩岸,,289-12
北投區,振興,四,492,北投區,唭哩岸,,289-47
北投區,振興,四,493,北投區,唭哩岸,,289-1
北投區,振興,四,494,北投區,唭哩岸,,289-49
北投區,振興,四,495,北投區,唭哩岸,,289-48
北投區,振興,四,496,北投區,唭哩岸,,289-50
北投區,振興,四,497,北投區,唭哩岸,,289-10
北投區,振興,四,498,北投區,唭哩岸,,289-11
北投區,振興,四,50,北投區,唭哩岸,,279-38
北投區,振興,四,500,北投區,唭哩岸,,290-3
北投區,振興,四,501,北投區,唭哩岸,,290-1
北投區,振興,四,502,北投區,唭哩岸,,290-1
北投區,振興,四,503-1,北投區,唭哩岸,,289-2
北投區,振興,四,504,北投區,唭哩岸,,289-9
北投區,振興,四,505,北投區,唭哩岸,,289-8
北投區,振興,四,506,北投區,唭哩岸,,289-7
北投區,振興,四,51,北投區,唭哩岸,,279-39
北投區,振興,四,510,北投區,唭哩岸,,289-3
北投區,振興,四,513,北投區,唭哩岸,,292-5
北投區,振興,四,515,北投區,唭哩岸,,283-70
北投區,振興,四,517,北投區,唭哩岸,,314-8
北投區,振興,四,518,北投區,唭哩岸,,283-71
北投區,振興,四,519,北投區,唭哩岸,,292-11
北投區,振興,四,52,北投區,唭哩岸,,279-13
北投區,振興,四,520,北投區,唭哩岸,,291-4
北投區,振興,四,522,北投區,唭哩岸,,291-2
北投區,振興,四,524,北投區,唭哩岸,,291-1
北投區,振興,四,525,北投區,唭哩岸,,291-1
北投區,振興,四,529,北投區,唭哩岸,,283-61
北投區,振興,四,53,北投區,唭哩岸,,279-13
北投區,振興,四,530,北投區,唭哩岸,,292-4
北投區,振興,四,531,北投區,唭哩岸,,292-4
北投區,振興,四,532,北投區,唭哩岸,,291
北投區,振興,四,533,北投區,唭哩岸,,292-27
北投區,振興,四,535,北投區,唭哩岸,,292-6
北投區,振興,四,536,北投區,唭哩岸,,283-65
北投區,振興,四,538,北投區,唭哩岸,,283-62
北投區,振興,四,54,北投區,唭哩岸,,279-25
北投區,振興,四,540,北投區,唭哩岸,,282-9
北投區,振興,四,541,北投區,唭哩岸,,282-49
北投區,振興,四,541-1,北投區,唭哩岸,,282-51
北投區,振興,四,542,北投區,唭哩岸,,282-52
北投區,振興,四,543,北投區,唭哩岸,,282-54
北投區,振興,四,544,北投區,唭哩岸,,281-18
北投區,振興,四,545,北投區,唭哩岸,,281-17
北投區,振興,四,546,北投區,唭哩岸,,281-16
北投區,振興,四,547,北投區,唭哩岸,,281-15
北投區,振興,四,548,北投區,唭哩岸,,282-53
北投區,振興,四,549,北投區,唭哩岸,,282-2
北投區,振興,四,55,北投區,唭哩岸,,279-14
北投區,振興,四,550,北投區,唭哩岸,,283-82
北投區,振興,四,551,北投區,唭哩岸,,292-9
北投區,振興,四,551-1,北投區,唭哩岸,,292-8
北投區,振興,四,552,北投區,唭哩岸,,292-24
北投區,振興,四,555,北投區,唭哩岸,,291-6
北投區,振興,四,556,北投區,唭哩岸,,291-5
北投區,振興,四,558,北投區,唭哩岸,,283-72
北投區,振興,四,559,北投區,唭哩岸,,314-9
北投區,振興,四,56,北投區,唭哩岸,,279-15
北投區,振興,四,560,北投區,唭哩岸,,314-23
北投區,振興,四,561,北投區,唭哩岸,,314-22
北投區,振興,四,562,北投區,唭哩岸,,314-16
北投區,振興,四,563,北投區,唭哩岸,,314-17
北投區,振興,四,564,北投區,唭哩岸,,309-8
北投區,振興,四,565,北投區,唭哩岸,,309-7
北投區,振興,四,566,北投區,唭哩岸,,314-18
北投區,振興,四,567,北投區,唭哩岸,,309-3
北投區,振興,四,568,北投區,唭哩岸,,309-6
北投區,振興,四,569,北投區,唭哩岸,,309-5
北投區,振興,四,57,北投區,唭哩岸,,279-42
北投區,振興,四,570,北投區,唭哩岸,,309-9
北投區,振興,四,571,北投區,唭哩岸,,309-10
北投區,振興,四,572,北投區,唭哩岸,,309-11
北投區,振興,四,573,北投區,唭哩岸,,310
北投區,振興,四,574,北投區,唭哩岸,,314-4
北投區,振興,四,577,北投區,唭哩岸,,314-24
北投區,振興,四,578,北投區,唭哩岸,,292-13
北投區,振興,四,579,北投區,唭哩岸,,283-73
北投區,振興,四,58,北投區,唭哩岸,,279-30
北投區,振興,四,580,北投區,唭哩岸,,314-10
北投區,振興,四,582,北投區,唭哩岸,,292-15
北投區,振興,四,584,北投區,唭哩岸,,292-16
北投區,振興,四,585,北投區,唭哩岸,,292-20
北投區,振興,四,585-1,北投區,唭哩岸,,292-3
北投區,振興,四,586,北投區,唭哩岸,,292-21
北投區,振興,四,588,北投區,唭哩岸,,292-17
北投區,振興,四,589,北投區,唭哩岸,,292-18
北投區,振興,四,59,北投區,唭哩岸,,279-27
北投區,振興,四,591,北投區,唭哩岸,,283-76
北投區,振興,四,593,北投區,唭哩岸,,303-1
北投區,振興,四,598,北投區,唭哩岸,,314-13
北投區,振興,四,599,北投區,唭哩岸,,312-1
北投區,振興,四,60,北投區,唭哩岸,,279-26
北投區,振興,四,600,北投區,唭哩岸,,312-2
北投區,振興,四,601,北投區,唭哩岸,,313-1
北投區,振興,四,602,北投區,唭哩岸,,283-74
北投區,振興,四,603,北投區,唭哩岸,,314-11
北投區,振興,四,604,北投區,唭哩岸,,314-12
北投區,振興,四,606,北投區,唭哩岸,,311-1
北投區,振興,四,607,北投區,唭哩岸,,310-2
北投區,振興,四,608,北投區,唭哩岸,,311
北投區,振興,四,609,北投區,唭哩岸,,310-1
北投區,振興,四,61,北投區,唭哩岸,,280-1
北投區,振興,四,610,北投區,唭哩岸,,309-4
北投區,振興,四,611,北投區,唭哩岸,,304-2
北投區,振興,四,615,北投區,唭哩岸,,304-3
北投區,振興,四,616,北投區,唭哩岸,,304-5
北投區,振興,四,617,北投區,唭哩岸,,304
北投區,振興,四,618,北投區,唭哩岸,,305
北投區,振興,四,62,北投區,唭哩岸,,279-7
北投區,振興,四,621,北投區,唭哩岸,,304-1
北投區,振興,四,622,北投區,唭哩岸,,788
北投區,振興,四,624,北投區,唭哩岸,,308-3
北投區,振興,四,625,北投區,唭哩岸,,309-1
北投區,振興,四,629,北投區,唭哩岸,,307-3
北投區,振興,四,63,北投區,唭哩岸,,279-28
北投區,振興,四,630,北投區,唭哩岸,,306-5
北投區,振興,四,631,北投區,唭哩岸,,306-4
北投區,振興,四,632,北投區,唭哩岸,,306-3
北投區,振興,四,632-1,北投區,唭哩岸,,315-5
北投區,振興,四,633,北投區,唭哩岸,,306-2
北投區,振興,四,634,北投區,唭哩岸,,306
北投區,振興,四,635,北投區,唭哩岸,,306-1
北投區,振興,四,636,北投區,唭哩岸,,307
北投區,振興,四,637,北投區,唭哩岸,,307-1
北投區,振興,四,638,北投區,唭哩岸,,308-1
北投區,振興,四,64,北投區,唭哩岸,,279-29
北投區,振興,四,641,北投區,唭哩岸,,314-5
北投區,振興,四,642,北投區,唭哩岸,,314-1
北投區,振興,四,643,北投區,唭哩岸,,283-69
北投區,振興,四,644,北投區,唭哩岸,,292-2
北投區,振興,四,645,北投區,唭哩岸,,323
北投區,振興,四,646,北投區,唭哩岸,,324-9
北投區,振興,四,646-2,北投區,唭哩岸,,324-50
北投區,振興,四,646-3,北投區,唭哩岸,,321-11
北投區,振興,四,646-4,北投區,唭哩岸,,321-7
北投區,振興,四,647,北投區,唭哩岸,,324-26
北投區,振興,四,647-1,北投區,唭哩岸,,324-26
北投區,振興,四,648,北投區,唭哩岸,,323-4
北投區,振興,四,649,北投區,唭哩岸,,283-68
北投區,振興,四,65,北投區,唭哩岸,,279-43
北投區,振興,四,650,北投區,唭哩岸,,314-2
北投區,振興,四,650-1,北投區,唭哩岸,,314-27
北投區,振興,四,650-10,北投區,唭哩岸,,314-32
北投區,振興,四,650-11,北投區,唭哩岸,,314-38
北投區,振興,四,650-12,北投區,唭哩岸,,314-37
北投區,振興,四,650-2,北投區,唭哩岸,,314-28
北投區,振興,四,650-3,北投區,唭哩岸,,314-29
北投區,振興,四,650-4,北投區,唭哩岸,,314-30
北投區,振興,四,650-5,北投區,唭哩岸,,314-31
北投區,振興,四,650-6,北投區,唭哩岸,,314-35
北投區,振興,四,650-8,北投區,唭哩岸,,314-34
北投區,振興,四,650-9,北投區,唭哩岸,,314-33
北投區,振興,四,651,北投區,唭哩岸,,315
北投區,振興,四,652,北投區,唭哩岸,,315-1
北投區,振興,四,653,北投區,唭哩岸,,283-67
北投區,振興,四,654,北投區,唭哩岸,,323-3
北投區,振興,四,655,北投區,唭哩岸,,324-40
北投區,振興,四,656,北投區,唭哩岸,,324-41
北投區,振興,四,657,北投區,唭哩岸,,323-1
北投區,振興,四,658,北投區,唭哩岸,,323-1
北投區,振興,四,659,北投區,唭哩岸,,283-1
北投區,振興,四,66,北投區,唭哩岸,,279-44
北投區,振興,四,660,北投區,唭哩岸,,315-2
北投區,振興,四,661,北投區,唭哩岸,,283-46
北投區,振興,四,662,北投區,唭哩岸,,283-57
北投區,振興,四,663,北投區,唭哩岸,,283-50
北投區,振興,四,664,北投區,唭哩岸,,283-51
北投區,振興,四,665,北投區,唭哩岸,,283-17
北投區,振興,四,666,北投區,唭哩岸,,318
北投區,振興,四,667,北投區,唭哩岸,,283-47
北投區,振興,四,668,北投區,唭哩岸,,283-52
北投區,振興,四,669,北投區,唭哩岸,,283-53
北投區,振興,四,67,北投區,唭哩岸,,239-21
北投區,振興,四,670,北投區,唭哩岸,,283-54
北投區,振興,四,671,北投區,唭哩岸,,283-55
北投區,振興,四,672,北投區,唭哩岸,,315-8
北投區,振興,四,673,北投區,唭哩岸,,315-10
北投區,振興,四,674,北投區,唭哩岸,,283-56
北投區,振興,四,675,北投區,唭哩岸,,315-4
北投區,振興,四,676,北投區,唭哩岸,,316
北投區,振興,四,677,北投區,唭哩岸,,315-6
北投區,振興,四,678,北投區,唭哩岸,,317
北投區,振興,四,679,北投區,唭哩岸,,283-18
北投區,振興,四,680,北投區,唭哩岸,,283-48
北投區,振興,四,681,北投區,唭哩岸,,318-1
北投區,振興,四,682,北投區,唭哩岸,,319-1
北投區,振興,四,683,北投區,唭哩岸,,319
北投區,振興,四,684,北投區,唭哩岸,,814
北投區,振興,四,685,北投區,唭哩岸,,320
北投區,振興,四,686,北投區,唭哩岸,,320-1
北投區,振興,四,687,北投區,唭哩岸,,319-2
北投區,振興,四,688,北投區,唭哩岸,,317-1
北投區,振興,四,689,北投區,唭哩岸,,315-3
北投區,振興,四,69,北投區,石牌,,77-27
北投區,振興,四,70,北投區,石牌,,77-28
北投區,振興,四,71,北投區,石牌,,77-29
北投區,振興,四,72,北投區,石牌,,77-47
北投區,振興,四,73,北投區,石牌,,75-1
北投區,振興,四,74,北投區,石牌,,77-30
北投區,振興,四,75,北投區,石牌,,77-31
北投區,振興,四,76,北投區,石牌,,77-32
北投區,振興,四,77,北投區,石牌,,77-33
北投區,振興,四,78,北投區,石牌,,77-34
北投區,振興,四,79,北投區,石牌,,75-189
北投區,振興,四,8,北投區,唭哩岸,,285-21
北投區,振興,四,81,北投區,石牌,,75-2
北投區,振興,四,82,北投區,石牌,,75-29
北投區,振興,四,83,北投區,石牌,,75-32
北投區,振興,四,84,北投區,石牌,,75-33
北投區,振興,四,85,北投區,石牌,,75-34
北投區,振興,四,86,北投區,石牌,,75-35
北投區,振興,四,87,北投區,石牌,,75-36
北投區,振興,四,88,北投區,石牌,,75-37
北投區,振興,四,89,北投區,石牌,,75-38
北投區,振興,四,90,北投區,石牌,,75-39
北投區,振興,四,91,北投區,石牌,,75-40
北投區,振興,四,92,北投區,石牌,,75-41
北投區,振興,四,93,北投區,石牌,,75-42
北投區,振興,四,94,北投區,石牌,,75-81
北投區,振興,四,95,北投區,石牌,,75-92
北投區,振興,四,96,北投區,石牌,,75-96
北投區,振興,四,97,北投區,石牌,,75-97
北投區,振興,四,98,北投區,石牌,,75-98
北投區,振興,四,99,北投區,石牌,,75-99
北投區,文林,一,1,北投區,石牌,,239-4
北投區,文林,一,10,北投區,石牌,,173-4
北投區,文林,一,101,北投區,石牌,,173-8
北投區,文林,一,102,北投區,石牌,,170-4
北投區,文林,一,103,北投區,石牌,,170-2
北投區,文林,一,106,北投區,石牌,,167
北投區,文林,一,109,北投區,石牌,,164-49
北投區,文林,一,117,北投區,石牌,,169-13
北投區,文林,一,118,北投區,石牌,,168-20
北投區,文林,一,119,北投區,石牌,,169-3
北投區,文林,一,120,北投區,石牌,,169-2
北投區,文林,一,121,北投區,石牌,,169-1
北投區,文林,一,122,北投區,石牌,,169-5
北投區,文林,一,123,北投區,石牌,,169-4
北投區,文林,一,124,北投區,石牌,,169-20
北投區,文林,一,125,北投區,石牌,,169-19
北投區,文林,一,126,北投區,石牌,,169-14
北投區,文林,一,127,北投區,石牌,,150-23
北投區,文林,一,128,北投區,石牌,,150-9
北投區,文林,一,129,北投區,石牌,,161-25
北投區,文林,一,130,北投區,石牌,,161-24
北投區,文林,一,131,北投區,石牌,,161-23
北投區,文林,一,132,北投區,石牌,,161-22
北投區,文林,一,133,北投區,石牌,,161-21
北投區,文林,一,134,北投區,石牌,,161-20
北投區,文林,一,135,北投區,石牌,,161-19
北投區,文林,一,136,北投區,石牌,,161-18
北投區,文林,一,137,北投區,石牌,,161-17
北投區,文林,一,138,北投區,石牌,,161-16
北投區,文林,一,139,北投區,石牌,,161-15
北投區,文林,一,14,北投區,石牌,,174-5
北投區,文林,一,140,北投區,石牌,,161-14
北投區,文林,一,141,北投區,石牌,,161-13
北投區,文林,一,142,北投區,石牌,,161-5
北投區,文林,一,143,北投區,石牌,,150-14
北投區,文林,一,144,北投區,石牌,,151-9
北投區,文林,一,145,北投區,石牌,,151-8
北投區,文林,一,146,北投區,石牌,,150-13
北投區,文林,一,147,北投區,石牌,,150-12
北投區,文林,一,148,北投區,石牌,,150-11
北投區,文林,一,149,北投區,石牌,,150-10
北投區,文林,一,15,北投區,石牌,,174-6
北投區,文林,一,150,北投區,石牌,,150-20
北投區,文林,一,151,北投區,石牌,,150-19
北投區,文林,一,152,北投區,石牌,,150-18
北投區,文林,一,153,北投區,石牌,,150-17
北投區,文林,一,154,北投區,石牌,,150-16
北投區,文林,一,155,北投區,石牌,,150-21
北投區,文林,一,156,北投區,石牌,,169-18
北投區,文林,一,157,北投區,石牌,,150-22
北投區,文林,一,158,北投區,石牌,,150-15
北投區,文林,一,159,北投區,石牌,,150-8
北投區,文林,一,16,北投區,石牌,,174-7
北投區,文林,一,160,北投區,石牌,,151-1
北投區,文林,一,161,北投區,石牌,,150
北投區,文林,一,162,北投區,石牌,,150-24
北投區,文林,一,163,北投區,石牌,,150-3
北投區,文林,一,164,北投區,石牌,,150-2
北投區,文林,一,165,北投區,石牌,,150-1
北投區,文林,一,166,北投區,石牌,,150-7
北投區,文林,一,167,北投區,石牌,,150-4
北投區,文林,一,168,北投區,石牌,,146-2
北投區,文林,一,169,北投區,石牌,,146-50
北投區,文林,一,17,北投區,石牌,,174-8
北投區,文林,一,170,北投區,石牌,,146-49
北投區,文林,一,171,北投區,石牌,,146-48
北投區,文林,一,172,北投區,石牌,,146-47
北投區,文林,一,173,北投區,石牌,,146-46
北投區,文林,一,174,北投區,石牌,,146-1
北投區,文林,一,175,北投區,石牌,,149-14
北投區,文林,一,176,北投區,石牌,,149-13
北投區,文林,一,177,北投區,石牌,,149-12
北投區,文林,一,178,北投區,石牌,,149-11
北投區,文林,一,179,北投區,石牌,,149-10
北投區,文林,一,18,北投區,石牌,,167-15
北投區,文林,一,180,北投區,石牌,,149-9
北投區,文林,一,181,北投區,石牌,,149-8
北投區,文林,一,182,北投區,石牌,,149-7
北投區,文林,一,183,北投區,石牌,,149
北投區,文林,一,184,北投區,石牌,,148-6
北投區,文林,一,185,北投區,石牌,,148-5
北投區,文林,一,186,北投區,石牌,,148-4
北投區,文林,一,187,北投區,石牌,,146-61
北投區,文林,一,188,北投區,石牌,,146
北投區,文林,一,189,北投區,石牌,,146-44
北投區,文林,一,19,北投區,石牌,,174-11
北投區,文林,一,190,北投區,石牌,,146-45
北投區,文林,一,191,北投區,石牌,,149-20
北投區,文林,一,192,北投區,石牌,,149-21
北投區,文林,一,193,北投區,石牌,,149-22
北投區,文林,一,194,北投區,石牌,,149-23
北投區,文林,一,195,北投區,石牌,,149-24
北投區,文林,一,196,北投區,石牌,,149-25
北投區,文林,一,197,北投區,石牌,,149-26
北投區,文林,一,198,北投區,石牌,,149-27
北投區,文林,一,199,北投區,石牌,,149-28
北投區,文林,一,2,北投區,石牌,,181-5
北投區,文林,一,20,北投區,石牌,,167-7
北投區,文林,一,200,北投區,石牌,,146-55
北投區,文林,一,201,北投區,石牌,,146-54
北投區,文林,一,202,北投區,石牌,,146-53
北投區,文林,一,203,北投區,石牌,,146-52
北投區,文林,一,204,北投區,石牌,,146-51
北投區,文林,一,205,北投區,石牌,,149-33
北投區,文林,一,206,北投區,石牌,,149-32
北投區,文林,一,207,北投區,石牌,,149-6
北投區,文林,一,208,北投區,石牌,,146-8
北投區,文林,一,209,北投區,石牌,,146-9
北投區,文林,一,21,北投區,石牌,,167-6
北投區,文林,一,210,北投區,石牌,,146-10
北投區,文林,一,211,北投區,石牌,,146-11
北投區,文林,一,212,北投區,石牌,,146-12
北投區,文林,一,213,北投區,石牌,,146-13
北投區,文林,一,214,北投區,石牌,,146-14
北投區,文林,一,215,北投區,石牌,,146-15
北投區,文林,一,216,北投區,石牌,,146-62
北投區,文林,一,217,北投區,石牌,,146-63
北投區,文林,一,218,北投區,石牌,,146-64
北投區,文林,一,219,北投區,石牌,,146-16
北投區,文林,一,220,北投區,石牌,,146-17
北投區,文林,一,221,北投區,石牌,,146-18
北投區,文林,一,222,北投區,石牌,,146-19
北投區,文林,一,223,北投區,石牌,,146-20
北投區,文林,一,224,北投區,石牌,,146-21
北投區,文林,一,225,北投區,石牌,,146-22
北投區,文林,一,226,北投區,石牌,,146-23
北投區,文林,一,227,北投區,石牌,,146-24
北投區,文林,一,228,北投區,石牌,,146-25
北投區,文林,一,229,北投區,石牌,,146-26
北投區,文林,一,230,北投區,石牌,,146-66
北投區,文林,一,231,北投區,石牌,,146-5
北投區,文林,一,232,北投區,石牌,,146-73
北投區,文林,一,233,北投區,石牌,,146-74
北投區,文林,一,234,北投區,石牌,,146-75
北投區,文林,一,235,北投區,石牌,,146-7
北投區,文林,一,236,北投區,石牌,,146-27
北投區,文林,一,237,北投區,石牌,,146-28
北投區,文林,一,238,北投區,石牌,,146-29
北投區,文林,一,239,北投區,石牌,,146-56
北投區,文林,一,24,北投區,石牌,,167-10
北投區,文林,一,240,北投區,石牌,,146-57
北投區,文林,一,241,北投區,石牌,,146-58
北投區,文林,一,242,北投區,石牌,,146-59
北投區,文林,一,243,北投區,石牌,,146-60
北投區,文林,一,244,北投區,石牌,,152-3
北投區,文林,一,245,北投區,石牌,,152-4
北投區,文林,一,246,北投區,石牌,,153-25
北投區,文林,一,247,北投區,石牌,,153-26
北投區,文林,一,248,北投區,石牌,,153-27
北投區,文林,一,249,北投區,石牌,,153-28
北投區,文林,一,25,北投區,石牌,,167-9
北投區,文林,一,250,北投區,石牌,,153-22
北投區,文林,一,251,北投區,石牌,,152-10
北投區,文林,一,252,北投區,石牌,,152-9
北投區,文林,一,253,北投區,石牌,,153
北投區,文林,一,254,北投區,石牌,,146-35
北投區,文林,一,255,北投區,石牌,,146-34
北投區,文林,一,256,北投區,石牌,,146-33
北投區,文林,一,257,北投區,石牌,,146-32
北投區,文林,一,258,北投區,石牌,,146-31
北投區,文林,一,259,北投區,石牌,,146-30
北投區,文林,一,26,北投區,石牌,,167-11
北投區,文林,一,260,北投區,石牌,,146-4
北投區,文林,一,261,北投區,石牌,,146-77
北投區,文林,一,262,北投區,石牌,,146-81
北投區,文林,一,263,北投區,石牌,,146-80
北投區,文林,一,264,北投區,石牌,,146-79
北投區,文林,一,265,北投區,石牌,,146-78
北投區,文林,一,269,北投區,石牌,,147-2
北投區,文林,一,27,北投區,石牌,,167-12
北投區,文林,一,271,北投區,石牌,,146-6
北投區,文林,一,272,北投區,石牌,,146-67
北投區,文林,一,273,北投區,石牌,,145-2
北投區,文林,一,275,北投區,石牌,,145-1
北投區,文林,一,276,北投區,石牌,,145
北投區,文林,一,277,北投區,石牌,,145-4
北投區,文林,一,278,北投區,石牌,,145-5
北投區,文林,一,279,北投區,石牌,,145-6
北投區,文林,一,28,北投區,石牌,,167-13
北投區,文林,一,280,北投區,石牌,,145-7
北投區,文林,一,281,北投區,石牌,,145-8
北投區,文林,一,282,北投區,石牌,,146-37
北投區,文林,一,283,北投區,石牌,,146-38
北投區,文林,一,284,北投區,石牌,,146-39
北投區,文林,一,285,北投區,石牌,,146-40
北投區,文林,一,286,北投區,石牌,,146-41
北投區,文林,一,287,北投區,石牌,,146-42
北投區,文林,一,288,北投區,石牌,,153-29
北投區,文林,一,289,北投區,石牌,,153-30
北投區,文林,一,29,北投區,石牌,,167-14
北投區,文林,一,290,北投區,石牌,,153-31
北投區,文林,一,291,北投區,石牌,,153-32
北投區,文林,一,292,北投區,石牌,,153-33
北投區,文林,一,294,北投區,石牌,,153-34
北投區,文林,一,295,北投區,石牌,,153-35
北投區,文林,一,296,北投區,石牌,,153-36
北投區,文林,一,297,北投區,石牌,,145-3
北投區,文林,一,298,北投區,石牌,,145-3
北投區,文林,一,299,北投區,石牌,,152
北投區,文林,一,30,北投區,石牌,,167-4
北投區,文林,一,300,北投區,石牌,,153-45
北投區,文林,一,301,北投區,石牌,,153-44
北投區,文林,一,302,北投區,石牌,,153-43
北投區,文林,一,303,北投區,石牌,,153-42
北投區,文林,一,304,北投區,石牌,,153-41
北投區,文林,一,305,北投區,石牌,,153-47
北投區,文林,一,306,北投區,石牌,,153-62
北投區,文林,一,307,北投區,石牌,,153-61
北投區,文林,一,308,北投區,石牌,,153-48
北投區,文林,一,309,北投區,石牌,,153-49
北投區,文林,一,31,北投區,石牌,,174-3
北投區,文林,一,310,北投區,石牌,,153-60
北投區,文林,一,311,北投區,石牌,,153-59
北投區,文林,一,312,北投區,石牌,,153-50
北投區,文林,一,313,北投區,石牌,,153-51
北投區,文林,一,314,北投區,石牌,,153-58
北投區,文林,一,315,北投區,石牌,,153-57
北投區,文林,一,316,北投區,石牌,,153-52
北投區,文林,一,317,北投區,石牌,,153-53
北投區,文林,一,318,北投區,石牌,,153-56
北投區,文林,一,319,北投區,石牌,,153-55
北投區,文林,一,32,北投區,石牌,,174-4
北投區,文林,一,320,北投區,石牌,,153-54
北投區,文林,一,321,北投區,石牌,,161-39
北投區,文林,一,322,北投區,石牌,,161-39
北投區,文林,一,323,北投區,石牌,,161-39
北投區,文林,一,324,北投區,石牌,,153-3
北投區,文林,一,325,北投區,石牌,,153-46
北投區,文林,一,326,北投區,石牌,,153-39
北投區,文林,一,327,北投區,石牌,,153-38
北投區,文林,一,328,北投區,石牌,,153-15
北投區,文林,一,329,北投區,石牌,,153-19
北投區,文林,一,33,北投區,石牌,,209-29
北投區,文林,一,330,北投區,石牌,,153-17
北投區,文林,一,331,北投區,石牌,,161
北投區,文林,一,332,北投區,石牌,,151-4
北投區,文林,一,333,北投區,石牌,,153-12
北投區,文林,一,334,北投區,石牌,,153-13
北投區,文林,一,335,北投區,石牌,,153-14
北投區,文林,一,336,北投區,石牌,,153-5
北投區,文林,一,337,北投區,石牌,,153-7
北投區,文林,一,338,北投區,石牌,,153-8
北投區,文林,一,339,北投區,石牌,,153-9
北投區,文林,一,34,北投區,石牌,,209-17
北投區,文林,一,340,北投區,石牌,,153-10
北投區,文林,一,341,北投區,石牌,,153-11
北投區,文林,一,342,北投區,石牌,,153-6
北投區,文林,一,343,北投區,石牌,,161-4
北投區,文林,一,344,北投區,石牌,,160-5
北投區,文林,一,345,北投區,石牌,,161-7
北投區,文林,一,346,北投區,石牌,,161-58
北投區,文林,一,347,北投區,石牌,,169-15
北投區,文林,一,348,北投區,石牌,,169-17
北投區,文林,一,349,北投區,石牌,,161-59
北投區,文林,一,35,北投區,石牌,,167-3
北投區,文林,一,350,北投區,石牌,,169-16
北投區,文林,一,351,北投區,石牌,,161-59
北投區,文林,一,352,北投區,石牌,,168-2
北投區,文林,一,36,北投區,石牌,,209-37
北投區,文林,一,367,北投區,石牌,,161-29
北投區,文林,一,368,北投區,石牌,,161-30
北投區,文林,一,369,北投區,石牌,,161-31
北投區,文林,一,37,北投區,石牌,,209-18
北投區,文林,一,370,北投區,石牌,,161-32
北投區,文林,一,371,北投區,石牌,,161-33
北投區,文林,一,372,北投區,石牌,,161-35
北投區,文林,一,373,北投區,石牌,,161-36
北投區,文林,一,374,北投區,石牌,,161-37
北投區,文林,一,375,北投區,石牌,,161-38
北投區,文林,一,376,北投區,石牌,,160-1
北投區,文林,一,377,北投區,石牌,,161-34
北投區,文林,一,378,北投區,石牌,,161-28
北投區,文林,一,379,北投區,石牌,,161-27
北投區,文林,一,38-1,北投區,石牌,,738
北投區,文林,一,38-2,北投區,石牌,,742
北投區,文林,一,380,北投區,石牌,,161-10
北投區,文林,一,381,北投區,石牌,,160-6
北投區,文林,一,382,北投區,石牌,,161-8
北投區,文林,一,383,北投區,石牌,,161-56
北投區,文林,一,384,北投區,石牌,,160-19
北投區,文林,一,387,北投區,石牌,,160-8
北投區,文林,一,388,北投區,石牌,,160-9
北投區,文林,一,389,北投區,石牌,,160-10
北投區,文林,一,39,北投區,石牌,,209-19
北投區,文林,一,390,北投區,石牌,,160-11
北投區,文林,一,391,北投區,石牌,,160-12
北投區,文林,一,392,北投區,石牌,,160-13
北投區,文林,一,393,北投區,石牌,,160-14
北投區,文林,一,394,北投區,石牌,,160-15
北投區,文林,一,395,北投區,石牌,,160-16
北投區,文林,一,399,北投區,石牌,,160-24
北投區,文林,一,400,北投區,石牌,,153-4
北投區,文林,一,401,北投區,石牌,,160-2
北投區,文林,一,402,北投區,石牌,,160-20
北投區,文林,一,403,北投區,石牌,,160-21
北投區,文林,一,404,北投區,石牌,,160-22
北投區,文林,一,405,北投區,石牌,,160-23
北投區,文林,一,406,北投區,石牌,,160-25
北投區,文林,一,407,北投區,石牌,,160-26
北投區,文林,一,409,北投區,石牌,,156
北投區,文林,一,41,北投區,石牌,,209-20
北投區,文林,一,410,北投區,石牌,,156-27
北投區,文林,一,411,北投區,石牌,,156-28
北投區,文林,一,412,北投區,石牌,,156-29
北投區,文林,一,413,北投區,石牌,,156-30
北投區,文林,一,414,北投區,石牌,,156-31
北投區,文林,一,415,北投區,石牌,,156-32
北投區,文林,一,416,北投區,石牌,,156-33
北投區,文林,一,417,北投區,石牌,,156-34
北投區,文林,一,418,北投區,石牌,,156-35
北投區,文林,一,419,北投區,石牌,,156-45
北投區,文林,一,42,北投區,石牌,,209-21
北投區,文林,一,420,北投區,石牌,,156-44
北投區,文林,一,421,北投區,石牌,,156-43
北投區,文林,一,422,北投區,石牌,,156-42
北投區,文林,一,423,北投區,石牌,,156-41
北投區,文林,一,424,北投區,石牌,,156-40
北投區,文林,一,425,北投區,石牌,,156-39
北投區,文林,一,426,北投區,石牌,,156-38
北投區,文林,一,427,北投區,石牌,,156-37
北投區,文林,一,428,北投區,石牌,,156-18
北投區,文林,一,429,北投區,石牌,,156-50
北投區,文林,一,430,北投區,石牌,,156-78
北投區,文林,一,431,北投區,石牌,,156-21
北投區,文林,一,432,北投區,石牌,,156-80
北投區,文林,一,433,北投區,石牌,,156-81
北投區,文林,一,434,北投區,石牌,,156-82
北投區,文林,一,435,北投區,石牌,,156-83
北投區,文林,一,436,北投區,石牌,,156-84
北投區,文林,一,437,北投區,石牌,,157
北投區,文林,一,438,北投區,石牌,,156-25
北投區,文林,一,439,北投區,石牌,,156-24
北投區,文林,一,440,北投區,石牌,,156-23
北投區,文林,一,441,北投區,石牌,,156-22
北投區,文林,一,443,北投區,石牌,,157-9
北投區,文林,一,444,北投區,石牌,,157-5
北投區,文林,一,445,北投區,石牌,,157-4
北投區,文林,一,446,北投區,石牌,,157-1
北投區,文林,一,447,北投區,石牌,,159
北投區,文林,一,448,北投區,石牌,,159-4
北投區,文林,一,449,北投區,石牌,,157-2
北投區,文林,一,45,北投區,石牌,,166-4
北投區,文林,一,450,北投區,石牌,,156-15
北投區,文林,一,451,北投區,石牌,,156-16
北投區,文林,一,456,北投區,石牌,,156-13
北投區,文林,一,458,北投區,石牌,,156-85
北投區,文林,一,459,北投區,石牌,,156-12
北投區,文林,一,46,北投區,石牌,,167-5
北投區,文林,一,460,北投區,石牌,,156-19
北投區,文林,一,461,北投區,石牌,,156-20
北投區,文林,一,462,北投區,石牌,,156-11
北投區,文林,一,463,北投區,石牌,,156-73
北投區,文林,一,464,北投區,石牌,,156-72
北投區,文林,一,465,北投區,石牌,,156-71
北投區,文林,一,466,北投區,石牌,,156-70
北投區,文林,一,467,北投區,石牌,,156-69
北投區,文林,一,468,北投區,石牌,,156-74
北投區,文林,一,469,北投區,石牌,,156-75
北投區,文林,一,47,北投區,石牌,,164-52
北投區,文林,一,470,北投區,石牌,,156-76
北投區,文林,一,471,北投區,石牌,,156-77
北投區,文林,一,472,北投區,石牌,,156-10
北投區,文林,一,473,北投區,石牌,,156-67
北投區,文林,一,474,北投區,石牌,,156-9
北投區,文林,一,475,北投區,石牌,,156-7
北投區,文林,一,476,北投區,石牌,,154
北投區,文林,一,477,北投區,石牌,,156-6
北投區,文林,一,478,北投區,石牌,,156-85
北投區,文林,一,479,北投區,石牌,,156-62
北投區,文林,一,48,北投區,石牌,,166-3
北投區,文林,一,481,北投區,石牌,,158
北投區,文林,一,5,北投區,石牌,,148
北投區,文林,一,50,北投區,石牌,,164-62
北投區,文林,一,51,北投區,石牌,,164-61
北投區,文林,一,52,北投區,石牌,,164-60
北投區,文林,一,53,北投區,石牌,,164-59
北投區,文林,一,54,北投區,石牌,,164-58
北投區,文林,一,55,北投區,石牌,,164-57
北投區,文林,一,56,北投區,石牌,,164-56
北投區,文林,一,57,北投區,石牌,,164-42
北投區,文林,一,58,北投區,石牌,,164-65
北投區,文林,一,59,北投區,石牌,,164-32
北投區,文林,一,6,北投區,石牌,,148-2
北投區,文林,一,60,北投區,石牌,,164-33
北投區,文林,一,61,北投區,石牌,,165-1
北投區,文林,一,62,北投區,石牌,,164-37
北投區,文林,一,63,北投區,石牌,,164-38
北投區,文林,一,64,北投區,石牌,,168-7
北投區,文林,一,65,北投區,石牌,,164-39
北投區,文林,一,66,北投區,石牌,,164-40
北投區,文林,一,67,北投區,石牌,,168-17
北投區,文林,一,68,北投區,石牌,,168-4
北投區,文林,一,69,北投區,石牌,,168-9
北投區,文林,一,7,北投區,石牌,,79-6
北投區,文林,一,70,北投區,石牌,,164-23
北投區,文林,一,71,北投區,石牌,,164-24
北投區,文林,一,72,北投區,石牌,,164-25
北投區,文林,一,73,北投區,石牌,,164-26
北投區,文林,一,74,北投區,石牌,,164-27
北投區,文林,一,75,北投區,石牌,,165
北投區,文林,一,76,北投區,石牌,,165-4
北投區,文林,一,77,北投區,石牌,,164-30
北投區,文林,一,78,北投區,石牌,,164-31
北投區,文林,一,79,北投區,石牌,,164-13
北投區,文林,一,8,北投區,石牌,,170
北投區,文林,一,80,北投區,石牌,,164-15
北投區,文林,一,81,北投區,石牌,,164-16
北投區,文林,一,82,北投區,石牌,,164-17
北投區,文林,一,83,北投區,石牌,,164-18
北投區,文林,一,84,北投區,石牌,,164-19
北投區,文林,一,85,北投區,石牌,,164-20
北投區,文林,一,86,北投區,石牌,,164-54
北投區,文林,一,87,北投區,石牌,,164-21
北投區,文林,一,88,北投區,石牌,,164-44
北投區,文林,一,89,北投區,石牌,,164-53
北投區,文林,一,9,北投區,石牌,,149-2
北投區,文林,一,90,北投區,石牌,,164-6
北投區,文林,一,91,北投區,石牌,,164-7
北投區,文林,一,92,北投區,石牌,,164-8
北投區,文林,一,93,北投區,石牌,,164-9
北投區,文林,一,94,北投區,石牌,,164-10
北投區,文林,一,95,北投區,石牌,,166
北投區,文林,一,96,北投區,石牌,,164-46
北投區,文林,一,97,北投區,石牌,,166-2
北投區,文林,一,98,北投區,石牌,,164-4
北投區,文林,一,99,北投區,石牌,,167-1
北投區,文林,三,1,北投區,石牌,,239-96
北投區,文林,三,100,北投區,石牌,,229-7
北投區,文林,三,101,北投區,石牌,,229-1
北投區,文林,三,103,北投區,石牌,,230-2
北投區,文林,三,104,北投區,石牌,,283-1
北投區,文林,三,106,北投區,石牌,,284-46
北投區,文林,三,107,北投區,石牌,,284-45
北投區,文林,三,108,北投區,石牌,,284-44
北投區,文林,三,109,北投區,石牌,,284-43
北投區,文林,三,11,北投區,石牌,,235
北投區,文林,三,110,北投區,石牌,,284-42
北投區,文林,三,111,北投區,石牌,,284-41
北投區,文林,三,112,北投區,石牌,,284-40
北投區,文林,三,113,北投區,石牌,,284-39
北投區,文林,三,114,北投區,石牌,,284-38
北投區,文林,三,115,北投區,石牌,,284-37
北投區,文林,三,116,北投區,石牌,,284-36
北投區,文林,三,117,北投區,石牌,,284-35
北投區,文林,三,118,北投區,石牌,,278-78
北投區,文林,三,119,北投區,石牌,,278-22
北投區,文林,三,12,北投區,石牌,,235-11
北投區,文林,三,12-1,北投區,石牌,,235-4
北投區,文林,三,120,北投區,石牌,,278-190
北投區,文林,三,121,北投區,石牌,,278-1
北投區,文林,三,122,北投區,石牌,,278-191
北投區,文林,三,123,北投區,石牌,,278-192
北投區,文林,三,124,北投區,石牌,,278-193
北投區,文林,三,125,北投區,石牌,,278-179
北投區,文林,三,126,北投區,石牌,,278-195
北投區,文林,三,127,北投區,石牌,,284-71
北投區,文林,三,128,北投區,石牌,,284
北投區,文林,三,129,北投區,石牌,,284-57
北投區,文林,三,13,北投區,石牌,,238
北投區,文林,三,130,北投區,石牌,,284-56
北投區,文林,三,131,北投區,石牌,,284-55
北投區,文林,三,132,北投區,石牌,,284-54
北投區,文林,三,133,北投區,石牌,,284-53
北投區,文林,三,133-1,北投區,石牌,,703-7
北投區,文林,三,134,北投區,石牌,,284-52
北投區,文林,三,134-1,北投區,石牌,,703-6
北投區,文林,三,134-2,北投區,石牌,,229
北投區,文林,三,135,北投區,石牌,,284-51
北投區,文林,三,135-1,北投區,石牌,,703-5
北投區,文林,三,135-2,北投區,石牌,,229-24
北投區,文林,三,136,北投區,石牌,,284-50
北投區,文林,三,136-1,北投區,石牌,,703-4
北投區,文林,三,136-2,北投區,石牌,,229-25
北投區,文林,三,137,北投區,石牌,,284-49
北投區,文林,三,137-1,北投區,石牌,,703-3
北投區,文林,三,137-2,北投區,石牌,,229-26
北投區,文林,三,138,北投區,石牌,,284-48
北投區,文林,三,138-1,北投區,石牌,,703-2
北投區,文林,三,138-2,北投區,石牌,,229-27
北投區,文林,三,139,北投區,石牌,,284-47
北投區,文林,三,139-1,北投區,石牌,,703-1
北投區,文林,三,139-2,北投區,石牌,,229-28
北投區,文林,三,14,北投區,石牌,,238-6
北投區,文林,三,140,北投區,石牌,,284-70
北投區,文林,三,140-1,北投區,石牌,,703
北投區,文林,三,140-2,北投區,石牌,,229-1
北投區,文林,三,141,北投區,石牌,,229-6
北投區,文林,三,143,北投區,石牌,,284-17
北投區,文林,三,144,北投區,石牌,,284-19
北投區,文林,三,145,北投區,石牌,,284-18
北投區,文林,三,145-1,北投區,石牌,,702-2
北投區,文林,三,145-2,北投區,石牌,,229-19
北投區,文林,三,146,北投區,石牌,,284-72
北投區,文林,三,146-1,北投區,石牌,,702-3
北投區,文林,三,146-2,北投區,石牌,,229-50
北投區,文林,三,147,北投區,石牌,,229-51
北投區,文林,三,147-1,北投區,石牌,,702-4
北投區,文林,三,148,北投區,石牌,,229-52
北投區,文林,三,149,北投區,石牌,,229-53
北投區,文林,三,15,北投區,石牌,,238-7
北投區,文林,三,150,北投區,石牌,,229-54
北投區,文林,三,151,北投區,石牌,,229-55
北投區,文林,三,152,北投區,石牌,,229-56
北投區,文林,三,153,北投區,石牌,,220-79
北投區,文林,三,154,北投區,石牌,,229-43
北投區,文林,三,155,北投區,石牌,,229-33
北投區,文林,三,155-1,北投區,石牌,,702-1
北投區,文林,三,155-2,北投區,石牌,,284-73
北投區,文林,三,156,北投區,石牌,,229-32
北投區,文林,三,156-1,北投區,石牌,,702
北投區,文林,三,157,北投區,石牌,,229-42
北投區,文林,三,158,北投區,石牌,,229-41
北投區,文林,三,159,北投區,石牌,,229-31
北投區,文林,三,16,北投區,石牌,,238-8
北投區,文林,三,160,北投區,石牌,,229-30
北投區,文林,三,161,北投區,石牌,,229-40
北投區,文林,三,162,北投區,石牌,,229-39
北投區,文林,三,163,北投區,石牌,,229-49
北投區,文林,三,164,北投區,石牌,,229-48
北投區,文林,三,165,北投區,石牌,,229-38
北投區,文林,三,166,北投區,石牌,,229-37
北投區,文林,三,167,北投區,石牌,,229-47
北投區,文林,三,168,北投區,石牌,,229-46
北投區,文林,三,169,北投區,石牌,,229-36
北投區,文林,三,17,北投區,石牌,,238-9
北投區,文林,三,170,北投區,石牌,,229-35
北投區,文林,三,171,北投區,石牌,,229-45
北投區,文林,三,172,北投區,石牌,,229-44
北投區,文林,三,173,北投區,石牌,,229-34
北投區,文林,三,174,北投區,石牌,,229-18
北投區,文林,三,175,北投區,石牌,,229-15
北投區,文林,三,176,北投區,石牌,,229-13
北投區,文林,三,177,北投區,石牌,,229-16
北投區,文林,三,178,北投區,石牌,,220-78
北投區,文林,三,179,北投區,石牌,,220-12
北投區,文林,三,18,北投區,石牌,,238-14
北投區,文林,三,183,北投區,石牌,,229-16
北投區,文林,三,185,北投區,石牌,,193-6
北投區,文林,三,186,北投區,石牌,,194-2
北投區,文林,三,187,北投區,石牌,,194
北投區,文林,三,188,北投區,石牌,,194-4
北投區,文林,三,189,北投區,石牌,,193-10
北投區,文林,三,19,北投區,石牌,,238-23
北投區,文林,三,190,北投區,石牌,,193-9
北投區,文林,三,191,北投區,石牌,,193-8
北投區,文林,三,192,北投區,石牌,,193-7
北投區,文林,三,193,北投區,石牌,,193-1
北投區,文林,三,194,北投區,石牌,,189-1
北投區,文林,三,195,北投區,石牌,,193-3
北投區,文林,三,196,北投區,石牌,,193-2
北投區,文林,三,197,北投區,石牌,,193-12
北投區,文林,三,199,北投區,石牌,,193-13
北投區,文林,三,2,北投區,石牌,,233
北投區,文林,三,200,北投區,石牌,,193-14
北投區,文林,三,201,北投區,石牌,,193-15
北投區,文林,三,202,北投區,石牌,,193-21
北投區,文林,三,203,北投區,石牌,,193-39
北投區,文林,三,204,北投區,石牌,,195-12
北投區,文林,三,205,北投區,石牌,,195-13
北投區,文林,三,206,北投區,石牌,,193-42
北投區,文林,三,207,北投區,石牌,,193-43
北投區,文林,三,208,北投區,石牌,,193-27
北投區,文林,三,209,北投區,石牌,,193-26
北投區,文林,三,210,北投區,石牌,,193-25
北投區,文林,三,211,北投區,石牌,,193-24
北投區,文林,三,212,北投區,石牌,,193-23
北投區,文林,三,213,北投區,石牌,,193-22
北投區,文林,三,214,北投區,石牌,,192-1
北投區,文林,三,216,北投區,石牌,,193-29
北投區,文林,三,217,北投區,石牌,,193-30
北投區,文林,三,218,北投區,石牌,,193-31
北投區,文林,三,219,北投區,石牌,,193-32
北投區,文林,三,220,北投區,石牌,,193-28
北投區,文林,三,221,北投區,石牌,,193-36
北投區,文林,三,223,北投區,石牌,,193-34
北投區,文林,三,224,北投區,石牌,,193-33
北投區,文林,三,225,北投區,石牌,,195-18
北投區,文林,三,226,北投區,石牌,,196-1
北投區,文林,三,227,北投區,石牌,,196
北投區,文林,三,228,北投區,石牌,,197-1
北投區,文林,三,229,北投區,石牌,,708
北投區,文林,三,229-1,北投區,石牌,,708-1
北投區,文林,三,230,北投區,石牌,,200-3
北投區,文林,三,231,北投區,石牌,,200-2
北投區,文林,三,232,北投區,石牌,,200-9
北投區,文林,三,233,北投區,石牌,,200-39
北投區,文林,三,234,北投區,石牌,,200-33
北投區,文林,三,235,北投區,石牌,,200-34
北投區,文林,三,236,北投區,石牌,,200-35
北投區,文林,三,237,北投區,石牌,,200-36
北投區,文林,三,238,北投區,石牌,,200-37
北投區,文林,三,239,北投區,石牌,,200-32
北投區,文林,三,240,北投區,石牌,,200-10
北投區,文林,三,241,北投區,石牌,,200-29
北投區,文林,三,242,北投區,石牌,,200-30
北投區,文林,三,243,北投區,石牌,,200-1
北投區,文林,三,244,北投區,石牌,,199-9
北投區,文林,三,245,北投區,石牌,,199-8
北投區,文林,三,246,北投區,石牌,,199-7
北投區,文林,三,247,北投區,石牌,,199
北投區,文林,三,248,北投區,石牌,,709
北投區,文林,三,248-4,北投區,石牌,,709-1
北投區,文林,三,248-5,北投區,石牌,,709-2
北投區,文林,三,248-6,北投區,石牌,,709-3
北投區,文林,三,248-7,北投區,石牌,,709-4
北投區,文林,三,248-8,北投區,石牌,,709-5
北投區,文林,三,249,北投區,石牌,,198-1
北投區,文林,三,250,北投區,石牌,,198-2
北投區,文林,三,251,北投區,石牌,,197
北投區,文林,三,252,北投區,石牌,,696
北投區,文林,三,253,北投區,石牌,,191
北投區,文林,三,254,北投區,石牌,,192
北投區,文林,三,255,北投區,石牌,,190
北投區,文林,三,256,北投區,石牌,,189
北投區,文林,三,257-1,北投區,石牌,,697
北投區,文林,三,262,北投區,石牌,,187-5
北投區,文林,三,263,北投區,石牌,,187-4
北投區,文林,三,264,北投區,石牌,,187-2
北投區,文林,三,265,北投區,石牌,,231-6
北投區,文林,三,266,北投區,石牌,,232-5
北投區,文林,三,267,北投區,石牌,,185-6
北投區,文林,三,268,北投區,石牌,,232-3
北投區,文林,三,269,北投區,石牌,,232-1
北投區,文林,三,270,北投區,石牌,,233-1
北投區,文林,三,271,北投區,石牌,,233-1
北投區,文林,三,275,北投區,石牌,,233-4
北投區,文林,三,277,北投區,石牌,,185
北投區,文林,三,278,北投區,石牌,,239-95
北投區,文林,三,283,北投區,石牌,,185-3
北投區,文林,三,286,北投區,石牌,,232-4
北投區,文林,三,287,北投區,石牌,,185-2
北投區,文林,三,288,北投區,石牌,,186
北投區,文林,三,289,北投區,石牌,,187
北投區,文林,三,292,北投區,石牌,,187-11
北投區,文林,三,293,北投區,石牌,,187-12
北投區,文林,三,294,北投區,石牌,,187-13
北投區,文林,三,295,北投區,石牌,,187-17
北投區,文林,三,296,北投區,石牌,,187-18
北投區,文林,三,298,北投區,石牌,,698
北投區,文林,三,299,北投區,石牌,,184-7
北投區,文林,三,3,北投區,石牌,,235-9
北投區,文林,三,300,北投區,石牌,,184-17
北投區,文林,三,301,北投區,石牌,,184-18
北投區,文林,三,302,北投區,石牌,,184-19
北投區,文林,三,303,北投區,石牌,,184-1
北投區,文林,三,304,北投區,石牌,,184-16
北投區,文林,三,305,北投區,石牌,,184-4
北投區,文林,三,306,北投區,石牌,,184-5
北投區,文林,三,307,北投區,石牌,,184-14
北投區,文林,三,308,北投區,石牌,,184-15
北投區,文林,三,309,北投區,石牌,,184-11
北投區,文林,三,31,北投區,石牌,,230-62
北投區,文林,三,310,北投區,石牌,,184-3
北投區,文林,三,311,北投區,石牌,,184-2
北投區,文林,三,312,北投區,石牌,,184-9
北投區,文林,三,313,北投區,石牌,,184-6
北投區,文林,三,314,北投區,石牌,,184-8
北投區,文林,三,315,北投區,石牌,,184-21
北投區,文林,三,316,北投區,石牌,,184-22
北投區,文林,三,317,北投區,石牌,,184-23
北投區,文林,三,318,北投區,石牌,,184-24
北投區,文林,三,319,北投區,石牌,,184-25
北投區,文林,三,320,北投區,石牌,,183-8
北投區,文林,三,321,北投區,石牌,,183-7
北投區,文林,三,322,北投區,石牌,,183-9
北投區,文林,三,323,北投區,石牌,,183-10
北投區,文林,三,324,北投區,石牌,,183-12
北投區,文林,三,325,北投區,石牌,,183-11
北投區,文林,三,326,北投區,石牌,,184-27
北投區,文林,三,327,北投區,石牌,,184-26
北投區,文林,三,328,北投區,石牌,,184-10
北投區,文林,三,329,北投區,石牌,,184-13
北投區,文林,三,330,北投區,石牌,,183-3
北投區,文林,三,331,北投區,石牌,,183-27
北投區,文林,三,332,北投區,石牌,,183-28
北投區,文林,三,333,北投區,石牌,,183-29
北投區,文林,三,334,北投區,石牌,,183-3
北投區,文林,三,335,北投區,石牌,,178-1
北投區,文林,三,336,北投區,石牌,,183-32
北投區,文林,三,337,北投區,石牌,,183-33
北投區,文林,三,338,北投區,石牌,,183-34
北投區,文林,三,339,北投區,石牌,,183-35
北投區,文林,三,340,北投區,石牌,,183-36
北投區,文林,三,341,北投區,石牌,,183-39
北投區,文林,三,342,北投區,石牌,,178-2
北投區,文林,三,343,北投區,石牌,,178
北投區,文林,三,345,北投區,石牌,,183-5
北投區,文林,三,346,北投區,石牌,,183-37
北投區,文林,三,347,北投區,石牌,,183-4
北投區,文林,三,350,北投區,石牌,,199-5
北投區,文林,三,351,北投區,石牌,,187-23
北投區,文林,三,352,北投區,石牌,,187-22
北投區,文林,三,353,北投區,石牌,,187-21
北投區,文林,三,354,北投區,石牌,,187-20
北投區,文林,三,355,北投區,石牌,,187-19
北投區,文林,三,356,北投區,石牌,,187-3
北投區,文林,三,357,北投區,石牌,,187-24
北投區,文林,三,358,北投區,石牌,,187-26
北投區,文林,三,359,北投區,石牌,,187-25
北投區,文林,三,360,北投區,石牌,,187-27
北投區,文林,三,361,北投區,石牌,,199-25
北投區,文林,三,362,北投區,石牌,,199-26
北投區,文林,三,363,北投區,石牌,,199-27
北投區,文林,三,364,北投區,石牌,,199-28
北投區,文林,三,365,北投區,石牌,,199-24
北投區,文林,三,366,北投區,石牌,,199-23
北投區,文林,三,367,北投區,石牌,,199-22
北投區,文林,三,368,北投區,石牌,,199-21
北投區,文林,三,369,北投區,石牌,,199-20
北投區,文林,三,37,北投區,石牌,,230-13
北投區,文林,三,370,北投區,石牌,,199-19
北投區,文林,三,371,北投區,石牌,,199-18
北投區,文林,三,372,北投區,石牌,,199-17
北投區,文林,三,373,北投區,石牌,,199-16
北投區,文林,三,374,北投區,石牌,,199-15
北投區,文林,三,375,北投區,石牌,,199-2
北投區,文林,三,376,北投區,石牌,,199-10
北投區,文林,三,377,北投區,石牌,,199-11
北投區,文林,三,378,北投區,石牌,,199-12
北投區,文林,三,379,北投區,石牌,,199-13
北投區,文林,三,38,北投區,石牌,,230-8
北投區,文林,三,380,北投區,石牌,,199-14
北投區,文林,三,381,北投區,石牌,,199-3
北投區,文林,三,382,北投區,石牌,,199-4
北投區,文林,三,383,北投區,石牌,,199-29
北投區,文林,三,384,北投區,石牌,,199-30
北投區,文林,三,385,北投區,石牌,,199-32
北投區,文林,三,386,北投區,石牌,,199-31
北投區,文林,三,387,北投區,石牌,,199-33
北投區,文林,三,388,北投區,石牌,,199-34
北投區,文林,三,389,北投區,石牌,,199-35
北投區,文林,三,39,北投區,石牌,,229-3
北投區,文林,三,390,北投區,石牌,,199-36
北投區,文林,三,391,北投區,石牌,,199-39
北投區,文林,三,392,北投區,石牌,,199-38
北投區,文林,三,393,北投區,石牌,,199-37
北投區,文林,三,394,北投區,石牌,,199-1
北投區,文林,三,395,北投區,石牌,,200-6
北投區,文林,三,396,北投區,石牌,,200-44
北投區,文林,三,397,北投區,石牌,,200-13
北投區,文林,三,398,北投區,石牌,,200-46
北投區,文林,三,399,北投區,石牌,,200-47
北投區,文林,三,4,北投區,石牌,,235-37
北投區,文林,三,40,北投區,石牌,,229-59
北投區,文林,三,400,北投區,石牌,,200-48
北投區,文林,三,401,北投區,石牌,,200-49
北投區,文林,三,402,北投區,石牌,,200-50
北投區,文林,三,403,北投區,石牌,,200-51
北投區,文林,三,404,北投區,石牌,,200-52
北投區,文林,三,405,北投區,石牌,,206-24
北投區,文林,三,406,北投區,石牌,,206
北投區,文林,三,407,北投區,石牌,,206-2
北投區,文林,三,408,北投區,石牌,,206-6
北投區,文林,三,409,北投區,石牌,,206-7
北投區,文林,三,41,北投區,石牌,,229-60
北投區,文林,三,410,北投區,石牌,,206-3
北投區,文林,三,410-1,北投區,石牌,,700
北投區,文林,三,411,北投區,石牌,,207
北投區,文林,三,411-1,北投區,石牌,,207
北投區,文林,三,412,北投區,石牌,,176-40
北投區,文林,三,413,北投區,石牌,,176-39
北投區,文林,三,414,北投區,石牌,,176-38
北投區,文林,三,415,北投區,石牌,,176-37
北投區,文林,三,416,北投區,石牌,,176-35
北投區,文林,三,417,北投區,石牌,,176-34
北投區,文林,三,418,北投區,石牌,,199-6
北投區,文林,三,419,北投區,石牌,,176-32
北投區,文林,三,42,北投區,石牌,,230-5
北投區,文林,三,420,北投區,石牌,,176-31
北投區,文林,三,421,北投區,石牌,,176-30
北投區,文林,三,422,北投區,石牌,,176-29
北投區,文林,三,423,北投區,石牌,,176-28
北投區,文林,三,424,北投區,石牌,,176-27
北投區,文林,三,425,北投區,石牌,,176-26
北投區,文林,三,426,北投區,石牌,,176-25
北投區,文林,三,427,北投區,石牌,,176-24
北投區,文林,三,428,北投區,石牌,,176-23
北投區,文林,三,429,北投區,石牌,,276-22
北投區,文林,三,43,北投區,石牌,,230-30
北投區,文林,三,430,北投區,石牌,,177-2
北投區,文林,三,431,北投區,石牌,,176
北投區,文林,三,432,北投區,石牌,,176-18
北投區,文林,三,433,北投區,石牌,,176-19
北投區,文林,三,434,北投區,石牌,,176-20
北投區,文林,三,435,北投區,石牌,,176-21
北投區,文林,三,436,北投區,石牌,,176-14
北投區,文林,三,437,北投區,石牌,,176-15
北投區,文林,三,438,北投區,石牌,,176-16
北投區,文林,三,439,北投區,石牌,,176-17
北投區,文林,三,44,北投區,石牌,,230-26
北投區,文林,三,440,北投區,石牌,,176-2
北投區,文林,三,441,北投區,石牌,,177-1
北投區,文林,三,442,北投區,石牌,,178-4
北投區,文林,三,442-1,北投區,石牌,,178-7
北投區,文林,三,443,北投區,石牌,,178-9
北投區,文林,三,444,北投區,石牌,,178-8
北投區,文林,三,445,北投區,石牌,,178-10
北投區,文林,三,446,北投區,石牌,,178-27
北投區,文林,三,447,北投區,石牌,,178-28
北投區,文林,三,448,北投區,石牌,,178-29
北投區,文林,三,449,北投區,石牌,,178-22
北投區,文林,三,45,北投區,石牌,,230-14
北投區,文林,三,450,北投區,石牌,,178-23
北投區,文林,三,451,北投區,石牌,,178-24
北投區,文林,三,452,北投區,石牌,,178-25
北投區,文林,三,453,北投區,石牌,,178-20
北投區,文林,三,454,北投區,石牌,,178-19
北投區,文林,三,455,北投區,石牌,,178-18
北投區,文林,三,456,北投區,石牌,,178-17
北投區,文林,三,457,北投區,石牌,,179-32
北投區,文林,三,458,北投區,石牌,,178-16
北投區,文林,三,459,北投區,石牌,,178-15
北投區,文林,三,46,北投區,石牌,,230-25
北投區,文林,三,460,北投區,石牌,,183-21
北投區,文林,三,461,北投區,石牌,,183-20
北投區,文林,三,462,北投區,石牌,,183
北投區,文林,三,463,北投區,石牌,,183-13
北投區,文林,三,464,北投區,石牌,,183-14
北投區,文林,三,465,北投區,石牌,,183-15
北投區,文林,三,466,北投區,石牌,,178-14
北投區,文林,三,467,北投區,石牌,,178-13
北投區,文林,三,468,北投區,石牌,,179
北投區,文林,三,469,北投區,石牌,,178-6
北投區,文林,三,47,北投區,石牌,,230-29
北投區,文林,三,470,北投區,石牌,,178-3
北投區,文林,三,470-1,北投區,石牌,,178-21
北投區,文林,三,471,北投區,石牌,,184
北投區,文林,三,472,北投區,石牌,,183-1
北投區,文林,三,473,北投區,石牌,,182
北投區,文林,三,474,北投區,石牌,,181-3
北投區,文林,三,475,北投區,石牌,,182-1
北投區,文林,三,476,北投區,石牌,,181-9
北投區,文林,三,477,北投區,石牌,,181
北投區,文林,三,478,北投區,石牌,,179-10
北投區,文林,三,479,北投區,石牌,,179-11
北投區,文林,三,48,北投區,石牌,,230-28
北投區,文林,三,480,北投區,石牌,,179-1
北投區,文林,三,481,北投區,石牌,,179-15
北投區,文林,三,482,北投區,石牌,,179-14
北投區,文林,三,483,北投區,石牌,,179-18
北投區,文林,三,484,北投區,石牌,,177
北投區,文林,三,485,北投區,石牌,,179-36
北投區,文林,三,486,北投區,石牌,,179-34
北投區,文林,三,487,北投區,石牌,,179-35
北投區,文林,三,488,北投區,石牌,,179-22
北投區,文林,三,489,北投區,石牌,,179-23
北投區,文林,三,49,北投區,石牌,,230-24
北投區,文林,三,490,北投區,石牌,,179-25
北投區,文林,三,491,北投區,石牌,,179-26
北投區,文林,三,492,北投區,石牌,,179-31
北投區,文林,三,493,北投區,石牌,,279-24
北投區,文林,三,494,北投區,石牌,,179-3
北投區,文林,三,495,北投區,石牌,,176-4
北投區,文林,三,496,北投區,石牌,,176-3
北投區,文林,三,497,北投區,石牌,,176-6
北投區,文林,三,498,北投區,石牌,,176-5
北投區,文林,三,499,北投區,石牌,,176-27
北投區,文林,三,5,北投區,石牌,,235-5
北投區,文林,三,50,北投區,石牌,,230-23
北投區,文林,三,500,北投區,石牌,,176-28
北投區,文林,三,501,北投區,石牌,,176-29
北投區,文林,三,502,北投區,石牌,,176-30
北投區,文林,三,503,北投區,石牌,,176-10
北投區,文林,三,504,北投區,石牌,,176-9
北投區,文林,三,505,北投區,石牌,,176-8
北投區,文林,三,506,北投區,石牌,,176-7
北投區,文林,三,507,北投區,石牌,,176-13
北投區,文林,三,508,北投區,石牌,,176-12
北投區,文林,三,509,北投區,石牌,,176-11
北投區,文林,三,51,北投區,石牌,,230-27
北投區,文林,三,510,北投區,石牌,,176-1
北投區,文林,三,511,北投區,石牌,,736
北投區,文林,三,512,北投區,石牌,,736
北投區,文林,三,513,北投區,石牌,,176-41
北投區,文林,三,514,北投區,石牌,,176-42
北投區,文林,三,515,北投區,石牌,,176-43
北投區,文林,三,516,北投區,石牌,,176-44
北投區,文林,三,517,北投區,石牌,,175
北投區,文林,三,518,北投區,石牌,,175-5
北投區,文林,三,519,北投區,石牌,,175-6
北投區,文林,三,52,北投區,石牌,,230-22
北投區,文林,三,520,北投區,石牌,,175-7
北投區,文林,三,521,北投區,石牌,,175-8
北投區,文林,三,522,北投區,石牌,,173-1
北投區,文林,三,523,北投區,石牌,,173
北投區,文林,三,524,北投區,石牌,,175-3
北投區,文林,三,525,北投區,石牌,,200-16
北投區,文林,三,525-1,北投區,石牌,,205
北投區,文林,三,526,北投區,石牌,,193-4
北投區,文林,三,527,北投區,石牌,,278-67
北投區,文林,三,53,北投區,石牌,,231-5
北投區,文林,三,530,北投區,石牌,,285-1
北投區,文林,三,531,北投區,石牌,,285-5
北投區,文林,三,54,北投區,石牌,,230-21
北投區,文林,三,541,北投區,石牌,,226-1
北投區,文林,三,542,北投區,石牌,,226-19
北投區,文林,三,543,北投區,石牌,,222
北投區,文林,三,544,北投區,石牌,,224-11
北投區,文林,三,545,北投區,石牌,,224-1
北投區,文林,三,546,北投區,石牌,,224-7
北投區,文林,三,547,北投區,石牌,,224-8
北投區,文林,三,548,北投區,石牌,,224-12
北投區,文林,三,549,北投區,石牌,,224-13
北投區,文林,三,550,北投區,石牌,,224-9
北投區,文林,三,551,北投區,石牌,,224-10
北投區,文林,三,552,北投區,石牌,,226-24
北投區,文林,三,552-1,北投區,石牌,,226-25
北投區,文林,三,553,北投區,石牌,,288-5
北投區,文林,三,554,北投區,石牌,,289-115
北投區,文林,三,555,北投區,石牌,,289-116
北投區,文林,三,558,北投區,石牌,,287-7
北投區,文林,三,558-1,北投區,石牌,,288-1
北投區,文林,三,559,北投區,石牌,,288-9
北投區,文林,三,560,北投區,石牌,,287-13
北投區,文林,三,561,北投區,石牌,,287-4
北投區,文林,三,562,北投區,石牌,,287-15
北投區,文林,三,563,北投區,石牌,,287-16
北投區,文林,三,564,北投區,石牌,,287-3
北投區,文林,三,565,北投區,石牌,,287-1
北投區,文林,三,566,北投區,石牌,,287-10
北投區,文林,三,567,北投區,石牌,,287-11
北投區,文林,三,568,北投區,石牌,,287-12
北投區,文林,三,569,北投區,石牌,,290-13
北投區,文林,三,57,北投區,石牌,,230-4
北投區,文林,三,570,北投區,石牌,,290-14
北投區,文林,三,571,北投區,石牌,,290-15
北投區,文林,三,572,北投區,石牌,,289-1
北投區,文林,三,573,北投區,石牌,,289-53
北投區,文林,三,574,北投區,石牌,,289-54
北投區,文林,三,575,北投區,石牌,,222-4
北投區,文林,三,576,北投區,石牌,,289-56
北投區,文林,三,577,北投區,石牌,,290-40
北投區,文林,三,578,北投區,石牌,,290-20
北投區,文林,三,579,北投區,石牌,,290-24
北投區,文林,三,58,北投區,石牌,,231-4
北投區,文林,三,580,北投區,石牌,,290-23
北投區,文林,三,581,北投區,石牌,,290-22
北投區,文林,三,582,北投區,石牌,,290-21
北投區,文林,三,584,北投區,石牌,,290-19
北投區,文林,三,585,北投區,石牌,,290-9
北投區,文林,三,586,北投區,石牌,,290-10
北投區,文林,三,587,北投區,石牌,,290-11
北投區,文林,三,59,北投區,石牌,,231-13
北投區,文林,三,59-1,北投區,石牌,,231-15
北投區,文林,三,595,北投區,石牌,,304-1
北投區,文林,三,596,北投區,石牌,,290-2
北投區,文林,三,597,北投區,石牌,,304-23
北投區,文林,三,598,北投區,石牌,,304-18
北投區,文林,三,6,北投區,石牌,,235-38
北投區,文林,三,60,北投區,石牌,,231-16
北投區,文林,三,600,北投區,石牌,,304-4
北投區,文林,三,601,北投區,石牌,,306
北投區,文林,三,602,北投區,石牌,,304-2
北投區,文林,三,603,北投區,石牌,,304-20
北投區,文林,三,604,北投區,石牌,,304-11
北投區,文林,三,604-1,北投區,石牌,,304-24
北投區,文林,三,605,北投區,石牌,,304-12
北投區,文林,三,606,北投區,石牌,,304-14
北投區,文林,三,607,北投區,石牌,,304-13
北投區,文林,三,608,北投區,石牌,,304-10
北投區,文林,三,609,北投區,石牌,,302-5
北投區,文林,三,61,北投區,石牌,,231-14
北投區,文林,三,610,北投區,石牌,,308-47
北投區,文林,三,611,北投區,石牌,,307-1
北投區,文林,三,612,北投區,石牌,,307-3
北投區,文林,三,613,北投區,石牌,,307
北投區,文林,三,614,北投區,石牌,,306-5
北投區,文林,三,615,北投區,石牌,,306-8
北投區,文林,三,616,北投區,石牌,,306-9
北投區,文林,三,617,北投區,石牌,,304-15
北投區,文林,三,618,北投區,石牌,,304-16
北投區,文林,三,619,北投區,石牌,,304-17
北投區,文林,三,62,北投區,石牌,,231-12
北投區,文林,三,622,北投區,石牌,,289-60
北投區,文林,三,623,北投區,石牌,,290-33
北投區,文林,三,624,北投區,石牌,,290-32
北投區,文林,三,625,北投區,石牌,,290-27
北投區,文林,三,626,北投區,石牌,,290-28
北投區,文林,三,627,北投區,石牌,,290-29
北投區,文林,三,628,北投區,石牌,,289-57
北投區,文林,三,628-1,北投區,石牌,,289-38
北投區,文林,三,629,北投區,石牌,,289-39
北投區,文林,三,63,北投區,石牌,,231-11
北投區,文林,三,630,北投區,石牌,,289-59
北投區,文林,三,631,北投區,石牌,,289-79
北投區,文林,三,634,北投區,石牌,,289-78
北投區,文林,三,635,北投區,石牌,,289-27
北投區,文林,三,636,北投區,石牌,,289-14
北投區,文林,三,637,北投區,石牌,,289-83
北投區,文林,三,638,北投區,石牌,,289-82
北投區,文林,三,639,北投區,石牌,,289-13
北投區,文林,三,64,北投區,石牌,,231-10
北投區,文林,三,640,北投區,石牌,,289-87
北投區,文林,三,641,北投區,石牌,,289-86
北投區,文林,三,642,北投區,石牌,,289-85
北投區,文林,三,643,北投區,石牌,,289-100
北投區,文林,三,644,北投區,石牌,,289-4
北投區,文林,三,645,北投區,石牌,,289-61
北投區,文林,三,646,北投區,石牌,,289-62
北投區,文林,三,647,北投區,石牌,,289-71
北投區,文林,三,648,北投區,石牌,,289-72
北投區,文林,三,649,北投區,石牌,,289-20
北投區,文林,三,65,北投區,石牌,,231-9
北投區,文林,三,650,北投區,石牌,,289-103
北投區,文林,三,651,北投區,石牌,,233-5
北投區,文林,三,652,北投區,石牌,,223-6
北投區,文林,三,653,北投區,石牌,,220-85
北投區,文林,三,654,北投區,石牌,,220-84
北投區,文林,三,655,北投區,石牌,,223-3
北投區,文林,三,656,北投區,石牌,,223-2
北投區,文林,三,657,北投區,石牌,,223
北投區,文林,三,658,北投區,石牌,,222-2
北投區,文林,三,658-1,北投區,石牌,,220-46
北投區,文林,三,659,北投區,石牌,,220
北投區,文林,三,66,北投區,石牌,,231-7
北投區,文林,三,660,北投區,石牌,,220-43
北投區,文林,三,661,北投區,石牌,,220-57
北投區,文林,三,662,北投區,石牌,,220-58
北投區,文林,三,663,北投區,石牌,,220-59
北投區,文林,三,664,北投區,石牌,,220-45
北投區,文林,三,665,北投區,石牌,,220-44
北投區,文林,三,666,北投區,石牌,,220-10
北投區,文林,三,667,北投區,石牌,,289-76
北投區,文林,三,668,北投區,石牌,,289-92
北投區,文林,三,669,北投區,石牌,,289-92
北投區,文林,三,67,北投區,石牌,,231
北投區,文林,三,670,北投區,石牌,,289-104
北投區,文林,三,671,北投區,石牌,,289-90
北投區,文林,三,672,北投區,石牌,,289-93
北投區,文林,三,673,北投區,石牌,,289-75
北投區,文林,三,674,北投區,石牌,,289-64
北投區,文林,三,675,北投區,石牌,,289-94
北投區,文林,三,676,北投區,石牌,,289-26
北投區,文林,三,677,北投區,石牌,,289-95
北投區,文林,三,678,北投區,石牌,,289-98
北投區,文林,三,679,北投區,石牌,,289-63
北投區,文林,三,68,北投區,石牌,,231-3
北投區,文林,三,680,北投區,石牌,,289-21
北投區,文林,三,681,北投區,石牌,,289-22
北投區,文林,三,682,北投區,石牌,,289-96
北投區,文林,三,683,北投區,石牌,,289-12
北投區,文林,三,684,北投區,石牌,,289-31
北投區,文林,三,685,北投區,石牌,,289-41
北投區,文林,三,686,北投區,石牌,,289-35
北投區,文林,三,687,北投區,石牌,,289-46
北投區,文林,三,688,北投區,石牌,,289-37
北投區,文林,三,689,北投區,石牌,,289-48
北投區,文林,三,69,北投區,石牌,,234-3
北投區,文林,三,690,北投區,石牌,,289-49
北投區,文林,三,691,北投區,石牌,,289-50
北投區,文林,三,692,北投區,石牌,,289-51
北投區,文林,三,693,北投區,石牌,,289-52
北投區,文林,三,694,北投區,石牌,,219
北投區,文林,三,699,北投區,石牌,,220-4
北投區,文林,三,7,北投區,石牌,,235-39
北投區,文林,三,700,北投區,石牌,,289-119
北投區,文林,三,701,北投區,石牌,,289-23
北投區,文林,三,701-1,北投區,石牌,,289-32
北投區,文林,三,703,北投區,石牌,,289-67
北投區,文林,三,704,北投區,石牌,,289-109
北投區,文林,三,705,北投區,石牌,,220-63
北投區,文林,三,706,北投區,石牌,,289-6
北投區,文林,三,707,北投區,石牌,,289-65
北投區,文林,三,708,北投區,石牌,,220-62
北投區,文林,三,709,北投區,石牌,,220-6
北投區,文林,三,709-1,北投區,石牌,,289-108
北投區,文林,三,710,北投區,石牌,,289-24
北投區,文林,三,710-1,北投區,石牌,,289-107
北投區,文林,三,712,北投區,石牌,,220-66
北投區,文林,三,713,北投區,石牌,,220-65
北投區,文林,三,714,北投區,石牌,,220-64
北投區,文林,三,716,北投區,石牌,,220-29
北投區,文林,三,717,北投區,石牌,,220-28
北投區,文林,三,718,北投區,石牌,,220-27
北投區,文林,三,719,北投區,石牌,,220-26
北投區,文林,三,720,北投區,石牌,,220-25
北投區,文林,三,721,北投區,石牌,,220-24
北投區,文林,三,722,北投區,石牌,,220-23
北投區,文林,三,723,北投區,石牌,,220-22
北投區,文林,三,724,北投區,石牌,,220-21
北投區,文林,三,725,北投區,石牌,,220-20
北投區,文林,三,726,北投區,石牌,,220-19
北投區,文林,三,727,北投區,石牌,,220-18
北投區,文林,三,728,北投區,石牌,,220-1
北投區,文林,三,729,北投區,石牌,,220-14
北投區,文林,三,730,北投區,石牌,,289-103
北投區,文林,三,731,北投區,石牌,,289-25
北投區,文林,三,732,北投區,石牌,,289-103
北投區,文林,三,733,北投區,石牌,,220-11
北投區,文林,三,734,北投區,石牌,,220-11
北投區,文林,三,735,北投區,石牌,,220-71
北投區,文林,三,736,北投區,石牌,,220-70
北投區,文林,三,737,北投區,石牌,,220-69
北投區,文林,三,738,北投區,石牌,,220-68
北投區,文林,三,739,北投區,石牌,,220-67
北投區,文林,三,74,北投區,石牌,,234
北投區,文林,三,740,北投區,石牌,,220-13
北投區,文林,三,741,北投區,石牌,,220-47
北投區,文林,三,742,北投區,石牌,,220-48
北投區,文林,三,743,北投區,石牌,,220-49
北投區,文林,三,744,北投區,石牌,,195-37
北投區,文林,三,745,北投區,石牌,,195-40
北投區,文林,三,746,北投區,石牌,,220-73
北投區,文林,三,747,北投區,石牌,,220-72
北投區,文林,三,748,北投區,石牌,,220-74
北投區,文林,三,749,北投區,石牌,,220-75
北投區,文林,三,75,北投區,石牌,,233-3
北投區,文林,三,750,北投區,石牌,,220-56
北投區,文林,三,751,北投區,石牌,,220-55
北投區,文林,三,752,北投區,石牌,,220-54
北投區,文林,三,753,北投區,石牌,,220-53
北投區,文林,三,754,北投區,石牌,,220-52
北投區,文林,三,755,北投區,石牌,,220-51
北投區,文林,三,756,北投區,石牌,,195-46
北投區,文林,三,757,北投區,石牌,,195-45
北投區,文林,三,758,北投區,石牌,,195-1
北投區,文林,三,759,北投區,石牌,,195-38
北投區,文林,三,76,北投區,石牌,,233-2
北投區,文林,三,760,北投區,石牌,,195-39
北投區,文林,三,761,北投區,石牌,,195-35
北投區,文林,三,762,北投區,石牌,,220-40
北投區,文林,三,763,北投區,石牌,,220-39
北投區,文林,三,764,北投區,石牌,,220-38
北投區,文林,三,765,北投區,石牌,,220-37
北投區,文林,三,766,北投區,石牌,,220-36
北投區,文林,三,767,北投區,石牌,,220-35
北投區,文林,三,768,北投區,石牌,,220-34
北投區,文林,三,769,北投區,石牌,,220-33
北投區,文林,三,77,北投區,石牌,,232-2
北投區,文林,三,770,北投區,石牌,,220-32
北投區,文林,三,771,北投區,石牌,,220-31
北投區,文林,三,772,北投區,石牌,,220-30
北投區,文林,三,773,北投區,石牌,,220-8
北投區,文林,三,776,北投區,石牌,,219-3
北投區,文林,三,777,北投區,石牌,,220-3
北投區,文林,三,778,北投區,石牌,,219-5
北投區,文林,三,779,北投區,石牌,,219-1
北投區,文林,三,779-1,北投區,石牌,,307-6
北投區,文林,三,779-2,北投區,石牌,,307-9
北投區,文林,三,779-3,北投區,石牌,,307-4
北投區,文林,三,779-4,北投區,石牌,,403-1
北投區,文林,三,78,北投區,石牌,,233-1
北投區,文林,三,781,北投區,石牌,,219-6
北投區,文林,三,783,北投區,石牌,,218
北投區,文林,三,784,北投區,石牌,,217-2
北投區,文林,三,786,北投區,石牌,,217-4
北投區,文林,三,787,北投區,石牌,,215
北投區,文林,三,788,北投區,石牌,,220-87
北投區,文林,三,789,北投區,石牌,,220-9
北投區,文林,三,79,北投區,石牌,,232-1
北投區,文林,三,790,北投區,石牌,,220-16
北投區,文林,三,791,北投區,石牌,,220-76
北投區,文林,三,792,北投區,石牌,,220-17
北投區,文林,三,793,北投區,石牌,,195-3
北投區,文林,三,794,北投區,石牌,,195-30
北投區,文林,三,795,北投區,石牌,,195-8
北投區,文林,三,796,北投區,石牌,,195-4
北投區,文林,三,797,北投區,石牌,,195-19
北投區,文林,三,798,北投區,石牌,,195-20
北投區,文林,三,799,北投區,石牌,,195-7
北投區,文林,三,80,北投區,石牌,,234-4
北投區,文林,三,800,北投區,石牌,,195-21
北投區,文林,三,801,北投區,石牌,,195-22
北投區,文林,三,802,北投區,石牌,,195-23
北投區,文林,三,803,北投區,石牌,,195-33
北投區,文林,三,804,北投區,石牌,,195-24
北投區,文林,三,808,北投區,石牌,,195-34
北投區,文林,三,809,北投區,石牌,,200-17
北投區,文林,三,81,北投區,石牌,,232
北投區,文林,三,810,北投區,石牌,,200-28
北投區,文林,三,811,北投區,石牌,,200-18
北投區,文林,三,812,北投區,石牌,,200-69
北投區,文林,三,813,北投區,石牌,,200-70
北投區,文林,三,814,北投區,石牌,,200-71
北投區,文林,三,815,北投區,石牌,,200-12
北投區,文林,三,816,北投區,石牌,,200-61
北投區,文林,三,817,北投區,石牌,,200-62
北投區,文林,三,818,北投區,石牌,,200-63
北投區,文林,三,819,北投區,石牌,,200-64
北投區,文林,三,82,北投區,石牌,,231-2
北投區,文林,三,820,北投區,石牌,,200-65
北投區,文林,三,821,北投區,石牌,,200-66
北投區,文林,三,822,北投區,石牌,,200-67
北投區,文林,三,823,北投區,石牌,,200-27
北投區,文林,三,824,北投區,石牌,,205-2
北投區,文林,三,825,北投區,石牌,,200-68
北投區,文林,三,826,北投區,石牌,,200-80
北投區,文林,三,827,北投區,石牌,,200-81
北投區,文林,三,828,北投區,石牌,,200-82
北投區,文林,三,829,北投區,石牌,,200-83
北投區,文林,三,83,北投區,石牌,,231-1
北投區,文林,三,830,北投區,石牌,,200-4
北投區,文林,三,831,北投區,石牌,,200-21
北投區,文林,三,832,北投區,石牌,,200-19
北投區,文林,三,833,北投區,石牌,,200-20
北投區,文林,三,834,北投區,石牌,,216
北投區,文林,三,835,北投區,石牌,,215-2
北投區,文林,三,836,北投區,石牌,,217-6
北投區,文林,三,836-1,北投區,石牌,,217-11
北投區,文林,三,837,北投區,石牌,,217-7
北投區,文林,三,838,北投區,石牌,,217-3
北投區,文林,三,838-1,北投區,石牌,,733
北投區,文林,三,839,北投區,石牌,,214-23
北投區,文林,三,84,北投區,石牌,,230-17
北投區,文林,三,840,北投區,石牌,,214-24
北投區,文林,三,841,北投區,石牌,,214-25
北投區,文林,三,842,北投區,石牌,,214-26
北投區,文林,三,842-1,北投區,石牌,,214-14
北投區,文林,三,843,北投區,石牌,,214-15
北投區,文林,三,844,北投區,石牌,,214-17
北投區,文林,三,844-1,北投區,石牌,,734
北投區,文林,三,845,北投區,石牌,,735
北投區,文林,三,846,北投區,石牌,,201
北投區,文林,三,847,北投區,石牌,,200
北投區,文林,三,848,北投區,石牌,,205-21
北投區,文林,三,849,北投區,石牌,,205-20
北投區,文林,三,85,北投區,石牌,,230-40
北投區,文林,三,850,北投區,石牌,,205-22
北投區,文林,三,851,北投區,石牌,,205-23
北投區,文林,三,852,北投區,石牌,,205-24
北投區,文林,三,853,北投區,石牌,,205-19
北投區,文林,三,854,北投區,石牌,,202-7
北投區,文林,三,855,北投區,石牌,,202-4
北投區,文林,三,856,北投區,石牌,,202-3
北投區,文林,三,857,北投區,石牌,,202
北投區,文林,三,858,北投區,石牌,,202-1
北投區,文林,三,859,北投區,石牌,,202-2
北投區,文林,三,859-1,北投區,石牌,,206-16
北投區,文林,三,86,北投區,石牌,,230-41
北投區,文林,三,860,北投區,石牌,,202-5
北投區,文林,三,861,北投區,石牌,,202-6
北投區,文林,三,862,北投區,石牌,,213
北投區,文林,三,863,北投區,石牌,,204-1
北投區,文林,三,864,北投區,石牌,,203-2
北投區,文林,三,865,北投區,石牌,,203-1
北投區,文林,三,866,北投區,石牌,,204-3
北投區,文林,三,867,北投區,石牌,,204-2
北投區,文林,三,868,北投區,石牌,,204
北投區,文林,三,869,北投區,石牌,,203
北投區,文林,三,87,北投區,石牌,,230-19
北投區,文林,三,870,北投區,石牌,,205-15
北投區,文林,三,871,北投區,石牌,,205-14
北投區,文林,三,872,北投區,石牌,,205-13
北投區,文林,三,873,北投區,石牌,,205-12
北投區,文林,三,874,北投區,石牌,,205-11
北投區,文林,三,875,北投區,石牌,,200-14
北投區,文林,三,876,北投區,石牌,,205-4
北投區,文林,三,877,北投區,石牌,,200-15
北投區,文林,三,878,北投區,石牌,,200-8
北投區,文林,三,879,北投區,石牌,,200-55
北投區,文林,三,88,北投區,石牌,,230-42
北投區,文林,三,880,北投區,石牌,,200-56
北投區,文林,三,881,北投區,石牌,,200-57
北投區,文林,三,882,北投區,石牌,,206-20
北投區,文林,三,882-1,北投區,石牌,,205-10
北投區,文林,三,883,北投區,石牌,,206-21
北投區,文林,三,884,北投區,石牌,,206-22
北投區,文林,三,885,北投區,石牌,,206-8
北投區,文林,三,886,北投區,石牌,,206-9
北投區,文林,三,887,北投區,石牌,,212
北投區,文林,三,888,北投區,石牌,,213-5
北投區,文林,三,889,北投區,石牌,,213-6
北投區,文林,三,89,北投區,石牌,,230-43
北投區,文林,三,890,北投區,石牌,,213-7
北投區,文林,三,891,北投區,石牌,,214-2
北投區,文林,三,892,北投區,石牌,,214-32
北投區,文林,三,893,北投區,石牌,,214-31
北投區,文林,三,894,北投區,石牌,,214-30
北投區,文林,三,895,北投區,石牌,,214-19
北投區,文林,三,896,北投區,石牌,,214-20
北投區,文林,三,897,北投區,石牌,,214-4
北投區,文林,三,898,北投區,石牌,,214-5
北投區,文林,三,899,北投區,石牌,,214-6
北投區,文林,三,9,北投區,石牌,,235-10
北投區,文林,三,90,北投區,石牌,,230-44
北投區,文林,三,900,北投區,石牌,,212-4
北投區,文林,三,902,北投區,石牌,,214-7
北投區,文林,三,903,北投區,石牌,,210-39
北投區,文林,三,904,北投區,石牌,,212-1
北投區,文林,三,905,北投區,石牌,,213-2
北投區,文林,三,906,北投區,石牌,,208-2
北投區,文林,三,907,北投區,石牌,,207-24
北投區,文林,三,908,北投區,石牌,,207-25
北投區,文林,三,909,北投區,石牌,,207-26
北投區,文林,三,91,北投區,石牌,,230-45
北投區,文林,三,910,北投區,石牌,,207-14
北投區,文林,三,911,北投區,石牌,,207-5
北投區,文林,三,915,北投區,石牌,,212-2
北投區,文林,三,915-1,北投區,石牌,,212-7
北投區,文林,三,915-2,北投區,石牌,,212-8
北投區,文林,三,916,北投區,石牌,,210-1
北投區,文林,三,917,北投區,石牌,,210-16
北投區,文林,三,918,北投區,石牌,,210-17
北投區,文林,三,919,北投區,石牌,,210-18
北投區,文林,三,92,北投區,石牌,,230-1
北投區,文林,三,920,北投區,石牌,,210-19
北投區,文林,三,921,北投區,石牌,,210-20
北投區,文林,三,922,北投區,石牌,,210-21
北投區,文林,三,923,北投區,石牌,,210-22
北投區,文林,三,929,北投區,石牌,,210
北投區,文林,三,93,北投區,石牌,,230-54
北投區,文林,三,930,北投區,石牌,,207-4
北投區,文林,三,930-1,北投區,石牌,,209-46
北投區,文林,三,930-2,北投區,石牌,,207-13
北投區,文林,三,930-3,北投區,石牌,,207-4
北投區,文林,三,930-4,北投區,石牌,,212-3
北投區,文林,三,930-5,北投區,石牌,,210-7
北投區,文林,三,931,北投區,石牌,,209-45
北投區,文林,三,932,北投區,石牌,,202-3
北投區,文林,三,933,北投區,石牌,,208
北投區,文林,三,934,北投區,石牌,,209
北投區,文林,三,935,北投區,石牌,,207-22
北投區,文林,三,936,北投區,石牌,,207-21
北投區,文林,三,937,北投區,石牌,,207-20
北投區,文林,三,938,北投區,石牌,,207-19
北投區,文林,三,939,北投區,石牌,,207-15
北投區,文林,三,940,北投區,石牌,,207-6
北投區,文林,三,941,北投區,石牌,,207-11
北投區,文林,三,942,北投區,石牌,,207-12
北投區,文林,三,943,北投區,石牌,,207-1
北投區,文林,三,944,北投區,石牌,,207-29
北投區,文林,三,945,北投區,石牌,,207-27
北投區,文林,三,949,北投區,石牌,,175-9
北投區,文林,三,951,北投區,石牌,,175-10
北投區,文林,三,952,北投區,石牌,,175-11
北投區,文林,三,953,北投區,石牌,,175-12
北投區,文林,三,954,北投區,石牌,,175-13
北投區,文林,三,96,北投區,石牌,,230-16
北投區,文林,三,960,北投區,石牌,,209-2
北投區,文林,三,961,北投區,石牌,,209-4
北投區,文林,三,962,北投區,石牌,,209-9
北投區,文林,三,963,北投區,石牌,,209-8
北投區,文林,三,964,北投區,石牌,,209-11
北投區,文林,三,969,北投區,石牌,,209-14
北投區,文林,三,971,北投區,石牌,,210-4
北投區,文林,三,977,北投區,石牌,,170-3
北投區,文林,三,978,北投區,石牌,,211-1
北投區,文林,三,98,北投區,石牌,,229-5
北投區,文林,三,99,北投區,石牌,,229-11
北投區,文林,二,1,北投區,石牌,,401-9
北投區,文林,二,10,北投區,石牌,,403-40
北投區,文林,二,100,北投區,石牌,,468-4
北投區,文林,二,106,北投區,石牌,,485-2
北投區,文林,二,107,北投區,石牌,,487-1
北投區,文林,二,11,北投區,石牌,,403-39
北投區,文林,二,111,北投區,石牌,,489-3
北投區,文林,二,112,北投區,石牌,,486
北投區,文林,二,113,北投區,石牌,,486-2
北投區,文林,二,117,北投區,石牌,,540-1
北投區,文林,二,118,北投區,石牌,,539
北投區,文林,二,12,北投區,石牌,,403-43
北投區,文林,二,120,北投區,石牌,,541-5
北投區,文林,二,122,北投區,石牌,,541-1
北投區,文林,二,126,北投區,石牌,,541-4
北投區,文林,二,127,北投區,石牌,,546-3
北投區,文林,二,14,北投區,石牌,,401-12
北投區,文林,二,15,北投區,石牌,,401-19
北投區,文林,二,16,北投區,石牌,,401-18
北投區,文林,二,17,北投區,石牌,,403-42
北投區,文林,二,172,北投區,石牌,,563
北投區,文林,二,18,北投區,石牌,,403-4
北投區,文林,二,19,北投區,石牌,,407
北投區,文林,二,20,北投區,石牌,,407-2
北投區,文林,二,207,北投區,石牌,,593-19
北投區,文林,二,211,北投區,石牌,,593-20
北投區,文林,二,212,北投區,石牌,,593-18
北投區,文林,二,213,北投區,石牌,,593-17
北投區,文林,二,214,北投區,石牌,,593-16
北投區,文林,二,215,北投區,石牌,,593-15
北投區,文林,二,216,北投區,石牌,,593-21
北投區,文林,二,219,北投區,石牌,,593-10
北投區,文林,二,221,北投區,石牌,,545
北投區,文林,二,223,北投區,石牌,,545-1
北投區,文林,二,227,北投區,石牌,,600-24
北投區,文林,二,229,北投區,石牌,,600
北投區,文林,二,230,北投區,石牌,,600-23
北投區,文林,二,232,北投區,石牌,,603-3
北投區,文林,二,236,北投區,石牌,,601
北投區,文林,二,238,北投區,石牌,,603-1
北投區,文林,二,240,北投區,石牌,,643-13
北投區,文林,二,241,北投區,石牌,,643-4
北投區,文林,二,243,北投區,石牌,,603-4
北投區,文林,二,258,北投區,石牌,,576
北投區,文林,二,27,北投區,石牌,,403-51
北投區,文林,二,28,北投區,石牌,,403-32
北投區,文林,二,29,北投區,石牌,,403-33
北投區,文林,二,296,北投區,石牌,,627-2
北投區,文林,二,297,北投區,石牌,,627-5
北投區,文林,二,298,北投區,石牌,,627-1
北投區,文林,二,299,北投區,石牌,,627
北投區,文林,二,301,北投區,石牌,,627-4
北投區,文林,二,31,北投區,石牌,,403-34
北投區,文林,二,366,北投區,石牌,,671-7
北投區,文林,二,367,北投區,石牌,,671-8
北投區,文林,二,368,北投區,石牌,,671-4
北投區,文林,二,369,北投區,石牌,,668-4
北投區,文林,二,373,北投區,石牌,,668-2
北投區,文林,二,374,北投區,石牌,,643-17
北投區,文林,二,378,北投區,石牌,,603-2
北投區,文林,二,379,北投區,石牌,,672
北投區,文林,二,380,北投區,石牌,,520-10
北投區,文林,二,382,北投區,石牌,,520-9
北投區,文林,二,384,北投區,石牌,,668-5
北投區,文林,二,391,北投區,石牌,,673-20
北投區,文林,二,392,北投區,石牌,,673-5
北投區,文林,二,397,北投區,石牌,,673-2
北投區,文林,二,400,北投區,石牌,,673-38
北投區,文林,二,401,北投區,石牌,,673-7
北投區,文林,二,402,北投區,石牌,,673-28
北投區,文林,二,403,北投區,石牌,,673-39
北投區,文林,二,404,北投區,石牌,,673-43
北投區,文林,二,405,北投區,石牌,,673-24
北投區,文林,二,407,北投區,石牌,,673-21
北投區,文林,二,408,北投區,石牌,,673-6
北投區,文林,二,409,北投區,石牌,,673-35
北投區,文林,二,410,北投區,石牌,,673-11
北投區,文林,二,415,北投區,石牌,,673-37
北投區,文林,二,419,北投區,石牌,,673-29
北投區,文林,二,420,北投區,石牌,,673-36
北投區,文林,二,421,北投區,石牌,,673-30
北投區,文林,二,48,北投區,石牌,,429-3
北投區,文林,二,49,北投區,石牌,,418-2
北投區,文林,二,50,北投區,石牌,,431
北投區,文林,二,51,北投區,石牌,,430
北投區,文林,二,52,北投區,石牌,,429-2
北投區,文林,二,54,北投區,石牌,,430-2
北投區,文林,二,57,北投區,石牌,,470-2
北投區,文林,二,62,北投區,石牌,,471-9
北投區,文林,二,65,北投區,石牌,,471-8
北投區,文林,二,66,北投區,石牌,,471-3
北投區,文林,二,7,北投區,石牌,,403-37
北投區,文林,二,8,北投區,石牌,,403-38
北投區,文林,二,9,北投區,石牌,,403-27
北投區,文林,二,98,北投區,石牌,,468-3
北投區,文林,二,99,北投區,石牌,,461
北投區,文林,五,1,北投區,石牌,,259-43
北投區,文林,五,10,北投區,石牌,,257-30
北投區,文林,五,100,北投區,石牌,,264-4
北投區,文林,五,101,北投區,石牌,,264-5
北投區,文林,五,102,北投區,石牌,,264-6
北投區,文林,五,103,北投區,石牌,,264-7
北投區,文林,五,104,北投區,石牌,,264-8
北投區,文林,五,105,北投區,石牌,,264-9
北投區,文林,五,106,北投區,石牌,,264-10
北投區,文林,五,107,北投區,石牌,,264-11
北投區,文林,五,108,北投區,石牌,,264-12
北投區,文林,五,109,北投區,石牌,,264-13
北投區,文林,五,110,北投區,石牌,,266-4
北投區,文林,五,112-1,北投區,石牌,,296-24
北投區,文林,五,113,北投區,石牌,,271
北投區,文林,五,114,北投區,石牌,,268
北投區,文林,五,115,北投區,石牌,,268-36
北投區,文林,五,116,北投區,石牌,,268-22
北投區,文林,五,117,北投區,石牌,,268-23
北投區,文林,五,118,北投區,石牌,,268-39
北投區,文林,五,119,北投區,石牌,,268-44
北投區,文林,五,120,北投區,石牌,,267-19
北投區,文林,五,121,北投區,石牌,,267-18
北投區,文林,五,122,北投區,石牌,,267-20
北投區,文林,五,123,北投區,石牌,,267-21
北投區,文林,五,124,北投區,石牌,,267-22
北投區,文林,五,125,北投區,石牌,,267-23
北投區,文林,五,126,北投區,石牌,,267-24
北投區,文林,五,127,北投區,石牌,,267-17
北投區,文林,五,128,北投區,石牌,,267-7
北投區,文林,五,129,北投區,石牌,,267-11
北投區,文林,五,13,北投區,石牌,,257-33
北投區,文林,五,130,北投區,石牌,,267-12
北投區,文林,五,131,北投區,石牌,,267-13
北投區,文林,五,132,北投區,石牌,,267-14
北投區,文林,五,133,北投區,石牌,,267-16
北投區,文林,五,134,北投區,石牌,,267-8
北投區,文林,五,135,北投區,石牌,,267-10
北投區,文林,五,136,北投區,石牌,,267-45
北投區,文林,五,137,北投區,石牌,,267-44
北投區,文林,五,138,北投區,石牌,,267-43
北投區,文林,五,139,北投區,石牌,,267-42
北投區,文林,五,14,北投區,石牌,,257-34
北投區,文林,五,140,北投區,石牌,,267-9
北投區,文林,五,141,北投區,石牌,,314
北投區,文林,五,142,北投區,石牌,,267-1
北投區,文林,五,143,北投區,石牌,,267-38
北投區,文林,五,144,北投區,石牌,,267-37
北投區,文林,五,145,北投區,石牌,,267
北投區,文林,五,146,北投區,石牌,,264-21
北投區,文林,五,147,北投區,石牌,,264-20
北投區,文林,五,148,北投區,石牌,,264-19
北投區,文林,五,149,北投區,石牌,,264-18
北投區,文林,五,15,北投區,石牌,,257-35
北投區,文林,五,150,北投區,石牌,,264-17
北投區,文林,五,151,北投區,石牌,,264-16
北投區,文林,五,152,北投區,石牌,,264-15
北投區,文林,五,153,北投區,石牌,,752
北投區,文林,五,154,北投區,石牌,,263-36
北投區,文林,五,155,北投區,石牌,,263-21
北投區,文林,五,156,北投區,石牌,,263-22
北投區,文林,五,157,北投區,石牌,,263-23
北投區,文林,五,158,北投區,石牌,,263-24
北投區,文林,五,159,北投區,石牌,,263-25
北投區,文林,五,16,北投區,石牌,,257-41
北投區,文林,五,160,北投區,石牌,,263-26
北投區,文林,五,161,北投區,石牌,,263-27
北投區,文林,五,162,北投區,石牌,,263-28
北投區,文林,五,163,北投區,石牌,,263-29
北投區,文林,五,164,北投區,石牌,,263-30
北投區,文林,五,165,北投區,石牌,,263-31
北投區,文林,五,166,北投區,石牌,,263-32
北投區,文林,五,167,北投區,石牌,,263-33
北投區,文林,五,168,北投區,石牌,,263-34
北投區,文林,五,169,北投區,石牌,,263-35
北投區,文林,五,170,北投區,石牌,,751-1
北投區,文林,五,171,北投區,石牌,,314-14
北投區,文林,五,172,北投區,石牌,,263-43
北投區,文林,五,173,北投區,石牌,,263-42
北投區,文林,五,174,北投區,石牌,,263-41
北投區,文林,五,175,北投區,石牌,,263-40
北投區,文林,五,176,北投區,石牌,,263-39
北投區,文林,五,177,北投區,石牌,,263-38
北投區,文林,五,178,北投區,石牌,,263-5
北投區,文林,五,179,北投區,石牌,,750
北投區,文林,五,180,北投區,石牌,,262-73
北投區,文林,五,181,北投區,石牌,,262-72
北投區,文林,五,182,北投區,石牌,,262-24
北投區,文林,五,183,北投區,石牌,,262-74
北投區,文林,五,184,北投區,石牌,,262-75
北投區,文林,五,185,北投區,石牌,,262-68
北投區,文林,五,186,北投區,石牌,,262-69
北投區,文林,五,187,北投區,石牌,,262-78
北投區,文林,五,188,北投區,石牌,,262-79
北投區,文林,五,189,北投區,石牌,,262-80
北投區,文林,五,19,北投區,石牌,,257-44
北投區,文林,五,190,北投區,石牌,,262-81
北投區,文林,五,191,北投區,石牌,,262-82
北投區,文林,五,192,北投區,石牌,,262-83
北投區,文林,五,193,北投區,石牌,,262-71
北投區,文林,五,194,北投區,石牌,,262-70
北投區,文林,五,195,北投區,石牌,,262-66
北投區,文林,五,196,北投區,石牌,,262-59
北投區,文林,五,197,北投區,石牌,,262-22
北投區,文林,五,198,北投區,石牌,,262-46
北投區,文林,五,199,北投區,石牌,,262-20
北投區,文林,五,2,北投區,石牌,,257-39
北投區,文林,五,20,北投區,石牌,,257-182
北投區,文林,五,200,北投區,石牌,,262-60
北投區,文林,五,201,北投區,石牌,,262-48
北投區,文林,五,202,北投區,石牌,,262-49
北投區,文林,五,203,北投區,石牌,,262-50
北投區,文林,五,204,北投區,石牌,,262-51
北投區,文林,五,205,北投區,石牌,,262-52
北投區,文林,五,206,北投區,石牌,,262-53
北投區,文林,五,207,北投區,石牌,,262-54
北投區,文林,五,208,北投區,石牌,,262-63
北投區,文林,五,209,北投區,石牌,,262-64
北投區,文林,五,210,北投區,石牌,,262-55
北投區,文林,五,211,北投區,石牌,,262-56
北投區,文林,五,212,北投區,石牌,,262-57
北投區,文林,五,213,北投區,石牌,,262-58
北投區,文林,五,214,北投區,石牌,,262-3
北投區,文林,五,215,北投區,石牌,,262-16
北投區,文林,五,216,北投區,石牌,,262-86
北投區,文林,五,217,北投區,石牌,,262-87
北投區,文林,五,218,北投區,石牌,,620-26
北投區,文林,五,219,北投區,石牌,,262-29
北投區,文林,五,22,北投區,石牌,,257-46
北投區,文林,五,220,北投區,石牌,,262-45
北投區,文林,五,221,北投區,石牌,,262-8
北投區,文林,五,222,北投區,石牌,,262-38
北投區,文林,五,224,北投區,石牌,,262-21
北投區,文林,五,225,北投區,石牌,,323-1
北投區,文林,五,226,北投區,石牌,,323-17
北投區,文林,五,227,北投區,石牌,,323-18
北投區,文林,五,228,北投區,石牌,,323-4
北投區,文林,五,229,北投區,石牌,,323-15
北投區,文林,五,23,北投區,石牌,,257-47
北投區,文林,五,230,北投區,石牌,,323-16
北投區,文林,五,231,北投區,石牌,,323-13
北投區,文林,五,232,北投區,石牌,,323-7
北投區,文林,五,233,北投區,石牌,,323-8
北投區,文林,五,234,北投區,石牌,,323-9
北投區,文林,五,235,北投區,石牌,,323
北投區,文林,五,236,北投區,石牌,,323-24
北投區,文林,五,237,北投區,石牌,,322
北投區,文林,五,238,北投區,石牌,,325-6
北投區,文林,五,239,北投區,石牌,,325-10
北投區,文林,五,24,北投區,石牌,,257-48
北投區,文林,五,240,北投區,石牌,,322-1
北投區,文林,五,241,北投區,石牌,,322-2
北投區,文林,五,242,北投區,石牌,,322-3
北投區,文林,五,243,北投區,石牌,,322-4
北投區,文林,五,244,北投區,石牌,,322-5
北投區,文林,五,245,北投區,石牌,,321
北投區,文林,五,246,北投區,石牌,,321-4
北投區,文林,五,247,北投區,石牌,,320-4
北投區,文林,五,249,北投區,石牌,,320
北投區,文林,五,25,北投區,石牌,,263-1
北投區,文林,五,250,北投區,石牌,,320-8
北投區,文林,五,251,北投區,石牌,,320-7
北投區,文林,五,254,北投區,石牌,,320-12
北投區,文林,五,255,北投區,石牌,,320-11
北投區,文林,五,256,北投區,石牌,,320-10
北投區,文林,五,257,北投區,石牌,,320-9
北投區,文林,五,258,北投區,石牌,,319-9
北投區,文林,五,259,北投區,石牌,,319-8
北投區,文林,五,26,北投區,石牌,,257-49
北投區,文林,五,260,北投區,石牌,,319-3
北投區,文林,五,261,北投區,石牌,,319-10
北投區,文林,五,262,北投區,石牌,,319-11
北投區,文林,五,263,北投區,石牌,,319-12
北投區,文林,五,264,北投區,石牌,,319-16
北投區,文林,五,265,北投區,石牌,,319-16
北投區,文林,五,266,北投區,石牌,,319-14
北投區,文林,五,267,北投區,石牌,,319-13
北投區,文林,五,268,北投區,石牌,,319-2
北投區,文林,五,269,北投區,石牌,,319-1
北投區,文林,五,27,北投區,石牌,,257-36
北投區,文林,五,270,北投區,石牌,,318
北投區,文林,五,270-1,北投區,石牌,,311-2
北投區,文林,五,271,北投區,石牌,,318-11
北投區,文林,五,272,北投區,石牌,,318-22
北投區,文林,五,273,北投區,石牌,,318-23
北投區,文林,五,274,北投區,石牌,,318-1
北投區,文林,五,275,北投區,石牌,,318-6
北投區,文林,五,276,北投區,石牌,,317-7
北投區,文林,五,277,北投區,石牌,,317-8
北投區,文林,五,278,北投區,石牌,,318-5
北投區,文林,五,279,北投區,石牌,,318-21
北投區,文林,五,28,北投區,石牌,,257-183
北投區,文林,五,280,北投區,石牌,,318-4
北投區,文林,五,281,北投區,石牌,,318-17
北投區,文林,五,282,北投區,石牌,,318-9
北投區,文林,五,283,北投區,石牌,,315-17
北投區,文林,五,284,北投區,石牌,,315-2
北投區,文林,五,285,北投區,石牌,,314-7
北投區,文林,五,286,北投區,石牌,,314-2
北投區,文林,五,287,北投區,石牌,,314-3
北投區,文林,五,288,北投區,石牌,,314-4
北投區,文林,五,289,北投區,石牌,,314-5
北投區,文林,五,290,北投區,石牌,,314-6
北投區,文林,五,292,北投區,石牌,,267-4
北投區,文林,五,293,北投區,石牌,,313-1
北投區,文林,五,293-1,北投區,石牌,,313
北投區,文林,五,294,北投區,石牌,,314-13
北投區,文林,五,295,北投區,石牌,,314-11
北投區,文林,五,296,北投區,石牌,,314-9
北投區,文林,五,297,北投區,石牌,,314-10
北投區,文林,五,298,北投區,石牌,,315
北投區,文林,五,299,北投區,石牌,,315-10
北投區,文林,五,3,北投區,石牌,,257-185
北投區,文林,五,30,北投區,石牌,,747
北投區,文林,五,300,北投區,石牌,,313-2
北投區,文林,五,301,北投區,石牌,,312-2
北投區,文林,五,302,北投區,石牌,,312-3
北投區,文林,五,303,北投區,石牌,,311
北投區,文林,五,304,北投區,石牌,,311-6
北投區,文林,五,305,北投區,石牌,,318-2
北投區,文林,五,306,北投區,石牌,,318-25
北投區,文林,五,307,北投區,石牌,,318-3
北投區,文林,五,308,北投區,石牌,,318-29
北投區,文林,五,309,北投區,石牌,,316
北投區,文林,五,310,北投區,石牌,,315-4
北投區,文林,五,311,北投區,石牌,,315-5
北投區,文林,五,312,北投區,石牌,,315-6
北投區,文林,五,313,北投區,石牌,,315-7
北投區,文林,五,314,北投區,石牌,,312
北投區,文林,五,315,北投區,石牌,,317
北投區,文林,五,315-1,北投區,石牌,,318-26
北投區,文林,五,316,北投區,石牌,,317-5
北投區,文林,五,317,北投區,石牌,,317-6
北投區,文林,五,318,北投區,石牌,,316-17
北投區,文林,五,319,北投區,石牌,,316-16
北投區,文林,五,320,北投區,石牌,,316-15
北投區,文林,五,321,北投區,石牌,,316-14
北投區,文林,五,322,北投區,石牌,,316-13
北投區,文林,五,323,北投區,石牌,,316-12
北投區,文林,五,324,北投區,石牌,,316-11
北投區,文林,五,325,北投區,石牌,,316-10
北投區,文林,五,326,北投區,石牌,,316-9
北投區,文林,五,327,北投區,石牌,,311-5
北投區,文林,五,328,北投區,石牌,,320
北投區,文林,五,329,北投區,石牌,,311
北投區,文林,五,33,北投區,石牌,,533-35
北投區,文林,五,330,北投區,石牌,,335
北投區,文林,五,331-1,北投區,石牌,,310-3
北投區,文林,五,331-2,北投區,石牌,,309-2
北投區,文林,五,331-3,北投區,石牌,,309
北投區,文林,五,332,北投區,石牌,,308-46
北投區,文林,五,333,北投區,石牌,,267-5
北投區,文林,五,333-1,北投區,石牌,,267-2
北投區,文林,五,333-2,北投區,石牌,,268-1
北投區,文林,五,334,北投區,石牌,,271-1
北投區,文林,五,335,北投區,石牌,,296-22
北投區,文林,五,336,北投區,石牌,,272-2
北投區,文林,五,338,北投區,石牌,,266-1
北投區,文林,五,340,北投區,石牌,,277
北投區,文林,五,341,北投區,石牌,,265-9
北投區,文林,五,342,北投區,石牌,,251-12
北投區,文林,五,343,北投區,石牌,,244-61
北投區,文林,五,344,北投區,石牌,,244-64
北投區,文林,五,345,北投區,石牌,,267-33
北投區,文林,五,346,北投區,石牌,,267-34
北投區,文林,五,347,北投區,石牌,,267-28
北投區,文林,五,348,北投區,石牌,,267-32
北投區,文林,五,349,北投區,石牌,,267-31
北投區,文林,五,350,北投區,石牌,,267-27
北投區,文林,五,351,北投區,石牌,,267-6
北投區,文林,五,352,北投區,石牌,,267-36
北投區,文林,五,352-1,北投區,石牌,,267-3
北投區,文林,五,352-2,北投區,石牌,,267-29
北投區,文林,五,353,北投區,石牌,,267-20
北投區,文林,五,354,北投區,石牌,,268-18
北投區,文林,五,355,北投區,石牌,,268-4
北投區,文林,五,356,北投區,石牌,,268-8
北投區,文林,五,357,北投區,石牌,,268-30
北投區,文林,五,358,北投區,石牌,,268-29
北投區,文林,五,359,北投區,石牌,,268-28
北投區,文林,五,36,北投區,石牌,,263
北投區,文林,五,361,北投區,石牌,,268-3
北投區,文林,五,362,北投區,石牌,,268-27
北投區,文林,五,363,北投區,石牌,,270
北投區,文林,五,364,北投區,石牌,,268-43
北投區,文林,五,365,北投區,石牌,,268-19
北投區,文林,五,366,北投區,石牌,,268-13
北投區,文林,五,367,北投區,石牌,,268-49
北投區,文林,五,368,北投區,石牌,,268-26
北投區,文林,五,369,北投區,石牌,,268-25
北投區,文林,五,37,北投區,石牌,,262-4
北投區,文林,五,370,北投區,石牌,,268-24
北投區,文林,五,371,北投區,石牌,,268-5
北投區,文林,五,372,北投區,石牌,,268-15
北投區,文林,五,373,北投區,石牌,,268-51
北投區,文林,五,373-1,北投區,石牌,,268-51
北投區,文林,五,374,北投區,石牌,,296-25
北投區,文林,五,375,北投區,石牌,,271-2
北投區,文林,五,375-1,北投區,石牌,,271-2
北投區,文林,五,375-2,北投區,石牌,,271-2
北投區,文林,五,376,北投區,石牌,,296-21
北投區,文林,五,376-1,北投區,石牌,,271-7
北投區,文林,五,376-2,北投區,石牌,,271-7
北投區,文林,五,377,北投區,石牌,,272-5
北投區,文林,五,378,北投區,石牌,,272-10
北投區,文林,五,379,北投區,石牌,,272-9
北投區,文林,五,38,北投區,石牌,,262-35
北投區,文林,五,380,北投區,石牌,,272-4
北投區,文林,五,381,北投區,石牌,,266
北投區,文林,五,382,北投區,石牌,,266-6
北投區,文林,五,384,北投區,石牌,,265-10
北投區,文林,五,387,北投區,石牌,,244-39
北投區,文林,五,389,北投區,石牌,,276
北投區,文林,五,390,北投區,石牌,,274
北投區,文林,五,391,北投區,石牌,,272-6
北投區,文林,五,392,北投區,石牌,,275-3
北投區,文林,五,393,北投區,石牌,,275
北投區,文林,五,394,北投區,石牌,,278-31
北投區,文林,五,395,北投區,石牌,,278-27
北投區,文林,五,396,北投區,石牌,,278-169
北投區,文林,五,397,北投區,石牌,,278-170
北投區,文林,五,398,北投區,石牌,,268-10
北投區,文林,五,40,北投區,石牌,,263-2
北投區,文林,五,400,北投區,石牌,,268-11
北投區,文林,五,400-1,北投區,石牌,,296
北投區,文林,五,401,北投區,石牌,,724
北投區,文林,五,401-1,北投區,石牌,,296-20
北投區,文林,五,402,北投區,石牌,,272-7
北投區,文林,五,403,北投區,石牌,,724
北投區,文林,五,404,北投區,石牌,,286
北投區,文林,五,406,北投區,石牌,,275-1
北投區,文林,五,407,北投區,石牌,,286-2
北投區,文林,五,408,北投區,石牌,,287-5
北投區,文林,五,409,北投區,石牌,,278-28
北投區,文林,五,410,北投區,石牌,,278-171
北投區,文林,五,411,北投區,石牌,,278-172
北投區,文林,五,412,北投區,石牌,,278-173
北投區,文林,五,413,北投區,石牌,,278-174
北投區,文林,五,414,北投區,石牌,,278-175
北投區,文林,五,415,北投區,石牌,,278-176
北投區,文林,五,416,北投區,石牌,,278-177
北投區,文林,五,417,北投區,石牌,,278-178
北投區,文林,五,419,北投區,石牌,,285-11
北投區,文林,五,42,北投區,石牌,,257-133
北投區,文林,五,420,北投區,石牌,,285-29
北投區,文林,五,421,北投區,石牌,,285-17
北投區,文林,五,422,北投區,石牌,,285-18
北投區,文林,五,423,北投區,石牌,,285-19
北投區,文林,五,424,北投區,石牌,,285-16
北投區,文林,五,425,北投區,石牌,,285-15
北投區,文林,五,426,北投區,石牌,,285-14
北投區,文林,五,427,北投區,石牌,,285-13
北投區,文林,五,428,北投區,石牌,,285-12
北投區,文林,五,429,北投區,石牌,,285-20
北投區,文林,五,43,北投區,石牌,,263-7
北投區,文林,五,430,北投區,石牌,,285-21
北投區,文林,五,431,北投區,石牌,,285-33
北投區,文林,五,432,北投區,石牌,,285-22
北投區,文林,五,433,北投區,石牌,,285-23
北投區,文林,五,434,北投區,石牌,,285-24
北投區,文林,五,435,北投區,石牌,,285-25
北投區,文林,五,436,北投區,石牌,,285-26
北投區,文林,五,437,北投區,石牌,,285-6
北投區,文林,五,438,北投區,石牌,,285-30
北投區,文林,五,439,北投區,石牌,,285-2
北投區,文林,五,44,北投區,石牌,,262-34
北投區,文林,五,440,北投區,石牌,,275-2
北投區,文林,五,441,北投區,石牌,,287
北投區,文林,五,442,北投區,石牌,,287-2
北投區,文林,五,443,北投區,石牌,,294-1
北投區,文林,五,444,北投區,石牌,,286-1
北投區,文林,五,445,北投區,石牌,,294-27
北投區,文林,五,446,北投區,石牌,,294-28
北投區,文林,五,447,北投區,石牌,,294-29
北投區,文林,五,45,北投區,石牌,,262-13
北投區,文林,五,450,北投區,石牌,,294-3
北投區,文林,五,451,北投區,石牌,,294-4
北投區,文林,五,452,北投區,石牌,,294-5
北投區,文林,五,453,北投區,石牌,,294-6
北投區,文林,五,454,北投區,石牌,,294-7
北投區,文林,五,455,北投區,石牌,,294-8
北投區,文林,五,456,北投區,石牌,,294-9
北投區,文林,五,457,北投區,石牌,,292-5
北投區,文林,五,458,北投區,石牌,,294-13
北投區,文林,五,459,北投區,石牌,,294-14
北投區,文林,五,460,北投區,石牌,,294-15
北投區,文林,五,461,北投區,石牌,,294-16
北投區,文林,五,462,北投區,石牌,,294-17
北投區,文林,五,463,北投區,石牌,,294-18
北投區,文林,五,465,北投區,石牌,,294-20
北投區,文林,五,466,北投區,石牌,,294-21
北投區,文林,五,467,北投區,石牌,,294-22
北投區,文林,五,468,北投區,石牌,,294-23
北投區,文林,五,469,北投區,石牌,,294-24
北投區,文林,五,47,北投區,石牌,,748
北投區,文林,五,470,北投區,石牌,,294-25
北投區,文林,五,471,北投區,石牌,,292-4
北投區,文林,五,472,北投區,石牌,,292-3
北投區,文林,五,473,北投區,石牌,,292-14
北投區,文林,五,474,北投區,石牌,,292-15
北投區,文林,五,475,北投區,石牌,,292-6
北投區,文林,五,476,北投區,石牌,,294-10
北投區,文林,五,477,北投區,石牌,,293
北投區,文林,五,480,北投區,石牌,,292-9
北投區,文林,五,481,北投區,石牌,,292-10
北投區,文林,五,482,北投區,石牌,,292-11
北投區,文林,五,483,北投區,石牌,,292-12
北投區,文林,五,486,北投區,石牌,,300-6
北投區,文林,五,487,北投區,石牌,,300-5
北投區,文林,五,488,北投區,石牌,,300-4
北投區,文林,五,489,北投區,石牌,,299-2
北投區,文林,五,490,北投區,石牌,,299-3
北投區,文林,五,491,北投區,石牌,,299-8
北投區,文林,五,492,北投區,石牌,,299-7
北投區,文林,五,493,北投區,石牌,,299-6
北投區,文林,五,494,北投區,石牌,,299-5
北投區,文林,五,495,北投區,石牌,,299-9
北投區,文林,五,496,北投區,石牌,,299-10
北投區,文林,五,497,北投區,石牌,,299-11
北投區,文林,五,498,北投區,石牌,,299-4
北投區,文林,五,499,北投區,石牌,,299
北投區,文林,五,5,北投區,石牌,,257-184
北投區,文林,五,500,北投區,石牌,,296-4
北投區,文林,五,501,北投區,石牌,,292-1
北投區,文林,五,502,北投區,石牌,,295
北投區,文林,五,506,北投區,石牌,,296-2
北投區,文林,五,507,北投區,石牌,,296-7
北投區,文林,五,508,北投區,石牌,,296-8
北投區,文林,五,509,北投區,石牌,,296-9
北投區,文林,五,51,北投區,石牌,,257-130
北投區,文林,五,510,北投區,石牌,,296-10
北投區,文林,五,511,北投區,石牌,,296-15
北投區,文林,五,512,北投區,石牌,,296-14
北投區,文林,五,513,北投區,石牌,,296-13
北投區,文林,五,514,北投區,石牌,,296-12
北投區,文林,五,515,北投區,石牌,,296-11
北投區,文林,五,516,北投區,石牌,,271-5
北投區,文林,五,517,北投區,石牌,,271-4
北投區,文林,五,518,北投區,石牌,,270-2
北投區,文林,五,519,北投區,石牌,,297-3
北投區,文林,五,52,北投區,石牌,,257-129
北投區,文林,五,520,北投區,石牌,,297
北投區,文林,五,521,北投區,石牌,,297-1
北投區,文林,五,522,北投區,石牌,,298
北投區,文林,五,522-1,北投區,石牌,,298-1
北投區,文林,五,523,北投區,石牌,,301
北投區,文林,五,523-1,北投區,石牌,,301-3
北投區,文林,五,524,北投區,石牌,,301-1
北投區,文林,五,524-1,北投區,石牌,,301-4
北投區,文林,五,525,北投區,石牌,,301-2
北投區,文林,五,526,北投區,石牌,,303-2
北投區,文林,五,527,北投區,石牌,,303-3
北投區,文林,五,528,北投區,石牌,,302
北投區,文林,五,529,北投區,石牌,,302-3
北投區,文林,五,53,北投區,石牌,,257-163
北投區,文林,五,530,北投區,石牌,,302-4
北投區,文林,五,531,北投區,石牌,,297-2
北投區,文林,五,532-1,北投區,石牌,,754
北投區,文林,五,533,北投區,石牌,,308-45
北投區,文林,五,534,北投區,石牌,,308-33
北投區,文林,五,535,北投區,石牌,,309-5
北投區,文林,五,536,北投區,石牌,,309-8
北投區,文林,五,537,北投區,石牌,,309-9
北投區,文林,五,538,北投區,石牌,,309-7
北投區,文林,五,539,北投區,石牌,,309-11
北投區,文林,五,54,北投區,石牌,,257-164
北投區,文林,五,540,北投區,石牌,,309-15
北投區,文林,五,541,北投區,石牌,,310
北投區,文林,五,542,北投區,石牌,,309-1
北投區,文林,五,543,北投區,石牌,,309-12
北投區,文林,五,544,北投區,石牌,,309-13
北投區,文林,五,545,北投區,石牌,,309-14
北投區,文林,五,546,北投區,石牌,,308-8
北投區,文林,五,547,北投區,石牌,,308-13
北投區,文林,五,548,北投區,石牌,,308-49
北投區,文林,五,549,北投區,石牌,,308-14
北投區,文林,五,55,北投區,石牌,,257-165
北投區,文林,五,550,北投區,石牌,,308-15
北投區,文林,五,551,北投區,石牌,,308-16
北投區,文林,五,552,北投區,石牌,,308-17
北投區,文林,五,553,北投區,石牌,,308-18
北投區,文林,五,554,北投區,石牌,,308-19
北投區,文林,五,555,北投區,石牌,,308-20
北投區,文林,五,556,北投區,石牌,,308-21
北投區,文林,五,557,北投區,石牌,,308-22
北投區,文林,五,558,北投區,石牌,,308-12
北投區,文林,五,559,北投區,石牌,,308-34
北投區,文林,五,56,北投區,石牌,,257-166
北投區,文林,五,561,北投區,石牌,,308-30
北投區,文林,五,562,北投區,石牌,,308-31
北投區,文林,五,563,北投區,石牌,,308-7
北投區,文林,五,564,北投區,石牌,,308-6
北投區,文林,五,567,北投區,石牌,,285-8
北投區,文林,五,568,北投區,石牌,,308
北投區,文林,五,569,北投區,石牌,,401-5
北投區,文林,五,57,北投區,石牌,,257-167
北投區,文林,五,58,北投區,石牌,,257-168
北投區,文林,五,59,北投區,石牌,,257-194
北投區,文林,五,6,北投區,石牌,,257-187
北投區,文林,五,60,北投區,石牌,,257-50
北投區,文林,五,61,北投區,石牌,,257-141
北投區,文林,五,62,北投區,石牌,,257-51
北投區,文林,五,63,北投區,石牌,,257-52
北投區,文林,五,67,北投區,石牌,,257-57
北投區,文林,五,68,北投區,石牌,,251-6
北投區,文林,五,69,北投區,石牌,,265-7
北投區,文林,五,7,北投區,石牌,,257-40
北投區,文林,五,70,北投區,石牌,,265
北投區,文林,五,73,北投區,石牌,,266-2
北投區,文林,五,74,北投區,石牌,,265-11
北投區,文林,五,75,北投區,石牌,,251-12
北投區,文林,五,75-1,北投區,石牌,,251-7
北投區,文林,五,77,北投區,石牌,,263-11
北投區,文林,五,78,北投區,石牌,,257-134
北投區,文林,五,79,北投區,石牌,,257-135
北投區,文林,五,8,北投區,石牌,,257-29
北投區,文林,五,80,北投區,石牌,,257-136
北投區,文林,五,81,北投區,石牌,,251-6
北投區,文林,五,83,北投區,石牌,,264
北投區,文林,五,84,北投區,石牌,,265-2
北投區,文林,五,85,北投區,石牌,,264-2
北投區,文林,五,86,北投區,石牌,,266-3
北投區,文林,五,88,北投區,石牌,,272
北投區,文林,五,89,北投區,石牌,,263-37
北投區,文林,五,9,北投區,石牌,,257-140
北投區,文林,五,90,北投區,石牌,,263-16
北投區,文林,五,91,北投區,石牌,,263-15
北投區,文林,五,92,北投區,石牌,,263-14
北投區,文林,五,93,北投區,石牌,,263-13
北投區,文林,五,94,北投區,石牌,,263-17
北投區,文林,五,95,北投區,石牌,,263-18
北投區,文林,五,96,北投區,石牌,,263-19
北投區,文林,五,97,北投區,石牌,,263-20
北投區,文林,五,98,北投區,石牌,,753
北投區,文林,五,99,北投區,石牌,,264-1
北投區,文林,四,1,北投區,石牌,,239-3
北投區,文林,四,100,北投區,石牌,,251-30
北投區,文林,四,101,北投區,石牌,,252-39
北投區,文林,四,102,北投區,石牌,,252-38
北投區,文林,四,103,北投區,石牌,,252-37
北投區,文林,四,104,北投區,石牌,,252-40
北投區,文林,四,105,北投區,石牌,,252-36
北投區,文林,四,106,北投區,石牌,,252-12
北投區,文林,四,107,北投區,石牌,,252-13
北投區,文林,四,108,北投區,石牌,,252-16
北投區,文林,四,109,北投區,石牌,,252-17
北投區,文林,四,11,北投區,石牌,,254-3
北投區,文林,四,110,北投區,石牌,,252-20
北投區,文林,四,111,北投區,石牌,,252-11
北投區,文林,四,112,北投區,石牌,,252-14
北投區,文林,四,113,北投區,石牌,,252-15
北投區,文林,四,114,北投區,石牌,,252-18
北投區,文林,四,115,北投區,石牌,,252-19
北投區,文林,四,116,北投區,石牌,,252-21
北投區,文林,四,117,北投區,石牌,,252-32
北投區,文林,四,118,北投區,石牌,,252-31
北投區,文林,四,119,北投區,石牌,,252-30
北投區,文林,四,12,北投區,石牌,,251-35
北投區,文林,四,12-1,北投區,石牌,,251-36
北投區,文林,四,120,北投區,石牌,,252-29
北投區,文林,四,121,北投區,石牌,,252-28
北投區,文林,四,122,北投區,石牌,,252-27
北投區,文林,四,123,北投區,石牌,,252-22
北投區,文林,四,124,北投區,石牌,,252-23
北投區,文林,四,125,北投區,石牌,,245-21
北投區,文林,四,126,北投區,石牌,,245-20
北投區,文林,四,127,北投區,石牌,,245-19
北投區,文林,四,128,北投區,石牌,,245
北投區,文林,四,129,北投區,石牌,,244-1
北投區,文林,四,13,北投區,石牌,,251
北投區,文林,四,130,北投區,石牌,,260-9
北投區,文林,四,134,北投區,石牌,,259-26
北投區,文林,四,135,北投區,石牌,,259-27
北投區,文林,四,137,北投區,石牌,,257
北投區,文林,四,139,北投區,石牌,,257-63
北投區,文林,四,140,北投區,石牌,,257-64
北投區,文林,四,141,北投區,石牌,,257-5
北投區,文林,四,144,北投區,石牌,,259-21
北投區,文林,四,150,北投區,石牌,,260
北投區,文林,四,151,北投區,石牌,,260-12
北投區,文林,四,152,北投區,石牌,,260-13
北投區,文林,四,153,北投區,石牌,,260-14
北投區,文林,四,154,北投區,石牌,,260-15
北投區,文林,四,155,北投區,石牌,,260-16
北投區,文林,四,156,北投區,石牌,,260-17
北投區,文林,四,157,北投區,石牌,,260-21
北投區,文林,四,158,北投區,石牌,,259-5
北投區,文林,四,159,北投區,石牌,,259-3
北投區,文林,四,160,北投區,石牌,,260-19
北投區,文林,四,161,北投區,石牌,,257-7
北投區,文林,四,162,北投區,石牌,,257-84
北投區,文林,四,163,北投區,石牌,,257-85
北投區,文林,四,165,北投區,石牌,,259-35
北投區,文林,四,166,北投區,石牌,,260-22
北投區,文林,四,167,北投區,石牌,,260-23
北投區,文林,四,168,北投區,石牌,,257-86
北投區,文林,四,169,北投區,石牌,,257-88
北投區,文林,四,170,北投區,石牌,,257-91
北投區,文林,四,171,北投區,石牌,,257-67
北投區,文林,四,172,北投區,石牌,,257-66
北投區,文林,四,173,北投區,石牌,,257-65
北投區,文林,四,175,北投區,石牌,,257-36
北投區,文林,四,176,北投區,石牌,,257-87
北投區,文林,四,177,北投區,石牌,,259-46
北投區,文林,四,178,北投區,石牌,,259-47
北投區,文林,四,179,北投區,石牌,,259-48
北投區,文林,四,180,北投區,石牌,,257-23
北投區,文林,四,181,北投區,石牌,,257-24
北投區,文林,四,182,北投區,石牌,,257-25
北投區,文林,四,183,北投區,石牌,,257-151
北投區,文林,四,184,北投區,石牌,,257-150
北投區,文林,四,185,北投區,石牌,,257-27
北投區,文林,四,186,北投區,石牌,,257-26
北投區,文林,四,187,北投區,石牌,,257-28
北投區,文林,四,188,北投區,石牌,,257-137
北投區,文林,四,189,北投區,石牌,,257-37
北投區,文林,四,190,北投區,石牌,,259-4
北投區,文林,四,191,北投區,石牌,,259-41
北投區,文林,四,192,北投區,石牌,,257-138
北投區,文林,四,193,北投區,石牌,,257-89
北投區,文林,四,194,北投區,石牌,,257-93
北投區,文林,四,195,北投區,石牌,,257-68
北投區,文林,四,196,北投區,石牌,,257-71
北投區,文林,四,197,北投區,石牌,,257-72
北投區,文林,四,198,北投區,石牌,,257-73
北投區,文林,四,199,北投區,石牌,,257-69
北投區,文林,四,2,北投區,石牌,,254-1
北投區,文林,四,200,北投區,石牌,,257-70
北投區,文林,四,201,北投區,石牌,,257-74
北投區,文林,四,202,北投區,石牌,,257-75
北投區,文林,四,203,北投區,石牌,,257-78
北投區,文林,四,204,北投區,石牌,,257-77
北投區,文林,四,205,北投區,石牌,,257-76
北投區,文林,四,206,北投區,石牌,,257-99
北投區,文林,四,207,北投區,石牌,,257-101
北投區,文林,四,208,北投區,石牌,,257-103
北投區,文林,四,209,北投區,石牌,,257-10
北投區,文林,四,213,北投區,石牌,,256-33
北投區,文林,四,214,北投區,石牌,,256-34
北投區,文林,四,215,北投區,石牌,,256-12
北投區,文林,四,217,北投區,石牌,,245-5
北投區,文林,四,218,北投區,石牌,,244
北投區,文林,四,22,北投區,石牌,,253-11
北投區,文林,四,225,北投區,石牌,,257-19
北投區,文林,四,228,北投區,石牌,,257-22
北投區,文林,四,229,北投區,石牌,,257-117
北投區,文林,四,230-1,北投區,石牌,,251-27
北投區,文林,四,230-2,北投區,石牌,,251-1
北投區,文林,四,231,北投區,石牌,,244-23
北投區,文林,四,232,北投區,石牌,,257-169
北投區,文林,四,233,北投區,石牌,,257-170
北投區,文林,四,234,北投區,石牌,,257-171
北投區,文林,四,235,北投區,石牌,,257-116
北投區,文林,四,236,北投區,石牌,,257-172
北投區,文林,四,237,北投區,石牌,,257-173
北投區,文林,四,238,北投區,石牌,,257-174
北投區,文林,四,239,北投區,石牌,,257-176
北投區,文林,四,240,北投區,石牌,,257-177
北投區,文林,四,241,北投區,石牌,,257-175
北投區,文林,四,242,北投區,石牌,,257-178
北投區,文林,四,243,北投區,石牌,,257-179
北投區,文林,四,244,北投區,石牌,,257-180
北投區,文林,四,245,北投區,石牌,,257-181
北投區,文林,四,246,北投區,石牌,,244-24
北投區,文林,四,247,北投區,石牌,,244-3
北投區,文林,四,25,北投區,石牌,,251-13
北投區,文林,四,252,北投區,石牌,,251-8
北投區,文林,四,253,北投區,石牌,,265-1
北投區,文林,四,254,北投區,石牌,,265-14
北投區,文林,四,254-1,北投區,石牌,,265-17
北投區,文林,四,254-2,北投區,石牌,,265-16
北投區,文林,四,255,北投區,石牌,,265-13
北投區,文林,四,256,北投區,石牌,,257-83
北投區,文林,四,257,北投區,石牌,,257-82
北投區,文林,四,258,北投區,石牌,,257-81
北投區,文林,四,259,北投區,石牌,,257-80
北投區,文林,四,26,北投區,石牌,,251-14
北投區,文林,四,260,北投區,石牌,,257-79
北投區,文林,四,261,北投區,石牌,,257-105
北投區,文林,四,262,北投區,石牌,,257-107
北投區,文林,四,263,北投區,石牌,,257-109
北投區,文林,四,264,北投區,石牌,,257-111
北投區,文林,四,265,北投區,石牌,,257-113
北投區,文林,四,266,北投區,石牌,,265-3
北投區,文林,四,267,北投區,石牌,,244-4
北投區,文林,四,268,北投區,石牌,,251-4
北投區,文林,四,269,北投區,石牌,,251-20
北投區,文林,四,27,北投區,石牌,,251-15
北投區,文林,四,270,北投區,石牌,,251-22
北投區,文林,四,271,北投區,石牌,,250-2
北投區,文林,四,273,北投區,石牌,,248-1
北投區,文林,四,275,北投區,石牌,,248-2
北投區,文林,四,276,北投區,石牌,,248
北投區,文林,四,277,北投區,石牌,,247
北投區,文林,四,278,北投區,石牌,,247-33
北投區,文林,四,28,北投區,石牌,,251-16
北投區,文林,四,282,北投區,石牌,,247-2
北投區,文林,四,283,北投區,石牌,,247-29
北投區,文林,四,284,北投區,石牌,,247-15
北投區,文林,四,285,北投區,石牌,,247-16
北投區,文林,四,286,北投區,石牌,,247-32
北投區,文林,四,287,北投區,石牌,,247-10
北投區,文林,四,288,北投區,石牌,,247-11
北投區,文林,四,289,北投區,石牌,,247-31
北投區,文林,四,29,北投區,石牌,,251-17
北投區,文林,四,290,北投區,石牌,,247-30
北投區,文林,四,291,北投區,石牌,,247-12
北投區,文林,四,292,北投區,石牌,,247-13
北投區,文林,四,293,北投區,石牌,,247-26
北投區,文林,四,294,北投區,石牌,,247-14
北投區,文林,四,295,北投區,石牌,,247-25
北投區,文林,四,296,北投區,石牌,,247-3
北投區,文林,四,297,北投區,石牌,,247-27
北投區,文林,四,298,北投區,石牌,,247-8
北投區,文林,四,299,北投區,石牌,,247-9
北投區,文林,四,3,北投區,石牌,,251-3
北投區,文林,四,30,北投區,石牌,,251-18
北投區,文林,四,300,北投區,石牌,,247-5
北投區,文林,四,301,北投區,石牌,,247-20
北投區,文林,四,302,北投區,石牌,,247-6
北投區,文林,四,303,北投區,石牌,,247-21
北投區,文林,四,304,北投區,石牌,,247-7
北投區,文林,四,305,北投區,石牌,,247-4
北投區,文林,四,306,北投區,石牌,,247-18
北投區,文林,四,307,北投區,石牌,,247-19
北投區,文林,四,308,北投區,石牌,,245-41
北投區,文林,四,309,北投區,石牌,,245-86
北投區,文林,四,31,北投區,石牌,,251-19
北投區,文林,四,310-1,北投區,石牌,,245-9
北投區,文林,四,311,北投區,石牌,,245-84
北投區,文林,四,311-1,北投區,石牌,,245-87
北投區,文林,四,312,北投區,石牌,,245-85
北投區,文林,四,313,北投區,石牌,,251-23
北投區,文林,四,314,北投區,石牌,,251-21
北投區,文林,四,315,北投區,石牌,,252-5
北投區,文林,四,316,北投區,石牌,,252-6
北投區,文林,四,317,北投區,石牌,,252-7
北投區,文林,四,318,北投區,石牌,,245-29
北投區,文林,四,319,北投區,石牌,,245-30
北投區,文林,四,32,北投區,石牌,,253-14
北投區,文林,四,320,北投區,石牌,,245-31
北投區,文林,四,321,北投區,石牌,,245-10
北投區,文林,四,322,北投區,石牌,,245-71
北投區,文林,四,323,北投區,石牌,,245-70
北投區,文林,四,324,北投區,石牌,,245-68
北投區,文林,四,325,北投區,石牌,,245-80
北投區,文林,四,326,北投區,石牌,,245-67
北投區,文林,四,327,北投區,石牌,,245-69
北投區,文林,四,328,北投區,石牌,,245-75
北投區,文林,四,329,北投區,石牌,,245-74
北投區,文林,四,33,北投區,石牌,,252
北投區,文林,四,330,北投區,石牌,,245-73
北投區,文林,四,331,北投區,石牌,,245-72
北投區,文林,四,332,北投區,石牌,,245-76
北投區,文林,四,332-1,北投區,石牌,,245-76
北投區,文林,四,333,北投區,石牌,,245-77
北投區,文林,四,333-1,北投區,石牌,,245-77
北投區,文林,四,334,北投區,石牌,,245-78
北投區,文林,四,334-1,北投區,石牌,,245-78
北投區,文林,四,335,北投區,石牌,,242
北投區,文林,四,335-1,北投區,石牌,,242
北投區,文林,四,336,北投區,石牌,,242-24
北投區,文林,四,337,北投區,石牌,,245-24
北投區,文林,四,338,北投區,石牌,,245-23
北投區,文林,四,339,北投區,石牌,,245-8
北投區,文林,四,34,北投區,石牌,,252-3
北投區,文林,四,340,北投區,石牌,,245-18
北投區,文林,四,341,北投區,石牌,,246
北投區,文林,四,342,北投區,石牌,,245-65
北投區,文林,四,343,北投區,石牌,,245-66
北投區,文林,四,344,北投區,石牌,,245-64
北投區,文林,四,345,北投區,石牌,,245-63
北投區,文林,四,346,北投區,石牌,,245-32
北投區,文林,四,347,北投區,石牌,,245-27
北投區,文林,四,348,北投區,石牌,,245-26
北投區,文林,四,349,北投區,石牌,,245-14
北投區,文林,四,35,北投區,石牌,,252-4
北投區,文林,四,350,北投區,石牌,,245-15
北投區,文林,四,351,北投區,石牌,,245-16
北投區,文林,四,352,北投區,石牌,,245-17
北投區,文林,四,353,北投區,石牌,,245-62
北投區,文林,四,354,北投區,石牌,,245-13
北投區,文林,四,355,北投區,石牌,,245-12
北投區,文林,四,356,北投區,石牌,,245-58
北投區,文林,四,357,北投區,石牌,,242-25
北投區,文林,四,358,北投區,石牌,,242-40
北投區,文林,四,359,北投區,石牌,,242-41
北投區,文林,四,36,北投區,石牌,,254-11
北投區,文林,四,360,北投區,石牌,,242-8
北投區,文林,四,361,北投區,石牌,,242-35
北投區,文林,四,362,北投區,石牌,,242-36
北投區,文林,四,363,北投區,石牌,,244-48
北投區,文林,四,364,北投區,石牌,,242-2
北投區,文林,四,365,北投區,石牌,,242-57
北投區,文林,四,366,北投區,石牌,,242-5
北投區,文林,四,368,北投區,石牌,,244-5
北投區,文林,四,370,北投區,石牌,,244-99
北投區,文林,四,371,北投區,石牌,,244-50
北投區,文林,四,372,北投區,石牌,,244-27
北投區,文林,四,373,北投區,石牌,,244-33
北投區,文林,四,374,北投區,石牌,,244-51
北投區,文林,四,376,北投區,石牌,,244-28
北投區,文林,四,377,北投區,石牌,,244-15
北投區,文林,四,378,北投區,石牌,,244-30
北投區,文林,四,38,北投區,石牌,,254-13
北投區,文林,四,384,北投區,石牌,,265-5
北投區,文林,四,385,北投區,石牌,,265-15
北投區,文林,四,386,北投區,石牌,,251-10
北投區,文林,四,387,北投區,石牌,,244-73
北投區,文林,四,388,北投區,石牌,,244-89
北投區,文林,四,389,北投區,石牌,,244-88
北投區,文林,四,39,北投區,石牌,,255-2
北投區,文林,四,390,北投區,石牌,,244-87
北投區,文林,四,391,北投區,石牌,,244-68
北投區,文林,四,392,北投區,石牌,,244-69
北投區,文林,四,393,北投區,石牌,,244-70
北投區,文林,四,394,北投區,石牌,,244-71
北投區,文林,四,395,北投區,石牌,,244-72
北投區,文林,四,396,北投區,石牌,,244-74
北投區,文林,四,397,北投區,石牌,,244-75
北投區,文林,四,398,北投區,石牌,,244-76
北投區,文林,四,399,北投區,石牌,,244-77
北投區,文林,四,4,北投區,石牌,,250
北投區,文林,四,40,北投區,石牌,,255-1
北投區,文林,四,400,北投區,石牌,,244-78
北投區,文林,四,401,北投區,石牌,,244-79
北投區,文林,四,402,北投區,石牌,,244-80
北投區,文林,四,403,北投區,石牌,,244-81
北投區,文林,四,404,北投區,石牌,,244-82
北投區,文林,四,405,北投區,石牌,,244-83
北投區,文林,四,406,北投區,石牌,,265-6
北投區,文林,四,407,北投區,石牌,,251-11
北投區,文林,四,408,北投區,石牌,,244-36
北投區,文林,四,409,北投區,石牌,,244-40
北投區,文林,四,41,北投區,石牌,,255
北投區,文林,四,410,北投區,石牌,,247-41
北投區,文林,四,411,北投區,石牌,,241-63
北投區,文林,四,412,北投區,石牌,,247-40
北投區,文林,四,413,北投區,石牌,,241-62
北投區,文林,四,414,北投區,石牌,,247-39
北投區,文林,四,415,北投區,石牌,,241-61
北投區,文林,四,416,北投區,石牌,,241
北投區,文林,四,417,北投區,石牌,,241-1
北投區,文林,四,418,北投區,石牌,,241-2
北投區,文林,四,419,北投區,石牌,,241-18
北投區,文林,四,42,北投區,石牌,,251-34
北投區,文林,四,42-1,北投區,石牌,,251-33
北投區,文林,四,420,北投區,石牌,,241-19
北投區,文林,四,421,北投區,石牌,,241-20
北投區,文林,四,422,北投區,石牌,,241-21
北投區,文林,四,423,北投區,石牌,,241-22
北投區,文林,四,424,北投區,石牌,,241-23
北投區,文林,四,425,北投區,石牌,,241-24
北投區,文林,四,426,北投區,石牌,,241-25
北投區,文林,四,427,北投區,石牌,,241-26
北投區,文林,四,428,北投區,石牌,,241-27
北投區,文林,四,429,北投區,石牌,,241-28
北投區,文林,四,43,北投區,石牌,,253-2
北投區,文林,四,430,北投區,石牌,,241-29
北投區,文林,四,431,北投區,石牌,,242-26
北投區,文林,四,431-1,北投區,石牌,,245-54
北投區,文林,四,431-2,北投區,石牌,,245-54
北投區,文林,四,431-3,北投區,石牌,,245-54
北投區,文林,四,432,北投區,石牌,,245-60
北投區,文林,四,433,北投區,石牌,,247-38
北投區,文林,四,434,北投區,石牌,,241-60
北投區,文林,四,435,北投區,石牌,,241-3
北投區,文林,四,436,北投區,石牌,,245-53
北投區,文林,四,437,北投區,石牌,,245-55
北投區,文林,四,438,北投區,石牌,,245-81
北投區,文林,四,439,北投區,石牌,,245-82
北投區,文林,四,44,北投區,石牌,,253-3
北投區,文林,四,440,北投區,石牌,,245-42
北投區,文林,四,441,北投區,石牌,,245-61
北投區,文林,四,442,北投區,石牌,,247-37
北投區,文林,四,443,北投區,石牌,,241-59
北投區,文林,四,444,北投區,石牌,,241-4
北投區,文林,四,445,北投區,石牌,,241-10
北投區,文林,四,446,北投區,石牌,,241-12
北投區,文林,四,447,北投區,石牌,,241-14
北投區,文林,四,448,北投區,石牌,,241-15
北投區,文林,四,449,北投區,石牌,,241-9
北投區,文林,四,45,北投區,石牌,,256-3
北投區,文林,四,450,北投區,石牌,,241-11
北投區,文林,四,451,北投區,石牌,,241-13
北投區,文林,四,452,北投區,石牌,,241-16
北投區,文林,四,453,北投區,石牌,,241-17
北投區,文林,四,454,北投區,石牌,,242-27
北投區,文林,四,455,北投區,石牌,,242-52
北投區,文林,四,456,北投區,石牌,,247-35
北投區,文林,四,457,北投區,石牌,,247-1
北投區,文林,四,458,北投區,石牌,,241-58
北投區,文林,四,459,北投區,石牌,,241-5
北投區,文林,四,46,北投區,石牌,,256-4
北投區,文林,四,460,北投區,石牌,,242-28
北投區,文林,四,461,北投區,石牌,,242-42
北投區,文林,四,462,北投區,石牌,,242-43
北投區,文林,四,463,北投區,石牌,,242-44
北投區,文林,四,464,北投區,石牌,,242-45
北投區,文林,四,465,北投區,石牌,,242-46
北投區,文林,四,466,北投區,石牌,,242-47
北投區,文林,四,467,北投區,石牌,,242-48
北投區,文林,四,468,北投區,石牌,,242-49
北投區,文林,四,469,北投區,石牌,,242-50
北投區,文林,四,47,北投區,石牌,,256-26
北投區,文林,四,470,北投區,石牌,,242-51
北投區,文林,四,475,北投區,石牌,,242-9
北投區,文林,四,476,北投區,石牌,,242-10
北投區,文林,四,477,北投區,石牌,,242-11
北投區,文林,四,478,北投區,石牌,,242-12
北投區,文林,四,479,北投區,石牌,,242-13
北投區,文林,四,48,北投區,石牌,,256-5
北投區,文林,四,480,北投區,石牌,,242-30
北投區,文林,四,481,北投區,石牌,,242-31
北投區,文林,四,482,北投區,石牌,,242-32
北投區,文林,四,483,北投區,石牌,,242-33
北投區,文林,四,484,北投區,石牌,,242-34
北投區,文林,四,485,北投區,石牌,,242-37
北投區,文林,四,486,北投區,石牌,,242-54
北投區,文林,四,487,北投區,石牌,,280-25
北投區,文林,四,488,北投區,石牌,,280-24
北投區,文林,四,489,北投區,石牌,,242-17
北投區,文林,四,49,北投區,石牌,,257-2
北投區,文林,四,490,北投區,石牌,,242-15
北投區,文林,四,493,北投區,石牌,,280-2
北投區,文林,四,494,北投區,石牌,,280-39
北投區,文林,四,495,北投區,石牌,,280-40
北投區,文林,四,496,北投區,石牌,,278-8
北投區,文林,四,497,北投區,石牌,,243-2
北投區,文林,四,499,北投區,石牌,,278-56
北投區,文林,四,50,北投區,石牌,,255-3
北投區,文林,四,500,北投區,石牌,,244-66
北投區,文林,四,501,北投區,石牌,,244-65
北投區,文林,四,502,北投區,石牌,,244-44
北投區,文林,四,503,北投區,石牌,,243-3
北投區,文林,四,504,北投區,石牌,,244-67
北投區,文林,四,505,北投區,石牌,,244-53
北投區,文林,四,506,北投區,石牌,,244-54
北投區,文林,四,507,北投區,石牌,,244-55
北投區,文林,四,508,北投區,石牌,,244-6
北投區,文林,四,511,北投區,石牌,,244-86
北投區,文林,四,512,北投區,石牌,,723
北投區,文林,四,513,北投區,石牌,,278-7
北投區,文林,四,515,北投區,石牌,,279-1
北投區,文林,四,516,北投區,石牌,,278
北投區,文林,四,521,北投區,石牌,,244-42
北投區,文林,四,523,北投區,石牌,,278-150
北投區,文林,四,526,北投區,石牌,,279-4
北投區,文林,四,527,北投區,石牌,,278-3
北投區,文林,四,529,北投區,石牌,,278-26
北投區,文林,四,530,北投區,石牌,,241-30
北投區,文林,四,531,北投區,石牌,,241-31
北投區,文林,四,532,北投區,石牌,,241-32
北投區,文林,四,533,北投區,石牌,,241-33
北投區,文林,四,534,北投區,石牌,,241-34
北投區,文林,四,535,北投區,石牌,,241-35
北投區,文林,四,536,北投區,石牌,,241-36
北投區,文林,四,537,北投區,石牌,,241-37
北投區,文林,四,538,北投區,石牌,,241-38
北投區,文林,四,539,北投區,石牌,,241-39
北投區,文林,四,540,北投區,石牌,,241-40
北投區,文林,四,541,北投區,石牌,,241-41
北投區,文林,四,542,北投區,石牌,,241-42
北投區,文林,四,543,北投區,石牌,,241-43
北投區,文林,四,544,北投區,石牌,,241-44
北投區,文林,四,545,北投區,石牌,,241-45
北投區,文林,四,546,北投區,石牌,,241-46
北投區,文林,四,547,北投區,石牌,,241-47
北投區,文林,四,548,北投區,石牌,,241-48
北投區,文林,四,549,北投區,石牌,,241-49
北投區,文林,四,550,北投區,石牌,,240-38
北投區,文林,四,551,北投區,石牌,,240
北投區,文林,四,552,北投區,石牌,,240-1
北投區,文林,四,553,北投區,石牌,,240-2
北投區,文林,四,554,北投區,石牌,,240-5
北投區,文林,四,555,北投區,石牌,,240-6
北投區,文林,四,556,北投區,石牌,,240-7
北投區,文林,四,557,北投區,石牌,,240-8
北投區,文林,四,558,北投區,石牌,,240-9
北投區,文林,四,559,北投區,石牌,,240-10
北投區,文林,四,560,北投區,石牌,,240-11
北投區,文林,四,561,北投區,石牌,,240-12
北投區,文林,四,562,北投區,石牌,,240-13
北投區,文林,四,563,北投區,石牌,,240-14
北投區,文林,四,564,北投區,石牌,,240-15
北投區,文林,四,565,北投區,石牌,,240-16
北投區,文林,四,566,北投區,石牌,,240-17
北投區,文林,四,567,北投區,石牌,,240-18
北投區,文林,四,568,北投區,石牌,,240-19
北投區,文林,四,569,北投區,石牌,,240-20
北投區,文林,四,57,北投區,石牌,,257-143
北投區,文林,四,570,北投區,石牌,,240-21
北投區,文林,四,571,北投區,石牌,,240-22
北投區,文林,四,572,北投區,石牌,,240-23
北投區,文林,四,573,北投區,石牌,,240-24
北投區,文林,四,574,北投區,石牌,,239-7
北投區,文林,四,575,北投區,石牌,,239-8
北投區,文林,四,576,北投區,石牌,,239-26
北投區,文林,四,577,北投區,石牌,,239-29
北投區,文林,四,578,北投區,石牌,,239-28
北投區,文林,四,579,北投區,石牌,,239-27
北投區,文林,四,580,北投區,石牌,,239-30
北投區,文林,四,581,北投區,石牌,,239-31
北投區,文林,四,582,北投區,石牌,,239-32
北投區,文林,四,583,北投區,石牌,,239-33
北投區,文林,四,584,北投區,石牌,,239-34
北投區,文林,四,585,北投區,石牌,,239-35
北投區,文林,四,586,北投區,石牌,,239-36
北投區,文林,四,587,北投區,石牌,,239-37
北投區,文林,四,588,北投區,石牌,,239-38
北投區,文林,四,589,北投區,石牌,,239-47
北投區,文林,四,590,北投區,石牌,,720
北投區,文林,四,591,北投區,石牌,,281-18
北投區,文林,四,592,北投區,石牌,,280-8
北投區,文林,四,593,北投區,石牌,,280-27
北投區,文林,四,594,北投區,石牌,,280-4
北投區,文林,四,595,北投區,石牌,,280-9
北投區,文林,四,596,北投區,石牌,,280-3
北投區,文林,四,597,北投區,石牌,,280-38
北投區,文林,四,598,北投區,石牌,,280-5
北投區,文林,四,599,北投區,石牌,,280-6
北投區,文林,四,6,北投區,石牌,,249
北投區,文林,四,60,北投區,石牌,,257-146
北投區,文林,四,600,北投區,石牌,,280-7
北投區,文林,四,601,北投區,石牌,,281-13
北投區,文林,四,602,北投區,石牌,,278-138
北投區,文林,四,603,北投區,石牌,,278-139
北投區,文林,四,604,北投區,石牌,,278-140
北投區,文林,四,605,北投區,石牌,,278-141
北投區,文林,四,606,北投區,石牌,,278-142
北投區,文林,四,607,北投區,石牌,,278-143
北投區,文林,四,608,北投區,石牌,,278-144
北投區,文林,四,609,北投區,石牌,,278-16
北投區,文林,四,610,北投區,石牌,,278-15
北投區,文林,四,611,北投區,石牌,,278-14
北投區,文林,四,612,北投區,石牌,,278-13
北投區,文林,四,613,北投區,石牌,,278-20
北投區,文林,四,614,北投區,石牌,,278-21
北投區,文林,四,615,北投區,石牌,,278-182
北投區,文林,四,616,北投區,石牌,,278-181
北投區,文林,四,617,北投區,石牌,,278-180
北投區,文林,四,618,北投區,石牌,,278-51
北投區,文林,四,619,北投區,石牌,,278-189
北投區,文林,四,620,北投區,石牌,,278-188
北投區,文林,四,621,北投區,石牌,,278-187
北投區,文林,四,622,北投區,石牌,,278-186
北投區,文林,四,623,北投區,石牌,,278-185
北投區,文林,四,624,北投區,石牌,,278-184
北投區,文林,四,625,北投區,石牌,,278-183
北投區,文林,四,626,北投區,石牌,,278-153
北投區,文林,四,627,北投區,石牌,,278-130
北投區,文林,四,628,北投區,石牌,,278-131
北投區,文林,四,629,北投區,石牌,,278-132
北投區,文林,四,630,北投區,石牌,,278-133
北投區,文林,四,631,北投區,石牌,,278-134
北投區,文林,四,632,北投區,石牌,,278-135
北投區,文林,四,633,北投區,石牌,,278-45
北投區,文林,四,634,北投區,石牌,,278-44
北投區,文林,四,635,北投區,石牌,,278-43
北投區,文林,四,636,北投區,石牌,,278-35
北投區,文林,四,637,北投區,石牌,,278-81
北投區,文林,四,638,北投區,石牌,,278-82
北投區,文林,四,639,北投區,石牌,,278-83
北投區,文林,四,64,北投區,石牌,,257-190
北投區,文林,四,640,北投區,石牌,,278-84
北投區,文林,四,641,北投區,石牌,,278-89
北投區,文林,四,642,北投區,石牌,,278-90
北投區,文林,四,643,北投區,石牌,,278-5
北投區,文林,四,644,北投區,石牌,,278-92
北投區,文林,四,645,北投區,石牌,,278-93
北投區,文林,四,646,北投區,石牌,,278-94
北投區,文林,四,647,北投區,石牌,,278-86
北投區,文林,四,648,北投區,石牌,,278-106
北投區,文林,四,649,北投區,石牌,,278-113
北投區,文林,四,65,北投區,石牌,,256-16
北投區,文林,四,650,北投區,石牌,,278-85
北投區,文林,四,651,北投區,石牌,,278-107
北投區,文林,四,652,北投區,石牌,,278-24
北投區,文林,四,653,北投區,石牌,,278-108
北投區,文林,四,654,北投區,石牌,,278-109
北投區,文林,四,655,北投區,石牌,,278-110
北投區,文林,四,656,北投區,石牌,,278-111
北投區,文林,四,657,北投區,石牌,,278-112
北投區,文林,四,658,北投區,石牌,,278-87
北投區,文林,四,659,北投區,石牌,,278-77
北投區,文林,四,660,北投區,石牌,,278-100
北投區,文林,四,661,北投區,石牌,,278-101
北投區,文林,四,662,北投區,石牌,,278-98
北投區,文林,四,663,北投區,石牌,,278-102
北投區,文林,四,664,北投區,石牌,,278-103
北投區,文林,四,665,北投區,石牌,,278-120
北投區,文林,四,666,北投區,石牌,,278-121
北投區,文林,四,667,北投區,石牌,,278-122
北投區,文林,四,668,北投區,石牌,,278-123
北投區,文林,四,669,北投區,石牌,,278-25
北投區,文林,四,670,北投區,石牌,,239-9
北投區,文林,四,671,北投區,石牌,,239-1
北投區,文林,四,672,北投區,石牌,,239-5
北投區,文林,四,673,北投區,石牌,,239-12
北投區,文林,四,674,北投區,石牌,,239-2
北投區,文林,四,675,北投區,石牌,,240-26
北投區,文林,四,676,北投區,石牌,,240-27
北投區,文林,四,677,北投區,石牌,,240-28
北投區,文林,四,678,北投區,石牌,,240-29
北投區,文林,四,679,北投區,石牌,,240-30
北投區,文林,四,68,北投區,石牌,,256-36
北投區,文林,四,680,北投區,石牌,,240-31
北投區,文林,四,681,北投區,石牌,,240-32
北投區,文林,四,682,北投區,石牌,,240-33
北投區,文林,四,683,北投區,石牌,,240-34
北投區,文林,四,684,北投區,石牌,,240-35
北投區,文林,四,685,北投區,石牌,,240-36
北投區,文林,四,686,北投區,石牌,,240-37
北投區,文林,四,687,北投區,石牌,,239-13
北投區,文林,四,688,北投區,石牌,,239-21
北投區,文林,四,689,北投區,石牌,,239-52
北投區,文林,四,69,北投區,石牌,,256
北投區,文林,四,690,北投區,石牌,,239-53
北投區,文林,四,691,北投區,石牌,,239-54
北投區,文林,四,692,北投區,石牌,,239-55
北投區,文林,四,693,北投區,石牌,,236-1
北投區,文林,四,694,北投區,石牌,,239-10
北投區,文林,四,695,北投區,石牌,,239-39
北投區,文林,四,696,北投區,石牌,,239-40
北投區,文林,四,697,北投區,石牌,,239-41
北投區,文林,四,698,北投區,石牌,,239-42
北投區,文林,四,699,北投區,石牌,,239-43
北投區,文林,四,7,北投區,石牌,,254-9
北投區,文林,四,70,北投區,石牌,,256-19
北投區,文林,四,700,北投區,石牌,,239-44
北投區,文林,四,701,北投區,石牌,,239-45
北投區,文林,四,702,北投區,石牌,,239-46
北投區,文林,四,703,北投區,石牌,,281-19
北投區,文林,四,704,北投區,石牌,,281-21
北投區,文林,四,705,北投區,石牌,,239-15
北投區,文林,四,706,北投區,石牌,,239-56
北投區,文林,四,707,北投區,石牌,,239-57
北投區,文林,四,708,北投區,石牌,,239-58
北投區,文林,四,709,北投區,石牌,,239-59
北投區,文林,四,71,北投區,石牌,,256-20
北投區,文林,四,710,北投區,石牌,,239-60
北投區,文林,四,711,北投區,石牌,,239-61
北投區,文林,四,712,北投區,石牌,,239-66
北投區,文林,四,713,北投區,石牌,,239-62
北投區,文林,四,714,北投區,石牌,,238-26
北投區,文林,四,715,北投區,石牌,,239-63
北投區,文林,四,716,北投區,石牌,,239-64
北投區,文林,四,717,北投區,石牌,,236
北投區,文林,四,718,北投區,石牌,,236-4
北投區,文林,四,719,北投區,石牌,,239-67
北投區,文林,四,72,北投區,石牌,,256-21
北投區,文林,四,720,北投區,石牌,,239-68
北投區,文林,四,721,北投區,石牌,,239-69
北投區,文林,四,722,北投區,石牌,,238-1
北投區,文林,四,723,北投區,石牌,,238-16
北投區,文林,四,724,北投區,石牌,,238-17
北投區,文林,四,725,北投區,石牌,,238-18
北投區,文林,四,726,北投區,石牌,,238-20
北投區,文林,四,727,北投區,石牌,,238-19
北投區,文林,四,728,北投區,石牌,,239
北投區,文林,四,729,北投區,石牌,,239-19
北投區,文林,四,73,北投區,石牌,,245
北投區,文林,四,73-1,北投區,石牌,,245-7
北投區,文林,四,730,北投區,石牌,,239-20
北投區,文林,四,731,北投區,石牌,,235-1
北投區,文林,四,732,北投區,石牌,,237
北投區,文林,四,733,北投區,石牌,,237-5
北投區,文林,四,734,北投區,石牌,,237-6
北投區,文林,四,735,北投區,石牌,,237-7
北投區,文林,四,736,北投區,石牌,,237-8
北投區,文林,四,737,北投區,石牌,,237-9
北投區,文林,四,738,北投區,石牌,,237-10
北投區,文林,四,739,北投區,石牌,,237-11
北投區,文林,四,74,北投區,石牌,,253-26
北投區,文林,四,740,北投區,石牌,,237-12
北投區,文林,四,741,北投區,石牌,,237-13
北投區,文林,四,742,北投區,石牌,,237-14
北投區,文林,四,743,北投區,石牌,,237-15
北投區,文林,四,744,北投區,石牌,,237-16
北投區,文林,四,745,北投區,石牌,,237-17
北投區,文林,四,746,北投區,石牌,,237-18
北投區,文林,四,747,北投區,石牌,,237-19
北投區,文林,四,748,北投區,石牌,,236-8
北投區,文林,四,75,北投區,石牌,,253-27
北投區,文林,四,752,北投區,石牌,,237-23
北投區,文林,四,753,北投區,石牌,,237-22
北投區,文林,四,754,北投區,石牌,,237-21
北投區,文林,四,755,北投區,石牌,,237-20
北投區,文林,四,756,北投區,石牌,,235-22
北投區,文林,四,757,北投區,石牌,,235-23
北投區,文林,四,76,北投區,石牌,,253-28
北投區,文林,四,760,北投區,石牌,,235-25
北投區,文林,四,761,北投區,石牌,,235-24
北投區,文林,四,762,北投區,石牌,,235-51
北投區,文林,四,763,北投區,石牌,,237-40
北投區,文林,四,764,北投區,石牌,,239-18
北投區,文林,四,766,北投區,石牌,,235-2
北投區,文林,四,767,北投區,石牌,,235-28
北投區,文林,四,768,北投區,石牌,,235-33
北投區,文林,四,769,北投區,石牌,,235-34
北投區,文林,四,77,北投區,石牌,,253-29
北投區,文林,四,770,北投區,石牌,,235-35
北投區,文林,四,771,北投區,石牌,,235-36
北投區,文林,四,772,北投區,石牌,,236-3
北投區,文林,四,773,北投區,石牌,,239
北投區,文林,四,774,北投區,石牌,,239-23
北投區,文林,四,775,北投區,石牌,,239-23
北投區,文林,四,776,北投區,石牌,,235-31
北投區,文林,四,777,北投區,石牌,,235-2
北投區,文林,四,779,北投區,石牌,,235-29
北投區,文林,四,78,北投區,石牌,,253-30
北投區,文林,四,783,北投區,石牌,,235-43
北投區,文林,四,784-1,北投區,石牌,,235-45
北投區,文林,四,785,北投區,石牌,,235-46
北投區,文林,四,786,北投區,石牌,,235-30
北投區,文林,四,787,北投區,石牌,,235-32
北投區,文林,四,788,北投區,石牌,,235-15
北投區,文林,四,789,北投區,石牌,,235-16
北投區,文林,四,790,北投區,石牌,,235-17
北投區,文林,四,791,北投區,石牌,,235-18
北投區,文林,四,792,北投區,石牌,,235-19
北投區,文林,四,793,北投區,石牌,,235-20
北投區,文林,四,794,北投區,石牌,,235-21
北投區,文林,四,795,北投區,石牌,,237-2
北投區,文林,四,796,北投區,石牌,,238-10
北投區,文林,四,797,北投區,石牌,,238-2
北投區,文林,四,798,北投區,石牌,,281-11
北投區,文林,四,799,北投區,石牌,,278-58
北投區,文林,四,8,北投區,石牌,,251-2
北投區,文林,四,800,北投區,石牌,,278-47
北投區,文林,四,801,北投區,石牌,,278-40
北投區,文林,四,807,北投區,石牌,,281-15
北投區,文林,四,809,北投區,石牌,,238-3
北投區,文林,四,81,北投區,石牌,,253-25
北投區,文林,四,810,北投區,石牌,,238-3
北投區,文林,四,811,北投區,石牌,,281-12
北投區,文林,四,812,北投區,石牌,,282-2
北投區,文林,四,813,北投區,石牌,,278-154
北投區,文林,四,814,北投區,石牌,,281-16
北投區,文林,四,815,北投區,石牌,,282-4
北投區,文林,四,816,北投區,石牌,,282-12
北投區,文林,四,817,北投區,石牌,,238-27
北投區,文林,四,818,北投區,石牌,,238-28
北投區,文林,四,818-1,北投區,石牌,,282-26
北投區,文林,四,818-2,北投區,石牌,,282-14
北投區,文林,四,819,北投區,石牌,,238-29
北投區,文林,四,82,北投區,石牌,,253-24
北投區,文林,四,820,北投區,石牌,,238-30
北投區,文林,四,821,北投區,石牌,,238-32
北投區,文林,四,822,北投區,石牌,,238-33
北投區,文林,四,823,北投區,石牌,,238-43
北投區,文林,四,824,北投區,石牌,,238-43
北投區,文林,四,825,北投區,石牌,,281-17
北投區,文林,四,826,北投區,石牌,,282-8
北投區,文林,四,827,北投區,石牌,,282-9
北投區,文林,四,828,北投區,石牌,,278-155
北投區,文林,四,829,北投區,石牌,,278-156
北投區,文林,四,83,北投區,石牌,,253-23
北投區,文林,四,830,北投區,石牌,,278-157
北投區,文林,四,831,北投區,石牌,,278-158
北投區,文林,四,832,北投區,石牌,,278-159
北投區,文林,四,833,北投區,石牌,,278-164
北投區,文林,四,834,北投區,石牌,,278-48
北投區,文林,四,835,北投區,石牌,,278-160
北投區,文林,四,836,北投區,石牌,,278-59
北投區,文林,四,837,北投區,石牌,,282-31
北投區,文林,四,838,北投區,石牌,,238-35
北投區,文林,四,839,北投區,石牌,,238-34
北投區,文林,四,84,北投區,石牌,,253-22
北投區,文林,四,840,北投區,石牌,,283-6
北投區,文林,四,841,北投區,石牌,,283-5
北投區,文林,四,842,北投區,石牌,,238-42
北投區,文林,四,842-1,北投區,石牌,,238-42
北投區,文林,四,843,北投區,石牌,,238-41
北投區,文林,四,844,北投區,石牌,,238-40
北投區,文林,四,845,北投區,石牌,,238-39
北投區,文林,四,846,北投區,石牌,,238-38
北投區,文林,四,847,北投區,石牌,,282-35
北投區,文林,四,848,北投區,石牌,,284-82
北投區,文林,四,849,北投區,石牌,,284-83
北投區,文林,四,85,北投區,石牌,,253-21
北投區,文林,四,850,北投區,石牌,,284-84
北投區,文林,四,851,北投區,石牌,,278-167
北投區,文林,四,852,北投區,石牌,,284-90
北投區,文林,四,853,北投區,石牌,,284-76
北投區,文林,四,854,北投區,石牌,,284-77
北投區,文林,四,855,北投區,石牌,,284-78
北投區,文林,四,856,北投區,石牌,,284-79
北投區,文林,四,857,北投區,石牌,,284-1
北投區,文林,四,858,北投區,石牌,,284-104
北投區,文林,四,859,北投區,石牌,,278-49
北投區,文林,四,86,北投區,石牌,,252-34
北投區,文林,四,860,北投區,石牌,,284-107
北投區,文林,四,861,北投區,石牌,,284-10
北投區,文林,四,862,北投區,石牌,,284-12
北投區,文林,四,864,北投區,石牌,,284-30
北投區,文林,四,865,北投區,石牌,,284-31
北投區,文林,四,866,北投區,石牌,,284-32
北投區,文林,四,867,北投區,石牌,,284-33
北投區,文林,四,868,北投區,石牌,,284-34
北投區,文林,四,869,北投區,石牌,,284-4
北投區,文林,四,87,北投區,石牌,,251-31
北投區,文林,四,870,北投區,石牌,,278-6
北投區,文林,四,871,北投區,石牌,,284-20
北投區,文林,四,872,北投區,石牌,,284-21
北投區,文林,四,873,北投區,石牌,,284-22
北投區,文林,四,874,北投區,石牌,,284-23
北投區,文林,四,875,北投區,石牌,,284-5
北投區,文林,四,876,北投區,石牌,,284-26
北投區,文林,四,877,北投區,石牌,,278-75
北投區,文林,四,878,北投區,石牌,,278-76
北投區,文林,四,879,北投區,石牌,,278-73
北投區,文林,四,88,北投區,石牌,,256-6
北投區,文林,四,882,北投區,石牌,,244-18
北投區,文林,四,882-1,北投區,石牌,,242-14
北投區,文林,四,882-2,北投區,石牌,,278-37
北投區,文林,四,884,北投區,石牌,,238-13
北投區,文林,四,89,北投區,石牌,,256-23
北投區,文林,四,9,北投區,石牌,,250-1
北投區,文林,四,91,北投區,石牌,,256-25
北投區,文林,四,92,北投區,石牌,,256-37
北投區,文林,四,93,北投區,石牌,,256-28
北投區,文林,四,94,北投區,石牌,,256-29
北投區,文林,四,95,北投區,石牌,,257-124
北投區,文林,四,96,北投區,石牌,,256-17
北投區,文林,四,97,北投區,石牌,,256-38
北投區,文林,四,98,北投區,石牌,,256-9
北投區,文林,四,99,北投區,石牌,,256-13
北投區,新民,一,1,北投區,北投,,8-11
北投區,新民,一,10,北投區,北投,,61-19
北投區,新民,一,100,北投區,北投,,65-36
北投區,新民,一,101,北投區,北投,,65-54
北投區,新民,一,102,北投區,北投,,65-37
北投區,新民,一,103,北投區,北投,,65-84
北投區,新民,一,104,北投區,北投,,65-85
北投區,新民,一,105,北投區,北投,,65-39
北投區,新民,一,106,北投區,北投,,65-90
北投區,新民,一,107,北投區,北投,,65-92
北投區,新民,一,108,北投區,北投,,65-190
北投區,新民,一,109,北投區,北投,,65-38
北投區,新民,一,110,北投區,北投,,65-42
北投區,新民,一,111,北投區,北投,,65-158
北投區,新民,一,112,北投區,北投,,65-121
北投區,新民,一,113,北投區,北投,,65-186
北投區,新民,一,114,北投區,北投,,65-88
北投區,新民,一,115,北投區,北投,,65-153
北投區,新民,一,116,北投區,北投,,65-24
北投區,新民,一,117,北投區,北投,,65-25
北投區,新民,一,118,北投區,北投,,65-183
北投區,新民,一,119,北投區,北投,,65-182
北投區,新民,一,12,北投區,北投,,61-16
北投區,新民,一,120,北投區,北投,,65-47
北投區,新民,一,121,北投區,北投,,65-34
北投區,新民,一,122,北投區,北投,,65-112
北投區,新民,一,123,北投區,北投,,65-33
北投區,新民,一,124,北投區,北投,,65-177
北投區,新民,一,125,北投區,北投,,65-178
北投區,新民,一,126,北投區,北投,,65-102
北投區,新民,一,127,北投區,北投,,65-205
北投區,新民,一,128,北投區,北投,,65-23
北投區,新民,一,129,北投區,北投,,65-179
北投區,新民,一,13,北投區,北投,,8-2
北投區,新民,一,130,北投區,北投,,65-120
北投區,新民,一,131,北投區,北投,,65-180
北投區,新民,一,132,北投區,北投,,65-119
北投區,新民,一,133,北投區,北投,,65-118
北投區,新民,一,134,北投區,北投,,65-181
北投區,新民,一,135,北投區,北投,,65-138
北投區,新民,一,136,北投區,北投,,65-139
北投區,新民,一,137,北投區,北投,,65-140
北投區,新民,一,138,北投區,北投,,65-46
北投區,新民,一,139,北投區,北投,,65-45
北投區,新民,一,14,北投區,北投,,10-6
北投區,新民,一,140,北投區,北投,,65-141
北投區,新民,一,141,北投區,北投,,65-185
北投區,新民,一,142,北投區,北投,,65-184
北投區,新民,一,143,北投區,北投,,65-152
北投區,新民,一,144,北投區,北投,,65-157
北投區,新民,一,145,北投區,北投,,65-187
北投區,新民,一,146,北投區,北投,,65-188
北投區,新民,一,147,北投區,北投,,65-93
北投區,新民,一,148,北投區,北投,,65-189
北投區,新民,一,149,北投區,北投,,65-193
北投區,新民,一,15,北投區,北投,,10-4
北投區,新民,一,150,北投區,北投,,65-194
北投區,新民,一,151,北投區,北投,,65-8
北投區,新民,一,152,北投區,北投,,65-164
北投區,新民,一,153,北投區,北投,,65-163
北投區,新民,一,154,北投區,北投,,65-14
北投區,新民,一,155,北投區,北投,,65-98
北投區,新民,一,156,北投區,北投,,65-97
北投區,新民,一,157,北投區,北投,,65-96
北投區,新民,一,158,北投區,北投,,65-95
北投區,新民,一,159,北投區,北投,,65-94
北投區,新民,一,16,北投區,北投,,10-17
北投區,新民,一,160,北投區,北投,,65-191
北投區,新民,一,161,北投區,北投,,65-192
北投區,新民,一,162,北投區,北投,,65-156
北投區,新民,一,163,北投區,北投,,65-155
北投區,新民,一,164,北投區,北投,,65-154
北投區,新民,一,165,北投區,北投,,65-43
北投區,新民,一,166,北投區,北投,,65-15
北投區,新民,一,167,北投區,北投,,65-44
北投區,新民,一,168,北投區,北投,,65-149
北投區,新民,一,169,北投區,北投,,65-150
北投區,新民,一,17,北投區,北投,,10-20
北投區,新民,一,170,北投區,北投,,65-151
北投區,新民,一,171,北投區,北投,,65-144
北投區,新民,一,172,北投區,北投,,65-145
北投區,新民,一,173,北投區,北投,,65-69
北投區,新民,一,174,北投區,北投,,65-143
北投區,新民,一,175,北投區,北投,,65-148
北投區,新民,一,176,北投區,北投,,65-147
北投區,新民,一,177,北投區,北投,,65-146
北投區,新民,一,178,北投區,北投,,65-142
北投區,新民,一,179,北投區,北投,,65-114
北投區,新民,一,18,北投區,北投,,10-5
北投區,新民,一,180,北投區,北投,,65-16
北投區,新民,一,181,北投區,北投,,61-166
北投區,新民,一,182,北投區,北投,,61-165
北投區,新民,一,183,北投區,北投,,61-17
北投區,新民,一,184,北投區,北投,,63
北投區,新民,一,185,北投區,北投,,61-97
北投區,新民,一,187,北投區,北投,,62-2
北投區,新民,一,188,北投區,北投,,62-5
北投區,新民,一,19,北投區,北投,,10-18
北投區,新民,一,192,北投區,北投,,61-105
北投區,新民,一,193,北投區,北投,,61-104
北投區,新民,一,194,北投區,北投,,61-103
北投區,新民,一,195,北投區,北投,,61-189
北投區,新民,一,196,北投區,北投,,61-100
北投區,新民,一,197,北投區,北投,,61-188
北投區,新民,一,198,北投區,北投,,61-101
北投區,新民,一,199,北投區,北投,,61-187
北投區,新民,一,20,北投區,北投,,61-18
北投區,新民,一,200,北投區,北投,,61-5
北投區,新民,一,201,北投區,北投,,61-239
北投區,新民,一,202,北投區,北投,,61-238
北投區,新民,一,203,北投區,北投,,61-237
北投區,新民,一,204,北投區,北投,,61-120
北投區,新民,一,205,北投區,北投,,61-183
北投區,新民,一,206,北投區,北投,,61-235
北投區,新民,一,207,北投區,北投,,61-234
北投區,新民,一,208,北投區,北投,,61-233
北投區,新民,一,209,北投區,北投,,61-102
北投區,新民,一,21,北投區,北投,,61-136
北投區,新民,一,210,北投區,北投,,61-236
北投區,新民,一,211,北投區,北投,,61-6
北投區,新民,一,212,北投區,北投,,61-133
北投區,新民,一,213,北投區,北投,,61-181
北投區,新民,一,214,北投區,北投,,61-131
北投區,新民,一,215,北投區,北投,,61-177
北投區,新民,一,216,北投區,北投,,61-118
北投區,新民,一,217,北投區,北投,,61-110
北投區,新民,一,218,北投區,北投,,61-253
北投區,新民,一,219,北投區,北投,,61-255
北投區,新民,一,22,北投區,北投,,61-139
北投區,新民,一,220,北投區,北投,,61-144
北投區,新民,一,221,北投區,北投,,61-153
北投區,新民,一,222,北投區,北投,,61-257
北投區,新民,一,223,北投區,北投,,61-256
北投區,新民,一,224,北投區,北投,,61-109
北投區,新民,一,227,北投區,北投,,12-20
北投區,新民,一,228,北投區,北投,,12-64
北投區,新民,一,229,北投區,北投,,12
北投區,新民,一,23,北投區,北投,,61-140
北投區,新民,一,230,北投區,北投,,12-33
北投區,新民,一,231,北投區,北投,,12-8
北投區,新民,一,232,北投區,北投,,12-12
北投區,新民,一,233,北投區,北投,,10-21
北投區,新民,一,234,北投區,北投,,10-8
北投區,新民,一,235,北投區,北投,,10-3
北投區,新民,一,236,北投區,北投,,10-7
北投區,新民,一,237,北投區,北投,,10-13
北投區,新民,一,238,北投區,北投,,10-14
北投區,新民,一,239,北投區,北投,,10-15
北投區,新民,一,24,北投區,北投,,61-137
北投區,新民,一,240,北投區,北投,,9-1
北投區,新民,一,241,北投區,北投,,9
北投區,新民,一,242,北投區,北投,,10-16
北投區,新民,一,243,北投區,北投,,1287
北投區,新民,一,244,北投區,北投,,11-9
北投區,新民,一,245,北投區,北投,,11-8
北投區,新民,一,246,北投區,北投,,11-4
北投區,新民,一,247,北投區,北投,,11
北投區,新民,一,248,北投區,北投,,4-6
北投區,新民,一,249,北投區,頂北投,十八分,315-3
北投區,新民,一,25,北投區,北投,,61-138
北投區,新民,一,250,北投區,頂北投,十八分,315-2
北投區,新民,一,251,北投區,頂北投,十八分,315-4
北投區,新民,一,252,北投區,頂北投,十八分,315-5
北投區,新民,一,253,北投區,頂北投,十八分,329-2
北投區,新民,一,254,北投區,頂北投,十八分,329-1
北投區,新民,一,255,北投區,頂北投,十八分,346-5
北投區,新民,一,256,北投區,頂北投,十八分,328-1
北投區,新民,一,257,北投區,頂北投,十八分,332-6
北投區,新民,一,258,北投區,頂北投,十八分,330
北投區,新民,一,259,北投區,頂北投,十八分,326-3
北投區,新民,一,26,北投區,北投,,61-8
北投區,新民,一,260,北投區,頂北投,十八分,332-5
北投區,新民,一,261,北投區,頂北投,十八分,333
北投區,新民,一,262,北投區,頂北投,十八分,335-5
北投區,新民,一,263,北投區,頂北投,十八分,335-3
北投區,新民,一,264,北投區,頂北投,十八分,1137
北投區,新民,一,265,北投區,頂北投,十八分,338-3
北投區,新民,一,266,北投區,頂北投,十八分,338-6
北投區,新民,一,267,北投區,頂北投,十八分,387-1
北投區,新民,一,268,北投區,頂北投,十八分,1136
北投區,新民,一,269,北投區,頂北投,十八分,385
北投區,新民,一,27,北投區,北投,,61-135
北投區,新民,一,271,北投區,頂北投,十八分,384-5
北投區,新民,一,272,北投區,頂北投,十八分,388-1
北投區,新民,一,273,北投區,頂北投,十八分,388
北投區,新民,一,274,北投區,頂北投,十八分,389
北投區,新民,一,275,北投區,頂北投,十八分,390-1
北投區,新民,一,276,北投區,頂北投,十八分,390-2
北投區,新民,一,277,北投區,頂北投,十八分,390-3
北投區,新民,一,278,北投區,頂北投,十八分,1137-1
北投區,新民,一,279,北投區,頂北投,十八分,334-5
北投區,新民,一,28,北投區,北投,,61-90
北投區,新民,一,280,北投區,頂北投,十八分,334-1
北投區,新民,一,281,北投區,頂北投,十八分,334-6
北投區,新民,一,282,北投區,頂北投,十八分,334
北投區,新民,一,283,北投區,頂北投,十八分,334-2
北投區,新民,一,284,北投區,頂北投,十八分,334-7
北投區,新民,一,285,北投區,頂北投,十八分,334-3
北投區,新民,一,286,北投區,頂北投,十八分,334-4
北投區,新民,一,287,北投區,北投,,66-5
北投區,新民,一,288,北投區,北投,,11-1
北投區,新民,一,289,北投區,北投,,11-2
北投區,新民,一,290,北投區,北投,,15-5
北投區,新民,一,291,北投區,北投,,15
北投區,新民,一,292,北投區,北投,,15-3
北投區,新民,一,293,北投區,北投,,15-10
北投區,新民,一,294,北投區,北投,,15-9
北投區,新民,一,295,北投區,北投,,1288
北投區,新民,一,296,北投區,北投,,11-10
北投區,新民,一,297,北投區,北投,,10-19
北投區,新民,一,298,北投區,北投,,10-2
北投區,新民,一,299,北投區,北投,,10-12
北投區,新民,一,30,北投區,北投,,61-141
北投區,新民,一,300,北投區,北投,,12-1
北投區,新民,一,301,北投區,北投,,11-3
北投區,新民,一,302,北投區,北投,,12-21
北投區,新民,一,305,北投區,北投,,13-1
北投區,新民,一,306,北投區,北投,,13-16
北投區,新民,一,307,北投區,北投,,13-17
北投區,新民,一,308,北投區,北投,,13-18
北投區,新民,一,309,北投區,北投,,13-13
北投區,新民,一,31,北投區,北投,,61-143
北投區,新民,一,310,北投區,北投,,12-6
北投區,新民,一,311,北投區,北投,,12-10
北投區,新民,一,312,北投區,北投,,12-11
北投區,新民,一,313,北投區,北投,,12-5
北投區,新民,一,314,北投區,北投,,12-31
北投區,新民,一,315,北投區,北投,,12-30
北投區,新民,一,316,北投區,北投,,12-37
北投區,新民,一,317,北投區,北投,,12-26
北投區,新民,一,318,北投區,北投,,13-19
北投區,新民,一,319,北投區,北投,,12-25
北投區,新民,一,32,北投區,北投,,61-252
北投區,新民,一,320,北投區,北投,,12-39
北投區,新民,一,321,北投區,北投,,12-24
北投區,新民,一,322,北投區,北投,,12-27
北投區,新民,一,323,北投區,北投,,12-13
北投區,新民,一,324,北投區,北投,,12-7
北投區,新民,一,326,北投區,北投,,12-40
北投區,新民,一,327,北投區,北投,,12-32
北投區,新民,一,328,北投區,北投,,12-45
北投區,新民,一,329,北投區,北投,,12-44
北投區,新民,一,33,北投區,北投,,61-111
北投區,新民,一,330,北投區,北投,,12-43
北投區,新民,一,331,北投區,北投,,12-42
北投區,新民,一,332,北投區,北投,,12-46
北投區,新民,一,333,北投區,北投,,12-50
北投區,新民,一,334,北投區,北投,,12-49
北投區,新民,一,335,北投區,北投,,12-48
北投區,新民,一,336,北投區,北投,,12-47
北投區,新民,一,337,北投區,北投,,12-51
北投區,新民,一,338,北投區,北投,,12-52
北投區,新民,一,339,北投區,北投,,12-53
北投區,新民,一,34,北投區,北投,,61-112
北投區,新民,一,340,北投區,北投,,12-54
北投區,新民,一,342,北投區,北投,,12-56
北投區,新民,一,343,北投區,北投,,12-59
北投區,新民,一,344,北投區,北投,,12-58
北投區,新民,一,345,北投區,北投,,12-57
北投區,新民,一,346,北投區,北投,,13-31
北投區,新民,一,347,北投區,北投,,13
北投區,新民,一,348,北投區,北投,,13-29
北投區,新民,一,349,北投區,北投,,12-60
北投區,新民,一,35,北投區,北投,,61-113
北投區,新民,一,350,北投區,北投,,12-61
北投區,新民,一,351,北投區,北投,,12-62
北投區,新民,一,352,北投區,北投,,12-15
北投區,新民,一,353,北投區,北投,,12-16
北投區,新民,一,355,北投區,北投,,61-108
北投區,新民,一,356,北投區,北投,,61-10
北投區,新民,一,357,北投區,北投,,61-19
北投區,新民,一,358,北投區,北投,,61-60
北投區,新民,一,359,北投區,北投,,61-75
北投區,新民,一,36,北投區,北投,,61-114
北投區,新民,一,360,北投區,北投,,61-63
北投區,新民,一,361,北投區,北投,,61-190
北投區,新民,一,362,北投區,北投,,61-195
北投區,新民,一,363,北投區,北投,,61-191
北投區,新民,一,364,北投區,北投,,61-62
北投區,新民,一,366,北投區,北投,,61-196
北投區,新民,一,367,北投區,北投,,61-58
北投區,新民,一,368,北投區,北投,,61-55
北投區,新民,一,369,北投區,北投,,61-56
北投區,新民,一,37,北投區,北投,,61-145
北投區,新民,一,370,北投區,北投,,61-199
北投區,新民,一,371,北投區,北投,,61-57
北投區,新民,一,372,北投區,北投,,61-65
北投區,新民,一,373,北投區,北投,,63-4
北投區,新民,一,374,北投區,北投,,63-5
北投區,新民,一,375,北投區,北投,,63-6
北投區,新民,一,376,北投區,北投,,63-3
北投區,新民,一,377,北投區,北投,,63-1
北投區,新民,一,378,北投區,北投,,63-2
北投區,新民,一,379,北投區,北投,,64
北投區,新民,一,38,北投區,北投,,61-146
北投區,新民,一,380,北投區,北投,,61-98
北投區,新民,一,381,北投區,北投,,61-164
北投區,新民,一,382,北投區,北投,,61-51
北投區,新民,一,383,北投區,北投,,61-66
北投區,新民,一,384,北投區,北投,,61-170
北投區,新民,一,385,北投區,北投,,61-203
北投區,新民,一,386,北投區,北投,,61-17
北投區,新民,一,387,北投區,北投,,61-169
北投區,新民,一,388,北投區,北投,,61-128
北投區,新民,一,389,北投區,北投,,61-210
北投區,新民,一,39,北投區,北投,,61-148
北投區,新民,一,395,北投區,北投,,61-205
北投區,新民,一,396,北投區,北投,,61-83
北投區,新民,一,397,北投區,北投,,61-240
北投區,新民,一,399,北投區,北投,,61
北投區,新民,一,40,北投區,北投,,61-147
北投區,新民,一,400,北投區,北投,,61-129
北投區,新民,一,403,北投區,北投,,54-61
北投區,新民,一,404,北投區,北投,,54-62
北投區,新民,一,406,北投區,北投,,54-13
北投區,新民,一,407,北投區,北投,,61-68
北投區,新民,一,41,北投區,北投,,61-115
北投區,新民,一,42,北投區,北投,,61-116
北投區,新民,一,43,北投區,北投,,61-149
北投區,新民,一,44,北投區,北投,,61-150
北投區,新民,一,45,北投區,北投,,61-122
北投區,新民,一,46,北投區,北投,,61-177
北投區,新民,一,47,北投區,北投,,61-178
北投區,新民,一,48,北投區,北投,,61-117
北投區,新民,一,49,北投區,北投,,61-24
北投區,新民,一,5,北投區,北投,,8-13
北投區,新民,一,50,北投區,北投,,65-132
北投區,新民,一,51,北投區,北投,,65-131
北投區,新民,一,52,北投區,北投,,65-208
北投區,新民,一,53,北投區,北投,,65-130
北投區,新民,一,54,北投區,北投,,65-11
北投區,新民,一,55,北投區,北投,,65-209
北投區,新民,一,56,北投區,北投,,65-210
北投區,新民,一,57,北投區,北投,,65-223
北投區,新民,一,58,北投區,北投,,65-103
北投區,新民,一,59,北投區,北投,,65-104
北投區,新民,一,6,北投區,北投,,8-12
北投區,新民,一,60,北投區,北投,,65-50
北投區,新民,一,61,北投區,北投,,65-49
北投區,新民,一,62,北投區,北投,,65-22
北投區,新民,一,63,北投區,北投,,65-61
北投區,新民,一,64,北投區,北投,,65-51
北投區,新民,一,65,北投區,北投,,65-105
北投區,新民,一,66,北投區,北投,,65-106
北投區,新民,一,67,北投區,北投,,65-29
北投區,新民,一,68,北投區,北投,,65-137
北投區,新民,一,69,北投區,北投,,65-136
北投區,新民,一,7,北投區,北投,,8-15
北投區,新民,一,70,北投區,北投,,65-18
北投區,新民,一,73,北投區,北投,,65-17
北投區,新民,一,74,北投區,北投,,65-174
北投區,新民,一,75,北投區,北投,,61-243
北投區,新民,一,76,北投區,北投,,65-175
北投區,新民,一,77,北投區,北投,,65-28
北投區,新民,一,78,北投區,北投,,65-30
北投區,新民,一,79,北投區,北投,,65-107
北投區,新民,一,8,北投區,北投,,1292-1
北投區,新民,一,80,北投區,北投,,65-108
北投區,新民,一,81,北投區,北投,,65-27
北投區,新民,一,82,北投區,北投,,65-111
北投區,新民,一,83,北投區,北投,,65-109
北投區,新民,一,84,北投區,北投,,65-31
北投區,新民,一,85,北投區,北投,,65-52
北投區,新民,一,86,北投區,北投,,65-195
北投區,新民,一,87,北投區,北投,,65-196
北投區,新民,一,88,北投區,北投,,65-113
北投區,新民,一,89,北投區,北投,,65-122
北投區,新民,一,9,北投區,北投,,61-134
北投區,新民,一,90,北投區,北投,,65-197
北投區,新民,一,91,北投區,北投,,65-198
北投區,新民,一,92,北投區,北投,,65-123
北投區,新民,一,93,北投區,北投,,65-124
北投區,新民,一,94,北投區,北投,,65-201
北投區,新民,一,95,北投區,北投,,65-87
北投區,新民,一,96,北投區,北投,,65-35
北投區,新民,一,97,北投區,北投,,65-202
北投區,新民,一,98,北投區,北投,,65-68
北投區,新民,一,99,北投區,北投,,65-159
北投區,新民,三,1,北投區,頂北投,山腳,255-2
北投區,新民,三,10,北投區,頂北投,山腳,261-55
北投區,新民,三,11,北投區,頂北投,山腳,261-47
北投區,新民,三,111,北投區,頂北投,山腳,273-19
北投區,新民,三,114,北投區,頂北投,山腳,258-58
北投區,新民,三,116,北投區,頂北投,山腳,261-33
北投區,新民,三,118,北投區,頂北投,山腳,258-3
北投區,新民,三,119,北投區,頂北投,山腳,1051-1
北投區,新民,三,12,北投區,頂北投,山腳,266-2
北投區,新民,三,120,北投區,頂北投,山腳,258-50
北投區,新民,三,121,北投區,頂北投,山腳,258-49
北投區,新民,三,122,北投區,頂北投,山腳,258-48
北投區,新民,三,123,北投區,頂北投,山腳,258-47
北投區,新民,三,13,北投區,頂北投,山腳,261-48
北投區,新民,三,130,北投區,頂北投,山腳,258-24
北投區,新民,三,132,北投區,頂北投,山腳,258-35
北投區,新民,三,133,北投區,頂北投,山腳,258-11
北投區,新民,三,134,北投區,頂北投,山腳,260-3
北投區,新民,三,135,北投區,頂北投,山腳,258-15
北投區,新民,三,139,北投區,頂北投,山腳,258-12
北投區,新民,三,14,北投區,頂北投,山腳,261-49
北投區,新民,三,142,北投區,頂北投,山腳,258-14
北投區,新民,三,143,北投區,頂北投,山腳,260-4
北投區,新民,三,144,北投區,頂北投,山腳,260
北投區,新民,三,144,北投區,頂北投,山腳,260-2
北投區,新民,三,144-1,北投區,頂北投,山腳,260
北投區,新民,三,144-2,北投區,頂北投,山腳,260-2
北投區,新民,三,144-2,北投區,頂北投,山腳,284-75
北投區,新民,三,144-2,北投區,頂北投,山腳,284-76
北投區,新民,三,145,北投區,頂北投,山腳,284-77
北投區,新民,三,146,北投區,頂北投,山腳,284-114
北投區,新民,三,147,北投區,頂北投,山腳,284-184
北投區,新民,三,148,北投區,頂北投,山腳,284-185
北投區,新民,三,149,北投區,頂北投,山腳,284-182
北投區,新民,三,15,北投區,頂北投,山腳,265
北投區,新民,三,151,北投區,頂北投,山腳,284-124
北投區,新民,三,152,北投區,頂北投,山腳,284-74
北投區,新民,三,153,北投區,頂北投,山腳,284-132
北投區,新民,三,154,北投區,頂北投,山腳,284-6
北投區,新民,三,155,北投區,頂北投,山腳,272-4
北投區,新民,三,156,北投區,頂北投,山腳,272-1
北投區,新民,三,158,北投區,頂北投,山腳,272-5
北投區,新民,三,160,北投區,頂北投,山腳,272-7
北投區,新民,三,162,北投區,頂北投,山腳,267-83
北投區,新民,三,163,北投區,頂北投,山腳,267-37
北投區,新民,三,164,北投區,頂北投,山腳,267-40
北投區,新民,三,165,北投區,頂北投,山腳,267-39
北投區,新民,三,166,北投區,頂北投,山腳,267-41
北投區,新民,三,167,北投區,頂北投,山腳,267-43
北投區,新民,三,168,北投區,頂北投,山腳,267-42
北投區,新民,三,169,北投區,頂北投,山腳,267-44
北投區,新民,三,17,北投區,頂北投,山腳,261-36
北投區,新民,三,170,北投區,頂北投,山腳,267-45
北投區,新民,三,171,北投區,頂北投,山腳,267-47
北投區,新民,三,172,北投區,頂北投,山腳,267-46
北投區,新民,三,173,北投區,頂北投,山腳,267-48
北投區,新民,三,174,北投區,頂北投,山腳,267-49
北投區,新民,三,175,北投區,頂北投,山腳,267-51
北投區,新民,三,176,北投區,頂北投,山腳,267-50
北投區,新民,三,178,北投區,頂北投,山腳,267-83
北投區,新民,三,179,北投區,頂北投,山腳,267-25
北投區,新民,三,180,北投區,頂北投,山腳,268-5
北投區,新民,三,181,北投區,頂北投,山腳,267-111
北投區,新民,三,182,北投區,頂北投,山腳,267-26
北投區,新民,三,183,北投區,頂北投,山腳,267-27
北投區,新民,三,185,北投區,頂北投,山腳,267-28
北投區,新民,三,186,北投區,頂北投,山腳,267-83
北投區,新民,三,187,北投區,頂北投,山腳,267-83
北投區,新民,三,188,北投區,頂北投,山腳,267-86
北投區,新民,三,189,北投區,頂北投,山腳,267-101
北投區,新民,三,190,北投區,頂北投,山腳,267-102
北投區,新民,三,191,北投區,頂北投,山腳,267-104
北投區,新民,三,192,北投區,頂北投,山腳,267-103
北投區,新民,三,193,北投區,頂北投,山腳,267-87
北投區,新民,三,195,北投區,頂北投,山腳,267-30
北投區,新民,三,196,北投區,頂北投,山腳,267-31
北投區,新民,三,198,北投區,頂北投,山腳,267-85
北投區,新民,三,199,北投區,頂北投,山腳,267-84
北投區,新民,三,2,北投區,頂北投,山腳,255-1
北投區,新民,三,20,北投區,頂北投,山腳,258-32
北投區,新民,三,200,北投區,頂北投,山腳,267-83
北投區,新民,三,201,北投區,頂北投,山腳,267-53
北投區,新民,三,202,北投區,頂北投,山腳,267-54
北投區,新民,三,203,北投區,頂北投,山腳,267-55
北投區,新民,三,204,北投區,頂北投,山腳,267-56
北投區,新民,三,206,北投區,頂北投,山腳,267-58
北投區,新民,三,21,北投區,頂北投,山腳,261-35
北投區,新民,三,210,北投區,頂北投,山腳,267-62
北投區,新民,三,211,北投區,頂北投,山腳,267-63
北投區,新民,三,212,北投區,頂北投,山腳,267-95
北投區,新民,三,213,北投區,頂北投,山腳,267-92
北投區,新民,三,214,北投區,頂北投,山腳,267-65
北投區,新民,三,215,北投區,頂北投,山腳,267-83
北投區,新民,三,216,北投區,頂北投,山腳,267-38
北投區,新民,三,217,北投區,頂北投,山腳,267-83
北投區,新民,三,218,北投區,頂北投,山腳,272-2
北投區,新民,三,219,北投區,頂北投,山腳,267-14
北投區,新民,三,22,北投區,頂北投,山腳,261-53
北投區,新民,三,220,北投區,頂北投,山腳,272
北投區,新民,三,221,北投區,頂北投,山腳,284-135
北投區,新民,三,222,北投區,頂北投,山腳,284-129
北投區,新民,三,223,北投區,頂北投,山腳,284-136
北投區,新民,三,224,北投區,頂北投,山腳,284-137
北投區,新民,三,226,北投區,頂北投,山腳,284-138
北投區,新民,三,227,北投區,頂北投,山腳,284-139
北投區,新民,三,228,北投區,頂北投,山腳,284-140
北投區,新民,三,229,北投區,頂北投,山腳,284-78
北投區,新民,三,23,北投區,頂北投,山腳,261-25
北投區,新民,三,230,北投區,頂北投,山腳,284-165
北投區,新民,三,233,北投區,頂北投,山腳,284-7
北投區,新民,三,234,北投區,頂北投,山腳,284-62
北投區,新民,三,236,北投區,頂北投,山腳,284-113
北投區,新民,三,237,北投區,頂北投,山腳,284-97
北投區,新民,三,238,北投區,頂北投,山腳,284-96
北投區,新民,三,24,北投區,頂北投,山腳,263
北投區,新民,三,242,北投區,頂北投,山腳,284-201
北投區,新民,三,243,北投區,頂北投,山腳,284-163
北投區,新民,三,245,北投區,頂北投,山腳,284-89
北投區,新民,三,246,北投區,頂北投,山腳,284-102
北投區,新民,三,247,北投區,頂北投,山腳,284-90
北投區,新民,三,249,北投區,頂北投,山腳,284-99
北投區,新民,三,25,北投區,頂北投,山腳,261-38
北投區,新民,三,251,北投區,頂北投,山腳,284-61
北投區,新民,三,253,北投區,頂北投,山腳,284-176
北投區,新民,三,254,北投區,頂北投,山腳,284-42
北投區,新民,三,255,北投區,頂北投,山腳,284-35
北投區,新民,三,256,北投區,頂北投,山腳,284-4
北投區,新民,三,257,北投區,頂北投,山腳,284-170
北投區,新民,三,258,北投區,頂北投,山腳,284-171
北投區,新民,三,259,北投區,頂北投,山腳,284-172
北投區,新民,三,26,北投區,頂北投,山腳,265-2
北投區,新民,三,260,北投區,頂北投,山腳,284-173
北投區,新民,三,261,北投區,頂北投,山腳,284-174
北投區,新民,三,262,北投區,頂北投,山腳,284-175
北投區,新民,三,263,北投區,頂北投,山腳,284-45
北投區,新民,三,264,北投區,頂北投,山腳,284-71
北投區,新民,三,265,北投區,頂北投,山腳,284-46
北投區,新民,三,266,北投區,頂北投,山腳,284-185
北投區,新民,三,267,北投區,頂北投,山腳,284-47
北投區,新民,三,268,北投區,頂北投,山腳,284-131
北投區,新民,三,269,北投區,頂北投,山腳,284-166
北投區,新民,三,27,北投區,頂北投,山腳,261-10
北投區,新民,三,270,北投區,頂北投,山腳,284-49
北投區,新民,三,271,北投區,頂北投,山腳,284-50
北投區,新民,三,272,北投區,頂北投,山腳,284-167
北投區,新民,三,273,北投區,頂北投,山腳,284-168
北投區,新民,三,274,北投區,頂北投,山腳,285-11
北投區,新民,三,275,北投區,頂北投,山腳,285-3
北投區,新民,三,276,北投區,頂北投,山腳,285-4
北投區,新民,三,277,北投區,頂北投,山腳,284-51
北投區,新民,三,278,北投區,頂北投,山腳,284-52
北投區,新民,三,28,北投區,頂北投,山腳,266-1
北投區,新民,三,280,北投區,頂北投,山腳,284-38
北投區,新民,三,281,北投區,頂北投,山腳,284-37
北投區,新民,三,282,北投區,頂北投,山腳,284-186
北投區,新民,三,283,北投區,頂北投,山腳,284-39
北投區,新民,三,284,北投區,頂北投,山腳,284-178
北投區,新民,三,285,北投區,頂北投,山腳,284-179
北投區,新民,三,286,北投區,頂北投,山腳,284-180
北投區,新民,三,287,北投區,頂北投,山腳,284-40
北投區,新民,三,288,北投區,頂北投,山腳,284-82
北投區,新民,三,289,北投區,頂北投,山腳,284
北投區,新民,三,290,北投區,頂北投,山腳,284-43
北投區,新民,三,291,北投區,頂北投,山腳,284-81
北投區,新民,三,292,北投區,頂北投,山腳,284-92
北投區,新民,三,293,北投區,頂北投,山腳,267-83
北投區,新民,三,294,北投區,頂北投,山腳,267-83
北投區,新民,三,295,北投區,頂北投,山腳,267-93
北投區,新民,三,298,北投區,頂北投,山腳,267-68
北投區,新民,三,299,北投區,頂北投,山腳,267-69
北投區,新民,三,3,北投區,頂北投,山腳,255-1
北投區,新民,三,300,北投區,頂北投,山腳,267-70
北投區,新民,三,301,北投區,頂北投,山腳,267-83
北投區,新民,三,302,北投區,頂北投,山腳,274
北投區,新民,三,303,北投區,頂北投,山腳,274-6
北投區,新民,三,304,北投區,頂北投,山腳,274-7
北投區,新民,三,305,北投區,頂北投,山腳,267-113
北投區,新民,三,306,北投區,頂北投,山腳,274-8
北投區,新民,三,307,北投區,頂北投,山腳,274-12
北投區,新民,三,308,北投區,頂北投,山腳,274-9
北投區,新民,三,309,北投區,頂北投,山腳,274-13
北投區,新民,三,31,北投區,頂北投,山腳,261-11
北投區,新民,三,310,北投區,頂北投,山腳,274-10
北投區,新民,三,311,北投區,頂北投,山腳,267-89
北投區,新民,三,312,北投區,頂北投,山腳,274-3
北投區,新民,三,313,北投區,頂北投,山腳,274-4
北投區,新民,三,314,北投區,頂北投,山腳,277
北投區,新民,三,315,北投區,頂北投,山腳,267-82
北投區,新民,三,316,北投區,頂北投,山腳,267-80
北投區,新民,三,317,北投區,頂北投,山腳,267-79
北投區,新民,三,318,北投區,頂北投,山腳,267-71
北投區,新民,三,319,北投區,頂北投,山腳,267-78
北投區,新民,三,32,北投區,頂北投,山腳,261-11
北投區,新民,三,320,北投區,頂北投,山腳,267-77
北投區,新民,三,321,北投區,頂北投,山腳,267-88
北投區,新民,三,322,北投區,頂北投,山腳,267-76
北投區,新民,三,323,北投區,頂北投,山腳,267-97
北投區,新民,三,324,北投區,頂北投,山腳,267-72
北投區,新民,三,325,北投區,頂北投,山腳,267-75
北投區,新民,三,326,北投區,頂北投,山腳,267-73
北投區,新民,三,327,北投區,頂北投,山腳,267-74
北投區,新民,三,328,北投區,頂北投,山腳,267-90
北投區,新民,三,329,北投區,頂北投,山腳,267-91
北投區,新民,三,33,北投區,頂北投,山腳,261-11
北投區,新民,三,331,北投區,頂北投,山腳,284-130
北投區,新民,三,332,北投區,頂北投,山腳,284-41
北投區,新民,三,333,北投區,頂北投,山腳,284-199
北投區,新民,三,334,北投區,頂北投,山腳,284-3
北投區,新民,三,335,北投區,頂北投,山腳,284-196
北投區,新民,三,336,北投區,頂北投,山腳,284-197
北投區,新民,三,337,北投區,頂北投,山腳,284-198
北投區,新民,三,338,北投區,頂北投,山腳,285-2
北投區,新民,三,339,北投區,頂北投,山腳,285
北投區,新民,三,34,北投區,頂北投,山腳,261-15
北投區,新民,三,341,北投區,頂北投,山腳,285-6
北投區,新民,三,342,北投區,頂北投,山腳,285-9
北投區,新民,三,343,北投區,頂北投,山腳,285-8
北投區,新民,三,344,北投區,頂北投,山腳,284-161
北投區,新民,三,345,北投區,頂北投,山腳,1032-3
北投區,新民,三,346,北投區,頂北投,山腳,279
北投區,新民,三,347,北投區,頂北投,山腳,1032-2
北投區,新民,三,348,北投區,頂北投,山腳,285-10
北投區,新民,三,349,北投區,頂北投,山腳,267-110
北投區,新民,三,35,北投區,頂北投,山腳,261-14
北投區,新民,三,350,北投區,頂北投,山腳,282
北投區,新民,三,351,北投區,頂北投,山腳,281
北投區,新民,三,352,北投區,頂北投,山腳,281-1
北投區,新民,三,353,北投區,頂北投,山腳,282-1
北投區,新民,三,354,北投區,頂北投,山腳,267-80
北投區,新民,三,355,北投區,頂北投,山腳,267-81
北投區,新民,三,356,北投區,頂北投,山腳,1037
北投區,新民,三,357,北投區,頂北投,山腳,282-3
北投區,新民,三,358,北投區,頂北投,山腳,282-2
北投區,新民,三,359,北投區,頂北投,山腳,280
北投區,新民,三,36,北投區,頂北投,山腳,261-13
北投區,新民,三,360,北投區,頂北投,山腳,283
北投區,新民,三,361,北投區,頂北投,山腳,283-1
北投區,新民,三,362,北投區,頂北投,山腳,1037-2
北投區,新民,三,363,北投區,頂北投,山腳,279-6
北投區,新民,三,364,北投區,頂北投,山腳,279-7
北投區,新民,三,365,北投區,頂北投,山腳,279-1
北投區,新民,三,366,北投區,頂北投,山腳,279-2
北投區,新民,三,367,北投區,頂北投,山腳,279-4
北投區,新民,三,368,北投區,頂北投,山腳,279-3
北投區,新民,三,369,北投區,頂北投,山腳,1037-1
北投區,新民,三,37,北投區,頂北投,山腳,261-16
北投區,新民,三,370,北投區,頂北投,山腳,279-9
北投區,新民,三,371,北投區,頂北投,山腳,279-11
北投區,新民,三,372,北投區,頂北投,山腳,279-8
北投區,新民,三,373,北投區,頂北投,山腳,279-5
北投區,新民,三,374,北投區,頂北投,山腳,279-10
北投區,新民,三,375,北投區,頂北投,山腳,1037-1
北投區,新民,三,376,北投區,頂北投,山腳,1040
北投區,新民,三,377,北投區,頂北投,山腳,278-2
北投區,新民,三,378,北投區,頂北投,山腳,278-1
北投區,新民,三,379,北投區,頂北投,山腳,1038-1
北投區,新民,三,38,北投區,頂北投,山腳,267-109
北投區,新民,三,380,北投區,頂北投,山腳,278
北投區,新民,三,381,北投區,頂北投,山腳,1038
北投區,新民,三,382,北投區,頂北投,山腳,288
北投區,新民,三,383,北投區,頂北投,山腳,288
北投區,新民,三,384,北投區,頂北投,山腳,1038
北投區,新民,三,385,北投區,頂北投,山腳,287-2
北投區,新民,三,386,北投區,頂北投,山腳,286-1
北投區,新民,三,387,北投區,頂北投,山腳,1038-4
北投區,新民,三,388,北投區,頂北投,山腳,1032
北投區,新民,三,389,北投區,頂北投,山腳,286-4
北投區,新民,三,39,北投區,頂北投,山腳,265-4
北投區,新民,三,390,北投區,頂北投,山腳,286-6
北投區,新民,三,391,北投區,頂北投,山腳,286-3
北投區,新民,三,392,北投區,頂北投,山腳,286-8
北投區,新民,三,393,北投區,頂北投,山腳,286-5
北投區,新民,三,394,北投區,頂北投,山腳,286-2
北投區,新民,三,395,北投區,頂北投,山腳,286-7
北投區,新民,三,396,北投區,頂北投,山腳,286
北投區,新民,三,397,北投區,頂北投,山腳,1038-3
北投區,新民,三,399,北投區,頂北投,山腳,288-10
北投區,新民,三,4,北投區,頂北投,山腳,252-4
北投區,新民,三,40,北投區,頂北投,山腳,261-25
北投區,新民,三,400,北投區,頂北投,山腳,288-9
北投區,新民,三,401,北投區,頂北投,山腳,288-8
北投區,新民,三,405,北投區,頂北投,山腳,288-16
北投區,新民,三,406,北投區,頂北投,山腳,288-15
北投區,新民,三,407,北投區,頂北投,山腳,288-14
北投區,新民,三,409,北投區,頂北投,山腳,288-12
北投區,新民,三,41,北投區,頂北投,山腳,263-1
北投區,新民,三,410,北投區,頂北投,山腳,288-2
北投區,新民,三,411,北投區,頂北投,山腳,288-1
北投區,新民,三,412,北投區,頂北投,山腳,1038-2
北投區,新民,三,413,北投區,頂北投,山腳,1039
北投區,新民,三,414,北投區,頂北投,山腳,288-6
北投區,新民,三,415,北投區,頂北投,山腳,288-4
北投區,新民,三,416,北投區,頂北投,山腳,291-1
北投區,新民,三,417,北投區,頂北投,山腳,291-4
北投區,新民,三,418,北投區,頂北投,山腳,291
北投區,新民,三,419,北投區,頂北投,山腳,313-12
北投區,新民,三,42,北投區,頂北投,山腳,261-24
北投區,新民,三,421,北投區,頂北投,山腳,293-13
北投區,新民,三,423,北投區,頂北投,山腳,293-15
北投區,新民,三,424,北投區,頂北投,山腳,293-11
北投區,新民,三,425,北投區,頂北投,山腳,293-29
北投區,新民,三,426,北投區,頂北投,山腳,293-31
北投區,新民,三,427,北投區,頂北投,山腳,293-32
北投區,新民,三,428,北投區,頂北投,山腳,293-33
北投區,新民,三,429,北投區,頂北投,山腳,293-34
北投區,新民,三,43,北投區,頂北投,山腳,261-28
北投區,新民,三,430,北投區,頂北投,山腳,293-3
北投區,新民,三,431,北投區,頂北投,山腳,293-36
北投區,新民,三,432,北投區,頂北投,山腳,293-55
北投區,新民,三,433,北投區,頂北投,山腳,293-42
北投區,新民,三,434,北投區,頂北投,山腳,312-16
北投區,新民,三,435,北投區,頂北投,山腳,293-54
北投區,新民,三,436,北投區,頂北投,山腳,293-45
北投區,新民,三,437,北投區,頂北投,山腳,293-46
北投區,新民,三,438,北投區,頂北投,山腳,293-47
北投區,新民,三,439,北投區,頂北投,山腳,293-48
北投區,新民,三,44,北投區,頂北投,山腳,261-27
北投區,新民,三,440,北投區,頂北投,山腳,293-49
北投區,新民,三,441,北投區,頂北投,山腳,293-50
北投區,新民,三,442,北投區,頂北投,山腳,294
北投區,新民,三,443,北投區,頂北投,山腳,293-52
北投區,新民,三,446,北投區,頂北投,山腳,293-44
北投區,新民,三,447,北投區,頂北投,山腳,293-43
北投區,新民,三,448,北投區,頂北投,山腳,293-37
北投區,新民,三,45,北投區,頂北投,山腳,261-23
北投區,新民,三,450,北投區,頂北投,山腳,293-39
北投區,新民,三,451,北投區,頂北投,山腳,293-40
北投區,新民,三,452,北投區,頂北投,山腳,292
北投區,新民,三,454,北投區,北投,,30-12
北投區,新民,三,457,北投區,北投,,598-4
北投區,新民,三,458,北投區,北投,,30-9
北投區,新民,三,459,北投區,北投,,32
北投區,新民,三,46,北投區,頂北投,山腳,267-10
北投區,新民,三,460,北投區,北投,,31
北投區,新民,三,461,北投區,北投,,30-10
北投區,新民,三,462,北投區,北投,,27-2
北投區,新民,三,463,北投區,北投,,26-9
北投區,新民,三,464,北投區,北投,,28-4
北投區,新民,三,465,北投區,北投,,29
北投區,新民,三,466,北投區,北投,,30
北投區,新民,三,467,北投區,北投,,33
北投區,新民,三,468,北投區,北投,,30-7
北投區,新民,三,469,北投區,北投,,30-8
北投區,新民,三,47,北投區,頂北投,山腳,261-22
北投區,新民,三,470,北投區,北投,,30-4
北投區,新民,三,471,北投區,北投,,30-2
北投區,新民,三,472,北投區,北投,,34-43
北投區,新民,三,473,北投區,北投,,30-11
北投區,新民,三,474,北投區,北投,,33-1
北投區,新民,三,475,北投區,北投,,32-1
北投區,新民,三,48,北投區,頂北投,山腳,265-5
北投區,新民,三,49,北投區,頂北投,山腳,261-21
北投區,新民,三,5,北投區,頂北投,山腳,252-4
北投區,新民,三,50,北投區,頂北投,山腳,267-9
北投區,新民,三,51,北投區,頂北投,山腳,261-31
北投區,新民,三,52,北投區,頂北投,山腳,261-20
北投區,新民,三,54,北投區,頂北投,山腳,261-30
北投區,新民,三,55,北投區,頂北投,山腳,261-45
北投區,新民,三,56,北投區,頂北投,山腳,261-18
北投區,新民,三,59,北投區,頂北投,山腳,261-32
北投區,新民,三,6,北投區,頂北投,山腳,252-4
北投區,新民,三,60,北投區,頂北投,山腳,267-5
北投區,新民,三,61,北投區,頂北投,山腳,267-22
北投區,新民,三,62,北投區,頂北投,山腳,267-105
北投區,新民,三,63,北投區,頂北投,山腳,267-21
北投區,新民,三,64,北投區,頂北投,山腳,267-20
北投區,新民,三,65,北投區,頂北投,山腳,267-106
北投區,新民,三,66,北投區,頂北投,山腳,267-19
北投區,新民,三,67,北投區,頂北投,山腳,267-107
北投區,新民,三,68,北投區,頂北投,山腳,267-18
北投區,新民,三,69,北投區,頂北投,山腳,267-108
北投區,新民,三,7,北投區,頂北投,山腳,261-3
北投區,新民,三,70,北投區,頂北投,山腳,267-24
北投區,新民,三,71,北投區,頂北投,山腳,267-23
北投區,新民,三,72,北投區,頂北投,山腳,267-17
北投區,新民,三,73,北投區,頂北投,山腳,267-16
北投區,新民,三,74,北投區,頂北投,山腳,267-83
北投區,新民,三,75,北投區,頂北投,山腳,267-15
北投區,新民,三,76,北投區,頂北投,山腳,267-34
北投區,新民,三,77,北投區,頂北投,山腳,267-33
北投區,新民,三,78,北投區,頂北投,山腳,261-40
北投區,新民,三,79,北投區,頂北投,山腳,267-100
北投區,新民,三,8,北投區,頂北投,山腳,261-3
北投區,新民,三,82,北投區,頂北投,山腳,258-51
北投區,新民,三,83,北投區,頂北投,山腳,267-35
北投區,新民,三,84,北投區,頂北投,山腳,273-15
北投區,新民,三,85,北投區,頂北投,山腳,258-26
北投區,新民,三,86,北投區,頂北投,山腳,271
北投區,新民,三,87,北投區,頂北投,山腳,271-16
北投區,新民,三,9,北投區,頂北投,山腳,261-55
北投區,新民,三,98,北投區,頂北投,山腳,258-34
北投區,新民,二,1,北投區,頂北投,十八分,440-2
北投區,新民,二,100,北投區,頂北投,十八分,404-3
北投區,新民,二,103,北投區,頂北投,十八分,404-22
北投區,新民,二,107,北投區,頂北投,十八分,404-11
北投區,新民,二,110,北投區,頂北投,十八分,1139-1
北投區,新民,二,111,北投區,頂北投,十八分,1142
北投區,新民,二,112,北投區,頂北投,十八分,476-2
北投區,新民,二,113,北投區,頂北投,十八分,479
北投區,新民,二,114,北投區,頂北投,十八分,480
北投區,新民,二,115,北投區,頂北投,十八分,480-1
北投區,新民,二,116,北投區,頂北投,十八分,476-3
北投區,新民,二,12,北投區,頂北投,十八分,415-4
北投區,新民,二,120,北投區,頂北投,十八分,480-3
北投區,新民,二,121,北投區,頂北投,十八分,476-6
北投區,新民,二,122,北投區,頂北投,十八分,476-7
北投區,新民,二,123,北投區,頂北投,十八分,476-8
北投區,新民,二,124,北投區,頂北投,十八分,476-9
北投區,新民,二,125,北投區,頂北投,十八分,475-2
北投區,新民,二,126,北投區,頂北投,十八分,475-2
北投區,新民,二,127,北投區,頂北投,十八分,475-2
北投區,新民,二,128,北投區,頂北投,十八分,476-5
北投區,新民,二,129,北投區,頂北投,十八分,1139-2
北投區,新民,二,13,北投區,頂北投,十八分,414-2
北投區,新民,二,130,北投區,頂北投,十八分,395-14
北投區,新民,二,131,北投區,頂北投,十八分,395-27
北投區,新民,二,132,北投區,頂北投,十八分,395-26
北投區,新民,二,133,北投區,頂北投,十八分,404-11
北投區,新民,二,134,北投區,頂北投,十八分,395-35
北投區,新民,二,135,北投區,頂北投,十八分,404-15
北投區,新民,二,136,北投區,頂北投,十八分,404-16
北投區,新民,二,137,北投區,頂北投,十八分,404-17
北投區,新民,二,138,北投區,頂北投,十八分,404-18
北投區,新民,二,139,北投區,頂北投,十八分,404-20
北投區,新民,二,140,北投區,頂北投,十八分,395-13
北投區,新民,二,141,北投區,頂北投,十八分,395-36
北投區,新民,二,142,北投區,頂北投,十八分,404-33
北投區,新民,二,143,北投區,頂北投,十八分,395-6
北投區,新民,二,144,北投區,頂北投,十八分,395-18
北投區,新民,二,145,北投區,頂北投,十八分,395-17
北投區,新民,二,146,北投區,頂北投,十八分,395-16
北投區,新民,二,147,北投區,頂北投,十八分,395-21
北投區,新民,二,148,北投區,頂北投,十八分,395-20
北投區,新民,二,149,北投區,頂北投,十八分,395-19
北投區,新民,二,15,北投區,頂北投,十八分,113-5
北投區,新民,二,150,北投區,頂北投,十八分,395-6
北投區,新民,二,151,北投區,頂北投,十八分,395-22
北投區,新民,二,152,北投區,頂北投,十八分,395-23
北投區,新民,二,153,北投區,頂北投,十八分,395-24
北投區,新民,二,154,北投區,頂北投,十八分,403-2
北投區,新民,二,16,北投區,頂北投,十八分,481-23
北投區,新民,二,160,北投區,北投,,17-6
北投區,新民,二,161,北投區,北投,,13-33
北投區,新民,二,162,北投區,北投,,15-11
北投區,新民,二,163,北投區,北投,,15-1
北投區,新民,二,164,北投區,北投,,15-15
北投區,新民,二,164-1,北投區,北投,,15-15
北投區,新民,二,165,北投區,北投,,15-8
北投區,新民,二,166,北投區,北投,,15-14
北投區,新民,二,167,北投區,北投,,15-14
北投區,新民,二,168,北投區,北投,,15-22
北投區,新民,二,17,北投區,頂北投,十八分,413-1
北投區,新民,二,170,北投區,北投,,15-21
北投區,新民,二,171,北投區,北投,,15-20
北投區,新民,二,172,北投區,北投,,15-4
北投區,新民,二,175,北投區,北投,,18-43
北投區,新民,二,176,北投區,北投,,18-42
北投區,新民,二,177,北投區,北投,,18-41
北投區,新民,二,178,北投區,北投,,18-1
北投區,新民,二,179,北投區,北投,,1290
北投區,新民,二,18,北投區,頂北投,十八分,413-2
北投區,新民,二,180,北投區,北投,,17-2
北投區,新民,二,181,北投區,北投,,17
北投區,新民,二,182,北投區,北投,,17-9
北投區,新民,二,184,北投區,北投,,17-1
北投區,新民,二,186,北投區,北投,,13-38
北投區,新民,二,187,北投區,北投,,15-18
北投區,新民,二,188,北投區,北投,,15-19
北投區,新民,二,190,北投區,北投,,15-7
北投區,新民,二,192,北投區,北投,,13-6
北投區,新民,二,192-1,北投區,北投,,14-3
北投區,新民,二,193,北投區,北投,,13-10
北投區,新民,二,194,北投區,北投,,13-34
北投區,新民,二,195,北投區,北投,,13-35
北投區,新民,二,196,北投區,北投,,1289
北投區,新民,二,197,北投區,北投,,13-30
北投區,新民,二,198,北投區,北投,,15-2
北投區,新民,二,199,北投區,北投,,15-12
北投區,新民,二,2,北投區,頂北投,十八分,382-3
北投區,新民,二,20,北投區,頂北投,十八分,412-4
北投區,新民,二,200,北投區,北投,,13-5
北投區,新民,二,201,北投區,北投,,13-9
北投區,新民,二,202,北投區,北投,,13-11
北投區,新民,二,203,北投區,北投,,13-23
北投區,新民,二,204,北投區,北投,,12-2
北投區,新民,二,204-2,北投區,北投,,13-36
北投區,新民,二,205,北投區,北投,,13-22
北投區,新民,二,21,北投區,頂北投,十八分,411-4
北投區,新民,二,214,北投區,北投,,13-3
北投區,新民,二,215,北投區,北投,,12-3
北投區,新民,二,219,北投區,北投,,14-5
北投區,新民,二,220,北投區,北投,,14-40
北投區,新民,二,221,北投區,北投,,14-17
北投區,新民,二,222,北投區,北投,,14-15
北投區,新民,二,224,北投區,北投,,14-13
北投區,新民,二,225,北投區,北投,,14-12
北投區,新民,二,226,北投區,北投,,14-7
北投區,新民,二,226-1,北投區,北投,,14-7
北投區,新民,二,227-1,北投區,北投,,14-2
北投區,新民,二,228-1,北投區,北投,,14-37
北投區,新民,二,229,北投區,北投,,14-6
北投區,新民,二,229-1,北投區,北投,,14-6
北投區,新民,二,23,北投區,頂北投,十八分,411-10
北投區,新民,二,230,北投區,北投,,14-1
北投區,新民,二,231,北投區,北投,,14-14
北投區,新民,二,232,北投區,北投,,14-20
北投區,新民,二,232-1,北投區,北投,,14-20
北投區,新民,二,233,北投區,北投,,14-19
北投區,新民,二,234,北投區,北投,,14-18
北投區,新民,二,235,北投區,北投,,14-22
北投區,新民,二,236,北投區,北投,,14-26
北投區,新民,二,237,北投區,北投,,14-27
北投區,新民,二,238,北投區,北投,,14-30
北投區,新民,二,239,北投區,北投,,14-31
北投區,新民,二,24,北投區,頂北投,十八分,411-5
北投區,新民,二,240,北投區,北投,,14-16
北投區,新民,二,241,北投區,北投,,19-5
北投區,新民,二,241-1,北投區,北投,,19-5
北投區,新民,二,242,北投區,北投,,19-16
北投區,新民,二,243,北投區,北投,,19-17
北投區,新民,二,244,北投區,北投,,14-35
北投區,新民,二,244-1,北投區,北投,,14-35
北投區,新民,二,245,北投區,北投,,14-36
北投區,新民,二,245-1,北投區,北投,,14-36
北投區,新民,二,246,北投區,北投,,14-33
北投區,新民,二,247,北投區,北投,,18-8
北投區,新民,二,248,北投區,北投,,14-32
北投區,新民,二,249,北投區,北投,,18-13
北投區,新民,二,249-1,北投區,北投,,18-13
北投區,新民,二,25,北投區,頂北投,十八分,411-3
北投區,新民,二,250,北投區,北投,,18
北投區,新民,二,252,北投區,北投,,14
北投區,新民,二,252-1,北投區,北投,,14
北投區,新民,二,253,北投區,北投,,14-21
北投區,新民,二,253-1,北投區,北投,,14-21
北投區,新民,二,254,北投區,北投,,14-42
北投區,新民,二,254-1,北投區,北投,,14-42
北投區,新民,二,255,北投區,北投,,14-43
北投區,新民,二,255-1,北投區,北投,,14-43
北投區,新民,二,256,北投區,北投,,14-44
北投區,新民,二,256-1,北投區,北投,,14-44
北投區,新民,二,257,北投區,北投,,14-45
北投區,新民,二,257-1,北投區,北投,,14-45
北投區,新民,二,258,北投區,北投,,19-28
北投區,新民,二,258-1,北投區,北投,,19-28
北投區,新民,二,259,北投區,北投,,19-29
北投區,新民,二,259-1,北投區,北投,,19-29
北投區,新民,二,26,北投區,頂北投,十八分,1140
北投區,新民,二,261,北投區,北投,,19-10
北投區,新民,二,262,北投區,北投,,14-29
北投區,新民,二,263,北投區,北投,,19-4
北投區,新民,二,266,北投區,北投,,19-9
北投區,新民,二,266-1,北投區,北投,,19
北投區,新民,二,267,北投區,北投,,18-11
北投區,新民,二,268,北投區,北投,,21-11
北投區,新民,二,27,北投區,頂北投,十八分,1140-1
北投區,新民,二,270,北投區,北投,,18-7
北投區,新民,二,277,北投區,北投,,21-27
北投區,新民,二,278,北投區,北投,,21-22
北投區,新民,二,279,北投區,北投,,19-13
北投區,新民,二,279-1,北投區,北投,,19-13
北投區,新民,二,28,北投區,頂北投,十八分,404-34
北投區,新民,二,280,北投區,北投,,19-3
北投區,新民,二,280-1,北投區,北投,,19-3
北投區,新民,二,281,北投區,北投,,19-23
北投區,新民,二,281-1,北投區,北投,,19-3
北投區,新民,二,282,北投區,北投,,19-24
北投區,新民,二,283,北投區,北投,,19-25
北投區,新民,二,284,北投區,北投,,19-11
北投區,新民,二,285,北投區,北投,,21-23
北投區,新民,二,286,北投區,北投,,21-29
北投區,新民,二,287,北投區,北投,,21-21
北投區,新民,二,288,北投區,北投,,21-28
北投區,新民,二,289,北投區,北投,,21-14
北投區,新民,二,29-1,北投區,頂北投,十八分,411-8
北投區,新民,二,290,北投區,北投,,20
北投區,新民,二,291,北投區,北投,,1229
北投區,新民,二,292,北投區,北投,,54-28
北投區,新民,二,293,北投區,北投,,54-71
北投區,新民,二,294,北投區,北投,,57-1
北投區,新民,二,296,北投區,北投,,54-73
北投區,新民,二,297,北投區,北投,,54-74
北投區,新民,二,298,北投區,北投,,54-75
北投區,新民,二,299,北投區,北投,,54-76
北投區,新民,二,3,北投區,頂北投,十八分,382-2
北投區,新民,二,300,北投區,北投,,54-77
北投區,新民,二,301,北投區,北投,,56-7
北投區,新民,二,302,北投區,北投,,21-30
北投區,新民,二,303,北投區,北投,,21-20
北投區,新民,二,305,北投區,北投,,21
北投區,新民,二,306,北投區,北投,,21-18
北投區,新民,二,307,北投區,北投,,21-35
北投區,新民,二,308,北投區,北投,,56-10
北投區,新民,二,309,北投區,北投,,56-8
北投區,新民,二,31,北投區,頂北投,十八分,410-1
北投區,新民,二,310,北投區,北投,,21-31
北投區,新民,二,311,北投區,北投,,22-15
北投區,新民,二,312,北投區,北投,,21-13
北投區,新民,二,315,北投區,北投,,55-16
北投區,新民,二,316,北投區,北投,,21-2
北投區,新民,二,317,北投區,北投,,18-26
北投區,新民,二,318,北投區,北投,,18-12
北投區,新民,二,319,北投區,北投,,18-21
北投區,新民,二,320,北投區,北投,,17-7
北投區,新民,二,321,北投區,北投,,17-4
北投區,新民,二,322,北投區,北投,,17-5
北投區,新民,二,323,北投區,北投,,1291
北投區,新民,二,324,北投區,北投,,18-14
北投區,新民,二,325,北投區,北投,,18-22
北投區,新民,二,326,北投區,北投,,18-23
北投區,新民,二,327,北投區,北投,,18-24
北投區,新民,二,328,北投區,北投,,18-29
北投區,新民,二,329,北投區,北投,,18-27
北投區,新民,二,330,北投區,北投,,18-25
北投區,新民,二,331,北投區,北投,,18-16
北投區,新民,二,334,北投區,北投,,17-8
北投區,新民,二,335,北投區,北投,,18-28
北投區,新民,二,336,北投區,北投,,18-31
北投區,新民,二,337,北投區,北投,,18-32
北投區,新民,二,338,北投區,北投,,18-33
北投區,新民,二,339,北投區,北投,,18-34
北投區,新民,二,340,北投區,北投,,18-35
北投區,新民,二,341,北投區,北投,,18-36
北投區,新民,二,342,北投區,北投,,18-40
北投區,新民,二,343,北投區,北投,,18-39
北投區,新民,二,344,北投區,北投,,18-38
北投區,新民,二,345,北投區,北投,,18-37
北投區,新民,二,346,北投區,北投,,18-44
北投區,新民,二,347,北投區,北投,,18-6
北投區,新民,二,348,北投區,北投,,18-46
北投區,新民,二,349,北投區,北投,,18-45
北投區,新民,二,35,北投區,頂北投,十八分,409-1
北投區,新民,二,350,北投區,北投,,18-49
北投區,新民,二,351,北投區,北投,,18-48
北投區,新民,二,352,北投區,北投,,18-5
北投區,新民,二,353,北投區,北投,,18-47
北投區,新民,二,356,北投區,北投,,27-12
北投區,新民,二,357,北投區,北投,,27-5
北投區,新民,二,358,北投區,北投,,27-10
北投區,新民,二,359,北投區,北投,,27-8
北投區,新民,二,359-1,北投區,北投,,27-9
北投區,新民,二,360,北投區,北投,,18-50
北投區,新民,二,361,北投區,北投,,18-51
北投區,新民,二,362,北投區,北投,,18-52
北投區,新民,二,363,北投區,北投,,18-53
北投區,新民,二,364,北投區,北投,,18-54
北投區,新民,二,365,北投區,北投,,21-5
北投區,新民,二,366,北投區,北投,,21-37
北投區,新民,二,368,北投區,北投,,21-17
北投區,新民,二,369,北投區,北投,,21-38
北投區,新民,二,370,北投區,北投,,22-16
北投區,新民,二,371,北投區,北投,,21-40
北投區,新民,二,372,北投區,北投,,21-41
北投區,新民,二,373,北投區,北投,,21-15
北投區,新民,二,374,北投區,北投,,24-4
北投區,新民,二,375,北投區,北投,,24-5
北投區,新民,二,376,北投區,北投,,24
北投區,新民,二,377,北投區,北投,,24-7
北投區,新民,二,378,北投區,北投,,25-1
北投區,新民,二,379,北投區,北投,,25-2
北投區,新民,二,380,北投區,北投,,25
北投區,新民,二,381,北投區,北投,,1223
北投區,新民,二,382,北投區,北投,,1223
北投區,新民,二,383,北投區,北投,,1223
北投區,新民,二,383-1,北投區,北投,,1223
北投區,新民,二,384,北投區,北投,,1223-1
北投區,新民,二,385,北投區,北投,,26-2
北投區,新民,二,386,北投區,北投,,26-15
北投區,新民,二,387,北投區,北投,,26-14
北投區,新民,二,388,北投區,北投,,27-11
北投區,新民,二,389,北投區,北投,,26-11
北投區,新民,二,39,北投區,頂北投,十八分,408-1
北投區,新民,二,390,北投區,北投,,26-12
北投區,新民,二,392,北投區,北投,,26
北投區,新民,二,393,北投區,北投,,26-8
北投區,新民,二,394,北投區,北投,,26-7
北投區,新民,二,395,北投區,北投,,26-6
北投區,新民,二,396,北投區,北投,,26-5
北投區,新民,二,399,北投區,北投,,26-1
北投區,新民,二,40,北投區,頂北投,十八分,395
北投區,新民,二,400,北投區,北投,,29-3
北投區,新民,二,401,北投區,北投,,28
北投區,新民,二,402,北投區,北投,,28-1
北投區,新民,二,403,北投區,北投,,24-2
北投區,新民,二,404,北投區,北投,,24-1
北投區,新民,二,405,北投區,北投,,21-4
北投區,新民,二,408,北投區,北投,,22-18
北投區,新民,二,409,北投區,北投,,36-3
北投區,新民,二,410,北投區,北投,,36-35
北投區,新民,二,411,北投區,北投,,36-34
北投區,新民,二,412,北投區,北投,,36-18
北投區,新民,二,413,北投區,北投,,36-19
北投區,新民,二,414,北投區,北投,,36-20
北投區,新民,二,415,北投區,北投,,36-21
北投區,新民,二,416,北投區,北投,,36-22
北投區,新民,二,417,北投區,北投,,36-1
北投區,新民,二,418,北投區,北投,,36-12
北投區,新民,二,419,北投區,北投,,36-13
北投區,新民,二,420,北投區,北投,,36-14
北投區,新民,二,421,北投區,北投,,36-15
北投區,新民,二,422,北投區,北投,,36-16
北投區,新民,二,423,北投區,北投,,34-8
北投區,新民,二,424,北投區,北投,,34-25
北投區,新民,二,425,北投區,北投,,34
北投區,新民,二,426,北投區,北投,,29-2
北投區,新民,二,428,北投區,北投,,34-53
北投區,新民,二,429,北投區,北投,,34-7
北投區,新民,二,430,北投區,北投,,34-1
北投區,新民,二,431,北投區,北投,,34-24
北投區,新民,二,432,北投區,北投,,34-31
北投區,新民,二,433,北投區,北投,,34-30
北投區,新民,二,434,北投區,北投,,34-9
北投區,新民,二,435,北投區,北投,,34-23
北投區,新民,二,436,北投區,北投,,34-56
北投區,新民,二,437,北投區,北投,,34-58
北投區,新民,二,438,北投區,北投,,34-16
北投區,新民,二,439,北投區,北投,,34-22
北投區,新民,二,44,北投區,頂北投,十八分,395-2
北投區,新民,二,440,北投區,北投,,34-28
北投區,新民,二,441,北投區,北投,,34-67
北投區,新民,二,442,北投區,北投,,34-29
北投區,新民,二,443,北投區,北投,,34-6
北投區,新民,二,444,北投區,北投,,34-60
北投區,新民,二,445,北投區,北投,,26-3
北投區,新民,二,446,北投區,北投,,34-4
北投區,新民,二,447,北投區,北投,,34-27
北投區,新民,二,451,北投區,北投,,36-36
北投區,新民,二,453,北投區,北投,,36-6
北投區,新民,二,454,北投區,北投,,35
北投區,新民,二,455,北投區,北投,,36
北投區,新民,二,456,北投區,北投,,36-8
北投區,新民,二,457,北投區,北投,,36-9
北投區,新民,二,458,北投區,北投,,36-10
北投區,新民,二,459,北投區,北投,,36-11
北投區,新民,二,46,北投區,頂北投,十八分,394
北投區,新民,二,460,北投區,北投,,36-24
北投區,新民,二,461,北投區,北投,,36-25
北投區,新民,二,462,北投區,北投,,36-26
北投區,新民,二,463,北投區,北投,,36-27
北投區,新民,二,464,北投區,北投,,36-28
北投區,新民,二,465,北投區,北投,,36-29
北投區,新民,二,466,北投區,北投,,36-4
北投區,新民,二,467,北投區,北投,,36-31
北投區,新民,二,468,北投區,北投,,22-13
北投區,新民,二,469,北投區,北投,,36-32
北投區,新民,二,47,北投區,頂北投,十八分,1135
北投區,新民,二,470,北投區,北投,,36-5
北投區,新民,二,471,北投區,北投,,37
北投區,新民,二,472,北投區,北投,,55-18
北投區,新民,二,473,北投區,北投,,55-26
北投區,新民,二,474,北投區,北投,,55-27
北投區,新民,二,476,北投區,北投,,37-6
北投區,新民,二,477,北投區,北投,,37-2
北投區,新民,二,478,北投區,北投,,37-3
北投區,新民,二,479,北投區,北投,,55-20
北投區,新民,二,48,北投區,頂北投,十八分,1135-1
北投區,新民,二,480,北投區,北投,,55-19
北投區,新民,二,481,北投區,北投,,55-21
北投區,新民,二,483,北投區,北投,,55-14
北投區,新民,二,484,北投區,北投,,55-25
北投區,新民,二,485,北投區,北投,,37-4
北投區,新民,二,486,北投區,北投,,37-1
北投區,新民,二,487,北投區,北投,,55-13
北投區,新民,二,49,北投區,頂北投,十八分,393
北投區,新民,二,490,北投區,北投,,49-5
北投區,新民,二,491,北投區,北投,,49-1
北投區,新民,二,493,北投區,北投,,50
北投區,新民,二,494,北投區,北投,,50-2
北投區,新民,二,495,北投區,北投,,50-1
北投區,新民,二,496,北投區,北投,,54-81
北投區,新民,二,497,北投區,北投,,54-7
北投區,新民,二,497-1,北投區,北投,,51-1
北投區,新民,二,497-2,北投區,北投,,51
北投區,新民,二,499,北投區,北投,,54-10
北投區,新民,二,5,北投區,頂北投,十八分,381-11
北投區,新民,二,50,北投區,頂北投,十八分,393-3
北投區,新民,二,500,北投區,北投,,55-5
北投區,新民,二,501,北投區,北投,,51-5
北投區,新民,二,502,北投區,北投,,53-1
北投區,新民,二,502-1,北投區,北投,,53-3
北投區,新民,二,502-2,北投區,北投,,54-8
北投區,新民,二,503,北投區,北投,,55-7
北投區,新民,二,504,北投區,北投,,51-4
北投區,新民,二,505,北投區,北投,,22-7
北投區,新民,二,505-1,北投區,北投,,22-6
北投區,新民,二,507,北投區,北投,,56-2
北投區,新民,二,508,北投區,北投,,55-8
北投區,新民,二,508-1,北投區,北投,,56-3
北投區,新民,二,509,北投區,北投,,54-27
北投區,新民,二,51,北投區,頂北投,十八分,391-1
北投區,新民,二,510,北投區,北投,,54-29
北投區,新民,二,511,北投區,北投,,14-9
北投區,新民,二,512,北投區,北投,,13-37
北投區,新民,二,513,北投區,北投,,12-19
北投區,新民,二,514,北投區,北投,,12-17
北投區,新民,二,515,北投區,北投,,54-30
北投區,新民,二,516,北投區,北投,,58
北投區,新民,二,517,北投區,北投,,14-11
北投區,新民,二,518,北投區,北投,,19-2
北投區,新民,二,519,北投區,北投,,54-23
北投區,新民,二,519-1,北投區,北投,,54-23
北投區,新民,二,519-2,北投區,北投,,54-23
北投區,新民,二,519-3,北投區,北投,,54-23
北投區,新民,二,52,北投區,頂北投,十八分,391
北投區,新民,二,520,北投區,北投,,54-25
北投區,新民,二,520-1,北投區,北投,,54-25
北投區,新民,二,520-2,北投區,北投,,54-25
北投區,新民,二,521,北投區,北投,,54-24
北投區,新民,二,522,北投區,北投,,54-33
北投區,新民,二,523,北投區,北投,,61-244
北投區,新民,二,523-1,北投區,北投,,61-244
北投區,新民,二,523-2,北投區,北投,,61-244
北投區,新民,二,523-3,北投區,北投,,61-244
北投區,新民,二,523-4,北投區,北投,,61-244
北投區,新民,二,524,北投區,北投,,61-89
北投區,新民,二,525,北投區,北投,,54-50
北投區,新民,二,526,北投區,北投,,54-63
北投區,新民,二,527,北投區,北投,,54-37
北投區,新民,二,527-1,北投區,北投,,54-37
北投區,新民,二,527-2,北投區,北投,,54-37
北投區,新民,二,528,北投區,北投,,54-83
北投區,新民,二,528-1,北投區,北投,,54-83
北投區,新民,二,528-2,北投區,北投,,54-83
北投區,新民,二,528-3,北投區,北投,,54-83
北投區,新民,二,528-4,北投區,北投,,54-83
北投區,新民,二,528-5,北投區,北投,,54-83
北投區,新民,二,529,北投區,北投,,54-48
北投區,新民,二,529-1,北投區,北投,,54-48
北投區,新民,二,529-2,北投區,北投,,54-48
北投區,新民,二,530,北投區,北投,,58-3
北投區,新民,二,530-1,北投區,北投,,58-3
北投區,新民,二,530-2,北投區,北投,,58-3
北投區,新民,二,531,北投區,北投,,59
北投區,新民,二,531-1,北投區,北投,,59
北投區,新民,二,531-2,北投區,北投,,59
北投區,新民,二,532,北投區,北投,,58-4
北投區,新民,二,532-1,北投區,北投,,58-4
北投區,新民,二,533,北投區,北投,,54-12
北投區,新民,二,533-1,北投區,北投,,54-12
北投區,新民,二,533-2,北投區,北投,,54-12
北投區,新民,二,534,北投區,北投,,54-38
北投區,新民,二,535,北投區,北投,,54-47
北投區,新民,二,536,北投區,北投,,54-1
北投區,新民,二,537,北投區,北投,,52
北投區,新民,二,538,北投區,北投,,52-7
北投區,新民,二,539,北投區,北投,,53
北投區,新民,二,540,北投區,北投,,52-17
北投區,新民,二,541,北投區,北投,,52-19
北投區,新民,二,542,北投區,北投,,52-29
北投區,新民,二,543,北投區,北投,,52-21
北投區,新民,二,544,北投區,北投,,54-78
北投區,新民,二,545,北投區,北投,,52-28
北投區,新民,二,546,北投區,北投,,52-22
北投區,新民,二,547,北投區,北投,,52-23
北投區,新民,二,548,北投區,北投,,52-24
北投區,新民,二,55,北投區,頂北投,十八分,392-2
北投區,新民,二,58,北投區,頂北投,十八分,393-4
北投區,新民,二,6,北投區,頂北投,十八分,381-13
北投區,新民,二,60,北投區,頂北投,十八分,390-4
北投區,新民,二,61,北投區,頂北投,十八分,390-5
北投區,新民,二,62,北投區,頂北投,十八分,481-24
北投區,新民,二,63,北投區,頂北投,十八分,395-3
北投區,新民,二,65,北投區,頂北投,十八分,397-2
北投區,新民,二,66,北投區,頂北投,十八分,397-3
北投區,新民,二,72,北投區,頂北投,十八分,397-1
北投區,新民,二,73,北投區,頂北投,十八分,395-39
北投區,新民,二,74,北投區,頂北投,十八分,395-25
北投區,新民,二,75,北投區,頂北投,十八分,395-38
北投區,新民,二,78,北投區,頂北投,十八分,395-33
北投區,新民,二,79,北投區,頂北投,十八分,395-8
北投區,新民,二,8,北投區,頂北投,十八分,415-3
北投區,新民,二,80,北投區,頂北投,十八分,395-9
北投區,新民,二,81,北投區,頂北投,十八分,395-32
北投區,新民,二,82,北投區,頂北投,十八分,395-40
北投區,新民,二,83,北投區,頂北投,十八分,395-31
北投區,新民,二,84,北投區,頂北投,十八分,395-10
北投區,新民,二,85,北投區,頂北投,十八分,395-11
北投區,新民,二,88,北投區,頂北投,十八分,395-12
北投區,新民,二,89,北投區,頂北投,十八分,395-37
北投區,新民,二,97,北投區,頂北投,十八分,404-32
北投區,新民,二,98,北投區,頂北投,十八分,404-31
北投區,新民,二,99,北投區,頂北投,十八分,404-30
北投區,新民,四,1,北投區,北投,,1167-50
北投區,新民,四,10,北投區,北投,,1167-85
北投區,新民,四,100,北投區,北投,,1170-5
北投區,新民,四,101,北投區,北投,,1167-52
北投區,新民,四,102,北投區,北投,,1167-52
北投區,新民,四,103,北投區,北投,,1170-19
北投區,新民,四,104,北投區,北投,,1167-52
北投區,新民,四,105,北投區,北投,,1167-145
北投區,新民,四,106,北投區,北投,,1167-145
北投區,新民,四,107,北投區,北投,,1167-10
北投區,新民,四,108,北投區,北投,,1167-50
北投區,新民,四,109,北投區,北投,,1167-10
北投區,新民,四,11,北投區,北投,,1167-34
北投區,新民,四,110,北投區,北投,,1167-48
北投區,新民,四,111,北投區,北投,,1167-48
北投區,新民,四,112,北投區,北投,,1167-48
北投區,新民,四,113,北投區,北投,,1167-86
北投區,新民,四,114,北投區,北投,,1167-10
北投區,新民,四,115,北投區,北投,,1167-133
北投區,新民,四,116,北投區,北投,,1167-131
北投區,新民,四,117,北投區,北投,,1167-90
北投區,新民,四,118,北投區,北投,,1167-91
北投區,新民,四,119,北投區,北投,,65-99
北投區,新民,四,12,北投區,北投,,1167-25
北投區,新民,四,120,北投區,北投,,1167-93
北投區,新民,四,121,北投區,北投,,1167-95
北投區,新民,四,122,北投區,北投,,65-116
北投區,新民,四,123,北投區,北投,,65-128
北投區,新民,四,124,北投區,北投,,65-222
北投區,新民,四,125,北投區,北投,,65-167
北投區,新民,四,126,北投區,北投,,65-82
北投區,新民,四,127,北投區,北投,,65-82
北投區,新民,四,128,北投區,北投,,1167-56
北投區,新民,四,129,北投區,北投,,1167-50
北投區,新民,四,13,北投區,北投,,1169-1
北投區,新民,四,130,北投區,北投,,1167-51
北投區,新民,四,131,北投區,北投,,1167-51
北投區,新民,四,132,北投區,北投,,1167-50
北投區,新民,四,133,北投區,北投,,1167-20
北投區,新民,四,134,北投區,北投,,1167-18
北投區,新民,四,14,北投區,北投,,1169
北投區,新民,四,140,北投區,北投,,66
北投區,新民,四,142,北投區,北投,,66-6
北投區,新民,四,143,北投區,北投,,66-10
北投區,新民,四,144,北投區,北投,,1173-87
北投區,新民,四,145,北投區,北投,,1173-88
北投區,新民,四,146,北投區,北投,,66-4
北投區,新民,四,147,北投區,北投,,66-9
北投區,新民,四,15,北投區,北投,,1169-3
北投區,新民,四,150,北投區,北投,,1167-96
北投區,新民,四,151,北投區,北投,,1167-68
北投區,新民,四,152,北投區,北投,,1170-14
北投區,新民,四,153,北投區,北投,,1173-86
北投區,新民,四,155,北投區,北投,,1170-8
北投區,新民,四,156,北投區,北投,,1170-9
北投區,新民,四,157,北投區,北投,,1170-9
北投區,新民,四,158,北投區,北投,,1173-69
北投區,新民,四,159,北投區,北投,,1173-53
北投區,新民,四,16,北投區,北投,,1169-2
北投區,新民,四,165,北投區,北投,,1175-3
北投區,新民,四,167,北投區,北投,,1175-7
北投區,新民,四,169,北投區,北投,,1175-43
北投區,新民,四,17,北投區,北投,,1167-144
北投區,新民,四,170,北投區,北投,,1175-43
北投區,新民,四,171,北投區,北投,,1243-2
北投區,新民,四,172,北投區,北投,,1174-6
北投區,新民,四,173,北投區,北投,,1161-11
北投區,新民,四,176,北投區,北投,,1161-12
北投區,新民,四,177,北投區,北投,,1174-7
北投區,新民,四,178,北投區,北投,,1243-3
北投區,新民,四,179,北投區,北投,,1175-44
北投區,新民,四,18,北投區,北投,,1167-140
北投區,新民,四,180,北投區,北投,,1175-44
北投區,新民,四,181,北投區,北投,,1243-3
北投區,新民,四,182,北投區,北投,,1161-14
北投區,新民,四,183,北投區,北投,,1161-14
北投區,新民,四,184,北投區,北投,,1174-8
北投區,新民,四,185,北投區,北投,,1175-3
北投區,新民,四,186,北投區,北投,,1187-15
北投區,新民,四,187,北投區,北投,,1187-6
北投區,新民,四,188,北投區,北投,,1187-7
北投區,新民,四,189,北投區,北投,,1161-9
北投區,新民,四,19,北投區,北投,,1168
北投區,新民,四,190,北投區,北投,,67-12
北投區,新民,四,191,北投區,北投,,67-13
北投區,新民,四,192,北投區,北投,,67-14
北投區,新民,四,193,北投區,北投,,67-11
北投區,新民,四,194,北投區,北投,,67
北投區,新民,四,195,北投區,北投,,1161-13
北投區,新民,四,196,北投區,北投,,1173-60
北投區,新民,四,197,北投區,北投,,1173-57
北投區,新民,四,199,北投區,北投,,1173-29
北投區,新民,四,2,北投區,北投,,1167-50
北投區,新民,四,20,北投區,北投,,1167-50
北投區,新民,四,200,北投區,北投,,1173-99
北投區,新民,四,201,北投區,北投,,1173-25
北投區,新民,四,201-1,北投區,北投,,1173-14
北投區,新民,四,201-2,北投區,北投,,66-7
北投區,新民,四,201-3,北投區,北投,,66-3
北投區,新民,四,201-4,北投區,北投,,66-8
北投區,新民,四,201-5,北投區,北投,,66-2
北投區,新民,四,201-6,北投區,北投,,66-5
北投區,新民,四,201-7,北投區,北投,,1173-26
北投區,新民,四,202,北投區,北投,,1173-62
北投區,新民,四,203,北投區,北投,,1167-174
北投區,新民,四,204,北投區,北投,,1167-4
北投區,新民,四,205,北投區,北投,,66-12
北投區,新民,四,208,北投區,北投,,1167-3
北投區,新民,四,21,北投區,北投,,1167-50
北投區,新民,四,210,北投區,北投,,1167-15
北投區,新民,四,211,北投區,北投,,69-2
北投區,新民,四,212,北投區,北投,,1167-111
北投區,新民,四,213,北投區,北投,,1167-50
北投區,新民,四,214,北投區,北投,,65-169
北投區,新民,四,214-1,北投區,北投,,65-166
北投區,新民,四,215,北投區,北投,,65-91
北投區,新民,四,216,北投區,北投,,65-126
北投區,新民,四,217,北投區,北投,,65-165
北投區,新民,四,218,北投區,北投,,65-206
北投區,新民,四,219,北投區,北投,,65-214
北投區,新民,四,22,北投區,北投,,1168
北投區,新民,四,220,北投區,北投,,65-1
北投區,新民,四,221,北投區,北投,,65-2
北投區,新民,四,222,北投區,北投,,65-89
北投區,新民,四,228,北投區,北投,,65-10
北投區,新民,四,229,北投區,北投,,65-101
北投區,新民,四,23,北投區,北投,,1167-77
北投區,新民,四,230,北投區,北投,,65-101
北投區,新民,四,234,北投區,北投,,65-10
北投區,新民,四,235,北投區,北投,,1167-5
北投區,新民,四,235-1,北投區,北投,,1167-113
北投區,新民,四,237,北投區,北投,,1167-62
北投區,新民,四,238,北投區,北投,,1167-102
北投區,新民,四,239,北投區,北投,,1167-65
北投區,新民,四,239-1,北投區,北投,,1167-101
北投區,新民,四,24,北投區,北投,,1167-77
北投區,新民,四,240,北投區,北投,,1167-175
北投區,新民,四,241,北投區,北投,,1167-43
北投區,新民,四,242,北投區,北投,,1167-176
北投區,新民,四,242-1,北投區,北投,,1161-13
北投區,新民,四,243,北投區,北投,,67-15
北投區,新民,四,244,北投區,北投,,67-11
北投區,新民,四,246,北投區,北投,,67-8
北投區,新民,四,247,北投區,北投,,67-8
北投區,新民,四,249,北投區,北投,,67-7
北投區,新民,四,25,北投區,北投,,1167-50
北投區,新民,四,250,北投區,北投,,67-2
北投區,新民,四,251,北投區,北投,,67-16
北投區,新民,四,252,北投區,北投,,67-5
北投區,新民,四,253,北投區,北投,,67-9
北投區,新民,四,254,北投區,北投,,67-9
北投區,新民,四,255,北投區,北投,,69-3
北投區,新民,四,256,北投區,北投,,69-3
北投區,新民,四,257,北投區,北投,,1167-7
北投區,新民,四,258,北投區,北投,,1167-6
北投區,新民,四,259,北投區,北投,,1167-41
北投區,新民,四,26,北投區,北投,,1173-40
北投區,新民,四,260,北投區,北投,,1167-38
北投區,新民,四,261,北投區,北投,,69-2
北投區,新民,四,262,北投區,北投,,69
北投區,新民,四,263,北投區,北投,,68
北投區,新民,四,264,北投區,北投,,67-4
北投區,新民,四,265,北投區,北投,,1241
北投區,新民,四,266,北投區,北投,,67-6
北投區,新民,四,267,北投區,北投,,70-39
北投區,新民,四,268,北投區,北投,,70-3
北投區,新民,四,269,北投區,北投,,69-3
北投區,新民,四,27,北投區,北投,,1173-39
北投區,新民,四,270,北投區,北投,,70-3
北投區,新民,四,271,北投區,北投,,69-3
北投區,新民,四,272,北投區,北投,,1167-2
北投區,新民,四,273,北投區,北投,,70-69
北投區,新民,四,274,北投區,北投,,54-5
北投區,新民,四,274-1,北投區,北投,,54-5
北投區,新民,四,275,北投區,北投,,54-82
北投區,新民,四,276,北投區,北投,,54-82
北投區,新民,四,277,北投區,北投,,69-2
北投區,新民,四,278,北投區,北投,,70-69
北投區,新民,四,279,北投區,北投,,1167-2
北投區,新民,四,28,北投區,北投,,1167-78
北投區,新民,四,280,北投區,北投,,1167-98
北投區,新民,四,281,北投區,北投,,1167-99
北投區,新民,四,282,北投區,北投,,1167-115
北投區,新民,四,283,北投區,北投,,69-2
北投區,新民,四,284,北投區,北投,,69-2
北投區,新民,四,285,北投區,北投,,65-78
北投區,新民,四,286,北投區,北投,,65-212
北投區,新民,四,286-1,北投區,北投,,65-213
北投區,新民,四,287,北投區,北投,,1167-8
北投區,新民,四,288,北投區,北投,,1167-148
北投區,新民,四,289,北投區,北投,,1167-114
北投區,新民,四,29,北投區,北投,,1172-14
北投區,新民,四,290,北投區,北投,,1167-114
北投區,新民,四,291,北投區,北投,,1167-142
北投區,新民,四,292,北投區,北投,,1167-142
北投區,新民,四,293,北投區,北投,,65-219
北投區,新民,四,294,北投區,北投,,54-6
北投區,新民,四,295,北投區,北投,,54-82
北投區,新民,四,296,北投區,北投,,65-219
北投區,新民,四,297,北投區,北投,,54-82
北投區,新民,四,298,北投區,北投,,1167-128
北投區,新民,四,299,北投區,北投,,65-12
北投區,新民,四,3,北投區,北投,,1167-50
北投區,新民,四,30,北投區,北投,,1167-50
北投區,新民,四,300,北投區,北投,,1167-165
北投區,新民,四,301,北投區,北投,,65-219
北投區,新民,四,302,北投區,北投,,1167-165
北投區,新民,四,303,北投區,北投,,65-12
北投區,新民,四,304,北投區,北投,,1167-128
北投區,新民,四,305,北投區,北投,,65-6
北投區,新民,四,306,北投區,北投,,65-76
北投區,新民,四,307,北投區,北投,,1167-137
北投區,新民,四,308,北投區,北投,,65-203
北投區,新民,四,309,北投區,北投,,65-74
北投區,新民,四,31,北投區,北投,,1167-74
北投區,新民,四,310,北投區,北投,,69-2
北投區,新民,四,311,北投區,北投,,65-79
北投區,新民,四,312,北投區,北投,,65-3
北投區,新民,四,313,北投區,北投,,65-6
北投區,新民,四,313-1,北投區,北投,,65-77
北投區,新民,四,314,北投區,北投,,65
北投區,新民,四,315,北投區,北投,,65-218
北投區,新民,四,316,北投區,北投,,54-82
北投區,新民,四,317,北投區,北投,,61-174
北投區,新民,四,318,北投區,北投,,61-175
北投區,新民,四,32,北投區,北投,,1167-50
北投區,新民,四,320,北投區,北投,,61-12
北投區,新民,四,321,北投區,北投,,61-91
北投區,新民,四,322,北投區,北投,,61-96
北投區,新民,四,323,北投區,北投,,61-11
北投區,新民,四,324,北投區,北投,,65-13
北投區,新民,四,325,北投區,北投,,65-4
北投區,新民,四,326,北投區,北投,,65-80
北投區,新民,四,327,北投區,北投,,65-70
北投區,新民,四,328,北投區,北投,,65-9
北投區,新民,四,329,北投區,北投,,69-2
北投區,新民,四,33,北投區,北投,,1172
北投區,新民,四,330,北投區,北投,,65-9
北投區,新民,四,331,北投區,北投,,65-217
北投區,新民,四,332,北投區,北投,,64-1
北投區,新民,四,333,北投區,北投,,64-2
北投區,新民,四,334,北投區,北投,,61-244
北投區,新民,四,335,北投區,北投,,61-67
北投區,新民,四,336,北投區,北投,,61-244
北投區,新民,四,337,北投區,北投,,61-92
北投區,新民,四,338,北投區,北投,,61-92
北投區,新民,四,339,北投區,北投,,61-251
北投區,新民,四,339-1,北投區,北投,,61-251
北投區,新民,四,34,北投區,北投,,1172
北投區,新民,四,340,北投區,北投,,61-250
北投區,新民,四,345,北投區,北投,,61-21
北投區,新民,四,346,北投區,北投,,61-245
北投區,新民,四,347,北投區,北投,,61-22
北投區,新民,四,348,北投區,北投,,61-22
北投區,新民,四,349,北投區,北投,,61-244
北投區,新民,四,35,北投區,北投,,1172-1
北投區,新民,四,350,北投區,北投,,61-22
北投區,新民,四,351,北投區,北投,,61-244
北投區,新民,四,353,北投區,北投,,61-245
北投區,新民,四,354,北投區,北投,,61-247
北投區,新民,四,357,北投區,北投,,61-246
北投區,新民,四,358,北投區,北投,,61-86
北投區,新民,四,36,北投區,北投,,1167-74
北投區,新民,四,360,北投區,北投,,61-249
北投區,新民,四,361,北投區,北投,,61-244
北投區,新民,四,362,北投區,北投,,61-174
北投區,新民,四,363,北投區,北投,,61-174
北投區,新民,四,364,北投區,北投,,61-1
北投區,新民,四,365,北投區,北投,,54-82
北投區,新民,四,366,北投區,北投,,61-176
北投區,新民,四,367,北投區,北投,,61-204
北投區,新民,四,368,北投區,北投,,61-3
北投區,新民,四,369,北投區,北投,,61-204
北投區,新民,四,37,北投區,北投,,1172-20
北投區,新民,四,370,北投區,北投,,61-1
北投區,新民,四,371,北投區,北投,,61-87
北投區,新民,四,372,北投區,北投,,61-87
北投區,新民,四,373,北投區,北投,,61-88
北投區,新民,四,374,北投區,北投,,61-88
北投區,新民,四,375,北投區,北投,,61-3
北投區,新民,四,376,北投區,北投,,61-204
北投區,新民,四,377,北投區,北投,,61-176
北投區,新民,四,378,北投區,北投,,54-82
北投區,新民,四,379,北投區,北投,,61-176
北投區,新民,四,38,北投區,北投,,1172-2
北投區,新民,四,380,北投區,北投,,61-204
北投區,新民,四,381,北投區,北投,,54-6
北投區,新民,四,382,北投區,北投,,54-70
北投區,新民,四,383,北投區,北投,,54-70
北投區,新民,四,384,北投區,北投,,54-56
北投區,新民,四,385,北投區,北投,,54-67
北投區,新民,四,386,北投區,北投,,54-68
北投區,新民,四,387,北投區,北投,,54-82
北投區,新民,四,388,北投區,北投,,54-5
北投區,新民,四,388-1,北投區,北投,,54-54
北投區,新民,四,389,北投區,北投,,54-58
北投區,新民,四,390,北投區,北投,,54-58
北投區,新民,四,391,北投區,北投,,54-80
北投區,新民,四,392,北投區,北投,,54-55
北投區,新民,四,393,北投區,北投,,54-40
北投區,新民,四,4,北投區,北投,,1167-31
北投區,新民,四,40,北投區,北投,,1172-15
北投區,新民,四,41,北投區,北投,,1172-16
北投區,新民,四,42,北投區,北投,,1172-18
北投區,新民,四,43,北投區,北投,,1172-17
北投區,新民,四,44,北投區,北投,,1173-89
北投區,新民,四,45,北投區,北投,,1173-90
北投區,新民,四,46,北投區,北投,,1173-78
北投區,新民,四,47,北投區,北投,,1173-79
北投區,新民,四,48,北投區,北投,,1167-78
北投區,新民,四,5,北投區,北投,,1167-22
北投區,新民,四,50,北投區,北投,,1173-20
北投區,新民,四,50-1,北投區,北投,,1173-73
北投區,新民,四,51,北投區,北投,,1167-26
北投區,新民,四,52,北投區,北投,,1167-119
北投區,新民,四,53,北投區,北投,,1173-72
北投區,新民,四,54,北投區,北投,,1173-80
北投區,新民,四,55,北投區,北投,,1161-15
北投區,新民,四,56,北投區,北投,,1177
北投區,新民,四,57,北投區,北投,,1161-3
北投區,新民,四,58,北投區,北投,,1161-2
北投區,新民,四,59,北投區,北投,,1160-13
北投區,新民,四,6,北投區,北投,,1167-14
北投區,新民,四,60,北投區,北投,,1160-12
北投區,新民,四,61,北投區,北投,,1160-4
北投區,新民,四,63,北投區,北投,,1178-2
北投區,新民,四,64,北投區,北投,,1160-5
北投區,新民,四,65,北投區,北投,,1160-6
北投區,新民,四,66,北投區,北投,,1160-7
北投區,新民,四,67,北投區,北投,,1160-1
北投區,新民,四,68,北投區,北投,,1176-2
北投區,新民,四,69,北投區,北投,,1176-1
北投區,新民,四,7,北投區,北投,,1167-130
北投區,新民,四,70,北投區,北投,,1176-2
北投區,新民,四,71,北投區,北投,,1176-1
北投區,新民,四,73,北投區,北投,,1176-3
北投區,新民,四,75,北投區,北投,,1176-2
北投區,新民,四,76,北投區,北投,,1174-2
北投區,新民,四,77,北投區,北投,,1242
北投區,新民,四,78,北投區,北投,,1175-4
北投區,新民,四,79,北投區,北投,,1175-4
北投區,新民,四,8,北投區,北投,,1167-132
北投區,新民,四,80,北投區,北投,,1174
北投區,新民,四,82,北投區,北投,,1175-5
北投區,新民,四,83,北投區,北投,,1175-5
北投區,新民,四,84,北投區,北投,,1243
北投區,新民,四,85,北投區,北投,,1174-1
北投區,新民,四,86,北投區,北投,,1161-8
北投區,新民,四,87,北投區,北投,,1173-54
北投區,新民,四,89,北投區,北投,,1173-70
北投區,新民,四,9,北投區,北投,,1167-61
北投區,新民,四,90,北投區,北投,,1173-82
北投區,新民,四,91,北投區,北投,,1173-81
北投區,新民,四,92,北投區,北投,,1173-94
北投區,新民,四,92-1,北投區,北投,,1173-95
北投區,新民,四,93,北投區,北投,,1173-83
北投區,新民,四,94,北投區,北投,,1173-36
北投區,新民,四,95,北投區,北投,,1173-54
北投區,新民,四,96,北投區,北投,,1173-36
北投區,新民,四,97,北投區,北投,,1167-50
北投區,新民,四,98,北投區,北投,,1167-50
北投區,新民,四,99,北投區,北投,,1167-50
北投區,桃源,一,1,北投區,嗄嘮別,嗄嘮別,262-2
北投區,桃源,一,10,北投區,嗄嘮別,嗄嘮別,311-74
北投區,桃源,一,100,北投區,嗄嘮別,嗄嘮別,329-28
北投區,桃源,一,101,北投區,嗄嘮別,嗄嘮別,329-16
北投區,桃源,一,102,北投區,嗄嘮別,嗄嘮別,329-8
北投區,桃源,一,103,北投區,嗄嘮別,嗄嘮別,329-7
北投區,桃源,一,104,北投區,嗄嘮別,嗄嘮別,329-6
北投區,桃源,一,105,北投區,嗄嘮別,嗄嘮別,329-5
北投區,桃源,一,106,北投區,嗄嘮別,嗄嘮別,329-4
北投區,桃源,一,107,北投區,嗄嘮別,嗄嘮別,329-3
北投區,桃源,一,108,北投區,嗄嘮別,嗄嘮別,329
北投區,桃源,一,109,北投區,嗄嘮別,嗄嘮別,427-14
北投區,桃源,一,11,北投區,嗄嘮別,嗄嘮別,311-97
北投區,桃源,一,110,北投區,嗄嘮別,嗄嘮別,329-36
北投區,桃源,一,111,北投區,嗄嘮別,嗄嘮別,329-44
北投區,桃源,一,112,北投區,嗄嘮別,嗄嘮別,329-37
北投區,桃源,一,113,北投區,嗄嘮別,嗄嘮別,329-45
北投區,桃源,一,114,北投區,嗄嘮別,嗄嘮別,329-41
北投區,桃源,一,115,北投區,嗄嘮別,嗄嘮別,329-17
北投區,桃源,一,116,北投區,嗄嘮別,嗄嘮別,329-18
北投區,桃源,一,117,北投區,嗄嘮別,嗄嘮別,329-19
北投區,桃源,一,118,北投區,嗄嘮別,嗄嘮別,329-20
北投區,桃源,一,119,北投區,嗄嘮別,嗄嘮別,329-42
北投區,桃源,一,12,北投區,嗄嘮別,嗄嘮別,311-97
北投區,桃源,一,120,北投區,嗄嘮別,嗄嘮別,325-8
北投區,桃源,一,121,北投區,嗄嘮別,嗄嘮別,325-9
北投區,桃源,一,122,北投區,嗄嘮別,嗄嘮別,325-7
北投區,桃源,一,122-1,北投區,嗄嘮別,嗄嘮別,325-12
北投區,桃源,一,123,北投區,嗄嘮別,嗄嘮別,325-4
北投區,桃源,一,125,北投區,嗄嘮別,嗄嘮別,325-10
北投區,桃源,一,126,北投區,嗄嘮別,嗄嘮別,325-43
北投區,桃源,一,128,北投區,嗄嘮別,嗄嘮別,325-33
北投區,桃源,一,129,北投區,嗄嘮別,嗄嘮別,325-32
北投區,桃源,一,13,北投區,嗄嘮別,嗄嘮別,311-98
北投區,桃源,一,130,北投區,嗄嘮別,嗄嘮別,325-31
北投區,桃源,一,131,北投區,嗄嘮別,嗄嘮別,325-30
北投區,桃源,一,132,北投區,嗄嘮別,嗄嘮別,325-29
北投區,桃源,一,133,北投區,嗄嘮別,嗄嘮別,325-28
北投區,桃源,一,134,北投區,嗄嘮別,嗄嘮別,325-27
北投區,桃源,一,135,北投區,嗄嘮別,嗄嘮別,325-6
北投區,桃源,一,136,北投區,嗄嘮別,嗄嘮別,326-4
北投區,桃源,一,137,北投區,嗄嘮別,嗄嘮別,326-16
北投區,桃源,一,138,北投區,嗄嘮別,嗄嘮別,326-17
北投區,桃源,一,139,北投區,嗄嘮別,嗄嘮別,326-3
北投區,桃源,一,14,北投區,嗄嘮別,嗄嘮別,311-12
北投區,桃源,一,140,北投區,嗄嘮別,嗄嘮別,326-10
北投區,桃源,一,141,北投區,嗄嘮別,嗄嘮別,326-12
北投區,桃源,一,141-1,北投區,嗄嘮別,嗄嘮別,326-13
北投區,桃源,一,142,北投區,嗄嘮別,嗄嘮別,326-11
北投區,桃源,一,143,北投區,嗄嘮別,嗄嘮別,326-18
北投區,桃源,一,144,北投區,嗄嘮別,嗄嘮別,326-19
北投區,桃源,一,145,北投區,嗄嘮別,嗄嘮別,326
北投區,桃源,一,146,北投區,嗄嘮別,嗄嘮別,324-6
北投區,桃源,一,147,北投區,嗄嘮別,嗄嘮別,324-5
北投區,桃源,一,148,北投區,嗄嘮別,嗄嘮別,324-5
北投區,桃源,一,149,北投區,嗄嘮別,嗄嘮別,324
北投區,桃源,一,15,北投區,嗄嘮別,嗄嘮別,311-11
北投區,桃源,一,150,北投區,嗄嘮別,嗄嘮別,324
北投區,桃源,一,151,北投區,嗄嘮別,嗄嘮別,324-3
北投區,桃源,一,153,北投區,嗄嘮別,嗄嘮別,324-1
北投區,桃源,一,154,北投區,嗄嘮別,嗄嘮別,324-2
北投區,桃源,一,155,北投區,嗄嘮別,嗄嘮別,427-3
北投區,桃源,一,156,北投區,嗄嘮別,嗄嘮別,427-3
北投區,桃源,一,157,北投區,嗄嘮別,嗄嘮別,325-41
北投區,桃源,一,158,北投區,嗄嘮別,嗄嘮別,325-26
北投區,桃源,一,159,北投區,嗄嘮別,嗄嘮別,325-25
北投區,桃源,一,16,北投區,嗄嘮別,嗄嘮別,311-10
北投區,桃源,一,160,北投區,嗄嘮別,嗄嘮別,325-40
北投區,桃源,一,161,北投區,嗄嘮別,嗄嘮別,325-39
北投區,桃源,一,162,北投區,嗄嘮別,嗄嘮別,325-24
北投區,桃源,一,163,北投區,嗄嘮別,嗄嘮別,325-23
北投區,桃源,一,164,北投區,嗄嘮別,嗄嘮別,325-22
北投區,桃源,一,165,北投區,嗄嘮別,嗄嘮別,325-21
北投區,桃源,一,166,北投區,嗄嘮別,嗄嘮別,325-20
北投區,桃源,一,167,北投區,嗄嘮別,嗄嘮別,325-19
北投區,桃源,一,168,北投區,嗄嘮別,嗄嘮別,325-18
北投區,桃源,一,169,北投區,嗄嘮別,嗄嘮別,325-17
北投區,桃源,一,17,北投區,嗄嘮別,嗄嘮別,311-22
北投區,桃源,一,170,北投區,嗄嘮別,嗄嘮別,325-16
北投區,桃源,一,171,北投區,嗄嘮別,嗄嘮別,325-15
北投區,桃源,一,172,北投區,嗄嘮別,嗄嘮別,325-14
北投區,桃源,一,173,北投區,嗄嘮別,嗄嘮別,325-1
北投區,桃源,一,174,北投區,嗄嘮別,嗄嘮別,325-42
北投區,桃源,一,175,北投區,嗄嘮別,嗄嘮別,325-2
北投區,桃源,一,176,北投區,嗄嘮別,嗄嘮別,319-1
北投區,桃源,一,177,北投區,嗄嘮別,嗄嘮別,319-1
北投區,桃源,一,178,北投區,嗄嘮別,嗄嘮別,358
北投區,桃源,一,179,北投區,嗄嘮別,嗄嘮別,357-1
北投區,桃源,一,18,北投區,嗄嘮別,嗄嘮別,311-21
北投區,桃源,一,180,北投區,嗄嘮別,嗄嘮別,356
北投區,桃源,一,180-1,北投區,嗄嘮別,嗄嘮別,356
北投區,桃源,一,180-2,北投區,嗄嘮別,嗄嘮別,356
北投區,桃源,一,186-1,北投區,嗄嘮別,嗄嘮別,325-13
北投區,桃源,一,187,北投區,嗄嘮別,嗄嘮別,336
北投區,桃源,一,188,北投區,嗄嘮別,嗄嘮別,325
北投區,桃源,一,19,北投區,嗄嘮別,嗄嘮別,328-4
北投區,桃源,一,190-1,北投區,嗄嘮別,嗄嘮別,336-47
北投區,桃源,一,198,北投區,嗄嘮別,嗄嘮別,427-2
北投區,桃源,一,199,北投區,嗄嘮別,嗄嘮別,355-1
北投區,桃源,一,2,北投區,嗄嘮別,嗄嘮別,311-2
北投區,桃源,一,20,北投區,嗄嘮別,嗄嘮別,311-99
北投區,桃源,一,200,北投區,嗄嘮別,嗄嘮別,356-6
北投區,桃源,一,201,北投區,嗄嘮別,嗄嘮別,354-2
北投區,桃源,一,202,北投區,嗄嘮別,嗄嘮別,354-2
北投區,桃源,一,204,北投區,嗄嘮別,嗄嘮別,356
北投區,桃源,一,205,北投區,嗄嘮別,嗄嘮別,354-15
北投區,桃源,一,206,北投區,嗄嘮別,嗄嘮別,354-14
北投區,桃源,一,207,北投區,嗄嘮別,嗄嘮別,354-13
北投區,桃源,一,208,北投區,嗄嘮別,嗄嘮別,353-17
北投區,桃源,一,209,北投區,嗄嘮別,嗄嘮別,353-16
北投區,桃源,一,21,北投區,嗄嘮別,嗄嘮別,311-96
北投區,桃源,一,210,北投區,嗄嘮別,嗄嘮別,354
北投區,桃源,一,211,北投區,嗄嘮別,嗄嘮別,353-7
北投區,桃源,一,212,北投區,嗄嘮別,嗄嘮別,353-6
北投區,桃源,一,213,北投區,嗄嘮別,嗄嘮別,352-6
北投區,桃源,一,214,北投區,嗄嘮別,嗄嘮別,352-5
北投區,桃源,一,215,北投區,嗄嘮別,嗄嘮別,371-13
北投區,桃源,一,216,北投區,嗄嘮別,嗄嘮別,371-20
北投區,桃源,一,217,北投區,嗄嘮別,嗄嘮別,371-12
北投區,桃源,一,218,北投區,嗄嘮別,嗄嘮別,371-9
北投區,桃源,一,219,北投區,嗄嘮別,嗄嘮別,371-9
北投區,桃源,一,22,北投區,嗄嘮別,嗄嘮別,311-96
北投區,桃源,一,221,北投區,嗄嘮別,嗄嘮別,371-8
北投區,桃源,一,222,北投區,嗄嘮別,嗄嘮別,371-18
北投區,桃源,一,223,北投區,嗄嘮別,嗄嘮別,352-4
北投區,桃源,一,225,北投區,嗄嘮別,嗄嘮別,354-10
北投區,桃源,一,226,北投區,嗄嘮別,嗄嘮別,354-9
北投區,桃源,一,227,北投區,嗄嘮別,嗄嘮別,354-8
北投區,桃源,一,228,北投區,嗄嘮別,嗄嘮別,354-7
北投區,桃源,一,229,北投區,嗄嘮別,嗄嘮別,354-6
北投區,桃源,一,23,北投區,嗄嘮別,嗄嘮別,311-95
北投區,桃源,一,230,北投區,嗄嘮別,嗄嘮別,354-3
北投區,桃源,一,231,北投區,嗄嘮別,嗄嘮別,352-21
北投區,桃源,一,232,北投區,嗄嘮別,嗄嘮別,353
北投區,桃源,一,233,北投區,嗄嘮別,嗄嘮別,352-19
北投區,桃源,一,234,北投區,嗄嘮別,嗄嘮別,352-18
北投區,桃源,一,235,北投區,嗄嘮別,嗄嘮別,352-17
北投區,桃源,一,236,北投區,嗄嘮別,嗄嘮別,352-16
北投區,桃源,一,237,北投區,嗄嘮別,嗄嘮別,352-15
北投區,桃源,一,238,北投區,嗄嘮別,嗄嘮別,371-7
北投區,桃源,一,239,北投區,嗄嘮別,嗄嘮別,352-14
北投區,桃源,一,24,北投區,嗄嘮別,嗄嘮別,311-95
北投區,桃源,一,240,北投區,嗄嘮別,嗄嘮別,352-13
北投區,桃源,一,241,北投區,嗄嘮別,嗄嘮別,352-12
北投區,桃源,一,242,北投區,嗄嘮別,嗄嘮別,352-11
北投區,桃源,一,243,北投區,嗄嘮別,嗄嘮別,352-10
北投區,桃源,一,244,北投區,嗄嘮別,嗄嘮別,352-9
北投區,桃源,一,245,北投區,嗄嘮別,嗄嘮別,352-8
北投區,桃源,一,246,北投區,嗄嘮別,嗄嘮別,352-7
北投區,桃源,一,247,北投區,嗄嘮別,嗄嘮別,352
北投區,桃源,一,248,北投區,嗄嘮別,嗄嘮別,370-2
北投區,桃源,一,25,北投區,嗄嘮別,嗄嘮別,311-94
北投區,桃源,一,251,北投區,嗄嘮別,嗄嘮別,352-1
北投區,桃源,一,252,北投區,嗄嘮別,嗄嘮別,352-1
北投區,桃源,一,253,北投區,嗄嘮別,嗄嘮別,352-2
北投區,桃源,一,254,北投區,嗄嘮別,嗄嘮別,371-19
北投區,桃源,一,255,北投區,嗄嘮別,嗄嘮別,370-4
北投區,桃源,一,256,北投區,嗄嘮別,嗄嘮別,371-3
北投區,桃源,一,257,北投區,嗄嘮別,嗄嘮別,416-10
北投區,桃源,一,258,北投區,嗄嘮別,嗄嘮別,373-2
北投區,桃源,一,259,北投區,嗄嘮別,嗄嘮別,367-1
北投區,桃源,一,26,北投區,嗄嘮別,嗄嘮別,311-94
北投區,桃源,一,260,北投區,嗄嘮別,嗄嘮別,390-12
北投區,桃源,一,261,北投區,嗄嘮別,嗄嘮別,375-3
北投區,桃源,一,262,北投區,嗄嘮別,嗄嘮別,375-2
北投區,桃源,一,263,北投區,嗄嘮別,嗄嘮別,366
北投區,桃源,一,264,北投區,嗄嘮別,嗄嘮別,393-13
北投區,桃源,一,265,北投區,嗄嘮別,嗄嘮別,390-12
北投區,桃源,一,266,北投區,嗄嘮別,嗄嘮別,384-5
北投區,桃源,一,267,北投區,嗄嘮別,嗄嘮別,397-8
北投區,桃源,一,268,北投區,嗄嘮別,嗄嘮別,397-29
北投區,桃源,一,269,北投區,嗄嘮別,嗄嘮別,397-7
北投區,桃源,一,27,北投區,嗄嘮別,嗄嘮別,311-93
北投區,桃源,一,270,北投區,嗄嘮別,嗄嘮別,397-18
北投區,桃源,一,271,北投區,嗄嘮別,嗄嘮別,397-9
北投區,桃源,一,272,北投區,嗄嘮別,嗄嘮別,967-1
北投區,桃源,一,273,北投區,嗄嘮別,嗄嘮別,382-4
北投區,桃源,一,274,北投區,嗄嘮別,嗄嘮別,382-2
北投區,桃源,一,275,北投區,嗄嘮別,嗄嘮別,397-1
北投區,桃源,一,276,北投區,嗄嘮別,嗄嘮別,382-5
北投區,桃源,一,277,北投區,嗄嘮別,嗄嘮別,382
北投區,桃源,一,278,北投區,嗄嘮別,嗄嘮別,382
北投區,桃源,一,279,北投區,嗄嘮別,嗄嘮別,382-38
北投區,桃源,一,28,北投區,嗄嘮別,嗄嘮別,311-93
北投區,桃源,一,280,北投區,嗄嘮別,嗄嘮別,382-57
北投區,桃源,一,281,北投區,嗄嘮別,嗄嘮別,382-17
北投區,桃源,一,282,北投區,嗄嘮別,嗄嘮別,382-17
北投區,桃源,一,283,北投區,嗄嘮別,嗄嘮別,382-16
北投區,桃源,一,284,北投區,嗄嘮別,嗄嘮別,382-16
北投區,桃源,一,285,北投區,嗄嘮別,嗄嘮別,382-15
北投區,桃源,一,286,北投區,嗄嘮別,嗄嘮別,382-15
北投區,桃源,一,287,北投區,嗄嘮別,嗄嘮別,382-14
北投區,桃源,一,288,北投區,嗄嘮別,嗄嘮別,382-14
北投區,桃源,一,289,北投區,嗄嘮別,嗄嘮別,382-25
北投區,桃源,一,29,北投區,嗄嘮別,嗄嘮別,311-92
北投區,桃源,一,290,北投區,嗄嘮別,嗄嘮別,382-24
北投區,桃源,一,291,北投區,嗄嘮別,嗄嘮別,382-24
北投區,桃源,一,292,北投區,嗄嘮別,嗄嘮別,382-13
北投區,桃源,一,293,北投區,嗄嘮別,嗄嘮別,382-13
北投區,桃源,一,294,北投區,嗄嘮別,嗄嘮別,382-30
北投區,桃源,一,298,北投區,嗄嘮別,嗄嘮別,382-20
北投區,桃源,一,299,北投區,嗄嘮別,嗄嘮別,382-19
北投區,桃源,一,3,北投區,嗄嘮別,嗄嘮別,311-2
北投區,桃源,一,30,北投區,嗄嘮別,嗄嘮別,311-92
北投區,桃源,一,300,北投區,嗄嘮別,嗄嘮別,382-12
北投區,桃源,一,301,北投區,嗄嘮別,嗄嘮別,382-37
北投區,桃源,一,305,北投區,嗄嘮別,嗄嘮別,382-21
北投區,桃源,一,306,北投區,嗄嘮別,嗄嘮別,382-28
北投區,桃源,一,307,北投區,嗄嘮別,嗄嘮別,382-11
北投區,桃源,一,308,北投區,嗄嘮別,嗄嘮別,375-12
北投區,桃源,一,309,北投區,嗄嘮別,嗄嘮別,375-11
北投區,桃源,一,31,北投區,嗄嘮別,嗄嘮別,311-91
北投區,桃源,一,310,北投區,嗄嘮別,嗄嘮別,375-10
北投區,桃源,一,311,北投區,嗄嘮別,嗄嘮別,375-9
北投區,桃源,一,312,北投區,嗄嘮別,嗄嘮別,382-6
北投區,桃源,一,313,北投區,嗄嘮別,嗄嘮別,382-29
北投區,桃源,一,314,北投區,嗄嘮別,嗄嘮別,382-29
北投區,桃源,一,315,北投區,嗄嘮別,嗄嘮別,382-6
北投區,桃源,一,316,北投區,嗄嘮別,嗄嘮別,382-3
北投區,桃源,一,317,北投區,嗄嘮別,嗄嘮別,382-1
北投區,桃源,一,318,北投區,嗄嘮別,嗄嘮別,393-14
北投區,桃源,一,319,北投區,嗄嘮別,嗄嘮別,382-44
北投區,桃源,一,32,北投區,嗄嘮別,嗄嘮別,311-91
北投區,桃源,一,320,北投區,嗄嘮別,嗄嘮別,382-44
北投區,桃源,一,321,北投區,嗄嘮別,嗄嘮別,375
北投區,桃源,一,322,北投區,嗄嘮別,嗄嘮別,375
北投區,桃源,一,323,北投區,嗄嘮別,嗄嘮別,375-1
北投區,桃源,一,323-1,北投區,嗄嘮別,嗄嘮別,375-4
北投區,桃源,一,324,北投區,嗄嘮別,嗄嘮別,375-1
北投區,桃源,一,325,北投區,嗄嘮別,嗄嘮別,375-29
北投區,桃源,一,326,北投區,嗄嘮別,嗄嘮別,375-46
北投區,桃源,一,327,北投區,嗄嘮別,嗄嘮別,375-47
北投區,桃源,一,328,北投區,嗄嘮別,嗄嘮別,375-30
北投區,桃源,一,329,北投區,嗄嘮別,嗄嘮別,375-31
北投區,桃源,一,33,北投區,嗄嘮別,嗄嘮別,311-90
北投區,桃源,一,330,北投區,嗄嘮別,嗄嘮別,375-40
北投區,桃源,一,331,北投區,嗄嘮別,嗄嘮別,375-40
北投區,桃源,一,332,北投區,嗄嘮別,嗄嘮別,375-32
北投區,桃源,一,333,北投區,嗄嘮別,嗄嘮別,375-32
北投區,桃源,一,334,北投區,嗄嘮別,嗄嘮別,375-5
北投區,桃源,一,335,北投區,嗄嘮別,嗄嘮別,375-5
北投區,桃源,一,336,北投區,嗄嘮別,嗄嘮別,375-34
北投區,桃源,一,337,北投區,嗄嘮別,嗄嘮別,375-34
北投區,桃源,一,338,北投區,嗄嘮別,嗄嘮別,375-35
北投區,桃源,一,339,北投區,嗄嘮別,嗄嘮別,375-35
北投區,桃源,一,34,北投區,嗄嘮別,嗄嘮別,311-90
北投區,桃源,一,340,北投區,嗄嘮別,嗄嘮別,375-36
北投區,桃源,一,341,北投區,嗄嘮別,嗄嘮別,375-36
北投區,桃源,一,342,北投區,嗄嘮別,嗄嘮別,375-37
北投區,桃源,一,343,北投區,嗄嘮別,嗄嘮別,375-27
北投區,桃源,一,344,北投區,嗄嘮別,嗄嘮別,375-13
北投區,桃源,一,345,北投區,嗄嘮別,嗄嘮別,375-14
北投區,桃源,一,346,北投區,嗄嘮別,嗄嘮別,375-15
北投區,桃源,一,347,北投區,嗄嘮別,嗄嘮別,375-16
北投區,桃源,一,348,北投區,嗄嘮別,嗄嘮別,375-17
北投區,桃源,一,349,北投區,嗄嘮別,嗄嘮別,375-26
北投區,桃源,一,35,北投區,嗄嘮別,嗄嘮別,311-89
北投區,桃源,一,350,北投區,嗄嘮別,嗄嘮別,375-25
北投區,桃源,一,351,北投區,嗄嘮別,嗄嘮別,375-24
北投區,桃源,一,352,北投區,嗄嘮別,嗄嘮別,375-18
北投區,桃源,一,353,北投區,嗄嘮別,嗄嘮別,375-23
北投區,桃源,一,354,北投區,嗄嘮別,嗄嘮別,375-19
北投區,桃源,一,355,北投區,嗄嘮別,嗄嘮別,375-22
北投區,桃源,一,356,北投區,嗄嘮別,嗄嘮別,375-20
北投區,桃源,一,357,北投區,嗄嘮別,嗄嘮別,375-21
北投區,桃源,一,358,北投區,嗄嘮別,嗄嘮別,374-17
北投區,桃源,一,359,北投區,嗄嘮別,嗄嘮別,374-16
北投區,桃源,一,36,北投區,嗄嘮別,嗄嘮別,311-89
北投區,桃源,一,360,北投區,嗄嘮別,嗄嘮別,374-15
北投區,桃源,一,361,北投區,嗄嘮別,嗄嘮別,374-14
北投區,桃源,一,362,北投區,嗄嘮別,嗄嘮別,374-18
北投區,桃源,一,363,北投區,嗄嘮別,嗄嘮別,374
北投區,桃源,一,364,北投區,嗄嘮別,嗄嘮別,374-19
北投區,桃源,一,365,北投區,嗄嘮別,嗄嘮別,373-2
北投區,桃源,一,366,北投區,嗄嘮別,嗄嘮別,374-3
北投區,桃源,一,367,北投區,嗄嘮別,嗄嘮別,373-1
北投區,桃源,一,368,北投區,嗄嘮別,嗄嘮別,374-11
北投區,桃源,一,369,北投區,嗄嘮別,嗄嘮別,374-10
北投區,桃源,一,37,北投區,嗄嘮別,嗄嘮別,327-26
北投區,桃源,一,370,北投區,嗄嘮別,嗄嘮別,374-6
北投區,桃源,一,371,北投區,嗄嘮別,嗄嘮別,374-12
北投區,桃源,一,372,北投區,嗄嘮別,嗄嘮別,373-13
北投區,桃源,一,373,北投區,嗄嘮別,嗄嘮別,374-5
北投區,桃源,一,374,北投區,嗄嘮別,嗄嘮別,373-4
北投區,桃源,一,375,北投區,嗄嘮別,嗄嘮別,373-5
北投區,桃源,一,376,北投區,嗄嘮別,嗄嘮別,373-6
北投區,桃源,一,377,北投區,嗄嘮別,嗄嘮別,373-7
北投區,桃源,一,378,北投區,嗄嘮別,嗄嘮別,373-8
北投區,桃源,一,379,北投區,嗄嘮別,嗄嘮別,373-8
北投區,桃源,一,38,北投區,嗄嘮別,嗄嘮別,327-25
北投區,桃源,一,380,北投區,嗄嘮別,嗄嘮別,373-9
北投區,桃源,一,381,北投區,嗄嘮別,嗄嘮別,373-9
北投區,桃源,一,382,北投區,嗄嘮別,嗄嘮別,373
北投區,桃源,一,383,北投區,嗄嘮別,嗄嘮別,1158
北投區,桃源,一,384,北投區,嗄嘮別,嗄嘮別,381-3
北投區,桃源,一,387,北投區,嗄嘮別,嗄嘮別,413-1
北投區,桃源,一,39,北投區,嗄嘮別,嗄嘮別,311-88
北投區,桃源,一,390,北投區,嗄嘮別,嗄嘮別,380-4
北投區,桃源,一,394,北投區,嗄嘮別,嗄嘮別,377
北投區,桃源,一,395,北投區,嗄嘮別,嗄嘮別,379
北投區,桃源,一,396,北投區,嗄嘮別,嗄嘮別,378
北投區,桃源,一,397,北投區,嗄嘮別,嗄嘮別,376-2
北投區,桃源,一,398,北投區,嗄嘮別,嗄嘮別,376-10
北投區,桃源,一,399,北投區,嗄嘮別,嗄嘮別,376-11
北投區,桃源,一,4,北投區,嗄嘮別,嗄嘮別,311-29
北投區,桃源,一,40,北投區,嗄嘮別,嗄嘮別,311-88
北投區,桃源,一,400,北投區,嗄嘮別,嗄嘮別,376-1
北投區,桃源,一,401,北投區,嗄嘮別,嗄嘮別,376-8
北投區,桃源,一,402,北投區,嗄嘮別,嗄嘮別,376
北投區,桃源,一,403,北投區,嗄嘮別,嗄嘮別,376-3
北投區,桃源,一,404,北投區,嗄嘮別,嗄嘮別,376-4
北投區,桃源,一,405,北投區,嗄嘮別,嗄嘮別,376-12
北投區,桃源,一,406,北投區,嗄嘮別,嗄嘮別,376-5
北投區,桃源,一,407,北投區,嗄嘮別,嗄嘮別,376-15
北投區,桃源,一,408,北投區,嗄嘮別,嗄嘮別,376-6
北投區,桃源,一,409,北投區,嗄嘮別,嗄嘮別,376-7
北投區,桃源,一,41,北投區,嗄嘮別,嗄嘮別,311-87
北投區,桃源,一,410,北投區,嗄嘮別,嗄嘮別,415-15
北投區,桃源,一,411,北投區,嗄嘮別,嗄嘮別,415-12
北投區,桃源,一,412,北投區,嗄嘮別,嗄嘮別,415-11
北投區,桃源,一,413,北投區,嗄嘮別,嗄嘮別,415-10
北投區,桃源,一,414,北投區,嗄嘮別,嗄嘮別,415-9
北投區,桃源,一,415,北投區,嗄嘮別,嗄嘮別,415-8
北投區,桃源,一,418,北投區,嗄嘮別,嗄嘮別,415-19
北投區,桃源,一,419,北投區,嗄嘮別,嗄嘮別,415-18
北投區,桃源,一,42,北投區,嗄嘮別,嗄嘮別,311-87
北投區,桃源,一,420,北投區,嗄嘮別,嗄嘮別,415-17
北投區,桃源,一,421,北投區,嗄嘮別,嗄嘮別,415-16
北投區,桃源,一,422,北投區,嗄嘮別,嗄嘮別,415-25
北投區,桃源,一,423,北投區,嗄嘮別,嗄嘮別,415-24
北投區,桃源,一,424,北投區,嗄嘮別,嗄嘮別,415-23
北投區,桃源,一,425,北投區,嗄嘮別,嗄嘮別,415-22
北投區,桃源,一,426,北投區,嗄嘮別,嗄嘮別,415-21
北投區,桃源,一,427,北投區,嗄嘮別,嗄嘮別,415-29
北投區,桃源,一,428,北投區,嗄嘮別,嗄嘮別,415-28
北投區,桃源,一,429,北投區,嗄嘮別,嗄嘮別,415-27
北投區,桃源,一,43,北投區,嗄嘮別,嗄嘮別,327-6
北投區,桃源,一,430,北投區,嗄嘮別,嗄嘮別,415-26
北投區,桃源,一,431,北投區,嗄嘮別,嗄嘮別,415-30
北投區,桃源,一,432,北投區,嗄嘮別,嗄嘮別,415-1
北投區,桃源,一,433,北投區,嗄嘮別,嗄嘮別,415-3
北投區,桃源,一,434,北投區,嗄嘮別,嗄嘮別,415-4
北投區,桃源,一,435,北投區,嗄嘮別,嗄嘮別,415-5
北投區,桃源,一,436,北投區,嗄嘮別,嗄嘮別,415-6
北投區,桃源,一,437,北投區,嗄嘮別,嗄嘮別,415-7
北投區,桃源,一,438,北投區,嗄嘮別,嗄嘮別,416-4
北投區,桃源,一,439,北投區,嗄嘮別,嗄嘮別,416-3
北投區,桃源,一,44,北投區,嗄嘮別,嗄嘮別,311-86
北投區,桃源,一,440,北投區,嗄嘮別,嗄嘮別,416
北投區,桃源,一,441,北投區,嗄嘮別,嗄嘮別,1158
北投區,桃源,一,442,北投區,嗄嘮別,嗄嘮別,416
北投區,桃源,一,443,北投區,嗄嘮別,嗄嘮別,415-4
北投區,桃源,一,444,北投區,嗄嘮別,嗄嘮別,416
北投區,桃源,一,445,北投區,嗄嘮別,嗄嘮別,1158-1
北投區,桃源,一,446,北投區,嗄嘮別,嗄嘮別,416-9
北投區,桃源,一,447,北投區,嗄嘮別,嗄嘮別,371-1
北投區,桃源,一,448,北投區,嗄嘮別,嗄嘮別,370-6
北投區,桃源,一,45,北投區,嗄嘮別,嗄嘮別,311-86
北投區,桃源,一,451,北投區,嗄嘮別,嗄嘮別,1158-1
北投區,桃源,一,454,北投區,嗄嘮別,嗄嘮別,986
北投區,桃源,一,455,北投區,嗄嘮別,嗄嘮別,422-9
北投區,桃源,一,458,北投區,嗄嘮別,嗄嘮別,987
北投區,桃源,一,459,北投區,嗄嘮別,嗄嘮別,987-4
北投區,桃源,一,46,北投區,嗄嘮別,嗄嘮別,311-85
北投區,桃源,一,460,北投區,嗄嘮別,嗄嘮別,989-2
北投區,桃源,一,461,北投區,嗄嘮別,嗄嘮別,987-5
北投區,桃源,一,462,北投區,嗄嘮別,嗄嘮別,988-1
北投區,桃源,一,463,北投區,嗄嘮別,嗄嘮別,420-15
北投區,桃源,一,464,北投區,嗄嘮別,嗄嘮別,423-1
北投區,桃源,一,465,北投區,嗄嘮別,嗄嘮別,420-12
北投區,桃源,一,469,北投區,嗄嘮別,嗄嘮別,421-1
北投區,桃源,一,47,北投區,嗄嘮別,嗄嘮別,311-85
北投區,桃源,一,470,北投區,嗄嘮別,嗄嘮別,420-12
北投區,桃源,一,471,北投區,嗄嘮別,嗄嘮別,420
北投區,桃源,一,474,北投區,嗄嘮別,嗄嘮別,420-10
北投區,桃源,一,475,北投區,嗄嘮別,嗄嘮別,420-9
北投區,桃源,一,478,北投區,嗄嘮別,嗄嘮別,420-8
北投區,桃源,一,479,北投區,嗄嘮別,嗄嘮別,420-7
北投區,桃源,一,48,北投區,嗄嘮別,嗄嘮別,311-84
北投區,桃源,一,481,北投區,嗄嘮別,嗄嘮別,420-6
北投區,桃源,一,482,北投區,嗄嘮別,嗄嘮別,420-6
北投區,桃源,一,483,北投區,嗄嘮別,嗄嘮別,420-13
北投區,桃源,一,486,北投區,嗄嘮別,嗄嘮別,420-5
北投區,桃源,一,488,北投區,嗄嘮別,嗄嘮別,420-1
北投區,桃源,一,489,北投區,嗄嘮別,嗄嘮別,1157
北投區,桃源,一,49,北投區,嗄嘮別,嗄嘮別,311-84
北投區,桃源,一,491,北投區,嗄嘮別,嗄嘮別,417
北投區,桃源,一,492,北投區,嗄嘮別,嗄嘮別,417-4
北投區,桃源,一,493,北投區,嗄嘮別,嗄嘮別,417-4
北投區,桃源,一,497,北投區,嗄嘮別,嗄嘮別,427-1
北投區,桃源,一,5,北投區,嗄嘮別,嗄嘮別,311-27
北投區,桃源,一,501,北投區,嗄嘮別,嗄嘮別,351-11
北投區,桃源,一,502,北投區,嗄嘮別,嗄嘮別,351-51
北投區,桃源,一,503,北投區,嗄嘮別,嗄嘮別,427-15
北投區,桃源,一,504,北投區,嗄嘮別,嗄嘮別,351-2
北投區,桃源,一,505,北投區,嗄嘮別,嗄嘮別,351-10
北投區,桃源,一,506,北投區,嗄嘮別,嗄嘮別,351-50
北投區,桃源,一,507,北投區,嗄嘮別,嗄嘮別,351-9
北投區,桃源,一,508,北投區,嗄嘮別,嗄嘮別,351-57
北投區,桃源,一,509,北投區,嗄嘮別,嗄嘮別,351-56
北投區,桃源,一,510,北投區,嗄嘮別,嗄嘮別,351-55
北投區,桃源,一,511,北投區,嗄嘮別,嗄嘮別,351-60
北投區,桃源,一,512,北投區,嗄嘮別,嗄嘮別,351-54
北投區,桃源,一,513,北投區,嗄嘮別,嗄嘮別,351-39
北投區,桃源,一,514,北投區,嗄嘮別,嗄嘮別,351-38
北投區,桃源,一,515,北投區,嗄嘮別,嗄嘮別,427-2
北投區,桃源,一,517,北投區,嗄嘮別,嗄嘮別,351-33
北投區,桃源,一,518,北投區,嗄嘮別,嗄嘮別,351-34
北投區,桃源,一,519,北投區,嗄嘮別,嗄嘮別,351-8
北投區,桃源,一,52,北投區,嗄嘮別,嗄嘮別,327-1
北投區,桃源,一,520,北投區,嗄嘮別,嗄嘮別,351-31
北投區,桃源,一,521,北投區,嗄嘮別,嗄嘮別,351-30
北投區,桃源,一,522,北投區,嗄嘮別,嗄嘮別,351-29
北投區,桃源,一,523,北投區,嗄嘮別,嗄嘮別,351-28
北投區,桃源,一,524,北投區,嗄嘮別,嗄嘮別,351-27
北投區,桃源,一,525,北投區,嗄嘮別,嗄嘮別,351-26
北投區,桃源,一,526,北投區,嗄嘮別,嗄嘮別,351-25
北投區,桃源,一,527,北投區,嗄嘮別,嗄嘮別,351-24
北投區,桃源,一,528,北投區,嗄嘮別,嗄嘮別,351-23
北投區,桃源,一,529,北投區,嗄嘮別,嗄嘮別,351-14
北投區,桃源,一,53,北投區,嗄嘮別,嗄嘮別,327-12
北投區,桃源,一,530,北投區,嗄嘮別,嗄嘮別,351-10
北投區,桃源,一,531,北投區,嗄嘮別,嗄嘮別,351-4
北投區,桃源,一,532,北投區,嗄嘮別,嗄嘮別,351-4
北投區,桃源,一,533,北投區,嗄嘮別,嗄嘮別,351-22
北投區,桃源,一,534,北投區,嗄嘮別,嗄嘮別,351-40
北投區,桃源,一,535,北投區,嗄嘮別,嗄嘮別,351-41
北投區,桃源,一,536,北投區,嗄嘮別,嗄嘮別,351-42
北投區,桃源,一,537,北投區,嗄嘮別,嗄嘮別,351-43
北投區,桃源,一,538,北投區,嗄嘮別,嗄嘮別,351-5
北投區,桃源,一,539,北投區,嗄嘮別,嗄嘮別,351-44
北投區,桃源,一,54,北投區,嗄嘮別,嗄嘮別,327-13
北投區,桃源,一,540,北投區,嗄嘮別,嗄嘮別,351-6
北投區,桃源,一,541,北投區,嗄嘮別,嗄嘮別,350-4
北投區,桃源,一,542,北投區,嗄嘮別,嗄嘮別,350-4
北投區,桃源,一,543,北投區,嗄嘮別,嗄嘮別,351
北投區,桃源,一,543-1,北投區,嗄嘮別,嗄嘮別,350-1
北投區,桃源,一,544,北投區,嗄嘮別,嗄嘮別,350-3
北投區,桃源,一,545,北投區,嗄嘮別,嗄嘮別,350
北投區,桃源,一,546,北投區,嗄嘮別,嗄嘮別,350
北投區,桃源,一,547,北投區,嗄嘮別,嗄嘮別,351-1
北投區,桃源,一,548,北投區,嗄嘮別,嗄嘮別,351-1
北投區,桃源,一,549,北投區,嗄嘮別,嗄嘮別,351-58
北投區,桃源,一,55,北投區,嗄嘮別,嗄嘮別,311-5
北投區,桃源,一,550,北投區,嗄嘮別,嗄嘮別,349
北投區,桃源,一,551,北投區,嗄嘮別,嗄嘮別,349-3
北投區,桃源,一,552,北投區,嗄嘮別,嗄嘮別,349-3
北投區,桃源,一,554,北投區,嗄嘮別,嗄嘮別,351-2
北投區,桃源,一,555,北投區,嗄嘮別,嗄嘮別,351-49
北投區,桃源,一,556,北投區,嗄嘮別,嗄嘮別,351-49
北投區,桃源,一,557,北投區,嗄嘮別,嗄嘮別,351-17
北投區,桃源,一,558,北投區,嗄嘮別,嗄嘮別,351-16
北投區,桃源,一,559,北投區,嗄嘮別,嗄嘮別,351-48
北投區,桃源,一,56,北投區,嗄嘮別,嗄嘮別,322-3
北投區,桃源,一,56-1,北投區,嗄嘮別,嗄嘮別,311
北投區,桃源,一,560,北投區,嗄嘮別,嗄嘮別,351-47
北投區,桃源,一,561,北投區,嗄嘮別,嗄嘮別,351-15
北投區,桃源,一,562,北投區,嗄嘮別,嗄嘮別,351-15
北投區,桃源,一,563,北投區,嗄嘮別,嗄嘮別,351-45
北投區,桃源,一,564,北投區,嗄嘮別,嗄嘮別,351-3
北投區,桃源,一,564-1,北投區,嗄嘮別,嗄嘮別,351-65
北投區,桃源,一,57,北投區,嗄嘮別,嗄嘮別,322-2
北投區,桃源,一,571,北投區,嗄嘮別,嗄嘮別,424
北投區,桃源,一,573,北投區,嗄嘮別,嗄嘮別,989-3
北投區,桃源,一,574,北投區,嗄嘮別,嗄嘮別,990-3
北投區,桃源,一,58,北投區,嗄嘮別,嗄嘮別,322-7
北投區,桃源,一,582,北投區,嗄嘮別,嗄嘮別,425
北投區,桃源,一,583,北投區,嗄嘮別,嗄嘮別,428-2
北投區,桃源,一,585,北投區,嗄嘮別,嗄嘮別,428-26
北投區,桃源,一,586,北投區,嗄嘮別,嗄嘮別,425-3
北投區,桃源,一,587,北投區,嗄嘮別,嗄嘮別,425-1
北投區,桃源,一,588,北投區,嗄嘮別,嗄嘮別,426
北投區,桃源,一,589,北投區,嗄嘮別,嗄嘮別,418-5
北投區,桃源,一,59,北投區,嗄嘮別,嗄嘮別,322-8
北投區,桃源,一,590,北投區,嗄嘮別,嗄嘮別,418-2
北投區,桃源,一,591,北投區,嗄嘮別,嗄嘮別,427-17
北投區,桃源,一,592,北投區,嗄嘮別,嗄嘮別,427-18
北投區,桃源,一,593,北投區,嗄嘮別,嗄嘮別,419-3
北投區,桃源,一,594,北投區,嗄嘮別,嗄嘮別,427
北投區,桃源,一,595,北投區,嗄嘮別,嗄嘮別,428-9
北投區,桃源,一,596,北投區,嗄嘮別,嗄嘮別,426-1
北投區,桃源,一,597,北投區,嗄嘮別,嗄嘮別,426
北投區,桃源,一,598,北投區,嗄嘮別,嗄嘮別,425-2
北投區,桃源,一,599,北投區,嗄嘮別,嗄嘮別,428-27
北投區,桃源,一,6,北投區,嗄嘮別,嗄嘮別,311-28
北投區,桃源,一,600,北投區,嗄嘮別,嗄嘮別,993-30
北投區,桃源,一,601,北投區,嗄嘮別,嗄嘮別,428
北投區,桃源,一,602,北投區,嗄嘮別,嗄嘮別,428-1
北投區,桃源,一,603,北投區,嗄嘮別,嗄嘮別,428-3
北投區,桃源,一,604,北投區,嗄嘮別,嗄嘮別,428-16
北投區,桃源,一,605,北投區,嗄嘮別,嗄嘮別,428-15
北投區,桃源,一,606,北投區,嗄嘮別,嗄嘮別,428-8
北投區,桃源,一,607,北投區,嗄嘮別,嗄嘮別,428-7
北投區,桃源,一,61,北投區,嗄嘮別,嗄嘮別,326-6
北投區,桃源,一,610,北投區,嗄嘮別,嗄嘮別,428-40
北投區,桃源,一,611,北投區,嗄嘮別,嗄嘮別,428-41
北投區,桃源,一,612,北投區,嗄嘮別,嗄嘮別,428-42
北投區,桃源,一,613,北投區,嗄嘮別,嗄嘮別,428-39
北投區,桃源,一,614,北投區,嗄嘮別,嗄嘮別,428-38
北投區,桃源,一,615,北投區,嗄嘮別,嗄嘮別,428-43
北投區,桃源,一,616,北投區,嗄嘮別,嗄嘮別,428-44
北投區,桃源,一,617,北投區,嗄嘮別,嗄嘮別,428-37
北投區,桃源,一,618,北投區,嗄嘮別,嗄嘮別,428-36
北投區,桃源,一,619,北投區,嗄嘮別,嗄嘮別,428-45
北投區,桃源,一,62,北投區,嗄嘮別,嗄嘮別,427-12
北投區,桃源,一,620,北投區,嗄嘮別,嗄嘮別,428-46
北投區,桃源,一,621,北投區,嗄嘮別,嗄嘮別,428-35
北投區,桃源,一,622,北投區,嗄嘮別,嗄嘮別,428-34
北投區,桃源,一,623,北投區,嗄嘮別,嗄嘮別,428-47
北投區,桃源,一,624,北投區,嗄嘮別,嗄嘮別,428-48
北投區,桃源,一,625,北投區,嗄嘮別,嗄嘮別,428-33
北投區,桃源,一,626,北投區,嗄嘮別,嗄嘮別,428-32
北投區,桃源,一,627,北投區,嗄嘮別,嗄嘮別,428-49
北投區,桃源,一,628,北投區,嗄嘮別,嗄嘮別,428-50
北投區,桃源,一,629,北投區,嗄嘮別,嗄嘮別,428-31
北投區,桃源,一,63,北投區,嗄嘮別,嗄嘮別,329-2
北投區,桃源,一,630,北投區,嗄嘮別,嗄嘮別,428-30
北投區,桃源,一,631,北投區,嗄嘮別,嗄嘮別,428-51
北投區,桃源,一,632,北投區,嗄嘮別,嗄嘮別,428-52
北投區,桃源,一,633,北投區,嗄嘮別,嗄嘮別,428-4
北投區,桃源,一,634,北投區,嗄嘮別,嗄嘮別,428-20
北投區,桃源,一,635,北投區,嗄嘮別,嗄嘮別,428-7
北投區,桃源,一,637,北投區,嗄嘮別,嗄嘮別,428-24
北投區,桃源,一,638,北投區,嗄嘮別,嗄嘮別,428-25
北投區,桃源,一,639,北投區,嗄嘮別,嗄嘮別,429-21
北投區,桃源,一,64,北投區,嗄嘮別,嗄嘮別,322-9
北投區,桃源,一,640,北投區,嗄嘮別,嗄嘮別,429
北投區,桃源,一,641,北投區,嗄嘮別,嗄嘮別,429-15
北投區,桃源,一,641-1,北投區,嗄嘮別,嗄嘮別,429-16
北投區,桃源,一,642,北投區,嗄嘮別,嗄嘮別,428-21
北投區,桃源,一,643,北投區,嗄嘮別,嗄嘮別,428-53
北投區,桃源,一,644,北投區,嗄嘮別,嗄嘮別,428-54
北投區,桃源,一,645,北投區,嗄嘮別,嗄嘮別,428-55
北投區,桃源,一,646,北投區,嗄嘮別,嗄嘮別,428-56
北投區,桃源,一,647,北投區,嗄嘮別,嗄嘮別,428-57
北投區,桃源,一,648,北投區,嗄嘮別,嗄嘮別,428-58
北投區,桃源,一,65,北投區,嗄嘮別,嗄嘮別,330-37
北投區,桃源,一,66,北投區,嗄嘮別,嗄嘮別,328-7
北投區,桃源,一,668,北投區,嗄嘮別,嗄嘮別,427-6
北投區,桃源,一,669,北投區,嗄嘮別,嗄嘮別,427-4
北投區,桃源,一,67,北投區,嗄嘮別,嗄嘮別,330
北投區,桃源,一,670,北投區,嗄嘮別,嗄嘮別,348-23
北投區,桃源,一,671,北投區,嗄嘮別,嗄嘮別,348-13
北投區,桃源,一,672,北投區,嗄嘮別,嗄嘮別,348-12
北投區,桃源,一,673,北投區,嗄嘮別,嗄嘮別,348-20
北投區,桃源,一,674,北投區,嗄嘮別,嗄嘮別,348-22
北投區,桃源,一,675,北投區,嗄嘮別,嗄嘮別,427-8
北投區,桃源,一,676,北投區,嗄嘮別,嗄嘮別,446-7
北投區,桃源,一,68,北投區,嗄嘮別,嗄嘮別,330-16
北投區,桃源,一,685,北投區,嗄嘮別,嗄嘮別,344-8
北投區,桃源,一,687,北投區,嗄嘮別,嗄嘮別,344-7
北投區,桃源,一,688,北投區,嗄嘮別,嗄嘮別,344-3
北投區,桃源,一,689,北投區,嗄嘮別,嗄嘮別,344-9
北投區,桃源,一,69,北投區,嗄嘮別,嗄嘮別,322-16
北投區,桃源,一,690,北投區,嗄嘮別,嗄嘮別,446-7
北投區,桃源,一,691,北投區,嗄嘮別,嗄嘮別,345
北投區,桃源,一,7,北投區,嗄嘮別,嗄嘮別,311-26
北投區,桃源,一,70,北投區,嗄嘮別,嗄嘮別,322-11
北投區,桃源,一,71,北投區,嗄嘮別,嗄嘮別,330-15
北投區,桃源,一,72,北投區,嗄嘮別,嗄嘮別,330-14
北投區,桃源,一,73,北投區,嗄嘮別,嗄嘮別,330-7
北投區,桃源,一,74,北投區,嗄嘮別,嗄嘮別,322-12
北投區,桃源,一,75,北投區,嗄嘮別,嗄嘮別,329-11
北投區,桃源,一,76,北投區,嗄嘮別,嗄嘮別,322-13
北投區,桃源,一,77,北投區,嗄嘮別,嗄嘮別,330-13
北投區,桃源,一,78,北投區,嗄嘮別,嗄嘮別,330-10
北投區,桃源,一,79,北投區,嗄嘮別,嗄嘮別,330-9
北投區,桃源,一,8,北投區,嗄嘮別,嗄嘮別,312
北投區,桃源,一,80,北投區,嗄嘮別,嗄嘮別,322-14
北投區,桃源,一,81,北投區,嗄嘮別,嗄嘮別,329-13
北投區,桃源,一,82,北投區,嗄嘮別,嗄嘮別,329-14
北投區,桃源,一,83,北投區,嗄嘮別,嗄嘮別,329-15
北投區,桃源,一,84,北投區,嗄嘮別,嗄嘮別,322-15
北投區,桃源,一,85,北投區,嗄嘮別,嗄嘮別,330-11
北投區,桃源,一,86,北投區,嗄嘮別,嗄嘮別,330-27
北投區,桃源,一,87,北投區,嗄嘮別,嗄嘮別,329-29
北投區,桃源,一,88,北投區,嗄嘮別,嗄嘮別,329-30
北投區,桃源,一,89,北投區,嗄嘮別,嗄嘮別,329-31
北投區,桃源,一,9,北投區,嗄嘮別,嗄嘮別,311-79
北投區,桃源,一,90,北投區,嗄嘮別,嗄嘮別,329-32
北投區,桃源,一,91,北投區,嗄嘮別,嗄嘮別,329-33
北投區,桃源,一,92,北投區,嗄嘮別,嗄嘮別,322-15
北投區,桃源,一,93,北投區,嗄嘮別,嗄嘮別,329-34
北投區,桃源,一,94,北投區,嗄嘮別,嗄嘮別,329-35
北投區,桃源,一,95,北投區,嗄嘮別,嗄嘮別,329-23
北投區,桃源,一,96,北投區,嗄嘮別,嗄嘮別,329-24
北投區,桃源,一,97,北投區,嗄嘮別,嗄嘮別,329-25
北投區,桃源,一,98,北投區,嗄嘮別,嗄嘮別,329-26
北投區,桃源,一,99,北投區,嗄嘮別,嗄嘮別,329-27
北投區,桃源,三,1,北投區,嗄嘮別,嗄嘮別,1059
北投區,桃源,三,10,北投區,嗄嘮別,嗄嘮別,1063-3
北投區,桃源,三,100,北投區,嗄嘮別,嗄嘮別,1078-1
北投區,桃源,三,101,北投區,嗄嘮別,嗄嘮別,1080
北投區,桃源,三,102,北投區,嗄嘮別,嗄嘮別,1079
北投區,桃源,三,103,北投區,嗄嘮別,嗄嘮別,1118-12
北投區,桃源,三,104,北投區,嗄嘮別,嗄嘮別,834-1
北投區,桃源,三,105,北投區,嗄嘮別,嗄嘮別,834
北投區,桃源,三,106,北投區,嗄嘮別,嗄嘮別,834-7
北投區,桃源,三,107,北投區,嗄嘮別,嗄嘮別,834-4
北投區,桃源,三,108,北投區,嗄嘮別,嗄嘮別,1106-5
北投區,桃源,三,109,北投區,嗄嘮別,嗄嘮別,1106-4
北投區,桃源,三,11,北投區,嗄嘮別,嗄嘮別,1063-3
北投區,桃源,三,110,北投區,嗄嘮別,嗄嘮別,1104-15
北投區,桃源,三,12,北投區,嗄嘮別,嗄嘮別,1063-3
北投區,桃源,三,121,北投區,嗄嘮別,嗄嘮別,833
北投區,桃源,三,124,北投區,嗄嘮別,嗄嘮別,834-26
北投區,桃源,三,125,北投區,嗄嘮別,嗄嘮別,834-27
北投區,桃源,三,129,北投區,嗄嘮別,嗄嘮別,1120-20
北投區,桃源,三,13,北投區,嗄嘮別,嗄嘮別,1063-1
北投區,桃源,三,130,北投區,嗄嘮別,嗄嘮別,1106-3
北投區,桃源,三,131,北投區,嗄嘮別,嗄嘮別,834-15
北投區,桃源,三,133-1,北投區,嗄嘮別,嗄嘮別,1118-12
北投區,桃源,三,134-1,北投區,嗄嘮別,嗄嘮別,1113-5
北投區,桃源,三,135,北投區,嗄嘮別,嗄嘮別,1119
北投區,桃源,三,136,北投區,嗄嘮別,嗄嘮別,1118-3
北投區,桃源,三,137,北投區,嗄嘮別,嗄嘮別,1118-4
北投區,桃源,三,138,北投區,嗄嘮別,嗄嘮別,1118-5
北投區,桃源,三,139,北投區,嗄嘮別,嗄嘮別,1118-6
北投區,桃源,三,14,北投區,嗄嘮別,嗄嘮別,1063
北投區,桃源,三,140,北投區,嗄嘮別,嗄嘮別,863-12
北投區,桃源,三,141,北投區,嗄嘮別,嗄嘮別,1118-14
北投區,桃源,三,142,北投區,嗄嘮別,嗄嘮別,863-1
北投區,桃源,三,143,北投區,嗄嘮別,嗄嘮別,1121
北投區,桃源,三,145,北投區,嗄嘮別,嗄嘮別,837-1
北投區,桃源,三,15,北投區,嗄嘮別,嗄嘮別,1062
北投區,桃源,三,151,北投區,嗄嘮別,嗄嘮別,1120-15
北投區,桃源,三,153,北投區,嗄嘮別,嗄嘮別,1120-14
北投區,桃源,三,154,北投區,嗄嘮別,嗄嘮別,834-21
北投區,桃源,三,158,北投區,嗄嘮別,嗄嘮別,834-23
北投區,桃源,三,159,北投區,嗄嘮別,嗄嘮別,834-19
北投區,桃源,三,16,北投區,嗄嘮別,嗄嘮別,1061
北投區,桃源,三,160,北投區,嗄嘮別,嗄嘮別,834-28
北投區,桃源,三,161,北投區,嗄嘮別,嗄嘮別,834-18
北投區,桃源,三,162,北投區,嗄嘮別,嗄嘮別,1120-13
北投區,桃源,三,163,北投區,嗄嘮別,嗄嘮別,834-29
北投區,桃源,三,164,北投區,嗄嘮別,嗄嘮別,834-20
北投區,桃源,三,165,北投區,嗄嘮別,嗄嘮別,1120-27
北投區,桃源,三,166,北投區,嗄嘮別,嗄嘮別,1120-28
北投區,桃源,三,167,北投區,嗄嘮別,嗄嘮別,1120-29
北投區,桃源,三,168,北投區,嗄嘮別,嗄嘮別,839-1
北投區,桃源,三,169,北投區,嗄嘮別,嗄嘮別,839-2
北投區,桃源,三,17,北投區,嗄嘮別,嗄嘮別,1060
北投區,桃源,三,171,北投區,嗄嘮別,嗄嘮別,1120-16
北投區,桃源,三,172,北投區,嗄嘮別,嗄嘮別,1120-11
北投區,桃源,三,173,北投區,嗄嘮別,嗄嘮別,840-1
北投區,桃源,三,175,北投區,嗄嘮別,嗄嘮別,840-8
北投區,桃源,三,177,北投區,嗄嘮別,嗄嘮別,1120-25
北投區,桃源,三,18,北投區,嗄嘮別,嗄嘮別,571
北投區,桃源,三,180,北投區,嗄嘮別,嗄嘮別,840-6
北投區,桃源,三,181,北投區,嗄嘮別,嗄嘮別,841
北投區,桃源,三,182,北投區,嗄嘮別,嗄嘮別,1123-3
北投區,桃源,三,183,北投區,嗄嘮別,嗄嘮別,1123-43
北投區,桃源,三,184,北投區,嗄嘮別,嗄嘮別,1123-45
北投區,桃源,三,185,北投區,嗄嘮別,嗄嘮別,1123-46
北投區,桃源,三,186,北投區,嗄嘮別,嗄嘮別,1123-47
北投區,桃源,三,188,北投區,嗄嘮別,嗄嘮別,1123-4
北投區,桃源,三,19,北投區,嗄嘮別,嗄嘮別,572
北投區,桃源,三,190,北投區,嗄嘮別,嗄嘮別,841-15
北投區,桃源,三,191,北投區,嗄嘮別,嗄嘮別,841-3
北投區,桃源,三,192,北投區,嗄嘮別,嗄嘮別,843-1
北投區,桃源,三,193,北投區,嗄嘮別,嗄嘮別,841-22
北投區,桃源,三,194,北投區,嗄嘮別,嗄嘮別,841-17
北投區,桃源,三,195,北投區,嗄嘮別,嗄嘮別,841-10
北投區,桃源,三,196,北投區,嗄嘮別,嗄嘮別,1124-5
北投區,桃源,三,197,北投區,嗄嘮別,嗄嘮別,841-11
北投區,桃源,三,198,北投區,嗄嘮別,嗄嘮別,848-8
北投區,桃源,三,199,北投區,嗄嘮別,嗄嘮別,848-13
北投區,桃源,三,2,北投區,嗄嘮別,嗄嘮別,1058-1
北投區,桃源,三,20,北投區,嗄嘮別,嗄嘮別,570-1
北投區,桃源,三,200,北投區,嗄嘮別,嗄嘮別,848-9
北投區,桃源,三,201,北投區,嗄嘮別,嗄嘮別,843-2
北投區,桃源,三,202,北投區,嗄嘮別,嗄嘮別,843
北投區,桃源,三,203,北投區,嗄嘮別,嗄嘮別,842
北投區,桃源,三,204,北投區,嗄嘮別,嗄嘮別,842-1
北投區,桃源,三,205,北投區,嗄嘮別,嗄嘮別,1124-7
北投區,桃源,三,206,北投區,嗄嘮別,嗄嘮別,848-14
北投區,桃源,三,207,北投區,嗄嘮別,嗄嘮別,1124-3
北投區,桃源,三,208,北投區,嗄嘮別,嗄嘮別,1124-9
北投區,桃源,三,209,北投區,嗄嘮別,嗄嘮別,1126-6
北投區,桃源,三,21,北投區,嗄嘮別,嗄嘮別,573-1
北投區,桃源,三,210,北投區,嗄嘮別,嗄嘮別,1126-5
北投區,桃源,三,211,北投區,嗄嘮別,嗄嘮別,1126-2
北投區,桃源,三,212,北投區,嗄嘮別,嗄嘮別,1126
北投區,桃源,三,213,北投區,嗄嘮別,嗄嘮別,844-6
北投區,桃源,三,214,北投區,嗄嘮別,嗄嘮別,844-31
北投區,桃源,三,215,北投區,嗄嘮別,嗄嘮別,844-45
北投區,桃源,三,216,北投區,嗄嘮別,嗄嘮別,844-8
北投區,桃源,三,217,北投區,嗄嘮別,嗄嘮別,844-27
北投區,桃源,三,218,北投區,嗄嘮別,嗄嘮別,844-11
北投區,桃源,三,219,北投區,嗄嘮別,嗄嘮別,844-12
北投區,桃源,三,22,北投區,嗄嘮別,嗄嘮別,573
北投區,桃源,三,220,北投區,嗄嘮別,嗄嘮別,844-44
北投區,桃源,三,221,北投區,嗄嘮別,嗄嘮別,844-17
北投區,桃源,三,23,北投區,嗄嘮別,嗄嘮別,573
北投區,桃源,三,24,北投區,嗄嘮別,嗄嘮別,575-11
北投區,桃源,三,25,北投區,嗄嘮別,嗄嘮別,575-12
北投區,桃源,三,26,北投區,嗄嘮別,嗄嘮別,576-34
北投區,桃源,三,27,北投區,嗄嘮別,嗄嘮別,1066-7
北投區,桃源,三,28,北投區,嗄嘮別,嗄嘮別,1068
北投區,桃源,三,29,北投區,嗄嘮別,嗄嘮別,1069-1
北投區,桃源,三,3,北投區,嗄嘮別,嗄嘮別,1058
北投區,桃源,三,30,北投區,嗄嘮別,嗄嘮別,1070-1
北投區,桃源,三,31,北投區,嗄嘮別,嗄嘮別,1072-1
北投區,桃源,三,32,北投區,嗄嘮別,嗄嘮別,1067
北投區,桃源,三,33,北投區,嗄嘮別,嗄嘮別,577-1
北投區,桃源,三,34,北投區,嗄嘮別,嗄嘮別,1074
北投區,桃源,三,35,北投區,嗄嘮別,嗄嘮別,579
北投區,桃源,三,36,北投區,嗄嘮別,嗄嘮別,580
北投區,桃源,三,37,北投區,嗄嘮別,嗄嘮別,580-11
北投區,桃源,三,38,北投區,嗄嘮別,嗄嘮別,1075-22
北投區,桃源,三,4,北投區,嗄嘮別,嗄嘮別,1057-1
北投區,桃源,三,41,北投區,嗄嘮別,嗄嘮別,1075-25
北投區,桃源,三,42,北投區,嗄嘮別,嗄嘮別,577
北投區,桃源,三,44,北投區,嗄嘮別,嗄嘮別,1075-24
北投區,桃源,三,5,北投區,嗄嘮別,嗄嘮別,1058-2
北投區,桃源,三,57,北投區,嗄嘮別,嗄嘮別,1075-18
北投區,桃源,三,58,北投區,嗄嘮別,嗄嘮別,1075-15
北投區,桃源,三,6,北投區,嗄嘮別,嗄嘮別,1058-3
北投區,桃源,三,60,北投區,嗄嘮別,嗄嘮別,1075
北投區,桃源,三,61,北投區,嗄嘮別,嗄嘮別,1066
北投區,桃源,三,62,北投區,嗄嘮別,嗄嘮別,1065
北投區,桃源,三,62-1,北投區,嗄嘮別,嗄嘮別,1064
北投區,桃源,三,63,北投區,嗄嘮別,嗄嘮別,1078-4
北投區,桃源,三,64,北投區,嗄嘮別,嗄嘮別,1078-3
北投區,桃源,三,65,北投區,嗄嘮別,嗄嘮別,1078
北投區,桃源,三,66,北投區,嗄嘮別,嗄嘮別,1078
北投區,桃源,三,67,北投區,嗄嘮別,嗄嘮別,1056-1
北投區,桃源,三,68,北投區,嗄嘮別,嗄嘮別,1056-3
北投區,桃源,三,69,北投區,嗄嘮別,嗄嘮別,1056-4
北投區,桃源,三,7,北投區,嗄嘮別,嗄嘮別,1063-2
北投區,桃源,三,70,北投區,嗄嘮別,嗄嘮別,1082-3
北投區,桃源,三,70-1,北投區,嗄嘮別,嗄嘮別,1082-4
北投區,桃源,三,8,北投區,嗄嘮別,嗄嘮別,1063-3
北投區,桃源,三,9,北投區,嗄嘮別,嗄嘮別,1063-3
北投區,桃源,三,94,北投區,嗄嘮別,嗄嘮別,1082-5
北投區,桃源,三,95,北投區,嗄嘮別,嗄嘮別,834-24
北投區,桃源,三,96,北投區,嗄嘮別,嗄嘮別,1081
北投區,桃源,三,97,北投區,嗄嘮別,嗄嘮別,1081-1
北投區,桃源,三,98,北投區,嗄嘮別,嗄嘮別,1056-5
北投區,桃源,三,99,北投區,嗄嘮別,嗄嘮別,1056-2
北投區,桃源,三,99-1,北投區,嗄嘮別,嗄嘮別,1056-6
北投區,桃源,三,99-2,北投區,嗄嘮別,嗄嘮別,1056-7
北投區,桃源,二,1,北投區,嗄嘮別,嗄嘮別,397-25
北投區,桃源,二,10,北投區,嗄嘮別,嗄嘮別,397-4
北投區,桃源,二,100,北投區,嗄嘮別,嗄嘮別,422-57
北投區,桃源,二,101,北投區,嗄嘮別,嗄嘮別,422-10
北投區,桃源,二,102,北投區,嗄嘮別,嗄嘮別,422-5
北投區,桃源,二,102-1,北投區,嗄嘮別,嗄嘮別,422-41
北投區,桃源,二,105,北投區,嗄嘮別,嗄嘮別,422-34
北投區,桃源,二,107,北投區,嗄嘮別,嗄嘮別,422-36
北投區,桃源,二,108,北投區,嗄嘮別,嗄嘮別,422-37
北投區,桃源,二,109,北投區,嗄嘮別,嗄嘮別,422-38
北投區,桃源,二,11,北投區,嗄嘮別,嗄嘮別,967-1
北投區,桃源,二,110,北投區,嗄嘮別,嗄嘮別,422-39
北投區,桃源,二,111,北投區,嗄嘮別,嗄嘮別,422-40
北投區,桃源,二,112,北投區,嗄嘮別,嗄嘮別,987-2
北投區,桃源,二,112-1,北投區,嗄嘮別,嗄嘮別,987-3
北投區,桃源,二,113,北投區,嗄嘮別,嗄嘮別,989-1
北投區,桃源,二,114,北投區,嗄嘮別,嗄嘮別,990-2
北投區,桃源,二,116,北投區,嗄嘮別,嗄嘮別,990-1
北投區,桃源,二,117,北投區,嗄嘮別,嗄嘮別,422-45
北投區,桃源,二,118,北投區,嗄嘮別,嗄嘮別,422-6
北投區,桃源,二,119,北投區,嗄嘮別,嗄嘮別,422-46
北投區,桃源,二,12,北投區,嗄嘮別,嗄嘮別,381-2
北投區,桃源,二,121,北投區,嗄嘮別,嗄嘮別,422-48
北投區,桃源,二,123,北投區,嗄嘮別,嗄嘮別,422-50
北投區,桃源,二,124,北投區,嗄嘮別,嗄嘮別,422-51
北投區,桃源,二,125,北投區,嗄嘮別,嗄嘮別,422-63
北投區,桃源,二,126,北投區,嗄嘮別,嗄嘮別,422-17
北投區,桃源,二,127,北投區,嗄嘮別,嗄嘮別,422-66
北投區,桃源,二,128,北投區,嗄嘮別,嗄嘮別,422-20
北投區,桃源,二,129,北投區,嗄嘮別,嗄嘮別,422-71
北投區,桃源,二,13,北投區,嗄嘮別,嗄嘮別,381-1
北投區,桃源,二,130,北投區,嗄嘮別,嗄嘮別,422-73
北投區,桃源,二,131,北投區,嗄嘮別,嗄嘮別,422-23
北投區,桃源,二,132,北投區,嗄嘮別,嗄嘮別,422-77
北投區,桃源,二,133,北投區,嗄嘮別,嗄嘮別,422-24
北投區,桃源,二,136,北投區,嗄嘮別,嗄嘮別,422-25
北投區,桃源,二,139,北投區,嗄嘮別,嗄嘮別,991-1
北投區,桃源,二,14,北投區,嗄嘮別,嗄嘮別,967-5
北投區,桃源,二,140,北投區,嗄嘮別,嗄嘮別,992-1
北投區,桃源,二,141,北投區,嗄嘮別,嗄嘮別,992-2
北投區,桃源,二,145,北投區,嗄嘮別,嗄嘮別,993-19
北投區,桃源,二,147,北投區,嗄嘮別,嗄嘮別,422-21
北投區,桃源,二,149,北投區,嗄嘮別,嗄嘮別,422-22
北投區,桃源,二,15,北投區,嗄嘮別,嗄嘮別,413-5
北投區,桃源,二,150,北投區,嗄嘮別,嗄嘮別,422-68
北投區,桃源,二,151,北投區,嗄嘮別,嗄嘮別,422-67
北投區,桃源,二,152,北投區,嗄嘮別,嗄嘮別,422-18
北投區,桃源,二,153,北投區,嗄嘮別,嗄嘮別,422-70
北投區,桃源,二,154,北投區,嗄嘮別,嗄嘮別,422-69
北投區,桃源,二,155,北投區,嗄嘮別,嗄嘮別,422-19
北投區,桃源,二,156,北投區,嗄嘮別,嗄嘮別,422-16
北投區,桃源,二,157,北投區,嗄嘮別,嗄嘮別,422-13
北投區,桃源,二,158,北投區,嗄嘮別,嗄嘮別,422-60
北投區,桃源,二,159,北投區,嗄嘮別,嗄嘮別,964-5
北投區,桃源,二,16,北投區,嗄嘮別,嗄嘮別,413-4
北投區,桃源,二,16-1,北投區,嗄嘮別,嗄嘮別,413-4
北投區,桃源,二,160,北投區,嗄嘮別,嗄嘮別,964-6
北投區,桃源,二,161,北投區,嗄嘮別,嗄嘮別,964-2
北投區,桃源,二,162,北投區,嗄嘮別,嗄嘮別,964-1
北投區,桃源,二,162-1,北投區,嗄嘮別,嗄嘮別,964-1
北投區,桃源,二,163,北投區,嗄嘮別,嗄嘮別,422-11
北投區,桃源,二,163-1,北投區,嗄嘮別,嗄嘮別,422-11
北投區,桃源,二,164,北投區,嗄嘮別,嗄嘮別,422-59
北投區,桃源,二,165,北投區,嗄嘮別,嗄嘮別,422-59
北投區,桃源,二,166,北投區,嗄嘮別,嗄嘮別,0-422
北投區,桃源,二,167,北投區,嗄嘮別,嗄嘮別,0-4
北投區,桃源,二,168,北投區,嗄嘮別,嗄嘮別,422-31
北投區,桃源,二,169,北投區,嗄嘮別,嗄嘮別,422-30
北投區,桃源,二,17,北投區,嗄嘮別,嗄嘮別,413-3
北投區,桃源,二,170,北投區,嗄嘮別,嗄嘮別,964
北投區,桃源,二,171,北投區,嗄嘮別,嗄嘮別,964
北投區,桃源,二,172,北投區,嗄嘮別,嗄嘮別,967-6
北投區,桃源,二,172-1,北投區,嗄嘮別,嗄嘮別,967-6
北投區,桃源,二,173,北投區,嗄嘮別,嗄嘮別,967-6
北投區,桃源,二,174,北投區,嗄嘮別,嗄嘮別,967-6
北投區,桃源,二,175,北投區,嗄嘮別,嗄嘮別,422-3
北投區,桃源,二,176,北投區,嗄嘮別,嗄嘮別,422-32
北投區,桃源,二,177,北投區,嗄嘮別,嗄嘮別,422-75
北投區,桃源,二,178,北投區,嗄嘮別,嗄嘮別,422-61
北投區,桃源,二,179,北投區,嗄嘮別,嗄嘮別,422-14
北投區,桃源,二,179-1,北投區,嗄嘮別,嗄嘮別,422-62
北投區,桃源,二,18,北投區,嗄嘮別,嗄嘮別,413-6
北投區,桃源,二,180,北投區,嗄嘮別,嗄嘮別,422-28
北投區,桃源,二,182,北投區,嗄嘮別,嗄嘮別,422-27
北投區,桃源,二,182-1,北投區,嗄嘮別,嗄嘮別,422-27
北投區,桃源,二,183,北投區,嗄嘮別,嗄嘮別,422-29
北投區,桃源,二,184,北投區,嗄嘮別,嗄嘮別,993-8
北投區,桃源,二,185,北投區,嗄嘮別,嗄嘮別,993-23
北投區,桃源,二,186,北投區,嗄嘮別,嗄嘮別,993-24
北投區,桃源,二,187,北投區,嗄嘮別,嗄嘮別,993-17
北投區,桃源,二,188,北投區,嗄嘮別,嗄嘮別,993-18
北投區,桃源,二,189,北投區,嗄嘮別,嗄嘮別,993
北投區,桃源,二,19,北投區,嗄嘮別,嗄嘮別,413-9
北投區,桃源,二,190,北投區,嗄嘮別,嗄嘮別,993-25
北投區,桃源,二,191,北投區,嗄嘮別,嗄嘮別,993-9
北投區,桃源,二,192,北投區,嗄嘮別,嗄嘮別,993-10
北投區,桃源,二,193,北投區,嗄嘮別,嗄嘮別,994-14
北投區,桃源,二,194,北投區,嗄嘮別,嗄嘮別,994-17
北投區,桃源,二,195,北投區,嗄嘮別,嗄嘮別,994-2
北投區,桃源,二,196,北投區,嗄嘮別,嗄嘮別,994-18
北投區,桃源,二,197,北投區,嗄嘮別,嗄嘮別,993-38
北投區,桃源,二,198,北投區,嗄嘮別,嗄嘮別,994-15
北投區,桃源,二,199,北投區,嗄嘮別,嗄嘮別,993-21
北投區,桃源,二,2,北投區,嗄嘮別,嗄嘮別,397-31
北投區,桃源,二,20,北投區,嗄嘮別,嗄嘮別,983-2
北投區,桃源,二,200,北投區,嗄嘮別,嗄嘮別,994-11
北投區,桃源,二,201,北投區,嗄嘮別,嗄嘮別,994-12
北投區,桃源,二,202,北投區,嗄嘮別,嗄嘮別,994-7
北投區,桃源,二,204,北投區,嗄嘮別,嗄嘮別,993-26
北投區,桃源,二,205,北投區,嗄嘮別,嗄嘮別,994
北投區,桃源,二,207,北投區,嗄嘮別,嗄嘮別,993-16
北投區,桃源,二,21,北投區,嗄嘮別,嗄嘮別,984-1
北投區,桃源,二,210,北投區,嗄嘮別,嗄嘮別,993-3
北投區,桃源,二,213,北投區,嗄嘮別,嗄嘮別,993-28
北投區,桃源,二,214,北投區,嗄嘮別,嗄嘮別,428-28
北投區,桃源,二,215,北投區,嗄嘮別,嗄嘮別,428-29
北投區,桃源,二,216,北投區,嗄嘮別,嗄嘮別,428-13
北投區,桃源,二,217,北投區,嗄嘮別,嗄嘮別,993-4
北投區,桃源,二,219,北投區,嗄嘮別,嗄嘮別,993-33
北投區,桃源,二,22,北投區,嗄嘮別,嗄嘮別,985-6
北投區,桃源,二,221,北投區,嗄嘮別,嗄嘮別,993-32
北投區,桃源,二,222,北投區,嗄嘮別,嗄嘮別,431-6
北投區,桃源,二,226,北投區,嗄嘮別,嗄嘮別,994-3
北投區,桃源,二,226-1,北投區,嗄嘮別,嗄嘮別,994-8
北投區,桃源,二,228,北投區,嗄嘮別,嗄嘮別,431-3
北投區,桃源,二,229,北投區,嗄嘮別,嗄嘮別,428-22
北投區,桃源,二,23,北投區,嗄嘮別,嗄嘮別,985-2
北投區,桃源,二,230,北投區,嗄嘮別,嗄嘮別,428-59
北投區,桃源,二,231,北投區,嗄嘮別,嗄嘮別,428-17
北投區,桃源,二,232,北投區,嗄嘮別,嗄嘮別,429-5
北投區,桃源,二,236,北投區,嗄嘮別,嗄嘮別,429-22
北投區,桃源,二,237,北投區,嗄嘮別,嗄嘮別,429-23
北投區,桃源,二,238,北投區,嗄嘮別,嗄嘮別,429
北投區,桃源,二,239,北投區,嗄嘮別,嗄嘮別,429-11
北投區,桃源,二,240,北投區,嗄嘮別,嗄嘮別,429-17
北投區,桃源,二,241,北投區,嗄嘮別,嗄嘮別,429-19
北投區,桃源,二,246,北投區,嗄嘮別,嗄嘮別,448-10
北投區,桃源,二,247,北投區,嗄嘮別,嗄嘮別,448-9
北投區,桃源,二,248,北投區,嗄嘮別,嗄嘮別,448
北投區,桃源,二,249,北投區,嗄嘮別,嗄嘮別,448-2
北投區,桃源,二,25,北投區,嗄嘮別,嗄嘮別,983
北投區,桃源,二,25-1,北投區,嗄嘮別,嗄嘮別,983-1
北投區,桃源,二,250,北投區,嗄嘮別,嗄嘮別,446-4
北投區,桃源,二,251,北投區,嗄嘮別,嗄嘮別,446-3
北投區,桃源,二,253,北投區,嗄嘮別,嗄嘮別,446-1
北投區,桃源,二,256,北投區,嗄嘮別,嗄嘮別,446-6
北投區,桃源,二,259,北投區,嗄嘮別,嗄嘮別,446-5
北投區,桃源,二,26,北投區,嗄嘮別,嗄嘮別,413-8
北投區,桃源,二,260,北投區,嗄嘮別,嗄嘮別,1160-1
北投區,桃源,二,261,北投區,嗄嘮別,嗄嘮別,1160
北投區,桃源,二,262,北投區,嗄嘮別,嗄嘮別,430
北投區,桃源,二,262-1,北投區,嗄嘮別,嗄嘮別,430
北投區,桃源,二,263,北投區,嗄嘮別,嗄嘮別,430-2
北投區,桃源,二,267,北投區,嗄嘮別,嗄嘮別,994-21
北投區,桃源,二,269,北投區,嗄嘮別,嗄嘮別,433-1
北投區,桃源,二,27,北投區,嗄嘮別,嗄嘮別,413-2
北投區,桃源,二,27-1,北投區,嗄嘮別,嗄嘮別,413-7
北投區,桃源,二,27-2,北投區,嗄嘮別,嗄嘮別,413-10
北投區,桃源,二,270,北投區,嗄嘮別,嗄嘮別,431-2
北投區,桃源,二,272,北投區,嗄嘮別,嗄嘮別,1159
北投區,桃源,二,274,北投區,嗄嘮別,嗄嘮別,995-11
北投區,桃源,二,276,北投區,嗄嘮別,嗄嘮別,995-3
北投區,桃源,二,277,北投區,嗄嘮別,嗄嘮別,995-1
北投區,桃源,二,278,北投區,嗄嘮別,嗄嘮別,995-9
北投區,桃源,二,279,北投區,嗄嘮別,嗄嘮別,995-9
北投區,桃源,二,28,北投區,嗄嘮別,嗄嘮別,413
北投區,桃源,二,280,北投區,嗄嘮別,嗄嘮別,433
北投區,桃源,二,281,北投區,嗄嘮別,嗄嘮別,433-2
北投區,桃源,二,282,北投區,嗄嘮別,嗄嘮別,994-16
北投區,桃源,二,283,北投區,嗄嘮別,嗄嘮別,994-19
北投區,桃源,二,284,北投區,嗄嘮別,嗄嘮別,434-2
北投區,桃源,二,285,北投區,嗄嘮別,嗄嘮別,434-1
北投區,桃源,二,286,北投區,嗄嘮別,嗄嘮別,995-2
北投區,桃源,二,287,北投區,嗄嘮別,嗄嘮別,995-7
北投區,桃源,二,288,北投區,嗄嘮別,嗄嘮別,995-8
北投區,桃源,二,289,北投區,嗄嘮別,嗄嘮別,997-9
北投區,桃源,二,29,北投區,嗄嘮別,嗄嘮別,982
北投區,桃源,二,290,北投區,嗄嘮別,嗄嘮別,997-10
北投區,桃源,二,291,北投區,嗄嘮別,嗄嘮別,435-14
北投區,桃源,二,291-1,北投區,嗄嘮別,嗄嘮別,435-15
北投區,桃源,二,292,北投區,嗄嘮別,嗄嘮別,435-13
北投區,桃源,二,293,北投區,嗄嘮別,嗄嘮別,435-9
北投區,桃源,二,299,北投區,嗄嘮別,嗄嘮別,435-3
北投區,桃源,二,3,北投區,嗄嘮別,嗄嘮別,397-31
北投區,桃源,二,30,北投區,嗄嘮別,嗄嘮別,981
北投區,桃源,二,300,北投區,嗄嘮別,嗄嘮別,435-2
北投區,桃源,二,301,北投區,嗄嘮別,嗄嘮別,997-3
北投區,桃源,二,302,北投區,嗄嘮別,嗄嘮別,997-4
北投區,桃源,二,303,北投區,嗄嘮別,嗄嘮別,997-5
北投區,桃源,二,304,北投區,嗄嘮別,嗄嘮別,997-6
北投區,桃源,二,305,北投區,嗄嘮別,嗄嘮別,435
北投區,桃源,二,306,北投區,嗄嘮別,嗄嘮別,435-8
北投區,桃源,二,307,北投區,嗄嘮別,嗄嘮別,435-10
北投區,桃源,二,308,北投區,嗄嘮別,嗄嘮別,435-12
北投區,桃源,二,309,北投區,嗄嘮別,嗄嘮別,997-8
北投區,桃源,二,31,北投區,嗄嘮別,嗄嘮別,981-1
北投區,桃源,二,310,北投區,嗄嘮別,嗄嘮別,997-7
北投區,桃源,二,311,北投區,嗄嘮別,嗄嘮別,435-11
北投區,桃源,二,312,北投區,嗄嘮別,嗄嘮別,436
北投區,桃源,二,313,北投區,嗄嘮別,嗄嘮別,436-1
北投區,桃源,二,314,北投區,嗄嘮別,嗄嘮別,996-12
北投區,桃源,二,315,北投區,嗄嘮別,嗄嘮別,996-11
北投區,桃源,二,316,北投區,嗄嘮別,嗄嘮別,996-10
北投區,桃源,二,317,北投區,嗄嘮別,嗄嘮別,437-4
北投區,桃源,二,318,北投區,嗄嘮別,嗄嘮別,437-3
北投區,桃源,二,319,北投區,嗄嘮別,嗄嘮別,437-1
北投區,桃源,二,32,北投區,嗄嘮別,嗄嘮別,980
北投區,桃源,二,320,北投區,嗄嘮別,嗄嘮別,996-1
北投區,桃源,二,320-1,北投區,嗄嘮別,嗄嘮別,996-13
北投區,桃源,二,321,北投區,嗄嘮別,嗄嘮別,996-7
北投區,桃源,二,322,北投區,嗄嘮別,嗄嘮別,996-8
北投區,桃源,二,323,北投區,嗄嘮別,嗄嘮別,996-9
北投區,桃源,二,324,北投區,嗄嘮別,嗄嘮別,996-6
北投區,桃源,二,325,北投區,嗄嘮別,嗄嘮別,996-4
北投區,桃源,二,326,北投區,嗄嘮別,嗄嘮別,996-5
北投區,桃源,二,328,北投區,嗄嘮別,嗄嘮別,996-2
北投區,桃源,二,329,北投區,嗄嘮別,嗄嘮別,996
北投區,桃源,二,33,北投區,嗄嘮別,嗄嘮別,977
北投區,桃源,二,336,北投區,嗄嘮別,嗄嘮別,444-1
北投區,桃源,二,34,北投區,嗄嘮別,嗄嘮別,977-1
北投區,桃源,二,341,北投區,嗄嘮別,嗄嘮別,443-1
北投區,桃源,二,342,北投區,嗄嘮別,嗄嘮別,443
北投區,桃源,二,343,北投區,嗄嘮別,嗄嘮別,450
北投區,桃源,二,344,北投區,嗄嘮別,嗄嘮別,450-1
北投區,桃源,二,346,北投區,嗄嘮別,嗄嘮別,445-1
北投區,桃源,二,35,北投區,嗄嘮別,嗄嘮別,978
北投區,桃源,二,351,北投區,嗄嘮別,嗄嘮別,448-6
北投區,桃源,二,352,北投區,嗄嘮別,嗄嘮別,448-1
北投區,桃源,二,353,北投區,嗄嘮別,嗄嘮別,448-23
北投區,桃源,二,358,北投區,嗄嘮別,嗄嘮別,344
北投區,桃源,二,359,北投區,嗄嘮別,嗄嘮別,342-2
北投區,桃源,二,36,北投區,嗄嘮別,嗄嘮別,410-9
北投區,桃源,二,360,北投區,嗄嘮別,嗄嘮別,343
北投區,桃源,二,361,北投區,嗄嘮別,嗄嘮別,343-1
北投區,桃源,二,362,北投區,嗄嘮別,嗄嘮別,342-24
北投區,桃源,二,363,北投區,嗄嘮別,嗄嘮別,342
北投區,桃源,二,364,北投區,嗄嘮別,嗄嘮別,342-14
北投區,桃源,二,365,北投區,嗄嘮別,嗄嘮別,342-15
北投區,桃源,二,367,北投區,嗄嘮別,嗄嘮別,342-12
北投區,桃源,二,368,北投區,嗄嘮別,嗄嘮別,342-25
北投區,桃源,二,369,北投區,嗄嘮別,嗄嘮別,342-26
北投區,桃源,二,37,北投區,嗄嘮別,嗄嘮別,979
北投區,桃源,二,370,北投區,嗄嘮別,嗄嘮別,342-11
北投區,桃源,二,371,北投區,嗄嘮別,嗄嘮別,342-10
北投區,桃源,二,372,北投區,嗄嘮別,嗄嘮別,342-27
北投區,桃源,二,373,北投區,嗄嘮別,嗄嘮別,342-28
北投區,桃源,二,374,北投區,嗄嘮別,嗄嘮別,342-6
北投區,桃源,二,375,北投區,嗄嘮別,嗄嘮別,342-7
北投區,桃源,二,378-1,北投區,嗄嘮別,嗄嘮別,461-6
北投區,桃源,二,38,北投區,嗄嘮別,嗄嘮別,1155
北投區,桃源,二,38-1,北投區,嗄嘮別,嗄嘮別,1155
北投區,桃源,二,381,北投區,嗄嘮別,嗄嘮別,467-9
北投區,桃源,二,383,北投區,嗄嘮別,嗄嘮別,467-24
北投區,桃源,二,384,北投區,嗄嘮別,嗄嘮別,467-26
北投區,桃源,二,385,北投區,嗄嘮別,嗄嘮別,1165-4
北投區,桃源,二,386,北投區,嗄嘮別,嗄嘮別,469-1
北投區,桃源,二,387,北投區,嗄嘮別,嗄嘮別,460-1
北投區,桃源,二,388,北投區,嗄嘮別,嗄嘮別,473-5
北投區,桃源,二,389,北投區,嗄嘮別,嗄嘮別,473
北投區,桃源,二,39,北投區,嗄嘮別,嗄嘮別,410-2
北投區,桃源,二,39-1,北投區,嗄嘮別,嗄嘮別,410-2
北投區,桃源,二,390,北投區,嗄嘮別,嗄嘮別,458-3
北投區,桃源,二,391,北投區,嗄嘮別,嗄嘮別,458
北投區,桃源,二,392,北投區,嗄嘮別,嗄嘮別,469-6
北投區,桃源,二,393,北投區,嗄嘮別,嗄嘮別,460
北投區,桃源,二,394,北投區,嗄嘮別,嗄嘮別,460-4
北投區,桃源,二,395,北投區,嗄嘮別,嗄嘮別,459-3
北投區,桃源,二,396,北投區,嗄嘮別,嗄嘮別,459-2
北投區,桃源,二,397,北投區,嗄嘮別,嗄嘮別,459-6
北投區,桃源,二,398,北投區,嗄嘮別,嗄嘮別,459-5
北投區,桃源,二,399,北投區,嗄嘮別,嗄嘮別,459-4
北投區,桃源,二,4,北投區,嗄嘮別,嗄嘮別,397-13
北投區,桃源,二,40,北投區,嗄嘮別,嗄嘮別,410-8
北投區,桃源,二,400,北投區,嗄嘮別,嗄嘮別,459
北投區,桃源,二,401,北投區,嗄嘮別,嗄嘮別,459-1
北投區,桃源,二,402,北投區,嗄嘮別,嗄嘮別,452-7
北投區,桃源,二,403,北投區,嗄嘮別,嗄嘮別,452-4
北投區,桃源,二,404,北投區,嗄嘮別,嗄嘮別,452-1
北投區,桃源,二,405,北投區,嗄嘮別,嗄嘮別,452-6
北投區,桃源,二,406,北投區,嗄嘮別,嗄嘮別,452
北投區,桃源,二,407,北投區,嗄嘮別,嗄嘮別,452-5
北投區,桃源,二,408,北投區,嗄嘮別,嗄嘮別,1165-3
北投區,桃源,二,409,北投區,嗄嘮別,嗄嘮別,451-2
北投區,桃源,二,41,北投區,嗄嘮別,嗄嘮別,410-7
北投區,桃源,二,410,北投區,嗄嘮別,嗄嘮別,451-1
北投區,桃源,二,411,北投區,嗄嘮別,嗄嘮別,451
北投區,桃源,二,412,北投區,嗄嘮別,嗄嘮別,455
北投區,桃源,二,413,北投區,嗄嘮別,嗄嘮別,454
北投區,桃源,二,414,北投區,嗄嘮別,嗄嘮別,454-1
北投區,桃源,二,415,北投區,嗄嘮別,嗄嘮別,473-7
北投區,桃源,二,416,北投區,嗄嘮別,嗄嘮別,1165-2
北投區,桃源,二,417,北投區,嗄嘮別,嗄嘮別,456
北投區,桃源,二,418,北投區,嗄嘮別,嗄嘮別,457
北投區,桃源,二,419,北投區,嗄嘮別,嗄嘮別,457-7
北投區,桃源,二,42,北投區,嗄嘮別,嗄嘮別,410-6
北投區,桃源,二,420,北投區,嗄嘮別,嗄嘮別,474-4
北投區,桃源,二,421,北投區,嗄嘮別,嗄嘮別,474-7
北投區,桃源,二,422,北投區,嗄嘮別,嗄嘮別,474-1
北投區,桃源,二,423,北投區,嗄嘮別,嗄嘮別,476-1
北投區,桃源,二,424,北投區,嗄嘮別,嗄嘮別,442-2
北投區,桃源,二,425,北投區,嗄嘮別,嗄嘮別,442
北投區,桃源,二,426,北投區,嗄嘮別,嗄嘮別,442-1
北投區,桃源,二,427,北投區,嗄嘮別,嗄嘮別,442-1
北投區,桃源,二,428,北投區,嗄嘮別,嗄嘮別,441-15
北投區,桃源,二,429,北投區,嗄嘮別,嗄嘮別,441-5
北投區,桃源,二,43,北投區,嗄嘮別,嗄嘮別,967-4
北投區,桃源,二,430,北投區,嗄嘮別,嗄嘮別,441-1
北投區,桃源,二,431,北投區,嗄嘮別,嗄嘮別,441-8
北投區,桃源,二,432,北投區,嗄嘮別,嗄嘮別,441-9
北投區,桃源,二,433,北投區,嗄嘮別,嗄嘮別,441-10
北投區,桃源,二,434,北投區,嗄嘮別,嗄嘮別,441-11
北投區,桃源,二,435,北投區,嗄嘮別,嗄嘮別,474
北投區,桃源,二,436,北投區,嗄嘮別,嗄嘮別,477-2
北投區,桃源,二,437,北投區,嗄嘮別,嗄嘮別,476-3
北投區,桃源,二,44,北投區,嗄嘮別,嗄嘮別,410-10
北投區,桃源,二,44-1,北投區,嗄嘮別,嗄嘮別,410-12
北投區,桃源,二,440,北投區,嗄嘮別,嗄嘮別,441-3
北投區,桃源,二,441,北投區,嗄嘮別,嗄嘮別,441-13
北投區,桃源,二,442,北投區,嗄嘮別,嗄嘮別,441-12
北投區,桃源,二,443,北投區,嗄嘮別,嗄嘮別,441
北投區,桃源,二,444,北投區,嗄嘮別,嗄嘮別,441-4
北投區,桃源,二,446,北投區,嗄嘮別,嗄嘮別,440-1
北投區,桃源,二,447,北投區,嗄嘮別,嗄嘮別,437
北投區,桃源,二,448,北投區,嗄嘮別,嗄嘮別,438-2
北投區,桃源,二,449,北投區,嗄嘮別,嗄嘮別,439
北投區,桃源,二,45,北投區,嗄嘮別,嗄嘮別,0-68
北投區,桃源,二,450,北投區,嗄嘮別,嗄嘮別,439-1
北投區,桃源,二,452,北投區,嗄嘮別,嗄嘮別,439-6
北投區,桃源,二,453,北投區,嗄嘮別,嗄嘮別,439-4
北投區,桃源,二,454,北投區,嗄嘮別,嗄嘮別,439-5
北投區,桃源,二,455,北投區,嗄嘮別,嗄嘮別,438
北投區,桃源,二,456,北投區,嗄嘮別,嗄嘮別,438-1
北投區,桃源,二,457,北投區,嗄嘮別,嗄嘮別,437-7
北投區,桃源,二,458,北投區,嗄嘮別,嗄嘮別,437-6
北投區,桃源,二,459,北投區,嗄嘮別,嗄嘮別,437-5
北投區,桃源,二,46,北投區,嗄嘮別,嗄嘮別,0-74
北投區,桃源,二,462,北投區,嗄嘮別,嗄嘮別,503-3
北投區,桃源,二,463,北投區,嗄嘮別,嗄嘮別,997-12
北投區,桃源,二,464,北投區,嗄嘮別,嗄嘮別,437-2
北投區,桃源,二,465,北投區,嗄嘮別,嗄嘮別,997
北投區,桃源,二,465-1,北投區,嗄嘮別,嗄嘮別,997-11
北投區,桃源,二,466,北投區,嗄嘮別,嗄嘮別,997-1
北投區,桃源,二,466-1,北投區,嗄嘮別,嗄嘮別,997-1
北投區,桃源,二,466-2,北投區,嗄嘮別,嗄嘮別,997-1
北投區,桃源,二,467,北投區,嗄嘮別,嗄嘮別,997-2
北投區,桃源,二,468,北投區,嗄嘮別,嗄嘮別,435-5
北投區,桃源,二,469,北投區,嗄嘮別,嗄嘮別,435-4
北投區,桃源,二,47,北投區,嗄嘮別,嗄嘮別,410-15
北投區,桃源,二,470,北投區,嗄嘮別,嗄嘮別,435-4
北投區,桃源,二,471,北投區,嗄嘮別,嗄嘮別,435-7
北投區,桃源,二,472,北投區,嗄嘮別,嗄嘮別,435-6
北投區,桃源,二,473,北投區,嗄嘮別,嗄嘮別,435-1
北投區,桃源,二,474,北投區,嗄嘮別,嗄嘮別,998
北投區,桃源,二,475,北投區,嗄嘮別,嗄嘮別,961-2
北投區,桃源,二,476,北投區,嗄嘮別,嗄嘮別,960-3
北投區,桃源,二,477,北投區,嗄嘮別,嗄嘮別,963-1
北投區,桃源,二,478,北投區,嗄嘮別,嗄嘮別,963-2
北投區,桃源,二,479,北投區,嗄嘮別,嗄嘮別,960-4
北投區,桃源,二,48-1,北投區,嗄嘮別,嗄嘮別,410-13
北投區,桃源,二,480,北投區,嗄嘮別,嗄嘮別,960-4
北投區,桃源,二,481,北投區,嗄嘮別,嗄嘮別,960-10
北投區,桃源,二,482,北投區,嗄嘮別,嗄嘮別,960-19
北投區,桃源,二,483,北投區,嗄嘮別,嗄嘮別,962-1
北投區,桃源,二,484,北投區,嗄嘮別,嗄嘮別,962-2
北投區,桃源,二,485,北投區,嗄嘮別,嗄嘮別,960-2
北投區,桃源,二,486,北投區,嗄嘮別,嗄嘮別,961-1
北投區,桃源,二,487,北投區,嗄嘮別,嗄嘮別,960-8
北投區,桃源,二,488,北投區,嗄嘮別,嗄嘮別,960-6
北投區,桃源,二,489,北投區,嗄嘮別,嗄嘮別,960
北投區,桃源,二,49,北投區,嗄嘮別,嗄嘮別,410-5
北投區,桃源,二,490,北投區,嗄嘮別,嗄嘮別,960-1
北投區,桃源,二,491,北投區,嗄嘮別,嗄嘮別,1002-1
北投區,桃源,二,492,北投區,嗄嘮別,嗄嘮別,999-10
北投區,桃源,二,493,北投區,嗄嘮別,嗄嘮別,999-6
北投區,桃源,二,494,北投區,嗄嘮別,嗄嘮別,999-7
北投區,桃源,二,495,北投區,嗄嘮別,嗄嘮別,999
北投區,桃源,二,496,北投區,嗄嘮別,嗄嘮別,999-5
北投區,桃源,二,497,北投區,嗄嘮別,嗄嘮別,999-4
北投區,桃源,二,498,北投區,嗄嘮別,嗄嘮別,999-3
北投區,桃源,二,499,北投區,嗄嘮別,嗄嘮別,999-2
北投區,桃源,二,5,北投區,嗄嘮別,嗄嘮別,397-15
北投區,桃源,二,50,北投區,嗄嘮別,嗄嘮別,967-1
北投區,桃源,二,500,北投區,嗄嘮別,嗄嘮別,999-8
北投區,桃源,二,501,北投區,嗄嘮別,嗄嘮別,1009-2
北投區,桃源,二,502,北投區,嗄嘮別,嗄嘮別,1002-3
北投區,桃源,二,503,北投區,嗄嘮別,嗄嘮別,1004
北投區,桃源,二,504,北投區,嗄嘮別,嗄嘮別,503
北投區,桃源,二,505,北投區,嗄嘮別,嗄嘮別,505-4
北投區,桃源,二,506,北投區,嗄嘮別,嗄嘮別,999-9
北投區,桃源,二,507,北投區,嗄嘮別,嗄嘮別,505-8
北投區,桃源,二,508,北投區,嗄嘮別,嗄嘮別,505-7
北投區,桃源,二,509,北投區,嗄嘮別,嗄嘮別,1001
北投區,桃源,二,51,北投區,嗄嘮別,嗄嘮別,409-8
北投區,桃源,二,510,北投區,嗄嘮別,嗄嘮別,1000
北投區,桃源,二,511,北投區,嗄嘮別,嗄嘮別,504
北投區,桃源,二,512,北投區,嗄嘮別,嗄嘮別,999-1
北投區,桃源,二,514,北投區,嗄嘮別,嗄嘮別,502
北投區,桃源,二,515,北投區,嗄嘮別,嗄嘮別,503-8
北投區,桃源,二,516,北投區,嗄嘮別,嗄嘮別,496-2
北投區,桃源,二,517,北投區,嗄嘮別,嗄嘮別,500-2
北投區,桃源,二,518,北投區,嗄嘮別,嗄嘮別,514-2
北投區,桃源,二,519,北投區,嗄嘮別,嗄嘮別,501-3
北投區,桃源,二,52,北投區,嗄嘮別,嗄嘮別,409-17
北投區,桃源,二,520,北投區,嗄嘮別,嗄嘮別,501
北投區,桃源,二,521,北投區,嗄嘮別,嗄嘮別,500-1
北投區,桃源,二,522,北投區,嗄嘮別,嗄嘮別,500
北投區,桃源,二,523,北投區,嗄嘮別,嗄嘮別,499-2
北投區,桃源,二,524,北投區,嗄嘮別,嗄嘮別,499-1
北投區,桃源,二,525,北投區,嗄嘮別,嗄嘮別,499
北投區,桃源,二,526,北投區,嗄嘮別,嗄嘮別,506
北投區,桃源,二,527,北投區,嗄嘮別,嗄嘮別,508-1
北投區,桃源,二,528,北投區,嗄嘮別,嗄嘮別,507
北投區,桃源,二,529,北投區,嗄嘮別,嗄嘮別,508
北投區,桃源,二,53,北投區,嗄嘮別,嗄嘮別,410-4
北投區,桃源,二,530,北投區,嗄嘮別,嗄嘮別,501-4
北投區,桃源,二,531,北投區,嗄嘮別,嗄嘮別,501-2
北投區,桃源,二,532,北投區,嗄嘮別,嗄嘮別,501-5
北投區,桃源,二,533,北投區,嗄嘮別,嗄嘮別,509
北投區,桃源,二,534,北投區,嗄嘮別,嗄嘮別,501-7
北投區,桃源,二,535,北投區,嗄嘮別,嗄嘮別,501-6
北投區,桃源,二,536,北投區,嗄嘮別,嗄嘮別,501-1
北投區,桃源,二,537,北投區,嗄嘮別,嗄嘮別,1005-1
北投區,桃源,二,538,北投區,嗄嘮別,嗄嘮別,505-3
北投區,桃源,二,539,北投區,嗄嘮別,嗄嘮別,505-6
北投區,桃源,二,54,北投區,嗄嘮別,嗄嘮別,967-2
北投區,桃源,二,540,北投區,嗄嘮別,嗄嘮別,505-9
北投區,桃源,二,541,北投區,嗄嘮別,嗄嘮別,505-10
北投區,桃源,二,542,北投區,嗄嘮別,嗄嘮別,1005
北投區,桃源,二,544,北投區,嗄嘮別,嗄嘮別,510
北投區,桃源,二,545,北投區,嗄嘮別,嗄嘮別,1007
北投區,桃源,二,546,北投區,嗄嘮別,嗄嘮別,1006
北投區,桃源,二,547,北投區,嗄嘮別,嗄嘮別,1004-2
北投區,桃源,二,548,北投區,嗄嘮別,嗄嘮別,1004-1
北投區,桃源,二,549,北投區,嗄嘮別,嗄嘮別,1006-1
北投區,桃源,二,55,北投區,嗄嘮別,嗄嘮別,410-11
北投區,桃源,二,550,北投區,嗄嘮別,嗄嘮別,1003-1
北投區,桃源,二,551,北投區,嗄嘮別,嗄嘮別,1009-1
北投區,桃源,二,552,北投區,嗄嘮別,嗄嘮別,1008-1
北投區,桃源,二,553,北投區,嗄嘮別,嗄嘮別,1008
北投區,桃源,二,554,北投區,嗄嘮別,嗄嘮別,1011
北投區,桃源,二,555,北投區,嗄嘮別,嗄嘮別,1011-1
北投區,桃源,二,556,北投區,嗄嘮別,嗄嘮別,1010-1
北投區,桃源,二,557,北投區,嗄嘮別,嗄嘮別,1012-2
北投區,桃源,二,558,北投區,嗄嘮別,嗄嘮別,1013-1
北投區,桃源,二,558-1,北投區,嗄嘮別,嗄嘮別,1014-1
北投區,桃源,二,559,北投區,嗄嘮別,嗄嘮別,1012-1
北投區,桃源,二,56,北投區,嗄嘮別,嗄嘮別,410-38
北投區,桃源,二,560,北投區,嗄嘮別,嗄嘮別,1015-1
北投區,桃源,二,561,北投區,嗄嘮別,嗄嘮別,1014-2
北投區,桃源,二,561-1,北投區,嗄嘮別,嗄嘮別,1018-2
北投區,桃源,二,562,北投區,嗄嘮別,嗄嘮別,1018-1
北投區,桃源,二,563,北投區,嗄嘮別,嗄嘮別,1019
北投區,桃源,二,564,北投區,嗄嘮別,嗄嘮別,511-5
北投區,桃源,二,565,北投區,嗄嘮別,嗄嘮別,511-11
北投區,桃源,二,566,北投區,嗄嘮別,嗄嘮別,1020
北投區,桃源,二,567,北投區,嗄嘮別,嗄嘮別,511-3
北投區,桃源,二,568,北投區,嗄嘮別,嗄嘮別,1021
北投區,桃源,二,569,北投區,嗄嘮別,嗄嘮別,511-2
北投區,桃源,二,57,北投區,嗄嘮別,嗄嘮別,410-39
北投區,桃源,二,570,北投區,嗄嘮別,嗄嘮別,511-1
北投區,桃源,二,571,北投區,嗄嘮別,嗄嘮別,1022
北投區,桃源,二,572,北投區,嗄嘮別,嗄嘮別,511-6
北投區,桃源,二,573,北投區,嗄嘮別,嗄嘮別,1023
北投區,桃源,二,574,北投區,嗄嘮別,嗄嘮別,511-7
北投區,桃源,二,575,北投區,嗄嘮別,嗄嘮別,511-8
北投區,桃源,二,576,北投區,嗄嘮別,嗄嘮別,511-12
北投區,桃源,二,577,北投區,嗄嘮別,嗄嘮別,511-13
北投區,桃源,二,578,北投區,嗄嘮別,嗄嘮別,511-9
北投區,桃源,二,579,北投區,嗄嘮別,嗄嘮別,1025
北投區,桃源,二,58,北投區,嗄嘮別,嗄嘮別,974
北投區,桃源,二,580,北投區,嗄嘮別,嗄嘮別,1025
北投區,桃源,二,581,北投區,嗄嘮別,嗄嘮別,1024
北投區,桃源,二,582,北投區,嗄嘮別,嗄嘮別,512-6
北投區,桃源,二,583,北投區,嗄嘮別,嗄嘮別,512-3
北投區,桃源,二,584,北投區,嗄嘮別,嗄嘮別,512-5
北投區,桃源,二,585,北投區,嗄嘮別,嗄嘮別,1023-1
北投區,桃源,二,586,北投區,嗄嘮別,嗄嘮別,1023-2
北投區,桃源,二,587,北投區,嗄嘮別,嗄嘮別,511
北投區,桃源,二,588,北投區,嗄嘮別,嗄嘮別,512-2
北投區,桃源,二,589,北投區,嗄嘮別,嗄嘮別,1027
北投區,桃源,二,59,北投區,嗄嘮別,嗄嘮別,974-1
北投區,桃源,二,590,北投區,嗄嘮別,嗄嘮別,1028
北投區,桃源,二,591,北投區,嗄嘮別,嗄嘮別,512-13
北投區,桃源,二,592,北投區,嗄嘮別,嗄嘮別,513-14
北投區,桃源,二,593,北投區,嗄嘮別,嗄嘮別,513-12
北投區,桃源,二,594,北投區,嗄嘮別,嗄嘮別,513-11
北投區,桃源,二,595,北投區,嗄嘮別,嗄嘮別,1031
北投區,桃源,二,596,北投區,嗄嘮別,嗄嘮別,513-3
北投區,桃源,二,597,北投區,嗄嘮別,嗄嘮別,1032
北投區,桃源,二,598,北投區,嗄嘮別,嗄嘮別,1030
北投區,桃源,二,599,北投區,嗄嘮別,嗄嘮別,1029
北投區,桃源,二,60,北投區,嗄嘮別,嗄嘮別,967-1
北投區,桃源,二,60-1,北投區,嗄嘮別,嗄嘮別,967-1
北投區,桃源,二,600,北投區,嗄嘮別,嗄嘮別,512
北投區,桃源,二,600-1,北投區,嗄嘮別,嗄嘮別,513-10
北投區,桃源,二,601,北投區,嗄嘮別,嗄嘮別,513-7
北投區,桃源,二,602,北投區,嗄嘮別,嗄嘮別,513-8
北投區,桃源,二,603,北投區,嗄嘮別,嗄嘮別,513
北投區,桃源,二,604,北投區,嗄嘮別,嗄嘮別,513-6
北投區,桃源,二,605,北投區,嗄嘮別,嗄嘮別,513-5
北投區,桃源,二,606,北投區,嗄嘮別,嗄嘮別,513-4
北投區,桃源,二,606-1,北投區,嗄嘮別,嗄嘮別,513-2
北投區,桃源,二,607,北投區,嗄嘮別,嗄嘮別,513-23
北投區,桃源,二,608,北投區,嗄嘮別,嗄嘮別,513-22
北投區,桃源,二,609,北投區,嗄嘮別,嗄嘮別,514-1
北投區,桃源,二,61,北投區,嗄嘮別,嗄嘮別,967-1
北投區,桃源,二,610,北投區,嗄嘮別,嗄嘮別,513-1
北投區,桃源,二,611,北投區,嗄嘮別,嗄嘮別,1033
北投區,桃源,二,611-1,北投區,嗄嘮別,嗄嘮別,1034
北投區,桃源,二,612,北投區,嗄嘮別,嗄嘮別,1037
北投區,桃源,二,613,北投區,嗄嘮別,嗄嘮別,1039
北投區,桃源,二,614,北投區,嗄嘮別,嗄嘮別,517-4
北投區,桃源,二,615,北投區,嗄嘮別,嗄嘮別,517-43
北投區,桃源,二,616,北投區,嗄嘮別,嗄嘮別,1039-2
北投區,桃源,二,617,北投區,嗄嘮別,嗄嘮別,1042
北投區,桃源,二,618,北投區,嗄嘮別,嗄嘮別,1044-1
北投區,桃源,二,619,北投區,嗄嘮別,嗄嘮別,1043
北投區,桃源,二,62,北投區,嗄嘮別,嗄嘮別,970-2
北投區,桃源,二,620,北投區,嗄嘮別,嗄嘮別,517-6
北投區,桃源,二,621,北投區,嗄嘮別,嗄嘮別,1038
北投區,桃源,二,622,北投區,嗄嘮別,嗄嘮別,513-15
北投區,桃源,二,623,北投區,嗄嘮別,嗄嘮別,513-16
北投區,桃源,二,624,北投區,嗄嘮別,嗄嘮別,1054
北投區,桃源,二,625,北投區,嗄嘮別,嗄嘮別,1054-21
北投區,桃源,二,626,北投區,嗄嘮別,嗄嘮別,1050-3
北投區,桃源,二,627,北投區,嗄嘮別,嗄嘮別,517-28
北投區,桃源,二,628,北投區,嗄嘮別,嗄嘮別,517-8
北投區,桃源,二,629,北投區,嗄嘮別,嗄嘮別,517-33
北投區,桃源,二,63,北投區,嗄嘮別,嗄嘮別,973-1
北投區,桃源,二,630,北投區,嗄嘮別,嗄嘮別,517-38
北投區,桃源,二,631,北投區,嗄嘮別,嗄嘮別,1055-26
北投區,桃源,二,632,北投區,嗄嘮別,嗄嘮別,560
北投區,桃源,二,633,北投區,嗄嘮別,嗄嘮別,1055-5800
北投區,桃源,二,634,北投區,嗄嘮別,嗄嘮別,561
北投區,桃源,二,634-1,北投區,嗄嘮別,嗄嘮別,1055-57
北投區,桃源,二,634-2,北投區,嗄嘮別,嗄嘮別,561-3
北投區,桃源,二,635,北投區,嗄嘮別,嗄嘮別,561-1
北投區,桃源,二,636,北投區,嗄嘮別,嗄嘮別,560-1
北投區,桃源,二,637,北投區,嗄嘮別,嗄嘮別,563-1
北投區,桃源,二,638,北投區,嗄嘮別,嗄嘮別,563
北投區,桃源,二,639,北投區,嗄嘮別,嗄嘮別,562
北投區,桃源,二,64,北投區,嗄嘮別,嗄嘮別,972-1
北投區,桃源,二,640,北投區,嗄嘮別,嗄嘮別,562-1
北投區,桃源,二,641,北投區,嗄嘮別,嗄嘮別,564-2
北投區,桃源,二,642,北投區,嗄嘮別,嗄嘮別,564
北投區,桃源,二,643,北投區,嗄嘮別,嗄嘮別,1056
北投區,桃源,二,644,北投區,嗄嘮別,嗄嘮別,1057
北投區,桃源,二,645,北投區,嗄嘮別,嗄嘮別,1058-1
北投區,桃源,二,646,北投區,嗄嘮別,嗄嘮別,565-3
北投區,桃源,二,647,北投區,嗄嘮別,嗄嘮別,565-2
北投區,桃源,二,648,北投區,嗄嘮別,嗄嘮別,565-4
北投區,桃源,二,649,北投區,嗄嘮別,嗄嘮別,565-7
北投區,桃源,二,65,北投區,嗄嘮別,嗄嘮別,975-1
北投區,桃源,二,650,北投區,嗄嘮別,嗄嘮別,565-5
北投區,桃源,二,651,北投區,嗄嘮別,嗄嘮別,565-6
北投區,桃源,二,652,北投區,嗄嘮別,嗄嘮別,565-8
北投區,桃源,二,653,北投區,嗄嘮別,嗄嘮別,565-10
北投區,桃源,二,654,北投區,嗄嘮別,嗄嘮別,565-9
北投區,桃源,二,655,北投區,嗄嘮別,嗄嘮別,565
北投區,桃源,二,656,北投區,嗄嘮別,嗄嘮別,565-22
北投區,桃源,二,657,北投區,嗄嘮別,嗄嘮別,565-25
北投區,桃源,二,657-1,北投區,嗄嘮別,嗄嘮別,565-29
北投區,桃源,二,658,北投區,嗄嘮別,嗄嘮別,1055-3
北投區,桃源,二,659,北投區,嗄嘮別,嗄嘮別,570
北投區,桃源,二,66,北投區,嗄嘮別,嗄嘮別,975-2
北投區,桃源,二,660,北投區,嗄嘮別,嗄嘮別,569
北投區,桃源,二,67,北投區,嗄嘮別,嗄嘮別,975
北投區,桃源,二,68,北投區,嗄嘮別,嗄嘮別,975-3
北投區,桃源,二,69,北投區,嗄嘮別,嗄嘮別,977-2
北投區,桃源,二,7,北投區,嗄嘮別,嗄嘮別,397-12
北投區,桃源,二,70,北投區,嗄嘮別,嗄嘮別,976-4
北投區,桃源,二,71,北投區,嗄嘮別,嗄嘮別,976-3
北投區,桃源,二,73,北投區,嗄嘮別,嗄嘮別,976-2
北投區,桃源,二,74,北投區,嗄嘮別,嗄嘮別,976-1
北投區,桃源,二,75,北投區,嗄嘮別,嗄嘮別,970-3
北投區,桃源,二,76,北投區,嗄嘮別,嗄嘮別,971-2
北投區,桃源,二,77,北投區,嗄嘮別,嗄嘮別,971-1
北投區,桃源,二,78,北投區,嗄嘮別,嗄嘮別,985-1
北投區,桃源,二,79,北投區,嗄嘮別,嗄嘮別,985-3
北投區,桃源,二,8,北投區,嗄嘮別,嗄嘮別,397-12
北投區,桃源,二,81,北投區,嗄嘮別,嗄嘮別,985-4
北投區,桃源,二,84,北投區,嗄嘮別,嗄嘮別,986-1
北投區,桃源,二,85,北投區,嗄嘮別,嗄嘮別,422-33
北投區,桃源,二,86,北投區,嗄嘮別,嗄嘮別,422-56
北投區,桃源,二,89,北投區,嗄嘮別,嗄嘮別,422-54
北投區,桃源,二,9,北投區,嗄嘮別,嗄嘮別,397-10
北投區,桃源,二,90,北投區,嗄嘮別,嗄嘮別,422-53
北投區,桃源,二,93,北投區,嗄嘮別,嗄嘮別,422-52
北投區,桃源,二,94,北投區,嗄嘮別,嗄嘮別,422-42
北投區,桃源,二,95,北投區,嗄嘮別,嗄嘮別,970-4
北投區,桃源,二,96,北投區,嗄嘮別,嗄嘮別,960-16
北投區,桃源,二,97,北投區,嗄嘮別,嗄嘮別,960-17
北投區,桃源,二,98,北投區,嗄嘮別,嗄嘮別,960-5
北投區,桃源,二,99,北投區,嗄嘮別,嗄嘮別,422-58
北投區,洲美,一,1,北投區,洲尾,,370-12
北投區,洲美,一,10,北投區,洲尾,,379
北投區,洲美,一,11,北投區,洲尾,,380
北投區,洲美,一,118,北投區,洲尾,,448-3
北投區,洲美,一,12,北投區,洲尾,,380-1
北投區,洲美,一,13,北投區,洲尾,,370-4
北投區,洲美,一,142,北投區,洲尾,,423-10
北投區,洲美,一,15,北投區,洲尾,,370-5
北投區,洲美,一,155,北投區,洲尾,,518-2
北投區,洲美,一,156,北投區,洲尾,,518-3
北投區,洲美,一,16,北投區,洲尾,,366-1
北投區,洲美,一,17,北投區,洲尾,,382-1
北投區,洲美,一,18,北投區,洲尾,,380-3
北投區,洲美,一,180,北投區,洲尾,,423-9
北投區,洲美,一,185,北投區,洲尾,,356-1
北投區,洲美,一,186,北投區,洲尾,,356-2
北投區,洲美,一,2,北投區,洲尾,,370-11
北投區,洲美,一,20,北投區,洲尾,,381
北投區,洲美,一,21,北投區,洲尾,,382
北投區,洲美,一,22,北投區,洲尾,,378-1
北投區,洲美,一,23,北投區,洲尾,,378-2
北投區,洲美,一,24,北投區,洲尾,,383
北投區,洲美,一,25,北投區,洲尾,,383-1
北投區,洲美,一,257,北投區,洲尾,,453
北投區,洲美,一,26,北投區,洲尾,,384
北投區,洲美,一,264,北投區,洲尾,,341-3
北投區,洲美,一,27,北投區,洲尾,,387
北投區,洲美,一,28,北投區,洲尾,,385
北投區,洲美,一,29,北投區,洲尾,,388-1
北投區,洲美,一,3,北投區,洲尾,,373
北投區,洲美,一,30,北投區,洲尾,,389
北投區,洲美,一,31,北投區,洲尾,,388
北投區,洲美,一,32,北投區,洲尾,,385-1
北投區,洲美,一,33,北投區,洲尾,,385-2
北投區,洲美,一,34,北投區,洲尾,,385-3
北投區,洲美,一,35,北投區,洲尾,,419
北投區,洲美,一,36,北投區,洲尾,,385-4
北投區,洲美,一,366,北投區,洲尾,,362
北投區,洲美,一,368,北投區,洲尾,,363-1
北投區,洲美,一,37,北投區,洲尾,,420
北投區,洲美,一,370,北投區,洲尾,,364
北投區,洲美,一,371,北投區,洲尾,,365-1
北投區,洲美,一,372,北投區,洲尾,,365
北投區,洲美,一,373,北投區,洲尾,,366
北投區,洲美,一,374,北投區,洲尾,,367-1
北投區,洲美,一,375,北投區,洲尾,,367
北投區,洲美,一,377,北投區,洲尾,,368
北投區,洲美,一,378,北投區,洲尾,,368-1
北投區,洲美,一,379,北投區,洲尾,,170-2
北投區,洲美,一,380,北投區,洲尾,,313
北投區,洲美,一,381,北投區,洲尾,,314
北投區,洲美,一,382,北投區,洲尾,,312
北投區,洲美,一,383,北投區,洲尾,,311
北投區,洲美,一,386,北投區,洲尾,,309-1
北投區,洲美,一,39,北投區,洲尾,,418
北投區,洲美,一,399,北投區,洲尾,,319-1
北投區,洲美,一,4,北投區,洲尾,,370-10
北投區,洲美,一,40,北投區,洲尾,,385-5
北投區,洲美,一,41,北投區,洲尾,,391
北投區,洲美,一,42,北投區,洲尾,,392
北投區,洲美,一,424,北投區,洲尾,,204-2
北投區,洲美,一,480,北投區,洲尾,,256-1
北投區,洲美,一,482,北投區,洲尾,,256-4
北投區,洲美,一,5,北投區,洲尾,,374
北投區,洲美,一,6,北投區,洲尾,,375
北投區,洲美,一,7,北投區,洲尾,,376
北投區,洲美,一,8,北投區,洲尾,,377
北投區,洲美,一,9,北投區,洲尾,,378
北投區,洲美,二,1,北投區,洲尾,,140-1
北投區,洲美,二,10,北投區,洲尾,,140-3
北投區,洲美,二,100,北投區,洲尾,,89
北投區,洲美,二,101,北投區,洲尾,,56
北投區,洲美,二,103,北投區,洲尾,,91
北投區,洲美,二,104,北投區,洲尾,,57-9
北投區,洲美,二,104-1,北投區,洲尾,,57-7
北投區,洲美,二,105,北投區,洲尾,,57-8
北投區,洲美,二,106,北投區,洲尾,,57-10
北投區,洲美,二,107,北投區,洲尾,,57-11
北投區,洲美,二,108,北投區,洲尾,,57-5
北投區,洲美,二,109,北投區,洲尾,,57-6
北投區,洲美,二,11,北投區,洲尾,,141
北投區,洲美,二,112,北投區,洲尾,,54-2
北投區,洲美,二,119,北投區,洲尾,,52
北投區,洲美,二,12,北投區,洲尾,,137
北投區,洲美,二,120,北投區,洲尾,,52-1
北投區,洲美,二,121,北投區,洲尾,,51
北投區,洲美,二,122,北投區,洲尾,,50
北投區,洲美,二,123,北投區,洲尾,,49
北投區,洲美,二,124,北投區,洲尾,,48
北投區,洲美,二,125,北投區,洲尾,,47-1
北投區,洲美,二,126,北投區,洲尾,,47
北投區,洲美,二,127,北投區,洲尾,,46
北投區,洲美,二,128,北投區,洲尾,,45-1
北投區,洲美,二,129,北投區,洲尾,,45
北投區,洲美,二,13,北投區,洲尾,,136
北投區,洲美,二,130,北投區,洲尾,,44
北投區,洲美,二,131,北投區,洲尾,,68-4
北投區,洲美,二,132,北投區,洲尾,,68-3
北投區,洲美,二,133,北投區,洲尾,,68
北投區,洲美,二,14,北投區,洲尾,,135
北投區,洲美,二,144,北投區,洲尾,,77-1
北投區,洲美,二,145,北投區,洲尾,,77-2
北投區,洲美,二,146,北投區,洲尾,,70-1
北投區,洲美,二,148,北投區,洲尾,,69
北投區,洲美,二,149,北投區,洲尾,,69-2
北投區,洲美,二,15,北投區,洲尾,,130
北投區,洲美,二,150,北投區,洲尾,,68-1
北投區,洲美,二,152,北投區,洲尾,,32
北投區,洲美,二,153,北投區,洲尾,,32-3
北投區,洲美,二,154,北投區,洲尾,,32-2
北投區,洲美,二,155,北投區,洲尾,,32-4
北投區,洲美,二,156,北投區,洲尾,,8-9
北投區,洲美,二,157,北投區,洲尾,,8-7
北投區,洲美,二,158,北投區,洲尾,,8-1
北投區,洲美,二,159,北投區,洲尾,,8
北投區,洲美,二,16,北投區,洲尾,,129
北投區,洲美,二,160,北投區,洲尾,,8-6
北投區,洲美,二,161,北投區,洲尾,,8-4
北投區,洲美,二,162,北投區,洲尾,,13-3
北投區,洲美,二,163,北投區,洲尾,,8-5
北投區,洲美,二,164,北投區,洲尾,,8-3
北投區,洲美,二,165,北投區,洲尾,,8-8
北投區,洲美,二,166,北投區,洲尾,,3-2
北投區,洲美,二,167,北投區,洲尾,,7
北投區,洲美,二,168,北投區,洲尾,,6
北投區,洲美,二,169,北投區,洲尾,,9
北投區,洲美,二,17,北投區,洲尾,,149
北投區,洲美,二,170,北投區,洲尾,,9-3
北投區,洲美,二,171,北投區,洲尾,,9-2
北投區,洲美,二,172,北投區,洲尾,,5
北投區,洲美,二,173,北投區,洲尾,,4
北投區,洲美,二,174,北投區,洲尾,,3
北投區,洲美,二,175,北投區,洲尾,,10
北投區,洲美,二,176,北投區,洲尾,,10-3
北投區,洲美,二,177,北投區,洲尾,,10-2
北投區,洲美,二,178,北投區,洲尾,,11-1
北投區,洲美,二,179,北投區,洲尾,,11
北投區,洲美,二,18,北投區,洲尾,,148
北投區,洲美,二,180,北投區,洲尾,,12
北投區,洲美,二,181,北投區,洲尾,,2
北投區,洲美,二,182,北投區,洲尾,,3-1
北投區,洲美,二,184,北投區,洲尾,,1
北投區,洲美,二,185,北投區,洲尾,,14
北投區,洲美,二,186,北投區,洲尾,,15
北投區,洲美,二,188,北投區,洲尾,,17-1
北投區,洲美,二,189,北投區,洲尾,,16
北投區,洲美,二,19,北投區,洲尾,,147
北投區,洲美,二,190,北投區,洲尾,,18-3
北投區,洲美,二,191,北投區,洲尾,,17
北投區,洲美,二,192,北投區,洲尾,,18
北投區,洲美,二,193,北投區,洲尾,,18-2
北投區,洲美,二,194,北投區,洲尾,,13
北投區,洲美,二,195,北投區,洲尾,,13-2
北投區,洲美,二,196,北投區,洲尾,,23-1
北投區,洲美,二,199,北投區,洲尾,,34-1
北投區,洲美,二,2,北投區,洲尾,,140
北投區,洲美,二,20,北投區,洲尾,,147-1
北投區,洲美,二,200,北投區,洲尾,,49-1
北投區,洲美,二,202,北投區,洲尾,,231-3
北投區,洲美,二,203,北投區,洲尾,,230
北投區,洲美,二,204,北投區,洲尾,,231-1
北投區,洲美,二,205,北投區,洲尾,,234-2
北投區,洲美,二,206,北投區,洲尾,,235-3
北投區,洲美,二,207,北投區,洲尾,,241-7
北投區,洲美,二,208,北投區,洲尾,,235-2
北投區,洲美,二,209,北投區,洲尾,,234-1
北投區,洲美,二,21,北投區,洲尾,,142
北投區,洲美,二,210,北投區,洲尾,,231
北投區,洲美,二,211,北投區,洲尾,,232-2
北投區,洲美,二,214,北投區,洲尾,,57-15
北投區,洲美,二,215,北投區,洲尾,,57-16
北投區,洲美,二,216,北投區,洲尾,,57-12
北投區,洲美,二,217,北投區,洲尾,,53-1
北投區,洲美,二,218,北投區,洲尾,,53-8
北投區,洲美,二,219,北投區,洲尾,,53-10
北投區,洲美,二,22,北投區,洲尾,,140-4
北投區,洲美,二,228,北投區,洲尾,,235
北投區,洲美,二,229,北投區,洲尾,,229-2
北投區,洲美,二,23,北投區,洲尾,,140-5
北投區,洲美,二,230,北投區,洲尾,,226
北投區,洲美,二,231,北投區,洲尾,,227
北投區,洲美,二,232,北投區,洲尾,,57-14
北投區,洲美,二,233,北投區,洲尾,,57-13
北投區,洲美,二,234,北投區,洲尾,,98
北投區,洲美,二,235,北投區,洲尾,,98-1
北投區,洲美,二,236,北投區,洲尾,,98-2
北投區,洲美,二,237,北投區,洲尾,,97-2
北投區,洲美,二,238,北投區,洲尾,,97-1
北投區,洲美,二,239,北投區,洲尾,,97
北投區,洲美,二,24,北投區,洲尾,,370-8
北投區,洲美,二,240,北投區,洲尾,,92
北投區,洲美,二,241,北投區,洲尾,,94-2
北投區,洲美,二,242,北投區,洲尾,,94-3
北投區,洲美,二,243,北投區,洲尾,,94-1
北投區,洲美,二,245,北投區,洲尾,,94
北投區,洲美,二,246,北投區,洲尾,,95
北投區,洲美,二,247,北投區,洲尾,,95-1
北投區,洲美,二,248,北投區,洲尾,,95-2
北投區,洲美,二,249,北投區,洲尾,,95-3
北投區,洲美,二,25,北投區,洲尾,,370-7
北投區,洲美,二,250,北投區,洲尾,,96
北投區,洲美,二,251,北投區,洲尾,,96-2
北投區,洲美,二,253,北投區,洲尾,,102
北投區,洲美,二,254,北投區,洲尾,,103
北投區,洲美,二,255,北投區,洲尾,,81-8
北投區,洲美,二,256,北投區,洲尾,,116
北投區,洲美,二,257,北投區,洲尾,,118
北投區,洲美,二,258,北投區,洲尾,,119
北投區,洲美,二,259,北投區,洲尾,,120-1
北投區,洲美,二,26,北投區,洲尾,,143
北投區,洲美,二,260,北投區,洲尾,,120-3
北投區,洲美,二,261,北投區,洲尾,,120-2
北投區,洲美,二,262,北投區,洲尾,,120
北投區,洲美,二,263,北投區,洲尾,,122
北投區,洲美,二,264,北投區,洲尾,,105
北投區,洲美,二,265,北投區,洲尾,,104
北投區,洲美,二,266,北投區,洲尾,,124
北投區,洲美,二,267,北投區,洲尾,,123
北投區,洲美,二,268,北投區,洲尾,,129-1
北投區,洲美,二,269,北投區,洲尾,,129-2
北投區,洲美,二,27,北投區,洲尾,,146
北投區,洲美,二,270,北投區,洲尾,,125
北投區,洲美,二,271,北投區,洲尾,,125-1
北投區,洲美,二,272,北投區,洲尾,,128-2
北投區,洲美,二,273,北投區,洲尾,,128
北投區,洲美,二,274,北投區,洲尾,,128-1
北投區,洲美,二,275,北投區,洲尾,,127-2
北投區,洲美,二,276,北投區,洲尾,,127-1
北投區,洲美,二,277,北投區,洲尾,,126-1
北投區,洲美,二,278,北投區,洲尾,,126
北投區,洲美,二,279,北投區,洲尾,,101
北投區,洲美,二,28,北投區,洲尾,,145
北投區,洲美,二,280,北投區,洲尾,,100
北投區,洲美,二,281,北投區,洲尾,,99
北投區,洲美,二,282,北投區,洲尾,,99-1
北投區,洲美,二,283,北投區,洲尾,,127
北投區,洲美,二,284,北投區,洲尾,,152
北投區,洲美,二,285,北投區,洲尾,,151-1
北投區,洲美,二,286,北投區,洲尾,,151
北投區,洲美,二,287,北投區,洲尾,,150-2
北投區,洲美,二,288,北投區,洲尾,,150-1
北投區,洲美,二,289,北投區,洲尾,,150
北投區,洲美,二,29,北投區,洲尾,,144
北投區,洲美,二,290,北投區,洲尾,,129-4
北投區,洲美,二,291,北投區,洲尾,,129-6
北投區,洲美,二,292,北投區,洲尾,,170
北投區,洲美,二,293,北投區,洲尾,,170-1
北投區,洲美,二,294,北投區,洲尾,,169
北投區,洲美,二,295,北投區,洲尾,,168
北投區,洲美,二,296,北投區,洲尾,,167
北投區,洲美,二,297,北投區,洲尾,,166
北投區,洲美,二,298,北投區,洲尾,,165
北投區,洲美,二,299,北投區,洲尾,,164
北投區,洲美,二,3,北投區,洲尾,,139
北投區,洲美,二,30,北投區,洲尾,,371
北投區,洲美,二,300,北投區,洲尾,,162-1
北投區,洲美,二,301,北投區,洲尾,,162
北投區,洲美,二,302,北投區,洲尾,,163
北投區,洲美,二,303,北投區,洲尾,,161
北投區,洲美,二,304,北投區,洲尾,,160
北投區,洲美,二,305,北投區,洲尾,,159-1
北投區,洲美,二,306,北投區,洲尾,,99-9
北投區,洲美,二,307,北投區,洲尾,,159
北投區,洲美,二,308,北投區,洲尾,,158
北投區,洲美,二,309,北投區,洲尾,,157
北投區,洲美,二,31,北投區,洲尾,,370-6
北投區,洲美,二,310,北投區,洲尾,,156
北投區,洲美,二,311,北投區,洲尾,,155-2
北投區,洲美,二,312,北投區,洲尾,,154-2
北投區,洲美,二,313,北投區,洲尾,,154-1
北投區,洲美,二,314,北投區,洲尾,,155-1
北投區,洲美,二,315,北投區,洲尾,,155
北投區,洲美,二,316,北投區,洲尾,,154
北投區,洲美,二,317,北投區,洲尾,,153
北投區,洲美,二,318,北投區,洲尾,,99-4
北投區,洲美,二,319,北投區,洲尾,,220
北投區,洲美,二,32,北投區,洲尾,,370-9
北投區,洲美,二,320,北投區,洲尾,,221
北投區,洲美,二,321,北投區,洲尾,,222
北投區,洲美,二,322,北投區,洲尾,,223
北投區,洲美,二,323,北投區,洲尾,,219
北投區,洲美,二,324,北投區,洲尾,,218
北投區,洲美,二,325,北投區,洲尾,,217
北投區,洲美,二,326,北投區,洲尾,,216-2
北投區,洲美,二,327,北投區,洲尾,,216-1
北投區,洲美,二,328,北投區,洲尾,,216
北投區,洲美,二,33,北投區,洲尾,,370-3
北投區,洲美,二,332,北投區,洲尾,,215-2
北投區,洲美,二,333,北投區,洲尾,,215-1
北投區,洲美,二,334,北投區,洲尾,,215
北投區,洲美,二,335,北投區,洲尾,,99-5
北投區,洲美,二,336,北投區,洲尾,,187
北投區,洲美,二,337,北投區,洲尾,,186
北投區,洲美,二,338,北投區,洲尾,,186-1
北投區,洲美,二,339,北投區,洲尾,,185
北投區,洲美,二,34,北投區,洲尾,,369
北投區,洲美,二,340,北投區,洲尾,,184
北投區,洲美,二,341,北投區,洲尾,,183
北投區,洲美,二,342,北投區,洲尾,,182
北投區,洲美,二,343,北投區,洲尾,,181
北投區,洲美,二,344,北投區,洲尾,,179
北投區,洲美,二,345,北投區,洲尾,,180
北投區,洲美,二,346,北投區,洲尾,,177
北投區,洲美,二,347,北投區,洲尾,,174
北投區,洲美,二,348,北投區,洲尾,,173
北投區,洲美,二,349,北投區,洲尾,,172
北投區,洲美,二,35,北投區,洲尾,,370-2
北投區,洲美,二,350,北投區,洲尾,,171
北投區,洲美,二,351,北投區,洲尾,,200
北投區,洲美,二,352,北投區,洲尾,,201
北投區,洲美,二,353,北投區,洲尾,,200-1
北投區,洲美,二,354,北投區,洲尾,,199
北投區,洲美,二,355,北投區,洲尾,,198-1
北投區,洲美,二,356,北投區,洲尾,,198
北投區,洲美,二,357,北投區,洲尾,,197-3
北投區,洲美,二,358,北投區,洲尾,,197-2
北投區,洲美,二,359,北投區,洲尾,,197-1
北投區,洲美,二,36,北投區,洲尾,,370-1
北投區,洲美,二,360,北投區,洲尾,,197
北投區,洲美,二,361,北投區,洲尾,,195
北投區,洲美,二,362,北投區,洲尾,,194
北投區,洲美,二,363,北投區,洲尾,,193
北投區,洲美,二,364,北投區,洲尾,,191
北投區,洲美,二,365,北投區,洲尾,,189-1
北投區,洲美,二,366,北投區,洲尾,,190-1
北投區,洲美,二,367,北投區,洲尾,,190
北投區,洲美,二,368,北投區,洲尾,,189
北投區,洲美,二,369,北投區,洲尾,,188
北投區,洲美,二,37,北投區,洲尾,,370
北投區,洲美,二,370,北投區,洲尾,,99-8
北投區,洲美,二,371,北投區,洲尾,,99-7
北投區,洲美,二,372,北投區,洲尾,,99-2
北投區,洲美,二,373,北投區,洲尾,,214-2
北投區,洲美,二,374,北投區,洲尾,,214-1
北投區,洲美,二,375,北投區,洲尾,,214
北投區,洲美,二,376,北投區,洲尾,,99-3
北投區,洲美,二,377,北投區,洲尾,,224
北投區,洲美,二,378,北投區,洲尾,,225
北投區,洲美,二,379,北投區,洲尾,,232
北投區,洲美,二,38,北投區,洲尾,,146-1
北投區,洲美,二,380,北投區,洲尾,,233-1
北投區,洲美,二,381,北投區,洲尾,,234
北投區,洲美,二,382,北投區,洲尾,,233
北投區,洲美,二,383,北投區,洲尾,,236
北投區,洲美,二,384,北投區,洲尾,,237
北投區,洲美,二,385,北投區,洲尾,,238-4
北投區,洲美,二,386,北投區,洲尾,,237-1
北投區,洲美,二,387,北投區,洲尾,,238-5
北投區,洲美,二,388,北投區,洲尾,,238-6
北投區,洲美,二,389,北投區,洲尾,,238-8
北投區,洲美,二,39,北投區,洲尾,,146-2
北投區,洲美,二,390,北投區,洲尾,,241-6
北投區,洲美,二,391,北投區,洲尾,,241-11
北投區,洲美,二,392,北投區,洲尾,,241-13
北投區,洲美,二,393,北投區,洲尾,,241-3
北投區,洲美,二,394,北投區,洲尾,,241-2
北投區,洲美,二,395,北投區,洲尾,,242-7
北投區,洲美,二,396,北投區,洲尾,,242-3
北投區,洲美,二,397,北投區,洲尾,,242-9
北投區,洲美,二,398,北投區,洲尾,,239-2
北投區,洲美,二,399,北投區,洲尾,,241-4
北投區,洲美,二,4,北投區,洲尾,,138
北投區,洲美,二,40,北投區,洲尾,,129-5
北投區,洲美,二,400,北投區,洲尾,,241-5
北投區,洲美,二,401,北投區,洲尾,,238
北投區,洲美,二,402,北投區,洲尾,,237-2
北投區,洲美,二,403,北投區,洲尾,,239
北投區,洲美,二,404,北投區,洲尾,,239-1
北投區,洲美,二,405,北投區,洲尾,,240-1
北投區,洲美,二,407,北投區,洲尾,,99-6
北投區,洲美,二,408,北投區,洲尾,,213
北投區,洲美,二,409,北投區,洲尾,,212
北投區,洲美,二,41,北投區,洲尾,,129-3
北投區,洲美,二,410,北投區,洲尾,,211
北投區,洲美,二,411,北投區,洲尾,,210
北投區,洲美,二,412,北投區,洲尾,,209
北投區,洲美,二,413,北投區,洲尾,,208
北投區,洲美,二,414,北投區,洲尾,,207
北投區,洲美,二,415,北投區,洲尾,,206
北投區,洲美,二,416,北投區,洲尾,,205
北投區,洲美,二,417,北投區,洲尾,,200-2
北投區,洲美,二,418,北投區,洲尾,,202
北投區,洲美,二,42,北投區,洲尾,,119-1
北投區,洲美,二,424,北投區,洲尾,,241-1
北投區,洲美,二,43,北投區,洲尾,,118-1
北投區,洲美,二,44,北投區,洲尾,,131
北投區,洲美,二,441,北投區,洲尾,,250-1
北投區,洲美,二,445,北投區,洲尾,,245-13
北投區,洲美,二,446,北投區,洲尾,,245-12
北投區,洲美,二,447,北投區,洲尾,,245-10
北投區,洲美,二,449,北投區,洲尾,,242-4
北投區,洲美,二,45,北投區,洲尾,,117
北投區,洲美,二,450,北投區,洲尾,,243-8
北投區,洲美,二,451,北投區,洲尾,,243-4
北投區,洲美,二,452,北投區,洲尾,,243-2
北投區,洲美,二,453,北投區,洲尾,,243-10
北投區,洲美,二,454,北投區,洲尾,,243-12
北投區,洲美,二,455,北投區,洲尾,,243-3
北投區,洲美,二,456,北投區,洲尾,,244-3
北投區,洲美,二,457,北投區,洲尾,,244-2
北投區,洲美,二,458,北投區,洲尾,,244-5
北投區,洲美,二,459,北投區,洲尾,,245-9
北投區,洲美,二,46,北投區,洲尾,,117-2
北投區,洲美,二,460,北投區,洲尾,,245-2
北投區,洲美,二,461,北投區,洲尾,,245-11
北投區,洲美,二,462,北投區,洲尾,,245-3
北投區,洲美,二,463,北投區,洲尾,,245-4
北投區,洲美,二,464,北投區,洲尾,,245-5
北投區,洲美,二,465,北投區,洲尾,,245-6
北投區,洲美,二,466,北投區,洲尾,,245-16
北投區,洲美,二,47,北投區,洲尾,,117-1
北投區,洲美,二,48,北投區,洲尾,,81-6
北投區,洲美,二,49,北投區,洲尾,,81-7
北投區,洲美,二,5,北投區,洲尾,,140-2
北投區,洲美,二,50,北投區,洲尾,,115
北投區,洲美,二,51,北投區,洲尾,,115-1
北投區,洲美,二,52,北投區,洲尾,,114
北投區,洲美,二,53,北投區,洲尾,,113
北投區,洲美,二,54,北投區,洲尾,,112
北投區,洲美,二,55,北投區,洲尾,,111
北投區,洲美,二,56,北投區,洲尾,,109
北投區,洲美,二,57,北投區,洲尾,,108
北投區,洲美,二,58,北投區,洲尾,,107
北投區,洲美,二,59,北投區,洲尾,,106
北投區,洲美,二,6,北投區,洲尾,,134
北投區,洲美,二,60,北投區,洲尾,,106-3
北投區,洲美,二,61,北投區,洲尾,,106-1
北投區,洲美,二,65,北投區,洲尾,,81-1
北投區,洲美,二,66,北投區,洲尾,,81-2
北投區,洲美,二,67,北投區,洲尾,,82
北投區,洲美,二,69,北投區,洲尾,,85
北投區,洲美,二,7,北投區,洲尾,,133
北投區,洲美,二,71,北投區,洲尾,,84
北投區,洲美,二,74,北投區,洲尾,,78
北投區,洲美,二,76,北投區,洲尾,,76
北投區,洲美,二,77,北投區,洲尾,,75
北投區,洲美,二,78,北投區,洲尾,,74
北投區,洲美,二,79,北投區,洲尾,,73
北投區,洲美,二,8,北投區,洲尾,,133-1
北投區,洲美,二,80,北投區,洲尾,,66-2
北投區,洲美,二,81,北投區,洲尾,,66-1
北投區,洲美,二,82,北投區,洲尾,,66
北投區,洲美,二,86,北投區,洲尾,,86
北投區,洲美,二,87,北投區,洲尾,,87
北投區,洲美,二,89,北投區,洲尾,,65
北投區,洲美,二,9,北投區,洲尾,,132
北投區,洲美,二,90,北投區,洲尾,,64
北投區,洲美,二,91,北投區,洲尾,,61
北投區,洲美,二,94,北投區,洲尾,,58-1
北投區,洲美,二,95,北投區,洲尾,,65-2
北投區,洲美,二,98,北投區,洲尾,,58
北投區,洲美,二,99,北投區,洲尾,,88
北投區,溫泉,一,1,北投區,北投,,70-38
北投區,溫泉,一,10,北投區,北投,,70-18
北投區,溫泉,一,100,北投區,北投,,73-13
北投區,溫泉,一,101,北投區,北投,,73-34
北投區,溫泉,一,102,北投區,北投,,73-12
北投區,溫泉,一,103,北投區,北投,,73-33
北投區,溫泉,一,104,北投區,北投,,73-32
北投區,溫泉,一,105,北投區,北投,,73-31
北投區,溫泉,一,107,北投區,北投,,73-29
北投區,溫泉,一,108,北投區,北投,,73
北投區,溫泉,一,109,北投區,北投,,73-30
北投區,溫泉,一,11,北投區,北投,,70-14
北投區,溫泉,一,110,北投區,北投,,127-11
北投區,溫泉,一,110-1,北投區,北投,,1239-5
北投區,溫泉,一,111,北投區,北投,,127-3
北投區,溫泉,一,112,北投區,北投,,127-5
北投區,溫泉,一,113,北投區,北投,,127-9
北投區,溫泉,一,114,北投區,北投,,126-19
北投區,溫泉,一,115,北投區,北投,,73-28
北投區,溫泉,一,116,北投區,北投,,72-2
北投區,溫泉,一,118,北投區,北投,,73-39
北投區,溫泉,一,119,北投區,北投,,71-14
北投區,溫泉,一,12,北投區,北投,,70-13
北投區,溫泉,一,120,北投區,北投,,73-25
北投區,溫泉,一,121,北投區,北投,,71-11
北投區,溫泉,一,123,北投區,北投,,73-40
北投區,溫泉,一,124,北投區,北投,,71-10
北投區,溫泉,一,126,北投區,北投,,73-41
北投區,溫泉,一,127,北投區,北投,,73-43
北投區,溫泉,一,128,北投區,北投,,71-6
北投區,溫泉,一,129,北投區,北投,,73-42
北投區,溫泉,一,13,北投區,北投,,70-18
北投區,溫泉,一,130,北投區,北投,,73-22
北投區,溫泉,一,132,北投區,北投,,71-3
北投區,溫泉,一,132-1,北投區,北投,,71-3
北投區,溫泉,一,133,北投區,北投,,71-18
北投區,溫泉,一,134,北投區,北投,,71-2
北投區,溫泉,一,135,北投區,北投,,71
北投區,溫泉,一,136,北投區,北投,,71-15
北投區,溫泉,一,137,北投區,北投,,52-1
北投區,溫泉,一,138,北投區,北投,,54-82
北投區,溫泉,一,139,北投區,北投,,54-38
北投區,溫泉,一,14,北投區,北投,,70-53
北投區,溫泉,一,140,北投區,北投,,52-7
北投區,溫泉,一,141,北投區,北投,,52-6
北投區,溫泉,一,142,北投區,北投,,51-5
北投區,溫泉,一,143,北投區,北投,,52-4
北投區,溫泉,一,143-1,北投區,北投,,52-4
北投區,溫泉,一,143-2,北投區,北投,,52-27
北投區,溫泉,一,144,北投區,北投,,52-4
北投區,溫泉,一,145,北投區,北投,,52-2
北投區,溫泉,一,146,北投區,北投,,52-2
北投區,溫泉,一,147,北投區,北投,,51-5
北投區,溫泉,一,149,北投區,北投,,52-3
北投區,溫泉,一,15,北投區,北投,,69-5
北投區,溫泉,一,151,北投區,北投,,51-6
北投區,溫泉,一,152,北投區,北投,,51-6
北投區,溫泉,一,153,北投區,北投,,51-6
北投區,溫泉,一,154,北投區,北投,,51-6
北投區,溫泉,一,155,北投區,北投,,51-6
北投區,溫泉,一,156,北投區,北投,,52-3
北投區,溫泉,一,158,北投區,北投,,52-10
北投區,溫泉,一,159,北投區,北投,,52-3
北投區,溫泉,一,16,北投區,北投,,1191-122
北投區,溫泉,一,160,北投區,北投,,51-6
北投區,溫泉,一,161,北投區,北投,,75-89
北投區,溫泉,一,162,北投區,北投,,75-88
北投區,溫泉,一,163,北投區,北投,,75-87
北投區,溫泉,一,164,北投區,北投,,75-64
北投區,溫泉,一,165,北投區,北投,,75-85
北投區,溫泉,一,166,北投區,北投,,75-8
北投區,溫泉,一,167,北投區,北投,,75
北投區,溫泉,一,168,北投區,北投,,74-7
北投區,溫泉,一,169,北投區,北投,,74
北投區,溫泉,一,17,北投區,北投,,1191-16
北投區,溫泉,一,170,北投區,北投,,74-2
北投區,溫泉,一,171,北投區,北投,,74-4
北投區,溫泉,一,172,北投區,北投,,74-10
北投區,溫泉,一,173,北投區,北投,,74-9
北投區,溫泉,一,174,北投區,北投,,74-8
北投區,溫泉,一,175,北投區,北投,,75-35
北投區,溫泉,一,176,北投區,北投,,74-14
北投區,溫泉,一,177,北投區,北投,,75-96
北投區,溫泉,一,178,北投區,北投,,75-95
北投區,溫泉,一,179,北投區,北投,,75-1
北投區,溫泉,一,18,北投區,北投,,119-17
北投區,溫泉,一,180,北投區,北投,,74-13
北投區,溫泉,一,181,北投區,北投,,74-12
北投區,溫泉,一,182,北投區,北投,,74-11
北投區,溫泉,一,183,北投區,北投,,74-16
北投區,溫泉,一,184,北投區,北投,,75-60
北投區,溫泉,一,185,北投區,北投,,75-2
北投區,溫泉,一,186,北投區,北投,,75-43
北投區,溫泉,一,187,北投區,北投,,75-40
北投區,溫泉,一,188,北投區,北投,,75-39
北投區,溫泉,一,189,北投區,北投,,75-38
北投區,溫泉,一,19,北投區,北投,,1191-105
北投區,溫泉,一,190,北投區,北投,,75-37
北投區,溫泉,一,191,北投區,北投,,75-5
北投區,溫泉,一,192,北投區,北投,,126-5
北投區,溫泉,一,193,北投區,北投,,126-18
北投區,溫泉,一,193-1,北投區,北投,,126-17
北投區,溫泉,一,194,北投區,北投,,126-16
北投區,溫泉,一,195,北投區,北投,,126-15
北投區,溫泉,一,196,北投區,北投,,126-4
北投區,溫泉,一,197,北投區,北投,,126-20
北投區,溫泉,一,198,北投區,北投,,126-6
北投區,溫泉,一,199,北投區,北投,,126-7
北投區,溫泉,一,2,北投區,北投,,69-4
北投區,溫泉,一,200,北投區,北投,,126-8
北投區,溫泉,一,200-1,北投區,北投,,126-13
北投區,溫泉,一,200-2,北投區,北投,,117-7
北投區,溫泉,一,200-3,北投區,北投,,117-6
北投區,溫泉,一,200-4,北投區,北投,,117-9
北投區,溫泉,一,201,北投區,北投,,117-1
北投區,溫泉,一,202,北投區,北投,,117-14
北投區,溫泉,一,203,北投區,北投,,117-13
北投區,溫泉,一,204,北投區,北投,,75-75
北投區,溫泉,一,205,北投區,北投,,75-44
北投區,溫泉,一,206,北投區,北投,,75-17
北投區,溫泉,一,207,北投區,北投,,75-7
北投區,溫泉,一,208,北投區,北投,,75-74
北投區,溫泉,一,209,北投區,北投,,75-73
北投區,溫泉,一,210,北投區,北投,,75-19
北投區,溫泉,一,211,北投區,北投,,76-1
北投區,溫泉,一,212,北投區,北投,,76
北投區,溫泉,一,213,北投區,北投,,75-23
北投區,溫泉,一,214,北投區,北投,,75-71
北投區,溫泉,一,215,北投區,北投,,75-70
北投區,溫泉,一,216,北投區,北投,,75-24
北投區,溫泉,一,217,北投區,北投,,75-6
北投區,溫泉,一,218,北投區,北投,,75-69
北投區,溫泉,一,219,北投區,北投,,75-4
北投區,溫泉,一,220,北投區,北投,,75-67
北投區,溫泉,一,221,北投區,北投,,75-66
北投區,溫泉,一,222,北投區,北投,,75-9
北投區,溫泉,一,223,北投區,北投,,75-65
北投區,溫泉,一,224,北投區,北投,,75-6
北投區,溫泉,一,225,北投區,北投,,75-18
北投區,溫泉,一,226,北投區,北投,,75-10
北投區,溫泉,一,227,北投區,北投,,75-11
北投區,溫泉,一,230,北投區,北投,,75-27
北投區,溫泉,一,231,北投區,北投,,75-101
北投區,溫泉,一,232,北投區,北投,,75-102
北投區,溫泉,一,235,北投區,北投,,75-55
北投區,溫泉,一,235-1,北投區,北投,,75-54
北投區,溫泉,一,235-2,北投區,北投,,75-15
北投區,溫泉,一,235-3,北投區,北投,,75-107
北投區,溫泉,一,236,北投區,北投,,75-103
北投區,溫泉,一,236-1,北投區,北投,,75-78
北投區,溫泉,一,237,北投區,北投,,75-3
北投區,溫泉,一,238,北投區,北投,,75-28
北投區,溫泉,一,239,北投區,北投,,75-29
北投區,溫泉,一,24,北投區,北投,,1239
北投區,溫泉,一,240,北投區,北投,,75-33
北投區,溫泉,一,241,北投區,北投,,75-34
北投區,溫泉,一,242,北投區,北投,,75-83
北投區,溫泉,一,243,北投區,北投,,75-61
北投區,溫泉,一,244,北投區,北投,,75-108
北投區,溫泉,一,245,北投區,北投,,78-25
北投區,溫泉,一,246,北投區,北投,,78-24
北投區,溫泉,一,247,北投區,北投,,78-2
北投區,溫泉,一,248,北投區,北投,,78-5
北投區,溫泉,一,249,北投區,北投,,78-6
北投區,溫泉,一,250,北投區,北投,,78-7
北投區,溫泉,一,251,北投區,北投,,78-8
北投區,溫泉,一,252,北投區,北投,,78-9
北投區,溫泉,一,253,北投區,北投,,78-10
北投區,溫泉,一,254,北投區,北投,,78-11
北投區,溫泉,一,255,北投區,北投,,78-12
北投區,溫泉,一,256,北投區,北投,,78-13
北投區,溫泉,一,257,北投區,北投,,78-14
北投區,溫泉,一,258,北投區,北投,,79
北投區,溫泉,一,259,北投區,北投,,79-12
北投區,溫泉,一,26,北投區,北投,,70-35
北投區,溫泉,一,260,北投區,北投,,84
北投區,溫泉,一,261,北投區,北投,,79-6
北投區,溫泉,一,262-1,北投區,北投,,78
北投區,溫泉,一,263,北投區,北投,,79-21
北投區,溫泉,一,265,北投區,北投,,77
北投區,溫泉,一,266,北投區,北投,,81
北投區,溫泉,一,267,北投區,北投,,81-8
北投區,溫泉,一,268,北投區,北投,,79-20
北投區,溫泉,一,269,北投區,北投,,79-18
北投區,溫泉,一,27,北投區,北投,,70-34
北投區,溫泉,一,270,北投區,北投,,84-2
北投區,溫泉,一,28,北投區,北投,,70-18
北投區,溫泉,一,29,北投區,北投,,70-69
北投區,溫泉,一,3,北投區,北投,,70-37
北投區,溫泉,一,30,北投區,北投,,54-4
北投區,溫泉,一,31,北投區,北投,,54-82
北投區,溫泉,一,32,北投區,北投,,54-57
北投區,溫泉,一,33,北投區,北投,,54-59
北投區,溫泉,一,34,北投區,北投,,54-51
北投區,溫泉,一,35,北投區,北投,,70-33
北投區,溫泉,一,36,北投區,北投,,70-55
北投區,溫泉,一,37,北投區,北投,,70-49
北投區,溫泉,一,38,北投區,北投,,70-48
北投區,溫泉,一,39,北投區,北投,,1235
北投區,溫泉,一,4,北投區,北投,,54-53
北投區,溫泉,一,40,北投區,北投,,70-1
北投區,溫泉,一,41,北投區,北投,,70-36
北投區,溫泉,一,42,北投區,北投,,70-19
北投區,溫泉,一,43,北投區,北投,,70-20
北投區,溫泉,一,44,北投區,北投,,70-42
北投區,溫泉,一,45,北投區,北投,,70-27
北投區,溫泉,一,46,北投區,北投,,70-4
北投區,溫泉,一,47,北投區,北投,,70-12
北投區,溫泉,一,48,北投區,北投,,70-46
北投區,溫泉,一,49,北投區,北投,,70-66
北投區,溫泉,一,5,北投區,北投,,54-52
北投區,溫泉,一,50,北投區,北投,,70-47
北投區,溫泉,一,54,北投區,北投,,70-21
北投區,溫泉,一,55,北投區,北投,,70-23
北投區,溫泉,一,56,北投區,北投,,70-22
北投區,溫泉,一,57,北投區,北投,,70-63
北投區,溫泉,一,58,北投區,北投,,70-62
北投區,溫泉,一,59,北投區,北投,,70-10
北投區,溫泉,一,6,北投區,北投,,70-18
北投區,溫泉,一,60,北投區,北投,,70-25
北投區,溫泉,一,61,北投區,北投,,70-24
北投區,溫泉,一,62,北投區,北投,,70-65
北投區,溫泉,一,65,北投區,北投,,70-45
北投區,溫泉,一,66,北投區,北投,,73-9
北投區,溫泉,一,67,北投區,北投,,73-7
北投區,溫泉,一,68,北投區,北投,,73-10
北投區,溫泉,一,69,北投區,北投,,73-1
北投區,溫泉,一,7,北投區,北投,,70-69
北投區,溫泉,一,70,北投區,北投,,70-44
北投區,溫泉,一,71,北投區,北投,,70-64
北投區,溫泉,一,72,北投區,北投,,70-26
北投區,溫泉,一,73,北投區,北投,,70-43
北投區,溫泉,一,75,北投區,北投,,71-21
北投區,溫泉,一,79,北投區,北投,,72
北投區,溫泉,一,8,北投區,北投,,70-17
北投區,溫泉,一,8-1,北投區,北投,,70-56
北投區,溫泉,一,80,北投區,北投,,73-20
北投區,溫泉,一,81,北投區,北投,,73-5
北投區,溫泉,一,82,北投區,北投,,73-19
北投區,溫泉,一,83,北投區,北投,,73-44
北投區,溫泉,一,85,北投區,北投,,73-17
北投區,溫泉,一,9,北投區,北投,,70-16
北投區,溫泉,一,9,北投區,北投,,70-2
北投區,溫泉,一,9-1,北投區,北投,,70-29
北投區,溫泉,一,9-2,北投區,北投,,70-28
北投區,溫泉,一,90,北投區,北投,,73-27
北投區,溫泉,一,91,北投區,北投,,73-36
北投區,溫泉,一,93,北投區,北投,,73-14
北投區,溫泉,一,94,北投區,北投,,73-35
北投區,溫泉,一,95,北投區,北投,,128-3
北投區,溫泉,一,96,北投區,北投,,128-4
北投區,溫泉,一,97,北投區,北投,,127-7
北投區,溫泉,一,98,北投區,北投,,127-6
北投區,溫泉,一,99,北投區,北投,,127-2
北投區,溫泉,三,1,北投區,北投,,1194-21
北投區,溫泉,三,10,北投區,北投,,130-9
北投區,溫泉,三,100,北投區,北投,,1194-24
北投區,溫泉,三,103,北投區,北投,,1194-5
北投區,溫泉,三,104,北投區,北投,,1194-5
北投區,溫泉,三,107,北投區,溫泉,三,1194-6
北投區,溫泉,三,108,北投區,北投,,1194-6
北投區,溫泉,三,109,北投區,北投,,131-97
北投區,溫泉,三,11,北投區,北投,,131-123
北投區,溫泉,三,110,北投區,北投,,131-96
北投區,溫泉,三,110-1,北投區,北投,,131-96
北投區,溫泉,三,111,北投區,北投,,131-95
北投區,溫泉,三,112,北投區,北投,,131-94
北投區,溫泉,三,113,北投區,北投,,131-30
北投區,溫泉,三,114,北投區,北投,,131-6
北投區,溫泉,三,115,北投區,北投,,131-56
北投區,溫泉,三,116,北投區,北投,,131-55
北投區,溫泉,三,117,北投區,北投,,131-29
北投區,溫泉,三,118,北投區,北投,,131-7
北投區,溫泉,三,119,北投區,北投,,131-7
北投區,溫泉,三,12,北投區,北投,,131-104
北投區,溫泉,三,120,北投區,北投,,131-7
北投區,溫泉,三,122,北投區,北投,,131-37
北投區,溫泉,三,123,北投區,北投,,131-37
北投區,溫泉,三,124,北投區,北投,,131-33
北投區,溫泉,三,125,北投區,北投,,131-36
北投區,溫泉,三,126,北投區,北投,,131-53
北投區,溫泉,三,127,北投區,北投,,131-32
北投區,溫泉,三,128,北投區,北投,,131-54
北投區,溫泉,三,129,北投區,北投,,131-123
北投區,溫泉,三,13,北投區,北投,,131-103
北投區,溫泉,三,130,北投區,北投,,131-12
北投區,溫泉,三,131,北投區,北投,,131-12
北投區,溫泉,三,132,北投區,北投,,131-105
北投區,溫泉,三,133,北投區,北投,,131-105
北投區,溫泉,三,134,北投區,北投,,131-106
北投區,溫泉,三,135,北投區,北投,,131-106
北投區,溫泉,三,136,北投區,北投,,131-73
北投區,溫泉,三,137,北投區,北投,,131-73
北投區,溫泉,三,138,北投區,北投,,131-75
北投區,溫泉,三,139,北投區,北投,,131-75
北投區,溫泉,三,14,北投區,北投,,131-101
北投區,溫泉,三,14,北投區,北投,,131-102
北投區,溫泉,三,140,北投區,北投,,131-77
北投區,溫泉,三,141,北投區,北投,,131-77
北投區,溫泉,三,142,北投區,北投,,131-79
北投區,溫泉,三,143,北投區,北投,,131-79
北投區,溫泉,三,144,北投區,北投,,131-83
北投區,溫泉,三,145,北投區,北投,,131-83
北投區,溫泉,三,146,北投區,北投,,131-82
北投區,溫泉,三,147,北投區,北投,,131-82
北投區,溫泉,三,148,北投區,北投,,131-81
北投區,溫泉,三,149,北投區,北投,,131-80
北投區,溫泉,三,15,北投區,北投,,131-100
北投區,溫泉,三,150,北投區,北投,,131-58
北投區,溫泉,三,151,北投區,北投,,131-76
北投區,溫泉,三,152,北投區,北投,,131-74
北投區,溫泉,三,153,北投區,北投,,131-13
北投區,溫泉,三,154,北投區,北投,,131-108
北投區,溫泉,三,155,北投區,北投,,131-107
北投區,溫泉,三,156,北投區,北投,,131-61
北投區,溫泉,三,157,北投區,北投,,131-57
北投區,溫泉,三,158,北投區,北投,,131-65
北投區,溫泉,三,159,北投區,北投,,1277
北投區,溫泉,三,16,北投區,北投,,131-99
北投區,溫泉,三,160,北投區,北投,,1277
北投區,溫泉,三,161,北投區,北投,,1277
北投區,溫泉,三,162,北投區,北投,,1277
北投區,溫泉,三,163,北投區,北投,,1277
北投區,溫泉,三,164,北投區,北投,,1277
北投區,溫泉,三,165,北投區,北投,,1277
北投區,溫泉,三,166,北投區,北投,,134-1
北投區,溫泉,三,167,北投區,北投,,134-5
北投區,溫泉,三,168,北投區,北投,,135-5
北投區,溫泉,三,169,北投區,北投,,135-4
北投區,溫泉,三,17,北投區,北投,,131
北投區,溫泉,三,170,北投區,北投,,135-3
北投區,溫泉,三,171,北投區,北投,,135-2
北投區,溫泉,三,172,北投區,北投,,132-84
北投區,溫泉,三,173,北投區,北投,,132-84
北投區,溫泉,三,174,北投區,北投,,132-84
北投區,溫泉,三,175,北投區,北投,,135
北投區,溫泉,三,176,北投區,北投,,132-103
北投區,溫泉,三,177,北投區,北投,,132-104
北投區,溫泉,三,178,北投區,北投,,132-27
北投區,溫泉,三,179,北投區,北投,,132-27
北投區,溫泉,三,18,北投區,北投,,131-115
北投區,溫泉,三,180,北投區,北投,,132-147
北投區,溫泉,三,181,北投區,北投,,131-102
北投區,溫泉,三,182,北投區,北投,,133-101
北投區,溫泉,三,183,北投區,北投,,132-100
北投區,溫泉,三,184,北投區,北投,,132-99
北投區,溫泉,三,185,北投區,北投,,132-121
北投區,溫泉,三,186,北投區,北投,,132-193
北投區,溫泉,三,187,北投區,北投,,132-123
北投區,溫泉,三,189,北投區,北投,,132-52
北投區,溫泉,三,19,北投區,北投,,131-116
北投區,溫泉,三,190,北投區,北投,,132-159
北投區,溫泉,三,191,北投區,北投,,132-160
北投區,溫泉,三,191,北投區,北投,,132-178
北投區,溫泉,三,192,北投區,北投,,132-41
北投區,溫泉,三,193,北投區,北投,,132-40
北投區,溫泉,三,194,北投區,北投,,132-119
北投區,溫泉,三,195,北投區,北投,,132-52
北投區,溫泉,三,196,北投區,北投,,132-110
北投區,溫泉,三,197,北投區,北投,,132-111
北投區,溫泉,三,198,北投區,北投,,132-53
北投區,溫泉,三,199,北投區,北投,,132-112
北投區,溫泉,三,2,北投區,北投,,1238
北投區,溫泉,三,20,北投區,北投,,131-117
北投區,溫泉,三,200,北投區,北投,,132-76
北投區,溫泉,三,201,北投區,北投,,132-59
北投區,溫泉,三,202,北投區,北投,,132-180
北投區,溫泉,三,203,北投區,北投,,132-181
北投區,溫泉,三,204,北投區,北投,,132-199
北投區,溫泉,三,205,北投區,北投,,132-39
北投區,溫泉,三,205-1,北投區,北投,,132-39
北投區,溫泉,三,206,北投區,北投,,132-63
北投區,溫泉,三,207,北投區,北投,,132-64
北投區,溫泉,三,209,北投區,北投,,100-24
北投區,溫泉,三,21,北投區,北投,,131-118
北投區,溫泉,三,210,北投區,北投,,132-42
北投區,溫泉,三,211,北投區,北投,,132-112
北投區,溫泉,三,213,北投區,北投,,132-78
北投區,溫泉,三,214,北投區,北投,,100-24
北投區,溫泉,三,215,北投區,北投,,100-22
北投區,溫泉,三,215-1,北投區,北投,,100-22
北投區,溫泉,三,215-2,北投區,北投,,100-22
北投區,溫泉,三,216,北投區,北投,,137-2
北投區,溫泉,三,218,北投區,北投,,137-3
北投區,溫泉,三,219,北投區,北投,,137
北投區,溫泉,三,22,北投區,北投,,131-119
北投區,溫泉,三,220,北投區,北投,,138-6
北投區,溫泉,三,221,北投區,北投,,1197-49
北投區,溫泉,三,222,北投區,北投,,1194-101
北投區,溫泉,三,223,北投區,北投,,1194-29
北投區,溫泉,三,224,北投區,北投,,134-4
北投區,溫泉,三,225,北投區,北投,,134-3
北投區,溫泉,三,226,北投區,北投,,1194-100
北投區,溫泉,三,227,北投區,北投,,134-2
北投區,溫泉,三,228,北投區,北投,,1194-28
北投區,溫泉,三,229,北投區,北投,,1194-32
北投區,溫泉,三,229-1,北投區,北投,,1194-96
北投區,溫泉,三,229-2,北投區,北投,,1194-98
北投區,溫泉,三,230,北投區,北投,,1194-93
北投區,溫泉,三,230-1,北投區,北投,,1194-97
北投區,溫泉,三,231,北投區,北投,,1194-4
北投區,溫泉,三,232,北投區,北投,,1194-99
北投區,溫泉,三,233,北投區,北投,,1194-84
北投區,溫泉,三,234,北投區,北投,,1194-83
北投區,溫泉,三,235,北投區,北投,,1194-36
北投區,溫泉,三,236,北投區,北投,,1194-85
北投區,溫泉,三,237,北投區,北投,,1194-86
北投區,溫泉,三,238,北投區,北投,,1194-82
北投區,溫泉,三,239,北投區,北投,,1194-81
北投區,溫泉,三,24,北投區,北投,,1194-19
北投區,溫泉,三,240,北投區,北投,,1194-31
北投區,溫泉,三,241,北投區,北投,,1194-92
北投區,溫泉,三,242,北投區,北投,,1194-95
北投區,溫泉,三,243,北投區,北投,,134
北投區,溫泉,三,244,北投區,北投,,133
北投區,溫泉,三,245,北投區,北投,,133
北投區,溫泉,三,246,北投區,北投,,1277
北投區,溫泉,三,247,北投區,北投,,131-10
北投區,溫泉,三,248,北投區,北投,,131-48
北投區,溫泉,三,249,北投區,北投,,131-48
北投區,溫泉,三,25,北投區,北投,,1194-18
北投區,溫泉,三,250,北投區,北投,,131-52
北投區,溫泉,三,251,北投區,北投,,131-51
北投區,溫泉,三,252,北投區,北投,,131-50
北投區,溫泉,三,253,北投區,北投,,133
北投區,溫泉,三,254,北投區,北投,,133
北投區,溫泉,三,255,北投區,北投,,131-10
北投區,溫泉,三,257,北投區,北投,,133
北投區,溫泉,三,258,北投區,北投,,1194-26
北投區,溫泉,三,259,北投區,北投,,1197-10
北投區,溫泉,三,26,北投區,北投,,1194-17
北投區,溫泉,三,260,北投區,北投,,1197-60
北投區,溫泉,三,261,北投區,北投,,1197-19
北投區,溫泉,三,262,北投區,北投,,1197-20
北投區,溫泉,三,263,北投區,北投,,1197-107
北投區,溫泉,三,264,北投區,北投,,1197-108
北投區,溫泉,三,265,北投區,北投,,1197-111
北投區,溫泉,三,266,北投區,北投,,1197-109
北投區,溫泉,三,267,北投區,北投,,1197-110
北投區,溫泉,三,268,北投區,北投,,1197-21
北投區,溫泉,三,269,北投區,北投,,1197-128
北投區,溫泉,三,27,北投區,北投,,1194-79
北投區,溫泉,三,270,北投區,北投,,1197-129
北投區,溫泉,三,271,北投區,北投,,1197-22
北投區,溫泉,三,272,北投區,北投,,1197-93
北投區,溫泉,三,274,北投區,北投,,1197-23
北投區,溫泉,三,275,北投區,北投,,1197-24
北投區,溫泉,三,276,北投區,北投,,1197-99
北投區,溫泉,三,277,北投區,北投,,1197-100
北投區,溫泉,三,278,北投區,北投,,1197-9
北投區,溫泉,三,279,北投區,北投,,154-2
北投區,溫泉,三,28,北投區,北投,,131-71
北投區,溫泉,三,280,北投區,北投,,154
北投區,溫泉,三,281,北投區,北投,,1278
北投區,溫泉,三,282,北投區,北投,,153
北投區,溫泉,三,283,北投區,北投,,1197-37
北投區,溫泉,三,285,北投區,北投,,1197-103
北投區,溫泉,三,286,北投區,北投,,1197-102
北投區,溫泉,三,287,北投區,北投,,1197-36
北投區,溫泉,三,288,北投區,北投,,1197-61
北投區,溫泉,三,289,北投區,北投,,1197-33
北投區,溫泉,三,29,北投區,北投,,131-18
北投區,溫泉,三,290,北投區,北投,,1197-34
北投區,溫泉,三,291,北投區,北投,,1197-32
北投區,溫泉,三,292,北投區,北投,,1197-30
北投區,溫泉,三,293,北投區,北投,,1197-121
北投區,溫泉,三,294,北投區,北投,,1197-120
北投區,溫泉,三,295,北投區,北投,,1197-119
北投區,溫泉,三,296,北投區,北投,,1197-118
北投區,溫泉,三,297,北投區,北投,,1197-29
北投區,溫泉,三,298,北投區,北投,,1197-116
北投區,溫泉,三,299,北投區,北投,,1197-115
北投區,溫泉,三,3,北投區,北投,,129-16
北投區,溫泉,三,30,北投區,北投,,131-18
北投區,溫泉,三,300,北投區,北投,,1197-114
北投區,溫泉,三,301,北投區,北投,,1197-28
北投區,溫泉,三,302,北投區,北投,,1197-127
北投區,溫泉,三,303,北投區,北投,,1197-126
北投區,溫泉,三,304,北投區,北投,,1197-125
北投區,溫泉,三,305,北投區,北投,,1197-124
北投區,溫泉,三,306,北投區,北投,,1197-27
北投區,溫泉,三,307,北投區,北投,,1197-122
北投區,溫泉,三,308,北投區,北投,,1197-26
北投區,溫泉,三,309,北投區,北投,,1197-46
北投區,溫泉,三,31,北投區,北投,,131-1
北投區,溫泉,三,310,北投區,北投,,1197-134
北投區,溫泉,三,310-1,北投區,北投,,1197-139
北投區,溫泉,三,311,北投區,北投,,138-3
北投區,溫泉,三,312,北投區,北投,,138-10
北投區,溫泉,三,313,北投區,北投,,138-2
北投區,溫泉,三,314,北投區,北投,,1197-2
北投區,溫泉,三,315,北投區,北投,,1197-25
北投區,溫泉,三,316,北投區,北投,,1197-131
北投區,溫泉,三,317,北投區,北投,,138-7
北投區,溫泉,三,319,北投區,北投,,1197-138
北投區,溫泉,三,32,北投區,北投,,131-1
北投區,溫泉,三,320,北投區,北投,,138
北投區,溫泉,三,321,北投區,北投,,138-8
北投區,溫泉,三,322,北投區,北投,,138-9
北投區,溫泉,三,323,北投區,北投,,138-5
北投區,溫泉,三,324,北投區,北投,,138-4
北投區,溫泉,三,325,北投區,北投,,138-1
北投區,溫泉,三,326,北投區,北投,,1197-137
北投區,溫泉,三,327,北投區,北投,,1197-14
北投區,溫泉,三,328,北投區,北投,,1197-47
北投區,溫泉,三,329,北投區,北投,,1197-48
北投區,溫泉,三,33,北投區,北投,,131-34
北投區,溫泉,三,330,北投區,北投,,1197-18
北投區,溫泉,三,331,北投區,北投,,1197-17
北投區,溫泉,三,332,北投區,北投,,1197-4
北投區,溫泉,三,333,北投區,北投,,1197-62
北投區,溫泉,三,334,北投區,北投,,1197-63
北投區,溫泉,三,335,北投區,北投,,1197-64
北投區,溫泉,三,336,北投區,北投,,1197-65
北投區,溫泉,三,337,北投區,北投,,1197-66
北投區,溫泉,三,338,北投區,北投,,1197-40
北投區,溫泉,三,339,北投區,北投,,1197-68
北投區,溫泉,三,34,北投區,北投,,131-34
北投區,溫泉,三,340,北投區,北投,,1197-80
北投區,溫泉,三,341,北投區,北投,,1197-81
北投區,溫泉,三,342,北投區,北投,,1197-82
北投區,溫泉,三,343,北投區,北投,,1197-83
北投區,溫泉,三,344,北投區,北投,,1197-69
北投區,溫泉,三,345,北投區,北投,,1197-85
北投區,溫泉,三,346,北投區,北投,,1197-84
北投區,溫泉,三,347,北投區,北投,,1197-89
北投區,溫泉,三,348,北投區,北投,,1197-90
北投區,溫泉,三,349,北投區,北投,,1197-77
北投區,溫泉,三,35,北投區,北投,,131-35
北投區,溫泉,三,350,北投區,北投,,1197-76
北投區,溫泉,三,351,北投區,北投,,1197-75
北投區,溫泉,三,352,北投區,北投,,1197-74
北投區,溫泉,三,353,北投區,北投,,1197-73
北投區,溫泉,三,354,北投區,北投,,1197-72
北投區,溫泉,三,355,北投區,北投,,1197-71
北投區,溫泉,三,356,北投區,北投,,1197-70
北投區,溫泉,三,357,北投區,北投,,1197-92
北投區,溫泉,三,357-1,北投區,北投,,1197-78
北投區,溫泉,三,357-3,北投區,溫泉,三,357-2
北投區,溫泉,三,358,北投區,北投,,1197-142
北投區,溫泉,三,36,北投區,北投,,131-35
北投區,溫泉,三,360,北投區,北投,,1197-140
北投區,溫泉,三,361,北投區,北投,,140-4
北投區,溫泉,三,362,北投區,北投,,140-5
北投區,溫泉,三,363,北投區,北投,,140-15
北投區,溫泉,三,364,北投區,北投,,140-14
北投區,溫泉,三,365,北投區,北投,,140-13
北投區,溫泉,三,366,北投區,北投,,140-12
北投區,溫泉,三,367,北投區,北投,,140-11
北投區,溫泉,三,368,北投區,北投,,140-10
北投區,溫泉,三,369,北投區,北投,,139-55
北投區,溫泉,三,37,北投區,北投,,131-122
北投區,溫泉,三,370,北投區,北投,,139-54
北投區,溫泉,三,371,北投區,北投,,139-53
北投區,溫泉,三,372,北投區,北投,,139-52
北投區,溫泉,三,373,北投區,北投,,139-51
北投區,溫泉,三,374,北投區,北投,,139-50
北投區,溫泉,三,375,北投區,北投,,139-49
北投區,溫泉,三,376,北投區,北投,,139-48
北投區,溫泉,三,377,北投區,北投,,139-22
北投區,溫泉,三,378,北投區,北投,,139-2
北投區,溫泉,三,379,北投區,北投,,139-16
北投區,溫泉,三,38,北投區,北投,,131-2
北投區,溫泉,三,380,北投區,北投,,139-15
北投區,溫泉,三,381,北投區,北投,,139-35
北投區,溫泉,三,381-1,北投區,北投,,139-36
北投區,溫泉,三,382,北投區,北投,,139-14
北投區,溫泉,三,383,北投區,北投,,139-13
北投區,溫泉,三,384,北投區,北投,,139-38
北投區,溫泉,三,385,北投區,北投,,138-11
北投區,溫泉,三,386,北投區,北投,,139-34
北投區,溫泉,三,388,北投區,北投,,139-4
北投區,溫泉,三,389,北投區,北投,,139-10
北投區,溫泉,三,39,北投區,北投,,1194-14
北投區,溫泉,三,390,北投區,北投,,139-7
北投區,溫泉,三,391,北投區,北投,,139-5
北投區,溫泉,三,392,北投區,北投,,139-6
北投區,溫泉,三,393,北投區,北投,,139-8
北投區,溫泉,三,394,北投區,北投,,141-6
北投區,溫泉,三,396,北投區,北投,,140-2
北投區,溫泉,三,397,北投區,北投,,140
北投區,溫泉,三,398,北投區,北投,,149
北投區,溫泉,三,399,北投區,北投,,144-18
北投區,溫泉,三,4,北投區,北投,,129-7
北投區,溫泉,三,40,北投區,北投,,1194-13
北投區,溫泉,三,400,北投區,北投,,144-16
北投區,溫泉,三,401,北投區,北投,,151-5
北投區,溫泉,三,402,北投區,北投,,144-15
北投區,溫泉,三,403,北投區,北投,,140-7
北投區,溫泉,三,404,北投區,北投,,151-12
北投區,溫泉,三,404-1,北投區,北投,,151
北投區,溫泉,三,405,北投區,北投,,144-34
北投區,溫泉,三,405-1,北投區,北投,,144-17
北投區,溫泉,三,406,北投區,北投,,144-30
北投區,溫泉,三,406-1,北投區,北投,,144-30
北投區,溫泉,三,407,北投區,北投,,1197-98
北投區,溫泉,三,408,北投區,北投,,1197-97
北投區,溫泉,三,409,北投區,北投,,1197-96
北投區,溫泉,三,41,北投區,北投,,1194-12
北投區,溫泉,三,410,北投區,北投,,1197-95
北投區,溫泉,三,411,北投區,北投,,1197-16
北投區,溫泉,三,412,北投區,北投,,1197-88
北投區,溫泉,三,413,北投區,北投,,1197-87
北投區,溫泉,三,414,北投區,北投,,1197-86
北投區,溫泉,三,415,北投區,北投,,1197-15
北投區,溫泉,三,416,北投區,北投,,1197-15
北投區,溫泉,三,417,北投區,北投,,1197-57
北投區,溫泉,三,418,北投區,北投,,151-15
北投區,溫泉,三,418-1,北投區,北投,,151-6
北投區,溫泉,三,419,北投區,北投,,144-14
北投區,溫泉,三,42,北投區,北投,,131-20
北投區,溫泉,三,420,北投區,北投,,144-14
北投區,溫泉,三,421,北投區,北投,,144-14
北投區,溫泉,三,422,北投區,北投,,1197-144
北投區,溫泉,三,423,北投區,北投,,1197-144
北投區,溫泉,三,424,北投區,北投,,1197-143
北投區,溫泉,三,425,北投區,北投,,1197-143
北投區,溫泉,三,426,北投區,北投,,1197-38
北投區,溫泉,三,427,北投區,北投,,1197-38
北投區,溫泉,三,428,北投區,北投,,1197-8
北投區,溫泉,三,429,北投區,北投,,1197-39
北投區,溫泉,三,43,北投區,北投,,131-20
北投區,溫泉,三,430,北投區,北投,,1197-51
北投區,溫泉,三,431,北投區,北投,,1197-113
北投區,溫泉,三,432,北投區,北投,,153-2
北投區,溫泉,三,433,北投區,北投,,153-3
北投區,溫泉,三,434,北投區,北投,,1197-7
北投區,溫泉,三,435,北投區,北投,,1197-11
北投區,溫泉,三,436,北投區,北投,,1197-12
北投區,溫泉,三,437,北投區,北投,,151-2
北投區,溫泉,三,438,北投區,北投,,151-1
北投區,溫泉,三,44,北投區,北投,,131-19
北投區,溫泉,三,440,北投區,北投,,153-3
北投區,溫泉,三,441,北投區,北投,,1279
北投區,溫泉,三,442,北投區,北投,,153-6
北投區,溫泉,三,45,北投區,北投,,131-19
北投區,溫泉,三,46,北投區,北投,,131-3
北投區,溫泉,三,47,北投區,北投,,131-3
北投區,溫泉,三,48,北投區,北投,,131-93
北投區,溫泉,三,49,北投區,北投,,131-93
北投區,溫泉,三,5,北投區,北投,,127-10
北投區,溫泉,三,50,北投區,北投,,131-21
北投區,溫泉,三,51,北投區,北投,,131-22
北投區,溫泉,三,52,北投區,北投,,131-22
北投區,溫泉,三,54,北投區,北投,,131-4
北投區,溫泉,三,55,北投區,北投,,131-68
北投區,溫泉,三,56,北投區,北投,,131-68
北投區,溫泉,三,57,北投區,北投,,131-69
北投區,溫泉,三,58,北投區,北投,,131-69
北投區,溫泉,三,59,北投區,北投,,131-70
北投區,溫泉,三,6,北投區,北投,,1194-78
北投區,溫泉,三,60,北投區,北投,,131-38
北投區,溫泉,三,61,北投區,北投,,131-38
北投區,溫泉,三,62,北投區,北投,,131-24
北投區,溫泉,三,63,北投區,北投,,131-24
北投區,溫泉,三,64,北投區,北投,,131-45
北投區,溫泉,三,65,北投區,北投,,131-44
北投區,溫泉,三,66,北投區,北投,,131-121
北投區,溫泉,三,67,北投區,北投,,131-121
北投區,溫泉,三,68,北投區,北投,,131-47
北投區,溫泉,三,69,北投區,北投,,131-47
北投區,溫泉,三,7,北投區,北投,,131-64
北投區,溫泉,三,70,北投區,北投,,131-23
北投區,溫泉,三,71,北投區,北投,,131-23
北投區,溫泉,三,72,北投區,北投,,1194-9
北投區,溫泉,三,73,北投區,北投,,1194-9
北投區,溫泉,三,74,北投區,北投,,1194-9
北投區,溫泉,三,76,北投區,北投,,1194-8
北投區,溫泉,三,77,北投區,北投,,1194-8
北投區,溫泉,三,78,北投區,北投,,131-113
北投區,溫泉,三,79,北投區,北投,,131-113
北投區,溫泉,三,8,北投區,北投,,130-6
北投區,溫泉,三,80,北投區,北投,,131-113
北投區,溫泉,三,81,北投區,北投,,131-112
北投區,溫泉,三,82,北投區,溫泉,三,131-26
北投區,溫泉,三,83,北投區,北投,,131-25
北投區,溫泉,三,9,北投區,北投,,130-3
北投區,溫泉,三,96,北投區,北投,,1194-7
北投區,溫泉,二,1,北投區,北投,,125-2
北投區,溫泉,二,10,北投區,北投,,126-11
北投區,溫泉,二,100,北投區,北投,,116-1
北投區,溫泉,二,101,北投區,北投,,116-59
北投區,溫泉,二,102,北投區,北投,,129-9
北投區,溫泉,二,103,北投區,北投,,129-9
北投區,溫泉,二,104,北投區,北投,,129-9
北投區,溫泉,二,105,北投區,北投,,131-114
北投區,溫泉,二,106,北投區,北投,,131-114
北投區,溫泉,二,107,北投區,北投,,131-14
北投區,溫泉,二,108,北投區,北投,,131-14
北投區,溫泉,二,109,北投區,北投,,131-87
北投區,溫泉,二,11,北投區,北投,,126-10
北投區,溫泉,二,110,北投區,北投,,131-88
北投區,溫泉,二,111,北投區,北投,,131-89
北投區,溫泉,二,112,北投區,北投,,131-90
北投區,溫泉,二,113,北投區,北投,,131-91
北投區,溫泉,二,114,北投區,北投,,131-15
北投區,溫泉,二,115,北投區,北投,,1276
北投區,溫泉,二,116,北投區,北投,,1276
北投區,溫泉,二,117,北投區,北投,,132-26
北投區,溫泉,二,118,北投區,北投,,132-26
北投區,溫泉,二,122,北投區,北投,,132-69
北投區,溫泉,二,123,北投區,北投,,132-69
北投區,溫泉,二,124,北投區,北投,,132-208
北投區,溫泉,二,125,北投區,北投,,132-68
北投區,溫泉,二,126,北投區,北投,,132-175
北投區,溫泉,二,127,北投區,北投,,132-175
北投區,溫泉,二,128,北投區,北投,,116-51
北投區,溫泉,二,129,北投區,北投,,116-51
北投區,溫泉,二,13,北投區,北投,,126-15
北投區,溫泉,二,130,北投區,北投,,116-52
北投區,溫泉,二,131,北投區,北投,,116-33
北投區,溫泉,二,132,北投區,北投,,116-18
北投區,溫泉,二,133,北投區,北投,,116-30
北投區,溫泉,二,134,北投區,北投,,116-7
北投區,溫泉,二,135,北投區,北投,,116-49
北投區,溫泉,二,136,北投區,北投,,116-17
北投區,溫泉,二,137,北投區,北投,,116-16
北投區,溫泉,二,138,北投區,北投,,116-16
北投區,溫泉,二,139,北投區,北投,,116-29
北投區,溫泉,二,14,北投區,北投,,126-4
北投區,溫泉,二,140,北投區,北投,,116-8
北投區,溫泉,二,141,北投區,北投,,116-20
北投區,溫泉,二,142,北投區,北投,,116-6
北投區,溫泉,二,143,北投區,北投,,116-13
北投區,溫泉,二,144,北投區,北投,,116-26
北投區,溫泉,二,146,北投區,北投,,117-18
北投區,溫泉,二,148,北投區,北投,,117-17
北投區,溫泉,二,149,北投區,北投,,117-16
北投區,溫泉,二,15,北投區,北投,,125-10
北投區,溫泉,二,150,北投區,北投,,117-15
北投區,溫泉,二,151,北投區,北投,,117-2
北投區,溫泉,二,153,北投區,北投,,117-13
北投區,溫泉,二,154,北投區,北投,,117
北投區,溫泉,二,155,北投區,北投,,117-11
北投區,溫泉,二,156,北投區,北投,,116-27
北投區,溫泉,二,157,北投區,北投,,116-10
北投區,溫泉,二,158,北投區,北投,,116-23
北投區,溫泉,二,159,北投區,北投,,116-31
北投區,溫泉,二,16,北投區,北投,,124-9
北投區,溫泉,二,160,北投區,北投,,116-11
北投區,溫泉,二,161,北投區,北投,,116-41
北投區,溫泉,二,162,北投區,北投,,116-12
北投區,溫泉,二,163,北投區,北投,,116-47
北投區,溫泉,二,164,北投區,北投,,116-47
北投區,溫泉,二,165,北投區,北投,,116-46
北投區,溫泉,二,166,北投區,北投,,116-46
北投區,溫泉,二,167,北投區,北投,,116-45
北投區,溫泉,二,168,北投區,北投,,115-19
北投區,溫泉,二,169,北投區,北投,,115-18
北投區,溫泉,二,17,北投區,北投,,124-8
北投區,溫泉,二,170,北投區,北投,,116-44
北投區,溫泉,二,171,北投區,北投,,116-43
北投區,溫泉,二,172,北投區,北投,,115-17
北投區,溫泉,二,173,北投區,北投,,116-42
北投區,溫泉,二,174,北投區,北投,,115-16
北投區,溫泉,二,175,北投區,北投,,115-1
北投區,溫泉,二,176,北投區,北投,,115-1
北投區,溫泉,二,177,北投區,北投,,116-4
北投區,溫泉,二,179,北投區,北投,,116-54
北投區,溫泉,二,18,北投區,北投,,124-3
北投區,溫泉,二,180,北投區,北投,,116-55
北投區,溫泉,二,181,北投區,北投,,116-56
北投區,溫泉,二,182,北投區,北投,,116-57
北投區,溫泉,二,183,北投區,北投,,115-2
北投區,溫泉,二,184,北投區,北投,,115-2
北投區,溫泉,二,185,北投區,北投,,116-58
北投區,溫泉,二,186,北投區,北投,,116-58
北投區,溫泉,二,187,北投區,北投,,116-2
北投區,溫泉,二,188,北投區,北投,,116-2
北投區,溫泉,二,189,北投區,北投,,116-39
北投區,溫泉,二,190,北投區,北投,,116-38
北投區,溫泉,二,192,北投區,北投,,116-35
北投區,溫泉,二,193,北投區,北投,,116-5
北投區,溫泉,二,194,北投區,北投,,116
北投區,溫泉,二,195,北投區,北投,,116
北投區,溫泉,二,196,北投區,北投,,116
北投區,溫泉,二,197,北投區,北投,,115-4
北投區,溫泉,二,198,北投區,北投,,115-4
北投區,溫泉,二,199,北投區,北投,,115-20
北投區,溫泉,二,20,北投區,北投,,124-6
北投區,溫泉,二,200,北投區,北投,,115-21
北投區,溫泉,二,201,北投區,北投,,115-2
北投區,溫泉,二,202,北投區,北投,,115-22
北投區,溫泉,二,203,北投區,北投,,115-6
北投區,溫泉,二,204,北投區,北投,,115-6
北投區,溫泉,二,205,北投區,北投,,115-6
北投區,溫泉,二,206,北投區,北投,,115-15
北投區,溫泉,二,207,北投區,北投,,115-15
北投區,溫泉,二,208,北投區,北投,,115-14
北投區,溫泉,二,209,北投區,北投,,115-13
北投區,溫泉,二,21,北投區,北投,,124-6
北投區,溫泉,二,210,北投區,北投,,115-12
北投區,溫泉,二,211,北投區,北投,,115-11
北投區,溫泉,二,212,北投區,北投,,115-10
北投區,溫泉,二,213,北投區,北投,,115-9
北投區,溫泉,二,214,北投區,北投,,115-8
北投區,溫泉,二,215,北投區,北投,,115-5
北投區,溫泉,二,216,北投區,北投,,115
北投區,溫泉,二,217,北投區,北投,,115-23
北投區,溫泉,二,218,北投區,北投,,115-23
北投區,溫泉,二,219,北投區,北投,,115-24
北投區,溫泉,二,22,北投區,北投,,124-12
北投區,溫泉,二,220,北投區,北投,,115-25
北投區,溫泉,二,221,北投區,北投,,115-26
北投區,溫泉,二,222,北投區,北投,,115-27
北投區,溫泉,二,223,北投區,北投,,115-28
北投區,溫泉,二,224,北投區,北投,,115-7
北投區,溫泉,二,225,北投區,北投,,132-88
北投區,溫泉,二,226,北投區,北投,,132-23
北投區,溫泉,二,227,北投區,北投,,132-89
北投區,溫泉,二,228,北投區,北投,,116-19
北投區,溫泉,二,23,北投區,北投,,124-12
北投區,溫泉,二,233,北投區,北投,,132-70
北投區,溫泉,二,234,北投區,北投,,132-155
北投區,溫泉,二,235,北投區,北投,,132-80
北投區,溫泉,二,236,北投區,北投,,132-80
北投區,溫泉,二,237,北投區,北投,,132-168
北投區,溫泉,二,238,北投區,北投,,132-22
北投區,溫泉,二,239,北投區,北投,,132-149
北投區,溫泉,二,24,北投區,北投,,124-2
北投區,溫泉,二,240,北投區,北投,,132-150
北投區,溫泉,二,244,北投區,北投,,132-74
北投區,溫泉,二,245,北投區,北投,,132-97
北投區,溫泉,二,246,北投區,北投,,132-96
北投區,溫泉,二,247,北投區,北投,,132-71
北投區,溫泉,二,248,北投區,北投,,132-72
北投區,溫泉,二,249,北投區,北投,,132-21
北投區,溫泉,二,25,北投區,北投,,124-2
北投區,溫泉,二,250,北投區,北投,,132-94
北投區,溫泉,二,252,北投區,北投,,132-95
北投區,溫泉,二,253,北投區,北投,,132-19
北投區,溫泉,二,254,北投區,北投,,132-141
北投區,溫泉,二,255,北投區,北投,,132-144
北投區,溫泉,二,256,北投區,北投,,132-145
北投區,溫泉,二,257,北投區,北投,,132-142
北投區,溫泉,二,258,北投區,北投,,132-143
北投區,溫泉,二,259,北投區,北投,,132-146
北投區,溫泉,二,26,北投區,北投,,124-4
北投區,溫泉,二,260,北投區,北投,,132-75
北投區,溫泉,二,261,北投區,北投,,132-43
北投區,溫泉,二,262,北投區,北投,,132-171
北投區,溫泉,二,263,北投區,北投,,132-81
北投區,溫泉,二,264,北投區,北投,,132-121
北投區,溫泉,二,265,北投區,北投,,132-195
北投區,溫泉,二,266,北投區,北投,,132-194
北投區,溫泉,二,267,北投區,北投,,132-192
北投區,溫泉,二,268,北投區,北投,,132-191
北投區,溫泉,二,269,北投區,北投,,132-190
北投區,溫泉,二,27,北投區,北投,,124-4
北投區,溫泉,二,270,北投區,北投,,132-44
北投區,溫泉,二,271,北投區,北投,,132-188
北投區,溫泉,二,272,北投區,北投,,132-167
北投區,溫泉,二,273,北投區,北投,,132-166
北投區,溫泉,二,274,北投區,北投,,132-165
北投區,溫泉,二,275,北投區,北投,,132-164
北投區,溫泉,二,276,北投區,北投,,132-18
北投區,溫泉,二,277,北投區,北投,,132-18
北投區,溫泉,二,278,北投區,北投,,132-47
北投區,溫泉,二,279,北投區,北投,,132-47
北投區,溫泉,二,28,北投區,北投,,124-14
北投區,溫泉,二,280,北投區,北投,,132-126
北投區,溫泉,二,281,北投區,北投,,132-125
北投區,溫泉,二,282,北投區,北投,,132-48
北投區,溫泉,二,283,北投區,北投,,132-49
北投區,溫泉,二,284,北投區,北投,,132-124
北投區,溫泉,二,285,北投區,北投,,132-16
北投區,溫泉,二,286,北投區,北投,,116-36
北投區,溫泉,二,287,北投區,北投,,116-37
北投區,溫泉,二,288,北投區,北投,,112-16
北投區,溫泉,二,288-1,北投區,北投,,112-18
北投區,溫泉,二,289,北投區,北投,,112-6
北投區,溫泉,二,29,北投區,北投,,124-16
北投區,溫泉,二,290,北投區,北投,,112-10
北投區,溫泉,二,291,北投區,北投,,112-10
北投區,溫泉,二,292,北投區,北投,,112-2
北投區,溫泉,二,293,北投區,北投,,112-17
北投區,溫泉,二,295,北投區,北投,,111-3
北投區,溫泉,二,298,北投區,北投,,112-14
北投區,溫泉,二,299,北投區,北投,,112-15
北投區,溫泉,二,30,北投區,北投,,124-15
北投區,溫泉,二,300,北投區,北投,,112-13
北投區,溫泉,二,301,北投區,北投,,112-3
北投區,溫泉,二,302,北投區,北投,,112-3
北投區,溫泉,二,303,北投區,北投,,114
北投區,溫泉,二,304,北投區,北投,,132
北投區,溫泉,二,308,北投區,北投,,132-127
北投區,溫泉,二,309,北投區,北投,,132-128
北投區,溫泉,二,31,北投區,北投,,124-13
北投區,溫泉,二,310,北投區,北投,,132-14
北投區,溫泉,二,311,北投區,北投,,132-206
北投區,溫泉,二,312,北投區,北投,,132-134
北投區,溫泉,二,313,北投區,北投,,132-177
北投區,溫泉,二,314,北投區,北投,,132-13
北投區,溫泉,二,315,北投區,北投,,132-163
北投區,溫泉,二,316,北投區,北投,,132-12
北投區,溫泉,二,317,北投區,北投,,132-11
北投區,溫泉,二,319,北投區,北投,,132-154
北投區,溫泉,二,32,北投區,北投,,124-1
北投區,溫泉,二,321,北投區,北投,,132-9
北投區,溫泉,二,324,北投區,北投,,132-205
北投區,溫泉,二,325,北投區,北投,,113-2
北投區,溫泉,二,326,北投區,北投,,113
北投區,溫泉,二,327,北投區,北投,,113
北投區,溫泉,二,328,北投區,北投,,113-3
北投區,溫泉,二,329,北投區,北投,,113-123
北投區,溫泉,二,33,北投區,北投,,124-10
北投區,溫泉,二,330,北投區,北投,,113-4
北投區,溫泉,二,331,北投區,北投,,113-125
北投區,溫泉,二,332,北投區,北投,,113-126
北投區,溫泉,二,333,北投區,北投,,132-202
北投區,溫泉,二,334,北投區,北投,,132-3
北投區,溫泉,二,335,北投區,北投,,132-207
北投區,溫泉,二,336,北投區,北投,,109-8
北投區,溫泉,二,337,北投區,北投,,113-1
北投區,溫泉,二,338,北投區,北投,,109-6
北投區,溫泉,二,339,北投區,北投,,112-5
北投區,溫泉,二,34,北投區,北投,,125-9
北投區,溫泉,二,340,北投區,北投,,112-4
北投區,溫泉,二,341,北投區,北投,,112-11
北投區,溫泉,二,342,北投區,北投,,111-2
北投區,溫泉,二,343,北投區,北投,,111-1
北投區,溫泉,二,344,北投區,北投,,81-9
北投區,溫泉,二,345,北投區,北投,,81-21
北投區,溫泉,二,346,北投區,北投,,81-1
北投區,溫泉,二,347,北投區,北投,,81-6
北投區,溫泉,二,348,北投區,北投,,81-15
北投區,溫泉,二,349,北投區,北投,,81-10
北投區,溫泉,二,35,北投區,北投,,125-5
北投區,溫泉,二,350,北投區,北投,,81-5
北投區,溫泉,二,351,北投區,北投,,81-4
北投區,溫泉,二,352,北投區,北投,,81-13
北投區,溫泉,二,353,北投區,北投,,81-11
北投區,溫泉,二,354,北投區,北投,,81-20
北投區,溫泉,二,355,北投區,北投,,81-3
北投區,溫泉,二,356,北投區,北投,,81-12
北投區,溫泉,二,357,北投區,北投,,81-19
北投區,溫泉,二,358,北投區,北投,,81-17
北投區,溫泉,二,359,北投區,北投,,81-16
北投區,溫泉,二,36,北投區,北投,,125-4
北投區,溫泉,二,360,北投區,北投,,81-2
北投區,溫泉,二,361,北投區,北投,,79-5
北投區,溫泉,二,362,北投區,北投,,79-30
北投區,溫泉,二,363,北投區,北投,,79-4
北投區,溫泉,二,364,北投區,北投,,79-29
北投區,溫泉,二,365,北投區,北投,,79-1
北投區,溫泉,二,366,北投區,北投,,79-23
北投區,溫泉,二,367,北投區,北投,,79-22
北投區,溫泉,二,368,北投區,北投,,79-25
北投區,溫泉,二,369,北投區,北投,,82-1
北投區,溫泉,二,37,北投區,北投,,125-8
北投區,溫泉,二,370,北投區,北投,,82-2
北投區,溫泉,二,371,北投區,北投,,82-3
北投區,溫泉,二,372,北投區,北投,,82
北投區,溫泉,二,373,北投區,北投,,83
北投區,溫泉,二,374,北投區,北投,,83-1
北投區,溫泉,二,375,北投區,北投,,83-4
北投區,溫泉,二,376,北投區,北投,,83-7
北投區,溫泉,二,377,北投區,北投,,83-7
北投區,溫泉,二,378,北投區,北投,,83-2
北投區,溫泉,二,379,北投區,北投,,83-5
北投區,溫泉,二,38,北投區,北投,,125-7
北投區,溫泉,二,380,北投區,北投,,83-6
北投區,溫泉,二,381,北投區,北投,,83-3
北投區,溫泉,二,382,北投區,北投,,84-5
北投區,溫泉,二,383,北投區,北投,,84-4
北投區,溫泉,二,384,北投區,北投,,84-3
北投區,溫泉,二,385,北投區,北投,,85-8
北投區,溫泉,二,386,北投區,北投,,85-9
北投區,溫泉,二,387,北投區,北投,,85-6
北投區,溫泉,二,388,北投區,北投,,85-5
北投區,溫泉,二,389,北投區,北投,,85-3
北投區,溫泉,二,39,北投區,北投,,125-3
北投區,溫泉,二,390,北投區,北投,,85-2
北投區,溫泉,二,391,北投區,北投,,85-17
北投區,溫泉,二,392,北投區,北投,,85-1
北投區,溫泉,二,393,北投區,北投,,85
北投區,溫泉,二,394,北投區,北投,,85-7
北投區,溫泉,二,395,北投區,北投,,85-11
北投區,溫泉,二,396,北投區,北投,,84-1
北投區,溫泉,二,397,北投區,北投,,84-7
北投區,溫泉,二,398,北投區,北投,,127-11
北投區,溫泉,二,399,北投區,北投,,110-1
北投區,溫泉,二,4,北投區,北投,,127
北投區,溫泉,二,40,北投區,北投,,125-1
北投區,溫泉,二,400,北投區,北投,,110
北投區,溫泉,二,401,北投區,北投,,109-7
北投區,溫泉,二,402,北投區,北投,,109-3
北投區,溫泉,二,403,北投區,北投,,109
北投區,溫泉,二,404,北投區,北投,,109-17
北投區,溫泉,二,405,北投區,北投,,109-18
北投區,溫泉,二,406,北投區,北投,,109-19
北投區,溫泉,二,407,北投區,北投,,109-19
北投區,溫泉,二,408,北投區,北投,,109-20
北投區,溫泉,二,409,北投區,北投,,109-20
北投區,溫泉,二,41,北投區,北投,,125-6
北投區,溫泉,二,410,北投區,北投,,109-21
北投區,溫泉,二,411,北投區,北投,,109-21
北投區,溫泉,二,412,北投區,北投,,109-4
北投區,溫泉,二,413,北投區,北投,,109-22
北投區,溫泉,二,414,北投區,北投,,109-10
北投區,溫泉,二,415,北投區,北投,,109-5
北投區,溫泉,二,416,北投區,北投,,109-1
北投區,溫泉,二,417,北投區,北投,,109-2
北投區,溫泉,二,418,北投區,北投,,109-11
北投區,溫泉,二,419,北投區,北投,,109-12
北投區,溫泉,二,42,北投區,北投,,126-32
北投區,溫泉,二,420,北投區,北投,,109-13
北投區,溫泉,二,421,北投區,北投,,132-158
北投區,溫泉,二,422,北投區,北投,,132-130
北投區,溫泉,二,423,北投區,北投,,108
北投區,溫泉,二,424,北投區,北投,,107-1
北投區,溫泉,二,425,北投區,北投,,106
北投區,溫泉,二,426,北投區,北投,,107-2
北投區,溫泉,二,427,北投區,北投,,107
北投區,溫泉,二,428,北投區,北投,,107-4
北投區,溫泉,二,429,北投區,北投,,107-5
北投區,溫泉,二,43,北投區,北投,,126-2
北投區,溫泉,二,430,北投區,北投,,107-3
北投區,溫泉,二,431,北投區,北投,,106-2
北投區,溫泉,二,432,北投區,北投,,106-1
北投區,溫泉,二,433,北投區,北投,,105
北投區,溫泉,二,434,北投區,北投,,105-6
北投區,溫泉,二,435,北投區,北投,,105-13
北投區,溫泉,二,436,北投區,北投,,105-15
北投區,溫泉,二,437,北投區,北投,,105-16
北投區,溫泉,二,438,北投區,北投,,105-17
北投區,溫泉,二,44,北投區,北投,,126-22
北投區,溫泉,二,440,北投區,北投,,105-23
北投區,溫泉,二,441,北投區,北投,,105-22
北投區,溫泉,二,442,北投區,北投,,105-21
北投區,溫泉,二,443,北投區,北投,,105-20
北投區,溫泉,二,444,北投區,北投,,105-19
北投區,溫泉,二,445,北投區,北投,,105-1
北投區,溫泉,二,446,北投區,北投,,105-7
北投區,溫泉,二,447,北投區,北投,,105-8
北投區,溫泉,二,448,北投區,北投,,104-2
北投區,溫泉,二,449,北投區,北投,,104-4
北投區,溫泉,二,45,北投區,北投,,126-23
北投區,溫泉,二,450,北投區,北投,,104-1
北投區,溫泉,二,451,北投區,北投,,104
北投區,溫泉,二,452,北投區,北投,,103-1
北投區,溫泉,二,453,北投區,北投,,103-3
北投區,溫泉,二,454,北投區,北投,,103-4
北投區,溫泉,二,455,北投區,北投,,103-5
北投區,溫泉,二,456,北投區,北投,,103-2
北投區,溫泉,二,457,北投區,北投,,102-1
北投區,溫泉,二,458,北投區,北投,,102
北投區,溫泉,二,459,北投區,北投,,101-1
北投區,溫泉,二,46,北投區,北投,,126-21
北投區,溫泉,二,460,北投區,北投,,101
北投區,溫泉,二,461,北投區,北投,,103
北投區,溫泉,二,462,北投區,北投,,100-11
北投區,溫泉,二,463,北投區,北投,,100-4
北投區,溫泉,二,464,北投區,北投,,100-3
北投區,溫泉,二,465,北投區,北投,,100-2
北投區,溫泉,二,466,北投區,北投,,100-1
北投區,溫泉,二,467,北投區,北投,,100-16
北投區,溫泉,二,468,北投區,北投,,100
北投區,溫泉,二,469,北投區,北投,,100-5
北投區,溫泉,二,47,北投區,北投,,126-21
北投區,溫泉,二,470,北投區,北投,,100-6
北投區,溫泉,二,471,北投區,北投,,100-6
北投區,溫泉,二,472,北投區,北投,,100-10
北投區,溫泉,二,473,北投區,北投,,105-2
北投區,溫泉,二,474,北投區,北投,,105-3
北投區,溫泉,二,475,北投區,北投,,108-1
北投區,溫泉,二,476,北投區,北投,,132-10
北投區,溫泉,二,477,北投區,北投,,132-10
北投區,溫泉,二,478,北投區,北投,,132-156
北投區,溫泉,二,479,北投區,北投,,132-157
北投區,溫泉,二,48,北投區,北投,,126-26
北投區,溫泉,二,480,北投區,北投,,100-23
北投區,溫泉,二,481,北投區,北投,,100-23
北投區,溫泉,二,483,北投區,北投,,100-23
北投區,溫泉,二,484,北投區,北投,,100-22
北投區,溫泉,二,485,北投區,北投,,100-22
北投區,溫泉,二,486-3,北投區,北投,,100-22
北投區,溫泉,二,486-4,北投區,北投,,100-22
北投區,溫泉,二,486-7,北投區,北投,,100-22
北投區,溫泉,二,486-8,北投區,北投,,496-3
北投區,溫泉,二,489,北投區,北投,,517-23
北投區,溫泉,二,489-1,北投區,北投,,517-23
北投區,溫泉,二,49,北投區,北投,,126-25
北投區,溫泉,二,490,北投區,北投,,525
北投區,溫泉,二,491,北投區,北投,,525-1
北投區,溫泉,二,492,北投區,北投,,518-4
北投區,溫泉,二,493,北投區,北投,,518-3
北投區,溫泉,二,494,北投區,北投,,518-2
北投區,溫泉,二,495,北投區,北投,,518
北投區,溫泉,二,496,北投區,北投,,518-25
北投區,溫泉,二,497,北投區,北投,,518-12
北投區,溫泉,二,498,北投區,北投,,518-30
北投區,溫泉,二,499,北投區,北投,,518-26
北投區,溫泉,二,5,北投區,北投,,127-1
北投區,溫泉,二,50,北投區,北投,,126-24
北投區,溫泉,二,500,北投區,北投,,518-27
北投區,溫泉,二,501,北投區,北投,,518-31
北投區,溫泉,二,502,北投區,北投,,518-32
北投區,溫泉,二,503,北投區,北投,,518-28
北投區,溫泉,二,504,北投區,北投,,518-34
北投區,溫泉,二,505,北投區,北投,,518-41
北投區,溫泉,二,506,北投區,北投,,518-6
北投區,溫泉,二,507,北投區,北投,,518-24
北投區,溫泉,二,508,北投區,北投,,518-33
北投區,溫泉,二,509,北投區,北投,,518-15
北投區,溫泉,二,51,北投區,北投,,126-20
北投區,溫泉,二,511,北投區,北投,,518-16
北投區,溫泉,二,512,北投區,北投,,518-19
北投區,溫泉,二,513,北投區,北投,,518-20
北投區,溫泉,二,514,北投區,北投,,518-17
北投區,溫泉,二,515,北投區,北投,,518-37
北投區,溫泉,二,516,北投區,北投,,517
北投區,溫泉,二,517,北投區,北投,,517-21
北投區,溫泉,二,518,北投區,北投,,517-11
北投區,溫泉,二,519,北投區,北投,,517-22
北投區,溫泉,二,52,北投區,北投,,126-28
北投區,溫泉,二,520,北投區,北投,,517-20
北投區,溫泉,二,521,北投區,北投,,517-18
北投區,溫泉,二,522,北投區,北投,,517-1
北投區,溫泉,二,523,北投區,北投,,517-10
北投區,溫泉,二,524,北投區,北投,,517-9
北投區,溫泉,二,525,北投區,北投,,517-2
北投區,溫泉,二,526,北投區,北投,,517-3
北投區,溫泉,二,526-1,北投區,北投,,517-3
北投區,溫泉,二,527,北投區,北投,,517-8
北投區,溫泉,二,528,北投區,北投,,517-4
北投區,溫泉,二,529,北投區,北投,,521-16
北投區,溫泉,二,53,北投區,北投,,126-29
北投區,溫泉,二,530,北投區,北投,,518-63
北投區,溫泉,二,531,北投區,北投,,518-63
北投區,溫泉,二,532,北投區,北投,,518-63
北投區,溫泉,二,533,北投區,北投,,518-63
北投區,溫泉,二,534,北投區,北投,,521-30
北投區,溫泉,二,535,北投區,北投,,521-33
北投區,溫泉,二,536,北投區,北投,,521-31
北投區,溫泉,二,537,北投區,北投,,521-32
北投區,溫泉,二,538,北投區,北投,,523
北投區,溫泉,二,539,北投區,北投,,523-1
北投區,溫泉,二,54,北投區,北投,,126-30
北投區,溫泉,二,540,北投區,北投,,523-4
北投區,溫泉,二,541,北投區,北投,,542
北投區,溫泉,二,542,北投區,北投,,542-4
北投區,溫泉,二,543,北投區,北投,,522
北投區,溫泉,二,544,北投區,北投,,521-10
北投區,溫泉,二,545,北投區,北投,,521-9
北投區,溫泉,二,546,北投區,北投,,521-24
北投區,溫泉,二,547,北投區,北投,,521-25
北投區,溫泉,二,548,北投區,北投,,544
北投區,溫泉,二,549,北投區,北投,,521-35
北投區,溫泉,二,55,北投區,北投,,126-31
北投區,溫泉,二,550,北投區,北投,,544-9
北投區,溫泉,二,551,北投區,北投,,519-22
北投區,溫泉,二,553,北投區,北投,,521-21
北投區,溫泉,二,554,北投區,北投,,519-13
北投區,溫泉,二,555,北投區,北投,,519-14
北投區,溫泉,二,556,北投區,北投,,519-15
北投區,溫泉,二,557,北投區,北投,,519-16
北投區,溫泉,二,558,北投區,北投,,519-19
北投區,溫泉,二,559,北投區,北投,,516-6
北投區,溫泉,二,560,北投區,北投,,516-5
北投區,溫泉,二,561,北投區,北投,,516-4
北投區,溫泉,二,562,北投區,北投,,516-3
北投區,溫泉,二,563,北投區,北投,,516
北投區,溫泉,二,564,北投區,北投,,516-14
北投區,溫泉,二,565,北投區,北投,,516-13
北投區,溫泉,二,566,北投區,北投,,516-1
北投區,溫泉,二,567,北投區,北投,,516-1
北投區,溫泉,二,568,北投區,北投,,516-8
北投區,溫泉,二,569,北投區,北投,,516-9
北投區,溫泉,二,570,北投區,北投,,516-7
北投區,溫泉,二,571,北投區,北投,,516-10
北投區,溫泉,二,572,北投區,北投,,515-2
北投區,溫泉,二,573,北投區,北投,,515-17
北投區,溫泉,二,574,北投區,北投,,515-18
北投區,溫泉,二,575,北投區,北投,,515-19
北投區,溫泉,二,576,北投區,北投,,515-27
北投區,溫泉,二,577,北投區,北投,,515-20
北投區,溫泉,二,578,北投區,北投,,515-10
北投區,溫泉,二,579,北投區,北投,,515-24
北投區,溫泉,二,58,北投區,北投,,123
北投區,溫泉,二,580,北投區,北投,,515-36
北投區,溫泉,二,581,北投區,北投,,515-8
北投區,溫泉,二,582,北投區,北投,,515-43
北投區,溫泉,二,583,北投區,北投,,515-7
北投區,溫泉,二,584,北投區,北投,,515-23
北投區,溫泉,二,585,北投區,北投,,515-22
北投區,溫泉,二,586,北投區,北投,,515-6
北投區,溫泉,二,587,北投區,北投,,515-5
北投區,溫泉,二,588,北投區,北投,,515-21
北投區,溫泉,二,589,北投區,北投,,515-25
北投區,溫泉,二,59,北投區,北投,,123-13
北投區,溫泉,二,590,北投區,北投,,515-3
北投區,溫泉,二,591,北投區,北投,,519-7
北投區,溫泉,二,592,北投區,北投,,519-12
北投區,溫泉,二,592,北投區,北投,,519-24
北投區,溫泉,二,593,北投區,北投,,519-1
北投區,溫泉,二,594,北投區,北投,,519-11
北投區,溫泉,二,595,北投區,北投,,519-10
北投區,溫泉,二,596,北投區,北投,,521-8
北投區,溫泉,二,597,北投區,北投,,521-34
北投區,溫泉,二,598,北投區,北投,,520-3
北投區,溫泉,二,599,北投區,北投,,520-1
北投區,溫泉,二,6,北投區,北投,,127-8
北投區,溫泉,二,60,北投區,北投,,123-4
北投區,溫泉,二,600,北投區,北投,,519-21
北投區,溫泉,二,601,北投區,北投,,519-20
北投區,溫泉,二,602,北投區,北投,,515-31
北投區,溫泉,二,603,北投區,北投,,515-30
北投區,溫泉,二,604,北投區,北投,,515-29
北投區,溫泉,二,605,北投區,北投,,515-28
北投區,溫泉,二,606,北投區,北投,,503-6
北投區,溫泉,二,607,北投區,北投,,503-6
北投區,溫泉,二,608,北投區,北投,,503-16
北投區,溫泉,二,609,北投區,北投,,503-17
北投區,溫泉,二,610,北投區,北投,,496-3
北投區,溫泉,二,611,北投區,北投,,502-1
北投區,溫泉,二,612,北投區,北投,,503-1
北投區,溫泉,二,613,北投區,北投,,497-1
北投區,溫泉,二,614,北投區,北投,,503-9
北投區,溫泉,二,615,北投區,北投,,500-6
北投區,溫泉,二,616,北投區,北投,,500
北投區,溫泉,二,617,北投區,北投,,494
北投區,溫泉,二,618,北投區,北投,,501-4
北投區,溫泉,二,618-1,北投區,北投,,502-2
北投區,溫泉,二,640,北投區,北投,,490-10
北投區,溫泉,二,641,北投區,北投,,490-10
北投區,溫泉,二,68,北投區,北投,,129-8
北投區,溫泉,二,69,北投區,北投,,129-4
北投區,溫泉,二,7,北投區,北投,,127-9
北投區,溫泉,二,70,北投區,北投,,129-22
北投區,溫泉,二,71,北投區,北投,,129-23
北投區,溫泉,二,72,北投區,北投,,129-24
北投區,溫泉,二,73,北投區,北投,,129-25
北投區,溫泉,二,74,北投區,北投,,129-26
北投區,溫泉,二,76,北投區,北投,,130
北投區,溫泉,二,77,北投區,北投,,130-4
北投區,溫泉,二,78,北投區,北投,,129-14
北投區,溫泉,二,79,北投區,北投,,130-2
北投區,溫泉,二,8,北投區,北投,,127-9
北投區,溫泉,二,80,北投區,北投,,129-10
北投區,溫泉,二,81,北投區,北投,,129-11
北投區,溫泉,二,82,北投區,北投,,129-5
北投區,溫泉,二,83,北投區,北投,,129-13
北投區,溫泉,二,84,北投區,北投,,129-12
北投區,溫泉,二,85,北投區,北投,,130-8
北投區,溫泉,二,86,北投區,北投,,130-1
北投區,溫泉,二,87,北投區,北投,,129-6
北投區,溫泉,二,88,北投區,北投,,129-17
北投區,溫泉,二,89,北投區,北投,,129-18
北投區,溫泉,二,90,北投區,北投,,129-19
北投區,溫泉,二,91,北投區,北投,,129-20
北投區,溫泉,二,92,北投區,北投,,129-21
北投區,溫泉,二,93,北投區,北投,,132-58
北投區,溫泉,二,95,北投區,北投,,132-86
北投區,溫泉,二,96,北投區,北投,,116-15
北投區,溫泉,二,99,北投區,北投,,116-28
北投區,溫泉,四,1,北投區,北投,,521-7
北投區,溫泉,四,10,北投區,北投,,519-29
北投區,溫泉,四,102,北投區,北投,,500-37
北投區,溫泉,四,103,北投區,北投,,500-38
北投區,溫泉,四,104,北投區,北投,,500-1
北投區,溫泉,四,105,北投區,北投,,500-23
北投區,溫泉,四,106,北投區,北投,,500-24
北投區,溫泉,四,107,北投區,北投,,500-7
北投區,溫泉,四,108,北投區,北投,,500-28
北投區,溫泉,四,109,北投區,北投,,500-25
北投區,溫泉,四,11,北投區,北投,,519-6
北投區,溫泉,四,110,北投區,北投,,500
北投區,溫泉,四,111,北投區,北投,,490-2
北投區,溫泉,四,113,北投區,北投,,489-6
北投區,溫泉,四,113-1,北投區,北投,,489-6
北投區,溫泉,四,114,北投區,北投,,489-51
北投區,溫泉,四,12,北投區,北投,,519-3
北投區,溫泉,四,120,北投區,北投,,489-10
北投區,溫泉,四,120-1,北投區,北投,,489-46
北投區,溫泉,四,121,北投區,北投,,489-11
北投區,溫泉,四,121-1,北投區,北投,,489-58
北投區,溫泉,四,122,北投區,北投,,489-12
北投區,溫泉,四,123,北投區,北投,,489-13
北投區,溫泉,四,124,北投區,北投,,489-14
北投區,溫泉,四,125,北投區,北投,,489-15
北投區,溫泉,四,126,北投區,北投,,489-16
北投區,溫泉,四,127,北投區,北投,,489-2
北投區,溫泉,四,128,北投區,北投,,489-54
北投區,溫泉,四,129,北投區,北投,,489-55
北投區,溫泉,四,13,北投區,北投,,519-26
北投區,溫泉,四,130,北投區,北投,,489-3
北投區,溫泉,四,131,北投區,北投,,1248
北投區,溫泉,四,132,北投區,北投,,503-10
北投區,溫泉,四,134,北投區,北投,,505-8
北投區,溫泉,四,136,北投區,北投,,505
北投區,溫泉,四,137,北投區,北投,,505-6
北投區,溫泉,四,138,北投區,北投,,487-6
北投區,溫泉,四,139,北投區,北投,,487-8
北投區,溫泉,四,14,北投區,北投,,519-25
北投區,溫泉,四,140,北投區,北投,,487-10
北投區,溫泉,四,141,北投區,北投,,487-12
北投區,溫泉,四,142,北投區,北投,,487-14
北投區,溫泉,四,143,北投區,北投,,487-16
北投區,溫泉,四,144,北投區,北投,,487-17
北投區,溫泉,四,145,北投區,北投,,487-18
北投區,溫泉,四,146,北投區,北投,,487-22
北投區,溫泉,四,147,北投區,北投,,487-19
北投區,溫泉,四,148,北投區,北投,,487-20
北投區,溫泉,四,149,北投區,北投,,487-21
北投區,溫泉,四,15,北投區,北投,,519
北投區,溫泉,四,150,北投區,北投,,487-15
北投區,溫泉,四,151,北投區,北投,,487-13
北投區,溫泉,四,152,北投區,北投,,487-11
北投區,溫泉,四,153,北投區,北投,,487-9
北投區,溫泉,四,154,北投區,北投,,487-7
北投區,溫泉,四,155,北投區,北投,,487-5
北投區,溫泉,四,156,北投區,北投,,505-2
北投區,溫泉,四,157,北投區,北投,,487
北投區,溫泉,四,158,北投區,北投,,487-1
北投區,溫泉,四,159,北投區,北投,,487-2
北投區,溫泉,四,16,北投區,北投,,515-12
北投區,溫泉,四,160,北投區,北投,,487-3
北投區,溫泉,四,161,北投區,北投,,488-3
北投區,溫泉,四,164,北投區,北投,,488-8
北投區,溫泉,四,165,北投區,北投,,488-5
北投區,溫泉,四,166,北投區,北投,,488-6
北投區,溫泉,四,167,北投區,北投,,488-7
北投區,溫泉,四,168,北投區,北投,,486
北投區,溫泉,四,17,北投區,北投,,515-11
北投區,溫泉,四,170,北投區,北投,,489-43
北投區,溫泉,四,171,北投區,北投,,489-42
北投區,溫泉,四,172,北投區,北投,,489-41
北投區,溫泉,四,173,北投區,北投,,489-40
北投區,溫泉,四,174,北投區,北投,,489-38
北投區,溫泉,四,175,北投區,北投,,489-36
北投區,溫泉,四,176,北投區,北投,,489-39
北投區,溫泉,四,177,北投區,北投,,489-28
北投區,溫泉,四,178,北投區,北投,,489-29
北投區,溫泉,四,179,北投區,北投,,489-1
北投區,溫泉,四,18,北投區,北投,,515
北投區,溫泉,四,180,北投區,北投,,489-1
北投區,溫泉,四,181,北投區,北投,,489-24
北投區,溫泉,四,182,北投區,北投,,489-24
北投區,溫泉,四,183,北投區,北投,,489-25
北投區,溫泉,四,184,北投區,北投,,489-25
北投區,溫泉,四,185,北投區,北投,,489-26
北投區,溫泉,四,186,北投區,北投,,489-26
北投區,溫泉,四,187,北投區,北投,,489-27
北投區,溫泉,四,188,北投區,北投,,489-27
北投區,溫泉,四,189,北投區,北投,,489-30
北投區,溫泉,四,19,北投區,北投,,515-13
北投區,溫泉,四,190,北投區,北投,,489-31
北投區,溫泉,四,191,北投區,北投,,489-32
北投區,溫泉,四,192,北投區,北投,,489-33
北投區,溫泉,四,193,北投區,北投,,489-35
北投區,溫泉,四,194,北投區,北投,,489-37
北投區,溫泉,四,195,北投區,北投,,489-39
北投區,溫泉,四,196,北投區,北投,,484
北投區,溫泉,四,197,北投區,北投,,484
北投區,溫泉,四,198,北投區,北投,,485
北投區,溫泉,四,199,北投區,北投,,485
北投區,溫泉,四,2,北投區,北投,,521-19
北投區,溫泉,四,20,北投區,北投,,514-7
北投區,溫泉,四,200,北投區,北投,,485-2
北投區,溫泉,四,201,北投區,北投,,485-2
北投區,溫泉,四,202,北投區,北投,,484-1
北投區,溫泉,四,203,北投區,北投,,484-1
北投區,溫泉,四,204,北投區,北投,,489-44
北投區,溫泉,四,205,北投區,北投,,489-44
北投區,溫泉,四,206,北投區,北投,,489-5
北投區,溫泉,四,207,北投區,北投,,489-5
北投區,溫泉,四,208,北投區,北投,,489-5
北投區,溫泉,四,209,北投區,北投,,490
北投區,溫泉,四,209-1,北投區,北投,,490
北投區,溫泉,四,21,北投區,北投,,514-8
北投區,溫泉,四,210,北投區,北投,,483-6
北投區,溫泉,四,211,北投區,北投,,483-29
北投區,溫泉,四,212,北投區,北投,,483-31
北投區,溫泉,四,213,北投區,北投,,483-31
北投區,溫泉,四,214,北投區,北投,,483-32
北投區,溫泉,四,215,北投區,北投,,483-32
北投區,溫泉,四,216,北投區,北投,,483-30
北投區,溫泉,四,217,北投區,北投,,483-24
北投區,溫泉,四,218,北投區,北投,,483-28
北投區,溫泉,四,219,北投區,北投,,483-5
北投區,溫泉,四,22,北投區,北投,,514-9
北投區,溫泉,四,220,北投區,北投,,483-37
北投區,溫泉,四,221,北投區,北投,,483-18
北投區,溫泉,四,222,北投區,北投,,483-18
北投區,溫泉,四,223,北投區,北投,,483-36
北投區,溫泉,四,226,北投區,北投,,483-8
北投區,溫泉,四,229,北投區,北投,,483-25
北投區,溫泉,四,23,北投區,北投,,514-10
北投區,溫泉,四,230,北投區,北投,,483-11
北投區,溫泉,四,231,北投區,北投,,483-12
北投區,溫泉,四,232,北投區,北投,,483-26
北投區,溫泉,四,233,北投區,北投,,480-2
北投區,溫泉,四,234,北投區,北投,,481-9
北投區,溫泉,四,235,北投區,北投,,482-1
北投區,溫泉,四,236,北投區,北投,,481-2
北投區,溫泉,四,237,北投區,北投,,481-2
北投區,溫泉,四,238,北投區,北投,,481-3
北投區,溫泉,四,239,北投區,北投,,481-3
北投區,溫泉,四,24,北投區,北投,,509
北投區,溫泉,四,240,北投區,北投,,481-4
北投區,溫泉,四,241,北投區,北投,,481-4
北投區,溫泉,四,242,北投區,北投,,481-6
北投區,溫泉,四,243,北投區,北投,,481-6
北投區,溫泉,四,244,北投區,北投,,481-7
北投區,溫泉,四,245,北投區,北投,,481-7
北投區,溫泉,四,246-1,北投區,北投,,481
北投區,溫泉,四,246-2,北投區,北投,,481
北投區,溫泉,四,247-1,北投區,北投,,481-1
北投區,溫泉,四,248,北投區,北投,,481-10
北投區,溫泉,四,249,北投區,北投,,473
北投區,溫泉,四,25,北投區,北投,,508-4
北投區,溫泉,四,250,北投區,北投,,473-5
北投區,溫泉,四,251,北投區,北投,,473-1
北投區,溫泉,四,251-1,北投區,北投,,481-11
北投區,溫泉,四,252,北投區,北投,,473-4
北投區,溫泉,四,253,北投區,北投,,477-1
北投區,溫泉,四,254,北投區,北投,,476-1
北投區,溫泉,四,258,北投區,北投,,474-2
北投區,溫泉,四,259,北投區,北投,,474-1
北投區,溫泉,四,26,北投區,北投,,508-5
北投區,溫泉,四,260,北投區,北投,,142-3
北投區,溫泉,四,260-1,北投區,北投,,143-1
北投區,溫泉,四,261,北投區,北投,,445-49
北投區,溫泉,四,262,北投區,北投,,445-34
北投區,溫泉,四,263,北投區,北投,,474-4
北投區,溫泉,四,264,北投區,北投,,435-4
北投區,溫泉,四,265,北投區,北投,,445-50
北投區,溫泉,四,266,北投區,北投,,445-33
北投區,溫泉,四,267,北投區,北投,,445-35
北投區,溫泉,四,268,北投區,北投,,445-3
北投區,溫泉,四,269,北投區,北投,,445-3
北投區,溫泉,四,27,北投區,北投,,514-1
北投區,溫泉,四,270,北投區,北投,,474-3
北投區,溫泉,四,270-1,北投區,北投,,445-36
北投區,溫泉,四,271,北投區,北投,,446-7
北投區,溫泉,四,272,北投區,北投,,472-2
北投區,溫泉,四,273,北投區,北投,,472-1
北投區,溫泉,四,274,北投區,北投,,472
北投區,溫泉,四,275,北投區,北投,,471-2
北投區,溫泉,四,276,北投區,北投,,471-1
北投區,溫泉,四,277,北投區,北投,,471-31
北投區,溫泉,四,278,北投區,北投,,471-30
北投區,溫泉,四,279,北投區,北投,,471-15
北投區,溫泉,四,28,北投區,北投,,514
北投區,溫泉,四,280,北投區,北投,,471-13
北投區,溫泉,四,281,北投區,北投,,471-3
北投區,溫泉,四,282,北投區,北投,,471-3
北投區,溫泉,四,283,北投區,北投,,471
北投區,溫泉,四,284,北投區,北投,,470-6
北投區,溫泉,四,285,北投區,北投,,470-17
北投區,溫泉,四,286,北投區,北投,,470-17
北投區,溫泉,四,287,北投區,北投,,470-7
北投區,溫泉,四,288,北投區,北投,,470-7
北投區,溫泉,四,289,北投區,北投,,470-15
北投區,溫泉,四,290,北投區,北投,,471-11
北投區,溫泉,四,291,北投區,北投,,471-29
北投區,溫泉,四,292,北投區,北投,,471-17
北投區,溫泉,四,294,北投區,北投,,470-8
北投區,溫泉,四,295,北投區,北投,,470-9
北投區,溫泉,四,3,北投區,北投,,521-18
北投區,溫泉,四,30,北投區,北投,,513-2
北投區,溫泉,四,300,北投區,北投,,470-10
北投區,溫泉,四,301,北投區,北投,,470-11
北投區,溫泉,四,303,北投區,北投,,470-18
北投區,溫泉,四,306,北投區,北投,,471-21
北投區,溫泉,四,307,北投區,北投,,471-14
北投區,溫泉,四,309,北投區,北投,,470-12
北投區,溫泉,四,31,北投區,北投,,513
北投區,溫泉,四,310,北投區,北投,,471-4
北投區,溫泉,四,311,北投區,北投,,470-13
北投區,溫泉,四,312,北投區,北投,,445-2
北投區,溫泉,四,313,北投區,北投,,445-2
北投區,溫泉,四,314,北投區,北投,,445-43
北投區,溫泉,四,315,北投區,北投,,445-43
北投區,溫泉,四,316,北投區,北投,,445-39
北投區,溫泉,四,317,北投區,北投,,445-39
北投區,溫泉,四,318,北投區,北投,,445-45
北投區,溫泉,四,319,北投區,北投,,445-45
北投區,溫泉,四,320,北投區,北投,,445-47
北投區,溫泉,四,321,北投區,北投,,445-47
北投區,溫泉,四,322,北投區,北投,,445-48
北投區,溫泉,四,323,北投區,北投,,445-48
北投區,溫泉,四,324,北投區,北投,,445-41
北投區,溫泉,四,325,北投區,北投,,445-40
北投區,溫泉,四,326,北投區,北投,,445-40
北投區,溫泉,四,327,北投區,北投,,445-10
北投區,溫泉,四,328,北投區,北投,,445-10
北投區,溫泉,四,329,北投區,北投,,445-51
北投區,溫泉,四,330,北投區,北投,,445-32
北投區,溫泉,四,331,北投區,北投,,435
北投區,溫泉,四,332,北投區,北投,,435
北投區,溫泉,四,333,北投區,北投,,435-1
北投區,溫泉,四,333-1,北投區,北投,,435-3
北投區,溫泉,四,334,北投區,北投,,445-30
北投區,溫泉,四,335,北投區,北投,,445-5
北投區,溫泉,四,336,北投區,北投,,445-5
北投區,溫泉,四,337,北投區,北投,,445-37
北投區,溫泉,四,338,北投區,北投,,445-37
北投區,溫泉,四,339,北投區,北投,,445-38
北投區,溫泉,四,340,北投區,北投,,445-42
北投區,溫泉,四,341,北投區,北投,,445-42
北投區,溫泉,四,342,北投區,北投,,445-1
北投區,溫泉,四,343,北投區,北投,,445-17
北投區,溫泉,四,344,北投區,北投,,445-17
北投區,溫泉,四,345,北投區,北投,,446-8
北投區,溫泉,四,346,北投區,北投,,446-8
北投區,溫泉,四,347,北投區,北投,,470-5
北投區,溫泉,四,348,北投區,北投,,470-5
北投區,溫泉,四,349,北投區,北投,,470-5
北投區,溫泉,四,350,北投區,北投,,470-4
北投區,溫泉,四,351,北投區,北投,,470-4
北投區,溫泉,四,352,北投區,北投,,470-3
北投區,溫泉,四,353,北投區,北投,,470-3
北投區,溫泉,四,354,北投區,北投,,470-1
北投區,溫泉,四,355,北投區,北投,,470-1
北投區,溫泉,四,356,北投區,北投,,470-16
北投區,溫泉,四,357,北投區,北投,,470-16
北投區,溫泉,四,358,北投區,北投,,470
北投區,溫泉,四,359,北投區,北投,,485-4
北投區,溫泉,四,36,北投區,北投,,512-4
北投區,溫泉,四,360,北投區,北投,,485-4
北投區,溫泉,四,361,北投區,北投,,469
北投區,溫泉,四,362,北投區,北投,,469-1
北投區,溫泉,四,363,北投區,北投,,469-1
北投區,溫泉,四,364,北投區,北投,,469-1
北投區,溫泉,四,365,北投區,北投,,469-1
北投區,溫泉,四,366,北投區,北投,,468-1
北投區,溫泉,四,367,北投區,北投,,468-1
北投區,溫泉,四,368,北投區,北投,,468-1
北投區,溫泉,四,369,北投區,溫泉,四,468-1
北投區,溫泉,四,37,北投區,北投,,512-5
北投區,溫泉,四,370,北投區,北投,,468
北投區,溫泉,四,371,北投區,北投,,467-1
北投區,溫泉,四,372,北投區,北投,,467-6
北投區,溫泉,四,373,北投區,北投,,467-7
北投區,溫泉,四,374,北投區,北投,,467-8
北投區,溫泉,四,375,北投區,北投,,467-9
北投區,溫泉,四,376,北投區,北投,,467-9
北投區,溫泉,四,377,北投區,北投,,467-9
北投區,溫泉,四,378,北投區,北投,,467-2
北投區,溫泉,四,379,北投區,北投,,467-4
北投區,溫泉,四,38,北投區,北投,,512-6
北投區,溫泉,四,380,北投區,北投,,467-4
北投區,溫泉,四,381,北投區,北投,,467-5
北投區,溫泉,四,382,北投區,北投,,465-11
北投區,溫泉,四,383,北投區,北投,,465-10
北投區,溫泉,四,384,北投區,北投,,465-9
北投區,溫泉,四,385,北投區,北投,,465-8
北投區,溫泉,四,386,北投區,北投,,465-3
北投區,溫泉,四,387,北投區,北投,,465-2
北投區,溫泉,四,388,北投區,北投,,465-7
北投區,溫泉,四,389,北投區,北投,,464-10
北投區,溫泉,四,39,北投區,北投,,518-63
北投區,溫泉,四,390,北投區,北投,,464-9
北投區,溫泉,四,391,北投區,北投,,465
北投區,溫泉,四,392,北投區,北投,,464-7
北投區,溫泉,四,393,北投區,北投,,465-4
北投區,溫泉,四,394,北投區,北投,,465-1
北投區,溫泉,四,395,北投區,北投,,466-4
北投區,溫泉,四,396,北投區,北投,,466-3
北投區,溫泉,四,397,北投區,北投,,466-10
北投區,溫泉,四,398,北投區,北投,,466-9
北投區,溫泉,四,399,北投區,北投,,466-1
北投區,溫泉,四,4,北投區,北投,,521-17
北投區,溫泉,四,40,北投區,北投,,512-7
北投區,溫泉,四,400,北投區,北投,,466-8
北投區,溫泉,四,401,北投區,北投,,466-7
北投區,溫泉,四,402,北投區,北投,,466-6
北投區,溫泉,四,403,北投區,北投,,466-5
北投區,溫泉,四,404,北投區,北投,,466
北投區,溫泉,四,405,北投區,北投,,466-2
北投區,溫泉,四,406,北投區,北投,,467
北投區,溫泉,四,407,北投區,北投,,485-3
北投區,溫泉,四,408,北投區,北投,,487-4
北投區,溫泉,四,409,北投區,北投,,461
北投區,溫泉,四,41,北投區,北投,,512-9
北投區,溫泉,四,410,北投區,北投,,461-1
北投區,溫泉,四,412,北投區,北投,,462-1
北投區,溫泉,四,413,北投區,北投,,463
北投區,溫泉,四,414,北投區,北投,,459-5
北投區,溫泉,四,415,北投區,北投,,460-4
北投區,溫泉,四,415-1,北投區,北投,,460-9
北投區,溫泉,四,416,北投區,北投,,460-5
北投區,溫泉,四,417,北投區,北投,,460-10
北投區,溫泉,四,418,北投區,北投,,460-8
北投區,溫泉,四,419,北投區,北投,,460-3
北投區,溫泉,四,42,北投區,北投,,512
北投區,溫泉,四,420,北投區,北投,,460-7
北投區,溫泉,四,421,北投區,北投,,460-2
北投區,溫泉,四,422,北投區,北投,,460-6
北投區,溫泉,四,423,北投區,北投,,460-1
北投區,溫泉,四,424,北投區,北投,,503-12
北投區,溫泉,四,425,北投區,北投,,460
北投區,溫泉,四,426,北投區,北投,,503-7
北投區,溫泉,四,427,北投區,北投,,503-7
北投區,溫泉,四,428,北投區,北投,,459
北投區,溫泉,四,429,北投區,北投,,459
北投區,溫泉,四,43,北投區,北投,,512-10
北投區,溫泉,四,430,北投區,北投,,503-13
北投區,溫泉,四,431,北投區,北投,,459-6
北投區,溫泉,四,432,北投區,北投,,463-1
北投區,溫泉,四,433,北投區,北投,,459-3
北投區,溫泉,四,434,北投區,北投,,459-1
北投區,溫泉,四,434-1,北投區,北投,,459-7
北投區,溫泉,四,435,北投區,北投,,463-2
北投區,溫泉,四,436,北投區,北投,,459-4
北投區,溫泉,四,437,北投區,北投,,459-4
北投區,溫泉,四,438,北投區,北投,,459-8
北投區,溫泉,四,439,北投區,北投,,458-4
北投區,溫泉,四,44,北投區,北投,,511
北投區,溫泉,四,440,北投區,北投,,458-6
北投區,溫泉,四,441,北投區,北投,,458-5
北投區,溫泉,四,442,北投區,北投,,458-7
北投區,溫泉,四,443,北投區,北投,,447-12
北投區,溫泉,四,444,北投區,北投,,447-14
北投區,溫泉,四,445,北投區,北投,,447
北投區,溫泉,四,446,北投區,北投,,458-3
北投區,溫泉,四,447,北投區,北投,,458-2
北投區,溫泉,四,448,北投區,北投,,458-1
北投區,溫泉,四,449,北投區,北投,,458
北投區,溫泉,四,45,北投區,北投,,511-2
北投區,溫泉,四,450,北投區,北投,,464-6
北投區,溫泉,四,451,北投區,北投,,464-5
北投區,溫泉,四,452,北投區,北投,,464-4
北投區,溫泉,四,453,北投區,北投,,464-3
北投區,溫泉,四,454,北投區,北投,,464-2
北投區,溫泉,四,455,北投區,北投,,464-1
北投區,溫泉,四,456,北投區,北投,,464
北投區,溫泉,四,457,北投區,北投,,446-4
北投區,溫泉,四,458,北投區,北投,,446-5
北投區,溫泉,四,459,北投區,北投,,446-3
北投區,溫泉,四,46,北投區,北投,,511-1
北投區,溫泉,四,461,北投區,北投,,446
北投區,溫泉,四,463,北投區,北投,,446-2
北投區,溫泉,四,466,北投區,北投,,447-3
北投區,溫泉,四,468,北投區,北投,,447-8
北投區,溫泉,四,469,北投區,北投,,447-9
北投區,溫泉,四,47,北投區,北投,,510
北投區,溫泉,四,470,北投區,北投,,447-9
北投區,溫泉,四,472,北投區,北投,,447-5
北投區,溫泉,四,474,北投區,北投,,447-7
北投區,溫泉,四,475,北投區,北投,,447-6
北投區,溫泉,四,476,北投區,北投,,447-17
北投區,溫泉,四,478,北投區,北投,,447-6
北投區,溫泉,四,48,北投區,北投,,510-1
北投區,溫泉,四,480,北投區,北投,,444-2
北投區,溫泉,四,481,北投區,北投,,444-2
北投區,溫泉,四,482,北投區,北投,,444-17
北投區,溫泉,四,483,北投區,北投,,444-14
北投區,溫泉,四,484,北投區,北投,,444-20
北投區,溫泉,四,485,北投區,北投,,444-15
北投區,溫泉,四,486,北投區,北投,,444-21
北投區,溫泉,四,487,北投區,北投,,443
北投區,溫泉,四,488,北投區,北投,,443-1
北投區,溫泉,四,489,北投區,北投,,444-16
北投區,溫泉,四,49,北投區,北投,,509-3
北投區,溫泉,四,490,北投區,北投,,444-13
北投區,溫泉,四,491,北投區,北投,,444-1
北投區,溫泉,四,492,北投區,北投,,444-22
北投區,溫泉,四,493,北投區,北投,,444-22
北投區,溫泉,四,494,北投區,北投,,444-24
北投區,溫泉,四,495,北投區,北投,,444-24
北投區,溫泉,四,497,北投區,北投,,444-23
北投區,溫泉,四,499,北投區,北投,,444-7
北投區,溫泉,四,5,北投區,北投,,521-6
北投區,溫泉,四,50,北投區,北投,,509-6
北投區,溫泉,四,500,北投區,北投,,444-8
北投區,溫泉,四,501,北投區,北投,,444-8
北投區,溫泉,四,506,北投區,北投,,444-9
北投區,溫泉,四,508,北投區,北投,,445-15
北投區,溫泉,四,509,北投區,北投,,445-12
北投區,溫泉,四,510,北投區,北投,,445-12
北投區,溫泉,四,511,北投區,北投,,445-23
北投區,溫泉,四,512,北投區,北投,,445-23
北投區,溫泉,四,513,北投區,北投,,445-11
北投區,溫泉,四,514,北投區,北投,,445-11
北投區,溫泉,四,516,北投區,北投,,445-20
北投區,溫泉,四,518,北投區,北投,,445-19
北投區,溫泉,四,52,北投區,北投,,509-1
北投區,溫泉,四,520,北投區,北投,,445-16
北投區,溫泉,四,521,北投區,北投,,445-22
北投區,溫泉,四,522,北投區,北投,,445-18
北投區,溫泉,四,523,北投區,北投,,444-19
北投區,溫泉,四,524,北投區,北投,,444-4
北投區,溫泉,四,525,北投區,北投,,444-3
北投區,溫泉,四,526,北投區,北投,,444-18
北投區,溫泉,四,527,北投區,北投,,442
北投區,溫泉,四,528,北投區,北投,,442-1
北投區,溫泉,四,529,北投區,北投,,442-2
北投區,溫泉,四,53,北投區,北投,,509-7
北投區,溫泉,四,530,北投區,北投,,503-11
北投區,溫泉,四,530-1,北投區,北投,,503-14
北投區,溫泉,四,531,北投區,北投,,503-15
北投區,溫泉,四,532,北投區,北投,,518-60
北投區,溫泉,四,533,北投區,北投,,518-60
北投區,溫泉,四,534,北投區,北投,,518-61
北投區,溫泉,四,535,北投區,北投,,536-11
北投區,溫泉,四,536,北投區,北投,,536-11
北投區,溫泉,四,54,北投區,北投,,508
北投區,溫泉,四,540,北投區,北投,,507-25
北投區,溫泉,四,541,北投區,北投,,507-54
北投區,溫泉,四,542,北投區,北投,,507-26
北投區,溫泉,四,543,北投區,北投,,507-26
北投區,溫泉,四,544,北投區,北投,,507-2
北投區,溫泉,四,545,北投區,北投,,507-2
北投區,溫泉,四,546,北投區,北投,,507-1
北投區,溫泉,四,547,北投區,北投,,507-12
北投區,溫泉,四,548,北投區,北投,,507-3
北投區,溫泉,四,549,北投區,北投,,507-11
北投區,溫泉,四,55,北投區,北投,,508-6
北投區,溫泉,四,550,北投區,北投,,507-8
北投區,溫泉,四,551,北投區,北投,,507-5
北投區,溫泉,四,552,北投區,北投,,507-27
北投區,溫泉,四,553,北投區,北投,,507-6
北投區,溫泉,四,554,北投區,北投,,507-55
北投區,溫泉,四,555,北投區,北投,,507-39
北投區,溫泉,四,556,北投區,北投,,507-40
北投區,溫泉,四,557,北投區,北投,,507-58
北投區,溫泉,四,558,北投區,北投,,507-41
北投區,溫泉,四,559,北投區,北投,,507
北投區,溫泉,四,560,北投區,北投,,507-28
北投區,溫泉,四,561,北投區,北投,,507-42
北投區,溫泉,四,562,北投區,北投,,507-29
北投區,溫泉,四,563,北投區,北投,,507-43
北投區,溫泉,四,564,北投區,北投,,507-30
北投區,溫泉,四,566,北投區,北投,,507-31
北投區,溫泉,四,568,北投區,北投,,507-32
北投區,溫泉,四,57,北投區,北投,,518-62
北投區,溫泉,四,570,北投區,北投,,507-33
北投區,溫泉,四,571,北投區,北投,,507-47
北投區,溫泉,四,573,北投區,北投,,507-34
北投區,溫泉,四,574,北投區,北投,,507-48
北投區,溫泉,四,575,北投區,北投,,507-61
北投區,溫泉,四,576,北投區,北投,,507-35
北投區,溫泉,四,577,北投區,北投,,507-49
北投區,溫泉,四,579,北投區,北投,,507-50
北投區,溫泉,四,58,北投區,北投,,508-7
北投區,溫泉,四,581,北投區,北投,,507-37
北投區,溫泉,四,582,北投區,北投,,507-64
北投區,溫泉,四,583,北投區,北投,,457-11
北投區,溫泉,四,584,北投區,北投,,457-11
北投區,溫泉,四,584-1,北投區,北投,,457-11
北投區,溫泉,四,585,北投區,北投,,457-67
北投區,溫泉,四,586,北投區,北投,,457-33
北投區,溫泉,四,587,北投區,北投,,457-43
北投區,溫泉,四,588,北投區,北投,,457-43
北投區,溫泉,四,589,北投區,北投,,457-68
北投區,溫泉,四,59,北投區,北投,,508-2
北投區,溫泉,四,590,北投區,北投,,457-34
北投區,溫泉,四,591,北投區,北投,,457-44
北投區,溫泉,四,592,北投區,北投,,457-45
北投區,溫泉,四,593,北投區,北投,,457-35
北投區,溫泉,四,594,北投區,北投,,457-46
北投區,溫泉,四,595,北投區,北投,,457-47
北投區,溫泉,四,596,北投區,北投,,457-61
北投區,溫泉,四,597,北投區,北投,,457-63
北投區,溫泉,四,598,北投區,北投,,457-65
北投區,溫泉,四,599,北投區,北投,,457-64
北投區,溫泉,四,6,北投區,北投,,520-2
北投區,溫泉,四,600,北投區,北投,,457-62
北投區,溫泉,四,601,北投區,北投,,457-36
北投區,溫泉,四,602,北投區,北投,,507-36
北投區,溫泉,四,603,北投區,北投,,507-4
北投區,溫泉,四,603-1,北投區,北投,,536-13
北投區,溫泉,四,604,北投區,北投,,507-24
北投區,溫泉,四,605,北投區,北投,,507-15
北投區,溫泉,四,606,北投區,北投,,507-56
北投區,溫泉,四,607,北投區,北投,,507-16
北投區,溫泉,四,608,北投區,北投,,507-17
北投區,溫泉,四,609,北投區,北投,,507-18
北投區,溫泉,四,61,北投區,北投,,518-63
北投區,溫泉,四,610,北投區,北投,,507-19
北投區,溫泉,四,611,北投區,北投,,507-20
北投區,溫泉,四,612,北投區,北投,,507-21
北投區,溫泉,四,613,北投區,北投,,507-22
北投區,溫泉,四,614,北投區,北投,,507-52
北投區,溫泉,四,615,北投區,北投,,507-51
北投區,溫泉,四,616,北投區,北投,,507-38
北投區,溫泉,四,617,北投區,北投,,457-37
北投區,溫泉,四,618,北投區,北投,,457
北投區,溫泉,四,619,北投區,北投,,457-3
北投區,溫泉,四,62,北投區,北投,,518-63
北投區,溫泉,四,620,北投區,北投,,457-39
北投區,溫泉,四,621,北投區,北投,,457-4
北投區,溫泉,四,622,北投區,北投,,457-40
北投區,溫泉,四,623,北投區,北投,,457-41
北投區,溫泉,四,624,北投區,北投,,457-5
北投區,溫泉,四,625,北投區,北投,,457-42
北投區,溫泉,四,625-1,北投區,北投,,457-6
北投區,溫泉,四,626,北投區,北投,,457-7
北投區,溫泉,四,627,北投區,北投,,457-8
北投區,溫泉,四,628,北投區,北投,,457-9
北投區,溫泉,四,629,北投區,北投,,457-59
北投區,溫泉,四,63,北投區,北投,,503-6
北投區,溫泉,四,631,北投區,北投,,457-48
北投區,溫泉,四,633,北投區,北投,,457-49
北投區,溫泉,四,635,北投區,北投,,457-50
北投區,溫泉,四,637,北投區,北投,,457-51
北投區,溫泉,四,639,北投區,北投,,457-52
北投區,溫泉,四,64,北投區,北投,,503-6
北投區,溫泉,四,641,北投區,北投,,457-53
北投區,溫泉,四,642,北投區,北投,,457-18
北投區,溫泉,四,643,北投區,北投,,457-54
北投區,溫泉,四,645,北投區,北投,,457-55
北投區,溫泉,四,647,北投區,北投,,457-56
北投區,溫泉,四,649,北投區,北投,,457-57
北投區,溫泉,四,65,北投區,北投,,515-26
北投區,溫泉,四,651,北投區,北投,,457-58
北投區,溫泉,四,652,北投區,北投,,456-8
北投區,溫泉,四,653,北投區,北投,,456-10
北投區,溫泉,四,654,北投區,北投,,456-11
北投區,溫泉,四,655,北投區,北投,,456
北投區,溫泉,四,656,北投區,北投,,456-12
北投區,溫泉,四,657,北投區,北投,,456-6
北投區,溫泉,四,658,北投區,北投,,456-6
北投區,溫泉,四,659,北投區,北投,,456-2
北投區,溫泉,四,66,北投區,北投,,515-9
北投區,溫泉,四,660,北投區,北投,,456-14
北投區,溫泉,四,661,北投區,北投,,456-14
北投區,溫泉,四,662,北投區,北投,,1261
北投區,溫泉,四,663,北投區,北投,,1261
北投區,溫泉,四,664,北投區,北投,,448
北投區,溫泉,四,665,北投區,北投,,448
北投區,溫泉,四,666,北投區,北投,,448-1
北投區,溫泉,四,667,北投區,北投,,449
北投區,溫泉,四,668,北投區,北投,,450
北投區,溫泉,四,669,北投區,北投,,451
北投區,溫泉,四,67,北投區,北投,,515-42
北投區,溫泉,四,670,北投區,北投,,451-1
北投區,溫泉,四,671,北投區,北投,,451-2
北投區,溫泉,四,672,北投區,北投,,451-3
北投區,溫泉,四,673,北投區,北投,,441
北投區,溫泉,四,674,北投區,北投,,441-3
北投區,溫泉,四,675,北投區,北投,,441-11
北投區,溫泉,四,676,北投區,北投,,441-12
北投區,溫泉,四,677,北投區,北投,,441-1
北投區,溫泉,四,679,北投區,北投,,457-10
北投區,溫泉,四,68,北投區,北投,,515-41
北投區,溫泉,四,680,北投區,北投,,457-23
北投區,溫泉,四,681,北投區,北投,,457-24
北投區,溫泉,四,682,北投區,北投,,457-25
北投區,溫泉,四,683,北投區,北投,,457-26
北投區,溫泉,四,684,北投區,北投,,457-27
北投區,溫泉,四,685,北投區,北投,,457-28
北投區,溫泉,四,686,北投區,北投,,457-29
北投區,溫泉,四,687,北投區,北投,,457-30
北投區,溫泉,四,688,北投區,北投,,457-31
北投區,溫泉,四,689,北投區,北投,,457-32
北投區,溫泉,四,69,北投區,北投,,515-1
北投區,溫泉,四,690,北投區,北投,,456-13
北投區,溫泉,四,691,北投區,北投,,456-5
北投區,溫泉,四,692,北投區,北投,,456-7
北投區,溫泉,四,693,北投區,北投,,456-3
北投區,溫泉,四,694,北投區,北投,,456-4
北投區,溫泉,四,695,北投區,北投,,455
北投區,溫泉,四,696,北投區,北投,,455-3
北投區,溫泉,四,697,北投區,北投,,455-4
北投區,溫泉,四,698,北投區,北投,,455-2
北投區,溫泉,四,699,北投區,北投,,454
北投區,溫泉,四,7,北投區,北投,,520
北投區,溫泉,四,70,北投區,北投,,515-28
北投區,溫泉,四,700,北投區,北投,,454-2
北投區,溫泉,四,701,北投區,北投,,454-3
北投區,溫泉,四,702,北投區,北投,,453
北投區,溫泉,四,703,北投區,北投,,452
北投區,溫泉,四,705,北投區,北投,,452-3
北投區,溫泉,四,707,北投區,北投,,440
北投區,溫泉,四,708,北投區,北投,,440-4
北投區,溫泉,四,709,北投區,北投,,440-3
北投區,溫泉,四,71,北投區,北投,,503-1
北投區,溫泉,四,710,北投區,北投,,438
北投區,溫泉,四,711,北投區,北投,,439-2
北投區,溫泉,四,712,北投區,北投,,507-14
北投區,溫泉,四,713,北投區,北投,,457-1
北投區,溫泉,四,714,北投區,北投,,457-1
北投區,溫泉,四,718,北投區,北投,,440-1
北投區,溫泉,四,718-1,北投區,北投,,452-1
北投區,溫泉,四,718-2,北投區,北投,,453-1
北投區,溫泉,四,718-3,北投區,北投,,454-1
北投區,溫泉,四,718-4,北投區,北投,,455-1
北投區,溫泉,四,72,北投區,北投,,501-6
北投區,溫泉,四,73,北投區,北投,,1247
北投區,溫泉,四,74,北投區,北投,,500-34
北投區,溫泉,四,75,北投區,北投,,500-35
北投區,溫泉,四,76,北投區,北投,,500-2
北投區,溫泉,四,77,北投區,北投,,500-3
北投區,溫泉,四,78,北投區,北投,,489
北投區,溫泉,四,79,北投區,北投,,504-27
北投區,溫泉,四,8,北投區,北投,,519-2
北投區,溫泉,四,80,北投區,北投,,504-26
北投區,溫泉,四,81,北投區,北投,,504-16
北投區,溫泉,四,82,北投區,北投,,504-24
北投區,溫泉,四,83,北投區,北投,,504-22
北投區,溫泉,四,84,北投區,北投,,504-9
北投區,溫泉,四,85,北投區,北投,,504-8
北投區,溫泉,四,86,北投區,北投,,504-7
北投區,溫泉,四,87,北投區,北投,,504-6
北投區,溫泉,四,88,北投區,北投,,504-12
北投區,溫泉,四,89,北投區,北投,,504-11
北投區,溫泉,四,9,北投區,北投,,519-28
北投區,溫泉,四,90,北投區,北投,,500-29
北投區,溫泉,四,91,北投區,北投,,504-35
北投區,秀山,一,1,北投區,頂北投,山腳,154-3
北投區,秀山,一,10,北投區,頂北投,山腳,157-50
北投區,秀山,一,102,北投區,嗄嘮別,嗄嘮別,23-2
北投區,秀山,一,103,北投區,嗄嘮別,嗄嘮別,23-1
北投區,秀山,一,104,北投區,嗄嘮別,嗄嘮別,24-1
北投區,秀山,一,106,北投區,嗄嘮別,嗄嘮別,20-1
北投區,秀山,一,107,北投區,嗄嘮別,嗄嘮別,20-4
北投區,秀山,一,109,北投區,嗄嘮別,嗄嘮別,21-29
北投區,秀山,一,11,北投區,頂北投,山腳,157-4
北投區,秀山,一,110,北投區,嗄嘮別,嗄嘮別,21-28
北投區,秀山,一,111,北投區,嗄嘮別,嗄嘮別,21-27
北投區,秀山,一,112,北投區,嗄嘮別,嗄嘮別,21-4
北投區,秀山,一,113,北投區,嗄嘮別,嗄嘮別,21-37
北投區,秀山,一,114,北投區,嗄嘮別,嗄嘮別,22-22
北投區,秀山,一,116,北投區,嗄嘮別,嗄嘮別,22-18
北投區,秀山,一,117,北投區,嗄嘮別,嗄嘮別,22-18
北投區,秀山,一,118,北投區,嗄嘮別,嗄嘮別,22-16
北投區,秀山,一,119,北投區,嗄嘮別,嗄嘮別,22-15
北投區,秀山,一,12,北投區,頂北投,山腳,156
北投區,秀山,一,120,北投區,嗄嘮別,嗄嘮別,22-22
北投區,秀山,一,121,北投區,嗄嘮別,嗄嘮別,22-22
北投區,秀山,一,122,北投區,嗄嘮別,嗄嘮別,21-9
北投區,秀山,一,123,北投區,嗄嘮別,嗄嘮別,21-19
北投區,秀山,一,124,北投區,嗄嘮別,嗄嘮別,21-21
北投區,秀山,一,125,北投區,嗄嘮別,嗄嘮別,21-20
北投區,秀山,一,126,北投區,嗄嘮別,嗄嘮別,21-16
北投區,秀山,一,127,北投區,嗄嘮別,嗄嘮別,21-18
北投區,秀山,一,128,北投區,嗄嘮別,嗄嘮別,21-17
北投區,秀山,一,129,北投區,嗄嘮別,嗄嘮別,21-15
北投區,秀山,一,13,北投區,頂北投,山腳,152-81
北投區,秀山,一,130,北投區,嗄嘮別,嗄嘮別,21-14
北投區,秀山,一,131,北投區,嗄嘮別,嗄嘮別,21-13
北投區,秀山,一,132,北投區,嗄嘮別,嗄嘮別,21-12
北投區,秀山,一,133,北投區,嗄嘮別,嗄嘮別,21-11
北投區,秀山,一,134,北投區,嗄嘮別,嗄嘮別,18-1
北投區,秀山,一,135,北投區,嗄嘮別,嗄嘮別,19-32
北投區,秀山,一,136,北投區,嗄嘮別,嗄嘮別,18-14
北投區,秀山,一,137,北投區,嗄嘮別,嗄嘮別,13-24
北投區,秀山,一,138,北投區,嗄嘮別,嗄嘮別,13-363
北投區,秀山,一,139,北投區,嗄嘮別,嗄嘮別,13-364
北投區,秀山,一,14,北投區,頂北投,山腳,156-3
北投區,秀山,一,140,北投區,嗄嘮別,嗄嘮別,13-365
北投區,秀山,一,141,北投區,嗄嘮別,嗄嘮別,13-219
北投區,秀山,一,142,北投區,嗄嘮別,嗄嘮別,13-218
北投區,秀山,一,143,北投區,嗄嘮別,嗄嘮別,13-329
北投區,秀山,一,144,北投區,嗄嘮別,嗄嘮別,13-330
北投區,秀山,一,145,北投區,嗄嘮別,嗄嘮別,13-217
北投區,秀山,一,146,北投區,嗄嘮別,嗄嘮別,13-97
北投區,秀山,一,147,北投區,嗄嘮別,嗄嘮別,13-54
北投區,秀山,一,148,北投區,嗄嘮別,嗄嘮別,13-55
北投區,秀山,一,149,北投區,嗄嘮別,嗄嘮別,13-220
北投區,秀山,一,15,北投區,頂北投,山腳,152-82
北投區,秀山,一,150,北投區,嗄嘮別,嗄嘮別,13-56
北投區,秀山,一,151,北投區,嗄嘮別,嗄嘮別,13-53
北投區,秀山,一,152,北投區,嗄嘮別,嗄嘮別,13-52
北投區,秀山,一,153,北投區,嗄嘮別,嗄嘮別,13-51
北投區,秀山,一,154,北投區,嗄嘮別,嗄嘮別,13-23
北投區,秀山,一,155,北投區,嗄嘮別,嗄嘮別,21-5
北投區,秀山,一,156,北投區,嗄嘮別,嗄嘮別,21-2
北投區,秀山,一,157,北投區,嗄嘮別,嗄嘮別,21-30
北投區,秀山,一,158,北投區,嗄嘮別,嗄嘮別,21-22
北投區,秀山,一,159,北投區,嗄嘮別,嗄嘮別,21-33
北投區,秀山,一,16,北投區,頂北投,山腳,152-47
北投區,秀山,一,160,北投區,嗄嘮別,嗄嘮別,21-24
北投區,秀山,一,161,北投區,嗄嘮別,嗄嘮別,21-25
北投區,秀山,一,162,北投區,嗄嘮別,嗄嘮別,21-26
北投區,秀山,一,163,北投區,嗄嘮別,嗄嘮別,22-21
北投區,秀山,一,164,北投區,嗄嘮別,嗄嘮別,22-3
北投區,秀山,一,165,北投區,嗄嘮別,嗄嘮別,1147
北投區,秀山,一,166,北投區,嗄嘮別,嗄嘮別,21-6
北投區,秀山,一,167,北投區,嗄嘮別,嗄嘮別,13-50
北投區,秀山,一,168,北投區,嗄嘮別,嗄嘮別,13-49
北投區,秀山,一,169,北投區,嗄嘮別,嗄嘮別,13-48
北投區,秀山,一,17,北投區,頂北投,山腳,152-80
北投區,秀山,一,170,北投區,嗄嘮別,嗄嘮別,13-47
北投區,秀山,一,171,北投區,嗄嘮別,嗄嘮別,13-46
北投區,秀山,一,172,北投區,嗄嘮別,嗄嘮別,13-45
北投區,秀山,一,173,北投區,嗄嘮別,嗄嘮別,13-44
北投區,秀山,一,174,北投區,嗄嘮別,嗄嘮別,13-43
北投區,秀山,一,175,北投區,嗄嘮別,嗄嘮別,13-42
北投區,秀山,一,176,北投區,嗄嘮別,嗄嘮別,13-41
北投區,秀山,一,177,北投區,嗄嘮別,嗄嘮別,13-40
北投區,秀山,一,178,北投區,嗄嘮別,嗄嘮別,13-2
北投區,秀山,一,179,北投區,頂北投,山腳,147-149
北投區,秀山,一,18,北投區,頂北投,山腳,152-46
北投區,秀山,一,180,北投區,頂北投,山腳,152-6
北投區,秀山,一,182,北投區,頂北投,山腳,151-4
北投區,秀山,一,183,北投區,頂北投,山腳,152-7
北投區,秀山,一,184,北投區,頂北投,山腳,151-5
北投區,秀山,一,185,北投區,頂北投,山腳,151
北投區,秀山,一,186,北投區,頂北投,山腳,151-3
北投區,秀山,一,187,北投區,頂北投,山腳,668-7
北投區,秀山,一,188,北投區,頂北投,山腳,668-5
北投區,秀山,一,189,北投區,頂北投,山腳,151-2
北投區,秀山,一,19,北投區,頂北投,山腳,152-2
北投區,秀山,一,190,北投區,頂北投,山腳,142-9
北投區,秀山,一,191,北投區,頂北投,山腳,150-3
北投區,秀山,一,192,北投區,頂北投,山腳,150-2
北投區,秀山,一,193,北投區,嗄嘮別,嗄嘮別,13-15
北投區,秀山,一,194,北投區,嗄嘮別,嗄嘮別,13
北投區,秀山,一,195,北投區,嗄嘮別,嗄嘮別,13-8
北投區,秀山,一,196,北投區,頂北投,山腳,147-149
北投區,秀山,一,197,北投區,頂北投,山腳,147-149
北投區,秀山,一,198,北投區,頂北投,山腳,147-149
北投區,秀山,一,199,北投區,嗄嘮別,嗄嘮別,13-5
北投區,秀山,一,2,北投區,頂北投,山腳,664-3
北投區,秀山,一,20,北投區,頂北投,山腳,152-45
北投區,秀山,一,200,北投區,嗄嘮別,嗄嘮別,13-6
北投區,秀山,一,201,北投區,嗄嘮別,嗄嘮別,13-7
北投區,秀山,一,202,北投區,嗄嘮別,嗄嘮別,13-84
北投區,秀山,一,203,北投區,嗄嘮別,嗄嘮別,13-83
北投區,秀山,一,204,北投區,嗄嘮別,嗄嘮別,13-82
北投區,秀山,一,205,北投區,嗄嘮別,嗄嘮別,13-81
北投區,秀山,一,206,北投區,嗄嘮別,嗄嘮別,13-80
北投區,秀山,一,207,北投區,嗄嘮別,嗄嘮別,13-78
北投區,秀山,一,208,北投區,嗄嘮別,嗄嘮別,13-77
北投區,秀山,一,209,北投區,嗄嘮別,嗄嘮別,13-76
北投區,秀山,一,21,北投區,頂北投,山腳,152-44
北投區,秀山,一,210,北投區,嗄嘮別,嗄嘮別,13-79
北投區,秀山,一,211,北投區,嗄嘮別,嗄嘮別,13-4
北投區,秀山,一,212,北投區,嗄嘮別,嗄嘮別,13-85
北投區,秀山,一,213,北投區,嗄嘮別,嗄嘮別,13-86
北投區,秀山,一,214,北投區,嗄嘮別,嗄嘮別,13-87
北投區,秀山,一,215,北投區,嗄嘮別,嗄嘮別,13-88
北投區,秀山,一,216,北投區,嗄嘮別,嗄嘮別,13-89
北投區,秀山,一,217,北投區,頂北投,山腳,121-3
北投區,秀山,一,218,北投區,頂北投,山腳,120-4
北投區,秀山,一,219,北投區,頂北投,山腳,120-3
北投區,秀山,一,22,北投區,頂北投,山腳,152-43
北投區,秀山,一,220,北投區,頂北投,山腳,117-11
北投區,秀山,一,221,北投區,頂北投,山腳,117-7
北投區,秀山,一,222,北投區,嗄嘮別,嗄嘮別,13-95
北投區,秀山,一,223,北投區,嗄嘮別,嗄嘮別,13-94
北投區,秀山,一,224,北投區,嗄嘮別,嗄嘮別,13-93
北投區,秀山,一,225,北投區,嗄嘮別,嗄嘮別,13-92
北投區,秀山,一,226,北投區,嗄嘮別,嗄嘮別,13-91
北投區,秀山,一,227,北投區,嗄嘮別,嗄嘮別,13-34
北投區,秀山,一,228,北投區,嗄嘮別,嗄嘮別,13-72
北投區,秀山,一,229,北投區,嗄嘮別,嗄嘮別,13-106
北投區,秀山,一,23,北投區,頂北投,山腳,152-42
北投區,秀山,一,230,北投區,嗄嘮別,嗄嘮別,13-98
北投區,秀山,一,231,北投區,嗄嘮別,嗄嘮別,13-99
北投區,秀山,一,232,北投區,嗄嘮別,嗄嘮別,13-105
北投區,秀山,一,233,北投區,嗄嘮別,嗄嘮別,13-104
北投區,秀山,一,234,北投區,嗄嘮別,嗄嘮別,13-100
北投區,秀山,一,235,北投區,嗄嘮別,嗄嘮別,13-101
北投區,秀山,一,236,北投區,嗄嘮別,嗄嘮別,13-28
北投區,秀山,一,237,北投區,嗄嘮別,嗄嘮別,13-27
北投區,秀山,一,238,北投區,嗄嘮別,嗄嘮別,13-27
北投區,秀山,一,239,北投區,嗄嘮別,嗄嘮別,13-28
北投區,秀山,一,24,北投區,頂北投,山腳,125-41
北投區,秀山,一,240,北投區,嗄嘮別,嗄嘮別,13-18
北投區,秀山,一,241,北投區,嗄嘮別,嗄嘮別,13-3
北投區,秀山,一,242,北投區,嗄嘮別,嗄嘮別,13-221
北投區,秀山,一,243,北投區,嗄嘮別,嗄嘮別,13-116
北投區,秀山,一,244,北投區,嗄嘮別,嗄嘮別,13-115
北投區,秀山,一,245,北投區,嗄嘮別,嗄嘮別,13-222
北投區,秀山,一,246,北投區,嗄嘮別,嗄嘮別,13-223
北投區,秀山,一,247,北投區,嗄嘮別,嗄嘮別,13-114
北投區,秀山,一,248,北投區,嗄嘮別,嗄嘮別,13-113
北投區,秀山,一,249,北投區,嗄嘮別,嗄嘮別,13-224
北投區,秀山,一,25,北投區,頂北投,山腳,152-40
北投區,秀山,一,250,北投區,嗄嘮別,嗄嘮別,13-225
北投區,秀山,一,251,北投區,嗄嘮別,嗄嘮別,13-112
北投區,秀山,一,252,北投區,嗄嘮別,嗄嘮別,13-112
北投區,秀山,一,253,北投區,嗄嘮別,嗄嘮別,13-111
北投區,秀山,一,254,北投區,嗄嘮別,嗄嘮別,13-111
北投區,秀山,一,255,北投區,嗄嘮別,嗄嘮別,13-226
北投區,秀山,一,256,北投區,嗄嘮別,嗄嘮別,13-227
北投區,秀山,一,257,北投區,嗄嘮別,嗄嘮別,13-227
北投區,秀山,一,258,北投區,嗄嘮別,嗄嘮別,13-110
北投區,秀山,一,259,北投區,嗄嘮別,嗄嘮別,13-109
北投區,秀山,一,26,北投區,頂北投,山腳,152-3
北投區,秀山,一,260,北投區,嗄嘮別,嗄嘮別,13-228
北投區,秀山,一,261,北投區,嗄嘮別,嗄嘮別,13-228
北投區,秀山,一,262,北投區,嗄嘮別,嗄嘮別,13-229
北投區,秀山,一,263,北投區,嗄嘮別,嗄嘮別,13-229
北投區,秀山,一,264,北投區,嗄嘮別,嗄嘮別,13-108
北投區,秀山,一,265,北投區,嗄嘮別,嗄嘮別,13-69
北投區,秀山,一,266,北投區,嗄嘮別,嗄嘮別,13-69
北投區,秀山,一,267,北投區,嗄嘮別,嗄嘮別,13-35
北投區,秀山,一,268,北投區,嗄嘮別,嗄嘮別,13-35
北投區,秀山,一,269,北投區,嗄嘮別,嗄嘮別,13-62
北投區,秀山,一,27,北投區,頂北投,山腳,152-57
北投區,秀山,一,270,北投區,嗄嘮別,嗄嘮別,13-62
北投區,秀山,一,271,北投區,嗄嘮別,嗄嘮別,13-63
北投區,秀山,一,272,北投區,嗄嘮別,嗄嘮別,13-63
北投區,秀山,一,273,北投區,嗄嘮別,嗄嘮別,13-64
北投區,秀山,一,274,北投區,嗄嘮別,嗄嘮別,13-65
北投區,秀山,一,275,北投區,嗄嘮別,嗄嘮別,13-250
北投區,秀山,一,276,北投區,嗄嘮別,嗄嘮別,13-250
北投區,秀山,一,277,北投區,嗄嘮別,嗄嘮別,13-249
北投區,秀山,一,278,北投區,嗄嘮別,嗄嘮別,13-249
北投區,秀山,一,279,北投區,嗄嘮別,嗄嘮別,13-37
北投區,秀山,一,28,北投區,頂北投,山腳,152-6
北投區,秀山,一,280,北投區,嗄嘮別,嗄嘮別,13-248
北投區,秀山,一,281,北投區,嗄嘮別,嗄嘮別,13-247
北投區,秀山,一,282,北投區,嗄嘮別,嗄嘮別,13-135
北投區,秀山,一,283,北投區,嗄嘮別,嗄嘮別,13-134
北投區,秀山,一,284,北投區,嗄嘮別,嗄嘮別,13-246
北投區,秀山,一,285,北投區,嗄嘮別,嗄嘮別,13-245
北投區,秀山,一,286,北投區,嗄嘮別,嗄嘮別,13-133
北投區,秀山,一,287,北投區,嗄嘮別,嗄嘮別,13-132
北投區,秀山,一,288,北投區,嗄嘮別,嗄嘮別,13-244
北投區,秀山,一,289,北投區,嗄嘮別,嗄嘮別,13-243
北投區,秀山,一,29,北投區,頂北投,山腳,152-92
北投區,秀山,一,290,北投區,嗄嘮別,嗄嘮別,13-131
北投區,秀山,一,291,北投區,嗄嘮別,嗄嘮別,13-130
北投區,秀山,一,292,北投區,嗄嘮別,嗄嘮別,13-242
北投區,秀山,一,293,北投區,嗄嘮別,嗄嘮別,13-241
北投區,秀山,一,294,北投區,嗄嘮別,嗄嘮別,13-129
北投區,秀山,一,295,北投區,嗄嘮別,嗄嘮別,13-128
北投區,秀山,一,296,北投區,嗄嘮別,嗄嘮別,13-240
北投區,秀山,一,297,北投區,嗄嘮別,嗄嘮別,13-239
北投區,秀山,一,298,北投區,嗄嘮別,嗄嘮別,13-127
北投區,秀山,一,299,北投區,嗄嘮別,嗄嘮別,13-126
北投區,秀山,一,3,北投區,頂北投,山腳,152-78
北投區,秀山,一,30,北投區,頂北投,山腳,152-91
北投區,秀山,一,300,北投區,嗄嘮別,嗄嘮別,13-238
北投區,秀山,一,301,北投區,嗄嘮別,嗄嘮別,13-237
北投區,秀山,一,302,北投區,嗄嘮別,嗄嘮別,13-125
北投區,秀山,一,303,北投區,嗄嘮別,嗄嘮別,13-124
北投區,秀山,一,304,北投區,嗄嘮別,嗄嘮別,13-236
北投區,秀山,一,305,北投區,嗄嘮別,嗄嘮別,13-235
北投區,秀山,一,306,北投區,嗄嘮別,嗄嘮別,13-123
北投區,秀山,一,307,北投區,嗄嘮別,嗄嘮別,13-122
北投區,秀山,一,308,北投區,嗄嘮別,嗄嘮別,13-234
北投區,秀山,一,309,北投區,嗄嘮別,嗄嘮別,13-233
北投區,秀山,一,310,北投區,嗄嘮別,嗄嘮別,13-121
北投區,秀山,一,311,北投區,嗄嘮別,嗄嘮別,13-120
北投區,秀山,一,312,北投區,嗄嘮別,嗄嘮別,13-232
北投區,秀山,一,313,北投區,嗄嘮別,嗄嘮別,13-213
北投區,秀山,一,314,北投區,嗄嘮別,嗄嘮別,13-119
北投區,秀山,一,315,北投區,嗄嘮別,嗄嘮別,13-230
北投區,秀山,一,316,北投區,嗄嘮別,嗄嘮別,13-118
北投區,秀山,一,317,北投區,嗄嘮別,嗄嘮別,13-152
北投區,秀山,一,318,北投區,嗄嘮別,嗄嘮別,13-19
北投區,秀山,一,319,北投區,嗄嘮別,嗄嘮別,13-251
北投區,秀山,一,32,北投區,頂北投,山腳,152-55
北投區,秀山,一,320,北投區,嗄嘮別,嗄嘮別,13-151
北投區,秀山,一,321,北投區,嗄嘮別,嗄嘮別,13-150
北投區,秀山,一,322,北投區,嗄嘮別,嗄嘮別,13-252
北投區,秀山,一,323,北投區,嗄嘮別,嗄嘮別,13-253
北投區,秀山,一,324,北投區,嗄嘮別,嗄嘮別,13-149
北投區,秀山,一,325,北投區,嗄嘮別,嗄嘮別,13-148
北投區,秀山,一,326,北投區,嗄嘮別,嗄嘮別,13-254
北投區,秀山,一,327,北投區,嗄嘮別,嗄嘮別,13-147
北投區,秀山,一,328,北投區,嗄嘮別,嗄嘮別,13-255
北投區,秀山,一,329,北投區,嗄嘮別,嗄嘮別,13-146
北投區,秀山,一,330,北投區,嗄嘮別,嗄嘮別,13-256
北投區,秀山,一,331,北投區,嗄嘮別,嗄嘮別,13-257
北投區,秀山,一,332,北投區,嗄嘮別,嗄嘮別,13-145
北投區,秀山,一,333,北投區,嗄嘮別,嗄嘮別,13-144
北投區,秀山,一,334,北投區,嗄嘮別,嗄嘮別,13-258
北投區,秀山,一,335,北投區,嗄嘮別,嗄嘮別,13-259
北投區,秀山,一,336,北投區,嗄嘮別,嗄嘮別,13-143
北投區,秀山,一,337,北投區,嗄嘮別,嗄嘮別,13-142
北投區,秀山,一,338,北投區,嗄嘮別,嗄嘮別,13-260
北投區,秀山,一,339,北投區,嗄嘮別,嗄嘮別,13-261
北投區,秀山,一,34,北投區,頂北投,山腳,152-89
北投區,秀山,一,340,北投區,嗄嘮別,嗄嘮別,13-141
北投區,秀山,一,341,北投區,嗄嘮別,嗄嘮別,13-140
北投區,秀山,一,342,北投區,嗄嘮別,嗄嘮別,13-262
北投區,秀山,一,343,北投區,嗄嘮別,嗄嘮別,13-263
北投區,秀山,一,344,北投區,嗄嘮別,嗄嘮別,13-139
北投區,秀山,一,345,北投區,嗄嘮別,嗄嘮別,13-138
北投區,秀山,一,346,北投區,嗄嘮別,嗄嘮別,13-264
北投區,秀山,一,347,北投區,嗄嘮別,嗄嘮別,13-265
北投區,秀山,一,348,北投區,嗄嘮別,嗄嘮別,13-137
北投區,秀山,一,349,北投區,嗄嘮別,嗄嘮別,13-136
北投區,秀山,一,350,北投區,嗄嘮別,嗄嘮別,13-266
北投區,秀山,一,351,北投區,嗄嘮別,嗄嘮別,13-267
北投區,秀山,一,352,北投區,嗄嘮別,嗄嘮別,13-361
北投區,秀山,一,353,北投區,嗄嘮別,嗄嘮別,13-169
北投區,秀山,一,354,北投區,嗄嘮別,嗄嘮別,13-268
北投區,秀山,一,354-1,北投區,嗄嘮別,嗄嘮別,13-362
北投區,秀山,一,355,北投區,嗄嘮別,嗄嘮別,13-269
北投區,秀山,一,356,北投區,嗄嘮別,嗄嘮別,13-168
北投區,秀山,一,357,北投區,嗄嘮別,嗄嘮別,13-167
北投區,秀山,一,358,北投區,嗄嘮別,嗄嘮別,13-270
北投區,秀山,一,359,北投區,嗄嘮別,嗄嘮別,13-166
北投區,秀山,一,36,北投區,頂北投,山腳,152-53
北投區,秀山,一,360,北投區,嗄嘮別,嗄嘮別,13-271
北投區,秀山,一,361,北投區,嗄嘮別,嗄嘮別,13-271
北投區,秀山,一,362,北投區,嗄嘮別,嗄嘮別,13-165
北投區,秀山,一,363,北投區,嗄嘮別,嗄嘮別,13-164
北投區,秀山,一,364,北投區,嗄嘮別,嗄嘮別,13-273
北投區,秀山,一,365,北投區,嗄嘮別,嗄嘮別,13-274
北投區,秀山,一,366,北投區,嗄嘮別,嗄嘮別,13-163
北投區,秀山,一,367,北投區,嗄嘮別,嗄嘮別,13-162
北投區,秀山,一,368,北投區,嗄嘮別,嗄嘮別,13-275
北投區,秀山,一,369,北投區,嗄嘮別,嗄嘮別,13-276
北投區,秀山,一,37,北投區,頂北投,山腳,152-88
北投區,秀山,一,370,北投區,嗄嘮別,嗄嘮別,13-161
北投區,秀山,一,371,北投區,嗄嘮別,嗄嘮別,13-160
北投區,秀山,一,372,北投區,嗄嘮別,嗄嘮別,13-277
北投區,秀山,一,373,北投區,嗄嘮別,嗄嘮別,13-278
北投區,秀山,一,374,北投區,嗄嘮別,嗄嘮別,13-159
北投區,秀山,一,375,北投區,嗄嘮別,嗄嘮別,13-158
北投區,秀山,一,376,北投區,嗄嘮別,嗄嘮別,13-279
北投區,秀山,一,377,北投區,嗄嘮別,嗄嘮別,13-280
北投區,秀山,一,378,北投區,嗄嘮別,嗄嘮別,13-157
北投區,秀山,一,379,北投區,嗄嘮別,嗄嘮別,13-156
北投區,秀山,一,38,北投區,頂北投,山腳,152-87
北投區,秀山,一,380,北投區,嗄嘮別,嗄嘮別,13-281
北投區,秀山,一,381,北投區,嗄嘮別,嗄嘮別,13-282
北投區,秀山,一,382,北投區,嗄嘮別,嗄嘮別,13-155
北投區,秀山,一,383,北投區,嗄嘮別,嗄嘮別,13-154
北投區,秀山,一,384,北投區,嗄嘮別,嗄嘮別,13-283
北投區,秀山,一,385,北投區,嗄嘮別,嗄嘮別,13-284
北投區,秀山,一,386,北投區,嗄嘮別,嗄嘮別,13-153
北投區,秀山,一,387,北投區,嗄嘮別,嗄嘮別,13-189
北投區,秀山,一,388,北投區,嗄嘮別,嗄嘮別,13-20
北投區,秀山,一,389,北投區,嗄嘮別,嗄嘮別,13-285
北投區,秀山,一,39,北投區,頂北投,山腳,152-52
北投區,秀山,一,390,北投區,嗄嘮別,嗄嘮別,13-188
北投區,秀山,一,391,北投區,嗄嘮別,嗄嘮別,13-187
北投區,秀山,一,392,北投區,嗄嘮別,嗄嘮別,13-286
北投區,秀山,一,393,北投區,嗄嘮別,嗄嘮別,13-287
北投區,秀山,一,394,北投區,嗄嘮別,嗄嘮別,13-186
北投區,秀山,一,395,北投區,嗄嘮別,嗄嘮別,13-185
北投區,秀山,一,396,北投區,嗄嘮別,嗄嘮別,13-288
北投區,秀山,一,397,北投區,嗄嘮別,嗄嘮別,13-289
北投區,秀山,一,398,北投區,嗄嘮別,嗄嘮別,13-184
北投區,秀山,一,399,北投區,嗄嘮別,嗄嘮別,13-183
北投區,秀山,一,4,北投區,頂北投,山腳,152-79
北投區,秀山,一,40,北投區,頂北投,山腳,152-51
北投區,秀山,一,400,北投區,嗄嘮別,嗄嘮別,13-290
北投區,秀山,一,401,北投區,嗄嘮別,嗄嘮別,13-291
北投區,秀山,一,402,北投區,嗄嘮別,嗄嘮別,13-182
北投區,秀山,一,403,北投區,嗄嘮別,嗄嘮別,13-181
北投區,秀山,一,404,北投區,嗄嘮別,嗄嘮別,13-292
北投區,秀山,一,405,北投區,嗄嘮別,嗄嘮別,13-293
北投區,秀山,一,406,北投區,嗄嘮別,嗄嘮別,13-180
北投區,秀山,一,407,北投區,嗄嘮別,嗄嘮別,13-179
北投區,秀山,一,408,北投區,嗄嘮別,嗄嘮別,13-294
北投區,秀山,一,409,北投區,嗄嘮別,嗄嘮別,13-295
北投區,秀山,一,41,北投區,頂北投,山腳,152-50
北投區,秀山,一,410,北投區,嗄嘮別,嗄嘮別,13-178
北投區,秀山,一,411,北投區,嗄嘮別,嗄嘮別,13-177
北投區,秀山,一,412,北投區,嗄嘮別,嗄嘮別,13-296
北投區,秀山,一,413,北投區,嗄嘮別,嗄嘮別,13-297
北投區,秀山,一,414,北投區,嗄嘮別,嗄嘮別,13-176
北投區,秀山,一,415,北投區,嗄嘮別,嗄嘮別,13-175
北投區,秀山,一,416,北投區,嗄嘮別,嗄嘮別,13-298
北投區,秀山,一,417,北投區,嗄嘮別,嗄嘮別,13-299
北投區,秀山,一,418,北投區,嗄嘮別,嗄嘮別,13-174
北投區,秀山,一,419,北投區,嗄嘮別,嗄嘮別,13-173
北投區,秀山,一,42,北投區,頂北投,山腳,152-49
北投區,秀山,一,420,北投區,嗄嘮別,嗄嘮別,13-300
北投區,秀山,一,421,北投區,嗄嘮別,嗄嘮別,13-301
北投區,秀山,一,421-1,北投區,嗄嘮別,嗄嘮別,13-171
北投區,秀山,一,422,北投區,嗄嘮別,嗄嘮別,13-302
北投區,秀山,一,423,北投區,嗄嘮別,嗄嘮別,14-10
北投區,秀山,一,424,北投區,嗄嘮別,嗄嘮別,14-11
北投區,秀山,一,425,北投區,嗄嘮別,嗄嘮別,13-202
北投區,秀山,一,426,北投區,嗄嘮別,嗄嘮別,13-303
北投區,秀山,一,427,北投區,嗄嘮別,嗄嘮別,13-201
北投區,秀山,一,428,北投區,嗄嘮別,嗄嘮別,13-200
北投區,秀山,一,429,北投區,嗄嘮別,嗄嘮別,13-304
北投區,秀山,一,43,北投區,頂北投,山腳,152-4
北投區,秀山,一,430,北投區,嗄嘮別,嗄嘮別,13-305
北投區,秀山,一,431,北投區,嗄嘮別,嗄嘮別,13-199
北投區,秀山,一,432,北投區,嗄嘮別,嗄嘮別,13-198
北投區,秀山,一,433,北投區,嗄嘮別,嗄嘮別,13-306
北投區,秀山,一,434,北投區,嗄嘮別,嗄嘮別,13-307
北投區,秀山,一,435,北投區,嗄嘮別,嗄嘮別,13-197
北投區,秀山,一,436,北投區,嗄嘮別,嗄嘮別,13-196
北投區,秀山,一,437,北投區,嗄嘮別,嗄嘮別,13-308
北投區,秀山,一,438,北投區,嗄嘮別,嗄嘮別,13-309
北投區,秀山,一,439,北投區,嗄嘮別,嗄嘮別,13-195
北投區,秀山,一,44,北投區,頂北投,山腳,664-4
北投區,秀山,一,440,北投區,嗄嘮別,嗄嘮別,13-194
北投區,秀山,一,441,北投區,嗄嘮別,嗄嘮別,13-310
北投區,秀山,一,442,北投區,嗄嘮別,嗄嘮別,13-311
北投區,秀山,一,443,北投區,嗄嘮別,嗄嘮別,13-193
北投區,秀山,一,444,北投區,嗄嘮別,嗄嘮別,13-192
北投區,秀山,一,445,北投區,嗄嘮別,嗄嘮別,13-312
北投區,秀山,一,446,北投區,嗄嘮別,嗄嘮別,13-313
北投區,秀山,一,447,北投區,嗄嘮別,嗄嘮別,13-191
北投區,秀山,一,448,北投區,嗄嘮別,嗄嘮別,13-314
北投區,秀山,一,449,北投區,嗄嘮別,嗄嘮別,13-190
北投區,秀山,一,45,北投區,頂北投,山腳,156-1
北投區,秀山,一,450,北投區,嗄嘮別,嗄嘮別,13-216
北投區,秀山,一,451,北投區,嗄嘮別,嗄嘮別,13-21
北投區,秀山,一,452,北投區,嗄嘮別,嗄嘮別,13-315
北投區,秀山,一,453,北投區,嗄嘮別,嗄嘮別,13-215
北投區,秀山,一,454,北投區,嗄嘮別,嗄嘮別,13-214
北投區,秀山,一,455,北投區,嗄嘮別,嗄嘮別,13-316
北投區,秀山,一,456,北投區,嗄嘮別,嗄嘮別,13-317
北投區,秀山,一,457,北投區,嗄嘮別,嗄嘮別,13-213
北投區,秀山,一,458,北投區,嗄嘮別,嗄嘮別,13-212
北投區,秀山,一,459,北投區,嗄嘮別,嗄嘮別,13-318
北投區,秀山,一,46,北投區,頂北投,山腳,156-2
北投區,秀山,一,460,北投區,嗄嘮別,嗄嘮別,13-319
北投區,秀山,一,461,北投區,嗄嘮別,嗄嘮別,13-211
北投區,秀山,一,462,北投區,嗄嘮別,嗄嘮別,13-210
北投區,秀山,一,463,北投區,嗄嘮別,嗄嘮別,13-320
北投區,秀山,一,464,北投區,嗄嘮別,嗄嘮別,13-321
北投區,秀山,一,465,北投區,嗄嘮別,嗄嘮別,13-209
北投區,秀山,一,466,北投區,嗄嘮別,嗄嘮別,13-208
北投區,秀山,一,467,北投區,嗄嘮別,嗄嘮別,13-322
北投區,秀山,一,468,北投區,嗄嘮別,嗄嘮別,13-323
北投區,秀山,一,469,北投區,嗄嘮別,嗄嘮別,13-207
北投區,秀山,一,47,北投區,頂北投,山腳,152-53
北投區,秀山,一,470,北投區,嗄嘮別,嗄嘮別,13-206
北投區,秀山,一,471,北投區,嗄嘮別,嗄嘮別,13-324
北投區,秀山,一,472,北投區,嗄嘮別,嗄嘮別,13-325
北投區,秀山,一,473,北投區,嗄嘮別,嗄嘮別,13-205
北投區,秀山,一,474,北投區,嗄嘮別,嗄嘮別,13-204
北投區,秀山,一,475,北投區,嗄嘮別,嗄嘮別,13-326
北投區,秀山,一,476,北投區,嗄嘮別,嗄嘮別,13-203
北投區,秀山,一,477,北投區,嗄嘮別,嗄嘮別,13-327
北投區,秀山,一,478,北投區,嗄嘮別,嗄嘮別,13-366
北投區,秀山,一,479,北投區,嗄嘮別,嗄嘮別,13-328
北投區,秀山,一,48,北投區,頂北投,山腳,152-84
北投區,秀山,一,480,北投區,嗄嘮別,嗄嘮別,14-4
北投區,秀山,一,481,北投區,嗄嘮別,嗄嘮別,13-25
北投區,秀山,一,481-1,北投區,嗄嘮別,嗄嘮別,14-11
北投區,秀山,一,482,北投區,嗄嘮別,嗄嘮別,15-9
北投區,秀山,一,483,北投區,嗄嘮別,嗄嘮別,13-9
北投區,秀山,一,484,北投區,嗄嘮別,嗄嘮別,18-4
北投區,秀山,一,487,北投區,嗄嘮別,嗄嘮別,26-4
北投區,秀山,一,488,北投區,嗄嘮別,嗄嘮別,26-5
北投區,秀山,一,489,北投區,嗄嘮別,嗄嘮別,24-4
北投區,秀山,一,49,北投區,頂北投,山腳,156-4
北投區,秀山,一,490,北投區,嗄嘮別,嗄嘮別,24
北投區,秀山,一,491,北投區,嗄嘮別,嗄嘮別,24
北投區,秀山,一,492,北投區,嗄嘮別,嗄嘮別,22-28
北投區,秀山,一,493,北投區,嗄嘮別,嗄嘮別,26-28
北投區,秀山,一,494,北投區,嗄嘮別,嗄嘮別,25-6
北投區,秀山,一,495,北投區,嗄嘮別,嗄嘮別,25-3
北投區,秀山,一,496,北投區,嗄嘮別,嗄嘮別,26-27
北投區,秀山,一,497,北投區,嗄嘮別,嗄嘮別,26-15
北投區,秀山,一,498,北投區,嗄嘮別,嗄嘮別,20-9
北投區,秀山,一,499,北投區,嗄嘮別,嗄嘮別,20
北投區,秀山,一,50,北投區,頂北投,山腳,157-6
北投區,秀山,一,500,北投區,嗄嘮別,嗄嘮別,20-8
北投區,秀山,一,501,北投區,嗄嘮別,嗄嘮別,20-10
北投區,秀山,一,502,北投區,嗄嘮別,嗄嘮別,21-41
北投區,秀山,一,503,北投區,嗄嘮別,嗄嘮別,21-10
北投區,秀山,一,505,北投區,嗄嘮別,嗄嘮別,20-3
北投區,秀山,一,506,北投區,嗄嘮別,嗄嘮別,18-7
北投區,秀山,一,509,北投區,嗄嘮別,嗄嘮別,20-6
北投區,秀山,一,51,北投區,頂北投,山腳,156-5
北投區,秀山,一,510,北投區,嗄嘮別,嗄嘮別,19
北投區,秀山,一,511,北投區,嗄嘮別,嗄嘮別,18-6
北投區,秀山,一,512,北投區,嗄嘮別,嗄嘮別,18-8
北投區,秀山,一,517,北投區,嗄嘮別,嗄嘮別,28-35
北投區,秀山,一,518,北投區,嗄嘮別,嗄嘮別,28-34
北投區,秀山,一,519,北投區,嗄嘮別,嗄嘮別,28-33
北投區,秀山,一,52,北投區,頂北投,山腳,152-85
北投區,秀山,一,520,北投區,嗄嘮別,嗄嘮別,28-36
北投區,秀山,一,520,北投區,嗄嘮別,嗄嘮別,28-37
北投區,秀山,一,521,北投區,嗄嘮別,嗄嘮別,28-37
北投區,秀山,一,522,北投區,嗄嘮別,嗄嘮別,28-38
北投區,秀山,一,523,北投區,嗄嘮別,嗄嘮別,28-39
北投區,秀山,一,524,北投區,嗄嘮別,嗄嘮別,28-40
北投區,秀山,一,525,北投區,嗄嘮別,嗄嘮別,27-32
北投區,秀山,一,526,北投區,嗄嘮別,嗄嘮別,26-26
北投區,秀山,一,527,北投區,嗄嘮別,嗄嘮別,26-23
北投區,秀山,一,528,北投區,嗄嘮別,嗄嘮別,27
北投區,秀山,一,529,北投區,嗄嘮別,嗄嘮別,20-7
北投區,秀山,一,53,北投區,頂北投,山腳,0-68
北投區,秀山,一,530,北投區,嗄嘮別,嗄嘮別,25-2
北投區,秀山,一,531,北投區,嗄嘮別,嗄嘮別,25-5
北投區,秀山,一,532,北投區,嗄嘮別,嗄嘮別,26-9
北投區,秀山,一,533,北投區,嗄嘮別,嗄嘮別,26
北投區,秀山,一,534,北投區,嗄嘮別,嗄嘮別,27-33
北投區,秀山,一,535,北投區,嗄嘮別,嗄嘮別,27-34
北投區,秀山,一,536,北投區,嗄嘮別,嗄嘮別,26-22
北投區,秀山,一,537,北投區,嗄嘮別,嗄嘮別,26-24
北投區,秀山,一,538,北投區,嗄嘮別,嗄嘮別,26-25
北投區,秀山,一,539,北投區,嗄嘮別,嗄嘮別,26-25
北投區,秀山,一,54,北投區,頂北投,山腳,0-74
北投區,秀山,一,540,北投區,嗄嘮別,嗄嘮別,26-7
北投區,秀山,一,541,北投區,嗄嘮別,嗄嘮別,26-11
北投區,秀山,一,542,北投區,嗄嘮別,嗄嘮別,27-36
北投區,秀山,一,543,北投區,嗄嘮別,嗄嘮別,28-3
北投區,秀山,一,543-1,北投區,嗄嘮別,嗄嘮別,28-2
北投區,秀山,一,544,北投區,嗄嘮別,嗄嘮別,28-6
北投區,秀山,一,545,北投區,嗄嘮別,嗄嘮別,28-41
北投區,秀山,一,546,北投區,嗄嘮別,嗄嘮別,28-42
北投區,秀山,一,547,北投區,嗄嘮別,嗄嘮別,28-43
北投區,秀山,一,548,北投區,嗄嘮別,嗄嘮別,28-44
北投區,秀山,一,549,北投區,嗄嘮別,嗄嘮別,28-45
北投區,秀山,一,55,北投區,頂北投,山腳,147-149
北投區,秀山,一,550,北投區,嗄嘮別,嗄嘮別,27-27
北投區,秀山,一,551,北投區,嗄嘮別,嗄嘮別,27-26
北投區,秀山,一,552,北投區,嗄嘮別,嗄嘮別,27-4
北投區,秀山,一,553,北投區,嗄嘮別,嗄嘮別,27-7
北投區,秀山,一,554,北投區,嗄嘮別,嗄嘮別,27-29
北投區,秀山,一,555,北投區,嗄嘮別,嗄嘮別,27-28
北投區,秀山,一,556,北投區,嗄嘮別,嗄嘮別,28-61
北投區,秀山,一,557,北投區,嗄嘮別,嗄嘮別,28-52
北投區,秀山,一,558,北投區,嗄嘮別,嗄嘮別,28-51
北投區,秀山,一,559,北投區,嗄嘮別,嗄嘮別,28-50
北投區,秀山,一,56,北投區,頂北投,山腳,147-149
北投區,秀山,一,560,北投區,嗄嘮別,嗄嘮別,28-49
北投區,秀山,一,561,北投區,嗄嘮別,嗄嘮別,28-48
北投區,秀山,一,562,北投區,嗄嘮別,嗄嘮別,28-47
北投區,秀山,一,563,北投區,嗄嘮別,嗄嘮別,28-53
北投區,秀山,一,564,北投區,嗄嘮別,嗄嘮別,28-57
北投區,秀山,一,565,北投區,嗄嘮別,嗄嘮別,27-25
北投區,秀山,一,566,北投區,嗄嘮別,嗄嘮別,28-30
北投區,秀山,一,567,北投區,嗄嘮別,嗄嘮別,28-28
北投區,秀山,一,568,北投區,嗄嘮別,嗄嘮別,28-26
北投區,秀山,一,569,北投區,嗄嘮別,嗄嘮別,28-24
北投區,秀山,一,57,北投區,頂北投,山腳,152-86
北投區,秀山,一,570,北投區,嗄嘮別,嗄嘮別,28-22
北投區,秀山,一,571,北投區,嗄嘮別,嗄嘮別,28-20
北投區,秀山,一,572,北投區,嗄嘮別,嗄嘮別,28-18
北投區,秀山,一,573,北投區,嗄嘮別,嗄嘮別,28-56
北投區,秀山,一,574,北投區,嗄嘮別,嗄嘮別,28-55
北投區,秀山,一,575,北投區,嗄嘮別,嗄嘮別,28-16
北投區,秀山,一,576,北投區,嗄嘮別,嗄嘮別,28-14
北投區,秀山,一,577,北投區,嗄嘮別,嗄嘮別,28-54
北投區,秀山,一,578,北投區,嗄嘮別,嗄嘮別,31-5
北投區,秀山,一,579,北投區,嗄嘮別,嗄嘮別,31-2
北投區,秀山,一,580,北投區,嗄嘮別,嗄嘮別,31-10
北投區,秀山,一,581,北投區,嗄嘮別,嗄嘮別,28-15
北投區,秀山,一,582,北投區,嗄嘮別,嗄嘮別,28-17
北投區,秀山,一,583,北投區,嗄嘮別,嗄嘮別,28-19
北投區,秀山,一,584,北投區,嗄嘮別,嗄嘮別,28-21
北投區,秀山,一,585,北投區,嗄嘮別,嗄嘮別,28-23
北投區,秀山,一,586,北投區,嗄嘮別,嗄嘮別,28-25
北投區,秀山,一,587,北投區,嗄嘮別,嗄嘮別,28-27
北投區,秀山,一,588,北投區,嗄嘮別,嗄嘮別,28-29
北投區,秀山,一,589,北投區,嗄嘮別,嗄嘮別,28-31
北投區,秀山,一,59,北投區,頂北投,山腳,157-7
北投區,秀山,一,590,北投區,嗄嘮別,嗄嘮別,44-3
北投區,秀山,一,591,北投區,嗄嘮別,嗄嘮別,31-21
北投區,秀山,一,592,北投區,嗄嘮別,嗄嘮別,31-20
北投區,秀山,一,593,北投區,嗄嘮別,嗄嘮別,31-19
北投區,秀山,一,594,北投區,嗄嘮別,嗄嘮別,31-18
北投區,秀山,一,595,北投區,嗄嘮別,嗄嘮別,31-17
北投區,秀山,一,596,北投區,嗄嘮別,嗄嘮別,31-16
北投區,秀山,一,597,北投區,嗄嘮別,嗄嘮別,31-15
北投區,秀山,一,598,北投區,嗄嘮別,嗄嘮別,31-14
北投區,秀山,一,599,北投區,嗄嘮別,嗄嘮別,31-13
北投區,秀山,一,60,北投區,頂北投,山腳,157-52
北投區,秀山,一,600,北投區,嗄嘮別,嗄嘮別,31-8
北投區,秀山,一,601,北投區,嗄嘮別,嗄嘮別,31-43
北投區,秀山,一,602,北投區,嗄嘮別,嗄嘮別,31-22
北投區,秀山,一,603,北投區,嗄嘮別,嗄嘮別,31-23
北投區,秀山,一,604,北投區,嗄嘮別,嗄嘮別,31-24
北投區,秀山,一,605,北投區,嗄嘮別,嗄嘮別,31-25
北投區,秀山,一,606,北投區,嗄嘮別,嗄嘮別,31-26
北投區,秀山,一,607,北投區,嗄嘮別,嗄嘮別,31-27
北投區,秀山,一,608,北投區,嗄嘮別,嗄嘮別,31-28
北投區,秀山,一,609,北投區,嗄嘮別,嗄嘮別,31-29
北投區,秀山,一,61,北投區,頂北投,山腳,147-149
北投區,秀山,一,610,北投區,嗄嘮別,嗄嘮別,31-30
北投區,秀山,一,611,北投區,嗄嘮別,嗄嘮別,31-31
北投區,秀山,一,612,北投區,嗄嘮別,嗄嘮別,33-7
北投區,秀山,一,613,北投區,嗄嘮別,嗄嘮別,33-8
北投區,秀山,一,614,北投區,嗄嘮別,嗄嘮別,31-32
北投區,秀山,一,615,北投區,嗄嘮別,嗄嘮別,31-33
北投區,秀山,一,616,北投區,嗄嘮別,嗄嘮別,31-35
北投區,秀山,一,617,北投區,嗄嘮別,嗄嘮別,31-36
北投區,秀山,一,618,北投區,嗄嘮別,嗄嘮別,31-37
北投區,秀山,一,619,北投區,嗄嘮別,嗄嘮別,31-38
北投區,秀山,一,62,北投區,嗄嘮別,嗄嘮別,22-20
北投區,秀山,一,620,北投區,嗄嘮別,嗄嘮別,31-39
北投區,秀山,一,621,北投區,嗄嘮別,嗄嘮別,31-40
北投區,秀山,一,622,北投區,嗄嘮別,嗄嘮別,31-41
北投區,秀山,一,623,北投區,嗄嘮別,嗄嘮別,31-42
北投區,秀山,一,626,北投區,嗄嘮別,嗄嘮別,40-7
北投區,秀山,一,627,北投區,嗄嘮別,嗄嘮別,42-2
北投區,秀山,一,628,北投區,嗄嘮別,嗄嘮別,27-6
北投區,秀山,一,629,北投區,嗄嘮別,嗄嘮別,26-1
北投區,秀山,一,63,北投區,頂北投,山腳,147-149
北投區,秀山,一,630,北投區,嗄嘮別,嗄嘮別,26-17
北投區,秀山,一,631,北投區,嗄嘮別,嗄嘮別,26-12
北投區,秀山,一,632,北投區,嗄嘮別,嗄嘮別,27-23
北投區,秀山,一,633,北投區,嗄嘮別,嗄嘮別,26-14
北投區,秀山,一,635,北投區,嗄嘮別,嗄嘮別,27-18
北投區,秀山,一,636,北投區,嗄嘮別,嗄嘮別,27-16
北投區,秀山,一,637,北投區,嗄嘮別,嗄嘮別,27-14
北投區,秀山,一,638,北投區,嗄嘮別,嗄嘮別,27-12
北投區,秀山,一,639,北投區,嗄嘮別,嗄嘮別,27-10
北投區,秀山,一,64,北投區,嗄嘮別,嗄嘮別,22-1
北投區,秀山,一,640,北投區,嗄嘮別,嗄嘮別,27-8
北投區,秀山,一,642,北投區,嗄嘮別,嗄嘮別,27-9
北投區,秀山,一,644,北投區,嗄嘮別,嗄嘮別,27-11
北投區,秀山,一,645,北投區,嗄嘮別,嗄嘮別,27-13
北投區,秀山,一,646,北投區,嗄嘮別,嗄嘮別,27-15
北投區,秀山,一,647,北投區,嗄嘮別,嗄嘮別,27-17
北投區,秀山,一,648,北投區,嗄嘮別,嗄嘮別,27-19
北投區,秀山,一,649,北投區,嗄嘮別,嗄嘮別,27-21
北投區,秀山,一,65,北投區,嗄嘮別,嗄嘮別,22-1
北投區,秀山,一,654,北投區,嗄嘮別,嗄嘮別,48-4
北投區,秀山,一,655,北投區,嗄嘮別,嗄嘮別,26-29
北投區,秀山,一,656,北投區,嗄嘮別,嗄嘮別,45-1
北投區,秀山,一,657,北投區,嗄嘮別,嗄嘮別,40-8
北投區,秀山,一,658,北投區,嗄嘮別,嗄嘮別,40-9
北投區,秀山,一,659,北投區,嗄嘮別,嗄嘮別,40-10
北投區,秀山,一,66,北投區,嗄嘮別,嗄嘮別,22-23
北投區,秀山,一,660,北投區,嗄嘮別,嗄嘮別,40-11
北投區,秀山,一,661,北投區,嗄嘮別,嗄嘮別,45-3
北投區,秀山,一,662,北投區,嗄嘮別,嗄嘮別,45-4
北投區,秀山,一,663,北投區,嗄嘮別,嗄嘮別,45-5
北投區,秀山,一,664,北投區,嗄嘮別,嗄嘮別,45-6
北投區,秀山,一,665,北投區,嗄嘮別,嗄嘮別,45-7
北投區,秀山,一,666,北投區,嗄嘮別,嗄嘮別,45-8
北投區,秀山,一,667,北投區,嗄嘮別,嗄嘮別,45-15
北投區,秀山,一,668,北投區,嗄嘮別,嗄嘮別,45-14
北投區,秀山,一,669,北投區,嗄嘮別,嗄嘮別,45-13
北投區,秀山,一,67,北投區,頂北投,山腳,147-149
北投區,秀山,一,670,北投區,嗄嘮別,嗄嘮別,45-12
北投區,秀山,一,671,北投區,嗄嘮別,嗄嘮別,45-11
北投區,秀山,一,672,北投區,嗄嘮別,嗄嘮別,40-16
北投區,秀山,一,673,北投區,嗄嘮別,嗄嘮別,40-15
北投區,秀山,一,674,北投區,嗄嘮別,嗄嘮別,40-14
北投區,秀山,一,675,北投區,嗄嘮別,嗄嘮別,40-13
北投區,秀山,一,676,北投區,嗄嘮別,嗄嘮別,40-12
北投區,秀山,一,677,北投區,嗄嘮別,嗄嘮別,40-17
北投區,秀山,一,678,北投區,嗄嘮別,嗄嘮別,45-16
北投區,秀山,一,679,北投區,嗄嘮別,嗄嘮別,46-7
北投區,秀山,一,68,北投區,頂北投,山腳,147-149
北投區,秀山,一,682,北投區,嗄嘮別,嗄嘮別,45-18
北投區,秀山,一,683,北投區,嗄嘮別,嗄嘮別,40-25
北投區,秀山,一,684,北投區,嗄嘮別,嗄嘮別,40-24
北投區,秀山,一,685,北投區,嗄嘮別,嗄嘮別,40-23
北投區,秀山,一,686,北投區,嗄嘮別,嗄嘮別,40-22
北投區,秀山,一,687,北投區,嗄嘮別,嗄嘮別,40-21
北投區,秀山,一,688,北投區,嗄嘮別,嗄嘮別,40-20
北投區,秀山,一,689,北投區,嗄嘮別,嗄嘮別,40-19
北投區,秀山,一,69,北投區,嗄嘮別,嗄嘮別,22-2
北投區,秀山,一,690,北投區,嗄嘮別,嗄嘮別,40-18
北投區,秀山,一,692,北投區,嗄嘮別,嗄嘮別,44-1
北投區,秀山,一,697,北投區,嗄嘮別,嗄嘮別,40-28
北投區,秀山,一,698,北投區,嗄嘮別,嗄嘮別,40-27
北投區,秀山,一,699,北投區,嗄嘮別,嗄嘮別,45-20
北投區,秀山,一,70,北投區,嗄嘮別,嗄嘮別,22-7
北投區,秀山,一,700,北投區,嗄嘮別,嗄嘮別,49-6
北投區,秀山,一,705,北投區,嗄嘮別,嗄嘮別,40-4
北投區,秀山,一,705-1,北投區,嗄嘮別,嗄嘮別,40-4
北投區,秀山,一,706,北投區,嗄嘮別,嗄嘮別,40-4
北投區,秀山,一,707,北投區,嗄嘮別,嗄嘮別,33-3
北投區,秀山,一,708,北投區,嗄嘮別,嗄嘮別,32-4
北投區,秀山,一,709,北投區,嗄嘮別,嗄嘮別,31-7
北投區,秀山,一,71,北投區,嗄嘮別,嗄嘮別,22-6
北投區,秀山,一,710,北投區,嗄嘮別,嗄嘮別,29-2
北投區,秀山,一,711,北投區,嗄嘮別,嗄嘮別,28-5
北投區,秀山,一,714,北投區,嗄嘮別,嗄嘮別,29-4
北投區,秀山,一,716,北投區,嗄嘮別,嗄嘮別,18-37
北投區,秀山,一,717,北投區,嗄嘮別,嗄嘮別,18-27
北投區,秀山,一,718,北投區,嗄嘮別,嗄嘮別,29-1
北投區,秀山,一,719,北投區,嗄嘮別,嗄嘮別,28-4
北投區,秀山,一,72,北投區,嗄嘮別,嗄嘮別,22-20
北投區,秀山,一,720,北投區,嗄嘮別,嗄嘮別,29-5
北投區,秀山,一,721,北投區,嗄嘮別,嗄嘮別,28-7
北投區,秀山,一,722,北投區,嗄嘮別,嗄嘮別,29-6
北投區,秀山,一,723,北投區,嗄嘮別,嗄嘮別,29-7
北投區,秀山,一,725,北投區,嗄嘮別,嗄嘮別,13-360
北投區,秀山,一,726,北投區,嗄嘮別,嗄嘮別,13-344
北投區,秀山,一,727,北投區,嗄嘮別,嗄嘮別,18-25
北投區,秀山,一,728,北投區,嗄嘮別,嗄嘮別,18-26
北投區,秀山,一,729,北投區,嗄嘮別,嗄嘮別,18-40
北投區,秀山,一,73,北投區,嗄嘮別,嗄嘮別,22-2
北投區,秀山,一,730,北投區,嗄嘮別,嗄嘮別,18-10
北投區,秀山,一,731,北投區,嗄嘮別,嗄嘮別,18-20
北投區,秀山,一,732,北投區,嗄嘮別,嗄嘮別,18-21
北投區,秀山,一,733,北投區,嗄嘮別,嗄嘮別,18-340
北投區,秀山,一,734,北投區,嗄嘮別,嗄嘮別,18-341
北投區,秀山,一,735,北投區,嗄嘮別,嗄嘮別,18-22
北投區,秀山,一,736,北投區,嗄嘮別,嗄嘮別,18-23
北投區,秀山,一,737,北投區,嗄嘮別,嗄嘮別,13-342
北投區,秀山,一,738,北投區,嗄嘮別,嗄嘮別,18-24
北投區,秀山,一,739,北投區,嗄嘮別,嗄嘮別,18-39
北投區,秀山,一,74,北投區,嗄嘮別,嗄嘮別,22
北投區,秀山,一,741,北投區,嗄嘮別,嗄嘮別,18-38
北投區,秀山,一,742,北投區,嗄嘮別,嗄嘮別,18-19
北投區,秀山,一,746,北投區,嗄嘮別,嗄嘮別,18
北投區,秀山,一,749,北投區,嗄嘮別,嗄嘮別,18-16
北投區,秀山,一,75,北投區,嗄嘮別,嗄嘮別,22
北投區,秀山,一,750,北投區,嗄嘮別,嗄嘮別,18-5
北投區,秀山,一,753,北投區,嗄嘮別,嗄嘮別,13-357
北投區,秀山,一,754,北投區,嗄嘮別,嗄嘮別,13-358
北投區,秀山,一,755,北投區,嗄嘮別,嗄嘮別,13-359
北投區,秀山,一,756,北投區,嗄嘮別,嗄嘮別,13-355
北投區,秀山,一,757,北投區,嗄嘮別,嗄嘮別,13-58
北投區,秀山,一,758,北投區,嗄嘮別,嗄嘮別,14-8
北投區,秀山,一,759,北投區,嗄嘮別,嗄嘮別,13-11
北投區,秀山,一,76,北投區,嗄嘮別,嗄嘮別,22-8
北投區,秀山,一,760,北投區,嗄嘮別,嗄嘮別,13-333
北投區,秀山,一,761,北投區,嗄嘮別,嗄嘮別,13-350
北投區,秀山,一,762,北投區,嗄嘮別,嗄嘮別,13-351
北投區,秀山,一,763,北投區,嗄嘮別,嗄嘮別,13-334
北投區,秀山,一,764,北投區,嗄嘮別,嗄嘮別,13-335
北投區,秀山,一,765,北投區,嗄嘮別,嗄嘮別,13-352
北投區,秀山,一,766,北投區,嗄嘮別,嗄嘮別,13-353
北投區,秀山,一,767,北投區,嗄嘮別,嗄嘮別,13-336
北投區,秀山,一,768,北投區,嗄嘮別,嗄嘮別,13-337
北投區,秀山,一,769,北投區,嗄嘮別,嗄嘮別,13-354
北投區,秀山,一,77,北投區,嗄嘮別,嗄嘮別,22-9
北投區,秀山,一,770,北投區,嗄嘮別,嗄嘮別,13-338
北投區,秀山,一,771,北投區,嗄嘮別,嗄嘮別,13-339
北投區,秀山,一,772,北投區,嗄嘮別,嗄嘮別,13-345
北投區,秀山,一,773,北投區,嗄嘮別,嗄嘮別,30-14
北投區,秀山,一,774,北投區,嗄嘮別,嗄嘮別,30-5
北投區,秀山,一,775,北投區,嗄嘮別,嗄嘮別,13-346
北投區,秀山,一,776,北投區,嗄嘮別,嗄嘮別,17-10
北投區,秀山,一,777,北投區,嗄嘮別,嗄嘮別,17-4
北投區,秀山,一,78,北投區,嗄嘮別,嗄嘮別,22-10
北投區,秀山,一,781,北投區,嗄嘮別,嗄嘮別,17-9
北投區,秀山,一,782,北投區,嗄嘮別,嗄嘮別,17-8
北投區,秀山,一,783,北投區,嗄嘮別,嗄嘮別,17-13
北投區,秀山,一,785,北投區,嗄嘮別,嗄嘮別,17-7
北投區,秀山,一,786,北投區,嗄嘮別,嗄嘮別,17-6
北投區,秀山,一,787,北投區,嗄嘮別,嗄嘮別,17-1
北投區,秀山,一,79,北投區,嗄嘮別,嗄嘮別,22-11
北投區,秀山,一,798,北投區,嗄嘮別,嗄嘮別,17
北投區,秀山,一,799,北投區,嗄嘮別,嗄嘮別,17-2
北投區,秀山,一,8,北投區,頂北投,山腳,157-47
北投區,秀山,一,80,北投區,嗄嘮別,嗄嘮別,22-12
北投區,秀山,一,800,北投區,嗄嘮別,嗄嘮別,17-11
北投區,秀山,一,801,北投區,嗄嘮別,嗄嘮別,14-22
北投區,秀山,一,802,北投區,嗄嘮別,嗄嘮別,16-5
北投區,秀山,一,803,北投區,嗄嘮別,嗄嘮別,16-54
北投區,秀山,一,804,北投區,嗄嘮別,嗄嘮別,16-11
北投區,秀山,一,805,北投區,嗄嘮別,嗄嘮別,16-6
北投區,秀山,一,806,北投區,嗄嘮別,嗄嘮別,14-20
北投區,秀山,一,807,北投區,嗄嘮別,嗄嘮別,14-19
北投區,秀山,一,809,北投區,嗄嘮別,嗄嘮別,13-331
北投區,秀山,一,81,北投區,嗄嘮別,嗄嘮別,22-13
北投區,秀山,一,810,北投區,嗄嘮別,嗄嘮別,13-332
北投區,秀山,一,811,北投區,嗄嘮別,嗄嘮別,14
北投區,秀山,一,812,北投區,嗄嘮別,嗄嘮別,14-23
北投區,秀山,一,813,北投區,嗄嘮別,嗄嘮別,14-33
北投區,秀山,一,815,北投區,嗄嘮別,嗄嘮別,15-2
北投區,秀山,一,816,北投區,嗄嘮別,嗄嘮別,15-7
北投區,秀山,一,817,北投區,嗄嘮別,嗄嘮別,15-6
北投區,秀山,一,818,北投區,嗄嘮別,嗄嘮別,15-5
北投區,秀山,一,82,北投區,嗄嘮別,嗄嘮別,22-14
北投區,秀山,一,820,北投區,嗄嘮別,嗄嘮別,14-34
北投區,秀山,一,821,北投區,嗄嘮別,嗄嘮別,14-7
北投區,秀山,一,822,北投區,嗄嘮別,嗄嘮別,14-24
北投區,秀山,一,823,北投區,嗄嘮別,嗄嘮別,14-29
北投區,秀山,一,824,北投區,嗄嘮別,嗄嘮別,14-25
北投區,秀山,一,825,北投區,嗄嘮別,嗄嘮別,14-26
北投區,秀山,一,826,北投區,嗄嘮別,嗄嘮別,14-26
北投區,秀山,一,827,北投區,嗄嘮別,嗄嘮別,14-29
北投區,秀山,一,828,北投區,嗄嘮別,嗄嘮別,14-24
北投區,秀山,一,83,北投區,嗄嘮別,嗄嘮別,22-14
北投區,秀山,一,832,北投區,嗄嘮別,嗄嘮別,16-12
北投區,秀山,一,833,北投區,嗄嘮別,嗄嘮別,16-13
北投區,秀山,一,834,北投區,嗄嘮別,嗄嘮別,16-14
北投區,秀山,一,835,北投區,嗄嘮別,嗄嘮別,13-13
北投區,秀山,一,836,北投區,嗄嘮別,嗄嘮別,14-32
北投區,秀山,一,837,北投區,嗄嘮別,嗄嘮別,14-28
北投區,秀山,一,838,北投區,嗄嘮別,嗄嘮別,16-24
北投區,秀山,一,839,北投區,嗄嘮別,嗄嘮別,16-23
北投區,秀山,一,84,北投區,頂北投,山腳,147-149
北投區,秀山,一,840,北投區,嗄嘮別,嗄嘮別,16-22
北投區,秀山,一,841,北投區,嗄嘮別,嗄嘮別,16-21
北投區,秀山,一,842,北投區,嗄嘮別,嗄嘮別,16-20
北投區,秀山,一,843,北投區,嗄嘮別,嗄嘮別,16-19
北投區,秀山,一,844,北投區,嗄嘮別,嗄嘮別,16-18
北投區,秀山,一,847,北投區,嗄嘮別,嗄嘮別,15-8
北投區,秀山,一,848,北投區,嗄嘮別,嗄嘮別,16-25
北投區,秀山,一,849,北投區,嗄嘮別,嗄嘮別,16-26
北投區,秀山,一,85,北投區,嗄嘮別,嗄嘮別,22-14
北投區,秀山,一,850,北投區,嗄嘮別,嗄嘮別,16-27
北投區,秀山,一,851,北投區,嗄嘮別,嗄嘮別,16-28
北投區,秀山,一,852,北投區,嗄嘮別,嗄嘮別,16-29
北投區,秀山,一,853,北投區,嗄嘮別,嗄嘮別,16-30
北投區,秀山,一,854,北投區,嗄嘮別,嗄嘮別,16-31
北投區,秀山,一,855,北投區,嗄嘮別,嗄嘮別,16-32
北投區,秀山,一,856,北投區,嗄嘮別,嗄嘮別,16-33
北投區,秀山,一,857,北投區,嗄嘮別,嗄嘮別,16-34
北投區,秀山,一,858,北投區,嗄嘮別,嗄嘮別,16-35
北投區,秀山,一,859,北投區,嗄嘮別,嗄嘮別,16-36
北投區,秀山,一,86,北投區,頂北投,山腳,147-149
北投區,秀山,一,860,北投區,嗄嘮別,嗄嘮別,16-37
北投區,秀山,一,861,北投區,嗄嘮別,嗄嘮別,16-49
北投區,秀山,一,864,北投區,嗄嘮別,嗄嘮別,16-46
北投區,秀山,一,865,北投區,嗄嘮別,嗄嘮別,16-45
北投區,秀山,一,866,北投區,嗄嘮別,嗄嘮別,16-44
北投區,秀山,一,867,北投區,嗄嘮別,嗄嘮別,16-43
北投區,秀山,一,868,北投區,嗄嘮別,嗄嘮別,16-42
北投區,秀山,一,869,北投區,嗄嘮別,嗄嘮別,16-41
北投區,秀山,一,87,北投區,頂北投,山腳,147-148
北投區,秀山,一,870,北投區,嗄嘮別,嗄嘮別,16-4
北投區,秀山,一,871,北投區,嗄嘮別,嗄嘮別,16-39
北投區,秀山,一,872,北投區,嗄嘮別,嗄嘮別,16-38
北投區,秀山,一,873,北投區,嗄嘮別,嗄嘮別,393-19
北投區,秀山,一,874,北投區,嗄嘮別,嗄嘮別,391-4
北投區,秀山,一,875,北投區,嗄嘮別,嗄嘮別,391
北投區,秀山,一,876,北投區,嗄嘮別,嗄嘮別,393-19
北投區,秀山,一,88,北投區,頂北投,山腳,157-8
北投區,秀山,一,89,北投區,頂北投,山腳,157-53
北投區,秀山,一,9,北投區,頂北投,山腳,157-51
北投區,秀山,一,90,北投區,頂北投,山腳,157-20
北投區,秀山,一,91,北投區,頂北投,山腳,147-149
北投區,秀山,一,92,北投區,嗄嘮別,嗄嘮別,22-2
北投區,秀山,一,93,北投區,頂北投,山腳,147-149
北投區,秀山,一,94,北投區,頂北投,山腳,147-149
北投區,秀山,一,95,北投區,嗄嘮別,嗄嘮別,23
北投區,秀山,一,96,北投區,頂北投,山腳,147-149
北投區,秀山,一,97,北投區,頂北投,山腳,160
北投區,秀山,一,97-1,北投區,頂北投,山腳,160-4
北投區,秀山,一,98,北投區,頂北投,山腳,147-149
北投區,秀山,一,99,北投區,嗄嘮別,嗄嘮別,23
北投區,秀山,三,1,北投區,嗄嘮別,嗄嘮別,932
北投區,秀山,三,10,北投區,嗄嘮別,嗄嘮別,1-2
北投區,秀山,三,100,北投區,嗄嘮別,嗄嘮別,15-9
北投區,秀山,三,101,北投區,嗄嘮別,嗄嘮別,13-34
北投區,秀山,三,101-1,北投區,嗄嘮別,嗄嘮別,13-65
北投區,秀山,三,101-2,北投區,嗄嘮別,嗄嘮別,13-250
北投區,秀山,三,102,北投區,嗄嘮別,嗄嘮別,13-37
北投區,秀山,三,103,北投區,嗄嘮別,嗄嘮別,13-170
北投區,秀山,三,104,北投區,嗄嘮別,嗄嘮別,13-169
北投區,秀山,三,105,北投區,嗄嘮別,嗄嘮別,13-171
北投區,秀山,三,106,北投區,嗄嘮別,嗄嘮別,13-172
北投區,秀山,三,107,北投區,嗄嘮別,嗄嘮別,14-11
北投區,秀山,三,108,北投區,嗄嘮別,嗄嘮別,15-9
北投區,秀山,三,109,北投區,嗄嘮別,嗄嘮別,393-18
北投區,秀山,三,109-1,北投區,嗄嘮別,嗄嘮別,393-18
北投區,秀山,三,109-2,北投區,嗄嘮別,嗄嘮別,393-18
北投區,秀山,三,109-3,北投區,嗄嘮別,嗄嘮別,393-18
北投區,秀山,三,11,北投區,嗄嘮別,嗄嘮別,1-2
北投區,秀山,三,110,北投區,嗄嘮別,嗄嘮別,14-3
北投區,秀山,三,111,北投區,嗄嘮別,嗄嘮別,14-3
北投區,秀山,三,114,北投區,嗄嘮別,嗄嘮別,15-1
北投區,秀山,三,115,北投區,嗄嘮別,嗄嘮別,15-4
北投區,秀山,三,116,北投區,嗄嘮別,嗄嘮別,15-10
北投區,秀山,三,116-1,北投區,嗄嘮別,嗄嘮別,15-10
北投區,秀山,三,117,北投區,嗄嘮別,嗄嘮別,15
北投區,秀山,三,118,北投區,嗄嘮別,嗄嘮別,393-19
北投區,秀山,三,119,北投區,嗄嘮別,嗄嘮別,393-19
北投區,秀山,三,12,北投區,嗄嘮別,嗄嘮別,1-2
北投區,秀山,三,120,北投區,嗄嘮別,嗄嘮別,393-16
北投區,秀山,三,121,北投區,嗄嘮別,嗄嘮別,1149
北投區,秀山,三,122,北投區,嗄嘮別,嗄嘮別,12-11
北投區,秀山,三,123,北投區,嗄嘮別,嗄嘮別,12-4
北投區,秀山,三,124,北投區,嗄嘮別,嗄嘮別,12-5
北投區,秀山,三,125,北投區,嗄嘮別,嗄嘮別,1148
北投區,秀山,三,126,北投區,嗄嘮別,嗄嘮別,393-1
北投區,秀山,三,126-1,北投區,嗄嘮別,嗄嘮別,393-1
北投區,秀山,三,127,北投區,嗄嘮別,嗄嘮別,393-3
北投區,秀山,三,128,北投區,嗄嘮別,嗄嘮別,393-6
北投區,秀山,三,129,北投區,嗄嘮別,嗄嘮別,392-1
北投區,秀山,三,13,北投區,嗄嘮別,嗄嘮別,1-4
北投區,秀山,三,130,北投區,嗄嘮別,嗄嘮別,393-16
北投區,秀山,三,131,北投區,嗄嘮別,嗄嘮別,393-5
北投區,秀山,三,132,北投區,嗄嘮別,嗄嘮別,391-6
北投區,秀山,三,133,北投區,嗄嘮別,嗄嘮別,1150
北投區,秀山,三,134,北投區,嗄嘮別,嗄嘮別,391-10
北投區,秀山,三,135,北投區,嗄嘮別,嗄嘮別,391-13
北投區,秀山,三,136,北投區,嗄嘮別,嗄嘮別,1150
北投區,秀山,三,137,北投區,嗄嘮別,嗄嘮別,392-2
北投區,秀山,三,138,北投區,嗄嘮別,嗄嘮別,392
北投區,秀山,三,139,北投區,嗄嘮別,嗄嘮別,393-2
北投區,秀山,三,14,北投區,嗄嘮別,嗄嘮別,1-4
北投區,秀山,三,141,北投區,嗄嘮別,嗄嘮別,391-11
北投區,秀山,三,142,北投區,嗄嘮別,嗄嘮別,391-2
北投區,秀山,三,143,北投區,嗄嘮別,嗄嘮別,391-18
北投區,秀山,三,144,北投區,嗄嘮別,嗄嘮別,1152
北投區,秀山,三,145,北投區,嗄嘮別,嗄嘮別,1151
北投區,秀山,三,146,北投區,嗄嘮別,嗄嘮別,390-6
北投區,秀山,三,147,北投區,嗄嘮別,嗄嘮別,390-7
北投區,秀山,三,148,北投區,嗄嘮別,嗄嘮別,390-4
北投區,秀山,三,149,北投區,嗄嘮別,嗄嘮別,393-17
北投區,秀山,三,15,北投區,嗄嘮別,嗄嘮別,1-3
北投區,秀山,三,150,北投區,嗄嘮別,嗄嘮別,393-17
北投區,秀山,三,151,北投區,嗄嘮別,嗄嘮別,393-9
北投區,秀山,三,152,北投區,嗄嘮別,嗄嘮別,393-8
北投區,秀山,三,153,北投區,嗄嘮別,嗄嘮別,395-10
北投區,秀山,三,154,北投區,嗄嘮別,嗄嘮別,393-7
北投區,秀山,三,155,北投區,嗄嘮別,嗄嘮別,393-4
北投區,秀山,三,156,北投區,嗄嘮別,嗄嘮別,395-2
北投區,秀山,三,157,北投區,嗄嘮別,嗄嘮別,393-10
北投區,秀山,三,158,北投區,嗄嘮別,嗄嘮別,395-11
北投區,秀山,三,159,北投區,嗄嘮別,嗄嘮別,393-11
北投區,秀山,三,16,北投區,嗄嘮別,嗄嘮別,1-5
北投區,秀山,三,160,北投區,嗄嘮別,嗄嘮別,390-2
北投區,秀山,三,161,北投區,嗄嘮別,嗄嘮別,390-1
北投區,秀山,三,162,北投區,嗄嘮別,嗄嘮別,390-10
北投區,秀山,三,163,北投區,嗄嘮別,嗄嘮別,386-2
北投區,秀山,三,164,北投區,嗄嘮別,嗄嘮別,385-1
北投區,秀山,三,165,北投區,嗄嘮別,嗄嘮別,386-7
北投區,秀山,三,166,北投區,嗄嘮別,嗄嘮別,385
北投區,秀山,三,167,北投區,嗄嘮別,嗄嘮別,390-11
北投區,秀山,三,168,北投區,嗄嘮別,嗄嘮別,393-12
北投區,秀山,三,169,北投區,嗄嘮別,嗄嘮別,384
北投區,秀山,三,17,北投區,嗄嘮別,嗄嘮別,930-2
北投區,秀山,三,17-1,北投區,嗄嘮別,嗄嘮別,930-2
北投區,秀山,三,170,北投區,嗄嘮別,嗄嘮別,384-4
北投區,秀山,三,171,北投區,嗄嘮別,嗄嘮別,384-11
北投區,秀山,三,172,北投區,嗄嘮別,嗄嘮別,384-5
北投區,秀山,三,173-1,北投區,嗄嘮別,嗄嘮別,393-13
北投區,秀山,三,174,北投區,嗄嘮別,嗄嘮別,397-8
北投區,秀山,三,175,北投區,嗄嘮別,嗄嘮別,397-8
北投區,秀山,三,176,北投區,嗄嘮別,嗄嘮別,397-37
北投區,秀山,三,177,北投區,嗄嘮別,嗄嘮別,397-37
北投區,秀山,三,178,北投區,嗄嘮別,嗄嘮別,397-41
北投區,秀山,三,179,北投區,嗄嘮別,嗄嘮別,397-41
北投區,秀山,三,18,北投區,嗄嘮別,嗄嘮別,1-1
北投區,秀山,三,180,北投區,嗄嘮別,嗄嘮別,397-47
北投區,秀山,三,181,北投區,嗄嘮別,嗄嘮別,397-46
北投區,秀山,三,182,北投區,嗄嘮別,嗄嘮別,397-40
北投區,秀山,三,183,北投區,嗄嘮別,嗄嘮別,397-72
北投區,秀山,三,184,北投區,嗄嘮別,嗄嘮別,383
北投區,秀山,三,185,北投區,嗄嘮別,嗄嘮別,397-27
北投區,秀山,三,186,北投區,嗄嘮別,嗄嘮別,397-71
北投區,秀山,三,187,北投區,嗄嘮別,嗄嘮別,396-1
北投區,秀山,三,188,北投區,嗄嘮別,嗄嘮別,396
北投區,秀山,三,189,北投區,嗄嘮別,嗄嘮別,396-3
北投區,秀山,三,19,北投區,嗄嘮別,嗄嘮別,930-1
北投區,秀山,三,190,北投區,嗄嘮別,嗄嘮別,396-2
北投區,秀山,三,191,北投區,嗄嘮別,嗄嘮別,396-4
北投區,秀山,三,192,北投區,嗄嘮別,嗄嘮別,397-26
北投區,秀山,三,193,北投區,嗄嘮別,嗄嘮別,397-57
北投區,秀山,三,194,北投區,嗄嘮別,嗄嘮別,397-56
北投區,秀山,三,195,北投區,嗄嘮別,嗄嘮別,397-56
北投區,秀山,三,196,北投區,嗄嘮別,嗄嘮別,397-55
北投區,秀山,三,197,北投區,嗄嘮別,嗄嘮別,397-55
北投區,秀山,三,198,北投區,嗄嘮別,嗄嘮別,397-42
北投區,秀山,三,199,北投區,嗄嘮別,嗄嘮別,397-42
北投區,秀山,三,2,北投區,嗄嘮別,嗄嘮別,933
北投區,秀山,三,20,北投區,嗄嘮別,嗄嘮別,930-1
北投區,秀山,三,200,北投區,嗄嘮別,嗄嘮別,397-43
北投區,秀山,三,201,北投區,嗄嘮別,嗄嘮別,397-8
北投區,秀山,三,202,北投區,嗄嘮別,嗄嘮別,397-8
北投區,秀山,三,203,北投區,嗄嘮別,嗄嘮別,397-54
北投區,秀山,三,204,北投區,嗄嘮別,嗄嘮別,397-52
北投區,秀山,三,205,北投區,嗄嘮別,嗄嘮別,397
北投區,秀山,三,206,北投區,嗄嘮別,嗄嘮別,397-45
北投區,秀山,三,207,北投區,嗄嘮別,嗄嘮別,397-48
北投區,秀山,三,208,北投區,嗄嘮別,嗄嘮別,397-67
北投區,秀山,三,209,北投區,嗄嘮別,嗄嘮別,397-49
北投區,秀山,三,21,北投區,嗄嘮別,嗄嘮別,929
北投區,秀山,三,210,北投區,嗄嘮別,嗄嘮別,397-50
北投區,秀山,三,211,北投區,嗄嘮別,嗄嘮別,397-53
北投區,秀山,三,212,北投區,嗄嘮別,嗄嘮別,397-59
北投區,秀山,三,213,北投區,嗄嘮別,嗄嘮別,397-26
北投區,秀山,三,214,北投區,嗄嘮別,嗄嘮別,395-16
北投區,秀山,三,215,北投區,嗄嘮別,嗄嘮別,395-16
北投區,秀山,三,216,北投區,嗄嘮別,嗄嘮別,397-17
北投區,秀山,三,217,北投區,嗄嘮別,嗄嘮別,397-2
北投區,秀山,三,218,北投區,嗄嘮別,嗄嘮別,397-3
北投區,秀山,三,219,北投區,嗄嘮別,嗄嘮別,397-21
北投區,秀山,三,22,北投區,嗄嘮別,嗄嘮別,929
北投區,秀山,三,221,北投區,嗄嘮別,嗄嘮別,402-13
北投區,秀山,三,225,北投區,嗄嘮別,嗄嘮別,398-7
北投區,秀山,三,226,北投區,嗄嘮別,嗄嘮別,399-2
北投區,秀山,三,227,北投區,嗄嘮別,嗄嘮別,398-9
北投區,秀山,三,228,北投區,嗄嘮別,嗄嘮別,398-8
北投區,秀山,三,229,北投區,嗄嘮別,嗄嘮別,398-1
北投區,秀山,三,23,北投區,嗄嘮別,嗄嘮別,116-1
北投區,秀山,三,230,北投區,嗄嘮別,嗄嘮別,398-3
北投區,秀山,三,231,北投區,嗄嘮別,嗄嘮別,395-16
北投區,秀山,三,232,北投區,嗄嘮別,嗄嘮別,402-10
北投區,秀山,三,233,北投區,嗄嘮別,嗄嘮別,398-6
北投區,秀山,三,234,北投區,嗄嘮別,嗄嘮別,399-1
北投區,秀山,三,235,北投區,嗄嘮別,嗄嘮別,398-5
北投區,秀山,三,236,北投區,嗄嘮別,嗄嘮別,398-4
北投區,秀山,三,237,北投區,嗄嘮別,嗄嘮別,398-2
北投區,秀山,三,238,北投區,嗄嘮別,嗄嘮別,398
北投區,秀山,三,239,北投區,嗄嘮別,嗄嘮別,399
北投區,秀山,三,24,北投區,嗄嘮別,嗄嘮別,116-26
北投區,秀山,三,240,北投區,嗄嘮別,嗄嘮別,395-1
北投區,秀山,三,245,北投區,嗄嘮別,嗄嘮別,942-8
北投區,秀山,三,246,北投區,嗄嘮別,嗄嘮別,943-1
北投區,秀山,三,247,北投區,嗄嘮別,嗄嘮別,943
北投區,秀山,三,248,北投區,嗄嘮別,嗄嘮別,395-9
北投區,秀山,三,249,北投區,嗄嘮別,嗄嘮別,395-8
北投區,秀山,三,25,北投區,嗄嘮別,嗄嘮別,116-25
北投區,秀山,三,250,北投區,嗄嘮別,嗄嘮別,395-4
北投區,秀山,三,251,北投區,嗄嘮別,嗄嘮別,395-7
北投區,秀山,三,253,北投區,嗄嘮別,嗄嘮別,942-5
北投區,秀山,三,254,北投區,嗄嘮別,嗄嘮別,942-6
北投區,秀山,三,255,北投區,嗄嘮別,嗄嘮別,395-6
北投區,秀山,三,256,北投區,嗄嘮別,嗄嘮別,395-5
北投區,秀山,三,257,北投區,嗄嘮別,嗄嘮別,393-4
北投區,秀山,三,259,北投區,嗄嘮別,嗄嘮別,942-11
北投區,秀山,三,26,北投區,嗄嘮別,嗄嘮別,117-16
北投區,秀山,三,260,北投區,嗄嘮別,嗄嘮別,942-12
北投區,秀山,三,261,北投區,嗄嘮別,嗄嘮別,393
北投區,秀山,三,262,北投區,嗄嘮別,嗄嘮別,940
北投區,秀山,三,263,北投區,嗄嘮別,嗄嘮別,939
北投區,秀山,三,264,北投區,嗄嘮別,嗄嘮別,949
北投區,秀山,三,265,北投區,嗄嘮別,嗄嘮別,948
北投區,秀山,三,266,北投區,嗄嘮別,嗄嘮別,948-1
北投區,秀山,三,267,北投區,嗄嘮別,嗄嘮別,936
北投區,秀山,三,268,北投區,嗄嘮別,嗄嘮別,942
北投區,秀山,三,269,北投區,嗄嘮別,嗄嘮別,942-16
北投區,秀山,三,27,北投區,嗄嘮別,嗄嘮別,117-15
北投區,秀山,三,270,北投區,嗄嘮別,嗄嘮別,935-2
北投區,秀山,三,271,北投區,嗄嘮別,嗄嘮別,406-2
北投區,秀山,三,272,北投區,嗄嘮別,嗄嘮別,406-3
北投區,秀山,三,273,北投區,嗄嘮別,嗄嘮別,935-1
北投區,秀山,三,274,北投區,嗄嘮別,嗄嘮別,955
北投區,秀山,三,275,北投區,嗄嘮別,嗄嘮別,954
北投區,秀山,三,276,北投區,嗄嘮別,嗄嘮別,405-6
北投區,秀山,三,277,北投區,嗄嘮別,嗄嘮別,942-15
北投區,秀山,三,278,北投區,嗄嘮別,嗄嘮別,405
北投區,秀山,三,279,北投區,嗄嘮別,嗄嘮別,405-7
北投區,秀山,三,28,北投區,嗄嘮別,嗄嘮別,117-6
北投區,秀山,三,280,北投區,嗄嘮別,嗄嘮別,942-14
北投區,秀山,三,281,北投區,嗄嘮別,嗄嘮別,405-2
北投區,秀山,三,282,北投區,嗄嘮別,嗄嘮別,405-2
北投區,秀山,三,283,北投區,嗄嘮別,嗄嘮別,953
北投區,秀山,三,284,北投區,嗄嘮別,嗄嘮別,405-5
北投區,秀山,三,285,北投區,嗄嘮別,嗄嘮別,405-4
北投區,秀山,三,286,北投區,嗄嘮別,嗄嘮別,405-3
北投區,秀山,三,287,北投區,嗄嘮別,嗄嘮別,952
北投區,秀山,三,288,北投區,嗄嘮別,嗄嘮別,408
北投區,秀山,三,289,北投區,嗄嘮別,嗄嘮別,951
北投區,秀山,三,29,北投區,嗄嘮別,嗄嘮別,1
北投區,秀山,三,290,北投區,嗄嘮別,嗄嘮別,950-2
北投區,秀山,三,291,北投區,嗄嘮別,嗄嘮別,950
北投區,秀山,三,292,北投區,嗄嘮別,嗄嘮別,950-1
北投區,秀山,三,293,北投區,嗄嘮別,嗄嘮別,950-3
北投區,秀山,三,294,北投區,嗄嘮別,嗄嘮別,405-1
北投區,秀山,三,295,北投區,嗄嘮別,嗄嘮別,942-3
北投區,秀山,三,296,北投區,嗄嘮別,嗄嘮別,947
北投區,秀山,三,297,北投區,嗄嘮別,嗄嘮別,942-1
北投區,秀山,三,298,北投區,嗄嘮別,嗄嘮別,404
北投區,秀山,三,299,北投區,嗄嘮別,嗄嘮別,404-1
北投區,秀山,三,3,北投區,嗄嘮別,嗄嘮別,934
北投區,秀山,三,30,北投區,嗄嘮別,嗄嘮別,1-8
北投區,秀山,三,300,北投區,嗄嘮別,嗄嘮別,946
北投區,秀山,三,301,北投區,嗄嘮別,嗄嘮別,942-2
北投區,秀山,三,302,北投區,嗄嘮別,嗄嘮別,942-17
北投區,秀山,三,303,北投區,嗄嘮別,嗄嘮別,403
北投區,秀山,三,304,北投區,嗄嘮別,嗄嘮別,967-3
北投區,秀山,三,306,北投區,嗄嘮別,嗄嘮別,397-14
北投區,秀山,三,308,北投區,嗄嘮別,嗄嘮別,397-69
北投區,秀山,三,31,北投區,嗄嘮別,嗄嘮別,930-2
北投區,秀山,三,315,北投區,嗄嘮別,嗄嘮別,402-1
北投區,秀山,三,316,北投區,嗄嘮別,嗄嘮別,402-4
北投區,秀山,三,32,北投區,嗄嘮別,嗄嘮別,2
北投區,秀山,三,324,北投區,嗄嘮別,嗄嘮別,944-1
北投區,秀山,三,33,北投區,嗄嘮別,嗄嘮別,2-8
北投區,秀山,三,332,北投區,嗄嘮別,嗄嘮別,397-20
北投區,秀山,三,333,北投區,嗄嘮別,嗄嘮別,409-14
北投區,秀山,三,334,北投區,嗄嘮別,嗄嘮別,409-13
北投區,秀山,三,335,北投區,嗄嘮別,嗄嘮別,409-5
北投區,秀山,三,336,北投區,嗄嘮別,嗄嘮別,409-4
北投區,秀山,三,337,北投區,嗄嘮別,嗄嘮別,409-16
北投區,秀山,三,338,北投區,嗄嘮別,嗄嘮別,409-18
北投區,秀山,三,339,北投區,嗄嘮別,嗄嘮別,409-6
北投區,秀山,三,34,北投區,嗄嘮別,嗄嘮別,2-1
北投區,秀山,三,340,北投區,嗄嘮別,嗄嘮別,409-7
北投區,秀山,三,343,北投區,嗄嘮別,嗄嘮別,967-1
北投區,秀山,三,344,北投區,嗄嘮別,嗄嘮別,974-1
北投區,秀山,三,345,北投區,嗄嘮別,嗄嘮別,972
北投區,秀山,三,346,北投區,嗄嘮別,嗄嘮別,971
北投區,秀山,三,347,北投區,嗄嘮別,嗄嘮別,966
北投區,秀山,三,348,北投區,嗄嘮別,嗄嘮別,960-14
北投區,秀山,三,349,北投區,嗄嘮別,嗄嘮別,960-15
北投區,秀山,三,35,北投區,嗄嘮別,嗄嘮別,2-2
北投區,秀山,三,350,北投區,嗄嘮別,嗄嘮別,960-18
北投區,秀山,三,351,北投區,嗄嘮別,嗄嘮別,960-13
北投區,秀山,三,352,北投區,嗄嘮別,嗄嘮別,960-12
北投區,秀山,三,353,北投區,嗄嘮別,嗄嘮別,964-4
北投區,秀山,三,354,北投區,嗄嘮別,嗄嘮別,964-3
北投區,秀山,三,355,北投區,嗄嘮別,嗄嘮別,964-2
北投區,秀山,三,356,北投區,嗄嘮別,嗄嘮別,964
北投區,秀山,三,357,北投區,嗄嘮別,嗄嘮別,435-7
北投區,秀山,三,358,北投區,嗄嘮別,嗄嘮別,963
北投區,秀山,三,359,北投區,嗄嘮別,嗄嘮別,960-11
北投區,秀山,三,36,北投區,嗄嘮別,嗄嘮別,2-3
北投區,秀山,三,360,北投區,嗄嘮別,嗄嘮別,960-10
北投區,秀山,三,361,北投區,嗄嘮別,嗄嘮別,960-21
北投區,秀山,三,362,北投區,嗄嘮別,嗄嘮別,965-1
北投區,秀山,三,363,北投區,嗄嘮別,嗄嘮別,965
北投區,秀山,三,363-1,北投區,嗄嘮別,嗄嘮別,967
北投區,秀山,三,364,北投區,嗄嘮別,嗄嘮別,969
北投區,秀山,三,365,北投區,嗄嘮別,嗄嘮別,968
北投區,秀山,三,366,北投區,嗄嘮別,嗄嘮別,968-1
北投區,秀山,三,367,北投區,嗄嘮別,嗄嘮別,959-2
北投區,秀山,三,368,北投區,嗄嘮別,嗄嘮別,959-1
北投區,秀山,三,369,北投區,嗄嘮別,嗄嘮別,959-4
北投區,秀山,三,37,北投區,嗄嘮別,嗄嘮別,2-4
北投區,秀山,三,370,北投區,嗄嘮別,嗄嘮別,959
北投區,秀山,三,371,北投區,嗄嘮別,嗄嘮別,960-9
北投區,秀山,三,372,北投區,嗄嘮別,嗄嘮別,960-20
北投區,秀山,三,373,北投區,嗄嘮別,嗄嘮別,960-19
北投區,秀山,三,374,北投區,嗄嘮別,嗄嘮別,962-3
北投區,秀山,三,375,北投區,嗄嘮別,嗄嘮別,962
北投區,秀山,三,376,北投區,嗄嘮別,嗄嘮別,961
北投區,秀山,三,377,北投區,嗄嘮別,嗄嘮別,960-8
北投區,秀山,三,378,北投區,嗄嘮別,嗄嘮別,960-7
北投區,秀山,三,379,北投區,嗄嘮別,嗄嘮別,960-6
北投區,秀山,三,38,北投區,嗄嘮別,嗄嘮別,935-3
北投區,秀山,三,380,北投區,嗄嘮別,嗄嘮別,960
北投區,秀山,三,381,北投區,嗄嘮別,嗄嘮別,1002
北投區,秀山,三,382,北投區,嗄嘮別,嗄嘮別,1002-2
北投區,秀山,三,383,北投區,嗄嘮別,嗄嘮別,1003
北投區,秀山,三,384,北投區,嗄嘮別,嗄嘮別,1009
北投區,秀山,三,385,北投區,嗄嘮別,嗄嘮別,1010
北投區,秀山,三,386,北投區,嗄嘮別,嗄嘮別,956
北投區,秀山,三,387,北投區,嗄嘮別,嗄嘮別,956-22
北投區,秀山,三,388,北投區,嗄嘮別,嗄嘮別,957
北投區,秀山,三,389,北投區,嗄嘮別,嗄嘮別,957-1
北投區,秀山,三,39,北投區,嗄嘮別,嗄嘮別,935-4
北投區,秀山,三,390,北投區,嗄嘮別,嗄嘮別,957-2
北投區,秀山,三,391,北投區,嗄嘮別,嗄嘮別,957-3
北投區,秀山,三,392,北投區,嗄嘮別,嗄嘮別,958
北投區,秀山,三,394,北投區,嗄嘮別,嗄嘮別,409-20
北投區,秀山,三,395,北投區,嗄嘮別,嗄嘮別,409
北投區,秀山,三,396,北投區,嗄嘮別,嗄嘮別,409-11
北投區,秀山,三,398,北投區,嗄嘮別,嗄嘮別,407-5
北投區,秀山,三,399,北投區,嗄嘮別,嗄嘮別,407-4
北投區,秀山,三,4,北投區,嗄嘮別,嗄嘮別,931
北投區,秀山,三,40,北投區,嗄嘮別,嗄嘮別,2-5
北投區,秀山,三,40-1,北投區,嗄嘮別,嗄嘮別,2-5
北投區,秀山,三,40-2,北投區,嗄嘮別,嗄嘮別,2-5
北投區,秀山,三,400,北投區,嗄嘮別,嗄嘮別,407
北投區,秀山,三,401,北投區,嗄嘮別,嗄嘮別,406-4
北投區,秀山,三,402,北投區,嗄嘮別,嗄嘮別,406
北投區,秀山,三,403,北投區,嗄嘮別,嗄嘮別,956-23
北投區,秀山,三,404,北投區,嗄嘮別,嗄嘮別,956-24
北投區,秀山,三,405,北投區,嗄嘮別,嗄嘮別,956-10
北投區,秀山,三,406,北投區,嗄嘮別,嗄嘮別,956-21
北投區,秀山,三,407,北投區,嗄嘮別,嗄嘮別,956-21
北投區,秀山,三,408,北投區,嗄嘮別,嗄嘮別,407-3
北投區,秀山,三,409,北投區,嗄嘮別,嗄嘮別,407-1
北投區,秀山,三,41,北投區,嗄嘮別,嗄嘮別,3
北投區,秀山,三,410,北投區,嗄嘮別,嗄嘮別,956-1
北投區,秀山,三,411,北投區,嗄嘮別,嗄嘮別,407-2
北投區,秀山,三,412,北投區,嗄嘮別,嗄嘮別,956-6
北投區,秀山,三,413,北投區,嗄嘮別,嗄嘮別,407-12
北投區,秀山,三,414,北投區,嗄嘮別,嗄嘮別,407-17
北投區,秀山,三,415,北投區,嗄嘮別,嗄嘮別,407-13
北投區,秀山,三,416,北投區,嗄嘮別,嗄嘮別,956-7
北投區,秀山,三,417,北投區,嗄嘮別,嗄嘮別,956-8
北投區,秀山,三,418,北投區,嗄嘮別,嗄嘮別,407-14
北投區,秀山,三,419,北投區,嗄嘮別,嗄嘮別,407-18
北投區,秀山,三,42,北投區,嗄嘮別,嗄嘮別,4
北投區,秀山,三,420,北投區,嗄嘮別,嗄嘮別,407-19
北投區,秀山,三,421,北投區,嗄嘮別,嗄嘮別,407-15
北投區,秀山,三,422,北投區,嗄嘮別,嗄嘮別,956-9
北投區,秀山,三,423,北投區,嗄嘮別,嗄嘮別,956-14
北投區,秀山,三,424,北投區,嗄嘮別,嗄嘮別,956-15
北投區,秀山,三,425,北投區,嗄嘮別,嗄嘮別,1018-4
北投區,秀山,三,426,北投區,嗄嘮別,嗄嘮別,1018
北投區,秀山,三,427,北投區,秀山,三,242
北投區,秀山,三,427,北投區,秀山,三,326
北投區,秀山,三,427,北投區,秀山,三,327
北投區,秀山,三,427,北投區,秀山,三,328
北投區,秀山,三,427,北投區,秀山,三,329
北投區,秀山,三,427,北投區,秀山,三,330
北投區,秀山,三,427,北投區,秀山,三,331
北投區,秀山,三,428,北投區,秀山,三,220
北投區,秀山,三,428,北投區,秀山,三,223
北投區,秀山,三,428,北投區,秀山,三,224
北投區,秀山,三,428,北投區,秀山,三,241
北投區,秀山,三,428,北投區,秀山,三,243
北投區,秀山,三,428,北投區,秀山,三,244
北投區,秀山,三,428,北投區,秀山,三,310
北投區,秀山,三,428,北投區,秀山,三,311
北投區,秀山,三,428,北投區,秀山,三,313
北投區,秀山,三,428,北投區,秀山,三,319
北投區,秀山,三,428,北投區,秀山,三,322
北投區,秀山,三,428,北投區,秀山,三,323
北投區,秀山,三,428,北投區,秀山,三,325
北投區,秀山,三,43,北投區,嗄嘮別,嗄嘮別,935
北投區,秀山,三,44,北投區,嗄嘮別,嗄嘮別,937
北投區,秀山,三,45,北投區,嗄嘮別,嗄嘮別,7-1
北投區,秀山,三,46,北投區,嗄嘮別,嗄嘮別,7-2
北投區,秀山,三,47,北投區,嗄嘮別,嗄嘮別,7
北投區,秀山,三,48,北投區,嗄嘮別,嗄嘮別,6
北投區,秀山,三,49,北投區,嗄嘮別,嗄嘮別,5
北投區,秀山,三,5,北投區,嗄嘮別,嗄嘮別,930
北投區,秀山,三,50,北投區,嗄嘮別,嗄嘮別,938
北投區,秀山,三,51,北投區,嗄嘮別,嗄嘮別,8
北投區,秀山,三,52,北投區,嗄嘮別,嗄嘮別,9
北投區,秀山,三,53,北投區,嗄嘮別,嗄嘮別,10
北投區,秀山,三,54,北投區,嗄嘮別,嗄嘮別,935-7
北投區,秀山,三,55,北投區,嗄嘮別,嗄嘮別,10-1
北投區,秀山,三,55-1,北投區,嗄嘮別,嗄嘮別,10-2
北投區,秀山,三,56,北投區,嗄嘮別,嗄嘮別,9-2
北投區,秀山,三,57,北投區,嗄嘮別,嗄嘮別,935-6
北投區,秀山,三,58,北投區,嗄嘮別,嗄嘮別,9-3
北投區,秀山,三,59,北投區,嗄嘮別,嗄嘮別,9-1
北投區,秀山,三,6,北投區,嗄嘮別,嗄嘮別,930-3
北投區,秀山,三,60,北投區,嗄嘮別,嗄嘮別,9-1
北投區,秀山,三,61,北投區,嗄嘮別,嗄嘮別,11-1
北投區,秀山,三,62,北投區,嗄嘮別,嗄嘮別,11
北投區,秀山,三,63,北投區,嗄嘮別,嗄嘮別,11-3
北投區,秀山,三,64,北投區,嗄嘮別,嗄嘮別,11-2
北投區,秀山,三,65,北投區,頂北投,山腳,117-8
北投區,秀山,三,66,北投區,頂北投,山腳,117-8
北投區,秀山,三,67,北投區,頂北投,山腳,117-17
北投區,秀山,三,68,北投區,頂北投,山腳,117-18
北投區,秀山,三,69,北投區,頂北投,山腳,117-19
北投區,秀山,三,7,北投區,嗄嘮別,嗄嘮別,930-5
北投區,秀山,三,70,北投區,頂北投,山腳,117-14
北投區,秀山,三,71,北投區,頂北投,山腳,120-8
北投區,秀山,三,72,北投區,頂北投,山腳,120-5
北投區,秀山,三,73,北投區,頂北投,山腳,120
北投區,秀山,三,74,北投區,頂北投,山腳,121-4
北投區,秀山,三,75,北投區,頂北投,山腳,121
北投區,秀山,三,76,北投區,頂北投,山腳,117-21
北投區,秀山,三,77,北投區,嗄嘮別,嗄嘮別,13-373
北投區,秀山,三,78,北投區,嗄嘮別,嗄嘮別,13-372
北投區,秀山,三,8,北投區,嗄嘮別,嗄嘮別,930-5
北投區,秀山,三,81,北投區,嗄嘮別,嗄嘮別,12-7
北投區,秀山,三,82,北投區,嗄嘮別,嗄嘮別,12-13
北投區,秀山,三,83,北投區,嗄嘮別,嗄嘮別,12
北投區,秀山,三,85,北投區,嗄嘮別,嗄嘮別,11-4
北投區,秀山,三,86,北投區,嗄嘮別,嗄嘮別,11-3
北投區,秀山,三,87,北投區,嗄嘮別,嗄嘮別,12-2
北投區,秀山,三,88,北投區,嗄嘮別,嗄嘮別,9-1
北投區,秀山,三,88-1,北投區,嗄嘮別,嗄嘮別,9-1
北投區,秀山,三,89,北投區,嗄嘮別,嗄嘮別,935-8
北投區,秀山,三,9,北投區,嗄嘮別,嗄嘮別,930-8
北投區,秀山,三,90,北投區,嗄嘮別,嗄嘮別,393-15
北投區,秀山,三,90-1,北投區,嗄嘮別,嗄嘮別,393-15
北投區,秀山,三,91,北投區,嗄嘮別,嗄嘮別,12-14
北投區,秀山,三,92,北投區,嗄嘮別,嗄嘮別,12-15
北投區,秀山,三,93,北投區,嗄嘮別,嗄嘮別,12-3
北投區,秀山,三,94,北投區,嗄嘮別,嗄嘮別,12-6
北投區,秀山,三,96,北投區,嗄嘮別,嗄嘮別,12-8
北投區,秀山,三,97,北投區,嗄嘮別,嗄嘮別,12-9
北投區,秀山,三,98,北投區,嗄嘮別,嗄嘮別,393-18
北投區,秀山,三,99,北投區,嗄嘮別,嗄嘮別,393-18
北投區,秀山,三,99-1,北投區,嗄嘮別,嗄嘮別,393-18
北投區,秀山,二,1,北投區,嗄嘮別,嗄嘮別,48-2
北投區,秀山,二,10,北投區,嗄嘮別,嗄嘮別,26-18
北投區,秀山,二,100,北投區,嗄嘮別,嗄嘮別,52-173
北投區,秀山,二,1000,北投區,嗄嘮別,嗄嘮別,150-36
北投區,秀山,二,1001,北投區,嗄嘮別,嗄嘮別,150-35
北投區,秀山,二,1002,北投區,嗄嘮別,嗄嘮別,150-34
北投區,秀山,二,1003,北投區,嗄嘮別,嗄嘮別,150-33
北投區,秀山,二,1004,北投區,嗄嘮別,嗄嘮別,150-32
北投區,秀山,二,1005,北投區,嗄嘮別,嗄嘮別,150-31
北投區,秀山,二,1006,北投區,嗄嘮別,嗄嘮別,150-30
北投區,秀山,二,1007,北投區,嗄嘮別,嗄嘮別,150-29
北投區,秀山,二,1008,北投區,嗄嘮別,嗄嘮別,150-48
北投區,秀山,二,1009,北投區,嗄嘮別,嗄嘮別,150-28
北投區,秀山,二,101,北投區,嗄嘮別,嗄嘮別,52-174
北投區,秀山,二,1010,北投區,嗄嘮別,嗄嘮別,150-27
北投區,秀山,二,1011,北投區,嗄嘮別,嗄嘮別,150-25
北投區,秀山,二,1012,北投區,嗄嘮別,嗄嘮別,150-24
北投區,秀山,二,1013,北投區,嗄嘮別,嗄嘮別,150-23
北投區,秀山,二,1014,北投區,嗄嘮別,嗄嘮別,150-22
北投區,秀山,二,1014-3,北投區,秀山,二,1414-3
北投區,秀山,二,1015,北投區,嗄嘮別,嗄嘮別,151-6
北投區,秀山,二,1016,北投區,嗄嘮別,嗄嘮別,151
北投區,秀山,二,1017,北投區,嗄嘮別,嗄嘮別,1145
北投區,秀山,二,1018,北投區,嗄嘮別,嗄嘮別,140-1
北投區,秀山,二,1019,北投區,嗄嘮別,嗄嘮別,132
北投區,秀山,二,102,北投區,嗄嘮別,嗄嘮別,52-172
北投區,秀山,二,1020,北投區,嗄嘮別,嗄嘮別,393-19
北投區,秀山,二,1021,北投區,嗄嘮別,嗄嘮別,393-19
北投區,秀山,二,1022,北投區,嗄嘮別,嗄嘮別,391-19
北投區,秀山,二,103,北投區,嗄嘮別,嗄嘮別,52-169
北投區,秀山,二,1038,北投區,嗄嘮別,嗄嘮別,391-17
北投區,秀山,二,1039,北投區,嗄嘮別,嗄嘮別,1153
北投區,秀山,二,104,北投區,嗄嘮別,嗄嘮別,52-175
北投區,秀山,二,1047,北投區,嗄嘮別,嗄嘮別,386-1
北投區,秀山,二,1048,北投區,嗄嘮別,嗄嘮別,386-6
北投區,秀山,二,1049,北投區,嗄嘮別,嗄嘮別,386-10
北投區,秀山,二,105,北投區,嗄嘮別,嗄嘮別,51-15
北投區,秀山,二,1050,北投區,嗄嘮別,嗄嘮別,386-4
北投區,秀山,二,1051,北投區,嗄嘮別,嗄嘮別,386-1
北投區,秀山,二,1052,北投區,嗄嘮別,嗄嘮別,387
北投區,秀山,二,1053,北投區,嗄嘮別,嗄嘮別,390-11
北投區,秀山,二,1054,北投區,嗄嘮別,嗄嘮別,384-7
北投區,秀山,二,1055,北投區,嗄嘮別,嗄嘮別,384-8
北投區,秀山,二,1056,北投區,嗄嘮別,嗄嘮別,384-1
北投區,秀山,二,1057,北投區,嗄嘮別,嗄嘮別,365-4
北投區,秀山,二,1058,北投區,嗄嘮別,嗄嘮別,365-3
北投區,秀山,二,1059,北投區,嗄嘮別,嗄嘮別,365
北投區,秀山,二,106,北投區,嗄嘮別,嗄嘮別,52-91
北投區,秀山,二,1060,北投區,嗄嘮別,嗄嘮別,365-2
北投區,秀山,二,1061,北投區,嗄嘮別,嗄嘮別,364
北投區,秀山,二,1062,北投區,嗄嘮別,嗄嘮別,1146
北投區,秀山,二,1063,北投區,嗄嘮別,嗄嘮別,390-12
北投區,秀山,二,1064,北投區,嗄嘮別,嗄嘮別,366
北投區,秀山,二,1065,北投區,嗄嘮別,嗄嘮別,375-3
北投區,秀山,二,1066,北投區,嗄嘮別,嗄嘮別,367-1
北投區,秀山,二,1067,北投區,嗄嘮別,嗄嘮別,371-3
北投區,秀山,二,1068,北投區,嗄嘮別,嗄嘮別,370-4
北投區,秀山,二,1069,北投區,嗄嘮別,嗄嘮別,371-19
北投區,秀山,二,107,北投區,嗄嘮別,嗄嘮別,52-152
北投區,秀山,二,1070,北投區,嗄嘮別,嗄嘮別,370
北投區,秀山,二,1071,北投區,嗄嘮別,嗄嘮別,371-2
北投區,秀山,二,1072,北投區,嗄嘮別,嗄嘮別,352
北投區,秀山,二,1073,北投區,嗄嘮別,嗄嘮別,356
北投區,秀山,二,1074,北投區,嗄嘮別,嗄嘮別,358
北投區,秀山,二,1075,北投區,嗄嘮別,嗄嘮別,358-6
北投區,秀山,二,1076,北投區,嗄嘮別,嗄嘮別,359
北投區,秀山,二,1077,北投區,嗄嘮別,嗄嘮別,416-10
北投區,秀山,二,1078,北投區,嗄嘮別,嗄嘮別,361
北投區,秀山,二,1079,北投區,嗄嘮別,嗄嘮別,365-1
北投區,秀山,二,108,北投區,嗄嘮別,嗄嘮別,52-102
北投區,秀山,二,1080,北投區,嗄嘮別,嗄嘮別,364-2
北投區,秀山,二,1081,北投區,嗄嘮別,嗄嘮別,364-1
北投區,秀山,二,1082,北投區,嗄嘮別,嗄嘮別,319
北投區,秀山,二,1083,北投區,嗄嘮別,嗄嘮別,319-1
北投區,秀山,二,1084,北投區,嗄嘮別,嗄嘮別,427-3
北投區,秀山,二,1085,北投區,嗄嘮別,嗄嘮別,320
北投區,秀山,二,1086,北投區,嗄嘮別,嗄嘮別,314
北投區,秀山,二,1087,北投區,嗄嘮別,嗄嘮別,322-1
北投區,秀山,二,1088,北投區,嗄嘮別,嗄嘮別,322-2
北投區,秀山,二,1089,北投區,嗄嘮別,嗄嘮別,323-2
北投區,秀山,二,109,北投區,嗄嘮別,嗄嘮別,52-90
北投區,秀山,二,1090,北投區,嗄嘮別,嗄嘮別,323
北投區,秀山,二,1091,北投區,嗄嘮別,嗄嘮別,323
北投區,秀山,二,1092,北投區,嗄嘮別,嗄嘮別,324-2
北投區,秀山,二,1093,北投區,嗄嘮別,嗄嘮別,326-15
北投區,秀山,二,1094,北投區,嗄嘮別,嗄嘮別,322-6
北投區,秀山,二,1095,北投區,嗄嘮別,嗄嘮別,311
北投區,秀山,二,1096,北投區,嗄嘮別,嗄嘮別,312-2
北投區,秀山,二,1097,北投區,嗄嘮別,嗄嘮別,315
北投區,秀山,二,1098,北投區,嗄嘮別,嗄嘮別,262-2
北投區,秀山,二,1099,北投區,秀山,二,780-5
北投區,秀山,二,110,北投區,嗄嘮別,嗄嘮別,52-89
北投區,秀山,二,1102,北投區,秀山,二,694-1
北投區,秀山,二,1102,北投區,秀山,二,694-2
北投區,秀山,二,1102,北投區,秀山,二,695-1
北投區,秀山,二,1102,北投區,秀山,二,695-2
北投區,秀山,二,1102,北投區,秀山,二,696
北投區,秀山,二,1102,北投區,秀山,二,697
北投區,秀山,二,1102,北投區,秀山,二,697-1
北投區,秀山,二,1102,北投區,秀山,二,698-1
北投區,秀山,二,1102,北投區,秀山,二,699-1
北投區,秀山,二,1102,北投區,秀山,二,699-2
北投區,秀山,二,1102,北投區,秀山,二,699-3
北投區,秀山,二,1102,北投區,秀山,二,700-1
北投區,秀山,二,1102,北投區,秀山,二,700-2
北投區,秀山,二,1102,北投區,秀山,二,702-1
北投區,秀山,二,1102,北投區,秀山,二,702-2
北投區,秀山,二,1102,北投區,秀山,二,703-1
北投區,秀山,二,1102,北投區,秀山,二,704-1
北投區,秀山,二,1102,北投區,秀山,二,705-1
北投區,秀山,二,1102,北投區,秀山,二,706-1
北投區,秀山,二,1102,北投區,秀山,二,707-1
北投區,秀山,二,1102,北投區,秀山,二,750
北投區,秀山,二,1102,北投區,秀山,二,751
北投區,秀山,二,1102,北投區,秀山,二,751-5
北投區,秀山,二,1102,北投區,秀山,二,751-6
北投區,秀山,二,1102,北投區,秀山,二,754
北投區,秀山,二,1102,北投區,秀山,二,755
北投區,秀山,二,1102,北投區,秀山,二,756
北投區,秀山,二,1102,北投區,秀山,二,758
北投區,秀山,二,1102,北投區,秀山,二,765
北投區,秀山,二,1102,北投區,秀山,二,776
北投區,秀山,二,1102,北投區,秀山,二,779
北投區,秀山,二,1102,北投區,秀山,二,799
北投區,秀山,二,1102,北投區,秀山,二,805
北投區,秀山,二,1102,北投區,秀山,二,806
北投區,秀山,二,1102,北投區,秀山,二,822
北投區,秀山,二,1102,北投區,秀山,二,822-1
北投區,秀山,二,1102,北投區,秀山,二,824
北投區,秀山,二,1102,北投區,秀山,二,824-1
北投區,秀山,二,1102,北投區,秀山,二,824-2
北投區,秀山,二,1102,北投區,秀山,二,825
北投區,秀山,二,1102,北投區,秀山,二,828
北投區,秀山,二,1102,北投區,秀山,二,828-1
北投區,秀山,二,1102,北投區,秀山,二,832
北投區,秀山,二,1102,北投區,秀山,二,834
北投區,秀山,二,1102,北投區,秀山,二,839
北投區,秀山,二,1102,北投區,秀山,二,845
北投區,秀山,二,1102,北投區,秀山,二,847
北投區,秀山,二,1102,北投區,秀山,二,848
北投區,秀山,二,1102,北投區,秀山,二,851
北投區,秀山,二,1102,北投區,秀山,二,852-1
北投區,秀山,二,1102,北投區,秀山,二,852-2
北投區,秀山,二,1102,北投區,秀山,二,852-3
北投區,秀山,二,1102,北投區,秀山,二,852-4
北投區,秀山,二,1102,北投區,秀山,二,973
北投區,秀山,二,1102,北投區,秀山,二,973-1
北投區,秀山,二,1102,北投區,秀山,二,975
北投區,秀山,二,1102,北投區,秀山,二,975-1
北投區,秀山,二,1102,北投區,秀山,二,979-1
北投區,秀山,二,1102,北投區,秀山,二,986-1
北投區,秀山,二,1103,北投區,秀山,二,708-3
北投區,秀山,二,1103,北投區,秀山,二,729
北投區,秀山,二,1103,北投區,秀山,二,863-7
北投區,秀山,二,1105,北投區,秀山,二,863-8
北投區,秀山,二,1105,北投區,秀山,二,934-1
北投區,秀山,二,1105,北投區,秀山,二,934-2
北投區,秀山,二,1105,北投區,秀山,二,934-3
北投區,秀山,二,1106,北投區,秀山,二,777
北投區,秀山,二,1106,北投區,秀山,二,808
北投區,秀山,二,1106,北投區,秀山,二,809
北投區,秀山,二,1106,北投區,秀山,二,811
北投區,秀山,二,1106,北投區,秀山,二,812
北投區,秀山,二,1106,北投區,秀山,二,813
北投區,秀山,二,1106,北投區,秀山,二,814
北投區,秀山,二,1106,北投區,秀山,二,814-1
北投區,秀山,二,1106,北投區,秀山,二,821
北投區,秀山,二,1106,北投區,秀山,二,826
北投區,秀山,二,1106,北投區,秀山,二,827
北投區,秀山,二,1106,北投區,秀山,二,830
北投區,秀山,二,1106,北投區,秀山,二,831
北投區,秀山,二,1106,北投區,秀山,二,835
北投區,秀山,二,1107,北投區,秀山,二,829
北投區,秀山,二,1107,北投區,秀山,二,833
北投區,秀山,二,1107,北投區,秀山,二,838
北投區,秀山,二,1107,北投區,秀山,二,840
北投區,秀山,二,1107,北投區,秀山,二,841
北投區,秀山,二,1107,北投區,秀山,二,843
北投區,秀山,二,1107,北投區,秀山,二,844
北投區,秀山,二,1107,北投區,秀山,二,846
北投區,秀山,二,1107,北投區,秀山,二,849
北投區,秀山,二,1107,北投區,秀山,二,850
北投區,秀山,二,1107,北投區,秀山,二,935
北投區,秀山,二,1107,北投區,秀山,二,936
北投區,秀山,二,1107,北投區,秀山,二,937
北投區,秀山,二,1107,北投區,秀山,二,938
北投區,秀山,二,1109,北投區,秀山,二,863-8
北投區,秀山,二,1109,北投區,秀山,二,934-1
北投區,秀山,二,1109,北投區,秀山,二,934-2
北投區,秀山,二,1109,北投區,秀山,二,934-3
北投區,秀山,二,111,北投區,嗄嘮別,嗄嘮別,52-59
北投區,秀山,二,1110,北投區,秀山,二,842
北投區,秀山,二,1110,北投區,秀山,二,939
北投區,秀山,二,1110,北投區,秀山,二,940
北投區,秀山,二,1111,北投區,秀山,二,728
北投區,秀山,二,1111,北投區,秀山,二,752-1
北投區,秀山,二,1111,北投區,秀山,二,752-2
北投區,秀山,二,1111,北投區,秀山,二,752-3
北投區,秀山,二,1111,北投區,秀山,二,753-1
北投區,秀山,二,1111,北投區,秀山,二,753-2
北投區,秀山,二,1111,北投區,秀山,二,823
北投區,秀山,二,1111,北投區,秀山,二,823-1
北投區,秀山,二,1111,北投區,秀山,二,862-1
北投區,秀山,二,1111,北投區,秀山,二,951-1
北投區,秀山,二,1111,北投區,秀山,二,952
北投區,秀山,二,1112,北投區,秀山,二,863-8
北投區,秀山,二,1112,北投區,秀山,二,934-1
北投區,秀山,二,1112,北投區,秀山,二,934-2
北投區,秀山,二,1112,北投區,秀山,二,934-3
北投區,秀山,二,1113,北投區,秀山,二,794
北投區,秀山,二,1113,北投區,秀山,二,945-1
北投區,秀山,二,1113,北投區,秀山,二,948-1
北投區,秀山,二,1113,北投區,秀山,二,958
北投區,秀山,二,1113,北投區,秀山,二,963
北投區,秀山,二,1113,北投區,秀山,二,964
北投區,秀山,二,1113,北投區,秀山,二,965-1
北投區,秀山,二,1117,北投區,秀山,二,863-8
北投區,秀山,二,1117,北投區,秀山,二,934-1
北投區,秀山,二,1117,北投區,秀山,二,934-2
北投區,秀山,二,1117,北投區,秀山,二,934-3
北投區,秀山,二,1118,北投區,秀山,二,945-1
北投區,秀山,二,1118,北投區,秀山,二,948-1
北投區,秀山,二,1118,北投區,秀山,二,963
北投區,秀山,二,1118,北投區,秀山,二,964
北投區,秀山,二,1118,北投區,秀山,二,965-1
北投區,秀山,二,1119,北投區,秀山,二,955
北投區,秀山,二,1119,北投區,秀山,二,957
北投區,秀山,二,1119,北投區,秀山,二,959
北投區,秀山,二,1119,北投區,秀山,二,960
北投區,秀山,二,1119,北投區,秀山,二,967
北投區,秀山,二,112,北投區,嗄嘮別,嗄嘮別,52-58
北投區,秀山,二,1120,北投區,秀山,二,969
北投區,秀山,二,1120,北投區,秀山,二,970
北投區,秀山,二,1120,北投區,秀山,二,971
北投區,秀山,二,1123,北投區,秀山,二,790
北投區,秀山,二,1123,北投區,秀山,二,791
北投區,秀山,二,1123,北投區,秀山,二,791-1
北投區,秀山,二,1123,北投區,秀山,二,796
北投區,秀山,二,1123,北投區,秀山,二,796-1
北投區,秀山,二,1123,北投區,秀山,二,797
北投區,秀山,二,1123,北投區,秀山,二,818
北投區,秀山,二,1123,北投區,秀山,二,819
北投區,秀山,二,1123,北投區,秀山,二,820
北投區,秀山,二,1123,北投區,秀山,二,954
北投區,秀山,二,1123,北投區,秀山,二,974
北投區,秀山,二,1124,北投區,秀山,二,863-8
北投區,秀山,二,1124,北投區,秀山,二,934-1
北投區,秀山,二,1124,北投區,秀山,二,934-2
北投區,秀山,二,1124,北投區,秀山,二,934-3
北投區,秀山,二,1125,北投區,秀山,二,787
北投區,秀山,二,1125,北投區,秀山,二,788
北投區,秀山,二,1125,北投區,秀山,二,789
北投區,秀山,二,1125,北投區,秀山,二,789-1
北投區,秀山,二,1125,北投區,秀山,二,800
北投區,秀山,二,1126,北投區,秀山,二,778
北投區,秀山,二,1126,北投區,秀山,二,785
北投區,秀山,二,1126,北投區,秀山,二,786
北投區,秀山,二,1127,北投區,秀山,二,784
北投區,秀山,二,1128,北投區,秀山,二,780
北投區,秀山,二,1128,北投區,秀山,二,781
北投區,秀山,二,1128,北投區,秀山,二,782
北投區,秀山,二,1128,北投區,秀山,二,783
北投區,秀山,二,113,北投區,嗄嘮別,嗄嘮別,52-88
北投區,秀山,二,1130,北投區,秀山,二,976
北投區,秀山,二,1130,北投區,秀山,二,977
北投區,秀山,二,1130,北投區,秀山,二,978
北投區,秀山,二,1131,北投區,秀山,二,771
北投區,秀山,二,1131,北投區,秀山,二,773
北投區,秀山,二,1131,北投區,秀山,二,774
北投區,秀山,二,1131,北投區,秀山,二,775
北投區,秀山,二,1131,北投區,秀山,二,795
北投區,秀山,二,1131,北投區,秀山,二,798
北投區,秀山,二,1131,北投區,秀山,二,810
北投區,秀山,二,1132,北投區,秀山,二,945-1
北投區,秀山,二,1132,北投區,秀山,二,948-1
北投區,秀山,二,1132,北投區,秀山,二,963
北投區,秀山,二,1132,北投區,秀山,二,964
北投區,秀山,二,1132,北投區,秀山,二,965-1
北投區,秀山,二,1133,北投區,秀山,二,863-8
北投區,秀山,二,1133,北投區,秀山,二,934-1
北投區,秀山,二,1133,北投區,秀山,二,934-2
北投區,秀山,二,1133,北投區,秀山,二,934-3
北投區,秀山,二,114,北投區,嗄嘮別,嗄嘮別,52-57
北投區,秀山,二,115,北投區,嗄嘮別,嗄嘮別,52-146
北投區,秀山,二,116,北投區,嗄嘮別,嗄嘮別,52-145
北投區,秀山,二,117,北投區,嗄嘮別,嗄嘮別,52-6
北投區,秀山,二,118,北投區,嗄嘮別,嗄嘮別,52-55
北投區,秀山,二,119,北投區,嗄嘮別,嗄嘮別,52-144
北投區,秀山,二,12,北投區,嗄嘮別,嗄嘮別,26-19
北投區,秀山,二,120,北投區,嗄嘮別,嗄嘮別,52-143
北投區,秀山,二,121,北投區,嗄嘮別,嗄嘮別,52-54
北投區,秀山,二,122,北投區,嗄嘮別,嗄嘮別,52-142
北投區,秀山,二,123,北投區,嗄嘮別,嗄嘮別,52-33
北投區,秀山,二,124,北投區,嗄嘮別,嗄嘮別,52-35
北投區,秀山,二,125,北投區,嗄嘮別,嗄嘮別,52-139
北投區,秀山,二,126,北投區,嗄嘮別,嗄嘮別,52-138
北投區,秀山,二,127,北投區,嗄嘮別,嗄嘮別,52-36
北投區,秀山,二,128,北投區,嗄嘮別,嗄嘮別,52-37
北投區,秀山,二,129,北投區,嗄嘮別,嗄嘮別,52-37
北投區,秀山,二,13,北投區,嗄嘮別,嗄嘮別,47-4
北投區,秀山,二,130,北投區,嗄嘮別,嗄嘮別,52-137
北投區,秀山,二,131,北投區,嗄嘮別,嗄嘮別,52-137
北投區,秀山,二,132,北投區,嗄嘮別,嗄嘮別,52-15
北投區,秀山,二,133,北投區,嗄嘮別,嗄嘮別,52-42
北投區,秀山,二,134,北投區,嗄嘮別,嗄嘮別,52-38
北投區,秀山,二,135,北投區,嗄嘮別,嗄嘮別,52-39
北投區,秀山,二,136,北投區,嗄嘮別,嗄嘮別,52-40
北投區,秀山,二,137,北投區,嗄嘮別,嗄嘮別,52-16
北投區,秀山,二,138,北投區,嗄嘮別,嗄嘮別,52-17
北投區,秀山,二,139,北投區,嗄嘮別,嗄嘮別,52-131
北投區,秀山,二,140,北投區,嗄嘮別,嗄嘮別,52-41
北投區,秀山,二,141,北投區,頂北投,山腳,977
北投區,秀山,二,142,北投區,頂北投,山腳,977
北投區,秀山,二,143,北投區,嗄嘮別,嗄嘮別,52-13
北投區,秀山,二,144,北投區,頂北投,山腳,976
北投區,秀山,二,145,北投區,頂北投,山腳,976
北投區,秀山,二,146,北投區,頂北投,山腳,976
北投區,秀山,二,147,北投區,頂北投,山腳,976
北投區,秀山,二,148,北投區,嗄嘮別,嗄嘮別,52-176
北投區,秀山,二,149,北投區,嗄嘮別,嗄嘮別,52-14
北投區,秀山,二,15,北投區,嗄嘮別,嗄嘮別,49
北投區,秀山,二,150,北投區,嗄嘮別,嗄嘮別,52-29
北投區,秀山,二,151,北投區,嗄嘮別,嗄嘮別,52-28
北投區,秀山,二,152,北投區,嗄嘮別,嗄嘮別,52-22
北投區,秀山,二,153,北投區,嗄嘮別,嗄嘮別,52-273
北投區,秀山,二,154,北投區,嗄嘮別,嗄嘮別,52-272
北投區,秀山,二,155,北投區,嗄嘮別,嗄嘮別,52-271
北投區,秀山,二,156,北投區,嗄嘮別,嗄嘮別,52-270
北投區,秀山,二,157,北投區,嗄嘮別,嗄嘮別,52-269
北投區,秀山,二,158,北投區,嗄嘮別,嗄嘮別,52-268
北投區,秀山,二,159,北投區,嗄嘮別,嗄嘮別,52-267
北投區,秀山,二,16,北投區,嗄嘮別,嗄嘮別,49
北投區,秀山,二,160,北投區,嗄嘮別,嗄嘮別,52-266
北投區,秀山,二,161,北投區,嗄嘮別,嗄嘮別,52-127
北投區,秀山,二,162,北投區,嗄嘮別,嗄嘮別,52-127
北投區,秀山,二,163,北投區,嗄嘮別,嗄嘮別,52-292
北投區,秀山,二,164,北投區,嗄嘮別,嗄嘮別,52-291
北投區,秀山,二,165,北投區,嗄嘮別,嗄嘮別,52-290
北投區,秀山,二,166,北投區,嗄嘮別,嗄嘮別,52-126
北投區,秀山,二,166-1,北投區,嗄嘮別,嗄嘮別,52-298
北投區,秀山,二,167,北投區,嗄嘮別,嗄嘮別,52-125
北投區,秀山,二,168,北投區,嗄嘮別,嗄嘮別,52-128
北投區,秀山,二,169,北投區,嗄嘮別,嗄嘮別,52-21
北投區,秀山,二,17,北投區,嗄嘮別,嗄嘮別,49-2
北投區,秀山,二,170,北投區,嗄嘮別,嗄嘮別,52-130
北投區,秀山,二,171,北投區,嗄嘮別,嗄嘮別,52-129
北投區,秀山,二,172,北投區,嗄嘮別,嗄嘮別,52-27
北投區,秀山,二,173,北投區,頂北投,山腳,976-1
北投區,秀山,二,174,北投區,頂北投,山腳,976-2
北投區,秀山,二,175,北投區,頂北投,山腳,361-37
北投區,秀山,二,176,北投區,頂北投,山腳,361-51
北投區,秀山,二,177,北投區,頂北投,山腳,361-38
北投區,秀山,二,178,北投區,頂北投,山腳,361-77
北投區,秀山,二,179,北投區,頂北投,山腳,361-74
北投區,秀山,二,180,北投區,頂北投,山腳,361-74
北投區,秀山,二,181,北投區,頂北投,山腳,361-26
北投區,秀山,二,182,北投區,頂北投,山腳,361-73
北投區,秀山,二,183,北投區,頂北投,山腳,361-67
北投區,秀山,二,184,北投區,頂北投,山腳,361-120
北投區,秀山,二,185,北投區,頂北投,山腳,975-14
北投區,秀山,二,186,北投區,頂北投,山腳,975-15
北投區,秀山,二,187,北投區,頂北投,山腳,975-13
北投區,秀山,二,188,北投區,頂北投,山腳,361-121
北投區,秀山,二,189,北投區,頂北投,山腳,975-12
北投區,秀山,二,19-1,北投區,嗄嘮別,嗄嘮別,83-10
北投區,秀山,二,190,北投區,頂北投,山腳,975-11
北投區,秀山,二,191,北投區,嗄嘮別,嗄嘮別,52-297
北投區,秀山,二,192,北投區,嗄嘮別,嗄嘮別,52-289
北投區,秀山,二,193,北投區,嗄嘮別,嗄嘮別,52-296
北投區,秀山,二,194,北投區,嗄嘮別,嗄嘮別,52-298
北投區,秀山,二,195,北投區,嗄嘮別,嗄嘮別,52-287
北投區,秀山,二,196,北投區,嗄嘮別,嗄嘮別,52-295
北投區,秀山,二,197,北投區,嗄嘮別,嗄嘮別,52-294
北投區,秀山,二,198,北投區,嗄嘮別,嗄嘮別,52-286
北投區,秀山,二,199,北投區,嗄嘮別,嗄嘮別,52-285
北投區,秀山,二,2,北投區,嗄嘮別,嗄嘮別,48-3
北投區,秀山,二,200,北投區,嗄嘮別,嗄嘮別,52-293
北投區,秀山,二,201,北投區,嗄嘮別,嗄嘮別,52-284
北投區,秀山,二,202,北投區,嗄嘮別,嗄嘮別,52-284
北投區,秀山,二,203,北投區,嗄嘮別,嗄嘮別,52-283
北投區,秀山,二,204,北投區,嗄嘮別,嗄嘮別,52-283
北投區,秀山,二,205,北投區,嗄嘮別,嗄嘮別,52-282
北投區,秀山,二,206,北投區,嗄嘮別,嗄嘮別,52-282
北投區,秀山,二,207,北投區,嗄嘮別,嗄嘮別,52-1
北投區,秀山,二,208,北投區,嗄嘮別,嗄嘮別,52-1
北投區,秀山,二,209,北投區,頂北投,山腳,975-8
北投區,秀山,二,210,北投區,頂北投,山腳,975-8
北投區,秀山,二,211,北投區,頂北投,山腳,361-119
北投區,秀山,二,212,北投區,頂北投,山腳,361-119
北投區,秀山,二,213,北投區,頂北投,山腳,361-118
北投區,秀山,二,214,北投區,頂北投,山腳,361-118
北投區,秀山,二,215,北投區,頂北投,山腳,975-9
北投區,秀山,二,216,北投區,頂北投,山腳,361-117
北投區,秀山,二,217,北投區,頂北投,山腳,361-117
北投區,秀山,二,218,北投區,頂北投,山腳,361-116
北投區,秀山,二,219,北投區,頂北投,山腳,361-316
北投區,秀山,二,220,北投區,頂北投,山腳,361-66
北投區,秀山,二,221,北投區,頂北投,山腳,361-66
北投區,秀山,二,222,北投區,頂北投,山腳,361-25
北投區,秀山,二,225,北投區,頂北投,山腳,360-174
北投區,秀山,二,225-1,北投區,頂北投,山腳,361-105
北投區,秀山,二,226,北投區,頂北投,山腳,975-6
北投區,秀山,二,228,北投區,頂北投,山腳,975
北投區,秀山,二,229,北投區,頂北投,山腳,52-116
北投區,秀山,二,23,北投區,嗄嘮別,嗄嘮別,51-30
北投區,秀山,二,230,北投區,頂北投,山腳,975-1
北投區,秀山,二,231,北投區,頂北投,山腳,52-280
北投區,秀山,二,232,北投區,頂北投,山腳,975-3
北投區,秀山,二,233,北投區,頂北投,山腳,361-110
北投區,秀山,二,234,北投區,嗄嘮別,嗄嘮別,52-281
北投區,秀山,二,235,北投區,頂北投,山腳,361-109
北投區,秀山,二,236,北投區,頂北投,山腳,975-16
北投區,秀山,二,237,北投區,頂北投,山腳,361-108
北投區,秀山,二,238,北投區,頂北投,山腳,975-5
北投區,秀山,二,239,北投區,頂北投,山腳,361-107
北投區,秀山,二,24,北投區,嗄嘮別,嗄嘮別,51-22
北投區,秀山,二,240,北投區,頂北投,山腳,361-106
北投區,秀山,二,241,北投區,頂北投,山腳,361-4
北投區,秀山,二,242,北投區,頂北投,山腳,361-62
北投區,秀山,二,243,北投區,頂北投,山腳,361-53
北投區,秀山,二,244,北投區,頂北投,山腳,361-56
北投區,秀山,二,245,北投區,頂北投,山腳,361-57
北投區,秀山,二,246,北投區,頂北投,山腳,360-3
北投區,秀山,二,247,北投區,頂北投,山腳,361-65
北投區,秀山,二,248,北投區,頂北投,山腳,360-45
北投區,秀山,二,249,北投區,頂北投,山腳,990
北投區,秀山,二,25,北投區,嗄嘮別,嗄嘮別,51-21
北投區,秀山,二,250,北投區,頂北投,山腳,990
北投區,秀山,二,253,北投區,頂北投,山腳,360-147
北投區,秀山,二,254,北投區,頂北投,山腳,360-148
北投區,秀山,二,255,北投區,頂北投,山腳,360-156
北投區,秀山,二,256,北投區,頂北投,山腳,360-157
北投區,秀山,二,257,北投區,頂北投,山腳,360-149
北投區,秀山,二,258,北投區,頂北投,山腳,360-150
北投區,秀山,二,259,北投區,頂北投,山腳,360-158
北投區,秀山,二,26,北投區,嗄嘮別,嗄嘮別,51-31
北投區,秀山,二,260,北投區,頂北投,山腳,360-159
北投區,秀山,二,261,北投區,頂北投,山腳,360-151
北投區,秀山,二,262,北投區,頂北投,山腳,360-152
北投區,秀山,二,263,北投區,頂北投,山腳,360-160
北投區,秀山,二,264,北投區,頂北投,山腳,360-161
北投區,秀山,二,265,北投區,頂北投,山腳,360-153
北投區,秀山,二,266,北投區,頂北投,山腳,360-154
北投區,秀山,二,267,北投區,頂北投,山腳,360-162
北投區,秀山,二,268,北投區,頂北投,山腳,360-163
北投區,秀山,二,269,北投區,頂北投,山腳,360-164
北投區,秀山,二,27,北投區,嗄嘮別,嗄嘮別,50-2
北投區,秀山,二,271,北投區,頂北投,山腳,360-237
北投區,秀山,二,275,北投區,頂北投,山腳,360-184
北投區,秀山,二,276,北投區,頂北投,山腳,360-179
北投區,秀山,二,279,北投區,頂北投,山腳,360-178
北投區,秀山,二,28,北投區,嗄嘮別,嗄嘮別,51-20
北投區,秀山,二,280,北投區,頂北投,山腳,360-177
北投區,秀山,二,281,北投區,頂北投,山腳,360-46
北投區,秀山,二,282,北投區,頂北投,山腳,360-97
北投區,秀山,二,283,北投區,頂北投,山腳,360-176
北投區,秀山,二,284,北投區,頂北投,山腳,360-175
北投區,秀山,二,285,北投區,頂北投,山腳,360-96
北投區,秀山,二,286,北投區,頂北投,山腳,360-4
北投區,秀山,二,287,北投區,頂北投,山腳,361-52
北投區,秀山,二,288,北投區,頂北投,山腳,360-215
北投區,秀山,二,29,北投區,嗄嘮別,嗄嘮別,51-19
北投區,秀山,二,290,北投區,頂北投,山腳,361-3
北投區,秀山,二,292,北投區,頂北投,山腳,361-69
北投區,秀山,二,293,北投區,頂北投,山腳,360-173
北投區,秀山,二,294,北投區,頂北投,山腳,991-1
北投區,秀山,二,296,北投區,頂北投,山腳,991-2
北投區,秀山,二,298,北投區,頂北投,山腳,991-3
北投區,秀山,二,299,北投區,頂北投,山腳,991-4
北投區,秀山,二,3,北投區,嗄嘮別,嗄嘮別,48
北投區,秀山,二,30,北投區,嗄嘮別,嗄嘮別,51-18
北投區,秀山,二,300,北投區,頂北投,山腳,360-191
北投區,秀山,二,301,北投區,頂北投,山腳,361-72
北投區,秀山,二,302,北投區,頂北投,山腳,991
北投區,秀山,二,303,北投區,頂北投,山腳,361-29
北投區,秀山,二,304,北投區,頂北投,山腳,991-12
北投區,秀山,二,305,北投區,頂北投,山腳,360-119
北投區,秀山,二,306,北投區,頂北投,山腳,360-119
北投區,秀山,二,309,北投區,頂北投,山腳,360-107
北投區,秀山,二,31,北投區,嗄嘮別,嗄嘮別,52
北投區,秀山,二,310,北投區,頂北投,山腳,360-107
北投區,秀山,二,311,北投區,頂北投,山腳,360-106
北投區,秀山,二,312,北投區,頂北投,山腳,360-106
北投區,秀山,二,313,北投區,頂北投,山腳,360-271
北投區,秀山,二,315,北投區,頂北投,山腳,360-187
北投區,秀山,二,316,北投區,頂北投,山腳,361-88
北投區,秀山,二,317,北投區,頂北投,山腳,361-89
北投區,秀山,二,318,北投區,頂北投,山腳,361-87
北投區,秀山,二,319,北投區,頂北投,山腳,361-86
北投區,秀山,二,32,北投區,嗄嘮別,嗄嘮別,51-16
北投區,秀山,二,320,北投區,頂北投,山腳,360-104
北投區,秀山,二,321,北投區,頂北投,山腳,360-104
北投區,秀山,二,322,北投區,頂北投,山腳,361-33
北投區,秀山,二,323,北投區,頂北投,山腳,361-39
北投區,秀山,二,324,北投區,頂北投,山腳,361-84
北投區,秀山,二,325,北投區,頂北投,山腳,361-85
北投區,秀山,二,326,北投區,頂北投,山腳,361-83
北投區,秀山,二,327,北投區,頂北投,山腳,361-31
北投區,秀山,二,328,北投區,頂北投,山腳,361-27
北投區,秀山,二,329,北投區,頂北投,山腳,361-75
北投區,秀山,二,33,北投區,嗄嘮別,嗄嘮別,51-14
北投區,秀山,二,330,北投區,頂北投,山腳,361-75
北投區,秀山,二,331,北投區,頂北投,山腳,361-76
北投區,秀山,二,332,北投區,頂北投,山腳,361-78
北投區,秀山,二,333,北投區,頂北投,山腳,361-36
北投區,秀山,二,334,北投區,頂北投,山腳,361-43
北投區,秀山,二,335,北投區,頂北投,山腳,361-79
北投區,秀山,二,336,北投區,頂北投,山腳,361-98
北投區,秀山,二,337,北投區,頂北投,山腳,361-45
北投區,秀山,二,338,北投區,頂北投,山腳,361-46
北投區,秀山,二,339,北投區,頂北投,山腳,361-9
北投區,秀山,二,34,北投區,嗄嘮別,嗄嘮別,52-262
北投區,秀山,二,340,北投區,頂北投,山腳,361-2
北投區,秀山,二,341,北投區,頂北投,山腳,361-122
北投區,秀山,二,342,北投區,頂北投,山腳,361-123
北投區,秀山,二,343,北投區,頂北投,山腳,361-20
北投區,秀山,二,344,北投區,頂北投,山腳,361-94
北投區,秀山,二,345,北投區,頂北投,山腳,361-21
北投區,秀山,二,346,北投區,頂北投,山腳,361-13
北投區,秀山,二,346-1,北投區,頂北投,山腳,361-96
北投區,秀山,二,347,北投區,頂北投,山腳,993-2
北投區,秀山,二,348,北投區,頂北投,山腳,360-63
北投區,秀山,二,349,北投區,頂北投,山腳,360-207
北投區,秀山,二,35,北投區,嗄嘮別,嗄嘮別,51-15
北投區,秀山,二,350,北投區,頂北投,山腳,361-16
北投區,秀山,二,350-1,北投區,頂北投,山腳,361-128
北投區,秀山,二,351,北投區,頂北投,山腳,361-15
北投區,秀山,二,352,北投區,頂北投,山腳,361-40
北投區,秀山,二,353,北投區,頂北投,山腳,993-2
北投區,秀山,二,354,北投區,頂北投,山腳,360-33
北投區,秀山,二,355,北投區,頂北投,山腳,360-199
北投區,秀山,二,356,北投區,頂北投,山腳,360-200
北投區,秀山,二,357,北投區,頂北投,山腳,360-71
北投區,秀山,二,358,北投區,頂北投,山腳,360-57
北投區,秀山,二,359,北投區,頂北投,山腳,360-201
北投區,秀山,二,36,北投區,嗄嘮別,嗄嘮別,51-9
北投區,秀山,二,360,北投區,頂北投,山腳,360-202
北投區,秀山,二,360-1,北投區,頂北投,山腳,360-203
北投區,秀山,二,361,北投區,頂北投,山腳,360-58
北投區,秀山,二,362,北投區,頂北投,山腳,360-60
北投區,秀山,二,363,北投區,頂北投,山腳,360-204
北投區,秀山,二,365,北投區,頂北投,山腳,360-206
北投區,秀山,二,367,北投區,頂北投,山腳,358-142
北投區,秀山,二,367-1,北投區,頂北投,山腳,360-205
北投區,秀山,二,369,北投區,頂北投,山腳,1010-1
北投區,秀山,二,37,北投區,嗄嘮別,嗄嘮別,51-8
北投區,秀山,二,370,北投區,頂北投,山腳,1009-1
北投區,秀山,二,371,北投區,頂北投,山腳,358-93
北投區,秀山,二,372,北投區,頂北投,山腳,358-140
北投區,秀山,二,373,北投區,頂北投,山腳,358-139
北投區,秀山,二,374,北投區,頂北投,山腳,358-92
北投區,秀山,二,375,北投區,頂北投,山腳,358-74
北投區,秀山,二,376,北投區,頂北投,山腳,358-75
北投區,秀山,二,376-1,北投區,頂北投,山腳,358-75
北投區,秀山,二,377,北投區,頂北投,山腳,358-53
北投區,秀山,二,378,北投區,頂北投,山腳,358-192
北投區,秀山,二,379,北投區,頂北投,山腳,358-191
北投區,秀山,二,38,北投區,嗄嘮別,嗄嘮別,51-7
北投區,秀山,二,380,北投區,頂北投,山腳,358-189
北投區,秀山,二,381,北投區,頂北投,山腳,358-6
北投區,秀山,二,382,北投區,頂北投,山腳,1009
北投區,秀山,二,383,北投區,頂北投,山腳,360-198
北投區,秀山,二,384,北投區,頂北投,山腳,360-253
北投區,秀山,二,385,北投區,頂北投,山腳,360-77
北投區,秀山,二,386,北投區,頂北投,山腳,358-187
北投區,秀山,二,387,北投區,頂北投,山腳,358-50
北投區,秀山,二,388,北投區,頂北投,山腳,360-78
北投區,秀山,二,389,北投區,頂北投,山腳,360-252
北投區,秀山,二,39,北投區,嗄嘮別,嗄嘮別,51-10
北投區,秀山,二,390,北投區,頂北投,山腳,360-194
北投區,秀山,二,391,北投區,頂北投,山腳,360-195
北投區,秀山,二,392,北投區,頂北投,山腳,360-79
北投區,秀山,二,393,北投區,頂北投,山腳,360-80
北投區,秀山,二,394,北投區,頂北投,山腳,360-193
北投區,秀山,二,395,北投區,頂北投,山腳,360-192
北投區,秀山,二,396,北投區,頂北投,山腳,992
北投區,秀山,二,397,北投區,頂北投,山腳,992
北投區,秀山,二,398,北投區,頂北投,山腳,360-116
北投區,秀山,二,399,北投區,頂北投,山腳,991-7
北投區,秀山,二,4,北投區,嗄嘮別,嗄嘮別,48
北投區,秀山,二,40,北投區,嗄嘮別,嗄嘮別,51-6
北投區,秀山,二,400,北投區,頂北投,山腳,991-6
北投區,秀山,二,401,北投區,頂北投,山腳,991-5
北投區,秀山,二,402,北投區,頂北投,山腳,991-5
北投區,秀山,二,403,北投區,頂北投,山腳,361-35
北投區,秀山,二,404,北投區,頂北投,山腳,361-35
北投區,秀山,二,405,北投區,頂北投,山腳,360-103
北投區,秀山,二,406,北投區,頂北投,山腳,360-186
北投區,秀山,二,407,北投區,頂北投,山腳,358-48
北投區,秀山,二,408,北投區,頂北投,山腳,358-48
北投區,秀山,二,409,北投區,頂北投,山腳,360-264
北投區,秀山,二,41,北投區,嗄嘮別,嗄嘮別,83-11
北投區,秀山,二,410,北投區,頂北投,山腳,360-266
北投區,秀山,二,411,北投區,頂北投,山腳,358-185
北投區,秀山,二,412,北投區,頂北投,山腳,358-186
北投區,秀山,二,413,北投區,頂北投,山腳,358-47
北投區,秀山,二,414,北投區,頂北投,山腳,1008-1
北投區,秀山,二,415,北投區,頂北投,山腳,360-51
北投區,秀山,二,416,北投區,頂北投,山腳,360-6
北投區,秀山,二,42,北投區,嗄嘮別,嗄嘮別,51-3
北投區,秀山,二,424,北投區,頂北投,山腳,354-9
北投區,秀山,二,426,北投區,頂北投,山腳,354-5
北投區,秀山,二,427,北投區,頂北投,山腳,354-5
北投區,秀山,二,428,北投區,頂北投,山腳,1008-11
北投區,秀山,二,429,北投區,頂北投,山腳,358
北投區,秀山,二,43,北投區,嗄嘮別,嗄嘮別,48-7
北投區,秀山,二,435,北投區,頂北投,山腳,358-27
北投區,秀山,二,436,北投區,頂北投,山腳,358-35
北投區,秀山,二,437,北投區,頂北投,山腳,358-35
北投區,秀山,二,438,北投區,頂北投,山腳,358-79
北投區,秀山,二,439,北投區,頂北投,山腳,358-80
北投區,秀山,二,44,北投區,嗄嘮別,嗄嘮別,51-5
北投區,秀山,二,441,北投區,頂北投,山腳,358-36
北投區,秀山,二,442,北投區,頂北投,山腳,358-37
北投區,秀山,二,443,北投區,頂北投,山腳,358-37
北投區,秀山,二,444,北投區,頂北投,山腳,358-83
北投區,秀山,二,445,北投區,頂北投,山腳,358-114
北投區,秀山,二,446,北投區,頂北投,山腳,356-3
北投區,秀山,二,447,北投區,頂北投,山腳,356-4
北投區,秀山,二,448,北投區,頂北投,山腳,358-127
北投區,秀山,二,449,北投區,頂北投,山腳,358-94
北投區,秀山,二,45,北投區,嗄嘮別,嗄嘮別,51-38
北投區,秀山,二,450,北投區,頂北投,山腳,358-128
北投區,秀山,二,451,北投區,頂北投,山腳,358-28
北投區,秀山,二,452,北投區,頂北投,山腳,358-129
北投區,秀山,二,454,北投區,頂北投,山腳,358-131
北投區,秀山,二,455,北投區,頂北投,山腳,358-96
北投區,秀山,二,456,北投區,頂北投,山腳,358-118
北投區,秀山,二,457,北投區,頂北投,山腳,358-30
北投區,秀山,二,459,北投區,頂北投,山腳,358-120
北投區,秀山,二,46,北投區,嗄嘮別,嗄嘮別,51-37
北投區,秀山,二,460,北投區,頂北投,山腳,358-97
北投區,秀山,二,461,北投區,頂北投,山腳,358-5
北投區,秀山,二,462,北投區,頂北投,山腳,358-29
北投區,秀山,二,463,北投區,頂北投,山腳,358-100
北投區,秀山,二,464,北投區,頂北投,山腳,358-101
北投區,秀山,二,465,北投區,頂北投,山腳,0-68
北投區,秀山,二,466,北投區,頂北投,山腳,0-74
北投區,秀山,二,467,北投區,頂北投,山腳,358-104
北投區,秀山,二,468,北投區,頂北投,山腳,358-149
北投區,秀山,二,47,北投區,嗄嘮別,嗄嘮別,51-36
北投區,秀山,二,470,北投區,頂北投,山腳,358-183
北投區,秀山,二,470-1,北投區,頂北投,山腳,358-183
北投區,秀山,二,472,北投區,頂北投,山腳,358-59
北投區,秀山,二,473,北投區,頂北投,山腳,358-59
北投區,秀山,二,473-1,北投區,頂北投,山腳,358-182
北投區,秀山,二,474,北投區,頂北投,山腳,358-58
北投區,秀山,二,475,北投區,頂北投,山腳,358-44
北投區,秀山,二,476,北投區,頂北投,山腳,358-8
北投區,秀山,二,478,北投區,頂北投,山腳,358-194
北投區,秀山,二,479,北投區,頂北投,山腳,358-195
北投區,秀山,二,48,北投區,嗄嘮別,嗄嘮別,51-35
北投區,秀山,二,481,北投區,頂北投,山腳,358-45
北投區,秀山,二,482,北投區,頂北投,山腳,358-45
北投區,秀山,二,483,北投區,頂北投,山腳,358-60
北投區,秀山,二,484,北投區,頂北投,山腳,358-60
北投區,秀山,二,485,北投區,頂北投,山腳,358-46
北投區,秀山,二,486,北投區,頂北投,山腳,358-46
北投區,秀山,二,487,北投區,頂北投,山腳,358-153
北投區,秀山,二,488,北投區,頂北投,山腳,358-56
北投區,秀山,二,489,北投區,頂北投,山腳,358-56
北投區,秀山,二,49,北投區,嗄嘮別,嗄嘮別,51-34
北投區,秀山,二,490,北投區,頂北投,山腳,358-55
北投區,秀山,二,491,北投區,頂北投,山腳,358-181
北投區,秀山,二,492,北投區,頂北投,山腳,358-179
北投區,秀山,二,493,北投區,頂北投,山腳,358-54
北投區,秀山,二,494,北投區,頂北投,山腳,358-138
北投區,秀山,二,495,北投區,頂北投,山腳,358-68
北投區,秀山,二,496,北投區,頂北投,山腳,358-69
北投區,秀山,二,496-1,北投區,頂北投,山腳,358-69
北投區,秀山,二,497,北投區,頂北投,山腳,358-180
北投區,秀山,二,498,北投區,頂北投,山腳,358-154
北投區,秀山,二,499,北投區,頂北投,山腳,358-155
北投區,秀山,二,5,北投區,嗄嘮別,嗄嘮別,50
北投區,秀山,二,50,北投區,嗄嘮別,嗄嘮別,51-33
北投區,秀山,二,500,北投區,頂北投,山腳,358-151
北投區,秀山,二,501,北投區,頂北投,山腳,358-11
北投區,秀山,二,503,北投區,頂北投,山腳,358-150
北投區,秀山,二,504,北投區,頂北投,山腳,322-5
北投區,秀山,二,505,北投區,頂北投,山腳,1022
北投區,秀山,二,509,北投區,頂北投,山腳,358-173
北投區,秀山,二,51,北投區,嗄嘮別,嗄嘮別,51-32
北投區,秀山,二,510,北投區,頂北投,山腳,358-174
北投區,秀山,二,511,北投區,頂北投,山腳,358-175
北投區,秀山,二,512,北投區,頂北投,山腳,358-176
北投區,秀山,二,513,北投區,頂北投,山腳,358-177
北投區,秀山,二,514,北投區,頂北投,山腳,358-156
北投區,秀山,二,515,北投區,頂北投,山腳,358-64
北投區,秀山,二,517,北投區,頂北投,山腳,358-86
北投區,秀山,二,518,北投區,頂北投,山腳,359-11
北投區,秀山,二,519,北投區,頂北投,山腳,359-12
北投區,秀山,二,52,北投區,嗄嘮別,嗄嘮別,51-2
北投區,秀山,二,520,北投區,頂北投,山腳,359-16
北投區,秀山,二,521,北投區,頂北投,山腳,359-15
北投區,秀山,二,523,北投區,頂北投,山腳,359-13
北投區,秀山,二,524,北投區,頂北投,山腳,359-1
北投區,秀山,二,525,北投區,頂北投,山腳,358-90
北投區,秀山,二,526,北投區,頂北投,山腳,358-89
北投區,秀山,二,527,北投區,頂北投,山腳,358-113
北投區,秀山,二,529,北投區,頂北投,山腳,358-157
北投區,秀山,二,53,北投區,嗄嘮別,嗄嘮別,51-3
北投區,秀山,二,530,北投區,頂北投,山腳,358-72
北投區,秀山,二,531,北投區,頂北投,山腳,358-84
北投區,秀山,二,532,北投區,頂北投,山腳,358-158
北投區,秀山,二,533,北投區,頂北投,山腳,358-71
北投區,秀山,二,534,北投區,頂北投,山腳,358-147
北投區,秀山,二,535,北投區,頂北投,山腳,358-172
北投區,秀山,二,536,北投區,頂北投,山腳,358-141
北投區,秀山,二,537,北投區,頂北投,山腳,358-70
北投區,秀山,二,538,北投區,頂北投,山腳,358-76
北投區,秀山,二,539,北投區,頂北投,山腳,358-62
北投區,秀山,二,54,北投區,嗄嘮別,嗄嘮別,51-24
北投區,秀山,二,540,北投區,頂北投,山腳,358-63
北投區,秀山,二,541,北投區,頂北投,山腳,358-144
北投區,秀山,二,546,北投區,頂北投,山腳,358-16
北投區,秀山,二,547,北投區,頂北投,山腳,358-88
北投區,秀山,二,548,北投區,頂北投,山腳,1012
北投區,秀山,二,549,北投區,頂北投,山腳,360-270
北投區,秀山,二,55,北投區,嗄嘮別,嗄嘮別,51-46
北投區,秀山,二,550,北投區,頂北投,山腳,360-268
北投區,秀山,二,551,北投區,頂北投,山腳,360-11
北投區,秀山,二,552,北投區,頂北投,山腳,360-110
北投區,秀山,二,553,北投區,頂北投,山腳,360-82
北投區,秀山,二,554,北投區,頂北投,山腳,360-83
北投區,秀山,二,555,北投區,頂北投,山腳,360-84
北投區,秀山,二,556,北投區,頂北投,山腳,998
北投區,秀山,二,557,北投區,頂北投,山腳,362-2
北投區,秀山,二,558,北投區,頂北投,山腳,997
北投區,秀山,二,559,北投區,頂北投,山腳,360-10
北投區,秀山,二,56,北投區,嗄嘮別,嗄嘮別,51-25
北投區,秀山,二,560,北投區,頂北投,山腳,360-92
北投區,秀山,二,561,北投區,頂北投,山腳,361-23
北投區,秀山,二,562,北投區,頂北投,山腳,996-1
北投區,秀山,二,563,北投區,頂北投,山腳,360-91
北投區,秀山,二,564,北投區,頂北投,山腳,360-90
北投區,秀山,二,565,北投區,頂北投,山腳,360-89
北投區,秀山,二,566,北投區,頂北投,山腳,360-88
北投區,秀山,二,57,北投區,嗄嘮別,嗄嘮別,51-26
北投區,秀山,二,571,北投區,頂北投,山腳,1010-2
北投區,秀山,二,572,北投區,頂北投,山腳,360-62
北投區,秀山,二,573,北投區,頂北投,山腳,360-69
北投區,秀山,二,576,北投區,頂北投,山腳,360-67
北投區,秀山,二,577,北投區,頂北投,山腳,360-66
北投區,秀山,二,578,北投區,頂北投,山腳,360-7
北投區,秀山,二,579,北投區,頂北投,山腳,360-65
北投區,秀山,二,58,北投區,嗄嘮別,嗄嘮別,51-27
北投區,秀山,二,580,北投區,頂北投,山腳,360-64
北投區,秀山,二,581,北投區,頂北投,山腳,360-208
北投區,秀山,二,582,北投區,頂北投,山腳,360-141
北投區,秀山,二,583,北投區,頂北投,山腳,360-214
北投區,秀山,二,584,北投區,頂北投,山腳,993-1
北投區,秀山,二,585,北投區,頂北投,山腳,361-93
北投區,秀山,二,586,北投區,頂北投,山腳,361-54
北投區,秀山,二,587,北投區,頂北投,山腳,361-97
北投區,秀山,二,588,北投區,頂北投,山腳,361-92
北投區,秀山,二,589,北投區,頂北投,山腳,361-95
北投區,秀山,二,59,北投區,嗄嘮別,嗄嘮別,51-28
北投區,秀山,二,590,北投區,頂北投,山腳,361-11
北投區,秀山,二,591,北投區,頂北投,山腳,361-1
北投區,秀山,二,592,北投區,頂北投,山腳,977
北投區,秀山,二,592-1,北投區,頂北投,山腳,977
北投區,秀山,二,593,北投區,嗄嘮別,嗄嘮別,52-153
北投區,秀山,二,594,北投區,嗄嘮別,嗄嘮別,52-20
北投區,秀山,二,595,北投區,嗄嘮別,嗄嘮別,52-19
北投區,秀山,二,596,北投區,嗄嘮別,嗄嘮別,52-154
北投區,秀山,二,597,北投區,嗄嘮別,嗄嘮別,52-45
北投區,秀山,二,598,北投區,嗄嘮別,嗄嘮別,52-155
北投區,秀山,二,599,北投區,嗄嘮別,嗄嘮別,52-44
北投區,秀山,二,6,北投區,嗄嘮別,嗄嘮別,50-1
北投區,秀山,二,60,北投區,嗄嘮別,嗄嘮別,51-45
北投區,秀山,二,600,北投區,嗄嘮別,嗄嘮別,52-156
北投區,秀山,二,601,北投區,嗄嘮別,嗄嘮別,52-157
北投區,秀山,二,602,北投區,嗄嘮別,嗄嘮別,52-50
北投區,秀山,二,603,北投區,嗄嘮別,嗄嘮別,52-8
北投區,秀山,二,604,北投區,嗄嘮別,嗄嘮別,52-51
北投區,秀山,二,605,北投區,嗄嘮別,嗄嘮別,52-158
北投區,秀山,二,606,北投區,嗄嘮別,嗄嘮別,52-34
北投區,秀山,二,607,北投區,嗄嘮別,嗄嘮別,52-159
北投區,秀山,二,608,北投區,嗄嘮別,嗄嘮別,52-60
北投區,秀山,二,609,北投區,嗄嘮別,嗄嘮別,52-192
北投區,秀山,二,61,北投區,嗄嘮別,嗄嘮別,51-44
北投區,秀山,二,610,北投區,嗄嘮別,嗄嘮別,52-61
北投區,秀山,二,611,北投區,嗄嘮別,嗄嘮別,52-160
北投區,秀山,二,612,北投區,嗄嘮別,嗄嘮別,52-161
北投區,秀山,二,613,北投區,嗄嘮別,嗄嘮別,52-62
北投區,秀山,二,614,北投區,嗄嘮別,嗄嘮別,52-63
北投區,秀山,二,615,北投區,嗄嘮別,嗄嘮別,52-162
北投區,秀山,二,616,北投區,嗄嘮別,嗄嘮別,52-163
北投區,秀山,二,617,北投區,嗄嘮別,嗄嘮別,52-64
北投區,秀山,二,618,北投區,嗄嘮別,嗄嘮別,52-188
北投區,秀山,二,619,北投區,嗄嘮別,嗄嘮別,52-65
北投區,秀山,二,62,北投區,嗄嘮別,嗄嘮別,51-43
北投區,秀山,二,620,北投區,嗄嘮別,嗄嘮別,52-164
北投區,秀山,二,621,北投區,嗄嘮別,嗄嘮別,52-165
北投區,秀山,二,622,北投區,嗄嘮別,嗄嘮別,52-101
北投區,秀山,二,623,北投區,嗄嘮別,嗄嘮別,52-66
北投區,秀山,二,624,北投區,嗄嘮別,嗄嘮別,52-187
北投區,秀山,二,625,北投區,嗄嘮別,嗄嘮別,52-67
北投區,秀山,二,626,北投區,嗄嘮別,嗄嘮別,52-103
北投區,秀山,二,627,北投區,嗄嘮別,嗄嘮別,52-166
北投區,秀山,二,628,北投區,嗄嘮別,嗄嘮別,52-112
北投區,秀山,二,629,北投區,嗄嘮別,嗄嘮別,52-18
北投區,秀山,二,63,北投區,嗄嘮別,嗄嘮別,51-42
北投區,秀山,二,630,北投區,嗄嘮別,嗄嘮別,52-233
北投區,秀山,二,631,北投區,嗄嘮別,嗄嘮別,52-232
北投區,秀山,二,633,北投區,嗄嘮別,嗄嘮別,52-231
北投區,秀山,二,634,北投區,嗄嘮別,嗄嘮別,52-60
北投區,秀山,二,636,北投區,嗄嘮別,嗄嘮別,52-113
北投區,秀山,二,637,北投區,嗄嘮別,嗄嘮別,52-209
北投區,秀山,二,639,北投區,嗄嘮別,嗄嘮別,52-180
北投區,秀山,二,64,北投區,嗄嘮別,嗄嘮別,51-41
北投區,秀山,二,640,北投區,嗄嘮別,嗄嘮別,52-11
北投區,秀山,二,641,北投區,嗄嘮別,嗄嘮別,52-12
北投區,秀山,二,642,北投區,嗄嘮別,嗄嘮別,53
北投區,秀山,二,643,北投區,頂北投,山腳,978
北投區,秀山,二,644,北投區,頂北投,山腳,361
北投區,秀山,二,645,北投區,頂北投,山腳,362
北投區,秀山,二,646,北投區,頂北投,山腳,362-4
北投區,秀山,二,647,北投區,頂北投,山腳,999
北投區,秀山,二,648,北投區,頂北投,山腳,363-1
北投區,秀山,二,649,北投區,頂北投,山腳,363
北投區,秀山,二,65,北投區,嗄嘮別,嗄嘮別,51-40
北投區,秀山,二,650,北投區,頂北投,山腳,364
北投區,秀山,二,651,北投區,頂北投,山腳,1000
北投區,秀山,二,652,北投區,頂北投,山腳,360-12
北投區,秀山,二,653,北投區,頂北投,山腳,360-218
北投區,秀山,二,654,北投區,頂北投,山腳,1013
北投區,秀山,二,655,北投區,頂北投,山腳,259-7
北投區,秀山,二,656,北投區,頂北投,山腳,359
北投區,秀山,二,657,北投區,頂北投,山腳,1024
北投區,秀山,二,658,北投區,頂北投,山腳,360-241
北投區,秀山,二,659,北投區,頂北投,山腳,1016
北投區,秀山,二,66,北投區,嗄嘮別,嗄嘮別,52-279
北投區,秀山,二,660,北投區,頂北投,山腳,1018
北投區,秀山,二,661,北投區,頂北投,山腳,305
北投區,秀山,二,663,北投區,頂北投,山腳,321-53
北投區,秀山,二,67,北投區,嗄嘮別,嗄嘮別,51-39
北投區,秀山,二,673,北投區,頂北投,山腳,605-19
北投區,秀山,二,674,北投區,頂北投,山腳,605-20
北投區,秀山,二,675,北投區,頂北投,山腳,605-21
北投區,秀山,二,677,北投區,頂北投,山腳,605-66
北投區,秀山,二,678,北投區,頂北投,山腳,605-64
北投區,秀山,二,679,北投區,頂北投,山腳,605-55
北投區,秀山,二,68,北投區,頂北投,山腳,51-4
北投區,秀山,二,680,北投區,頂北投,山腳,606-6
北投區,秀山,二,682,北投區,頂北投,山腳,606-9
北投區,秀山,二,683,北投區,頂北投,山腳,979
北投區,秀山,二,684,北投區,嗄嘮別,嗄嘮別,57
北投區,秀山,二,685,北投區,嗄嘮別,嗄嘮別,56-4
北投區,秀山,二,686,北投區,嗄嘮別,嗄嘮別,57-12
北投區,秀山,二,687,北投區,嗄嘮別,嗄嘮別,58
北投區,秀山,二,688,北投區,嗄嘮別,嗄嘮別,59
北投區,秀山,二,689,北投區,嗄嘮別,嗄嘮別,59-12
北投區,秀山,二,69,北投區,頂北投,山腳,52-177
北投區,秀山,二,690,北投區,嗄嘮別,嗄嘮別,56-3
北投區,秀山,二,691,北投區,嗄嘮別,嗄嘮別,61
北投區,秀山,二,692,北投區,嗄嘮別,嗄嘮別,60
北投區,秀山,二,693,北投區,嗄嘮別,嗄嘮別,59-10
北投區,秀山,二,694,北投區,嗄嘮別,嗄嘮別,64-4
北投區,秀山,二,699,北投區,嗄嘮別,嗄嘮別,63
北投區,秀山,二,70,北投區,頂北投,山腳,52-3
北投區,秀山,二,700,北投區,嗄嘮別,嗄嘮別,1138
北投區,秀山,二,701,北投區,北投,,613-3
北投區,秀山,二,702,北投區,北投,,613-4
北投區,秀山,二,703,北投區,北投,,605-48
北投區,秀山,二,704,北投區,北投,,605-8
北投區,秀山,二,705,北投區,北投,,605-46
北投區,秀山,二,706,北投區,北投,,605-45
北投區,秀山,二,707,北投區,北投,,605-11
北投區,秀山,二,709,北投區,北投,,605-25
北投區,秀山,二,71,北投區,頂北投,山腳,52-124
北投區,秀山,二,72,北投區,頂北投,山腳,52-4
北投區,秀山,二,727,北投區,北投,,612-4
北投區,秀山,二,73,北投區,頂北投,山腳,52-121
北投區,秀山,二,730,北投區,北投,,614-8
北投區,秀山,二,731,北投區,北投,,612-7
北投區,秀山,二,732,北投區,北投,,610-1
北投區,秀山,二,735,北投區,北投,,615
北投區,秀山,二,74,北投區,頂北投,山腳,52-243
北投區,秀山,二,744,北投區,北投,,616-6
北投區,秀山,二,745,北投區,北投,,616-7
北投區,秀山,二,746,北投區,北投,,616-8
北投區,秀山,二,747,北投區,北投,,615-19
北投區,秀山,二,748,北投區,北投,,615-17
北投區,秀山,二,748-1,北投區,北投,,615-18
北投區,秀山,二,749,北投區,北投,,615-1
北投區,秀山,二,75,北投區,頂北投,山腳,52-7
北投區,秀山,二,752,北投區,北投,,614-1
北投區,秀山,二,753,北投區,嗄嘮別,嗄嘮別,64-1
北投區,秀山,二,759,北投區,嗄嘮別,嗄嘮別,1143
北投區,秀山,二,76,北投區,頂北投,山腳,52-244
北投區,秀山,二,760,北投區,嗄嘮別,嗄嘮別,1144
北投區,秀山,二,761,北投區,北投,,615-4
北投區,秀山,二,762,北投區,嗄嘮別,嗄嘮別,171-5
北投區,秀山,二,763,北投區,嗄嘮別,嗄嘮別,171-6
北投區,秀山,二,764,北投區,嗄嘮別,嗄嘮別,171
北投區,秀山,二,766,北投區,嗄嘮別,嗄嘮別,171-11
北投區,秀山,二,767,北投區,嗄嘮別,嗄嘮別,171-10
北投區,秀山,二,768,北投區,嗄嘮別,嗄嘮別,171-9
北投區,秀山,二,769,北投區,嗄嘮別,嗄嘮別,171-7
北投區,秀山,二,77,北投區,頂北投,山腳,52-245
北投區,秀山,二,770,北投區,嗄嘮別,嗄嘮別,170-16
北投區,秀山,二,78,北投區,頂北投,山腳,52-246
北投區,秀山,二,79,北投區,頂北投,山腳,52-247
北投區,秀山,二,80,北投區,嗄嘮別,嗄嘮別,52-252
北投區,秀山,二,81,北投區,嗄嘮別,嗄嘮別,52-251
北投區,秀山,二,82,北投區,嗄嘮別,嗄嘮別,52-250
北投區,秀山,二,83,北投區,嗄嘮別,嗄嘮別,52-249
北投區,秀山,二,84,北投區,嗄嘮別,嗄嘮別,52-248
北投區,秀山,二,85,北投區,嗄嘮別,嗄嘮別,52-242
北投區,秀山,二,852,北投區,嗄嘮別,嗄嘮別,68
北投區,秀山,二,853,北投區,嗄嘮別,嗄嘮別,76
北投區,秀山,二,854,北投區,嗄嘮別,嗄嘮別,112-2
北投區,秀山,二,855,北投區,嗄嘮別,嗄嘮別,81
北投區,秀山,二,855-1,北投區,嗄嘮別,嗄嘮別,104
北投區,秀山,二,856,北投區,嗄嘮別,嗄嘮別,78
北投區,秀山,二,857,北投區,嗄嘮別,嗄嘮別,80-19
北投區,秀山,二,858,北投區,嗄嘮別,嗄嘮別,81-1
北投區,秀山,二,859,北投區,嗄嘮別,嗄嘮別,80-17
北投區,秀山,二,86,北投區,嗄嘮別,嗄嘮別,52-253
北投區,秀山,二,860,北投區,嗄嘮別,嗄嘮別,81-2
北投區,秀山,二,861,北投區,嗄嘮別,嗄嘮別,82-6
北投區,秀山,二,862,北投區,嗄嘮別,嗄嘮別,83-1
北投區,秀山,二,863,北投區,嗄嘮別,嗄嘮別,83-8
北投區,秀山,二,863-1,北投區,嗄嘮別,嗄嘮別,83-9
北投區,秀山,二,864,北投區,嗄嘮別,嗄嘮別,82-2
北投區,秀山,二,865,北投區,嗄嘮別,嗄嘮別,82-1
北投區,秀山,二,866,北投區,嗄嘮別,嗄嘮別,80-5
北投區,秀山,二,867,北投區,嗄嘮別,嗄嘮別,83-4
北投區,秀山,二,868,北投區,嗄嘮別,嗄嘮別,83
北投區,秀山,二,869,北投區,嗄嘮別,嗄嘮別,83-3
北投區,秀山,二,87,北投區,嗄嘮別,嗄嘮別,52-254
北投區,秀山,二,870,北投區,嗄嘮別,嗄嘮別,83-2
北投區,秀山,二,871,北投區,嗄嘮別,嗄嘮別,80
北投區,秀山,二,872,北投區,嗄嘮別,嗄嘮別,83-11
北投區,秀山,二,873,北投區,嗄嘮別,嗄嘮別,48-8
北投區,秀山,二,874,北投區,嗄嘮別,嗄嘮別,83-6
北投區,秀山,二,875,北投區,嗄嘮別,嗄嘮別,85-1
北投區,秀山,二,876,北投區,嗄嘮別,嗄嘮別,85-9
北投區,秀山,二,877,北投區,嗄嘮別,嗄嘮別,85-5
北投區,秀山,二,878,北投區,嗄嘮別,嗄嘮別,86
北投區,秀山,二,879,北投區,嗄嘮別,嗄嘮別,84-16
北投區,秀山,二,879-1,北投區,嗄嘮別,嗄嘮別,84-5
北投區,秀山,二,88,北投區,嗄嘮別,嗄嘮別,52-255
北投區,秀山,二,880,北投區,嗄嘮別,嗄嘮別,84
北投區,秀山,二,881,北投區,嗄嘮別,嗄嘮別,102
北投區,秀山,二,882,北投區,嗄嘮別,嗄嘮別,100
北投區,秀山,二,883,北投區,嗄嘮別,嗄嘮別,113-4
北投區,秀山,二,883-1,北投區,嗄嘮別,嗄嘮別,35-5
北投區,秀山,二,884,北投區,嗄嘮別,嗄嘮別,95
北投區,秀山,二,885,北投區,嗄嘮別,嗄嘮別,90
北投區,秀山,二,886,北投區,嗄嘮別,嗄嘮別,83-6
北投區,秀山,二,887,北投區,嗄嘮別,嗄嘮別,83
北投區,秀山,二,888,北投區,嗄嘮別,嗄嘮別,36
北投區,秀山,二,889,北投區,嗄嘮別,嗄嘮別,37
北投區,秀山,二,89,北投區,嗄嘮別,嗄嘮別,52-256
北投區,秀山,二,890,北投區,嗄嘮別,嗄嘮別,38
北投區,秀山,二,891,北投區,嗄嘮別,嗄嘮別,32
北投區,秀山,二,892,北投區,嗄嘮別,嗄嘮別,31-6
北投區,秀山,二,893,北投區,嗄嘮別,嗄嘮別,34
北投區,秀山,二,894,北投區,嗄嘮別,嗄嘮別,30
北投區,秀山,二,895,北投區,嗄嘮別,嗄嘮別,17-11
北投區,秀山,二,896,北投區,嗄嘮別,嗄嘮別,14-22
北投區,秀山,二,897,北投區,嗄嘮別,嗄嘮別,16-1
北投區,秀山,二,898,北投區,嗄嘮別,嗄嘮別,16-7
北投區,秀山,二,899,北投區,嗄嘮別,嗄嘮別,16-4
北投區,秀山,二,9,北投區,嗄嘮別,嗄嘮別,48-5
北投區,秀山,二,90,北投區,嗄嘮別,嗄嘮別,52-257
北投區,秀山,二,900,北投區,嗄嘮別,嗄嘮別,16-53
北投區,秀山,二,901,北投區,嗄嘮別,嗄嘮別,16-2
北投區,秀山,二,902,北投區,嗄嘮別,嗄嘮別,16
北投區,秀山,二,903,北投區,嗄嘮別,嗄嘮別,16-57
北投區,秀山,二,904,北投區,嗄嘮別,嗄嘮別,135-3
北投區,秀山,二,905,北投區,嗄嘮別,嗄嘮別,131
北投區,秀山,二,906,北投區,嗄嘮別,嗄嘮別,135-4
北投區,秀山,二,907,北投區,嗄嘮別,嗄嘮別,129
北投區,秀山,二,908,北投區,嗄嘮別,嗄嘮別,126
北投區,秀山,二,909,北投區,嗄嘮別,嗄嘮別,135-5
北投區,秀山,二,91,北投區,嗄嘮別,嗄嘮別,52-196
北投區,秀山,二,910,北投區,嗄嘮別,嗄嘮別,126-14
北投區,秀山,二,911,北投區,嗄嘮別,嗄嘮別,136-2
北投區,秀山,二,912,北投區,嗄嘮別,嗄嘮別,136
北投區,秀山,二,913,北投區,嗄嘮別,嗄嘮別,136-3
北投區,秀山,二,914,北投區,嗄嘮別,嗄嘮別,135-5
北投區,秀山,二,915,北投區,嗄嘮別,嗄嘮別,114
北投區,秀山,二,916,北投區,嗄嘮別,嗄嘮別,122
北投區,秀山,二,917,北投區,嗄嘮別,嗄嘮別,125-1
北投區,秀山,二,918,北投區,嗄嘮別,嗄嘮別,35-4
北投區,秀山,二,919,北投區,嗄嘮別,嗄嘮別,124-11
北投區,秀山,二,92,北投區,嗄嘮別,嗄嘮別,52-277
北投區,秀山,二,920,北投區,嗄嘮別,嗄嘮別,124-6
北投區,秀山,二,921,北投區,嗄嘮別,嗄嘮別,122-2
北投區,秀山,二,922,北投區,嗄嘮別,嗄嘮別,124-9
北投區,秀山,二,923,北投區,嗄嘮別,嗄嘮別,124-7
北投區,秀山,二,924,北投區,嗄嘮別,嗄嘮別,97
北投區,秀山,二,925,北投區,嗄嘮別,嗄嘮別,97-3
北投區,秀山,二,926,北投區,嗄嘮別,嗄嘮別,98
北投區,秀山,二,927,北投區,嗄嘮別,嗄嘮別,112
北投區,秀山,二,928,北投區,嗄嘮別,嗄嘮別,115-1
北投區,秀山,二,929,北投區,嗄嘮別,嗄嘮別,111
北投區,秀山,二,93,北投區,嗄嘮別,嗄嘮別,52-229
北投區,秀山,二,930,北投區,嗄嘮別,嗄嘮別,115-2
北投區,秀山,二,931,北投區,嗄嘮別,嗄嘮別,110
北投區,秀山,二,932,北投區,嗄嘮別,嗄嘮別,107
北投區,秀山,二,933,北投區,嗄嘮別,嗄嘮別,112-1
北投區,秀山,二,934,北投區,嗄嘮別,嗄嘮別,106-1
北投區,秀山,二,94,北投區,嗄嘮別,嗄嘮別,52-197
北投區,秀山,二,95,北投區,嗄嘮別,嗄嘮別,52-170
北投區,秀山,二,96,北投區,嗄嘮別,嗄嘮別,52-25
北投區,秀山,二,97,北投區,嗄嘮別,嗄嘮別,52-200
北投區,秀山,二,979,北投區,嗄嘮別,嗄嘮別,155-4
北投區,秀山,二,98,北投區,嗄嘮別,嗄嘮別,52-201
北投區,秀山,二,985,北投區,嗄嘮別,嗄嘮別,155-2
北投區,秀山,二,987,北投區,嗄嘮別,嗄嘮別,116
北投區,秀山,二,988,北投區,嗄嘮別,嗄嘮別,148-4
北投區,秀山,二,989,北投區,嗄嘮別,嗄嘮別,149
北投區,秀山,二,99,北投區,嗄嘮別,嗄嘮別,52-5
北投區,秀山,二,990,北投區,嗄嘮別,嗄嘮別,142
北投區,秀山,二,991,北投區,嗄嘮別,嗄嘮別,150
北投區,秀山,二,992,北投區,嗄嘮別,嗄嘮別,150-45
北投區,秀山,二,993,北投區,嗄嘮別,嗄嘮別,150-49
北投區,秀山,二,994,北投區,嗄嘮別,嗄嘮別,150-44
北投區,秀山,二,995,北投區,嗄嘮別,嗄嘮別,150-43
北投區,秀山,二,996,北投區,嗄嘮別,嗄嘮別,150-42
北投區,秀山,二,997,北投區,嗄嘮別,嗄嘮別,150-40
北投區,秀山,二,998,北投區,嗄嘮別,嗄嘮別,150-38
北投區,秀山,二,999,北投區,嗄嘮別,嗄嘮別,150-37
北投區,立農,一,1,北投區,石牌,,239-97
北投區,立農,一,10,北投區,唭哩岸,,528-1
北投區,立農,一,100,北投區,唭哩岸,,533-77
北投區,立農,一,101,北投區,唭哩岸,,533-78
北投區,立農,一,102,北投區,唭哩岸,,533-43
北投區,立農,一,103,北投區,唭哩岸,,533-84
北投區,立農,一,104,北投區,唭哩岸,,533-75
北投區,立農,一,105,北投區,唭哩岸,,533-80
北投區,立農,一,106,北投區,唭哩岸,,533-81
北投區,立農,一,107,北投區,唭哩岸,,533-44
北投區,立農,一,108,北投區,唭哩岸,,533-87
北投區,立農,一,109,北投區,唭哩岸,,533-42
北投區,立農,一,110,北投區,唭哩岸,,534
北投區,立農,一,111,北投區,唭哩岸,,533-29
北投區,立農,一,112,北投區,唭哩岸,,533-54
北投區,立農,一,113,北投區,唭哩岸,,533-53
北投區,立農,一,114,北投區,唭哩岸,,533-52
北投區,立農,一,115,北投區,唭哩岸,,533-51
北投區,立農,一,116,北投區,唭哩岸,,533-61
北投區,立農,一,117,北投區,唭哩岸,,533-71
北投區,立農,一,118,北投區,唭哩岸,,533-70
北投區,立農,一,119,北投區,唭哩岸,,533-69
北投區,立農,一,120,北投區,唭哩岸,,533-62
北投區,立農,一,121,北投區,唭哩岸,,533-63
北投區,立農,一,122,北投區,唭哩岸,,533-68
北投區,立農,一,123,北投區,唭哩岸,,533-67
北投區,立農,一,124,北投區,唭哩岸,,533-64
北投區,立農,一,125,北投區,唭哩岸,,533-65
北投區,立農,一,126,北投區,唭哩岸,,533-66
北投區,立農,一,127,北投區,唭哩岸,,533-94
北投區,立農,一,128,北投區,唭哩岸,,533-95
北投區,立農,一,129,北投區,唭哩岸,,533-122
北投區,立農,一,13,北投區,唭哩岸,,523
北投區,立農,一,130,北投區,唭哩岸,,533-121
北投區,立農,一,131,北投區,唭哩岸,,533-93
北投區,立農,一,132,北投區,唭哩岸,,533-92
北投區,立農,一,133,北投區,唭哩岸,,533-91
北投區,立農,一,134,北投區,唭哩岸,,533-125
北投區,立農,一,135,北投區,唭哩岸,,533-123
北投區,立農,一,136,北投區,唭哩岸,,533-90
北投區,立農,一,137,北投區,唭哩岸,,533-89
北投區,立農,一,138,北投區,唭哩岸,,533-88
北投區,立農,一,139,北投區,唭哩岸,,836
北投區,立農,一,14,北投區,唭哩岸,,523
北投區,立農,一,141,北投區,唭哩岸,,539-57
北投區,立農,一,142,北投區,唭哩岸,,533-41
北投區,立農,一,143,北投區,唭哩岸,,533-58
北投區,立農,一,144,北投區,唭哩岸,,533-57
北投區,立農,一,145,北投區,唭哩岸,,533-56
北投區,立農,一,146,北投區,唭哩岸,,533-119
北投區,立農,一,147,北投區,唭哩岸,,533-46
北投區,立農,一,148,北投區,唭哩岸,,533-55
北投區,立農,一,149,北投區,唭哩岸,,533-50
北投區,立農,一,15,北投區,唭哩岸,,523
北投區,立農,一,150,北投區,唭哩岸,,533-49
北投區,立農,一,151,北投區,唭哩岸,,533-48
北投區,立農,一,152,北投區,唭哩岸,,533-27
北投區,立農,一,153,北投區,唭哩岸,,539-69
北投區,立農,一,154,北投區,唭哩岸,,539-58
北投區,立農,一,156,北投區,唭哩岸,,538-9
北投區,立農,一,156-1,北投區,唭哩岸,,532-6
北投區,立農,一,156-10,北投區,唭哩岸,,539-54
北投區,立農,一,156-11,北投區,唭哩岸,,539-55
北投區,立農,一,156-12,北投區,唭哩岸,,539-17
北投區,立農,一,156-13,北投區,唭哩岸,,537-3
北投區,立農,一,156-14,北投區,唭哩岸,,538-6
北投區,立農,一,156-3,北投區,唭哩岸,,533-126
北投區,立農,一,156-4,北投區,唭哩岸,,539-50
北投區,立農,一,156-5,北投區,唭哩岸,,539-51
北投區,立農,一,156-6,北投區,唭哩岸,,539-34
北投區,立農,一,156-7,北投區,唭哩岸,,539-53
北投區,立農,一,156-8,北投區,唭哩岸,,539-19
北投區,立農,一,156-9,北投區,唭哩岸,,539-18
北投區,立農,一,157,北投區,唭哩岸,,532-3
北投區,立農,一,158,北投區,唭哩岸,,539-43
北投區,立農,一,159,北投區,唭哩岸,,539-72
北投區,立農,一,16,北投區,唭哩岸,,525-1
北投區,立農,一,160,北投區,唭哩岸,,539-70
北投區,立農,一,161,北投區,唭哩岸,,539-33
北投區,立農,一,162,北投區,唭哩岸,,539-13
北投區,立農,一,163,北投區,唭哩岸,,539-12
北投區,立農,一,164,北投區,唭哩岸,,539-46
北投區,立農,一,165,北投區,唭哩岸,,539-14
北投區,立農,一,168,北投區,唭哩岸,,538-1
北投區,立農,一,169,北投區,唭哩岸,,538-1
北投區,立農,一,170,北投區,唭哩岸,,538-1
北投區,立農,一,172,北投區,唭哩岸,,538-12
北投區,立農,一,174,北投區,唭哩岸,,537-1
北投區,立農,一,175,北投區,唭哩岸,,537-22
北投區,立農,一,176,北投區,唭哩岸,,537-21
北投區,立農,一,177,北投區,唭哩岸,,537-4
北投區,立農,一,178,北投區,唭哩岸,,537-5
北投區,立農,一,179,北投區,唭哩岸,,537-20
北投區,立農,一,18,北投區,唭哩岸,,523-1
北投區,立農,一,180,北投區,唭哩岸,,537-20
北投區,立農,一,181,北投區,唭哩岸,,537-19
北投區,立農,一,182,北投區,唭哩岸,,537-6
北投區,立農,一,183,北投區,唭哩岸,,537-7
北投區,立農,一,184,北投區,唭哩岸,,537-18
北投區,立農,一,185,北投區,唭哩岸,,537-17
北投區,立農,一,186,北投區,唭哩岸,,537-8
北投區,立農,一,187,北投區,唭哩岸,,537-9
北投區,立農,一,188,北投區,唭哩岸,,537-16
北投區,立農,一,189,北投區,唭哩岸,,537-15
北投區,立農,一,19,北投區,唭哩岸,,520-42
北投區,立農,一,190,北投區,唭哩岸,,537-10
北投區,立農,一,191,北投區,唭哩岸,,537-11
北投區,立農,一,192,北投區,唭哩岸,,537
北投區,立農,一,194,北投區,唭哩岸,,545-52
北投區,立農,一,195,北投區,唭哩岸,,545-5
北投區,立農,一,196,北投區,唭哩岸,,835
北投區,立農,一,197,北投區,唭哩岸,,537-12
北投區,立農,一,198,北投區,唭哩岸,,537-13
北投區,立農,一,199,北投區,唭哩岸,,537-14
北投區,立農,一,2,北投區,石牌,,254-1
北投區,立農,一,20,北投區,唭哩岸,,520-125
北投區,立農,一,20-1,北投區,唭哩岸,,520-124
北投區,立農,一,200,北投區,唭哩岸,,537-25
北投區,立農,一,201,北投區,唭哩岸,,537-23
北投區,立農,一,202,北投區,唭哩岸,,537-23
北投區,立農,一,203,北投區,唭哩岸,,537-23
北投區,立農,一,204,北投區,唭哩岸,,537-36
北投區,立農,一,205,北投區,唭哩岸,,537-37
北投區,立農,一,206,北投區,唭哩岸,,537-37
北投區,立農,一,207,北投區,唭哩岸,,537-35
北投區,立農,一,208,北投區,唭哩岸,,537-24
北投區,立農,一,209,北投區,唭哩岸,,536
北投區,立農,一,21,北投區,唭哩岸,,520-74
北投區,立農,一,210,北投區,唭哩岸,,536-15
北投區,立農,一,211,北投區,唭哩岸,,536-16
北投區,立農,一,212,北投區,唭哩岸,,536-16
北投區,立農,一,213,北投區,唭哩岸,,536-19
北投區,立農,一,214,北投區,唭哩岸,,536-19
北投區,立農,一,215,北投區,唭哩岸,,536-17
北投區,立農,一,216,北投區,唭哩岸,,536-1
北投區,立農,一,217,北投區,唭哩岸,,536-2
北投區,立農,一,218,北投區,唭哩岸,,536-3
北投區,立農,一,219,北投區,唭哩岸,,536-4
北投區,立農,一,22,北投區,唭哩岸,,520-74
北投區,立農,一,220,北投區,唭哩岸,,538-18
北投區,立農,一,221,北投區,唭哩岸,,538-5
北投區,立農,一,222,北投區,唭哩岸,,536-9
北投區,立農,一,223,北投區,唭哩岸,,536-5
北投區,立農,一,224,北投區,唭哩岸,,536-6
北投區,立農,一,225,北投區,唭哩岸,,536-10
北投區,立農,一,226,北投區,唭哩岸,,536-11
北投區,立農,一,228,北投區,唭哩岸,,536-12
北投區,立農,一,229,北投區,唭哩岸,,536-13
北投區,立農,一,23,北投區,唭哩岸,,520-75
北投區,立農,一,233,北投區,唭哩岸,,538-32
北投區,立農,一,234,北投區,唭哩岸,,538-25
北投區,立農,一,235,北投區,唭哩岸,,538-26
北投區,立農,一,236,北投區,唭哩岸,,538-24
北投區,立農,一,237,北投區,唭哩岸,,538-23
北投區,立農,一,238,北投區,唭哩岸,,538-27
北投區,立農,一,239,北投區,唭哩岸,,538-28
北投區,立農,一,24,北投區,唭哩岸,,520-75
北投區,立農,一,240,北投區,唭哩岸,,538-22
北投區,立農,一,241,北投區,唭哩岸,,538-21
北投區,立農,一,242,北投區,唭哩岸,,538-29
北投區,立農,一,243,北投區,唭哩岸,,538-30
北投區,立農,一,244,北投區,唭哩岸,,538-31
北投區,立農,一,245,北投區,唭哩岸,,538-19
北投區,立農,一,246,北投區,唭哩岸,,538
北投區,立農,一,249,北投區,唭哩岸,,538-10
北投區,立農,一,25,北投區,唭哩岸,,520-83
北投區,立農,一,252,北投區,唭哩岸,,539-1
北投區,立農,一,254,北投區,唭哩岸,,535
北投區,立農,一,255,北投區,唭哩岸,,535
北投區,立農,一,256,北投區,唭哩岸,,533-3
北投區,立農,一,257,北投區,唭哩岸,,535-19
北投區,立農,一,258,北投區,唭哩岸,,535-5
北投區,立農,一,259,北投區,唭哩岸,,535-7
北投區,立農,一,26,北投區,唭哩岸,,520-83
北投區,立農,一,26-1,北投區,唭哩岸,,520-5
北投區,立農,一,260,北投區,唭哩岸,,535-18
北投區,立農,一,261,北投區,唭哩岸,,535-17
北投區,立農,一,262,北投區,唭哩岸,,535-8
北投區,立農,一,263,北投區,唭哩岸,,535-9
北投區,立農,一,264,北投區,唭哩岸,,535-16
北投區,立農,一,265,北投區,唭哩岸,,535-15
北投區,立農,一,266,北投區,唭哩岸,,535-10
北投區,立農,一,267,北投區,唭哩岸,,535-11
北投區,立農,一,268,北投區,唭哩岸,,535-14
北投區,立農,一,269,北投區,唭哩岸,,535-13
北投區,立農,一,27,北投區,唭哩岸,,791
北投區,立農,一,270,北投區,唭哩岸,,535-12
北投區,立農,一,276,北投區,唭哩岸,,533-107
北投區,立農,一,277,北投區,唭哩岸,,533-107
北投區,立農,一,278,北投區,唭哩岸,,533-106
北投區,立農,一,279,北投區,唭哩岸,,533-109
北投區,立農,一,28,北投區,唭哩岸,,792
北投區,立農,一,280,北投區,唭哩岸,,533-110
北投區,立農,一,281,北投區,唭哩岸,,533-105
北投區,立農,一,282,北投區,唭哩岸,,533-104
北投區,立農,一,283,北投區,唭哩岸,,533-111
北投區,立農,一,284,北投區,唭哩岸,,533-112
北投區,立農,一,285,北投區,唭哩岸,,533-103
北投區,立農,一,286,北投區,唭哩岸,,533-102
北投區,立農,一,287,北投區,唭哩岸,,533-113
北投區,立農,一,288,北投區,唭哩岸,,533-114
北投區,立農,一,289,北投區,唭哩岸,,533-101
北投區,立農,一,29,北投區,唭哩岸,,523-49
北投區,立農,一,290,北投區,唭哩岸,,533-100
北投區,立農,一,291,北投區,唭哩岸,,533-115
北投區,立農,一,292,北投區,唭哩岸,,533-116
北投區,立農,一,293,北投區,唭哩岸,,533-99
北投區,立農,一,294,北投區,唭哩岸,,533-98
北投區,立農,一,295,北投區,唭哩岸,,533-117
北投區,立農,一,296,北投區,唭哩岸,,533-97
北投區,立農,一,297,北投區,唭哩岸,,533-30
北投區,立農,一,298,北投區,唭哩岸,,533-118
北投區,立農,一,298-1,北投區,唭哩岸,,533-124
北投區,立農,一,299,北投區,唭哩岸,,533-120
北投區,立農,一,3,北投區,石牌,,254-1
北投區,立農,一,30,北投區,唭哩岸,,523-49
北投區,立農,一,30-1,北投區,唭哩岸,,523-21
北投區,立農,一,301,北投區,石牌,,262-32
北投區,立農,一,302,北投區,石牌,,262-31
北投區,立農,一,303,北投區,石牌,,262-30
北投區,立農,一,304,北投區,石牌,,262-2
北投區,立農,一,305,北投區,石牌,,262-18
北投區,立農,一,306,北投區,石牌,,262-19
北投區,立農,一,307,北投區,石牌,,744
北投區,立農,一,308,北投區,石牌,,324-23
北投區,立農,一,309,北投區,石牌,,324
北投區,立農,一,31,北投區,唭哩岸,,523-20
北投區,立農,一,310,北投區,石牌,,744
北投區,立農,一,311,北投區,唭哩岸,,533-33
北投區,立農,一,312,北投區,唭哩岸,,533-32
北投區,立農,一,313,北投區,唭哩岸,,533-31
北投區,立農,一,315,北投區,唭哩岸,,559-42
北投區,立農,一,316,北投區,唭哩岸,,559-39
北投區,立農,一,317,北投區,唭哩岸,,559-40
北投區,立農,一,318,北投區,唭哩岸,,559-41
北投區,立農,一,319,北投區,唭哩岸,,559-36
北投區,立農,一,32,北投區,唭哩岸,,523-51
北投區,立農,一,320,北投區,唭哩岸,,559-37
北投區,立農,一,321,北投區,唭哩岸,,559-38
北投區,立農,一,322,北投區,唭哩岸,,559-21
北投區,立農,一,323,北投區,唭哩岸,,559-34
北投區,立農,一,324,北投區,唭哩岸,,559-35
北投區,立農,一,325,北投區,唭哩岸,,559-6
北投區,立農,一,326,北投區,唭哩岸,,559-1
北投區,立農,一,327,北投區,唭哩岸,,559-5
北投區,立農,一,328,北投區,唭哩岸,,559-74
北投區,立農,一,329,北投區,唭哩岸,,559-71
北投區,立農,一,33,北投區,唭哩岸,,523-52
北投區,立農,一,330,北投區,唭哩岸,,559-70
北投區,立農,一,331,北投區,唭哩岸,,559-7
北投區,立農,一,333,北投區,唭哩岸,,559-62
北投區,立農,一,334,北投區,唭哩岸,,559-3
北投區,立農,一,335,北投區,唭哩岸,,876
北投區,立農,一,335-2,北投區,唭哩岸,,877
北投區,立農,一,337,北投區,唭哩岸,,546-7
北投區,立農,一,338,北投區,唭哩岸,,546-8
北投區,立農,一,339,北投區,唭哩岸,,546-9
北投區,立農,一,34,北投區,唭哩岸,,523-56
北投區,立農,一,340,北投區,唭哩岸,,546-40
北投區,立農,一,341,北投區,唭哩岸,,546-39
北投區,立農,一,342,北投區,唭哩岸,,546-38
北投區,立農,一,343,北投區,唭哩岸,,546-37
北投區,立農,一,344,北投區,唭哩岸,,546-41
北投區,立農,一,345,北投區,唭哩岸,,546-43
北投區,立農,一,346,北投區,唭哩岸,,546-36
北投區,立農,一,347,北投區,唭哩岸,,559-63
北投區,立農,一,348,北投區,唭哩岸,,559-186
北投區,立農,一,349,北投區,唭哩岸,,559-8
北投區,立農,一,35,北投區,唭哩岸,,523-53
北投區,立農,一,350,北投區,唭哩岸,,559-64
北投區,立農,一,351,北投區,唭哩岸,,559-65
北投區,立農,一,352,北投區,唭哩岸,,559-67
北投區,立農,一,353,北投區,唭哩岸,,559-66
北投區,立農,一,354,北投區,唭哩岸,,559-13
北投區,立農,一,355,北投區,唭哩岸,,559-69
北投區,立農,一,356,北投區,唭哩岸,,559-38
北投區,立農,一,357,北投區,唭哩岸,,559-77
北投區,立農,一,358,北投區,唭哩岸,,559-79
北投區,立農,一,359,北投區,唭哩岸,,559-80
北投區,立農,一,36,北投區,唭哩岸,,523-54
北投區,立農,一,360,北投區,唭哩岸,,559-82
北投區,立農,一,361,北投區,唭哩岸,,559-81
北投區,立農,一,362,北投區,唭哩岸,,559-83
北投區,立農,一,363,北投區,唭哩岸,,559-84
北投區,立農,一,364,北投區,唭哩岸,,559-94
北投區,立農,一,365,北投區,唭哩岸,,559-30
北投區,立農,一,366,北投區,唭哩岸,,559-29
北投區,立農,一,367,北投區,唭哩岸,,559-17
北投區,立農,一,368,北投區,唭哩岸,,559-33
北投區,立農,一,369,北投區,唭哩岸,,559-32
北投區,立農,一,37,北投區,唭哩岸,,523-55
北投區,立農,一,370,北投區,唭哩岸,,559-31
北投區,立農,一,371,北投區,唭哩岸,,559-187
北投區,立農,一,372,北投區,唭哩岸,,559-18
北投區,立農,一,373,北投區,唭哩岸,,559-188
北投區,立農,一,374,北投區,唭哩岸,,559-93
北投區,立農,一,375,北投區,唭哩岸,,559-90
北投區,立農,一,376,北投區,唭哩岸,,559-91
北投區,立農,一,377,北投區,唭哩岸,,559-92
北投區,立農,一,378,北投區,唭哩岸,,559-89
北投區,立農,一,379,北投區,唭哩岸,,559-88
北投區,立農,一,38,北投區,唭哩岸,,523-48
北投區,立農,一,380,北投區,唭哩岸,,559-87
北投區,立農,一,381,北投區,唭哩岸,,559-11
北投區,立農,一,382,北投區,唭哩岸,,559-32
北投區,立農,一,383,北投區,唭哩岸,,558-3
北投區,立農,一,384,北投區,唭哩岸,,558-17
北投區,立農,一,385,北投區,唭哩岸,,558-18
北投區,立農,一,386,北投區,唭哩岸,,558-19
北投區,立農,一,387,北投區,唭哩岸,,558-22
北投區,立農,一,388,北投區,唭哩岸,,558-21
北投區,立農,一,389,北投區,唭哩岸,,558-20
北投區,立農,一,39,北投區,唭哩岸,,523-47
北投區,立農,一,390,北投區,唭哩岸,,881
北投區,立農,一,391,北投區,唭哩岸,,559-2
北投區,立農,一,392,北投區,唭哩岸,,559-145
北投區,立農,一,393,北投區,唭哩岸,,559-146
北投區,立農,一,394,北投區,唭哩岸,,559-147
北投區,立農,一,395,北投區,唭哩岸,,559-148
北投區,立農,一,396,北投區,唭哩岸,,559-97
北投區,立農,一,398,北投區,唭哩岸,,558-4
北投區,立農,一,399,北投區,唭哩岸,,557-10
北投區,立農,一,4,北投區,石牌,,254
北投區,立農,一,40,北投區,唭哩岸,,523-46
北投區,立農,一,401,北投區,唭哩岸,,559-9
北投區,立農,一,402,北投區,唭哩岸,,557-66
北投區,立農,一,403,北投區,唭哩岸,,557-65
北投區,立農,一,404,北投區,唭哩岸,,557-53
北投區,立農,一,405,北投區,唭哩岸,,557-54
北投區,立農,一,406,北投區,唭哩岸,,557-55
北投區,立農,一,407,北投區,唭哩岸,,557-56
北投區,立農,一,408,北投區,唭哩岸,,557-57
北投區,立農,一,409,北投區,唭哩岸,,557-34
北投區,立農,一,41,北投區,唭哩岸,,523-45
北投區,立農,一,410,北投區,唭哩岸,,557-33
北投區,立農,一,411,北投區,唭哩岸,,557-32
北投區,立農,一,412,北投區,唭哩岸,,557-50
北投區,立農,一,413,北投區,唭哩岸,,557-49
北投區,立農,一,414,北投區,唭哩岸,,557-48
北投區,立農,一,415,北投區,唭哩岸,,557-47
北投區,立農,一,416,北投區,唭哩岸,,557-64
北投區,立農,一,417,北投區,唭哩岸,,557-46
北投區,立農,一,418,北投區,唭哩岸,,557-46
北投區,立農,一,42,北投區,唭哩岸,,523-43
北投區,立農,一,420,北投區,唭哩岸,,546-6
北投區,立農,一,421,北投區,唭哩岸,,546-35
北投區,立農,一,422,北投區,唭哩岸,,546-10
北投區,立農,一,423,北投區,唭哩岸,,546-34
北投區,立農,一,424,北投區,唭哩岸,,546-33
北投區,立農,一,425,北投區,唭哩岸,,546-32
北投區,立農,一,426,北投區,唭哩岸,,546-31
北投區,立農,一,427,北投區,唭哩岸,,878
北投區,立農,一,428,北投區,唭哩岸,,557-62
北投區,立農,一,429,北投區,唭哩岸,,557-59
北投區,立農,一,43,北投區,唭哩岸,,523-44
北投區,立農,一,430,北投區,唭哩岸,,557
北投區,立農,一,431,北投區,唭哩岸,,557-44
北投區,立農,一,432,北投區,唭哩岸,,557-2
北投區,立農,一,433,北投區,唭哩岸,,557-31
北投區,立農,一,434,北投區,唭哩岸,,556-28
北投區,立農,一,435,北投區,唭哩岸,,556-25
北投區,立農,一,436,北投區,唭哩岸,,556-26
北投區,立農,一,437,北投區,唭哩岸,,556-27
北投區,立農,一,438,北投區,唭哩岸,,556-29
北投區,立農,一,439,北投區,唭哩岸,,556-30
北投區,立農,一,44,北投區,唭哩岸,,523-39
北投區,立農,一,440,北投區,唭哩岸,,556-31
北投區,立農,一,441,北投區,唭哩岸,,556-34
北投區,立農,一,442,北投區,唭哩岸,,556-5
北投區,立農,一,444,北投區,唭哩岸,,557-5
北投區,立農,一,445,北投區,唭哩岸,,557-6
北投區,立農,一,446,北投區,唭哩岸,,557-27
北投區,立農,一,447,北投區,唭哩岸,,557-28
北投區,立農,一,448,北投區,唭哩岸,,557-29
北投區,立農,一,449,北投區,唭哩岸,,557-30
北投區,立農,一,45,北投區,唭哩岸,,523-40
北投區,立農,一,450,北投區,唭哩岸,,557-25
北投區,立農,一,451,北投區,唭哩岸,,557-24
北投區,立農,一,452,北投區,唭哩岸,,557-23
北投區,立農,一,453,北投區,唭哩岸,,557-22
北投區,立農,一,454,北投區,唭哩岸,,557-21
北投區,立農,一,455,北投區,唭哩岸,,557-3
北投區,立農,一,456,北投區,唭哩岸,,557-16
北投區,立農,一,457,北投區,唭哩岸,,557-17
北投區,立農,一,458,北投區,唭哩岸,,557-18
北投區,立農,一,459,北投區,唭哩岸,,557-19
北投區,立農,一,46,北投區,唭哩岸,,523-41
北投區,立農,一,460,北投區,唭哩岸,,557-20
北投區,立農,一,461,北投區,唭哩岸,,879
北投區,立農,一,462,北投區,唭哩岸,,556-6
北投區,立農,一,463,北投區,唭哩岸,,556-32
北投區,立農,一,464,北投區,唭哩岸,,556-33
北投區,立農,一,465,北投區,唭哩岸,,555-2
北投區,立農,一,466,北投區,唭哩岸,,554-5
北投區,立農,一,467,北投區,唭哩岸,,555-13
北投區,立農,一,468,北投區,唭哩岸,,554-8
北投區,立農,一,469,北投區,唭哩岸,,554-7
北投區,立農,一,47,北投區,唭哩岸,,523-42
北投區,立農,一,470,北投區,唭哩岸,,554-6
北投區,立農,一,471,北投區,唭哩岸,,880
北投區,立農,一,473,北投區,唭哩岸,,557-4
北投區,立農,一,474,北投區,唭哩岸,,557-39
北投區,立農,一,475,北投區,唭哩岸,,557-12
北投區,立農,一,477,北投區,唭哩岸,,557-9
北投區,立農,一,478,北投區,唭哩岸,,557-35
北投區,立農,一,479,北投區,唭哩岸,,557-40
北投區,立農,一,48,北投區,唭哩岸,,523-35
北投區,立農,一,480,北投區,唭哩岸,,557-41
北投區,立農,一,481,北投區,唭哩岸,,557-36
北投區,立農,一,482,北投區,唭哩岸,,557-42
北投區,立農,一,483,北投區,唭哩岸,,557-37
北投區,立農,一,484,北投區,唭哩岸,,557-38
北投區,立農,一,485,北投區,唭哩岸,,557-43
北投區,立農,一,486,北投區,唭哩岸,,557-60
北投區,立農,一,488,北投區,唭哩岸,,559-24
北投區,立農,一,488-1,北投區,唭哩岸,,558
北投區,立農,一,489,北投區,唭哩岸,,557-61
北投區,立農,一,49,北投區,唭哩岸,,523-36
北投區,立農,一,490,北投區,唭哩岸,,558-28
北投區,立農,一,491,北投區,唭哩岸,,558-27
北投區,立農,一,492,北投區,唭哩岸,,558-26
北投區,立農,一,493,北投區,唭哩岸,,558-25
北投區,立農,一,494,北投區,唭哩岸,,558-24
北投區,立農,一,495,北投區,唭哩岸,,558-23
北投區,立農,一,496,北投區,唭哩岸,,558-5
北投區,立農,一,497,北投區,唭哩岸,,558-30
北投區,立農,一,498,北投區,唭哩岸,,558-31
北投區,立農,一,499,北投區,唭哩岸,,558-32
北投區,立農,一,5,北投區,石牌,,254
北投區,立農,一,50,北投區,唭哩岸,,523-37
北投區,立農,一,500,北投區,唭哩岸,,558-33
北投區,立農,一,501,北投區,唭哩岸,,558-34
北投區,立農,一,502,北投區,唭哩岸,,558-35
北投區,立農,一,503,北投區,唭哩岸,,559-180
北投區,立農,一,504,北投區,唭哩岸,,558-39
北投區,立農,一,505,北投區,唭哩岸,,558-47
北投區,立農,一,506,北投區,唭哩岸,,558-36
北投區,立農,一,507,北投區,唭哩岸,,558-37
北投區,立農,一,508,北投區,唭哩岸,,558-48
北投區,立農,一,509,北投區,唭哩岸,,558-38
北投區,立農,一,51,北投區,唭哩岸,,523-38
北投區,立農,一,510,北投區,唭哩岸,,566
北投區,立農,一,511,北投區,唭哩岸,,560
北投區,立農,一,512,北投區,唭哩岸,,559-108
北投區,立農,一,513,北投區,唭哩岸,,559-25
北投區,立農,一,517,北投區,唭哩岸,,559-103
北投區,立農,一,52,北投區,唭哩岸,,523-20
北投區,立農,一,521,北投區,唭哩岸,,559-141
北投區,立農,一,522,北投區,唭哩岸,,559-142
北投區,立農,一,523,北投區,唭哩岸,,559-134
北投區,立農,一,524,北投區,唭哩岸,,559-133
北投區,立農,一,525,北投區,唭哩岸,,559-143
北投區,立農,一,526,北投區,唭哩岸,,559-144
北投區,立農,一,527,北投區,唭哩岸,,559-132
北投區,立農,一,528,北投區,唭哩岸,,559-14
北投區,立農,一,529,北投區,唭哩岸,,559-20
北投區,立農,一,53,北投區,唭哩岸,,523-20
北投區,立農,一,530,北投區,唭哩岸,,559-45
北投區,立農,一,531,北投區,唭哩岸,,559-44
北投區,立農,一,532,北投區,唭哩岸,,559-19
北投區,立農,一,533,北投區,唭哩岸,,559-27
北投區,立農,一,534,北投區,唭哩岸,,559-104
北投區,立農,一,535,北投區,唭哩岸,,559-165
北投區,立農,一,536,北投區,唭哩岸,,559-166
北投區,立農,一,537,北投區,唭哩岸,,559-167
北投區,立農,一,538,北投區,唭哩岸,,559-168
北投區,立農,一,539,北投區,唭哩岸,,559-169
北投區,立農,一,54,北投區,唭哩岸,,523-19
北投區,立農,一,540,北投區,唭哩岸,,559-170
北投區,立農,一,541,北投區,唭哩岸,,559-171
北投區,立農,一,542,北投區,唭哩岸,,559-172
北投區,立農,一,543,北投區,唭哩岸,,559-96
北投區,立農,一,544,北投區,唭哩岸,,559-95
北投區,立農,一,545,北投區,唭哩岸,,559-48
北投區,立農,一,546,北投區,唭哩岸,,559-47
北投區,立農,一,547,北投區,唭哩岸,,559-46
北投區,立農,一,548,北投區,唭哩岸,,559-52
北投區,立農,一,549,北投區,唭哩岸,,559-51
北投區,立農,一,55,北投區,唭哩岸,,523-19
北投區,立農,一,550,北投區,唭哩岸,,559-50
北投區,立農,一,551,北投區,唭哩岸,,559-49
北投區,立農,一,552,北投區,唭哩岸,,559-173
北投區,立農,一,553,北投區,唭哩岸,,559-174
北投區,立農,一,554,北投區,唭哩岸,,559-175
北投區,立農,一,555,北投區,唭哩岸,,559-176
北投區,立農,一,556,北投區,唭哩岸,,559-57
北投區,立農,一,557,北投區,唭哩岸,,559-56
北投區,立農,一,558,北投區,唭哩岸,,559-55
北投區,立農,一,559,北投區,唭哩岸,,559-54
北投區,立農,一,56,北投區,唭哩岸,,523-18
北投區,立農,一,560,北投區,唭哩岸,,559-53
北投區,立農,一,561,北投區,唭哩岸,,559-22
北投區,立農,一,562,北投區,唭哩岸,,559-58
北投區,立農,一,563,北投區,唭哩岸,,559-59
北投區,立農,一,564,北投區,唭哩岸,,559-60
北投區,立農,一,565,北投區,唭哩岸,,559-61
北投區,立農,一,566,北投區,石牌,,744
北投區,立農,一,566-1,北投區,石牌,,744
北投區,立農,一,567,北投區,石牌,,744
北投區,立農,一,568,北投區,石牌,,324-13
北投區,立農,一,569,北投區,石牌,,324-32
北投區,立農,一,57,北投區,唭哩岸,,523-18
北投區,立農,一,570,北投區,石牌,,324-14
北投區,立農,一,571,北投區,石牌,,324-9
北投區,立農,一,572,北投區,石牌,,324-10
北投區,立農,一,573,北投區,石牌,,324-11
北投區,立農,一,574,北投區,石牌,,324-12
北投區,立農,一,575,北投區,石牌,,325-18
北投區,立農,一,576,北投區,石牌,,325
北投區,立農,一,577,北投區,石牌,,325-14
北投區,立農,一,578,北投區,石牌,,325-15
北投區,立農,一,579,北投區,石牌,,325-16
北投區,立農,一,58,北投區,唭哩岸,,523-17
北投區,立農,一,580,北投區,石牌,,325-17
北投區,立農,一,581,北投區,石牌,,326-14
北投區,立農,一,582,北投區,石牌,,326-15
北投區,立農,一,583,北投區,石牌,,326-16
北投區,立農,一,584,北投區,石牌,,326-17
北投區,立農,一,585,北投區,石牌,,326-12
北投區,立農,一,586,北投區,石牌,,326-11
北投區,立農,一,587,北投區,石牌,,325-30
北投區,立農,一,588,北投區,石牌,,326
北投區,立農,一,589,北投區,石牌,,326-20
北投區,立農,一,59,北投區,唭哩岸,,523-17
北投區,立農,一,590,北投區,石牌,,326-22
北投區,立農,一,591,北投區,石牌,,326-9
北投區,立農,一,592,北投區,石牌,,327
北投區,立農,一,593,北投區,石牌,,327-5
北投區,立農,一,594,北投區,石牌,,328-3
北投區,立農,一,595,北投區,石牌,,328-6
北投區,立農,一,596,北投區,石牌,,328-5
北投區,立農,一,599,北投區,石牌,,328
北投區,立農,一,6,北投區,石牌,,254
北投區,立農,一,60,北投區,唭哩岸,,523-3
北投區,立農,一,600-1,北投區,立農,一,600
北投區,立農,一,61,北投區,唭哩岸,,523-3
北投區,立農,一,611,北投區,唭哩岸,,559-110
北投區,立農,一,612,北投區,石牌,,329
北投區,立農,一,62,北投區,唭哩岸,,524-10
北投區,立農,一,63,北投區,唭哩岸,,524-10
北投區,立農,一,64,北投區,唭哩岸,,523-29
北投區,立農,一,65,北投區,唭哩岸,,523-29
北投區,立農,一,66,北投區,唭哩岸,,523-28
北投區,立農,一,67,北投區,唭哩岸,,523-28
北投區,立農,一,68,北投區,唭哩岸,,523-27
北投區,立農,一,69,北投區,唭哩岸,,523-27
北投區,立農,一,7,北投區,石牌,,254-15
北投區,立農,一,70,北投區,唭哩岸,,523-26
北投區,立農,一,71,北投區,唭哩岸,,523-26
北投區,立農,一,72,北投區,唭哩岸,,523-25
北投區,立農,一,73,北投區,唭哩岸,,523-25
北投區,立農,一,74,北投區,唭哩岸,,523-24
北投區,立農,一,75,北投區,唭哩岸,,523-24
北投區,立農,一,76,北投區,唭哩岸,,523-23
北投區,立農,一,77,北投區,唭哩岸,,523-23
北投區,立農,一,78,北投區,唭哩岸,,523-22
北投區,立農,一,79,北投區,唭哩岸,,523-22
北投區,立農,一,80,北投區,唭哩岸,,523-11
北投區,立農,一,81,北投區,唭哩岸,,523-11
北投區,立農,一,82,北投區,唭哩岸,,523-34
北投區,立農,一,83,北投區,唭哩岸,,523-33
北投區,立農,一,84,北投區,唭哩岸,,523-32
北投區,立農,一,85,北投區,唭哩岸,,523-31
北投區,立農,一,86,北投區,唭哩岸,,523-30
北投區,立農,一,87,北投區,唭哩岸,,523-12
北投區,立農,一,87-1,北投區,唭哩岸,,533-47
北投區,立農,一,87-2,北投區,唭哩岸,,533-38
北投區,立農,一,87-3,北投區,唭哩岸,,532-2
北投區,立農,一,87-4,北投區,唭哩岸,,522-12
北投區,立農,一,87-5,北投區,唭哩岸,,520-123
北投區,立農,一,87-6,北投區,唭哩岸,,523-10
北投區,立農,一,87-7,北投區,唭哩岸,,524-6
北投區,立農,一,87-8,北投區,唭哩岸,,524-6
北投區,立農,一,87-9,北投區,唭哩岸,,524-6
北投區,立農,一,88,北投區,唭哩岸,,523-8
北投區,立農,一,89,北投區,唭哩岸,,539-39
北投區,立農,一,90,北投區,唭哩岸,,532
北投區,立農,一,91,北投區,唭哩岸,,533-7
北投區,立農,一,94,北投區,唭哩岸,,530
北投區,立農,一,94-1,北投區,石牌,,259-54
北投區,立農,一,96,北投區,唭哩岸,,533-4
北投區,立農,一,97,北投區,唭哩岸,,533-76
北投區,立農,一,98,北投區,唭哩岸,,533-82
北投區,立農,一,99,北投區,唭哩岸,,533-83
北投區,立農,三,1,北投區,唭哩岸,,524-4
北投區,立農,三,10,北投區,唭哩岸,,521-30
北投區,立農,三,100,北投區,唭哩岸,,502-11
北投區,立農,三,101,北投區,唭哩岸,,502-6
北投區,立農,三,102,北投區,唭哩岸,,502-4
北投區,立農,三,103,北投區,唭哩岸,,502-16
北投區,立農,三,104,北投區,唭哩岸,,502-15
北投區,立農,三,105,北投區,唭哩岸,,502-14
北投區,立農,三,106,北投區,唭哩岸,,502-18
北投區,立農,三,107,北投區,唭哩岸,,502-17
北投區,立農,三,108,北投區,唭哩岸,,502-19
北投區,立農,三,109,北投區,唭哩岸,,507-10
北投區,立農,三,11,北投區,唭哩岸,,521-31
北投區,立農,三,111,北投區,唭哩岸,,502-8
北投區,立農,三,112,北投區,唭哩岸,,502-52
北投區,立農,三,113,北投區,唭哩岸,,502-67
北投區,立農,三,114,北投區,唭哩岸,,502-66
北投區,立農,三,115,北投區,唭哩岸,,502-53
北投區,立農,三,116,北投區,唭哩岸,,502-54
北投區,立農,三,117,北投區,唭哩岸,,502-65
北投區,立農,三,118,北投區,唭哩岸,,502-64
北投區,立農,三,118-1,北投區,唭哩岸,,502-64
北投區,立農,三,119,北投區,唭哩岸,,502-55
北投區,立農,三,12,北投區,唭哩岸,,521-32
北投區,立農,三,120,北投區,唭哩岸,,502-56
北投區,立農,三,121,北投區,唭哩岸,,502-63
北投區,立農,三,121-1,北投區,唭哩岸,,502-63
北投區,立農,三,122,北投區,唭哩岸,,502-62
北投區,立農,三,122-1,北投區,唭哩岸,,502-62
北投區,立農,三,123,北投區,唭哩岸,,502-57
北投區,立農,三,124,北投區,唭哩岸,,502-58
北投區,立農,三,125,北投區,唭哩岸,,502-61
北投區,立農,三,125-1,北投區,唭哩岸,,502-61
北投區,立農,三,126,北投區,唭哩岸,,502-60
北投區,立農,三,126-1,北投區,唭哩岸,,502-60
北投區,立農,三,127,北投區,唭哩岸,,502-59
北投區,立農,三,128,北投區,唭哩岸,,829
北投區,立農,三,134,北投區,唭哩岸,,522-45
北投區,立農,三,135,北投區,唭哩岸,,522-38
北投區,立農,三,135-1,北投區,唭哩岸,,522-70
北投區,立農,三,136,北投區,唭哩岸,,522-39
北投區,立農,三,137,北投區,唭哩岸,,522-46
北投區,立農,三,138,北投區,唭哩岸,,522-47
北投區,立農,三,139,北投區,唭哩岸,,522-40
北投區,立農,三,140,北投區,唭哩岸,,522-41
北投區,立農,三,141,北投區,唭哩岸,,522-48
北投區,立農,三,142,北投區,唭哩岸,,522-49
北投區,立農,三,143,北投區,唭哩岸,,522-42
北投區,立農,三,144,北投區,唭哩岸,,522-43
北投區,立農,三,145,北投區,唭哩岸,,522-50
北投區,立農,三,145-1,北投區,唭哩岸,,522-69
北投區,立農,三,146,北投區,唭哩岸,,540-24
北投區,立農,三,147,北投區,唭哩岸,,522-62
北投區,立農,三,148,北投區,唭哩岸,,522-68
北投區,立農,三,148-1,北投區,唭哩岸,,521-23
北投區,立農,三,148-2,北投區,唭哩岸,,522-67
北投區,立農,三,148-3,北投區,唭哩岸,,522-24
北投區,立農,三,149,北投區,唭哩岸,,522-51
北投區,立農,三,15,北投區,唭哩岸,,521-26
北投區,立農,三,150,北投區,唭哩岸,,522-44
北投區,立農,三,151,北投區,唭哩岸,,522-23
北投區,立農,三,152,北投區,唭哩岸,,522-63
北投區,立農,三,153,北投區,唭哩岸,,522-22
北投區,立農,三,154,北投區,唭哩岸,,522-21
北投區,立農,三,155,北投區,唭哩岸,,522-20
北投區,立農,三,156,北投區,唭哩岸,,522-19
北投區,立農,三,157,北投區,唭哩岸,,521-49
北投區,立農,三,158,北投區,唭哩岸,,522-8
北投區,立農,三,159,北投區,唭哩岸,,522-15
北投區,立農,三,16,北投區,唭哩岸,,522-11
北投區,立農,三,160,北投區,唭哩岸,,522-16
北投區,立農,三,161,北投區,唭哩岸,,522-9
北投區,立農,三,163,北投區,唭哩岸,,540-3
北投區,立農,三,164,北投區,唭哩岸,,540-1
北投區,立農,三,165,北投區,唭哩岸,,541-1
北投區,立農,三,167,北投區,唭哩岸,,833
北投區,立農,三,168-1,北投區,唭哩岸,,540-17
北投區,立農,三,17,北投區,唭哩岸,,521-14
北投區,立農,三,170,北投區,唭哩岸,,538-37
北投區,立農,三,170-1,北投區,唭哩岸,,538-37
北投區,立農,三,171,北投區,唭哩岸,,538-36
北投區,立農,三,171-1,北投區,唭哩岸,,538-36
北投區,立農,三,172,北投區,唭哩岸,,538-34
北投區,立農,三,172-1,北投區,唭哩岸,,538-34
北投區,立農,三,173,北投區,唭哩岸,,538-33
北投區,立農,三,173-1,北投區,唭哩岸,,538-33
北投區,立農,三,174,北投區,唭哩岸,,538-3
北投區,立農,三,174-1,北投區,唭哩岸,,538-3
北投區,立農,三,175,北投區,唭哩岸,,539-65
北投區,立農,三,175-1,北投區,唭哩岸,,539-65
北投區,立農,三,176,北投區,唭哩岸,,539-64
北投區,立農,三,177,北投區,唭哩岸,,539-63
北投區,立農,三,178,北投區,唭哩岸,,539
北投區,立農,三,179,北投區,唭哩岸,,539-61
北投區,立農,三,18,北投區,唭哩岸,,521-25
北投區,立農,三,180,北投區,唭哩岸,,539-60
北投區,立農,三,181,北投區,唭哩岸,,540-2
北投區,立農,三,182,北投區,唭哩岸,,522-10
北投區,立農,三,183,北投區,唭哩岸,,540-25
北投區,立農,三,183-1,北投區,唭哩岸,,522-64
北投區,立農,三,184,北投區,唭哩岸,,539-2
北投區,立農,三,185,北投區,唭哩岸,,540-27
北投區,立農,三,186,北投區,唭哩岸,,540-26
北投區,立農,三,187,北投區,唭哩岸,,539-67
北投區,立農,三,188,北投區,唭哩岸,,538-13
北投區,立農,三,189,北投區,唭哩岸,,539-41
北投區,立農,三,19,北投區,唭哩岸,,521-13
北投區,立農,三,190,北投區,唭哩岸,,539-23
北投區,立農,三,191,北投區,唭哩岸,,539-68
北投區,立農,三,192,北投區,唭哩岸,,539-24
北投區,立農,三,196,北投區,唭哩岸,,539-5
北投區,立農,三,197,北投區,唭哩岸,,539-36
北投區,立農,三,198,北投區,唭哩岸,,539-7
北投區,立農,三,199,北投區,唭哩岸,,539-8
北投區,立農,三,2,北投區,唭哩岸,,524-5
北投區,立農,三,20,北投區,唭哩岸,,521-24
北投區,立農,三,200,北投區,唭哩岸,,539-9
北投區,立農,三,201,北投區,唭哩岸,,538-2
北投區,立農,三,202,北投區,唭哩岸,,538-61
北投區,立農,三,203,北投區,唭哩岸,,538-62
北投區,立農,三,204,北投區,唭哩岸,,538-63
北投區,立農,三,205,北投區,唭哩岸,,538-46
北投區,立農,三,206,北投區,唭哩岸,,538-58
北投區,立農,三,207,北投區,唭哩岸,,538-57
北投區,立農,三,208,北投區,唭哩岸,,538-56
北投區,立農,三,209,北投區,唭哩岸,,538-4
北投區,立農,三,21,北投區,唭哩岸,,521-2
北投區,立農,三,21-1,北投區,唭哩岸,,521-15
北投區,立農,三,210,北投區,唭哩岸,,538-44
北投區,立農,三,211,北投區,唭哩岸,,538-40
北投區,立農,三,212,北投區,唭哩岸,,538-41
北投區,立農,三,213,北投區,唭哩岸,,538-44
北投區,立農,三,214,北投區,唭哩岸,,538-45
北投區,立農,三,215,北投區,唭哩岸,,538-42
北投區,立農,三,216,北投區,唭哩岸,,538-47
北投區,立農,三,217,北投區,唭哩岸,,538-48
北投區,立農,三,218,北投區,唭哩岸,,538-49
北投區,立農,三,219,北投區,唭哩岸,,538-50
北投區,立農,三,22,北投區,唭哩岸,,521-17
北投區,立農,三,220,北投區,唭哩岸,,538-52
北投區,立農,三,221,北投區,唭哩岸,,538-51
北投區,立農,三,222,北投區,唭哩岸,,538-53
北投區,立農,三,223,北投區,唭哩岸,,538-54
北投區,立農,三,224,北投區,唭哩岸,,834
北投區,立農,三,225,北投區,唭哩岸,,545-6
北投區,立農,三,226,北投區,唭哩岸,,545-9
北投區,立農,三,227,北投區,唭哩岸,,545-10
北投區,立農,三,228,北投區,唭哩岸,,545-11
北投區,立農,三,229,北投區,唭哩岸,,545-12
北投區,立農,三,230,北投區,唭哩岸,,545-3
北投區,立農,三,231,北投區,唭哩岸,,545-36
北投區,立農,三,232,北投區,唭哩岸,,545-37
北投區,立農,三,233,北投區,唭哩岸,,544-2
北投區,立農,三,234,北投區,唭哩岸,,545-38
北投區,立農,三,235,北投區,唭哩岸,,545-25
北投區,立農,三,236,北投區,唭哩岸,,545-40
北投區,立農,三,237,北投區,唭哩岸,,545-41
北投區,立農,三,238,北投區,唭哩岸,,545-14
北投區,立農,三,239,北投區,唭哩岸,,545-15
北投區,立農,三,24,北投區,唭哩岸,,521-18
北投區,立農,三,240,北投區,唭哩岸,,545-16
北投區,立農,三,241,北投區,唭哩岸,,545-17
北投區,立農,三,242,北投區,唭哩岸,,545-18
北投區,立農,三,243,北投區,唭哩岸,,545-19
北投區,立農,三,244,北投區,唭哩岸,,545-20
北投區,立農,三,245,北投區,唭哩岸,,545-32
北投區,立農,三,246,北投區,唭哩岸,,545-31
北投區,立農,三,247,北投區,唭哩岸,,545-21
北投區,立農,三,248,北投區,唭哩岸,,545-22
北投區,立農,三,249,北投區,唭哩岸,,545-30
北投區,立農,三,250,北投區,唭哩岸,,545-29
北投區,立農,三,251,北投區,唭哩岸,,545-23
北投區,立農,三,252,北投區,唭哩岸,,545-24
北投區,立農,三,253,北投區,唭哩岸,,545-28
北投區,立農,三,254,北投區,唭哩岸,,545-27
北投區,立農,三,255,北投區,唭哩岸,,545-43
北投區,立農,三,256,北投區,唭哩岸,,545-44
北投區,立農,三,257,北投區,唭哩岸,,545-26
北投區,立農,三,258,北投區,唭哩岸,,545-33
北投區,立農,三,259,北投區,唭哩岸,,545-34
北投區,立農,三,26,北投區,唭哩岸,,521-33
北投區,立農,三,260,北投區,唭哩岸,,545-47
北投區,立農,三,261,北投區,唭哩岸,,545-46
北投區,立農,三,262,北投區,唭哩岸,,545-35
北投區,立農,三,263,北投區,唭哩岸,,545
北投區,立農,三,264,北投區,唭哩岸,,545-1
北投區,立農,三,266,北投區,唭哩岸,,546-42
北投區,立農,三,267,北投區,唭哩岸,,546-14
北投區,立農,三,268,北投區,唭哩岸,,546-13
北投區,立農,三,269,北投區,唭哩岸,,546-12
北投區,立農,三,27,北投區,唭哩岸,,521-37
北投區,立農,三,270,北投區,唭哩岸,,546-11
北投區,立農,三,271,北投區,唭哩岸,,546
北投區,立農,三,272,北投區,唭哩岸,,872
北投區,立農,三,274,北投區,唭哩岸,,547-1
北投區,立農,三,275,北投區,唭哩岸,,547
北投區,立農,三,277,北投區,唭哩岸,,544-19
北投區,立農,三,278,北投區,唭哩岸,,544-15
北投區,立農,三,279,北投區,唭哩岸,,544-18
北投區,立農,三,28,北投區,唭哩岸,,521-38
北投區,立農,三,280,北投區,唭哩岸,,544-17
北投區,立農,三,281,北投區,唭哩岸,,544-16
北投區,立農,三,281-1,北投區,唭哩岸,,544-22
北投區,立農,三,282,北投區,唭哩岸,,544-14
北投區,立農,三,282-1,北投區,唭哩岸,,544-21
北投區,立農,三,283,北投區,唭哩岸,,544-1
北投區,立農,三,286,北投區,唭哩岸,,544-3
北投區,立農,三,287,北投區,唭哩岸,,544-4
北投區,立農,三,288,北投區,唭哩岸,,544-5
北投區,立農,三,289,北投區,唭哩岸,,544-6
北投區,立農,三,29,北投區,唭哩岸,,521-39
北投區,立農,三,290,北投區,唭哩岸,,544-7
北投區,立農,三,291,北投區,唭哩岸,,544-8
北投區,立農,三,292,北投區,唭哩岸,,544-9
北投區,立農,三,293,北投區,唭哩岸,,544-10
北投區,立農,三,294,北投區,唭哩岸,,544-11
北投區,立農,三,295,北投區,唭哩岸,,544-12
北投區,立農,三,296,北投區,唭哩岸,,544-13
北投區,立農,三,299,北投區,唭哩岸,,543
北投區,立農,三,30,北投區,唭哩岸,,522-35
北投區,立農,三,300,北投區,唭哩岸,,542
北投區,立農,三,302,北投區,唭哩岸,,502-9
北投區,立農,三,303,北投區,唭哩岸,,503-2
北投區,立農,三,303-2,北投區,唭哩岸,,503-3
北投區,立農,三,305,北投區,唭哩岸,,506
北投區,立農,三,306,北投區,唭哩岸,,547-2
北投區,立農,三,307,北投區,唭哩岸,,877
北投區,立農,三,308,北投區,唭哩岸,,548-17
北投區,立農,三,309,北投區,唭哩岸,,548-66
北投區,立農,三,31,北投區,唭哩岸,,522-34
北投區,立農,三,310,北投區,唭哩岸,,548-73
北投區,立農,三,311,北投區,唭哩岸,,548-72
北投區,立農,三,312,北投區,唭哩岸,,548-65
北投區,立農,三,313,北投區,唭哩岸,,548-64
北投區,立農,三,314,北投區,唭哩岸,,548-71
北投區,立農,三,315,北投區,唭哩岸,,548-70
北投區,立農,三,316,北投區,唭哩岸,,548-63
北投區,立農,三,317,北投區,唭哩岸,,548-62
北投區,立農,三,318,北投區,唭哩岸,,548-69
北投區,立農,三,319,北投區,唭哩岸,,548-68
北投區,立農,三,32,北投區,唭哩岸,,521-40
北投區,立農,三,320,北投區,唭哩岸,,548-61
北投區,立農,三,321,北投區,唭哩岸,,548-11
北投區,立農,三,321-1,北投區,唭哩岸,,548-11
北投區,立農,三,322,北投區,唭哩岸,,548-67
北投區,立農,三,322-1,北投區,唭哩岸,,548-67
北投區,立農,三,323,北投區,唭哩岸,,548-7
北投區,立農,三,324,北投區,唭哩岸,,548-19
北投區,立農,三,325,北投區,唭哩岸,,505-8
北投區,立農,三,326,北投區,唭哩岸,,505-7
北投區,立農,三,326-1,北投區,唭哩岸,,505-7
北投區,立農,三,327,北投區,唭哩岸,,548-59
北投區,立農,三,328,北投區,唭哩岸,,506-11
北投區,立農,三,329,北投區,唭哩岸,,506-3
北投區,立農,三,33,北投區,唭哩岸,,521-41
北投區,立農,三,330,北投區,唭哩岸,,506-10
北投區,立農,三,331,北投區,唭哩岸,,506-10
北投區,立農,三,331-1,北投區,唭哩岸,,506-7
北投區,立農,三,331-2,北投區,唭哩岸,,506-7
北投區,立農,三,331-3,北投區,唭哩岸,,506-5
北投區,立農,三,331-4,北投區,唭哩岸,,506-5
北投區,立農,三,332,北投區,唭哩岸,,506-2
北投區,立農,三,333,北投區,唭哩岸,,505-4
北投區,立農,三,333-1,北投區,唭哩岸,,492
北投區,立農,三,334,北投區,唭哩岸,,505-1
北投區,立農,三,334-1,北投區,唭哩岸,,498-7
北投區,立農,三,335,北投區,唭哩岸,,505
北投區,立農,三,335-1,北投區,唭哩岸,,505
北投區,立農,三,336,北投區,唭哩岸,,504-2
北投區,立農,三,336-1,北投區,唭哩岸,,504-2
北投區,立農,三,337,北投區,唭哩岸,,503-1
北投區,立農,三,338,北投區,唭哩岸,,500-1
北投區,立農,三,339,北投區,唭哩岸,,500-2
北投區,立農,三,34,北投區,唭哩岸,,522-33
北投區,立農,三,341,北投區,唭哩岸,,480-23
北投區,立農,三,342,北投區,唭哩岸,,479-1
北投區,立農,三,342-1,北投區,唭哩岸,,480-20
北投區,立農,三,343,北投區,唭哩岸,,479-18
北投區,立農,三,344,北投區,唭哩岸,,479-19
北投區,立農,三,344-1,北投區,唭哩岸,,480-22
北投區,立農,三,345,北投區,唭哩岸,,479-20
北投區,立農,三,345-1,北投區,唭哩岸,,479-21
北投區,立農,三,346,北投區,唭哩岸,,480-21
北投區,立農,三,347,北投區,唭哩岸,,479-24
北投區,立農,三,348,北投區,唭哩岸,,480-27
北投區,立農,三,349,北投區,唭哩岸,,499-8
北投區,立農,三,35,北投區,唭哩岸,,521-42
北投區,立農,三,350,北投區,唭哩岸,,480-32
北投區,立農,三,351,北投區,唭哩岸,,480-33
北投區,立農,三,352,北投區,唭哩岸,,480-28
北投區,立農,三,353,北投區,唭哩岸,,480-29
北投區,立農,三,354,北投區,唭哩岸,,480-34
北投區,立農,三,355,北投區,唭哩岸,,480-35
北投區,立農,三,356,北投區,唭哩岸,,480-30
北投區,立農,三,357,北投區,唭哩岸,,479-25
北投區,立農,三,358,北投區,唭哩岸,,479-27
北投區,立農,三,359,北投區,唭哩岸,,479-28
北投區,立農,三,36,北投區,唭哩岸,,521-43
北投區,立農,三,36-1,北投區,唭哩岸,,522-54
北投區,立農,三,360,北投區,唭哩岸,,479-26
北投區,立農,三,361,北投區,唭哩岸,,479-22
北投區,立農,三,362,北投區,唭哩岸,,479-33
北投區,立農,三,363,北投區,唭哩岸,,479-2
北投區,立農,三,364,北投區,唭哩岸,,479-3
北投區,立農,三,365,北投區,唭哩岸,,479-4
北投區,立農,三,366,北投區,唭哩岸,,479-5
北投區,立農,三,367,北投區,唭哩岸,,479-6
北投區,立農,三,368,北投區,唭哩岸,,479-7
北投區,立農,三,369,北投區,唭哩岸,,479-8
北投區,立農,三,37,北投區,唭哩岸,,521-47
北投區,立農,三,370,北投區,唭哩岸,,481-13
北投區,立農,三,371,北投區,唭哩岸,,481-12
北投區,立農,三,372,北投區,唭哩岸,,481-1
北投區,立農,三,373,北投區,唭哩岸,,481-29
北投區,立農,三,374,北投區,唭哩岸,,851
北投區,立農,三,375,北投區,唭哩岸,,482-10
北投區,立農,三,376,北投區,唭哩岸,,482-14
北投區,立農,三,377,北投區,唭哩岸,,482-16
北投區,立農,三,378,北投區,唭哩岸,,482-15
北投區,立農,三,379,北投區,唭哩岸,,482-17
北投區,立農,三,38,北投區,唭哩岸,,521-48
北投區,立農,三,380,北投區,唭哩岸,,482-18
北投區,立農,三,381,北投區,唭哩岸,,482-20
北投區,立農,三,382,北投區,唭哩岸,,483-28
北投區,立農,三,383,北投區,唭哩岸,,483
北投區,立農,三,384,北投區,唭哩岸,,482-19
北投區,立農,三,385,北投區,唭哩岸,,481-30
北投區,立農,三,386,北投區,唭哩岸,,481-15
北投區,立農,三,387,北投區,唭哩岸,,481-14
北投區,立農,三,388,北投區,唭哩岸,,481-17
北投區,立農,三,389,北投區,唭哩岸,,481-16
北投區,立農,三,39,北投區,唭哩岸,,522
北投區,立農,三,390,北投區,唭哩岸,,481-8
北投區,立農,三,391,北投區,唭哩岸,,481-7
北投區,立農,三,392,北投區,唭哩岸,,481-6
北投區,立農,三,393,北投區,唭哩岸,,481-5
北投區,立農,三,394,北投區,唭哩岸,,479-7
北投區,立農,三,395,北投區,唭哩岸,,479-16
北投區,立農,三,396,北投區,唭哩岸,,479-12
北投區,立農,三,397,北投區,唭哩岸,,479-11
北投區,立農,三,398,北投區,唭哩岸,,479-15
北投區,立農,三,399,北投區,唭哩岸,,479-14
北投區,立農,三,4,北投區,唭哩岸,,522-1
北投區,立農,三,40,北投區,唭哩岸,,522-27
北投區,立農,三,400,北投區,唭哩岸,,479-10
北投區,立農,三,401,北投區,唭哩岸,,479-9
北投區,立農,三,402,北投區,唭哩岸,,479-13
北投區,立農,三,404,北投區,唭哩岸,,480-4
北投區,立農,三,406,北投區,唭哩岸,,483-35
北投區,立農,三,407,北投區,唭哩岸,,483-1
北投區,立農,三,408,北投區,唭哩岸,,483-7
北投區,立農,三,409,北投區,唭哩岸,,852
北投區,立農,三,41,北投區,唭哩岸,,522-28
北投區,立農,三,410,北投區,唭哩岸,,852
北投區,立農,三,411,北投區,唭哩岸,,481-11
北投區,立農,三,412,北投區,唭哩岸,,481-10
北投區,立農,三,413,北投區,唭哩岸,,481-9
北投區,立農,三,414,北投區,唭哩岸,,481-3
北投區,立農,三,415,北投區,唭哩岸,,480-17
北投區,立農,三,416,北投區,唭哩岸,,480-16
北投區,立農,三,417,北投區,唭哩岸,,480-15
北投區,立農,三,418,北投區,唭哩岸,,480-14
北投區,立農,三,419,北投區,唭哩岸,,480-7
北投區,立農,三,42,北投區,唭哩岸,,522-29
北投區,立農,三,420,北投區,唭哩岸,,480-25
北投區,立農,三,421,北投區,唭哩岸,,480-6
北投區,立農,三,422,北投區,唭哩岸,,497
北投區,立農,三,423,北投區,唭哩岸,,497-16
北投區,立農,三,424,北投區,唭哩岸,,496
北投區,立農,三,425,北投區,唭哩岸,,495
北投區,立農,三,426,北投區,唭哩岸,,496-3
北投區,立農,三,427,北投區,唭哩岸,,495-4
北投區,立農,三,428,北投區,唭哩岸,,495-6
北投區,立農,三,429,北投區,唭哩岸,,495-7
北投區,立農,三,43,北投區,唭哩岸,,522-65
北投區,立農,三,430,北投區,唭哩岸,,492-11
北投區,立農,三,431,北投區,唭哩岸,,492-106
北投區,立農,三,432,北投區,唭哩岸,,492-107
北投區,立農,三,433,北投區,唭哩岸,,492-108
北投區,立農,三,434,北投區,唭哩岸,,492-109
北投區,立農,三,435,北投區,唭哩岸,,495-8
北投區,立農,三,436,北投區,唭哩岸,,495-5
北投區,立農,三,437,北投區,唭哩岸,,495-3
北投區,立農,三,438,北投區,唭哩岸,,497-24
北投區,立農,三,439,北投區,唭哩岸,,497-23
北投區,立農,三,44,北投區,唭哩岸,,827
北投區,立農,三,440,北投區,唭哩岸,,497-22
北投區,立農,三,441,北投區,唭哩岸,,497-18
北投區,立農,三,442,北投區,唭哩岸,,497-1
北投區,立農,三,443,北投區,唭哩岸,,497-21
北投區,立農,三,444,北投區,唭哩岸,,497-6
北投區,立農,三,445,北投區,唭哩岸,,497-4
北投區,立農,三,446,北投區,唭哩岸,,480-45
北投區,立農,三,447,北投區,唭哩岸,,480-42
北投區,立農,三,448,北投區,唭哩岸,,480-41
北投區,立農,三,449,北投區,唭哩岸,,480-44
北投區,立農,三,45,北投區,唭哩岸,,520-105
北投區,立農,三,45-1,北投區,唭哩岸,,826
北投區,立農,三,450,北投區,唭哩岸,,480-43
北投區,立農,三,451,北投區,唭哩岸,,480-40
北投區,立農,三,452,北投區,唭哩岸,,480-39
北投區,立農,三,453,北投區,唭哩岸,,498-16
北投區,立農,三,454,北投區,唭哩岸,,480-38
北投區,立農,三,455,北投區,唭哩岸,,498-15
北投區,立農,三,456,北投區,唭哩岸,,498-14
北投區,立農,三,457,北投區,唭哩岸,,480-5
北投區,立農,三,458,北投區,唭哩岸,,498-9
北投區,立農,三,459,北投區,唭哩岸,,498-13
北投區,立農,三,46,北投區,唭哩岸,,520-106
北投區,立農,三,460,北投區,唭哩岸,,498-8
北投區,立農,三,462,北投區,唭哩岸,,500-3
北投區,立農,三,462-1,北投區,唭哩岸,,841
北投區,立農,三,463,北投區,唭哩岸,,498
北投區,立農,三,464,北投區,唭哩岸,,498-1
北投區,立農,三,465,北投區,唭哩岸,,498-2
北投區,立農,三,466,北投區,唭哩岸,,497-5
北投區,立農,三,467,北投區,唭哩岸,,497-7
北投區,立農,三,468,北投區,唭哩岸,,498-3
北投區,立農,三,469,北投區,唭哩岸,,492-4
北投區,立農,三,469-2,北投區,唭哩岸,,548-1
北投區,立農,三,47,北投區,唭哩岸,,520-99
北投區,立農,三,470,北投區,唭哩岸,,505-3
北投區,立農,三,471,北投區,唭哩岸,,498-5
北投區,立農,三,472,北投區,唭哩岸,,492-5
北投區,立農,三,473,北投區,唭哩岸,,492-57
北投區,立農,三,474,北投區,唭哩岸,,492-1
北投區,立農,三,475,北投區,唭哩岸,,492-58
北投區,立農,三,476,北投區,唭哩岸,,492-59
北投區,立農,三,477,北投區,唭哩岸,,492-60
北投區,立農,三,478,北投區,唭哩岸,,492-61
北投區,立農,三,479,北投區,唭哩岸,,492-62
北投區,立農,三,48,北投區,唭哩岸,,521-16
北投區,立農,三,480,北投區,唭哩岸,,492-63
北投區,立農,三,481,北投區,唭哩岸,,492-64
北投區,立農,三,482,北投區,唭哩岸,,492-65
北投區,立農,三,483,北投區,唭哩岸,,492-66
北投區,立農,三,484,北投區,唭哩岸,,492-67
北投區,立農,三,485,北投區,唭哩岸,,492-6
北投區,立農,三,486,北投區,唭哩岸,,492-8
北投區,立農,三,487,北投區,唭哩岸,,492-79
北投區,立農,三,488,北投區,唭哩岸,,492-112
北投區,立農,三,489,北投區,唭哩岸,,492-113
北投區,立農,三,49,北投區,唭哩岸,,520-65
北投區,立農,三,490,北投區,唭哩岸,,492-114
北投區,立農,三,491,北投區,唭哩岸,,492-10
北投區,立農,三,492,北投區,唭哩岸,,493-67
北投區,立農,三,493,北投區,唭哩岸,,492-9
北投區,立農,三,494,北投區,唭哩岸,,492-115
北投區,立農,三,495,北投區,唭哩岸,,492-116
北投區,立農,三,496,北投區,唭哩岸,,492-117
北投區,立農,三,497,北投區,唭哩岸,,492-118
北投區,立農,三,498,北投區,唭哩岸,,492-50
北投區,立農,三,499,北投區,唭哩岸,,492-47
北投區,立農,三,5,北投區,唭哩岸,,522-14
北投區,立農,三,50,北投區,唭哩岸,,520-98
北投區,立農,三,500,北投區,唭哩岸,,492-94
北投區,立農,三,501,北投區,唭哩岸,,492-98
北投區,立農,三,502,北投區,唭哩岸,,492-99
北投區,立農,三,503,北投區,唭哩岸,,492-100
北投區,立農,三,504,北投區,唭哩岸,,492-101
北投區,立農,三,505,北投區,唭哩岸,,492-102
北投區,立農,三,506,北投區,唭哩岸,,492-97
北投區,立農,三,507,北投區,唭哩岸,,492-96
北投區,立農,三,508,北投區,唭哩岸,,492-3
北投區,立農,三,508,北投區,唭哩岸,,492-5
北投區,立農,三,509,北投區,唭哩岸,,492-13
北投區,立農,三,51,北投區,唭哩岸,,520-100
北投區,立農,三,510,北投區,唭哩岸,,492-125
北投區,立農,三,511,北投區,唭哩岸,,492-33
北投區,立農,三,512,北投區,唭哩岸,,492-34
北投區,立農,三,513,北投區,唭哩岸,,492-35
北投區,立農,三,514,北投區,唭哩岸,,492-32
北投區,立農,三,515,北投區,唭哩岸,,492-22
北投區,立農,三,516,北投區,唭哩岸,,492-16
北投區,立農,三,517,北投區,唭哩岸,,550-1
北投區,立農,三,519,北投區,唭哩岸,,492-83
北投區,立農,三,52,北投區,唭哩岸,,520-97
北投區,立農,三,520,北投區,唭哩岸,,492-110
北投區,立農,三,521,北投區,唭哩岸,,492-120
北投區,立農,三,521-1,北投區,唭哩岸,,492-48
北投區,立農,三,521-2,北投區,唭哩岸,,492-121
北投區,立農,三,522,北投區,唭哩岸,,492-15
北投區,立農,三,524,北投區,唭哩岸,,548-3
北投區,立農,三,525,北投區,唭哩岸,,549
北投區,立農,三,526,北投區,唭哩岸,,492-69
北投區,立農,三,527,北投區,唭哩岸,,548-24
北投區,立農,三,528,北投區,唭哩岸,,548-23
北投區,立農,三,529,北投區,唭哩岸,,492-68
北投區,立農,三,53,北投區,唭哩岸,,520-101
北投區,立農,三,530,北投區,唭哩岸,,492-7
北投區,立農,三,531,北投區,唭哩岸,,863
北投區,立農,三,531-1,北投區,唭哩岸,,862
北投區,立農,三,531-2,北投區,唭哩岸,,861
北投區,立農,三,531-3,北投區,唭哩岸,,860
北投區,立農,三,532,北投區,唭哩岸,,548-22
北投區,立農,三,533,北投區,唭哩岸,,548-21
北投區,立農,三,534,北投區,唭哩岸,,548-20
北投區,立農,三,535,北投區,唭哩岸,,548-28
北投區,立農,三,536,北投區,唭哩岸,,548-5
北投區,立農,三,537,北投區,唭哩岸,,548-29
北投區,立農,三,538,北投區,唭哩岸,,548-27
北投區,立農,三,539,北投區,唭哩岸,,548-26
北投區,立農,三,54,北投區,唭哩岸,,520-102
北投區,立農,三,54-1,北投區,唭哩岸,,825
北投區,立農,三,540,北投區,唭哩岸,,548-30
北投區,立農,三,541,北投區,唭哩岸,,548-25
北投區,立農,三,542,北投區,唭哩岸,,548-31
北投區,立農,三,543,北投區,唭哩岸,,548-35
北投區,立農,三,544,北投區,唭哩岸,,548-38
北投區,立農,三,545,北投區,唭哩岸,,548-37
北投區,立農,三,546,北投區,唭哩岸,,548-34
北投區,立農,三,547,北投區,唭哩岸,,548-33
北投區,立農,三,548,北投區,唭哩岸,,548-36
北投區,立農,三,549,北投區,唭哩岸,,548-32
北投區,立農,三,55,北投區,唭哩岸,,520-96
北投區,立農,三,550,北投區,唭哩岸,,548-6
北投區,立農,三,551,北投區,唭哩岸,,548-42
北投區,立農,三,552,北投區,唭哩岸,,548-18
北投區,立農,三,553,北投區,唭哩岸,,548-43
北投區,立農,三,554,北投區,唭哩岸,,548-41
北投區,立農,三,555,北投區,唭哩岸,,548-40
北投區,立農,三,556,北投區,唭哩岸,,548-44
北投區,立農,三,557,北投區,唭哩岸,,548-45
北投區,立農,三,558,北投區,唭哩岸,,548-39
北投區,立農,三,559,北投區,唭哩岸,,549-2
北投區,立農,三,56,北投區,唭哩岸,,520-95
北投區,立農,三,560,北投區,唭哩岸,,549-5
北投區,立農,三,562,北投區,唭哩岸,,550-68
北投區,立農,三,563,北投區,唭哩岸,,550-69
北投區,立農,三,564,北投區,唭哩岸,,550-52
北投區,立農,三,565,北投區,唭哩岸,,550-53
北投區,立農,三,566,北投區,唭哩岸,,550-54
北投區,立農,三,567,北投區,唭哩岸,,550-51
北投區,立農,三,568,北投區,唭哩岸,,550-50
北投區,立農,三,569,北投區,唭哩岸,,550-55
北投區,立農,三,57,北投區,唭哩岸,,520-103
北投區,立農,三,57-1,北投區,唭哩岸,,824
北投區,立農,三,570,北投區,唭哩岸,,550-56
北投區,立農,三,571,北投區,唭哩岸,,550-3
北投區,立農,三,572,北投區,唭哩岸,,549-9
北投區,立農,三,573,北投區,唭哩岸,,549-6
北投區,立農,三,574,北投區,唭哩岸,,549-7
北投區,立農,三,575,北投區,唭哩岸,,549-8
北投區,立農,三,576,北投區,唭哩岸,,548-52
北投區,立農,三,577,北投區,唭哩岸,,548-46
北投區,立農,三,578,北投區,唭哩岸,,548-47
北投區,立農,三,579,北投區,唭哩岸,,548-51
北投區,立農,三,58,北投區,唭哩岸,,520-104
北投區,立農,三,580,北投區,唭哩岸,,548-50
北投區,立農,三,581,北投區,唭哩岸,,548-48
北投區,立農,三,582,北投區,唭哩岸,,548-49
北投區,立農,三,583,北投區,唭哩岸,,548-8
北投區,立農,三,584,北投區,唭哩岸,,548-56
北投區,立農,三,585,北投區,唭哩岸,,548-55
北投區,立農,三,586,北投區,唭哩岸,,548-54
北投區,立農,三,587,北投區,唭哩岸,,548-53
北投區,立農,三,588,北投區,唭哩岸,,870
北投區,立農,三,59,北投區,唭哩岸,,520-63
北投區,立農,三,590,北投區,唭哩岸,,550-57
北投區,立農,三,591,北投區,唭哩岸,,550-58
北投區,立農,三,592,北投區,唭哩岸,,550-59
北投區,立農,三,593,北投區,唭哩岸,,550-60
北投區,立農,三,594,北投區,唭哩岸,,550-61
北投區,立農,三,595,北投區,唭哩岸,,550-62
北投區,立農,三,596,北投區,唭哩岸,,550-63
北投區,立農,三,597,北投區,唭哩岸,,550-64
北投區,立農,三,598,北投區,唭哩岸,,547-6
北投區,立農,三,599,北投區,唭哩岸,,547-5
北投區,立農,三,6,北投區,唭哩岸,,521-34
北投區,立農,三,6-1,北投區,唭哩岸,,521-44
北投區,立農,三,6-2,北投區,唭哩岸,,522-36
北投區,立農,三,6-3,北投區,唭哩岸,,522-55
北投區,立農,三,60,北投區,唭哩岸,,507-24
北投區,立農,三,60-1,北投區,唭哩岸,,507-23
北投區,立農,三,600,北投區,唭哩岸,,547-13
北投區,立農,三,601,北投區,唭哩岸,,547-12
北投區,立農,三,602,北投區,唭哩岸,,547-11
北投區,立農,三,603,北投區,唭哩岸,,547-10
北投區,立農,三,604,北投區,唭哩岸,,547-9
北投區,立農,三,605,北投區,唭哩岸,,547-3
北投區,立農,三,606,北投區,唭哩岸,,547-4
北投區,立農,三,607,北投區,唭哩岸,,547-18
北投區,立農,三,608,北投區,唭哩岸,,547-14
北投區,立農,三,609,北投區,唭哩岸,,547-15
北投區,立農,三,61,北投區,唭哩岸,,502-25
北投區,立農,三,61-1,北投區,唭哩岸,,822
北投區,立農,三,610,北投區,唭哩岸,,547-19
北投區,立農,三,611,北投區,唭哩岸,,547-20
北投區,立農,三,612,北投區,唭哩岸,,547-16
北投區,立農,三,613,北投區,唭哩岸,,547-17
北投區,立農,三,614,北投區,唭哩岸,,547-21
北投區,立農,三,615,北投區,唭哩岸,,873
北投區,立農,三,616,北投區,唭哩岸,,546-4
北投區,立農,三,617,北投區,唭哩岸,,546-15
北投區,立農,三,618,北投區,唭哩岸,,546-16
北投區,立農,三,619,北投區,唭哩岸,,546-17
北投區,立農,三,62,北投區,唭哩岸,,502-24
北投區,立農,三,62-1,北投區,唭哩岸,,821
北投區,立農,三,620,北投區,唭哩岸,,547-22
北投區,立農,三,621,北投區,唭哩岸,,547-28
北投區,立農,三,622,北投區,唭哩岸,,547-23
北投區,立農,三,623,北投區,唭哩岸,,547-24
北投區,立農,三,624,北投區,唭哩岸,,547-25
北投區,立農,三,625,北投區,唭哩岸,,547-29
北投區,立農,三,626,北投區,唭哩岸,,547-26
北投區,立農,三,627,北投區,唭哩岸,,547-27
北投區,立農,三,628,北投區,唭哩岸,,547-7
北投區,立農,三,629,北投區,唭哩岸,,547-8
北投區,立農,三,63,北投區,唭哩岸,,502-23
北投區,立農,三,630,北投區,唭哩岸,,550-70
北投區,立農,三,631,北投區,唭哩岸,,550-71
北投區,立農,三,632,北投區,唭哩岸,,550-15
北投區,立農,三,633,北投區,唭哩岸,,550-16
北投區,立農,三,635,北投區,唭哩岸,,550-17
北投區,立農,三,637,北投區,唭哩岸,,556
北投區,立農,三,638,北投區,唭哩岸,,546-3
北投區,立農,三,639,北投區,唭哩岸,,546-5
北投區,立農,三,64,北投區,唭哩岸,,502-22
北投區,立農,三,640,北投區,唭哩岸,,546-24
北投區,立農,三,641,北投區,唭哩岸,,546-25
北投區,立農,三,642,北投區,唭哩岸,,546-23
北投區,立農,三,643,北投區,唭哩岸,,546-22
北投區,立農,三,644,北投區,唭哩岸,,546-26
北投區,立農,三,645,北投區,唭哩岸,,546-27
北投區,立農,三,646,北投區,唭哩岸,,546-21
北投區,立農,三,647,北投區,唭哩岸,,546-20
北投區,立農,三,648,北投區,唭哩岸,,546-28
北投區,立農,三,649,北投區,唭哩岸,,546-29
北投區,立農,三,65,北投區,唭哩岸,,502-21
北投區,立農,三,650,北投區,唭哩岸,,546-19
北投區,立農,三,651,北投區,唭哩岸,,556-1
北投區,立農,三,652,北投區,唭哩岸,,556-17
北投區,立農,三,653,北投區,唭哩岸,,556-16
北投區,立農,三,654,北投區,唭哩岸,,556-7
北投區,立農,三,655,北投區,唭哩岸,,556-8
北投區,立農,三,656,北投區,唭哩岸,,556-15
北投區,立農,三,657,北投區,唭哩岸,,556-14
北投區,立農,三,658,北投區,唭哩岸,,556-9
北投區,立農,三,659,北投區,唭哩岸,,556-10
北投區,立農,三,66,北投區,唭哩岸,,502-20
北投區,立農,三,660,北投區,唭哩岸,,556-13
北投區,立農,三,661,北投區,唭哩岸,,556-12
北投區,立農,三,662,北投區,唭哩岸,,556-11
北投區,立農,三,67,北投區,唭哩岸,,502-33
北投區,立農,三,68,北投區,唭哩岸,,502-32
北投區,立農,三,69,北投區,唭哩岸,,502-31
北投區,立農,三,7,北投區,唭哩岸,,521-27
北投區,立農,三,70,北投區,唭哩岸,,502-30
北投區,立農,三,71,北投區,唭哩岸,,502-29
北投區,立農,三,72,北投區,唭哩岸,,502-28
北投區,立農,三,73,北投區,唭哩岸,,502-27
北投區,立農,三,73-1,北投區,唭哩岸,,823
北投區,立農,三,74,北投區,唭哩岸,,502-26
北投區,立農,三,75,北投區,唭哩岸,,502-7
北投區,立農,三,76,北投區,唭哩岸,,502-42
北投區,立農,三,77,北投區,唭哩岸,,502-41
北投區,立農,三,78,北投區,唭哩岸,,502-40
北投區,立農,三,79,北投區,唭哩岸,,502-39
北投區,立農,三,8,北投區,唭哩岸,,521-28
北投區,立農,三,80,北投區,唭哩岸,,502-38
北投區,立農,三,81,北投區,唭哩岸,,502-37
北投區,立農,三,82,北投區,唭哩岸,,502-36
北投區,立農,三,83,北投區,唭哩岸,,502-35
北投區,立農,三,84,北投區,唭哩岸,,502-34
北投區,立農,三,85,北投區,唭哩岸,,502-51
北投區,立農,三,86,北投區,唭哩岸,,502-50
北投區,立農,三,87,北投區,唭哩岸,,502-49
北投區,立農,三,88,北投區,唭哩岸,,502-48
北投區,立農,三,89,北投區,唭哩岸,,502-47
北投區,立農,三,9,北投區,唭哩岸,,521-29
北投區,立農,三,90,北投區,唭哩岸,,502-46
北投區,立農,三,91,北投區,唭哩岸,,502-45
北投區,立農,三,92,北投區,唭哩岸,,502-44
北投區,立農,三,93,北投區,唭哩岸,,502-43
北投區,立農,三,94,北投區,唭哩岸,,502-101
北投區,立農,三,94-1,北投區,唭哩岸,,828
北投區,立農,三,95,北投區,唭哩岸,,521-21
北投區,立農,三,96,北投區,唭哩岸,,502-5
北投區,立農,三,97,北投區,唭哩岸,,520-62
北投區,立農,三,98,北投區,唭哩岸,,502-13
北投區,立農,三,99,北投區,唭哩岸,,502-12
北投區,立農,二,1,北投區,唭哩岸,,453-8
北投區,立農,二,10,北投區,唭哩岸,,517-26
北投區,立農,二,100,北投區,唭哩岸,,520-77
北投區,立農,二,101,北投區,唭哩岸,,520-61
北投區,立農,二,102,北投區,唭哩岸,,520-29
北投區,立農,二,103,北投區,唭哩岸,,520-28
北投區,立農,二,104,北投區,唭哩岸,,520-27
北投區,立農,二,108,北投區,唭哩岸,,520-3
北投區,立農,二,109,北投區,唭哩岸,,520-116
北投區,立農,二,11,北投區,唭哩岸,,517-27
北投區,立農,二,110,北投區,唭哩岸,,520-2
北投區,立農,二,112,北投區,唭哩岸,,522-2
北投區,立農,二,113,北投區,唭哩岸,,521-10
北投區,立農,二,116,北投區,唭哩岸,,521-1
北投區,立農,二,117,北投區,唭哩岸,,520-10
北投區,立農,二,118,北投區,唭哩岸,,520-121
北投區,立農,二,119,北投區,唭哩岸,,520-121
北投區,立農,二,12,北投區,唭哩岸,,517-28
北投區,立農,二,120,北投區,唭哩岸,,520-119
北投區,立農,二,121,北投區,唭哩岸,,520-119
北投區,立農,二,122,北投區,唭哩岸,,520-9
北投區,立農,二,123,北投區,唭哩岸,,520-6
北投區,立農,二,124,北投區,唭哩岸,,520-117
北投區,立農,二,125,北投區,唭哩岸,,520-117
北投區,立農,二,126,北投區,唭哩岸,,520-7
北投區,立農,二,127,北投區,唭哩岸,,507-25
北投區,立農,二,128,北投區,唭哩岸,,520-1
北投區,立農,二,129,北投區,唭哩岸,,508
北投區,立農,二,13,北投區,唭哩岸,,517-29
北投區,立農,二,133,北投區,唭哩岸,,520-35
北投區,立農,二,136,北投區,唭哩岸,,518-55
北投區,立農,二,137,北投區,唭哩岸,,518-54
北投區,立農,二,138,北投區,唭哩岸,,520-30
北投區,立農,二,139,北投區,唭哩岸,,520-31
北投區,立農,二,14,北投區,唭哩岸,,517-30
北投區,立農,二,140,北投區,唭哩岸,,520-32
北投區,立農,二,141,北投區,唭哩岸,,520-33
北投區,立農,二,145,北投區,唭哩岸,,520-14
北投區,立農,二,146,北投區,唭哩岸,,520-15
北投區,立農,二,147,北投區,唭哩岸,,520-8
北投區,立農,二,15,北投區,唭哩岸,,517-31
北投區,立農,二,151,北投區,唭哩岸,,509-1
北投區,立農,二,154,北投區,唭哩岸,,509-4
北投區,立農,二,155,北投區,唭哩岸,,516-2
北投區,立農,二,156,北投區,唭哩岸,,510
北投區,立農,二,157,北投區,唭哩岸,,511
北投區,立農,二,158,北投區,唭哩岸,,511-1
北投區,立農,二,159,北投區,唭哩岸,,513-9
北投區,立農,二,16,北投區,唭哩岸,,517-32
北投區,立農,二,160,北投區,唭哩岸,,512-3
北投區,立農,二,161,北投區,唭哩岸,,512-2
北投區,立農,二,163,北投區,唭哩岸,,518-7
北投區,立農,二,164,北投區,唭哩岸,,518-6
北投區,立農,二,165,北投區,唭哩岸,,518-43
北投區,立農,二,166,北投區,唭哩岸,,518-42
北投區,立農,二,167,北投區,唭哩岸,,518-41
北投區,立農,二,168,北投區,唭哩岸,,518-40
北投區,立農,二,169,北投區,唭哩岸,,518-39
北投區,立農,二,17,北投區,唭哩岸,,517-33
北投區,立農,二,170,北投區,唭哩岸,,518-38
北投區,立農,二,171,北投區,唭哩岸,,518-37
北投區,立農,二,172,北投區,唭哩岸,,518-36
北投區,立農,二,173,北投區,唭哩岸,,518-35
北投區,立農,二,174,北投區,唭哩岸,,518-34
北投區,立農,二,175,北投區,唭哩岸,,518-33
北投區,立農,二,176,北投區,唭哩岸,,518-53
北投區,立農,二,177,北投區,唭哩岸,,518-52
北投區,立農,二,178,北投區,唭哩岸,,518-32
北投區,立農,二,179,北投區,唭哩岸,,518-31
北投區,立農,二,18,北投區,唭哩岸,,517-34
北投區,立農,二,180,北投區,唭哩岸,,518-30
北投區,立農,二,181,北投區,唭哩岸,,518-29
北投區,立農,二,182,北投區,唭哩岸,,518-28
北投區,立農,二,183,北投區,唭哩岸,,518-27
北投區,立農,二,184,北投區,唭哩岸,,518-26
北投區,立農,二,185,北投區,唭哩岸,,518-45
北投區,立農,二,186,北投區,唭哩岸,,518-44
北投區,立農,二,187,北投區,唭哩岸,,518-47
北投區,立農,二,188,北投區,唭哩岸,,518-51
北投區,立農,二,189,北投區,唭哩岸,,516-5
北投區,立農,二,19,北投區,唭哩岸,,517-35
北投區,立農,二,190,北投區,唭哩岸,,518-2
北投區,立農,二,191,北投區,唭哩岸,,515-11
北投區,立農,二,192,北投區,唭哩岸,,518-46
北投區,立農,二,193,北投區,唭哩岸,,518-5
北投區,立農,二,194,北投區,唭哩岸,,518-4
北投區,立農,二,195,北投區,唭哩岸,,516-4
北投區,立農,二,196,北投區,唭哩岸,,515-10
北投區,立農,二,197,北投區,唭哩岸,,515-9
北投區,立農,二,198,北投區,唭哩岸,,515-7
北投區,立農,二,199,北投區,唭哩岸,,515-8
北投區,立農,二,2,北投區,唭哩岸,,520-41
北投區,立農,二,20,北投區,唭哩岸,,517-36
北投區,立農,二,200,北投區,唭哩岸,,515-6
北投區,立農,二,201,北投區,唭哩岸,,515-3
北投區,立農,二,202,北投區,唭哩岸,,515-1
北投區,立農,二,203,北投區,唭哩岸,,516-1
北投區,立農,二,204,北投區,唭哩岸,,516
北投區,立農,二,205,北投區,唭哩岸,,515
北投區,立農,二,206,北投區,唭哩岸,,514
北投區,立農,二,207,北投區,唭哩岸,,514-1
北投區,立農,二,208,北投區,唭哩岸,,816
北投區,立農,二,209,北投區,唭哩岸,,514-3
北投區,立農,二,21,北投區,唭哩岸,,517-37
北投區,立農,二,210,北投區,唭哩岸,,514-2
北投區,立農,二,211,北投區,唭哩岸,,515-4
北投區,立農,二,212,北投區,唭哩岸,,515-5
北投區,立農,二,213,北投區,唭哩岸,,515-4
北投區,立農,二,214,北投區,唭哩岸,,818
北投區,立農,二,214-1,北投區,唭哩岸,,818
北投區,立農,二,217,北投區,唭哩岸,,513
北投區,立農,二,219,北投區,唭哩岸,,513-6
北投區,立農,二,22,北投區,唭哩岸,,519-6
北投區,立農,二,220,北投區,唭哩岸,,513-1
北投區,立農,二,221,北投區,唭哩岸,,512
北投區,立農,二,223,北投區,唭哩岸,,516-6
北投區,立農,二,225,北投區,唭哩岸,,512-1
北投區,立農,二,226,北投區,唭哩岸,,453-9
北投區,立農,二,227,北投區,唭哩岸,,453
北投區,立農,二,228,北投區,唭哩岸,,453-4
北投區,立農,二,23,北投區,唭哩岸,,519-7
北投區,立農,二,231,北投區,唭哩岸,,455
北投區,立農,二,232,北投區,唭哩岸,,455-1
北投區,立農,二,233,北投區,唭哩岸,,455-2
北投區,立農,二,235,北投區,唭哩岸,,456
北投區,立農,二,236,北投區,唭哩岸,,457-1
北投區,立農,二,237,北投區,唭哩岸,,457
北投區,立農,二,238,北投區,唭哩岸,,817
北投區,立農,二,24,北投區,唭哩岸,,519-8
北投區,立農,二,240,北投區,唭哩岸,,511-1
北投區,立農,二,242,北投區,唭哩岸,,459-6
北投區,立農,二,243,北投區,唭哩岸,,459-7
北投區,立農,二,244,北投區,唭哩岸,,459-8
北投區,立農,二,245,北投區,唭哩岸,,459-9
北投區,立農,二,246,北投區,唭哩岸,,459-10
北投區,立農,二,247,北投區,唭哩岸,,459-11
北投區,立農,二,248,北投區,唭哩岸,,460
北投區,立農,二,249,北投區,唭哩岸,,460-23
北投區,立農,二,25,北投區,唭哩岸,,517-14
北投區,立農,二,250,北投區,唭哩岸,,462
北投區,立農,二,251,北投區,唭哩岸,,458
北投區,立農,二,253,北投區,唭哩岸,,453-5
北投區,立農,二,254,北投區,唭哩岸,,453-7
北投區,立農,二,255,北投區,唭哩岸,,453-6
北投區,立農,二,256,北投區,唭哩岸,,453-3
北投區,立農,二,258-1,北投區,唭哩岸,,458-1
北投區,立農,二,26,北投區,唭哩岸,,517-13
北投區,立農,二,262,北投區,唭哩岸,,511-1
北投區,立農,二,263,北投區,唭哩岸,,463
北投區,立農,二,264,北投區,唭哩岸,,463-1
北投區,立農,二,266,北投區,唭哩岸,,463-12
北投區,立農,二,267,北投區,唭哩岸,,466-3
北投區,立農,二,268,北投區,唭哩岸,,463-14
北投區,立農,二,269,北投區,唭哩岸,,463-23
北投區,立農,二,27,北投區,唭哩岸,,517-12
北投區,立農,二,270,北投區,唭哩岸,,463-21
北投區,立農,二,271,北投區,唭哩岸,,463-20
北投區,立農,二,272,北投區,唭哩岸,,463-22
北投區,立農,二,273,北投區,唭哩岸,,463-5
北投區,立農,二,274,北投區,唭哩岸,,460-32
北投區,立農,二,275,北投區,唭哩岸,,460-29
北投區,立農,二,277,北投區,唭哩岸,,460-28
北投區,立農,二,278,北投區,唭哩岸,,460-24
北投區,立農,二,279,北投區,唭哩岸,,460-22
北投區,立農,二,28,北投區,唭哩岸,,517-11
北投區,立農,二,280,北投區,唭哩岸,,460-11
北投區,立農,二,281,北投區,唭哩岸,,460-25
北投區,立農,二,282,北投區,唭哩岸,,460-42
北投區,立農,二,283,北投區,唭哩岸,,460-40
北投區,立農,二,284,北投區,唭哩岸,,460-37
北投區,立農,二,285,北投區,唭哩岸,,460-35
北投區,立農,二,286,北投區,唭哩岸,,460-39
北投區,立農,二,287,北投區,唭哩岸,,460-13
北投區,立農,二,288,北投區,唭哩岸,,460-12
北投區,立農,二,289,北投區,唭哩岸,,460-7
北投區,立農,二,29,北投區,唭哩岸,,517-10
北投區,立農,二,290,北投區,唭哩岸,,459-5
北投區,立農,二,291,北投區,唭哩岸,,460-2
北投區,立農,二,292,北投區,唭哩岸,,459-1
北投區,立農,二,293,北投區,唭哩岸,,459-2
北投區,立農,二,294,北投區,唭哩岸,,459-26
北投區,立農,二,295,北投區,唭哩岸,,459-30
北投區,立農,二,296,北投區,唭哩岸,,459-27
北投區,立農,二,297,北投區,唭哩岸,,459-28
北投區,立農,二,298,北投區,唭哩岸,,459-29
北投區,立農,二,299,北投區,唭哩岸,,459-32
北投區,立農,二,3,北投區,唭哩岸,,520-40
北投區,立農,二,30,北投區,唭哩岸,,517-9
北投區,立農,二,300,北投區,唭哩岸,,459-34
北投區,立農,二,301,北投區,唭哩岸,,459-24
北投區,立農,二,302,北投區,唭哩岸,,459-35
北投區,立農,二,303,北投區,唭哩岸,,459-33
北投區,立農,二,304,北投區,唭哩岸,,459-40
北投區,立農,二,305,北投區,唭哩岸,,460-17
北投區,立農,二,306,北投區,唭哩岸,,460-16
北投區,立農,二,307,北投區,唭哩岸,,460-33
北投區,立農,二,308,北投區,唭哩岸,,460-19
北投區,立農,二,309,北投區,唭哩岸,,460-4
北投區,立農,二,31,北投區,唭哩岸,,517-8
北投區,立農,二,310,北投區,唭哩岸,,459-3
北投區,立農,二,310-1,北投區,唭哩岸,,511-7
北投區,立農,二,311,北投區,唭哩岸,,459-12
北投區,立農,二,311-1,北投區,唭哩岸,,459-17
北投區,立農,二,312,北投區,唭哩岸,,459-13
北投區,立農,二,313,北投區,唭哩岸,,459-14
北投區,立農,二,314,北投區,唭哩岸,,511-9
北投區,立農,二,315,北投區,唭哩岸,,457-2
北投區,立農,二,317,北投區,唭哩岸,,513-3
北投區,立農,二,318,北投區,唭哩岸,,513-7
北投區,立農,二,319,北投區,唭哩岸,,513-8
北投區,立農,二,32,北投區,唭哩岸,,517-7
北投區,立農,二,320,北投區,唭哩岸,,513-5
北投區,立農,二,321,北投區,唭哩岸,,511-8
北投區,立農,二,322,北投區,唭哩岸,,459-16
北投區,立農,二,323,北投區,唭哩岸,,459-15
北投區,立農,二,324,北投區,唭哩岸,,459-18
北投區,立農,二,325,北投區,唭哩岸,,459-19
北投區,立農,二,326,北投區,唭哩岸,,459-20
北投區,立農,二,327,北投區,唭哩岸,,459-23
北投區,立農,二,328,北投區,唭哩岸,,459-22
北投區,立農,二,329,北投區,唭哩岸,,459-21
北投區,立農,二,33,北投區,唭哩岸,,517-6
北投區,立農,二,331,北投區,唭哩岸,,459-38
北投區,立農,二,332,北投區,唭哩岸,,459-37
北投區,立農,二,333,北投區,唭哩岸,,459-36
北投區,立農,二,334,北投區,唭哩岸,,459-4
北投區,立農,二,335,北投區,唭哩岸,,460-5
北投區,立農,二,336,北投區,唭哩岸,,460-9
北投區,立農,二,337,北投區,唭哩岸,,463-6
北投區,立農,二,338,北投區,唭哩岸,,463-24
北投區,立農,二,339,北投區,唭哩岸,,463-25
北投區,立農,二,34,北投區,唭哩岸,,517-5
北投區,立農,二,340,北投區,唭哩岸,,463-15
北投區,立農,二,341,北投區,唭哩岸,,466-13
北投區,立農,二,343,北投區,唭哩岸,,501-1
北投區,立農,二,344,北投區,唭哩岸,,501-3
北投區,立農,二,345,北投區,唭哩岸,,501-2
北投區,立農,二,348,北投區,唭哩岸,,840
北投區,立農,二,349,北投區,唭哩岸,,500
北投區,立農,二,35,北投區,唭哩岸,,517-4
北投區,立農,二,353,北投區,唭哩岸,,502-71
北投區,立農,二,354,北投區,唭哩岸,,502-70
北投區,立農,二,355,北投區,唭哩岸,,502-74
北投區,立農,二,356,北投區,唭哩岸,,502-69
北投區,立農,二,357,北投區,唭哩岸,,502-68
北投區,立農,二,358,北投區,唭哩岸,,502-72
北投區,立農,二,36,北投區,唭哩岸,,517-3
北投區,立農,二,360,北投區,唭哩岸,,502-77
北投區,立農,二,361,北投區,唭哩岸,,502-78
北投區,立農,二,362,北投區,唭哩岸,,502-73
北投區,立農,二,363,北投區,唭哩岸,,502-75
北投區,立農,二,364,北投區,唭哩岸,,502-79
北投區,立農,二,365,北投區,唭哩岸,,502-80
北投區,立農,二,366,北投區,唭哩岸,,502-76
北投區,立農,二,369,北投區,唭哩岸,,502-84
北投區,立農,二,37,北投區,唭哩岸,,517-2
北投區,立農,二,370,北投區,唭哩岸,,502-85
北投區,立農,二,371,北投區,唭哩岸,,502-91
北投區,立農,二,372,北投區,唭哩岸,,502-92
北投區,立農,二,373,北投區,唭哩岸,,502-86
北投區,立農,二,374,北投區,唭哩岸,,502-93
北投區,立農,二,375,北投區,唭哩岸,,502-94
北投區,立農,二,376,北投區,唭哩岸,,502-87
北投區,立農,二,377,北投區,唭哩岸,,502-88
北投區,立農,二,378,北投區,唭哩岸,,502-95
北投區,立農,二,379,北投區,唭哩岸,,502-96
北投區,立農,二,38,北投區,唭哩岸,,518-12
北投區,立農,二,380,北投區,唭哩岸,,502-89
北投區,立農,二,381,北投區,唭哩岸,,502-90
北投區,立農,二,382,北投區,唭哩岸,,502-97
北投區,立農,二,383,北投區,唭哩岸,,502-98
北投區,立農,二,384,北投區,唭哩岸,,502-99
北投區,立農,二,39,北投區,唭哩岸,,518-11
北投區,立農,二,4,北投區,唭哩岸,,520-39
北投區,立農,二,40,北投區,唭哩岸,,518-10
北投區,立農,二,41,北投區,唭哩岸,,518-9
北投區,立農,二,42,北投區,唭哩岸,,516-3
北投區,立農,二,43,北投區,唭哩岸,,515-2
北投區,立農,二,44,北投區,唭哩岸,,518-1
北投區,立農,二,45,北投區,唭哩岸,,518-56
北投區,立農,二,46,北投區,唭哩岸,,518-57
北投區,立農,二,47,北投區,唭哩岸,,518-25
北投區,立農,二,48,北投區,唭哩岸,,518-25
北投區,立農,二,49,北投區,唭哩岸,,518-20
北投區,立農,二,5,北投區,唭哩岸,,517
北投區,立農,二,50,北投區,唭哩岸,,518-21
北投區,立農,二,51,北投區,唭哩岸,,518-24
北投區,立農,二,52,北投區,唭哩岸,,517-21
北投區,立農,二,53,北投區,唭哩岸,,517-22
北投區,立農,二,54,北投區,唭哩岸,,517-23
北投區,立農,二,55,北投區,唭哩岸,,517-24
北投區,立農,二,56,北投區,唭哩岸,,517-18
北投區,立農,二,57,北投區,唭哩岸,,517-19
北投區,立農,二,58,北投區,唭哩岸,,517-20
北投區,立農,二,59,北投區,唭哩岸,,517-17
北投區,立農,二,6,北投區,唭哩岸,,517-1
北投區,立農,二,60,北投區,唭哩岸,,517-16
北投區,立農,二,61,北投區,唭哩岸,,520-85
北投區,立農,二,62,北投區,唭哩岸,,520-86
北投區,立農,二,63,北投區,唭哩岸,,520-87
北投區,立農,二,64,北投區,唭哩岸,,520-88
北投區,立農,二,65,北投區,唭哩岸,,520-89
北投區,立農,二,66,北投區,唭哩岸,,517-15
北投區,立農,二,67,北投區,唭哩岸,,520-93
北投區,立農,二,68,北投區,唭哩岸,,520-90
北投區,立農,二,69,北投區,唭哩岸,,520-66
北投區,立農,二,7,北投區,唭哩岸,,518
北投區,立農,二,70,北投區,唭哩岸,,520-44
北投區,立農,二,71,北投區,唭哩岸,,520-68
北投區,立農,二,72,北投區,唭哩岸,,520-67
北投區,立農,二,72-1,北投區,唭哩岸,,520-92
北投區,立農,二,73,北投區,唭哩岸,,520-69
北投區,立農,二,74,北投區,唭哩岸,,520-113
北投區,立農,二,75,北投區,唭哩岸,,520-71
北投區,立農,二,76,北投區,唭哩岸,,520-70
北投區,立農,二,77,北投區,唭哩岸,,520-72
北投區,立農,二,8,北投區,唭哩岸,,518-48
北投區,立農,二,80,北投區,唭哩岸,,520-4
北投區,立農,二,83,北投區,唭哩岸,,520-23
北投區,立農,二,84,北投區,唭哩岸,,520-22
北投區,立農,二,85,北投區,唭哩岸,,520-21
北投區,立農,二,86,北投區,唭哩岸,,520-57
北投區,立農,二,87,北投區,唭哩岸,,520-55
北投區,立農,二,88,北投區,唭哩岸,,520-56
北投區,立農,二,89,北投區,唭哩岸,,520-58
北投區,立農,二,9,北投區,唭哩岸,,518-49
北投區,立農,二,90,北投區,唭哩岸,,520-60
北投區,立農,二,91,北投區,唭哩岸,,520-76
北投區,立農,二,92,北投區,唭哩岸,,520-78
北投區,立農,二,93,北投區,唭哩岸,,520-80
北投區,立農,二,94,北投區,唭哩岸,,520-59
北投區,立農,二,95,北投區,唭哩岸,,520-59
北投區,立農,二,96,北投區,唭哩岸,,520-81
北投區,立農,二,97,北投區,唭哩岸,,520-26
北投區,立農,二,98,北投區,唭哩岸,,520-26
北投區,立農,二,99,北投區,唭哩岸,,520-79
北投區,立農,五,1,北投區,唭哩岸,,453-10
北投區,立農,五,10,北投區,唭哩岸,,451
北投區,立農,五,100,北投區,唭哩岸,,471
北投區,立農,五,101,北投區,唭哩岸,,469
北投區,立農,五,101-1,北投區,唭哩岸,,470
北投區,立農,五,102,北投區,唭哩岸,,443
北投區,立農,五,103,北投區,唭哩岸,,441
北投區,立農,五,104,北投區,唭哩岸,,472
北投區,立農,五,105,北投區,唭哩岸,,472-2
北投區,立農,五,106,北投區,唭哩岸,,472-1
北投區,立農,五,106-1,北投區,唭哩岸,,472-4
北投區,立農,五,107,北投區,唭哩岸,,473-1
北投區,立農,五,107-1,北投區,唭哩岸,,473-2
北投區,立農,五,108,北投區,唭哩岸,,473
北投區,立農,五,109,北投區,唭哩岸,,440-1
北投區,立農,五,11,北投區,唭哩岸,,451-1
北投區,立農,五,110,北投區,唭哩岸,,474
北投區,立農,五,111,北投區,唭哩岸,,474-1
北投區,立農,五,112,北投區,唭哩岸,,475-1
北投區,立農,五,114,北投區,唭哩岸,,480
北投區,立農,五,115,北投區,唭哩岸,,479
北投區,立農,五,116,北投區,唭哩岸,,481
北投區,立農,五,118,北投區,唭哩岸,,482
北投區,立農,五,120,北投區,唭哩岸,,478-5
北投區,立農,五,121,北投區,唭哩岸,,477-1
北投區,立農,五,122,北投區,唭哩岸,,477-5
北投區,立農,五,123,北投區,唭哩岸,,477-4
北投區,立農,五,124,北投區,唭哩岸,,477-3
北投區,立農,五,125,北投區,唭哩岸,,478
北投區,立農,五,126,北投區,唭哩岸,,477-8
北投區,立農,五,127,北投區,唭哩岸,,477-7
北投區,立農,五,128,北投區,唭哩岸,,477-6
北投區,立農,五,129,北投區,唭哩岸,,477
北投區,立農,五,13,北投區,唭哩岸,,450
北投區,立農,五,130,北投區,唭哩岸,,476-2
北投區,立農,五,131,北投區,唭哩岸,,476-5
北投區,立農,五,133,北投區,唭哩岸,,476-1
北投區,立農,五,134,北投區,唭哩岸,,475
北投區,立農,五,135,北投區,唭哩岸,,476
北投區,立農,五,136,北投區,唭哩岸,,476-4
北投區,立農,五,137,北投區,唭哩岸,,439-1
北投區,立農,五,138,北投區,唭哩岸,,439
北投區,立農,五,139,北投區,唭哩岸,,440
北投區,立農,五,14,北投區,唭哩岸,,450-1
北投區,立農,五,140,北投區,唭哩岸,,370-8
北投區,立農,五,141,北投區,唭哩岸,,369-18
北投區,立農,五,142,北投區,唭哩岸,,844
北投區,立農,五,143,北投區,唭哩岸,,370-1
北投區,立農,五,144,北投區,唭哩岸,,369-1
北投區,立農,五,145,北投區,唭哩岸,,369-11
北投區,立農,五,146,北投區,唭哩岸,,369
北投區,立農,五,147,北投區,唭哩岸,,369-12
北投區,立農,五,15,北投區,唭哩岸,,449-4
北投區,立農,五,150,北投區,唭哩岸,,369-10
北投區,立農,五,151,北投區,唭哩岸,,370
北投區,立農,五,151-2,北投區,唭哩岸,,370-4
北投區,立農,五,152,北投區,唭哩岸,,368-8
北投區,立農,五,153,北投區,唭哩岸,,368-7
北投區,立農,五,154,北投區,唭哩岸,,368-2
北投區,立農,五,155,北投區,唭哩岸,,368-1
北投區,立農,五,156,北投區,唭哩岸,,368-5
北投區,立農,五,157,北投區,唭哩岸,,368-6
北投區,立農,五,158,北投區,唭哩岸,,368
北投區,立農,五,159,北投區,唭哩岸,,368-3
北投區,立農,五,16,北投區,唭哩岸,,449-3
北投區,立農,五,161,北投區,唭哩岸,,368-9
北投區,立農,五,162,北投區,唭哩岸,,371-3
北投區,立農,五,163,北投區,唭哩岸,,371-4
北投區,立農,五,165,北投區,唭哩岸,,371-1
北投區,立農,五,168,北投區,唭哩岸,,374
北投區,立農,五,17,北投區,唭哩岸,,449
北投區,立農,五,171,北投區,唭哩岸,,375-3
北投區,立農,五,172,北投區,唭哩岸,,373-11
北投區,立農,五,173,北投區,唭哩岸,,373-10
北投區,立農,五,18,北投區,唭哩岸,,448-1
北投區,立農,五,187,北投區,唭哩岸,,373-16
北投區,立農,五,188,北投區,唭哩岸,,371
北投區,立農,五,189,北投區,唭哩岸,,373
北投區,立農,五,19,北投區,唭哩岸,,448-3
北投區,立農,五,190,北投區,唭哩岸,,373-1
北投區,立農,五,191,北投區,唭哩岸,,373-20
北投區,立農,五,192,北投區,唭哩岸,,373-24
北投區,立農,五,193,北投區,唭哩岸,,373-3
北投區,立農,五,194,北投區,唭哩岸,,373-4
北投區,立農,五,195,北投區,唭哩岸,,373-28
北投區,立農,五,197,北投區,唭哩岸,,373-31
北投區,立農,五,199,北投區,唭哩岸,,375
北投區,立農,五,2,北投區,唭哩岸,,452-1
北投區,立農,五,20,北投區,唭哩岸,,445
北投區,立農,五,200,北投區,唭哩岸,,318-11
北投區,立農,五,201,北投區,唭哩岸,,373-5
北投區,立農,五,202,北投區,唭哩岸,,368-10
北投區,立農,五,203,北投區,唭哩岸,,453-11
北投區,立農,五,205,北投區,唭哩岸,,367
北投區,立農,五,206,北投區,唭哩岸,,367-1
北投區,立農,五,207,北投區,唭哩岸,,367-2
北投區,立農,五,208,北投區,唭哩岸,,368-12
北投區,立農,五,209,北投區,唭哩岸,,376
北投區,立農,五,21,北投區,唭哩岸,,445-7
北投區,立農,五,210,北投區,唭哩岸,,376-2
北投區,立農,五,211,北投區,唭哩岸,,375-2
北投區,立農,五,213,北投區,唭哩岸,,374-2
北投區,立農,五,214,北投區,唭哩岸,,377
北投區,立農,五,214-1,北投區,唭哩岸,,377-1
北投區,立農,五,215,北投區,唭哩岸,,375-4
北投區,立農,五,216,北投區,唭哩岸,,378
北投區,立農,五,217,北投區,唭哩岸,,379
北投區,立農,五,218,北投區,唭哩岸,,379-1
北投區,立農,五,219-1,北投區,唭哩岸,,842
北投區,立農,五,22,北投區,唭哩岸,,445-7
北投區,立農,五,220,北投區,唭哩岸,,511-15
北投區,立農,五,222,北投區,唭哩岸,,438
北投區,立農,五,223,北投區,唭哩岸,,438-3
北投區,立農,五,224,北投區,唭哩岸,,438-23
北投區,立農,五,225,北投區,唭哩岸,,438-24
北投區,立農,五,226,北投區,唭哩岸,,438-14
北投區,立農,五,227,北投區,唭哩岸,,438-13
北投區,立農,五,228,北投區,唭哩岸,,438-12
北投區,立農,五,229,北投區,唭哩岸,,438-11
北投區,立農,五,23,北投區,唭哩岸,,445-10
北投區,立農,五,230,北投區,唭哩岸,,438-10
北投區,立農,五,234,北投區,唭哩岸,,438-22
北投區,立農,五,235,北投區,唭哩岸,,438-25
北投區,立農,五,236,北投區,唭哩岸,,438-2
北投區,立農,五,237,北投區,唭哩岸,,438-6
北投區,立農,五,238,北投區,唭哩岸,,438-15
北投區,立農,五,239,北投區,唭哩岸,,438-17
北投區,立農,五,24,北投區,唭哩岸,,445-3
北投區,立農,五,240,北投區,唭哩岸,,438-18
北投區,立農,五,241,北投區,唭哩岸,,438-16
北投區,立農,五,242,北投區,唭哩岸,,428-7
北投區,立農,五,243,北投區,唭哩岸,,428-2
北投區,立農,五,245,北投區,唭哩岸,,428-13
北投區,立農,五,246,北投區,唭哩岸,,428-11
北投區,立農,五,248,北投區,唭哩岸,,438-1
北投區,立農,五,249,北投區,唭哩岸,,511-17
北投區,立農,五,25,北投區,唭哩岸,,445-8
北投區,立農,五,250,北投區,唭哩岸,,437-4
北投區,立農,五,251,北投區,唭哩岸,,438-4
北投區,立農,五,252,北投區,唭哩岸,,511-16
北投區,立農,五,253,北投區,唭哩岸,,843
北投區,立農,五,254,北投區,唭哩岸,,437-3
北投區,立農,五,255,北投區,唭哩岸,,437
北投區,立農,五,256,北投區,唭哩岸,,437-2
北投區,立農,五,257,北投區,唭哩岸,,437-5
北投區,立農,五,258,北投區,唭哩岸,,437-6
北投區,立農,五,259,北投區,唭哩岸,,435-2
北投區,立農,五,26,北投區,唭哩岸,,446
北投區,立農,五,260,北投區,唭哩岸,,435-1
北投區,立農,五,261,北投區,唭哩岸,,435
北投區,立農,五,262,北投區,唭哩岸,,434
北投區,立農,五,263,北投區,唭哩岸,,434-1
北投區,立農,五,267,北投區,唭哩岸,,429
北投區,立農,五,268,北投區,唭哩岸,,433-7
北投區,立農,五,269,北投區,唭哩岸,,433-6
北投區,立農,五,27,北投區,唭哩岸,,445-1
北投區,立農,五,270,北投區,唭哩岸,,433-5
北投區,立農,五,271,北投區,唭哩岸,,433-1
北投區,立農,五,272,北投區,唭哩岸,,433-2
北投區,立農,五,273,北投區,唭哩岸,,433-3
北投區,立農,五,274,北投區,唭哩岸,,433-4
北投區,立農,五,275,北投區,唭哩岸,,433
北投區,立農,五,276,北投區,唭哩岸,,432
北投區,立農,五,277,北投區,唭哩岸,,429-3
北投區,立農,五,279,北投區,唭哩岸,,428-5
北投區,立農,五,28,北投區,唭哩岸,,448
北投區,立農,五,281,北投區,唭哩岸,,428-15
北投區,立農,五,282,北投區,唭哩岸,,428-12
北投區,立農,五,283,北投區,唭哩岸,,428-3
北投區,立農,五,284,北投區,唭哩岸,,428-10
北投區,立農,五,285,北投區,唭哩岸,,850
北投區,立農,五,286,北投區,唭哩岸,,428-4
北投區,立農,五,287,北投區,唭哩岸,,849
北投區,立農,五,288,北投區,唭哩岸,,427
北投區,立農,五,289,北投區,唭哩岸,,427-2
北投區,立農,五,29,北投區,唭哩岸,,447-3
北投區,立農,五,290,北投區,唭哩岸,,429-4
北投區,立農,五,291,北投區,唭哩岸,,429-2
北投區,立農,五,292,北投區,唭哩岸,,429-2
北投區,立農,五,293,北投區,唭哩岸,,429-2
北投區,立農,五,294,北投區,唭哩岸,,846
北投區,立農,五,295,北投區,唭哩岸,,847
北投區,立農,五,296,北投區,唭哩岸,,410
北投區,立農,五,298,北投區,唭哩岸,,426-8
北投區,立農,五,299,北投區,唭哩岸,,426-9
北投區,立農,五,3,北投區,唭哩岸,,452-8
北投區,立農,五,30,北投區,唭哩岸,,447-1
北投區,立農,五,301,北投區,唭哩岸,,426-6
北投區,立農,五,302,北投區,唭哩岸,,426-5
北投區,立農,五,303,北投區,唭哩岸,,426-4
北投區,立農,五,304,北投區,唭哩岸,,426-7
北投區,立農,五,305,北投區,唭哩岸,,426
北投區,立農,五,306,北投區,唭哩岸,,426-2
北投區,立農,五,307,北投區,唭哩岸,,423-2
北投區,立農,五,308,北投區,唭哩岸,,423-1
北投區,立農,五,309,北投區,唭哩岸,,422-1
北投區,立農,五,31,北投區,唭哩岸,,447-5
北投區,立農,五,310,北投區,唭哩岸,,424-1
北投區,立農,五,312,北投區,唭哩岸,,416-17
北投區,立農,五,313,北投區,唭哩岸,,416-16
北投區,立農,五,314,北投區,唭哩岸,,416-13
北投區,立農,五,315,北投區,唭哩岸,,416-12
北投區,立農,五,316,北投區,唭哩岸,,416-11
北投區,立農,五,317,北投區,唭哩岸,,416-10
北投區,立農,五,318,北投區,唭哩岸,,416
北投區,立農,五,319,北投區,唭哩岸,,416-20
北投區,立農,五,32,北投區,唭哩岸,,447
北投區,立農,五,320,北投區,唭哩岸,,416-21
北投區,立農,五,321,北投區,唭哩岸,,416-19
北投區,立農,五,322,北投區,唭哩岸,,416-8
北投區,立農,五,323,北投區,唭哩岸,,416-7
北投區,立農,五,324,北投區,唭哩岸,,416-6
北投區,立農,五,325,北投區,唭哩岸,,416-5
北投區,立農,五,326,北投區,唭哩岸,,416-4
北投區,立農,五,327,北投區,唭哩岸,,416-1
北投區,立農,五,328,北投區,唭哩岸,,511-3
北投區,立農,五,329,北投區,唭哩岸,,511-3
北投區,立農,五,33,北投區,唭哩岸,,447-2
北投區,立農,五,332,北投區,唭哩岸,,424
北投區,立農,五,335,北投區,唭哩岸,,429-7
北投區,立農,五,336,北投區,唭哩岸,,429-8
北投區,立農,五,337,北投區,唭哩岸,,429-6
北投區,立農,五,338,北投區,唭哩岸,,432-5
北投區,立農,五,339,北投區,唭哩岸,,432-4
北投區,立農,五,34,北投區,唭哩岸,,369-14
北投區,立農,五,340,北投區,唭哩岸,,432-3
北投區,立農,五,341,北投區,唭哩岸,,430-1
北投區,立農,五,342,北投區,唭哩岸,,430
北投區,立農,五,344,北投區,唭哩岸,,421-1
北投區,立農,五,344-1,北投區,唭哩岸,,421-1
北投區,立農,五,347,北投區,唭哩岸,,420
北投區,立農,五,348,北投區,唭哩岸,,419
北投區,立農,五,348-1,北投區,唭哩岸,,419
北投區,立農,五,35,北投區,唭哩岸,,369-2
北投區,立農,五,351,北投區,唭哩岸,,419-1
北投區,立農,五,352,北投區,唭哩岸,,418
北投區,立農,五,354,北投區,唭哩岸,,382
北投區,立農,五,355,北投區,唭哩岸,,376-6
北投區,立農,五,356,北投區,唭哩岸,,384-2
北投區,立農,五,357,北投區,唭哩岸,,383
北投區,立農,五,358,北投區,唭哩岸,,358
北投區,立農,五,359,北投區,唭哩岸,,386-2
北投區,立農,五,36,北投區,唭哩岸,,369-15
北投區,立農,五,360,北投區,唭哩岸,,386-3
北投區,立農,五,361,北投區,唭哩岸,,386-6
北投區,立農,五,362,北投區,唭哩岸,,386-7
北投區,立農,五,363,北投區,唭哩岸,,386-4
北投區,立農,五,364,北投區,唭哩岸,,386
北投區,立農,五,365,北投區,唭哩岸,,386-5
北投區,立農,五,366,北投區,唭哩岸,,387-7
北投區,立農,五,367,北投區,唭哩岸,,387-1
北投區,立農,五,368,北投區,唭哩岸,,387-3
北投區,立農,五,37,北投區,唭哩岸,,446-1
北投區,立農,五,370,北投區,唭哩岸,,387-6
北投區,立農,五,371,北投區,唭哩岸,,385-3
北投區,立農,五,375,北投區,唭哩岸,,375
北投區,立農,五,377,北投區,唭哩岸,,384-1
北投區,立農,五,378,北投區,唭哩岸,,384
北投區,立農,五,379,北投區,唭哩岸,,385
北投區,立農,五,38,北投區,唭哩岸,,446-5
北投區,立農,五,382,北投區,唭哩岸,,387-4
北投區,立農,五,383,北投區,唭哩岸,,368-14
北投區,立農,五,384,北投區,唭哩岸,,363-7
北投區,立農,五,385,北投區,唭哩岸,,363-16
北投區,立農,五,386,北投區,唭哩岸,,363-15
北投區,立農,五,386-1,北投區,唭哩岸,,363-15
北投區,立農,五,387,北投區,唭哩岸,,363-17
北投區,立農,五,387-1,北投區,唭哩岸,,363-17
北投區,立農,五,388,北投區,唭哩岸,,363-24
北投區,立農,五,389,北投區,唭哩岸,,363
北投區,立農,五,39,北投區,唭哩岸,,446-4
北投區,立農,五,390,北投區,唭哩岸,,363-18
北投區,立農,五,394,北投區,唭哩岸,,365-5
北投區,立農,五,395,北投區,唭哩岸,,368-13
北投區,立農,五,396,北投區,唭哩岸,,365-3
北投區,立農,五,397,北投區,唭哩岸,,365-4
北投區,立農,五,398,北投區,唭哩岸,,809
北投區,立農,五,399,北投區,唭哩岸,,366-2
北投區,立農,五,4,北投區,唭哩岸,,452-7
北投區,立農,五,40,北投區,唭哩岸,,446-3
北投區,立農,五,400,北投區,唭哩岸,,400
北投區,立農,五,401,北投區,唭哩岸,,366
北投區,立農,五,404,北投區,唭哩岸,,365
北投區,立農,五,405,北投區,唭哩岸,,365-1
北投區,立農,五,406,北投區,唭哩岸,,364
北投區,立農,五,407,北投區,唭哩岸,,364-1
北投區,立農,五,408,北投區,唭哩岸,,362-13
北投區,立農,五,409,北投區,唭哩岸,,362-3
北投區,立農,五,41,北投區,唭哩岸,,446-7
北投區,立農,五,410,北投區,唭哩岸,,363-22
北投區,立農,五,411,北投區,唭哩岸,,363-20
北投區,立農,五,415,北投區,唭哩岸,,363-3
北投區,立農,五,417,北投區,唭哩岸,,363-29
北投區,立農,五,418-1,北投區,唭哩岸,,363-1
北投區,立農,五,419,北投區,唭哩岸,,363-49
北投區,立農,五,42,北投區,唭哩岸,,446-6
北投區,立農,五,420,北投區,唭哩岸,,363-48
北投區,立農,五,421,北投區,唭哩岸,,363-41
北投區,立農,五,422,北投區,唭哩岸,,363-42
北投區,立農,五,423,北投區,唭哩岸,,363-43
北投區,立農,五,425,北投區,唭哩岸,,363-19
北投區,立農,五,426,北投區,唭哩岸,,368-15
北投區,立農,五,427,北投區,唭哩岸,,363-2
北投區,立農,五,428,北投區,唭哩岸,,363-13
北投區,立農,五,429,北投區,唭哩岸,,363-30
北投區,立農,五,43,北投區,唭哩岸,,369-16
北投區,立農,五,430,北投區,唭哩岸,,363-31
北投區,立農,五,431,北投區,唭哩岸,,363-35
北投區,立農,五,432,北投區,唭哩岸,,363-38
北投區,立農,五,433,北投區,唭哩岸,,363-36
北投區,立農,五,434,北投區,唭哩岸,,363-37
北投區,立農,五,435,北投區,唭哩岸,,390-1
北投區,立農,五,436,北投區,唭哩岸,,390-2
北投區,立農,五,437,北投區,唭哩岸,,390-11
北投區,立農,五,438,北投區,唭哩岸,,390-9
北投區,立農,五,439,北投區,唭哩岸,,390-15
北投區,立農,五,44,北投區,唭哩岸,,369-17
北投區,立農,五,441,北投區,唭哩岸,,389-1
北投區,立農,五,442,北投區,唭哩岸,,389-5
北投區,立農,五,443,北投區,唭哩岸,,389-2
北投區,立農,五,444,北投區,唭哩岸,,389
北投區,立農,五,445,北投區,唭哩岸,,388-1
北投區,立農,五,446,北投區,唭哩岸,,388-4
北投區,立農,五,447,北投區,唭哩岸,,368-15
北投區,立農,五,448,北投區,唭哩岸,,388-3
北投區,立農,五,45,北投區,唭哩岸,,446-9
北投區,立農,五,450,北投區,唭哩岸,,388-18
北投區,立農,五,451,北投區,唭哩岸,,388-8
北投區,立農,五,452,北投區,唭哩岸,,388-7
北投區,立農,五,453,北投區,唭哩岸,,388-6
北投區,立農,五,454,北投區,唭哩岸,,388-5
北投區,立農,五,455,北投區,唭哩岸,,388-9
北投區,立農,五,456,北投區,唭哩岸,,388-1
北投區,立農,五,457,北投區,唭哩岸,,388-11
北投區,立農,五,458,北投區,唭哩岸,,388-12
北投區,立農,五,459,北投區,唭哩岸,,388-19
北投區,立農,五,46,北投區,唭哩岸,,446-10
北投區,立農,五,461,北投區,唭哩岸,,388
北投區,立農,五,462,北投區,唭哩岸,,388-15
北投區,立農,五,463,北投區,唭哩岸,,388-14
北投區,立農,五,464,北投區,唭哩岸,,388-13
北投區,立農,五,465,北投區,唭哩岸,,389-7
北投區,立農,五,465-1,北投區,唭哩岸,,389-3
北投區,立農,五,466,北投區,唭哩岸,,389-6
北投區,立農,五,47,北投區,唭哩岸,,446-11
北投區,立農,五,474,北投區,唭哩岸,,390-12
北投區,立農,五,476,北投區,唭哩岸,,264-3
北投區,立農,五,478,北投區,唭哩岸,,265-3
北投區,立農,五,479,北投區,唭哩岸,,390-17
北投區,立農,五,48,北投區,唭哩岸,,446-12
北投區,立農,五,481,北投區,唭哩岸,,391
北投區,立農,五,482,北投區,唭哩岸,,391-2
北投區,立農,五,483,北投區,唭哩岸,,406-4
北投區,立農,五,484,北投區,唭哩岸,,389-4
北投區,立農,五,485,北投區,唭哩岸,,406-7
北投區,立農,五,486,北投區,唭哩岸,,388-2
北投區,立農,五,488,北投區,唭哩岸,,418-1
北投區,立農,五,489-1,北投區,唭哩岸,,858
北投區,立農,五,49,北投區,唭哩岸,,446-8
北投區,立農,五,490,北投區,唭哩岸,,401
北投區,立農,五,491,北投區,唭哩岸,,417
北投區,立農,五,492,北投區,唭哩岸,,415
北投區,立農,五,494,北投區,唭哩岸,,411
北投區,立農,五,495,北投區,唭哩岸,,412
北投區,立農,五,498,北投區,唭哩岸,,409-5
北投區,立農,五,499,北投區,唭哩岸,,409
北投區,立農,五,5,北投區,唭哩岸,,452-13
北投區,立農,五,50,北投區,唭哩岸,,446-13
北投區,立農,五,500,北投區,唭哩岸,,408-3
北投區,立農,五,501,北投區,唭哩岸,,408-9
北投區,立農,五,502,北投區,唭哩岸,,408-10
北投區,立農,五,503,北投區,唭哩岸,,408-11
北投區,立農,五,504,北投區,唭哩岸,,408-8
北投區,立農,五,51,北投區,唭哩岸,,446-2
北投區,立農,五,510,北投區,唭哩岸,,400
北投區,立農,五,511,北投區,唭哩岸,,400-5
北投區,立農,五,512,北投區,唭哩岸,,400-16
北投區,立農,五,513,北投區,唭哩岸,,400-13
北投區,立農,五,514,北投區,唭哩岸,,400-14
北投區,立農,五,515,北投區,唭哩岸,,400-17
北投區,立農,五,516,北投區,唭哩岸,,484-15
北投區,立農,五,517,北投區,唭哩岸,,400-3
北投區,立農,五,518,北投區,唭哩岸,,400-15
北投區,立農,五,519,北投區,唭哩岸,,400-9
北投區,立農,五,52,北投區,唭哩岸,,445-5
北投區,立農,五,520,北投區,唭哩岸,,484-17
北投區,立農,五,520-1,北投區,唭哩岸,,484-10
北投區,立農,五,521,北投區,北投,,287
北投區,立農,五,523,北投區,唭哩岸,,399-1
北投區,立農,五,528,北投區,唭哩岸,,401-1
北投區,立農,五,53,北投區,唭哩岸,,445-4
北投區,立農,五,533,北投區,唭哩岸,,395
北投區,立農,五,538,北投區,唭哩岸,,395-35
北投區,立農,五,539,北投區,唭哩岸,,395-34
北投區,立農,五,54,北投區,唭哩岸,,445-2
北投區,立農,五,540,北投區,唭哩岸,,395-26
北投區,立農,五,541,北投區,唭哩岸,,395-8
北投區,立農,五,542,北投區,唭哩岸,,395-31
北投區,立農,五,543,北投區,唭哩岸,,395-30
北投區,立農,五,544,北投區,唭哩岸,,395-24
北投區,立農,五,545,北投區,唭哩岸,,395-23
北投區,立農,五,546,北投區,唭哩岸,,395-29
北投區,立農,五,547,北投區,唭哩岸,,395-28
北投區,立農,五,548,北投區,唭哩岸,,395-22
北投區,立農,五,549,北投區,唭哩岸,,395-21
北投區,立農,五,55,北投區,唭哩岸,,450-3
北投區,立農,五,550,北投區,唭哩岸,,395-27
北投區,立農,五,555,北投區,唭哩岸,,395-13
北投區,立農,五,556,北投區,唭哩岸,,395-4
北投區,立農,五,558,北投區,唭哩岸,,393-9
北投區,立農,五,56,北投區,唭哩岸,,450-2
北投區,立農,五,560,北投區,唭哩岸,,392-19
北投區,立農,五,561,北投區,唭哩岸,,392-9
北投區,立農,五,563,北投區,唭哩岸,,392-18
北投區,立農,五,564,北投區,唭哩岸,,393-14
北投區,立農,五,565,北投區,唭哩岸,,393-13
北投區,立農,五,566,北投區,唭哩岸,,392-17
北投區,立農,五,567,北投區,唭哩岸,,392-16
北投區,立農,五,568,北投區,唭哩岸,,392-14
北投區,立農,五,569,北投區,唭哩岸,,392-13
北投區,立農,五,569-1,北投區,唭哩岸,,392-15
北投區,立農,五,57,北投區,唭哩岸,,451-3
北投區,立農,五,570,北投區,唭哩岸,,393-10
北投區,立農,五,571,北投區,唭哩岸,,392-4
北投區,立農,五,572,北投區,唭哩岸,,392-3
北投區,立農,五,575-1,北投區,唭哩岸,,392-7
北投區,立農,五,577,北投區,北投,,265-2
北投區,立農,五,577-1,北投區,北投,,265-2
北投區,立農,五,579,北投區,北投,,264-2
北投區,立農,五,581,北投區,唭哩岸,,368-16
北投區,立農,五,582,北投區,唭哩岸,,362-8
北投區,立農,五,583,北投區,唭哩岸,,362-10
北投區,立農,五,584,北投區,唭哩岸,,362-11
北投區,立農,五,585,北投區,唭哩岸,,362-12
北投區,立農,五,586,北投區,唭哩岸,,362-2
北投區,立農,五,587,北投區,唭哩岸,,453-12
北投區,立農,五,588,北投區,唭哩岸,,362
北投區,立農,五,589,北投區,唭哩岸,,362-5
北投區,立農,五,59,北投區,唭哩岸,,462-6
北投區,立農,五,595,北投區,北投,,262-6
北投區,立農,五,6,北投區,唭哩岸,,452-9
北投區,立農,五,60,北投區,唭哩岸,,462-7
北投區,立農,五,608,北投區,北投,,261
北投區,立農,五,609,北投區,北投,,259
北投區,立農,五,61,北投區,唭哩岸,,462-5
北投區,立農,五,611,北投區,北投,,664-8
北投區,立農,五,612,北投區,北投,,277
北投區,立農,五,613,北投區,北投,,258-2
北投區,立農,五,614,北投區,北投,,258-3
北投區,立農,五,62,北投區,唭哩岸,,511-13
北投區,立農,五,620,北投區,北投,,268-2
北投區,立農,五,626,北投區,北投,,277-6
北投區,立農,五,63,北投區,唭哩岸,,463-26
北投區,立農,五,631,北投區,北投,,280
北投區,立農,五,635,北投區,唭哩岸,,392-11
北投區,立農,五,635-1,北投區,唭哩岸,,392-11
北投區,立農,五,637,北投區,唭哩岸,,393
北投區,立農,五,638,北投區,唭哩岸,,393-3
北投區,立農,五,639,北投區,唭哩岸,,393-4
北投區,立農,五,64,北投區,唭哩岸,,463-28
北投區,立農,五,640,北投區,唭哩岸,,393-6
北投區,立農,五,642-1,北投區,唭哩岸,,394-2
北投區,立農,五,644,北投區,唭哩岸,,395-15
北投區,立農,五,645,北投區,唭哩岸,,395-14
北投區,立農,五,646,北投區,唭哩岸,,395-10
北投區,立農,五,647,北投區,唭哩岸,,395-5
北投區,立農,五,648,北投區,唭哩岸,,395-11
北投區,立農,五,65,北投區,唭哩岸,,463-27
北投區,立農,五,650,北投區,北投,,286-4
北投區,立農,五,651,北投區,北投,,286-5
北投區,立農,五,653,北投區,北投,,282-1
北投區,立農,五,654,北投區,北投,,286-8
北投區,立農,五,655,北投區,北投,,282-2
北投區,立農,五,656,北投區,北投,,286-2
北投區,立農,五,657,北投區,北投,,286-3
北投區,立農,五,659,北投區,北投,,286
北投區,立農,五,66,北投區,唭哩岸,,466-8
北投區,立農,五,663,北投區,北投,,285-1
北投區,立農,五,67,北投區,唭哩岸,,466-12
北投區,立農,五,69,北投區,唭哩岸,,501-5
北投區,立農,五,7,北投區,唭哩岸,,452-6
北投區,立農,五,70,北投區,唭哩岸,,500-4
北投區,立農,五,70-1,北投區,唭哩岸,,500-6
北投區,立農,五,71,北投區,唭哩岸,,500-5
北投區,立農,五,74,北投區,唭哩岸,,501-6
北投區,立農,五,75,北投區,唭哩岸,,501-4
北投區,立農,五,78,北投區,唭哩岸,,466-2
北投區,立農,五,8,北投區,唭哩岸,,452-4
北投區,立農,五,80,北投區,唭哩岸,,511-14
北投區,立農,五,81,北投區,唭哩岸,,464
北投區,立農,五,82,北投區,唭哩岸,,464-2
北投區,立農,五,83,北投區,唭哩岸,,464-1
北投區,立農,五,84,北投區,唭哩岸,,465-1
北投區,立農,五,85,北投區,唭哩岸,,465
北投區,立農,五,86,北投區,唭哩岸,,444-1
北投區,立農,五,87,北投區,唭哩岸,,444-3
北投區,立農,五,88,北投區,唭哩岸,,444
北投區,立農,五,89,北投區,唭哩岸,,444-5
北投區,立農,五,9,北投區,唭哩岸,,452
北投區,立農,五,90,北投區,唭哩岸,,444-2
北投區,立農,五,91,北投區,唭哩岸,,443-1
北投區,立農,五,92,北投區,唭哩岸,,466
北投區,立農,五,93,北投區,唭哩岸,,466-1
北投區,立農,五,94,北投區,唭哩岸,,467
北投區,立農,五,95,北投區,唭哩岸,,468
北投區,立農,五,96,北投區,唭哩岸,,468-1
北投區,立農,五,97,北投區,唭哩岸,,471-1
北投區,立農,四,1,北投區,唭哩岸,,482-11
北投區,立農,四,10,北投區,唭哩岸,,482-3
北投區,立農,四,100,北投區,唭哩岸,,410-21
北投區,立農,四,102,北投區,唭哩岸,,400-18
北投區,立農,四,103,北投區,唭哩岸,,484-12
北投區,立農,四,105,北投區,唭哩岸,,484-29
北投區,立農,四,106,北投區,唭哩岸,,484-28
北投區,立農,四,112,北投區,唭哩岸,,484-39
北投區,立農,四,113,北投區,唭哩岸,,484-69
北投區,立農,四,114,北投區,唭哩岸,,576
北投區,立農,四,115,北投區,唭哩岸,,484-38
北投區,立農,四,116,北投區,唭哩岸,,484-36
北投區,立農,四,117,北投區,唭哩岸,,484-37
北投區,立農,四,118,北投區,唭哩岸,,484-34
北投區,立農,四,119,北投區,唭哩岸,,484-32
北投區,立農,四,120,北投區,唭哩岸,,484-13
北投區,立農,四,121,北投區,唭哩岸,,484-31
北投區,立農,四,122,北投區,唭哩岸,,484-5
北投區,立農,四,123,北投區,唭哩岸,,400-7
北投區,立農,四,124,北投區,唭哩岸,,410-4
北投區,立農,四,125,北投區,唭哩岸,,484-42
北投區,立農,四,126,北投區,唭哩岸,,484-43
北投區,立農,四,127,北投區,唭哩岸,,410-13
北投區,立農,四,128,北投區,唭哩岸,,410-14
北投區,立農,四,129,北投區,唭哩岸,,484-44
北投區,立農,四,130,北投區,唭哩岸,,484-45
北投區,立農,四,131,北投區,唭哩岸,,410-15
北投區,立農,四,132,北投區,唭哩岸,,400-8
北投區,立農,四,133,北投區,唭哩岸,,484-14
北投區,立農,四,133,北投區,唭哩岸,,484-63
北投區,立農,四,134,北投區,唭哩岸,,484-46
北投區,立農,四,135,北投區,唭哩岸,,484-65
北投區,立農,四,136,北投區,唭哩岸,,484-64
北投區,立農,四,137,北投區,唭哩岸,,484-67
北投區,立農,四,138,北投區,唭哩岸,,486-10
北投區,立農,四,139,北投區,唭哩岸,,484-40
北投區,立農,四,14,北投區,唭哩岸,,482-7
北投區,立農,四,140,北投區,唭哩岸,,486-5
北投區,立農,四,142,北投區,唭哩岸,,857
北投區,立農,四,144,北投區,唭哩岸,,484-9
北投區,立農,四,145,北投區,唭哩岸,,484-51
北投區,立農,四,146,北投區,唭哩岸,,484-50
北投區,立農,四,147,北投區,唭哩岸,,484-49
北投區,立農,四,148,北投區,唭哩岸,,484-48
北投區,立農,四,149,北投區,唭哩岸,,484-47
北投區,立農,四,150,北投區,唭哩岸,,484-8
北投區,立農,四,151,北投區,唭哩岸,,484-52
北投區,立農,四,152,北投區,唭哩岸,,484-53
北投區,立農,四,153,北投區,唭哩岸,,484-54
北投區,立農,四,154,北投區,唭哩岸,,484-55
北投區,立農,四,155,北投區,唭哩岸,,484-56
北投區,立農,四,156,北投區,唭哩岸,,484-57
北投區,立農,四,157,北投區,唭哩岸,,486
北投區,立農,四,158,北投區,唭哩岸,,486-9
北投區,立農,四,159,北投區,唭哩岸,,486-8
北投區,立農,四,160,北投區,唭哩岸,,856
北投區,立農,四,161,北投區,唭哩岸,,483-6
北投區,立農,四,162,北投區,唭哩岸,,488-2
北投區,立農,四,163,北投區,唭哩岸,,487-33
北投區,立農,四,164,北投區,唭哩岸,,487
北投區,立農,四,165,北投區,唭哩岸,,487-2
北投區,立農,四,166,北投區,唭哩岸,,487-3
北投區,立農,四,167,北投區,唭哩岸,,487-34
北投區,立農,四,168,北投區,唭哩岸,,487-35
北投區,立農,四,169,北投區,唭哩岸,,487-32
北投區,立農,四,17,北投區,唭哩岸,,410-6
北投區,立農,四,170,北投區,唭哩岸,,487-5
北投區,立農,四,171,北投區,唭哩岸,,487-15
北投區,立農,四,175,北投區,唭哩岸,,487-19
北投區,立農,四,176,北投區,唭哩岸,,487-14
北投區,立農,四,177,北投區,唭哩岸,,487-13
北投區,立農,四,178,北投區,唭哩岸,,487-20
北投區,立農,四,179,北投區,唭哩岸,,487-12
北投區,立農,四,18,北投區,唭哩岸,,410-12
北投區,立農,四,180,北投區,唭哩岸,,487-10
北投區,立農,四,181,北投區,唭哩岸,,489-24
北投區,立農,四,182,北投區,唭哩岸,,489-23
北投區,立農,四,183,北投區,唭哩岸,,489-17
北投區,立農,四,185,北投區,唭哩岸,,488-3
北投區,立農,四,186,北投區,唭哩岸,,488-4
北投區,立農,四,187,北投區,唭哩岸,,489-16
北投區,立農,四,188,北投區,唭哩岸,,489-22
北投區,立農,四,189,北投區,唭哩岸,,489-15
北投區,立農,四,19,北投區,唭哩岸,,410-11
北投區,立農,四,190,北投區,唭哩岸,,489-21
北投區,立農,四,191,北投區,唭哩岸,,489-20
北投區,立農,四,192,北投區,唭哩岸,,489-14
北投區,立農,四,193,北投區,唭哩岸,,489-13
北投區,立農,四,194,北投區,唭哩岸,,489-19
北投區,立農,四,195,北投區,唭哩岸,,489-4
北投區,立農,四,196,北投區,唭哩岸,,489-18
北投區,立農,四,197,北投區,唭哩岸,,488-5
北投區,立農,四,199,北投區,唭哩岸,,487
北投區,立農,四,2,北投區,唭哩岸,,482-26
北投區,立農,四,20,北投區,唭哩岸,,410-7
北投區,立農,四,200,北投區,唭哩岸,,571
北投區,立農,四,201,北投區,唭哩岸,,487-7
北投區,立農,四,202,北投區,唭哩岸,,487-4
北投區,立農,四,204,北投區,唭哩岸,,487-22
北投區,立農,四,205,北投區,唭哩岸,,487-31
北投區,立農,四,207,北投區,唭哩岸,,489-32
北投區,立農,四,208,北投區,唭哩岸,,489-41
北投區,立農,四,209,北投區,唭哩岸,,489-38
北投區,立農,四,21,北投區,唭哩岸,,410-8
北投區,立農,四,210,北投區,唭哩岸,,489-31
北投區,立農,四,211,北投區,唭哩岸,,489-30
北投區,立農,四,212,北投區,唭哩岸,,489-37
北投區,立農,四,213,北投區,唭哩岸,,489-36
北投區,立農,四,214,北投區,唭哩岸,,489-29
北投區,立農,四,215,北投區,唭哩岸,,489-28
北投區,立農,四,216,北投區,唭哩岸,,489-35
北投區,立農,四,217,北投區,唭哩岸,,489-34
北投區,立農,四,218,北投區,唭哩岸,,489-27
北投區,立農,四,219,北投區,唭哩岸,,489-26
北投區,立農,四,22,北投區,唭哩岸,,410-9
北投區,立農,四,220,北投區,唭哩岸,,489-42
北投區,立農,四,221,北投區,唭哩岸,,489-33
北投區,立農,四,222,北投區,唭哩岸,,489-25
北投區,立農,四,223,北投區,唭哩岸,,492-23
北投區,立農,四,224,北投區,唭哩岸,,492-12
北投區,立農,四,225,北投區,唭哩岸,,489-3
北投區,立農,四,226,北投區,唭哩岸,,493-63
北投區,立農,四,227,北投區,唭哩岸,,493-35
北投區,立農,四,228,北投區,唭哩岸,,493-34
北投區,立農,四,229,北投區,唭哩岸,,493-33
北投區,立農,四,23,北投區,唭哩岸,,410-10
北投區,立農,四,230,北投區,唭哩岸,,493-32
北投區,立農,四,231,北投區,唭哩岸,,493-31
北投區,立農,四,232,北投區,唭哩岸,,493-30
北投區,立農,四,233,北投區,唭哩岸,,493-29
北投區,立農,四,234,北投區,唭哩岸,,493-28
北投區,立農,四,235,北投區,唭哩岸,,493-27
北投區,立農,四,236,北投區,唭哩岸,,493-26
北投區,立農,四,237,北投區,唭哩岸,,493-25
北投區,立農,四,238,北投區,唭哩岸,,493-37
北投區,立農,四,239,北投區,唭哩岸,,493-38
北投區,立農,四,24,北投區,唭哩岸,,484
北投區,立農,四,240,北投區,唭哩岸,,493-39
北投區,立農,四,241,北投區,唭哩岸,,493-40
北投區,立農,四,242,北投區,唭哩岸,,493-41
北投區,立農,四,243,北投區,唭哩岸,,493-42
北投區,立農,四,244,北投區,唭哩岸,,493-43
北投區,立農,四,245,北投區,唭哩岸,,493-44
北投區,立農,四,246,北投區,唭哩岸,,493-45
北投區,立農,四,247,北投區,唭哩岸,,493-46
北投區,立農,四,248,北投區,唭哩岸,,493-66
北投區,立農,四,249,北投區,唭哩岸,,493-54
北投區,立農,四,25,北投區,唭哩岸,,483-34
北投區,立農,四,250,北投區,唭哩岸,,493-53
北投區,立農,四,251,北投區,唭哩岸,,493-52
北投區,立農,四,252,北投區,唭哩岸,,493-51
北投區,立農,四,253,北投區,唭哩岸,,493-50
北投區,立農,四,254,北投區,唭哩岸,,493-49
北投區,立農,四,255,北投區,唭哩岸,,493-48
北投區,立農,四,256,北投區,唭哩岸,,493-47
北投區,立農,四,257,北投區,唭哩岸,,493-5
北投區,立農,四,258,北投區,唭哩岸,,493-55
北投區,立農,四,259,北投區,唭哩岸,,493-56
北投區,立農,四,26,北投區,唭哩岸,,482-8
北投區,立農,四,260,北投區,唭哩岸,,493-57
北投區,立農,四,261,北投區,唭哩岸,,493-58
北投區,立農,四,262,北投區,唭哩岸,,493-59
北投區,立農,四,263,北投區,唭哩岸,,493-60
北投區,立農,四,264,北投區,唭哩岸,,493-61
北投區,立農,四,265,北投區,唭哩岸,,492-55
北投區,立農,四,266,北投區,唭哩岸,,492-2
北投區,立農,四,267,北投區,唭哩岸,,492-21
北投區,立農,四,268,北投區,唭哩岸,,492-20
北投區,立農,四,269,北投區,唭哩岸,,492-36
北投區,立農,四,27,北投區,唭哩岸,,483-33
北投區,立農,四,270,北投區,唭哩岸,,492-37
北投區,立農,四,271,北投區,唭哩岸,,492-38
北投區,立農,四,272,北投區,唭哩岸,,492-39
北投區,立農,四,273,北投區,唭哩岸,,492-84
北投區,立農,四,274,北投區,唭哩岸,,492-85
北投區,立農,四,275,北投區,唭哩岸,,492-86
北投區,立農,四,276,北投區,唭哩岸,,492-87
北投區,立農,四,277,北投區,唭哩岸,,492-88
北投區,立農,四,278,北投區,唭哩岸,,492-89
北投區,立農,四,279,北投區,唭哩岸,,492-41
北投區,立農,四,28,北投區,唭哩岸,,483-32
北投區,立農,四,280,北投區,唭哩岸,,492-42
北投區,立農,四,281,北投區,唭哩岸,,492-43
北投區,立農,四,282,北投區,唭哩岸,,492-44
北投區,立農,四,283,北投區,唭哩岸,,492-45
北投區,立農,四,284,北投區,唭哩岸,,492-46
北投區,立農,四,285,北投區,唭哩岸,,492-26
北投區,立農,四,286,北投區,唭哩岸,,492-90
北投區,立農,四,287,北投區,唭哩岸,,492-91
北投區,立農,四,288,北投區,唭哩岸,,492-92
北投區,立農,四,289,北投區,唭哩岸,,492-93
北投區,立農,四,29,北投區,唭哩岸,,483-31
北投區,立農,四,290,北投區,唭哩岸,,866
北投區,立農,四,292,北投區,唭哩岸,,550-10
北投區,立農,四,293,北投區,唭哩岸,,550
北投區,立農,四,294,北投區,唭哩岸,,550-25
北投區,立農,四,295,北投區,唭哩岸,,550-26
北投區,立農,四,296,北投區,唭哩岸,,550-27
北投區,立農,四,297,北投區,唭哩岸,,550-28
北投區,立農,四,298,北投區,唭哩岸,,550-29
北投區,立農,四,299,北投區,唭哩岸,,550-30
北投區,立農,四,3,北投區,唭哩岸,,482-27
北投區,立農,四,30,北投區,唭哩岸,,483-30
北投區,立農,四,300,北投區,唭哩岸,,550-31
北投區,立農,四,301,北投區,唭哩岸,,550-32
北投區,立農,四,302,北投區,唭哩岸,,550-7
北投區,立農,四,304,北投區,唭哩岸,,492-19
北投區,立農,四,305,北投區,唭哩岸,,489-7
北投區,立農,四,306,北投區,唭哩岸,,489-8
北投區,立農,四,307,北投區,唭哩岸,,489-52
北投區,立農,四,308,北投區,唭哩岸,,489-51
北投區,立農,四,309,北投區,唭哩岸,,489-50
北投區,立農,四,31,北投區,唭哩岸,,483-29
北投區,立農,四,310,北投區,唭哩岸,,489-43
北投區,立農,四,311,北投區,唭哩岸,,489-44
北投區,立農,四,312,北投區,唭哩岸,,489-49
北投區,立農,四,313,北投區,唭哩岸,,489-48
北投區,立農,四,314,北投區,唭哩岸,,489-45
北投區,立農,四,315,北投區,唭哩岸,,489-46
北投區,立農,四,316,北投區,唭哩岸,,489-47
北投區,立農,四,317,北投區,唭哩岸,,492-56
北投區,立農,四,317-1,北投區,唭哩岸,,492-30
北投區,立農,四,318,北投區,唭哩岸,,490
北投區,立農,四,319,北投區,唭哩岸,,489-11
北投區,立農,四,32,北投區,唭哩岸,,483-2
北投區,立農,四,323,北投區,唭哩岸,,487-10
北投區,立農,四,325,北投區,唭哩岸,,491
北投區,立農,四,326,北投區,唭哩岸,,868
北投區,立農,四,328,北投區,唭哩岸,,867
北投區,立農,四,329,北投區,唭哩岸,,551
北投區,立農,四,33,北投區,唭哩岸,,482-35
北投區,立農,四,330,北投區,唭哩岸,,551-8
北投區,立農,四,331,北投區,唭哩岸,,550-38
北投區,立農,四,332,北投區,唭哩岸,,550-37
北投區,立農,四,333,北投區,唭哩岸,,550-36
北投區,立農,四,334,北投區,唭哩岸,,550-35
北投區,立農,四,335,北投區,唭哩岸,,550-8
北投區,立農,四,336,北投區,唭哩岸,,550-34
北投區,立農,四,337,北投區,唭哩岸,,550-33
北投區,立農,四,338,北投區,唭哩岸,,550-5
北投區,立農,四,339,北投區,唭哩岸,,550-47
北投區,立農,四,34,北投區,唭哩岸,,482-41
北投區,立農,四,340,北投區,唭哩岸,,550-46
北投區,立農,四,341,北投區,唭哩岸,,553-1
北投區,立農,四,342,北投區,唭哩岸,,550-66
北投區,立農,四,343,北投區,唭哩岸,,550-65
北投區,立農,四,344,北投區,唭哩岸,,550-12
北投區,立農,四,345,北投區,唭哩岸,,550-40
北投區,立農,四,346,北投區,唭哩岸,,550-41
北投區,立農,四,347,北投區,唭哩岸,,550-42
北投區,立農,四,348,北投區,唭哩岸,,550-43
北投區,立農,四,349,北投區,唭哩岸,,553
北投區,立農,四,35,北投區,唭哩岸,,482-34
北投區,立農,四,350,北投區,唭哩岸,,553-12
北投區,立農,四,351,北投區,唭哩岸,,553-13
北投區,立農,四,352,北投區,唭哩岸,,553-14
北投區,立農,四,353,北投區,唭哩岸,,553-10
北投區,立農,四,354,北投區,唭哩岸,,553-11
北投區,立農,四,355,北投區,唭哩岸,,553-15
北投區,立農,四,356,北投區,唭哩岸,,553-17
北投區,立農,四,357,北投區,唭哩岸,,553-16
北投區,立農,四,358,北投區,唭哩岸,,550-2
北投區,立農,四,359,北投區,唭哩岸,,550-18
北投區,立農,四,36,北投區,唭哩岸,,482-33
北投區,立農,四,360,北投區,唭哩岸,,550-13
北投區,立農,四,361,北投區,唭哩岸,,553-18
北投區,立農,四,362,北投區,唭哩岸,,553-19
北投區,立農,四,363,北投區,唭哩岸,,553-3
北投區,立農,四,364,北投區,唭哩岸,,553-4
北投區,立農,四,365,北投區,唭哩岸,,553-25
北投區,立農,四,366,北投區,唭哩岸,,553-26
北投區,立農,四,367,北投區,唭哩岸,,553-27
北投區,立農,四,368,北投區,唭哩岸,,553-22
北投區,立農,四,369,北投區,唭哩岸,,553-23
北投區,立農,四,37,北投區,唭哩岸,,482-30
北投區,立農,四,370,北投區,唭哩岸,,553-28
北投區,立農,四,372,北投區,唭哩岸,,550-9
北投區,立農,四,373,北投區,唭哩岸,,551-4
北投區,立農,四,374,北投區,唭哩岸,,551-6
北投區,立農,四,375,北投區,唭哩岸,,551-5
北投區,立農,四,376,北投區,唭哩岸,,552-4
北投區,立農,四,377,北投區,唭哩岸,,570
北投區,立農,四,378,北投區,唭哩岸,,552-6
北投區,立農,四,379,北投區,唭哩岸,,554-3
北投區,立農,四,38,北投區,唭哩岸,,482-32
北投區,立農,四,380,北投區,唭哩岸,,554-2
北投區,立農,四,381,北投區,唭哩岸,,552-21
北投區,立農,四,382,北投區,唭哩岸,,552-20
北投區,立農,四,383,北投區,唭哩岸,,552-8
北投區,立農,四,384,北投區,唭哩岸,,552-12
北投區,立農,四,385,北投區,唭哩岸,,552-19
北投區,立農,四,386,北投區,唭哩岸,,552-18
北投區,立農,四,387,北投區,唭哩岸,,552-17
北投區,立農,四,388,北投區,唭哩岸,,552-16
北投區,立農,四,389,北投區,唭哩岸,,552-11
北投區,立農,四,39,北投區,唭哩岸,,482-31
北投區,立農,四,395,北投區,唭哩岸,,552-2
北投區,立農,四,396,北投區,唭哩岸,,552
北投區,立農,四,397,北投區,唭哩岸,,552-7
北投區,立農,四,398,北投區,唭哩岸,,553-29
北投區,立農,四,399,北投區,唭哩岸,,553-8
北投區,立農,四,4,北投區,唭哩岸,,482-23
北投區,立農,四,40,北投區,唭哩岸,,483-9
北投區,立農,四,400,北投區,唭哩岸,,553-30
北投區,立農,四,401,北投區,唭哩岸,,553-31
北投區,立農,四,402,北投區,唭哩岸,,553-36
北投區,立農,四,403,北投區,唭哩岸,,553-35
北投區,立農,四,404,北投區,唭哩岸,,553-34
北投區,立農,四,405,北投區,唭哩岸,,553-37
北投區,立農,四,406,北投區,唭哩岸,,553-38
北投區,立農,四,407,北投區,唭哩岸,,553-33
北投區,立農,四,408,北投區,唭哩岸,,553-32
北投區,立農,四,409,北投區,唭哩岸,,553-39
北投區,立農,四,41,北投區,唭哩岸,,483-8
北投區,立農,四,410,北投區,唭哩岸,,553-40
北投區,立農,四,411,北投區,唭哩岸,,553-6
北投區,立農,四,412,北投區,唭哩岸,,550-14
北投區,立農,四,414,北投區,唭哩岸,,550-48
北投區,立農,四,415,北投區,唭哩岸,,556-18
北投區,立農,四,416,北投區,唭哩岸,,555
北投區,立農,四,417,北投區,唭哩岸,,555-4
北投區,立農,四,418,北投區,唭哩岸,,555-5
北投區,立農,四,419,北投區,唭哩岸,,555-6
北投區,立農,四,42,北投區,唭哩岸,,482-2
北投區,立農,四,420,北投區,唭哩岸,,875
北投區,立農,四,421,北投區,唭哩岸,,555-7
北投區,立農,四,422,北投區,唭哩岸,,555-8
北投區,立農,四,423,北投區,唭哩岸,,554
北投區,立農,四,424,北投區,唭哩岸,,554-4
北投區,立農,四,425,北投區,唭哩岸,,555-1
北投區,立農,四,426,北投區,唭哩岸,,555-9
北投區,立農,四,427,北投區,唭哩岸,,555-10
北投區,立農,四,428,北投區,唭哩岸,,555-11
北投區,立農,四,429,北投區,唭哩岸,,556-24
北投區,立農,四,43,北投區,唭哩岸,,483-3
北投區,立農,四,430,北投區,唭哩岸,,556-23
北投區,立農,四,431,北投區,唭哩岸,,556-22
北投區,立農,四,432,北投區,唭哩岸,,556-21
北投區,立農,四,433,北投區,唭哩岸,,556-19
北投區,立農,四,434,北投區,唭哩岸,,556-20
北投區,立農,四,436,北投區,唭哩岸,,556-3
北投區,立農,四,45,北投區,唭哩岸,,855
北投區,立農,四,46,北投區,唭哩岸,,483-4
北投區,立農,四,47,北投區,唭哩岸,,483-26
北投區,立農,四,48,北投區,唭哩岸,,483-25
北投區,立農,四,49,北投區,唭哩岸,,483-10
北投區,立農,四,5,北投區,唭哩岸,,482-24
北投區,立農,四,50,北投區,唭哩岸,,483-11
北投區,立農,四,51,北投區,唭哩岸,,483-24
北投區,立農,四,52,北投區,唭哩岸,,483-23
北投區,立農,四,53,北投區,唭哩岸,,483-12
北投區,立農,四,54,北投區,唭哩岸,,483-13
北投區,立農,四,55,北投區,唭哩岸,,483-22
北投區,立農,四,56,北投區,唭哩岸,,483-21
北投區,立農,四,57,北投區,唭哩岸,,483-14
北投區,立農,四,58,北投區,唭哩岸,,483-15
北投區,立農,四,59,北投區,唭哩岸,,483-20
北投區,立農,四,6,北投區,唭哩岸,,482-28
北投區,立農,四,60,北投區,唭哩岸,,483-19
北投區,立農,四,61,北投區,唭哩岸,,483-16
北投區,立農,四,62,北投區,唭哩岸,,483-17
北投區,立農,四,63,北投區,唭哩岸,,483-18
北投區,立農,四,64,北投區,唭哩岸,,483-27
北投區,立農,四,65,北投區,唭哩岸,,853
北投區,立農,四,67,北投區,唭哩岸,,493
北投區,立農,四,68,北投區,唭哩岸,,493-1
北投區,立農,四,69,北投區,唭哩岸,,493-9
北投區,立農,四,7,北投區,唭哩岸,,482-29
北投區,立農,四,70,北投區,唭哩岸,,493-10
北投區,立農,四,71,北投區,唭哩岸,,493-17
北投區,立農,四,72,北投區,唭哩岸,,493-18
北投區,立農,四,73,北投區,唭哩岸,,493-11
北投區,立農,四,74,北投區,唭哩岸,,493-12
北投區,立農,四,75,北投區,唭哩岸,,493-19
北投區,立農,四,76,北投區,唭哩岸,,493-20
北投區,立農,四,77,北投區,唭哩岸,,493-13
北投區,立農,四,78,北投區,唭哩岸,,493-14
北投區,立農,四,79,北投區,唭哩岸,,493-21
北投區,立農,四,8,北投區,唭哩岸,,482-25
北投區,立農,四,80,北投區,唭哩岸,,493-22
北投區,立農,四,81,北投區,唭哩岸,,493-15
北投區,立農,四,82,北投區,唭哩岸,,493-16
北投區,立農,四,83,北投區,唭哩岸,,493-23
北投區,立農,四,84,北投區,唭哩岸,,493-24
北投區,立農,四,85,北投區,唭哩岸,,489
北投區,立農,四,87,北投區,唭哩岸,,488-1
北投區,立農,四,89,北投區,唭哩岸,,483-5
北投區,立農,四,9,北投區,唭哩岸,,482-1
北投區,立農,四,91,北投區,唭哩岸,,484-7
北投區,立農,四,92,北投區,唭哩岸,,484-6
北投區,立農,四,93,北投區,唭哩岸,,484-3
北投區,立農,四,94,北投區,唭哩岸,,410-2
北投區,立農,四,95,北投區,唭哩岸,,410-3
北投區,立農,四,96,北投區,唭哩岸,,410-17
北投區,立農,四,97,北投區,唭哩岸,,410-18
北投區,立農,四,98,北投區,唭哩岸,,410-19
北投區,立農,四,99,北投區,唭哩岸,,410-20
北投區,豐年,一,1,北投區,北投,,879-9
北投區,豐年,一,10,北投區,北投,,886-16
北投區,豐年,一,100,北投區,北投,,896-24
北投區,豐年,一,101,北投區,北投,,896-23
北投區,豐年,一,102,北投區,北投,,896-21
北投區,豐年,一,103,北投區,北投,,896-22
北投區,豐年,一,104,北投區,北投,,896
北投區,豐年,一,105,北投區,北投,,896-25
北投區,豐年,一,106,北投區,北投,,896-26
北投區,豐年,一,107,北投區,北投,,896-27
北投區,豐年,一,108,北投區,北投,,896-8
北投區,豐年,一,109,北投區,北投,,896-1
北投區,豐年,一,11,北投區,北投,,886-3
北投區,豐年,一,110,北投區,北投,,896-4
北投區,豐年,一,111,北投區,北投,,896-7
北投區,豐年,一,112,北投區,北投,,896-14
北投區,豐年,一,113,北投區,北投,,897-7
北投區,豐年,一,114,北投區,北投,,897-12
北投區,豐年,一,115,北投區,北投,,897-13
北投區,豐年,一,116,北投區,北投,,897-8
北投區,豐年,一,117,北投區,北投,,897-6
北投區,豐年,一,118,北投區,北投,,897-4
北投區,豐年,一,119,北投區,北投,,897-3
北投區,豐年,一,12,北投區,北投,,886-4
北投區,豐年,一,120,北投區,北投,,899-6
北投區,豐年,一,121,北投區,北投,,899-3
北投區,豐年,一,122,北投區,北投,,897-2
北投區,豐年,一,123,北投區,北投,,896-11
北投區,豐年,一,124,北投區,北投,,896-15
北投區,豐年,一,125,北投區,北投,,896-3
北投區,豐年,一,126,北投區,北投,,897-9
北投區,豐年,一,127,北投區,北投,,897-14
北投區,豐年,一,128,北投區,北投,,897-10
北投區,豐年,一,129,北投區,北投,,897-6
北投區,豐年,一,13,北投區,北投,,886-23
北投區,豐年,一,130,北投區,北投,,897
北投區,豐年,一,131,北投區,北投,,897-1
北投區,豐年,一,132,北投區,北投,,899-5
北投區,豐年,一,133,北投區,北投,,899-2
北投區,豐年,一,134,北投區,北投,,899
北投區,豐年,一,135,北投區,北投,,899-1
北投區,豐年,一,136,北投區,北投,,898
北投區,豐年,一,137,北投區,北投,,859
北投區,豐年,一,138,北投區,北投,,858
北投區,豐年,一,139,北投區,北投,,857
北投區,豐年,一,14,北投區,北投,,887-1
北投區,豐年,一,140,北投區,北投,,855-1
北投區,豐年,一,141,北投區,北投,,898-2
北投區,豐年,一,142,北投區,北投,,859-5
北投區,豐年,一,143,北投區,北投,,897-11
北投區,豐年,一,144,北投區,北投,,898-5
北投區,豐年,一,145,北投區,北投,,898-6
北投區,豐年,一,146,北投區,北投,,898-7
北投區,豐年,一,147,北投區,北投,,898-14
北投區,豐年,一,148,北投區,北投,,898-8
北投區,豐年,一,149,北投區,北投,,860-4
北投區,豐年,一,15,北投區,北投,,887
北投區,豐年,一,150,北投區,北投,,860-5
北投區,豐年,一,151,北投區,北投,,860-7
北投區,豐年,一,152,北投區,北投,,861-2
北投區,豐年,一,153,北投區,北投,,857-12
北投區,豐年,一,154,北投區,北投,,857-14
北投區,豐年,一,155,北投區,北投,,857-10
北投區,豐年,一,156,北投區,北投,,857-9
北投區,豐年,一,157,北投區,北投,,860-11
北投區,豐年,一,158,北投區,北投,,860-3
北投區,豐年,一,159,北投區,北投,,857-8
北投區,豐年,一,16,北投區,北投,,887-2
北投區,豐年,一,160,北投區,北投,,856-1
北投區,豐年,一,161,北投區,北投,,860
北投區,豐年,一,162,北投區,北投,,860-1
北投區,豐年,一,163,北投區,北投,,859-6
北投區,豐年,一,164,北投區,北投,,859-7
北投區,豐年,一,165,北投區,北投,,856
北投區,豐年,一,167,北投區,北投,,859-9
北投區,豐年,一,168,北投區,北投,,859-10
北投區,豐年,一,169,北投區,北投,,859-4
北投區,豐年,一,17,北投區,北投,,887-3
北投區,豐年,一,170,北投區,北投,,859-2
北投區,豐年,一,171,北投區,北投,,857-2
北投區,豐年,一,172,北投區,北投,,855-2
北投區,豐年,一,173,北投區,北投,,855-4
北投區,豐年,一,174,北投區,北投,,855
北投區,豐年,一,175,北投區,北投,,854
北投區,豐年,一,176,北投區,北投,,852-2
北投區,豐年,一,177,北投區,北投,,842-6
北投區,豐年,一,178,北投區,北投,,842-5
北投區,豐年,一,179,北投區,北投,,842-4
北投區,豐年,一,18,北投區,北投,,886-11
北投區,豐年,一,180,北投區,北投,,842-2
北投區,豐年,一,181,北投區,北投,,842-1
北投區,豐年,一,182,北投區,北投,,842-7
北投區,豐年,一,183,北投區,北投,,842-8
北投區,豐年,一,184,北投區,北投,,841-12
北投區,豐年,一,185,北投區,北投,,840-14
北投區,豐年,一,186,北投區,北投,,840-15
北投區,豐年,一,187,北投區,北投,,840-16
北投區,豐年,一,188,北投區,北投,,843-1
北投區,豐年,一,189,北投區,北投,,843
北投區,豐年,一,19,北投區,北投,,886-9
北投區,豐年,一,190,北投區,北投,,844
北投區,豐年,一,191,北投區,北投,,842
北投區,豐年,一,192,北投區,北投,,852
北投區,豐年,一,193,北投區,北投,,853
北投區,豐年,一,194,北投區,北投,,851-2
北投區,豐年,一,195,北投區,北投,,851-1
北投區,豐年,一,196,北投區,北投,,851
北投區,豐年,一,197,北投區,北投,,845
北投區,豐年,一,198,北投區,北投,,843-3
北投區,豐年,一,199,北投區,北投,,846
北投區,豐年,一,2,北投區,北投,,879-9
北投區,豐年,一,20,北投區,北投,,886-22
北投區,豐年,一,200,北投區,北投,,847
北投區,豐年,一,201,北投區,北投,,847-1
北投區,豐年,一,202,北投區,北投,,848
北投區,豐年,一,203,北投區,北投,,848-1
北投區,豐年,一,204,北投區,北投,,848-2
北投區,豐年,一,205,北投區,北投,,849
北投區,豐年,一,206,北投區,北投,,848-1
北投區,豐年,一,207,北投區,北投,,850-6
北投區,豐年,一,208,北投區,北投,,850-5
北投區,豐年,一,209,北投區,北投,,850
北投區,豐年,一,21,北投區,北投,,886-7
北投區,豐年,一,210,北投區,北投,,850-4
北投區,豐年,一,211,北投區,北投,,850-3
北投區,豐年,一,212,北投區,北投,,850-2
北投區,豐年,一,213,北投區,北投,,850-1
北投區,豐年,一,214,北投區,北投,,801-5
北投區,豐年,一,215,北投區,北投,,801-4
北投區,豐年,一,216,北投區,北投,,801-1
北投區,豐年,一,217,北投區,北投,,801-3
北投區,豐年,一,218,北投區,北投,,801-2
北投區,豐年,一,219,北投區,北投,,900-4
北投區,豐年,一,22,北投區,北投,,886-7
北投區,豐年,一,220,北投區,北投,,900-3
北投區,豐年,一,221,北投區,北投,,900-1
北投區,豐年,一,222,北投區,北投,,900-2
北投區,豐年,一,223,北投區,北投,,900
北投區,豐年,一,225,北投區,北投,,902-1
北投區,豐年,一,226,北投區,北投,,902-5
北投區,豐年,一,227,北投區,北投,,902-2
北投區,豐年,一,228,北投區,北投,,903
北投區,豐年,一,229,北投區,北投,,903-1
北投區,豐年,一,23,北投區,北投,,886-15
北投區,豐年,一,230,北投區,北投,,904
北投區,豐年,一,231,北投區,北投,,902-4
北投區,豐年,一,232,北投區,北投,,902-3
北投區,豐年,一,233,北投區,北投,,902-6
北投區,豐年,一,234,北投區,北投,,901
北投區,豐年,一,235,北投區,北投,,905
北投區,豐年,一,236,北投區,北投,,904-3
北投區,豐年,一,237,北投區,北投,,904-8
北投區,豐年,一,239,北投區,北投,,906-1
北投區,豐年,一,24,北投區,北投,,886-15
北投區,豐年,一,240,北投區,北投,,904-7
北投區,豐年,一,241,北投區,北投,,904-6
北投區,豐年,一,242,北投區,北投,,907-1
北投區,豐年,一,243,北投區,北投,,907
北投區,豐年,一,244,北投區,北投,,904-5
北投區,豐年,一,245,北投區,北投,,904-4
北投區,豐年,一,246,北投區,北投,,904-2
北投區,豐年,一,247,北投區,北投,,904-1
北投區,豐年,一,248,北投區,北投,,909
北投區,豐年,一,249,北投區,北投,,909-2
北投區,豐年,一,25,北投區,北投,,886-14
北投區,豐年,一,250,北投區,北投,,909-1
北投區,豐年,一,251,北投區,北投,,908
北投區,豐年,一,252,北投區,北投,,913
北投區,豐年,一,253,北投區,北投,,914
北投區,豐年,一,254,北投區,北投,,915-1
北投區,豐年,一,255,北投區,北投,,916-1
北投區,豐年,一,256,北投區,北投,,912-1
北投區,豐年,一,257,北投區,北投,,912
北投區,豐年,一,258,北投區,北投,,910
北投區,豐年,一,259,北投區,北投,,911
北投區,豐年,一,26,北投區,北投,,886-20
北投區,豐年,一,260,北投區,北投,,916
北投區,豐年,一,261,北投區,北投,,916-2
北投區,豐年,一,262,北投區,北投,,915
北投區,豐年,一,263,北投區,北投,,917
北投區,豐年,一,264,北投區,北投,,916-3
北投區,豐年,一,265,北投區,北投,,920
北投區,豐年,一,266,北投區,北投,,919
北投區,豐年,一,267,北投區,北投,,918
北投區,豐年,一,268,北投區,北投,,921
北投區,豐年,一,269,北投區,北投,,900-1
北投區,豐年,一,27,北投區,北投,,886-8
北投區,豐年,一,270,北投區,北投,,900-2
北投區,豐年,一,271,北投區,北投,,921-1
北投區,豐年,一,272,北投區,北投,,900-2
北投區,豐年,一,273,北投區,北投,,922-4
北投區,豐年,一,274,北投區,北投,,925-1
北投區,豐年,一,275,北投區,北投,,925-1
北投區,豐年,一,276,北投區,北投,,925
北投區,豐年,一,277,北投區,北投,,924
北投區,豐年,一,278,北投區,北投,,924-1
北投區,豐年,一,279,北投區,北投,,796-1
北投區,豐年,一,28,北投區,北投,,886-21
北投區,豐年,一,280,北投區,北投,,796
北投區,豐年,一,281,北投區,北投,,796-2
北投區,豐年,一,282,北投區,北投,,924-1
北投區,豐年,一,283,北投區,北投,,924-2
北投區,豐年,一,284,北投區,北投,,800-1
北投區,豐年,一,285,北投區,北投,,800-1
北投區,豐年,一,286,北投區,北投,,801
北投區,豐年,一,287,北投區,北投,,802-1
北投區,豐年,一,288,北投區,北投,,802-2
北投區,豐年,一,289,北投區,北投,,800
北投區,豐年,一,29,北投區,北投,,888-27
北投區,豐年,一,290,北投區,北投,,802
北投區,豐年,一,291,北投區,北投,,799-1
北投區,豐年,一,292,北投區,北投,,799
北投區,豐年,一,293,北投區,北投,,798
北投區,豐年,一,294,北投區,北投,,797
北投區,豐年,一,295,北投區,北投,,795
北投區,豐年,一,296,北投區,北投,,794-1
北投區,豐年,一,297,北投區,北投,,793-1
北投區,豐年,一,298,北投區,北投,,792
北投區,豐年,一,3,北投區,北投,,879-9
北投區,豐年,一,30,北投區,北投,,888-32
北投區,豐年,一,300,北投區,北投,,790-2
北投區,豐年,一,301,北投區,北投,,790-1
北投區,豐年,一,302,北投區,北投,,790
北投區,豐年,一,303,北投區,北投,,793-2
北投區,豐年,一,304,北投區,北投,,794
北投區,豐年,一,305,北投區,北投,,794-2
北投區,豐年,一,306,北投區,北投,,803
北投區,豐年,一,307,北投區,北投,,803-2
北投區,豐年,一,308,北投區,北投,,803-1
北投區,豐年,一,309,北投區,北投,,804-1
北投區,豐年,一,31,北投區,北投,,888-31
北投區,豐年,一,310,北投區,北投,,804
北投區,豐年,一,311,北投區,北投,,803-3
北投區,豐年,一,312,北投區,北投,,806-1
北投區,豐年,一,313,北投區,北投,,805
北投區,豐年,一,314,北投區,北投,,806
北投區,豐年,一,315,北投區,北投,,807-1
北投區,豐年,一,316,北投區,北投,,807
北投區,豐年,一,317,北投區,北投,,808-1
北投區,豐年,一,318,北投區,北投,,809-1
北投區,豐年,一,319,北投區,北投,,810-1
北投區,豐年,一,32,北投區,北投,,888-28
北投區,豐年,一,320,北投區,北投,,811-3
北投區,豐年,一,321,北投區,北投,,811-2
北投區,豐年,一,322,北投區,北投,,811-1
北投區,豐年,一,323,北投區,北投,,843-2
北投區,豐年,一,324,北投區,北投,,812-1
北投區,豐年,一,325,北投區,北投,,812-2
北投區,豐年,一,326,北投區,北投,,814-24
北投區,豐年,一,327,北投區,北投,,814-23
北投區,豐年,一,328,北投區,北投,,813-8
北投區,豐年,一,329,北投區,北投,,813-4
北投區,豐年,一,33,北投區,北投,,888-51
北投區,豐年,一,330,北投區,北投,,813-1
北投區,豐年,一,331,北投區,北投,,813-3
北投區,豐年,一,333,北投區,北投,,814-15
北投區,豐年,一,334,北投區,北投,,814-16
北投區,豐年,一,335,北投區,北投,,814-17
北投區,豐年,一,336,北投區,北投,,813-6
北投區,豐年,一,337,北投區,北投,,813
北投區,豐年,一,338,北投區,北投,,812-3
北投區,豐年,一,34,北投區,北投,,888-52
北投區,豐年,一,340,北投區,北投,,811
北投區,豐年,一,341,北投區,北投,,810
北投區,豐年,一,342,北投區,北投,,809
北投區,豐年,一,343,北投區,北投,,808
北投區,豐年,一,344,北投區,北投,,808-2
北投區,豐年,一,345,北投區,北投,,751-3
北投區,豐年,一,346,北投區,北投,,751-1
北投區,豐年,一,347,北投區,北投,,752
北投區,豐年,一,348,北投區,北投,,752-1
北投區,豐年,一,349,北投區,北投,,808-3
北投區,豐年,一,35,北投區,北投,,888-34
北投區,豐年,一,350,北投區,北投,,753-9
北投區,豐年,一,351,北投區,北投,,753-16
北投區,豐年,一,352,北投區,北投,,753-4
北投區,豐年,一,353,北投區,北投,,753-10
北投區,豐年,一,354,北投區,北投,,808-6
北投區,豐年,一,355,北投區,北投,,756-15
北投區,豐年,一,356,北投區,北投,,756-9
北投區,豐年,一,357,北投區,北投,,757-3
北投區,豐年,一,358,北投區,北投,,757-7
北投區,豐年,一,359,北投區,北投,,766-5
北投區,豐年,一,36,北投區,北投,,888-21
北投區,豐年,一,360,北投區,北投,,767
北投區,豐年,一,361,北投區,北投,,767-1
北投區,豐年,一,362,北投區,北投,,768-4
北投區,豐年,一,363,北投區,北投,,768-7
北投區,豐年,一,364,北投區,北投,,771-1
北投區,豐年,一,365,北投區,北投,,769-46
北投區,豐年,一,366,北投區,北投,,769-20
北投區,豐年,一,367,北投區,北投,,769-30
北投區,豐年,一,368,北投區,北投,,769-19
北投區,豐年,一,369,北投區,北投,,769-18
北投區,豐年,一,37,北投區,北投,,888-8
北投區,豐年,一,370,北投區,北投,,769-17
北投區,豐年,一,371,北投區,北投,,769-16
北投區,豐年,一,372,北投區,北投,,769-15
北投區,豐年,一,373,北投區,北投,,769-14
北投區,豐年,一,374,北投區,北投,,769-13
北投區,豐年,一,375,北投區,北投,,769-33
北投區,豐年,一,376,北投區,北投,,769-35
北投區,豐年,一,377,北投區,北投,,769-47
北投區,豐年,一,378,北投區,北投,,769-44
北投區,豐年,一,38,北投區,北投,,888-33
北投區,豐年,一,380,北投區,北投,,769-48
北投區,豐年,一,383,北投區,北投,,776-6
北投區,豐年,一,384,北投區,北投,,776-7
北投區,豐年,一,385,北投區,北投,,776-14
北投區,豐年,一,386,北投區,北投,,776-8
北投區,豐年,一,387,北投區,北投,,776-15
北投區,豐年,一,388,北投區,北投,,776-9
北投區,豐年,一,389,北投區,北投,,776-10
北投區,豐年,一,39,北投區,北投,,888-29
北投區,豐年,一,390,北投區,北投,,780-10
北投區,豐年,一,391,北投區,北投,,780-11
北投區,豐年,一,392,北投區,北投,,785
北投區,豐年,一,393,北投區,北投,,786
北投區,豐年,一,394,北投區,北投,,786-2
北投區,豐年,一,395,北投區,北投,,786-1
北投區,豐年,一,396,北投區,北投,,785-2
北投區,豐年,一,397,北投區,北投,,785-1
北投區,豐年,一,398,北投區,北投,,780-15
北投區,豐年,一,399,北投區,北投,,780-14
北投區,豐年,一,4,北投區,北投,,879-9
北投區,豐年,一,40,北投區,北投,,888-30
北投區,豐年,一,400,北投區,北投,,780-13
北投區,豐年,一,401,北投區,北投,,780-12
北投區,豐年,一,402,北投區,北投,,779-6
北投區,豐年,一,403,北投區,北投,,779-5
北投區,豐年,一,404,北投區,北投,,779-12
北投區,豐年,一,405,北投區,北投,,779-23
北投區,豐年,一,408,北投區,北投,,779-24
北投區,豐年,一,409,北投區,北投,,779-20
北投區,豐年,一,41,北投區,北投,,888-39
北投區,豐年,一,410,北投區,北投,,779-25
北投區,豐年,一,411,北投區,北投,,779-18
北投區,豐年,一,412,北投區,北投,,779-10
北投區,豐年,一,413,北投區,北投,,779-11
北投區,豐年,一,414,北投區,北投,,780-9
北投區,豐年,一,415,北投區,北投,,780-23
北投區,豐年,一,416,北投區,北投,,780-8
北投區,豐年,一,418,北投區,北投,,780-7
北投區,豐年,一,42,北投區,北投,,888-23
北投區,豐年,一,420,北投區,北投,,780-21
北投區,豐年,一,423,北投區,北投,,769-66
北投區,豐年,一,424,北投區,北投,,787-21
北投區,豐年,一,425,北投區,北投,,755-1
北投區,豐年,一,426,北投區,北投,,787-1
北投區,豐年,一,427,北投區,北投,,787-2
北投區,豐年,一,428,北投區,北投,,787-3
北投區,豐年,一,429,北投區,北投,,787-4
北投區,豐年,一,43,北投區,北投,,888-45
北投區,豐年,一,430,北投區,北投,,787-5
北投區,豐年,一,431,北投區,北投,,787-6
北投區,豐年,一,432,北投區,北投,,787-7
北投區,豐年,一,433,北投區,北投,,787-8
北投區,豐年,一,434,北投區,北投,,787-9
北投區,豐年,一,435,北投區,北投,,787-10
北投區,豐年,一,436,北投區,北投,,787-11
北投區,豐年,一,437,北投區,北投,,787-12
北投區,豐年,一,438,北投區,北投,,787-13
北投區,豐年,一,439,北投區,北投,,787-14
北投區,豐年,一,44,北投區,北投,,888-44
北投區,豐年,一,440,北投區,北投,,787-23
北投區,豐年,一,441,北投區,北投,,787-15
北投區,豐年,一,442,北投區,北投,,787-16
北投區,豐年,一,443,北投區,北投,,787-25
北投區,豐年,一,444,北投區,北投,,787-26
北投區,豐年,一,445,北投區,北投,,787-24
北投區,豐年,一,446,北投區,北投,,788-23
北投區,豐年,一,447,北投區,北投,,788-9
北投區,豐年,一,448,北投區,北投,,788-8
北投區,豐年,一,449,北投區,北投,,788-7
北投區,豐年,一,45,北投區,北投,,888-1
北投區,豐年,一,450,北投區,北投,,788-6
北投區,豐年,一,451,北投區,北投,,806-2
北投區,豐年,一,452,北投區,北投,,788-5
北投區,豐年,一,453,北投區,北投,,788-4
北投區,豐年,一,454,北投區,北投,,788-3
北投區,豐年,一,455,北投區,北投,,788-2
北投區,豐年,一,456,北投區,北投,,788
北投區,豐年,一,457,北投區,北投,,788-22
北投區,豐年,一,458,北投區,北投,,788-19
北投區,豐年,一,459,北投區,北投,,788-20
北投區,豐年,一,46,北投區,北投,,888-7
北投區,豐年,一,460,北投區,北投,,788-21
北投區,豐年,一,461,北投區,北投,,789
北投區,豐年,一,462,北投區,北投,,788-12
北投區,豐年,一,463,北投區,北投,,788-11
北投區,豐年,一,464,北投區,北投,,788-10
北投區,豐年,一,465,北投區,北投,,788-1
北投區,豐年,一,466,北投區,北投,,788-13
北投區,豐年,一,467,北投區,北投,,788-14
北投區,豐年,一,468,北投區,北投,,788-15
北投區,豐年,一,469,北投區,北投,,788-16
北投區,豐年,一,47,北投區,北投,,888-24
北投區,豐年,一,470,北投區,北投,,788-18
北投區,豐年,一,471,北投區,北投,,788-17
北投區,豐年,一,472,北投區,北投,,787-17
北投區,豐年,一,473,北投區,北投,,787-18
北投區,豐年,一,474,北投區,北投,,787-19
北投區,豐年,一,475,北投區,北投,,787-20
北投區,豐年,一,476,北投區,北投,,787-22
北投區,豐年,一,477,北投區,北投,,787
北投區,豐年,一,478,北投區,北投,,359
北投區,豐年,一,479,北投區,北投,,359-2
北投區,豐年,一,48,北投區,北投,,888-25
北投區,豐年,一,480,北投區,北投,,359-1
北投區,豐年,一,481,北投區,北投,,784-102
北投區,豐年,一,482,北投區,北投,,784-101
北投區,豐年,一,483,北投區,北投,,784-23
北投區,豐年,一,484,北投區,北投,,784-22
北投區,豐年,一,485,北投區,北投,,784-21
北投區,豐年,一,486,北投區,北投,,784-20
北投區,豐年,一,487,北投區,北投,,784-19
北投區,豐年,一,488,北投區,北投,,784-18
北投區,豐年,一,489,北投區,北投,,784-17
北投區,豐年,一,49,北投區,北投,,888-47
北投區,豐年,一,490,北投區,北投,,784-16
北投區,豐年,一,491,北投區,北投,,784-15
北投區,豐年,一,492,北投區,北投,,784-14
北投區,豐年,一,493,北投區,北投,,784-13
北投區,豐年,一,494,北投區,北投,,784-12
北投區,豐年,一,495,北投區,北投,,784-35
北投區,豐年,一,496,北投區,北投,,784-77
北投區,豐年,一,497,北投區,北投,,784-79
北投區,豐年,一,498,北投區,北投,,784-34
北投區,豐年,一,499,北投區,北投,,784-33
北投區,豐年,一,5,北投區,北投,,879-10
北投區,豐年,一,50,北投區,北投,,888-6
北投區,豐年,一,500,北投區,北投,,784-81
北投區,豐年,一,501,北投區,北投,,784-83
北投區,豐年,一,502,北投區,北投,,784-32
北投區,豐年,一,503,北投區,北投,,784-31
北投區,豐年,一,504,北投區,北投,,784-30
北投區,豐年,一,505,北投區,北投,,784-87
北投區,豐年,一,506,北投區,北投,,784-29
北投區,豐年,一,507,北投區,北投,,784-28
北投區,豐年,一,508,北投區,北投,,784-27
北投區,豐年,一,509,北投區,北投,,784-26
北投區,豐年,一,51,北投區,北投,,888-40
北投區,豐年,一,510,北投區,北投,,784-25
北投區,豐年,一,511,北投區,北投,,784-24
北投區,豐年,一,512,北投區,北投,,784-103
北投區,豐年,一,513,北投區,北投,,784-104
北投區,豐年,一,514,北投區,北投,,784-105
北投區,豐年,一,515,北投區,北投,,784-106
北投區,豐年,一,516,北投區,北投,,784-110
北投區,豐年,一,517,北投區,北投,,784-109
北投區,豐年,一,518,北投區,北投,,784-108
北投區,豐年,一,519,北投區,北投,,784-107
北投區,豐年,一,52,北投區,北投,,888-38
北投區,豐年,一,520,北投區,北投,,784-59
北投區,豐年,一,521,北投區,北投,,784-56
北投區,豐年,一,522,北投區,北投,,784-55
北投區,豐年,一,523,北投區,北投,,784-52
北投區,豐年,一,524,北投區,北投,,784-51
北投區,豐年,一,525,北投區,北投,,784-48
北投區,豐年,一,526,北投區,北投,,784-47
北投區,豐年,一,527,北投區,北投,,784-44
北投區,豐年,一,528,北投區,北投,,784-43
北投區,豐年,一,529,北投區,北投,,784-40
北投區,豐年,一,53,北投區,北投,,888-46
北投區,豐年,一,530,北投區,北投,,784-82
北投區,豐年,一,531,北投區,北投,,784-80
北投區,豐年,一,532,北投區,北投,,784-39
北投區,豐年,一,533,北投區,北投,,784-36
北投區,豐年,一,534,北投區,北投,,784-78
北投區,豐年,一,535,北投區,北投,,784-37
北投區,豐年,一,536,北投區,北投,,784-38
北投區,豐年,一,537,北投區,北投,,784-64
北投區,豐年,一,538,北投區,北投,,784-65
北投區,豐年,一,539,北投區,北投,,784-66
北投區,豐年,一,54,北投區,北投,,888-53
北投區,豐年,一,540,北投區,北投,,784-67
北投區,豐年,一,541,北投區,北投,,784-68
北投區,豐年,一,542,北投區,北投,,784-69
北投區,豐年,一,543,北投區,北投,,784-70
北投區,豐年,一,544,北投區,北投,,784-71
北投區,豐年,一,545,北投區,北投,,784-72
北投區,豐年,一,546,北投區,北投,,784-74
北投區,豐年,一,547,北投區,北投,,784-75
北投區,豐年,一,548,北投區,北投,,784-76
北投區,豐年,一,549,北投區,北投,,784-60
北投區,豐年,一,55,北投區,北投,,888-9
北投區,豐年,一,550,北投區,北投,,784-11
北投區,豐年,一,551,北投區,北投,,784-3
北投區,豐年,一,552,北投區,北投,,784-62
北投區,豐年,一,553,北投區,北投,,784-63
北投區,豐年,一,554,北投區,北投,,784-61
北投區,豐年,一,555,北投區,北投,,784-2
北投區,豐年,一,556,北投區,北投,,784-7
北投區,豐年,一,557,北投區,北投,,784-1
北投區,豐年,一,558,北投區,北投,,362-10
北投區,豐年,一,559,北投區,北投,,783-5
北投區,豐年,一,56,北投區,北投,,893-5
北投區,豐年,一,560,北投區,北投,,783-9
北投區,豐年,一,561,北投區,北投,,783-4
北投區,豐年,一,562,北投區,北投,,783-73
北投區,豐年,一,563,北投區,北投,,783-74
北投區,豐年,一,564,北投區,北投,,783-21
北投區,豐年,一,565,北投區,北投,,783-22
北投區,豐年,一,566,北投區,北投,,783-23
北投區,豐年,一,567,北投區,北投,,783-25
北投區,豐年,一,568,北投區,北投,,783-69
北投區,豐年,一,569,北投區,北投,,783-70
北投區,豐年,一,57,北投區,北投,,893-9
北投區,豐年,一,570,北投區,北投,,783-26
北投區,豐年,一,571,北投區,北投,,783-51
北投區,豐年,一,572,北投區,北投,,783-6
北投區,豐年,一,573,北投區,北投,,783-27
北投區,豐年,一,574,北投區,北投,,783-52
北投區,豐年,一,575,北投區,北投,,783-53
北投區,豐年,一,576,北投區,北投,,783-28
北投區,豐年,一,577,北投區,北投,,783-29
北投區,豐年,一,578,北投區,北投,,783-54
北投區,豐年,一,579,北投區,北投,,783-55
北投區,豐年,一,58,北投區,北投,,888-5
北投區,豐年,一,580,北投區,北投,,783-30
北投區,豐年,一,581,北投區,北投,,783-31
北投區,豐年,一,582,北投區,北投,,783-32
北投區,豐年,一,583,北投區,北投,,783-57
北投區,豐年,一,584,北投區,北投,,783-58
北投區,豐年,一,585,北投區,北投,,783-66
北投區,豐年,一,586,北投區,北投,,783-33
北投區,豐年,一,587,北投區,北投,,783-7
北投區,豐年,一,588,北投區,北投,,359-6
北投區,豐年,一,589,北投區,北投,,783-34
北投區,豐年,一,59,北投區,北投,,894-5
北投區,豐年,一,590,北投區,北投,,783-35
北投區,豐年,一,591,北投區,北投,,783-36
北投區,豐年,一,592,北投區,北投,,783-37
北投區,豐年,一,593,北投區,北投,,783-38
北投區,豐年,一,594,北投區,北投,,783-39
北投區,豐年,一,595,北投區,北投,,783-40
北投區,豐年,一,596,北投區,北投,,783-41
北投區,豐年,一,597,北投區,北投,,783-67
北投區,豐年,一,598,北投區,北投,,783-42
北投區,豐年,一,599,北投區,北投,,783-43
北投區,豐年,一,6,北投區,北投,,879-10
北投區,豐年,一,60,北投區,北投,,879-8
北投區,豐年,一,600,北投區,北投,,783-44
北投區,豐年,一,601,北投區,北投,,783-45
北投區,豐年,一,602,北投區,北投,,783-46
北投區,豐年,一,603,北投區,北投,,783-47
北投區,豐年,一,604,北投區,北投,,783-48
北投區,豐年,一,605,北投區,北投,,783-49
北投區,豐年,一,606,北投區,北投,,783-50
北投區,豐年,一,607,北投區,北投,,362-12
北投區,豐年,一,608,北投區,北投,,361-130
北投區,豐年,一,61,北投區,北投,,879-8
北投區,豐年,一,610,北投區,北投,,361-132
北投區,豐年,一,611,北投區,北投,,361-12
北投區,豐年,一,612,北投區,北投,,362-4
北投區,豐年,一,613,北投區,北投,,362
北投區,豐年,一,614,北投區,北投,,362-14
北投區,豐年,一,615,北投區,北投,,361-9
北投區,豐年,一,616,北投區,北投,,361-6
北投區,豐年,一,617,北投區,北投,,361-7
北投區,豐年,一,618,北投區,北投,,361-8
北投區,豐年,一,619,北投區,北投,,361-10
北投區,豐年,一,62,北投區,北投,,894-1
北投區,豐年,一,620,北投區,北投,,361-26
北投區,豐年,一,621,北投區,北投,,361-27
北投區,豐年,一,622,北投區,北投,,361-28
北投區,豐年,一,623,北投區,北投,,361-29
北投區,豐年,一,624,北投區,北投,,361-30
北投區,豐年,一,625,北投區,北投,,361-31
北投區,豐年,一,626,北投區,北投,,361-32
北投區,豐年,一,627,北投區,北投,,361-33
北投區,豐年,一,628,北投區,北投,,361-34
北投區,豐年,一,629,北投區,北投,,361-35
北投區,豐年,一,63,北投區,北投,,879-8
北投區,豐年,一,630,北投區,北投,,361-36
北投區,豐年,一,631,北投區,北投,,361-37
北投區,豐年,一,632,北投區,北投,,361-38
北投區,豐年,一,633,北投區,北投,,361-39
北投區,豐年,一,634,北投區,北投,,361-40
北投區,豐年,一,635,北投區,北投,,361-41
北投區,豐年,一,636,北投區,北投,,361-42
北投區,豐年,一,637,北投區,北投,,361-43
北投區,豐年,一,638,北投區,北投,,361-44
北投區,豐年,一,639,北投區,北投,,361-45
北投區,豐年,一,64,北投區,北投,,894-1
北投區,豐年,一,640,北投區,北投,,361-46
北投區,豐年,一,641,北投區,北投,,361-47
北投區,豐年,一,642,北投區,北投,,361-48
北投區,豐年,一,643,北投區,北投,,361-49
北投區,豐年,一,644,北投區,北投,,361-50
北投區,豐年,一,645,北投區,北投,,361-51
北投區,豐年,一,646,北投區,北投,,361-52
北投區,豐年,一,647,北投區,北投,,361-53
北投區,豐年,一,648,北投區,北投,,361-54
北投區,豐年,一,649,北投區,北投,,361-55
北投區,豐年,一,65,北投區,北投,,879-8
北投區,豐年,一,650,北投區,北投,,361-56
北投區,豐年,一,651,北投區,北投,,361-57
北投區,豐年,一,652,北投區,北投,,361-58
北投區,豐年,一,653,北投區,北投,,361-59
北投區,豐年,一,654,北投區,北投,,361-60
北投區,豐年,一,655,北投區,北投,,361-61
北投區,豐年,一,656,北投區,北投,,361-62
北投區,豐年,一,657,北投區,北投,,361-63
北投區,豐年,一,658,北投區,北投,,361-64
北投區,豐年,一,659,北投區,北投,,361-65
北投區,豐年,一,66,北投區,北投,,894-2
北投區,豐年,一,660,北投區,北投,,361-66
北投區,豐年,一,661,北投區,北投,,361-67
北投區,豐年,一,662,北投區,北投,,361-68
北投區,豐年,一,663,北投區,北投,,361-69
北投區,豐年,一,664,北投區,北投,,361-70
北投區,豐年,一,665,北投區,北投,,361-71
北投區,豐年,一,666,北投區,北投,,361-72
北投區,豐年,一,667,北投區,北投,,361-73
北投區,豐年,一,668,北投區,北投,,361-74
北投區,豐年,一,669,北投區,北投,,361-75
北投區,豐年,一,67,北投區,北投,,894-1
北投區,豐年,一,670,北投區,北投,,361-76
北投區,豐年,一,671,北投區,北投,,361-77
北投區,豐年,一,672,北投區,北投,,361-78
北投區,豐年,一,673,北投區,北投,,361-79
北投區,豐年,一,674,北投區,北投,,361-80
北投區,豐年,一,675,北投區,北投,,361-81
北投區,豐年,一,676,北投區,北投,,361-82
北投區,豐年,一,677,北投區,北投,,361-83
北投區,豐年,一,678,北投區,北投,,361-84
北投區,豐年,一,679,北投區,北投,,361-85
北投區,豐年,一,68,北投區,北投,,879-8
北投區,豐年,一,680,北投區,北投,,361-86
北投區,豐年,一,681,北投區,北投,,361-87
北投區,豐年,一,682,北投區,北投,,361-88
北投區,豐年,一,683,北投區,北投,,361-89
北投區,豐年,一,684,北投區,北投,,361-90
北投區,豐年,一,685,北投區,北投,,361-91
北投區,豐年,一,686,北投區,北投,,361-11
北投區,豐年,一,687,北投區,北投,,361-92
北投區,豐年,一,688,北投區,北投,,361-93
北投區,豐年,一,69,北投區,北投,,879-8
北投區,豐年,一,690,北投區,北投,,361-95
北投區,豐年,一,691,北投區,北投,,361-96
北投區,豐年,一,692,北投區,北投,,361-97
北投區,豐年,一,693,北投區,北投,,361-98
北投區,豐年,一,694,北投區,北投,,361-21
北投區,豐年,一,695,北投區,北投,,361-25
北投區,豐年,一,696,北投區,北投,,361-101
北投區,豐年,一,697,北投區,北投,,361-22
北投區,豐年,一,698,北投區,北投,,361-23
北投區,豐年,一,699,北投區,北投,,361-24
北投區,豐年,一,7,北投區,北投,,879-10
北投區,豐年,一,70,北投區,北投,,894
北投區,豐年,一,700,北投區,北投,,359-7
北投區,豐年,一,701,北投區,北投,,360
北投區,豐年,一,702,北投區,北投,,357-9
北投區,豐年,一,703,北投區,北投,,357-21
北投區,豐年,一,704,北投區,北投,,357-20
北投區,豐年,一,705,北投區,北投,,357-8
北投區,豐年,一,706,北投區,北投,,357-7
北投區,豐年,一,707,北投區,北投,,357-6
北投區,豐年,一,708,北投區,北投,,357-5
北投區,豐年,一,709,北投區,北投,,357-19
北投區,豐年,一,71,北投區,北投,,874-4
北投區,豐年,一,710,北投區,北投,,357-18
北投區,豐年,一,711,北投區,北投,,357-17
北投區,豐年,一,712,北投區,北投,,358-9
北投區,豐年,一,713,北投區,北投,,358
北投區,豐年,一,714,北投區,北投,,358-2
北投區,豐年,一,72,北投區,北投,,894-3
北投區,豐年,一,721,北投區,北投,,358-1
北投區,豐年,一,722,北投區,北投,,789-5
北投區,豐年,一,723,北投區,北投,,357-13
北投區,豐年,一,724,北投區,北投,,357-12
北投區,豐年,一,725,北投區,北投,,357-11
北投區,豐年,一,726,北投區,北投,,357-14
北投區,豐年,一,727,北投區,北投,,357-15
北投區,豐年,一,728,北投區,北投,,357-16
北投區,豐年,一,729,北投區,北投,,357-10
北投區,豐年,一,73,北投區,北投,,862-18
北投區,豐年,一,730,北投區,北投,,357-1
北投區,豐年,一,731,北投區,北投,,360-4
北投區,豐年,一,732,北投區,北投,,357-4
北投區,豐年,一,733,北投區,北投,,357-3
北投區,豐年,一,734,北投區,北投,,357-2
北投區,豐年,一,735,北投區,北投,,357
北投區,豐年,一,736,北投區,北投,,357-31
北投區,豐年,一,737,北投區,北投,,357-22
北投區,豐年,一,738,北投區,北投,,357-23
北投區,豐年,一,739,北投區,北投,,357-29
北投區,豐年,一,74,北投區,北投,,862-18
北投區,豐年,一,740,北投區,北投,,360-4
北投區,豐年,一,741,北投區,北投,,360-4
北投區,豐年,一,742,北投區,北投,,360-1
北投區,豐年,一,743,北投區,北投,,360-3
北投區,豐年,一,744,北投區,北投,,360-2
北投區,豐年,一,745,北投區,北投,,359-4
北投區,豐年,一,746,北投區,北投,,359-3
北投區,豐年,一,747,北投區,北投,,361-20
北投區,豐年,一,748,北投區,北投,,362-3
北投區,豐年,一,749,北投區,北投,,363-7
北投區,豐年,一,75,北投區,北投,,862-19
北投區,豐年,一,750,北投區,北投,,365
北投區,豐年,一,751,北投區,北投,,361-102
北投區,豐年,一,752,北投區,北投,,362-1
北投區,豐年,一,753,北投區,北投,,362-13
北投區,豐年,一,754,北投區,北投,,369-5
北投區,豐年,一,755,北投區,北投,,361-135
北投區,豐年,一,756,北投區,北投,,369-4
北投區,豐年,一,757,北投區,北投,,369-7
北投區,豐年,一,758,北投區,北投,,369-10
北投區,豐年,一,759,北投區,北投,,363-8
北投區,豐年,一,76,北投區,北投,,862-19
北投區,豐年,一,760,北投區,北投,,365-1
北投區,豐年,一,761,北投區,北投,,365-7
北投區,豐年,一,762,北投區,北投,,366-8
北投區,豐年,一,763,北投區,北投,,366-2
北投區,豐年,一,764,北投區,北投,,774-5
北投區,豐年,一,765,北投區,北投,,342-1
北投區,豐年,一,766,北投區,北投,,342-2
北投區,豐年,一,767,北投區,北投,,344-18
北投區,豐年,一,768,北投區,北投,,344-16
北投區,豐年,一,769,北投區,北投,,344-26
北投區,豐年,一,77,北投區,北投,,860-10
北投區,豐年,一,770,北投區,北投,,344
北投區,豐年,一,771,北投區,北投,,342-5
北投區,豐年,一,772,北投區,北投,,342
北投區,豐年,一,773,北投區,北投,,346-3
北投區,豐年,一,774,北投區,北投,,346-4
北投區,豐年,一,775,北投區,北投,,346-1
北投區,豐年,一,776,北投區,北投,,348-1
北投區,豐年,一,777,北投區,北投,,346-6
北投區,豐年,一,778,北投區,北投,,347-2
北投區,豐年,一,779,北投區,北投,,347
北投區,豐年,一,78,北投區,北投,,860-13
北投區,豐年,一,780,北投區,北投,,347-1
北投區,豐年,一,781,北投區,北投,,360-5
北投區,豐年,一,782,北投區,北投,,356-1
北投區,豐年,一,783,北投區,北投,,356
北投區,豐年,一,784,北投區,北投,,346-7
北投區,豐年,一,785,北投區,北投,,351-2
北投區,豐年,一,786,北投區,北投,,349-1
北投區,豐年,一,787,北投區,北投,,346-8
北投區,豐年,一,788,北投區,北投,,356-6
北投區,豐年,一,789,北投區,北投,,356-11
北投區,豐年,一,79,北投區,北投,,860-13
北投區,豐年,一,790,北投區,北投,,356-11
北投區,豐年,一,791,北投區,北投,,356-14
北投區,豐年,一,792,北投區,北投,,1028-11
北投區,豐年,一,792-1,北投區,北投,,1028-12
北投區,豐年,一,793,北投區,北投,,1028-10
北投區,豐年,一,794,北投區,北投,,1028-9
北投區,豐年,一,795,北投區,北投,,1027-1
北投區,豐年,一,796,北投區,北投,,1026-6
北投區,豐年,一,797,北投區,北投,,1026-5
北投區,豐年,一,798,北投區,北投,,1026-4
北投區,豐年,一,799,北投區,北投,,1026-2
北投區,豐年,一,8,北投區,北投,,879-7
北投區,豐年,一,80,北投區,北投,,860-8
北投區,豐年,一,800,北投區,北投,,1027
北投區,豐年,一,801,北投區,北投,,1000-7
北投區,豐年,一,802,北投區,北投,,1013-3
北投區,豐年,一,803,北投區,北投,,1026-9
北投區,豐年,一,804,北投區,北投,,1026
北投區,豐年,一,805,北投區,北投,,1026-12
北投區,豐年,一,806,北投區,北投,,1013
北投區,豐年,一,807,北投區,北投,,1013-1
北投區,豐年,一,808,北投區,北投,,1013-2
北投區,豐年,一,809,北投區,北投,,1013-3
北投區,豐年,一,81,北投區,北投,,898-11
北投區,豐年,一,810,北投區,北投,,1013-3
北投區,豐年,一,811,北投區,北投,,1011
北投區,豐年,一,812,北投區,北投,,1001-1
北投區,豐年,一,813,北投區,北投,,1001
北投區,豐年,一,814,北投區,北投,,1001-6
北投區,豐年,一,815,北投區,北投,,1000-7
北投區,豐年,一,816,北投區,北投,,1000-5
北投區,豐年,一,817,北投區,北投,,1000-1
北投區,豐年,一,818,北投區,北投,,1000-4
北投區,豐年,一,819,北投區,北投,,1000-2
北投區,豐年,一,82,北投區,北投,,898-9
北投區,豐年,一,820,北投區,北投,,1000-6
北投區,豐年,一,821,北投區,北投,,1000-3
北投區,豐年,一,822,北投區,北投,,999-1
北投區,豐年,一,823,北投區,北投,,999-2
北投區,豐年,一,824,北投區,北投,,992-3
北投區,豐年,一,825,北投區,北投,,992-2
北投區,豐年,一,826,北投區,北投,,992
北投區,豐年,一,827,北投區,北投,,992-1
北投區,豐年,一,828,北投區,北投,,989
北投區,豐年,一,829,北投區,北投,,989-2
北投區,豐年,一,83,北投區,北投,,896-16
北投區,豐年,一,830,北投區,北投,,983-5
北投區,豐年,一,831,北投區,北投,,983-4
北投區,豐年,一,832,北投區,北投,,983
北投區,豐年,一,833,北投區,北投,,973-11
北投區,豐年,一,834,北投區,北投,,980
北投區,豐年,一,835,北投區,北投,,980-2
北投區,豐年,一,836,北投區,北投,,973-13
北投區,豐年,一,837,北投區,北投,,973-5
北投區,豐年,一,838,北投區,北投,,973-1
北投區,豐年,一,839,北投區,北投,,973
北投區,豐年,一,84,北投區,北投,,896-19
北投區,豐年,一,840,北投區,北投,,971-1
北投區,豐年,一,841,北投區,北投,,972-1
北投區,豐年,一,842,北投區,北投,,972
北投區,豐年,一,843,北投區,北投,,971
北投區,豐年,一,844,北投區,北投,,968
北投區,豐年,一,845,北投區,北投,,968-1
北投區,豐年,一,846,北投區,北投,,968-2
北投區,豐年,一,847,北投區,北投,,962-12
北投區,豐年,一,848,北投區,北投,,962
北投區,豐年,一,849,北投區,北投,,962-11
北投區,豐年,一,85,北投區,北投,,895
北投區,豐年,一,850,北投區,北投,,962-1
北投區,豐年,一,851,北投區,北投,,960
北投區,豐年,一,852,北投區,北投,,954
北投區,豐年,一,853,北投區,北投,,950
北投區,豐年,一,854,北投區,北投,,951
北投區,豐年,一,855,北投區,北投,,950-1
北投區,豐年,一,856,北投區,北投,,962-12
北投區,豐年,一,857,北投區,北投,,968-7
北投區,豐年,一,858,北投區,北投,,971-1
北投區,豐年,一,859,北投區,北投,,968-6
北投區,豐年,一,86,北投區,北投,,895-6
北投區,豐年,一,860,北投區,北投,,973-12
北投區,豐年,一,861,北投區,北投,,983-5
北投區,豐年,一,862,北投區,北投,,989-6
北投區,豐年,一,863,北投區,北投,,992-3
北投區,豐年,一,864,北投區,北投,,999-15
北投區,豐年,一,865,北投區,北投,,1001-6
北投區,豐年,一,866,北投區,北投,,1001-7
北投區,豐年,一,866-1,北投區,北投,,1001-7
北投區,豐年,一,867,北投區,北投,,1001-3
北投區,豐年,一,868,北投區,北投,,1001-2
北投區,豐年,一,869,北投區,北投,,1011-1
北投區,豐年,一,87,北投區,北投,,895-8
北投區,豐年,一,870,北投區,北投,,1011-2
北投區,豐年,一,871,北投區,北投,,1014-3
北投區,豐年,一,872,北投區,北投,,1011-8
北投區,豐年,一,873,北投區,北投,,1011-10
北投區,豐年,一,874,北投區,北投,,1011-3
北投區,豐年,一,875,北投區,北投,,1001-9
北投區,豐年,一,876,北投區,北投,,1011-15
北投區,豐年,一,877,北投區,北投,,1011-18
北投區,豐年,一,878,北投區,北投,,1011-17
北投區,豐年,一,879,北投區,北投,,1011-19
北投區,豐年,一,88,北投區,北投,,895-7
北投區,豐年,一,880,北投區,北投,,1011-21
北投區,豐年,一,881,北投區,北投,,1014-4
北投區,豐年,一,882,北投區,北投,,1011-22
北投區,豐年,一,883,北投區,北投,,1014
北投區,豐年,一,884,北投區,北投,,1014-1
北投區,豐年,一,885,北投區,北投,,365-5
北投區,豐年,一,886,北投區,北投,,1015-13
北投區,豐年,一,887,北投區,北投,,1015-15
北投區,豐年,一,888,北投區,北投,,1015-8
北投區,豐年,一,889,北投區,北投,,1015-6
北投區,豐年,一,89,北投區,北投,,895-5
北投區,豐年,一,890,北投區,北投,,1015-5
北投區,豐年,一,891,北投區,北投,,1015
北投區,豐年,一,892,北投區,北投,,1023-13
北投區,豐年,一,893,北投區,北投,,1023-12
北投區,豐年,一,894,北投區,北投,,1023-10
北投區,豐年,一,895,北投區,北投,,1023-22
北投區,豐年,一,896,北投區,北投,,1023-1
北投區,豐年,一,897,北投區,北投,,1015-10
北投區,豐年,一,898,北投區,北投,,1015-18
北投區,豐年,一,9,北投區,北投,,879-7
北投區,豐年,一,90,北投區,北投,,895-3
北投區,豐年,一,91,北投區,北投,,895-3
北投區,豐年,一,92,北投區,北投,,896-2
北投區,豐年,一,93,北投區,北投,,896-120
北投區,豐年,一,94,北投區,北投,,896-29
北投區,豐年,一,95,北投區,北投,,896-121
北投區,豐年,一,96,北投區,北投,,896-10
北投區,豐年,一,97,北投區,北投,,896-9
北投區,豐年,一,98,北投區,北投,,896-28
北投區,豐年,一,99,北投區,北投,,896-32
北投區,豐年,三,1,北投區,嗄嘮別,嗄嘮別,486-13
北投區,豐年,三,1-1,北投區,嗄嘮別,嗄嘮別,486-13
北投區,豐年,三,1-2,北投區,嗄嘮別,嗄嘮別,486-13
北投區,豐年,三,10-1,北投區,嗄嘮別,嗄嘮別,522-1
北投區,豐年,三,100,北投區,嗄嘮別,嗄嘮別,628
北投區,豐年,三,101,北投區,嗄嘮別,嗄嘮別,628-2
北投區,豐年,三,102,北投區,嗄嘮別,嗄嘮別,628-1
北投區,豐年,三,103,北投區,嗄嘮別,嗄嘮別,656
北投區,豐年,三,104,北投區,嗄嘮別,嗄嘮別,655
北投區,豐年,三,105,北投區,嗄嘮別,嗄嘮別,654
北投區,豐年,三,106,北投區,嗄嘮別,嗄嘮別,644-1
北投區,豐年,三,107,北投區,嗄嘮別,嗄嘮別,647
北投區,豐年,三,108,北投區,嗄嘮別,嗄嘮別,647-1
北投區,豐年,三,109,北投區,嗄嘮別,嗄嘮別,648
北投區,豐年,三,11-1,北投區,嗄嘮別,嗄嘮別,523-1
北投區,豐年,三,110,北投區,嗄嘮別,嗄嘮別,652
北投區,豐年,三,111,北投區,嗄嘮別,嗄嘮別,653
北投區,豐年,三,112,北投區,嗄嘮別,嗄嘮別,658
北投區,豐年,三,113,北投區,嗄嘮別,嗄嘮別,657
北投區,豐年,三,114,北投區,嗄嘮別,嗄嘮別,659
北投區,豐年,三,115,北投區,嗄嘮別,嗄嘮別,660
北投區,豐年,三,116,北投區,嗄嘮別,嗄嘮別,661-2
北投區,豐年,三,117,北投區,嗄嘮別,嗄嘮別,661
北投區,豐年,三,118,北投區,嗄嘮別,嗄嘮別,661-1
北投區,豐年,三,119,北投區,嗄嘮別,嗄嘮別,662
北投區,豐年,三,12-1,北投區,嗄嘮別,嗄嘮別,522-2
北投區,豐年,三,12-2,北投區,嗄嘮別,嗄嘮別,522-2
北投區,豐年,三,120,北投區,嗄嘮別,嗄嘮別,663
北投區,豐年,三,121,北投區,嗄嘮別,嗄嘮別,664
北投區,豐年,三,122,北投區,嗄嘮別,嗄嘮別,627
北投區,豐年,三,123,北投區,嗄嘮別,嗄嘮別,628-3
北投區,豐年,三,124,北投區,嗄嘮別,嗄嘮別,626
北投區,豐年,三,125,北投區,嗄嘮別,嗄嘮別,625
北投區,豐年,三,126,北投區,嗄嘮別,嗄嘮別,624
北投區,豐年,三,127,北投區,嗄嘮別,嗄嘮別,623
北投區,豐年,三,128,北投區,嗄嘮別,嗄嘮別,666
北投區,豐年,三,129,北投區,嗄嘮別,嗄嘮別,622-1
北投區,豐年,三,130,北投區,嗄嘮別,嗄嘮別,622-2
北投區,豐年,三,131,北投區,嗄嘮別,嗄嘮別,618-5
北投區,豐年,三,132,北投區,嗄嘮別,嗄嘮別,622-4
北投區,豐年,三,133,北投區,嗄嘮別,嗄嘮別,618-4
北投區,豐年,三,134,北投區,嗄嘮別,嗄嘮別,622-3
北投區,豐年,三,135,北投區,嗄嘮別,嗄嘮別,617-1
北投區,豐年,三,136,北投區,嗄嘮別,嗄嘮別,617-2
北投區,豐年,三,137,北投區,嗄嘮別,嗄嘮別,617-3
北投區,豐年,三,138,北投區,嗄嘮別,嗄嘮別,617
北投區,豐年,三,139,北投區,嗄嘮別,嗄嘮別,618-3
北投區,豐年,三,140,北投區,嗄嘮別,嗄嘮別,618-2
北投區,豐年,三,141,北投區,嗄嘮別,嗄嘮別,618-1
北投區,豐年,三,142,北投區,嗄嘮別,嗄嘮別,618
北投區,豐年,三,143,北投區,嗄嘮別,嗄嘮別,667
北投區,豐年,三,144,北投區,嗄嘮別,嗄嘮別,668
北投區,豐年,三,145,北投區,嗄嘮別,嗄嘮別,668-1
北投區,豐年,三,146,北投區,嗄嘮別,嗄嘮別,665
北投區,豐年,三,147,北投區,嗄嘮別,嗄嘮別,669
北投區,豐年,三,148,北投區,嗄嘮別,嗄嘮別,669-1
北投區,豐年,三,149,北投區,嗄嘮別,嗄嘮別,669-6
北投區,豐年,三,15,北投區,嗄嘮別,嗄嘮別,488-6
北投區,豐年,三,150,北投區,嗄嘮別,嗄嘮別,669-5
北投區,豐年,三,151,北投區,嗄嘮別,嗄嘮別,669-2
北投區,豐年,三,152,北投區,嗄嘮別,嗄嘮別,669-4
北投區,豐年,三,153,北投區,嗄嘮別,嗄嘮別,669-3
北投區,豐年,三,154,北投區,嗄嘮別,嗄嘮別,644-1
北投區,豐年,三,155,北投區,嗄嘮別,嗄嘮別,650-1
北投區,豐年,三,156,北投區,嗄嘮別,嗄嘮別,649
北投區,豐年,三,157,北投區,嗄嘮別,嗄嘮別,650
北投區,豐年,三,158,北投區,嗄嘮別,嗄嘮別,281-1
北投區,豐年,三,159,北投區,嗄嘮別,嗄嘮別,651
北投區,豐年,三,16-1,北投區,嗄嘮別,嗄嘮別,486-7
北投區,豐年,三,160,北投區,嗄嘮別,嗄嘮別,683
北投區,豐年,三,161,北投區,嗄嘮別,嗄嘮別,684-1
北投區,豐年,三,162,北投區,嗄嘮別,嗄嘮別,684-2
北投區,豐年,三,163,北投區,嗄嘮別,嗄嘮別,684
北投區,豐年,三,164,北投區,嗄嘮別,嗄嘮別,682
北投區,豐年,三,165,北投區,嗄嘮別,嗄嘮別,681-1
北投區,豐年,三,166,北投區,嗄嘮別,嗄嘮別,681
北投區,豐年,三,167,北投區,嗄嘮別,嗄嘮別,680
北投區,豐年,三,168,北投區,嗄嘮別,嗄嘮別,679-1
北投區,豐年,三,169,北投區,嗄嘮別,嗄嘮別,679
北投區,豐年,三,170,北投區,嗄嘮別,嗄嘮別,678
北投區,豐年,三,171,北投區,嗄嘮別,嗄嘮別,677
北投區,豐年,三,172,北投區,嗄嘮別,嗄嘮別,676-1
北投區,豐年,三,173,北投區,嗄嘮別,嗄嘮別,676
北投區,豐年,三,174,北投區,嗄嘮別,嗄嘮別,675-2
北投區,豐年,三,175,北投區,嗄嘮別,嗄嘮別,675
北投區,豐年,三,176,北投區,嗄嘮別,嗄嘮別,675-3
北投區,豐年,三,177,北投區,嗄嘮別,嗄嘮別,675-1
北投區,豐年,三,178,北投區,嗄嘮別,嗄嘮別,670
北投區,豐年,三,179,北投區,嗄嘮別,嗄嘮別,671
北投區,豐年,三,180,北投區,嗄嘮別,嗄嘮別,672
北投區,豐年,三,181,北投區,嗄嘮別,嗄嘮別,672-1
北投區,豐年,三,182,北投區,嗄嘮別,嗄嘮別,673
北投區,豐年,三,183,北投區,嗄嘮別,嗄嘮別,674-3
北投區,豐年,三,184,北投區,嗄嘮別,嗄嘮別,674-4
北投區,豐年,三,185,北投區,嗄嘮別,嗄嘮別,674-5
北投區,豐年,三,186,北投區,嗄嘮別,嗄嘮別,674
北投區,豐年,三,187,北投區,嗄嘮別,嗄嘮別,674-1
北投區,豐年,三,188,北投區,嗄嘮別,嗄嘮別,674-2
北投區,豐年,三,189,北投區,嗄嘮別,嗄嘮別,674-7
北投區,豐年,三,19,北投區,嗄嘮別,嗄嘮別,486-8
北投區,豐年,三,190,北投區,嗄嘮別,嗄嘮別,686-2
北投區,豐年,三,191,北投區,嗄嘮別,嗄嘮別,684-3
北投區,豐年,三,192,北投區,嗄嘮別,嗄嘮別,686-1
北投區,豐年,三,193,北投區,嗄嘮別,嗄嘮別,686
北投區,豐年,三,194,北投區,嗄嘮別,嗄嘮別,684-5
北投區,豐年,三,195,北投區,嗄嘮別,嗄嘮別,684-4
北投區,豐年,三,196,北投區,嗄嘮別,嗄嘮別,684-6
北投區,豐年,三,197,北投區,嗄嘮別,嗄嘮別,684-7
北投區,豐年,三,198,北投區,嗄嘮別,嗄嘮別,674-6
北投區,豐年,三,199,北投區,嗄嘮別,嗄嘮別,668-2
北投區,豐年,三,2,北投區,嗄嘮別,嗄嘮別,486-6
北投區,豐年,三,20,北投區,嗄嘮別,嗄嘮別,522-3
北投區,豐年,三,200,北投區,嗄嘮別,嗄嘮別,667-2
北投區,豐年,三,201,北投區,嗄嘮別,嗄嘮別,667-1
北投區,豐年,三,202,北投區,嗄嘮別,嗄嘮別,615-14
北投區,豐年,三,203,北投區,嗄嘮別,嗄嘮別,667-3
北投區,豐年,三,204,北投區,嗄嘮別,嗄嘮別,615-1
北投區,豐年,三,205,北投區,嗄嘮別,嗄嘮別,616
北投區,豐年,三,206,北投區,嗄嘮別,嗄嘮別,615-11
北投區,豐年,三,207,北投區,嗄嘮別,嗄嘮別,615-12
北投區,豐年,三,208,北投區,嗄嘮別,嗄嘮別,615-10
北投區,豐年,三,209,北投區,嗄嘮別,嗄嘮別,615-9
北投區,豐年,三,21,北投區,嗄嘮別,嗄嘮別,488-5
北投區,豐年,三,210,北投區,嗄嘮別,嗄嘮別,615-8
北投區,豐年,三,211,北投區,嗄嘮別,嗄嘮別,615-7
北投區,豐年,三,212,北投區,嗄嘮別,嗄嘮別,615-6
北投區,豐年,三,213,北投區,嗄嘮別,嗄嘮別,615-3
北投區,豐年,三,214,北投區,嗄嘮別,嗄嘮別,615-2
北投區,豐年,三,215,北投區,嗄嘮別,嗄嘮別,615
北投區,豐年,三,216,北投區,嗄嘮別,嗄嘮別,615-13
北投區,豐年,三,217,北投區,嗄嘮別,嗄嘮別,778-4
北投區,豐年,三,218,北投區,嗄嘮別,嗄嘮別,615-4
北投區,豐年,三,219,北投區,嗄嘮別,嗄嘮別,615-5
北投區,豐年,三,22,北投區,嗄嘮別,嗄嘮別,488-4
北投區,豐年,三,220,北投區,嗄嘮別,嗄嘮別,615-15
北投區,豐年,三,221,北投區,嗄嘮別,嗄嘮別,778
北投區,豐年,三,222,北投區,嗄嘮別,嗄嘮別,779
北投區,豐年,三,223,北投區,嗄嘮別,嗄嘮別,778-1
北投區,豐年,三,224,北投區,嗄嘮別,嗄嘮別,778-2
北投區,豐年,三,225,北投區,嗄嘮別,嗄嘮別,778-3
北投區,豐年,三,226,北投區,嗄嘮別,嗄嘮別,777-1
北投區,豐年,三,227,北投區,嗄嘮別,嗄嘮別,777-2
北投區,豐年,三,228,北投區,嗄嘮別,嗄嘮別,777-3
北投區,豐年,三,229,北投區,嗄嘮別,嗄嘮別,777-4
北投區,豐年,三,23,北投區,嗄嘮別,嗄嘮別,523
北投區,豐年,三,230,北投區,嗄嘮別,嗄嘮別,777-5
北投區,豐年,三,231,北投區,嗄嘮別,嗄嘮別,777
北投區,豐年,三,232,北投區,嗄嘮別,嗄嘮別,777-6
北投區,豐年,三,233,北投區,嗄嘮別,嗄嘮別,776-2
北投區,豐年,三,234,北投區,嗄嘮別,嗄嘮別,776-1
北投區,豐年,三,237,北投區,嗄嘮別,嗄嘮別,775
北投區,豐年,三,238,北投區,嗄嘮別,嗄嘮別,774-2
北投區,豐年,三,239,北投區,嗄嘮別,嗄嘮別,774
北投區,豐年,三,24,北投區,嗄嘮別,嗄嘮別,526
北投區,豐年,三,240,北投區,嗄嘮別,嗄嘮別,774-1
北投區,豐年,三,241,北投區,嗄嘮別,嗄嘮別,774-3
北投區,豐年,三,242,北投區,嗄嘮別,嗄嘮別,773-2
北投區,豐年,三,243,北投區,嗄嘮別,嗄嘮別,773-1
北投區,豐年,三,244,北投區,嗄嘮別,嗄嘮別,773-3
北投區,豐年,三,245,北投區,嗄嘮別,嗄嘮別,773
北投區,豐年,三,246,北投區,嗄嘮別,嗄嘮別,772-1
北投區,豐年,三,247,北投區,嗄嘮別,嗄嘮別,772
北投區,豐年,三,248,北投區,嗄嘮別,嗄嘮別,771-3
北投區,豐年,三,249,北投區,嗄嘮別,嗄嘮別,771-4
北投區,豐年,三,25,北投區,嗄嘮別,嗄嘮別,533-11
北投區,豐年,三,250,北投區,嗄嘮別,嗄嘮別,771-1
北投區,豐年,三,251,北投區,嗄嘮別,嗄嘮別,771-5
北投區,豐年,三,252,北投區,嗄嘮別,嗄嘮別,771-2
北投區,豐年,三,253,北投區,嗄嘮別,嗄嘮別,739-1
北投區,豐年,三,254,北投區,嗄嘮別,嗄嘮別,739
北投區,豐年,三,255,北投區,嗄嘮別,嗄嘮別,739-2
北投區,豐年,三,256,北投區,嗄嘮別,嗄嘮別,738
北投區,豐年,三,257,北投區,嗄嘮別,嗄嘮別,738-1
北投區,豐年,三,258,北投區,嗄嘮別,嗄嘮別,737-3
北投區,豐年,三,259,北投區,嗄嘮別,嗄嘮別,737-2
北投區,豐年,三,26,北投區,嗄嘮別,嗄嘮別,533-11
北投區,豐年,三,260,北投區,嗄嘮別,嗄嘮別,737
北投區,豐年,三,261,北投區,嗄嘮別,嗄嘮別,737-1
北投區,豐年,三,262,北投區,嗄嘮別,嗄嘮別,736
北投區,豐年,三,263,北投區,嗄嘮別,嗄嘮別,735
北投區,豐年,三,264,北投區,嗄嘮別,嗄嘮別,734
北投區,豐年,三,265,北投區,嗄嘮別,嗄嘮別,733
北投區,豐年,三,266,北投區,嗄嘮別,嗄嘮別,733-1
北投區,豐年,三,267,北投區,嗄嘮別,嗄嘮別,733-4
北投區,豐年,三,268,北投區,嗄嘮別,嗄嘮別,733-2
北投區,豐年,三,269,北投區,嗄嘮別,嗄嘮別,733-5
北投區,豐年,三,27,北投區,嗄嘮別,嗄嘮別,533-12
北投區,豐年,三,270,北投區,嗄嘮別,嗄嘮別,733-3
北投區,豐年,三,271,北投區,嗄嘮別,嗄嘮別,733-6
北投區,豐年,三,272,北投區,嗄嘮別,嗄嘮別,732
北投區,豐年,三,273,北投區,嗄嘮別,嗄嘮別,732-2
北投區,豐年,三,274,北投區,嗄嘮別,嗄嘮別,731
北投區,豐年,三,275,北投區,嗄嘮別,嗄嘮別,729
北投區,豐年,三,276,北投區,嗄嘮別,嗄嘮別,730-1
北投區,豐年,三,277,北投區,嗄嘮別,嗄嘮別,730
北投區,豐年,三,278,北投區,嗄嘮別,嗄嘮別,728-2
北投區,豐年,三,279,北投區,嗄嘮別,嗄嘮別,750-1
北投區,豐年,三,28,北投區,嗄嘮別,嗄嘮別,527-10
北投區,豐年,三,280,北投區,嗄嘮別,嗄嘮別,728-1
北投區,豐年,三,281,北投區,嗄嘮別,嗄嘮別,728
北投區,豐年,三,282,北投區,嗄嘮別,嗄嘮別,727-5
北投區,豐年,三,283,北投區,嗄嘮別,嗄嘮別,727-3
北投區,豐年,三,284,北投區,嗄嘮別,嗄嘮別,727
北投區,豐年,三,285,北投區,嗄嘮別,嗄嘮別,727-1
北投區,豐年,三,286,北投區,嗄嘮別,嗄嘮別,727-2
北投區,豐年,三,287,北投區,嗄嘮別,嗄嘮別,727-4
北投區,豐年,三,288,北投區,嗄嘮別,嗄嘮別,726
北投區,豐年,三,289,北投區,嗄嘮別,嗄嘮別,726-2
北投區,豐年,三,29,北投區,嗄嘮別,嗄嘮別,529-2
北投區,豐年,三,290,北投區,嗄嘮別,嗄嘮別,726-3
北投區,豐年,三,291,北投區,嗄嘮別,嗄嘮別,726-1
北投區,豐年,三,292,北投區,嗄嘮別,嗄嘮別,726-4
北投區,豐年,三,293,北投區,嗄嘮別,嗄嘮別,726-6
北投區,豐年,三,294,北投區,嗄嘮別,嗄嘮別,726-7
北投區,豐年,三,295,北投區,嗄嘮別,嗄嘮別,726-5
北投區,豐年,三,296,北投區,嗄嘮別,嗄嘮別,725-2
北投區,豐年,三,297,北投區,嗄嘮別,嗄嘮別,725-3
北投區,豐年,三,298,北投區,嗄嘮別,嗄嘮別,725-1
北投區,豐年,三,299,北投區,嗄嘮別,嗄嘮別,725
北投區,豐年,三,3,北投區,嗄嘮別,嗄嘮別,486-10
北投區,豐年,三,30,北投區,嗄嘮別,嗄嘮別,529-3
北投區,豐年,三,300,北投區,嗄嘮別,嗄嘮別,684-8
北投區,豐年,三,300-1,北投區,嗄嘮別,嗄嘮別,705-2
北投區,豐年,三,301,北投區,嗄嘮別,嗄嘮別,724
北投區,豐年,三,302,北投區,嗄嘮別,嗄嘮別,723-1
北投區,豐年,三,303,北投區,嗄嘮別,嗄嘮別,723-2
北投區,豐年,三,304,北投區,嗄嘮別,嗄嘮別,723-3
北投區,豐年,三,305,北投區,嗄嘮別,嗄嘮別,723
北投區,豐年,三,306,北投區,嗄嘮別,嗄嘮別,722
北投區,豐年,三,307,北投區,嗄嘮別,嗄嘮別,719
北投區,豐年,三,308,北投區,嗄嘮別,嗄嘮別,718
北投區,豐年,三,309,北投區,嗄嘮別,嗄嘮別,717
北投區,豐年,三,31,北投區,嗄嘮別,嗄嘮別,533-12
北投區,豐年,三,310,北投區,嗄嘮別,嗄嘮別,717-1
北投區,豐年,三,311,北投區,嗄嘮別,嗄嘮別,716-10
北投區,豐年,三,312,北投區,嗄嘮別,嗄嘮別,716-11
北投區,豐年,三,313,北投區,嗄嘮別,嗄嘮別,716-7
北投區,豐年,三,314,北投區,嗄嘮別,嗄嘮別,716-1
北投區,豐年,三,315,北投區,嗄嘮別,嗄嘮別,716-9
北投區,豐年,三,316,北投區,嗄嘮別,嗄嘮別,716-8
北投區,豐年,三,317,北投區,嗄嘮別,嗄嘮別,716-4
北投區,豐年,三,318,北投區,嗄嘮別,嗄嘮別,716-3
北投區,豐年,三,319,北投區,嗄嘮別,嗄嘮別,716-5
北投區,豐年,三,319-1,北投區,嗄嘮別,嗄嘮別,716-2
北投區,豐年,三,319-2,北投區,嗄嘮別,嗄嘮別,716-6
北投區,豐年,三,32,北投區,嗄嘮別,嗄嘮別,533-13
北投區,豐年,三,320,北投區,嗄嘮別,嗄嘮別,716
北投區,豐年,三,321,北投區,嗄嘮別,嗄嘮別,705-1
北投區,豐年,三,322,北投區,嗄嘮別,嗄嘮別,714
北投區,豐年,三,324,北投區,嗄嘮別,嗄嘮別,715
北投區,豐年,三,325,北投區,嗄嘮別,嗄嘮別,712-6
北投區,豐年,三,326,北投區,嗄嘮別,嗄嘮別,712-1
北投區,豐年,三,327,北投區,嗄嘮別,嗄嘮別,712-2
北投區,豐年,三,328,北投區,嗄嘮別,嗄嘮別,712-3
北投區,豐年,三,329,北投區,嗄嘮別,嗄嘮別,712-5
北投區,豐年,三,33,北投區,嗄嘮別,嗄嘮別,533-3
北投區,豐年,三,330,北投區,嗄嘮別,嗄嘮別,712-4
北投區,豐年,三,331,北投區,嗄嘮別,嗄嘮別,712-10
北投區,豐年,三,332,北投區,嗄嘮別,嗄嘮別,712-9
北投區,豐年,三,333,北投區,嗄嘮別,嗄嘮別,712-7
北投區,豐年,三,334,北投區,嗄嘮別,嗄嘮別,712-8
北投區,豐年,三,335,北投區,嗄嘮別,嗄嘮別,712
北投區,豐年,三,336,北投區,嗄嘮別,嗄嘮別,710-2
北投區,豐年,三,337,北投區,嗄嘮別,嗄嘮別,710-1
北投區,豐年,三,338,北投區,嗄嘮別,嗄嘮別,711
北投區,豐年,三,339,北投區,嗄嘮別,嗄嘮別,711-2
北投區,豐年,三,34,北投區,嗄嘮別,嗄嘮別,533-4
北投區,豐年,三,340,北投區,嗄嘮別,嗄嘮別,711-3
北投區,豐年,三,341,北投區,嗄嘮別,嗄嘮別,711-1
北投區,豐年,三,342,北投區,北投,,922-3
北投區,豐年,三,343,北投區,北投,,900-1
北投區,豐年,三,344,北投區,北投,,900-2
北投區,豐年,三,345,北投區,北投,,921-2
北投區,豐年,三,346,北投區,北投,,922
北投區,豐年,三,347,北投區,北投,,922-1
北投區,豐年,三,348,北投區,北投,,922-2
北投區,豐年,三,349,北投區,北投,,923-1
北投區,豐年,三,35,北投區,嗄嘮別,嗄嘮別,533-5
北投區,豐年,三,350,北投區,北投,,923-3
北投區,豐年,三,351,北投區,北投,,923-2
北投區,豐年,三,352,北投區,北投,,926
北投區,豐年,三,353,北投區,北投,,926-1
北投區,豐年,三,354,北投區,北投,,925-1
北投區,豐年,三,355,北投區,北投,,925-2
北投區,豐年,三,356,北投區,北投,,944
北投區,豐年,三,357,北投區,北投,,947
北投區,豐年,三,358,北投區,北投,,946
北投區,豐年,三,359,北投區,北投,,949
北投區,豐年,三,36,北投區,嗄嘮別,嗄嘮別,533-12
北投區,豐年,三,360,北投區,北投,,948-1
北投區,豐年,三,361,北投區,北投,,948
北投區,豐年,三,362,北投區,北投,,951-2
北投區,豐年,三,363,北投區,北投,,950-2
北投區,豐年,三,364,北投區,北投,,954-3
北投區,豐年,三,365,北投區,北投,,954-1
北投區,豐年,三,366,北投區,北投,,959-1
北投區,豐年,三,367,北投區,北投,,959-3
北投區,豐年,三,368,北投區,北投,,959-2
北投區,豐年,三,369,北投區,北投,,962-10
北投區,豐年,三,37,北投區,嗄嘮別,嗄嘮別,534
北投區,豐年,三,370,北投區,北投,,962-9
北投區,豐年,三,371,北投區,北投,,962-8
北投區,豐年,三,372,北投區,北投,,962-5
北投區,豐年,三,373,北投區,北投,,962-7
北投區,豐年,三,374,北投區,北投,,962-6
北投區,豐年,三,375,北投區,北投,,962-4
北投區,豐年,三,376,北投區,北投,,962-3
北投區,豐年,三,377,北投區,北投,,960-2
北投區,豐年,三,378,北投區,北投,,962-2
北投區,豐年,三,379,北投區,北投,,962-15
北投區,豐年,三,38,北投區,嗄嘮別,嗄嘮別,534-3
北投區,豐年,三,380,北投區,北投,,962-12
北投區,豐年,三,381,北投區,北投,,962-13
北投區,豐年,三,382,北投區,北投,,968-4
北投區,豐年,三,383,北投區,北投,,968-3
北投區,豐年,三,384,北投區,北投,,968-5
北投區,豐年,三,385,北投區,北投,,968-8
北投區,豐年,三,386,北投區,北投,,968-6
北投區,豐年,三,387,北投區,北投,,973-2
北投區,豐年,三,388,北投區,北投,,973-6
北投區,豐年,三,389,北投區,北投,,973-7
北投區,豐年,三,39,北投區,嗄嘮別,嗄嘮別,534-1
北投區,豐年,三,390,北投區,北投,,973-8
北投區,豐年,三,391,北投區,北投,,973-9
北投區,豐年,三,392,北投區,北投,,973-10
北投區,豐年,三,393,北投區,北投,,973-3
北投區,豐年,三,394,北投區,北投,,980-1
北投區,豐年,三,395,北投區,北投,,980-4
北投區,豐年,三,396,北投區,北投,,983-8
北投區,豐年,三,397,北投區,北投,,983-1
北投區,豐年,三,398,北投區,北投,,983-3
北投區,豐年,三,399,北投區,北投,,983-2
北投區,豐年,三,40,北投區,嗄嘮別,嗄嘮別,533-12
北投區,豐年,三,400,北投區,北投,,983-5
北投區,豐年,三,401,北投區,北投,,989-7
北投區,豐年,三,402,北投區,北投,,989-1
北投區,豐年,三,402-1,北投區,北投,,989-1
北投區,豐年,三,403,北投區,北投,,994
北投區,豐年,三,403-1,北投區,北投,,994
北投區,豐年,三,404,北投區,北投,,998-2
北投區,豐年,三,404-1,北投區,北投,,998-2
北投區,豐年,三,405,北投區,北投,,994-1
北投區,豐年,三,406,北投區,北投,,992-5
北投區,豐年,三,407,北投區,北投,,992-3
北投區,豐年,三,408,北投區,北投,,999-8
北投區,豐年,三,409,北投區,北投,,999-3
北投區,豐年,三,409-1,北投區,北投,,999-3
北投區,豐年,三,41,北投區,嗄嘮別,嗄嘮別,537-4
北投區,豐年,三,410,北投區,北投,,999-4
北投區,豐年,三,411-1,北投區,北投,,999-6
北投區,豐年,三,412,北投區,北投,,999-7
北投區,豐年,三,412-1,北投區,北投,,999-7
北投區,豐年,三,413,北投區,北投,,999-5
北投區,豐年,三,414,北投區,北投,,998-3
北投區,豐年,三,414-1,北投區,北投,,998-3
北投區,豐年,三,415,北投區,北投,,998-1
北投區,豐年,三,415-1,北投區,北投,,998-1
北投區,豐年,三,416,北投區,北投,,992-3
北投區,豐年,三,417,北投區,北投,,998-9
北投區,豐年,三,418,北投區,北投,,1003
北投區,豐年,三,418-1,北投區,北投,,1003
北投區,豐年,三,419,北投區,北投,,1001-6
北投區,豐年,三,42,北投區,嗄嘮別,嗄嘮別,537-5
北投區,豐年,三,420,北投區,北投,,1001-8
北投區,豐年,三,420-1,北投區,北投,,1001-8
北投區,豐年,三,421,北投區,北投,,1001-4
北投區,豐年,三,422,北投區,北投,,1011-16
北投區,豐年,三,423,北投區,北投,,1001-5
北投區,豐年,三,424,北投區,北投,,1011-6
北投區,豐年,三,425,北投區,北投,,1011-7
北投區,豐年,三,426,北投區,北投,,1001-6
北投區,豐年,三,427,北投區,北投,,1010
北投區,豐年,三,428,北投區,北投,,1010-1
北投區,豐年,三,429,北投區,北投,,1003-4
北投區,豐年,三,43,北投區,嗄嘮別,嗄嘮別,533-8
北投區,豐年,三,430,北投區,北投,,1003-2
北投區,豐年,三,431,北投區,北投,,999-9
北投區,豐年,三,432,北投區,北投,,998-6
北投區,豐年,三,433,北投區,北投,,998-4
北投區,豐年,三,434,北投區,北投,,365-5
北投區,豐年,三,435,北投區,北投,,1004-1
北投區,豐年,三,436,北投區,北投,,1009-3
北投區,豐年,三,437,北投區,北投,,1015-14
北投區,豐年,三,438,北投區,北投,,1015-16
北投區,豐年,三,439,北投區,北投,,1015-7
北投區,豐年,三,439-1,北投區,北投,,1015-19
北投區,豐年,三,44,北投區,嗄嘮別,嗄嘮別,533-12
北投區,豐年,三,440,北投區,北投,,1009-7
北投區,豐年,三,441,北投區,北投,,996-11
北投區,豐年,三,441-1,北投區,北投,,1004-3
北投區,豐年,三,441-2,北投區,北投,,1009-5
北投區,豐年,三,442,北投區,北投,,996-10
北投區,豐年,三,443,北投區,北投,,996-7
北投區,豐年,三,444,北投區,北投,,996-6
北投區,豐年,三,446,北投區,北投,,995-3
北投區,豐年,三,447,北投區,北投,,988-1
北投區,豐年,三,448,北投區,北投,,988-2
北投區,豐年,三,449,北投區,北投,,988-3
北投區,豐年,三,449-1,北投區,北投,,996-8
北投區,豐年,三,45,北投區,嗄嘮別,嗄嘮別,543
北投區,豐年,三,450,北投區,北投,,987-6
北投區,豐年,三,451,北投區,北投,,978-4
北投區,豐年,三,452,北投區,北投,,977-1
北投區,豐年,三,453,北投區,北投,,1065-1
北投區,豐年,三,454,北投區,北投,,978-3
北投區,豐年,三,455,北投區,北投,,977
北投區,豐年,三,456,北投區,北投,,978
北投區,豐年,三,457,北投區,北投,,987-1
北投區,豐年,三,458,北投區,北投,,365-4
北投區,豐年,三,459,北投區,北投,,979-1
北投區,豐年,三,46,北投區,嗄嘮別,嗄嘮別,544
北投區,豐年,三,460,北投區,北投,,976-1
北投區,豐年,三,461,北投區,北投,,976-2
北投區,豐年,三,462,北投區,北投,,937-1
北投區,豐年,三,463,北投區,北投,,966-4
北投區,豐年,三,464,北投區,北投,,967-6
北投區,豐年,三,465,北投區,北投,,966-2
北投區,豐年,三,466,北投區,北投,,966-1
北投區,豐年,三,467,北投區,北投,,976-3
北投區,豐年,三,468,北投區,北投,,976-4
北投區,豐年,三,469,北投區,北投,,979-5
北投區,豐年,三,47,北投區,嗄嘮別,嗄嘮別,543-1
北投區,豐年,三,470,北投區,北投,,986-2
北投區,豐年,三,471,北投區,北投,,986-3
北投區,豐年,三,472,北投區,北投,,986-5
北投區,豐年,三,474,北投區,北投,,989-3
北投區,豐年,三,475,北投區,北投,,994-2
北投區,豐年,三,476,北投區,北投,,989-5
北投區,豐年,三,477,北投區,北投,,989-4
北投區,豐年,三,478,北投區,北投,,986-4
北投區,豐年,三,479,北投區,北投,,986-1
北投區,豐年,三,479-1,北投區,北投,,986-1
北投區,豐年,三,48,北投區,嗄嘮別,嗄嘮別,533-12
北投區,豐年,三,480,北投區,北投,,986
北投區,豐年,三,480-1,北投區,北投,,986
北投區,豐年,三,481,北投區,北投,,979-4
北投區,豐年,三,482,北投區,北投,,979
北投區,豐年,三,483,北投區,北投,,976
北投區,豐年,三,484,北投區,北投,,973-4
北投區,豐年,三,485,北投區,北投,,966-3
北投區,豐年,三,486,北投區,北投,,967
北投區,豐年,三,487,北投區,北投,,967-1
北投區,豐年,三,488,北投區,北投,,967-2
北投區,豐年,三,489,北投區,北投,,966
北投區,豐年,三,49,北投區,嗄嘮別,嗄嘮別,545-1
北投區,豐年,三,490,北投區,北投,,967-3
北投區,豐年,三,491,北投區,北投,,967-4
北投區,豐年,三,492,北投區,北投,,965-5
北投區,豐年,三,493,北投區,北投,,965-4
北投區,豐年,三,494,北投區,北投,,965-3
北投區,豐年,三,495,北投區,北投,,965-2
北投區,豐年,三,496,北投區,北投,,965-1
北投區,豐年,三,497,北投區,北投,,965
北投區,豐年,三,498,北投區,北投,,958
北投區,豐年,三,499,北投區,北投,,957-1
北投區,豐年,三,5-1,北投區,嗄嘮別,嗄嘮別,486-2
北投區,豐年,三,500,北投區,北投,,957
北投區,豐年,三,501,北投區,北投,,943
北投區,豐年,三,502,北投區,北投,,942
北投區,豐年,三,503,北投區,北投,,937-1
北投區,豐年,三,504,北投區,北投,,941
北投區,豐年,三,505,北投區,北投,,940
北投區,豐年,三,506,北投區,北投,,937
北投區,豐年,三,507,北投區,北投,,939-1
北投區,豐年,三,508,北投區,北投,,939
北投區,豐年,三,509,北投區,北投,,938
北投區,豐年,三,510,北投區,北投,,930
北投區,豐年,三,511,北投區,北投,,931
北投區,豐年,三,512,北投區,北投,,932
北投區,豐年,三,513,北投區,北投,,933-1
北投區,豐年,三,514,北投區,北投,,933
北投區,豐年,三,515,北投區,北投,,936
北投區,豐年,三,516,北投區,北投,,934-1
北投區,豐年,三,517,北投區,北投,,934
北投區,豐年,三,518,北投區,北投,,935
北投區,豐年,三,519,北投區,北投,,935-1
北投區,豐年,三,520,北投區,嗄嘮別,嗄嘮別,757
北投區,豐年,三,521,北投區,嗄嘮別,嗄嘮別,757-4
北投區,豐年,三,525,北投區,嗄嘮別,嗄嘮別,755-1
北投區,豐年,三,526,北投區,嗄嘮別,嗄嘮別,721
北投區,豐年,三,527,北投區,嗄嘮別,嗄嘮別,755
北投區,豐年,三,528,北投區,嗄嘮別,嗄嘮別,754
北投區,豐年,三,529,北投區,嗄嘮別,嗄嘮別,756
北投區,豐年,三,53,北投區,嗄嘮別,嗄嘮別,550-1
北投區,豐年,三,530,北投區,嗄嘮別,嗄嘮別,756-1
北投區,豐年,三,531,北投區,嗄嘮別,嗄嘮別,753-1
北投區,豐年,三,532,北投區,嗄嘮別,嗄嘮別,753
北投區,豐年,三,533,北投區,嗄嘮別,嗄嘮別,752
北投區,豐年,三,534,北投區,嗄嘮別,嗄嘮別,752-2
北投區,豐年,三,535,北投區,嗄嘮別,嗄嘮別,752-1
北投區,豐年,三,536,北投區,嗄嘮別,嗄嘮別,751-1
北投區,豐年,三,537,北投區,嗄嘮別,嗄嘮別,751
北投區,豐年,三,538,北投區,嗄嘮別,嗄嘮別,750
北投區,豐年,三,539,北投區,嗄嘮別,嗄嘮別,749-1
北投區,豐年,三,54,北投區,嗄嘮別,嗄嘮別,551-13
北投區,豐年,三,540,北投區,嗄嘮別,嗄嘮別,749
北投區,豐年,三,541,北投區,嗄嘮別,嗄嘮別,748
北投區,豐年,三,542,北投區,嗄嘮別,嗄嘮別,747
北投區,豐年,三,543,北投區,嗄嘮別,嗄嘮別,747-1
北投區,豐年,三,544,北投區,嗄嘮別,嗄嘮別,746-2
北投區,豐年,三,546,北投區,嗄嘮別,嗄嘮別,746
北投區,豐年,三,547,北投區,嗄嘮別,嗄嘮別,745
北投區,豐年,三,548,北投區,嗄嘮別,嗄嘮別,744
北投區,豐年,三,549,北投區,嗄嘮別,嗄嘮別,743
北投區,豐年,三,55,北投區,嗄嘮別,嗄嘮別,551-9
北投區,豐年,三,550,北投區,嗄嘮別,嗄嘮別,742-1
北投區,豐年,三,551,北投區,嗄嘮別,嗄嘮別,742
北投區,豐年,三,552,北投區,嗄嘮別,嗄嘮別,741-1
北投區,豐年,三,553,北投區,嗄嘮別,嗄嘮別,740
北投區,豐年,三,554,北投區,嗄嘮別,嗄嘮別,740-1
北投區,豐年,三,555,北投區,嗄嘮別,嗄嘮別,741
北投區,豐年,三,556,北投區,嗄嘮別,嗄嘮別,760-1
北投區,豐年,三,557,北投區,嗄嘮別,嗄嘮別,759-1
北投區,豐年,三,558,北投區,嗄嘮別,嗄嘮別,759-3
北投區,豐年,三,559,北投區,嗄嘮別,嗄嘮別,888-3
北投區,豐年,三,56,北投區,嗄嘮別,嗄嘮別,551-12
北投區,豐年,三,560,北投區,嗄嘮別,嗄嘮別,760
北投區,豐年,三,561,北投區,嗄嘮別,嗄嘮別,761-2
北投區,豐年,三,562,北投區,嗄嘮別,嗄嘮別,761-1
北投區,豐年,三,563,北投區,嗄嘮別,嗄嘮別,761
北投區,豐年,三,564,北投區,嗄嘮別,嗄嘮別,762
北投區,豐年,三,565,北投區,嗄嘮別,嗄嘮別,762-1
北投區,豐年,三,566,北投區,嗄嘮別,嗄嘮別,763
北投區,豐年,三,567,北投區,嗄嘮別,嗄嘮別,759-2
北投區,豐年,三,57,北投區,嗄嘮別,嗄嘮別,551-14
北投區,豐年,三,570,北投區,嗄嘮別,嗄嘮別,764-3
北投區,豐年,三,571,北投區,嗄嘮別,嗄嘮別,764-1
北投區,豐年,三,572,北投區,嗄嘮別,嗄嘮別,770-2
北投區,豐年,三,574,北投區,嗄嘮別,嗄嘮別,769
北投區,豐年,三,575,北投區,嗄嘮別,嗄嘮別,768
北投區,豐年,三,576,北投區,嗄嘮別,嗄嘮別,768-1
北投區,豐年,三,577,北投區,嗄嘮別,嗄嘮別,768-2
北投區,豐年,三,578,北投區,嗄嘮別,嗄嘮別,767-1
北投區,豐年,三,579,北投區,嗄嘮別,嗄嘮別,767
北投區,豐年,三,58,北投區,嗄嘮別,嗄嘮別,614-1
北投區,豐年,三,580,北投區,嗄嘮別,嗄嘮別,766-1
北投區,豐年,三,582,北投區,嗄嘮別,嗄嘮別,766-2
北投區,豐年,三,584,北投區,嗄嘮別,嗄嘮別,765
北投區,豐年,三,586,北投區,嗄嘮別,嗄嘮別,780
北投區,豐年,三,587,北投區,嗄嘮別,嗄嘮別,781-5
北投區,豐年,三,588,北投區,嗄嘮別,嗄嘮別,781-6
北投區,豐年,三,589,北投區,嗄嘮別,嗄嘮別,781-2
北投區,豐年,三,59,北投區,嗄嘮別,嗄嘮別,152-46
北投區,豐年,三,590,北投區,嗄嘮別,嗄嘮別,781-4
北投區,豐年,三,591,北投區,嗄嘮別,嗄嘮別,781-3
北投區,豐年,三,592,北投區,嗄嘮別,嗄嘮別,781-1
北投區,豐年,三,593,北投區,嗄嘮別,嗄嘮別,781
北投區,豐年,三,594,北投區,嗄嘮別,嗄嘮別,778-5
北投區,豐年,三,595,北投區,嗄嘮別,嗄嘮別,782
北投區,豐年,三,596,北投區,嗄嘮別,嗄嘮別,783
北投區,豐年,三,597,北投區,嗄嘮別,嗄嘮別,784
北投區,豐年,三,598,北投區,嗄嘮別,嗄嘮別,785
北投區,豐年,三,599,北投區,嗄嘮別,嗄嘮別,786
北投區,豐年,三,6-1,北投區,嗄嘮別,嗄嘮別,487
北投區,豐年,三,60,北投區,嗄嘮別,嗄嘮別,601-1
北投區,豐年,三,600,北投區,嗄嘮別,嗄嘮別,786-1
北投區,豐年,三,601,北投區,嗄嘮別,嗄嘮別,787
北投區,豐年,三,602,北投區,嗄嘮別,嗄嘮別,787-1
北投區,豐年,三,603,北投區,嗄嘮別,嗄嘮別,788
北投區,豐年,三,604,北投區,嗄嘮別,嗄嘮別,789
北投區,豐年,三,605,北投區,嗄嘮別,嗄嘮別,789-1
北投區,豐年,三,606,北投區,嗄嘮別,嗄嘮別,785-1
北投區,豐年,三,607,北投區,嗄嘮別,嗄嘮別,795-1
北投區,豐年,三,608,北投區,嗄嘮別,嗄嘮別,795
北投區,豐年,三,609,北投區,嗄嘮別,嗄嘮別,882
北投區,豐年,三,61,北投區,嗄嘮別,嗄嘮別,605-4
北投區,豐年,三,610,北投區,嗄嘮別,嗄嘮別,882-4
北投區,豐年,三,611,北投區,嗄嘮別,嗄嘮別,882-5
北投區,豐年,三,612,北投區,嗄嘮別,嗄嘮別,884-4
北投區,豐年,三,612-1,北投區,嗄嘮別,嗄嘮別,881-2
北投區,豐年,三,613,北投區,嗄嘮別,嗄嘮別,884-6
北投區,豐年,三,614,北投區,嗄嘮別,嗄嘮別,885-4
北投區,豐年,三,615,北投區,嗄嘮別,嗄嘮別,885-24
北投區,豐年,三,616,北投區,嗄嘮別,嗄嘮別,882-1
北投區,豐年,三,617,北投區,嗄嘮別,嗄嘮別,792
北投區,豐年,三,618,北投區,嗄嘮別,嗄嘮別,794
北投區,豐年,三,619,北投區,嗄嘮別,嗄嘮別,790-1
北投區,豐年,三,62,北投區,嗄嘮別,嗄嘮別,591
北投區,豐年,三,620,北投區,嗄嘮別,嗄嘮別,790
北投區,豐年,三,621,北投區,嗄嘮別,嗄嘮別,790-23
北投區,豐年,三,622,北投區,嗄嘮別,嗄嘮別,790-2
北投區,豐年,三,623,北投區,嗄嘮別,嗄嘮別,790-3
北投區,豐年,三,624,北投區,嗄嘮別,嗄嘮別,790-4
北投區,豐年,三,626,北投區,嗄嘮別,嗄嘮別,790-5
北投區,豐年,三,627,北投區,嗄嘮別,嗄嘮別,790-7
北投區,豐年,三,628,北投區,嗄嘮別,嗄嘮別,790-8
北投區,豐年,三,629,北投區,嗄嘮別,嗄嘮別,886-2
北投區,豐年,三,63,北投區,嗄嘮別,嗄嘮別,587-6
北投區,豐年,三,630,北投區,嗄嘮別,嗄嘮別,886-1
北投區,豐年,三,631,北投區,嗄嘮別,嗄嘮別,791-2
北投區,豐年,三,632,北投區,嗄嘮別,嗄嘮別,790-11
北投區,豐年,三,633,北投區,嗄嘮別,嗄嘮別,790-10
北投區,豐年,三,634,北投區,嗄嘮別,嗄嘮別,790-9
北投區,豐年,三,635,北投區,嗄嘮別,嗄嘮別,791-3
北投區,豐年,三,636,北投區,嗄嘮別,嗄嘮別,790-21
北投區,豐年,三,637,北投區,嗄嘮別,嗄嘮別,790-6
北投區,豐年,三,638,北投區,嗄嘮別,嗄嘮別,790-12
北投區,豐年,三,639,北投區,嗄嘮別,嗄嘮別,790-14
北投區,豐年,三,64,北投區,嗄嘮別,嗄嘮別,590
北投區,豐年,三,640,北投區,嗄嘮別,嗄嘮別,790-16
北投區,豐年,三,641,北投區,嗄嘮別,嗄嘮別,792-3
北投區,豐年,三,642,北投區,嗄嘮別,嗄嘮別,885-6
北投區,豐年,三,643,北投區,嗄嘮別,嗄嘮別,790-18
北投區,豐年,三,644,北投區,嗄嘮別,嗄嘮別,790-17
北投區,豐年,三,645,北投區,嗄嘮別,嗄嘮別,790-15
北投區,豐年,三,646,北投區,嗄嘮別,嗄嘮別,790-13
北投區,豐年,三,647,北投區,嗄嘮別,嗄嘮別,790-19
北投區,豐年,三,648,北投區,嗄嘮別,嗄嘮別,790-20
北投區,豐年,三,649,北投區,嗄嘮別,嗄嘮別,791-1
北投區,豐年,三,65,北投區,嗄嘮別,嗄嘮別,152-46
北投區,豐年,三,650,北投區,嗄嘮別,嗄嘮別,791
北投區,豐年,三,651,北投區,嗄嘮別,嗄嘮別,790-22
北投區,豐年,三,652,北投區,嗄嘮別,嗄嘮別,885-24
北投區,豐年,三,653,北投區,嗄嘮別,嗄嘮別,885-15
北投區,豐年,三,654,北投區,嗄嘮別,嗄嘮別,885-12
北投區,豐年,三,655,北投區,嗄嘮別,嗄嘮別,885-12
北投區,豐年,三,656,北投區,嗄嘮別,嗄嘮別,886
北投區,豐年,三,657,北投區,嗄嘮別,嗄嘮別,885-20
北投區,豐年,三,658,北投區,嗄嘮別,嗄嘮別,885-23
北投區,豐年,三,659,北投區,嗄嘮別,嗄嘮別,885-21
北投區,豐年,三,66,北投區,嗄嘮別,嗄嘮別,589-5
北投區,豐年,三,66-1,北投區,嗄嘮別,嗄嘮別,589-4
北投區,豐年,三,661,北投區,嗄嘮別,嗄嘮別,885-13
北投區,豐年,三,662,北投區,嗄嘮別,嗄嘮別,885-17
北投區,豐年,三,663,北投區,嗄嘮別,嗄嘮別,885-18
北投區,豐年,三,664,北投區,嗄嘮別,嗄嘮別,880-1
北投區,豐年,三,665,北投區,嗄嘮別,嗄嘮別,880-1
北投區,豐年,三,666,北投區,嗄嘮別,嗄嘮別,887
北投區,豐年,三,667,北投區,嗄嘮別,嗄嘮別,888-1
北投區,豐年,三,668,北投區,嗄嘮別,嗄嘮別,888
北投區,豐年,三,669,北投區,嗄嘮別,嗄嘮別,889
北投區,豐年,三,67,北投區,嗄嘮別,嗄嘮別,800-13
北投區,豐年,三,670,北投區,嗄嘮別,嗄嘮別,889
北投區,豐年,三,671,北投區,嗄嘮別,嗄嘮別,889-1
北投區,豐年,三,672,北投區,嗄嘮別,嗄嘮別,889-14
北投區,豐年,三,673,北投區,嗄嘮別,嗄嘮別,889-2
北投區,豐年,三,674,北投區,嗄嘮別,嗄嘮別,890
北投區,豐年,三,676,北投區,嗄嘮別,嗄嘮別,891
北投區,豐年,三,677,北投區,嗄嘮別,嗄嘮別,905-23
北投區,豐年,三,678,北投區,嗄嘮別,嗄嘮別,905-15
北投區,豐年,三,679,北投區,嗄嘮別,嗄嘮別,905-15
北投區,豐年,三,68,北投區,嗄嘮別,嗄嘮別,800-10
北投區,豐年,三,680,北投區,嗄嘮別,嗄嘮別,905-23
北投區,豐年,三,681,北投區,嗄嘮別,嗄嘮別,893
北投區,豐年,三,682,北投區,嗄嘮別,嗄嘮別,905-15
北投區,豐年,三,683,北投區,嗄嘮別,嗄嘮別,893
北投區,豐年,三,684,北投區,嗄嘮別,嗄嘮別,891
北投區,豐年,三,685,北投區,嗄嘮別,嗄嘮別,891
北投區,豐年,三,686,北投區,嗄嘮別,嗄嘮別,892
北投區,豐年,三,687,北投區,嗄嘮別,嗄嘮別,892
北投區,豐年,三,688,北投區,嗄嘮別,嗄嘮別,892
北投區,豐年,三,689,北投區,嗄嘮別,嗄嘮別,889-3
北投區,豐年,三,69,北投區,嗄嘮別,嗄嘮別,800-3
北投區,豐年,三,690,北投區,嗄嘮別,嗄嘮別,889-12
北投區,豐年,三,691,北投區,嗄嘮別,嗄嘮別,889-4
北投區,豐年,三,692,北投區,嗄嘮別,嗄嘮別,889-16
北投區,豐年,三,693,北投區,嗄嘮別,嗄嘮別,889-17
北投區,豐年,三,694,北投區,嗄嘮別,嗄嘮別,889-18
北投區,豐年,三,695,北投區,嗄嘮別,嗄嘮別,889-19
北投區,豐年,三,696,北投區,嗄嘮別,嗄嘮別,889-15
北投區,豐年,三,697,北投區,嗄嘮別,嗄嘮別,889-5
北投區,豐年,三,698,北投區,嗄嘮別,嗄嘮別,889-6
北投區,豐年,三,699,北投區,嗄嘮別,嗄嘮別,889-7
北投區,豐年,三,70,北投區,嗄嘮別,嗄嘮別,800-12
北投區,豐年,三,701,北投區,嗄嘮別,嗄嘮別,888
北投區,豐年,三,702,北投區,嗄嘮別,嗄嘮別,888-1
北投區,豐年,三,703,北投區,嗄嘮別,嗄嘮別,888-2
北投區,豐年,三,704,北投區,嗄嘮別,嗄嘮別,888
北投區,豐年,三,705,北投區,嗄嘮別,嗄嘮別,895
北投區,豐年,三,707,北投區,嗄嘮別,嗄嘮別,889-10
北投區,豐年,三,708,北投區,嗄嘮別,嗄嘮別,889-13
北投區,豐年,三,709,北投區,嗄嘮別,嗄嘮別,889-11
北投區,豐年,三,71,北投區,嗄嘮別,嗄嘮別,152-47
北投區,豐年,三,710,北投區,嗄嘮別,嗄嘮別,895
北投區,豐年,三,711,北投區,嗄嘮別,嗄嘮別,894-1
北投區,豐年,三,712,北投區,嗄嘮別,嗄嘮別,894
北投區,豐年,三,713,北投區,嗄嘮別,嗄嘮別,894
北投區,豐年,三,714,北投區,嗄嘮別,嗄嘮別,896
北投區,豐年,三,715,北投區,嗄嘮別,嗄嘮別,894
北投區,豐年,三,716,北投區,嗄嘮別,嗄嘮別,894-1
北投區,豐年,三,717,北投區,嗄嘮別,嗄嘮別,894-1
北投區,豐年,三,718,北投區,嗄嘮別,嗄嘮別,895
北投區,豐年,三,719,北投區,嗄嘮別,嗄嘮別,895
北投區,豐年,三,72,北投區,嗄嘮別,嗄嘮別,1174-2
北投區,豐年,三,720,北投區,嗄嘮別,嗄嘮別,888-1
北投區,豐年,三,721,北投區,嗄嘮別,嗄嘮別,888-2
北投區,豐年,三,722,北投區,嗄嘮別,嗄嘮別,888-1
北投區,豐年,三,723,北投區,嗄嘮別,嗄嘮別,888-2
北投區,豐年,三,724,北投區,嗄嘮別,嗄嘮別,888-2
北投區,豐年,三,725,北投區,嗄嘮別,嗄嘮別,888-1
北投區,豐年,三,726,北投區,嗄嘮別,嗄嘮別,896
北投區,豐年,三,727,北投區,嗄嘮別,嗄嘮別,896
北投區,豐年,三,728,北投區,嗄嘮別,嗄嘮別,900-2
北投區,豐年,三,729,北投區,嗄嘮別,嗄嘮別,898-4
北投區,豐年,三,73,北投區,嗄嘮別,嗄嘮別,796
北投區,豐年,三,730,北投區,嗄嘮別,嗄嘮別,899-7
北投區,豐年,三,731,北投區,嗄嘮別,嗄嘮別,897-1
北投區,豐年,三,732,北投區,嗄嘮別,嗄嘮別,897-1
北投區,豐年,三,733,北投區,嗄嘮別,嗄嘮別,897-1
北投區,豐年,三,734,北投區,嗄嘮別,嗄嘮別,897-1
北投區,豐年,三,735,北投區,嗄嘮別,嗄嘮別,897-1
北投區,豐年,三,736,北投區,嗄嘮別,嗄嘮別,888-4
北投區,豐年,三,737,北投區,嗄嘮別,嗄嘮別,888-5
北投區,豐年,三,738,北投區,嗄嘮別,嗄嘮別,888-6
北投區,豐年,三,739,北投區,嗄嘮別,嗄嘮別,758-1
北投區,豐年,三,740,北投區,嗄嘮別,嗄嘮別,758
北投區,豐年,三,741,北投區,嗄嘮別,嗄嘮別,758-2
北投區,豐年,三,742,北投區,嗄嘮別,嗄嘮別,888-7
北投區,豐年,三,743,北投區,嗄嘮別,嗄嘮別,888-8
北投區,豐年,三,744,北投區,嗄嘮別,嗄嘮別,888-9
北投區,豐年,三,745,北投區,嗄嘮別,嗄嘮別,888-9
北投區,豐年,三,746,北投區,嗄嘮別,嗄嘮別,888-8
北投區,豐年,三,748,北投區,嗄嘮別,嗄嘮別,888-7
北投區,豐年,三,749,北投區,嗄嘮別,嗄嘮別,758-2
北投區,豐年,三,750,北投區,嗄嘮別,嗄嘮別,759-4
北投區,豐年,三,750-1,北投區,嗄嘮別,嗄嘮別,758-4
北投區,豐年,三,751,北投區,嗄嘮別,嗄嘮別,759-7
北投區,豐年,三,752,北投區,嗄嘮別,關渡,2-5
北投區,豐年,三,753,北投區,嗄嘮別,關渡,1-1
北投區,豐年,三,754,北投區,嗄嘮別,關渡,1-1
北投區,豐年,三,755,北投區,嗄嘮別,關渡,1-2
北投區,豐年,三,756,北投區,嗄嘮別,關渡,1-4
北投區,豐年,三,757,北投區,嗄嘮別,關渡,2-5
北投區,豐年,三,758,北投區,嗄嘮別,關渡,2-2
北投區,豐年,三,759,北投區,嗄嘮別,關渡,2-3
北投區,豐年,三,76,北投區,嗄嘮別,嗄嘮別,1105-3
北投區,豐年,三,760,北投區,嗄嘮別,關渡,2-1
北投區,豐年,三,761,北投區,嗄嘮別,關渡,5-4
北投區,豐年,三,762,北投區,嗄嘮別,關渡,5-4
北投區,豐年,三,763,北投區,嗄嘮別,關渡,5-6
北投區,豐年,三,764,北投區,嗄嘮別,關渡,5-6
北投區,豐年,三,765,北投區,嗄嘮別,關渡,5-7
北投區,豐年,三,766,北投區,嗄嘮別,關渡,5-7
北投區,豐年,三,767,北投區,豐年,三,1-3
北投區,豐年,三,767,北投區,豐年,三,10
北投區,豐年,三,767,北投區,豐年,三,11
北投區,豐年,三,767,北投區,豐年,三,12
北投區,豐年,三,767,北投區,豐年,三,13
北投區,豐年,三,767,北投區,豐年,三,14
北投區,豐年,三,767,北投區,豐年,三,16
北投區,豐年,三,767,北投區,豐年,三,17
北投區,豐年,三,767,北投區,豐年,三,18
北投區,豐年,三,767,北投區,豐年,三,4
北投區,豐年,三,767,北投區,豐年,三,5
北投區,豐年,三,767,北投區,豐年,三,6
北投區,豐年,三,767,北投區,豐年,三,7
北投區,豐年,三,767,北投區,豐年,三,78-5
北投區,豐年,三,767,北投區,豐年,三,8
北投區,豐年,三,767,北投區,豐年,三,9
北投區,豐年,三,77,北投區,嗄嘮別,嗄嘮別,152-48
北投區,豐年,三,78,北投區,嗄嘮別,嗄嘮別,152-5
北投區,豐年,三,78-1,北投區,嗄嘮別,嗄嘮別,152-5
北投區,豐年,三,78-2,北投區,嗄嘮別,嗄嘮別,152-5
北投區,豐年,三,78-3,北投區,嗄嘮別,嗄嘮別,152-5
北投區,豐年,三,79,北投區,嗄嘮別,嗄嘮別,647-2
北投區,豐年,三,80,北投區,嗄嘮別,嗄嘮別,641
北投區,豐年,三,81,北投區,嗄嘮別,嗄嘮別,640
北投區,豐年,三,82,北投區,嗄嘮別,嗄嘮別,639
北投區,豐年,三,83,北投區,嗄嘮別,嗄嘮別,646
北投區,豐年,三,84,北投區,嗄嘮別,嗄嘮別,646-1
北投區,豐年,三,85,北投區,嗄嘮別,嗄嘮別,638
北投區,豐年,三,86,北投區,嗄嘮別,嗄嘮別,636
北投區,豐年,三,87,北投區,嗄嘮別,嗄嘮別,635
北投區,豐年,三,88,北投區,嗄嘮別,嗄嘮別,634
北投區,豐年,三,89,北投區,嗄嘮別,嗄嘮別,633
北投區,豐年,三,9-1,北投區,嗄嘮別,嗄嘮別,488-2
北投區,豐年,三,90,北投區,嗄嘮別,嗄嘮別,637-1
北投區,豐年,三,91,北投區,嗄嘮別,嗄嘮別,637-2
北投區,豐年,三,92,北投區,嗄嘮別,嗄嘮別,637-3
北投區,豐年,三,93,北投區,嗄嘮別,嗄嘮別,632
北投區,豐年,三,94,北投區,嗄嘮別,嗄嘮別,654-1
北投區,豐年,三,96,北投區,嗄嘮別,嗄嘮別,630
北投區,豐年,三,97,北投區,嗄嘮別,嗄嘮別,631
北投區,豐年,三,99,北投區,嗄嘮別,嗄嘮別,629
北投區,豐年,二,1,北投區,北投,,616-1
北投區,豐年,二,10,北投區,北投,,616-12
北投區,豐年,二,100,北投區,嗄嘮別,嗄嘮別,178-12
北投區,豐年,二,103,北投區,嗄嘮別,嗄嘮別,179-2
北投區,豐年,二,104,北投區,嗄嘮別,嗄嘮別,174-4
北投區,豐年,二,105,北投區,嗄嘮別,嗄嘮別,179-3
北投區,豐年,二,106,北投區,嗄嘮別,嗄嘮別,179-1
北投區,豐年,二,107,北投區,嗄嘮別,嗄嘮別,174-8
北投區,豐年,二,108,北投區,嗄嘮別,嗄嘮別,174-7
北投區,豐年,二,109,北投區,嗄嘮別,嗄嘮別,176-3
北投區,豐年,二,11,北投區,北投,,617
北投區,豐年,二,110,北投區,嗄嘮別,嗄嘮別,168-57
北投區,豐年,二,111,北投區,嗄嘮別,嗄嘮別,168-53
北投區,豐年,二,112,北投區,嗄嘮別,嗄嘮別,168-55
北投區,豐年,二,113,北投區,嗄嘮別,嗄嘮別,168-54
北投區,豐年,二,114,北投區,嗄嘮別,嗄嘮別,168-53
北投區,豐年,二,115,北投區,嗄嘮別,嗄嘮別,168-52
北投區,豐年,二,116,北投區,嗄嘮別,嗄嘮別,168-51
北投區,豐年,二,117,北投區,嗄嘮別,嗄嘮別,168-50
北投區,豐年,二,118,北投區,嗄嘮別,嗄嘮別,168-49
北投區,豐年,二,119,北投區,嗄嘮別,嗄嘮別,168-48
北投區,豐年,二,12,北投區,北投,,617-13
北投區,豐年,二,120,北投區,嗄嘮別,嗄嘮別,168-47
北投區,豐年,二,121,北投區,嗄嘮別,嗄嘮別,168-46
北投區,豐年,二,122,北投區,嗄嘮別,嗄嘮別,161-80
北投區,豐年,二,123,北投區,嗄嘮別,嗄嘮別,161-79
北投區,豐年,二,124,北投區,嗄嘮別,嗄嘮別,161-78
北投區,豐年,二,125,北投區,嗄嘮別,嗄嘮別,161-77
北投區,豐年,二,126,北投區,嗄嘮別,嗄嘮別,161-76
北投區,豐年,二,127,北投區,嗄嘮別,嗄嘮別,161-81
北投區,豐年,二,128,北投區,嗄嘮別,嗄嘮別,161-82
北投區,豐年,二,129,北投區,嗄嘮別,嗄嘮別,161-83
北投區,豐年,二,13,北投區,北投,,615-4
北投區,豐年,二,130,北投區,嗄嘮別,嗄嘮別,161-84
北投區,豐年,二,131,北投區,嗄嘮別,嗄嘮別,161-85
北投區,豐年,二,132,北投區,嗄嘮別,嗄嘮別,161-86
北投區,豐年,二,133,北投區,嗄嘮別,嗄嘮別,168-64
北投區,豐年,二,134,北投區,嗄嘮別,嗄嘮別,161-87
北投區,豐年,二,135,北投區,嗄嘮別,嗄嘮別,168-69
北投區,豐年,二,136,北投區,嗄嘮別,嗄嘮別,168-63
北投區,豐年,二,137,北投區,嗄嘮別,嗄嘮別,168-62
北投區,豐年,二,138,北投區,嗄嘮別,嗄嘮別,168-61
北投區,豐年,二,139,北投區,嗄嘮別,嗄嘮別,168-60
北投區,豐年,二,14,北投區,北投,,615-4
北投區,豐年,二,140,北投區,嗄嘮別,嗄嘮別,168-70
北投區,豐年,二,141,北投區,嗄嘮別,嗄嘮別,168-71
北投區,豐年,二,142,北投區,嗄嘮別,嗄嘮別,168-72
北投區,豐年,二,143,北投區,嗄嘮別,嗄嘮別,168-59
北投區,豐年,二,144,北投區,嗄嘮別,嗄嘮別,168-58
北投區,豐年,二,145,北投區,嗄嘮別,嗄嘮別,174
北投區,豐年,二,146,北投區,嗄嘮別,嗄嘮別,174-2
北投區,豐年,二,147,北投區,嗄嘮別,嗄嘮別,174-3
北投區,豐年,二,148,北投區,嗄嘮別,嗄嘮別,171-16
北投區,豐年,二,149,北投區,嗄嘮別,嗄嘮別,171-18
北投區,豐年,二,15,北投區,嗄嘮別,嗄嘮別,171-2
北投區,豐年,二,150,北投區,嗄嘮別,嗄嘮別,173-1
北投區,豐年,二,151,北投區,嗄嘮別,嗄嘮別,174-6
北投區,豐年,二,152,北投區,嗄嘮別,嗄嘮別,174-5
北投區,豐年,二,153,北投區,嗄嘮別,嗄嘮別,161-4
北投區,豐年,二,154,北投區,嗄嘮別,嗄嘮別,161
北投區,豐年,二,155,北投區,嗄嘮別,嗄嘮別,161-67
北投區,豐年,二,156,北投區,嗄嘮別,嗄嘮別,161-68
北投區,豐年,二,157,北投區,嗄嘮別,嗄嘮別,161-69
北投區,豐年,二,158,北投區,嗄嘮別,嗄嘮別,161-70
北投區,豐年,二,159,北投區,嗄嘮別,嗄嘮別,161-71
北投區,豐年,二,16,北投區,嗄嘮別,嗄嘮別,171-13
北投區,豐年,二,160,北投區,嗄嘮別,嗄嘮別,161-72
北投區,豐年,二,161,北投區,嗄嘮別,嗄嘮別,161-73
北投區,豐年,二,162,北投區,嗄嘮別,嗄嘮別,161-74
北投區,豐年,二,163,北投區,嗄嘮別,嗄嘮別,161-66
北投區,豐年,二,164,北投區,嗄嘮別,嗄嘮別,161-65
北投區,豐年,二,165,北投區,嗄嘮別,嗄嘮別,161-64
北投區,豐年,二,166,北投區,嗄嘮別,嗄嘮別,161-63
北投區,豐年,二,167,北投區,嗄嘮別,嗄嘮別,161-62
北投區,豐年,二,168,北投區,嗄嘮別,嗄嘮別,161-61
北投區,豐年,二,169,北投區,嗄嘮別,嗄嘮別,161-60
北投區,豐年,二,17,北投區,嗄嘮別,嗄嘮別,171-14
北投區,豐年,二,170,北投區,嗄嘮別,嗄嘮別,161-59
北投區,豐年,二,171,北投區,嗄嘮別,嗄嘮別,161-51
北投區,豐年,二,172,北投區,嗄嘮別,嗄嘮別,161-52
北投區,豐年,二,173,北投區,嗄嘮別,嗄嘮別,161-53
北投區,豐年,二,174,北投區,嗄嘮別,嗄嘮別,161-54
北投區,豐年,二,175,北投區,嗄嘮別,嗄嘮別,161-55
北投區,豐年,二,176,北投區,嗄嘮別,嗄嘮別,161-56
北投區,豐年,二,177,北投區,嗄嘮別,嗄嘮別,161-57
北投區,豐年,二,178,北投區,嗄嘮別,嗄嘮別,161-58
北投區,豐年,二,179,北投區,嗄嘮別,嗄嘮別,161-50
北投區,豐年,二,18,北投區,嗄嘮別,嗄嘮別,83-9
北投區,豐年,二,180,北投區,嗄嘮別,嗄嘮別,161-49
北投區,豐年,二,181,北投區,嗄嘮別,嗄嘮別,161-48
北投區,豐年,二,182,北投區,嗄嘮別,嗄嘮別,161-49
北投區,豐年,二,183,北投區,嗄嘮別,嗄嘮別,161-46
北投區,豐年,二,184,北投區,嗄嘮別,嗄嘮別,161-45
北投區,豐年,二,185,北投區,嗄嘮別,嗄嘮別,161-44
北投區,豐年,二,186,北投區,嗄嘮別,嗄嘮別,161-43
北投區,豐年,二,187,北投區,嗄嘮別,嗄嘮別,161-16
北投區,豐年,二,188,北投區,嗄嘮別,嗄嘮別,161-15
北投區,豐年,二,189,北投區,嗄嘮別,嗄嘮別,161-14
北投區,豐年,二,19,北投區,嗄嘮別,嗄嘮別,169-1
北投區,豐年,二,190,北投區,嗄嘮別,嗄嘮別,161-13
北投區,豐年,二,191,北投區,嗄嘮別,嗄嘮別,161-12
北投區,豐年,二,192,北投區,嗄嘮別,嗄嘮別,161-11
北投區,豐年,二,193,北投區,嗄嘮別,嗄嘮別,161-10
北投區,豐年,二,194,北投區,嗄嘮別,嗄嘮別,161-9
北投區,豐年,二,195,北投區,嗄嘮別,嗄嘮別,161-17
北投區,豐年,二,196,北投區,嗄嘮別,嗄嘮別,161-18
北投區,豐年,二,197,北投區,嗄嘮別,嗄嘮別,161-19
北投區,豐年,二,198,北投區,嗄嘮別,嗄嘮別,161-20
北投區,豐年,二,199,北投區,嗄嘮別,嗄嘮別,161-21
北投區,豐年,二,2,北投區,北投,,616-44
北投區,豐年,二,20,北投區,嗄嘮別,嗄嘮別,168-3
北投區,豐年,二,200,北投區,嗄嘮別,嗄嘮別,161-22
北投區,豐年,二,201,北投區,嗄嘮別,嗄嘮別,155-86
北投區,豐年,二,202,北投區,嗄嘮別,嗄嘮別,161-23
北投區,豐年,二,203,北投區,嗄嘮別,嗄嘮別,161-24
北投區,豐年,二,204,北投區,嗄嘮別,嗄嘮別,161-25
北投區,豐年,二,205,北投區,嗄嘮別,嗄嘮別,161-26
北投區,豐年,二,206,北投區,嗄嘮別,嗄嘮別,161-27
北投區,豐年,二,207,北投區,嗄嘮別,嗄嘮別,161-28
北投區,豐年,二,208,北投區,嗄嘮別,嗄嘮別,161-29
北投區,豐年,二,209,北投區,嗄嘮別,嗄嘮別,161-30
北投區,豐年,二,21,北投區,嗄嘮別,嗄嘮別,168-1
北投區,豐年,二,210,北投區,嗄嘮別,嗄嘮別,161-31
北投區,豐年,二,211,北投區,嗄嘮別,嗄嘮別,161-32
北投區,豐年,二,212,北投區,嗄嘮別,嗄嘮別,161-42
北投區,豐年,二,213,北投區,嗄嘮別,嗄嘮別,161-41
北投區,豐年,二,214,北投區,嗄嘮別,嗄嘮別,161-40
北投區,豐年,二,215,北投區,嗄嘮別,嗄嘮別,161-39
北投區,豐年,二,216,北投區,嗄嘮別,嗄嘮別,161-38
北投區,豐年,二,217,北投區,嗄嘮別,嗄嘮別,161-37
北投區,豐年,二,218,北投區,嗄嘮別,嗄嘮別,161-36
北投區,豐年,二,219,北投區,嗄嘮別,嗄嘮別,161-35
北投區,豐年,二,22,北投區,嗄嘮別,嗄嘮別,106-1
北投區,豐年,二,220,北投區,嗄嘮別,嗄嘮別,161-34
北投區,豐年,二,221,北投區,嗄嘮別,嗄嘮別,161-38
北投區,豐年,二,222,北投區,嗄嘮別,嗄嘮別,155-63
北投區,豐年,二,223,北投區,嗄嘮別,嗄嘮別,155-67
北投區,豐年,二,224,北投區,嗄嘮別,嗄嘮別,155-11
北投區,豐年,二,225,北投區,嗄嘮別,嗄嘮別,155-12
北投區,豐年,二,226,北投區,嗄嘮別,嗄嘮別,155-13
北投區,豐年,二,227,北投區,嗄嘮別,嗄嘮別,155-14
北投區,豐年,二,228,北投區,嗄嘮別,嗄嘮別,155-15
北投區,豐年,二,229,北投區,嗄嘮別,嗄嘮別,155-16
北投區,豐年,二,23,北投區,嗄嘮別,嗄嘮別,106-1
北投區,豐年,二,230,北投區,嗄嘮別,嗄嘮別,155-17
北投區,豐年,二,231,北投區,嗄嘮別,嗄嘮別,155-18
北投區,豐年,二,232,北投區,嗄嘮別,嗄嘮別,155-19
北投區,豐年,二,233,北投區,嗄嘮別,嗄嘮別,155-20
北投區,豐年,二,234,北投區,嗄嘮別,嗄嘮別,155-21
北投區,豐年,二,235,北投區,嗄嘮別,嗄嘮別,155-22
北投區,豐年,二,236,北投區,嗄嘮別,嗄嘮別,155-23
北投區,豐年,二,237,北投區,嗄嘮別,嗄嘮別,155-24
北投區,豐年,二,238,北投區,嗄嘮別,嗄嘮別,155-25
北投區,豐年,二,239,北投區,嗄嘮別,嗄嘮別,155-26
北投區,豐年,二,24,北投區,嗄嘮別,嗄嘮別,106-2
北投區,豐年,二,240,北投區,嗄嘮別,嗄嘮別,155-27
北投區,豐年,二,241,北投區,嗄嘮別,嗄嘮別,155-44
北投區,豐年,二,242,北投區,嗄嘮別,嗄嘮別,155-43
北投區,豐年,二,243,北投區,嗄嘮別,嗄嘮別,155-42
北投區,豐年,二,244,北投區,嗄嘮別,嗄嘮別,155-41
北投區,豐年,二,245,北投區,嗄嘮別,嗄嘮別,155-40
北投區,豐年,二,246,北投區,嗄嘮別,嗄嘮別,155-39
北投區,豐年,二,247,北投區,嗄嘮別,嗄嘮別,155-38
北投區,豐年,二,248,北投區,嗄嘮別,嗄嘮別,155-37
北投區,豐年,二,249,北投區,嗄嘮別,嗄嘮別,155-36
北投區,豐年,二,25,北投區,嗄嘮別,嗄嘮別,106-2
北投區,豐年,二,250,北投區,嗄嘮別,嗄嘮別,155-35
北投區,豐年,二,251,北投區,嗄嘮別,嗄嘮別,155-34
北投區,豐年,二,252,北投區,嗄嘮別,嗄嘮別,155-33
北投區,豐年,二,253,北投區,嗄嘮別,嗄嘮別,155-32
北投區,豐年,二,254,北投區,嗄嘮別,嗄嘮別,155-31
北投區,豐年,二,255,北投區,嗄嘮別,嗄嘮別,155-30
北投區,豐年,二,256,北投區,嗄嘮別,嗄嘮別,155-29
北投區,豐年,二,257,北投區,嗄嘮別,嗄嘮別,155-28
北投區,豐年,二,258,北投區,嗄嘮別,嗄嘮別,155-45
北投區,豐年,二,259,北投區,嗄嘮別,嗄嘮別,155-46
北投區,豐年,二,26,北投區,嗄嘮別,嗄嘮別,168-2
北投區,豐年,二,260,北投區,嗄嘮別,嗄嘮別,155-47
北投區,豐年,二,261,北投區,嗄嘮別,嗄嘮別,155-48
北投區,豐年,二,262,北投區,嗄嘮別,嗄嘮別,155-49
北投區,豐年,二,263,北投區,嗄嘮別,嗄嘮別,155-50
北投區,豐年,二,264,北投區,嗄嘮別,嗄嘮別,155-51
北投區,豐年,二,265,北投區,嗄嘮別,嗄嘮別,155-52
北投區,豐年,二,266,北投區,嗄嘮別,嗄嘮別,155-53
北投區,豐年,二,267,北投區,嗄嘮別,嗄嘮別,155-54
北投區,豐年,二,268,北投區,嗄嘮別,嗄嘮別,155-82
北投區,豐年,二,269,北投區,嗄嘮別,嗄嘮別,155-81
北投區,豐年,二,27,北投區,嗄嘮別,嗄嘮別,168
北投區,豐年,二,270,北投區,嗄嘮別,嗄嘮別,155-80
北投區,豐年,二,271,北投區,嗄嘮別,嗄嘮別,155-55
北投區,豐年,二,272,北投區,嗄嘮別,嗄嘮別,155-78
北投區,豐年,二,273,北投區,嗄嘮別,嗄嘮別,155-62
北投區,豐年,二,274,北投區,嗄嘮別,嗄嘮別,155-79
北投區,豐年,二,275,北投區,嗄嘮別,嗄嘮別,155-61
北投區,豐年,二,276,北投區,嗄嘮別,嗄嘮別,155-60
北投區,豐年,二,277,北投區,嗄嘮別,嗄嘮別,155-59
北投區,豐年,二,278,北投區,嗄嘮別,嗄嘮別,155-58
北投區,豐年,二,279,北投區,嗄嘮別,嗄嘮別,155-57
北投區,豐年,二,28,北投區,嗄嘮別,嗄嘮別,168
北投區,豐年,二,280,北投區,嗄嘮別,嗄嘮別,155-56
北投區,豐年,二,281,北投區,嗄嘮別,嗄嘮別,148-7
北投區,豐年,二,282,北投區,嗄嘮別,嗄嘮別,155-77
北投區,豐年,二,283,北投區,嗄嘮別,嗄嘮別,155-76
北投區,豐年,二,284,北投區,嗄嘮別,嗄嘮別,155-75
北投區,豐年,二,285,北投區,嗄嘮別,嗄嘮別,155-74
北投區,豐年,二,286,北投區,嗄嘮別,嗄嘮別,155-73
北投區,豐年,二,287,北投區,嗄嘮別,嗄嘮別,155-72
北投區,豐年,二,288,北投區,嗄嘮別,嗄嘮別,155-1
北投區,豐年,二,289,北投區,嗄嘮別,嗄嘮別,155-83
北投區,豐年,二,29,北投區,嗄嘮別,嗄嘮別,168-5
北投區,豐年,二,290,北投區,嗄嘮別,嗄嘮別,155
北投區,豐年,二,291,北投區,嗄嘮別,嗄嘮別,148-8
北投區,豐年,二,292,北投區,嗄嘮別,嗄嘮別,148-4
北投區,豐年,二,293,北投區,嗄嘮別,嗄嘮別,153-2
北投區,豐年,二,294,北投區,嗄嘮別,嗄嘮別,154-27
北投區,豐年,二,295,北投區,嗄嘮別,嗄嘮別,154-4
北投區,豐年,二,296,北投區,嗄嘮別,嗄嘮別,154-3
北投區,豐年,二,297,北投區,嗄嘮別,嗄嘮別,154-5
北投區,豐年,二,298,北投區,嗄嘮別,嗄嘮別,154-1
北投區,豐年,二,299,北投區,嗄嘮別,嗄嘮別,154-14
北投區,豐年,二,3,北投區,北投,,616-46
北投區,豐年,二,30,北投區,嗄嘮別,嗄嘮別,168-6
北投區,豐年,二,300,北投區,嗄嘮別,嗄嘮別,154-25
北投區,豐年,二,301,北投區,嗄嘮別,嗄嘮別,154-13
北投區,豐年,二,302,北投區,嗄嘮別,嗄嘮別,154-12
北投區,豐年,二,303,北投區,嗄嘮別,嗄嘮別,154-11
北投區,豐年,二,304,北投區,嗄嘮別,嗄嘮別,154-10
北投區,豐年,二,305,北投區,嗄嘮別,嗄嘮別,154-9
北投區,豐年,二,306,北投區,嗄嘮別,嗄嘮別,154-8
北投區,豐年,二,307,北投區,嗄嘮別,嗄嘮別,154-7
北投區,豐年,二,308,北投區,嗄嘮別,嗄嘮別,154
北投區,豐年,二,309,北投區,嗄嘮別,嗄嘮別,154-16
北投區,豐年,二,31,北投區,嗄嘮別,嗄嘮別,168-7
北投區,豐年,二,310,北投區,嗄嘮別,嗄嘮別,154-15
北投區,豐年,二,311,北投區,嗄嘮別,嗄嘮別,154-2
北投區,豐年,二,312,北投區,嗄嘮別,嗄嘮別,154-20
北投區,豐年,二,313,北投區,嗄嘮別,嗄嘮別,148-5
北投區,豐年,二,314,北投區,嗄嘮別,嗄嘮別,148-5
北投區,豐年,二,315,北投區,嗄嘮別,嗄嘮別,154-6
北投區,豐年,二,316,北投區,嗄嘮別,嗄嘮別,48-8
北投區,豐年,二,317,北投區,嗄嘮別,嗄嘮別,155-5
北投區,豐年,二,318,北投區,嗄嘮別,嗄嘮別,155-4
北投區,豐年,二,319,北投區,嗄嘮別,嗄嘮別,72
北投區,豐年,二,32,北投區,嗄嘮別,嗄嘮別,168-8
北投區,豐年,二,320,北投區,嗄嘮別,嗄嘮別,116
北投區,豐年,二,321,北投區,嗄嘮別,嗄嘮別,148-2
北投區,豐年,二,322,北投區,嗄嘮別,嗄嘮別,148-4
北投區,豐年,二,323,北投區,嗄嘮別,嗄嘮別,149
北投區,豐年,二,324,北投區,嗄嘮別,嗄嘮別,142
北投區,豐年,二,325,北投區,嗄嘮別,嗄嘮別,150
北投區,豐年,二,326,北投區,嗄嘮別,嗄嘮別,149-3
北投區,豐年,二,327,北投區,嗄嘮別,嗄嘮別,142
北投區,豐年,二,328,北投區,嗄嘮別,嗄嘮別,151
北投區,豐年,二,329,北投區,嗄嘮別,嗄嘮別,149-2
北投區,豐年,二,33,北投區,嗄嘮別,嗄嘮別,168-4
北投區,豐年,二,330,北投區,嗄嘮別,嗄嘮別,149-10
北投區,豐年,二,331,北投區,嗄嘮別,嗄嘮別,149-9
北投區,豐年,二,332,北投區,嗄嘮別,嗄嘮別,149-8
北投區,豐年,二,333,北投區,嗄嘮別,嗄嘮別,149-1
北投區,豐年,二,337,北投區,嗄嘮別,嗄嘮別,153-7
北投區,豐年,二,34,北投區,嗄嘮別,嗄嘮別,168-10
北投區,豐年,二,342,北投區,嗄嘮別,嗄嘮別,150-55
北投區,豐年,二,343,北投區,嗄嘮別,嗄嘮別,153-24
北投區,豐年,二,344,北投區,嗄嘮別,嗄嘮別,153-57
北投區,豐年,二,346,北投區,嗄嘮別,嗄嘮別,153-59
北投區,豐年,二,349,北投區,嗄嘮別,嗄嘮別,153-12
北投區,豐年,二,35,北投區,嗄嘮別,嗄嘮別,168-11
北投區,豐年,二,357,北投區,嗄嘮別,嗄嘮別,153-15
北投區,豐年,二,359,北投區,嗄嘮別,嗄嘮別,153-46
北投區,豐年,二,36,北投區,嗄嘮別,嗄嘮別,168-12
北投區,豐年,二,360,北投區,嗄嘮別,嗄嘮別,153-47
北投區,豐年,二,364,北投區,嗄嘮別,嗄嘮別,153-48
北投區,豐年,二,37,北投區,嗄嘮別,嗄嘮別,168-13
北投區,豐年,二,373,北投區,嗄嘮別,嗄嘮別,153-53
北投區,豐年,二,374,北投區,嗄嘮別,嗄嘮別,153-61
北投區,豐年,二,375,北投區,嗄嘮別,嗄嘮別,153-21
北投區,豐年,二,376,北投區,嗄嘮別,嗄嘮別,153-58
北投區,豐年,二,377,北投區,嗄嘮別,嗄嘮別,150-51
北投區,豐年,二,378,北投區,嗄嘮別,嗄嘮別,150-50
北投區,豐年,二,379,北投區,嗄嘮別,嗄嘮別,150-52
北投區,豐年,二,38,北投區,嗄嘮別,嗄嘮別,168-14
北投區,豐年,二,380,北投區,嗄嘮別,嗄嘮別,150-53
北投區,豐年,二,381,北投區,嗄嘮別,嗄嘮別,150-54
北投區,豐年,二,382,北投區,嗄嘮別,嗄嘮別,150-1
北投區,豐年,二,383,北投區,嗄嘮別,嗄嘮別,150-57
北投區,豐年,二,384,北投區,嗄嘮別,嗄嘮別,150-58
北投區,豐年,二,385,北投區,嗄嘮別,嗄嘮別,150-59
北投區,豐年,二,386,北投區,嗄嘮別,嗄嘮別,150-60
北投區,豐年,二,387,北投區,嗄嘮別,嗄嘮別,152-33
北投區,豐年,二,388,北投區,嗄嘮別,嗄嘮別,150-61
北投區,豐年,二,389,北投區,嗄嘮別,嗄嘮別,150-62
北投區,豐年,二,39,北投區,嗄嘮別,嗄嘮別,168-15
北投區,豐年,二,390,北投區,嗄嘮別,嗄嘮別,150-63
北投區,豐年,二,391,北投區,嗄嘮別,嗄嘮別,150-65
北投區,豐年,二,392,北投區,嗄嘮別,嗄嘮別,152-7
北投區,豐年,二,393,北投區,嗄嘮別,嗄嘮別,152-6
北投區,豐年,二,394,北投區,嗄嘮別,嗄嘮別,152-21
北投區,豐年,二,395,北投區,嗄嘮別,嗄嘮別,152-22
北投區,豐年,二,396,北投區,嗄嘮別,嗄嘮別,152-23
北投區,豐年,二,397,北投區,嗄嘮別,嗄嘮別,152-24
北投區,豐年,二,398,北投區,嗄嘮別,嗄嘮別,152-25
北投區,豐年,二,399,北投區,嗄嘮別,嗄嘮別,152-26
北投區,豐年,二,4,北投區,北投,,618-79
北投區,豐年,二,40,北投區,嗄嘮別,嗄嘮別,168-16
北投區,豐年,二,400,北投區,嗄嘮別,嗄嘮別,152-27
北投區,豐年,二,401,北投區,嗄嘮別,嗄嘮別,152-28
北投區,豐年,二,402,北投區,嗄嘮別,嗄嘮別,152-29
北投區,豐年,二,403,北投區,嗄嘮別,嗄嘮別,152-30
北投區,豐年,二,404,北投區,嗄嘮別,嗄嘮別,152-31
北投區,豐年,二,405,北投區,嗄嘮別,嗄嘮別,152-45
北投區,豐年,二,406,北投區,嗄嘮別,嗄嘮別,152-32
北投區,豐年,二,407,北投區,嗄嘮別,嗄嘮別,152
北投區,豐年,二,408,北投區,嗄嘮別,嗄嘮別,152-20
北投區,豐年,二,409,北投區,嗄嘮別,嗄嘮別,152-16
北投區,豐年,二,41,北投區,嗄嘮別,嗄嘮別,168-17
北投區,豐年,二,410,北投區,嗄嘮別,嗄嘮別,152-15
北投區,豐年,二,411,北投區,嗄嘮別,嗄嘮別,152-19
北投區,豐年,二,412,北投區,嗄嘮別,嗄嘮別,152-18
北投區,豐年,二,413,北投區,嗄嘮別,嗄嘮別,152-14
北投區,豐年,二,414,北投區,嗄嘮別,嗄嘮別,152-13
北投區,豐年,二,415,北投區,嗄嘮別,嗄嘮別,152-17
北投區,豐年,二,416,北投區,嗄嘮別,嗄嘮別,152-51
北投區,豐年,二,417,北投區,嗄嘮別,嗄嘮別,152-5
北投區,豐年,二,418,北投區,北投,,664-2
北投區,豐年,二,419,北投區,北投,,879-1
北投區,豐年,二,42,北投區,嗄嘮別,嗄嘮別,168-18
北投區,豐年,二,420,北投區,北投,,879-14
北投區,豐年,二,421,北投區,嗄嘮別,嗄嘮別,190-2
北投區,豐年,二,422,北投區,嗄嘮別,嗄嘮別,190-1
北投區,豐年,二,423,北投區,嗄嘮別,嗄嘮別,190
北投區,豐年,二,424,北投區,嗄嘮別,嗄嘮別,182-1
北投區,豐年,二,425,北投區,嗄嘮別,嗄嘮別,182
北投區,豐年,二,426,北投區,嗄嘮別,嗄嘮別,183
北投區,豐年,二,427,北投區,嗄嘮別,嗄嘮別,189-1
北投區,豐年,二,428,北投區,嗄嘮別,嗄嘮別,189
北投區,豐年,二,429,北投區,嗄嘮別,嗄嘮別,188-1
北投區,豐年,二,43,北投區,嗄嘮別,嗄嘮別,168-19
北投區,豐年,二,430,北投區,嗄嘮別,嗄嘮別,188
北投區,豐年,二,431,北投區,嗄嘮別,嗄嘮別,188
北投區,豐年,二,432,北投區,嗄嘮別,嗄嘮別,184
北投區,豐年,二,433,北投區,嗄嘮別,嗄嘮別,185
北投區,豐年,二,434,北投區,嗄嘮別,嗄嘮別,187-1
北投區,豐年,二,435,北投區,嗄嘮別,嗄嘮別,187
北投區,豐年,二,436,北投區,嗄嘮別,嗄嘮別,186
北投區,豐年,二,437,北投區,嗄嘮別,嗄嘮別,186
北投區,豐年,二,438,北投區,嗄嘮別,嗄嘮別,200
北投區,豐年,二,439,北投區,嗄嘮別,嗄嘮別,201-1
北投區,豐年,二,44,北投區,嗄嘮別,嗄嘮別,168-20
北投區,豐年,二,440,北投區,嗄嘮別,嗄嘮別,201
北投區,豐年,二,441,北投區,嗄嘮別,嗄嘮別,200
北投區,豐年,二,442,北投區,嗄嘮別,嗄嘮別,212
北投區,豐年,二,443,北投區,嗄嘮別,嗄嘮別,189-2
北投區,豐年,二,444,北投區,嗄嘮別,嗄嘮別,189-2
北投區,豐年,二,445,北投區,嗄嘮別,嗄嘮別,199-11
北投區,豐年,二,446,北投區,嗄嘮別,嗄嘮別,199-4
北投區,豐年,二,447,北投區,嗄嘮別,嗄嘮別,199-5
北投區,豐年,二,448,北投區,嗄嘮別,嗄嘮別,199-6
北投區,豐年,二,449,北投區,嗄嘮別,嗄嘮別,199-7
北投區,豐年,二,45,北投區,嗄嘮別,嗄嘮別,168-21
北投區,豐年,二,450,北投區,嗄嘮別,嗄嘮別,199-8
北投區,豐年,二,451,北投區,嗄嘮別,嗄嘮別,199-9
北投區,豐年,二,452,北投區,嗄嘮別,嗄嘮別,199-10
北投區,豐年,二,453,北投區,嗄嘮別,嗄嘮別,199-17
北投區,豐年,二,454,北投區,嗄嘮別,嗄嘮別,199-18
北投區,豐年,二,455,北投區,嗄嘮別,嗄嘮別,199-23
北投區,豐年,二,456,北投區,嗄嘮別,嗄嘮別,199-15
北投區,豐年,二,457,北投區,嗄嘮別,嗄嘮別,199-14
北投區,豐年,二,458,北投區,嗄嘮別,嗄嘮別,199-13
北投區,豐年,二,459,北投區,嗄嘮別,嗄嘮別,199-12
北投區,豐年,二,46,北投區,嗄嘮別,嗄嘮別,168-22
北投區,豐年,二,460,北投區,嗄嘮別,嗄嘮別,199-28
北投區,豐年,二,461,北投區,嗄嘮別,嗄嘮別,199-1
北投區,豐年,二,462,北投區,嗄嘮別,嗄嘮別,199-27
北投區,豐年,二,463,北投區,嗄嘮別,嗄嘮別,199-2
北投區,豐年,二,464,北投區,嗄嘮別,嗄嘮別,199-3
北投區,豐年,二,465,北投區,嗄嘮別,嗄嘮別,199-24
北投區,豐年,二,466,北投區,嗄嘮別,嗄嘮別,199-29
北投區,豐年,二,467,北投區,嗄嘮別,嗄嘮別,196-5
北投區,豐年,二,468,北投區,嗄嘮別,嗄嘮別,196-5
北投區,豐年,二,469,北投區,嗄嘮別,嗄嘮別,196-2
北投區,豐年,二,47,北投區,嗄嘮別,嗄嘮別,168-23
北投區,豐年,二,470,北投區,嗄嘮別,嗄嘮別,196-6
北投區,豐年,二,471,北投區,嗄嘮別,嗄嘮別,195-5
北投區,豐年,二,472,北投區,嗄嘮別,嗄嘮別,195
北投區,豐年,二,473,北投區,嗄嘮別,嗄嘮別,196-1
北投區,豐年,二,474,北投區,嗄嘮別,嗄嘮別,196-4
北投區,豐年,二,474-1,北投區,嗄嘮別,嗄嘮別,196-4
北投區,豐年,二,475,北投區,嗄嘮別,嗄嘮別,196-3
北投區,豐年,二,476,北投區,嗄嘮別,嗄嘮別,196
北投區,豐年,二,477,北投區,嗄嘮別,嗄嘮別,193
北投區,豐年,二,478,北投區,嗄嘮別,嗄嘮別,193-1
北投區,豐年,二,479,北投區,嗄嘮別,嗄嘮別,193-2
北投區,豐年,二,48,北投區,嗄嘮別,嗄嘮別,168-24
北投區,豐年,二,480,北投區,嗄嘮別,嗄嘮別,194
北投區,豐年,二,481,北投區,嗄嘮別,嗄嘮別,192
北投區,豐年,二,482,北投區,嗄嘮別,嗄嘮別,192-1
北投區,豐年,二,483,北投區,嗄嘮別,嗄嘮別,192-2
北投區,豐年,二,484,北投區,嗄嘮別,嗄嘮別,191
北投區,豐年,二,485,北投區,嗄嘮別,嗄嘮別,191-1
北投區,豐年,二,486,北投區,北投,,879-14
北投區,豐年,二,487,北投區,嗄嘮別,嗄嘮別,194-3
北投區,豐年,二,488,北投區,嗄嘮別,嗄嘮別,194-1
北投區,豐年,二,489,北投區,嗄嘮別,嗄嘮別,195-1
北投區,豐年,二,49,北投區,嗄嘮別,嗄嘮別,171-3
北投區,豐年,二,490,北投區,嗄嘮別,嗄嘮別,195-2
北投區,豐年,二,491,北投區,嗄嘮別,嗄嘮別,197-1
北投區,豐年,二,492,北投區,嗄嘮別,嗄嘮別,197-10
北投區,豐年,二,493,北投區,嗄嘮別,嗄嘮別,197
北投區,豐年,二,494,北投區,嗄嘮別,嗄嘮別,197
北投區,豐年,二,495,北投區,嗄嘮別,嗄嘮別,199-19
北投區,豐年,二,496,北投區,嗄嘮別,嗄嘮別,199-25
北投區,豐年,二,497,北投區,嗄嘮別,嗄嘮別,199-16
北投區,豐年,二,498,北投區,嗄嘮別,嗄嘮別,199
北投區,豐年,二,499,北投區,嗄嘮別,嗄嘮別,199-21
北投區,豐年,二,5,北投區,北投,,616-24
北投區,豐年,二,50,北投區,嗄嘮別,嗄嘮別,168-25
北投區,豐年,二,500,北投區,嗄嘮別,嗄嘮別,199-22
北投區,豐年,二,501,北投區,嗄嘮別,嗄嘮別,219
北投區,豐年,二,502,北投區,嗄嘮別,嗄嘮別,219
北投區,豐年,二,503,北投區,嗄嘮別,嗄嘮別,198
北投區,豐年,二,504,北投區,嗄嘮別,嗄嘮別,198
北投區,豐年,二,505,北投區,嗄嘮別,嗄嘮別,197-2
北投區,豐年,二,506,北投區,嗄嘮別,嗄嘮別,197-4
北投區,豐年,二,507,北投區,嗄嘮別,嗄嘮別,197-5
北投區,豐年,二,508,北投區,嗄嘮別,嗄嘮別,197-8
北投區,豐年,二,509,北投區,嗄嘮別,嗄嘮別,197-7
北投區,豐年,二,51,北投區,嗄嘮別,嗄嘮別,171-22
北投區,豐年,二,510,北投區,嗄嘮別,嗄嘮別,197-9
北投區,豐年,二,511,北投區,嗄嘮別,嗄嘮別,197-6
北投區,豐年,二,512,北投區,嗄嘮別,嗄嘮別,197-3
北投區,豐年,二,513,北投區,嗄嘮別,嗄嘮別,197-11
北投區,豐年,二,514,北投區,嗄嘮別,嗄嘮別,197-12
北投區,豐年,二,515,北投區,嗄嘮別,嗄嘮別,220
北投區,豐年,二,515-1,北投區,嗄嘮別,嗄嘮別,220-1
北投區,豐年,二,516,北投區,嗄嘮別,嗄嘮別,222-1
北投區,豐年,二,517,北投區,嗄嘮別,嗄嘮別,189-2
北投區,豐年,二,518,北投區,嗄嘮別,嗄嘮別,202-1
北投區,豐年,二,519,北投區,嗄嘮別,嗄嘮別,202-1
北投區,豐年,二,52,北投區,嗄嘮別,嗄嘮別,171-15
北投區,豐年,二,520,北投區,嗄嘮別,嗄嘮別,202-1
北投區,豐年,二,521,北投區,嗄嘮別,嗄嘮別,202-2
北投區,豐年,二,522,北投區,嗄嘮別,嗄嘮別,202-2
北投區,豐年,二,523,北投區,嗄嘮別,嗄嘮別,202
北投區,豐年,二,524,北投區,嗄嘮別,嗄嘮別,202
北投區,豐年,二,525,北投區,嗄嘮別,嗄嘮別,203
北投區,豐年,二,526,北投區,嗄嘮別,嗄嘮別,203
北投區,豐年,二,527,北投區,嗄嘮別,嗄嘮別,204
北投區,豐年,二,528,北投區,嗄嘮別,嗄嘮別,205
北投區,豐年,二,529,北投區,嗄嘮別,嗄嘮別,210
北投區,豐年,二,53,北投區,嗄嘮別,嗄嘮別,176-1
北投區,豐年,二,530,北投區,嗄嘮別,嗄嘮別,211
北投區,豐年,二,531,北投區,嗄嘮別,嗄嘮別,210-2
北投區,豐年,二,532,北投區,嗄嘮別,嗄嘮別,210-3
北投區,豐年,二,533,北投區,嗄嘮別,嗄嘮別,210-4
北投區,豐年,二,534,北投區,嗄嘮別,嗄嘮別,210-1
北投區,豐年,二,535,北投區,嗄嘮別,嗄嘮別,209-1
北投區,豐年,二,536,北投區,嗄嘮別,嗄嘮別,209
北投區,豐年,二,537,北投區,嗄嘮別,嗄嘮別,206
北投區,豐年,二,538,北投區,嗄嘮別,嗄嘮別,207
北投區,豐年,二,539,北投區,嗄嘮別,嗄嘮別,207-1
北投區,豐年,二,54,北投區,嗄嘮別,嗄嘮別,168-77
北投區,豐年,二,540,北投區,嗄嘮別,嗄嘮別,207-2
北投區,豐年,二,541,北投區,嗄嘮別,嗄嘮別,208-1
北投區,豐年,二,542,北投區,嗄嘮別,嗄嘮別,208
北投區,豐年,二,543,北投區,嗄嘮別,嗄嘮別,206-2
北投區,豐年,二,544,北投區,嗄嘮別,嗄嘮別,206-2
北投區,豐年,二,545,北投區,嗄嘮別,嗄嘮別,206-2
北投區,豐年,二,546,北投區,嗄嘮別,嗄嘮別,213
北投區,豐年,二,547,北投區,嗄嘮別,嗄嘮別,213-1
北投區,豐年,二,548,北投區,嗄嘮別,嗄嘮別,213-2
北投區,豐年,二,549,北投區,嗄嘮別,嗄嘮別,214
北投區,豐年,二,55,北投區,嗄嘮別,嗄嘮別,168-27
北投區,豐年,二,550,北投區,嗄嘮別,嗄嘮別,214-1
北投區,豐年,二,551,北投區,嗄嘮別,嗄嘮別,215
北投區,豐年,二,552,北投區,嗄嘮別,嗄嘮別,215
北投區,豐年,二,553,北投區,嗄嘮別,嗄嘮別,216
北投區,豐年,二,554,北投區,嗄嘮別,嗄嘮別,217
北投區,豐年,二,555,北投區,嗄嘮別,嗄嘮別,202-1
北投區,豐年,二,556,北投區,嗄嘮別,嗄嘮別,218
北投區,豐年,二,557,北投區,嗄嘮別,嗄嘮別,218-1
北投區,豐年,二,558,北投區,嗄嘮別,嗄嘮別,221
北投區,豐年,二,559,北投區,嗄嘮別,嗄嘮別,222-2
北投區,豐年,二,56,北投區,嗄嘮別,嗄嘮別,168-28
北投區,豐年,二,560,北投區,嗄嘮別,嗄嘮別,222
北投區,豐年,二,561,北投區,嗄嘮別,嗄嘮別,223
北投區,豐年,二,562,北投區,嗄嘮別,嗄嘮別,224
北投區,豐年,二,563,北投區,嗄嘮別,嗄嘮別,224-1
北投區,豐年,二,564,北投區,嗄嘮別,嗄嘮別,225
北投區,豐年,二,565,北投區,嗄嘮別,嗄嘮別,226
北投區,豐年,二,566,北投區,嗄嘮別,嗄嘮別,227-2
北投區,豐年,二,567,北投區,嗄嘮別,嗄嘮別,227-1
北投區,豐年,二,568,北投區,嗄嘮別,嗄嘮別,227
北投區,豐年,二,569,北投區,嗄嘮別,嗄嘮別,228
北投區,豐年,二,57,北投區,嗄嘮別,嗄嘮別,168-29
北投區,豐年,二,570,北投區,嗄嘮別,嗄嘮別,228-2
北投區,豐年,二,571,北投區,嗄嘮別,嗄嘮別,229
北投區,豐年,二,572,北投區,嗄嘮別,嗄嘮別,230
北投區,豐年,二,573,北投區,嗄嘮別,嗄嘮別,231
北投區,豐年,二,574,北投區,嗄嘮別,嗄嘮別,232
北投區,豐年,二,575,北投區,嗄嘮別,嗄嘮別,232-1
北投區,豐年,二,576,北投區,嗄嘮別,嗄嘮別,235-6
北投區,豐年,二,577,北投區,嗄嘮別,嗄嘮別,235-4
北投區,豐年,二,578,北投區,嗄嘮別,嗄嘮別,233
北投區,豐年,二,579,北投區,嗄嘮別,嗄嘮別,235-3
北投區,豐年,二,58,北投區,嗄嘮別,嗄嘮別,168-30
北投區,豐年,二,580,北投區,嗄嘮別,嗄嘮別,234
北投區,豐年,二,581,北投區,嗄嘮別,嗄嘮別,243-5
北投區,豐年,二,582,北投區,嗄嘮別,嗄嘮別,243-2
北投區,豐年,二,583,北投區,嗄嘮別,嗄嘮別,243-1
北投區,豐年,二,584,北投區,嗄嘮別,嗄嘮別,244
北投區,豐年,二,585,北投區,嗄嘮別,嗄嘮別,245
北投區,豐年,二,586,北投區,嗄嘮別,嗄嘮別,243
北投區,豐年,二,587,北投區,嗄嘮別,嗄嘮別,245-2
北投區,豐年,二,588,北投區,嗄嘮別,嗄嘮別,245-1
北投區,豐年,二,589,北投區,嗄嘮別,嗄嘮別,246
北投區,豐年,二,59,北投區,嗄嘮別,嗄嘮別,168-31
北投區,豐年,二,590,北投區,嗄嘮別,嗄嘮別,247-1
北投區,豐年,二,591,北投區,嗄嘮別,嗄嘮別,247
北投區,豐年,二,592,北投區,嗄嘮別,嗄嘮別,248
北投區,豐年,二,593,北投區,嗄嘮別,嗄嘮別,249
北投區,豐年,二,594,北投區,嗄嘮別,嗄嘮別,205-1
北投區,豐年,二,595,北投區,嗄嘮別,嗄嘮別,205-1
北投區,豐年,二,596,北投區,嗄嘮別,嗄嘮別,205-1
北投區,豐年,二,597,北投區,嗄嘮別,嗄嘮別,206-1
北投區,豐年,二,598,北投區,嗄嘮別,嗄嘮別,206-1
北投區,豐年,二,599,北投區,嗄嘮別,嗄嘮別,206-1
北投區,豐年,二,6,北投區,北投,,616-23
北投區,豐年,二,60,北投區,嗄嘮別,嗄嘮別,168-32
北投區,豐年,二,600,北投區,嗄嘮別,嗄嘮別,267
北投區,豐年,二,601,北投區,嗄嘮別,嗄嘮別,270
北投區,豐年,二,602,北投區,嗄嘮別,嗄嘮別,271
北投區,豐年,二,603,北投區,嗄嘮別,嗄嘮別,269-2
北投區,豐年,二,604,北投區,嗄嘮別,嗄嘮別,268-1
北投區,豐年,二,605,北投區,嗄嘮別,嗄嘮別,268
北投區,豐年,二,606,北投區,嗄嘮別,嗄嘮別,264-7
北投區,豐年,二,607,北投區,嗄嘮別,嗄嘮別,264-5
北投區,豐年,二,608,北投區,嗄嘮別,嗄嘮別,264-5
北投區,豐年,二,609,北投區,嗄嘮別,嗄嘮別,264-4
北投區,豐年,二,61,北投區,嗄嘮別,嗄嘮別,168-33
北投區,豐年,二,610,北投區,嗄嘮別,嗄嘮別,264-4
北投區,豐年,二,611,北投區,嗄嘮別,嗄嘮別,264-2
北投區,豐年,二,612,北投區,嗄嘮別,嗄嘮別,264-2
北投區,豐年,二,613,北投區,嗄嘮別,嗄嘮別,264-6
北投區,豐年,二,614,北投區,嗄嘮別,嗄嘮別,264-6
北投區,豐年,二,615,北投區,嗄嘮別,嗄嘮別,266
北投區,豐年,二,616,北投區,嗄嘮別,嗄嘮別,265
北投區,豐年,二,617,北投區,嗄嘮別,嗄嘮別,265-1
北投區,豐年,二,618,北投區,嗄嘮別,嗄嘮別,250
北投區,豐年,二,619,北投區,嗄嘮別,嗄嘮別,250
北投區,豐年,二,62,北投區,嗄嘮別,嗄嘮別,168-34
北投區,豐年,二,620,北投區,嗄嘮別,嗄嘮別,251-2
北投區,豐年,二,620-1,北投區,嗄嘮別,嗄嘮別,251-2
北投區,豐年,二,621,北投區,嗄嘮別,嗄嘮別,251-1
北投區,豐年,二,622,北投區,嗄嘮別,嗄嘮別,251
北投區,豐年,二,622-1,北投區,嗄嘮別,嗄嘮別,251
北投區,豐年,二,623,北投區,嗄嘮別,嗄嘮別,252
北投區,豐年,二,624,北投區,嗄嘮別,嗄嘮別,253
北投區,豐年,二,625,北投區,嗄嘮別,嗄嘮別,255
北投區,豐年,二,626,北投區,嗄嘮別,嗄嘮別,254
北投區,豐年,二,627,北投區,嗄嘮別,嗄嘮別,257
北投區,豐年,二,628,北投區,嗄嘮別,嗄嘮別,256
北投區,豐年,二,628-1,北投區,嗄嘮別,嗄嘮別,256-1
北投區,豐年,二,629,北投區,嗄嘮別,嗄嘮別,258
北投區,豐年,二,63,北投區,嗄嘮別,嗄嘮別,168-35
北投區,豐年,二,630,北投區,嗄嘮別,嗄嘮別,258-1
北投區,豐年,二,631,北投區,嗄嘮別,嗄嘮別,258-2
北投區,豐年,二,632,北投區,嗄嘮別,嗄嘮別,264-1
北投區,豐年,二,633,北投區,嗄嘮別,嗄嘮別,264
北投區,豐年,二,634,北投區,嗄嘮別,嗄嘮別,264
北投區,豐年,二,635,北投區,嗄嘮別,嗄嘮別,264-3
北投區,豐年,二,636,北投區,嗄嘮別,嗄嘮別,264-3
北投區,豐年,二,637,北投區,嗄嘮別,嗄嘮別,261
北投區,豐年,二,638,北投區,嗄嘮別,嗄嘮別,259
北投區,豐年,二,639,北投區,嗄嘮別,嗄嘮別,260
北投區,豐年,二,64,北投區,嗄嘮別,嗄嘮別,168-36
北投區,豐年,二,640,北投區,嗄嘮別,嗄嘮別,262
北投區,豐年,二,641,北投區,嗄嘮別,嗄嘮別,152-5
北投區,豐年,二,642,北投區,嗄嘮別,嗄嘮別,262-2
北投區,豐年,二,643,北投區,嗄嘮別,嗄嘮別,262-2
北投區,豐年,二,644,北投區,嗄嘮別,嗄嘮別,311-2
北投區,豐年,二,645,北投區,嗄嘮別,嗄嘮別,311-67
北投區,豐年,二,646,北投區,嗄嘮別,嗄嘮別,330-2
北投區,豐年,二,647,北投區,嗄嘮別,嗄嘮別,329-47
北投區,豐年,二,648,北投區,嗄嘮別,嗄嘮別,322-15
北投區,豐年,二,649,北投區,嗄嘮別,嗄嘮別,329-46
北投區,豐年,二,65,北投區,嗄嘮別,嗄嘮別,168-37
北投區,豐年,二,650,北投區,嗄嘮別,嗄嘮別,336-2
北投區,豐年,二,651,北投區,嗄嘮別,嗄嘮別,427-10
北投區,豐年,二,652,北投區,嗄嘮別,嗄嘮別,346-34
北投區,豐年,二,653,北投區,嗄嘮別,嗄嘮別,345-7
北投區,豐年,二,653-1,北投區,嗄嘮別,嗄嘮別,345-2
北投區,豐年,二,654,北投區,嗄嘮別,嗄嘮別,327-24
北投區,豐年,二,654-1,北投區,嗄嘮別,嗄嘮別,345-3
北投區,豐年,二,654-2,北投區,嗄嘮別,嗄嘮別,337-1
北投區,豐年,二,655,北投區,嗄嘮別,嗄嘮別,310-4
北投區,豐年,二,656,北投區,嗄嘮別,嗄嘮別,331
北投區,豐年,二,657,北投區,嗄嘮別,嗄嘮別,311-39
北投區,豐年,二,657-1,北投區,嗄嘮別,嗄嘮別,311-39
北投區,豐年,二,658,北投區,嗄嘮別,嗄嘮別,311-40
北投區,豐年,二,659,北投區,嗄嘮別,嗄嘮別,311-41
北投區,豐年,二,66,北投區,嗄嘮別,嗄嘮別,168-38
北投區,豐年,二,660,北投區,嗄嘮別,嗄嘮別,311-42
北投區,豐年,二,661,北投區,嗄嘮別,嗄嘮別,311-43
北投區,豐年,二,662,北投區,嗄嘮別,嗄嘮別,311-44
北投區,豐年,二,663,北投區,嗄嘮別,嗄嘮別,310
北投區,豐年,二,664,北投區,嗄嘮別,嗄嘮別,311-58
北投區,豐年,二,665,北投區,嗄嘮別,嗄嘮別,311-57
北投區,豐年,二,666,北投區,嗄嘮別,嗄嘮別,310-1
北投區,豐年,二,667,北投區,嗄嘮別,嗄嘮別,310-2
北投區,豐年,二,668,北投區,嗄嘮別,嗄嘮別,310-3
北投區,豐年,二,669,北投區,嗄嘮別,嗄嘮別,311-46
北投區,豐年,二,67,北投區,嗄嘮別,嗄嘮別,168-39
北投區,豐年,二,670,北投區,嗄嘮別,嗄嘮別,331-2
北投區,豐年,二,671,北投區,嗄嘮別,嗄嘮別,331-3
北投區,豐年,二,672,北投區,嗄嘮別,嗄嘮別,331-4
北投區,豐年,二,673,北投區,嗄嘮別,嗄嘮別,311-48
北投區,豐年,二,674,北投區,嗄嘮別,嗄嘮別,311-49
北投區,豐年,二,675,北投區,嗄嘮別,嗄嘮別,311-49
北投區,豐年,二,676,北投區,嗄嘮別,嗄嘮別,331-7
北投區,豐年,二,677,北投區,嗄嘮別,嗄嘮別,331-8
北投區,豐年,二,678,北投區,嗄嘮別,嗄嘮別,332-6
北投區,豐年,二,679,北投區,嗄嘮別,嗄嘮別,330-22
北投區,豐年,二,68,北投區,嗄嘮別,嗄嘮別,168-40
北投區,豐年,二,680,北投區,嗄嘮別,嗄嘮別,330-22
北投區,豐年,二,681,北投區,嗄嘮別,嗄嘮別,331-9
北投區,豐年,二,682,北投區,嗄嘮別,嗄嘮別,336-57
北投區,豐年,二,683,北投區,嗄嘮別,嗄嘮別,336-57
北投區,豐年,二,684,北投區,嗄嘮別,嗄嘮別,330-3
北投區,豐年,二,685,北投區,嗄嘮別,嗄嘮別,330-1
北投區,豐年,二,686,北投區,嗄嘮別,嗄嘮別,332
北投區,豐年,二,687,北投區,嗄嘮別,嗄嘮別,332
北投區,豐年,二,688,北投區,嗄嘮別,嗄嘮別,330-17
北投區,豐年,二,689,北投區,嗄嘮別,嗄嘮別,330-17
北投區,豐年,二,69,北投區,嗄嘮別,嗄嘮別,168-41
北投區,豐年,二,690,北投區,嗄嘮別,嗄嘮別,330-19
北投區,豐年,二,691,北投區,嗄嘮別,嗄嘮別,330-19
北投區,豐年,二,692,北投區,嗄嘮別,嗄嘮別,330-20
北投區,豐年,二,693,北投區,嗄嘮別,嗄嘮別,330-20
北投區,豐年,二,694,北投區,嗄嘮別,嗄嘮別,330-18
北投區,豐年,二,695,北投區,嗄嘮別,嗄嘮別,330-18
北投區,豐年,二,696,北投區,嗄嘮別,嗄嘮別,331-1
北投區,豐年,二,697,北投區,嗄嘮別,嗄嘮別,333-1
北投區,豐年,二,698,北投區,嗄嘮別,嗄嘮別,334-1
北投區,豐年,二,699,北投區,嗄嘮別,嗄嘮別,334-9
北投區,豐年,二,7,北投區,北投,,616-22
北投區,豐年,二,70,北投區,嗄嘮別,嗄嘮別,161-2
北投區,豐年,二,700,北投區,嗄嘮別,嗄嘮別,334-2
北投區,豐年,二,701,北投區,嗄嘮別,嗄嘮別,336-3
北投區,豐年,二,702,北投區,嗄嘮別,嗄嘮別,334-10
北投區,豐年,二,703,北投區,嗄嘮別,嗄嘮別,334-11
北投區,豐年,二,703-1,北投區,嗄嘮別,嗄嘮別,334-7
北投區,豐年,二,703-2,北投區,嗄嘮別,嗄嘮別,334-12
北投區,豐年,二,704,北投區,嗄嘮別,嗄嘮別,335
北投區,豐年,二,705,北投區,嗄嘮別,嗄嘮別,334-8
北投區,豐年,二,706,北投區,嗄嘮別,嗄嘮別,334-8
北投區,豐年,二,707,北投區,嗄嘮別,嗄嘮別,336-25
北投區,豐年,二,708,北投區,嗄嘮別,嗄嘮別,336-25
北投區,豐年,二,709,北投區,嗄嘮別,嗄嘮別,336-24
北投區,豐年,二,71,北投區,嗄嘮別,嗄嘮別,161-2
北投區,豐年,二,710,北投區,嗄嘮別,嗄嘮別,336-24
北投區,豐年,二,711,北投區,嗄嘮別,嗄嘮別,336-23
北投區,豐年,二,712,北投區,嗄嘮別,嗄嘮別,336-23
北投區,豐年,二,713,北投區,嗄嘮別,嗄嘮別,336-22
北投區,豐年,二,714,北投區,嗄嘮別,嗄嘮別,336-22
北投區,豐年,二,715,北投區,嗄嘮別,嗄嘮別,336-21
北投區,豐年,二,716,北投區,嗄嘮別,嗄嘮別,336-21
北投區,豐年,二,717,北投區,嗄嘮別,嗄嘮別,336-20
北投區,豐年,二,718,北投區,嗄嘮別,嗄嘮別,337-9
北投區,豐年,二,719,北投區,嗄嘮別,嗄嘮別,337-9
北投區,豐年,二,72,北投區,嗄嘮別,嗄嘮別,172-1
北投區,豐年,二,722,北投區,嗄嘮別,嗄嘮別,336-19
北投區,豐年,二,723,北投區,嗄嘮別,嗄嘮別,337-8
北投區,豐年,二,724,北投區,嗄嘮別,嗄嘮別,337-8
北投區,豐年,二,725,北投區,嗄嘮別,嗄嘮別,337-7
北投區,豐年,二,726,北投區,嗄嘮別,嗄嘮別,337-7
北投區,豐年,二,727,北投區,嗄嘮別,嗄嘮別,336-18
北投區,豐年,二,728,北投區,嗄嘮別,嗄嘮別,336-55
北投區,豐年,二,729,北投區,嗄嘮別,嗄嘮別,336-17
北投區,豐年,二,73,北投區,嗄嘮別,嗄嘮別,161-75
北投區,豐年,二,730,北投區,嗄嘮別,嗄嘮別,336-17
北投區,豐年,二,731,北投區,嗄嘮別,嗄嘮別,337-5
北投區,豐年,二,732,北投區,嗄嘮別,嗄嘮別,337-5
北投區,豐年,二,733,北投區,嗄嘮別,嗄嘮別,336-16
北投區,豐年,二,734,北投區,嗄嘮別,嗄嘮別,336-53
北投區,豐年,二,735,北投區,嗄嘮別,嗄嘮別,336-15
北投區,豐年,二,736,北投區,嗄嘮別,嗄嘮別,337-4
北投區,豐年,二,737,北投區,嗄嘮別,嗄嘮別,337-4
北投區,豐年,二,738,北投區,嗄嘮別,嗄嘮別,336-52
北投區,豐年,二,739,北投區,嗄嘮別,嗄嘮別,337-12
北投區,豐年,二,74,北投區,嗄嘮別,嗄嘮別,172-3
北投區,豐年,二,740,北投區,嗄嘮別,嗄嘮別,336-1
北投區,豐年,二,741,北投區,嗄嘮別,嗄嘮別,337-3
北投區,豐年,二,742,北投區,嗄嘮別,嗄嘮別,338
北投區,豐年,二,743,北投區,嗄嘮別,嗄嘮別,338
北投區,豐年,二,744,北投區,嗄嘮別,嗄嘮別,337-2
北投區,豐年,二,745,北投區,嗄嘮別,嗄嘮別,337
北投區,豐年,二,746,北投區,嗄嘮別,嗄嘮別,338-10
北投區,豐年,二,747,北投區,嗄嘮別,嗄嘮別,338-9
北投區,豐年,二,748,北投區,嗄嘮別,嗄嘮別,338-2
北投區,豐年,二,749,北投區,嗄嘮別,嗄嘮別,346-22
北投區,豐年,二,75,北投區,嗄嘮別,嗄嘮別,168-43
北投區,豐年,二,750,北投區,嗄嘮別,嗄嘮別,338-3
北投區,豐年,二,751,北投區,嗄嘮別,嗄嘮別,338-8
北投區,豐年,二,752,北投區,嗄嘮別,嗄嘮別,338-7
北投區,豐年,二,753,北投區,嗄嘮別,嗄嘮別,338-4
北投區,豐年,二,754,北投區,嗄嘮別,嗄嘮別,346-5
北投區,豐年,二,755,北投區,嗄嘮別,嗄嘮別,346-6
北投區,豐年,二,756,北投區,嗄嘮別,嗄嘮別,338-5
北投區,豐年,二,757,北投區,嗄嘮別,嗄嘮別,338-6
北投區,豐年,二,758,北投區,嗄嘮別,嗄嘮別,339-13
北投區,豐年,二,759,北投區,嗄嘮別,嗄嘮別,339
北投區,豐年,二,76,北投區,嗄嘮別,嗄嘮別,176-2
北投區,豐年,二,760,北投區,嗄嘮別,嗄嘮別,346-7
北投區,豐年,二,761,北投區,嗄嘮別,嗄嘮別,339-1
北投區,豐年,二,762,北投區,嗄嘮別,嗄嘮別,339-12
北投區,豐年,二,763,北投區,嗄嘮別,嗄嘮別,339-11
北投區,豐年,二,764,北投區,嗄嘮別,嗄嘮別,339-2
北投區,豐年,二,765,北投區,嗄嘮別,嗄嘮別,339-3
北投區,豐年,二,766,北投區,嗄嘮別,嗄嘮別,339-10
北投區,豐年,二,767,北投區,嗄嘮別,嗄嘮別,339-9
北投區,豐年,二,77,北投區,嗄嘮別,嗄嘮別,176
北投區,豐年,二,777,北投區,嗄嘮別,嗄嘮別,345-1
北投區,豐年,二,779,北投區,嗄嘮別,嗄嘮別,340
北投區,豐年,二,78,北投區,嗄嘮別,嗄嘮別,171-19
北投區,豐年,二,780,北投區,嗄嘮別,嗄嘮別,340-1
北投區,豐年,二,781,北投區,嗄嘮別,嗄嘮別,340-4
北投區,豐年,二,782,北投區,嗄嘮別,嗄嘮別,340-3
北投區,豐年,二,782-1,北投區,嗄嘮別,嗄嘮別,446-9
北投區,豐年,二,783,北投區,嗄嘮別,嗄嘮別,446-7
北投區,豐年,二,784,北投區,嗄嘮別,嗄嘮別,446-7
北投區,豐年,二,785,北投區,嗄嘮別,嗄嘮別,342-3
北投區,豐年,二,786,北投區,嗄嘮別,嗄嘮別,461-5
北投區,豐年,二,787,北投區,嗄嘮別,嗄嘮別,467-5
北投區,豐年,二,788,北投區,嗄嘮別,嗄嘮別,466-2
北投區,豐年,二,789,北投區,嗄嘮別,嗄嘮別,466
北投區,豐年,二,79,北投區,嗄嘮別,嗄嘮別,176-5
北投區,豐年,二,790,北投區,嗄嘮別,嗄嘮別,467-3
北投區,豐年,二,791,北投區,嗄嘮別,嗄嘮別,486-13
北投區,豐年,二,792,北投區,嗄嘮別,嗄嘮別,466-1
北投區,豐年,二,793,北投區,嗄嘮別,嗄嘮別,465-1
北投區,豐年,二,794,北投區,嗄嘮別,嗄嘮別,467-2
北投區,豐年,二,795,北投區,嗄嘮別,嗄嘮別,342-5
北投區,豐年,二,796,北投區,嗄嘮別,嗄嘮別,465
北投區,豐年,二,797,北投區,嗄嘮別,嗄嘮別,467-1
北投區,豐年,二,798,北投區,嗄嘮別,嗄嘮別,463
北投區,豐年,二,799,北投區,嗄嘮別,嗄嘮別,462
北投區,豐年,二,8,北投區,北投,,616-29
北投區,豐年,二,80,北投區,北投,,615-8
北投區,豐年,二,800,北投區,嗄嘮別,嗄嘮別,461-4
北投區,豐年,二,801,北投區,嗄嘮別,嗄嘮別,342-16
北投區,豐年,二,802,北投區,嗄嘮別,嗄嘮別,342-36
北投區,豐年,二,803,北投區,嗄嘮別,嗄嘮別,342-37
北投區,豐年,二,804,北投區,嗄嘮別,嗄嘮別,342-1
北投區,豐年,二,805,北投區,嗄嘮別,嗄嘮別,342-32
北投區,豐年,二,806,北投區,嗄嘮別,嗄嘮別,464
北投區,豐年,二,807,北投區,嗄嘮別,嗄嘮別,464-1
北投區,豐年,二,808,北投區,嗄嘮別,嗄嘮別,464-1
北投區,豐年,二,81,北投區,嗄嘮別,嗄嘮別,174-9
北投區,豐年,二,810,北投區,嗄嘮別,嗄嘮別,152-5
北投區,豐年,二,811,北投區,嗄嘮別,嗄嘮別,152-5
北投區,豐年,二,812,北投區,嗄嘮別,嗄嘮別,152-5
北投區,豐年,二,813,北投區,嗄嘮別,嗄嘮別,309-1
北投區,豐年,二,814,北投區,嗄嘮別,嗄嘮別,309
北投區,豐年,二,815,北投區,嗄嘮別,嗄嘮別,310
北投區,豐年,二,816,北投區,嗄嘮別,嗄嘮別,300
北投區,豐年,二,817,北投區,嗄嘮別,嗄嘮別,304-3
北投區,豐年,二,818,北投區,嗄嘮別,嗄嘮別,302
北投區,豐年,二,819,北投區,嗄嘮別,嗄嘮別,302-1
北投區,豐年,二,82,北投區,北投,,178
北投區,豐年,二,820,北投區,嗄嘮別,嗄嘮別,308
北投區,豐年,二,821,北投區,嗄嘮別,嗄嘮別,307
北投區,豐年,二,822,北投區,嗄嘮別,嗄嘮別,306
北投區,豐年,二,823,北投區,嗄嘮別,嗄嘮別,305
北投區,豐年,二,824,北投區,嗄嘮別,嗄嘮別,303
北投區,豐年,二,825,北投區,嗄嘮別,嗄嘮別,304
北投區,豐年,二,826,北投區,嗄嘮別,嗄嘮別,304-1
北投區,豐年,二,827,北投區,嗄嘮別,嗄嘮別,304-2
北投區,豐年,二,828,北投區,嗄嘮別,嗄嘮別,294
北投區,豐年,二,829,北投區,嗄嘮別,嗄嘮別,292
北投區,豐年,二,83,北投區,北投,,618-4
北投區,豐年,二,830,北投區,嗄嘮別,嗄嘮別,291
北投區,豐年,二,831,北投區,嗄嘮別,嗄嘮別,290
北投區,豐年,二,832,北投區,嗄嘮別,嗄嘮別,289
北投區,豐年,二,833,北投區,嗄嘮別,嗄嘮別,288
北投區,豐年,二,834,北投區,嗄嘮別,嗄嘮別,644
北投區,豐年,二,835,北投區,嗄嘮別,嗄嘮別,643
北投區,豐年,二,836,北投區,嗄嘮別,嗄嘮別,642
北投區,豐年,二,837,北投區,嗄嘮別,嗄嘮別,644-1
北投區,豐年,二,838,北投區,嗄嘮別,嗄嘮別,645
北投區,豐年,二,839,北投區,嗄嘮別,嗄嘮別,287
北投區,豐年,二,84,北投區,嗄嘮別,嗄嘮別,178-8
北投區,豐年,二,840,北投區,嗄嘮別,嗄嘮別,286-1
北投區,豐年,二,841,北投區,嗄嘮別,嗄嘮別,286
北投區,豐年,二,842,北投區,嗄嘮別,嗄嘮別,285
北投區,豐年,二,843,北投區,嗄嘮別,嗄嘮別,284
北投區,豐年,二,844,北投區,嗄嘮別,嗄嘮別,283-2
北投區,豐年,二,845,北投區,嗄嘮別,嗄嘮別,283-1
北投區,豐年,二,846,北投區,嗄嘮別,嗄嘮別,283
北投區,豐年,二,846-1,北投區,嗄嘮別,嗄嘮別,282
北投區,豐年,二,847,北投區,嗄嘮別,嗄嘮別,295
北投區,豐年,二,848,北投區,嗄嘮別,嗄嘮別,299
北投區,豐年,二,849,北投區,嗄嘮別,嗄嘮別,298
北投區,豐年,二,85,北投區,嗄嘮別,嗄嘮別,178-9
北投區,豐年,二,850,北投區,嗄嘮別,嗄嘮別,297
北投區,豐年,二,851,北投區,嗄嘮別,嗄嘮別,297-1
北投區,豐年,二,852,北投區,嗄嘮別,嗄嘮別,296
北投區,豐年,二,853,北投區,嗄嘮別,嗄嘮別,277
北投區,豐年,二,854,北投區,嗄嘮別,嗄嘮別,274
北投區,豐年,二,855,北投區,嗄嘮別,嗄嘮別,275
北投區,豐年,二,856,北投區,嗄嘮別,嗄嘮別,277-1
北投區,豐年,二,857,北投區,嗄嘮別,嗄嘮別,277-2
北投區,豐年,二,858,北投區,嗄嘮別,嗄嘮別,276
北投區,豐年,二,859,北投區,嗄嘮別,嗄嘮別,278
北投區,豐年,二,86,北投區,嗄嘮別,嗄嘮別,178-2
北投區,豐年,二,860,北投區,嗄嘮別,嗄嘮別,279
北投區,豐年,二,861,北投區,嗄嘮別,嗄嘮別,280
北投區,豐年,二,862,北投區,嗄嘮別,嗄嘮別,281
北投區,豐年,二,863,北投區,嗄嘮別,嗄嘮別,262-3
北投區,豐年,二,864,北投區,嗄嘮別,嗄嘮別,262-3
北投區,豐年,二,865,北投區,嗄嘮別,嗄嘮別,262-3
北投區,豐年,二,866,北投區,嗄嘮別,嗄嘮別,262-5
北投區,豐年,二,867,北投區,嗄嘮別,嗄嘮別,263-1
北投區,豐年,二,868,北投區,嗄嘮別,嗄嘮別,263
北投區,豐年,二,869,北投區,嗄嘮別,嗄嘮別,261-2
北投區,豐年,二,870,北投區,嗄嘮別,嗄嘮別,264-9
北投區,豐年,二,871,北投區,嗄嘮別,嗄嘮別,264-7
北投區,豐年,二,872,北投區,嗄嘮別,嗄嘮別,264-7
北投區,豐年,二,873,北投區,嗄嘮別,嗄嘮別,268-2
北投區,豐年,二,874,北投區,嗄嘮別,嗄嘮別,272-2
北投區,豐年,二,875,北投區,嗄嘮別,嗄嘮別,268-3
北投區,豐年,二,876,北投區,嗄嘮別,嗄嘮別,269
北投區,豐年,二,877,北投區,嗄嘮別,嗄嘮別,273
北投區,豐年,二,877-1,北投區,嗄嘮別,嗄嘮別,269-3
北投區,豐年,二,878,北投區,嗄嘮別,嗄嘮別,272
北投區,豐年,二,879,北投區,嗄嘮別,嗄嘮別,205-3
北投區,豐年,二,88,北投區,嗄嘮別,嗄嘮別,178-10
北投區,豐年,二,880,北投區,嗄嘮別,嗄嘮別,205-2
北投區,豐年,二,881,北投區,嗄嘮別,嗄嘮別,233-1
北投區,豐年,二,882,北投區,嗄嘮別,嗄嘮別,245-4
北投區,豐年,二,883,北投區,嗄嘮別,嗄嘮別,242
北投區,豐年,二,884,北投區,嗄嘮別,嗄嘮別,243-9
北投區,豐年,二,885,北投區,嗄嘮別,嗄嘮別,243-3
北投區,豐年,二,886,北投區,嗄嘮別,嗄嘮別,243-4
北投區,豐年,二,887,北投區,嗄嘮別,嗄嘮別,241
北投區,豐年,二,888,北投區,嗄嘮別,嗄嘮別,241-1
北投區,豐年,二,889,北投區,嗄嘮別,嗄嘮別,240
北投區,豐年,二,89,北投區,嗄嘮別,嗄嘮別,178-6
北投區,豐年,二,890,北投區,嗄嘮別,嗄嘮別,239
北投區,豐年,二,891,北投區,嗄嘮別,嗄嘮別,238
北投區,豐年,二,892,北投區,嗄嘮別,嗄嘮別,237
北投區,豐年,二,893,北投區,嗄嘮別,嗄嘮別,236-1
北投區,豐年,二,893-1,北投區,嗄嘮別,嗄嘮別,235
北投區,豐年,二,894,北投區,嗄嘮別,嗄嘮別,236
北投區,豐年,二,895,北投區,嗄嘮別,嗄嘮別,235-1
北投區,豐年,二,896,北投區,嗄嘮別,嗄嘮別,202-4
北投區,豐年,二,897,北投區,嗄嘮別,嗄嘮別,687
北投區,豐年,二,898,北投區,嗄嘮別,嗄嘮別,688
北投區,豐年,二,899,北投區,嗄嘮別,嗄嘮別,689
北投區,豐年,二,9,北投區,北投,,616-28
北投區,豐年,二,90,北投區,嗄嘮別,嗄嘮別,180-3
北投區,豐年,二,900,北投區,嗄嘮別,嗄嘮別,690
北投區,豐年,二,901,北投區,嗄嘮別,嗄嘮別,690-4
北投區,豐年,二,902,北投區,嗄嘮別,嗄嘮別,690-5
北投區,豐年,二,903,北投區,嗄嘮別,嗄嘮別,691
北投區,豐年,二,904,北投區,嗄嘮別,嗄嘮別,691-1
北投區,豐年,二,905,北投區,嗄嘮別,嗄嘮別,232-2
北投區,豐年,二,906,北投區,嗄嘮別,嗄嘮別,232-2
北投區,豐年,二,907,北投區,嗄嘮別,嗄嘮別,232-2
北投區,豐年,二,908,北投區,嗄嘮別,嗄嘮別,232-3
北投區,豐年,二,909,北投區,嗄嘮別,嗄嘮別,202-3
北投區,豐年,二,91,北投區,嗄嘮別,嗄嘮別,180-5
北投區,豐年,二,910,北投區,嗄嘮別,嗄嘮別,689-1
北投區,豐年,二,911,北投區,嗄嘮別,嗄嘮別,693
北投區,豐年,二,912,北投區,嗄嘮別,嗄嘮別,695
北投區,豐年,二,913,北投區,嗄嘮別,嗄嘮別,694
北投區,豐年,二,914,北投區,嗄嘮別,嗄嘮別,692-5
北投區,豐年,二,915,北投區,嗄嘮別,嗄嘮別,692-7
北投區,豐年,二,916,北投區,嗄嘮別,嗄嘮別,698-2
北投區,豐年,二,917,北投區,嗄嘮別,嗄嘮別,697
北投區,豐年,二,918,北投區,嗄嘮別,嗄嘮別,696
北投區,豐年,二,919,北投區,嗄嘮別,嗄嘮別,222-3
北投區,豐年,二,92,北投區,嗄嘮別,嗄嘮別,180-8
北投區,豐年,二,920,北投區,嗄嘮別,嗄嘮別,703-1
北投區,豐年,二,920-1,北投區,嗄嘮別,嗄嘮別,703-1
北投區,豐年,二,920-2,北投區,嗄嘮別,嗄嘮別,703-1
北投區,豐年,二,921,北投區,嗄嘮別,嗄嘮別,699-1
北投區,豐年,二,922,北投區,嗄嘮別,嗄嘮別,699
北投區,豐年,二,923,北投區,嗄嘮別,嗄嘮別,700-1
北投區,豐年,二,924,北投區,嗄嘮別,嗄嘮別,700
北投區,豐年,二,925,北投區,嗄嘮別,嗄嘮別,703
北投區,豐年,二,926,北投區,嗄嘮別,嗄嘮別,704-2
北投區,豐年,二,927,北投區,嗄嘮別,嗄嘮別,705-4
北投區,豐年,二,928,北投區,嗄嘮別,嗄嘮別,706-2
北投區,豐年,二,929,北投區,嗄嘮別,嗄嘮別,707-2
北投區,豐年,二,930,北投區,嗄嘮別,嗄嘮別,709-3
北投區,豐年,二,931,北投區,嗄嘮別,嗄嘮別,710-4
北投區,豐年,二,932,北投區,嗄嘮別,嗄嘮別,692-4
北投區,豐年,二,933,北投區,嗄嘮別,嗄嘮別,692-3
北投區,豐年,二,934,北投區,嗄嘮別,嗄嘮別,692-2
北投區,豐年,二,935,北投區,嗄嘮別,嗄嘮別,692-1
北投區,豐年,二,936,北投區,嗄嘮別,嗄嘮別,692
北投區,豐年,二,937,北投區,嗄嘮別,嗄嘮別,698
北投區,豐年,二,938,北投區,嗄嘮別,嗄嘮別,699-3
北投區,豐年,二,939,北投區,嗄嘮別,嗄嘮別,700-3
北投區,豐年,二,940,北投區,嗄嘮別,嗄嘮別,701
北投區,豐年,二,941,北投區,嗄嘮別,嗄嘮別,702
北投區,豐年,二,942,北投區,嗄嘮別,嗄嘮別,703-3
北投區,豐年,二,943,北投區,嗄嘮別,嗄嘮別,704
北投區,豐年,二,944,北投區,嗄嘮別,嗄嘮別,705
北投區,豐年,二,945,北投區,嗄嘮別,嗄嘮別,706
北投區,豐年,二,946,北投區,嗄嘮別,嗄嘮別,707
北投區,豐年,二,947,北投區,嗄嘮別,嗄嘮別,708
北投區,豐年,二,948,北投區,嗄嘮別,嗄嘮別,709-1
北投區,豐年,二,949,北投區,嗄嘮別,嗄嘮別,709
北投區,豐年,二,95,北投區,嗄嘮別,嗄嘮別,180-4
北投區,豐年,二,950,北投區,嗄嘮別,嗄嘮別,710
北投區,豐年,二,96,北投區,嗄嘮別,嗄嘮別,180-10
北投區,豐年,二,99,北投區,嗄嘮別,嗄嘮別,178-11
北投區,豐年,四,1,北投區,嗄嘮別,嗄嘮別,823
北投區,豐年,四,10,北投區,嗄嘮別,嗄嘮別,877-18
北投區,豐年,四,100,北投區,嗄嘮別,嗄嘮別,851-89
北投區,豐年,四,101,北投區,嗄嘮別,嗄嘮別,851-90
北投區,豐年,四,102,北投區,嗄嘮別,嗄嘮別,851-85
北投區,豐年,四,103,北投區,嗄嘮別,嗄嘮別,851-80
北投區,豐年,四,104,北投區,嗄嘮別,嗄嘮別,851-79
北投區,豐年,四,105,北投區,嗄嘮別,嗄嘮別,851-84
北投區,豐年,四,106,北投區,嗄嘮別,嗄嘮別,851-83
北投區,豐年,四,107,北投區,嗄嘮別,嗄嘮別,851-78
北投區,豐年,四,108,北投區,嗄嘮別,嗄嘮別,851-77
北投區,豐年,四,109,北投區,嗄嘮別,嗄嘮別,851-82
北投區,豐年,四,11,北投區,嗄嘮別,嗄嘮別,877-19
北投區,豐年,四,110,北投區,嗄嘮別,嗄嘮別,851-81
北投區,豐年,四,111,北投區,嗄嘮別,嗄嘮別,851-2
北投區,豐年,四,112,北投區,嗄嘮別,嗄嘮別,851-120
北投區,豐年,四,113,北投區,嗄嘮別,嗄嘮別,851-125
北投區,豐年,四,114,北投區,嗄嘮別,嗄嘮別,851-13
北投區,豐年,四,114-1,北投區,嗄嘮別,嗄嘮別,851-71
北投區,豐年,四,115,北投區,嗄嘮別,嗄嘮別,851-122
北投區,豐年,四,116,北投區,嗄嘮別,嗄嘮別,851-5
北投區,豐年,四,117,北投區,嗄嘮別,嗄嘮別,851-4
北投區,豐年,四,118,北投區,嗄嘮別,嗄嘮別,851-102
北投區,豐年,四,119,北投區,嗄嘮別,嗄嘮別,851-132
北投區,豐年,四,12,北投區,嗄嘮別,嗄嘮別,877-20
北投區,豐年,四,120,北投區,嗄嘮別,嗄嘮別,851-64
北投區,豐年,四,121,北投區,嗄嘮別,嗄嘮別,851-101
北投區,豐年,四,122,北投區,嗄嘮別,嗄嘮別,851-95
北投區,豐年,四,123,北投區,嗄嘮別,嗄嘮別,851-97
北投區,豐年,四,124,北投區,嗄嘮別,嗄嘮別,851-98
北投區,豐年,四,125,北投區,嗄嘮別,嗄嘮別,851-56
北投區,豐年,四,126,北投區,嗄嘮別,嗄嘮別,851-103
北投區,豐年,四,127,北投區,嗄嘮別,嗄嘮別,851-99
北投區,豐年,四,128,北投區,嗄嘮別,嗄嘮別,851-100
北投區,豐年,四,129,北投區,嗄嘮別,嗄嘮別,851-117
北投區,豐年,四,13,北投區,嗄嘮別,嗄嘮別,876-45
北投區,豐年,四,130,北投區,嗄嘮別,嗄嘮別,851-104
北投區,豐年,四,131,北投區,嗄嘮別,嗄嘮別,851-96
北投區,豐年,四,132,北投區,嗄嘮別,嗄嘮別,851-105
北投區,豐年,四,133,北投區,嗄嘮別,嗄嘮別,851-116
北投區,豐年,四,134,北投區,嗄嘮別,嗄嘮別,851-115
北投區,豐年,四,135,北投區,嗄嘮別,嗄嘮別,851-114
北投區,豐年,四,136,北投區,嗄嘮別,嗄嘮別,851-106
北投區,豐年,四,137,北投區,嗄嘮別,嗄嘮別,851-107
北投區,豐年,四,138,北投區,嗄嘮別,嗄嘮別,851-113
北投區,豐年,四,139,北投區,嗄嘮別,嗄嘮別,851-112
北投區,豐年,四,14,北投區,嗄嘮別,嗄嘮別,876-9
北投區,豐年,四,140,北投區,嗄嘮別,嗄嘮別,851-111
北投區,豐年,四,141,北投區,嗄嘮別,嗄嘮別,851-110
北投區,豐年,四,142,北投區,嗄嘮別,嗄嘮別,851-109
北投區,豐年,四,143,北投區,嗄嘮別,嗄嘮別,851-108
北投區,豐年,四,144,北投區,嗄嘮別,嗄嘮別,851-53
北投區,豐年,四,145,北投區,嗄嘮別,嗄嘮別,847
北投區,豐年,四,148,北投區,嗄嘮別,嗄嘮別,1125
北投區,豐年,四,149-1,北投區,嗄嘮別,嗄嘮別,848-4
北投區,豐年,四,15,北投區,嗄嘮別,嗄嘮別,876-44
北投區,豐年,四,154,北投區,嗄嘮別,嗄嘮別,848-2
北投區,豐年,四,156,北投區,嗄嘮別,嗄嘮別,848-6
北投區,豐年,四,157,北投區,嗄嘮別,嗄嘮別,848-11
北投區,豐年,四,159,北投區,嗄嘮別,嗄嘮別,849-2
北投區,豐年,四,16,北投區,嗄嘮別,嗄嘮別,877-17
北投區,豐年,四,160,北投區,嗄嘮別,嗄嘮別,848-5
北投區,豐年,四,161,北投區,嗄嘮別,嗄嘮別,848-12
北投區,豐年,四,163,北投區,嗄嘮別,嗄嘮別,1124-4
北投區,豐年,四,164,北投區,嗄嘮別,嗄嘮別,1124-4
北投區,豐年,四,165,北投區,嗄嘮別,嗄嘮別,1124-24
北投區,豐年,四,166,北投區,嗄嘮別,嗄嘮別,1124-34
北投區,豐年,四,167,北投區,嗄嘮別,嗄嘮別,1124-32
北投區,豐年,四,168,北投區,嗄嘮別,嗄嘮別,1124-11
北投區,豐年,四,169,北投區,嗄嘮別,嗄嘮別,1126-6
北投區,豐年,四,170,北投區,嗄嘮別,嗄嘮別,1126-6
北投區,豐年,四,171,北投區,嗄嘮別,嗄嘮別,1126-4
北投區,豐年,四,172,北投區,嗄嘮別,嗄嘮別,1126-1
北投區,豐年,四,173,北投區,嗄嘮別,嗄嘮別,1126-2
北投區,豐年,四,174,北投區,嗄嘮別,嗄嘮別,844-6
北投區,豐年,四,175,北投區,嗄嘮別,嗄嘮別,844-6
北投區,豐年,四,176,北投區,嗄嘮別,嗄嘮別,844-14
北投區,豐年,四,177,北投區,嗄嘮別,嗄嘮別,844-14
北投區,豐年,四,178,北投區,嗄嘮別,嗄嘮別,844-32
北投區,豐年,四,179,北投區,嗄嘮別,嗄嘮別,844-27
北投區,豐年,四,18,北投區,嗄嘮別,嗄嘮別,876-54
北投區,豐年,四,180,北投區,嗄嘮別,嗄嘮別,1126-6
北投區,豐年,四,181,北投區,嗄嘮別,嗄嘮別,844-16
北投區,豐年,四,182,北投區,嗄嘮別,嗄嘮別,844-52
北投區,豐年,四,183,北投區,嗄嘮別,嗄嘮別,844-51
北投區,豐年,四,183-1,北投區,嗄嘮別,嗄嘮別,844-51
北投區,豐年,四,184,北投區,嗄嘮別,嗄嘮別,844-28
北投區,豐年,四,185,北投區,嗄嘮別,嗄嘮別,844-29
北投區,豐年,四,186,北投區,嗄嘮別,嗄嘮別,844-22
北投區,豐年,四,187,北投區,嗄嘮別,嗄嘮別,844-50
北投區,豐年,四,188-1,北投區,嗄嘮別,嗄嘮別,844-40
北投區,豐年,四,189,北投區,嗄嘮別,嗄嘮別,844-15
北投區,豐年,四,19,北投區,嗄嘮別,嗄嘮別,876-57
北投區,豐年,四,191,北投區,嗄嘮別,嗄嘮別,844-19
北投區,豐年,四,192,北投區,嗄嘮別,嗄嘮別,844-10
北投區,豐年,四,193,北投區,嗄嘮別,嗄嘮別,844-4
北投區,豐年,四,195,北投區,嗄嘮別,嗄嘮別,1126-8
北投區,豐年,四,196,北投區,嗄嘮別,嗄嘮別,844-18
北投區,豐年,四,197,北投區,嗄嘮別,嗄嘮別,844-25
北投區,豐年,四,198,北投區,嗄嘮別,嗄嘮別,844-2
北投區,豐年,四,199,北投區,嗄嘮別,嗄嘮別,844-24
北投區,豐年,四,2,北投區,嗄嘮別,嗄嘮別,152-48
北投區,豐年,四,20,北投區,嗄嘮別,嗄嘮別,876-46
北投區,豐年,四,202,北投區,嗄嘮別,嗄嘮別,844-5
北投區,豐年,四,203,北投區,嗄嘮別,嗄嘮別,844-42
北投區,豐年,四,204,北投區,嗄嘮別,嗄嘮別,844-41
北投區,豐年,四,205,北投區,嗄嘮別,嗄嘮別,845-26
北投區,豐年,四,206,北投區,嗄嘮別,嗄嘮別,844-35
北投區,豐年,四,207,北投區,嗄嘮別,嗄嘮別,845-25
北投區,豐年,四,208,北投區,嗄嘮別,嗄嘮別,845-11
北投區,豐年,四,21,北投區,嗄嘮別,嗄嘮別,876-8
北投區,豐年,四,210,北投區,嗄嘮別,嗄嘮別,844-1
北投區,豐年,四,211,北投區,嗄嘮別,嗄嘮別,847-39
北投區,豐年,四,212,北投區,嗄嘮別,嗄嘮別,847-73
北投區,豐年,四,213,北投區,嗄嘮別,嗄嘮別,847-72
北投區,豐年,四,214,北投區,嗄嘮別,嗄嘮別,847-38
北投區,豐年,四,215,北投區,嗄嘮別,嗄嘮別,847-29
北投區,豐年,四,216,北投區,嗄嘮別,嗄嘮別,847-67
北投區,豐年,四,217,北投區,嗄嘮別,嗄嘮別,847-66
北投區,豐年,四,218,北投區,嗄嘮別,嗄嘮別,847-28
北投區,豐年,四,219,北投區,嗄嘮別,嗄嘮別,847-44
北投區,豐年,四,22,北投區,嗄嘮別,嗄嘮別,876-14
北投區,豐年,四,220,北投區,嗄嘮別,嗄嘮別,847-43
北投區,豐年,四,221,北投區,嗄嘮別,嗄嘮別,847-45
北投區,豐年,四,222,北投區,嗄嘮別,嗄嘮別,847-81
北投區,豐年,四,223,北投區,嗄嘮別,嗄嘮別,847-17
北投區,豐年,四,225,北投區,嗄嘮別,嗄嘮別,847-80
北投區,豐年,四,226,北投區,嗄嘮別,嗄嘮別,847-46
北投區,豐年,四,227,北投區,嗄嘮別,嗄嘮別,847-47
北投區,豐年,四,23,北投區,嗄嘮別,嗄嘮別,876-1
北投區,豐年,四,230,北投區,嗄嘮別,嗄嘮別,847-14
北投區,豐年,四,231,北投區,嗄嘮別,嗄嘮別,847-57
北投區,豐年,四,232,北投區,嗄嘮別,嗄嘮別,847-15
北投區,豐年,四,233,北投區,嗄嘮別,嗄嘮別,847-58
北投區,豐年,四,234,北投區,嗄嘮別,嗄嘮別,847-59
北投區,豐年,四,238,北投區,嗄嘮別,嗄嘮別,847-20
北投區,豐年,四,239,北投區,嗄嘮別,嗄嘮別,847-22
北投區,豐年,四,24,北投區,嗄嘮別,嗄嘮別,875-5
北投區,豐年,四,240,北投區,嗄嘮別,嗄嘮別,847-61
北投區,豐年,四,241,北投區,嗄嘮別,嗄嘮別,847-62
北投區,豐年,四,242,北投區,嗄嘮別,嗄嘮別,847-63
北投區,豐年,四,243,北投區,嗄嘮別,嗄嘮別,847-23
北投區,豐年,四,244,北投區,嗄嘮別,嗄嘮別,847-21
北投區,豐年,四,245,北投區,嗄嘮別,嗄嘮別,847-24
北投區,豐年,四,246,北投區,嗄嘮別,嗄嘮別,847-41
北投區,豐年,四,247,北投區,嗄嘮別,嗄嘮別,847-26
北投區,豐年,四,248,北投區,嗄嘮別,嗄嘮別,847-64
北投區,豐年,四,249,北投區,嗄嘮別,嗄嘮別,847-65
北投區,豐年,四,25,北投區,嗄嘮別,嗄嘮別,875-1
北投區,豐年,四,250,北投區,嗄嘮別,嗄嘮別,847-27
北投區,豐年,四,251,北投區,嗄嘮別,嗄嘮別,847-30
北投區,豐年,四,252,北投區,嗄嘮別,嗄嘮別,847-68
北投區,豐年,四,253,北投區,嗄嘮別,嗄嘮別,847-25
北投區,豐年,四,254,北投區,嗄嘮別,嗄嘮別,847-78
北投區,豐年,四,255,北投區,嗄嘮別,嗄嘮別,847-77
北投區,豐年,四,256,北投區,嗄嘮別,嗄嘮別,847-82
北投區,豐年,四,257,北投區,嗄嘮別,嗄嘮別,847-35
北投區,豐年,四,258,北投區,嗄嘮別,嗄嘮別,847-34
北投區,豐年,四,259,北投區,嗄嘮別,嗄嘮別,847-33
北投區,豐年,四,26,北投區,嗄嘮別,嗄嘮別,876-39
北投區,豐年,四,260,北投區,嗄嘮別,嗄嘮別,847-32
北投區,豐年,四,261,北投區,嗄嘮別,嗄嘮別,847-31
北投區,豐年,四,262,北投區,嗄嘮別,嗄嘮別,847-69
北投區,豐年,四,263,北投區,嗄嘮別,嗄嘮別,847-70
北投區,豐年,四,264,北投區,嗄嘮別,嗄嘮別,847-71
北投區,豐年,四,265,北投區,嗄嘮別,嗄嘮別,847-37
北投區,豐年,四,266,北投區,嗄嘮別,嗄嘮別,847-40
北投區,豐年,四,267,北投區,嗄嘮別,嗄嘮別,847-74
北投區,豐年,四,268,北投區,嗄嘮別,嗄嘮別,847-75
北投區,豐年,四,269,北投區,嗄嘮別,嗄嘮別,845-12
北投區,豐年,四,27,北投區,嗄嘮別,嗄嘮別,876-3
北投區,豐年,四,270,北投區,嗄嘮別,嗄嘮別,844-37
北投區,豐年,四,271,北投區,嗄嘮別,嗄嘮別,844-36
北投區,豐年,四,272,北投區,嗄嘮別,嗄嘮別,845-1
北投區,豐年,四,275,北投區,嗄嘮別,嗄嘮別,845-22
北投區,豐年,四,277,北投區,嗄嘮別,嗄嘮別,845-20
北投區,豐年,四,278,北投區,嗄嘮別,嗄嘮別,845-21
北投區,豐年,四,28,北投區,嗄嘮別,嗄嘮別,876-52
北投區,豐年,四,283,北投區,嗄嘮別,嗄嘮別,845-27
北投區,豐年,四,284,北投區,嗄嘮別,嗄嘮別,845-7
北投區,豐年,四,285,北投區,嗄嘮別,嗄嘮別,845-13
北投區,豐年,四,286,北投區,嗄嘮別,嗄嘮別,845-2
北投區,豐年,四,287,北投區,嗄嘮別,嗄嘮別,845-14
北投區,豐年,四,288,北投區,嗄嘮別,嗄嘮別,845-15
北投區,豐年,四,289,北投區,嗄嘮別,嗄嘮別,845-3
北投區,豐年,四,29,北投區,嗄嘮別,嗄嘮別,876-10
北投區,豐年,四,290,北投區,嗄嘮別,嗄嘮別,845-4
北投區,豐年,四,291,北投區,嗄嘮別,嗄嘮別,845-16
北投區,豐年,四,292,北投區,嗄嘮別,嗄嘮別,845-17
北投區,豐年,四,293,北投區,嗄嘮別,嗄嘮別,845-5
北投區,豐年,四,294,北投區,嗄嘮別,嗄嘮別,845-6
北投區,豐年,四,295,北投區,嗄嘮別,嗄嘮別,845-18
北投區,豐年,四,296,北投區,嗄嘮別,嗄嘮別,846-27
北投區,豐年,四,297,北投區,嗄嘮別,嗄嘮別,846-26
北投區,豐年,四,298,北投區,嗄嘮別,嗄嘮別,846-10
北投區,豐年,四,299,北投區,嗄嘮別,嗄嘮別,847-36
北投區,豐年,四,3,北投區,嗄嘮別,嗄嘮別,875-6
北投區,豐年,四,30,北投區,嗄嘮別,嗄嘮別,876-59
北投區,豐年,四,300,北投區,嗄嘮別,嗄嘮別,846-25
北投區,豐年,四,301,北投區,嗄嘮別,嗄嘮別,846-9
北投區,豐年,四,302,北投區,嗄嘮別,嗄嘮別,846-8
北投區,豐年,四,303,北投區,嗄嘮別,嗄嘮別,846-24
北投區,豐年,四,304,北投區,嗄嘮別,嗄嘮別,846-23
北投區,豐年,四,305,北投區,嗄嘮別,嗄嘮別,846-7
北投區,豐年,四,307,北投區,嗄嘮別,嗄嘮別,846-21
北投區,豐年,四,308,北投區,嗄嘮別,嗄嘮別,846-6
北投區,豐年,四,309,北投區,嗄嘮別,嗄嘮別,846-28
北投區,豐年,四,31,北投區,嗄嘮別,嗄嘮別,876-58
北投區,豐年,四,310,北投區,嗄嘮別,嗄嘮別,846-20
北投區,豐年,四,311,北投區,嗄嘮別,嗄嘮別,846-5
北投區,豐年,四,312,北投區,嗄嘮別,嗄嘮別,846-4
北投區,豐年,四,313,北投區,嗄嘮別,嗄嘮別,846-19
北投區,豐年,四,314,北投區,嗄嘮別,嗄嘮別,846-18
北投區,豐年,四,315,北投區,嗄嘮別,嗄嘮別,846-17
北投區,豐年,四,316,北投區,嗄嘮別,嗄嘮別,846-16
北投區,豐年,四,317,北投區,嗄嘮別,嗄嘮別,846-3
北投區,豐年,四,318,北投區,嗄嘮別,嗄嘮別,846-29
北投區,豐年,四,319,北投區,嗄嘮別,嗄嘮別,846-2
北投區,豐年,四,32,北投區,嗄嘮別,嗄嘮別,876-2
北投區,豐年,四,320,北投區,嗄嘮別,嗄嘮別,846-14
北投區,豐年,四,321,北投區,嗄嘮別,嗄嘮別,846-15
北投區,豐年,四,322,北投區,嗄嘮別,嗄嘮別,846-13
北投區,豐年,四,323,北投區,嗄嘮別,嗄嘮別,846-1
北投區,豐年,四,324,北投區,嗄嘮別,嗄嘮別,850
北投區,豐年,四,325,北投區,嗄嘮別,嗄嘮別,850-9
北投區,豐年,四,326,北投區,嗄嘮別,嗄嘮別,850-8
北投區,豐年,四,327,北投區,嗄嘮別,嗄嘮別,850-12
北投區,豐年,四,328,北投區,嗄嘮別,嗄嘮別,850-7
北投區,豐年,四,329,北投區,嗄嘮別,嗄嘮別,850-11
北投區,豐年,四,33,北投區,嗄嘮別,嗄嘮別,876-31
北投區,豐年,四,330,北投區,嗄嘮別,嗄嘮別,850-10
北投區,豐年,四,331,北投區,嗄嘮別,嗄嘮別,847-9
北投區,豐年,四,332,北投區,嗄嘮別,嗄嘮別,847-10
北投區,豐年,四,333,北投區,嗄嘮別,嗄嘮別,847-54
北投區,豐年,四,334,北投區,嗄嘮別,嗄嘮別,846-12
北投區,豐年,四,335,北投區,嗄嘮別,嗄嘮別,846
北投區,豐年,四,336,北投區,嗄嘮別,嗄嘮別,847-12
北投區,豐年,四,337,北投區,嗄嘮別,嗄嘮別,847-13
北投區,豐年,四,338,北投區,嗄嘮別,嗄嘮別,847-13
北投區,豐年,四,339,北投區,嗄嘮別,嗄嘮別,847-55
北投區,豐年,四,34,北投區,嗄嘮別,嗄嘮別,876-32
北投區,豐年,四,340,北投區,嗄嘮別,嗄嘮別,847-3
北投區,豐年,四,341,北投區,嗄嘮別,嗄嘮別,847-49
北投區,豐年,四,342,北投區,嗄嘮別,嗄嘮別,847-48
北投區,豐年,四,343,北投區,嗄嘮別,嗄嘮別,847-42
北投區,豐年,四,344,北投區,嗄嘮別,嗄嘮別,849-1
北投區,豐年,四,345,北投區,嗄嘮別,嗄嘮別,847-50
北投區,豐年,四,346,北投區,嗄嘮別,嗄嘮別,847-4
北投區,豐年,四,347,北投區,嗄嘮別,嗄嘮別,847-5
北投區,豐年,四,348,北投區,嗄嘮別,嗄嘮別,847-51
北投區,豐年,四,349,北投區,嗄嘮別,嗄嘮別,847-52
北投區,豐年,四,35,北投區,嗄嘮別,嗄嘮別,876-33
北投區,豐年,四,350,北投區,嗄嘮別,嗄嘮別,847-6
北投區,豐年,四,351,北投區,嗄嘮別,嗄嘮別,847-7
北投區,豐年,四,352,北投區,嗄嘮別,嗄嘮別,847-8
北投區,豐年,四,353,北投區,嗄嘮別,嗄嘮別,847-53
北投區,豐年,四,354,北投區,嗄嘮別,嗄嘮別,850-6
北投區,豐年,四,355,北投區,嗄嘮別,嗄嘮別,850-3
北投區,豐年,四,356,北投區,嗄嘮別,嗄嘮別,850-4
北投區,豐年,四,358,北投區,嗄嘮別,嗄嘮別,152-5
北投區,豐年,四,359,北投區,嗄嘮別,嗄嘮別,152-5
北投區,豐年,四,36,北投區,嗄嘮別,嗄嘮別,876-34
北投區,豐年,四,360,北投區,嗄嘮別,嗄嘮別,152-5
北投區,豐年,四,361,北投區,嗄嘮別,嗄嘮別,152-5
北投區,豐年,四,362,北投區,嗄嘮別,嗄嘮別,152-5
北投區,豐年,四,364,北投區,嗄嘮別,嗄嘮別,152-5
北投區,豐年,四,365,北投區,嗄嘮別,嗄嘮別,152-5
北投區,豐年,四,366,北投區,嗄嘮別,嗄嘮別,885-24
北投區,豐年,四,367,北投區,嗄嘮別,嗄嘮別,881-1
北投區,豐年,四,368,北投區,嗄嘮別,嗄嘮別,884-3
北投區,豐年,四,37,北投區,嗄嘮別,嗄嘮別,876-35
北投區,豐年,四,371,北投區,嗄嘮別,嗄嘮別,885-24
北投區,豐年,四,372,北投區,嗄嘮別,嗄嘮別,792-2
北投區,豐年,四,373,北投區,嗄嘮別,嗄嘮別,790-16
北投區,豐年,四,374,北投區,嗄嘮別,嗄嘮別,885-24
北投區,豐年,四,375,北投區,嗄嘮別,嗄嘮別,792-1
北投區,豐年,四,376,北投區,嗄嘮別,嗄嘮別,885-24
北投區,豐年,四,38,北投區,嗄嘮別,嗄嘮別,876-36
北投區,豐年,四,380,北投區,嗄嘮別,嗄嘮別,881
北投區,豐年,四,381,北投區,嗄嘮別,嗄嘮別,880-2
北投區,豐年,四,382,北投區,嗄嘮別,嗄嘮別,880
北投區,豐年,四,383,北投區,嗄嘮別,嗄嘮別,880
北投區,豐年,四,384,北投區,嗄嘮別,嗄嘮別,880-5
北投區,豐年,四,385,北投區,嗄嘮別,嗄嘮別,885-2
北投區,豐年,四,385-1,北投區,嗄嘮別,嗄嘮別,885-2
北投區,豐年,四,386,北投區,嗄嘮別,嗄嘮別,885-7
北投區,豐年,四,386-1,北投區,嗄嘮別,嗄嘮別,885-7
北投區,豐年,四,387,北投區,嗄嘮別,嗄嘮別,885-9
北投區,豐年,四,387-1,北投區,嗄嘮別,嗄嘮別,885-9
北投區,豐年,四,388,北投區,嗄嘮別,嗄嘮別,885-26
北投區,豐年,四,389,北投區,嗄嘮別,嗄嘮別,885-25
北投區,豐年,四,39,北投區,嗄嘮別,嗄嘮別,876-37
北投區,豐年,四,390,北投區,嗄嘮別,嗄嘮別,885-16
北投區,豐年,四,391,北投區,嗄嘮別,嗄嘮別,885-3
北投區,豐年,四,392,北投區,嗄嘮別,嗄嘮別,880-3
北投區,豐年,四,393,北投區,嗄嘮別,嗄嘮別,880-4
北投區,豐年,四,394,北投區,嗄嘮別,嗄嘮別,879-27
北投區,豐年,四,395,北投區,嗄嘮別,嗄嘮別,879
北投區,豐年,四,396,北投區,嗄嘮別,嗄嘮別,879-12
北投區,豐年,四,397,北投區,嗄嘮別,嗄嘮別,879-13
北投區,豐年,四,398,北投區,嗄嘮別,嗄嘮別,879-16
北投區,豐年,四,399,北投區,嗄嘮別,嗄嘮別,879-17
北投區,豐年,四,4,北投區,嗄嘮別,嗄嘮別,877-10
北投區,豐年,四,40,北投區,嗄嘮別,嗄嘮別,876-38
北投區,豐年,四,400,北投區,嗄嘮別,嗄嘮別,879-14
北投區,豐年,四,401,北投區,嗄嘮別,嗄嘮別,879-22
北投區,豐年,四,402,北投區,嗄嘮別,嗄嘮別,879-24
北投區,豐年,四,403,北投區,嗄嘮別,嗄嘮別,879-18
北投區,豐年,四,404,北投區,嗄嘮別,嗄嘮別,879-15
北投區,豐年,四,405,北投區,嗄嘮別,嗄嘮別,905-23
北投區,豐年,四,405-1,北投區,嗄嘮別,嗄嘮別,905-23
北投區,豐年,四,406,北投區,嗄嘮別,嗄嘮別,905-14
北投區,豐年,四,407,北投區,嗄嘮別,嗄嘮別,905-20
北投區,豐年,四,408,北投區,嗄嘮別,嗄嘮別,905-25
北投區,豐年,四,409,北投區,嗄嘮別,嗄嘮別,905-17
北投區,豐年,四,41,北投區,嗄嘮別,嗄嘮別,876-5
北投區,豐年,四,410,北投區,嗄嘮別,嗄嘮別,905-26
北投區,豐年,四,411,北投區,嗄嘮別,嗄嘮別,905-16
北投區,豐年,四,415,北投區,嗄嘮別,嗄嘮別,879-10
北投區,豐年,四,416,北投區,嗄嘮別,嗄嘮別,879-4
北投區,豐年,四,418,北投區,嗄嘮別,嗄嘮別,879-25
北投區,豐年,四,419,北投區,嗄嘮別,嗄嘮別,879-9
北投區,豐年,四,42,北投區,嗄嘮別,嗄嘮別,876-6
北投區,豐年,四,420,北投區,嗄嘮別,嗄嘮別,879-5
北投區,豐年,四,421,北投區,嗄嘮別,嗄嘮別,879-3
北投區,豐年,四,422,北投區,嗄嘮別,嗄嘮別,879-8
北投區,豐年,四,423,北投區,嗄嘮別,嗄嘮別,879-20
北投區,豐年,四,424,北投區,嗄嘮別,嗄嘮別,879-2
北投區,豐年,四,427,北投區,嗄嘮別,嗄嘮別,879-1
北投區,豐年,四,429,北投區,嗄嘮別,嗄嘮別,878-4
北投區,豐年,四,43,北投區,嗄嘮別,嗄嘮別,876-15
北投區,豐年,四,430,北投區,嗄嘮別,嗄嘮別,905-1
北投區,豐年,四,432,北投區,嗄嘮別,嗄嘮別,906
北投區,豐年,四,433,北投區,嗄嘮別,嗄嘮別,906-1
北投區,豐年,四,434,北投區,嗄嘮別,嗄嘮別,906-1
北投區,豐年,四,435,北投區,嗄嘮別,嗄嘮別,906-3
北投區,豐年,四,437,北投區,嗄嘮別,嗄嘮別,906-3
北投區,豐年,四,44,北投區,嗄嘮別,嗄嘮別,876-16
北投區,豐年,四,441,北投區,嗄嘮別,嗄嘮別,903
北投區,豐年,四,445,北投區,嗄嘮別,嗄嘮別,905-12
北投區,豐年,四,446,北投區,嗄嘮別,嗄嘮別,893-1
北投區,豐年,四,447,北投區,嗄嘮別,嗄嘮別,894
北投區,豐年,四,448,北投區,嗄嘮別,嗄嘮別,894-3
北投區,豐年,四,449,北投區,嗄嘮別,嗄嘮別,894-2
北投區,豐年,四,45,北投區,嗄嘮別,嗄嘮別,876-13
北投區,豐年,四,450,北投區,嗄嘮別,嗄嘮別,901-7
北投區,豐年,四,451,北投區,嗄嘮別,嗄嘮別,901-5
北投區,豐年,四,452,北投區,嗄嘮別,嗄嘮別,901-6
北投區,豐年,四,453,北投區,嗄嘮別,嗄嘮別,901-6
北投區,豐年,四,454,北投區,嗄嘮別,嗄嘮別,901-6
北投區,豐年,四,456,北投區,嗄嘮別,嗄嘮別,901-1
北投區,豐年,四,460,北投區,嗄嘮別,嗄嘮別,901-4
北投區,豐年,四,463,北投區,嗄嘮別,嗄嘮別,907-10
北投區,豐年,四,464,北投區,嗄嘮別,嗄嘮別,907-9
北投區,豐年,四,465,北投區,嗄嘮別,嗄嘮別,907-13
北投區,豐年,四,468,北投區,嗄嘮別,嗄嘮別,907-43
北投區,豐年,四,469,北投區,嗄嘮別,嗄嘮別,907-44
北投區,豐年,四,470,北投區,嗄嘮別,嗄嘮別,907-44
北投區,豐年,四,471,北投區,嗄嘮別,嗄嘮別,907-26
北投區,豐年,四,472,北投區,嗄嘮別,嗄嘮別,907-26
北投區,豐年,四,474,北投區,嗄嘮別,嗄嘮別,906-6
北投區,豐年,四,475,北投區,嗄嘮別,嗄嘮別,906-6
北投區,豐年,四,476,北投區,嗄嘮別,嗄嘮別,906-6
北投區,豐年,四,477,北投區,嗄嘮別,嗄嘮別,906-6
北投區,豐年,四,478,北投區,嗄嘮別,嗄嘮別,906-6
北投區,豐年,四,479,北投區,嗄嘮別,嗄嘮別,906-6
北投區,豐年,四,48,北投區,嗄嘮別,嗄嘮別,876-61
北投區,豐年,四,480,北投區,嗄嘮別,嗄嘮別,906-6
北投區,豐年,四,481,北投區,嗄嘮別,嗄嘮別,907-2
北投區,豐年,四,482,北投區,嗄嘮別,嗄嘮別,907-41
北投區,豐年,四,484,北投區,嗄嘮別,嗄嘮別,907-1
北投區,豐年,四,485,北投區,嗄嘮別,嗄嘮別,910-1
北投區,豐年,四,489,北投區,嗄嘮別,嗄嘮別,907-40
北投區,豐年,四,49,北投區,嗄嘮別,嗄嘮別,876-60
北投區,豐年,四,490,北投區,嗄嘮別,嗄嘮別,907-39
北投區,豐年,四,491,北投區,嗄嘮別,嗄嘮別,907-39
北投區,豐年,四,492,北投區,嗄嘮別,嗄嘮別,907-25
北投區,豐年,四,493,北投區,嗄嘮別,嗄嘮別,907-25
北投區,豐年,四,494,北投區,嗄嘮別,嗄嘮別,907-29
北投區,豐年,四,495,北投區,嗄嘮別,嗄嘮別,907-29
北投區,豐年,四,5,北投區,嗄嘮別,嗄嘮別,877-13
北投區,豐年,四,50,北投區,嗄嘮別,嗄嘮別,876-62
北投區,豐年,四,500,北投區,嗄嘮別,嗄嘮別,907-33
北投區,豐年,四,501,北投區,嗄嘮別,嗄嘮別,907-37
北投區,豐年,四,507,北投區,嗄嘮別,嗄嘮別,903-2
北投區,豐年,四,508,北投區,嗄嘮別,嗄嘮別,907-36
北投區,豐年,四,509,北投區,嗄嘮別,嗄嘮別,907-32
北投區,豐年,四,51,北投區,嗄嘮別,嗄嘮別,876-7
北投區,豐年,四,510,北投區,嗄嘮別,嗄嘮別,907-31
北投區,豐年,四,511,北投區,嗄嘮別,嗄嘮別,907-35
北投區,豐年,四,512,北投區,嗄嘮別,嗄嘮別,907-23
北投區,豐年,四,513,北投區,嗄嘮別,嗄嘮別,907-21
北投區,豐年,四,514,北投區,嗄嘮別,嗄嘮別,907-14
北投區,豐年,四,515,北投區,嗄嘮別,嗄嘮別,907-11
北投區,豐年,四,516,北投區,嗄嘮別,嗄嘮別,907-20
北投區,豐年,四,517,北投區,嗄嘮別,嗄嘮別,907-19
北投區,豐年,四,518,北投區,嗄嘮別,嗄嘮別,907-16
北投區,豐年,四,519,北投區,嗄嘮別,嗄嘮別,907
北投區,豐年,四,52,北投區,嗄嘮別,嗄嘮別,875-3
北投區,豐年,四,520,北投區,嗄嘮別,嗄嘮別,907-17
北投區,豐年,四,521,北投區,嗄嘮別,嗄嘮別,908-2
北投區,豐年,四,522,北投區,嗄嘮別,嗄嘮別,909
北投區,豐年,四,523,北投區,嗄嘮別,嗄嘮別,912-15
北投區,豐年,四,524,北投區,嗄嘮別,嗄嘮別,912-16
北投區,豐年,四,525,北投區,嗄嘮別,嗄嘮別,912-17
北投區,豐年,四,526,北投區,嗄嘮別,嗄嘮別,912-18
北投區,豐年,四,527,北投區,嗄嘮別,嗄嘮別,912-4
北投區,豐年,四,528,北投區,嗄嘮別,嗄嘮別,912-8
北投區,豐年,四,529,北投區,嗄嘮別,嗄嘮別,911
北投區,豐年,四,53,北投區,嗄嘮別,嗄嘮別,875-3
北投區,豐年,四,530,北投區,嗄嘮別,嗄嘮別,912-7
北投區,豐年,四,532,北投區,嗄嘮別,嗄嘮別,912-11
北投區,豐年,四,533,北投區,嗄嘮別,嗄嘮別,912-13
北投區,豐年,四,534,北投區,嗄嘮別,嗄嘮別,912-14
北投區,豐年,四,535,北投區,嗄嘮別,嗄嘮別,922
北投區,豐年,四,536,北投區,嗄嘮別,嗄嘮別,922-5
北投區,豐年,四,537,北投區,嗄嘮別,嗄嘮別,922-10
北投區,豐年,四,538,北投區,嗄嘮別,嗄嘮別,922-6
北投區,豐年,四,539,北投區,嗄嘮別,嗄嘮別,922-7
北投區,豐年,四,54,北投區,嗄嘮別,嗄嘮別,875-4
北投區,豐年,四,540,北投區,嗄嘮別,嗄嘮別,922-2
北投區,豐年,四,541,北投區,嗄嘮別,嗄嘮別,922-3
北投區,豐年,四,542,北投區,嗄嘮別,嗄嘮別,922-8
北投區,豐年,四,543,北投區,嗄嘮別,嗄嘮別,922-9
北投區,豐年,四,544,北投區,嗄嘮別,嗄嘮別,922-4
北投區,豐年,四,545,北投區,嗄嘮別,嗄嘮別,923-2
北投區,豐年,四,546,北投區,嗄嘮別,嗄嘮別,923-3
北投區,豐年,四,547,北投區,嗄嘮別,嗄嘮別,923-4
北投區,豐年,四,548,北投區,嗄嘮別,嗄嘮別,923-5
北投區,豐年,四,549,北投區,嗄嘮別,嗄嘮別,923-1
北投區,豐年,四,55,北投區,嗄嘮別,嗄嘮別,875-4
北投區,豐年,四,550,北投區,嗄嘮別,嗄嘮別,923
北投區,豐年,四,551,北投區,嗄嘮別,嗄嘮別,920-3
北投區,豐年,四,552,北投區,嗄嘮別,嗄嘮別,923-7
北投區,豐年,四,552-1,北投區,嗄嘮別,嗄嘮別,920-4
北投區,豐年,四,553,北投區,嗄嘮別,嗄嘮別,923-8
北投區,豐年,四,554,北投區,嗄嘮別,嗄嘮別,920-5
北投區,豐年,四,555,北投區,嗄嘮別,嗄嘮別,925
北投區,豐年,四,556,北投區,嗄嘮別,嗄嘮別,926
北投區,豐年,四,557,北投區,嗄嘮別,嗄嘮別,926-1
北投區,豐年,四,558,北投區,嗄嘮別,嗄嘮別,928-2
北投區,豐年,四,559,北投區,嗄嘮別,嗄嘮別,928-5
北投區,豐年,四,56,北投區,嗄嘮別,嗄嘮別,875-4
北投區,豐年,四,560,北投區,嗄嘮別,嗄嘮別,924-34
北投區,豐年,四,561,北投區,嗄嘮別,嗄嘮別,924
北投區,豐年,四,562,北投區,嗄嘮別,嗄嘮別,924-7
北投區,豐年,四,562-1,北投區,嗄嘮別,嗄嘮別,924-8
北投區,豐年,四,563,北投區,嗄嘮別,嗄嘮別,924-56
北投區,豐年,四,564,北投區,嗄嘮別,嗄嘮別,924-26
北投區,豐年,四,565,北投區,嗄嘮別,嗄嘮別,924-9
北投區,豐年,四,566,北投區,嗄嘮別,嗄嘮別,924-22
北投區,豐年,四,567,北投區,嗄嘮別,嗄嘮別,924-1
北投區,豐年,四,568,北投區,嗄嘮別,嗄嘮別,924-2
北投區,豐年,四,569,北投區,嗄嘮別,嗄嘮別,924-35
北投區,豐年,四,57,北投區,嗄嘮別,嗄嘮別,851-45
北投區,豐年,四,570,北投區,嗄嘮別,嗄嘮別,924-50
北投區,豐年,四,571,北投區,嗄嘮別,嗄嘮別,912-19
北投區,豐年,四,572,北投區,嗄嘮別,嗄嘮別,912-20
北投區,豐年,四,573,北投區,嗄嘮別,嗄嘮別,919-12
北投區,豐年,四,574,北投區,嗄嘮別,嗄嘮別,919
北投區,豐年,四,575,北投區,嗄嘮別,嗄嘮別,919-4
北投區,豐年,四,576,北投區,嗄嘮別,嗄嘮別,919-5
北投區,豐年,四,577,北投區,嗄嘮別,嗄嘮別,919-10
北投區,豐年,四,578,北投區,嗄嘮別,嗄嘮別,920-9
北投區,豐年,四,579,北投區,嗄嘮別,嗄嘮別,919-9
北投區,豐年,四,580,北投區,嗄嘮別,嗄嘮別,919-15
北投區,豐年,四,580-1,北投區,嗄嘮別,嗄嘮別,920-11
北投區,豐年,四,581,北投區,嗄嘮別,嗄嘮別,919-6
北投區,豐年,四,582,北投區,嗄嘮別,嗄嘮別,919-7
北投區,豐年,四,583,北投區,嗄嘮別,嗄嘮別,919-8
北投區,豐年,四,584,北投區,嗄嘮別,嗄嘮別,919-13
北投區,豐年,四,585,北投區,嗄嘮別,嗄嘮別,919-14
北投區,豐年,四,586,北投區,嗄嘮別,嗄嘮別,928-3
北投區,豐年,四,587,北投區,嗄嘮別,嗄嘮別,927-5
北投區,豐年,四,588,北投區,嗄嘮別,嗄嘮別,927-4
北投區,豐年,四,589,北投區,嗄嘮別,嗄嘮別,927
北投區,豐年,四,59,北投區,嗄嘮別,嗄嘮別,851-11
北投區,豐年,四,590,北投區,嗄嘮別,嗄嘮別,913-5
北投區,豐年,四,591,北投區,嗄嘮別,嗄嘮別,919-3
北投區,豐年,四,598,北投區,嗄嘮別,嗄嘮別,915
北投區,豐年,四,6,北投區,嗄嘮別,嗄嘮別,877-11
北投區,豐年,四,60,北投區,嗄嘮別,嗄嘮別,851-11
北投區,豐年,四,601,北投區,嗄嘮別,嗄嘮別,913-6
北投區,豐年,四,604,北投區,嗄嘮別,嗄嘮別,913-1
北投區,豐年,四,607,北投區,嗄嘮別,嗄嘮別,912-9
北投區,豐年,四,609,北投區,嗄嘮別,嗄嘮別,912
北投區,豐年,四,61,北投區,嗄嘮別,嗄嘮別,851-11
北投區,豐年,四,612,北投區,嗄嘮別,嗄嘮別,898
北投區,豐年,四,614,北投區,嗄嘮別,嗄嘮別,900-1
北投區,豐年,四,615,北投區,嗄嘮別,嗄嘮別,899-10
北投區,豐年,四,616,北投區,嗄嘮別,嗄嘮別,898-5
北投區,豐年,四,617,北投區,嗄嘮別,嗄嘮別,897-3
北投區,豐年,四,618,北投區,嗄嘮別,嗄嘮別,898-6
北投區,豐年,四,619,北投區,嗄嘮別,嗄嘮別,899-4
北投區,豐年,四,62,北投區,嗄嘮別,嗄嘮別,851-11
北投區,豐年,四,622,北投區,嗄嘮別,嗄嘮別,899-9
北投區,豐年,四,624,北投區,嗄嘮別,嗄嘮別,913-11
北投區,豐年,四,625,北投區,嗄嘮別,嗄嘮別,913-11
北投區,豐年,四,627,北投區,嗄嘮別,嗄嘮別,913-10
北投區,豐年,四,628,北投區,嗄嘮別,嗄嘮別,917-1
北投區,豐年,四,629,北投區,嗄嘮別,嗄嘮別,916
北投區,豐年,四,630,北投區,嗄嘮別,嗄嘮別,916-1
北投區,豐年,四,631,北投區,嗄嘮別,嗄嘮別,913-7
北投區,豐年,四,632,北投區,嗄嘮別,嗄嘮別,898-7
北投區,豐年,四,633,北投區,嗄嘮別,嗄嘮別,898-1
北投區,豐年,四,634,北投區,嗄嘮別,嗄嘮別,915-4
北投區,豐年,四,635,北投區,嗄嘮別,關渡,72-3
北投區,豐年,四,636,北投區,嗄嘮別,關渡,72-4
北投區,豐年,四,637,北投區,嗄嘮別,關渡,5-8
北投區,豐年,四,638,北投區,嗄嘮別,關渡,72-6
北投區,豐年,四,639,北投區,嗄嘮別,關渡,72-8
北投區,豐年,四,64,北投區,嗄嘮別,嗄嘮別,851-9
北投區,豐年,四,640,北投區,嗄嘮別,關渡,73-7
北投區,豐年,四,641,北投區,嗄嘮別,關渡,73-3
北投區,豐年,四,642,北投區,嗄嘮別,關渡,73-4
北投區,豐年,四,643,北投區,嗄嘮別,關渡,73-31
北投區,豐年,四,644,北投區,嗄嘮別,關渡,73-35
北投區,豐年,四,645,北投區,嗄嘮別,關渡,74-4
北投區,豐年,四,646,北投區,嗄嘮別,關渡,74-1
北投區,豐年,四,647,北投區,嗄嘮別,關渡,84
北投區,豐年,四,648,北投區,嗄嘮別,關渡,83-6
北投區,豐年,四,649,北投區,嗄嘮別,關渡,83-9
北投區,豐年,四,65,北投區,嗄嘮別,嗄嘮別,851-9
北投區,豐年,四,650,北投區,嗄嘮別,關渡,86-1
北投區,豐年,四,651,北投區,嗄嘮別,關渡,85
北投區,豐年,四,652,北投區,嗄嘮別,關渡,87-1
北投區,豐年,四,653,北投區,嗄嘮別,關渡,89-1
北投區,豐年,四,654,北投區,嗄嘮別,關渡,89-2
北投區,豐年,四,655,北投區,嗄嘮別,關渡,91
北投區,豐年,四,656,北投區,嗄嘮別,關渡,90-1
北投區,豐年,四,657,北投區,嗄嘮別,關渡,87
北投區,豐年,四,658,北投區,嗄嘮別,關渡,140-1
北投區,豐年,四,659,北投區,嗄嘮別,關渡,140-1
北投區,豐年,四,66,北投區,嗄嘮別,嗄嘮別,851-9
北投區,豐年,四,660,北投區,嗄嘮別,關渡,95-5
北投區,豐年,四,661,北投區,嗄嘮別,關渡,95-4
北投區,豐年,四,662,北投區,嗄嘮別,關渡,95-4
北投區,豐年,四,663,北投區,嗄嘮別,關渡,95-3
北投區,豐年,四,664,北投區,嗄嘮別,關渡,95-2
北投區,豐年,四,665,北投區,嗄嘮別,嗄嘮別,924-30
北投區,豐年,四,666,北投區,嗄嘮別,嗄嘮別,924-63
北投區,豐年,四,667,北投區,嗄嘮別,嗄嘮別,924-63
北投區,豐年,四,668,北投區,嗄嘮別,嗄嘮別,924-13
北投區,豐年,四,669,北投區,嗄嘮別,嗄嘮別,924-12
北投區,豐年,四,67,北投區,嗄嘮別,嗄嘮別,851-31
北投區,豐年,四,670,北投區,嗄嘮別,嗄嘮別,924-11
北投區,豐年,四,671,北投區,嗄嘮別,嗄嘮別,924-10
北投區,豐年,四,672,北投區,嗄嘮別,嗄嘮別,924-55
北投區,豐年,四,673,北投區,嗄嘮別,嗄嘮別,924-3
北投區,豐年,四,674,北投區,嗄嘮別,嗄嘮別,924-64
北投區,豐年,四,675,北投區,嗄嘮別,嗄嘮別,924-52
北投區,豐年,四,676,北投區,嗄嘮別,嗄嘮別,924-6
北投區,豐年,四,677,北投區,嗄嘮別,嗄嘮別,924-25
北投區,豐年,四,678,北投區,嗄嘮別,嗄嘮別,924-33
北投區,豐年,四,679,北投區,嗄嘮別,嗄嘮別,924-18
北投區,豐年,四,68,北投區,嗄嘮別,嗄嘮別,851-1
北投區,豐年,四,680,北投區,嗄嘮別,嗄嘮別,924-61
北投區,豐年,四,681,北投區,嗄嘮別,嗄嘮別,924-60
北投區,豐年,四,682,北投區,嗄嘮別,嗄嘮別,924-17
北投區,豐年,四,683,北投區,嗄嘮別,嗄嘮別,924-16
北投區,豐年,四,684,北投區,嗄嘮別,嗄嘮別,924-58
北投區,豐年,四,685,北投區,嗄嘮別,嗄嘮別,924-57
北投區,豐年,四,686,北投區,嗄嘮別,嗄嘮別,924-15
北投區,豐年,四,687,北投區,嗄嘮別,嗄嘮別,924-24
北投區,豐年,四,688,北投區,嗄嘮別,嗄嘮別,924-4
北投區,豐年,四,689,北投區,嗄嘮別,嗄嘮別,924-46
北投區,豐年,四,69,北投區,嗄嘮別,嗄嘮別,854-3
北投區,豐年,四,690,北投區,嗄嘮別,嗄嘮別,924-20
北投區,豐年,四,691,北投區,嗄嘮別,嗄嘮別,924-20
北投區,豐年,四,692,北投區,嗄嘮別,關渡,109-87
北投區,豐年,四,693,北投區,嗄嘮別,嗄嘮別,924-27
北投區,豐年,四,694,北投區,嗄嘮別,關渡,109-50
北投區,豐年,四,695,北投區,嗄嘮別,關渡,109-50
北投區,豐年,四,7,北投區,嗄嘮別,嗄嘮別,877-1
北投區,豐年,四,70,北投區,嗄嘮別,嗄嘮別,852-1
北投區,豐年,四,72,北投區,嗄嘮別,嗄嘮別,851-59
北投區,豐年,四,74,北投區,嗄嘮別,嗄嘮別,851-7
北投區,豐年,四,78,北投區,嗄嘮別,嗄嘮別,851-32
北投區,豐年,四,79,北投區,嗄嘮別,嗄嘮別,851-34
北投區,豐年,四,8,北投區,嗄嘮別,嗄嘮別,877-16
北投區,豐年,四,81,北投區,嗄嘮別,嗄嘮別,851-36
北投區,豐年,四,82,北投區,嗄嘮別,嗄嘮別,851-6
北投區,豐年,四,84,北投區,嗄嘮別,嗄嘮別,851-39
北投區,豐年,四,85,北投區,嗄嘮別,嗄嘮別,851-8
北投區,豐年,四,86,北投區,嗄嘮別,嗄嘮別,851-118
北投區,豐年,四,87,北投區,嗄嘮別,嗄嘮別,851-119
北投區,豐年,四,88,北投區,嗄嘮別,嗄嘮別,851-52
北投區,豐年,四,89,北投區,嗄嘮別,嗄嘮別,851-72
北投區,豐年,四,9,北投區,嗄嘮別,嗄嘮別,877
北投區,豐年,四,90,北投區,嗄嘮別,嗄嘮別,851-73
北投區,豐年,四,91,北投區,嗄嘮別,嗄嘮別,851-74
北投區,豐年,四,92,北投區,嗄嘮別,嗄嘮別,851-75
北投區,豐年,四,93,北投區,嗄嘮別,嗄嘮別,851-76
北投區,豐年,四,94,北投區,嗄嘮別,嗄嘮別,851-54
北投區,豐年,四,95,北投區,嗄嘮別,嗄嘮別,851-63
北投區,豐年,四,96,北投區,嗄嘮別,嗄嘮別,851-129
北投區,豐年,四,97,北投區,嗄嘮別,嗄嘮別,851-86
北投區,豐年,四,98,北投區,嗄嘮別,嗄嘮別,851-87
北投區,豐年,四,99,北投區,嗄嘮別,嗄嘮別,851-88
北投區,開明,一,1,北投區,頂北投,山腳,211-1
北投區,開明,一,100,北投區,頂北投,山腳,1030-5
北投區,開明,一,1000,北投區,頂北投,山腳,326-106
北投區,開明,一,1001,北投區,頂北投,山腳,323-109
北投區,開明,一,1002,北投區,頂北投,山腳,323-82
北投區,開明,一,1003,北投區,頂北投,山腳,326-81
北投區,開明,一,1004,北投區,頂北投,山腳,323-21
北投區,開明,一,1005,北投區,頂北投,山腳,323-81
北投區,開明,一,1006,北投區,頂北投,山腳,326
北投區,開明,一,1008,北投區,頂北投,山腳,323-2
北投區,開明,一,1009,北投區,頂北投,山腳,323-89
北投區,開明,一,101,北投區,頂北投,山腳,205
北投區,開明,一,1010,北投區,頂北投,山腳,323-90
北投區,開明,一,1011,北投區,頂北投,山腳,323-91
北投區,開明,一,1012,北投區,頂北投,山腳,323-92
北投區,開明,一,1013,北投區,頂北投,山腳,323-93
北投區,開明,一,1014,北投區,頂北投,山腳,323-94
北投區,開明,一,1015,北投區,頂北投,山腳,323-95
北投區,開明,一,1016,北投區,頂北投,山腳,323-88
北投區,開明,一,1017,北投區,頂北投,山腳,323-36
北投區,開明,一,1018,北投區,頂北投,山腳,323-16
北投區,開明,一,1019,北投區,頂北投,山腳,323-15
北投區,開明,一,102,北投區,頂北投,山腳,205-2
北投區,開明,一,1020,北投區,頂北投,山腳,323-12
北投區,開明,一,1021,北投區,頂北投,山腳,323-11
北投區,開明,一,1022,北投區,頂北投,山腳,323-10
北投區,開明,一,1023,北投區,頂北投,山腳,323-9
北投區,開明,一,1024,北投區,頂北投,山腳,323-8
北投區,開明,一,1025,北投區,頂北投,山腳,323-7
北投區,開明,一,1026,北投區,頂北投,山腳,323-32
北投區,開明,一,1027,北投區,頂北投,山腳,323-1
北投區,開明,一,1028,北投區,頂北投,山腳,323-56
北投區,開明,一,1029,北投區,頂北投,山腳,323-30
北投區,開明,一,103,北投區,頂北投,山腳,204-191
北投區,開明,一,1030,北投區,頂北投,山腳,323-6
北投區,開明,一,1031,北投區,頂北投,山腳,323-31
北投區,開明,一,1032,北投區,開明,二,571-1
北投區,開明,一,1033,北投區,開明,二,571
北投區,開明,一,104,北投區,頂北投,山腳,204-299
北投區,開明,一,105,北投區,頂北投,山腳,204-300
北投區,開明,一,106,北投區,頂北投,山腳,204-301
北投區,開明,一,107,北投區,頂北投,山腳,1030-5
北投區,開明,一,108,北投區,頂北投,山腳,196-5
北投區,開明,一,108-1,北投區,頂北投,山腳,179-8
北投區,開明,一,108-2,北投區,頂北投,山腳,179-7
北投區,開明,一,108-3,北投區,頂北投,山腳,179-9
北投區,開明,一,108-4,北投區,頂北投,山腳,179-10
北投區,開明,一,109,北投區,頂北投,山腳,196-5
北投區,開明,一,110,北投區,頂北投,山腳,196-5
北投區,開明,一,111,北投區,頂北投,山腳,1030-5
北投區,開明,一,112,北投區,頂北投,山腳,1030-5
北投區,開明,一,113,北投區,頂北投,山腳,1030-5
北投區,開明,一,114,北投區,頂北投,山腳,204-299
北投區,開明,一,115,北投區,頂北投,山腳,204-191
北投區,開明,一,116,北投區,頂北投,山腳,204-190
北投區,開明,一,117,北投區,頂北投,山腳,203
北投區,開明,一,118,北投區,頂北投,山腳,203
北投區,開明,一,119,北投區,頂北投,山腳,202-9
北投區,開明,一,120,北投區,頂北投,山腳,202-9
北投區,開明,一,123,北投區,頂北投,山腳,203-2
北投區,開明,一,126,北投區,頂北投,山腳,204-312
北投區,開明,一,128,北投區,頂北投,山腳,204-188
北投區,開明,一,129,北投區,頂北投,山腳,204-187
北投區,開明,一,13,北投區,頂北投,山腳,1029
北投區,開明,一,130,北投區,頂北投,山腳,204-306
北投區,開明,一,131,北投區,頂北投,山腳,204-254
北投區,開明,一,132,北投區,頂北投,山腳,204-255
北投區,開明,一,133,北投區,頂北投,山腳,204-316
北投區,開明,一,137,北投區,頂北投,山腳,202-7
北投區,開明,一,138,北投區,頂北投,山腳,204-314
北投區,開明,一,14,北投區,頂北投,山腳,208-13
北投區,開明,一,140,北投區,頂北投,山腳,197
北投區,開明,一,140-1,北投區,頂北投,山腳,197
北投區,開明,一,141,北投區,頂北投,山腳,197
北投區,開明,一,142,北投區,頂北投,山腳,202-6
北投區,開明,一,143,北投區,頂北投,山腳,202-1
北投區,開明,一,144,北投區,頂北投,山腳,202-1
北投區,開明,一,145,北投區,頂北投,山腳,202-2
北投區,開明,一,146,北投區,頂北投,山腳,202-5
北投區,開明,一,146-1,北投區,頂北投,山腳,202-12
北投區,開明,一,146-2,北投區,頂北投,山腳,202-19
北投區,開明,一,147,北投區,頂北投,山腳,202-11
北投區,開明,一,148,北投區,頂北投,山腳,200-2
北投區,開明,一,149,北投區,頂北投,山腳,200
北投區,開明,一,15,北投區,頂北投,山腳,208-11
北投區,開明,一,150,北投區,頂北投,山腳,200-1
北投區,開明,一,151,北投區,頂北投,山腳,200-3
北投區,開明,一,152,北投區,頂北投,山腳,201-1
北投區,開明,一,153,北投區,頂北投,山腳,201
北投區,開明,一,154,北投區,頂北投,山腳,198-1
北投區,開明,一,155,北投區,頂北投,山腳,198
北投區,開明,一,155-1,北投區,頂北投,山腳,198
北投區,開明,一,155-2,北投區,頂北投,山腳,1030-5
北投區,開明,一,156,北投區,頂北投,山腳,199
北投區,開明,一,156-1,北投區,頂北投,山腳,1030-5
北投區,開明,一,157,北投區,頂北投,山腳,199-3
北投區,開明,一,158,北投區,頂北投,山腳,199-3
北投區,開明,一,16,北投區,頂北投,山腳,213-36
北投區,開明,一,161,北投區,頂北投,山腳,199-67
北投區,開明,一,162,北投區,頂北投,山腳,199-90
北投區,開明,一,163,北投區,頂北投,山腳,199-91
北投區,開明,一,164,北投區,頂北投,山腳,199-10
北投區,開明,一,164-1,北投區,頂北投,山腳,328-67
北投區,開明,一,165,北投區,頂北投,山腳,199-49
北投區,開明,一,166,北投區,頂北投,山腳,199-7
北投區,開明,一,167,北投區,頂北投,山腳,199-6
北投區,開明,一,168,北投區,頂北投,山腳,199-6
北投區,開明,一,169,北投區,頂北投,山腳,199-6
北投區,開明,一,17,北投區,頂北投,山腳,208-9
北投區,開明,一,170,北投區,頂北投,山腳,199-1
北投區,開明,一,171,北投區,頂北投,山腳,199-1
北投區,開明,一,172,北投區,頂北投,山腳,199-1
北投區,開明,一,173,北投區,頂北投,山腳,199-1
北投區,開明,一,174,北投區,頂北投,山腳,199-114
北投區,開明,一,175,北投區,頂北投,山腳,199-4
北投區,開明,一,176,北投區,頂北投,山腳,199-4
北投區,開明,一,177,北投區,頂北投,山腳,199-135
北投區,開明,一,178,北投區,頂北投,山腳,199-115
北投區,開明,一,179,北投區,頂北投,山腳,199-115
北投區,開明,一,18,北投區,頂北投,山腳,213-42
北投區,開明,一,180,北投區,頂北投,山腳,199-5
北投區,開明,一,181,北投區,頂北投,山腳,199-8
北投區,開明,一,182,北投區,頂北投,山腳,199-136
北投區,開明,一,183,北投區,頂北投,山腳,199-16
北投區,開明,一,184,北投區,頂北投,山腳,199-17
北投區,開明,一,185,北投區,頂北投,山腳,199-17
北投區,開明,一,186,北投區,頂北投,山腳,199-116
北投區,開明,一,187,北投區,頂北投,山腳,199-117
北投區,開明,一,188,北投區,頂北投,山腳,199-117
北投區,開明,一,189,北投區,頂北投,山腳,199-108
北投區,開明,一,19,北投區,頂北投,山腳,213-30
北投區,開明,一,190,北投區,頂北投,山腳,199-119
北投區,開明,一,191,北投區,頂北投,山腳,199-119
北投區,開明,一,192,北投區,頂北投,山腳,199-18
北投區,開明,一,193,北投區,頂北投,山腳,199-18
北投區,開明,一,194,北投區,頂北投,山腳,199-33
北投區,開明,一,194-1,北投區,頂北投,山腳,199-137
北投區,開明,一,195,北投區,頂北投,山腳,199-31
北投區,開明,一,196,北投區,頂北投,山腳,199-127
北投區,開明,一,197,北投區,頂北投,山腳,199-128
北投區,開明,一,198,北投區,頂北投,山腳,199-30
北投區,開明,一,199,北投區,頂北投,山腳,199-30
北投區,開明,一,20,北投區,頂北投,山腳,213-50
北投區,開明,一,203,北投區,頂北投,山腳,328-65
北投區,開明,一,204,北投區,頂北投,山腳,328-14
北投區,開明,一,205,北投區,頂北投,山腳,328-22
北投區,開明,一,207,北投區,頂北投,山腳,328-12
北投區,開明,一,208,北投區,頂北投,山腳,328-11
北投區,開明,一,209,北投區,頂北投,山腳,199-112
北投區,開明,一,21,北投區,頂北投,山腳,213-8
北投區,開明,一,210,北投區,頂北投,山腳,199-123
北投區,開明,一,211,北投區,頂北投,山腳,199-122
北投區,開明,一,212,北投區,頂北投,山腳,199-122
北投區,開明,一,213,北投區,頂北投,山腳,199-19
北投區,開明,一,214,北投區,頂北投,山腳,199-19
北投區,開明,一,215,北投區,頂北投,山腳,199-20
北投區,開明,一,216,北投區,頂北投,山腳,199-134
北投區,開明,一,217,北投區,頂北投,山腳,199-125
北投區,開明,一,218,北投區,頂北投,山腳,199-126
北投區,開明,一,219,北投區,頂北投,山腳,199-72
北投區,開明,一,22,北投區,頂北投,山腳,214-4
北投區,開明,一,220,北投區,頂北投,山腳,199-71
北投區,開明,一,221,北投區,頂北投,山腳,199-71
北投區,開明,一,222,北投區,頂北投,山腳,199-69
北投區,開明,一,223,北投區,頂北投,山腳,199-29
北投區,開明,一,224,北投區,頂北投,山腳,199-27
北投區,開明,一,225,北投區,頂北投,山腳,199-27
北投區,開明,一,226,北投區,頂北投,山腳,199-27
北投區,開明,一,227,北投區,頂北投,山腳,328-60
北投區,開明,一,228,北投區,頂北投,山腳,328-9
北投區,開明,一,228-1,北投區,頂北投,山腳,199-28
北投區,開明,一,229,北投區,頂北投,山腳,328-9
北投區,開明,一,23,北投區,頂北投,山腳,213-48
北投區,開明,一,230,北投區,頂北投,山腳,328-9
北投區,開明,一,231,北投區,頂北投,山腳,199-9
北投區,開明,一,232,北投區,頂北投,山腳,199-44
北投區,開明,一,233,北投區,頂北投,山腳,326-67
北投區,開明,一,234,北投區,頂北投,山腳,204-212
北投區,開明,一,236,北投區,頂北投,山腳,204-216
北投區,開明,一,237,北投區,頂北投,山腳,204-217
北投區,開明,一,238,北投區,頂北投,山腳,204-218
北投區,開明,一,239,北投區,頂北投,山腳,204-219
北投區,開明,一,24,北投區,頂北投,山腳,211-2
北投區,開明,一,241,北投區,頂北投,山腳,204-220
北投區,開明,一,242,北投區,頂北投,山腳,204-222
北投區,開明,一,244,北投區,頂北投,山腳,204-12
北投區,開明,一,245,北投區,頂北投,山腳,204-114
北投區,開明,一,246,北投區,頂北投,山腳,204-115
北投區,開明,一,247,北投區,頂北投,山腳,204-13
北投區,開明,一,249,北投區,頂北投,山腳,204-223
北投區,開明,一,25,北投區,頂北投,山腳,208-15
北投區,開明,一,250,北投區,頂北投,山腳,284-20
北投區,開明,一,251,北投區,頂北投,山腳,284-141
北投區,開明,一,254,北投區,頂北投,山腳,204-118
北投區,開明,一,257,北投區,頂北投,山腳,284-142
北投區,開明,一,258,北投區,頂北投,山腳,204-21
北投區,開明,一,259,北投區,頂北投,山腳,284-144
北投區,開明,一,26,北投區,頂北投,山腳,208-12
北投區,開明,一,267,北投區,頂北投,山腳,284-10
北投區,開明,一,268,北投區,頂北投,山腳,284-145
北投區,開明,一,269,北投區,頂北投,山腳,284-9
北投區,開明,一,27,北投區,頂北投,山腳,1030-1
北投區,開明,一,277,北投區,頂北投,山腳,284-149
北投區,開明,一,279,北投區,頂北投,山腳,284-150
北投區,開明,一,28,北投區,頂北投,山腳,195-11
北投區,開明,一,285,北投區,頂北投,山腳,284-151
北投區,開明,一,289,北投區,頂北投,山腳,284-17
北投區,開明,一,29,北投區,頂北投,山腳,195-12
北投區,開明,一,290,北投區,頂北投,山腳,1030-5
北投區,開明,一,291,北投區,頂北投,山腳,1047
北投區,開明,一,292,北投區,頂北投,山腳,1047
北投區,開明,一,293,北投區,頂北投,山腳,1041-1
北投區,開明,一,295,北投區,頂北投,山腳,199-3
北投區,開明,一,296,北投區,頂北投,山腳,339-13
北投區,開明,一,297,北投區,頂北投,山腳,339-35
北投區,開明,一,298,北投區,頂北投,山腳,339-5
北投區,開明,一,299,北投區,頂北投,山腳,339-14
北投區,開明,一,3,北投區,頂北投,山腳,214-3
北投區,開明,一,30,北投區,頂北投,山腳,195-9
北投區,開明,一,300,北投區,頂北投,山腳,339-14
北投區,開明,一,301,北投區,頂北投,山腳,339
北投區,開明,一,302,北投區,頂北投,山腳,339-9
北投區,開明,一,303,北投區,頂北投,山腳,339-28
北投區,開明,一,304,北投區,頂北投,山腳,339-7
北投區,開明,一,305,北投區,頂北投,山腳,339-8
北投區,開明,一,306,北投區,頂北投,山腳,339-10
北投區,開明,一,307,北投區,頂北投,山腳,339-10
北投區,開明,一,308,北投區,頂北投,山腳,339-15
北投區,開明,一,309,北投區,頂北投,山腳,339-15
北投區,開明,一,31,北投區,頂北投,山腳,1030-2
北投區,開明,一,310,北投區,頂北投,山腳,339-16
北投區,開明,一,311,北投區,頂北投,山腳,339-16
北投區,開明,一,312,北投區,頂北投,山腳,339-17
北投區,開明,一,313,北投區,頂北投,山腳,339-17
北投區,開明,一,314,北投區,頂北投,山腳,339-18
北投區,開明,一,315,北投區,頂北投,山腳,339-18
北投區,開明,一,316,北投區,頂北投,山腳,339-19
北投區,開明,一,317,北投區,頂北投,山腳,339-19
北投區,開明,一,318,北投區,頂北投,山腳,339-20
北投區,開明,一,319,北投區,頂北投,山腳,339-20
北投區,開明,一,32,北投區,頂北投,山腳,1030-3
北投區,開明,一,320,北投區,頂北投,山腳,339-21
北投區,開明,一,321,北投區,頂北投,山腳,339-21
北投區,開明,一,322,北投區,頂北投,山腳,339-4
北投區,開明,一,323,北投區,頂北投,山腳,339-23
北投區,開明,一,324,北投區,頂北投,山腳,339-24
北投區,開明,一,325,北投區,頂北投,山腳,339-36
北投區,開明,一,326,北投區,頂北投,山腳,339-25
北投區,開明,一,327,北投區,頂北投,山腳,339-26
北投區,開明,一,328,北投區,頂北投,山腳,339-27
北投區,開明,一,329,北投區,頂北投,山腳,339-29
北投區,開明,一,33,北投區,頂北投,山腳,207-1
北投區,開明,一,330,北投區,頂北投,山腳,339-30
北投區,開明,一,331,北投區,頂北投,山腳,339-31
北投區,開明,一,332,北投區,頂北投,山腳,339-11
北投區,開明,一,333,北投區,頂北投,山腳,173-9
北投區,開明,一,334,北投區,頂北投,山腳,173-16
北投區,開明,一,335,北投區,頂北投,山腳,173-17
北投區,開明,一,336,北投區,頂北投,山腳,173-18
北投區,開明,一,337,北投區,頂北投,山腳,173
北投區,開明,一,338,北投區,頂北投,山腳,173-2
北投區,開明,一,338-1,北投區,頂北投,山腳,173-23
北投區,開明,一,339,北投區,頂北投,山腳,173-15
北投區,開明,一,340,北投區,頂北投,山腳,173-12
北投區,開明,一,341,北投區,頂北投,山腳,173-1
北投區,開明,一,342,北投區,頂北投,山腳,173-22
北投區,開明,一,342,北投區,頂北投,山腳,173-5
北投區,開明,一,343,北投區,頂北投,山腳,173-6
北投區,開明,一,344,北投區,頂北投,山腳,172-16
北投區,開明,一,345,北投區,頂北投,山腳,172-1
北投區,開明,一,346,北投區,頂北投,山腳,172
北投區,開明,一,347,北投區,頂北投,山腳,172-14
北投區,開明,一,348,北投區,頂北投,山腳,172-15
北投區,開明,一,349,北投區,頂北投,山腳,173-8
北投區,開明,一,350,北投區,頂北投,山腳,172-2
北投區,開明,一,351,北投區,頂北投,山腳,172-22
北投區,開明,一,352,北投區,頂北投,山腳,339-34
北投區,開明,一,353,北投區,頂北投,山腳,339-33
北投區,開明,一,354,北投區,頂北投,山腳,172-10
北投區,開明,一,355,北投區,頂北投,山腳,172-3
北投區,開明,一,356,北投區,頂北投,山腳,172-18
北投區,開明,一,357,北投區,頂北投,山腳,172-18
北投區,開明,一,357,北投區,頂北投,山腳,172-4
北投區,開明,一,358,北投區,頂北投,山腳,172-11
北投區,開明,一,359,北投區,頂北投,山腳,172-12
北投區,開明,一,36,北投區,頂北投,山腳,214-7
北投區,開明,一,360,北投區,頂北投,山腳,172-5
北投區,開明,一,361,北投區,頂北投,山腳,172-6
北投區,開明,一,362,北投區,頂北投,山腳,175-1
北投區,開明,一,363,北投區,頂北投,山腳,175-1
北投區,開明,一,364,北投區,頂北投,山腳,175-2
北投區,開明,一,365,北投區,頂北投,山腳,172-20
北投區,開明,一,366,北投區,頂北投,山腳,172-21
北投區,開明,一,367,北投區,頂北投,山腳,175-3
北投區,開明,一,368,北投區,頂北投,山腳,176
北投區,開明,一,369,北投區,頂北投,山腳,177
北投區,開明,一,37,北投區,頂北投,山腳,210-8
北投區,開明,一,370,北投區,頂北投,山腳,177-1
北投區,開明,一,371,北投區,頂北投,山腳,178
北投區,開明,一,372,北投區,頂北投,山腳,339-32
北投區,開明,一,373,北投區,頂北投,山腳,339-22
北投區,開明,一,374,北投區,頂北投,山腳,339-22
北投區,開明,一,375,北投區,頂北投,山腳,339-4
北投區,開明,一,377,北投區,頂北投,山腳,199-110
北投區,開明,一,378,北投區,頂北投,山腳,1047
北投區,開明,一,379,北投區,頂北投,山腳,339-40
北投區,開明,一,38,北投區,頂北投,山腳,209-16
北投區,開明,一,380,北投區,頂北投,山腳,339-40
北投區,開明,一,381,北投區,頂北投,山腳,339-38
北投區,開明,一,382,北投區,頂北投,山腳,339-39
北投區,開明,一,383,北投區,頂北投,山腳,339-39
北投區,開明,一,384,北投區,頂北投,山腳,339-3
北投區,開明,一,385,北投區,頂北投,山腳,339-37
北投區,開明,一,386,北投區,頂北投,山腳,339-37
北投區,開明,一,387,北投區,頂北投,山腳,339-41
北投區,開明,一,388,北投區,頂北投,山腳,1043
北投區,開明,一,388-1,北投區,頂北投,山腳,1043
北投區,開明,一,388-2,北投區,頂北投,山腳,1043
北投區,開明,一,388-3,北投區,頂北投,山腳,1043-2
北投區,開明,一,388-4,北投區,頂北投,山腳,1043-3
北投區,開明,一,389,北投區,頂北投,山腳,340
北投區,開明,一,389,北投區,頂北投,山腳,340-1
北投區,開明,一,39,北投區,頂北投,山腳,214-6
北投區,開明,一,390,北投區,頂北投,山腳,340-2
北投區,開明,一,391,北投區,頂北投,山腳,340-4
北投區,開明,一,392,北投區,頂北投,山腳,340-5
北投區,開明,一,393,北投區,頂北投,山腳,341
北投區,開明,一,394,北投區,頂北投,山腳,338
北投區,開明,一,395,北投區,頂北投,山腳,337
北投區,開明,一,396,北投區,頂北投,山腳,337-16
北投區,開明,一,397,北投區,頂北投,山腳,338-27
北投區,開明,一,398,北投區,頂北投,山腳,338-24
北投區,開明,一,399,北投區,頂北投,山腳,338-24
北投區,開明,一,40,北投區,頂北投,山腳,209-15
北投區,開明,一,400,北投區,頂北投,山腳,338-5
北投區,開明,一,401,北投區,頂北投,山腳,338-23
北投區,開明,一,401-1,北投區,頂北投,山腳,338-23
北投區,開明,一,402,北投區,頂北投,山腳,338-4
北投區,開明,一,403,北投區,頂北投,山腳,338-33
北投區,開明,一,404,北投區,頂北投,山腳,338-34
北投區,開明,一,405,北投區,頂北投,山腳,338-31
北投區,開明,一,406,北投區,頂北投,山腳,338-32
北投區,開明,一,407,北投區,頂北投,山腳,338-30
北投區,開明,一,407-1,北投區,頂北投,山腳,338-30
北投區,開明,一,408,北投區,頂北投,山腳,338-19
北投區,開明,一,408-1,北投區,頂北投,山腳,338-19
北投區,開明,一,409,北投區,頂北投,山腳,338-22
北投區,開明,一,41,北投區,頂北投,山腳,209-1
北投區,開明,一,410,北投區,頂北投,山腳,338-20
北投區,開明,一,411,北投區,頂北投,山腳,338-8
北投區,開明,一,413,北投區,頂北投,山腳,338-2
北投區,開明,一,414,北投區,頂北投,山腳,338-10
北投區,開明,一,415-1,北投區,頂北投,山腳,338-6
北投區,開明,一,417,北投區,頂北投,山腳,338-14
北投區,開明,一,418,北投區,頂北投,山腳,338-15
北投區,開明,一,419,北投區,頂北投,山腳,338-12
北投區,開明,一,42,北投區,頂北投,山腳,214-5
北投區,開明,一,420,北投區,頂北投,山腳,338-12
北投區,開明,一,421,北投區,頂北投,山腳,338-12
北投區,開明,一,422,北投區,頂北投,山腳,338-9
北投區,開明,一,423,北投區,頂北投,山腳,338-21
北投區,開明,一,425,北投區,頂北投,山腳,1047
北投區,開明,一,426,北投區,頂北投,山腳,338-18
北投區,開明,一,427,北投區,頂北投,山腳,338-18
北投區,開明,一,428,北投區,頂北投,山腳,338-17
北投區,開明,一,43,北投區,頂北投,山腳,209-2
北投區,開明,一,430,北投區,頂北投,山腳,338-1
北投區,開明,一,431,北投區,頂北投,山腳,199-73
北投區,開明,一,432,北投區,頂北投,山腳,199-73
北投區,開明,一,434,北投區,頂北投,山腳,199-74
北投區,開明,一,435,北投區,頂北投,山腳,199-75
北投區,開明,一,436,北投區,頂北投,山腳,199-75
北投區,開明,一,438,北投區,頂北投,山腳,199-76
北投區,開明,一,44,北投區,頂北投,山腳,204-169
北投區,開明,一,442,北投區,頂北投,山腳,199-21
北投區,開明,一,443,北投區,頂北投,山腳,199-22
北投區,開明,一,444,北投區,頂北投,山腳,199-86
北投區,開明,一,445,北投區,頂北投,山腳,199-86
北投區,開明,一,446,北投區,頂北投,山腳,199-85
北投區,開明,一,447,北投區,頂北投,山腳,199-85
北投區,開明,一,448,北投區,頂北投,山腳,199-23
北投區,開明,一,448-1,北投區,頂北投,山腳,199-84
北投區,開明,一,449,北投區,頂北投,山腳,199-139
北投區,開明,一,45,北投區,頂北投,山腳,204-311
北投區,開明,一,450,北投區,頂北投,山腳,328-17
北投區,開明,一,451,北投區,頂北投,山腳,328-59
北投區,開明,一,452,北投區,頂北投,山腳,1047
北投區,開明,一,453,北投區,頂北投,山腳,328-62
北投區,開明,一,454,北投區,頂北投,山腳,328-62
北投區,開明,一,455,北投區,頂北投,山腳,328-2
北投區,開明,一,456,北投區,頂北投,山腳,1047
北投區,開明,一,457,北投區,頂北投,山腳,328-38
北投區,開明,一,458,北投區,頂北投,山腳,328-37
北投區,開明,一,459,北投區,頂北投,山腳,328-37
北投區,開明,一,46,北投區,頂北投,山腳,204-241
北投區,開明,一,460,北投區,頂北投,山腳,328-41
北投區,開明,一,461,北投區,頂北投,山腳,328-43
北投區,開明,一,463,北投區,頂北投,山腳,328-4
北投區,開明,一,466,北投區,頂北投,山腳,328-34
北投區,開明,一,467,北投區,頂北投,山腳,199-25
北投區,開明,一,468,北投區,頂北投,山腳,199-80
北投區,開明,一,469,北投區,頂北投,山腳,328-28
北投區,開明,一,47,北投區,頂北投,山腳,204-170
北投區,開明,一,470,北投區,頂北投,山腳,328-6
北投區,開明,一,471,北投區,頂北投,山腳,328-6
北投區,開明,一,472,北投區,頂北投,山腳,199-59
北投區,開明,一,473,北投區,頂北投,山腳,199-100
北投區,開明,一,474,北投區,頂北投,山腳,326-10
北投區,開明,一,475,北投區,頂北投,山腳,327-32
北投區,開明,一,476,北投區,頂北投,山腳,199-101
北投區,開明,一,477,北投區,頂北投,山腳,199-131
北投區,開明,一,479,北投區,頂北投,山腳,327-4
北投區,開明,一,48,北投區,頂北投,山腳,204-242
北投區,開明,一,480,北投區,頂北投,山腳,327-20
北投區,開明,一,481,北投區,頂北投,山腳,328-25
北投區,開明,一,482,北投區,頂北投,山腳,327-3
北投區,開明,一,483,北投區,頂北投,山腳,327-21
北投區,開明,一,484,北投區,頂北投,山腳,327-22
北投區,開明,一,485,北投區,頂北投,山腳,327-2
北投區,開明,一,486,北投區,頂北投,山腳,327-36
北投區,開明,一,487,北投區,頂北投,山腳,327-24
北投區,開明,一,488,北投區,頂北投,山腳,327-37
北投區,開明,一,489,北投區,頂北投,山腳,327-37
北投區,開明,一,49,北投區,頂北投,山腳,204-171
北投區,開明,一,490,北投區,頂北投,山腳,327-15
北投區,開明,一,491,北投區,頂北投,山腳,327-26
北投區,開明,一,492,北投區,頂北投,山腳,327-23
北投區,開明,一,493,北投區,頂北投,山腳,327-34
北投區,開明,一,494,北投區,頂北投,山腳,327-35
北投區,開明,一,495,北投區,頂北投,山腳,327-28
北投區,開明,一,496,北投區,頂北投,山腳,327-17
北投區,開明,一,497,北投區,頂北投,山腳,326-114
北投區,開明,一,498,北投區,頂北投,山腳,326-73
北投區,開明,一,499,北投區,頂北投,山腳,326-65
北投區,開明,一,500,北投區,頂北投,山腳,326-6
北投區,開明,一,501,北投區,頂北投,山腳,326-64
北投區,開明,一,502,北投區,頂北投,山腳,326-7
北投區,開明,一,503,北投區,頂北投,山腳,327-5
北投區,開明,一,504,北投區,頂北投,山腳,199-48
北投區,開明,一,505,北投區,頂北投,山腳,326-47
北投區,開明,一,506,北投區,頂北投,山腳,326-34
北投區,開明,一,507,北投區,頂北投,山腳,326-46
北投區,開明,一,508,北投區,頂北投,山腳,326-8
北投區,開明,一,509,北投區,頂北投,山腳,326-96
北投區,開明,一,510,北投區,頂北投,山腳,326-45
北投區,開明,一,511,北投區,頂北投,山腳,326-98
北投區,開明,一,512,北投區,頂北投,山腳,326-99
北投區,開明,一,513,北投區,頂北投,山腳,326-100
北投區,開明,一,514,北投區,頂北投,山腳,326-101
北投區,開明,一,515,北投區,頂北投,山腳,326-117
北投區,開明,一,516,北投區,頂北投,山腳,326-119
北投區,開明,一,517,北投區,頂北投,山腳,326-30
北投區,開明,一,517-1,北投區,頂北投,山腳,326-36
北投區,開明,一,518,北投區,頂北投,山腳,339-4
北投區,開明,一,52,北投區,頂北投,山腳,204-1
北投區,開明,一,520,北投區,頂北投,山腳,199-24
北投區,開明,一,521,北投區,頂北投,山腳,207-7
北投區,開明,一,522,北投區,頂北投,山腳,326-22
北投區,開明,一,523,北投區,頂北投,山腳,204-165
北投區,開明,一,523-1,北投區,頂北投,山腳,204-261
北投區,開明,一,524,北投區,頂北投,山腳,204-137
北投區,開明,一,525,北投區,頂北投,山腳,204-47
北投區,開明,一,526,北投區,頂北投,山腳,204-198
北投區,開明,一,527,北投區,頂北投,山腳,204-296
北投區,開明,一,528,北投區,頂北投,山腳,204-46
北投區,開明,一,529,北投區,頂北投,山腳,204-175
北投區,開明,一,530,北投區,頂北投,山腳,204-229
北投區,開明,一,531,北投區,頂北投,山腳,204-45
北投區,開明,一,532,北投區,頂北投,山腳,204-293
北投區,開明,一,533,北投區,頂北投,山腳,204-294
北投區,開明,一,534,北投區,頂北投,山腳,204-295
北投區,開明,一,535,北投區,頂北投,山腳,204-68
北投區,開明,一,536,北投區,頂北投,山腳,204-44
北投區,開明,一,537,北投區,頂北投,山腳,204-278
北投區,開明,一,538,北投區,頂北投,山腳,204-43
北投區,開明,一,539,北投區,頂北投,山腳,204-287
北投區,開明,一,54,北投區,頂北投,山腳,204-248
北投區,開明,一,540,北投區,頂北投,山腳,204-53
北投區,開明,一,541,北投區,頂北投,山腳,204-52
北投區,開明,一,542,北投區,頂北投,山腳,204-197
北投區,開明,一,542,北投區,頂北投,山腳,204-51
北投區,開明,一,543,北投區,頂北投,山腳,204-285
北投區,開明,一,545,北投區,頂北投,山腳,204-237
北投區,開明,一,55,北投區,頂北投,山腳,204-110
北投區,開明,一,550,北投區,頂北投,山腳,204-263
北投區,開明,一,551,北投區,頂北投,山腳,204-67
北投區,開明,一,552,北投區,頂北投,山腳,204-49
北投區,開明,一,553,北投區,頂北投,山腳,204-192
北投區,開明,一,553,北投區,頂北投,山腳,204-193
北投區,開明,一,554,北投區,頂北投,山腳,204-194
北投區,開明,一,555,北投區,頂北投,山腳,204-177
北投區,開明,一,556,北投區,頂北投,山腳,204-265
北投區,開明,一,557,北投區,頂北投,山腳,204-179
北投區,開明,一,558,北投區,頂北投,山腳,204-291
北投區,開明,一,559,北投區,頂北投,山腳,326-104
北投區,開明,一,56,北投區,頂北投,山腳,204-246
北投區,開明,一,560,北投區,頂北投,山腳,326-103
北投區,開明,一,561,北投區,頂北投,山腳,326-23
北投區,開明,一,562,北投區,頂北投,山腳,326-102
北投區,開明,一,563,北投區,頂北投,山腳,204-292
北投區,開明,一,564,北投區,頂北投,山腳,326-94
北投區,開明,一,565,北投區,頂北投,山腳,326-93
北投區,開明,一,566,北投區,頂北投,山腳,326-54
北投區,開明,一,567,北投區,頂北投,山腳,326-29
北投區,開明,一,568,北投區,頂北投,山腳,204-267
北投區,開明,一,569,北投區,頂北投,山腳,326-84
北投區,開明,一,57,北投區,頂北投,山腳,204-310
北投區,開明,一,570,北投區,頂北投,山腳,326-55
北投區,開明,一,571,北投區,頂北投,山腳,326-26
北投區,開明,一,572,北投區,頂北投,山腳,326-89
北投區,開明,一,573,北投區,頂北投,山腳,326-57
北投區,開明,一,574,北投區,頂北投,山腳,204-142
北投區,開明,一,575,北投區,頂北投,山腳,204-143
北投區,開明,一,576,北投區,頂北投,山腳,204-144
北投區,開明,一,577,北投區,頂北投,山腳,204-146
北投區,開明,一,578,北投區,頂北投,山腳,204-272
北投區,開明,一,579,北投區,頂北投,山腳,316-7
北投區,開明,一,58,北投區,頂北投,山腳,208-21
北投區,開明,一,580,北投區,頂北投,山腳,316-15
北投區,開明,一,581,北投區,頂北投,山腳,316-14
北投區,開明,一,582,北投區,頂北投,山腳,204-147
北投區,開明,一,583,北投區,頂北投,山腳,204-76
北投區,開明,一,584,北投區,頂北投,山腳,204-269
北投區,開明,一,589,北投區,頂北投,山腳,316-18
北投區,開明,一,59,北投區,頂北投,山腳,208-16
北投區,開明,一,590,北投區,頂北投,山腳,204-149
北投區,開明,一,591,北投區,頂北投,山腳,204-149
北投區,開明,一,592,北投區,頂北投,山腳,316-19
北投區,開明,一,598,北投區,頂北投,山腳,316-20
北投區,開明,一,599,北投區,頂北投,山腳,316-9
北投區,開明,一,6,北投區,頂北投,山腳,213-20
北投區,開明,一,60,北投區,頂北投,山腳,208-20
北投區,開明,一,600,北投區,頂北投,山腳,316-9
北投區,開明,一,601,北投區,頂北投,山腳,315-18
北投區,開明,一,602,北投區,頂北投,山腳,315-18
北投區,開明,一,603,北投區,頂北投,山腳,315-33
北投區,開明,一,604,北投區,頂北投,山腳,204-73
北投區,開明,一,606,北投區,頂北投,山腳,204-286
北投區,開明,一,607,北投區,頂北投,山腳,315-44
北投區,開明,一,608,北投區,頂北投,山腳,315-43
北投區,開明,一,609,北投區,頂北投,山腳,315-19
北投區,開明,一,61,北投區,頂北投,山腳,204-243
北投區,開明,一,610,北投區,頂北投,山腳,315-25
北投區,開明,一,611,北投區,頂北投,山腳,315-5
北投區,開明,一,612,北投區,頂北投,山腳,204-72
北投區,開明,一,613,北投區,頂北投,山腳,315-24
北投區,開明,一,614,北投區,頂北投,山腳,204-61
北投區,開明,一,615,北投區,頂北投,山腳,315-12
北投區,開明,一,616,北投區,頂北投,山腳,315-13
北投區,開明,一,617,北投區,頂北投,山腳,315-47
北投區,開明,一,618,北投區,頂北投,山腳,315-4
北投區,開明,一,619,北投區,頂北投,山腳,315-37
北投區,開明,一,62,北投區,頂北投,山腳,204-168
北投區,開明,一,620,北投區,頂北投,山腳,315-51
北投區,開明,一,621,北投區,頂北投,山腳,315-29
北投區,開明,一,622,北投區,頂北投,山腳,315-36
北投區,開明,一,623,北投區,頂北投,山腳,204-59
北投區,開明,一,624,北投區,頂北投,山腳,315-31
北投區,開明,一,625,北投區,頂北投,山腳,204-174
北投區,開明,一,626,北投區,頂北投,山腳,204-57
北投區,開明,一,627,北投區,頂北投,山腳,204-239
北投區,開明,一,628,北投區,頂北投,山腳,204-58
北投區,開明,一,63,北投區,頂北投,山腳,204-167
北投區,開明,一,630,北投區,頂北投,山腳,315-35
北投區,開明,一,632,北投區,頂北投,山腳,315-34
北投區,開明,一,633,北投區,頂北投,山腳,315-16
北投區,開明,一,634,北投區,頂北投,山腳,1033
北投區,開明,一,635,北投區,頂北投,山腳,314-2
北投區,開明,一,636,北投區,頂北投,山腳,1032
北投區,開明,一,637,北投區,頂北投,山腳,1034-1
北投區,開明,一,638,北投區,頂北投,山腳,314
北投區,開明,一,64,北投區,頂北投,山腳,204-244
北投區,開明,一,640,北投區,頂北投,山腳,314-29
北投區,開明,一,641,北投區,頂北投,山腳,314-5
北投區,開明,一,642,北投區,頂北投,山腳,315-50
北投區,開明,一,643,北投區,頂北投,山腳,314-21
北投區,開明,一,644,北投區,頂北投,山腳,314-9
北投區,開明,一,645,北投區,頂北投,山腳,314-20
北投區,開明,一,646,北投區,頂北投,山腳,314-19
北投區,開明,一,647,北投區,頂北投,山腳,314-18
北投區,開明,一,648,北投區,頂北投,山腳,314-17
北投區,開明,一,649,北投區,頂北投,山腳,314-16
北投區,開明,一,650,北投區,頂北投,山腳,314-13
北投區,開明,一,651,北投區,頂北投,山腳,314-10
北投區,開明,一,652,北投區,頂北投,山腳,314-1
北投區,開明,一,653,北投區,頂北投,山腳,315
北投區,開明,一,654,北投區,頂北投,山腳,314-12
北投區,開明,一,655,北投區,頂北投,山腳,314-15
北投區,開明,一,656,北投區,頂北投,山腳,314-14
北投區,開明,一,657,北投區,頂北投,山腳,316-21
北投區,開明,一,658,北投區,頂北投,山腳,314-4
北投區,開明,一,659,北投區,頂北投,山腳,314-22
北投區,開明,一,660,北投區,頂北投,山腳,314-23
北投區,開明,一,661,北投區,頂北投,山腳,314-24
北投區,開明,一,662,北投區,頂北投,山腳,314-25
北投區,開明,一,663,北投區,頂北投,山腳,314-26
北投區,開明,一,664,北投區,頂北投,山腳,314-3
北投區,開明,一,665,北投區,頂北投,山腳,314-28
北投區,開明,一,666,北投區,頂北投,山腳,316-47
北投區,開明,一,667,北投區,頂北投,山腳,316-45
北投區,開明,一,668,北投區,頂北投,山腳,316-48
北投區,開明,一,669,北投區,頂北投,山腳,316-49
北投區,開明,一,67,北投區,頂北投,山腳,204-275
北投區,開明,一,670,北投區,頂北投,山腳,314-27
北投區,開明,一,671,北投區,頂北投,山腳,316-51
北投區,開明,一,672,北投區,頂北投,山腳,316-52
北投區,開明,一,673,北投區,頂北投,山腳,316
北投區,開明,一,674,北投區,頂北投,山腳,316-2
北投區,開明,一,675,北投區,頂北投,山腳,316-37
北投區,開明,一,676,北投區,頂北投,山腳,316-24
北投區,開明,一,677,北投區,頂北投,山腳,316-25
北投區,開明,一,678,北投區,頂北投,山腳,316-35
北投區,開明,一,679,北投區,頂北投,山腳,316-34
北投區,開明,一,680,北投區,頂北投,山腳,316-33
北投區,開明,一,681,北投區,頂北投,山腳,1035
北投區,開明,一,682,北投區,頂北投,山腳,316-39
北投區,開明,一,683,北投區,頂北投,山腳,316-38
北投區,開明,一,684,北投區,頂北投,山腳,316-3
北投區,開明,一,685,北投區,頂北投,山腳,316-13
北投區,開明,一,686,北投區,頂北投,山腳,316-40
北投區,開明,一,687,北投區,頂北投,山腳,316-41
北投區,開明,一,688,北投區,頂北投,山腳,316-42
北投區,開明,一,689,北投區,頂北投,山腳,316-22
北投區,開明,一,691,北投區,頂北投,山腳,317-8
北投區,開明,一,693,北投區,頂北投,山腳,323-118
北投區,開明,一,694,北投區,頂北投,山腳,323-23
北投區,開明,一,696,北投區,頂北投,山腳,318
北投區,開明,一,699,北投區,頂北投,山腳,318-2
北投區,開明,一,7,北投區,頂北投,山腳,213-47
北投區,開明,一,70,北投區,頂北投,山腳,204-247
北投區,開明,一,700,北投區,頂北投,山腳,318-52
北投區,開明,一,701,北投區,頂北投,山腳,318-52
北投區,開明,一,702,北投區,頂北投,山腳,318-53
北投區,開明,一,703,北投區,頂北投,山腳,318-53
北投區,開明,一,704,北投區,頂北投,山腳,318-54
北投區,開明,一,705,北投區,頂北投,山腳,318-54
北投區,開明,一,706,北投區,頂北投,山腳,318-55
北投區,開明,一,707,北投區,頂北投,山腳,318-55
北投區,開明,一,708,北投區,頂北投,山腳,318-4
北投區,開明,一,709,北投區,頂北投,山腳,318-4
北投區,開明,一,71,北投區,頂北投,山腳,204-309
北投區,開明,一,710,北投區,頂北投,山腳,318-57
北投區,開明,一,711,北投區,頂北投,山腳,318-39
北投區,開明,一,712,北投區,頂北投,山腳,318-39
北投區,開明,一,713,北投區,頂北投,山腳,318-40
北投區,開明,一,714,北投區,頂北投,山腳,318-40
北投區,開明,一,715,北投區,頂北投,山腳,318-41
北投區,開明,一,716,北投區,頂北投,山腳,318-41
北投區,開明,一,717,北投區,頂北投,山腳,318-42
北投區,開明,一,718,北投區,頂北投,山腳,318-43
北投區,開明,一,719,北投區,頂北投,山腳,318-43
北投區,開明,一,720,北投區,頂北投,山腳,318-44
北投區,開明,一,721,北投區,頂北投,山腳,318-5
北投區,開明,一,722,北投區,頂北投,山腳,318-66
北投區,開明,一,723,北投區,頂北投,山腳,1035-1
北投區,開明,一,724,北投區,頂北投,山腳,318-6
北投區,開明,一,725,北投區,頂北投,山腳,313-39
北投區,開明,一,726,北投區,頂北投,山腳,318-67
北投區,開明,一,727,北投區,頂北投,山腳,318-68
北投區,開明,一,728,北投區,頂北投,山腳,313-40
北投區,開明,一,729,北投區,頂北投,山腳,313-38
北投區,開明,一,730,北投區,頂北投,山腳,313-37
北投區,開明,一,731,北投區,頂北投,山腳,313-6
北投區,開明,一,732,北投區,頂北投,山腳,313-41
北投區,開明,一,733,北投區,頂北投,山腳,313-28
北投區,開明,一,734,北投區,頂北投,山腳,313-27
北投區,開明,一,735,北投區,頂北投,山腳,313-26
北投區,開明,一,736,北投區,頂北投,山腳,313
北投區,開明,一,737,北投區,頂北投,山腳,313-30
北投區,開明,一,738,北投區,頂北投,山腳,313-3
北投區,開明,一,739,北投區,頂北投,山腳,289
北投區,開明,一,74,北投區,頂北投,山腳,204-112
北投區,開明,一,74-1,北投區,頂北投,山腳,204-283
北投區,開明,一,740,北投區,頂北投,山腳,289-3
北投區,開明,一,741,北投區,頂北投,山腳,289-1
北投區,開明,一,742,北投區,頂北投,山腳,290
北投區,開明,一,742-1,北投區,頂北投,山腳,290-1
北投區,開明,一,743,北投區,頂北投,山腳,1036-1
北投區,開明,一,744,北投區,頂北投,山腳,313-5
北投區,開明,一,745,北投區,頂北投,山腳,313-13
北投區,開明,一,746,北投區,頂北投,山腳,313-14
北投區,開明,一,747,北投區,頂北投,山腳,313-4
北投區,開明,一,748,北投區,頂北投,山腳,313-15
北投區,開明,一,749,北投區,頂北投,山腳,313-31
北投區,開明,一,75,北投區,頂北投,山腳,204-276
北投區,開明,一,750,北投區,頂北投,山腳,313-32
北投區,開明,一,751,北投區,頂北投,山腳,313-33
北投區,開明,一,752,北投區,頂北投,山腳,313-34
北投區,開明,一,753,北投區,頂北投,山腳,313-35
北投區,開明,一,754,北投區,頂北投,山腳,313-43
北投區,開明,一,755,北投區,頂北投,山腳,313-44
北投區,開明,一,756,北投區,頂北投,山腳,313-45
北投區,開明,一,757,北投區,頂北投,山腳,313-46
北投區,開明,一,758,北投區,頂北投,山腳,293
北投區,開明,一,759,北投區,頂北投,山腳,293-12
北投區,開明,一,76,北投區,頂北投,山腳,209-12
北投區,開明,一,760,北投區,頂北投,山腳,293-12
北投區,開明,一,761,北投區,頂北投,山腳,293-12
北投區,開明,一,762,北投區,頂北投,山腳,292-2
北投區,開明,一,763,北投區,頂北投,山腳,313-7
北投區,開明,一,764,北投區,頂北投,山腳,313-8
北投區,開明,一,765,北投區,頂北投,山腳,313-51
北投區,開明,一,766,北投區,頂北投,山腳,313-52
北投區,開明,一,767,北投區,頂北投,山腳,313-53
北投區,開明,一,768,北投區,頂北投,山腳,313-54
北投區,開明,一,769,北投區,頂北投,山腳,313-9
北投區,開明,一,77,北投區,頂北投,山腳,204-308
北投區,開明,一,770,北投區,頂北投,山腳,313-57
北投區,開明,一,771,北投區,頂北投,山腳,313-58
北投區,開明,一,772,北投區,頂北投,山腳,313-59
北投區,開明,一,773,北投區,頂北投,山腳,293-16
北投區,開明,一,774,北投區,頂北投,山腳,313-19
北投區,開明,一,775,北投區,頂北投,山腳,312-33
北投區,開明,一,776,北投區,頂北投,山腳,312-47
北投區,開明,一,777,北投區,頂北投,山腳,313-20
北投區,開明,一,778,北投區,頂北投,山腳,312-48
北投區,開明,一,779,北投區,頂北投,山腳,313-24
北投區,開明,一,78,北投區,頂北投,山腳,204-252
北投區,開明,一,780,北投區,頂北投,山腳,312-49
北投區,開明,一,781,北投區,頂北投,山腳,312-15
北投區,開明,一,782,北投區,頂北投,山腳,293-2
北投區,開明,一,783,北投區,頂北投,山腳,312-50
北投區,開明,一,783,北投區,頂北投,山腳,313-23
北投區,開明,一,784,北投區,頂北投,山腳,320-9
北投區,開明,一,785,北投區,頂北投,山腳,293-10
北投區,開明,一,786,北投區,頂北投,山腳,312-51
北投區,開明,一,787,北投區,頂北投,山腳,312-52
北投區,開明,一,788,北投區,頂北投,山腳,293-9
北投區,開明,一,789,北投區,頂北投,山腳,320-8
北投區,開明,一,79,北投區,頂北投,山腳,204-307
北投區,開明,一,790,北投區,頂北投,山腳,312-14
北投區,開明,一,791,北投區,頂北投,山腳,312-53
北投區,開明,一,792,北投區,頂北投,山腳,312-54
北投區,開明,一,793,北投區,頂北投,山腳,312-55
北投區,開明,一,794,北投區,頂北投,山腳,312-56
北投區,開明,一,795,北投區,頂北投,山腳,312-57
北投區,開明,一,796,北投區,頂北投,山腳,312-58
北投區,開明,一,797,北投區,頂北投,山腳,312-59
北投區,開明,一,798,北投區,頂北投,山腳,312-60
北投區,開明,一,799,北投區,頂北投,山腳,313-48
北投區,開明,一,8,北投區,頂北投,山腳,213-40
北投區,開明,一,80,北投區,頂北投,山腳,204-113
北投區,開明,一,80-1,北投區,頂北投,山腳,204-317
北投區,開明,一,800,北投區,頂北投,山腳,313-49
北投區,開明,一,801,北投區,頂北投,山腳,313-50
北投區,開明,一,802,北投區,頂北投,山腳,313-10
北投區,開明,一,803,北投區,頂北投,山腳,313-56
北投區,開明,一,804,北投區,頂北投,山腳,313-55
北投區,開明,一,805,北投區,頂北投,山腳,318-50
北投區,開明,一,806,北投區,頂北投,山腳,318-49
北投區,開明,一,807,北投區,頂北投,山腳,318-48
北投區,開明,一,808,北投區,頂北投,山腳,318-47
北投區,開明,一,809,北投區,頂北投,山腳,318-46
北投區,開明,一,810,北投區,頂北投,山腳,318-64
北投區,開明,一,811,北投區,頂北投,山腳,318-63
北投區,開明,一,812,北投區,頂北投,山腳,318-62
北投區,開明,一,813,北投區,頂北投,山腳,318-61
北投區,開明,一,814,北投區,頂北投,山腳,318-60
北投區,開明,一,815,北投區,頂北投,山腳,318-72
北投區,開明,一,816,北投區,頂北投,山腳,318-71
北投區,開明,一,817,北投區,頂北投,山腳,318-70
北投區,開明,一,818,北投區,頂北投,山腳,318-69
北投區,開明,一,819,北投區,頂北投,山腳,318-9
北投區,開明,一,82,北投區,頂北投,山腳,209-14
北投區,開明,一,820,北投區,頂北投,山腳,313-17
北投區,開明,一,821,北投區,頂北投,山腳,318-7
北投區,開明,一,822,北投區,頂北投,山腳,318-30
北投區,開明,一,823,北投區,頂北投,山腳,318-31
北投區,開明,一,824,北投區,頂北投,山腳,318-32
北投區,開明,一,825,北投區,頂北投,山腳,318-33
北投區,開明,一,826,北投區,頂北投,山腳,318-38
北投區,開明,一,827,北投區,頂北投,山腳,318-37
北投區,開明,一,828,北投區,頂北投,山腳,318-36
北投區,開明,一,829,北投區,頂北投,山腳,318-35
北投區,開明,一,830,北投區,頂北投,山腳,318-34
北投區,開明,一,831,北投區,頂北投,山腳,318-81
北投區,開明,一,832,北投區,頂北投,山腳,318-82
北投區,開明,一,833,北投區,頂北投,山腳,313-62
北投區,開明,一,834,北投區,頂北投,山腳,313-61
北投區,開明,一,835,北投區,頂北投,山腳,318-75
北投區,開明,一,836,北投區,頂北投,山腳,318-76
北投區,開明,一,837,北投區,頂北投,山腳,318-77
北投區,開明,一,838,北投區,頂北投,山腳,318-78
北投區,開明,一,839,北投區,頂北投,山腳,312-19
北投區,開明,一,840,北投區,頂北投,山腳,312-20
北投區,開明,一,841,北投區,頂北投,山腳,312-21
北投區,開明,一,842,北投區,頂北投,山腳,312-22
北投區,開明,一,843,北投區,頂北投,山腳,312-23
北投區,開明,一,844,北投區,頂北投,山腳,312-24
北投區,開明,一,845,北投區,頂北投,山腳,312-25
北投區,開明,一,846,北投區,頂北投,山腳,312-26
北投區,開明,一,847,北投區,頂北投,山腳,312-27
北投區,開明,一,848,北投區,頂北投,山腳,312-28
北投區,開明,一,849,北投區,頂北投,山腳,312-29
北投區,開明,一,850,北投區,頂北投,山腳,312-30
北投區,開明,一,851,北投區,頂北投,山腳,312-31
北投區,開明,一,852,北投區,頂北投,山腳,312-32
北投區,開明,一,853,北投區,頂北投,山腳,312-34
北投區,開明,一,854,北投區,頂北投,山腳,312-35
北投區,開明,一,855,北投區,頂北投,山腳,312-36
北投區,開明,一,856,北投區,頂北投,山腳,312-37
北投區,開明,一,857,北投區,頂北投,山腳,312-38
北投區,開明,一,858,北投區,頂北投,山腳,312-39
北投區,開明,一,859,北投區,頂北投,山腳,312-40
北投區,開明,一,86,北投區,頂北投,山腳,208-18
北投區,開明,一,860,北投區,頂北投,山腳,312-41
北投區,開明,一,861,北投區,頂北投,山腳,312-42
北投區,開明,一,862,北投區,頂北投,山腳,312-43
北投區,開明,一,863,北投區,頂北投,山腳,312-44
北投區,開明,一,864,北投區,頂北投,山腳,312-45
北投區,開明,一,865,北投區,頂北投,山腳,312-46
北投區,開明,一,866,北投區,頂北投,山腳,312-1
北投區,開明,一,867,北投區,頂北投,山腳,319
北投區,開明,一,868,北投區,頂北投,山腳,318-21
北投區,開明,一,869,北投區,頂北投,山腳,318-22
北投區,開明,一,87,北投區,頂北投,山腳,208-19
北投區,開明,一,870,北投區,頂北投,山腳,318-23
北投區,開明,一,871,北投區,頂北投,山腳,318-24
北投區,開明,一,872,北投區,頂北投,山腳,318-25
北投區,開明,一,873,北投區,頂北投,山腳,318-26
北投區,開明,一,874,北投區,頂北投,山腳,318-27
北投區,開明,一,875,北投區,頂北投,山腳,318-12
北投區,開明,一,876,北投區,頂北投,山腳,318-28
北投區,開明,一,877,北投區,頂北投,山腳,318-29
北投區,開明,一,878,北投區,頂北投,山腳,318-3
北投區,開明,一,879,北投區,頂北投,山腳,318-13
北投區,開明,一,88,北投區,頂北投,山腳,208-8
北投區,開明,一,880,北投區,頂北投,山腳,318-14
北投區,開明,一,881,北投區,頂北投,山腳,318-15
北投區,開明,一,882,北投區,頂北投,山腳,318-16
北投區,開明,一,883,北投區,頂北投,山腳,318-17
北投區,開明,一,884,北投區,頂北投,山腳,318-18
北投區,開明,一,885,北投區,頂北投,山腳,318-19
北投區,開明,一,886,北投區,頂北投,山腳,318-20
北投區,開明,一,887,北投區,頂北投,山腳,319-14
北投區,開明,一,888,北投區,頂北投,山腳,319-16
北投區,開明,一,889,北投區,頂北投,山腳,318-1
北投區,開明,一,890,北投區,頂北投,山腳,323-24
北投區,開明,一,892,北投區,頂北投,山腳,323-22
北投區,開明,一,893,北投區,頂北投,山腳,319-66
北投區,開明,一,894,北投區,頂北投,山腳,323-107
北投區,開明,一,895,北投區,頂北投,山腳,323-50
北投區,開明,一,896,北投區,頂北投,山腳,323-49
北投區,開明,一,897,北投區,頂北投,山腳,323-48
北投區,開明,一,898,北投區,頂北投,山腳,323-104
北投區,開明,一,899,北投區,頂北投,山腳,323-47
北投區,開明,一,9,北投區,頂北投,山腳,213-44
北投區,開明,一,90,北投區,頂北投,山腳,204-302
北投區,開明,一,900,北投區,頂北投,山腳,323-46
北投區,開明,一,901,北投區,頂北投,山腳,323-44
北投區,開明,一,902,北投區,頂北投,山腳,323-41
北投區,開明,一,903,北投區,頂北投,山腳,1035-3
北投區,開明,一,904,北投區,頂北投,山腳,1035-3
北投區,開明,一,905,北投區,頂北投,山腳,323-117
北投區,開明,一,907,北投區,頂北投,山腳,323-37
北投區,開明,一,908,北投區,頂北投,山腳,323-100
北投區,開明,一,909,北投區,頂北投,山腳,323-99
北投區,開明,一,91,北投區,頂北投,山腳,204
北投區,開明,一,910,北投區,頂北投,山腳,323-98
北投區,開明,一,911,北投區,頂北投,山腳,323-97
北投區,開明,一,912,北投區,頂北投,山腳,323-96
北投區,開明,一,913,北投區,頂北投,山腳,323-116
北投區,開明,一,914,北投區,頂北投,山腳,323-115
北投區,開明,一,915,北投區,頂北投,山腳,326-113
北投區,開明,一,916,北投區,頂北投,山腳,326-112
北投區,開明,一,918,北投區,頂北投,山腳,317-10
北投區,開明,一,919,北投區,頂北投,山腳,317-4
北投區,開明,一,92,北投區,頂北投,山腳,204-185
北投區,開明,一,920,北投區,頂北投,山腳,317-6
北投區,開明,一,921,北投區,頂北投,山腳,317-7
北投區,開明,一,922,北投區,頂北投,山腳,204-78
北投區,開明,一,923,北投區,頂北投,山腳,317-5
北投區,開明,一,924,北投區,頂北投,山腳,317-1
北投區,開明,一,925,北投區,頂北投,山腳,317-3
北投區,開明,一,926,北投區,頂北投,山腳,317-2
北投區,開明,一,927,北投區,頂北投,山腳,326-133
北投區,開明,一,928,北投區,頂北投,山腳,326-124
北投區,開明,一,93,北投區,頂北投,山腳,204-304
北投區,開明,一,931,北投區,頂北投,山腳,326-61
北投區,開明,一,931-1,北投區,頂北投,山腳,326-27
北投區,開明,一,939,北投區,頂北投,山腳,326-52
北投區,開明,一,940,北投區,頂北投,山腳,326-132
北投區,開明,一,941,北投區,頂北投,山腳,326-51
北投區,開明,一,942,北投區,頂北投,山腳,326-131
北投區,開明,一,943,北投區,頂北投,山腳,326-38
北投區,開明,一,944,北投區,頂北投,山腳,326-50
北投區,開明,一,945,北投區,頂北投,山腳,326-5
北投區,開明,一,946,北投區,頂北投,山腳,326-1
北投區,開明,一,95,北投區,頂北投,山腳,204-183
北投區,開明,一,951,北投區,頂北投,山腳,317
北投區,開明,一,952,北投區,頂北投,山腳,326-3
北投區,開明,一,953,北投區,頂北投,山腳,326-41
北投區,開明,一,954,北投區,頂北投,山腳,326-42
北投區,開明,一,955,北投區,頂北投,山腳,326-39
北投區,開明,一,956,北投區,頂北投,山腳,326-39
北投區,開明,一,957,北投區,頂北投,山腳,326-39
北投區,開明,一,96,北投區,頂北投,山腳,206-1
北投區,開明,一,960,北投區,頂北投,山腳,327-62
北投區,開明,一,961,北投區,頂北投,山腳,327-29
北投區,開明,一,962,北投區,頂北投,山腳,327-38
北投區,開明,一,963,北投區,頂北投,山腳,327-59
北投區,開明,一,964,北投區,頂北投,山腳,327-60
北投區,開明,一,965,北投區,頂北投,山腳,327-61
北投區,開明,一,966,北投區,頂北投,山腳,327-27
北投區,開明,一,967,北投區,頂北投,山腳,327-10
北投區,開明,一,968,北投區,頂北投,山腳,327-14
北投區,開明,一,969,北投區,頂北投,山腳,327-31
北投區,開明,一,97,北投區,頂北投,山腳,206-2
北投區,開明,一,970,北投區,頂北投,山腳,327-1
北投區,開明,一,971,北投區,頂北投,山腳,327-9
北投區,開明,一,972,北投區,頂北投,山腳,327-43
北投區,開明,一,973,北投區,頂北投,山腳,327-44
北投區,開明,一,974,北投區,頂北投,山腳,327-45
北投區,開明,一,975,北投區,頂北投,山腳,327-46
北投區,開明,一,976,北投區,頂北投,山腳,327-47
北投區,開明,一,977,北投區,頂北投,山腳,327-48
北投區,開明,一,978,北投區,頂北投,山腳,327-56
北投區,開明,一,979,北投區,頂北投,山腳,327-57
北投區,開明,一,98,北投區,頂北投,山腳,206-4
北投區,開明,一,980,北投區,頂北投,山腳,327-55
北投區,開明,一,981,北投區,頂北投,山腳,327-54
北投區,開明,一,982,北投區,頂北投,山腳,327-53
北投區,開明,一,983,北投區,頂北投,山腳,327-52
北投區,開明,一,984,北投區,頂北投,山腳,327-51
北投區,開明,一,985,北投區,頂北投,山腳,327-49
北投區,開明,一,986,北投區,頂北投,山腳,327-50
北投區,開明,一,987,北投區,頂北投,山腳,327
北投區,開明,一,988,北投區,頂北投,山腳,326-130
北投區,開明,一,989,北投區,頂北投,山腳,326-111
北投區,開明,一,99,北投區,頂北投,山腳,206-3
北投區,開明,一,990,北投區,頂北投,山腳,323-114
北投區,開明,一,991,北投區,頂北投,山腳,326-110
北投區,開明,一,992,北投區,頂北投,山腳,323-87
北投區,開明,一,993,北投區,頂北投,山腳,323-113
北投區,開明,一,994,北投區,頂北投,山腳,326-109
北投區,開明,一,995,北投區,頂北投,山腳,323-86
北投區,開明,一,996,北投區,頂北投,山腳,323-112
北投區,開明,一,997,北投區,頂北投,山腳,323-85
北投區,開明,一,998,北投區,頂北投,山腳,323-84
北投區,開明,一,999,北投區,頂北投,山腳,323-83
北投區,開明,三,1,北投區,頂北投,山腳,185-5
北投區,開明,三,10,北投區,頂北投,山腳,155-7
北投區,開明,三,100,北投區,頂北投,山腳,664-7
北投區,開明,三,1000,北投區,頂北投,山腳,162-140
北投區,開明,三,1001,北投區,頂北投,山腳,162-139
北投區,開明,三,1002,北投區,頂北投,山腳,162-138
北投區,開明,三,1003,北投區,頂北投,山腳,162-143
北投區,開明,三,1004,北投區,頂北投,山腳,162-243
北投區,開明,三,1005,北投區,頂北投,山腳,165-71
北投區,開明,三,1006,北投區,頂北投,山腳,162-244
北投區,開明,三,1007,北投區,頂北投,山腳,162-144
北投區,開明,三,1008,北投區,頂北投,山腳,162-137
北投區,開明,三,1009,北投區,頂北投,山腳,162-136
北投區,開明,三,101,北投區,頂北投,山腳,160-3
北投區,開明,三,1010,北投區,頂北投,山腳,162-135
北投區,開明,三,1011,北投區,頂北投,山腳,162-145
北投區,開明,三,1012,北投區,頂北投,山腳,162-146
北投區,開明,三,1013,北投區,頂北投,山腳,162-134
北投區,開明,三,1014,北投區,頂北投,山腳,162-133
北投區,開明,三,1015,北投區,頂北投,山腳,162-132
北投區,開明,三,1016,北投區,頂北投,山腳,162-147
北投區,開明,三,1017,北投區,頂北投,山腳,162-148
北投區,開明,三,1018,北投區,頂北投,山腳,162-131
北投區,開明,三,1019,北投區,頂北投,山腳,162-130
北投區,開明,三,102,北投區,頂北投,山腳,160-2
北投區,開明,三,1020,北投區,頂北投,山腳,162-149
北投區,開明,三,1021,北投區,頂北投,山腳,162-150
北投區,開明,三,1022,北投區,頂北投,山腳,162-129
北投區,開明,三,1023,北投區,頂北投,山腳,162-128
北投區,開明,三,1024,北投區,頂北投,山腳,162-151
北投區,開明,三,1025,北投區,頂北投,山腳,162-152
北投區,開明,三,1026,北投區,頂北投,山腳,162-127
北投區,開明,三,1027,北投區,頂北投,山腳,162-126
北投區,開明,三,1028,北投區,頂北投,山腳,162-125
北投區,開明,三,1029,北投區,頂北投,山腳,162-153
北投區,開明,三,103,北投區,頂北投,山腳,160-2
北投區,開明,三,1030,北投區,頂北投,山腳,162-154
北投區,開明,三,1031,北投區,頂北投,山腳,162-124
北投區,開明,三,1032,北投區,頂北投,山腳,162-3
北投區,開明,三,1033,北投區,頂北投,山腳,162-14
北投區,開明,三,1034,北投區,頂北投,山腳,162-15
北投區,開明,三,1035,北投區,頂北投,山腳,162-13
北投區,開明,三,1036,北投區,頂北投,山腳,162-92
北投區,開明,三,1037,北投區,頂北投,山腳,162-91
北投區,開明,三,1038,北投區,頂北投,山腳,162-90
北投區,開明,三,1039,北投區,頂北投,山腳,162-89
北投區,開明,三,104,北投區,頂北投,山腳,161
北投區,開明,三,1040,北投區,頂北投,山腳,162-88
北投區,開明,三,1041,北投區,頂北投,山腳,162-87
北投區,開明,三,1042,北投區,頂北投,山腳,162-86
北投區,開明,三,1043,北投區,頂北投,山腳,162-85
北投區,開明,三,1044,北投區,頂北投,山腳,162-84
北投區,開明,三,1045,北投區,頂北投,山腳,162-83
北投區,開明,三,1046,北投區,頂北投,山腳,162-82
北投區,開明,三,1047,北投區,頂北投,山腳,162-81
北投區,開明,三,1048,北投區,頂北投,山腳,162-80
北投區,開明,三,1049,北投區,頂北投,山腳,162-79
北投區,開明,三,105,北投區,頂北投,山腳,161
北投區,開明,三,1050,北投區,頂北投,山腳,162-2
北投區,開明,三,1051,北投區,頂北投,山腳,162-11
北投區,開明,三,1052,北投區,頂北投,山腳,162-10
北投區,開明,三,1053,北投區,頂北投,山腳,162-1
北投區,開明,三,1054,北投區,頂北投,山腳,162-4
北投區,開明,三,1055,北投區,頂北投,山腳,160-1
北投區,開明,三,1056,北投區,頂北投,山腳,147-144
北投區,開明,三,1057,北投區,頂北投,山腳,162-158
北投區,開明,三,1058,北投區,大屯,三,669-2
北投區,開明,三,108,北投區,頂北投,山腳,163-2
北投區,開明,三,109,北投區,頂北投,山腳,164-2
北投區,開明,三,11,北投區,頂北投,山腳,155-9
北投區,開明,三,110,北投區,頂北投,山腳,164-1
北投區,開明,三,111,北投區,頂北投,山腳,163-1
北投區,開明,三,112,北投區,頂北投,山腳,163-3
北投區,開明,三,113,北投區,頂北投,山腳,164-3
北投區,開明,三,114,北投區,頂北投,山腳,164
北投區,開明,三,115,北投區,頂北投,山腳,185-27
北投區,開明,三,116,北投區,頂北投,山腳,163
北投區,開明,三,118,北投區,頂北投,山腳,351-24
北投區,開明,三,119,北投區,頂北投,山腳,351-24
北投區,開明,三,12,北投區,頂北投,山腳,155-8
北投區,開明,三,122,北投區,頂北投,山腳,185-28
北投區,開明,三,123,北投區,頂北投,山腳,169-6
北投區,開明,三,124,北投區,頂北投,山腳,169-30
北投區,開明,三,125,北投區,頂北投,山腳,185-17
北投區,開明,三,127,北投區,頂北投,山腳,185-16
北投區,開明,三,128,北投區,頂北投,山腳,169-1
北投區,開明,三,129,北投區,頂北投,山腳,169-27
北投區,開明,三,13,北投區,頂北投,山腳,663-3
北投區,開明,三,130,北投區,頂北投,山腳,169-26
北投區,開明,三,131,北投區,頂北投,山腳,169-25
北投區,開明,三,132,北投區,頂北投,山腳,169-24
北投區,開明,三,133,北投區,頂北投,山腳,169-23
北投區,開明,三,134,北投區,頂北投,山腳,169-22
北投區,開明,三,135,北投區,頂北投,山腳,169-16
北投區,開明,三,136,北投區,頂北投,山腳,169-15
北投區,開明,三,137,北投區,頂北投,山腳,169-14
北投區,開明,三,138,北投區,頂北投,山腳,169-5
北投區,開明,三,139,北投區,頂北投,山腳,169-4
北投區,開明,三,14,北投區,頂北投,山腳,663-4
北投區,開明,三,140,北投區,頂北投,山腳,169-13
北投區,開明,三,141,北投區,頂北投,山腳,169-12
北投區,開明,三,142,北投區,頂北投,山腳,169-10
北投區,開明,三,143,北投區,頂北投,山腳,169-29
北投區,開明,三,144,北投區,頂北投,山腳,169
北投區,開明,三,145,北投區,頂北投,山腳,169-28
北投區,開明,三,146,北投區,頂北投,山腳,169-9
北投區,開明,三,147,北投區,頂北投,山腳,170
北投區,開明,三,149,北投區,頂北投,山腳,169-8
北投區,開明,三,15,北投區,頂北投,山腳,663-5
北投區,開明,三,150,北投區,頂北投,山腳,169-7
北投區,開明,三,151,北投區,頂北投,山腳,169-3
北投區,開明,三,153,北投區,頂北投,山腳,351-27
北投區,開明,三,154,北投區,頂北投,山腳,351-28
北投區,開明,三,155,北投區,頂北投,山腳,170-3
北投區,開明,三,156,北投區,頂北投,山腳,1044
北投區,開明,三,157,北投區,頂北投,山腳,342-1
北投區,開明,三,158,北投區,頂北投,山腳,342-28
北投區,開明,三,159,北投區,頂北投,山腳,342
北投區,開明,三,16,北投區,頂北投,山腳,663-6
北投區,開明,三,160,北投區,頂北投,山腳,342-9
北投區,開明,三,161,北投區,頂北投,山腳,342-3
北投區,開明,三,162,北投區,頂北投,山腳,342-4
北投區,開明,三,163,北投區,頂北投,山腳,342-5
北投區,開明,三,164,北投區,頂北投,山腳,342-6
北投區,開明,三,165,北投區,頂北投,山腳,342-7
北投區,開明,三,166,北投區,頂北投,山腳,342-8
北投區,開明,三,167,北投區,頂北投,山腳,337-2
北投區,開明,三,168,北投區,頂北投,山腳,337-3
北投區,開明,三,169,北投區,頂北投,山腳,337-18
北投區,開明,三,17,北投區,頂北投,山腳,663-7
北投區,開明,三,170,北投區,頂北投,山腳,337-4
北投區,開明,三,171,北投區,頂北投,山腳,337-17
北投區,開明,三,172,北投區,頂北投,山腳,337-19
北投區,開明,三,173,北投區,頂北投,山腳,337-5
北投區,開明,三,174,北投區,頂北投,山腳,337-1
北投區,開明,三,175,北投區,頂北投,山腳,337-6
北投區,開明,三,176,北投區,頂北投,山腳,337-20
北投區,開明,三,18,北投區,頂北投,山腳,663-10
北投區,開明,三,180,北投區,頂北投,山腳,337-21
北投區,開明,三,184,北投區,頂北投,山腳,337-22
北投區,開明,三,185,北投區,頂北投,山腳,337-9
北投區,開明,三,186,北投區,頂北投,山腳,337-12
北投區,開明,三,187,北投區,頂北投,山腳,337-12
北投區,開明,三,188,北投區,頂北投,山腳,337-13
北投區,開明,三,189,北投區,頂北投,山腳,337-13
北投區,開明,三,19,北投區,頂北投,山腳,663-9
北投區,開明,三,190,北投區,頂北投,山腳,337-14
北投區,開明,三,191,北投區,頂北投,山腳,337-14
北投區,開明,三,192,北投區,頂北投,山腳,337-14
北投區,開明,三,194,北投區,頂北投,山腳,337-15
北投區,開明,三,195,北投區,頂北投,山腳,337-15
北投區,開明,三,196,北投區,頂北投,山腳,329
北投區,開明,三,197,北投區,頂北投,山腳,329
北投區,開明,三,198,北投區,頂北投,山腳,329
北投區,開明,三,2,北投區,頂北投,山腳,185-6
北投區,開明,三,20,北投區,頂北投,山腳,157-2
北投區,開明,三,200,北投區,頂北投,山腳,329-6
北投區,開明,三,201,北投區,頂北投,山腳,329-7
北投區,開明,三,202,北投區,頂北投,山腳,329-8
北投區,開明,三,205,北投區,頂北投,山腳,329-9
北投區,開明,三,209,北投區,頂北投,山腳,329-1
北投區,開明,三,21,北投區,頂北投,山腳,664-9
北投區,開明,三,210,北投區,頂北投,山腳,329-1
北投區,開明,三,211,北投區,頂北投,山腳,329-13
北投區,開明,三,212,北投區,頂北投,山腳,329-13
北投區,開明,三,213,北投區,頂北投,山腳,329-14
北投區,開明,三,214,北投區,頂北投,山腳,329-14
北投區,開明,三,215,北投區,頂北投,山腳,329-4
北投區,開明,三,216,北投區,頂北投,山腳,329-3
北投區,開明,三,217,北投區,頂北投,山腳,329-19
北投區,開明,三,218,北投區,頂北投,山腳,329-5
北投區,開明,三,219,北投區,頂北投,山腳,329-18
北投區,開明,三,22,北投區,頂北投,山腳,154-4
北投區,開明,三,220,北投區,頂北投,山腳,329-17
北投區,開明,三,221,北投區,頂北投,山腳,329-16
北投區,開明,三,222,北投區,頂北投,山腳,329-15
北投區,開明,三,223,北投區,頂北投,山腳,329-2
北投區,開明,三,224,北投區,頂北投,山腳,336-21
北投區,開明,三,225,北投區,頂北投,山腳,336-18
北投區,開明,三,226,北投區,頂北投,山腳,336-17
北投區,開明,三,227,北投區,頂北投,山腳,336-16
北投區,開明,三,228,北投區,頂北投,山腳,336-15
北投區,開明,三,229,北投區,頂北投,山腳,336-19
北投區,開明,三,23,北投區,頂北投,山腳,664-8
北投區,開明,三,230,北投區,頂北投,山腳,336-13
北投區,開明,三,231,北投區,頂北投,山腳,336-12
北投區,開明,三,232,北投區,頂北投,山腳,336-11
北投區,開明,三,233,北投區,頂北投,山腳,336-10
北投區,開明,三,234,北投區,頂北投,山腳,336-9
北投區,開明,三,235,北投區,頂北投,山腳,336-8
北投區,開明,三,236,北投區,頂北投,山腳,336-7
北投區,開明,三,237,北投區,頂北投,山腳,336-6
北投區,開明,三,238,北投區,頂北投,山腳,336-14
北投區,開明,三,239,北投區,頂北投,山腳,336-14
北投區,開明,三,240,北投區,頂北投,山腳,336-5
北投區,開明,三,241,北投區,頂北投,山腳,336-4
北投區,開明,三,242,北投區,頂北投,山腳,336-1
北投區,開明,三,243,北投區,頂北投,山腳,336-1
北投區,開明,三,244,北投區,頂北投,山腳,336-25
北投區,開明,三,245,北投區,頂北投,山腳,336-3
北投區,開明,三,246,北投區,頂北投,山腳,336-24
北投區,開明,三,246-1,北投區,頂北投,山腳,336-24
北投區,開明,三,247,北投區,頂北投,山腳,336-2
北投區,開明,三,248,北投區,頂北投,山腳,336-23
北投區,開明,三,249,北投區,頂北投,山腳,336
北投區,開明,三,25,北投區,頂北投,山腳,157-5
北投區,開明,三,250,北投區,頂北投,山腳,336-22
北投區,開明,三,251,北投區,頂北投,山腳,344-2
北投區,開明,三,252,北投區,頂北投,山腳,344-1
北投區,開明,三,253,北投區,頂北投,山腳,344
北投區,開明,三,254,北投區,頂北投,山腳,342-19
北投區,開明,三,255,北投區,頂北投,山腳,342-18
北投區,開明,三,256,北投區,頂北投,山腳,342-17
北投區,開明,三,257,北投區,頂北投,山腳,342-16
北投區,開明,三,258,北投區,頂北投,山腳,342-15
北投區,開明,三,259,北投區,頂北投,山腳,342-20
北投區,開明,三,26,北投區,頂北投,山腳,157-28
北投區,開明,三,260,北投區,頂北投,山腳,342-14
北投區,開明,三,261,北投區,頂北投,山腳,342-13
北投區,開明,三,262,北投區,頂北投,山腳,342-12
北投區,開明,三,263,北投區,頂北投,山腳,342-11
北投區,開明,三,264,北投區,頂北投,山腳,342-10
北投區,開明,三,265,北投區,頂北投,山腳,1045
北投區,開明,三,266,北投區,頂北投,山腳,170-6
北投區,開明,三,268,北投區,頂北投,山腳,170-7
北投區,開明,三,269,北投區,頂北投,山腳,170-9
北投區,開明,三,27,北投區,頂北投,山腳,157-41
北投區,開明,三,270,北投區,頂北投,山腳,170-8
北投區,開明,三,272,北投區,頂北投,山腳,1045-1
北投區,開明,三,273,北投區,頂北投,山腳,345-3
北投區,開明,三,274,北投區,頂北投,山腳,345-11
北投區,開明,三,275,北投區,頂北投,山腳,342-21
北投區,開明,三,276,北投區,頂北投,山腳,345-12
北投區,開明,三,277,北投區,頂北投,山腳,342-22
北投區,開明,三,277,北投區,頂北投,山腳,345-5
北投區,開明,三,278,北投區,頂北投,山腳,345-5
北投區,開明,三,279,北投區,頂北投,山腳,342-23
北投區,開明,三,28,北投區,頂北投,山腳,157-47
北投區,開明,三,280,北投區,頂北投,山腳,342-24
北投區,開明,三,281,北投區,頂北投,山腳,345-10
北投區,開明,三,282,北投區,頂北投,山腳,345-10
北投區,開明,三,283,北投區,頂北投,山腳,345-10
北投區,開明,三,284,北投區,頂北投,山腳,342-25
北投區,開明,三,285,北投區,頂北投,山腳,342-26
北投區,開明,三,286,北投區,頂北投,山腳,345-13
北投區,開明,三,287,北投區,頂北投,山腳,347
北投區,開明,三,288,北投區,頂北投,山腳,347-1
北投區,開明,三,289,北投區,頂北投,山腳,1045-2
北投區,開明,三,29,北投區,頂北投,山腳,157-46
北投區,開明,三,290,北投區,頂北投,山腳,169-2
北投區,開明,三,291,北投區,頂北投,山腳,348
北投區,開明,三,292,北投區,頂北投,山腳,348-1
北投區,開明,三,293,北投區,頂北投,山腳,348-2
北投區,開明,三,294,北投區,頂北投,山腳,348-3
北投區,開明,三,295,北投區,頂北投,山腳,348-4
北投區,開明,三,296,北投區,頂北投,山腳,333
北投區,開明,三,297,北投區,頂北投,山腳,348-13
北投區,開明,三,298,北投區,頂北投,山腳,348-14
北投區,開明,三,299,北投區,頂北投,山腳,348-15
北投區,開明,三,3,北投區,頂北投,山腳,181-6
北投區,開明,三,300,北投區,頂北投,山腳,348-16
北投區,開明,三,301,北投區,頂北投,山腳,348-17
北投區,開明,三,302,北投區,頂北投,山腳,348-18
北投區,開明,三,303,北投區,頂北投,山腳,348-19
北投區,開明,三,304,北投區,頂北投,山腳,348-6
北投區,開明,三,305,北投區,頂北投,山腳,348-7
北投區,開明,三,306,北投區,頂北投,山腳,348-8
北投區,開明,三,307,北投區,頂北投,山腳,348-9
北投區,開明,三,308,北投區,頂北投,山腳,348-10
北投區,開明,三,309,北投區,頂北投,山腳,348-11
北投區,開明,三,31,北投區,頂北投,山腳,157-29
北投區,開明,三,310,北投區,頂北投,山腳,348-12
北投區,開明,三,311,北投區,頂北投,山腳,348-26
北投區,開明,三,312,北投區,頂北投,山腳,348-25
北投區,開明,三,313,北投區,頂北投,山腳,348-29
北投區,開明,三,314,北投區,頂北投,山腳,348-23
北投區,開明,三,315,北投區,頂北投,山腳,348-22
北投區,開明,三,316,北投區,頂北投,山腳,348-21
北投區,開明,三,317,北投區,頂北投,山腳,348-20
北投區,開明,三,318,北投區,頂北投,山腳,333-28
北投區,開明,三,319,北投區,頂北投,山腳,333-29
北投區,開明,三,32,北投區,頂北投,山腳,157-26
北投區,開明,三,320,北投區,頂北投,山腳,333-30
北投區,開明,三,321,北投區,頂北投,山腳,333-31
北投區,開明,三,322,北投區,頂北投,山腳,333-32
北投區,開明,三,323,北投區,頂北投,山腳,333-33
北投區,開明,三,324,北投區,頂北投,山腳,333-34
北投區,開明,三,325,北投區,頂北投,山腳,333-42
北投區,開明,三,326,北投區,頂北投,山腳,333-35
北投區,開明,三,327,北投區,頂北投,山腳,333-1
北投區,開明,三,328,北投區,頂北投,山腳,333-38
北投區,開明,三,329,北投區,頂北投,山腳,333-39
北投區,開明,三,33,北投區,頂北投,山腳,157-45
北投區,開明,三,330,北投區,頂北投,山腳,333-40
北投區,開明,三,331,北投區,頂北投,山腳,333-36
北投區,開明,三,332,北投區,頂北投,山腳,333-37
北投區,開明,三,333,北投區,頂北投,山腳,333-41
北投區,開明,三,334,北投區,頂北投,山腳,332-3
北投區,開明,三,335,北投區,頂北投,山腳,332-4
北投區,開明,三,336,北投區,頂北投,山腳,332-5
北投區,開明,三,337,北投區,頂北投,山腳,332-6
北投區,開明,三,338,北投區,頂北投,山腳,332-7
北投區,開明,三,339,北投區,頂北投,山腳,332-8
北投區,開明,三,34,北投區,頂北投,山腳,157-25
北投區,開明,三,340,北投區,頂北投,山腳,332-9
北投區,開明,三,341,北投區,頂北投,山腳,332-10
北投區,開明,三,342,北投區,頂北投,山腳,332-11
北投區,開明,三,343,北投區,頂北投,山腳,328-3
北投區,開明,三,344,北投區,頂北投,山腳,328
北投區,開明,三,346,北投區,頂北投,山腳,328-18
北投區,開明,三,348,北投區,頂北投,山腳,327-66
北投區,開明,三,35,北投區,頂北投,山腳,157-30
北投區,開明,三,350,北投區,頂北投,山腳,330-3
北投區,開明,三,351,北投區,頂北投,山腳,330-2
北投區,開明,三,359,北投區,頂北投,山腳,332
北投區,開明,三,36,北投區,頂北投,山腳,157-42
北投區,開明,三,360,北投區,頂北投,山腳,333-43
北投區,開明,三,361,北投區,頂北投,山腳,333-27
北投區,開明,三,362,北投區,頂北投,山腳,333-26
北投區,開明,三,363,北投區,頂北投,山腳,333-25
北投區,開明,三,364,北投區,頂北投,山腳,333-23
北投區,開明,三,365,北投區,頂北投,山腳,333-22
北投區,開明,三,366,北投區,頂北投,山腳,333-21
北投區,開明,三,367,北投區,頂北投,山腳,333-20
北投區,開明,三,368,北投區,頂北投,山腳,333-19
北投區,開明,三,369,北投區,頂北投,山腳,333-5
北投區,開明,三,37,北投區,頂北投,山腳,157-24
北投區,開明,三,38,北投區,頂北投,山腳,157-44
北投區,開明,三,39,北投區,頂北投,山腳,157
北投區,開明,三,4,北投區,頂北投,山腳,185-19
北投區,開明,三,40,北投區,頂北投,山腳,185-25
北投區,開明,三,401-1,北投區,頂北投,山腳,357-40
北投區,開明,三,402,北投區,頂北投,山腳,357
北投區,開明,三,403,北投區,頂北投,山腳,357-62
北投區,開明,三,403-1,北投區,頂北投,山腳,357-62
北投區,開明,三,404,北投區,頂北投,山腳,357-63
北投區,開明,三,404-1,北投區,頂北投,山腳,357-63
北投區,開明,三,405,北投區,頂北投,山腳,357-36
北投區,開明,三,406-2,北投區,頂北投,山腳,357-64
北投區,開明,三,408-1,北投區,頂北投,山腳,357-38
北投區,開明,三,409-1,北投區,頂北投,山腳,357-35
北投區,開明,三,41,北投區,頂北投,山腳,158-2
北投區,開明,三,410,北投區,頂北投,山腳,357-65
北投區,開明,三,411-1,北投區,頂北投,山腳,357-34
北投區,開明,三,412,北投區,頂北投,山腳,357-66
北投區,開明,三,413-1,北投區,頂北投,山腳,357-33
北投區,開明,三,414,北投區,頂北投,山腳,357-67
北投區,開明,三,417,北投區,頂北投,山腳,350-1
北投區,開明,三,417-2,北投區,開明,三,417
北投區,開明,三,418,北投區,頂北投,山腳,351-26
北投區,開明,三,418-1,北投區,頂北投,山腳,351-26
北投區,開明,三,419,北投區,頂北投,山腳,351-3
北投區,開明,三,42,北投區,頂北投,山腳,157-3
北投區,開明,三,420,北投區,頂北投,山腳,352-21
北投區,開明,三,421,北投區,頂北投,山腳,352-13
北投區,開明,三,422,北投區,頂北投,山腳,360-169
北投區,開明,三,423,北投區,頂北投,山腳,360-43
北投區,開明,三,424,北投區,頂北投,山腳,360-170
北投區,開明,三,425,北投區,頂北投,山腳,360-44
北投區,開明,三,426,北投區,頂北投,山腳,360-166
北投區,開明,三,427,北投區,頂北投,山腳,352-22
北投區,開明,三,428,北投區,頂北投,山腳,352-2
北投區,開明,三,429,北投區,頂北投,山腳,353
北投區,開明,三,43,北投區,頂北投,山腳,663-2
北投區,開明,三,430,北投區,頂北投,山腳,352-3
北投區,開明,三,431,北投區,頂北投,山腳,353-2
北投區,開明,三,432,北投區,頂北投,山腳,353-1
北投區,開明,三,433,北投區,頂北投,山腳,352-4
北投區,開明,三,434,北投區,頂北投,山腳,352-5
北投區,開明,三,435,北投區,頂北投,山腳,352-7
北投區,開明,三,436,北投區,頂北投,山腳,352-8
北投區,開明,三,437,北投區,頂北投,山腳,356
北投區,開明,三,438,北投區,頂北投,山腳,352-9
北投區,開明,三,439,北投區,頂北投,山腳,352-27
北投區,開明,三,44,北投區,頂北投,山腳,185-23
北投區,開明,三,440,北投區,頂北投,山腳,352-20
北投區,開明,三,441,北投區,頂北投,山腳,352-35
北投區,開明,三,442,北投區,頂北投,山腳,355-3
北投區,開明,三,443,北投區,頂北投,山腳,355-6
北投區,開明,三,444,北投區,頂北投,山腳,356-4
北投區,開明,三,445,北投區,頂北投,山腳,356-5
北投區,開明,三,445-1,北投區,頂北投,山腳,356-5
北投區,開明,三,446,北投區,頂北投,山腳,356-1
北投區,開明,三,447,北投區,頂北投,山腳,356-19
北投區,開明,三,448,北投區,頂北投,山腳,356-7
北投區,開明,三,449,北投區,頂北投,山腳,356-8
北投區,開明,三,45,北投區,頂北投,山腳,185-20
北投區,開明,三,450,北投區,頂北投,山腳,356-9
北投區,開明,三,451,北投區,頂北投,山腳,356-34
北投區,開明,三,452,北投區,頂北投,山腳,356-35
北投區,開明,三,453,北投區,頂北投,山腳,356-36
北投區,開明,三,454,北投區,頂北投,山腳,356-37
北投區,開明,三,455,北投區,頂北投,山腳,356-28
北投區,開明,三,456,北投區,頂北投,山腳,356-29
北投區,開明,三,457,北投區,頂北投,山腳,356-10
北投區,開明,三,458,北投區,頂北投,山腳,356-13
北投區,開明,三,458-1,北投區,頂北投,山腳,358-26
北投區,開明,三,459,北投區,頂北投,山腳,356-30
北投區,開明,三,46,北投區,頂北投,山腳,185-21
北投區,開明,三,460,北投區,頂北投,山腳,356-31
北投區,開明,三,461,北投區,頂北投,山腳,356-31
北投區,開明,三,462,北投區,頂北投,山腳,356-33
北投區,開明,三,463,北投區,頂北投,山腳,356-23
北投區,開明,三,464,北投區,頂北投,山腳,358-21
北投區,開明,三,465,北投區,頂北投,山腳,358-32
北投區,開明,三,465-1,北投區,頂北投,山腳,356-17
北投區,開明,三,466,北投區,頂北投,山腳,322-2
北投區,開明,三,467,北投區,頂北投,山腳,358-33
北投區,開明,三,468,北投區,頂北投,山腳,322-6
北投區,開明,三,469,北投區,頂北投,山腳,322-18
北投區,開明,三,47,北投區,頂北投,山腳,185-22
北投區,開明,三,470,北投區,頂北投,山腳,322-19
北投區,開明,三,471,北投區,頂北投,山腳,322-7
北投區,開明,三,472,北投區,頂北投,山腳,322-8
北投區,開明,三,473,北投區,頂北投,山腳,322-20
北投區,開明,三,474,北投區,頂北投,山腳,322-21
北投區,開明,三,475,北投區,頂北投,山腳,322-9
北投區,開明,三,476,北投區,頂北投,山腳,322-16
北投區,開明,三,477,北投區,頂北投,山腳,322-28
北投區,開明,三,478,北投區,頂北投,山腳,322-30
北投區,開明,三,479,北投區,頂北投,山腳,322-29
北投區,開明,三,48,北投區,頂北投,山腳,181-8
北投區,開明,三,480,北投區,頂北投,山腳,322-10
北投區,開明,三,481,北投區,頂北投,山腳,322-22
北投區,開明,三,482,北投區,頂北投,山腳,322
北投區,開明,三,484,北投區,頂北投,山腳,322-1
北投區,開明,三,484-1,北投區,頂北投,山腳,358-119
北投區,開明,三,485,北投區,頂北投,山腳,354
北投區,開明,三,488,北投區,頂北投,山腳,360-235
北投區,開明,三,489,北投區,頂北投,山腳,360-168
北投區,開明,三,49,北投區,頂北投,山腳,181-7
北投區,開明,三,490,北投區,頂北投,山腳,360-42
北投區,開明,三,491,北投區,頂北投,山腳,360-70
北投區,開明,三,496,北投區,頂北投,山腳,360-167
北投區,開明,三,498,北投區,頂北投,山腳,360-281
北投區,開明,三,499,北投區,頂北投,山腳,360-40
北投區,開明,三,5,北投區,頂北投,山腳,181-5
北投區,開明,三,50,北投區,頂北投,山腳,185-31
北投區,開明,三,500,北投區,頂北投,山腳,360-117
北投區,開明,三,501,北投區,頂北投,山腳,360-244
北投區,開明,三,502,北投區,頂北投,山腳,360-172
北投區,開明,三,503,北投區,頂北投,山腳,360-48
北投區,開明,三,504,北投區,頂北投,山腳,360-171
北投區,開明,三,505,北投區,頂北投,山腳,351-9
北投區,開明,三,506,北投區,頂北投,山腳,351-5
北投區,開明,三,507,北投區,頂北投,山腳,352-11
北投區,開明,三,508,北投區,頂北投,山腳,352-1
北投區,開明,三,509,北投區,頂北投,山腳,352
北投區,開明,三,51,北投區,頂北投,山腳,185-7
北投區,開明,三,510,北投區,頂北投,山腳,351-1
北投區,開明,三,511,北投區,頂北投,山腳,351-10
北投區,開明,三,512,北投區,頂北投,山腳,351-4
北投區,開明,三,513,北投區,頂北投,山腳,351-23
北投區,開明,三,514,北投區,頂北投,山腳,351-11
北投區,開明,三,515,北投區,頂北投,山腳,351-12
北投區,開明,三,516,北投區,頂北投,山腳,351-13
北投區,開明,三,517,北投區,頂北投,山腳,351-14
北投區,開明,三,518,北投區,頂北投,山腳,351-15
北投區,開明,三,519,北投區,頂北投,山腳,351-16
北投區,開明,三,52,北投區,頂北投,山腳,185-8
北投區,開明,三,520,北投區,頂北投,山腳,351-17
北投區,開明,三,521,北投區,頂北投,山腳,351-18
北投區,開明,三,522,北投區,頂北投,山腳,351-19
北投區,開明,三,523,北投區,頂北投,山腳,351-20
北投區,開明,三,524,北投區,頂北投,山腳,351-21
北投區,開明,三,525,北投區,頂北投,山腳,351-22
北投區,開明,三,526,北投區,頂北投,山腳,351-6
北投區,開明,三,528,北投區,頂北投,山腳,351-8
北投區,開明,三,531,北投區,頂北投,山腳,360-219
北投區,開明,三,532,北投區,頂北投,山腳,360-124
北投區,開明,三,533,北投區,頂北投,山腳,360-123
北投區,開明,三,534,北投區,頂北投,山腳,360-220
北投區,開明,三,535,北投區,頂北投,山腳,360-222
北投區,開明,三,536,北投區,頂北投,山腳,360-221
北投區,開明,三,537,北投區,頂北投,山腳,360-221
北投區,開明,三,538,北投區,頂北投,山腳,360-121
北投區,開明,三,539,北投區,頂北投,山腳,360-223
北投區,開明,三,54,北投區,頂北投,山腳,184-4
北投區,開明,三,540,北投區,頂北投,山腳,360-224
北投區,開明,三,541,北投區,頂北投,山腳,360-120
北投區,開明,三,542,北投區,頂北投,山腳,360
北投區,開明,三,543,北投區,頂北投,山腳,360-225
北投區,開明,三,544,北投區,頂北投,山腳,360-229
北投區,開明,三,545,北投區,頂北投,山腳,360-136
北投區,開明,三,546,北投區,頂北投,山腳,360-135
北投區,開明,三,547,北投區,頂北投,山腳,360-228
北投區,開明,三,548,北投區,頂北投,山腳,360-229
北投區,開明,三,549,北投區,頂北投,山腳,360-134
北投區,開明,三,55,北投區,頂北投,山腳,184-7
北投區,開明,三,550,北投區,頂北投,山腳,360-230
北投區,開明,三,551,北投區,頂北投,山腳,360-133
北投區,開明,三,554,北投區,頂北投,山腳,360-234
北投區,開明,三,555,北投區,頂北投,山腳,360-146
北投區,開明,三,556,北投區,頂北投,山腳,360-139
北投區,開明,三,557,北投區,頂北投,山腳,360-126
北投區,開明,三,558,北投區,頂北投,山腳,360-127
北投區,開明,三,559,北投區,頂北投,山腳,360-128
北投區,開明,三,56,北投區,頂北投,山腳,184-3
北投區,開明,三,560,北投區,頂北投,山腳,360-129
北投區,開明,三,561,北投區,頂北投,山腳,360-132
北投區,開明,三,562,北投區,頂北投,山腳,360-130
北投區,開明,三,563,北投區,頂北投,山腳,360-125
北投區,開明,三,564,北投區,頂北投,山腳,360-131
北投區,開明,三,565,北投區,頂北投,山腳,361-125
北投區,開明,三,566,北投區,頂北投,山腳,361-55
北投區,開明,三,567,北投區,頂北投,山腳,361-126
北投區,開明,三,568,北投區,頂北投,山腳,361-7
北投區,開明,三,569,北投區,頂北投,山腳,361-6
北投區,開明,三,570,北投區,頂北投,山腳,361-60
北投區,開明,三,572,北投區,頂北投,山腳,361-59
北投區,開明,三,573,北投區,頂北投,山腳,361-5
北投區,開明,三,574,北投區,頂北投,山腳,361-102
北投區,開明,三,575,北投區,頂北投,山腳,361-103
北投區,開明,三,576,北投區,頂北投,山腳,361-124
北投區,開明,三,577,北投區,頂北投,山腳,1046
北投區,開明,三,578,北投區,頂北投,山腳,165-211
北投區,開明,三,579,北投區,頂北投,山腳,165-205
北投區,開明,三,580,北投區,頂北投,山腳,165-204
北投區,開明,三,581,北投區,頂北投,山腳,165-203
北投區,開明,三,582,北投區,頂北投,山腳,165-202
北投區,開明,三,583,北投區,頂北投,山腳,165-201
北投區,開明,三,584,北投區,頂北投,山腳,165-200
北投區,開明,三,585,北投區,頂北投,山腳,165-199
北投區,開明,三,586,北投區,頂北投,山腳,165-198
北投區,開明,三,587,北投區,頂北投,山腳,165-197
北投區,開明,三,588,北投區,頂北投,山腳,165-210
北投區,開明,三,589,北投區,頂北投,山腳,165-209
北投區,開明,三,59,北投區,頂北投,山腳,184-5
北投區,開明,三,590,北投區,頂北投,山腳,165-16
北投區,開明,三,591,北投區,頂北投,山腳,165-195
北投區,開明,三,592,北投區,頂北投,山腳,165-194
北投區,開明,三,593,北投區,頂北投,山腳,165-193
北投區,開明,三,594,北投區,頂北投,山腳,165-192
北投區,開明,三,595,北投區,頂北投,山腳,165-191
北投區,開明,三,596,北投區,頂北投,山腳,165-190
北投區,開明,三,597,北投區,頂北投,山腳,165-189
北投區,開明,三,598,北投區,頂北投,山腳,165-188
北投區,開明,三,599,北投區,頂北投,山腳,165-187
北投區,開明,三,6,北投區,頂北投,山腳,185-18
北投區,開明,三,60,北投區,頂北投,山腳,184-6
北投區,開明,三,600,北投區,頂北投,山腳,165-186
北投區,開明,三,601,北投區,頂北投,山腳,165-185
北投區,開明,三,602,北投區,頂北投,山腳,165-184
北投區,開明,三,603,北投區,頂北投,山腳,165-183
北投區,開明,三,604,北投區,頂北投,山腳,165-67
北投區,開明,三,605,北投區,頂北投,山腳,165-68
北投區,開明,三,606,北投區,頂北投,山腳,165-207
北投區,開明,三,607,北投區,頂北投,山腳,165-14
北投區,開明,三,608,北投區,頂北投,山腳,165-206
北投區,開明,三,609,北投區,頂北投,山腳,165-13
北投區,開明,三,610,北投區,頂北投,山腳,165-173
北投區,開明,三,611,北投區,頂北投,山腳,165-174
北投區,開明,三,612,北投區,頂北投,山腳,165-8
北投區,開明,三,613,北投區,頂北投,山腳,165-15
北投區,開明,三,614,北投區,頂北投,山腳,165-69
北投區,開明,三,615,北投區,頂北投,山腳,165-66
北投區,開明,三,616,北投區,頂北投,山腳,165-182
北投區,開明,三,617,北投區,頂北投,山腳,165-181
北投區,開明,三,618,北投區,頂北投,山腳,165-65
北投區,開明,三,619,北投區,頂北投,山腳,165-64
北投區,開明,三,62,北投區,頂北投,山腳,170-4
北投區,開明,三,620,北投區,頂北投,山腳,165-180
北投區,開明,三,621,北投區,頂北投,山腳,165-179
北投區,開明,三,622,北投區,頂北投,山腳,165-63
北投區,開明,三,623,北投區,頂北投,山腳,165-62
北投區,開明,三,624,北投區,頂北投,山腳,165-178
北投區,開明,三,625,北投區,頂北投,山腳,165-197
北投區,開明,三,626,北投區,頂北投,山腳,165-61
北投區,開明,三,627,北投區,頂北投,山腳,165-176
北投區,開明,三,628,北投區,頂北投,山腳,165-56
北投區,開明,三,629,北投區,頂北投,山腳,165-57
北投區,開明,三,63,北投區,頂北投,山腳,171-2
北投區,開明,三,630,北投區,頂北投,山腳,165-58
北投區,開明,三,631,北投區,頂北投,山腳,165-59
北投區,開明,三,632,北投區,頂北投,山腳,165-12
北投區,開明,三,633,北投區,頂北投,山腳,351-7
北投區,開明,三,634,北投區,頂北投,山腳,351-25
北投區,開明,三,635,北投區,頂北投,山腳,165-11
北投區,開明,三,636,北投區,頂北投,山腳,165-2
北投區,開明,三,637,北投區,頂北投,山腳,165-138
北投區,開明,三,638,北投區,頂北投,山腳,165-137
北投區,開明,三,639,北投區,頂北投,山腳,165-136
北投區,開明,三,64,北投區,頂北投,山腳,171-1
北投區,開明,三,640,北投區,頂北投,山腳,165-136
北投區,開明,三,641,北投區,頂北投,山腳,165-135
北投區,開明,三,642,北投區,頂北投,山腳,165-135
北投區,開明,三,643,北投區,頂北投,山腳,165-134
北投區,開明,三,644,北投區,頂北投,山腳,165-134
北投區,開明,三,645,北投區,頂北投,山腳,165-133
北投區,開明,三,646,北投區,頂北投,山腳,165-133
北投區,開明,三,647,北投區,頂北投,山腳,165-132
北投區,開明,三,648,北投區,頂北投,山腳,165-132
北投區,開明,三,649,北投區,頂北投,山腳,165-131
北投區,開明,三,65,北投區,頂北投,山腳,185-13
北投區,開明,三,650,北投區,頂北投,山腳,165-130
北投區,開明,三,651,北投區,頂北投,山腳,165-130
北投區,開明,三,652,北投區,頂北投,山腳,165-130
北投區,開明,三,653,北投區,頂北投,山腳,165-129
北投區,開明,三,654,北投區,頂北投,山腳,165-129
北投區,開明,三,655,北投區,頂北投,山腳,165-128
北投區,開明,三,656,北投區,頂北投,山腳,165-128
北投區,開明,三,657,北投區,頂北投,山腳,165-127
北投區,開明,三,658,北投區,頂北投,山腳,165-127
北投區,開明,三,659,北投區,頂北投,山腳,165-126
北投區,開明,三,66,北投區,頂北投,山腳,171-5
北投區,開明,三,660,北投區,頂北投,山腳,165-126
北投區,開明,三,661,北投區,頂北投,山腳,165-125
北投區,開明,三,662,北投區,頂北投,山腳,165-125
北投區,開明,三,663,北投區,頂北投,山腳,165-124
北投區,開明,三,664,北投區,頂北投,山腳,165-124
北投區,開明,三,665,北投區,頂北投,山腳,165-123
北投區,開明,三,666,北投區,頂北投,山腳,165-123
北投區,開明,三,667,北投區,頂北投,山腳,165-122
北投區,開明,三,668,北投區,頂北投,山腳,165-122
北投區,開明,三,669,北投區,頂北投,山腳,165-121
北投區,開明,三,67,北投區,頂北投,山腳,180-1
北投區,開明,三,670,北投區,頂北投,山腳,165-121
北投區,開明,三,671,北投區,頂北投,山腳,165-120
北投區,開明,三,672,北投區,頂北投,山腳,165-120
北投區,開明,三,673,北投區,頂北投,山腳,165-140
北投區,開明,三,674,北投區,頂北投,山腳,165-142
北投區,開明,三,675,北投區,頂北投,山腳,165-143
北投區,開明,三,676,北投區,頂北投,山腳,165-144
北投區,開明,三,677,北投區,頂北投,山腳,165-145
北投區,開明,三,678,北投區,頂北投,山腳,165-146
北投區,開明,三,679,北投區,頂北投,山腳,165-147
北投區,開明,三,68,北投區,頂北投,山腳,171-3
北投區,開明,三,680,北投區,頂北投,山腳,165-148
北投區,開明,三,681,北投區,頂北投,山腳,165-149
北投區,開明,三,682,北投區,頂北投,山腳,165-150
北投區,開明,三,683,北投區,頂北投,山腳,165-151
北投區,開明,三,684,北投區,頂北投,山腳,165-152
北投區,開明,三,685,北投區,頂北投,山腳,165-156
北投區,開明,三,686,北投區,頂北投,山腳,165-155
北投區,開明,三,687,北投區,頂北投,山腳,165-154
北投區,開明,三,688,北投區,頂北投,山腳,165-153
北投區,開明,三,689,北投區,頂北投,山腳,165-168
北投區,開明,三,690,北投區,頂北投,山腳,165-167
北投區,開明,三,691,北投區,頂北投,山腳,165-141
北投區,開明,三,692,北投區,頂北投,山腳,165-158
北投區,開明,三,694,北投區,頂北投,山腳,165
北投區,開明,三,695,北投區,頂北投,山腳,165
北投區,開明,三,696,北投區,頂北投,山腳,165-9
北投區,開明,三,697,北投區,頂北投,山腳,165-17
北投區,開明,三,698,北投區,頂北投,山腳,165-18
北投區,開明,三,699,北投區,頂北投,山腳,165-10
北投區,開明,三,70,北投區,頂北投,山腳,171-7
北投區,開明,三,700,北投區,頂北投,山腳,165-28
北投區,開明,三,701,北投區,頂北投,山腳,165-55
北投區,開明,三,702,北投區,頂北投,山腳,165-54
北投區,開明,三,703,北投區,頂北投,山腳,165-53
北投區,開明,三,704,北投區,頂北投,山腳,165-7
北投區,開明,三,705,北投區,頂北投,山腳,165-52
北投區,開明,三,706,北投區,頂北投,山腳,165-51
北投區,開明,三,707,北投區,頂北投,山腳,165-6
北投區,開明,三,708,北投區,頂北投,山腳,165-117
北投區,開明,三,709,北投區,頂北投,山腳,165-118
北投區,開明,三,710,北投區,頂北投,山腳,165-50
北投區,開明,三,711,北投區,頂北投,山腳,165-44
北投區,開明,三,712,北投區,頂北投,山腳,165-112
北投區,開明,三,713,北投區,頂北投,山腳,165-45
北投區,開明,三,714,北投區,頂北投,山腳,165-113
北投區,開明,三,715,北投區,頂北投,山腳,165-114
北投區,開明,三,716,北投區,頂北投,山腳,165-46
北投區,開明,三,717,北投區,頂北投,山腳,165-49
北投區,開明,三,718,北投區,頂北投,山腳,165-119
北投區,開明,三,719,北投區,頂北投,山腳,165-220
北投區,開明,三,72,北投區,頂北投,山腳,170-2
北投區,開明,三,720,北投區,頂北投,山腳,162-235
北投區,開明,三,721,北投區,頂北投,山腳,162-7
北投區,開明,三,722,北投區,頂北投,山腳,165-219
北投區,開明,三,723,北投區,頂北投,山腳,165-48
北投區,開明,三,724,北投區,頂北投,山腳,165-47
北投區,開明,三,727,北投區,頂北投,山腳,162-232
北投區,開明,三,728,北投區,頂北投,山腳,162-233
北投區,開明,三,729,北投區,頂北投,山腳,162-231
北投區,開明,三,73,北投區,頂北投,山腳,170-5
北投區,開明,三,730,北投區,頂北投,山腳,162-255
北投區,開明,三,731,北投區,頂北投,山腳,165-116
北投區,開明,三,732,北投區,頂北投,山腳,162-225
北投區,開明,三,733,北投區,頂北投,山腳,162-226
北投區,開明,三,734,北投區,頂北投,山腳,162-230
北投區,開明,三,735,北投區,頂北投,山腳,162-229
北投區,開明,三,736,北投區,頂北投,山腳,162-227
北投區,開明,三,737,北投區,頂北投,山腳,162-237
北投區,開明,三,738,北投區,頂北投,山腳,162-236
北投區,開明,三,74,北投區,頂北投,山腳,171-6
北投區,開明,三,740,北投區,頂北投,山腳,162-6
北投區,開明,三,741,北投區,頂北投,山腳,162-228
北投區,開明,三,742,北投區,頂北投,山腳,162-239
北投區,開明,三,743,北投區,頂北投,山腳,162-238
北投區,開明,三,744,北投區,頂北投,山腳,162-217
北投區,開明,三,745,北投區,頂北投,山腳,162-218
北投區,開明,三,746,北投區,頂北投,山腳,162-219
北投區,開明,三,747,北投區,頂北投,山腳,162-220
北投區,開明,三,748,北投區,頂北投,山腳,162-221
北投區,開明,三,749,北投區,頂北投,山腳,162-222
北投區,開明,三,75,北投區,頂北投,山腳,185-15
北投區,開明,三,750,北投區,頂北投,山腳,162-254
北投區,開明,三,751,北投區,頂北投,山腳,165-106
北投區,開明,三,752,北投區,頂北投,山腳,162-223
北投區,開明,三,753,北投區,頂北投,山腳,165-218
北投區,開明,三,754,北投區,頂北投,山腳,165-107
北投區,開明,三,755,北投區,頂北投,山腳,165-108
北投區,開明,三,756,北投區,頂北投,山腳,165-109
北投區,開明,三,757,北投區,頂北投,山腳,165-110
北投區,開明,三,758,北投區,頂北投,山腳,165-111
北投區,開明,三,759,北投區,頂北投,山腳,165-5
北投區,開明,三,76,北投區,頂北投,山腳,185-11
北投區,開明,三,760,北投區,頂北投,山腳,165-43
北投區,開明,三,761,北投區,頂北投,山腳,165-42
北投區,開明,三,762,北投區,頂北投,山腳,165-99
北投區,開明,三,763,北投區,頂北投,山腳,165-100
北投區,開明,三,764,北投區,頂北投,山腳,165-101
北投區,開明,三,765,北投區,頂北投,山腳,165-102
北投區,開明,三,766,北投區,頂北投,山腳,165-103
北投區,開明,三,767,北投區,頂北投,山腳,165-104
北投區,開明,三,768,北投區,頂北投,山腳,165-217
北投區,開明,三,769,北投區,頂北投,山腳,165-105
北投區,開明,三,77,北投區,頂北投,山腳,185-30
北投區,開明,三,770,北投區,頂北投,山腳,162-253
北投區,開明,三,771,北投區,頂北投,山腳,162-207
北投區,開明,三,772,北投區,頂北投,山腳,162-208
北投區,開明,三,773,北投區,頂北投,山腳,162-209
北投區,開明,三,774,北投區,頂北投,山腳,162-210
北投區,開明,三,775,北投區,頂北投,山腳,162-211
北投區,開明,三,776,北投區,頂北投,山腳,162-212
北投區,開明,三,777,北投區,頂北投,山腳,162-216
北投區,開明,三,778,北投區,頂北投,山腳,162-213
北投區,開明,三,779,北投區,頂北投,山腳,162-215
北投區,開明,三,78,北投區,頂北投,山腳,181-9
北投區,開明,三,780,北投區,頂北投,山腳,162-214
北投區,開明,三,781,北投區,頂北投,山腳,162-5
北投區,開明,三,782,北投區,頂北投,山腳,162-64
北投區,開明,三,783,北投區,頂北投,山腳,162-65
北投區,開明,三,784,北投區,頂北投,山腳,162-66
北投區,開明,三,785,北投區,頂北投,山腳,162-199
北投區,開明,三,786,北投區,頂北投,山腳,162-200
北投區,開明,三,787,北投區,頂北投,山腳,162-98
北投區,開明,三,788,北投區,頂北投,山腳,162-77
北投區,開明,三,789,北投區,頂北投,山腳,162-201
北投區,開明,三,79,北投區,頂北投,山腳,185-29
北投區,開明,三,790,北投區,頂北投,山腳,162-202
北投區,開明,三,791,北投區,頂北投,山腳,162-76
北投區,開明,三,792,北投區,頂北投,山腳,162-75
北投區,開明,三,793,北投區,頂北投,山腳,162-203
北投區,開明,三,794,北投區,頂北投,山腳,162-204
北投區,開明,三,795,北投區,頂北投,山腳,162-74
北投區,開明,三,796,北投區,頂北投,山腳,162-73
北投區,開明,三,797,北投區,頂北投,山腳,162-205
北投區,開明,三,798,北投區,頂北投,山腳,162-72
北投區,開明,三,799,北投區,頂北投,山腳,162-206
北投區,開明,三,8,北投區,頂北投,山腳,155-5
北投區,開明,三,80,北投區,頂北投,山腳,181-10
北投區,開明,三,800,北投區,頂北投,山腳,162-252
北投區,開明,三,801,北投區,頂北投,山腳,165-92
北投區,開明,三,802,北投區,頂北投,山腳,165-35
北投區,開明,三,803,北投區,頂北投,山腳,165-36
北投區,開明,三,804,北投區,頂北投,山腳,165-93
北投區,開明,三,805,北投區,頂北投,山腳,165-94
北投區,開明,三,806,北投區,頂北投,山腳,165-97
北投區,開明,三,807,北投區,頂北投,山腳,165-38
北投區,開明,三,808,北投區,頂北投,山腳,165-95
北投區,開明,三,809,北投區,頂北投,山腳,165-96
北投區,開明,三,81,北投區,頂北投,山腳,185-24
北投區,開明,三,810,北投區,頂北投,山腳,165-39
北投區,開明,三,811,北投區,頂北投,山腳,165-40
北投區,開明,三,812,北投區,頂北投,山腳,165-97
北投區,開明,三,813,北投區,頂北投,山腳,165-98
北投區,開明,三,814,北投區,頂北投,山腳,165-41
北投區,開明,三,815,北投區,頂北投,山腳,165-29
北投區,開明,三,816,北投區,頂北投,山腳,165-91
北投區,開明,三,817,北投區,頂北投,山腳,165-90
北投區,開明,三,818,北投區,頂北投,山腳,165-30
北投區,開明,三,819,北投區,頂北投,山腳,165-31
北投區,開明,三,82,北投區,頂北投,山腳,185-26
北投區,開明,三,820,北投區,頂北投,山腳,165-89
北投區,開明,三,821,北投區,頂北投,山腳,165-88
北投區,開明,三,822,北投區,頂北投,山腳,165-32
北投區,開明,三,823,北投區,頂北投,山腳,165-33
北投區,開明,三,824,北投區,頂北投,山腳,165-87
北投區,開明,三,825,北投區,頂北投,山腳,162-192
北投區,開明,三,826,北投區,頂北投,山腳,162-250
北投區,開明,三,827,北投區,頂北投,山腳,165-86
北投區,開明,三,828,北投區,頂北投,山腳,165-34
北投區,開明,三,83,北投區,頂北投,山腳,158-1
北投區,開明,三,830,北投區,頂北投,山腳,162-251
北投區,開明,三,831,北投區,頂北投,山腳,162-193
北投區,開明,三,832,北投區,頂北投,山腳,162-71
北投區,開明,三,833,北投區,頂北投,山腳,162-70
北投區,開明,三,834,北投區,頂北投,山腳,162-194
北投區,開明,三,835,北投區,頂北投,山腳,162-195
北投區,開明,三,836,北投區,頂北投,山腳,162-69
北投區,開明,三,837,北投區,頂北投,山腳,162-68
北投區,開明,三,838,北投區,頂北投,山腳,162-196
北投區,開明,三,839,北投區,頂北投,山腳,162-197
北投區,開明,三,84,北投區,頂北投,山腳,158
北投區,開明,三,840,北投區,頂北投,山腳,162-67
北投區,開明,三,841,北投區,頂北投,山腳,162-54
北投區,開明,三,842,北投區,頂北投,山腳,162-198
北投區,開明,三,843,北投區,頂北投,山腳,162-184
北投區,開明,三,844,北投區,頂北投,山腳,162-185
北投區,開明,三,845,北投區,頂北投,山腳,162-186
北投區,開明,三,846,北投區,頂北投,山腳,162-187
北投區,開明,三,847,北投區,頂北投,山腳,162-188
北投區,開明,三,848,北投區,頂北投,山腳,162-189
北投區,開明,三,849,北投區,頂北投,山腳,162-190
北投區,開明,三,85,北投區,頂北投,山腳,157-9
北投區,開明,三,850,北投區,頂北投,山腳,162-249
北投區,開明,三,851,北投區,頂北投,山腳,162-191
北投區,開明,三,852,北投區,頂北投,山腳,162-248
北投區,開明,三,853,北投區,頂北投,山腳,165-85
北投區,開明,三,854,北投區,頂北投,山腳,165-216
北投區,開明,三,856,北投區,頂北投,山腳,165-83
北投區,開明,三,857,北投區,頂北投,山腳,165-82
北投區,開明,三,858,北投區,頂北投,山腳,165-81
北投區,開明,三,859,北投區,頂北投,山腳,165-4
北投區,開明,三,86,北投區,頂北投,山腳,157-31
北投區,開明,三,860,北投區,頂北投,山腳,165-27
北投區,開明,三,861,北投區,頂北投,山腳,165-26
北投區,開明,三,862,北投區,頂北投,山腳,165-25
北投區,開明,三,863,北投區,頂北投,山腳,165-74
北投區,開明,三,864,北投區,頂北投,山腳,165-80
北投區,開明,三,865,北投區,頂北投,山腳,165-79
北投區,開明,三,866,北投區,頂北投,山腳,165-75
北投區,開明,三,868,北投區,頂北投,山腳,165-24
北投區,開明,三,87,北投區,頂北投,山腳,157-32
北投區,開明,三,870,北投區,頂北投,山腳,162-41
北投區,開明,三,871,北投區,頂北投,山腳,162-174
北投區,開明,三,872,北投區,頂北投,山腳,165-78
北投區,開明,三,873,北投區,頂北投,山腳,165-77
北投區,開明,三,874,北投區,頂北投,山腳,162-247
北投區,開明,三,875,北投區,頂北投,山腳,162-175
北投區,開明,三,876,北投區,頂北投,山腳,162-173
北投區,開明,三,877,北投區,頂北投,山腳,162-42
北投區,開明,三,878,北投區,頂北投,山腳,162-43
北投區,開明,三,879,北投區,頂北投,山腳,162-172
北投區,開明,三,88,北投區,頂北投,山腳,157-33
北投區,開明,三,880,北投區,頂北投,山腳,162-176
北投區,開明,三,881,北投區,頂北投,山腳,162-177
北投區,開明,三,882,北投區,頂北投,山腳,162-178
北投區,開明,三,883,北投區,頂北投,山腳,162-171
北投區,開明,三,884,北投區,頂北投,山腳,162-44
北投區,開明,三,885,北投區,頂北投,山腳,162-45
北投區,開明,三,886,北投區,頂北投,山腳,162-170
北投區,開明,三,887,北投區,頂北投,山腳,162-179
北投區,開明,三,888,北投區,頂北投,山腳,162-180
北投區,開明,三,889,北投區,頂北投,山腳,162-169
北投區,開明,三,89,北投區,頂北投,山腳,157-34
北投區,開明,三,890,北投區,頂北投,山腳,162-46
北投區,開明,三,891,北投區,頂北投,山腳,162-47
北投區,開明,三,892,北投區,頂北投,山腳,162-168
北投區,開明,三,893,北投區,頂北投,山腳,162-48
北投區,開明,三,894,北投區,頂北投,山腳,162-167
北投區,開明,三,895,北投區,頂北投,山腳,162-181
北投區,開明,三,896,北投區,頂北投,山腳,162-182
北投區,開明,三,897,北投區,頂北投,山腳,162-183
北投區,開明,三,898,北投區,頂北投,山腳,162-166
北投區,開明,三,899,北投區,頂北投,山腳,162-49
北投區,開明,三,9,北投區,頂北投,山腳,155-6
北投區,開明,三,90,北投區,頂北投,山腳,157-35
北投區,開明,三,900,北投區,頂北投,山腳,162
北投區,開明,三,901,北投區,頂北投,山腳,162-50
北投區,開明,三,902,北投區,頂北投,山腳,162-51
北投區,開明,三,903,北投區,頂北投,山腳,162-53
北投區,開明,三,904,北投區,頂北投,山腳,162-52
北投區,開明,三,905,北投區,頂北投,山腳,162-106
北投區,開明,三,906,北投區,頂北投,山腳,162-115
北投區,開明,三,907,北投區,頂北投,山腳,162-55
北投區,開明,三,908,北投區,頂北投,山腳,162-62
北投區,開明,三,909,北投區,頂北投,山腳,162-121
北投區,開明,三,91,北投區,頂北投,山腳,157-36
北投區,開明,三,910,北投區,頂北投,山腳,162-122
北投區,開明,三,911,北投區,頂北投,山腳,162-63
北投區,開明,三,912,北投區,頂北投,山腳,162-123
北投區,開明,三,913,北投區,頂北投,山腳,162-120
北投區,開明,三,914,北投區,頂北投,山腳,162-61
北投區,開明,三,915,北投區,頂北投,山腳,162-9
北投區,開明,三,916,北投區,頂北投,山腳,162-60
北投區,開明,三,917,北投區,頂北投,山腳,162-59
北投區,開明,三,918,北投區,頂北投,山腳,162-119
北投區,開明,三,919,北投區,頂北投,山腳,162-118
北投區,開明,三,92,北投區,頂北投,山腳,157-37
北投區,開明,三,920,北投區,頂北投,山腳,162-58
北投區,開明,三,921,北投區,頂北投,山腳,162-57
北投區,開明,三,922,北投區,頂北投,山腳,162-117
北投區,開明,三,923,北投區,頂北投,山腳,162-56
北投區,開明,三,924,北投區,頂北投,山腳,162-116
北投區,開明,三,925,北投區,頂北投,山腳,162-114
北投區,開明,三,926,北投區,頂北投,山腳,162-113
北投區,開明,三,927,北投區,頂北投,山腳,162-112
北投區,開明,三,928,北投區,頂北投,山腳,162-111
北投區,開明,三,929,北投區,頂北投,山腳,162-110
北投區,開明,三,93,北投區,頂北投,山腳,157-38
北投區,開明,三,930,北投區,頂北投,山腳,162-109
北投區,開明,三,931,北投區,頂北投,山腳,162-108
北投區,開明,三,932,北投區,頂北投,山腳,162-107
北投區,開明,三,933,北投區,頂北投,山腳,162-105
北投區,開明,三,934,北投區,頂北投,山腳,162-30
北投區,開明,三,935,北投區,頂北投,山腳,162-29
北投區,開明,三,936,北投區,頂北投,山腳,162-104
北投區,開明,三,937,北投區,頂北投,山腳,162-103
北投區,開明,三,938,北投區,頂北投,山腳,162-28
北投區,開明,三,939,北投區,頂北投,山腳,162-27
北投區,開明,三,94,北投區,頂北投,山腳,157-39
北投區,開明,三,940,北投區,頂北投,山腳,162-102
北投區,開明,三,941,北投區,頂北投,山腳,162-26
北投區,開明,三,942,北投區,頂北投,山腳,162-101
北投區,開明,三,943,北投區,頂北投,山腳,162-8
北投區,開明,三,944,北投區,頂北投,山腳,162-25
北投區,開明,三,945,北投區,頂北投,山腳,162-24
北投區,開明,三,946,北投區,頂北投,山腳,162-100
北投區,開明,三,947,北投區,頂北投,山腳,162-99
北投區,開明,三,948,北投區,頂北投,山腳,162-23
北投區,開明,三,949,北投區,頂北投,山腳,162-22
北投區,開明,三,95,北投區,頂北投,山腳,157-40
北投區,開明,三,950,北投區,頂北投,山腳,162-98
北投區,開明,三,951,北投區,頂北投,山腳,162-97
北投區,開明,三,952,北投區,頂北投,山腳,162-21
北投區,開明,三,953,北投區,頂北投,山腳,162-20
北投區,開明,三,954,北投區,頂北投,山腳,162-96
北投區,開明,三,955,北投區,頂北投,山腳,162-95
北投區,開明,三,956,北投區,頂北投,山腳,162-19
北投區,開明,三,957,北投區,頂北投,山腳,162-18
北投區,開明,三,958,北投區,頂北投,山腳,162-94
北投區,開明,三,959,北投區,頂北投,山腳,162-93
北投區,開明,三,96,北投區,頂北投,山腳,157-43
北投區,開明,三,960,北投區,頂北投,山腳,162-17
北投區,開明,三,961,北投區,頂北投,山腳,162-16
北投區,開明,三,962,北投區,頂北投,山腳,162-155
北投區,開明,三,963,北投區,頂北投,山腳,162-156
北投區,開明,三,964,北投區,頂北投,山腳,162-31
北投區,開明,三,965,北投區,頂北投,山腳,162-32
北投區,開明,三,966,北投區,頂北投,山腳,162-157
北投區,開明,三,967,北投區,頂北投,山腳,162-158
北投區,開明,三,968,北投區,頂北投,山腳,162-33
北投區,開明,三,969,北投區,頂北投,山腳,162-34
北投區,開明,三,97,北投區,頂北投,山腳,158-3
北投區,開明,三,970,北投區,頂北投,山腳,162-159
北投區,開明,三,971,北投區,頂北投,山腳,162-160
北投區,開明,三,972,北投區,頂北投,山腳,162-35
北投區,開明,三,973,北投區,頂北投,山腳,162-36
北投區,開明,三,974,北投區,頂北投,山腳,162-161
北投區,開明,三,975,北投區,頂北投,山腳,162-162
北投區,開明,三,976,北投區,頂北投,山腳,162-37
北投區,開明,三,977,北投區,頂北投,山腳,162-38
北投區,開明,三,978,北投區,頂北投,山腳,162-163
北投區,開明,三,979,北投區,頂北投,山腳,162-164
北投區,開明,三,98,北投區,頂北投,山腳,157-21
北投區,開明,三,980,北投區,頂北投,山腳,162-39
北投區,開明,三,981,北投區,頂北投,山腳,162-40
北投區,開明,三,982,北投區,頂北投,山腳,162-165
北投區,開明,三,983,北投區,頂北投,山腳,162-245
北投區,開明,三,984,北投區,頂北投,山腳,165-215
北投區,開明,三,985,北投區,頂北投,山腳,165-72
北投區,開明,三,986,北投區,頂北投,山腳,165-23
北投區,開明,三,987,北投區,頂北投,山腳,165-73
北投區,開明,三,988,北投區,頂北投,山腳,165-22
北投區,開明,三,989,北投區,頂北投,山腳,165-21
北投區,開明,三,99,北投區,頂北投,山腳,664-6
北投區,開明,三,990,北投區,頂北投,山腳,165-20
北投區,開明,三,992,北投區,頂北投,山腳,162-12
北投區,開明,三,993,北投區,頂北投,山腳,162-141
北投區,開明,三,994,北投區,頂北投,山腳,162-241
北投區,開明,三,995,北投區,頂北投,山腳,165-3
北投區,開明,三,996,北投區,頂北投,山腳,165-70
北投區,開明,三,997,北投區,頂北投,山腳,162-242
北投區,開明,三,998,北投區,頂北投,山腳,162-242
北投區,開明,三,999,北投區,頂北投,山腳,162-240
北投區,開明,二,1,北投區,北投,,48-14
北投區,開明,二,10,北投區,北投,,42-5
北投區,開明,二,100,北投區,北投,,41-31
北投區,開明,二,101,北投區,北投,,41-57
北投區,開明,二,102,北投區,北投,,41-58
北投區,開明,二,103,北投區,北投,,41-59
北投區,開明,二,104,北投區,北投,,48-18
北投區,開明,二,107,北投區,北投,,590-94
北投區,開明,二,108,北投區,北投,,590-94
北投區,開明,二,109,北投區,北投,,599
北投區,開明,二,11,北投區,北投,,42-6
北投區,開明,二,110,北投區,北投,,599
北投區,開明,二,110-1,北投區,北投,,599
北投區,開明,二,111,北投區,北投,,599-11
北投區,開明,二,112,北投區,北投,,599-11
北投區,開明,二,113,北投區,北投,,48-18
北投區,開明,二,114,北投區,北投,,41-137
北投區,開明,二,115,北投區,北投,,41-136
北投區,開明,二,116,北投區,北投,,41-132
北投區,開明,二,117,北投區,北投,,41-131
北投區,開明,二,118,北投區,北投,,41-135
北投區,開明,二,119,北投區,北投,,41-38
北投區,開明,二,12,北投區,北投,,42-7
北投區,開明,二,12-1,北投區,北投,,42-7
北投區,開明,二,120,北投區,北投,,41-14
北投區,開明,二,121,北投區,北投,,41-130
北投區,開明,二,122,北投區,北投,,41-134
北投區,開明,二,123,北投區,北投,,41-133
北投區,開明,二,124,北投區,北投,,41-112
北投區,開明,二,125,北投區,北投,,41-128
北投區,開明,二,126,北投區,北投,,41-37
北投區,開明,二,127,北投區,北投,,41-127
北投區,開明,二,128,北投區,北投,,41-5
北投區,開明,二,129,北投區,北投,,41-7
北投區,開明,二,13,北投區,北投,,42-8
北投區,開明,二,130,北投區,北投,,41-117
北投區,開明,二,131,北投區,北投,,41-114
北投區,開明,二,132,北投區,北投,,41-113
北投區,開明,二,133,北投區,北投,,41-1
北投區,開明,二,134,北投區,北投,,38-28
北投區,開明,二,135,北投區,北投,,38-27
北投區,開明,二,136,北投區,北投,,38-1
北投區,開明,二,137,北投區,北投,,38-23
北投區,開明,二,138,北投區,北投,,38-2
北投區,開明,二,139,北投區,北投,,40-3
北投區,開明,二,14,北投區,北投,,42-8
北投區,開明,二,140,北投區,北投,,40-15
北投區,開明,二,141,北投區,北投,,40-6
北投區,開明,二,141-1,北投區,北投,,40-6
北投區,開明,二,142,北投區,北投,,40-1
北投區,開明,二,143,北投區,北投,,40
北投區,開明,二,144,北投區,北投,,33-18
北投區,開明,二,145,北投區,北投,,33-23
北投區,開明,二,146,北投區,北投,,33-28
北投區,開明,二,147,北投區,北投,,33-27
北投區,開明,二,148,北投區,北投,,33-22
北投區,開明,二,149,北投區,北投,,33-21
北投區,開明,二,15,北投區,北投,,42-9
北投區,開明,二,150,北投區,北投,,33-26
北投區,開明,二,151,北投區,北投,,33-25
北投區,開明,二,152,北投區,北投,,33-24
北投區,開明,二,153,北投區,北投,,33-2
北投區,開明,二,154,北投區,北投,,48-18
北投區,開明,二,155,北投區,北投,,48-18
北投區,開明,二,156,北投區,北投,,41-32
北投區,開明,二,157,北投區,北投,,41-2
北投區,開明,二,158,北投區,北投,,41-141
北投區,開明,二,159,北投區,北投,,41-3
北投區,開明,二,16,北投區,北投,,42-9
北投區,開明,二,160,北投區,北投,,41-10
北投區,開明,二,161,北投區,北投,,41-123
北投區,開明,二,162,北投區,北投,,41-8
北投區,開明,二,163,北投區,北投,,41-115
北投區,開明,二,164,北投區,北投,,41-116
北投區,開明,二,165,北投區,北投,,41-6
北投區,開明,二,166,北投區,北投,,41-4
北投區,開明,二,167,北投區,北投,,41-4
北投區,開明,二,168,北投區,北投,,41-139
北投區,開明,二,17,北投區,北投,,42-10
北投區,開明,二,170,北投區,北投,,48-18
北投區,開明,二,173,北投區,北投,,559-6
北投區,開明,二,174,北投區,北投,,599-6
北投區,開明,二,178,北投區,北投,,598-11
北投區,開明,二,18,北投區,北投,,42-10
北投區,開明,二,180,北投區,北投,,48-18
北投區,開明,二,181-1,北投區,北投,,598-9
北投區,開明,二,182,北投區,北投,,598-8
北投區,開明,二,183,北投區,北投,,598-7
北投區,開明,二,184,北投區,北投,,598-8
北投區,開明,二,185,北投區,北投,,598-5
北投區,開明,二,186,北投區,北投,,598-2
北投區,開明,二,187,北投區,北投,,598-19
北投區,開明,二,188,北投區,北投,,598
北投區,開明,二,189,北投區,北投,,598-3
北投區,開明,二,19,北投區,北投,,42-11
北投區,開明,二,190,北投區,北投,,598-27
北投區,開明,二,191,北投區,北投,,598-13
北投區,開明,二,192,北投區,北投,,600-3
北投區,開明,二,194,北投區,北投,,600-3
北投區,開明,二,195,北投區,北投,,600-3
北投區,開明,二,196,北投區,北投,,30-13
北投區,開明,二,197,北投區,北投,,600-4
北投區,開明,二,198,北投區,北投,,600-4
北投區,開明,二,20,北投區,北投,,42-11
北投區,開明,二,200,北投區,北投,,600-4
北投區,開明,二,201,北投區,頂北投,山腳,294-42
北投區,開明,二,202,北投區,頂北投,山腳,294-86
北投區,開明,二,203,北投區,頂北投,山腳,294-85
北投區,開明,二,204,北投區,頂北投,山腳,294-43
北投區,開明,二,205,北投區,頂北投,山腳,294-38
北投區,開明,二,206,北投區,頂北投,山腳,294-101
北投區,開明,二,207,北投區,頂北投,山腳,294-37
北投區,開明,二,208,北投區,頂北投,山腳,294-99
北投區,開明,二,209,北投區,頂北投,山腳,294-98
北投區,開明,二,21,北投區,北投,,42-12
北投區,開明,二,210,北投區,頂北投,山腳,292-5
北投區,開明,二,211,北投區,頂北投,山腳,292-4
北投區,開明,二,212,北投區,頂北投,山腳,292-3
北投區,開明,二,213,北投區,頂北投,山腳,294-9
北投區,開明,二,214,北投區,頂北投,山腳,294-20
北投區,開明,二,215,北投區,頂北投,山腳,294-27
北投區,開明,二,216,北投區,頂北投,山腳,294-30
北投區,開明,二,217,北投區,頂北投,山腳,294-54
北投區,開明,二,218,北投區,頂北投,山腳,294-34
北投區,開明,二,219,北投區,頂北投,山腳,294-26
北投區,開明,二,219-1,北投區,頂北投,山腳,294-26
北投區,開明,二,22,北投區,北投,,42-12
北投區,開明,二,220,北投區,頂北投,山腳,292-1
北投區,開明,二,220-1,北投區,頂北投,山腳,292-1
北投區,開明,二,221,北投區,頂北投,山腳,294-2
北投區,開明,二,222,北投區,頂北投,山腳,320-3
北投區,開明,二,223,北投區,頂北投,山腳,293-5
北投區,開明,二,224,北投區,頂北投,山腳,293-4
北投區,開明,二,225,北投區,頂北投,山腳,293-1
北投區,開明,二,226,北投區,頂北投,山腳,311-2
北投區,開明,二,227,北投區,頂北投,山腳,293-17
北投區,開明,二,228,北投區,頂北投,山腳,293-20
北投區,開明,二,229,北投區,頂北投,山腳,293-18
北投區,開明,二,23,北投區,北投,,42-24
北投區,開明,二,230,北投區,頂北投,山腳,293-22
北投區,開明,二,231,北投區,頂北投,山腳,293-23
北投區,開明,二,232,北投區,頂北投,山腳,293-24
北投區,開明,二,233,北投區,頂北投,山腳,294-4
北投區,開明,二,234,北投區,頂北投,山腳,294-5
北投區,開明,二,235,北投區,頂北投,山腳,294-6
北投區,開明,二,236,北投區,頂北投,山腳,294-7
北投區,開明,二,237,北投區,頂北投,山腳,294-32
北投區,開明,二,238,北投區,頂北投,山腳,294-33
北投區,開明,二,239,北投區,頂北投,山腳,294-8
北投區,開明,二,24,北投區,北投,,42-24
北投區,開明,二,240,北投區,頂北投,山腳,294-13
北投區,開明,二,241,北投區,頂北投,山腳,293-6
北投區,開明,二,242,北投區,頂北投,山腳,293-7
北投區,開明,二,243,北投區,頂北投,山腳,293-25
北投區,開明,二,244,北投區,頂北投,山腳,293-26
北投區,開明,二,245,北投區,頂北投,山腳,294-12
北投區,開明,二,246,北投區,頂北投,山腳,294-95
北投區,開明,二,247,北投區,頂北投,山腳,294-11
北投區,開明,二,248,北投區,頂北投,山腳,294-9
北投區,開明,二,249,北投區,頂北投,山腳,294-10
北投區,開明,二,25,北投區,北投,,42-25
北投區,開明,二,250,北投區,頂北投,山腳,294-46
北投區,開明,二,251,北投區,頂北投,山腳,294-90
北投區,開明,二,252,北投區,頂北投,山腳,294-89
北投區,開明,二,253,北投區,頂北投,山腳,294-88
北投區,開明,二,254,北投區,頂北投,山腳,294-87
北投區,開明,二,255,北投區,頂北投,山腳,294-45
北投區,開明,二,256,北投區,頂北投,山腳,294-25
北投區,開明,二,257,北投區,頂北投,山腳,294-102
北投區,開明,二,258,北投區,頂北投,山腳,294-29
北投區,開明,二,259,北投區,頂北投,山腳,295-6
北投區,開明,二,26,北投區,北投,,42-25
北投區,開明,二,260,北投區,頂北投,山腳,295-11
北投區,開明,二,261,北投區,頂北投,山腳,295-12
北投區,開明,二,262,北投區,頂北投,山腳,295-13
北投區,開明,二,263,北投區,頂北投,山腳,295-14
北投區,開明,二,264,北投區,頂北投,山腳,295-15
北投區,開明,二,265,北投區,頂北投,山腳,295-16
北投區,開明,二,266,北投區,頂北投,山腳,295-17
北投區,開明,二,267,北投區,頂北投,山腳,295-5
北投區,開明,二,268,北投區,頂北投,山腳,295-18
北投區,開明,二,269,北投區,頂北投,山腳,294-49
北投區,開明,二,270,北投區,頂北投,山腳,294-92
北投區,開明,二,271,北投區,頂北投,山腳,294-48
北投區,開明,二,272,北投區,頂北投,山腳,294-39
北投區,開明,二,273,北投區,頂北投,山腳,294-61
北投區,開明,二,274,北投區,頂北投,山腳,294-60
北投區,開明,二,275,北投區,頂北投,山腳,294-53
北投區,開明,二,276,北投區,頂北投,山腳,294-56
北投區,開明,二,277,北投區,頂北投,山腳,294-24
北投區,開明,二,278,北投區,頂北投,山腳,294-55
北投區,開明,二,279,北投區,頂北投,山腳,294-59
北投區,開明,二,28,北投區,北投,,42-26
北投區,開明,二,280,北投區,頂北投,山腳,294-62
北投區,開明,二,282,北投區,頂北投,山腳,294-69
北投區,開明,二,283,北投區,頂北投,山腳,294-1
北投區,開明,二,284,北投區,頂北投,山腳,294-64
北投區,開明,二,285,北投區,頂北投,山腳,294-91
北投區,開明,二,286,北投區,頂北投,山腳,294-70
北投區,開明,二,287,北投區,頂北投,山腳,294-71
北投區,開明,二,288,北投區,頂北投,山腳,294-65
北投區,開明,二,289,北投區,頂北投,山腳,294-66
北投區,開明,二,290,北投區,頂北投,山腳,294-72
北投區,開明,二,291,北投區,頂北投,山腳,294-67
北投區,開明,二,292,北投區,頂北投,山腳,295-19
北投區,開明,二,293,北投區,頂北投,山腳,295-20
北投區,開明,二,294,北投區,頂北投,山腳,295-21
北投區,開明,二,295,北投區,頂北投,山腳,295-22
北投區,開明,二,296,北投區,頂北投,山腳,295-23
北投區,開明,二,297,北投區,頂北投,山腳,295-24
北投區,開明,二,298,北投區,頂北投,山腳,295-25
北投區,開明,二,299,北投區,頂北投,山腳,295-26
北投區,開明,二,30,北投區,北投,,42-27
北投區,開明,二,300,北投區,頂北投,山腳,295-27
北投區,開明,二,301,北投區,頂北投,山腳,295-28
北投區,開明,二,302,北投區,頂北投,山腳,295-29
北投區,開明,二,303,北投區,頂北投,山腳,294-41
北投區,開明,二,309,北投區,頂北投,山腳,294-79
北投區,開明,二,31,北投區,北投,,42-28
北投區,開明,二,310,北投區,頂北投,山腳,294-80
北投區,開明,二,311,北投區,頂北投,山腳,294-82
北投區,開明,二,312,北投區,頂北投,山腳,294-83
北投區,開明,二,313,北投區,頂北投,山腳,294-84
北投區,開明,二,314,北投區,頂北投,山腳,294-81
北投區,開明,二,315,北投區,頂北投,山腳,294-81
北投區,開明,二,317,北投區,頂北投,山腳,295-1
北投區,開明,二,318,北投區,頂北投,山腳,295-10
北投區,開明,二,319,北投區,頂北投,山腳,295-9
北投區,開明,二,32,北投區,北投,,42-29
北投區,開明,二,321,北投區,頂北投,山腳,295
北投區,開明,二,322,北投區,頂北投,山腳,296-1
北投區,開明,二,323,北投區,頂北投,山腳,298
北投區,開明,二,324,北投區,北投,,600-4
北投區,開明,二,325,北投區,北投,,600-3
北投區,開明,二,326,北投區,北投,,599-9
北投區,開明,二,327,北投區,北投,,599-5
北投區,開明,二,328,北投區,北投,,599-8
北投區,開明,二,33,北投區,北投,,42-30
北投區,開明,二,330,北投區,北投,,599-1
北投區,開明,二,331,北投區,北投,,599-12
北投區,開明,二,332,北投區,北投,,599-14
北投區,開明,二,333,北投區,北投,,599-13
北投區,開明,二,334,北投區,北投,,599-15
北投區,開明,二,340,北投區,北投,,600
北投區,開明,二,341,北投區,北投,,600-8
北投區,開明,二,342,北投區,北投,,600-7
北投區,開明,二,343,北投區,北投,,590-79
北投區,開明,二,344,北投區,北投,,600-5
北投區,開明,二,345,北投區,北投,,590-146
北投區,開明,二,346,北投區,北投,,590-145
北投區,開明,二,347,北投區,北投,,590-147
北投區,開明,二,348,北投區,北投,,599-18
北投區,開明,二,348-1,北投區,北投,,599-18
北投區,開明,二,349,北投區,北投,,590-149
北投區,開明,二,35,北投區,北投,,42-31
北投區,開明,二,350,北投區,北投,,590-148
北投區,開明,二,351,北投區,北投,,590-107
北投區,開明,二,352,北投區,北投,,590-150
北投區,開明,二,353,北投區,北投,,600-10
北投區,開明,二,354,北投區,北投,,600-11
北投區,開明,二,355,北投區,北投,,590-143
北投區,開明,二,355-1,北投區,北投,,590-106
北投區,開明,二,356,北投區,北投,,600-12
北投區,開明,二,357,北投區,北投,,590-144
北投區,開明,二,358,北投區,北投,,590-105
北投區,開明,二,359,北投區,北投,,590-108
北投區,開明,二,36,北投區,北投,,42-32
北投區,開明,二,360,北投區,北投,,590-103
北投區,開明,二,362,北投區,北投,,590-110
北投區,開明,二,363,北投區,北投,,590-121
北投區,開明,二,364,北投區,北投,,590-111
北投區,開明,二,365,北投區,北投,,590-112
北投區,開明,二,366,北投區,北投,,590-113
北投區,開明,二,367,北投區,北投,,590-114
北投區,開明,二,368,北投區,北投,,590-128
北投區,開明,二,369,北投區,北投,,590-127
北投區,開明,二,37,北投區,北投,,38-30
北投區,開明,二,370,北投區,北投,,590-115
北投區,開明,二,371,北投區,北投,,590-116
北投區,開明,二,372,北投區,北投,,590-126
北投區,開明,二,373,北投區,北投,,590-125
北投區,開明,二,374,北投區,北投,,590-117
北投區,開明,二,375,北投區,北投,,590-118
北投區,開明,二,376,北投區,北投,,590-124
北投區,開明,二,377,北投區,北投,,590-123
北投區,開明,二,378,北投區,北投,,590-119
北投區,開明,二,379,北投區,北投,,590-120
北投區,開明,二,38,北投區,北投,,38-30
北投區,開明,二,380,北投區,北投,,590-122
北投區,開明,二,381,北投區,北投,,590-91
北投區,開明,二,382,北投區,北投,,590-90
北投區,開明,二,383,北投區,北投,,600-9
北投區,開明,二,384,北投區,北投,,590-88
北投區,開明,二,388,北投區,北投,,589-33
北投區,開明,二,389,北投區,頂北投,山腳,300-5
北投區,開明,二,39,北投區,北投,,38-30
北投區,開明,二,390,北投區,頂北投,山腳,300-1
北投區,開明,二,391,北投區,北投,,589-33
北投區,開明,二,391-1,北投區,北投,,589-33
北投區,開明,二,392,北投區,北投,,602-22
北投區,開明,二,393,北投區,頂北投,山腳,300-4
北投區,開明,二,394,北投區,頂北投,山腳,299-33
北投區,開明,二,395,北投區,頂北投,山腳,299-32
北投區,開明,二,396,北投區,頂北投,山腳,299-31
北投區,開明,二,397,北投區,頂北投,山腳,299-34
北投區,開明,二,398,北投區,頂北投,山腳,299-30
北投區,開明,二,399,北投區,頂北投,山腳,299
北投區,開明,二,4,北投區,北投,,42-23
北投區,開明,二,4-1,北投區,北投,,42-23
北投區,開明,二,4-2,北投區,北投,,42-23
北投區,開明,二,40,北投區,北投,,38-30
北投區,開明,二,400,北投區,頂北投,山腳,299-14
北投區,開明,二,401,北投區,頂北投,山腳,299-13
北投區,開明,二,402,北投區,頂北投,山腳,299-12
北投區,開明,二,403,北投區,頂北投,山腳,299-11
北投區,開明,二,404,北投區,頂北投,山腳,299-10
北投區,開明,二,405,北投區,頂北投,山腳,299-9
北投區,開明,二,406,北投區,頂北投,山腳,299-8
北投區,開明,二,407,北投區,頂北投,山腳,299-15
北投區,開明,二,408,北投區,頂北投,山腳,299-16
北投區,開明,二,409,北投區,頂北投,山腳,299-18
北投區,開明,二,41,北投區,北投,,38-30
北投區,開明,二,410,北投區,頂北投,山腳,299-17
北投區,開明,二,411,北投區,頂北投,山腳,299-7
北投區,開明,二,412,北投區,頂北投,山腳,299-6
北投區,開明,二,413,北投區,頂北投,山腳,299-5
北投區,開明,二,414,北投區,頂北投,山腳,299-19
北投區,開明,二,416,北投區,頂北投,山腳,299-21
北投區,開明,二,417,北投區,頂北投,山腳,299-20
北投區,開明,二,418,北投區,頂北投,山腳,299-4
北投區,開明,二,419,北投區,頂北投,山腳,299-3
北投區,開明,二,42,北投區,北投,,38-25
北投區,開明,二,420,北投區,頂北投,山腳,299-2
北投區,開明,二,421,北投區,頂北投,山腳,299-1
北投區,開明,二,422,北投區,頂北投,山腳,301
北投區,開明,二,423,北投區,頂北投,山腳,300-82
北投區,開明,二,424,北投區,頂北投,山腳,300-83
北投區,開明,二,425,北投區,頂北投,山腳,300-84
北投區,開明,二,426,北投區,頂北投,山腳,300-85
北投區,開明,二,427,北投區,頂北投,山腳,300-86
北投區,開明,二,428,北投區,頂北投,山腳,300-87
北投區,開明,二,429,北投區,頂北投,山腳,300-88
北投區,開明,二,43,北投區,北投,,38
北投區,開明,二,430,北投區,頂北投,山腳,300-89
北投區,開明,二,431,北投區,頂北投,山腳,300-90
北投區,開明,二,432,北投區,頂北投,山腳,300-97
北投區,開明,二,434,北投區,頂北投,山腳,300-96
北投區,開明,二,435,北投區,頂北投,山腳,300-81
北投區,開明,二,436,北投區,頂北投,山腳,300-80
北投區,開明,二,437,北投區,頂北投,山腳,300-79
北投區,開明,二,438,北投區,頂北投,山腳,304-1
北投區,開明,二,439,北投區,頂北投,山腳,300-78
北投區,開明,二,44,北投區,北投,,38-15
北投區,開明,二,440,北投區,頂北投,山腳,300-77
北投區,開明,二,441,北投區,頂北投,山腳,300-76
北投區,開明,二,442,北投區,頂北投,山腳,300-75
北投區,開明,二,443,北投區,頂北投,山腳,300-74
北投區,開明,二,444,北投區,頂北投,山腳,300-73
北投區,開明,二,445,北投區,頂北投,山腳,300-72
北投區,開明,二,446,北投區,頂北投,山腳,300-71
北投區,開明,二,447,北投區,頂北投,山腳,300-70
北投區,開明,二,448,北投區,頂北投,山腳,300-69
北投區,開明,二,449,北投區,頂北投,山腳,300-68
北投區,開明,二,449-1,北投區,頂北投,山腳,299-27
北投區,開明,二,449-2,北投區,頂北投,山腳,309-15
北投區,開明,二,45,北投區,北投,,38-16
北投區,開明,二,450,北投區,頂北投,山腳,295-2
北投區,開明,二,451,北投區,頂北投,山腳,300-47
北投區,開明,二,452,北投區,頂北投,山腳,300-48
北投區,開明,二,453,北投區,頂北投,山腳,295-3
北投區,開明,二,454,北投區,頂北投,山腳,295-4
北投區,開明,二,455,北投區,頂北投,山腳,300-98
北投區,開明,二,456,北投區,頂北投,山腳,300-53
北投區,開明,二,457,北投區,頂北投,山腳,300-54
北投區,開明,二,458,北投區,頂北投,山腳,300-55
北投區,開明,二,459,北投區,頂北投,山腳,300-56
北投區,開明,二,46,北投區,北投,,38-14
北投區,開明,二,460,北投區,頂北投,山腳,300-57
北投區,開明,二,460,北投區,頂北投,山腳,300-99
北投區,開明,二,461,北投區,頂北投,山腳,300-58
北投區,開明,二,462,北投區,頂北投,山腳,300-64
北投區,開明,二,463,北投區,頂北投,山腳,300-66
北投區,開明,二,464,北投區,頂北投,山腳,300-44
北投區,開明,二,465,北投區,頂北投,山腳,300-45
北投區,開明,二,466,北投區,頂北投,山腳,300-43
北投區,開明,二,467,北投區,頂北投,山腳,300-42
北投區,開明,二,468,北投區,頂北投,山腳,300-41
北投區,開明,二,469,北投區,頂北投,山腳,300-40
北投區,開明,二,47,北投區,北投,,38-13
北投區,開明,二,470,北投區,頂北投,山腳,300-39
北投區,開明,二,471,北投區,頂北投,山腳,300-38
北投區,開明,二,472,北投區,頂北投,山腳,300-37
北投區,開明,二,473,北投區,頂北投,山腳,300-36
北投區,開明,二,474,北投區,頂北投,山腳,300-35
北投區,開明,二,475,北投區,頂北投,山腳,300-34
北投區,開明,二,476,北投區,頂北投,山腳,300-17
北投區,開明,二,477,北投區,頂北投,山腳,310-11
北投區,開明,二,478,北投區,頂北投,山腳,310-10
北投區,開明,二,479,北投區,頂北投,山腳,310-9
北投區,開明,二,48,北投區,北投,,38-12
北投區,開明,二,480,北投區,頂北投,山腳,300-46
北投區,開明,二,481,北投區,頂北投,山腳,310-8
北投區,開明,二,482,北投區,頂北投,山腳,310
北投區,開明,二,483,北投區,頂北投,山腳,300-16
北投區,開明,二,484,北投區,頂北投,山腳,300-7
北投區,開明,二,485,北投區,頂北投,山腳,300-29
北投區,開明,二,486,北投區,頂北投,山腳,300-28
北投區,開明,二,487,北投區,頂北投,山腳,309-57
北投區,開明,二,488,北投區,頂北投,山腳,309-56
北投區,開明,二,489,北投區,頂北投,山腳,309-55
北投區,開明,二,49,北投區,北投,,38-11
北投區,開明,二,490,北投區,頂北投,山腳,309-54
北投區,開明,二,491,北投區,頂北投,山腳,309-53
北投區,開明,二,492,北投區,頂北投,山腳,309
北投區,開明,二,493,北投區,頂北投,山腳,300-26
北投區,開明,二,494,北投區,頂北投,山腳,300-25
北投區,開明,二,495,北投區,頂北投,山腳,300-24
北投區,開明,二,496,北投區,頂北投,山腳,300-23
北投區,開明,二,497,北投區,頂北投,山腳,309-49
北投區,開明,二,498,北投區,頂北投,山腳,309-33
北投區,開明,二,499,北投區,頂北投,山腳,309-32
北投區,開明,二,50,北投區,北投,,38-10
北投區,開明,二,500,北投區,頂北投,山腳,309-48
北投區,開明,二,501,北投區,頂北投,山腳,309-47
北投區,開明,二,502,北投區,頂北投,山腳,309-31
北投區,開明,二,503,北投區,頂北投,山腳,309-30
北投區,開明,二,504,北投區,頂北投,山腳,309-46
北投區,開明,二,505,北投區,頂北投,山腳,309-45
北投區,開明,二,506,北投區,頂北投,山腳,309-29
北投區,開明,二,507,北投區,頂北投,山腳,309-28
北投區,開明,二,508,北投區,頂北投,山腳,309-44
北投區,開明,二,509,北投區,頂北投,山腳,309-17
北投區,開明,二,51,北投區,北投,,38-9
北投區,開明,二,510,北投區,頂北投,山腳,309-43
北投區,開明,二,511,北投區,頂北投,山腳,309-27
北投區,開明,二,512,北投區,頂北投,山腳,309-26
北投區,開明,二,513,北投區,頂北投,山腳,309-42
北投區,開明,二,514,北投區,頂北投,山腳,309-41
北投區,開明,二,515,北投區,頂北投,山腳,309-25
北投區,開明,二,516,北投區,頂北投,山腳,309-24
北投區,開明,二,517,北投區,頂北投,山腳,309-40
北投區,開明,二,518,北投區,頂北投,山腳,309-39
北投區,開明,二,519,北投區,頂北投,山腳,309-23
北投區,開明,二,52,北投區,北投,,38-8
北投區,開明,二,520,北投區,頂北投,山腳,309-22
北投區,開明,二,521,北投區,頂北投,山腳,309-38
北投區,開明,二,522,北投區,頂北投,山腳,309-37
北投區,開明,二,523,北投區,頂北投,山腳,309-21
北投區,開明,二,524,北投區,頂北投,山腳,309-20
北投區,開明,二,525,北投區,頂北投,山腳,309-36
北投區,開明,二,526,北投區,頂北投,山腳,309-35
北投區,開明,二,527,北投區,頂北投,山腳,309-19
北投區,開明,二,528,北投區,頂北投,山腳,309-18
北投區,開明,二,529,北投區,頂北投,山腳,309-34
北投區,開明,二,53,北投區,北投,,38-7
北投區,開明,二,530,北投區,頂北投,山腳,309-59
北投區,開明,二,531,北投區,頂北投,山腳,309-16
北投區,開明,二,532,北投區,頂北投,山腳,294-28
北投區,開明,二,533,北投區,頂北投,山腳,294-31
北投區,開明,二,534,北投區,頂北投,山腳,311-1
北投區,開明,二,535,北投區,頂北投,山腳,311-5
北投區,開明,二,536,北投區,頂北投,山腳,311-9
北投區,開明,二,537,北投區,頂北投,山腳,311-4
北投區,開明,二,538,北投區,頂北投,山腳,311-8
北投區,開明,二,539,北投區,頂北投,山腳,311
北投區,開明,二,54,北投區,北投,,38-3
北投區,開明,二,54-1,北投區,北投,,40-10
北投區,開明,二,540,北投區,頂北投,山腳,311-6
北投區,開明,二,541,北投區,頂北投,山腳,312-8
北投區,開明,二,542,北投區,頂北投,山腳,312-11
北投區,開明,二,543,北投區,頂北投,山腳,312-17
北投區,開明,二,544,北投區,頂北投,山腳,312-83
北投區,開明,二,545,北投區,頂北投,山腳,312-82
北投區,開明,二,546,北投區,頂北投,山腳,312-66
北投區,開明,二,547,北投區,頂北投,山腳,312
北投區,開明,二,548,北投區,頂北投,山腳,312-67
北投區,開明,二,549,北投區,頂北投,山腳,312-81
北投區,開明,二,55,北投區,北投,,38-4
北投區,開明,二,550,北投區,頂北投,山腳,312-80
北投區,開明,二,551,北投區,頂北投,山腳,312-79
北投區,開明,二,552,北投區,頂北投,山腳,312-68
北投區,開明,二,553,北投區,頂北投,山腳,312-69
北投區,開明,二,554,北投區,頂北投,山腳,312-78
北投區,開明,二,555,北投區,頂北投,山腳,312-77
北投區,開明,二,556,北投區,頂北投,山腳,312-76
北投區,開明,二,557,北投區,頂北投,山腳,312-70
北投區,開明,二,558,北投區,頂北投,山腳,312-71
北投區,開明,二,559,北投區,頂北投,山腳,312-75
北投區,開明,二,56,北投區,北投,,38-5
北投區,開明,二,560,北投區,頂北投,山腳,312-74
北投區,開明,二,561,北投區,頂北投,山腳,312-72
北投區,開明,二,562,北投區,頂北投,山腳,312-73
北投區,開明,二,563,北投區,頂北投,山腳,312-6
北投區,開明,二,564,北投區,頂北投,山腳,312-4
北投區,開明,二,565,北投區,頂北投,山腳,312-3
北投區,開明,二,566,北投區,頂北投,山腳,312-2
北投區,開明,二,567,北投區,頂北投,山腳,312-12
北投區,開明,二,568,北投區,頂北投,山腳,312-13
北投區,開明,二,569,北投區,頂北投,山腳,319-28
北投區,開明,二,57,北投區,北投,,38-6
北投區,開明,二,570,北投區,頂北投,山腳,319-26
北投區,開明,二,572,北投區,頂北投,山腳,319-1
北投區,開明,二,573,北投區,頂北投,山腳,312-10
北投區,開明,二,574,北投區,頂北投,山腳,312-63
北投區,開明,二,575,北投區,頂北投,山腳,319-41
北投區,開明,二,576,北投區,頂北投,山腳,319-40
北投區,開明,二,577,北投區,頂北投,山腳,319-39
北投區,開明,二,578,北投區,頂北投,山腳,319-33
北投區,開明,二,579,北投區,頂北投,山腳,319-32
北投區,開明,二,58,北投區,北投,,38-22
北投區,開明,二,580,北投區,頂北投,山腳,319-57
北投區,開明,二,581,北投區,頂北投,山腳,319-56
北投區,開明,二,582,北投區,頂北投,山腳,319-55
北投區,開明,二,583,北投區,頂北投,山腳,319-54
北投區,開明,二,584,北投區,頂北投,山腳,319-53
北投區,開明,二,585,北投區,頂北投,山腳,319-29
北投區,開明,二,586,北投區,頂北投,山腳,320-5
北投區,開明,二,587,北投區,頂北投,山腳,323-70
北投區,開明,二,588,北投區,頂北投,山腳,323-69
北投區,開明,二,589,北投區,頂北投,山腳,323-5
北投區,開明,二,59,北投區,北投,,38-21
北投區,開明,二,590,北投區,頂北投,山腳,323-68
北投區,開明,二,591,北投區,頂北投,山腳,323-67
北投區,開明,二,592,北投區,頂北投,山腳,320-10
北投區,開明,二,593,北投區,頂北投,山腳,319-58
北投區,開明,二,594,北投區,頂北投,山腳,319-59
北投區,開明,二,595,北投區,頂北投,山腳,319-60
北投區,開明,二,596,北投區,頂北投,山腳,319-30
北投區,開明,二,597,北投區,頂北投,山腳,319-65
北投區,開明,二,598,北投區,頂北投,山腳,319-61
北投區,開明,二,599,北投區,頂北投,山腳,319-47
北投區,開明,二,60,北投區,北投,,38-20
北投區,開明,二,600,北投區,頂北投,山腳,319-46
北投區,開明,二,601,北投區,頂北投,山腳,319-45
北投區,開明,二,602,北投區,頂北投,山腳,319-35
北投區,開明,二,603,北投區,頂北投,山腳,319-44
北投區,開明,二,604,北投區,頂北投,山腳,312-64
北投區,開明,二,605,北投區,頂北投,山腳,319-68
北投區,開明,二,607,北投區,頂北投,山腳,308-1
北投區,開明,二,608,北投區,頂北投,山腳,308-17
北投區,開明,二,609,北投區,頂北投,山腳,319-67
北投區,開明,二,61,北投區,北投,,38-19
北投區,開明,二,610,北投區,頂北投,山腳,319-69
北投區,開明,二,611,北投區,頂北投,山腳,319-17
北投區,開明,二,612,北投區,頂北投,山腳,319-4
北投區,開明,二,613,北投區,頂北投,山腳,320-4
北投區,開明,二,614,北投區,頂北投,山腳,320-4
北投區,開明,二,615,北投區,頂北投,山腳,320-1
北投區,開明,二,616,北投區,頂北投,山腳,320
北投區,開明,二,617,北投區,頂北投,山腳,323-77
北投區,開明,二,618,北投區,頂北投,山腳,323-80
北投區,開明,二,619,北投區,頂北投,山腳,323-76
北投區,開明,二,62,北投區,北投,,38-18
北投區,開明,二,620,北投區,頂北投,山腳,323-75
北投區,開明,二,621,北投區,頂北投,山腳,323-63
北投區,開明,二,622,北投區,頂北投,山腳,323-62
北投區,開明,二,623,北投區,頂北投,山腳,323-61
北投區,開明,二,624,北投區,頂北投,山腳,323-64
北投區,開明,二,625,北投區,頂北投,山腳,323-65
北投區,開明,二,626,北投區,頂北投,山腳,323-66
北投區,開明,二,627,北投區,頂北投,山腳,323-33
北投區,開明,二,628,北投區,頂北投,山腳,323-4
北投區,開明,二,629,北投區,頂北投,山腳,323-20
北投區,開明,二,63,北投區,北投,,38-17
北投區,開明,二,630,北投區,頂北投,山腳,323-25
北投區,開明,二,631,北投區,頂北投,山腳,323-26
北投區,開明,二,632,北投區,頂北投,山腳,323-3
北投區,開明,二,633,北投區,頂北投,山腳,323
北投區,開明,二,634,北投區,頂北投,山腳,323-52
北投區,開明,二,635,北投區,頂北投,山腳,323-27
北投區,開明,二,636,北投區,頂北投,山腳,323-53
北投區,開明,二,637,北投區,頂北投,山腳,323-54
北投區,開明,二,638,北投區,頂北投,山腳,323-17
北投區,開明,二,639,北投區,頂北投,山腳,323-28
北投區,開明,二,64,北投區,北投,,41-23
北投區,開明,二,640,北投區,頂北投,山腳,323-29
北投區,開明,二,641,北投區,頂北投,山腳,323-18
北投區,開明,二,642,北投區,頂北投,山腳,323-19
北投區,開明,二,643,北投區,頂北投,山腳,323-51
北投區,開明,二,644,北投區,頂北投,山腳,323-34
北投區,開明,二,645,北投區,頂北投,山腳,323-58
北投區,開明,二,646,北投區,頂北投,山腳,323-35
北投區,開明,二,647,北投區,頂北投,山腳,323-60
北投區,開明,二,648,北投區,頂北投,山腳,322-11
北投區,開明,二,649,北投區,頂北投,山腳,322-23
北投區,開明,二,650,北投區,頂北投,山腳,322-25
北投區,開明,二,651,北投區,頂北投,山腳,322-12
北投區,開明,二,652,北投區,頂北投,山腳,322-15
北投區,開明,二,653,北投區,頂北投,山腳,322-24
北投區,開明,二,654,北投區,頂北投,山腳,322-32
北投區,開明,二,655,北投區,頂北投,山腳,322-31
北投區,開明,二,656,北投區,頂北投,山腳,322-13
北投區,開明,二,657,北投區,頂北投,山腳,322-26
北投區,開明,二,658,北投區,頂北投,山腳,322-27
北投區,開明,二,659,北投區,頂北投,山腳,322-14
北投區,開明,二,660,北投區,頂北投,山腳,321-1
北投區,開明,二,661,北投區,頂北投,山腳,321-22
北投區,開明,二,662,北投區,頂北投,山腳,321-23
北投區,開明,二,663,北投區,頂北投,山腳,321-15
北投區,開明,二,664,北投區,頂北投,山腳,321-32
北投區,開明,二,665,北投區,頂北投,山腳,321-33
北投區,開明,二,666,北投區,頂北投,山腳,321-24
北投區,開明,二,667,北投區,頂北投,山腳,321-16
北投區,開明,二,668,北投區,頂北投,山腳,321-19
北投區,開明,二,669,北投區,頂北投,山腳,321-25
北投區,開明,二,670,北投區,頂北投,山腳,321-26
北投區,開明,二,671,北投區,頂北投,山腳,321-20
北投區,開明,二,672,北投區,頂北投,山腳,321-17
北投區,開明,二,673,北投區,頂北投,山腳,321-27
北投區,開明,二,674,北投區,頂北投,山腳,321-28
北投區,開明,二,675,北投區,頂北投,山腳,321-34
北投區,開明,二,676,北投區,頂北投,山腳,321-35
北投區,開明,二,677,北投區,頂北投,山腳,321-29
北投區,開明,二,678,北投區,頂北投,山腳,321-30
北投區,開明,二,679,北投區,頂北投,山腳,320-2
北投區,開明,二,680,北投區,頂北投,山腳,319-2
北投區,開明,二,681,北投區,頂北投,山腳,319-8
北投區,開明,二,682,北投區,頂北投,山腳,319-18
北投區,開明,二,683,北投區,頂北投,山腳,321-18
北投區,開明,二,684,北投區,頂北投,山腳,322
北投區,開明,二,685,北投區,頂北投,山腳,320-2
北投區,開明,二,686,北投區,頂北投,山腳,319-49
北投區,開明,二,687,北投區,頂北投,山腳,319-48
北投區,開明,二,688,北投區,頂北投,山腳,319-9
北投區,開明,二,689,北投區,頂北投,山腳,319-19
北投區,開明,二,69,北投區,北投,,41
北投區,開明,二,690,北投區,頂北投,山腳,319-20
北投區,開明,二,691,北投區,頂北投,山腳,319-10
北投區,開明,二,692,北投區,頂北投,山腳,319-11
北投區,開明,二,693,北投區,頂北投,山腳,319-21
北投區,開明,二,694,北投區,頂北投,山腳,319-22
北投區,開明,二,695,北投區,頂北投,山腳,319-12
北投區,開明,二,696,北投區,頂北投,山腳,308-13
北投區,開明,二,696,北投區,頂北投,山腳,319-13
北投區,開明,二,697,北投區,頂北投,山腳,308-18
北投區,開明,二,697,北投區,頂北投,山腳,319-23
北投區,開明,二,698,北投區,頂北投,山腳,308-19
北投區,開明,二,699,北投區,頂北投,山腳,308
北投區,開明,二,7,北投區,北投,,42-1
北投區,開明,二,70,北投區,北投,,41-40
北投區,開明,二,700,北投區,頂北投,山腳,308-5
北投區,開明,二,701,北投區,頂北投,山腳,308-20
北投區,開明,二,702,北投區,頂北投,山腳,308-21
北投區,開明,二,703,北投區,頂北投,山腳,308-6
北投區,開明,二,704,北投區,頂北投,山腳,308-7
北投區,開明,二,705,北投區,頂北投,山腳,308-22
北投區,開明,二,706,北投區,頂北投,山腳,308-23
北投區,開明,二,707,北投區,頂北投,山腳,308-10
北投區,開明,二,708,北投區,頂北投,山腳,308-8
北投區,開明,二,709,北投區,頂北投,山腳,308-24
北投區,開明,二,71,北投區,北投,,41-41
北投區,開明,二,71-1,北投區,北投,,41-34
北投區,開明,二,710,北投區,頂北投,山腳,308-25
北投區,開明,二,711,北投區,頂北投,山腳,308-12
北投區,開明,二,712,北投區,頂北投,山腳,308-11
北投區,開明,二,713,北投區,頂北投,山腳,308-26
北投區,開明,二,714,北投區,頂北投,山腳,308-27
北投區,開明,二,715,北投區,頂北投,山腳,308-9
北投區,開明,二,716,北投區,頂北投,山腳,308-14
北投區,開明,二,717,北投區,頂北投,山腳,308-28
北投區,開明,二,718,北投區,頂北投,山腳,308-15
北投區,開明,二,719,北投區,頂北投,山腳,309-8
北投區,開明,二,720,北投區,頂北投,山腳,309-4
北投區,開明,二,721,北投區,頂北投,山腳,309-12
北投區,開明,二,722,北投區,頂北投,山腳,309-13
北投區,開明,二,723,北投區,頂北投,山腳,309-5
北投區,開明,二,724,北投區,頂北投,山腳,309-6
北投區,開明,二,725,北投區,頂北投,山腳,309-14
北投區,開明,二,726,北投區,頂北投,山腳,309-9
北投區,開明,二,727,北投區,頂北投,山腳,309-7
北投區,開明,二,728,北投區,頂北投,山腳,300-2
北投區,開明,二,729,北投區,頂北投,山腳,300-18
北投區,開明,二,730,北投區,頂北投,山腳,300-19
北投區,開明,二,731,北投區,頂北投,山腳,300-9
北投區,開明,二,732,北投區,頂北投,山腳,300-10
北投區,開明,二,733,北投區,頂北投,山腳,300-20
北投區,開明,二,734,北投區,頂北投,山腳,300-21
北投區,開明,二,735,北投區,頂北投,山腳,300-11
北投區,開明,二,736,北投區,頂北投,山腳,300-15
北投區,開明,二,737,北投區,頂北投,山腳,300-112
北投區,開明,二,738,北投區,頂北投,山腳,300-22
北投區,開明,二,739,北投區,頂北投,山腳,305-12
北投區,開明,二,740,北投區,頂北投,山腳,305-16
北投區,開明,二,741,北投區,頂北投,山腳,305-17
北投區,開明,二,745,北投區,頂北投,山腳,305-20
北投區,開明,二,746,北投區,頂北投,山腳,305-21
北投區,開明,二,747,北投區,頂北投,山腳,305-22
北投區,開明,二,748,北投區,頂北投,山腳,300-8
北投區,開明,二,749,北投區,頂北投,山腳,305-6
北投區,開明,二,750,北投區,頂北投,山腳,305-19
北投區,開明,二,751,北投區,頂北投,山腳,305-7
北投區,開明,二,757,北投區,頂北投,山腳,304-4
北投區,開明,二,758,北投區,頂北投,山腳,299-28
北投區,開明,二,760,北投區,頂北投,山腳,303-1
北投區,開明,二,761,北投區,頂北投,山腳,303-8
北投區,開明,二,762,北投區,頂北投,山腳,303
北投區,開明,二,763,北投區,頂北投,山腳,301-1
北投區,開明,二,764,北投區,頂北投,山腳,301-2
北投區,開明,二,765,北投區,頂北投,山腳,301-3
北投區,開明,二,766,北投區,頂北投,山腳,301-4
北投區,開明,二,767,北投區,頂北投,山腳,301-5
北投區,開明,二,768,北投區,頂北投,山腳,301-6
北投區,開明,二,769,北投區,頂北投,山腳,301-7
北投區,開明,二,770,北投區,頂北投,山腳,301-16
北投區,開明,二,771,北投區,頂北投,山腳,301-17
北投區,開明,二,772,北投區,頂北投,山腳,301-8
北投區,開明,二,773,北投區,頂北投,山腳,301-9
北投區,開明,二,774,北投區,頂北投,山腳,301-10
北投區,開明,二,775,北投區,頂北投,山腳,301-11
北投區,開明,二,776,北投區,頂北投,山腳,301-12
北投區,開明,二,777,北投區,頂北投,山腳,302-2
北投區,開明,二,778,北投區,頂北投,山腳,302
北投區,開明,二,779,北投區,頂北投,山腳,302-3
北投區,開明,二,780,北投區,頂北投,山腳,302-4
北投區,開明,二,781,北投區,頂北投,山腳,302-5
北投區,開明,二,782,北投區,頂北投,山腳,302-6
北投區,開明,二,783,北投區,頂北投,山腳,302-7
北投區,開明,二,784,北投區,頂北投,山腳,300-3
北投區,開明,二,785,北投區,北投,,606-5
北投區,開明,二,786,北投區,北投,,606-4
北投區,開明,二,787,北投區,北投,,605-22
北投區,開明,二,788,北投區,北投,,605-23
北投區,開明,二,789,北投區,北投,,605-39
北投區,開明,二,790,北投區,北投,,605-24
北投區,開明,二,791,北投區,北投,,605-38
北投區,開明,二,793,北投區,北投,,605
北投區,開明,二,794,北投區,北投,,602-4
北投區,開明,二,795,北投區,北投,,602-16
北投區,開明,二,796,北投區,北投,,602-17
北投區,開明,二,797,北投區,北投,,602-18
北投區,開明,二,798,北投區,北投,,602-3
北投區,開明,二,799,北投區,北投,,589-33
北投區,開明,二,8,北投區,北投,,42-2
北投區,開明,二,801,北投區,北投,,602
北投區,開明,二,802,北投區,北投,,602-23
北投區,開明,二,803,北投區,北投,,602-24
北投區,開明,二,804,北投區,北投,,602-25
北投區,開明,二,805,北投區,北投,,602-26
北投區,開明,二,806,北投區,北投,,602-15
北投區,開明,二,807,北投區,北投,,602-14
北投區,開明,二,808,北投區,北投,,602-27
北投區,開明,二,809,北投區,北投,,602-28
北投區,開明,二,810,北投區,北投,,602-29
北投區,開明,二,811,北投區,北投,,602-30
北投區,開明,二,812,北投區,北投,,605-49
北投區,開明,二,814,北投區,北投,,605-54
北投區,開明,二,815,北投區,北投,,605-51
北投區,開明,二,816,北投區,北投,,605-43
北投區,開明,二,817,北投區,北投,,605-52
北投區,開明,二,818,北投區,北投,,605-53
北投區,開明,二,819,北投區,北投,,605-33
北投區,開明,二,820,北投區,北投,,604-2
北投區,開明,二,821,北投區,北投,,604-3
北投區,開明,二,822,北投區,北投,,604-9
北投區,開明,二,823,北投區,北投,,604-8
北投區,開明,二,824,北投區,北投,,615-13
北投區,開明,二,825,北投區,北投,,622-33
北投區,開明,二,826,北投區,北投,,622-34
北投區,開明,二,827,北投區,北投,,622-5
北投區,開明,二,829,北投區,北投,,622-6
北投區,開明,二,830,北投區,北投,,615-12
北投區,開明,二,831,北投區,北投,,621-12
北投區,開明,二,832,北投區,北投,,621-44
北投區,開明,二,833,北投區,北投,,621-11
北投區,開明,二,834,北投區,北投,,621-32
北投區,開明,二,835,北投區,北投,,621-33
北投區,開明,二,836,北投區,北投,,621-34
北投區,開明,二,837,北投區,北投,,621-35
北投區,開明,二,838,北投區,北投,,621-36
北投區,開明,二,839,北投區,北投,,621-43
北投區,開明,二,840,北投區,北投,,615-11
北投區,開明,二,841,北投區,北投,,621-50
北投區,開明,二,842,北投區,北投,,616-4
北投區,開明,二,843,北投區,北投,,621-51
北投區,開明,二,844,北投區,北投,,621-42
北投區,開明,二,845,北投區,北投,,621-37
北投區,開明,二,846,北投區,北投,,621-38
北投區,開明,二,847,北投區,北投,,621-39
北投區,開明,二,848,北投區,北投,,621-40
北投區,開明,二,849,北投區,北投,,621-41
北投區,開明,二,850,北投區,北投,,621-10
北投區,開明,二,851,北投區,北投,,621-46
北投區,開明,二,852,北投區,北投,,621-55
北投區,開明,二,853,北投區,北投,,621-54
北投區,開明,二,854,北投區,北投,,621-53
北投區,開明,二,855,北投區,北投,,621-52
北投區,開明,二,856,北投區,北投,,616-39
北投區,開明,二,857,北投區,北投,,616-40
北投區,開明,二,858,北投區,北投,,616-41
北投區,開明,二,859,北投區,北投,,616-42
北投區,開明,二,860,北投區,北投,,616-38
北投區,開明,二,861,北投區,北投,,616-37
北投區,開明,二,863,北投區,北投,,616-5
北投區,開明,二,877,北投區,北投,,616-20
北投區,開明,二,878,北投區,北投,,616-9
北投區,開明,二,879,北投區,北投,,616-11
北投區,開明,二,880,北投區,北投,,616-43
北投區,開明,二,881,北投區,秀山,二,744-1
北投區,開明,二,882,北投區,秀山,二,761-1
北投區,開明,二,9,北投區,北投,,42-4
北投區,關渡,一,1,北投區,北投,,1015-21
北投區,關渡,一,1-1,北投區,北投,,1015-18
北投區,關渡,一,10,北投區,北投,,1090-1
北投區,關渡,一,100,北投區,北投,,1023-2
北投區,關渡,一,101,北投區,北投,,1023-4
北投區,關渡,一,102,北投區,北投,,1023-11
北投區,關渡,一,103,北投區,北投,,1015-4
北投區,關渡,一,104,北投區,北投,,1015-1
北投區,關渡,一,104-1,北投區,北投,,1015-7
北投區,關渡,一,105,北投區,北投,,1009
北投區,關渡,一,105-1,北投區,北投,,1009-5
北投區,關渡,一,106,北投區,北投,,1009-7
北投區,關渡,一,107,北投區,北投,,1015-3
北投區,關渡,一,108,北投區,北投,,1017
北投區,關渡,一,109,北投區,北投,,1017-1
北投區,關渡,一,11,北投區,北投,,1085-2
北投區,關渡,一,110,北投區,北投,,1017-2
北投區,關渡,一,111,北投區,北投,,1022
北投區,關渡,一,112,北投區,北投,,1023-9
北投區,關渡,一,113,北投區,北投,,1032-1
北投區,關渡,一,114,北投區,北投,,1032-2
北投區,關渡,一,115,北投區,北投,,1032-3
北投區,關渡,一,116,北投區,北投,,1022-1
北投區,關渡,一,117,北投區,北投,,1033
北投區,關渡,一,118,北投區,北投,,1040
北投區,關渡,一,119,北投區,北投,,1038-2
北投區,關渡,一,12,北投區,北投,,1092-1
北投區,關渡,一,120,北投區,北投,,1041
北投區,關渡,一,121,北投區,北投,,1032
北投區,關渡,一,122,北投區,北投,,1031
北投區,關渡,一,123,北投區,北投,,1031-1
北投區,關渡,一,124,北投區,北投,,1042
北投區,關渡,一,125,北投區,北投,,1059-8
北投區,關渡,一,126,北投區,北投,,1059-7
北投區,關渡,一,127,北投區,北投,,1059-6
北投區,關渡,一,128,北投區,北投,,1070
北投區,關渡,一,129,北投區,北投,,1069
北投區,關渡,一,13,北投區,北投,,1094-10
北投區,關渡,一,130,北投區,北投,,1069-1
北投區,關渡,一,131,北投區,北投,,1078-1
北投區,關渡,一,132,北投區,北投,,1078-2
北投區,關渡,一,133,北投區,北投,,1078-3
北投區,關渡,一,134,北投區,北投,,1078-7
北投區,關渡,一,135,北投區,北投,,1078-4
北投區,關渡,一,136,北投區,北投,,1078-9
北投區,關渡,一,137,北投區,北投,,1078-8
北投區,關渡,一,138,北投區,北投,,1078-5
北投區,關渡,一,139,北投區,北投,,1078-6
北投區,關渡,一,14,北投區,北投,,1109-3
北投區,關渡,一,140,北投區,北投,,1084
北投區,關渡,一,141,北投區,北投,,1095
北投區,關渡,一,142,北投區,北投,,1096
北投區,關渡,一,143,北投區,北投,,1096-1
北投區,關渡,一,144,北投區,北投,,1097
北投區,關渡,一,145,北投區,北投,,1097-1
北投區,關渡,一,146,北投區,北投,,1104
北投區,關渡,一,147,北投區,北投,,1105
北投區,關渡,一,148,北投區,北投,,1118-2
北投區,關渡,一,149,北投區,北投,,1118-1
北投區,關渡,一,15,北投區,北投,,1113-5
北投區,關渡,一,150,北投區,北投,,1117-1
北投區,關渡,一,151,北投區,北投,,1116-3
北投區,關渡,一,152,北投區,北投,,1116-2
北投區,關渡,一,153,北投區,北投,,1116
北投區,關渡,一,154,北投區,北投,,1109-3
北投區,關渡,一,155,北投區,北投,,1116-1
北投區,關渡,一,156,北投區,北投,,1116-4
北投區,關渡,一,157,北投區,北投,,1125-2
北投區,關渡,一,158,北投區,北投,,1125-35
北投區,關渡,一,159,北投區,北投,,1125-36
北投區,關渡,一,16,北投區,北投,,1110-2
北投區,關渡,一,160,北投區,北投,,1125-37
北投區,關渡,一,161,北投區,北投,,1125-38
北投區,關渡,一,162,北投區,北投,,1125-39
北投區,關渡,一,163,北投區,北投,,1125-3
北投區,關渡,一,164,北投區,北投,,1125-4
北投區,關渡,一,17,北投區,北投,,1135-5
北投區,關渡,一,170,北投區,北投,,1125-5
北投區,關渡,一,171,北投區,北投,,1125-11
北投區,關渡,一,172,北投區,北投,,1125-12
北投區,關渡,一,173,北投區,北投,,1125-6
北投區,關渡,一,174,北投區,北投,,1125-7
北投區,關渡,一,175,北投區,北投,,1125-13
北投區,關渡,一,176,北投區,北投,,1125-14
北投區,關渡,一,177,北投區,北投,,1125-8
北投區,關渡,一,178,北投區,北投,,1125-16
北投區,關渡,一,179,北投區,北投,,1125-17
北投區,關渡,一,18,北投區,北投,,1135-4
北投區,關渡,一,18-1,北投區,北投,,310-4
北投區,關渡,一,180,北投區,北投,,1125-15
北投區,關渡,一,181,北投區,北投,,1125-9
北投區,關渡,一,182,北投區,北投,,1125-18
北投區,關渡,一,183,北投區,北投,,1125-24
北投區,關渡,一,184,北投區,北投,,1125-25
北投區,關渡,一,185,北投區,北投,,1125-19
北投區,關渡,一,186,北投區,北投,,1125-20
北投區,關渡,一,187,北投區,北投,,1125-26
北投區,關渡,一,188,北投區,北投,,1125-27
北投區,關渡,一,189,北投區,北投,,1125-21
北投區,關渡,一,19,北投區,北投,,1140-3
北投區,關渡,一,190,北投區,北投,,1125-22
北投區,關渡,一,191,北投區,北投,,1125-28
北投區,關渡,一,192,北投區,北投,,1125-29
北投區,關渡,一,193,北投區,北投,,1125-23
北投區,關渡,一,194,北投區,北投,,1125
北投區,關渡,一,195,北投區,北投,,1125-1
北投區,關渡,一,196,北投區,北投,,1124-2
北投區,關渡,一,197,北投區,北投,,1124
北投區,關渡,一,198,北投區,北投,,1126
北投區,關渡,一,199,北投區,北投,,1135-4
北投區,關渡,一,2,北投區,北投,,1023-22
北投區,關渡,一,20,北投區,北投,,1141
北投區,關渡,一,200,北投區,北投,,1127-3
北投區,關渡,一,201,北投區,北投,,1144-2
北投區,關渡,一,202,北投區,北投,,1144-7
北投區,關渡,一,203,北投區,北投,,1144-5
北投區,關渡,一,204,北投區,北投,,1144-1
北投區,關渡,一,205,北投區,北投,,1144-3
北投區,關渡,一,206,北投區,北投,,1127-2
北投區,關渡,一,207,北投區,北投,,1127-5
北投區,關渡,一,208,北投區,北投,,1127-1
北投區,關渡,一,209,北投區,北投,,1127
北投區,關渡,一,21,北投區,北投,,1139-1
北投區,關渡,一,210,北投區,北投,,1124-1
北投區,關渡,一,211,北投區,北投,,1127-4
北投區,關渡,一,212,北投區,北投,,1130-1
北投區,關渡,一,213,北投區,北投,,1144
北投區,關渡,一,214,北投區,北投,,1144-4
北投區,關渡,一,215,北投區,北投,,1145-1
北投區,關渡,一,216,北投區,北投,,1145
北投區,關渡,一,217,北投區,北投,,1146-2
北投區,關渡,一,22,北投區,北投,,1139-1
北投區,關渡,一,221,北投區,北投,,1130-1
北投區,關渡,一,222,北投區,北投,,1123
北投區,關渡,一,225,北投區,北投,,1123-4
北投區,關渡,一,228,北投區,北投,,1122-1
北投區,關渡,一,229,北投區,北投,,1122-2
北投區,關渡,一,23,北投區,北投,,1140-5
北投區,關渡,一,230,北投區,北投,,1122
北投區,關渡,一,231,北投區,北投,,1122-3
北投區,關渡,一,232,北投區,北投,,1116-4
北投區,關渡,一,233,北投區,北投,,1121-1
北投區,關渡,一,237,北投區,北投,,1120
北投區,關渡,一,24,北投區,北投,,1141-2
北投區,關渡,一,25,北投區,北投,,1133-1
北投區,關渡,一,252,北投區,北投,,1118
北投區,關渡,一,253,北投區,北投,,1103
北投區,關渡,一,254,北投區,北投,,1102
北投區,關渡,一,256,北投區,北投,,1098
北投區,關渡,一,257,北投區,北投,,1099-2
北投區,關渡,一,258,北投區,北投,,1099-1
北投區,關渡,一,259,北投區,北投,,1099
北投區,關渡,一,26,北投區,北投,,1133-2
北投區,關渡,一,261,北投區,北投,,1082
北投區,關渡,一,262,北投區,北投,,1083
北投區,關渡,一,263,北投區,北投,,1079-8
北投區,關渡,一,264,北投區,北投,,1079-6
北投區,關渡,一,265,北投區,北投,,1079-7
北投區,關渡,一,266,北投區,北投,,1079-5
北投區,關渡,一,267,北投區,北投,,1079-3
北投區,關渡,一,268,北投區,北投,,1080
北投區,關渡,一,27,北投區,北投,,1143-3
北投區,關渡,一,270,北投區,北投,,1082-1
北投區,關渡,一,271,北投區,北投,,1079
北投區,關渡,一,273,北投區,北投,,1066-1
北投區,關渡,一,274,北投區,北投,,1065
北投區,關渡,一,276,北投區,北投,,1067-1
北投區,關渡,一,277,北投區,北投,,1067
北投區,關渡,一,278,北投區,北投,,1079-4
北投區,關渡,一,279,北投區,北投,,1078
北投區,關渡,一,28,北投區,北投,,1143-2
北投區,關渡,一,280,北投區,北投,,1068
北投區,關渡,一,281,北投區,北投,,1062-1
北投區,關渡,一,282,北投區,北投,,1062
北投區,關渡,一,283,北投區,北投,,1063
北投區,關渡,一,284,北投區,北投,,1042-1
北投區,關渡,一,285,北投區,北投,,1042-1
北投區,關渡,一,286,北投區,北投,,1038
北投區,關渡,一,287,北投區,北投,,1038-1
北投區,關渡,一,288,北投區,北投,,1037
北投區,關渡,一,289,北投區,北投,,1037-1
北投區,關渡,一,29,北投區,北投,,1143
北投區,關渡,一,290,北投區,北投,,1036
北投區,關渡,一,291,北投區,北投,,1034-1
北投區,關渡,一,292,北投區,北投,,1034
北投區,關渡,一,293,北投區,北投,,1035
北投區,關渡,一,294,北投區,北投,,1035-1
北投區,關渡,一,295,北投區,北投,,1021-3
北投區,關渡,一,296,北投區,北投,,1021-1
北投區,關渡,一,297,北投區,北投,,1021
北投區,關渡,一,298,北投區,北投,,1021-2
北投區,關渡,一,299,北投區,北投,,1035-2
北投區,關渡,一,3,北投區,北投,,1028-21
北投區,關渡,一,30,北投區,北投,,1127-6
北投區,關渡,一,300,北投區,北投,,1020-1
北投區,關渡,一,301,北投區,北投,,1020
北投區,關渡,一,302,北投區,北投,,1019-1
北投區,關渡,一,303,北投區,北投,,1019
北投區,關渡,一,304,北投區,北投,,1017-5
北投區,關渡,一,305,北投區,北投,,1017-4
北投區,關渡,一,306,北投區,北投,,1017-3
北投區,關渡,一,307,北投區,北投,,1007-1
北投區,關渡,一,308,北投區,北投,,1007
北投區,關渡,一,309,北投區,北投,,1005
北投區,關渡,一,31,北投區,北投,,1128-2
北投區,關渡,一,310,北投區,北投,,1009-2
北投區,關渡,一,311,北投區,北投,,1009-1
北投區,關渡,一,311-1,北投區,北投,,1009-6
北投區,關渡,一,312,北投區,北投,,1004
北投區,關渡,一,312-1,北投區,北投,,1004-3
北投區,關渡,一,313,北投區,北投,,996-2
北投區,關渡,一,313-1,北投區,北投,,996-11
北投區,關渡,一,314,北投區,北投,,996-13
北投區,關渡,一,315,北投區,北投,,996-4
北投區,關渡,一,316,北投區,北投,,996-1
北投區,關渡,一,316-1,北投區,北投,,996-8
北投區,關渡,一,317,北投區,北投,,996-5
北投區,關渡,一,318,北投區,北投,,996-3
北投區,關渡,一,319,北投區,北投,,995-7
北投區,關渡,一,32,北投區,北投,,1128-1
北投區,關渡,一,320,北投區,北投,,995-1
北投區,關渡,一,321,北投區,北投,,995
北投區,關渡,一,322,北投區,北投,,988
北投區,關渡,一,323,北投區,北投,,987-5
北投區,關渡,一,324,北投區,北投,,987
北投區,關渡,一,325,北投區,北投,,1065-1
北投區,關渡,一,326,北投區,嗄嘮別,關渡,1
北投區,關渡,一,327,北投區,嗄嘮別,關渡,2-4
北投區,關渡,一,328,北投區,嗄嘮別,關渡,2
北投區,關渡,一,329,北投區,嗄嘮別,關渡,3
北投區,關渡,一,33,北投區,北投,,1128
北投區,關渡,一,330,北投區,嗄嘮別,關渡,5
北投區,關渡,一,331,北投區,嗄嘮別,關渡,4
北投區,關渡,一,332,北投區,嗄嘮別,關渡,4-1
北投區,關渡,一,333,北投區,嗄嘮別,關渡,6
北投區,關渡,一,334,北投區,嗄嘮別,關渡,7-1
北投區,關渡,一,335,北投區,嗄嘮別,關渡,7-8
北投區,關渡,一,336,北投區,嗄嘮別,關渡,7-7
北投區,關渡,一,337,北投區,嗄嘮別,關渡,7-2
北投區,關渡,一,338,北投區,嗄嘮別,關渡,7-6
北投區,關渡,一,339,北投區,嗄嘮別,關渡,7-5
北投區,關渡,一,34,北投區,北投,,1131-5
北投區,關渡,一,340,北投區,嗄嘮別,關渡,7-9
北投區,關渡,一,341,北投區,嗄嘮別,關渡,7-10
北投區,關渡,一,342,北投區,嗄嘮別,關渡,7-4
北投區,關渡,一,343,北投區,嗄嘮別,關渡,7-11
北投區,關渡,一,344,北投區,嗄嘮別,關渡,7-12
北投區,關渡,一,345,北投區,嗄嘮別,關渡,7
北投區,關渡,一,346,北投區,嗄嘮別,關渡,8-5
北投區,關渡,一,347,北投區,嗄嘮別,關渡,8-4
北投區,關渡,一,348,北投區,嗄嘮別,關渡,8-3
北投區,關渡,一,35,北投區,北投,,1131-3
北投區,關渡,一,351,北投區,嗄嘮別,關渡,8
北投區,關渡,一,352,北投區,嗄嘮別,關渡,8-15
北投區,關渡,一,357,北投區,嗄嘮別,關渡,8-10
北投區,關渡,一,358,北投區,嗄嘮別,關渡,8-9
北投區,關渡,一,359,北投區,嗄嘮別,關渡,8-7
北投區,關渡,一,36,北投區,北投,,1132-2
北投區,關渡,一,360,北投區,嗄嘮別,關渡,8-6
北投區,關渡,一,362,北投區,嗄嘮別,關渡,7-13
北投區,關渡,一,363,北投區,嗄嘮別,關渡,7-14
北投區,關渡,一,364,北投區,嗄嘮別,關渡,7-15
北投區,關渡,一,365,北投區,嗄嘮別,關渡,7-16
北投區,關渡,一,366,北投區,嗄嘮別,關渡,7-17
北投區,關渡,一,367,北投區,嗄嘮別,關渡,8-8
北投區,關渡,一,368,北投區,嗄嘮別,關渡,7-3
北投區,關渡,一,369,北投區,嗄嘮別,關渡,5-5
北投區,關渡,一,37,北投區,北投,,1133
北投區,關渡,一,370,北投區,嗄嘮別,關渡,5-1
北投區,關渡,一,371,北投區,嗄嘮別,關渡,71
北投區,關渡,一,372,北投區,嗄嘮別,關渡,71-1
北投區,關渡,一,373,北投區,嗄嘮別,關渡,72
北投區,關渡,一,374,北投區,嗄嘮別,關渡,72-1
北投區,關渡,一,375,北投區,嗄嘮別,關渡,71-2
北投區,關渡,一,376,北投區,嗄嘮別,關渡,73
北投區,關渡,一,377,北投區,嗄嘮別,關渡,72-8
北投區,關渡,一,378,北投區,嗄嘮別,關渡,73-8
北投區,關渡,一,379,北投區,嗄嘮別,關渡,73-1
北投區,關渡,一,38,北投區,北投,,1134
北投區,關渡,一,380,北投區,嗄嘮別,關渡,74-14
北投區,關渡,一,381,北投區,嗄嘮別,關渡,70
北投區,關渡,一,382,北投區,嗄嘮別,關渡,68-34
北投區,關渡,一,383,北投區,嗄嘮別,關渡,68-3
北投區,關渡,一,384,北投區,嗄嘮別,關渡,68-2
北投區,關渡,一,385,北投區,嗄嘮別,關渡,68-16
北投區,關渡,一,386,北投區,嗄嘮別,關渡,69
北投區,關渡,一,387,北投區,嗄嘮別,關渡,68-15
北投區,關渡,一,388,北投區,嗄嘮別,關渡,68-14
北投區,關渡,一,389,北投區,嗄嘮別,關渡,68-109
北投區,關渡,一,39,北投區,北投,,1132-3
北投區,關渡,一,390,北投區,嗄嘮別,關渡,68-114
北投區,關渡,一,391,北投區,嗄嘮別,關渡,70-1
北投區,關渡,一,396,北投區,嗄嘮別,關渡,67-1
北投區,關渡,一,397,北投區,嗄嘮別,關渡,67-4
北投區,關渡,一,398,北投區,嗄嘮別,關渡,67
北投區,關渡,一,399,北投區,嗄嘮別,關渡,8-17
北投區,關渡,一,4,北投區,北投,,1057-3
北投區,關渡,一,40,北投區,北投,,1132
北投區,關渡,一,400,北投區,嗄嘮別,關渡,9-2
北投區,關渡,一,401,北投區,嗄嘮別,關渡,9-1
北投區,關渡,一,402,北投區,嗄嘮別,關渡,9
北投區,關渡,一,406,北投區,嗄嘮別,關渡,12
北投區,關渡,一,408,北投區,嗄嘮別,關渡,14
北投區,關渡,一,41,北投區,北投,,1132-1
北投區,關渡,一,412,北投區,嗄嘮別,關渡,17
北投區,關渡,一,415,北投區,嗄嘮別,關渡,19
北投區,關渡,一,416,北投區,嗄嘮別,關渡,20-1
北投區,關渡,一,42,北投區,北投,,1131
北投區,關渡,一,420,北投區,嗄嘮別,關渡,20-4
北投區,關渡,一,422,北投區,嗄嘮別,關渡,31-2
北投區,關渡,一,424,北投區,嗄嘮別,關渡,32-2
北投區,關渡,一,425,北投區,嗄嘮別,關渡,34
北投區,關渡,一,429,北投區,嗄嘮別,關渡,32-1
北投區,關渡,一,43,北投區,北投,,1131-1
北投區,關渡,一,430,北投區,嗄嘮別,關渡,32
北投區,關渡,一,431,北投區,嗄嘮別,關渡,22
北投區,關渡,一,437,北投區,嗄嘮別,關渡,26
北投區,關渡,一,44,北投區,北投,,1131-2
北投區,關渡,一,444,北投區,嗄嘮別,關渡,30
北投區,關渡,一,447,北投區,嗄嘮別,關渡,31-1
北投區,關渡,一,448,北投區,嗄嘮別,關渡,63
北投區,關渡,一,45,北投區,北投,,1130
北投區,關渡,一,451,北投區,嗄嘮別,關渡,66
北投區,關渡,一,454,北投區,嗄嘮別,關渡,62
北投區,關渡,一,457,北投區,嗄嘮別,關渡,60
北投區,關渡,一,458,北投區,嗄嘮別,關渡,60-1
北投區,關渡,一,459,北投區,嗄嘮別,關渡,59
北投區,關渡,一,46,北投區,北投,,1129-1
北投區,關渡,一,460,北投區,嗄嘮別,關渡,58-3
北投區,關渡,一,464,北投區,嗄嘮別,關渡,56
北投區,關渡,一,467,北投區,嗄嘮別,關渡,55
北投區,關渡,一,468,北投區,嗄嘮別,關渡,55-2
北投區,關渡,一,469,北投區,嗄嘮別,關渡,54
北投區,關渡,一,47,北投區,北投,,1129
北投區,關渡,一,470,北投區,嗄嘮別,關渡,50-3
北投區,關渡,一,471,北投區,嗄嘮別,關渡,35
北投區,關渡,一,472,北投區,嗄嘮別,關渡,35-1
北投區,關渡,一,475,北投區,嗄嘮別,關渡,36-1
北投區,關渡,一,476,北投區,嗄嘮別,關渡,37
北投區,關渡,一,477,北投區,嗄嘮別,關渡,53-2
北投區,關渡,一,479,北投區,嗄嘮別,關渡,54-4
北投區,關渡,一,48,北投區,北投,,1135-4
北投區,關渡,一,483,北投區,嗄嘮別,關渡,54-1
北投區,關渡,一,486,北投區,嗄嘮別,關渡,54-5
北投區,關渡,一,487,北投區,嗄嘮別,關渡,55-1
北投區,關渡,一,488,北投區,嗄嘮別,關渡,148-38
北投區,關渡,一,489,北投區,嗄嘮別,關渡,49-2
北投區,關渡,一,49,北投區,北投,,1135-2
北投區,關渡,一,490,北投區,嗄嘮別,關渡,50-4
北投區,關渡,一,491,北投區,嗄嘮別,關渡,52
北投區,關渡,一,492,北投區,嗄嘮別,關渡,51
北投區,關渡,一,493,北投區,嗄嘮別,關渡,50-2
北投區,關渡,一,494,北投區,嗄嘮別,關渡,50-1
北投區,關渡,一,495,北投區,嗄嘮別,關渡,50
北投區,關渡,一,496,北投區,嗄嘮別,關渡,49
北投區,關渡,一,497,北投區,嗄嘮別,關渡,49-1
北投區,關渡,一,498,北投區,嗄嘮別,關渡,48-6
北投區,關渡,一,499,北投區,嗄嘮別,關渡,48-4
北投區,關渡,一,5,北投區,北投,,1044-5
北投區,關渡,一,50,北投區,北投,,1135-1
北投區,關渡,一,500,北投區,嗄嘮別,關渡,48-3
北投區,關渡,一,501,北投區,嗄嘮別,關渡,48-5
北投區,關渡,一,502,北投區,嗄嘮別,關渡,48-7
北投區,關渡,一,503,北投區,嗄嘮別,關渡,48-1
北投區,關渡,一,504,北投區,嗄嘮別,關渡,48
北投區,關渡,一,505,北投區,嗄嘮別,關渡,48-2
北投區,關渡,一,506,北投區,嗄嘮別,關渡,48-9
北投區,關渡,一,507,北投區,嗄嘮別,關渡,48-10
北投區,關渡,一,509,北投區,嗄嘮別,關渡,215
北投區,關渡,一,51,北投區,北投,,1135-8
北投區,關渡,一,510,北投區,嗄嘮別,關渡,47-1
北投區,關渡,一,511,北投區,嗄嘮別,關渡,47-2
北投區,關渡,一,512,北投區,嗄嘮別,關渡,47
北投區,關渡,一,513,北投區,嗄嘮別,關渡,46-2
北投區,關渡,一,514,北投區,嗄嘮別,關渡,46-1
北投區,關渡,一,515,北投區,嗄嘮別,關渡,46
北投區,關渡,一,516,北投區,嗄嘮別,關渡,45
北投區,關渡,一,517,北投區,嗄嘮別,關渡,44-1
北投區,關渡,一,518,北投區,嗄嘮別,關渡,44
北投區,關渡,一,519,北投區,嗄嘮別,關渡,43
北投區,關渡,一,52,北投區,北投,,1135-6
北投區,關渡,一,520,北投區,嗄嘮別,關渡,42
北投區,關渡,一,528,北投區,嗄嘮別,關渡,37-1
北投區,關渡,一,529,北投區,嗄嘮別,關渡,37-6
北投區,關渡,一,53,北投區,北投,,1110-2
北投區,關渡,一,530,北投區,嗄嘮別,關渡,37-4
北投區,關渡,一,531,北投區,嗄嘮別,關渡,37-3
北投區,關渡,一,532,北投區,嗄嘮別,關渡,37-5
北投區,關渡,一,536,北投區,嗄嘮別,關渡,22-1
北投區,關渡,一,537,北投區,嗄嘮別,關渡,22-4
北投區,關渡,一,538,北投區,嗄嘮別,關渡,22-5
北投區,關渡,一,539,北投區,嗄嘮別,關渡,22-20
北投區,關渡,一,54,北投區,北投,,1115-1
北投區,關渡,一,540,北投區,嗄嘮別,關渡,22-6
北投區,關渡,一,541,北投區,嗄嘮別,關渡,22-7
北投區,關渡,一,542,北投區,嗄嘮別,關渡,22-8
北投區,關渡,一,543,北投區,嗄嘮別,關渡,22-9
北投區,關渡,一,544,北投區,嗄嘮別,關渡,22-19
北投區,關渡,一,545,北投區,嗄嘮別,關渡,22-10
北投區,關渡,一,546,北投區,嗄嘮別,關渡,22-12
北投區,關渡,一,547,北投區,嗄嘮別,關渡,22-15
北投區,關渡,一,548,北投區,嗄嘮別,關渡,22-26
北投區,關渡,一,549,北投區,嗄嘮別,關渡,22-11
北投區,關渡,一,55,北投區,北投,,1115
北投區,關渡,一,550,北投區,嗄嘮別,關渡,22-27
北投區,關渡,一,551,北投區,嗄嘮別,關渡,22-28
北投區,關渡,一,552,北投區,嗄嘮別,關渡,22-29
北投區,關渡,一,553,北投區,嗄嘮別,關渡,22-13
北投區,關渡,一,554,北投區,嗄嘮別,關渡,22-23
北投區,關渡,一,555,北投區,嗄嘮別,關渡,22-30
北投區,關渡,一,556,北投區,嗄嘮別,關渡,22-22
北投區,關渡,一,557,北投區,嗄嘮別,關渡,22-21
北投區,關渡,一,558,北投區,嗄嘮別,關渡,22-14
北投區,關渡,一,559,北投區,嗄嘮別,關渡,22-25
北投區,關渡,一,56,北投區,北投,,1113-4
北投區,關渡,一,560,北投區,嗄嘮別,關渡,22-35
北投區,關渡,一,561,北投區,嗄嘮別,關渡,22-24
北投區,關渡,一,562,北投區,嗄嘮別,關渡,22-2
北投區,關渡,一,563,北投區,嗄嘮別,關渡,22-34
北投區,關渡,一,564,北投區,嗄嘮別,關渡,22-31
北投區,關渡,一,565,北投區,嗄嘮別,關渡,22-33
北投區,關渡,一,566,北投區,嗄嘮別,關渡,22-16
北投區,關渡,一,567,北投區,嗄嘮別,關渡,22-32
北投區,關渡,一,568,北投區,嗄嘮別,關渡,22-17
北投區,關渡,一,569,北投區,嗄嘮別,關渡,22-18
北投區,關渡,一,57,北投區,北投,,1113-8
北投區,關渡,一,570,北投區,嗄嘮別,關渡,22-3
北投區,關渡,一,58,北投區,北投,,1113
北投區,關渡,一,59,北投區,北投,,1106-1
北投區,關渡,一,6,北投區,北投,,1058-1
北投區,關渡,一,60,北投區,北投,,1106-2
北投區,關渡,一,61,北投區,北投,,1107-3
北投區,關渡,一,62,北投區,北投,,1107-2
北投區,關渡,一,63,北投區,北投,,1094-6
北投區,關渡,一,64,北投區,北投,,1094-7
北投區,關渡,一,65,北投區,北投,,1094-8
北投區,關渡,一,66,北投區,北投,,1094-9
北投區,關渡,一,67,北投區,北投,,1092-1
北投區,關渡,一,68,北投區,北投,,1087-1
北投區,關渡,一,69,北投區,北投,,1086
北投區,關渡,一,7,北投區,北投,,1059-10
北投區,關渡,一,70,北投區,北投,,1085
北投區,關渡,一,71,北投區,北投,,1085-1
北投區,關渡,一,72,北投區,北投,,1090-1
北投區,關渡,一,73,北投區,北投,,1077-1
北投區,關渡,一,74,北投區,北投,,1077
北投區,關渡,一,75,北投區,北投,,1072
北投區,關渡,一,76,北投區,北投,,1071
北投區,關渡,一,77,北投區,北投,,1059-9
北投區,關渡,一,78,北投區,北投,,1059-5
北投區,關渡,一,79,北投區,北投,,1060-1
北投區,關渡,一,8,北投區,北投,,1059-9
北投區,關渡,一,80,北投區,北投,,1058-1
北投區,關渡,一,81,北投區,北投,,1044-6
北投區,關渡,一,82,北投區,北投,,1044-2
北投區,關渡,一,83,北投區,北投,,1044-3
北投區,關渡,一,84,北投區,北投,,1044-4
北投區,關渡,一,85,北投區,北投,,1045-2
北投區,關渡,一,86,北投區,北投,,1045-1
北投區,關渡,一,87,北投區,北投,,1045-4
北投區,關渡,一,88,北投區,北投,,1057-3
北投區,關渡,一,89,北投區,北投,,1028-24
北投區,關渡,一,9,北投區,北投,,1072-4
北投區,關渡,一,90,北投區,北投,,1028-18
北投區,關渡,一,91,北投區,北投,,1028-4
北投區,關渡,一,92,北投區,北投,,1028-7
北投區,關渡,一,93,北投區,北投,,1028-16
北投區,關渡,一,94,北投區,北投,,1028-15
北投區,關渡,一,95,北投區,北投,,1023-2
北投區,關渡,一,96,北投區,北投,,1023-6
北投區,關渡,一,97,北投區,北投,,1023-26
北投區,關渡,一,98,北投區,北投,,1023-24
北投區,關渡,一,99,北投區,北投,,1015-2
北投區,關渡,一,99-1,北投區,北投,,1015-19
北投區,關渡,三,1,北投區,嗄嘮別,關渡,95-1
北投區,關渡,三,10,北投區,嗄嘮別,關渡,96-17
北投區,關渡,三,100,北投區,嗄嘮別,關渡,127-70
北投區,關渡,三,101,北投區,嗄嘮別,關渡,127-69
北投區,關渡,三,102,北投區,嗄嘮別,關渡,127-68
北投區,關渡,三,103,北投區,嗄嘮別,關渡,127-63
北投區,關渡,三,104,北投區,嗄嘮別,關渡,127-62
北投區,關渡,三,105,北投區,嗄嘮別,關渡,116-5
北投區,關渡,三,106,北投區,嗄嘮別,關渡,116
北投區,關渡,三,107,北投區,嗄嘮別,關渡,127-64
北投區,關渡,三,108,北投區,嗄嘮別,關渡,116-3
北投區,關渡,三,109,北投區,嗄嘮別,關渡,125-11
北投區,關渡,三,110,北投區,嗄嘮別,關渡,127-66
北投區,關渡,三,111,北投區,嗄嘮別,關渡,127-23
北投區,關渡,三,112,北投區,嗄嘮別,關渡,127-23
北投區,關渡,三,113,北投區,嗄嘮別,關渡,127-23
北投區,關渡,三,114,北投區,嗄嘮別,關渡,127-99
北投區,關渡,三,115,北投區,嗄嘮別,關渡,127-98
北投區,關渡,三,116,北投區,嗄嘮別,關渡,127-93
北投區,關渡,三,117,北投區,嗄嘮別,關渡,127-92
北投區,關渡,三,118,北投區,嗄嘮別,關渡,127-91
北投區,關渡,三,119,北投區,嗄嘮別,關渡,127-97
北投區,關渡,三,12,北投區,嗄嘮別,關渡,96-18
北投區,關渡,三,120,北投區,嗄嘮別,關渡,127-96
北投區,關渡,三,121,北投區,嗄嘮別,關渡,127-95
北投區,關渡,三,122,北投區,嗄嘮別,關渡,127-90
北投區,關渡,三,123,北投區,嗄嘮別,關渡,127-89
北投區,關渡,三,124,北投區,嗄嘮別,關渡,127-94
北投區,關渡,三,125,北投區,嗄嘮別,關渡,127-88
北投區,關渡,三,126,北投區,嗄嘮別,關渡,127-87
北投區,關渡,三,127,北投區,嗄嘮別,關渡,125-13
北投區,關渡,三,128,北投區,嗄嘮別,關渡,127-86
北投區,關渡,三,129,北投區,嗄嘮別,關渡,127-85
北投區,關渡,三,130,北投區,嗄嘮別,關渡,125-12
北投區,關渡,三,131,北投區,嗄嘮別,關渡,124
北投區,關渡,三,132,北投區,嗄嘮別,關渡,124
北投區,關渡,三,133,北投區,嗄嘮別,關渡,125-1
北投區,關渡,三,134,北投區,嗄嘮別,關渡,125-1
北投區,關渡,三,135,北投區,嗄嘮別,關渡,125-1
北投區,關渡,三,136,北投區,嗄嘮別,關渡,125-3
北投區,關渡,三,137,北投區,嗄嘮別,關渡,125-3
北投區,關渡,三,138,北投區,嗄嘮別,關渡,125-4
北投區,關渡,三,139,北投區,嗄嘮別,關渡,125-4
北投區,關渡,三,140,北投區,嗄嘮別,關渡,125-4
北投區,關渡,三,141,北投區,嗄嘮別,關渡,125-17
北投區,關渡,三,142,北投區,嗄嘮別,關渡,126-4
北投區,關渡,三,143,北投區,嗄嘮別,關渡,126-2
北投區,關渡,三,144,北投區,嗄嘮別,關渡,125-5
北投區,關渡,三,145,北投區,嗄嘮別,關渡,125-6
北投區,關渡,三,146,北投區,嗄嘮別,關渡,126-8
北投區,關渡,三,147,北投區,嗄嘮別,關渡,126-7
北投區,關渡,三,149,北投區,嗄嘮別,關渡,126-9
北投區,關渡,三,150,北投區,嗄嘮別,關渡,126-3
北投區,關渡,三,151,北投區,嗄嘮別,關渡,126-3
北投區,關渡,三,152,北投區,嗄嘮別,關渡,126-1
北投區,關渡,三,153,北投區,嗄嘮別,關渡,126
北投區,關渡,三,154,北投區,嗄嘮別,關渡,126-6
北投區,關渡,三,156,北投區,嗄嘮別,關渡,127-100
北投區,關渡,三,157,北投區,嗄嘮別,關渡,127-28
北投區,關渡,三,158,北投區,嗄嘮別,關渡,127-27
北投區,關渡,三,159,北投區,嗄嘮別,關渡,127-30
北投區,關渡,三,160,北投區,嗄嘮別,關渡,127-29
北投區,關渡,三,161,北投區,嗄嘮別,關渡,127-56
北投區,關渡,三,162,北投區,嗄嘮別,關渡,127-57
北投區,關渡,三,163,北投區,嗄嘮別,關渡,127-31
北投區,關渡,三,164,北投區,嗄嘮別,關渡,125-7
北投區,關渡,三,164-1,北投區,嗄嘮別,關渡,125-7
北投區,關渡,三,165,北投區,嗄嘮別,關渡,125-21
北投區,關渡,三,166,北投區,嗄嘮別,關渡,125-10
北投區,關渡,三,167,北投區,嗄嘮別,關渡,146-2
北投區,關渡,三,169,北投區,嗄嘮別,關渡,146-6
北投區,關渡,三,170,北投區,嗄嘮別,關渡,146-22
北投區,關渡,三,171,北投區,嗄嘮別,關渡,147-35
北投區,關渡,三,172,北投區,嗄嘮別,關渡,147-52
北投區,關渡,三,173,北投區,嗄嘮別,關渡,147-53
北投區,關渡,三,174,北投區,嗄嘮別,關渡,147-46
北投區,關渡,三,177,北投區,嗄嘮別,關渡,144
北投區,關渡,三,178,北投區,嗄嘮別,關渡,144
北投區,關渡,三,179,北投區,嗄嘮別,關渡,128-14
北投區,關渡,三,180,北投區,嗄嘮別,關渡,128-2
北投區,關渡,三,181,北投區,嗄嘮別,關渡,140-3
北投區,關渡,三,182,北投區,嗄嘮別,關渡,140-3
北投區,關渡,三,183,北投區,嗄嘮別,關渡,140-3
北投區,關渡,三,184,北投區,嗄嘮別,關渡,140-3
北投區,關渡,三,184-1,北投區,嗄嘮別,關渡,140-3
北投區,關渡,三,185,北投區,嗄嘮別,關渡,128-4
北投區,關渡,三,186,北投區,嗄嘮別,關渡,128-3
北投區,關渡,三,187,北投區,嗄嘮別,關渡,128
北投區,關渡,三,188,北投區,嗄嘮別,關渡,129-2
北投區,關渡,三,189,北投區,嗄嘮別,關渡,128-1
北投區,關渡,三,19,北投區,嗄嘮別,關渡,96-24
北投區,關渡,三,190,北投區,嗄嘮別,關渡,128-15
北投區,關渡,三,191,北投區,嗄嘮別,關渡,127-33
北投區,關渡,三,192,北投區,嗄嘮別,關渡,127-142
北投區,關渡,三,193,北投區,嗄嘮別,關渡,127-32
北投區,關渡,三,194,北投區,嗄嘮別,關渡,127
北投區,關渡,三,195,北投區,嗄嘮別,關渡,127-1
北投區,關渡,三,197,北投區,嗄嘮別,關渡,127-55
北投區,關渡,三,198,北投區,嗄嘮別,關渡,127-13
北投區,關渡,三,199,北投區,嗄嘮別,關渡,127-21
北投區,關渡,三,2,北投區,嗄嘮別,關渡,95
北投區,關渡,三,20,北投區,嗄嘮別,關渡,96-22
北投區,關渡,三,200,北投區,嗄嘮別,關渡,129-3
北投區,關渡,三,201,北投區,嗄嘮別,關渡,129-1
北投區,關渡,三,202,北投區,嗄嘮別,關渡,129-1
北投區,關渡,三,203,北投區,嗄嘮別,關渡,129-1
北投區,關渡,三,204,北投區,嗄嘮別,關渡,129
北投區,關渡,三,205,北投區,嗄嘮別,關渡,143-1
北投區,關渡,三,206,北投區,嗄嘮別,關渡,143
北投區,關渡,三,207,北投區,嗄嘮別,關渡,142
北投區,關渡,三,208,北投區,嗄嘮別,關渡,141
北投區,關渡,三,209,北投區,嗄嘮別,關渡,140
北投區,關渡,三,21,北投區,嗄嘮別,關渡,96-20
北投區,關渡,三,210,北投區,嗄嘮別,關渡,139
北投區,關渡,三,211,北投區,嗄嘮別,關渡,137-1
北投區,關渡,三,212,北投區,嗄嘮別,關渡,137
北投區,關渡,三,213,北投區,嗄嘮別,關渡,133
北投區,關渡,三,214,北投區,嗄嘮別,關渡,133-1
北投區,關渡,三,215,北投區,嗄嘮別,關渡,130-4
北投區,關渡,三,216,北投區,嗄嘮別,關渡,130-4
北投區,關渡,三,217,北投區,嗄嘮別,關渡,130
北投區,關渡,三,218,北投區,嗄嘮別,關渡,130-1
北投區,關渡,三,219,北投區,嗄嘮別,關渡,127-14
北投區,關渡,三,220,北投區,嗄嘮別,關渡,130-2
北投區,關渡,三,225,北投區,嗄嘮別,關渡,132
北投區,關渡,三,226,北投區,嗄嘮別,關渡,155-2
北投區,關渡,三,227,北投區,嗄嘮別,關渡,132-5
北投區,關渡,三,228,北投區,嗄嘮別,關渡,132-5
北投區,關渡,三,229,北投區,嗄嘮別,關渡,131
北投區,關渡,三,230,北投區,嗄嘮別,關渡,131-6
北投區,關渡,三,231,北投區,嗄嘮別,關渡,131-6
北投區,關渡,三,232,北投區,嗄嘮別,關渡,154-1
北投區,關渡,三,233,北投區,嗄嘮別,關渡,154
北投區,關渡,三,234,北投區,嗄嘮別,關渡,134
北投區,關渡,三,235,北投區,嗄嘮別,關渡,135
北投區,關渡,三,236,北投區,嗄嘮別,關渡,135-1
北投區,關渡,三,237,北投區,嗄嘮別,關渡,136
北投區,關渡,三,238,北投區,嗄嘮別,關渡,136-1
北投區,關渡,三,239,北投區,嗄嘮別,關渡,138
北投區,關渡,三,240,北投區,嗄嘮別,關渡,152
北投區,關渡,三,241,北投區,嗄嘮別,關渡,152-1
北投區,關渡,三,242,北投區,嗄嘮別,關渡,157-1
北投區,關渡,三,243,北投區,嗄嘮別,關渡,157
北投區,關渡,三,244,北投區,嗄嘮別,關渡,147-41
北投區,關渡,三,245,北投區,嗄嘮別,關渡,158
北投區,關渡,三,246,北投區,嗄嘮別,關渡,158-1
北投區,關渡,三,247,北投區,嗄嘮別,關渡,153-1
北投區,關渡,三,248,北投區,嗄嘮別,關渡,153
北投區,關渡,三,249,北投區,嗄嘮別,關渡,156
北投區,關渡,三,250,北投區,嗄嘮別,關渡,156-1
北投區,關渡,三,251,北投區,嗄嘮別,關渡,155-4
北投區,關渡,三,251-1,北投區,嗄嘮別,關渡,155-4
北投區,關渡,三,252,北投區,嗄嘮別,關渡,155
北投區,關渡,三,253,北投區,嗄嘮別,關渡,155
北投區,關渡,三,254,北投區,嗄嘮別,關渡,155-5
北投區,關渡,三,255,北投區,嗄嘮別,關渡,155-5
北投區,關渡,三,256,北投區,嗄嘮別,關渡,155-5
北投區,關渡,三,257,北投區,嗄嘮別,關渡,155-1
北投區,關渡,三,258,北投區,嗄嘮別,關渡,159-3
北投區,關渡,三,258-1,北投區,嗄嘮別,關渡,159-3
北投區,關渡,三,259,北投區,嗄嘮別,關渡,155-3
北投區,關渡,三,26,北投區,嗄嘮別,關渡,96-31
北投區,關渡,三,260,北投區,嗄嘮別,關渡,159-2
北投區,關渡,三,27,北投區,嗄嘮別,關渡,96-35
北投區,關渡,三,271,北投區,嗄嘮別,關渡,160-11
北投區,關渡,三,277,北投區,嗄嘮別,關渡,160-6
北投區,關渡,三,277-1,北投區,嗄嘮別,關渡,160-6
北投區,關渡,三,278,北投區,嗄嘮別,關渡,160-6
北投區,關渡,三,279,北投區,嗄嘮別,關渡,163-1
北投區,關渡,三,281,北投區,嗄嘮別,關渡,163-2
北投區,關渡,三,282,北投區,嗄嘮別,關渡,163
北投區,關渡,三,283,北投區,嗄嘮別,關渡,163
北投區,關渡,三,284,北投區,嗄嘮別,關渡,160-1
北投區,關渡,三,285,北投區,嗄嘮別,關渡,160
北投區,關渡,三,286,北投區,嗄嘮別,關渡,160
北投區,關渡,三,287,北投區,嗄嘮別,關渡,160-4
北投區,關渡,三,287-1,北投區,嗄嘮別,關渡,160-4
北投區,關渡,三,288,北投區,嗄嘮別,關渡,160-4
北投區,關渡,三,289,北投區,嗄嘮別,關渡,161-1
北投區,關渡,三,290,北投區,嗄嘮別,關渡,161
北投區,關渡,三,291,北投區,嗄嘮別,關渡,162
北投區,關渡,三,292,北投區,嗄嘮別,關渡,162-1
北投區,關渡,三,293,北投區,嗄嘮別,關渡,164-1
北投區,關渡,三,294,北投區,嗄嘮別,關渡,164
北投區,關渡,三,295,北投區,嗄嘮別,關渡,49-5
北投區,關渡,三,296,北投區,嗄嘮別,關渡,49-5
北投區,關渡,三,297,北投區,嗄嘮別,關渡,49-5
北投區,關渡,三,298,北投區,嗄嘮別,關渡,49-3
北投區,關渡,三,299,北投區,嗄嘮別,關渡,165
北投區,關渡,三,3,北投區,嗄嘮別,關渡,96-37
北投區,關渡,三,30,北投區,嗄嘮別,關渡,96-27
北投區,關渡,三,301,北投區,嗄嘮別,關渡,165-2
北投區,關渡,三,302,北投區,嗄嘮別,關渡,165-3
北投區,關渡,三,303,北投區,嗄嘮別,關渡,165-4
北投區,關渡,三,304,北投區,嗄嘮別,關渡,165-1
北投區,關渡,三,305,北投區,嗄嘮別,關渡,165-5
北投區,關渡,三,306,北投區,嗄嘮別,關渡,165-5
北投區,關渡,三,308,北投區,嗄嘮別,關渡,169
北投區,關渡,三,309,北投區,嗄嘮別,關渡,169-1
北投區,關渡,三,309-1,北投區,嗄嘮別,關渡,169-1
北投區,關渡,三,310,北投區,嗄嘮別,關渡,147-47
北投區,關渡,三,311-1,北投區,嗄嘮別,關渡,147-47
北投區,關渡,三,312,北投區,嗄嘮別,關渡,147-47
北投區,關渡,三,313,北投區,嗄嘮別,關渡,49-2
北投區,關渡,三,314,北投區,嗄嘮別,關渡,185
北投區,關渡,三,315,北投區,嗄嘮別,關渡,184-1
北投區,關渡,三,316,北投區,嗄嘮別,關渡,184
北投區,關渡,三,317,北投區,嗄嘮別,關渡,180
北投區,關渡,三,318,北投區,嗄嘮別,關渡,179
北投區,關渡,三,319,北投區,嗄嘮別,關渡,175
北投區,關渡,三,320,北投區,嗄嘮別,關渡,174
北投區,關渡,三,321,北投區,嗄嘮別,關渡,173
北投區,關渡,三,323,北投區,嗄嘮別,關渡,186-1
北投區,關渡,三,324,北投區,嗄嘮別,關渡,183-1
北投區,關渡,三,325,北投區,嗄嘮別,關渡,183
北投區,關渡,三,326,北投區,嗄嘮別,關渡,181
北投區,關渡,三,327,北投區,嗄嘮別,關渡,182
北投區,關渡,三,328,北投區,嗄嘮別,關渡,182-1
北投區,關渡,三,329,北投區,嗄嘮別,關渡,178-1
北投區,關渡,三,330,北投區,嗄嘮別,關渡,214-5
北投區,關渡,三,331,北投區,嗄嘮別,關渡,214-17
北投區,關渡,三,333,北投區,嗄嘮別,關渡,178
北投區,關渡,三,334,北投區,嗄嘮別,關渡,177
北投區,關渡,三,335,北投區,嗄嘮別,關渡,176
北投區,關渡,三,336,北投區,嗄嘮別,關渡,172
北投區,關渡,三,337,北投區,嗄嘮別,關渡,171
北投區,關渡,三,339,北投區,嗄嘮別,關渡,140-3
北投區,關渡,三,339-1,北投區,嗄嘮別,關渡,140-3
北投區,關渡,三,34,北投區,嗄嘮別,關渡,96-6
北投區,關渡,三,340,北投區,嗄嘮別,關渡,168
北投區,關渡,三,340-1,北投區,嗄嘮別,關渡,168
北投區,關渡,三,341,北投區,嗄嘮別,關渡,168
北投區,關渡,三,342,北投區,嗄嘮別,關渡,168
北投區,關渡,三,343,北投區,嗄嘮別,關渡,166-8
北投區,關渡,三,344,北投區,嗄嘮別,關渡,166-21
北投區,關渡,三,345,北投區,嗄嘮別,關渡,166-20
北投區,關渡,三,346,北投區,嗄嘮別,關渡,166
北投區,關渡,三,347,北投區,嗄嘮別,關渡,166
北投區,關渡,三,348,北投區,嗄嘮別,關渡,166-22
北投區,關渡,三,349,北投區,嗄嘮別,關渡,166-17
北投區,關渡,三,35,北投區,嗄嘮別,關渡,96-33
北投區,關渡,三,350,北投區,嗄嘮別,關渡,166-6
北投區,關渡,三,355,北投區,嗄嘮別,關渡,166-19
北投區,關渡,三,356,北投區,嗄嘮別,關渡,166-19
北投區,關渡,三,357,北投區,嗄嘮別,關渡,166-2
北投區,關渡,三,358,北投區,嗄嘮別,關渡,166-2
北投區,關渡,三,359,北投區,嗄嘮別,關渡,167
北投區,關渡,三,36,北投區,嗄嘮別,關渡,96-32
北投區,關渡,三,360,北投區,嗄嘮別,關渡,167
北投區,關渡,三,361,北投區,嗄嘮別,關渡,166-3
北投區,關渡,三,363,北投區,嗄嘮別,關渡,166-3
北投區,關渡,三,365,北投區,嗄嘮別,關渡,214-10
北投區,關渡,三,368,北投區,嗄嘮別,關渡,166-4
北投區,關渡,三,369,北投區,嗄嘮別,關渡,166-12
北投區,關渡,三,37,北投區,嗄嘮別,關渡,96-3
北投區,關渡,三,370,北投區,嗄嘮別,關渡,214-13
北投區,關渡,三,371,北投區,嗄嘮別,關渡,166-11
北投區,關渡,三,372,北投區,嗄嘮別,關渡,166-10
北投區,關渡,三,373,北投區,嗄嘮別,關渡,166-9
北投區,關渡,三,374,北投區,嗄嘮別,關渡,166-9
北投區,關渡,三,375,北投區,嗄嘮別,關渡,109-166
北投區,關渡,三,377,北投區,嗄嘮別,關渡,166-15
北投區,關渡,三,39,北投區,嗄嘮別,關渡,109-10
北投區,關渡,三,394,北投區,嗄嘮別,關渡,127-40
北投區,關渡,三,396,北投區,嗄嘮別,關渡,109-169
北投區,關渡,三,397,北投區,嗄嘮別,關渡,109-3
北投區,關渡,三,4,北投區,嗄嘮別,關渡,96-39
北投區,關渡,三,40,北投區,嗄嘮別,關渡,109-194
北投區,關渡,三,41,北投區,嗄嘮別,關渡,109-118
北投區,關渡,三,414,北投區,嗄嘮別,關渡,127-36
北投區,關渡,三,415,北投區,嗄嘮別,關渡,127-35
北投區,關渡,三,416,北投區,嗄嘮別,關渡,127-34
北投區,關渡,三,417,北投區,嗄嘮別,關渡,127-58
北投區,關渡,三,42,北投區,嗄嘮別,關渡,109-116
北投區,關渡,三,421,北投區,嗄嘮別,關渡,127-140
北投區,關渡,三,422,北投區,嗄嘮別,關渡,111-2
北投區,關渡,三,424,北投區,嗄嘮別,關渡,111
北投區,關渡,三,425,北投區,嗄嘮別,關渡,111
北投區,關渡,三,427,北投區,嗄嘮別,關渡,111
北投區,關渡,三,429,北投區,嗄嘮別,關渡,109-80
北投區,關渡,三,43,北投區,嗄嘮別,關渡,109-41
北投區,關渡,三,430,北投區,嗄嘮別,關渡,109-49
北投區,關渡,三,432,北投區,嗄嘮別,關渡,107-2
北投區,關渡,三,433,北投區,嗄嘮別,關渡,109-34
北投區,關渡,三,434,北投區,嗄嘮別,關渡,109-33
北投區,關渡,三,435,北投區,嗄嘮別,關渡,107-4
北投區,關渡,三,436,北投區,嗄嘮別,關渡,107-11
北投區,關渡,三,437,北投區,嗄嘮別,關渡,106-1
北投區,關渡,三,438,北投區,嗄嘮別,關渡,106
北投區,關渡,三,439,北投區,嗄嘮別,關渡,106-3
北投區,關渡,三,44,北投區,嗄嘮別,關渡,109-196
北投區,關渡,三,440,北投區,嗄嘮別,關渡,109-32
北投區,關渡,三,441,北投區,嗄嘮別,關渡,109-32
北投區,關渡,三,442,北投區,嗄嘮別,關渡,109-15
北投區,關渡,三,443,北投區,嗄嘮別,關渡,109-15
北投區,關渡,三,444,北投區,嗄嘮別,關渡,109-15
北投區,關渡,三,445,北投區,嗄嘮別,關渡,109-15
北投區,關渡,三,446,北投區,嗄嘮別,關渡,109-31
北投區,關渡,三,447,北投區,嗄嘮別,關渡,109-31
北投區,關渡,三,449,北投區,嗄嘮別,關渡,106-15
北投區,關渡,三,45,北投區,嗄嘮別,關渡,109-126
北投區,關渡,三,452,北投區,嗄嘮別,關渡,106-14
北投區,關渡,三,453,北投區,嗄嘮別,關渡,106-14
北投區,關渡,三,454,北投區,嗄嘮別,關渡,106-5
北投區,關渡,三,455,北投區,嗄嘮別,關渡,106-7
北投區,關渡,三,456,北投區,嗄嘮別,關渡,104-5
北投區,關渡,三,457,北投區,嗄嘮別,關渡,109-151
北投區,關渡,三,458,北投區,嗄嘮別,關渡,109-150
北投區,關渡,三,459,北投區,嗄嘮別,關渡,109-149
北投區,關渡,三,46,北投區,嗄嘮別,關渡,109-43
北投區,關渡,三,460,北投區,嗄嘮別,關渡,109-148
北投區,關渡,三,464,北投區,嗄嘮別,關渡,109-54
北投區,關渡,三,465,北投區,嗄嘮別,關渡,109-225
北投區,關渡,三,466,北投區,嗄嘮別,關渡,110
北投區,關渡,三,467,北投區,嗄嘮別,關渡,109-18
北投區,關渡,三,468,北投區,嗄嘮別,關渡,109-228
北投區,關渡,三,469,北投區,嗄嘮別,關渡,109-54
北投區,關渡,三,47,北投區,嗄嘮別,關渡,109-173
北投區,關渡,三,472,北投區,嗄嘮別,關渡,109-147
北投區,關渡,三,478,北投區,嗄嘮別,關渡,109-141
北投區,關渡,三,479,北投區,嗄嘮別,關渡,109-46
北投區,關渡,三,48,北投區,嗄嘮別,關渡,109-19
北投區,關渡,三,480,北投區,嗄嘮別,關渡,109-46
北投區,關渡,三,483,北投區,嗄嘮別,關渡,98-23
北投區,關渡,三,485,北投區,嗄嘮別,關渡,98-27
北投區,關渡,三,487,北投區,嗄嘮別,關渡,98-25
北投區,關渡,三,488,北投區,嗄嘮別,關渡,98-38
北投區,關渡,三,489,北投區,嗄嘮別,關渡,98-38
北投區,關渡,三,490,北投區,嗄嘮別,關渡,98-38
北投區,關渡,三,491,北投區,嗄嘮別,關渡,98-38
北投區,關渡,三,492,北投區,嗄嘮別,關渡,98-38
北投區,關渡,三,493,北投區,嗄嘮別,關渡,98-38
北投區,關渡,三,494,北投區,嗄嘮別,關渡,98-38
北投區,關渡,三,495,北投區,嗄嘮別,關渡,98-29
北投區,關渡,三,496,北投區,嗄嘮別,關渡,98-28
北投區,關渡,三,50,北投區,嗄嘮別,關渡,127-7
北投區,關渡,三,502,北投區,嗄嘮別,關渡,109-134
北投區,關渡,三,503,北投區,嗄嘮別,關渡,109-17
北投區,關渡,三,504,北投區,嗄嘮別,關渡,109-125
北投區,關渡,三,505,北投區,嗄嘮別,關渡,109-16
北投區,關渡,三,506,北投區,嗄嘮別,關渡,109-117
北投區,關渡,三,506-1,北投區,嗄嘮別,關渡,109-200
北投區,關渡,三,507,北投區,嗄嘮別,關渡,19-199
北投區,關渡,三,508,北投區,嗄嘮別,關渡,109-255
北投區,關渡,三,509,北投區,嗄嘮別,關渡,109-137
北投區,關渡,三,510,北投區,嗄嘮別,關渡,109-111
北投區,關渡,三,511,北投區,嗄嘮別,關渡,109-198
北投區,關渡,三,512,北投區,嗄嘮別,關渡,109-115
北投區,關渡,三,513,北投區,嗄嘮別,關渡,109
北投區,關渡,三,52,北投區,嗄嘮別,關渡,127-51
北投區,關渡,三,521,北投區,嗄嘮別,關渡,109-240
北投區,關渡,三,522,北投區,嗄嘮別,關渡,109-179
北投區,關渡,三,523,北投區,嗄嘮別,關渡,109-179
北投區,關渡,三,524,北投區,嗄嘮別,關渡,109-179
北投區,關渡,三,525,北投區,嗄嘮別,關渡,109-179
北投區,關渡,三,526,北投區,嗄嘮別,關渡,109-179
北投區,關渡,三,527-1,北投區,嗄嘮別,關渡,109-108
北投區,關渡,三,528,北投區,嗄嘮別,關渡,109-108
北投區,關渡,三,530,北投區,嗄嘮別,關渡,109-109
北投區,關渡,三,531,北投區,嗄嘮別,關渡,109-107
北投區,關渡,三,532,北投區,嗄嘮別,關渡,109-110
北投區,關渡,三,533,北投區,嗄嘮別,關渡,109-110
北投區,關渡,三,534,北投區,嗄嘮別,關渡,109-99
北投區,關渡,三,535,北投區,嗄嘮別,關渡,109-192
北投區,關渡,三,536,北投區,嗄嘮別,關渡,109-100
北投區,關渡,三,537,北投區,嗄嘮別,關渡,109-100
北投區,關渡,三,538,北投區,嗄嘮別,關渡,109-191
北投區,關渡,三,539,北投區,嗄嘮別,關渡,109-86
北投區,關渡,三,540,北投區,嗄嘮別,關渡,109-40
北投區,關渡,三,541,北投區,嗄嘮別,關渡,109-82
北投區,關渡,三,542,北投區,嗄嘮別,關渡,109-247
北投區,關渡,三,543,北投區,嗄嘮別,關渡,109-11
北投區,關渡,三,544,北投區,嗄嘮別,關渡,109-11
北投區,關渡,三,545,北投區,嗄嘮別,關渡,109-11
北投區,關渡,三,546,北投區,嗄嘮別,關渡,109-11
北投區,關渡,三,547,北投區,嗄嘮別,關渡,109-85
北投區,關渡,三,548,北投區,嗄嘮別,關渡,109-85
北投區,關渡,三,549,北投區,嗄嘮別,關渡,109-84
北投區,關渡,三,550,北投區,嗄嘮別,關渡,109-102
北投區,關渡,三,551,北投區,嗄嘮別,關渡,109-101
北投區,關渡,三,552,北投區,嗄嘮別,關渡,109-248
北投區,關渡,三,554,北投區,嗄嘮別,關渡,109-103
北投區,關渡,三,556,北投區,嗄嘮別,關渡,97-6
北投區,關渡,三,557,北投區,嗄嘮別,關渡,97-6
北投區,關渡,三,558,北投區,嗄嘮別,關渡,97-8
北投區,關渡,三,559,北投區,嗄嘮別,關渡,109-231
北投區,關渡,三,559-1,北投區,嗄嘮別,關渡,109-231
北投區,關渡,三,560,北投區,嗄嘮別,關渡,109-231
北投區,關渡,三,561,北投區,嗄嘮別,關渡,109-231
北投區,關渡,三,562,北投區,嗄嘮別,關渡,97-3
北投區,關渡,三,562-1,北投區,嗄嘮別,關渡,97-3
北投區,關渡,三,563,北投區,嗄嘮別,關渡,97-3
北投區,關渡,三,564,北投區,嗄嘮別,關渡,97-7
北投區,關渡,三,564-1,北投區,嗄嘮別,關渡,97-7
北投區,關渡,三,565,北投區,嗄嘮別,關渡,109-186
北投區,關渡,三,566,北投區,嗄嘮別,關渡,109-186
北投區,關渡,三,573,北投區,嗄嘮別,關渡,101
北投區,關渡,三,574,北投區,嗄嘮別,關渡,97-2
北投區,關渡,三,575,北投區,嗄嘮別,關渡,97-2
北投區,關渡,三,576,北投區,嗄嘮別,關渡,109-12
北投區,關渡,三,577,北投區,嗄嘮別,關渡,109-106
北投區,關渡,三,578,北投區,嗄嘮別,關渡,109-185
北投區,關渡,三,579,北投區,嗄嘮別,關渡,98
北投區,關渡,三,580,北投區,嗄嘮別,關渡,98-48
北投區,關渡,三,581,北投區,嗄嘮別,關渡,98-4
北投區,關渡,三,582,北投區,嗄嘮別,關渡,98-4
北投區,關渡,三,583,北投區,嗄嘮別,關渡,99
北投區,關渡,三,584,北投區,嗄嘮別,關渡,98-34
北投區,關渡,三,584-1,北投區,嗄嘮別,關渡,98-36
北投區,關渡,三,584-2,北投區,嗄嘮別,關渡,98-37
北投區,關渡,三,585,北投區,嗄嘮別,關渡,98-3
北投區,關渡,三,586,北投區,嗄嘮別,關渡,100
北投區,關渡,三,587,北投區,嗄嘮別,關渡,109-145
北投區,關渡,三,588,北投區,嗄嘮別,關渡,104-1
北投區,關渡,三,589,北投區,嗄嘮別,關渡,109-146
北投區,關渡,三,590,北投區,嗄嘮別,關渡,98-20
北投區,關渡,三,591,北投區,嗄嘮別,關渡,106-11
北投區,關渡,三,592,北投區,嗄嘮別,關渡,103
北投區,關渡,三,593,北投區,嗄嘮別,關渡,107
北投區,關渡,三,594,北投區,嗄嘮別,關渡,109-162
北投區,關渡,三,595,北投區,嗄嘮別,關渡,214-6
北投區,關渡,三,596,北投區,嗄嘮別,關渡,214-3
北投區,關渡,三,597,北投區,嗄嘮別,關渡,107-8
北投區,關渡,三,598,北投區,嗄嘮別,關渡,214-8
北投區,關渡,三,599,北投區,嗄嘮別,關渡,183-2
北投區,關渡,三,60,北投區,嗄嘮別,關渡,127-61
北投區,關渡,三,601,北投區,嗄嘮別,關渡,186
北投區,關渡,三,602,北投區,嗄嘮別,關渡,187-1
北投區,關渡,三,604,北投區,嗄嘮別,關渡,185-1
北投區,關渡,三,605,北投區,嗄嘮別,關渡,188-1
北投區,關渡,三,606,北投區,嗄嘮別,關渡,188
北投區,關渡,三,607,北投區,嗄嘮別,關渡,190
北投區,關渡,三,608,北投區,嗄嘮別,關渡,187
北投區,關渡,三,609,北投區,嗄嘮別,關渡,201
北投區,關渡,三,610,北投區,嗄嘮別,關渡,206-1
北投區,關渡,三,612,北投區,嗄嘮別,關渡,195
北投區,關渡,三,613,北投區,嗄嘮別,關渡,196
北投區,關渡,三,614,北投區,嗄嘮別,關渡,200
北投區,關渡,三,62,北投區,嗄嘮別,關渡,109-35
北投區,關渡,三,63,北投區,嗄嘮別,關渡,127-26
北投區,關渡,三,64,北投區,嗄嘮別,關渡,127-127
北投區,關渡,三,65,北投區,嗄嘮別,關渡,127-126
北投區,關渡,三,66,北投區,嗄嘮別,關渡,127-125
北投區,關渡,三,67,北投區,嗄嘮別,關渡,127-124
北投區,關渡,三,68,北投區,嗄嘮別,關渡,127-134
北投區,關渡,三,68-1,北投區,嗄嘮別,關渡,127-123
北投區,關渡,三,69,北投區,嗄嘮別,關渡,127-122
北投區,關渡,三,70,北投區,嗄嘮別,關渡,127-121
北投區,關渡,三,71,北投區,嗄嘮別,關渡,127-120
北投區,關渡,三,72,北投區,嗄嘮別,關渡,127-119
北投區,關渡,三,73,北投區,嗄嘮別,關渡,127-118
北投區,關渡,三,74,北投區,嗄嘮別,關渡,127-117
北投區,關渡,三,75,北投區,嗄嘮別,關渡,127-10
北投區,關渡,三,78,北投區,嗄嘮別,關渡,127-22
北投區,關渡,三,8,北投區,嗄嘮別,關渡,109-92
北投區,關渡,三,80,北投區,嗄嘮別,關渡,113-3
北投區,關渡,三,82,北投區,嗄嘮別,關渡,114
北投區,關渡,三,83,北投區,嗄嘮別,關渡,115
北投區,關渡,三,84,北投區,嗄嘮別,關渡,127-65
北投區,關渡,三,85,北投區,嗄嘮別,關渡,127-67
北投區,關渡,三,86,北投區,嗄嘮別,關渡,127-75
北投區,關渡,三,87,北投區,嗄嘮別,關渡,127-76
北投區,關渡,三,88,北投區,嗄嘮別,關渡,127-77
北投區,關渡,三,89,北投區,嗄嘮別,關渡,127-78
北投區,關渡,三,9,北投區,嗄嘮別,關渡,96-16
北投區,關渡,三,90,北投區,嗄嘮別,關渡,127-79
北投區,關渡,三,91,北投區,嗄嘮別,關渡,127-80
北投區,關渡,三,92,北投區,嗄嘮別,關渡,127-81
北投區,關渡,三,93,北投區,嗄嘮別,關渡,127-82
北投區,關渡,三,94,北投區,嗄嘮別,關渡,127-83
北投區,關渡,三,95,北投區,嗄嘮別,關渡,127-84
北投區,關渡,三,96,北投區,嗄嘮別,關渡,127-74
北投區,關渡,三,97,北投區,嗄嘮別,關渡,127-73
北投區,關渡,三,98,北投區,嗄嘮別,關渡,127-72
北投區,關渡,三,99,北投區,嗄嘮別,關渡,127-71
北投區,關渡,二,1,北投區,嗄嘮別,關渡,72-8
北投區,關渡,二,100,北投區,嗄嘮別,關渡,76-8
北投區,關渡,二,105,北投區,嗄嘮別,關渡,77-56
北投區,關渡,二,106,北投區,嗄嘮別,關渡,77-55
北投區,關渡,二,107,北投區,嗄嘮別,關渡,77-28
北投區,關渡,二,108,北投區,嗄嘮別,關渡,76-12
北投區,關渡,二,109,北投區,嗄嘮別,關渡,76-13
北投區,關渡,二,110,北投區,嗄嘮別,關渡,76-14
北投區,關渡,二,111,北投區,嗄嘮別,關渡,79-27
北投區,關渡,二,112,北投區,嗄嘮別,關渡,77-54
北投區,關渡,二,113,北投區,嗄嘮別,關渡,77-53
北投區,關渡,二,114,北投區,嗄嘮別,關渡,77-26
北投區,關渡,二,115,北投區,嗄嘮別,關渡,77-25
北投區,關渡,二,116,北投區,嗄嘮別,關渡,77-52
北投區,關渡,二,117,北投區,嗄嘮別,關渡,77-51
北投區,關渡,二,118,北投區,嗄嘮別,關渡,77-24
北投區,關渡,二,119,北投區,嗄嘮別,關渡,76-15
北投區,關渡,二,120,北投區,嗄嘮別,關渡,76-16
北投區,關渡,二,121,北投區,嗄嘮別,關渡,76-17
北投區,關渡,二,122,北投區,嗄嘮別,關渡,76-22
北投區,關渡,二,123,北投區,嗄嘮別,關渡,77-23
北投區,關渡,二,124,北投區,嗄嘮別,關渡,77-50
北投區,關渡,二,125,北投區,嗄嘮別,關渡,77-50
北投區,關渡,二,126,北投區,嗄嘮別,關渡,77-49
北投區,關渡,二,129,北投區,嗄嘮別,關渡,77-48
北投區,關渡,二,13,北投區,嗄嘮別,關渡,74-7
北投區,關渡,二,130,北投區,嗄嘮別,關渡,77-21
北投區,關渡,二,133,北投區,嗄嘮別,關渡,76-10
北投區,關渡,二,14,北投區,嗄嘮別,關渡,74-26
北投區,關渡,二,141,北投區,嗄嘮別,關渡,77-43
北投區,關渡,二,142,北投區,嗄嘮別,關渡,77-1
北投區,關渡,二,143,北投區,嗄嘮別,關渡,82-34
北投區,關渡,二,145,北投區,嗄嘮別,關渡,82-29
北投區,關渡,二,146,北投區,嗄嘮別,關渡,68-141
北投區,關渡,二,147,北投區,嗄嘮別,關渡,87
北投區,關渡,二,148,北投區,嗄嘮別,關渡,89-5
北投區,關渡,二,149,北投區,嗄嘮別,關渡,89-3
北投區,關渡,二,15,北投區,嗄嘮別,關渡,74-19
北投區,關渡,二,150,北投區,嗄嘮別,關渡,89
北投區,關渡,二,151,北投區,嗄嘮別,關渡,91-3
北投區,關渡,二,154,北投區,嗄嘮別,關渡,91-6
北投區,關渡,二,155,北投區,嗄嘮別,關渡,91-8
北投區,關渡,二,156,北投區,嗄嘮別,關渡,91-9
北投區,關渡,二,157,北投區,嗄嘮別,關渡,92-1
北投區,關渡,二,159,北投區,嗄嘮別,關渡,93
北投區,關渡,二,16,北投區,嗄嘮別,關渡,74-32
北投區,關渡,二,160,北投區,嗄嘮別,關渡,93-1
北投區,關渡,二,161,北投區,嗄嘮別,關渡,94-1
北投區,關渡,二,162,北投區,嗄嘮別,關渡,94
北投區,關渡,二,163,北投區,嗄嘮別,關渡,79-21
北投區,關渡,二,164,北投區,嗄嘮別,關渡,79-26
北投區,關渡,二,165,北投區,嗄嘮別,關渡,79
北投區,關渡,二,166,北投區,嗄嘮別,關渡,82
北投區,關渡,二,167,北投區,嗄嘮別,關渡,82-27
北投區,關渡,二,168,北投區,嗄嘮別,關渡,82-28
北投區,關渡,二,169,北投區,嗄嘮別,關渡,82-32
北投區,關渡,二,17,北投區,嗄嘮別,關渡,68-18
北投區,關渡,二,170,北投區,嗄嘮別,關渡,82-3
北投區,關渡,二,171,北投區,嗄嘮別,關渡,82-4
北投區,關渡,二,172,北投區,嗄嘮別,關渡,82-5
北投區,關渡,二,173,北投區,嗄嘮別,關渡,82-6
北投區,關渡,二,174,北投區,嗄嘮別,關渡,82-7
北投區,關渡,二,175,北投區,嗄嘮別,關渡,82-8
北投區,關渡,二,176,北投區,嗄嘮別,關渡,82-9
北投區,關渡,二,177,北投區,嗄嘮別,關渡,82-10
北投區,關渡,二,178,北投區,嗄嘮別,關渡,82-11
北投區,關渡,二,179,北投區,嗄嘮別,關渡,82-21
北投區,關渡,二,18,北投區,嗄嘮別,關渡,74
北投區,關渡,二,180,北投區,嗄嘮別,關渡,82-22
北投區,關渡,二,181,北投區,嗄嘮別,關渡,82-23
北投區,關渡,二,182,北投區,嗄嘮別,關渡,82-35
北投區,關渡,二,183,北投區,嗄嘮別,關渡,82-39
北投區,關渡,二,184,北投區,嗄嘮別,關渡,78-19
北投區,關渡,二,187,北投區,嗄嘮別,關渡,79-28
北投區,關渡,二,188,北投區,嗄嘮別,關渡,79-5
北投區,關渡,二,19,北投區,嗄嘮別,關渡,74-23
北投區,關渡,二,190,北投區,嗄嘮別,關渡,78-44
北投區,關渡,二,193,北投區,嗄嘮別,關渡,78-4
北投區,關渡,二,194,北投區,嗄嘮別,關渡,78-10
北投區,關渡,二,195,北投區,嗄嘮別,關渡,79-24
北投區,關渡,二,196,北投區,嗄嘮別,關渡,78-45
北投區,關渡,二,197,北投區,嗄嘮別,關渡,78-46
北投區,關渡,二,198,北投區,嗄嘮別,關渡,78-11
北投區,關渡,二,199,北投區,嗄嘮別,關渡,79-23
北投區,關渡,二,2,北投區,嗄嘮別,關渡,73-7
北投區,關渡,二,200,北投區,嗄嘮別,關渡,79-22
北投區,關渡,二,201,北投區,嗄嘮別,關渡,78-21
北投區,關渡,二,203,北投區,嗄嘮別,關渡,79-2
北投區,關渡,二,206,北投區,嗄嘮別,關渡,79-3
北投區,關渡,二,207,北投區,嗄嘮別,關渡,79-27
北投區,關渡,二,208,北投區,嗄嘮別,關渡,79-30
北投區,關渡,二,209,北投區,嗄嘮別,關渡,79-31
北投區,關渡,二,210,北投區,嗄嘮別,關渡,79-7
北投區,關渡,二,212,北投區,嗄嘮別,關渡,78-20
北投區,關渡,二,215,北投區,嗄嘮別,關渡,78-2
北投區,關渡,二,216,北投區,嗄嘮別,關渡,78-15
北投區,關渡,二,217,北投區,嗄嘮別,關渡,78-76
北投區,關渡,二,218,北投區,嗄嘮別,關渡,78-63
北投區,關渡,二,219,北投區,嗄嘮別,關渡,78-48
北投區,關渡,二,22,北投區,嗄嘮別,關渡,75
北投區,關渡,二,220,北投區,嗄嘮別,關渡,78-16
北投區,關渡,二,221,北投區,嗄嘮別,關渡,78-13
北投區,關渡,二,222,北投區,嗄嘮別,關渡,78-18
北投區,關渡,二,223,北投區,嗄嘮別,關渡,78-61
北投區,關渡,二,224,北投區,嗄嘮別,關渡,82-36
北投區,關渡,二,225,北投區,嗄嘮別,關渡,77-2
北投區,關渡,二,226,北投區,嗄嘮別,關渡,77-30
北投區,關渡,二,227,北投區,嗄嘮別,關渡,77-3
北投區,關渡,二,228,北投區,嗄嘮別,關渡,77-31
北投區,關渡,二,229,北投區,嗄嘮別,關渡,77-4
北投區,關渡,二,230,北投區,嗄嘮別,關渡,77-32
北投區,關渡,二,231,北投區,嗄嘮別,關渡,77-5
北投區,關渡,二,232,北投區,嗄嘮別,關渡,77-33
北投區,關渡,二,233,北投區,嗄嘮別,關渡,77-6
北投區,關渡,二,234,北投區,嗄嘮別,關渡,77-34
北投區,關渡,二,235,北投區,嗄嘮別,關渡,77-7
北投區,關渡,二,236,北投區,嗄嘮別,關渡,77-35
北投區,關渡,二,237,北投區,嗄嘮別,關渡,77-8
北投區,關渡,二,238,北投區,嗄嘮別,關渡,77-36
北投區,關渡,二,239,北投區,嗄嘮別,關渡,77-9
北投區,關渡,二,24,北投區,嗄嘮別,關渡,86
北投區,關渡,二,240,北投區,嗄嘮別,關渡,77-37
北投區,關渡,二,241,北投區,嗄嘮別,關渡,77-10
北投區,關渡,二,242,北投區,嗄嘮別,關渡,77-10
北投區,關渡,二,243,北投區,嗄嘮別,關渡,77-11
北投區,關渡,二,244,北投區,嗄嘮別,關渡,77-39
北投區,關渡,二,246,北投區,嗄嘮別,關渡,77-13
北投區,關渡,二,247,北投區,嗄嘮別,關渡,77-41
北投區,關渡,二,248,北投區,嗄嘮別,關渡,77-58
北投區,關渡,二,249,北投區,嗄嘮別,關渡,78-26
北投區,關渡,二,250,北投區,嗄嘮別,關渡,78-60
北投區,關渡,二,251,北投區,嗄嘮別,關渡,78-59
北投區,關渡,二,252,北投區,嗄嘮別,關渡,78-58
北投區,關渡,二,253,北投區,嗄嘮別,關渡,78-57
北投區,關渡,二,254,北投區,嗄嘮別,關渡,78-56
北投區,關渡,二,255,北投區,嗄嘮別,關渡,78-55
北投區,關渡,二,256,北投區,嗄嘮別,關渡,78-53
北投區,關渡,二,257,北投區,嗄嘮別,關渡,78-52
北投區,關渡,二,258,北投區,嗄嘮別,關渡,78-51
北投區,關渡,二,259,北投區,嗄嘮別,關渡,78-50
北投區,關渡,二,260,北投區,嗄嘮別,關渡,78-49
北投區,關渡,二,261,北投區,嗄嘮別,關渡,78
北投區,關渡,二,262,北投區,嗄嘮別,關渡,78
北投區,關渡,二,263,北投區,嗄嘮別,關渡,79-16
北投區,關渡,二,264,北投區,嗄嘮別,關渡,79-16
北投區,關渡,二,265,北投區,嗄嘮別,關渡,78-12
北投區,關渡,二,266,北投區,嗄嘮別,關渡,79-8
北投區,關渡,二,267,北投區,嗄嘮別,關渡,79-33
北投區,關渡,二,268,北投區,嗄嘮別,關渡,79-32
北投區,關渡,二,269,北投區,嗄嘮別,關渡,79-9
北投區,關渡,二,270,北投區,嗄嘮別,關渡,79-9
北投區,關渡,二,271,北投區,嗄嘮別,關渡,79-34
北投區,關渡,二,273,北投區,嗄嘮別,關渡,79-36
北投區,關渡,二,274,北投區,嗄嘮別,關渡,79-52
北投區,關渡,二,275,北投區,嗄嘮別,關渡,79-54
北投區,關渡,二,278,北投區,嗄嘮別,關渡,79-35
北投區,關渡,二,279,北投區,嗄嘮別,關渡,79-37
北投區,關渡,二,280,北投區,嗄嘮別,關渡,79-12
北投區,關渡,二,281,北投區,嗄嘮別,關渡,78-7
北投區,關渡,二,282,北投區,嗄嘮別,關渡,79-38
北投區,關渡,二,283,北投區,嗄嘮別,關渡,79-11
北投區,關渡,二,284,北投區,嗄嘮別,關渡,78-6
北投區,關渡,二,285,北投區,嗄嘮別,關渡,78-22
北投區,關渡,二,286,北投區,嗄嘮別,關渡,79-14
北投區,關渡,二,287,北投區,嗄嘮別,關渡,79-47
北投區,關渡,二,288,北投區,嗄嘮別,關渡,79-13
北投區,關渡,二,289,北投區,嗄嘮別,關渡,79-39
北投區,關渡,二,290,北投區,嗄嘮別,關渡,79-15
北投區,關渡,二,291,北投區,嗄嘮別,關渡,79-40
北投區,關渡,二,294,北投區,嗄嘮別,關渡,78-5
北投區,關渡,二,298,北投區,嗄嘮別,關渡,79-45
北投區,關渡,二,3,北投區,嗄嘮別,關渡,73-11
北投區,關渡,二,3-1,北投區,嗄嘮別,關渡,73-31
北投區,關渡,二,30,北投區,嗄嘮別,關渡,68-141
北投區,關渡,二,302,北投區,嗄嘮別,關渡,120-5
北投區,關渡,二,303,北投區,嗄嘮別,關渡,119
北投區,關渡,二,304,北投區,嗄嘮別,關渡,118
北投區,關渡,二,305,北投區,嗄嘮別,關渡,117
北投區,關渡,二,306,北投區,嗄嘮別,關渡,117-1
北投區,關渡,二,307,北投區,嗄嘮別,關渡,119-2
北投區,關渡,二,309,北投區,嗄嘮別,關渡,120-3
北投區,關渡,二,309-1,北投區,嗄嘮別,關渡,120-3
北投區,關渡,二,31,北投區,嗄嘮別,關渡,82-44
北投區,關渡,二,310,北投區,嗄嘮別,關渡,120-2
北投區,關渡,二,311,北投區,嗄嘮別,關渡,120
北投區,關渡,二,313,北投區,嗄嘮別,關渡,123-21
北投區,關渡,二,314,北投區,嗄嘮別,關渡,120-9
北投區,關渡,二,315,北投區,嗄嘮別,關渡,123-3
北投區,關渡,二,316,北投區,嗄嘮別,關渡,123-3
北投區,關渡,二,317,北投區,嗄嘮別,關渡,120-1
北投區,關渡,二,317-1,北投區,嗄嘮別,關渡,120-8
北投區,關渡,二,318,北投區,嗄嘮別,關渡,120-4
北投區,關渡,二,319,北投區,嗄嘮別,關渡,123-15
北投區,關渡,二,32,北投區,嗄嘮別,關渡,82-45
北投區,關渡,二,320,北投區,嗄嘮別,關渡,123-5
北投區,關渡,二,321,北投區,嗄嘮別,關渡,123-14
北投區,關渡,二,322,北投區,嗄嘮別,關渡,123-4
北投區,關渡,二,323,北投區,嗄嘮別,關渡,123-13
北投區,關渡,二,324,北投區,嗄嘮別,關渡,123-2
北投區,關渡,二,325,北投區,嗄嘮別,關渡,121-1
北投區,關渡,二,326,北投區,嗄嘮別,關渡,121
北投區,關渡,二,327,北投區,嗄嘮別,關渡,140-4
北投區,關渡,二,33,北投區,嗄嘮別,關渡,82-42
北投區,關渡,二,330,北投區,嗄嘮別,關渡,122
北投區,關渡,二,331,北投區,嗄嘮別,關渡,123-22
北投區,關渡,二,332,北投區,嗄嘮別,關渡,123
北投區,關渡,二,333,北投區,嗄嘮別,關渡,123-23
北投區,關渡,二,335,北投區,嗄嘮別,關渡,140-3
北投區,關渡,二,335-1,北投區,嗄嘮別,關渡,140-3
北投區,關渡,二,335-2,北投區,嗄嘮別,關渡,140-3
北投區,關渡,二,336,北投區,嗄嘮別,關渡,95-6
北投區,關渡,二,337,北投區,嗄嘮別,關渡,95-6
北投區,關渡,二,338,北投區,嗄嘮別,關渡,95-7
北投區,關渡,二,339,北投區,嗄嘮別,關渡,96-15
北投區,關渡,二,34,北投區,嗄嘮別,關渡,82-41
北投區,關渡,二,340,北投區,嗄嘮別,關渡,96-23
北投區,關渡,二,341,北投區,嗄嘮別,關渡,96-24
北投區,關渡,二,342,北投區,嗄嘮別,關渡,96-28
北投區,關渡,二,343,北投區,嗄嘮別,關渡,96-29
北投區,關渡,二,344,北投區,嗄嘮別,關渡,112-1
北投區,關渡,二,345,北投區,嗄嘮別,關渡,112
北投區,關渡,二,346,北投區,嗄嘮別,關渡,113-2
北投區,關渡,二,347,北投區,嗄嘮別,關渡,114-1
北投區,關渡,二,348,北投區,嗄嘮別,關渡,115-1
北投區,關渡,二,349,北投區,嗄嘮別,關渡,116-1
北投區,關渡,二,35,北投區,嗄嘮別,關渡,82-43
北投區,關渡,二,350,北投區,嗄嘮別,關渡,116-1
北投區,關渡,二,351,北投區,嗄嘮別,關渡,116-2
北投區,關渡,二,352,北投區,嗄嘮別,關渡,125-14
北投區,關渡,二,354,北投區,嗄嘮別,關渡,124-1
北投區,關渡,二,355,北投區,嗄嘮別,關渡,125-16
北投區,關渡,二,356,北投區,嗄嘮別,關渡,125-18
北投區,關渡,二,357,北投區,嗄嘮別,關渡,125-19
北投區,關渡,二,358,北投區,嗄嘮別,關渡,125-7
北投區,關渡,二,359,北投區,嗄嘮別,關渡,125-20
北投區,關渡,二,359-1,北投區,嗄嘮別,關渡,125-20
北投區,關渡,二,36,北投區,嗄嘮別,關渡,82-1
北投區,關渡,二,360,北投區,嗄嘮別,關渡,140-3
北投區,關渡,二,361,北投區,嗄嘮別,關渡,123-19
北投區,關渡,二,362,北投區,嗄嘮別,關渡,123-10
北投區,關渡,二,363,北投區,嗄嘮別,關渡,123-1
北投區,關渡,二,364,北投區,嗄嘮別,關渡,123-26
北投區,關渡,二,366,北投區,嗄嘮別,關渡,123-17
北投區,關渡,二,367,北投區,嗄嘮別,關渡,123-16
北投區,關渡,二,368,北投區,嗄嘮別,關渡,123-9
北投區,關渡,二,369,北投區,嗄嘮別,關渡,146-1
北投區,關渡,二,370,北投區,嗄嘮別,關渡,146-11
北投區,關渡,二,371,北投區,嗄嘮別,關渡,122-4
北投區,關渡,二,372,北投區,嗄嘮別,關渡,122-3
北投區,關渡,二,373,北投區,嗄嘮別,關渡,122-1
北投區,關渡,二,375,北投區,嗄嘮別,關渡,122-2
北投區,關渡,二,376,北投區,嗄嘮別,關渡,77-57
北投區,關渡,二,378,北投區,嗄嘮別,關渡,68-55
北投區,關渡,二,379,北投區,嗄嘮別,關渡,68-57
北投區,關渡,二,38,北投區,嗄嘮別,關渡,83-3
北投區,關渡,二,380,北投區,嗄嘮別,關渡,68-56
北投區,關渡,二,381,北投區,嗄嘮別,關渡,68-62
北投區,關渡,二,382,北投區,嗄嘮別,關渡,68-63
北投區,關渡,二,383,北投區,嗄嘮別,關渡,68-58
北投區,關渡,二,384,北投區,嗄嘮別,關渡,68-59
北投區,關渡,二,385,北投區,嗄嘮別,關渡,68-60
北投區,關渡,二,386,北投區,嗄嘮別,關渡,68-69
北投區,關渡,二,387,北投區,嗄嘮別,關渡,68-70
北投區,關渡,二,388,北投區,嗄嘮別,關渡,68-71
北投區,關渡,二,389,北投區,嗄嘮別,關渡,68-72
北投區,關渡,二,39,北投區,嗄嘮別,關渡,75-1
北投區,關渡,二,390,北投區,嗄嘮別,關渡,68-73
北投區,關渡,二,393,北投區,嗄嘮別,關渡,68-70
北投區,關渡,二,394,北投區,嗄嘮別,關渡,68-75
北投區,關渡,二,397,北投區,嗄嘮別,關渡,68-70
北投區,關渡,二,398,北投區,嗄嘮別,關渡,68-9
北投區,關渡,二,399,北投區,嗄嘮別,關渡,68-77
北投區,關渡,二,4,北投區,嗄嘮別,關渡,73-11
北投區,關渡,二,403,北投區,嗄嘮別,關渡,68-136
北投區,關渡,二,404,北投區,嗄嘮別,關渡,68-8
北投區,關渡,二,405,北投區,嗄嘮別,關渡,68-137
北投區,關渡,二,405-1,北投區,嗄嘮別,關渡,68-138
北投區,關渡,二,407,北投區,嗄嘮別,關渡,68-140
北投區,關渡,二,410,北投區,嗄嘮別,關渡,68-80
北投區,關渡,二,412,北投區,嗄嘮別,關渡,68-79
北投區,關渡,二,414,北投區,嗄嘮別,關渡,68-84
北投區,關渡,二,417,北投區,嗄嘮別,關渡,68-86
北投區,關渡,二,418,北投區,嗄嘮別,關渡,68-87
北投區,關渡,二,419,北投區,嗄嘮別,關渡,68-86
北投區,關渡,二,42,北投區,嗄嘮別,關渡,82-46
北投區,關渡,二,423,北投區,嗄嘮別,關渡,68-92
北投區,關渡,二,425,北投區,嗄嘮別,關渡,68-91
北投區,關渡,二,426,北投區,嗄嘮別,關渡,68-89
北投區,關渡,二,428,北投區,嗄嘮別,關渡,68-88
北投區,關渡,二,429,北投區,嗄嘮別,關渡,68-129
北投區,關渡,二,430,北投區,嗄嘮別,關渡,68-128
北投區,關渡,二,431,北投區,嗄嘮別,關渡,68-94
北投區,關渡,二,432,北投區,嗄嘮別,關渡,68-95
北投區,關渡,二,433,北投區,嗄嘮別,關渡,68-108
北投區,關渡,二,434,北投區,嗄嘮別,關渡,68-107
北投區,關渡,二,435,北投區,嗄嘮別,關渡,68-106
北投區,關渡,二,436,北投區,嗄嘮別,關渡,68-105
北投區,關渡,二,440,北投區,嗄嘮別,關渡,68-107
北投區,關渡,二,443,北投區,嗄嘮別,關渡,68-116
北投區,關渡,二,445,北投區,嗄嘮別,關渡,68-117
北投區,關渡,二,446,北投區,嗄嘮別,關渡,68-115
北投區,關渡,二,447,北投區,嗄嘮別,關渡,68-126
北投區,關渡,二,448,北投區,嗄嘮別,關渡,68-127
北投區,關渡,二,449,北投區,嗄嘮別,關渡,68-119
北投區,關渡,二,45,北投區,嗄嘮別,關渡,76-4
北投區,關渡,二,450,北投區,嗄嘮別,關渡,68-120
北投區,關渡,二,455,北投區,嗄嘮別,關渡,68-123
北投區,關渡,二,457,北投區,嗄嘮別,關渡,147-12
北投區,關渡,二,459,北投區,嗄嘮別,關渡,147-17
北投區,關渡,二,460,北投區,嗄嘮別,關渡,147-16
北投區,關渡,二,464,北投區,嗄嘮別,關渡,147-18
北投區,關渡,二,465,北投區,嗄嘮別,關渡,147-15
北投區,關渡,二,47,北投區,嗄嘮別,關渡,68-161
北投區,關渡,二,471,北投區,嗄嘮別,關渡,147-27
北投區,關渡,二,472,北投區,嗄嘮別,關渡,147-21
北投區,關渡,二,475,北投區,嗄嘮別,關渡,147-1
北投區,關渡,二,477,北投區,嗄嘮別,關渡,147-8
北投區,關渡,二,479,北投區,嗄嘮別,關渡,147-24
北投區,關渡,二,48,北投區,嗄嘮別,關渡,76
北投區,關渡,二,482,北投區,嗄嘮別,關渡,147-30
北投區,關渡,二,483,北投區,嗄嘮別,關渡,147-29
北投區,關渡,二,485,北投區,嗄嘮別,關渡,147-44
北投區,關渡,二,486,北投區,嗄嘮別,關渡,147-7
北投區,關渡,二,487,北投區,嗄嘮別,關渡,147-28
北投區,關渡,二,489,北投區,嗄嘮別,關渡,146-4
北投區,關渡,二,49,北投區,嗄嘮別,關渡,76
北投區,關渡,二,490,北投區,嗄嘮別,關渡,146-5
北投區,關渡,二,491,北投區,嗄嘮別,關渡,147-33
北投區,關渡,二,492,北投區,嗄嘮別,關渡,147-32
北投區,關渡,二,495,北投區,嗄嘮別,關渡,147-36
北投區,關渡,二,496-1,北投區,嗄嘮別,關渡,147-2
北投區,關渡,二,497,北投區,嗄嘮別,關渡,147-49
北投區,關渡,二,497-1,北投區,嗄嘮別,關渡,147-49
北投區,關渡,二,498,北投區,嗄嘮別,關渡,147-47
北投區,關渡,二,499,北投區,嗄嘮別,關渡,147-45
北投區,關渡,二,50,北投區,嗄嘮別,關渡,68-159
北投區,關渡,二,500,北投區,嗄嘮別,關渡,49-6
北投區,關渡,二,500-1,北投區,嗄嘮別,關渡,148-49
北投區,關渡,二,500-2,北投區,嗄嘮別,關渡,49-6
北投區,關渡,二,500-3,北投區,嗄嘮別,關渡,49-6
北投區,關渡,二,500-4,北投區,嗄嘮別,關渡,49-6
北投區,關渡,二,500-5,北投區,嗄嘮別,關渡,148-49
北投區,關渡,二,500-6,北投區,嗄嘮別,關渡,148-49
北投區,關渡,二,501,北投區,嗄嘮別,關渡,148-48
北投區,關渡,二,502,北投區,嗄嘮別,關渡,148-37
北投區,關渡,二,504,北投區,嗄嘮別,關渡,148-17
北投區,關渡,二,505,北投區,嗄嘮別,關渡,148-16
北投區,關渡,二,506,北投區,嗄嘮別,關渡,148-15
北投區,關渡,二,507,北投區,嗄嘮別,關渡,148-14
北投區,關渡,二,508,北投區,嗄嘮別,關渡,148-25
北投區,關渡,二,509,北投區,嗄嘮別,關渡,148-2
北投區,關渡,二,51,北投區,嗄嘮別,關渡,68-5
北投區,關渡,二,510,北投區,嗄嘮別,關渡,148-22
北投區,關渡,二,512,北投區,嗄嘮別,關渡,148-32
北投區,關渡,二,513,北投區,嗄嘮別,關渡,148-24
北投區,關渡,二,514,北投區,嗄嘮別,關渡,148-31
北投區,關渡,二,515,北投區,嗄嘮別,關渡,148-9
北投區,關渡,二,516,北投區,嗄嘮別,關渡,148-6
北投區,關渡,二,517,北投區,嗄嘮別,關渡,148-8
北投區,關渡,二,518,北投區,嗄嘮別,關渡,148-10
北投區,關渡,二,519,北投區,嗄嘮別,關渡,148-11
北投區,關渡,二,52,北投區,嗄嘮別,關渡,68-163
北投區,關渡,二,520,北投區,嗄嘮別,關渡,148-13
北投區,關渡,二,522,北投區,嗄嘮別,關渡,148
北投區,關渡,二,53,北投區,嗄嘮別,關渡,0-68
北投區,關渡,二,533,北投區,嗄嘮別,關渡,150-41
北投區,關渡,二,534,北投區,嗄嘮別,關渡,149-10
北投區,關渡,二,535,北投區,嗄嘮別,關渡,149-27
北投區,關渡,二,536,北投區,嗄嘮別,關渡,148-52
北投區,關渡,二,537,北投區,嗄嘮別,關渡,148-5
北投區,關渡,二,538,北投區,嗄嘮別,關渡,149-3
北投區,關渡,二,538-1,北投區,嗄嘮別,關渡,149-3
北投區,關渡,二,539,北投區,嗄嘮別,關渡,149-8
北投區,關渡,二,54,北投區,嗄嘮別,關渡,0-74
北投區,關渡,二,540,北投區,嗄嘮別,關渡,149-30
北投區,關渡,二,542,北投區,嗄嘮別,關渡,149-9
北投區,關渡,二,543,北投區,嗄嘮別,關渡,149-18
北投區,關渡,二,544,北投區,嗄嘮別,關渡,149-5
北投區,關渡,二,545,北投區,嗄嘮別,關渡,149-12
北投區,關渡,二,546,北投區,嗄嘮別,關渡,149-26
北投區,關渡,二,547,北投區,嗄嘮別,關渡,149-22
北投區,關渡,二,548,北投區,嗄嘮別,關渡,149-21
北投區,關渡,二,549,北投區,嗄嘮別,關渡,149-25
北投區,關渡,二,55,北投區,嗄嘮別,關渡,74-9
北投區,關渡,二,550,北投區,嗄嘮別,關渡,149-24
北投區,關渡,二,551,北投區,嗄嘮別,關渡,149-20
北投區,關渡,二,552,北投區,嗄嘮別,關渡,149-11
北投區,關渡,二,553,北投區,嗄嘮別,關渡,149-23
北投區,關渡,二,554,北投區,嗄嘮別,關渡,150-2
北投區,關渡,二,555,北投區,嗄嘮別,關渡,150-48
北投區,關渡,二,556,北投區,嗄嘮別,關渡,150-47
北投區,關渡,二,557,北投區,嗄嘮別,關渡,150-1
北投區,關渡,二,558,北投區,嗄嘮別,關渡,150-80
北投區,關渡,二,559,北投區,嗄嘮別,關渡,150-46
北投區,關渡,二,56,北投區,嗄嘮別,關渡,68-27
北投區,關渡,二,560,北投區,嗄嘮別,關渡,150-79
北投區,關渡,二,561,北投區,嗄嘮別,關渡,150
北投區,關渡,二,563,北投區,嗄嘮別,關渡,148-47
北投區,關渡,二,563-1,北投區,嗄嘮別,關渡,148-41
北投區,關渡,二,563-2,北投區,嗄嘮別,關渡,148-41
北投區,關渡,二,563-3,北投區,嗄嘮別,關渡,148-41
北投區,關渡,二,563-4,北投區,嗄嘮別,關渡,148-41
北投區,關渡,二,563-5,北投區,嗄嘮別,關渡,148-41
北投區,關渡,二,563-6,北投區,嗄嘮別,關渡,148-47
北投區,關渡,二,563-7,北投區,嗄嘮別,關渡,148-47
北投區,關渡,二,564,北投區,嗄嘮別,關渡,150-6
北投區,關渡,二,565,北投區,嗄嘮別,關渡,150-49
北投區,關渡,二,566,北投區,嗄嘮別,關渡,150-5
北投區,關渡,二,567,北投區,嗄嘮別,關渡,150-68
北投區,關渡,二,568,北投區,嗄嘮別,關渡,150-82
北投區,關渡,二,569,北投區,嗄嘮別,關渡,150-83
北投區,關渡,二,570,北投區,嗄嘮別,關渡,150-4
北投區,關渡,二,571,北投區,嗄嘮別,關渡,150-69
北投區,關渡,二,572,北投區,嗄嘮別,關渡,150-3
北投區,關渡,二,573,北投區,嗄嘮別,關渡,150-70
北投區,關渡,二,574,北投區,嗄嘮別,關渡,150-40
北投區,關渡,二,575,北投區,嗄嘮別,關渡,150-66
北投區,關渡,二,576,北投區,嗄嘮別,關渡,150-39
北投區,關渡,二,577,北投區,嗄嘮別,關渡,150-65
北投區,關渡,二,578,北投區,嗄嘮別,關渡,150-64
北投區,關渡,二,585,北投區,嗄嘮別,關渡,150-36
北投區,關渡,二,586,北投區,嗄嘮別,關渡,150-35
北投區,關渡,二,588,北投區,嗄嘮別,關渡,150-73
北投區,關渡,二,589,北投區,嗄嘮別,關渡,150-72
北投區,關渡,二,590,北投區,嗄嘮別,關渡,150-65
北投區,關渡,二,591,北投區,嗄嘮別,關渡,150-34
北投區,關渡,二,592,北投區,嗄嘮別,關渡,151-88
北投區,關渡,二,593,北投區,嗄嘮別,關渡,150-33
北投區,關渡,二,594,北投區,嗄嘮別,關渡,151-21
北投區,關渡,二,595,北投區,嗄嘮別,關渡,150-32
北投區,關渡,二,596,北投區,嗄嘮別,關渡,151-120
北投區,關渡,二,597,北投區,嗄嘮別,關渡,150-31
北投區,關渡,二,598,北投區,嗄嘮別,關渡,150-61
北投區,關渡,二,599,北投區,嗄嘮別,關渡,150-30
北投區,關渡,二,60,北投區,嗄嘮別,關渡,68-25
北投區,關渡,二,600,北投區,嗄嘮別,關渡,150-60
北投區,關渡,二,601,北投區,嗄嘮別,關渡,150-29
北投區,關渡,二,603,北投區,嗄嘮別,關渡,150-27
北投區,關渡,二,609,北投區,嗄嘮別,關渡,150-21
北投區,關渡,二,61,北投區,嗄嘮別,關渡,68-26
北投區,關渡,二,610,北投區,嗄嘮別,關渡,150-56
北投區,關渡,二,611,北投區,嗄嘮別,關渡,150-18
北投區,關渡,二,612,北投區,嗄嘮別,關渡,150-55
北投區,關渡,二,613,北投區,嗄嘮別,關渡,150-17
北投區,關渡,二,614,北投區,嗄嘮別,關渡,150-54
北投區,關渡,二,615,北投區,嗄嘮別,關渡,150-13
北投區,關渡,二,616,北投區,嗄嘮別,關渡,150-53
北投區,關渡,二,617,北投區,嗄嘮別,關渡,150-12
北投區,關渡,二,618,北投區,嗄嘮別,關渡,150-52
北投區,關渡,二,619,北投區,嗄嘮別,關渡,150-11
北投區,關渡,二,62,北投區,嗄嘮別,關渡,74-12
北投區,關渡,二,620,北投區,嗄嘮別,關渡,150-51
北投區,關渡,二,621,北投區,嗄嘮別,關渡,150-7
北投區,關渡,二,622,北投區,嗄嘮別,關渡,150-50
北投區,關渡,二,623,北投區,嗄嘮別,關渡,150-43
北投區,關渡,二,624,北投區,嗄嘮別,關渡,151-107
北投區,關渡,二,625,北投區,嗄嘮別,關渡,150-8
北投區,關渡,二,626,北投區,嗄嘮別,關渡,151-89
北投區,關渡,二,627,北投區,嗄嘮別,關渡,150-9
北投區,關渡,二,628,北投區,嗄嘮別,關渡,151-6
北投區,關渡,二,629,北投區,嗄嘮別,關渡,150-10
北投區,關渡,二,63,北投區,嗄嘮別,關渡,74-10
北投區,關渡,二,630,北投區,嗄嘮別,關渡,150-74
北投區,關渡,二,631,北投區,嗄嘮別,關渡,150-14
北投區,關渡,二,632,北投區,嗄嘮別,關渡,151-8
北投區,關渡,二,633,北投區,嗄嘮別,關渡,150-15
北投區,關渡,二,634,北投區,嗄嘮別,關渡,151-111
北投區,關渡,二,635,北投區,嗄嘮別,關渡,150-16
北投區,關渡,二,636,北投區,嗄嘮別,關渡,151-112
北投區,關渡,二,637,北投區,嗄嘮別,關渡,150-19
北投區,關渡,二,638,北投區,嗄嘮別,關渡,151-113
北投區,關渡,二,639,北投區,嗄嘮別,關渡,150-20
北投區,關渡,二,64,北投區,嗄嘮別,關渡,68-167
北投區,關渡,二,640,北投區,嗄嘮別,關渡,151-114
北投區,關渡,二,641,北投區,嗄嘮別,關渡,150-23
北投區,關渡,二,642,北投區,嗄嘮別,關渡,151-115
北投區,關渡,二,643,北投區,嗄嘮別,關渡,150-24
北投區,關渡,二,644,北投區,嗄嘮別,關渡,151-116
北投區,關渡,二,645,北投區,嗄嘮別,關渡,150-25
北投區,關渡,二,646,北投區,嗄嘮別,關渡,151-117
北投區,關渡,二,647,北投區,嗄嘮別,關渡,150-28
北投區,關渡,二,648,北投區,嗄嘮別,關渡,151-118
北投區,關渡,二,649,北投區,嗄嘮別,關渡,151
北投區,關渡,二,650,北投區,嗄嘮別,關渡,151-63
北投區,關渡,二,651,北投區,嗄嘮別,關渡,151-4
北投區,關渡,二,652,北投區,嗄嘮別,關渡,151-91
北投區,關渡,二,653,北投區,嗄嘮別,關渡,151-142
北投區,關渡,二,654,北投區,嗄嘮別,關渡,151-92
北投區,關渡,二,655,北投區,嗄嘮別,關渡,151-109
北投區,關渡,二,656,北投區,嗄嘮別,關渡,151-1
北投區,關渡,二,657,北投區,嗄嘮別,關渡,151-143
北投區,關渡,二,658,北投區,嗄嘮別,關渡,151-61
北投區,關渡,二,659,北投區,嗄嘮別,關渡,151-144
北投區,關渡,二,66,北投區,嗄嘮別,關渡,73-12
北投區,關渡,二,660,北投區,嗄嘮別,關渡,151-62
北投區,關渡,二,661,北投區,嗄嘮別,關渡,151-145
北投區,關渡,二,662,北投區,嗄嘮別,關渡,151-219
北投區,關渡,二,663,北投區,嗄嘮別,關渡,151-64
北投區,關渡,二,664,北投區,嗄嘮別,關渡,151-146
北投區,關渡,二,665,北投區,嗄嘮別,關渡,151-65
北投區,關渡,二,666,北投區,嗄嘮別,關渡,151-125
北投區,關渡,二,667,北投區,嗄嘮別,關渡,151-23
北投區,關渡,二,668,北投區,嗄嘮別,關渡,151-22
北投區,關渡,二,669,北投區,嗄嘮別,關渡,151-124
北投區,關渡,二,67,北投區,嗄嘮別,關渡,73-9
北投區,關渡,二,670,北投區,嗄嘮別,關渡,151-21
北投區,關渡,二,672,北投區,嗄嘮別,關渡,151-27
北投區,關渡,二,673,北投區,嗄嘮別,關渡,151-128
北投區,關渡,二,674,北投區,嗄嘮別,關渡,151-26
北投區,關渡,二,675,北投區,嗄嘮別,關渡,151-127
北投區,關渡,二,676,北投區,嗄嘮別,關渡,151-25
北投區,關渡,二,677,北投區,嗄嘮別,關渡,151-126
北投區,關渡,二,678,北投區,嗄嘮別,關渡,151-24
北投區,關渡,二,679,北投區,嗄嘮別,關渡,151-149
北投區,關渡,二,68,北投區,嗄嘮別,關渡,73-8
北投區,關渡,二,680,北投區,嗄嘮別,關渡,151-186
北投區,關渡,二,681,北投區,嗄嘮別,關渡,151-187
北投區,關渡,二,682,北投區,嗄嘮別,關渡,151-68
北投區,關渡,二,683,北投區,嗄嘮別,關渡,151-150
北投區,關渡,二,684,北投區,嗄嘮別,關渡,151-69
北投區,關渡,二,685,北投區,嗄嘮別,關渡,151-151
北投區,關渡,二,686,北投區,嗄嘮別,關渡,151-77
北投區,關渡,二,687,北投區,嗄嘮別,關渡,151-153
北投區,關渡,二,688,北投區,嗄嘮別,關渡,151-93
北投區,關渡,二,689,北投區,嗄嘮別,關渡,151-154
北投區,關渡,二,69,北投區,嗄嘮別,關渡,74-13
北投區,關渡,二,690,北投區,嗄嘮別,關渡,151-94
北投區,關渡,二,691,北投區,嗄嘮別,關渡,151-70
北投區,關渡,二,692,北投區,嗄嘮別,關渡,151-54
北投區,關渡,二,692-1,北投區,嗄嘮別,關渡,151-54
北投區,關渡,二,693,北投區,嗄嘮別,關渡,151-54
北投區,關渡,二,694,北投區,嗄嘮別,關渡,151-122
北投區,關渡,二,695,北投區,嗄嘮別,關渡,151-174
北投區,關渡,二,696,北投區,嗄嘮別,關渡,151-176
北投區,關渡,二,697,北投區,嗄嘮別,關渡,151-84
北投區,關渡,二,70,北投區,嗄嘮別,關渡,74-11
北投區,關渡,二,700,北投區,嗄嘮別,關渡,151-86
北投區,關渡,二,701,北投區,嗄嘮別,關渡,151-55
北投區,關渡,二,702,北投區,嗄嘮別,關渡,151-28
北投區,關渡,二,703,北投區,嗄嘮別,關渡,151-85
北投區,關渡,二,704,北投區,嗄嘮別,關渡,151-140
北投區,關渡,二,705,北投區,嗄嘮別,關渡,151-129
北投區,關渡,二,706,北投區,嗄嘮別,關渡,151-172
北投區,關渡,二,707,北投區,嗄嘮別,關渡,151-173
北投區,關渡,二,708,北投區,嗄嘮別,關渡,151-175
北投區,關渡,二,709,北投區,嗄嘮別,關渡,151-29
北投區,關渡,二,71,北投區,嗄嘮別,關渡,70-3
北投區,關渡,二,710,北投區,嗄嘮別,關渡,151-130
北投區,關渡,二,711,北投區,嗄嘮別,關渡,151-41
北投區,關渡,二,712,北投區,嗄嘮別,關渡,151-105
北投區,關渡,二,713,北投區,嗄嘮別,關渡,151-40
北投區,關渡,二,714,北投區,嗄嘮別,關渡,151-30
北投區,關渡,二,715,北投區,嗄嘮別,關渡,151-131
北投區,關渡,二,716,北投區,嗄嘮別,關渡,151-31
北投區,關渡,二,717,北投區,嗄嘮別,關渡,151-132
北投區,關渡,二,718,北投區,嗄嘮別,關渡,151-39
北投區,關渡,二,719,北投區,嗄嘮別,關渡,151-192
北投區,關渡,二,72,北投區,嗄嘮別,關渡,70-2
北投區,關渡,二,720,北投區,嗄嘮別,關渡,151-133
北投區,關渡,二,721,北投區,嗄嘮別,關渡,151-32
北投區,關渡,二,722,北投區,嗄嘮別,關渡,151-38
北投區,關渡,二,724,北投區,嗄嘮別,關渡,151-221
北投區,關渡,二,725,北投區,嗄嘮別,關渡,151-33
北投區,關渡,二,726,北投區,嗄嘮別,關渡,151-177
北投區,關渡,二,727,北投區,嗄嘮別,關渡,151-37
北投區,關渡,二,728,北投區,嗄嘮別,關渡,151-211
北投區,關渡,二,729,北投區,嗄嘮別,關渡,151-35
北投區,關渡,二,73,北投區,嗄嘮別,關渡,68-33
北投區,關渡,二,730,北投區,嗄嘮別,關渡,151-207
北投區,關渡,二,731,北投區,嗄嘮別,關渡,151-34
北投區,關渡,二,732,北投區,嗄嘮別,關渡,151-162
北投區,關渡,二,733,北投區,嗄嘮別,關渡,151-36
北投區,關渡,二,734,北投區,嗄嘮別,關渡,151-208
北投區,關渡,二,735,北投區,嗄嘮別,關渡,151-59
北投區,關渡,二,736,北投區,嗄嘮別,關渡,151-161
北投區,關渡,二,737,北投區,嗄嘮別,關渡,151-58
北投區,關渡,二,738,北投區,嗄嘮別,關渡,151-199
北投區,關渡,二,74,北投區,嗄嘮別,關渡,68-47
北投區,關渡,二,740,北投區,嗄嘮別,關渡,151-72
北投區,關渡,二,741,北投區,嗄嘮別,關渡,151-160
北投區,關渡,二,742,北投區,嗄嘮別,關渡,151-73
北投區,關渡,二,743,北投區,嗄嘮別,關渡,151-159
北投區,關渡,二,744,北投區,嗄嘮別,關渡,151-52
北投區,關渡,二,745,北投區,嗄嘮別,關渡,151-76
北投區,關渡,二,746,北投區,嗄嘮別,關渡,151-158
北投區,關渡,二,747,北投區,嗄嘮別,關渡,151-95
北投區,關渡,二,748,北投區,嗄嘮別,關渡,151-155
北投區,關渡,二,749,北投區,嗄嘮別,關渡,151-156
北投區,關渡,二,75,北投區,嗄嘮別,關渡,68-48
北投區,關渡,二,750,北投區,嗄嘮別,關渡,151-2
北投區,關渡,二,751,北投區,嗄嘮別,關渡,151-97
北投區,關渡,二,752,北投區,嗄嘮別,關渡,151-50
北投區,關渡,二,753,北投區,嗄嘮別,關渡,151-193
北投區,關渡,二,754,北投區,嗄嘮別,關渡,151-194
北投區,關渡,二,755,北投區,嗄嘮別,關渡,151-49
北投區,關渡,二,756,北投區,嗄嘮別,關渡,151-138
北投區,關渡,二,757,北投區,嗄嘮別,關渡,151-215
北投區,關渡,二,758,北投區,嗄嘮別,關渡,151-214
北投區,關渡,二,759,北投區,嗄嘮別,關渡,151-48
北投區,關渡,二,76,北投區,嗄嘮別,關渡,68-49
北投區,關渡,二,760,北投區,嗄嘮別,關渡,151-137
北投區,關渡,二,761,北投區,嗄嘮別,關渡,151-218
北投區,關渡,二,762,北投區,嗄嘮別,關渡,151-217
北投區,關渡,二,763,北投區,嗄嘮別,關渡,151-45
北投區,關渡,二,764,北投區,嗄嘮別,關渡,151-136
北投區,關渡,二,767,北投區,嗄嘮別,關渡,151-44
北投區,關渡,二,768,北投區,嗄嘮別,關渡,151-135
北投區,關渡,二,769,北投區,嗄嘮別,關渡,151-42
北投區,關渡,二,77,北投區,嗄嘮別,關渡,68-35
北投區,關渡,二,770,北投區,嗄嘮別,關渡,151-100
北投區,關渡,二,771,北投區,嗄嘮別,關渡,151-178
北投區,關渡,二,772,北投區,嗄嘮別,關渡,151-179
北投區,關渡,二,773,北投區,嗄嘮別,關渡,151-180
北投區,關渡,二,774,北投區,嗄嘮別,關渡,151-181
北投區,關渡,二,775,北投區,嗄嘮別,關渡,151-101
北投區,關渡,二,776,北投區,嗄嘮別,關渡,151-226
北投區,關渡,二,777,北投區,嗄嘮別,關渡,151-167
北投區,關渡,二,778,北投區,嗄嘮別,關渡,151-43
北投區,關渡,二,779,北投區,嗄嘮別,關渡,151-224
北投區,關渡,二,78,北投區,嗄嘮別,關渡,68-28
北投區,關渡,二,780,北投區,嗄嘮別,關渡,151-46
北投區,關渡,二,781,北投區,嗄嘮別,關渡,151-47
北投區,關渡,二,782,北投區,嗄嘮別,關渡,148-44
北投區,關渡,二,783,北投區,嗄嘮別,關渡,49-3
北投區,關渡,二,784,北投區,嗄嘮別,關渡,151-171
北投區,關渡,二,785,北投區,嗄嘮別,關渡,151-171
北投區,關渡,二,786,北投區,嗄嘮別,關渡,151-102
北投區,關渡,二,787,北投區,嗄嘮別,關渡,151-3
北投區,關渡,二,788,北投區,嗄嘮別,關渡,148-42
北投區,關渡,二,79,北投區,嗄嘮別,關渡,68-29
北投區,關渡,二,80,北投區,嗄嘮別,關渡,68-29
北投區,關渡,二,82,北投區,嗄嘮別,關渡,68-30
北投區,關渡,二,83,北投區,嗄嘮別,關渡,68-4
北投區,關渡,二,86,北投區,嗄嘮別,關渡,68-50
北投區,關渡,二,87,北投區,嗄嘮別,關渡,68-52
北投區,關渡,二,88,北投區,嗄嘮別,關渡,68-131
北投區,關渡,二,90,北投區,嗄嘮別,關渡,68-40
北投區,關渡,二,91,北投區,嗄嘮別,關渡,68-37
北投區,關渡,二,92,北投區,嗄嘮別,關渡,68-51
北投區,關渡,二,93,北投區,嗄嘮別,關渡,68-53
北投區,關渡,二,95,北投區,嗄嘮別,關渡,68-41
北投區,關渡,二,96,北投區,嗄嘮別,關渡,68-42
北投區,關渡,二,98,北投區,嗄嘮別,關渡,68-54
